GOV_TYPE,AGNCY_SHORT
American Indian Lands,National
Collaborative Governance,NA
Federal,National
Federal or National Ministry or Agency,National
For-Profit Organizations,Private
Indigenous Peoples,National
Individual Landowners,Private
Joint,NA
Joint Governance,NA
Local Government,NA
National Government,National
Non-Governmental Organization,Private
Non-Profit Organizations,Private
Private,Private
Regional Agency Special District,NA
State,State
Sub-National Government,NA
Territorial,NA
Unknown,NA
