MGMT_AGNCY,AGNCY_SHORT
"Forest Planning & Stewardship Branch, Department of Natural Resources and Energy Development, Government of New Brunswick",State
"Lands Operations Division, Alberta Forestry and Parks",State
Other or Unknown Local Government,NA
Bruce Trail Conservancy,NA
Unknown - Division of Environmental Services,NA
Quinte Conservation Authority,NA
Capital Region District,Local
"Forest Planning & Stewardship Branch, Department of Natural Resources and Energy Development",NA
Credit Valley Conservation Authority,Local
Contact Lead Organization for information about Managing Authority,NA
"NS Environment and Climate Change, private owner(s)",State
NS Department of Natural Resources and Renewables,State
Other or Unknown Local Government - Unknown Local Government,NA
Other or Unknown Local Government - Ocean County Natural Lands Trust,NA
Regional District of Central Okanagan,Local
Central Lake Ontario Conservation Authority,Local
"Joint - Louisville, KY, Jefferson County Environmental Trust, KY",Local
"NS Environment and Climate Change, Nature Conservancy of Canada",State
Niagara Peninsula Conservation Authority,Local
"Other or Unknown Local Government - Parsippany, NJ",Local
Co-Managed,NA
Joint - WV Division of Natural Resources and US Army Corps of Engineers,National
Other or Unknown Local Government - LOC,NA
Cataraqui Region Conservation Authority,NA
"Joint - Minnesota Board of Water and Soil Resources, U.S. Natural Resources Conservation Service",National
State Department of Natural Resources - NJ Department of Environmental Protection,State
"Joint - The Nature Conservancy, VHCB",NA
Lake Simcoe Region Conservation Authority,Local
Other or Unknown Local Government - Lower Colorado River Authority,NA
BC Nature,NA
Dufferin County,Local
Other or Unknown Local Government - Unspecified,NA
Private Landowner; Government of Saskatchewan,State
Unknown - PNP,NA
Hamilton Conservation Authority,Local
Joint - City and County of Broomfield,Local
Joint - City of Richmond Parks and Richmond Dept of Public Works,Local
Joint - Kentucky State Parks; Office of Kentucky Nature Preserves,State
"Joint - Wallkill Valley Land Trust, Open Space Institute",Local
"Joint - Indiana Department of Natural Resources, ACRES Land Trust",State
Joint - Suffolk County / Town of East Hampton,Local
Meewasin Valley Authority,Local
Toronto and Region Conservation Authority,Local
"Unknown - Florida Mitigation Providers, LLC",Private
Joint - City of Aspen/Pitkin County,Local
"Joint - Indiana Department of Natural Resources, Bluffton, IN",State
"Joint - Indiana Department of Natural Resources, Hamilton County Parks Department, IN",State
"Joint - Indiana Department of Natural Resources, NICHES Land Trust",State
"Joint - Indiana Department of Natural Resources, St. Joseph County Parks, IN",State
"Joint - Indiana Department of Natural Resources, Sycamore Land Trust",State
Joint - Kentucky Department of Fish and Wildlife Resources; Office of Kentucky Nature Preserves,State
"Joint - North Carolina State University, NC Department of Environment and Natural Resources",State
Palau Government,NA
"Toronto and Region Conservation Authority, Town of Ajax",Local
Unknown - Bureau of Forestry,NA
Unknown - EarthBalance,NA
Upper Thames River Conservation Authority,Local
Ausable Bayfield Conservation Authority,Local
Guam Government - Unknown,NA
Joint,NA
Joint - City and County of Denver,Local
Joint - City and County of Honolulu,Local
Joint - City of Milford and Little Miami Inc.,Local
Joint - Co-manejo: DRNA y Taller de Arte y Cultura de Adjuntas,NA
"Joint - HeartLands Conservancy, Illinois Department of Natural Resources",State
"Joint - Indiana Department of Natural Resources, Heritage Park Conservancy",State
"Joint - Indiana Department of Natural Resources, LaGrange County Parks and Recreation Department, IN",State
"Joint - Indiana Department of Natural Resources, Lake County Park Board, IN",State
"Joint - Indiana Department of Natural Resources, West Lafayette Parks and Recreation, IN",State
"Joint - Monadnock Conservancy, Harris Center for Conservation Education",NA
Joint - Murray State University; Kentucky State Nature Preserves Commission,State
"Joint - North Carolina Botanical Garden Foundation, NC Department of Environment and Natural Resources",State
"Joint - Scenic Hudson Land Trust, Hudson Highlands Land Trust",NA
"Joint - The Nature Conservancy, Maryland Environmental Trust",NA
"NS Environment and Climate Change, Nova Scotia Nature Trust",State
Nottawasaga Valley Conservation Authority,Local
Ontario Heritage Trust,NA
Other or Unknown Local Government - Brookhaven,NA
Other or Unknown Local Government - Fort Worth Nature Center and Refuge,Local
Other or Unknown Local Government - Springfield Township,Local
Other or Unknown Local Government - Unknown,NA
South Nation Conservation,NA
Unknown - STP,NA
Unknown - Westervelt Ecological Services,Private
