TYPE_PA,AGNCY_SHORT
Federal Other or Unknown,National
Local Conservation Area,Local
Local Historic or Cultural Area,Local
Local Park,Local
Local Recreation Area,Local
Local Resource Management Area,Local
Municipal Heritage/Natural Area,Local
Municipal Stewardship Area,Local
"Nature Reserve, Ownership by Environmental Non-Governmental Organization",Private
Private Conservation,Private
Private Conservation Lands,Private
Private Historic or Cultural,Private
Private Recreation or Education,Private
Privately Owned Conservation Area,Private
Provincial Forest,State
Provincial Park,State
Provincial Pasture,State
Provincial Plan Protected Area,State
Provincial Recreation Area,State
Provincial Wildlife Management Area,State
Provincially Owned Natural Area,State
Provincially Significant Peatland,State
Quebec's National Park,State
Quebec's National Park Reserve,State
State Conservation Area,State
State Historic or Cultural Area,State
State Park,State
State Recreation Area,State
State Resource Management Area,State
State Wilderness,State
"Wilderness Area, Ownership by Environmental Non-Governmental Organization",Private
