"gbifID","species","longitude","latitude","year","month","day","countryCode","accepted_name","bio1"
2573341933,"Aletes acaulis",-105.23963,40.4244,2001,5,26,"US","Aletes acaulis",9.07994842529297
1258970040,"Aletes acaulis",-105.23333,40.41666,2000,4,28,"US","Aletes acaulis",9.11971473693848
2573434499,"Aletes acaulis",-105.3017,39.9889,2015,5,14,"US","Aletes acaulis",7.29149532318115
3892762598,"Aletes acaulis",-107.266861,39.946278,2003,7,9,"US","Aletes acaulis",-0.314399689435959
3462358326,"Aletes acaulis",-105.2438,39.7522,2020,6,3,"US","Aletes acaulis",9.62185096740723
2242375766,"Aletes acaulis",-105.373806,39.743719,2000,6,8,"US","Aletes acaulis",6.96875858306885
3892761039,"Aletes acaulis",-105.2386,39.732488,2016,6,4,"US","Aletes acaulis",8.63149547576904
2242398181,"Aletes acaulis",-108.31753,39.3569109990747,2011,6,14,"US","Aletes acaulis",9.88533020019531
3798108039,"Aletes acaulis",-106.9,35.92,2002,6,25,"US","Aletes acaulis",8.68900871276855
1849154066,"Aletes acaulis",-105.7893,35.8023,2003,7,27,"US","Aletes acaulis",2.90505290031433
1843895069,"Aletes acaulis",-106.694,35.739,2003,6,14,"US","Aletes acaulis",10.6473112106323
3460949323,"Aletes acaulis",-104.52395,35.62381,2021,6,5,"US","Aletes acaulis",12.4586763381958
1843901359,"Aletes acaulis",-106.409861601993,34.9746243052105,2006,7,24,"US","Aletes acaulis",10.9237899780273
