"gbifID","species","longitude","latitude","year","month","day","countryCode","basisOfRecord","accepted_name"
4413804363,"Amelanchier canadensis",-68.190099,48.585587,2023,7,15,"CA","HUMAN_OBSERVATION","Amelanchier canadensis"
3949729181,"Amelanchier canadensis",-71.778642,48.539778,2021,7,30,"CA","HUMAN_OBSERVATION","Amelanchier canadensis"
2645013218,"Amelanchier canadensis",-71.0325,48.4125,2019,6,1,"CA","HUMAN_OBSERVATION","Amelanchier canadensis"
668795972,"Amelanchier canadensis",-68.80031,48.344582,2006,6,23,"CA","PRESERVED_SPECIMEN","Amelanchier canadensis"
2643906848,"Amelanchier canadensis",-64.697051,48.321906,2019,7,31,"CA","HUMAN_OBSERVATION","Amelanchier canadensis"
3949107391,"Amelanchier canadensis",-65.908572,48.201133,2019,8,2,"CA","HUMAN_OBSERVATION","Amelanchier canadensis"
3949227827,"Amelanchier canadensis",-69.731579,48.143946,2021,7,3,"CA","HUMAN_OBSERVATION","Amelanchier canadensis"
1248690094,"Amelanchier canadensis",-69.45,47.883333,2006,6,14,"CA","PRESERVED_SPECIMEN","Amelanchier canadensis"
3949532953,"Amelanchier canadensis",-69.532814,47.835156,2022,7,27,"CA","HUMAN_OBSERVATION","Amelanchier canadensis"
2974631516,"Amelanchier canadensis",-69.437483,47.798115,2020,7,28,"CA","HUMAN_OBSERVATION","Amelanchier canadensis"
4512823986,"Amelanchier canadensis",-64.89075,47.82632,2015,6,13,"CA","PRESERVED_SPECIMEN","Amelanchier canadensis"
2643870247,"Amelanchier canadensis",-70.161372,47.689818,2019,8,1,"CA","HUMAN_OBSERVATION","Amelanchier canadensis"
2974613982,"Amelanchier canadensis",-69.776868,47.601321,2020,7,15,"CA","HUMAN_OBSERVATION","Amelanchier canadensis"
4132064594,"Amelanchier canadensis",-70.206694,47.560278,2021,5,18,"CA","PRESERVED_SPECIMEN","Amelanchier canadensis"
1803151354,"Amelanchier canadensis",-69.845833,47.531111,2003,5,27,"CA","PRESERVED_SPECIMEN","Amelanchier canadensis"
3949269259,"Amelanchier canadensis",-70.515058,47.441302,2021,7,23,"CA","HUMAN_OBSERVATION","Amelanchier canadensis"
4512895096,"Amelanchier canadensis",-66.51154,47.39814,2016,8,14,"CA","PRESERVED_SPECIMEN","Amelanchier canadensis"
3949543363,"Amelanchier canadensis",-70.14642,47.311715,2022,7,28,"CA","HUMAN_OBSERVATION","Amelanchier canadensis"
3949146222,"Amelanchier canadensis",-70.293664,47.158055,2021,5,12,"CA","HUMAN_OBSERVATION","Amelanchier canadensis"
4121044809,"Amelanchier canadensis",-65.827463,46.943641,2023,5,22,"CA","HUMAN_OBSERVATION","Amelanchier canadensis"
2643947355,"Amelanchier canadensis",-71.3018,46.847001,2019,8,3,"CA","HUMAN_OBSERVATION","Amelanchier canadensis"
3949000022,"Amelanchier canadensis",-71.221455,46.80088,2020,5,25,"CA","HUMAN_OBSERVATION","Amelanchier canadensis"
4512823856,"Amelanchier canadensis",-64.75403,46.67678,2007,6,15,"CA","PRESERVED_SPECIMEN","Amelanchier canadensis"
2645381207,"Amelanchier canadensis",-75.313173,46.494581,2019,8,2,"CA","HUMAN_OBSERVATION","Amelanchier canadensis"
2645473797,"Amelanchier canadensis",-72.702702,46.490545,2019,7,25,"CA","HUMAN_OBSERVATION","Amelanchier canadensis"
3949020154,"Amelanchier canadensis",-63.126351,46.422262,2020,7,27,"CA","HUMAN_OBSERVATION","Amelanchier canadensis"
2645366906,"Amelanchier canadensis",-72.53811,46.381174,2019,7,20,"CA","HUMAN_OBSERVATION","Amelanchier canadensis"
3949510662,"Amelanchier canadensis",-71.274249,46.256539,2021,5,15,"CA","HUMAN_OBSERVATION","Amelanchier canadensis"
3949644865,"Amelanchier canadensis",-71.310298,46.180409,2021,5,15,"CA","HUMAN_OBSERVATION","Amelanchier canadensis"
2859069409,"Amelanchier canadensis",-62.754444,46.204722,2000,7,10,"CA","PRESERVED_SPECIMEN","Amelanchier canadensis"
3949903972,"Amelanchier canadensis",-62.821947,46.161536,2022,7,23,"CA","HUMAN_OBSERVATION","Amelanchier canadensis"
2974599452,"Amelanchier canadensis",-71.296797,46.088058,2020,7,1,"CA","HUMAN_OBSERVATION","Amelanchier canadensis"
2644648446,"Amelanchier canadensis",-73.705023,46.029196,2018,5,18,"CA","HUMAN_OBSERVATION","Amelanchier canadensis"
2644971736,"Amelanchier canadensis",-73.611159,46.041165,2019,5,24,"CA","HUMAN_OBSERVATION","Amelanchier canadensis"
4133700770,"Amelanchier canadensis",-62.868763,46.039176,2023,6,6,"CA","HUMAN_OBSERVATION","Amelanchier canadensis"
1668788638,"Amelanchier canadensis",-66.650734,45.966245,2015,7,11,"CA","HUMAN_OBSERVATION","Amelanchier canadensis"
3997842561,"Amelanchier canadensis",-63.879534,45.958574,2022,8,9,"CA","HUMAN_OBSERVATION","Amelanchier canadensis"
3949641982,"Amelanchier canadensis",-74.144951,45.946167,2022,6,26,"CA","HUMAN_OBSERVATION","Amelanchier canadensis"
4512844362,"Amelanchier canadensis",-64.53013,45.9108,2009,5,25,"CA","PRESERVED_SPECIMEN","Amelanchier canadensis"
4009851445,"Amelanchier canadensis",-63.556466,45.815436,2022,6,5,"CA","HUMAN_OBSERVATION","Amelanchier canadensis"
3949567195,"Amelanchier canadensis",-74.063118,45.769618,2021,6,22,"CA","HUMAN_OBSERVATION","Amelanchier canadensis"
4121090769,"Amelanchier canadensis",-64.239433,45.71032,2023,5,20,"CA","HUMAN_OBSERVATION","Amelanchier canadensis"
3949186069,"Amelanchier canadensis",-73.823978,45.677323,2021,5,31,"CA","HUMAN_OBSERVATION","Amelanchier canadensis"
3949757890,"Amelanchier canadensis",-73.520217,45.690393,2021,6,21,"CA","HUMAN_OBSERVATION","Amelanchier canadensis"
3881522503,"Amelanchier canadensis",-75.672333,45.65665,2022,7,17,"CA","HUMAN_OBSERVATION","Amelanchier canadensis"
2974420418,"Amelanchier canadensis",-74.604865,45.625948,2020,8,24,"CA","HUMAN_OBSERVATION","Amelanchier canadensis"
4535607739,"Amelanchier canadensis",-73.80877,45.632346,2023,5,9,"CA","HUMAN_OBSERVATION","Amelanchier canadensis"
3949125831,"Amelanchier canadensis",-72.849146,45.652624,2021,4,28,"CA","HUMAN_OBSERVATION","Amelanchier canadensis"
2974403911,"Amelanchier canadensis",-73.673559,45.545239,2020,7,14,"CA","HUMAN_OBSERVATION","Amelanchier canadensis"
3949322052,"Amelanchier canadensis",-73.642473,45.571776,2021,9,27,"CA","HUMAN_OBSERVATION","Amelanchier canadensis"
3949923377,"Amelanchier canadensis",-73.169775,45.561334,2022,7,16,"CA","HUMAN_OBSERVATION","Amelanchier canadensis"
3949306382,"Amelanchier canadensis",-76.090831,45.502452,2021,9,3,"CA","HUMAN_OBSERVATION","Amelanchier canadensis"
3949779956,"Amelanchier canadensis",-73.707327,45.509382,2021,7,19,"CA","HUMAN_OBSERVATION","Amelanchier canadensis"
2974324392,"Amelanchier canadensis",-73.56904,45.535998,2020,5,18,"CA","HUMAN_OBSERVATION","Amelanchier canadensis"
3949879477,"Amelanchier canadensis",-73.440235,45.519223,2022,6,19,"CA","HUMAN_OBSERVATION","Amelanchier canadensis"
2974363797,"Amelanchier canadensis",-73.280295,45.52556,2020,6,26,"CA","HUMAN_OBSERVATION","Amelanchier canadensis"
3949485240,"Amelanchier canadensis",-74.144972,45.462229,2022,6,16,"CA","HUMAN_OBSERVATION","Amelanchier canadensis"
3949880123,"Amelanchier canadensis",-73.596612,45.4983,2022,6,24,"CA","HUMAN_OBSERVATION","Amelanchier canadensis"
3949400029,"Amelanchier canadensis",-73.472418,45.462706,2021,8,4,"CA","HUMAN_OBSERVATION","Amelanchier canadensis"
1248743545,"Amelanchier canadensis",-72.744856,45.472925,2011,5,9,"CA","PRESERVED_SPECIMEN","Amelanchier canadensis"
4901680554,"Amelanchier canadensis",-75.70034,45.419548,2024,6,20,"CA","HUMAN_OBSERVATION","Amelanchier canadensis"
3949260787,"Amelanchier canadensis",-73.556817,45.456683,2021,5,2,"CA","HUMAN_OBSERVATION","Amelanchier canadensis"
3860546352,"Amelanchier canadensis",-75.672798,45.40139,2022,6,28,"CA","HUMAN_OBSERVATION","Amelanchier canadensis"
4112212439,"Amelanchier canadensis",-72.998497,45.269058,2023,5,5,"CA","HUMAN_OBSERVATION","Amelanchier canadensis"
2974527938,"Amelanchier canadensis",-72.159788,45.286258,2020,5,31,"CA","HUMAN_OBSERVATION","Amelanchier canadensis"
4512863353,"Amelanchier canadensis",-66.066657,45.25001,2003,6,17,"CA","PRESERVED_SPECIMEN","Amelanchier canadensis"
2802818759,"Amelanchier canadensis",-75.255144,45.156793,2020,6,6,"CA","HUMAN_OBSERVATION","Amelanchier canadensis"
3947399906,"Amelanchier canadensis",-73.868546,45.093224,2022,10,7,"CA","HUMAN_OBSERVATION","Amelanchier canadensis"
3949270309,"Amelanchier canadensis",-74.748607,45.019406,2021,5,6,"CA","HUMAN_OBSERVATION","Amelanchier canadensis"
4154000550,"Amelanchier canadensis",-78.481775,44.946434,2023,7,9,"CA","HUMAN_OBSERVATION","Amelanchier canadensis"
1927933247,"Amelanchier canadensis",-67.099797,44.733422,2014,5,22,"US","PRESERVED_SPECIMEN","Amelanchier canadensis"
3949200987,"Amelanchier canadensis",-74.989433,44.668008,2021,6,12,"US","HUMAN_OBSERVATION","Amelanchier canadensis"
3873680922,"Amelanchier canadensis",-63.620828,44.637174,2022,7,10,"CA","HUMAN_OBSERVATION","Amelanchier canadensis"
2974545748,"Amelanchier canadensis",-67.863314,44.535456,2020,6,16,"US","HUMAN_OBSERVATION","Amelanchier canadensis"
4936913576,"Amelanchier canadensis",-65.256825,44.444784,2022,5,23,"CA","HUMAN_OBSERVATION","Amelanchier canadensis"
4442437175,"Amelanchier canadensis",-70.656096,44.396673,2023,5,5,"US","HUMAN_OBSERVATION","Amelanchier canadensis"
2573124691,"Amelanchier canadensis",-68.08901,44.37706,2002,6,25,"US","PRESERVED_SPECIMEN","Amelanchier canadensis"
3970635312,"Amelanchier canadensis",-68.0656,44.39458,2002,6,25,"US","PRESERVED_SPECIMEN","Amelanchier canadensis"
4103016421,"Amelanchier canadensis",-79.666519,44.366829,2023,5,1,"CA","HUMAN_OBSERVATION","Amelanchier canadensis"
2645006236,"Amelanchier canadensis",-71.517528,44.251358,2019,5,26,"US","HUMAN_OBSERVATION","Amelanchier canadensis"
4955685781,"Amelanchier canadensis",-71.74777,44.22694,2015,5,24,"US","PRESERVED_SPECIMEN","Amelanchier canadensis"
2860147342,"Amelanchier canadensis",-65.018248,43.980404,2019,6,5,"CA","HUMAN_OBSERVATION","Amelanchier canadensis"
3949497876,"Amelanchier canadensis",-74.335646,43.80256,2022,6,20,"US","HUMAN_OBSERVATION","Amelanchier canadensis"
3873001566,"Amelanchier canadensis",-79.473183,43.632488,2022,4,2,"CA","HUMAN_OBSERVATION","Amelanchier canadensis"
4855005076,"Amelanchier canadensis",-79.674096,43.565611,2024,4,29,"CA","HUMAN_OBSERVATION","Amelanchier canadensis"
1929982797,"Amelanchier canadensis",-73.827083,43.542375,2011,6,18,"US","PRESERVED_SPECIMEN","Amelanchier canadensis"
4515816349,"Amelanchier canadensis",-75.958333,43.504167,2001,5,10,"US","PRESERVED_SPECIMEN","Amelanchier canadensis"
3858441415,"Amelanchier canadensis",-80.562239,43.497144,2022,6,4,"CA","HUMAN_OBSERVATION","Amelanchier canadensis"
4515818347,"Amelanchier canadensis",-76.4925,43.473611,2014,5,15,"US","PRESERVED_SPECIMEN","Amelanchier canadensis"
4955655571,"Amelanchier canadensis",-70.54527,43.38388,2003,5,13,"US","PRESERVED_SPECIMEN","Amelanchier canadensis"
3763386562,"Amelanchier canadensis",-79.902587,43.284415,2017,11,21,"CA","PRESERVED_SPECIMEN","Amelanchier canadensis"
2974380638,"Amelanchier canadensis",-77.610454,43.216171,2020,7,12,"US","HUMAN_OBSERVATION","Amelanchier canadensis"
2974508304,"Amelanchier canadensis",-71.416129,43.156437,2020,5,11,"US","HUMAN_OBSERVATION","Amelanchier canadensis"
4955690390,"Amelanchier canadensis",-70.64777,43.16194,2002,6,7,"US","PRESERVED_SPECIMEN","Amelanchier canadensis"
3949334958,"Amelanchier canadensis",-70.760014,43.071669,2021,10,20,"US","HUMAN_OBSERVATION","Amelanchier canadensis"
3096901885,"Amelanchier canadensis",-71.380477,42.99402,2001,5,3,"US","PRESERVED_SPECIMEN","Amelanchier canadensis"
4103310969,"Amelanchier canadensis",-81.24862,42.948881,2023,4,30,"CA","HUMAN_OBSERVATION","Amelanchier canadensis"
3949113653,"Amelanchier canadensis",-70.964934,42.926641,2021,4,22,"US","HUMAN_OBSERVATION","Amelanchier canadensis"
4111670707,"Amelanchier canadensis",-81.197128,42.891383,2023,5,1,"CA","HUMAN_OBSERVATION","Amelanchier canadensis"
2974401257,"Amelanchier canadensis",-71.312136,42.879939,2020,7,15,"US","HUMAN_OBSERVATION","Amelanchier canadensis"
1030500424,"Amelanchier canadensis",-84.471067,42.7188,2013,7,9,"US","PRESERVED_SPECIMEN","Amelanchier canadensis"
4096484455,"Amelanchier canadensis",-70.629313,42.690928,2022,4,22,"US","HUMAN_OBSERVATION","Amelanchier canadensis"
4891984759,"Amelanchier canadensis",-70.817547,42.589733,2024,4,29,"US","HUMAN_OBSERVATION","Amelanchier canadensis"
3949339600,"Amelanchier canadensis",-70.887296,42.527281,2021,6,18,"US","HUMAN_OBSERVATION","Amelanchier canadensis"
3859316675,"Amelanchier canadensis",-70.786537,42.53673,2022,6,29,"US","HUMAN_OBSERVATION","Amelanchier canadensis"
3117754284,"Amelanchier canadensis",-71.996697,42.461406,2021,5,15,"US","HUMAN_OBSERVATION","Amelanchier canadensis"
1930421100,"Amelanchier canadensis",-76.4846,42.443039,2007,4,29,"US","PRESERVED_SPECIMEN","Amelanchier canadensis"
4875047883,"Amelanchier canadensis",-71.0981,42.3834,2024,5,21,"US","HUMAN_OBSERVATION","Amelanchier canadensis"
3949648642,"Amelanchier canadensis",-78.373002,42.305074,2022,7,1,"US","HUMAN_OBSERVATION","Amelanchier canadensis"
4955669519,"Amelanchier canadensis",-71.53333,42.3,2005,5,3,"US","PRESERVED_SPECIMEN","Amelanchier canadensis"
3328015619,"Amelanchier canadensis",-72.35523,42.276709,2020,5,4,"US","HUMAN_OBSERVATION","Amelanchier canadensis"
4978266784,"Amelanchier canadensis",-71.340407,42.255961,2023,6,11,"US","HUMAN_OBSERVATION","Amelanchier canadensis"
3949617427,"Amelanchier canadensis",-71.306175,42.274758,2021,4,24,"US","HUMAN_OBSERVATION","Amelanchier canadensis"
2974573150,"Amelanchier canadensis",-88.126257,42.158415,2020,7,8,"US","HUMAN_OBSERVATION","Amelanchier canadensis"
3949313896,"Amelanchier canadensis",-72.577997,42.07425,2021,9,5,"US","HUMAN_OBSERVATION","Amelanchier canadensis"
3949146351,"Amelanchier canadensis",-88.21025,42.015344,2020,6,28,"US","HUMAN_OBSERVATION","Amelanchier canadensis"
4430371351,"Amelanchier canadensis",-73.135549,42.026973,2019,5,6,"US","HUMAN_OBSERVATION","Amelanchier canadensis"
3772562667,"Amelanchier canadensis",-70.875378,42.011048,2022,5,5,"US","HUMAN_OBSERVATION","Amelanchier canadensis"
4955680183,"Amelanchier canadensis",-71.74523,41.98193,2013,5,4,"US","PRESERVED_SPECIMEN","Amelanchier canadensis"
4062676323,"Amelanchier canadensis",-71.438095,41.963252,2021,4,20,"US","HUMAN_OBSERVATION","Amelanchier canadensis"
3949768809,"Amelanchier canadensis",-90.099972,41.954306,2021,9,25,"US","HUMAN_OBSERVATION","Amelanchier canadensis"
1503276527,"Amelanchier canadensis",-88.7649,41.9326,2012,3,30,"US","PRESERVED_SPECIMEN","Amelanchier canadensis"
2974382669,"Amelanchier canadensis",-87.735508,41.958011,2020,6,25,"US","HUMAN_OBSERVATION","Amelanchier canadensis"
3949495488,"Amelanchier canadensis",-88.095768,41.869751,2022,6,16,"US","HUMAN_OBSERVATION","Amelanchier canadensis"
4872638568,"Amelanchier canadensis",-70.682201,41.844547,2024,5,12,"US","HUMAN_OBSERVATION","Amelanchier canadensis"
4515820938,"Amelanchier canadensis",-74.013889,41.830556,2014,5,3,"US","PRESERVED_SPECIMEN","Amelanchier canadensis"
4955585835,"Amelanchier canadensis",-72.51388,41.81333,2003,4,28,"US","PRESERVED_SPECIMEN","Amelanchier canadensis"
4955592088,"Amelanchier canadensis",-72.2825,41.81222,2011,6,12,"US","PRESERVED_SPECIMEN","Amelanchier canadensis"
4111829681,"Amelanchier canadensis",-70.632583,41.793254,2023,5,4,"US","HUMAN_OBSERVATION","Amelanchier canadensis"
3997787730,"Amelanchier canadensis",-87.58898,41.788896,2022,8,26,"US","HUMAN_OBSERVATION","Amelanchier canadensis"
3408408280,"Amelanchier canadensis",-74.153,41.754,2014,5,2,"US","HUMAN_OBSERVATION","Amelanchier canadensis"
3949334567,"Amelanchier canadensis",-72.555717,41.782375,2021,10,12,"US","HUMAN_OBSERVATION","Amelanchier canadensis"
4955694721,"Amelanchier canadensis",-72.33944,41.78444,2016,4,27,"US","PRESERVED_SPECIMEN","Amelanchier canadensis"
4955569517,"Amelanchier canadensis",-72.19166,41.76666,2011,5,1,"US","PRESERVED_SPECIMEN","Amelanchier canadensis"
4935869394,"Amelanchier canadensis",-70.7174,41.787442,2024,5,8,"US","HUMAN_OBSERVATION","Amelanchier canadensis"
4955696695,"Amelanchier canadensis",-72.20861,41.71055,2016,4,27,"US","PRESERVED_SPECIMEN","Amelanchier canadensis"
4062610314,"Amelanchier canadensis",-71.288498,41.709115,2021,4,27,"US","HUMAN_OBSERVATION","Amelanchier canadensis"
2626321408,"Amelanchier canadensis",-70.021903,41.715033,2020,5,8,"US","HUMAN_OBSERVATION","Amelanchier canadensis"
3949353107,"Amelanchier canadensis",-88.150273,41.681273,2020,4,26,"US","HUMAN_OBSERVATION","Amelanchier canadensis"
4855237208,"Amelanchier canadensis",-72.554917,41.674717,2024,4,29,"US","HUMAN_OBSERVATION","Amelanchier canadensis"
4955694879,"Amelanchier canadensis",-72.74083,41.551,2016,4,23,"US","PRESERVED_SPECIMEN","Amelanchier canadensis"
3949609442,"Amelanchier canadensis",-72.58423,41.520866,2021,4,18,"US","HUMAN_OBSERVATION","Amelanchier canadensis"
3947355309,"Amelanchier canadensis",-71.584983,41.465195,2022,10,12,"US","HUMAN_OBSERVATION","Amelanchier canadensis"
3772942524,"Amelanchier canadensis",-71.333428,41.466858,2022,5,4,"US","HUMAN_OBSERVATION","Amelanchier canadensis"
2644925767,"Amelanchier canadensis",-89.085825,41.441331,2019,4,25,"US","HUMAN_OBSERVATION","Amelanchier canadensis"
3949607021,"Amelanchier canadensis",-77.501023,41.441752,2021,4,24,"US","HUMAN_OBSERVATION","Amelanchier canadensis"
2859507307,"Amelanchier canadensis",-73.616101,41.452797,2008,4,17,"US","PRESERVED_SPECIMEN","Amelanchier canadensis"
4891829155,"Amelanchier canadensis",-72.669061,41.446919,2024,6,4,"US","HUMAN_OBSERVATION","Amelanchier canadensis"
3859400126,"Amelanchier canadensis",-71.45277,41.457108,2022,6,2,"US","HUMAN_OBSERVATION","Amelanchier canadensis"
1038966335,"Amelanchier canadensis",-72.95791,41.3928,2009,4,26,"US","PRESERVED_SPECIMEN","Amelanchier canadensis"
1038990080,"Amelanchier canadensis",-72.969416,41.3605,2009,5,10,"US","PRESERVED_SPECIMEN","Amelanchier canadensis"
1270751626,"Amelanchier canadensis",-72.73493,41.264705,2016,5,7,"US","PRESERVED_SPECIMEN","Amelanchier canadensis"
4853057211,"Amelanchier canadensis",-73.844641,41.112039,2024,4,21,"US","HUMAN_OBSERVATION","Amelanchier canadensis"
2645095968,"Amelanchier canadensis",-73.797264,41.042802,2019,6,7,"US","HUMAN_OBSERVATION","Amelanchier canadensis"
1930322510,"Amelanchier canadensis",-71.92975,41.07472,2015,5,10,"US","PRESERVED_SPECIMEN","Amelanchier canadensis"
4936303488,"Amelanchier canadensis",-71.913142,41.079317,2023,12,16,"US","HUMAN_OBSERVATION","Amelanchier canadensis"
1929805184,"Amelanchier canadensis",-71.86462,41.07085,2016,4,23,"US","PRESERVED_SPECIMEN","Amelanchier canadensis"
1849143034,"Amelanchier canadensis",-72.1041,40.981,2014,5,10,"US","PRESERVED_SPECIMEN","Amelanchier canadensis"
4994497346,"Amelanchier canadensis",-72.075928,40.994678,2024,6,26,"US","HUMAN_OBSERVATION","Amelanchier canadensis"
1841228756,"Amelanchier canadensis",-73.891175,40.9005,2018,4,28,"US","HUMAN_OBSERVATION","Amelanchier canadensis"
4516459764,"Amelanchier canadensis",-73.309288,40.895547,2022,4,27,"US","HUMAN_OBSERVATION","Amelanchier canadensis"
3949214444,"Amelanchier canadensis",-73.129301,40.911859,2021,6,19,"US","HUMAN_OBSERVATION","Amelanchier canadensis"
4607572685,"Amelanchier canadensis",-72.592109,40.893345,2000,5,3,"US","HUMAN_OBSERVATION","Amelanchier canadensis"
3949000116,"Amelanchier canadensis",-78.331617,40.846684,2020,5,28,"US","HUMAN_OBSERVATION","Amelanchier canadensis"
2974402288,"Amelanchier canadensis",-73.878824,40.86285,2020,8,7,"US","HUMAN_OBSERVATION","Amelanchier canadensis"
3773052807,"Amelanchier canadensis",-72.61767,40.833899,2022,5,5,"US","HUMAN_OBSERVATION","Amelanchier canadensis"
1930696122,"Amelanchier canadensis",-73.960561,40.795792,2014,4,26,"US","PRESERVED_SPECIMEN","Amelanchier canadensis"
1848802701,"Amelanchier canadensis",-73.926874,40.791897,2018,6,3,"US","HUMAN_OBSERVATION","Amelanchier canadensis"
1928776949,"Amelanchier canadensis",-73.80225,40.829181,2011,4,30,"US","PRESERVED_SPECIMEN","Amelanchier canadensis"
4847160624,"Amelanchier canadensis",-73.408445,40.792832,2024,4,14,"US","HUMAN_OBSERVATION","Amelanchier canadensis"
1929127525,"Amelanchier canadensis",-73.965752,40.777958,2014,5,2,"US","PRESERVED_SPECIMEN","Amelanchier canadensis"
4597523579,"Amelanchier canadensis",-73.753333,40.76258,2024,3,16,"US","HUMAN_OBSERVATION","Amelanchier canadensis"
3957299580,"Amelanchier canadensis",-74.528492,40.725497,2021,6,9,"US","HUMAN_OBSERVATION","Amelanchier canadensis"
1265579450,"Amelanchier canadensis",-74.487804,40.712492,2016,4,16,"US","HUMAN_OBSERVATION","Amelanchier canadensis"
4116670366,"Amelanchier canadensis",-73.988731,40.741853,2023,5,16,"US","HUMAN_OBSERVATION","Amelanchier canadensis"
4846988674,"Amelanchier canadensis",-73.40823,40.734628,2024,4,14,"US","HUMAN_OBSERVATION","Amelanchier canadensis"
3915518026,"Amelanchier canadensis",-72.987013,40.691325,2022,9,24,"US","HUMAN_OBSERVATION","Amelanchier canadensis"
4851750875,"Amelanchier canadensis",-74.544219,40.652329,2024,4,15,"US","HUMAN_OBSERVATION","Amelanchier canadensis"
1837079825,"Amelanchier canadensis",-74.1736,40.6245,2018,3,20,"US","HUMAN_OBSERVATION","Amelanchier canadensis"
3341249107,"Amelanchier canadensis",-74.130121,40.584721,2002,4,15,"US","PRESERVED_SPECIMEN","Amelanchier canadensis"
1500265128,"Amelanchier canadensis",-74.081339,40.590657,2017,4,17,"US","HUMAN_OBSERVATION","Amelanchier canadensis"
4133877470,"Amelanchier canadensis",-73.893576,40.561947,2023,4,15,"US","HUMAN_OBSERVATION","Amelanchier canadensis"
1500264670,"Amelanchier canadensis",-74.23089,40.540653,2017,4,17,"US","HUMAN_OBSERVATION","Amelanchier canadensis"
3341249100,"Amelanchier canadensis",-74.188482,40.523168,2002,4,15,"US","PRESERVED_SPECIMEN","Amelanchier canadensis"
3949219839,"Amelanchier canadensis",-74.42619,40.470848,2021,6,25,"US","HUMAN_OBSERVATION","Amelanchier canadensis"
1702454765,"Amelanchier canadensis",-74.333335,40.439867,2014,5,24,"US","HUMAN_OBSERVATION","Amelanchier canadensis"
1098896098,"Amelanchier canadensis",-74.271933,40.43317,2015,4,28,"US","HUMAN_OBSERVATION","Amelanchier canadensis"
2974365128,"Amelanchier canadensis",-77.999632,39.927984,2020,6,13,"US","HUMAN_OBSERVATION","Amelanchier canadensis"
2963770005,"Amelanchier canadensis",-74.530472,39.87933,2020,10,24,"US","HUMAN_OBSERVATION","Amelanchier canadensis"
2802919310,"Amelanchier canadensis",-74.083094,39.896057,2016,5,11,"US","HUMAN_OBSERVATION","Amelanchier canadensis"
2840557007,"Amelanchier canadensis",-74.094357,39.803327,2014,6,20,"US","HUMAN_OBSERVATION","Amelanchier canadensis"
2595764902,"Amelanchier canadensis",-74.5307,39.7789,2004,4,27,"US","PRESERVED_SPECIMEN","Amelanchier canadensis"
1500279854,"Amelanchier canadensis",-77.313731,39.708219,2017,4,17,"US","HUMAN_OBSERVATION","Amelanchier canadensis"
3070487591,"Amelanchier canadensis",-75.085189,39.681211,2019,4,13,"US","HUMAN_OBSERVATION","Amelanchier canadensis"
3384613354,"Amelanchier canadensis",-74.250204,39.706897,2019,4,18,"US","HUMAN_OBSERVATION","Amelanchier canadensis"
3109352304,"Amelanchier canadensis",-74.933673,39.567525,2021,4,27,"US","HUMAN_OBSERVATION","Amelanchier canadensis"
3949537133,"Amelanchier canadensis",-88.175858,39.499134,2021,6,1,"US","HUMAN_OBSERVATION","Amelanchier canadensis"
4847099848,"Amelanchier canadensis",-74.5346,39.49458,2024,4,14,"US","HUMAN_OBSERVATION","Amelanchier canadensis"
2237455977,"Amelanchier canadensis",-74.564202,39.377597,2019,4,20,"US","HUMAN_OBSERVATION","Amelanchier canadensis"
1931231857,"Amelanchier canadensis",-74.99639,39.365483,2009,NA,NA,"US","PRESERVED_SPECIMEN","Amelanchier canadensis"
1930492738,"Amelanchier canadensis",-75.00697,39.221767,2009,NA,NA,"US","PRESERVED_SPECIMEN","Amelanchier canadensis"
1930855783,"Amelanchier canadensis",-75.6783,39.1692,2011,4,23,"US","PRESERVED_SPECIMEN","Amelanchier canadensis"
3865085482,"Amelanchier canadensis",-75.661111,39.193889,2009,4,17,"US","PRESERVED_SPECIMEN","Amelanchier canadensis"
4026478808,"Amelanchier canadensis",-78.059952,39.067328,2012,7,30,"US","HUMAN_OBSERVATION","Amelanchier canadensis"
1322897022,"Amelanchier canadensis",-76.8856,39.0617,2001,6,16,"US","PRESERVED_SPECIMEN","Amelanchier canadensis"
1929353596,"Amelanchier canadensis",-75.83394,39.05632,2009,NA,NA,"US","PRESERVED_SPECIMEN","Amelanchier canadensis"
4071088386,"Amelanchier canadensis",-75.82733,39.0664,2009,4,10,"US","PRESERVED_SPECIMEN","Amelanchier canadensis"
2859078458,"Amelanchier canadensis",-77.247131,39.007875,2013,4,14,"US","PRESERVED_SPECIMEN","Amelanchier canadensis"
3415372319,"Amelanchier canadensis",-76.7857,39.03121,2018,4,21,"US","HUMAN_OBSERVATION","Amelanchier canadensis"
4067736863,"Amelanchier canadensis",-77.236493,38.97977,2009,4,23,"US","PRESERVED_SPECIMEN","Amelanchier canadensis"
2974543492,"Amelanchier canadensis",-77.134119,38.875433,2020,6,7,"US","HUMAN_OBSERVATION","Amelanchier canadensis"
3949502428,"Amelanchier canadensis",-77.120417,38.879364,2022,6,25,"US","HUMAN_OBSERVATION","Amelanchier canadensis"
4071088363,"Amelanchier canadensis",-75.94648,38.89474,2009,4,10,"US","PRESERVED_SPECIMEN","Amelanchier canadensis"
4067743144,"Amelanchier canadensis",-75.837232,38.857507,2003,4,16,"US","PRESERVED_SPECIMEN","Amelanchier canadensis"
3772801526,"Amelanchier canadensis",-77.313557,38.831339,2022,4,11,"US","HUMAN_OBSERVATION","Amelanchier canadensis"
1929430608,"Amelanchier canadensis",-75.91554,38.83076,2009,4,NA,"US","PRESERVED_SPECIMEN","Amelanchier canadensis"
4606597501,"Amelanchier canadensis",-77.261475,38.75653,2023,4,2,"US","HUMAN_OBSERVATION","Amelanchier canadensis"
4407499102,"Amelanchier canadensis",-77.137817,38.774494,2023,9,3,"US","HUMAN_OBSERVATION","Amelanchier canadensis"
3773680420,"Amelanchier canadensis",-77.042053,38.790803,2022,5,2,"US","HUMAN_OBSERVATION","Amelanchier canadensis"
1931199094,"Amelanchier canadensis",-75.74567,38.75897,2009,4,13,"US","PRESERVED_SPECIMEN","Amelanchier canadensis"
1930230841,"Amelanchier canadensis",-75.3944,38.7494,2015,6,6,"US","PRESERVED_SPECIMEN","Amelanchier canadensis"
4067743132,"Amelanchier canadensis",-75.800201,38.611669,2001,5,28,"US","PRESERVED_SPECIMEN","Amelanchier canadensis"
1929582563,"Amelanchier canadensis",-75.6447,38.6219,2011,5,2,"US","PRESERVED_SPECIMEN","Amelanchier canadensis"
1321457196,"Amelanchier canadensis",-76.8958,38.5708,2003,10,17,"US","PRESERVED_SPECIMEN","Amelanchier canadensis"
4071088384,"Amelanchier canadensis",-75.810873,38.549188,2009,4,8,"US","PRESERVED_SPECIMEN","Amelanchier canadensis"
1928906323,"Amelanchier canadensis",-75.88523,38.48259,2009,4,NA,"US","PRESERVED_SPECIMEN","Amelanchier canadensis"
1927920189,"Amelanchier canadensis",-75.32,38.4656,2015,6,3,"US","PRESERVED_SPECIMEN","Amelanchier canadensis"
1929994591,"Amelanchier canadensis",-75.0558,38.4978,2015,6,5,"US","PRESERVED_SPECIMEN","Amelanchier canadensis"
4067743147,"Amelanchier canadensis",-75.106573,38.394558,2001,4,26,"US","PRESERVED_SPECIMEN","Amelanchier canadensis"
4067743123,"Amelanchier canadensis",-75.562078,38.310869,2004,5,5,"US","PRESERVED_SPECIMEN","Amelanchier canadensis"
4067743174,"Amelanchier canadensis",-75.448035,38.291867,2004,5,5,"US","PRESERVED_SPECIMEN","Amelanchier canadensis"
1928140937,"Amelanchier canadensis",-75.4628,38.2628,2015,5,26,"US","PRESERVED_SPECIMEN","Amelanchier canadensis"
4067743129,"Amelanchier canadensis",-75.42033,38.24862,2003,5,9,"US","PRESERVED_SPECIMEN","Amelanchier canadensis"
1500323655,"Amelanchier canadensis",-75.160291,38.198552,2017,4,23,"US","HUMAN_OBSERVATION","Amelanchier canadensis"
4133884811,"Amelanchier canadensis",-75.380739,38.065039,2023,6,3,"US","HUMAN_OBSERVATION","Amelanchier canadensis"
1928514776,"Amelanchier canadensis",-75.6389,38.0364,2015,5,31,"US","PRESERVED_SPECIMEN","Amelanchier canadensis"
4067743127,"Amelanchier canadensis",-75.799376,37.966236,2001,5,31,"US","PRESERVED_SPECIMEN","Amelanchier canadensis"
2643607072,"Amelanchier canadensis",-77.189331,37.747894,2019,5,31,"US","HUMAN_OBSERVATION","Amelanchier canadensis"
3948970376,"Amelanchier canadensis",-76.991826,37.541223,2019,3,31,"US","HUMAN_OBSERVATION","Amelanchier canadensis"
2988354765,"Amelanchier canadensis",-76.799137,37.31958,2011,5,20,"US","HUMAN_OBSERVATION","Amelanchier canadensis"
4936611150,"Amelanchier canadensis",-76.040953,36.915039,2024,3,22,"US","HUMAN_OBSERVATION","Amelanchier canadensis"
4416949337,"Amelanchier canadensis",-75.911026,36.664366,2020,9,26,"US","HUMAN_OBSERVATION","Amelanchier canadensis"
1990006633,"Amelanchier canadensis",-84.155681,36.53745,2008,4,11,"US","PRESERVED_SPECIMEN","Amelanchier canadensis"
2517957244,"Amelanchier canadensis",-84.64975,36.395697,2019,9,22,"US","HUMAN_OBSERVATION","Amelanchier canadensis"
4898058054,"Amelanchier canadensis",-79.8195,36.282333,2001,7,14,"US","PRESERVED_SPECIMEN","Amelanchier canadensis"
2640547349,"Amelanchier canadensis",-84.791253,36.060117,2019,5,28,"US","PRESERVED_SPECIMEN","Amelanchier canadensis"
4102700285,"Amelanchier canadensis",-78.980888,35.920571,2023,4,28,"US","HUMAN_OBSERVATION","Amelanchier canadensis"
1990006651,"Amelanchier canadensis",-84.763126,35.900179,2006,4,NA,"US","PRESERVED_SPECIMEN","Amelanchier canadensis"
2825495483,"Amelanchier canadensis",-78.318899,35.690793,2000,4,9,"US","PRESERVED_SPECIMEN","Amelanchier canadensis"
1990006866,"Amelanchier canadensis",-87.265132,35.462076,2004,5,17,"US","PRESERVED_SPECIMEN","Amelanchier canadensis"
3470668605,"Amelanchier canadensis",-78.739508,35.409525,2016,9,22,"US","PRESERVED_SPECIMEN","Amelanchier canadensis"
2242761818,"Amelanchier canadensis",-78.978564,35.212131,2019,4,26,"US","HUMAN_OBSERVATION","Amelanchier canadensis"
1990006594,"Amelanchier canadensis",-87.178698,35.128413,2001,5,12,"US","PRESERVED_SPECIMEN","Amelanchier canadensis"
5028836868,"Amelanchier canadensis",-86.06865,34.94231,2022,4,6,"US","PRESERVED_SPECIMEN","Amelanchier canadensis"
4854927732,"Amelanchier canadensis",-79.442983,34.943173,2024,4,28,"US","HUMAN_OBSERVATION","Amelanchier canadensis"
4873199387,"Amelanchier canadensis",-78.4953,34.7195,2021,3,28,"US","PRESERVED_SPECIMEN","Amelanchier canadensis"
2234394328,"Amelanchier canadensis",-78.441049,34.710827,2004,3,30,"US","PRESERVED_SPECIMEN","Amelanchier canadensis"
1990228556,"Amelanchier canadensis",-77.644028,34.581722,2012,4,9,"US","PRESERVED_SPECIMEN","Amelanchier canadensis"
1848756327,"Amelanchier canadensis",-85.641083,34.36667,2018,5,20,"US","HUMAN_OBSERVATION","Amelanchier canadensis"
3707736717,"Amelanchier canadensis",-88.61618,34.23452,2012,3,6,"US","PRESERVED_SPECIMEN","Amelanchier canadensis"
2417997098,"Amelanchier canadensis",-81.164167,34.149444,2000,3,7,"US","PRESERVED_SPECIMEN","Amelanchier canadensis"
1849174748,"Amelanchier canadensis",-81.0951,34.0858,2000,3,7,"US","PRESERVED_SPECIMEN","Amelanchier canadensis"
1849177685,"Amelanchier canadensis",-80.4681,33.4965,2001,7,12,"US","PRESERVED_SPECIMEN","Amelanchier canadensis"
3344439556,"Amelanchier canadensis",-80.984417,32.229889,2003,3,10,"US","PRESERVED_SPECIMEN","Amelanchier canadensis"
