"gbifID","species","longitude","latitude","year","month","day","countryCode","accepted_name"
3325788461,"Anethum graveolens",-79.89979,43.285323,2021,6,9,"CA","Anethum graveolens"
3335142755,"Anethum graveolens",-123.053385,49.024455,2021,7,30,"CA","Anethum graveolens"
3343994453,"Anethum graveolens",-79.597058,43.667577,2021,8,23,"CA","Anethum graveolens"
2814120610,"Anethum graveolens",-79.430592,43.662862,2020,6,30,"CA","Anethum graveolens"
2818530425,"Anethum graveolens",-73.763679,45.544429,2020,6,14,"CA","Anethum graveolens"
2818727164,"Anethum graveolens",-79.649983,43.504832,2020,7,13,"CA","Anethum graveolens"
2422874648,"Anethum graveolens",-79.287389,43.703632,2019,8,13,"CA","Anethum graveolens"
2641415317,"Anethum graveolens",-79.884755,43.232913,2018,6,22,"CA","Anethum graveolens"
1986503520,"Anethum graveolens",-123.780986,49.482579,2018,8,5,"CA","Anethum graveolens"
3414086388,"Anethum graveolens",-123.117,49.333,2016,8,4,"CA","Anethum graveolens"
1949646001,"Anethum graveolens",-123.471111,48.418611,2007,6,19,"CA","Anethum graveolens"
1949645570,"Anethum graveolens",-124.832222,49.262778,2007,9,6,"CA","Anethum graveolens"
2268872230,"Anethum graveolens",-93.096167,17.179806,2014,11,30,"MX","Anethum graveolens"
3308140574,"Anethum graveolens",-93.0962,17.17981,2014,11,30,"MX","Anethum graveolens"
2629766050,"Anethum graveolens",-92.162,16.222167,2010,4,12,"MX","Anethum graveolens"
3759681721,"Anethum graveolens",-83.214206,33.000908,2022,4,2,"US","Anethum graveolens"
3759764486,"Anethum graveolens",-85.50132,32.604197,2022,4,10,"US","Anethum graveolens"
3760001740,"Anethum graveolens",-99.128459,26.566955,2022,4,12,"US","Anethum graveolens"
3772507184,"Anethum graveolens",-99.128477,26.566952,2022,5,3,"US","Anethum graveolens"
3772840917,"Anethum graveolens",-97.788004,26.008343,2022,5,1,"US","Anethum graveolens"
3112372137,"Anethum graveolens",-84.132045,33.973819,2021,5,1,"US","Anethum graveolens"
3112376019,"Anethum graveolens",-84.344439,33.738473,2021,5,1,"US","Anethum graveolens"
3112459121,"Anethum graveolens",-111.874745,33.32603,2021,5,2,"US","Anethum graveolens"
3307190192,"Anethum graveolens",-97.713547,30.69127,2021,6,13,"US","Anethum graveolens"
3314423116,"Anethum graveolens",-95.4805,30.170442,2021,6,21,"US","Anethum graveolens"
3415406675,"Anethum graveolens",-88.432724,44.268471,2021,6,21,"US","Anethum graveolens"
3698390761,"Anethum graveolens",-71.649161,44.660592,2021,8,3,"US","Anethum graveolens"
3384006707,"Anethum graveolens",-79.944809,40.443462,2021,9,11,"US","Anethum graveolens"
3408193605,"Anethum graveolens",-88.213447,40.112858,2021,10,22,"US","Anethum graveolens"
2818584361,"Anethum graveolens",-92.167272,30.12065,2020,3,30,"US","Anethum graveolens"
2609314981,"Anethum graveolens",-74.725395,40.29488,2020,4,12,"US","Anethum graveolens"
2619910771,"Anethum graveolens",-98.494744,29.493511,2020,4,25,"US","Anethum graveolens"
2619932763,"Anethum graveolens",-112.060986,33.458774,2020,4,23,"US","Anethum graveolens"
2818499394,"Anethum graveolens",-90.132349,32.501265,2020,4,11,"US","Anethum graveolens"
2620132786,"Anethum graveolens",-87.761563,41.821603,2020,5,3,"US","Anethum graveolens"
2818517421,"Anethum graveolens",-97.889461,30.210298,2020,5,17,"US","Anethum graveolens"
2818520429,"Anethum graveolens",-122.072464,37.394763,2020,5,25,"US","Anethum graveolens"
2818696413,"Anethum graveolens",-79.86751,36.188387,2020,5,17,"US","Anethum graveolens"
2818700396,"Anethum graveolens",-118.130981,33.753957,2020,5,9,"US","Anethum graveolens"
2818704446,"Anethum graveolens",-95.049772,29.755261,2020,5,29,"US","Anethum graveolens"
2818707423,"Anethum graveolens",-95.366644,29.768323,2020,5,28,"US","Anethum graveolens"
2818710419,"Anethum graveolens",-83.389562,33.965452,2020,5,22,"US","Anethum graveolens"
2818733404,"Anethum graveolens",-80.155337,35.49977,2020,5,17,"US","Anethum graveolens"
2818736424,"Anethum graveolens",-80.724362,38.178877,2020,5,27,"US","Anethum graveolens"
2818739411,"Anethum graveolens",-94.776087,38.858812,2020,5,10,"US","Anethum graveolens"
2803087092,"Anethum graveolens",-83.661647,41.057056,2020,6,23,"US","Anethum graveolens"
2818519443,"Anethum graveolens",-70.995711,42.186455,2020,6,19,"US","Anethum graveolens"
2818529463,"Anethum graveolens",-82.335697,38.230033,2020,6,19,"US","Anethum graveolens"
2818538454,"Anethum graveolens",-94.694211,39.07605,2020,6,16,"US","Anethum graveolens"
2818552466,"Anethum graveolens",-85.352805,34.461118,2020,6,16,"US","Anethum graveolens"
2818563454,"Anethum graveolens",-93.384022,44.863655,2020,6,17,"US","Anethum graveolens"
2818589449,"Anethum graveolens",-76.857262,39.075081,2020,6,16,"US","Anethum graveolens"
2818688481,"Anethum graveolens",-73.317831,42.289489,2020,6,24,"US","Anethum graveolens"
2818691458,"Anethum graveolens",-77.039117,39.024784,2020,6,18,"US","Anethum graveolens"
2818737474,"Anethum graveolens",-83.06605,42.350417,2020,6,25,"US","Anethum graveolens"
2818740485,"Anethum graveolens",-122.032812,37.360441,2020,6,23,"US","Anethum graveolens"
2818775680,"Anethum graveolens",-95.605895,30.696872,2020,6,23,"US","Anethum graveolens"
2814106398,"Anethum graveolens",-76.946164,39.060141,2020,7,1,"US","Anethum graveolens"
2818513839,"Anethum graveolens",-73.210319,44.478147,2020,7,11,"US","Anethum graveolens"
2818683378,"Anethum graveolens",-83.044364,40.222558,2020,7,14,"US","Anethum graveolens"
2818760247,"Anethum graveolens",-77.000511,39.2897,2020,7,13,"US","Anethum graveolens"
2818780178,"Anethum graveolens",-82.96142,42.345292,2020,7,13,"US","Anethum graveolens"
2818787308,"Anethum graveolens",-83.942924,33.939195,2020,7,13,"US","Anethum graveolens"
2823122887,"Anethum graveolens",-91.408866,39.937282,2020,7,18,"US","Anethum graveolens"
2974572621,"Anethum graveolens",-87.771969,41.950219,2020,7,3,"US","Anethum graveolens"
2974599745,"Anethum graveolens",-84.504493,38.046616,2020,7,4,"US","Anethum graveolens"
2976915157,"Anethum graveolens",-85.033366,38.08016,2020,7,2,"US","Anethum graveolens"
2976551587,"Anethum graveolens",-88.270591,42.416726,2020,8,30,"US","Anethum graveolens"
2980968444,"Anethum graveolens",-122.6368,45.492088,2020,8,20,"US","Anethum graveolens"
2988322739,"Anethum graveolens",-117.764391,33.541267,2020,8,10,"US","Anethum graveolens"
2864785761,"Anethum graveolens",-95.161802,29.657,2020,9,11,"US","Anethum graveolens"
2988586914,"Anethum graveolens",-98.616066,29.53831,2020,11,13,"US","Anethum graveolens"
2238896958,"Anethum graveolens",-97.479909,25.941745,2019,4,28,"US","Anethum graveolens"
3070308580,"Anethum graveolens",-84.255112,30.490833,2019,4,29,"US","Anethum graveolens"
2422837122,"Anethum graveolens",-98.058938,29.853498,2019,5,1,"US","Anethum graveolens"
2818516338,"Anethum graveolens",-98.322744,29.640578,2019,6,5,"US","Anethum graveolens"
2818519333,"Anethum graveolens",-79.762137,35.630311,2019,6,24,"US","Anethum graveolens"
2294574300,"Anethum graveolens",-87.683442,41.846034,2019,7,18,"US","Anethum graveolens"
2397482923,"Anethum graveolens",-87.399912,39.470374,2019,7,8,"US","Anethum graveolens"
2422861484,"Anethum graveolens",-87.779323,41.856537,2019,7,20,"US","Anethum graveolens"
2818559360,"Anethum graveolens",-87.993625,42.369979,2019,8,17,"US","Anethum graveolens"
2818560406,"Anethum graveolens",-92.13018,46.760813,2019,8,2,"US","Anethum graveolens"
2818716354,"Anethum graveolens",-83.696452,42.441631,2019,8,21,"US","Anethum graveolens"
2542910357,"Anethum graveolens",-87.737363,41.972144,2019,9,30,"US","Anethum graveolens"
2818529364,"Anethum graveolens",-74.735525,40.809306,2019,9,13,"US","Anethum graveolens"
2818588358,"Anethum graveolens",-123.233847,44.5597,2019,9,8,"US","Anethum graveolens"
2823336316,"Anethum graveolens",-82.55598,35.63333,2018,3,17,"US","Anethum graveolens"
2823239322,"Anethum graveolens",-96.71325,32.872592,2018,4,30,"US","Anethum graveolens"
3698065377,"Anethum graveolens",-72.309584,43.312924,2018,7,19,"US","Anethum graveolens"
2237417428,"Anethum graveolens",-84.521752,42.69063,2018,8,20,"US","Anethum graveolens"
2270221941,"Anethum graveolens",-120.636509,35.280987,2017,3,2,"US","Anethum graveolens"
2268899893,"Anethum graveolens",-90.8683,38.5369,2017,6,13,"US","Anethum graveolens"
2283037948,"Anethum graveolens",-88.11061,41.54331,2017,7,1,"US","Anethum graveolens"
2823297309,"Anethum graveolens",-111.877938,40.792047,2017,11,23,"US","Anethum graveolens"
1211971187,"Anethum graveolens",-97.24858,37.548325,2015,7,6,"US","Anethum graveolens"
1929598145,"Anethum graveolens",-73.875292,40.860744,2015,10,1,"US","Anethum graveolens"
1269722267,"Anethum graveolens",-88.79,30.3896,2006,3,20,"US","Anethum graveolens"
2270678762,"Anethum graveolens",-112.005486769224,33.3224273635553,2005,2,25,"US","Anethum graveolens"
1563148190,"Anethum graveolens",-87.2775,30.3236,2005,4,28,"US","Anethum graveolens"
1030486486,"Anethum graveolens",-84.49,42.691944,2005,8,5,"US","Anethum graveolens"
176876225,"Anethum graveolens",-95.676667,39.045833,2004,6,28,"US","Anethum graveolens"
415952116,"Anethum graveolens",-71.55611,41.41166,2004,8,4,"US","Anethum graveolens"
1457796089,"Anethum graveolens",-82.41084,29.61378,2003,5,28,"US","Anethum graveolens"
2422529661,"Anethum graveolens",-117.31667,33.975,2002,5,20,"US","Anethum graveolens"
2572945083,"Anethum graveolens",-88.266667,40.133333,2002,7,14,"US","Anethum graveolens"
2422379733,"Anethum graveolens",-118.68333,34.40694,2002,8,8,"US","Anethum graveolens"
3503198476,"Anethum graveolens",-118.68333,34.40694,2002,8,8,"US","Anethum graveolens"
2270696649,"Anethum graveolens",-111.925553,33.415898,2000,4,22,"US","Anethum graveolens"
1258682601,"Anethum graveolens",-90.35,38.653611,2000,6,5,"US","Anethum graveolens"
2273386636,"Anethum graveolens",-83.173045,35.339783,2000,10,8,"US","Anethum graveolens"
