"gbifID","species","longitude","latitude","year","month","day","countryCode","basisOfRecord","accepted_name"
1146350094,"Angelica lucida",-158.09,67.24,2002,6,25,"US","PRESERVED_SPECIMEN","Angelica lucida"
1146339921,"Angelica lucida",-162.95,67.02,2001,7,31,"US","PRESERVED_SPECIMEN","Angelica lucida"
1146351455,"Angelica lucida",-155.65,66.86,2002,8,8,"US","PRESERVED_SPECIMEN","Angelica lucida"
1146370687,"Angelica lucida",-163.97,66.59,2003,7,2,"US","PRESERVED_SPECIMEN","Angelica lucida"
1146340647,"Angelica lucida",-164.78,66.52,2001,8,6,"US","PRESERVED_SPECIMEN","Angelica lucida"
1146378405,"Angelica lucida",-166.61,65.01,2003,8,17,"US","PRESERVED_SPECIMEN","Angelica lucida"
1146338026,"Angelica lucida",-164.46,64.55,2000,7,18,"US","PRESERVED_SPECIMEN","Angelica lucida"
3873573231,"Angelica lucida",-165.417579,64.500327,2022,7,7,"US","HUMAN_OBSERVATION","Angelica lucida"
1899787792,"Angelica lucida",-145.799728,63.7886,2018,8,25,"US","HUMAN_OBSERVATION","Angelica lucida"
1453095657,"Angelica lucida",-150.157115,63.472264,2016,7,1,"US","HUMAN_OBSERVATION","Angelica lucida"
3335079818,"Angelica lucida",-150.309997,63.433086,2021,7,29,"US","HUMAN_OBSERVATION","Angelica lucida"
2447837479,"Angelica lucida",-148.402782,63.378906,2019,8,30,"US","HUMAN_OBSERVATION","Angelica lucida"
2574077132,"Angelica lucida",-148.333682,63.339295,2019,7,16,"US","HUMAN_OBSERVATION","Angelica lucida"
2826413263,"Angelica lucida",-145.635283,63.182861,2020,7,25,"US","HUMAN_OBSERVATION","Angelica lucida"
4009733970,"Angelica lucida",-145.988586,63.055772,2014,7,20,"US","HUMAN_OBSERVATION","Angelica lucida"
1146353379,"Angelica lucida",-151.71,62.64,2001,7,7,"US","PRESERVED_SPECIMEN","Angelica lucida"
1146353320,"Angelica lucida",-150.97,62.65,2001,7,4,"US","PRESERVED_SPECIMEN","Angelica lucida"
3873038940,"Angelica lucida",-150.121426,62.323216,2022,7,3,"US","HUMAN_OBSERVATION","Angelica lucida"
3920716332,"Angelica lucida",-149.329804,61.770069,2022,7,28,"US","PRESERVED_SPECIMEN","Angelica lucida"
3859490267,"Angelica lucida",-149.415332,61.583966,2022,6,10,"US","HUMAN_OBSERVATION","Angelica lucida"
3118497310,"Angelica lucida",-148.881299,61.467308,2021,5,17,"US","HUMAN_OBSERVATION","Angelica lucida"
3456662714,"Angelica lucida",-149.458272,61.31845,2021,7,10,"US","HUMAN_OBSERVATION","Angelica lucida"
3860834218,"Angelica lucida",-149.668747,61.145419,2022,7,4,"US","HUMAN_OBSERVATION","Angelica lucida"
4011654951,"Angelica lucida",-146.434318,61.134577,2014,7,22,"US","HUMAN_OBSERVATION","Angelica lucida"
3859938410,"Angelica lucida",-149.666808,61.102833,2022,7,5,"US","HUMAN_OBSERVATION","Angelica lucida"
3859943374,"Angelica lucida",-146.241683,61.097042,2022,7,5,"US","HUMAN_OBSERVATION","Angelica lucida"
3859798715,"Angelica lucida",-145.907823,61.07253,2022,6,20,"US","HUMAN_OBSERVATION","Angelica lucida"
3407973470,"Angelica lucida",-149.571209,61.00471,2021,7,13,"US","HUMAN_OBSERVATION","Angelica lucida"
1571133250,"Angelica lucida",-149.768995,60.966743,2017,6,8,"US","HUMAN_OBSERVATION","Angelica lucida"
3337742031,"Angelica lucida",-149.558333,60.868611,2017,8,12,"US","HUMAN_OBSERVATION","Angelica lucida"
3068001276,"Angelica lucida",-148.356982,60.805309,2020,6,4,"US","HUMAN_OBSERVATION","Angelica lucida"
3090605738,"Angelica lucida",-148.846922,60.784547,2020,6,15,"US","HUMAN_OBSERVATION","Angelica lucida"
3802575754,"Angelica lucida",-148.717369,60.779314,2022,5,20,"US","HUMAN_OBSERVATION","Angelica lucida"
3802444819,"Angelica lucida",-148.688639,60.776825,2022,5,22,"US","HUMAN_OBSERVATION","Angelica lucida"
2557764173,"Angelica lucida",-137.547431,60.619613,2013,7,17,"CA","HUMAN_OBSERVATION","Angelica lucida"
2854654335,"Angelica lucida",-150.163756,60.525211,2020,7,27,"US","HUMAN_OBSERVATION","Angelica lucida"
3067741856,"Angelica lucida",-148.34458,60.470385,2020,7,28,"US","HUMAN_OBSERVATION","Angelica lucida"
1658227510,"Angelica lucida",-136.99301,60.42396,2010,6,28,"CA","PRESERVED_SPECIMEN","Angelica lucida"
3325642406,"Angelica lucida",-145.75037,60.369472,2021,7,6,"US","HUMAN_OBSERVATION","Angelica lucida"
3903236968,"Angelica lucida",-137.354605,60.372198,2022,8,16,"CA","HUMAN_OBSERVATION","Angelica lucida"
1658227507,"Angelica lucida",-125.66112,60.34737,2014,6,24,"CA","PRESERVED_SPECIMEN","Angelica lucida"
1658227515,"Angelica lucida",-135.82534,60.29627,2016,6,28,"CA","PRESERVED_SPECIMEN","Angelica lucida"
1880507741,"Angelica lucida",-151.401092,60.239308,2018,6,16,"US","HUMAN_OBSERVATION","Angelica lucida"
1146361889,"Angelica lucida",-143.08,60.25,2002,7,30,"US","PRESERVED_SPECIMEN","Angelica lucida"
1146386149,"Angelica lucida",-142.99,60.22,2003,8,2,"US","PRESERVED_SPECIMEN","Angelica lucida"
1146318010,"Angelica lucida",-166.9375,60.204167,2009,7,12,"US","PRESERVED_SPECIMEN","Angelica lucida"
1880454048,"Angelica lucida",-137.357544,60.131758,2017,7,11,"CA","HUMAN_OBSERVATION","Angelica lucida"
2269252731,"Angelica lucida",-149.44313,60.119714,2019,6,15,"US","HUMAN_OBSERVATION","Angelica lucida"
3858626986,"Angelica lucida",-149.360641,60.090164,2022,6,24,"US","HUMAN_OBSERVATION","Angelica lucida"
1146245461,"Angelica lucida",-140.8028752,60.1167557,2003,7,20,"US","PRESERVED_SPECIMEN","Angelica lucida"
3889200265,"Angelica lucida",-151.664698,60.050303,2022,6,18,"US","HUMAN_OBSERVATION","Angelica lucida"
3860416816,"Angelica lucida",-149.444138,60.044767,2022,5,30,"US","HUMAN_OBSERVATION","Angelica lucida"
3414074334,"Angelica lucida",-137.438628,60.077858,2017,7,12,"CA","PRESERVED_SPECIMEN","Angelica lucida"
1988096009,"Angelica lucida",-136.86295,60.03262,2014,8,31,"CA","PRESERVED_SPECIMEN","Angelica lucida"
3314173712,"Angelica lucida",-135.159708,60.038386,2021,6,16,"CA","HUMAN_OBSERVATION","Angelica lucida"
3414074415,"Angelica lucida",-134.63052,60.01984,2015,8,17,"CA","PRESERVED_SPECIMEN","Angelica lucida"
3414080376,"Angelica lucida",-133.8056,60.00824,2013,6,20,"CA","PRESERVED_SPECIMEN","Angelica lucida"
3873155979,"Angelica lucida",-152.73375,59.965993,2021,6,16,"US","HUMAN_OBSERVATION","Angelica lucida"
3888897689,"Angelica lucida",-152.638292,59.996022,2022,8,1,"US","HUMAN_OBSERVATION","Angelica lucida"
1949651584,"Angelica lucida",-134.865556,59.928611,2008,8,1,"CA","PRESERVED_SPECIMEN","Angelica lucida"
3874035424,"Angelica lucida",-149.737129,59.879876,2022,7,13,"US","HUMAN_OBSERVATION","Angelica lucida"
3398736771,"Angelica lucida",-136.74239,59.889715,2021,8,19,"CA","HUMAN_OBSERVATION","Angelica lucida"
3399128714,"Angelica lucida",-133.805347,59.906063,2021,7,31,"CA","HUMAN_OBSERVATION","Angelica lucida"
3398734498,"Angelica lucida",-136.66323,59.849876,2020,7,4,"CA","HUMAN_OBSERVATION","Angelica lucida"
2814127548,"Angelica lucida",-144.599762,59.797387,2020,7,4,"US","HUMAN_OBSERVATION","Angelica lucida"
1949651001,"Angelica lucida",-136.578056,59.824722,2008,7,29,"CA","PRESERVED_SPECIMEN","Angelica lucida"
3327995917,"Angelica lucida",-151.867361,59.773103,2021,7,10,"US","HUMAN_OBSERVATION","Angelica lucida"
1146370576,"Angelica lucida",-154.91,59.75,2003,6,17,"US","PRESERVED_SPECIMEN","Angelica lucida"
3399196495,"Angelica lucida",-136.627078,59.723903,2020,7,4,"CA","HUMAN_OBSERVATION","Angelica lucida"
3398646487,"Angelica lucida",-136.613055,59.711593,2020,7,24,"CA","HUMAN_OBSERVATION","Angelica lucida"
3325555300,"Angelica lucida",-151.602478,59.679672,2021,7,6,"US","HUMAN_OBSERVATION","Angelica lucida"
3860472767,"Angelica lucida",-151.496513,59.674375,2022,7,1,"US","HUMAN_OBSERVATION","Angelica lucida"
1146361077,"Angelica lucida",-153.7,59.63,2002,7,9,"US","PRESERVED_SPECIMEN","Angelica lucida"
3873632922,"Angelica lucida",-151.625,59.661763,2022,7,6,"US","HUMAN_OBSERVATION","Angelica lucida"
3874081345,"Angelica lucida",-151.541774,59.638146,2022,7,9,"US","HUMAN_OBSERVATION","Angelica lucida"
3302367179,"Angelica lucida",-151.53639,59.644012,2021,6,9,"US","HUMAN_OBSERVATION","Angelica lucida"
3124719761,"Angelica lucida",-151.499374,59.638496,2021,5,21,"US","HUMAN_OBSERVATION","Angelica lucida"
3321215604,"Angelica lucida",-151.188507,59.607761,2021,7,1,"US","HUMAN_OBSERVATION","Angelica lucida"
3399201494,"Angelica lucida",-136.453341,59.608177,2020,7,3,"CA","HUMAN_OBSERVATION","Angelica lucida"
3398953752,"Angelica lucida",-136.465893,59.575592,2021,8,4,"CA","HUMAN_OBSERVATION","Angelica lucida"
1880540049,"Angelica lucida",-133.664896,59.550127,2018,6,20,"CA","HUMAN_OBSERVATION","Angelica lucida"
3859322338,"Angelica lucida",-135.358033,59.50235,2022,7,5,"US","HUMAN_OBSERVATION","Angelica lucida"
1146394212,"Angelica lucida",-161.34,59.36,2004,6,16,"US","PRESERVED_SPECIMEN","Angelica lucida"
1146394571,"Angelica lucida",-161.94,59.28,2004,7,10,"US","PRESERVED_SPECIMEN","Angelica lucida"
1146333830,"Angelica lucida",-136.11,59.28,2000,7,16,"US","PRESERVED_SPECIMEN","Angelica lucida"
1146386441,"Angelica lucida",-157.31,59.25,2003,7,18,"US","PRESERVED_SPECIMEN","Angelica lucida"
1453090722,"Angelica lucida",-135.375533,59.214067,2016,6,2,"US","HUMAN_OBSERVATION","Angelica lucida"
1949650823,"Angelica lucida",-125.518611,58.995833,2007,8,4,"CA","PRESERVED_SPECIMEN","Angelica lucida"
1850959799,"Angelica lucida",-136.131391,58.813901,2018,5,26,"US","HUMAN_OBSERVATION","Angelica lucida"
1850942341,"Angelica lucida",-136.068762,58.830321,2018,5,22,"US","HUMAN_OBSERVATION","Angelica lucida"
1914194855,"Angelica lucida",-155.777858,58.555147,2018,7,1,"US","HUMAN_OBSERVATION","Angelica lucida"
1880491765,"Angelica lucida",-134.824672,58.524011,2018,6,15,"US","HUMAN_OBSERVATION","Angelica lucida"
2350344164,"Angelica lucida",-135.887027,58.453711,2019,8,3,"US","HUMAN_OBSERVATION","Angelica lucida"
1146262627,"Angelica lucida",-152.667267,58.378417,2008,7,25,"US","PRESERVED_SPECIMEN","Angelica lucida"
3873799825,"Angelica lucida",-135.731705,58.393637,2022,7,8,"US","HUMAN_OBSERVATION","Angelica lucida"
1850968144,"Angelica lucida",-136.054615,58.371236,2018,5,28,"US","HUMAN_OBSERVATION","Angelica lucida"
3321005320,"Angelica lucida",-134.585098,58.351074,2021,6,29,"US","HUMAN_OBSERVATION","Angelica lucida"
3892297918,"Angelica lucida",-136.502682,58.309614,2022,8,2,"US","HUMAN_OBSERVATION","Angelica lucida"
3902857142,"Angelica lucida",-134.381243,58.296382,2022,6,25,"US","HUMAN_OBSERVATION","Angelica lucida"
1949653221,"Angelica lucida",-127.965,57.883056,2009,7,22,"CA","PRESERVED_SPECIMEN","Angelica lucida"
3988537496,"Angelica lucida",-152.437865,57.839579,2022,7,11,"US","HUMAN_OBSERVATION","Angelica lucida"
1880515618,"Angelica lucida",-152.352386,57.837239,2018,6,18,"US","HUMAN_OBSERVATION","Angelica lucida"
2856551596,"Angelica lucida",-133.81582,57.841367,2020,8,13,"US","HUMAN_OBSERVATION","Angelica lucida"
3988528386,"Angelica lucida",-152.4691,57.799112,2021,8,12,"US","HUMAN_OBSERVATION","Angelica lucida"
3338029216,"Angelica lucida",-152.437242,57.813355,2021,8,12,"US","HUMAN_OBSERVATION","Angelica lucida"
3059046532,"Angelica lucida",-152.439368,57.788192,2019,7,5,"US","HUMAN_OBSERVATION","Angelica lucida"
2269245124,"Angelica lucida",-152.415497,57.772367,2019,6,13,"US","HUMAN_OBSERVATION","Angelica lucida"
3966409652,"Angelica lucida",-133.5823,57.727525,2015,7,10,"US","HUMAN_OBSERVATION","Angelica lucida"
2856746539,"Angelica lucida",-133.185703,57.700875,2020,8,16,"US","HUMAN_OBSERVATION","Angelica lucida"
1949660303,"Angelica lucida",-124.255833,57.655833,2014,8,2,"CA","PRESERVED_SPECIMEN","Angelica lucida"
1146248039,"Angelica lucida",-154.566667,57.466667,2005,7,4,"US","PRESERVED_SPECIMEN","Angelica lucida"
1146248882,"Angelica lucida",-153.193056,57.448611,2006,8,7,"US","PRESERVED_SPECIMEN","Angelica lucida"
1949659801,"Angelica lucida",-130.135306,57.370556,2013,8,9,"CA","PRESERVED_SPECIMEN","Angelica lucida"
1949660075,"Angelica lucida",-123.853033,57.366667,2014,7,27,"CA","PRESERVED_SPECIMEN","Angelica lucida"
2988448605,"Angelica lucida",-135.836012,57.291106,2020,9,6,"US","HUMAN_OBSERVATION","Angelica lucida"
3325532710,"Angelica lucida",-135.75382,57.153605,2021,6,27,"US","HUMAN_OBSERVATION","Angelica lucida"
2823254286,"Angelica lucida",-135.314923,57.094308,2020,7,12,"US","HUMAN_OBSERVATION","Angelica lucida"
3302330045,"Angelica lucida",-135.457154,57.079243,2021,6,9,"US","HUMAN_OBSERVATION","Angelica lucida"
2283099061,"Angelica lucida",-135.334682,57.055369,2019,6,30,"US","HUMAN_OBSERVATION","Angelica lucida"
3874037538,"Angelica lucida",-135.314411,57.04485,2022,7,12,"US","HUMAN_OBSERVATION","Angelica lucida"
3307215117,"Angelica lucida",-135.217107,57.078671,2021,6,14,"US","HUMAN_OBSERVATION","Angelica lucida"
2619992025,"Angelica lucida",-135.31469,57.034592,2020,5,3,"US","HUMAN_OBSERVATION","Angelica lucida"
1841317679,"Angelica lucida",-135.711044,56.986947,2018,4,29,"US","HUMAN_OBSERVATION","Angelica lucida"
3109304815,"Angelica lucida",-135.389747,56.965144,2021,4,18,"US","HUMAN_OBSERVATION","Angelica lucida"
1146242822,"Angelica lucida",-158.0855906,56.7721494,2004,7,10,"US","PRESERVED_SPECIMEN","Angelica lucida"
1949657139,"Angelica lucida",-126.191583,56.597306,2011,8,16,"CA","PRESERVED_SPECIMEN","Angelica lucida"
3005085681,"Angelica lucida",-158.394667,56.301565,2014,7,15,"US","HUMAN_OBSERVATION","Angelica lucida"
3859878804,"Angelica lucida",-131.6352,55.701061,2022,6,20,"US","HUMAN_OBSERVATION","Angelica lucida"
1146246800,"Angelica lucida",-160.459133,55.344733,2005,7,7,"US","PRESERVED_SPECIMEN","Angelica lucida"
3398672561,"Angelica lucida",-130.618998,54.300171,2021,5,4,"CA","HUMAN_OBSERVATION","Angelica lucida"
3398657342,"Angelica lucida",-130.226197,54.195305,2017,5,9,"CA","HUMAN_OBSERVATION","Angelica lucida"
3398662414,"Angelica lucida",-131.661422,54.158328,2019,7,3,"CA","HUMAN_OBSERVATION","Angelica lucida"
2294536429,"Angelica lucida",-131.796912,54.076152,2019,7,4,"CA","HUMAN_OBSERVATION","Angelica lucida"
1949642176,"Angelica lucida",-130.681944,53.945833,2005,6,20,"CA","PRESERVED_SPECIMEN","Angelica lucida"
4018536674,"Angelica lucida",-128.984162,53.883055,2022,9,17,"CA","HUMAN_OBSERVATION","Angelica lucida"
3398718346,"Angelica lucida",-129.882244,53.7472,2017,6,29,"CA","HUMAN_OBSERVATION","Angelica lucida"
1949642668,"Angelica lucida",-130.535278,53.607222,2005,6,21,"CA","PRESERVED_SPECIMEN","Angelica lucida"
3398686709,"Angelica lucida",-128.121397,53.328968,2016,5,18,"CA","HUMAN_OBSERVATION","Angelica lucida"
2626500480,"Angelica lucida",-131.80379,53.253103,2015,9,12,"CA","HUMAN_OBSERVATION","Angelica lucida"
3061740769,"Angelica lucida",-131.80712,53.241053,2018,11,9,"CA","HUMAN_OBSERVATION","Angelica lucida"
3398774842,"Angelica lucida",-129.441742,53.045945,2021,8,23,"CA","HUMAN_OBSERVATION","Angelica lucida"
2251990751,"Angelica lucida",-131.370519,52.587912,2019,5,30,"CA","HUMAN_OBSERVATION","Angelica lucida"
1850949304,"Angelica lucida",-131.569947,52.578638,2018,6,4,"CA","HUMAN_OBSERVATION","Angelica lucida"
3860621368,"Angelica lucida",-128.509489,52.566419,2022,6,25,"CA","HUMAN_OBSERVATION","Angelica lucida"
3398745418,"Angelica lucida",-127.832025,52.513,2019,6,25,"CA","HUMAN_OBSERVATION","Angelica lucida"
3398704408,"Angelica lucida",-127.739868,52.476539,2019,6,26,"CA","HUMAN_OBSERVATION","Angelica lucida"
3947618099,"Angelica lucida",-127.886154,52.426903,2022,9,14,"CA","HUMAN_OBSERVATION","Angelica lucida"
3398771436,"Angelica lucida",-127.728042,52.451692,2019,6,25,"CA","HUMAN_OBSERVATION","Angelica lucida"
3915609261,"Angelica lucida",-127.312218,52.455425,2022,9,10,"CA","HUMAN_OBSERVATION","Angelica lucida"
3947365910,"Angelica lucida",-127.839783,52.338593,2022,10,16,"CA","HUMAN_OBSERVATION","Angelica lucida"
3398705529,"Angelica lucida",-128.722047,52.263022,2020,8,21,"CA","HUMAN_OBSERVATION","Angelica lucida"
3399192440,"Angelica lucida",-128.041825,52.281508,2019,6,26,"CA","HUMAN_OBSERVATION","Angelica lucida"
1453114389,"Angelica lucida",-131.006958,52.230525,2016,9,14,"CA","HUMAN_OBSERVATION","Angelica lucida"
3399154443,"Angelica lucida",-127.877122,52.211497,2019,6,26,"CA","HUMAN_OBSERVATION","Angelica lucida"
3923491132,"Angelica lucida",-127.978218,52.182491,2022,9,12,"CA","HUMAN_OBSERVATION","Angelica lucida"
3873943828,"Angelica lucida",-131.221466,52.101967,2022,7,7,"CA","HUMAN_OBSERVATION","Angelica lucida"
3398702418,"Angelica lucida",-128.425903,52.000053,2019,6,24,"CA","HUMAN_OBSERVATION","Angelica lucida"
2283134714,"Angelica lucida",-128.301544,52.027278,2019,6,27,"CA","HUMAN_OBSERVATION","Angelica lucida"
3399099428,"Angelica lucida",-128.430619,51.992869,2019,6,24,"CA","HUMAN_OBSERVATION","Angelica lucida"
3873595329,"Angelica lucida",-128.46434,51.928997,2022,6,19,"CA","HUMAN_OBSERVATION","Angelica lucida"
3859601441,"Angelica lucida",-128.477545,51.910379,2022,6,19,"CA","HUMAN_OBSERVATION","Angelica lucida"
3398715401,"Angelica lucida",-128.427533,51.907377,2015,5,7,"CA","HUMAN_OBSERVATION","Angelica lucida"
3399184351,"Angelica lucida",-128.257692,51.821388,2017,6,22,"CA","HUMAN_OBSERVATION","Angelica lucida"
2283132993,"Angelica lucida",-128.125763,51.684018,2019,6,27,"CA","HUMAN_OBSERVATION","Angelica lucida"
3961371959,"Angelica lucida",-128.116028,51.667103,2022,6,28,"CA","HUMAN_OBSERVATION","Angelica lucida"
3860773633,"Angelica lucida",-128.148194,51.646114,2022,6,18,"CA","HUMAN_OBSERVATION","Angelica lucida"
3925443798,"Angelica lucida",-128.11908,51.660557,2022,6,23,"CA","HUMAN_OBSERVATION","Angelica lucida"
3925131978,"Angelica lucida",-127.916565,51.424683,2022,6,25,"CA","HUMAN_OBSERVATION","Angelica lucida"
3039245425,"Angelica lucida",-56.741115,51.31211,2019,8,20,"CA","HUMAN_OBSERVATION","Angelica lucida"
1988184546,"Angelica lucida",-127.676667,51.106667,2002,6,29,"CA","PRESERVED_SPECIMEN","Angelica lucida"
3398752422,"Angelica lucida",-126.198638,50.93763,2008,7,30,"CA","HUMAN_OBSERVATION","Angelica lucida"
3399126489,"Angelica lucida",-128.182832,50.835683,2020,8,15,"CA","HUMAN_OBSERVATION","Angelica lucida"
3398764471,"Angelica lucida",-128.412888,50.771442,2020,6,28,"CA","HUMAN_OBSERVATION","Angelica lucida"
3399088476,"Angelica lucida",-128.335739,50.777603,2020,6,29,"CA","HUMAN_OBSERVATION","Angelica lucida"
2988496665,"Angelica lucida",-128.354301,50.728854,2020,8,25,"CA","HUMAN_OBSERVATION","Angelica lucida"
3398714470,"Angelica lucida",-128.365781,50.694804,2020,6,5,"CA","HUMAN_OBSERVATION","Angelica lucida"
3398678506,"Angelica lucida",-128.270731,50.601908,2020,8,27,"CA","HUMAN_OBSERVATION","Angelica lucida"
3398769499,"Angelica lucida",-128.24086,50.591211,2020,7,22,"CA","HUMAN_OBSERVATION","Angelica lucida"
3915653271,"Angelica lucida",-127.1774,50.614086,2022,9,24,"CA","HUMAN_OBSERVATION","Angelica lucida"
3399058714,"Angelica lucida",-128.237075,50.579185,2021,7,28,"CA","HUMAN_OBSERVATION","Angelica lucida"
3398735652,"Angelica lucida",-128.176303,50.522053,2021,7,3,"CA","HUMAN_OBSERVATION","Angelica lucida"
3398776490,"Angelica lucida",-128.030928,50.516887,2020,8,24,"CA","HUMAN_OBSERVATION","Angelica lucida"
3456290675,"Angelica lucida",-126.785387,50.54161,2021,8,19,"CA","HUMAN_OBSERVATION","Angelica lucida"
3399033460,"Angelica lucida",-127.990417,50.337995,2020,5,10,"CA","HUMAN_OBSERVATION","Angelica lucida"
2626430608,"Angelica lucida",-127.972308,50.326092,2020,5,10,"CA","HUMAN_OBSERVATION","Angelica lucida"
3398645455,"Angelica lucida",-127.853662,50.280735,2020,5,10,"CA","HUMAN_OBSERVATION","Angelica lucida"
3039161512,"Angelica lucida",-127.831947,50.185436,2020,5,9,"CA","HUMAN_OBSERVATION","Angelica lucida"
3947264714,"Angelica lucida",-125.254134,50.045575,2022,8,3,"CA","HUMAN_OBSERVATION","Angelica lucida"
3337584398,"Angelica lucida",-127.378503,50.027806,2021,8,13,"CA","HUMAN_OBSERVATION","Angelica lucida"
3399203751,"Angelica lucida",-125.25758,50.039064,2021,7,27,"CA","HUMAN_OBSERVATION","Angelica lucida"
3398660806,"Angelica lucida",-125.249567,50.040077,2021,8,25,"CA","HUMAN_OBSERVATION","Angelica lucida"
3859035373,"Angelica lucida",-123.161872,49.715418,2022,5,26,"CA","HUMAN_OBSERVATION","Angelica lucida"
4028930551,"Angelica lucida",-123.167383,49.700617,2022,7,10,"CA","HUMAN_OBSERVATION","Angelica lucida"
2251985656,"Angelica lucida",-123.164662,49.697094,2019,5,26,"CA","HUMAN_OBSERVATION","Angelica lucida"
3398714417,"Angelica lucida",-126.452093,49.62798,2019,8,5,"CA","HUMAN_OBSERVATION","Angelica lucida"
3355134460,"Angelica lucida",-123.03241,49.653652,2021,8,28,"CA","HUMAN_OBSERVATION","Angelica lucida"
3912073734,"Angelica lucida",-57.961628,49.658205,2022,8,9,"CA","HUMAN_OBSERVATION","Angelica lucida"
2465111896,"Angelica lucida",-126.690836,49.588867,2019,7,12,"CA","HUMAN_OBSERVATION","Angelica lucida"
3858334911,"Angelica lucida",-123.236316,49.551985,2022,5,29,"CA","HUMAN_OBSERVATION","Angelica lucida"
3039134234,"Angelica lucida",-126.295089,49.513317,2017,9,23,"CA","HUMAN_OBSERVATION","Angelica lucida"
3399058481,"Angelica lucida",-125.911111,49.42,2020,6,29,"CA","HUMAN_OBSERVATION","Angelica lucida"
3858939643,"Angelica lucida",-126.469045,49.397,2022,6,2,"CA","HUMAN_OBSERVATION","Angelica lucida"
3399138385,"Angelica lucida",-126.112654,49.262682,2016,7,1,"CA","HUMAN_OBSERVATION","Angelica lucida"
3399210505,"Angelica lucida",-126.080139,49.275275,2020,9,18,"CA","HUMAN_OBSERVATION","Angelica lucida"
3859349017,"Angelica lucida",-122.834961,49.283993,2022,4,30,"CA","HUMAN_OBSERVATION","Angelica lucida"
3986209896,"Angelica lucida",-125.593471,49.233307,2022,10,15,"CA","HUMAN_OBSERVATION","Angelica lucida"
3398677477,"Angelica lucida",-123.2157,49.22299,2020,7,1,"CA","HUMAN_OBSERVATION","Angelica lucida"
3398745459,"Angelica lucida",-126.021391,49.166709,2018,5,1,"CA","HUMAN_OBSERVATION","Angelica lucida"
3398643711,"Angelica lucida",-125.911142,49.137985,2021,7,31,"CA","HUMAN_OBSERVATION","Angelica lucida"
3961390735,"Angelica lucida",-123.892309,49.157839,2022,10,22,"CA","HUMAN_OBSERVATION","Angelica lucida"
3858620744,"Angelica lucida",-123.194977,49.129345,2022,6,6,"CA","HUMAN_OBSERVATION","Angelica lucida"
3399140515,"Angelica lucida",-125.896245,49.108995,2020,8,18,"CA","HUMAN_OBSERVATION","Angelica lucida"
2901909329,"Angelica lucida",-125.874742,49.096408,2020,10,20,"CA","HUMAN_OBSERVATION","Angelica lucida"
3398635457,"Angelica lucida",-125.764221,49.121473,2019,7,14,"CA","HUMAN_OBSERVATION","Angelica lucida"
3399035407,"Angelica lucida",-123.181222,49.093608,2019,6,17,"CA","HUMAN_OBSERVATION","Angelica lucida"
3398642757,"Angelica lucida",-122.903228,49.084308,2021,8,28,"CA","HUMAN_OBSERVATION","Angelica lucida"
3399187732,"Angelica lucida",-125.842243,49.075347,2021,8,2,"CA","HUMAN_OBSERVATION","Angelica lucida"
3398703488,"Angelica lucida",-125.827567,49.067388,2020,7,19,"CA","HUMAN_OBSERVATION","Angelica lucida"
3398757571,"Angelica lucida",-125.750801,49.07569,2018,9,8,"CA","HUMAN_OBSERVATION","Angelica lucida"
3398653486,"Angelica lucida",-125.744382,49.07328,2020,6,15,"CA","HUMAN_OBSERVATION","Angelica lucida"
3985680051,"Angelica lucida",-125.140657,49.045932,2022,11,13,"CA","HUMAN_OBSERVATION","Angelica lucida"
3398758712,"Angelica lucida",-123.042922,49.049428,2021,8,1,"CA","HUMAN_OBSERVATION","Angelica lucida"
3802507602,"Angelica lucida",-123.018314,49.061168,2022,5,24,"CA","HUMAN_OBSERVATION","Angelica lucida"
3398676691,"Angelica lucida",-122.875924,49.054228,2021,7,5,"CA","HUMAN_OBSERVATION","Angelica lucida"
3743182656,"Angelica lucida",-125.673988,49.017864,2022,3,12,"CA","HUMAN_OBSERVATION","Angelica lucida"
3398688398,"Angelica lucida",-125.650262,49.004125,2018,4,22,"CA","HUMAN_OBSERVATION","Angelica lucida"
3784994469,"Angelica lucida",-123.051217,49.023605,2022,5,13,"CA","HUMAN_OBSERVATION","Angelica lucida"
3915354134,"Angelica lucida",-125.63048,48.997313,2022,9,20,"CA","HUMAN_OBSERVATION","Angelica lucida"
3398676548,"Angelica lucida",-125.616664,48.973451,2021,3,18,"CA","HUMAN_OBSERVATION","Angelica lucida"
4034871376,"Angelica lucida",-125.582305,48.974275,2022,3,12,"CA","HUMAN_OBSERVATION","Angelica lucida"
3398748460,"Angelica lucida",-125.587976,48.953283,2020,6,7,"CA","HUMAN_OBSERVATION","Angelica lucida"
3743348426,"Angelica lucida",-125.545425,48.937789,2022,2,20,"CA","HUMAN_OBSERVATION","Angelica lucida"
3398745553,"Angelica lucida",-125.535155,48.931697,2021,1,18,"CA","HUMAN_OBSERVATION","Angelica lucida"
3399083820,"Angelica lucida",-125.434688,48.955005,2021,9,12,"CA","HUMAN_OBSERVATION","Angelica lucida"
3858588820,"Angelica lucida",-125.311972,48.95089,2022,6,15,"CA","HUMAN_OBSERVATION","Angelica lucida"
3743218533,"Angelica lucida",-125.270778,48.938948,2022,3,11,"CA","HUMAN_OBSERVATION","Angelica lucida"
3398736465,"Angelica lucida",-125.291163,48.911031,2019,8,21,"CA","HUMAN_OBSERVATION","Angelica lucida"
3399169425,"Angelica lucida",-125.159636,48.873417,2019,5,25,"CA","HUMAN_OBSERVATION","Angelica lucida"
3058706388,"Angelica lucida",-125.115231,48.835133,2019,7,25,"CA","HUMAN_OBSERVATION","Angelica lucida"
3314148917,"Angelica lucida",-122.734385,48.857316,2021,6,19,"US","HUMAN_OBSERVATION","Angelica lucida"
3802689224,"Angelica lucida",-125.156625,48.812572,2022,5,21,"CA","HUMAN_OBSERVATION","Angelica lucida"
3873933582,"Angelica lucida",-125.118362,48.828251,2022,7,23,"CA","HUMAN_OBSERVATION","Angelica lucida"
3759557731,"Angelica lucida",-125.212104,48.78641,2022,4,9,"CA","HUMAN_OBSERVATION","Angelica lucida"
3398675440,"Angelica lucida",-125.155002,48.750335,2017,7,5,"CA","HUMAN_OBSERVATION","Angelica lucida"
3079729779,"Angelica lucida",-123.633833,48.761598,2020,5,5,"CA","HUMAN_OBSERVATION","Angelica lucida"
4018536638,"Angelica lucida",-64.415252,48.782958,2022,7,25,"CA","HUMAN_OBSERVATION","Angelica lucida"
3398760729,"Angelica lucida",-124.809067,48.683455,2021,7,21,"CA","HUMAN_OBSERVATION","Angelica lucida"
3399121464,"Angelica lucida",-124.809123,48.663443,2020,7,31,"CA","HUMAN_OBSERVATION","Angelica lucida"
3333156490,"Angelica lucida",-124.725289,48.598729,2021,6,16,"CA","HUMAN_OBSERVATION","Angelica lucida"
3398652623,"Angelica lucida",-123.946121,48.393013,2021,4,16,"CA","HUMAN_OBSERVATION","Angelica lucida"
1248692811,"Angelica lucida",-68.806987,48.335138,2006,6,28,"CA","PRESERVED_SPECIMEN","Angelica lucida"
3455407405,"Angelica lucida",-123.602088,48.319797,2021,11,20,"CA","HUMAN_OBSERVATION","Angelica lucida"
3455241111,"Angelica lucida",-124.732843,48.16291,2021,5,12,"US","HUMAN_OBSERVATION","Angelica lucida"
3747085839,"Angelica lucida",-124.638096,47.921246,2022,3,19,"US","HUMAN_OBSERVATION","Angelica lucida"
3902181370,"Angelica lucida",-122.598525,47.920444,2020,6,11,"US","HUMAN_OBSERVATION","Angelica lucida"
3802484019,"Angelica lucida",-124.531608,47.833875,2022,5,20,"US","HUMAN_OBSERVATION","Angelica lucida"
3773651483,"Angelica lucida",-65.253472,47.788217,2022,5,10,"CA","HUMAN_OBSERVATION","Angelica lucida"
1248692897,"Angelica lucida",-69.725,47.679722,2011,7,17,"CA","PRESERVED_SPECIMEN","Angelica lucida"
2579273619,"Angelica lucida",-64.776844,47.678794,2017,11,15,"CA","HUMAN_OBSERVATION","Angelica lucida"
3456844542,"Angelica lucida",-124.38903,47.651117,2021,7,18,"US","HUMAN_OBSERVATION","Angelica lucida"
1453093108,"Angelica lucida",-64.769381,47.663082,2016,6,17,"CA","HUMAN_OBSERVATION","Angelica lucida"
3985769985,"Angelica lucida",-124.376294,47.612771,2022,11,11,"US","HUMAN_OBSERVATION","Angelica lucida"
3986102965,"Angelica lucida",-124.371117,47.604774,2022,10,17,"US","HUMAN_OBSERVATION","Angelica lucida"
1803148776,"Angelica lucida",-69.7975,47.615,2000,7,26,"CA","PRESERVED_SPECIMEN","Angelica lucida"
1453078885,"Angelica lucida",-64.869375,47.535399,2014,7,2,"CA","HUMAN_OBSERVATION","Angelica lucida"
3923512493,"Angelica lucida",-122.374872,47.387222,2022,6,22,"US","HUMAN_OBSERVATION","Angelica lucida"
3338067301,"Angelica lucida",-123.155022,47.348817,2021,8,3,"US","HUMAN_OBSERVATION","Angelica lucida"
2626485203,"Angelica lucida",-122.384986,47.325894,2020,5,10,"US","HUMAN_OBSERVATION","Angelica lucida"
3759180645,"Angelica lucida",-64.967234,47.279172,2021,7,8,"CA","HUMAN_OBSERVATION","Angelica lucida"
3764197397,"Angelica lucida",-124.201112,47.194483,2021,10,23,"US","HUMAN_OBSERVATION","Angelica lucida"
3455181945,"Angelica lucida",-124.184273,47.110918,2021,3,27,"US","HUMAN_OBSERVATION","Angelica lucida"
3903374592,"Angelica lucida",-124.171326,47.033203,2022,9,3,"US","HUMAN_OBSERVATION","Angelica lucida"
1837783205,"Angelica lucida",-124.164563,47.033031,2013,7,20,"US","HUMAN_OBSERVATION","Angelica lucida"
3456480446,"Angelica lucida",-123.800728,46.976708,2021,5,15,"US","HUMAN_OBSERVATION","Angelica lucida"
3355138427,"Angelica lucida",-124.149528,46.946911,2021,8,9,"US","HUMAN_OBSERVATION","Angelica lucida"
3416175550,"Angelica lucida",-123.908822,46.933708,2021,11,13,"US","HUMAN_OBSERVATION","Angelica lucida"
3764082670,"Angelica lucida",-123.987428,46.890566,2022,4,22,"US","HUMAN_OBSERVATION","Angelica lucida"
3892506471,"Angelica lucida",-54.182375,46.821015,2022,7,6,"CA","HUMAN_OBSERVATION","Angelica lucida"
3455346417,"Angelica lucida",-124.098862,46.785578,2020,6,20,"US","HUMAN_OBSERVATION","Angelica lucida"
3383919920,"Angelica lucida",-53.073419,46.657794,2021,7,24,"CA","HUMAN_OBSERVATION","Angelica lucida"
3881889439,"Angelica lucida",-124.046333,46.61272,2022,7,30,"US","HUMAN_OBSERVATION","Angelica lucida"
3915475752,"Angelica lucida",-63.804742,46.615903,2022,9,7,"CA","HUMAN_OBSERVATION","Angelica lucida"
465936273,"Angelica lucida",-63.7275,46.585278,2005,10,4,"CA","PRESERVED_SPECIMEN","Angelica lucida"
1914323842,"Angelica lucida",-124.024052,46.518303,2018,9,27,"US","HUMAN_OBSERVATION","Angelica lucida"
3820727860,"Angelica lucida",-123.89438,46.5069,2008,9,10,"US","PRESERVED_SPECIMEN","Angelica lucida"
3820656809,"Angelica lucida",-123.894583,46.426667,2003,7,9,"US","PRESERVED_SPECIMEN","Angelica lucida"
465936276,"Angelica lucida",-62.973183,46.386823,2006,10,6,"CA","PRESERVED_SPECIMEN","Angelica lucida"
3456682839,"Angelica lucida",-124.077534,46.298515,2021,7,18,"US","HUMAN_OBSERVATION","Angelica lucida"
2311380244,"Angelica lucida",-124.009583,46.3194,2019,7,29,"US","HUMAN_OBSERVATION","Angelica lucida"
1562978204,"Angelica lucida",-124.010685,46.267197,2017,5,23,"US","HUMAN_OBSERVATION","Angelica lucida"
1562959462,"Angelica lucida",-124.00284,46.216861,2017,5,19,"US","HUMAN_OBSERVATION","Angelica lucida"
3384608191,"Angelica lucida",-60.766667,46.216667,2021,8,29,"CA","HUMAN_OBSERVATION","Angelica lucida"
465861440,"Angelica lucida",-60.7492,46.1667,2001,5,10,"CA","PRESERVED_SPECIMEN","Angelica lucida"
3455335382,"Angelica lucida",-123.897081,46.165785,2017,7,16,"US","HUMAN_OBSERVATION","Angelica lucida"
2802923058,"Angelica lucida",-123.936919,46.092176,2020,6,10,"US","HUMAN_OBSERVATION","Angelica lucida"
2641598576,"Angelica lucida",-123.876138,46.117995,2020,6,10,"US","HUMAN_OBSERVATION","Angelica lucida"
2988557583,"Angelica lucida",-123.92861,46.028567,2020,7,17,"US","HUMAN_OBSERVATION","Angelica lucida"
2573783836,"Angelica lucida",-59.687266,46.021974,2007,7,23,"CA","HUMAN_OBSERVATION","Angelica lucida"
2862493939,"Angelica lucida",-123.933471,45.985105,2020,9,6,"US","HUMAN_OBSERVATION","Angelica lucida"
3859399415,"Angelica lucida",-123.975386,45.918832,2022,5,26,"US","HUMAN_OBSERVATION","Angelica lucida"
3858475154,"Angelica lucida",-123.962075,45.892925,2022,6,1,"US","HUMAN_OBSERVATION","Angelica lucida"
3859888411,"Angelica lucida",-123.963618,45.857189,2022,6,2,"US","HUMAN_OBSERVATION","Angelica lucida"
3455209821,"Angelica lucida",-123.967295,45.783387,2020,11,23,"US","HUMAN_OBSERVATION","Angelica lucida"
1272113202,"Angelica lucida",-123.828217,45.772906,2016,6,14,"US","HUMAN_OBSERVATION","Angelica lucida"
3872964796,"Angelica lucida",-123.963739,45.745982,2022,6,25,"US","HUMAN_OBSERVATION","Angelica lucida"
3947672990,"Angelica lucida",-123.955867,45.507989,2022,10,8,"US","HUMAN_OBSERVATION","Angelica lucida"
3456280970,"Angelica lucida",-123.968947,45.472953,2021,4,2,"US","HUMAN_OBSERVATION","Angelica lucida"
3902936877,"Angelica lucida",-64.455648,45.391357,2022,9,3,"CA","HUMAN_OBSERVATION","Angelica lucida"
3383896514,"Angelica lucida",-64.091389,45.385556,2020,8,20,"CA","HUMAN_OBSERVATION","Angelica lucida"
3383884516,"Angelica lucida",-60.978833,45.319712,2020,7,18,"CA","HUMAN_OBSERVATION","Angelica lucida"
3456066039,"Angelica lucida",-123.960105,45.283475,2021,10,10,"US","HUMAN_OBSERVATION","Angelica lucida"
3902217793,"Angelica lucida",-123.979191,45.112691,2022,7,28,"US","HUMAN_OBSERVATION","Angelica lucida"
3391294578,"Angelica lucida",-66.36055,45.118703,2021,10,2,"CA","HUMAN_OBSERVATION","Angelica lucida"
3949651209,"Angelica lucida",-123.978084,45.028308,2022,7,6,"US","HUMAN_OBSERVATION","Angelica lucida"
3330751683,"Angelica lucida",-124.020393,44.927261,2021,7,15,"US","HUMAN_OBSERVATION","Angelica lucida"
3873347749,"Angelica lucida",-124.026965,44.891178,2022,6,30,"US","HUMAN_OBSERVATION","Angelica lucida"
3455253824,"Angelica lucida",-124.065509,44.8296,2020,8,16,"US","HUMAN_OBSERVATION","Angelica lucida"
3335117023,"Angelica lucida",-62.718595,44.792433,2021,8,1,"CA","HUMAN_OBSERVATION","Angelica lucida"
1928515694,"Angelica lucida",-67.099386,44.730375,2013,8,6,"US","PRESERVED_SPECIMEN","Angelica lucida"
3858670644,"Angelica lucida",-124.062211,44.673253,2022,5,29,"US","HUMAN_OBSERVATION","Angelica lucida"
3059028492,"Angelica lucida",-66.759722,44.687222,2020,6,29,"CA","HUMAN_OBSERVATION","Angelica lucida"
3455785875,"Angelica lucida",-124.01133,44.627164,2020,6,14,"US","HUMAN_OBSERVATION","Angelica lucida"
3327791487,"Angelica lucida",-124.04412,44.61967,2021,6,21,"US","HUMAN_OBSERVATION","Angelica lucida"
3873018900,"Angelica lucida",-124.041551,44.621031,2022,7,3,"US","HUMAN_OBSERVATION","Angelica lucida"
1931511809,"Angelica lucida",-67.484511,44.611208,2018,10,15,"US","HUMAN_OBSERVATION","Angelica lucida"
3859738262,"Angelica lucida",-65.930512,44.615938,2022,6,26,"CA","HUMAN_OBSERVATION","Angelica lucida"
3456552815,"Angelica lucida",-124.067836,44.580647,2021,7,3,"US","HUMAN_OBSERVATION","Angelica lucida"
2311304057,"Angelica lucida",-66.755868,44.581902,2019,7,7,"CA","HUMAN_OBSERVATION","Angelica lucida"
3383898691,"Angelica lucida",-63.550775,44.572717,2021,4,25,"CA","HUMAN_OBSERVATION","Angelica lucida"
3860647316,"Angelica lucida",-124.073748,44.521395,2022,6,26,"US","HUMAN_OBSERVATION","Angelica lucida"
3873720594,"Angelica lucida",-124.08123,44.461056,2022,3,22,"US","HUMAN_OBSERVATION","Angelica lucida"
1950033475,"Angelica lucida",-67.910762,44.49176,2015,7,11,"US","HUMAN_OBSERVATION","Angelica lucida"
3384388459,"Angelica lucida",-63.654379,44.46451,2020,6,15,"CA","HUMAN_OBSERVATION","Angelica lucida"
3383957498,"Angelica lucida",-63.622744,44.448578,2020,6,27,"CA","HUMAN_OBSERVATION","Angelica lucida"
3301783584,"Angelica lucida",-124.088757,44.380706,2021,4,30,"US","HUMAN_OBSERVATION","Angelica lucida"
2573901966,"Angelica lucida",-68.051489,44.336633,2019,6,29,"US","HUMAN_OBSERVATION","Angelica lucida"
3118266173,"Angelica lucida",-66.271151,44.346236,2021,5,16,"CA","HUMAN_OBSERVATION","Angelica lucida"
3949733303,"Angelica lucida",-124.106911,44.303665,2021,7,22,"US","HUMAN_OBSERVATION","Angelica lucida"
3698085719,"Angelica lucida",-124.111126,44.284041,2022,2,7,"US","HUMAN_OBSERVATION","Angelica lucida"
3384127081,"Angelica lucida",-68.268185,44.285045,2021,9,24,"US","HUMAN_OBSERVATION","Angelica lucida"
3889047443,"Angelica lucida",-66.342413,44.253595,2022,6,16,"CA","HUMAN_OBSERVATION","Angelica lucida"
3079678239,"Angelica lucida",-124.110993,44.223914,2021,3,30,"US","HUMAN_OBSERVATION","Angelica lucida"
3384238538,"Angelica lucida",-64.379892,44.193297,2020,8,18,"CA","HUMAN_OBSERVATION","Angelica lucida"
3949032175,"Angelica lucida",-124.128347,44.137327,2020,8,29,"US","HUMAN_OBSERVATION","Angelica lucida"
3079733286,"Angelica lucida",-124.132267,44.016447,2021,3,30,"US","HUMAN_OBSERVATION","Angelica lucida"
1257878824,"Angelica lucida",-124.145833,43.8775,2006,8,4,"US","PRESERVED_SPECIMEN","Angelica lucida"
3455250515,"Angelica lucida",-64.831461,43.852863,2019,9,4,"CA","HUMAN_OBSERVATION","Angelica lucida"
3307491266,"Angelica lucida",-66.154535,43.793583,2021,6,17,"CA","HUMAN_OBSERVATION","Angelica lucida"
620536411,"Angelica lucida",-64.931776,43.815194,2003,8,29,"CA","PRESERVED_SPECIMEN","Angelica lucida"
2579224676,"Angelica lucida",-65.850961,43.750319,2019,7,21,"CA","HUMAN_OBSERVATION","Angelica lucida"
3383832500,"Angelica lucida",-65.619535,43.408186,2020,7,22,"CA","HUMAN_OBSERVATION","Angelica lucida"
3455273869,"Angelica lucida",-124.415014,43.143626,2020,8,12,"US","HUMAN_OBSERVATION","Angelica lucida"
3998118374,"Angelica lucida",-124.560217,42.835866,2022,6,2,"US","HUMAN_OBSERVATION","Angelica lucida"
3455307572,"Angelica lucida",-124.534082,42.870082,2020,6,23,"US","HUMAN_OBSERVATION","Angelica lucida"
3872899488,"Angelica lucida",-70.590733,42.627432,2021,6,20,"US","HUMAN_OBSERVATION","Angelica lucida"
3947423258,"Angelica lucida",-70.896716,42.331516,2022,10,13,"US","HUMAN_OBSERVATION","Angelica lucida"
3307413422,"Angelica lucida",-69.956421,41.808726,2021,5,17,"US","HUMAN_OBSERVATION","Angelica lucida"
3398863217,"Angelica lucida",-70.65064,41.539587,2021,10,25,"US","HUMAN_OBSERVATION","Angelica lucida"
3947135829,"Angelica lucida",-70.719047,41.472967,2022,10,16,"US","HUMAN_OBSERVATION","Angelica lucida"
3961196948,"Angelica lucida",-70.71134,41.41629,2022,10,27,"US","HUMAN_OBSERVATION","Angelica lucida"
2422416942,"Angelica lucida",-71.72111,41.33556,2005,7,21,"US","PRESERVED_SPECIMEN","Angelica lucida"
3859339664,"Angelica lucida",-124.091847,41.088178,2022,6,24,"US","HUMAN_OBSERVATION","Angelica lucida"
3764142420,"Angelica lucida",-124.030619,41.102151,2022,3,1,"US","HUMAN_OBSERVATION","Angelica lucida"
