"gbifID","species","longitude","latitude","year","month","day","countryCode","accepted_name","bio1"
3986190749,"Angelica tomentosa",-122.511618,41.31998,2022,8,11,"US","Angelica tomentosa",5.30211210250854
3985619759,"Angelica tomentosa",-122.489517,41.315992,2022,8,12,"US","Angelica tomentosa",4.22442722320557
3985627804,"Angelica tomentosa",-122.378844,41.252133,2022,8,20,"US","Angelica tomentosa",8.68173217773438
2422507163,"Angelica tomentosa",-123.81861,41.15583,2003,7,30,"US","Angelica tomentosa",11.2689743041992
2982077916,"Angelica tomentosa",-123.551771,41.089544,2010,8,10,"US","Angelica tomentosa",9.28546905517578
2982034912,"Angelica tomentosa",-123.721394,40.86197,2007,7,10,"US","Angelica tomentosa",9.37181282043457
2982030908,"Angelica tomentosa",-123.702427,40.844494,2007,7,25,"US","Angelica tomentosa",10.329704284668
2982074903,"Angelica tomentosa",-123.6787,40.786108,2008,8,16,"US","Angelica tomentosa",9.08324813842773
2982003383,"Angelica tomentosa",-123.703934,40.698628,2008,8,6,"US","Angelica tomentosa",9.15822982788086
2422349431,"Angelica tomentosa",-123.13617,40.401,2001,7,8,"US","Angelica tomentosa",9.08664131164551
2418049324,"Angelica tomentosa",-122.640833,39.7105559990725,2011,6,11,"US","Angelica tomentosa",13.084114074707
3070479100,"Angelica tomentosa",-122.415481,39.387941,2020,6,3,"US","Angelica tomentosa",16.677978515625
2421711865,"Angelica tomentosa",-122.470556,38.9363889990775,2010,6,26,"US","Angelica tomentosa",13.9892778396606
2620100304,"Angelica tomentosa",-122.754203,38.732136,2015,6,25,"US","Angelica tomentosa",14.1920938491821
3784882908,"Angelica tomentosa",-122.790318,38.693192,2022,5,14,"US","Angelica tomentosa",14.8740196228027
3307231584,"Angelica tomentosa",-122.358217,38.646019,2021,6,6,"US","Angelica tomentosa",15.6268939971924
3503053318,"Angelica tomentosa",-122.266389,38.563361,2020,5,16,"US","Angelica tomentosa",14.9683790206909
3059704747,"Angelica tomentosa",-123.1206,38.436,2011,9,17,"US","Angelica tomentosa",13.6146211624146
3456736462,"Angelica tomentosa",-122.505613,38.43892,2022,1,14,"US","Angelica tomentosa",14.4715385437012
1571060953,"Angelica tomentosa",-122.660165,37.991851,2016,6,6,"US","Angelica tomentosa",13.9258871078491
4006713388,"Angelica tomentosa",-122.593373,37.97208,2021,6,6,"US","Angelica tomentosa",14.7129669189453
4006525379,"Angelica tomentosa",-122.603768,37.913971,2021,6,18,"US","Angelica tomentosa",13.9942789077759
2242789872,"Angelica tomentosa",-122.487762,37.83728,2019,4,29,"US","Angelica tomentosa",14.65452003479
1135352892,"Angelica tomentosa",-122.341832,37.435112,2015,8,8,"US","Angelica tomentosa",13.6527347564697
3391289483,"Angelica tomentosa",-121.509178,37.429344,2021,8,3,"US","Angelica tomentosa",14.4609832763672
3902031223,"Angelica tomentosa",-122.232772,37.409669,2022,6,4,"US","Angelica tomentosa",14.3968420028687
1883526426,"Angelica tomentosa",-121.959397,37.196647,2018,7,14,"US","Angelica tomentosa",14.9896106719971
2459168877,"Angelica tomentosa",-122.141108,37.104346,2014,4,29,"US","Angelica tomentosa",13.709846496582
2432123262,"Angelica tomentosa",-122.223,37.04141,2019,6,13,"US","Angelica tomentosa",13.9565439224243
2459167194,"Angelica tomentosa",-121.96552,37.00901,2004,9,7,"US","Angelica tomentosa",14.587872505188
3872959231,"Angelica tomentosa",-119.82886,34.798532,2022,7,3,"US","Angelica tomentosa",14.1608009338379
3053446409,"Angelica tomentosa",-119.65286,34.70322,2018,6,19,"US","Angelica tomentosa",10.8809537887573
2422422847,"Angelica tomentosa",-117.27728,34.26853,2004,7,28,"US","Angelica tomentosa",13.9235897064209
2422409376,"Angelica tomentosa",-117.46989,34.19739,2004,6,30,"US","Angelica tomentosa",16.1562767028809
3112833481,"Angelica tomentosa",-116.807914,33.838986,2021,5,4,"US","Angelica tomentosa",15.0973443984985
2430038181,"Angelica tomentosa",-116.77488,33.81005,2010,8,14,"US","Angelica tomentosa",12.603666305542
2243010391,"Angelica tomentosa",-116.750921,33.731577,2019,5,14,"US","Angelica tomentosa",15.1113595962524
2429609480,"Angelica tomentosa",-116.705806,33.724211,2019,10,14,"US","Angelica tomentosa",12.0116558074951
2382637176,"Angelica tomentosa",-116.90028,33.33861,2002,7,26,"US","Angelica tomentosa",13.3126573562622
3327746787,"Angelica tomentosa",-116.870903,33.34828,2021,7,8,"US","Angelica tomentosa",13.0997095108032
2823113978,"Angelica tomentosa",-116.896828,33.328938,2020,7,17,"US","Angelica tomentosa",14.5609722137451
1993719487,"Angelica tomentosa",-116.830872,33.308521,2018,7,18,"US","Angelica tomentosa",13.527850151062
2269269130,"Angelica tomentosa",-116.600389,33.00993,2019,6,16,"US","Angelica tomentosa",13.1079721450806
2382639223,"Angelica tomentosa",-116.60244,32.98289,2009,9,1,"US","Angelica tomentosa",12.7699003219604
