"gbifID","species","longitude","latitude","year","month","day","countryCode","basisOfRecord","accepted_name"
473311051,"Angelica atropurpurea",-55.365556,51.965,2004,8,17,"CA","PRESERVED_SPECIMEN","Angelica atropurpurea"
2445129478,"Angelica atropurpurea",-80.691147,51.799421,2019,8,22,"CA","HUMAN_OBSERVATION","Angelica atropurpurea"
2802591472,"Angelica atropurpurea",-55.989597,51.591022,2019,8,19,"CA","HUMAN_OBSERVATION","Angelica atropurpurea"
2429232535,"Angelica atropurpurea",-55.935781,51.612867,2019,8,19,"CA","HUMAN_OBSERVATION","Angelica atropurpurea"
3889102843,"Angelica atropurpurea",-55.542733,51.592828,2022,8,7,"CA","HUMAN_OBSERVATION","Angelica atropurpurea"
4018548726,"Angelica atropurpurea",-55.533804,51.595304,2022,7,29,"CA","HUMAN_OBSERVATION","Angelica atropurpurea"
473310667,"Angelica atropurpurea",-56.931667,51.4925,2004,8,2,"CA","PRESERVED_SPECIMEN","Angelica atropurpurea"
1248692801,"Angelica atropurpurea",-57.161944,51.423333,2006,8,3,"CA","PRESERVED_SPECIMEN","Angelica atropurpurea"
1803139881,"Angelica atropurpurea",-57.203056,51.411389,2005,7,28,"CA","PRESERVED_SPECIMEN","Angelica atropurpurea"
3333123568,"Angelica atropurpurea",-56.671929,51.342084,2021,7,18,"CA","HUMAN_OBSERVATION","Angelica atropurpurea"
2626486401,"Angelica atropurpurea",-55.560347,51.356758,2019,9,19,"CA","HUMAN_OBSERVATION","Angelica atropurpurea"
3337395928,"Angelica atropurpurea",-56.738281,51.312142,2021,8,11,"CA","HUMAN_OBSERVATION","Angelica atropurpurea"
2366116432,"Angelica atropurpurea",-56.692036,51.326783,2019,8,19,"CA","HUMAN_OBSERVATION","Angelica atropurpurea"
3337618390,"Angelica atropurpurea",-56.965299,50.895957,2021,8,14,"CA","HUMAN_OBSERVATION","Angelica atropurpurea"
3032074740,"Angelica atropurpurea",-56.931841,50.82535,2009,9,3,"CA","HUMAN_OBSERVATION","Angelica atropurpurea"
3888716491,"Angelica atropurpurea",-57.406328,50.697778,2022,7,11,"CA","HUMAN_OBSERVATION","Angelica atropurpurea"
4028700809,"Angelica atropurpurea",-90.501105,47.777828,2022,7,31,"US","HUMAN_OBSERVATION","Angelica atropurpurea"
3339877333,"Angelica atropurpurea",-90.475153,47.718723,2009,7,27,"US","PRESERVED_SPECIMEN","Angelica atropurpurea"
668743478,"Angelica atropurpurea",-68.498611,47.613611,2011,10,30,"CA","PRESERVED_SPECIMEN","Angelica atropurpurea"
1890700563,"Angelica atropurpurea",-67.043013,47.589808,2018,7,26,"CA","HUMAN_OBSERVATION","Angelica atropurpurea"
4028729324,"Angelica atropurpurea",-91.169251,47.40233,2019,9,15,"US","HUMAN_OBSERVATION","Angelica atropurpurea"
1805413566,"Angelica atropurpurea",-66.495587,47.391423,2012,7,17,"CA","HUMAN_OBSERVATION","Angelica atropurpurea"
2574063090,"Angelica atropurpurea",-68.746881,47.223105,2019,7,9,"CA","HUMAN_OBSERVATION","Angelica atropurpurea"
3947056763,"Angelica atropurpurea",-70.316501,47.162025,2022,8,27,"CA","HUMAN_OBSERVATION","Angelica atropurpurea"
2542904424,"Angelica atropurpurea",-70.536396,47.091621,2019,8,31,"CA","HUMAN_OBSERVATION","Angelica atropurpurea"
4018167570,"Angelica atropurpurea",-70.779442,47.075967,2022,7,8,"CA","HUMAN_OBSERVATION","Angelica atropurpurea"
3466251846,"Angelica atropurpurea",-70.538619,47.058335,2011,7,30,"CA","HUMAN_OBSERVATION","Angelica atropurpurea"
2574223155,"Angelica atropurpurea",-67.761517,47.058363,2019,7,31,"CA","HUMAN_OBSERVATION","Angelica atropurpurea"
2013691056,"Angelica atropurpurea",-67.730182,47.024568,2018,8,1,"CA","HUMAN_OBSERVATION","Angelica atropurpurea"
2529311239,"Angelica atropurpurea",-65.559748,47.02667,2005,6,14,"CA","HUMAN_OBSERVATION","Angelica atropurpurea"
3337431906,"Angelica atropurpurea",-70.963889,46.976111,2021,8,1,"CA","HUMAN_OBSERVATION","Angelica atropurpurea"
4009848307,"Angelica atropurpurea",-60.499566,46.989481,2017,8,1,"CA","HUMAN_OBSERVATION","Angelica atropurpurea"
465861448,"Angelica atropurpurea",-63.987363,46.918243,2001,6,11,"CA","PRESERVED_SPECIMEN","Angelica atropurpurea"
4009945302,"Angelica atropurpurea",-60.649055,46.923758,2017,8,3,"CA","HUMAN_OBSERVATION","Angelica atropurpurea"
465895690,"Angelica atropurpurea",-64.072778,46.848889,2004,5,16,"CA","PRESERVED_SPECIMEN","Angelica atropurpurea"
3873737301,"Angelica atropurpurea",-90.81701,46.812905,2022,7,10,"US","HUMAN_OBSERVATION","Angelica atropurpurea"
1248692720,"Angelica atropurpurea",-71.270833,46.781944,2006,6,19,"CA","PRESERVED_SPECIMEN","Angelica atropurpurea"
3873227153,"Angelica atropurpurea",-92.05497,46.716877,2022,7,11,"US","HUMAN_OBSERVATION","Angelica atropurpurea"
2574195816,"Angelica atropurpurea",-90.886281,46.747071,2019,7,23,"US","HUMAN_OBSERVATION","Angelica atropurpurea"
2576284170,"Angelica atropurpurea",-89.16123,46.709931,2019,8,24,"US","HUMAN_OBSERVATION","Angelica atropurpurea"
2252082029,"Angelica atropurpurea",-71.284271,46.713131,2019,6,5,"CA","HUMAN_OBSERVATION","Angelica atropurpurea"
2456552659,"Angelica atropurpurea",-89.059269,46.670361,2019,7,23,"US","HUMAN_OBSERVATION","Angelica atropurpurea"
3888844484,"Angelica atropurpurea",-71.878593,46.682343,2022,7,10,"CA","HUMAN_OBSERVATION","Angelica atropurpurea"
465938063,"Angelica atropurpurea",-64.113333,46.671111,2003,6,16,"CA","PRESERVED_SPECIMEN","Angelica atropurpurea"
4009943310,"Angelica atropurpurea",-64.078701,46.684091,2017,7,25,"CA","HUMAN_OBSERVATION","Angelica atropurpurea"
2851212117,"Angelica atropurpurea",-89.117994,46.647367,2020,8,7,"US","HUMAN_OBSERVATION","Angelica atropurpurea"
4028782377,"Angelica atropurpurea",-90.953137,46.571019,2020,7,15,"US","HUMAN_OBSERVATION","Angelica atropurpurea"
2980827693,"Angelica atropurpurea",-63.898052,46.575902,2020,10,30,"CA","HUMAN_OBSERVATION","Angelica atropurpurea"
1948731589,"Angelica atropurpurea",-63.911854,46.451412,2018,6,26,"CA","HUMAN_OBSERVATION","Angelica atropurpurea"
465861455,"Angelica atropurpurea",-62.875153,46.367607,2001,7,9,"CA","PRESERVED_SPECIMEN","Angelica atropurpurea"
3889200559,"Angelica atropurpurea",-62.663972,46.369959,2022,7,28,"CA","HUMAN_OBSERVATION","Angelica atropurpurea"
465938060,"Angelica atropurpurea",-62.413056,46.353611,2005,9,14,"CA","PRESERVED_SPECIMEN","Angelica atropurpurea"
3499359367,"Angelica atropurpurea",-75.865975,46.297538,2021,6,19,"CA","HUMAN_OBSERVATION","Angelica atropurpurea"
3455541796,"Angelica atropurpurea",-72.516273,46.297265,2010,6,23,"CA","HUMAN_OBSERVATION","Angelica atropurpurea"
1572381287,"Angelica atropurpurea",-92.191648,46.287634,2017,7,8,"US","HUMAN_OBSERVATION","Angelica atropurpurea"
1901025677,"Angelica atropurpurea",-87.492371,46.198211,2017,9,9,"US","HUMAN_OBSERVATION","Angelica atropurpurea"
1901025678,"Angelica atropurpurea",-87.295363,46.196499,2017,9,9,"US","HUMAN_OBSERVATION","Angelica atropurpurea"
2826538665,"Angelica atropurpurea",-85.502255,46.156782,2020,7,29,"US","HUMAN_OBSERVATION","Angelica atropurpurea"
2331941028,"Angelica atropurpurea",-87.272189,46.005001,2019,8,1,"US","HUMAN_OBSERVATION","Angelica atropurpurea"
1584407421,"Angelica atropurpurea",-65.143341,46.03552,2017,7,19,"CA","HUMAN_OBSERVATION","Angelica atropurpurea"
2802688143,"Angelica atropurpurea",-93.412588,45.969412,2020,6,20,"US","HUMAN_OBSERVATION","Angelica atropurpurea"
3858714384,"Angelica atropurpurea",-86.971403,45.97517,2022,6,27,"US","HUMAN_OBSERVATION","Angelica atropurpurea"
4018582629,"Angelica atropurpurea",-66.821288,45.966703,2022,8,5,"CA","HUMAN_OBSERVATION","Angelica atropurpurea"
465861423,"Angelica atropurpurea",-62.614956,45.968035,2000,8,8,"CA","PRESERVED_SPECIMEN","Angelica atropurpurea"
1099969410,"Angelica atropurpurea",-93.315334,45.894186,2015,7,2,"US","HUMAN_OBSERVATION","Angelica atropurpurea"
2814195280,"Angelica atropurpurea",-86.947114,45.895003,2020,7,6,"US","HUMAN_OBSERVATION","Angelica atropurpurea"
2901542754,"Angelica atropurpurea",-72.075131,45.854083,2017,8,7,"CA","HUMAN_OBSERVATION","Angelica atropurpurea"
4018184453,"Angelica atropurpurea",-71.159213,45.842614,2020,7,20,"CA","HUMAN_OBSERVATION","Angelica atropurpurea"
3873156313,"Angelica atropurpurea",-86.825158,45.779892,2022,7,9,"US","HUMAN_OBSERVATION","Angelica atropurpurea"
3988436378,"Angelica atropurpurea",-74.868545,45.718045,2021,6,19,"CA","HUMAN_OBSERVATION","Angelica atropurpurea"
686195115,"Angelica atropurpurea",-61.28833,45.72333,2009,8,14,"CA","PRESERVED_SPECIMEN","Angelica atropurpurea"
465894356,"Angelica atropurpurea",-61.278889,45.686667,2001,8,7,"CA","PRESERVED_SPECIMEN","Angelica atropurpurea"
2992852482,"Angelica atropurpurea",-71.778603,45.524088,2020,8,22,"CA","HUMAN_OBSERVATION","Angelica atropurpurea"
3873171331,"Angelica atropurpurea",-76.219866,45.47993,2022,7,4,"CA","HUMAN_OBSERVATION","Angelica atropurpurea"
1500345614,"Angelica atropurpurea",-92.64791,45.44865,2017,5,2,"US","HUMAN_OBSERVATION","Angelica atropurpurea"
3124678684,"Angelica atropurpurea",-85.063799,45.455095,2021,5,26,"US","HUMAN_OBSERVATION","Angelica atropurpurea"
1621769576,"Angelica atropurpurea",-84.864056,45.412663,2015,7,28,"US","HUMAN_OBSERVATION","Angelica atropurpurea"
2859890445,"Angelica atropurpurea",-84.615333,45.37965,2020,7,8,"US","HUMAN_OBSERVATION","Angelica atropurpurea"
3903531975,"Angelica atropurpurea",-71.95719,45.384314,2021,7,31,"CA","HUMAN_OBSERVATION","Angelica atropurpurea"
4028822415,"Angelica atropurpurea",-93.584597,45.296165,2020,6,26,"US","HUMAN_OBSERVATION","Angelica atropurpurea"
2641456387,"Angelica atropurpurea",-92.759413,45.295617,2020,5,30,"US","HUMAN_OBSERVATION","Angelica atropurpurea"
3859841259,"Angelica atropurpurea",-92.70492,45.319155,2022,6,11,"US","HUMAN_OBSERVATION","Angelica atropurpurea"
2580098981,"Angelica atropurpurea",-87.437812,45.309201,2019,8,15,"US","HUMAN_OBSERVATION","Angelica atropurpurea"
1640041458,"Angelica atropurpurea",-85.215934,45.325361,2017,7,15,"US","HUMAN_OBSERVATION","Angelica atropurpurea"
3785139817,"Angelica atropurpurea",-81.732763,45.323881,2022,5,17,"CA","HUMAN_OBSERVATION","Angelica atropurpurea"
3988673263,"Angelica atropurpurea",-74.048316,45.292107,2015,6,6,"CA","HUMAN_OBSERVATION","Angelica atropurpurea"
3314507575,"Angelica atropurpurea",-74.218724,45.267263,2021,6,17,"CA","HUMAN_OBSERVATION","Angelica atropurpurea"
3873062995,"Angelica atropurpurea",-74.164986,45.27845,2022,7,15,"CA","HUMAN_OBSERVATION","Angelica atropurpurea"
2397497892,"Angelica atropurpurea",-84.589693,45.223512,2019,8,10,"US","HUMAN_OBSERVATION","Angelica atropurpurea"
2251856291,"Angelica atropurpurea",-81.712667,45.230213,2019,5,20,"CA","HUMAN_OBSERVATION","Angelica atropurpurea"
3355049588,"Angelica atropurpurea",-73.992074,45.228539,2021,7,4,"CA","HUMAN_OBSERVATION","Angelica atropurpurea"
2283176475,"Angelica atropurpurea",-72.509605,45.217322,2019,7,5,"CA","HUMAN_OBSERVATION","Angelica atropurpurea"
3302181116,"Angelica atropurpurea",-92.98797,45.168063,2021,6,1,"US","HUMAN_OBSERVATION","Angelica atropurpurea"
3302158820,"Angelica atropurpurea",-92.762633,45.171313,2021,6,3,"US","HUMAN_OBSERVATION","Angelica atropurpurea"
3958820280,"Angelica atropurpurea",-89.68075,45.194114,2021,7,23,"US","HUMAN_OBSERVATION","Angelica atropurpurea"
4028601325,"Angelica atropurpurea",-93.313575,45.136586,2018,6,13,"US","HUMAN_OBSERVATION","Angelica atropurpurea"
3325839674,"Angelica atropurpurea",-92.97248,45.150897,2021,7,2,"US","HUMAN_OBSERVATION","Angelica atropurpurea"
3301878573,"Angelica atropurpurea",-92.95607,45.163433,2021,5,31,"US","HUMAN_OBSERVATION","Angelica atropurpurea"
3338131325,"Angelica atropurpurea",-85.203104,45.141109,2021,8,11,"US","HUMAN_OBSERVATION","Angelica atropurpurea"
2251939660,"Angelica atropurpurea",-74.616667,45.094722,2019,5,26,"CA","HUMAN_OBSERVATION","Angelica atropurpurea"
3330822552,"Angelica atropurpurea",-64.296272,45.105328,2021,7,2,"CA","HUMAN_OBSERVATION","Angelica atropurpurea"
2851163587,"Angelica atropurpurea",-93.522317,45.058047,2020,6,29,"US","HUMAN_OBSERVATION","Angelica atropurpurea"
3888816460,"Angelica atropurpurea",-72.825108,45.045874,2022,7,8,"CA","HUMAN_OBSERVATION","Angelica atropurpurea"
3859681023,"Angelica atropurpurea",-92.683728,45.021155,2022,6,24,"US","HUMAN_OBSERVATION","Angelica atropurpurea"
2999139345,"Angelica atropurpurea",-74.650241,45.033934,2019,8,3,"CA","HUMAN_OBSERVATION","Angelica atropurpurea"
3314578500,"Angelica atropurpurea",-72.821158,45.041528,2021,6,24,"CA","HUMAN_OBSERVATION","Angelica atropurpurea"
3333252452,"Angelica atropurpurea",-92.698058,44.991347,2021,5,31,"US","HUMAN_OBSERVATION","Angelica atropurpurea"
2999197431,"Angelica atropurpurea",-75.825036,44.966557,2020,7,8,"CA","HUMAN_OBSERVATION","Angelica atropurpurea"
3994035319,"Angelica atropurpurea",-73.199849,44.966309,2019,6,17,"US","HUMAN_OBSERVATION","Angelica atropurpurea"
2626530708,"Angelica atropurpurea",-72.698366,44.982,2020,5,11,"US","HUMAN_OBSERVATION","Angelica atropurpurea"
3325504555,"Angelica atropurpurea",-93.040812,44.945857,2021,7,1,"US","HUMAN_OBSERVATION","Angelica atropurpurea"
3860262100,"Angelica atropurpurea",-73.207347,44.950917,2022,6,17,"US","HUMAN_OBSERVATION","Angelica atropurpurea"
1272114242,"Angelica atropurpurea",-73.053801,44.933558,2016,6,15,"US","HUMAN_OBSERVATION","Angelica atropurpurea"
3873550653,"Angelica atropurpurea",-93.183112,44.878184,2022,6,6,"US","HUMAN_OBSERVATION","Angelica atropurpurea"
1571145366,"Angelica atropurpurea",-92.811452,44.883521,2017,6,16,"US","HUMAN_OBSERVATION","Angelica atropurpurea"
4028647826,"Angelica atropurpurea",-92.62137,44.875118,2022,6,14,"US","HUMAN_OBSERVATION","Angelica atropurpurea"
3872977642,"Angelica atropurpurea",-92.404698,44.890054,2022,6,5,"US","HUMAN_OBSERVATION","Angelica atropurpurea"
3873876569,"Angelica atropurpurea",-92.068069,44.887622,2022,7,20,"US","HUMAN_OBSERVATION","Angelica atropurpurea"
1122959905,"Angelica atropurpurea",-91.891283,44.898315,2015,7,9,"US","HUMAN_OBSERVATION","Angelica atropurpurea"
1883486709,"Angelica atropurpurea",-72.947913,44.895308,2018,7,9,"US","HUMAN_OBSERVATION","Angelica atropurpurea"
1880572129,"Angelica atropurpurea",-72.863256,44.911108,2018,6,25,"US","HUMAN_OBSERVATION","Angelica atropurpurea"
2963756706,"Angelica atropurpurea",-72.698238,44.887288,2020,8,16,"US","HUMAN_OBSERVATION","Angelica atropurpurea"
3067895148,"Angelica atropurpurea",-93.41657,44.856285,2020,8,14,"US","HUMAN_OBSERVATION","Angelica atropurpurea"
3764244450,"Angelica atropurpurea",-93.230794,44.846451,2022,4,21,"US","HUMAN_OBSERVATION","Angelica atropurpurea"
3321334559,"Angelica atropurpurea",-92.637128,44.852974,2021,7,1,"US","HUMAN_OBSERVATION","Angelica atropurpurea"
3090921814,"Angelica atropurpurea",-92.614145,44.850095,2021,4,13,"US","HUMAN_OBSERVATION","Angelica atropurpurea"
3873852231,"Angelica atropurpurea",-71.459029,44.834827,2022,7,12,"US","HUMAN_OBSERVATION","Angelica atropurpurea"
3773334061,"Angelica atropurpurea",-93.556101,44.809699,2022,5,5,"US","HUMAN_OBSERVATION","Angelica atropurpurea"
3384288668,"Angelica atropurpurea",-93.300795,44.807133,2021,9,12,"US","HUMAN_OBSERVATION","Angelica atropurpurea"
3059139485,"Angelica atropurpurea",-93.27475,44.809853,2021,2,27,"US","HUMAN_OBSERVATION","Angelica atropurpurea"
3325920303,"Angelica atropurpurea",-93.215478,44.813744,2021,7,6,"US","HUMAN_OBSERVATION","Angelica atropurpurea"
3881456587,"Angelica atropurpurea",-70.346376,44.804443,2022,7,26,"US","HUMAN_OBSERVATION","Angelica atropurpurea"
3325709549,"Angelica atropurpurea",-93.196547,44.767208,2021,6,24,"US","HUMAN_OBSERVATION","Angelica atropurpurea"
3961252278,"Angelica atropurpurea",-93.024104,44.785376,2022,7,14,"US","HUMAN_OBSERVATION","Angelica atropurpurea"
3874153997,"Angelica atropurpurea",-90.606369,44.781797,2022,7,11,"US","HUMAN_OBSERVATION","Angelica atropurpurea"
2641326271,"Angelica atropurpurea",-93.16745,44.72023,2020,6,8,"US","HUMAN_OBSERVATION","Angelica atropurpurea"
4028776364,"Angelica atropurpurea",-92.337478,44.743175,2019,6,25,"US","HUMAN_OBSERVATION","Angelica atropurpurea"
3873567583,"Angelica atropurpurea",-88.900854,44.730751,2022,7,10,"US","HUMAN_OBSERVATION","Angelica atropurpurea"
3888884579,"Angelica atropurpurea",-81.239045,44.668708,2022,7,31,"CA","HUMAN_OBSERVATION","Angelica atropurpurea"
3952246909,"Angelica atropurpurea",-92.772102,44.644731,2019,7,2,"US","HUMAN_OBSERVATION","Angelica atropurpurea"
2465201800,"Angelica atropurpurea",-81.25242,44.65927,2010,5,18,"CA","HUMAN_OBSERVATION","Angelica atropurpurea"
4018121565,"Angelica atropurpurea",-75.899251,44.636376,2022,6,9,"CA","HUMAN_OBSERVATION","Angelica atropurpurea"
3328087467,"Angelica atropurpurea",-73.145939,44.627794,2021,7,14,"US","HUMAN_OBSERVATION","Angelica atropurpurea"
2826262891,"Angelica atropurpurea",-73.014092,44.65935,2020,7,24,"US","HUMAN_OBSERVATION","Angelica atropurpurea"
1880585597,"Angelica atropurpurea",-72.952295,44.65141,2018,6,27,"US","HUMAN_OBSERVATION","Angelica atropurpurea"
2331965833,"Angelica atropurpurea",-72.212585,44.632312,2019,8,8,"US","HUMAN_OBSERVATION","Angelica atropurpurea"
3966388446,"Angelica atropurpurea",-93.09697,44.589541,2022,6,30,"US","HUMAN_OBSERVATION","Angelica atropurpurea"
3314472886,"Angelica atropurpurea",-92.639237,44.573653,2021,6,19,"US","HUMAN_OBSERVATION","Angelica atropurpurea"
3059023494,"Angelica atropurpurea",-92.117239,44.551368,2020,6,27,"US","HUMAN_OBSERVATION","Angelica atropurpurea"
3320973517,"Angelica atropurpurea",-88.10585,44.580868,2021,7,1,"US","HUMAN_OBSERVATION","Angelica atropurpurea"
1584409343,"Angelica atropurpurea",-72.591195,44.564267,2017,7,21,"US","HUMAN_OBSERVATION","Angelica atropurpurea"
3335350410,"Angelica atropurpurea",-92.906762,44.50897,2021,5,30,"US","HUMAN_OBSERVATION","Angelica atropurpurea"
3314257072,"Angelica atropurpurea",-92.072569,44.527162,2021,6,19,"US","HUMAN_OBSERVATION","Angelica atropurpurea"
2265965489,"Angelica atropurpurea",-91.421806,44.50375,2012,5,30,"US","PRESERVED_SPECIMEN","Angelica atropurpurea"
3712455667,"Angelica atropurpurea",-81.357484,44.500374,2021,7,16,"CA","HUMAN_OBSERVATION","Angelica atropurpurea"
3784814716,"Angelica atropurpurea",-73.232253,44.512331,2022,5,19,"US","HUMAN_OBSERVATION","Angelica atropurpurea"
3112934582,"Angelica atropurpurea",-73.138467,44.501617,2021,5,4,"US","HUMAN_OBSERVATION","Angelica atropurpurea"
3302315634,"Angelica atropurpurea",-72.816375,44.528208,2021,6,2,"US","HUMAN_OBSERVATION","Angelica atropurpurea"
3860686662,"Angelica atropurpurea",-93.157481,44.464089,2022,6,22,"US","HUMAN_OBSERVATION","Angelica atropurpurea"
2813908820,"Angelica atropurpurea",-88.041742,44.47283,2020,6,21,"US","HUMAN_OBSERVATION","Angelica atropurpurea"
4018588538,"Angelica atropurpurea",-81.144584,44.485584,2022,7,14,"CA","HUMAN_OBSERVATION","Angelica atropurpurea"
3859402733,"Angelica atropurpurea",-72.297526,44.460918,2022,6,6,"US","HUMAN_OBSERVATION","Angelica atropurpurea"
3873607729,"Angelica atropurpurea",-93.197169,44.430801,2022,6,15,"US","HUMAN_OBSERVATION","Angelica atropurpurea"
2823325714,"Angelica atropurpurea",-74.118702,44.417771,2020,7,17,"US","HUMAN_OBSERVATION","Angelica atropurpurea"
1621784688,"Angelica atropurpurea",-73.03586,44.435953,2017,7,13,"US","HUMAN_OBSERVATION","Angelica atropurpurea"
3881662385,"Angelica atropurpurea",-72.226925,44.422314,2022,8,1,"US","HUMAN_OBSERVATION","Angelica atropurpurea"
3873497315,"Angelica atropurpurea",-71.67637,44.426406,2022,7,16,"US","HUMAN_OBSERVATION","Angelica atropurpurea"
1929383170,"Angelica atropurpurea",-74.120489,44.414464,2010,8,13,"US","PRESERVED_SPECIMEN","Angelica atropurpurea"
3124533047,"Angelica atropurpurea",-81.306286,44.334217,2021,5,24,"CA","HUMAN_OBSERVATION","Angelica atropurpurea"
3963377491,"Angelica atropurpurea",-79.885389,44.358649,2022,7,18,"CA","HUMAN_OBSERVATION","Angelica atropurpurea"
3307521444,"Angelica atropurpurea",-72.806663,44.357875,2021,6,16,"US","HUMAN_OBSERVATION","Angelica atropurpurea"
3873341951,"Angelica atropurpurea",-72.760742,44.336238,2022,7,13,"US","HUMAN_OBSERVATION","Angelica atropurpurea"
1807268994,"Angelica atropurpurea",-72.499717,44.335937,2015,9,6,"US","HUMAN_OBSERVATION","Angelica atropurpurea"
2818819328,"Angelica atropurpurea",-89.20362,44.307718,2020,7,14,"US","HUMAN_OBSERVATION","Angelica atropurpurea"
1989121673,"Angelica atropurpurea",-85.6398,44.304783,2015,7,22,"US","PRESERVED_SPECIMEN","Angelica atropurpurea"
2242965348,"Angelica atropurpurea",-79.860829,44.311292,2019,5,11,"CA","HUMAN_OBSERVATION","Angelica atropurpurea"
3067759997,"Angelica atropurpurea",-79.381745,44.314845,2020,6,26,"CA","HUMAN_OBSERVATION","Angelica atropurpurea"
1806321264,"Angelica atropurpurea",-72.477322,44.315663,2015,7,3,"US","HUMAN_OBSERVATION","Angelica atropurpurea"
3902337026,"Angelica atropurpurea",-72.07006,44.304086,2022,8,28,"US","HUMAN_OBSERVATION","Angelica atropurpurea"
3109001069,"Angelica atropurpurea",-92.999301,44.272284,2021,4,25,"US","HUMAN_OBSERVATION","Angelica atropurpurea"
2422933847,"Angelica atropurpurea",-91.279171,44.279919,2019,9,5,"US","HUMAN_OBSERVATION","Angelica atropurpurea"
2465110137,"Angelica atropurpurea",-79.822355,44.278246,2019,7,4,"CA","HUMAN_OBSERVATION","Angelica atropurpurea"
1132403929,"Angelica atropurpurea",-73.017667,44.2915,2015,7,11,"US","HUMAN_OBSERVATION","Angelica atropurpurea"
3915269602,"Angelica atropurpurea",-71.297662,44.263437,2022,9,3,"US","HUMAN_OBSERVATION","Angelica atropurpurea"
1122958907,"Angelica atropurpurea",-73.064238,44.243093,2015,6,27,"US","HUMAN_OBSERVATION","Angelica atropurpurea"
3008495396,"Angelica atropurpurea",-92.6463,44.201518,2020,6,6,"US","HUMAN_OBSERVATION","Angelica atropurpurea"
3925099485,"Angelica atropurpurea",-91.996148,44.178442,2022,6,7,"US","HUMAN_OBSERVATION","Angelica atropurpurea"
4018134657,"Angelica atropurpurea",-77.878668,44.202082,2022,6,20,"CA","HUMAN_OBSERVATION","Angelica atropurpurea"
1883940208,"Angelica atropurpurea",-72.602339,44.197647,2018,7,22,"US","HUMAN_OBSERVATION","Angelica atropurpurea"
3337450674,"Angelica atropurpurea",-92.50708,44.156475,2021,7,18,"US","HUMAN_OBSERVATION","Angelica atropurpurea"
2580280148,"Angelica atropurpurea",-79.757295,44.136506,2020,3,19,"CA","HUMAN_OBSERVATION","Angelica atropurpurea"
3873558429,"Angelica atropurpurea",-79.086233,44.145463,2022,7,21,"CA","HUMAN_OBSERVATION","Angelica atropurpurea"
1572353107,"Angelica atropurpurea",-71.951416,44.13414,2017,6,29,"US","HUMAN_OBSERVATION","Angelica atropurpurea"
3307397168,"Angelica atropurpurea",-92.647464,44.084291,2021,6,12,"US","HUMAN_OBSERVATION","Angelica atropurpurea"
2813948065,"Angelica atropurpurea",-92.17437,44.117683,2020,6,26,"US","HUMAN_OBSERVATION","Angelica atropurpurea"
2265831112,"Angelica atropurpurea",-81.137184,44.112683,2019,6,8,"CA","HUMAN_OBSERVATION","Angelica atropurpurea"
3915261363,"Angelica atropurpurea",-79.455788,44.084954,2021,5,24,"CA","HUMAN_OBSERVATION","Angelica atropurpurea"
3892443698,"Angelica atropurpurea",-79.068919,44.085326,2022,8,9,"CA","HUMAN_OBSERVATION","Angelica atropurpurea"
2984403843,"Angelica atropurpurea",-77.83546,44.117114,2020,11,5,"CA","HUMAN_OBSERVATION","Angelica atropurpurea"
3456596480,"Angelica atropurpurea",-73.090783,44.095764,2021,6,11,"US","HUMAN_OBSERVATION","Angelica atropurpurea"
2823427536,"Angelica atropurpurea",-92.648255,44.075645,2020,7,21,"US","HUMAN_OBSERVATION","Angelica atropurpurea"
3325827553,"Angelica atropurpurea",-92.464885,44.053868,2021,6,7,"US","HUMAN_OBSERVATION","Angelica atropurpurea"
4028803742,"Angelica atropurpurea",-92.403183,44.043975,2022,7,15,"US","HUMAN_OBSERVATION","Angelica atropurpurea"
3391381423,"Angelica atropurpurea",-92.044261,44.054692,2021,5,9,"US","HUMAN_OBSERVATION","Angelica atropurpurea"
3327692825,"Angelica atropurpurea",-89.483186,44.056856,2021,7,8,"US","HUMAN_OBSERVATION","Angelica atropurpurea"
1944403384,"Angelica atropurpurea",-80.793289,44.065706,2018,11,12,"CA","HUMAN_OBSERVATION","Angelica atropurpurea"
3407986453,"Angelica atropurpurea",-79.457145,44.046292,2021,7,1,"CA","HUMAN_OBSERVATION","Angelica atropurpurea"
3860635801,"Angelica atropurpurea",-77.659631,44.075409,2022,6,30,"CA","HUMAN_OBSERVATION","Angelica atropurpurea"
1572385772,"Angelica atropurpurea",-72.058971,44.06518,2017,7,9,"US","HUMAN_OBSERVATION","Angelica atropurpurea"
3759120608,"Angelica atropurpurea",-93.036,44.022915,2021,6,2,"US","HUMAN_OBSERVATION","Angelica atropurpurea"
3859246617,"Angelica atropurpurea",-92.559481,44.007655,2022,6,13,"US","HUMAN_OBSERVATION","Angelica atropurpurea"
3873503931,"Angelica atropurpurea",-92.502953,44.029878,2022,7,8,"US","HUMAN_OBSERVATION","Angelica atropurpurea"
4028768785,"Angelica atropurpurea",-92.462196,44.035611,2022,6,11,"US","HUMAN_OBSERVATION","Angelica atropurpurea"
2273326916,"Angelica atropurpurea",-92.457695,44.021092,2019,6,26,"US","HUMAN_OBSERVATION","Angelica atropurpurea"
3873756711,"Angelica atropurpurea",-89.406142,44.014067,2022,7,24,"US","HUMAN_OBSERVATION","Angelica atropurpurea"
1883528759,"Angelica atropurpurea",-89.338039,44.039997,2018,7,14,"US","HUMAN_OBSERVATION","Angelica atropurpurea"
3469004349,"Angelica atropurpurea",-81.42338,44.006689,2020,5,4,"CA","HUMAN_OBSERVATION","Angelica atropurpurea"
2999091473,"Angelica atropurpurea",-80.890704,44.033281,2020,8,29,"CA","HUMAN_OBSERVATION","Angelica atropurpurea"
2563564978,"Angelica atropurpurea",-77.757322,44.018062,2012,8,9,"CA","HUMAN_OBSERVATION","Angelica atropurpurea"
3858940564,"Angelica atropurpurea",-73.170088,44.013308,2022,6,13,"US","HUMAN_OBSERVATION","Angelica atropurpurea"
3008569399,"Angelica atropurpurea",-92.489352,43.959484,2020,6,4,"US","HUMAN_OBSERVATION","Angelica atropurpurea"
3860648650,"Angelica atropurpurea",-90.964954,43.964379,2022,6,21,"US","HUMAN_OBSERVATION","Angelica atropurpurea"
2294399839,"Angelica atropurpurea",-80.722467,43.978583,2018,7,18,"CA","HUMAN_OBSERVATION","Angelica atropurpurea"
3860638649,"Angelica atropurpurea",-73.156817,43.971441,2022,6,13,"US","HUMAN_OBSERVATION","Angelica atropurpurea"
2641306259,"Angelica atropurpurea",-73.010283,43.957052,2020,6,8,"US","HUMAN_OBSERVATION","Angelica atropurpurea"
4018135609,"Angelica atropurpurea",-79.733466,43.884536,2022,7,8,"CA","HUMAN_OBSERVATION","Angelica atropurpurea"
1978826863,"Angelica atropurpurea",-78.963263,43.89987,2018,12,21,"CA","HUMAN_OBSERVATION","Angelica atropurpurea"
1880498234,"Angelica atropurpurea",-88.943821,43.861546,2018,6,16,"US","HUMAN_OBSERVATION","Angelica atropurpurea"
3873661482,"Angelica atropurpurea",-80.230269,43.868003,2022,7,25,"CA","HUMAN_OBSERVATION","Angelica atropurpurea"
3335477447,"Angelica atropurpurea",-73.150667,43.847325,2021,8,3,"US","HUMAN_OBSERVATION","Angelica atropurpurea"
2814220982,"Angelica atropurpurea",-72.967629,43.840524,2020,7,7,"US","HUMAN_OBSERVATION","Angelica atropurpurea"
1024184770,"Angelica atropurpurea",-72.587142,43.8521,2014,7,5,"US","HUMAN_OBSERVATION","Angelica atropurpurea"
2283205440,"Angelica atropurpurea",-72.375648,43.857746,2019,7,6,"US","HUMAN_OBSERVATION","Angelica atropurpurea"
3859277940,"Angelica atropurpurea",-72.373159,43.84512,2022,7,2,"US","HUMAN_OBSERVATION","Angelica atropurpurea"
2641408174,"Angelica atropurpurea",-92.26382,43.819201,2020,6,7,"US","HUMAN_OBSERVATION","Angelica atropurpurea"
2550100518,"Angelica atropurpurea",-92.21776,43.79748,2018,6,14,"US","HUMAN_OBSERVATION","Angelica atropurpurea"
3058698493,"Angelica atropurpurea",-90.62118,43.833262,2020,6,6,"US","HUMAN_OBSERVATION","Angelica atropurpurea"
3873335799,"Angelica atropurpurea",-89.034489,43.811063,2022,6,26,"US","HUMAN_OBSERVATION","Angelica atropurpurea"
3113257325,"Angelica atropurpurea",-81.456346,43.826379,2019,7,18,"CA","HUMAN_OBSERVATION","Angelica atropurpurea"
1986585267,"Angelica atropurpurea",-79.197222,43.824346,2019,1,4,"CA","HUMAN_OBSERVATION","Angelica atropurpurea"
4018148576,"Angelica atropurpurea",-79.137241,43.807263,2022,6,15,"CA","HUMAN_OBSERVATION","Angelica atropurpurea"
2826186138,"Angelica atropurpurea",-81.70913,43.756372,2020,7,25,"CA","HUMAN_OBSERVATION","Angelica atropurpurea"
3455628376,"Angelica atropurpurea",-81.705758,43.757906,2018,6,20,"CA","HUMAN_OBSERVATION","Angelica atropurpurea"
3124490398,"Angelica atropurpurea",-79.371042,43.780806,2020,6,8,"CA","HUMAN_OBSERVATION","Angelica atropurpurea"
3873132324,"Angelica atropurpurea",-72.135943,43.772275,2022,7,20,"US","HUMAN_OBSERVATION","Angelica atropurpurea"
2802690716,"Angelica atropurpurea",-92.305,43.74477,2020,6,14,"US","HUMAN_OBSERVATION","Angelica atropurpurea"
4028604391,"Angelica atropurpurea",-91.99035,43.711028,2020,6,7,"US","HUMAN_OBSERVATION","Angelica atropurpurea"
1847581423,"Angelica atropurpurea",-90.870473,43.740185,2018,5,20,"US","HUMAN_OBSERVATION","Angelica atropurpurea"
3859790567,"Angelica atropurpurea",-90.587947,43.723378,2022,6,18,"US","HUMAN_OBSERVATION","Angelica atropurpurea"
3325862309,"Angelica atropurpurea",-89.372611,43.746864,2021,7,4,"US","HUMAN_OBSERVATION","Angelica atropurpurea"
2999064439,"Angelica atropurpurea",-81.675013,43.735371,2020,7,12,"CA","HUMAN_OBSERVATION","Angelica atropurpurea"
2802588907,"Angelica atropurpurea",-81.641312,43.72538,2020,6,12,"CA","HUMAN_OBSERVATION","Angelica atropurpurea"
1880528507,"Angelica atropurpurea",-73.052354,43.742827,2018,6,20,"US","HUMAN_OBSERVATION","Angelica atropurpurea"
3873334544,"Angelica atropurpurea",-92.929245,43.682393,2022,7,15,"US","HUMAN_OBSERVATION","Angelica atropurpurea"
2574045476,"Angelica atropurpurea",-92.077796,43.670598,2018,6,29,"US","HUMAN_OBSERVATION","Angelica atropurpurea"
3335343103,"Angelica atropurpurea",-90.584398,43.707891,2021,8,1,"US","HUMAN_OBSERVATION","Angelica atropurpurea"
1572341004,"Angelica atropurpurea",-90.581197,43.690347,2017,6,27,"US","HUMAN_OBSERVATION","Angelica atropurpurea"
3873653706,"Angelica atropurpurea",-87.71035,43.704137,2022,6,18,"US","HUMAN_OBSERVATION","Angelica atropurpurea"
2999191590,"Angelica atropurpurea",-81.623276,43.697808,2020,11,16,"CA","HUMAN_OBSERVATION","Angelica atropurpurea"
3858680226,"Angelica atropurpurea",-75.676098,43.674661,2022,7,2,"US","HUMAN_OBSERVATION","Angelica atropurpurea"
2803018857,"Angelica atropurpurea",-73.312561,43.667114,2020,6,16,"US","HUMAN_OBSERVATION","Angelica atropurpurea"
3391474333,"Angelica atropurpurea",-73.023405,43.693813,2021,10,14,"US","HUMAN_OBSERVATION","Angelica atropurpurea"
3923655721,"Angelica atropurpurea",-90.603327,43.637425,2022,9,24,"US","HUMAN_OBSERVATION","Angelica atropurpurea"
1848759268,"Angelica atropurpurea",-90.32553,43.656288,2018,5,27,"US","HUMAN_OBSERVATION","Angelica atropurpurea"
1571163473,"Angelica atropurpurea",-79.733744,43.626415,2017,6,20,"CA","HUMAN_OBSERVATION","Angelica atropurpurea"
3772405416,"Angelica atropurpurea",-73.382658,43.638427,2021,6,12,"US","HUMAN_OBSERVATION","Angelica atropurpurea"
1932307309,"Angelica atropurpurea",-73.370047,43.625203,2015,6,30,"US","HUMAN_OBSERVATION","Angelica atropurpurea"
1024187242,"Angelica atropurpurea",-72.95248,43.650112,2014,7,9,"US","HUMAN_OBSERVATION","Angelica atropurpurea"
3333111038,"Angelica atropurpurea",-72.776612,43.662912,2021,7,25,"US","HUMAN_OBSERVATION","Angelica atropurpurea"
1571157576,"Angelica atropurpurea",-72.406617,43.647642,2017,6,19,"US","HUMAN_OBSERVATION","Angelica atropurpurea"
3325560092,"Angelica atropurpurea",-92.969699,43.613157,2021,7,1,"US","HUMAN_OBSERVATION","Angelica atropurpurea"
3327985579,"Angelica atropurpurea",-92.232725,43.622081,2021,7,2,"US","HUMAN_OBSERVATION","Angelica atropurpurea"
3325510542,"Angelica atropurpurea",-91.81371,43.597429,2021,6,16,"US","HUMAN_OBSERVATION","Angelica atropurpurea"
4028597681,"Angelica atropurpurea",-90.624589,43.617512,2022,6,3,"US","HUMAN_OBSERVATION","Angelica atropurpurea"
3860155283,"Angelica atropurpurea",-88.62452,43.611312,2022,6,1,"US","HUMAN_OBSERVATION","Angelica atropurpurea"
3873527676,"Angelica atropurpurea",-88.34233,43.587223,2022,6,11,"US","HUMAN_OBSERVATION","Angelica atropurpurea"
1989215687,"Angelica atropurpurea",-86.029503,43.619241,2007,7,6,"US","PRESERVED_SPECIMEN","Angelica atropurpurea"
2234743629,"Angelica atropurpurea",-84.287728,43.6011,2017,6,4,"US","HUMAN_OBSERVATION","Angelica atropurpurea"
3320953874,"Angelica atropurpurea",-81.529527,43.603427,2021,6,26,"CA","HUMAN_OBSERVATION","Angelica atropurpurea"
2283096629,"Angelica atropurpurea",-80.593874,43.609778,2019,6,30,"CA","HUMAN_OBSERVATION","Angelica atropurpurea"
2814225601,"Angelica atropurpurea",-80.564472,43.608503,2020,5,30,"CA","HUMAN_OBSERVATION","Angelica atropurpurea"
4018278585,"Angelica atropurpurea",-80.471519,43.587432,2022,7,5,"CA","HUMAN_OBSERVATION","Angelica atropurpurea"
2814370835,"Angelica atropurpurea",-80.274812,43.586095,2020,7,2,"CA","HUMAN_OBSERVATION","Angelica atropurpurea"
1993705881,"Angelica atropurpurea",-80.152466,43.607078,2018,7,26,"CA","HUMAN_OBSERVATION","Angelica atropurpurea"
2350428036,"Angelica atropurpurea",-79.733283,43.623225,2019,8,14,"CA","HUMAN_OBSERVATION","Angelica atropurpurea"
3314591406,"Angelica atropurpurea",-73.364408,43.624053,2021,6,23,"US","HUMAN_OBSERVATION","Angelica atropurpurea"
3859659497,"Angelica atropurpurea",-73.180918,43.598677,2022,6,20,"US","HUMAN_OBSERVATION","Angelica atropurpurea"
3859572998,"Angelica atropurpurea",-73.057275,43.622365,2022,6,25,"US","HUMAN_OBSERVATION","Angelica atropurpurea"
1122959134,"Angelica atropurpurea",-73.040049,43.583873,2015,7,2,"US","HUMAN_OBSERVATION","Angelica atropurpurea"
1586944111,"Angelica atropurpurea",-72.819572,43.610887,2017,7,10,"US","HUMAN_OBSERVATION","Angelica atropurpurea"
3858823548,"Angelica atropurpurea",-72.756735,43.618203,2022,6,20,"US","HUMAN_OBSERVATION","Angelica atropurpurea"
3872967259,"Angelica atropurpurea",-72.515853,43.589838,2022,7,12,"US","HUMAN_OBSERVATION","Angelica atropurpurea"
3873492853,"Angelica atropurpurea",-89.811901,43.568656,2022,6,27,"US","HUMAN_OBSERVATION","Angelica atropurpurea"
4028749602,"Angelica atropurpurea",-88.648253,43.567147,2022,6,2,"US","HUMAN_OBSERVATION","Angelica atropurpurea"
2283036088,"Angelica atropurpurea",-88.605532,43.569217,2019,6,22,"US","HUMAN_OBSERVATION","Angelica atropurpurea"
3117862299,"Angelica atropurpurea",-80.271455,43.571042,2021,5,17,"CA","HUMAN_OBSERVATION","Angelica atropurpurea"
2283104647,"Angelica atropurpurea",-80.225845,43.54585,2019,7,1,"CA","HUMAN_OBSERVATION","Angelica atropurpurea"
2273257390,"Angelica atropurpurea",-80.095039,43.555124,2019,6,23,"CA","HUMAN_OBSERVATION","Angelica atropurpurea"
1986524452,"Angelica atropurpurea",-79.676414,43.555111,2018,8,30,"CA","HUMAN_OBSERVATION","Angelica atropurpurea"
2273286935,"Angelica atropurpurea",-79.657301,43.546753,2019,6,24,"CA","HUMAN_OBSERVATION","Angelica atropurpurea"
1572348486,"Angelica atropurpurea",-73.398786,43.572355,2017,6,25,"US","HUMAN_OBSERVATION","Angelica atropurpurea"
3915722474,"Angelica atropurpurea",-73.03834,43.583225,2022,9,27,"US","HUMAN_OBSERVATION","Angelica atropurpurea"
2429322191,"Angelica atropurpurea",-72.61472,43.562474,2019,9,30,"US","HUMAN_OBSERVATION","Angelica atropurpurea"
3923339394,"Angelica atropurpurea",-71.358588,43.57422,2022,9,10,"US","HUMAN_OBSERVATION","Angelica atropurpurea"
2451697640,"Angelica atropurpurea",-87.794328,43.517472,2019,6,18,"US","HUMAN_OBSERVATION","Angelica atropurpurea"
3031641619,"Angelica atropurpurea",-80.646194,43.503982,2020,4,18,"CA","HUMAN_OBSERVATION","Angelica atropurpurea"
1847448874,"Angelica atropurpurea",-80.572017,43.535856,2018,5,5,"CA","HUMAN_OBSERVATION","Angelica atropurpurea"
3327936450,"Angelica atropurpurea",-80.483511,43.516555,2021,7,14,"CA","HUMAN_OBSERVATION","Angelica atropurpurea"
2999214428,"Angelica atropurpurea",-80.256203,43.531172,2020,6,28,"CA","HUMAN_OBSERVATION","Angelica atropurpurea"
3302475146,"Angelica atropurpurea",-73.246093,43.519337,2021,6,8,"US","HUMAN_OBSERVATION","Angelica atropurpurea"
2273293473,"Angelica atropurpurea",-73.132561,43.500606,2019,6,21,"US","HUMAN_OBSERVATION","Angelica atropurpurea"
3772583110,"Angelica atropurpurea",-89.63713,43.464328,2022,4,14,"US","HUMAN_OBSERVATION","Angelica atropurpurea"
3985642811,"Angelica atropurpurea",-89.324818,43.459359,2013,6,20,"US","HUMAN_OBSERVATION","Angelica atropurpurea"
3872929899,"Angelica atropurpurea",-88.601652,43.474011,2022,7,2,"US","HUMAN_OBSERVATION","Angelica atropurpurea"
3858714748,"Angelica atropurpurea",-88.025819,43.482782,2022,6,11,"US","HUMAN_OBSERVATION","Angelica atropurpurea"
2529327015,"Angelica atropurpurea",-87.954321,43.464814,2018,5,2,"US","HUMAN_OBSERVATION","Angelica atropurpurea"
3873632830,"Angelica atropurpurea",-87.793694,43.498989,2022,7,2,"US","HUMAN_OBSERVATION","Angelica atropurpurea"
2984483812,"Angelica atropurpurea",-80.473686,43.490967,2020,11,9,"CA","HUMAN_OBSERVATION","Angelica atropurpurea"
3058829697,"Angelica atropurpurea",-80.427103,43.482619,2021,3,2,"CA","HUMAN_OBSERVATION","Angelica atropurpurea"
3859105104,"Angelica atropurpurea",-72.771408,43.468857,2022,6,25,"US","HUMAN_OBSERVATION","Angelica atropurpurea"
3321137831,"Angelica atropurpurea",-72.704951,43.491869,2021,6,26,"US","HUMAN_OBSERVATION","Angelica atropurpurea"
3302121833,"Angelica atropurpurea",-72.402833,43.460992,2021,6,6,"US","HUMAN_OBSERVATION","Angelica atropurpurea"
3902807502,"Angelica atropurpurea",-90.765004,43.445719,2022,8,22,"US","HUMAN_OBSERVATION","Angelica atropurpurea"
4028983859,"Angelica atropurpurea",-89.63987,43.416725,2022,6,11,"US","HUMAN_OBSERVATION","Angelica atropurpurea"
4028766351,"Angelica atropurpurea",-88.031219,43.438897,2019,5,26,"US","HUMAN_OBSERVATION","Angelica atropurpurea"
1990642615,"Angelica atropurpurea",-87.955836,43.424453,2012,7,1,"US","HUMAN_OBSERVATION","Angelica atropurpurea"
3333109101,"Angelica atropurpurea",-80.538177,43.456225,2021,7,26,"CA","HUMAN_OBSERVATION","Angelica atropurpurea"
2609100973,"Angelica atropurpurea",-80.402726,43.425707,2020,4,23,"CA","HUMAN_OBSERVATION","Angelica atropurpurea"
3873879365,"Angelica atropurpurea",-72.791227,43.426419,2022,7,6,"US","HUMAN_OBSERVATION","Angelica atropurpurea"
3337489543,"Angelica atropurpurea",-91.081751,43.403812,2021,5,22,"US","HUMAN_OBSERVATION","Angelica atropurpurea"
3499471438,"Angelica atropurpurea",-90.36846,43.391622,2021,6,13,"US","HUMAN_OBSERVATION","Angelica atropurpurea"
4034611592,"Angelica atropurpurea",-89.637509,43.414329,2022,6,26,"US","HUMAN_OBSERVATION","Angelica atropurpurea"
3302463819,"Angelica atropurpurea",-89.411626,43.385219,2021,5,29,"US","HUMAN_OBSERVATION","Angelica atropurpurea"
3307355821,"Angelica atropurpurea",-88.209234,43.387686,2021,6,15,"US","HUMAN_OBSERVATION","Angelica atropurpurea"
3759544363,"Angelica atropurpurea",-88.162086,43.392212,2019,6,13,"US","HUMAN_OBSERVATION","Angelica atropurpurea"
3325474445,"Angelica atropurpurea",-80.711145,43.377358,2021,6,12,"CA","HUMAN_OBSERVATION","Angelica atropurpurea"
2999215358,"Angelica atropurpurea",-80.414264,43.396,2020,3,17,"CA","HUMAN_OBSERVATION","Angelica atropurpurea"
3499603867,"Angelica atropurpurea",-80.350461,43.386743,2022,2,13,"CA","HUMAN_OBSERVATION","Angelica atropurpurea"
3873040803,"Angelica atropurpurea",-74.851131,43.413393,2022,6,15,"US","HUMAN_OBSERVATION","Angelica atropurpurea"
3456512249,"Angelica atropurpurea",-72.955703,43.391803,2021,6,10,"US","HUMAN_OBSERVATION","Angelica atropurpurea"
4009875458,"Angelica atropurpurea",-89.983063,43.35466,2022,5,15,"US","HUMAN_OBSERVATION","Angelica atropurpurea"
4009672973,"Angelica atropurpurea",-89.949698,43.337458,2022,6,15,"US","HUMAN_OBSERVATION","Angelica atropurpurea"
2814386424,"Angelica atropurpurea",-89.893683,43.343585,2020,7,4,"US","HUMAN_OBSERVATION","Angelica atropurpurea"
3873649691,"Angelica atropurpurea",-88.005804,43.351123,2022,5,18,"US","HUMAN_OBSERVATION","Angelica atropurpurea"
2984461899,"Angelica atropurpurea",-80.316427,43.352604,2020,10,31,"CA","HUMAN_OBSERVATION","Angelica atropurpurea"
3301947896,"Angelica atropurpurea",-72.500684,43.356121,2021,6,10,"US","HUMAN_OBSERVATION","Angelica atropurpurea"
4034732386,"Angelica atropurpurea",-72.22602,43.369688,2022,2,7,"US","HUMAN_OBSERVATION","Angelica atropurpurea"
3455671997,"Angelica atropurpurea",-89.976332,43.311266,2021,6,7,"US","HUMAN_OBSERVATION","Angelica atropurpurea"
4028673720,"Angelica atropurpurea",-88.467335,43.291795,2022,6,30,"US","HUMAN_OBSERVATION","Angelica atropurpurea"
3923621022,"Angelica atropurpurea",-88.334847,43.31817,2020,6,26,"US","HUMAN_OBSERVATION","Angelica atropurpurea"
2999153427,"Angelica atropurpurea",-80.643255,43.332196,2020,6,4,"CA","HUMAN_OBSERVATION","Angelica atropurpurea"
2013711974,"Angelica atropurpurea",-80.468764,43.292761,2019,3,9,"CA","HUMAN_OBSERVATION","Angelica atropurpurea"
3858869903,"Angelica atropurpurea",-80.314675,43.318008,2022,6,23,"CA","HUMAN_OBSERVATION","Angelica atropurpurea"
3955252256,"Angelica atropurpurea",-90.184681,43.2654,2022,7,13,"US","HUMAN_OBSERVATION","Angelica atropurpurea"
3456582348,"Angelica atropurpurea",-89.910386,43.264122,2021,6,13,"US","HUMAN_OBSERVATION","Angelica atropurpurea"
3301823415,"Angelica atropurpurea",-89.54818,43.283147,2021,6,1,"US","HUMAN_OBSERVATION","Angelica atropurpurea"
4028739860,"Angelica atropurpurea",-88.467154,43.290901,2022,6,30,"US","HUMAN_OBSERVATION","Angelica atropurpurea"
2283254438,"Angelica atropurpurea",-88.310447,43.257197,2019,7,9,"US","HUMAN_OBSERVATION","Angelica atropurpurea"
3058934507,"Angelica atropurpurea",-87.992223,43.267482,2020,6,20,"US","HUMAN_OBSERVATION","Angelica atropurpurea"
3903197361,"Angelica atropurpurea",-81.143797,43.257469,2022,7,9,"CA","HUMAN_OBSERVATION","Angelica atropurpurea"
2574043840,"Angelica atropurpurea",-81.028221,43.253524,2020,2,13,"CA","HUMAN_OBSERVATION","Angelica atropurpurea"
2603295430,"Angelica atropurpurea",-80.521892,43.2687,2020,4,12,"CA","HUMAN_OBSERVATION","Angelica atropurpurea"
2283196637,"Angelica atropurpurea",-80.47088,43.288797,2019,7,5,"CA","HUMAN_OBSERVATION","Angelica atropurpurea"
3320874852,"Angelica atropurpurea",-79.98912,43.251774,2021,6,26,"CA","HUMAN_OBSERVATION","Angelica atropurpurea"
415929293,"Angelica atropurpurea",-72.43008,43.26105,2003,6,23,"US","PRESERVED_SPECIMEN","Angelica atropurpurea"
3456838265,"Angelica atropurpurea",-89.909118,43.246254,2021,6,13,"US","HUMAN_OBSERVATION","Angelica atropurpurea"
2814253561,"Angelica atropurpurea",-89.349621,43.216584,2020,5,31,"US","HUMAN_OBSERVATION","Angelica atropurpurea"
3772797440,"Angelica atropurpurea",-81.000136,43.209122,2021,7,10,"CA","HUMAN_OBSERVATION","Angelica atropurpurea"
1880585028,"Angelica atropurpurea",-80.482327,43.228801,2018,6,25,"CA","HUMAN_OBSERVATION","Angelica atropurpurea"
3859560807,"Angelica atropurpurea",-80.001158,43.24133,2022,6,14,"CA","HUMAN_OBSERVATION","Angelica atropurpurea"
1807331098,"Angelica atropurpurea",-79.802552,43.220784,2009,6,19,"CA","HUMAN_OBSERVATION","Angelica atropurpurea"
4028595436,"Angelica atropurpurea",-89.531509,43.191612,2021,6,14,"US","HUMAN_OBSERVATION","Angelica atropurpurea"
3859934648,"Angelica atropurpurea",-89.369523,43.167319,2022,6,12,"US","HUMAN_OBSERVATION","Angelica atropurpurea"
3325822642,"Angelica atropurpurea",-89.306831,43.19154,2021,7,2,"US","HUMAN_OBSERVATION","Angelica atropurpurea"
3859004362,"Angelica atropurpurea",-89.280054,43.204175,2022,6,27,"US","HUMAN_OBSERVATION","Angelica atropurpurea"
3773499766,"Angelica atropurpurea",-88.371001,43.172418,2022,5,1,"US","HUMAN_OBSERVATION","Angelica atropurpurea"
4018246519,"Angelica atropurpurea",-81.655979,43.191372,2022,6,28,"CA","HUMAN_OBSERVATION","Angelica atropurpurea"
2239004530,"Angelica atropurpurea",-80.916132,43.17284,2019,4,30,"CA","HUMAN_OBSERVATION","Angelica atropurpurea"
2860177432,"Angelica atropurpurea",-80.461085,43.204836,2017,6,28,"CA","HUMAN_OBSERVATION","Angelica atropurpurea"
3772746416,"Angelica atropurpurea",-80.453502,43.189919,2021,6,10,"CA","HUMAN_OBSERVATION","Angelica atropurpurea"
3949920486,"Angelica atropurpurea",-80.371242,43.182036,2022,7,2,"CA","HUMAN_OBSERVATION","Angelica atropurpurea"
3873234072,"Angelica atropurpurea",-90.705405,43.134419,2022,6,25,"US","HUMAN_OBSERVATION","Angelica atropurpurea"
3124647279,"Angelica atropurpurea",-89.48751,43.126133,2021,5,27,"US","HUMAN_OBSERVATION","Angelica atropurpurea"
3860449638,"Angelica atropurpurea",-89.41756,43.147297,2022,6,28,"US","HUMAN_OBSERVATION","Angelica atropurpurea"
1562944884,"Angelica atropurpurea",-89.34002,43.164161,2017,5,12,"US","HUMAN_OBSERVATION","Angelica atropurpurea"
4028795704,"Angelica atropurpurea",-88.895031,43.142513,2022,5,26,"US","HUMAN_OBSERVATION","Angelica atropurpurea"
2802902051,"Angelica atropurpurea",-88.170666,43.158107,2020,6,16,"US","HUMAN_OBSERVATION","Angelica atropurpurea"
3772786626,"Angelica atropurpurea",-80.350334,43.159271,2022,4,28,"CA","HUMAN_OBSERVATION","Angelica atropurpurea"
3873276783,"Angelica atropurpurea",-80.303596,43.154241,2022,6,28,"CA","HUMAN_OBSERVATION","Angelica atropurpurea"
2823270017,"Angelica atropurpurea",-80.283448,43.138285,2020,7,19,"CA","HUMAN_OBSERVATION","Angelica atropurpurea"
3859239840,"Angelica atropurpurea",-80.244149,43.14242,2022,6,15,"CA","HUMAN_OBSERVATION","Angelica atropurpurea"
2999047334,"Angelica atropurpurea",-80.200326,43.134777,2019,7,13,"CA","HUMAN_OBSERVATION","Angelica atropurpurea"
3947621094,"Angelica atropurpurea",-79.161361,43.161575,2022,10,12,"CA","HUMAN_OBSERVATION","Angelica atropurpurea"
2574063451,"Angelica atropurpurea",-73.961053,43.126308,2019,7,6,"US","HUMAN_OBSERVATION","Angelica atropurpurea"
4028600451,"Angelica atropurpurea",-90.276213,43.086042,2021,5,19,"US","HUMAN_OBSERVATION","Angelica atropurpurea"
3873358697,"Angelica atropurpurea",-89.806719,43.104125,2022,6,18,"US","HUMAN_OBSERVATION","Angelica atropurpurea"
3860527857,"Angelica atropurpurea",-89.672988,43.121126,2022,6,7,"US","HUMAN_OBSERVATION","Angelica atropurpurea"
4028743595,"Angelica atropurpurea",-89.651995,43.113469,2022,8,27,"US","HUMAN_OBSERVATION","Angelica atropurpurea"
3858417970,"Angelica atropurpurea",-89.491272,43.119531,2022,5,31,"US","HUMAN_OBSERVATION","Angelica atropurpurea"
3860545700,"Angelica atropurpurea",-89.34182,43.106003,2022,6,6,"US","HUMAN_OBSERVATION","Angelica atropurpurea"
3873503721,"Angelica atropurpurea",-89.305738,43.11695,2022,6,9,"US","HUMAN_OBSERVATION","Angelica atropurpurea"
2252011932,"Angelica atropurpurea",-86.197542,43.118542,2019,5,31,"US","HUMAN_OBSERVATION","Angelica atropurpurea"
3759098661,"Angelica atropurpurea",-81.816489,43.08616,2021,6,9,"CA","HUMAN_OBSERVATION","Angelica atropurpurea"
3873218103,"Angelica atropurpurea",-81.777767,43.120698,2022,7,14,"CA","HUMAN_OBSERVATION","Angelica atropurpurea"
2237433914,"Angelica atropurpurea",-81.175025,43.108683,2019,4,18,"CA","HUMAN_OBSERVATION","Angelica atropurpurea"
3873499827,"Angelica atropurpurea",-80.497052,43.099519,2022,7,2,"CA","HUMAN_OBSERVATION","Angelica atropurpurea"
3874133439,"Angelica atropurpurea",-80.413437,43.122175,2022,7,13,"CA","HUMAN_OBSERVATION","Angelica atropurpurea"
4018289549,"Angelica atropurpurea",-80.317253,43.114713,2022,6,16,"CA","HUMAN_OBSERVATION","Angelica atropurpurea"
3466029649,"Angelica atropurpurea",-80.240913,43.098778,2021,7,6,"CA","HUMAN_OBSERVATION","Angelica atropurpurea"
3873024133,"Angelica atropurpurea",-80.133331,43.103096,2022,7,12,"CA","HUMAN_OBSERVATION","Angelica atropurpurea"
3873378872,"Angelica atropurpurea",-73.206638,43.118674,2022,7,4,"US","HUMAN_OBSERVATION","Angelica atropurpurea"
3874162159,"Angelica atropurpurea",-72.784722,43.124822,2022,7,14,"US","HUMAN_OBSERVATION","Angelica atropurpurea"
3759067750,"Angelica atropurpurea",-90.157236,43.078213,2021,10,16,"US","HUMAN_OBSERVATION","Angelica atropurpurea"
3067628923,"Angelica atropurpurea",-90.018248,43.080552,2020,6,11,"US","HUMAN_OBSERVATION","Angelica atropurpurea"
2802827628,"Angelica atropurpurea",-89.985864,43.061871,2020,6,12,"US","HUMAN_OBSERVATION","Angelica atropurpurea"
3344117527,"Angelica atropurpurea",-89.91098,43.06583,2021,7,17,"US","HUMAN_OBSERVATION","Angelica atropurpurea"
2283266407,"Angelica atropurpurea",-89.491478,43.049145,2019,7,10,"US","HUMAN_OBSERVATION","Angelica atropurpurea"
3873704215,"Angelica atropurpurea",-89.455228,43.044587,2022,7,6,"US","HUMAN_OBSERVATION","Angelica atropurpurea"
3302476552,"Angelica atropurpurea",-88.894306,43.069631,2021,6,2,"US","HUMAN_OBSERVATION","Angelica atropurpurea"
3860447838,"Angelica atropurpurea",-88.331067,43.05304,2022,6,15,"US","HUMAN_OBSERVATION","Angelica atropurpurea"
2802724246,"Angelica atropurpurea",-88.167532,43.073138,2020,6,17,"US","HUMAN_OBSERVATION","Angelica atropurpurea"
4028636552,"Angelica atropurpurea",-87.9665,43.054547,2022,5,22,"US","HUMAN_OBSERVATION","Angelica atropurpurea"
3772913477,"Angelica atropurpurea",-87.893753,43.064442,2022,5,1,"US","HUMAN_OBSERVATION","Angelica atropurpurea"
3947684613,"Angelica atropurpurea",-85.47274,43.069628,2022,6,9,"US","HUMAN_OBSERVATION","Angelica atropurpurea"
2576436326,"Angelica atropurpurea",-81.799753,43.079116,2019,4,14,"CA","HUMAN_OBSERVATION","Angelica atropurpurea"
3915275746,"Angelica atropurpurea",-81.194477,43.041729,2022,8,7,"CA","HUMAN_OBSERVATION","Angelica atropurpurea"
3994035850,"Angelica atropurpurea",-78.996903,43.055602,2022,6,13,"US","HUMAN_OBSERVATION","Angelica atropurpurea"
3858209714,"Angelica atropurpurea",-77.483366,43.048197,2021,7,6,"US","HUMAN_OBSERVATION","Angelica atropurpurea"
3031679361,"Angelica atropurpurea",-72.71495,43.060214,2018,5,14,"US","HUMAN_OBSERVATION","Angelica atropurpurea"
2242840478,"Angelica atropurpurea",-90.467898,43.036964,2019,5,4,"US","HUMAN_OBSERVATION","Angelica atropurpurea"
3949255331,"Angelica atropurpurea",-90.116129,43.034871,2021,7,12,"US","HUMAN_OBSERVATION","Angelica atropurpurea"
3067690992,"Angelica atropurpurea",-90.010796,43.005259,2020,6,25,"US","HUMAN_OBSERVATION","Angelica atropurpurea"
3327714695,"Angelica atropurpurea",-89.786749,43.000771,2021,7,6,"US","HUMAN_OBSERVATION","Angelica atropurpurea"
4028821530,"Angelica atropurpurea",-89.74046,43.01823,2021,6,6,"US","HUMAN_OBSERVATION","Angelica atropurpurea"
3872967697,"Angelica atropurpurea",-89.632937,43.026598,2022,6,5,"US","HUMAN_OBSERVATION","Angelica atropurpurea"
3058878529,"Angelica atropurpurea",-89.622458,43.023933,2020,6,21,"US","HUMAN_OBSERVATION","Angelica atropurpurea"
3314162174,"Angelica atropurpurea",-89.519264,43.006507,2021,6,19,"US","HUMAN_OBSERVATION","Angelica atropurpurea"
3860565213,"Angelica atropurpurea",-89.428919,43.039157,2022,6,25,"US","HUMAN_OBSERVATION","Angelica atropurpurea"
4028798632,"Angelica atropurpurea",-89.40381,43.02564,2022,5,27,"US","HUMAN_OBSERVATION","Angelica atropurpurea"
4028904561,"Angelica atropurpurea",-89.349907,43.031026,2021,2,1,"US","HUMAN_OBSERVATION","Angelica atropurpurea"
4028607434,"Angelica atropurpurea",-89.018478,43.000122,2021,5,16,"US","HUMAN_OBSERVATION","Angelica atropurpurea"
1562976038,"Angelica atropurpurea",-88.926044,43.036918,2017,5,21,"US","HUMAN_OBSERVATION","Angelica atropurpurea"
3059159969,"Angelica atropurpurea",-88.405632,43.037443,2020,5,29,"US","HUMAN_OBSERVATION","Angelica atropurpurea"
4028732517,"Angelica atropurpurea",-88.309212,43.012868,2022,5,19,"US","HUMAN_OBSERVATION","Angelica atropurpurea"
1988631701,"Angelica atropurpurea",-84.89681,43.0087,2006,6,5,"US","PRESERVED_SPECIMEN","Angelica atropurpurea"
3859348611,"Angelica atropurpurea",-81.491505,43.028366,2021,4,3,"CA","HUMAN_OBSERVATION","Angelica atropurpurea"
2242988157,"Angelica atropurpurea",-81.261535,43.013678,2019,5,14,"CA","HUMAN_OBSERVATION","Angelica atropurpurea"
3947203743,"Angelica atropurpurea",-81.230982,43.033654,2022,6,26,"CA","HUMAN_OBSERVATION","Angelica atropurpurea"
2999129325,"Angelica atropurpurea",-81.203575,43.03977,2019,4,9,"CA","HUMAN_OBSERVATION","Angelica atropurpurea"
1990443849,"Angelica atropurpurea",-80.369269,43.033456,2018,6,24,"CA","HUMAN_OBSERVATION","Angelica atropurpurea"
899979269,"Angelica atropurpurea",-77.063247,43.022553,2014,5,3,"US","HUMAN_OBSERVATION","Angelica atropurpurea"
4028771511,"Angelica atropurpurea",-89.674272,42.962444,2021,6,8,"US","HUMAN_OBSERVATION","Angelica atropurpurea"
3302563718,"Angelica atropurpurea",-89.566898,42.984993,2021,5,31,"US","HUMAN_OBSERVATION","Angelica atropurpurea"
2641459459,"Angelica atropurpurea",-89.059215,42.988955,2020,6,6,"US","HUMAN_OBSERVATION","Angelica atropurpurea"
2269273396,"Angelica atropurpurea",-89.028779,42.97855,2019,6,13,"US","HUMAN_OBSERVATION","Angelica atropurpurea"
3773543465,"Angelica atropurpurea",-88.272163,42.961183,2022,5,4,"US","HUMAN_OBSERVATION","Angelica atropurpurea"
3499606434,"Angelica atropurpurea",-88.056725,42.978786,2021,5,31,"US","HUMAN_OBSERVATION","Angelica atropurpurea"
3302259883,"Angelica atropurpurea",-85.329443,42.983175,2021,5,31,"US","HUMAN_OBSERVATION","Angelica atropurpurea"
4018189576,"Angelica atropurpurea",-81.420013,42.980022,2022,7,4,"CA","HUMAN_OBSERVATION","Angelica atropurpurea"
4018591489,"Angelica atropurpurea",-81.300497,42.961224,2021,10,28,"CA","HUMAN_OBSERVATION","Angelica atropurpurea"
4018212410,"Angelica atropurpurea",-81.260683,42.998361,2021,6,13,"CA","HUMAN_OBSERVATION","Angelica atropurpurea"
4018097560,"Angelica atropurpurea",-81.213574,42.975039,2022,6,8,"CA","HUMAN_OBSERVATION","Angelica atropurpurea"
3860338186,"Angelica atropurpurea",-81.179656,42.971281,2022,6,23,"CA","HUMAN_OBSERVATION","Angelica atropurpurea"
3859713738,"Angelica atropurpurea",-81.160836,42.969282,2022,6,22,"CA","HUMAN_OBSERVATION","Angelica atropurpurea"
3327820402,"Angelica atropurpurea",-80.975478,42.984058,2021,7,6,"CA","HUMAN_OBSERVATION","Angelica atropurpurea"
2563483310,"Angelica atropurpurea",-77.424071,42.96524,2018,7,24,"US","HUMAN_OBSERVATION","Angelica atropurpurea"
3859738209,"Angelica atropurpurea",-72.629963,42.983738,2022,6,21,"US","HUMAN_OBSERVATION","Angelica atropurpurea"
3860781496,"Angelica atropurpurea",-89.871874,42.953865,2022,6,18,"US","HUMAN_OBSERVATION","Angelica atropurpurea"
2803036249,"Angelica atropurpurea",-89.671567,42.957512,2020,6,24,"US","HUMAN_OBSERVATION","Angelica atropurpurea"
3302258474,"Angelica atropurpurea",-88.125818,42.946115,2021,6,7,"US","HUMAN_OBSERVATION","Angelica atropurpurea"
3873480748,"Angelica atropurpurea",-88.032509,42.935215,2022,6,18,"US","HUMAN_OBSERVATION","Angelica atropurpurea"
3307525349,"Angelica atropurpurea",-81.63818,42.956148,2021,6,14,"CA","HUMAN_OBSERVATION","Angelica atropurpurea"
4018236427,"Angelica atropurpurea",-81.420161,42.934755,2021,7,4,"CA","HUMAN_OBSERVATION","Angelica atropurpurea"
3314158651,"Angelica atropurpurea",-80.328078,42.954463,2021,6,18,"CA","HUMAN_OBSERVATION","Angelica atropurpurea"
3872903705,"Angelica atropurpurea",-89.220764,42.907883,2022,6,17,"US","HUMAN_OBSERVATION","Angelica atropurpurea"
3858943584,"Angelica atropurpurea",-88.077147,42.910153,2022,6,28,"US","HUMAN_OBSERVATION","Angelica atropurpurea"
3872885650,"Angelica atropurpurea",-87.994239,42.894435,2022,5,28,"US","HUMAN_OBSERVATION","Angelica atropurpurea"
1831160392,"Angelica atropurpurea",-81.083889,42.8825,2018,1,5,"CA","HUMAN_OBSERVATION","Angelica atropurpurea"
3455234434,"Angelica atropurpurea",-78.11882,42.878533,2020,6,20,"US","HUMAN_OBSERVATION","Angelica atropurpurea"
3860226842,"Angelica atropurpurea",-72.572376,42.877242,2022,6,7,"US","HUMAN_OBSERVATION","Angelica atropurpurea"
4029050307,"Angelica atropurpurea",-88.629832,42.838482,2017,5,21,"US","HUMAN_OBSERVATION","Angelica atropurpurea"
4028786670,"Angelica atropurpurea",-88.472941,42.835631,2022,5,28,"US","HUMAN_OBSERVATION","Angelica atropurpurea"
1880594043,"Angelica atropurpurea",-88.452501,42.836308,2018,6,25,"US","HUMAN_OBSERVATION","Angelica atropurpurea"
3873458409,"Angelica atropurpurea",-73.907142,42.843658,2021,6,24,"US","HUMAN_OBSERVATION","Angelica atropurpurea"
2283055064,"Angelica atropurpurea",-72.863905,42.8723,2019,6,28,"US","HUMAN_OBSERVATION","Angelica atropurpurea"
2244265860,"Angelica atropurpurea",-88.671686,42.796688,2019,5,17,"US","HUMAN_OBSERVATION","Angelica atropurpurea"
4028629415,"Angelica atropurpurea",-88.462594,42.831777,2021,7,2,"US","HUMAN_OBSERVATION","Angelica atropurpurea"
4028756432,"Angelica atropurpurea",-88.441306,42.804946,2021,7,2,"US","HUMAN_OBSERVATION","Angelica atropurpurea"
3321241339,"Angelica atropurpurea",-84.379663,42.828647,2021,6,29,"US","HUMAN_OBSERVATION","Angelica atropurpurea"
1621769573,"Angelica atropurpurea",-83.07732,42.818383,2015,7,25,"US","HUMAN_OBSERVATION","Angelica atropurpurea"
3859612428,"Angelica atropurpurea",-80.071533,42.823908,2022,5,28,"CA","HUMAN_OBSERVATION","Angelica atropurpurea"
2283113531,"Angelica atropurpurea",-76.103561,42.795442,2019,7,1,"US","HUMAN_OBSERVATION","Angelica atropurpurea"
3912152446,"Angelica atropurpurea",-76.025741,42.798661,2021,7,21,"US","HUMAN_OBSERVATION","Angelica atropurpurea"
3902473241,"Angelica atropurpurea",-74.280869,42.801591,2022,8,21,"US","HUMAN_OBSERVATION","Angelica atropurpurea"
3872981662,"Angelica atropurpurea",-89.96817,42.769325,2022,5,29,"US","HUMAN_OBSERVATION","Angelica atropurpurea"
3112373483,"Angelica atropurpurea",-89.295313,42.755421,2021,4,28,"US","HUMAN_OBSERVATION","Angelica atropurpurea"
3873259022,"Angelica atropurpurea",-88.703888,42.785373,2022,7,11,"US","HUMAN_OBSERVATION","Angelica atropurpurea"
3872901645,"Angelica atropurpurea",-87.86252,42.781078,2022,5,30,"US","HUMAN_OBSERVATION","Angelica atropurpurea"
3307356265,"Angelica atropurpurea",-84.657615,42.76126,2021,6,17,"US","HUMAN_OBSERVATION","Angelica atropurpurea"
3307259781,"Angelica atropurpurea",-82.92972,42.766083,2021,6,12,"US","HUMAN_OBSERVATION","Angelica atropurpurea"
2028463169,"Angelica atropurpurea",-81.834676,42.791444,2019,3,16,"CA","HUMAN_OBSERVATION","Angelica atropurpurea"
2999052323,"Angelica atropurpurea",-81.82738,42.78892,2019,6,10,"CA","HUMAN_OBSERVATION","Angelica atropurpurea"
1883490075,"Angelica atropurpurea",-81.440569,42.771115,2018,7,9,"CA","HUMAN_OBSERVATION","Angelica atropurpurea"
2999127486,"Angelica atropurpurea",-80.271622,42.774004,2020,9,9,"CA","HUMAN_OBSERVATION","Angelica atropurpurea"
2864668473,"Angelica atropurpurea",-74.866988,42.787572,2020,9,14,"US","HUMAN_OBSERVATION","Angelica atropurpurea"
1132410457,"Angelica atropurpurea",-73.797741,42.78759,2008,6,7,"US","HUMAN_OBSERVATION","Angelica atropurpurea"
3872899703,"Angelica atropurpurea",-73.787054,42.784504,2022,6,4,"US","HUMAN_OBSERVATION","Angelica atropurpurea"
3873142439,"Angelica atropurpurea",-73.341395,42.750827,2022,7,9,"US","HUMAN_OBSERVATION","Angelica atropurpurea"
2634573765,"Angelica atropurpurea",-89.402493,42.730596,2020,5,31,"US","HUMAN_OBSERVATION","Angelica atropurpurea"
4029000391,"Angelica atropurpurea",-88.473817,42.723257,2021,5,29,"US","HUMAN_OBSERVATION","Angelica atropurpurea"
4028976556,"Angelica atropurpurea",-87.818083,42.734156,2022,5,21,"US","HUMAN_OBSERVATION","Angelica atropurpurea"
2006102476,"Angelica atropurpurea",-81.975625,42.709041,2017,5,31,"CA","HUMAN_OBSERVATION","Angelica atropurpurea"
3759360654,"Angelica atropurpurea",-80.317881,42.726665,2022,4,18,"CA","HUMAN_OBSERVATION","Angelica atropurpurea"
2626205284,"Angelica atropurpurea",-73.186356,42.745656,2020,5,19,"US","HUMAN_OBSERVATION","Angelica atropurpurea"
1030486449,"Angelica atropurpurea",-84.49,42.691944,2005,6,30,"US","PRESERVED_SPECIMEN","Angelica atropurpurea"
2283074959,"Angelica atropurpurea",-84.382175,42.694074,2019,6,29,"US","HUMAN_OBSERVATION","Angelica atropurpurea"
3873608031,"Angelica atropurpurea",-77.215003,42.703278,2022,7,11,"US","HUMAN_OBSERVATION","Angelica atropurpurea"
1848805374,"Angelica atropurpurea",-89.130285,42.626666,2018,5,28,"US","HUMAN_OBSERVATION","Angelica atropurpurea"
3873443798,"Angelica atropurpurea",-88.405867,42.653656,2022,6,27,"US","HUMAN_OBSERVATION","Angelica atropurpurea"
3892371932,"Angelica atropurpurea",-72.950232,42.650572,2022,7,14,"US","HUMAN_OBSERVATION","Angelica atropurpurea"
3858819895,"Angelica atropurpurea",-72.137138,42.63368,2022,6,14,"US","HUMAN_OBSERVATION","Angelica atropurpurea"
4028793523,"Angelica atropurpurea",-88.828679,42.601044,2021,5,31,"US","HUMAN_OBSERVATION","Angelica atropurpurea"
2802865302,"Angelica atropurpurea",-88.541294,42.587537,2020,6,25,"US","HUMAN_OBSERVATION","Angelica atropurpurea"
2814286678,"Angelica atropurpurea",-85.413121,42.590277,2020,7,5,"US","HUMAN_OBSERVATION","Angelica atropurpurea"
2283032376,"Angelica atropurpurea",-77.147666,42.598879,2019,6,15,"US","HUMAN_OBSERVATION","Angelica atropurpurea"
3985643767,"Angelica atropurpurea",-89.140529,42.541927,2013,6,20,"US","HUMAN_OBSERVATION","Angelica atropurpurea"
2802770169,"Angelica atropurpurea",-88.583887,42.542837,2020,6,7,"US","HUMAN_OBSERVATION","Angelica atropurpurea"
3859307363,"Angelica atropurpurea",-88.582028,42.548435,2022,6,27,"US","HUMAN_OBSERVATION","Angelica atropurpurea"
3067906893,"Angelica atropurpurea",-85.297372,42.541875,2020,6,5,"US","HUMAN_OBSERVATION","Angelica atropurpurea"
3325790485,"Angelica atropurpurea",-78.881655,42.574723,2021,6,20,"US","HUMAN_OBSERVATION","Angelica atropurpurea"
1453269294,"Angelica atropurpurea",-78.402166,42.546689,2016,6,21,"US","HUMAN_OBSERVATION","Angelica atropurpurea"
2634124728,"Angelica atropurpurea",-89.193242,42.528687,2020,5,31,"US","HUMAN_OBSERVATION","Angelica atropurpurea"
3327740821,"Angelica atropurpurea",-89.157379,42.504669,2021,7,8,"US","HUMAN_OBSERVATION","Angelica atropurpurea"
1847491534,"Angelica atropurpurea",-87.808502,42.507954,2018,5,10,"US","HUMAN_OBSERVATION","Angelica atropurpurea"
3858453096,"Angelica atropurpurea",-85.298789,42.536488,2022,6,9,"US","HUMAN_OBSERVATION","Angelica atropurpurea"
1986823280,"Angelica atropurpurea",-83.8711,42.5348,2012,6,15,"US","HUMAN_OBSERVATION","Angelica atropurpurea"
2283024479,"Angelica atropurpurea",-76.547988,42.540496,2019,6,3,"US","HUMAN_OBSERVATION","Angelica atropurpurea"
3355052318,"Angelica atropurpurea",-76.335197,42.515731,2018,6,23,"US","HUMAN_OBSERVATION","Angelica atropurpurea"
3772642588,"Angelica atropurpurea",-76.30863,42.5262,2022,5,11,"US","HUMAN_OBSERVATION","Angelica atropurpurea"
2814102638,"Angelica atropurpurea",-76.094894,42.5335,2020,6,28,"US","HUMAN_OBSERVATION","Angelica atropurpurea"
4034691556,"Angelica atropurpurea",-74.161011,42.530378,2015,7,18,"US","HUMAN_OBSERVATION","Angelica atropurpurea"
3031670630,"Angelica atropurpurea",-89.156342,42.487956,2020,4,17,"US","HUMAN_OBSERVATION","Angelica atropurpurea"
2850558769,"Angelica atropurpurea",-88.515023,42.470133,2020,7,17,"US","HUMAN_OBSERVATION","Angelica atropurpurea"
3408232171,"Angelica atropurpurea",-88.18976,42.49295,2021,10,23,"US","HUMAN_OBSERVATION","Angelica atropurpurea"
2641317699,"Angelica atropurpurea",-87.807403,42.493309,2020,6,4,"US","HUMAN_OBSERVATION","Angelica atropurpurea"
1989466759,"Angelica atropurpurea",-85.8367,42.4921,2016,5,30,"US","PRESERVED_SPECIMEN","Angelica atropurpurea"
3764226687,"Angelica atropurpurea",-78.774545,42.460303,2022,4,23,"US","HUMAN_OBSERVATION","Angelica atropurpurea"
3314160559,"Angelica atropurpurea",-76.501137,42.463852,2021,6,11,"US","HUMAN_OBSERVATION","Angelica atropurpurea"
3859673924,"Angelica atropurpurea",-76.498247,42.467895,2022,6,8,"US","HUMAN_OBSERVATION","Angelica atropurpurea"
3874038051,"Angelica atropurpurea",-76.404883,42.476813,2022,7,23,"US","HUMAN_OBSERVATION","Angelica atropurpurea"
3384633213,"Angelica atropurpurea",-75.81664,42.465187,2016,7,2,"US","HUMAN_OBSERVATION","Angelica atropurpurea"
1935598737,"Angelica atropurpurea",-74.960337,42.487302,2016,7,2,"US","HUMAN_OBSERVATION","Angelica atropurpurea"
3858483823,"Angelica atropurpurea",-72.161553,42.470417,2022,6,15,"US","HUMAN_OBSERVATION","Angelica atropurpurea"
3859936709,"Angelica atropurpurea",-90.050889,42.447578,2022,6,18,"US","HUMAN_OBSERVATION","Angelica atropurpurea"
2988288497,"Angelica atropurpurea",-89.117011,42.457712,2020,5,30,"US","HUMAN_OBSERVATION","Angelica atropurpurea"
3455252757,"Angelica atropurpurea",-89.013185,42.428143,2020,4,26,"US","HUMAN_OBSERVATION","Angelica atropurpurea"
3858484274,"Angelica atropurpurea",-88.918862,42.420212,2022,6,19,"US","HUMAN_OBSERVATION","Angelica atropurpurea"
3889147376,"Angelica atropurpurea",-88.667865,42.425826,2022,8,8,"US","HUMAN_OBSERVATION","Angelica atropurpurea"
3113678366,"Angelica atropurpurea",-88.343903,42.41882,2021,5,9,"US","HUMAN_OBSERVATION","Angelica atropurpurea"
2999114179,"Angelica atropurpurea",-88.193224,42.442469,2020,12,10,"US","HUMAN_OBSERVATION","Angelica atropurpurea"
3860336631,"Angelica atropurpurea",-88.082406,42.432155,2022,6,29,"US","HUMAN_OBSERVATION","Angelica atropurpurea"
3873002079,"Angelica atropurpurea",-83.813156,42.451253,2022,7,9,"US","HUMAN_OBSERVATION","Angelica atropurpurea"
3873916003,"Angelica atropurpurea",-78.901113,42.448255,2022,7,11,"US","HUMAN_OBSERVATION","Angelica atropurpurea"
3873932009,"Angelica atropurpurea",-76.477035,42.450756,2022,7,10,"US","HUMAN_OBSERVATION","Angelica atropurpurea"
3070305992,"Angelica atropurpurea",-73.11322,42.430881,2020,6,22,"US","HUMAN_OBSERVATION","Angelica atropurpurea"
4028898734,"Angelica atropurpurea",-90.429832,42.408607,2022,6,10,"US","HUMAN_OBSERVATION","Angelica atropurpurea"
2603405423,"Angelica atropurpurea",-87.910009,42.384533,2020,4,10,"US","HUMAN_OBSERVATION","Angelica atropurpurea"
1831205962,"Angelica atropurpurea",-85.360906,42.403616,2018,2,18,"US","HUMAN_OBSERVATION","Angelica atropurpurea"
1572389894,"Angelica atropurpurea",-83.910879,42.386645,2017,7,10,"US","HUMAN_OBSERVATION","Angelica atropurpurea"
3337986591,"Angelica atropurpurea",-79.438246,42.389249,2021,7,31,"US","HUMAN_OBSERVATION","Angelica atropurpurea"
2802675290,"Angelica atropurpurea",-76.373037,42.38836,2020,6,17,"US","HUMAN_OBSERVATION","Angelica atropurpurea"
3327986227,"Angelica atropurpurea",-76.190941,42.415915,2021,7,12,"US","HUMAN_OBSERVATION","Angelica atropurpurea"
1986549211,"Angelica atropurpurea",-75.96541,42.394147,2018,6,19,"US","HUMAN_OBSERVATION","Angelica atropurpurea"
2818575206,"Angelica atropurpurea",-75.957504,42.397152,2020,7,13,"US","HUMAN_OBSERVATION","Angelica atropurpurea"
4034678492,"Angelica atropurpurea",-73.299453,42.382564,2022,10,28,"US","HUMAN_OBSERVATION","Angelica atropurpurea"
3455581637,"Angelica atropurpurea",-72.839817,42.391736,2021,6,28,"US","HUMAN_OBSERVATION","Angelica atropurpurea"
3859809782,"Angelica atropurpurea",-89.236618,42.350106,2022,6,23,"US","HUMAN_OBSERVATION","Angelica atropurpurea"
3455279709,"Angelica atropurpurea",-88.965511,42.352011,2020,7,13,"US","HUMAN_OBSERVATION","Angelica atropurpurea"
2242878081,"Angelica atropurpurea",-88.846863,42.371387,2019,5,6,"US","HUMAN_OBSERVATION","Angelica atropurpurea"
3889002583,"Angelica atropurpurea",-88.800211,42.372592,2022,8,1,"US","HUMAN_OBSERVATION","Angelica atropurpurea"
3112476139,"Angelica atropurpurea",-88.78363,42.353378,2021,5,3,"US","HUMAN_OBSERVATION","Angelica atropurpurea"
1640106615,"Angelica atropurpurea",-87.83793,42.3515,2017,6,15,"US","HUMAN_OBSERVATION","Angelica atropurpurea"
3858633440,"Angelica atropurpurea",-85.585613,42.360595,2022,6,12,"US","HUMAN_OBSERVATION","Angelica atropurpurea"
3873461264,"Angelica atropurpurea",-83.888367,42.342438,2022,6,28,"US","HUMAN_OBSERVATION","Angelica atropurpurea"
1880549534,"Angelica atropurpurea",-73.624965,42.337507,2018,6,23,"US","HUMAN_OBSERVATION","Angelica atropurpurea"
4028735068,"Angelica atropurpurea",-89.282465,42.329153,2022,9,16,"US","HUMAN_OBSERVATION","Angelica atropurpurea"
3772445911,"Angelica atropurpurea",-89.163104,42.309469,2022,4,29,"US","HUMAN_OBSERVATION","Angelica atropurpurea"
3327772042,"Angelica atropurpurea",-88.968261,42.326626,2021,7,11,"US","HUMAN_OBSERVATION","Angelica atropurpurea"
2634106413,"Angelica atropurpurea",-88.340456,42.325056,2020,5,29,"US","HUMAN_OBSERVATION","Angelica atropurpurea"
3859683439,"Angelica atropurpurea",-88.242767,42.313786,2022,6,19,"US","HUMAN_OBSERVATION","Angelica atropurpurea"
3949484422,"Angelica atropurpurea",-85.535383,42.323794,2022,6,11,"US","HUMAN_OBSERVATION","Angelica atropurpurea"
1890668607,"Angelica atropurpurea",-85.325706,42.302418,2018,6,26,"US","HUMAN_OBSERVATION","Angelica atropurpurea"
1562961740,"Angelica atropurpurea",-83.662986,42.302229,2017,5,18,"US","HUMAN_OBSERVATION","Angelica atropurpurea"
3860777579,"Angelica atropurpurea",-73.475005,42.309508,2022,6,12,"US","HUMAN_OBSERVATION","Angelica atropurpurea"
3333247702,"Angelica atropurpurea",-88.907767,42.257254,2021,7,22,"US","HUMAN_OBSERVATION","Angelica atropurpurea"
3858725289,"Angelica atropurpurea",-88.344377,42.290333,2022,6,19,"US","HUMAN_OBSERVATION","Angelica atropurpurea"
3455982530,"Angelica atropurpurea",-88.30722,42.263428,2019,4,23,"US","HUMAN_OBSERVATION","Angelica atropurpurea"
3903597839,"Angelica atropurpurea",-88.224057,42.277557,2022,8,26,"US","HUMAN_OBSERVATION","Angelica atropurpurea"
3860059241,"Angelica atropurpurea",-83.706689,42.278486,2022,7,4,"US","HUMAN_OBSERVATION","Angelica atropurpurea"
1802628261,"Angelica atropurpurea",-83.010277,42.275264,2017,7,31,"CA","HUMAN_OBSERVATION","Angelica atropurpurea"
3337699217,"Angelica atropurpurea",-79.56172,42.27656,2021,8,9,"US","HUMAN_OBSERVATION","Angelica atropurpurea"
3860526730,"Angelica atropurpurea",-89.203463,42.214496,2022,6,14,"US","HUMAN_OBSERVATION","Angelica atropurpurea"
4028927726,"Angelica atropurpurea",-88.976983,42.211662,2022,6,12,"US","HUMAN_OBSERVATION","Angelica atropurpurea"
3456310189,"Angelica atropurpurea",-88.922378,42.24708,2021,4,30,"US","HUMAN_OBSERVATION","Angelica atropurpurea"
3385121777,"Angelica atropurpurea",-88.219286,42.24517,2021,9,21,"US","HUMAN_OBSERVATION","Angelica atropurpurea"
3320889492,"Angelica atropurpurea",-88.206392,42.227683,2021,5,31,"US","HUMAN_OBSERVATION","Angelica atropurpurea"
923918920,"Angelica atropurpurea",-85.454838,42.208675,2014,6,18,"US","HUMAN_OBSERVATION","Angelica atropurpurea"
2273248435,"Angelica atropurpurea",-76.181546,42.237222,2019,6,22,"US","HUMAN_OBSERVATION","Angelica atropurpurea"
3773628939,"Angelica atropurpurea",-73.50741,42.228518,2022,5,7,"US","HUMAN_OBSERVATION","Angelica atropurpurea"
3860501960,"Angelica atropurpurea",-89.190636,42.20352,2022,5,28,"US","HUMAN_OBSERVATION","Angelica atropurpurea"
3859355452,"Angelica atropurpurea",-89.163357,42.167213,2022,7,6,"US","HUMAN_OBSERVATION","Angelica atropurpurea"
3773379770,"Angelica atropurpurea",-88.965058,42.199555,2022,4,29,"US","HUMAN_OBSERVATION","Angelica atropurpurea"
4028743523,"Angelica atropurpurea",-88.94514,42.201955,2022,6,3,"US","HUMAN_OBSERVATION","Angelica atropurpurea"
3743394340,"Angelica atropurpurea",-88.295463,42.167655,2022,3,16,"US","HUMAN_OBSERVATION","Angelica atropurpurea"
3301792550,"Angelica atropurpurea",-88.123292,42.198838,2021,5,31,"US","HUMAN_OBSERVATION","Angelica atropurpurea"
2634302698,"Angelica atropurpurea",-88.013095,42.189955,2020,5,26,"US","HUMAN_OBSERVATION","Angelica atropurpurea"
2429210527,"Angelica atropurpurea",-84.419678,42.173288,2019,6,15,"US","HUMAN_OBSERVATION","Angelica atropurpurea"
2273204925,"Angelica atropurpurea",-79.03465,42.18465,2019,4,23,"US","HUMAN_OBSERVATION","Angelica atropurpurea"
3949445084,"Angelica atropurpurea",-73.865822,42.202114,2022,5,17,"US","HUMAN_OBSERVATION","Angelica atropurpurea"
3302019493,"Angelica atropurpurea",-89.093273,42.165849,2021,4,16,"US","HUMAN_OBSERVATION","Angelica atropurpurea"
2242876408,"Angelica atropurpurea",-88.937336,42.137885,2019,5,6,"US","HUMAN_OBSERVATION","Angelica atropurpurea"
3858815393,"Angelica atropurpurea",-88.912384,42.163177,2022,6,4,"US","HUMAN_OBSERVATION","Angelica atropurpurea"
3772684293,"Angelica atropurpurea",-88.802689,42.125826,2022,5,1,"US","HUMAN_OBSERVATION","Angelica atropurpurea"
3455760199,"Angelica atropurpurea",-88.616294,42.149087,2021,4,21,"US","HUMAN_OBSERVATION","Angelica atropurpurea"
3455219638,"Angelica atropurpurea",-88.340477,42.126873,2020,8,19,"US","HUMAN_OBSERVATION","Angelica atropurpurea"
4028727823,"Angelica atropurpurea",-88.312634,42.151029,2022,6,20,"US","HUMAN_OBSERVATION","Angelica atropurpurea"
3456177976,"Angelica atropurpurea",-88.281601,42.134798,2020,6,14,"US","HUMAN_OBSERVATION","Angelica atropurpurea"
2980838570,"Angelica atropurpurea",-88.221473,42.150351,2020,10,21,"US","HUMAN_OBSERVATION","Angelica atropurpurea"
3337581613,"Angelica atropurpurea",-87.982945,42.158705,2021,6,25,"US","HUMAN_OBSERVATION","Angelica atropurpurea"
2237504701,"Angelica atropurpurea",-87.79441,42.147606,2019,4,23,"US","HUMAN_OBSERVATION","Angelica atropurpurea"
1990443273,"Angelica atropurpurea",-87.786117,42.143289,2018,6,15,"US","HUMAN_OBSERVATION","Angelica atropurpurea"
3902864448,"Angelica atropurpurea",-86.380136,42.156734,2022,6,1,"US","HUMAN_OBSERVATION","Angelica atropurpurea"
3061566328,"Angelica atropurpurea",-85.7342,42.137783,2010,5,17,"US","HUMAN_OBSERVATION","Angelica atropurpurea"
1986828496,"Angelica atropurpurea",-84.13116,42.14895,2013,8,16,"US","HUMAN_OBSERVATION","Angelica atropurpurea"
1836609749,"Angelica atropurpurea",-84.050817,42.15282,2017,7,8,"US","HUMAN_OBSERVATION","Angelica atropurpurea"
1453090634,"Angelica atropurpurea",-78.701298,42.154024,2016,5,31,"US","HUMAN_OBSERVATION","Angelica atropurpurea"
3456594311,"Angelica atropurpurea",-74.294297,42.165745,2020,9,12,"US","HUMAN_OBSERVATION","Angelica atropurpurea"
3456005690,"Angelica atropurpurea",-88.865897,42.10351,2020,4,28,"US","HUMAN_OBSERVATION","Angelica atropurpurea"
3302070620,"Angelica atropurpurea",-88.794022,42.100236,2021,5,15,"US","HUMAN_OBSERVATION","Angelica atropurpurea"
3860126739,"Angelica atropurpurea",-88.72963,42.094045,2022,5,30,"US","HUMAN_OBSERVATION","Angelica atropurpurea"
3858475911,"Angelica atropurpurea",-88.320922,42.099961,2022,5,31,"US","HUMAN_OBSERVATION","Angelica atropurpurea"
2633963765,"Angelica atropurpurea",-88.200084,42.120286,2020,5,21,"US","HUMAN_OBSERVATION","Angelica atropurpurea"
1978880252,"Angelica atropurpurea",-84.46053,42.08426,2014,5,26,"US","PRESERVED_SPECIMEN","Angelica atropurpurea"
1986840764,"Angelica atropurpurea",-84.45736,42.08943,2014,7,18,"US","HUMAN_OBSERVATION","Angelica atropurpurea"
1978879878,"Angelica atropurpurea",-84.17533,42.12142,2012,8,6,"US","PRESERVED_SPECIMEN","Angelica atropurpurea"
1883466389,"Angelica atropurpurea",-84.11933,42.093375,2018,6,24,"US","HUMAN_OBSERVATION","Angelica atropurpurea"
3860570535,"Angelica atropurpurea",-79.2196,42.115326,2022,6,29,"US","HUMAN_OBSERVATION","Angelica atropurpurea"
3335094453,"Angelica atropurpurea",-73.54908,42.092898,2021,6,11,"US","HUMAN_OBSERVATION","Angelica atropurpurea"
2265850450,"Angelica atropurpurea",-88.328653,42.056908,2019,6,9,"US","HUMAN_OBSERVATION","Angelica atropurpurea"
3923461485,"Angelica atropurpurea",-88.27051,42.064824,2022,4,25,"US","HUMAN_OBSERVATION","Angelica atropurpurea"
2803139445,"Angelica atropurpurea",-88.198066,42.058674,2020,6,24,"US","HUMAN_OBSERVATION","Angelica atropurpurea"
3858492370,"Angelica atropurpurea",-88.15176,42.072214,2022,5,27,"US","HUMAN_OBSERVATION","Angelica atropurpurea"
3925038553,"Angelica atropurpurea",-80.177235,42.051257,2022,7,27,"US","HUMAN_OBSERVATION","Angelica atropurpurea"
3456326748,"Angelica atropurpurea",-78.86665,42.06194,2021,12,31,"US","HUMAN_OBSERVATION","Angelica atropurpurea"
4034603707,"Angelica atropurpurea",-77.929309,42.048678,2022,7,5,"US","HUMAN_OBSERVATION","Angelica atropurpurea"
3058930579,"Angelica atropurpurea",-73.350928,42.057547,2020,9,4,"US","HUMAN_OBSERVATION","Angelica atropurpurea"
3301958493,"Angelica atropurpurea",-88.3854,42.000836,2021,5,14,"US","HUMAN_OBSERVATION","Angelica atropurpurea"
3897798054,"Angelica atropurpurea",-88.335,42.0347,2017,7,18,"US","PRESERVED_SPECIMEN","Angelica atropurpurea"
2873772379,"Angelica atropurpurea",-88.321995,42.010229,2020,6,11,"US","HUMAN_OBSERVATION","Angelica atropurpurea"
3860264440,"Angelica atropurpurea",-88.256195,42.015735,2022,6,19,"US","HUMAN_OBSERVATION","Angelica atropurpurea"
2283055403,"Angelica atropurpurea",-88.221576,42.010078,2019,6,28,"US","HUMAN_OBSERVATION","Angelica atropurpurea"
2898427429,"Angelica atropurpurea",-74.734497,42.015651,2020,7,25,"US","HUMAN_OBSERVATION","Angelica atropurpurea"
3860045274,"Angelica atropurpurea",-73.923095,42.031106,2022,5,27,"US","HUMAN_OBSERVATION","Angelica atropurpurea"
4034870689,"Angelica atropurpurea",-73.916625,42.017011,2022,5,28,"US","HUMAN_OBSERVATION","Angelica atropurpurea"
1890080624,"Angelica atropurpurea",-89.55733,41.991932,2018,7,31,"US","HUMAN_OBSERVATION","Angelica atropurpurea"
3455783252,"Angelica atropurpurea",-89.431892,41.960638,2021,6,9,"US","HUMAN_OBSERVATION","Angelica atropurpurea"
2634478852,"Angelica atropurpurea",-88.397381,41.980519,2020,6,1,"US","HUMAN_OBSERVATION","Angelica atropurpurea"
1986842497,"Angelica atropurpurea",-83.94215,41.98008,2013,5,29,"US","HUMAN_OBSERVATION","Angelica atropurpurea"
4018098589,"Angelica atropurpurea",-79.559453,41.997072,2022,7,26,"US","HUMAN_OBSERVATION","Angelica atropurpurea"
3456887108,"Angelica atropurpurea",-73.344342,41.992378,2017,6,3,"US","HUMAN_OBSERVATION","Angelica atropurpurea"
1850932402,"Angelica atropurpurea",-89.31634,41.923975,2018,6,7,"US","HUMAN_OBSERVATION","Angelica atropurpurea"
3456624692,"Angelica atropurpurea",-88.773369,41.94788,2021,7,10,"US","HUMAN_OBSERVATION","Angelica atropurpurea"
3859309989,"Angelica atropurpurea",-88.406341,41.952962,2022,6,24,"US","HUMAN_OBSERVATION","Angelica atropurpurea"
3872885906,"Angelica atropurpurea",-88.346766,41.926337,2022,7,6,"US","HUMAN_OBSERVATION","Angelica atropurpurea"
3307304624,"Angelica atropurpurea",-88.321251,41.930478,2021,6,15,"US","HUMAN_OBSERVATION","Angelica atropurpurea"
1880654954,"Angelica atropurpurea",-87.69413,41.95758,2018,7,1,"US","HUMAN_OBSERVATION","Angelica atropurpurea"
3112299612,"Angelica atropurpurea",-87.631463,41.917974,2021,4,30,"US","HUMAN_OBSERVATION","Angelica atropurpurea"
2269273892,"Angelica atropurpurea",-86.309327,41.932466,2019,6,15,"US","HUMAN_OBSERVATION","Angelica atropurpurea"
1883911390,"Angelica atropurpurea",-86.247315,41.935157,2018,6,5,"US","HUMAN_OBSERVATION","Angelica atropurpurea"
2859222473,"Angelica atropurpurea",-75.446782,41.945359,2016,7,27,"US","PRESERVED_SPECIMEN","Angelica atropurpurea"
3456002292,"Angelica atropurpurea",-75.310333,41.949203,2021,6,12,"US","HUMAN_OBSERVATION","Angelica atropurpurea"
3415911683,"Angelica atropurpurea",-74.551497,41.955508,2021,6,23,"US","HUMAN_OBSERVATION","Angelica atropurpurea"
3923358532,"Angelica atropurpurea",-89.353151,41.886166,2022,6,14,"US","HUMAN_OBSERVATION","Angelica atropurpurea"
3455351325,"Angelica atropurpurea",-89.333148,41.907772,2021,5,9,"US","HUMAN_OBSERVATION","Angelica atropurpurea"
1571193821,"Angelica atropurpurea",-88.66732,41.879447,2017,6,27,"US","HUMAN_OBSERVATION","Angelica atropurpurea"
2283102997,"Angelica atropurpurea",-88.598503,41.899497,2019,6,30,"US","HUMAN_OBSERVATION","Angelica atropurpurea"
1586924190,"Angelica atropurpurea",-88.379662,41.910713,2017,7,29,"US","HUMAN_OBSERVATION","Angelica atropurpurea"
3301938813,"Angelica atropurpurea",-88.371825,41.912803,2021,6,1,"US","HUMAN_OBSERVATION","Angelica atropurpurea"
3860488007,"Angelica atropurpurea",-88.078575,41.893715,2022,6,1,"US","HUMAN_OBSERVATION","Angelica atropurpurea"
3860434122,"Angelica atropurpurea",-87.652281,41.907167,2022,6,10,"US","HUMAN_OBSERVATION","Angelica atropurpurea"
1890047506,"Angelica atropurpurea",-83.986732,41.879277,2018,7,1,"US","HUMAN_OBSERVATION","Angelica atropurpurea"
3860405104,"Angelica atropurpurea",-89.353152,41.870776,2022,6,18,"US","HUMAN_OBSERVATION","Angelica atropurpurea"
2283237215,"Angelica atropurpurea",-89.308145,41.840983,2019,7,8,"US","HUMAN_OBSERVATION","Angelica atropurpurea"
2611206262,"Angelica atropurpurea",-88.458942,41.836963,2020,4,24,"US","HUMAN_OBSERVATION","Angelica atropurpurea"
3455240000,"Angelica atropurpurea",-88.3762,41.841189,2021,5,25,"US","HUMAN_OBSERVATION","Angelica atropurpurea"
2244228898,"Angelica atropurpurea",-88.374814,41.841301,2019,5,13,"US","HUMAN_OBSERVATION","Angelica atropurpurea"
3859450905,"Angelica atropurpurea",-88.190955,41.868948,2022,6,7,"US","HUMAN_OBSERVATION","Angelica atropurpurea"
3858899264,"Angelica atropurpurea",-79.41236,41.851887,2022,7,4,"US","HUMAN_OBSERVATION","Angelica atropurpurea"
415946905,"Angelica atropurpurea",-72.00835,41.86059,2003,6,19,"US","PRESERVED_SPECIMEN","Angelica atropurpurea"
1038921781,"Angelica atropurpurea",-71.9833,41.8669,2003,6,19,"US","PRESERVED_SPECIMEN","Angelica atropurpurea"
2634449064,"Angelica atropurpurea",-90.135221,41.82771,2020,6,2,"US","HUMAN_OBSERVATION","Angelica atropurpurea"
3873544861,"Angelica atropurpurea",-88.730641,41.829513,2022,7,2,"US","HUMAN_OBSERVATION","Angelica atropurpurea"
1562955520,"Angelica atropurpurea",-88.493782,41.830666,2017,5,18,"US","HUMAN_OBSERVATION","Angelica atropurpurea"
2611331126,"Angelica atropurpurea",-88.387458,41.831192,2019,6,16,"US","HUMAN_OBSERVATION","Angelica atropurpurea"
3302004669,"Angelica atropurpurea",-88.178211,41.804424,2021,5,31,"US","HUMAN_OBSERVATION","Angelica atropurpurea"
4028998835,"Angelica atropurpurea",-88.093736,41.813866,2022,6,27,"US","HUMAN_OBSERVATION","Angelica atropurpurea"
3859423395,"Angelica atropurpurea",-88.081336,41.814827,2022,5,28,"US","HUMAN_OBSERVATION","Angelica atropurpurea"
3455472700,"Angelica atropurpurea",-87.967242,41.808803,2021,6,25,"US","HUMAN_OBSERVATION","Angelica atropurpurea"
4028906701,"Angelica atropurpurea",-87.679108,41.825043,2022,6,4,"US","HUMAN_OBSERVATION","Angelica atropurpurea"
1986591283,"Angelica atropurpurea",-86.383281,41.827835,2018,6,5,"US","HUMAN_OBSERVATION","Angelica atropurpurea"
3858164680,"Angelica atropurpurea",-80.039353,41.808094,2021,6,16,"US","HUMAN_OBSERVATION","Angelica atropurpurea"
1702477522,"Angelica atropurpurea",-79.995049,41.798828,2017,6,12,"US","HUMAN_OBSERVATION","Angelica atropurpurea"
3031826464,"Angelica atropurpurea",-73.52489,41.804758,2019,6,12,"US","HUMAN_OBSERVATION","Angelica atropurpurea"
2251976624,"Angelica atropurpurea",-88.42659,41.776512,2019,5,30,"US","HUMAN_OBSERVATION","Angelica atropurpurea"
3061563841,"Angelica atropurpurea",-87.929071,41.778866,2021,3,14,"US","HUMAN_OBSERVATION","Angelica atropurpurea"
2251843321,"Angelica atropurpurea",-87.86298,41.774425,2019,5,3,"US","HUMAN_OBSERVATION","Angelica atropurpurea"
2269285472,"Angelica atropurpurea",-87.582732,41.781661,2019,6,17,"US","HUMAN_OBSERVATION","Angelica atropurpurea"
3328002656,"Angelica atropurpurea",-74.385138,41.767078,2021,6,22,"US","HUMAN_OBSERVATION","Angelica atropurpurea"
3963217336,"Angelica atropurpurea",-74.094597,41.756538,2020,5,26,"US","HUMAN_OBSERVATION","Angelica atropurpurea"
4018296397,"Angelica atropurpurea",-73.572709,41.772759,2021,1,27,"US","HUMAN_OBSERVATION","Angelica atropurpurea"
4034611704,"Angelica atropurpurea",-72.819962,41.750713,2022,11,4,"US","HUMAN_OBSERVATION","Angelica atropurpurea"
1580490881,"Angelica atropurpurea",-88.541699,41.743627,2017,7,13,"US","HUMAN_OBSERVATION","Angelica atropurpurea"
3455450555,"Angelica atropurpurea",-88.521977,41.738612,2020,5,29,"US","HUMAN_OBSERVATION","Angelica atropurpurea"
3892442849,"Angelica atropurpurea",-88.18216,41.728251,2022,8,12,"US","HUMAN_OBSERVATION","Angelica atropurpurea"
3860385420,"Angelica atropurpurea",-88.163658,41.716872,2022,6,5,"US","HUMAN_OBSERVATION","Angelica atropurpurea"
3061658903,"Angelica atropurpurea",-87.811056,41.744477,2021,3,14,"US","HUMAN_OBSERVATION","Angelica atropurpurea"
3860805287,"Angelica atropurpurea",-85.755135,41.721272,2022,7,4,"US","HUMAN_OBSERVATION","Angelica atropurpurea"
3859391002,"Angelica atropurpurea",-80.147751,41.731358,2022,6,1,"US","HUMAN_OBSERVATION","Angelica atropurpurea"
4014977368,"Angelica atropurpurea",-74.119095,41.720744,2020,7,1,"US","HUMAN_OBSERVATION","Angelica atropurpurea"
3859387617,"Angelica atropurpurea",-73.063999,41.740645,2022,5,29,"US","HUMAN_OBSERVATION","Angelica atropurpurea"
3314557496,"Angelica atropurpurea",-88.737196,41.675482,2021,6,24,"US","HUMAN_OBSERVATION","Angelica atropurpurea"
1500353389,"Angelica atropurpurea",-88.626562,41.689159,2017,5,4,"US","HUMAN_OBSERVATION","Angelica atropurpurea"
3858539548,"Angelica atropurpurea",-88.369731,41.677782,2022,6,13,"US","HUMAN_OBSERVATION","Angelica atropurpurea"
3859713265,"Angelica atropurpurea",-88.269262,41.690715,2022,6,18,"US","HUMAN_OBSERVATION","Angelica atropurpurea"
1562957070,"Angelica atropurpurea",-87.560178,41.671545,2017,5,19,"US","HUMAN_OBSERVATION","Angelica atropurpurea"
4021951885,"Angelica atropurpurea",-73.508589,41.679402,2023,1,19,"US","HUMAN_OBSERVATION","Angelica atropurpurea"
3773121679,"Angelica atropurpurea",-88.525138,41.661646,2022,5,1,"US","HUMAN_OBSERVATION","Angelica atropurpurea"
3873374633,"Angelica atropurpurea",-87.564545,41.65506,2022,7,13,"US","HUMAN_OBSERVATION","Angelica atropurpurea"
3858514436,"Angelica atropurpurea",-87.08663,41.6442,2022,6,12,"US","HUMAN_OBSERVATION","Angelica atropurpurea"
3858476204,"Angelica atropurpurea",-79.835758,41.665779,2022,6,3,"US","HUMAN_OBSERVATION","Angelica atropurpurea"
2634362669,"Angelica atropurpurea",-88.561188,41.621328,2020,5,8,"US","HUMAN_OBSERVATION","Angelica atropurpurea"
4028656666,"Angelica atropurpurea",-88.076641,41.583903,2022,6,2,"US","HUMAN_OBSERVATION","Angelica atropurpurea"
3330773486,"Angelica atropurpurea",-87.486471,41.616872,2021,6,24,"US","HUMAN_OBSERVATION","Angelica atropurpurea"
2634380626,"Angelica atropurpurea",-87.04193,41.584774,2020,5,25,"US","HUMAN_OBSERVATION","Angelica atropurpurea"
3858595239,"Angelica atropurpurea",-80.265032,41.592399,2022,6,10,"US","HUMAN_OBSERVATION","Angelica atropurpurea"
3858413435,"Angelica atropurpurea",-80.149342,41.593049,2022,6,4,"US","HUMAN_OBSERVATION","Angelica atropurpurea"
3988605467,"Angelica atropurpurea",-73.588762,41.593095,2022,6,4,"US","HUMAN_OBSERVATION","Angelica atropurpurea"
2641418848,"Angelica atropurpurea",-88.077567,41.579503,2020,6,6,"US","HUMAN_OBSERVATION","Angelica atropurpurea"
1270048651,"Angelica atropurpurea",-88.023966,41.549431,2016,5,27,"US","HUMAN_OBSERVATION","Angelica atropurpurea"
3333039219,"Angelica atropurpurea",-87.420827,41.555462,2021,7,21,"US","HUMAN_OBSERVATION","Angelica atropurpurea"
2576436928,"Angelica atropurpurea",-87.279791,41.558927,2019,6,24,"US","HUMAN_OBSERVATION","Angelica atropurpurea"
3320974384,"Angelica atropurpurea",-86.349617,41.552543,2021,6,20,"US","HUMAN_OBSERVATION","Angelica atropurpurea"
2252058563,"Angelica atropurpurea",-88.179418,41.504943,2019,6,4,"US","HUMAN_OBSERVATION","Angelica atropurpurea"
1571101720,"Angelica atropurpurea",-88.027654,41.532476,2017,6,6,"US","HUMAN_OBSERVATION","Angelica atropurpurea"
3337406540,"Angelica atropurpurea",-87.960281,41.514027,2021,6,10,"US","HUMAN_OBSERVATION","Angelica atropurpurea"
2238876295,"Angelica atropurpurea",-87.922796,41.514997,2019,4,26,"US","HUMAN_OBSERVATION","Angelica atropurpurea"
4028834826,"Angelica atropurpurea",-87.903982,41.511604,2022,6,12,"US","HUMAN_OBSERVATION","Angelica atropurpurea"
3743261653,"Angelica atropurpurea",-90.155083,41.480828,2022,3,12,"US","HUMAN_OBSERVATION","Angelica atropurpurea"
2859483543,"Angelica atropurpurea",-78.061784,41.490947,2007,5,31,"US","PRESERVED_SPECIMEN","Angelica atropurpurea"
3307339731,"Angelica atropurpurea",-81.422567,41.4244,2021,6,11,"US","HUMAN_OBSERVATION","Angelica atropurpurea"
1291080053,"Angelica atropurpurea",-81.302786,41.454469,2016,6,7,"US","HUMAN_OBSERVATION","Angelica atropurpurea"
3466106561,"Angelica atropurpurea",-81.174225,41.425255,2021,7,5,"US","HUMAN_OBSERVATION","Angelica atropurpurea"
3466147568,"Angelica atropurpurea",-81.161774,41.434059,2021,5,23,"US","HUMAN_OBSERVATION","Angelica atropurpurea"
3881790680,"Angelica atropurpurea",-82.829055,41.415289,2022,6,18,"US","HUMAN_OBSERVATION","Angelica atropurpurea"
3118401305,"Angelica atropurpurea",-81.629307,41.390887,2016,5,21,"US","HUMAN_OBSERVATION","Angelica atropurpurea"
3466010616,"Angelica atropurpurea",-81.36412,41.412039,2021,5,31,"US","HUMAN_OBSERVATION","Angelica atropurpurea"
3064121382,"Angelica atropurpurea",-77.351038,41.386567,2017,7,20,"US","PRESERVED_SPECIMEN","Angelica atropurpurea"
3321086494,"Angelica atropurpurea",-88.182172,41.374518,2021,6,7,"US","HUMAN_OBSERVATION","Angelica atropurpurea"
3090579779,"Angelica atropurpurea",-86.432582,41.345123,2020,7,9,"US","HUMAN_OBSERVATION","Angelica atropurpurea"
4009680948,"Angelica atropurpurea",-75.980995,41.362467,2019,6,23,"US","HUMAN_OBSERVATION","Angelica atropurpurea"
1931474165,"Angelica atropurpurea",-88.700172,41.319802,2018,5,23,"US","HUMAN_OBSERVATION","Angelica atropurpurea"
3860556157,"Angelica atropurpurea",-81.599564,41.31805,2022,6,10,"US","HUMAN_OBSERVATION","Angelica atropurpurea"
3759903933,"Angelica atropurpurea",-81.567863,41.310256,2021,9,3,"US","HUMAN_OBSERVATION","Angelica atropurpurea"
3044943890,"Angelica atropurpurea",-81.469506,41.332663,2013,9,7,"US","HUMAN_OBSERVATION","Angelica atropurpurea"
3466027441,"Angelica atropurpurea",-81.067186,41.291672,2020,6,6,"US","HUMAN_OBSERVATION","Angelica atropurpurea"
3466305584,"Angelica atropurpurea",-81.633589,41.25872,2021,6,4,"US","HUMAN_OBSERVATION","Angelica atropurpurea"
2988335541,"Angelica atropurpurea",-81.506738,41.254592,2020,6,28,"US","HUMAN_OBSERVATION","Angelica atropurpurea"
3860802419,"Angelica atropurpurea",-81.127197,41.28717,2022,6,11,"US","HUMAN_OBSERVATION","Angelica atropurpurea"
3466043642,"Angelica atropurpurea",-81.123367,41.283684,2021,6,9,"US","HUMAN_OBSERVATION","Angelica atropurpurea"
3963334855,"Angelica atropurpurea",-73.599979,41.260216,2022,11,3,"US","HUMAN_OBSERVATION","Angelica atropurpurea"
3911993407,"Angelica atropurpurea",-73.577726,41.259917,2021,7,30,"US","HUMAN_OBSERVATION","Angelica atropurpurea"
1457624068,"Angelica atropurpurea",-89.402983,41.23879,2017,4,8,"US","HUMAN_OBSERVATION","Angelica atropurpurea"
3455281833,"Angelica atropurpurea",-89.321651,41.215114,2020,6,7,"US","HUMAN_OBSERVATION","Angelica atropurpurea"
4028604679,"Angelica atropurpurea",-88.07903,41.23954,2022,6,7,"US","HUMAN_OBSERVATION","Angelica atropurpurea"
3067886589,"Angelica atropurpurea",-81.708725,41.217194,2019,6,30,"US","HUMAN_OBSERVATION","Angelica atropurpurea"
1703130803,"Angelica atropurpurea",-81.478354,41.208671,2017,5,28,"US","HUMAN_OBSERVATION","Angelica atropurpurea"
3985627590,"Angelica atropurpurea",-81.369446,41.212231,2022,5,28,"US","HUMAN_OBSERVATION","Angelica atropurpurea"
1088976160,"Angelica atropurpurea",-74.555116,41.231262,2015,5,10,"US","HUMAN_OBSERVATION","Angelica atropurpurea"
3873055724,"Angelica atropurpurea",-74.462495,41.224097,2022,6,18,"US","HUMAN_OBSERVATION","Angelica atropurpurea"
3302159946,"Angelica atropurpurea",-81.69683,41.190674,2021,6,4,"US","HUMAN_OBSERVATION","Angelica atropurpurea"
2850948612,"Angelica atropurpurea",-81.580805,41.188273,2020,6,5,"US","HUMAN_OBSERVATION","Angelica atropurpurea"
3985765359,"Angelica atropurpurea",-81.373796,41.205006,2020,5,13,"US","HUMAN_OBSERVATION","Angelica atropurpurea"
3873479799,"Angelica atropurpurea",-74.566948,41.205524,2022,7,1,"US","HUMAN_OBSERVATION","Angelica atropurpurea"
923915465,"Angelica atropurpurea",-81.823119,41.144089,2014,6,13,"US","HUMAN_OBSERVATION","Angelica atropurpurea"
1099963973,"Angelica atropurpurea",-81.562143,41.139709,2015,6,24,"US","HUMAN_OBSERVATION","Angelica atropurpurea"
2573963899,"Angelica atropurpurea",-81.92045,41.113798,2019,5,28,"US","HUMAN_OBSERVATION","Angelica atropurpurea"
1702456945,"Angelica atropurpurea",-81.365862,41.118935,2017,6,9,"US","HUMAN_OBSERVATION","Angelica atropurpurea"
3302237630,"Angelica atropurpurea",-74.962588,41.101585,2021,5,24,"US","HUMAN_OBSERVATION","Angelica atropurpurea"
415944407,"Angelica atropurpurea",-74.74611,41.1175,2000,6,23,"US","PRESERVED_SPECIMEN","Angelica atropurpurea"
3860580597,"Angelica atropurpurea",-74.599286,41.110308,2022,5,29,"US","HUMAN_OBSERVATION","Angelica atropurpurea"
3859098504,"Angelica atropurpurea",-87.452091,41.050428,2022,6,18,"US","HUMAN_OBSERVATION","Angelica atropurpurea"
2005262290,"Angelica atropurpurea",-82.275473,41.070943,2018,7,6,"US","HUMAN_OBSERVATION","Angelica atropurpurea"
1122959127,"Angelica atropurpurea",-81.609388,41.065736,2015,7,4,"US","HUMAN_OBSERVATION","Angelica atropurpurea"
4034678480,"Angelica atropurpurea",-80.149147,41.055603,2022,9,9,"US","HUMAN_OBSERVATION","Angelica atropurpurea"
3764344958,"Angelica atropurpurea",-74.607859,41.042358,2022,4,25,"US","HUMAN_OBSERVATION","Angelica atropurpurea"
3465964446,"Angelica atropurpurea",-81.5181,41.017302,2021,4,28,"US","HUMAN_OBSERVATION","Angelica atropurpurea"
1850935761,"Angelica atropurpurea",-81.493867,41.007286,2018,6,7,"US","HUMAN_OBSERVATION","Angelica atropurpurea"
3859661424,"Angelica atropurpurea",-77.678853,41.007031,2022,7,4,"US","HUMAN_OBSERVATION","Angelica atropurpurea"
3455557705,"Angelica atropurpurea",-77.645021,41.022619,2021,6,28,"US","HUMAN_OBSERVATION","Angelica atropurpurea"
2429192152,"Angelica atropurpurea",-74.871011,41.034208,2018,6,3,"US","HUMAN_OBSERVATION","Angelica atropurpurea"
3873425874,"Angelica atropurpurea",-74.711555,41.037686,2022,6,28,"US","HUMAN_OBSERVATION","Angelica atropurpurea"
3466138304,"Angelica atropurpurea",-81.451577,40.969558,2016,10,7,"US","HUMAN_OBSERVATION","Angelica atropurpurea"
3760401323,"Angelica atropurpurea",-80.702103,40.989704,2022,4,9,"US","HUMAN_OBSERVATION","Angelica atropurpurea"
3874036341,"Angelica atropurpurea",-73.8878,40.965829,2022,7,24,"US","HUMAN_OBSERVATION","Angelica atropurpurea"
1571131992,"Angelica atropurpurea",-81.526953,40.927481,2017,6,12,"US","HUMAN_OBSERVATION","Angelica atropurpurea"
3465931557,"Angelica atropurpurea",-81.447593,40.946182,2020,11,12,"US","HUMAN_OBSERVATION","Angelica atropurpurea"
2859504878,"Angelica atropurpurea",-80.3729,40.9199,2017,6,6,"US","PRESERVED_SPECIMEN","Angelica atropurpurea"
3949848735,"Angelica atropurpurea",-80.169303,40.95757,2022,5,21,"US","HUMAN_OBSERVATION","Angelica atropurpurea"
3859699851,"Angelica atropurpurea",-88.110747,40.900923,2022,7,1,"US","HUMAN_OBSERVATION","Angelica atropurpurea"
3902556592,"Angelica atropurpurea",-73.913816,40.889787,2022,9,5,"US","HUMAN_OBSERVATION","Angelica atropurpurea"
3860380796,"Angelica atropurpurea",-82.368913,40.853143,2022,5,30,"US","HUMAN_OBSERVATION","Angelica atropurpurea"
2850649540,"Angelica atropurpurea",-73.880929,40.863691,2020,8,6,"US","HUMAN_OBSERVATION","Angelica atropurpurea"
3859533197,"Angelica atropurpurea",-82.404752,40.811921,2022,6,10,"US","HUMAN_OBSERVATION","Angelica atropurpurea"
3097079416,"Angelica atropurpurea",-81.569501,40.803821,2020,6,12,"US","HUMAN_OBSERVATION","Angelica atropurpurea"
3873621269,"Angelica atropurpurea",-77.834723,40.816395,2022,6,26,"US","HUMAN_OBSERVATION","Angelica atropurpurea"
3873282546,"Angelica atropurpurea",-77.894539,40.788735,2022,7,2,"US","HUMAN_OBSERVATION","Angelica atropurpurea"
3455278200,"Angelica atropurpurea",-74.550538,40.744155,2021,8,14,"US","HUMAN_OBSERVATION","Angelica atropurpurea"
3355052543,"Angelica atropurpurea",-74.290791,40.73998,2021,6,13,"US","HUMAN_OBSERVATION","Angelica atropurpurea"
3328185350,"Angelica atropurpurea",-73.854947,40.699012,2019,6,7,"US","PRESERVED_SPECIMEN","Angelica atropurpurea"
2814143586,"Angelica atropurpurea",-86.85795,40.51543,2020,6,4,"US","HUMAN_OBSERVATION","Angelica atropurpurea"
3859478264,"Angelica atropurpurea",-75.859627,40.500883,2022,6,11,"US","HUMAN_OBSERVATION","Angelica atropurpurea"
3321070359,"Angelica atropurpurea",-82.912986,40.359772,2020,6,20,"US","HUMAN_OBSERVATION","Angelica atropurpurea"
4034709715,"Angelica atropurpurea",-87.783295,40.243417,2023,1,28,"US","HUMAN_OBSERVATION","Angelica atropurpurea"
1135356404,"Angelica atropurpurea",-87.749217,40.221731,2015,6,6,"US","HUMAN_OBSERVATION","Angelica atropurpurea"
3764176515,"Angelica atropurpurea",-87.560496,40.177268,2022,4,17,"US","HUMAN_OBSERVATION","Angelica atropurpurea"
3415464602,"Angelica atropurpurea",-85.379997,40.200001,2021,5,26,"US","HUMAN_OBSERVATION","Angelica atropurpurea"
3902170757,"Angelica atropurpurea",-85.363008,40.193095,2022,6,24,"US","HUMAN_OBSERVATION","Angelica atropurpurea"
3325839492,"Angelica atropurpurea",-82.473084,40.136549,2021,6,22,"US","HUMAN_OBSERVATION","Angelica atropurpurea"
3958139356,"Angelica atropurpurea",-85.624999,40.09503,2020,6,18,"US","HUMAN_OBSERVATION","Angelica atropurpurea"
3302462907,"Angelica atropurpurea",-82.544395,40.090925,2021,5,31,"US","HUMAN_OBSERVATION","Angelica atropurpurea"
2901678406,"Angelica atropurpurea",-84.652404,40.075319,2020,6,10,"US","HUMAN_OBSERVATION","Angelica atropurpurea"
1806326026,"Angelica atropurpurea",-83.792789,40.056869,2017,6,9,"US","HUMAN_OBSERVATION","Angelica atropurpurea"
2244271384,"Angelica atropurpurea",-82.569831,39.993737,2019,5,18,"US","HUMAN_OBSERVATION","Angelica atropurpurea"
3873013863,"Angelica atropurpurea",-82.408145,39.97972,2022,7,7,"US","HUMAN_OBSERVATION","Angelica atropurpurea"
2576359749,"Angelica atropurpurea",-86.065339,39.947997,2019,5,29,"US","HUMAN_OBSERVATION","Angelica atropurpurea"
3892385431,"Angelica atropurpurea",-85.898674,39.952774,2022,6,23,"US","HUMAN_OBSERVATION","Angelica atropurpurea"
1807273429,"Angelica atropurpurea",-84.288829,39.8833,2017,5,20,"US","HUMAN_OBSERVATION","Angelica atropurpurea"
3079812861,"Angelica atropurpurea",-86.202759,39.816795,2021,4,5,"US","HUMAN_OBSERVATION","Angelica atropurpurea"
3355195466,"Angelica atropurpurea",-84.921753,39.811124,2021,4,25,"US","HUMAN_OBSERVATION","Angelica atropurpurea"
3859679155,"Angelica atropurpurea",-83.982095,39.81733,2022,6,2,"US","HUMAN_OBSERVATION","Angelica atropurpurea"
3118317531,"Angelica atropurpurea",-83.853929,39.789213,2021,5,6,"US","HUMAN_OBSERVATION","Angelica atropurpurea"
4034851708,"Angelica atropurpurea",-75.767372,39.765592,2017,5,16,"US","HUMAN_OBSERVATION","Angelica atropurpurea"
3858457890,"Angelica atropurpurea",-84.008028,39.741663,2022,5,31,"US","HUMAN_OBSERVATION","Angelica atropurpurea"
3860500539,"Angelica atropurpurea",-84.075853,39.664576,2022,6,20,"US","HUMAN_OBSERVATION","Angelica atropurpurea"
1571166298,"Angelica atropurpurea",-82.659376,39.613286,2017,6,18,"US","HUMAN_OBSERVATION","Angelica atropurpurea"
2851074874,"Angelica atropurpurea",-105.384257,39.500671,2020,8,11,"US","HUMAN_OBSERVATION","Angelica atropurpurea"
3902415697,"Angelica atropurpurea",-105.301956,39.502702,2022,8,19,"US","HUMAN_OBSERVATION","Angelica atropurpurea"
1586147490,"Angelica atropurpurea",-82.460365,39.52385,2017,6,12,"US","HUMAN_OBSERVATION","Angelica atropurpurea"
3873590046,"Angelica atropurpurea",-107.140769,39.466338,2022,7,23,"US","HUMAN_OBSERVATION","Angelica atropurpurea"
3773092612,"Angelica atropurpurea",-82.157714,39.385447,2022,4,24,"US","HUMAN_OBSERVATION","Angelica atropurpurea"
2572944828,"Angelica atropurpurea",-90.5919,39.2065,2000,6,20,"US","PRESERVED_SPECIMEN","Angelica atropurpurea"
3118410303,"Angelica atropurpurea",-86.526386,39.165325,2021,5,17,"US","HUMAN_OBSERVATION","Angelica atropurpurea"
