"gbifID","species","longitude","latitude","year","month","day","countryCode","accepted_name"
3759270334,"Angelica venenosa",-86.493092,33.728395,2022,3,28,"US","Angelica venenosa"
3764332483,"Angelica venenosa",-82.846894,34.960512,2022,4,21,"US","Angelica venenosa"
3764507200,"Angelica venenosa",-89.163768,37.545335,2022,4,25,"US","Angelica venenosa"
3772780566,"Angelica venenosa",-87.25359,36.075848,2022,4,17,"US","Angelica venenosa"
3773245193,"Angelica venenosa",-83.779327,35.606962,2022,4,30,"US","Angelica venenosa"
3773379030,"Angelica venenosa",-83.838828,34.951013,2022,5,7,"US","Angelica venenosa"
3773604893,"Angelica venenosa",-79.363655,35.152692,2022,5,5,"US","Angelica venenosa"
3090531123,"Angelica venenosa",-88.942947,37.372418,2021,4,8,"US","Angelica venenosa"
3112293807,"Angelica venenosa",-88.539112,37.468986,2021,4,22,"US","Angelica venenosa"
3112602935,"Angelica venenosa",-89.085677,37.583687,2021,4,30,"US","Angelica venenosa"
3112717485,"Angelica venenosa",-90.69833,38.083087,2021,4,27,"US","Angelica venenosa"
3112453672,"Angelica venenosa",-78.889696,35.172236,2021,5,2,"US","Angelica venenosa"
3112583684,"Angelica venenosa",-78.889625,35.172219,2021,5,2,"US","Angelica venenosa"
3113612797,"Angelica venenosa",-84.940767,35.78743,2021,5,7,"US","Angelica venenosa"
3124559596,"Angelica venenosa",-83.076629,35.566877,2021,5,20,"US","Angelica venenosa"
3302144892,"Angelica venenosa",-73.795403,40.882911,2021,5,31,"US","Angelica venenosa"
3759842560,"Angelica venenosa",-91.530286,37.968117,2021,5,5,"US","Angelica venenosa"
3301891004,"Angelica venenosa",-79.966362,34.86023,2021,6,2,"US","Angelica venenosa"
3314221023,"Angelica venenosa",-80.217888,34.959275,2021,6,20,"US","Angelica venenosa"
3314265110,"Angelica venenosa",-83.174697,35.341106,2021,6,18,"US","Angelica venenosa"
3325507521,"Angelica venenosa",-85.921065,34.847741,2021,6,25,"US","Angelica venenosa"
3325522435,"Angelica venenosa",-85.778362,34.079,2021,6,3,"US","Angelica venenosa"
3325837445,"Angelica venenosa",-85.785533,34.106976,2021,6,3,"US","Angelica venenosa"
3759105590,"Angelica venenosa",-82.076398,39.337135,2021,6,17,"US","Angelica venenosa"
3325498721,"Angelica venenosa",-86.764275,33.306855,2021,7,2,"US","Angelica venenosa"
3325837697,"Angelica venenosa",-86.764305,33.306595,2021,7,2,"US","Angelica venenosa"
3327783883,"Angelica venenosa",-87.90825,30.748547,2021,7,10,"US","Angelica venenosa"
3330413156,"Angelica venenosa",-78.984953,35.861203,2021,7,19,"US","Angelica venenosa"
3330629596,"Angelica venenosa",-84.180265,34.643345,2021,7,13,"US","Angelica venenosa"
3330630173,"Angelica venenosa",-80.208397,34.980397,2021,7,18,"US","Angelica venenosa"
3333050574,"Angelica venenosa",-77.781594,38.359444,2021,7,14,"US","Angelica venenosa"
3337506695,"Angelica venenosa",-83.382858,34.709408,2021,7,17,"US","Angelica venenosa"
3399193744,"Angelica venenosa",-83.636312,37.791479,2021,7,6,"US","Angelica venenosa"
3455472914,"Angelica venenosa",-87.386981,34.099954,2021,7,8,"US","Angelica venenosa"
3743307396,"Angelica venenosa",-93.70983,36.219167,2021,7,30,"US","Angelica venenosa"
3759058666,"Angelica venenosa",-83.138222,38.76108,2021,7,29,"US","Angelica venenosa"
3759184630,"Angelica venenosa",-83.237397,38.725492,2021,7,23,"US","Angelica venenosa"
3759204649,"Angelica venenosa",-83.26237,38.649055,2021,7,31,"US","Angelica venenosa"
3338106099,"Angelica venenosa",-80.14588,35.058675,2021,8,16,"US","Angelica venenosa"
3759055640,"Angelica venenosa",-82.771896,39.377172,2021,8,7,"US","Angelica venenosa"
3759206659,"Angelica venenosa",-83.206663,38.760728,2021,8,2,"US","Angelica venenosa"
3383985049,"Angelica venenosa",-93.742908,35.945328,2021,9,14,"US","Angelica venenosa"
3385138799,"Angelica venenosa",-83.440161,35.183991,2021,9,12,"US","Angelica venenosa"
3759774716,"Angelica venenosa",-82.165529,39.417736,2021,9,10,"US","Angelica venenosa"
3398785928,"Angelica venenosa",-78.938447,35.875642,2021,10,23,"US","Angelica venenosa"
3398938507,"Angelica venenosa",-79.602885,35.053443,2021,10,19,"US","Angelica venenosa"
3466153838,"Angelica venenosa",-75.451478,40.328443,2021,10,13,"US","Angelica venenosa"
3408233124,"Angelica venenosa",-83.59755,35.130293,2021,11,2,"US","Angelica venenosa"
3455908027,"Angelica venenosa",-79.127778,37.850903,2021,11,7,"US","Angelica venenosa"
2981059358,"Angelica venenosa",-94.311278,36.179591,2020,3,23,"US","Angelica venenosa"
2609229906,"Angelica venenosa",-82.482156,35.570893,2020,4,20,"US","Angelica venenosa"
2609250917,"Angelica venenosa",-82.483568,35.566442,2020,4,20,"US","Angelica venenosa"
2611062152,"Angelica venenosa",-79.363975,35.153428,2020,4,24,"US","Angelica venenosa"
2626560863,"Angelica venenosa",-81.980029,35.579912,2020,5,12,"US","Angelica venenosa"
2626564319,"Angelica venenosa",-81.145394,36.008811,2020,5,17,"US","Angelica venenosa"
2626571844,"Angelica venenosa",-78.638902,36.063866,2020,5,16,"US","Angelica venenosa"
2626572219,"Angelica venenosa",-81.145185,36.008543,2020,5,17,"US","Angelica venenosa"
2634351644,"Angelica venenosa",-86.767929,33.327898,2020,5,7,"US","Angelica venenosa"
3456009691,"Angelica venenosa",-83.532673,38.629252,2020,5,7,"US","Angelica venenosa"
2813983020,"Angelica venenosa",-82.590733,35.620476,2020,6,28,"US","Angelica venenosa"
2814257387,"Angelica venenosa",-85.057258,34.9296,2020,6,25,"US","Angelica venenosa"
2818727453,"Angelica venenosa",-94.374047,36.092033,2020,6,19,"US","Angelica venenosa"
3112324361,"Angelica venenosa",-78.94949,39.4962,2020,6,9,"US","Angelica venenosa"
2813991832,"Angelica venenosa",-88.76287,37.537222,2020,7,3,"US","Angelica venenosa"
2814092756,"Angelica venenosa",-84.352123,33.809483,2020,7,4,"US","Angelica venenosa"
2818512838,"Angelica venenosa",-89.308981,37.718268,2020,7,11,"US","Angelica venenosa"
2818709051,"Angelica venenosa",-89.238946,37.664945,2020,7,12,"US","Angelica venenosa"
2823096149,"Angelica venenosa",-85.871437,33.457158,2020,7,19,"US","Angelica venenosa"
2823245728,"Angelica venenosa",-86.48595,32.816231,2020,7,12,"US","Angelica venenosa"
2823379572,"Angelica venenosa",-80.154664,35.035095,2020,7,21,"US","Angelica venenosa"
2826256325,"Angelica venenosa",-79.138054,35.550301,2020,7,26,"US","Angelica venenosa"
2988376558,"Angelica venenosa",-87.071194,33.162038,2020,7,19,"US","Angelica venenosa"
3126641305,"Angelica venenosa",-92.14122,36.9179,2020,7,2,"US","Angelica venenosa"
2850585103,"Angelica venenosa",-80.381592,36.41691,2020,8,3,"US","Angelica venenosa"
2856567856,"Angelica venenosa",-78.987708,35.842095,2020,8,22,"US","Angelica venenosa"
2856616823,"Angelica venenosa",-78.987716,35.842125,2020,8,22,"US","Angelica venenosa"
2988320617,"Angelica venenosa",-83.573928,35.271328,2020,8,22,"US","Angelica venenosa"
2988477604,"Angelica venenosa",-85.824819,35.736312,2020,8,20,"US","Angelica venenosa"
2999131464,"Angelica venenosa",-88.869502,37.290915,2020,8,16,"US","Angelica venenosa"
3395324421,"Angelica venenosa",-80.6474,33.9825,2020,8,20,"US","Angelica venenosa"
3773092365,"Angelica venenosa",-84.283345,36.996885,2020,8,9,"US","Angelica venenosa"
2862291787,"Angelica venenosa",-79.190658,36.06982,2020,9,5,"US","Angelica venenosa"
2540726975,"Angelica venenosa",-87.313942,35.94687,2019,4,18,"US","Angelica venenosa"
2814263365,"Angelica venenosa",-84.934925,35.793948,2019,4,21,"US","Angelica venenosa"
2529254060,"Angelica venenosa",-85.253717,35.878708,2019,5,29,"US","Angelica venenosa"
2265900475,"Angelica venenosa",-85.898972,35.609245,2019,6,13,"US","Angelica venenosa"
2265907261,"Angelica venenosa",-79.144566,36.006,2019,6,13,"US","Angelica venenosa"
2265907361,"Angelica venenosa",-79.127034,36.004428,2019,6,13,"US","Angelica venenosa"
2269243078,"Angelica venenosa",-82.075583,35.366047,2019,6,14,"US","Angelica venenosa"
2273267427,"Angelica venenosa",-79.331672,35.694831,2019,6,23,"US","Angelica venenosa"
2283097746,"Angelica venenosa",-79.331558,35.694645,2019,6,23,"US","Angelica venenosa"
2283172154,"Angelica venenosa",-79.084975,35.742163,2019,6,30,"US","Angelica venenosa"
2573974946,"Angelica venenosa",-84.069117,42.359878,2019,6,22,"US","Angelica venenosa"
2814213406,"Angelica venenosa",-84.064137,34.542095,2019,6,12,"US","Angelica venenosa"
3415776367,"Angelica venenosa",-79.096492,35.967207,2019,6,28,"US","Angelica venenosa"
2283275393,"Angelica venenosa",-85.780009,34.011953,2019,7,8,"US","Angelica venenosa"
2294515473,"Angelica venenosa",-86.536095,34.718262,2019,7,15,"US","Angelica venenosa"
2294584296,"Angelica venenosa",-79.742536,35.060422,2019,7,19,"US","Angelica venenosa"
2294595678,"Angelica venenosa",-79.138567,35.833806,2019,7,20,"US","Angelica venenosa"
2294608522,"Angelica venenosa",-79.739498,35.179293,2019,7,19,"US","Angelica venenosa"
2294635383,"Angelica venenosa",-79.918219,38.859574,2019,7,22,"US","Angelica venenosa"
2294683013,"Angelica venenosa",-79.942955,34.915863,2019,7,25,"US","Angelica venenosa"
2429215483,"Angelica venenosa",-81.553354,36.393174,2019,7,5,"US","Angelica venenosa"
2573819049,"Angelica venenosa",-88.263896,37.510929,2019,7,20,"US","Angelica venenosa"
2574066113,"Angelica venenosa",-83.250351,42.19003,2019,7,27,"US","Angelica venenosa"
2574121154,"Angelica venenosa",-83.466952,42.102107,2019,7,27,"US","Angelica venenosa"
2814030406,"Angelica venenosa",-84.944396,32.622964,2019,7,20,"US","Angelica venenosa"
2814251420,"Angelica venenosa",-84.361755,33.7303,2019,7,26,"US","Angelica venenosa"
3327738334,"Angelica venenosa",-86.759844,33.307977,2019,7,27,"US","Angelica venenosa"
3328007323,"Angelica venenosa",-86.890007,32.660374,2019,7,24,"US","Angelica venenosa"
3330466949,"Angelica venenosa",-85.634805,34.393885,2019,8,28,"US","Angelica venenosa"
2423093328,"Angelica venenosa",-79.091313,35.820904,2019,9,15,"US","Angelica venenosa"
2866744506,"Angelica venenosa",-80.890788,34.538826,2019,9,6,"US","Angelica venenosa"
3415621399,"Angelica venenosa",-79.590938,35.049961,2019,9,25,"US","Angelica venenosa"
1880587100,"Angelica venenosa",-86.270072,33.798605,2018,6,27,"US","Angelica venenosa"
1883929904,"Angelica venenosa",-85.630644,34.384758,2018,6,26,"US","Angelica venenosa"
2540716839,"Angelica venenosa",-85.129914,35.588599,2018,6,28,"US","Angelica venenosa"
2540716990,"Angelica venenosa",-86.27008,33.79862,2018,6,27,"US","Angelica venenosa"
2540717020,"Angelica venenosa",-85.8844,34.270338,2018,6,27,"US","Angelica venenosa"
1883528881,"Angelica venenosa",-85.48541,32.566879,2018,7,14,"US","Angelica venenosa"
1883959504,"Angelica venenosa",-85.85261,33.454118,2018,7,24,"US","Angelica venenosa"
1913657424,"Angelica venenosa",-83.467894,42.104364,2018,7,21,"US","Angelica venenosa"
2236828007,"Angelica venenosa",-83.548939,42.096134,2018,7,21,"US","Angelica venenosa"
2988596331,"Angelica venenosa",-79.10743,35.175145,2018,7,25,"US","Angelica venenosa"
3031783173,"Angelica venenosa",-82.149499,35.393206,2018,7,5,"US","Angelica venenosa"
3327693306,"Angelica venenosa",-87.81221,34.388933,2018,7,19,"US","Angelica venenosa"
3327703311,"Angelica venenosa",-86.569818,32.487285,2018,7,20,"US","Angelica venenosa"
3327894311,"Angelica venenosa",-86.91954,31.551912,2018,7,18,"US","Angelica venenosa"
3357381793,"Angelica venenosa",-81.078494,36.764696,2018,7,23,"US","Angelica venenosa"
3455220312,"Angelica venenosa",-84.400364,36.998614,2018,7,25,"US","Angelica venenosa"
2236828031,"Angelica venenosa",-83.489936,42.164649,2018,8,4,"US","Angelica venenosa"
3455292423,"Angelica venenosa",-84.325777,36.888341,2018,8,2,"US","Angelica venenosa"
2540718284,"Angelica venenosa",-84.650795,36.343137,2018,9,2,"US","Angelica venenosa"
3391658305,"Angelica venenosa",-78.601258,35.927006,2018,11,18,"US","Angelica venenosa"
1457623628,"Angelica venenosa",-79.972968,35.395525,2017,4,8,"US","Angelica venenosa"
3328015306,"Angelica venenosa",-86.086619,34.978773,2017,4,28,"US","Angelica venenosa"
1677268123,"Angelica venenosa",-85.249157,34.906203,2017,5,3,"US","Angelica venenosa"
1572341585,"Angelica venenosa",-79.085044,35.742253,2017,6,29,"US","Angelica venenosa"
2430683643,"Angelica venenosa",-81.896587,34.348308,2017,6,24,"US","Angelica venenosa"
3766333514,"Angelica venenosa",-81.896587,34.348308,2017,6,24,"US","Angelica venenosa"
1572379599,"Angelica venenosa",-79.107647,36.100827,2017,7,8,"US","Angelica venenosa"
1580505590,"Angelica venenosa",-79.968763,35.31947,2017,7,13,"US","Angelica venenosa"
1584404569,"Angelica venenosa",-79.107597,36.100758,2017,7,8,"US","Angelica venenosa"
1584404571,"Angelica venenosa",-79.1054,36.094758,2017,7,8,"US","Angelica venenosa"
1586103431,"Angelica venenosa",-83.278002,35.756616,2017,7,27,"US","Angelica venenosa"
2268894484,"Angelica venenosa",-83.341667,35.093611,2017,7,24,"US","Angelica venenosa"
2268899161,"Angelica venenosa",-90.4633,37.5711,2017,7,4,"US","Angelica venenosa"
2988274317,"Angelica venenosa",-81.615427,33.353876,2017,7,7,"US","Angelica venenosa"
3759879355,"Angelica venenosa",-83.157647,38.809322,2017,7,7,"US","Angelica venenosa"
1586130425,"Angelica venenosa",-83.6181,35.085088,2017,8,3,"US","Angelica venenosa"
1586141599,"Angelica venenosa",-83.197636,34.998343,2017,8,6,"US","Angelica venenosa"
1586155419,"Angelica venenosa",-78.987878,35.842153,2017,8,9,"US","Angelica venenosa"
1640100589,"Angelica venenosa",-83.917428,35.361667,2017,8,13,"US","Angelica venenosa"
1849100290,"Angelica venenosa",-80.898744,33.781437,2017,8,28,"US","Angelica venenosa"
2814056315,"Angelica venenosa",-84.273897,34.497714,2017,8,11,"US","Angelica venenosa"
1315076139,"Angelica venenosa",-78.987731,35.842214,2016,9,4,"US","Angelica venenosa"
1453267406,"Angelica venenosa",-83.729038,35.654025,2016,9,2,"US","Angelica venenosa"
1143528120,"Angelica venenosa",-79.084922,35.742283,2015,6,29,"US","Angelica venenosa"
1899881595,"Angelica venenosa",-87.418749,32.926057,2015,6,30,"US","Angelica venenosa"
1899881632,"Angelica venenosa",-87.418749,32.926057,2015,6,30,"US","Angelica venenosa"
1258162743,"Angelica venenosa",-91.4861,37.3731,2015,7,28,"US","Angelica venenosa"
1989494078,"Angelica venenosa",-83.644313,41.875513,2015,8,20,"US","Angelica venenosa"
1258066543,"Angelica venenosa",-91.2425,38.0631,2014,6,24,"US","Angelica venenosa"
1024201716,"Angelica venenosa",-81.571496,36.390958,2014,7,26,"US","Angelica venenosa"
1258176608,"Angelica venenosa",-91.2097,37.1072,2014,7,16,"US","Angelica venenosa"
3709981758,"Angelica venenosa",-84.135652,32.202928,2014,9,2,"US","Angelica venenosa"
1258035307,"Angelica venenosa",-90.4636,37.5711,2013,7,28,"US","Angelica venenosa"
1989430984,"Angelica venenosa",-84.10982,42.18437,2013,8,10,"US","Angelica venenosa"
3344485263,"Angelica venenosa",-82.386667,34.936389,2013,8,3,"US","Angelica venenosa"
1258050607,"Angelica venenosa",-91.4861,37.3731,2013,9,17,"US","Angelica venenosa"
1453325179,"Angelica venenosa",-81.180358,35.817422,2012,7,16,"US","Angelica venenosa"
3707756064,"Angelica venenosa",-88.195128,33.439944,2012,7,7,"US","Angelica venenosa"
3707756081,"Angelica venenosa",-88.195128,33.439944,2012,7,7,"US","Angelica venenosa"
3766333562,"Angelica venenosa",-86.709424,31.181237,2012,7,26,"US","Angelica venenosa"
3766333565,"Angelica venenosa",-86.709424,31.181237,2012,7,26,"US","Angelica venenosa"
3766333560,"Angelica venenosa",-86.69263,31.14209,2012,9,6,"US","Angelica venenosa"
3766333563,"Angelica venenosa",-86.69263,31.14209,2012,9,6,"US","Angelica venenosa"
3707762779,"Angelica venenosa",-89.27417,34.34427,2010,6,30,"US","Angelica venenosa"
1988811421,"Angelica venenosa",-84.069024,42.359912,2010,7,25,"US","Angelica venenosa"
3328003315,"Angelica venenosa",-86.448906,31.651326,2010,7,21,"US","Angelica venenosa"
1849171935,"Angelica venenosa",-83.179202,34.754459,2010,9,14,"US","Angelica venenosa"
1844416803,"Angelica venenosa",-81.239544,36.391317,2009,7,8,"US","Angelica venenosa"
3766333579,"Angelica venenosa",-86.7095,31.1818,2009,7,8,"US","Angelica venenosa"
3766333543,"Angelica venenosa",-86.840524,34.295819,2008,8,15,"US","Angelica venenosa"
3766333578,"Angelica venenosa",-86.69044,31.14223,2008,8,15,"US","Angelica venenosa"
930742397,"Angelica venenosa",-92.7187,36.02869,2007,6,18,"US","Angelica venenosa"
930742448,"Angelica venenosa",-92.7187,36.02869,2007,6,30,"US","Angelica venenosa"
2859441353,"Angelica venenosa",-79.62205,39.8072459990719,2007,8,31,"US","Angelica venenosa"
1849163358,"Angelica venenosa",-82.771401,35.02193,2006,8,30,"US","Angelica venenosa"
3744706666,"Angelica venenosa",-87.01,31.62,2006,8,26,"US","Angelica venenosa"
1260924065,"Angelica venenosa",-94.374722,36.781389,2005,5,12,"US","Angelica venenosa"
1844417477,"Angelica venenosa",-81.463159,36.403181,2005,7,25,"US","Angelica venenosa"
1913945307,"Angelica venenosa",-86.919722,31.552222,2005,8,6,"US","Angelica venenosa"
3744706640,"Angelica venenosa",-86.91,31.55,2005,8,6,"US","Angelica venenosa"
3766333440,"Angelica venenosa",-84.824718,32.511218,2005,8,18,"US","Angelica venenosa"
3766333444,"Angelica venenosa",-84.824718,32.511218,2005,8,18,"US","Angelica venenosa"
3766333501,"Angelica venenosa",-86.919722,31.552222,2005,8,6,"US","Angelica venenosa"
1988916514,"Angelica venenosa",-83.6978,41.87301,2005,9,23,"US","Angelica venenosa"
1849190437,"Angelica venenosa",-82.6932,35.05,2004,8,26,"US","Angelica venenosa"
3707719302,"Angelica venenosa",-88.168056,34.935278,2004,9,8,"US","Angelica venenosa"
2859160391,"Angelica venenosa",-85.314722,33.8561109991267,2003,7,31,"US","Angelica venenosa"
2859441344,"Angelica venenosa",-87.135556,31.3305559991615,2003,7,27,"US","Angelica venenosa"
2273386555,"Angelica venenosa",-83.120646,35.39457,2002,6,20,"US","Angelica venenosa"
1259016754,"Angelica venenosa",-90.916667,37.65,2002,7,7,"US","Angelica venenosa"
1913944585,"Angelica venenosa",-85.557222,33.792222,2002,8,11,"US","Angelica venenosa"
3766333567,"Angelica venenosa",-85.169334,32.440945,2002,8,2,"US","Angelica venenosa"
176876427,"Angelica venenosa",-83.613333,35.191667,2002,10,7,"US","Angelica venenosa"
176876447,"Angelica venenosa",-83.5625,35.178889,2002,10,7,"US","Angelica venenosa"
176876450,"Angelica venenosa",-83.5625,35.178889,2002,10,7,"US","Angelica venenosa"
3766333402,"Angelica venenosa",-84.72361,32.332222,2001,8,14,"US","Angelica venenosa"
1844417414,"Angelica venenosa",-81.890835,35.234483,2001,9,18,"US","Angelica venenosa"
