"gbifID","species","longitude","latitude","year","month","day","countryCode","basisOfRecord","accepted_name"
1269582924,"Angelica hendersonii",-124.077455,46.29853,2016,5,24,"US","HUMAN_OBSERVATION","Angelica hendersonii"
3455315364,"Angelica hendersonii",-124.049194,46.277637,2017,7,9,"US","HUMAN_OBSERVATION","Angelica hendersonii"
3455287360,"Angelica hendersonii",-123.922125,46.059184,2018,6,4,"US","HUMAN_OBSERVATION","Angelica hendersonii"
1265552091,"Angelica hendersonii",-123.937128,45.978331,2016,4,1,"US","HUMAN_OBSERVATION","Angelica hendersonii"
4165449668,"Angelica hendersonii",-123.978303,45.924901,2023,7,2,"US","HUMAN_OBSERVATION","Angelica hendersonii"
3335452249,"Angelica hendersonii",-123.953504,45.920637,2021,8,2,"US","HUMAN_OBSERVATION","Angelica hendersonii"
3963363581,"Angelica hendersonii",-123.967824,45.908788,2022,10,2,"US","HUMAN_OBSERVATION","Angelica hendersonii"
3873294736,"Angelica hendersonii",-123.959999,45.835163,2022,7,22,"US","HUMAN_OBSERVATION","Angelica hendersonii"
4075647699,"Angelica hendersonii",-123.962051,45.827885,2022,7,24,"US","HUMAN_OBSERVATION","Angelica hendersonii"
4414158471,"Angelica hendersonii",-123.979972,45.762478,2023,9,8,"US","HUMAN_OBSERVATION","Angelica hendersonii"
1703131975,"Angelica hendersonii",-123.963933,45.74842,2017,6,22,"US","HUMAN_OBSERVATION","Angelica hendersonii"
4153674498,"Angelica hendersonii",-123.972258,45.462147,2023,6,18,"US","HUMAN_OBSERVATION","Angelica hendersonii"
1890699195,"Angelica hendersonii",-123.958229,45.441795,2018,8,5,"US","HUMAN_OBSERVATION","Angelica hendersonii"
4165470400,"Angelica hendersonii",-123.962841,45.269367,2021,9,25,"US","HUMAN_OBSERVATION","Angelica hendersonii"
3961251383,"Angelica hendersonii",-123.977095,45.218024,2021,5,30,"US","HUMAN_OBSERVATION","Angelica hendersonii"
4009656562,"Angelica hendersonii",-123.962031,45.203858,2022,9,12,"US","HUMAN_OBSERVATION","Angelica hendersonii"
4075656430,"Angelica hendersonii",-123.987458,45.100758,2018,7,30,"US","HUMAN_OBSERVATION","Angelica hendersonii"
4076223727,"Angelica hendersonii",-124.00499,45.037445,2022,7,31,"US","HUMAN_OBSERVATION","Angelica hendersonii"
3456171109,"Angelica hendersonii",-123.993811,44.979431,2021,8,1,"US","HUMAN_OBSERVATION","Angelica hendersonii"
4075597352,"Angelica hendersonii",-124.024414,44.938305,2019,7,15,"US","HUMAN_OBSERVATION","Angelica hendersonii"
4421125571,"Angelica hendersonii",-124.038208,44.876387,2023,5,22,"US","HUMAN_OBSERVATION","Angelica hendersonii"
4413754460,"Angelica hendersonii",-124.050881,44.845681,2023,9,1,"US","HUMAN_OBSERVATION","Angelica hendersonii"
4145413759,"Angelica hendersonii",-124.065742,44.830313,2023,6,15,"US","HUMAN_OBSERVATION","Angelica hendersonii"
4121253365,"Angelica hendersonii",-124.073761,44.785675,2021,5,26,"US","HUMAN_OBSERVATION","Angelica hendersonii"
4506420295,"Angelica hendersonii",-124.064078,44.749114,2023,7,13,"US","HUMAN_OBSERVATION","Angelica hendersonii"
4145402831,"Angelica hendersonii",-124.076448,44.675578,2023,6,16,"US","HUMAN_OBSERVATION","Angelica hendersonii"
4153536453,"Angelica hendersonii",-124.065735,44.625248,2023,7,9,"US","HUMAN_OBSERVATION","Angelica hendersonii"
3902510977,"Angelica hendersonii",-124.063994,44.623569,2022,8,18,"US","HUMAN_OBSERVATION","Angelica hendersonii"
3455982448,"Angelica hendersonii",-124.006366,44.622868,2017,8,25,"US","HUMAN_OBSERVATION","Angelica hendersonii"
2609077581,"Angelica hendersonii",-124.073591,44.545422,2019,7,27,"US","HUMAN_OBSERVATION","Angelica hendersonii"
2826363221,"Angelica hendersonii",-124.081887,44.502457,2020,7,26,"US","HUMAN_OBSERVATION","Angelica hendersonii"
3456635803,"Angelica hendersonii",-124.083042,44.497075,2021,7,5,"US","HUMAN_OBSERVATION","Angelica hendersonii"
4171347112,"Angelica hendersonii",-124.089186,44.381538,2023,7,20,"US","HUMAN_OBSERVATION","Angelica hendersonii"
3039148734,"Angelica hendersonii",-124.093085,44.365198,2020,10,6,"US","HUMAN_OBSERVATION","Angelica hendersonii"
4145559969,"Angelica hendersonii",-124.107984,44.311156,2023,6,26,"US","HUMAN_OBSERVATION","Angelica hendersonii"
4171546340,"Angelica hendersonii",-124.10981,44.2822,2023,7,18,"US","HUMAN_OBSERVATION","Angelica hendersonii"
4165642636,"Angelica hendersonii",-124.112627,44.244368,2023,7,6,"US","HUMAN_OBSERVATION","Angelica hendersonii"
4120866335,"Angelica hendersonii",-124.114055,44.199543,2021,7,22,"US","HUMAN_OBSERVATION","Angelica hendersonii"
4075763706,"Angelica hendersonii",-124.125337,44.136175,2022,7,27,"US","HUMAN_OBSERVATION","Angelica hendersonii"
4165415634,"Angelica hendersonii",-124.124053,44.136069,2023,6,29,"US","HUMAN_OBSERVATION","Angelica hendersonii"
4075680331,"Angelica hendersonii",-124.13,44.03361,2018,8,8,"US","HUMAN_OBSERVATION","Angelica hendersonii"
4145791290,"Angelica hendersonii",-124.385131,43.328194,2023,7,1,"US","HUMAN_OBSERVATION","Angelica hendersonii"
3456130572,"Angelica hendersonii",-124.374308,43.331214,2012,7,27,"US","HUMAN_OBSERVATION","Angelica hendersonii"
3881510441,"Angelica hendersonii",-124.433746,43.115578,2022,6,14,"US","HUMAN_OBSERVATION","Angelica hendersonii"
4436181765,"Angelica hendersonii",-124.433311,43.083099,2023,6,12,"US","HUMAN_OBSERVATION","Angelica hendersonii"
4442548572,"Angelica hendersonii",-124.511703,42.898372,2022,7,2,"US","HUMAN_OBSERVATION","Angelica hendersonii"
3455319497,"Angelica hendersonii",-124.554397,42.836556,2019,9,7,"US","HUMAN_OBSERVATION","Angelica hendersonii"
4439016016,"Angelica hendersonii",-124.55442,42.833083,2023,11,3,"US","HUMAN_OBSERVATION","Angelica hendersonii"
4165550594,"Angelica hendersonii",-124.511588,42.737561,2023,6,13,"US","HUMAN_OBSERVATION","Angelica hendersonii"
4165324510,"Angelica hendersonii",-124.498957,42.738667,2023,6,26,"US","HUMAN_OBSERVATION","Angelica hendersonii"
4075646721,"Angelica hendersonii",-124.404578,42.593658,2022,8,26,"US","HUMAN_OBSERVATION","Angelica hendersonii"
4076249726,"Angelica hendersonii",-124.423332,42.394722,2022,8,3,"US","HUMAN_OBSERVATION","Angelica hendersonii"
3113418382,"Angelica hendersonii",-124.425492,42.349317,2020,7,31,"US","HUMAN_OBSERVATION","Angelica hendersonii"
4507598671,"Angelica hendersonii",-124.361109,42.158506,2022,9,10,"US","HUMAN_OBSERVATION","Angelica hendersonii"
4165575596,"Angelica hendersonii",-124.352323,42.103353,2023,7,6,"US","HUMAN_OBSERVATION","Angelica hendersonii"
1899755890,"Angelica hendersonii",-124.254911,41.784535,2018,8,5,"US","HUMAN_OBSERVATION","Angelica hendersonii"
2856630187,"Angelica hendersonii",-124.249263,41.77666,2019,7,3,"US","HUMAN_OBSERVATION","Angelica hendersonii"
3302415072,"Angelica hendersonii",-124.141936,41.702189,2021,5,29,"US","HUMAN_OBSERVATION","Angelica hendersonii"
3860805541,"Angelica hendersonii",-124.128666,41.652526,2022,6,26,"US","HUMAN_OBSERVATION","Angelica hendersonii"
3764536377,"Angelica hendersonii",-124.103583,41.594115,2021,8,25,"US","HUMAN_OBSERVATION","Angelica hendersonii"
3772498066,"Angelica hendersonii",-124.074606,41.566855,2010,7,6,"US","HUMAN_OBSERVATION","Angelica hendersonii"
4431016033,"Angelica hendersonii",-124.078322,41.518653,2023,8,20,"US","HUMAN_OBSERVATION","Angelica hendersonii"
4171696211,"Angelica hendersonii",-124.161155,41.140915,2023,8,2,"US","HUMAN_OBSERVATION","Angelica hendersonii"
3399464529,"Angelica hendersonii",-124.139502,41.106994,2021,10,16,"US","HUMAN_OBSERVATION","Angelica hendersonii"
4413457091,"Angelica hendersonii",-124.151852,41.056527,2023,8,11,"US","HUMAN_OBSERVATION","Angelica hendersonii"
3355719294,"Angelica hendersonii",-124.07918,40.038755,2021,9,6,"US","HUMAN_OBSERVATION","Angelica hendersonii"
1883544860,"Angelica hendersonii",-123.79225,39.68461,2017,6,2,"US","HUMAN_OBSERVATION","Angelica hendersonii"
4171588397,"Angelica hendersonii",-123.78788,39.600228,2023,7,22,"US","HUMAN_OBSERVATION","Angelica hendersonii"
3902588845,"Angelica hendersonii",-123.76642,39.557678,2022,8,28,"US","HUMAN_OBSERVATION","Angelica hendersonii"
4137637945,"Angelica hendersonii",-123.806815,39.460864,2023,5,19,"US","HUMAN_OBSERVATION","Angelica hendersonii"
4165609422,"Angelica hendersonii",-123.813369,39.452575,2023,6,11,"US","HUMAN_OBSERVATION","Angelica hendersonii"
4165413529,"Angelica hendersonii",-123.818491,39.376142,2023,6,19,"US","HUMAN_OBSERVATION","Angelica hendersonii"
4165360508,"Angelica hendersonii",-123.822533,39.353394,2023,7,6,"US","HUMAN_OBSERVATION","Angelica hendersonii"
4165432546,"Angelica hendersonii",-123.807512,39.32472,2023,6,16,"US","HUMAN_OBSERVATION","Angelica hendersonii"
4129853979,"Angelica hendersonii",-123.770522,39.198362,2023,5,28,"US","HUMAN_OBSERVATION","Angelica hendersonii"
1806328202,"Angelica hendersonii",-123.717163,39.126361,2017,9,4,"US","HUMAN_OBSERVATION","Angelica hendersonii"
2311322786,"Angelica hendersonii",-123.717785,39.124454,2019,7,26,"US","HUMAN_OBSERVATION","Angelica hendersonii"
4413382707,"Angelica hendersonii",-123.740009,38.954648,2023,8,1,"US","HUMAN_OBSERVATION","Angelica hendersonii"
1802623786,"Angelica hendersonii",-123.688468,38.91706,2017,6,17,"US","HUMAN_OBSERVATION","Angelica hendersonii"
3337377383,"Angelica hendersonii",-123.667817,38.876767,2020,7,8,"US","HUMAN_OBSERVATION","Angelica hendersonii"
3337798661,"Angelica hendersonii",-123.648804,38.851974,2021,7,11,"US","HUMAN_OBSERVATION","Angelica hendersonii"
3902926619,"Angelica hendersonii",-123.5605,38.790346,2022,7,10,"US","HUMAN_OBSERVATION","Angelica hendersonii"
3858291516,"Angelica hendersonii",-123.525733,38.753026,2020,7,6,"US","HUMAN_OBSERVATION","Angelica hendersonii"
4162507718,"Angelica hendersonii",-123.508683,38.741467,2023,7,5,"US","HUMAN_OBSERVATION","Angelica hendersonii"
4430751647,"Angelica hendersonii",-123.482698,38.726918,2023,10,2,"US","HUMAN_OBSERVATION","Angelica hendersonii"
4165351001,"Angelica hendersonii",-123.431129,38.684402,2023,7,19,"US","HUMAN_OBSERVATION","Angelica hendersonii"
4413385840,"Angelica hendersonii",-123.343178,38.58995,2023,6,10,"US","HUMAN_OBSERVATION","Angelica hendersonii"
3902047671,"Angelica hendersonii",-123.33486,38.570367,2021,4,28,"US","HUMAN_OBSERVATION","Angelica hendersonii"
4153443711,"Angelica hendersonii",-123.331712,38.566198,2023,7,2,"US","HUMAN_OBSERVATION","Angelica hendersonii"
3902754458,"Angelica hendersonii",-123.267228,38.52467,2022,8,28,"US","HUMAN_OBSERVATION","Angelica hendersonii"
1668868685,"Angelica hendersonii",-123.242052,38.511016,2017,9,26,"US","HUMAN_OBSERVATION","Angelica hendersonii"
3061551586,"Angelica hendersonii",-123.145814,38.458337,2021,3,11,"US","HUMAN_OBSERVATION","Angelica hendersonii"
4171381969,"Angelica hendersonii",-123.137628,38.455278,2023,7,16,"US","HUMAN_OBSERVATION","Angelica hendersonii"
4145587087,"Angelica hendersonii",-123.104744,38.417344,2023,7,3,"US","HUMAN_OBSERVATION","Angelica hendersonii"
4138473370,"Angelica hendersonii",-122.986237,38.44398,2023,6,22,"US","HUMAN_OBSERVATION","Angelica hendersonii"
2366060330,"Angelica hendersonii",-123.095625,38.395492,2019,8,6,"US","HUMAN_OBSERVATION","Angelica hendersonii"
3860307939,"Angelica hendersonii",-123.077983,38.375392,2022,6,16,"US","HUMAN_OBSERVATION","Angelica hendersonii"
4172051861,"Angelica hendersonii",-123.070277,38.363686,2023,8,4,"US","HUMAN_OBSERVATION","Angelica hendersonii"
4116556789,"Angelica hendersonii",-123.061641,38.301347,2023,5,14,"US","HUMAN_OBSERVATION","Angelica hendersonii"
4413571778,"Angelica hendersonii",-123.01614,38.310648,2023,6,11,"US","HUMAN_OBSERVATION","Angelica hendersonii"
4046758687,"Angelica hendersonii",-122.973361,38.267709,2011,8,16,"US","HUMAN_OBSERVATION","Angelica hendersonii"
3912019596,"Angelica hendersonii",-122.964438,38.185695,2022,8,17,"US","HUMAN_OBSERVATION","Angelica hendersonii"
4165897700,"Angelica hendersonii",-122.950371,38.166748,2023,7,21,"US","HUMAN_OBSERVATION","Angelica hendersonii"
3873788882,"Angelica hendersonii",-122.948662,38.153764,2022,7,20,"US","HUMAN_OBSERVATION","Angelica hendersonii"
4138302775,"Angelica hendersonii",-122.94878,38.119016,2023,6,20,"US","HUMAN_OBSERVATION","Angelica hendersonii"
1847625960,"Angelica hendersonii",-122.831354,38.119355,2015,6,27,"US","HUMAN_OBSERVATION","Angelica hendersonii"
3355658687,"Angelica hendersonii",-122.977325,38.046817,2021,9,2,"US","HUMAN_OBSERVATION","Angelica hendersonii"
4424188536,"Angelica hendersonii",-122.882538,38.059925,2023,7,14,"US","HUMAN_OBSERVATION","Angelica hendersonii"
3005250302,"Angelica hendersonii",-122.798429,38.043955,2016,5,14,"US","HUMAN_OBSERVATION","Angelica hendersonii"
3383873527,"Angelica hendersonii",-123.001008,38.00105,2020,7,2,"US","HUMAN_OBSERVATION","Angelica hendersonii"
3994046562,"Angelica hendersonii",-122.958694,38.030313,2015,5,7,"US","HUMAN_OBSERVATION","Angelica hendersonii"
4129744803,"Angelica hendersonii",-122.856387,38.017685,2023,5,27,"US","HUMAN_OBSERVATION","Angelica hendersonii"
4133891668,"Angelica hendersonii",-123.018258,37.996891,2023,5,6,"US","HUMAN_OBSERVATION","Angelica hendersonii"
4028988877,"Angelica hendersonii",-122.981712,37.997504,2023,1,28,"US","HUMAN_OBSERVATION","Angelica hendersonii"
3888770569,"Angelica hendersonii",-122.823113,37.997913,2022,7,30,"US","HUMAN_OBSERVATION","Angelica hendersonii"
3985754861,"Angelica hendersonii",-122.59647,37.923544,2022,10,10,"US","HUMAN_OBSERVATION","Angelica hendersonii"
4177041425,"Angelica hendersonii",-122.586281,37.86183,2022,7,4,"US","HUMAN_OBSERVATION","Angelica hendersonii"
3333254214,"Angelica hendersonii",-122.550492,37.841092,2021,6,29,"US","HUMAN_OBSERVATION","Angelica hendersonii"
4046457649,"Angelica hendersonii",-122.518605,37.845343,2023,2,20,"US","HUMAN_OBSERVATION","Angelica hendersonii"
3881573411,"Angelica hendersonii",-122.49971,37.834198,2022,6,7,"US","HUMAN_OBSERVATION","Angelica hendersonii"
4138009065,"Angelica hendersonii",-122.529182,37.81765,2023,6,19,"US","HUMAN_OBSERVATION","Angelica hendersonii"
4046686778,"Angelica hendersonii",-122.496638,37.832926,2023,2,20,"US","HUMAN_OBSERVATION","Angelica hendersonii"
4405136059,"Angelica hendersonii",-122.453879,37.802289,2023,6,17,"US","HUMAN_OBSERVATION","Angelica hendersonii"
4145303013,"Angelica hendersonii",-122.509522,37.784111,2023,6,27,"US","HUMAN_OBSERVATION","Angelica hendersonii"
3337782960,"Angelica hendersonii",-122.492079,37.787785,2021,7,20,"US","HUMAN_OBSERVATION","Angelica hendersonii"
2563646095,"Angelica hendersonii",-122.440102,37.740238,2020,1,29,"US","HUMAN_OBSERVATION","Angelica hendersonii"
4465408927,"Angelica hendersonii",-122.433037,37.692128,2023,6,11,"US","HUMAN_OBSERVATION","Angelica hendersonii"
4465589770,"Angelica hendersonii",-122.415812,37.679587,2023,3,20,"US","HUMAN_OBSERVATION","Angelica hendersonii"
4465639850,"Angelica hendersonii",-122.477325,37.658783,2023,5,11,"US","HUMAN_OBSERVATION","Angelica hendersonii"
4465359523,"Angelica hendersonii",-122.454605,37.636713,2021,6,15,"US","HUMAN_OBSERVATION","Angelica hendersonii"
4130294536,"Angelica hendersonii",-122.514591,37.585035,2023,6,3,"US","HUMAN_OBSERVATION","Angelica hendersonii"
4076354514,"Angelica hendersonii",-122.471062,37.618278,2023,3,25,"US","HUMAN_OBSERVATION","Angelica hendersonii"
4067323778,"Angelica hendersonii",-122.451845,37.614197,2023,3,12,"US","HUMAN_OBSERVATION","Angelica hendersonii"
4465578829,"Angelica hendersonii",-122.516205,37.573547,2023,5,11,"US","HUMAN_OBSERVATION","Angelica hendersonii"
4465408817,"Angelica hendersonii",-122.49276,37.549774,2023,4,14,"US","HUMAN_OBSERVATION","Angelica hendersonii"
4138564402,"Angelica hendersonii",-122.51223,37.516284,2023,6,11,"US","HUMAN_OBSERVATION","Angelica hendersonii"
4062594592,"Angelica hendersonii",-122.498703,37.502098,2023,3,7,"US","HUMAN_OBSERVATION","Angelica hendersonii"
1880592552,"Angelica hendersonii",-122.446713,37.53882,2018,6,28,"US","HUMAN_OBSERVATION","Angelica hendersonii"
4138215435,"Angelica hendersonii",-122.495392,37.496433,2023,6,20,"US","HUMAN_OBSERVATION","Angelica hendersonii"
3859686364,"Angelica hendersonii",-122.453278,37.487048,2022,6,27,"US","HUMAN_OBSERVATION","Angelica hendersonii"
3858946388,"Angelica hendersonii",-122.40313,37.467362,2022,6,19,"US","HUMAN_OBSERVATION","Angelica hendersonii"
4137709069,"Angelica hendersonii",-122.443587,37.440219,2023,6,16,"US","HUMAN_OBSERVATION","Angelica hendersonii"
1847531219,"Angelica hendersonii",-122.397828,37.448617,2018,5,12,"US","HUMAN_OBSERVATION","Angelica hendersonii"
4465404626,"Angelica hendersonii",-122.344644,37.437342,2022,5,23,"US","HUMAN_OBSERVATION","Angelica hendersonii"
4465384018,"Angelica hendersonii",-122.424708,37.403718,2023,6,19,"US","HUMAN_OBSERVATION","Angelica hendersonii"
4465402398,"Angelica hendersonii",-122.399955,37.355878,2020,3,11,"US","HUMAN_OBSERVATION","Angelica hendersonii"
3044641619,"Angelica hendersonii",-122.385877,37.324915,2020,7,26,"US","HUMAN_OBSERVATION","Angelica hendersonii"
4506401793,"Angelica hendersonii",-122.412272,37.265914,2023,3,19,"US","HUMAN_OBSERVATION","Angelica hendersonii"
4465365497,"Angelica hendersonii",-122.370286,37.269192,2021,5,14,"US","HUMAN_OBSERVATION","Angelica hendersonii"
4129957780,"Angelica hendersonii",-122.411753,37.228966,2023,5,27,"US","HUMAN_OBSERVATION","Angelica hendersonii"
1457638182,"Angelica hendersonii",-122.269623,37.237137,2017,4,11,"US","HUMAN_OBSERVATION","Angelica hendersonii"
4465601595,"Angelica hendersonii",-122.3939,37.181966,2022,3,15,"US","HUMAN_OBSERVATION","Angelica hendersonii"
4465635396,"Angelica hendersonii",-122.364753,37.205208,2019,11,16,"US","HUMAN_OBSERVATION","Angelica hendersonii"
4465379098,"Angelica hendersonii",-122.351333,37.146061,2023,8,7,"US","HUMAN_OBSERVATION","Angelica hendersonii"
4465391526,"Angelica hendersonii",-122.330617,37.164208,2021,6,30,"US","HUMAN_OBSERVATION","Angelica hendersonii"
4442379775,"Angelica hendersonii",-122.310973,37.112386,2023,7,8,"US","HUMAN_OBSERVATION","Angelica hendersonii"
