"gbifID","species","longitude","latitude","year","month","day","countryCode","accepted_name","bio1"
1930377616,"Angelica kingii",-115.42811,41.84303,2017,8,22,"US","Angelica kingii",4.8712420463562
2270499134,"Angelica kingii",-117.9679,39.4776,2017,7,17,"US","Angelica kingii",8.86337471008301
3068366333,"Angelica kingii",-117.788286,39.317913999075,2016,7,6,"US","Angelica kingii",7.25374746322632
1930224955,"Angelica kingii",-117.129167,39.291944,2001,7,6,"US","Angelica kingii",6.05248260498047
3068382367,"Angelica kingii",-117.16744,39.2482,2020,7,10,"US","Angelica kingii",5.96047258377075
1929313599,"Angelica kingii",-117.42936,39.10508,2009,7,17,"US","Angelica kingii",7.99840211868286
1929306924,"Angelica kingii",-116.80469,39.01,2010,8,14,"US","Angelica kingii",5.35221576690674
1930770222,"Angelica kingii",-117.37644,38.90044,2009,7,16,"US","Angelica kingii",6.15873098373413
1929513730,"Angelica kingii",-116.90328,38.74394,2015,6,26,"US","Angelica kingii",5.56146192550659
1930808597,"Angelica kingii",-116.3115,38.6555,2001,7,5,"US","Angelica kingii",6.3665919303894
2823439580,"Angelica kingii",-118.098852,37.564718,2015,7,9,"US","Angelica kingii",6.07624053955078
2311515401,"Angelica kingii",-118.073373,37.5511,2016,7,28,"US","Angelica kingii",8.65532398223877
2270218664,"Angelica kingii",-118.17412,37.51212,2015,7,12,"US","Angelica kingii",2.38453888893127
3333105755,"Angelica kingii",-118.016299,37.538544,2021,7,23,"US","Angelica kingii",9.15418815612793
2294396803,"Angelica kingii",-118.001346,37.463776,2016,7,29,"US","Angelica kingii",7.91080188751221
3330413607,"Angelica kingii",-118.010623,37.420716,2021,7,8,"US","Angelica kingii",8.33524799346924
3337872431,"Angelica kingii",-118.554647,37.264801,2020,8,4,"US","Angelica kingii",6.82671403884888
3337530542,"Angelica kingii",-118.520198,37.284204,2021,8,6,"US","Angelica kingii",5.9936089515686
3335489313,"Angelica kingii",-118.439895,37.27877,2021,6,22,"US","Angelica kingii",7.9153995513916
3335429296,"Angelica kingii",-118.475683,37.235634,2021,8,1,"US","Angelica kingii",3.70877909660339
3966392899,"Angelica kingii",-115.62307,36.310275,2022,6,18,"US","Angelica kingii",7.23209857940674
3705414404,"Angelica kingii",-115.653545,36.256156,2021,7,25,"US","Angelica kingii",6.31323671340942
