"gbifID","species","longitude","latitude","year","month","day","countryCode","accepted_name","mean"
3455315364,"Angelica hendersonii",-124.049194,46.277637,2017,7,9,"US","Angelica hendersonii",10.8248710632324
2237414374,"Angelica hendersonii",-123.92212,46.059332,2018,6,26,"US","Angelica hendersonii",11.1120376586914
1265552091,"Angelica hendersonii",-123.937128,45.978331,2016,4,1,"US","Angelica hendersonii",10.7844276428223
3859443471,"Angelica hendersonii",-123.975386,45.918832,2022,5,26,"US","Angelica hendersonii",10.2880935668945
3335452249,"Angelica hendersonii",-123.953504,45.920637,2021,8,2,"US","Angelica hendersonii",10.3575239181519
3923524590,"Angelica hendersonii",-123.967525,45.908901,2022,10,2,"US","Angelica hendersonii",10.7539262771606
3873294736,"Angelica hendersonii",-123.959999,45.835163,2022,7,22,"US","Angelica hendersonii",10.7731962203979
3455550905,"Angelica hendersonii",-123.961227,45.823817,2021,7,17,"US","Angelica hendersonii",10.6295499801636
3873826510,"Angelica hendersonii",-123.974571,45.762896,2022,7,13,"US","Angelica hendersonii",10.4680795669556
1703131975,"Angelica hendersonii",-123.963933,45.74842,2017,6,22,"US","Angelica hendersonii",10.658296585083
3455610632,"Angelica hendersonii",-123.972941,45.463657,2021,6,28,"US","Angelica hendersonii",10.5321655273438
1890699195,"Angelica hendersonii",-123.958229,45.441795,2018,8,5,"US","Angelica hendersonii",10.6205930709839
3961251383,"Angelica hendersonii",-123.977095,45.218024,2021,5,30,"US","Angelica hendersonii",10.9973678588867
4009656562,"Angelica hendersonii",-123.962031,45.203858,2022,9,12,"US","Angelica hendersonii",11.0969390869141
3456171109,"Angelica hendersonii",-123.993811,44.979431,2021,8,1,"US","Angelica hendersonii",10.939003944397
3873295874,"Angelica hendersonii",-124.029508,44.892654,2022,6,30,"US","Angelica hendersonii",11.0151605606079
3455986544,"Angelica hendersonii",-124.047941,44.848932,2021,9,14,"US","Angelica hendersonii",10.9204063415527
3947175873,"Angelica hendersonii",-124.072733,44.794519,2022,9,29,"US","Angelica hendersonii",10.7900495529175
3456624516,"Angelica hendersonii",-124.072517,44.787037,2021,6,28,"US","Angelica hendersonii",10.6432600021362
4009835582,"Angelica hendersonii",-124.063994,44.749947,2022,10,2,"US","Angelica hendersonii",10.8565654754639
3872929965,"Angelica hendersonii",-124.072569,44.675608,2022,7,5,"US","Angelica hendersonii",10.8359432220459
3888809194,"Angelica hendersonii",-124.065797,44.625056,2022,8,2,"US","Angelica hendersonii",11.0334167480469
3902510977,"Angelica hendersonii",-124.063994,44.623569,2022,8,18,"US","Angelica hendersonii",11.059760093689
3455982448,"Angelica hendersonii",-124.006366,44.622868,2017,8,25,"US","Angelica hendersonii",11.0606307983398
2609077579,"Angelica hendersonii",-124.073591,44.545422,2019,7,27,"US","Angelica hendersonii",10.87522315979
2826363221,"Angelica hendersonii",-124.081887,44.502457,2020,7,26,"US","Angelica hendersonii",10.9027862548828
3456635803,"Angelica hendersonii",-124.083042,44.497075,2021,7,5,"US","Angelica hendersonii",10.8989543914795
3892277543,"Angelica hendersonii",-124.089378,44.382667,2022,8,8,"US","Angelica hendersonii",11.016414642334
3039148734,"Angelica hendersonii",-124.093085,44.365198,2020,10,6,"US","Angelica hendersonii",10.9785432815552
3802657040,"Angelica hendersonii",-124.107461,44.310087,2022,5,23,"US","Angelica hendersonii",10.7115049362183
1305166257,"Angelica hendersonii",-124.107806,44.265255,2016,8,27,"US","Angelica hendersonii",10.6545534133911
1899812260,"Angelica hendersonii",-124.112922,44.244487,2016,7,28,"US","Angelica hendersonii",10.6733617782593
3398639349,"Angelica hendersonii",-124.127071,44.136611,2017,8,13,"US","Angelica hendersonii",11.07421875
2294466780,"Angelica hendersonii",-124.116331,44.160861,2019,7,7,"US","Angelica hendersonii",10.7810468673706
3858224860,"Angelica hendersonii",-124.374668,43.338885,2021,8,16,"US","Angelica hendersonii",11.3389310836792
3859972917,"Angelica hendersonii",-124.400002,43.307709,2022,2,26,"US","Angelica hendersonii",11.2091865539551
3456130572,"Angelica hendersonii",-124.374308,43.331214,2012,7,27,"US","Angelica hendersonii",11.2241592407227
3384425446,"Angelica hendersonii",-124.1419,43.227211,2021,9,17,"US","Angelica hendersonii",11.6689043045044
3881510441,"Angelica hendersonii",-124.433746,43.115578,2022,6,14,"US","Angelica hendersonii",11.7617540359497
3456187305,"Angelica hendersonii",-124.524322,42.880875,2021,7,24,"US","Angelica hendersonii",11.7865839004517
2422974262,"Angelica hendersonii",-124.553783,42.835728,2019,9,7,"US","Angelica hendersonii",11.7858695983887
3455312955,"Angelica hendersonii",-124.555121,42.833259,2021,5,25,"US","Angelica hendersonii",11.8013639450073
3456362124,"Angelica hendersonii",-124.513698,42.739383,2021,7,28,"US","Angelica hendersonii",12.1152629852295
3455611217,"Angelica hendersonii",-124.405833,42.594444,2021,7,24,"US","Angelica hendersonii",12.075138092041
3113418382,"Angelica hendersonii",-124.425492,42.349317,2020,7,31,"US","Angelica hendersonii",11.9554738998413
3455346763,"Angelica hendersonii",-124.351896,42.137785,2020,10,26,"US","Angelica hendersonii",11.9395694732666
3343701032,"Angelica hendersonii",-124.351234,42.109557,2021,8,23,"US","Angelica hendersonii",11.9432373046875
1899755890,"Angelica hendersonii",-124.254911,41.784535,2018,8,5,"US","Angelica hendersonii",12.4195413589478
2856630187,"Angelica hendersonii",-124.249263,41.77666,2019,7,3,"US","Angelica hendersonii",12.4070053100586
3302415072,"Angelica hendersonii",-124.141936,41.702189,2021,5,29,"US","Angelica hendersonii",11.7541971206665
3860805541,"Angelica hendersonii",-124.128666,41.652526,2022,6,26,"US","Angelica hendersonii",11.9246301651001
3764536377,"Angelica hendersonii",-124.103583,41.594115,2021,8,25,"US","Angelica hendersonii",11.959698677063
3772498066,"Angelica hendersonii",-124.074606,41.566855,2010,7,6,"US","Angelica hendersonii",12.120701789856
2980794461,"Angelica hendersonii",-124.163803,41.129956,2020,9,8,"US","Angelica hendersonii",11.7741832733154
3399464529,"Angelica hendersonii",-124.139502,41.106994,2021,10,16,"US","Angelica hendersonii",11.605565071106
2856705146,"Angelica hendersonii",-124.152354,41.05554,2020,8,24,"US","Angelica hendersonii",11.7888708114624
3333362300,"Angelica hendersonii",-124.389714,40.40654,2021,7,24,"US","Angelica hendersonii",11.9847583770752
1880657543,"Angelica hendersonii",-124.3618,40.264733,2018,6,19,"US","Angelica hendersonii",11.7703638076782
3355719294,"Angelica hendersonii",-124.07918,40.038755,2021,9,6,"US","Angelica hendersonii",12.4861030578613
1883544860,"Angelica hendersonii",-123.79225,39.68461,2017,6,2,"US","Angelica hendersonii",12.581901550293
3902588845,"Angelica hendersonii",-123.76642,39.557678,2022,8,28,"US","Angelica hendersonii",12.508204460144
3859794229,"Angelica hendersonii",-123.807585,39.462506,2022,6,18,"US","Angelica hendersonii",12.3385343551636
3902401363,"Angelica hendersonii",-123.819954,39.439318,2022,6,18,"US","Angelica hendersonii",12.2492256164551
3902391664,"Angelica hendersonii",-123.818791,39.409078,2022,8,15,"US","Angelica hendersonii",12.131742477417
3399190696,"Angelica hendersonii",-123.824765,39.346606,2021,7,9,"US","Angelica hendersonii",12.0873746871948
3888867397,"Angelica hendersonii",-123.804017,39.302228,2022,3,29,"US","Angelica hendersonii",12.1553325653076
3985656856,"Angelica hendersonii",-123.762367,39.192128,2022,10,18,"US","Angelica hendersonii",12.2114391326904
1806328202,"Angelica hendersonii",-123.717163,39.126361,2017,9,4,"US","Angelica hendersonii",12.1356248855591
2311322786,"Angelica hendersonii",-123.717785,39.124454,2019,7,26,"US","Angelica hendersonii",12.4121561050415
3333484339,"Angelica hendersonii",-123.739321,38.953558,2021,7,26,"US","Angelica hendersonii",12.4240045547485
1802623786,"Angelica hendersonii",-123.688468,38.91706,2017,6,17,"US","Angelica hendersonii",12.6126251220703
3337377383,"Angelica hendersonii",-123.667817,38.876767,2020,7,8,"US","Angelica hendersonii",12.5809020996094
3337798661,"Angelica hendersonii",-123.648804,38.851974,2021,7,11,"US","Angelica hendersonii",12.4416542053223
3902926619,"Angelica hendersonii",-123.5605,38.790346,2022,7,10,"US","Angelica hendersonii",12.8000221252441
3858291516,"Angelica hendersonii",-123.525733,38.753026,2020,7,6,"US","Angelica hendersonii",12.793493270874
3994146558,"Angelica hendersonii",-123.521112,38.749612,2022,10,8,"US","Angelica hendersonii",12.9568367004395
3705463499,"Angelica hendersonii",-123.491797,38.735528,2022,2,25,"US","Angelica hendersonii",12.9018974304199
3759316688,"Angelica hendersonii",-123.431253,38.67916,2022,4,12,"US","Angelica hendersonii",12.8547048568726
2273196368,"Angelica hendersonii",-123.341462,38.586758,2018,7,7,"US","Angelica hendersonii",12.7128734588623
3902047671,"Angelica hendersonii",-123.33486,38.570367,2021,4,28,"US","Angelica hendersonii",12.9402208328247
3902205263,"Angelica hendersonii",-123.32847,38.566355,2022,7,30,"US","Angelica hendersonii",12.7825326919556
3902754458,"Angelica hendersonii",-123.267228,38.52467,2022,8,28,"US","Angelica hendersonii",13.0116939544678
1668868685,"Angelica hendersonii",-123.242052,38.511016,2017,9,26,"US","Angelica hendersonii",13.0880260467529
3061551586,"Angelica hendersonii",-123.145814,38.458337,2021,3,11,"US","Angelica hendersonii",13.5892601013184
3772937972,"Angelica hendersonii",-122.100303,38.49875,2022,5,2,"US","Angelica hendersonii",15.2012958526611
3873819537,"Angelica hendersonii",-123.14221,38.458171,2022,7,6,"US","Angelica hendersonii",13.7206716537476
3902257552,"Angelica hendersonii",-123.099236,38.424011,2022,8,13,"US","Angelica hendersonii",13.6146211624146
2366060330,"Angelica hendersonii",-123.095625,38.395492,2019,8,6,"US","Angelica hendersonii",13.3389520645142
3860307939,"Angelica hendersonii",-123.077983,38.375392,2022,6,16,"US","Angelica hendersonii",13.340124130249
3860682096,"Angelica hendersonii",-123.06733,38.356808,2022,7,3,"US","Angelica hendersonii",13.4452438354492
3705456541,"Angelica hendersonii",-123.065331,38.308842,2022,2,25,"US","Angelica hendersonii",13.4534673690796
2802534841,"Angelica hendersonii",-123.039792,38.314206,2020,6,10,"US","Angelica hendersonii",13.6396360397339
3912019596,"Angelica hendersonii",-122.964438,38.185695,2022,8,17,"US","Angelica hendersonii",13.3981952667236
3858281325,"Angelica hendersonii",-122.9417,38.178638,2016,5,15,"US","Angelica hendersonii",13.512490272522
3873788882,"Angelica hendersonii",-122.948662,38.153764,2022,7,20,"US","Angelica hendersonii",13.7078199386597
3881383387,"Angelica hendersonii",-122.948784,38.11903,2022,4,5,"US","Angelica hendersonii",13.8333597183228
1847625960,"Angelica hendersonii",-122.831354,38.119355,2015,6,27,"US","Angelica hendersonii",14.2319622039795
3355658687,"Angelica hendersonii",-122.977325,38.046817,2021,9,2,"US","Angelica hendersonii",13.4660539627075
3338153764,"Angelica hendersonii",-122.908056,38.050164,2021,8,8,"US","Angelica hendersonii",13.8575782775879
3005250302,"Angelica hendersonii",-122.798429,38.043955,2016,5,14,"US","Angelica hendersonii",14.0203647613525
3383873527,"Angelica hendersonii",-123.001008,38.00105,2020,7,2,"US","Angelica hendersonii",12.8663749694824
3994046562,"Angelica hendersonii",-122.958694,38.030313,2015,5,7,"US","Angelica hendersonii",13.1913652420044
3986077030,"Angelica hendersonii",-122.857423,38.017255,2022,11,12,"US","Angelica hendersonii",13.7778549194336
3747264120,"Angelica hendersonii",-123.010492,37.997239,2022,3,20,"US","Angelica hendersonii",13.1488800048828
3466016169,"Angelica hendersonii",-122.970008,37.99238,2022,1,22,"US","Angelica hendersonii",13.0903930664062
3888770569,"Angelica hendersonii",-122.823113,37.997913,2022,7,30,"US","Angelica hendersonii",13.6328363418579
3985754861,"Angelica hendersonii",-122.59647,37.923544,2022,10,10,"US","Angelica hendersonii",13.7687892913818
3764341378,"Angelica hendersonii",-122.344284,37.917557,2021,9,14,"US","Angelica hendersonii",16.0092697143555
3333254214,"Angelica hendersonii",-122.550492,37.841092,2021,6,29,"US","Angelica hendersonii",14.3263597488403
1932332873,"Angelica hendersonii",-122.532755,37.844453,2018,10,21,"US","Angelica hendersonii",14.4430980682373
3881573411,"Angelica hendersonii",-122.49971,37.834198,2022,6,7,"US","Angelica hendersonii",14.65452003479
3759714420,"Angelica hendersonii",-122.511548,37.815419,2022,4,9,"US","Angelica hendersonii",14.3904781341553
3860663708,"Angelica hendersonii",-122.499549,37.832056,2022,6,13,"US","Angelica hendersonii",14.4265432357788
3903300793,"Angelica hendersonii",-122.509262,37.784063,2022,8,13,"US","Angelica hendersonii",14.3673028945923
3337782960,"Angelica hendersonii",-122.492079,37.787785,2021,7,20,"US","Angelica hendersonii",14.471248626709
2563646095,"Angelica hendersonii",-122.440102,37.740238,2020,1,29,"US","Angelica hendersonii",14.678991317749
2823085432,"Angelica hendersonii",-122.435438,37.687992,2020,6,11,"US","Angelica hendersonii",14.4339294433594
3859180095,"Angelica hendersonii",-122.514587,37.584912,2022,7,3,"US","Angelica hendersonii",13.4255905151367
2823423522,"Angelica hendersonii",-122.492455,37.615344,2020,7,22,"US","Angelica hendersonii",13.6180515289307
3860792352,"Angelica hendersonii",-122.450613,37.61403,2022,6,19,"US","Angelica hendersonii",13.8534708023071
3859052648,"Angelica hendersonii",-122.512337,37.562855,2022,6,28,"US","Angelica hendersonii",13.326358795166
2980793393,"Angelica hendersonii",-122.473499,37.572429,2020,6,17,"US","Angelica hendersonii",13.3840084075928
2803097752,"Angelica hendersonii",-122.505592,37.510478,2020,6,11,"US","Angelica hendersonii",13.3879899978638
3773057095,"Angelica hendersonii",-122.497851,37.501074,2022,4,29,"US","Angelica hendersonii",13.5084648132324
3784802534,"Angelica hendersonii",-122.496217,37.498755,2022,5,12,"US","Angelica hendersonii",13.5405883789062
3859686364,"Angelica hendersonii",-122.453278,37.487048,2022,6,27,"US","Angelica hendersonii",13.5997104644775
3858946388,"Angelica hendersonii",-122.40313,37.467362,2022,6,19,"US","Angelica hendersonii",13.6483097076416
3860134142,"Angelica hendersonii",-122.44313,37.441508,2022,6,12,"US","Angelica hendersonii",13.4696836471558
1847531219,"Angelica hendersonii",-122.397828,37.448617,2018,5,12,"US","Angelica hendersonii",13.5545606613159
3859441238,"Angelica hendersonii",-122.351108,37.447058,2022,6,17,"US","Angelica hendersonii",13.6527347564697
3859081816,"Angelica hendersonii",-122.424697,37.403695,2022,6,23,"US","Angelica hendersonii",13.3375730514526
3466283408,"Angelica hendersonii",-122.398992,37.341918,2013,6,14,"US","Angelica hendersonii",13.5438175201416
3044641619,"Angelica hendersonii",-122.385877,37.324915,2020,7,26,"US","Angelica hendersonii",13.6022682189941
1880477082,"Angelica hendersonii",-122.41217,37.266175,2018,6,13,"US","Angelica hendersonii",13.654580116272
3860086831,"Angelica hendersonii",-122.411383,37.228753,2022,7,1,"US","Angelica hendersonii",13.5915994644165
1457638182,"Angelica hendersonii",-122.269623,37.237137,2017,4,11,"US","Angelica hendersonii",13.6881875991821
3925149556,"Angelica hendersonii",-122.351333,37.145947,2022,7,3,"US","Angelica hendersonii",13.6602621078491
