"gbifID","species","longitude","latitude","year","month","day","countryCode","accepted_name"
3759862875,"Angelica sylvestris",-122.073702,49.043922,2008,9,1,"CA","Angelica sylvestris"
3355403305,"Angelica sylvestris",-59.186413,47.577243,2021,8,30,"CA","Angelica sylvestris"
3355437300,"Angelica sylvestris",-59.139896,47.57252,2021,8,30,"CA","Angelica sylvestris"
3039250436,"Angelica sylvestris",-52.831183,47.278887,2019,9,22,"CA","Angelica sylvestris"
2856554568,"Angelica sylvestris",-65.431855,47.056071,2020,8,19,"CA","Angelica sylvestris"
3384414042,"Angelica sylvestris",-64.035358,46.844917,2021,8,11,"CA","Angelica sylvestris"
2860255330,"Angelica sylvestris",-60.958558,46.670792,2020,8,27,"CA","Angelica sylvestris"
2366010558,"Angelica sylvestris",-60.414165,46.654446,2018,9,12,"CA","Angelica sylvestris"
3335457520,"Angelica sylvestris",-63.785808,46.522545,2021,8,4,"CA","Angelica sylvestris"
3759132677,"Angelica sylvestris",-62.057217,46.418358,2021,8,15,"CA","Angelica sylvestris"
3759155668,"Angelica sylvestris",-61.985267,46.449628,2021,8,15,"CA","Angelica sylvestris"
2826283164,"Angelica sylvestris",-62.151944,46.403056,2020,7,25,"CA","Angelica sylvestris"
3337568033,"Angelica sylvestris",-62.11879,46.390051,2021,8,7,"CA","Angelica sylvestris"
2856556502,"Angelica sylvestris",-62.063777,46.414744,2020,8,1,"CA","Angelica sylvestris"
3343919847,"Angelica sylvestris",-62.81492,46.367263,2021,8,23,"CA","Angelica sylvestris"
2597877877,"Angelica sylvestris",-62.591706,46.359289,2018,9,5,"CA","Angelica sylvestris"
2012948224,"Angelica sylvestris",-62.773398,46.29763,2018,8,25,"CA","Angelica sylvestris"
3335364025,"Angelica sylvestris",-60.532911,46.294151,2021,7,27,"CA","Angelica sylvestris"
3301801994,"Angelica sylvestris",-60.456047,46.243429,2021,6,8,"CA","Angelica sylvestris"
3399181961,"Angelica sylvestris",-62.73103,46.169545,2021,10,12,"CA","Angelica sylvestris"
2574125296,"Angelica sylvestris",-61.412125,46.188174,2019,8,26,"CA","Angelica sylvestris"
3058800621,"Angelica sylvestris",-61.271394,46.180442,2020,9,25,"CA","Angelica sylvestris"
2573833203,"Angelica sylvestris",-60.188034,46.167806,2019,9,11,"CA","Angelica sylvestris"
2422919996,"Angelica sylvestris",-60.089292,46.169367,2019,9,5,"CA","Angelica sylvestris"
2366038664,"Angelica sylvestris",-59.954382,46.192454,2019,8,12,"CA","Angelica sylvestris"
2445008494,"Angelica sylvestris",-62.824401,46.158767,2019,8,25,"CA","Angelica sylvestris"
1920850868,"Angelica sylvestris",-62.59312,46.163708,2017,8,19,"CA","Angelica sylvestris"
1847434090,"Angelica sylvestris",-60.651323,46.144923,2012,7,26,"CA","Angelica sylvestris"
3112477722,"Angelica sylvestris",-60.188862,46.12532,2021,5,2,"CA","Angelica sylvestris"
3333056015,"Angelica sylvestris",-60.165156,46.127331,2021,7,25,"CA","Angelica sylvestris"
3307374464,"Angelica sylvestris",-64.859658,46.106206,2021,5,26,"CA","Angelica sylvestris"
3455647252,"Angelica sylvestris",-64.814545,46.084786,2021,8,29,"CA","Angelica sylvestris"
2366030991,"Angelica sylvestris",-61.142485,46.095002,2019,8,1,"CA","Angelica sylvestris"
3337375841,"Angelica sylvestris",-60.806202,46.092072,2021,8,8,"CA","Angelica sylvestris"
3112289954,"Angelica sylvestris",-60.214167,46.115833,2021,5,1,"CA","Angelica sylvestris"
3384881450,"Angelica sylvestris",-60.182725,46.120936,2021,9,27,"CA","Angelica sylvestris"
2573828068,"Angelica sylvestris",-66.843882,46.048207,2019,8,10,"CA","Angelica sylvestris"
2802930458,"Angelica sylvestris",-66.614519,46.07498,2019,8,7,"CA","Angelica sylvestris"
2868154553,"Angelica sylvestris",-62.553908,46.066557,2020,9,10,"CA","Angelica sylvestris"
686194939,"Angelica sylvestris",-61.32556,46.04333,2009,7,14,"CA","Angelica sylvestris"
2574125408,"Angelica sylvestris",-60.289087,46.076206,2019,11,13,"CA","Angelica sylvestris"
2573917677,"Angelica sylvestris",-60.031444,46.046206,2017,7,1,"CA","Angelica sylvestris"
1914345308,"Angelica sylvestris",-66.953217,46.012885,2018,9,29,"CA","Angelica sylvestris"
2350349686,"Angelica sylvestris",-66.679504,46.023994,2019,8,9,"CA","Angelica sylvestris"
3058807543,"Angelica sylvestris",-66.63015,46.014905,2020,7,14,"CA","Angelica sylvestris"
2579307793,"Angelica sylvestris",-62.573475,46.00349,2019,8,15,"CA","Angelica sylvestris"
3759209691,"Angelica sylvestris",-62.5261,46.005779,2021,7,28,"CA","Angelica sylvestris"
2856492708,"Angelica sylvestris",-62.472692,46.018281,2020,8,19,"CA","Angelica sylvestris"
3384645940,"Angelica sylvestris",-60.39264,46.01572,2021,7,23,"CA","Angelica sylvestris"
3112381607,"Angelica sylvestris",-60.050622,46.039869,2021,4,30,"CA","Angelica sylvestris"
2814035658,"Angelica sylvestris",-59.969271,46.0355,2020,7,1,"CA","Angelica sylvestris"
2366011642,"Angelica sylvestris",-59.925676,46.005604,2018,11,8,"CA","Angelica sylvestris"
1891312746,"Angelica sylvestris",-59.83729,46.007024,2018,8,11,"CA","Angelica sylvestris"
2422909767,"Angelica sylvestris",-66.82176,45.96608,2019,8,18,"CA","Angelica sylvestris"
1914318714,"Angelica sylvestris",-66.718142,45.96753,2018,9,23,"CA","Angelica sylvestris"
2252006000,"Angelica sylvestris",-66.67248,45.988997,2019,6,1,"CA","Angelica sylvestris"
3301821678,"Angelica sylvestris",-66.643115,45.963758,2021,5,18,"CA","Angelica sylvestris"
1640086955,"Angelica sylvestris",-66.585,45.968889,2017,9,2,"CA","Angelica sylvestris"
2597732881,"Angelica sylvestris",-62.749646,45.966434,2018,9,14,"CA","Angelica sylvestris"
2963880524,"Angelica sylvestris",-62.620462,45.99475,2020,10,17,"CA","Angelica sylvestris"
2573788171,"Angelica sylvestris",-60.474542,45.979111,2018,7,28,"CA","Angelica sylvestris"
3337464177,"Angelica sylvestris",-60.434312,45.978563,2021,8,7,"CA","Angelica sylvestris"
2574208225,"Angelica sylvestris",-60.029594,45.97995,2019,9,4,"CA","Angelica sylvestris"
2350446540,"Angelica sylvestris",-59.958333,45.998889,2019,8,15,"CA","Angelica sylvestris"
2596228976,"Angelica sylvestris",-59.957509,45.997648,2019,8,14,"CA","Angelica sylvestris"
2573964111,"Angelica sylvestris",-67.106616,45.940604,2019,8,17,"CA","Angelica sylvestris"
3398678886,"Angelica sylvestris",-66.66854,45.957598,2021,9,29,"CA","Angelica sylvestris"
3330675309,"Angelica sylvestris",-66.666328,45.947518,2021,7,20,"CA","Angelica sylvestris"
3058726522,"Angelica sylvestris",-66.606927,45.926448,2020,7,22,"CA","Angelica sylvestris"
3355198793,"Angelica sylvestris",-64.318733,45.920842,2021,8,21,"CA","Angelica sylvestris"
3335105831,"Angelica sylvestris",-66.889931,45.878031,2021,7,31,"CA","Angelica sylvestris"
2574060164,"Angelica sylvestris",-66.763414,45.896366,2019,8,4,"CA","Angelica sylvestris"
3355356736,"Angelica sylvestris",-66.592963,45.90907,2021,9,3,"CA","Angelica sylvestris"
2864632560,"Angelica sylvestris",-66.58033,45.903388,2020,9,8,"CA","Angelica sylvestris"
2366147537,"Angelica sylvestris",-66.272992,45.894882,2019,8,16,"CA","Angelica sylvestris"
3344139305,"Angelica sylvestris",-64.370444,45.902236,2021,8,23,"CA","Angelica sylvestris"
2573900113,"Angelica sylvestris",-61.076381,45.896481,2019,9,1,"CA","Angelica sylvestris"
3759064281,"Angelica sylvestris",-59.965417,45.908711,2022,3,26,"CA","Angelica sylvestris"
3759670464,"Angelica sylvestris",-59.957445,45.9068,2020,8,6,"CA","Angelica sylvestris"
3058781524,"Angelica sylvestris",-66.673727,45.840509,2020,7,18,"CA","Angelica sylvestris"
3079686716,"Angelica sylvestris",-66.563033,45.848567,2019,10,8,"CA","Angelica sylvestris"
3759180678,"Angelica sylvestris",-66.510857,45.847775,2021,8,7,"CA","Angelica sylvestris"
2851161411,"Angelica sylvestris",-66.460902,45.839436,2020,8,12,"CA","Angelica sylvestris"
3355462858,"Angelica sylvestris",-64.511458,45.834075,2021,8,23,"CA","Angelica sylvestris"
3773218282,"Angelica sylvestris",-64.370605,45.86684,2022,5,7,"CA","Angelica sylvestris"
1640108683,"Angelica sylvestris",-66.854721,45.793335,2017,9,8,"CA","Angelica sylvestris"
3759199634,"Angelica sylvestris",-66.4924,45.831711,2021,7,20,"CA","Angelica sylvestris"
2596313071,"Angelica sylvestris",-61.925114,45.827955,2019,8,22,"CA","Angelica sylvestris"
3333214571,"Angelica sylvestris",-66.477692,45.758598,2021,7,29,"CA","Angelica sylvestris"
3759548718,"Angelica sylvestris",-64.669787,45.726004,2021,8,14,"CA","Angelica sylvestris"
1990633857,"Angelica sylvestris",-60.607807,45.715709,2018,9,21,"CA","Angelica sylvestris"
2573917212,"Angelica sylvestris",-60.239692,45.717155,2019,9,28,"CA","Angelica sylvestris"
668743519,"Angelica sylvestris",-72.083333,45.6666669990571,2010,9,23,"CA","Angelica sylvestris"
3456073727,"Angelica sylvestris",-65.443539,45.695233,2021,10,26,"CA","Angelica sylvestris"
2573905169,"Angelica sylvestris",-60.326483,45.705669,2019,8,8,"CA","Angelica sylvestris"
2862358080,"Angelica sylvestris",-66.104408,45.63291,2020,9,7,"CA","Angelica sylvestris"
2859971660,"Angelica sylvestris",-60.94363,45.646509,2020,8,27,"CA","Angelica sylvestris"
2850994425,"Angelica sylvestris",-60.865705,45.649243,2019,8,25,"CA","Angelica sylvestris"
3059015575,"Angelica sylvestris",-65.93,45.6,2020,8,3,"CA","Angelica sylvestris"
3759160687,"Angelica sylvestris",-65.911331,45.600883,2021,8,8,"CA","Angelica sylvestris"
1914310997,"Angelica sylvestris",-64.952222,45.594167,2018,7,23,"CA","Angelica sylvestris"
1806328123,"Angelica sylvestris",-61.604187,45.624195,2016,8,23,"CA","Angelica sylvestris"
3337753486,"Angelica sylvestris",-61.058716,45.604832,2021,8,8,"CA","Angelica sylvestris"
2573786460,"Angelica sylvestris",-60.757437,45.606228,2018,7,27,"CA","Angelica sylvestris"
2573786496,"Angelica sylvestris",-60.740288,45.598788,2018,7,27,"CA","Angelica sylvestris"
2573786515,"Angelica sylvestris",-60.679012,45.59217,2018,7,27,"CA","Angelica sylvestris"
3398782070,"Angelica sylvestris",-65.758469,45.569321,2021,10,22,"CA","Angelica sylvestris"
2397525805,"Angelica sylvestris",-62.42865,45.57468,2019,8,23,"CA","Angelica sylvestris"
1805375075,"Angelica sylvestris",-61.010687,45.537119,2017,8,6,"CA","Angelica sylvestris"
3398694923,"Angelica sylvestris",-66.040247,45.471555,2021,9,21,"CA","Angelica sylvestris"
3067833769,"Angelica sylvestris",-62.601386,45.470121,2019,8,26,"CA","Angelica sylvestris"
3333464577,"Angelica sylvestris",-66.091239,45.369674,2021,7,29,"CA","Angelica sylvestris"
2988457210,"Angelica sylvestris",-66.063003,45.362767,2020,10,29,"CA","Angelica sylvestris"
2397611110,"Angelica sylvestris",-63.259822,45.370472,2019,8,27,"CA","Angelica sylvestris"
3058736497,"Angelica sylvestris",-66.158288,45.285669,2020,6,19,"CA","Angelica sylvestris"
3355239306,"Angelica sylvestris",-66.087882,45.264096,2021,8,30,"CA","Angelica sylvestris"
2868332642,"Angelica sylvestris",-66.077156,45.286846,2020,9,15,"CA","Angelica sylvestris"
3456433370,"Angelica sylvestris",-61.034072,45.273563,2021,11,21,"CA","Angelica sylvestris"
2984559523,"Angelica sylvestris",-66.139428,45.223411,2020,10,21,"CA","Angelica sylvestris"
3337482873,"Angelica sylvestris",-66.092868,45.244352,2021,8,8,"CA","Angelica sylvestris"
3058968564,"Angelica sylvestris",-66.063256,45.248816,2020,8,1,"CA","Angelica sylvestris"
1805371649,"Angelica sylvestris",-67.132225,45.159168,2017,9,8,"CA","Angelica sylvestris"
2883096795,"Angelica sylvestris",-66.228534,45.156695,2020,10,2,"CA","Angelica sylvestris"
2573783789,"Angelica sylvestris",-63.686722,44.77938,2018,6,26,"CA","Angelica sylvestris"
3079646718,"Angelica sylvestris",-63.597233,44.7212,2019,8,21,"CA","Angelica sylvestris"
2549979251,"Angelica sylvestris",-63.69183,44.680094,2019,8,1,"CA","Angelica sylvestris"
2868098700,"Angelica sylvestris",-63.51027,44.687708,2020,9,17,"CA","Angelica sylvestris"
2851056471,"Angelica sylvestris",-63.481708,44.671556,2020,8,4,"CA","Angelica sylvestris"
2860061969,"Angelica sylvestris",-63.338669,44.670853,2020,8,30,"CA","Angelica sylvestris"
2901729484,"Angelica sylvestris",-63.658597,44.634444,2020,8,9,"CA","Angelica sylvestris"
2573823680,"Angelica sylvestris",-63.476603,44.664388,2017,7,26,"CA","Angelica sylvestris"
3355391677,"Angelica sylvestris",-63.448053,44.657592,2021,9,2,"CA","Angelica sylvestris"
2859924005,"Angelica sylvestris",-63.376284,44.662822,2020,8,30,"CA","Angelica sylvestris"
2596105846,"Angelica sylvestris",-63.60158,44.610859,2019,7,31,"CA","Angelica sylvestris"
2596058848,"Angelica sylvestris",-63.933097,44.565358,2019,8,22,"CA","Angelica sylvestris"
2596248975,"Angelica sylvestris",-63.93246,44.506789,2019,8,19,"CA","Angelica sylvestris"
2573787975,"Angelica sylvestris",-64.760292,44.066953,2018,8,6,"CA","Angelica sylvestris"
2883130678,"Angelica sylvestris",-78.802846,43.870362,2020,10,2,"CA","Angelica sylvestris"
2999031333,"Angelica sylvestris",-79.669521,43.556601,2019,6,9,"CA","Angelica sylvestris"
2251890041,"Angelica sylvestris",-79.655155,43.549651,2019,5,24,"CA","Angelica sylvestris"
2999044336,"Angelica sylvestris",-79.650758,43.534753,2019,6,2,"CA","Angelica sylvestris"
2366143232,"Angelica sylvestris",-79.60805,43.516515,2019,8,19,"CA","Angelica sylvestris"
1993741901,"Angelica sylvestris",-80.365853,43.400801,2018,8,15,"CA","Angelica sylvestris"
3039137648,"Angelica sylvestris",-80.309748,43.310801,2020,9,16,"CA","Angelica sylvestris"
2626124328,"Angelica sylvestris",-81.169277,42.968294,2015,8,15,"CA","Angelica sylvestris"
3344106018,"Angelica sylvestris",-81.424125,42.906339,2021,8,14,"CA","Angelica sylvestris"
2242386624,"Angelica sylvestris",-105.183176,40.980081,2010,7,29,"US","Angelica sylvestris"
