"gbifID","species","longitude","latitude","year","month","day","countryCode","accepted_name"
2331865150,"Angelica atropurpurea",-80.73851,51.797932,2019,7,26,"CA","Angelica atropurpurea"
2445129478,"Angelica atropurpurea",-80.691147,51.799421,2019,8,22,"CA","Angelica atropurpurea"
2236220844,"Angelica atropurpurea",-80.567688,51.656219,2016,8,4,"CA","Angelica atropurpurea"
2802591472,"Angelica atropurpurea",-55.989597,51.591022,2019,8,19,"CA","Angelica atropurpurea"
2429232535,"Angelica atropurpurea",-55.935781,51.612867,2019,8,19,"CA","Angelica atropurpurea"
473310667,"Angelica atropurpurea",-56.931667,51.4925,2004,8,2,"CA","Angelica atropurpurea"
1248692801,"Angelica atropurpurea",-57.161944,51.423333,2006,8,3,"CA","Angelica atropurpurea"
1262031146,"Angelica atropurpurea",-57.203056,51.411389,2005,7,28,"CA","Angelica atropurpurea"
3333123568,"Angelica atropurpurea",-56.671929,51.342084,2021,7,18,"CA","Angelica atropurpurea"
2626486401,"Angelica atropurpurea",-55.560347,51.356758,2019,9,19,"CA","Angelica atropurpurea"
1993755114,"Angelica atropurpurea",-80.489907,51.327288,2003,8,4,"CA","Angelica atropurpurea"
3337395928,"Angelica atropurpurea",-56.738281,51.312142,2021,8,11,"CA","Angelica atropurpurea"
2366116432,"Angelica atropurpurea",-56.692036,51.326783,2019,8,19,"CA","Angelica atropurpurea"
1899338620,"Angelica atropurpurea",-80.110043,51.290327,2012,7,8,"CA","Angelica atropurpurea"
3337618390,"Angelica atropurpurea",-56.965299,50.895957,2021,8,14,"CA","Angelica atropurpurea"
3031704800,"Angelica atropurpurea",-56.930164,50.821575,2009,9,3,"CA","Angelica atropurpurea"
668743478,"Angelica atropurpurea",-68.498611,47.613611,2011,10,30,"CA","Angelica atropurpurea"
1890700563,"Angelica atropurpurea",-67.043013,47.589808,2018,7,26,"CA","Angelica atropurpurea"
2574063090,"Angelica atropurpurea",-68.746881,47.223105,2019,7,9,"CA","Angelica atropurpurea"
2542904424,"Angelica atropurpurea",-70.536396,47.091621,2019,8,31,"CA","Angelica atropurpurea"
3469019993,"Angelica atropurpurea",-70.7791,47.075975,2021,7,7,"CA","Angelica atropurpurea"
3466251846,"Angelica atropurpurea",-70.538619,47.058335,2011,7,30,"CA","Angelica atropurpurea"
2574223155,"Angelica atropurpurea",-67.761517,47.058363,2019,7,31,"CA","Angelica atropurpurea"
2013691056,"Angelica atropurpurea",-67.730182,47.024568,2018,8,1,"CA","Angelica atropurpurea"
2529311239,"Angelica atropurpurea",-65.559748,47.02667,2005,6,14,"CA","Angelica atropurpurea"
3337431906,"Angelica atropurpurea",-70.963889,46.976111,2021,8,1,"CA","Angelica atropurpurea"
465861448,"Angelica atropurpurea",-63.987363,46.918243,2001,6,11,"CA","Angelica atropurpurea"
465895690,"Angelica atropurpurea",-64.072778,46.848889,2004,5,16,"CA","Angelica atropurpurea"
1248692720,"Angelica atropurpurea",-71.270833,46.781944,2006,6,19,"CA","Angelica atropurpurea"
2574195816,"Angelica atropurpurea",-90.886281,46.747071,2019,7,23,"US","Angelica atropurpurea"
2576284170,"Angelica atropurpurea",-89.16123,46.709931,2019,8,24,"US","Angelica atropurpurea"
2252082029,"Angelica atropurpurea",-71.284271,46.713131,2019,6,5,"CA","Angelica atropurpurea"
2456552659,"Angelica atropurpurea",-89.059269,46.670361,2019,7,23,"US","Angelica atropurpurea"
465938063,"Angelica atropurpurea",-64.113333,46.671111,2003,6,16,"CA","Angelica atropurpurea"
2851043003,"Angelica atropurpurea",-89.121597,46.648308,2020,8,7,"US","Angelica atropurpurea"
2980827693,"Angelica atropurpurea",-63.898052,46.575902,2020,10,30,"CA","Angelica atropurpurea"
3384675139,"Angelica atropurpurea",-64.067859,46.519413,2021,9,14,"CA","Angelica atropurpurea"
1948731589,"Angelica atropurpurea",-63.911854,46.451412,2018,6,26,"CA","Angelica atropurpurea"
465861455,"Angelica atropurpurea",-62.875153,46.367607,2001,7,9,"CA","Angelica atropurpurea"
465938060,"Angelica atropurpurea",-62.413056,46.353611,2005,9,14,"CA","Angelica atropurpurea"
3455541796,"Angelica atropurpurea",-72.516273,46.297265,2010,6,23,"CA","Angelica atropurpurea"
1572381287,"Angelica atropurpurea",-92.191648,46.287634,2017,7,8,"US","Angelica atropurpurea"
1901025677,"Angelica atropurpurea",-87.492371,46.198211,2017,9,9,"US","Angelica atropurpurea"
1901025678,"Angelica atropurpurea",-87.295363,46.196499,2017,9,9,"US","Angelica atropurpurea"
2826538665,"Angelica atropurpurea",-85.502255,46.156782,2020,7,29,"US","Angelica atropurpurea"
3335263443,"Angelica atropurpurea",-60.641333,46.165797,2021,8,4,"CA","Angelica atropurpurea"
2331941028,"Angelica atropurpurea",-87.26983,46.014493,2019,8,1,"US","Angelica atropurpurea"
1584407421,"Angelica atropurpurea",-65.143341,46.03552,2017,7,19,"CA","Angelica atropurpurea"
2802688143,"Angelica atropurpurea",-93.412588,45.969412,2020,6,20,"US","Angelica atropurpurea"
2444980461,"Angelica atropurpurea",-86.971493,45.975295,2019,7,22,"US","Angelica atropurpurea"
465861423,"Angelica atropurpurea",-62.614956,45.968035,2000,8,8,"CA","Angelica atropurpurea"
1099969410,"Angelica atropurpurea",-93.315334,45.894186,2015,7,2,"US","Angelica atropurpurea"
2814195280,"Angelica atropurpurea",-86.947114,45.895003,2020,7,6,"US","Angelica atropurpurea"
2901542754,"Angelica atropurpurea",-72.075131,45.854083,2017,8,7,"CA","Angelica atropurpurea"
2814423538,"Angelica atropurpurea",-86.824635,45.779725,2020,7,5,"US","Angelica atropurpurea"
686195115,"Angelica atropurpurea",-61.28833,45.72333,2009,8,14,"CA","Angelica atropurpurea"
465894356,"Angelica atropurpurea",-61.278889,45.686667,2001,8,7,"CA","Angelica atropurpurea"
2992852482,"Angelica atropurpurea",-71.778603,45.524088,2020,8,22,"CA","Angelica atropurpurea"
1920786141,"Angelica atropurpurea",-76.219953,45.479968,2018,6,26,"CA","Angelica atropurpurea"
1500345614,"Angelica atropurpurea",-92.64791,45.44865,2017,5,2,"US","Angelica atropurpurea"
3124678684,"Angelica atropurpurea",-85.063799,45.455095,2021,5,26,"US","Angelica atropurpurea"
1621769576,"Angelica atropurpurea",-84.864056,45.412663,2015,7,28,"US","Angelica atropurpurea"
2859890445,"Angelica atropurpurea",-84.615333,45.37965,2020,7,8,"US","Angelica atropurpurea"
2641456387,"Angelica atropurpurea",-92.759413,45.295617,2020,5,30,"US","Angelica atropurpurea"
2580098981,"Angelica atropurpurea",-87.437812,45.309201,2019,8,15,"US","Angelica atropurpurea"
1640041458,"Angelica atropurpurea",-85.215934,45.325361,2017,7,15,"US","Angelica atropurpurea"
3321063560,"Angelica atropurpurea",-75.606827,45.313262,2021,6,19,"CA","Angelica atropurpurea"
3314507575,"Angelica atropurpurea",-74.218724,45.267263,2021,6,17,"CA","Angelica atropurpurea"
2397497892,"Angelica atropurpurea",-84.589693,45.223512,2019,8,10,"US","Angelica atropurpurea"
2251856291,"Angelica atropurpurea",-81.712667,45.230213,2019,5,20,"CA","Angelica atropurpurea"
3355049588,"Angelica atropurpurea",-73.992074,45.228539,2021,7,4,"CA","Angelica atropurpurea"
2283176475,"Angelica atropurpurea",-72.509605,45.217322,2019,7,5,"CA","Angelica atropurpurea"
3302181116,"Angelica atropurpurea",-92.98797,45.168063,2021,6,1,"US","Angelica atropurpurea"
3302158820,"Angelica atropurpurea",-92.762633,45.171313,2021,6,3,"US","Angelica atropurpurea"
3325839674,"Angelica atropurpurea",-92.97248,45.150897,2021,7,2,"US","Angelica atropurpurea"
3327763586,"Angelica atropurpurea",-92.956695,45.163086,2021,7,4,"US","Angelica atropurpurea"
3338131325,"Angelica atropurpurea",-85.203104,45.141109,2021,8,11,"US","Angelica atropurpurea"
2251939660,"Angelica atropurpurea",-74.616667,45.094722,2019,5,26,"CA","Angelica atropurpurea"
2851163587,"Angelica atropurpurea",-93.522317,45.058047,2020,6,29,"US","Angelica atropurpurea"
3314457487,"Angelica atropurpurea",-72.825014,45.045755,2021,6,24,"CA","Angelica atropurpurea"
2999139345,"Angelica atropurpurea",-74.650241,45.033934,2019,8,3,"CA","Angelica atropurpurea"
3314578500,"Angelica atropurpurea",-72.821158,45.041528,2021,6,24,"CA","Angelica atropurpurea"
2999197431,"Angelica atropurpurea",-75.825036,44.966557,2020,7,8,"CA","Angelica atropurpurea"
2626530708,"Angelica atropurpurea",-72.698366,44.982,2020,5,11,"US","Angelica atropurpurea"
3325504555,"Angelica atropurpurea",-93.040812,44.945857,2021,7,1,"US","Angelica atropurpurea"
1272114242,"Angelica atropurpurea",-73.053801,44.933558,2016,6,15,"US","Angelica atropurpurea"
2269324946,"Angelica atropurpurea",-93.207189,44.912686,2019,6,20,"US","Angelica atropurpurea"
1571145366,"Angelica atropurpurea",-92.811452,44.883521,2017,6,16,"US","Angelica atropurpurea"
1122959905,"Angelica atropurpurea",-91.891283,44.898315,2015,7,9,"US","Angelica atropurpurea"
1883486709,"Angelica atropurpurea",-72.947913,44.895308,2018,7,9,"US","Angelica atropurpurea"
1880572129,"Angelica atropurpurea",-72.863256,44.911108,2018,6,25,"US","Angelica atropurpurea"
2963756706,"Angelica atropurpurea",-72.698238,44.887288,2020,8,16,"US","Angelica atropurpurea"
3067895148,"Angelica atropurpurea",-93.41657,44.856285,2020,8,14,"US","Angelica atropurpurea"
3764244450,"Angelica atropurpurea",-93.230794,44.846451,2022,4,21,"US","Angelica atropurpurea"
3321334559,"Angelica atropurpurea",-92.637128,44.852974,2021,7,1,"US","Angelica atropurpurea"
3090921814,"Angelica atropurpurea",-92.614145,44.850095,2021,4,13,"US","Angelica atropurpurea"
3773334061,"Angelica atropurpurea",-93.556101,44.809699,2022,5,5,"US","Angelica atropurpurea"
3384288668,"Angelica atropurpurea",-93.300795,44.807133,2021,9,12,"US","Angelica atropurpurea"
3059139485,"Angelica atropurpurea",-93.27475,44.809853,2021,2,27,"US","Angelica atropurpurea"
3325920303,"Angelica atropurpurea",-93.215478,44.813744,2021,7,6,"US","Angelica atropurpurea"
3325709549,"Angelica atropurpurea",-93.196547,44.767208,2021,6,24,"US","Angelica atropurpurea"
2641326271,"Angelica atropurpurea",-93.16745,44.72023,2020,6,8,"US","Angelica atropurpurea"
2465201800,"Angelica atropurpurea",-81.25242,44.65927,2010,5,18,"CA","Angelica atropurpurea"
3328087467,"Angelica atropurpurea",-73.145939,44.627794,2021,7,14,"US","Angelica atropurpurea"
2826262891,"Angelica atropurpurea",-73.014092,44.65935,2020,7,24,"US","Angelica atropurpurea"
1880585597,"Angelica atropurpurea",-72.952295,44.65141,2018,6,27,"US","Angelica atropurpurea"
2331965833,"Angelica atropurpurea",-72.212585,44.632312,2019,8,8,"US","Angelica atropurpurea"
3314472886,"Angelica atropurpurea",-92.639237,44.573653,2021,6,19,"US","Angelica atropurpurea"
3059023494,"Angelica atropurpurea",-92.117239,44.551368,2020,6,27,"US","Angelica atropurpurea"
3320973517,"Angelica atropurpurea",-88.10585,44.580868,2021,7,1,"US","Angelica atropurpurea"
1584409343,"Angelica atropurpurea",-72.591195,44.564267,2017,7,21,"US","Angelica atropurpurea"
3314257072,"Angelica atropurpurea",-92.072569,44.527162,2021,6,19,"US","Angelica atropurpurea"
2265965489,"Angelica atropurpurea",-91.421806,44.50375,2012,5,30,"US","Angelica atropurpurea"
3355072633,"Angelica atropurpurea",-81.35672,44.500736,2021,7,16,"CA","Angelica atropurpurea"
3335073648,"Angelica atropurpurea",-73.228278,44.521508,2021,7,28,"US","Angelica atropurpurea"
3112934582,"Angelica atropurpurea",-73.138467,44.501617,2021,5,4,"US","Angelica atropurpurea"
3302315634,"Angelica atropurpurea",-72.816375,44.528208,2021,6,2,"US","Angelica atropurpurea"
3059020799,"Angelica atropurpurea",-93.152137,44.466001,2021,2,25,"US","Angelica atropurpurea"
2813908820,"Angelica atropurpurea",-88.041742,44.47283,2020,6,21,"US","Angelica atropurpurea"
2823325714,"Angelica atropurpurea",-74.118702,44.417771,2020,7,17,"US","Angelica atropurpurea"
1621784688,"Angelica atropurpurea",-73.03586,44.435953,2017,7,13,"US","Angelica atropurpurea"
3333161289,"Angelica atropurpurea",-72.228338,44.419255,2021,7,26,"US","Angelica atropurpurea"
1929383170,"Angelica atropurpurea",-74.120489,44.414464,2010,8,13,"US","Angelica atropurpurea"
3124533047,"Angelica atropurpurea",-81.306286,44.334217,2021,5,24,"CA","Angelica atropurpurea"
3307521444,"Angelica atropurpurea",-72.806663,44.357875,2021,6,16,"US","Angelica atropurpurea"
1807268994,"Angelica atropurpurea",-72.499717,44.335937,2015,9,6,"US","Angelica atropurpurea"
2643974057,"Angelica atropurpurea",-89.257538,44.29802,2018,7,25,"US","Angelica atropurpurea"
2818819328,"Angelica atropurpurea",-89.20362,44.307718,2020,7,14,"US","Angelica atropurpurea"
1989121673,"Angelica atropurpurea",-85.6398,44.304783,2015,7,22,"US","Angelica atropurpurea"
2242965348,"Angelica atropurpurea",-79.860829,44.311292,2019,5,11,"CA","Angelica atropurpurea"
3067759997,"Angelica atropurpurea",-79.381745,44.314845,2020,6,26,"CA","Angelica atropurpurea"
1806321264,"Angelica atropurpurea",-72.477322,44.315663,2015,7,3,"US","Angelica atropurpurea"
3109001069,"Angelica atropurpurea",-92.999301,44.272284,2021,4,25,"US","Angelica atropurpurea"
2422933847,"Angelica atropurpurea",-91.279171,44.279919,2019,9,5,"US","Angelica atropurpurea"
2465110137,"Angelica atropurpurea",-79.822355,44.278246,2019,7,4,"CA","Angelica atropurpurea"
1132403929,"Angelica atropurpurea",-73.017667,44.2915,2015,7,11,"US","Angelica atropurpurea"
2540735989,"Angelica atropurpurea",-71.297342,44.263187,2019,8,14,"US","Angelica atropurpurea"
1122958907,"Angelica atropurpurea",-73.064238,44.243093,2015,6,27,"US","Angelica atropurpurea"
3008495396,"Angelica atropurpurea",-92.6463,44.201518,2020,6,6,"US","Angelica atropurpurea"
3325573030,"Angelica atropurpurea",-91.962381,44.200789,2021,7,4,"US","Angelica atropurpurea"
1883940208,"Angelica atropurpurea",-72.602339,44.197647,2018,7,22,"US","Angelica atropurpurea"
3337450674,"Angelica atropurpurea",-92.50708,44.156475,2021,7,18,"US","Angelica atropurpurea"
2580280148,"Angelica atropurpurea",-79.757295,44.136506,2020,3,19,"CA","Angelica atropurpurea"
1572353107,"Angelica atropurpurea",-71.951416,44.13414,2017,6,29,"US","Angelica atropurpurea"
3307397168,"Angelica atropurpurea",-92.647464,44.084291,2021,6,12,"US","Angelica atropurpurea"
2813948065,"Angelica atropurpurea",-92.17437,44.117683,2020,6,26,"US","Angelica atropurpurea"
2265831112,"Angelica atropurpurea",-81.137184,44.112683,2019,6,8,"CA","Angelica atropurpurea"
2984403843,"Angelica atropurpurea",-77.83546,44.117114,2020,11,5,"CA","Angelica atropurpurea"
3307133738,"Angelica atropurpurea",-73.090753,44.095719,2021,6,11,"US","Angelica atropurpurea"
2823427536,"Angelica atropurpurea",-92.648255,44.075645,2020,7,21,"US","Angelica atropurpurea"
3325827553,"Angelica atropurpurea",-92.464885,44.053868,2021,6,7,"US","Angelica atropurpurea"
3391381423,"Angelica atropurpurea",-92.044261,44.054692,2021,5,9,"US","Angelica atropurpurea"
3327692825,"Angelica atropurpurea",-89.483186,44.056856,2021,7,8,"US","Angelica atropurpurea"
1944403384,"Angelica atropurpurea",-80.793289,44.065706,2018,11,12,"CA","Angelica atropurpurea"
3407986453,"Angelica atropurpurea",-79.457145,44.046292,2021,7,1,"CA","Angelica atropurpurea"
1572385772,"Angelica atropurpurea",-72.058971,44.06518,2017,7,9,"US","Angelica atropurpurea"
3759120608,"Angelica atropurpurea",-93.036,44.022915,2021,6,2,"US","Angelica atropurpurea"
1880523035,"Angelica atropurpurea",-92.47525,44.026342,2018,6,19,"US","Angelica atropurpurea"
2273326916,"Angelica atropurpurea",-92.457695,44.021092,2019,6,26,"US","Angelica atropurpurea"
1883528759,"Angelica atropurpurea",-89.338039,44.039997,2018,7,14,"US","Angelica atropurpurea"
3469004349,"Angelica atropurpurea",-81.42338,44.006689,2020,5,4,"CA","Angelica atropurpurea"
2999091473,"Angelica atropurpurea",-80.890704,44.033281,2020,8,29,"CA","Angelica atropurpurea"
2563564978,"Angelica atropurpurea",-77.757322,44.018062,2012,8,9,"CA","Angelica atropurpurea"
891167687,"Angelica atropurpurea",-73.179639,44.027243,2013,6,20,"US","Angelica atropurpurea"
3008569399,"Angelica atropurpurea",-92.489352,43.959484,2020,6,4,"US","Angelica atropurpurea"
2294399839,"Angelica atropurpurea",-80.722467,43.978583,2018,7,18,"CA","Angelica atropurpurea"
1850985582,"Angelica atropurpurea",-73.153369,43.968658,2018,6,14,"US","Angelica atropurpurea"
2641306259,"Angelica atropurpurea",-73.010283,43.957052,2020,6,8,"US","Angelica atropurpurea"
1978826863,"Angelica atropurpurea",-78.963263,43.89987,2018,12,21,"CA","Angelica atropurpurea"
1880498234,"Angelica atropurpurea",-88.943821,43.861546,2018,6,16,"US","Angelica atropurpurea"
3335477447,"Angelica atropurpurea",-73.150667,43.847325,2021,8,3,"US","Angelica atropurpurea"
2814220982,"Angelica atropurpurea",-72.967629,43.840524,2020,7,7,"US","Angelica atropurpurea"
1024184770,"Angelica atropurpurea",-72.587142,43.8521,2014,7,5,"US","Angelica atropurpurea"
2283205440,"Angelica atropurpurea",-72.375648,43.857746,2019,7,6,"US","Angelica atropurpurea"
2641408174,"Angelica atropurpurea",-92.26382,43.819201,2020,6,7,"US","Angelica atropurpurea"
2550100518,"Angelica atropurpurea",-92.21776,43.79748,2018,6,14,"US","Angelica atropurpurea"
3058698493,"Angelica atropurpurea",-90.62118,43.833262,2020,6,6,"US","Angelica atropurpurea"
3113257325,"Angelica atropurpurea",-81.456346,43.826379,2019,7,18,"CA","Angelica atropurpurea"
1986585267,"Angelica atropurpurea",-79.197222,43.824346,2019,1,4,"CA","Angelica atropurpurea"
3325500250,"Angelica atropurpurea",-79.1261,43.800087,2021,7,4,"CA","Angelica atropurpurea"
2826186138,"Angelica atropurpurea",-81.70913,43.756372,2020,7,25,"CA","Angelica atropurpurea"
3455628376,"Angelica atropurpurea",-81.705758,43.757906,2018,6,20,"CA","Angelica atropurpurea"
3124490398,"Angelica atropurpurea",-79.371042,43.780806,2020,6,8,"CA","Angelica atropurpurea"
2802690716,"Angelica atropurpurea",-92.305,43.74477,2020,6,14,"US","Angelica atropurpurea"
2803055976,"Angelica atropurpurea",-91.960971,43.737649,2020,6,23,"US","Angelica atropurpurea"
1847581423,"Angelica atropurpurea",-90.870473,43.740185,2018,5,20,"US","Angelica atropurpurea"
3325862309,"Angelica atropurpurea",-89.372611,43.746864,2021,7,4,"US","Angelica atropurpurea"
2999064439,"Angelica atropurpurea",-81.675013,43.735371,2020,7,12,"CA","Angelica atropurpurea"
2802588907,"Angelica atropurpurea",-81.641312,43.72538,2020,6,12,"CA","Angelica atropurpurea"
1880528507,"Angelica atropurpurea",-73.052354,43.742827,2018,6,20,"US","Angelica atropurpurea"
1563437176,"Angelica atropurpurea",-92.928669,43.681945,2017,5,29,"US","Angelica atropurpurea"
2574045476,"Angelica atropurpurea",-92.077796,43.670598,2018,6,29,"US","Angelica atropurpurea"
3335343103,"Angelica atropurpurea",-90.584398,43.707891,2021,8,1,"US","Angelica atropurpurea"
1572341004,"Angelica atropurpurea",-90.581197,43.690347,2017,6,27,"US","Angelica atropurpurea"
2999191590,"Angelica atropurpurea",-81.623276,43.697808,2020,11,16,"CA","Angelica atropurpurea"
2803018857,"Angelica atropurpurea",-73.312561,43.667114,2020,6,16,"US","Angelica atropurpurea"
3391474333,"Angelica atropurpurea",-73.023405,43.693813,2021,10,14,"US","Angelica atropurpurea"
3455707780,"Angelica atropurpurea",-92.219797,43.640927,2020,7,4,"US","Angelica atropurpurea"
1848759268,"Angelica atropurpurea",-90.32553,43.656288,2018,5,27,"US","Angelica atropurpurea"
1571163473,"Angelica atropurpurea",-79.733744,43.626415,2017,6,20,"CA","Angelica atropurpurea"
3772405416,"Angelica atropurpurea",-73.382658,43.638427,2021,6,12,"US","Angelica atropurpurea"
1932307309,"Angelica atropurpurea",-73.370047,43.625203,2015,6,30,"US","Angelica atropurpurea"
1024187242,"Angelica atropurpurea",-72.95248,43.650112,2014,7,9,"US","Angelica atropurpurea"
3333111038,"Angelica atropurpurea",-72.776612,43.662912,2021,7,25,"US","Angelica atropurpurea"
1571157576,"Angelica atropurpurea",-72.406617,43.647642,2017,6,19,"US","Angelica atropurpurea"
3325560092,"Angelica atropurpurea",-92.969699,43.613157,2021,7,1,"US","Angelica atropurpurea"
3327985579,"Angelica atropurpurea",-92.232725,43.622081,2021,7,2,"US","Angelica atropurpurea"
3325510542,"Angelica atropurpurea",-91.81371,43.597429,2021,6,16,"US","Angelica atropurpurea"
3302082581,"Angelica atropurpurea",-88.617081,43.604666,2021,6,10,"US","Angelica atropurpurea"
1989215687,"Angelica atropurpurea",-86.029503,43.619241,2007,7,6,"US","Angelica atropurpurea"
2234743629,"Angelica atropurpurea",-84.287728,43.6011,2017,6,4,"US","Angelica atropurpurea"
3320953874,"Angelica atropurpurea",-81.529527,43.603427,2021,6,26,"CA","Angelica atropurpurea"
2283096629,"Angelica atropurpurea",-80.593874,43.609778,2019,6,30,"CA","Angelica atropurpurea"
2814225601,"Angelica atropurpurea",-80.564472,43.608503,2020,5,30,"CA","Angelica atropurpurea"
2814370835,"Angelica atropurpurea",-80.274812,43.586095,2020,7,2,"CA","Angelica atropurpurea"
1993705881,"Angelica atropurpurea",-80.152466,43.607078,2018,7,26,"CA","Angelica atropurpurea"
2350428036,"Angelica atropurpurea",-79.733283,43.623225,2019,8,14,"CA","Angelica atropurpurea"
3314591406,"Angelica atropurpurea",-73.364408,43.624053,2021,6,23,"US","Angelica atropurpurea"
1880558224,"Angelica atropurpurea",-73.181437,43.60274,2018,6,24,"US","Angelica atropurpurea"
2273244115,"Angelica atropurpurea",-73.05725,43.621681,2019,6,22,"US","Angelica atropurpurea"
1122959134,"Angelica atropurpurea",-73.040049,43.583873,2015,7,2,"US","Angelica atropurpurea"
1586944111,"Angelica atropurpurea",-72.819572,43.610887,2017,7,10,"US","Angelica atropurpurea"
2283036088,"Angelica atropurpurea",-88.605532,43.569217,2019,6,22,"US","Angelica atropurpurea"
3117862299,"Angelica atropurpurea",-80.271455,43.571042,2021,5,17,"CA","Angelica atropurpurea"
2283104647,"Angelica atropurpurea",-80.225845,43.54585,2019,7,1,"CA","Angelica atropurpurea"
2273257390,"Angelica atropurpurea",-80.095039,43.555124,2019,6,23,"CA","Angelica atropurpurea"
1986524452,"Angelica atropurpurea",-79.676414,43.555111,2018,8,30,"CA","Angelica atropurpurea"
2273286935,"Angelica atropurpurea",-79.657301,43.546753,2019,6,24,"CA","Angelica atropurpurea"
1572348486,"Angelica atropurpurea",-73.398786,43.572355,2017,6,25,"US","Angelica atropurpurea"
2429322191,"Angelica atropurpurea",-72.61472,43.562474,2019,9,30,"US","Angelica atropurpurea"
2451697640,"Angelica atropurpurea",-87.794328,43.517472,2019,6,18,"US","Angelica atropurpurea"
3031641619,"Angelica atropurpurea",-80.646194,43.503982,2020,4,18,"CA","Angelica atropurpurea"
1847448874,"Angelica atropurpurea",-80.572017,43.535856,2018,5,5,"CA","Angelica atropurpurea"
3327936450,"Angelica atropurpurea",-80.483511,43.516555,2021,7,14,"CA","Angelica atropurpurea"
2999214428,"Angelica atropurpurea",-80.256203,43.531172,2020,6,28,"CA","Angelica atropurpurea"
3302475146,"Angelica atropurpurea",-73.246093,43.519337,2021,6,8,"US","Angelica atropurpurea"
2273293473,"Angelica atropurpurea",-73.132561,43.500606,2019,6,21,"US","Angelica atropurpurea"
3772583110,"Angelica atropurpurea",-89.63713,43.464328,2022,4,14,"US","Angelica atropurpurea"
2814017384,"Angelica atropurpurea",-88.601989,43.474273,2019,6,9,"US","Angelica atropurpurea"
2529327015,"Angelica atropurpurea",-87.954321,43.464814,2018,5,2,"US","Angelica atropurpurea"
3325570019,"Angelica atropurpurea",-87.792198,43.492486,2021,7,2,"US","Angelica atropurpurea"
2984483812,"Angelica atropurpurea",-80.473686,43.490967,2020,11,9,"CA","Angelica atropurpurea"
3058829697,"Angelica atropurpurea",-80.427103,43.482619,2021,3,2,"CA","Angelica atropurpurea"
3321137831,"Angelica atropurpurea",-72.704951,43.491869,2021,6,26,"US","Angelica atropurpurea"
3337489626,"Angelica atropurpurea",-72.395522,43.487583,2021,6,19,"US","Angelica atropurpurea"
2802891837,"Angelica atropurpurea",-90.770314,43.430363,2020,6,6,"US","Angelica atropurpurea"
3391429089,"Angelica atropurpurea",-89.641652,43.418502,2021,10,3,"US","Angelica atropurpurea"
2283090053,"Angelica atropurpurea",-88.022622,43.438259,2019,6,30,"US","Angelica atropurpurea"
1990642615,"Angelica atropurpurea",-87.955836,43.424453,2012,7,1,"US","Angelica atropurpurea"
3333109101,"Angelica atropurpurea",-80.538177,43.456225,2021,7,26,"CA","Angelica atropurpurea"
2609100973,"Angelica atropurpurea",-80.402726,43.425707,2020,4,23,"CA","Angelica atropurpurea"
3337489543,"Angelica atropurpurea",-91.081751,43.403812,2021,5,22,"US","Angelica atropurpurea"
3499471438,"Angelica atropurpurea",-90.36846,43.391622,2021,6,13,"US","Angelica atropurpurea"
3499388403,"Angelica atropurpurea",-89.637733,43.414452,2021,6,23,"US","Angelica atropurpurea"
3301868768,"Angelica atropurpurea",-89.411626,43.385219,2021,5,29,"US","Angelica atropurpurea"
3307355821,"Angelica atropurpurea",-88.209234,43.387686,2021,6,15,"US","Angelica atropurpurea"
3759544363,"Angelica atropurpurea",-88.162086,43.392212,2019,6,13,"US","Angelica atropurpurea"
3325474445,"Angelica atropurpurea",-80.711145,43.377358,2021,6,12,"CA","Angelica atropurpurea"
2999215358,"Angelica atropurpurea",-80.414264,43.396,2020,3,17,"CA","Angelica atropurpurea"
3499603867,"Angelica atropurpurea",-80.350461,43.386743,2022,2,13,"CA","Angelica atropurpurea"
3307390992,"Angelica atropurpurea",-72.95575,43.391783,2021,6,10,"US","Angelica atropurpurea"
3455524840,"Angelica atropurpurea",-89.952429,43.3404,2021,6,8,"US","Angelica atropurpurea"
2814386424,"Angelica atropurpurea",-89.893683,43.343585,2020,7,4,"US","Angelica atropurpurea"
2984461899,"Angelica atropurpurea",-80.316427,43.352604,2020,10,31,"CA","Angelica atropurpurea"
3301947896,"Angelica atropurpurea",-72.500684,43.356121,2021,6,10,"US","Angelica atropurpurea"
3455671997,"Angelica atropurpurea",-89.976332,43.311266,2021,6,7,"US","Angelica atropurpurea"
2999153427,"Angelica atropurpurea",-80.643255,43.332196,2020,6,4,"CA","Angelica atropurpurea"
2013711974,"Angelica atropurpurea",-80.468764,43.292761,2019,3,9,"CA","Angelica atropurpurea"
3456582348,"Angelica atropurpurea",-89.910386,43.264122,2021,6,13,"US","Angelica atropurpurea"
3301823415,"Angelica atropurpurea",-89.54818,43.283147,2021,6,1,"US","Angelica atropurpurea"
2283254438,"Angelica atropurpurea",-88.310447,43.257197,2019,7,9,"US","Angelica atropurpurea"
3058934507,"Angelica atropurpurea",-87.992223,43.267482,2020,6,20,"US","Angelica atropurpurea"
891095247,"Angelica atropurpurea",-81.14615,43.26168,2012,8,28,"CA","Angelica atropurpurea"
2574043840,"Angelica atropurpurea",-81.028221,43.253524,2020,2,13,"CA","Angelica atropurpurea"
2603295430,"Angelica atropurpurea",-80.521892,43.2687,2020,4,12,"CA","Angelica atropurpurea"
2283196637,"Angelica atropurpurea",-80.47088,43.288797,2019,7,5,"CA","Angelica atropurpurea"
3320874852,"Angelica atropurpurea",-79.98912,43.251774,2021,6,26,"CA","Angelica atropurpurea"
415929293,"Angelica atropurpurea",-72.43008,43.26105,2003,6,23,"US","Angelica atropurpurea"
3456013523,"Angelica atropurpurea",-89.908161,43.248859,2021,6,14,"US","Angelica atropurpurea"
2814253561,"Angelica atropurpurea",-89.349621,43.216584,2020,5,31,"US","Angelica atropurpurea"
3772797440,"Angelica atropurpurea",-81.000136,43.209122,2021,7,10,"CA","Angelica atropurpurea"
1880585028,"Angelica atropurpurea",-80.482327,43.228801,2018,6,25,"CA","Angelica atropurpurea"
1807331098,"Angelica atropurpurea",-79.802552,43.220784,2009,6,19,"CA","Angelica atropurpurea"
2634277991,"Angelica atropurpurea",-89.530017,43.189609,2020,5,9,"US","Angelica atropurpurea"
2802892054,"Angelica atropurpurea",-89.369505,43.167513,2020,6,12,"US","Angelica atropurpurea"
3325822642,"Angelica atropurpurea",-89.306831,43.19154,2021,7,2,"US","Angelica atropurpurea"
3772547961,"Angelica atropurpurea",-88.370989,43.172463,2022,5,1,"US","Angelica atropurpurea"
2239004530,"Angelica atropurpurea",-80.916132,43.17284,2019,4,30,"CA","Angelica atropurpurea"
2860177432,"Angelica atropurpurea",-80.461085,43.204836,2017,6,28,"CA","Angelica atropurpurea"
3772746416,"Angelica atropurpurea",-80.453502,43.189919,2021,6,10,"CA","Angelica atropurpurea"
2992867031,"Angelica atropurpurea",-80.36335,43.181372,2020,11,20,"CA","Angelica atropurpurea"
3124647279,"Angelica atropurpurea",-89.48751,43.126133,2021,5,27,"US","Angelica atropurpurea"
2641300695,"Angelica atropurpurea",-89.438045,43.141194,2020,6,5,"US","Angelica atropurpurea"
1562944884,"Angelica atropurpurea",-89.34002,43.164161,2017,5,12,"US","Angelica atropurpurea"
1562896822,"Angelica atropurpurea",-88.916386,43.125507,2017,5,4,"US","Angelica atropurpurea"
2802902051,"Angelica atropurpurea",-88.170666,43.158107,2020,6,16,"US","Angelica atropurpurea"
3772786626,"Angelica atropurpurea",-80.350334,43.159271,2022,4,28,"CA","Angelica atropurpurea"
3468702487,"Angelica atropurpurea",-80.2995,43.14627,2021,6,10,"CA","Angelica atropurpurea"
2823270017,"Angelica atropurpurea",-80.283448,43.138285,2020,7,19,"CA","Angelica atropurpurea"
2999047334,"Angelica atropurpurea",-80.200326,43.134777,2019,7,13,"CA","Angelica atropurpurea"
2574063451,"Angelica atropurpurea",-73.961053,43.126308,2019,7,6,"US","Angelica atropurpurea"
2641612362,"Angelica atropurpurea",-89.812271,43.106067,2020,6,7,"US","Angelica atropurpurea"
2802755177,"Angelica atropurpurea",-89.673605,43.120525,2020,6,18,"US","Angelica atropurpurea"
3773199663,"Angelica atropurpurea",-89.65033,43.113014,2017,6,20,"US","Angelica atropurpurea"
3301797299,"Angelica atropurpurea",-89.490796,43.11239,2021,5,30,"US","Angelica atropurpurea"
3124505753,"Angelica atropurpurea",-89.308762,43.114753,2021,5,23,"US","Angelica atropurpurea"
2252011932,"Angelica atropurpurea",-86.197542,43.118542,2019,5,31,"US","Angelica atropurpurea"
3759098661,"Angelica atropurpurea",-81.816489,43.08616,2021,6,9,"CA","Angelica atropurpurea"
2237433914,"Angelica atropurpurea",-81.175025,43.108683,2019,4,18,"CA","Angelica atropurpurea"
3466029649,"Angelica atropurpurea",-80.240913,43.098778,2021,7,6,"CA","Angelica atropurpurea"
3759067750,"Angelica atropurpurea",-90.157236,43.078213,2021,10,16,"US","Angelica atropurpurea"
3067628923,"Angelica atropurpurea",-90.018248,43.080552,2020,6,11,"US","Angelica atropurpurea"
2802827628,"Angelica atropurpurea",-89.985864,43.061871,2020,6,12,"US","Angelica atropurpurea"
3344117527,"Angelica atropurpurea",-89.91098,43.06583,2021,7,17,"US","Angelica atropurpurea"
2283266407,"Angelica atropurpurea",-89.491478,43.049145,2019,7,10,"US","Angelica atropurpurea"
3499651457,"Angelica atropurpurea",-89.435575,43.052791,2021,5,31,"US","Angelica atropurpurea"
3302476552,"Angelica atropurpurea",-88.894306,43.069631,2021,6,2,"US","Angelica atropurpurea"
2802724246,"Angelica atropurpurea",-88.167532,43.073138,2020,6,17,"US","Angelica atropurpurea"
3772913477,"Angelica atropurpurea",-87.893753,43.064442,2022,5,1,"US","Angelica atropurpurea"
2576436326,"Angelica atropurpurea",-81.799753,43.079116,2019,4,14,"CA","Angelica atropurpurea"
2550079882,"Angelica atropurpurea",-81.189423,43.074052,2020,1,5,"CA","Angelica atropurpurea"
3031679361,"Angelica atropurpurea",-72.71495,43.060214,2018,5,14,"US","Angelica atropurpurea"
2242840478,"Angelica atropurpurea",-90.467898,43.036964,2019,5,4,"US","Angelica atropurpurea"
3067690992,"Angelica atropurpurea",-90.010796,43.005259,2020,6,25,"US","Angelica atropurpurea"
3327714695,"Angelica atropurpurea",-89.786749,43.000771,2021,7,6,"US","Angelica atropurpurea"
3058878529,"Angelica atropurpurea",-89.622458,43.023933,2020,6,21,"US","Angelica atropurpurea"
3314162174,"Angelica atropurpurea",-89.519264,43.006507,2021,6,19,"US","Angelica atropurpurea"
2641530232,"Angelica atropurpurea",-89.430206,43.040939,2020,6,8,"US","Angelica atropurpurea"
3325564055,"Angelica atropurpurea",-89.402275,43.01791,2021,6,30,"US","Angelica atropurpurea"
3337475952,"Angelica atropurpurea",-89.348632,43.027026,2021,8,7,"US","Angelica atropurpurea"
1562976038,"Angelica atropurpurea",-88.926044,43.036918,2017,5,21,"US","Angelica atropurpurea"
3059159969,"Angelica atropurpurea",-88.405632,43.037443,2020,5,29,"US","Angelica atropurpurea"
3097163073,"Angelica atropurpurea",-88.310897,43.015848,2021,4,18,"US","Angelica atropurpurea"
1988631701,"Angelica atropurpurea",-84.89681,43.0087,2006,6,5,"US","Angelica atropurpurea"
2850541218,"Angelica atropurpurea",-81.258151,43.025373,2020,8,4,"CA","Angelica atropurpurea"
3398683613,"Angelica atropurpurea",-81.241678,43.026815,2021,4,24,"CA","Angelica atropurpurea"
2999129325,"Angelica atropurpurea",-81.203575,43.03977,2019,4,9,"CA","Angelica atropurpurea"
1990443849,"Angelica atropurpurea",-80.369269,43.033456,2018,6,24,"CA","Angelica atropurpurea"
899979269,"Angelica atropurpurea",-77.063247,43.022553,2014,5,3,"US","Angelica atropurpurea"
3302563718,"Angelica atropurpurea",-89.566898,42.984993,2021,5,31,"US","Angelica atropurpurea"
2641459459,"Angelica atropurpurea",-89.059215,42.988955,2020,6,6,"US","Angelica atropurpurea"
2269273396,"Angelica atropurpurea",-89.028779,42.97855,2019,6,13,"US","Angelica atropurpurea"
3773543465,"Angelica atropurpurea",-88.272163,42.961183,2022,5,4,"US","Angelica atropurpurea"
3499606434,"Angelica atropurpurea",-88.056725,42.978786,2021,5,31,"US","Angelica atropurpurea"
3302259883,"Angelica atropurpurea",-85.329443,42.983175,2021,5,31,"US","Angelica atropurpurea"
2802570008,"Angelica atropurpurea",-81.253056,42.981389,2020,6,16,"CA","Angelica atropurpurea"
2803003006,"Angelica atropurpurea",-81.231855,42.973002,2020,6,17,"CA","Angelica atropurpurea"
2813942138,"Angelica atropurpurea",-81.172238,42.969208,2020,6,27,"CA","Angelica atropurpurea"
3327820402,"Angelica atropurpurea",-80.975478,42.984058,2021,7,6,"CA","Angelica atropurpurea"
2563483310,"Angelica atropurpurea",-77.424071,42.96524,2018,7,24,"US","Angelica atropurpurea"
3302226490,"Angelica atropurpurea",-89.871773,42.954338,2021,6,8,"US","Angelica atropurpurea"
2803036249,"Angelica atropurpurea",-89.671567,42.957512,2020,6,24,"US","Angelica atropurpurea"
3302258474,"Angelica atropurpurea",-88.125818,42.946115,2021,6,7,"US","Angelica atropurpurea"
2634412107,"Angelica atropurpurea",-88.035578,42.925045,2020,5,28,"US","Angelica atropurpurea"
3307525349,"Angelica atropurpurea",-81.63818,42.956148,2021,6,14,"CA","Angelica atropurpurea"
3314158651,"Angelica atropurpurea",-80.328078,42.954463,2021,6,18,"CA","Angelica atropurpurea"
3455234434,"Angelica atropurpurea",-78.11882,42.878533,2020,6,20,"US","Angelica atropurpurea"
1563445085,"Angelica atropurpurea",-88.628951,42.845751,2017,5,21,"US","Angelica atropurpurea"
1880594043,"Angelica atropurpurea",-88.452501,42.836308,2018,6,25,"US","Angelica atropurpurea"
2283055064,"Angelica atropurpurea",-72.863905,42.8723,2019,6,28,"US","Angelica atropurpurea"
2244265860,"Angelica atropurpurea",-88.671686,42.796688,2019,5,17,"US","Angelica atropurpurea"
2273283076,"Angelica atropurpurea",-88.462819,42.832056,2019,6,22,"US","Angelica atropurpurea"
3385137719,"Angelica atropurpurea",-88.437858,42.812752,2021,9,25,"US","Angelica atropurpurea"
3321241339,"Angelica atropurpurea",-84.379663,42.828647,2021,6,29,"US","Angelica atropurpurea"
1621769573,"Angelica atropurpurea",-83.07732,42.818383,2015,7,25,"US","Angelica atropurpurea"
2283113531,"Angelica atropurpurea",-76.103561,42.795442,2019,7,1,"US","Angelica atropurpurea"
3112373483,"Angelica atropurpurea",-89.295313,42.755421,2021,4,28,"US","Angelica atropurpurea"
1571101698,"Angelica atropurpurea",-88.701541,42.785501,2017,6,5,"US","Angelica atropurpurea"
3307356265,"Angelica atropurpurea",-84.657615,42.76126,2021,6,17,"US","Angelica atropurpurea"
3307259781,"Angelica atropurpurea",-82.92972,42.766083,2021,6,12,"US","Angelica atropurpurea"
2028463169,"Angelica atropurpurea",-81.834676,42.791444,2019,3,16,"CA","Angelica atropurpurea"
2999052323,"Angelica atropurpurea",-81.82738,42.78892,2019,6,10,"CA","Angelica atropurpurea"
1883490075,"Angelica atropurpurea",-81.440569,42.771115,2018,7,9,"CA","Angelica atropurpurea"
2999127486,"Angelica atropurpurea",-80.271622,42.774004,2020,9,9,"CA","Angelica atropurpurea"
2864668473,"Angelica atropurpurea",-74.866988,42.787572,2020,9,14,"US","Angelica atropurpurea"
1132410457,"Angelica atropurpurea",-73.797741,42.78759,2008,6,7,"US","Angelica atropurpurea"
2634573765,"Angelica atropurpurea",-89.402493,42.730596,2020,5,31,"US","Angelica atropurpurea"
2006102476,"Angelica atropurpurea",-81.975625,42.709041,2017,5,31,"CA","Angelica atropurpurea"
3759360654,"Angelica atropurpurea",-80.317881,42.726665,2022,4,18,"CA","Angelica atropurpurea"
2626205284,"Angelica atropurpurea",-73.186356,42.745656,2020,5,19,"US","Angelica atropurpurea"
1030486449,"Angelica atropurpurea",-84.49,42.691944,2005,6,30,"US","Angelica atropurpurea"
2283074959,"Angelica atropurpurea",-84.382175,42.694074,2019,6,29,"US","Angelica atropurpurea"
1848805374,"Angelica atropurpurea",-89.130285,42.626666,2018,5,28,"US","Angelica atropurpurea"
2802865302,"Angelica atropurpurea",-88.541294,42.587537,2020,6,25,"US","Angelica atropurpurea"
2814286678,"Angelica atropurpurea",-85.413121,42.590277,2020,7,5,"US","Angelica atropurpurea"
2283032376,"Angelica atropurpurea",-77.147666,42.598879,2019,6,15,"US","Angelica atropurpurea"
2802770169,"Angelica atropurpurea",-88.583887,42.542837,2020,6,7,"US","Angelica atropurpurea"
3067906893,"Angelica atropurpurea",-85.297372,42.541875,2020,6,5,"US","Angelica atropurpurea"
3325790485,"Angelica atropurpurea",-78.881655,42.574723,2021,6,20,"US","Angelica atropurpurea"
1453269294,"Angelica atropurpurea",-78.402166,42.546689,2016,6,21,"US","Angelica atropurpurea"
2634124728,"Angelica atropurpurea",-89.193242,42.528687,2020,5,31,"US","Angelica atropurpurea"
3327740821,"Angelica atropurpurea",-89.157379,42.504669,2021,7,8,"US","Angelica atropurpurea"
1847491534,"Angelica atropurpurea",-87.808502,42.507954,2018,5,10,"US","Angelica atropurpurea"
3301959171,"Angelica atropurpurea",-85.29681,42.534639,2021,5,31,"US","Angelica atropurpurea"
1986823280,"Angelica atropurpurea",-83.8711,42.5348,2012,6,15,"US","Angelica atropurpurea"
2283024479,"Angelica atropurpurea",-76.547988,42.540496,2019,6,3,"US","Angelica atropurpurea"
3355052318,"Angelica atropurpurea",-76.335197,42.515731,2018,6,23,"US","Angelica atropurpurea"
3772642588,"Angelica atropurpurea",-76.30863,42.5262,2022,5,11,"US","Angelica atropurpurea"
2814102638,"Angelica atropurpurea",-76.094894,42.5335,2020,6,28,"US","Angelica atropurpurea"
3031670630,"Angelica atropurpurea",-89.156342,42.487956,2020,4,17,"US","Angelica atropurpurea"
2850558769,"Angelica atropurpurea",-88.515023,42.470133,2020,7,17,"US","Angelica atropurpurea"
3408232171,"Angelica atropurpurea",-88.18976,42.49295,2021,10,23,"US","Angelica atropurpurea"
2641317699,"Angelica atropurpurea",-87.807403,42.493309,2020,6,4,"US","Angelica atropurpurea"
1989466759,"Angelica atropurpurea",-85.8367,42.4921,2016,5,30,"US","Angelica atropurpurea"
3764226687,"Angelica atropurpurea",-78.774545,42.460303,2022,4,23,"US","Angelica atropurpurea"
3314160559,"Angelica atropurpurea",-76.501137,42.463852,2021,6,11,"US","Angelica atropurpurea"
2802628948,"Angelica atropurpurea",-76.402374,42.477122,2020,6,15,"US","Angelica atropurpurea"
3384633213,"Angelica atropurpurea",-75.81664,42.465187,2016,7,2,"US","Angelica atropurpurea"
1935598737,"Angelica atropurpurea",-74.960337,42.487302,2016,7,2,"US","Angelica atropurpurea"
3455228250,"Angelica atropurpurea",-90.050405,42.445661,2021,4,28,"US","Angelica atropurpurea"
2988288497,"Angelica atropurpurea",-89.117011,42.457712,2020,5,30,"US","Angelica atropurpurea"
3455252757,"Angelica atropurpurea",-89.013185,42.428143,2020,4,26,"US","Angelica atropurpurea"
3113678366,"Angelica atropurpurea",-88.343903,42.41882,2021,5,9,"US","Angelica atropurpurea"
2999114179,"Angelica atropurpurea",-88.193224,42.442469,2020,12,10,"US","Angelica atropurpurea"
2574077028,"Angelica atropurpurea",-76.474842,42.44997,2019,6,15,"US","Angelica atropurpurea"
3070305992,"Angelica atropurpurea",-73.11322,42.430881,2020,6,22,"US","Angelica atropurpurea"
2603405423,"Angelica atropurpurea",-87.910009,42.384533,2020,4,10,"US","Angelica atropurpurea"
1831205962,"Angelica atropurpurea",-85.360906,42.403616,2018,2,18,"US","Angelica atropurpurea"
1572389894,"Angelica atropurpurea",-83.910879,42.386645,2017,7,10,"US","Angelica atropurpurea"
3337986591,"Angelica atropurpurea",-79.438246,42.389249,2021,7,31,"US","Angelica atropurpurea"
2802675290,"Angelica atropurpurea",-76.373037,42.38836,2020,6,17,"US","Angelica atropurpurea"
3327986227,"Angelica atropurpurea",-76.190941,42.415915,2021,7,12,"US","Angelica atropurpurea"
1986549211,"Angelica atropurpurea",-75.96541,42.394147,2018,6,19,"US","Angelica atropurpurea"
2818575206,"Angelica atropurpurea",-75.957504,42.397152,2020,7,13,"US","Angelica atropurpurea"
3455581637,"Angelica atropurpurea",-72.839817,42.391736,2021,6,28,"US","Angelica atropurpurea"
2634558105,"Angelica atropurpurea",-89.236043,42.352929,2020,5,30,"US","Angelica atropurpurea"
3455279709,"Angelica atropurpurea",-88.965511,42.352011,2020,7,13,"US","Angelica atropurpurea"
2242878081,"Angelica atropurpurea",-88.846863,42.371387,2019,5,6,"US","Angelica atropurpurea"
2242893588,"Angelica atropurpurea",-88.798213,42.371633,2019,5,7,"US","Angelica atropurpurea"
3112476139,"Angelica atropurpurea",-88.78363,42.353378,2021,5,3,"US","Angelica atropurpurea"
1640106615,"Angelica atropurpurea",-87.83793,42.3515,2017,6,15,"US","Angelica atropurpurea"
1890703580,"Angelica atropurpurea",-85.58605,42.364516,2018,6,25,"US","Angelica atropurpurea"
1880549534,"Angelica atropurpurea",-73.624965,42.337507,2018,6,23,"US","Angelica atropurpurea"
3772445911,"Angelica atropurpurea",-89.163104,42.309469,2022,4,29,"US","Angelica atropurpurea"
3327772042,"Angelica atropurpurea",-88.968261,42.326626,2021,7,11,"US","Angelica atropurpurea"
2634106413,"Angelica atropurpurea",-88.340456,42.325056,2020,5,29,"US","Angelica atropurpurea"
3113363415,"Angelica atropurpurea",-88.233575,42.317603,2021,5,8,"US","Angelica atropurpurea"
2331843435,"Angelica atropurpurea",-85.539313,42.322205,2019,7,23,"US","Angelica atropurpurea"
1890668607,"Angelica atropurpurea",-85.325706,42.302418,2018,6,26,"US","Angelica atropurpurea"
1562961740,"Angelica atropurpurea",-83.662986,42.302229,2017,5,18,"US","Angelica atropurpurea"
3456462257,"Angelica atropurpurea",-73.475538,42.308267,2021,10,1,"US","Angelica atropurpurea"
3333247702,"Angelica atropurpurea",-88.907767,42.257254,2021,7,22,"US","Angelica atropurpurea"
3302278825,"Angelica atropurpurea",-88.344939,42.290544,2021,6,4,"US","Angelica atropurpurea"
3455982530,"Angelica atropurpurea",-88.30722,42.263428,2019,4,23,"US","Angelica atropurpurea"
2445039443,"Angelica atropurpurea",-83.705661,42.277796,2019,7,21,"US","Angelica atropurpurea"
1802628261,"Angelica atropurpurea",-83.010277,42.275264,2017,7,31,"CA","Angelica atropurpurea"
3337699217,"Angelica atropurpurea",-79.56172,42.27656,2021,8,9,"US","Angelica atropurpurea"
3455188095,"Angelica atropurpurea",-89.203698,42.209049,2021,5,26,"US","Angelica atropurpurea"
3456310189,"Angelica atropurpurea",-88.922378,42.24708,2021,4,30,"US","Angelica atropurpurea"
3385121777,"Angelica atropurpurea",-88.219286,42.24517,2021,9,21,"US","Angelica atropurpurea"
3320889492,"Angelica atropurpurea",-88.206392,42.227683,2021,5,31,"US","Angelica atropurpurea"
923918920,"Angelica atropurpurea",-85.454838,42.208675,2014,6,18,"US","Angelica atropurpurea"
2273248435,"Angelica atropurpurea",-76.181546,42.237222,2019,6,22,"US","Angelica atropurpurea"
3773628939,"Angelica atropurpurea",-73.50741,42.228518,2022,5,7,"US","Angelica atropurpurea"
3031959630,"Angelica atropurpurea",-89.201401,42.208314,2020,3,16,"US","Angelica atropurpurea"
3773379770,"Angelica atropurpurea",-88.965058,42.199555,2022,4,29,"US","Angelica atropurpurea"
3455460444,"Angelica atropurpurea",-88.94902,42.199276,2021,5,21,"US","Angelica atropurpurea"
3743394340,"Angelica atropurpurea",-88.295463,42.167655,2022,3,16,"US","Angelica atropurpurea"
3301792550,"Angelica atropurpurea",-88.123292,42.198838,2021,5,31,"US","Angelica atropurpurea"
2634302698,"Angelica atropurpurea",-88.013095,42.189955,2020,5,26,"US","Angelica atropurpurea"
2429210527,"Angelica atropurpurea",-84.419678,42.173288,2019,6,15,"US","Angelica atropurpurea"
2273204925,"Angelica atropurpurea",-79.03465,42.18465,2019,4,23,"US","Angelica atropurpurea"
3302019493,"Angelica atropurpurea",-89.093273,42.165849,2021,4,16,"US","Angelica atropurpurea"
2242876408,"Angelica atropurpurea",-88.937336,42.137885,2019,5,6,"US","Angelica atropurpurea"
3772684293,"Angelica atropurpurea",-88.802689,42.125826,2022,5,1,"US","Angelica atropurpurea"
3455760199,"Angelica atropurpurea",-88.616294,42.149087,2021,4,21,"US","Angelica atropurpurea"
3455219638,"Angelica atropurpurea",-88.340477,42.126873,2020,8,19,"US","Angelica atropurpurea"
3456177976,"Angelica atropurpurea",-88.281601,42.134798,2020,6,14,"US","Angelica atropurpurea"
2980838570,"Angelica atropurpurea",-88.221473,42.150351,2020,10,21,"US","Angelica atropurpurea"
3337581613,"Angelica atropurpurea",-87.982945,42.158705,2021,6,25,"US","Angelica atropurpurea"
2237504701,"Angelica atropurpurea",-87.79441,42.147606,2019,4,23,"US","Angelica atropurpurea"
1990443273,"Angelica atropurpurea",-87.786117,42.143289,2018,6,15,"US","Angelica atropurpurea"
1640040433,"Angelica atropurpurea",-86.380734,42.16054,2017,7,6,"US","Angelica atropurpurea"
3061566328,"Angelica atropurpurea",-85.7342,42.137783,2010,5,17,"US","Angelica atropurpurea"
1986828496,"Angelica atropurpurea",-84.13116,42.14895,2013,8,16,"US","Angelica atropurpurea"
1836609749,"Angelica atropurpurea",-84.050817,42.15282,2017,7,8,"US","Angelica atropurpurea"
1453090634,"Angelica atropurpurea",-78.701298,42.154024,2016,5,31,"US","Angelica atropurpurea"
3456594311,"Angelica atropurpurea",-74.294297,42.165745,2020,9,12,"US","Angelica atropurpurea"
3456005690,"Angelica atropurpurea",-88.865897,42.10351,2020,4,28,"US","Angelica atropurpurea"
3302070620,"Angelica atropurpurea",-88.794022,42.100236,2021,5,15,"US","Angelica atropurpurea"
3044563816,"Angelica atropurpurea",-88.304283,42.120003,2021,1,14,"US","Angelica atropurpurea"
2633963765,"Angelica atropurpurea",-88.200084,42.120286,2020,5,21,"US","Angelica atropurpurea"
1978880252,"Angelica atropurpurea",-84.46053,42.08426,2014,5,26,"US","Angelica atropurpurea"
1986840764,"Angelica atropurpurea",-84.45736,42.08943,2014,7,18,"US","Angelica atropurpurea"
1978879878,"Angelica atropurpurea",-84.17533,42.12142,2012,8,6,"US","Angelica atropurpurea"
1883466389,"Angelica atropurpurea",-84.11933,42.093375,2018,6,24,"US","Angelica atropurpurea"
3335094453,"Angelica atropurpurea",-73.54908,42.092898,2021,6,11,"US","Angelica atropurpurea"
2265850450,"Angelica atropurpurea",-88.328653,42.056908,2019,6,9,"US","Angelica atropurpurea"
3764492294,"Angelica atropurpurea",-88.267417,42.065467,2022,4,21,"US","Angelica atropurpurea"
2803139445,"Angelica atropurpurea",-88.198066,42.058674,2020,6,24,"US","Angelica atropurpurea"
3456326748,"Angelica atropurpurea",-78.86665,42.06194,2021,12,31,"US","Angelica atropurpurea"
3058930579,"Angelica atropurpurea",-73.350928,42.057547,2020,9,4,"US","Angelica atropurpurea"
3301958493,"Angelica atropurpurea",-88.3854,42.000836,2021,5,14,"US","Angelica atropurpurea"
2873772379,"Angelica atropurpurea",-88.321995,42.010229,2020,6,11,"US","Angelica atropurpurea"
3302383391,"Angelica atropurpurea",-88.256168,42.014708,2021,6,6,"US","Angelica atropurpurea"
2283055403,"Angelica atropurpurea",-88.221576,42.010078,2019,6,28,"US","Angelica atropurpurea"
2898427429,"Angelica atropurpurea",-74.734497,42.015651,2020,7,25,"US","Angelica atropurpurea"
1890080624,"Angelica atropurpurea",-89.55733,41.991932,2018,7,31,"US","Angelica atropurpurea"
3455783252,"Angelica atropurpurea",-89.431892,41.960638,2021,6,9,"US","Angelica atropurpurea"
2634478852,"Angelica atropurpurea",-88.397381,41.980519,2020,6,1,"US","Angelica atropurpurea"
1986842497,"Angelica atropurpurea",-83.94215,41.98008,2013,5,29,"US","Angelica atropurpurea"
3456887108,"Angelica atropurpurea",-73.344342,41.992378,2017,6,3,"US","Angelica atropurpurea"
1850932402,"Angelica atropurpurea",-89.31634,41.923975,2018,6,7,"US","Angelica atropurpurea"
3456624692,"Angelica atropurpurea",-88.773369,41.94788,2021,7,10,"US","Angelica atropurpurea"
2802634607,"Angelica atropurpurea",-88.401531,41.949607,2020,6,19,"US","Angelica atropurpurea"
3314222437,"Angelica atropurpurea",-88.345832,41.930834,2021,5,9,"US","Angelica atropurpurea"
3307304624,"Angelica atropurpurea",-88.321251,41.930478,2021,6,15,"US","Angelica atropurpurea"
1880654954,"Angelica atropurpurea",-87.69413,41.95758,2018,7,1,"US","Angelica atropurpurea"
3112299612,"Angelica atropurpurea",-87.631463,41.917974,2021,4,30,"US","Angelica atropurpurea"
2269273892,"Angelica atropurpurea",-86.309327,41.932466,2019,6,15,"US","Angelica atropurpurea"
1883911390,"Angelica atropurpurea",-86.247315,41.935157,2018,6,5,"US","Angelica atropurpurea"
2859222473,"Angelica atropurpurea",-75.446782,41.945359,2016,7,27,"US","Angelica atropurpurea"
3456002292,"Angelica atropurpurea",-75.310333,41.949203,2021,6,12,"US","Angelica atropurpurea"
3415911683,"Angelica atropurpurea",-74.551497,41.955508,2021,6,23,"US","Angelica atropurpurea"
3117769513,"Angelica atropurpurea",-89.356475,41.884317,2021,5,6,"US","Angelica atropurpurea"
3455351325,"Angelica atropurpurea",-89.333148,41.907772,2021,5,9,"US","Angelica atropurpurea"
1571193821,"Angelica atropurpurea",-88.66732,41.879447,2017,6,27,"US","Angelica atropurpurea"
2283102997,"Angelica atropurpurea",-88.598503,41.899497,2019,6,30,"US","Angelica atropurpurea"
1586924190,"Angelica atropurpurea",-88.379662,41.910713,2017,7,29,"US","Angelica atropurpurea"
3301938813,"Angelica atropurpurea",-88.371825,41.912803,2021,6,1,"US","Angelica atropurpurea"
3455209183,"Angelica atropurpurea",-88.078026,41.891552,2021,5,21,"US","Angelica atropurpurea"
1890047506,"Angelica atropurpurea",-83.986732,41.879277,2018,7,1,"US","Angelica atropurpurea"
1850977175,"Angelica atropurpurea",-89.354698,41.859264,2018,6,13,"US","Angelica atropurpurea"
2283237215,"Angelica atropurpurea",-89.308145,41.840983,2019,7,8,"US","Angelica atropurpurea"
2611206262,"Angelica atropurpurea",-88.458942,41.836963,2020,4,24,"US","Angelica atropurpurea"
3301964531,"Angelica atropurpurea",-88.393482,41.835886,2021,5,30,"US","Angelica atropurpurea"
2609111784,"Angelica atropurpurea",-88.189208,41.868514,2020,4,18,"US","Angelica atropurpurea"
415946905,"Angelica atropurpurea",-72.00835,41.86059,2003,6,19,"US","Angelica atropurpurea"
1038921781,"Angelica atropurpurea",-71.9833,41.8669,2003,6,19,"US","Angelica atropurpurea"
2634449064,"Angelica atropurpurea",-90.135221,41.82771,2020,6,2,"US","Angelica atropurpurea"
3097161392,"Angelica atropurpurea",-88.73145,41.830224,2020,5,24,"US","Angelica atropurpurea"
1562955520,"Angelica atropurpurea",-88.493782,41.830666,2017,5,18,"US","Angelica atropurpurea"
2611331126,"Angelica atropurpurea",-88.387458,41.831192,2019,6,16,"US","Angelica atropurpurea"
3302004669,"Angelica atropurpurea",-88.178211,41.804424,2021,5,31,"US","Angelica atropurpurea"
3455974613,"Angelica atropurpurea",-88.093736,41.813778,2021,6,12,"US","Angelica atropurpurea"
3466073080,"Angelica atropurpurea",-88.067931,41.815684,2020,10,7,"US","Angelica atropurpurea"
3455472700,"Angelica atropurpurea",-87.967242,41.808803,2021,6,25,"US","Angelica atropurpurea"
1986591283,"Angelica atropurpurea",-86.383281,41.827835,2018,6,5,"US","Angelica atropurpurea"
1702477522,"Angelica atropurpurea",-79.995049,41.798828,2017,6,12,"US","Angelica atropurpurea"
3031826464,"Angelica atropurpurea",-73.52489,41.804758,2019,6,12,"US","Angelica atropurpurea"
2251976624,"Angelica atropurpurea",-88.42659,41.776512,2019,5,30,"US","Angelica atropurpurea"
3061563841,"Angelica atropurpurea",-87.929071,41.778866,2021,3,14,"US","Angelica atropurpurea"
2251843321,"Angelica atropurpurea",-87.86298,41.774425,2019,5,3,"US","Angelica atropurpurea"
2269285472,"Angelica atropurpurea",-87.582732,41.781661,2019,6,17,"US","Angelica atropurpurea"
3328002656,"Angelica atropurpurea",-74.385138,41.767078,2021,6,22,"US","Angelica atropurpurea"
2641353362,"Angelica atropurpurea",-74.0891,41.754594,2019,6,9,"US","Angelica atropurpurea"
1580490881,"Angelica atropurpurea",-88.541699,41.743627,2017,7,13,"US","Angelica atropurpurea"
3455450555,"Angelica atropurpurea",-88.521977,41.738612,2020,5,29,"US","Angelica atropurpurea"
3061658903,"Angelica atropurpurea",-87.811056,41.744477,2021,3,14,"US","Angelica atropurpurea"
3314557496,"Angelica atropurpurea",-88.737196,41.675482,2021,6,24,"US","Angelica atropurpurea"
1500353389,"Angelica atropurpurea",-88.626562,41.689159,2017,5,4,"US","Angelica atropurpurea"
1562957070,"Angelica atropurpurea",-87.560178,41.671545,2017,5,19,"US","Angelica atropurpurea"
3773121679,"Angelica atropurpurea",-88.525138,41.661646,2022,5,1,"US","Angelica atropurpurea"
3325691400,"Angelica atropurpurea",-87.560425,41.654245,2021,5,22,"US","Angelica atropurpurea"
3320925367,"Angelica atropurpurea",-87.086586,41.642667,2020,6,4,"US","Angelica atropurpurea"
2634362669,"Angelica atropurpurea",-88.561188,41.621328,2020,5,8,"US","Angelica atropurpurea"
3330773486,"Angelica atropurpurea",-87.486471,41.616872,2021,6,24,"US","Angelica atropurpurea"
2634380626,"Angelica atropurpurea",-87.04193,41.584774,2020,5,25,"US","Angelica atropurpurea"
2641418848,"Angelica atropurpurea",-88.077567,41.579503,2020,6,6,"US","Angelica atropurpurea"
1270048651,"Angelica atropurpurea",-88.023966,41.549431,2016,5,27,"US","Angelica atropurpurea"
3333039219,"Angelica atropurpurea",-87.420827,41.555462,2021,7,21,"US","Angelica atropurpurea"
2576436928,"Angelica atropurpurea",-87.279791,41.558927,2019,6,24,"US","Angelica atropurpurea"
3320974384,"Angelica atropurpurea",-86.349617,41.552543,2021,6,20,"US","Angelica atropurpurea"
2252058563,"Angelica atropurpurea",-88.179418,41.504943,2019,6,4,"US","Angelica atropurpurea"
1571101720,"Angelica atropurpurea",-88.027654,41.532476,2017,6,6,"US","Angelica atropurpurea"
3337406540,"Angelica atropurpurea",-87.960281,41.514027,2021,6,10,"US","Angelica atropurpurea"
2238876295,"Angelica atropurpurea",-87.922796,41.514997,2019,4,26,"US","Angelica atropurpurea"
3455995810,"Angelica atropurpurea",-87.904857,41.522803,2020,6,15,"US","Angelica atropurpurea"
3743261653,"Angelica atropurpurea",-90.155083,41.480828,2022,3,12,"US","Angelica atropurpurea"
2859483543,"Angelica atropurpurea",-78.061784,41.490947,2007,5,31,"US","Angelica atropurpurea"
3307339731,"Angelica atropurpurea",-81.422567,41.4244,2021,6,11,"US","Angelica atropurpurea"
1291080053,"Angelica atropurpurea",-81.302786,41.454469,2016,6,7,"US","Angelica atropurpurea"
3466106561,"Angelica atropurpurea",-81.174225,41.425255,2021,7,5,"US","Angelica atropurpurea"
3466147568,"Angelica atropurpurea",-81.161774,41.434059,2021,5,23,"US","Angelica atropurpurea"
3118401305,"Angelica atropurpurea",-81.629307,41.390887,2016,5,21,"US","Angelica atropurpurea"
3466010616,"Angelica atropurpurea",-81.36412,41.412039,2021,5,31,"US","Angelica atropurpurea"
3064121382,"Angelica atropurpurea",-77.351038,41.386567,2017,7,20,"US","Angelica atropurpurea"
3321086494,"Angelica atropurpurea",-88.182172,41.374518,2021,6,7,"US","Angelica atropurpurea"
3090579779,"Angelica atropurpurea",-86.432582,41.345123,2020,7,9,"US","Angelica atropurpurea"
1931474165,"Angelica atropurpurea",-88.700172,41.319802,2018,5,23,"US","Angelica atropurpurea"
3466238446,"Angelica atropurpurea",-81.591904,41.321478,2020,6,16,"US","Angelica atropurpurea"
3759903933,"Angelica atropurpurea",-81.567863,41.310256,2021,9,3,"US","Angelica atropurpurea"
3044943890,"Angelica atropurpurea",-81.469506,41.332663,2013,9,7,"US","Angelica atropurpurea"
3466027441,"Angelica atropurpurea",-81.067186,41.291672,2020,6,6,"US","Angelica atropurpurea"
3466305584,"Angelica atropurpurea",-81.633589,41.25872,2021,6,4,"US","Angelica atropurpurea"
2988335541,"Angelica atropurpurea",-81.506738,41.254592,2020,6,28,"US","Angelica atropurpurea"
3466043642,"Angelica atropurpurea",-81.123367,41.283684,2021,6,9,"US","Angelica atropurpurea"
1457624068,"Angelica atropurpurea",-89.402983,41.23879,2017,4,8,"US","Angelica atropurpurea"
3455281833,"Angelica atropurpurea",-89.321651,41.215114,2020,6,7,"US","Angelica atropurpurea"
3067886589,"Angelica atropurpurea",-81.708725,41.217194,2019,6,30,"US","Angelica atropurpurea"
1703130803,"Angelica atropurpurea",-81.478354,41.208671,2017,5,28,"US","Angelica atropurpurea"
2901586415,"Angelica atropurpurea",-81.367067,41.212606,2020,6,15,"US","Angelica atropurpurea"
1088976160,"Angelica atropurpurea",-74.555116,41.231262,2015,5,10,"US","Angelica atropurpurea"
3466117653,"Angelica atropurpurea",-74.471538,41.232863,2021,5,31,"US","Angelica atropurpurea"
3302159946,"Angelica atropurpurea",-81.69683,41.190674,2021,6,4,"US","Angelica atropurpurea"
2803125466,"Angelica atropurpurea",-81.575589,41.190378,2020,6,13,"US","Angelica atropurpurea"
1802608421,"Angelica atropurpurea",-81.366888,41.206087,2016,6,3,"US","Angelica atropurpurea"
3097078305,"Angelica atropurpurea",-74.567276,41.202386,2016,5,13,"US","Angelica atropurpurea"
923915465,"Angelica atropurpurea",-81.823119,41.144089,2014,6,13,"US","Angelica atropurpurea"
1099963973,"Angelica atropurpurea",-81.562143,41.139709,2015,6,24,"US","Angelica atropurpurea"
2573963899,"Angelica atropurpurea",-81.92045,41.113798,2019,5,28,"US","Angelica atropurpurea"
1702456945,"Angelica atropurpurea",-81.365862,41.118935,2017,6,9,"US","Angelica atropurpurea"
3302237630,"Angelica atropurpurea",-74.962588,41.101585,2021,5,24,"US","Angelica atropurpurea"
415944407,"Angelica atropurpurea",-74.74611,41.1175,2000,6,23,"US","Angelica atropurpurea"
3097259891,"Angelica atropurpurea",-74.603365,41.118235,2021,4,17,"US","Angelica atropurpurea"
2005262290,"Angelica atropurpurea",-82.275473,41.070943,2018,7,6,"US","Angelica atropurpurea"
1122959127,"Angelica atropurpurea",-81.609388,41.065736,2015,7,4,"US","Angelica atropurpurea"
3764344958,"Angelica atropurpurea",-74.607859,41.042358,2022,4,25,"US","Angelica atropurpurea"
3465964446,"Angelica atropurpurea",-81.5181,41.017302,2021,4,28,"US","Angelica atropurpurea"
1850935761,"Angelica atropurpurea",-81.493867,41.007286,2018,6,7,"US","Angelica atropurpurea"
3455557705,"Angelica atropurpurea",-77.645021,41.022619,2021,6,28,"US","Angelica atropurpurea"
2429192152,"Angelica atropurpurea",-74.871011,41.034208,2018,6,3,"US","Angelica atropurpurea"
3466138304,"Angelica atropurpurea",-81.451577,40.969558,2016,10,7,"US","Angelica atropurpurea"
3760401323,"Angelica atropurpurea",-80.702103,40.989704,2022,4,9,"US","Angelica atropurpurea"
1571131992,"Angelica atropurpurea",-81.526953,40.927481,2017,6,12,"US","Angelica atropurpurea"
3465931557,"Angelica atropurpurea",-81.447593,40.946182,2020,11,12,"US","Angelica atropurpurea"
2999213527,"Angelica atropurpurea",-73.89156,40.884744,2020,9,22,"US","Angelica atropurpurea"
2850649540,"Angelica atropurpurea",-73.880929,40.863691,2020,8,6,"US","Angelica atropurpurea"
3097079416,"Angelica atropurpurea",-81.569501,40.803821,2020,6,12,"US","Angelica atropurpurea"
3456797369,"Angelica atropurpurea",-77.835945,40.814569,2021,7,3,"US","Angelica atropurpurea"
3455278200,"Angelica atropurpurea",-74.550538,40.744155,2021,8,14,"US","Angelica atropurpurea"
3355052543,"Angelica atropurpurea",-74.290791,40.73998,2021,6,13,"US","Angelica atropurpurea"
2265822354,"Angelica atropurpurea",-73.854947,40.699012,2019,6,7,"US","Angelica atropurpurea"
2814143586,"Angelica atropurpurea",-86.85795,40.51543,2020,6,4,"US","Angelica atropurpurea"
3465960735,"Angelica atropurpurea",-75.859627,40.500883,2021,7,31,"US","Angelica atropurpurea"
3321070359,"Angelica atropurpurea",-82.912986,40.359772,2020,6,20,"US","Angelica atropurpurea"
3456227762,"Angelica atropurpurea",-87.783875,40.243368,2021,4,3,"US","Angelica atropurpurea"
1135356404,"Angelica atropurpurea",-87.749217,40.221731,2015,6,6,"US","Angelica atropurpurea"
3764176515,"Angelica atropurpurea",-87.560496,40.177268,2022,4,17,"US","Angelica atropurpurea"
3415464602,"Angelica atropurpurea",-85.379997,40.200001,2021,5,26,"US","Angelica atropurpurea"
3325839492,"Angelica atropurpurea",-82.473084,40.136549,2021,6,22,"US","Angelica atropurpurea"
3302462907,"Angelica atropurpurea",-82.544395,40.090925,2021,5,31,"US","Angelica atropurpurea"
2901678406,"Angelica atropurpurea",-84.652404,40.075319,2020,6,10,"US","Angelica atropurpurea"
1806326026,"Angelica atropurpurea",-83.792789,40.056869,2017,6,9,"US","Angelica atropurpurea"
2244271384,"Angelica atropurpurea",-82.569831,39.993737,2019,5,18,"US","Angelica atropurpurea"
2576359749,"Angelica atropurpurea",-86.065339,39.947997,2019,5,29,"US","Angelica atropurpurea"
1807273429,"Angelica atropurpurea",-84.288829,39.8833,2017,5,20,"US","Angelica atropurpurea"
3079812861,"Angelica atropurpurea",-86.202759,39.816795,2021,4,5,"US","Angelica atropurpurea"
3355195466,"Angelica atropurpurea",-84.921753,39.811124,2021,4,25,"US","Angelica atropurpurea"
3118317531,"Angelica atropurpurea",-83.853929,39.789213,2021,5,6,"US","Angelica atropurpurea"
1571166298,"Angelica atropurpurea",-82.659376,39.613286,2017,6,18,"US","Angelica atropurpurea"
1586147490,"Angelica atropurpurea",-82.460365,39.52385,2017,6,12,"US","Angelica atropurpurea"
