"gbifID","species","longitude","latitude","year","month","day","countryCode","accepted_name","mean"
2421769944,"Angelica lineariloba",-122.460556,38.578333,2006,5,7,"US","Angelica lineariloba",15.09255027771
2421778240,"Angelica lineariloba",-122.38761,38.50519,2007,5,25,"US","Angelica lineariloba",15.2973985671997
3051837314,"Angelica lineariloba",-119.07008,38.25064,2018,7,9,"US","Angelica lineariloba",4.28252410888672
2422520971,"Angelica lineariloba",-119.08522,38.23356,2017,7,22,"US","Angelica lineariloba",4.478187084198
1890695225,"Angelica lineariloba",-119.045232,38.235438,2018,7,16,"US","Angelica lineariloba",3.93913578987122
1838418297,"Angelica lineariloba",-119.366283,38.10425,2015,7,27,"US","Angelica lineariloba",1.37214052677155
1305171754,"Angelica lineariloba",-119.315904,38.091694,2016,8,16,"US","Angelica lineariloba",1.74051213264465
2898277422,"Angelica lineariloba",-119.373709,38.069064,2020,7,18,"US","Angelica lineariloba",0.982121467590332
3881583832,"Angelica lineariloba",-119.264687,38.0498,2022,7,29,"US","Angelica lineariloba",1.35378956794739
3966400489,"Angelica lineariloba",-119.220174,38.070537,2022,7,20,"US","Angelica lineariloba",2.80899858474731
1586104058,"Angelica lineariloba",-119.17091,38.077323,2017,7,25,"US","Angelica lineariloba",5.08749914169312
3889186867,"Angelica lineariloba",-119.261453,38.022126,2022,8,1,"US","Angelica lineariloba",1.97319579124451
3327707516,"Angelica lineariloba",-119.241847,38.0271,2021,6,22,"US","Angelica lineariloba",3.05082988739014
3966572386,"Angelica lineariloba",-119.237525,37.962638,2021,7,20,"US","Angelica lineariloba",1.19766116142273
3321058460,"Angelica lineariloba",-119.164169,37.972633,2021,6,30,"US","Angelica lineariloba",6.19421434402466
2850771937,"Angelica lineariloba",-119.231047,37.937214,2020,8,15,"US","Angelica lineariloba",1.9806592464447
3902387324,"Angelica lineariloba",-119.174828,37.933792,2022,8,2,"US","Angelica lineariloba",3.9219069480896
2576507093,"Angelica lineariloba",-118.939876,37.953393,2014,7,22,"US","Angelica lineariloba",8.62955951690674
2850611152,"Angelica lineariloba",-119.187363,37.903288,2020,8,2,"US","Angelica lineariloba",1.82304263114929
3873297210,"Angelica lineariloba",-119.004105,37.882827,2022,7,6,"US","Angelica lineariloba",7.53358507156372
2430193305,"Angelica lineariloba",-118.761733,37.88605,2001,6,4,"US","Angelica lineariloba",8.21039962768555
2823071120,"Angelica lineariloba",-119.07875,37.822825,2020,7,17,"US","Angelica lineariloba",6.90046548843384
2850674618,"Angelica lineariloba",-119.140289,37.753545,2020,7,31,"US","Angelica lineariloba",3.47558307647705
2430465442,"Angelica lineariloba",-118.89015,37.774267,2000,7,16,"US","Angelica lineariloba",6.82504653930664
3966519462,"Angelica lineariloba",-118.691082,37.773495,2022,7,7,"US","Angelica lineariloba",4.29817962646484
2430512539,"Angelica lineariloba",-118.628517,37.787167,2002,7,4,"US","Angelica lineariloba",5.30968046188354
3892472728,"Angelica lineariloba",-119.065514,37.741735,2022,8,4,"US","Angelica lineariloba",4.12219476699829
2826495630,"Angelica lineariloba",-119.022266,37.748841,2020,7,28,"US","Angelica lineariloba",5.67168092727661
1928111005,"Angelica lineariloba",-118.658733,37.72165,2000,7,24,"US","Angelica lineariloba",5.42076063156128
3859175414,"Angelica lineariloba",-117.795394,37.735103,2022,7,2,"US","Angelica lineariloba",7.60513782501221
3859017386,"Angelica lineariloba",-117.779858,37.712789,2022,7,1,"US","Angelica lineariloba",9.4735746383667
2422497943,"Angelica lineariloba",-119.06075,37.67275,2014,7,19,"US","Angelica lineariloba",4.2740044593811
3902371781,"Angelica lineariloba",-119.005767,37.622937,2022,8,10,"US","Angelica lineariloba",3.8534836769104
3889232428,"Angelica lineariloba",-118.991997,37.59902,2022,8,7,"US","Angelica lineariloba",3.76600980758667
3966375518,"Angelica lineariloba",-118.868823,37.586282,2022,8,20,"US","Angelica lineariloba",6.83908891677856
2850634253,"Angelica lineariloba",-118.691772,37.588945,2020,8,16,"US","Angelica lineariloba",8.14018440246582
1305130405,"Angelica lineariloba",-119.001975,37.58277,2016,8,7,"US","Angelica lineariloba",3.83869528770447
3337987881,"Angelica lineariloba",-118.984436,37.577531,2021,8,6,"US","Angelica lineariloba",2.06745743751526
3338085694,"Angelica lineariloba",-118.873235,37.575833,2021,8,7,"US","Angelica lineariloba",2.69707655906677
3873081582,"Angelica lineariloba",-118.801829,37.551467,2022,7,19,"US","Angelica lineariloba",4.15567207336426
1993712225,"Angelica lineariloba",-118.962572,37.524263,2015,7,4,"US","Angelica lineariloba",3.82157158851624
2859945840,"Angelica lineariloba",-118.940428,37.518964,2020,8,8,"US","Angelica lineariloba",1.73856914043427
3966583405,"Angelica lineariloba",-118.822519,37.536239,2021,10,1,"US","Angelica lineariloba",1.87889516353607
3873095588,"Angelica lineariloba",-118.745509,37.528412,2022,7,19,"US","Angelica lineariloba",3.16703152656555
3337627625,"Angelica lineariloba",-118.616932,37.513025,2021,8,6,"US","Angelica lineariloba",10.6415386199951
2311492401,"Angelica lineariloba",-118.176481,37.509688,2016,7,28,"US","Angelica lineariloba",2.38453888893127
3892464953,"Angelica lineariloba",-118.11423,37.5072,2022,7,12,"US","Angelica lineariloba",4.75936365127563
2580108912,"Angelica lineariloba",-118.717862,37.485688,2014,7,5,"US","Angelica lineariloba",2.64065957069397
3335582510,"Angelica lineariloba",-118.75243,37.427573,2021,7,27,"US","Angelica lineariloba",0.295476973056793
3966415506,"Angelica lineariloba",-118.739124,37.453311,2022,7,25,"US","Angelica lineariloba",1.26445400714874
1883936735,"Angelica lineariloba",-118.196706,37.433504,2018,7,13,"US","Angelica lineariloba",3.78830480575562
3902429955,"Angelica lineariloba",-118.134514,37.43522,2022,8,21,"US","Angelica lineariloba",4.67820739746094
2423046325,"Angelica lineariloba",-118.179573,37.39547,2019,8,23,"US","Angelica lineariloba",4.11893796920776
2859975470,"Angelica lineariloba",-118.72998,37.370722,2020,7,21,"US","Angelica lineariloba",1.13354325294495
3466000588,"Angelica lineariloba",-118.707624,37.365126,2021,5,30,"US","Angelica lineariloba",3.64989995956421
3966744462,"Angelica lineariloba",-118.183824,37.35599,2022,6,15,"US","Angelica lineariloba",6.18057107925415
3892348160,"Angelica lineariloba",-118.866867,37.270326,2012,7,1,"US","Angelica lineariloba",1.00548994541168
3892438072,"Angelica lineariloba",-118.65442,37.286838,2022,8,13,"US","Angelica lineariloba",1.34758973121643
2465106718,"Angelica lineariloba",-118.571194,37.275575,2019,6,5,"US","Angelica lineariloba",6.82671403884888
2611242346,"Angelica lineariloba",-118.485908,37.251533,2019,7,30,"US","Angelica lineariloba",6.34717130661011
3859728409,"Angelica lineariloba",-118.6382,37.218413,2022,6,26,"US","Angelica lineariloba",0.673872411251068
3889177253,"Angelica lineariloba",-118.609781,37.229328,2022,8,7,"US","Angelica lineariloba",3.52205729484558
3860470816,"Angelica lineariloba",-118.441444,37.221131,2021,7,3,"US","Angelica lineariloba",4.77446413040161
3354998597,"Angelica lineariloba",-118.615821,37.207018,2021,7,11,"US","Angelica lineariloba",1.13259983062744
3384231482,"Angelica lineariloba",-118.565984,37.189838,2021,9,25,"US","Angelica lineariloba",2.30742835998535
3892632971,"Angelica lineariloba",-118.419586,37.18085,2021,7,14,"US","Angelica lineariloba",3.13308048248291
3355009788,"Angelica lineariloba",-118.565415,37.163046,2021,7,30,"US","Angelica lineariloba",0.939114391803741
3892429687,"Angelica lineariloba",-118.487481,37.132453,2022,7,28,"US","Angelica lineariloba",1.00789153575897
3892446628,"Angelica lineariloba",-118.457406,37.136097,2022,7,28,"US","Angelica lineariloba",3.45036339759827
3873147190,"Angelica lineariloba",-118.443995,37.115239,2022,7,12,"US","Angelica lineariloba",1.58814632892609
3090845251,"Angelica lineariloba",-118.438744,36.943802,2020,8,28,"US","Angelica lineariloba",0.147278279066086
3873322449,"Angelica lineariloba",-118.497452,36.775015,2022,7,15,"US","Angelica lineariloba",3.79131388664246
3966636514,"Angelica lineariloba",-118.398139,36.755286,2022,8,9,"US","Angelica lineariloba",0.876173079013824
3892656698,"Angelica lineariloba",-118.339622,36.772769,2022,7,29,"US","Angelica lineariloba",1.72576940059662
3966379484,"Angelica lineariloba",-118.3189,36.778933,2022,6,25,"US","Angelica lineariloba",6.89803218841553
3124719956,"Angelica lineariloba",-118.286125,36.724133,2021,5,21,"US","Angelica lineariloba",10.5281677246094
3966630500,"Angelica lineariloba",-118.2489,36.585812,2022,7,25,"US","Angelica lineariloba",7.00981950759888
3860158886,"Angelica lineariloba",-118.250747,36.580745,2022,7,1,"US","Angelica lineariloba",-0.406783193349838
3892528064,"Angelica lineariloba",-118.247843,36.583123,2022,8,9,"US","Angelica lineariloba",2.40545606613159
3873400203,"Angelica lineariloba",-118.103644,36.485538,2022,7,2,"US","Angelica lineariloba",7.33073759078979
3966396392,"Angelica lineariloba",-118.592047,36.456317,2021,8,7,"US","Angelica lineariloba",3.70914745330811
2898524099,"Angelica lineariloba",-118.509042,36.434972,2019,8,16,"US","Angelica lineariloba",1.16799712181091
3966541497,"Angelica lineariloba",-118.65844,36.414412,2020,7,18,"US","Angelica lineariloba",3.68688535690308
3966386367,"Angelica lineariloba",-118.255383,36.362181,2021,6,29,"US","Angelica lineariloba",4.17082023620605
2826249817,"Angelica lineariloba",-118.092003,36.216919,2020,7,18,"US","Angelica lineariloba",5.10247182846069
2859933189,"Angelica lineariloba",-117.085358,36.178803,2020,8,31,"US","Angelica lineariloba",7.93199682235718
3966390323,"Angelica lineariloba",-117.078194,36.182125,2018,10,6,"US","Angelica lineariloba",9.78854084014893
3966743308,"Angelica lineariloba",-118.123978,36.078797,2018,5,13,"US","Angelica lineariloba",7.83698511123657
3966546480,"Angelica lineariloba",-118.254592,36.020572,2022,5,30,"US","Angelica lineariloba",6.32737493515015
3988029372,"Angelica lineariloba",-118.44764,35.90215,2020,5,27,"US","Angelica lineariloba",12.346321105957
3949988169,"Angelica lineariloba",-118.29318,35.90154,2021,7,16,"US","Angelica lineariloba",6.17961645126343
3966416348,"Angelica lineariloba",-118.32884,35.85927,2020,7,21,"US","Angelica lineariloba",6.758948802948
3979569401,"Angelica lineariloba",-118.27086,35.85664,2020,6,16,"US","Angelica lineariloba",7.99984645843506
3949990152,"Angelica lineariloba",-118.23766,35.87304,2021,7,8,"US","Angelica lineariloba",9.79334354400635
2270173758,"Angelica lineariloba",-118.058061,35.80625,2004,5,7,"US","Angelica lineariloba",11.8921871185303
3966651312,"Angelica lineariloba",-117.997498,35.737778,2019,6,8,"US","Angelica lineariloba",11.5843830108643
3860645108,"Angelica lineariloba",-118.42447,35.48508,2022,7,2,"US","Angelica lineariloba",10.0263004302979
3966732617,"Angelica lineariloba",-118.392894,35.444534,2014,6,22,"US","Angelica lineariloba",9.70278835296631
