"gbifID","species","longitude","latitude","year","month","day","countryCode","basisOfRecord","accepted_name"
4404964272,"Apium graveolens",-120.367814,39.589635,2001,7,13,"US","PRESERVED_SPECIMEN","Apium graveolens"
4061863923,"Apium graveolens",-90.40694,38.58504,2019,1,24,"US","PRESERVED_SPECIMEN","Apium graveolens"
4430915503,"Apium graveolens",-122.030481,38.216368,2023,6,16,"US","HUMAN_OBSERVATION","Apium graveolens"
3860158034,"Apium graveolens",-122.008406,38.193472,2022,6,17,"US","HUMAN_OBSERVATION","Apium graveolens"
4438691579,"Apium graveolens",-122.179183,38.144122,2023,11,4,"US","HUMAN_OBSERVATION","Apium graveolens"
4171718317,"Apium graveolens",-121.727539,38.009824,2017,10,21,"US","HUMAN_OBSERVATION","Apium graveolens"
3059705241,"Apium graveolens",-122.1217,37.9783,2004,7,9,"US","PRESERVED_SPECIMEN","Apium graveolens"
4430947990,"Apium graveolens",-121.730915,37.978832,2023,8,26,"US","HUMAN_OBSERVATION","Apium graveolens"
2611335574,"Apium graveolens",-121.967562,37.419093,2020,4,27,"US","HUMAN_OBSERVATION","Apium graveolens"
3468726593,"Apium graveolens",-122.137978,37.409172,2022,2,5,"US","HUMAN_OBSERVATION","Apium graveolens"
4516155955,"Apium graveolens",-121.938461,37.3901,2022,5,19,"US","HUMAN_OBSERVATION","Apium graveolens"
1929960802,"Apium graveolens",-113.566589,37.103444,2001,6,12,"US","PRESERVED_SPECIMEN","Apium graveolens"
2459169221,"Apium graveolens",-121.8221,36.5857,2015,6,25,"US","PRESERVED_SPECIMEN","Apium graveolens"
3091271454,"Apium graveolens",-111.8480306,36.392099,2005,9,5,"US","PRESERVED_SPECIMEN","Apium graveolens"
4433415919,"Apium graveolens",-117.53103,36.31412,2019,6,17,"US","PRESERVED_SPECIMEN","Apium graveolens"
3059710113,"Apium graveolens",-118.764979,36.197733,2008,5,29,"US","PRESERVED_SPECIMEN","Apium graveolens"
3764119529,"Apium graveolens",-121.316247,35.725508,2022,4,20,"US","HUMAN_OBSERVATION","Apium graveolens"
2610092147,"Apium graveolens",-117.916833,35.73325,2018,6,3,"US","PRESERVED_SPECIMEN","Apium graveolens"
2270173972,"Apium graveolens",-120.825689,35.358515,2013,8,22,"US","PRESERVED_SPECIMEN","Apium graveolens"
3091223122,"Apium graveolens",-114.415167,35.316167,2010,6,7,"US","PRESERVED_SPECIMEN","Apium graveolens"
2366037380,"Apium graveolens",-120.882492,35.288891,2019,8,11,"US","HUMAN_OBSERVATION","Apium graveolens"
3059709481,"Apium graveolens",-119.9344,35.26398,2008,6,16,"US","PRESERVED_SPECIMEN","Apium graveolens"
3329992241,"Apium graveolens",-120.646639,35.158916,2015,3,8,"US","PRESERVED_SPECIMEN","Apium graveolens"
2430133026,"Apium graveolens",-118.81137,35.13365,2014,9,7,"US","PRESERVED_SPECIMEN","Apium graveolens"
2422386223,"Apium graveolens",-120.62167,35.1,2003,8,18,"US","PRESERVED_SPECIMEN","Apium graveolens"
4421124306,"Apium graveolens",-118.805823,35.087652,2018,3,31,"US","HUMAN_OBSERVATION","Apium graveolens"
3953017764,"Apium graveolens",-106.519374,35.113313,2020,5,26,"US","HUMAN_OBSERVATION","Apium graveolens"
2422497511,"Apium graveolens",-118.76028,35.0747,2009,6,17,"US","PRESERVED_SPECIMEN","Apium graveolens"
2430067587,"Apium graveolens",-118.67095,35.045444,2014,5,21,"US","PRESERVED_SPECIMEN","Apium graveolens"
2634043246,"Apium graveolens",-120.616186,35.027902,2020,5,26,"US","HUMAN_OBSERVATION","Apium graveolens"
3747034621,"Apium graveolens",-119.182862,34.976147,2022,3,19,"US","HUMAN_OBSERVATION","Apium graveolens"
3059709433,"Apium graveolens",-119.128968,34.96035,2008,6,18,"US","PRESERVED_SPECIMEN","Apium graveolens"
3979568528,"Apium graveolens",-119.12431,34.96366,2018,5,23,"US","PRESERVED_SPECIMEN","Apium graveolens"
2270652263,"Apium graveolens",-112.208,34.8953,2000,8,26,"US","PRESERVED_SPECIMEN","Apium graveolens"
3053476339,"Apium graveolens",-119.123,34.852,2000,9,23,"US","PRESERVED_SPECIMEN","Apium graveolens"
4104082524,"Apium graveolens",-116.85,34.766667,2004,5,7,"US","PRESERVED_SPECIMEN","Apium graveolens"
2235426890,"Apium graveolens",-112.0111,34.75006,2014,5,13,"US","PRESERVED_SPECIMEN","Apium graveolens"
3091263900,"Apium graveolens",-111.91651,34.76399,2014,7,6,"US","PRESERVED_SPECIMEN","Apium graveolens"
3091267571,"Apium graveolens",-111.79857,34.46384,2003,5,6,"US","PRESERVED_SPECIMEN","Apium graveolens"
2850644387,"Apium graveolens",-119.741052,34.418374,2020,8,5,"US","HUMAN_OBSERVATION","Apium graveolens"
2422381902,"Apium graveolens",-118.62667,34.42,2002,6,20,"US","PRESERVED_SPECIMEN","Apium graveolens"
2422350008,"Apium graveolens",-118.67194,34.40028,2002,7,30,"US","PRESERVED_SPECIMEN","Apium graveolens"
3399301235,"Apium graveolens",-119.004883,34.356731,2018,7,18,"US","HUMAN_OBSERVATION","Apium graveolens"
3053454118,"Apium graveolens",-118.97305,34.3705,2015,5,6,"US","PRESERVED_SPECIMEN","Apium graveolens"
2422381473,"Apium graveolens",-118.67917,34.3725,2003,5,21,"US","PRESERVED_SPECIMEN","Apium graveolens"
2430401352,"Apium graveolens",-118.843333,34.291667,2011,5,9,"US","PRESERVED_SPECIMEN","Apium graveolens"
2974106386,"Apium graveolens",-118.726752,34.310424,2001,7,28,"US","PRESERVED_SPECIMEN","Apium graveolens"
3053444509,"Apium graveolens",-119.3082667,34.2769526,2000,8,28,"US","PRESERVED_SPECIMEN","Apium graveolens"
3053359197,"Apium graveolens",-118.7922,34.27845,2013,8,2,"US","PRESERVED_SPECIMEN","Apium graveolens"
3113398818,"Apium graveolens",-118.364445,34.266492,2021,5,12,"US","HUMAN_OBSERVATION","Apium graveolens"
4444162450,"Apium graveolens",-117.46464,34.26706,2017,7,25,"US","PRESERVED_SPECIMEN","Apium graveolens"
4417045616,"Apium graveolens",-119.264213,34.235083,2023,9,22,"US","HUMAN_OBSERVATION","Apium graveolens"
3743015793,"Apium graveolens",-119.191223,34.243393,2022,3,14,"US","HUMAN_OBSERVATION","Apium graveolens"
3406832124,"Apium graveolens",-118.9046108,34.2119443,2001,6,4,"US","PRESERVED_SPECIMEN","Apium graveolens"
1933546267,"Apium graveolens",-118.997683,34.20669,2018,10,19,"US","HUMAN_OBSERVATION","Apium graveolens"
3053480931,"Apium graveolens",-119.1788,34.1356,2015,5,27,"US","PRESERVED_SPECIMEN","Apium graveolens"
4121128604,"Apium graveolens",-119.112175,34.130917,2023,5,19,"US","HUMAN_OBSERVATION","Apium graveolens"
4162254825,"Apium graveolens",-119.158958,34.12482,2023,7,8,"US","HUMAN_OBSERVATION","Apium graveolens"
2826426405,"Apium graveolens",-118.755847,34.117036,2020,1,28,"US","HUMAN_OBSERVATION","Apium graveolens"
3892447216,"Apium graveolens",-118.711838,34.104004,2022,8,16,"US","HUMAN_OBSERVATION","Apium graveolens"
3902408295,"Apium graveolens",-118.24237,34.100239,2022,8,16,"US","HUMAN_OBSERVATION","Apium graveolens"
1850908430,"Apium graveolens",-118.356904,34.064149,2018,6,1,"US","HUMAN_OBSERVATION","Apium graveolens"
3053374306,"Apium graveolens",-120.0499,34.0158,2013,9,21,"US","PRESERVED_SPECIMEN","Apium graveolens"
2422323801,"Apium graveolens",-117.38111,34.00528,2000,6,24,"US","PRESERVED_SPECIMEN","Apium graveolens"
1500339748,"Apium graveolens",-119.670325,33.9845,2017,4,29,"US","HUMAN_OBSERVATION","Apium graveolens"
4506366180,"Apium graveolens",-119.66613,33.984067,2023,12,18,"US","HUMAN_OBSERVATION","Apium graveolens"
4438725257,"Apium graveolens",-117.417707,33.981695,2023,11,6,"US","HUMAN_OBSERVATION","Apium graveolens"
2422534352,"Apium graveolens",-117.31722,33.97028,2002,4,15,"US","PRESERVED_SPECIMEN","Apium graveolens"
2992834401,"Apium graveolens",-117.072569,33.966745,2019,10,18,"US","HUMAN_OBSERVATION","Apium graveolens"
2430422282,"Apium graveolens",-117.741667,33.916667,2009,7,27,"US","PRESERVED_SPECIMEN","Apium graveolens"
2430106557,"Apium graveolens",-117.675,33.941667,2004,7,23,"US","PRESERVED_SPECIMEN","Apium graveolens"
2576275990,"Apium graveolens",-117.747827,33.876494,2020,3,1,"US","HUMAN_OBSERVATION","Apium graveolens"
2430457357,"Apium graveolens",-117.665833,33.881944,2010,5,19,"US","PRESERVED_SPECIMEN","Apium graveolens"
3070526242,"Apium graveolens",-118.396436,33.808409,2020,12,27,"US","HUMAN_OBSERVATION","Apium graveolens"
3070465097,"Apium graveolens",-118.204772,33.794647,2020,7,15,"US","HUMAN_OBSERVATION","Apium graveolens"
3391511971,"Apium graveolens",-117.976816,33.815812,2021,10,11,"US","HUMAN_OBSERVATION","Apium graveolens"
4453791132,"Apium graveolens",-118.091117,33.75132,2023,11,27,"US","HUMAN_OBSERVATION","Apium graveolens"
4080661060,"Apium graveolens",-117.766342,33.76904,2023,4,7,"US","HUMAN_OBSERVATION","Apium graveolens"
2422441055,"Apium graveolens",-117.70028,33.75722,2008,6,17,"US","PRESERVED_SPECIMEN","Apium graveolens"
2422406378,"Apium graveolens",-116.85167,33.76889,2004,5,7,"US","PRESERVED_SPECIMEN","Apium graveolens"
3902975840,"Apium graveolens",-118.002853,33.704708,2022,8,27,"US","HUMAN_OBSERVATION","Apium graveolens"
4102803107,"Apium graveolens",-117.656112,33.690833,2023,4,30,"US","HUMAN_OBSERVATION","Apium graveolens"
4075735893,"Apium graveolens",-117.62499,33.673898,2023,2,12,"US","HUMAN_OBSERVATION","Apium graveolens"
3067605295,"Apium graveolens",-117.9492,33.647674,2020,10,3,"US","HUMAN_OBSERVATION","Apium graveolens"
4413719884,"Apium graveolens",-117.885267,33.630372,2023,9,10,"US","HUMAN_OBSERVATION","Apium graveolens"
4129856738,"Apium graveolens",-117.865922,33.650283,2023,6,3,"US","HUMAN_OBSERVATION","Apium graveolens"
4062918771,"Apium graveolens",-117.806162,33.631717,2023,3,8,"US","HUMAN_OBSERVATION","Apium graveolens"
2611351820,"Apium graveolens",-117.702951,33.649801,2020,4,25,"US","HUMAN_OBSERVATION","Apium graveolens"
3113599469,"Apium graveolens",-117.637961,33.664227,2021,5,9,"US","HUMAN_OBSERVATION","Apium graveolens"
3079814032,"Apium graveolens",-117.888367,33.621217,2021,4,7,"US","HUMAN_OBSERVATION","Apium graveolens"
4506273933,"Apium graveolens",-117.868442,33.590057,2023,12,16,"US","HUMAN_OBSERVATION","Apium graveolens"
3008408315,"Apium graveolens",-117.748269,33.594431,2019,1,31,"US","HUMAN_OBSERVATION","Apium graveolens"
4054825889,"Apium graveolens",-117.847708,33.581497,2023,3,1,"US","HUMAN_OBSERVATION","Apium graveolens"
3118389107,"Apium graveolens",-117.716998,33.55166,2021,5,16,"US","HUMAN_OBSERVATION","Apium graveolens"
2883181040,"Apium graveolens",-117.674794,33.567358,2020,10,4,"US","HUMAN_OBSERVATION","Apium graveolens"
4416832592,"Apium graveolens",-117.708879,33.505575,2023,9,20,"US","HUMAN_OBSERVATION","Apium graveolens"
2802978070,"Apium graveolens",-117.627723,33.515539,2020,6,17,"US","HUMAN_OBSERVATION","Apium graveolens"
4133928585,"Apium graveolens",-117.714792,33.49553,2023,6,8,"US","HUMAN_OBSERVATION","Apium graveolens"
2963952917,"Apium graveolens",-117.683428,33.463256,2020,10,25,"US","HUMAN_OBSERVATION","Apium graveolens"
3747052798,"Apium graveolens",-117.137094,33.474253,2022,3,19,"US","HUMAN_OBSERVATION","Apium graveolens"
3456959896,"Apium graveolens",-117.617878,33.417628,2022,1,1,"US","HUMAN_OBSERVATION","Apium graveolens"
3125165602,"Apium graveolens",-117.57095,33.45,2014,4,30,"US","PRESERVED_SPECIMEN","Apium graveolens"
3125166597,"Apium graveolens",-117.24917,33.42333,2008,5,14,"US","PRESERVED_SPECIMEN","Apium graveolens"
4512119577,"Apium graveolens",-117.19621,33.430273,2022,5,13,"US","HUMAN_OBSERVATION","Apium graveolens"
3466348975,"Apium graveolens",-117.608467,33.410075,2022,1,30,"US","HUMAN_OBSERVATION","Apium graveolens"
3125271258,"Apium graveolens",-117.57732,33.38329,2018,4,3,"US","PRESERVED_SPECIMEN","Apium graveolens"
3125143414,"Apium graveolens",-117.28008,33.39075,2018,8,21,"US","PRESERVED_SPECIMEN","Apium graveolens"
3859914176,"Apium graveolens",-117.226914,33.407511,2022,5,26,"US","HUMAN_OBSERVATION","Apium graveolens"
4407186753,"Apium graveolens",-116.802169,33.397193,2023,8,31,"US","HUMAN_OBSERVATION","Apium graveolens"
3125163607,"Apium graveolens",-116.78193,33.37501,2009,7,14,"US","PRESERVED_SPECIMEN","Apium graveolens"
2422510308,"Apium graveolens",-117.571,33.35931,2014,4,30,"US","PRESERVED_SPECIMEN","Apium graveolens"
3125278502,"Apium graveolens",-117.31102,33.35001,2018,4,20,"US","PRESERVED_SPECIMEN","Apium graveolens"
3125140417,"Apium graveolens",-117.26402,33.36282,2018,3,29,"US","PRESERVED_SPECIMEN","Apium graveolens"
1880475603,"Apium graveolens",-116.901364,33.339497,2018,6,8,"US","HUMAN_OBSERVATION","Apium graveolens"
3125161615,"Apium graveolens",-117.43752,33.33026,2009,4,15,"US","PRESERVED_SPECIMEN","Apium graveolens"
3125036594,"Apium graveolens",-117.35634,33.305,2008,6,25,"US","PRESERVED_SPECIMEN","Apium graveolens"
3053395036,"Apium graveolens",-119.52998,33.28307,2019,8,20,"US","PRESERVED_SPECIMEN","Apium graveolens"
3125166598,"Apium graveolens",-117.43013,33.25244,2013,5,13,"US","PRESERVED_SPECIMEN","Apium graveolens"
3125142404,"Apium graveolens",-117.37865,33.25245,2018,8,9,"US","PRESERVED_SPECIMEN","Apium graveolens"
3961140417,"Apium graveolens",-117.30471,33.287599,2022,4,2,"US","HUMAN_OBSERVATION","Apium graveolens"
3760045824,"Apium graveolens",-117.200663,33.256061,2022,4,3,"US","HUMAN_OBSERVATION","Apium graveolens"
3070554474,"Apium graveolens",-117.083222,33.28788,2018,8,8,"US","HUMAN_OBSERVATION","Apium graveolens"
3125037599,"Apium graveolens",-116.63029,33.2824,2010,7,9,"US","PRESERVED_SPECIMEN","Apium graveolens"
2270461598,"Apium graveolens",-111.140512,33.277057,2015,5,12,"US","PRESERVED_SPECIMEN","Apium graveolens"
3125168605,"Apium graveolens",-117.42315,33.24031,2009,3,5,"US","PRESERVED_SPECIMEN","Apium graveolens"
3125038605,"Apium graveolens",-117.38167,33.24885,2012,4,18,"US","PRESERVED_SPECIMEN","Apium graveolens"
1986617432,"Apium graveolens",-117.25373,33.233494,2011,5,1,"US","HUMAN_OBSERVATION","Apium graveolens"
3118340586,"Apium graveolens",-117.239643,33.23943,2021,5,12,"US","HUMAN_OBSERVATION","Apium graveolens"
3125031593,"Apium graveolens",-116.5848,33.21383,2010,8,11,"US","PRESERVED_SPECIMEN","Apium graveolens"
4458498696,"Apium graveolens",-116.465767,33.212264,2023,12,5,"US","HUMAN_OBSERVATION","Apium graveolens"
1880506678,"Apium graveolens",-117.355886,33.169054,2018,6,17,"US","HUMAN_OBSERVATION","Apium graveolens"
2423177028,"Apium graveolens",-117.298619,33.182455,2019,9,21,"US","HUMAN_OBSERVATION","Apium graveolens"
4506455435,"Apium graveolens",-117.278375,33.173058,2023,12,17,"US","HUMAN_OBSERVATION","Apium graveolens"
3457222833,"Apium graveolens",-117.082072,33.207355,2022,1,16,"US","HUMAN_OBSERVATION","Apium graveolens"
3125160614,"Apium graveolens",-116.4325,33.20254,2014,5,8,"US","PRESERVED_SPECIMEN","Apium graveolens"
3314232395,"Apium graveolens",-97.099726,33.186849,2021,1,14,"US","HUMAN_OBSERVATION","Apium graveolens"
4440681369,"Apium graveolens",-117.305442,33.147561,2023,11,4,"US","HUMAN_OBSERVATION","Apium graveolens"
3112419687,"Apium graveolens",-117.27552,33.158161,2021,5,2,"US","HUMAN_OBSERVATION","Apium graveolens"
3759626458,"Apium graveolens",-117.232113,33.126542,2022,3,30,"US","HUMAN_OBSERVATION","Apium graveolens"
3802311617,"Apium graveolens",-117.195412,33.163058,2022,5,19,"US","HUMAN_OBSERVATION","Apium graveolens"
3881609318,"Apium graveolens",-116.577095,33.163838,2020,5,12,"US","HUMAN_OBSERVATION","Apium graveolens"
1831238080,"Apium graveolens",-116.464444,33.134444,2018,2,25,"US","HUMAN_OBSERVATION","Apium graveolens"
3355278164,"Apium graveolens",-117.294922,33.106711,2021,9,4,"US","HUMAN_OBSERVATION","Apium graveolens"
4438699937,"Apium graveolens",-117.285107,33.092715,2023,11,2,"US","HUMAN_OBSERVATION","Apium graveolens"
2422479878,"Apium graveolens",-117.23611,33.11278,2004,5,24,"US","PRESERVED_SPECIMEN","Apium graveolens"
4172036178,"Apium graveolens",-117.205003,33.084161,2023,8,2,"US","HUMAN_OBSERVATION","Apium graveolens"
4103357188,"Apium graveolens",-117.14308,33.086811,2023,4,28,"US","HUMAN_OBSERVATION","Apium graveolens"
2430481417,"Apium graveolens",-116.7775,33.101889,2004,8,20,"US","PRESERVED_SPECIMEN","Apium graveolens"
4438965338,"Apium graveolens",-117.295256,33.048212,2023,11,1,"US","HUMAN_OBSERVATION","Apium graveolens"
2423117487,"Apium graveolens",-117.291071,33.049266,2019,9,17,"US","HUMAN_OBSERVATION","Apium graveolens"
3013883888,"Apium graveolens",-117.234275,33.068161,2020,12,27,"US","HUMAN_OBSERVATION","Apium graveolens"
4134114343,"Apium graveolens",-117.169722,33.069978,2023,6,10,"US","HUMAN_OBSERVATION","Apium graveolens"
4171520428,"Apium graveolens",-117.160269,33.077045,2023,7,24,"US","HUMAN_OBSERVATION","Apium graveolens"
3109168746,"Apium graveolens",-117.087875,33.044453,2021,4,24,"US","HUMAN_OBSERVATION","Apium graveolens"
4127301698,"Apium graveolens",-117.257685,33.008521,2023,5,27,"US","HUMAN_OBSERVATION","Apium graveolens"
4172049249,"Apium graveolens",-117.241088,33.009553,2023,8,3,"US","HUMAN_OBSERVATION","Apium graveolens"
3915739311,"Apium graveolens",-117.167275,33.010025,2022,9,21,"US","HUMAN_OBSERVATION","Apium graveolens"
2238813257,"Apium graveolens",-117.160088,33.007159,2019,4,26,"US","HUMAN_OBSERVATION","Apium graveolens"
3044671624,"Apium graveolens",-117.121453,33.002414,2021,2,17,"US","HUMAN_OBSERVATION","Apium graveolens"
1841263797,"Apium graveolens",-117.214712,32.966596,2018,4,29,"US","HUMAN_OBSERVATION","Apium graveolens"
3125141885,"Apium graveolens",-117.1543,32.9686,2019,6,19,"US","PRESERVED_SPECIMEN","Apium graveolens"
3125164592,"Apium graveolens",-117.0131,32.9748,2006,7,8,"US","PRESERVED_SPECIMEN","Apium graveolens"
3097070754,"Apium graveolens",-116.607675,32.96857,2021,4,16,"US","HUMAN_OBSERVATION","Apium graveolens"
3994112371,"Apium graveolens",-117.249687,32.925507,2021,4,28,"US","HUMAN_OBSERVATION","Apium graveolens"
3759933876,"Apium graveolens",-117.182464,32.925719,2022,4,3,"US","HUMAN_OBSERVATION","Apium graveolens"
4413983796,"Apium graveolens",-117.135558,32.938114,2023,9,10,"US","HUMAN_OBSERVATION","Apium graveolens"
4120841056,"Apium graveolens",-117.119015,32.944339,2023,5,17,"US","HUMAN_OBSERVATION","Apium graveolens"
2543076408,"Apium graveolens",-117.067947,32.945862,2019,12,31,"US","HUMAN_OBSERVATION","Apium graveolens"
3125030588,"Apium graveolens",-117.037,32.9555,2006,5,21,"US","PRESERVED_SPECIMEN","Apium graveolens"
4424264634,"Apium graveolens",-117.240097,32.914087,2023,10,7,"US","HUMAN_OBSERVATION","Apium graveolens"
1586114981,"Apium graveolens",-117.207642,32.909338,2017,7,21,"US","HUMAN_OBSERVATION","Apium graveolens"
3302129580,"Apium graveolens",-116.583983,32.90042,2021,5,2,"US","HUMAN_OBSERVATION","Apium graveolens"
1891269204,"Apium graveolens",-114.476286,32.898801,2008,5,8,"US","PRESERVED_SPECIMEN","Apium graveolens"
4171173943,"Apium graveolens",-117.211542,32.860039,2023,6,20,"US","HUMAN_OBSERVATION","Apium graveolens"
2366042282,"Apium graveolens",-117.095733,32.838213,2019,8,15,"US","HUMAN_OBSERVATION","Apium graveolens"
3759716239,"Apium graveolens",-117.043472,32.840063,2022,4,16,"US","HUMAN_OBSERVATION","Apium graveolens"
4102955543,"Apium graveolens",-117.037933,32.841065,2023,5,1,"US","HUMAN_OBSERVATION","Apium graveolens"
2611303070,"Apium graveolens",-116.996603,32.838655,2020,4,24,"US","HUMAN_OBSERVATION","Apium graveolens"
2814401613,"Apium graveolens",-116.907364,32.840157,2020,6,28,"US","HUMAN_OBSERVATION","Apium graveolens"
3125168604,"Apium graveolens",-116.8612,32.8479,2006,6,28,"US","PRESERVED_SPECIMEN","Apium graveolens"
3125037596,"Apium graveolens",-116.79667,32.86639,2002,8,2,"US","PRESERVED_SPECIMEN","Apium graveolens"
2028481173,"Apium graveolens",-116.494708,32.868814,2019,3,17,"US","HUMAN_OBSERVATION","Apium graveolens"
3858563055,"Apium graveolens",-117.180637,32.797977,2022,6,25,"US","HUMAN_OBSERVATION","Apium graveolens"
3301812608,"Apium graveolens",-117.13162,32.79229,2021,5,8,"US","HUMAN_OBSERVATION","Apium graveolens"
3059007952,"Apium graveolens",-117.094662,32.833126,2021,3,10,"US","HUMAN_OBSERVATION","Apium graveolens"
4145775446,"Apium graveolens",-117.062233,32.828353,2023,6,25,"US","HUMAN_OBSERVATION","Apium graveolens"
4171851875,"Apium graveolens",-117.010123,32.815753,2023,8,1,"US","HUMAN_OBSERVATION","Apium graveolens"
1883954567,"Apium graveolens",-116.776483,32.831649,2018,7,17,"US","HUMAN_OBSERVATION","Apium graveolens"
3302406743,"Apium graveolens",-116.560382,32.822254,2021,6,8,"US","HUMAN_OBSERVATION","Apium graveolens"
1836603113,"Apium graveolens",-117.185981,32.77505,2018,3,9,"US","HUMAN_OBSERVATION","Apium graveolens"
3125035590,"Apium graveolens",-117.1495,32.7723,2009,5,30,"US","PRESERVED_SPECIMEN","Apium graveolens"
3760210853,"Apium graveolens",-117.047889,32.787096,2022,4,13,"US","HUMAN_OBSERVATION","Apium graveolens"
2543044840,"Apium graveolens",-116.908381,32.762446,2019,12,28,"US","HUMAN_OBSERVATION","Apium graveolens"
891164691,"Apium graveolens",-116.447648,32.777213,2013,6,11,"US","HUMAN_OBSERVATION","Apium graveolens"
1562914246,"Apium graveolens",-117.229331,32.748166,2017,5,8,"US","HUMAN_OBSERVATION","Apium graveolens"
3039457882,"Apium graveolens",-117.161084,32.715738,2021,2,8,"US","HUMAN_OBSERVATION","Apium graveolens"
3468848817,"Apium graveolens",-117.076858,32.722203,2022,2,6,"US","HUMAN_OBSERVATION","Apium graveolens"
2609108910,"Apium graveolens",-116.983345,32.726428,2020,4,17,"US","HUMAN_OBSERVATION","Apium graveolens"
4420914299,"Apium graveolens",-116.938922,32.747443,2023,9,29,"US","HUMAN_OBSERVATION","Apium graveolens"
3014011808,"Apium graveolens",-117.022011,32.673108,2020,12,12,"US","HUMAN_OBSERVATION","Apium graveolens"
2814413922,"Apium graveolens",-116.996016,32.671602,2020,6,29,"US","HUMAN_OBSERVATION","Apium graveolens"
3070278432,"Apium graveolens",-116.864355,32.678812,2018,4,27,"US","HUMAN_OBSERVATION","Apium graveolens"
2543031430,"Apium graveolens",-116.817728,32.684001,2019,12,27,"US","HUMAN_OBSERVATION","Apium graveolens"
3125159617,"Apium graveolens",-116.69292,32.69433,2012,6,7,"US","PRESERVED_SPECIMEN","Apium graveolens"
3125037597,"Apium graveolens",-116.58352,32.67686,2008,5,30,"US","PRESERVED_SPECIMEN","Apium graveolens"
2641391826,"Apium graveolens",-116.56719,32.67309,2020,5,20,"US","HUMAN_OBSERVATION","Apium graveolens"
2422489858,"Apium graveolens",-116.5065,32.70481,2012,6,26,"US","PRESERVED_SPECIMEN","Apium graveolens"
3124843343,"Apium graveolens",-117.025627,32.641781,2021,5,26,"US","HUMAN_OBSERVATION","Apium graveolens"
2626440052,"Apium graveolens",-116.97077,32.664004,2020,5,19,"US","HUMAN_OBSERVATION","Apium graveolens"
3320852220,"Apium graveolens",-116.947566,32.647871,2021,6,28,"US","HUMAN_OBSERVATION","Apium graveolens"
2422423613,"Apium graveolens",-116.88444,32.63583,2005,5,17,"US","PRESERVED_SPECIMEN","Apium graveolens"
2422405432,"Apium graveolens",-116.86694,32.66472,2003,7,25,"US","PRESERVED_SPECIMEN","Apium graveolens"
2422427688,"Apium graveolens",-116.22783,32.66211,2005,8,9,"US","PRESERVED_SPECIMEN","Apium graveolens"
3953839563,"Apium graveolens",-114.684268,32.64934,2020,10,24,"US","HUMAN_OBSERVATION","Apium graveolens"
4400175904,"Apium graveolens",-117.071307,32.590163,2023,8,18,"US","HUMAN_OBSERVATION","Apium graveolens"
2422412078,"Apium graveolens",-116.92806,32.59722,2005,4,6,"US","PRESERVED_SPECIMEN","Apium graveolens"
891150407,"Apium graveolens",-117.085794,32.554293,2013,5,7,"US","HUMAN_OBSERVATION","Apium graveolens"
3772429115,"Apium graveolens",-117.063544,32.554433,2022,4,29,"US","HUMAN_OBSERVATION","Apium graveolens"
2988459942,"Apium graveolens",-116.82318,32.560572,2020,11,11,"US","HUMAN_OBSERVATION","Apium graveolens"
1850987082,"Apium graveolens",-117.121643,32.536469,2018,6,14,"US","HUMAN_OBSERVATION","Apium graveolens"
2629875905,"Apium graveolens",-116.93332,32.50001,2000,6,20,"MX","PRESERVED_SPECIMEN","Apium graveolens"
3860495323,"Apium graveolens",-116.949112,32.368125,2022,6,7,"MX","HUMAN_OBSERVATION","Apium graveolens"
2629881043,"Apium graveolens",-116.48333,32.36667,2007,6,21,"MX","PRESERVED_SPECIMEN","Apium graveolens"
2580127583,"Apium graveolens",-116.53286,32.291702,2020,3,16,"MX","HUMAN_OBSERVATION","Apium graveolens"
3125102413,"Apium graveolens",-115.8975,32.22083,2007,6,21,"MX","PRESERVED_SPECIMEN","Apium graveolens"
3070352831,"Apium graveolens",-116.872897,32.093767,2019,12,15,"MX","HUMAN_OBSERVATION","Apium graveolens"
3947805212,"Apium graveolens",-116.494612,32.116091,2022,10,20,"MX","HUMAN_OBSERVATION","Apium graveolens"
3802316794,"Apium graveolens",-116.44838,32.101036,2022,5,22,"MX","HUMAN_OBSERVATION","Apium graveolens"
3070318228,"Apium graveolens",-116.871428,32.052522,2020,10,4,"MX","HUMAN_OBSERVATION","Apium graveolens"
4138229961,"Apium graveolens",-115.935007,32.039165,2023,6,13,"MX","HUMAN_OBSERVATION","Apium graveolens"
3058936169,"Apium graveolens",-116.414628,31.892672,2021,2,27,"MX","HUMAN_OBSERVATION","Apium graveolens"
4500886240,"Apium graveolens",-116.401944,31.829346,2023,12,17,"MX","HUMAN_OBSERVATION","Apium graveolens"
3874121523,"Apium graveolens",-116.433861,31.632378,2022,7,20,"MX","HUMAN_OBSERVATION","Apium graveolens"
1880638743,"Apium graveolens",-88.086808,30.5685,2018,4,29,"US","HUMAN_OBSERVATION","Apium graveolens"
3070654407,"Apium graveolens",-115.546908,30.157936,2020,11,16,"MX","HUMAN_OBSERVATION","Apium graveolens"
3969765687,"Apium graveolens",-95.15,30.133333,2004,5,17,"US","PRESERVED_SPECIMEN","Apium graveolens"
1457747453,"Apium graveolens",-82.40667,29.61209,2004,7,9,"US","PRESERVED_SPECIMEN","Apium graveolens"
1894424107,"Apium graveolens",-100.302222,25.355833,2004,5,1,"MX","PRESERVED_SPECIMEN","Apium graveolens"
2422835710,"Apium graveolens",-101.102752,23.105026,2019,4,29,"MX","HUMAN_OBSERVATION","Apium graveolens"
2629436599,"Apium graveolens",-100.522361,20.831889,2014,7,9,"MX","PRESERVED_SPECIMEN","Apium graveolens"
3308010206,"Apium graveolens",-99.31886,20.54347,2001,5,17,"MX","PRESERVED_SPECIMEN","Apium graveolens"
3308662526,"Apium graveolens",-99.27009,20.20032,2008,7,22,"MX","PRESERVED_SPECIMEN","Apium graveolens"
2629752304,"Apium graveolens",-101.759444,19.951389,2005,5,8,"MX","PRESERVED_SPECIMEN","Apium graveolens"
3308625241,"Apium graveolens",-98.98361,19.60672,2001,6,28,"MX","PRESERVED_SPECIMEN","Apium graveolens"
2862540662,"Apium graveolens",-99.253484,19.318218,2020,9,2,"MX","HUMAN_OBSERVATION","Apium graveolens"
3772724381,"Apium graveolens",-99.091327,19.294345,2021,5,16,"MX","HUMAN_OBSERVATION","Apium graveolens"
3308574460,"Apium graveolens",-98.339139,19.20025,2000,12,12,"MX","PRESERVED_SPECIMEN","Apium graveolens"
4458444251,"Apium graveolens",-96.961543,19.180375,2023,11,20,"MX","HUMAN_OBSERVATION","Apium graveolens"
1894241668,"Apium graveolens",-98.404722,18.887222,2013,6,11,"MX","PRESERVED_SPECIMEN","Apium graveolens"
3923314677,"Apium graveolens",-92.654178,16.73258,2022,9,20,"MX","HUMAN_OBSERVATION","Apium graveolens"
