"gbifID","species","longitude","latitude","year","month","day","countryCode","accepted_name","mean"
2238966600,"Apium graveolens",-96.09533,41.292739,2019,4,29,"US","Apium graveolens",10.9302453994751
2859161391,"Apium graveolens",-80.49583,41.09694,2005,7,10,"US","Apium graveolens",10.0595445632935
1986857587,"Apium graveolens",-111.911676,40.5685449990678,2016,8,15,"US","Apium graveolens",11.3780918121338
3860158034,"Apium graveolens",-122.008406,38.193472,2022,6,17,"US","Apium graveolens",15.9262256622314
3059705241,"Apium graveolens",-122.1217,37.9783,2004,7,9,"US","Apium graveolens",16.0230121612549
2611335574,"Apium graveolens",-121.967562,37.419093,2020,4,27,"US","Apium graveolens",15.9086771011353
3468726593,"Apium graveolens",-122.137978,37.409172,2022,2,5,"US","Apium graveolens",15.3444604873657
1929960802,"Apium graveolens",-113.566589,37.103444,2001,6,12,"US","Apium graveolens",17.6249942779541
3760272608,"Apium graveolens",-76.491566,36.989455,2022,4,1,"US","Apium graveolens",15.5395250320435
2459169221,"Apium graveolens",-121.8221,36.5857,2015,6,25,"US","Apium graveolens",13.8343477249146
3764119529,"Apium graveolens",-121.316247,35.725508,2022,4,20,"US","Apium graveolens",13.3462696075439
2610092147,"Apium graveolens",-117.916833,35.73325,2018,6,3,"US","Apium graveolens",14.8399505615234
1836686078,"Apium graveolens",-82.562541,35.634587,2017,5,6,"US","Apium graveolens",13.264778137207
2270173972,"Apium graveolens",-120.825689,35.358515,2013,8,22,"US","Apium graveolens",14.3734788894653
3091223122,"Apium graveolens",-114.415167,35.316167,2010,6,7,"US","Apium graveolens",17.3292121887207
2366037380,"Apium graveolens",-120.882492,35.288891,2019,8,11,"US","Apium graveolens",13.6006278991699
3059709481,"Apium graveolens",-119.9344,35.26398,2008,6,16,"US","Apium graveolens",15.5941953659058
3329992241,"Apium graveolens",-120.646639,35.158916,2015,3,8,"US","Apium graveolens",14.8953142166138
2430133026,"Apium graveolens",-118.81137,35.13365,2014,9,7,"US","Apium graveolens",18.8038139343262
2459161838,"Apium graveolens",-120.6296,35.100571,2008,11,14,"US","Apium graveolens",14.9335565567017
2422386223,"Apium graveolens",-120.62167,35.1,2003,8,18,"US","Apium graveolens",15.1360139846802
3953017764,"Apium graveolens",-106.519374,35.113313,2020,5,26,"US","Apium graveolens",14.2941398620605
2422497511,"Apium graveolens",-118.76028,35.0747,2009,6,17,"US","Apium graveolens",18.6724166870117
2430067587,"Apium graveolens",-118.67095,35.045444,2014,5,21,"US","Apium graveolens",17.0489292144775
2634043246,"Apium graveolens",-120.616186,35.027902,2020,5,26,"US","Apium graveolens",14.5625143051147
3747034621,"Apium graveolens",-119.182862,34.976147,2022,3,19,"US","Apium graveolens",17.1724548339844
3059709433,"Apium graveolens",-119.128968,34.9603499991136,2008,6,18,"US","Apium graveolens",16.6286125183105
3979568528,"Apium graveolens",-119.12431,34.96366,2018,5,23,"US","Apium graveolens",16.4474391937256
2270652263,"Apium graveolens",-112.208,34.8953,2000,8,26,"US","Apium graveolens",16.3019752502441
3053476339,"Apium graveolens",-119.123,34.8519999991148,2000,9,23,"US","Apium graveolens",9.83343029022217
2235426890,"Apium graveolens",-112.0111,34.75006,2014,5,13,"US","Apium graveolens",17.7994689941406
3091263900,"Apium graveolens",-111.91651,34.76399,2014,7,6,"US","Apium graveolens",17.6968326568604
3091267571,"Apium graveolens",-111.79857,34.46384,2003,5,6,"US","Apium graveolens",17.9113941192627
2850644387,"Apium graveolens",-119.741052,34.418374,2020,8,5,"US","Apium graveolens",16.5133590698242
2422381902,"Apium graveolens",-118.62667,34.42,2002,6,20,"US","Apium graveolens",18.0346508026123
2422350008,"Apium graveolens",-118.67194,34.40028,2002,7,30,"US","Apium graveolens",17.7072353363037
3399301235,"Apium graveolens",-119.004883,34.356731,2018,7,18,"US","Apium graveolens",17.1146430969238
3053454118,"Apium graveolens",-118.97305,34.3705,2015,5,6,"US","Apium graveolens",17.1007556915283
2422381473,"Apium graveolens",-118.67917,34.3725,2003,5,21,"US","Apium graveolens",16.9711112976074
2430401352,"Apium graveolens",-118.843333,34.291667,2011,5,9,"US","Apium graveolens",17.6174297332764
2974106386,"Apium graveolens",-118.726752,34.310424,2001,7,28,"US","Apium graveolens",17.5587368011475
3053444509,"Apium graveolens",-119.308266656929,34.276952559783,2000,8,28,"US","Apium graveolens",16.4095897674561
3053359197,"Apium graveolens",-118.7922,34.2784499991215,2013,8,2,"US","Apium graveolens",17.7096252441406
3113398818,"Apium graveolens",-118.364445,34.266492,2021,5,12,"US","Apium graveolens",18.0995998382568
2610096271,"Apium graveolens",-117.46463,34.2670599991217,2017,7,25,"US","Apium graveolens",14.9086399078369
3391605573,"Apium graveolens",-119.260951,34.236985,2021,10,4,"US","Apium graveolens",15.9391670227051
3743015793,"Apium graveolens",-119.191223,34.243393,2022,3,14,"US","Apium graveolens",16.9914951324463
3406832124,"Apium graveolens",-118.904610815125,34.2119442545755,2001,6,4,"US","Apium graveolens",17.5080814361572
1933546267,"Apium graveolens",-118.997683,34.20669,2018,10,19,"US","Apium graveolens",16.9673900604248
2430356854,"Apium graveolens",-119.1788,34.1355999991233,2015,5,27,"US","Apium graveolens",16.5502014160156
2826426405,"Apium graveolens",-118.755847,34.117036,2020,1,28,"US","Apium graveolens",16.5941162109375
3892447216,"Apium graveolens",-118.711838,34.104004,2022,8,16,"US","Apium graveolens",16.86549949646
3902408295,"Apium graveolens",-118.24237,34.100239,2022,8,16,"US","Apium graveolens",18.9388027191162
1850908430,"Apium graveolens",-118.356904,34.064149,2018,6,1,"US","Apium graveolens",18.7129688262939
2430125448,"Apium graveolens",-120.049935,34.0161119991247,2013,9,21,"US","Apium graveolens",14.7364645004272
1986944815,"Apium graveolens",-117.383333,34.016667,2000,6,24,"US","Apium graveolens",19.0470581054688
1500339748,"Apium graveolens",-119.670325,33.9845,2017,4,29,"US","Apium graveolens",15.520676612854
2422451278,"Apium graveolens",-117.43861,33.96861,2004,5,26,"US","Apium graveolens",18.9169540405273
2422534352,"Apium graveolens",-117.31722,33.97028,2002,4,15,"US","Apium graveolens",18.5124492645264
2992834401,"Apium graveolens",-117.072569,33.966745,2019,10,18,"US","Apium graveolens",17.5936660766602
2430422282,"Apium graveolens",-117.741667,33.916667,2009,7,27,"US","Apium graveolens",17.551326751709
2430106557,"Apium graveolens",-117.675,33.941667,2004,7,23,"US","Apium graveolens",17.9193992614746
2576275990,"Apium graveolens",-117.747827,33.876494,2020,3,1,"US","Apium graveolens",17.7768001556396
2430457357,"Apium graveolens",-117.665833,33.881944,2010,5,19,"US","Apium graveolens",18.0382022857666
3070526242,"Apium graveolens",-118.396436,33.808409,2020,12,27,"US","Apium graveolens",17.1484794616699
3070465097,"Apium graveolens",-118.204772,33.794647,2020,7,15,"US","Apium graveolens",18.6880531311035
3391511971,"Apium graveolens",-117.976816,33.815812,2021,10,11,"US","Apium graveolens",18.9046478271484
3335495512,"Apium graveolens",-117.766883,33.768531,2021,7,28,"US","Apium graveolens",17.9471549987793
2422441055,"Apium graveolens",-117.70028,33.75722,2008,6,17,"US","Apium graveolens",17.4614753723145
2422406378,"Apium graveolens",-116.85167,33.76889,2004,5,7,"US","Apium graveolens",17.9175090789795
3902975840,"Apium graveolens",-118.002853,33.704708,2022,8,27,"US","Apium graveolens",17.7877407073975
3456340297,"Apium graveolens",-117.641605,33.669537,2022,1,16,"US","Apium graveolens",17.6871681213379
3067605295,"Apium graveolens",-117.9492,33.647674,2020,10,3,"US","Apium graveolens",17.5629177093506
3881446264,"Apium graveolens",-117.882911,33.631788,2022,7,31,"US","Apium graveolens",17.736255645752
3802563224,"Apium graveolens",-117.872911,33.645403,2022,5,19,"US","Apium graveolens",17.7725372314453
3759683874,"Apium graveolens",-117.806162,33.631838,2022,3,25,"US","Apium graveolens",17.6396808624268
2611351820,"Apium graveolens",-117.702951,33.649801,2020,4,25,"US","Apium graveolens",18.2983207702637
3113599469,"Apium graveolens",-117.637961,33.664227,2021,5,9,"US","Apium graveolens",18.036714553833
3079814032,"Apium graveolens",-117.888367,33.621217,2021,4,7,"US","Apium graveolens",17.2364025115967
3112406641,"Apium graveolens",-117.842606,33.602833,2021,5,2,"US","Apium graveolens",17.1193599700928
3008408315,"Apium graveolens",-117.748269,33.594431,2019,1,31,"US","Apium graveolens",17.8938102722168
3966533678,"Apium graveolens",-117.855694,33.581771,2022,11,6,"US","Apium graveolens",16.6793346405029
3118389107,"Apium graveolens",-117.716998,33.55166,2021,5,16,"US","Apium graveolens",17.5200309753418
2883181040,"Apium graveolens",-117.674794,33.567358,2020,10,4,"US","Apium graveolens",17.8552551269531
2802978070,"Apium graveolens",-117.627723,33.515539,2020,6,17,"US","Apium graveolens",17.6160259246826
3117766635,"Apium graveolens",-117.733502,33.488515,2021,5,10,"US","Apium graveolens",17.1339550018311
2963952917,"Apium graveolens",-117.683428,33.463256,2020,10,25,"US","Apium graveolens",17.4513549804688
3747052798,"Apium graveolens",-117.137094,33.474253,2022,3,19,"US","Apium graveolens",18.0077075958252
3456959896,"Apium graveolens",-117.617878,33.417628,2022,1,1,"US","Apium graveolens",17.3113098144531
3125165602,"Apium graveolens",-117.57095,33.45,2014,4,30,"US","Apium graveolens",17.3557205200195
3125166597,"Apium graveolens",-117.24917,33.42333,2008,5,14,"US","Apium graveolens",17.8538112640381
3466348975,"Apium graveolens",-117.608467,33.410075,2022,1,30,"US","Apium graveolens",17.0724658966064
3125271258,"Apium graveolens",-117.57732,33.38329,2018,4,3,"US","Apium graveolens",17.1031379699707
2610083854,"Apium graveolens",-117.28008,33.39075,2018,8,21,"US","Apium graveolens",18.0797557830811
3859914176,"Apium graveolens",-117.226914,33.407511,2022,5,26,"US","Apium graveolens",18.1741943359375
3785164453,"Apium graveolens",-116.804987,33.395455,2022,5,17,"US","Apium graveolens",15.5748386383057
2422510308,"Apium graveolens",-117.571,33.35931,2014,4,30,"US","Apium graveolens",16.9853897094727
3125278502,"Apium graveolens",-117.31102,33.35001,2018,4,20,"US","Apium graveolens",18.1535701751709
3053483240,"Apium graveolens",-117.26402,33.36282,2018,3,29,"US","Apium graveolens",18.1119480133057
1880475603,"Apium graveolens",-116.901364,33.339497,2018,6,8,"US","Apium graveolens",13.3126573562622
2430165865,"Apium graveolens",-116.781889,33.375,2009,7,14,"US","Apium graveolens",14.6198120117188
3125161615,"Apium graveolens",-117.43752,33.33026,2009,4,15,"US","Apium graveolens",17.2786388397217
3125036594,"Apium graveolens",-117.35634,33.305,2008,6,25,"US","Apium graveolens",17.8010559082031
3053395036,"Apium graveolens",-119.52998,33.28307,2019,8,20,"US","Apium graveolens",16.2401733398438
3125166598,"Apium graveolens",-117.43013,33.25244,2013,5,13,"US","Apium graveolens",17.0551567077637
2610096328,"Apium graveolens",-117.37865,33.25245,2018,8,9,"US","Apium graveolens",17.3102130889893
3960987432,"Apium graveolens",-117.304733,33.287722,2022,4,2,"US","Apium graveolens",17.7061252593994
3760045824,"Apium graveolens",-117.200663,33.256061,2022,4,3,"US","Apium graveolens",17.8618392944336
3070554474,"Apium graveolens",-117.083222,33.28788,2018,8,8,"US","Apium graveolens",17.8064842224121
3125037599,"Apium graveolens",-116.63029,33.2824,2010,7,9,"US","Apium graveolens",16.0440788269043
1846483753,"Apium graveolens",-111.140512,33.277057,2015,5,12,"US","Apium graveolens",21.0477638244629
3125168605,"Apium graveolens",-117.42315,33.24031,2009,3,5,"US","Apium graveolens",16.9152336120605
3125038605,"Apium graveolens",-117.38167,33.24885,2012,4,18,"US","Apium graveolens",17.1292114257812
1986617432,"Apium graveolens",-117.25373,33.233494,2011,5,1,"US","Apium graveolens",18.0313186645508
3118340586,"Apium graveolens",-117.239643,33.23943,2021,5,12,"US","Apium graveolens",17.9178314208984
3125031593,"Apium graveolens",-116.5848,33.21383,2010,8,11,"US","Apium graveolens",15.5056619644165
1880506678,"Apium graveolens",-117.355886,33.169054,2018,6,17,"US","Apium graveolens",17.3890361785889
2423177028,"Apium graveolens",-117.298619,33.182455,2019,9,21,"US","Apium graveolens",17.7705307006836
3802437161,"Apium graveolens",-117.278437,33.173095,2022,5,23,"US","Apium graveolens",18.0509357452393
3457222833,"Apium graveolens",-117.082072,33.207355,2022,1,16,"US","Apium graveolens",17.5431365966797
3125160614,"Apium graveolens",-116.4325,33.20254,2014,5,8,"US","Apium graveolens",16.7358989715576
3314232395,"Apium graveolens",-97.099726,33.186849,2021,1,14,"US","Apium graveolens",18.9014911651611
2422392137,"Apium graveolens",-117.29833,33.14917,2004,5,28,"US","Apium graveolens",17.6356811523438
3112419687,"Apium graveolens",-117.27552,33.158161,2021,5,2,"US","Apium graveolens",17.8947200775146
3759626458,"Apium graveolens",-117.232113,33.126542,2022,3,30,"US","Apium graveolens",18.0923328399658
3802311617,"Apium graveolens",-117.195412,33.163058,2022,5,19,"US","Apium graveolens",18.1310234069824
3881609318,"Apium graveolens",-116.577095,33.163838,2020,5,12,"US","Apium graveolens",16.0316619873047
1831238080,"Apium graveolens",-116.464444,33.134444,2018,2,25,"US","Apium graveolens",17.6626148223877
3355278164,"Apium graveolens",-117.294922,33.106711,2021,9,4,"US","Apium graveolens",17.3599433898926
3860495964,"Apium graveolens",-117.270028,33.084403,2022,6,14,"US","Apium graveolens",17.5825042724609
2422479878,"Apium graveolens",-117.23611,33.11278,2004,5,24,"US","Apium graveolens",17.8122520446777
3858750450,"Apium graveolens",-117.202553,33.094953,2022,6,26,"US","Apium graveolens",17.8704090118408
3860470843,"Apium graveolens",-117.145019,33.08627,2022,6,6,"US","Apium graveolens",18.0029010772705
2430481417,"Apium graveolens",-116.7775,33.101889,2004,8,20,"US","Apium graveolens",16.9953269958496
3912180781,"Apium graveolens",-117.294489,33.048541,2022,9,14,"US","Apium graveolens",16.9536724090576
2423117487,"Apium graveolens",-117.291071,33.049266,2019,9,17,"US","Apium graveolens",17.1871204376221
3013883888,"Apium graveolens",-117.234275,33.068161,2020,12,27,"US","Apium graveolens",17.5331687927246
3859667331,"Apium graveolens",-117.169678,33.069905,2022,6,2,"US","Apium graveolens",17.7026290893555
3858700297,"Apium graveolens",-117.159919,33.076892,2022,6,25,"US","Apium graveolens",17.82958984375
3109168746,"Apium graveolens",-117.087875,33.044453,2021,4,24,"US","Apium graveolens",18.1998825073242
2813916374,"Apium graveolens",-117.258658,33.008583,2019,6,15,"US","Apium graveolens",17.0712947845459
3802725048,"Apium graveolens",-117.241104,33.00948,2022,5,22,"US","Apium graveolens",17.3575878143311
3915739311,"Apium graveolens",-117.167275,33.010025,2022,9,21,"US","Apium graveolens",17.737850189209
2238813257,"Apium graveolens",-117.160088,33.007159,2019,4,26,"US","Apium graveolens",18.1052780151367
3044671624,"Apium graveolens",-117.121453,33.002414,2021,2,17,"US","Apium graveolens",18.2507057189941
1841263797,"Apium graveolens",-117.214712,32.966596,2018,4,29,"US","Apium graveolens",17.3208389282227
3125141885,"Apium graveolens",-117.1543,32.9686,2019,6,19,"US","Apium graveolens",18.0324649810791
3125164592,"Apium graveolens",-117.0131,32.9748,2006,7,8,"US","Apium graveolens",18.4304885864258
3097070754,"Apium graveolens",-116.607675,32.96857,2021,4,16,"US","Apium graveolens",12.7699003219604
3994112371,"Apium graveolens",-117.249687,32.925507,2021,4,28,"US","Apium graveolens",17.2944240570068
3759933876,"Apium graveolens",-117.182464,32.925719,2022,4,3,"US","Apium graveolens",17.8981227874756
3457216805,"Apium graveolens",-117.135575,32.938072,2022,1,11,"US","Apium graveolens",18.2163200378418
3859716889,"Apium graveolens",-117.103793,32.944328,2022,6,23,"US","Apium graveolens",18.2830181121826
2543076408,"Apium graveolens",-117.067947,32.945862,2019,12,31,"US","Apium graveolens",18.2550487518311
3125030588,"Apium graveolens",-117.037,32.9555,2006,5,21,"US","Apium graveolens",18.4254131317139
3112659155,"Apium graveolens",-117.234047,32.909657,2021,5,2,"US","Apium graveolens",17.3416748046875
1586114981,"Apium graveolens",-117.207642,32.909338,2017,7,21,"US","Apium graveolens",18.1171741485596
3302129580,"Apium graveolens",-116.583983,32.90042,2021,5,2,"US","Apium graveolens",14.1307573318481
1891269204,"Apium graveolens",-114.476286,32.898801,2008,5,8,"US","Apium graveolens",24.7312526702881
3915277466,"Apium graveolens",-117.218922,32.842692,2022,5,1,"US","Apium graveolens",17.5352611541748
2366042282,"Apium graveolens",-117.095733,32.838213,2019,8,15,"US","Apium graveolens",18.4634971618652
3759716239,"Apium graveolens",-117.043472,32.840063,2022,4,16,"US","Apium graveolens",18.3279647827148
3773683464,"Apium graveolens",-117.037919,32.84088,2022,4,30,"US","Apium graveolens",18.6699314117432
2611303070,"Apium graveolens",-116.996603,32.838655,2020,4,24,"US","Apium graveolens",18.9990673065186
2814401613,"Apium graveolens",-116.907364,32.840157,2020,6,28,"US","Apium graveolens",18.9076690673828
3125168604,"Apium graveolens",-116.8612,32.8479,2006,6,28,"US","Apium graveolens",18.4463024139404
3125037596,"Apium graveolens",-116.79667,32.86639,2002,8,2,"US","Apium graveolens",18.3601036071777
2028481173,"Apium graveolens",-116.494708,32.868814,2019,3,17,"US","Apium graveolens",12.5637035369873
3858563055,"Apium graveolens",-117.180637,32.797977,2022,6,25,"US","Apium graveolens",18.3602809906006
3301812608,"Apium graveolens",-117.13162,32.79229,2021,5,8,"US","Apium graveolens",18.5755500793457
3059007952,"Apium graveolens",-117.094662,32.833126,2021,3,10,"US","Apium graveolens",18.6538200378418
3772691727,"Apium graveolens",-117.058357,32.823562,2022,5,7,"US","Apium graveolens",18.5025882720947
3044846846,"Apium graveolens",-117.010188,32.816091,2021,2,21,"US","Apium graveolens",18.4858589172363
1883954567,"Apium graveolens",-116.776483,32.831649,2018,7,17,"US","Apium graveolens",18.0153064727783
3302406743,"Apium graveolens",-116.560382,32.822254,2021,6,8,"US","Apium graveolens",14.1271162033081
1836603113,"Apium graveolens",-117.185981,32.77505,2018,3,9,"US","Apium graveolens",18.3369998931885
3125035590,"Apium graveolens",-117.1495,32.7723,2009,5,30,"US","Apium graveolens",18.6014041900635
3759327852,"Apium graveolens",-117.047822,32.787037,2022,4,13,"US","Apium graveolens",18.7162132263184
2543044840,"Apium graveolens",-116.908381,32.762446,2019,12,28,"US","Apium graveolens",18.5528297424316
891164691,"Apium graveolens",-116.447648,32.777213,2013,6,11,"US","Apium graveolens",13.929313659668
1562914246,"Apium graveolens",-117.229331,32.748166,2017,5,8,"US","Apium graveolens",17.3445453643799
3039457882,"Apium graveolens",-117.161084,32.715738,2021,2,8,"US","Apium graveolens",18.5632286071777
3468848817,"Apium graveolens",-117.076858,32.722203,2022,2,6,"US","Apium graveolens",18.8177146911621
2609108910,"Apium graveolens",-116.983345,32.726428,2020,4,17,"US","Apium graveolens",18.6485328674316
2634303363,"Apium graveolens",-116.947743,32.72118,2020,5,24,"US","Apium graveolens",18.4015274047852
3014011808,"Apium graveolens",-117.022011,32.673108,2020,12,12,"US","Apium graveolens",18.6629619598389
2814413922,"Apium graveolens",-116.996016,32.671602,2020,6,29,"US","Apium graveolens",18.3599967956543
3070278432,"Apium graveolens",-116.864355,32.678812,2018,4,27,"US","Apium graveolens",18.3331031799316
2543031430,"Apium graveolens",-116.817728,32.684001,2019,12,27,"US","Apium graveolens",18.264139175415
3125159617,"Apium graveolens",-116.69292,32.69433,2012,6,7,"US","Apium graveolens",17.2657089233398
3125037597,"Apium graveolens",-116.58352,32.67686,2008,5,30,"US","Apium graveolens",16.6811752319336
2641391826,"Apium graveolens",-116.56719,32.67309,2020,5,20,"US","Apium graveolens",15.8460741043091
2422489858,"Apium graveolens",-116.5065,32.70481,2012,6,26,"US","Apium graveolens",15.6264734268188
3124843343,"Apium graveolens",-117.025627,32.641781,2021,5,26,"US","Apium graveolens",18.4023818969727
2626440052,"Apium graveolens",-116.97077,32.664004,2020,5,19,"US","Apium graveolens",18.2597942352295
3320852220,"Apium graveolens",-116.947566,32.647871,2021,6,28,"US","Apium graveolens",18.315372467041
2422423613,"Apium graveolens",-116.88444,32.63583,2005,5,17,"US","Apium graveolens",18.3272838592529
2422405432,"Apium graveolens",-116.86694,32.66472,2003,7,25,"US","Apium graveolens",18.2731952667236
2422427688,"Apium graveolens",-116.22783,32.66211,2005,8,9,"US","Apium graveolens",16.3213520050049
3953839563,"Apium graveolens",-114.684268,32.64934,2020,10,24,"US","Apium graveolens",23.2424354553223
3712465310,"Apium graveolens",-117.046114,32.588303,2018,9,22,"US","Apium graveolens",18.4776821136475
2422412078,"Apium graveolens",-116.92806,32.59722,2005,4,6,"US","Apium graveolens",18.4013786315918
891150407,"Apium graveolens",-117.085794,32.554293,2013,5,7,"US","Apium graveolens",18.0660648345947
3772429115,"Apium graveolens",-117.063544,32.554433,2022,4,29,"US","Apium graveolens",18.5532283782959
2988459942,"Apium graveolens",-116.82318,32.560572,2020,11,11,"US","Apium graveolens",17.9913768768311
1850987082,"Apium graveolens",-117.121643,32.536469,2018,6,14,"US","Apium graveolens",17.6687335968018
2629875905,"Apium graveolens",-116.93333,32.5,2000,6,20,"MX","Apium graveolens",18.8267307281494
3860495323,"Apium graveolens",-116.949112,32.368125,2022,6,7,"MX","Apium graveolens",17.7140827178955
2629881043,"Apium graveolens",-116.48333,32.36667,2007,6,21,"MX","Apium graveolens",18.2210464477539
2580127583,"Apium graveolens",-116.53286,32.291702,2020,3,16,"MX","Apium graveolens",18.3783130645752
2629917974,"Apium graveolens",-115.8975,32.22083,2007,6,21,"MX","Apium graveolens",13.826286315918
3070352831,"Apium graveolens",-116.872897,32.093767,2019,12,15,"MX","Apium graveolens",17.1827621459961
3947805212,"Apium graveolens",-116.494612,32.116091,2022,10,20,"MX","Apium graveolens",17.8525543212891
3802316794,"Apium graveolens",-116.44838,32.101036,2022,5,22,"MX","Apium graveolens",17.7539596557617
2882939722,"Apium graveolens",-116.871308,32.05255,2020,10,4,"MX","Apium graveolens",17.0772457122803
3058936169,"Apium graveolens",-116.414628,31.892672,2021,2,27,"MX","Apium graveolens",16.6624126434326
3874121523,"Apium graveolens",-116.433861,31.632378,2022,7,20,"MX","Apium graveolens",17.4925270080566
1880638743,"Apium graveolens",-88.086808,30.5685,2018,4,29,"US","Apium graveolens",20.0385837554932
3070641423,"Apium graveolens",-115.546928,30.157928,2020,11,16,"MX","Apium graveolens",18.4240207672119
3969765687,"Apium graveolens",-95.15,30.133333,2004,5,17,"US","Apium graveolens",20.2921962738037
1894424107,"Apium graveolens",-100.302222,25.355833,2004,5,1,"MX","Apium graveolens",14.926830291748
2422835710,"Apium graveolens",-101.102752,23.105026,2019,4,29,"MX","Apium graveolens",16.3563232421875
2629436599,"Apium graveolens",-100.522361,20.831889,2014,7,9,"MX","Apium graveolens",16.3758506774902
3308010206,"Apium graveolens",-99.31886,20.54347,2001,5,17,"MX","Apium graveolens",19.0853939056396
3308662526,"Apium graveolens",-99.27009,20.20032,2008,7,22,"MX","Apium graveolens",16.908935546875
2629752304,"Apium graveolens",-101.759444,19.951389,2005,5,8,"MX","Apium graveolens",18.0918083190918
3308625241,"Apium graveolens",-98.98361,19.60672,2001,6,28,"MX","Apium graveolens",16.8098201751709
2862540662,"Apium graveolens",-99.253484,19.318218,2020,9,2,"MX","Apium graveolens",13.9237251281738
3772724381,"Apium graveolens",-99.091327,19.294345,2021,5,16,"MX","Apium graveolens",16.8911800384521
1894241668,"Apium graveolens",-98.404722,18.887222,2013,6,11,"MX","Apium graveolens",19.6527080535889
3923314677,"Apium graveolens",-92.654178,16.73258,2022,9,20,"MX","Apium graveolens",16.2679462432861
