"gbifID","species","longitude","latitude","year","month","day","countryCode","accepted_name"
1988221506,"Berula erecta",-119.583463,49.243957,2004,7,NA,"CA","Berula erecta"
1988117857,"Berula erecta",-119.4,49.1,2000,9,5,"CA","Berula erecta"
1949654918,"Berula erecta",-121.944722,49.067222,2008,8,23,"CA","Berula erecta"
2265400840,"Berula erecta",-95.944434,47.115314,2000,7,14,"US","Berula erecta"
2265588778,"Berula erecta",-96.48195,47.020633,2013,9,5,"US","Berula erecta"
441702924,"Berula erecta",-119.23901,46.91834,2008,9,5,"US","Berula erecta"
441702941,"Berula erecta",-119.19958,46.89746,2008,9,4,"US","Berula erecta"
3759093713,"Berula erecta",-119.427339,46.662175,2021,8,26,"US","Berula erecta"
1453215655,"Berula erecta",-85.829081,44.92088,2013,8,13,"US","Berula erecta"
1571057976,"Berula erecta",-93.556402,44.868406,2015,8,29,"US","Berula erecta"
3456099373,"Berula erecta",-93.409948,44.865736,2021,9,4,"US","Berula erecta"
3747395349,"Berula erecta",-93.23566,44.847819,2022,3,24,"US","Berula erecta"
3018087466,"Berula erecta",-85.935346,44.863612,2020,7,25,"US","Berula erecta"
3415390731,"Berula erecta",-93.556707,44.809709,2021,9,4,"US","Berula erecta"
3327777306,"Berula erecta",-93.384759,44.778028,2018,7,4,"US","Berula erecta"
3398700687,"Berula erecta",-93.024186,44.785713,2021,7,16,"US","Berula erecta"
3056570552,"Berula erecta",-95.74,44.27,2018,7,16,"US","Berula erecta"
2265456934,"Berula erecta",-93.41115,44.243167,2011,7,7,"US","Berula erecta"
3499431393,"Berula erecta",-89.483494,44.056809,2021,7,8,"US","Berula erecta"
3499344394,"Berula erecta",-89.540544,43.932923,2021,10,8,"US","Berula erecta"
63854756,"Berula erecta",-117.5462,43.503,2004,9,25,"US","Berula erecta"
2620183589,"Berula erecta",-89.38358,42.977284,2020,5,2,"US","Berula erecta"
1580512959,"Berula erecta",-88.503413,42.910079,2017,7,19,"US","Berula erecta"
3302293357,"Berula erecta",-88.684656,42.798431,2019,8,25,"US","Berula erecta"
3384237128,"Berula erecta",-112.881242,42.768381,2021,9,11,"US","Berula erecta"
2245575495,"Berula erecta",-103.93228,42.764288,2018,7,21,"US","Berula erecta"
3499450400,"Berula erecta",-88.715255,42.744233,2021,7,6,"US","Berula erecta"
1933546752,"Berula erecta",-86.061205,42.638306,2018,8,18,"US","Berula erecta"
3018054535,"Berula erecta",-86.010789,42.62405,2020,10,17,"US","Berula erecta"
2242399571,"Berula erecta",-104.727727,42.4485309990604,2010,7,26,"US","Berula erecta"
1883552224,"Berula erecta",-88.389514,42.311998,2018,7,17,"US","Berula erecta"
1322997690,"Berula erecta",-85.639305,42.1935,2016,7,15,"US","Berula erecta"
2350429536,"Berula erecta",-85.590177,42.149483,2019,8,14,"US","Berula erecta"
2988640659,"Berula erecta",-88.267503,42.065722,2020,9,19,"US","Berula erecta"
1883915630,"Berula erecta",-85.754723,42.074566,2018,7,14,"US","Berula erecta"
1913656521,"Berula erecta",-85.762048,42.006674,2018,7,2,"US","Berula erecta"
2238775094,"Berula erecta",-85.672662,42.035201,2018,7,2,"US","Berula erecta"
3059702422,"Berula erecta",-122.633926,41.727022,2014,8,15,"US","Berula erecta"
1986957047,"Berula erecta",-111.809167,41.743611,2004,8,11,"US","Berula erecta"
2418034996,"Berula erecta",-122.438333,41.590833,2010,7,30,"US","Berula erecta"
891723835,"Berula erecta",-88.560861,41.621854,2013,8,1,"US","Berula erecta"
1931325349,"Berula erecta",-112.092667,41.228333,2000,8,10,"US","Berula erecta"
1572379606,"Berula erecta",-89.32507,41.205975,2017,7,8,"US","Berula erecta"
2418051568,"Berula erecta",-121.4725,41.1127779990652,2006,7,22,"US","Berula erecta"
2418049208,"Berula erecta",-121.4525,41.1102779990652,2005,7,15,"US","Berula erecta"
2242389439,"Berula erecta",-105.017643,40.992909,2010,7,20,"US","Berula erecta"
2242420294,"Berula erecta",-105.155495,40.940916,2010,7,20,"US","Berula erecta"
3428567156,"Berula erecta",-109.174795,40.424653,2002,7,30,"US","Berula erecta"
1930967315,"Berula erecta",-115.49572,40.04997,2013,8,5,"US","Berula erecta"
1987013871,"Berula erecta",-114.393852,40.0592399990705,2014,7,27,"US","Berula erecta"
2573436385,"Berula erecta",-102.371779,40.0295909990707,2013,9,23,"US","Berula erecta"
1928080915,"Berula erecta",-114.8936,39.8431,2007,7,16,"US","Berula erecta"
240488993,"Berula erecta",-110.282057,39.78429,2000,8,17,"US","Berula erecta"
2573342017,"Berula erecta",-102.45905,39.7613,2002,6,30,"US","Berula erecta"
2989450333,"Berula erecta",-102.44859,39.7584,2016,8,1,"US","Berula erecta"
2242383247,"Berula erecta",-105.068252,39.65701,2009,7,8,"US","Berula erecta"
2573340893,"Berula erecta",-107.64,39.5688,2011,7,16,"US","Berula erecta"
2242421352,"Berula erecta",-104.53499,39.56597,2015,8,10,"US","Berula erecta"
1990674748,"Berula erecta",-95.514778,39.529472,2016,10,1,"US","Berula erecta"
1986870115,"Berula erecta",-114.455075,39.2007839990757,2015,7,12,"US","Berula erecta"
1257854368,"Berula erecta",-93.568611,39.172222,2000,7,12,"US","Berula erecta"
1987020694,"Berula erecta",-119.569188,39.1023649990764,2015,8,1,"US","Berula erecta"
176890480,"Berula erecta",-96.793611,39.103333,2002,7,12,"US","Berula erecta"
176890141,"Berula erecta",-103.430275,38.923054,2000,6,25,"US","Berula erecta"
240488994,"Berula erecta",-103.41846,38.89619,2009,9,25,"US","Berula erecta"
2803135701,"Berula erecta",-117.301706,38.613389,2020,6,21,"US","Berula erecta"
2573341962,"Berula erecta",-103.903521,38.559444,2001,9,9,"US","Berula erecta"
2242359396,"Berula erecta",-102.49425,38.13123,2018,6,23,"US","Berula erecta"
3384282136,"Berula erecta",-119.132916,38.015542,2021,8,24,"US","Berula erecta"
2862595349,"Berula erecta",-119.128747,37.977689,2020,9,5,"US","Berula erecta"
3455172108,"Berula erecta",-122.308113,37.914117,2021,5,7,"US","Berula erecta"
3384289303,"Berula erecta",-121.940024,37.875277,2007,8,4,"US","Berula erecta"
2421772574,"Berula erecta",-121.611111,37.702778,2014,10,8,"US","Berula erecta"
2422496029,"Berula erecta",-118.72592,37.63644,2014,6,27,"US","Berula erecta"
3091269546,"Berula erecta",-114.4745,37.60373,2019,7,4,"US","Berula erecta"
1929090243,"Berula erecta",-113.84,37.55,2000,7,15,"US","Berula erecta"
2242353008,"Berula erecta",-105.70592,37.56146,2015,7,29,"US","Berula erecta"
3456309311,"Berula erecta",-121.837134,37.518304,2014,7,10,"US","Berula erecta"
3383939327,"Berula erecta",-118.411308,37.505703,2018,7,28,"US","Berula erecta"
3091269483,"Berula erecta",-114.35228,37.52782,2019,7,4,"US","Berula erecta"
3343825859,"Berula erecta",-118.268662,37.405987,2021,7,9,"US","Berula erecta"
2634114966,"Berula erecta",-117.996672,37.410257,2020,5,27,"US","Berula erecta"
2634103250,"Berula erecta",-118.023746,37.276489,2020,6,3,"US","Berula erecta"
2851140209,"Berula erecta",-121.796263,37.208033,2020,7,28,"US","Berula erecta"
2850709180,"Berula erecta",-118.207869,37.185566,2016,10,2,"US","Berula erecta"
1986954307,"Berula erecta",-112.5302,37.1301,2004,9,10,"US","Berula erecta"
2270695791,"Berula erecta",-112.336487,37.093218,2013,6,25,"US","Berula erecta"
1928837850,"Berula erecta",-113.913,36.8968,2000,6,1,"US","Berula erecta"
3091285809,"Berula erecta",-112.6775,36.85,2000,8,8,"US","Berula erecta"
1843911162,"Berula erecta",-104.735722,36.554444,2007,7,16,"US","Berula erecta"
2803006914,"Berula erecta",-121.149819,36.491812,2020,6,23,"US","Berula erecta"
3383948793,"Berula erecta",-118.784945,36.207741,2021,6,8,"US","Berula erecta"
1843915935,"Berula erecta",-104.704334,36.013352,2013,7,20,"US","Berula erecta"
2270228004,"Berula erecta",-120.332387,35.863877,2015,4,10,"US","Berula erecta"
1843894785,"Berula erecta",-106.6281,35.8222,2003,9,1,"US","Berula erecta"
1843898020,"Berula erecta",-106.32346,35.765021,2003,8,18,"US","Berula erecta"
2610096608,"Berula erecta",-117.916817,35.733333,2018,6,28,"US","Berula erecta"
1843904052,"Berula erecta",-103.613917,35.746555,2005,7,26,"US","Berula erecta"
2422450331,"Berula erecta",-117.93389,35.69461,2003,7,17,"US","Berula erecta"
1843898401,"Berula erecta",-106.075214,35.636764,2004,9,7,"US","Berula erecta"
233097129,"Berula erecta",-99.7314,35.5456,2005,7,26,"US","Berula erecta"
2422520454,"Berula erecta",-118.2095,35.51992,2016,10,17,"US","Berula erecta"
2270177685,"Berula erecta",-120.7891,35.3528,2003,8,25,"US","Berula erecta"
3773623689,"Berula erecta",-120.68287,35.343396,2022,5,4,"US","Berula erecta"
3499449533,"Berula erecta",-118.527167,35.303418,2021,10,7,"US","Berula erecta"
1843839901,"Berula erecta",-106.4346,35.293538,2000,7,1,"US","Berula erecta"
1843905526,"Berula erecta",-106.586621,35.166459,2000,6,26,"US","Berula erecta"
2422536704,"Berula erecta",-118.76725,35.07661,2009,6,17,"US","Berula erecta"
891146627,"Berula erecta",-120.618215,35.029206,2013,4,30,"US","Berula erecta"
2422507394,"Berula erecta",-120.59775,34.99203,2014,10,10,"US","Berula erecta"
2430287213,"Berula erecta",-118.56092,34.92963,2014,9,8,"US","Berula erecta"
1843876249,"Berula erecta",-104.678,34.943,2002,8,5,"US","Berula erecta"
2430331626,"Berula erecta",-118.67721,34.88685,2014,9,8,"US","Berula erecta"
1846483283,"Berula erecta",-112.315033,34.880482,2012,8,8,"US","Berula erecta"
2270651532,"Berula erecta",-112.208,34.8953,2001,8,27,"US","Berula erecta"
3091245845,"Berula erecta",-111.743056,34.884444,2003,7,15,"US","Berula erecta"
2430144964,"Berula erecta",-118.66598,34.869427,2013,9,13,"US","Berula erecta"
2270581569,"Berula erecta",-112.424202,34.8666,2011,6,25,"US","Berula erecta"
2270470403,"Berula erecta",-112.399,34.869,2008,6,19,"US","Berula erecta"
3091213443,"Berula erecta",-112.070028,34.8740279991146,2016,7,4,"US","Berula erecta"
3053362510,"Berula erecta",-119.0116,34.8107,2002,8,2,"US","Berula erecta"
2422434836,"Berula erecta",-118.82139,34.78583,2006,7,7,"US","Berula erecta"
3091241053,"Berula erecta",-112.022279,34.7723679991157,2010,7,17,"US","Berula erecta"
2235423243,"Berula erecta",-112.01185,34.74943,2014,5,13,"US","Berula erecta"
1843898207,"Berula erecta",-106.431,34.568,2002,9,7,"US","Berula erecta"
3031611312,"Berula erecta",-119.712063,34.440923,2016,11,17,"US","Berula erecta"
1500202722,"Berula erecta",-118.638889,34.418333,2002,6,25,"US","Berula erecta"
1988087474,"Berula erecta",-118.62,34.43,2002,6,25,"US","Berula erecta"
2430242074,"Berula erecta",-118.1922,34.4324999991197,2015,6,24,"US","Berula erecta"
2826203794,"Berula erecta",-118.889888,34.38806,2020,7,16,"US","Berula erecta"
2430388811,"Berula erecta",-118.79458,34.39767,2016,8,24,"US","Berula erecta"
1843847786,"Berula erecta",-106.80407,34.413521,2000,8,4,"US","Berula erecta"
3097263301,"Berula erecta",-119.29842,34.342145,2012,10,19,"US","Berula erecta"
2430294789,"Berula erecta",-119.0559,34.3466999991207,2015,4,2,"US","Berula erecta"
2430211827,"Berula erecta",-119.02847,34.3550799991206,2016,7,6,"US","Berula erecta"
2422458137,"Berula erecta",-117.45972,34.26778,2008,11,10,"US","Berula erecta"
3125140750,"Berula erecta",-119.27167,34.24139,2006,9,25,"US","Berula erecta"
3425154570,"Berula erecta",-118.900853748743,34.2138052291696,2003,8,20,"US","Berula erecta"
2422473767,"Berula erecta",-116.97878,34.18151,2010,9,13,"US","Berula erecta"
2422470635,"Berula erecta",-117.88778,34.16222,2009,5,8,"US","Berula erecta"
3053379478,"Berula erecta",-119.04778,34.0933499991238,2008,8,25,"US","Berula erecta"
3091264478,"Berula erecta",-108.74289,33.85924,2018,7,13,"US","Berula erecta"
1843913697,"Berula erecta",-108.62681,33.83039,2012,8,13,"US","Berula erecta"
3335149557,"Berula erecta",-117.765453,33.769806,2021,7,25,"US","Berula erecta"
2572936711,"Berula erecta",-109.05364,33.77493,2015,7,5,"US","Berula erecta"
3091264713,"Berula erecta",-108.76136,33.67653,2018,7,14,"US","Berula erecta"
2422330917,"Berula erecta",-117.00556,33.59444,2000,8,30,"US","Berula erecta"
3764235985,"Berula erecta",-117.762837,33.572486,2022,4,25,"US","Berula erecta"
2430085306,"Berula erecta",-117.607845,33.5636,2013,5,21,"US","Berula erecta"
1843898155,"Berula erecta",-107.60147,33.57158,2005,10,20,"US","Berula erecta"
2265887825,"Berula erecta",-117.320938,33.391705,2019,6,11,"US","Berula erecta"
2430531555,"Berula erecta",-116.781889,33.375,2009,7,14,"US","Berula erecta"
2422404462,"Berula erecta",-105.59806,33.31306,2002,8,16,"US","Berula erecta"
2429353177,"Berula erecta",-116.46282,33.227845,2019,9,30,"US","Berula erecta"
2641483372,"Berula erecta",-116.598133,33.133736,2019,9,1,"US","Berula erecta"
3125168608,"Berula erecta",-116.87028,33.10333,2013,7,18,"US","Berula erecta"
176890444,"Berula erecta",-108.16428,33.03065,2006,7,1,"US","Berula erecta"
2422399758,"Berula erecta",-105.65528,33.00444,2002,8,14,"US","Berula erecta"
1843908740,"Berula erecta",-105.81751,32.98495,2009,8,4,"US","Berula erecta"
3125031596,"Berula erecta",-116.5556,32.79899,2004,7,26,"US","Berula erecta"
2382641221,"Berula erecta",-116.49128,32.82069,2013,6,28,"US","Berula erecta"
2422414298,"Berula erecta",-116.80028,32.77167,2004,8,10,"US","Berula erecta"
1843907031,"Berula erecta",-105.58703,32.78242,2005,9,7,"US","Berula erecta"
2430293185,"Berula erecta",-116.6714,32.6786,2007,5,8,"US","Berula erecta"
2251346909,"Berula erecta",-116.506,32.705,2012,6,26,"US","Berula erecta"
1843908755,"Berula erecta",-104.26787,32.17769,2009,8,25,"US","Berula erecta"
3051655540,"Berula erecta",-110.575848,31.851562,2020,10,9,"US","Berula erecta"
2270696728,"Berula erecta",-110.227,31.8427,2005,8,3,"US","Berula erecta"
2618313575,"Berula erecta",-110.597475,31.795371,2019,7,21,"US","Berula erecta"
2270638939,"Berula erecta",-110.58,31.8102,2003,7,22,"US","Berula erecta"
2270693970,"Berula erecta",-110.588143,31.791498,2004,8,10,"US","Berula erecta"
2270461070,"Berula erecta",-110.45609,31.634168,2015,7,27,"US","Berula erecta"
2270491883,"Berula erecta",-110.458218,31.42637,2014,5,10,"US","Berula erecta"
3091200034,"Berula erecta",-110.597127226402,31.3339844150449,2006,9,18,"US","Berula erecta"
2847331897,"Berula erecta",-109.25972,31.33333,2000,7,13,"MX","Berula erecta"
1843913058,"Berula erecta",-108.80347,31.33921,2011,9,7,"US","Berula erecta"
2847327894,"Berula erecta",-109.2625,31.30025,2000,7,6,"MX","Berula erecta"
1895930978,"Berula erecta",-108.999056,31.281222,2011,6,22,"MX","Berula erecta"
2826461285,"Berula erecta",-115.743538,30.975678,2020,7,27,"MX","Berula erecta"
2807188834,"Berula erecta",-99.78495,30.9191,2015,5,20,"US","Berula erecta"
2629916220,"Berula erecta",-115.4819,30.89394,2012,6,28,"MX","Berula erecta"
3125232428,"Berula erecta",-115.32808,30.6946,2016,6,13,"MX","Berula erecta"
2807611900,"Berula erecta",-103.82568,30.6095,2012,9,17,"US","Berula erecta"
2807332710,"Berula erecta",-101.79483,30.46656,2004,7,26,"US","Berula erecta"
2807641277,"Berula erecta",-101.75957,30.45782,2002,4,30,"US","Berula erecta"
1895049961,"Berula erecta",-98.899417,20.746917,2008,10,25,"MX","Berula erecta"
1895049819,"Berula erecta",-98.832056,20.695833,2008,10,25,"MX","Berula erecta"
1895049969,"Berula erecta",-98.823833,20.650639,2008,10,25,"MX","Berula erecta"
1895049938,"Berula erecta",-98.625722,20.657861,2009,11,23,"MX","Berula erecta"
1895049901,"Berula erecta",-99.714917,20.559861,2009,11,23,"MX","Berula erecta"
1895049814,"Berula erecta",-99.694194,20.575778,2009,11,23,"MX","Berula erecta"
1895049895,"Berula erecta",-99.291833,20.550139,2009,11,23,"MX","Berula erecta"
1895049852,"Berula erecta",-99.308389,20.5295,2009,11,23,"MX","Berula erecta"
1895050000,"Berula erecta",-99.252056,20.284944,2009,4,5,"MX","Berula erecta"
1895049851,"Berula erecta",-98.562806,20.233861,2008,10,25,"MX","Berula erecta"
1895049823,"Berula erecta",-98.322417,20.235278,2009,1,29,"MX","Berula erecta"
1895049985,"Berula erecta",-98.700806,20.175778,2004,4,14,"MX","Berula erecta"
1895049937,"Berula erecta",-98.34285,20.185406,2008,11,30,"MX","Berula erecta"
1895049998,"Berula erecta",-98.270194,20.172117,2008,11,30,"MX","Berula erecta"
1895049968,"Berula erecta",-98.423556,20.157333,2009,1,29,"MX","Berula erecta"
1895049887,"Berula erecta",-98.40475,20.158472,2009,1,29,"MX","Berula erecta"
1895049873,"Berula erecta",-98.345233,20.146461,2008,11,30,"MX","Berula erecta"
1895049906,"Berula erecta",-98.312494,20.155156,2008,11,30,"MX","Berula erecta"
1895049920,"Berula erecta",-98.25625,20.160806,2008,11,30,"MX","Berula erecta"
1895049989,"Berula erecta",-99.337778,20.026667,2009,4,5,"MX","Berula erecta"
3308065807,"Berula erecta",-98.33417,20.025,2005,7,10,"MX","Berula erecta"
2426857316,"Berula erecta",-97.5768,19.9294,2015,8,13,"MX","Berula erecta"
1895049962,"Berula erecta",-98.352039,19.904411,2006,3,12,"MX","Berula erecta"
218948537,"Berula erecta",-101.783333,19.821667,2000,8,10,"MX","Berula erecta"
218948536,"Berula erecta",-100.866667,19.827222,2000,8,11,"MX","Berula erecta"
2302241176,"Berula erecta",-97.65837,19.81347,2015,6,24,"MX","Berula erecta"
1092877250,"Berula erecta",-99.197482,19.715677,2015,4,2,"MX","Berula erecta"
2901597761,"Berula erecta",-99.174032,19.398572,2020,10,17,"MX","Berula erecta"
3772887446,"Berula erecta",-99.098033,19.296606,2022,4,30,"MX","Berula erecta"
3773407350,"Berula erecta",-99.087778,19.274722,2022,5,1,"MX","Berula erecta"
3772668806,"Berula erecta",-99.081389,19.278056,2022,5,1,"MX","Berula erecta"
3124507556,"Berula erecta",-99.031911,19.271027,2021,5,18,"MX","Berula erecta"
3335113450,"Berula erecta",-99.553408,19.17535,2021,5,18,"MX","Berula erecta"
3308700975,"Berula erecta",-100.11406,19.1135,2011,6,20,"MX","Berula erecta"
2629021131,"Berula erecta",-99.314083,19.054139,2014,4,9,"MX","Berula erecta"
1893918634,"Berula erecta",-99.725194,18.834222,2000,8,7,"MX","Berula erecta"
1893918643,"Berula erecta",-99.635583,18.863167,2000,2,15,"MX","Berula erecta"
2629020134,"Berula erecta",-98.946055,18.819583,2013,7,11,"MX","Berula erecta"
218947926,"Berula erecta",-97.216667,18.763611,2002,3,16,"MX","Berula erecta"
1894559313,"Berula erecta",-97.091417,18.269472,2007,8,26,"MX","Berula erecta"
219010248,"Berula erecta",-97.586667,17.469722,2003,5,21,"MX","Berula erecta"
2898451924,"Berula erecta",-97.620699,17.046725,2020,10,11,"MX","Berula erecta"
3308150770,"Berula erecta",-92.7019,16.72139,2010,6,23,"MX","Berula erecta"
3124930372,"Berula erecta",-92.636828,16.710754,2021,5,24,"MX","Berula erecta"
3061558203,"Berula erecta",-92.618148,16.709271,2021,3,14,"MX","Berula erecta"
3308080437,"Berula erecta",-97.24311,16.69264,2006,7,28,"MX","Berula erecta"
3499404081,"Berula erecta",-92.61525,16.706861,2022,1,25,"MX","Berula erecta"
3308689902,"Berula erecta",-96.93042,16.63836,2006,6,16,"MX","Berula erecta"
