"gbifID","species","longitude","latitude","year","month","day","countryCode","accepted_name","mean"
1899339199,"Betula pubescens",-84.892389,54.5112779991088,2010,7,5,"CA","Betula pubescens",-3.31425857543945
3949882059,"Betula pubescens",-119.571596,49.592207,2022,5,3,"CA","Betula pubescens",7.42367029190063
3456626689,"Betula pubescens",-123.138987,49.305064,2021,10,21,"CA","Betula pubescens",10.4622211456299
3949785317,"Betula pubescens",-123.214823,49.266468,2021,7,22,"CA","Betula pubescens",10.347354888916
3949106225,"Betula pubescens",-123.039615,49.215638,2021,4,17,"CA","Betula pubescens",10.813250541687
3925155584,"Betula pubescens",-123.098343,49.173654,2022,8,21,"CA","Betula pubescens",11.2142286300659
1988141441,"Betula pubescens",-123.001944,49.204167,2012,8,22,"CA","Betula pubescens",10.8963451385498
1988237049,"Betula pubescens",-122.970833,49.202778,2013,4,23,"CA","Betula pubescens",10.896369934082
1988149958,"Betula pubescens",-123.066667,49.156111,2010,8,25,"CA","Betula pubescens",10.8766021728516
3949855187,"Betula pubescens",-123.193709,49.124882,2022,5,29,"CA","Betula pubescens",10.5844764709473
1988081889,"Betula pubescens",-122.956389,49.1125,2000,5,1,"CA","Betula pubescens",10.5452747344971
441703875,"Betula pubescens",-122.291667,47.645,2010,7,5,"US","Betula pubescens",11.496997833252
3820661800,"Betula pubescens",-122.6294,45.4811,2000,7,26,"US","Betula pubescens",12.4012823104858
1986726258,"Betula pubescens",-73.595833,45.106111,2011,10,2,"CA","Betula pubescens",6.96851110458374
3997867663,"Betula pubescens",-70.2751,44.052616,2022,10,20,"US","Betula pubescens",7.74965047836304
3949058796,"Betula pubescens",-70.409951,43.887853,2022,7,15,"US","Betula pubescens",7.71716976165771
1258088875,"Betula pubescens",-70.105,43.8594,2010,8,5,"US","Betula pubescens",8.10401630401611
3949357496,"Betula pubescens",-72.205646,43.810117,2021,11,10,"US","Betula pubescens",7.33651161193848
3949071347,"Betula pubescens",-72.796539,43.648069,2021,2,14,"US","Betula pubescens",5.21308279037476
1258089385,"Betula pubescens",-74.2063,43.4768,2010,8,8,"US","Betula pubescens",6.04873037338257
2974376715,"Betula pubescens",-72.576179,42.380772,2020,7,1,"US","Betula pubescens",9.45768928527832
3949621365,"Betula pubescens",-72.569702,42.221255,2022,6,8,"US","Betula pubescens",10.0459432601929
3949888526,"Betula pubescens",-72.510307,42.139245,2022,5,6,"US","Betula pubescens",10.4617881774902
3997857765,"Betula pubescens",-72.356972,42.060011,2022,9,27,"US","Betula pubescens",9.04598712921143
2974280481,"Betula pubescens",-81.883933,41.016357,2020,4,6,"US","Betula pubescens",10.0064735412598
2974289002,"Betula pubescens",-75.199711,40.049469,2020,4,19,"US","Betula pubescens",12.4492263793945
3331195153,"Betula pubescens",-76.350848,39.999569,2006,9,11,"US","Betula pubescens",12.0867433547974
2418035105,"Betula pubescens",-121.801389,39.750833,2012,5,10,"US","Betula pubescens",17.3355236053467
3997791890,"Betula pubescens",-84.032555,39.220615,2022,8,31,"US","Betula pubescens",11.8327083587646
1928685772,"Betula pubescens",-113.613278,37.095736,2006,4,18,"US","Betula pubescens",17.6190586090088
