"gbifID","species","longitude","latitude","year","month","day","countryCode","accepted_name"
3090965883,"Casimiroa greggii",-100.406863,25.751022,2021,4,14,"MX","Casimiroa greggii"
1805409393,"Casimiroa greggii",-100.339424,25.763876,2018,1,7,"MX","Casimiroa greggii"
3090848477,"Casimiroa greggii",-100.433449,25.748974,2019,4,28,"MX","Casimiroa greggii"
3090837493,"Casimiroa greggii",-100.413857,25.729363,2019,4,27,"MX","Casimiroa greggii"
2611141601,"Casimiroa greggii",-100.250389,25.669535,2020,4,26,"MX","Casimiroa greggii"
2006085621,"Casimiroa greggii",-100.245478,25.671742,2019,2,24,"MX","Casimiroa greggii"
3090543357,"Casimiroa greggii",-100.460995,25.648902,2018,2,15,"MX","Casimiroa greggii"
2239015141,"Casimiroa greggii",-100.254242,25.662027,2019,4,26,"MX","Casimiroa greggii"
3925096993,"Casimiroa greggii",-100.245309,25.642997,2022,6,13,"MX","Casimiroa greggii"
3090546988,"Casimiroa greggii",-100.197815,25.636995,2021,3,31,"MX","Casimiroa greggii"
3903307070,"Casimiroa greggii",-100.485168,25.574541,2022,9,10,"MX","Casimiroa greggii"
1229612870,"Casimiroa greggii",-100.270782,25.55035,2016,1,11,"MX","Casimiroa greggii"
3988521438,"Casimiroa greggii",-100.149498,25.544447,2022,4,30,"MX","Casimiroa greggii"
1571137932,"Casimiroa greggii",-100.20237,25.456362,2017,4,22,"MX","Casimiroa greggii"
3090624554,"Casimiroa greggii",-100.114443,25.433913,2019,6,30,"MX","Casimiroa greggii"
1880598320,"Casimiroa greggii",-100.125862,25.284847,2018,5,19,"MX","Casimiroa greggii"
3090821372,"Casimiroa greggii",-100.09712,25.220111,2014,7,11,"MX","Casimiroa greggii"
1894426008,"Casimiroa greggii",-100.063611,25.22,2004,6,26,"MX","Casimiroa greggii"
1914308985,"Casimiroa greggii",-99.935103,25.043759,2018,6,12,"MX","Casimiroa greggii"
1702480831,"Casimiroa greggii",-99.541106,24.794788,2017,11,7,"MX","Casimiroa greggii"
1586152311,"Casimiroa greggii",-99.785385,24.748254,2017,8,5,"MX","Casimiroa greggii"
3308676329,"Casimiroa greggii",-97.84917,23.89694,2008,10,7,"MX","Casimiroa greggii"
3308082819,"Casimiroa greggii",-97.81,23.89389,2008,7,22,"MX","Casimiroa greggii"
3302346027,"Casimiroa greggii",-99.21946,23.702578,2021,6,8,"MX","Casimiroa greggii"
