"gbifID","species","longitude","latitude","year","month","day","countryCode","basisOfRecord","accepted_name"
3873674122,"Ceanothus fendleri",-105.237273,42.581298,2022,7,7,"US","HUMAN_OBSERVATION","Ceanothus fendleri"
2626934496,"Ceanothus fendleri",-105.361667,42.436111,2016,9,6,"US","PRESERVED_SPECIMEN","Ceanothus fendleri"
3985645710,"Ceanothus fendleri",-105.32563,42.42495,2022,7,6,"US","HUMAN_OBSERVATION","Ceanothus fendleri"
811857537,"Ceanothus fendleri",-105.470774,41.054586,2012,6,24,"US","PRESERVED_SPECIMEN","Ceanothus fendleri"
1990453800,"Ceanothus fendleri",-105.185731,40.593303,2018,9,16,"US","HUMAN_OBSERVATION","Ceanothus fendleri"
3798126482,"Ceanothus fendleri",-105.15,40.61,2016,5,21,"US","PRESERVED_SPECIMEN","Ceanothus fendleri"
4510308776,"Ceanothus fendleri",-105.182586,40.567822,2022,10,15,"US","HUMAN_OBSERVATION","Ceanothus fendleri"
2573418333,"Ceanothus fendleri",-105.240839,40.428754,2001,5,26,"US","PRESERVED_SPECIMEN","Ceanothus fendleri"
4510046674,"Ceanothus fendleri",-105.594807,40.397473,2022,7,18,"US","HUMAN_OBSERVATION","Ceanothus fendleri"
2826171580,"Ceanothus fendleri",-105.564858,40.376377,2020,6,19,"US","HUMAN_OBSERVATION","Ceanothus fendleri"
3985717677,"Ceanothus fendleri",-105.52507,40.401387,2022,7,11,"US","HUMAN_OBSERVATION","Ceanothus fendleri"
4500527343,"Ceanothus fendleri",-105.567663,40.359842,2023,7,17,"US","HUMAN_OBSERVATION","Ceanothus fendleri"
3889107459,"Ceanothus fendleri",-105.539787,40.219525,2022,7,8,"US","HUMAN_OBSERVATION","Ceanothus fendleri"
3986107636,"Ceanothus fendleri",-105.412767,40.234628,2022,6,25,"US","HUMAN_OBSERVATION","Ceanothus fendleri"
3456465040,"Ceanothus fendleri",-105.223056,40.247819,2017,7,14,"US","HUMAN_OBSERVATION","Ceanothus fendleri"
2813950974,"Ceanothus fendleri",-105.479768,40.199082,2020,6,30,"US","HUMAN_OBSERVATION","Ceanothus fendleri"
3892739101,"Ceanothus fendleri",-105.301111,40.176389,2010,7,15,"US","PRESERVED_SPECIMEN","Ceanothus fendleri"
4507667565,"Ceanothus fendleri",-105.551372,40.166023,2023,9,23,"US","HUMAN_OBSERVATION","Ceanothus fendleri"
4510268997,"Ceanothus fendleri",-105.470528,40.152725,2023,7,22,"US","HUMAN_OBSERVATION","Ceanothus fendleri"
3325511142,"Ceanothus fendleri",-105.3744,40.126951,2021,7,3,"US","HUMAN_OBSERVATION","Ceanothus fendleri"
3764099090,"Ceanothus fendleri",-105.315891,40.150787,2022,4,26,"US","HUMAN_OBSERVATION","Ceanothus fendleri"
4510028661,"Ceanothus fendleri",-105.205593,40.147054,2022,5,30,"US","HUMAN_OBSERVATION","Ceanothus fendleri"
3985717676,"Ceanothus fendleri",-107.455657,40.058547,2022,7,10,"US","HUMAN_OBSERVATION","Ceanothus fendleri"
3859776075,"Ceanothus fendleri",-105.337804,40.059424,2022,6,27,"US","HUMAN_OBSERVATION","Ceanothus fendleri"
3456488823,"Ceanothus fendleri",-105.319792,40.059347,2021,9,19,"US","HUMAN_OBSERVATION","Ceanothus fendleri"
2826123535,"Ceanothus fendleri",-105.186264,40.043683,2018,6,10,"US","HUMAN_OBSERVATION","Ceanothus fendleri"
3465977460,"Ceanothus fendleri",-105.391817,40.024059,2020,7,5,"US","HUMAN_OBSERVATION","Ceanothus fendleri"
3902123036,"Ceanothus fendleri",-105.367112,40.038853,2022,7,2,"US","HUMAN_OBSERVATION","Ceanothus fendleri"
4510219206,"Ceanothus fendleri",-105.304646,40.01772,2023,10,18,"US","HUMAN_OBSERVATION","Ceanothus fendleri"
4510291639,"Ceanothus fendleri",-105.284615,40.038525,2022,6,12,"US","HUMAN_OBSERVATION","Ceanothus fendleri"
4171692571,"Ceanothus fendleri",-105.516135,39.979323,2023,7,24,"US","HUMAN_OBSERVATION","Ceanothus fendleri"
4512032697,"Ceanothus fendleri",-105.448163,39.959335,2022,6,18,"US","HUMAN_OBSERVATION","Ceanothus fendleri"
2826190610,"Ceanothus fendleri",-105.383506,39.958637,2020,7,5,"US","HUMAN_OBSERVATION","Ceanothus fendleri"
4510024055,"Ceanothus fendleri",-105.34282,39.960033,2023,7,25,"US","HUMAN_OBSERVATION","Ceanothus fendleri"
4512130866,"Ceanothus fendleri",-105.303637,39.990272,2023,7,20,"US","HUMAN_OBSERVATION","Ceanothus fendleri"
4510050940,"Ceanothus fendleri",-105.280333,39.962217,2023,7,4,"US","HUMAN_OBSERVATION","Ceanothus fendleri"
3031655780,"Ceanothus fendleri",-105.513667,39.946351,2020,7,6,"US","HUMAN_OBSERVATION","Ceanothus fendleri"
4424533800,"Ceanothus fendleri",-105.360122,39.955137,2023,9,4,"US","HUMAN_OBSERVATION","Ceanothus fendleri"
4424099737,"Ceanothus fendleri",-105.316729,39.944815,2023,9,4,"US","HUMAN_OBSERVATION","Ceanothus fendleri"
3985708612,"Ceanothus fendleri",-105.269423,39.92046,2022,6,26,"US","HUMAN_OBSERVATION","Ceanothus fendleri"
3915438905,"Ceanothus fendleri",-105.235362,39.919466,2017,6,19,"US","HUMAN_OBSERVATION","Ceanothus fendleri"
3455547996,"Ceanothus fendleri",-105.334072,39.893248,2021,7,26,"US","HUMAN_OBSERVATION","Ceanothus fendleri"
2988261305,"Ceanothus fendleri",-105.275786,39.902361,2019,7,13,"US","PRESERVED_SPECIMEN","Ceanothus fendleri"
3986020655,"Ceanothus fendleri",-105.375038,39.84967,2022,6,23,"US","HUMAN_OBSERVATION","Ceanothus fendleri"
3398747788,"Ceanothus fendleri",-105.357788,39.852438,2021,7,29,"US","HUMAN_OBSERVATION","Ceanothus fendleri"
3307547788,"Ceanothus fendleri",-105.263567,39.861103,2021,6,15,"US","HUMAN_OBSERVATION","Ceanothus fendleri"
3985666631,"Ceanothus fendleri",-105.291867,39.820878,2022,6,27,"US","HUMAN_OBSERVATION","Ceanothus fendleri"
3888994468,"Ceanothus fendleri",-105.286531,39.818814,2022,6,30,"US","HUMAN_OBSERVATION","Ceanothus fendleri"
2573421317,"Ceanothus fendleri",-105.51333,39.76,2003,7,11,"US","PRESERVED_SPECIMEN","Ceanothus fendleri"
574776410,"Ceanothus fendleri",-105.365517,39.74,2008,10,23,"US","LIVING_SPECIMEN","Ceanothus fendleri"
3925136752,"Ceanothus fendleri",-105.333197,39.718717,2022,6,26,"US","HUMAN_OBSERVATION","Ceanothus fendleri"
4424099855,"Ceanothus fendleri",-105.252358,39.732517,2023,9,24,"US","HUMAN_OBSERVATION","Ceanothus fendleri"
4424295484,"Ceanothus fendleri",-105.222802,39.713858,2022,6,12,"US","HUMAN_OBSERVATION","Ceanothus fendleri"
4512055947,"Ceanothus fendleri",-105.374058,39.674837,2023,7,11,"US","HUMAN_OBSERVATION","Ceanothus fendleri"
3859982513,"Ceanothus fendleri",-105.371842,39.660075,2022,6,26,"US","HUMAN_OBSERVATION","Ceanothus fendleri"
3903183764,"Ceanothus fendleri",-105.325445,39.630096,2021,6,18,"US","HUMAN_OBSERVATION","Ceanothus fendleri"
2826271316,"Ceanothus fendleri",-105.271153,39.658054,2017,12,19,"US","HUMAN_OBSERVATION","Ceanothus fendleri"
4512073624,"Ceanothus fendleri",-105.210421,39.646879,2022,6,20,"US","HUMAN_OBSERVATION","Ceanothus fendleri"
4512067015,"Ceanothus fendleri",-107.158509,39.604929,2023,7,4,"US","HUMAN_OBSERVATION","Ceanothus fendleri"
3798105151,"Ceanothus fendleri",-105.23,39.62,2000,6,2,"US","PRESERVED_SPECIMEN","Ceanothus fendleri"
2242379040,"Ceanothus fendleri",-108.950702,39.581027,2005,6,22,"US","PRESERVED_SPECIMEN","Ceanothus fendleri"
3985711656,"Ceanothus fendleri",-105.018547,39.566742,2022,7,4,"US","HUMAN_OBSERVATION","Ceanothus fendleri"
3466193501,"Ceanothus fendleri",-105.3057,39.520252,2021,7,11,"US","HUMAN_OBSERVATION","Ceanothus fendleri"
4510407413,"Ceanothus fendleri",-105.251503,39.465374,2021,7,4,"US","HUMAN_OBSERVATION","Ceanothus fendleri"
3798110619,"Ceanothus fendleri",-105.12,39.43,2002,6,8,"US","PRESERVED_SPECIMEN","Ceanothus fendleri"
3031838529,"Ceanothus fendleri",-105.191565,39.401768,2019,8,20,"US","HUMAN_OBSERVATION","Ceanothus fendleri"
4424577601,"Ceanothus fendleri",-105.162405,39.406217,2023,9,9,"US","HUMAN_OBSERVATION","Ceanothus fendleri"
2611107711,"Ceanothus fendleri",-105.102301,39.384756,2020,4,24,"US","HUMAN_OBSERVATION","Ceanothus fendleri"
3902945036,"Ceanothus fendleri",-105.25132,39.339528,2022,8,25,"US","HUMAN_OBSERVATION","Ceanothus fendleri"
3067794986,"Ceanothus fendleri",-105.131508,39.32352,2020,6,19,"US","HUMAN_OBSERVATION","Ceanothus fendleri"
2242359671,"Ceanothus fendleri",-105.03699,39.31179,2017,6,27,"US","PRESERVED_SPECIMEN","Ceanothus fendleri"
4510056744,"Ceanothus fendleri",-105.058108,39.265222,2022,9,9,"US","HUMAN_OBSERVATION","Ceanothus fendleri"
4421592587,"Ceanothus fendleri",-107.4479,39.1716,2012,6,15,"US","PRESERVED_SPECIMEN","Ceanothus fendleri"
2451559300,"Ceanothus fendleri",-104.96318,39.20827,2019,7,8,"US","PRESERVED_SPECIMEN","Ceanothus fendleri"
4512032719,"Ceanothus fendleri",-104.883308,39.163783,2022,7,13,"US","HUMAN_OBSERVATION","Ceanothus fendleri"
4421592797,"Ceanothus fendleri",-107.5276,38.996,2012,6,14,"US","PRESERVED_SPECIMEN","Ceanothus fendleri"
3456817401,"Ceanothus fendleri",-107.254353,38.960053,2021,10,5,"US","HUMAN_OBSERVATION","Ceanothus fendleri"
4510011067,"Ceanothus fendleri",-107.337303,38.9233,2023,8,3,"US","HUMAN_OBSERVATION","Ceanothus fendleri"
2813949430,"Ceanothus fendleri",-107.20633,38.93495,2020,6,30,"US","HUMAN_OBSERVATION","Ceanothus fendleri"
3798046316,"Ceanothus fendleri",-107.73,38.89,2008,6,25,"US","PRESERVED_SPECIMEN","Ceanothus fendleri"
3897873437,"Ceanothus fendleri",-107.7,38.9,2008,6,25,"US","PRESERVED_SPECIMEN","Ceanothus fendleri"
2814216446,"Ceanothus fendleri",-106.927712,38.86187,2020,7,5,"US","HUMAN_OBSERVATION","Ceanothus fendleri"
3776199589,"Ceanothus fendleri",-106.83269,38.74812,2019,7,21,"US","PRESERVED_SPECIMEN","Ceanothus fendleri"
2573461952,"Ceanothus fendleri",-106.1606,38.6717,2000,7,10,"US","PRESERVED_SPECIMEN","Ceanothus fendleri"
4011687389,"Ceanothus fendleri",-109.255665,38.592842,2021,7,3,"US","HUMAN_OBSERVATION","Ceanothus fendleri"
3764518349,"Ceanothus fendleri",-109.235584,38.615884,2021,6,24,"US","HUMAN_OBSERVATION","Ceanothus fendleri"
4421592799,"Ceanothus fendleri",-108.4212,38.5125,2011,7,8,"US","PRESERVED_SPECIMEN","Ceanothus fendleri"
2573419075,"Ceanothus fendleri",-107.56938,38.48965,2003,9,7,"US","PRESERVED_SPECIMEN","Ceanothus fendleri"
3985743641,"Ceanothus fendleri",-107.414533,38.454606,2022,6,28,"US","HUMAN_OBSERVATION","Ceanothus fendleri"
4421592313,"Ceanothus fendleri",-108.1785,38.4022,2011,6,27,"US","PRESERVED_SPECIMEN","Ceanothus fendleri"
2573423276,"Ceanothus fendleri",-105.8594,38.383467,2009,6,13,"US","PRESERVED_SPECIMEN","Ceanothus fendleri"
2573419362,"Ceanothus fendleri",-105.849932,38.293519,2006,6,21,"US","PRESERVED_SPECIMEN","Ceanothus fendleri"
4421592800,"Ceanothus fendleri",-107.9547,38.282,2011,7,30,"US","PRESERVED_SPECIMEN","Ceanothus fendleri"
2826391375,"Ceanothus fendleri",-111.213224,38.217106,2019,9,17,"US","HUMAN_OBSERVATION","Ceanothus fendleri"
2573422203,"Ceanothus fendleri",-105.807,38.1875,2008,7,23,"US","PRESERVED_SPECIMEN","Ceanothus fendleri"
4011607571,"Ceanothus fendleri",-111.325845,38.132217,2022,7,22,"US","HUMAN_OBSERVATION","Ceanothus fendleri"
4171414556,"Ceanothus fendleri",-110.772622,38.087813,2023,7,6,"US","HUMAN_OBSERVATION","Ceanothus fendleri"
2573416372,"Ceanothus fendleri",-105.02282,38.09229,2000,9,30,"US","PRESERVED_SPECIMEN","Ceanothus fendleri"
2242415083,"Ceanothus fendleri",-104.95304,38.11362,2013,7,23,"US","PRESERVED_SPECIMEN","Ceanothus fendleri"
3399105352,"Ceanothus fendleri",-105.001981,38.04799,2017,7,19,"US","HUMAN_OBSERVATION","Ceanothus fendleri"
4011629497,"Ceanothus fendleri",-111.360633,38.010708,2022,7,16,"US","HUMAN_OBSERVATION","Ceanothus fendleri"
3892728457,"Ceanothus fendleri",-107.633323,38.00001,2001,6,29,"US","PRESERVED_SPECIMEN","Ceanothus fendleri"
3391706317,"Ceanothus fendleri",-105.001937,38.021073,2019,6,29,"US","HUMAN_OBSERVATION","Ceanothus fendleri"
3343899471,"Ceanothus fendleri",-104.971925,38.039347,2021,6,15,"US","HUMAN_OBSERVATION","Ceanothus fendleri"
2826203358,"Ceanothus fendleri",-107.647563,37.987177,2014,6,15,"US","HUMAN_OBSERVATION","Ceanothus fendleri"
4011700510,"Ceanothus fendleri",-105.008369,37.9823,2022,6,19,"US","HUMAN_OBSERVATION","Ceanothus fendleri"
3091209979,"Ceanothus fendleri",-109.802983,37.877367,2016,7,19,"US","PRESERVED_SPECIMEN","Ceanothus fendleri"
4011516375,"Ceanothus fendleri",-109.559596,37.875432,2021,5,27,"US","HUMAN_OBSERVATION","Ceanothus fendleri"
4011540419,"Ceanothus fendleri",-109.522118,37.896272,2021,8,7,"US","HUMAN_OBSERVATION","Ceanothus fendleri"
3502997448,"Ceanothus fendleri",-105.386043,37.88128,2021,7,10,"US","PRESERVED_SPECIMEN","Ceanothus fendleri"
4153084424,"Ceanothus fendleri",-111.445931,37.854929,2004,8,25,"US","PRESERVED_SPECIMEN","Ceanothus fendleri"
4022947316,"Ceanothus fendleri",-109.78344,37.864477,2004,6,30,"US","PRESERVED_SPECIMEN","Ceanothus fendleri"
4011576468,"Ceanothus fendleri",-109.696383,37.834951,2022,6,22,"US","HUMAN_OBSERVATION","Ceanothus fendleri"
4011649406,"Ceanothus fendleri",-109.64998,37.833935,2021,7,15,"US","HUMAN_OBSERVATION","Ceanothus fendleri"
4011676387,"Ceanothus fendleri",-109.623128,37.849312,2021,7,15,"US","HUMAN_OBSERVATION","Ceanothus fendleri"
3327785905,"Ceanothus fendleri",-109.40702,37.869964,2021,7,10,"US","HUMAN_OBSERVATION","Ceanothus fendleri"
4011555496,"Ceanothus fendleri",-109.729459,37.814412,2022,6,22,"US","HUMAN_OBSERVATION","Ceanothus fendleri"
4011795471,"Ceanothus fendleri",-109.555581,37.798175,2022,6,23,"US","HUMAN_OBSERVATION","Ceanothus fendleri"
2422423771,"Ceanothus fendleri",-111.90533,37.75167,2004,8,25,"US","PRESERVED_SPECIMEN","Ceanothus fendleri"
2885016351,"Ceanothus fendleri",-109.758783,37.769461,2014,7,19,"US","PRESERVED_SPECIMEN","Ceanothus fendleri"
3091228049,"Ceanothus fendleri",-108.7767658,37.7608781,2004,6,5,"US","PRESERVED_SPECIMEN","Ceanothus fendleri"
2573437175,"Ceanothus fendleri",-108.452533,37.76435,2011,7,14,"US","PRESERVED_SPECIMEN","Ceanothus fendleri"
3091257570,"Ceanothus fendleri",-112.244483,37.735467,2011,6,25,"US","PRESERVED_SPECIMEN","Ceanothus fendleri"
4073896505,"Ceanothus fendleri",-111.9104256,37.747619,2004,8,25,"US","PRESERVED_SPECIMEN","Ceanothus fendleri"
4011843403,"Ceanothus fendleri",-109.803092,37.71948,2021,7,16,"US","HUMAN_OBSERVATION","Ceanothus fendleri"
4011674397,"Ceanothus fendleri",-109.774562,37.728172,2021,7,9,"US","HUMAN_OBSERVATION","Ceanothus fendleri"
2826389698,"Ceanothus fendleri",-107.763026,37.721911,2014,7,2,"US","HUMAN_OBSERVATION","Ceanothus fendleri"
4171165418,"Ceanothus fendleri",-111.896142,37.677633,2022,6,5,"US","HUMAN_OBSERVATION","Ceanothus fendleri"
2598721700,"Ceanothus fendleri",-109.75175,37.683713,2012,6,9,"US","PRESERVED_SPECIMEN","Ceanothus fendleri"
4011519351,"Ceanothus fendleri",-112.708267,37.654613,2020,7,2,"US","HUMAN_OBSERVATION","Ceanothus fendleri"
4068920688,"Ceanothus fendleri",-112.61418,37.63595,2009,6,8,"US","PRESERVED_SPECIMEN","Ceanothus fendleri"
3384578432,"Ceanothus fendleri",-112.164292,37.633013,2021,10,5,"US","HUMAN_OBSERVATION","Ceanothus fendleri"
2826421306,"Ceanothus fendleri",-112.16188,37.62458,2014,7,6,"US","HUMAN_OBSERVATION","Ceanothus fendleri"
3986162621,"Ceanothus fendleri",-107.775795,37.597008,2022,6,20,"US","HUMAN_OBSERVATION","Ceanothus fendleri"
3798118301,"Ceanothus fendleri",-108.51,37.58,2009,6,18,"US","PRESERVED_SPECIMEN","Ceanothus fendleri"
4153448420,"Ceanothus fendleri",-112.260712,37.531897,2023,7,7,"US","HUMAN_OBSERVATION","Ceanothus fendleri"
4138403215,"Ceanothus fendleri",-108.437125,37.526992,2023,6,21,"US","HUMAN_OBSERVATION","Ceanothus fendleri"
4512045077,"Ceanothus fendleri",-107.790361,37.527796,2023,8,13,"US","HUMAN_OBSERVATION","Ceanothus fendleri"
3091243228,"Ceanothus fendleri",-107.14579,37.5094,2003,6,30,"US","PRESERVED_SPECIMEN","Ceanothus fendleri"
4011849934,"Ceanothus fendleri",-112.754019,37.498742,2022,7,3,"US","HUMAN_OBSERVATION","Ceanothus fendleri"
4510013488,"Ceanothus fendleri",-107.85705,37.461608,2021,6,30,"US","HUMAN_OBSERVATION","Ceanothus fendleri"
2270489199,"Ceanothus fendleri",-112.212401,37.432278,2013,7,5,"US","PRESERVED_SPECIMEN","Ceanothus fendleri"
2826202605,"Ceanothus fendleri",-107.557639,37.442856,2020,6,18,"US","HUMAN_OBSERVATION","Ceanothus fendleri"
4442374819,"Ceanothus fendleri",-107.212028,37.447522,2023,7,3,"US","HUMAN_OBSERVATION","Ceanothus fendleri"
2422475391,"Ceanothus fendleri",-113.45555,37.37545,2009,6,26,"US","PRESERVED_SPECIMEN","Ceanothus fendleri"
4011509349,"Ceanothus fendleri",-113.016105,37.375795,2020,7,18,"US","HUMAN_OBSERVATION","Ceanothus fendleri"
3327987198,"Ceanothus fendleri",-108.27174,37.40714,2021,6,30,"US","HUMAN_OBSERVATION","Ceanothus fendleri"
4512053935,"Ceanothus fendleri",-107.203007,37.41347,2023,7,9,"US","HUMAN_OBSERVATION","Ceanothus fendleri"
2851032691,"Ceanothus fendleri",-113.06821,37.356124,2013,6,12,"US","HUMAN_OBSERVATION","Ceanothus fendleri"
3091266116,"Ceanothus fendleri",-112.87151,37.353236,2010,7,10,"US","PRESERVED_SPECIMEN","Ceanothus fendleri"
3307417844,"Ceanothus fendleri",-113.057547,37.330763,2021,6,15,"US","HUMAN_OBSERVATION","Ceanothus fendleri"
2856528129,"Ceanothus fendleri",-112.922788,37.29463,2020,6,15,"US","HUMAN_OBSERVATION","Ceanothus fendleri"
4011559556,"Ceanothus fendleri",-112.911545,37.294055,2022,8,13,"US","HUMAN_OBSERVATION","Ceanothus fendleri"
4510243991,"Ceanothus fendleri",-107.866295,37.313472,2023,6,16,"US","HUMAN_OBSERVATION","Ceanothus fendleri"
4417124785,"Ceanothus fendleri",-104.93228,37.293503,2023,9,23,"US","HUMAN_OBSERVATION","Ceanothus fendleri"
2545505571,"Ceanothus fendleri",-113.487801,37.262531,2013,NA,NA,"US","HUMAN_OBSERVATION","Ceanothus fendleri"
4510012355,"Ceanothus fendleri",-107.100407,37.275125,2019,11,24,"US","HUMAN_OBSERVATION","Ceanothus fendleri"
2573464311,"Ceanothus fendleri",-106.98279,37.16715,2013,6,12,"US","PRESERVED_SPECIMEN","Ceanothus fendleri"
2242422327,"Ceanothus fendleri",-106.26147,37.19896,2015,7,27,"US","PRESERVED_SPECIMEN","Ceanothus fendleri"
2814093469,"Ceanothus fendleri",-104.927591,37.181561,2020,6,27,"US","HUMAN_OBSERVATION","Ceanothus fendleri"
4424398624,"Ceanothus fendleri",-106.929375,37.117972,2023,7,3,"US","HUMAN_OBSERVATION","Ceanothus fendleri"
2242356556,"Ceanothus fendleri",-106.838767,37.079317,2003,6,20,"US","PRESERVED_SPECIMEN","Ceanothus fendleri"
3091193050,"Ceanothus fendleri",-110.8646119,37.0140712,2003,6,18,"US","PRESERVED_SPECIMEN","Ceanothus fendleri"
4430886427,"Ceanothus fendleri",-105.359017,37.0341,2020,6,28,"US","HUMAN_OBSERVATION","Ceanothus fendleri"
2242410616,"Ceanothus fendleri",-105.173782,36.934772,2008,6,17,"US","PRESERVED_SPECIMEN","Ceanothus fendleri"
2573463655,"Ceanothus fendleri",-104.731778,36.882028,2007,6,20,"US","PRESERVED_SPECIMEN","Ceanothus fendleri"
1621792332,"Ceanothus fendleri",-112.257,36.768,2017,8,14,"US","HUMAN_OBSERVATION","Ceanothus fendleri"
1890720393,"Ceanothus fendleri",-112.213775,36.7621,2018,8,8,"US","HUMAN_OBSERVATION","Ceanothus fendleri"
4009682394,"Ceanothus fendleri",-112.176237,36.770678,2021,9,22,"US","HUMAN_OBSERVATION","Ceanothus fendleri"
1880601125,"Ceanothus fendleri",-105.216767,36.777247,2018,6,24,"US","HUMAN_OBSERVATION","Ceanothus fendleri"
4138410109,"Ceanothus fendleri",-112.225913,36.709703,2023,6,17,"US","HUMAN_OBSERVATION","Ceanothus fendleri"
3912302463,"Ceanothus fendleri",-112.190072,36.749522,2022,9,15,"US","HUMAN_OBSERVATION","Ceanothus fendleri"
4011530560,"Ceanothus fendleri",-112.213756,36.699749,2022,9,23,"US","HUMAN_OBSERVATION","Ceanothus fendleri"
3091282884,"Ceanothus fendleri",-112.196329,36.691806,2012,7,26,"US","PRESERVED_SPECIMEN","Ceanothus fendleri"
4009708382,"Ceanothus fendleri",-112.194167,36.66662,2021,7,31,"US","HUMAN_OBSERVATION","Ceanothus fendleri"
3091249336,"Ceanothus fendleri",-112.1592499,36.6640118,2009,8,4,"US","PRESERVED_SPECIMEN","Ceanothus fendleri"
2270484218,"Ceanothus fendleri",-112.264917,36.62075,2016,7,31,"US","PRESERVED_SPECIMEN","Ceanothus fendleri"
2813940407,"Ceanothus fendleri",-112.177841,36.600554,2019,7,26,"US","HUMAN_OBSERVATION","Ceanothus fendleri"
3858754197,"Ceanothus fendleri",-112.28153,36.581506,2022,6,29,"US","HUMAN_OBSERVATION","Ceanothus fendleri"
4009728492,"Ceanothus fendleri",-105.531937,36.561373,2022,8,19,"US","HUMAN_OBSERVATION","Ceanothus fendleri"
1846516209,"Ceanothus fendleri",-112.456821,36.524502,2010,6,18,"US","PRESERVED_SPECIMEN","Ceanothus fendleri"
1929871944,"Ceanothus fendleri",-112.3705247,36.5199427,2005,7,16,"US","PRESERVED_SPECIMEN","Ceanothus fendleri"
2560338665,"Ceanothus fendleri",-112.332655,36.527074,2004,6,11,"US","PRESERVED_SPECIMEN","Ceanothus fendleri"
4011559303,"Ceanothus fendleri",-112.141957,36.502019,2017,6,18,"US","HUMAN_OBSERVATION","Ceanothus fendleri"
4430477524,"Ceanothus fendleri",-106.068025,36.53015,2023,6,27,"US","HUMAN_OBSERVATION","Ceanothus fendleri"
3070293766,"Ceanothus fendleri",-105.171622,36.521345,2019,8,9,"US","HUMAN_OBSERVATION","Ceanothus fendleri"
4162069200,"Ceanothus fendleri",-105.166511,36.51532,2023,7,12,"US","HUMAN_OBSERVATION","Ceanothus fendleri"
1846498663,"Ceanothus fendleri",-112.412007,36.474417,2002,8,30,"US","PRESERVED_SPECIMEN","Ceanothus fendleri"
4145322235,"Ceanothus fendleri",-112.074555,36.443583,2023,6,30,"US","HUMAN_OBSERVATION","Ceanothus fendleri"
3383885650,"Ceanothus fendleri",-106.860183,36.441305,2021,5,6,"US","HUMAN_OBSERVATION","Ceanothus fendleri"
4011498354,"Ceanothus fendleri",-112.273046,36.381462,2020,10,11,"US","HUMAN_OBSERVATION","Ceanothus fendleri"
3125131773,"Ceanothus fendleri",-112.09575,36.38902,2004,7,27,"US","PRESERVED_SPECIMEN","Ceanothus fendleri"
1572338089,"Ceanothus fendleri",-112.317627,36.359737,2017,6,21,"US","HUMAN_OBSERVATION","Ceanothus fendleri"
4510041947,"Ceanothus fendleri",-105.406212,36.365708,2023,7,4,"US","HUMAN_OBSERVATION","Ceanothus fendleri"
4405250890,"Ceanothus fendleri",-105.30082,36.345296,2023,8,21,"US","HUMAN_OBSERVATION","Ceanothus fendleri"
3333305046,"Ceanothus fendleri",-111.993749,36.303144,2021,7,25,"US","HUMAN_OBSERVATION","Ceanothus fendleri"
4442372908,"Ceanothus fendleri",-109.153788,36.2964,2023,6,15,"US","HUMAN_OBSERVATION","Ceanothus fendleri"
3858818034,"Ceanothus fendleri",-105.276267,36.33088,2022,7,2,"US","HUMAN_OBSERVATION","Ceanothus fendleri"
3051655566,"Ceanothus fendleri",-112.088856,36.280549,2019,7,2,"US","PRESERVED_SPECIMEN","Ceanothus fendleri"
4162481085,"Ceanothus fendleri",-111.983928,36.2791,2023,7,15,"US","HUMAN_OBSERVATION","Ceanothus fendleri"
3091241779,"Ceanothus fendleri",-109.11327,36.27749,2003,7,30,"US","PRESERVED_SPECIMEN","Ceanothus fendleri"
4162362629,"Ceanothus fendleri",-112.053667,36.219836,2023,7,14,"US","HUMAN_OBSERVATION","Ceanothus fendleri"
4011741307,"Ceanothus fendleri",-111.974451,36.230067,2018,6,18,"US","HUMAN_OBSERVATION","Ceanothus fendleri"
3892728454,"Ceanothus fendleri",-106.644117,36.23855,2002,7,8,"US","PRESERVED_SPECIMEN","Ceanothus fendleri"
4009695478,"Ceanothus fendleri",-112.089056,36.186335,2022,6,10,"US","HUMAN_OBSERVATION","Ceanothus fendleri"
3091226273,"Ceanothus fendleri",-111.92948,36.1758,2007,5,31,"US","PRESERVED_SPECIMEN","Ceanothus fendleri"
1843900662,"Ceanothus fendleri",-108.996632,36.198457,2003,6,29,"US","PRESERVED_SPECIMEN","Ceanothus fendleri"
4510257824,"Ceanothus fendleri",-105.588797,36.206603,2021,7,1,"US","HUMAN_OBSERVATION","Ceanothus fendleri"
4009832552,"Ceanothus fendleri",-105.231163,36.176037,2022,9,30,"US","HUMAN_OBSERVATION","Ceanothus fendleri"
2813932399,"Ceanothus fendleri",-111.944507,36.129638,2019,7,25,"US","HUMAN_OBSERVATION","Ceanothus fendleri"
3091285791,"Ceanothus fendleri",-109.19345,36.13508,2002,7,3,"US","PRESERVED_SPECIMEN","Ceanothus fendleri"
1846517558,"Ceanothus fendleri",-111.953729,36.124756,2010,9,21,"US","PRESERVED_SPECIMEN","Ceanothus fendleri"
4421229602,"Ceanothus fendleri",-109.105301,36.116323,2023,6,14,"US","HUMAN_OBSERVATION","Ceanothus fendleri"
4009663491,"Ceanothus fendleri",-105.736831,36.094583,2022,6,28,"US","HUMAN_OBSERVATION","Ceanothus fendleri"
2573424864,"Ceanothus fendleri",-106.92205,36.082667,2002,6,16,"US","PRESERVED_SPECIMEN","Ceanothus fendleri"
1843894529,"Ceanothus fendleri",-106.81065,36.00213,2002,7,17,"US","PRESERVED_SPECIMEN","Ceanothus fendleri"
1677331431,"Ceanothus fendleri",-106.3089,36.03365,2009,6,18,"US","HUMAN_OBSERVATION","Ceanothus fendleri"
4510310024,"Ceanothus fendleri",-105.428903,36.012181,2023,6,23,"US","HUMAN_OBSERVATION","Ceanothus fendleri"
4510228959,"Ceanothus fendleri",-105.391547,36.005506,2023,6,25,"US","HUMAN_OBSERVATION","Ceanothus fendleri"
4154013902,"Ceanothus fendleri",-108.814378,35.975075,2023,7,7,"US","HUMAN_OBSERVATION","Ceanothus fendleri"
4416736582,"Ceanothus fendleri",-105.775791,35.99274,2023,7,15,"US","HUMAN_OBSERVATION","Ceanothus fendleri"
3462680006,"Ceanothus fendleri",-106.750968,35.949464,2002,7,14,"US","PRESERVED_SPECIMEN","Ceanothus fendleri"
1843892140,"Ceanothus fendleri",-106.5925,35.9449,2003,8,11,"US","PRESERVED_SPECIMEN","Ceanothus fendleri"
1843894573,"Ceanothus fendleri",-106.40807,35.92478,2002,5,29,"US","PRESERVED_SPECIMEN","Ceanothus fendleri"
3091288846,"Ceanothus fendleri",-111.895635,35.903259,2012,8,26,"US","PRESERVED_SPECIMEN","Ceanothus fendleri"
1843912860,"Ceanothus fendleri",-106.615526,35.898552,2001,8,30,"US","PRESERVED_SPECIMEN","Ceanothus fendleri"
3873622656,"Ceanothus fendleri",-106.366158,35.895953,2022,6,6,"US","HUMAN_OBSERVATION","Ceanothus fendleri"
4145371801,"Ceanothus fendleri",-106.32991,35.90749,2023,6,25,"US","HUMAN_OBSERVATION","Ceanothus fendleri"
4510030990,"Ceanothus fendleri",-106.70807,35.835276,2023,6,14,"US","HUMAN_OBSERVATION","Ceanothus fendleri"
2859189337,"Ceanothus fendleri",-106.631389,35.848889,2001,8,16,"US","PRESERVED_SPECIMEN","Ceanothus fendleri"
2850561916,"Ceanothus fendleri",-106.607385,35.835759,2020,8,1,"US","HUMAN_OBSERVATION","Ceanothus fendleri"
1843893419,"Ceanothus fendleri",-106.5653,35.8358,2004,7,15,"US","PRESERVED_SPECIMEN","Ceanothus fendleri"
2901722561,"Ceanothus fendleri",-106.49855,35.835047,2020,9,23,"US","HUMAN_OBSERVATION","Ceanothus fendleri"
2963774468,"Ceanothus fendleri",-106.377411,35.849433,2020,9,13,"US","HUMAN_OBSERVATION","Ceanothus fendleri"
4510293014,"Ceanothus fendleri",-106.359877,35.852106,2023,6,18,"US","HUMAN_OBSERVATION","Ceanothus fendleri"
4009856598,"Ceanothus fendleri",-106.63675,35.823162,2022,10,22,"US","HUMAN_OBSERVATION","Ceanothus fendleri"
3456967529,"Ceanothus fendleri",-106.606705,35.825475,2021,6,18,"US","HUMAN_OBSERVATION","Ceanothus fendleri"
4436293797,"Ceanothus fendleri",-106.355584,35.832651,2023,6,22,"US","HUMAN_OBSERVATION","Ceanothus fendleri"
3301857491,"Ceanothus fendleri",-106.327479,35.826412,2021,6,6,"US","HUMAN_OBSERVATION","Ceanothus fendleri"
4510263931,"Ceanothus fendleri",-106.685909,35.777775,2023,6,13,"US","HUMAN_OBSERVATION","Ceanothus fendleri"
4510243658,"Ceanothus fendleri",-106.432678,35.750162,2022,5,12,"US","HUMAN_OBSERVATION","Ceanothus fendleri"
4009847479,"Ceanothus fendleri",-105.834288,35.75267,2022,6,28,"US","HUMAN_OBSERVATION","Ceanothus fendleri"
4153985450,"Ceanothus fendleri",-105.82412,35.758997,2023,7,3,"US","HUMAN_OBSERVATION","Ceanothus fendleri"
2545501389,"Ceanothus fendleri",-113.749687,35.717705,2011,NA,NA,"US","HUMAN_OBSERVATION","Ceanothus fendleri"
4442556355,"Ceanothus fendleri",-105.91512,35.744697,2012,6,14,"US","HUMAN_OBSERVATION","Ceanothus fendleri"
4424105314,"Ceanothus fendleri",-105.833275,35.7207,2019,7,5,"US","HUMAN_OBSERVATION","Ceanothus fendleri"
4009658378,"Ceanothus fendleri",-105.462787,35.697103,2021,6,22,"US","HUMAN_OBSERVATION","Ceanothus fendleri"
4510261009,"Ceanothus fendleri",-105.605156,35.65364,2023,6,24,"US","HUMAN_OBSERVATION","Ceanothus fendleri"
4510007908,"Ceanothus fendleri",-105.310478,35.655453,2023,6,3,"US","HUMAN_OBSERVATION","Ceanothus fendleri"
4414322404,"Ceanothus fendleri",-105.855744,35.603336,2023,9,4,"US","HUMAN_OBSERVATION","Ceanothus fendleri"
4510257999,"Ceanothus fendleri",-105.680091,35.589932,2023,7,4,"US","HUMAN_OBSERVATION","Ceanothus fendleri"
2573422601,"Ceanothus fendleri",-105.490117,35.575383,2002,8,5,"US","PRESERVED_SPECIMEN","Ceanothus fendleri"
3462679874,"Ceanothus fendleri",-105.42127,35.513698,2004,8,7,"US","PRESERVED_SPECIMEN","Ceanothus fendleri"
3091300712,"Ceanothus fendleri",-111.754667,35.453139,2010,7,6,"US","PRESERVED_SPECIMEN","Ceanothus fendleri"
2270551579,"Ceanothus fendleri",-111.74999,35.45001,2008,5,9,"US","PRESERVED_SPECIMEN","Ceanothus fendleri"
4138459487,"Ceanothus fendleri",-111.758232,35.400107,2023,6,24,"US","HUMAN_OBSERVATION","Ceanothus fendleri"
1846517421,"Ceanothus fendleri",-111.740744,35.348354,2011,6,26,"US","PRESERVED_SPECIMEN","Ceanothus fendleri"
4510038964,"Ceanothus fendleri",-108.507648,35.373126,2023,6,3,"US","HUMAN_OBSERVATION","Ceanothus fendleri"
4009825571,"Ceanothus fendleri",-111.768608,35.313511,2022,10,12,"US","HUMAN_OBSERVATION","Ceanothus fendleri"
4177206356,"Ceanothus fendleri",-111.712887,35.324208,2020,7,1,"US","HUMAN_OBSERVATION","Ceanothus fendleri"
2641522072,"Ceanothus fendleri",-111.66725,35.329958,2020,6,6,"US","HUMAN_OBSERVATION","Ceanothus fendleri"
4510026973,"Ceanothus fendleri",-108.628494,35.323944,2023,6,11,"US","HUMAN_OBSERVATION","Ceanothus fendleri"
2422492211,"Ceanothus fendleri",-111.86861,35.25056,2006,10,9,"US","PRESERVED_SPECIMEN","Ceanothus fendleri"
2814017619,"Ceanothus fendleri",-111.70848,35.281228,2020,6,14,"US","HUMAN_OBSERVATION","Ceanothus fendleri"
2273224420,"Ceanothus fendleri",-111.686937,35.266605,2019,6,20,"US","HUMAN_OBSERVATION","Ceanothus fendleri"
4009856400,"Ceanothus fendleri",-111.649528,35.275178,2021,10,6,"US","HUMAN_OBSERVATION","Ceanothus fendleri"
4011578333,"Ceanothus fendleri",-111.612262,35.285028,2020,6,14,"US","HUMAN_OBSERVATION","Ceanothus fendleri"
3773728610,"Ceanothus fendleri",-111.574467,35.276688,2022,5,6,"US","HUMAN_OBSERVATION","Ceanothus fendleri"
4133694926,"Ceanothus fendleri",-112.18258,35.229612,2023,6,10,"US","HUMAN_OBSERVATION","Ceanothus fendleri"
4500569299,"Ceanothus fendleri",-111.680899,35.209557,2023,10,27,"US","HUMAN_OBSERVATION","Ceanothus fendleri"
4011519387,"Ceanothus fendleri",-111.627914,35.240667,2021,6,18,"US","HUMAN_OBSERVATION","Ceanothus fendleri"
4134064939,"Ceanothus fendleri",-111.605303,35.228725,2023,6,12,"US","HUMAN_OBSERVATION","Ceanothus fendleri"
4153554118,"Ceanothus fendleri",-112.165039,35.176792,2023,7,6,"US","HUMAN_OBSERVATION","Ceanothus fendleri"
4153643443,"Ceanothus fendleri",-111.701235,35.169019,2023,6,26,"US","HUMAN_OBSERVATION","Ceanothus fendleri"
3859575808,"Ceanothus fendleri",-111.657412,35.176812,2022,5,30,"US","HUMAN_OBSERVATION","Ceanothus fendleri"
4011613338,"Ceanothus fendleri",-111.607058,35.19371,2020,6,11,"US","HUMAN_OBSERVATION","Ceanothus fendleri"
2813905568,"Ceanothus fendleri",-111.540201,35.170955,2020,6,1,"US","HUMAN_OBSERVATION","Ceanothus fendleri"
4510031143,"Ceanothus fendleri",-108.106159,35.205791,2023,8,25,"US","HUMAN_OBSERVATION","Ceanothus fendleri"
4138694714,"Ceanothus fendleri",-106.405311,35.200538,2023,6,23,"US","HUMAN_OBSERVATION","Ceanothus fendleri"
3039113776,"Ceanothus fendleri",-112.0263,35.138033,2020,11,13,"US","HUMAN_OBSERVATION","Ceanothus fendleri"
2814165676,"Ceanothus fendleri",-111.792476,35.137133,2020,6,13,"US","HUMAN_OBSERVATION","Ceanothus fendleri"
4137703077,"Ceanothus fendleri",-111.699482,35.136209,2023,6,14,"US","HUMAN_OBSERVATION","Ceanothus fendleri"
3963689485,"Ceanothus fendleri",-111.652388,35.159267,2022,6,30,"US","HUMAN_OBSERVATION","Ceanothus fendleri"
4134164293,"Ceanothus fendleri",-111.620954,35.150402,2023,6,11,"US","HUMAN_OBSERVATION","Ceanothus fendleri"
3947675147,"Ceanothus fendleri",-113.884972,35.098375,2022,9,14,"US","HUMAN_OBSERVATION","Ceanothus fendleri"
3117867496,"Ceanothus fendleri",-112.282408,35.119342,2021,5,4,"US","HUMAN_OBSERVATION","Ceanothus fendleri"
3456682681,"Ceanothus fendleri",-111.708481,35.113973,2021,7,19,"US","HUMAN_OBSERVATION","Ceanothus fendleri"
1935598777,"Ceanothus fendleri",-111.559897,35.116867,2018,11,3,"US","HUMAN_OBSERVATION","Ceanothus fendleri"
4011619450,"Ceanothus fendleri",-111.733332,35.045009,2022,6,10,"US","HUMAN_OBSERVATION","Ceanothus fendleri"
2634127950,"Ceanothus fendleri",-111.703527,35.079083,2020,5,30,"US","HUMAN_OBSERVATION","Ceanothus fendleri"
2270589238,"Ceanothus fendleri",-111.852,35.0292,2000,6,24,"US","PRESERVED_SPECIMEN","Ceanothus fendleri"
4011700351,"Ceanothus fendleri",-111.736446,35.000569,2020,8,28,"US","HUMAN_OBSERVATION","Ceanothus fendleri"
3091270609,"Ceanothus fendleri",-111.6937,35.0393,2004,9,25,"US","PRESERVED_SPECIMEN","Ceanothus fendleri"
4510257958,"Ceanothus fendleri",-106.314688,35.007232,2023,6,14,"US","HUMAN_OBSERVATION","Ceanothus fendleri"
4405274123,"Ceanothus fendleri",-111.747509,34.9891,2023,8,8,"US","HUMAN_OBSERVATION","Ceanothus fendleri"
4023011432,"Ceanothus fendleri",-111.479633,34.984583,2003,6,25,"US","PRESERVED_SPECIMEN","Ceanothus fendleri"
1843900507,"Ceanothus fendleri",-108.096273,34.992394,2006,7,30,"US","PRESERVED_SPECIMEN","Ceanothus fendleri"
2813908429,"Ceanothus fendleri",-111.749226,34.935867,2019,8,14,"US","HUMAN_OBSERVATION","Ceanothus fendleri"
2814122667,"Ceanothus fendleri",-111.610078,34.932675,2020,6,7,"US","HUMAN_OBSERVATION","Ceanothus fendleri"
3039425920,"Ceanothus fendleri",-111.755224,34.875645,2013,11,4,"US","HUMAN_OBSERVATION","Ceanothus fendleri"
2273324458,"Ceanothus fendleri",-111.652736,34.905635,2019,6,26,"US","HUMAN_OBSERVATION","Ceanothus fendleri"
3947609253,"Ceanothus fendleri",-112.159072,34.723144,2022,9,18,"US","HUMAN_OBSERVATION","Ceanothus fendleri"
1930619766,"Ceanothus fendleri",-112.15303,34.67014,2013,8,11,"US","PRESERVED_SPECIMEN","Ceanothus fendleri"
4407450538,"Ceanothus fendleri",-112.148355,34.640015,2023,8,28,"US","HUMAN_OBSERVATION","Ceanothus fendleri"
4009941468,"Ceanothus fendleri",-111.319519,34.631702,2022,6,14,"US","HUMAN_OBSERVATION","Ceanothus fendleri"
3743085395,"Ceanothus fendleri",-112.546088,34.54602,2021,8,21,"US","HUMAN_OBSERVATION","Ceanothus fendleri"
4028617781,"Ceanothus fendleri",-112.52841,34.556437,2022,8,25,"US","HUMAN_OBSERVATION","Ceanothus fendleri"
4405226180,"Ceanothus fendleri",-112.448999,34.542708,2023,8,23,"US","HUMAN_OBSERVATION","Ceanothus fendleri"
2270577433,"Ceanothus fendleri",-111.477184,34.561167,2002,8,3,"US","PRESERVED_SPECIMEN","Ceanothus fendleri"
3091293945,"Ceanothus fendleri",-111.45447,34.56376,2014,6,14,"US","PRESERVED_SPECIMEN","Ceanothus fendleri"
3091269728,"Ceanothus fendleri",-111.163333,34.547556,2008,6,28,"US","PRESERVED_SPECIMEN","Ceanothus fendleri"
4028658385,"Ceanothus fendleri",-112.528981,34.509289,2021,5,30,"US","HUMAN_OBSERVATION","Ceanothus fendleri"
4414214077,"Ceanothus fendleri",-112.479049,34.506146,2023,9,14,"US","HUMAN_OBSERVATION","Ceanothus fendleri"
4405360677,"Ceanothus fendleri",-112.390188,34.521697,2023,8,24,"US","HUMAN_OBSERVATION","Ceanothus fendleri"
3091291230,"Ceanothus fendleri",-111.386843,34.515383,2015,6,4,"US","PRESERVED_SPECIMEN","Ceanothus fendleri"
2270489955,"Ceanothus fendleri",-112.501331,34.474344,2015,8,8,"US","PRESERVED_SPECIMEN","Ceanothus fendleri"
3391409557,"Ceanothus fendleri",-112.498627,34.494024,2021,9,29,"US","HUMAN_OBSERVATION","Ceanothus fendleri"
4028912575,"Ceanothus fendleri",-112.455679,34.499693,2023,2,3,"US","HUMAN_OBSERVATION","Ceanothus fendleri"
4414406697,"Ceanothus fendleri",-112.361751,34.4927,2023,9,13,"US","HUMAN_OBSERVATION","Ceanothus fendleri"
2244252342,"Ceanothus fendleri",-111.435269,34.499733,2019,5,17,"US","HUMAN_OBSERVATION","Ceanothus fendleri"
4011877395,"Ceanothus fendleri",-110.830208,34.465186,2021,6,3,"US","HUMAN_OBSERVATION","Ceanothus fendleri"
2813876733,"Ceanothus fendleri",-112.490048,34.45569,2020,6,22,"US","HUMAN_OBSERVATION","Ceanothus fendleri"
2999202598,"Ceanothus fendleri",-112.416936,34.43817,2020,10,11,"US","HUMAN_OBSERVATION","Ceanothus fendleri"
2242393704,"Ceanothus fendleri",-112.3725,34.4505,2005,9,1,"US","PRESERVED_SPECIMEN","Ceanothus fendleri"
3091229457,"Ceanothus fendleri",-112.315556,34.423167,2012,8,7,"US","PRESERVED_SPECIMEN","Ceanothus fendleri"
2992802979,"Ceanothus fendleri",-111.450301,34.449819,2020,9,27,"US","HUMAN_OBSERVATION","Ceanothus fendleri"
1846546671,"Ceanothus fendleri",-111.33468,34.42449,2012,8,9,"US","PRESERVED_SPECIMEN","Ceanothus fendleri"
4009722492,"Ceanothus fendleri",-111.304863,34.434355,2022,7,4,"US","HUMAN_OBSERVATION","Ceanothus fendleri"
2366093037,"Ceanothus fendleri",-111.260948,34.430022,2019,8,11,"US","HUMAN_OBSERVATION","Ceanothus fendleri"
4009873396,"Ceanothus fendleri",-112.415518,34.38849,2021,8,1,"US","HUMAN_OBSERVATION","Ceanothus fendleri"
1846483194,"Ceanothus fendleri",-111.339817,34.413667,2000,5,16,"US","PRESERVED_SPECIMEN","Ceanothus fendleri"
4011651419,"Ceanothus fendleri",-111.332641,34.414888,2020,5,10,"US","HUMAN_OBSERVATION","Ceanothus fendleri"
4011640461,"Ceanothus fendleri",-110.563758,34.393953,2022,5,22,"US","HUMAN_OBSERVATION","Ceanothus fendleri"
4120929040,"Ceanothus fendleri",-111.435678,34.364597,2023,5,23,"US","HUMAN_OBSERVATION","Ceanothus fendleri"
1846514596,"Ceanothus fendleri",-111.295278,34.368694,2008,8,16,"US","PRESERVED_SPECIMEN","Ceanothus fendleri"
4430705357,"Ceanothus fendleri",-111.282722,34.355406,2023,9,17,"US","HUMAN_OBSERVATION","Ceanothus fendleri"
2422941625,"Ceanothus fendleri",-111.096027,34.33706,2019,8,26,"US","HUMAN_OBSERVATION","Ceanothus fendleri"
2634585989,"Ceanothus fendleri",-111.060358,34.369928,2019,6,2,"US","HUMAN_OBSERVATION","Ceanothus fendleri"
3456219218,"Ceanothus fendleri",-111.016183,34.33471,2020,6,7,"US","HUMAN_OBSERVATION","Ceanothus fendleri"
2862303931,"Ceanothus fendleri",-110.925261,34.308383,2020,8,28,"US","HUMAN_OBSERVATION","Ceanothus fendleri"
4011628383,"Ceanothus fendleri",-110.771537,34.312093,2021,6,23,"US","HUMAN_OBSERVATION","Ceanothus fendleri"
3113423598,"Ceanothus fendleri",-110.746922,34.298511,2021,5,11,"US","HUMAN_OBSERVATION","Ceanothus fendleri"
4009864468,"Ceanothus fendleri",-110.643662,34.301338,2022,6,21,"US","HUMAN_OBSERVATION","Ceanothus fendleri"
4161536987,"Ceanothus fendleri",-110.8586,34.25187,2004,9,7,"US","PRESERVED_SPECIMEN","Ceanothus fendleri"
2860217363,"Ceanothus fendleri",-110.840011,34.245586,2020,8,19,"US","HUMAN_OBSERVATION","Ceanothus fendleri"
4399857068,"Ceanothus fendleri",-110.831319,34.245815,2023,8,15,"US","HUMAN_OBSERVATION","Ceanothus fendleri"
4510016984,"Ceanothus fendleri",-105.758963,34.225005,2023,6,20,"US","HUMAN_OBSERVATION","Ceanothus fendleri"
4440602905,"Ceanothus fendleri",-112.33763,34.196728,2023,7,23,"US","HUMAN_OBSERVATION","Ceanothus fendleri"
2251983152,"Ceanothus fendleri",-112.331593,34.176443,2019,5,30,"US","HUMAN_OBSERVATION","Ceanothus fendleri"
4510044010,"Ceanothus fendleri",-105.739983,34.197125,2023,6,25,"US","HUMAN_OBSERVATION","Ceanothus fendleri"
2574313715,"Ceanothus fendleri",-110.800635,34.164643,2020,2,19,"US","HUMAN_OBSERVATION","Ceanothus fendleri"
4011533345,"Ceanothus fendleri",-109.954933,34.129495,2020,6,7,"US","HUMAN_OBSERVATION","Ceanothus fendleri"
4009907496,"Ceanothus fendleri",-109.761017,34.158653,2022,7,5,"US","HUMAN_OBSERVATION","Ceanothus fendleri"
4011701582,"Ceanothus fendleri",-109.91903,34.113052,2022,10,9,"US","HUMAN_OBSERVATION","Ceanothus fendleri"
4011652377,"Ceanothus fendleri",-109.913486,34.121111,2021,6,11,"US","HUMAN_OBSERVATION","Ceanothus fendleri"
4171493465,"Ceanothus fendleri",-109.845428,34.114631,2023,8,6,"US","HUMAN_OBSERVATION","Ceanothus fendleri"
2814119026,"Ceanothus fendleri",-109.531698,34.083679,2020,6,26,"US","HUMAN_OBSERVATION","Ceanothus fendleri"
2814174387,"Ceanothus fendleri",-109.931155,34.074882,2019,6,18,"US","HUMAN_OBSERVATION","Ceanothus fendleri"
4009690603,"Ceanothus fendleri",-111.470825,34.004619,2022,10,24,"US","HUMAN_OBSERVATION","Ceanothus fendleri"
2270485435,"Ceanothus fendleri",-111.4456,34.0023,2015,10,13,"US","PRESERVED_SPECIMEN","Ceanothus fendleri"
2236197420,"Ceanothus fendleri",-109.417778,34.019165,2018,6,20,"US","HUMAN_OBSERVATION","Ceanothus fendleri"
2813889137,"Ceanothus fendleri",-109.465392,33.993618,2020,6,29,"US","HUMAN_OBSERVATION","Ceanothus fendleri"
4510205314,"Ceanothus fendleri",-107.163605,33.990908,2018,8,12,"US","HUMAN_OBSERVATION","Ceanothus fendleri"
2270571598,"Ceanothus fendleri",-111.41402,33.916967,2013,7,12,"US","PRESERVED_SPECIMEN","Ceanothus fendleri"
4161536567,"Ceanothus fendleri",-111.148398,33.94983,2003,6,4,"US","PRESERVED_SPECIMEN","Ceanothus fendleri"
1846489778,"Ceanothus fendleri",-111.0221,33.9497,2002,9,18,"US","PRESERVED_SPECIMEN","Ceanothus fendleri"
1846489239,"Ceanothus fendleri",-110.9708,33.9497,2002,8,20,"US","PRESERVED_SPECIMEN","Ceanothus fendleri"
3091266229,"Ceanothus fendleri",-109.143417,33.92875,2007,6,26,"US","PRESERVED_SPECIMEN","Ceanothus fendleri"
2234760479,"Ceanothus fendleri",-111.484505,33.903246,2019,3,23,"US","HUMAN_OBSERVATION","Ceanothus fendleri"
2634266688,"Ceanothus fendleri",-111.409037,33.911125,2020,5,14,"US","HUMAN_OBSERVATION","Ceanothus fendleri"
3773050205,"Ceanothus fendleri",-110.963095,33.888028,2022,5,2,"US","HUMAN_OBSERVATION","Ceanothus fendleri"
4400160657,"Ceanothus fendleri",-107.56662,33.88099,2023,6,17,"US","HUMAN_OBSERVATION","Ceanothus fendleri"
4011574414,"Ceanothus fendleri",-110.975098,33.835117,2021,8,24,"US","HUMAN_OBSERVATION","Ceanothus fendleri"
3925115017,"Ceanothus fendleri",-110.979684,33.830334,2022,10,5,"US","HUMAN_OBSERVATION","Ceanothus fendleri"
4009784497,"Ceanothus fendleri",-110.939338,33.824062,2022,7,16,"US","HUMAN_OBSERVATION","Ceanothus fendleri"
2850704988,"Ceanothus fendleri",-109.585866,33.810813,2020,8,8,"US","HUMAN_OBSERVATION","Ceanothus fendleri"
4009943408,"Ceanothus fendleri",-109.142739,33.82098,2021,9,27,"US","HUMAN_OBSERVATION","Ceanothus fendleri"
4138311652,"Ceanothus fendleri",-109.136723,33.716325,2023,6,14,"US","HUMAN_OBSERVATION","Ceanothus fendleri"
2270506535,"Ceanothus fendleri",-111.353,33.697,2010,7,14,"US","PRESERVED_SPECIMEN","Ceanothus fendleri"
2270561287,"Ceanothus fendleri",-111.33,33.69,2009,6,1,"US","PRESERVED_SPECIMEN","Ceanothus fendleri"
4510300890,"Ceanothus fendleri",-105.225403,33.636128,2023,5,14,"US","HUMAN_OBSERVATION","Ceanothus fendleri"
2270610272,"Ceanothus fendleri",-111.115,33.5503,2003,9,5,"US","PRESERVED_SPECIMEN","Ceanothus fendleri"
4510036383,"Ceanothus fendleri",-107.407716,33.578451,2020,6,6,"US","HUMAN_OBSERVATION","Ceanothus fendleri"
2270482075,"Ceanothus fendleri",-109.30721,33.52162,2013,8,15,"US","PRESERVED_SPECIMEN","Ceanothus fendleri"
4509998314,"Ceanothus fendleri",-105.823263,33.462683,2018,6,9,"US","HUMAN_OBSERVATION","Ceanothus fendleri"
1843907092,"Ceanothus fendleri",-105.737519,33.458814,2009,7,11,"US","PRESERVED_SPECIMEN","Ceanothus fendleri"
2418000276,"Ceanothus fendleri",-105.707222,33.419722,2001,6,10,"US","PRESERVED_SPECIMEN","Ceanothus fendleri"
4510045824,"Ceanothus fendleri",-108.784198,33.392218,2022,5,30,"US","HUMAN_OBSERVATION","Ceanothus fendleri"
4138095461,"Ceanothus fendleri",-108.752975,33.373507,2023,6,18,"US","HUMAN_OBSERVATION","Ceanothus fendleri"
4507760372,"Ceanothus fendleri",-108.237073,33.368112,2020,6,4,"US","HUMAN_OBSERVATION","Ceanothus fendleri"
1640121120,"Ceanothus fendleri",-110.876647,33.320162,2017,9,9,"US","HUMAN_OBSERVATION","Ceanothus fendleri"
3122396063,"Ceanothus fendleri",-110.849993,33.320108,2003,9,5,"US","PRESERVED_SPECIMEN","Ceanothus fendleri"
4424402929,"Ceanothus fendleri",-110.797412,33.277938,2023,9,29,"US","HUMAN_OBSERVATION","Ceanothus fendleri"
4510023845,"Ceanothus fendleri",-108.669553,33.18751,2023,4,29,"US","HUMAN_OBSERVATION","Ceanothus fendleri"
2813921655,"Ceanothus fendleri",-108.483067,33.101901,2020,6,10,"US","HUMAN_OBSERVATION","Ceanothus fendleri"
4011570354,"Ceanothus fendleri",-109.080243,33.06017,2020,7,20,"US","HUMAN_OBSERVATION","Ceanothus fendleri"
4507813502,"Ceanothus fendleri",-107.710523,33.030152,2021,8,21,"US","HUMAN_OBSERVATION","Ceanothus fendleri"
4510045670,"Ceanothus fendleri",-108.209,32.945297,2022,6,7,"US","HUMAN_OBSERVATION","Ceanothus fendleri"
4510000099,"Ceanothus fendleri",-108.180978,32.932511,2023,7,27,"US","HUMAN_OBSERVATION","Ceanothus fendleri"
4510293947,"Ceanothus fendleri",-107.815502,32.918789,2023,6,16,"US","HUMAN_OBSERVATION","Ceanothus fendleri"
1677270004,"Ceanothus fendleri",-107.531111,32.936111,2017,6,22,"US","HUMAN_OBSERVATION","Ceanothus fendleri"
4145240882,"Ceanothus fendleri",-108.230003,32.898863,2023,6,28,"US","HUMAN_OBSERVATION","Ceanothus fendleri"
4510046482,"Ceanothus fendleri",-107.847002,32.910261,2021,7,13,"US","HUMAN_OBSERVATION","Ceanothus fendleri"
4510036977,"Ceanothus fendleri",-107.767939,32.904931,2023,6,8,"US","HUMAN_OBSERVATION","Ceanothus fendleri"
4510293292,"Ceanothus fendleri",-108.205578,32.874922,2023,10,12,"US","HUMAN_OBSERVATION","Ceanothus fendleri"
4507787513,"Ceanothus fendleri",-107.735821,32.858173,2021,8,8,"US","HUMAN_OBSERVATION","Ceanothus fendleri"
2423884764,"Ceanothus fendleri",-105.635,32.743,2002,6,4,"US","PRESERVED_SPECIMEN","Ceanothus fendleri"
4145344028,"Ceanothus fendleri",-109.871468,32.701735,2023,7,1,"US","HUMAN_OBSERVATION","Ceanothus fendleri"
3455357770,"Ceanothus fendleri",-109.861362,32.648957,2021,9,7,"US","HUMAN_OBSERVATION","Ceanothus fendleri"
4046246671,"Ceanothus fendleri",-109.817695,32.644355,2023,2,19,"US","HUMAN_OBSERVATION","Ceanothus fendleri"
1990588323,"Ceanothus fendleri",-110.735161,32.60981,2019,1,5,"US","HUMAN_OBSERVATION","Ceanothus fendleri"
3456170972,"Ceanothus fendleri",-110.670465,32.561826,2021,7,25,"US","HUMAN_OBSERVATION","Ceanothus fendleri"
4009711476,"Ceanothus fendleri",-110.260703,32.567122,2022,6,1,"US","HUMAN_OBSERVATION","Ceanothus fendleri"
3860794768,"Ceanothus fendleri",-110.23935,32.504455,2022,6,1,"US","HUMAN_OBSERVATION","Ceanothus fendleri"
4171830113,"Ceanothus fendleri",-110.765787,32.462263,2023,7,28,"US","HUMAN_OBSERVATION","Ceanothus fendleri"
3456490295,"Ceanothus fendleri",-110.668556,32.490182,2021,7,25,"US","HUMAN_OBSERVATION","Ceanothus fendleri"
4009692475,"Ceanothus fendleri",-110.218842,32.482105,2022,6,2,"US","HUMAN_OBSERVATION","Ceanothus fendleri"
3988604052,"Ceanothus fendleri",-110.795373,32.435807,2022,12,2,"US","HUMAN_OBSERVATION","Ceanothus fendleri"
4029058986,"Ceanothus fendleri",-110.757961,32.427625,2023,2,2,"US","HUMAN_OBSERVATION","Ceanothus fendleri"
4405407559,"Ceanothus fendleri",-110.746112,32.431023,2023,8,10,"US","HUMAN_OBSERVATION","Ceanothus fendleri"
4009700501,"Ceanothus fendleri",-110.756898,32.406215,2022,7,10,"US","HUMAN_OBSERVATION","Ceanothus fendleri"
4177392938,"Ceanothus fendleri",-110.712988,32.410187,2023,8,14,"US","HUMAN_OBSERVATION","Ceanothus fendleri"
4138553338,"Ceanothus fendleri",-110.699853,32.405919,2023,6,22,"US","HUMAN_OBSERVATION","Ceanothus fendleri"
3091219627,"Ceanothus fendleri",-110.785617,32.3737,2000,5,15,"US","PRESERVED_SPECIMEN","Ceanothus fendleri"
3873551012,"Ceanothus fendleri",-110.693852,32.37288,2022,7,7,"US","HUMAN_OBSERVATION","Ceanothus fendleri"
1571175569,"Ceanothus fendleri",-110.552055,32.22293,2017,6,21,"US","HUMAN_OBSERVATION","Ceanothus fendleri"
1291080035,"Ceanothus fendleri",-110.55472,32.206679,2016,5,29,"US","HUMAN_OBSERVATION","Ceanothus fendleri"
3070445871,"Ceanothus fendleri",-109.350566,32.018225,2021,3,27,"US","HUMAN_OBSERVATION","Ceanothus fendleri"
4009845465,"Ceanothus fendleri",-109.323755,32.002711,2022,4,23,"US","HUMAN_OBSERVATION","Ceanothus fendleri"
2237476740,"Ceanothus fendleri",-109.374867,31.971052,2017,4,19,"US","HUMAN_OBSERVATION","Ceanothus fendleri"
1640070035,"Ceanothus fendleri",-109.330788,31.972002,2017,8,20,"US","HUMAN_OBSERVATION","Ceanothus fendleri"
4009894409,"Ceanothus fendleri",-109.301009,31.944273,2021,12,25,"US","HUMAN_OBSERVATION","Ceanothus fendleri"
3785086477,"Ceanothus fendleri",-109.27193,31.933716,2022,5,5,"US","HUMAN_OBSERVATION","Ceanothus fendleri"
4011863447,"Ceanothus fendleri",-109.130486,31.926113,2022,4,25,"US","HUMAN_OBSERVATION","Ceanothus fendleri"
4011796504,"Ceanothus fendleri",-109.271141,31.911237,2022,7,23,"US","HUMAN_OBSERVATION","Ceanothus fendleri"
4096432169,"Ceanothus fendleri",-109.248367,31.879319,2023,1,27,"US","HUMAN_OBSERVATION","Ceanothus fendleri"
4009686381,"Ceanothus fendleri",-109.198328,31.882445,2021,10,15,"US","HUMAN_OBSERVATION","Ceanothus fendleri"
3760283228,"Ceanothus fendleri",-109.16431,31.894516,2022,4,5,"US","HUMAN_OBSERVATION","Ceanothus fendleri"
4011598371,"Ceanothus fendleri",-109.336602,31.861079,2021,5,2,"US","HUMAN_OBSERVATION","Ceanothus fendleri"
3097113762,"Ceanothus fendleri",-109.3115,31.854978,2021,4,22,"US","HUMAN_OBSERVATION","Ceanothus fendleri"
2813916434,"Ceanothus fendleri",-109.266522,31.861942,2019,10,2,"US","HUMAN_OBSERVATION","Ceanothus fendleri"
2814453665,"Ceanothus fendleri",-109.234381,31.871804,2020,6,24,"US","HUMAN_OBSERVATION","Ceanothus fendleri"
4018116150,"Ceanothus fendleri",-109.197604,31.864994,2023,1,10,"US","HUMAN_OBSERVATION","Ceanothus fendleri"
4011850346,"Ceanothus fendleri",-109.264587,31.796787,2020,8,1,"US","HUMAN_OBSERVATION","Ceanothus fendleri"
1802711155,"Ceanothus fendleri",-109.226328,31.827985,2017,12,19,"US","HUMAN_OBSERVATION","Ceanothus fendleri"
3760304298,"Ceanothus fendleri",-109.311606,31.776372,2022,4,16,"US","HUMAN_OBSERVATION","Ceanothus fendleri"
3039330965,"Ceanothus fendleri",-110.875617,31.709121,2013,11,5,"US","HUMAN_OBSERVATION","Ceanothus fendleri"
4080671722,"Ceanothus fendleri",-110.873922,31.710311,2023,4,1,"US","HUMAN_OBSERVATION","Ceanothus fendleri"
4009811418,"Ceanothus fendleri",-110.875914,31.702722,2022,3,19,"US","HUMAN_OBSERVATION","Ceanothus fendleri"
4076335158,"Ceanothus fendleri",-110.867311,31.701731,2023,3,13,"US","HUMAN_OBSERVATION","Ceanothus fendleri"
3858227895,"Ceanothus fendleri",-110.811752,31.707973,2022,2,22,"US","HUMAN_OBSERVATION","Ceanothus fendleri"
1837261812,"Ceanothus fendleri",-108.779167,31.5875,2003,9,6,"US","PRESERVED_SPECIMEN","Ceanothus fendleri"
4009826418,"Ceanothus fendleri",-110.388269,31.51785,2022,4,15,"US","HUMAN_OBSERVATION","Ceanothus fendleri"
4172239711,"Ceanothus fendleri",-110.353622,31.472667,2023,7,30,"US","HUMAN_OBSERVATION","Ceanothus fendleri"
4506400921,"Ceanothus fendleri",-110.373567,31.434558,2023,5,24,"US","HUMAN_OBSERVATION","Ceanothus fendleri"
4009919428,"Ceanothus fendleri",-110.306612,31.428305,2022,4,19,"US","HUMAN_OBSERVATION","Ceanothus fendleri"
4458459438,"Ceanothus fendleri",-110.27628,31.417978,2018,5,3,"US","HUMAN_OBSERVATION","Ceanothus fendleri"
4161544087,"Ceanothus fendleri",-110.714562,31.381941,2016,10,13,"US","PRESERVED_SPECIMEN","Ceanothus fendleri"
2626441154,"Ceanothus fendleri",-110.323883,31.41112,2020,5,9,"US","HUMAN_OBSERVATION","Ceanothus fendleri"
4091378611,"Ceanothus fendleri",-110.279403,31.413078,2023,4,11,"US","HUMAN_OBSERVATION","Ceanothus fendleri"
1640110782,"Ceanothus fendleri",-110.283548,31.346325,2017,8,22,"US","HUMAN_OBSERVATION","Ceanothus fendleri"
2856474493,"Ceanothus fendleri",-108.689981,30.652675,2016,10,23,"MX","HUMAN_OBSERVATION","Ceanothus fendleri"
4507916206,"Ceanothus fendleri",-109.20539,30.59322,2015,8,10,"MX","HUMAN_OBSERVATION","Ceanothus fendleri"
3308698105,"Ceanothus fendleri",-108.54794,30.50027,2009,9,12,"MX","PRESERVED_SPECIMEN","Ceanothus fendleri"
3091225926,"Ceanothus fendleri",-108.5396558,30.4869067,2009,9,14,"MX","PRESERVED_SPECIMEN","Ceanothus fendleri"
4424583254,"Ceanothus fendleri",-108.082498,29.412288,2023,10,8,"MX","HUMAN_OBSERVATION","Ceanothus fendleri"
1897527124,"Ceanothus fendleri",-102.626444,22.20525,2012,11,22,"MX","PRESERVED_SPECIMEN","Ceanothus fendleri"
1897527035,"Ceanothus fendleri",-102.593944,22.186833,2012,11,30,"MX","PRESERVED_SPECIMEN","Ceanothus fendleri"
