"gbifID","species","longitude","latitude","year","month","day","countryCode","basisOfRecord","accepted_name"
4079501469,"Kreidion chinensis",-147.344001,60.273424,2009,7,6,"US","PRESERVED_SPECIMEN","Conioselinum chinense"
4079507692,"Kreidion chinensis",-143.19,60.17,2000,8,9,"US","PRESERVED_SPECIMEN","Conioselinum chinense"
4079514318,"Kreidion chinensis",-143.0109,60.1816,2001,8,13,"US","PRESERVED_SPECIMEN","Conioselinum chinense"
4079501107,"Kreidion chinensis",-142.57033,60.1882,2002,8,3,"US","PRESERVED_SPECIMEN","Conioselinum chinense"
4079505504,"Kreidion chinensis",-143.1616,60.1638,2001,8,7,"US","PRESERVED_SPECIMEN","Conioselinum chinense"
2465052543,"Kreidion chinensis",-151.0789,60.04148,2004,8,9,"US","PRESERVED_SPECIMEN","Conioselinum chinense"
3817922739,"Kreidion chinensis",-135.51,59.24,2000,7,21,"US","PRESERVED_SPECIMEN","Conioselinum chinense"
4079502384,"Kreidion chinensis",-156.0841,58.204583,2002,8,6,"US","PRESERVED_SPECIMEN","Conioselinum chinense"
473311127,"Kreidion chinensis",-55.366111,51.966111,2004,8,17,"CA","PRESERVED_SPECIMEN","Conioselinum chinense"
3067946118,"Kreidion chinensis",-55.902832,51.628952,2020,8,15,"CA","HUMAN_OBSERVATION","Conioselinum chinense"
473310709,"Kreidion chinensis",-56.916944,51.5825,2004,8,9,"CA","PRESERVED_SPECIMEN","Conioselinum chinense"
473309058,"Kreidion chinensis",-56.799167,51.558611,2004,7,6,"CA","PRESERVED_SPECIMEN","Conioselinum chinense"
2826131371,"Kreidion chinensis",-55.730613,51.557758,2019,8,19,"CA","HUMAN_OBSERVATION","Conioselinum chinense"
473309190,"Kreidion chinensis",-56.873889,51.4975,2004,7,2,"CA","PRESERVED_SPECIMEN","Conioselinum chinense"
1248692895,"Kreidion chinensis",-57.156944,51.419167,2006,8,1,"CA","PRESERVED_SPECIMEN","Conioselinum chinense"
1248692960,"Kreidion chinensis",-57.117778,51.422778,2004,8,4,"CA","PRESERVED_SPECIMEN","Conioselinum chinense"
473311562,"Kreidion chinensis",-56.9475,51.453611,2004,7,26,"CA","PRESERVED_SPECIMEN","Conioselinum chinense"
3079579993,"Kreidion chinensis",-55.622594,51.442475,2005,8,19,"CA","HUMAN_OBSERVATION","Conioselinum chinense"
1248692925,"Kreidion chinensis",-57.187778,51.379722,2004,8,6,"CA","PRESERVED_SPECIMEN","Conioselinum chinense"
3067682172,"Kreidion chinensis",-56.741898,51.292656,2020,8,15,"CA","HUMAN_OBSERVATION","Conioselinum chinense"
2826369370,"Kreidion chinensis",-56.739728,51.289532,2019,8,19,"CA","HUMAN_OBSERVATION","Conioselinum chinense"
3032169772,"Kreidion chinensis",-56.932298,50.824118,2009,9,3,"CA","HUMAN_OBSERVATION","Conioselinum chinense"
2859950327,"Kreidion chinensis",-56.376391,50.80119,2019,6,21,"CA","HUMAN_OBSERVATION","Conioselinum chinense"
3067921092,"Kreidion chinensis",-57.409939,50.699192,2020,8,11,"CA","HUMAN_OBSERVATION","Conioselinum chinense"
3743294387,"Kreidion chinensis",-57.327503,50.680417,2021,8,10,"CA","HUMAN_OBSERVATION","Conioselinum chinense"
1978754691,"Kreidion chinensis",-63.196111,50.653611,2004,8,31,"CA","PRESERVED_SPECIMEN","Conioselinum chinense"
1978754930,"Kreidion chinensis",-63.259444,50.386667,2004,6,30,"CA","PRESERVED_SPECIMEN","Conioselinum chinense"
2575019747,"Kreidion chinensis",-57.522847,50.386097,2019,8,18,"CA","PRESERVED_SPECIMEN","Conioselinum chinense"
1978753287,"Kreidion chinensis",-65.954167,50.306389,2006,7,4,"CA","PRESERVED_SPECIMEN","Conioselinum chinense"
1978754610,"Kreidion chinensis",-63.6325,50.310278,2004,8,25,"CA","PRESERVED_SPECIMEN","Conioselinum chinense"
1978754694,"Kreidion chinensis",-63.378056,50.328611,2004,7,8,"CA","PRESERVED_SPECIMEN","Conioselinum chinense"
4046425884,"Kreidion chinensis",-64.743949,50.267256,2007,8,10,"CA","HUMAN_OBSERVATION","Conioselinum chinense"
1978754736,"Kreidion chinensis",-63.696944,50.257778,2004,7,3,"CA","PRESERVED_SPECIMEN","Conioselinum chinense"
1978755172,"Kreidion chinensis",-63.603889,50.281111,2004,7,1,"CA","PRESERVED_SPECIMEN","Conioselinum chinense"
1978754263,"Kreidion chinensis",-63.291944,50.282778,2004,7,3,"CA","PRESERVED_SPECIMEN","Conioselinum chinense"
1978755130,"Kreidion chinensis",-63.210278,50.273611,2004,6,30,"CA","PRESERVED_SPECIMEN","Conioselinum chinense"
668743979,"Kreidion chinensis",-62.813889,50.280556,2007,8,23,"CA","PRESERVED_SPECIMEN","Conioselinum chinense"
4153576986,"Kreidion chinensis",-64.133986,50.216716,2023,7,6,"CA","HUMAN_OBSERVATION","Conioselinum chinense"
2826419677,"Kreidion chinensis",-63.401987,50.201242,2020,7,5,"CA","HUMAN_OBSERVATION","Conioselinum chinense"
1978759579,"Kreidion chinensis",-66.736389,50.044722,2010,9,20,"CA","PRESERVED_SPECIMEN","Conioselinum chinense"
4145676042,"Kreidion chinensis",-57.928245,49.62598,2023,6,29,"CA","HUMAN_OBSERVATION","Conioselinum chinense"
4512017190,"Kreidion chinensis",-57.774595,49.592238,2023,8,15,"CA","HUMAN_OBSERVATION","Conioselinum chinense"
3079671939,"Kreidion chinensis",-58.080567,49.492621,2020,8,16,"CA","HUMAN_OBSERVATION","Conioselinum chinense"
4512182968,"Kreidion chinensis",-57.961033,49.474287,2023,8,31,"CA","HUMAN_OBSERVATION","Conioselinum chinense"
4512124333,"Kreidion chinensis",-57.964928,49.447972,2023,8,17,"CA","HUMAN_OBSERVATION","Conioselinum chinense"
2859934367,"Kreidion chinensis",-58.410989,49.115549,2019,8,18,"CA","HUMAN_OBSERVATION","Conioselinum chinense"
2860114341,"Kreidion chinensis",-58.231138,49.060066,2019,8,18,"CA","HUMAN_OBSERVATION","Conioselinum chinense"
614607233,"Kreidion chinensis",-65.99972,48.98041,2006,7,12,"CA","LIVING_SPECIMEN","Conioselinum chinense"
3759099652,"Kreidion chinensis",-66.173667,48.92863,2021,8,14,"CA","HUMAN_OBSERVATION","Conioselinum chinense"
4089494053,"Kreidion chinensis",-68.77796,48.892706,2022,7,4,"CA","LIVING_SPECIMEN","Conioselinum chinense"
3032074447,"Kreidion chinensis",-58.450465,48.881833,2010,6,13,"CA","HUMAN_OBSERVATION","Conioselinum chinense"
3031738527,"Kreidion chinensis",-58.481592,48.80361,2009,8,31,"CA","HUMAN_OBSERVATION","Conioselinum chinense"
3031756508,"Kreidion chinensis",-58.481389,48.762188,2009,8,29,"CA","HUMAN_OBSERVATION","Conioselinum chinense"
4500744506,"Kreidion chinensis",-67.066728,48.67318,2020,8,3,"CA","HUMAN_OBSERVATION","Conioselinum chinense"
668743981,"Kreidion chinensis",-64.176368,48.49872,2007,8,27,"CA","PRESERVED_SPECIMEN","Conioselinum chinense"
2549978523,"Kreidion chinensis",-70.917663,48.453153,2019,7,24,"CA","HUMAN_OBSERVATION","Conioselinum chinense"
4416898583,"Kreidion chinensis",-68.726803,48.379247,2023,9,14,"CA","HUMAN_OBSERVATION","Conioselinum chinense"
3079765940,"Kreidion chinensis",-53.391093,48.403396,2020,8,20,"CA","HUMAN_OBSERVATION","Conioselinum chinense"
3079769528,"Kreidion chinensis",-53.330633,48.371485,2015,8,29,"CA","HUMAN_OBSERVATION","Conioselinum chinense"
3764131170,"Kreidion chinensis",-69.698389,48.146776,2014,8,1,"CA","HUMAN_OBSERVATION","Conioselinum chinense"
4512916612,"Kreidion chinensis",-65.9717,47.7689,2010,8,8,"CA","PRESERVED_SPECIMEN","Conioselinum chinense"
3759220592,"Kreidion chinensis",-65.021408,47.65262,2021,6,18,"CA","HUMAN_OBSERVATION","Conioselinum chinense"
1920788047,"Kreidion chinensis",-66.881478,47.426205,2018,7,31,"CA","HUMAN_OBSERVATION","Conioselinum chinense"
4512882013,"Kreidion chinensis",-66.65272,47.36287,2015,7,4,"CA","PRESERVED_SPECIMEN","Conioselinum chinense"
4137830817,"Kreidion chinensis",-60.155023,47.200658,2023,6,13,"CA","HUMAN_OBSERVATION","Conioselinum chinense"
2574202846,"Kreidion chinensis",-67.781231,47.059985,2018,7,31,"CA","HUMAN_OBSERVATION","Conioselinum chinense"
3067782058,"Kreidion chinensis",-52.947147,46.932434,2020,8,1,"CA","HUMAN_OBSERVATION","Conioselinum chinense"
4512125593,"Kreidion chinensis",-71.327139,46.748999,2022,8,6,"CA","HUMAN_OBSERVATION","Conioselinum chinense"
1807264106,"Kreidion chinensis",-60.917468,46.71929,2014,8,27,"CA","PRESERVED_SPECIMEN","Conioselinum chinense"
2540740727,"Kreidion chinensis",-71.420028,46.006583,2019,9,28,"CA","HUMAN_OBSERVATION","Conioselinum chinense"
4512902052,"Kreidion chinensis",-64.83353,45.78222,2011,7,2,"CA","PRESERVED_SPECIMEN","Conioselinum chinense"
2818572314,"Kreidion chinensis",-64.393864,45.631638,2011,7,8,"CA","HUMAN_OBSERVATION","Conioselinum chinense"
3888822448,"Kreidion chinensis",-66.062797,45.359858,2022,6,22,"CA","HUMAN_OBSERVATION","Conioselinum chinense"
4407059622,"Kreidion chinensis",-80.44309,43.3858,2023,7,4,"CA","HUMAN_OBSERVATION","Conioselinum chinense"
4413717804,"Kreidion chinensis",-80.364027,43.39447,2023,9,8,"CA","HUMAN_OBSERVATION","Conioselinum chinense"
1640103193,"Kreidion chinensis",-80.424376,43.365897,2017,9,6,"CA","HUMAN_OBSERVATION","Conioselinum chinense"
4413966864,"Kreidion chinensis",-80.351686,43.37225,2023,9,8,"CA","HUMAN_OBSERVATION","Conioselinum chinense"
1640103216,"Kreidion chinensis",-80.326414,43.34278,2017,9,6,"CA","HUMAN_OBSERVATION","Conioselinum chinense"
2573059303,"Kreidion chinensis",-72.92807,43.34952,2004,9,14,"US","PRESERVED_SPECIMEN","Conioselinum chinense"
1640103225,"Kreidion chinensis",-80.473952,43.296297,2017,9,6,"CA","HUMAN_OBSERVATION","Conioselinum chinense"
1453297753,"Kreidion chinensis",-80.332521,43.31576,2015,6,17,"CA","HUMAN_OBSERVATION","Conioselinum chinense"
2445095415,"Kreidion chinensis",-80.498324,43.2562,2019,6,30,"CA","HUMAN_OBSERVATION","Conioselinum chinense"
3743322415,"Kreidion chinensis",-80.278245,43.280883,2018,8,27,"CA","HUMAN_OBSERVATION","Conioselinum chinense"
4145728334,"Kreidion chinensis",-80.536948,43.233632,2023,6,28,"CA","HUMAN_OBSERVATION","Conioselinum chinense"
4407434159,"Kreidion chinensis",-80.229215,43.212161,2023,9,3,"CA","HUMAN_OBSERVATION","Conioselinum chinense"
1500297784,"Kreidion chinensis",-81.41674,42.901421,2017,4,22,"CA","HUMAN_OBSERVATION","Conioselinum chinense"
2579305803,"Kreidion chinensis",-76.085783,42.881831,2016,7,4,"US","HUMAN_OBSERVATION","Conioselinum chinense"
3947452834,"Kreidion chinensis",-75.813514,42.891994,2022,10,16,"US","HUMAN_OBSERVATION","Conioselinum chinense"
3333153445,"Kreidion chinensis",-75.790848,42.896654,2021,6,16,"US","HUMAN_OBSERVATION","Conioselinum chinense"
2864703024,"Kreidion chinensis",-75.832877,42.802715,2020,9,16,"US","HUMAN_OBSERVATION","Conioselinum chinense"
2573904182,"Kreidion chinensis",-76.04606,42.786316,2010,9,6,"US","HUMAN_OBSERVATION","Conioselinum chinense"
1933546744,"Kreidion chinensis",-86.13742,42.715704,2018,8,18,"US","HUMAN_OBSERVATION","Conioselinum chinense"
2860171442,"Kreidion chinensis",-75.625765,42.705991,2020,7,6,"US","HUMAN_OBSERVATION","Conioselinum chinense"
2429516221,"Kreidion chinensis",-86.045074,42.611488,2019,9,1,"US","HUMAN_OBSERVATION","Conioselinum chinense"
3333261405,"Kreidion chinensis",-73.048234,42.413089,2021,5,7,"US","HUMAN_OBSERVATION","Conioselinum chinense"
3124708418,"Kreidion chinensis",-73.287478,42.3326,2021,5,24,"US","HUMAN_OBSERVATION","Conioselinum chinense"
1989460402,"Kreidion chinensis",-83.6625,42.2911,2011,9,19,"US","PRESERVED_SPECIMEN","Conioselinum chinense"
3079680999,"Kreidion chinensis",-73.012957,42.285241,2020,10,20,"US","HUMAN_OBSERVATION","Conioselinum chinense"
3302381467,"Kreidion chinensis",-73.104173,42.204423,2020,8,28,"US","HUMAN_OBSERVATION","Conioselinum chinense"
1212015294,"Kreidion chinensis",-72.33919,41.67572,2014,6,3,"US","PRESERVED_SPECIMEN","Conioselinum chinense"
1928735740,"Kreidion chinensis",-73.5995,41.17578,2015,7,11,"US","PRESERVED_SPECIMEN","Conioselinum chinense"
