"gbifID","species","longitude","latitude","year","month","day","countryCode","basisOfRecord","accepted_name"
4162025431,"Crataegus douglasii",-127.687986,55.349543,2023,5,28,"CA","HUMAN_OBSERVATION","Crataegus douglasii"
4162236308,"Crataegus douglasii",-128.070039,55.274967,2020,8,26,"CA","HUMAN_OBSERVATION","Crataegus douglasii"
1899300350,"Crataegus douglasii",-127.606117,55.2564,2011,6,11,"CA","PRESERVED_SPECIMEN","Crataegus douglasii"
3039195582,"Crataegus douglasii",-127.670567,55.245292,2020,6,28,"CA","HUMAN_OBSERVATION","Crataegus douglasii"
1899274386,"Crataegus douglasii",-127.444931,55.21869,2010,8,14,"CA","PRESERVED_SPECIMEN","Crataegus douglasii"
1899300453,"Crataegus douglasii",-128.076389,55.099167,2011,6,11,"CA","PRESERVED_SPECIMEN","Crataegus douglasii"
4162204323,"Crataegus douglasii",-128.281228,55.033621,2019,6,24,"CA","HUMAN_OBSERVATION","Crataegus douglasii"
4165357421,"Crataegus douglasii",-127.188134,54.798044,2022,6,3,"CA","HUMAN_OBSERVATION","Crataegus douglasii"
1899274320,"Crataegus douglasii",-128.318475,54.71235,2010,8,15,"CA","PRESERVED_SPECIMEN","Crataegus douglasii"
2610998340,"Crataegus douglasii",-128.719588,54.499355,2018,8,15,"CA","HUMAN_OBSERVATION","Crataegus douglasii"
1899300377,"Crataegus douglasii",-128.76222,54.44417,2011,6,11,"CA","PRESERVED_SPECIMEN","Crataegus douglasii"
4162009333,"Crataegus douglasii",-128.538065,54.416829,2021,8,15,"CA","HUMAN_OBSERVATION","Crataegus douglasii"
1899300373,"Crataegus douglasii",-122.951472,53.948306,2010,6,1,"CA","PRESERVED_SPECIMEN","Crataegus douglasii"
4500606020,"Crataegus douglasii",-122.75294,53.926554,2021,8,17,"CA","HUMAN_OBSERVATION","Crataegus douglasii"
1899274360,"Crataegus douglasii",-122.720442,53.917378,2010,8,20,"CA","PRESERVED_SPECIMEN","Crataegus douglasii"
3998205487,"Crataegus douglasii",-122.737102,53.912113,2022,9,3,"CA","HUMAN_OBSERVATION","Crataegus douglasii"
3949914799,"Crataegus douglasii",-122.769536,53.843017,2022,6,13,"CA","HUMAN_OBSERVATION","Crataegus douglasii"
1899299975,"Crataegus douglasii",-122.285212,52.395905,2011,6,8,"CA","PRESERVED_SPECIMEN","Crataegus douglasii"
1988182327,"Crataegus douglasii",-120.08,51.63,2013,6,20,"CA","PRESERVED_SPECIMEN","Crataegus douglasii"
3960172703,"Crataegus douglasii",-120.034891,51.644805,2021,8,11,"CA","HUMAN_OBSERVATION","Crataegus douglasii"
1988096588,"Crataegus douglasii",-120.18,51.32,2013,6,18,"CA","PRESERVED_SPECIMEN","Crataegus douglasii"
1988233562,"Crataegus douglasii",-116.975652,51.315423,2015,7,19,"CA","PRESERVED_SPECIMEN","Crataegus douglasii"
3997830018,"Crataegus douglasii",-114.08933,51.00937,2022,7,24,"CA","HUMAN_OBSERVATION","Crataegus douglasii"
2331824193,"Crataegus douglasii",-119.661143,50.94538,2018,8,21,"CA","HUMAN_OBSERVATION","Crataegus douglasii"
1899300444,"Crataegus douglasii",-121.77728,50.898294,2011,6,8,"CA","PRESERVED_SPECIMEN","Crataegus douglasii"
4021985531,"Crataegus douglasii",-121.520309,50.876975,2022,6,1,"CA","HUMAN_OBSERVATION","Crataegus douglasii"
2451586727,"Crataegus douglasii",-119.571782,50.900998,2019,7,14,"CA","HUMAN_OBSERVATION","Crataegus douglasii"
1899304297,"Crataegus douglasii",-119.423,50.881611,2010,8,22,"CA","PRESERVED_SPECIMEN","Crataegus douglasii"
4130045084,"Crataegus douglasii",-122.180047,50.874267,2023,6,4,"CA","HUMAN_OBSERVATION","Crataegus douglasii"
4137659419,"Crataegus douglasii",-120.039352,50.83461,2020,9,14,"CA","HUMAN_OBSERVATION","Crataegus douglasii"
4102875176,"Crataegus douglasii",-119.745217,50.809017,2023,4,30,"CA","HUMAN_OBSERVATION","Crataegus douglasii"
3892887311,"Crataegus douglasii",-119.697278,50.82,2018,8,9,"CA","PRESERVED_SPECIMEN","Crataegus douglasii"
1899304336,"Crataegus douglasii",-119.661889,50.82925,2010,8,22,"CA","PRESERVED_SPECIMEN","Crataegus douglasii"
3355790918,"Crataegus douglasii",-120.346222,50.750387,2021,9,4,"CA","HUMAN_OBSERVATION","Crataegus douglasii"
3773787299,"Crataegus douglasii",-119.76117,50.760892,2022,5,6,"CA","HUMAN_OBSERVATION","Crataegus douglasii"
4121189829,"Crataegus douglasii",-120.346167,50.74916,2023,5,16,"CA","HUMAN_OBSERVATION","Crataegus douglasii"
3759448585,"Crataegus douglasii",-120.30763,50.711497,2022,4,19,"CA","HUMAN_OBSERVATION","Crataegus douglasii"
3860182293,"Crataegus douglasii",-121.944035,50.683814,2022,6,3,"CA","HUMAN_OBSERVATION","Crataegus douglasii"
3802283489,"Crataegus douglasii",-120.330322,50.663492,2022,5,15,"CA","HUMAN_OBSERVATION","Crataegus douglasii"
2641557543,"Crataegus douglasii",-120.05938,50.659163,2020,6,8,"CA","HUMAN_OBSERVATION","Crataegus douglasii"
2851003423,"Crataegus douglasii",-122.903652,50.59806,2019,7,28,"CA","HUMAN_OBSERVATION","Crataegus douglasii"
1899274334,"Crataegus douglasii",-119.365833,50.6175,2010,8,23,"CA","PRESERVED_SPECIMEN","Crataegus douglasii"
1899304153,"Crataegus douglasii",-119.116111,50.585833,2008,6,1,"CA","PRESERVED_SPECIMEN","Crataegus douglasii"
1899303774,"Crataegus douglasii",-113.133611,50.550556,2005,9,2,"CA","PRESERVED_SPECIMEN","Crataegus douglasii"
2871580302,"Crataegus douglasii",-119.57099,50.50001,2016,4,29,"CA","PRESERVED_SPECIMEN","Crataegus douglasii"
2422518281,"Crataegus douglasii",-119.104,50.501,2016,4,30,"CA","PRESERVED_SPECIMEN","Crataegus douglasii"
1988178244,"Crataegus douglasii",-121.293889,50.493333,2008,5,15,"CA","PRESERVED_SPECIMEN","Crataegus douglasii"
3953371013,"Crataegus douglasii",-119.569689,50.493114,2020,8,6,"CA","HUMAN_OBSERVATION","Crataegus douglasii"
1899342433,"Crataegus douglasii",-119.127549,50.470592,2002,5,17,"CA","PRESERVED_SPECIMEN","Crataegus douglasii"
1899358197,"Crataegus douglasii",-119.115556,50.479444,2010,5,28,"CA","PRESERVED_SPECIMEN","Crataegus douglasii"
1899304107,"Crataegus douglasii",-119.443367,50.454544,2010,8,12,"CA","PRESERVED_SPECIMEN","Crataegus douglasii"
3955071098,"Crataegus douglasii",-119.213395,50.438075,2021,9,10,"CA","HUMAN_OBSERVATION","Crataegus douglasii"
1899304385,"Crataegus douglasii",-119.293583,50.375278,2010,8,22,"CA","PRESERVED_SPECIMEN","Crataegus douglasii"
1899342362,"Crataegus douglasii",-119.330962,50.358094,2002,5,11,"CA","PRESERVED_SPECIMEN","Crataegus douglasii"
3109313806,"Crataegus douglasii",-119.290463,50.280136,2021,4,24,"CA","HUMAN_OBSERVATION","Crataegus douglasii"
2451586420,"Crataegus douglasii",-119.216184,50.276121,2019,7,20,"CA","HUMAN_OBSERVATION","Crataegus douglasii"
3858287251,"Crataegus douglasii",-119.250269,50.227051,2022,5,26,"CA","HUMAN_OBSERVATION","Crataegus douglasii"
3399304470,"Crataegus douglasii",-119.230422,50.212017,2021,5,28,"CA","HUMAN_OBSERVATION","Crataegus douglasii"
3998430838,"Crataegus douglasii",-119.11158,50.230859,2022,8,27,"CA","HUMAN_OBSERVATION","Crataegus douglasii"
3949280280,"Crataegus douglasii",-118.604534,50.223555,2021,5,18,"CA","HUMAN_OBSERVATION","Crataegus douglasii"
1899304319,"Crataegus douglasii",-118.582972,50.225806,2010,8,26,"CA","PRESERVED_SPECIMEN","Crataegus douglasii"
1899274337,"Crataegus douglasii",-117.756389,50.234167,2008,6,4,"CA","PRESERVED_SPECIMEN","Crataegus douglasii"
2818584428,"Crataegus douglasii",-119.339706,50.182896,2020,6,7,"CA","HUMAN_OBSERVATION","Crataegus douglasii"
4177412670,"Crataegus douglasii",-119.282837,50.20588,2023,8,10,"CA","HUMAN_OBSERVATION","Crataegus douglasii"
3398827450,"Crataegus douglasii",-119.235406,50.207711,2021,5,28,"CA","HUMAN_OBSERVATION","Crataegus douglasii"
2999034403,"Crataegus douglasii",-125.2305,50.127936,2020,5,14,"CA","HUMAN_OBSERVATION","Crataegus douglasii"
4120959225,"Crataegus douglasii",-120.82923,50.12625,2023,5,17,"CA","HUMAN_OBSERVATION","Crataegus douglasii"
3859115065,"Crataegus douglasii",-119.349175,50.131261,2022,5,25,"CA","HUMAN_OBSERVATION","Crataegus douglasii"
1899304135,"Crataegus douglasii",-117.662778,50.163611,2008,6,2,"CA","PRESERVED_SPECIMEN","Crataegus douglasii"
3113331848,"Crataegus douglasii",-117.557853,50.134972,2021,5,7,"CA","HUMAN_OBSERVATION","Crataegus douglasii"
3759835306,"Crataegus douglasii",-122.9673,50.12217,2016,8,9,"CA","HUMAN_OBSERVATION","Crataegus douglasii"
3455175789,"Crataegus douglasii",-117.468536,50.08945,2020,6,11,"CA","HUMAN_OBSERVATION","Crataegus douglasii"
3802632235,"Crataegus douglasii",-124.977498,50.04626,2022,5,22,"CA","HUMAN_OBSERVATION","Crataegus douglasii"
4177271512,"Crataegus douglasii",-119.44957,50.049866,2023,8,11,"CA","HUMAN_OBSERVATION","Crataegus douglasii"
1899274280,"Crataegus douglasii",-119.389722,50.051111,2008,8,6,"CA","PRESERVED_SPECIMEN","Crataegus douglasii"
3325953468,"Crataegus douglasii",-122.948372,50.026028,2021,7,2,"CA","HUMAN_OBSERVATION","Crataegus douglasii"
2422861275,"Crataegus douglasii",-119.53144,49.963273,2019,7,20,"CA","HUMAN_OBSERVATION","Crataegus douglasii"
2999155380,"Crataegus douglasii",-119.40737,49.9615,2016,5,3,"CA","HUMAN_OBSERVATION","Crataegus douglasii"
3948997663,"Crataegus douglasii",-119.440903,49.925592,2022,6,2,"CA","HUMAN_OBSERVATION","Crataegus douglasii"
4116269001,"Crataegus douglasii",-119.39067,49.929325,2023,5,10,"CA","HUMAN_OBSERVATION","Crataegus douglasii"
3802764882,"Crataegus douglasii",-119.370929,49.948346,2022,5,25,"CA","HUMAN_OBSERVATION","Crataegus douglasii"
4111964516,"Crataegus douglasii",-119.418609,49.894784,2023,5,5,"CA","HUMAN_OBSERVATION","Crataegus douglasii"
4111960447,"Crataegus douglasii",-119.406866,49.905551,2023,5,5,"CA","HUMAN_OBSERVATION","Crataegus douglasii"
3113341006,"Crataegus douglasii",-119.542023,49.850395,2021,5,8,"CA","HUMAN_OBSERVATION","Crataegus douglasii"
4162290285,"Crataegus douglasii",-119.464783,49.862415,2023,7,12,"CA","HUMAN_OBSERVATION","Crataegus douglasii"
2244322710,"Crataegus douglasii",-116.8604,49.870597,2019,5,18,"CA","HUMAN_OBSERVATION","Crataegus douglasii"
1899342465,"Crataegus douglasii",-108.709722,49.843889,2004,5,29,"CA","PRESERVED_SPECIMEN","Crataegus douglasii"
1899342370,"Crataegus douglasii",-108.706389,49.841111,2004,5,29,"CA","PRESERVED_SPECIMEN","Crataegus douglasii"
2826483987,"Crataegus douglasii",-125.066548,49.792724,2020,7,23,"CA","HUMAN_OBSERVATION","Crataegus douglasii"
1899304110,"Crataegus douglasii",-118.158889,49.805,2007,6,7,"CA","PRESERVED_SPECIMEN","Crataegus douglasii"
3953412511,"Crataegus douglasii",-117.461079,49.798607,2020,8,8,"CA","HUMAN_OBSERVATION","Crataegus douglasii"
3784668665,"Crataegus douglasii",-119.547649,49.768917,2022,5,14,"CA","HUMAN_OBSERVATION","Crataegus douglasii"
1899358198,"Crataegus douglasii",-117.468056,49.752222,2010,5,29,"CA","PRESERVED_SPECIMEN","Crataegus douglasii"
1899342404,"Crataegus douglasii",-109.345356,49.768414,2004,6,2,"CA","PRESERVED_SPECIMEN","Crataegus douglasii"
4172188958,"Crataegus douglasii",-124.996497,49.708508,2023,8,5,"CA","HUMAN_OBSERVATION","Crataegus douglasii"
4153875691,"Crataegus douglasii",-119.764788,49.742485,2023,7,7,"CA","HUMAN_OBSERVATION","Crataegus douglasii"
1899342413,"Crataegus douglasii",-109.476111,49.742778,2004,5,26,"CA","PRESERVED_SPECIMEN","Crataegus douglasii"
1899342371,"Crataegus douglasii",-109.3375,49.743889,2003,5,23,"CA","PRESERVED_SPECIMEN","Crataegus douglasii"
1899342380,"Crataegus douglasii",-109.329722,49.737222,2004,9,18,"CA","PRESERVED_SPECIMEN","Crataegus douglasii"
3958299778,"Crataegus douglasii",-125.007857,49.687592,2021,8,16,"CA","HUMAN_OBSERVATION","Crataegus douglasii"
3902766575,"Crataegus douglasii",-124.980746,49.679805,2022,6,6,"CA","HUMAN_OBSERVATION","Crataegus douglasii"
4500841133,"Crataegus douglasii",-115.691383,49.69048,2023,12,17,"CA","HUMAN_OBSERVATION","Crataegus douglasii"
1315082340,"Crataegus douglasii",-112.863268,49.678775,2016,9,20,"CA","HUMAN_OBSERVATION","Crataegus douglasii"
1899342428,"Crataegus douglasii",-110.129167,49.672222,2004,6,3,"CA","PRESERVED_SPECIMEN","Crataegus douglasii"
1899342320,"Crataegus douglasii",-110.116667,49.666667,2001,8,28,"CA","PRESERVED_SPECIMEN","Crataegus douglasii"
3314170453,"Crataegus douglasii",-116.9478,49.648164,2021,5,15,"CA","HUMAN_OBSERVATION","Crataegus douglasii"
3951779745,"Crataegus douglasii",-110.309303,49.663567,2021,8,25,"CA","HUMAN_OBSERVATION","Crataegus douglasii"
1899342449,"Crataegus douglasii",-109.997064,49.643452,2001,8,28,"CA","PRESERVED_SPECIMEN","Crataegus douglasii"
1899304568,"Crataegus douglasii",-109.504444,49.657222,2007,8,26,"CA","PRESERVED_SPECIMEN","Crataegus douglasii"
3347127292,"Crataegus douglasii",-109.49999,49.66001,2007,10,6,"CA","PRESERVED_SPECIMEN","Crataegus douglasii"
4039299401,"Crataegus douglasii",-125.025815,49.616425,2021,5,17,"CA","HUMAN_OBSERVATION","Crataegus douglasii"
4121388922,"Crataegus douglasii",-117.614418,49.586034,2023,5,16,"CA","HUMAN_OBSERVATION","Crataegus douglasii"
3113449750,"Crataegus douglasii",-117.126567,49.599702,2021,5,7,"CA","HUMAN_OBSERVATION","Crataegus douglasii"
4133625467,"Crataegus douglasii",-117.123906,49.601117,2023,5,20,"CA","HUMAN_OBSERVATION","Crataegus douglasii"
3958979971,"Crataegus douglasii",-115.801585,49.58544,2020,9,1,"CA","HUMAN_OBSERVATION","Crataegus douglasii"
1899303775,"Crataegus douglasii",-109.630556,49.624444,2007,6,10,"CA","PRESERVED_SPECIMEN","Crataegus douglasii"
3312577839,"Crataegus douglasii",-124.817778,49.573333,2016,8,28,"CA","PRESERVED_SPECIMEN","Crataegus douglasii"
3764528791,"Crataegus douglasii",-121.426894,49.560619,2022,4,22,"CA","HUMAN_OBSERVATION","Crataegus douglasii"
3998903889,"Crataegus douglasii",-119.692568,49.580446,2022,8,13,"CA","HUMAN_OBSERVATION","Crataegus douglasii"
2850760484,"Crataegus douglasii",-119.630465,49.564008,2020,8,12,"CA","HUMAN_OBSERVATION","Crataegus douglasii"
3113606819,"Crataegus douglasii",-117.65113,49.54325,2021,5,13,"CA","HUMAN_OBSERVATION","Crataegus douglasii"
4413612066,"Crataegus douglasii",-115.677681,49.570328,2023,9,2,"CA","HUMAN_OBSERVATION","Crataegus douglasii"
1899342367,"Crataegus douglasii",-110.352083,49.574056,2007,8,28,"CA","PRESERVED_SPECIMEN","Crataegus douglasii"
2851051620,"Crataegus douglasii",-124.807862,49.501403,2020,8,6,"CA","HUMAN_OBSERVATION","Crataegus douglasii"
2873924477,"Crataegus douglasii",-124.641259,49.511797,2020,8,7,"CA","HUMAN_OBSERVATION","Crataegus douglasii"
4407381135,"Crataegus douglasii",-124.607925,49.508065,2023,6,2,"CA","HUMAN_OBSERVATION","Crataegus douglasii"
2963797387,"Crataegus douglasii",-119.64656,49.509699,2020,5,30,"CA","HUMAN_OBSERVATION","Crataegus douglasii"
1899304091,"Crataegus douglasii",-117.630556,49.515833,2008,5,30,"CA","PRESERVED_SPECIMEN","Crataegus douglasii"
4120921909,"Crataegus douglasii",-124.807555,49.499203,2023,5,17,"CA","HUMAN_OBSERVATION","Crataegus douglasii"
1423596532,"Crataegus douglasii",-124.750678,49.484233,2016,8,28,"CA","LIVING_SPECIMEN","Crataegus douglasii"
1899304225,"Crataegus douglasii",-117.592833,49.496167,2010,8,24,"CA","PRESERVED_SPECIMEN","Crataegus douglasii"
1899304279,"Crataegus douglasii",-117.413778,49.490472,2010,8,24,"CA","PRESERVED_SPECIMEN","Crataegus douglasii"
2963809391,"Crataegus douglasii",-119.56693,49.441435,2020,6,6,"CA","HUMAN_OBSERVATION","Crataegus douglasii"
4116288452,"Crataegus douglasii",-123.092237,49.334713,2023,5,14,"CA","HUMAN_OBSERVATION","Crataegus douglasii"
2609112092,"Crataegus douglasii",-123.079253,49.341392,2020,4,19,"CA","HUMAN_OBSERVATION","Crataegus douglasii"
2864857539,"Crataegus douglasii",-121.748078,49.342019,2020,9,11,"CA","HUMAN_OBSERVATION","Crataegus douglasii"
2963805386,"Crataegus douglasii",-120.135994,49.371036,2020,6,2,"CA","HUMAN_OBSERVATION","Crataegus douglasii"
2988593625,"Crataegus douglasii",-119.077417,49.338858,2020,8,26,"CA","HUMAN_OBSERVATION","Crataegus douglasii"
1890714339,"Crataegus douglasii",-123.141396,49.295787,2018,8,7,"CA","HUMAN_OBSERVATION","Crataegus douglasii"
2963915402,"Crataegus douglasii",-119.638333,49.3175,2020,6,28,"CA","HUMAN_OBSERVATION","Crataegus douglasii"
3858346035,"Crataegus douglasii",-119.530747,49.297906,2022,5,25,"CA","HUMAN_OBSERVATION","Crataegus douglasii"
1899304184,"Crataegus douglasii",-117.648889,49.308889,2008,5,29,"CA","PRESERVED_SPECIMEN","Crataegus douglasii"
4035732419,"Crataegus douglasii",-114.30834,49.31263,2018,8,7,"CA","PRESERVED_SPECIMEN","Crataegus douglasii"
3949297921,"Crataegus douglasii",-124.806278,49.250593,2021,8,24,"CA","HUMAN_OBSERVATION","Crataegus douglasii"
3407916911,"Crataegus douglasii",-124.790441,49.274455,2021,9,2,"CA","HUMAN_OBSERVATION","Crataegus douglasii"
4597160335,"Crataegus douglasii",-124.115979,49.254786,2018,7,14,"CA","HUMAN_OBSERVATION","Crataegus douglasii"
3949020067,"Crataegus douglasii",-123.037778,49.279444,2020,7,25,"CA","HUMAN_OBSERVATION","Crataegus douglasii"
3859306037,"Crataegus douglasii",-122.834778,49.28421,2022,4,30,"CA","HUMAN_OBSERVATION","Crataegus douglasii"
3772696600,"Crataegus douglasii",-122.796664,49.286869,2022,5,2,"CA","HUMAN_OBSERVATION","Crataegus douglasii"
3301831865,"Crataegus douglasii",-122.781892,49.264763,2021,6,8,"CA","HUMAN_OBSERVATION","Crataegus douglasii"
3859286032,"Crataegus douglasii",-122.734161,49.264248,2022,5,1,"CA","HUMAN_OBSERVATION","Crataegus douglasii"
3455347130,"Crataegus douglasii",-122.690045,49.289131,2021,5,16,"CA","HUMAN_OBSERVATION","Crataegus douglasii"
2813958986,"Crataegus douglasii",-119.583978,49.2855,2020,6,5,"CA","HUMAN_OBSERVATION","Crataegus douglasii"
2963748409,"Crataegus douglasii",-119.581711,49.284936,2020,6,5,"CA","HUMAN_OBSERVATION","Crataegus douglasii"
4510312070,"Crataegus douglasii",-123.210442,49.219987,2023,8,1,"CA","HUMAN_OBSERVATION","Crataegus douglasii"
3455796514,"Crataegus douglasii",-123.198171,49.208815,2019,5,15,"CA","HUMAN_OBSERVATION","Crataegus douglasii"
3949706176,"Crataegus douglasii",-122.928221,49.209527,2021,5,5,"CA","HUMAN_OBSERVATION","Crataegus douglasii"
3113398443,"Crataegus douglasii",-122.89305,49.217288,2021,5,10,"CA","HUMAN_OBSERVATION","Crataegus douglasii"
3118457433,"Crataegus douglasii",-122.79745,49.237462,2021,5,18,"CA","HUMAN_OBSERVATION","Crataegus douglasii"
4400202455,"Crataegus douglasii",-122.742163,49.222394,2023,7,26,"CA","HUMAN_OBSERVATION","Crataegus douglasii"
2864569011,"Crataegus douglasii",-121.958898,49.2354,2020,9,11,"CA","HUMAN_OBSERVATION","Crataegus douglasii"
3337766178,"Crataegus douglasii",-121.947544,49.244739,2021,8,6,"CA","HUMAN_OBSERVATION","Crataegus douglasii"
4112061943,"Crataegus douglasii",-121.913123,49.20923,2023,5,7,"CA","HUMAN_OBSERVATION","Crataegus douglasii"
4022080457,"Crataegus douglasii",-124.014393,49.20216,2022,8,20,"CA","HUMAN_OBSERVATION","Crataegus douglasii"
4133638906,"Crataegus douglasii",-123.817283,49.178075,2023,6,6,"CA","HUMAN_OBSERVATION","Crataegus douglasii"
1891334786,"Crataegus douglasii",-123.192747,49.166783,2018,8,14,"CA","HUMAN_OBSERVATION","Crataegus douglasii"
4111668627,"Crataegus douglasii",-122.792483,49.190169,2023,4,30,"CA","HUMAN_OBSERVATION","Crataegus douglasii"
3113288594,"Crataegus douglasii",-122.736106,49.205875,2021,5,2,"CA","HUMAN_OBSERVATION","Crataegus douglasii"
3302254045,"Crataegus douglasii",-122.675142,49.192781,2021,6,6,"CA","HUMAN_OBSERVATION","Crataegus douglasii"
3949238191,"Crataegus douglasii",-122.645122,49.189856,2021,7,13,"CA","HUMAN_OBSERVATION","Crataegus douglasii"
3860631491,"Crataegus douglasii",-122.584563,49.175696,2022,6,18,"CA","HUMAN_OBSERVATION","Crataegus douglasii"
4162623828,"Crataegus douglasii",-122.565337,49.202153,2023,7,17,"CA","HUMAN_OBSERVATION","Crataegus douglasii"
2557641098,"Crataegus douglasii",-119.620033,49.207851,2019,6,25,"CA","HUMAN_OBSERVATION","Crataegus douglasii"
1899300379,"Crataegus douglasii",-117.281285,49.179718,2011,6,1,"CA","PRESERVED_SPECIMEN","Crataegus douglasii"
4121014965,"Crataegus douglasii",-125.575736,49.136844,2023,5,21,"CA","HUMAN_OBSERVATION","Crataegus douglasii"
3961257685,"Crataegus douglasii",-123.928947,49.164906,2022,10,22,"CA","HUMAN_OBSERVATION","Crataegus douglasii"
3335544635,"Crataegus douglasii",-123.912,49.13,2021,8,5,"CA","HUMAN_OBSERVATION","Crataegus douglasii"
4126951741,"Crataegus douglasii",-123.696158,49.132806,2023,5,23,"CA","HUMAN_OBSERVATION","Crataegus douglasii"
3302009717,"Crataegus douglasii",-122.925414,49.142997,2021,6,5,"CA","HUMAN_OBSERVATION","Crataegus douglasii"
3802476152,"Crataegus douglasii",-122.882222,49.137063,2022,5,26,"CA","HUMAN_OBSERVATION","Crataegus douglasii"
3773390386,"Crataegus douglasii",-122.796361,49.138873,2022,5,1,"CA","HUMAN_OBSERVATION","Crataegus douglasii"
2283144509,"Crataegus douglasii",-122.671102,49.15186,2019,7,3,"CA","HUMAN_OBSERVATION","Crataegus douglasii"
4596755817,"Crataegus douglasii",-121.970893,49.149895,2022,7,31,"CA","HUMAN_OBSERVATION","Crataegus douglasii"
4421095415,"Crataegus douglasii",-123.182855,49.099243,2023,10,1,"CA","HUMAN_OBSERVATION","Crataegus douglasii"
3743067312,"Crataegus douglasii",-123.11213,49.102428,2019,6,20,"CA","HUMAN_OBSERVATION","Crataegus douglasii"
3925031933,"Crataegus douglasii",-123.0774,49.116901,2022,10,5,"CA","HUMAN_OBSERVATION","Crataegus douglasii"
4171827485,"Crataegus douglasii",-123.014177,49.083452,2023,7,29,"CA","HUMAN_OBSERVATION","Crataegus douglasii"
3070516700,"Crataegus douglasii",-122.88201,49.102901,2019,6,30,"CA","HUMAN_OBSERVATION","Crataegus douglasii"
3912410685,"Crataegus douglasii",-122.841295,49.096631,2022,9,19,"CA","HUMAN_OBSERVATION","Crataegus douglasii"
4420917576,"Crataegus douglasii",-122.685112,49.097043,2023,9,4,"CA","HUMAN_OBSERVATION","Crataegus douglasii"
3307426590,"Crataegus douglasii",-122.657257,49.096668,2021,6,10,"CA","HUMAN_OBSERVATION","Crataegus douglasii"
1850903273,"Crataegus douglasii",-122.315491,49.113441,2018,5,8,"CA","HUMAN_OBSERVATION","Crataegus douglasii"
3958782926,"Crataegus douglasii",-122.045851,49.122602,2021,8,1,"CA","HUMAN_OBSERVATION","Crataegus douglasii"
4597215480,"Crataegus douglasii",-121.921675,49.105568,2020,8,14,"CA","HUMAN_OBSERVATION","Crataegus douglasii"
4034854605,"Crataegus douglasii",-121.801288,49.112958,2014,6,23,"CA","HUMAN_OBSERVATION","Crataegus douglasii"
2273311393,"Crataegus douglasii",-121.454016,49.088246,2019,6,21,"CA","HUMAN_OBSERVATION","Crataegus douglasii"
3951751336,"Crataegus douglasii",-119.537469,49.091329,2019,7,16,"CA","HUMAN_OBSERVATION","Crataegus douglasii"
2574116337,"Crataegus douglasii",-116.632455,49.119218,2016,5,3,"CA","HUMAN_OBSERVATION","Crataegus douglasii"
2883057488,"Crataegus douglasii",-125.775359,49.072678,2020,8,28,"CA","HUMAN_OBSERVATION","Crataegus douglasii"
3859242500,"Crataegus douglasii",-123.158287,49.065813,2020,6,20,"CA","HUMAN_OBSERVATION","Crataegus douglasii"
4416918870,"Crataegus douglasii",-123.055519,49.083161,2023,9,19,"CA","HUMAN_OBSERVATION","Crataegus douglasii"
3960081235,"Crataegus douglasii",-122.881874,49.059635,2021,8,8,"CA","HUMAN_OBSERVATION","Crataegus douglasii"
2611191534,"Crataegus douglasii",-122.828081,49.082753,2020,4,27,"CA","HUMAN_OBSERVATION","Crataegus douglasii"
3947758398,"Crataegus douglasii",-122.686295,49.043216,2022,10,14,"CA","HUMAN_OBSERVATION","Crataegus douglasii"
3337854161,"Crataegus douglasii",-122.344221,49.054538,2021,8,7,"CA","HUMAN_OBSERVATION","Crataegus douglasii"
3321197938,"Crataegus douglasii",-122.284388,49.070718,2021,6,26,"CA","HUMAN_OBSERVATION","Crataegus douglasii"
2963913376,"Crataegus douglasii",-119.557006,49.044783,2020,6,4,"CA","HUMAN_OBSERVATION","Crataegus douglasii"
3039294078,"Crataegus douglasii",-119.519809,49.053587,2019,7,15,"CA","HUMAN_OBSERVATION","Crataegus douglasii"
3958555450,"Crataegus douglasii",-118.43933,49.042481,2021,8,29,"CA","HUMAN_OBSERVATION","Crataegus douglasii"
3999098388,"Crataegus douglasii",-116.494274,49.065383,2022,8,26,"CA","HUMAN_OBSERVATION","Crataegus douglasii"
2901505460,"Crataegus douglasii",-123.567497,49.007572,2020,7,15,"CA","HUMAN_OBSERVATION","Crataegus douglasii"
4171972480,"Crataegus douglasii",-123.099625,49.028455,2023,7,31,"CA","HUMAN_OBSERVATION","Crataegus douglasii"
3773637452,"Crataegus douglasii",-123.045349,49.019642,2022,4,30,"CA","HUMAN_OBSERVATION","Crataegus douglasii"
3902053595,"Crataegus douglasii",-123.039205,49.013437,2022,4,30,"CA","HUMAN_OBSERVATION","Crataegus douglasii"
4138738587,"Crataegus douglasii",-122.686921,49.032529,2023,6,22,"CA","HUMAN_OBSERVATION","Crataegus douglasii"
3953467175,"Crataegus douglasii",-122.285823,49.030404,2020,8,21,"CA","HUMAN_OBSERVATION","Crataegus douglasii"
3302363960,"Crataegus douglasii",-119.558411,49.040286,2021,5,20,"CA","HUMAN_OBSERVATION","Crataegus douglasii"
3008821339,"Crataegus douglasii",-119.41163,49.00636,2004,9,16,"CA","HUMAN_OBSERVATION","Crataegus douglasii"
3759833693,"Crataegus douglasii",-118.434888,49.032549,2021,9,27,"CA","HUMAN_OBSERVATION","Crataegus douglasii"
1899369633,"Crataegus douglasii",-118.201588,49.013739,2000,7,17,"CA","PRESERVED_SPECIMEN","Crataegus douglasii"
2988313384,"Crataegus douglasii",-117.608507,49.033625,2019,8,17,"CA","HUMAN_OBSERVATION","Crataegus douglasii"
1899304222,"Crataegus douglasii",-117.550167,49.020028,2010,8,25,"CA","PRESERVED_SPECIMEN","Crataegus douglasii"
1899304237,"Crataegus douglasii",-117.515833,49.03075,2010,8,25,"CA","PRESERVED_SPECIMEN","Crataegus douglasii"
3949248864,"Crataegus douglasii",-123.810332,48.994415,2021,7,16,"CA","HUMAN_OBSERVATION","Crataegus douglasii"
4430797356,"Crataegus douglasii",-122.781242,48.984772,2023,10,21,"US","HUMAN_OBSERVATION","Crataegus douglasii"
1899304301,"Crataegus douglasii",-119.642772,48.967303,2012,8,20,"US","PRESERVED_SPECIMEN","Crataegus douglasii"
2856618076,"Crataegus douglasii",-123.548089,48.940292,2020,8,22,"CA","HUMAN_OBSERVATION","Crataegus douglasii"
1563432799,"Crataegus douglasii",-123.487659,48.949986,2017,5,27,"CA","HUMAN_OBSERVATION","Crataegus douglasii"
1899304361,"Crataegus douglasii",-119.657927,48.923326,2012,8,20,"US","PRESERVED_SPECIMEN","Crataegus douglasii"
2429376521,"Crataegus douglasii",-113.892975,48.956311,2017,9,6,"US","HUMAN_OBSERVATION","Crataegus douglasii"
1899342398,"Crataegus douglasii",-111.589583,48.927639,2007,9,9,"US","PRESERVED_SPECIMEN","Crataegus douglasii"
4127106566,"Crataegus douglasii",-123.680428,48.895772,2023,5,26,"CA","HUMAN_OBSERVATION","Crataegus douglasii"
1899300080,"Crataegus douglasii",-119.634735,48.915089,2011,5,23,"US","PRESERVED_SPECIMEN","Crataegus douglasii"
1899342366,"Crataegus douglasii",-119.612778,48.908611,2002,5,5,"US","PRESERVED_SPECIMEN","Crataegus douglasii"
4073888424,"Crataegus douglasii",-116.388817,48.902169,2000,7,19,"US","PRESERVED_SPECIMEN","Crataegus douglasii"
3385099488,"Crataegus douglasii",-124.648589,48.845761,2021,9,26,"CA","HUMAN_OBSERVATION","Crataegus douglasii"
3112369366,"Crataegus douglasii",-123.545025,48.834285,2020,7,29,"CA","HUMAN_OBSERVATION","Crataegus douglasii"
3118297438,"Crataegus douglasii",-123.532244,48.863481,2021,5,18,"CA","HUMAN_OBSERVATION","Crataegus douglasii"
3112392356,"Crataegus douglasii",-123.453082,48.852966,2020,10,6,"CA","HUMAN_OBSERVATION","Crataegus douglasii"
2641550310,"Crataegus douglasii",-122.674408,48.871156,2020,6,8,"US","HUMAN_OBSERVATION","Crataegus douglasii"
2643656093,"Crataegus douglasii",-122.62788,48.852331,2019,6,13,"US","HUMAN_OBSERVATION","Crataegus douglasii"
2244316653,"Crataegus douglasii",-122.341662,48.839605,2019,5,22,"US","HUMAN_OBSERVATION","Crataegus douglasii"
1899300306,"Crataegus douglasii",-116.335004,48.847278,2011,6,1,"US","PRESERVED_SPECIMEN","Crataegus douglasii"
4438765150,"Crataegus douglasii",-125.11602,48.793156,2023,11,3,"CA","HUMAN_OBSERVATION","Crataegus douglasii"
1899300021,"Crataegus douglasii",-123.750808,48.810334,2011,6,5,"CA","PRESERVED_SPECIMEN","Crataegus douglasii"
3455577759,"Crataegus douglasii",-123.736086,48.81418,2018,4,8,"CA","HUMAN_OBSERVATION","Crataegus douglasii"
3383996983,"Crataegus douglasii",-123.425689,48.809894,2021,9,11,"CA","HUMAN_OBSERVATION","Crataegus douglasii"
2634491540,"Crataegus douglasii",-122.6594,48.83027,2020,5,24,"US","HUMAN_OBSERVATION","Crataegus douglasii"
4138664323,"Crataegus douglasii",-122.583507,48.831594,2023,6,21,"US","HUMAN_OBSERVATION","Crataegus douglasii"
4420986866,"Crataegus douglasii",-122.575124,48.825935,2023,9,4,"US","HUMAN_OBSERVATION","Crataegus douglasii"
1899303942,"Crataegus douglasii",-119.402778,48.793333,2005,9,1,"US","PRESERVED_SPECIMEN","Crataegus douglasii"
4073890338,"Crataegus douglasii",-116.920905,48.800711,2020,8,9,"US","PRESERVED_SPECIMEN","Crataegus douglasii"
3018051459,"Crataegus douglasii",-123.931232,48.775518,2020,7,27,"CA","HUMAN_OBSERVATION","Crataegus douglasii"
2818758949,"Crataegus douglasii",-123.897133,48.771733,2020,7,9,"CA","HUMAN_OBSERVATION","Crataegus douglasii"
4165586402,"Crataegus douglasii",-123.708962,48.791596,2023,1,4,"CA","HUMAN_OBSERVATION","Crataegus douglasii"
3951819270,"Crataegus douglasii",-123.644432,48.755425,2022,6,15,"CA","HUMAN_OBSERVATION","Crataegus douglasii"
3955328346,"Crataegus douglasii",-123.513431,48.789463,2021,8,9,"CA","HUMAN_OBSERVATION","Crataegus douglasii"
3112536353,"Crataegus douglasii",-123.488953,48.783253,2020,7,25,"CA","HUMAN_OBSERVATION","Crataegus douglasii"
4129888357,"Crataegus douglasii",-123.268261,48.760392,2021,5,12,"CA","HUMAN_OBSERVATION","Crataegus douglasii"
3330638596,"Crataegus douglasii",-122.458477,48.754684,2021,7,22,"US","HUMAN_OBSERVATION","Crataegus douglasii"
3335172577,"Crataegus douglasii",-122.426842,48.753158,2021,7,26,"US","HUMAN_OBSERVATION","Crataegus douglasii"
3338117716,"Crataegus douglasii",-123.383636,48.722033,2021,8,5,"CA","HUMAN_OBSERVATION","Crataegus douglasii"
4162441062,"Crataegus douglasii",-122.694718,48.712692,2023,7,15,"US","HUMAN_OBSERVATION","Crataegus douglasii"
2814323762,"Crataegus douglasii",-122.514901,48.718612,2020,7,6,"US","HUMAN_OBSERVATION","Crataegus douglasii"
441730496,"Crataegus douglasii",-117.411667,48.736667,2004,8,13,"US","PRESERVED_SPECIMEN","Crataegus douglasii"
4073902196,"Crataegus douglasii",-116.833599,48.742245,2020,9,3,"US","PRESERVED_SPECIMEN","Crataegus douglasii"
3415400798,"Crataegus douglasii",-116.41357,48.714946,2021,7,23,"US","HUMAN_OBSERVATION","Crataegus douglasii"
3958748144,"Crataegus douglasii",-116.310362,48.711087,2020,7,24,"US","HUMAN_OBSERVATION","Crataegus douglasii"
1899384437,"Crataegus douglasii",-123.423333,48.67,2003,6,10,"CA","PRESERVED_SPECIMEN","Crataegus douglasii"
3997809752,"Crataegus douglasii",-118.039196,48.687677,2022,10,1,"US","HUMAN_OBSERVATION","Crataegus douglasii"
3912293373,"Crataegus douglasii",-116.321289,48.702393,2022,9,15,"US","HUMAN_OBSERVATION","Crataegus douglasii"
3997794013,"Crataegus douglasii",-113.803022,48.706511,2022,9,15,"US","HUMAN_OBSERVATION","Crataegus douglasii"
2366109514,"Crataegus douglasii",-123.463608,48.631111,2019,8,19,"CA","HUMAN_OBSERVATION","Crataegus douglasii"
3456900349,"Crataegus douglasii",-123.451637,48.63543,2021,11,6,"CA","HUMAN_OBSERVATION","Crataegus douglasii"
3902867680,"Crataegus douglasii",-123.398263,48.646408,2022,8,22,"CA","HUMAN_OBSERVATION","Crataegus douglasii"
4039360459,"Crataegus douglasii",-123.388636,48.588076,2022,5,15,"CA","HUMAN_OBSERVATION","Crataegus douglasii"
4458758964,"Crataegus douglasii",-123.37104,48.58875,2023,6,18,"CA","HUMAN_OBSERVATION","Crataegus douglasii"
3949614712,"Crataegus douglasii",-122.879259,48.612378,2021,7,25,"US","HUMAN_OBSERVATION","Crataegus douglasii"
3112797417,"Crataegus douglasii",-118.135776,48.608205,2021,5,1,"US","HUMAN_OBSERVATION","Crataegus douglasii"
2626379849,"Crataegus douglasii",-123.462273,48.571803,2020,5,13,"CA","HUMAN_OBSERVATION","Crataegus douglasii"
2429612775,"Crataegus douglasii",-123.439643,48.572461,2019,10,15,"CA","HUMAN_OBSERVATION","Crataegus douglasii"
441729965,"Crataegus douglasii",-117.896667,48.546667,2004,8,12,"US","PRESERVED_SPECIMEN","Crataegus douglasii"
4073938174,"Crataegus douglasii",-116.942055,48.563836,2000,7,19,"US","PRESERVED_SPECIMEN","Crataegus douglasii"
3888795602,"Crataegus douglasii",-123.388585,48.52101,2022,8,2,"CA","HUMAN_OBSERVATION","Crataegus douglasii"
4080656383,"Crataegus douglasii",-123.061209,48.502953,2021,10,13,"US","HUMAN_OBSERVATION","Crataegus douglasii"
4153423624,"Crataegus douglasii",-121.728737,48.532375,2023,7,10,"US","HUMAN_OBSERVATION","Crataegus douglasii"
1899300081,"Crataegus douglasii",-119.496701,48.500128,2011,5,22,"US","PRESERVED_SPECIMEN","Crataegus douglasii"
2641476473,"Crataegus douglasii",-113.996597,48.525653,2020,6,9,"US","HUMAN_OBSERVATION","Crataegus douglasii"
4414201492,"Crataegus douglasii",-123.432808,48.468778,2023,9,14,"CA","HUMAN_OBSERVATION","Crataegus douglasii"
4400301991,"Crataegus douglasii",-123.375587,48.490538,2023,8,19,"CA","HUMAN_OBSERVATION","Crataegus douglasii"
4405472696,"Crataegus douglasii",-123.359633,48.476698,2023,8,25,"CA","HUMAN_OBSERVATION","Crataegus douglasii"
4453750955,"Crataegus douglasii",-123.320643,48.461253,2023,11,21,"CA","HUMAN_OBSERVATION","Crataegus douglasii"
4177432515,"Crataegus douglasii",-122.623394,48.490858,2023,8,14,"US","HUMAN_OBSERVATION","Crataegus douglasii"
3820697537,"Crataegus douglasii",-120.205,48.481667,2003,10,7,"US","PRESERVED_SPECIMEN","Crataegus douglasii"
1899300025,"Crataegus douglasii",-119.479851,48.487133,2011,5,22,"US","PRESERVED_SPECIMEN","Crataegus douglasii"
2826439428,"Crataegus douglasii",-117.63198,48.480732,2020,7,14,"US","HUMAN_OBSERVATION","Crataegus douglasii"
3070616013,"Crataegus douglasii",-113.984522,48.497119,2020,6,12,"US","HUMAN_OBSERVATION","Crataegus douglasii"
3456757841,"Crataegus douglasii",-123.535438,48.419528,2021,8,29,"CA","HUMAN_OBSERVATION","Crataegus douglasii"
1899298284,"Crataegus douglasii",-123.481611,48.452,2004,5,25,"CA","PRESERVED_SPECIMEN","Crataegus douglasii"
4028960714,"Crataegus douglasii",-123.453186,48.431336,2023,1,27,"CA","HUMAN_OBSERVATION","Crataegus douglasii"
3337987941,"Crataegus douglasii",-123.401825,48.457164,2021,8,8,"CA","HUMAN_OBSERVATION","Crataegus douglasii"
4039403548,"Crataegus douglasii",-123.345903,48.450636,2022,11,18,"CA","HUMAN_OBSERVATION","Crataegus douglasii"
4076420763,"Crataegus douglasii",-123.292787,48.43855,2023,4,3,"CA","HUMAN_OBSERVATION","Crataegus douglasii"
4172062058,"Crataegus douglasii",-122.341588,48.42058,2023,8,2,"US","HUMAN_OBSERVATION","Crataegus douglasii"
4171905496,"Crataegus douglasii",-122.304161,48.434509,2023,8,4,"US","HUMAN_OBSERVATION","Crataegus douglasii"
3773074911,"Crataegus douglasii",-116.461723,48.424135,2022,4,29,"US","HUMAN_OBSERVATION","Crataegus douglasii"
1899274294,"Crataegus douglasii",-89.190278,48.453333,2007,6,17,"CA","PRESERVED_SPECIMEN","Crataegus douglasii"
4116575384,"Crataegus douglasii",-123.322022,48.406303,2021,10,17,"CA","HUMAN_OBSERVATION","Crataegus douglasii"
4507627019,"Crataegus douglasii",-113.730467,48.387597,2023,8,19,"US","HUMAN_OBSERVATION","Crataegus douglasii"
3338002532,"Crataegus douglasii",-120.309419,48.36805,2021,8,17,"US","HUMAN_OBSERVATION","Crataegus douglasii"
4161979813,"Crataegus douglasii",-117.301743,48.341799,2023,7,9,"US","HUMAN_OBSERVATION","Crataegus douglasii"
4416919832,"Crataegus douglasii",-116.543531,48.345926,2023,9,16,"US","HUMAN_OBSERVATION","Crataegus douglasii"
3112699162,"Crataegus douglasii",-116.382834,48.333969,2021,5,1,"US","HUMAN_OBSERVATION","Crataegus douglasii"
1899304338,"Crataegus douglasii",-114.135781,48.368516,2012,8,16,"US","PRESERVED_SPECIMEN","Crataegus douglasii"
2429301301,"Crataegus douglasii",-89.591749,48.36853,2019,9,29,"CA","HUMAN_OBSERVATION","Crataegus douglasii"
441730218,"Crataegus douglasii",-122.376111,48.322222,2006,2,24,"US","PRESERVED_SPECIMEN","Crataegus douglasii"
4073959522,"Crataegus douglasii",-116.554057,48.292253,2016,5,20,"US","PRESERVED_SPECIMEN","Crataegus douglasii"
3112541585,"Crataegus douglasii",-116.449944,48.314627,2021,4,30,"US","HUMAN_OBSERVATION","Crataegus douglasii"
3391681422,"Crataegus douglasii",-116.38274,48.33161,2021,5,1,"US","HUMAN_OBSERVATION","Crataegus douglasii"
1899342459,"Crataegus douglasii",-109.667778,48.293333,2008,9,10,"US","PRESERVED_SPECIMEN","Crataegus douglasii"
1899384544,"Crataegus douglasii",-117.367906,48.275029,2004,8,31,"US","PRESERVED_SPECIMEN","Crataegus douglasii"
3889117310,"Crataegus douglasii",-117.138775,48.252264,2019,6,8,"US","HUMAN_OBSERVATION","Crataegus douglasii"
3902661601,"Crataegus douglasii",-116.60892,48.277382,2022,8,22,"US","HUMAN_OBSERVATION","Crataegus douglasii"
3859430191,"Crataegus douglasii",-116.561813,48.264391,2022,6,18,"US","HUMAN_OBSERVATION","Crataegus douglasii"
4068839472,"Crataegus douglasii",-109.725058,48.283584,2008,9,11,"US","PRESERVED_SPECIMEN","Crataegus douglasii"
1899342415,"Crataegus douglasii",-109.657868,48.261451,2003,9,18,"US","PRESERVED_SPECIMEN","Crataegus douglasii"
1899342395,"Crataegus douglasii",-109.591389,48.278333,2008,9,10,"US","PRESERVED_SPECIMEN","Crataegus douglasii"
441730185,"Crataegus douglasii",-117.348333,48.246667,2004,5,9,"US","PRESERVED_SPECIMEN","Crataegus douglasii"
2012952634,"Crataegus douglasii",-116.691075,48.218492,2018,8,7,"US","HUMAN_OBSERVATION","Crataegus douglasii"
3998868901,"Crataegus douglasii",-116.60966,48.248274,2022,9,7,"US","HUMAN_OBSERVATION","Crataegus douglasii"
1841202500,"Crataegus douglasii",-116.563106,48.229552,2018,4,27,"US","HUMAN_OBSERVATION","Crataegus douglasii"
3385070240,"Crataegus douglasii",-114.321358,48.211475,2021,9,16,"US","HUMAN_OBSERVATION","Crataegus douglasii"
4069895879,"Crataegus douglasii",-109.738056,48.213611,2008,9,8,"US","PRESERVED_SPECIMEN","Crataegus douglasii"
1899342447,"Crataegus douglasii",-109.651944,48.221944,2008,9,7,"US","PRESERVED_SPECIMEN","Crataegus douglasii"
3772447903,"Crataegus douglasii",-116.903282,48.176797,2022,4,29,"US","HUMAN_OBSERVATION","Crataegus douglasii"
1899304341,"Crataegus douglasii",-114.121519,48.189594,2012,8,16,"US","PRESERVED_SPECIMEN","Crataegus douglasii"
1899342416,"Crataegus douglasii",-109.643611,48.1825,2008,9,7,"US","PRESERVED_SPECIMEN","Crataegus douglasii"
3456493298,"Crataegus douglasii",-89.9908,48.200176,2021,10,10,"CA","HUMAN_OBSERVATION","Crataegus douglasii"
2823212431,"Crataegus douglasii",-118.232553,48.126003,2020,7,21,"US","HUMAN_OBSERVATION","Crataegus douglasii"
3772966727,"Crataegus douglasii",-116.771283,48.159857,2022,5,1,"US","HUMAN_OBSERVATION","Crataegus douglasii"
1899384599,"Crataegus douglasii",-118.201782,48.118065,2002,9,26,"US","PRESERVED_SPECIMEN","Crataegus douglasii"
4535571916,"Crataegus douglasii",-117.569228,48.123683,2023,8,26,"US","HUMAN_OBSERVATION","Crataegus douglasii"
4177349435,"Crataegus douglasii",-122.150246,48.042653,2023,8,9,"US","HUMAN_OBSERVATION","Crataegus douglasii"
3997774722,"Crataegus douglasii",-117.819518,48.060095,2022,8,13,"US","HUMAN_OBSERVATION","Crataegus douglasii"
3067597165,"Crataegus douglasii",-114.082068,48.05396,2020,9,18,"US","HUMAN_OBSERVATION","Crataegus douglasii"
2803142303,"Crataegus douglasii",-122.806227,48.01999,2020,6,19,"US","HUMAN_OBSERVATION","Crataegus douglasii"
4177345704,"Crataegus douglasii",-122.151347,48.04151,2023,8,9,"US","HUMAN_OBSERVATION","Crataegus douglasii"
3951715389,"Crataegus douglasii",-117.311115,48.005616,2019,8,12,"US","HUMAN_OBSERVATION","Crataegus douglasii"
3951716735,"Crataegus douglasii",-116.6227,48.017788,2019,8,20,"US","HUMAN_OBSERVATION","Crataegus douglasii"
1841213536,"Crataegus douglasii",-122.163463,47.991602,2018,4,27,"US","HUMAN_OBSERVATION","Crataegus douglasii"
3456307421,"Crataegus douglasii",-122.077365,47.961725,2021,5,12,"US","HUMAN_OBSERVATION","Crataegus douglasii"
3903641656,"Crataegus douglasii",-116.546418,47.964869,2022,9,4,"US","HUMAN_OBSERVATION","Crataegus douglasii"
3998147515,"Crataegus douglasii",-117.563922,47.926784,2022,8,23,"US","HUMAN_OBSERVATION","Crataegus douglasii"
4073833553,"Crataegus douglasii",-116.104825,47.947971,2000,7,7,"US","PRESERVED_SPECIMEN","Crataegus douglasii"
1899303834,"Crataegus douglasii",-113.854167,47.936667,2001,6,1,"US","PRESERVED_SPECIMEN","Crataegus douglasii"
4465379153,"Crataegus douglasii",-90.090057,47.93756,2023,8,31,"US","HUMAN_OBSERVATION","Crataegus douglasii"
1899384516,"Crataegus douglasii",-118.264408,47.881921,2002,9,26,"US","PRESERVED_SPECIMEN","Crataegus douglasii"
4171591673,"Crataegus douglasii",-117.383699,47.88688,2023,7,29,"US","HUMAN_OBSERVATION","Crataegus douglasii"
4073836980,"Crataegus douglasii",-116.208918,47.877442,2000,7,7,"US","PRESERVED_SPECIMEN","Crataegus douglasii"
1899342421,"Crataegus douglasii",-109.283333,47.883333,2007,9,3,"US","PRESERVED_SPECIMEN","Crataegus douglasii"
3957765235,"Crataegus douglasii",-121.820876,47.862798,2021,8,29,"US","HUMAN_OBSERVATION","Crataegus douglasii"
441730545,"Crataegus douglasii",-118.438377,47.812054,2010,5,9,"US","PRESERVED_SPECIMEN","Crataegus douglasii"
3951853355,"Crataegus douglasii",-117.3275,47.792222,2019,7,20,"US","HUMAN_OBSERVATION","Crataegus douglasii"
4068942326,"Crataegus douglasii",-116.10471,47.82511,2016,7,9,"US","PRESERVED_SPECIMEN","Crataegus douglasii"
4116350325,"Crataegus douglasii",-90.304087,47.806247,2020,9,11,"US","HUMAN_OBSERVATION","Crataegus douglasii"
3860070514,"Crataegus douglasii",-122.186927,47.770001,2020,7,9,"US","HUMAN_OBSERVATION","Crataegus douglasii"
3465977346,"Crataegus douglasii",-121.96492,47.755236,2019,6,3,"US","HUMAN_OBSERVATION","Crataegus douglasii"
4165603336,"Crataegus douglasii",-120.792423,47.766528,2023,7,24,"US","HUMAN_OBSERVATION","Crataegus douglasii"
1272118294,"Crataegus douglasii",-117.513831,47.77908,2014,8,13,"US","HUMAN_OBSERVATION","Crataegus douglasii"
4121320190,"Crataegus douglasii",-117.489954,47.779618,2023,5,20,"US","HUMAN_OBSERVATION","Crataegus douglasii"
441729826,"Crataegus douglasii",-117.26,47.763333,2003,8,19,"US","PRESERVED_SPECIMEN","Crataegus douglasii"
4073779990,"Crataegus douglasii",-116.508901,47.784324,2000,7,7,"US","PRESERVED_SPECIMEN","Crataegus douglasii"
4512033250,"Crataegus douglasii",-90.316628,47.771196,2023,9,9,"US","HUMAN_OBSERVATION","Crataegus douglasii"
2813884256,"Crataegus douglasii",-85.7668,47.781917,2019,7,11,"CA","HUMAN_OBSERVATION","Crataegus douglasii"
3456499380,"Crataegus douglasii",-121.372205,47.710034,2021,7,28,"US","HUMAN_OBSERVATION","Crataegus douglasii"
4070145232,"Crataegus douglasii",-117.264499,47.739484,2014,8,3,"US","PRESERVED_SPECIMEN","Crataegus douglasii"
4171946520,"Crataegus douglasii",-117.221208,47.709758,2023,8,6,"US","HUMAN_OBSERVATION","Crataegus douglasii"
4070146492,"Crataegus douglasii",-117.159017,47.729383,2017,5,26,"US","PRESERVED_SPECIMEN","Crataegus douglasii"
3391366484,"Crataegus douglasii",-116.9536,47.709356,2021,8,14,"US","HUMAN_OBSERVATION","Crataegus douglasii"
2620030394,"Crataegus douglasii",-116.211714,47.739596,2017,10,1,"US","HUMAN_OBSERVATION","Crataegus douglasii"
1899304387,"Crataegus douglasii",-114.204159,47.718361,2012,8,17,"US","PRESERVED_SPECIMEN","Crataegus douglasii"
3113255824,"Crataegus douglasii",-122.404556,47.694286,2021,5,2,"US","HUMAN_OBSERVATION","Crataegus douglasii"
3455405249,"Crataegus douglasii",-122.336288,47.703419,2021,8,15,"US","HUMAN_OBSERVATION","Crataegus douglasii"
3858219021,"Crataegus douglasii",-122.278914,47.696344,2022,4,29,"US","HUMAN_OBSERVATION","Crataegus douglasii"
3860016122,"Crataegus douglasii",-122.214127,47.694992,2022,5,13,"US","HUMAN_OBSERVATION","Crataegus douglasii"
3465978349,"Crataegus douglasii",-121.936233,47.678587,2020,5,9,"US","HUMAN_OBSERVATION","Crataegus douglasii"
4138643522,"Crataegus douglasii",-117.480506,47.697261,2023,6,19,"US","HUMAN_OBSERVATION","Crataegus douglasii"
1899300056,"Crataegus douglasii",-117.451621,47.677661,2011,5,24,"US","PRESERVED_SPECIMEN","Crataegus douglasii"
4127305311,"Crataegus douglasii",-117.381647,47.67555,2023,5,24,"US","HUMAN_OBSERVATION","Crataegus douglasii"
4153887347,"Crataegus douglasii",-117.345769,47.675764,2023,7,6,"US","HUMAN_OBSERVATION","Crataegus douglasii"
2311281062,"Crataegus douglasii",-117.17337,47.678672,2019,6,3,"US","HUMAN_OBSERVATION","Crataegus douglasii"
3355117711,"Crataegus douglasii",-117.141089,47.681359,2021,7,29,"US","HUMAN_OBSERVATION","Crataegus douglasii"
1847466742,"Crataegus douglasii",-117.003403,47.696228,2018,4,24,"US","HUMAN_OBSERVATION","Crataegus douglasii"
3455475930,"Crataegus douglasii",-116.977064,47.701798,2021,10,10,"US","HUMAN_OBSERVATION","Crataegus douglasii"
3759156380,"Crataegus douglasii",-116.864374,47.706882,2019,8,15,"US","HUMAN_OBSERVATION","Crataegus douglasii"
3385121498,"Crataegus douglasii",-116.801189,47.692622,2021,9,8,"US","HUMAN_OBSERVATION","Crataegus douglasii"
4073924273,"Crataegus douglasii",-116.762746,47.671554,2000,8,19,"US","PRESERVED_SPECIMEN","Crataegus douglasii"
3383955697,"Crataegus douglasii",-116.707583,47.679304,2021,5,9,"US","HUMAN_OBSERVATION","Crataegus douglasii"
3383876086,"Crataegus douglasii",-116.57079,47.673871,2021,8,21,"US","HUMAN_OBSERVATION","Crataegus douglasii"
1899304290,"Crataegus douglasii",-114.159484,47.675635,2012,8,16,"US","PRESERVED_SPECIMEN","Crataegus douglasii"
4407088834,"Crataegus douglasii",-122.433012,47.661132,2023,9,2,"US","HUMAN_OBSERVATION","Crataegus douglasii"
2826508102,"Crataegus douglasii",-122.41516,47.654278,2020,8,1,"US","HUMAN_OBSERVATION","Crataegus douglasii"
3772903974,"Crataegus douglasii",-122.340592,47.665725,2022,5,1,"US","HUMAN_OBSERVATION","Crataegus douglasii"
3858183051,"Crataegus douglasii",-122.291961,47.656124,2022,5,5,"US","HUMAN_OBSERVATION","Crataegus douglasii"
3465983384,"Crataegus douglasii",-122.290552,47.65792,2020,7,24,"US","HUMAN_OBSERVATION","Crataegus douglasii"
3355744402,"Crataegus douglasii",-122.119533,47.658246,2021,8,28,"US","HUMAN_OBSERVATION","Crataegus douglasii"
4162095260,"Crataegus douglasii",-121.9001,47.659153,2023,7,13,"US","HUMAN_OBSERVATION","Crataegus douglasii"
2350415132,"Crataegus douglasii",-117.480186,47.664467,2019,8,12,"US","HUMAN_OBSERVATION","Crataegus douglasii"
2311304643,"Crataegus douglasii",-117.165694,47.650437,2019,7,20,"US","HUMAN_OBSERVATION","Crataegus douglasii"
3998173659,"Crataegus douglasii",-117.096737,47.655587,2022,9,9,"US","HUMAN_OBSERVATION","Crataegus douglasii"
3923639374,"Crataegus douglasii",-116.83545,47.658955,2022,9,30,"US","HUMAN_OBSERVATION","Crataegus douglasii"
3466292317,"Crataegus douglasii",-122.38765,47.60488,2019,6,18,"US","HUMAN_OBSERVATION","Crataegus douglasii"
1899300249,"Crataegus douglasii",-120.675461,47.589656,2011,5,22,"US","PRESERVED_SPECIMEN","Crataegus douglasii"
3117810758,"Crataegus douglasii",-120.661789,47.592503,2021,5,13,"US","HUMAN_OBSERVATION","Crataegus douglasii"
4070145806,"Crataegus douglasii",-117.41649,47.61596,2019,5,15,"US","PRESERVED_SPECIMEN","Crataegus douglasii"
441730424,"Crataegus douglasii",-117.014387,47.62228,2004,5,22,"US","PRESERVED_SPECIMEN","Crataegus douglasii"
3747129468,"Crataegus douglasii",-116.663154,47.606988,2022,3,24,"US","HUMAN_OBSERVATION","Crataegus douglasii"
4073885884,"Crataegus douglasii",-116.235951,47.608926,2000,7,7,"US","PRESERVED_SPECIMEN","Crataegus douglasii"
2868136485,"Crataegus douglasii",-90.777245,47.624267,2020,8,23,"US","HUMAN_OBSERVATION","Crataegus douglasii"
4407439410,"Crataegus douglasii",-122.396928,47.583083,2023,8,30,"US","HUMAN_OBSERVATION","Crataegus douglasii"
3859333006,"Crataegus douglasii",-122.352678,47.553978,2022,4,17,"US","HUMAN_OBSERVATION","Crataegus douglasii"
4416952691,"Crataegus douglasii",-122.259431,47.542284,2023,9,24,"US","HUMAN_OBSERVATION","Crataegus douglasii"
3772739909,"Crataegus douglasii",-122.068604,47.556553,2022,4,29,"US","HUMAN_OBSERVATION","Crataegus douglasii"
3337918435,"Crataegus douglasii",-122.012401,47.546894,2021,8,7,"US","HUMAN_OBSERVATION","Crataegus douglasii"
3902325318,"Crataegus douglasii",-120.669113,47.557147,2022,6,11,"US","HUMAN_OBSERVATION","Crataegus douglasii"
3109053818,"Crataegus douglasii",-120.593879,47.570048,2021,4,24,"US","HUMAN_OBSERVATION","Crataegus douglasii"
441729805,"Crataegus douglasii",-120.298583,47.547556,2004,5,14,"US","PRESERVED_SPECIMEN","Crataegus douglasii"
2366026077,"Crataegus douglasii",-117.354937,47.550606,2019,7,16,"US","HUMAN_OBSERVATION","Crataegus douglasii"
3988534366,"Crataegus douglasii",-116.767091,47.551818,2020,10,11,"US","HUMAN_OBSERVATION","Crataegus douglasii"
2423184526,"Crataegus douglasii",-116.35975,47.548264,2019,9,14,"US","HUMAN_OBSERVATION","Crataegus douglasii"
3958302289,"Crataegus douglasii",-114.055169,47.559885,2021,8,1,"US","HUMAN_OBSERVATION","Crataegus douglasii"
3466234424,"Crataegus douglasii",-122.338962,47.523062,2020,6,16,"US","HUMAN_OBSERVATION","Crataegus douglasii"
3952127079,"Crataegus douglasii",-122.064056,47.541555,2021,8,7,"US","HUMAN_OBSERVATION","Crataegus douglasii"
1929859110,"Crataegus douglasii",-120.424819,47.501492,2011,7,22,"US","PRESERVED_SPECIMEN","Crataegus douglasii"
441730474,"Crataegus douglasii",-118.5057,47.53065,2008,6,27,"US","PRESERVED_SPECIMEN","Crataegus douglasii"
4138567416,"Crataegus douglasii",-117.347072,47.512685,2023,6,20,"US","HUMAN_OBSERVATION","Crataegus douglasii"
3892391501,"Crataegus douglasii",-116.985603,47.51427,2022,8,3,"US","HUMAN_OBSERVATION","Crataegus douglasii"
4073818795,"Crataegus douglasii",-116.554778,47.514278,2004,8,3,"US","PRESERVED_SPECIMEN","Crataegus douglasii"
441730492,"Crataegus douglasii",-114.935,47.508333,2004,9,18,"US","PRESERVED_SPECIMEN","Crataegus douglasii"
1899342539,"Crataegus douglasii",-110.7724,47.5377,2008,5,29,"US","PRESERVED_SPECIMEN","Crataegus douglasii"
4069927794,"Crataegus douglasii",-110.541667,47.523889,2003,9,20,"US","PRESERVED_SPECIMEN","Crataegus douglasii"
1899342461,"Crataegus douglasii",-110.525,47.523889,2003,9,20,"US","PRESERVED_SPECIMEN","Crataegus douglasii"
2856489660,"Crataegus douglasii",-91.117031,47.504677,2020,8,21,"US","HUMAN_OBSERVATION","Crataegus douglasii"
4407642382,"Crataegus douglasii",-122.275695,47.496637,2023,9,3,"US","HUMAN_OBSERVATION","Crataegus douglasii"
3858292637,"Crataegus douglasii",-122.239844,47.474894,2021,5,2,"US","HUMAN_OBSERVATION","Crataegus douglasii"
4177491304,"Crataegus douglasii",-120.491016,47.489163,2023,7,18,"US","HUMAN_OBSERVATION","Crataegus douglasii"
441729746,"Crataegus douglasii",-120.41,47.485,2002,9,23,"US","PRESERVED_SPECIMEN","Crataegus douglasii"
441730499,"Crataegus douglasii",-120.321667,47.461667,2002,9,23,"US","PRESERVED_SPECIMEN","Crataegus douglasii"
441730455,"Crataegus douglasii",-119.91239,47.49858,2008,5,22,"US","PRESERVED_SPECIMEN","Crataegus douglasii"
4165599065,"Crataegus douglasii",-117.573869,47.486528,2023,7,24,"US","HUMAN_OBSERVATION","Crataegus douglasii"
4068962083,"Crataegus douglasii",-116.59355,47.48322,2016,8,21,"US","PRESERVED_SPECIMEN","Crataegus douglasii"
4068982422,"Crataegus douglasii",-116.2382,47.462317,2006,5,27,"US","PRESERVED_SPECIMEN","Crataegus douglasii"
1899303885,"Crataegus douglasii",-114.1125,47.485833,2001,6,1,"US","PRESERVED_SPECIMEN","Crataegus douglasii"
1899342430,"Crataegus douglasii",-110.766699,47.483283,2007,9,4,"US","PRESERVED_SPECIMEN","Crataegus douglasii"
1899342451,"Crataegus douglasii",-110.6537,47.4903,2008,5,29,"US","PRESERVED_SPECIMEN","Crataegus douglasii"
1899342525,"Crataegus douglasii",-110.610833,47.478333,2008,9,10,"US","PRESERVED_SPECIMEN","Crataegus douglasii"
4069879371,"Crataegus douglasii",-110.5802,47.4764,2019,6,16,"US","PRESERVED_SPECIMEN","Crataegus douglasii"
4162342085,"Crataegus douglasii",-122.460294,47.451327,2023,7,15,"US","HUMAN_OBSERVATION","Crataegus douglasii"
4116273871,"Crataegus douglasii",-122.159462,47.416997,2023,5,15,"US","HUMAN_OBSERVATION","Crataegus douglasii"
4137743434,"Crataegus douglasii",-117.565484,47.423751,2021,6,19,"US","HUMAN_OBSERVATION","Crataegus douglasii"
1899300359,"Crataegus douglasii",-114.096695,47.444764,2011,5,31,"US","PRESERVED_SPECIMEN","Crataegus douglasii"
1989517310,"Crataegus douglasii",-88.10085,47.42408,2014,7,10,"US","PRESERVED_SPECIMEN","Crataegus douglasii"
1989131415,"Crataegus douglasii",-87.87801,47.45827,2016,7,26,"US","PRESERVED_SPECIMEN","Crataegus douglasii"
3465999312,"Crataegus douglasii",-122.255416,47.404898,2018,5,19,"US","HUMAN_OBSERVATION","Crataegus douglasii"
3466203349,"Crataegus douglasii",-122.1865,47.378208,2020,4,29,"US","HUMAN_OBSERVATION","Crataegus douglasii"
4407439456,"Crataegus douglasii",-117.532568,47.415842,2023,7,24,"US","HUMAN_OBSERVATION","Crataegus douglasii"
3859255142,"Crataegus douglasii",-122.452474,47.358501,2022,5,11,"US","HUMAN_OBSERVATION","Crataegus douglasii"
3466150366,"Crataegus douglasii",-122.102028,47.360663,2019,6,20,"US","HUMAN_OBSERVATION","Crataegus douglasii"
3947267991,"Crataegus douglasii",-116.763508,47.372157,2022,10,9,"US","HUMAN_OBSERVATION","Crataegus douglasii"
1899300315,"Crataegus douglasii",-114.719212,47.344501,2011,5,30,"US","PRESERVED_SPECIMEN","Crataegus douglasii"
1899304356,"Crataegus douglasii",-114.668833,47.340522,2012,8,18,"US","PRESERVED_SPECIMEN","Crataegus douglasii"
1989331089,"Crataegus douglasii",-88.204596,47.351168,2013,8,13,"US","PRESERVED_SPECIMEN","Crataegus douglasii"
3465980455,"Crataegus douglasii",-122.428578,47.297849,2020,5,28,"US","HUMAN_OBSERVATION","Crataegus douglasii"
3455564223,"Crataegus douglasii",-122.212467,47.329904,2021,7,20,"US","HUMAN_OBSERVATION","Crataegus douglasii"
2802549610,"Crataegus douglasii",-121.907933,47.322831,2020,5,12,"US","HUMAN_OBSERVATION","Crataegus douglasii"
2429529499,"Crataegus douglasii",-117.712166,47.329358,2019,10,6,"US","HUMAN_OBSERVATION","Crataegus douglasii"
3329386304,"Crataegus douglasii",-116.56075,47.316167,2021,6,30,"US","PRESERVED_SPECIMEN","Crataegus douglasii"
4073899200,"Crataegus douglasii",-116.37325,47.323733,2005,7,12,"US","PRESERVED_SPECIMEN","Crataegus douglasii"
1899304303,"Crataegus douglasii",-114.139487,47.309037,2012,8,18,"US","PRESERVED_SPECIMEN","Crataegus douglasii"
4405261359,"Crataegus douglasii",-88.420036,47.293683,2020,7,8,"US","HUMAN_OBSERVATION","Crataegus douglasii"
3117832742,"Crataegus douglasii",-122.0887,47.276181,2021,5,11,"US","HUMAN_OBSERVATION","Crataegus douglasii"
4153385847,"Crataegus douglasii",-120.905803,47.258746,2023,7,4,"US","HUMAN_OBSERVATION","Crataegus douglasii"
4137822554,"Crataegus douglasii",-117.130802,47.254553,2023,6,14,"US","HUMAN_OBSERVATION","Crataegus douglasii"
4068842819,"Crataegus douglasii",-110.7,47.261111,2007,9,4,"US","PRESERVED_SPECIMEN","Crataegus douglasii"
2447838288,"Crataegus douglasii",-88.418244,47.288892,2019,9,5,"US","HUMAN_OBSERVATION","Crataegus douglasii"
1899300032,"Crataegus douglasii",-121.042487,47.243008,2011,5,21,"US","PRESERVED_SPECIMEN","Crataegus douglasii"
1899300054,"Crataegus douglasii",-121.031954,47.239827,2011,5,21,"US","PRESERVED_SPECIMEN","Crataegus douglasii"
4073935418,"Crataegus douglasii",-115.652917,47.235417,2004,6,7,"US","PRESERVED_SPECIMEN","Crataegus douglasii"
4405041328,"Crataegus douglasii",-88.470398,47.22826,2020,8,16,"US","HUMAN_OBSERVATION","Crataegus douglasii"
3956450674,"Crataegus douglasii",-122.500908,47.17816,2019,6,3,"US","HUMAN_OBSERVATION","Crataegus douglasii"
3859064991,"Crataegus douglasii",-122.478601,47.185653,2022,5,1,"US","HUMAN_OBSERVATION","Crataegus douglasii"
3466138316,"Crataegus douglasii",-122.438247,47.185522,2019,4,15,"US","HUMAN_OBSERVATION","Crataegus douglasii"
3333383316,"Crataegus douglasii",-120.976784,47.17786,2021,7,27,"US","HUMAN_OBSERVATION","Crataegus douglasii"
1929309651,"Crataegus douglasii",-120.874922,47.179889,2011,7,20,"US","PRESERVED_SPECIMEN","Crataegus douglasii"
2418040452,"Crataegus douglasii",-120.677778,47.178056,2016,4,23,"US","PRESERVED_SPECIMEN","Crataegus douglasii"
1899329456,"Crataegus douglasii",-116.483333,47.183333,2004,6,13,"US","PRESERVED_SPECIMEN","Crataegus douglasii"
4068838531,"Crataegus douglasii",-112.358333,47.2,2007,9,1,"US","PRESERVED_SPECIMEN","Crataegus douglasii"
1899342555,"Crataegus douglasii",-109.37234,47.199978,2007,9,1,"US","PRESERVED_SPECIMEN","Crataegus douglasii"
1899342486,"Crataegus douglasii",-109.222177,47.182102,2007,9,1,"US","PRESERVED_SPECIMEN","Crataegus douglasii"
3465943364,"Crataegus douglasii",-122.175435,47.128699,2019,7,23,"US","HUMAN_OBSERVATION","Crataegus douglasii"
4138299079,"Crataegus douglasii",-120.613183,47.158823,2023,6,24,"US","HUMAN_OBSERVATION","Crataegus douglasii"
3998890234,"Crataegus douglasii",-91.467323,47.14076,2022,8,26,"US","HUMAN_OBSERVATION","Crataegus douglasii"
4413719632,"Crataegus douglasii",-91.432803,47.127247,2023,9,9,"US","HUMAN_OBSERVATION","Crataegus douglasii"
1989405810,"Crataegus douglasii",-88.58421,47.13399,2001,6,8,"US","PRESERVED_SPECIMEN","Crataegus douglasii"
441730439,"Crataegus douglasii",-120.99185,47.096067,2007,6,20,"US","PRESERVED_SPECIMEN","Crataegus douglasii"
441730227,"Crataegus douglasii",-120.6983,47.098467,2006,5,19,"US","PRESERVED_SPECIMEN","Crataegus douglasii"
441730246,"Crataegus douglasii",-120.034,47.086567,2007,4,25,"US","PRESERVED_SPECIMEN","Crataegus douglasii"
3954148982,"Crataegus douglasii",-122.905624,47.04591,2020,7,5,"US","HUMAN_OBSERVATION","Crataegus douglasii"
3455894957,"Crataegus douglasii",-122.712729,47.072772,2021,5,9,"US","HUMAN_OBSERVATION","Crataegus douglasii"
1899329461,"Crataegus douglasii",-112.906389,47.069444,2004,6,7,"US","PRESERVED_SPECIMEN","Crataegus douglasii"
441729757,"Crataegus douglasii",-122.456667,47.033333,2001,6,4,"US","PRESERVED_SPECIMEN","Crataegus douglasii"
2418058799,"Crataegus douglasii",-122.016207,47.000725,2016,6,28,"US","PRESERVED_SPECIMEN","Crataegus douglasii"
3947566446,"Crataegus douglasii",-120.52167,47.012235,2021,8,3,"US","HUMAN_OBSERVATION","Crataegus douglasii"
4404907784,"Crataegus douglasii",-117.941899,47.012872,2011,5,14,"US","PRESERVED_SPECIMEN","Crataegus douglasii"
4073920314,"Crataegus douglasii",-117.297127,47.032392,2001,6,29,"US","PRESERVED_SPECIMEN","Crataegus douglasii"
1899304376,"Crataegus douglasii",-112.923747,47.035629,2012,8,18,"US","PRESERVED_SPECIMEN","Crataegus douglasii"
4068849304,"Crataegus douglasii",-112.071016,47.001287,2007,8,28,"US","PRESERVED_SPECIMEN","Crataegus douglasii"
1899342477,"Crataegus douglasii",-109.5458,47.03,2008,5,31,"US","PRESERVED_SPECIMEN","Crataegus douglasii"
1899342432,"Crataegus douglasii",-109.344444,47.0125,2007,9,2,"US","PRESERVED_SPECIMEN","Crataegus douglasii"
4068853263,"Crataegus douglasii",-108.80389,47.02611,2000,10,13,"US","PRESERVED_SPECIMEN","Crataegus douglasii"
2423091018,"Crataegus douglasii",-88.385513,47.015575,2019,9,15,"US","HUMAN_OBSERVATION","Crataegus douglasii"
3456317921,"Crataegus douglasii",-116.915497,46.968517,2021,10,23,"US","HUMAN_OBSERVATION","Crataegus douglasii"
2244319204,"Crataegus douglasii",-116.694787,46.988421,2019,5,19,"US","HUMAN_OBSERVATION","Crataegus douglasii"
1899342467,"Crataegus douglasii",-109.494444,46.979167,2007,9,2,"US","PRESERVED_SPECIMEN","Crataegus douglasii"
1563420143,"Crataegus douglasii",-116.912289,46.92754,2017,5,21,"US","HUMAN_OBSERVATION","Crataegus douglasii"
4069689671,"Crataegus douglasii",-116.649239,46.942026,2005,9,13,"US","PRESERVED_SPECIMEN","Crataegus douglasii"
3994145486,"Crataegus douglasii",-116.40793,46.917642,2022,7,2,"US","HUMAN_OBSERVATION","Crataegus douglasii"
4073932122,"Crataegus douglasii",-116.31955,46.956489,2004,6,18,"US","PRESERVED_SPECIMEN","Crataegus douglasii"
4436368455,"Crataegus douglasii",-122.858878,46.914578,2021,7,27,"US","HUMAN_OBSERVATION","Crataegus douglasii"
2294478987,"Crataegus douglasii",-122.275918,46.914913,2019,7,13,"US","HUMAN_OBSERVATION","Crataegus douglasii"
3759100151,"Crataegus douglasii",-120.638633,46.8988,2022,3,27,"US","HUMAN_OBSERVATION","Crataegus douglasii"
1291671495,"Crataegus douglasii",-113.966728,46.909287,2016,8,6,"US","HUMAN_OBSERVATION","Crataegus douglasii"
1899342389,"Crataegus douglasii",-109.591667,46.905556,2007,9,4,"US","PRESERVED_SPECIMEN","Crataegus douglasii"
4518971897,"Crataegus douglasii",-91.976906,46.8797,2023,9,8,"US","HUMAN_OBSERVATION","Crataegus douglasii"
4034785433,"Crataegus douglasii",-91.187389,46.878172,2021,8,9,"US","HUMAN_OBSERVATION","Crataegus douglasii"
2850646790,"Crataegus douglasii",-89.327547,46.875223,2020,8,8,"US","HUMAN_OBSERVATION","Crataegus douglasii"
2597850749,"Crataegus douglasii",-123.0409,46.860733,2019,5,21,"US","HUMAN_OBSERVATION","Crataegus douglasii"
4165835909,"Crataegus douglasii",-122.993813,46.83846,2023,7,22,"US","HUMAN_OBSERVATION","Crataegus douglasii"
3949901354,"Crataegus douglasii",-122.872654,46.836939,2022,6,14,"US","HUMAN_OBSERVATION","Crataegus douglasii"
441730217,"Crataegus douglasii",-120.488611,46.855,2006,2,10,"US","PRESERVED_SPECIMEN","Crataegus douglasii"
1899300244,"Crataegus douglasii",-117.357668,46.873032,2011,5,24,"US","PRESERVED_SPECIMEN","Crataegus douglasii"
2447946755,"Crataegus douglasii",-117.153804,46.868954,2019,10,26,"US","HUMAN_OBSERVATION","Crataegus douglasii"
4068976515,"Crataegus douglasii",-116.87325,46.834444,2010,5,2,"US","PRESERVED_SPECIMEN","Crataegus douglasii"
1899274897,"Crataegus douglasii",-116.716667,46.866667,2005,8,29,"US","PRESERVED_SPECIMEN","Crataegus douglasii"
3773460419,"Crataegus douglasii",-114.099989,46.836664,2022,5,4,"US","HUMAN_OBSERVATION","Crataegus douglasii"
4069692245,"Crataegus douglasii",-123.09806,46.80139,2004,6,13,"US","PRESERVED_SPECIMEN","Crataegus douglasii"
3859239491,"Crataegus douglasii",-123.021583,46.82266,2022,6,12,"US","HUMAN_OBSERVATION","Crataegus douglasii"
3820705608,"Crataegus douglasii",-122.978152,46.825746,2006,10,1,"US","PRESERVED_SPECIMEN","Crataegus douglasii"
4116453358,"Crataegus douglasii",-117.209168,46.82336,2023,5,14,"US","HUMAN_OBSERVATION","Crataegus douglasii"
1272088038,"Crataegus douglasii",-117.022536,46.8156,2016,6,4,"US","HUMAN_OBSERVATION","Crataegus douglasii"
4171863539,"Crataegus douglasii",-116.95388,46.799953,2023,7,29,"US","HUMAN_OBSERVATION","Crataegus douglasii"
3314346877,"Crataegus douglasii",-119.928847,46.782864,2021,6,8,"US","HUMAN_OBSERVATION","Crataegus douglasii"
3302133648,"Crataegus douglasii",-118.318029,46.752403,2021,5,22,"US","HUMAN_OBSERVATION","Crataegus douglasii"
3947811802,"Crataegus douglasii",-117.361017,46.770712,2022,9,18,"US","HUMAN_OBSERVATION","Crataegus douglasii"
3859151609,"Crataegus douglasii",-117.116761,46.778858,2022,6,29,"US","HUMAN_OBSERVATION","Crataegus douglasii"
4073954559,"Crataegus douglasii",-116.91115,46.7543,2005,4,28,"US","PRESERVED_SPECIMEN","Crataegus douglasii"
2397495915,"Crataegus douglasii",-116.757317,46.787505,2019,8,6,"US","HUMAN_OBSERVATION","Crataegus douglasii"
4073830836,"Crataegus douglasii",-116.558167,46.783333,2003,8,29,"US","PRESERVED_SPECIMEN","Crataegus douglasii"
1899303829,"Crataegus douglasii",-116.483333,46.766667,2005,8,30,"US","PRESERVED_SPECIMEN","Crataegus douglasii"
1899300058,"Crataegus douglasii",-116.452066,46.773401,2011,5,28,"US","PRESERVED_SPECIMEN","Crataegus douglasii"
2273244655,"Crataegus douglasii",-114.08943,46.75057,2019,6,22,"US","HUMAN_OBSERVATION","Crataegus douglasii"
3860378219,"Crataegus douglasii",-114.064347,46.763294,2022,5,30,"US","HUMAN_OBSERVATION","Crataegus douglasii"
4073882225,"Crataegus douglasii",-117.407171,46.746726,2001,7,29,"US","PRESERVED_SPECIMEN","Crataegus douglasii"
4103161260,"Crataegus douglasii",-117.179512,46.728879,2023,4,28,"US","HUMAN_OBSERVATION","Crataegus douglasii"
4405473953,"Crataegus douglasii",-117.140472,46.735224,2023,8,26,"US","HUMAN_OBSERVATION","Crataegus douglasii"
4073836187,"Crataegus douglasii",-117.024714,46.732413,2008,4,9,"US","PRESERVED_SPECIMEN","Crataegus douglasii"
3499451495,"Crataegus douglasii",-116.993929,46.745743,2021,8,28,"US","HUMAN_OBSERVATION","Crataegus douglasii"
4073786995,"Crataegus douglasii",-116.957816,46.724914,2000,9,30,"US","PRESERVED_SPECIMEN","Crataegus douglasii"
4073810573,"Crataegus douglasii",-116.888795,46.743941,2001,6,8,"US","PRESERVED_SPECIMEN","Crataegus douglasii"
4073806667,"Crataegus douglasii",-115.0890289,46.7220867,2005,7,7,"US","PRESERVED_SPECIMEN","Crataegus douglasii"
4061447010,"Crataegus douglasii",-121.081667,46.677778,2022,8,6,"US","PRESERVED_SPECIMEN","Crataegus douglasii"
4073932970,"Crataegus douglasii",-117.308798,46.705445,2001,7,29,"US","PRESERVED_SPECIMEN","Crataegus douglasii"
4080573590,"Crataegus douglasii",-116.725808,46.690239,2023,3,27,"US","HUMAN_OBSERVATION","Crataegus douglasii"
3772573742,"Crataegus douglasii",-117.025851,46.646109,2022,5,1,"US","HUMAN_OBSERVATION","Crataegus douglasii"
4073800612,"Crataegus douglasii",-116.974662,46.647208,2020,5,23,"US","PRESERVED_SPECIMEN","Crataegus douglasii"
4535708952,"Crataegus douglasii",-120.628153,46.620025,2023,10,8,"US","HUMAN_OBSERVATION","Crataegus douglasii"
4070682232,"Crataegus douglasii",-118.17,46.6,2003,5,5,"US","PRESERVED_SPECIMEN","Crataegus douglasii"
3773518403,"Crataegus douglasii",-117.284492,46.608158,2022,4,30,"US","HUMAN_OBSERVATION","Crataegus douglasii"
4165537057,"Crataegus douglasii",-92.394859,46.61319,2023,7,19,"US","HUMAN_OBSERVATION","Crataegus douglasii"
441729967,"Crataegus douglasii",-123.108333,46.575,2003,9,10,"US","PRESERVED_SPECIMEN","Crataegus douglasii"
3112545312,"Crataegus douglasii",-116.68764,46.551123,2018,5,19,"US","HUMAN_OBSERVATION","Crataegus douglasii"
4440784470,"Crataegus douglasii",-84.359712,46.54749,2021,8,11,"CA","HUMAN_OBSERVATION","Crataegus douglasii"
1838395927,"Crataegus douglasii",-117.222666,46.517906,2018,4,13,"US","HUMAN_OBSERVATION","Crataegus douglasii"
4073833144,"Crataegus douglasii",-116.731473,46.523914,2000,4,11,"US","PRESERVED_SPECIMEN","Crataegus douglasii"
1899300284,"Crataegus douglasii",-116.684586,46.511351,2011,5,28,"US","PRESERVED_SPECIMEN","Crataegus douglasii"
4068960672,"Crataegus douglasii",-116.65,46.523333,2006,5,29,"US","PRESERVED_SPECIMEN","Crataegus douglasii"
1899300303,"Crataegus douglasii",-116.391127,46.500317,2011,5,28,"US","PRESERVED_SPECIMEN","Crataegus douglasii"
4069927358,"Crataegus douglasii",-113.75323,46.53459,2008,7,11,"US","PRESERVED_SPECIMEN","Crataegus douglasii"
3998125273,"Crataegus douglasii",-84.358496,46.540204,2022,8,22,"CA","HUMAN_OBSERVATION","Crataegus douglasii"
4440620592,"Crataegus douglasii",-84.301972,46.51382,2022,8,24,"CA","HUMAN_OBSERVATION","Crataegus douglasii"
4073892970,"Crataegus douglasii",-116.766153,46.475886,2007,4,14,"US","PRESERVED_SPECIMEN","Crataegus douglasii"
3957055229,"Crataegus douglasii",-116.687264,46.493275,2020,4,26,"US","HUMAN_OBSERVATION","Crataegus douglasii"
3902138187,"Crataegus douglasii",-84.295458,46.497692,2022,8,16,"CA","HUMAN_OBSERVATION","Crataegus douglasii"
1849144219,"Crataegus douglasii",-116.45,46.43,2004,5,7,"US","PRESERVED_SPECIMEN","Crataegus douglasii"
3859954021,"Crataegus douglasii",-122.961235,46.399611,2022,4,30,"US","HUMAN_OBSERVATION","Crataegus douglasii"
4404864230,"Crataegus douglasii",-120.314667,46.405667,2001,6,14,"US","PRESERVED_SPECIMEN","Crataegus douglasii"
4069688157,"Crataegus douglasii",-117.70334,46.38554,2011,5,18,"US","PRESERVED_SPECIMEN","Crataegus douglasii"
1899300295,"Crataegus douglasii",-116.177541,46.379764,2011,5,28,"US","PRESERVED_SPECIMEN","Crataegus douglasii"
1986988601,"Crataegus douglasii",-115.923115,46.292486,2005,7,27,"US","PRESERVED_SPECIMEN","Crataegus douglasii"
4407246317,"Crataegus douglasii",-118.073579,46.289814,2019,9,11,"US","HUMAN_OBSERVATION","Crataegus douglasii"
2005259693,"Crataegus douglasii",-116.962928,46.24641,2018,5,5,"US","HUMAN_OBSERVATION","Crataegus douglasii"
4068916104,"Crataegus douglasii",-115.555314,46.220906,2009,6,2,"US","PRESERVED_SPECIMEN","Crataegus douglasii"
1899300241,"Crataegus douglasii",-115.857789,46.142179,2011,5,28,"US","PRESERVED_SPECIMEN","Crataegus douglasii"
3335070094,"Crataegus douglasii",-118.263992,46.067775,2021,7,14,"US","HUMAN_OBSERVATION","Crataegus douglasii"
4070686453,"Crataegus douglasii",-118.116667,46.066667,2004,4,22,"US","PRESERVED_SPECIMEN","Crataegus douglasii"
441729974,"Crataegus douglasii",-116.98,46.045,2003,5,16,"US","PRESERVED_SPECIMEN","Crataegus douglasii"
4073880148,"Crataegus douglasii",-115.283667,46.044367,2005,5,31,"US","PRESERVED_SPECIMEN","Crataegus douglasii"
2826350621,"Crataegus douglasii",-118.375459,46.041284,2020,7,6,"US","HUMAN_OBSERVATION","Crataegus douglasii"
4070676588,"Crataegus douglasii",-118.166657,46.00001,2006,5,12,"US","PRESERVED_SPECIMEN","Crataegus douglasii"
4073737764,"Crataegus douglasii",-116.9,46.023567,2013,5,6,"US","PRESERVED_SPECIMEN","Crataegus douglasii"
4414208842,"Crataegus douglasii",-121.341964,45.966529,2023,9,14,"US","HUMAN_OBSERVATION","Crataegus douglasii"
2576394887,"Crataegus douglasii",-114.842162,45.986295,2019,8,23,"US","HUMAN_OBSERVATION","Crataegus douglasii"
1890078924,"Crataegus douglasii",-121.337135,45.942477,2018,7,25,"US","HUMAN_OBSERVATION","Crataegus douglasii"
2626124336,"Crataegus douglasii",-117.448997,45.945182,2017,7,23,"US","HUMAN_OBSERVATION","Crataegus douglasii"
4404986203,"Crataegus douglasii",-121.707917,45.915383,2001,6,16,"US","PRESERVED_SPECIMEN","Crataegus douglasii"
4519025303,"Crataegus douglasii",-117.492106,45.885647,2015,5,6,"US","HUMAN_OBSERVATION","Crataegus douglasii"
3820649813,"Crataegus douglasii",-116.170913,45.910373,2002,7,12,"US","PRESERVED_SPECIMEN","Crataegus douglasii"
2238831397,"Crataegus douglasii",-115.920237,45.882021,2018,7,25,"US","HUMAN_OBSERVATION","Crataegus douglasii"
3337556326,"Crataegus douglasii",-123.180475,45.852864,2019,7,4,"US","HUMAN_OBSERVATION","Crataegus douglasii"
3785030784,"Crataegus douglasii",-122.710644,45.796295,2022,5,18,"US","HUMAN_OBSERVATION","Crataegus douglasii"
1899300238,"Crataegus douglasii",-118.38209,45.806543,2011,5,25,"US","PRESERVED_SPECIMEN","Crataegus douglasii"
1899303854,"Crataegus douglasii",-118.359417,45.79505,2008,7,20,"US","PRESERVED_SPECIMEN","Crataegus douglasii"
1899342437,"Crataegus douglasii",-110.881092,45.797634,2007,9,2,"US","PRESERVED_SPECIMEN","Crataegus douglasii"
1986948998,"Crataegus douglasii",-118.115278,45.781111,2003,6,17,"US","PRESERVED_SPECIMEN","Crataegus douglasii"
1899342510,"Crataegus douglasii",-110.858333,45.783333,2007,9,6,"US","PRESERVED_SPECIMEN","Crataegus douglasii"
4070150647,"Crataegus douglasii",-122.816102,45.720445,2021,5,9,"US","PRESERVED_SPECIMEN","Crataegus douglasii"
441729984,"Crataegus douglasii",-122.7655,45.732667,2003,6,14,"US","PRESERVED_SPECIMEN","Crataegus douglasii"
4177319807,"Crataegus douglasii",-122.639695,45.732312,2023,8,11,"US","HUMAN_OBSERVATION","Crataegus douglasii"
4121252656,"Crataegus douglasii",-121.657288,45.712738,2023,5,18,"US","HUMAN_OBSERVATION","Crataegus douglasii"
1899342503,"Crataegus douglasii",-111.02094,45.728585,2007,9,6,"US","PRESERVED_SPECIMEN","Crataegus douglasii"
1989060798,"Crataegus douglasii",-84.678982,45.71738,2005,9,12,"US","PRESERVED_SPECIMEN","Crataegus douglasii"
3953776509,"Crataegus douglasii",-122.9192,45.671848,2019,7,20,"US","HUMAN_OBSERVATION","Crataegus douglasii"
441729742,"Crataegus douglasii",-121.925167,45.67,2002,7,25,"US","PRESERVED_SPECIMEN","Crataegus douglasii"
3802311376,"Crataegus douglasii",-121.667796,45.700301,2021,7,25,"US","HUMAN_OBSERVATION","Crataegus douglasii"
4006652383,"Crataegus douglasii",-121.384424,45.687113,2021,5,3,"US","HUMAN_OBSERVATION","Crataegus douglasii"
2626140345,"Crataegus douglasii",-121.34243,45.694263,2018,4,7,"US","HUMAN_OBSERVATION","Crataegus douglasii"
3307423728,"Crataegus douglasii",-121.292554,45.684927,2021,4,25,"US","HUMAN_OBSERVATION","Crataegus douglasii"
4153362818,"Crataegus douglasii",-121.290836,45.683758,2023,7,4,"US","HUMAN_OBSERVATION","Crataegus douglasii"
1899342361,"Crataegus douglasii",-110.923096,45.673641,2001,9,2,"US","PRESERVED_SPECIMEN","Crataegus douglasii"
3949850823,"Crataegus douglasii",-122.710452,45.656745,2022,5,18,"US","HUMAN_OBSERVATION","Crataegus douglasii"
4177346397,"Crataegus douglasii",-122.60353,45.635351,2023,8,9,"US","HUMAN_OBSERVATION","Crataegus douglasii"
4165564403,"Crataegus douglasii",-122.46067,45.642433,2023,4,30,"US","HUMAN_OBSERVATION","Crataegus douglasii"
4165489430,"Crataegus douglasii",-122.44989,45.633465,2022,7,16,"US","HUMAN_OBSERVATION","Crataegus douglasii"
3820551432,"Crataegus douglasii",-122.015986,45.630028,2004,6,24,"US","PRESERVED_SPECIMEN","Crataegus douglasii"
4039318326,"Crataegus douglasii",-121.943104,45.642031,2020,5,31,"US","HUMAN_OBSERVATION","Crataegus douglasii"
3112831554,"Crataegus douglasii",-121.099167,45.650561,2021,4,24,"US","HUMAN_OBSERVATION","Crataegus douglasii"
2641535308,"Crataegus douglasii",-117.189473,45.658742,2016,5,11,"US","HUMAN_OBSERVATION","Crataegus douglasii"
1899342379,"Crataegus douglasii",-111.021783,45.626805,2007,9,7,"US","PRESERVED_SPECIMEN","Crataegus douglasii"
2864675306,"Crataegus douglasii",-122.762002,45.623152,2017,8,1,"US","HUMAN_OBSERVATION","Crataegus douglasii"
4070167526,"Crataegus douglasii",-122.715253,45.597384,2017,9,7,"US","PRESERVED_SPECIMEN","Crataegus douglasii"
3999134766,"Crataegus douglasii",-122.616389,45.600558,2022,8,18,"US","HUMAN_OBSERVATION","Crataegus douglasii"
3112908517,"Crataegus douglasii",-122.255688,45.617883,2021,5,1,"US","HUMAN_OBSERVATION","Crataegus douglasii"
4069775129,"Crataegus douglasii",-122.0295,45.6168,2006,6,6,"US","PRESERVED_SPECIMEN","Crataegus douglasii"
4068909790,"Crataegus douglasii",-118.5048815,45.5986335,2007,6,8,"US","PRESERVED_SPECIMEN","Crataegus douglasii"
415723190,"Crataegus douglasii",-118.334444,45.594722,2001,7,1,"US","PRESERVED_SPECIMEN","Crataegus douglasii"
4073861059,"Crataegus douglasii",-118.031944,45.589167,2001,8,7,"US","PRESERVED_SPECIMEN","Crataegus douglasii"
3759337836,"Crataegus douglasii",-122.812203,45.555772,2022,4,13,"US","HUMAN_OBSERVATION","Crataegus douglasii"
2864651339,"Crataegus douglasii",-122.738258,45.576214,2019,7,22,"US","HUMAN_OBSERVATION","Crataegus douglasii"
4137991717,"Crataegus douglasii",-122.659416,45.571869,2023,6,14,"US","HUMAN_OBSERVATION","Crataegus douglasii"
1847515650,"Crataegus douglasii",-122.377998,45.551811,2018,5,12,"US","HUMAN_OBSERVATION","Crataegus douglasii"
2236880930,"Crataegus douglasii",-122.36903,45.547738,2019,4,13,"US","HUMAN_OBSERVATION","Crataegus douglasii"
1703131966,"Crataegus douglasii",-122.313839,45.563523,2017,6,17,"US","HUMAN_OBSERVATION","Crataegus douglasii"
3902085829,"Crataegus douglasii",-122.236077,45.547286,2021,7,5,"US","HUMAN_OBSERVATION","Crataegus douglasii"
3112882270,"Crataegus douglasii",-122.198328,45.582354,2021,5,1,"US","HUMAN_OBSERVATION","Crataegus douglasii"
3903073285,"Crataegus douglasii",-122.158364,45.563011,2022,9,8,"US","HUMAN_OBSERVATION","Crataegus douglasii"
3820547637,"Crataegus douglasii",-116.88852,45.55093,2005,7,12,"US","PRESERVED_SPECIMEN","Crataegus douglasii"
1291167239,"Crataegus douglasii",-116.833076,45.558535,2014,5,11,"US","HUMAN_OBSERVATION","Crataegus douglasii"
1899342390,"Crataegus douglasii",-111.106991,45.552741,2007,9,6,"US","PRESERVED_SPECIMEN","Crataegus douglasii"
4068837534,"Crataegus douglasii",-110.933333,45.583333,2007,9,7,"US","PRESERVED_SPECIMEN","Crataegus douglasii"
1899342488,"Crataegus douglasii",-110.2018,45.5629,2008,6,1,"US","PRESERVED_SPECIMEN","Crataegus douglasii"
3903129904,"Crataegus douglasii",-122.986234,45.50037,2022,8,27,"US","HUMAN_OBSERVATION","Crataegus douglasii"
4070162750,"Crataegus douglasii",-122.652429,45.529523,2002,9,12,"US","PRESERVED_SPECIMEN","Crataegus douglasii"
3953037332,"Crataegus douglasii",-122.624759,45.508761,2020,7,4,"US","HUMAN_OBSERVATION","Crataegus douglasii"
4400023895,"Crataegus douglasii",-122.579658,45.504392,2023,8,19,"US","HUMAN_OBSERVATION","Crataegus douglasii"
3112850149,"Crataegus douglasii",-122.457353,45.506328,2021,5,3,"US","HUMAN_OBSERVATION","Crataegus douglasii"
3820661314,"Crataegus douglasii",-118.4203,45.5067,2004,6,27,"US","PRESERVED_SPECIMEN","Crataegus douglasii"
3820659656,"Crataegus douglasii",-116.80728,45.52217,2004,6,25,"US","PRESERVED_SPECIMEN","Crataegus douglasii"
2557749599,"Crataegus douglasii",-116.4936,45.50608,2019,6,12,"US","HUMAN_OBSERVATION","Crataegus douglasii"
1899329391,"Crataegus douglasii",-113.931944,45.527778,2004,6,16,"US","PRESERVED_SPECIMEN","Crataegus douglasii"
1668798660,"Crataegus douglasii",-122.758602,45.477271,2017,5,10,"US","HUMAN_OBSERVATION","Crataegus douglasii"
4091716356,"Crataegus douglasii",-122.720226,45.490507,2021,4,29,"US","HUMAN_OBSERVATION","Crataegus douglasii"
3873450587,"Crataegus douglasii",-122.650138,45.485787,2022,4,23,"US","HUMAN_OBSERVATION","Crataegus douglasii"
4137708145,"Crataegus douglasii",-122.546807,45.474915,2023,5,30,"US","HUMAN_OBSERVATION","Crataegus douglasii"
4070157203,"Crataegus douglasii",-122.497205,45.477914,2019,7,11,"US","PRESERVED_SPECIMEN","Crataegus douglasii"
3820534217,"Crataegus douglasii",-117.9164,45.483726,2004,6,25,"US","PRESERVED_SPECIMEN","Crataegus douglasii"
1291167120,"Crataegus douglasii",-117.10663,45.46891,2014,5,7,"US","HUMAN_OBSERVATION","Crataegus douglasii"
1899342412,"Crataegus douglasii",-109.478633,45.468239,2008,6,3,"US","PRESERVED_SPECIMEN","Crataegus douglasii"
3112927937,"Crataegus douglasii",-123.218842,45.429522,2021,5,3,"US","HUMAN_OBSERVATION","Crataegus douglasii"
3859972319,"Crataegus douglasii",-122.805488,45.437195,2016,7,10,"US","HUMAN_OBSERVATION","Crataegus douglasii"
1563419440,"Crataegus douglasii",-122.772662,45.427403,2017,5,19,"US","HUMAN_OBSERVATION","Crataegus douglasii"
3859977282,"Crataegus douglasii",-122.646589,45.435065,2022,7,3,"US","HUMAN_OBSERVATION","Crataegus douglasii"
3820555647,"Crataegus douglasii",-119.6833,45.4453,2003,6,24,"US","PRESERVED_SPECIMEN","Crataegus douglasii"
4073901671,"Crataegus douglasii",-115.663528,45.437917,2009,5,28,"US","PRESERVED_SPECIMEN","Crataegus douglasii"
4069874676,"Crataegus douglasii",-109.5043,45.4561,2008,6,3,"US","PRESERVED_SPECIMEN","Crataegus douglasii"
3301802658,"Crataegus douglasii",-122.830945,45.382507,2021,6,10,"US","HUMAN_OBSERVATION","Crataegus douglasii"
3902930678,"Crataegus douglasii",-122.754869,45.385228,2022,8,26,"US","HUMAN_OBSERVATION","Crataegus douglasii"
3859127408,"Crataegus douglasii",-122.744978,45.380562,2022,7,5,"US","HUMAN_OBSERVATION","Crataegus douglasii"
3951855077,"Crataegus douglasii",-122.649971,45.375153,2018,9,1,"US","HUMAN_OBSERVATION","Crataegus douglasii"
3785049087,"Crataegus douglasii",-122.628693,45.344631,2022,5,15,"US","HUMAN_OBSERVATION","Crataegus douglasii"
4103293108,"Crataegus douglasii",-122.61583,45.359405,2023,4,30,"US","HUMAN_OBSERVATION","Crataegus douglasii"
1899299945,"Crataegus douglasii",-119.379427,45.339455,2011,5,16,"US","PRESERVED_SPECIMEN","Crataegus douglasii"
1899300264,"Crataegus douglasii",-118.106561,45.333353,2011,5,26,"US","PRESERVED_SPECIMEN","Crataegus douglasii"
1899329439,"Crataegus douglasii",-113.951667,45.366667,2004,6,16,"US","PRESERVED_SPECIMEN","Crataegus douglasii"
4420947619,"Crataegus douglasii",-109.069828,45.364967,2023,9,20,"US","HUMAN_OBSERVATION","Crataegus douglasii"
2283032723,"Crataegus douglasii",-122.931169,45.305557,2019,6,8,"US","HUMAN_OBSERVATION","Crataegus douglasii"
4070158937,"Crataegus douglasii",-122.6624,45.314028,2017,5,9,"US","PRESERVED_SPECIMEN","Crataegus douglasii"
3112823784,"Crataegus douglasii",-118.141767,45.301182,2021,5,2,"US","HUMAN_OBSERVATION","Crataegus douglasii"
1899300049,"Crataegus douglasii",-118.106281,45.33322,2011,5,26,"US","PRESERVED_SPECIMEN","Crataegus douglasii"
4522533508,"Crataegus douglasii",-118.08123,45.311821,2021,8,24,"US","HUMAN_OBSERVATION","Crataegus douglasii"
4069815093,"Crataegus douglasii",-116.79194,45.2925,2005,7,12,"US","PRESERVED_SPECIMEN","Crataegus douglasii"
1850939850,"Crataegus douglasii",-116.434393,45.309088,2018,5,13,"US","HUMAN_OBSERVATION","Crataegus douglasii"
4404986206,"Crataegus douglasii",-118.3953217,45.2010771,2004,6,25,"US","PRESERVED_SPECIMEN","Crataegus douglasii"
3820650804,"Crataegus douglasii",-116.87348,45.18053,2012,6,21,"US","PRESERVED_SPECIMEN","Crataegus douglasii"
2422854277,"Crataegus douglasii",-118.885259,45.152972,2019,7,1,"US","HUMAN_OBSERVATION","Crataegus douglasii"
1899300283,"Crataegus douglasii",-117.779936,45.155041,2011,5,26,"US","PRESERVED_SPECIMEN","Crataegus douglasii"
2422881543,"Crataegus douglasii",-117.718911,45.143979,2019,8,23,"US","HUMAN_OBSERVATION","Crataegus douglasii"
4404986222,"Crataegus douglasii",-117.624204,45.043665,2005,8,1,"US","PRESERVED_SPECIMEN","Crataegus douglasii"
1934870875,"Crataegus douglasii",-117.27236,45.03512,2018,5,5,"US","PRESERVED_SPECIMEN","Crataegus douglasii"
4073866329,"Crataegus douglasii",-116.59965,45.02517,2011,6,26,"US","PRESERVED_SPECIMEN","Crataegus douglasii"
1899304329,"Crataegus douglasii",-120.223469,44.998759,2013,8,22,"US","PRESERVED_SPECIMEN","Crataegus douglasii"
3820571303,"Crataegus douglasii",-120.20405,44.99978,2003,5,6,"US","PRESERVED_SPECIMEN","Crataegus douglasii"
1899329449,"Crataegus douglasii",-116.204167,44.965833,2005,8,29,"US","PRESERVED_SPECIMEN","Crataegus douglasii"
1899300366,"Crataegus douglasii",-113.95484,44.965623,2011,5,29,"US","PRESERVED_SPECIMEN","Crataegus douglasii"
4068971533,"Crataegus douglasii",-116.65463,44.94082,2011,6,25,"US","PRESERVED_SPECIMEN","Crataegus douglasii"
4073795776,"Crataegus douglasii",-116.198489,44.942257,2017,7,3,"US","PRESERVED_SPECIMEN","Crataegus douglasii"
3337992200,"Crataegus douglasii",-116.090271,44.918491,2021,8,16,"US","HUMAN_OBSERVATION","Crataegus douglasii"
4011604384,"Crataegus douglasii",-120.4416,44.9095,2021,4,29,"US","HUMAN_OBSERVATION","Crataegus douglasii"
4073811647,"Crataegus douglasii",-116.364309,44.910992,2019,6,19,"US","PRESERVED_SPECIMEN","Crataegus douglasii"
1899304335,"Crataegus douglasii",-120.046715,44.872856,2013,8,22,"US","PRESERVED_SPECIMEN","Crataegus douglasii"
1899300239,"Crataegus douglasii",-117.406075,44.81954,2011,5,26,"US","PRESERVED_SPECIMEN","Crataegus douglasii"
4165631340,"Crataegus douglasii",-118.952092,44.677074,2020,7,13,"US","HUMAN_OBSERVATION","Crataegus douglasii"
3070780759,"Crataegus douglasii",-123.235016,44.627666,2021,3,31,"US","HUMAN_OBSERVATION","Crataegus douglasii"
3466305650,"Crataegus douglasii",-123.067568,44.645559,2021,7,16,"US","HUMAN_OBSERVATION","Crataegus douglasii"
3759859617,"Crataegus douglasii",-118.699883,44.665669,2021,7,9,"US","HUMAN_OBSERVATION","Crataegus douglasii"
4073735146,"Crataegus douglasii",-116.44333,44.654954,2000,7,16,"US","PRESERVED_SPECIMEN","Crataegus douglasii"
4068915302,"Crataegus douglasii",-116.273517,44.65456,2017,6,23,"US","PRESERVED_SPECIMEN","Crataegus douglasii"
3817786956,"Crataegus douglasii",-119.64,44.59,2003,4,9,"US","PRESERVED_SPECIMEN","Crataegus douglasii"
4133629701,"Crataegus douglasii",-123.328155,44.577055,2023,5,20,"US","HUMAN_OBSERVATION","Crataegus douglasii"
3873526730,"Crataegus douglasii",-123.257051,44.566712,2022,7,25,"US","HUMAN_OBSERVATION","Crataegus douglasii"
1848803490,"Crataegus douglasii",-123.244987,44.54729,2018,6,3,"US","HUMAN_OBSERVATION","Crataegus douglasii"
1899304095,"Crataegus douglasii",-118.506231,44.566597,2009,9,1,"US","PRESERVED_SPECIMEN","Crataegus douglasii"
4073845930,"Crataegus douglasii",-116.455299,44.575035,2001,8,18,"US","PRESERVED_SPECIMEN","Crataegus douglasii"
3802443632,"Crataegus douglasii",-123.347042,44.5179,2022,5,21,"US","HUMAN_OBSERVATION","Crataegus douglasii"
4069000005,"Crataegus douglasii",-116.827297,44.520547,2000,6,10,"US","PRESERVED_SPECIMEN","Crataegus douglasii"
3953858455,"Crataegus douglasii",-80.314138,44.508489,2021,7,30,"CA","HUMAN_OBSERVATION","Crataegus douglasii"
4453670187,"Crataegus douglasii",-123.344345,44.49226,2023,10,30,"US","HUMAN_OBSERVATION","Crataegus douglasii"
3759221669,"Crataegus douglasii",-119.3535,44.438821,2021,7,29,"US","HUMAN_OBSERVATION","Crataegus douglasii"
1899274849,"Crataegus douglasii",-118.688997,44.419041,2003,6,20,"US","PRESERVED_SPECIMEN","Crataegus douglasii"
4069028191,"Crataegus douglasii",-116.916833,44.4495,2000,5,4,"US","PRESERVED_SPECIMEN","Crataegus douglasii"
4069036895,"Crataegus douglasii",-116.91528,44.43221,2018,6,11,"US","PRESERVED_SPECIMEN","Crataegus douglasii"
3124831513,"Crataegus douglasii",-123.316518,44.416397,2021,5,15,"US","HUMAN_OBSERVATION","Crataegus douglasii"
4404986220,"Crataegus douglasii",-118.687913,44.40303,2003,6,20,"US","PRESERVED_SPECIMEN","Crataegus douglasii"
1986988418,"Crataegus douglasii",-119.546,44.3716,2003,5,7,"US","PRESERVED_SPECIMEN","Crataegus douglasii"
4073876785,"Crataegus douglasii",-116.929495,44.355829,2001,5,3,"US","PRESERVED_SPECIMEN","Crataegus douglasii"
4068895906,"Crataegus douglasii",-115.849617,44.372317,2008,8,24,"US","PRESERVED_SPECIMEN","Crataegus douglasii"
4010655058,"Crataegus douglasii",-111.146379,44.337746,2022,7,2,"US","PRESERVED_SPECIMEN","Crataegus douglasii"
4073858701,"Crataegus douglasii",-119.5468062,44.3133642,2003,5,7,"US","PRESERVED_SPECIMEN","Crataegus douglasii"
3998896201,"Crataegus douglasii",-116.086804,44.310902,2022,9,29,"US","HUMAN_OBSERVATION","Crataegus douglasii"
1899329917,"Crataegus douglasii",-114.724997,44.268264,2002,7,27,"US","PRESERVED_SPECIMEN","Crataegus douglasii"
4068904687,"Crataegus douglasii",-116.262467,44.214867,2011,6,15,"US","PRESERVED_SPECIMEN","Crataegus douglasii"
2873905676,"Crataegus douglasii",-115.193212,44.161232,2020,9,22,"US","HUMAN_OBSERVATION","Crataegus douglasii"
3398775216,"Crataegus douglasii",-111.284897,44.151642,2021,10,16,"US","HUMAN_OBSERVATION","Crataegus douglasii"
4522512783,"Crataegus douglasii",-123.297475,44.122228,2023,5,6,"US","HUMAN_OBSERVATION","Crataegus douglasii"
3759621646,"Crataegus douglasii",-123.177262,44.096233,2021,7,21,"US","HUMAN_OBSERVATION","Crataegus douglasii"
4465495869,"Crataegus douglasii",-121.339082,44.101137,2023,12,10,"US","HUMAN_OBSERVATION","Crataegus douglasii"
2802831468,"Crataegus douglasii",-123.369844,44.057065,2020,6,21,"US","HUMAN_OBSERVATION","Crataegus douglasii"
3112955754,"Crataegus douglasii",-123.095674,44.080981,2021,5,2,"US","HUMAN_OBSERVATION","Crataegus douglasii"
3385205273,"Crataegus douglasii",-115.682411,44.063103,2021,10,1,"US","HUMAN_OBSERVATION","Crataegus douglasii"
4129794444,"Crataegus douglasii",-123.156784,44.020937,2022,10,4,"US","HUMAN_OBSERVATION","Crataegus douglasii"
3949789258,"Crataegus douglasii",-123.082183,44.023136,2021,7,28,"US","HUMAN_OBSERVATION","Crataegus douglasii"
1899342403,"Crataegus douglasii",-116.773842,43.974448,2004,5,29,"US","PRESERVED_SPECIMEN","Crataegus douglasii"
4073796176,"Crataegus douglasii",-111.625408,43.982903,2017,8,25,"US","PRESERVED_SPECIMEN","Crataegus douglasii"
3949504562,"Crataegus douglasii",-111.122188,43.957271,2020,6,14,"US","HUMAN_OBSERVATION","Crataegus douglasii"
3759921265,"Crataegus douglasii",-123.056084,43.873207,2022,4,8,"US","HUMAN_OBSERVATION","Crataegus douglasii"
4522452464,"Crataegus douglasii",-123.079642,43.795784,2021,4,20,"US","HUMAN_OBSERVATION","Crataegus douglasii"
4073684962,"Crataegus douglasii",-116.269033,43.833181,2014,5,21,"US","PRESERVED_SPECIMEN","Crataegus douglasii"
4068932504,"Crataegus douglasii",-115.95155,43.821583,2012,6,13,"US","PRESERVED_SPECIMEN","Crataegus douglasii"
4068952891,"Crataegus douglasii",-115.5763,43.757967,2013,8,7,"US","PRESERVED_SPECIMEN","Crataegus douglasii"
2873720447,"Crataegus douglasii",-110.988228,43.760655,2020,7,19,"US","HUMAN_OBSERVATION","Crataegus douglasii"
4068899718,"Crataegus douglasii",-116.235,43.728,2014,5,3,"US","PRESERVED_SPECIMEN","Crataegus douglasii"
3998003483,"Crataegus douglasii",-111.93479,43.742451,2022,5,8,"US","HUMAN_OBSERVATION","Crataegus douglasii"
4133920110,"Crataegus douglasii",-111.107294,43.709975,2023,6,10,"US","HUMAN_OBSERVATION","Crataegus douglasii"
3947216641,"Crataegus douglasii",-111.062586,43.745972,2022,10,16,"US","HUMAN_OBSERVATION","Crataegus douglasii"
4528207831,"Crataegus douglasii",-116.40158,43.68913,2023,5,10,"US","HUMAN_OBSERVATION","Crataegus douglasii"
3949049029,"Crataegus douglasii",-116.323688,43.678883,2022,7,9,"US","HUMAN_OBSERVATION","Crataegus douglasii"
3998964377,"Crataegus douglasii",-111.110746,43.70769,2022,8,29,"US","HUMAN_OBSERVATION","Crataegus douglasii"
4400025508,"Crataegus douglasii",-116.298063,43.651412,2023,8,19,"US","HUMAN_OBSERVATION","Crataegus douglasii"
3773495701,"Crataegus douglasii",-116.194426,43.639681,2022,5,2,"US","HUMAN_OBSERVATION","Crataegus douglasii"
3902416246,"Crataegus douglasii",-116.146444,43.650474,2022,8,21,"US","HUMAN_OBSERVATION","Crataegus douglasii"
2634220510,"Crataegus douglasii",-111.12552,43.65061,2019,6,13,"US","HUMAN_OBSERVATION","Crataegus douglasii"
3355008882,"Crataegus douglasii",-110.739857,43.651219,2021,8,22,"US","HUMAN_OBSERVATION","Crataegus douglasii"
4420860905,"Crataegus douglasii",-111.58262,43.623253,2023,10,1,"US","HUMAN_OBSERVATION","Crataegus douglasii"
2252056371,"Crataegus douglasii",-111.539183,43.615392,2019,6,3,"US","HUMAN_OBSERVATION","Crataegus douglasii"
3772927757,"Crataegus douglasii",-116.139016,43.568452,2022,5,2,"US","HUMAN_OBSERVATION","Crataegus douglasii"
4068934743,"Crataegus douglasii",-116.108,43.579,2013,5,6,"US","PRESERVED_SPECIMEN","Crataegus douglasii"
4073753338,"Crataegus douglasii",-114.83106,43.57583,2018,6,2,"US","PRESERVED_SPECIMEN","Crataegus douglasii"
3859092409,"Crataegus douglasii",-122.894455,43.527093,2019,6,30,"US","HUMAN_OBSERVATION","Crataegus douglasii"
3802386820,"Crataegus douglasii",-115.811152,43.536344,2022,5,22,"US","HUMAN_OBSERVATION","Crataegus douglasii"
3860499310,"Crataegus douglasii",-110.84427,43.533345,2022,5,27,"US","HUMAN_OBSERVATION","Crataegus douglasii"
3859061405,"Crataegus douglasii",-122.557366,43.408794,2019,7,10,"US","HUMAN_OBSERVATION","Crataegus douglasii"
3385109991,"Crataegus douglasii",-115.544403,43.391857,2021,8,22,"US","HUMAN_OBSERVATION","Crataegus douglasii"
3354991760,"Crataegus douglasii",-111.15988,43.377023,2021,8,11,"US","HUMAN_OBSERVATION","Crataegus douglasii"
3949880847,"Crataegus douglasii",-111.147072,43.33797,2022,6,18,"US","HUMAN_OBSERVATION","Crataegus douglasii"
4068943328,"Crataegus douglasii",-116.114933,43.32275,2004,5,30,"US","PRESERVED_SPECIMEN","Crataegus douglasii"
2609082040,"Crataegus douglasii",-112.471,42.876837,2019,9,3,"US","HUMAN_OBSERVATION","Crataegus douglasii"
3953752339,"Crataegus douglasii",-110.971513,42.887621,2020,9,19,"US","HUMAN_OBSERVATION","Crataegus douglasii"
4424132792,"Crataegus douglasii",-112.496106,42.867053,2023,9,19,"US","HUMAN_OBSERVATION","Crataegus douglasii"
1563419972,"Crataegus douglasii",-112.451867,42.838112,2017,5,21,"US","HUMAN_OBSERVATION","Crataegus douglasii"
2609082022,"Crataegus douglasii",-112.384319,42.8729,2019,9,3,"US","HUMAN_OBSERVATION","Crataegus douglasii"
4430687323,"Crataegus douglasii",-108.722763,42.835075,2023,10,17,"US","HUMAN_OBSERVATION","Crataegus douglasii"
2596055811,"Crataegus douglasii",-122.930737,42.795135,2019,6,18,"US","HUMAN_OBSERVATION","Crataegus douglasii"
4069018212,"Crataegus douglasii",-116.92445,42.80302,2014,6,6,"US","PRESERVED_SPECIMEN","Crataegus douglasii"
4127133929,"Crataegus douglasii",-112.403753,42.820403,2023,5,25,"US","HUMAN_OBSERVATION","Crataegus douglasii"
4416730920,"Crataegus douglasii",-112.393896,42.750035,2023,9,19,"US","HUMAN_OBSERVATION","Crataegus douglasii"
3301826772,"Crataegus douglasii",-112.425882,42.714216,2021,5,26,"US","HUMAN_OBSERVATION","Crataegus douglasii"
4165842650,"Crataegus douglasii",-112.394137,42.749013,2023,7,25,"US","HUMAN_OBSERVATION","Crataegus douglasii"
1837758024,"Crataegus douglasii",-112.36967,42.737934,2018,4,1,"US","HUMAN_OBSERVATION","Crataegus douglasii"
2244222653,"Crataegus douglasii",-112.205132,42.746514,2019,5,15,"US","HUMAN_OBSERVATION","Crataegus douglasii"
3343749698,"Crataegus douglasii",-112.125457,42.725188,2021,8,18,"US","HUMAN_OBSERVATION","Crataegus douglasii"
4074153002,"Crataegus douglasii",-117.206667,42.45,2002,6,9,"US","PRESERVED_SPECIMEN","Crataegus douglasii"
4153060739,"Crataegus douglasii",-112.22581,42.3544,2010,6,10,"US","PRESERVED_SPECIMEN","Crataegus douglasii"
3820554427,"Crataegus douglasii",-111.670278,42.210833,2007,6,14,"US","PRESERVED_SPECIMEN","Crataegus douglasii"
3820556146,"Crataegus douglasii",-122.3075,42.189278,2012,6,NA,"US","PRESERVED_SPECIMEN","Crataegus douglasii"
2251913534,"Crataegus douglasii",-112.17302,42.206881,2019,5,26,"US","HUMAN_OBSERVATION","Crataegus douglasii"
3744545392,"Crataegus douglasii",-111.6779,42.16595,2021,6,11,"US","PRESERVED_SPECIMEN","Crataegus douglasii"
3330742368,"Crataegus douglasii",-111.410587,42.008433,2020,9,12,"US","HUMAN_OBSERVATION","Crataegus douglasii"
2982045430,"Crataegus douglasii",-120.3626,41.7334,2011,8,14,"US","PRESERVED_SPECIMEN","Crataegus douglasii"
4465578109,"Crataegus douglasii",-111.850986,41.719253,2023,9,9,"US","HUMAN_OBSERVATION","Crataegus douglasii"
3859707511,"Crataegus douglasii",-111.818603,41.728245,2022,6,20,"US","HUMAN_OBSERVATION","Crataegus douglasii"
4407560395,"Crataegus douglasii",-122.275283,41.236908,2023,9,2,"US","HUMAN_OBSERVATION","Crataegus douglasii"
2982046431,"Crataegus douglasii",-120.9079,41.2375,2011,8,13,"US","PRESERVED_SPECIMEN","Crataegus douglasii"
4075893466,"Crataegus douglasii",-111.718272,41.248663,2020,7,10,"US","HUMAN_OBSERVATION","Crataegus douglasii"
2418039303,"Crataegus douglasii",-121.028333,41.195556,2015,7,15,"US","PRESERVED_SPECIMEN","Crataegus douglasii"
2418038886,"Crataegus douglasii",-120.994,41.199389,2015,7,17,"US","PRESERVED_SPECIMEN","Crataegus douglasii"
1899300082,"Crataegus douglasii",-121.567298,41.113446,2011,5,10,"US","PRESERVED_SPECIMEN","Crataegus douglasii"
1899300103,"Crataegus douglasii",-121.612597,41.015563,2011,5,10,"US","PRESERVED_SPECIMEN","Crataegus douglasii"
4413496800,"Crataegus douglasii",-111.132052,40.981993,2023,9,2,"US","HUMAN_OBSERVATION","Crataegus douglasii"
1426463060,"Crataegus douglasii",-122.030278,40.843333,2007,7,26,"US","PRESERVED_SPECIMEN","Crataegus douglasii"
4096670686,"Crataegus douglasii",-111.82143,40.75942,2010,7,8,"US","HUMAN_OBSERVATION","Crataegus douglasii"
4421022518,"Crataegus douglasii",-111.921883,40.748445,2023,8,16,"US","HUMAN_OBSERVATION","Crataegus douglasii"
3772999748,"Crataegus douglasii",-111.878838,40.657408,2022,4,29,"US","HUMAN_OBSERVATION","Crataegus douglasii"
4420721435,"Crataegus douglasii",-111.843313,40.615683,2022,8,30,"US","HUMAN_OBSERVATION","Crataegus douglasii"
3327922452,"Crataegus douglasii",-111.971441,40.543609,2021,5,26,"US","HUMAN_OBSERVATION","Crataegus douglasii"
3773658038,"Crataegus douglasii",-111.911942,40.552458,2022,5,2,"US","HUMAN_OBSERVATION","Crataegus douglasii"
1931122114,"Crataegus douglasii",-109.87,40.56,2001,6,7,"US","PRESERVED_SPECIMEN","Crataegus douglasii"
1883465180,"Crataegus douglasii",-111.750916,40.483068,2018,6,24,"US","HUMAN_OBSERVATION","Crataegus douglasii"
2963909476,"Crataegus douglasii",-111.551956,40.458942,2020,9,13,"US","HUMAN_OBSERVATION","Crataegus douglasii"
3962309349,"Crataegus douglasii",-111.910556,40.430833,2000,8,11,"US","PRESERVED_SPECIMEN","Crataegus douglasii"
1928158744,"Crataegus douglasii",-111.78618,40.44961,2015,8,7,"US","PRESERVED_SPECIMEN","Crataegus douglasii"
2963866458,"Crataegus douglasii",-111.320336,40.446275,2020,9,15,"US","HUMAN_OBSERVATION","Crataegus douglasii"
3923282723,"Crataegus douglasii",-111.620952,40.33019,2022,9,24,"US","HUMAN_OBSERVATION","Crataegus douglasii"
4601457423,"Crataegus douglasii",-120.90614,40.11345,2008,5,13,"US","PRESERVED_SPECIMEN","Crataegus douglasii"
2430387920,"Crataegus douglasii",-120.83472,40.09312,2012,6,7,"US","PRESERVED_SPECIMEN","Crataegus douglasii"
3892749913,"Crataegus douglasii",-106.3957,40.0429,2004,7,14,"US","PRESERVED_SPECIMEN","Crataegus douglasii"
3903286739,"Crataegus douglasii",-105.14721,39.9825,2022,9,9,"US","HUMAN_OBSERVATION","Crataegus douglasii"
3465911350,"Crataegus douglasii",-105.065011,39.892358,2020,8,10,"US","HUMAN_OBSERVATION","Crataegus douglasii"
3384010418,"Crataegus douglasii",-106.60012,39.643403,2021,9,10,"US","HUMAN_OBSERVATION","Crataegus douglasii"
4129748028,"Crataegus douglasii",-122.941924,38.562885,2023,6,1,"US","HUMAN_OBSERVATION","Crataegus douglasii"
3079560453,"Crataegus douglasii",-122.848421,38.404491,2018,5,5,"US","HUMAN_OBSERVATION","Crataegus douglasii"
1562888330,"Crataegus douglasii",-122.914575,38.368727,2017,4,8,"US","HUMAN_OBSERVATION","Crataegus douglasii"
