"gbifID","species","longitude","latitude","year","month","day","countryCode","basisOfRecord","accepted_name"
1988206740,"Cydonia oblonga",-119.6315,49.544139,2015,5,21,"CA","PRESERVED_SPECIMEN","Cydonia oblonga"
3124570489,"Cydonia oblonga",-122.213178,48.311686,2021,5,12,"US","HUMAN_OBSERVATION","Cydonia oblonga"
3039262529,"Cydonia oblonga",-122.502117,48.043493,2020,6,18,"US","HUMAN_OBSERVATION","Cydonia oblonga"
2988318615,"Cydonia oblonga",-122.294503,47.704832,2020,8,6,"US","HUMAN_OBSERVATION","Cydonia oblonga"
3384103438,"Cydonia oblonga",-121.976831,47.692023,2021,9,19,"US","HUMAN_OBSERVATION","Cydonia oblonga"
3031952437,"Cydonia oblonga",-122.073318,47.45079,2019,5,2,"US","HUMAN_OBSERVATION","Cydonia oblonga"
3113612706,"Cydonia oblonga",-122.474756,47.187766,2021,5,12,"US","HUMAN_OBSERVATION","Cydonia oblonga"
4028727419,"Cydonia oblonga",-117.16685,46.720966,2020,5,17,"US","HUMAN_OBSERVATION","Cydonia oblonga"
3097328316,"Cydonia oblonga",-121.431965,45.702557,2021,4,16,"US","HUMAN_OBSERVATION","Cydonia oblonga"
2988329543,"Cydonia oblonga",-123.21328,45.584248,2020,7,4,"US","HUMAN_OBSERVATION","Cydonia oblonga"
3383973656,"Cydonia oblonga",-122.742077,45.589259,2021,9,12,"US","HUMAN_OBSERVATION","Cydonia oblonga"
3031967625,"Cydonia oblonga",-122.645849,45.558544,2020,4,15,"US","HUMAN_OBSERVATION","Cydonia oblonga"
3097092926,"Cydonia oblonga",-122.669736,45.53438,2021,4,17,"US","HUMAN_OBSERVATION","Cydonia oblonga"
3343863877,"Cydonia oblonga",-122.632255,45.5144,2021,8,21,"US","HUMAN_OBSERVATION","Cydonia oblonga"
3327925038,"Cydonia oblonga",-122.703238,45.47159,2021,7,11,"US","HUMAN_OBSERVATION","Cydonia oblonga"
3355716514,"Cydonia oblonga",-122.660928,45.446704,2021,9,1,"US","HUMAN_OBSERVATION","Cydonia oblonga"
3953118475,"Cydonia oblonga",-75.63207,45.348642,2021,6,30,"CA","HUMAN_OBSERVATION","Cydonia oblonga"
4011521650,"Cydonia oblonga",-64.29638,45.105336,2022,9,6,"CA","HUMAN_OBSERVATION","Cydonia oblonga"
3039383447,"Cydonia oblonga",-123.030417,44.92936,2019,10,14,"US","HUMAN_OBSERVATION","Cydonia oblonga"
3384477238,"Cydonia oblonga",-123.195193,44.846052,2021,9,25,"US","HUMAN_OBSERVATION","Cydonia oblonga"
3949774590,"Cydonia oblonga",-75.182757,44.602672,2021,10,11,"US","HUMAN_OBSERVATION","Cydonia oblonga"
3327833656,"Cydonia oblonga",-68.86776,44.603809,2021,7,9,"US","HUMAN_OBSERVATION","Cydonia oblonga"
3079744273,"Cydonia oblonga",-123.284722,44.569062,2021,4,8,"US","HUMAN_OBSERVATION","Cydonia oblonga"
2980879789,"Cydonia oblonga",-63.919982,44.578058,2020,10,31,"CA","HUMAN_OBSERVATION","Cydonia oblonga"
3959133249,"Cydonia oblonga",-81.420784,44.420686,2021,6,17,"CA","HUMAN_OBSERVATION","Cydonia oblonga"
3384238130,"Cydonia oblonga",-123.029595,44.047042,2021,9,16,"US","HUMAN_OBSERVATION","Cydonia oblonga"
3955494523,"Cydonia oblonga",-79.476496,44.061118,2022,7,30,"CA","HUMAN_OBSERVATION","Cydonia oblonga"
3952225831,"Cydonia oblonga",-79.52911,43.845507,2019,9,1,"CA","HUMAN_OBSERVATION","Cydonia oblonga"
3952381067,"Cydonia oblonga",-79.32888,43.777916,2021,9,26,"CA","HUMAN_OBSERVATION","Cydonia oblonga"
3952742285,"Cydonia oblonga",-79.746936,43.716854,2020,6,10,"CA","HUMAN_OBSERVATION","Cydonia oblonga"
3998064293,"Cydonia oblonga",-79.30191,43.730474,2022,8,23,"CA","HUMAN_OBSERVATION","Cydonia oblonga"
3956088910,"Cydonia oblonga",-79.430174,43.686473,2021,8,3,"CA","HUMAN_OBSERVATION","Cydonia oblonga"
3957775108,"Cydonia oblonga",-79.321267,43.699196,2022,6,20,"CA","HUMAN_OBSERVATION","Cydonia oblonga"
3343717296,"Cydonia oblonga",-79.601173,43.638287,2021,8,22,"CA","HUMAN_OBSERVATION","Cydonia oblonga"
3955390250,"Cydonia oblonga",-79.436178,43.663842,2021,6,3,"CA","HUMAN_OBSERVATION","Cydonia oblonga"
3958460118,"Cydonia oblonga",-79.613709,43.597312,2021,9,8,"CA","HUMAN_OBSERVATION","Cydonia oblonga"
3956866715,"Cydonia oblonga",-79.681531,43.576113,2021,6,16,"CA","HUMAN_OBSERVATION","Cydonia oblonga"
3952468776,"Cydonia oblonga",-79.735146,43.483239,2022,7,8,"CA","HUMAN_OBSERVATION","Cydonia oblonga"
3039160767,"Cydonia oblonga",-124.207845,43.4458,2020,11,10,"US","HUMAN_OBSERVATION","Cydonia oblonga"
3355338538,"Cydonia oblonga",-80.510162,43.454102,2021,9,9,"CA","HUMAN_OBSERVATION","Cydonia oblonga"
3999062071,"Cydonia oblonga",-80.29389,43.43181,2022,8,19,"CA","HUMAN_OBSERVATION","Cydonia oblonga"
3955461332,"Cydonia oblonga",-81.713391,43.36997,2019,10,9,"CA","HUMAN_OBSERVATION","Cydonia oblonga"
1851989517,"Cydonia oblonga",-78.3756,43.3201,2016,8,23,"US","PRESERVED_SPECIMEN","Cydonia oblonga"
2646415188,"Cydonia oblonga",-79.793948,43.230738,2019,8,17,"CA","HUMAN_OBSERVATION","Cydonia oblonga"
3860270904,"Cydonia oblonga",-79.103639,43.228517,2022,6,24,"CA","HUMAN_OBSERVATION","Cydonia oblonga"
3998757179,"Cydonia oblonga",-77.863574,43.223698,2022,9,20,"US","HUMAN_OBSERVATION","Cydonia oblonga"
3337928124,"Cydonia oblonga",-80.004524,43.172173,2021,8,10,"CA","HUMAN_OBSERVATION","Cydonia oblonga"
3954547629,"Cydonia oblonga",-79.8571,43.200711,2021,7,31,"CA","HUMAN_OBSERVATION","Cydonia oblonga"
3959498104,"Cydonia oblonga",-79.435294,43.168147,2021,6,9,"CA","HUMAN_OBSERVATION","Cydonia oblonga"
3957053047,"Cydonia oblonga",-79.425467,43.138139,2021,8,22,"CA","HUMAN_OBSERVATION","Cydonia oblonga"
2649157838,"Cydonia oblonga",-79.08187,43.087928,2019,8,26,"CA","HUMAN_OBSERVATION","Cydonia oblonga"
3957277834,"Cydonia oblonga",-77.99213,43.102404,2019,10,5,"US","HUMAN_OBSERVATION","Cydonia oblonga"
3954508035,"Cydonia oblonga",-77.421195,43.102039,2020,5,24,"US","HUMAN_OBSERVATION","Cydonia oblonga"
2988327425,"Cydonia oblonga",-73.786771,43.097789,2019,11,4,"US","HUMAN_OBSERVATION","Cydonia oblonga"
2648163312,"Cydonia oblonga",-76.479461,43.044074,2019,5,24,"US","HUMAN_OBSERVATION","Cydonia oblonga"
3953051318,"Cydonia oblonga",-79.924856,43.022638,2021,5,23,"CA","HUMAN_OBSERVATION","Cydonia oblonga"
2647466182,"Cydonia oblonga",-81.322393,42.961726,2018,5,30,"CA","HUMAN_OBSERVATION","Cydonia oblonga"
3955354298,"Cydonia oblonga",-81.257443,42.96762,2022,7,2,"CA","HUMAN_OBSERVATION","Cydonia oblonga"
3955844725,"Cydonia oblonga",-81.220714,42.969914,2022,5,23,"CA","HUMAN_OBSERVATION","Cydonia oblonga"
3408016647,"Cydonia oblonga",-73.214923,42.966171,2021,10,25,"US","HUMAN_OBSERVATION","Cydonia oblonga"
3952304149,"Cydonia oblonga",-79.042645,42.957782,2019,6,9,"CA","HUMAN_OBSERVATION","Cydonia oblonga"
3959791906,"Cydonia oblonga",-76.329095,42.939326,2021,5,30,"US","HUMAN_OBSERVATION","Cydonia oblonga"
3953628340,"Cydonia oblonga",-81.216979,42.901717,2020,10,8,"CA","HUMAN_OBSERVATION","Cydonia oblonga"
2645960358,"Cydonia oblonga",-80.487876,42.84438,2019,8,2,"CA","HUMAN_OBSERVATION","Cydonia oblonga"
2646116081,"Cydonia oblonga",-81.183524,42.790704,2019,8,16,"CA","HUMAN_OBSERVATION","Cydonia oblonga"
3785017688,"Cydonia oblonga",-84.436006,42.708294,2022,5,16,"US","HUMAN_OBSERVATION","Cydonia oblonga"
3952333151,"Cydonia oblonga",-73.853622,42.632052,2021,8,15,"US","HUMAN_OBSERVATION","Cydonia oblonga"
3953657725,"Cydonia oblonga",-74.313018,42.594226,2020,8,25,"US","HUMAN_OBSERVATION","Cydonia oblonga"
2977833798,"Cydonia oblonga",-71.279498,42.505639,2020,7,4,"US","HUMAN_OBSERVATION","Cydonia oblonga"
3998013855,"Cydonia oblonga",-70.889053,42.525916,2022,8,19,"US","HUMAN_OBSERVATION","Cydonia oblonga"
3999028151,"Cydonia oblonga",-70.851608,42.503437,2022,9,4,"US","HUMAN_OBSERVATION","Cydonia oblonga"
2974266895,"Cydonia oblonga",-71.436777,42.482425,2018,9,29,"US","HUMAN_OBSERVATION","Cydonia oblonga"
2644134214,"Cydonia oblonga",-76.496712,42.441502,2019,9,30,"US","HUMAN_OBSERVATION","Cydonia oblonga"
3958795129,"Cydonia oblonga",-72.182646,42.423797,2020,8,15,"US","HUMAN_OBSERVATION","Cydonia oblonga"
3113309016,"Cydonia oblonga",-84.095402,42.39845,2021,5,8,"US","HUMAN_OBSERVATION","Cydonia oblonga"
3951728477,"Cydonia oblonga",-74.61764,42.402937,2021,7,18,"US","HUMAN_OBSERVATION","Cydonia oblonga"
3951802036,"Cydonia oblonga",-72.591387,42.412542,2018,7,20,"US","HUMAN_OBSERVATION","Cydonia oblonga"
3031583953,"Cydonia oblonga",-71.167447,42.407897,2020,9,29,"US","HUMAN_OBSERVATION","Cydonia oblonga"
3031860724,"Cydonia oblonga",-71.108646,42.386032,2020,5,13,"US","HUMAN_OBSERVATION","Cydonia oblonga"
3956557729,"Cydonia oblonga",-88.368699,42.374388,2021,7,27,"US","HUMAN_OBSERVATION","Cydonia oblonga"
3124814988,"Cydonia oblonga",-84.187191,42.348541,2021,5,23,"US","HUMAN_OBSERVATION","Cydonia oblonga"
3958137371,"Cydonia oblonga",-79.509366,42.342918,2017,9,2,"US","HUMAN_OBSERVATION","Cydonia oblonga"
3327796336,"Cydonia oblonga",-71.36978,42.370922,2021,7,13,"US","HUMAN_OBSERVATION","Cydonia oblonga"
3951872939,"Cydonia oblonga",-72.773807,42.306096,2021,8,14,"US","HUMAN_OBSERVATION","Cydonia oblonga"
3031617706,"Cydonia oblonga",-71.936313,42.305564,2020,5,24,"US","HUMAN_OBSERVATION","Cydonia oblonga"
3999062799,"Cydonia oblonga",-71.11176,42.319221,2022,8,17,"US","HUMAN_OBSERVATION","Cydonia oblonga"
2988279394,"Cydonia oblonga",-71.825387,42.287979,2019,10,7,"US","HUMAN_OBSERVATION","Cydonia oblonga"
3953865895,"Cydonia oblonga",-73.548827,42.188261,2021,6,28,"US","HUMAN_OBSERVATION","Cydonia oblonga"
3955946319,"Cydonia oblonga",-89.259513,42.141183,2016,5,19,"US","HUMAN_OBSERVATION","Cydonia oblonga"
3957265287,"Cydonia oblonga",-83.172878,42.105939,2020,7,7,"US","HUMAN_OBSERVATION","Cydonia oblonga"
3998174401,"Cydonia oblonga",-72.097397,42.10746,2022,5,20,"US","HUMAN_OBSERVATION","Cydonia oblonga"
3953421334,"Cydonia oblonga",-124.275168,42.057611,2022,3,26,"US","HUMAN_OBSERVATION","Cydonia oblonga"
3959898473,"Cydonia oblonga",-74.1332,42.030607,2022,7,26,"US","HUMAN_OBSERVATION","Cydonia oblonga"
3949271277,"Cydonia oblonga",-71.23051,42.034664,2021,5,11,"US","HUMAN_OBSERVATION","Cydonia oblonga"
3955112247,"Cydonia oblonga",-70.19476,42.041172,2021,9,12,"US","HUMAN_OBSERVATION","Cydonia oblonga"
3998208603,"Cydonia oblonga",-82.868042,41.99905,2022,9,16,"CA","HUMAN_OBSERVATION","Cydonia oblonga"
2643764956,"Cydonia oblonga",-79.839127,41.983902,2019,6,26,"US","HUMAN_OBSERVATION","Cydonia oblonga"
3956940859,"Cydonia oblonga",-71.972891,41.943948,2022,6,19,"US","HUMAN_OBSERVATION","Cydonia oblonga"
3952575904,"Cydonia oblonga",-70.028892,41.937675,2021,10,23,"US","HUMAN_OBSERVATION","Cydonia oblonga"
3455215522,"Cydonia oblonga",-87.758317,41.845975,2020,9,19,"US","HUMAN_OBSERVATION","Cydonia oblonga"
3948981888,"Cydonia oblonga",-88.074825,41.81451,2019,10,28,"US","HUMAN_OBSERVATION","Cydonia oblonga"
3958793878,"Cydonia oblonga",-87.982613,41.812622,2021,9,20,"US","HUMAN_OBSERVATION","Cydonia oblonga"
3951652894,"Cydonia oblonga",-87.809482,41.826694,2016,5,3,"US","HUMAN_OBSERVATION","Cydonia oblonga"
2648981727,"Cydonia oblonga",-73.162763,41.800874,2019,9,1,"US","HUMAN_OBSERVATION","Cydonia oblonga"
2975513175,"Cydonia oblonga",-74.876268,41.758538,2020,9,4,"US","HUMAN_OBSERVATION","Cydonia oblonga"
2974342983,"Cydonia oblonga",-72.713401,41.767424,2020,6,10,"US","HUMAN_OBSERVATION","Cydonia oblonga"
3958358893,"Cydonia oblonga",-72.289534,41.760357,2022,5,14,"US","HUMAN_OBSERVATION","Cydonia oblonga"
3998251611,"Cydonia oblonga",-83.796045,41.714882,2022,10,10,"US","HUMAN_OBSERVATION","Cydonia oblonga"
3954751878,"Cydonia oblonga",-74.387612,41.708513,2022,6,6,"US","HUMAN_OBSERVATION","Cydonia oblonga"
3954070845,"Cydonia oblonga",-71.247396,41.72934,2021,8,3,"US","HUMAN_OBSERVATION","Cydonia oblonga"
3952257116,"Cydonia oblonga",-73.878778,41.685351,2021,10,22,"US","HUMAN_OBSERVATION","Cydonia oblonga"
3955195008,"Cydonia oblonga",-71.274316,41.600383,2021,8,1,"US","HUMAN_OBSERVATION","Cydonia oblonga"
3956246481,"Cydonia oblonga",-73.744028,41.57454,2017,6,1,"US","HUMAN_OBSERVATION","Cydonia oblonga"
3953871526,"Cydonia oblonga",-73.095596,41.536705,2021,7,1,"US","HUMAN_OBSERVATION","Cydonia oblonga"
3998839629,"Cydonia oblonga",-72.822913,41.528133,2022,6,1,"US","HUMAN_OBSERVATION","Cydonia oblonga"
3957561243,"Cydonia oblonga",-81.209296,41.495793,2022,6,18,"US","HUMAN_OBSERVATION","Cydonia oblonga"
3398779067,"Cydonia oblonga",-73.688344,41.446926,2021,10,24,"US","HUMAN_OBSERVATION","Cydonia oblonga"
3044575185,"Cydonia oblonga",-81.563431,41.381971,2015,10,23,"US","HUMAN_OBSERVATION","Cydonia oblonga"
1927995010,"Cydonia oblonga",-73.945728,41.359072,2011,6,11,"US","PRESERVED_SPECIMEN","Cydonia oblonga"
3959426419,"Cydonia oblonga",-72.923846,41.314872,2021,10,13,"US","HUMAN_OBSERVATION","Cydonia oblonga"
3956362677,"Cydonia oblonga",-72.580835,41.325879,2021,5,8,"US","HUMAN_OBSERVATION","Cydonia oblonga"
3955019510,"Cydonia oblonga",-74.563807,41.269398,2021,6,11,"US","HUMAN_OBSERVATION","Cydonia oblonga"
3955663648,"Cydonia oblonga",-72.599647,41.279388,2017,6,10,"US","HUMAN_OBSERVATION","Cydonia oblonga"
3951476966,"Cydonia oblonga",-81.438553,41.175432,2017,6,15,"US","HUMAN_OBSERVATION","Cydonia oblonga"
3959344630,"Cydonia oblonga",-73.494677,41.171363,2022,7,22,"US","HUMAN_OBSERVATION","Cydonia oblonga"
3959893367,"Cydonia oblonga",-73.553501,41.133812,2021,5,6,"US","HUMAN_OBSERVATION","Cydonia oblonga"
2859507540,"Cydonia oblonga",-80.496745,41.096925,2017,4,25,"US","PRESERVED_SPECIMEN","Cydonia oblonga"
3998025901,"Cydonia oblonga",-71.907227,41.046238,2022,8,26,"US","HUMAN_OBSERVATION","Cydonia oblonga"
2648993397,"Cydonia oblonga",-75.45934,41.014567,2019,6,15,"US","HUMAN_OBSERVATION","Cydonia oblonga"
3953562932,"Cydonia oblonga",-124.03795,40.964634,2019,10,15,"US","HUMAN_OBSERVATION","Cydonia oblonga"
3958143657,"Cydonia oblonga",-80.608852,40.919118,2021,9,7,"US","HUMAN_OBSERVATION","Cydonia oblonga"
3455195609,"Cydonia oblonga",-85.501111,40.888352,2019,7,16,"US","HUMAN_OBSERVATION","Cydonia oblonga"
3999032954,"Cydonia oblonga",-77.765942,40.913627,2022,8,12,"US","HUMAN_OBSERVATION","Cydonia oblonga"
3954188196,"Cydonia oblonga",-73.912,40.894042,2021,5,2,"US","HUMAN_OBSERVATION","Cydonia oblonga"
3960246478,"Cydonia oblonga",-73.577311,40.883581,2021,8,7,"US","HUMAN_OBSERVATION","Cydonia oblonga"
3951794663,"Cydonia oblonga",-81.274557,40.839087,2021,6,14,"US","HUMAN_OBSERVATION","Cydonia oblonga"
3953175331,"Cydonia oblonga",-73.932072,40.864521,2022,5,12,"US","HUMAN_OBSERVATION","Cydonia oblonga"
3951876573,"Cydonia oblonga",-73.78669,40.850122,2019,5,11,"US","HUMAN_OBSERVATION","Cydonia oblonga"
3957596093,"Cydonia oblonga",-73.448487,40.816604,2020,6,2,"US","HUMAN_OBSERVATION","Cydonia oblonga"
3112298684,"Cydonia oblonga",-123.959469,40.715433,2021,4,30,"US","HUMAN_OBSERVATION","Cydonia oblonga"
3954664888,"Cydonia oblonga",-75.352593,40.672677,2022,5,11,"US","HUMAN_OBSERVATION","Cydonia oblonga"
3398662067,"Cydonia oblonga",-74.014124,40.692169,2021,10,15,"US","HUMAN_OBSERVATION","Cydonia oblonga"
2643518191,"Cydonia oblonga",-73.834122,40.702351,2018,8,31,"US","HUMAN_OBSERVATION","Cydonia oblonga"
3952626820,"Cydonia oblonga",-122.352865,40.583483,2021,3,26,"US","HUMAN_OBSERVATION","Cydonia oblonga"
3999144232,"Cydonia oblonga",-122.425962,40.573873,2022,9,2,"US","HUMAN_OBSERVATION","Cydonia oblonga"
3953407265,"Cydonia oblonga",-74.146928,40.557095,2021,9,6,"US","HUMAN_OBSERVATION","Cydonia oblonga"
3031835660,"Cydonia oblonga",-80.166725,40.518451,2020,4,26,"US","HUMAN_OBSERVATION","Cydonia oblonga"
3958021232,"Cydonia oblonga",-76.806999,40.302021,2021,4,28,"US","HUMAN_OBSERVATION","Cydonia oblonga"
3384728270,"Cydonia oblonga",-82.065826,40.158666,2021,10,4,"US","HUMAN_OBSERVATION","Cydonia oblonga"
3953436154,"Cydonia oblonga",-75.543059,40.133837,2020,6,2,"US","HUMAN_OBSERVATION","Cydonia oblonga"
3999128387,"Cydonia oblonga",-77.635923,40.018415,2022,9,14,"US","HUMAN_OBSERVATION","Cydonia oblonga"
3355807679,"Cydonia oblonga",-75.329141,40.033994,2021,9,2,"US","HUMAN_OBSERVATION","Cydonia oblonga"
3953877398,"Cydonia oblonga",-75.147348,39.94806,2021,10,3,"US","HUMAN_OBSERVATION","Cydonia oblonga"
3958741780,"Cydonia oblonga",-75.305754,39.895624,2020,7,2,"US","HUMAN_OBSERVATION","Cydonia oblonga"
2646120983,"Cydonia oblonga",-79.141541,39.473845,2019,7,25,"US","HUMAN_OBSERVATION","Cydonia oblonga"
3998006814,"Cydonia oblonga",-84.031559,39.418403,2022,5,23,"US","HUMAN_OBSERVATION","Cydonia oblonga"
3956308862,"Cydonia oblonga",-121.704422,39.36177,2018,8,21,"US","HUMAN_OBSERVATION","Cydonia oblonga"
3951987183,"Cydonia oblonga",-81.54503,39.285798,2020,5,29,"US","HUMAN_OBSERVATION","Cydonia oblonga"
2976489054,"Cydonia oblonga",-123.2087,39.245194,2020,4,4,"US","HUMAN_OBSERVATION","Cydonia oblonga"
3455241430,"Cydonia oblonga",-76.908773,39.169806,2019,8,17,"US","HUMAN_OBSERVATION","Cydonia oblonga"
3956712147,"Cydonia oblonga",-121.616756,39.128715,2020,7,29,"US","HUMAN_OBSERVATION","Cydonia oblonga"
3956829634,"Cydonia oblonga",-123.514722,39.12,2019,9,22,"US","HUMAN_OBSERVATION","Cydonia oblonga"
3764193813,"Cydonia oblonga",-120.939406,39.122045,2022,4,24,"US","HUMAN_OBSERVATION","Cydonia oblonga"
3954670653,"Cydonia oblonga",-120.93563,38.985213,2017,8,13,"US","HUMAN_OBSERVATION","Cydonia oblonga"
3958930806,"Cydonia oblonga",-77.022183,38.978988,2022,4,15,"US","HUMAN_OBSERVATION","Cydonia oblonga"
3954125896,"Cydonia oblonga",-121.195841,38.945414,2021,9,24,"US","HUMAN_OBSERVATION","Cydonia oblonga"
3999156885,"Cydonia oblonga",-121.055827,38.949249,2022,10,24,"US","HUMAN_OBSERVATION","Cydonia oblonga"
2647627385,"Cydonia oblonga",-121.163937,38.886846,2019,3,30,"US","HUMAN_OBSERVATION","Cydonia oblonga"
3958930764,"Cydonia oblonga",-76.336437,38.881812,2022,4,15,"US","HUMAN_OBSERVATION","Cydonia oblonga"
3952486262,"Cydonia oblonga",-122.230375,38.869359,2021,3,20,"US","HUMAN_OBSERVATION","Cydonia oblonga"
3951983590,"Cydonia oblonga",-123.023353,38.808768,2020,5,28,"US","HUMAN_OBSERVATION","Cydonia oblonga"
3955811348,"Cydonia oblonga",-90.066221,38.723123,2021,4,27,"US","HUMAN_OBSERVATION","Cydonia oblonga"
3960118771,"Cydonia oblonga",-121.473723,38.671825,2021,5,28,"US","HUMAN_OBSERVATION","Cydonia oblonga"
3455220444,"Cydonia oblonga",-90.462594,38.654262,2020,6,23,"US","HUMAN_OBSERVATION","Cydonia oblonga"
3031638121,"Cydonia oblonga",-121.491395,38.574849,2020,11,22,"US","HUMAN_OBSERVATION","Cydonia oblonga"
3958796615,"Cydonia oblonga",-122.769288,38.465565,2020,10,4,"US","HUMAN_OBSERVATION","Cydonia oblonga"
3892305100,"Cydonia oblonga",-122.854448,38.434489,2022,8,14,"US","HUMAN_OBSERVATION","Cydonia oblonga"
3999135104,"Cydonia oblonga",-122.744745,38.437222,2022,8,19,"US","HUMAN_OBSERVATION","Cydonia oblonga"
3998908012,"Cydonia oblonga",-122.697543,38.443926,2022,10,13,"US","HUMAN_OBSERVATION","Cydonia oblonga"
3960346268,"Cydonia oblonga",-122.62407,38.456097,2022,3,17,"US","HUMAN_OBSERVATION","Cydonia oblonga"
3951725062,"Cydonia oblonga",-122.337406,38.425351,2019,9,21,"US","HUMAN_OBSERVATION","Cydonia oblonga"
3953561123,"Cydonia oblonga",-122.888921,38.401293,2020,9,23,"US","HUMAN_OBSERVATION","Cydonia oblonga"
3951844219,"Cydonia oblonga",-122.798815,38.412298,2018,9,13,"US","HUMAN_OBSERVATION","Cydonia oblonga"
2645425606,"Cydonia oblonga",-122.365505,38.404341,2019,6,17,"US","HUMAN_OBSERVATION","Cydonia oblonga"
3955556349,"Cydonia oblonga",-121.480554,38.398796,2021,8,1,"US","HUMAN_OBSERVATION","Cydonia oblonga"
2901828684,"Cydonia oblonga",-122.715569,38.362415,2020,6,13,"US","HUMAN_OBSERVATION","Cydonia oblonga"
3954914459,"Cydonia oblonga",-122.684723,38.350735,2021,8,18,"US","HUMAN_OBSERVATION","Cydonia oblonga"
3954497487,"Cydonia oblonga",-122.314472,38.361418,2021,7,25,"US","HUMAN_OBSERVATION","Cydonia oblonga"
3747275495,"Cydonia oblonga",-122.004044,38.343037,2022,3,18,"US","HUMAN_OBSERVATION","Cydonia oblonga"
3079800451,"Cydonia oblonga",-122.718064,38.331639,2018,6,14,"US","HUMAN_OBSERVATION","Cydonia oblonga"
3321299335,"Cydonia oblonga",-122.68824,38.319386,2021,6,29,"US","HUMAN_OBSERVATION","Cydonia oblonga"
3959163423,"Cydonia oblonga",-122.486868,38.311478,2022,3,15,"US","HUMAN_OBSERVATION","Cydonia oblonga"
3957457501,"Cydonia oblonga",-122.296432,38.3071,2021,8,11,"US","HUMAN_OBSERVATION","Cydonia oblonga"
3955966276,"Cydonia oblonga",-122.465084,38.283002,2021,3,26,"US","HUMAN_OBSERVATION","Cydonia oblonga"
3999190958,"Cydonia oblonga",-122.422716,38.261322,2022,11,4,"US","HUMAN_OBSERVATION","Cydonia oblonga"
3960303265,"Cydonia oblonga",-122.334101,38.256942,2021,7,15,"US","HUMAN_OBSERVATION","Cydonia oblonga"
3959096891,"Cydonia oblonga",-122.028023,38.287116,2021,3,10,"US","HUMAN_OBSERVATION","Cydonia oblonga"
3999174739,"Cydonia oblonga",-122.648244,38.229494,2022,9,12,"US","HUMAN_OBSERVATION","Cydonia oblonga"
3953098679,"Cydonia oblonga",-122.617207,38.238612,2020,7,5,"US","HUMAN_OBSERVATION","Cydonia oblonga"
3915435530,"Cydonia oblonga",-122.618453,38.119077,2022,7,25,"US","HUMAN_OBSERVATION","Cydonia oblonga"
3958083273,"Cydonia oblonga",-122.222445,38.090482,2021,10,14,"US","HUMAN_OBSERVATION","Cydonia oblonga"
3952068079,"Cydonia oblonga",-121.286626,38.106901,2021,6,27,"US","HUMAN_OBSERVATION","Cydonia oblonga"
3335517528,"Cydonia oblonga",-122.584241,38.075963,2021,8,5,"US","HUMAN_OBSERVATION","Cydonia oblonga"
3031824621,"Cydonia oblonga",-122.582577,38.076935,2020,3,16,"US","HUMAN_OBSERVATION","Cydonia oblonga"
3957674679,"Cydonia oblonga",-122.195267,38.066676,2018,9,4,"US","HUMAN_OBSERVATION","Cydonia oblonga"
3954422314,"Cydonia oblonga",-122.153734,38.070072,2022,4,30,"US","HUMAN_OBSERVATION","Cydonia oblonga"
3954451553,"Cydonia oblonga",-122.268946,38.035462,2021,6,25,"US","HUMAN_OBSERVATION","Cydonia oblonga"
3951957816,"Cydonia oblonga",-121.931841,38.025271,2020,4,11,"US","HUMAN_OBSERVATION","Cydonia oblonga"
2988571351,"Cydonia oblonga",-122.588057,37.983606,2019,5,27,"US","HUMAN_OBSERVATION","Cydonia oblonga"
3952664044,"Cydonia oblonga",-122.567034,37.974342,2021,8,1,"US","HUMAN_OBSERVATION","Cydonia oblonga"
3955422565,"Cydonia oblonga",-121.79536,37.96623,2022,5,18,"US","HUMAN_OBSERVATION","Cydonia oblonga"
3954262262,"Cydonia oblonga",-121.306218,37.963479,2021,11,11,"US","HUMAN_OBSERVATION","Cydonia oblonga"
3031808604,"Cydonia oblonga",-120.390554,37.979729,2020,3,25,"US","HUMAN_OBSERVATION","Cydonia oblonga"
3902047311,"Cydonia oblonga",-122.566893,37.88879,2016,3,6,"US","HUMAN_OBSERVATION","Cydonia oblonga"
3031970892,"Cydonia oblonga",-122.537588,37.87828,2020,8,8,"US","HUMAN_OBSERVATION","Cydonia oblonga"
3956889123,"Cydonia oblonga",-122.494347,37.901928,2017,7,24,"US","HUMAN_OBSERVATION","Cydonia oblonga"
3960270035,"Cydonia oblonga",-122.207588,37.898605,2021,10,1,"US","HUMAN_OBSERVATION","Cydonia oblonga"
2645467596,"Cydonia oblonga",-122.029562,37.875761,2019,6,17,"US","HUMAN_OBSERVATION","Cydonia oblonga"
3957360854,"Cydonia oblonga",-122.296819,37.872633,2020,6,12,"US","HUMAN_OBSERVATION","Cydonia oblonga"
2977885835,"Cydonia oblonga",-122.255734,37.853518,2020,6,7,"US","HUMAN_OBSERVATION","Cydonia oblonga"
2647274011,"Cydonia oblonga",-122.207755,37.838763,2018,7,13,"US","HUMAN_OBSERVATION","Cydonia oblonga"
3960369040,"Cydonia oblonga",-122.165218,37.849673,2022,7,23,"US","HUMAN_OBSERVATION","Cydonia oblonga"
3957254406,"Cydonia oblonga",-122.026944,37.842222,2020,5,3,"US","HUMAN_OBSERVATION","Cydonia oblonga"
3747407400,"Cydonia oblonga",-122.130822,37.814864,2022,3,21,"US","HUMAN_OBSERVATION","Cydonia oblonga"
3955564566,"Cydonia oblonga",-122.186158,37.780588,2016,6,19,"US","HUMAN_OBSERVATION","Cydonia oblonga"
3957050437,"Cydonia oblonga",-122.419683,37.733636,2020,5,13,"US","HUMAN_OBSERVATION","Cydonia oblonga"
3957506702,"Cydonia oblonga",-122.119754,37.670604,2019,11,17,"US","HUMAN_OBSERVATION","Cydonia oblonga"
3960053876,"Cydonia oblonga",-122.397713,37.609172,2021,7,22,"US","HUMAN_OBSERVATION","Cydonia oblonga"
3953541625,"Cydonia oblonga",-122.002816,37.573811,2022,5,29,"US","HUMAN_OBSERVATION","Cydonia oblonga"
3997886089,"Cydonia oblonga",-122.263116,37.536536,2022,8,13,"US","HUMAN_OBSERVATION","Cydonia oblonga"
3952041449,"Cydonia oblonga",-120.794842,37.521351,2022,6,26,"US","HUMAN_OBSERVATION","Cydonia oblonga"
3746990156,"Cydonia oblonga",-122.430978,37.493881,2022,3,22,"US","HUMAN_OBSERVATION","Cydonia oblonga"
3955211093,"Cydonia oblonga",-122.189816,37.483358,2020,8,27,"US","HUMAN_OBSERVATION","Cydonia oblonga"
3954144230,"Cydonia oblonga",-122.130596,37.458563,2019,10,27,"US","HUMAN_OBSERVATION","Cydonia oblonga"
3747207649,"Cydonia oblonga",-121.873163,37.469403,2022,3,20,"US","HUMAN_OBSERVATION","Cydonia oblonga"
1914202107,"Cydonia oblonga",-122.222445,37.452378,2018,9,20,"US","HUMAN_OBSERVATION","Cydonia oblonga"
3872862943,"Cydonia oblonga",-122.175117,37.427288,2022,7,5,"US","HUMAN_OBSERVATION","Cydonia oblonga"
3953058186,"Cydonia oblonga",-122.111522,37.432156,2020,7,2,"US","HUMAN_OBSERVATION","Cydonia oblonga"
3097403746,"Cydonia oblonga",-121.867643,37.456243,2021,4,9,"US","HUMAN_OBSERVATION","Cydonia oblonga"
3953112226,"Cydonia oblonga",-121.881547,37.379364,2022,6,17,"US","HUMAN_OBSERVATION","Cydonia oblonga"
3960216636,"Cydonia oblonga",-122.057557,37.355017,2022,7,11,"US","HUMAN_OBSERVATION","Cydonia oblonga"
3958799102,"Cydonia oblonga",-121.990724,37.336367,2021,5,27,"US","HUMAN_OBSERVATION","Cydonia oblonga"
3953186467,"Cydonia oblonga",-121.825031,37.342007,2020,7,19,"US","HUMAN_OBSERVATION","Cydonia oblonga"
2977199586,"Cydonia oblonga",-121.78545,37.33411,2020,5,8,"US","HUMAN_OBSERVATION","Cydonia oblonga"
3953284158,"Cydonia oblonga",-122.047836,37.300725,2021,7,19,"US","HUMAN_OBSERVATION","Cydonia oblonga"
3958283938,"Cydonia oblonga",-122.041151,37.3008,2021,9,12,"US","HUMAN_OBSERVATION","Cydonia oblonga"
3998688549,"Cydonia oblonga",-121.979169,37.294434,2022,10,22,"US","HUMAN_OBSERVATION","Cydonia oblonga"
2647405226,"Cydonia oblonga",-121.935776,37.308713,2018,5,25,"US","HUMAN_OBSERVATION","Cydonia oblonga"
3953556127,"Cydonia oblonga",-121.973772,37.242586,2021,6,1,"US","HUMAN_OBSERVATION","Cydonia oblonga"
2649717826,"Cydonia oblonga",-121.681855,37.135662,2019,8,31,"US","HUMAN_OBSERVATION","Cydonia oblonga"
3031817087,"Cydonia oblonga",-121.584485,37.148941,2020,11,21,"US","HUMAN_OBSERVATION","Cydonia oblonga"
3031971622,"Cydonia oblonga",-122.15378,37.113985,2020,4,8,"US","HUMAN_OBSERVATION","Cydonia oblonga"
3952591447,"Cydonia oblonga",-122.076432,37.084141,2021,8,29,"US","HUMAN_OBSERVATION","Cydonia oblonga"
3956841906,"Cydonia oblonga",-121.921963,37.102449,2021,4,15,"US","HUMAN_OBSERVATION","Cydonia oblonga"
3915322283,"Cydonia oblonga",-122.014813,36.970002,2022,9,21,"US","HUMAN_OBSERVATION","Cydonia oblonga"
3384066339,"Cydonia oblonga",-121.968361,36.965272,2021,9,17,"US","HUMAN_OBSERVATION","Cydonia oblonga"
3957890948,"Cydonia oblonga",-121.536425,36.843451,2021,9,19,"US","HUMAN_OBSERVATION","Cydonia oblonga"
2644457244,"Cydonia oblonga",-121.4274,36.855175,2019,3,31,"US","HUMAN_OBSERVATION","Cydonia oblonga"
2647146844,"Cydonia oblonga",-119.680415,36.822366,2020,3,14,"US","HUMAN_OBSERVATION","Cydonia oblonga"
2649631206,"Cydonia oblonga",-118.267778,36.776902,2019,8,29,"US","HUMAN_OBSERVATION","Cydonia oblonga"
3949358807,"Cydonia oblonga",-121.848971,36.533098,2021,7,4,"US","HUMAN_OBSERVATION","Cydonia oblonga"
2988367416,"Cydonia oblonga",-121.184009,35.688268,2019,10,11,"US","HUMAN_OBSERVATION","Cydonia oblonga"
2649569066,"Cydonia oblonga",-120.681609,35.295504,2019,8,31,"US","HUMAN_OBSERVATION","Cydonia oblonga"
3956534036,"Cydonia oblonga",-120.654633,35.293022,2018,9,7,"US","HUMAN_OBSERVATION","Cydonia oblonga"
3952029546,"Cydonia oblonga",-119.02036,35.305157,2019,5,19,"US","HUMAN_OBSERVATION","Cydonia oblonga"
3952634341,"Cydonia oblonga",-118.000171,35.126672,2020,5,2,"US","HUMAN_OBSERVATION","Cydonia oblonga"
3384961869,"Cydonia oblonga",-120.420013,34.672472,2021,9,22,"US","HUMAN_OBSERVATION","Cydonia oblonga"
3960327617,"Cydonia oblonga",-120.057755,34.636401,2021,11,23,"US","HUMAN_OBSERVATION","Cydonia oblonga"
3954491612,"Cydonia oblonga",-118.50933,34.443088,2018,8,4,"US","HUMAN_OBSERVATION","Cydonia oblonga"
3902077969,"Cydonia oblonga",-118.886727,34.392273,2022,8,12,"US","HUMAN_OBSERVATION","Cydonia oblonga"
3958632777,"Cydonia oblonga",-117.580476,34.414009,2020,8,15,"US","HUMAN_OBSERVATION","Cydonia oblonga"
3958333105,"Cydonia oblonga",-117.298005,34.394863,2021,4,29,"US","HUMAN_OBSERVATION","Cydonia oblonga"
3959802753,"Cydonia oblonga",-118.311069,34.271195,2021,5,14,"US","HUMAN_OBSERVATION","Cydonia oblonga"
2975266136,"Cydonia oblonga",-118.844859,34.203281,2020,5,15,"US","HUMAN_OBSERVATION","Cydonia oblonga"
2648259807,"Cydonia oblonga",-118.554139,34.176445,2019,5,13,"US","HUMAN_OBSERVATION","Cydonia oblonga"
3957862148,"Cydonia oblonga",-118.132851,34.197083,2020,5,20,"US","HUMAN_OBSERVATION","Cydonia oblonga"
3958822705,"Cydonia oblonga",-118.738865,34.150443,2020,6,9,"US","HUMAN_OBSERVATION","Cydonia oblonga"
2977252533,"Cydonia oblonga",-117.941838,34.145677,2020,8,2,"US","HUMAN_OBSERVATION","Cydonia oblonga"
3951988360,"Cydonia oblonga",-117.89259,34.143614,2020,6,6,"US","HUMAN_OBSERVATION","Cydonia oblonga"
3951683451,"Cydonia oblonga",-118.592778,34.11098,2021,7,11,"US","HUMAN_OBSERVATION","Cydonia oblonga"
3959376827,"Cydonia oblonga",-118.471403,34.086228,2021,7,20,"US","HUMAN_OBSERVATION","Cydonia oblonga"
3953908273,"Cydonia oblonga",-118.398934,34.097898,2020,8,7,"US","HUMAN_OBSERVATION","Cydonia oblonga"
3955679226,"Cydonia oblonga",-118.276581,34.094303,2020,7,5,"US","HUMAN_OBSERVATION","Cydonia oblonga"
3954680543,"Cydonia oblonga",-117.718158,34.084923,2022,6,6,"US","HUMAN_OBSERVATION","Cydonia oblonga"
2422536748,"Cydonia oblonga",-117.53819,34.09139,2015,8,4,"US","PRESERVED_SPECIMEN","Cydonia oblonga"
3999027068,"Cydonia oblonga",-117.285757,34.124115,2022,10,4,"US","HUMAN_OBSERVATION","Cydonia oblonga"
3960258598,"Cydonia oblonga",-116.997223,34.049894,2022,7,22,"US","HUMAN_OBSERVATION","Cydonia oblonga"
3955432821,"Cydonia oblonga",-118.456374,34.003212,2021,6,20,"US","HUMAN_OBSERVATION","Cydonia oblonga"
3902681453,"Cydonia oblonga",-116.942292,34.040928,2022,8,20,"US","HUMAN_OBSERVATION","Cydonia oblonga"
3954285697,"Cydonia oblonga",-117.730773,33.980439,2022,4,2,"US","HUMAN_OBSERVATION","Cydonia oblonga"
2648626127,"Cydonia oblonga",-117.363319,33.981495,2019,8,1,"US","HUMAN_OBSERVATION","Cydonia oblonga"
3959847580,"Cydonia oblonga",-117.274422,33.987285,2021,8,30,"US","HUMAN_OBSERVATION","Cydonia oblonga"
2975164560,"Cydonia oblonga",-117.91152,33.882949,2020,5,19,"US","HUMAN_OBSERVATION","Cydonia oblonga"
2430477751,"Cydonia oblonga",-117.590556,33.904444,2010,4,13,"US","PRESERVED_SPECIMEN","Cydonia oblonga"
3117849031,"Cydonia oblonga",-118.311493,33.8699,2021,5,16,"US","HUMAN_OBSERVATION","Cydonia oblonga"
3958747784,"Cydonia oblonga",-117.585502,33.855349,2020,7,22,"US","HUMAN_OBSERVATION","Cydonia oblonga"
3952298407,"Cydonia oblonga",-117.947123,33.793784,2020,5,12,"US","HUMAN_OBSERVATION","Cydonia oblonga"
3955151883,"Cydonia oblonga",-118.386016,33.763008,2021,5,6,"US","HUMAN_OBSERVATION","Cydonia oblonga"
3957389528,"Cydonia oblonga",-117.799567,33.784236,2020,7,21,"US","HUMAN_OBSERVATION","Cydonia oblonga"
3956540787,"Cydonia oblonga",-117.349483,33.785195,2017,7,20,"US","HUMAN_OBSERVATION","Cydonia oblonga"
3067728800,"Cydonia oblonga",-117.2233,33.763885,2021,3,20,"US","HUMAN_OBSERVATION","Cydonia oblonga"
3999140152,"Cydonia oblonga",-117.959005,33.719504,2022,9,15,"US","HUMAN_OBSERVATION","Cydonia oblonga"
2644734100,"Cydonia oblonga",-117.182949,33.686614,2019,4,20,"US","HUMAN_OBSERVATION","Cydonia oblonga"
3998891172,"Cydonia oblonga",-117.684446,33.656825,2022,5,26,"US","HUMAN_OBSERVATION","Cydonia oblonga"
3747275621,"Cydonia oblonga",-117.51703,33.588005,2022,3,20,"US","HUMAN_OBSERVATION","Cydonia oblonga"
3998050063,"Cydonia oblonga",-117.25256,33.580542,2022,8,21,"US","HUMAN_OBSERVATION","Cydonia oblonga"
3949856918,"Cydonia oblonga",-117.321043,33.230833,2022,5,20,"US","HUMAN_OBSERVATION","Cydonia oblonga"
2648049398,"Cydonia oblonga",-117.099047,33.163236,2019,4,12,"US","HUMAN_OBSERVATION","Cydonia oblonga"
3957238485,"Cydonia oblonga",-117.290415,33.063195,2019,10,15,"US","HUMAN_OBSERVATION","Cydonia oblonga"
2596116421,"Cydonia oblonga",-117.11008,32.976712,2020,3,28,"US","HUMAN_OBSERVATION","Cydonia oblonga"
3302178978,"Cydonia oblonga",-117.226189,32.854145,2021,6,1,"US","HUMAN_OBSERVATION","Cydonia oblonga"
3031605673,"Cydonia oblonga",-116.760025,32.714089,2020,4,29,"US","HUMAN_OBSERVATION","Cydonia oblonga"
3952171597,"Cydonia oblonga",-117.034717,32.703696,2019,8,7,"US","HUMAN_OBSERVATION","Cydonia oblonga"
3784733972,"Cydonia oblonga",-116.670677,32.565725,2022,5,15,"MX","HUMAN_OBSERVATION","Cydonia oblonga"
3773011807,"Cydonia oblonga",-116.678495,31.876342,2022,4,29,"MX","HUMAN_OBSERVATION","Cydonia oblonga"
3109138392,"Cydonia oblonga",-106.766033,31.658059,2021,4,27,"MX","HUMAN_OBSERVATION","Cydonia oblonga"
2988470307,"Cydonia oblonga",-111.049321,31.569003,2016,8,20,"US","HUMAN_OBSERVATION","Cydonia oblonga"
2988350533,"Cydonia oblonga",-109.914025,31.445945,2020,6,25,"US","HUMAN_OBSERVATION","Cydonia oblonga"
2988515710,"Cydonia oblonga",-110.923567,30.727742,2020,9,27,"MX","HUMAN_OBSERVATION","Cydonia oblonga"
2611322377,"Cydonia oblonga",-111.793521,29.928538,2019,5,6,"MX","HUMAN_OBSERVATION","Cydonia oblonga"
1897942221,"Cydonia oblonga",-103.082778,22.763056,2013,4,1,"MX","PRESERVED_SPECIMEN","Cydonia oblonga"
1897942266,"Cydonia oblonga",-103.124167,22.613611,2002,8,2,"MX","PRESERVED_SPECIMEN","Cydonia oblonga"
3113675492,"Cydonia oblonga",-101.086059,22.270815,2021,5,7,"MX","HUMAN_OBSERVATION","Cydonia oblonga"
3039197834,"Cydonia oblonga",-101.854407,22.236546,2020,8,10,"MX","HUMAN_OBSERVATION","Cydonia oblonga"
2238988364,"Cydonia oblonga",-100.898157,22.211559,2019,4,29,"MX","HUMAN_OBSERVATION","Cydonia oblonga"
2269288563,"Cydonia oblonga",-102.424874,22.173322,2019,6,15,"MX","HUMAN_OBSERVATION","Cydonia oblonga"
3912327011,"Cydonia oblonga",-102.517778,21.778056,2022,7,29,"MX","HUMAN_OBSERVATION","Cydonia oblonga"
2269214756,"Cydonia oblonga",-100.94334,21.147399,2019,5,4,"MX","HUMAN_OBSERVATION","Cydonia oblonga"
3747329644,"Cydonia oblonga",-103.366794,20.782744,2022,3,19,"MX","HUMAN_OBSERVATION","Cydonia oblonga"
1562930107,"Cydonia oblonga",-99.99022,20.414284,2017,5,13,"MX","HUMAN_OBSERVATION","Cydonia oblonga"
3308070287,"Cydonia oblonga",-97.608,19.84,2005,1,13,"MX","PRESERVED_SPECIMEN","Cydonia oblonga"
3308684220,"Cydonia oblonga",-97.55889,19.84194,2005,3,24,"MX","PRESERVED_SPECIMEN","Cydonia oblonga"
3112318074,"Cydonia oblonga",-100.546488,19.691543,2021,5,1,"MX","HUMAN_OBSERVATION","Cydonia oblonga"
