"gbifID","species","longitude","latitude","year","month","day","countryCode","accepted_name"
2596057225,"Aulospermum panamintense",-116.968361,36.83585,2020,3,19,"US","Cymopterus panamintensis"
2576433063,"Aulospermum panamintense",-117.195214,36.266139,2020,2,22,"US","Cymopterus panamintensis"
2430443281,"Aulospermum panamintense",-116.00848,35.50014,2011,5,14,"US","Cymopterus panamintensis"
2430507503,"Aulospermum panamintense",-116.20544,35.24051,2011,4,3,"US","Cymopterus panamintensis"
2430074101,"Aulospermum panamintense",-116.910208,35.136958,2001,5,16,"US","Cymopterus panamintensis"
2422523077,"Aulospermum panamintense",-116.81081,34.802,2014,2,21,"US","Cymopterus panamintensis"
2430211043,"Aulospermum panamintense",-116.71156,34.79779,2014,3,7,"US","Cymopterus panamintensis"
2603475250,"Aulospermum panamintense",-114.324389,34.346853,2020,4,2,"US","Cymopterus panamintensis"
2422518778,"Aulospermum panamintense",-116.57556,34.30028,2014,4,26,"US","Cymopterus panamintensis"
2430439957,"Aulospermum panamintense",-116.57837,34.22169,2016,5,12,"US","Cymopterus panamintensis"
2422522251,"Aulospermum panamintense",-116.4715,34.22636,2015,4,3,"US","Cymopterus panamintensis"
