"gbifID","species","longitude","latitude","year","month","day","countryCode","accepted_name","mean"
2596057225,"Aulospermum panamintense",-116.968361,36.83585,2020,3,19,"US","Cymopterus panamintensis",14.0243453979492
2576433063,"Aulospermum panamintense",-117.195214,36.266139,2020,2,22,"US","Cymopterus panamintensis",14.6706256866455
2430443281,"Aulospermum panamintense",-116.00848,35.50014,2011,5,14,"US","Cymopterus panamintensis",19.6156311035156
3947118540,"Aulospermum panamintense",-115.572067,35.536553,2022,4,21,"US","Cymopterus panamintensis",13.3858623504639
3827653329,"Aulospermum panamintense",-117.71925,35.32439,2014,4,14,"US","Cymopterus panamintensis",16.8360748291016
2430507503,"Aulospermum panamintense",-116.20544,35.24051,2011,4,3,"US","Cymopterus panamintensis",21.0591297149658
2430074101,"Aulospermum panamintense",-116.910208,35.136958,2001,5,16,"US","Cymopterus panamintensis",18.558141708374
2422523077,"Aulospermum panamintense",-116.81081,34.802,2014,2,21,"US","Cymopterus panamintensis",18.6436004638672
2430211043,"Aulospermum panamintense",-116.71156,34.79779,2014,3,7,"US","Cymopterus panamintensis",18.8793754577637
3872292308,"Aulospermum panamintense",-116.5475,34.58394,2015,4,20,"US","Cymopterus panamintensis",17.5386524200439
2603475250,"Aulospermum panamintense",-114.324389,34.346853,2020,4,2,"US","Cymopterus panamintensis",22.8222160339355
2422518778,"Aulospermum panamintense",-116.57556,34.30028,2014,4,26,"US","Cymopterus panamintensis",16.1188449859619
2430439957,"Aulospermum panamintense",-116.57837,34.22169,2016,5,12,"US","Cymopterus panamintensis",14.8955202102661
2422522251,"Aulospermum panamintense",-116.4715,34.22636,2015,4,3,"US","Cymopterus panamintensis",16.6882057189941
