"gbifID","species","longitude","latitude","year","month","day","countryCode","accepted_name"
2869128544,"Falcaria vulgaris",-102.344492,43.964056,2009,7,9,"US","Falcaria vulgaris"
176948400,"Falcaria vulgaris",-96.1263,42.0267,2005,8,16,"US","Falcaria vulgaris"
1930831287,"Falcaria vulgaris",-111.820556,40.733889,2002,7,4,"US","Falcaria vulgaris"
1986955557,"Falcaria vulgaris",-111.820556,40.733889,2002,7,4,"US","Falcaria vulgaris"
1928371052,"Falcaria vulgaris",-111.819722,40.733333,2001,6,24,"US","Falcaria vulgaris"
