"gbifID","species","longitude","latitude","year","month","day","countryCode","basisOfRecord","accepted_name"
4430535346,"Fraxinus anomala",-109.301233,40.440544,2023,9,25,"US","HUMAN_OBSERVATION","Fraxinus anomala"
4946293079,"Fraxinus anomala",-109.276863,40.443458,2024,7,7,"US","HUMAN_OBSERVATION","Fraxinus anomala"
4936994918,"Fraxinus anomala",-109.189553,40.419155,2024,8,17,"US","HUMAN_OBSERVATION","Fraxinus anomala"
4404865840,"Fraxinus anomala",-109.258167,40.337,2005,6,8,"US","PRESERVED_SPECIMEN","Fraxinus anomala"
4929623333,"Fraxinus anomala",-109.869927,39.829562,2022,5,24,"US","PRESERVED_SPECIMEN","Fraxinus anomala"
4987394067,"Fraxinus anomala",-111.337192,39.469677,2024,11,18,"US","HUMAN_OBSERVATION","Fraxinus anomala"
4929623311,"Fraxinus anomala",-110.027648,39.496077,2022,5,28,"US","PRESERVED_SPECIMEN","Fraxinus anomala"
1927857131,"Fraxinus anomala",-110.0667,39.4473,2000,6,5,"US","PRESERVED_SPECIMEN","Fraxinus anomala"
1928409277,"Fraxinus anomala",-108.0629,39.3362,2011,5,26,"US","PRESERVED_SPECIMEN","Fraxinus anomala"
3302228248,"Fraxinus anomala",-110.235265,39.245758,2021,5,31,"US","HUMAN_OBSERVATION","Fraxinus anomala"
4424114287,"Fraxinus anomala",-110.899278,39.186867,2023,10,8,"US","HUMAN_OBSERVATION","Fraxinus anomala"
4912111980,"Fraxinus anomala",-110.47864,39.17837,2019,5,17,"US","PRESERVED_SPECIMEN","Fraxinus anomala"
3892412321,"Fraxinus anomala",-109.020256,39.167564,2014,5,8,"US","HUMAN_OBSERVATION","Fraxinus anomala"
3783620882,"Fraxinus anomala",-108.983117,39.168183,2020,7,8,"US","PRESERVED_SPECIMEN","Fraxinus anomala"
2294531369,"Fraxinus anomala",-108.956927,39.169472,2019,6,23,"US","HUMAN_OBSERVATION","Fraxinus anomala"
4936062863,"Fraxinus anomala",-108.799637,39.172841,2019,6,4,"US","HUMAN_OBSERVATION","Fraxinus anomala"
4912162589,"Fraxinus anomala",-108.1699,39.1925,2011,5,24,"US","PRESERVED_SPECIMEN","Fraxinus anomala"
4091941548,"Fraxinus anomala",-108.137742,39.203167,2018,5,2,"US","HUMAN_OBSERVATION","Fraxinus anomala"
4443251329,"Fraxinus anomala",-110.715556,39.147222,2010,5,6,"US","PRESERVED_SPECIMEN","Fraxinus anomala"
3903139177,"Fraxinus anomala",-110.701,39.136783,2022,9,9,"US","HUMAN_OBSERVATION","Fraxinus anomala"
3892344349,"Fraxinus anomala",-108.830428,39.166153,2021,5,31,"US","HUMAN_OBSERVATION","Fraxinus anomala"
4855049395,"Fraxinus anomala",-108.755317,39.13445,2024,5,2,"US","HUMAN_OBSERVATION","Fraxinus anomala"
4430437570,"Fraxinus anomala",-108.73755,39.149967,2023,6,18,"US","HUMAN_OBSERVATION","Fraxinus anomala"
3902072897,"Fraxinus anomala",-108.357995,39.150517,2022,5,31,"US","HUMAN_OBSERVATION","Fraxinus anomala"
4920408823,"Fraxinus anomala",-110.694103,39.123369,2011,11,4,"US","PRESERVED_SPECIMEN","Fraxinus anomala"
4054729484,"Fraxinus anomala",-110.663149,39.114243,2022,10,16,"US","HUMAN_OBSERVATION","Fraxinus anomala"
4606996136,"Fraxinus anomala",-110.033473,39.099223,2024,4,6,"US","HUMAN_OBSERVATION","Fraxinus anomala"
4420850953,"Fraxinus anomala",-109.861056,39.114697,2023,9,23,"US","HUMAN_OBSERVATION","Fraxinus anomala"
4954540503,"Fraxinus anomala",-108.718201,39.109161,2024,10,13,"US","HUMAN_OBSERVATION","Fraxinus anomala"
2005280821,"Fraxinus anomala",-110.842778,39.073611,2006,5,6,"US","HUMAN_OBSERVATION","Fraxinus anomala"
4973882472,"Fraxinus anomala",-110.634163,39.080417,2024,10,20,"US","HUMAN_OBSERVATION","Fraxinus anomala"
4920415987,"Fraxinus anomala",-110.451389,39.078333,2006,9,6,"US","PRESERVED_SPECIMEN","Fraxinus anomala"
3783625656,"Fraxinus anomala",-108.9237,39.0573,2016,5,16,"US","PRESERVED_SPECIMEN","Fraxinus anomala"
4875298247,"Fraxinus anomala",-108.69209,39.050544,2024,5,24,"US","HUMAN_OBSERVATION","Fraxinus anomala"
3860426755,"Fraxinus anomala",-108.662514,39.061333,2022,5,30,"US","HUMAN_OBSERVATION","Fraxinus anomala"
4127238064,"Fraxinus anomala",-108.601913,39.049195,2023,5,22,"US","HUMAN_OBSERVATION","Fraxinus anomala"
4413998708,"Fraxinus anomala",-110.666667,39.038758,2023,9,8,"US","HUMAN_OBSERVATION","Fraxinus anomala"
4872424232,"Fraxinus anomala",-110.507545,39.018556,2024,5,13,"US","HUMAN_OBSERVATION","Fraxinus anomala"
3070586680,"Fraxinus anomala",-110.380257,39.031403,2019,6,10,"US","HUMAN_OBSERVATION","Fraxinus anomala"
4978457416,"Fraxinus anomala",-108.696084,39.036191,2024,10,14,"US","HUMAN_OBSERVATION","Fraxinus anomala"
4852885654,"Fraxinus anomala",-108.633403,39.03285,2024,4,18,"US","HUMAN_OBSERVATION","Fraxinus anomala"
3355683971,"Fraxinus anomala",-108.606949,39.024966,2021,7,22,"US","HUMAN_OBSERVATION","Fraxinus anomala"
3109070143,"Fraxinus anomala",-110.3741,38.970505,2021,4,24,"US","HUMAN_OBSERVATION","Fraxinus anomala"
2545504925,"Fraxinus anomala",-109.573448,38.974327,2013,NA,NA,"US","HUMAN_OBSERVATION","Fraxinus anomala"
4919242999,"Fraxinus anomala",-109.191931,38.995274,2024,7,29,"US","HUMAN_OBSERVATION","Fraxinus anomala"
2242397858,"Fraxinus anomala",-108.6274936,38.9834616,2003,5,21,"US","PRESERVED_SPECIMEN","Fraxinus anomala"
4129689902,"Fraxinus anomala",-108.61972,38.98542,2023,5,22,"US","HUMAN_OBSERVATION","Fraxinus anomala"
3860037560,"Fraxinus anomala",-110.431122,38.921197,2022,6,20,"US","HUMAN_OBSERVATION","Fraxinus anomala"
2005277418,"Fraxinus anomala",-110.457603,38.907527,2017,5,12,"US","HUMAN_OBSERVATION","Fraxinus anomala"
3416212382,"Fraxinus anomala",-110.364489,38.864425,2021,10,7,"US","HUMAN_OBSERVATION","Fraxinus anomala"
1930787254,"Fraxinus anomala",-110.217867,38.846467,2001,5,18,"US","PRESERVED_SPECIMEN","Fraxinus anomala"
2331908690,"Fraxinus anomala",-109.515962,38.873395,2019,8,4,"US","HUMAN_OBSERVATION","Fraxinus anomala"
4166231419,"Fraxinus anomala",-108.3701,38.8497,2011,5,12,"US","PRESERVED_SPECIMEN","Fraxinus anomala"
4028616417,"Fraxinus anomala",-110.431183,38.830631,2021,6,2,"US","HUMAN_OBSERVATION","Fraxinus anomala"
3302390952,"Fraxinus anomala",-110.279999,38.799999,2021,6,3,"US","HUMAN_OBSERVATION","Fraxinus anomala"
4954428860,"Fraxinus anomala",-109.674963,38.792275,2023,10,25,"US","HUMAN_OBSERVATION","Fraxinus anomala"
4952435193,"Fraxinus anomala",-109.608863,38.793358,2024,9,29,"US","HUMAN_OBSERVATION","Fraxinus anomala"
4420762779,"Fraxinus anomala",-109.512318,38.828747,2023,9,23,"US","HUMAN_OBSERVATION","Fraxinus anomala"
4855293292,"Fraxinus anomala",-109.312137,38.802252,2024,4,17,"US","HUMAN_OBSERVATION","Fraxinus anomala"
4458559951,"Fraxinus anomala",-109.287172,38.805311,2022,6,21,"US","HUMAN_OBSERVATION","Fraxinus anomala"
4875199086,"Fraxinus anomala",-109.245781,38.815394,2024,5,26,"US","HUMAN_OBSERVATION","Fraxinus anomala"
3874079414,"Fraxinus anomala",-109.176262,38.793155,2022,7,13,"US","HUMAN_OBSERVATION","Fraxinus anomala"
2270572660,"Fraxinus anomala",-109.865148,38.768241,2013,5,6,"US","PRESERVED_SPECIMEN","Fraxinus anomala"
4945780226,"Fraxinus anomala",-109.675522,38.791088,2024,8,1,"US","HUMAN_OBSERVATION","Fraxinus anomala"
4855378450,"Fraxinus anomala",-109.60001,38.787399,2024,4,28,"US","HUMAN_OBSERVATION","Fraxinus anomala"
4597425253,"Fraxinus anomala",-109.578812,38.770588,2024,3,12,"US","HUMAN_OBSERVATION","Fraxinus anomala"
4436329128,"Fraxinus anomala",-108.47615,38.780728,2023,6,17,"US","HUMAN_OBSERVATION","Fraxinus anomala"
1890038466,"Fraxinus anomala",-108.267045,38.779681,2016,4,24,"US","HUMAN_OBSERVATION","Fraxinus anomala"
4920418890,"Fraxinus anomala",-110.097467,38.715417,2011,11,4,"US","PRESERVED_SPECIMEN","Fraxinus anomala"
4936411826,"Fraxinus anomala",-109.728487,38.710033,2023,9,17,"US","HUMAN_OBSERVATION","Fraxinus anomala"
4127047975,"Fraxinus anomala",-109.592514,38.733081,2023,3,24,"US","HUMAN_OBSERVATION","Fraxinus anomala"
4937248452,"Fraxinus anomala",-109.564439,38.742489,2024,4,19,"US","HUMAN_OBSERVATION","Fraxinus anomala"
4872613783,"Fraxinus anomala",-109.509963,38.740467,2024,5,26,"US","HUMAN_OBSERVATION","Fraxinus anomala"
4952273752,"Fraxinus anomala",-109.498697,38.737937,2024,9,29,"US","HUMAN_OBSERVATION","Fraxinus anomala"
4994448811,"Fraxinus anomala",-109.301789,38.719672,2024,11,1,"US","HUMAN_OBSERVATION","Fraxinus anomala"
2242381489,"Fraxinus anomala",-108.990017,38.711435,2007,5,5,"US","PRESERVED_SPECIMEN","Fraxinus anomala"
2283018516,"Fraxinus anomala",-108.901387,38.726122,2019,5,18,"US","HUMAN_OBSERVATION","Fraxinus anomala"
4902249572,"Fraxinus anomala",-110.686,38.667,2006,6,22,"US","PRESERVED_SPECIMEN","Fraxinus anomala"
2005277422,"Fraxinus anomala",-110.591175,38.686838,2017,5,22,"US","HUMAN_OBSERVATION","Fraxinus anomala"
2005277421,"Fraxinus anomala",-110.568298,38.705675,2017,5,26,"US","HUMAN_OBSERVATION","Fraxinus anomala"
4920417280,"Fraxinus anomala",-110.093611,38.6975,2006,9,6,"US","PRESERVED_SPECIMEN","Fraxinus anomala"
3090926405,"Fraxinus anomala",-110.003767,38.699733,2021,4,9,"US","HUMAN_OBSERVATION","Fraxinus anomala"
2252015657,"Fraxinus anomala",-109.709984,38.695108,2019,6,2,"US","HUMAN_OBSERVATION","Fraxinus anomala"
3415901094,"Fraxinus anomala",-109.691422,38.693663,2021,11,7,"US","HUMAN_OBSERVATION","Fraxinus anomala"
4133897441,"Fraxinus anomala",-109.642662,38.673401,2023,5,20,"US","HUMAN_OBSERVATION","Fraxinus anomala"
3124621303,"Fraxinus anomala",-109.618386,38.698804,2016,4,5,"US","HUMAN_OBSERVATION","Fraxinus anomala"
4908523532,"Fraxinus anomala",-109.566519,38.701501,2024,6,11,"US","HUMAN_OBSERVATION","Fraxinus anomala"
4936192093,"Fraxinus anomala",-109.534728,38.686058,2024,2,22,"US","HUMAN_OBSERVATION","Fraxinus anomala"
4980393259,"Fraxinus anomala",-109.314436,38.705871,2024,11,7,"US","HUMAN_OBSERVATION","Fraxinus anomala"
4926374576,"Fraxinus anomala",-109.252639,38.695749,2024,8,15,"US","HUMAN_OBSERVATION","Fraxinus anomala"
2573526589,"Fraxinus anomala",-108.32751,38.66891,2011,5,27,"US","PRESERVED_SPECIMEN","Fraxinus anomala"
4166231416,"Fraxinus anomala",-107.8639,38.6823,2010,7,2,"US","PRESERVED_SPECIMEN","Fraxinus anomala"
4937005446,"Fraxinus anomala",-110.680337,38.665178,2024,8,31,"US","HUMAN_OBSERVATION","Fraxinus anomala"
4420693327,"Fraxinus anomala",-110.078077,38.644919,2019,5,23,"US","HUMAN_OBSERVATION","Fraxinus anomala"
3090891547,"Fraxinus anomala",-109.814091,38.625288,2021,4,11,"US","HUMAN_OBSERVATION","Fraxinus anomala"
2238895615,"Fraxinus anomala",-109.732887,38.648547,2019,4,20,"US","HUMAN_OBSERVATION","Fraxinus anomala"
4855557357,"Fraxinus anomala",-109.600778,38.632388,2024,5,5,"US","HUMAN_OBSERVATION","Fraxinus anomala"
4912163604,"Fraxinus anomala",-108.34718,38.6597,2012,5,2,"US","PRESERVED_SPECIMEN","Fraxinus anomala"
4166230863,"Fraxinus anomala",-108.196,38.6395,2010,6,5,"US","PRESERVED_SPECIMEN","Fraxinus anomala"
4982098175,"Fraxinus anomala",-110.806983,38.589245,2024,11,10,"US","HUMAN_OBSERVATION","Fraxinus anomala"
4982111617,"Fraxinus anomala",-110.084511,38.583912,2024,10,26,"US","HUMAN_OBSERVATION","Fraxinus anomala"
2251875175,"Fraxinus anomala",-109.9938,38.584823,2019,5,18,"US","HUMAN_OBSERVATION","Fraxinus anomala"
4453992655,"Fraxinus anomala",-109.716972,38.620176,2012,6,19,"US","HUMAN_OBSERVATION","Fraxinus anomala"
2984408965,"Fraxinus anomala",-109.66018,38.612678,2020,10,8,"US","HUMAN_OBSERVATION","Fraxinus anomala"
3773622543,"Fraxinus anomala",-109.605645,38.624012,2022,5,8,"US","HUMAN_OBSERVATION","Fraxinus anomala"
4607559828,"Fraxinus anomala",-109.531845,38.588413,2024,3,31,"US","HUMAN_OBSERVATION","Fraxinus anomala"
2573474709,"Fraxinus anomala",-107.78693,38.59156,2003,6,27,"US","PRESERVED_SPECIMEN","Fraxinus anomala"
3343893550,"Fraxinus anomala",-107.711295,38.58869,2021,7,6,"US","HUMAN_OBSERVATION","Fraxinus anomala"
4855009163,"Fraxinus anomala",-110.92118,38.578867,2024,4,24,"US","HUMAN_OBSERVATION","Fraxinus anomala"
4458359966,"Fraxinus anomala",-110.749889,38.565118,2023,6,3,"US","HUMAN_OBSERVATION","Fraxinus anomala"
1949985546,"Fraxinus anomala",-109.812791,38.578251,2018,5,24,"US","HUMAN_OBSERVATION","Fraxinus anomala"
3333064462,"Fraxinus anomala",-109.690419,38.558319,2021,5,28,"US","HUMAN_OBSERVATION","Fraxinus anomala"
1837773918,"Fraxinus anomala",-109.635835,38.579965,2018,4,4,"US","HUMAN_OBSERVATION","Fraxinus anomala"
4854907683,"Fraxinus anomala",-109.620058,38.579914,2024,4,14,"US","HUMAN_OBSERVATION","Fraxinus anomala"
4953212128,"Fraxinus anomala",-109.582445,38.557532,2024,10,7,"US","HUMAN_OBSERVATION","Fraxinus anomala"
4421181421,"Fraxinus anomala",-109.515188,38.562338,2023,6,27,"US","HUMAN_OBSERVATION","Fraxinus anomala"
4954766397,"Fraxinus anomala",-109.466592,38.554675,2024,10,8,"US","HUMAN_OBSERVATION","Fraxinus anomala"
1927803494,"Fraxinus anomala",-109.425598,38.57325,2000,5,3,"US","PRESERVED_SPECIMEN","Fraxinus anomala"
1883461325,"Fraxinus anomala",-108.94409,38.549669,2018,5,27,"US","HUMAN_OBSERVATION","Fraxinus anomala"
4900925303,"Fraxinus anomala",-107.722776,38.577074,2024,6,15,"US","HUMAN_OBSERVATION","Fraxinus anomala"
2573468701,"Fraxinus anomala",-107.69016,38.56062,2003,5,17,"US","PRESERVED_SPECIMEN","Fraxinus anomala"
4430447509,"Fraxinus anomala",-114.928227,38.525463,2023,6,15,"US","HUMAN_OBSERVATION","Fraxinus anomala"
4138665172,"Fraxinus anomala",-114.910583,38.515687,2023,6,15,"US","HUMAN_OBSERVATION","Fraxinus anomala"
4522811665,"Fraxinus anomala",-110.451331,38.513403,2023,10,13,"US","HUMAN_OBSERVATION","Fraxinus anomala"
4120887846,"Fraxinus anomala",-109.791887,38.501305,2023,5,14,"US","HUMAN_OBSERVATION","Fraxinus anomala"
4863795645,"Fraxinus anomala",-109.588805,38.506713,2024,4,27,"US","HUMAN_OBSERVATION","Fraxinus anomala"
3925026718,"Fraxinus anomala",-109.522507,38.530949,2022,10,3,"US","HUMAN_OBSERVATION","Fraxinus anomala"
3858209248,"Fraxinus anomala",-108.89875,38.541397,2022,5,26,"US","HUMAN_OBSERVATION","Fraxinus anomala"
3320995307,"Fraxinus anomala",-110.419931,38.499511,2021,6,20,"US","HUMAN_OBSERVATION","Fraxinus anomala"
4133899443,"Fraxinus anomala",-110.200117,38.47101,2023,5,27,"US","HUMAN_OBSERVATION","Fraxinus anomala"
3947555737,"Fraxinus anomala",-109.927361,38.460347,2022,10,8,"US","HUMAN_OBSERVATION","Fraxinus anomala"
4863690786,"Fraxinus anomala",-109.820316,38.459703,2024,5,6,"US","HUMAN_OBSERVATION","Fraxinus anomala"
4974113870,"Fraxinus anomala",-109.77482,38.496538,2024,9,13,"US","HUMAN_OBSERVATION","Fraxinus anomala"
4936133432,"Fraxinus anomala",-109.739975,38.471139,2024,4,19,"US","HUMAN_OBSERVATION","Fraxinus anomala"
4936273946,"Fraxinus anomala",-109.933839,38.429744,2024,4,20,"US","HUMAN_OBSERVATION","Fraxinus anomala"
3302503650,"Fraxinus anomala",-109.915575,38.429908,2021,6,10,"US","HUMAN_OBSERVATION","Fraxinus anomala"
4952428666,"Fraxinus anomala",-109.841094,38.442581,2024,10,6,"US","HUMAN_OBSERVATION","Fraxinus anomala"
4153999985,"Fraxinus anomala",-109.82463,38.4459,2023,6,25,"US","HUMAN_OBSERVATION","Fraxinus anomala"
4424670443,"Fraxinus anomala",-109.759772,38.434547,2023,9,26,"US","HUMAN_OBSERVATION","Fraxinus anomala"
3947841783,"Fraxinus anomala",-109.550103,38.425312,2022,10,24,"US","HUMAN_OBSERVATION","Fraxinus anomala"
4165624693,"Fraxinus anomala",-109.437425,38.424088,2023,6,25,"US","HUMAN_OBSERVATION","Fraxinus anomala"
3307328508,"Fraxinus anomala",-111.046796,38.402217,2021,6,13,"US","HUMAN_OBSERVATION","Fraxinus anomala"
4872138359,"Fraxinus anomala",-109.899156,38.406258,2020,8,4,"US","HUMAN_OBSERVATION","Fraxinus anomala"
4863522519,"Fraxinus anomala",-109.863578,38.388387,2024,4,29,"US","HUMAN_OBSERVATION","Fraxinus anomala"
4982220547,"Fraxinus anomala",-109.816723,38.416274,2024,11,9,"US","HUMAN_OBSERVATION","Fraxinus anomala"
4458616973,"Fraxinus anomala",-109.451458,38.39379,2023,6,25,"US","HUMAN_OBSERVATION","Fraxinus anomala"
1843914472,"Fraxinus anomala",-108.717,38.38493,2004,5,16,"US","PRESERVED_SPECIMEN","Fraxinus anomala"
4909100847,"Fraxinus anomala",-110.895186,38.366578,2024,6,12,"US","HUMAN_OBSERVATION","Fraxinus anomala"
3873724625,"Fraxinus anomala",-110.027681,38.367686,2022,4,25,"US","HUMAN_OBSERVATION","Fraxinus anomala"
4138076195,"Fraxinus anomala",-109.888344,38.343384,2023,6,17,"US","HUMAN_OBSERVATION","Fraxinus anomala"
4908268011,"Fraxinus anomala",-109.868761,38.374458,2024,6,10,"US","HUMAN_OBSERVATION","Fraxinus anomala"
4596944656,"Fraxinus anomala",-109.954206,38.293909,2024,3,10,"US","HUMAN_OBSERVATION","Fraxinus anomala"
3307446357,"Fraxinus anomala",-109.894777,38.294396,2020,6,25,"US","HUMAN_OBSERVATION","Fraxinus anomala"
4874987344,"Fraxinus anomala",-109.857208,38.309928,2024,5,27,"US","HUMAN_OBSERVATION","Fraxinus anomala"
4855352479,"Fraxinus anomala",-111.273972,38.29023,2024,5,1,"US","HUMAN_OBSERVATION","Fraxinus anomala"
4597418256,"Fraxinus anomala",-111.229039,38.290597,2024,3,12,"US","HUMAN_OBSERVATION","Fraxinus anomala"
4863523205,"Fraxinus anomala",-111.195305,38.27808,2024,5,12,"US","HUMAN_OBSERVATION","Fraxinus anomala"
2545502021,"Fraxinus anomala",-110.990326,38.26123,2011,NA,NA,"US","HUMAN_OBSERVATION","Fraxinus anomala"
4421186655,"Fraxinus anomala",-109.863495,38.253455,2023,9,27,"US","HUMAN_OBSERVATION","Fraxinus anomala"
4974197454,"Fraxinus anomala",-109.696899,38.259613,2024,10,21,"US","HUMAN_OBSERVATION","Fraxinus anomala"
4133625534,"Fraxinus anomala",-109.371761,38.273336,2023,5,26,"US","HUMAN_OBSERVATION","Fraxinus anomala"
4145423528,"Fraxinus anomala",-111.168013,38.209483,2023,6,25,"US","HUMAN_OBSERVATION","Fraxinus anomala"
3860120612,"Fraxinus anomala",-111.165017,38.210358,2022,6,11,"US","HUMAN_OBSERVATION","Fraxinus anomala"
2898286007,"Fraxinus anomala",-110.13329,38.23402,2020,10,9,"US","HUMAN_OBSERVATION","Fraxinus anomala"
4011712582,"Fraxinus anomala",-109.981833,38.224505,2022,10,11,"US","HUMAN_OBSERVATION","Fraxinus anomala"
4400379648,"Fraxinus anomala",-109.902535,38.212758,2023,8,18,"US","HUMAN_OBSERVATION","Fraxinus anomala"
4980449733,"Fraxinus anomala",-111.172897,38.185738,2024,10,26,"US","HUMAN_OBSERVATION","Fraxinus anomala"
3325714178,"Fraxinus anomala",-111.150999,38.181985,2021,6,26,"US","HUMAN_OBSERVATION","Fraxinus anomala"
4954635500,"Fraxinus anomala",-109.863411,38.185841,2024,10,13,"US","HUMAN_OBSERVATION","Fraxinus anomala"
4102693585,"Fraxinus anomala",-109.814816,38.18307,2023,4,24,"US","HUMAN_OBSERVATION","Fraxinus anomala"
4165505101,"Fraxinus anomala",-109.759446,38.16817,2023,7,22,"US","HUMAN_OBSERVATION","Fraxinus anomala"
4465596697,"Fraxinus anomala",-109.671178,38.206099,2022,7,1,"US","HUMAN_OBSERVATION","Fraxinus anomala"
4904308513,"Fraxinus anomala",-111.105605,38.164831,2023,7,3,"US","HUMAN_OBSERVATION","Fraxinus anomala"
2429248580,"Fraxinus anomala",-109.947571,38.159721,2019,9,12,"US","HUMAN_OBSERVATION","Fraxinus anomala"
4851954916,"Fraxinus anomala",-109.833778,38.144939,2024,4,12,"US","HUMAN_OBSERVATION","Fraxinus anomala"
4138507071,"Fraxinus anomala",-109.827399,38.141444,2023,6,19,"US","HUMAN_OBSERVATION","Fraxinus anomala"
4453912035,"Fraxinus anomala",-109.754131,38.156386,2023,11,23,"US","HUMAN_OBSERVATION","Fraxinus anomala"
4901461323,"Fraxinus anomala",-109.690298,38.148495,2024,4,18,"US","HUMAN_OBSERVATION","Fraxinus anomala"
2283078627,"Fraxinus anomala",-111.144182,38.085585,2019,6,22,"US","HUMAN_OBSERVATION","Fraxinus anomala"
4400408686,"Fraxinus anomala",-109.88008,38.098392,2023,8,16,"US","HUMAN_OBSERVATION","Fraxinus anomala"
4952305771,"Fraxinus anomala",-109.838503,38.123764,2024,10,1,"US","HUMAN_OBSERVATION","Fraxinus anomala"
3760164838,"Fraxinus anomala",-109.80111,38.107843,2022,4,3,"US","HUMAN_OBSERVATION","Fraxinus anomala"
3097193368,"Fraxinus anomala",-109.776226,38.120191,2021,4,20,"US","HUMAN_OBSERVATION","Fraxinus anomala"
4978477688,"Fraxinus anomala",-109.575295,38.10207,2024,10,26,"US","HUMAN_OBSERVATION","Fraxinus anomala"
4404977325,"Fraxinus anomala",-115.399716,38.06237,2018,6,15,"US","PRESERVED_SPECIMEN","Fraxinus anomala"
1928351791,"Fraxinus anomala",-115.0057,38.0624,2005,5,23,"US","PRESERVED_SPECIMEN","Fraxinus anomala"
4929776893,"Fraxinus anomala",-114.995861,38.069361,2005,5,23,"US","PRESERVED_SPECIMEN","Fraxinus anomala"
4976230164,"Fraxinus anomala",-110.69,38.08,2021,9,24,"US","HUMAN_OBSERVATION","Fraxinus anomala"
3091247477,"Fraxinus anomala",-110.1642242,38.0500239,2003,5,30,"US","PRESERVED_SPECIMEN","Fraxinus anomala"
2429343963,"Fraxinus anomala",-109.691884,38.059632,2019,10,1,"US","HUMAN_OBSERVATION","Fraxinus anomala"
3302478953,"Fraxinus anomala",-115.352778,38.04,2021,6,5,"US","HUMAN_OBSERVATION","Fraxinus anomala"
4404865554,"Fraxinus anomala",-115.085253,38.006434,2001,7,11,"US","PRESERVED_SPECIMEN","Fraxinus anomala"
4901342866,"Fraxinus anomala",-110.536628,37.972583,2024,6,15,"US","HUMAN_OBSERVATION","Fraxinus anomala"
2268953810,"Fraxinus anomala",-115.392532,37.950892,2017,5,29,"US","PRESERVED_SPECIMEN","Fraxinus anomala"
4597122970,"Fraxinus anomala",-109.710964,37.957505,2024,3,11,"US","HUMAN_OBSERVATION","Fraxinus anomala"
4126385906,"Fraxinus anomala",-115.018844,37.896916,2007,6,20,"US","PRESERVED_SPECIMEN","Fraxinus anomala"
4920416791,"Fraxinus anomala",-111.285556,37.879444,2006,9,6,"US","PRESERVED_SPECIMEN","Fraxinus anomala"
4973810935,"Fraxinus anomala",-111.244093,37.902519,2024,10,12,"US","HUMAN_OBSERVATION","Fraxinus anomala"
4863494729,"Fraxinus anomala",-111.060264,37.90667,2024,4,26,"US","HUMAN_OBSERVATION","Fraxinus anomala"
3760233706,"Fraxinus anomala",-110.448762,37.898578,2022,4,20,"US","HUMAN_OBSERVATION","Fraxinus anomala"
4134100489,"Fraxinus anomala",-110.365953,37.890238,2023,6,7,"US","HUMAN_OBSERVATION","Fraxinus anomala"
3302488123,"Fraxinus anomala",-115.040855,37.844265,2021,6,4,"US","HUMAN_OBSERVATION","Fraxinus anomala"
1927977972,"Fraxinus anomala",-111.6364,37.8636,2004,5,5,"US","PRESERVED_SPECIMEN","Fraxinus anomala"
4920409197,"Fraxinus anomala",-111.296008,37.868233,2011,5,23,"US","PRESERVED_SPECIMEN","Fraxinus anomala"
4126695082,"Fraxinus anomala",-111.023279,37.845198,2022,8,27,"US","HUMAN_OBSERVATION","Fraxinus anomala"
1993778789,"Fraxinus anomala",-110.189918,37.858653,2017,4,2,"US","HUMAN_OBSERVATION","Fraxinus anomala"
4440697275,"Fraxinus anomala",-110.115883,37.844508,2023,11,9,"US","HUMAN_OBSERVATION","Fraxinus anomala"
3302305464,"Fraxinus anomala",-115.202026,37.819768,2021,6,5,"US","HUMAN_OBSERVATION","Fraxinus anomala"
4404979940,"Fraxinus anomala",-115.022167,37.807097,2018,6,12,"US","PRESERVED_SPECIMEN","Fraxinus anomala"
4908882847,"Fraxinus anomala",-111.608947,37.824572,2024,5,18,"US","HUMAN_OBSERVATION","Fraxinus anomala"
2802633964,"Fraxinus anomala",-111.418062,37.821712,2020,6,3,"US","HUMAN_OBSERVATION","Fraxinus anomala"
4458370938,"Fraxinus anomala",-111.415201,37.812803,2023,6,27,"US","HUMAN_OBSERVATION","Fraxinus anomala"
4851979918,"Fraxinus anomala",-110.352037,37.820488,2024,4,26,"US","HUMAN_OBSERVATION","Fraxinus anomala"
4922035704,"Fraxinus anomala",-109.279124,37.802163,2024,8,5,"US","HUMAN_OBSERVATION","Fraxinus anomala"
4404965687,"Fraxinus anomala",-115.131717,37.751759,2017,4,30,"US","PRESERVED_SPECIMEN","Fraxinus anomala"
1986990183,"Fraxinus anomala",-111.6896,37.773701,2009,7,21,"US","PRESERVED_SPECIMEN","Fraxinus anomala"
4853108472,"Fraxinus anomala",-111.565819,37.781586,2024,4,25,"US","HUMAN_OBSERVATION","Fraxinus anomala"
4950251745,"Fraxinus anomala",-111.216025,37.754117,2024,9,15,"US","HUMAN_OBSERVATION","Fraxinus anomala"
4950096753,"Fraxinus anomala",-110.97075,37.759997,2024,9,14,"US","HUMAN_OBSERVATION","Fraxinus anomala"
4126385389,"Fraxinus anomala",-115.124897,37.709862,2009,5,16,"US","PRESERVED_SPECIMEN","Fraxinus anomala"
4126385304,"Fraxinus anomala",-114.904824,37.714987,2007,6,21,"US","PRESERVED_SPECIMEN","Fraxinus anomala"
4976660673,"Fraxinus anomala",-111.455392,37.74682,2024,10,25,"US","HUMAN_OBSERVATION","Fraxinus anomala"
4904267128,"Fraxinus anomala",-110.243376,37.713024,2024,6,25,"US","HUMAN_OBSERVATION","Fraxinus anomala"
3302110545,"Fraxinus anomala",-115.3865,37.675808,2021,5,29,"US","HUMAN_OBSERVATION","Fraxinus anomala"
4945943876,"Fraxinus anomala",-113.042114,37.670864,2024,9,14,"US","HUMAN_OBSERVATION","Fraxinus anomala"
2236823794,"Fraxinus anomala",-113.041557,37.690322,2018,9,6,"US","HUMAN_OBSERVATION","Fraxinus anomala"
4525112041,"Fraxinus anomala",-111.459599,37.670925,2019,10,14,"US","HUMAN_OBSERVATION","Fraxinus anomala"
4982098384,"Fraxinus anomala",-111.178391,37.691582,2024,11,10,"US","HUMAN_OBSERVATION","Fraxinus anomala"
3124795502,"Fraxinus anomala",-115.399995,37.646942,2021,5,10,"US","HUMAN_OBSERVATION","Fraxinus anomala"
1913663351,"Fraxinus anomala",-113.110094,37.658717,2018,9,6,"US","HUMAN_OBSERVATION","Fraxinus anomala"
4952799069,"Fraxinus anomala",-111.427972,37.650547,2024,9,27,"US","HUMAN_OBSERVATION","Fraxinus anomala"
1914317052,"Fraxinus anomala",-111.311638,37.641541,2018,9,14,"US","HUMAN_OBSERVATION","Fraxinus anomala"
4875226243,"Fraxinus anomala",-110.808188,37.632611,2024,5,18,"US","HUMAN_OBSERVATION","Fraxinus anomala"
4920418815,"Fraxinus anomala",-110.141111,37.648333,2011,12,22,"US","PRESERVED_SPECIMEN","Fraxinus anomala"
4920424274,"Fraxinus anomala",-110.100003,37.633336,2012,11,20,"US","PRESERVED_SPECIMEN","Fraxinus anomala"
4404883099,"Fraxinus anomala",-115.163019,37.607497,2015,5,1,"US","PRESERVED_SPECIMEN","Fraxinus anomala"
4904005106,"Fraxinus anomala",-110.012658,37.61293,2024,6,28,"US","HUMAN_OBSERVATION","Fraxinus anomala"
2235396602,"Fraxinus anomala",-114.092583,37.558983,2018,5,24,"US","PRESERVED_SPECIMEN","Fraxinus anomala"
4121427410,"Fraxinus anomala",-113.183352,37.520558,2023,5,21,"US","HUMAN_OBSERVATION","Fraxinus anomala"
4400262564,"Fraxinus anomala",-113.164307,37.536032,2023,8,16,"US","HUMAN_OBSERVATION","Fraxinus anomala"
4171521736,"Fraxinus anomala",-112.05238,37.535948,2023,6,10,"US","HUMAN_OBSERVATION","Fraxinus anomala"
1901076315,"Fraxinus anomala",-109.668237,37.518559,2018,8,30,"US","HUMAN_OBSERVATION","Fraxinus anomala"
4946290009,"Fraxinus anomala",-109.666358,37.504145,2023,10,11,"US","HUMAN_OBSERVATION","Fraxinus anomala"
4929784580,"Fraxinus anomala",-114.57439,37.49992,2009,4,30,"US","PRESERVED_SPECIMEN","Fraxinus anomala"
4420753901,"Fraxinus anomala",-113.173462,37.460203,2023,10,1,"US","HUMAN_OBSERVATION","Fraxinus anomala"
4911090323,"Fraxinus anomala",-112.093575,37.481945,2024,5,18,"US","HUMAN_OBSERVATION","Fraxinus anomala"
4440898926,"Fraxinus anomala",-111.219015,37.480197,2023,11,11,"US","HUMAN_OBSERVATION","Fraxinus anomala"
4145235403,"Fraxinus anomala",-109.815794,37.464564,2021,10,22,"US","HUMAN_OBSERVATION","Fraxinus anomala"
4121483651,"Fraxinus anomala",-113.184347,37.454797,2023,5,20,"US","HUMAN_OBSERVATION","Fraxinus anomala"
4898094520,"Fraxinus anomala",-113.166666,37.45,2006,8,13,"US","PRESERVED_SPECIMEN","Fraxinus anomala"
2237474045,"Fraxinus anomala",-110.160942,37.418572,2019,4,20,"US","HUMAN_OBSERVATION","Fraxinus anomala"
1802762510,"Fraxinus anomala",-109.79455,37.434457,2018,1,1,"US","HUMAN_OBSERVATION","Fraxinus anomala"
2901506591,"Fraxinus anomala",-109.03725,37.424542,2020,10,14,"US","HUMAN_OBSERVATION","Fraxinus anomala"
2422459733,"Fraxinus anomala",-115.27961,37.38272,2009,5,1,"US","PRESERVED_SPECIMEN","Fraxinus anomala"
4126385424,"Fraxinus anomala",-114.105789,37.386834,2007,8,16,"US","PRESERVED_SPECIMEN","Fraxinus anomala"
4920408276,"Fraxinus anomala",-113.351389,37.384444,2011,6,21,"US","PRESERVED_SPECIMEN","Fraxinus anomala"
3399075970,"Fraxinus anomala",-113.196687,37.408588,2021,10,21,"US","HUMAN_OBSERVATION","Fraxinus anomala"
4867980882,"Fraxinus anomala",-111.850028,37.400387,2024,5,15,"US","HUMAN_OBSERVATION","Fraxinus anomala"
4950308529,"Fraxinus anomala",-109.879953,37.395325,2024,9,21,"US","HUMAN_OBSERVATION","Fraxinus anomala"
4952909842,"Fraxinus anomala",-109.835482,37.3916,2024,9,22,"US","HUMAN_OBSERVATION","Fraxinus anomala"
2850949043,"Fraxinus anomala",-109.069527,37.383915,2020,8,1,"US","HUMAN_OBSERVATION","Fraxinus anomala"
3415375640,"Fraxinus anomala",-115.279743,37.360821,2021,6,5,"US","HUMAN_OBSERVATION","Fraxinus anomala"
3090618941,"Fraxinus anomala",-115.24447,37.367153,2021,3,28,"US","HUMAN_OBSERVATION","Fraxinus anomala"
4920417298,"Fraxinus anomala",-113.347017,37.363806,2012,12,10,"US","PRESERVED_SPECIMEN","Fraxinus anomala"
4920419417,"Fraxinus anomala",-113.33155,37.361583,2014,10,30,"US","PRESERVED_SPECIMEN","Fraxinus anomala"
5007512077,"Fraxinus anomala",-111.098241,37.358072,2023,6,16,"US","HUMAN_OBSERVATION","Fraxinus anomala"
4912115340,"Fraxinus anomala",-110.55084,37.3361,2023,5,31,"US","PRESERVED_SPECIMEN","Fraxinus anomala"
4911315001,"Fraxinus anomala",-109.682962,37.347209,2000,5,20,"US","PRESERVED_SPECIMEN","Fraxinus anomala"
3802670525,"Fraxinus anomala",-108.803575,37.342878,2022,5,18,"US","HUMAN_OBSERVATION","Fraxinus anomala"
4929652386,"Fraxinus anomala",-113.910758,37.326173,2024,5,19,"US","PRESERVED_SPECIMEN","Fraxinus anomala"
4912223949,"Fraxinus anomala",-113.3747,37.2941,2011,4,11,"US","PRESERVED_SPECIMEN","Fraxinus anomala"
4912269161,"Fraxinus anomala",-113.31954,37.32404,2014,4,18,"US","PRESERVED_SPECIMEN","Fraxinus anomala"
4430818520,"Fraxinus anomala",-113.246825,37.29848,2023,10,24,"US","HUMAN_OBSERVATION","Fraxinus anomala"
4982144002,"Fraxinus anomala",-113.0263,37.298202,2014,7,10,"US","HUMAN_OBSERVATION","Fraxinus anomala"
4950570293,"Fraxinus anomala",-112.956914,37.297283,2024,9,19,"US","HUMAN_OBSERVATION","Fraxinus anomala"
3091200348,"Fraxinus anomala",-110.62957,37.30247,2003,4,13,"US","PRESERVED_SPECIMEN","Fraxinus anomala"
3764248703,"Fraxinus anomala",-110.151714,37.311855,2022,4,16,"US","HUMAN_OBSERVATION","Fraxinus anomala"
240492250,"Fraxinus anomala",-115.235556,37.256667,2006,5,5,"US","PRESERVED_SPECIMEN","Fraxinus anomala"
4129756147,"Fraxinus anomala",-114.141795,37.25444,2023,5,11,"US","HUMAN_OBSERVATION","Fraxinus anomala"
3321305517,"Fraxinus anomala",-113.747003,37.270245,2021,6,30,"US","HUMAN_OBSERVATION","Fraxinus anomala"
4851868923,"Fraxinus anomala",-113.666017,37.252475,2024,4,23,"US","HUMAN_OBSERVATION","Fraxinus anomala"
2545509089,"Fraxinus anomala",-113.487801,37.262531,2013,NA,NA,"US","HUMAN_OBSERVATION","Fraxinus anomala"
4022952304,"Fraxinus anomala",-113.417735,37.263531,2021,4,11,"US","PRESERVED_SPECIMEN","Fraxinus anomala"
2270497568,"Fraxinus anomala",-113.377233,37.269883,2013,5,8,"US","PRESERVED_SPECIMEN","Fraxinus anomala"
4145340971,"Fraxinus anomala",-112.95997,37.256808,2023,6,27,"US","HUMAN_OBSERVATION","Fraxinus anomala"
4852809429,"Fraxinus anomala",-112.9507,37.269525,2024,4,17,"US","HUMAN_OBSERVATION","Fraxinus anomala"
4506501910,"Fraxinus anomala",-112.625844,37.269928,2023,12,25,"US","HUMAN_OBSERVATION","Fraxinus anomala"
2545491214,"Fraxinus anomala",-111.815414,37.27512,2013,NA,NA,"US","HUMAN_OBSERVATION","Fraxinus anomala"
2244273061,"Fraxinus anomala",-111.017591,37.289964,2019,5,17,"US","HUMAN_OBSERVATION","Fraxinus anomala"
4430686624,"Fraxinus anomala",-110.897857,37.25579,2023,9,24,"US","HUMAN_OBSERVATION","Fraxinus anomala"
4458397943,"Fraxinus anomala",-110.080651,37.273309,2023,10,14,"US","HUMAN_OBSERVATION","Fraxinus anomala"
4516312857,"Fraxinus anomala",-109.64615,37.27482,2024,1,22,"US","HUMAN_OBSERVATION","Fraxinus anomala"
4851867762,"Fraxinus anomala",-109.494688,37.285522,2024,4,20,"US","HUMAN_OBSERVATION","Fraxinus anomala"
4116622413,"Fraxinus anomala",-113.646031,37.214777,2023,4,17,"US","HUMAN_OBSERVATION","Fraxinus anomala"
4068902046,"Fraxinus anomala",-113.475167,37.237975,2008,4,18,"US","PRESERVED_SPECIMEN","Fraxinus anomala"
3985955593,"Fraxinus anomala",-113.416803,37.232722,2022,11,20,"US","HUMAN_OBSERVATION","Fraxinus anomala"
4597049684,"Fraxinus anomala",-113.40497,37.22565,2024,3,13,"US","HUMAN_OBSERVATION","Fraxinus anomala"
4080720654,"Fraxinus anomala",-113.326095,37.20977,2023,4,7,"US","HUMAN_OBSERVATION","Fraxinus anomala"
4852958352,"Fraxinus anomala",-112.961241,37.237547,2024,4,12,"US","HUMAN_OBSERVATION","Fraxinus anomala"
4910831709,"Fraxinus anomala",-112.941788,37.21353,2024,7,19,"US","HUMAN_OBSERVATION","Fraxinus anomala"
4904070630,"Fraxinus anomala",-112.916558,37.230956,2024,6,30,"US","HUMAN_OBSERVATION","Fraxinus anomala"
3118197497,"Fraxinus anomala",-112.851785,37.223725,2021,5,18,"US","HUMAN_OBSERVATION","Fraxinus anomala"
4852552501,"Fraxinus anomala",-109.751813,37.210912,2024,4,28,"US","HUMAN_OBSERVATION","Fraxinus anomala"
3091219435,"Fraxinus anomala",-108.65313,37.21892,2003,9,23,"US","PRESERVED_SPECIMEN","Fraxinus anomala"
4987602950,"Fraxinus anomala",-113.694737,37.20162,2024,4,7,"US","HUMAN_OBSERVATION","Fraxinus anomala"
4852028615,"Fraxinus anomala",-113.646126,37.205078,2024,4,25,"US","HUMAN_OBSERVATION","Fraxinus anomala"
4522743241,"Fraxinus anomala",-113.571137,37.199345,2024,2,10,"US","HUMAN_OBSERVATION","Fraxinus anomala"
4936023678,"Fraxinus anomala",-113.470292,37.199333,2024,8,28,"US","HUMAN_OBSERVATION","Fraxinus anomala"
2294504663,"Fraxinus anomala",-113.059278,37.17886,2010,5,24,"US","HUMAN_OBSERVATION","Fraxinus anomala"
4597122594,"Fraxinus anomala",-113.0048,37.20052,2016,4,24,"US","HUMAN_OBSERVATION","Fraxinus anomala"
4607058511,"Fraxinus anomala",-112.974901,37.200032,2024,4,3,"US","HUMAN_OBSERVATION","Fraxinus anomala"
4904134385,"Fraxinus anomala",-112.656019,37.195887,2024,7,1,"US","HUMAN_OBSERVATION","Fraxinus anomala"
4458608986,"Fraxinus anomala",-109.821731,37.180575,2023,6,10,"US","HUMAN_OBSERVATION","Fraxinus anomala"
4846973099,"Fraxinus anomala",-113.603317,37.12505,2024,4,14,"US","HUMAN_OBSERVATION","Fraxinus anomala"
4945768095,"Fraxinus anomala",-113.239106,37.13965,2024,9,15,"US","HUMAN_OBSERVATION","Fraxinus anomala"
4847019831,"Fraxinus anomala",-113.102517,37.126156,2024,4,14,"US","HUMAN_OBSERVATION","Fraxinus anomala"
3892687322,"Fraxinus anomala",-113.006728,37.131564,2020,2,17,"US","HUMAN_OBSERVATION","Fraxinus anomala"
4974052716,"Fraxinus anomala",-111.965421,37.125742,2024,10,16,"US","HUMAN_OBSERVATION","Fraxinus anomala"
4102751909,"Fraxinus anomala",-113.593044,37.122222,2023,4,30,"US","HUMAN_OBSERVATION","Fraxinus anomala"
4872645355,"Fraxinus anomala",-113.227944,37.115876,2024,5,22,"US","HUMAN_OBSERVATION","Fraxinus anomala"
4443293298,"Fraxinus anomala",-112.546733,37.12294,2018,5,19,"US","PRESERVED_SPECIMEN","Fraxinus anomala"
4596874124,"Fraxinus anomala",-112.33377,37.1008,2016,5,28,"US","HUMAN_OBSERVATION","Fraxinus anomala"
3743062834,"Fraxinus anomala",-112.32493,37.10614,2017,5,6,"US","HUMAN_OBSERVATION","Fraxinus anomala"
4111853346,"Fraxinus anomala",-112.042183,37.09647,2023,4,28,"US","HUMAN_OBSERVATION","Fraxinus anomala"
4111795283,"Fraxinus anomala",-112.026414,37.084203,2023,4,28,"US","HUMAN_OBSERVATION","Fraxinus anomala"
5007777833,"Fraxinus anomala",-111.977217,37.12463,2024,10,13,"US","HUMAN_OBSERVATION","Fraxinus anomala"
4080660560,"Fraxinus anomala",-111.707685,37.086234,2023,3,12,"US","HUMAN_OBSERVATION","Fraxinus anomala"
4946432854,"Fraxinus anomala",-113.828276,37.067094,2024,9,14,"US","HUMAN_OBSERVATION","Fraxinus anomala"
4855100238,"Fraxinus anomala",-113.675765,37.061617,2024,5,6,"US","HUMAN_OBSERVATION","Fraxinus anomala"
4994347713,"Fraxinus anomala",-112.961258,37.049892,2024,11,29,"US","HUMAN_OBSERVATION","Fraxinus anomala"
1986955966,"Fraxinus anomala",-112.566389,37.043056,2005,4,28,"US","PRESERVED_SPECIMEN","Fraxinus anomala"
4978325569,"Fraxinus anomala",-112.518035,37.049977,2024,10,27,"US","HUMAN_OBSERVATION","Fraxinus anomala"
4973923961,"Fraxinus anomala",-112.495056,37.042503,2024,10,20,"US","HUMAN_OBSERVATION","Fraxinus anomala"
1986952613,"Fraxinus anomala",-112.0055,37.0724,2004,5,18,"US","PRESERVED_SPECIMEN","Fraxinus anomala"
1986954042,"Fraxinus anomala",-111.9512,37.0724,2004,3,24,"US","PRESERVED_SPECIMEN","Fraxinus anomala"
4165937520,"Fraxinus anomala",-111.890283,37.079938,2017,5,3,"US","HUMAN_OBSERVATION","Fraxinus anomala"
3091203295,"Fraxinus anomala",-110.8335646,37.0640923,2010,6,12,"US","PRESERVED_SPECIMEN","Fraxinus anomala"
3091239619,"Fraxinus anomala",-110.8272,37.04452,2003,9,22,"US","PRESERVED_SPECIMEN","Fraxinus anomala"
4404898893,"Fraxinus anomala",-114.458,37.027,2017,4,24,"US","PRESERVED_SPECIMEN","Fraxinus anomala"
240492243,"Fraxinus anomala",-113.820324,37.012357,2000,4,6,"US","PRESERVED_SPECIMEN","Fraxinus anomala"
4926138696,"Fraxinus anomala",-112.562195,37.03642,2024,8,15,"US","HUMAN_OBSERVATION","Fraxinus anomala"
4863509828,"Fraxinus anomala",-112.020067,37.020222,2024,5,8,"US","HUMAN_OBSERVATION","Fraxinus anomala"
4945607462,"Fraxinus anomala",-111.611664,37.016892,2024,8,15,"US","HUMAN_OBSERVATION","Fraxinus anomala"
3892607510,"Fraxinus anomala",-110.207201,37.011556,2022,8,5,"US","HUMAN_OBSERVATION","Fraxinus anomala"
4400431539,"Fraxinus anomala",-109.047517,37.000392,2023,8,7,"US","HUMAN_OBSERVATION","Fraxinus anomala"
2270463975,"Fraxinus anomala",-113.81646,36.9784,2015,5,17,"US","PRESERVED_SPECIMEN","Fraxinus anomala"
3091278197,"Fraxinus anomala",-112.86775,36.973817,2012,8,22,"US","PRESERVED_SPECIMEN","Fraxinus anomala"
3091303022,"Fraxinus anomala",-111.799349,36.993086,2013,6,9,"US","PRESERVED_SPECIMEN","Fraxinus anomala"
1272111298,"Fraxinus anomala",-110.096047,36.994889,2016,6,4,"US","HUMAN_OBSERVATION","Fraxinus anomala"
3799740303,"Fraxinus anomala",-111.615393,36.936581,2012,10,14,"US","PRESERVED_SPECIMEN","Fraxinus anomala"
4599924995,"Fraxinus anomala",-111.478297,36.923851,2024,3,23,"US","HUMAN_OBSERVATION","Fraxinus anomala"
4442726725,"Fraxinus anomala",-111.454967,36.936417,2023,11,11,"US","HUMAN_OBSERVATION","Fraxinus anomala"
4145674808,"Fraxinus anomala",-110.078903,36.936567,2023,7,1,"US","HUMAN_OBSERVATION","Fraxinus anomala"
4171345480,"Fraxinus anomala",-109.08165,36.921193,2021,8,26,"US","HUMAN_OBSERVATION","Fraxinus anomala"
3091280989,"Fraxinus anomala",-112.78244,36.90809,2000,5,30,"US","PRESERVED_SPECIMEN","Fraxinus anomala"
4421028755,"Fraxinus anomala",-108.502128,36.848239,2023,6,7,"US","HUMAN_OBSERVATION","Fraxinus anomala"
3399192037,"Fraxinus anomala",-108.497078,36.84422,2021,10,15,"US","HUMAN_OBSERVATION","Fraxinus anomala"
4442627459,"Fraxinus anomala",-111.463547,36.804657,2022,4,10,"US","HUMAN_OBSERVATION","Fraxinus anomala"
3398988720,"Fraxinus anomala",-109.005878,36.804531,2021,10,21,"US","HUMAN_OBSERVATION","Fraxinus anomala"
1930663529,"Fraxinus anomala",-113.725235,36.775255,2000,6,16,"US","PRESERVED_SPECIMEN","Fraxinus anomala"
2236291865,"Fraxinus anomala",-111.759515,36.744909,2019,4,11,"US","HUMAN_OBSERVATION","Fraxinus anomala"
4912019678,"Fraxinus anomala",-114.06897,36.66679,2019,4,8,"US","PRESERVED_SPECIMEN","Fraxinus anomala"
3399217723,"Fraxinus anomala",-108.223404,36.696121,2021,10,20,"US","HUMAN_OBSERVATION","Fraxinus anomala"
4987559753,"Fraxinus anomala",-114.096655,36.664875,2024,11,20,"US","HUMAN_OBSERVATION","Fraxinus anomala"
4015204505,"Fraxinus anomala",-114.073533,36.637608,2022,5,17,"US","HUMAN_OBSERVATION","Fraxinus anomala"
2270536594,"Fraxinus anomala",-114.011733,36.638167,2015,5,5,"US","PRESERVED_SPECIMEN","Fraxinus anomala"
2270531077,"Fraxinus anomala",-113.9767,36.61652,2018,4,28,"US","PRESERVED_SPECIMEN","Fraxinus anomala"
3108994631,"Fraxinus anomala",-113.703864,36.514547,2021,4,22,"US","HUMAN_OBSERVATION","Fraxinus anomala"
1846505903,"Fraxinus anomala",-112.587222,36.51,2007,9,25,"US","PRESERVED_SPECIMEN","Fraxinus anomala"
4404865868,"Fraxinus anomala",-115.151861,36.494869,2011,5,27,"US","PRESERVED_SPECIMEN","Fraxinus anomala"
4952723396,"Fraxinus anomala",-116.309313,36.426844,2023,7,16,"US","HUMAN_OBSERVATION","Fraxinus anomala"
4046385583,"Fraxinus anomala",-116.274481,36.401633,2022,11,19,"US","HUMAN_OBSERVATION","Fraxinus anomala"
1846479630,"Fraxinus anomala",-112.568096,36.395467,2006,5,10,"US","PRESERVED_SPECIMEN","Fraxinus anomala"
3764344054,"Fraxinus anomala",-111.899098,36.36475,2022,4,16,"US","HUMAN_OBSERVATION","Fraxinus anomala"
3091275731,"Fraxinus anomala",-113.6654484,36.2948016,2011,8,10,"US","PRESERVED_SPECIMEN","Fraxinus anomala"
1891268865,"Fraxinus anomala",-111.880611,36.293056,2011,5,4,"US","PRESERVED_SPECIMEN","Fraxinus anomala"
4404865865,"Fraxinus anomala",-113.331082,36.274922,2004,4,28,"US","PRESERVED_SPECIMEN","Fraxinus anomala"
4404975865,"Fraxinus anomala",-114.09835,36.24494,2020,7,16,"US","PRESERVED_SPECIMEN","Fraxinus anomala"
3091302051,"Fraxinus anomala",-111.87173,36.24094,2008,4,19,"US","PRESERVED_SPECIMEN","Fraxinus anomala"
4911053530,"Fraxinus anomala",-115.478097,36.17433,2023,6,25,"US","HUMAN_OBSERVATION","Fraxinus anomala"
1846505457,"Fraxinus anomala",-112.37215,36.201,2005,6,1,"US","PRESERVED_SPECIMEN","Fraxinus anomala"
2252025523,"Fraxinus anomala",-112.0405,36.170477,2019,5,22,"US","HUMAN_OBSERVATION","Fraxinus anomala"
2988459630,"Fraxinus anomala",-115.542747,36.128606,2020,8,20,"US","HUMAN_OBSERVATION","Fraxinus anomala"
4116194560,"Fraxinus anomala",-115.500367,36.161014,2023,5,13,"US","HUMAN_OBSERVATION","Fraxinus anomala"
3031831471,"Fraxinus anomala",-115.482453,36.149211,2019,6,20,"US","HUMAN_OBSERVATION","Fraxinus anomala"
4863466863,"Fraxinus anomala",-115.423026,36.149363,2024,5,6,"US","HUMAN_OBSERVATION","Fraxinus anomala"
1846490289,"Fraxinus anomala",-112.1211,36.14567,2003,5,11,"US","PRESERVED_SPECIMEN","Fraxinus anomala"
3091269828,"Fraxinus anomala",-111.9720313,36.1465939,2005,9,11,"US","PRESERVED_SPECIMEN","Fraxinus anomala"
2620013890,"Fraxinus anomala",-115.572608,36.124122,2020,4,30,"US","HUMAN_OBSERVATION","Fraxinus anomala"
3455793924,"Fraxinus anomala",-115.477593,36.124945,2021,12,19,"US","HUMAN_OBSERVATION","Fraxinus anomala"
1640087051,"Fraxinus anomala",-115.457189,36.092632,2017,4,15,"US","HUMAN_OBSERVATION","Fraxinus anomala"
1891269177,"Fraxinus anomala",-112.273635,36.122395,2018,3,23,"US","PRESERVED_SPECIMEN","Fraxinus anomala"
4994030634,"Fraxinus anomala",-112.237297,36.085961,2024,11,14,"US","HUMAN_OBSERVATION","Fraxinus anomala"
4978406084,"Fraxinus anomala",-112.120688,36.08402,2024,11,3,"US","HUMAN_OBSERVATION","Fraxinus anomala"
4416744606,"Fraxinus anomala",-112.22785,36.056389,2023,9,12,"US","HUMAN_OBSERVATION","Fraxinus anomala"
3745149336,"Fraxinus anomala",-112.178284,36.067999,2017,4,29,"US","PRESERVED_SPECIMEN","Fraxinus anomala"
5007035533,"Fraxinus anomala",-112.137566,36.065704,2024,11,29,"US","HUMAN_OBSERVATION","Fraxinus anomala"
4950071752,"Fraxinus anomala",-112.090056,36.068739,2024,9,17,"US","HUMAN_OBSERVATION","Fraxinus anomala"
1934744936,"Fraxinus anomala",-112.013568,36.042387,2014,4,25,"US","PRESERVED_SPECIMEN","Fraxinus anomala"
3338086935,"Fraxinus anomala",-115.521998,36.022703,2021,8,13,"US","HUMAN_OBSERVATION","Fraxinus anomala"
4976313104,"Fraxinus anomala",-115.484872,36.000614,2024,9,20,"US","HUMAN_OBSERVATION","Fraxinus anomala"
3091224502,"Fraxinus anomala",-113.96252,36.015,2007,4,6,"US","PRESERVED_SPECIMEN","Fraxinus anomala"
1846505629,"Fraxinus anomala",-111.959567,36.0076,2007,4,2,"US","PRESERVED_SPECIMEN","Fraxinus anomala"
2238798041,"Fraxinus anomala",-111.929733,36.024361,2019,3,29,"US","HUMAN_OBSERVATION","Fraxinus anomala"
4111885936,"Fraxinus anomala",-111.850526,36.036094,2023,5,3,"US","HUMAN_OBSERVATION","Fraxinus anomala"
4116209419,"Fraxinus anomala",-115.510042,35.969228,2022,6,6,"US","HUMAN_OBSERVATION","Fraxinus anomala"
1846515140,"Fraxinus anomala",-113.5240028,35.9864898,2008,8,30,"US","PRESERVED_SPECIMEN","Fraxinus anomala"
4404865791,"Fraxinus anomala",-115.469965,35.919767,2001,5,16,"US","PRESERVED_SPECIMEN","Fraxinus anomala"
3091215567,"Fraxinus anomala",-111.500552,35.92403,2012,5,28,"US","PRESERVED_SPECIMEN","Fraxinus anomala"
4430468374,"Fraxinus anomala",-113.843576,35.713179,2023,5,22,"US","HUMAN_OBSERVATION","Fraxinus anomala"
2545501102,"Fraxinus anomala",-113.749687,35.717705,2011,NA,NA,"US","HUMAN_OBSERVATION","Fraxinus anomala"
2430112103,"Fraxinus anomala",-115.575926,35.53336,2007,10,24,"US","PRESERVED_SPECIMEN","Fraxinus anomala"
2430081542,"Fraxinus anomala",-115.54936,35.43355,2015,4,29,"US","PRESERVED_SPECIMEN","Fraxinus anomala"
3091204337,"Fraxinus anomala",-113.60327,35.443378,2013,4,7,"US","PRESERVED_SPECIMEN","Fraxinus anomala"
2430351243,"Fraxinus anomala",-115.07139,35.34275,2012,5,5,"US","PRESERVED_SPECIMEN","Fraxinus anomala"
2422421118,"Fraxinus anomala",-115.34389,35.27361,2003,7,5,"US","PRESERVED_SPECIMEN","Fraxinus anomala"
3947112545,"Fraxinus anomala",-115.29629,35.268789,2020,6,9,"US","HUMAN_OBSERVATION","Fraxinus anomala"
4126856729,"Fraxinus anomala",-111.663967,35.202507,2023,5,24,"US","HUMAN_OBSERVATION","Fraxinus anomala"
3070292749,"Fraxinus anomala",-111.12207,35.158691,2019,9,2,"US","HUMAN_OBSERVATION","Fraxinus anomala"
2422482103,"Fraxinus anomala",-115.4896,35.02903,2011,5,1,"US","PRESERVED_SPECIMEN","Fraxinus anomala"
3091260491,"Fraxinus anomala",-111.908722,34.922111,2005,4,7,"US","PRESERVED_SPECIMEN","Fraxinus anomala"
4949984691,"Fraxinus anomala",-111.74708,34.936574,2022,4,3,"US","HUMAN_OBSERVATION","Fraxinus anomala"
2270462308,"Fraxinus anomala",-112.295151,34.882034,2012,9,17,"US","PRESERVED_SPECIMEN","Fraxinus anomala"
2270575405,"Fraxinus anomala",-112.140518,34.888866,2012,5,23,"US","PRESERVED_SPECIMEN","Fraxinus anomala"
4937221410,"Fraxinus anomala",-111.858711,34.896894,2022,3,20,"US","HUMAN_OBSERVATION","Fraxinus anomala"
2270612869,"Fraxinus anomala",-111.783,34.8819,2003,9,20,"US","PRESERVED_SPECIMEN","Fraxinus anomala"
3122396013,"Fraxinus anomala",-111.70275,34.884616,2003,9,20,"US","PRESERVED_SPECIMEN","Fraxinus anomala"
2988477418,"Fraxinus anomala",-112.553146,34.836536,2019,9,22,"US","HUMAN_OBSERVATION","Fraxinus anomala"
3091239702,"Fraxinus anomala",-112.089,34.80714,2003,10,21,"US","PRESERVED_SPECIMEN","Fraxinus anomala"
4597329971,"Fraxinus anomala",-111.745403,34.757717,2024,3,11,"US","HUMAN_OBSERVATION","Fraxinus anomala"
2422515690,"Fraxinus anomala",-112.05139,34.68861,2010,3,21,"US","PRESERVED_SPECIMEN","Fraxinus anomala"
3925309311,"Fraxinus anomala",-112.031058,34.668272,2022,10,8,"US","HUMAN_OBSERVATION","Fraxinus anomala"
3091192993,"Fraxinus anomala",-111.648585,34.560923,2002,6,29,"US","PRESERVED_SPECIMEN","Fraxinus anomala"
3091264984,"Fraxinus anomala",-111.89106,34.5157,2003,6,17,"US","PRESERVED_SPECIMEN","Fraxinus anomala"
4101680345,"Fraxinus anomala",-111.652817,34.529654,2015,7,24,"US","PRESERVED_SPECIMEN","Fraxinus anomala"
4901291484,"Fraxinus anomala",-111.844155,34.461097,2018,7,18,"US","HUMAN_OBSERVATION","Fraxinus anomala"
3091187393,"Fraxinus anomala",-111.564944,34.425306,2013,4,22,"US","PRESERVED_SPECIMEN","Fraxinus anomala"
1846553447,"Fraxinus anomala",-111.617316,34.403848,2013,3,19,"US","PRESERVED_SPECIMEN","Fraxinus anomala"
1846475786,"Fraxinus anomala",-112.0502,34.23245,2003,10,16,"US","PRESERVED_SPECIMEN","Fraxinus anomala"
1831207241,"Fraxinus anomala",-111.864278,34.061708,2016,5,9,"US","HUMAN_OBSERVATION","Fraxinus anomala"
1846493792,"Fraxinus anomala",-111.7974,33.9642,2001,4,17,"US","PRESERVED_SPECIMEN","Fraxinus anomala"
1846488765,"Fraxinus anomala",-111.747944,33.986833,2005,3,7,"US","PRESERVED_SPECIMEN","Fraxinus anomala"
2270687201,"Fraxinus anomala",-111.329,33.9403,2006,6,14,"US","PRESERVED_SPECIMEN","Fraxinus anomala"
1846488205,"Fraxinus anomala",-111.1286,33.60139,2000,5,3,"US","PRESERVED_SPECIMEN","Fraxinus anomala"
1846488223,"Fraxinus anomala",-111.1174,33.61082,2001,3,29,"US","PRESERVED_SPECIMEN","Fraxinus anomala"
2270632091,"Fraxinus anomala",-111.32,33.5261,2004,4,3,"US","PRESERVED_SPECIMEN","Fraxinus anomala"
4891991657,"Fraxinus anomala",-111.092078,33.426555,2024,6,2,"US","HUMAN_OBSERVATION","Fraxinus anomala"
1846500494,"Fraxinus anomala",-110.73513,33.31439,2005,6,22,"US","PRESERVED_SPECIMEN","Fraxinus anomala"
4165803896,"Fraxinus anomala",-111.168132,33.278771,2022,11,14,"US","HUMAN_OBSERVATION","Fraxinus anomala"
1846504547,"Fraxinus anomala",-110.741589,33.287919,2005,6,22,"US","PRESERVED_SPECIMEN","Fraxinus anomala"
