"gbifID","species","longitude","latitude","year","month","day","countryCode","accepted_name","mean"
3328205501,"Fraxinus caroliniana",-76.9217,37.0542,2018,8,13,"US","Fraxinus caroliniana",15.1577157974243
3328189367,"Fraxinus caroliniana",-77.4414,36.5617,2018,8,13,"US","Fraxinus caroliniana",15.4941520690918
3496973693,"Fraxinus caroliniana",-77.369108,36.549147,2005,6,8,"US","Fraxinus caroliniana",15.5334625244141
3328206325,"Fraxinus caroliniana",-76.9453,36.5658,2018,8,13,"US","Fraxinus caroliniana",15.6275634765625
1849160371,"Fraxinus caroliniana",-77.350278,36.305556,2003,6,19,"US","Fraxinus caroliniana",15.7636013031006
3307170578,"Fraxinus caroliniana",-79.803663,36.180328,2021,6,7,"US","Fraxinus caroliniana",14.9559679031372
1928199021,"Fraxinus caroliniana",-78.38945,35.91734,2017,8,19,"US","Fraxinus caroliniana",15.6925745010376
1931011706,"Fraxinus caroliniana",-78.3899,35.91663,2017,8,19,"US","Fraxinus caroliniana",15.7293930053711
3860329990,"Fraxinus caroliniana",-76.254526,35.914862,2022,6,24,"US","Fraxinus caroliniana",16.5332012176514
2634511415,"Fraxinus caroliniana",-78.41572,35.8231,2020,6,4,"US","Fraxinus caroliniana",15.8405284881592
2012809268,"Fraxinus caroliniana",-81.7085,35.7653,2018,9,6,"US","Fraxinus caroliniana",14.7753038406372
2397608365,"Fraxinus caroliniana",-77.057123,35.759126,2019,8,28,"US","Fraxinus caroliniana",16.4768486022949
2382922838,"Fraxinus caroliniana",-78.28211,35.73455,2018,9,10,"US","Fraxinus caroliniana",15.9530897140503
3395299309,"Fraxinus caroliniana",-78.164772,35.7485359991051,2020,10,1,"US","Fraxinus caroliniana",16.103931427002
2012773049,"Fraxinus caroliniana",-80.2838,35.48575,2018,9,7,"US","Fraxinus caroliniana",15.6113452911377
3470662868,"Fraxinus caroliniana",-78.752044,35.389581,2015,5,18,"US","Fraxinus caroliniana",16.445873260498
3470661302,"Fraxinus caroliniana",-78.747069,35.407294,2014,9,11,"US","Fraxinus caroliniana",16.3960361480713
2251858281,"Fraxinus caroliniana",-77.317561,35.324998,2019,5,21,"US","Fraxinus caroliniana",16.9497127532959
2235415460,"Fraxinus caroliniana",-85.1992,34.9625,2018,8,15,"US","Fraxinus caroliniana",15.919246673584
2382926973,"Fraxinus caroliniana",-78.60628,34.63327,2018,9,9,"US","Fraxinus caroliniana",17.1669845581055
3435798562,"Fraxinus caroliniana",-92.27341,34.57759,2012,7,5,"US","Fraxinus caroliniana",16.9761352539062
1990228929,"Fraxinus caroliniana",-77.6765,34.575639,2012,6,15,"US","Fraxinus caroliniana",17.2857131958008
1990228988,"Fraxinus caroliniana",-77.644028,34.581722,2011,5,15,"US","Fraxinus caroliniana",17.2754135131836
2012773126,"Fraxinus caroliniana",-78.63246,34.47565,2018,9,9,"US","Fraxinus caroliniana",17.2388877868652
3759314718,"Fraxinus caroliniana",-78.240137,34.494542,2022,4,2,"US","Fraxinus caroliniana",17.3839416503906
2382922542,"Fraxinus caroliniana",-78.47264,34.42168,2018,9,9,"US","Fraxinus caroliniana",17.2320098876953
2382910566,"Fraxinus caroliniana",-78.26581,34.40357,2018,9,9,"US","Fraxinus caroliniana",17.4346694946289
2382925129,"Fraxinus caroliniana",-78.27987,34.37176,2018,9,9,"US","Fraxinus caroliniana",17.4031181335449
1928315058,"Fraxinus caroliniana",-79.241214,34.305711,2011,4,28,"US","Fraxinus caroliniana",17.4013919830322
1990182114,"Fraxinus caroliniana",-78.48246,34.26001,2014,5,22,"US","Fraxinus caroliniana",17.3831348419189
2294436297,"Fraxinus caroliniana",-78.486664,34.156113,2019,7,2,"US","Fraxinus caroliniana",17.4794597625732
3395311333,"Fraxinus caroliniana",-80.2303,34.0766,2018,7,17,"US","Fraxinus caroliniana",17.5960102081299
3902029279,"Fraxinus caroliniana",-79.31803,33.999705,2022,5,11,"US","Fraxinus caroliniana",17.7723007202148
3435797531,"Fraxinus caroliniana",-92.747001,33.838588,2005,7,13,"US","Fraxinus caroliniana",17.2284870147705
1849110987,"Fraxinus caroliniana",-79.4965,33.8463,2008,4,24,"US","Fraxinus caroliniana",17.94948387146
2382922251,"Fraxinus caroliniana",-89.38389,33.79675,2018,10,3,"US","Fraxinus caroliniana",16.9470558166504
3113508282,"Fraxinus caroliniana",-80.818055,33.822081,2021,5,3,"US","Fraxinus caroliniana",17.6878070831299
1849128740,"Fraxinus caroliniana",-79.4648,33.8277,2007,5,22,"US","Fraxinus caroliniana",17.9856548309326
3435797542,"Fraxinus caroliniana",-92.325073,33.779703,2005,7,15,"US","Fraxinus caroliniana",17.2465991973877
1821692823,"Fraxinus caroliniana",-80.6744,33.7914,2016,4,29,"US","Fraxinus caroliniana",17.731969833374
1849137340,"Fraxinus caroliniana",-80.5441,33.7011,2003,5,17,"US","Fraxinus caroliniana",17.9734706878662
1849110161,"Fraxinus caroliniana",-79.8652,33.6681,2007,7,13,"US","Fraxinus caroliniana",17.9807720184326
3124544359,"Fraxinus caroliniana",-91.810142,33.588033,2020,6,2,"US","Fraxinus caroliniana",17.4283237457275
1849144792,"Fraxinus caroliniana",-81.0937,33.5888,2003,8,9,"US","Fraxinus caroliniana",17.8160076141357
3460990399,"Fraxinus caroliniana",-91.97197,33.57703,2005,9,28,"US","Fraxinus caroliniana",17.4251441955566
1928158748,"Fraxinus caroliniana",-84.51906,33.57986,2016,10,13,"US","Fraxinus caroliniana",16.7562141418457
2382931649,"Fraxinus caroliniana",-90.9237,33.4644,2018,10,4,"US","Fraxinus caroliniana",18.0378551483154
3384808464,"Fraxinus caroliniana",-79.523094,33.484629,2021,9,25,"US","Fraxinus caroliniana",18.2448616027832
1928830324,"Fraxinus caroliniana",-84.70217,33.43903,2016,10,13,"US","Fraxinus caroliniana",16.6055870056152
1849113378,"Fraxinus caroliniana",-80.5224,33.3825,2010,4,30,"US","Fraxinus caroliniana",18.1961441040039
1849161237,"Fraxinus caroliniana",-80.561,33.3647,2010,4,30,"US","Fraxinus caroliniana",18.1626625061035
3759396836,"Fraxinus caroliniana",-80.349995,33.220195,2022,4,1,"US","Fraxinus caroliniana",18.2397518157959
2422510071,"Fraxinus caroliniana",-80.70111,33.14831,2013,5,11,"US","Fraxinus caroliniana",18.2512550354004
1849106286,"Fraxinus caroliniana",-80.5158,33.0612,2010,8,12,"US","Fraxinus caroliniana",18.3192405700684
1849127379,"Fraxinus caroliniana",-80.4411,33.053,2008,7,12,"US","Fraxinus caroliniana",18.3301162719727
1849167196,"Fraxinus caroliniana",-80.4036,33.0505,2008,7,12,"US","Fraxinus caroliniana",18.3300552368164
1269720218,"Fraxinus caroliniana",-94.026,32.991,2006,5,31,"US","Fraxinus caroliniana",18.1504173278809
2382920129,"Fraxinus caroliniana",-89.09909,32.84411,2018,10,5,"US","Fraxinus caroliniana",17.3063220977783
3698396021,"Fraxinus caroliniana",-88.22573,32.843853,2022,2,20,"US","Fraxinus caroliniana",17.6708087921143
2251833544,"Fraxinus caroliniana",-80.202786,32.794548,2019,4,14,"US","Fraxinus caroliniana",18.6162166595459
1849152231,"Fraxinus caroliniana",-80.6188,32.7658,2010,9,11,"US","Fraxinus caroliniana",18.5851039886475
2242818788,"Fraxinus caroliniana",-80.45082,32.770332,2019,4,27,"US","Fraxinus caroliniana",18.5551986694336
3766294892,"Fraxinus caroliniana",-86.91066,32.39408,2012,5,11,"US","Fraxinus caroliniana",18.4782733917236
2430683172,"Fraxinus caroliniana",-81.162242,32.282578,2019,5,20,"US","Fraxinus caroliniana",19.1174945831299
1849134956,"Fraxinus caroliniana",-81.122592,32.267875,2011,4,25,"US","Fraxinus caroliniana",19.0598316192627
3709817044,"Fraxinus caroliniana",-81.4191,32.182,2014,7,10,"US","Fraxinus caroliniana",19.2344627380371
2382912409,"Fraxinus caroliniana",-81.08213,32.17906,2018,8,20,"US","Fraxinus caroliniana",19.1862678527832
1563150817,"Fraxinus caroliniana",-93.177167,32.156878,2014,5,8,"US","Fraxinus caroliniana",18.4995059967041
3759273975,"Fraxinus caroliniana",-81.319406,32.02086,2022,4,9,"US","Fraxinus caroliniana",19.383975982666
1913945161,"Fraxinus caroliniana",-85.957778,31.9325,2004,4,28,"US","Fraxinus caroliniana",18.2826557159424
2012798764,"Fraxinus caroliniana",-81.83626,31.66708,2018,8,20,"US","Fraxinus caroliniana",19.6686553955078
2270535992,"Fraxinus caroliniana",-86.89389,31.60611,2004,4,28,"US","Fraxinus caroliniana",18.4161415100098
1913945650,"Fraxinus caroliniana",-86.673611,31.613333,2006,7,8,"US","Fraxinus caroliniana",18.5420322418213
1913946068,"Fraxinus caroliniana",-86.406,31.597,2008,6,19,"US","Fraxinus caroliniana",18.5315704345703
3455859278,"Fraxinus caroliniana",-94.650525,31.546155,2021,10,20,"US","Fraxinus caroliniana",19.3580951690674
3307354471,"Fraxinus caroliniana",-94.65809,31.538685,2021,5,5,"US","Fraxinus caroliniana",19.2068881988525
2859960979,"Fraxinus caroliniana",-88.876365,31.469976,2020,8,29,"US","Fraxinus caroliniana",18.5328369140625
2234347774,"Fraxinus caroliniana",-94.264764,31.390312,2001,8,28,"US","Fraxinus caroliniana",19.1064891815186
2596104889,"Fraxinus caroliniana",-83.18062,31.377067,2019,9,2,"US","Fraxinus caroliniana",19.3397350311279
1931156276,"Fraxinus caroliniana",-84.7436,31.1733,2016,10,12,"US","Fraxinus caroliniana",19.5117244720459
2430231404,"Fraxinus caroliniana",-81.7269,31.14227,2006,5,19,"US","Fraxinus caroliniana",19.9171028137207
3744698063,"Fraxinus caroliniana",-87.88,31.01,2007,6,3,"US","Fraxinus caroliniana",19.5085697174072
4011664468,"Fraxinus caroliniana",-81.899528,30.946206,2022,6,22,"US","Fraxinus caroliniana",20.0659790039062
2311430167,"Fraxinus caroliniana",-87.635136,30.866441,2019,8,1,"US","Fraxinus caroliniana",19.3066749572754
1503277233,"Fraxinus caroliniana",-82.2556,30.8497,2014,6,20,"US","Fraxinus caroliniana",19.9315929412842
2430312672,"Fraxinus caroliniana",-81.93077,30.8364,2006,7,20,"US","Fraxinus caroliniana",20.1847896575928
1928627237,"Fraxinus caroliniana",-87.915,30.8153,2016,10,9,"US","Fraxinus caroliniana",19.6375904083252
1932898781,"Fraxinus caroliniana",-84.12241,30.821191,2005,9,28,"US","Fraxinus caroliniana",19.6117172241211
3988531693,"Fraxinus caroliniana",-81.935856,30.821253,2022,6,22,"US","Fraxinus caroliniana",20.2408847808838
2430426105,"Fraxinus caroliniana",-81.90265,30.83102,2006,7,20,"US","Fraxinus caroliniana",20.2275676727295
233098846,"Fraxinus caroliniana",-84.189787,30.766894,2001,5,6,"US","Fraxinus caroliniana",19.599739074707
3707734747,"Fraxinus caroliniana",-88.7222,30.70922,2006,7,27,"US","Fraxinus caroliniana",19.5575752258301
3970631309,"Fraxinus caroliniana",-85.7033,30.6689,2016,5,19,"US","Fraxinus caroliniana",19.411642074585
1503264569,"Fraxinus caroliniana",-85.0667,30.7,2004,4,16,"US","Fraxinus caroliniana",19.5894336700439
3413536063,"Fraxinus caroliniana",-94.679097,30.599266,2003,5,14,"US","Fraxinus caroliniana",19.6256256103516
3858161952,"Fraxinus caroliniana",-91.006653,30.599955,2022,4,2,"US","Fraxinus caroliniana",19.7486724853516
3707751092,"Fraxinus caroliniana",-89.8094,30.6181,2006,6,5,"US","Fraxinus caroliniana",19.665599822998
1883466803,"Fraxinus caroliniana",-88.628333,30.569181,2018,6,29,"US","Fraxinus caroliniana",19.771692276001
1258119439,"Fraxinus caroliniana",-83.0393,30.5807,2000,10,17,"US","Fraxinus caroliniana",20.0668601989746
3709927665,"Fraxinus caroliniana",-81.639,30.547,2005,6,30,"US","Fraxinus caroliniana",20.5365219116211
3760085511,"Fraxinus caroliniana",-89.966187,30.507503,2022,4,15,"US","Fraxinus caroliniana",19.6918659210205
3707761544,"Fraxinus caroliniana",-88.551389,30.523611,2002,5,17,"US","Fraxinus caroliniana",19.8929786682129
3707732480,"Fraxinus caroliniana",-88.436944,30.486111,2004,7,4,"US","Fraxinus caroliniana",19.9295997619629
3707760581,"Fraxinus caroliniana",-88.486944,30.422222,2002,4,23,"US","Fraxinus caroliniana",20.0749530792236
1891359028,"Fraxinus caroliniana",-88.450756,30.455333,2012,6,19,"US","Fraxinus caroliniana",20.0206642150879
1930154775,"Fraxinus caroliniana",-85.54817,30.43197,2016,10,10,"US","Fraxinus caroliniana",19.6600971221924
2012774996,"Fraxinus caroliniana",-82.28739,30.43593,2018,8,19,"US","Fraxinus caroliniana",20.2511787414551
1455596620,"Fraxinus caroliniana",-95.033599,30.383556,2017,3,30,"US","Fraxinus caroliniana",19.8590068817139
1890728358,"Fraxinus caroliniana",-90.643618,30.380648,2017,1,21,"US","Fraxinus caroliniana",19.8951663970947
1928466971,"Fraxinus caroliniana",-85.55769,30.38561,2016,10,10,"US","Fraxinus caroliniana",19.6915550231934
1929438232,"Fraxinus caroliniana",-84.80486,30.37508,2016,10,12,"US","Fraxinus caroliniana",19.7602252960205
3005250381,"Fraxinus caroliniana",-84.646111,30.401944,2020,3,15,"US","Fraxinus caroliniana",19.9065208435059
1258119427,"Fraxinus caroliniana",-83.7683,30.3817,2004,7,1,"US","Fraxinus caroliniana",19.887186050415
1851032408,"Fraxinus caroliniana",-90.037163,30.351829,2015,10,8,"US","Fraxinus caroliniana",20.0114116668701
1928308182,"Fraxinus caroliniana",-84.80503,30.37494,2016,10,12,"US","Fraxinus caroliniana",19.8074111938477
2856743314,"Fraxinus caroliniana",-89.706955,30.306913,2018,6,23,"US","Fraxinus caroliniana",20.0337371826172
2626135269,"Fraxinus caroliniana",-81.70958,30.296247,2020,5,17,"US","Fraxinus caroliniana",21.181640625
2242813170,"Fraxinus caroliniana",-95.657718,30.253693,2019,4,26,"US","Fraxinus caroliniana",20.1916084289551
2807263960,"Fraxinus caroliniana",-94.16667,30.25,2003,8,23,"US","Fraxinus caroliniana",20.3354721069336
1269729852,"Fraxinus caroliniana",-90.64464,30.23313,2013,10,29,"US","Fraxinus caroliniana",20.1579513549805
1457763219,"Fraxinus caroliniana",-84.676389,30.176694,2007,3,26,"US","Fraxinus caroliniana",20.045825958252
3333259076,"Fraxinus caroliniana",-81.758362,30.182563,2021,7,24,"US","Fraxinus caroliniana",21.079963684082
2382924941,"Fraxinus caroliniana",-82.62329,30.12752,2018,8,19,"US","Fraxinus caroliniana",20.5182151794434
2807460089,"Fraxinus caroliniana",-95.16667,30.11667,2003,10,21,"US","Fraxinus caroliniana",20.60618019104
1269726049,"Fraxinus caroliniana",-90.542189,30.094109,2007,6,6,"US","Fraxinus caroliniana",20.3549766540527
3355063102,"Fraxinus caroliniana",-85.110986,30.109942,2021,8,23,"US","Fraxinus caroliniana",20.1204147338867
3759923999,"Fraxinus caroliniana",-95.269427,30.052446,2022,4,4,"US","Fraxinus caroliniana",20.7389354705811
1927976472,"Fraxinus caroliniana",-85.02878,30.05828,2016,10,21,"US","Fraxinus caroliniana",20.1969795227051
3113278883,"Fraxinus caroliniana",-84.870258,30.074542,2021,5,7,"US","Fraxinus caroliniana",20.1264228820801
1849190975,"Fraxinus caroliniana",-85.178889,30.021111,2000,6,2,"US","Fraxinus caroliniana",20.1577129364014
3415359888,"Fraxinus caroliniana",-85.002522,30.008065,2021,10,19,"US","Fraxinus caroliniana",20.2493190765381
3747227931,"Fraxinus caroliniana",-84.549902,30.001997,2022,3,20,"US","Fraxinus caroliniana",20.2230339050293
3355018117,"Fraxinus caroliniana",-84.661334,29.986562,2021,8,23,"US","Fraxinus caroliniana",20.2696800231934
1503268705,"Fraxinus caroliniana",-81.61,29.9897,2012,4,16,"US","Fraxinus caroliniana",21.1015739440918
3113507821,"Fraxinus caroliniana",-84.996944,29.919722,2021,5,7,"US","Fraxinus caroliniana",20.3116912841797
2807208010,"Fraxinus caroliniana",-94.15944,29.87583,2000,6,15,"US","Fraxinus caroliniana",20.7224941253662
1269720111,"Fraxinus caroliniana",-92.091,29.914,2006,8,2,"US","Fraxinus caroliniana",20.8832778930664
2641531463,"Fraxinus caroliniana",-84.802257,29.887283,2020,5,24,"US","Fraxinus caroliniana",20.2796688079834
1258119463,"Fraxinus caroliniana",-83.3667,29.905,2002,7,26,"US","Fraxinus caroliniana",20.4028244018555
3415378806,"Fraxinus caroliniana",-82.399202,29.888595,2021,9,14,"US","Fraxinus caroliniana",20.6601638793945
2235490342,"Fraxinus caroliniana",-81.498856,29.892092,2018,6,22,"US","Fraxinus caroliniana",21.0282192230225
3764097298,"Fraxinus caroliniana",-84.876401,29.842666,2022,4,28,"US","Fraxinus caroliniana",20.3858337402344
3456372454,"Fraxinus caroliniana",-84.793368,29.834893,2021,11,23,"US","Fraxinus caroliniana",20.3277130126953
1258119416,"Fraxinus caroliniana",-83.0924,29.83,2004,9,4,"US","Fraxinus caroliniana",20.4829921722412
1503248400,"Fraxinus caroliniana",-84.9833,29.7256,2001,10,9,"US","Fraxinus caroliniana",20.6709823608398
2311298906,"Fraxinus caroliniana",-81.486069,29.7241,2019,7,8,"US","Fraxinus caroliniana",21.1499290466309
2901681841,"Fraxinus caroliniana",-82.367892,29.634655,2020,10,18,"US","Fraxinus caroliniana",20.9943428039551
3974381982,"Fraxinus caroliniana",-94.3918,29.57218,2018,7,15,"US","Fraxinus caroliniana",20.9201202392578
4011682498,"Fraxinus caroliniana",-82.945397,29.564912,2022,6,27,"US","Fraxinus caroliniana",20.7963008880615
3712601819,"Fraxinus caroliniana",-82.965377,29.499983,2022,3,7,"US","Fraxinus caroliniana",20.8037071228027
2826179947,"Fraxinus caroliniana",-81.774269,29.475364,2020,7,24,"US","Fraxinus caroliniana",21.0909233093262
1258021708,"Fraxinus caroliniana",-81.738611,29.475556,2007,5,20,"US","Fraxinus caroliniana",21.1243305206299
3314209698,"Fraxinus caroliniana",-82.970083,29.425835,2021,6,12,"US","Fraxinus caroliniana",20.8257713317871
1503236571,"Fraxinus caroliniana",-81.4926,29.3169,2000,3,20,"US","Fraxinus caroliniana",21.4123344421387
3320836867,"Fraxinus caroliniana",-83.052605,29.290963,2021,6,26,"US","Fraxinus caroliniana",21.0356826782227
3760248297,"Fraxinus caroliniana",-81.96575,29.253387,2022,4,5,"US","Fraxinus caroliniana",21.1143436431885
3329399434,"Fraxinus caroliniana",-82.752082,29.221162,2020,5,15,"US","Fraxinus caroliniana",21.113317489624
1457762034,"Fraxinus caroliniana",-82.031617,29.2022,2006,4,2,"US","Fraxinus caroliniana",21.1998977661133
3903484803,"Fraxinus caroliniana",-81.053107,28.806705,2022,9,4,"US","Fraxinus caroliniana",22.0317668914795
2576276526,"Fraxinus caroliniana",-81.118758,28.680567,2020,2,26,"US","Fraxinus caroliniana",22.1423072814941
3873598531,"Fraxinus caroliniana",-81.170298,28.655425,2022,7,1,"US","Fraxinus caroliniana",22.3739147186279
3008494988,"Fraxinus caroliniana",-82.631997,28.555239,2020,12,23,"US","Fraxinus caroliniana",21.8659896850586
3759187967,"Fraxinus caroliniana",-81.640488,28.560625,2022,3,26,"US","Fraxinus caroliniana",22.3649349212646
3759311899,"Fraxinus caroliniana",-80.996727,28.58028,2022,4,13,"US","Fraxinus caroliniana",22.2661228179932
1503252576,"Fraxinus caroliniana",-82.21,28.5225,2007,9,22,"US","Fraxinus caroliniana",22.1187057495117
3044764455,"Fraxinus caroliniana",-82.107222,28.506944,2017,7,18,"US","Fraxinus caroliniana",22.001916885376
2012807657,"Fraxinus caroliniana",-82.05435,28.5217,2018,8,18,"US","Fraxinus caroliniana",21.9996547698975
3712746058,"Fraxinus caroliniana",-80.802459,28.533236,2022,3,6,"US","Fraxinus caroliniana",22.488561630249
2012802687,"Fraxinus caroliniana",-82.05557,28.31256,2018,8,18,"US","Fraxinus caroliniana",22.28395652771
2596084225,"Fraxinus caroliniana",-82.035106,28.316735,2020,3,20,"US","Fraxinus caroliniana",22.1877288818359
2012813286,"Fraxinus caroliniana",-82.03083,28.27705,2018,8,18,"US","Fraxinus caroliniana",22.258996963501
1503257523,"Fraxinus caroliniana",-82.5918,28.1939,2004,6,11,"US","Fraxinus caroliniana",22.5191307067871
2012985550,"Fraxinus caroliniana",-82.376614,28.198032,2019,3,2,"US","Fraxinus caroliniana",22.5548362731934
1838010013,"Fraxinus caroliniana",-81.474609,28.189064,2018,4,1,"US","Fraxinus caroliniana",22.6775093078613
1676085672,"Fraxinus caroliniana",-82.4031,28.1564,2017,2,16,"US","Fraxinus caroliniana",22.5395603179932
3912153472,"Fraxinus caroliniana",-82.239197,28.145981,2022,3,17,"US","Fraxinus caroliniana",22.4747505187988
1836564135,"Fraxinus caroliniana",-81.543789,28.126602,2018,2,28,"US","Fraxinus caroliniana",22.7863998413086
2012792503,"Fraxinus caroliniana",-82.31123,28.098,2018,8,17,"US","Fraxinus caroliniana",22.5046234130859
3873828583,"Fraxinus caroliniana",-80.656969,28.090187,2022,7,8,"US","Fraxinus caroliniana",23.1349086761475
3764123038,"Fraxinus caroliniana",-82.377104,28.073644,2022,4,25,"US","Fraxinus caroliniana",22.8256759643555
2012781992,"Fraxinus caroliniana",-82.37152,28.07522,2018,8,17,"US","Fraxinus caroliniana",22.6992664337158
1930235675,"Fraxinus caroliniana",-82.77728,28.034,2016,11,20,"US","Fraxinus caroliniana",22.8182125091553
2013002922,"Fraxinus caroliniana",-82.284118,28.025291,2019,3,5,"US","Fraxinus caroliniana",22.7416915893555
2012807508,"Fraxinus caroliniana",-82.50149,27.99686,2018,8,16,"US","Fraxinus caroliniana",23.1574802398682
3759693420,"Fraxinus caroliniana",-81.852662,27.982738,2022,3,30,"US","Fraxinus caroliniana",22.8324813842773
1503264705,"Fraxinus caroliniana",-82.35,27.9167,2003,3,6,"US","Fraxinus caroliniana",23.0487899780273
2576297248,"Fraxinus caroliniana",-81.816441,27.902014,2020,1,23,"US","Fraxinus caroliniana",22.8613243103027
1978895365,"Fraxinus caroliniana",-82.418617,27.762333,2000,10,4,"US","Fraxinus caroliniana",22.9891109466553
2813889511,"Fraxinus caroliniana",-81.42682,27.714008,2020,5,17,"US","Fraxinus caroliniana",22.7966957092285
3079740654,"Fraxinus caroliniana",-82.38029,27.6713,2021,4,4,"US","Fraxinus caroliniana",22.9769458770752
3859171765,"Fraxinus caroliniana",-82.253232,27.683739,2022,5,30,"US","Fraxinus caroliniana",22.8677444458008
3892382761,"Fraxinus caroliniana",-82.310086,27.655727,2022,8,11,"US","Fraxinus caroliniana",22.9111404418945
1457746145,"Fraxinus caroliniana",-81.37,27.653889,2005,4,10,"US","Fraxinus caroliniana",22.8574867248535
3355737374,"Fraxinus caroliniana",-81.808652,27.624136,2021,8,30,"US","Fraxinus caroliniana",22.8883247375488
3773153164,"Fraxinus caroliniana",-82.539471,27.555739,2022,5,1,"US","Fraxinus caroliniana",23.043872833252
2850774756,"Fraxinus caroliniana",-82.362825,27.51162,2020,8,7,"US","Fraxinus caroliniana",22.9956550598145
3044701454,"Fraxinus caroliniana",-81.553998,27.472777,2021,2,17,"US","Fraxinus caroliniana",22.8039112091064
3892447220,"Fraxinus caroliniana",-82.599336,27.383318,2022,8,13,"US","Fraxinus caroliniana",23.4109306335449
3773196055,"Fraxinus caroliniana",-82.445912,27.415877,2022,4,29,"US","Fraxinus caroliniana",23.2179126739502
3860324006,"Fraxinus caroliniana",-82.4828,27.350677,2022,7,2,"US","Fraxinus caroliniana",23.3768062591553
3314193401,"Fraxinus caroliniana",-82.14878,27.368462,2021,1,28,"US","Fraxinus caroliniana",22.9846019744873
1503259102,"Fraxinus caroliniana",-81.35,27.3667,2009,12,10,"US","Fraxinus caroliniana",23.0423908233643
3881390402,"Fraxinus caroliniana",-80.347167,27.352312,2022,3,31,"US","Fraxinus caroliniana",23.6142845153809
3772960602,"Fraxinus caroliniana",-82.25686,27.304592,2022,5,1,"US","Fraxinus caroliniana",23.0429878234863
3117754274,"Fraxinus caroliniana",-82.506957,27.283235,2021,5,17,"US","Fraxinus caroliniana",23.3787155151367
3031822441,"Fraxinus caroliniana",-82.280666,27.270933,2021,1,10,"US","Fraxinus caroliniana",23.046365737915
4006530912,"Fraxinus caroliniana",-82.397542,27.246924,2022,12,16,"US","Fraxinus caroliniana",23.1371097564697
3888964331,"Fraxinus caroliniana",-82.336028,27.21594,2021,4,10,"US","Fraxinus caroliniana",23.0816802978516
3873924491,"Fraxinus caroliniana",-82.30233,27.246272,2022,4,17,"US","Fraxinus caroliniana",23.0602512359619
3124780828,"Fraxinus caroliniana",-81.888885,27.226714,2021,5,21,"US","Fraxinus caroliniana",22.9907169342041
3384704413,"Fraxinus caroliniana",-82.496919,27.203906,2021,9,4,"US","Fraxinus caroliniana",23.2281017303467
2634116375,"Fraxinus caroliniana",-82.262282,27.188282,2020,5,29,"US","Fraxinus caroliniana",23.0626850128174
3760343954,"Fraxinus caroliniana",-82.341157,27.127965,2022,4,14,"US","Fraxinus caroliniana",23.1539554595947
1503252990,"Fraxinus caroliniana",-82.3278,27.1175,2008,3,14,"US","Fraxinus caroliniana",23.1183776855469
3873475571,"Fraxinus caroliniana",-80.251458,27.106231,2022,4,8,"US","Fraxinus caroliniana",23.7086620330811
3802368827,"Fraxinus caroliniana",-82.385036,27.045271,2022,5,23,"US","Fraxinus caroliniana",23.4392070770264
3873423484,"Fraxinus caroliniana",-82.220197,27.006997,2022,7,8,"US","Fraxinus caroliniana",23.3008975982666
1503256401,"Fraxinus caroliniana",-82,27.0333,2008,9,29,"US","Fraxinus caroliniana",23.2352046966553
1503265331,"Fraxinus caroliniana",-81.8839,27.0172,2011,10,9,"US","Fraxinus caroliniana",23.1913261413574
3320911716,"Fraxinus caroliniana",-80.161811,27.0047,2021,6,25,"US","Fraxinus caroliniana",23.795238494873
2873718973,"Fraxinus caroliniana",-80.617346,26.988146,2020,9,26,"US","Fraxinus caroliniana",23.4641971588135
2851074655,"Fraxinus caroliniana",-80.169167,26.975,2020,8,14,"US","Fraxinus caroliniana",23.7571983337402
2860102373,"Fraxinus caroliniana",-80.177673,26.931671,2011,5,14,"US","Fraxinus caroliniana",23.7858810424805
3923462261,"Fraxinus caroliniana",-80.113746,26.943035,2022,10,1,"US","Fraxinus caroliniana",24.1215133666992
3772479557,"Fraxinus caroliniana",-80.108878,26.889595,2022,5,8,"US","Fraxinus caroliniana",24.1219997406006
1272074663,"Fraxinus caroliniana",-80.172463,26.807938,2015,4,16,"US","Fraxinus caroliniana",23.8505916595459
3067733260,"Fraxinus caroliniana",-81.651734,26.721947,2021,3,23,"US","Fraxinus caroliniana",23.4357490539551
3355197537,"Fraxinus caroliniana",-81.435871,26.747623,2021,5,27,"US","Fraxinus caroliniana",23.4920883178711
2013025881,"Fraxinus caroliniana",-81.737831,26.667123,2017,5,12,"US","Fraxinus caroliniana",23.5968494415283
1503264793,"Fraxinus caroliniana",-80.2667,26.6833,2004,3,9,"US","Fraxinus caroliniana",24.0257968902588
2862351307,"Fraxinus caroliniana",-81.699596,26.653919,2017,5,24,"US","Fraxinus caroliniana",23.6839618682861
3988584142,"Fraxinus caroliniana",-81.914695,26.592206,2022,12,4,"US","Fraxinus caroliniana",24.000244140625
3759681413,"Fraxinus caroliniana",-81.82394,26.571804,2022,3,30,"US","Fraxinus caroliniana",23.8181018829346
3759259121,"Fraxinus caroliniana",-80.224432,26.545021,2022,4,6,"US","Fraxinus caroliniana",23.9368515014648
3860185112,"Fraxinus caroliniana",-81.916242,26.521397,2022,6,26,"US","Fraxinus caroliniana",23.9929790496826
2597872836,"Fraxinus caroliniana",-81.761762,26.536581,2020,2,5,"US","Fraxinus caroliniana",23.7767353057861
3698140749,"Fraxinus caroliniana",-81.95485,26.487741,2022,2,21,"US","Fraxinus caroliniana",23.8505992889404
3059034873,"Fraxinus caroliniana",-81.778092,26.461999,2021,3,5,"US","Fraxinus caroliniana",23.887414932251
2898436188,"Fraxinus caroliniana",-81.636464,26.460906,2020,10,13,"US","Fraxinus caroliniana",23.6644515991211
3090796722,"Fraxinus caroliniana",-81.536863,26.482078,2020,6,16,"US","Fraxinus caroliniana",23.5808334350586
3499556338,"Fraxinus caroliniana",-81.498953,26.487474,2022,2,16,"US","Fraxinus caroliniana",23.5666275024414
2860109319,"Fraxinus caroliniana",-81.180566,26.481076,2019,3,21,"US","Fraxinus caroliniana",23.5068607330322
3772731543,"Fraxinus caroliniana",-81.830653,26.437157,2022,5,8,"US","Fraxinus caroliniana",23.90207862854
3067714626,"Fraxinus caroliniana",-81.557383,26.454377,2021,3,20,"US","Fraxinus caroliniana",23.6337928771973
3384249569,"Fraxinus caroliniana",-81.674271,26.384696,2021,10,6,"US","Fraxinus caroliniana",23.6603393554688
3314144054,"Fraxinus caroliniana",-81.662841,26.385684,2021,6,18,"US","Fraxinus caroliniana",23.6207408905029
2311430623,"Fraxinus caroliniana",-81.604108,26.375611,2019,7,27,"US","Fraxinus caroliniana",23.5824775695801
2422897756,"Fraxinus caroliniana",-81.746528,26.336503,2019,9,3,"US","Fraxinus caroliniana",23.8843059539795
3985828392,"Fraxinus caroliniana",-81.689201,26.359089,2022,11,20,"US","Fraxinus caroliniana",23.754846572876
3698342699,"Fraxinus caroliniana",-81.62767,26.340505,2022,2,17,"US","Fraxinus caroliniana",23.6508865356445
3468937550,"Fraxinus caroliniana",-81.622314,26.334944,2022,2,10,"US","Fraxinus caroliniana",23.5727596282959
3061671560,"Fraxinus caroliniana",-81.58312,26.366914,2021,3,10,"US","Fraxinus caroliniana",23.653133392334
2311416570,"Fraxinus caroliniana",-81.69354,26.329265,2019,7,27,"US","Fraxinus caroliniana",23.8476867675781
3097103631,"Fraxinus caroliniana",-81.629,26.315948,2021,4,22,"US","Fraxinus caroliniana",23.6893653869629
3468729779,"Fraxinus caroliniana",-81.601045,26.329163,2022,2,10,"US","Fraxinus caroliniana",23.6442089080811
2860093327,"Fraxinus caroliniana",-81.000067,26.30036,2019,3,7,"US","Fraxinus caroliniana",23.6416454315186
3773480419,"Fraxinus caroliniana",-81.776893,26.274218,2022,4,13,"US","Fraxinus caroliniana",24.1099796295166
3889233365,"Fraxinus caroliniana",-81.619162,26.253721,2017,5,31,"US","Fraxinus caroliniana",23.7568244934082
3866777306,"Fraxinus caroliniana",-81.144714,26.269658,2021,4,23,"US","Fraxinus caroliniana",23.6761112213135
3698342604,"Fraxinus caroliniana",-81.755655,26.229513,2022,2,18,"US","Fraxinus caroliniana",24.2028484344482
2603403495,"Fraxinus caroliniana",-81.747788,26.216292,2020,2,21,"US","Fraxinus caroliniana",24.1090240478516
3499366812,"Fraxinus caroliniana",-81.606083,26.228334,2022,2,12,"US","Fraxinus caroliniana",23.819429397583
3747326393,"Fraxinus caroliniana",-81.176587,26.213143,2021,4,23,"US","Fraxinus caroliniana",23.734016418457
2331887013,"Fraxinus caroliniana",-81.308994,26.187655,2019,8,2,"US","Fraxinus caroliniana",23.6871528625488
2859944453,"Fraxinus caroliniana",-80.917129,26.181971,2020,7,4,"US","Fraxinus caroliniana",23.7730197906494
2626166746,"Fraxinus caroliniana",-80.907946,26.197684,2020,5,17,"US","Fraxinus caroliniana",23.8233528137207
2634103093,"Fraxinus caroliniana",-81.56402,26.141625,2020,6,2,"US","Fraxinus caroliniana",23.8039817810059
3118341617,"Fraxinus caroliniana",-81.503536,26.142265,2021,5,19,"US","Fraxinus caroliniana",23.7366771697998
2611394870,"Fraxinus caroliniana",-81.774025,26.106817,2020,4,22,"US","Fraxinus caroliniana",24.033863067627
2580112600,"Fraxinus caroliniana",-81.61097,26.095336,2020,3,16,"US","Fraxinus caroliniana",23.8965492248535
2597796066,"Fraxinus caroliniana",-81.26527,26.095848,2020,4,9,"US","Fraxinus caroliniana",23.8549060821533
3398661964,"Fraxinus caroliniana",-81.714281,26.077629,2021,10,9,"US","Fraxinus caroliniana",24.004711151123
4011801265,"Fraxinus caroliniana",-81.479435,26.075969,2023,1,1,"US","Fraxinus caroliniana",23.7579097747803
3044741393,"Fraxinus caroliniana",-81.409222,26.009662,2021,2,16,"US","Fraxinus caroliniana",23.7607479095459
3802755475,"Fraxinus caroliniana",-81.441295,25.960033,2022,3,23,"US","Fraxinus caroliniana",23.839038848877
2235482173,"Fraxinus caroliniana",-81.389481,25.980062,2019,3,28,"US","Fraxinus caroliniana",23.821798324585
3301855297,"Fraxinus caroliniana",-81.371501,25.979661,2021,6,5,"US","Fraxinus caroliniana",23.917724609375
3773266438,"Fraxinus caroliniana",-81.158405,25.961815,2022,4,23,"US","Fraxinus caroliniana",24.0209178924561
3773339917,"Fraxinus caroliniana",-81.062303,25.980964,2022,5,2,"US","Fraxinus caroliniana",24.0631198883057
3058919859,"Fraxinus caroliniana",-81.4693,25.94675,2021,2,16,"US","Fraxinus caroliniana",23.9760475158691
3892343341,"Fraxinus caroliniana",-81.449264,25.935901,2021,2,16,"US","Fraxinus caroliniana",23.9413642883301
3873998384,"Fraxinus caroliniana",-81.250753,25.934679,2022,7,8,"US","Fraxinus caroliniana",24.0279674530029
3747128448,"Fraxinus caroliniana",-81.097922,25.92973,2022,3,24,"US","Fraxinus caroliniana",24.0846176147461
3499633781,"Fraxinus caroliniana",-81.037645,25.947244,2022,2,16,"US","Fraxinus caroliniana",24.0951595306396
3881912580,"Fraxinus caroliniana",-81.424617,25.905995,2022,7,31,"US","Fraxinus caroliniana",24.0143585205078
3457177619,"Fraxinus caroliniana",-81.279091,25.883906,2022,1,15,"US","Fraxinus caroliniana",24.0305252075195
3391309079,"Fraxinus caroliniana",-81.152507,25.902276,2021,10,10,"US","Fraxinus caroliniana",24.1137752532959
3698354406,"Fraxinus caroliniana",-81.10791,25.877374,2022,2,9,"US","Fraxinus caroliniana",24.1164665222168
3947754722,"Fraxinus caroliniana",-81.15384,25.867996,2022,10,17,"US","Fraxinus caroliniana",24.1851196289062
3773264279,"Fraxinus caroliniana",-81.093136,25.868416,2022,4,23,"US","Fraxinus caroliniana",24.2021484375
2860080323,"Fraxinus caroliniana",-81.065946,25.858057,2018,7,22,"US","Fraxinus caroliniana",24.1848430633545
3124601412,"Fraxinus caroliniana",-81.019558,25.854915,2021,3,15,"US","Fraxinus caroliniana",24.1927051544189
3698271840,"Fraxinus caroliniana",-81.13165,25.832358,2022,2,20,"US","Fraxinus caroliniana",24.1814651489258
2610974187,"Fraxinus caroliniana",-81.100484,25.788014,2020,4,24,"US","Fraxinus caroliniana",24.2360134124756
3773333741,"Fraxinus caroliniana",-81.19596,25.728726,2022,4,29,"US","Fraxinus caroliniana",24.2656955718994
3961394179,"Fraxinus caroliniana",-81.094727,25.671834,2021,3,22,"US","Fraxinus caroliniana",24.3708362579346
3961397194,"Fraxinus caroliniana",-81.040042,25.682807,2021,3,22,"US","Fraxinus caroliniana",24.4194755554199
3773321698,"Fraxinus caroliniana",-81.040509,25.605611,2022,4,29,"US","Fraxinus caroliniana",24.4243144989014
