"gbifID","species","longitude","latitude","year","month","day","countryCode","accepted_name"
3321283549,"Harbouria trachypleura",-105.450203,41.298503,2021,6,28,"US","Harbouria trachypleura"
1929342025,"Harbouria trachypleura",-106.0399,41.2507,2008,8,23,"US","Harbouria trachypleura"
2270492498,"Harbouria trachypleura",-105.370333,41.26675,2016,7,28,"US","Harbouria trachypleura"
3798107791,"Harbouria trachypleura",-105.32,41.17,2008,6,29,"US","Harbouria trachypleura"
1928971080,"Harbouria trachypleura",-106.0453,41.1405,2007,6,16,"US","Harbouria trachypleura"
3413985325,"Harbouria trachypleura",-105.985,41.0853,2013,9,18,"US","Harbouria trachypleura"
2573457943,"Harbouria trachypleura",-106.0832,41.0296,2007,6,13,"US","Harbouria trachypleura"
3766283103,"Harbouria trachypleura",-106.1285,40.9988,2007,6,22,"US","Harbouria trachypleura"
2573340065,"Harbouria trachypleura",-105.15106,40.97068,2006,8,25,"US","Harbouria trachypleura"
3858502445,"Harbouria trachypleura",-105.091255,40.972992,2022,6,10,"US","Harbouria trachypleura"
2242388397,"Harbouria trachypleura",-105.05375,40.992186,2010,7,20,"US","Harbouria trachypleura"
2242387499,"Harbouria trachypleura",-105.017582,40.986486,2010,6,4,"US","Harbouria trachypleura"
2573342730,"Harbouria trachypleura",-106.02625,40.94146,2000,7,27,"US","Harbouria trachypleura"
3798098498,"Harbouria trachypleura",-105.27,40.92,2004,5,28,"US","Harbouria trachypleura"
2242386761,"Harbouria trachypleura",-105.172479,40.957982,2010,6,18,"US","Harbouria trachypleura"
3798046000,"Harbouria trachypleura",-105.16,40.95,2012,5,15,"US","Harbouria trachypleura"
3798101759,"Harbouria trachypleura",-105.28,40.88,2000,4,29,"US","Harbouria trachypleura"
3798101761,"Harbouria trachypleura",-105.31,40.85,2000,5,12,"US","Harbouria trachypleura"
3798136292,"Harbouria trachypleura",-105.55,40.8,2006,5,28,"US","Harbouria trachypleura"
3798098741,"Harbouria trachypleura",-105.61,40.79,2004,6,23,"US","Harbouria trachypleura"
3798097276,"Harbouria trachypleura",-105.35,40.76,2003,5,24,"US","Harbouria trachypleura"
2573341081,"Harbouria trachypleura",-105.59864,40.71658,2001,5,26,"US","Harbouria trachypleura"
3798112554,"Harbouria trachypleura",-105.53,40.72,2013,7,24,"US","Harbouria trachypleura"
3798088446,"Harbouria trachypleura",-105.29,40.71,2003,5,23,"US","Harbouria trachypleura"
1930181456,"Harbouria trachypleura",-105.489,40.677,2001,5,29,"US","Harbouria trachypleura"
2269225797,"Harbouria trachypleura",-105.432487,40.688016,2019,5,31,"US","Harbouria trachypleura"
3455243802,"Harbouria trachypleura",-105.343307,40.694629,2019,5,31,"US","Harbouria trachypleura"
2265884131,"Harbouria trachypleura",-105.313319,40.70737,2019,6,3,"US","Harbouria trachypleura"
3798103238,"Harbouria trachypleura",-105.29,40.69,2000,5,25,"US","Harbouria trachypleura"
3892729681,"Harbouria trachypleura",-105.231667,40.671667,2001,4,28,"US","Harbouria trachypleura"
3031995957,"Harbouria trachypleura",-105.505619,40.646261,2019,6,1,"US","Harbouria trachypleura"
3798097164,"Harbouria trachypleura",-105.45,40.63,2004,8,14,"US","Harbouria trachypleura"
3798062863,"Harbouria trachypleura",-105.45,40.59,2001,5,25,"US","Harbouria trachypleura"
3798128835,"Harbouria trachypleura",-105.16,40.6,2017,6,5,"US","Harbouria trachypleura"
3798082164,"Harbouria trachypleura",-105.17,40.56,2003,7,10,"US","Harbouria trachypleura"
3798065413,"Harbouria trachypleura",-105.16,40.57,2001,5,28,"US","Harbouria trachypleura"
3860147524,"Harbouria trachypleura",-105.128867,40.477825,2022,6,2,"US","Harbouria trachypleura"
3307293554,"Harbouria trachypleura",-105.285797,40.418686,2021,6,4,"US","Harbouria trachypleura"
1929725381,"Harbouria trachypleura",-105.2156,40.4322,2001,5,20,"US","Harbouria trachypleura"
1258967066,"Harbouria trachypleura",-105.2,40.41666,2001,5,20,"US","Harbouria trachypleura"
3802654653,"Harbouria trachypleura",-105.412651,40.313094,2022,5,19,"US","Harbouria trachypleura"
3798053016,"Harbouria trachypleura",-105.21,40.31,2001,5,18,"US","Harbouria trachypleura"
3798101753,"Harbouria trachypleura",-105.18,40.31,2004,5,31,"US","Harbouria trachypleura"
3314166867,"Harbouria trachypleura",-105.364822,40.26981,2021,6,19,"US","Harbouria trachypleura"
3112350200,"Harbouria trachypleura",-105.120516,40.262355,2021,4,30,"US","Harbouria trachypleura"
3915595810,"Harbouria trachypleura",-105.326181,40.226521,2022,9,23,"US","Harbouria trachypleura"
3307279452,"Harbouria trachypleura",-105.29011,40.212591,2021,6,6,"US","Harbouria trachypleura"
176954849,"Harbouria trachypleura",-105.433333,40.175278,2001,8,8,"US","Harbouria trachypleura"
2611231927,"Harbouria trachypleura",-105.300968,40.206545,2020,4,26,"US","Harbouria trachypleura"
2573561090,"Harbouria trachypleura",-105.26821,40.19758,2016,7,1,"US","Harbouria trachypleura"
3798124944,"Harbouria trachypleura",-105.54,40.13,2010,8,7,"US","Harbouria trachypleura"
3798105263,"Harbouria trachypleura",-105.44,40.14,2000,5,29,"US","Harbouria trachypleura"
3764184170,"Harbouria trachypleura",-105.315891,40.150787,2022,4,26,"US","Harbouria trachypleura"
3798074724,"Harbouria trachypleura",-105.41,40.11,2003,8,10,"US","Harbouria trachypleura"
3772730187,"Harbouria trachypleura",-105.298341,40.116469,2022,5,11,"US","Harbouria trachypleura"
3947188063,"Harbouria trachypleura",-105.281358,40.105769,2022,6,19,"US","Harbouria trachypleura"
3798088727,"Harbouria trachypleura",-105.45,40.07,2004,7,3,"US","Harbouria trachypleura"
3764325981,"Harbouria trachypleura",-105.295647,40.07406,2022,4,25,"US","Harbouria trachypleura"
2611258511,"Harbouria trachypleura",-105.29796,40.020137,2020,4,24,"US","Harbouria trachypleura"
3764202372,"Harbouria trachypleura",-105.270546,40.014986,2021,6,2,"US","Harbouria trachypleura"
3860064448,"Harbouria trachypleura",-105.509821,39.97756,2022,6,20,"US","Harbouria trachypleura"
3118342788,"Harbouria trachypleura",-105.282333,39.98618,2021,5,20,"US","Harbouria trachypleura"
2641498929,"Harbouria trachypleura",-105.549433,39.946274,2020,6,4,"US","Harbouria trachypleura"
3124578009,"Harbouria trachypleura",-105.269722,39.941624,2021,5,20,"US","Harbouria trachypleura"
3892729640,"Harbouria trachypleura",-105.483779,39.892415,2001,8,10,"US","Harbouria trachypleura"
3903065543,"Harbouria trachypleura",-105.446631,39.876976,2022,9,5,"US","Harbouria trachypleura"
3881369415,"Harbouria trachypleura",-105.397487,39.896867,2021,6,16,"US","Harbouria trachypleura"
3415503328,"Harbouria trachypleura",-105.294713,39.914153,2018,5,31,"US","Harbouria trachypleura"
2242354320,"Harbouria trachypleura",-105.261155,39.898024,2016,5,29,"US","Harbouria trachypleura"
3415663641,"Harbouria trachypleura",-105.378294,39.848398,2021,6,17,"US","Harbouria trachypleura"
3124893777,"Harbouria trachypleura",-105.25505,39.771853,2021,5,25,"US","Harbouria trachypleura"
3747326356,"Harbouria trachypleura",-105.382072,39.741346,2020,5,1,"US","Harbouria trachypleura"
2242376412,"Harbouria trachypleura",-105.373806,39.743719,2000,6,8,"US","Harbouria trachypleura"
1260369757,"Harbouria trachypleura",-105.29833,39.70916,2005,6,13,"US","Harbouria trachypleura"
3059680511,"Harbouria trachypleura",-105.225276,39.727129,2020,5,26,"US","Harbouria trachypleura"
3307197511,"Harbouria trachypleura",-105.177439,39.703275,2021,6,11,"US","Harbouria trachypleura"
3772731772,"Harbouria trachypleura",-105.165931,39.691661,2022,5,8,"US","Harbouria trachypleura"
3415943718,"Harbouria trachypleura",-105.209111,39.646961,2021,7,4,"US","Harbouria trachypleura"
2634386243,"Harbouria trachypleura",-105.266465,39.607563,2016,5,28,"US","Harbouria trachypleura"
3747078801,"Harbouria trachypleura",-105.294989,39.510564,2021,6,16,"US","Harbouria trachypleura"
2242360810,"Harbouria trachypleura",-105.265535,39.338589,2018,5,31,"US","Harbouria trachypleura"
2242418503,"Harbouria trachypleura",-104.307757,37.806954,2009,6,17,"US","Harbouria trachypleura"
2573340338,"Harbouria trachypleura",-104.28841,37.79014,2009,6,17,"US","Harbouria trachypleura"
3416004581,"Harbouria trachypleura",-102.932211,37.524968,2021,5,12,"US","Harbouria trachypleura"
353264158,"Harbouria trachypleura",-102.975183,37.461865,2005,6,29,"US","Harbouria trachypleura"
3413102500,"Harbouria trachypleura",-102.9691,37.45824,2021,5,12,"US","Harbouria trachypleura"
2985548229,"Harbouria trachypleura",-104.381651,36.944191,2009,6,12,"US","Harbouria trachypleura"
1843911654,"Harbouria trachypleura",-104.850556,36.668889,2007,6,9,"US","Harbouria trachypleura"
3356469305,"Harbouria trachypleura",-105.451667,36.586944,2004,7,16,"US","Harbouria trachypleura"
3892741830,"Harbouria trachypleura",-105.1325,36.545889,2005,5,30,"US","Harbouria trachypleura"
3892741667,"Harbouria trachypleura",-105.231139,36.172806,2005,5,30,"US","Harbouria trachypleura"
3892729633,"Harbouria trachypleura",-104.264833,36.123742,2001,7,7,"US","Harbouria trachypleura"
3892756237,"Harbouria trachypleura",-104.271667,36.081528,2005,7,28,"US","Harbouria trachypleura"
3892732809,"Harbouria trachypleura",-104.246806,36.06575,2004,7,21,"US","Harbouria trachypleura"
3892763488,"Harbouria trachypleura",-105.2365,35.968139,2005,6,14,"US","Harbouria trachypleura"
2467784532,"Harbouria trachypleura",-104.533316,35.868494,2019,5,31,"US","Harbouria trachypleura"
1843914511,"Harbouria trachypleura",-105.341,35.77078,2012,6,5,"US","Harbouria trachypleura"
3892748088,"Harbouria trachypleura",-105.239806,35.652056,2005,5,26,"US","Harbouria trachypleura"
1843890788,"Harbouria trachypleura",-105.223897,35.593932,2002,8,26,"US","Harbouria trachypleura"
3892763391,"Harbouria trachypleura",-105.136889,35.552333,2005,6,13,"US","Harbouria trachypleura"
1843901950,"Harbouria trachypleura",-105.195278,35.516583,2005,5,19,"US","Harbouria trachypleura"
3892751478,"Harbouria trachypleura",-104.694722,35.522778,2005,5,9,"US","Harbouria trachypleura"
1843898178,"Harbouria trachypleura",-105.7219,34.2658,2006,9,10,"US","Harbouria trachypleura"
