"gbifID","species","longitude","latitude","year","month","day","countryCode","accepted_name"
3764184170,"Harbouria trachypleura",-105.315891,40.150787,2022,4,26,"US","Harbouria trachypleura"
3764325981,"Harbouria trachypleura",-105.295647,40.07406,2022,4,25,"US","Harbouria trachypleura"
3773072584,"Harbouria trachypleura",-105.314888,40.150144,2022,4,26,"US","Harbouria trachypleura"
3772730187,"Harbouria trachypleura",-105.298341,40.116469,2022,5,11,"US","Harbouria trachypleura"
3772731772,"Harbouria trachypleura",-105.165931,39.691661,2022,5,8,"US","Harbouria trachypleura"
3112350200,"Harbouria trachypleura",-105.120516,40.262355,2021,4,30,"US","Harbouria trachypleura"
3118342788,"Harbouria trachypleura",-105.282333,39.98618,2021,5,20,"US","Harbouria trachypleura"
3124578009,"Harbouria trachypleura",-105.269722,39.941624,2021,5,20,"US","Harbouria trachypleura"
3124893777,"Harbouria trachypleura",-105.25505,39.771853,2021,5,25,"US","Harbouria trachypleura"
3413102500,"Harbouria trachypleura",-102.9691,37.45824,2021,5,12,"US","Harbouria trachypleura"
3416004581,"Harbouria trachypleura",-102.932211,37.524968,2021,5,12,"US","Harbouria trachypleura"
3747239405,"Harbouria trachypleura",-105.254055,39.773736,2021,5,24,"US","Harbouria trachypleura"
3307197511,"Harbouria trachypleura",-105.177439,39.703275,2021,6,11,"US","Harbouria trachypleura"
3307293554,"Harbouria trachypleura",-105.285797,40.418686,2021,6,4,"US","Harbouria trachypleura"
3307339760,"Harbouria trachypleura",-105.179243,39.702768,2021,6,11,"US","Harbouria trachypleura"
3314166867,"Harbouria trachypleura",-105.364822,40.26981,2021,6,19,"US","Harbouria trachypleura"
3321283549,"Harbouria trachypleura",-105.450203,41.298503,2021,6,28,"US","Harbouria trachypleura"
3415472607,"Harbouria trachypleura",-105.287994,39.984299,2021,6,9,"US","Harbouria trachypleura"
3415663641,"Harbouria trachypleura",-105.378294,39.848398,2021,6,17,"US","Harbouria trachypleura"
3747078801,"Harbouria trachypleura",-105.294989,39.510564,2021,6,16,"US","Harbouria trachypleura"
3764202372,"Harbouria trachypleura",-105.270546,40.014986,2021,6,2,"US","Harbouria trachypleura"
3415926718,"Harbouria trachypleura",-105.28952,40.209145,2021,7,27,"US","Harbouria trachypleura"
3415943718,"Harbouria trachypleura",-105.209111,39.646961,2021,7,4,"US","Harbouria trachypleura"
3759862211,"Harbouria trachypleura",-105.74118,35.54342,2021,8,31,"US","Harbouria trachypleura"
2611229042,"Harbouria trachypleura",-105.281161,40.105354,2020,4,25,"US","Harbouria trachypleura"
2611231927,"Harbouria trachypleura",-105.300968,40.206545,2020,4,26,"US","Harbouria trachypleura"
2611258511,"Harbouria trachypleura",-105.29796,40.020137,2020,4,24,"US","Harbouria trachypleura"
2626227762,"Harbouria trachypleura",-105.2995,40.211195,2020,4,27,"US","Harbouria trachypleura"
3031786380,"Harbouria trachypleura",-105.313691,40.139611,2020,5,5,"US","Harbouria trachypleura"
3059680511,"Harbouria trachypleura",-105.225276,39.727129,2020,5,26,"US","Harbouria trachypleura"
3747326356,"Harbouria trachypleura",-105.382072,39.741346,2020,5,1,"US","Harbouria trachypleura"
2641498929,"Harbouria trachypleura",-105.549433,39.946274,2020,6,4,"US","Harbouria trachypleura"
2238815642,"Harbouria trachypleura",-105.127543,40.480375,2019,4,26,"US","Harbouria trachypleura"
2238959440,"Harbouria trachypleura",-105.299131,40.028525,2019,4,28,"US","Harbouria trachypleura"
2269225797,"Harbouria trachypleura",-105.432487,40.688016,2019,5,31,"US","Harbouria trachypleura"
2467784532,"Harbouria trachypleura",-104.533316,35.868494,2019,5,31,"US","Harbouria trachypleura"
3455243802,"Harbouria trachypleura",-105.343307,40.694629,2019,5,31,"US","Harbouria trachypleura"
2265884131,"Harbouria trachypleura",-105.313319,40.70737,2019,6,3,"US","Harbouria trachypleura"
3031995957,"Harbouria trachypleura",-105.505619,40.646261,2019,6,1,"US","Harbouria trachypleura"
1841256354,"Harbouria trachypleura",-105.298037,40.075922,2018,4,29,"US","Harbouria trachypleura"
1847426432,"Harbouria trachypleura",-105.294363,40.033881,2018,4,29,"US","Harbouria trachypleura"
2620090340,"Harbouria trachypleura",-105.298287,40.074699,2018,4,29,"US","Harbouria trachypleura"
1848775529,"Harbouria trachypleura",-105.298887,40.116387,2018,5,29,"US","Harbouria trachypleura"
2242360810,"Harbouria trachypleura",-105.265535,39.338589,2018,5,31,"US","Harbouria trachypleura"
2423924030,"Harbouria trachypleura",-105.265535,39.338589,2018,5,31,"US","Harbouria trachypleura"
2432122582,"Harbouria trachypleura",-105.2662,39.3384,2018,5,31,"US","Harbouria trachypleura"
3415503328,"Harbouria trachypleura",-105.294713,39.914153,2018,5,31,"US","Harbouria trachypleura"
1703167220,"Harbouria trachypleura",-105.311272,40.692277,2017,9,18,"US","Harbouria trachypleura"
2242354132,"Harbouria trachypleura",-105.202824,39.707914,2016,5,21,"US","Harbouria trachypleura"
2242354320,"Harbouria trachypleura",-105.261155,39.898024,2016,5,29,"US","Harbouria trachypleura"
2270223187,"Harbouria trachypleura",-105.202824,39.707914,2016,5,21,"US","Harbouria trachypleura"
2422516419,"Harbouria trachypleura",-105.20281,39.70789,2016,5,21,"US","Harbouria trachypleura"
2634386243,"Harbouria trachypleura",-105.266465,39.607563,2016,5,28,"US","Harbouria trachypleura"
2242354236,"Harbouria trachypleura",-105.219181,39.7344,2016,6,15,"US","Harbouria trachypleura"
2242354676,"Harbouria trachypleura",-105.273666,39.894296,2016,6,10,"US","Harbouria trachypleura"
2573560072,"Harbouria trachypleura",-105.273666,39.894296,2016,6,10,"US","Harbouria trachypleura"
2270492498,"Harbouria trachypleura",-105.370333,41.26675,2016,7,28,"US","Harbouria trachypleura"
2573561090,"Harbouria trachypleura",-105.26821,40.19758,2016,7,1,"US","Harbouria trachypleura"
2573435007,"Harbouria trachypleura",-105.271683,39.9609,2015,6,1,"US","Harbouria trachypleura"
2573341466,"Harbouria trachypleura",-105.326883,40.001583,2014,5,26,"US","Harbouria trachypleura"
3413985325,"Harbouria trachypleura",-105.985,41.0853,2013,9,18,"US","Harbouria trachypleura"
1843914511,"Harbouria trachypleura",-105.341,35.77078,2012,6,5,"US","Harbouria trachypleura"
2242386761,"Harbouria trachypleura",-105.172479,40.957982,2010,6,18,"US","Harbouria trachypleura"
2242387499,"Harbouria trachypleura",-105.017582,40.986486,2010,6,4,"US","Harbouria trachypleura"
2573340306,"Harbouria trachypleura",-105.172479,40.957982,2010,6,18,"US","Harbouria trachypleura"
2573343045,"Harbouria trachypleura",-105.01758,40.98649,2010,6,4,"US","Harbouria trachypleura"
2242388397,"Harbouria trachypleura",-105.05375,40.992186,2010,7,20,"US","Harbouria trachypleura"
2573341223,"Harbouria trachypleura",-105.05375,40.99219,2010,7,20,"US","Harbouria trachypleura"
2242418503,"Harbouria trachypleura",-104.307757,37.806954,2009,6,17,"US","Harbouria trachypleura"
2573340338,"Harbouria trachypleura",-104.28841,37.79014,2009,6,17,"US","Harbouria trachypleura"
2576247302,"Harbouria trachypleura",-105.248483,39.730122,2009,6,12,"US","Harbouria trachypleura"
1929342025,"Harbouria trachypleura",-106.0399,41.2507,2008,8,23,"US","Harbouria trachypleura"
574755796,"Harbouria trachypleura",-105.2809,40.106083,2008,10,22,"US","Harbouria trachypleura"
1843911654,"Harbouria trachypleura",-104.850556,36.668889,2007,6,9,"US","Harbouria trachypleura"
1928971080,"Harbouria trachypleura",-106.0453,41.1405,2007,6,16,"US","Harbouria trachypleura"
2573457943,"Harbouria trachypleura",-106.0832,41.0296,2007,6,13,"US","Harbouria trachypleura"
3766283103,"Harbouria trachypleura",-106.1285,40.9988,2007,6,22,"US","Harbouria trachypleura"
3125226406,"Harbouria trachypleura",-106.0591,41.0335,2007,7,10,"US","Harbouria trachypleura"
2573340065,"Harbouria trachypleura",-105.15106,40.97068,2006,8,25,"US","Harbouria trachypleura"
1843898119,"Harbouria trachypleura",-105.72656,34.19097,2006,9,10,"US","Harbouria trachypleura"
1843898178,"Harbouria trachypleura",-105.7219,34.2658,2006,9,10,"US","Harbouria trachypleura"
1843901950,"Harbouria trachypleura",-105.195278,35.516583,2005,5,19,"US","Harbouria trachypleura"
353264158,"Harbouria trachypleura",-102.975183,37.461865,2005,6,29,"US","Harbouria trachypleura"
1260369757,"Harbouria trachypleura",-105.29833,39.70916,2005,6,13,"US","Harbouria trachypleura"
1986955489,"Harbouria trachypleura",-105.298333,39.709167,2005,6,13,"US","Harbouria trachypleura"
2573340240,"Harbouria trachypleura",-102.974846,37.462034,2005,6,29,"US","Harbouria trachypleura"
1843895145,"Harbouria trachypleura",-105.7412,35.5432,2004,6,14,"US","Harbouria trachypleura"
3356469305,"Harbouria trachypleura",-105.451667,36.586944,2004,7,16,"US","Harbouria trachypleura"
1843890788,"Harbouria trachypleura",-105.269121,35.6236,2002,8,26,"US","Harbouria trachypleura"
1258967066,"Harbouria trachypleura",-105.2,40.41666,2001,5,20,"US","Harbouria trachypleura"
1929725381,"Harbouria trachypleura",-105.2156,40.4322,2001,5,20,"US","Harbouria trachypleura"
1930181456,"Harbouria trachypleura",-105.489,40.677,2001,5,29,"US","Harbouria trachypleura"
2573341081,"Harbouria trachypleura",-105.59864,40.71658,2001,5,26,"US","Harbouria trachypleura"
2573343242,"Harbouria trachypleura",-105.209879,40.425984,2001,5,20,"US","Harbouria trachypleura"
176954849,"Harbouria trachypleura",-105.433333,40.175278,2001,8,8,"US","Harbouria trachypleura"
2242376412,"Harbouria trachypleura",-105.373806,39.743719,2000,6,8,"US","Harbouria trachypleura"
2573342730,"Harbouria trachypleura",-106.02625,40.94146,2000,7,27,"US","Harbouria trachypleura"
