"gbifID","species","longitude","latitude","year","month","day","countryCode","accepted_name"
3750482043,"Heracleum sphondylium",-149.86579,60.785136,2001,8,30,"US","Heracleum maximum"
3750483081,"Heracleum sphondylium",-150.043866,60.704142,2001,8,19,"US","Heracleum maximum"
3750481772,"Heracleum sphondylium",-150.25591,60.371015,2006,6,26,"US","Heracleum maximum"
3750477393,"Heracleum sphondylium",-151.078933,60.041485,2004,8,9,"US","Heracleum maximum"
3750479635,"Heracleum sphondylium",-150.987981,60.036602,2004,8,9,"US","Heracleum maximum"
2512333015,"Heracleum sphondylium",-108.53423,47.9506199990619,2011,7,17,"US","Heracleum maximum"
2980508684,"Heracleum sphondylium",-103.48724,45.87227,2005,6,26,"US","Heracleum maximum"
415729151,"Heracleum sphondylium",-118.64,44.819167,2001,7,11,"US","Heracleum maximum"
2556158484,"Heracleum sphondylium",-104.030255,44.4298369990569,2009,9,13,"US","Heracleum maximum"
2512288838,"Heracleum sphondylium",-103.94062,44.4526299990569,2010,6,8,"US","Heracleum maximum"
2980508683,"Heracleum sphondylium",-104.10307,44.4082199990569,2009,9,15,"US","Heracleum maximum"
2512288337,"Heracleum sphondylium",-103.86536,44.292879999057,2011,8,19,"US","Heracleum maximum"
2512285300,"Heracleum sphondylium",-103.869614,44.275569,2011,8,19,"US","Heracleum maximum"
1260230032,"Heracleum sphondylium",-90.868889,44.234444,2005,7,7,"US","Heracleum maximum"
2512328791,"Heracleum sphondylium",-103.751762,44.131275,2010,7,22,"US","Heracleum maximum"
2869128548,"Heracleum sphondylium",-103.84521,44.08977,2007,7,23,"US","Heracleum maximum"
2512331938,"Heracleum sphondylium",-103.83911,44.0480699990572,2009,8,9,"US","Heracleum maximum"
620536850,"Heracleum sphondylium",-64.91476,43.86886,2003,8,30,"CA","Heracleum maximum"
2302013039,"Heracleum sphondylium",-94.218014,43.122483,2019,6,9,"US","Heracleum maximum"
176956908,"Heracleum sphondylium",-92.395833,42.700556,2002,7,1,"US","Heracleum maximum"
3798098918,"Heracleum sphondylium",-105.61,40.79,2004,6,23,"US","Heracleum maximum"
3798112502,"Heracleum sphondylium",-105.54,40.73,2013,7,24,"US","Heracleum maximum"
3798097535,"Heracleum sphondylium",-105.85,40.67,2004,7,10,"US","Heracleum maximum"
3798142100,"Heracleum sphondylium",-106.03,40.2,2004,6,28,"US","Heracleum maximum"
3798125465,"Heracleum sphondylium",-105.54,40.13,2010,8,7,"US","Heracleum maximum"
3798088972,"Heracleum sphondylium",-105.45,40.07,2004,7,3,"US","Heracleum maximum"
1259158810,"Heracleum sphondylium",-105.521667,39.842222,2003,7,9,"US","Heracleum maximum"
1261005264,"Heracleum sphondylium",-91.742778,39.751944,2007,6,13,"US","Heracleum maximum"
3467208410,"Heracleum sphondylium",-106.68,39.5065,2006,8,9,"US","Heracleum maximum"
1986955879,"Heracleum sphondylium",-105.791111,39.482222,2005,8,8,"US","Heracleum maximum"
3798115257,"Heracleum sphondylium",-106.68,39.35,2010,7,20,"US","Heracleum maximum"
3798060345,"Heracleum sphondylium",-105.3,39.11,2010,6,13,"US","Heracleum maximum"
3798059909,"Heracleum sphondylium",-107.73,38.96,2007,7,8,"US","Heracleum maximum"
3776196661,"Heracleum sphondylium",-106.9903,38.9562,2013,8,7,"US","Heracleum maximum"
3776191325,"Heracleum sphondylium",-107.068,38.86,2009,7,15,"US","Heracleum maximum"
3798080971,"Heracleum sphondylium",-106.23,38.54,2014,7,2,"US","Heracleum maximum"
3334461305,"Heracleum sphondylium",-90.81978,38.46093,2021,6,15,"US","Heracleum maximum"
3091299179,"Heracleum sphondylium",-106.715176,37.262757,2003,7,19,"US","Heracleum maximum"
3067041361,"Heracleum sphondylium",-104.45122,37.04097,2019,7,26,"US","Heracleum maximum"
3798075131,"Heracleum sphondylium",-105.28,36.99,2007,8,7,"US","Heracleum maximum"
