"gbifID","species","longitude","latitude","year","month","day","countryCode","accepted_name"
3384286914,"Ligusticum scoticum",-166.00473,65.188652,2021,7,23,"US","Ligusticum scoticum"
1146338041,"Ligusticum scoticum",-164.46,64.55,2000,7,18,"US","Ligusticum scoticum"
3383835881,"Ligusticum scoticum",-165.371902,64.518402,2021,7,17,"US","Ligusticum scoticum"
1702096114,"Ligusticum scoticum",-165.291,64.486,2002,7,11,"US","Ligusticum scoticum"
3383849921,"Ligusticum scoticum",-160.79808,63.879058,2021,7,18,"US","Ligusticum scoticum"
2856492496,"Ligusticum scoticum",-162.292686,63.512406,2020,8,9,"US","Ligusticum scoticum"
3384649510,"Ligusticum scoticum",-149.357916,61.470358,2020,8,27,"US","Ligusticum scoticum"
3889072480,"Ligusticum scoticum",-146.406478,61.128778,2022,7,8,"US","Ligusticum scoticum"
3328098572,"Ligusticum scoticum",-146.352097,61.125889,2021,7,14,"US","Ligusticum scoticum"
3330458817,"Ligusticum scoticum",-146.267044,61.115322,2021,7,16,"US","Ligusticum scoticum"
3859015745,"Ligusticum scoticum",-149.694481,61.005331,2021,7,5,"US","Ligusticum scoticum"
1571128719,"Ligusticum scoticum",-149.768542,60.967203,2017,6,8,"US","Ligusticum scoticum"
3859065710,"Ligusticum scoticum",-148.221925,60.958803,2022,5,27,"US","Ligusticum scoticum"
3874150262,"Ligusticum scoticum",-148.207519,60.988236,2022,7,8,"US","Ligusticum scoticum"
2999040629,"Ligusticum scoticum",-149.356722,60.927833,2018,6,26,"US","Ligusticum scoticum"
3337745997,"Ligusticum scoticum",-149.54814,60.867589,2017,8,12,"US","Ligusticum scoticum"
3802770546,"Ligusticum scoticum",-148.717728,60.77848,2022,5,20,"US","Ligusticum scoticum"
3384206564,"Ligusticum scoticum",-148.339008,60.4723,2020,7,28,"US","Ligusticum scoticum"
3873920759,"Ligusticum scoticum",-145.520828,60.430238,2022,7,12,"US","Ligusticum scoticum"
2803080103,"Ligusticum scoticum",-145.30541,60.436767,2020,6,20,"US","Ligusticum scoticum"
3860554687,"Ligusticum scoticum",-166.216957,60.381009,2022,6,28,"US","Ligusticum scoticum"
2634559268,"Ligusticum scoticum",-151.314378,60.384533,2020,5,29,"US","Ligusticum scoticum"
2856525357,"Ligusticum scoticum",-145.774925,60.378009,2020,5,2,"US","Ligusticum scoticum"
3325922358,"Ligusticum scoticum",-145.752071,60.369204,2021,7,6,"US","Ligusticum scoticum"
1802668190,"Ligusticum scoticum",-151.093762,60.309049,2017,10,1,"US","Ligusticum scoticum"
1146317979,"Ligusticum scoticum",-166.9375,60.204167,2009,7,12,"US","Ligusticum scoticum"
3874183769,"Ligusticum scoticum",-149.437214,60.112523,2022,7,21,"US","Ligusticum scoticum"
1572392577,"Ligusticum scoticum",-151.673062,60.047639,2017,7,7,"US","Ligusticum scoticum"
3859805832,"Ligusticum scoticum",-149.444213,60.044811,2022,5,30,"US","Ligusticum scoticum"
1146362009,"Ligusticum scoticum",-143.75,60.08,2002,8,4,"US","Ligusticum scoticum"
3327700947,"Ligusticum scoticum",-151.702244,60.031517,2021,7,10,"US","Ligusticum scoticum"
3873910910,"Ligusticum scoticum",-149.737318,59.879428,2022,7,13,"US","Ligusticum scoticum"
2814060026,"Ligusticum scoticum",-144.593763,59.797645,2020,7,1,"US","Ligusticum scoticum"
1146245850,"Ligusticum scoticum",-139.838000990308,59.822264832437,2003,7,24,"US","Ligusticum scoticum"
3314428317,"Ligusticum scoticum",-151.867065,59.774006,2021,6,22,"US","Ligusticum scoticum"
3383929801,"Ligusticum scoticum",-161.929213,59.740603,2021,6,26,"US","Ligusticum scoticum"
1658227555,"Ligusticum scoticum",-149.8033,59.69111,2003,7,19,"US","Ligusticum scoticum"
3113364452,"Ligusticum scoticum",-151.662659,59.661873,2021,5,10,"US","Ligusticum scoticum"
3113351825,"Ligusticum scoticum",-151.563018,59.638606,2021,5,7,"US","Ligusticum scoticum"
3802483512,"Ligusticum scoticum",-151.519004,59.638125,2022,5,19,"US","Ligusticum scoticum"
3355746961,"Ligusticum scoticum",-151.494872,59.632606,2021,8,15,"US","Ligusticum scoticum"
1640055901,"Ligusticum scoticum",-151.465215,59.622047,2017,8,26,"US","Ligusticum scoticum"
3859548847,"Ligusticum scoticum",-151.421862,59.601667,2022,6,20,"US","Ligusticum scoticum"
1146361452,"Ligusticum scoticum",-153.77,59.52,2002,7,9,"US","Ligusticum scoticum"
1572358044,"Ligusticum scoticum",-135.349125,59.465626,2017,7,2,"US","Ligusticum scoticum"
1146333910,"Ligusticum scoticum",-135.63,59.38,2000,7,17,"US","Ligusticum scoticum"
1890686779,"Ligusticum scoticum",-135.450112,59.215703,2018,7,25,"US","Ligusticum scoticum"
2273312879,"Ligusticum scoticum",-135.373611,59.214703,2019,6,18,"US","Ligusticum scoticum"
1146334194,"Ligusticum scoticum",-135.38,59.2,2000,7,21,"US","Ligusticum scoticum"
1988070455,"Ligusticum scoticum",-135.37557,59.144788,2014,7,13,"US","Ligusticum scoticum"
1146394634,"Ligusticum scoticum",-161.89,59.07,2004,7,10,"US","Ligusticum scoticum"
2350366328,"Ligusticum scoticum",-136.644566,58.835212,2019,8,8,"US","Ligusticum scoticum"
3113584159,"Ligusticum scoticum",-134.967213,58.661086,2021,5,8,"US","Ligusticum scoticum"
2422398751,"Ligusticum scoticum",-135.19389,58.60333,2004,8,2,"US","Ligusticum scoticum"
3330436624,"Ligusticum scoticum",-135.882913,58.483935,2021,7,8,"US","Ligusticum scoticum"
3860350982,"Ligusticum scoticum",-135.731553,58.393822,2022,7,2,"US","Ligusticum scoticum"
3860594123,"Ligusticum scoticum",-134.657468,58.385285,2022,7,3,"US","Ligusticum scoticum"
1146232070,"Ligusticum scoticum",-136.53195,58.3559,2001,7,20,"US","Ligusticum scoticum"
2814298843,"Ligusticum scoticum",-134.726423,58.37204,2020,6,28,"US","Ligusticum scoticum"
3858750694,"Ligusticum scoticum",-134.601864,58.352175,2022,6,30,"US","Ligusticum scoticum"
3301823650,"Ligusticum scoticum",-134.677288,58.302713,2021,6,6,"US","Ligusticum scoticum"
2988688371,"Ligusticum scoticum",-134.366145,58.263517,2016,8,24,"US","Ligusticum scoticum"
2856670796,"Ligusticum scoticum",-134.01179,58.073958,2020,8,19,"US","Ligusticum scoticum"
2856630540,"Ligusticum scoticum",-133.944726,58.038272,2020,8,13,"US","Ligusticum scoticum"
2856754578,"Ligusticum scoticum",-133.658048,58.012696,2020,8,18,"US","Ligusticum scoticum"
3902780120,"Ligusticum scoticum",-152.738518,57.966926,2022,8,17,"US","Ligusticum scoticum"
1850978572,"Ligusticum scoticum",-136.389582,57.959611,2018,5,31,"US","Ligusticum scoticum"
3325713089,"Ligusticum scoticum",-133.65608,57.881227,2021,7,1,"US","Ligusticum scoticum"
3881460530,"Ligusticum scoticum",-152.352047,57.835561,2022,7,11,"US","Ligusticum scoticum"
2856537579,"Ligusticum scoticum",-133.815477,57.841405,2020,8,13,"US","Ligusticum scoticum"
3858701181,"Ligusticum scoticum",-152.346672,57.819999,2022,6,10,"US","Ligusticum scoticum"
3044641788,"Ligusticum scoticum",-152.391067,57.787766,2018,7,20,"US","Ligusticum scoticum"
1880540605,"Ligusticum scoticum",-152.495072,57.734081,2018,6,20,"US","Ligusticum scoticum"
2856749319,"Ligusticum scoticum",-136.168756,57.720928,2011,6,11,"US","Ligusticum scoticum"
1850979422,"Ligusticum scoticum",-136.158852,57.642776,2018,6,2,"US","Ligusticum scoticum"
3124741622,"Ligusticum scoticum",-136.097917,57.659356,2021,5,17,"US","Ligusticum scoticum"
1146246257,"Ligusticum scoticum",-154.65,57.466667,2005,6,28,"US","Ligusticum scoticum"
3330480924,"Ligusticum scoticum",-152.351187,57.42626,2021,7,17,"US","Ligusticum scoticum"
1092890237,"Ligusticum scoticum",-135.624361,57.41053,2015,5,20,"US","Ligusticum scoticum"
2423126956,"Ligusticum scoticum",-135.824906,57.302842,2019,8,12,"US","Ligusticum scoticum"
2818648542,"Ligusticum scoticum",-135.746593,57.163351,2020,7,1,"US","Ligusticum scoticum"
2620152006,"Ligusticum scoticum",-135.371865,57.135608,2020,5,3,"US","Ligusticum scoticum"
2331955214,"Ligusticum scoticum",-135.755018,57.12307,2019,8,6,"US","Ligusticum scoticum"
2273196026,"Ligusticum scoticum",-135.401412,57.097957,2018,6,15,"US","Ligusticum scoticum"
2294623948,"Ligusticum scoticum",-135.601458,57.0605,2019,7,18,"US","Ligusticum scoticum"
3859197669,"Ligusticum scoticum",-135.457449,57.078496,2021,6,9,"US","Ligusticum scoticum"
1500339639,"Ligusticum scoticum",-135.385079,57.043292,2017,4,29,"US","Ligusticum scoticum"
3859250524,"Ligusticum scoticum",-135.358824,57.048264,2022,6,28,"US","Ligusticum scoticum"
2397575210,"Ligusticum scoticum",-135.313774,57.047477,2019,8,24,"US","Ligusticum scoticum"
3325515718,"Ligusticum scoticum",-135.734839,57.003603,2021,6,16,"US","Ligusticum scoticum"
3330519755,"Ligusticum scoticum",-135.685693,57.012248,2021,7,16,"US","Ligusticum scoticum"
3314235027,"Ligusticum scoticum",-135.611189,57.011144,2021,6,6,"US","Ligusticum scoticum"
2620058765,"Ligusticum scoticum",-135.314639,57.034655,2020,5,3,"US","Ligusticum scoticum"
2626219591,"Ligusticum scoticum",-135.386686,56.843179,2020,5,12,"US","Ligusticum scoticum"
2626588056,"Ligusticum scoticum",-135.323221,56.811903,2020,5,12,"US","Ligusticum scoticum"
1315066920,"Ligusticum scoticum",-134.646678,56.250968,2016,9,8,"US","Ligusticum scoticum"
3759288204,"Ligusticum scoticum",-133.078644,56.19135,2021,7,4,"US","Ligusticum scoticum"
3858850998,"Ligusticum scoticum",-132.042973,55.799935,2022,6,13,"US","Ligusticum scoticum"
3858736822,"Ligusticum scoticum",-132.259638,55.738156,2022,6,12,"US","Ligusticum scoticum"
3859584774,"Ligusticum scoticum",-131.639842,55.705848,2022,6,20,"US","Ligusticum scoticum"
1848774756,"Ligusticum scoticum",-133.64058,55.612472,2018,5,30,"US","Ligusticum scoticum"
3858661539,"Ligusticum scoticum",-131.616382,55.588018,2022,6,18,"US","Ligusticum scoticum"
1584407005,"Ligusticum scoticum",-131.726871,55.511553,2017,7,19,"US","Ligusticum scoticum"
3301992121,"Ligusticum scoticum",-132.722107,55.371445,2021,6,5,"US","Ligusticum scoticum"
3888719482,"Ligusticum scoticum",-131.543237,55.293657,2022,7,8,"US","Ligusticum scoticum"
3860312186,"Ligusticum scoticum",-130.635374,55.30019,2022,7,2,"US","Ligusticum scoticum"
3963394512,"Ligusticum scoticum",-77.758042,55.29848,2022,8,21,"CA","Ligusticum scoticum"
3889185635,"Ligusticum scoticum",-131.730569,55.14656,2022,8,1,"US","Ligusticum scoticum"
2856733346,"Ligusticum scoticum",-131.589982,55.095683,2019,9,14,"US","Ligusticum scoticum"
3860770325,"Ligusticum scoticum",-165.733302,54.123073,2022,7,4,"US","Ligusticum scoticum"
3383911696,"Ligusticum scoticum",-128.682343,54.00119,2021,5,29,"CA","Ligusticum scoticum"
1949642329,"Ligusticum scoticum",-130.681944,53.945833,2005,6,20,"CA","Ligusticum scoticum"
1883473396,"Ligusticum scoticum",-166.541397,53.878075,2018,7,5,"US","Ligusticum scoticum"
1880651007,"Ligusticum scoticum",-166.434294,53.913844,2018,7,3,"US","Ligusticum scoticum"
1880649044,"Ligusticum scoticum",-166.560561,53.848056,2018,7,3,"US","Ligusticum scoticum"
1880649201,"Ligusticum scoticum",-166.510269,53.867333,2018,7,3,"US","Ligusticum scoticum"
1880650937,"Ligusticum scoticum",-166.446625,53.868022,2018,7,3,"US","Ligusticum scoticum"
1949642695,"Ligusticum scoticum",-129.971944,53.869444,2005,6,27,"CA","Ligusticum scoticum"
1949642462,"Ligusticum scoticum",-130.525278,53.575833,2005,6,21,"CA","Ligusticum scoticum"
3860011609,"Ligusticum scoticum",-132.09903,53.254213,2022,6,11,"CA","Ligusticum scoticum"
2873996465,"Ligusticum scoticum",-131.983322,53.212917,2020,9,28,"CA","Ligusticum scoticum"
3963542504,"Ligusticum scoticum",-81.441734,53.189034,2022,7,26,"CA","Ligusticum scoticum"
1806354540,"Ligusticum scoticum",-81.08484,53.16879,2008,6,5,"CA","Ligusticum scoticum"
3399289681,"Ligusticum scoticum",-129.118149,53.060673,2021,8,19,"CA","Ligusticum scoticum"
2397493225,"Ligusticum scoticum",-82.055771,53.0168,2019,7,27,"CA","Ligusticum scoticum"
1248693011,"Ligusticum scoticum",-78.966667,52.933333,2007,7,20,"CA","Ligusticum scoticum"
2549997381,"Ligusticum scoticum",-127.839913,52.33799,2010,6,27,"CA","Ligusticum scoticum"
2856486343,"Ligusticum scoticum",-128.0419,52.281086,2019,6,26,"CA","Ligusticum scoticum"
3384282252,"Ligusticum scoticum",-78.500441,52.238193,2021,8,30,"CA","Ligusticum scoticum"
2574227054,"Ligusticum scoticum",-127.835036,52.059006,2019,6,21,"CA","Ligusticum scoticum"
1880641750,"Ligusticum scoticum",-80.943558,51.963921,2012,7,14,"CA","Ligusticum scoticum"
473311044,"Ligusticum scoticum",-55.365556,51.965,2004,8,17,"CA","Ligusticum scoticum"
3963468526,"Ligusticum scoticum",-78.89505,51.9043,2022,8,19,"CA","Ligusticum scoticum"
473311918,"Ligusticum scoticum",-56.133611,51.854167,2004,7,13,"CA","Ligusticum scoticum"
2422949055,"Ligusticum scoticum",-80.691257,51.801365,2019,8,14,"CA","Ligusticum scoticum"
3858668719,"Ligusticum scoticum",-56.430585,51.733129,2022,6,13,"CA","Ligusticum scoticum"
3859100648,"Ligusticum scoticum",-128.026406,51.648999,2022,6,21,"CA","Ligusticum scoticum"
2445059528,"Ligusticum scoticum",-80.54585,51.624804,2019,8,6,"CA","Ligusticum scoticum"
3018135568,"Ligusticum scoticum",-55.524057,51.601755,2019,8,4,"CA","Ligusticum scoticum"
2856745533,"Ligusticum scoticum",-55.463175,51.515119,2020,8,15,"CA","Ligusticum scoticum"
3873555547,"Ligusticum scoticum",-56.941947,51.488787,2022,7,21,"CA","Ligusticum scoticum"
3902147722,"Ligusticum scoticum",-56.858326,51.460656,2022,6,13,"CA","Ligusticum scoticum"
2028487413,"Ligusticum scoticum",-57.172772,51.407715,2014,8,14,"CA","Ligusticum scoticum"
2429234974,"Ligusticum scoticum",-55.584331,51.363725,2019,8,20,"CA","Ligusticum scoticum"
3874185715,"Ligusticum scoticum",-56.742538,51.29336,2022,7,24,"CA","Ligusticum scoticum"
1978757685,"Ligusticum scoticum",-58.6375,51.212778,2010,9,3,"CA","Ligusticum scoticum"
3859448354,"Ligusticum scoticum",-56.7813,51.203946,2022,6,11,"CA","Ligusticum scoticum"
1988174171,"Ligusticum scoticum",-127.668333,51.103333,2002,6,26,"CA","Ligusticum scoticum"
2429234387,"Ligusticum scoticum",-56.883761,51.080881,2019,8,18,"CA","Ligusticum scoticum"
3384656552,"Ligusticum scoticum",-128.394958,50.779553,2020,6,28,"CA","Ligusticum scoticum"
3414083355,"Ligusticum scoticum",-127.49,50.71,2016,8,30,"CA","Ligusticum scoticum"
3859399235,"Ligusticum scoticum",-57.374023,50.717132,2022,6,10,"CA","Ligusticum scoticum"
2641311397,"Ligusticum scoticum",-57.410793,50.699933,2019,8,19,"CA","Ligusticum scoticum"
2641318401,"Ligusticum scoticum",-57.347682,50.693952,2019,8,19,"CA","Ligusticum scoticum"
1054800153,"Ligusticum scoticum",-59.231111,50.6108329990751,2002,8,7,"CA","Ligusticum scoticum"
2429231815,"Ligusticum scoticum",-57.523606,50.387128,2019,8,18,"CA","Ligusticum scoticum"
2851267065,"Ligusticum scoticum",-62.807226,50.286653,2020,8,12,"CA","Ligusticum scoticum"
2574251810,"Ligusticum scoticum",-66.177693,50.241922,2018,8,14,"CA","Ligusticum scoticum"
3354991704,"Ligusticum scoticum",-64.205475,50.221163,2021,7,28,"CA","Ligusticum scoticum"
2856538432,"Ligusticum scoticum",-64.128748,50.218727,2020,7,6,"CA","Ligusticum scoticum"
2856482421,"Ligusticum scoticum",-64.119818,50.213048,2020,7,6,"CA","Ligusticum scoticum"
3070637063,"Ligusticum scoticum",-63.784455,50.216592,2020,7,28,"CA","Ligusticum scoticum"
3383854944,"Ligusticum scoticum",-66.390472,50.206783,2021,7,31,"CA","Ligusticum scoticum"
2826141637,"Ligusticum scoticum",-63.402008,50.201213,2020,7,5,"CA","Ligusticum scoticum"
2856702481,"Ligusticum scoticum",-61.272129,50.188831,2020,8,4,"CA","Ligusticum scoticum"
3337793535,"Ligusticum scoticum",-66.717291,50.087799,2021,8,6,"CA","Ligusticum scoticum"
3338008017,"Ligusticum scoticum",-57.664427,50.114116,2021,8,12,"CA","Ligusticum scoticum"
1978758673,"Ligusticum scoticum",-66.738333,50.045,2010,9,20,"CA","Ligusticum scoticum"
3067614073,"Ligusticum scoticum",-57.785194,49.914665,2020,8,11,"CA","Ligusticum scoticum"
3325836637,"Ligusticum scoticum",-54.182534,49.728647,2021,7,2,"CA","Ligusticum scoticum"
3912043443,"Ligusticum scoticum",-57.963941,49.683179,2022,6,10,"CA","Ligusticum scoticum"
3912216662,"Ligusticum scoticum",-57.80243,49.698654,2022,6,30,"CA","Ligusticum scoticum"
3325737311,"Ligusticum scoticum",-54.194087,49.686539,2021,7,5,"CA","Ligusticum scoticum"
2429226905,"Ligusticum scoticum",-54.140424,49.669017,2019,8,7,"CA","Ligusticum scoticum"
3079771477,"Ligusticum scoticum",-57.966197,49.665303,2018,8,7,"CA","Ligusticum scoticum"
3384651127,"Ligusticum scoticum",-62.598776,49.615848,2021,7,5,"CA","Ligusticum scoticum"
3335441831,"Ligusticum scoticum",-53.779269,49.579735,2021,7,24,"CA","Ligusticum scoticum"
2429273289,"Ligusticum scoticum",-57.875868,49.517667,2019,7,24,"CA","Ligusticum scoticum"
2576304188,"Ligusticum scoticum",-58.125421,49.491922,2019,8,23,"CA","Ligusticum scoticum"
2850970929,"Ligusticum scoticum",-67.305356,49.419658,2019,7,24,"CA","Ligusticum scoticum"
2856527506,"Ligusticum scoticum",-67.611415,49.312876,2020,8,15,"CA","Ligusticum scoticum"
2518120018,"Ligusticum scoticum",-68.150394,49.221297,2018,8,15,"CA","Ligusticum scoticum"
2549980703,"Ligusticum scoticum",-63.069522,49.227177,2016,8,14,"CA","Ligusticum scoticum"
3355525246,"Ligusticum scoticum",-66.495987,49.127647,2021,8,30,"CA","Ligusticum scoticum"
1640066181,"Ligusticum scoticum",-58.423442,49.092661,2012,7,8,"CA","Ligusticum scoticum"
3124619657,"Ligusticum scoticum",-53.568095,49.078878,2021,5,23,"CA","Ligusticum scoticum"
3874111959,"Ligusticum scoticum",-68.641603,48.932463,2022,7,11,"CA","Ligusticum scoticum"
3881435705,"Ligusticum scoticum",-53.086098,48.701418,2022,6,30,"CA","Ligusticum scoticum"
2826127515,"Ligusticum scoticum",-68.074074,48.664546,2020,6,3,"CA","Ligusticum scoticum"
3764110189,"Ligusticum scoticum",-64.169512,48.625931,2014,8,6,"CA","Ligusticum scoticum"
3892657478,"Ligusticum scoticum",-53.033752,48.633933,2022,6,30,"CA","Ligusticum scoticum"
2856713342,"Ligusticum scoticum",-64.168458,48.6237,2020,8,24,"CA","Ligusticum scoticum"
3327701293,"Ligusticum scoticum",-69.248703,48.550157,2021,7,11,"CA","Ligusticum scoticum"
2856500410,"Ligusticum scoticum",-68.470934,48.516299,2020,7,12,"CA","Ligusticum scoticum"
668744397,"Ligusticum scoticum",-64.17351,48.486172,2007,7,20,"CA","Ligusticum scoticum"
3330790938,"Ligusticum scoticum",-59.267628,48.464937,2021,7,12,"CA","Ligusticum scoticum"
2294668109,"Ligusticum scoticum",-70.920395,48.453258,2019,7,24,"CA","Ligusticum scoticum"
3005142690,"Ligusticum scoticum",-70.91563,48.44874,2020,7,11,"CA","Ligusticum scoticum"
2423073803,"Ligusticum scoticum",-70.606589,48.381819,2019,8,28,"CA","Ligusticum scoticum"
3760059468,"Ligusticum scoticum",-71.138514,48.351674,2018,8,16,"CA","Ligusticum scoticum"
2999177476,"Ligusticum scoticum",-68.818988,48.365335,2020,8,27,"CA","Ligusticum scoticum"
3881444168,"Ligusticum scoticum",-53.334708,48.36422,2022,7,1,"CA","Ligusticum scoticum"
3337546375,"Ligusticum scoticum",-68.855623,48.332487,2020,6,14,"CA","Ligusticum scoticum"
2273215840,"Ligusticum scoticum",-52.93935,48.167464,2019,6,15,"CA","Ligusticum scoticum"
2563467748,"Ligusticum scoticum",-69.8367,48.160381,2019,10,15,"CA","Ligusticum scoticum"
3355439513,"Ligusticum scoticum",-69.716392,48.135261,2021,8,31,"CA","Ligusticum scoticum"
2429532508,"Ligusticum scoticum",-69.252845,48.138386,2019,10,4,"CA","Ligusticum scoticum"
3383914852,"Ligusticum scoticum",-69.215475,48.108601,2021,7,17,"CA","Ligusticum scoticum"
3902157140,"Ligusticum scoticum",-66.124543,48.094931,2022,8,3,"CA","Ligusticum scoticum"
3902230893,"Ligusticum scoticum",-65.549785,48.067107,2022,7,30,"CA","Ligusticum scoticum"
3455313159,"Ligusticum scoticum",-69.478015,48.000055,2021,6,9,"CA","Ligusticum scoticum"
3032090010,"Ligusticum scoticum",-64.552289,47.971122,2020,9,27,"CA","Ligusticum scoticum"
3039404161,"Ligusticum scoticum",-64.484381,47.992553,2020,9,29,"CA","Ligusticum scoticum"
3383953116,"Ligusticum scoticum",-69.690059,47.900055,2021,8,15,"CA","Ligusticum scoticum"
2422855278,"Ligusticum scoticum",-69.566881,47.848311,2019,6,30,"CA","Ligusticum scoticum"
1248692961,"Ligusticum scoticum",-69.5875,47.808583,2012,9,5,"CA","Ligusticum scoticum"
3302261382,"Ligusticum scoticum",-65.217608,47.80692,2021,6,6,"CA","Ligusticum scoticum"
1453288249,"Ligusticum scoticum",-64.989066,47.820906,2016,7,14,"CA","Ligusticum scoticum"
3330771206,"Ligusticum scoticum",-64.936177,47.796445,2021,7,17,"CA","Ligusticum scoticum"
1946315325,"Ligusticum scoticum",-64.537205,47.810913,2018,8,30,"CA","Ligusticum scoticum"
1453093723,"Ligusticum scoticum",-52.7868,47.808592,2016,6,22,"CA","Ligusticum scoticum"
1453289124,"Ligusticum scoticum",-65.254023,47.788012,2016,7,15,"CA","Ligusticum scoticum"
1914240329,"Ligusticum scoticum",-65.072325,47.768116,2018,9,25,"CA","Ligusticum scoticum"
2851020923,"Ligusticum scoticum",-52.721889,47.757159,2020,8,1,"CA","Ligusticum scoticum"
1914249289,"Ligusticum scoticum",-64.680527,47.716044,2018,9,27,"CA","Ligusticum scoticum"
3039141181,"Ligusticum scoticum",-64.662097,47.722715,2020,9,28,"CA","Ligusticum scoticum"
2898523204,"Ligusticum scoticum",-65.663784,47.679957,2020,8,13,"CA","Ligusticum scoticum"
1453296966,"Ligusticum scoticum",-64.779182,47.690222,2016,10,4,"CA","Ligusticum scoticum"
2283281506,"Ligusticum scoticum",-64.733496,47.687946,2007,8,26,"CA","Ligusticum scoticum"
3888872171,"Ligusticum scoticum",-52.700711,47.703074,2022,7,30,"CA","Ligusticum scoticum"
2818773126,"Ligusticum scoticum",-69.752873,47.649103,2020,7,8,"CA","Ligusticum scoticum"
3039120212,"Ligusticum scoticum",-64.79947,47.635006,2020,9,28,"CA","Ligusticum scoticum"
3031693954,"Ligusticum scoticum",-64.784007,47.652921,2020,9,8,"CA","Ligusticum scoticum"
3889102866,"Ligusticum scoticum",-53.765231,47.633919,2022,8,7,"CA","Ligusticum scoticum"
3333058179,"Ligusticum scoticum",-52.731586,47.660526,2021,7,26,"CA","Ligusticum scoticum"
3947197700,"Ligusticum scoticum",-52.671161,47.662617,2022,10,16,"CA","Ligusticum scoticum"
3109020392,"Ligusticum scoticum",-65.653642,47.622363,2020,6,2,"CA","Ligusticum scoticum"
3881481950,"Ligusticum scoticum",-59.268077,47.624423,2022,7,20,"CA","Ligusticum scoticum"
3881693182,"Ligusticum scoticum",-57.645218,47.604293,2022,7,15,"CA","Ligusticum scoticum"
2641486397,"Ligusticum scoticum",-53.200453,47.620063,2019,8,12,"CA","Ligusticum scoticum"
3337677994,"Ligusticum scoticum",-61.466612,47.570012,2021,8,8,"CA","Ligusticum scoticum"
2856542339,"Ligusticum scoticum",-52.678333,47.582222,2019,9,1,"CA","Ligusticum scoticum"
3302203120,"Ligusticum scoticum",-64.894402,47.525611,2021,5,28,"CA","Ligusticum scoticum"
2456532963,"Ligusticum scoticum",-64.868889,47.52639,2019,10,10,"CA","Ligusticum scoticum"
3466060846,"Ligusticum scoticum",-55.938137,47.531864,2021,7,6,"CA","Ligusticum scoticum"
3902502546,"Ligusticum scoticum",-52.621272,47.524013,2022,8,21,"CA","Ligusticum scoticum"
2273197363,"Ligusticum scoticum",-70.024179,47.486054,2018,8,18,"CA","Ligusticum scoticum"
3384242182,"Ligusticum scoticum",-53.14994,47.4632,2021,9,4,"CA","Ligusticum scoticum"
3892295207,"Ligusticum scoticum",-70.315967,47.425408,2022,8,15,"CA","Ligusticum scoticum"
3330420314,"Ligusticum scoticum",-52.670442,47.440363,2018,8,1,"CA","Ligusticum scoticum"
1837095721,"Ligusticum scoticum",-64.920126,47.337728,2006,7,22,"CA","Ligusticum scoticum"
2576354783,"Ligusticum scoticum",-61.880649,47.345839,2019,8,26,"CA","Ligusticum scoticum"
3325744579,"Ligusticum scoticum",-64.967147,47.279172,2021,7,8,"CA","Ligusticum scoticum"
3079766008,"Ligusticum scoticum",-62.012747,47.250122,2020,9,9,"CA","Ligusticum scoticum"
2802800578,"Ligusticum scoticum",-52.809383,47.258747,2020,6,7,"CA","Ligusticum scoticum"
3384256925,"Ligusticum scoticum",-65.071564,47.22997,2021,8,10,"CA","Ligusticum scoticum"
1453287568,"Ligusticum scoticum",-65.010803,47.233805,2016,7,13,"CA","Ligusticum scoticum"
3337734872,"Ligusticum scoticum",-61.852465,47.238303,2021,7,18,"CA","Ligusticum scoticum"
3337422911,"Ligusticum scoticum",-61.822065,47.228932,2021,7,19,"CA","Ligusticum scoticum"
3117810014,"Ligusticum scoticum",-52.841575,47.247763,2021,5,15,"CA","Ligusticum scoticum"
2542913156,"Ligusticum scoticum",-53.65454,47.143564,2019,8,11,"CA","Ligusticum scoticum"
2802692636,"Ligusticum scoticum",-52.95302,47.094883,2020,6,20,"CA","Ligusticum scoticum"
2576437982,"Ligusticum scoticum",-52.880008,47.032167,2019,9,22,"CA","Ligusticum scoticum"
3067658055,"Ligusticum scoticum",-52.947002,46.922749,2020,8,1,"CA","Ligusticum scoticum"
2856485335,"Ligusticum scoticum",-64.909202,46.826859,2019,9,1,"CA","Ligusticum scoticum"
2851124336,"Ligusticum scoticum",-64.05882,46.796697,2020,8,9,"CA","Ligusticum scoticum"
2823436435,"Ligusticum scoticum",-54.193245,46.823522,2020,7,18,"CA","Ligusticum scoticum"
3881704170,"Ligusticum scoticum",-53.642932,46.793547,2022,6,28,"CA","Ligusticum scoticum"
3860653807,"Ligusticum scoticum",-64.013895,46.763562,2022,6,22,"CA","Ligusticum scoticum"
3915264030,"Ligusticum scoticum",-52.999722,46.762087,2022,9,23,"CA","Ligusticum scoticum"
3327993113,"Ligusticum scoticum",-64.001564,46.744894,2021,7,11,"CA","Ligusticum scoticum"
1913152002,"Ligusticum scoticum",-63.995415,46.732148,2018,9,2,"CA","Ligusticum scoticum"
2265847876,"Ligusticum scoticum",-53.29079,46.744288,2019,6,8,"CA","Ligusticum scoticum"
1913701106,"Ligusticum scoticum",-60.945945,46.703903,2018,6,9,"CA","Ligusticum scoticum"
3355091072,"Ligusticum scoticum",-53.164177,46.626484,2021,8,22,"CA","Ligusticum scoticum"
3881609178,"Ligusticum scoticum",-53.074345,46.65992,2022,6,28,"CA","Ligusticum scoticum"
2864756716,"Ligusticum scoticum",-64.118401,46.586124,2020,9,13,"CA","Ligusticum scoticum"
3384948203,"Ligusticum scoticum",-64.081433,46.623936,2021,9,14,"CA","Ligusticum scoticum"
3986089767,"Ligusticum scoticum",-63.80488,46.616295,2022,9,7,"CA","Ligusticum scoticum"
3912326826,"Ligusticum scoticum",-63.426293,46.49262,2022,8,31,"CA","Ligusticum scoticum"
3912250515,"Ligusticum scoticum",-63.172699,46.427525,2022,8,30,"CA","Ligusticum scoticum"
3330502412,"Ligusticum scoticum",-60.435088,46.343842,2021,5,21,"CA","Ligusticum scoticum"
3902352687,"Ligusticum scoticum",-64.574388,46.280065,2022,7,12,"CA","Ligusticum scoticum"
3330814532,"Ligusticum scoticum",-60.542017,46.284991,2021,7,22,"CA","Ligusticum scoticum"
3097261850,"Ligusticum scoticum",-64.517312,46.237373,2020,7,31,"CA","Ligusticum scoticum"
3415514322,"Ligusticum scoticum",-64.435378,46.234806,2021,11,8,"CA","Ligusticum scoticum"
2294506534,"Ligusticum scoticum",-64.397508,46.212421,2019,7,14,"CA","Ligusticum scoticum"
3903451626,"Ligusticum scoticum",-60.574309,46.23245,2022,9,1,"CA","Ligusticum scoticum"
3947074690,"Ligusticum scoticum",-60.320736,46.210653,2022,10,16,"CA","Ligusticum scoticum"
2423215988,"Ligusticum scoticum",-60.036205,46.216325,2019,9,18,"CA","Ligusticum scoticum"
3330659660,"Ligusticum scoticum",-59.815604,46.177576,2021,7,21,"CA","Ligusticum scoticum"
3456673060,"Ligusticum scoticum",-64.141997,46.156431,2021,11,14,"CA","Ligusticum scoticum"
2856500510,"Ligusticum scoticum",-59.883042,46.097183,2020,8,16,"CA","Ligusticum scoticum"
3455691322,"Ligusticum scoticum",-64.053581,46.052892,2021,11,17,"CA","Ligusticum scoticum"
3457083419,"Ligusticum scoticum",-63.923625,46.057547,2021,11,9,"CA","Ligusticum scoticum"
3455660547,"Ligusticum scoticum",-61.53758,46.000447,2021,10,15,"CA","Ligusticum scoticum"
1883492223,"Ligusticum scoticum",-60.401117,46.007902,2018,6,12,"CA","Ligusticum scoticum"
3889079686,"Ligusticum scoticum",-59.693769,46.032943,2022,8,2,"CA","Ligusticum scoticum"
3881622369,"Ligusticum scoticum",-63.99844,45.994815,2022,7,27,"CA","Ligusticum scoticum"
2851157376,"Ligusticum scoticum",-59.848862,45.999411,2020,8,17,"CA","Ligusticum scoticum"
3888881002,"Ligusticum scoticum",-59.699918,45.996525,2022,8,3,"CA","Ligusticum scoticum"
2988316190,"Ligusticum scoticum",-62.749303,45.955994,2020,7,26,"CA","Ligusticum scoticum"
1584411416,"Ligusticum scoticum",-60.790637,45.958221,2017,7,21,"CA","Ligusticum scoticum"
2856518663,"Ligusticum scoticum",-59.935878,45.917039,2020,8,21,"CA","Ligusticum scoticum"
2814414973,"Ligusticum scoticum",-59.877513,45.940171,2020,7,1,"CA","Ligusticum scoticum"
2856481149,"Ligusticum scoticum",-59.868541,45.941522,2020,8,22,"CA","Ligusticum scoticum"
3858924960,"Ligusticum scoticum",-59.819593,45.943393,2022,6,6,"CA","Ligusticum scoticum"
3097063312,"Ligusticum scoticum",-60.628052,45.9053,2013,6,26,"CA","Ligusticum scoticum"
3456684264,"Ligusticum scoticum",-59.977217,45.893762,2021,10,22,"CA","Ligusticum scoticum"
3383965973,"Ligusticum scoticum",-60.145314,45.843267,2021,7,29,"CA","Ligusticum scoticum"
3947728392,"Ligusticum scoticum",-60.086292,45.802567,2022,10,21,"CA","Ligusticum scoticum"
3747207460,"Ligusticum scoticum",-62.174408,45.754708,2021,8,13,"CA","Ligusticum scoticum"
3456378701,"Ligusticum scoticum",-62.082225,45.788953,2021,8,12,"CA","Ligusticum scoticum"
3330560546,"Ligusticum scoticum",-60.20551,45.76694,2021,7,17,"CA","Ligusticum scoticum"
2429286674,"Ligusticum scoticum",-60.237788,45.717138,2019,9,28,"CA","Ligusticum scoticum"
3067687918,"Ligusticum scoticum",-62.367788,45.675308,2020,6,15,"CA","Ligusticum scoticum"
3079551954,"Ligusticum scoticum",-61.432517,45.66992,2020,9,29,"CA","Ligusticum scoticum"
3383910952,"Ligusticum scoticum",-62.42219,45.637145,2021,8,3,"CA","Ligusticum scoticum"
3858286135,"Ligusticum scoticum",-61.792297,45.640828,2022,5,20,"CA","Ligusticum scoticum"
3415921892,"Ligusticum scoticum",-61.416397,45.64927,2021,10,29,"CA","Ligusticum scoticum"
2851303354,"Ligusticum scoticum",-64.781561,45.597618,2020,8,18,"CA","Ligusticum scoticum"
3039127580,"Ligusticum scoticum",-61.034032,45.481669,2020,7,26,"CA","Ligusticum scoticum"
3947087986,"Ligusticum scoticum",-64.926247,45.41083,2022,10,7,"CA","Ligusticum scoticum"
3903222835,"Ligusticum scoticum",-64.456532,45.391965,2022,9,3,"CA","Ligusticum scoticum"
3335084629,"Ligusticum scoticum",-61.38539,45.413328,2021,7,29,"CA","Ligusticum scoticum"
2883171586,"Ligusticum scoticum",-64.930539,45.343744,2020,9,25,"CA","Ligusticum scoticum"
2883155091,"Ligusticum scoticum",-64.908275,45.339186,2020,9,24,"CA","Ligusticum scoticum"
3333151219,"Ligusticum scoticum",-64.801257,45.334138,2021,7,24,"CA","Ligusticum scoticum"
3079554387,"Ligusticum scoticum",-60.999534,45.318981,2017,10,10,"CA","Ligusticum scoticum"
2883051300,"Ligusticum scoticum",-65.998417,45.24577,2020,7,1,"CA","Ligusticum scoticum"
1850946569,"Ligusticum scoticum",-61.769029,45.234767,2018,6,9,"CA","Ligusticum scoticum"
2988283829,"Ligusticum scoticum",-66.296744,45.191094,2020,10,22,"CA","Ligusticum scoticum"
2984370026,"Ligusticum scoticum",-66.807472,45.042297,2020,10,26,"CA","Ligusticum scoticum"
1668895956,"Ligusticum scoticum",-65.184108,44.99047,2017,10,1,"CA","Ligusticum scoticum"
3384625648,"Ligusticum scoticum",-75.880852,44.89088,2021,4,16,"CA","Ligusticum scoticum"
3355050654,"Ligusticum scoticum",-67.049239,44.904145,2021,7,22,"US","Ligusticum scoticum"
3925098795,"Ligusticum scoticum",-66.984489,44.876172,2020,7,18,"US","Ligusticum scoticum"
3416083111,"Ligusticum scoticum",-66.983591,44.858755,2021,10,9,"US","Ligusticum scoticum"
3881654825,"Ligusticum scoticum",-66.922937,44.836158,2022,7,30,"CA","Ligusticum scoticum"
1640081213,"Ligusticum scoticum",-62.571318,44.847586,2017,8,5,"CA","Ligusticum scoticum"
3384670998,"Ligusticum scoticum",-66.965706,44.807518,2021,8,16,"US","Ligusticum scoticum"
3902665817,"Ligusticum scoticum",-62.55335,44.806731,2022,8,24,"CA","Ligusticum scoticum"
3327794976,"Ligusticum scoticum",-66.7324,44.76403,2021,7,10,"CA","Ligusticum scoticum"
1935575253,"Ligusticum scoticum",-65.657503,44.759518,2018,4,21,"CA","Ligusticum scoticum"
3330480582,"Ligusticum scoticum",-63.013008,44.777837,2021,7,13,"CA","Ligusticum scoticum"
2856660849,"Ligusticum scoticum",-67.09917,44.729469,2020,8,15,"US","Ligusticum scoticum"
3109060724,"Ligusticum scoticum",-66.766737,44.677272,2021,4,24,"CA","Ligusticum scoticum"
3112525782,"Ligusticum scoticum",-63.586857,44.66951,2021,4,30,"CA","Ligusticum scoticum"
3327929699,"Ligusticum scoticum",-63.42653,44.680434,2021,7,8,"CA","Ligusticum scoticum"
3416022356,"Ligusticum scoticum",-63.410549,44.671251,2021,9,20,"CA","Ligusticum scoticum"
3330415492,"Ligusticum scoticum",-63.370632,44.677193,2021,7,1,"CA","Ligusticum scoticum"
3760318819,"Ligusticum scoticum",-66.773336,44.652428,2022,4,13,"CA","Ligusticum scoticum"
1586143808,"Ligusticum scoticum",-66.722996,44.627725,2017,7,26,"CA","Ligusticum scoticum"
1914240677,"Ligusticum scoticum",-65.755661,44.625454,2018,9,26,"CA","Ligusticum scoticum"
2397579549,"Ligusticum scoticum",-64.012456,44.642571,2019,8,24,"CA","Ligusticum scoticum"
3456821079,"Ligusticum scoticum",-63.99291,44.647879,2021,10,13,"CA","Ligusticum scoticum"
3333121410,"Ligusticum scoticum",-63.604038,44.6375,2021,5,2,"CA","Ligusticum scoticum"
3773296165,"Ligusticum scoticum",-63.572122,44.664426,2022,4,29,"CA","Ligusticum scoticum"
3859742037,"Ligusticum scoticum",-63.430195,44.662493,2022,5,2,"CA","Ligusticum scoticum"
3784802758,"Ligusticum scoticum",-63.415917,44.653694,2022,5,7,"CA","Ligusticum scoticum"
3888855895,"Ligusticum scoticum",-63.359293,44.64745,2022,8,7,"CA","Ligusticum scoticum"
3860744258,"Ligusticum scoticum",-65.932153,44.615547,2022,6,26,"CA","Ligusticum scoticum"
3112617455,"Ligusticum scoticum",-65.663604,44.605281,2021,5,1,"CA","Ligusticum scoticum"
1913682454,"Ligusticum scoticum",-63.93324,44.586998,2018,9,16,"CA","Ligusticum scoticum"
3873909455,"Ligusticum scoticum",-63.523858,44.60585,2022,7,8,"CA","Ligusticum scoticum"
3772499587,"Ligusticum scoticum",-63.493931,44.606816,2022,4,29,"CA","Ligusticum scoticum"
2294586031,"Ligusticum scoticum",-66.757897,44.582245,2019,7,15,"CA","Ligusticum scoticum"
2294434289,"Ligusticum scoticum",-63.550755,44.572959,2019,6,30,"CA","Ligusticum scoticum"
2802713743,"Ligusticum scoticum",-63.933474,44.505026,2020,5,31,"CA","Ligusticum scoticum"
3384266945,"Ligusticum scoticum",-63.851738,44.506499,2021,7,1,"CA","Ligusticum scoticum"
3772505666,"Ligusticum scoticum",-67.725354,44.49938,2022,5,12,"US","Ligusticum scoticum"
3961443630,"Ligusticum scoticum",-66.148033,44.460003,2022,10,29,"CA","Ligusticum scoticum"
3408244059,"Ligusticum scoticum",-63.893757,44.489245,2021,10,22,"CA","Ligusticum scoticum"
2856543396,"Ligusticum scoticum",-63.81623,44.482045,2020,6,13,"CA","Ligusticum scoticum"
2856546394,"Ligusticum scoticum",-63.616985,44.468311,2020,5,30,"CA","Ligusticum scoticum"
3330761513,"Ligusticum scoticum",-63.559349,44.470044,2021,6,27,"CA","Ligusticum scoticum"
3456626598,"Ligusticum scoticum",-63.524858,44.494594,2021,10,16,"CA","Ligusticum scoticum"
3384769796,"Ligusticum scoticum",-66.01567,44.440139,2021,9,21,"CA","Ligusticum scoticum"
2265802453,"Ligusticum scoticum",-63.618253,44.454292,2019,6,1,"CA","Ligusticum scoticum"
1658227582,"Ligusticum scoticum",-64.24648,44.38211,2010,9,12,"CA","Ligusticum scoticum"
3383833959,"Ligusticum scoticum",-68.208345,44.362378,2021,7,29,"US","Ligusticum scoticum"
2273330096,"Ligusticum scoticum",-68.053388,44.338523,2017,7,3,"US","Ligusticum scoticum"
3384841225,"Ligusticum scoticum",-66.271836,44.345108,2021,9,25,"CA","Ligusticum scoticum"
2294598205,"Ligusticum scoticum",-66.120792,44.335501,2019,7,20,"CA","Ligusticum scoticum"
3384627114,"Ligusticum scoticum",-64.344863,44.367918,2021,8,21,"CA","Ligusticum scoticum"
2429655711,"Ligusticum scoticum",-68.67544,44.279411,2016,10,20,"US","Ligusticum scoticum"
3333325116,"Ligusticum scoticum",-66.351496,44.282636,2021,7,24,"CA","Ligusticum scoticum"
3384666735,"Ligusticum scoticum",-68.334312,44.248268,2021,6,17,"US","Ligusticum scoticum"
3858767302,"Ligusticum scoticum",-68.310965,44.228141,2022,6,27,"US","Ligusticum scoticum"
3330515516,"Ligusticum scoticum",-66.391538,44.248669,2021,6,30,"CA","Ligusticum scoticum"
2294464449,"Ligusticum scoticum",-64.431537,44.230843,2019,7,3,"CA","Ligusticum scoticum"
3858356157,"Ligusticum scoticum",-64.407845,44.235315,2022,6,2,"CA","Ligusticum scoticum"
3061721458,"Ligusticum scoticum",-64.463808,44.182845,2020,8,27,"CA","Ligusticum scoticum"
2856757282,"Ligusticum scoticum",-64.3832,44.205226,2020,8,17,"CA","Ligusticum scoticum"
2856693431,"Ligusticum scoticum",-68.890122,44.129514,2020,6,23,"US","Ligusticum scoticum"
1914199635,"Ligusticum scoticum",-68.691337,44.153552,2018,8,15,"US","Ligusticum scoticum"
3881918399,"Ligusticum scoticum",-64.564172,44.157275,2022,8,1,"CA","Ligusticum scoticum"
3902494259,"Ligusticum scoticum",-64.511345,44.144019,2022,8,20,"CA","Ligusticum scoticum"
2856624418,"Ligusticum scoticum",-69.616317,44.047847,2020,5,7,"US","Ligusticum scoticum"
1978471930,"Ligusticum scoticum",-68.836098,44.037949,2017,7,8,"US","Ligusticum scoticum"
1848793820,"Ligusticum scoticum",-59.978893,43.934048,2018,6,2,"CA","Ligusticum scoticum"
3307309394,"Ligusticum scoticum",-66.150243,43.845295,2021,4,28,"CA","Ligusticum scoticum"
2859984711,"Ligusticum scoticum",-64.844444,43.835185,2020,8,28,"CA","Ligusticum scoticum"
1677335516,"Ligusticum scoticum",-64.817839,43.866573,2017,10,16,"CA","Ligusticum scoticum"
3747023487,"Ligusticum scoticum",-69.549994,43.817719,2021,8,7,"US","Ligusticum scoticum"
1899810018,"Ligusticum scoticum",-66.15535,43.793822,2018,8,30,"CA","Ligusticum scoticum"
1944381839,"Ligusticum scoticum",-64.885388,43.801815,2016,7,14,"CA","Ligusticum scoticum"
3912034707,"Ligusticum scoticum",-64.845843,43.818255,2022,8,26,"CA","Ligusticum scoticum"
2422857112,"Ligusticum scoticum",-69.777022,43.791437,2019,7,10,"US","Ligusticum scoticum"
3994271518,"Ligusticum scoticum",-68.85453,43.785706,2022,9,12,"US","Ligusticum scoticum"
1913669020,"Ligusticum scoticum",-65.903709,43.76522,2018,7,11,"CA","Ligusticum scoticum"
3355619167,"Ligusticum scoticum",-65.250907,43.775726,2021,9,5,"CA","Ligusticum scoticum"
2576269104,"Ligusticum scoticum",-70.053378,43.711473,2010,10,26,"US","Ligusticum scoticum"
3902388318,"Ligusticum scoticum",-65.047937,43.72119,2022,7,31,"CA","Ligusticum scoticum"
3355074423,"Ligusticum scoticum",-70.295948,43.565851,2020,9,19,"US","Ligusticum scoticum"
1935580184,"Ligusticum scoticum",-70.197484,43.565141,2018,8,28,"US","Ligusticum scoticum"
3384183374,"Ligusticum scoticum",-65.615374,43.425337,2021,9,26,"CA","Ligusticum scoticum"
3384758791,"Ligusticum scoticum",-65.470656,43.449845,2021,9,21,"CA","Ligusticum scoticum"
3384749975,"Ligusticum scoticum",-65.625797,43.413527,2021,9,20,"CA","Ligusticum scoticum"
3383852689,"Ligusticum scoticum",-70.545083,43.335087,2021,5,21,"US","Ligusticum scoticum"
2856624348,"Ligusticum scoticum",-70.715271,43.07164,2019,9,11,"US","Ligusticum scoticum"
2856474380,"Ligusticum scoticum",-70.912278,42.476945,2020,5,26,"US","Ligusticum scoticum"
2576348791,"Ligusticum scoticum",-71.034173,42.313986,2019,10,2,"US","Ligusticum scoticum"
3961466954,"Ligusticum scoticum",-70.614113,41.569414,2022,10,27,"US","Ligusticum scoticum"
3947451797,"Ligusticum scoticum",-70.685994,41.52941,2022,10,16,"US","Ligusticum scoticum"
3764114567,"Ligusticum scoticum",-70.602378,41.430447,2022,4,22,"US","Ligusticum scoticum"
3337738453,"Ligusticum scoticum",-70.507622,41.363995,2020,9,23,"US","Ligusticum scoticum"
3384651809,"Ligusticum scoticum",-70.447845,41.365853,2021,6,30,"US","Ligusticum scoticum"
3383861272,"Ligusticum scoticum",-70.777502,41.321751,2021,9,7,"US","Ligusticum scoticum"
3873214561,"Ligusticum scoticum",-70.086839,41.29567,2022,7,8,"US","Ligusticum scoticum"
3384657759,"Ligusticum scoticum",-70.033958,41.299145,2021,6,10,"US","Ligusticum scoticum"
3333107119,"Ligusticum scoticum",-70.126789,41.287175,2021,7,24,"US","Ligusticum scoticum"
