"gbifID","species","longitude","latitude","year","month","day","countryCode","basisOfRecord","accepted_name"
4028719995,"Ligustrum vulgare",-119.270947,50.210905,2023,1,13,"CA","HUMAN_OBSERVATION","Ligustrum vulgare"
4407076645,"Ligustrum vulgare",-119.281129,50.205066,2023,6,10,"CA","HUMAN_OBSERVATION","Ligustrum vulgare"
3384388328,"Ligustrum vulgare",-119.2473,50.207297,2018,10,7,"CA","HUMAN_OBSERVATION","Ligustrum vulgare"
3873519193,"Ligustrum vulgare",-119.387274,50.068585,2022,7,7,"CA","HUMAN_OBSERVATION","Ligustrum vulgare"
3712504384,"Ligustrum vulgare",-123.163308,49.716025,2021,6,20,"CA","HUMAN_OBSERVATION","Ligustrum vulgare"
3307293386,"Ligustrum vulgare",-119.731078,49.690156,2021,3,2,"CA","HUMAN_OBSERVATION","Ligustrum vulgare"
3112320433,"Ligustrum vulgare",-119.57518,49.596802,2021,3,22,"CA","HUMAN_OBSERVATION","Ligustrum vulgare"
1315068522,"Ligustrum vulgare",-117.125287,49.604425,2016,9,3,"CA","HUMAN_OBSERVATION","Ligustrum vulgare"
1988226334,"Ligustrum vulgare",-119.63,49.56,2013,5,16,"CA","PRESERVED_SPECIMEN","Ligustrum vulgare"
1988163100,"Ligustrum vulgare",-119.62499,49.56401,2014,8,19,"CA","PRESERVED_SPECIMEN","Ligustrum vulgare"
3456746199,"Ligustrum vulgare",-117.289062,49.482189,2021,10,17,"CA","HUMAN_OBSERVATION","Ligustrum vulgare"
4062680181,"Ligustrum vulgare",-123.335189,49.383561,2023,3,12,"CA","HUMAN_OBSERVATION","Ligustrum vulgare"
3335390473,"Ligustrum vulgare",-122.999182,49.330706,2021,7,1,"CA","HUMAN_OBSERVATION","Ligustrum vulgare"
4129788225,"Ligustrum vulgare",-122.874298,49.304844,2023,6,2,"CA","HUMAN_OBSERVATION","Ligustrum vulgare"
3018094347,"Ligustrum vulgare",-119.584014,49.292275,2019,6,25,"CA","HUMAN_OBSERVATION","Ligustrum vulgare"
3985812158,"Ligustrum vulgare",-117.657252,49.316656,2022,11,26,"CA","HUMAN_OBSERVATION","Ligustrum vulgare"
3414084431,"Ligustrum vulgare",-123.202444,49.269056,2016,2,27,"CA","PRESERVED_SPECIMEN","Ligustrum vulgare"
2447942984,"Ligustrum vulgare",-122.953512,49.267825,2019,10,25,"CA","HUMAN_OBSERVATION","Ligustrum vulgare"
1988148113,"Ligustrum vulgare",-121.985833,49.211389,2009,4,20,"CA","PRESERVED_SPECIMEN","Ligustrum vulgare"
3414083380,"Ligustrum vulgare",-121.928639,49.217278,2016,5,31,"CA","PRESERVED_SPECIMEN","Ligustrum vulgare"
2802831911,"Ligustrum vulgare",-119.586297,49.239444,2020,6,5,"CA","HUMAN_OBSERVATION","Ligustrum vulgare"
1988110134,"Ligustrum vulgare",-119.550833,49.213056,2007,10,9,"CA","PRESERVED_SPECIMEN","Ligustrum vulgare"
4006588792,"Ligustrum vulgare",-123.970306,49.171185,2022,12,13,"CA","HUMAN_OBSERVATION","Ligustrum vulgare"
1949646318,"Ligustrum vulgare",-123.919722,49.134167,2007,9,25,"CA","PRESERVED_SPECIMEN","Ligustrum vulgare"
3499659696,"Ligustrum vulgare",-123.909325,49.130936,2022,2,11,"CA","HUMAN_OBSERVATION","Ligustrum vulgare"
2898338988,"Ligustrum vulgare",-123.69342,49.13428,2020,7,4,"CA","HUMAN_OBSERVATION","Ligustrum vulgare"
1988154857,"Ligustrum vulgare",-122.52745,49.14205,2013,8,22,"CA","PRESERVED_SPECIMEN","Ligustrum vulgare"
3391330586,"Ligustrum vulgare",-122.644509,49.107852,2021,9,29,"CA","HUMAN_OBSERVATION","Ligustrum vulgare"
3698239597,"Ligustrum vulgare",-122.877336,49.058456,2022,2,20,"CA","HUMAN_OBSERVATION","Ligustrum vulgare"
4028670150,"Ligustrum vulgare",-122.643265,49.016014,2023,2,5,"CA","HUMAN_OBSERVATION","Ligustrum vulgare"
4162098465,"Ligustrum vulgare",-123.083448,48.972069,2023,2,24,"US","HUMAN_OBSERVATION","Ligustrum vulgare"
3923512357,"Ligustrum vulgare",-122.733697,48.96048,2020,10,7,"US","HUMAN_OBSERVATION","Ligustrum vulgare"
4407299748,"Ligustrum vulgare",-122.678432,48.935404,2023,8,17,"US","HUMAN_OBSERVATION","Ligustrum vulgare"
3902632535,"Ligustrum vulgare",-122.642468,48.919267,2020,6,19,"US","HUMAN_OBSERVATION","Ligustrum vulgare"
2988661611,"Ligustrum vulgare",-123.319225,48.875039,2020,11,20,"CA","HUMAN_OBSERVATION","Ligustrum vulgare"
3915313524,"Ligustrum vulgare",-122.502538,48.804541,2022,6,7,"US","HUMAN_OBSERVATION","Ligustrum vulgare"
3398866354,"Ligustrum vulgare",-122.475782,48.764952,2021,10,2,"US","HUMAN_OBSERVATION","Ligustrum vulgare"
3902048461,"Ligustrum vulgare",-122.423933,48.759138,2020,6,29,"US","HUMAN_OBSERVATION","Ligustrum vulgare"
3923566360,"Ligustrum vulgare",-122.223576,48.763743,2020,10,25,"US","HUMAN_OBSERVATION","Ligustrum vulgare"
3902066065,"Ligustrum vulgare",-122.505111,48.728906,2022,6,25,"US","HUMAN_OBSERVATION","Ligustrum vulgare"
3911996534,"Ligustrum vulgare",-122.477603,48.718444,2022,7,4,"US","HUMAN_OBSERVATION","Ligustrum vulgare"
3902044522,"Ligustrum vulgare",-122.511763,48.668472,2020,6,7,"US","HUMAN_OBSERVATION","Ligustrum vulgare"
3399281351,"Ligustrum vulgare",-123.332058,48.627012,2021,10,27,"CA","HUMAN_OBSERVATION","Ligustrum vulgare"
2574166700,"Ligustrum vulgare",-123.465613,48.56073,2020,2,9,"CA","HUMAN_OBSERVATION","Ligustrum vulgare"
2283041632,"Ligustrum vulgare",-123.455365,48.5668,2019,6,24,"CA","HUMAN_OBSERVATION","Ligustrum vulgare"
3456289797,"Ligustrum vulgare",-123.391412,48.52372,2022,1,15,"CA","HUMAN_OBSERVATION","Ligustrum vulgare"
2620087634,"Ligustrum vulgare",-123.421455,48.481292,2020,5,2,"CA","HUMAN_OBSERVATION","Ligustrum vulgare"
3961225178,"Ligustrum vulgare",-123.38112,48.494042,2022,10,29,"CA","HUMAN_OBSERVATION","Ligustrum vulgare"
3031739991,"Ligustrum vulgare",-123.373108,48.468439,2021,1,15,"CA","HUMAN_OBSERVATION","Ligustrum vulgare"
4076295854,"Ligustrum vulgare",-123.328555,48.477892,2023,1,8,"CA","HUMAN_OBSERVATION","Ligustrum vulgare"
2557790978,"Ligustrum vulgare",-123.274241,48.460196,2020,1,12,"CA","HUMAN_OBSERVATION","Ligustrum vulgare"
4011656219,"Ligustrum vulgare",-123.385388,48.437759,2023,1,1,"CA","HUMAN_OBSERVATION","Ligustrum vulgare"
4028720084,"Ligustrum vulgare",-123.348633,48.443855,2023,1,23,"CA","HUMAN_OBSERVATION","Ligustrum vulgare"
4039141690,"Ligustrum vulgare",-123.32505,48.456647,2023,2,16,"CA","HUMAN_OBSERVATION","Ligustrum vulgare"
3892535324,"Ligustrum vulgare",-122.371508,48.422697,2020,5,5,"US","HUMAN_OBSERVATION","Ligustrum vulgare"
3698250121,"Ligustrum vulgare",-123.524119,48.386892,2022,2,23,"CA","HUMAN_OBSERVATION","Ligustrum vulgare"
3013926826,"Ligustrum vulgare",-123.376115,48.409267,2020,12,26,"CA","HUMAN_OBSERVATION","Ligustrum vulgare"
3994139744,"Ligustrum vulgare",-123.363722,48.410481,2022,12,7,"CA","HUMAN_OBSERVATION","Ligustrum vulgare"
2814300415,"Ligustrum vulgare",-123.303842,48.410206,2020,7,1,"CA","HUMAN_OBSERVATION","Ligustrum vulgare"
3859044928,"Ligustrum vulgare",-122.636732,48.399539,2022,4,2,"US","HUMAN_OBSERVATION","Ligustrum vulgare"
441773715,"Ligustrum vulgare",-122.7685,48.1375,2005,9,6,"US","PRESERVED_SPECIMEN","Ligustrum vulgare"
3915421582,"Ligustrum vulgare",-122.781896,48.110618,2022,6,20,"US","HUMAN_OBSERVATION","Ligustrum vulgare"
3923320391,"Ligustrum vulgare",-122.298445,47.784776,2021,5,7,"US","HUMAN_OBSERVATION","Ligustrum vulgare"
3902126821,"Ligustrum vulgare",-122.254677,47.777462,2021,5,31,"US","HUMAN_OBSERVATION","Ligustrum vulgare"
3915271404,"Ligustrum vulgare",-122.230171,47.766476,2021,10,8,"US","HUMAN_OBSERVATION","Ligustrum vulgare"
4161985545,"Ligustrum vulgare",-122.176063,47.712887,2023,6,13,"US","HUMAN_OBSERVATION","Ligustrum vulgare"
3923626302,"Ligustrum vulgare",-122.366515,47.70144,2018,1,20,"US","HUMAN_OBSERVATION","Ligustrum vulgare"
3858280962,"Ligustrum vulgare",-122.326855,47.678698,2022,4,7,"US","HUMAN_OBSERVATION","Ligustrum vulgare"
3902364358,"Ligustrum vulgare",-122.265367,47.687172,2022,6,12,"US","HUMAN_OBSERVATION","Ligustrum vulgare"
441773098,"Ligustrum vulgare",-122.24999,47.683343,2002,9,30,"US","PRESERVED_SPECIMEN","Ligustrum vulgare"
3923488423,"Ligustrum vulgare",-122.193938,47.688838,2021,7,29,"US","HUMAN_OBSERVATION","Ligustrum vulgare"
441773780,"Ligustrum vulgare",-122.356667,47.651667,2007,10,20,"US","PRESERVED_SPECIMEN","Ligustrum vulgare"
2252079219,"Ligustrum vulgare",-122.306245,47.652187,2019,6,6,"US","HUMAN_OBSERVATION","Ligustrum vulgare"
3892353443,"Ligustrum vulgare",-122.269272,47.66363,2022,7,13,"US","HUMAN_OBSERVATION","Ligustrum vulgare"
2265868788,"Ligustrum vulgare",-122.104183,47.641692,2019,6,10,"US","HUMAN_OBSERVATION","Ligustrum vulgare"
4161982658,"Ligustrum vulgare",-117.484698,47.645904,2023,6,26,"US","HUMAN_OBSERVATION","Ligustrum vulgare"
4162198418,"Ligustrum vulgare",-117.422551,47.638075,2023,5,27,"US","HUMAN_OBSERVATION","Ligustrum vulgare"
3902073493,"Ligustrum vulgare",-117.402657,47.660012,2020,7,13,"US","HUMAN_OBSERVATION","Ligustrum vulgare"
4162001451,"Ligustrum vulgare",-122.307465,47.587669,2023,7,3,"US","HUMAN_OBSERVATION","Ligustrum vulgare"
4162204419,"Ligustrum vulgare",-122.6236,47.57962,2022,11,27,"US","HUMAN_OBSERVATION","Ligustrum vulgare"
3902094799,"Ligustrum vulgare",-122.365648,47.561841,2021,6,24,"US","HUMAN_OBSERVATION","Ligustrum vulgare"
3902079428,"Ligustrum vulgare",-122.32071,47.546049,2020,6,14,"US","HUMAN_OBSERVATION","Ligustrum vulgare"
3881702269,"Ligustrum vulgare",-122.25321,47.550787,2022,8,1,"US","HUMAN_OBSERVATION","Ligustrum vulgare"
3902060481,"Ligustrum vulgare",-122.246572,47.553933,2020,6,18,"US","HUMAN_OBSERVATION","Ligustrum vulgare"
3892590308,"Ligustrum vulgare",-121.891633,47.575478,2018,11,27,"US","HUMAN_OBSERVATION","Ligustrum vulgare"
2244241365,"Ligustrum vulgare",-122.361283,47.512855,2019,5,16,"US","HUMAN_OBSERVATION","Ligustrum vulgare"
2269272489,"Ligustrum vulgare",-122.23109,47.502432,2019,6,16,"US","HUMAN_OBSERVATION","Ligustrum vulgare"
3902196553,"Ligustrum vulgare",-122.308358,47.48032,2021,4,17,"US","HUMAN_OBSERVATION","Ligustrum vulgare"
3912078608,"Ligustrum vulgare",-122.165078,47.451088,2022,8,22,"US","HUMAN_OBSERVATION","Ligustrum vulgare"
3784658350,"Ligustrum vulgare",-122.020789,47.272822,2021,5,3,"US","HUMAN_OBSERVATION","Ligustrum vulgare"
4162155726,"Ligustrum vulgare",-123.100707,47.215087,2023,7,4,"US","HUMAN_OBSERVATION","Ligustrum vulgare"
3112351230,"Ligustrum vulgare",-122.49316,47.241309,2021,5,1,"US","HUMAN_OBSERVATION","Ligustrum vulgare"
4162272456,"Ligustrum vulgare",-122.571182,47.175348,2022,10,16,"US","HUMAN_OBSERVATION","Ligustrum vulgare"
3902195475,"Ligustrum vulgare",-122.525633,47.18948,2021,6,19,"US","HUMAN_OBSERVATION","Ligustrum vulgare"
3067628998,"Ligustrum vulgare",-122.97454,47.086702,2020,7,8,"US","HUMAN_OBSERVATION","Ligustrum vulgare"
3915336357,"Ligustrum vulgare",-122.823225,47.106738,2021,9,23,"US","HUMAN_OBSERVATION","Ligustrum vulgare"
2236885967,"Ligustrum vulgare",-122.880226,47.047509,2019,4,12,"US","HUMAN_OBSERVATION","Ligustrum vulgare"
3902247699,"Ligustrum vulgare",-122.886253,47.03221,2022,7,12,"US","HUMAN_OBSERVATION","Ligustrum vulgare"
3415936307,"Ligustrum vulgare",-113.952212,46.897123,2016,11,1,"US","HUMAN_OBSERVATION","Ligustrum vulgare"
3031793668,"Ligustrum vulgare",-123.047125,46.867732,2021,1,24,"US","HUMAN_OBSERVATION","Ligustrum vulgare"
441773803,"Ligustrum vulgare",-123.018333,46.806667,2008,7,8,"US","PRESERVED_SPECIMEN","Ligustrum vulgare"
4069800933,"Ligustrum vulgare",-117.17861,46.73139,2004,6,18,"US","PRESERVED_SPECIMEN","Ligustrum vulgare"
3456523416,"Ligustrum vulgare",-87.418427,46.550541,2021,6,24,"US","HUMAN_OBSERVATION","Ligustrum vulgare"
3113403731,"Ligustrum vulgare",-117.037379,46.414394,2021,5,12,"US","HUMAN_OBSERVATION","Ligustrum vulgare"
3008501170,"Ligustrum vulgare",-60.32859,46.213583,2020,12,24,"CA","HUMAN_OBSERVATION","Ligustrum vulgare"
4162088497,"Ligustrum vulgare",-123.852433,46.187263,2023,6,18,"US","HUMAN_OBSERVATION","Ligustrum vulgare"
4161976452,"Ligustrum vulgare",-123.777752,46.198988,2023,6,18,"US","HUMAN_OBSERVATION","Ligustrum vulgare"
3325680804,"Ligustrum vulgare",-63.297734,46.15237,2021,7,3,"CA","HUMAN_OBSERVATION","Ligustrum vulgare"
3408207730,"Ligustrum vulgare",-60.170173,46.145818,2021,10,29,"CA","HUMAN_OBSERVATION","Ligustrum vulgare"
3408187598,"Ligustrum vulgare",-60.75447,46.094303,2021,10,16,"CA","HUMAN_OBSERVATION","Ligustrum vulgare"
1262367801,"Ligustrum vulgare",-60.050141,46.039802,2015,7,23,"CA","HUMAN_OBSERVATION","Ligustrum vulgare"
3892454317,"Ligustrum vulgare",-122.798835,45.857458,2020,4,21,"US","HUMAN_OBSERVATION","Ligustrum vulgare"
3902269302,"Ligustrum vulgare",-119.215291,45.776389,2022,6,4,"US","HUMAN_OBSERVATION","Ligustrum vulgare"
3915397442,"Ligustrum vulgare",-121.779922,45.710064,2021,11,20,"US","HUMAN_OBSERVATION","Ligustrum vulgare"
4162123475,"Ligustrum vulgare",-121.545881,45.70017,2023,6,7,"US","HUMAN_OBSERVATION","Ligustrum vulgare"
441773777,"Ligustrum vulgare",-121.516667,45.7,2004,4,12,"US","PRESERVED_SPECIMEN","Ligustrum vulgare"
3912080597,"Ligustrum vulgare",-123.307946,45.655603,2022,7,11,"US","HUMAN_OBSERVATION","Ligustrum vulgare"
3399145943,"Ligustrum vulgare",-61.960021,45.632034,2021,10,4,"CA","HUMAN_OBSERVATION","Ligustrum vulgare"
2235479664,"Ligustrum vulgare",-122.628563,45.584958,2019,3,28,"US","HUMAN_OBSERVATION","Ligustrum vulgare"
3961106312,"Ligustrum vulgare",-122.38076,45.588833,2018,8,3,"US","HUMAN_OBSERVATION","Ligustrum vulgare"
4137772654,"Ligustrum vulgare",-73.544445,45.60805,2023,6,16,"CA","HUMAN_OBSERVATION","Ligustrum vulgare"
2963759918,"Ligustrum vulgare",-61.350261,45.60785,2020,10,25,"CA","HUMAN_OBSERVATION","Ligustrum vulgare"
3915347498,"Ligustrum vulgare",-122.66558,45.573308,2022,3,27,"US","HUMAN_OBSERVATION","Ligustrum vulgare"
4070160417,"Ligustrum vulgare",-122.5645,45.5508,2016,5,17,"US","PRESERVED_SPECIMEN","Ligustrum vulgare"
3455648624,"Ligustrum vulgare",-73.544198,45.569,2021,12,2,"CA","HUMAN_OBSERVATION","Ligustrum vulgare"
2999082087,"Ligustrum vulgare",-73.188438,45.572428,2020,12,9,"CA","HUMAN_OBSERVATION","Ligustrum vulgare"
4162078444,"Ligustrum vulgare",-122.690187,45.524933,2023,5,30,"US","HUMAN_OBSERVATION","Ligustrum vulgare"
3902151581,"Ligustrum vulgare",-122.647702,45.501852,2021,4,27,"US","HUMAN_OBSERVATION","Ligustrum vulgare"
4162056145,"Ligustrum vulgare",-73.592937,45.502833,2023,7,12,"CA","HUMAN_OBSERVATION","Ligustrum vulgare"
4018475494,"Ligustrum vulgare",-73.534741,45.516079,2022,4,8,"CA","HUMAN_OBSERVATION","Ligustrum vulgare"
4070151768,"Ligustrum vulgare",-122.641583,45.473203,2019,8,6,"US","PRESERVED_SPECIMEN","Ligustrum vulgare"
4070166006,"Ligustrum vulgare",-122.511118,45.480145,2021,6,8,"US","PRESERVED_SPECIMEN","Ligustrum vulgare"
3859373928,"Ligustrum vulgare",-75.57905,45.46895,2022,4,3,"CA","HUMAN_OBSERVATION","Ligustrum vulgare"
4062996457,"Ligustrum vulgare",-73.618767,45.49538,2022,6,20,"CA","HUMAN_OBSERVATION","Ligustrum vulgare"
2802602617,"Ligustrum vulgare",-122.646183,45.434068,2020,5,4,"US","HUMAN_OBSERVATION","Ligustrum vulgare"
4070167024,"Ligustrum vulgare",-122.605005,45.427215,2017,5,18,"US","PRESERVED_SPECIMEN","Ligustrum vulgare"
3888831311,"Ligustrum vulgare",-84.868675,45.422932,2018,6,5,"US","HUMAN_OBSERVATION","Ligustrum vulgare"
3902011286,"Ligustrum vulgare",-122.636192,45.407662,2022,6,19,"US","HUMAN_OBSERVATION","Ligustrum vulgare"
4070151199,"Ligustrum vulgare",-122.505523,45.399588,2016,10,28,"US","PRESERVED_SPECIMEN","Ligustrum vulgare"
4162047572,"Ligustrum vulgare",-84.919304,45.390957,2023,6,27,"US","HUMAN_OBSERVATION","Ligustrum vulgare"
3892485448,"Ligustrum vulgare",-84.908287,45.392518,2022,7,13,"US","HUMAN_OBSERVATION","Ligustrum vulgare"
3457095207,"Ligustrum vulgare",-75.745997,45.405654,2021,10,13,"CA","HUMAN_OBSERVATION","Ligustrum vulgare"
4162099441,"Ligustrum vulgare",-84.960797,45.360546,2023,6,9,"US","HUMAN_OBSERVATION","Ligustrum vulgare"
4153440186,"Ligustrum vulgare",-84.947432,45.36338,2023,7,6,"US","HUMAN_OBSERVATION","Ligustrum vulgare"
3923363135,"Ligustrum vulgare",-83.711557,45.322172,2022,9,30,"US","HUMAN_OBSERVATION","Ligustrum vulgare"
3902081765,"Ligustrum vulgare",-84.931897,45.262489,2021,6,16,"US","HUMAN_OBSERVATION","Ligustrum vulgare"
4162158578,"Ligustrum vulgare",-93.462412,45.127395,2023,6,8,"US","HUMAN_OBSERVATION","Ligustrum vulgare"
2813913229,"Ligustrum vulgare",-64.380736,45.090446,2020,6,28,"CA","HUMAN_OBSERVATION","Ligustrum vulgare"
3398775660,"Ligustrum vulgare",-64.520312,45.068819,2021,6,30,"CA","HUMAN_OBSERVATION","Ligustrum vulgare"
4011924320,"Ligustrum vulgare",-64.325009,45.072725,2023,1,2,"CA","HUMAN_OBSERVATION","Ligustrum vulgare"
3923295374,"Ligustrum vulgare",-93.31511,44.980632,2020,10,7,"US","HUMAN_OBSERVATION","Ligustrum vulgare"
3915288459,"Ligustrum vulgare",-85.651203,44.971705,2021,10,18,"US","HUMAN_OBSERVATION","Ligustrum vulgare"
4407220728,"Ligustrum vulgare",-73.24778,44.96904,2023,8,22,"US","HUMAN_OBSERVATION","Ligustrum vulgare"
3902892400,"Ligustrum vulgare",-123.041512,44.937141,2022,6,11,"US","HUMAN_OBSERVATION","Ligustrum vulgare"
4161972443,"Ligustrum vulgare",-93.365999,44.896846,2022,10,15,"US","HUMAN_OBSERVATION","Ligustrum vulgare"
4407224325,"Ligustrum vulgare",-73.082066,44.896531,2020,9,16,"US","HUMAN_OBSERVATION","Ligustrum vulgare"
4407352505,"Ligustrum vulgare",-68.67822,44.914568,2023,8,7,"US","HUMAN_OBSERVATION","Ligustrum vulgare"
4058698552,"Ligustrum vulgare",-85.661472,44.812872,2017,6,21,"US","PRESERVED_SPECIMEN","Ligustrum vulgare"
4162479474,"Ligustrum vulgare",-93.166519,44.754192,2021,7,9,"US","HUMAN_OBSERVATION","Ligustrum vulgare"
3915310361,"Ligustrum vulgare",-93.146469,44.725825,2021,9,9,"US","HUMAN_OBSERVATION","Ligustrum vulgare"
4161972450,"Ligustrum vulgare",-93.263488,44.704503,2022,11,6,"US","HUMAN_OBSERVATION","Ligustrum vulgare"
465768714,"Ligustrum vulgare",-65.75152,44.68688,2004,7,4,"CA","PRESERVED_SPECIMEN","Ligustrum vulgare"
3327740910,"Ligustrum vulgare",-63.6744,44.671027,2021,7,10,"CA","HUMAN_OBSERVATION","Ligustrum vulgare"
2874029609,"Ligustrum vulgare",-63.619015,44.668046,2020,10,1,"CA","HUMAN_OBSERVATION","Ligustrum vulgare"
3889079308,"Ligustrum vulgare",-87.762405,44.645053,2018,6,27,"US","HUMAN_OBSERVATION","Ligustrum vulgare"
2818497580,"Ligustrum vulgare",-63.59177,44.654975,2020,7,9,"CA","HUMAN_OBSERVATION","Ligustrum vulgare"
3112626491,"Ligustrum vulgare",-63.567563,44.666053,2021,5,2,"CA","HUMAN_OBSERVATION","Ligustrum vulgare"
3017963536,"Ligustrum vulgare",-123.236028,44.606818,2020,11,1,"US","HUMAN_OBSERVATION","Ligustrum vulgare"
3923565360,"Ligustrum vulgare",-87.893955,44.585718,2020,9,26,"US","HUMAN_OBSERVATION","Ligustrum vulgare"
2529337110,"Ligustrum vulgare",-80.564178,44.59322,2019,10,24,"CA","HUMAN_OBSERVATION","Ligustrum vulgare"
4162055579,"Ligustrum vulgare",-123.32903,44.573101,2023,5,30,"US","HUMAN_OBSERVATION","Ligustrum vulgare"
4162203466,"Ligustrum vulgare",-123.288584,44.580046,2023,5,14,"US","HUMAN_OBSERVATION","Ligustrum vulgare"
3902197781,"Ligustrum vulgare",-75.65815,44.581547,2021,6,22,"US","HUMAN_OBSERVATION","Ligustrum vulgare"
3090620412,"Ligustrum vulgare",-80.913528,44.529061,2018,7,22,"CA","HUMAN_OBSERVATION","Ligustrum vulgare"
4138274431,"Ligustrum vulgare",-80.570758,44.52758,2023,6,21,"CA","HUMAN_OBSERVATION","Ligustrum vulgare"
4407139624,"Ligustrum vulgare",-67.616395,44.528595,2023,7,22,"US","HUMAN_OBSERVATION","Ligustrum vulgare"
4138264452,"Ligustrum vulgare",-73.216858,44.46577,2022,11,13,"US","HUMAN_OBSERVATION","Ligustrum vulgare"
4162106759,"Ligustrum vulgare",-68.18348,44.472513,2023,7,3,"US","HUMAN_OBSERVATION","Ligustrum vulgare"
3892663364,"Ligustrum vulgare",-73.158257,44.435791,2021,10,1,"US","HUMAN_OBSERVATION","Ligustrum vulgare"
4162127517,"Ligustrum vulgare",-123.300422,44.37775,2023,5,21,"US","HUMAN_OBSERVATION","Ligustrum vulgare"
2868268415,"Ligustrum vulgare",-66.202586,44.392806,2020,9,20,"CA","HUMAN_OBSERVATION","Ligustrum vulgare"
3032085878,"Ligustrum vulgare",-78.362962,44.291923,2021,1,26,"CA","HUMAN_OBSERVATION","Ligustrum vulgare"
2814079553,"Ligustrum vulgare",-78.318383,44.321462,2020,7,1,"CA","HUMAN_OBSERVATION","Ligustrum vulgare"
465766344,"Ligustrum vulgare",-64.27001,44.27881,2003,8,2,"CA","PRESERVED_SPECIMEN","Ligustrum vulgare"
4165443577,"Ligustrum vulgare",-88.3731,44.236947,2023,6,26,"US","HUMAN_OBSERVATION","Ligustrum vulgare"
3391347697,"Ligustrum vulgare",-76.53958,44.226692,2021,10,7,"CA","HUMAN_OBSERVATION","Ligustrum vulgare"
3902829453,"Ligustrum vulgare",-69.073692,44.186829,2022,8,22,"US","HUMAN_OBSERVATION","Ligustrum vulgare"
3902371309,"Ligustrum vulgare",-123.160239,44.054953,2022,6,18,"US","HUMAN_OBSERVATION","Ligustrum vulgare"
4162048622,"Ligustrum vulgare",-123.059139,44.051749,2023,6,17,"US","HUMAN_OBSERVATION","Ligustrum vulgare"
3985845958,"Ligustrum vulgare",-64.765482,44.068338,2022,11,23,"CA","HUMAN_OBSERVATION","Ligustrum vulgare"
3915251488,"Ligustrum vulgare",-123.167531,44.037807,2022,1,22,"US","HUMAN_OBSERVATION","Ligustrum vulgare"
441773710,"Ligustrum vulgare",-123.165,44.036667,2004,5,14,"US","PRESERVED_SPECIMEN","Ligustrum vulgare"
3455505244,"Ligustrum vulgare",-123.086516,44.031352,2022,1,6,"US","HUMAN_OBSERVATION","Ligustrum vulgare"
3773021532,"Ligustrum vulgare",-123.014988,44.031319,2016,6,3,"US","HUMAN_OBSERVATION","Ligustrum vulgare"
4162204474,"Ligustrum vulgare",-122.998473,44.0289,2023,6,8,"US","HUMAN_OBSERVATION","Ligustrum vulgare"
3915283482,"Ligustrum vulgare",-92.435142,44.028692,2021,11,20,"US","HUMAN_OBSERVATION","Ligustrum vulgare"
3079815801,"Ligustrum vulgare",-79.806388,44.017345,2021,4,5,"CA","HUMAN_OBSERVATION","Ligustrum vulgare"
2444997964,"Ligustrum vulgare",-79.478643,43.935938,2019,10,24,"CA","HUMAN_OBSERVATION","Ligustrum vulgare"
3455543583,"Ligustrum vulgare",-78.831881,43.924991,2021,12,14,"CA","HUMAN_OBSERVATION","Ligustrum vulgare"
3892308424,"Ligustrum vulgare",-79.197624,43.864169,2022,6,27,"CA","HUMAN_OBSERVATION","Ligustrum vulgare"
4171247796,"Ligustrum vulgare",-78.89694,43.85283,2023,5,13,"CA","HUMAN_OBSERVATION","Ligustrum vulgare"
2350395492,"Ligustrum vulgare",-65.917834,43.839003,2019,8,9,"CA","HUMAN_OBSERVATION","Ligustrum vulgare"
3915316463,"Ligustrum vulgare",-88.524378,43.793287,2018,11,24,"US","HUMAN_OBSERVATION","Ligustrum vulgare"
3892310305,"Ligustrum vulgare",-82.91843,43.802994,2018,9,26,"US","HUMAN_OBSERVATION","Ligustrum vulgare"
3911994687,"Ligustrum vulgare",-79.482993,43.806931,2022,6,25,"CA","HUMAN_OBSERVATION","Ligustrum vulgare"
3457090227,"Ligustrum vulgare",-79.447881,43.82829,2021,12,10,"CA","HUMAN_OBSERVATION","Ligustrum vulgare"
3031687395,"Ligustrum vulgare",-79.407525,43.8201,2021,1,9,"CA","HUMAN_OBSERVATION","Ligustrum vulgare"
4112105424,"Ligustrum vulgare",-98.057417,43.755265,2022,11,22,"US","HUMAN_OBSERVATION","Ligustrum vulgare"
3031589176,"Ligustrum vulgare",-79.462775,43.775547,2021,1,5,"CA","HUMAN_OBSERVATION","Ligustrum vulgare"
2350327792,"Ligustrum vulgare",-79.448589,43.768532,2019,7,16,"CA","HUMAN_OBSERVATION","Ligustrum vulgare"
3302258942,"Ligustrum vulgare",-79.399438,43.783472,2021,6,10,"CA","HUMAN_OBSERVATION","Ligustrum vulgare"
4137842119,"Ligustrum vulgare",-79.258424,43.760559,2023,6,14,"CA","HUMAN_OBSERVATION","Ligustrum vulgare"
3355201137,"Ligustrum vulgare",-65.316763,43.76555,2021,9,5,"CA","HUMAN_OBSERVATION","Ligustrum vulgare"
4162134586,"Ligustrum vulgare",-116.618523,43.713352,2023,6,6,"US","HUMAN_OBSERVATION","Ligustrum vulgare"
3902750239,"Ligustrum vulgare",-81.689431,43.738381,2022,8,20,"CA","HUMAN_OBSERVATION","Ligustrum vulgare"
3321327309,"Ligustrum vulgare",-80.37471,43.708519,2021,6,29,"CA","HUMAN_OBSERVATION","Ligustrum vulgare"
2429488340,"Ligustrum vulgare",-79.603456,43.730131,2019,10,7,"CA","HUMAN_OBSERVATION","Ligustrum vulgare"
3859589959,"Ligustrum vulgare",-79.379055,43.721034,2022,6,16,"CA","HUMAN_OBSERVATION","Ligustrum vulgare"
2580208099,"Ligustrum vulgare",-79.298042,43.735588,2020,3,17,"CA","HUMAN_OBSERVATION","Ligustrum vulgare"
3314195521,"Ligustrum vulgare",-65.824856,43.721252,2021,6,13,"CA","HUMAN_OBSERVATION","Ligustrum vulgare"
2429423893,"Ligustrum vulgare",-79.684303,43.677489,2019,9,26,"CA","HUMAN_OBSERVATION","Ligustrum vulgare"
4137891932,"Ligustrum vulgare",-79.481758,43.705242,2023,6,13,"CA","HUMAN_OBSERVATION","Ligustrum vulgare"
3398803369,"Ligustrum vulgare",-79.336239,43.676556,2021,10,26,"CA","HUMAN_OBSERVATION","Ligustrum vulgare"
4162203444,"Ligustrum vulgare",-116.243581,43.641284,2023,2,1,"US","HUMAN_OBSERVATION","Ligustrum vulgare"
4162250459,"Ligustrum vulgare",-116.197139,43.638818,2023,1,8,"US","HUMAN_OBSERVATION","Ligustrum vulgare"
3391649696,"Ligustrum vulgare",-79.520355,43.638928,2021,10,5,"CA","HUMAN_OBSERVATION","Ligustrum vulgare"
2992766827,"Ligustrum vulgare",-79.473642,43.650672,2020,11,29,"CA","HUMAN_OBSERVATION","Ligustrum vulgare"
3468855815,"Ligustrum vulgare",-79.359382,43.666434,2022,2,8,"CA","HUMAN_OBSERVATION","Ligustrum vulgare"
3892269363,"Ligustrum vulgare",-70.19799,43.655136,2021,10,17,"US","HUMAN_OBSERVATION","Ligustrum vulgare"
4162079374,"Ligustrum vulgare",-116.217691,43.612109,2023,1,2,"US","HUMAN_OBSERVATION","Ligustrum vulgare"
4162182413,"Ligustrum vulgare",-116.198875,43.609642,2023,2,17,"US","HUMAN_OBSERVATION","Ligustrum vulgare"
2283036963,"Ligustrum vulgare",-83.167672,43.609268,2019,6,18,"US","HUMAN_OBSERVATION","Ligustrum vulgare"
4006767606,"Ligustrum vulgare",-81.552815,43.623496,2022,12,6,"CA","HUMAN_OBSERVATION","Ligustrum vulgare"
2626128258,"Ligustrum vulgare",-79.719139,43.594669,2019,8,23,"CA","HUMAN_OBSERVATION","Ligustrum vulgare"
4162230598,"Ligustrum vulgare",-116.156917,43.580278,2023,6,8,"US","HUMAN_OBSERVATION","Ligustrum vulgare"
4006507884,"Ligustrum vulgare",-85.987236,43.580448,2022,12,15,"US","HUMAN_OBSERVATION","Ligustrum vulgare"
3109054444,"Ligustrum vulgare",-80.275947,43.577012,2021,1,17,"CA","HUMAN_OBSERVATION","Ligustrum vulgare"
3018079054,"Ligustrum vulgare",-80.230959,43.542867,2021,1,4,"CA","HUMAN_OBSERVATION","Ligustrum vulgare"
2856612442,"Ligustrum vulgare",-79.754182,43.573349,2020,8,27,"CA","HUMAN_OBSERVATION","Ligustrum vulgare"
4165823896,"Ligustrum vulgare",-79.671508,43.566483,2023,7,22,"CA","HUMAN_OBSERVATION","Ligustrum vulgare"
2992838649,"Ligustrum vulgare",-79.658699,43.553594,2020,11,27,"CA","HUMAN_OBSERVATION","Ligustrum vulgare"
3031659079,"Ligustrum vulgare",-80.666852,43.532518,2020,11,13,"CA","HUMAN_OBSERVATION","Ligustrum vulgare"
4014964892,"Ligustrum vulgare",-80.216794,43.539913,2023,1,4,"CA","HUMAN_OBSERVATION","Ligustrum vulgare"
2803112313,"Ligustrum vulgare",-80.191503,43.502661,2020,6,25,"CA","HUMAN_OBSERVATION","Ligustrum vulgare"
1949978826,"Ligustrum vulgare",-79.97869,43.510046,2018,6,22,"CA","HUMAN_OBSERVATION","Ligustrum vulgare"
1802605666,"Ligustrum vulgare",-79.607395,43.517326,2016,1,30,"CA","HUMAN_OBSERVATION","Ligustrum vulgare"
2460015037,"Ligustrum vulgare",-80.772976,43.480991,2019,11,16,"CA","HUMAN_OBSERVATION","Ligustrum vulgare"
3031597044,"Ligustrum vulgare",-80.701673,43.467621,2020,11,3,"CA","HUMAN_OBSERVATION","Ligustrum vulgare"
3456354951,"Ligustrum vulgare",-80.573065,43.471717,2022,1,19,"CA","HUMAN_OBSERVATION","Ligustrum vulgare"
4062875573,"Ligustrum vulgare",-80.508789,43.480225,2023,2,14,"CA","HUMAN_OBSERVATION","Ligustrum vulgare"
3415696628,"Ligustrum vulgare",-80.271355,43.491544,2021,11,13,"CA","HUMAN_OBSERVATION","Ligustrum vulgare"
3889003440,"Ligustrum vulgare",-79.936645,43.489591,2022,6,30,"CA","HUMAN_OBSERVATION","Ligustrum vulgare"
3456258568,"Ligustrum vulgare",-79.666042,43.495653,2021,12,14,"CA","HUMAN_OBSERVATION","Ligustrum vulgare"
3902266317,"Ligustrum vulgare",-88.148376,43.430408,2022,6,17,"US","HUMAN_OBSERVATION","Ligustrum vulgare"
3903007391,"Ligustrum vulgare",-88.023605,43.439388,2022,6,26,"US","HUMAN_OBSERVATION","Ligustrum vulgare"
2447981420,"Ligustrum vulgare",-80.512718,43.438351,2019,10,29,"CA","HUMAN_OBSERVATION","Ligustrum vulgare"
3986360338,"Ligustrum vulgare",-80.481104,43.456715,2022,11,28,"CA","HUMAN_OBSERVATION","Ligustrum vulgare"
3415909004,"Ligustrum vulgare",-80.307155,43.440648,2021,11,13,"CA","HUMAN_OBSERVATION","Ligustrum vulgare"
2540883544,"Ligustrum vulgare",-79.690286,43.450419,2019,11,24,"CA","HUMAN_OBSERVATION","Ligustrum vulgare"
3466124415,"Ligustrum vulgare",-80.475543,43.395027,2020,11,19,"CA","HUMAN_OBSERVATION","Ligustrum vulgare"
3456638422,"Ligustrum vulgare",-80.34577,43.378792,2021,12,2,"CA","HUMAN_OBSERVATION","Ligustrum vulgare"
3067703308,"Ligustrum vulgare",-80.276328,43.376317,2020,12,27,"CA","HUMAN_OBSERVATION","Ligustrum vulgare"
3859648679,"Ligustrum vulgare",-79.997764,43.391319,2022,6,14,"CA","HUMAN_OBSERVATION","Ligustrum vulgare"
2981184322,"Ligustrum vulgare",-79.813147,43.388438,2020,11,6,"CA","HUMAN_OBSERVATION","Ligustrum vulgare"
2423224975,"Ligustrum vulgare",-79.746322,43.410478,2019,9,24,"CA","HUMAN_OBSERVATION","Ligustrum vulgare"
3455315762,"Ligustrum vulgare",-81.010606,43.36844,2020,1,23,"CA","HUMAN_OBSERVATION","Ligustrum vulgare"
4011608596,"Ligustrum vulgare",-80.3235,43.3719,2022,10,18,"CA","HUMAN_OBSERVATION","Ligustrum vulgare"
2465080898,"Ligustrum vulgare",-79.859063,43.348477,2018,4,3,"CA","HUMAN_OBSERVATION","Ligustrum vulgare"
1986602231,"Ligustrum vulgare",-79.750785,43.352854,2019,1,6,"CA","HUMAN_OBSERVATION","Ligustrum vulgare"
2294607394,"Ligustrum vulgare",-77.954078,43.360021,2019,7,5,"US","HUMAN_OBSERVATION","Ligustrum vulgare"
2850889642,"Ligustrum vulgare",-79.92511,43.297905,2020,8,14,"CA","HUMAN_OBSERVATION","Ligustrum vulgare"
4062735526,"Ligustrum vulgare",-79.892686,43.302279,2023,2,14,"CA","HUMAN_OBSERVATION","Ligustrum vulgare"
3118185588,"Ligustrum vulgare",-79.844481,43.303781,2021,5,19,"CA","HUMAN_OBSERVATION","Ligustrum vulgare"
3017984540,"Ligustrum vulgare",-124.226646,43.259629,2020,11,4,"US","HUMAN_OBSERVATION","Ligustrum vulgare"
3466040472,"Ligustrum vulgare",-89.751747,43.291474,2020,6,14,"US","HUMAN_OBSERVATION","Ligustrum vulgare"
1945442634,"Ligustrum vulgare",-81.849442,43.250278,2018,11,7,"CA","HUMAN_OBSERVATION","Ligustrum vulgare"
2609076527,"Ligustrum vulgare",-80.204004,43.278719,2019,7,2,"CA","HUMAN_OBSERVATION","Ligustrum vulgare"
4015326462,"Ligustrum vulgare",-79.969672,43.266462,2023,1,9,"CA","HUMAN_OBSERVATION","Ligustrum vulgare"
3090589395,"Ligustrum vulgare",-79.915907,43.285092,2018,6,23,"CA","HUMAN_OBSERVATION","Ligustrum vulgare"
3415455654,"Ligustrum vulgare",-79.851953,43.256983,2021,6,7,"CA","HUMAN_OBSERVATION","Ligustrum vulgare"
3307233853,"Ligustrum vulgare",-79.093979,43.259251,2021,6,13,"CA","HUMAN_OBSERVATION","Ligustrum vulgare"
3994071004,"Ligustrum vulgare",-79.058394,43.251386,2022,12,6,"CA","HUMAN_OBSERVATION","Ligustrum vulgare"
3902106550,"Ligustrum vulgare",-75.996373,43.254599,2020,6,19,"US","HUMAN_OBSERVATION","Ligustrum vulgare"
1986503012,"Ligustrum vulgare",-81.874083,43.231294,2018,7,30,"CA","HUMAN_OBSERVATION","Ligustrum vulgare"
3455509236,"Ligustrum vulgare",-79.998483,43.218301,2021,12,7,"CA","HUMAN_OBSERVATION","Ligustrum vulgare"
4417062318,"Ligustrum vulgare",-79.898466,43.242889,2023,9,21,"CA","HUMAN_OBSERVATION","Ligustrum vulgare"
1949978711,"Ligustrum vulgare",-79.815277,43.229721,2018,6,20,"CA","HUMAN_OBSERVATION","Ligustrum vulgare"
3994259016,"Ligustrum vulgare",-79.058364,43.249756,2022,12,6,"CA","HUMAN_OBSERVATION","Ligustrum vulgare"
4165330488,"Ligustrum vulgare",-77.557714,43.235013,2023,6,11,"US","HUMAN_OBSERVATION","Ligustrum vulgare"
3915378797,"Ligustrum vulgare",-89.276711,43.200901,2022,6,20,"US","HUMAN_OBSERVATION","Ligustrum vulgare"
3039296735,"Ligustrum vulgare",-80.392096,43.197623,2020,11,17,"CA","HUMAN_OBSERVATION","Ligustrum vulgare"
2813886052,"Ligustrum vulgare",-80.095347,43.19505,2020,6,26,"CA","HUMAN_OBSERVATION","Ligustrum vulgare"
1986617036,"Ligustrum vulgare",-79.797455,43.204383,2019,1,8,"CA","HUMAN_OBSERVATION","Ligustrum vulgare"
4138715595,"Ligustrum vulgare",-79.790337,43.20198,2023,6,25,"CA","HUMAN_OBSERVATION","Ligustrum vulgare"
3923613664,"Ligustrum vulgare",-79.165622,43.190307,2022,6,14,"US","HUMAN_OBSERVATION","Ligustrum vulgare"
1978863566,"Ligustrum vulgare",-80.295042,43.158344,2018,12,27,"CA","HUMAN_OBSERVATION","Ligustrum vulgare"
3391374402,"Ligustrum vulgare",-80.290815,43.155434,2021,2,15,"CA","HUMAN_OBSERVATION","Ligustrum vulgare"
2999155819,"Ligustrum vulgare",-79.446226,43.149748,2020,12,5,"CA","HUMAN_OBSERVATION","Ligustrum vulgare"
3455160844,"Ligustrum vulgare",-79.155301,43.13482,2020,11,5,"US","HUMAN_OBSERVATION","Ligustrum vulgare"
3923359362,"Ligustrum vulgare",-79.043137,43.154039,2020,9,2,"US","HUMAN_OBSERVATION","Ligustrum vulgare"
3468747448,"Ligustrum vulgare",-79.004617,43.16372,2021,10,10,"US","HUMAN_OBSERVATION","Ligustrum vulgare"
4162191566,"Ligustrum vulgare",-77.521004,43.148278,2023,6,13,"US","HUMAN_OBSERVATION","Ligustrum vulgare"
3892581315,"Ligustrum vulgare",-89.507465,43.086942,2019,10,12,"US","HUMAN_OBSERVATION","Ligustrum vulgare"
3902849420,"Ligustrum vulgare",-87.899017,43.099911,2022,6,22,"US","HUMAN_OBSERVATION","Ligustrum vulgare"
4162114621,"Ligustrum vulgare",-85.563873,43.116486,2023,6,19,"US","HUMAN_OBSERVATION","Ligustrum vulgare"
3031920880,"Ligustrum vulgare",-79.25357,43.114911,2021,1,25,"CA","HUMAN_OBSERVATION","Ligustrum vulgare"
3032128282,"Ligustrum vulgare",-79.233575,43.107311,2021,1,15,"CA","HUMAN_OBSERVATION","Ligustrum vulgare"
3923708590,"Ligustrum vulgare",-79.131061,43.105129,2022,8,11,"US","HUMAN_OBSERVATION","Ligustrum vulgare"
3923224651,"Ligustrum vulgare",-79.082789,43.089827,2022,6,14,"US","HUMAN_OBSERVATION","Ligustrum vulgare"
3925413414,"Ligustrum vulgare",-77.487969,43.108502,2021,6,24,"US","HUMAN_OBSERVATION","Ligustrum vulgare"
3902093734,"Ligustrum vulgare",-89.478331,43.06213,2022,5,28,"US","HUMAN_OBSERVATION","Ligustrum vulgare"
4162203328,"Ligustrum vulgare",-89.409737,43.064738,2020,9,13,"US","HUMAN_OBSERVATION","Ligustrum vulgare"
3889200305,"Ligustrum vulgare",-88.917168,43.076698,2018,6,20,"US","HUMAN_OBSERVATION","Ligustrum vulgare"
1802674708,"Ligustrum vulgare",-79.29065,43.08228,2012,9,27,"CA","HUMAN_OBSERVATION","Ligustrum vulgare"
3915316480,"Ligustrum vulgare",-79.166329,43.066617,2021,10,10,"US","HUMAN_OBSERVATION","Ligustrum vulgare"
3915458394,"Ligustrum vulgare",-79.108404,43.046918,2021,6,23,"US","HUMAN_OBSERVATION","Ligustrum vulgare"
2429394847,"Ligustrum vulgare",-79.070663,43.066819,2019,10,4,"CA","HUMAN_OBSERVATION","Ligustrum vulgare"
3456059641,"Ligustrum vulgare",-79.001334,43.072641,2020,11,5,"US","HUMAN_OBSERVATION","Ligustrum vulgare"
3902843304,"Ligustrum vulgare",-76.040428,43.042969,2022,6,15,"US","HUMAN_OBSERVATION","Ligustrum vulgare"
3902125524,"Ligustrum vulgare",-89.462804,43.016741,2021,6,8,"US","HUMAN_OBSERVATION","Ligustrum vulgare"
3902070819,"Ligustrum vulgare",-85.599988,43.00001,2021,6,9,"US","HUMAN_OBSERVATION","Ligustrum vulgare"
3399480384,"Ligustrum vulgare",-81.292269,43.009183,2021,10,27,"CA","HUMAN_OBSERVATION","Ligustrum vulgare"
4137605101,"Ligustrum vulgare",-81.284056,43.008232,2023,6,11,"CA","HUMAN_OBSERVATION","Ligustrum vulgare"
2580137721,"Ligustrum vulgare",-81.235398,43.028663,2020,2,22,"CA","HUMAN_OBSERVATION","Ligustrum vulgare"
2802879126,"Ligustrum vulgare",-79.240503,43.006694,2020,6,16,"CA","HUMAN_OBSERVATION","Ligustrum vulgare"
3468883559,"Ligustrum vulgare",-79.193301,43.032367,2021,10,10,"US","HUMAN_OBSERVATION","Ligustrum vulgare"
3455208746,"Ligustrum vulgare",-79.14689,43.026412,2020,10,13,"US","HUMAN_OBSERVATION","Ligustrum vulgare"
4162248656,"Ligustrum vulgare",-78.55751,43.000671,2023,6,26,"US","HUMAN_OBSERVATION","Ligustrum vulgare"
3923380988,"Ligustrum vulgare",-76.141662,43.035611,2022,9,29,"US","HUMAN_OBSERVATION","Ligustrum vulgare"
3902361364,"Ligustrum vulgare",-75.386488,43.021981,2022,6,15,"US","HUMAN_OBSERVATION","Ligustrum vulgare"
4062541347,"Ligustrum vulgare",-87.974465,42.990227,2020,11,26,"US","HUMAN_OBSERVATION","Ligustrum vulgare"
4063053357,"Ligustrum vulgare",-87.906374,42.996143,2020,10,24,"US","HUMAN_OBSERVATION","Ligustrum vulgare"
3923626354,"Ligustrum vulgare",-85.73267,42.991135,2020,9,2,"US","HUMAN_OBSERVATION","Ligustrum vulgare"
3902217362,"Ligustrum vulgare",-85.669289,42.972914,2022,6,5,"US","HUMAN_OBSERVATION","Ligustrum vulgare"
2574099073,"Ligustrum vulgare",-81.3353,42.960726,2020,2,4,"CA","HUMAN_OBSERVATION","Ligustrum vulgare"
2597849563,"Ligustrum vulgare",-81.29178,42.991364,2020,4,6,"CA","HUMAN_OBSERVATION","Ligustrum vulgare"
2456565005,"Ligustrum vulgare",-81.266272,42.998658,2019,11,11,"CA","HUMAN_OBSERVATION","Ligustrum vulgare"
4009873555,"Ligustrum vulgare",-78.995143,42.964197,2022,6,7,"US","HUMAN_OBSERVATION","Ligustrum vulgare"
4165455459,"Ligustrum vulgare",-78.704478,42.960658,2023,6,21,"US","HUMAN_OBSERVATION","Ligustrum vulgare"
4145422319,"Ligustrum vulgare",-76.384572,42.975069,2016,6,18,"US","HUMAN_OBSERVATION","Ligustrum vulgare"
4145616320,"Ligustrum vulgare",-76.351062,42.969245,2019,5,29,"US","HUMAN_OBSERVATION","Ligustrum vulgare"
1988784991,"Ligustrum vulgare",-85.593647,42.94273,2000,9,28,"US","PRESERVED_SPECIMEN","Ligustrum vulgare"
3915347456,"Ligustrum vulgare",-83.050049,42.926739,2021,11,10,"US","HUMAN_OBSERVATION","Ligustrum vulgare"
3408248816,"Ligustrum vulgare",-81.230026,42.947544,2021,10,12,"CA","HUMAN_OBSERVATION","Ligustrum vulgare"
2802790726,"Ligustrum vulgare",-80.302411,42.932952,2020,6,20,"CA","HUMAN_OBSERVATION","Ligustrum vulgare"
3902184601,"Ligustrum vulgare",-78.870101,42.933732,2020,10,18,"US","HUMAN_OBSERVATION","Ligustrum vulgare"
4162245556,"Ligustrum vulgare",-77.58818,42.920855,2023,5,31,"US","HUMAN_OBSERVATION","Ligustrum vulgare"
4105799720,"Ligustrum vulgare",-88.98056,42.89722,2005,9,1,"US","PRESERVED_SPECIMEN","Ligustrum vulgare"
3902826509,"Ligustrum vulgare",-86.214962,42.915913,2022,6,23,"US","HUMAN_OBSERVATION","Ligustrum vulgare"
3892673317,"Ligustrum vulgare",-85.603874,42.883909,2019,11,6,"US","HUMAN_OBSERVATION","Ligustrum vulgare"
3947065404,"Ligustrum vulgare",-82.993198,42.87742,2020,10,19,"US","HUMAN_OBSERVATION","Ligustrum vulgare"
3784924695,"Ligustrum vulgare",-82.024908,42.894664,2022,5,14,"CA","HUMAN_OBSERVATION","Ligustrum vulgare"
4162049510,"Ligustrum vulgare",-78.877258,42.904419,2023,3,29,"US","HUMAN_OBSERVATION","Ligustrum vulgare"
4105798515,"Ligustrum vulgare",-89.03056,42.84722,2004,10,22,"US","PRESERVED_SPECIMEN","Ligustrum vulgare"
4161999695,"Ligustrum vulgare",-87.905542,42.874838,2023,6,19,"US","HUMAN_OBSERVATION","Ligustrum vulgare"
4171354532,"Ligustrum vulgare",-79.06511,42.871073,2022,8,23,"CA","HUMAN_OBSERVATION","Ligustrum vulgare"
3892678325,"Ligustrum vulgare",-72.709906,42.845542,2020,5,31,"US","HUMAN_OBSERVATION","Ligustrum vulgare"
3456550722,"Ligustrum vulgare",-81.18569,42.79541,2021,12,28,"CA","HUMAN_OBSERVATION","Ligustrum vulgare"
4009830556,"Ligustrum vulgare",-78.829661,42.808338,2022,6,7,"US","HUMAN_OBSERVATION","Ligustrum vulgare"
3902649798,"Ligustrum vulgare",-77.816536,42.792362,2021,6,10,"US","HUMAN_OBSERVATION","Ligustrum vulgare"
1988976002,"Ligustrum vulgare",-86.1265,42.785556,2015,10,14,"US","PRESERVED_SPECIMEN","Ligustrum vulgare"
3923232404,"Ligustrum vulgare",-76.770416,42.761864,2021,7,1,"US","HUMAN_OBSERVATION","Ligustrum vulgare"
3014088590,"Ligustrum vulgare",-70.853593,42.770276,2020,11,15,"US","HUMAN_OBSERVATION","Ligustrum vulgare"
3902343394,"Ligustrum vulgare",-84.550323,42.745224,2022,6,11,"US","HUMAN_OBSERVATION","Ligustrum vulgare"
4162146427,"Ligustrum vulgare",-84.508946,42.732565,2023,5,9,"US","HUMAN_OBSERVATION","Ligustrum vulgare"
4091555640,"Ligustrum vulgare",-84.467015,42.72924,2023,4,11,"US","HUMAN_OBSERVATION","Ligustrum vulgare"
4015244783,"Ligustrum vulgare",-84.373267,42.711685,2023,1,1,"US","HUMAN_OBSERVATION","Ligustrum vulgare"
3902721508,"Ligustrum vulgare",-76.764105,42.718013,2021,6,12,"US","HUMAN_OBSERVATION","Ligustrum vulgare"
3902134773,"Ligustrum vulgare",-76.701393,42.708973,2021,6,14,"US","HUMAN_OBSERVATION","Ligustrum vulgare"
1305113809,"Ligustrum vulgare",-73.811898,42.739042,2009,11,7,"US","HUMAN_OBSERVATION","Ligustrum vulgare"
3415389628,"Ligustrum vulgare",-84.467973,42.703046,2021,6,3,"US","HUMAN_OBSERVATION","Ligustrum vulgare"
3892641486,"Ligustrum vulgare",-74.926788,42.694061,2022,7,29,"US","HUMAN_OBSERVATION","Ligustrum vulgare"
4162031591,"Ligustrum vulgare",-88.118621,42.629952,2023,6,17,"US","HUMAN_OBSERVATION","Ligustrum vulgare"
3925293491,"Ligustrum vulgare",-86.226608,42.64357,2022,10,9,"US","HUMAN_OBSERVATION","Ligustrum vulgare"
1989084385,"Ligustrum vulgare",-86.107167,42.653278,2016,10,24,"US","PRESERVED_SPECIMEN","Ligustrum vulgare"
3923592382,"Ligustrum vulgare",-83.319208,42.625165,2021,1,23,"US","HUMAN_OBSERVATION","Ligustrum vulgare"
4162017414,"Ligustrum vulgare",-83.215492,42.662342,2023,6,16,"US","HUMAN_OBSERVATION","Ligustrum vulgare"
3859040984,"Ligustrum vulgare",-78.737652,42.628903,2022,4,5,"US","HUMAN_OBSERVATION","Ligustrum vulgare"
3902165520,"Ligustrum vulgare",-73.900153,42.626374,2020,6,18,"US","HUMAN_OBSERVATION","Ligustrum vulgare"
4162042521,"Ligustrum vulgare",-114.354889,42.587521,2023,4,11,"US","HUMAN_OBSERVATION","Ligustrum vulgare"
4063069530,"Ligustrum vulgare",-87.849717,42.606267,2022,10,20,"US","HUMAN_OBSERVATION","Ligustrum vulgare"
3925042382,"Ligustrum vulgare",-83.323247,42.623227,2021,1,22,"US","HUMAN_OBSERVATION","Ligustrum vulgare"
3902140742,"Ligustrum vulgare",-83.210186,42.620764,2022,6,10,"US","HUMAN_OBSERVATION","Ligustrum vulgare"
3902020466,"Ligustrum vulgare",-83.074561,42.600272,2020,6,11,"US","HUMAN_OBSERVATION","Ligustrum vulgare"
4162253452,"Ligustrum vulgare",-83.022742,42.613349,2023,6,3,"US","HUMAN_OBSERVATION","Ligustrum vulgare"
3925112290,"Ligustrum vulgare",-79.105369,42.606163,2022,10,8,"US","HUMAN_OBSERVATION","Ligustrum vulgare"
4162144469,"Ligustrum vulgare",-73.893141,42.609351,2022,11,4,"US","HUMAN_OBSERVATION","Ligustrum vulgare"
3902640912,"Ligustrum vulgare",-88.035735,42.557788,2022,5,30,"US","HUMAN_OBSERVATION","Ligustrum vulgare"
3902637518,"Ligustrum vulgare",-83.218279,42.548867,2020,6,13,"US","HUMAN_OBSERVATION","Ligustrum vulgare"
3902120518,"Ligustrum vulgare",-83.171333,42.573617,2021,6,6,"US","HUMAN_OBSERVATION","Ligustrum vulgare"
3925093431,"Ligustrum vulgare",-76.568162,42.5492,2021,10,12,"US","HUMAN_OBSERVATION","Ligustrum vulgare"
3902407402,"Ligustrum vulgare",-92.39978,42.523827,2022,6,14,"US","HUMAN_OBSERVATION","Ligustrum vulgare"
4162077559,"Ligustrum vulgare",-83.094162,42.517735,2023,6,10,"US","HUMAN_OBSERVATION","Ligustrum vulgare"
4162250553,"Ligustrum vulgare",-76.559219,42.517578,2023,6,15,"US","HUMAN_OBSERVATION","Ligustrum vulgare"
4162120469,"Ligustrum vulgare",-76.521222,42.521601,2023,1,2,"US","HUMAN_OBSERVATION","Ligustrum vulgare"
3018088549,"Ligustrum vulgare",-70.911387,42.504181,2020,11,2,"US","HUMAN_OBSERVATION","Ligustrum vulgare"
4407184933,"Ligustrum vulgare",-70.869181,42.52668,2023,6,16,"US","HUMAN_OBSERVATION","Ligustrum vulgare"
1847608406,"Ligustrum vulgare",-87.96981,42.488044,2018,5,25,"US","HUMAN_OBSERVATION","Ligustrum vulgare"
2429250848,"Ligustrum vulgare",-87.956277,42.480174,2019,9,18,"US","HUMAN_OBSERVATION","Ligustrum vulgare"
3710739567,"Ligustrum vulgare",-85.8128,42.49725,2018,8,14,"US","PRESERVED_SPECIMEN","Ligustrum vulgare"
3902160754,"Ligustrum vulgare",-84.059555,42.462087,2021,5,19,"US","HUMAN_OBSERVATION","Ligustrum vulgare"
3902011811,"Ligustrum vulgare",-76.511543,42.495259,2021,6,18,"US","HUMAN_OBSERVATION","Ligustrum vulgare"
3923660364,"Ligustrum vulgare",-76.482376,42.458736,2020,9,28,"US","HUMAN_OBSERVATION","Ligustrum vulgare"
3923264408,"Ligustrum vulgare",-72.412682,42.470932,2021,8,2,"US","HUMAN_OBSERVATION","Ligustrum vulgare"
4413966405,"Ligustrum vulgare",-71.157264,42.460494,2023,8,24,"US","HUMAN_OBSERVATION","Ligustrum vulgare"
3902651672,"Ligustrum vulgare",-89.005675,42.418003,2021,6,7,"US","HUMAN_OBSERVATION","Ligustrum vulgare"
3952065066,"Ligustrum vulgare",-88.700334,42.457645,2019,6,23,"US","HUMAN_OBSERVATION","Ligustrum vulgare"
4162133584,"Ligustrum vulgare",-76.494557,42.452666,2023,6,11,"US","HUMAN_OBSERVATION","Ligustrum vulgare"
3915262456,"Ligustrum vulgare",-76.456458,42.454033,2021,11,6,"US","HUMAN_OBSERVATION","Ligustrum vulgare"
3902321519,"Ligustrum vulgare",-76.348768,42.417409,2022,6,23,"US","HUMAN_OBSERVATION","Ligustrum vulgare"
3915406381,"Ligustrum vulgare",-71.186308,42.419914,2021,9,25,"US","HUMAN_OBSERVATION","Ligustrum vulgare"
3747923319,"Ligustrum vulgare",-86.26013,42.41266,2019,10,2,"US","PRESERVED_SPECIMEN","Ligustrum vulgare"
3820554077,"Ligustrum vulgare",-122.9447,42.3544,2009,7,24,"US","PRESERVED_SPECIMEN","Ligustrum vulgare"
4162055451,"Ligustrum vulgare",-88.006975,42.35387,2022,10,27,"US","HUMAN_OBSERVATION","Ligustrum vulgare"
4153750608,"Ligustrum vulgare",-87.927755,42.370367,2023,5,25,"US","HUMAN_OBSERVATION","Ligustrum vulgare"
4112078378,"Ligustrum vulgare",-84.068036,42.351082,2022,6,20,"US","HUMAN_OBSERVATION","Ligustrum vulgare"
3923592400,"Ligustrum vulgare",-83.470161,42.368767,2021,6,17,"US","HUMAN_OBSERVATION","Ligustrum vulgare"
3892689308,"Ligustrum vulgare",-83.253277,42.360025,2019,6,12,"US","HUMAN_OBSERVATION","Ligustrum vulgare"
4162278459,"Ligustrum vulgare",-72.600395,42.341125,2023,5,31,"US","HUMAN_OBSERVATION","Ligustrum vulgare"
4162085423,"Ligustrum vulgare",-71.257758,42.370403,2022,11,10,"US","HUMAN_OBSERVATION","Ligustrum vulgare"
4162287478,"Ligustrum vulgare",-71.169145,42.3731,2023,6,5,"US","HUMAN_OBSERVATION","Ligustrum vulgare"
2573881139,"Ligustrum vulgare",-71.161833,42.336628,2020,2,24,"US","HUMAN_OBSERVATION","Ligustrum vulgare"
3902761020,"Ligustrum vulgare",-88.268082,42.303629,2021,10,8,"US","HUMAN_OBSERVATION","Ligustrum vulgare"
3888828308,"Ligustrum vulgare",-83.932447,42.301441,2018,5,25,"US","HUMAN_OBSERVATION","Ligustrum vulgare"
4162087449,"Ligustrum vulgare",-83.753124,42.305539,2023,6,9,"US","HUMAN_OBSERVATION","Ligustrum vulgare"
3902350459,"Ligustrum vulgare",-83.746713,42.291847,2022,6,14,"US","HUMAN_OBSERVATION","Ligustrum vulgare"
4162084394,"Ligustrum vulgare",-83.704986,42.292642,2022,10,9,"US","HUMAN_OBSERVATION","Ligustrum vulgare"
4162144620,"Ligustrum vulgare",-83.462869,42.313042,2023,6,11,"US","HUMAN_OBSERVATION","Ligustrum vulgare"
2898334151,"Ligustrum vulgare",-82.62466,42.297586,2020,10,14,"CA","HUMAN_OBSERVATION","Ligustrum vulgare"
3456101343,"Ligustrum vulgare",-81.845838,42.315107,2021,12,1,"CA","HUMAN_OBSERVATION","Ligustrum vulgare"
3892304304,"Ligustrum vulgare",-71.132982,42.294714,2018,10,21,"US","HUMAN_OBSERVATION","Ligustrum vulgare"
2331876024,"Ligustrum vulgare",-71.010957,42.315741,2019,8,3,"US","HUMAN_OBSERVATION","Ligustrum vulgare"
3902162804,"Ligustrum vulgare",-89.172037,42.257335,2021,6,6,"US","HUMAN_OBSERVATION","Ligustrum vulgare"
3743125478,"Ligustrum vulgare",-88.876367,42.263428,2022,3,12,"US","HUMAN_OBSERVATION","Ligustrum vulgare"
3958862449,"Ligustrum vulgare",-88.199958,42.281906,2021,11,3,"US","HUMAN_OBSERVATION","Ligustrum vulgare"
3999183215,"Ligustrum vulgare",-88.125425,42.254839,2022,9,7,"US","HUMAN_OBSERVATION","Ligustrum vulgare"
3902107109,"Ligustrum vulgare",-88.089639,42.257612,2022,2,14,"US","HUMAN_OBSERVATION","Ligustrum vulgare"
4162053376,"Ligustrum vulgare",-88.078728,42.282302,2022,10,20,"US","HUMAN_OBSERVATION","Ligustrum vulgare"
3953349827,"Ligustrum vulgare",-87.972311,42.269317,2021,9,8,"US","HUMAN_OBSERVATION","Ligustrum vulgare"
3955196599,"Ligustrum vulgare",-87.95713,42.256092,2016,6,11,"US","HUMAN_OBSERVATION","Ligustrum vulgare"
3954072792,"Ligustrum vulgare",-87.855951,42.291272,2021,8,15,"US","HUMAN_OBSERVATION","Ligustrum vulgare"
4162221416,"Ligustrum vulgare",-83.754054,42.280654,2023,5,11,"US","HUMAN_OBSERVATION","Ligustrum vulgare"
3859490898,"Ligustrum vulgare",-83.73922,42.28042,2022,6,8,"US","HUMAN_OBSERVATION","Ligustrum vulgare"
3902255382,"Ligustrum vulgare",-83.707324,42.252364,2022,6,12,"US","HUMAN_OBSERVATION","Ligustrum vulgare"
3881766430,"Ligustrum vulgare",-83.658555,42.270213,2022,6,18,"US","HUMAN_OBSERVATION","Ligustrum vulgare"
3705455459,"Ligustrum vulgare",-82.884205,42.282871,2021,10,27,"CA","HUMAN_OBSERVATION","Ligustrum vulgare"
2988602820,"Ligustrum vulgare",-81.844171,42.280534,2020,11,7,"CA","HUMAN_OBSERVATION","Ligustrum vulgare"
3892596314,"Ligustrum vulgare",-72.586624,42.265156,2019,12,14,"US","HUMAN_OBSERVATION","Ligustrum vulgare"
4102748875,"Ligustrum vulgare",-72.572052,42.257915,2023,4,30,"US","HUMAN_OBSERVATION","Ligustrum vulgare"
3112503396,"Ligustrum vulgare",-70.88623,42.260128,2021,5,3,"US","HUMAN_OBSERVATION","Ligustrum vulgare"
2576390641,"Ligustrum vulgare",-70.87189,42.259192,2020,2,28,"US","HUMAN_OBSERVATION","Ligustrum vulgare"
3955597959,"Ligustrum vulgare",-88.272136,42.239836,2021,6,15,"US","HUMAN_OBSERVATION","Ligustrum vulgare"
3958981308,"Ligustrum vulgare",-88.161916,42.234754,2021,10,17,"US","HUMAN_OBSERVATION","Ligustrum vulgare"
3902637820,"Ligustrum vulgare",-87.823325,42.220609,2021,10,11,"US","HUMAN_OBSERVATION","Ligustrum vulgare"
3902052878,"Ligustrum vulgare",-83.727384,42.248263,2022,6,9,"US","HUMAN_OBSERVATION","Ligustrum vulgare"
4153437666,"Ligustrum vulgare",-70.790043,42.216871,2023,6,11,"US","HUMAN_OBSERVATION","Ligustrum vulgare"
3902620169,"Ligustrum vulgare",-89.169317,42.185001,2022,6,13,"US","HUMAN_OBSERVATION","Ligustrum vulgare"
3860673428,"Ligustrum vulgare",-88.025329,42.197279,2022,6,13,"US","HUMAN_OBSERVATION","Ligustrum vulgare"
3958576798,"Ligustrum vulgare",-87.952519,42.170956,2021,6,23,"US","HUMAN_OBSERVATION","Ligustrum vulgare"
3955285698,"Ligustrum vulgare",-87.808085,42.166702,2022,6,5,"US","HUMAN_OBSERVATION","Ligustrum vulgare"
4138544317,"Ligustrum vulgare",-85.975558,42.188739,2023,6,13,"US","HUMAN_OBSERVATION","Ligustrum vulgare"
1315079169,"Ligustrum vulgare",-82.829474,42.173525,2016,9,18,"CA","HUMAN_OBSERVATION","Ligustrum vulgare"
4075602302,"Ligustrum vulgare",-79.93337,42.19308,2013,9,24,"US","HUMAN_OBSERVATION","Ligustrum vulgare"
4105798952,"Ligustrum vulgare",-88.91111,42.15556,2005,9,29,"US","PRESERVED_SPECIMEN","Ligustrum vulgare"
3892472439,"Ligustrum vulgare",-88.118925,42.160727,2022,7,12,"US","HUMAN_OBSERVATION","Ligustrum vulgare"
3957720377,"Ligustrum vulgare",-88.068406,42.146357,2020,9,17,"US","HUMAN_OBSERVATION","Ligustrum vulgare"
3902184863,"Ligustrum vulgare",-87.951935,42.146076,2021,10,7,"US","HUMAN_OBSERVATION","Ligustrum vulgare"
4162189483,"Ligustrum vulgare",-87.773453,42.152233,2023,6,16,"US","HUMAN_OBSERVATION","Ligustrum vulgare"
3960064227,"Ligustrum vulgare",-88.318508,42.122486,2021,6,8,"US","HUMAN_OBSERVATION","Ligustrum vulgare"
2646556554,"Ligustrum vulgare",-88.277971,42.089774,2019,10,10,"US","HUMAN_OBSERVATION","Ligustrum vulgare"
1807268967,"Ligustrum vulgare",-88.072133,42.083483,2013,7,1,"US","HUMAN_OBSERVATION","Ligustrum vulgare"
3959606712,"Ligustrum vulgare",-88.022957,42.116435,2021,6,3,"US","HUMAN_OBSERVATION","Ligustrum vulgare"
4162115665,"Ligustrum vulgare",-87.862394,42.086744,2023,6,21,"US","HUMAN_OBSERVATION","Ligustrum vulgare"
3902113883,"Ligustrum vulgare",-87.778336,42.109631,2022,6,12,"US","HUMAN_OBSERVATION","Ligustrum vulgare"
4162077560,"Ligustrum vulgare",-83.147723,42.12228,2023,6,10,"US","HUMAN_OBSERVATION","Ligustrum vulgare"
3902203389,"Ligustrum vulgare",-76.855737,42.097675,2020,6,24,"US","HUMAN_OBSERVATION","Ligustrum vulgare"
3923597334,"Ligustrum vulgare",-73.518822,42.121947,2020,4,8,"US","HUMAN_OBSERVATION","Ligustrum vulgare"
3902060596,"Ligustrum vulgare",-88.433937,42.069908,2020,9,28,"US","HUMAN_OBSERVATION","Ligustrum vulgare"
3902194470,"Ligustrum vulgare",-88.12715,42.081643,2020,6,14,"US","HUMAN_OBSERVATION","Ligustrum vulgare"
3902053391,"Ligustrum vulgare",-87.979369,42.073447,2020,10,16,"US","HUMAN_OBSERVATION","Ligustrum vulgare"
3902063787,"Ligustrum vulgare",-87.917095,42.045631,2022,5,6,"US","HUMAN_OBSERVATION","Ligustrum vulgare"
4138093704,"Ligustrum vulgare",-87.855775,42.079233,2023,6,14,"US","HUMAN_OBSERVATION","Ligustrum vulgare"
3998993097,"Ligustrum vulgare",-87.816652,42.046619,2022,6,28,"US","HUMAN_OBSERVATION","Ligustrum vulgare"
3902760802,"Ligustrum vulgare",-87.778814,42.063762,2021,6,9,"US","HUMAN_OBSERVATION","Ligustrum vulgare"
3902022512,"Ligustrum vulgare",-87.708978,42.069213,2020,10,21,"US","HUMAN_OBSERVATION","Ligustrum vulgare"
3902012909,"Ligustrum vulgare",-87.685097,42.042775,2022,5,29,"US","HUMAN_OBSERVATION","Ligustrum vulgare"
3951728178,"Ligustrum vulgare",-88.340702,42.015001,2019,5,8,"US","HUMAN_OBSERVATION","Ligustrum vulgare"
4162256602,"Ligustrum vulgare",-88.061736,42.024943,2023,6,7,"US","HUMAN_OBSERVATION","Ligustrum vulgare"
3959309827,"Ligustrum vulgare",-87.819651,42.024288,2021,5,21,"US","HUMAN_OBSERVATION","Ligustrum vulgare"
2975671050,"Ligustrum vulgare",-87.766672,42.026693,2020,6,7,"US","HUMAN_OBSERVATION","Ligustrum vulgare"
3902108608,"Ligustrum vulgare",-87.710114,42.001275,2021,5,30,"US","HUMAN_OBSERVATION","Ligustrum vulgare"
2645918515,"Ligustrum vulgare",-87.680238,42.022695,2019,6,23,"US","HUMAN_OBSERVATION","Ligustrum vulgare"
2311363959,"Ligustrum vulgare",-80.334988,42.032822,2019,7,28,"US","HUMAN_OBSERVATION","Ligustrum vulgare"
4062690301,"Ligustrum vulgare",-80.309383,42.018363,2013,9,26,"US","HUMAN_OBSERVATION","Ligustrum vulgare"
3902176375,"Ligustrum vulgare",-73.884499,42.011448,2020,6,11,"US","HUMAN_OBSERVATION","Ligustrum vulgare"
3915413473,"Ligustrum vulgare",-70.678662,42.012358,2021,9,25,"US","HUMAN_OBSERVATION","Ligustrum vulgare"
3923663359,"Ligustrum vulgare",-93.608826,41.977507,2020,8,27,"US","HUMAN_OBSERVATION","Ligustrum vulgare"
3902270321,"Ligustrum vulgare",-88.733563,41.958805,2022,6,5,"US","HUMAN_OBSERVATION","Ligustrum vulgare"
4162144563,"Ligustrum vulgare",-88.25578,41.984906,2023,6,7,"US","HUMAN_OBSERVATION","Ligustrum vulgare"
2649402361,"Ligustrum vulgare",-88.034784,41.99925,2019,10,8,"US","HUMAN_OBSERVATION","Ligustrum vulgare"
2641519273,"Ligustrum vulgare",-87.952416,41.958454,2020,6,8,"US","HUMAN_OBSERVATION","Ligustrum vulgare"
3902122600,"Ligustrum vulgare",-87.803671,41.99331,2021,6,3,"US","HUMAN_OBSERVATION","Ligustrum vulgare"
3902112545,"Ligustrum vulgare",-87.762869,41.986902,2020,6,9,"US","HUMAN_OBSERVATION","Ligustrum vulgare"
3958467145,"Ligustrum vulgare",-87.710082,41.976972,2021,12,30,"US","HUMAN_OBSERVATION","Ligustrum vulgare"
1989544561,"Ligustrum vulgare",-83.955468,41.970787,2011,6,11,"US","PRESERVED_SPECIMEN","Ligustrum vulgare"
3333247061,"Ligustrum vulgare",-82.51844,41.962772,2021,7,25,"CA","HUMAN_OBSERVATION","Ligustrum vulgare"
3888707302,"Ligustrum vulgare",-80.493333,41.986833,2013,9,15,"US","HUMAN_OBSERVATION","Ligustrum vulgare"
3998298465,"Ligustrum vulgare",-88.439187,41.93094,2022,8,26,"US","HUMAN_OBSERVATION","Ligustrum vulgare"
3952206937,"Ligustrum vulgare",-87.987376,41.938671,2021,10,14,"US","HUMAN_OBSERVATION","Ligustrum vulgare"
3951575438,"Ligustrum vulgare",-87.791116,41.953296,2021,6,2,"US","HUMAN_OBSERVATION","Ligustrum vulgare"
3952029111,"Ligustrum vulgare",-87.710164,41.954469,2020,6,12,"US","HUMAN_OBSERVATION","Ligustrum vulgare"
3902061195,"Ligustrum vulgare",-87.677808,41.921624,2022,6,8,"US","HUMAN_OBSERVATION","Ligustrum vulgare"
3902108553,"Ligustrum vulgare",-87.65715,41.956074,2021,3,27,"US","HUMAN_OBSERVATION","Ligustrum vulgare"
2238774022,"Ligustrum vulgare",-86.442572,41.938522,2018,6,5,"US","HUMAN_OBSERVATION","Ligustrum vulgare"
3902017081,"Ligustrum vulgare",-83.372192,41.921035,2022,6,13,"US","HUMAN_OBSERVATION","Ligustrum vulgare"
2580203184,"Ligustrum vulgare",-82.515706,41.93636,2019,10,19,"CA","HUMAN_OBSERVATION","Ligustrum vulgare"
2445104246,"Ligustrum vulgare",-75.671309,41.924841,2019,10,21,"US","HUMAN_OBSERVATION","Ligustrum vulgare"
4162237471,"Ligustrum vulgare",-88.040366,41.889231,2023,6,7,"US","HUMAN_OBSERVATION","Ligustrum vulgare"
3902009805,"Ligustrum vulgare",-87.796425,41.890175,2021,5,20,"US","HUMAN_OBSERVATION","Ligustrum vulgare"
4407098683,"Ligustrum vulgare",-87.782242,41.87765,2023,7,29,"US","HUMAN_OBSERVATION","Ligustrum vulgare"
3902005628,"Ligustrum vulgare",-87.71053,41.905578,2020,10,11,"US","HUMAN_OBSERVATION","Ligustrum vulgare"
3949469852,"Ligustrum vulgare",-87.678658,41.897673,2022,5,31,"US","HUMAN_OBSERVATION","Ligustrum vulgare"
2294531426,"Ligustrum vulgare",-69.995468,41.882111,2019,7,16,"US","HUMAN_OBSERVATION","Ligustrum vulgare"
3954022284,"Ligustrum vulgare",-88.129667,41.859031,2020,8,7,"US","HUMAN_OBSERVATION","Ligustrum vulgare"
4162090598,"Ligustrum vulgare",-87.851906,41.845813,2023,6,10,"US","HUMAN_OBSERVATION","Ligustrum vulgare"
2974953309,"Ligustrum vulgare",-87.817148,41.844671,2020,5,18,"US","HUMAN_OBSERVATION","Ligustrum vulgare"
3915284699,"Ligustrum vulgare",-87.788715,41.859066,2022,9,20,"US","HUMAN_OBSERVATION","Ligustrum vulgare"
3915343355,"Ligustrum vulgare",-86.653238,41.838988,2021,9,4,"US","HUMAN_OBSERVATION","Ligustrum vulgare"
3902078994,"Ligustrum vulgare",-86.60177,41.867436,2022,6,4,"US","HUMAN_OBSERVATION","Ligustrum vulgare"
3415676221,"Ligustrum vulgare",-88.151871,41.796349,2021,11,15,"US","HUMAN_OBSERVATION","Ligustrum vulgare"
3902040010,"Ligustrum vulgare",-88.047002,41.799391,2022,6,10,"US","HUMAN_OBSERVATION","Ligustrum vulgare"
3998120734,"Ligustrum vulgare",-88.003228,41.793906,2022,6,9,"US","HUMAN_OBSERVATION","Ligustrum vulgare"
3954172252,"Ligustrum vulgare",-87.874123,41.800826,2021,10,5,"US","HUMAN_OBSERVATION","Ligustrum vulgare"
2451739836,"Ligustrum vulgare",-82.671558,41.806896,2019,11,4,"CA","HUMAN_OBSERVATION","Ligustrum vulgare"
3902170482,"Ligustrum vulgare",-88.168861,41.778319,2021,6,12,"US","HUMAN_OBSERVATION","Ligustrum vulgare"
4162062518,"Ligustrum vulgare",-88.15792,41.769752,2023,6,10,"US","HUMAN_OBSERVATION","Ligustrum vulgare"
4162068492,"Ligustrum vulgare",-88.016893,41.79162,2023,6,6,"US","HUMAN_OBSERVATION","Ligustrum vulgare"
3998747185,"Ligustrum vulgare",-87.912042,41.790924,2022,9,7,"US","HUMAN_OBSERVATION","Ligustrum vulgare"
3902591735,"Ligustrum vulgare",-83.447614,41.775699,2021,6,9,"US","HUMAN_OBSERVATION","Ligustrum vulgare"
3067605702,"Ligustrum vulgare",-69.940912,41.76313,2019,12,18,"US","HUMAN_OBSERVATION","Ligustrum vulgare"
3923514368,"Ligustrum vulgare",-91.582171,41.741283,2020,10,7,"US","HUMAN_OBSERVATION","Ligustrum vulgare"
3888986310,"Ligustrum vulgare",-88.049909,41.734672,2018,6,5,"US","HUMAN_OBSERVATION","Ligustrum vulgare"
1212014836,"Ligustrum vulgare",-73.20381,41.74104,2013,6,20,"US","PRESERVED_SPECIMEN","Ligustrum vulgare"
3986062967,"Ligustrum vulgare",-91.529584,41.670247,2022,11,8,"US","HUMAN_OBSERVATION","Ligustrum vulgare"
2976364301,"Ligustrum vulgare",-88.105468,41.700344,2020,10,9,"US","HUMAN_OBSERVATION","Ligustrum vulgare"
2573035425,"Ligustrum vulgare",-87.92084,41.68727,2012,5,22,"US","PRESERVED_SPECIMEN","Ligustrum vulgare"
3355496588,"Ligustrum vulgare",-87.888419,41.697854,2021,7,9,"US","HUMAN_OBSERVATION","Ligustrum vulgare"
3888950305,"Ligustrum vulgare",-87.812211,41.699764,2018,6,12,"US","HUMAN_OBSERVATION","Ligustrum vulgare"
2574048982,"Ligustrum vulgare",-87.747442,41.69393,2020,2,22,"US","HUMAN_OBSERVATION","Ligustrum vulgare"
3112651446,"Ligustrum vulgare",-81.332683,41.67585,2021,5,2,"US","HUMAN_OBSERVATION","Ligustrum vulgare"
4162048467,"Ligustrum vulgare",-71.441947,41.674583,2023,1,13,"US","HUMAN_OBSERVATION","Ligustrum vulgare"
1249231162,"Ligustrum vulgare",-71.2372,41.6775,2014,9,23,"US","PRESERVED_SPECIMEN","Ligustrum vulgare"
3892277312,"Ligustrum vulgare",-91.536191,41.666343,2019,10,9,"US","HUMAN_OBSERVATION","Ligustrum vulgare"
3955481811,"Ligustrum vulgare",-88.212685,41.64724,2021,5,16,"US","HUMAN_OBSERVATION","Ligustrum vulgare"
2873912386,"Ligustrum vulgare",-87.921285,41.653904,2020,6,9,"US","HUMAN_OBSERVATION","Ligustrum vulgare"
3956133787,"Ligustrum vulgare",-87.844106,41.637904,2021,5,31,"US","HUMAN_OBSERVATION","Ligustrum vulgare"
4162104487,"Ligustrum vulgare",-87.197833,41.627487,2023,6,9,"US","HUMAN_OBSERVATION","Ligustrum vulgare"
3902195010,"Ligustrum vulgare",-80.162799,41.659856,2021,11,5,"US","HUMAN_OBSERVATION","Ligustrum vulgare"
3859044973,"Ligustrum vulgare",-73.625742,41.647306,2022,4,20,"US","HUMAN_OBSERVATION","Ligustrum vulgare"
3912153852,"Ligustrum vulgare",-87.883468,41.597071,2022,9,1,"US","HUMAN_OBSERVATION","Ligustrum vulgare"
3892489323,"Ligustrum vulgare",-87.200673,41.623243,2019,11,29,"US","HUMAN_OBSERVATION","Ligustrum vulgare"
3014047598,"Ligustrum vulgare",-72.56755,41.617625,2020,11,5,"US","HUMAN_OBSERVATION","Ligustrum vulgare"
3951866521,"Ligustrum vulgare",-87.662599,41.564279,2021,6,14,"US","HUMAN_OBSERVATION","Ligustrum vulgare"
3892647305,"Ligustrum vulgare",-87.587362,41.553736,2018,9,28,"US","HUMAN_OBSERVATION","Ligustrum vulgare"
3957514460,"Ligustrum vulgare",-87.473183,41.564953,2020,6,4,"US","HUMAN_OBSERVATION","Ligustrum vulgare"
4137714019,"Ligustrum vulgare",-83.565547,41.54245,2023,6,12,"US","HUMAN_OBSERVATION","Ligustrum vulgare"
3902154795,"Ligustrum vulgare",-75.724617,41.552775,2022,6,15,"US","HUMAN_OBSERVATION","Ligustrum vulgare"
3881667560,"Ligustrum vulgare",-71.450653,41.56782,2022,7,26,"US","HUMAN_OBSERVATION","Ligustrum vulgare"
4153122043,"Ligustrum vulgare",-111.95096,41.49483,2014,7,17,"US","PRESERVED_SPECIMEN","Ligustrum vulgare"
3912237849,"Ligustrum vulgare",-81.830972,41.470289,2022,9,3,"US","HUMAN_OBSERVATION","Ligustrum vulgare"
3988533635,"Ligustrum vulgare",-71.527367,41.490875,2022,10,27,"US","HUMAN_OBSERVATION","Ligustrum vulgare"
3888742315,"Ligustrum vulgare",-71.242905,41.477111,2019,7,2,"US","HUMAN_OBSERVATION","Ligustrum vulgare"
3902058648,"Ligustrum vulgare",-87.605973,41.415924,2021,6,5,"US","HUMAN_OBSERVATION","Ligustrum vulgare"
4162083473,"Ligustrum vulgare",-81.646748,41.381113,2023,6,5,"US","HUMAN_OBSERVATION","Ligustrum vulgare"
415950570,"Ligustrum vulgare",-72.10861,41.3825,2005,10,16,"US","PRESERVED_SPECIMEN","Ligustrum vulgare"
2882953108,"Ligustrum vulgare",-71.46575,41.396547,2020,10,4,"US","HUMAN_OBSERVATION","Ligustrum vulgare"
2540786068,"Ligustrum vulgare",-70.504016,41.391142,2019,12,23,"US","HUMAN_OBSERVATION","Ligustrum vulgare"
1038951689,"Ligustrum vulgare",-72.96689,41.33908,2009,8,17,"US","PRESERVED_SPECIMEN","Ligustrum vulgare"
4407232701,"Ligustrum vulgare",-82.23449,41.301837,2023,8,8,"US","HUMAN_OBSERVATION","Ligustrum vulgare"
3415670270,"Ligustrum vulgare",-73.378502,41.307789,2021,11,13,"US","HUMAN_OBSERVATION","Ligustrum vulgare"
1978421896,"Ligustrum vulgare",-72.903645,41.326681,2018,11,12,"US","HUMAN_OBSERVATION","Ligustrum vulgare"
4407384735,"Ligustrum vulgare",-111.94818,41.280922,2023,6,14,"US","HUMAN_OBSERVATION","Ligustrum vulgare"
3925137430,"Ligustrum vulgare",-95.84085,41.259893,2021,7,15,"US","HUMAN_OBSERVATION","Ligustrum vulgare"
4162225467,"Ligustrum vulgare",-72.738524,41.264852,2022,11,3,"US","HUMAN_OBSERVATION","Ligustrum vulgare"
3013915564,"Ligustrum vulgare",-81.512236,41.222864,2020,11,4,"US","HUMAN_OBSERVATION","Ligustrum vulgare"
3892673316,"Ligustrum vulgare",-73.943938,41.234179,2019,10,10,"US","HUMAN_OBSERVATION","Ligustrum vulgare"
3892467315,"Ligustrum vulgare",-81.646261,41.182068,2019,9,8,"US","HUMAN_OBSERVATION","Ligustrum vulgare"
3892534318,"Ligustrum vulgare",-73.782121,41.168312,2019,11,26,"US","HUMAN_OBSERVATION","Ligustrum vulgare"
1849108347,"Ligustrum vulgare",-72.197983,41.176065,2004,8,12,"US","PRESERVED_SPECIMEN","Ligustrum vulgare"
3113344305,"Ligustrum vulgare",-81.575763,41.139918,2011,11,18,"US","HUMAN_OBSERVATION","Ligustrum vulgare"
3925342439,"Ligustrum vulgare",-73.368246,41.139845,2021,8,31,"US","HUMAN_OBSERVATION","Ligustrum vulgare"
3902155729,"Ligustrum vulgare",-85.115411,41.117747,2021,6,1,"US","HUMAN_OBSERVATION","Ligustrum vulgare"
2422955838,"Ligustrum vulgare",-73.488333,41.121636,2019,9,7,"US","HUMAN_OBSERVATION","Ligustrum vulgare"
3698373657,"Ligustrum vulgare",-75.21556,41.061619,2022,2,21,"US","HUMAN_OBSERVATION","Ligustrum vulgare"
3925008431,"Ligustrum vulgare",-96.308772,41.032138,2021,10,9,"US","HUMAN_OBSERVATION","Ligustrum vulgare"
415945889,"Ligustrum vulgare",-75.0975,41.02194,2002,8,7,"US","PRESERVED_SPECIMEN","Ligustrum vulgare"
3902156247,"Ligustrum vulgare",-82.659119,40.994576,2022,6,1,"US","HUMAN_OBSERVATION","Ligustrum vulgare"
2980773595,"Ligustrum vulgare",-80.499203,40.978332,2020,10,29,"US","HUMAN_OBSERVATION","Ligustrum vulgare"
3902629503,"Ligustrum vulgare",-80.396466,40.994157,2020,6,12,"US","HUMAN_OBSERVATION","Ligustrum vulgare"
3712661603,"Ligustrum vulgare",-111.883778,40.939911,2022,3,4,"US","HUMAN_OBSERVATION","Ligustrum vulgare"
3915351374,"Ligustrum vulgare",-73.779302,40.956978,2021,10,27,"US","HUMAN_OBSERVATION","Ligustrum vulgare"
3902156283,"Ligustrum vulgare",-78.05768,40.912216,2022,6,8,"US","HUMAN_OBSERVATION","Ligustrum vulgare"
2557761211,"Ligustrum vulgare",-77.791914,40.876269,2019,12,24,"US","HUMAN_OBSERVATION","Ligustrum vulgare"
2447972783,"Ligustrum vulgare",-73.78195,40.888366,2019,10,28,"US","HUMAN_OBSERVATION","Ligustrum vulgare"
3925297429,"Ligustrum vulgare",-74.725991,40.846035,2021,6,25,"US","HUMAN_OBSERVATION","Ligustrum vulgare"
3859811635,"Ligustrum vulgare",-73.878958,40.861389,2021,5,2,"US","HUMAN_OBSERVATION","Ligustrum vulgare"
3858203952,"Ligustrum vulgare",-73.790874,40.868718,2022,4,11,"US","HUMAN_OBSERVATION","Ligustrum vulgare"
3902027661,"Ligustrum vulgare",-77.896709,40.806309,2021,6,6,"US","HUMAN_OBSERVATION","Ligustrum vulgare"
415931664,"Ligustrum vulgare",-74.34,40.81799,2003,10,28,"US","PRESERVED_SPECIMEN","Ligustrum vulgare"
4067671533,"Ligustrum vulgare",-73.955765,40.795409,2023,3,21,"US","HUMAN_OBSERVATION","Ligustrum vulgare"
4162279597,"Ligustrum vulgare",-111.858597,40.764858,2023,6,4,"US","HUMAN_OBSERVATION","Ligustrum vulgare"
4162023472,"Ligustrum vulgare",-96.719167,40.768542,2022,11,19,"US","HUMAN_OBSERVATION","Ligustrum vulgare"
3923668410,"Ligustrum vulgare",-96.671242,40.781212,2021,7,28,"US","HUMAN_OBSERVATION","Ligustrum vulgare"
3902183757,"Ligustrum vulgare",-89.674142,40.760097,2021,5,31,"US","HUMAN_OBSERVATION","Ligustrum vulgare"
3925005440,"Ligustrum vulgare",-74.657608,40.770353,2022,1,13,"US","HUMAN_OBSERVATION","Ligustrum vulgare"
4129778590,"Ligustrum vulgare",-73.969159,40.778974,2023,6,1,"US","HUMAN_OBSERVATION","Ligustrum vulgare"
3915404424,"Ligustrum vulgare",-111.848045,40.722497,2022,2,18,"US","HUMAN_OBSERVATION","Ligustrum vulgare"
2609302375,"Ligustrum vulgare",-80.114469,40.721429,2020,4,22,"US","HUMAN_OBSERVATION","Ligustrum vulgare"
3902145954,"Ligustrum vulgare",-79.992987,40.70981,2022,1,2,"US","HUMAN_OBSERVATION","Ligustrum vulgare"
415944393,"Ligustrum vulgare",-75.181,40.72899,2003,10,28,"US","PRESERVED_SPECIMEN","Ligustrum vulgare"
415931338,"Ligustrum vulgare",-74.398,40.724,2003,8,19,"US","PRESERVED_SPECIMEN","Ligustrum vulgare"
1847420668,"Ligustrum vulgare",-73.999503,40.727199,2018,4,27,"US","HUMAN_OBSERVATION","Ligustrum vulgare"
3915404414,"Ligustrum vulgare",-73.865778,40.69655,2022,1,17,"US","HUMAN_OBSERVATION","Ligustrum vulgare"
3912152824,"Ligustrum vulgare",-111.958045,40.627655,2022,8,26,"US","HUMAN_OBSERVATION","Ligustrum vulgare"
4111633931,"Ligustrum vulgare",-111.878983,40.65747,2023,4,28,"US","HUMAN_OBSERVATION","Ligustrum vulgare"
3888891304,"Ligustrum vulgare",-111.862299,40.644145,2018,1,19,"US","HUMAN_OBSERVATION","Ligustrum vulgare"
3953792566,"Ligustrum vulgare",-105.146703,40.630313,2020,10,6,"US","HUMAN_OBSERVATION","Ligustrum vulgare"
3902049764,"Ligustrum vulgare",-89.151125,40.637449,2021,10,6,"US","HUMAN_OBSERVATION","Ligustrum vulgare"
2859470793,"Ligustrum vulgare",-80.02556,40.62694,2004,9,24,"US","PRESERVED_SPECIMEN","Ligustrum vulgare"
3892653319,"Ligustrum vulgare",-79.950931,40.664142,2019,10,6,"US","HUMAN_OBSERVATION","Ligustrum vulgare"
3998883792,"Ligustrum vulgare",-105.042018,40.614583,2022,6,10,"US","HUMAN_OBSERVATION","Ligustrum vulgare"
3997867477,"Ligustrum vulgare",-103.211153,40.620775,2022,10,15,"US","HUMAN_OBSERVATION","Ligustrum vulgare"
2609282848,"Ligustrum vulgare",-80.150031,40.604451,2020,4,22,"US","HUMAN_OBSERVATION","Ligustrum vulgare"
3408236334,"Ligustrum vulgare",-80.032172,40.619463,2019,10,20,"US","HUMAN_OBSERVATION","Ligustrum vulgare"
3915323418,"Ligustrum vulgare",-73.895208,40.600617,2021,12,12,"US","HUMAN_OBSERVATION","Ligustrum vulgare"
4171940849,"Ligustrum vulgare",-73.793514,40.599548,2023,6,29,"US","HUMAN_OBSERVATION","Ligustrum vulgare"
3888983302,"Ligustrum vulgare",-73.598588,40.592643,2017,4,16,"US","HUMAN_OBSERVATION","Ligustrum vulgare"
3759264616,"Ligustrum vulgare",-111.844878,40.559387,2022,4,1,"US","HUMAN_OBSERVATION","Ligustrum vulgare"
3951490795,"Ligustrum vulgare",-105.127747,40.565842,2017,6,13,"US","HUMAN_OBSERVATION","Ligustrum vulgare"
3902116039,"Ligustrum vulgare",-105.12175,40.56863,2022,6,14,"US","HUMAN_OBSERVATION","Ligustrum vulgare"
3956011253,"Ligustrum vulgare",-105.050231,40.556294,2021,6,29,"US","HUMAN_OBSERVATION","Ligustrum vulgare"
2859248546,"Ligustrum vulgare",-80.20126,40.55772,2017,5,12,"US","PRESERVED_SPECIMEN","Ligustrum vulgare"
3902060790,"Ligustrum vulgare",-105.088814,40.513722,2021,6,17,"US","HUMAN_OBSERVATION","Ligustrum vulgare"
4011701640,"Ligustrum vulgare",-105.046607,40.527262,2022,12,16,"US","HUMAN_OBSERVATION","Ligustrum vulgare"
1211992501,"Ligustrum vulgare",-80.149392,40.541628,2015,11,8,"US","HUMAN_OBSERVATION","Ligustrum vulgare"
4133913747,"Ligustrum vulgare",-80.08545,40.511845,2023,6,2,"US","HUMAN_OBSERVATION","Ligustrum vulgare"
3064137406,"Ligustrum vulgare",-79.901075,40.52014,2016,9,7,"US","PRESERVED_SPECIMEN","Ligustrum vulgare"
3902051232,"Ligustrum vulgare",-74.436745,40.508297,2022,6,2,"US","HUMAN_OBSERVATION","Ligustrum vulgare"
3949615839,"Ligustrum vulgare",-90.684611,40.465463,2021,4,30,"US","HUMAN_OBSERVATION","Ligustrum vulgare"
3902023472,"Ligustrum vulgare",-89.001658,40.467656,2020,8,23,"US","HUMAN_OBSERVATION","Ligustrum vulgare"
3902110953,"Ligustrum vulgare",-88.969924,40.496464,2021,9,1,"US","HUMAN_OBSERVATION","Ligustrum vulgare"
3915445397,"Ligustrum vulgare",-83.87101,40.497147,2021,10,9,"US","HUMAN_OBSERVATION","Ligustrum vulgare"
415928063,"Ligustrum vulgare",-74.65345,40.48027,2002,6,6,"US","PRESERVED_SPECIMEN","Ligustrum vulgare"
3999059634,"Ligustrum vulgare",-105.092207,40.422171,2022,10,8,"US","HUMAN_OBSERVATION","Ligustrum vulgare"
4162226427,"Ligustrum vulgare",-86.903976,40.445134,2022,10,15,"US","HUMAN_OBSERVATION","Ligustrum vulgare"
2859248987,"Ligustrum vulgare",-80.3673,40.437,2017,9,4,"US","PRESERVED_SPECIMEN","Ligustrum vulgare"
2859235087,"Ligustrum vulgare",-79.94138,40.43371,2001,6,15,"US","PRESERVED_SPECIMEN","Ligustrum vulgare"
2447972423,"Ligustrum vulgare",-79.907388,40.431978,2019,10,28,"US","HUMAN_OBSERVATION","Ligustrum vulgare"
3902170565,"Ligustrum vulgare",-86.871094,40.408119,2021,9,4,"US","HUMAN_OBSERVATION","Ligustrum vulgare"
2992800588,"Ligustrum vulgare",-111.714988,40.297517,2020,11,12,"US","HUMAN_OBSERVATION","Ligustrum vulgare"
3881488430,"Ligustrum vulgare",-111.621916,40.331459,2022,5,27,"US","HUMAN_OBSERVATION","Ligustrum vulgare"
3956417148,"Ligustrum vulgare",-105.079662,40.312211,2022,6,14,"US","HUMAN_OBSERVATION","Ligustrum vulgare"
2237494443,"Ligustrum vulgare",-80.109406,40.323753,2019,4,21,"US","HUMAN_OBSERVATION","Ligustrum vulgare"
2465214946,"Ligustrum vulgare",-74.939065,40.329274,2019,11,25,"US","HUMAN_OBSERVATION","Ligustrum vulgare"
4162018615,"Ligustrum vulgare",-111.63205,40.264679,2023,6,9,"US","HUMAN_OBSERVATION","Ligustrum vulgare"
3892489319,"Ligustrum vulgare",-111.654378,40.246552,2019,9,19,"US","HUMAN_OBSERVATION","Ligustrum vulgare"
3892434314,"Ligustrum vulgare",-77.190447,40.221317,2020,2,24,"US","HUMAN_OBSERVATION","Ligustrum vulgare"
4076230028,"Ligustrum vulgare",-74.831658,40.231578,2023,3,21,"US","HUMAN_OBSERVATION","Ligustrum vulgare"
4145223854,"Ligustrum vulgare",-105.137891,40.167013,2023,6,24,"US","HUMAN_OBSERVATION","Ligustrum vulgare"
3954840694,"Ligustrum vulgare",-105.111317,40.171592,2022,6,20,"US","HUMAN_OBSERVATION","Ligustrum vulgare"
4081302636,"Ligustrum vulgare",-87.967835,40.179961,2002,6,18,"US","PRESERVED_SPECIMEN","Ligustrum vulgare"
2859470282,"Ligustrum vulgare",-79.76916,40.18789,2010,8,2,"US","PRESERVED_SPECIMEN","Ligustrum vulgare"
3902217379,"Ligustrum vulgare",-105.107521,40.145603,2022,6,8,"US","HUMAN_OBSERVATION","Ligustrum vulgare"
3902647539,"Ligustrum vulgare",-89.41021,40.135852,2020,5,28,"US","HUMAN_OBSERVATION","Ligustrum vulgare"
2859235247,"Ligustrum vulgare",-80.27548,40.15422,2005,10,15,"US","PRESERVED_SPECIMEN","Ligustrum vulgare"
4064852905,"Ligustrum vulgare",-75.617309,40.137458,2000,10,6,"US","PRESERVED_SPECIMEN","Ligustrum vulgare"
3954941751,"Ligustrum vulgare",-105.174202,40.097187,2021,9,24,"US","HUMAN_OBSERVATION","Ligustrum vulgare"
3998945483,"Ligustrum vulgare",-88.292807,40.093638,2022,5,26,"US","HUMAN_OBSERVATION","Ligustrum vulgare"
3892349314,"Ligustrum vulgare",-83.125907,40.121496,2020,5,24,"US","HUMAN_OBSERVATION","Ligustrum vulgare"
2859223335,"Ligustrum vulgare",-80.722588,40.079339,2011,11,3,"US","PRESERVED_SPECIMEN","Ligustrum vulgare"
3925415580,"Ligustrum vulgare",-105.296085,40.014753,2022,6,18,"US","HUMAN_OBSERVATION","Ligustrum vulgare"
3902055840,"Ligustrum vulgare",-105.285037,40.014411,2022,5,28,"US","HUMAN_OBSERVATION","Ligustrum vulgare"
2974555282,"Ligustrum vulgare",-105.236983,40.012378,2020,6,5,"US","HUMAN_OBSERVATION","Ligustrum vulgare"
3892357310,"Ligustrum vulgare",-83.018987,40.010068,2019,6,2,"US","HUMAN_OBSERVATION","Ligustrum vulgare"
1572355016,"Ligustrum vulgare",-82.937721,40.041576,2016,11,18,"US","HUMAN_OBSERVATION","Ligustrum vulgare"
2626099924,"Ligustrum vulgare",-77.290376,40.030808,2020,5,3,"US","HUMAN_OBSERVATION","Ligustrum vulgare"
3915306554,"Ligustrum vulgare",-105.294292,39.997316,2022,6,5,"US","HUMAN_OBSERVATION","Ligustrum vulgare"
3902619751,"Ligustrum vulgare",-105.280237,39.9964,2021,6,24,"US","HUMAN_OBSERVATION","Ligustrum vulgare"
3902640964,"Ligustrum vulgare",-105.225562,39.987289,2022,6,16,"US","HUMAN_OBSERVATION","Ligustrum vulgare"
3923719414,"Ligustrum vulgare",-105.196648,39.987354,2021,8,26,"US","HUMAN_OBSERVATION","Ligustrum vulgare"
3902044772,"Ligustrum vulgare",-105.143319,39.983712,2021,6,25,"US","HUMAN_OBSERVATION","Ligustrum vulgare"
3998794511,"Ligustrum vulgare",-105.105591,39.99353,2022,10,8,"US","HUMAN_OBSERVATION","Ligustrum vulgare"
3112735349,"Ligustrum vulgare",-86.239233,39.958745,2020,7,31,"US","HUMAN_OBSERVATION","Ligustrum vulgare"
3923453422,"Ligustrum vulgare",-105.085786,39.937442,2021,8,1,"US","HUMAN_OBSERVATION","Ligustrum vulgare"
4075419321,"Ligustrum vulgare",-75.678767,39.919917,2005,10,3,"US","PRESERVED_SPECIMEN","Ligustrum vulgare"
3902033604,"Ligustrum vulgare",-75.452568,39.948898,2020,10,2,"US","HUMAN_OBSERVATION","Ligustrum vulgare"
3892328316,"Ligustrum vulgare",-75.406909,39.921199,2020,4,24,"US","HUMAN_OBSERVATION","Ligustrum vulgare"
3998586186,"Ligustrum vulgare",-105.06683,39.886872,2022,6,3,"US","HUMAN_OBSERVATION","Ligustrum vulgare"
3902174529,"Ligustrum vulgare",-105.102497,39.859535,2021,6,19,"US","HUMAN_OBSERVATION","Ligustrum vulgare"
2648191786,"Ligustrum vulgare",-104.999685,39.874048,2019,5,15,"US","HUMAN_OBSERVATION","Ligustrum vulgare"
3889043312,"Ligustrum vulgare",-82.734406,39.865905,2018,6,2,"US","HUMAN_OBSERVATION","Ligustrum vulgare"
3331190267,"Ligustrum vulgare",-76.32843,39.83461,2012,9,26,"US","PRESERVED_SPECIMEN","Ligustrum vulgare"
3955986502,"Ligustrum vulgare",-105.181264,39.823797,2019,5,12,"US","HUMAN_OBSERVATION","Ligustrum vulgare"
3998421432,"Ligustrum vulgare",-105.154822,39.824313,2022,10,8,"US","HUMAN_OBSERVATION","Ligustrum vulgare"
2851003474,"Ligustrum vulgare",-83.884247,39.802422,2019,11,10,"US","HUMAN_OBSERVATION","Ligustrum vulgare"
3398913030,"Ligustrum vulgare",-105.130775,39.773367,2021,10,24,"US","HUMAN_OBSERVATION","Ligustrum vulgare"
3902119281,"Ligustrum vulgare",-105.122371,39.774392,2022,6,13,"US","HUMAN_OBSERVATION","Ligustrum vulgare"
3958906104,"Ligustrum vulgare",-105.027955,39.758581,2021,11,28,"US","HUMAN_OBSERVATION","Ligustrum vulgare"
4161984466,"Ligustrum vulgare",-104.957007,39.765675,2022,11,22,"US","HUMAN_OBSERVATION","Ligustrum vulgare"
4162224505,"Ligustrum vulgare",-104.881858,39.75842,2023,6,13,"US","HUMAN_OBSERVATION","Ligustrum vulgare"
2988254306,"Ligustrum vulgare",-105.210208,39.716775,2019,7,8,"US","PRESERVED_SPECIMEN","Ligustrum vulgare"
2992866015,"Ligustrum vulgare",-105.143437,39.741254,2020,6,15,"US","HUMAN_OBSERVATION","Ligustrum vulgare"
4039390553,"Ligustrum vulgare",-105.111305,39.717384,2023,2,17,"US","HUMAN_OBSERVATION","Ligustrum vulgare"
3961466747,"Ligustrum vulgare",-105.042511,39.748913,2022,10,22,"US","HUMAN_OBSERVATION","Ligustrum vulgare"
3952087098,"Ligustrum vulgare",-104.92815,39.747362,2022,4,23,"US","HUMAN_OBSERVATION","Ligustrum vulgare"
3892629318,"Ligustrum vulgare",-104.804605,39.715912,2019,10,28,"US","HUMAN_OBSERVATION","Ligustrum vulgare"
3892595305,"Ligustrum vulgare",-81.967053,39.714665,2018,9,26,"US","HUMAN_OBSERVATION","Ligustrum vulgare"
3902652498,"Ligustrum vulgare",-105.089971,39.705599,2021,6,1,"US","HUMAN_OBSERVATION","Ligustrum vulgare"
3902630806,"Ligustrum vulgare",-105.079705,39.703945,2021,6,27,"US","HUMAN_OBSERVATION","Ligustrum vulgare"
2975786192,"Ligustrum vulgare",-105.009997,39.706684,2020,6,7,"US","HUMAN_OBSERVATION","Ligustrum vulgare"
3958196745,"Ligustrum vulgare",-104.952478,39.672981,2022,6,19,"US","HUMAN_OBSERVATION","Ligustrum vulgare"
3955346032,"Ligustrum vulgare",-104.908147,39.682469,2022,6,7,"US","HUMAN_OBSERVATION","Ligustrum vulgare"
3959562856,"Ligustrum vulgare",-104.857088,39.673719,2021,10,10,"US","HUMAN_OBSERVATION","Ligustrum vulgare"
2645886325,"Ligustrum vulgare",-105.139922,39.632613,2019,6,21,"US","HUMAN_OBSERVATION","Ligustrum vulgare"
4162039217,"Ligustrum vulgare",-105.071945,39.649323,2023,7,14,"US","HUMAN_OBSERVATION","Ligustrum vulgare"
3998828744,"Ligustrum vulgare",-105.029063,39.626782,2022,10,9,"US","HUMAN_OBSERVATION","Ligustrum vulgare"
3958973316,"Ligustrum vulgare",-104.971486,39.638911,2021,5,2,"US","HUMAN_OBSERVATION","Ligustrum vulgare"
3923222015,"Ligustrum vulgare",-104.92857,39.660313,2022,9,17,"US","HUMAN_OBSERVATION","Ligustrum vulgare"
3888858306,"Ligustrum vulgare",-104.915044,39.657377,2018,5,25,"US","HUMAN_OBSERVATION","Ligustrum vulgare"
3892461311,"Ligustrum vulgare",-104.873367,39.627883,2018,11,24,"US","HUMAN_OBSERVATION","Ligustrum vulgare"
3960294858,"Ligustrum vulgare",-105.053516,39.592198,2022,6,9,"US","HUMAN_OBSERVATION","Ligustrum vulgare"
3902068362,"Ligustrum vulgare",-104.966602,39.607843,2020,6,9,"US","HUMAN_OBSERVATION","Ligustrum vulgare"
3953271906,"Ligustrum vulgare",-104.89048,39.600009,2020,6,20,"US","HUMAN_OBSERVATION","Ligustrum vulgare"
3952048907,"Ligustrum vulgare",-107.53152,39.577244,2021,9,24,"US","HUMAN_OBSERVATION","Ligustrum vulgare"
3902086478,"Ligustrum vulgare",-105.001652,39.582643,2020,6,16,"US","HUMAN_OBSERVATION","Ligustrum vulgare"
3892589914,"Ligustrum vulgare",-104.993028,39.556317,2022,8,12,"US","HUMAN_OBSERVATION","Ligustrum vulgare"
3951478948,"Ligustrum vulgare",-104.948057,39.554674,2017,5,29,"US","HUMAN_OBSERVATION","Ligustrum vulgare"
3956500962,"Ligustrum vulgare",-104.899642,39.556588,2022,6,12,"US","HUMAN_OBSERVATION","Ligustrum vulgare"
3902069772,"Ligustrum vulgare",-104.815322,39.560221,2021,6,19,"US","HUMAN_OBSERVATION","Ligustrum vulgare"
4162119531,"Ligustrum vulgare",-104.989088,39.533805,2023,7,5,"US","HUMAN_OBSERVATION","Ligustrum vulgare"
4081302654,"Ligustrum vulgare",-88.1921,39.4715,2008,10,30,"US","PRESERVED_SPECIMEN","Ligustrum vulgare"
3997788538,"Ligustrum vulgare",-88.165743,39.49924,2022,8,25,"US","HUMAN_OBSERVATION","Ligustrum vulgare"
2984450780,"Ligustrum vulgare",-81.489242,39.470212,2020,10,3,"US","HUMAN_OBSERVATION","Ligustrum vulgare"
2429602238,"Ligustrum vulgare",-82.255258,39.44003,2019,10,15,"US","HUMAN_OBSERVATION","Ligustrum vulgare"
2859483311,"Ligustrum vulgare",-79.547265,39.44501,2012,9,29,"US","PRESERVED_SPECIMEN","Ligustrum vulgare"
176974986,"Ligustrum vulgare",-94.931944,39.371944,2003,6,11,"US","PRESERVED_SPECIMEN","Ligustrum vulgare"
3947496121,"Ligustrum vulgare",-82.25833,39.345663,2022,10,18,"US","HUMAN_OBSERVATION","Ligustrum vulgare"
3911978333,"Ligustrum vulgare",-82.111261,39.339701,2020,6,8,"US","HUMAN_OBSERVATION","Ligustrum vulgare"
2980971960,"Ligustrum vulgare",-82.047163,39.351107,2020,11,1,"US","HUMAN_OBSERVATION","Ligustrum vulgare"
2980825929,"Ligustrum vulgare",-82.038575,39.35357,2020,10,30,"US","HUMAN_OBSERVATION","Ligustrum vulgare"
3902409391,"Ligustrum vulgare",-123.810958,39.329237,2022,6,4,"US","HUMAN_OBSERVATION","Ligustrum vulgare"
3957116093,"Ligustrum vulgare",-102.602978,39.300152,2017,10,2,"US","HUMAN_OBSERVATION","Ligustrum vulgare"
3892454314,"Ligustrum vulgare",-82.119408,39.325753,2019,11,1,"US","HUMAN_OBSERVATION","Ligustrum vulgare"
4413375139,"Ligustrum vulgare",-81.548458,39.327019,2023,8,31,"US","HUMAN_OBSERVATION","Ligustrum vulgare"
891771323,"Ligustrum vulgare",-96.562292,39.192177,2013,12,3,"US","HUMAN_OBSERVATION","Ligustrum vulgare"
4075418788,"Ligustrum vulgare",-75.548983,39.19,2009,8,11,"US","PRESERVED_SPECIMEN","Ligustrum vulgare"
3949239788,"Ligustrum vulgare",-84.561542,39.164974,2021,4,23,"US","HUMAN_OBSERVATION","Ligustrum vulgare"
3008384077,"Ligustrum vulgare",-84.408567,39.146087,2020,12,23,"US","HUMAN_OBSERVATION","Ligustrum vulgare"
3923619402,"Ligustrum vulgare",-84.34216,39.138786,2021,6,28,"US","HUMAN_OBSERVATION","Ligustrum vulgare"
2311339198,"Ligustrum vulgare",-86.582573,39.108265,2019,7,27,"US","HUMAN_OBSERVATION","Ligustrum vulgare"
4075419315,"Ligustrum vulgare",-76.533333,39.108889,2008,1,7,"US","PRESERVED_SPECIMEN","Ligustrum vulgare"
2012820850,"Ligustrum vulgare",-76.661703,39.074833,2012,5,25,"US","PRESERVED_SPECIMEN","Ligustrum vulgare"
3902007676,"Ligustrum vulgare",-77.428421,39.010632,2022,5,18,"US","HUMAN_OBSERVATION","Ligustrum vulgare"
3998811079,"Ligustrum vulgare",-104.601411,38.962125,2022,9,25,"US","HUMAN_OBSERVATION","Ligustrum vulgare"
3952886567,"Ligustrum vulgare",-90.08143,38.996041,2021,5,21,"US","HUMAN_OBSERVATION","Ligustrum vulgare"
3385474329,"Ligustrum vulgare",-95.266328,38.956029,2013,5,29,"US","PRESERVED_SPECIMEN","Ligustrum vulgare"
2988850443,"Ligustrum vulgare",-95.229971,38.947942,2018,5,24,"US","PRESERVED_SPECIMEN","Ligustrum vulgare"
4105807935,"Ligustrum vulgare",-89.66667,38.93333,2004,10,23,"US","PRESERVED_SPECIMEN","Ligustrum vulgare"
4165401495,"Ligustrum vulgare",-95.236522,38.914087,2023,5,24,"US","HUMAN_OBSERVATION","Ligustrum vulgare"
4162280375,"Ligustrum vulgare",-94.652692,38.88231,2023,5,15,"US","HUMAN_OBSERVATION","Ligustrum vulgare"
3968961486,"Ligustrum vulgare",-78.15,38.89,2013,6,28,"US","PRESERVED_SPECIMEN","Ligustrum vulgare"
3960313213,"Ligustrum vulgare",-104.728942,38.868148,2022,6,16,"US","HUMAN_OBSERVATION","Ligustrum vulgare"
3915333460,"Ligustrum vulgare",-104.868972,38.827889,2021,10,1,"US","HUMAN_OBSERVATION","Ligustrum vulgare"
3957116177,"Ligustrum vulgare",-104.785008,38.824226,2017,10,19,"US","HUMAN_OBSERVATION","Ligustrum vulgare"
3954201920,"Ligustrum vulgare",-83.84617,38.750447,2021,11,14,"US","HUMAN_OBSERVATION","Ligustrum vulgare"
3892355491,"Ligustrum vulgare",-83.463783,38.748547,2022,7,30,"US","HUMAN_OBSERVATION","Ligustrum vulgare"
2012820350,"Ligustrum vulgare",-75.159814,38.746922,2012,5,24,"US","PRESERVED_SPECIMEN","Ligustrum vulgare"
3859260952,"Ligustrum vulgare",-85.150538,38.67235,2022,4,1,"US","HUMAN_OBSERVATION","Ligustrum vulgare"
1930316747,"Ligustrum vulgare",-75.908081,38.707692,2013,11,24,"US","PRESERVED_SPECIMEN","Ligustrum vulgare"
2012777893,"Ligustrum vulgare",-75.287031,38.578908,2012,5,23,"US","PRESERVED_SPECIMEN","Ligustrum vulgare"
2430105503,"Ligustrum vulgare",-119.449833,38.5105,2008,8,26,"US","PRESERVED_SPECIMEN","Ligustrum vulgare"
3999135528,"Ligustrum vulgare",-107.853597,38.437692,2022,10,5,"US","HUMAN_OBSERVATION","Ligustrum vulgare"
3902174536,"Ligustrum vulgare",-79.82962,38.433516,2021,6,22,"US","HUMAN_OBSERVATION","Ligustrum vulgare"
3954197793,"Ligustrum vulgare",-105.116667,38.390556,2020,7,19,"US","HUMAN_OBSERVATION","Ligustrum vulgare"
2819525905,"Ligustrum vulgare",-88.404999,38.404301,2008,2,6,"US","HUMAN_OBSERVATION","Ligustrum vulgare"
3455170500,"Ligustrum vulgare",-122.552289,38.360195,2020,5,10,"US","HUMAN_OBSERVATION","Ligustrum vulgare"
2819528787,"Ligustrum vulgare",-88.360298,38.3363,2008,2,6,"US","HUMAN_OBSERVATION","Ligustrum vulgare"
4081321914,"Ligustrum vulgare",-88.14893,38.33901,2001,6,2,"US","PRESERVED_SPECIMEN","Ligustrum vulgare"
1928383953,"Ligustrum vulgare",-75.59853,38.35525,2010,12,1,"US","PRESERVED_SPECIMEN","Ligustrum vulgare"
2819531750,"Ligustrum vulgare",-88.351501,38.310299,2008,2,6,"US","HUMAN_OBSERVATION","Ligustrum vulgare"
2460028444,"Ligustrum vulgare",-104.641353,38.270227,2019,11,16,"US","HUMAN_OBSERVATION","Ligustrum vulgare"
2819522251,"Ligustrum vulgare",-88.351799,38.278099,2008,2,6,"US","HUMAN_OBSERVATION","Ligustrum vulgare"
2819522584,"Ligustrum vulgare",-88.336998,38.092999,2008,2,6,"US","HUMAN_OBSERVATION","Ligustrum vulgare"
4407288677,"Ligustrum vulgare",-122.862363,38.043546,2023,6,15,"US","HUMAN_OBSERVATION","Ligustrum vulgare"
3888794303,"Ligustrum vulgare",-122.748719,38.044492,2016,6,4,"US","HUMAN_OBSERVATION","Ligustrum vulgare"
4162035391,"Ligustrum vulgare",-122.571144,37.9586,2022,6,1,"US","HUMAN_OBSERVATION","Ligustrum vulgare"
2819526707,"Ligustrum vulgare",-88.333504,37.9627,2008,2,6,"US","HUMAN_OBSERVATION","Ligustrum vulgare"
3059681460,"Ligustrum vulgare",-122.3077,37.9492,2009,7,30,"US","PRESERVED_SPECIMEN","Ligustrum vulgare"
2819522281,"Ligustrum vulgare",-88.352699,37.9188,2008,2,6,"US","HUMAN_OBSERVATION","Ligustrum vulgare"
3902062246,"Ligustrum vulgare",-122.686369,37.909419,2022,5,20,"US","HUMAN_OBSERVATION","Ligustrum vulgare"
3902136648,"Ligustrum vulgare",-95.389236,37.905411,2021,5,23,"US","HUMAN_OBSERVATION","Ligustrum vulgare"
3902013671,"Ligustrum vulgare",-122.422825,37.82684,2022,5,21,"US","HUMAN_OBSERVATION","Ligustrum vulgare"
3455226536,"Ligustrum vulgare",-122.463935,37.770408,2019,4,6,"US","HUMAN_OBSERVATION","Ligustrum vulgare"
4162170411,"Ligustrum vulgare",-122.457859,37.739916,2023,6,13,"US","HUMAN_OBSERVATION","Ligustrum vulgare"
3888891417,"Ligustrum vulgare",-90.440658,37.749497,2022,5,15,"US","HUMAN_OBSERVATION","Ligustrum vulgare"
1257894257,"Ligustrum vulgare",-89.914167,37.72,2012,9,9,"US","PRESERVED_SPECIMEN","Ligustrum vulgare"
2851277606,"Ligustrum vulgare",-89.227706,37.707239,2020,8,20,"US","HUMAN_OBSERVATION","Ligustrum vulgare"
2819524615,"Ligustrum vulgare",-88.667603,37.657299,2008,2,6,"US","HUMAN_OBSERVATION","Ligustrum vulgare"
3925396557,"Ligustrum vulgare",-122.358361,37.470516,2022,10,10,"US","HUMAN_OBSERVATION","Ligustrum vulgare"
4162042631,"Ligustrum vulgare",-122.292232,37.478709,2023,5,30,"US","HUMAN_OBSERVATION","Ligustrum vulgare"
4162047489,"Ligustrum vulgare",-122.278922,37.472125,2023,5,24,"US","HUMAN_OBSERVATION","Ligustrum vulgare"
4079076487,"Ligustrum vulgare",-120.7675,37.471667,2016,5,4,"US","PRESERVED_SPECIMEN","Ligustrum vulgare"
2819531722,"Ligustrum vulgare",-88.890404,37.444099,2008,2,6,"US","HUMAN_OBSERVATION","Ligustrum vulgare"
1990212296,"Ligustrum vulgare",-122.371546,37.414672,2001,5,24,"US","PRESERVED_SPECIMEN","Ligustrum vulgare"
2465181595,"Ligustrum vulgare",-80.416556,37.223373,2019,11,6,"US","HUMAN_OBSERVATION","Ligustrum vulgare"
2819528995,"Ligustrum vulgare",-88.787804,37.201302,2008,2,6,"US","HUMAN_OBSERVATION","Ligustrum vulgare"
4153488603,"Ligustrum vulgare",-122.076692,37.074178,2023,5,17,"US","HUMAN_OBSERVATION","Ligustrum vulgare"
3902192180,"Ligustrum vulgare",-121.978538,37.056061,2022,4,14,"US","HUMAN_OBSERVATION","Ligustrum vulgare"
3958984704,"Ligustrum vulgare",-88.942515,37.02918,2021,5,22,"US","HUMAN_OBSERVATION","Ligustrum vulgare"
2422438121,"Ligustrum vulgare",-122.01111,36.96472,2007,6,23,"US","PRESERVED_SPECIMEN","Ligustrum vulgare"
2430089814,"Ligustrum vulgare",-121.879942,36.95289,2014,5,23,"US","PRESERVED_SPECIMEN","Ligustrum vulgare"
2464624948,"Ligustrum vulgare",-94.91372,36.92072,2015,5,13,"US","PRESERVED_SPECIMEN","Ligustrum vulgare"
3915258474,"Ligustrum vulgare",-121.733796,36.822248,2022,4,16,"US","HUMAN_OBSERVATION","Ligustrum vulgare"
4137721494,"Ligustrum vulgare",-81.873734,36.162594,2022,10,13,"US","HUMAN_OBSERVATION","Ligustrum vulgare"
3902055746,"Ligustrum vulgare",-86.906206,36.060825,2022,5,5,"US","HUMAN_OBSERVATION","Ligustrum vulgare"
3059681457,"Ligustrum vulgare",-83.701,35.9975,2007,5,30,"US","PRESERVED_SPECIMEN","Ligustrum vulgare"
3307167306,"Ligustrum vulgare",-83.868172,35.956137,2017,3,14,"US","HUMAN_OBSERVATION","Ligustrum vulgare"
2819530770,"Ligustrum vulgare",-87.764503,35.8843,2007,1,25,"US","HUMAN_OBSERVATION","Ligustrum vulgare"
3059681464,"Ligustrum vulgare",-82.241713,35.650988,2012,6,19,"US","PRESERVED_SPECIMEN","Ligustrum vulgare"
4061661282,"Ligustrum vulgare",-86.056583,35.460417,2015,10,4,"US","PRESERVED_SPECIMEN","Ligustrum vulgare"
