"gbifID","species","longitude","latitude","year","month","day","countryCode","accepted_name"
3759542332,"Lomatium marginatum",-122.502731,38.653603,2022,4,15,"US","Lomatium marginatum"
3773084085,"Lomatium marginatum",-121.043841,39.21871,2022,5,3,"US","Lomatium marginatum"
3343965437,"Lomatium marginatum",-122.223428,38.529578,2021,2,28,"US","Lomatium marginatum"
3343977440,"Lomatium marginatum",-122.22307,38.529063,2021,2,28,"US","Lomatium marginatum"
3070685836,"Lomatium marginatum",-122.505975,38.649402,2021,3,27,"US","Lomatium marginatum"
3097264507,"Lomatium marginatum",-122.518661,40.623675,2021,3,13,"US","Lomatium marginatum"
3337538510,"Lomatium marginatum",-122.503053,38.654255,2021,3,24,"US","Lomatium marginatum"
3090695230,"Lomatium marginatum",-122.408787,38.69772,2021,4,9,"US","Lomatium marginatum"
3090900685,"Lomatium marginatum",-122.476369,38.710675,2021,4,10,"US","Lomatium marginatum"
3090906595,"Lomatium marginatum",-122.447833,38.697239,2021,4,10,"US","Lomatium marginatum"
3112789443,"Lomatium marginatum",-122.502716,38.653653,2021,4,30,"US","Lomatium marginatum"
2597933879,"Lomatium marginatum",-121.106613,39.208393,2020,4,7,"US","Lomatium marginatum"
2854883303,"Lomatium marginatum",-121.10614,39.17612,2020,5,3,"US","Lomatium marginatum"
2238787315,"Lomatium marginatum",-122.575997,38.777697,2019,4,7,"US","Lomatium marginatum"
2595831532,"Lomatium marginatum",-121.555167,39.763056,2019,5,10,"US","Lomatium marginatum"
2626908309,"Lomatium marginatum",-121.444444,39.5175,2019,5,14,"US","Lomatium marginatum"
3005245182,"Lomatium marginatum",-121.218278,38.651433,2018,3,10,"US","Lomatium marginatum"
1841259526,"Lomatium marginatum",-122.762495,38.732682,2018,4,29,"US","Lomatium marginatum"
1841299113,"Lomatium marginatum",-122.385933,38.844753,2018,4,30,"US","Lomatium marginatum"
2238772466,"Lomatium marginatum",-122.385843,38.844505,2018,4,30,"US","Lomatium marginatum"
1457587568,"Lomatium marginatum",-120.700811,38.221241,2017,3,26,"US","Lomatium marginatum"
1986634190,"Lomatium marginatum",-120.984662,38.810673,2017,4,11,"US","Lomatium marginatum"
2418053958,"Lomatium marginatum",-121.577222,39.8475,2017,4,30,"US","Lomatium marginatum"
2518070308,"Lomatium marginatum",-122.410881,38.858869,2017,4,15,"US","Lomatium marginatum"
2418044321,"Lomatium marginatum",-121.487778,39.349722,2016,5,14,"US","Lomatium marginatum"
2418045182,"Lomatium marginatum",-121.316667,39.526944,2016,6,4,"US","Lomatium marginatum"
2421778191,"Lomatium marginatum",-122.322772,38.808836,2015,3,7,"US","Lomatium marginatum"
2421773770,"Lomatium marginatum",-122.4475,38.6958329990792,2015,5,10,"US","Lomatium marginatum"
2430133910,"Lomatium marginatum",-122.598827,39.64616,2014,3,24,"US","Lomatium marginatum"
899978530,"Lomatium marginatum",-122.558729,38.790647,2014,4,29,"US","Lomatium marginatum"
1986635162,"Lomatium marginatum",-122.578776,38.678351,2014,4,29,"US","Lomatium marginatum"
2418057108,"Lomatium marginatum",-121.478889,39.780833,2012,6,23,"US","Lomatium marginatum"
2422477192,"Lomatium marginatum",-120.82944,38.71472,2011,4,12,"US","Lomatium marginatum"
3125035636,"Lomatium marginatum",-120.82944,38.71472,2011,4,12,"US","Lomatium marginatum"
2418047371,"Lomatium marginatum",-122.606389,39.631388999073,2011,5,22,"US","Lomatium marginatum"
2418055855,"Lomatium marginatum",-122.598611,39.4116669990744,2011,5,11,"US","Lomatium marginatum"
2422477876,"Lomatium marginatum",-121.12306,39.20944,2011,6,2,"US","Lomatium marginatum"
2422484930,"Lomatium marginatum",-121.09167,39.20861,2011,6,2,"US","Lomatium marginatum"
2430533858,"Lomatium marginatum",-121.123056,39.209444,2011,6,2,"US","Lomatium marginatum"
2418038220,"Lomatium marginatum",-122.035833,40.196944,2010,4,6,"US","Lomatium marginatum"
2421711772,"Lomatium marginatum",-122.473333,38.93,2010,5,12,"US","Lomatium marginatum"
2421712139,"Lomatium marginatum",-122.495833,38.9213889990776,2010,6,16,"US","Lomatium marginatum"
2421712525,"Lomatium marginatum",-122.471944,38.9299999990775,2010,6,26,"US","Lomatium marginatum"
2418010740,"Lomatium marginatum",-121.483889,39.803055999072,2009,3,19,"US","Lomatium marginatum"
2418010135,"Lomatium marginatum",-121.483889,39.803055999072,2009,4,4,"US","Lomatium marginatum"
2418011232,"Lomatium marginatum",-121.483889,39.803055999072,2009,4,4,"US","Lomatium marginatum"
2418047921,"Lomatium marginatum",-121.917778,40.1969439990697,2009,4,25,"US","Lomatium marginatum"
2418050044,"Lomatium marginatum",-121.116667,39.2136109990756,2008,4,2,"US","Lomatium marginatum"
2422442335,"Lomatium marginatum",-120.81861,38.8725,2008,4,25,"US","Lomatium marginatum"
2421707296,"Lomatium marginatum",-120.817376,38.8701369990779,2008,5,17,"US","Lomatium marginatum"
2421738531,"Lomatium marginatum",-121.245,39.421667,2008,5,5,"US","Lomatium marginatum"
2418050388,"Lomatium marginatum",-121.116667,39.2136109990756,2008,6,3,"US","Lomatium marginatum"
2418054474,"Lomatium marginatum",-121.543889,39.7713889990722,2007,5,6,"US","Lomatium marginatum"
2421709347,"Lomatium marginatum",-120.130046,37.563774999088,2006,4,27,"US","Lomatium marginatum"
2418044290,"Lomatium marginatum",-121.550556,39.598889,2006,5,8,"US","Lomatium marginatum"
2418054112,"Lomatium marginatum",-121.291944,39.464999999074,2006,5,24,"US","Lomatium marginatum"
2418056400,"Lomatium marginatum",-121.314444,39.4841669990739,2006,5,24,"US","Lomatium marginatum"
2418056430,"Lomatium marginatum",-121.548056,39.8299999990718,2006,5,14,"US","Lomatium marginatum"
2421710514,"Lomatium marginatum",-121.551724,39.7714329990722,2006,5,23,"US","Lomatium marginatum"
2430393695,"Lomatium marginatum",-121.550667,39.59875,2006,5,8,"US","Lomatium marginatum"
2430450327,"Lomatium marginatum",-121.548056,39.83,2006,5,14,"US","Lomatium marginatum"
2421701404,"Lomatium marginatum",-122.21537,38.52363,2005,3,28,"US","Lomatium marginatum"
2421707409,"Lomatium marginatum",-120.136592,37.6177369990875,2005,4,18,"US","Lomatium marginatum"
2421708401,"Lomatium marginatum",-120.37846,37.8164129990859,2005,5,2,"US","Lomatium marginatum"
2418003079,"Lomatium marginatum",-122.524167,39.7886109990721,2002,3,28,"US","Lomatium marginatum"
2270204653,"Lomatium marginatum",-120.756836,38.275642,2002,5,17,"US","Lomatium marginatum"
2417999508,"Lomatium marginatum",-122.670278,39.825556,2001,5,30,"US","Lomatium marginatum"
