"gbifID","species","longitude","latitude","year","month","day","countryCode","basisOfRecord","accepted_name"
1931276969,"Lomatium scabrum",-113.5902,38.7983,2000,5,20,"US","PRESERVED_SPECIMEN","Lomatium scabrum"
4068983140,"Lomatium scabrum",-112.73538,37.90458,2020,5,13,"US","PRESERVED_SPECIMEN","Lomatium scabrum"
2422517143,"Lomatium scabrum",-115.0197,37.85317,2016,5,10,"US","PRESERVED_SPECIMEN","Lomatium scabrum"
4068902126,"Lomatium scabrum",-112.9801,37.8174,2017,6,2,"US","PRESERVED_SPECIMEN","Lomatium scabrum"
4404898518,"Lomatium scabrum",-115.161987,37.748117,2017,5,20,"US","PRESERVED_SPECIMEN","Lomatium scabrum"
3759199309,"Lomatium scabrum",-113.044869,37.691722,2017,5,18,"US","HUMAN_OBSERVATION","Lomatium scabrum"
3759851307,"Lomatium scabrum",-113.039725,37.69043,2017,4,16,"US","HUMAN_OBSERVATION","Lomatium scabrum"
4034611306,"Lomatium scabrum",-113.175683,37.516055,2017,4,13,"US","HUMAN_OBSERVATION","Lomatium scabrum"
2422425906,"Lomatium scabrum",-115.33761,37.4875,2005,5,13,"US","PRESERVED_SPECIMEN","Lomatium scabrum"
4404962744,"Lomatium scabrum",-115.330897,37.35678,2017,5,28,"US","PRESERVED_SPECIMEN","Lomatium scabrum"
4068997404,"Lomatium scabrum",-114.512944,37.372167,2009,4,29,"US","PRESERVED_SPECIMEN","Lomatium scabrum"
1928920114,"Lomatium scabrum",-113.6329,37.3375,2001,5,12,"US","PRESERVED_SPECIMEN","Lomatium scabrum"
415730401,"Lomatium scabrum",-114.143611,37.255278,2005,5,1,"US","PRESERVED_SPECIMEN","Lomatium scabrum"
2422475033,"Lomatium scabrum",-113.88897,37.27011,2010,4,7,"US","PRESERVED_SPECIMEN","Lomatium scabrum"
1846483603,"Lomatium scabrum",-113.776467,37.22865,2008,4,20,"US","PRESERVED_SPECIMEN","Lomatium scabrum"
2573424718,"Lomatium scabrum",-113.636617,37.241133,2008,5,5,"US","PRESERVED_SPECIMEN","Lomatium scabrum"
3415701368,"Lomatium scabrum",-113.3757,37.2461,2020,4,11,"US","HUMAN_OBSERVATION","Lomatium scabrum"
1986958112,"Lomatium scabrum",-114.088048,37.206728,2005,5,1,"US","PRESERVED_SPECIMEN","Lomatium scabrum"
1846483454,"Lomatium scabrum",-113.854217,37.030917,2008,4,18,"US","PRESERVED_SPECIMEN","Lomatium scabrum"
3091202297,"Lomatium scabrum",-113.791083,36.972111,2016,4,2,"US","PRESERVED_SPECIMEN","Lomatium scabrum"
4404972070,"Lomatium scabrum",-114.284,36.925,2017,4,15,"US","PRESERVED_SPECIMEN","Lomatium scabrum"
3091190418,"Lomatium scabrum",-113.7306,36.925,2003,4,24,"US","PRESERVED_SPECIMEN","Lomatium scabrum"
2270461902,"Lomatium scabrum",-114.336367,36.904683,2012,4,28,"US","PRESERVED_SPECIMEN","Lomatium scabrum"
4069049126,"Lomatium scabrum",-114.290361,36.896333,2009,4,27,"US","PRESERVED_SPECIMEN","Lomatium scabrum"
1928714912,"Lomatium scabrum",-113.8052,36.8968,2000,4,24,"US","PRESERVED_SPECIMEN","Lomatium scabrum"
2242395468,"Lomatium scabrum",-114.042917,36.635915,2004,4,6,"US","PRESERVED_SPECIMEN","Lomatium scabrum"
3091235579,"Lomatium scabrum",-114.010833,36.663667,2010,4,12,"US","PRESERVED_SPECIMEN","Lomatium scabrum"
4404916587,"Lomatium scabrum",-115.0411,36.4507,2020,5,4,"US","PRESERVED_SPECIMEN","Lomatium scabrum"
2422447298,"Lomatium scabrum",-115.68861,36.38583,2008,4,28,"US","PRESERVED_SPECIMEN","Lomatium scabrum"
3759180524,"Lomatium scabrum",-114.697443,36.30306,2021,4,3,"US","HUMAN_OBSERVATION","Lomatium scabrum"
