"gbifID","species","longitude","latitude","year","month","day","countryCode","basisOfRecord","accepted_name"
1988100188,"Lomatium dissectum",-119.400011,49.95492,2013,5,15,"CA","PRESERVED_SPECIMEN","Lomatium dissectum"
3873016717,"Lomatium dissectum",-117.455523,49.499002,2022,6,18,"CA","HUMAN_OBSERVATION","Lomatium dissectum"
3913640325,"Lomatium dissectum",-114.28388,49.41747,2018,5,30,"CA","PRESERVED_SPECIMEN","Lomatium dissectum"
1949650193,"Lomatium dissectum",-119.626667,49.301667,2007,5,11,"CA","PRESERVED_SPECIMEN","Lomatium dissectum"
3947855368,"Lomatium dissectum",-114.10133,49.32249,2018,6,13,"CA","PRESERVED_SPECIMEN","Lomatium dissectum"
3817879750,"Lomatium dissectum",-119.62,49.21,2011,5,22,"CA","PRESERVED_SPECIMEN","Lomatium dissectum"
1839334396,"Lomatium dissectum",-113.49485,48.99804,2017,5,29,"CA","PRESERVED_SPECIMEN","Lomatium dissectum"
4116210165,"Lomatium dissectum",-123.666829,48.781709,2023,5,11,"CA","HUMAN_OBSERVATION","Lomatium dissectum"
3705605386,"Lomatium dissectum",-123.640317,48.791158,2021,5,28,"CA","HUMAN_OBSERVATION","Lomatium dissectum"
2626220506,"Lomatium dissectum",-123.681688,48.712801,2018,5,17,"CA","HUMAN_OBSERVATION","Lomatium dissectum"
1500303236,"Lomatium dissectum",-123.383114,48.581108,2017,4,22,"CA","HUMAN_OBSERVATION","Lomatium dissectum"
4129877603,"Lomatium dissectum",-123.43,48.52,2023,5,30,"CA","HUMAN_OBSERVATION","Lomatium dissectum"
1500302443,"Lomatium dissectum",-123.371261,48.510699,2017,4,22,"CA","HUMAN_OBSERVATION","Lomatium dissectum"
3874164451,"Lomatium dissectum",-121.60018,48.51893,2022,7,16,"US","HUMAN_OBSERVATION","Lomatium dissectum"
2626340866,"Lomatium dissectum",-120.251962,48.537813,2020,5,16,"US","HUMAN_OBSERVATION","Lomatium dissectum"
4080591417,"Lomatium dissectum",-120.219064,48.512769,2022,5,1,"US","HUMAN_OBSERVATION","Lomatium dissectum"
3773293208,"Lomatium dissectum",-123.441231,48.48339,2022,5,3,"CA","HUMAN_OBSERVATION","Lomatium dissectum"
2609192823,"Lomatium dissectum",-123.387141,48.495097,2012,4,29,"CA","HUMAN_OBSERVATION","Lomatium dissectum"
4075728265,"Lomatium dissectum",-123.348631,48.494628,2023,3,23,"CA","HUMAN_OBSERVATION","Lomatium dissectum"
4076451353,"Lomatium dissectum",-123.315172,48.49745,2023,3,31,"CA","HUMAN_OBSERVATION","Lomatium dissectum"
2596252869,"Lomatium dissectum",-120.253058,48.463383,2019,5,12,"US","HUMAN_OBSERVATION","Lomatium dissectum"
2460068321,"Lomatium dissectum",-116.296579,48.498396,2013,5,26,"US","HUMAN_OBSERVATION","Lomatium dissectum"
3759058876,"Lomatium dissectum",-123.524322,48.44999,2022,3,18,"CA","HUMAN_OBSERVATION","Lomatium dissectum"
3705442321,"Lomatium dissectum",-123.45259,48.433567,2019,6,12,"CA","HUMAN_OBSERVATION","Lomatium dissectum"
2626584504,"Lomatium dissectum",-123.394893,48.444421,2020,5,8,"CA","HUMAN_OBSERVATION","Lomatium dissectum"
4111625842,"Lomatium dissectum",-123.23037,48.434217,2023,4,27,"CA","HUMAN_OBSERVATION","Lomatium dissectum"
2609187734,"Lomatium dissectum",-120.255508,48.434047,2020,4,19,"US","HUMAN_OBSERVATION","Lomatium dissectum"
3985892914,"Lomatium dissectum",-120.063628,48.433403,2021,6,4,"US","HUMAN_OBSERVATION","Lomatium dissectum"
4091933797,"Lomatium dissectum",-123.365683,48.411122,2023,4,9,"CA","HUMAN_OBSERVATION","Lomatium dissectum"
3407949109,"Lomatium dissectum",-123.305686,48.399431,2021,10,30,"CA","HUMAN_OBSERVATION","Lomatium dissectum"
3773624766,"Lomatium dissectum",-116.365951,48.299561,2022,5,5,"US","HUMAN_OBSERVATION","Lomatium dissectum"
3988439642,"Lomatium dissectum",-120.301387,48.281121,2022,7,5,"US","HUMAN_OBSERVATION","Lomatium dissectum"
3784950470,"Lomatium dissectum",-120.171013,48.182364,2022,5,12,"US","HUMAN_OBSERVATION","Lomatium dissectum"
3773110655,"Lomatium dissectum",-117.28152,48.204331,2022,5,3,"US","HUMAN_OBSERVATION","Lomatium dissectum"
3772430937,"Lomatium dissectum",-116.3892,48.179772,2022,4,29,"US","HUMAN_OBSERVATION","Lomatium dissectum"
4153770033,"Lomatium dissectum",-123.460044,47.988774,2023,7,5,"US","HUMAN_OBSERVATION","Lomatium dissectum"
3912162351,"Lomatium dissectum",-116.577805,47.953153,2020,5,2,"US","HUMAN_OBSERVATION","Lomatium dissectum"
4068954272,"Lomatium dissectum",-116.16918,47.88597,2016,7,9,"US","PRESERVED_SPECIMEN","Lomatium dissectum"
2573422024,"Lomatium dissectum",-115.763579,47.908353,2002,7,21,"US","PRESERVED_SPECIMEN","Lomatium dissectum"
3698342312,"Lomatium dissectum",-114.183962,47.80318,2018,5,18,"US","HUMAN_OBSERVATION","Lomatium dissectum"
2242844574,"Lomatium dissectum",-120.435388,47.765309,2019,5,4,"US","HUMAN_OBSERVATION","Lomatium dissectum"
2545471634,"Lomatium dissectum",-119.695877,47.735867,2011,7,26,"US","HUMAN_OBSERVATION","Lomatium dissectum"
4103201085,"Lomatium dissectum",-117.496762,47.699431,2023,4,28,"US","HUMAN_OBSERVATION","Lomatium dissectum"
441776594,"Lomatium dissectum",-120.458467,47.63085,2005,5,21,"US","PRESERVED_SPECIMEN","Lomatium dissectum"
3859755785,"Lomatium dissectum",-116.700494,47.629226,2022,5,30,"US","HUMAN_OBSERVATION","Lomatium dissectum"
3079627999,"Lomatium dissectum",-120.684433,47.587933,2021,4,6,"US","HUMAN_OBSERVATION","Lomatium dissectum"
3784723466,"Lomatium dissectum",-120.60063,47.600222,2022,5,8,"US","HUMAN_OBSERVATION","Lomatium dissectum"
3860285958,"Lomatium dissectum",-120.531467,47.608307,2022,5,8,"US","HUMAN_OBSERVATION","Lomatium dissectum"
441776592,"Lomatium dissectum",-120.367517,47.58405,2005,5,20,"US","PRESERVED_SPECIMEN","Lomatium dissectum"
3760225590,"Lomatium dissectum",-119.390773,47.597648,2022,4,1,"US","HUMAN_OBSERVATION","Lomatium dissectum"
4096552176,"Lomatium dissectum",-119.360459,47.593351,2023,4,11,"US","HUMAN_OBSERVATION","Lomatium dissectum"
3079873059,"Lomatium dissectum",-120.752678,47.548375,2021,4,7,"US","HUMAN_OBSERVATION","Lomatium dissectum"
2243023260,"Lomatium dissectum",-120.708847,47.547204,2017,4,11,"US","HUMAN_OBSERVATION","Lomatium dissectum"
3802332431,"Lomatium dissectum",-120.580862,47.552947,2022,4,23,"US","HUMAN_OBSERVATION","Lomatium dissectum"
3872923586,"Lomatium dissectum",-120.439782,47.555388,2022,3,24,"US","HUMAN_OBSERVATION","Lomatium dissectum"
3090886789,"Lomatium dissectum",-120.046989,47.520561,2021,4,11,"US","HUMAN_OBSERVATION","Lomatium dissectum"
4076144611,"Lomatium dissectum",-119.497917,47.512269,2023,3,31,"US","HUMAN_OBSERVATION","Lomatium dissectum"
4068996670,"Lomatium dissectum",-120.65896,47.47148,2019,6,11,"US","PRESERVED_SPECIMEN","Lomatium dissectum"
4070142087,"Lomatium dissectum",-117.573144,47.485345,2009,5,NA,"US","PRESERVED_SPECIMEN","Lomatium dissectum"
3773301829,"Lomatium dissectum",-120.396143,47.45236,2022,5,11,"US","HUMAN_OBSERVATION","Lomatium dissectum"
4073886181,"Lomatium dissectum",-115.758567,47.432969,2007,6,26,"US","PRESERVED_SPECIMEN","Lomatium dissectum"
4096775224,"Lomatium dissectum",-119.504455,47.403596,2023,4,21,"US","HUMAN_OBSERVATION","Lomatium dissectum"
2603312573,"Lomatium dissectum",-119.491328,47.409088,2020,4,13,"US","HUMAN_OBSERVATION","Lomatium dissectum"
3112436991,"Lomatium dissectum",-114.572703,47.378734,2021,5,2,"US","HUMAN_OBSERVATION","Lomatium dissectum"
3860764605,"Lomatium dissectum",-120.730453,47.363863,2022,6,11,"US","HUMAN_OBSERVATION","Lomatium dissectum"
3872966308,"Lomatium dissectum",-120.573749,47.314213,2006,7,3,"US","HUMAN_OBSERVATION","Lomatium dissectum"
4133715412,"Lomatium dissectum",-120.239083,47.318017,2023,5,10,"US","HUMAN_OBSERVATION","Lomatium dissectum"
4096615461,"Lomatium dissectum",-119.730775,47.309335,2023,4,22,"US","HUMAN_OBSERVATION","Lomatium dissectum"
4080882526,"Lomatium dissectum",-119.568249,47.319785,2023,3,16,"US","HUMAN_OBSERVATION","Lomatium dissectum"
2545467144,"Lomatium dissectum",-119.467789,47.213634,2011,7,26,"US","HUMAN_OBSERVATION","Lomatium dissectum"
3097240720,"Lomatium dissectum",-120.986873,47.189889,2021,4,22,"US","HUMAN_OBSERVATION","Lomatium dissectum"
441776632,"Lomatium dissectum",-119.9865,47.20124,2008,4,30,"US","PRESERVED_SPECIMEN","Lomatium dissectum"
441776601,"Lomatium dissectum",-120.06065,47.131017,2007,4,24,"US","PRESERVED_SPECIMEN","Lomatium dissectum"
1837782352,"Lomatium dissectum",-119.968482,47.150035,2013,4,14,"US","HUMAN_OBSERVATION","Lomatium dissectum"
441776607,"Lomatium dissectum",-120.749617,47.08675,2007,4,20,"US","PRESERVED_SPECIMEN","Lomatium dissectum"
2574273709,"Lomatium dissectum",-120.64808,47.09782,2018,4,25,"US","HUMAN_OBSERVATION","Lomatium dissectum"
3988527562,"Lomatium dissectum",-120.47916,47.12373,2017,5,3,"US","HUMAN_OBSERVATION","Lomatium dissectum"
2611185431,"Lomatium dissectum",-120.736723,47.070296,2020,4,26,"US","HUMAN_OBSERVATION","Lomatium dissectum"
2237437902,"Lomatium dissectum",-120.693762,47.08012,2019,4,18,"US","HUMAN_OBSERVATION","Lomatium dissectum"
3860412542,"Lomatium dissectum",-120.720324,47.013498,2022,6,4,"US","HUMAN_OBSERVATION","Lomatium dissectum"
3802589252,"Lomatium dissectum",-120.773678,46.958463,2022,5,21,"US","HUMAN_OBSERVATION","Lomatium dissectum"
3902065281,"Lomatium dissectum",-120.56871,46.982742,2022,5,14,"US","HUMAN_OBSERVATION","Lomatium dissectum"
3764107017,"Lomatium dissectum",-120.140205,46.959308,2022,4,22,"US","HUMAN_OBSERVATION","Lomatium dissectum"
3773078707,"Lomatium dissectum",-120.654076,46.952415,2022,4,29,"US","HUMAN_OBSERVATION","Lomatium dissectum"
4096694625,"Lomatium dissectum",-120.104692,46.957594,2023,4,23,"US","HUMAN_OBSERVATION","Lomatium dissectum"
3784847683,"Lomatium dissectum",-120.812744,46.902797,2022,5,15,"US","HUMAN_OBSERVATION","Lomatium dissectum"
3109031055,"Lomatium dissectum",-120.635178,46.897553,2021,4,23,"US","HUMAN_OBSERVATION","Lomatium dissectum"
4069772569,"Lomatium dissectum",-123.037671,46.862948,2008,5,20,"US","PRESERVED_SPECIMEN","Lomatium dissectum"
3772484343,"Lomatium dissectum",-120.701542,46.850127,2022,4,30,"US","HUMAN_OBSERVATION","Lomatium dissectum"
4096614652,"Lomatium dissectum",-120.487717,46.853703,2023,4,23,"US","HUMAN_OBSERVATION","Lomatium dissectum"
4073892521,"Lomatium dissectum",-117.055342,46.851925,2011,5,1,"US","PRESERVED_SPECIMEN","Lomatium dissectum"
4111605307,"Lomatium dissectum",-123.015372,46.794866,2012,5,26,"US","HUMAN_OBSERVATION","Lomatium dissectum"
441776610,"Lomatium dissectum",-122.441667,46.823333,2006,6,17,"US","PRESERVED_SPECIMEN","Lomatium dissectum"
4067367347,"Lomatium dissectum",-120.458449,46.796652,2019,4,8,"US","HUMAN_OBSERVATION","Lomatium dissectum"
1880458544,"Lomatium dissectum",-120.797778,46.751393,2018,4,23,"US","HUMAN_OBSERVATION","Lomatium dissectum"
4073872651,"Lomatium dissectum",-116.949156,46.766091,2007,4,30,"US","PRESERVED_SPECIMEN","Lomatium dissectum"
3760021895,"Lomatium dissectum",-120.865913,46.713253,2022,4,3,"US","HUMAN_OBSERVATION","Lomatium dissectum"
3759657255,"Lomatium dissectum",-120.810487,46.725838,2022,3,27,"US","HUMAN_OBSERVATION","Lomatium dissectum"
3747359580,"Lomatium dissectum",-120.464001,46.723459,2022,3,25,"US","HUMAN_OBSERVATION","Lomatium dissectum"
3764425423,"Lomatium dissectum",-120.450638,46.729133,2022,3,25,"US","HUMAN_OBSERVATION","Lomatium dissectum"
3302184678,"Lomatium dissectum",-120.915297,46.706142,2021,4,30,"US","HUMAN_OBSERVATION","Lomatium dissectum"
4091886404,"Lomatium dissectum",-120.272179,46.669471,2022,4,27,"US","HUMAN_OBSERVATION","Lomatium dissectum"
4073942083,"Lomatium dissectum",-116.539883,46.703833,2003,6,11,"US","PRESERVED_SPECIMEN","Lomatium dissectum"
3090524147,"Lomatium dissectum",-120.753875,46.655492,2021,4,9,"US","HUMAN_OBSERVATION","Lomatium dissectum"
4080621586,"Lomatium dissectum",-120.65265,46.625045,2023,3,29,"US","HUMAN_OBSERVATION","Lomatium dissectum"
3760310556,"Lomatium dissectum",-120.559106,46.6188,2022,3,31,"US","HUMAN_OBSERVATION","Lomatium dissectum"
2517946580,"Lomatium dissectum",-120.464389,46.61908,2019,4,9,"US","HUMAN_OBSERVATION","Lomatium dissectum"
4042805474,"Lomatium dissectum",-117.69,46.61,2009,6,17,"US","PRESERVED_SPECIMEN","Lomatium dissectum"
4073864332,"Lomatium dissectum",-116.674694,46.615003,2002,4,28,"US","PRESERVED_SPECIMEN","Lomatium dissectum"
4073769584,"Lomatium dissectum",-116.2565587,46.5915776,2000,6,14,"US","PRESERVED_SPECIMEN","Lomatium dissectum"
4073884278,"Lomatium dissectum",-116.991453,46.503026,2009,5,2,"US","PRESERVED_SPECIMEN","Lomatium dissectum"
4073890345,"Lomatium dissectum",-116.815415,46.445281,2005,4,18,"US","PRESERVED_SPECIMEN","Lomatium dissectum"
4116290486,"Lomatium dissectum",-116.151719,46.387456,2023,5,7,"US","HUMAN_OBSERVATION","Lomatium dissectum"
1847551412,"Lomatium dissectum",-115.381617,46.289957,2018,5,3,"US","HUMAN_OBSERVATION","Lomatium dissectum"
3091287349,"Lomatium dissectum",-123.96368,46.2038,2000,8,4,"US","PRESERVED_SPECIMEN","Lomatium dissectum"
1901026208,"Lomatium dissectum",-116.069206,46.196959,2018,4,17,"US","HUMAN_OBSERVATION","Lomatium dissectum"
1901027395,"Lomatium dissectum",-115.967252,46.138214,2018,4,28,"US","HUMAN_OBSERVATION","Lomatium dissectum"
3858335937,"Lomatium dissectum",-113.643148,46.161162,2022,5,29,"US","HUMAN_OBSERVATION","Lomatium dissectum"
1901027396,"Lomatium dissectum",-115.939117,46.118612,2018,4,28,"US","HUMAN_OBSERVATION","Lomatium dissectum"
4068924894,"Lomatium dissectum",-117.25204,46.042075,2011,4,3,"US","PRESERVED_SPECIMEN","Lomatium dissectum"
415730374,"Lomatium dissectum",-117.4096,45.95853,2009,6,17,"US","PRESERVED_SPECIMEN","Lomatium dissectum"
4137883213,"Lomatium dissectum",-121.573395,45.91987,2023,6,17,"US","HUMAN_OBSERVATION","Lomatium dissectum"
4068995164,"Lomatium dissectum",-116.16527,45.9177,2016,6,14,"US","PRESERVED_SPECIMEN","Lomatium dissectum"
4069022218,"Lomatium dissectum",-116.413231,45.876019,2016,5,18,"US","PRESERVED_SPECIMEN","Lomatium dissectum"
4073811650,"Lomatium dissectum",-116.170666,45.908025,2014,5,27,"US","PRESERVED_SPECIMEN","Lomatium dissectum"
4073845486,"Lomatium dissectum",-116.1298,45.8854,2004,5,31,"US","PRESERVED_SPECIMEN","Lomatium dissectum"
4096934454,"Lomatium dissectum",-122.798109,45.857391,2023,4,23,"US","HUMAN_OBSERVATION","Lomatium dissectum"
4018530345,"Lomatium dissectum",-121.548116,45.840225,2020,5,17,"US","HUMAN_OBSERVATION","Lomatium dissectum"
4073867114,"Lomatium dissectum",-116.425,45.875,2003,5,NA,"US","PRESERVED_SPECIMEN","Lomatium dissectum"
4069024311,"Lomatium dissectum",-116.41135,45.868153,2016,5,18,"US","PRESERVED_SPECIMEN","Lomatium dissectum"
4069039093,"Lomatium dissectum",-116.22789,45.842068,2016,5,17,"US","PRESERVED_SPECIMEN","Lomatium dissectum"
2465284861,"Lomatium dissectum",-115.825221,45.837026,2019,5,20,"US","HUMAN_OBSERVATION","Lomatium dissectum"
1847503826,"Lomatium dissectum",-121.465789,45.800733,2018,5,5,"US","HUMAN_OBSERVATION","Lomatium dissectum"
4069036459,"Lomatium dissectum",-121.13668,45.81995,2019,6,12,"US","PRESERVED_SPECIMEN","Lomatium dissectum"
4069047056,"Lomatium dissectum",-116.544174,45.81611,2016,5,17,"US","PRESERVED_SPECIMEN","Lomatium dissectum"
3097076283,"Lomatium dissectum",-121.518365,45.753187,2021,4,16,"US","HUMAN_OBSERVATION","Lomatium dissectum"
4103258156,"Lomatium dissectum",-121.429548,45.761182,2023,4,30,"US","HUMAN_OBSERVATION","Lomatium dissectum"
4068945754,"Lomatium dissectum",-121.213171,45.772803,2011,4,5,"US","PRESERVED_SPECIMEN","Lomatium dissectum"
1944381883,"Lomatium dissectum",-116.300697,45.761551,2017,5,21,"US","HUMAN_OBSERVATION","Lomatium dissectum"
2294537284,"Lomatium dissectum",-116.16533,45.75468,2018,6,14,"US","HUMAN_OBSERVATION","Lomatium dissectum"
3859219261,"Lomatium dissectum",-121.700675,45.713337,2022,5,25,"US","HUMAN_OBSERVATION","Lomatium dissectum"
4018317415,"Lomatium dissectum",-121.4104,45.716217,2021,5,8,"US","HUMAN_OBSERVATION","Lomatium dissectum"
4018289498,"Lomatium dissectum",-121.366212,45.715318,2022,4,16,"US","HUMAN_OBSERVATION","Lomatium dissectum"
4102611341,"Lomatium dissectum",-121.266077,45.714127,2020,6,11,"US","HUMAN_OBSERVATION","Lomatium dissectum"
4121305535,"Lomatium dissectum",-121.230033,45.73795,2023,5,19,"US","HUMAN_OBSERVATION","Lomatium dissectum"
3773179894,"Lomatium dissectum",-121.061657,45.72282,2022,4,29,"US","HUMAN_OBSERVATION","Lomatium dissectum"
4069801555,"Lomatium dissectum",-121.02917,45.71667,2000,5,16,"US","PRESERVED_SPECIMEN","Lomatium dissectum"
3097153507,"Lomatium dissectum",-121.843474,45.67867,2021,2,3,"US","HUMAN_OBSERVATION","Lomatium dissectum"
4112208696,"Lomatium dissectum",-121.820223,45.668128,2023,5,6,"US","HUMAN_OBSERVATION","Lomatium dissectum"
3465944137,"Lomatium dissectum",-121.698853,45.685764,2021,5,15,"US","HUMAN_OBSERVATION","Lomatium dissectum"
4111822907,"Lomatium dissectum",-121.508723,45.705084,2023,5,7,"US","HUMAN_OBSERVATION","Lomatium dissectum"
3760109481,"Lomatium dissectum",-121.479039,45.690489,2022,4,9,"US","HUMAN_OBSERVATION","Lomatium dissectum"
4068947755,"Lomatium dissectum",-121.386253,45.688675,2016,5,20,"US","PRESERVED_SPECIMEN","Lomatium dissectum"
4069034017,"Lomatium dissectum",-121.33788,45.69596,2017,5,12,"US","PRESERVED_SPECIMEN","Lomatium dissectum"
4091468598,"Lomatium dissectum",-121.315002,45.692013,2023,4,6,"US","HUMAN_OBSERVATION","Lomatium dissectum"
4080662901,"Lomatium dissectum",-121.266067,45.686854,2023,4,4,"US","HUMAN_OBSERVATION","Lomatium dissectum"
4112167062,"Lomatium dissectum",-122.52874,45.632996,2023,5,8,"US","HUMAN_OBSERVATION","Lomatium dissectum"
4129679051,"Lomatium dissectum",-121.898925,45.628997,2023,5,17,"US","HUMAN_OBSERVATION","Lomatium dissectum"
4006615376,"Lomatium dissectum",-121.31772,45.64329,2021,6,14,"US","HUMAN_OBSERVATION","Lomatium dissectum"
4018142523,"Lomatium dissectum",-120.930631,45.64276,2022,4,25,"US","HUMAN_OBSERVATION","Lomatium dissectum"
3784661430,"Lomatium dissectum",-121.635528,45.601303,2022,4,19,"US","HUMAN_OBSERVATION","Lomatium dissectum"
4120975037,"Lomatium dissectum",-121.338736,45.608372,2023,5,23,"US","HUMAN_OBSERVATION","Lomatium dissectum"
3112349510,"Lomatium dissectum",-121.305996,45.613266,2021,4,28,"US","HUMAN_OBSERVATION","Lomatium dissectum"
3802808701,"Lomatium dissectum",-122.384567,45.553428,2022,5,25,"US","HUMAN_OBSERVATION","Lomatium dissectum"
4111885051,"Lomatium dissectum",-122.200363,45.581074,2023,5,8,"US","HUMAN_OBSERVATION","Lomatium dissectum"
4120937145,"Lomatium dissectum",-122.126092,45.574383,2023,5,21,"US","HUMAN_OBSERVATION","Lomatium dissectum"
4116406034,"Lomatium dissectum",-117.923443,45.515535,2023,5,12,"US","HUMAN_OBSERVATION","Lomatium dissectum"
4069739157,"Lomatium dissectum",-116.35985,45.4994,2005,4,8,"US","PRESERVED_SPECIMEN","Lomatium dissectum"
4070150727,"Lomatium dissectum",-122.87984,45.44643,2018,5,31,"US","PRESERVED_SPECIMEN","Lomatium dissectum"
4070165729,"Lomatium dissectum",-122.87351,45.448751,2018,5,15,"US","PRESERVED_SPECIMEN","Lomatium dissectum"
4070152459,"Lomatium dissectum",-122.55072,45.42492,2017,7,17,"US","PRESERVED_SPECIMEN","Lomatium dissectum"
4070160473,"Lomatium dissectum",-122.823083,45.393983,2007,5,25,"US","PRESERVED_SPECIMEN","Lomatium dissectum"
4102840577,"Lomatium dissectum",-122.700726,45.415831,2023,4,29,"US","HUMAN_OBSERVATION","Lomatium dissectum"
4137751756,"Lomatium dissectum",-122.629581,45.343399,2023,5,1,"US","HUMAN_OBSERVATION","Lomatium dissectum"
4070155972,"Lomatium dissectum",-122.616713,45.361388,2006,6,3,"US","PRESERVED_SPECIMEN","Lomatium dissectum"
4070157055,"Lomatium dissectum",-122.67114,45.31263,2018,5,22,"US","PRESERVED_SPECIMEN","Lomatium dissectum"
4070150781,"Lomatium dissectum",-122.66648,45.31657,2019,5,15,"US","PRESERVED_SPECIMEN","Lomatium dissectum"
4067459483,"Lomatium dissectum",-121.718055,45.313798,2014,6,28,"US","HUMAN_OBSERVATION","Lomatium dissectum"
3067995221,"Lomatium dissectum",-121.017312,45.298763,2021,3,21,"US","HUMAN_OBSERVATION","Lomatium dissectum"
1901031098,"Lomatium dissectum",-116.41319,45.32335,2018,5,13,"US","HUMAN_OBSERVATION","Lomatium dissectum"
4070148856,"Lomatium dissectum",-122.862023,45.285944,2017,6,28,"US","PRESERVED_SPECIMEN","Lomatium dissectum"
3079488393,"Lomatium dissectum",-122.770993,45.27769,2018,3,29,"US","HUMAN_OBSERVATION","Lomatium dissectum"
2445011346,"Lomatium dissectum",-122.648666,45.284848,2017,6,26,"US","HUMAN_OBSERVATION","Lomatium dissectum"
3112300424,"Lomatium dissectum",-123.270517,45.246997,2021,4,23,"US","HUMAN_OBSERVATION","Lomatium dissectum"
4407114392,"Lomatium dissectum",-123.372484,45.135033,2022,5,23,"US","HUMAN_OBSERVATION","Lomatium dissectum"
3112323511,"Lomatium dissectum",-121.1195,45.148619,2021,4,28,"US","HUMAN_OBSERVATION","Lomatium dissectum"
3820597028,"Lomatium dissectum",-116.854062,45.101985,2010,6,15,"US","PRESERVED_SPECIMEN","Lomatium dissectum"
2445010413,"Lomatium dissectum",-123.447108,45.059628,2019,5,1,"US","HUMAN_OBSERVATION","Lomatium dissectum"
4073790928,"Lomatium dissectum",-116.77633,45.081988,2011,6,25,"US","PRESERVED_SPECIMEN","Lomatium dissectum"
3058951462,"Lomatium dissectum",-123.478402,45.040335,2020,4,25,"US","HUMAN_OBSERVATION","Lomatium dissectum"
1838410673,"Lomatium dissectum",-123.148217,45.0237,2018,4,19,"US","HUMAN_OBSERVATION","Lomatium dissectum"
4070161343,"Lomatium dissectum",-122.536318,44.961415,2017,8,24,"US","PRESERVED_SPECIMEN","Lomatium dissectum"
4073903363,"Lomatium dissectum",-116.70992,44.96158,2011,6,24,"US","PRESERVED_SPECIMEN","Lomatium dissectum"
4091557407,"Lomatium dissectum",-123.034775,44.929542,2022,5,2,"US","HUMAN_OBSERVATION","Lomatium dissectum"
1928222296,"Lomatium dissectum",-116.71419,44.89853,2011,6,24,"US","PRESERVED_SPECIMEN","Lomatium dissectum"
4068900828,"Lomatium dissectum",-123.23534,44.798422,2016,5,17,"US","PRESERVED_SPECIMEN","Lomatium dissectum"
4399897462,"Lomatium dissectum",-118.108277,44.814388,2023,7,18,"US","HUMAN_OBSERVATION","Lomatium dissectum"
4069757452,"Lomatium dissectum",-117.34747,44.81111,2010,6,12,"US","PRESERVED_SPECIMEN","Lomatium dissectum"
4073868128,"Lomatium dissectum",-116.706183,44.81605,2011,6,25,"US","PRESERVED_SPECIMEN","Lomatium dissectum"
4111730966,"Lomatium dissectum",-123.018775,44.787158,2023,5,3,"US","HUMAN_OBSERVATION","Lomatium dissectum"
4073844995,"Lomatium dissectum",-116.19756,44.76447,2018,6,25,"US","PRESERVED_SPECIMEN","Lomatium dissectum"
3760029490,"Lomatium dissectum",-122.98346,44.745766,2022,4,18,"US","HUMAN_OBSERVATION","Lomatium dissectum"
4070179261,"Lomatium dissectum",-116.86915,44.748,2002,5,8,"US","PRESERVED_SPECIMEN","Lomatium dissectum"
4112065470,"Lomatium dissectum",-123.208528,44.703083,2023,4,24,"US","HUMAN_OBSERVATION","Lomatium dissectum"
2864869628,"Lomatium dissectum",-123.206473,44.687316,2020,5,11,"US","HUMAN_OBSERVATION","Lomatium dissectum"
3923221314,"Lomatium dissectum",-123.044568,44.707694,2019,4,24,"US","HUMAN_OBSERVATION","Lomatium dissectum"
4061125426,"Lomatium dissectum",-123.298889,44.65,2015,9,10,"US","PRESERVED_SPECIMEN","Lomatium dissectum"
2269231590,"Lomatium dissectum",-116.265565,44.606224,2019,6,3,"US","HUMAN_OBSERVATION","Lomatium dissectum"
4111941406,"Lomatium dissectum",-123.38707,44.58237,2023,5,5,"US","HUMAN_OBSERVATION","Lomatium dissectum"
4080697676,"Lomatium dissectum",-123.307342,44.544947,2023,4,11,"US","HUMAN_OBSERVATION","Lomatium dissectum"
4121084881,"Lomatium dissectum",-123.431208,44.515582,2023,5,14,"US","HUMAN_OBSERVATION","Lomatium dissectum"
3760293207,"Lomatium dissectum",-123.319528,44.510137,2022,4,7,"US","HUMAN_OBSERVATION","Lomatium dissectum"
3466025415,"Lomatium dissectum",-123.179192,44.52665,2020,6,5,"US","HUMAN_OBSERVATION","Lomatium dissectum"
3802496645,"Lomatium dissectum",-123.362587,44.488672,2022,5,24,"US","HUMAN_OBSERVATION","Lomatium dissectum"
4096967424,"Lomatium dissectum",-123.021325,44.469303,2023,4,22,"US","HUMAN_OBSERVATION","Lomatium dissectum"
4073916197,"Lomatium dissectum",-116.953667,44.4833,2004,5,30,"US","PRESERVED_SPECIMEN","Lomatium dissectum"
3772446916,"Lomatium dissectum",-123.329488,44.41885,2022,4,29,"US","HUMAN_OBSERVATION","Lomatium dissectum"
4069040651,"Lomatium dissectum",-116.907697,44.420045,2015,5,28,"US","PRESERVED_SPECIMEN","Lomatium dissectum"
4070168464,"Lomatium dissectum",-116.897717,44.401467,2004,5,13,"US","PRESERVED_SPECIMEN","Lomatium dissectum"
4061840314,"Lomatium dissectum",-122.062778,44.364444,2015,8,28,"US","PRESERVED_SPECIMEN","Lomatium dissectum"
4069026665,"Lomatium dissectum",-118.956009,44.359936,2016,5,19,"US","PRESERVED_SPECIMEN","Lomatium dissectum"
2252033802,"Lomatium dissectum",-122.95445,44.320401,2019,5,11,"US","HUMAN_OBSERVATION","Lomatium dissectum"
4070179529,"Lomatium dissectum",-116.0731,44.2631,2004,5,27,"US","PRESERVED_SPECIMEN","Lomatium dissectum"
4111644812,"Lomatium dissectum",-123.012416,44.170209,2023,4,30,"US","HUMAN_OBSERVATION","Lomatium dissectum"
4171307087,"Lomatium dissectum",-122.813291,44.190765,2023,7,7,"US","HUMAN_OBSERVATION","Lomatium dissectum"
4080981460,"Lomatium dissectum",-122.12722,44.203917,2022,7,23,"US","HUMAN_OBSERVATION","Lomatium dissectum"
3090556798,"Lomatium dissectum",-118.089103,44.104825,2020,7,19,"US","HUMAN_OBSERVATION","Lomatium dissectum"
4070174349,"Lomatium dissectum",-116.453,44.09602,2005,5,10,"US","PRESERVED_SPECIMEN","Lomatium dissectum"
4074149591,"Lomatium dissectum",-117.173861,44.064056,2011,6,14,"US","PRESERVED_SPECIMEN","Lomatium dissectum"
1931136901,"Lomatium dissectum",-116.586483,44.058628,2014,5,21,"US","PRESERVED_SPECIMEN","Lomatium dissectum"
4111613794,"Lomatium dissectum",-123.021265,44.039527,2023,5,2,"US","HUMAN_OBSERVATION","Lomatium dissectum"
4070177829,"Lomatium dissectum",-116.22555,43.980733,2003,5,17,"US","PRESERVED_SPECIMEN","Lomatium dissectum"
4070177801,"Lomatium dissectum",-116.798167,43.89,2004,5,20,"US","PRESERVED_SPECIMEN","Lomatium dissectum"
2850702893,"Lomatium dissectum",-122.511259,43.83622,2020,6,19,"US","HUMAN_OBSERVATION","Lomatium dissectum"
4061868633,"Lomatium dissectum",-122.256944,43.840278,2015,9,1,"US","PRESERVED_SPECIMEN","Lomatium dissectum"
4061868634,"Lomatium dissectum",-122.237778,43.835833,2015,9,1,"US","PRESERVED_SPECIMEN","Lomatium dissectum"
4061138014,"Lomatium dissectum",-122.621944,43.763611,2015,9,1,"US","PRESERVED_SPECIMEN","Lomatium dissectum"
2641404326,"Lomatium dissectum",-111.98602,43.786052,2019,5,1,"US","HUMAN_OBSERVATION","Lomatium dissectum"
3109016062,"Lomatium dissectum",-117.2053,43.729333,2021,4,25,"US","HUMAN_OBSERVATION","Lomatium dissectum"
3109022727,"Lomatium dissectum",-116.138489,43.730392,2021,4,22,"US","HUMAN_OBSERVATION","Lomatium dissectum"
4070505958,"Lomatium dissectum",-121.306,43.679,2008,4,26,"US","PRESERVED_SPECIMEN","Lomatium dissectum"
2597767973,"Lomatium dissectum",-116.201555,43.693178,2020,4,4,"US","HUMAN_OBSERVATION","Lomatium dissectum"
2545481653,"Lomatium dissectum",-113.177628,43.685101,2013,8,14,"US","HUMAN_OBSERVATION","Lomatium dissectum"
3113348932,"Lomatium dissectum",-115.996322,43.630517,2021,5,7,"US","HUMAN_OBSERVATION","Lomatium dissectum"
2633964392,"Lomatium dissectum",-112.977028,43.651475,2019,4,30,"US","HUMAN_OBSERVATION","Lomatium dissectum"
4074149411,"Lomatium dissectum",-117.40267,43.6202189,2004,5,24,"US","PRESERVED_SPECIMEN","Lomatium dissectum"
4070174761,"Lomatium dissectum",-117.140483,43.624283,2005,4,28,"US","PRESERVED_SPECIMEN","Lomatium dissectum"
3467180622,"Lomatium dissectum",-117.123,43.6113,2013,4,12,"US","PRESERVED_SPECIMEN","Lomatium dissectum"
4070168846,"Lomatium dissectum",-116.811,43.60938,2005,5,4,"US","PRESERVED_SPECIMEN","Lomatium dissectum"
2901820537,"Lomatium dissectum",-116.675995,43.563412,2020,9,22,"US","HUMAN_OBSERVATION","Lomatium dissectum"
4070173561,"Lomatium dissectum",-115.989433,43.58195,2004,5,20,"US","PRESERVED_SPECIMEN","Lomatium dissectum"
1929303943,"Lomatium dissectum",-115.80211,43.54631,2012,6,10,"US","PRESERVED_SPECIMEN","Lomatium dissectum"
4061868630,"Lomatium dissectum",-122.406389,43.521111,2015,8,29,"US","PRESERVED_SPECIMEN","Lomatium dissectum"
1500258783,"Lomatium dissectum",-116.636917,43.504866,2017,4,16,"US","HUMAN_OBSERVATION","Lomatium dissectum"
3067973738,"Lomatium dissectum",-116.092117,43.53297,2021,3,19,"US","HUMAN_OBSERVATION","Lomatium dissectum"
4070175234,"Lomatium dissectum",-115.962683,43.5064,2004,5,18,"US","PRESERVED_SPECIMEN","Lomatium dissectum"
3802407342,"Lomatium dissectum",-116.441313,43.455997,2021,4,24,"US","HUMAN_OBSERVATION","Lomatium dissectum"
4073956176,"Lomatium dissectum",-112.903167,43.418351,2020,6,10,"US","PRESERVED_SPECIMEN","Lomatium dissectum"
4062154379,"Lomatium dissectum",-122.512222,43.393333,2015,8,29,"US","PRESERVED_SPECIMEN","Lomatium dissectum"
4061131613,"Lomatium dissectum",-122.462222,43.400833,2015,8,29,"US","PRESERVED_SPECIMEN","Lomatium dissectum"
4069036466,"Lomatium dissectum",-122.771667,43.336944,2011,5,22,"US","PRESERVED_SPECIMEN","Lomatium dissectum"
1562949548,"Lomatium dissectum",-112.240259,43.349736,2017,5,11,"US","HUMAN_OBSERVATION","Lomatium dissectum"
2252054368,"Lomatium dissectum",-116.093367,43.298941,2019,6,4,"US","HUMAN_OBSERVATION","Lomatium dissectum"
4070169508,"Lomatium dissectum",-115.49525,43.333333,2004,5,18,"US","PRESERVED_SPECIMEN","Lomatium dissectum"
1562888722,"Lomatium dissectum",-116.694382,43.272839,2017,4,16,"US","HUMAN_OBSERVATION","Lomatium dissectum"
4091493410,"Lomatium dissectum",-123.554161,43.24805,2022,5,10,"US","HUMAN_OBSERVATION","Lomatium dissectum"
4116364612,"Lomatium dissectum",-123.360847,43.219558,2023,4,25,"US","HUMAN_OBSERVATION","Lomatium dissectum"
4061868631,"Lomatium dissectum",-122.585278,43.23,2015,8,30,"US","PRESERVED_SPECIMEN","Lomatium dissectum"
4070174400,"Lomatium dissectum",-115.5866,43.2465,2004,5,18,"US","PRESERVED_SPECIMEN","Lomatium dissectum"
2545493931,"Lomatium dissectum",-117.603966,43.187759,2011,8,24,"US","HUMAN_OBSERVATION","Lomatium dissectum"
4070168765,"Lomatium dissectum",-117.499167,43.203283,2002,5,28,"US","PRESERVED_SPECIMEN","Lomatium dissectum"
4070176949,"Lomatium dissectum",-114.658,43.15607,2005,5,20,"US","PRESERVED_SPECIMEN","Lomatium dissectum"
4070177785,"Lomatium dissectum",-114.33485,43.16285,2004,5,19,"US","PRESERVED_SPECIMEN","Lomatium dissectum"
2813993330,"Lomatium dissectum",-118.186372,43.057297,2020,7,3,"US","HUMAN_OBSERVATION","Lomatium dissectum"
4171167446,"Lomatium dissectum",-108.44281,43.037769,2021,6,27,"US","HUMAN_OBSERVATION","Lomatium dissectum"
1930246099,"Lomatium dissectum",-113,43,2002,5,26,"US","PRESERVED_SPECIMEN","Lomatium dissectum"
4070169243,"Lomatium dissectum",-115.522,42.9415,2004,5,19,"US","PRESERVED_SPECIMEN","Lomatium dissectum"
4070179724,"Lomatium dissectum",-115.492,42.91985,2005,5,9,"US","PRESERVED_SPECIMEN","Lomatium dissectum"
4070178905,"Lomatium dissectum",-114.964383,42.921467,2004,5,19,"US","PRESERVED_SPECIMEN","Lomatium dissectum"
1928646265,"Lomatium dissectum",-115.79153,42.90178,2011,6,9,"US","PRESERVED_SPECIMEN","Lomatium dissectum"
1562890015,"Lomatium dissectum",-115.728633,42.891797,2017,4,20,"US","HUMAN_OBSERVATION","Lomatium dissectum"
1986950271,"Lomatium dissectum",-115.116667,42.9,2003,5,20,"US","PRESERVED_SPECIMEN","Lomatium dissectum"
1841192201,"Lomatium dissectum",-112.530844,42.911122,2018,4,11,"US","HUMAN_OBSERVATION","Lomatium dissectum"
2611045590,"Lomatium dissectum",-112.459505,42.868827,2020,4,24,"US","HUMAN_OBSERVATION","Lomatium dissectum"
3772674570,"Lomatium dissectum",-112.42952,42.861035,2022,4,19,"US","HUMAN_OBSERVATION","Lomatium dissectum"
4070180733,"Lomatium dissectum",-115.777,42.791833,2004,5,26,"US","PRESERVED_SPECIMEN","Lomatium dissectum"
3858593913,"Lomatium dissectum",-112.489328,42.804745,2022,6,15,"US","HUMAN_OBSERVATION","Lomatium dissectum"
1847456961,"Lomatium dissectum",-112.426168,42.79228,2018,5,5,"US","HUMAN_OBSERVATION","Lomatium dissectum"
2545485708,"Lomatium dissectum",-120.389793,42.788403,2011,9,10,"US","HUMAN_OBSERVATION","Lomatium dissectum"
4073723722,"Lomatium dissectum",-112.459072,42.782858,2014,5,20,"US","PRESERVED_SPECIMEN","Lomatium dissectum"
3302233922,"Lomatium dissectum",-112.448425,42.750615,2021,5,31,"US","HUMAN_OBSERVATION","Lomatium dissectum"
2626225364,"Lomatium dissectum",-112.396111,42.756667,2020,4,29,"US","HUMAN_OBSERVATION","Lomatium dissectum"
4073942774,"Lomatium dissectum",-116.912167,42.739333,2005,6,28,"US","PRESERVED_SPECIMEN","Lomatium dissectum"
4133846248,"Lomatium dissectum",-112.430344,42.727142,2023,6,11,"US","HUMAN_OBSERVATION","Lomatium dissectum"
2619884761,"Lomatium dissectum",-112.384614,42.737193,2020,5,1,"US","HUMAN_OBSERVATION","Lomatium dissectum"
4171261428,"Lomatium dissectum",-108.870522,42.724225,2021,5,13,"US","HUMAN_OBSERVATION","Lomatium dissectum"
4171691586,"Lomatium dissectum",-108.82299,42.74118,2023,5,30,"US","HUMAN_OBSERVATION","Lomatium dissectum"
3820543101,"Lomatium dissectum",-124.07716,42.68216,2012,7,18,"US","PRESERVED_SPECIMEN","Lomatium dissectum"
1930502667,"Lomatium dissectum",-115.67425,42.688283,2008,5,23,"US","PRESERVED_SPECIMEN","Lomatium dissectum"
4102646436,"Lomatium dissectum",-123.713447,42.651947,2022,5,25,"US","HUMAN_OBSERVATION","Lomatium dissectum"
4103179448,"Lomatium dissectum",-123.702156,42.646619,2022,5,25,"US","HUMAN_OBSERVATION","Lomatium dissectum"
3802411891,"Lomatium dissectum",-123.38362,42.59829,2022,4,16,"US","HUMAN_OBSERVATION","Lomatium dissectum"
4070179751,"Lomatium dissectum",-116.984,42.5911,2005,5,25,"US","PRESERVED_SPECIMEN","Lomatium dissectum"
4070173313,"Lomatium dissectum",-116.562117,42.5924,2002,5,7,"US","PRESERVED_SPECIMEN","Lomatium dissectum"
2545497892,"Lomatium dissectum",-116.142654,42.593063,2013,6,13,"US","HUMAN_OBSERVATION","Lomatium dissectum"
1931073173,"Lomatium dissectum",-108.7527,42.6215,2005,6,7,"US","PRESERVED_SPECIMEN","Lomatium dissectum"
3759450773,"Lomatium dissectum",-123.532096,42.552386,2022,4,16,"US","HUMAN_OBSERVATION","Lomatium dissectum"
4070179477,"Lomatium dissectum",-116.94,42.54745,2005,5,25,"US","PRESERVED_SPECIMEN","Lomatium dissectum"
4070170332,"Lomatium dissectum",-116.689117,42.581017,2004,5,11,"US","PRESERVED_SPECIMEN","Lomatium dissectum"
4121453401,"Lomatium dissectum",-124.04,42.521641,2023,5,18,"US","HUMAN_OBSERVATION","Lomatium dissectum"
3097277270,"Lomatium dissectum",-123.479046,42.495739,2021,4,19,"US","HUMAN_OBSERVATION","Lomatium dissectum"
4091369544,"Lomatium dissectum",-122.888953,42.467108,2023,3,31,"US","HUMAN_OBSERVATION","Lomatium dissectum"
2609356652,"Lomatium dissectum",-123.085988,42.43561,2020,4,20,"US","HUMAN_OBSERVATION","Lomatium dissectum"
4102784566,"Lomatium dissectum",-122.947779,42.45548,2023,4,29,"US","HUMAN_OBSERVATION","Lomatium dissectum"
4080941649,"Lomatium dissectum",-122.837258,42.427612,2023,4,4,"US","HUMAN_OBSERVATION","Lomatium dissectum"
4111640307,"Lomatium dissectum",-123.395246,42.409762,2019,4,25,"US","HUMAN_OBSERVATION","Lomatium dissectum"
4091596398,"Lomatium dissectum",-122.890474,42.385763,2022,3,17,"US","HUMAN_OBSERVATION","Lomatium dissectum"
4061868632,"Lomatium dissectum",-122.554167,42.396389,2015,8,31,"US","PRESERVED_SPECIMEN","Lomatium dissectum"
3759088558,"Lomatium dissectum",-121.811426,42.387282,2021,5,13,"US","HUMAN_OBSERVATION","Lomatium dissectum"
3772857117,"Lomatium dissectum",-122.784703,42.359941,2022,5,6,"US","HUMAN_OBSERVATION","Lomatium dissectum"
3760209579,"Lomatium dissectum",-122.979241,42.314431,2022,4,8,"US","HUMAN_OBSERVATION","Lomatium dissectum"
2632746346,"Lomatium dissectum",-110.81,42.277,2019,7,11,"US","PRESERVED_SPECIMEN","Lomatium dissectum"
4061838011,"Lomatium dissectum",-123.705,42.245833,2015,8,31,"US","PRESERVED_SPECIMEN","Lomatium dissectum"
4091578598,"Lomatium dissectum",-123.308881,42.210837,2023,4,11,"US","HUMAN_OBSERVATION","Lomatium dissectum"
2626115550,"Lomatium dissectum",-123.065378,42.221731,2020,3,21,"US","HUMAN_OBSERVATION","Lomatium dissectum"
4073706280,"Lomatium dissectum",-111.696667,42.225467,2009,6,4,"US","PRESERVED_SPECIMEN","Lomatium dissectum"
3759622868,"Lomatium dissectum",-122.716522,42.19088,2022,3,24,"US","HUMAN_OBSERVATION","Lomatium dissectum"
2545503217,"Lomatium dissectum",-112.520462,42.183891,2013,7,30,"US","HUMAN_OBSERVATION","Lomatium dissectum"
2885006301,"Lomatium dissectum",-110.835667,42.166973,2020,6,23,"US","PRESERVED_SPECIMEN","Lomatium dissectum"
2580183681,"Lomatium dissectum",-122.608271,42.135354,2020,3,15,"US","HUMAN_OBSERVATION","Lomatium dissectum"
4096847333,"Lomatium dissectum",-123.065282,42.089918,2020,4,19,"US","HUMAN_OBSERVATION","Lomatium dissectum"
3059698825,"Lomatium dissectum",-122.49,42.0868,2010,8,24,"US","PRESERVED_SPECIMEN","Lomatium dissectum"
4120979090,"Lomatium dissectum",-123.054567,42.063202,2023,5,16,"US","HUMAN_OBSERVATION","Lomatium dissectum"
4068925450,"Lomatium dissectum",-122.57851,42.04403,2016,5,16,"US","PRESERVED_SPECIMEN","Lomatium dissectum"
3059703622,"Lomatium dissectum",-123.7667,42.0167,2000,5,13,"US","PRESERVED_SPECIMEN","Lomatium dissectum"
3059703627,"Lomatium dissectum",-123.741452,42.041367,2000,7,5,"US","PRESERVED_SPECIMEN","Lomatium dissectum"
2542910958,"Lomatium dissectum",-123.200381,42.001596,2019,10,25,"US","HUMAN_OBSERVATION","Lomatium dissectum"
1847423213,"Lomatium dissectum",-122.578456,42.038686,2018,4,28,"US","HUMAN_OBSERVATION","Lomatium dissectum"
4069024298,"Lomatium dissectum",-123.437149,41.897152,2016,5,15,"US","PRESERVED_SPECIMEN","Lomatium dissectum"
3860062763,"Lomatium dissectum",-122.471432,41.86577,2022,5,27,"US","HUMAN_OBSERVATION","Lomatium dissectum"
1986950488,"Lomatium dissectum",-111.769444,41.8425,2004,6,1,"US","PRESERVED_SPECIMEN","Lomatium dissectum"
1929297074,"Lomatium dissectum",-110.898,41.85233,2005,6,20,"US","PRESERVED_SPECIMEN","Lomatium dissectum"
4127413659,"Lomatium dissectum",-111.649712,41.819611,2023,5,27,"US","HUMAN_OBSERVATION","Lomatium dissectum"
3962311303,"Lomatium dissectum",-111.76609,41.769997,2012,5,10,"US","PRESERVED_SPECIMEN","Lomatium dissectum"
2566037603,"Lomatium dissectum",-122.736389,41.74,2019,7,5,"US","PRESERVED_SPECIMEN","Lomatium dissectum"
2611354755,"Lomatium dissectum",-111.780533,41.72902,2020,4,25,"US","HUMAN_OBSERVATION","Lomatium dissectum"
2611381440,"Lomatium dissectum",-112.008775,41.707233,2020,4,24,"US","HUMAN_OBSERVATION","Lomatium dissectum"
1986982386,"Lomatium dissectum",-113.73521,41.65016,2005,6,4,"US","PRESERVED_SPECIMEN","Lomatium dissectum"
2545482905,"Lomatium dissectum",-111.240227,41.627598,2013,6,18,"US","HUMAN_OBSERVATION","Lomatium dissectum"
4112093303,"Lomatium dissectum",-123.539606,41.330411,2018,4,20,"US","HUMAN_OBSERVATION","Lomatium dissectum"
1843899401,"Lomatium dissectum",-111.0815,41.2723,2005,6,10,"US","PRESERVED_SPECIMEN","Lomatium dissectum"
3860416452,"Lomatium dissectum",-111.91757,41.212402,2022,5,28,"US","HUMAN_OBSERVATION","Lomatium dissectum"
4034822361,"Lomatium dissectum",-111.83389,41.24317,2021,5,25,"US","HUMAN_OBSERVATION","Lomatium dissectum"
2611406015,"Lomatium dissectum",-111.946101,41.176601,2020,4,27,"US","HUMAN_OBSERVATION","Lomatium dissectum"
4145400140,"Lomatium dissectum",-121.652738,41.010978,2023,6,29,"US","HUMAN_OBSERVATION","Lomatium dissectum"
2545471473,"Lomatium dissectum",-109.505783,40.890099,2013,10,13,"US","HUMAN_OBSERVATION","Lomatium dissectum"
4011643128,"Lomatium dissectum",-122.027256,40.838716,2016,5,14,"US","HUMAN_OBSERVATION","Lomatium dissectum"
2461262662,"Lomatium dissectum",-111.852307,40.846337,2019,5,19,"US","PRESERVED_SPECIMEN","Lomatium dissectum"
1927776399,"Lomatium dissectum",-118.15283,40.81508,2006,5,14,"US","PRESERVED_SPECIMEN","Lomatium dissectum"
3773062098,"Lomatium dissectum",-115.699965,40.812524,2022,5,5,"US","HUMAN_OBSERVATION","Lomatium dissectum"
1847481174,"Lomatium dissectum",-111.895615,40.826244,2018,5,9,"US","HUMAN_OBSERVATION","Lomatium dissectum"
2620084385,"Lomatium dissectum",-111.870972,40.797142,2020,5,1,"US","HUMAN_OBSERVATION","Lomatium dissectum"
3772503793,"Lomatium dissectum",-111.882888,40.784428,2022,5,1,"US","HUMAN_OBSERVATION","Lomatium dissectum"
4112027915,"Lomatium dissectum",-111.821747,40.766047,2023,5,7,"US","HUMAN_OBSERVATION","Lomatium dissectum"
4111729366,"Lomatium dissectum",-123.218168,40.740717,2022,4,3,"US","HUMAN_OBSERVATION","Lomatium dissectum"
4112001493,"Lomatium dissectum",-122.243158,40.7467,2023,5,5,"US","HUMAN_OBSERVATION","Lomatium dissectum"
2430048319,"Lomatium dissectum",-122.206667,40.74,2010,5,16,"US","PRESERVED_SPECIMEN","Lomatium dissectum"
2545466555,"Lomatium dissectum",-120.629929,40.721088,2012,7,31,"US","HUMAN_OBSERVATION","Lomatium dissectum"
3859065003,"Lomatium dissectum",-111.842168,40.749113,2022,5,2,"US","HUMAN_OBSERVATION","Lomatium dissectum"
4091816386,"Lomatium dissectum",-111.805175,40.72208,2022,4,27,"US","HUMAN_OBSERVATION","Lomatium dissectum"
3466075608,"Lomatium dissectum",-111.803473,40.67692,2021,5,1,"US","HUMAN_OBSERVATION","Lomatium dissectum"
3860524792,"Lomatium dissectum",-111.788514,40.670366,2022,6,6,"US","HUMAN_OBSERVATION","Lomatium dissectum"
4116105449,"Lomatium dissectum",-115.406678,40.642656,2022,6,19,"US","HUMAN_OBSERVATION","Lomatium dissectum"
3772964696,"Lomatium dissectum",-111.805897,40.651561,2022,4,29,"US","HUMAN_OBSERVATION","Lomatium dissectum"
4111941432,"Lomatium dissectum",-122.522217,40.615575,2023,5,1,"US","HUMAN_OBSERVATION","Lomatium dissectum"
4121086999,"Lomatium dissectum",-122.459964,40.593485,2023,5,16,"US","HUMAN_OBSERVATION","Lomatium dissectum"
4111572437,"Lomatium dissectum",-122.44819,40.615464,2023,4,8,"US","HUMAN_OBSERVATION","Lomatium dissectum"
2611189017,"Lomatium dissectum",-111.769023,40.622014,2020,4,25,"US","HUMAN_OBSERVATION","Lomatium dissectum"
4111583371,"Lomatium dissectum",-122.529681,40.572844,2022,4,1,"US","HUMAN_OBSERVATION","Lomatium dissectum"
3773203882,"Lomatium dissectum",-111.796517,40.57182,2022,4,29,"US","HUMAN_OBSERVATION","Lomatium dissectum"
3112935579,"Lomatium dissectum",-111.778605,40.571941,2021,5,2,"US","HUMAN_OBSERVATION","Lomatium dissectum"
3333111622,"Lomatium dissectum",-111.617296,40.573185,2021,7,22,"US","HUMAN_OBSERVATION","Lomatium dissectum"
2447829884,"Lomatium dissectum",-106.875183,40.50523,2019,5,27,"US","HUMAN_OBSERVATION","Lomatium dissectum"
4116297492,"Lomatium dissectum",-120.657355,40.455713,2023,5,7,"US","HUMAN_OBSERVATION","Lomatium dissectum"
2430554771,"Lomatium dissectum",-123.503783,40.375267,2001,6,11,"US","PRESERVED_SPECIMEN","Lomatium dissectum"
3860133602,"Lomatium dissectum",-123.549538,40.333263,2022,6,9,"US","HUMAN_OBSERVATION","Lomatium dissectum"
3302336549,"Lomatium dissectum",-123.461022,40.296208,2021,4,29,"US","HUMAN_OBSERVATION","Lomatium dissectum"
4116330381,"Lomatium dissectum",-111.630867,40.285631,2023,4,30,"US","HUMAN_OBSERVATION","Lomatium dissectum"
3858338100,"Lomatium dissectum",-111.503563,40.132953,2022,6,2,"US","HUMAN_OBSERVATION","Lomatium dissectum"
3892754340,"Lomatium dissectum",-109.059722,40.12,2001,5,19,"US","PRESERVED_SPECIMEN","Lomatium dissectum"
3820744120,"Lomatium dissectum",-122.935833,39.794722,2018,5,7,"US","PRESERVED_SPECIMEN","Lomatium dissectum"
3799655321,"Lomatium dissectum",-120.13292,39.83278,2018,5,4,"US","PRESERVED_SPECIMEN","Lomatium dissectum"
4075973503,"Lomatium dissectum",-107.249642,39.561622,2019,4,21,"US","HUMAN_OBSERVATION","Lomatium dissectum"
1260233817,"Lomatium dissectum",-106.266667,39.558333,2005,7,16,"US","PRESERVED_SPECIMEN","Lomatium dissectum"
2242421859,"Lomatium dissectum",-105.0916,39.5194,2014,5,22,"US","PRESERVED_SPECIMEN","Lomatium dissectum"
4116434412,"Lomatium dissectum",-119.901008,39.48865,2022,5,14,"US","HUMAN_OBSERVATION","Lomatium dissectum"
4091378419,"Lomatium dissectum",-107.500717,39.489025,2022,5,22,"US","HUMAN_OBSERVATION","Lomatium dissectum"
1099967843,"Lomatium dissectum",-120.271615,39.435671,2015,6,30,"US","HUMAN_OBSERVATION","Lomatium dissectum"
3321150499,"Lomatium dissectum",-120.23354,39.433867,2021,6,9,"US","HUMAN_OBSERVATION","Lomatium dissectum"
4137767918,"Lomatium dissectum",-120.198337,39.4331,2023,6,16,"US","HUMAN_OBSERVATION","Lomatium dissectum"
3873162493,"Lomatium dissectum",-120.245939,39.383942,2022,7,23,"US","HUMAN_OBSERVATION","Lomatium dissectum"
3873887346,"Lomatium dissectum",-120.246253,39.187795,2022,7,13,"US","HUMAN_OBSERVATION","Lomatium dissectum"
3773339273,"Lomatium dissectum",-119.908301,39.108462,2022,5,7,"US","HUMAN_OBSERVATION","Lomatium dissectum"
2421774879,"Lomatium dissectum",-122.471667,39.051389,2000,5,12,"US","PRESERVED_SPECIMEN","Lomatium dissectum"
3125164642,"Lomatium dissectum",-120.94278,39.06111,2013,4,18,"US","PRESERVED_SPECIMEN","Lomatium dissectum"
4130058519,"Lomatium dissectum",-122.975845,39.04117,2023,6,1,"US","HUMAN_OBSERVATION","Lomatium dissectum"
4111728192,"Lomatium dissectum",-119.851997,39.016479,2023,5,4,"US","HUMAN_OBSERVATION","Lomatium dissectum"
4137857857,"Lomatium dissectum",-106.991683,38.961113,2023,6,15,"US","HUMAN_OBSERVATION","Lomatium dissectum"
4138507100,"Lomatium dissectum",-120.049312,38.931448,2023,6,19,"US","HUMAN_OBSERVATION","Lomatium dissectum"
2634521486,"Lomatium dissectum",-107.351997,38.941657,2020,5,10,"US","HUMAN_OBSERVATION","Lomatium dissectum"
2611093361,"Lomatium dissectum",-107.232268,38.923038,2018,5,24,"US","HUMAN_OBSERVATION","Lomatium dissectum"
3776191459,"Lomatium dissectum",-107.009822,38.934735,2018,6,20,"US","PRESERVED_SPECIMEN","Lomatium dissectum"
4138424766,"Lomatium dissectum",-106.987169,38.95091,2023,6,16,"US","HUMAN_OBSERVATION","Lomatium dissectum"
4137747937,"Lomatium dissectum",-106.965515,38.910614,2023,6,18,"US","HUMAN_OBSERVATION","Lomatium dissectum"
4145572744,"Lomatium dissectum",-106.91104,38.868699,2023,6,28,"US","HUMAN_OBSERVATION","Lomatium dissectum"
3302399305,"Lomatium dissectum",-109.598534,38.786172,2010,6,7,"US","HUMAN_OBSERVATION","Lomatium dissectum"
4400099413,"Lomatium dissectum",-119.488937,38.33548,2023,8,16,"US","HUMAN_OBSERVATION","Lomatium dissectum"
2626657438,"Lomatium dissectum",-119.128053,38.354708,2020,5,9,"US","HUMAN_OBSERVATION","Lomatium dissectum"
1426519232,"Lomatium dissectum",-122.65108,37.96713,2015,6,12,"US","PRESERVED_SPECIMEN","Lomatium dissectum"
2269222049,"Lomatium dissectum",-119.543329,37.723479,2019,6,1,"US","HUMAN_OBSERVATION","Lomatium dissectum"
4111614308,"Lomatium dissectum",-118.864627,37.588834,2017,5,24,"US","HUMAN_OBSERVATION","Lomatium dissectum"
2350316676,"Lomatium dissectum",-118.804505,37.55002,2019,7,14,"US","HUMAN_OBSERVATION","Lomatium dissectum"
4022963703,"Lomatium dissectum",-118.75202,37.56878,2019,6,5,"US","HUMAN_OBSERVATION","Lomatium dissectum"
4069013636,"Lomatium dissectum",-118.677864,37.560844,2016,6,5,"US","PRESERVED_SPECIMEN","Lomatium dissectum"
4068974999,"Lomatium dissectum",-118.566811,37.566811,2016,6,5,"US","PRESERVED_SPECIMEN","Lomatium dissectum"
4069008711,"Lomatium dissectum",-118.573746,37.250526,2016,6,5,"US","PRESERVED_SPECIMEN","Lomatium dissectum"
2270198263,"Lomatium dissectum",-118.54092,35.974671,2003,5,17,"US","PRESERVED_SPECIMEN","Lomatium dissectum"
3031806634,"Lomatium dissectum",-118.486063,35.969517,2020,4,7,"US","HUMAN_OBSERVATION","Lomatium dissectum"
3455458890,"Lomatium dissectum",-118.48182,35.956438,2021,4,8,"US","HUMAN_OBSERVATION","Lomatium dissectum"
2270697601,"Lomatium dissectum",-111.741278,34.920306,2008,4,21,"US","PRESERVED_SPECIMEN","Lomatium dissectum"
2422435609,"Lomatium dissectum",-118.87444,34.8675,2007,5,9,"US","PRESERVED_SPECIMEN","Lomatium dissectum"
2603289239,"Lomatium dissectum",-111.670447,34.766883,2020,4,11,"US","HUMAN_OBSERVATION","Lomatium dissectum"
2882958391,"Lomatium dissectum",-112.102753,34.690872,2020,5,31,"US","HUMAN_OBSERVATION","Lomatium dissectum"
2331828261,"Lomatium dissectum",-111.97628,34.628047,2019,4,17,"US","HUMAN_OBSERVATION","Lomatium dissectum"
4137829207,"Lomatium dissectum",-118.349572,34.564622,2023,6,15,"US","HUMAN_OBSERVATION","Lomatium dissectum"
3091254220,"Lomatium dissectum",-112.012778,34.57225,2014,4,10,"US","PRESERVED_SPECIMEN","Lomatium dissectum"
2270696502,"Lomatium dissectum",-111.932,34.4498,2003,5,10,"US","PRESERVED_SPECIMEN","Lomatium dissectum"
1846552060,"Lomatium dissectum",-111.611394,34.404951,2012,3,31,"US","PRESERVED_SPECIMEN","Lomatium dissectum"
1846553481,"Lomatium dissectum",-111.576483,34.405817,2013,4,22,"US","PRESERVED_SPECIMEN","Lomatium dissectum"
3118400439,"Lomatium dissectum",-111.545325,34.201367,2021,4,8,"US","HUMAN_OBSERVATION","Lomatium dissectum"
