"gbifID","species","longitude","latitude","year","month","day","countryCode","basisOfRecord","accepted_name"
3785122722,"Lomatium californicum",-123.460586,42.871897,2022,5,18,"US","HUMAN_OBSERVATION","Lomatium californicum"
3772542570,"Lomatium californicum",-123.42331,42.666368,2022,5,5,"US","HUMAN_OBSERVATION","Lomatium californicum"
3888712418,"Lomatium californicum",-123.38821,42.58883,2022,4,16,"US","HUMAN_OBSERVATION","Lomatium californicum"
3820559521,"Lomatium californicum",-122.8164,42.58989,2012,5,28,"US","PRESERVED_SPECIMEN","Lomatium californicum"
3759087421,"Lomatium californicum",-123.707793,42.507557,2020,5,29,"US","HUMAN_OBSERVATION","Lomatium californicum"
4103094776,"Lomatium californicum",-123.475362,42.524244,2023,4,24,"US","HUMAN_OBSERVATION","Lomatium californicum"
4096522095,"Lomatium californicum",-122.842067,42.535752,2023,4,21,"US","HUMAN_OBSERVATION","Lomatium californicum"
4091794545,"Lomatium californicum",-122.890442,42.46733,2023,3,31,"US","HUMAN_OBSERVATION","Lomatium californicum"
3772905152,"Lomatium californicum",-122.851941,42.495747,2022,5,6,"US","HUMAN_OBSERVATION","Lomatium californicum"
3968366101,"Lomatium californicum",-122.998523,42.402544,2012,4,27,"US","PRESERVED_SPECIMEN","Lomatium californicum"
3759902531,"Lomatium californicum",-121.811273,42.387021,2021,5,13,"US","HUMAN_OBSERVATION","Lomatium californicum"
4121372460,"Lomatium californicum",-122.787157,42.353082,2023,5,5,"US","HUMAN_OBSERVATION","Lomatium californicum"
4069000604,"Lomatium californicum",-122.7206,42.2768,2011,6,16,"US","PRESERVED_SPECIMEN","Lomatium californicum"
3873822992,"Lomatium californicum",-122.911392,42.241333,2022,7,17,"US","HUMAN_OBSERVATION","Lomatium californicum"
3820656627,"Lomatium californicum",-123.150917,42.19375,2003,7,11,"US","PRESERVED_SPECIMEN","Lomatium californicum"
4116164105,"Lomatium californicum",-123.042287,42.169309,2023,5,11,"US","HUMAN_OBSERVATION","Lomatium californicum"
4091720292,"Lomatium californicum",-122.966392,42.175695,2023,4,15,"US","HUMAN_OBSERVATION","Lomatium californicum"
4145710347,"Lomatium californicum",-122.925353,42.172358,2023,5,27,"US","HUMAN_OBSERVATION","Lomatium californicum"
4102576957,"Lomatium californicum",-122.715335,42.192388,2023,4,27,"US","HUMAN_OBSERVATION","Lomatium californicum"
4096441869,"Lomatium californicum",-122.922272,42.15585,2023,4,19,"US","HUMAN_OBSERVATION","Lomatium californicum"
3705755871,"Lomatium californicum",-122.607806,42.134124,2022,2,20,"US","HUMAN_OBSERVATION","Lomatium californicum"
3772475798,"Lomatium californicum",-122.034583,42.115647,2022,5,4,"US","HUMAN_OBSERVATION","Lomatium californicum"
3772796261,"Lomatium californicum",-123.62777,42.014714,2022,4,28,"US","HUMAN_OBSERVATION","Lomatium californicum"
3888972452,"Lomatium californicum",-122.588955,42.037375,2022,6,21,"US","HUMAN_OBSERVATION","Lomatium californicum"
4112166654,"Lomatium californicum",-122.442955,41.977557,2023,5,3,"US","HUMAN_OBSERVATION","Lomatium californicum"
4116206436,"Lomatium californicum",-122.656034,41.712112,2022,4,17,"US","HUMAN_OBSERVATION","Lomatium californicum"
4103181919,"Lomatium californicum",-122.723595,40.981823,2023,4,27,"US","HUMAN_OBSERVATION","Lomatium californicum"
2429338839,"Lomatium californicum",-122.999206,40.808464,2018,5,28,"US","HUMAN_OBSERVATION","Lomatium californicum"
2982032801,"Lomatium californicum",-123.693647,40.763543,2005,6,24,"US","PRESERVED_SPECIMEN","Lomatium californicum"
4116568483,"Lomatium californicum",-123.54813,40.771146,2023,5,14,"US","HUMAN_OBSERVATION","Lomatium californicum"
4102890635,"Lomatium californicum",-122.8888,40.785497,2023,4,29,"US","HUMAN_OBSERVATION","Lomatium californicum"
4127144676,"Lomatium californicum",-122.670183,40.706664,2023,5,27,"US","HUMAN_OBSERVATION","Lomatium californicum"
3888874419,"Lomatium californicum",-122.751842,40.474461,2022,6,7,"US","HUMAN_OBSERVATION","Lomatium californicum"
4134099665,"Lomatium californicum",-123.462612,40.431907,2023,6,4,"US","HUMAN_OBSERVATION","Lomatium californicum"
3820744996,"Lomatium californicum",-123.259567,40.39405,2018,5,19,"US","PRESERVED_SPECIMEN","Lomatium californicum"
3112590137,"Lomatium californicum",-124.028162,40.334439,2021,5,2,"US","HUMAN_OBSERVATION","Lomatium californicum"
3070297635,"Lomatium californicum",-123.54258,40.340572,2019,5,11,"US","HUMAN_OBSERVATION","Lomatium californicum"
3889175419,"Lomatium californicum",-123.533612,40.341791,2022,6,5,"US","HUMAN_OBSERVATION","Lomatium californicum"
3888710431,"Lomatium californicum",-123.270139,40.325761,2022,5,29,"US","HUMAN_OBSERVATION","Lomatium californicum"
3889127423,"Lomatium californicum",-124.073442,40.276783,2022,5,23,"US","HUMAN_OBSERVATION","Lomatium californicum"
3112458717,"Lomatium californicum",-123.164338,39.359109,2021,5,2,"US","HUMAN_OBSERVATION","Lomatium californicum"
2418011779,"Lomatium californicum",-122.642222,39.372222,2003,6,4,"US","PRESERVED_SPECIMEN","Lomatium californicum"
3079550442,"Lomatium californicum",-123.165933,39.235006,2018,4,25,"US","HUMAN_OBSERVATION","Lomatium californicum"
3079579395,"Lomatium californicum",-123.240938,39.177183,2018,2,17,"US","HUMAN_OBSERVATION","Lomatium californicum"
3888862401,"Lomatium californicum",-123.022087,39.181103,2022,4,23,"US","HUMAN_OBSERVATION","Lomatium californicum"
3888839384,"Lomatium californicum",-123.228704,39.163227,2022,4,15,"US","HUMAN_OBSERVATION","Lomatium californicum"
3889157398,"Lomatium californicum",-122.99868,39.165512,2022,4,23,"US","HUMAN_OBSERVATION","Lomatium californicum"
3802475610,"Lomatium californicum",-122.773378,39.159436,2022,5,19,"US","HUMAN_OBSERVATION","Lomatium californicum"
4080528208,"Lomatium californicum",-122.655531,39.162936,2023,4,8,"US","HUMAN_OBSERVATION","Lomatium californicum"
4127153051,"Lomatium californicum",-122.496467,39.10825,2023,5,23,"US","HUMAN_OBSERVATION","Lomatium californicum"
2418033688,"Lomatium californicum",-122.543056,39.070278,2008,5,23,"US","PRESERVED_SPECIMEN","Lomatium californicum"
4133865479,"Lomatium californicum",-122.973038,39.04105,2023,6,1,"US","HUMAN_OBSERVATION","Lomatium californicum"
4091650412,"Lomatium californicum",-122.807053,39.016461,2023,4,16,"US","HUMAN_OBSERVATION","Lomatium californicum"
4130159984,"Lomatium californicum",-122.77832,39.006359,2023,6,6,"US","HUMAN_OBSERVATION","Lomatium californicum"
4096503309,"Lomatium californicum",-122.65513,39.002437,2019,5,3,"US","HUMAN_OBSERVATION","Lomatium californicum"
3109159248,"Lomatium californicum",-122.440513,39.027031,2021,4,25,"US","HUMAN_OBSERVATION","Lomatium californicum"
2421763668,"Lomatium californicum",-122.7975,38.997778,2013,5,4,"US","PRESERVED_SPECIMEN","Lomatium californicum"
3889090399,"Lomatium californicum",-123.092806,38.922852,2022,4,26,"US","HUMAN_OBSERVATION","Lomatium californicum"
4102630791,"Lomatium californicum",-122.899697,38.930358,2023,4,25,"US","HUMAN_OBSERVATION","Lomatium californicum"
2421709617,"Lomatium californicum",-122.353184,38.949487,2009,3,25,"US","PRESERVED_SPECIMEN","Lomatium californicum"
4111887717,"Lomatium californicum",-122.7808,38.886513,2023,5,6,"US","HUMAN_OBSERVATION","Lomatium californicum"
3113564299,"Lomatium californicum",-122.273745,38.908489,2021,5,9,"US","HUMAN_OBSERVATION","Lomatium californicum"
4102585743,"Lomatium californicum",-122.426047,38.871175,2023,4,26,"US","HUMAN_OBSERVATION","Lomatium californicum"
3773571553,"Lomatium californicum",-122.357872,38.849408,2022,5,1,"US","HUMAN_OBSERVATION","Lomatium californicum"
3058716200,"Lomatium californicum",-123.009069,38.80915,2021,3,6,"US","HUMAN_OBSERVATION","Lomatium californicum"
3079808422,"Lomatium californicum",-122.990022,38.826506,2018,3,12,"US","HUMAN_OBSERVATION","Lomatium californicum"
2626548562,"Lomatium californicum",-122.871726,38.820891,2020,5,16,"US","HUMAN_OBSERVATION","Lomatium californicum"
3067935495,"Lomatium californicum",-122.38191,38.802069,2021,3,22,"US","HUMAN_OBSERVATION","Lomatium californicum"
2609171144,"Lomatium californicum",-122.341864,38.831703,2020,4,17,"US","HUMAN_OBSERVATION","Lomatium californicum"
3307137459,"Lomatium californicum",-122.22806,38.810072,2021,5,29,"US","HUMAN_OBSERVATION","Lomatium californicum"
3888767413,"Lomatium californicum",-122.204419,38.816012,2022,3,5,"US","HUMAN_OBSERVATION","Lomatium californicum"
1838065212,"Lomatium californicum",-121.945554,38.795269,2018,4,12,"US","HUMAN_OBSERVATION","Lomatium californicum"
4075601893,"Lomatium californicum",-122.285378,38.753583,2023,3,3,"US","HUMAN_OBSERVATION","Lomatium californicum"
2366015909,"Lomatium californicum",-122.761931,38.714039,2019,4,29,"US","HUMAN_OBSERVATION","Lomatium californicum"
2251891389,"Lomatium californicum",-122.549605,38.743028,2019,5,25,"US","HUMAN_OBSERVATION","Lomatium californicum"
3338112150,"Lomatium californicum",-122.275008,38.744186,2021,4,14,"US","HUMAN_OBSERVATION","Lomatium californicum"
2634597332,"Lomatium californicum",-122.656135,38.675958,2020,5,23,"US","HUMAN_OBSERVATION","Lomatium californicum"
3888708395,"Lomatium californicum",-122.857805,38.639269,2022,4,6,"US","HUMAN_OBSERVATION","Lomatium californicum"
2235542300,"Lomatium californicum",-122.738128,38.659442,2019,4,2,"US","HUMAN_OBSERVATION","Lomatium californicum"
4130266366,"Lomatium californicum",-122.57967,38.645751,2023,6,4,"US","HUMAN_OBSERVATION","Lomatium californicum"
3090745112,"Lomatium californicum",-123.063705,38.5913,2021,4,7,"US","HUMAN_OBSERVATION","Lomatium californicum"
3112392411,"Lomatium californicum",-122.729622,38.59788,2021,4,18,"US","HUMAN_OBSERVATION","Lomatium californicum"
3070368192,"Lomatium californicum",-122.561028,38.606945,2021,3,28,"US","HUMAN_OBSERVATION","Lomatium californicum"
2421772147,"Lomatium californicum",-122.313333,38.619722,2008,4,20,"US","PRESERVED_SPECIMEN","Lomatium californicum"
2421697298,"Lomatium californicum",-122.106111,38.585306,2007,4,6,"US","PRESERVED_SPECIMEN","Lomatium californicum"
3888739478,"Lomatium californicum",-123.11663,38.579855,2022,7,6,"US","HUMAN_OBSERVATION","Lomatium californicum"
3966465482,"Lomatium californicum",-122.974729,38.571055,2022,4,12,"US","HUMAN_OBSERVATION","Lomatium californicum"
2610083451,"Lomatium californicum",-122.70722,38.56546,2018,4,23,"US","PRESERVED_SPECIMEN","Lomatium californicum"
2269203296,"Lomatium californicum",-122.556992,38.521603,2018,4,20,"US","HUMAN_OBSERVATION","Lomatium californicum"
2421689856,"Lomatium californicum",-122.149556,38.519528,2002,5,4,"US","PRESERVED_SPECIMEN","Lomatium californicum"
4035007569,"Lomatium californicum",-122.099472,38.507381,2023,2,12,"US","HUMAN_OBSERVATION","Lomatium californicum"
2421709370,"Lomatium californicum",-122.083008,38.526704,2009,4,26,"US","PRESERVED_SPECIMEN","Lomatium californicum"
3058867568,"Lomatium californicum",-122.715836,38.483914,2021,3,6,"US","HUMAN_OBSERVATION","Lomatium californicum"
3705752958,"Lomatium californicum",-122.100561,38.499994,2022,2,27,"US","HUMAN_OBSERVATION","Lomatium californicum"
2626659677,"Lomatium californicum",-122.975717,38.442447,2020,5,15,"US","HUMAN_OBSERVATION","Lomatium californicum"
4075594953,"Lomatium californicum",-122.631006,38.450583,2023,3,15,"US","HUMAN_OBSERVATION","Lomatium californicum"
4102865013,"Lomatium californicum",-122.51012,38.435777,2023,4,30,"US","HUMAN_OBSERVATION","Lomatium californicum"
1891354996,"Lomatium californicum",-122.683811,38.406556,2013,4,30,"US","HUMAN_OBSERVATION","Lomatium californicum"
2269276344,"Lomatium californicum",-122.586258,38.399075,2019,6,16,"US","HUMAN_OBSERVATION","Lomatium californicum"
4069018132,"Lomatium californicum",-122.522293,38.401234,2016,4,8,"US","PRESERVED_SPECIMEN","Lomatium californicum"
4126985698,"Lomatium californicum",-122.592531,38.344158,2023,5,28,"US","HUMAN_OBSERVATION","Lomatium californicum"
4076065850,"Lomatium californicum",-122.518333,38.355605,2023,4,3,"US","HUMAN_OBSERVATION","Lomatium californicum"
4069017286,"Lomatium californicum",-122.171051,38.35799,2016,5,13,"US","PRESERVED_SPECIMEN","Lomatium californicum"
3059149973,"Lomatium californicum",-122.004663,38.338694,2021,3,6,"US","HUMAN_OBSERVATION","Lomatium californicum"
3888742399,"Lomatium californicum",-122.592914,38.318798,2022,3,27,"US","HUMAN_OBSERVATION","Lomatium californicum"
4039422345,"Lomatium californicum",-122.130958,38.240594,2023,2,19,"US","HUMAN_OBSERVATION","Lomatium californicum"
3059703323,"Lomatium californicum",-122.1183,38.2264,2008,5,13,"US","PRESERVED_SPECIMEN","Lomatium californicum"
3018016316,"Lomatium californicum",-122.786207,38.139556,2018,4,30,"US","HUMAN_OBSERVATION","Lomatium californicum"
1088888153,"Lomatium californicum",-122.593367,38.129221,2011,2,20,"US","HUMAN_OBSERVATION","Lomatium californicum"
2540734555,"Lomatium californicum",-122.823194,38.118571,2016,4,23,"US","HUMAN_OBSERVATION","Lomatium californicum"
3039246373,"Lomatium californicum",-122.737781,38.086135,2019,3,1,"US","HUMAN_OBSERVATION","Lomatium californicum"
2418039539,"Lomatium californicum",-122.613611,38.043889,2006,5,10,"US","PRESERVED_SPECIMEN","Lomatium californicum"
3097314227,"Lomatium californicum",-122.664147,38.016931,2021,4,9,"US","HUMAN_OBSERVATION","Lomatium californicum"
4116105618,"Lomatium californicum",-122.600403,37.965737,2023,4,29,"US","HUMAN_OBSERVATION","Lomatium californicum"
3888899384,"Lomatium californicum",-122.552405,37.994637,2022,4,2,"US","HUMAN_OBSERVATION","Lomatium californicum"
4112054559,"Lomatium californicum",-122.593413,37.94583,2023,5,3,"US","HUMAN_OBSERVATION","Lomatium californicum"
4405265009,"Lomatium californicum",-122.244255,37.89386,2023,8,22,"US","HUMAN_OBSERVATION","Lomatium californicum"
3759580206,"Lomatium californicum",-121.91002,37.884262,2022,3,27,"US","HUMAN_OBSERVATION","Lomatium californicum"
3070755865,"Lomatium californicum",-121.859287,37.888612,2021,3,25,"US","HUMAN_OBSERVATION","Lomatium californicum"
1500250337,"Lomatium californicum",-121.924426,37.870119,2017,4,16,"US","HUMAN_OBSERVATION","Lomatium californicum"
1899760048,"Lomatium californicum",-121.797354,37.83791,2017,3,29,"US","HUMAN_OBSERVATION","Lomatium californicum"
4116095618,"Lomatium californicum",-122.45069,37.61403,2023,4,10,"US","HUMAN_OBSERVATION","Lomatium californicum"
2236291485,"Lomatium californicum",-122.438033,37.575212,2019,4,10,"US","HUMAN_OBSERVATION","Lomatium californicum"
3888969386,"Lomatium californicum",-121.570105,37.547913,2022,4,26,"US","HUMAN_OBSERVATION","Lomatium californicum"
3889202401,"Lomatium californicum",-122.352631,37.531352,2022,3,30,"US","HUMAN_OBSERVATION","Lomatium californicum"
2823153427,"Lomatium californicum",-122.30133,37.500692,2020,6,12,"US","HUMAN_OBSERVATION","Lomatium californicum"
4096659869,"Lomatium californicum",-121.8203,37.53252,2023,4,23,"US","HUMAN_OBSERVATION","Lomatium californicum"
4046421886,"Lomatium californicum",-122.287624,37.468823,2023,2,22,"US","HUMAN_OBSERVATION","Lomatium californicum"
3079918868,"Lomatium californicum",-122.218661,37.488554,2021,4,2,"US","HUMAN_OBSERVATION","Lomatium californicum"
3889015304,"Lomatium californicum",-121.776216,37.497693,2017,4,19,"US","HUMAN_OBSERVATION","Lomatium californicum"
3888752452,"Lomatium californicum",-121.744417,37.488908,2022,5,30,"US","HUMAN_OBSERVATION","Lomatium californicum"
4063132321,"Lomatium californicum",-122.217546,37.443667,2023,3,13,"US","HUMAN_OBSERVATION","Lomatium californicum"
4116282517,"Lomatium californicum",-122.182353,37.366643,2023,3,15,"US","HUMAN_OBSERVATION","Lomatium californicum"
4102748064,"Lomatium californicum",-121.573304,37.357537,2023,4,30,"US","HUMAN_OBSERVATION","Lomatium californicum"
2459162765,"Lomatium californicum",-121.533417,37.31311,2000,4,20,"US","PRESERVED_SPECIMEN","Lomatium californicum"
4103189798,"Lomatium californicum",-121.437212,37.232597,2023,4,24,"US","HUMAN_OBSERVATION","Lomatium californicum"
4111772304,"Lomatium californicum",-121.502158,37.177553,2018,4,14,"US","HUMAN_OBSERVATION","Lomatium californicum"
4102670245,"Lomatium californicum",-121.440623,37.184368,2023,4,26,"US","HUMAN_OBSERVATION","Lomatium californicum"
4076244157,"Lomatium californicum",-121.037828,36.64897,2023,3,22,"US","HUMAN_OBSERVATION","Lomatium californicum"
1265548342,"Lomatium californicum",-121.170955,36.581775,2016,3,29,"US","HUMAN_OBSERVATION","Lomatium californicum"
4096516187,"Lomatium californicum",-121.18145,36.501617,2023,4,18,"US","HUMAN_OBSERVATION","Lomatium californicum"
4096884922,"Lomatium californicum",-121.184037,36.482792,2023,4,19,"US","HUMAN_OBSERVATION","Lomatium californicum"
3773154698,"Lomatium californicum",-120.984412,36.308489,2022,4,30,"US","HUMAN_OBSERVATION","Lomatium californicum"
2238806544,"Lomatium californicum",-120.957847,36.281819,2019,4,24,"US","HUMAN_OBSERVATION","Lomatium californicum"
4116051671,"Lomatium californicum",-120.471681,36.00005,2023,5,5,"US","HUMAN_OBSERVATION","Lomatium californicum"
2270200344,"Lomatium californicum",-121.071808,35.711788,2004,4,15,"US","PRESERVED_SPECIMEN","Lomatium californicum"
2432122493,"Lomatium californicum",-120.834749,35.65606,2019,3,19,"US","PRESERVED_SPECIMEN","Lomatium californicum"
3461011975,"Lomatium californicum",-120.94778,35.6167,2018,4,30,"US","PRESERVED_SPECIMEN","Lomatium californicum"
2270198507,"Lomatium californicum",-120.764453,35.523228,2012,3,29,"US","PRESERVED_SPECIMEN","Lomatium californicum"
2270199203,"Lomatium californicum",-120.69647,35.463814,2001,4,7,"US","PRESERVED_SPECIMEN","Lomatium californicum"
2422504939,"Lomatium californicum",-118.27192,35.32489,2012,6,19,"US","PRESERVED_SPECIMEN","Lomatium californicum"
2430125869,"Lomatium californicum",-120.2692,35.21683,2014,5,14,"US","PRESERVED_SPECIMEN","Lomatium californicum"
2270196185,"Lomatium californicum",-120.243456,35.23676,2013,5,2,"US","PRESERVED_SPECIMEN","Lomatium californicum"
2423168444,"Lomatium californicum",-118.232467,35.208733,2019,6,3,"US","HUMAN_OBSERVATION","Lomatium californicum"
2422513933,"Lomatium californicum",-118.55753,35.13311,2016,4,13,"US","PRESERVED_SPECIMEN","Lomatium californicum"
4103064331,"Lomatium californicum",-118.653195,35.074347,2020,5,9,"US","HUMAN_OBSERVATION","Lomatium californicum"
2430494367,"Lomatium californicum",-118.60242,34.961907,2014,6,25,"US","PRESERVED_SPECIMEN","Lomatium californicum"
3059703329,"Lomatium californicum",-119.9181,34.9431,2005,6,4,"US","PRESERVED_SPECIMEN","Lomatium californicum"
2422525022,"Lomatium californicum",-119.27278,34.92556,2004,5,4,"US","PRESERVED_SPECIMEN","Lomatium californicum"
2422523951,"Lomatium californicum",-119.20139,34.94028,2004,5,5,"US","PRESERVED_SPECIMEN","Lomatium californicum"
2430444610,"Lomatium californicum",-118.64325,34.939003,2015,6,13,"US","PRESERVED_SPECIMEN","Lomatium californicum"
1831104511,"Lomatium californicum",-118.572326,34.930077,2015,5,9,"US","HUMAN_OBSERVATION","Lomatium californicum"
2430303984,"Lomatium californicum",-119.3897,34.9021,2011,4,24,"US","PRESERVED_SPECIMEN","Lomatium californicum"
3343886371,"Lomatium californicum",-118.916275,34.88475,2020,5,31,"US","HUMAN_OBSERVATION","Lomatium californicum"
2422436509,"Lomatium californicum",-118.79528,34.89722,2007,5,25,"US","PRESERVED_SPECIMEN","Lomatium californicum"
2422436474,"Lomatium californicum",-118.78833,34.89528,2007,5,24,"US","PRESERVED_SPECIMEN","Lomatium californicum"
2422435411,"Lomatium californicum",-118.72722,34.90917,2007,6,12,"US","PRESERVED_SPECIMEN","Lomatium californicum"
2421777873,"Lomatium californicum",-118.73708,34.841208,2014,5,3,"US","PRESERVED_SPECIMEN","Lomatium californicum"
2311329274,"Lomatium californicum",-119.090167,34.833306,2019,7,26,"US","HUMAN_OBSERVATION","Lomatium californicum"
2421752974,"Lomatium californicum",-118.854444,34.817778,2005,6,17,"US","PRESERVED_SPECIMEN","Lomatium californicum"
3355385918,"Lomatium californicum",-119.000419,34.788517,2021,8,27,"US","HUMAN_OBSERVATION","Lomatium californicum"
3888875428,"Lomatium californicum",-118.993826,34.784275,2022,6,14,"US","HUMAN_OBSERVATION","Lomatium californicum"
3053462649,"Lomatium californicum",-119.81382,34.7112,2018,7,12,"US","PRESERVED_SPECIMEN","Lomatium californicum"
3117801984,"Lomatium californicum",-119.68589,34.70264,2021,5,15,"US","HUMAN_OBSERVATION","Lomatium californicum"
4137735007,"Lomatium californicum",-118.547161,34.687228,2023,6,13,"US","HUMAN_OBSERVATION","Lomatium californicum"
3343808372,"Lomatium californicum",-118.535103,34.686408,2019,5,27,"US","HUMAN_OBSERVATION","Lomatium californicum"
3053466858,"Lomatium californicum",-119.324,34.5942,2013,6,7,"US","PRESERVED_SPECIMEN","Lomatium californicum"
3053488406,"Lomatium californicum",-119.102887,34.50527,2020,5,13,"US","PRESERVED_SPECIMEN","Lomatium californicum"
3888831407,"Lomatium californicum",-118.86567,34.468828,2022,4,5,"US","HUMAN_OBSERVATION","Lomatium californicum"
3343970374,"Lomatium californicum",-118.903045,34.451558,2020,5,29,"US","HUMAN_OBSERVATION","Lomatium californicum"
