"gbifID","species","longitude","latitude","year","month","day","countryCode","basisOfRecord","accepted_name"
1929908108,"Lomatium parryi",-108.2593,39.2448,2010,5,2,"US","PRESERVED_SPECIMEN","Lomatium parryi"
4465577748,"Lomatium parryi",-109.609165,38.793381,2023,3,15,"US","HUMAN_OBSERVATION","Lomatium parryi"
4600051444,"Lomatium parryi",-109.605119,38.753688,2024,3,11,"US","HUMAN_OBSERVATION","Lomatium parryi"
4116116655,"Lomatium parryi",-109.592514,38.733081,2023,3,23,"US","HUMAN_OBSERVATION","Lomatium parryi"
2596340542,"Lomatium parryi",-109.497224,38.73454,2019,4,20,"US","HUMAN_OBSERVATION","Lomatium parryi"
3091256382,"Lomatium parryi",-109.251333,38.435278,2016,8,18,"US","PRESERVED_SPECIMEN","Lomatium parryi"
4453967892,"Lomatium parryi",-109.697255,38.260155,2023,8,17,"US","HUMAN_OBSERVATION","Lomatium parryi"
4404954374,"Lomatium parryi",-115.64215,38.162,2020,6,9,"US","PRESERVED_SPECIMEN","Lomatium parryi"
4067648011,"Lomatium parryi",-109.827827,38.140432,2023,3,13,"US","HUMAN_OBSERVATION","Lomatium parryi"
3892390524,"Lomatium parryi",-109.754922,38.156833,2022,6,22,"US","HUMAN_OBSERVATION","Lomatium parryi"
4405087550,"Lomatium parryi",-109.841219,38.123028,2023,5,8,"US","HUMAN_OBSERVATION","Lomatium parryi"
3302139601,"Lomatium parryi",-109.795746,38.108896,2021,5,2,"US","HUMAN_OBSERVATION","Lomatium parryi"
3759250788,"Lomatium parryi",-109.783627,38.123222,2022,4,3,"US","HUMAN_OBSERVATION","Lomatium parryi"
3773609647,"Lomatium parryi",-109.733088,38.060665,2022,5,11,"US","HUMAN_OBSERVATION","Lomatium parryi"
3118246970,"Lomatium parryi",-115.726958,38.009564,2021,5,12,"US","HUMAN_OBSERVATION","Lomatium parryi"
4600008504,"Lomatium parryi",-109.692866,38.031971,2024,3,1,"US","HUMAN_OBSERVATION","Lomatium parryi"
4912106074,"Lomatium parryi",-110.79611,37.94833,2021,5,31,"US","PRESERVED_SPECIMEN","Lomatium parryi"
3091267332,"Lomatium parryi",-110.099967,37.87705,2016,5,25,"US","PRESERVED_SPECIMEN","Lomatium parryi"
415730407,"Lomatium parryi",-115.498889,37.850278,2005,5,19,"US","PRESERVED_SPECIMEN","Lomatium parryi"
4404962218,"Lomatium parryi",-115.443322,37.872322,2019,6,5,"US","PRESERVED_SPECIMEN","Lomatium parryi"
3097298410,"Lomatium parryi",-115.167253,37.859825,2020,7,11,"US","HUMAN_OBSERVATION","Lomatium parryi"
3302411344,"Lomatium parryi",-115.163056,37.8675,2021,6,6,"US","HUMAN_OBSERVATION","Lomatium parryi"
4399264343,"Lomatium parryi",-115.445525,37.797179,2018,4,16,"US","PRESERVED_SPECIMEN","Lomatium parryi"
3302111448,"Lomatium parryi",-115.20198,37.81722,2021,6,4,"US","HUMAN_OBSERVATION","Lomatium parryi"
3759245790,"Lomatium parryi",-115.033645,37.810983,2022,3,27,"US","HUMAN_OBSERVATION","Lomatium parryi"
4404928285,"Lomatium parryi",-115.20991,37.71496,2018,4,29,"US","PRESERVED_SPECIMEN","Lomatium parryi"
3302483795,"Lomatium parryi",-115.386629,37.67421,2021,6,4,"US","HUMAN_OBSERVATION","Lomatium parryi"
4126386020,"Lomatium parryi",-114.98541,37.68356,2007,6,22,"US","PRESERVED_SPECIMEN","Lomatium parryi"
3124587511,"Lomatium parryi",-115.400872,37.64587,2021,5,10,"US","HUMAN_OBSERVATION","Lomatium parryi"
2268953110,"Lomatium parryi",-115.377956,37.606313,2017,5,18,"US","PRESERVED_SPECIMEN","Lomatium parryi"
3759167199,"Lomatium parryi",-115.344206,37.604926,2022,3,25,"US","HUMAN_OBSERVATION","Lomatium parryi"
4404959338,"Lomatium parryi",-115.163019,37.607497,2015,5,1,"US","PRESERVED_SPECIMEN","Lomatium parryi"
4034653537,"Lomatium parryi",-110.030731,37.596572,2022,6,27,"US","HUMAN_OBSERVATION","Lomatium parryi"
3091204878,"Lomatium parryi",-110.946221,37.5555,2005,4,12,"US","PRESERVED_SPECIMEN","Lomatium parryi"
4920416116,"Lomatium parryi",-110.038339,37.582303,2010,12,NA,"US","PRESERVED_SPECIMEN","Lomatium parryi"
4126386028,"Lomatium parryi",-115.04966,37.45899,2009,5,1,"US","PRESERVED_SPECIMEN","Lomatium parryi"
4111572001,"Lomatium parryi",-114.994605,37.481125,2023,5,2,"US","HUMAN_OBSERVATION","Lomatium parryi"
4069047276,"Lomatium parryi",-110.0898,37.47478,2022,4,21,"US","PRESERVED_SPECIMEN","Lomatium parryi"
4920418872,"Lomatium parryi",-109.927778,37.481944,2006,9,6,"US","PRESERVED_SPECIMEN","Lomatium parryi"
4009851635,"Lomatium parryi",-110.020728,37.453075,2021,7,11,"US","HUMAN_OBSERVATION","Lomatium parryi"
4069001340,"Lomatium parryi",-109.95599,37.42823,2022,4,18,"US","PRESERVED_SPECIMEN","Lomatium parryi"
4404898570,"Lomatium parryi",-115.285365,37.341762,2017,5,14,"US","PRESERVED_SPECIMEN","Lomatium parryi"
3079801200,"Lomatium parryi",-115.247063,37.365878,2021,3,28,"US","HUMAN_OBSERVATION","Lomatium parryi"
4920407477,"Lomatium parryi",-113.324444,37.350278,2012,10,18,"US","PRESERVED_SPECIMEN","Lomatium parryi"
3067731226,"Lomatium parryi",-110.050556,37.363133,2021,3,21,"US","HUMAN_OBSERVATION","Lomatium parryi"
4054987619,"Lomatium parryi",-117.742561,37.293412,2019,5,4,"US","HUMAN_OBSERVATION","Lomatium parryi"
4920423633,"Lomatium parryi",-113.909444,37.325556,2011,12,22,"US","PRESERVED_SPECIMEN","Lomatium parryi"
4912150870,"Lomatium parryi",-113.31954,37.32404,2014,4,18,"US","PRESERVED_SPECIMEN","Lomatium parryi"
4430904670,"Lomatium parryi",-109.9071,37.2942,2021,9,1,"US","HUMAN_OBSERVATION","Lomatium parryi"
4608095088,"Lomatium parryi",-117.67722,37.27852,2019,6,9,"US","PRESERVED_SPECIMEN","Lomatium parryi"
4080865589,"Lomatium parryi",-113.398103,37.268125,2023,4,7,"US","HUMAN_OBSERVATION","Lomatium parryi"
4068947454,"Lomatium parryi",-113.362989,37.270597,2018,5,19,"US","PRESERVED_SPECIMEN","Lomatium parryi"
4867588452,"Lomatium parryi",-112.956203,37.257983,2024,5,16,"US","HUMAN_OBSERVATION","Lomatium parryi"
4034796459,"Lomatium parryi",-113.646408,37.214875,2022,4,11,"US","HUMAN_OBSERVATION","Lomatium parryi"
2270501560,"Lomatium parryi",-113.513817,37.241567,2013,5,8,"US","PRESERVED_SPECIMEN","Lomatium parryi"
4068894379,"Lomatium parryi",-113.4669,37.2217,2010,4,19,"US","PRESERVED_SPECIMEN","Lomatium parryi"
4453864642,"Lomatium parryi",-113.44877,37.210563,2023,2,21,"US","HUMAN_OBSERVATION","Lomatium parryi"
3091254099,"Lomatium parryi",-109.976333,37.236944,2014,5,9,"US","PRESERVED_SPECIMEN","Lomatium parryi"
2851260405,"Lomatium parryi",-117.690617,37.201672,2016,4,17,"US","HUMAN_OBSERVATION","Lomatium parryi"
4607327240,"Lomatium parryi",-113.703112,37.18458,2024,4,10,"US","HUMAN_OBSERVATION","Lomatium parryi"
4606826266,"Lomatium parryi",-113.650169,37.199426,2024,3,29,"US","HUMAN_OBSERVATION","Lomatium parryi"
4597474144,"Lomatium parryi",-113.691448,37.134259,2024,3,17,"US","HUMAN_OBSERVATION","Lomatium parryi"
4606819513,"Lomatium parryi",-113.591512,37.1269,2024,3,28,"US","HUMAN_OBSERVATION","Lomatium parryi"
3091289197,"Lomatium parryi",-110.8541258,37.1357626,2010,5,19,"US","PRESERVED_SPECIMEN","Lomatium parryi"
1846494560,"Lomatium parryi",-110.8842,37.09945,2001,4,25,"US","PRESERVED_SPECIMEN","Lomatium parryi"
1846494527,"Lomatium parryi",-110.8381,37.10257,2001,4,24,"US","PRESERVED_SPECIMEN","Lomatium parryi"
1928510692,"Lomatium parryi",-113.8174,37.0769,2000,6,1,"US","PRESERVED_SPECIMEN","Lomatium parryi"
2270519465,"Lomatium parryi",-110.9383,37.06578,2001,4,24,"US","PRESERVED_SPECIMEN","Lomatium parryi"
4919658209,"Lomatium parryi",-110.847662,37.017432,2023,7,20,"US","HUMAN_OBSERVATION","Lomatium parryi"
3091211380,"Lomatium parryi",-111.072931,36.98995,2014,4,19,"US","PRESERVED_SPECIMEN","Lomatium parryi"
3091272044,"Lomatium parryi",-110.9577,36.966817,2016,5,18,"US","PRESERVED_SPECIMEN","Lomatium parryi"
3091224188,"Lomatium parryi",-110.1072415,36.8765988,2003,5,6,"US","PRESERVED_SPECIMEN","Lomatium parryi"
2579399582,"Lomatium parryi",-117.034363,36.829277,2020,3,3,"US","HUMAN_OBSERVATION","Lomatium parryi"
3091265015,"Lomatium parryi",-110.5043109,36.8116378,2004,5,18,"US","PRESERVED_SPECIMEN","Lomatium parryi"
2422514201,"Lomatium parryi",-117.48028,36.75778,2000,5,11,"US","PRESERVED_SPECIMEN","Lomatium parryi"
4606626486,"Lomatium parryi",-117.524069,36.747433,2024,3,4,"US","HUMAN_OBSERVATION","Lomatium parryi"
2270473743,"Lomatium parryi",-114.137,36.6637,2009,5,8,"US","PRESERVED_SPECIMEN","Lomatium parryi"
4597288875,"Lomatium parryi",-117.536237,36.619918,2024,3,4,"US","HUMAN_OBSERVATION","Lomatium parryi"
2609217206,"Lomatium parryi",-114.906045,36.600997,2020,4,18,"US","HUMAN_OBSERVATION","Lomatium parryi"
4138497080,"Lomatium parryi",-115.107306,36.531819,2023,5,19,"US","HUMAN_OBSERVATION","Lomatium parryi"
4137900072,"Lomatium parryi",-115.268062,36.443616,2023,5,19,"US","HUMAN_OBSERVATION","Lomatium parryi"
2270473814,"Lomatium parryi",-114.114,36.3822,2009,4,22,"US","PRESERVED_SPECIMEN","Lomatium parryi"
4453704673,"Lomatium parryi",-113.732491,36.37381,2023,5,25,"US","HUMAN_OBSERVATION","Lomatium parryi"
3079873194,"Lomatium parryi",-114.694031,36.298922,2021,4,3,"US","HUMAN_OBSERVATION","Lomatium parryi"
4404954419,"Lomatium parryi",-114.0794,36.318933,2017,3,19,"US","PRESERVED_SPECIMEN","Lomatium parryi"
3097340384,"Lomatium parryi",-117.077871,36.251702,2021,4,17,"US","HUMAN_OBSERVATION","Lomatium parryi"
4453687006,"Lomatium parryi",-117.071106,36.235299,2023,6,29,"US","HUMAN_OBSERVATION","Lomatium parryi"
1807327949,"Lomatium parryi",-115.40186,36.212941,2018,2,8,"US","HUMAN_OBSERVATION","Lomatium parryi"
3712624322,"Lomatium parryi",-117.065239,36.185036,2018,10,5,"US","HUMAN_OBSERVATION","Lomatium parryi"
3059161144,"Lomatium parryi",-115.504762,36.181422,2021,3,10,"US","HUMAN_OBSERVATION","Lomatium parryi"
3039164732,"Lomatium parryi",-115.473268,36.171314,2019,1,30,"US","HUMAN_OBSERVATION","Lomatium parryi"
4062672308,"Lomatium parryi",-115.448312,36.183842,2023,3,13,"US","HUMAN_OBSERVATION","Lomatium parryi"
3712647321,"Lomatium parryi",-117.080086,36.150661,2019,6,22,"US","HUMAN_OBSERVATION","Lomatium parryi"
1831097840,"Lomatium parryi",-115.500648,36.15961,2018,2,15,"US","HUMAN_OBSERVATION","Lomatium parryi"
1831191831,"Lomatium parryi",-115.497605,36.155931,2018,2,15,"US","HUMAN_OBSERVATION","Lomatium parryi"
4525250825,"Lomatium parryi",-115.418872,36.147294,2024,2,16,"US","HUMAN_OBSERVATION","Lomatium parryi"
2597875524,"Lomatium parryi",-115.412317,36.163772,2020,4,3,"US","HUMAN_OBSERVATION","Lomatium parryi"
3747028801,"Lomatium parryi",-115.572542,36.124225,2022,3,20,"US","HUMAN_OBSERVATION","Lomatium parryi"
4453675579,"Lomatium parryi",-115.519853,36.099992,2022,5,15,"US","HUMAN_OBSERVATION","Lomatium parryi"
3070772712,"Lomatium parryi",-115.495559,36.085711,2021,3,26,"US","HUMAN_OBSERVATION","Lomatium parryi"
2576402580,"Lomatium parryi",-115.500106,36.059403,2020,2,29,"US","HUMAN_OBSERVATION","Lomatium parryi"
3068056927,"Lomatium parryi",-115.499695,36.059845,2021,3,23,"US","HUMAN_OBSERVATION","Lomatium parryi"
4465368759,"Lomatium parryi",-115.4628,36.03612,2023,3,13,"US","HUMAN_OBSERVATION","Lomatium parryi"
4599714382,"Lomatium parryi",-115.455297,36.012542,2020,3,12,"US","HUMAN_OBSERVATION","Lomatium parryi"
2580087107,"Lomatium parryi",-115.474328,35.999522,2020,3,12,"US","HUMAN_OBSERVATION","Lomatium parryi"
2579268340,"Lomatium parryi",-115.90915,35.750647,2020,3,6,"US","HUMAN_OBSERVATION","Lomatium parryi"
2579368445,"Lomatium parryi",-115.905189,35.745158,2020,3,6,"US","HUMAN_OBSERVATION","Lomatium parryi"
3947118540,"Lomatium parryi",-115.572067,35.536553,2022,4,21,"US","HUMAN_OBSERVATION","Lomatium parryi"
2430423693,"Lomatium parryi",-115.54936,35.43355,2015,4,29,"US","PRESERVED_SPECIMEN","Lomatium parryi"
2430361493,"Lomatium parryi",-115.30185,35.265133,2015,4,9,"US","PRESERVED_SPECIMEN","Lomatium parryi"
4404909478,"Lomatium parryi",-114.752597,35.263623,2016,3,23,"US","PRESERVED_SPECIMEN","Lomatium parryi"
2422497191,"Lomatium parryi",-114.74615,35.25962,2012,3,29,"US","PRESERVED_SPECIMEN","Lomatium parryi"
2422487203,"Lomatium parryi",-115.4896,35.02903,2011,5,1,"US","PRESERVED_SPECIMEN","Lomatium parryi"
2430136792,"Lomatium parryi",-115.686833,34.789667,2001,5,5,"US","PRESERVED_SPECIMEN","Lomatium parryi"
2422452046,"Lomatium parryi",-115.80353,34.67414,2008,2,16,"US","PRESERVED_SPECIMEN","Lomatium parryi"
