"gbifID","species","longitude","latitude","year","month","day","countryCode","basisOfRecord","accepted_name"
4069036762,"Lomatium marginatum",-122.5302,41.435,2021,6,6,"US","PRESERVED_SPECIMEN","Lomatium marginatum"
4068908302,"Lomatium marginatum",-122.40834,41.02995,2021,6,6,"US","PRESERVED_SPECIMEN","Lomatium marginatum"
4076348895,"Lomatium marginatum",-122.526244,40.631317,2023,3,27,"US","HUMAN_OBSERVATION","Lomatium marginatum"
3097264507,"Lomatium marginatum",-122.518661,40.623675,2021,3,13,"US","HUMAN_OBSERVATION","Lomatium marginatum"
2418038220,"Lomatium marginatum",-122.035833,40.196944,2010,4,6,"US","PRESERVED_SPECIMEN","Lomatium marginatum"
2418047921,"Lomatium marginatum",-121.917778,40.196944,2009,4,25,"US","PRESERVED_SPECIMEN","Lomatium marginatum"
2418053958,"Lomatium marginatum",-121.577222,39.8475,2017,4,30,"US","PRESERVED_SPECIMEN","Lomatium marginatum"
2417999508,"Lomatium marginatum",-122.670278,39.825556,2001,5,30,"US","PRESERVED_SPECIMEN","Lomatium marginatum"
4070450412,"Lomatium marginatum",-122.412778,39.800833,2022,1,31,"US","PRESERVED_SPECIMEN","Lomatium marginatum"
4076411778,"Lomatium marginatum",-121.573342,39.814422,2023,4,3,"US","HUMAN_OBSERVATION","Lomatium marginatum"
2418010740,"Lomatium marginatum",-121.483889,39.803056,2009,3,19,"US","PRESERVED_SPECIMEN","Lomatium marginatum"
2418003079,"Lomatium marginatum",-122.524167,39.788611,2002,3,28,"US","PRESERVED_SPECIMEN","Lomatium marginatum"
2595831532,"Lomatium marginatum",-121.555167,39.763056,2019,5,10,"US","PRESERVED_SPECIMEN","Lomatium marginatum"
2418057108,"Lomatium marginatum",-121.478889,39.780833,2012,6,23,"US","PRESERVED_SPECIMEN","Lomatium marginatum"
4075679585,"Lomatium marginatum",-121.532866,39.673199,2022,3,12,"US","HUMAN_OBSERVATION","Lomatium marginatum"
2430133910,"Lomatium marginatum",-122.598827,39.64616,2014,3,24,"US","PRESERVED_SPECIMEN","Lomatium marginatum"
2418044290,"Lomatium marginatum",-121.550556,39.598889,2006,5,8,"US","PRESERVED_SPECIMEN","Lomatium marginatum"
2626908309,"Lomatium marginatum",-121.444444,39.5175,2019,5,14,"US","PRESERVED_SPECIMEN","Lomatium marginatum"
2418045182,"Lomatium marginatum",-121.316667,39.526944,2016,6,4,"US","PRESERVED_SPECIMEN","Lomatium marginatum"
2418054112,"Lomatium marginatum",-121.291944,39.465,2006,5,24,"US","PRESERVED_SPECIMEN","Lomatium marginatum"
2421738531,"Lomatium marginatum",-121.245,39.421667,2008,5,5,"US","PRESERVED_SPECIMEN","Lomatium marginatum"
2418055855,"Lomatium marginatum",-122.598611,39.411667,2011,5,11,"US","PRESERVED_SPECIMEN","Lomatium marginatum"
2418044321,"Lomatium marginatum",-121.487778,39.349722,2016,5,14,"US","PRESERVED_SPECIMEN","Lomatium marginatum"
4171326506,"Lomatium marginatum",-121.124987,39.209855,2023,6,5,"US","HUMAN_OBSERVATION","Lomatium marginatum"
3773084085,"Lomatium marginatum",-121.043841,39.21871,2022,5,3,"US","HUMAN_OBSERVATION","Lomatium marginatum"
2854883303,"Lomatium marginatum",-121.10614,39.17612,2020,5,3,"US","PRESERVED_SPECIMEN","Lomatium marginatum"
2421711772,"Lomatium marginatum",-122.473333,38.93,2010,5,12,"US","PRESERVED_SPECIMEN","Lomatium marginatum"
2238772466,"Lomatium marginatum",-122.385843,38.844505,2018,4,30,"US","HUMAN_OBSERVATION","Lomatium marginatum"
4041225431,"Lomatium marginatum",-122.370556,38.856389,2002,4,13,"US","PRESERVED_SPECIMEN","Lomatium marginatum"
2422442335,"Lomatium marginatum",-120.81861,38.8725,2008,4,25,"US","PRESERVED_SPECIMEN","Lomatium marginatum"
4096543373,"Lomatium marginatum",-122.373931,38.811531,2021,3,5,"US","HUMAN_OBSERVATION","Lomatium marginatum"
2421778191,"Lomatium marginatum",-122.322772,38.808836,2015,3,7,"US","PRESERVED_SPECIMEN","Lomatium marginatum"
2238787315,"Lomatium marginatum",-122.575997,38.777697,2019,4,7,"US","HUMAN_OBSERVATION","Lomatium marginatum"
1841259526,"Lomatium marginatum",-122.762495,38.732682,2018,4,29,"US","HUMAN_OBSERVATION","Lomatium marginatum"
3090900685,"Lomatium marginatum",-122.476369,38.710675,2021,4,10,"US","HUMAN_OBSERVATION","Lomatium marginatum"
2422477192,"Lomatium marginatum",-120.82944,38.71472,2011,4,12,"US","PRESERVED_SPECIMEN","Lomatium marginatum"
1986635162,"Lomatium marginatum",-122.578776,38.678351,2014,4,29,"US","HUMAN_OBSERVATION","Lomatium marginatum"
3090906595,"Lomatium marginatum",-122.447833,38.697239,2021,4,10,"US","HUMAN_OBSERVATION","Lomatium marginatum"
3090695230,"Lomatium marginatum",-122.408787,38.69772,2021,4,9,"US","HUMAN_OBSERVATION","Lomatium marginatum"
3759542332,"Lomatium marginatum",-122.502731,38.653603,2022,4,15,"US","HUMAN_OBSERVATION","Lomatium marginatum"
3005245182,"Lomatium marginatum",-121.218278,38.651433,2018,3,10,"US","HUMAN_OBSERVATION","Lomatium marginatum"
4069044689,"Lomatium marginatum",-122.252464,38.57758,2016,5,13,"US","PRESERVED_SPECIMEN","Lomatium marginatum"
3343977440,"Lomatium marginatum",-122.22307,38.529063,2021,2,28,"US","HUMAN_OBSERVATION","Lomatium marginatum"
2270204653,"Lomatium marginatum",-120.756836,38.275642,2002,5,17,"US","PRESERVED_SPECIMEN","Lomatium marginatum"
1457587568,"Lomatium marginatum",-120.700811,38.221241,2017,3,26,"US","HUMAN_OBSERVATION","Lomatium marginatum"
2421708401,"Lomatium marginatum",-120.37846,37.816413,2005,5,2,"US","PRESERVED_SPECIMEN","Lomatium marginatum"
4069034779,"Lomatium marginatum",-120.184608,37.65852,2016,4,17,"US","PRESERVED_SPECIMEN","Lomatium marginatum"
4069034670,"Lomatium marginatum",-120.142128,37.649429,2016,4,3,"US","PRESERVED_SPECIMEN","Lomatium marginatum"
4069008216,"Lomatium marginatum",-120.184608,37.616646,2016,4,3,"US","PRESERVED_SPECIMEN","Lomatium marginatum"
2421707409,"Lomatium marginatum",-120.136592,37.617737,2005,4,18,"US","PRESERVED_SPECIMEN","Lomatium marginatum"
2421709347,"Lomatium marginatum",-120.130046,37.563775,2006,4,27,"US","PRESERVED_SPECIMEN","Lomatium marginatum"
