"gbifID","species","longitude","latitude","year","month","day","countryCode","basisOfRecord","accepted_name"
3872881006,"Lomatium triternatum",-115.588364,51.196716,2022,6,11,"CA","HUMAN_OBSERVATION","Lomatium triternatum"
2856488432,"Lomatium triternatum",-115.552648,51.177711,2020,7,6,"CA","HUMAN_OBSERVATION","Lomatium triternatum"
3859395527,"Lomatium triternatum",-115.372905,51.134386,2022,5,26,"CA","HUMAN_OBSERVATION","Lomatium triternatum"
3858573501,"Lomatium triternatum",-116.066161,50.633795,2022,6,12,"CA","HUMAN_OBSERVATION","Lomatium triternatum"
3860122346,"Lomatium triternatum",-116.034389,50.586088,2022,5,19,"CA","HUMAN_OBSERVATION","Lomatium triternatum"
3772476700,"Lomatium triternatum",-116.120155,50.550028,2022,5,4,"CA","HUMAN_OBSERVATION","Lomatium triternatum"
3773093095,"Lomatium triternatum",-116.043462,50.570936,2022,4,29,"CA","HUMAN_OBSERVATION","Lomatium triternatum"
4126695734,"Lomatium triternatum",-116.037919,50.57027,2023,5,21,"CA","HUMAN_OBSERVATION","Lomatium triternatum"
4116112576,"Lomatium triternatum",-116.009881,50.516412,2023,5,9,"CA","HUMAN_OBSERVATION","Lomatium triternatum"
2620162548,"Lomatium triternatum",-115.992356,50.538197,2020,5,2,"CA","HUMAN_OBSERVATION","Lomatium triternatum"
3112802755,"Lomatium triternatum",-120.460473,50.494507,2021,5,2,"CA","HUMAN_OBSERVATION","Lomatium triternatum"
2802637409,"Lomatium triternatum",-116.030936,50.497392,2020,6,15,"CA","HUMAN_OBSERVATION","Lomatium triternatum"
3772503354,"Lomatium triternatum",-115.971812,50.415863,2022,4,30,"CA","HUMAN_OBSERVATION","Lomatium triternatum"
3773762485,"Lomatium triternatum",-115.923912,50.368313,2022,5,7,"CA","HUMAN_OBSERVATION","Lomatium triternatum"
3859589706,"Lomatium triternatum",-114.668603,50.346394,2022,6,8,"CA","HUMAN_OBSERVATION","Lomatium triternatum"
4014916577,"Lomatium triternatum",-114.659172,50.354625,2022,6,8,"CA","HUMAN_OBSERVATION","Lomatium triternatum"
3802801862,"Lomatium triternatum",-115.841257,50.331489,2022,5,25,"CA","HUMAN_OBSERVATION","Lomatium triternatum"
4111850110,"Lomatium triternatum",-115.961517,50.270587,2023,5,8,"CA","HUMAN_OBSERVATION","Lomatium triternatum"
3858716036,"Lomatium triternatum",-115.914337,50.266747,2022,6,8,"CA","HUMAN_OBSERVATION","Lomatium triternatum"
3860734954,"Lomatium triternatum",-115.88823,50.176816,2022,6,8,"CA","HUMAN_OBSERVATION","Lomatium triternatum"
3785044488,"Lomatium triternatum",-115.854928,50.174553,2022,5,12,"CA","HUMAN_OBSERVATION","Lomatium triternatum"
2397662632,"Lomatium triternatum",-114.221667,50.018333,2018,6,24,"CA","HUMAN_OBSERVATION","Lomatium triternatum"
2595991485,"Lomatium triternatum",-113.964287,50.023066,2018,6,2,"CA","HUMAN_OBSERVATION","Lomatium triternatum"
3859481836,"Lomatium triternatum",-113.982405,49.994058,2022,6,10,"CA","HUMAN_OBSERVATION","Lomatium triternatum"
3764370182,"Lomatium triternatum",-115.703269,49.930783,2022,4,27,"CA","HUMAN_OBSERVATION","Lomatium triternatum"
2574070013,"Lomatium triternatum",-114.073837,49.954218,2019,6,1,"CA","HUMAN_OBSERVATION","Lomatium triternatum"
3784742639,"Lomatium triternatum",-115.738167,49.875958,2022,5,13,"CA","HUMAN_OBSERVATION","Lomatium triternatum"
3860264609,"Lomatium triternatum",-114.040809,49.912221,2022,6,10,"CA","HUMAN_OBSERVATION","Lomatium triternatum"
2610971535,"Lomatium triternatum",-119.587536,49.853767,2020,4,19,"CA","HUMAN_OBSERVATION","Lomatium triternatum"
2252027667,"Lomatium triternatum",-114.112225,49.807618,2019,6,2,"CA","HUMAN_OBSERVATION","Lomatium triternatum"
3773478572,"Lomatium triternatum",-112.950311,49.787386,2022,5,1,"CA","HUMAN_OBSERVATION","Lomatium triternatum"
3773052687,"Lomatium triternatum",-112.877011,49.684636,2022,5,2,"CA","HUMAN_OBSERVATION","Lomatium triternatum"
3802352183,"Lomatium triternatum",-112.874367,49.685886,2022,5,22,"CA","HUMAN_OBSERVATION","Lomatium triternatum"
3773562316,"Lomatium triternatum",-115.960889,49.633894,2022,5,1,"CA","HUMAN_OBSERVATION","Lomatium triternatum"
3902058924,"Lomatium triternatum",-115.927171,49.640535,2022,4,28,"CA","HUMAN_OBSERVATION","Lomatium triternatum"
3860613133,"Lomatium triternatum",-115.900436,49.655336,2022,6,2,"CA","HUMAN_OBSERVATION","Lomatium triternatum"
3773479261,"Lomatium triternatum",-114.517868,49.642944,2022,5,12,"CA","HUMAN_OBSERVATION","Lomatium triternatum"
1848759313,"Lomatium triternatum",-114.488001,49.643174,2018,5,27,"CA","HUMAN_OBSERVATION","Lomatium triternatum"
3773667635,"Lomatium triternatum",-115.901362,49.62166,2022,5,2,"CA","HUMAN_OBSERVATION","Lomatium triternatum"
3860707841,"Lomatium triternatum",-114.419,49.597381,2022,5,28,"CA","HUMAN_OBSERVATION","Lomatium triternatum"
3858609860,"Lomatium triternatum",-114.392989,49.600522,2022,5,28,"CA","HUMAN_OBSERVATION","Lomatium triternatum"
3772563105,"Lomatium triternatum",-114.172209,49.585975,2022,5,8,"CA","HUMAN_OBSERVATION","Lomatium triternatum"
2620120253,"Lomatium triternatum",-117.676413,49.559593,2020,5,3,"CA","HUMAN_OBSERVATION","Lomatium triternatum"
3859647153,"Lomatium triternatum",-115.811614,49.563096,2022,6,10,"CA","HUMAN_OBSERVATION","Lomatium triternatum"
3764150845,"Lomatium triternatum",-115.691366,49.57532,2022,4,23,"CA","HUMAN_OBSERVATION","Lomatium triternatum"
3773655770,"Lomatium triternatum",-115.649057,49.549574,2022,5,1,"CA","HUMAN_OBSERVATION","Lomatium triternatum"
3772946609,"Lomatium triternatum",-115.751007,49.521231,2022,5,2,"CA","HUMAN_OBSERVATION","Lomatium triternatum"
3773138537,"Lomatium triternatum",-115.739774,49.517382,2022,5,1,"CA","HUMAN_OBSERVATION","Lomatium triternatum"
4137898927,"Lomatium triternatum",-115.568633,49.520595,2023,6,12,"CA","HUMAN_OBSERVATION","Lomatium triternatum"
3112559865,"Lomatium triternatum",-115.439187,49.476955,2021,4,30,"CA","HUMAN_OBSERVATION","Lomatium triternatum"
3860382741,"Lomatium triternatum",-114.376457,49.458727,2022,6,3,"CA","HUMAN_OBSERVATION","Lomatium triternatum"
3913640321,"Lomatium triternatum",-114.3707,49.45908,2018,5,23,"CA","PRESERVED_SPECIMEN","Lomatium triternatum"
3858392258,"Lomatium triternatum",-115.487623,49.431712,2022,6,3,"CA","HUMAN_OBSERVATION","Lomatium triternatum"
3302541870,"Lomatium triternatum",-114.379617,49.42923,2021,6,6,"CA","HUMAN_OBSERVATION","Lomatium triternatum"
3860717334,"Lomatium triternatum",-114.355545,49.426803,2022,6,18,"CA","HUMAN_OBSERVATION","Lomatium triternatum"
3913640318,"Lomatium triternatum",-114.28292,49.41913,2018,5,30,"CA","PRESERVED_SPECIMEN","Lomatium triternatum"
4014815724,"Lomatium triternatum",-114.360224,49.380647,2022,7,10,"CA","HUMAN_OBSERVATION","Lomatium triternatum"
3415423610,"Lomatium triternatum",-114.255822,49.395333,2021,6,9,"CA","HUMAN_OBSERVATION","Lomatium triternatum"
2802566420,"Lomatium triternatum",-114.107646,49.407004,2019,6,23,"CA","HUMAN_OBSERVATION","Lomatium triternatum"
4126988097,"Lomatium triternatum",-119.526183,49.337821,2023,5,25,"CA","HUMAN_OBSERVATION","Lomatium triternatum"
4006676465,"Lomatium triternatum",-114.189207,49.368096,2022,5,28,"CA","HUMAN_OBSERVATION","Lomatium triternatum"
3760238631,"Lomatium triternatum",-119.66594,49.319238,2022,4,11,"CA","HUMAN_OBSERVATION","Lomatium triternatum"
4127228192,"Lomatium triternatum",-119.610768,49.324338,2023,4,22,"CA","HUMAN_OBSERVATION","Lomatium triternatum"
3764140965,"Lomatium triternatum",-119.578549,49.292971,2022,4,25,"CA","HUMAN_OBSERVATION","Lomatium triternatum"
4458367627,"Lomatium triternatum",-119.613989,49.289542,2022,6,3,"CA","HUMAN_OBSERVATION","Lomatium triternatum"
4075693641,"Lomatium triternatum",-119.580938,49.287208,2022,5,23,"CA","HUMAN_OBSERVATION","Lomatium triternatum"
3802883341,"Lomatium triternatum",-115.08712,49.2822,2018,5,13,"CA","PRESERVED_SPECIMEN","Lomatium triternatum"
3772794241,"Lomatium triternatum",-115.082097,49.276728,2022,5,1,"CA","HUMAN_OBSERVATION","Lomatium triternatum"
4405291086,"Lomatium triternatum",-119.794556,49.237797,2023,5,27,"CA","HUMAN_OBSERVATION","Lomatium triternatum"
2984537388,"Lomatium triternatum",-119.58608,49.238645,2020,6,5,"CA","HUMAN_OBSERVATION","Lomatium triternatum"
4420772793,"Lomatium triternatum",-119.107437,49.185406,2023,6,10,"CA","HUMAN_OBSERVATION","Lomatium triternatum"
4436405984,"Lomatium triternatum",-113.767959,49.195256,2011,6,18,"CA","HUMAN_OBSERVATION","Lomatium triternatum"
3124768139,"Lomatium triternatum",-119.444923,49.153916,2021,5,23,"CA","HUMAN_OBSERVATION","Lomatium triternatum"
3785094527,"Lomatium triternatum",-116.532608,49.140072,2022,5,17,"CA","HUMAN_OBSERVATION","Lomatium triternatum"
3302158441,"Lomatium triternatum",-114.026826,49.131046,2021,6,2,"CA","HUMAN_OBSERVATION","Lomatium triternatum"
2802828288,"Lomatium triternatum",-113.885864,49.13011,2020,6,14,"CA","HUMAN_OBSERVATION","Lomatium triternatum"
1209657520,"Lomatium triternatum",-113.719877,49.160995,2009,6,13,"CA","PRESERVED_SPECIMEN","Lomatium triternatum"
2901556420,"Lomatium triternatum",-119.608412,49.086066,2020,5,20,"CA","HUMAN_OBSERVATION","Lomatium triternatum"
3113568594,"Lomatium triternatum",-118.234238,49.116036,2021,5,5,"CA","HUMAN_OBSERVATION","Lomatium triternatum"
4063069479,"Lomatium triternatum",-113.966789,49.100811,2022,6,23,"CA","HUMAN_OBSERVATION","Lomatium triternatum"
3031978061,"Lomatium triternatum",-113.933848,49.100656,2010,5,26,"CA","HUMAN_OBSERVATION","Lomatium triternatum"
3772564666,"Lomatium triternatum",-113.876642,49.086056,2022,5,4,"CA","HUMAN_OBSERVATION","Lomatium triternatum"
3784672730,"Lomatium triternatum",-113.874992,49.084663,2022,5,18,"CA","HUMAN_OBSERVATION","Lomatium triternatum"
2265833999,"Lomatium triternatum",-113.82216,49.108415,2019,6,8,"CA","HUMAN_OBSERVATION","Lomatium triternatum"
2802565801,"Lomatium triternatum",-113.720574,49.121634,2020,5,19,"CA","HUMAN_OBSERVATION","Lomatium triternatum"
883427208,"Lomatium triternatum",-111.879474,49.098786,2011,7,1,"CA","PRESERVED_SPECIMEN","Lomatium triternatum"
3860706416,"Lomatium triternatum",-111.022775,49.086596,2022,6,23,"CA","HUMAN_OBSERVATION","Lomatium triternatum"
4413896386,"Lomatium triternatum",-119.574738,49.080063,2023,5,19,"CA","HUMAN_OBSERVATION","Lomatium triternatum"
3355062649,"Lomatium triternatum",-119.047081,49.043658,2021,7,9,"CA","HUMAN_OBSERVATION","Lomatium triternatum"
3302510634,"Lomatium triternatum",-118.382475,49.06807,2021,4,23,"CA","HUMAN_OBSERVATION","Lomatium triternatum"
3301800037,"Lomatium triternatum",-114.008675,49.06777,2021,6,5,"CA","HUMAN_OBSERVATION","Lomatium triternatum"
4015257398,"Lomatium triternatum",-113.916667,49.083333,2010,7,4,"CA","HUMAN_OBSERVATION","Lomatium triternatum"
3860740548,"Lomatium triternatum",-113.895884,49.067788,2022,6,17,"CA","HUMAN_OBSERVATION","Lomatium triternatum"
3860634147,"Lomatium triternatum",-113.779565,49.065507,2022,6,9,"CA","HUMAN_OBSERVATION","Lomatium triternatum"
3113272310,"Lomatium triternatum",-113.737013,49.058986,2018,6,7,"CA","HUMAN_OBSERVATION","Lomatium triternatum"
2603553329,"Lomatium triternatum",-113.689132,49.048704,2015,5,27,"CA","HUMAN_OBSERVATION","Lomatium triternatum"
2984514374,"Lomatium triternatum",-119.687195,49.014908,2020,6,3,"CA","HUMAN_OBSERVATION","Lomatium triternatum"
4414156276,"Lomatium triternatum",-119.605675,49.011593,2023,5,18,"CA","HUMAN_OBSERVATION","Lomatium triternatum"
3860481093,"Lomatium triternatum",-119.558876,49.028286,2022,5,22,"CA","HUMAN_OBSERVATION","Lomatium triternatum"
4413711680,"Lomatium triternatum",-119.501724,49.014488,2023,5,21,"CA","HUMAN_OBSERVATION","Lomatium triternatum"
3383845674,"Lomatium triternatum",-119.353462,49.011959,2021,4,29,"CA","HUMAN_OBSERVATION","Lomatium triternatum"
3355073488,"Lomatium triternatum",-118.274344,49.009556,2021,5,9,"CA","HUMAN_OBSERVATION","Lomatium triternatum"
2444976301,"Lomatium triternatum",-113.688,49.024,2013,6,2,"CA","HUMAN_OBSERVATION","Lomatium triternatum"
3802652812,"Lomatium triternatum",-113.465989,49.007192,2022,5,14,"CA","HUMAN_OBSERVATION","Lomatium triternatum"
3860724338,"Lomatium triternatum",-111.05864,49.022363,2022,6,23,"CA","HUMAN_OBSERVATION","Lomatium triternatum"
4069877720,"Lomatium triternatum",-115.131,48.973,2018,5,4,"US","PRESERVED_SPECIMEN","Lomatium triternatum"
2446729172,"Lomatium triternatum",-113.499075,48.999275,2018,5,23,"CA","PRESERVED_SPECIMEN","Lomatium triternatum"
2273249229,"Lomatium triternatum",-113.739179,48.776801,2019,6,22,"US","HUMAN_OBSERVATION","Lomatium triternatum"
2626258708,"Lomatium triternatum",-120.122953,48.701903,2020,5,15,"US","HUMAN_OBSERVATION","Lomatium triternatum"
3307459044,"Lomatium triternatum",-114.036137,48.593197,2021,6,16,"US","HUMAN_OBSERVATION","Lomatium triternatum"
3070608680,"Lomatium triternatum",-113.434021,48.583775,2019,6,26,"US","HUMAN_OBSERVATION","Lomatium triternatum"
3828234315,"Lomatium triternatum",-114.970358,48.496343,2018,5,30,"US","PRESERVED_SPECIMEN","Lomatium triternatum"
3070602065,"Lomatium triternatum",-113.970844,48.492264,2020,5,30,"US","HUMAN_OBSERVATION","Lomatium triternatum"
1883960899,"Lomatium triternatum",-113.369592,48.483468,2018,6,30,"US","HUMAN_OBSERVATION","Lomatium triternatum"
3113527291,"Lomatium triternatum",-119.993872,48.341081,2021,5,9,"US","HUMAN_OBSERVATION","Lomatium triternatum"
4096780386,"Lomatium triternatum",-116.582466,48.315742,2021,4,30,"US","HUMAN_OBSERVATION","Lomatium triternatum"
4054892508,"Lomatium triternatum",-120.29602,48.279204,2022,7,5,"US","HUMAN_OBSERVATION","Lomatium triternatum"
3112374739,"Lomatium triternatum",-116.520522,48.249423,2021,4,30,"US","HUMAN_OBSERVATION","Lomatium triternatum"
3828234314,"Lomatium triternatum",-116.46238,48.17408,2018,5,25,"US","PRESERVED_SPECIMEN","Lomatium triternatum"
3772736993,"Lomatium triternatum",-116.389087,48.179682,2022,4,29,"US","HUMAN_OBSERVATION","Lomatium triternatum"
4069867816,"Lomatium triternatum",-114.926,48.1748,2005,5,28,"US","PRESERVED_SPECIMEN","Lomatium triternatum"
2818520412,"Lomatium triternatum",-114.383074,48.166762,2020,5,5,"US","HUMAN_OBSERVATION","Lomatium triternatum"
3802408833,"Lomatium triternatum",-114.336823,48.175102,2022,5,21,"US","HUMAN_OBSERVATION","Lomatium triternatum"
3773022730,"Lomatium triternatum",-116.947154,48.093366,2022,4,30,"US","HUMAN_OBSERVATION","Lomatium triternatum"
3090566757,"Lomatium triternatum",-113.919289,48.07334,2020,6,28,"US","HUMAN_OBSERVATION","Lomatium triternatum"
3994088387,"Lomatium triternatum",-117.296888,47.984242,2021,5,21,"US","HUMAN_OBSERVATION","Lomatium triternatum"
4073862453,"Lomatium triternatum",-116.338233,47.985133,2006,6,21,"US","PRESERVED_SPECIMEN","Lomatium triternatum"
2609132442,"Lomatium triternatum",-118.690361,47.928661,2020,4,17,"US","HUMAN_OBSERVATION","Lomatium triternatum"
2603438540,"Lomatium triternatum",-117.655419,47.924136,2020,4,10,"US","HUMAN_OBSERVATION","Lomatium triternatum"
4069717269,"Lomatium triternatum",-119.073889,47.870278,2009,5,2,"US","PRESERVED_SPECIMEN","Lomatium triternatum"
2609352127,"Lomatium triternatum",-117.717039,47.837189,2020,4,19,"US","HUMAN_OBSERVATION","Lomatium triternatum"
4116120797,"Lomatium triternatum",-120.176332,47.812222,2023,5,11,"US","HUMAN_OBSERVATION","Lomatium triternatum"
4103137570,"Lomatium triternatum",-117.588181,47.793697,2023,4,23,"US","HUMAN_OBSERVATION","Lomatium triternatum"
2251845107,"Lomatium triternatum",-117.516638,47.79988,2019,4,27,"US","HUMAN_OBSERVATION","Lomatium triternatum"
4506384603,"Lomatium triternatum",-114.223725,47.796608,2022,5,22,"US","HUMAN_OBSERVATION","Lomatium triternatum"
4137602881,"Lomatium triternatum",-117.5675,47.790255,2023,5,28,"US","HUMAN_OBSERVATION","Lomatium triternatum"
4096463452,"Lomatium triternatum",-117.508354,47.780162,2022,4,23,"US","HUMAN_OBSERVATION","Lomatium triternatum"
4039365978,"Lomatium triternatum",-117.496855,47.782617,2022,4,24,"US","HUMAN_OBSERVATION","Lomatium triternatum"
3994161356,"Lomatium triternatum",-117.419865,47.77476,2021,5,5,"US","HUMAN_OBSERVATION","Lomatium triternatum"
4137964944,"Lomatium triternatum",-116.710053,47.786336,2023,6,10,"US","HUMAN_OBSERVATION","Lomatium triternatum"
3759986126,"Lomatium triternatum",-116.622206,47.756382,2022,4,6,"US","HUMAN_OBSERVATION","Lomatium triternatum"
2609126452,"Lomatium triternatum",-118.035428,47.729808,2020,4,17,"US","HUMAN_OBSERVATION","Lomatium triternatum"
3109250247,"Lomatium triternatum",-117.591289,47.71609,2021,4,26,"US","HUMAN_OBSERVATION","Lomatium triternatum"
2237489447,"Lomatium triternatum",-117.557318,47.748923,2019,4,15,"US","HUMAN_OBSERVATION","Lomatium triternatum"
2626259139,"Lomatium triternatum",-117.19337,47.720197,2020,5,18,"US","HUMAN_OBSERVATION","Lomatium triternatum"
4070145161,"Lomatium triternatum",-117.1489,47.732183,2017,5,26,"US","PRESERVED_SPECIMEN","Lomatium triternatum"
3391379411,"Lomatium triternatum",-116.728935,47.716819,2021,5,9,"US","HUMAN_OBSERVATION","Lomatium triternatum"
4127251253,"Lomatium triternatum",-117.501076,47.69797,2023,5,12,"US","HUMAN_OBSERVATION","Lomatium triternatum"
4103084120,"Lomatium triternatum",-117.497808,47.698753,2023,4,28,"US","HUMAN_OBSERVATION","Lomatium triternatum"
3772804640,"Lomatium triternatum",-117.445588,47.675553,2022,4,28,"US","HUMAN_OBSERVATION","Lomatium triternatum"
3383880762,"Lomatium triternatum",-117.376418,47.69029,2021,4,15,"US","HUMAN_OBSERVATION","Lomatium triternatum"
4070144016,"Lomatium triternatum",-117.253883,47.69775,2019,4,23,"US","PRESERVED_SPECIMEN","Lomatium triternatum"
3994249316,"Lomatium triternatum",-117.24334,47.696725,2019,5,5,"US","HUMAN_OBSERVATION","Lomatium triternatum"
3994162307,"Lomatium triternatum",-117.199969,47.674774,2018,4,25,"US","HUMAN_OBSERVATION","Lomatium triternatum"
3994250446,"Lomatium triternatum",-117.134894,47.680278,2022,3,31,"US","HUMAN_OBSERVATION","Lomatium triternatum"
3391522422,"Lomatium triternatum",-117.00389,47.693792,2021,5,6,"US","HUMAN_OBSERVATION","Lomatium triternatum"
3860471114,"Lomatium triternatum",-116.89106,47.697281,2022,6,10,"US","HUMAN_OBSERVATION","Lomatium triternatum"
3759735877,"Lomatium triternatum",-116.782435,47.668114,2022,4,13,"US","HUMAN_OBSERVATION","Lomatium triternatum"
2620200524,"Lomatium triternatum",-117.482928,47.648554,2006,5,10,"US","HUMAN_OBSERVATION","Lomatium triternatum"
4102917030,"Lomatium triternatum",-117.447821,47.633841,2023,4,30,"US","HUMAN_OBSERVATION","Lomatium triternatum"
3773606431,"Lomatium triternatum",-117.416183,47.636567,2022,5,7,"US","HUMAN_OBSERVATION","Lomatium triternatum"
4103334479,"Lomatium triternatum",-117.372726,47.63799,2023,4,29,"US","HUMAN_OBSERVATION","Lomatium triternatum"
3994091331,"Lomatium triternatum",-117.283131,47.636576,2020,4,26,"US","HUMAN_OBSERVATION","Lomatium triternatum"
3764514980,"Lomatium triternatum",-117.244957,47.65509,2022,4,16,"US","HUMAN_OBSERVATION","Lomatium triternatum"
2620117964,"Lomatium triternatum",-117.197047,47.638112,2020,4,22,"US","HUMAN_OBSERVATION","Lomatium triternatum"
3988589315,"Lomatium triternatum",-117.12043,47.640912,2019,5,2,"US","HUMAN_OBSERVATION","Lomatium triternatum"
3858742753,"Lomatium triternatum",-116.77675,47.66573,2022,6,14,"US","HUMAN_OBSERVATION","Lomatium triternatum"
4075857160,"Lomatium triternatum",-119.365197,47.605975,2023,3,26,"US","HUMAN_OBSERVATION","Lomatium triternatum"
4070140908,"Lomatium triternatum",-117.659056,47.583336,2014,5,2,"US","PRESERVED_SPECIMEN","Lomatium triternatum"
2350306878,"Lomatium triternatum",-117.502447,47.59975,2019,5,3,"US","HUMAN_OBSERVATION","Lomatium triternatum"
2597916023,"Lomatium triternatum",-117.489916,47.598226,2020,4,9,"US","HUMAN_OBSERVATION","Lomatium triternatum"
2609299827,"Lomatium triternatum",-117.402809,47.611133,2020,4,8,"US","HUMAN_OBSERVATION","Lomatium triternatum"
2460023016,"Lomatium triternatum",-117.245431,47.609812,2019,5,20,"US","HUMAN_OBSERVATION","Lomatium triternatum"
2901787421,"Lomatium triternatum",-117.105556,47.609444,2020,5,26,"US","HUMAN_OBSERVATION","Lomatium triternatum"
2634035778,"Lomatium triternatum",-116.678379,47.607081,2020,5,18,"US","HUMAN_OBSERVATION","Lomatium triternatum"
4111818973,"Lomatium triternatum",-114.863578,47.602795,2023,5,6,"US","HUMAN_OBSERVATION","Lomatium triternatum"
4069883481,"Lomatium triternatum",-114.6265,47.583667,2009,6,10,"US","PRESERVED_SPECIMEN","Lomatium triternatum"
441777854,"Lomatium triternatum",-120.298583,47.547556,2004,5,14,"US","PRESERVED_SPECIMEN","Lomatium triternatum"
3994110317,"Lomatium triternatum",-117.691053,47.575547,2019,5,7,"US","HUMAN_OBSERVATION","Lomatium triternatum"
3994314376,"Lomatium triternatum",-117.533807,47.576056,2021,4,29,"US","HUMAN_OBSERVATION","Lomatium triternatum"
2597910121,"Lomatium triternatum",-117.416233,47.569961,2020,4,9,"US","HUMAN_OBSERVATION","Lomatium triternatum"
2597953961,"Lomatium triternatum",-117.356881,47.550754,2020,4,8,"US","HUMAN_OBSERVATION","Lomatium triternatum"
4129916704,"Lomatium triternatum",-117.321768,47.573638,2023,5,30,"US","HUMAN_OBSERVATION","Lomatium triternatum"
3764131939,"Lomatium triternatum",-117.288508,47.576106,2022,4,25,"US","HUMAN_OBSERVATION","Lomatium triternatum"
441778541,"Lomatium triternatum",-115.095013,47.55753,2005,7,10,"US","PRESERVED_SPECIMEN","Lomatium triternatum"
3772570078,"Lomatium triternatum",-117.703399,47.510013,2022,5,1,"US","HUMAN_OBSERVATION","Lomatium triternatum"
4039371877,"Lomatium triternatum",-117.423989,47.53218,2022,4,22,"US","HUMAN_OBSERVATION","Lomatium triternatum"
3112706668,"Lomatium triternatum",-117.359986,47.541158,2021,4,30,"US","HUMAN_OBSERVATION","Lomatium triternatum"
3994186341,"Lomatium triternatum",-117.110168,47.521757,2017,5,21,"US","HUMAN_OBSERVATION","Lomatium triternatum"
2251935964,"Lomatium triternatum",-116.806361,47.504162,2019,5,26,"US","HUMAN_OBSERVATION","Lomatium triternatum"
3881600346,"Lomatium triternatum",-114.605978,47.540988,2021,5,2,"US","HUMAN_OBSERVATION","Lomatium triternatum"
3784800670,"Lomatium triternatum",-120.382883,47.462244,2022,5,12,"US","HUMAN_OBSERVATION","Lomatium triternatum"
4102711344,"Lomatium triternatum",-120.200525,47.49161,2019,5,3,"US","HUMAN_OBSERVATION","Lomatium triternatum"
4041149373,"Lomatium triternatum",-119.887,47.4649,2015,5,22,"US","PRESERVED_SPECIMEN","Lomatium triternatum"
4121354217,"Lomatium triternatum",-117.808053,47.495013,2022,4,22,"US","HUMAN_OBSERVATION","Lomatium triternatum"
3113430559,"Lomatium triternatum",-114.891233,47.497528,2021,4,30,"US","HUMAN_OBSERVATION","Lomatium triternatum"
2864710952,"Lomatium triternatum",-120.963605,47.455063,2020,7,21,"US","HUMAN_OBSERVATION","Lomatium triternatum"
4091873685,"Lomatium triternatum",-120.355181,47.419779,2023,4,11,"US","HUMAN_OBSERVATION","Lomatium triternatum"
3994047356,"Lomatium triternatum",-117.562903,47.422761,2021,5,2,"US","HUMAN_OBSERVATION","Lomatium triternatum"
3759976519,"Lomatium triternatum",-120.350414,47.408363,2022,3,31,"US","HUMAN_OBSERVATION","Lomatium triternatum"
3759942293,"Lomatium triternatum",-120.319538,47.39489,2022,4,7,"US","HUMAN_OBSERVATION","Lomatium triternatum"
4070141397,"Lomatium triternatum",-117.80355,47.381967,2017,4,21,"US","PRESERVED_SPECIMEN","Lomatium triternatum"
2626530308,"Lomatium triternatum",-117.539131,47.413338,2020,5,10,"US","HUMAN_OBSERVATION","Lomatium triternatum"
4070144106,"Lomatium triternatum",-117.65,47.36,2013,4,10,"US","PRESERVED_SPECIMEN","Lomatium triternatum"
2826419768,"Lomatium triternatum",-120.568422,47.305162,2020,6,30,"US","HUMAN_OBSERVATION","Lomatium triternatum"
4080914605,"Lomatium triternatum",-119.631709,47.291187,2023,4,8,"US","HUMAN_OBSERVATION","Lomatium triternatum"
4512420581,"Lomatium triternatum",-121.066824,47.243955,2022,5,14,"US","HUMAN_OBSERVATION","Lomatium triternatum"
441777886,"Lomatium triternatum",-120.573056,47.216389,2004,6,14,"US","PRESERVED_SPECIMEN","Lomatium triternatum"
2611237777,"Lomatium triternatum",-117.561127,47.21238,2020,4,26,"US","HUMAN_OBSERVATION","Lomatium triternatum"
4073904002,"Lomatium triternatum",-116.869633,47.225567,2003,6,10,"US","PRESERVED_SPECIMEN","Lomatium triternatum"
4069024183,"Lomatium triternatum",-120.767,47.19365,2016,5,18,"US","PRESERVED_SPECIMEN","Lomatium triternatum"
3773386478,"Lomatium triternatum",-120.706758,47.177347,2022,5,3,"US","HUMAN_OBSERVATION","Lomatium triternatum"
441778581,"Lomatium triternatum",-120.65198,47.17804,2008,5,9,"US","PRESERVED_SPECIMEN","Lomatium triternatum"
4404934706,"Lomatium triternatum",-120.583452,47.183405,2006,7,7,"US","PRESERVED_SPECIMEN","Lomatium triternatum"
441778579,"Lomatium triternatum",-119.9972,47.17179,2008,4,29,"US","PRESERVED_SPECIMEN","Lomatium triternatum"
3859305542,"Lomatium triternatum",-121.394617,47.12867,2020,8,16,"US","HUMAN_OBSERVATION","Lomatium triternatum"
4103194339,"Lomatium triternatum",-120.684903,47.131955,2020,4,18,"US","HUMAN_OBSERVATION","Lomatium triternatum"
441778552,"Lomatium triternatum",-120.0138,47.14745,2007,4,26,"US","PRESERVED_SPECIMEN","Lomatium triternatum"
4076004553,"Lomatium triternatum",-119.925347,47.152503,2023,4,1,"US","HUMAN_OBSERVATION","Lomatium triternatum"
3858251617,"Lomatium triternatum",-122.505142,47.105114,2021,4,21,"US","HUMAN_OBSERVATION","Lomatium triternatum"
2350419758,"Lomatium triternatum",-120.91599,47.122232,2019,5,28,"US","HUMAN_OBSERVATION","Lomatium triternatum"
4068995760,"Lomatium triternatum",-120.85242,47.11532,2011,7,20,"US","PRESERVED_SPECIMEN","Lomatium triternatum"
1710127740,"Lomatium triternatum",-120.7875,47.115833,2002,6,27,"US","LIVING_SPECIMEN","Lomatium triternatum"
4116514542,"Lomatium triternatum",-120.10508,47.083677,2023,5,11,"US","HUMAN_OBSERVATION","Lomatium triternatum"
2626241569,"Lomatium triternatum",-116.97,47.1,2020,5,9,"US","HUMAN_OBSERVATION","Lomatium triternatum"
3399060385,"Lomatium triternatum",-116.714152,47.089422,2018,6,7,"US","HUMAN_OBSERVATION","Lomatium triternatum"
2620016512,"Lomatium triternatum",-120.736597,47.070605,2020,4,26,"US","HUMAN_OBSERVATION","Lomatium triternatum"
441778563,"Lomatium triternatum",-120.2119,47.07405,2007,5,24,"US","PRESERVED_SPECIMEN","Lomatium triternatum"
4073778602,"Lomatium triternatum",-116.886816,47.054299,2004,6,1,"US","PRESERVED_SPECIMEN","Lomatium triternatum"
2620141328,"Lomatium triternatum",-114.36407,47.069058,2020,5,5,"US","HUMAN_OBSERVATION","Lomatium triternatum"
4137686178,"Lomatium triternatum",-122.459931,47.016803,2023,5,11,"US","HUMAN_OBSERVATION","Lomatium triternatum"
3985718569,"Lomatium triternatum",-122.44677,47.018847,2022,4,5,"US","HUMAN_OBSERVATION","Lomatium triternatum"
3858295049,"Lomatium triternatum",-120.712625,47.016164,2022,5,1,"US","HUMAN_OBSERVATION","Lomatium triternatum"
4116034696,"Lomatium triternatum",-120.20445,47.0036,2023,5,6,"US","HUMAN_OBSERVATION","Lomatium triternatum"
4129680830,"Lomatium triternatum",-117.307928,47.032658,2023,6,1,"US","HUMAN_OBSERVATION","Lomatium triternatum"
4091610428,"Lomatium triternatum",-117.282997,47.03647,2023,4,16,"US","HUMAN_OBSERVATION","Lomatium triternatum"
4069000687,"Lomatium triternatum",-121.09756,46.990762,2019,6,9,"US","PRESERVED_SPECIMEN","Lomatium triternatum"
4076118597,"Lomatium triternatum",-120.142938,46.963213,2023,4,2,"US","HUMAN_OBSERVATION","Lomatium triternatum"
4068960923,"Lomatium triternatum",-115.011683,46.9742,2005,7,10,"US","PRESERVED_SPECIMEN","Lomatium triternatum"
3097195434,"Lomatium triternatum",-114.123675,46.971088,2021,4,20,"US","HUMAN_OBSERVATION","Lomatium triternatum"
4507604461,"Lomatium triternatum",-122.85801,46.920642,2021,3,26,"US","HUMAN_OBSERVATION","Lomatium triternatum"
4116525950,"Lomatium triternatum",-122.731229,46.926892,2023,5,11,"US","HUMAN_OBSERVATION","Lomatium triternatum"
2243007477,"Lomatium triternatum",-122.6918,46.936647,2019,5,15,"US","HUMAN_OBSERVATION","Lomatium triternatum"
4068346542,"Lomatium triternatum",-121.5849,46.9533,2004,8,18,"US","PRESERVED_SPECIMEN","Lomatium triternatum"
4424578763,"Lomatium triternatum",-121.501419,46.946678,2023,7,1,"US","HUMAN_OBSERVATION","Lomatium triternatum"
4103193346,"Lomatium triternatum",-121.451638,46.932033,2020,7,17,"US","HUMAN_OBSERVATION","Lomatium triternatum"
3858426907,"Lomatium triternatum",-120.920361,46.932486,2022,6,2,"US","HUMAN_OBSERVATION","Lomatium triternatum"
3455377421,"Lomatium triternatum",-120.08851,46.951994,2018,4,25,"US","HUMAN_OBSERVATION","Lomatium triternatum"
441778550,"Lomatium triternatum",-118.727517,46.92655,2006,5,16,"US","PRESERVED_SPECIMEN","Lomatium triternatum"
4436205486,"Lomatium triternatum",-117.095183,46.927082,2011,6,16,"US","HUMAN_OBSERVATION","Lomatium triternatum"
4102841000,"Lomatium triternatum",-117.059573,46.927342,2023,4,30,"US","HUMAN_OBSERVATION","Lomatium triternatum"
3301982091,"Lomatium triternatum",-122.873567,46.896183,2021,5,28,"US","HUMAN_OBSERVATION","Lomatium triternatum"
2576433932,"Lomatium triternatum",-121.042406,46.910414,2019,6,7,"US","HUMAN_OBSERVATION","Lomatium triternatum"
4103117390,"Lomatium triternatum",-120.81865,46.904503,2022,5,15,"US","HUMAN_OBSERVATION","Lomatium triternatum"
3759334308,"Lomatium triternatum",-113.984367,46.878447,2022,4,8,"US","HUMAN_OBSERVATION","Lomatium triternatum"
3772871852,"Lomatium triternatum",-113.933962,46.89447,2022,5,2,"US","HUMAN_OBSERVATION","Lomatium triternatum"
4028927492,"Lomatium triternatum",-123.051139,46.866692,2021,5,15,"US","HUMAN_OBSERVATION","Lomatium triternatum"
4507860862,"Lomatium triternatum",-123.000826,46.837423,2023,5,14,"US","HUMAN_OBSERVATION","Lomatium triternatum"
4507974461,"Lomatium triternatum",-122.998711,46.840572,2023,6,3,"US","HUMAN_OBSERVATION","Lomatium triternatum"
4116336948,"Lomatium triternatum",-122.901301,46.841984,2023,5,10,"US","HUMAN_OBSERVATION","Lomatium triternatum"
4516620251,"Lomatium triternatum",-120.747453,46.874595,2023,5,18,"US","HUMAN_OBSERVATION","Lomatium triternatum"
4103095188,"Lomatium triternatum",-120.493513,46.84665,2023,4,28,"US","HUMAN_OBSERVATION","Lomatium triternatum"
3873376768,"Lomatium triternatum",-120.458038,46.845703,2022,6,20,"US","HUMAN_OBSERVATION","Lomatium triternatum"
3802445678,"Lomatium triternatum",-117.359964,46.872071,2022,5,21,"US","HUMAN_OBSERVATION","Lomatium triternatum"
4116288544,"Lomatium triternatum",-117.151706,46.868031,2023,5,14,"US","HUMAN_OBSERVATION","Lomatium triternatum"
4073881025,"Lomatium triternatum",-117.056483,46.855864,2010,4,25,"US","PRESERVED_SPECIMEN","Lomatium triternatum"
4069031265,"Lomatium triternatum",-117.02214,46.84776,2016,6,15,"US","PRESERVED_SPECIMEN","Lomatium triternatum"
4073847779,"Lomatium triternatum",-116.879511,46.838219,2010,5,2,"US","PRESERVED_SPECIMEN","Lomatium triternatum"
4111863304,"Lomatium triternatum",-113.97108,46.87072,2023,5,4,"US","HUMAN_OBSERVATION","Lomatium triternatum"
4116609721,"Lomatium triternatum",-113.948342,46.851047,2023,5,14,"US","HUMAN_OBSERVATION","Lomatium triternatum"
4096614752,"Lomatium triternatum",-123.014397,46.828938,2023,4,24,"US","HUMAN_OBSERVATION","Lomatium triternatum"
4507843455,"Lomatium triternatum",-122.995613,46.833083,2021,4,18,"US","HUMAN_OBSERVATION","Lomatium triternatum"
4516351192,"Lomatium triternatum",-121.018082,46.80265,2023,5,21,"US","HUMAN_OBSERVATION","Lomatium triternatum"
2242760082,"Lomatium triternatum",-120.581581,46.812927,2019,4,25,"US","HUMAN_OBSERVATION","Lomatium triternatum"
4080686450,"Lomatium triternatum",-120.459642,46.797613,2023,4,9,"US","HUMAN_OBSERVATION","Lomatium triternatum"
3759258600,"Lomatium triternatum",-117.272095,46.794608,2022,3,31,"US","HUMAN_OBSERVATION","Lomatium triternatum"
3773763103,"Lomatium triternatum",-117.208749,46.825212,2022,5,8,"US","HUMAN_OBSERVATION","Lomatium triternatum"
1847447359,"Lomatium triternatum",-117.042091,46.795559,2018,5,5,"US","HUMAN_OBSERVATION","Lomatium triternatum"
3112339815,"Lomatium triternatum",-117.006948,46.810676,2021,4,30,"US","HUMAN_OBSERVATION","Lomatium triternatum"
3772665005,"Lomatium triternatum",-116.971281,46.8156,2022,4,29,"US","HUMAN_OBSERVATION","Lomatium triternatum"
4137754845,"Lomatium triternatum",-116.951678,46.807281,2023,6,8,"US","HUMAN_OBSERVATION","Lomatium triternatum"
3773369746,"Lomatium triternatum",-114.008086,46.826914,2022,5,1,"US","HUMAN_OBSERVATION","Lomatium triternatum"
3859885556,"Lomatium triternatum",-121.439014,46.765504,2020,7,12,"US","HUMAN_OBSERVATION","Lomatium triternatum"
441778564,"Lomatium triternatum",-121.143817,46.763733,2007,7,5,"US","PRESERVED_SPECIMEN","Lomatium triternatum"
4102855038,"Lomatium triternatum",-117.172285,46.751616,2023,4,30,"US","HUMAN_OBSERVATION","Lomatium triternatum"
3859036195,"Lomatium triternatum",-117.149339,46.75078,2022,6,2,"US","HUMAN_OBSERVATION","Lomatium triternatum"
4073772167,"Lomatium triternatum",-117.116625,46.778835,2020,6,3,"US","PRESERVED_SPECIMEN","Lomatium triternatum"
3772743181,"Lomatium triternatum",-117.043354,46.754467,2022,5,1,"US","HUMAN_OBSERVATION","Lomatium triternatum"
4073855475,"Lomatium triternatum",-117.008674,46.752639,2005,5,8,"US","PRESERVED_SPECIMEN","Lomatium triternatum"
4073791085,"Lomatium triternatum",-116.965822,46.781374,2003,5,2,"US","PRESERVED_SPECIMEN","Lomatium triternatum"
4069025217,"Lomatium triternatum",-116.91064,46.75451,2016,6,15,"US","PRESERVED_SPECIMEN","Lomatium triternatum"
4074145265,"Lomatium triternatum",-116.6738,46.7791,2000,4,26,"US","PRESERVED_SPECIMEN","Lomatium triternatum"
3859123363,"Lomatium triternatum",-121.14825,46.71424,2018,7,6,"US","HUMAN_OBSERVATION","Lomatium triternatum"
4069014479,"Lomatium triternatum",-120.9921,46.73561,2019,6,8,"US","PRESERVED_SPECIMEN","Lomatium triternatum"
3124656710,"Lomatium triternatum",-120.858026,46.733813,2021,5,17,"US","HUMAN_OBSERVATION","Lomatium triternatum"
3764487866,"Lomatium triternatum",-120.416855,46.711812,2022,4,24,"US","HUMAN_OBSERVATION","Lomatium triternatum"
4116576224,"Lomatium triternatum",-117.174492,46.73582,2023,5,13,"US","HUMAN_OBSERVATION","Lomatium triternatum"
3109398607,"Lomatium triternatum",-117.000382,46.725111,2021,4,29,"US","HUMAN_OBSERVATION","Lomatium triternatum"
1848790676,"Lomatium triternatum",-116.983414,46.722527,2018,5,28,"US","HUMAN_OBSERVATION","Lomatium triternatum"
4073802222,"Lomatium triternatum",-116.9218,46.74461,2002,5,4,"US","PRESERVED_SPECIMEN","Lomatium triternatum"
4069009274,"Lomatium triternatum",-116.788108,46.747819,2009,5,9,"US","PRESERVED_SPECIMEN","Lomatium triternatum"
2283031604,"Lomatium triternatum",-121.247571,46.670093,2019,6,15,"US","HUMAN_OBSERVATION","Lomatium triternatum"
3124545855,"Lomatium triternatum",-120.951413,46.683972,2021,5,17,"US","HUMAN_OBSERVATION","Lomatium triternatum"
2611306032,"Lomatium triternatum",-116.962379,46.684828,2020,4,25,"US","HUMAN_OBSERVATION","Lomatium triternatum"
2244307169,"Lomatium triternatum",-116.954857,46.685013,2019,5,19,"US","HUMAN_OBSERVATION","Lomatium triternatum"
4073884398,"Lomatium triternatum",-116.790338,46.702647,2007,4,8,"US","PRESERVED_SPECIMEN","Lomatium triternatum"
4073897338,"Lomatium triternatum",-116.723441,46.667984,2002,4,28,"US","PRESERVED_SPECIMEN","Lomatium triternatum"
4076293638,"Lomatium triternatum",-114.004293,46.698221,2022,5,13,"US","HUMAN_OBSERVATION","Lomatium triternatum"
3873673751,"Lomatium triternatum",-121.360332,46.653559,2022,6,20,"US","HUMAN_OBSERVATION","Lomatium triternatum"
3859186631,"Lomatium triternatum",-121.164547,46.64085,2021,5,10,"US","HUMAN_OBSERVATION","Lomatium triternatum"
4073891678,"Lomatium triternatum",-116.971883,46.647241,2020,5,23,"US","PRESERVED_SPECIMEN","Lomatium triternatum"
4073961365,"Lomatium triternatum",-116.701809,46.634311,2002,4,28,"US","PRESERVED_SPECIMEN","Lomatium triternatum"
3426578363,"Lomatium triternatum",-112.283967,46.642217,2021,7,4,"US","PRESERVED_SPECIMEN","Lomatium triternatum"
4121082599,"Lomatium triternatum",-112.118994,46.547111,2023,5,21,"US","HUMAN_OBSERVATION","Lomatium triternatum"
4103203340,"Lomatium triternatum",-112.051317,46.561845,2020,6,5,"US","HUMAN_OBSERVATION","Lomatium triternatum"
2802541689,"Lomatium triternatum",-111.988563,46.571976,2020,5,26,"US","HUMAN_OBSERVATION","Lomatium triternatum"
2574064284,"Lomatium triternatum",-121.505944,46.468578,2019,7,7,"US","HUMAN_OBSERVATION","Lomatium triternatum"
3859228854,"Lomatium triternatum",-121.430606,46.459681,2021,7,16,"US","HUMAN_OBSERVATION","Lomatium triternatum"
4068996284,"Lomatium triternatum",-116.76921,46.47502,2016,6,15,"US","PRESERVED_SPECIMEN","Lomatium triternatum"
4153538317,"Lomatium triternatum",-121.443742,46.440372,2023,7,3,"US","HUMAN_OBSERVATION","Lomatium triternatum"
3858198468,"Lomatium triternatum",-121.757563,46.334303,2013,6,29,"US","HUMAN_OBSERVATION","Lomatium triternatum"
3859333609,"Lomatium triternatum",-119.493743,46.353479,2021,4,3,"US","HUMAN_OBSERVATION","Lomatium triternatum"
3118304516,"Lomatium triternatum",-114.047666,46.305681,2021,5,3,"US","HUMAN_OBSERVATION","Lomatium triternatum"
4121292358,"Lomatium triternatum",-119.315697,46.233142,2022,4,17,"US","HUMAN_OBSERVATION","Lomatium triternatum"
4068994485,"Lomatium triternatum",-117.359428,46.247139,2017,5,28,"US","PRESERVED_SPECIMEN","Lomatium triternatum"
4073782406,"Lomatium triternatum",-117.064722,46.228808,2008,4,26,"US","PRESERVED_SPECIMEN","Lomatium triternatum"
4073958913,"Lomatium triternatum",-116.904598,46.209283,2005,4,9,"US","PRESERVED_SPECIMEN","Lomatium triternatum"
4068936665,"Lomatium triternatum",-117.081,46.178,2017,6,18,"US","PRESERVED_SPECIMEN","Lomatium triternatum"
4069005638,"Lomatium triternatum",-117.0211,46.139082,2017,5,28,"US","PRESERVED_SPECIMEN","Lomatium triternatum"
4069024337,"Lomatium triternatum",-116.981292,46.152533,2017,5,28,"US","PRESERVED_SPECIMEN","Lomatium triternatum"
4069870273,"Lomatium triternatum",-113.34479,46.13425,2008,7,13,"US","PRESERVED_SPECIMEN","Lomatium triternatum"
1291077704,"Lomatium triternatum",-114.251,46.086354,2016,5,25,"US","HUMAN_OBSERVATION","Lomatium triternatum"
4073930880,"Lomatium triternatum",-117.229267,46.065478,2012,5,28,"US","PRESERVED_SPECIMEN","Lomatium triternatum"
4069707824,"Lomatium triternatum",-116.9,46.023567,2013,5,6,"US","PRESERVED_SPECIMEN","Lomatium triternatum"
441778597,"Lomatium triternatum",-121.10816,45.96363,2009,5,12,"US","PRESERVED_SPECIMEN","Lomatium triternatum"
441778619,"Lomatium triternatum",-120.4373,45.9447,2010,4,9,"US","PRESERVED_SPECIMEN","Lomatium triternatum"
4413641404,"Lomatium triternatum",-117.463222,45.946475,2021,5,5,"US","HUMAN_OBSERVATION","Lomatium triternatum"
2422491640,"Lomatium triternatum",-117.35453,45.92664,2010,6,17,"US","PRESERVED_SPECIMEN","Lomatium triternatum"
4507869952,"Lomatium triternatum",-121.571547,45.914413,2023,6,24,"US","HUMAN_OBSERVATION","Lomatium triternatum"
4009684308,"Lomatium triternatum",-121.281573,45.887538,2018,7,25,"US","HUMAN_OBSERVATION","Lomatium triternatum"
4046577500,"Lomatium triternatum",-120.971726,45.898134,2022,5,3,"US","HUMAN_OBSERVATION","Lomatium triternatum"
4413518335,"Lomatium triternatum",-120.751267,45.877586,2021,4,12,"US","HUMAN_OBSERVATION","Lomatium triternatum"
4430377409,"Lomatium triternatum",-121.548069,45.84032,2020,5,17,"US","HUMAN_OBSERVATION","Lomatium triternatum"
3090975978,"Lomatium triternatum",-121.026585,45.868342,2021,4,13,"US","HUMAN_OBSERVATION","Lomatium triternatum"
4068932478,"Lomatium triternatum",-120.6607619,45.8395428,2008,5,19,"US","PRESERVED_SPECIMEN","Lomatium triternatum"
4507601902,"Lomatium triternatum",-121.754531,45.815297,2023,5,27,"US","HUMAN_OBSERVATION","Lomatium triternatum"
4068971608,"Lomatium triternatum",-121.74201,45.79827,2020,5,24,"US","PRESERVED_SPECIMEN","Lomatium triternatum"
4413591845,"Lomatium triternatum",-121.570327,45.812857,2023,5,28,"US","HUMAN_OBSERVATION","Lomatium triternatum"
4413588440,"Lomatium triternatum",-121.454469,45.799196,2022,5,24,"US","HUMAN_OBSERVATION","Lomatium triternatum"
4121427624,"Lomatium triternatum",-121.360254,45.793866,2023,5,1,"US","HUMAN_OBSERVATION","Lomatium triternatum"
4070153006,"Lomatium triternatum",-121.167222,45.804167,2009,5,17,"US","PRESERVED_SPECIMEN","Lomatium triternatum"
4116419270,"Lomatium triternatum",-121.117272,45.819726,2023,5,12,"US","HUMAN_OBSERVATION","Lomatium triternatum"
3124541484,"Lomatium triternatum",-120.906408,45.795646,2021,5,9,"US","HUMAN_OBSERVATION","Lomatium triternatum"
1986987764,"Lomatium triternatum",-118.178333,45.808333,2010,6,19,"US","PRESERVED_SPECIMEN","Lomatium triternatum"
4073848593,"Lomatium triternatum",-116.233333,45.833333,2004,5,NA,"US","PRESERVED_SPECIMEN","Lomatium triternatum"
4421122514,"Lomatium triternatum",-121.470849,45.754607,2023,5,12,"US","HUMAN_OBSERVATION","Lomatium triternatum"
4165602303,"Lomatium triternatum",-121.285215,45.777488,2018,7,25,"US","HUMAN_OBSERVATION","Lomatium triternatum"
4102839659,"Lomatium triternatum",-121.184959,45.772151,2023,4,29,"US","HUMAN_OBSERVATION","Lomatium triternatum"
4413536477,"Lomatium triternatum",-121.116493,45.755602,2022,5,22,"US","HUMAN_OBSERVATION","Lomatium triternatum"
4091707439,"Lomatium triternatum",-121.0103,45.752872,2023,4,15,"US","HUMAN_OBSERVATION","Lomatium triternatum"
441778641,"Lomatium triternatum",-120.62901,45.76242,2011,4,22,"US","PRESERVED_SPECIMEN","Lomatium triternatum"
4126781503,"Lomatium triternatum",-120.584513,45.781873,2019,4,27,"US","HUMAN_OBSERVATION","Lomatium triternatum"
3759815350,"Lomatium triternatum",-118.117645,45.781502,2019,6,12,"US","HUMAN_OBSERVATION","Lomatium triternatum"
3112727090,"Lomatium triternatum",-121.817731,45.716479,2021,5,1,"US","HUMAN_OBSERVATION","Lomatium triternatum"
4111913146,"Lomatium triternatum",-121.717949,45.709666,2023,5,8,"US","HUMAN_OBSERVATION","Lomatium triternatum"
4116029906,"Lomatium triternatum",-121.704072,45.711359,2023,5,13,"US","HUMAN_OBSERVATION","Lomatium triternatum"
3764135185,"Lomatium triternatum",-121.384212,45.732434,2022,4,24,"US","HUMAN_OBSERVATION","Lomatium triternatum"
4075809112,"Lomatium triternatum",-121.374543,45.710243,2023,3,29,"US","HUMAN_OBSERVATION","Lomatium triternatum"
4070123248,"Lomatium triternatum",-121.318221,45.713373,2017,4,27,"US","PRESERVED_SPECIMEN","Lomatium triternatum"
4069783740,"Lomatium triternatum",-121.25898,45.72258,2009,5,13,"US","PRESERVED_SPECIMEN","Lomatium triternatum"
3097283578,"Lomatium triternatum",-120.80455,45.709044,2021,4,12,"US","HUMAN_OBSERVATION","Lomatium triternatum"
441778610,"Lomatium triternatum",-120.733333,45.716667,2009,5,6,"US","PRESERVED_SPECIMEN","Lomatium triternatum"
4413545480,"Lomatium triternatum",-121.84162,45.674829,2022,5,24,"US","HUMAN_OBSERVATION","Lomatium triternatum"
4112183650,"Lomatium triternatum",-121.820431,45.668433,2023,5,6,"US","HUMAN_OBSERVATION","Lomatium triternatum"
3802314439,"Lomatium triternatum",-121.754844,45.703277,2022,4,29,"US","HUMAN_OBSERVATION","Lomatium triternatum"
3947382416,"Lomatium triternatum",-121.711704,45.699402,2021,4,7,"US","HUMAN_OBSERVATION","Lomatium triternatum"
4103295328,"Lomatium triternatum",-121.702535,45.685561,2023,4,28,"US","HUMAN_OBSERVATION","Lomatium triternatum"
2251818827,"Lomatium triternatum",-121.659657,45.696155,2018,6,17,"US","HUMAN_OBSERVATION","Lomatium triternatum"
1847432203,"Lomatium triternatum",-121.505569,45.707218,2018,5,1,"US","HUMAN_OBSERVATION","Lomatium triternatum"
4126706083,"Lomatium triternatum",-121.474399,45.669884,2023,5,24,"US","HUMAN_OBSERVATION","Lomatium triternatum"
4076360941,"Lomatium triternatum",-121.425895,45.687053,2023,3,26,"US","HUMAN_OBSERVATION","Lomatium triternatum"
4075839577,"Lomatium triternatum",-121.385504,45.689523,2023,3,11,"US","HUMAN_OBSERVATION","Lomatium triternatum"
4102907572,"Lomatium triternatum",-121.374204,45.701694,2023,4,29,"US","HUMAN_OBSERVATION","Lomatium triternatum"
4091838211,"Lomatium triternatum",-121.300502,45.679286,2023,4,15,"US","HUMAN_OBSERVATION","Lomatium triternatum"
4413540713,"Lomatium triternatum",-121.269258,45.691889,2023,4,4,"US","HUMAN_OBSERVATION","Lomatium triternatum"
4111792837,"Lomatium triternatum",-121.084906,45.673314,2023,5,1,"US","HUMAN_OBSERVATION","Lomatium triternatum"
3079555279,"Lomatium triternatum",-121.081877,45.669785,2021,3,30,"US","HUMAN_OBSERVATION","Lomatium triternatum"
441778612,"Lomatium triternatum",-121.016667,45.7,2009,5,23,"US","PRESERVED_SPECIMEN","Lomatium triternatum"
2422504456,"Lomatium triternatum",-120.9,45.68333,2009,5,21,"US","PRESERVED_SPECIMEN","Lomatium triternatum"
3097291573,"Lomatium triternatum",-120.809897,45.706528,2021,4,12,"US","HUMAN_OBSERVATION","Lomatium triternatum"
3059703595,"Lomatium triternatum",-120.0167,45.7,2009,5,23,"US","PRESERVED_SPECIMEN","Lomatium triternatum"
3097007831,"Lomatium triternatum",-111.029752,45.667424,2021,4,17,"US","HUMAN_OBSERVATION","Lomatium triternatum"
4413498768,"Lomatium triternatum",-122.009926,45.643816,2023,5,27,"US","HUMAN_OBSERVATION","Lomatium triternatum"
3802631335,"Lomatium triternatum",-121.959664,45.664983,2021,4,15,"US","HUMAN_OBSERVATION","Lomatium triternatum"
4413505513,"Lomatium triternatum",-121.919489,45.636848,2023,5,14,"US","HUMAN_OBSERVATION","Lomatium triternatum"
4103344088,"Lomatium triternatum",-121.902047,45.629812,2023,4,30,"US","HUMAN_OBSERVATION","Lomatium triternatum"
4116212486,"Lomatium triternatum",-121.466362,45.660709,2023,5,12,"US","HUMAN_OBSERVATION","Lomatium triternatum"
4116230308,"Lomatium triternatum",-121.456353,45.653494,2023,5,11,"US","HUMAN_OBSERVATION","Lomatium triternatum"
4112021905,"Lomatium triternatum",-121.387992,45.629767,2023,5,7,"US","HUMAN_OBSERVATION","Lomatium triternatum"
4121070456,"Lomatium triternatum",-121.32463,45.6582,2023,5,18,"US","HUMAN_OBSERVATION","Lomatium triternatum"
4413438583,"Lomatium triternatum",-121.250427,45.644312,2023,4,15,"US","HUMAN_OBSERVATION","Lomatium triternatum"
4112189943,"Lomatium triternatum",-121.212344,45.651778,2023,5,7,"US","HUMAN_OBSERVATION","Lomatium triternatum"
4102630001,"Lomatium triternatum",-121.100075,45.649404,2023,4,22,"US","HUMAN_OBSERVATION","Lomatium triternatum"
3109226315,"Lomatium triternatum",-121.076058,45.660671,2018,5,5,"US","HUMAN_OBSERVATION","Lomatium triternatum"
4069766438,"Lomatium triternatum",-120.928432,45.6649,2011,4,5,"US","PRESERVED_SPECIMEN","Lomatium triternatum"
4413836564,"Lomatium triternatum",-122.1901,45.589431,2022,6,1,"US","HUMAN_OBSERVATION","Lomatium triternatum"
3902258507,"Lomatium triternatum",-122.145675,45.592433,2022,7,23,"US","HUMAN_OBSERVATION","Lomatium triternatum"
4438774303,"Lomatium triternatum",-121.876119,45.616577,2016,4,2,"US","HUMAN_OBSERVATION","Lomatium triternatum"
4413390576,"Lomatium triternatum",-121.635439,45.601978,2022,6,15,"US","HUMAN_OBSERVATION","Lomatium triternatum"
4413592509,"Lomatium triternatum",-121.30349,45.61321,2022,4,26,"US","HUMAN_OBSERVATION","Lomatium triternatum"
3759390797,"Lomatium triternatum",-121.1916,45.58911,2022,4,12,"US","HUMAN_OBSERVATION","Lomatium triternatum"
4413378437,"Lomatium triternatum",-121.129087,45.603916,2022,4,25,"US","HUMAN_OBSERVATION","Lomatium triternatum"
3820659506,"Lomatium triternatum",-117.47788,45.61955,2012,6,20,"US","PRESERVED_SPECIMEN","Lomatium triternatum"
4070165925,"Lomatium triternatum",-121.3532,45.5781,2007,5,27,"US","PRESERVED_SPECIMEN","Lomatium triternatum"
4413565658,"Lomatium triternatum",-121.293412,45.568233,2023,5,6,"US","HUMAN_OBSERVATION","Lomatium triternatum"
3760224640,"Lomatium triternatum",-121.282278,45.574444,2022,4,10,"US","HUMAN_OBSERVATION","Lomatium triternatum"
4413611386,"Lomatium triternatum",-121.19289,45.571831,2021,4,12,"US","HUMAN_OBSERVATION","Lomatium triternatum"
4438667400,"Lomatium triternatum",-121.165135,45.557013,2021,4,18,"US","HUMAN_OBSERVATION","Lomatium triternatum"
2596245023,"Lomatium triternatum",-118.451421,45.578531,2018,5,5,"US","HUMAN_OBSERVATION","Lomatium triternatum"
4068935174,"Lomatium triternatum",-116.960556,45.579306,2018,6,4,"US","PRESERVED_SPECIMEN","Lomatium triternatum"
4069797328,"Lomatium triternatum",-113.848292,45.564189,2011,6,28,"US","PRESERVED_SPECIMEN","Lomatium triternatum"
4068897854,"Lomatium triternatum",-116.356517,45.4994,2005,4,8,"US","PRESERVED_SPECIMEN","Lomatium triternatum"
3873203530,"Lomatium triternatum",-122.648838,45.437012,2022,7,10,"US","HUMAN_OBSERVATION","Lomatium triternatum"
4404986473,"Lomatium triternatum",-118.25797,45.43384,2009,6,15,"US","PRESERVED_SPECIMEN","Lomatium triternatum"
1848751783,"Lomatium triternatum",-122.676226,45.388159,2018,4,26,"US","HUMAN_OBSERVATION","Lomatium triternatum"
4413594850,"Lomatium triternatum",-121.3964,45.415161,2023,6,4,"US","HUMAN_OBSERVATION","Lomatium triternatum"
4413366440,"Lomatium triternatum",-121.362663,45.406605,2022,5,25,"US","HUMAN_OBSERVATION","Lomatium triternatum"
4069012769,"Lomatium triternatum",-119.24343,45.38477,2016,5,19,"US","PRESERVED_SPECIMEN","Lomatium triternatum"
4073829509,"Lomatium triternatum",-114.67799,45.37608,2011,6,7,"US","PRESERVED_SPECIMEN","Lomatium triternatum"
4011528371,"Lomatium triternatum",-121.054339,45.358262,2021,4,28,"US","HUMAN_OBSERVATION","Lomatium triternatum"
3859087325,"Lomatium triternatum",-122.799546,45.331087,2017,4,4,"US","HUMAN_OBSERVATION","Lomatium triternatum"
4070166564,"Lomatium triternatum",-122.66524,45.31347,2017,6,5,"US","PRESERVED_SPECIMEN","Lomatium triternatum"
4133799319,"Lomatium triternatum",-122.600469,45.332847,2019,5,14,"US","HUMAN_OBSERVATION","Lomatium triternatum"
4073949330,"Lomatium triternatum",-119.572498,45.322925,2011,4,4,"US","PRESERVED_SPECIMEN","Lomatium triternatum"
2529362033,"Lomatium triternatum",-122.788465,45.272214,2019,5,15,"US","HUMAN_OBSERVATION","Lomatium triternatum"
3860685209,"Lomatium triternatum",-121.3843,45.258308,2022,6,2,"US","HUMAN_OBSERVATION","Lomatium triternatum"
1850907030,"Lomatium triternatum",-111.313087,45.252138,2018,5,21,"US","HUMAN_OBSERVATION","Lomatium triternatum"
3301977560,"Lomatium triternatum",-111.28244,45.269961,2021,6,6,"US","HUMAN_OBSERVATION","Lomatium triternatum"
3860687727,"Lomatium triternatum",-121.537712,45.234622,2022,6,29,"US","HUMAN_OBSERVATION","Lomatium triternatum"
4073732551,"Lomatium triternatum",-114.964188,45.208705,2000,7,1,"US","PRESERVED_SPECIMEN","Lomatium triternatum"
3766282914,"Lomatium triternatum",-110.747,45.2381,2007,7,8,"US","PRESERVED_SPECIMEN","Lomatium triternatum"
2529369064,"Lomatium triternatum",-121.38716,45.192907,2019,5,28,"US","HUMAN_OBSERVATION","Lomatium triternatum"
4438629425,"Lomatium triternatum",-121.235953,45.17643,2021,4,26,"US","HUMAN_OBSERVATION","Lomatium triternatum"
4102606615,"Lomatium triternatum",-121.077514,45.206839,2023,4,25,"US","HUMAN_OBSERVATION","Lomatium triternatum"
3097091150,"Lomatium triternatum",-121.38041,45.132358,2021,4,17,"US","HUMAN_OBSERVATION","Lomatium triternatum"
2620142442,"Lomatium triternatum",-121.365162,45.118037,2020,5,3,"US","HUMAN_OBSERVATION","Lomatium triternatum"
4073778172,"Lomatium triternatum",-114.838921,45.121978,2011,6,25,"US","PRESERVED_SPECIMEN","Lomatium triternatum"
4073835182,"Lomatium triternatum",-114.8039847,45.1123373,2011,6,14,"US","PRESERVED_SPECIMEN","Lomatium triternatum"
4069936841,"Lomatium triternatum",-112.8338,45.0803,2004,6,3,"US","PRESERVED_SPECIMEN","Lomatium triternatum"
4507608756,"Lomatium triternatum",-123.419749,45.021219,2023,3,16,"US","HUMAN_OBSERVATION","Lomatium triternatum"
4116132950,"Lomatium triternatum",-123.261697,44.970205,2023,5,9,"US","HUMAN_OBSERVATION","Lomatium triternatum"
3858165504,"Lomatium triternatum",-122.378915,44.969757,2020,5,28,"US","HUMAN_OBSERVATION","Lomatium triternatum"
4034868316,"Lomatium triternatum",-119.721,44.976,2019,5,11,"US","HUMAN_OBSERVATION","Lomatium triternatum"
4073781384,"Lomatium triternatum",-116.716314,44.991731,2018,5,11,"US","PRESERVED_SPECIMEN","Lomatium triternatum"
4067335345,"Lomatium triternatum",-110.69913,44.976879,2002,6,14,"US","HUMAN_OBSERVATION","Lomatium triternatum"
3820734054,"Lomatium triternatum",-119.54188,44.94093,2019,6,12,"US","PRESERVED_SPECIMEN","Lomatium triternatum"
4137632080,"Lomatium triternatum",-110.506133,44.954967,2023,6,8,"US","HUMAN_OBSERVATION","Lomatium triternatum"
1269548072,"Lomatium triternatum",-110.446555,44.954237,2016,5,7,"US","HUMAN_OBSERVATION","Lomatium triternatum"
4507778334,"Lomatium triternatum",-122.885413,44.893596,2019,5,10,"US","HUMAN_OBSERVATION","Lomatium triternatum"
4116369078,"Lomatium triternatum",-120.936401,44.894675,2023,5,10,"US","HUMAN_OBSERVATION","Lomatium triternatum"
4046714473,"Lomatium triternatum",-120.411983,44.913352,2022,4,21,"US","HUMAN_OBSERVATION","Lomatium triternatum"
4073857332,"Lomatium triternatum",-116.7142,44.898533,2011,6,24,"US","PRESERVED_SPECIMEN","Lomatium triternatum"
1562948925,"Lomatium triternatum",-110.426322,44.914528,2017,5,12,"US","HUMAN_OBSERVATION","Lomatium triternatum"
4069672230,"Lomatium triternatum",-121.2176,44.8672,2019,5,2,"US","PRESERVED_SPECIMEN","Lomatium triternatum"
4102757607,"Lomatium triternatum",-120.913916,44.841528,2023,4,29,"US","HUMAN_OBSERVATION","Lomatium triternatum"
4046456484,"Lomatium triternatum",-120.419799,44.873885,2022,4,18,"US","HUMAN_OBSERVATION","Lomatium triternatum"
2596110867,"Lomatium triternatum",-119.108585,44.850662,2012,4,17,"US","HUMAN_OBSERVATION","Lomatium triternatum"
4073804486,"Lomatium triternatum",-116.403405,44.823323,2015,4,5,"US","PRESERVED_SPECIMEN","Lomatium triternatum"
3759869577,"Lomatium triternatum",-120.7816,44.758,2021,4,28,"US","HUMAN_OBSERVATION","Lomatium triternatum"
2596329767,"Lomatium triternatum",-120.472528,44.786447,2020,3,29,"US","HUMAN_OBSERVATION","Lomatium triternatum"
4073961677,"Lomatium triternatum",-116.19762,44.76438,2013,7,3,"US","PRESERVED_SPECIMEN","Lomatium triternatum"
4039381394,"Lomatium triternatum",-120.24408,44.666828,2021,4,13,"US","HUMAN_OBSERVATION","Lomatium triternatum"
4046402485,"Lomatium triternatum",-120.068917,44.681763,2022,5,21,"US","HUMAN_OBSERVATION","Lomatium triternatum"
4069717420,"Lomatium triternatum",-119.148408,44.671256,2010,5,27,"US","PRESERVED_SPECIMEN","Lomatium triternatum"
4046269521,"Lomatium triternatum",-120.130958,44.659995,2022,5,14,"US","HUMAN_OBSERVATION","Lomatium triternatum"
4068966507,"Lomatium triternatum",-117.57938,44.65295,2017,5,13,"US","PRESERVED_SPECIMEN","Lomatium triternatum"
4507787861,"Lomatium triternatum",-123.417372,44.594472,2023,5,7,"US","HUMAN_OBSERVATION","Lomatium triternatum"
4507583466,"Lomatium triternatum",-123.354867,44.554622,2021,5,12,"US","HUMAN_OBSERVATION","Lomatium triternatum"
3118261083,"Lomatium triternatum",-121.619032,44.563103,2021,5,15,"US","HUMAN_OBSERVATION","Lomatium triternatum"
3860460980,"Lomatium triternatum",-121.457619,44.559025,2022,6,8,"US","HUMAN_OBSERVATION","Lomatium triternatum"
4069671535,"Lomatium triternatum",-121.06,44.581,2000,5,29,"US","PRESERVED_SPECIMEN","Lomatium triternatum"
4102963386,"Lomatium triternatum",-119.631964,44.544523,2023,4,30,"US","HUMAN_OBSERVATION","Lomatium triternatum"
4507591861,"Lomatium triternatum",-123.419961,44.521985,2023,5,12,"US","HUMAN_OBSERVATION","Lomatium triternatum"
4069046668,"Lomatium triternatum",-119.887115,44.526905,2016,5,19,"US","PRESERVED_SPECIMEN","Lomatium triternatum"
4120924368,"Lomatium triternatum",-110.836075,44.528546,2023,5,20,"US","HUMAN_OBSERVATION","Lomatium triternatum"
4126882527,"Lomatium triternatum",-123.449638,44.489137,2023,5,24,"US","HUMAN_OBSERVATION","Lomatium triternatum"
4129903663,"Lomatium triternatum",-123.412322,44.472778,2023,5,28,"US","HUMAN_OBSERVATION","Lomatium triternatum"
4133702670,"Lomatium triternatum",-121.663759,44.467377,2023,6,9,"US","HUMAN_OBSERVATION","Lomatium triternatum"
2609202870,"Lomatium triternatum",-121.2928,44.463878,2020,4,16,"US","HUMAN_OBSERVATION","Lomatium triternatum"
4516417841,"Lomatium triternatum",-121.214335,44.46283,2022,5,3,"US","HUMAN_OBSERVATION","Lomatium triternatum"
3773313390,"Lomatium triternatum",-121.189895,44.474178,2022,5,11,"US","HUMAN_OBSERVATION","Lomatium triternatum"
3456252072,"Lomatium triternatum",-114.326758,44.484013,2017,5,18,"US","HUMAN_OBSERVATION","Lomatium triternatum"
2012953114,"Lomatium triternatum",-110.831012,44.460985,2018,5,27,"US","HUMAN_OBSERVATION","Lomatium triternatum"
3760223115,"Lomatium triternatum",-123.327736,44.419783,2022,4,15,"US","HUMAN_OBSERVATION","Lomatium triternatum"
3859528845,"Lomatium triternatum",-121.665725,44.41915,2022,6,14,"US","HUMAN_OBSERVATION","Lomatium triternatum"
3301932515,"Lomatium triternatum",-121.589602,44.417539,2021,6,4,"US","HUMAN_OBSERVATION","Lomatium triternatum"
4068895999,"Lomatium triternatum",-120.41273,44.42175,2022,6,15,"US","PRESERVED_SPECIMEN","Lomatium triternatum"
4068909850,"Lomatium triternatum",-120.35326,44.44239,2022,6,16,"US","PRESERVED_SPECIMEN","Lomatium triternatum"
2641407514,"Lomatium triternatum",-119.938933,44.451136,2020,5,23,"US","HUMAN_OBSERVATION","Lomatium triternatum"
1838417264,"Lomatium triternatum",-113.447167,44.45485,2016,6,18,"US","HUMAN_OBSERVATION","Lomatium triternatum"
2244229226,"Lomatium triternatum",-112.276908,44.425094,2019,5,16,"US","HUMAN_OBSERVATION","Lomatium triternatum"
4133716855,"Lomatium triternatum",-111.418067,44.449437,2023,6,11,"US","HUMAN_OBSERVATION","Lomatium triternatum"
3772702859,"Lomatium triternatum",-123.333672,44.411533,2022,4,29,"US","HUMAN_OBSERVATION","Lomatium triternatum"
4507601810,"Lomatium triternatum",-123.311885,44.397445,2023,4,22,"US","HUMAN_OBSERVATION","Lomatium triternatum"
3859520937,"Lomatium triternatum",-120.543595,44.386895,2022,6,12,"US","HUMAN_OBSERVATION","Lomatium triternatum"
3301801635,"Lomatium triternatum",-120.526467,44.410337,2021,6,3,"US","HUMAN_OBSERVATION","Lomatium triternatum"
4068959296,"Lomatium triternatum",-120.41508,44.40571,2022,6,15,"US","PRESERVED_SPECIMEN","Lomatium triternatum"
2619895300,"Lomatium triternatum",-120.28927,44.38461,2020,5,1,"US","HUMAN_OBSERVATION","Lomatium triternatum"
1928085529,"Lomatium triternatum",-116.90665,44.415417,2007,5,13,"US","PRESERVED_SPECIMEN","Lomatium triternatum"
2251912935,"Lomatium triternatum",-121.707603,44.35027,2019,5,26,"US","HUMAN_OBSERVATION","Lomatium triternatum"
3773143938,"Lomatium triternatum",-121.451555,44.338404,2022,4,26,"US","HUMAN_OBSERVATION","Lomatium triternatum"
4516158926,"Lomatium triternatum",-121.14945,44.364729,2022,5,23,"US","HUMAN_OBSERVATION","Lomatium triternatum"
3327687555,"Lomatium triternatum",-120.23,44.358,2021,5,24,"US","HUMAN_OBSERVATION","Lomatium triternatum"
3859246899,"Lomatium triternatum",-119.911637,44.339002,2022,6,7,"US","HUMAN_OBSERVATION","Lomatium triternatum"
4073821390,"Lomatium triternatum",-116.935833,44.365667,2001,5,3,"US","PRESERVED_SPECIMEN","Lomatium triternatum"
4096622512,"Lomatium triternatum",-116.887643,44.342657,2023,4,23,"US","HUMAN_OBSERVATION","Lomatium triternatum"
2626232542,"Lomatium triternatum",-122.952,44.3178,2020,5,15,"US","HUMAN_OBSERVATION","Lomatium triternatum"
3858341729,"Lomatium triternatum",-121.532175,44.325775,2022,5,29,"US","HUMAN_OBSERVATION","Lomatium triternatum"
3384856164,"Lomatium triternatum",-120.819715,44.321738,2021,4,24,"US","HUMAN_OBSERVATION","Lomatium triternatum"
3112319985,"Lomatium triternatum",-121.64635,44.29049,2021,4,30,"US","HUMAN_OBSERVATION","Lomatium triternatum"
2818739267,"Lomatium triternatum",-121.621072,44.278488,2020,7,12,"US","HUMAN_OBSERVATION","Lomatium triternatum"
3773776101,"Lomatium triternatum",-121.258086,44.277098,2022,5,9,"US","HUMAN_OBSERVATION","Lomatium triternatum"
2802534665,"Lomatium triternatum",-119.482522,44.287579,2020,5,29,"US","HUMAN_OBSERVATION","Lomatium triternatum"
2445118410,"Lomatium triternatum",-119.280678,44.277142,2019,6,3,"US","HUMAN_OBSERVATION","Lomatium triternatum"
4069005731,"Lomatium triternatum",-116.99999,44.25001,2007,5,13,"US","PRESERVED_SPECIMEN","Lomatium triternatum"
4073807382,"Lomatium triternatum",-116.7836339,44.258588,2005,6,22,"US","PRESERVED_SPECIMEN","Lomatium triternatum"
4069000855,"Lomatium triternatum",-116.68,44.255,2010,4,25,"US","PRESERVED_SPECIMEN","Lomatium triternatum"
3967660015,"Lomatium triternatum",-113.677567,44.249133,2002,5,28,"US","PRESERVED_SPECIMEN","Lomatium triternatum"
2545506969,"Lomatium triternatum",-111.484428,44.21809,2013,NA,NA,"US","HUMAN_OBSERVATION","Lomatium triternatum"
4054783402,"Lomatium triternatum",-121.757509,44.200115,2012,5,26,"US","HUMAN_OBSERVATION","Lomatium triternatum"
4075745642,"Lomatium triternatum",-120.335379,44.187899,2022,6,17,"US","HUMAN_OBSERVATION","Lomatium triternatum"
3124813143,"Lomatium triternatum",-115.814413,44.188823,2021,5,23,"US","HUMAN_OBSERVATION","Lomatium triternatum"
2545509618,"Lomatium triternatum",-120.371582,44.163055,2013,NA,NA,"US","HUMAN_OBSERVATION","Lomatium triternatum"
4068953788,"Lomatium triternatum",-120.26749,44.15378,2022,6,16,"US","PRESERVED_SPECIMEN","Lomatium triternatum"
4073821945,"Lomatium triternatum",-116.429603,44.139292,2005,6,14,"US","PRESERVED_SPECIMEN","Lomatium triternatum"
4073748722,"Lomatium triternatum",-113.3626,44.1358,2016,6,17,"US","PRESERVED_SPECIMEN","Lomatium triternatum"
4120951283,"Lomatium triternatum",-123.002361,44.113893,2023,5,20,"US","HUMAN_OBSERVATION","Lomatium triternatum"
3113389747,"Lomatium triternatum",-120.318722,44.097675,2021,5,12,"US","HUMAN_OBSERVATION","Lomatium triternatum"
3820696305,"Lomatium triternatum",-118.864,44.1246,2010,5,21,"US","PRESERVED_SPECIMEN","Lomatium triternatum"
4070174467,"Lomatium triternatum",-116.4299,44.11304,2005,5,10,"US","PRESERVED_SPECIMEN","Lomatium triternatum"
4506555001,"Lomatium triternatum",-121.376542,44.082603,2023,7,15,"US","HUMAN_OBSERVATION","Lomatium triternatum"
4069676789,"Lomatium triternatum",-121.31667,44.075,2001,5,26,"US","PRESERVED_SPECIMEN","Lomatium triternatum"
2620066730,"Lomatium triternatum",-121.288797,44.081434,2020,5,7,"US","HUMAN_OBSERVATION","Lomatium triternatum"
1317628055,"Lomatium triternatum",-117.19,44.0696,2011,6,14,"US","PRESERVED_SPECIMEN","Lomatium triternatum"
4073797011,"Lomatium triternatum",-116.85571,44.053298,2010,6,14,"US","PRESERVED_SPECIMEN","Lomatium triternatum"
3764168701,"Lomatium triternatum",-123.158402,44.022002,2022,4,23,"US","HUMAN_OBSERVATION","Lomatium triternatum"
4121009361,"Lomatium triternatum",-123.084544,44.00645,2023,5,19,"US","HUMAN_OBSERVATION","Lomatium triternatum"
3058725460,"Lomatium triternatum",-123.051328,44.027628,2020,4,17,"US","HUMAN_OBSERVATION","Lomatium triternatum"
4516610392,"Lomatium triternatum",-123.040472,44.027678,2023,6,19,"US","HUMAN_OBSERVATION","Lomatium triternatum"
3873352641,"Lomatium triternatum",-122.966117,44.009483,2022,5,30,"US","HUMAN_OBSERVATION","Lomatium triternatum"
3097197561,"Lomatium triternatum",-122.94766,44.004763,2021,4,21,"US","HUMAN_OBSERVATION","Lomatium triternatum"
2874037541,"Lomatium triternatum",-121.567313,44.033086,2020,9,28,"US","HUMAN_OBSERVATION","Lomatium triternatum"
3112787667,"Lomatium triternatum",-123.116285,43.973021,2021,5,3,"US","HUMAN_OBSERVATION","Lomatium triternatum"
3112516289,"Lomatium triternatum",-123.030325,43.995189,2021,5,1,"US","HUMAN_OBSERVATION","Lomatium triternatum"
3873709550,"Lomatium triternatum",-122.95557,43.99278,2022,3,19,"US","HUMAN_OBSERVATION","Lomatium triternatum"
4465390964,"Lomatium triternatum",-121.197572,43.958837,2023,7,3,"US","HUMAN_OBSERVATION","Lomatium triternatum"
2802894990,"Lomatium triternatum",-113.476323,43.987544,2020,6,13,"US","HUMAN_OBSERVATION","Lomatium triternatum"
3118394907,"Lomatium triternatum",-122.772513,43.9571,2021,5,15,"US","HUMAN_OBSERVATION","Lomatium triternatum"
4511643497,"Lomatium triternatum",-120.747,43.9269,2015,5,22,"US","PRESERVED_SPECIMEN","Lomatium triternatum"
2545483851,"Lomatium triternatum",-121.225578,43.915119,2013,NA,NA,"US","HUMAN_OBSERVATION","Lomatium triternatum"
4073802494,"Lomatium triternatum",-113.682907,43.91512,2020,7,28,"US","PRESERVED_SPECIMEN","Lomatium triternatum"
2634094386,"Lomatium triternatum",-110.594422,43.904695,2020,5,29,"US","HUMAN_OBSERVATION","Lomatium triternatum"
4070170275,"Lomatium triternatum",-116.4087,43.84645,2004,4,15,"US","PRESERVED_SPECIMEN","Lomatium triternatum"
3067589884,"Lomatium triternatum",-123.093838,43.803653,2020,4,26,"US","HUMAN_OBSERVATION","Lomatium triternatum"
4067159622,"Lomatium triternatum",-121.573512,43.831374,2022,7,1,"US","HUMAN_OBSERVATION","Lomatium triternatum"
4127370359,"Lomatium triternatum",-118.1647,43.8203,2023,5,13,"US","HUMAN_OBSERVATION","Lomatium triternatum"
3858378423,"Lomatium triternatum",-122.426883,43.754747,2022,5,13,"US","HUMAN_OBSERVATION","Lomatium triternatum"
3759575552,"Lomatium triternatum",-118.988416,43.789304,2021,6,6,"US","HUMAN_OBSERVATION","Lomatium triternatum"
1928128810,"Lomatium triternatum",-118.4761,43.7531,2010,5,3,"US","PRESERVED_SPECIMEN","Lomatium triternatum"
3772764391,"Lomatium triternatum",-116.260741,43.777235,2021,5,9,"US","HUMAN_OBSERVATION","Lomatium triternatum"
4133719667,"Lomatium triternatum",-116.309136,43.712936,2023,5,27,"US","HUMAN_OBSERVATION","Lomatium triternatum"
3764240413,"Lomatium triternatum",-116.233213,43.724638,2022,4,2,"US","HUMAN_OBSERVATION","Lomatium triternatum"
2634243668,"Lomatium triternatum",-111.101242,43.724195,2020,5,8,"US","HUMAN_OBSERVATION","Lomatium triternatum"
2269232002,"Lomatium triternatum",-110.660147,43.718283,2019,6,13,"US","HUMAN_OBSERVATION","Lomatium triternatum"
3773046006,"Lomatium triternatum",-116.26884,43.68425,2022,5,5,"US","HUMAN_OBSERVATION","Lomatium triternatum"
3773282418,"Lomatium triternatum",-116.231562,43.68205,2021,3,21,"US","HUMAN_OBSERVATION","Lomatium triternatum"
4070168659,"Lomatium triternatum",-116.18,43.671,2005,4,17,"US","PRESERVED_SPECIMEN","Lomatium triternatum"
4430408405,"Lomatium triternatum",-115.977822,43.678147,2020,5,2,"US","HUMAN_OBSERVATION","Lomatium triternatum"
3902191375,"Lomatium triternatum",-110.736167,43.695767,2019,6,9,"US","HUMAN_OBSERVATION","Lomatium triternatum"
3764209541,"Lomatium triternatum",-119.088179,43.653848,2022,4,22,"US","HUMAN_OBSERVATION","Lomatium triternatum"
4068896455,"Lomatium triternatum",-117.67723,43.66175,2022,5,16,"US","PRESERVED_SPECIMEN","Lomatium triternatum"
3759768574,"Lomatium triternatum",-116.299095,43.643038,2022,4,10,"US","HUMAN_OBSERVATION","Lomatium triternatum"
3773161390,"Lomatium triternatum",-116.22386,43.650971,2021,3,15,"US","HUMAN_OBSERVATION","Lomatium triternatum"
4103138183,"Lomatium triternatum",-116.175422,43.641617,2023,4,28,"US","HUMAN_OBSERVATION","Lomatium triternatum"
2634271618,"Lomatium triternatum",-111.19281,43.650504,2020,4,28,"US","HUMAN_OBSERVATION","Lomatium triternatum"
3113439583,"Lomatium triternatum",-120.065451,43.586678,2021,5,4,"US","HUMAN_OBSERVATION","Lomatium triternatum"
3325557496,"Lomatium triternatum",-119.063447,43.597778,2021,6,21,"US","HUMAN_OBSERVATION","Lomatium triternatum"
4069011050,"Lomatium triternatum",-117.693952,43.613801,2022,5,16,"US","PRESERVED_SPECIMEN","Lomatium triternatum"
4070173922,"Lomatium triternatum",-117.199,43.60158,2005,4,28,"US","PRESERVED_SPECIMEN","Lomatium triternatum"
3773123568,"Lomatium triternatum",-116.247467,43.613378,2022,4,25,"US","HUMAN_OBSERVATION","Lomatium triternatum"
3772864156,"Lomatium triternatum",-116.184271,43.615712,2022,4,29,"US","HUMAN_OBSERVATION","Lomatium triternatum"
3772646557,"Lomatium triternatum",-116.152869,43.600072,2022,4,20,"US","HUMAN_OBSERVATION","Lomatium triternatum"
4068968192,"Lomatium triternatum",-116.06313,43.60604,2015,4,23,"US","PRESERVED_SPECIMEN","Lomatium triternatum"
4070178499,"Lomatium triternatum",-115.998717,43.586867,2004,4,15,"US","PRESERVED_SPECIMEN","Lomatium triternatum"
3858720462,"Lomatium triternatum",-120.788068,43.568591,2022,5,23,"US","HUMAN_OBSERVATION","Lomatium triternatum"
3820705422,"Lomatium triternatum",-117.151111,43.553333,2013,3,28,"US","PRESERVED_SPECIMEN","Lomatium triternatum"
3772775963,"Lomatium triternatum",-116.120055,43.550391,2022,4,29,"US","HUMAN_OBSERVATION","Lomatium triternatum"
3772676391,"Lomatium triternatum",-116.043319,43.556447,2021,4,16,"US","HUMAN_OBSERVATION","Lomatium triternatum"
2626559690,"Lomatium triternatum",-110.632575,43.557083,2020,5,16,"US","HUMAN_OBSERVATION","Lomatium triternatum"
3784897857,"Lomatium triternatum",-119.320703,43.531912,2022,5,18,"US","HUMAN_OBSERVATION","Lomatium triternatum"
4069010953,"Lomatium triternatum",-117.1297,43.5151,2007,4,10,"US","PRESERVED_SPECIMEN","Lomatium triternatum"
4070179846,"Lomatium triternatum",-116.176733,43.526667,2004,4,29,"US","PRESERVED_SPECIMEN","Lomatium triternatum"
3760209967,"Lomatium triternatum",-116.109405,43.53998,2022,4,13,"US","HUMAN_OBSERVATION","Lomatium triternatum"
3773063558,"Lomatium triternatum",-116.059994,43.519006,2022,5,8,"US","HUMAN_OBSERVATION","Lomatium triternatum"
3772988382,"Lomatium triternatum",-116.038922,43.511907,2021,5,9,"US","HUMAN_OBSERVATION","Lomatium triternatum"
4121065784,"Lomatium triternatum",-119.711042,43.493172,2023,5,19,"US","HUMAN_OBSERVATION","Lomatium triternatum"
4069025511,"Lomatium triternatum",-117.1265,43.48174,2017,4,14,"US","PRESERVED_SPECIMEN","Lomatium triternatum"
4069014936,"Lomatium triternatum",-117.1233,43.47365,2016,5,3,"US","PRESERVED_SPECIMEN","Lomatium triternatum"
2620112681,"Lomatium triternatum",-116.147596,43.462197,2020,5,1,"US","HUMAN_OBSERVATION","Lomatium triternatum"
4068972685,"Lomatium triternatum",-116.068,43.484,2008,4,27,"US","PRESERVED_SPECIMEN","Lomatium triternatum"
3113265145,"Lomatium triternatum",-114.257528,43.467552,2021,5,9,"US","HUMAN_OBSERVATION","Lomatium triternatum"
3399383322,"Lomatium triternatum",-117.117185,43.455603,2021,5,4,"US","HUMAN_OBSERVATION","Lomatium triternatum"
4070177491,"Lomatium triternatum",-115.92685,43.430417,2003,5,7,"US","PRESERVED_SPECIMEN","Lomatium triternatum"
2545487464,"Lomatium triternatum",-115.470749,43.394825,2011,NA,NA,"US","HUMAN_OBSERVATION","Lomatium triternatum"
2634011346,"Lomatium triternatum",-113.01978,43.396428,2014,6,3,"US","HUMAN_OBSERVATION","Lomatium triternatum"
4069034634,"Lomatium triternatum",-117.112298,43.33471,2017,4,29,"US","PRESERVED_SPECIMEN","Lomatium triternatum"
4074153801,"Lomatium triternatum",-116.9612,43.3377,2008,5,27,"US","PRESERVED_SPECIMEN","Lomatium triternatum"
4068954156,"Lomatium triternatum",-117.175167,43.299833,2006,5,11,"US","PRESERVED_SPECIMEN","Lomatium triternatum"
4069038029,"Lomatium triternatum",-117.11942,43.32717,2011,5,18,"US","PRESERVED_SPECIMEN","Lomatium triternatum"
2244245590,"Lomatium triternatum",-115.099235,43.299299,2019,5,18,"US","HUMAN_OBSERVATION","Lomatium triternatum"
4069012084,"Lomatium triternatum",-117.24999,43.25001,2016,3,20,"US","PRESERVED_SPECIMEN","Lomatium triternatum"
4069042565,"Lomatium triternatum",-116.99999,43.25001,2017,4,28,"US","PRESERVED_SPECIMEN","Lomatium triternatum"
4511645495,"Lomatium triternatum",-115.649,43.2514,2016,5,24,"US","PRESERVED_SPECIMEN","Lomatium triternatum"
4070169000,"Lomatium triternatum",-114.669117,43.2518,2004,4,27,"US","PRESERVED_SPECIMEN","Lomatium triternatum"
2802596819,"Lomatium triternatum",-111.270906,43.282889,2020,6,5,"US","HUMAN_OBSERVATION","Lomatium triternatum"
4074151392,"Lomatium triternatum",-117.135583,43.231333,2010,5,26,"US","PRESERVED_SPECIMEN","Lomatium triternatum"
4069004616,"Lomatium triternatum",-117.0817,43.23,2008,5,24,"US","PRESERVED_SPECIMEN","Lomatium triternatum"
4073684753,"Lomatium triternatum",-115.033067,43.236133,2008,6,1,"US","PRESERVED_SPECIMEN","Lomatium triternatum"
2545504620,"Lomatium triternatum",-117.603966,43.187759,2013,NA,NA,"US","HUMAN_OBSERVATION","Lomatium triternatum"
4070181143,"Lomatium triternatum",-117.463167,43.173833,2004,6,22,"US","PRESERVED_SPECIMEN","Lomatium triternatum"
4074153548,"Lomatium triternatum",-117.333783,43.200883,2009,3,27,"US","PRESERVED_SPECIMEN","Lomatium triternatum"
3820559210,"Lomatium triternatum",-117.0533,43.157798,2014,5,16,"US","PRESERVED_SPECIMEN","Lomatium triternatum"
4069005827,"Lomatium triternatum",-117.032129,43.137127,2017,4,29,"US","PRESERVED_SPECIMEN","Lomatium triternatum"
4068913597,"Lomatium triternatum",-114.766667,43.133333,2003,5,31,"US","PRESERVED_SPECIMEN","Lomatium triternatum"
4070175034,"Lomatium triternatum",-114.346867,43.14435,2002,5,15,"US","PRESERVED_SPECIMEN","Lomatium triternatum"
4111832119,"Lomatium triternatum",-114.370843,43.095849,2023,5,8,"US","HUMAN_OBSERVATION","Lomatium triternatum"
4070174085,"Lomatium triternatum",-114.028117,43.093117,2002,7,1,"US","PRESERVED_SPECIMEN","Lomatium triternatum"
2545479871,"Lomatium triternatum",-118.985947,43.064354,2013,NA,NA,"US","HUMAN_OBSERVATION","Lomatium triternatum"
4069010375,"Lomatium triternatum",-114.663774,43.047369,2011,6,20,"US","PRESERVED_SPECIMEN","Lomatium triternatum"
4073844159,"Lomatium triternatum",-111.4227739,43.0573399,2000,6,6,"US","PRESERVED_SPECIMEN","Lomatium triternatum"
4102562657,"Lomatium triternatum",-123.970714,43.014861,2023,4,24,"US","HUMAN_OBSERVATION","Lomatium triternatum"
2397474507,"Lomatium triternatum",-120.802308,43.017311,2019,6,1,"US","HUMAN_OBSERVATION","Lomatium triternatum"
4069048273,"Lomatium triternatum",-117.24999,43.00001,2022,6,21,"US","PRESERVED_SPECIMEN","Lomatium triternatum"
4069002204,"Lomatium triternatum",-116.99999,43.00001,2021,5,12,"US","PRESERVED_SPECIMEN","Lomatium triternatum"
3860387358,"Lomatium triternatum",-111.377158,43.027878,2022,6,11,"US","HUMAN_OBSERVATION","Lomatium triternatum"
4069033709,"Lomatium triternatum",-118.158967,42.973617,2009,5,27,"US","PRESERVED_SPECIMEN","Lomatium triternatum"
2611154181,"Lomatium triternatum",-112.537662,42.919583,2020,4,24,"US","HUMAN_OBSERVATION","Lomatium triternatum"
1265906534,"Lomatium triternatum",-112.463142,42.919065,2016,4,13,"US","HUMAN_OBSERVATION","Lomatium triternatum"
4070168500,"Lomatium triternatum",-114.134,42.8883,2005,5,11,"US","PRESERVED_SPECIMEN","Lomatium triternatum"
1457639929,"Lomatium triternatum",-112.509121,42.903228,2017,4,12,"US","HUMAN_OBSERVATION","Lomatium triternatum"
4073691914,"Lomatium triternatum",-112.411,42.8865,2005,4,25,"US","PRESERVED_SPECIMEN","Lomatium triternatum"
4070169609,"Lomatium triternatum",-113.434,42.8412,2005,5,11,"US","PRESERVED_SPECIMEN","Lomatium triternatum"
2620209349,"Lomatium triternatum",-112.479555,42.837465,2020,5,5,"US","HUMAN_OBSERVATION","Lomatium triternatum"
4103327404,"Lomatium triternatum",-112.430192,42.861242,2023,4,28,"US","HUMAN_OBSERVATION","Lomatium triternatum"
4111698062,"Lomatium triternatum",-112.403053,42.850229,2023,5,3,"US","HUMAN_OBSERVATION","Lomatium triternatum"
4127095538,"Lomatium triternatum",-112.361322,42.872175,2023,5,26,"US","HUMAN_OBSERVATION","Lomatium triternatum"
2626249853,"Lomatium triternatum",-112.321778,42.850872,2020,5,14,"US","HUMAN_OBSERVATION","Lomatium triternatum"
4070166025,"Lomatium triternatum",-118.93738,42.83276,2015,3,11,"US","PRESERVED_SPECIMEN","Lomatium triternatum"
3967658005,"Lomatium triternatum",-113.11895,42.803633,2002,5,24,"US","PRESERVED_SPECIMEN","Lomatium triternatum"
3859453823,"Lomatium triternatum",-112.489258,42.804945,2022,6,15,"US","HUMAN_OBSERVATION","Lomatium triternatum"
4120976431,"Lomatium triternatum",-112.426683,42.818278,2023,5,7,"US","HUMAN_OBSERVATION","Lomatium triternatum"
3301835614,"Lomatium triternatum",-112.375453,42.819272,2021,4,23,"US","HUMAN_OBSERVATION","Lomatium triternatum"
4127340925,"Lomatium triternatum",-112.345405,42.828388,2023,5,26,"US","HUMAN_OBSERVATION","Lomatium triternatum"
3773584406,"Lomatium triternatum",-112.32857,42.82634,2022,5,7,"US","HUMAN_OBSERVATION","Lomatium triternatum"
2641369463,"Lomatium triternatum",-112.438448,42.764392,2020,5,16,"US","HUMAN_OBSERVATION","Lomatium triternatum"
4102671133,"Lomatium triternatum",-112.386009,42.760346,2023,4,28,"US","HUMAN_OBSERVATION","Lomatium triternatum"
1841195978,"Lomatium triternatum",-112.311961,42.789071,2018,4,26,"US","HUMAN_OBSERVATION","Lomatium triternatum"
4070168862,"Lomatium triternatum",-113.323,42.72705,2005,5,11,"US","PRESERVED_SPECIMEN","Lomatium triternatum"
3301814735,"Lomatium triternatum",-112.422628,42.723211,2021,5,23,"US","HUMAN_OBSERVATION","Lomatium triternatum"
4111582255,"Lomatium triternatum",-112.394767,42.746387,2023,5,3,"US","HUMAN_OBSERVATION","Lomatium triternatum"
4433448527,"Lomatium triternatum",-118.94006,42.69267,2023,6,10,"US","PRESERVED_SPECIMEN","Lomatium triternatum"
3301998448,"Lomatium triternatum",-118.777725,42.672561,2021,5,31,"US","HUMAN_OBSERVATION","Lomatium triternatum"
3124580832,"Lomatium triternatum",-112.419478,42.700414,2021,5,1,"US","HUMAN_OBSERVATION","Lomatium triternatum"
4068998899,"Lomatium triternatum",-112.34075,42.6901,2017,6,3,"US","PRESERVED_SPECIMEN","Lomatium triternatum"
4010656284,"Lomatium triternatum",-111.253765,42.700399,2022,7,6,"US","PRESERVED_SPECIMEN","Lomatium triternatum"
4063078432,"Lomatium triternatum",-124.149642,42.666095,2022,5,30,"US","HUMAN_OBSERVATION","Lomatium triternatum"
3858259653,"Lomatium triternatum",-118.915494,42.640858,2021,5,18,"US","HUMAN_OBSERVATION","Lomatium triternatum"
3301905415,"Lomatium triternatum",-118.716135,42.653827,2020,7,2,"US","HUMAN_OBSERVATION","Lomatium triternatum"
4418757319,"Lomatium triternatum",-111.606324,42.661443,2022,7,18,"US","PRESERVED_SPECIMEN","Lomatium triternatum"
441777888,"Lomatium triternatum",-120.788056,42.614444,2004,7,2,"US","PRESERVED_SPECIMEN","Lomatium triternatum"
2545495906,"Lomatium triternatum",-116.142654,42.593063,2013,NA,NA,"US","HUMAN_OBSERVATION","Lomatium triternatum"
1847482759,"Lomatium triternatum",-112.048464,42.601021,2018,5,9,"US","HUMAN_OBSERVATION","Lomatium triternatum"
3320893414,"Lomatium triternatum",-124.092608,42.555542,2021,4,21,"US","HUMAN_OBSERVATION","Lomatium triternatum"
3097281268,"Lomatium triternatum",-123.372123,42.575364,2021,4,19,"US","HUMAN_OBSERVATION","Lomatium triternatum"
3820731102,"Lomatium triternatum",-120.7005891,42.5421732,2004,7,2,"US","PRESERVED_SPECIMEN","Lomatium triternatum"
2283180891,"Lomatium triternatum",-119.616423,42.561552,2019,6,11,"US","HUMAN_OBSERVATION","Lomatium triternatum"
3302369274,"Lomatium triternatum",-118.535784,42.57702,2021,5,29,"US","HUMAN_OBSERVATION","Lomatium triternatum"
4407133510,"Lomatium triternatum",-121.90357,42.52268,2023,5,26,"US","HUMAN_OBSERVATION","Lomatium triternatum"
4404934639,"Lomatium triternatum",-120.6844135,42.5332574,2004,7,8,"US","PRESERVED_SPECIMEN","Lomatium triternatum"
4069673770,"Lomatium triternatum",-119.11,42.52,2003,5,24,"US","PRESERVED_SPECIMEN","Lomatium triternatum"
3785048538,"Lomatium triternatum",-122.948525,42.464388,2022,5,11,"US","HUMAN_OBSERVATION","Lomatium triternatum"
3802740303,"Lomatium triternatum",-122.886089,42.467042,2022,5,24,"US","HUMAN_OBSERVATION","Lomatium triternatum"
3764236353,"Lomatium triternatum",-122.672025,42.483507,2021,4,27,"US","HUMAN_OBSERVATION","Lomatium triternatum"
4137609768,"Lomatium triternatum",-120.852805,42.476455,2023,6,5,"US","HUMAN_OBSERVATION","Lomatium triternatum"
4133770334,"Lomatium triternatum",-120.807503,42.463997,2020,8,8,"US","HUMAN_OBSERVATION","Lomatium triternatum"
3820600645,"Lomatium triternatum",-123.546639,42.427639,2015,6,10,"US","PRESERVED_SPECIMEN","Lomatium triternatum"
4133742753,"Lomatium triternatum",-120.785728,42.457947,2023,6,4,"US","HUMAN_OBSERVATION","Lomatium triternatum"
2620126544,"Lomatium triternatum",-120.333563,42.424855,2020,5,1,"US","HUMAN_OBSERVATION","Lomatium triternatum"
4073796781,"Lomatium triternatum",-122.9,42.4,2000,5,NA,"US","PRESERVED_SPECIMEN","Lomatium triternatum"
3784847445,"Lomatium triternatum",-121.531104,42.410062,2022,5,16,"US","HUMAN_OBSERVATION","Lomatium triternatum"
4070172350,"Lomatium triternatum",-120.2065,42.414133,2004,5,6,"US","PRESERVED_SPECIMEN","Lomatium triternatum"
2244223708,"Lomatium triternatum",-122.780633,42.34852,2019,5,9,"US","HUMAN_OBSERVATION","Lomatium triternatum"
4133709377,"Lomatium triternatum",-120.9656,42.372233,2022,6,2,"US","HUMAN_OBSERVATION","Lomatium triternatum"
3903328284,"Lomatium triternatum",-123.77681,42.321448,2022,5,18,"US","HUMAN_OBSERVATION","Lomatium triternatum"
4022963449,"Lomatium triternatum",-122.97746,42.30915,2021,4,12,"US","HUMAN_OBSERVATION","Lomatium triternatum"
4068951663,"Lomatium triternatum",-114.5109,42.3031,2006,5,21,"US","PRESERVED_SPECIMEN","Lomatium triternatum"
3113582235,"Lomatium triternatum",-122.99578,42.259632,2021,5,9,"US","HUMAN_OBSERVATION","Lomatium triternatum"
4069024394,"Lomatium triternatum",-122.71761,42.2619,2011,5,5,"US","PRESERVED_SPECIMEN","Lomatium triternatum"
4145415360,"Lomatium triternatum",-121.797157,42.253151,2023,6,29,"US","HUMAN_OBSERVATION","Lomatium triternatum"
4076392520,"Lomatium triternatum",-123.673858,42.238853,2023,3,31,"US","HUMAN_OBSERVATION","Lomatium triternatum"
3760271079,"Lomatium triternatum",-123.660317,42.233547,2022,4,14,"US","HUMAN_OBSERVATION","Lomatium triternatum"
2237509844,"Lomatium triternatum",-122.712576,42.229987,2019,4,23,"US","HUMAN_OBSERVATION","Lomatium triternatum"
3113449993,"Lomatium triternatum",-121.774212,42.241115,2021,5,8,"US","HUMAN_OBSERVATION","Lomatium triternatum"
2984392371,"Lomatium triternatum",-121.13484,42.218015,2020,5,23,"US","HUMAN_OBSERVATION","Lomatium triternatum"
4073874874,"Lomatium triternatum",-121.143167,42.202444,2010,7,12,"US","PRESERVED_SPECIMEN","Lomatium triternatum"
4070177775,"Lomatium triternatum",-114.945,42.17998,2002,5,29,"US","PRESERVED_SPECIMEN","Lomatium triternatum"
4073842861,"Lomatium triternatum",-113.430061,42.189101,2017,7,17,"US","PRESERVED_SPECIMEN","Lomatium triternatum"
3090717993,"Lomatium triternatum",-122.954266,42.151763,2021,3,31,"US","HUMAN_OBSERVATION","Lomatium triternatum"
3414085383,"Lomatium triternatum",-121.1525,42.1635,2010,7,5,"US","PRESERVED_SPECIMEN","Lomatium triternatum"
4073946766,"Lomatium triternatum",-121.07985,42.143235,2010,7,14,"US","PRESERVED_SPECIMEN","Lomatium triternatum"
3872933889,"Lomatium triternatum",-120.261972,42.15403,2022,7,3,"US","HUMAN_OBSERVATION","Lomatium triternatum"
3413981321,"Lomatium triternatum",-120.041,42.1486,2013,7,29,"US","PRESERVED_SPECIMEN","Lomatium triternatum"
4129973795,"Lomatium triternatum",-113.669808,42.126086,2023,6,6,"US","HUMAN_OBSERVATION","Lomatium triternatum"
4068911684,"Lomatium triternatum",-112.856694,42.153306,2019,5,3,"US","PRESERVED_SPECIMEN","Lomatium triternatum"
3760252528,"Lomatium triternatum",-112.75716,42.14813,2022,4,19,"US","HUMAN_OBSERVATION","Lomatium triternatum"
4039288511,"Lomatium triternatum",-123.686297,42.095262,2022,3,27,"US","HUMAN_OBSERVATION","Lomatium triternatum"
4404930507,"Lomatium triternatum",-122.58936,42.09175,2016,5,29,"US","PRESERVED_SPECIMEN","Lomatium triternatum"
2597759833,"Lomatium triternatum",-122.553366,42.109437,2020,4,5,"US","HUMAN_OBSERVATION","Lomatium triternatum"
2456497409,"Lomatium triternatum",-122.477781,42.122506,2019,5,8,"US","HUMAN_OBSERVATION","Lomatium triternatum"
4069033832,"Lomatium triternatum",-120.69176,42.10994,2017,6,12,"US","PRESERVED_SPECIMEN","Lomatium triternatum"
4068942552,"Lomatium triternatum",-120.61755,42.11914,2017,6,12,"US","PRESERVED_SPECIMEN","Lomatium triternatum"
4068954531,"Lomatium triternatum",-120.55255,42.11592,2017,6,12,"US","PRESERVED_SPECIMEN","Lomatium triternatum"
4068910515,"Lomatium triternatum",-120.31799,42.1137,2017,6,12,"US","PRESERVED_SPECIMEN","Lomatium triternatum"
1319793036,"Lomatium triternatum",-119.994,42.0853,2011,7,21,"US","PRESERVED_SPECIMEN","Lomatium triternatum"
4069033347,"Lomatium triternatum",-119.65656,42.09412,2017,6,13,"US","PRESERVED_SPECIMEN","Lomatium triternatum"
2251874801,"Lomatium triternatum",-113.664153,42.124886,2019,5,18,"US","HUMAN_OBSERVATION","Lomatium triternatum"
3759886433,"Lomatium triternatum",-123.573673,42.063938,2020,5,10,"US","HUMAN_OBSERVATION","Lomatium triternatum"
4404980758,"Lomatium triternatum",-122.60245,42.05876,2017,6,7,"US","PRESERVED_SPECIMEN","Lomatium triternatum"
3314303927,"Lomatium triternatum",-122.090255,42.042314,2021,5,26,"US","HUMAN_OBSERVATION","Lomatium triternatum"
3860644173,"Lomatium triternatum",-120.62538,42.043828,2022,6,5,"US","HUMAN_OBSERVATION","Lomatium triternatum"
4069004862,"Lomatium triternatum",-120.2257,42.0775,2016,8,16,"US","PRESERVED_SPECIMEN","Lomatium triternatum"
1318806151,"Lomatium triternatum",-120.006,42.0732,2011,7,NA,"US","PRESERVED_SPECIMEN","Lomatium triternatum"
2813938732,"Lomatium triternatum",-113.727377,42.075387,2020,6,18,"US","HUMAN_OBSERVATION","Lomatium triternatum"
3820726509,"Lomatium triternatum",-122.60025,42.03289,2017,6,7,"US","PRESERVED_SPECIMEN","Lomatium triternatum"
2512757012,"Lomatium triternatum",-120.797,42.0283,2017,6,25,"US","PRESERVED_SPECIMEN","Lomatium triternatum"
3325490517,"Lomatium triternatum",-120.200012,42.038181,2021,6,21,"US","HUMAN_OBSERVATION","Lomatium triternatum"
3859832128,"Lomatium triternatum",-120.072812,42.038927,2022,6,9,"US","HUMAN_OBSERVATION","Lomatium triternatum"
4069049346,"Lomatium triternatum",-120.02588,42.00021,2017,6,13,"US","PRESERVED_SPECIMEN","Lomatium triternatum"
4068963528,"Lomatium triternatum",-113.74999,42.00001,2006,5,14,"US","PRESERVED_SPECIMEN","Lomatium triternatum"
1930225571,"Lomatium triternatum",-112.99999,42.00001,2002,5,24,"US","PRESERVED_SPECIMEN","Lomatium triternatum"
4022967681,"Lomatium triternatum",-122.42731,41.96485,2021,4,26,"US","HUMAN_OBSERVATION","Lomatium triternatum"
4443241082,"Lomatium triternatum",-113.684933,41.986567,2006,5,31,"US","PRESERVED_SPECIMEN","Lomatium triternatum"
4068960021,"Lomatium triternatum",-120.03069,41.95798,2017,6,13,"US","PRESERVED_SPECIMEN","Lomatium triternatum"
4404872985,"Lomatium triternatum",-119.8176,41.95515,2016,5,27,"US","PRESERVED_SPECIMEN","Lomatium triternatum"
2859144408,"Lomatium triternatum",-111.5425,41.954444,2004,8,1,"US","PRESERVED_SPECIMEN","Lomatium triternatum"
4069022465,"Lomatium triternatum",-120.30816,41.88652,2017,6,12,"US","PRESERVED_SPECIMEN","Lomatium triternatum"
4404921813,"Lomatium triternatum",-119.966667,41.9,2022,6,15,"US","PRESERVED_SPECIMEN","Lomatium triternatum"
2578937364,"Lomatium triternatum",-111.486,41.9105,2019,8,15,"US","PRESERVED_SPECIMEN","Lomatium triternatum"
1986856540,"Lomatium triternatum",-111.368889,41.876944,2011,6,6,"US","PRESERVED_SPECIMEN","Lomatium triternatum"
4129926407,"Lomatium triternatum",-123.963998,41.860624,2023,5,19,"US","HUMAN_OBSERVATION","Lomatium triternatum"
4039280401,"Lomatium triternatum",-123.952066,41.861443,2020,3,9,"US","HUMAN_OBSERVATION","Lomatium triternatum"
3988594354,"Lomatium triternatum",-123.907905,41.850945,2021,4,20,"US","HUMAN_OBSERVATION","Lomatium triternatum"
4068919712,"Lomatium triternatum",-120.883889,41.851111,2018,6,11,"US","PRESERVED_SPECIMEN","Lomatium triternatum"
4068939813,"Lomatium triternatum",-120.0214,41.84807,2017,6,13,"US","PRESERVED_SPECIMEN","Lomatium triternatum"
4404934065,"Lomatium triternatum",-119.997809,41.835553,2000,6,7,"US","PRESERVED_SPECIMEN","Lomatium triternatum"
4507908571,"Lomatium triternatum",-120.20691,41.802271,2021,5,7,"US","HUMAN_OBSERVATION","Lomatium triternatum"
3335226302,"Lomatium triternatum",-122.746012,41.734884,2021,6,13,"US","HUMAN_OBSERVATION","Lomatium triternatum"
4404941050,"Lomatium triternatum",-119.400049,41.600065,2010,6,24,"US","PRESERVED_SPECIMEN","Lomatium triternatum"
3091295129,"Lomatium triternatum",-120.47749,41.52059,2019,6,4,"US","PRESERVED_SPECIMEN","Lomatium triternatum"
3799741305,"Lomatium triternatum",-111.982945,41.496577,2022,4,21,"US","PRESERVED_SPECIMEN","Lomatium triternatum"
2634586313,"Lomatium triternatum",-111.475717,41.470963,2020,5,29,"US","HUMAN_OBSERVATION","Lomatium triternatum"
4509620334,"Lomatium triternatum",-123.42153,41.38369,2022,3,21,"US","PRESERVED_SPECIMEN","Lomatium triternatum"
3968365701,"Lomatium triternatum",-120.87,41.2696,2002,5,18,"US","PRESERVED_SPECIMEN","Lomatium triternatum"
4167714331,"Lomatium triternatum",-111.952,41.214,2023,5,12,"US","PRESERVED_SPECIMEN","Lomatium triternatum"
1986872493,"Lomatium triternatum",-111.810573,41.211114,2013,5,18,"US","PRESERVED_SPECIMEN","Lomatium triternatum"
2626918306,"Lomatium triternatum",-120.5045,41.182013,2019,5,16,"US","PRESERVED_SPECIMEN","Lomatium triternatum"
2461263415,"Lomatium triternatum",-111.938292,41.183776,2002,4,25,"US","PRESERVED_SPECIMEN","Lomatium triternatum"
4438696197,"Lomatium triternatum",-111.255379,41.204067,2023,7,2,"US","HUMAN_OBSERVATION","Lomatium triternatum"
4070388332,"Lomatium triternatum",-120.508,41.1569,2022,6,24,"US","PRESERVED_SPECIMEN","Lomatium triternatum"
2430387617,"Lomatium triternatum",-120.9435,41.02793,2012,6,19,"US","PRESERVED_SPECIMEN","Lomatium triternatum"
2418047688,"Lomatium triternatum",-120.052778,40.882222,2017,6,13,"US","PRESERVED_SPECIMEN","Lomatium triternatum"
1930735425,"Lomatium triternatum",-109.5961,40.9088,2001,6,25,"US","PRESERVED_SPECIMEN","Lomatium triternatum"
3947482411,"Lomatium triternatum",-111.890031,40.825817,2021,5,2,"US","HUMAN_OBSERVATION","Lomatium triternatum"
4091535407,"Lomatium triternatum",-111.871283,40.794913,2022,4,26,"US","HUMAN_OBSERVATION","Lomatium triternatum"
4103330730,"Lomatium triternatum",-122.891217,40.787503,2023,4,29,"US","HUMAN_OBSERVATION","Lomatium triternatum"
4103275624,"Lomatium triternatum",-111.821358,40.764288,2023,4,29,"US","HUMAN_OBSERVATION","Lomatium triternatum"
2619883115,"Lomatium triternatum",-111.686094,40.781492,2020,5,5,"US","HUMAN_OBSERVATION","Lomatium triternatum"
3467369601,"Lomatium triternatum",-120.48,40.7191,2013,7,17,"US","PRESERVED_SPECIMEN","Lomatium triternatum"
4403915460,"Lomatium triternatum",-120.14,40.737,2015,6,15,"US","PRESERVED_SPECIMEN","Lomatium triternatum"
4444289303,"Lomatium triternatum",-120.084056,40.735722,2023,7,18,"US","PRESERVED_SPECIMEN","Lomatium triternatum"
3897768085,"Lomatium triternatum",-119.928,40.7098,2013,7,2,"US","PRESERVED_SPECIMEN","Lomatium triternatum"
4126869308,"Lomatium triternatum",-111.839138,40.738974,2023,5,9,"US","HUMAN_OBSERVATION","Lomatium triternatum"
3772963962,"Lomatium triternatum",-111.819345,40.711392,2022,5,1,"US","HUMAN_OBSERVATION","Lomatium triternatum"
3773347943,"Lomatium triternatum",-111.66562,40.745079,2022,5,1,"US","HUMAN_OBSERVATION","Lomatium triternatum"
3112460329,"Lomatium triternatum",-112.044944,40.701733,2021,5,2,"US","HUMAN_OBSERVATION","Lomatium triternatum"
3097072405,"Lomatium triternatum",-111.607255,40.694996,2020,5,28,"US","HUMAN_OBSERVATION","Lomatium triternatum"
4103221327,"Lomatium triternatum",-111.568113,40.704966,2020,5,17,"US","HUMAN_OBSERVATION","Lomatium triternatum"
3759348551,"Lomatium triternatum",-111.49682,40.701838,2022,4,19,"US","HUMAN_OBSERVATION","Lomatium triternatum"
3467329954,"Lomatium triternatum",-120.47,40.665,2013,7,1,"US","PRESERVED_SPECIMEN","Lomatium triternatum"
3097063396,"Lomatium triternatum",-111.67989,40.658176,2020,6,13,"US","HUMAN_OBSERVATION","Lomatium triternatum"
3466075657,"Lomatium triternatum",-111.619256,40.648418,2021,6,16,"US","HUMAN_OBSERVATION","Lomatium triternatum"
3747336652,"Lomatium triternatum",-122.440758,40.599138,2022,3,19,"US","HUMAN_OBSERVATION","Lomatium triternatum"
3897776994,"Lomatium triternatum",-120.418,40.5876,2013,6,28,"US","PRESERVED_SPECIMEN","Lomatium triternatum"
1883506215,"Lomatium triternatum",-111.629837,40.590512,2018,7,11,"US","HUMAN_OBSERVATION","Lomatium triternatum"
2418050417,"Lomatium triternatum",-123.164722,40.562222,2018,6,7,"US","PRESERVED_SPECIMEN","Lomatium triternatum"
4068897798,"Lomatium triternatum",-120.324722,40.563056,2017,6,12,"US","PRESERVED_SPECIMEN","Lomatium triternatum"
3112327362,"Lomatium triternatum",-111.604043,40.580526,2020,7,19,"US","HUMAN_OBSERVATION","Lomatium triternatum"
3773052898,"Lomatium triternatum",-111.450591,40.544999,2022,5,5,"US","HUMAN_OBSERVATION","Lomatium triternatum"
3428567467,"Lomatium triternatum",-109.068747,40.501091,2002,5,28,"US","PRESERVED_SPECIMEN","Lomatium triternatum"
3455925668,"Lomatium triternatum",-112.36457,40.46593,2019,4,17,"US","HUMAN_OBSERVATION","Lomatium triternatum"
1839213856,"Lomatium triternatum",-111.758202,40.475509,2018,4,20,"US","HUMAN_OBSERVATION","Lomatium triternatum"
3888879396,"Lomatium triternatum",-120.270093,40.445537,2022,4,25,"US","HUMAN_OBSERVATION","Lomatium triternatum"
4511668341,"Lomatium triternatum",-109.076,40.4389,2016,7,15,"US","PRESERVED_SPECIMEN","Lomatium triternatum"
3428567128,"Lomatium triternatum",-108.995492,40.428455,2002,5,11,"US","PRESERVED_SPECIMEN","Lomatium triternatum"
3820739858,"Lomatium triternatum",-123.259567,40.399444,2018,5,19,"US","PRESERVED_SPECIMEN","Lomatium triternatum"
4171343307,"Lomatium triternatum",-111.709112,40.378822,2017,4,29,"US","HUMAN_OBSERVATION","Lomatium triternatum"
4137786823,"Lomatium triternatum",-111.708303,40.370486,2023,6,1,"US","HUMAN_OBSERVATION","Lomatium triternatum"
4116094807,"Lomatium triternatum",-111.624175,40.223458,2023,4,26,"US","HUMAN_OBSERVATION","Lomatium triternatum"
3820607930,"Lomatium triternatum",-123.531197,39.667961,2018,5,18,"US","PRESERVED_SPECIMEN","Lomatium triternatum"
4068931773,"Lomatium triternatum",-123.295833,39.707439,2018,5,18,"US","PRESERVED_SPECIMEN","Lomatium triternatum"
3053473907,"Lomatium triternatum",-122.975631,39.674594,2018,6,11,"US","PRESERVED_SPECIMEN","Lomatium triternatum"
4404974339,"Lomatium triternatum",-120.009504,39.651448,2013,6,8,"US","PRESERVED_SPECIMEN","Lomatium triternatum"
2418050897,"Lomatium triternatum",-122.915278,39.600278,2011,7,3,"US","PRESERVED_SPECIMEN","Lomatium triternatum"
4121196575,"Lomatium triternatum",-107.326522,39.582789,2013,4,26,"US","HUMAN_OBSERVATION","Lomatium triternatum"
4069009308,"Lomatium triternatum",-122.729962,39.273629,2017,5,28,"US","PRESERVED_SPECIMEN","Lomatium triternatum"
4126878928,"Lomatium triternatum",-107.867202,38.964802,2023,5,27,"US","HUMAN_OBSERVATION","Lomatium triternatum"
3859986190,"Lomatium triternatum",-106.811447,38.727131,2022,5,24,"US","HUMAN_OBSERVATION","Lomatium triternatum"
2265798743,"Lomatium triternatum",-107.605288,38.679289,2019,5,25,"US","HUMAN_OBSERVATION","Lomatium triternatum"
4440657568,"Lomatium triternatum",-107.750022,38.565219,2023,5,16,"US","HUMAN_OBSERVATION","Lomatium triternatum"
4028765571,"Lomatium triternatum",-107.721226,38.577241,2022,5,13,"US","HUMAN_OBSERVATION","Lomatium triternatum"
4129861650,"Lomatium triternatum",-107.688406,38.554565,2023,5,23,"US","HUMAN_OBSERVATION","Lomatium triternatum"
4129684726,"Lomatium triternatum",-106.927978,38.553447,2023,5,30,"US","HUMAN_OBSERVATION","Lomatium triternatum"
3355545368,"Lomatium triternatum",-109.314628,38.491837,2020,5,14,"US","HUMAN_OBSERVATION","Lomatium triternatum"
3118348440,"Lomatium triternatum",-107.16668,38.465746,2021,5,18,"US","HUMAN_OBSERVATION","Lomatium triternatum"
2422846554,"Lomatium triternatum",-109.305016,38.428249,2019,6,3,"US","HUMAN_OBSERVATION","Lomatium triternatum"
