"gbifID","species","longitude","latitude","year","month","day","countryCode","accepted_name","mean"
1988100188,"Lomatium dissectum",-119.400011,49.95492,2013,5,15,"CA","Lomatium dissectum",8.6915111541748
894979481,"Lomatium dissectum",-113.95005,49.81635,2009,7,22,"CA","Lomatium dissectum",3.44294762611389
3873016717,"Lomatium dissectum",-117.455523,49.499002,2022,6,18,"CA","Lomatium dissectum",7.42468404769897
3913640325,"Lomatium dissectum",-114.28388,49.41747,2018,5,30,"CA","Lomatium dissectum",3.61513233184814
1949650193,"Lomatium dissectum",-119.626667,49.301667,2007,5,11,"CA","Lomatium dissectum",7.92854690551758
3947855368,"Lomatium dissectum",-114.10133,49.32249,2018,6,13,"CA","Lomatium dissectum",2.52078723907471
2251588285,"Lomatium dissectum",-119.618,49.2086,2011,5,22,"CA","Lomatium dissectum",7.78190755844116
1839334396,"Lomatium dissectum",-113.49485,48.9980399990662,2017,5,29,"CA","Lomatium dissectum",4.06287622451782
3070604686,"Lomatium dissectum",-113.708405,48.79731,2019,6,19,"US","Lomatium dissectum",1.3786324262619
2802756281,"Lomatium dissectum",-123.666716,48.781816,2020,5,3,"CA","Lomatium dissectum",10.4180698394775
3705605386,"Lomatium dissectum",-123.640317,48.791158,2021,5,28,"CA","Lomatium dissectum",10.3533868789673
2626220506,"Lomatium dissectum",-123.681688,48.712801,2018,5,17,"CA","Lomatium dissectum",10.0323553085327
1500303236,"Lomatium dissectum",-123.383114,48.581108,2017,4,22,"CA","Lomatium dissectum",10.3495426177979
1500302443,"Lomatium dissectum",-123.371261,48.510699,2017,4,22,"CA","Lomatium dissectum",10.6341390609741
3874164451,"Lomatium dissectum",-121.60018,48.51893,2022,7,16,"US","Lomatium dissectum",6.27229356765747
2626340866,"Lomatium dissectum",-120.251962,48.537813,2020,5,16,"US","Lomatium dissectum",7.1836895942688
3773293208,"Lomatium dissectum",-123.441231,48.48339,2022,5,3,"CA","Lomatium dissectum",10.4612693786621
2609192823,"Lomatium dissectum",-123.387141,48.495097,2012,4,29,"CA","Lomatium dissectum",10.7868175506592
3705669394,"Lomatium dissectum",-123.349372,48.491762,2022,2,27,"CA","Lomatium dissectum",10.7900323867798
3760004253,"Lomatium dissectum",-123.315051,48.497423,2022,4,5,"CA","Lomatium dissectum",10.7701063156128
2596252869,"Lomatium dissectum",-120.253058,48.463383,2019,5,12,"US","Lomatium dissectum",6.92720794677734
2460068321,"Lomatium dissectum",-116.296579,48.498396,2013,5,26,"US","Lomatium dissectum",5.5965313911438
3759058876,"Lomatium dissectum",-123.524322,48.44999,2022,3,18,"CA","Lomatium dissectum",10.1351537704468
3090930728,"Lomatium dissectum",-123.452699,48.433683,2021,4,12,"CA","Lomatium dissectum",10.5988845825195
2626584504,"Lomatium dissectum",-123.394893,48.444421,2020,5,8,"CA","Lomatium dissectum",10.7696027755737
3759369834,"Lomatium dissectum",-123.230479,48.434258,2022,4,13,"CA","Lomatium dissectum",10.7908143997192
2609187734,"Lomatium dissectum",-120.255508,48.434047,2020,4,19,"US","Lomatium dissectum",6.05772590637207
3985892914,"Lomatium dissectum",-120.063628,48.433403,2021,6,4,"US","Lomatium dissectum",6.74948358535767
3759405914,"Lomatium dissectum",-123.365764,48.411139,2022,4,13,"CA","Lomatium dissectum",10.8972997665405
3407949109,"Lomatium dissectum",-123.305686,48.399431,2021,10,30,"CA","Lomatium dissectum",10.738151550293
3773624766,"Lomatium dissectum",-116.365951,48.299561,2022,5,5,"US","Lomatium dissectum",7.09376239776611
3988439642,"Lomatium dissectum",-120.301387,48.281121,2022,7,5,"US","Lomatium dissectum",2.8483738899231
3784950470,"Lomatium dissectum",-120.171013,48.182364,2022,5,12,"US","Lomatium dissectum",6.71034240722656
3773110655,"Lomatium dissectum",-117.28152,48.204331,2022,5,3,"US","Lomatium dissectum",7.36052513122559
3772430937,"Lomatium dissectum",-116.3892,48.179772,2022,4,29,"US","Lomatium dissectum",8.38148975372314
2269265975,"Lomatium dissectum",-114.336367,48.174565,2019,6,16,"US","Lomatium dissectum",7.05326747894287
3912162351,"Lomatium dissectum",-116.577805,47.953153,2020,5,2,"US","Lomatium dissectum",7.20981884002686
2573422024,"Lomatium dissectum",-115.763579,47.908353,2002,7,21,"US","Lomatium dissectum",6.58145666122437
3698342312,"Lomatium dissectum",-114.183962,47.80318,2018,5,18,"US","Lomatium dissectum",7.79633951187134
2242844574,"Lomatium dissectum",-120.435388,47.765309,2019,5,4,"US","Lomatium dissectum",7.40142393112183
3784945832,"Lomatium dissectum",-114.162293,47.773961,2022,5,17,"US","Lomatium dissectum",7.92183208465576
2545471634,"Lomatium dissectum",-119.695877,47.735867,2011,7,26,"US","Lomatium dissectum",8.83096408843994
1291665681,"Lomatium dissectum",-113.243349,47.669424,2016,7,13,"US","Lomatium dissectum",2.37664818763733
441776594,"Lomatium dissectum",-120.458467,47.63085,2005,5,21,"US","Lomatium dissectum",6.05393171310425
3859755785,"Lomatium dissectum",-116.700494,47.629226,2022,5,30,"US","Lomatium dissectum",8.45466995239258
3079627999,"Lomatium dissectum",-120.684433,47.587933,2021,4,6,"US","Lomatium dissectum",7.58269596099854
3773361710,"Lomatium dissectum",-120.59545,47.611708,2022,5,8,"US","Lomatium dissectum",8.67759799957275
3860285958,"Lomatium dissectum",-120.531467,47.608307,2022,5,8,"US","Lomatium dissectum",7.00683355331421
441776592,"Lomatium dissectum",-120.367517,47.58405,2005,5,20,"US","Lomatium dissectum",6.17763710021973
3760225590,"Lomatium dissectum",-119.390773,47.597648,2022,4,1,"US","Lomatium dissectum",9.82132244110107
3079873059,"Lomatium dissectum",-120.752678,47.548375,2021,4,7,"US","Lomatium dissectum",5.68751192092896
2243023260,"Lomatium dissectum",-120.708847,47.547204,2017,4,11,"US","Lomatium dissectum",5.20827293395996
3802332431,"Lomatium dissectum",-120.580862,47.552947,2022,4,23,"US","Lomatium dissectum",9.43168258666992
3872923586,"Lomatium dissectum",-120.439782,47.555388,2022,3,24,"US","Lomatium dissectum",8.50344753265381
3090886789,"Lomatium dissectum",-120.046989,47.520561,2021,4,11,"US","Lomatium dissectum",7.48956680297852
3773301829,"Lomatium dissectum",-120.396143,47.45236,2022,5,11,"US","Lomatium dissectum",8.86697578430176
2603312573,"Lomatium dissectum",-119.491328,47.409088,2020,4,13,"US","Lomatium dissectum",10.9590635299683
3112436991,"Lomatium dissectum",-114.572703,47.378734,2021,5,2,"US","Lomatium dissectum",8.4852991104126
3858531836,"Lomatium dissectum",-120.72945,47.363922,2022,6,8,"US","Lomatium dissectum",5.01524591445923
3872966308,"Lomatium dissectum",-120.573749,47.314213,2006,7,3,"US","Lomatium dissectum",3.795649766922
3773728370,"Lomatium dissectum",-114.171648,47.251394,2022,5,5,"US","Lomatium dissectum",7.94204568862915
2545467144,"Lomatium dissectum",-119.467789,47.213634,2011,7,26,"US","Lomatium dissectum",11.1511793136597
3097240720,"Lomatium dissectum",-120.986873,47.189889,2021,4,22,"US","Lomatium dissectum",8.07837772369385
441776632,"Lomatium dissectum",-119.9865,47.20124,2008,4,30,"US","Lomatium dissectum",10.8698711395264
441776601,"Lomatium dissectum",-120.06065,47.131017,2007,4,24,"US","Lomatium dissectum",10.6975440979004
1837782352,"Lomatium dissectum",-119.968482,47.150035,2013,4,14,"US","Lomatium dissectum",11.3069639205933
441776607,"Lomatium dissectum",-120.749617,47.08675,2007,4,20,"US","Lomatium dissectum",8.87269687652588
2574273709,"Lomatium dissectum",-120.64808,47.09782,2018,4,25,"US","Lomatium dissectum",9.02764129638672
3988527562,"Lomatium dissectum",-120.47916,47.12373,2017,5,3,"US","Lomatium dissectum",8.6681957244873
2611185431,"Lomatium dissectum",-120.736723,47.070296,2020,4,26,"US","Lomatium dissectum",8.39544868469238
2237437902,"Lomatium dissectum",-120.693762,47.08012,2019,4,18,"US","Lomatium dissectum",9.13163661956787
3860412542,"Lomatium dissectum",-120.720324,47.013498,2022,6,4,"US","Lomatium dissectum",7.61903429031372
3802589252,"Lomatium dissectum",-120.773678,46.958463,2022,5,21,"US","Lomatium dissectum",7.09765577316284
3902065281,"Lomatium dissectum",-120.56871,46.982742,2022,5,14,"US","Lomatium dissectum",9.34359550476074
3764107017,"Lomatium dissectum",-120.140205,46.959308,2022,4,22,"US","Lomatium dissectum",9.15758419036865
3773078707,"Lomatium dissectum",-120.654076,46.952415,2022,4,29,"US","Lomatium dissectum",7.71020746231079
3784847683,"Lomatium dissectum",-120.812744,46.902797,2022,5,15,"US","Lomatium dissectum",7.84857320785522
3109031055,"Lomatium dissectum",-120.635178,46.897553,2021,4,23,"US","Lomatium dissectum",7.93255758285522
1847431022,"Lomatium dissectum",-113.978708,46.875989,2018,5,2,"US","Lomatium dissectum",7.6767840385437
3772484343,"Lomatium dissectum",-120.701542,46.850127,2022,4,30,"US","Lomatium dissectum",7.89689111709595
3772666885,"Lomatium dissectum",-120.486385,46.854809,2022,4,30,"US","Lomatium dissectum",9.70780563354492
441776610,"Lomatium dissectum",-122.441667,46.823333,2006,6,17,"US","Lomatium dissectum",10.1061868667603
1880458544,"Lomatium dissectum",-120.797778,46.751393,2018,4,23,"US","Lomatium dissectum",8.24282836914062
1802620060,"Lomatium dissectum",-113.930283,46.766878,2017,5,13,"US","Lomatium dissectum",6.05540561676025
3760021895,"Lomatium dissectum",-120.865913,46.713253,2022,4,3,"US","Lomatium dissectum",8.56636524200439
3759657255,"Lomatium dissectum",-120.810487,46.725838,2022,3,27,"US","Lomatium dissectum",9.286301612854
3747359580,"Lomatium dissectum",-120.464001,46.723459,2022,3,25,"US","Lomatium dissectum",10.1063747406006
3764425423,"Lomatium dissectum",-120.450638,46.729133,2022,3,25,"US","Lomatium dissectum",9.72831153869629
3302184678,"Lomatium dissectum",-120.915297,46.706142,2021,4,30,"US","Lomatium dissectum",7.82612323760986
3090524147,"Lomatium dissectum",-120.753875,46.655492,2021,4,9,"US","Lomatium dissectum",9.2939567565918
3759554068,"Lomatium dissectum",-120.661675,46.628838,2022,3,26,"US","Lomatium dissectum",9.82218456268311
3759148525,"Lomatium dissectum",-120.618119,46.621761,2021,3,27,"US","Lomatium dissectum",10.5476837158203
3760310556,"Lomatium dissectum",-120.559106,46.6188,2022,3,31,"US","Lomatium dissectum",10.7963209152222
2517946580,"Lomatium dissectum",-120.464389,46.61908,2019,4,9,"US","Lomatium dissectum",11.1780958175659
1930673512,"Lomatium dissectum",-116.254528,46.593512,2000,6,14,"US","Lomatium dissectum",9.70829105377197
1847551412,"Lomatium dissectum",-115.381617,46.289957,2018,5,3,"US","Lomatium dissectum",7.63736248016357
3858335937,"Lomatium dissectum",-113.643148,46.161162,2022,5,29,"US","Lomatium dissectum",3.20461201667786
415730374,"Lomatium dissectum",-117.4096,45.95853,2009,6,17,"US","Lomatium dissectum",9.93288421630859
4006503446,"Lomatium dissectum",-122.798125,45.857427,2022,5,21,"US","Lomatium dissectum",11.3949432373047
2465284861,"Lomatium dissectum",-115.825221,45.837026,2019,5,20,"US","Lomatium dissectum",6.04513120651245
1847503826,"Lomatium dissectum",-121.465789,45.800733,2018,5,5,"US","Lomatium dissectum",10.6530790328979
3097076283,"Lomatium dissectum",-121.518365,45.753187,2021,4,16,"US","Lomatium dissectum",10.7075471878052
1944381883,"Lomatium dissectum",-116.300697,45.761551,2017,5,21,"US","Lomatium dissectum",11.3846654891968
2294537284,"Lomatium dissectum",-116.16533,45.75468,2018,6,14,"US","Lomatium dissectum",6.92208814620972
3859219261,"Lomatium dissectum",-121.700675,45.713337,2022,5,25,"US","Lomatium dissectum",8.82917785644531
3113510425,"Lomatium dissectum",-121.396957,45.716999,2021,5,10,"US","Lomatium dissectum",9.82742786407471
3109054916,"Lomatium dissectum",-121.361122,45.711975,2021,4,25,"US","Lomatium dissectum",11.0065832138062
2251997518,"Lomatium dissectum",-121.259735,45.72083,2019,5,25,"US","Lomatium dissectum",11.0370588302612
4009886430,"Lomatium dissectum",-121.221519,45.740668,2022,4,22,"US","Lomatium dissectum",10.9254093170166
3773179894,"Lomatium dissectum",-121.061657,45.72282,2022,4,29,"US","Lomatium dissectum",10.0259294509888
3333040349,"Lomatium dissectum",-110.977792,45.711238,2020,6,13,"US","Lomatium dissectum",5.92719411849976
3097153507,"Lomatium dissectum",-121.843474,45.67867,2021,2,3,"US","Lomatium dissectum",11.243109703064
3465944137,"Lomatium dissectum",-121.698853,45.685764,2021,5,15,"US","Lomatium dissectum",9.82144927978516
3759285510,"Lomatium dissectum",-121.508928,45.705028,2022,4,10,"US","Lomatium dissectum",11.2183437347412
3760109481,"Lomatium dissectum",-121.479039,45.690489,2022,4,9,"US","Lomatium dissectum",10.6313591003418
3772992718,"Lomatium dissectum",-121.300328,45.67809,2022,5,4,"US","Lomatium dissectum",11.4719200134277
3760000547,"Lomatium dissectum",-121.266168,45.686843,2022,3,31,"US","Lomatium dissectum",11.5102691650391
4006615376,"Lomatium dissectum",-121.31772,45.64329,2021,6,14,"US","Lomatium dissectum",9.89960384368896
3784661430,"Lomatium dissectum",-121.635528,45.601303,2022,4,19,"US","Lomatium dissectum",9.53422832489014
3112349510,"Lomatium dissectum",-121.305996,45.613266,2021,4,28,"US","Lomatium dissectum",10.1596202850342
3802808701,"Lomatium dissectum",-122.384567,45.553428,2022,5,25,"US","Lomatium dissectum",12.2202262878418
3118250146,"Lomatium dissectum",-122.197718,45.581023,2021,5,14,"US","Lomatium dissectum",11.263840675354
3333299312,"Lomatium dissectum",-111.250901,45.462125,2018,5,24,"US","Lomatium dissectum",5.66047239303589
3759228210,"Lomatium dissectum",-122.700583,45.415803,2022,4,7,"US","Lomatium dissectum",11.8078804016113
3764552875,"Lomatium dissectum",-122.636129,45.337589,2022,4,24,"US","Lomatium dissectum",11.8456430435181
3067995221,"Lomatium dissectum",-121.017312,45.298763,2021,3,21,"US","Lomatium dissectum",10.5680646896362
1901031098,"Lomatium dissectum",-116.41319,45.32335,2018,5,13,"US","Lomatium dissectum",7.45344161987305
3079488393,"Lomatium dissectum",-122.770993,45.27769,2018,3,29,"US","Lomatium dissectum",11.9807119369507
2445011346,"Lomatium dissectum",-122.648666,45.284848,2017,6,26,"US","Lomatium dissectum",12.0219402313232
3090741638,"Lomatium dissectum",-123.373147,45.135629,2020,3,19,"US","Lomatium dissectum",11.1409931182861
3112323511,"Lomatium dissectum",-121.1195,45.148619,2021,4,28,"US","Lomatium dissectum",11.4364728927612
3820597028,"Lomatium dissectum",-116.854062,45.101985,2010,6,15,"US","Lomatium dissectum",5.49914264678955
2445010413,"Lomatium dissectum",-123.447108,45.059628,2019,5,1,"US","Lomatium dissectum",11.3993244171143
3058951462,"Lomatium dissectum",-123.478402,45.040335,2020,4,25,"US","Lomatium dissectum",10.7485761642456
1838410673,"Lomatium dissectum",-123.148217,45.0237,2018,4,19,"US","Lomatium dissectum",11.4652366638184
3109054687,"Lomatium dissectum",-123.034739,44.929578,2021,4,24,"US","Lomatium dissectum",12.0793132781982
1928222296,"Lomatium dissectum",-116.71419,44.89853,2011,6,24,"US","Lomatium dissectum",6.50917625427246
3307342905,"Lomatium dissectum",-123.012293,44.78729,2021,4,19,"US","Lomatium dissectum",11.8170471191406
3760029490,"Lomatium dissectum",-122.98346,44.745766,2022,4,18,"US","Lomatium dissectum",11.8364009857178
3759196736,"Lomatium dissectum",-123.20835,44.705868,2021,4,30,"US","Lomatium dissectum",11.5618476867676
2864869628,"Lomatium dissectum",-123.206473,44.687316,2020,5,11,"US","Lomatium dissectum",11.7438955307007
3923221314,"Lomatium dissectum",-123.044568,44.707694,2019,4,24,"US","Lomatium dissectum",11.9113721847534
2269231590,"Lomatium dissectum",-116.265565,44.606224,2019,6,3,"US","Lomatium dissectum",4.56164693832397
2597695987,"Lomatium dissectum",-123.307472,44.544903,2020,4,2,"US","Lomatium dissectum",11.7910270690918
3118243568,"Lomatium dissectum",-123.43071,44.51567,2021,5,15,"US","Lomatium dissectum",10.8220500946045
3760293207,"Lomatium dissectum",-123.319528,44.510137,2022,4,7,"US","Lomatium dissectum",11.8440704345703
3466025415,"Lomatium dissectum",-123.179192,44.52665,2020,6,5,"US","Lomatium dissectum",11.9053478240967
3802496645,"Lomatium dissectum",-123.362587,44.488672,2022,5,24,"US","Lomatium dissectum",11.6017456054688
3772446916,"Lomatium dissectum",-123.329488,44.41885,2022,4,29,"US","Lomatium dissectum",11.7139902114868
1930672405,"Lomatium dissectum",-116.9044,44.4188999990569,2013,5,23,"US","Lomatium dissectum",9.08020877838135
2252033802,"Lomatium dissectum",-122.95445,44.320401,2019,5,11,"US","Lomatium dissectum",10.5402860641479
3124888306,"Lomatium dissectum",-123.362242,44.176219,2021,4,24,"US","Lomatium dissectum",11.2732009887695
3090556798,"Lomatium dissectum",-118.089103,44.104825,2020,7,19,"US","Lomatium dissectum",6.86198806762695
2350307109,"Lomatium dissectum",-123.074666,44.053557,2019,4,27,"US","Lomatium dissectum",12.3204154968262
1322038203,"Lomatium dissectum",-117.174,44.0641,2011,6,14,"US","Lomatium dissectum",10.4745721817017
1931136901,"Lomatium dissectum",-116.586483,44.058628,2014,5,21,"US","Lomatium dissectum",10.9328165054321
2239000216,"Lomatium dissectum",-123.102638,43.991793,2019,4,29,"US","Lomatium dissectum",11.1915092468262
2850702893,"Lomatium dissectum",-122.511259,43.83622,2020,6,19,"US","Lomatium dissectum",9.15952014923096
3773699794,"Lomatium dissectum",-122.561807,43.816615,2022,5,10,"US","Lomatium dissectum",10.4484758377075
2641404326,"Lomatium dissectum",-111.98602,43.786052,2019,5,1,"US","Lomatium dissectum",6.81398820877075
3109016062,"Lomatium dissectum",-117.2053,43.729333,2021,4,25,"US","Lomatium dissectum",11.152304649353
3109022727,"Lomatium dissectum",-116.138489,43.730392,2021,4,22,"US","Lomatium dissectum",8.05852127075195
2597767973,"Lomatium dissectum",-116.201555,43.693178,2020,4,4,"US","Lomatium dissectum",10.4164428710938
2545481653,"Lomatium dissectum",-113.177628,43.685101,2013,8,14,"US","Lomatium dissectum",5.72826147079468
3113348932,"Lomatium dissectum",-115.996322,43.630517,2021,5,7,"US","Lomatium dissectum",9.12949371337891
2633964392,"Lomatium dissectum",-112.977028,43.651475,2019,4,30,"US","Lomatium dissectum",7.01986694335938
1930364655,"Lomatium dissectum",-117.40267003272,43.6202188738122,2004,5,24,"US","Lomatium dissectum",10.4011745452881
3467180622,"Lomatium dissectum",-117.123,43.6113,2013,4,12,"US","Lomatium dissectum",11.3497619628906
2901820537,"Lomatium dissectum",-116.675995,43.563412,2020,9,22,"US","Lomatium dissectum",11.1369018554688
1929303943,"Lomatium dissectum",-115.80211,43.54631,2012,6,10,"US","Lomatium dissectum",9.27462482452393
1500258783,"Lomatium dissectum",-116.636917,43.504866,2017,4,16,"US","Lomatium dissectum",11.0976438522339
3067973738,"Lomatium dissectum",-116.092117,43.53297,2021,3,19,"US","Lomatium dissectum",10.9347591400146
3455634189,"Lomatium dissectum",-117.120987,43.446199,2021,4,25,"US","Lomatium dissectum",10.0328779220581
3802407342,"Lomatium dissectum",-116.441313,43.455997,2021,4,24,"US","Lomatium dissectum",11.1860160827637
3759850550,"Lomatium dissectum",-115.338777,43.401134,2021,5,5,"US","Lomatium dissectum",7.58468103408813
1562949548,"Lomatium dissectum",-112.240259,43.349736,2017,5,11,"US","Lomatium dissectum",7.80835056304932
2252054368,"Lomatium dissectum",-116.093367,43.298941,2019,6,4,"US","Lomatium dissectum",10.8630867004395
1562888722,"Lomatium dissectum",-116.694382,43.272839,2017,4,16,"US","Lomatium dissectum",10.1822280883789
2545493931,"Lomatium dissectum",-117.603966,43.187759,2011,8,24,"US","Lomatium dissectum",9.85559368133545
2813993330,"Lomatium dissectum",-118.186372,43.057297,2020,7,3,"US","Lomatium dissectum",9.21946716308594
1930246099,"Lomatium dissectum",-113,43,2002,5,26,"US","Lomatium dissectum",8.39670848846436
1928646265,"Lomatium dissectum",-115.79153,42.90178,2011,6,9,"US","Lomatium dissectum",11.5797414779663
1562890015,"Lomatium dissectum",-115.728633,42.891797,2017,4,20,"US","Lomatium dissectum",11.8543510437012
441776024,"Lomatium dissectum",-115.116667,42.9,2003,5,20,"US","Lomatium dissectum",11.6143655776978
1841192201,"Lomatium dissectum",-112.530844,42.911122,2018,4,11,"US","Lomatium dissectum",8.30068397521973
2611045590,"Lomatium dissectum",-112.459505,42.868827,2020,4,24,"US","Lomatium dissectum",7.95634174346924
3772674570,"Lomatium dissectum",-112.42952,42.861035,2022,4,19,"US","Lomatium dissectum",8.58788871765137
3858593913,"Lomatium dissectum",-112.489328,42.804745,2022,6,15,"US","Lomatium dissectum",6.02855396270752
1847456961,"Lomatium dissectum",-112.426168,42.79228,2018,5,5,"US","Lomatium dissectum",7.28470277786255
2545485708,"Lomatium dissectum",-120.389793,42.788403,2011,9,10,"US","Lomatium dissectum",8.22249221801758
3302233922,"Lomatium dissectum",-112.448425,42.750615,2021,5,31,"US","Lomatium dissectum",6.48568344116211
2626225364,"Lomatium dissectum",-112.396111,42.756667,2020,4,29,"US","Lomatium dissectum",7.4426007270813
2242962784,"Lomatium dissectum",-112.41848,42.721939,2019,5,11,"US","Lomatium dissectum",6.27085781097412
2619884761,"Lomatium dissectum",-112.384614,42.737193,2020,5,1,"US","Lomatium dissectum",6.80777788162231
3302191142,"Lomatium dissectum",-108.858908,42.730137,2021,5,29,"US","Lomatium dissectum",3.37584376335144
3859459588,"Lomatium dissectum",-108.809868,42.747921,2022,6,5,"US","Lomatium dissectum",4.13972282409668
1930502667,"Lomatium dissectum",-115.67425,42.688283,2008,5,23,"US","Lomatium dissectum",11.0812530517578
3802338852,"Lomatium dissectum",-123.38362,42.59829,2022,4,16,"US","Lomatium dissectum",12.0095338821411
2545495652,"Lomatium dissectum",-116.142654,42.593063,2013,6,1,"US","Lomatium dissectum",7.98310422897339
1931073173,"Lomatium dissectum",-108.7527,42.6215,2005,6,7,"US","Lomatium dissectum",2.84245872497559
3759450773,"Lomatium dissectum",-123.532096,42.552386,2022,4,16,"US","Lomatium dissectum",11.9908857345581
3827547955,"Lomatium dissectum",-111.3285,42.5126,2022,5,19,"US","Lomatium dissectum",3.54355478286743
3097277270,"Lomatium dissectum",-123.479046,42.495739,2021,4,19,"US","Lomatium dissectum",12.6247091293335
2609356652,"Lomatium dissectum",-123.085988,42.43561,2020,4,20,"US","Lomatium dissectum",12.6199903488159
3760038695,"Lomatium dissectum",-122.891824,42.385863,2022,4,8,"US","Lomatium dissectum",13.2263507843018
3759088558,"Lomatium dissectum",-121.811426,42.387282,2021,5,13,"US","Lomatium dissectum",7.3287239074707
3772857117,"Lomatium dissectum",-122.784703,42.359941,2022,5,6,"US","Lomatium dissectum",11.9263200759888
3760209579,"Lomatium dissectum",-122.979241,42.314431,2022,4,8,"US","Lomatium dissectum",12.1364412307739
2632746346,"Lomatium dissectum",-110.81,42.277,2019,7,11,"US","Lomatium dissectum",2.38562035560608
2626115550,"Lomatium dissectum",-123.065378,42.221731,2020,3,21,"US","Lomatium dissectum",12.3540515899658
1986992022,"Lomatium dissectum",-111.696667,42.225467,2009,6,4,"US","Lomatium dissectum",6.13135480880737
3759622868,"Lomatium dissectum",-122.716522,42.19088,2022,3,24,"US","Lomatium dissectum",10.8193454742432
2545503217,"Lomatium dissectum",-112.520462,42.183891,2013,7,30,"US","Lomatium dissectum",7.22534227371216
2885006301,"Lomatium dissectum",-110.835667,42.166973,2020,6,23,"US","Lomatium dissectum",3.3435537815094
2580183681,"Lomatium dissectum",-122.608271,42.135354,2020,3,15,"US","Lomatium dissectum",11.5128030776978
3059698825,"Lomatium dissectum",-122.49,42.0868,2010,8,24,"US","Lomatium dissectum",8.42230606079102
3118336337,"Lomatium dissectum",-123.071656,42.079417,2020,4,19,"US","Lomatium dissectum",10.7082586288452
3059703622,"Lomatium dissectum",-123.7667,42.0167,2000,5,13,"US","Lomatium dissectum",11.2384834289551
3059703627,"Lomatium dissectum",-123.741452,42.041367,2000,7,5,"US","Lomatium dissectum",11.621654510498
2542910958,"Lomatium dissectum",-123.200381,42.001596,2019,10,25,"US","Lomatium dissectum",10.2277278900146
1847423213,"Lomatium dissectum",-122.578456,42.038686,2018,4,28,"US","Lomatium dissectum",8.75489044189453
3860062763,"Lomatium dissectum",-122.471432,41.86577,2022,5,27,"US","Lomatium dissectum",11.8324775695801
1986950488,"Lomatium dissectum",-111.769444,41.8425,2004,6,1,"US","Lomatium dissectum",6.91920042037964
1929297074,"Lomatium dissectum",-110.898,41.85233,2005,6,20,"US","Lomatium dissectum",3.97648787498474
3962311303,"Lomatium dissectum",-111.76609,41.769997,2012,5,10,"US","Lomatium dissectum",7.1346263885498
2566037603,"Lomatium dissectum",-122.736389,41.74,2019,7,5,"US","Lomatium dissectum",8.71323490142822
2611354755,"Lomatium dissectum",-111.780533,41.72902,2020,4,25,"US","Lomatium dissectum",6.5770115852356
2611381440,"Lomatium dissectum",-112.008775,41.707233,2020,4,24,"US","Lomatium dissectum",6.39086246490479
1986982386,"Lomatium dissectum",-113.73521,41.65016,2005,6,4,"US","Lomatium dissectum",6.63570594787598
2545482905,"Lomatium dissectum",-111.240227,41.627598,2013,6,18,"US","Lomatium dissectum",4.8798975944519
1843899401,"Lomatium dissectum",-111.0815,41.2723,2005,6,10,"US","Lomatium dissectum",5.05562877655029
3860416452,"Lomatium dissectum",-111.91757,41.212402,2022,5,28,"US","Lomatium dissectum",9.9085578918457
2856764470,"Lomatium dissectum",-111.834838,41.245947,2020,6,4,"US","Lomatium dissectum",6.62967395782471
2611406015,"Lomatium dissectum",-111.946101,41.176601,2020,4,27,"US","Lomatium dissectum",9.68509387969971
2545471473,"Lomatium dissectum",-109.505783,40.890099,2013,10,13,"US","Lomatium dissectum",6.2679328918457
4011643128,"Lomatium dissectum",-122.027256,40.838716,2016,5,14,"US","Lomatium dissectum",14.472580909729
2461262662,"Lomatium dissectum",-111.852307,40.846337,2019,5,19,"US","Lomatium dissectum",9.5505256652832
1927776399,"Lomatium dissectum",-118.15283,40.81508,2006,5,14,"US","Lomatium dissectum",9.92067337036133
3773062098,"Lomatium dissectum",-115.699965,40.812524,2022,5,5,"US","Lomatium dissectum",8.71248054504395
1847481174,"Lomatium dissectum",-111.895615,40.826244,2018,5,9,"US","Lomatium dissectum",10.7148342132568
2620084385,"Lomatium dissectum",-111.870972,40.797142,2020,5,1,"US","Lomatium dissectum",9.40941619873047
3772503793,"Lomatium dissectum",-111.882888,40.784428,2022,5,1,"US","Lomatium dissectum",11.9602136611938
2610951144,"Lomatium dissectum",-111.816783,40.764091,2020,4,24,"US","Lomatium dissectum",9.71456623077393
2421766445,"Lomatium dissectum",-122.240556,40.731943999067,2014,5,15,"US","Lomatium dissectum",16.3747940063477
2418014489,"Lomatium dissectum",-122.2025,40.7411109990669,2010,5,16,"US","Lomatium dissectum",16.1819705963135
2545466555,"Lomatium dissectum",-120.629929,40.721088,2012,7,31,"US","Lomatium dissectum",6.41748189926147
3859065003,"Lomatium dissectum",-111.842168,40.749113,2022,5,2,"US","Lomatium dissectum",11.8207969665527
3466075608,"Lomatium dissectum",-111.803473,40.67692,2021,5,1,"US","Lomatium dissectum",11.4042510986328
3860524792,"Lomatium dissectum",-111.788514,40.670366,2022,6,6,"US","Lomatium dissectum",8.85878276824951
3772964696,"Lomatium dissectum",-111.805897,40.651561,2022,4,29,"US","Lomatium dissectum",11.2493524551392
2611189017,"Lomatium dissectum",-111.769023,40.622014,2020,4,25,"US","Lomatium dissectum",7.99433946609497
3773203882,"Lomatium dissectum",-111.796517,40.57182,2022,4,29,"US","Lomatium dissectum",10.5202207565308
3112935579,"Lomatium dissectum",-111.778605,40.571941,2021,5,2,"US","Lomatium dissectum",6.72645139694214
3333111622,"Lomatium dissectum",-111.617296,40.573185,2021,7,22,"US","Lomatium dissectum",2.57547521591187
2447829884,"Lomatium dissectum",-106.875183,40.50523,2019,5,27,"US","Lomatium dissectum",4.66756868362427
2430554771,"Lomatium dissectum",-123.503783,40.375267,2001,6,11,"US","Lomatium dissectum",10.845100402832
3860133602,"Lomatium dissectum",-123.549538,40.333263,2022,6,9,"US","Lomatium dissectum",8.9904899597168
3302336549,"Lomatium dissectum",-123.461022,40.296208,2021,4,29,"US","Lomatium dissectum",9.92738914489746
3858338100,"Lomatium dissectum",-111.503563,40.132953,2022,6,2,"US","Lomatium dissectum",8.75522136688232
3892754340,"Lomatium dissectum",-109.059722,40.12,2001,5,19,"US","Lomatium dissectum",9.17518043518066
3799655321,"Lomatium dissectum",-120.13292,39.83278,2018,5,4,"US","Lomatium dissectum",9.30837917327881
1260233817,"Lomatium dissectum",-106.266667,39.558333,2005,7,16,"US","Lomatium dissectum",0.663772106170654
2242421859,"Lomatium dissectum",-105.0916,39.5194,2014,5,22,"US","Lomatium dissectum",9.79528141021729
1099967843,"Lomatium dissectum",-120.271615,39.435671,2015,6,30,"US","Lomatium dissectum",6.06832647323608
3321150499,"Lomatium dissectum",-120.23354,39.433867,2021,6,9,"US","Lomatium dissectum",6.45974063873291
3320957463,"Lomatium dissectum",-120.198587,39.433072,2021,5,25,"US","Lomatium dissectum",6.81294012069702
3873162493,"Lomatium dissectum",-120.245939,39.383942,2022,7,23,"US","Lomatium dissectum",6.46042776107788
923923148,"Lomatium dissectum",-120.31658,39.305158,2014,6,23,"US","Lomatium dissectum",5.93259143829346
3873887346,"Lomatium dissectum",-120.246253,39.187795,2022,7,13,"US","Lomatium dissectum",6.08550310134888
3773339273,"Lomatium dissectum",-119.908301,39.108462,2022,5,7,"US","Lomatium dissectum",6.57757425308228
2545488891,"Lomatium dissectum",-113.525017,39.09454,2013,7,10,"US","Lomatium dissectum",12.3693065643311
2421774879,"Lomatium dissectum",-122.471667,39.051389,2000,5,12,"US","Lomatium dissectum",14.0037832260132
3125164642,"Lomatium dissectum",-120.94278,39.06111,2013,4,18,"US","Lomatium dissectum",15.0588808059692
3776198138,"Lomatium dissectum",-106.99196,38.96081,2016,7,1,"US","Lomatium dissectum",-0.198771521449089
2634521486,"Lomatium dissectum",-107.351997,38.941657,2020,5,10,"US","Lomatium dissectum",6.17009449005127
2611093361,"Lomatium dissectum",-107.232268,38.923038,2018,5,24,"US","Lomatium dissectum",3.27460503578186
3776191459,"Lomatium dissectum",-107.009822,38.934735,2018,6,20,"US","Lomatium dissectum",0.640958189964294
3320887842,"Lomatium dissectum",-106.972461,38.951657,2021,6,26,"US","Lomatium dissectum",0.923728942871094
2619996087,"Lomatium dissectum",-106.963967,38.906506,2020,5,1,"US","Lomatium dissectum",1.50139594078064
3465939349,"Lomatium dissectum",-121.063722,38.859741,2020,3,27,"US","Lomatium dissectum",16.4239177703857
3302399305,"Lomatium dissectum",-109.598534,38.786172,2010,6,7,"US","Lomatium dissectum",12.2755851745605
3415433302,"Lomatium dissectum",-120.003338,38.703506,2015,6,2,"US","Lomatium dissectum",4.04326629638672
2626657438,"Lomatium dissectum",-119.128053,38.354708,2020,5,9,"US","Lomatium dissectum",5.73885583877563
2269222049,"Lomatium dissectum",-119.543329,37.723479,2019,6,1,"US","Lomatium dissectum",9.48469734191895
2350316676,"Lomatium dissectum",-118.804505,37.55002,2019,7,14,"US","Lomatium dissectum",4.15567207336426
2573490718,"Lomatium dissectum",-107.00133,37.16705,2013,6,12,"US","Lomatium dissectum",7.0937352180481
2270198263,"Lomatium dissectum",-118.54092,35.974671,2003,5,17,"US","Lomatium dissectum",11.4907903671265
3031806634,"Lomatium dissectum",-118.486063,35.969517,2020,4,7,"US","Lomatium dissectum",12.7782897949219
3455458890,"Lomatium dissectum",-118.48182,35.956438,2021,4,8,"US","Lomatium dissectum",12.9694786071777
2270697601,"Lomatium dissectum",-111.741278,34.920306,2008,4,21,"US","Lomatium dissectum",11.9594717025757
2422435609,"Lomatium dissectum",-118.87444,34.8675,2007,5,9,"US","Lomatium dissectum",13.8277273178101
2603289239,"Lomatium dissectum",-111.670447,34.766883,2020,4,11,"US","Lomatium dissectum",15.0136489868164
2882958391,"Lomatium dissectum",-112.102753,34.690872,2020,5,31,"US","Lomatium dissectum",11.3319072723389
2331828261,"Lomatium dissectum",-111.97628,34.628047,2019,4,17,"US","Lomatium dissectum",17.5697956085205
3091254220,"Lomatium dissectum",-112.012778,34.572249999118,2014,4,10,"US","Lomatium dissectum",15.1868000030518
2270696502,"Lomatium dissectum",-111.932,34.4498,2003,5,10,"US","Lomatium dissectum",15.6334714889526
1846552060,"Lomatium dissectum",-111.611394,34.404951,2012,3,31,"US","Lomatium dissectum",14.8845653533936
1846553481,"Lomatium dissectum",-111.576483,34.405817,2013,4,22,"US","Lomatium dissectum",13.5304794311523
2422427067,"Lomatium dissectum",-117.29139,34.27056,2000,5,20,"US","Lomatium dissectum",13.9235897064209
3118400439,"Lomatium dissectum",-111.545325,34.201367,2021,4,8,"US","Lomatium dissectum",14.8128499984741
2430244087,"Lomatium dissectum",-116.963333,34.161944,2010,7,2,"US","Lomatium dissectum",11.7437210083008
