"gbifID","species","longitude","latitude","year","month","day","countryCode","accepted_name","bio1"
1928985159,"Lomatium parryi",-115.78903,39.53431,2009,6,8,"US","Lomatium parryi",9.54466819763184
1930332284,"Lomatium parryi",-108.2476,39.2715,2011,5,17,"US","Lomatium parryi",10.9592523574829
1929908108,"Lomatium parryi",-108.2593,39.2448,2010,5,2,"US","Lomatium parryi",10.9940700531006
3860658014,"Lomatium parryi",-114.2229,38.946455,2022,6,24,"US","Lomatium parryi",5.48683547973633
2596340542,"Lomatium parryi",-109.497224,38.73454,2019,4,20,"US","Lomatium parryi",12.5136375427246
3091256382,"Lomatium parryi",-109.251333,38.4352779990811,2016,8,18,"US","Lomatium parryi",4.82557487487793
3892390524,"Lomatium parryi",-109.754922,38.156833,2022,6,22,"US","Lomatium parryi",12.3843421936035
3302139601,"Lomatium parryi",-109.795746,38.108896,2021,5,2,"US","Lomatium parryi",11.8491191864014
3759250788,"Lomatium parryi",-109.783627,38.123222,2022,4,3,"US","Lomatium parryi",11.9586400985718
3773609647,"Lomatium parryi",-109.733088,38.060665,2022,5,11,"US","Lomatium parryi",11.4735279083252
3118246970,"Lomatium parryi",-115.726958,38.009564,2021,5,12,"US","Lomatium parryi",8.63670539855957
3091267332,"Lomatium parryi",-110.099967,37.87705,2016,5,25,"US","Lomatium parryi",11.0319166183472
415730407,"Lomatium parryi",-115.498889,37.850278,2005,5,19,"US","Lomatium parryi",10.2114362716675
3097298410,"Lomatium parryi",-115.167253,37.859825,2020,7,11,"US","Lomatium parryi",11.5473175048828
3302411344,"Lomatium parryi",-115.163056,37.8675,2021,6,6,"US","Lomatium parryi",11.5449066162109
3302111448,"Lomatium parryi",-115.20198,37.81722,2021,6,4,"US","Lomatium parryi",12.3761758804321
3759245790,"Lomatium parryi",-115.033645,37.810983,2022,3,27,"US","Lomatium parryi",12.9197902679443
3302483795,"Lomatium parryi",-115.386629,37.67421,2021,6,4,"US","Lomatium parryi",9.23979568481445
3124587511,"Lomatium parryi",-115.400872,37.64587,2021,5,10,"US","Lomatium parryi",8.87722969055176
2268953110,"Lomatium parryi",-115.377956,37.606313,2017,5,18,"US","Lomatium parryi",10.361496925354
3759167199,"Lomatium parryi",-115.344206,37.604926,2022,3,25,"US","Lomatium parryi",11.8710613250732
2632739326,"Lomatium parryi",-115.163019,37.6074969990876,2015,5,1,"US","Lomatium parryi",13.7752780914307
3091204878,"Lomatium parryi",-110.946221,37.5555,2005,4,12,"US","Lomatium parryi",12.5612525939941
4009851635,"Lomatium parryi",-110.020728,37.453075,2021,7,11,"US","Lomatium parryi",11.8379926681519
2268954156,"Lomatium parryi",-115.285365,37.341762,2017,5,14,"US","Lomatium parryi",12.0619697570801
3079801200,"Lomatium parryi",-115.247063,37.365878,2021,3,28,"US","Lomatium parryi",13.987114906311
3067731226,"Lomatium parryi",-110.050556,37.363133,2021,3,21,"US","Lomatium parryi",12.358021736145
2270496349,"Lomatium parryi",-113.377233,37.2698829990905,2013,5,8,"US","Lomatium parryi",13.8706893920898
1986958621,"Lomatium parryi",-113.636389,37.237778,2003,4,29,"US","Lomatium parryi",14.8062038421631
2270501560,"Lomatium parryi",-113.513817,37.2415669990908,2013,5,8,"US","Lomatium parryi",13.9145526885986
3091254099,"Lomatium parryi",-109.976333,37.2369439990908,2014,5,9,"US","Lomatium parryi",12.6983499526978
2851260405,"Lomatium parryi",-117.690617,37.201672,2016,4,17,"US","Lomatium parryi",13.5287818908691
3091289197,"Lomatium parryi",-110.854125847522,37.1357625746,2010,5,19,"US","Lomatium parryi",15.4328699111938
1846494560,"Lomatium parryi",-110.8842,37.09945,2001,4,25,"US","Lomatium parryi",14.3401947021484
1846494527,"Lomatium parryi",-110.8381,37.10257,2001,4,24,"US","Lomatium parryi",13.7630014419556
1928510692,"Lomatium parryi",-113.8174,37.0769,2000,6,1,"US","Lomatium parryi",13.0916013717651
1846494562,"Lomatium parryi",-110.9383,37.06578,2001,4,24,"US","Lomatium parryi",14.7143049240112
3091224187,"Lomatium parryi",-110.847681526173,37.0154612258818,2003,5,3,"US","Lomatium parryi",8.64076519012451
3091211380,"Lomatium parryi",-111.072931,36.989949999093,2014,4,19,"US","Lomatium parryi",13.7497520446777
3091272044,"Lomatium parryi",-110.9577,36.966817,2016,5,18,"US","Lomatium parryi",13.6046390533447
3091224188,"Lomatium parryi",-110.107241520198,36.8765987881731,2003,5,6,"US","Lomatium parryi",12.8388595581055
2579399582,"Lomatium parryi",-117.034363,36.829277,2020,3,3,"US","Lomatium parryi",14.1619501113892
1928577628,"Lomatium parryi",-110.503831,36.811692,2004,5,18,"US","Lomatium parryi",10.6432886123657
2422514201,"Lomatium parryi",-117.48028,36.75778,2000,5,11,"US","Lomatium parryi",11.3993539810181
2270473743,"Lomatium parryi",-114.137,36.6637,2009,5,8,"US","Lomatium parryi",16.5680370330811
2609217206,"Lomatium parryi",-114.906045,36.600997,2020,4,18,"US","Lomatium parryi",17.309663772583
2235559828,"Lomatium parryi",-115.255294,36.446394,2016,3,15,"US","Lomatium parryi",16.3563251495361
2270473814,"Lomatium parryi",-114.114,36.3822,2009,4,22,"US","Lomatium parryi",19.6213779449463
3079873194,"Lomatium parryi",-114.694031,36.298922,2021,4,3,"US","Lomatium parryi",17.3244495391846
3097340384,"Lomatium parryi",-117.077871,36.251702,2021,4,17,"US","Lomatium parryi",9.91630077362061
2423137221,"Lomatium parryi",-117.073111,36.240925,2019,6,23,"US","Lomatium parryi",9.3509693145752
1807327949,"Lomatium parryi",-115.40186,36.212941,2018,2,8,"US","Lomatium parryi",14.7191667556763
3712624322,"Lomatium parryi",-117.065239,36.185036,2018,10,5,"US","Lomatium parryi",9.78854084014893
3059161144,"Lomatium parryi",-115.504762,36.181422,2021,3,10,"US","Lomatium parryi",10.6047258377075
3039164732,"Lomatium parryi",-115.473268,36.171314,2019,1,30,"US","Lomatium parryi",12.2651166915894
3468681774,"Lomatium parryi",-115.431008,36.183583,2022,2,5,"US","Lomatium parryi",13.8963422775269
3712647321,"Lomatium parryi",-117.080086,36.150661,2019,6,22,"US","Lomatium parryi",9.01544380187988
1831097840,"Lomatium parryi",-115.500648,36.15961,2018,2,15,"US","Lomatium parryi",11.654149055481
1831191831,"Lomatium parryi",-115.497605,36.155931,2018,2,15,"US","Lomatium parryi",14.5160331726074
3760631060,"Lomatium parryi",-115.428567,36.158136,2022,3,20,"US","Lomatium parryi",16.3760833740234
2597875524,"Lomatium parryi",-115.412317,36.163772,2020,4,3,"US","Lomatium parryi",17.2364692687988
3747028801,"Lomatium parryi",-115.572542,36.124225,2022,3,20,"US","Lomatium parryi",13.0780296325684
3966720647,"Lomatium parryi",-115.53171,36.120707,2022,6,11,"US","Lomatium parryi",11.839072227478
3070772712,"Lomatium parryi",-115.495559,36.085711,2021,3,26,"US","Lomatium parryi",14.5997819900513
2576402580,"Lomatium parryi",-115.500106,36.059403,2020,2,29,"US","Lomatium parryi",13.0944967269897
3068056927,"Lomatium parryi",-115.499695,36.059845,2021,3,23,"US","Lomatium parryi",14.1491985321045
2580087107,"Lomatium parryi",-115.474328,35.999522,2020,3,12,"US","Lomatium parryi",12.9980306625366
2579262352,"Lomatium parryi",-115.908386,35.752997,2020,3,6,"US","Lomatium parryi",14.5485534667969
2579368445,"Lomatium parryi",-115.905189,35.745158,2020,3,6,"US","Lomatium parryi",13.8146085739136
3947666540,"Lomatium parryi",-115.572013,35.536555,2022,4,21,"US","Lomatium parryi",13.3858623504639
2430423693,"Lomatium parryi",-115.54936,35.43355,2015,4,29,"US","Lomatium parryi",15.0954370498657
2430361493,"Lomatium parryi",-115.30185,35.2651329991102,2015,4,9,"US","Lomatium parryi",13.7291965484619
2422497191,"Lomatium parryi",-114.74615,35.25962,2012,3,29,"US","Lomatium parryi",17.6356258392334
2422487203,"Lomatium parryi",-115.4896,35.02903,2011,5,1,"US","Lomatium parryi",17.0753498077393
2430136792,"Lomatium parryi",-115.686833,34.789667,2001,5,5,"US","Lomatium parryi",17.2318725585938
2422452046,"Lomatium parryi",-115.80353,34.67414,2008,2,16,"US","Lomatium parryi",20.700834274292
