"gbifID","species","longitude","latitude","year","month","day","countryCode","basisOfRecord","accepted_name"
4070139173,"Lomatium grayi",-117.451944,47.650889,2018,5,12,"US","PRESERVED_SPECIMEN","Lomatium grayi"
4070146938,"Lomatium grayi",-117.41766,47.61389,2019,5,2,"US","PRESERVED_SPECIMEN","Lomatium grayi"
2549498021,"Lomatium grayi",-118.605,47.3842,2016,4,27,"US","PRESERVED_SPECIMEN","Lomatium grayi"
441777649,"Lomatium grayi",-120.252033,47.145367,2006,5,17,"US","PRESERVED_SPECIMEN","Lomatium grayi"
441777668,"Lomatium grayi",-120.00568,47.16436,2008,4,29,"US","PRESERVED_SPECIMEN","Lomatium grayi"
623687690,"Lomatium grayi",-121.15114,46.90872,2011,7,14,"US","PRESERVED_SPECIMEN","Lomatium grayi"
441777627,"Lomatium grayi",-120.645278,46.906944,2005,5,12,"US","PRESERVED_SPECIMEN","Lomatium grayi"
4073780587,"Lomatium grayi",-117.056483,46.855864,2010,4,25,"US","PRESERVED_SPECIMEN","Lomatium grayi"
4073795009,"Lomatium grayi",-116.561283,46.511483,2005,4,24,"US","PRESERVED_SPECIMEN","Lomatium grayi"
4073820859,"Lomatium grayi",-116.770512,46.470892,2008,4,26,"US","PRESERVED_SPECIMEN","Lomatium grayi"
4073840638,"Lomatium grayi",-116.877222,46.448889,2002,3,23,"US","PRESERVED_SPECIMEN","Lomatium grayi"
4073888793,"Lomatium grayi",-116.782683,46.456667,2010,4,4,"US","PRESERVED_SPECIMEN","Lomatium grayi"
4068925423,"Lomatium grayi",-117.2237,46.3817,2010,4,17,"US","PRESERVED_SPECIMEN","Lomatium grayi"
4068896751,"Lomatium grayi",-120.518534,46.294656,2011,3,25,"US","PRESERVED_SPECIMEN","Lomatium grayi"
4068926639,"Lomatium grayi",-120.352709,46.302104,2011,3,25,"US","PRESERVED_SPECIMEN","Lomatium grayi"
1843906695,"Lomatium grayi",-117.809,46.13244,2001,6,8,"US","PRESERVED_SPECIMEN","Lomatium grayi"
4073898115,"Lomatium grayi",-117.631389,46.159444,2002,7,24,"US","PRESERVED_SPECIMEN","Lomatium grayi"
4073821532,"Lomatium grayi",-117.526111,46.164722,2001,7,20,"US","PRESERVED_SPECIMEN","Lomatium grayi"
415730406,"Lomatium grayi",-117.901111,46.087778,2001,8,3,"US","PRESERVED_SPECIMEN","Lomatium grayi"
4070675256,"Lomatium grayi",-118.333333,46.066667,2008,4,26,"US","PRESERVED_SPECIMEN","Lomatium grayi"
4070683770,"Lomatium grayi",-118.290278,46.077222,2010,4,12,"US","PRESERVED_SPECIMEN","Lomatium grayi"
441776789,"Lomatium grayi",-117.919444,46.062778,2004,7,11,"US","PRESERVED_SPECIMEN","Lomatium grayi"
4068922681,"Lomatium grayi",-121.114,45.946361,2022,5,3,"US","PRESERVED_SPECIMEN","Lomatium grayi"
415730385,"Lomatium grayi",-117.868056,45.953333,2002,7,19,"US","PRESERVED_SPECIMEN","Lomatium grayi"
4073790735,"Lomatium grayi",-116.425,45.891667,2003,5,NA,"US","PRESERVED_SPECIMEN","Lomatium grayi"
441777699,"Lomatium grayi",-121.013733,45.842617,2009,6,8,"US","PRESERVED_SPECIMEN","Lomatium grayi"
4070166845,"Lomatium grayi",-121.756167,45.822833,2006,5,29,"US","PRESERVED_SPECIMEN","Lomatium grayi"
4068942237,"Lomatium grayi",-121.199463,45.800499,2011,4,5,"US","PRESERVED_SPECIMEN","Lomatium grayi"
4070158209,"Lomatium grayi",-121.35645,45.72425,2012,4,24,"US","PRESERVED_SPECIMEN","Lomatium grayi"
4069720121,"Lomatium grayi",-121.25898,45.72258,2009,5,13,"US","PRESERVED_SPECIMEN","Lomatium grayi"
441777708,"Lomatium grayi",-121.21954,45.74364,2010,4,7,"US","PRESERVED_SPECIMEN","Lomatium grayi"
2418057044,"Lomatium grayi",-120.733333,45.716667,2009,5,6,"US","PRESERVED_SPECIMEN","Lomatium grayi"
4068903423,"Lomatium grayi",-120.683333,45.716667,2006,3,30,"US","PRESERVED_SPECIMEN","Lomatium grayi"
4068983364,"Lomatium grayi",-121.425667,45.701167,2013,3,27,"US","PRESERVED_SPECIMEN","Lomatium grayi"
4070152266,"Lomatium grayi",-121.353333,45.705,2006,4,16,"US","PRESERVED_SPECIMEN","Lomatium grayi"
4068908499,"Lomatium grayi",-118.12557,45.54432,2009,6,18,"US","PRESERVED_SPECIMEN","Lomatium grayi"
1843906671,"Lomatium grayi",-118.1247,45.5367,2002,7,15,"US","PRESERVED_SPECIMEN","Lomatium grayi"
2430328270,"Lomatium grayi",-118.223611,45.495278,2001,6,14,"US","PRESERVED_SPECIMEN","Lomatium grayi"
4070167640,"Lomatium grayi",-121.0165,45.299,2007,3,17,"US","PRESERVED_SPECIMEN","Lomatium grayi"
4130376947,"Lomatium grayi",-116.186,45.268,2008,7,8,"US","PRESERVED_SPECIMEN","Lomatium grayi"
1930728182,"Lomatium grayi",-116.12603,45.27883,2013,7,13,"US","PRESERVED_SPECIMEN","Lomatium grayi"
4073886219,"Lomatium grayi",-116.122281,45.25494,2017,7,25,"US","PRESERVED_SPECIMEN","Lomatium grayi"
4073915929,"Lomatium grayi",-116.195306,45.177382,2017,8,16,"US","PRESERVED_SPECIMEN","Lomatium grayi"
4073911008,"Lomatium grayi",-116.782364,45.08509,2011,6,25,"US","PRESERVED_SPECIMEN","Lomatium grayi"
4068940820,"Lomatium grayi",-116.810369,45.055737,2010,6,15,"US","PRESERVED_SPECIMEN","Lomatium grayi"
4069007762,"Lomatium grayi",-116.695883,45.031333,2014,6,23,"US","PRESERVED_SPECIMEN","Lomatium grayi"
4073937566,"Lomatium grayi",-116.7109,44.96339,2011,6,24,"US","PRESERVED_SPECIMEN","Lomatium grayi"
4068956869,"Lomatium grayi",-113.8515,44.964222,2021,7,18,"US","PRESERVED_SPECIMEN","Lomatium grayi"
4073789496,"Lomatium grayi",-116.5431,44.948446,2018,5,11,"US","PRESERVED_SPECIMEN","Lomatium grayi"
4073694566,"Lomatium grayi",-116.0758,44.9264,2000,6,15,"US","PRESERVED_SPECIMEN","Lomatium grayi"
4068899939,"Lomatium grayi",-116.896117,44.852183,2009,4,23,"US","PRESERVED_SPECIMEN","Lomatium grayi"
4073836488,"Lomatium grayi",-116.700343,44.81881,2017,7,10,"US","PRESERVED_SPECIMEN","Lomatium grayi"
4070177144,"Lomatium grayi",-116.3995,44.827667,2004,5,13,"US","PRESERVED_SPECIMEN","Lomatium grayi"
4073907434,"Lomatium grayi",-116.24371,44.81737,2013,7,3,"US","PRESERVED_SPECIMEN","Lomatium grayi"
4073902796,"Lomatium grayi",-116.19759,44.76464,2015,7,7,"US","PRESERVED_SPECIMEN","Lomatium grayi"
4073811240,"Lomatium grayi",-116.28712,44.70056,2014,7,7,"US","PRESERVED_SPECIMEN","Lomatium grayi"
4073695916,"Lomatium grayi",-116.27735,44.65865,2017,6,23,"US","PRESERVED_SPECIMEN","Lomatium grayi"
4073871996,"Lomatium grayi",-116.25575,44.59248,2014,7,2,"US","PRESERVED_SPECIMEN","Lomatium grayi"
4073768972,"Lomatium grayi",-117.029445,44.5491835,2005,7,9,"US","PRESERVED_SPECIMEN","Lomatium grayi"
1849125497,"Lomatium grayi",-116.950783,44.548744,2004,5,30,"US","PRESERVED_SPECIMEN","Lomatium grayi"
4073946918,"Lomatium grayi",-116.25816,44.55529,2016,7,11,"US","PRESERVED_SPECIMEN","Lomatium grayi"
4073854394,"Lomatium grayi",-116.878611,44.441389,2002,6,20,"US","PRESERVED_SPECIMEN","Lomatium grayi"
4073748852,"Lomatium grayi",-116.523267,44.383233,2008,6,15,"US","PRESERVED_SPECIMEN","Lomatium grayi"
4068967270,"Lomatium grayi",-118.733543,44.280087,2011,7,25,"US","PRESERVED_SPECIMEN","Lomatium grayi"
4070170858,"Lomatium grayi",-116.7703,44.2606,2004,5,13,"US","PRESERVED_SPECIMEN","Lomatium grayi"
4073773088,"Lomatium grayi",-116.68,44.255,2010,4,25,"US","PRESERVED_SPECIMEN","Lomatium grayi"
4010657438,"Lomatium grayi",-112.89211,44.173433,2022,7,4,"US","PRESERVED_SPECIMEN","Lomatium grayi"
4070179765,"Lomatium grayi",-116.489,44.03942,2005,5,10,"US","PRESERVED_SPECIMEN","Lomatium grayi"
4068906548,"Lomatium grayi",-116.41215,44.007464,2014,5,21,"US","PRESERVED_SPECIMEN","Lomatium grayi"
4068952408,"Lomatium grayi",-116.732772,43.98695,2014,5,21,"US","PRESERVED_SPECIMEN","Lomatium grayi"
4073721054,"Lomatium grayi",-116.39394,43.98869,2016,5,29,"US","PRESERVED_SPECIMEN","Lomatium grayi"
4073749522,"Lomatium grayi",-116.03062,43.99263,2018,6,20,"US","PRESERVED_SPECIMEN","Lomatium grayi"
4070169956,"Lomatium grayi",-116.4926,43.955533,2004,5,13,"US","PRESERVED_SPECIMEN","Lomatium grayi"
4073703659,"Lomatium grayi",-116.44699,43.92813,2016,5,29,"US","PRESERVED_SPECIMEN","Lomatium grayi"
4070173489,"Lomatium grayi",-116.404617,43.921833,2004,5,14,"US","PRESERVED_SPECIMEN","Lomatium grayi"
4070176725,"Lomatium grayi",-116.304,43.9395,2004,5,14,"US","PRESERVED_SPECIMEN","Lomatium grayi"
4073694029,"Lomatium grayi",-113.443999,43.95057,2016,6,3,"US","PRESERVED_SPECIMEN","Lomatium grayi"
4068895290,"Lomatium grayi",-116.54,43.88,2001,3,27,"US","PRESERVED_SPECIMEN","Lomatium grayi"
4073887282,"Lomatium grayi",-116.4265181,43.8433946,2005,4,8,"US","PRESERVED_SPECIMEN","Lomatium grayi"
4073936631,"Lomatium grayi",-116.409667,43.847,2005,3,16,"US","PRESERVED_SPECIMEN","Lomatium grayi"
4068934515,"Lomatium grayi",-116.281422,43.844047,2014,5,21,"US","PRESERVED_SPECIMEN","Lomatium grayi"
4073705900,"Lomatium grayi",-114.438,43.87155,2013,6,20,"US","PRESERVED_SPECIMEN","Lomatium grayi"
4073749135,"Lomatium grayi",-111.99019,43.78729,2020,6,24,"US","PRESERVED_SPECIMEN","Lomatium grayi"
4068966323,"Lomatium grayi",-118.516389,43.742222,2012,4,28,"US","PRESERVED_SPECIMEN","Lomatium grayi"
441776979,"Lomatium grayi",-117.19715,43.732583,2003,3,27,"US","PRESERVED_SPECIMEN","Lomatium grayi"
4068940469,"Lomatium grayi",-116.248175,43.725408,2015,4,5,"US","PRESERVED_SPECIMEN","Lomatium grayi"
4074155228,"Lomatium grayi",-117.209139,43.687472,2011,6,7,"US","PRESERVED_SPECIMEN","Lomatium grayi"
4068916317,"Lomatium grayi",-116.22155,43.683417,2010,4,30,"US","PRESERVED_SPECIMEN","Lomatium grayi"
4068929225,"Lomatium grayi",-116.15,43.7,2005,4,18,"US","PRESERVED_SPECIMEN","Lomatium grayi"
4068910202,"Lomatium grayi",-115.682719,43.681983,2011,4,2,"US","PRESERVED_SPECIMEN","Lomatium grayi"
4070178495,"Lomatium grayi",-115.736,43.639,2004,5,20,"US","PRESERVED_SPECIMEN","Lomatium grayi"
4068971818,"Lomatium grayi",-115.6975,43.666111,2010,3,14,"US","PRESERVED_SPECIMEN","Lomatium grayi"
4074150480,"Lomatium grayi",-117.5183428,43.6051781,2004,5,25,"US","PRESERVED_SPECIMEN","Lomatium grayi"
1931015140,"Lomatium grayi",-111.5181837,43.6052238,2004,5,25,"US","PRESERVED_SPECIMEN","Lomatium grayi"
3467268546,"Lomatium grayi",-117.152,43.5541,2013,3,28,"US","PRESERVED_SPECIMEN","Lomatium grayi"
1929359429,"Lomatium grayi",-116.9597,43.51261,2000,4,28,"US","PRESERVED_SPECIMEN","Lomatium grayi"
4070177484,"Lomatium grayi",-116.132933,43.513133,2003,4,29,"US","PRESERVED_SPECIMEN","Lomatium grayi"
4068928860,"Lomatium grayi",-116.092,43.534,2014,5,12,"US","PRESERVED_SPECIMEN","Lomatium grayi"
4068910287,"Lomatium grayi",-116.083333,43.533333,2006,4,20,"US","PRESERVED_SPECIMEN","Lomatium grayi"
4074155433,"Lomatium grayi",-117.1261,43.478367,2007,4,10,"US","PRESERVED_SPECIMEN","Lomatium grayi"
4070178601,"Lomatium grayi",-117.124,43.47543,2005,5,4,"US","PRESERVED_SPECIMEN","Lomatium grayi"
4070173618,"Lomatium grayi",-116.0914,43.4632,2004,4,21,"US","PRESERVED_SPECIMEN","Lomatium grayi"
4068953020,"Lomatium grayi",-116.127,43.456,2014,5,6,"US","PRESERVED_SPECIMEN","Lomatium grayi"
4068984480,"Lomatium grayi",-116.23948,43.38512,2011,5,5,"US","PRESERVED_SPECIMEN","Lomatium grayi"
4010654724,"Lomatium grayi",-111.441003,43.384013,2022,6,6,"US","PRESERVED_SPECIMEN","Lomatium grayi"
1927963821,"Lomatium grayi",-111.5706,43.3708,2007,5,30,"US","PRESERVED_SPECIMEN","Lomatium grayi"
4068948759,"Lomatium grayi",-116.114933,43.32275,2004,5,30,"US","PRESERVED_SPECIMEN","Lomatium grayi"
4074150508,"Lomatium grayi",-117.561117,43.20445,2002,4,23,"US","PRESERVED_SPECIMEN","Lomatium grayi"
4068983318,"Lomatium grayi",-116.7767,43.1929,2015,4,17,"US","PRESERVED_SPECIMEN","Lomatium grayi"
4068932738,"Lomatium grayi",-114.766667,43.133333,2003,5,31,"US","PRESERVED_SPECIMEN","Lomatium grayi"
3859474505,"Lomatium grayi",-114.337083,43.16436,2022,5,28,"US","HUMAN_OBSERVATION","Lomatium grayi"
1929586023,"Lomatium grayi",-117.71733,43.109,2002,6,7,"US","PRESERVED_SPECIMEN","Lomatium grayi"
4070168575,"Lomatium grayi",-114.7785,43.1185,2004,4,27,"US","PRESERVED_SPECIMEN","Lomatium grayi"
1927775888,"Lomatium grayi",-114.672467,43.10715,2005,4,29,"US","PRESERVED_SPECIMEN","Lomatium grayi"
4070178142,"Lomatium grayi",-116.765,43.04032,2003,5,27,"US","PRESERVED_SPECIMEN","Lomatium grayi"
4073717452,"Lomatium grayi",-111.27721,42.96516,2020,6,26,"US","PRESERVED_SPECIMEN","Lomatium grayi"
4073730606,"Lomatium grayi",-112.50938,42.90302,2011,4,24,"US","PRESERVED_SPECIMEN","Lomatium grayi"
4073699654,"Lomatium grayi",-112.484583,42.88335,2007,4,10,"US","PRESERVED_SPECIMEN","Lomatium grayi"
4073695840,"Lomatium grayi",-111.35616,42.89866,2020,6,26,"US","PRESERVED_SPECIMEN","Lomatium grayi"
1272081365,"Lomatium grayi",-112.495217,42.83612,2016,5,15,"US","HUMAN_OBSERVATION","Lomatium grayi"
2620198890,"Lomatium grayi",-112.452117,42.850972,2020,5,1,"US","HUMAN_OBSERVATION","Lomatium grayi"
2626320623,"Lomatium grayi",-112.367972,42.846275,2020,5,9,"US","HUMAN_OBSERVATION","Lomatium grayi"
4070181140,"Lomatium grayi",-117.025,42.8124,2005,5,24,"US","PRESERVED_SPECIMEN","Lomatium grayi"
1457629714,"Lomatium grayi",-112.514899,42.818547,2017,4,9,"US","HUMAN_OBSERVATION","Lomatium grayi"
1847577783,"Lomatium grayi",-112.473162,42.824678,2018,5,6,"US","HUMAN_OBSERVATION","Lomatium grayi"
2242753700,"Lomatium grayi",-112.408624,42.830094,2019,4,9,"US","HUMAN_OBSERVATION","Lomatium grayi"
4103231921,"Lomatium grayi",-112.396912,42.760657,2023,4,29,"US","HUMAN_OBSERVATION","Lomatium grayi"
1265565225,"Lomatium grayi",-112.432167,42.710267,2016,4,9,"US","HUMAN_OBSERVATION","Lomatium grayi"
3097107734,"Lomatium grayi",-112.378325,42.725725,2021,4,22,"US","HUMAN_OBSERVATION","Lomatium grayi"
3859429215,"Lomatium grayi",-112.362778,42.691639,2022,5,30,"US","HUMAN_OBSERVATION","Lomatium grayi"
1986955773,"Lomatium grayi",-111.1975,42.661111,2003,6,25,"US","PRESERVED_SPECIMEN","Lomatium grayi"
4010655324,"Lomatium grayi",-111.34687,42.61128,2021,6,24,"US","PRESERVED_SPECIMEN","Lomatium grayi"
1927900197,"Lomatium grayi",-111.132222,42.586111,2003,6,23,"US","PRESERVED_SPECIMEN","Lomatium grayi"
4074148471,"Lomatium grayi",-111.721147,42.434218,2002,4,29,"US","PRESERVED_SPECIMEN","Lomatium grayi"
4073712031,"Lomatium grayi",-111.097869,42.418183,2005,4,27,"US","PRESERVED_SPECIMEN","Lomatium grayi"
1929921093,"Lomatium grayi",-112.0433,42.3522,2009,6,2,"US","PRESERVED_SPECIMEN","Lomatium grayi"
3359786342,"Lomatium grayi",-111.75703,42.23521,2020,5,12,"US","PRESERVED_SPECIMEN","Lomatium grayi"
1986988700,"Lomatium grayi",-111.6959,42.2294,2009,4,25,"US","PRESERVED_SPECIMEN","Lomatium grayi"
4069029838,"Lomatium grayi",-111.958,42.188,2017,5,29,"US","PRESERVED_SPECIMEN","Lomatium grayi"
4068903849,"Lomatium grayi",-111.7918,42.1876,2019,5,25,"US","PRESERVED_SPECIMEN","Lomatium grayi"
3827547913,"Lomatium grayi",-111.708067,42.066933,2022,5,18,"US","PRESERVED_SPECIMEN","Lomatium grayi"
4010655401,"Lomatium grayi",-111.60634,42.061062,2022,7,18,"US","PRESERVED_SPECIMEN","Lomatium grayi"
4010655748,"Lomatium grayi",-112.144562,41.938861,2022,6,9,"US","PRESERVED_SPECIMEN","Lomatium grayi"
3802510985,"Lomatium grayi",-111.720795,41.881963,2022,5,21,"US","HUMAN_OBSERVATION","Lomatium grayi"
1986960130,"Lomatium grayi",-110.916389,41.863611,2005,6,20,"US","PRESERVED_SPECIMEN","Lomatium grayi"
2464653698,"Lomatium grayi",-111.78513,41.7551,2019,5,13,"US","PRESERVED_SPECIMEN","Lomatium grayi"
3799743308,"Lomatium grayi",-112.027482,41.718596,2021,4,22,"US","PRESERVED_SPECIMEN","Lomatium grayi"
2578936928,"Lomatium grayi",-111.82471,41.73417,2018,4,24,"US","PRESERVED_SPECIMEN","Lomatium grayi"
2242768205,"Lomatium grayi",-111.772509,41.741533,2019,4,27,"US","HUMAN_OBSERVATION","Lomatium grayi"
2238873438,"Lomatium grayi",-111.72459,41.749225,2019,4,27,"US","HUMAN_OBSERVATION","Lomatium grayi"
1929719006,"Lomatium grayi",-116.04985,41.677983,2008,6,11,"US","PRESERVED_SPECIMEN","Lomatium grayi"
2270223914,"Lomatium grayi",-112.84279,41.69922,2015,5,15,"US","PRESERVED_SPECIMEN","Lomatium grayi"
1986950757,"Lomatium grayi",-111.620833,41.688056,2004,6,10,"US","PRESERVED_SPECIMEN","Lomatium grayi"
4073684888,"Lomatium grayi",-116.00055,41.548917,2014,6,27,"US","PRESERVED_SPECIMEN","Lomatium grayi"
2422432742,"Lomatium grayi",-111.42278,41.58333,2005,7,8,"US","PRESERVED_SPECIMEN","Lomatium grayi"
4034703323,"Lomatium grayi",-112.457458,41.46873,2018,5,15,"US","HUMAN_OBSERVATION","Lomatium grayi"
1981511690,"Lomatium grayi",-112.41215,41.34357,2018,4,29,"US","PRESERVED_SPECIMEN","Lomatium grayi"
1931309312,"Lomatium grayi",-110.93417,41.3445,2005,5,26,"US","PRESERVED_SPECIMEN","Lomatium grayi"
1929664683,"Lomatium grayi",-110.91,41.34333,2006,5,30,"US","PRESERVED_SPECIMEN","Lomatium grayi"
4167714306,"Lomatium grayi",-111.746976,41.299479,2023,5,25,"US","PRESERVED_SPECIMEN","Lomatium grayi"
1843899798,"Lomatium grayi",-111.0815,41.2723,2005,6,10,"US","PRESERVED_SPECIMEN","Lomatium grayi"
3112520460,"Lomatium grayi",-111.925647,41.214012,2021,4,23,"US","HUMAN_OBSERVATION","Lomatium grayi"
4034840582,"Lomatium grayi",-113.358754,41.193501,2021,4,10,"US","HUMAN_OBSERVATION","Lomatium grayi"
4171414455,"Lomatium grayi",-112.25081,41.058596,2023,4,24,"US","HUMAN_OBSERVATION","Lomatium grayi"
3097257675,"Lomatium grayi",-112.235328,41.052456,2021,3,19,"US","HUMAN_OBSERVATION","Lomatium grayi"
3466012459,"Lomatium grayi",-112.257095,41.032311,2021,3,24,"US","HUMAN_OBSERVATION","Lomatium grayi"
4171290647,"Lomatium grayi",-112.210013,41.020997,2023,4,30,"US","HUMAN_OBSERVATION","Lomatium grayi"
2578936032,"Lomatium grayi",-111.99999,41.00001,2018,4,29,"US","PRESERVED_SPECIMEN","Lomatium grayi"
3079589763,"Lomatium grayi",-112.21594,40.988806,2021,4,4,"US","HUMAN_OBSERVATION","Lomatium grayi"
4034799474,"Lomatium grayi",-112.20562,40.993152,2022,4,24,"US","HUMAN_OBSERVATION","Lomatium grayi"
2626152444,"Lomatium grayi",-112.51168,40.927667,2020,3,20,"US","HUMAN_OBSERVATION","Lomatium grayi"
3067866689,"Lomatium grayi",-112.214557,40.9583,2021,3,19,"US","HUMAN_OBSERVATION","Lomatium grayi"
4034663510,"Lomatium grayi",-112.51906,40.80755,2021,3,28,"US","HUMAN_OBSERVATION","Lomatium grayi"
2626224512,"Lomatium grayi",-112.496344,40.787482,2020,4,8,"US","HUMAN_OBSERVATION","Lomatium grayi"
2573340772,"Lomatium grayi",-107.54993,40.78081,2001,5,24,"US","PRESERVED_SPECIMEN","Lomatium grayi"
4034762496,"Lomatium grayi",-112.94953,40.72518,2017,4,1,"US","HUMAN_OBSERVATION","Lomatium grayi"
2244220862,"Lomatium grayi",-112.609544,40.680834,2019,4,14,"US","HUMAN_OBSERVATION","Lomatium grayi"
4112067921,"Lomatium grayi",-111.881163,40.658858,2023,4,28,"US","HUMAN_OBSERVATION","Lomatium grayi"
4068897580,"Lomatium grayi",-109.790942,40.624017,2020,6,10,"US","PRESERVED_SPECIMEN","Lomatium grayi"
2451558994,"Lomatium grayi",-108.669826,40.587001,2019,5,16,"US","PRESERVED_SPECIMEN","Lomatium grayi"
1930941386,"Lomatium grayi",-107.4408,40.5934,2001,5,23,"US","PRESERVED_SPECIMEN","Lomatium grayi"
1930359773,"Lomatium grayi",-109.955845,40.582904,2011,6,15,"US","PRESERVED_SPECIMEN","Lomatium grayi"
2609352075,"Lomatium grayi",-112.58134,40.511268,2020,4,19,"US","HUMAN_OBSERVATION","Lomatium grayi"
4404889850,"Lomatium grayi",-112.462778,40.522778,2000,5,13,"US","PRESERVED_SPECIMEN","Lomatium grayi"
1986946912,"Lomatium grayi",-112.3975,40.496667,2000,5,12,"US","PRESERVED_SPECIMEN","Lomatium grayi"
3428567446,"Lomatium grayi",-109.019489,40.467582,2002,5,29,"US","PRESERVED_SPECIMEN","Lomatium grayi"
4068965061,"Lomatium grayi",-111.570556,40.3825,2004,5,29,"US","PRESERVED_SPECIMEN","Lomatium grayi"
1927815936,"Lomatium grayi",-108.949838,40.301226,2003,5,30,"US","PRESERVED_SPECIMEN","Lomatium grayi"
4028705288,"Lomatium grayi",-107.837074,40.002478,2022,5,25,"US","HUMAN_OBSERVATION","Lomatium grayi"
4034872448,"Lomatium grayi",-113.414762,39.887483,2021,6,14,"US","HUMAN_OBSERVATION","Lomatium grayi"
3109008515,"Lomatium grayi",-111.8908,39.899582,2021,4,18,"US","HUMAN_OBSERVATION","Lomatium grayi"
3108977005,"Lomatium grayi",-112.11818,39.764992,2021,4,25,"US","HUMAN_OBSERVATION","Lomatium grayi"
2242418870,"Lomatium grayi",-108.315436,39.678021,2010,5,20,"US","PRESERVED_SPECIMEN","Lomatium grayi"
3314374068,"Lomatium grayi",-108.89901,39.603428,2021,6,20,"US","HUMAN_OBSERVATION","Lomatium grayi"
3892756642,"Lomatium grayi",-108.8,39.55,2001,5,18,"US","PRESERVED_SPECIMEN","Lomatium grayi"
4103074578,"Lomatium grayi",-107.333778,39.571733,2019,4,5,"US","HUMAN_OBSERVATION","Lomatium grayi"
2573498833,"Lomatium grayi",-107.7977,39.5055,2010,5,7,"US","PRESERVED_SPECIMEN","Lomatium grayi"
4034796454,"Lomatium grayi",-113.331428,39.478213,2022,5,17,"US","HUMAN_OBSERVATION","Lomatium grayi"
3798074530,"Lomatium grayi",-107.59,39.46,2010,7,5,"US","PRESERVED_SPECIMEN","Lomatium grayi"
4034655318,"Lomatium grayi",-113.323952,39.37043,2018,6,8,"US","HUMAN_OBSERVATION","Lomatium grayi"
1986947047,"Lomatium grayi",-112.266944,39.349444,2000,4,5,"US","PRESERVED_SPECIMEN","Lomatium grayi"
4068907636,"Lomatium grayi",-112.210694,39.35325,2013,5,15,"US","PRESERVED_SPECIMEN","Lomatium grayi"
2242387595,"Lomatium grayi",-108.327888,39.353997,2010,5,20,"US","PRESERVED_SPECIMEN","Lomatium grayi"
1931204122,"Lomatium grayi",-108.1702,39.2385,2011,5,19,"US","PRESERVED_SPECIMEN","Lomatium grayi"
3772489014,"Lomatium grayi",-113.698678,39.207233,2022,4,27,"US","HUMAN_OBSERVATION","Lomatium grayi"
4138246761,"Lomatium grayi",-109.017303,39.175228,2023,4,27,"US","HUMAN_OBSERVATION","Lomatium grayi"
3798124440,"Lomatium grayi",-108.26,39.17,2013,5,17,"US","PRESERVED_SPECIMEN","Lomatium grayi"
4102661814,"Lomatium grayi",-108.152783,39.198658,2023,4,24,"US","HUMAN_OBSERVATION","Lomatium grayi"
4166230304,"Lomatium grayi",-108.3066,39.0667,2010,5,2,"US","PRESERVED_SPECIMEN","Lomatium grayi"
2573341792,"Lomatium grayi",-107.76098,38.9091,2012,5,1,"US","PRESERVED_SPECIMEN","Lomatium grayi"
4166230303,"Lomatium grayi",-108.2265,38.85,2010,5,5,"US","PRESERVED_SPECIMEN","Lomatium grayi"
2573340921,"Lomatium grayi",-107.68733,38.54846,2004,5,10,"US","PRESERVED_SPECIMEN","Lomatium grayi"
3302247647,"Lomatium grayi",-108.016623,38.390457,2021,5,18,"US","HUMAN_OBSERVATION","Lomatium grayi"
4166230309,"Lomatium grayi",-108.058,38.3688,2010,6,6,"US","PRESERVED_SPECIMEN","Lomatium grayi"
4068977789,"Lomatium grayi",-112.67175,37.94773,2009,6,4,"US","PRESERVED_SPECIMEN","Lomatium grayi"
3091227916,"Lomatium grayi",-108.7932866,37.8032771,2004,6,5,"US","PRESERVED_SPECIMEN","Lomatium grayi"
2573438040,"Lomatium grayi",-108.469433,37.762167,2011,7,14,"US","PRESERVED_SPECIMEN","Lomatium grayi"
997427319,"Lomatium grayi",-113.045918,37.687214,2010,5,8,"US","PRESERVED_SPECIMEN","Lomatium grayi"
2573438089,"Lomatium grayi",-108.473217,37.683333,2011,6,23,"US","PRESERVED_SPECIMEN","Lomatium grayi"
2242400552,"Lomatium grayi",-108.45759,37.66856,2012,5,13,"US","PRESERVED_SPECIMEN","Lomatium grayi"
3091285395,"Lomatium grayi",-112.22911,37.44012,2014,5,20,"US","PRESERVED_SPECIMEN","Lomatium grayi"
2573508250,"Lomatium grayi",-108.195278,37.348333,2004,4,18,"US","PRESERVED_SPECIMEN","Lomatium grayi"
2573555347,"Lomatium grayi",-107.387778,37.202222,2003,4,29,"US","PRESERVED_SPECIMEN","Lomatium grayi"
2242356298,"Lomatium grayi",-107.1146,37.164267,2003,6,20,"US","PRESERVED_SPECIMEN","Lomatium grayi"
