"gbifID","species","longitude","latitude","year","month","day","countryCode","basisOfRecord","accepted_name"
4606854633,"Lomatium scabrum",-114.153551,40.476602,2021,4,14,"US","HUMAN_OBSERVATION","Lomatium scabrum"
5008046675,"Lomatium scabrum",-113.42048,39.89018,2015,5,2,"US","HUMAN_OBSERVATION","Lomatium scabrum"
4912115775,"Lomatium scabrum",-112.82887,39.8129,2024,5,3,"US","PRESERVED_SPECIMEN","Lomatium scabrum"
4920423664,"Lomatium scabrum",-113.405833,39.142778,2006,8,22,"US","PRESERVED_SPECIMEN","Lomatium scabrum"
4912144775,"Lomatium scabrum",-113.58554,39.05925,2024,5,20,"US","PRESERVED_SPECIMEN","Lomatium scabrum"
4920408024,"Lomatium scabrum",-113.885833,38.873611,2010,3,16,"US","PRESERVED_SPECIMEN","Lomatium scabrum"
4912157557,"Lomatium scabrum",-113.59394,38.79619,2000,5,20,"US","PRESERVED_SPECIMEN","Lomatium scabrum"
4988003496,"Lomatium scabrum",-113.764275,38.743395,2022,5,6,"US","PRESERVED_SPECIMEN","Lomatium scabrum"
4975941370,"Lomatium scabrum",-113.8117,38.61071,2023,6,4,"US","PRESERVED_SPECIMEN","Lomatium scabrum"
4912172927,"Lomatium scabrum",-113.28336,38.45238,2019,6,21,"US","PRESERVED_SPECIMEN","Lomatium scabrum"
4912144098,"Lomatium scabrum",-112.69065,37.93317,2014,5,28,"US","PRESERVED_SPECIMEN","Lomatium scabrum"
4068983140,"Lomatium scabrum",-112.73538,37.90458,2020,5,13,"US","PRESERVED_SPECIMEN","Lomatium scabrum"
2422517143,"Lomatium scabrum",-115.0197,37.85317,2016,5,10,"US","PRESERVED_SPECIMEN","Lomatium scabrum"
4912130469,"Lomatium scabrum",-112.9801,37.8174,2017,6,2,"US","PRESERVED_SPECIMEN","Lomatium scabrum"
4404898518,"Lomatium scabrum",-115.161987,37.748117,2017,5,20,"US","PRESERVED_SPECIMEN","Lomatium scabrum"
3759199309,"Lomatium scabrum",-113.044869,37.691722,2017,5,18,"US","HUMAN_OBSERVATION","Lomatium scabrum"
3759851307,"Lomatium scabrum",-113.039725,37.69043,2017,4,16,"US","HUMAN_OBSERVATION","Lomatium scabrum"
4912130431,"Lomatium scabrum",-113.1467,37.56467,2017,5,13,"US","PRESERVED_SPECIMEN","Lomatium scabrum"
4034611306,"Lomatium scabrum",-113.175683,37.516055,2017,4,13,"US","HUMAN_OBSERVATION","Lomatium scabrum"
2422425906,"Lomatium scabrum",-115.33761,37.4875,2005,5,13,"US","PRESERVED_SPECIMEN","Lomatium scabrum"
4404962744,"Lomatium scabrum",-115.330897,37.35678,2017,5,28,"US","PRESERVED_SPECIMEN","Lomatium scabrum"
4929786212,"Lomatium scabrum",-114.51294,37.37217,2009,4,29,"US","PRESERVED_SPECIMEN","Lomatium scabrum"
1928920114,"Lomatium scabrum",-113.6329,37.3375,2001,5,12,"US","PRESERVED_SPECIMEN","Lomatium scabrum"
415730401,"Lomatium scabrum",-114.143611,37.255278,2005,5,1,"US","PRESERVED_SPECIMEN","Lomatium scabrum"
5007766782,"Lomatium scabrum",-113.899619,37.286139,2023,4,21,"US","HUMAN_OBSERVATION","Lomatium scabrum"
1846483603,"Lomatium scabrum",-113.776467,37.22865,2008,4,20,"US","PRESERVED_SPECIMEN","Lomatium scabrum"
4929623317,"Lomatium scabrum",-113.632728,37.230498,2023,5,14,"US","PRESERVED_SPECIMEN","Lomatium scabrum"
4912077275,"Lomatium scabrum",-113.47129,37.22005,2020,3,5,"US","PRESERVED_SPECIMEN","Lomatium scabrum"
3415701368,"Lomatium scabrum",-113.3757,37.2461,2020,4,11,"US","HUMAN_OBSERVATION","Lomatium scabrum"
1986958112,"Lomatium scabrum",-114.088048,37.206728,2005,5,1,"US","PRESERVED_SPECIMEN","Lomatium scabrum"
4920407817,"Lomatium scabrum",-113.419444,37.180833,2006,8,24,"US","PRESERVED_SPECIMEN","Lomatium scabrum"
4920410845,"Lomatium scabrum",-113.603056,37.145556,2011,6,14,"US","PRESERVED_SPECIMEN","Lomatium scabrum"
4920414737,"Lomatium scabrum",-113.847222,37.011111,2011,12,22,"US","PRESERVED_SPECIMEN","Lomatium scabrum"
4920413715,"Lomatium scabrum",-113.821061,37.012519,2013,11,20,"US","PRESERVED_SPECIMEN","Lomatium scabrum"
3091202297,"Lomatium scabrum",-113.791083,36.972111,2016,4,2,"US","PRESERVED_SPECIMEN","Lomatium scabrum"
4404972070,"Lomatium scabrum",-114.284,36.925,2017,4,15,"US","PRESERVED_SPECIMEN","Lomatium scabrum"
3091190418,"Lomatium scabrum",-113.7306,36.925,2003,4,24,"US","PRESERVED_SPECIMEN","Lomatium scabrum"
2270461902,"Lomatium scabrum",-114.336367,36.904683,2012,4,28,"US","PRESERVED_SPECIMEN","Lomatium scabrum"
4069049126,"Lomatium scabrum",-114.290361,36.896333,2009,4,27,"US","PRESERVED_SPECIMEN","Lomatium scabrum"
1928714912,"Lomatium scabrum",-113.8052,36.8968,2000,4,24,"US","PRESERVED_SPECIMEN","Lomatium scabrum"
4920424213,"Lomatium scabrum",-114.898056,36.66,2006,8,22,"US","PRESERVED_SPECIMEN","Lomatium scabrum"
2242395468,"Lomatium scabrum",-114.042917,36.635915,2004,4,6,"US","PRESERVED_SPECIMEN","Lomatium scabrum"
3091235579,"Lomatium scabrum",-114.010833,36.663667,2010,4,12,"US","PRESERVED_SPECIMEN","Lomatium scabrum"
3425130331,"Lomatium scabrum",-115.0411,36.4507,2020,5,4,"US","PRESERVED_SPECIMEN","Lomatium scabrum"
2422447298,"Lomatium scabrum",-115.68861,36.38583,2008,4,28,"US","PRESERVED_SPECIMEN","Lomatium scabrum"
4912256059,"Lomatium scabrum",-114.68394,36.38445,2014,4,10,"US","PRESERVED_SPECIMEN","Lomatium scabrum"
3759180524,"Lomatium scabrum",-114.697443,36.30306,2021,4,3,"US","HUMAN_OBSERVATION","Lomatium scabrum"
