"gbifID","species","longitude","latitude","year","month","day","countryCode","accepted_name"
1988065747,"Lomatium grayi",-123.547,48.960999999066,2014,5,14,"CA","Lomatium grayi"
2549498021,"Lomatium grayi",-118.605,47.3842,2016,4,27,"US","Lomatium grayi"
441777649,"Lomatium grayi",-120.252033,47.145367,2006,5,17,"US","Lomatium grayi"
441777668,"Lomatium grayi",-120.00568,47.16436,2008,4,29,"US","Lomatium grayi"
623687690,"Lomatium grayi",-121.15114,46.90872,2011,7,14,"US","Lomatium grayi"
441777627,"Lomatium grayi",-120.645278,46.906944,2005,5,12,"US","Lomatium grayi"
1843906643,"Lomatium grayi",-117.809,46.13244,2001,6,8,"US","Lomatium grayi"
415730406,"Lomatium grayi",-117.901111,46.087778,2001,8,3,"US","Lomatium grayi"
441776789,"Lomatium grayi",-117.919444,46.062778,2004,7,11,"US","Lomatium grayi"
441777692,"Lomatium grayi",-121.11401,45.94635,2009,5,11,"US","Lomatium grayi"
415730385,"Lomatium grayi",-117.868056,45.953333,2002,7,19,"US","Lomatium grayi"
1930113570,"Lomatium grayi",-116.425,45.8917,2003,5,NA,"US","Lomatium grayi"
441777699,"Lomatium grayi",-121.013733,45.842617,2009,6,8,"US","Lomatium grayi"
441777747,"Lomatium grayi",-121.199463,45.800499,2011,4,5,"US","Lomatium grayi"
441777695,"Lomatium grayi",-121.25898,45.72258,2009,5,13,"US","Lomatium grayi"
441777708,"Lomatium grayi",-121.21954,45.74364,2010,4,7,"US","Lomatium grayi"
441777704,"Lomatium grayi",-120.733333,45.716667,2009,5,6,"US","Lomatium grayi"
1843906671,"Lomatium grayi",-118.1247,45.5367,2002,7,15,"US","Lomatium grayi"
2430328270,"Lomatium grayi",-118.223611,45.495278,2001,6,14,"US","Lomatium grayi"
1930728182,"Lomatium grayi",-116.12603,45.27883,2013,7,13,"US","Lomatium grayi"
1930158525,"Lomatium grayi",-116.69477,45.02908,2011,6,26,"US","Lomatium grayi"
1849125497,"Lomatium grayi",-116.950783,44.548744,2004,5,30,"US","Lomatium grayi"
441776979,"Lomatium grayi",-117.19715,43.732583,2003,3,27,"US","Lomatium grayi"
1928928890,"Lomatium grayi",-116.24,43.7267,2014,5,3,"US","Lomatium grayi"
1317224200,"Lomatium grayi",-117.209,43.6875,2011,6,7,"US","Lomatium grayi"
63857152,"Lomatium grayi",-117.5176,43.6053,2004,5,25,"US","Lomatium grayi"
1931015140,"Lomatium grayi",-111.518183653854,43.6052238180107,2004,5,25,"US","Lomatium grayi"
3467268546,"Lomatium grayi",-117.152,43.5541,2013,3,28,"US","Lomatium grayi"
1929359429,"Lomatium grayi",-116.9597,43.51261,2000,4,28,"US","Lomatium grayi"
1986988765,"Lomatium grayi",-117.126267,43.480867,2006,5,11,"US","Lomatium grayi"
1927963821,"Lomatium grayi",-111.5706,43.3708,2007,5,30,"US","Lomatium grayi"
1930750199,"Lomatium grayi",-116.114933,43.32275,2004,5,30,"US","Lomatium grayi"
441776983,"Lomatium grayi",-114.766667,43.133333,2003,5,31,"US","Lomatium grayi"
1929586023,"Lomatium grayi",-117.71733,43.109,2002,6,7,"US","Lomatium grayi"
1927775888,"Lomatium grayi",-114.672467,43.10715,2005,4,29,"US","Lomatium grayi"
1272081365,"Lomatium grayi",-112.495217,42.83612,2016,5,15,"US","Lomatium grayi"
2620198890,"Lomatium grayi",-112.452117,42.850972,2020,5,1,"US","Lomatium grayi"
2626320623,"Lomatium grayi",-112.367972,42.846275,2020,5,9,"US","Lomatium grayi"
1457629714,"Lomatium grayi",-112.514899,42.818547,2017,4,9,"US","Lomatium grayi"
1847577783,"Lomatium grayi",-112.473162,42.824678,2018,5,6,"US","Lomatium grayi"
2242753700,"Lomatium grayi",-112.408624,42.830094,2019,4,9,"US","Lomatium grayi"
3772664602,"Lomatium grayi",-112.396401,42.760684,2022,4,24,"US","Lomatium grayi"
1265565225,"Lomatium grayi",-112.432167,42.710267,2016,4,9,"US","Lomatium grayi"
3097107734,"Lomatium grayi",-112.378325,42.725725,2021,4,22,"US","Lomatium grayi"
1928822497,"Lomatium grayi",-111.1975,42.661111,2003,6,25,"US","Lomatium grayi"
1927900197,"Lomatium grayi",-111.132222,42.586111,2003,6,23,"US","Lomatium grayi"
1929921093,"Lomatium grayi",-112.0433,42.3522,2009,6,2,"US","Lomatium grayi"
3359786342,"Lomatium grayi",-111.75703,42.23521,2020,5,12,"US","Lomatium grayi"
1986988700,"Lomatium grayi",-111.6959,42.2294,2009,4,25,"US","Lomatium grayi"
1930541537,"Lomatium grayi",-119.85772,41.8602799990623,2016,5,25,"US","Lomatium grayi"
1986960130,"Lomatium grayi",-110.916389,41.863611,2005,6,20,"US","Lomatium grayi"
2464653698,"Lomatium grayi",-111.78513,41.7551,2019,5,13,"US","Lomatium grayi"
1981504894,"Lomatium grayi",-111.82471,41.73417,2018,4,24,"US","Lomatium grayi"
2242768205,"Lomatium grayi",-111.772509,41.741533,2019,4,27,"US","Lomatium grayi"
2238873438,"Lomatium grayi",-111.72459,41.749225,2019,4,27,"US","Lomatium grayi"
1929719006,"Lomatium grayi",-116.04985,41.677983,2008,6,11,"US","Lomatium grayi"
2270223914,"Lomatium grayi",-112.84279,41.69922,2015,5,15,"US","Lomatium grayi"
2422432742,"Lomatium grayi",-111.42278,41.58333,2005,7,8,"US","Lomatium grayi"
1981511690,"Lomatium grayi",-112.41215,41.34357,2018,4,29,"US","Lomatium grayi"
1931309312,"Lomatium grayi",-110.93417,41.3445,2005,5,26,"US","Lomatium grayi"
1929664683,"Lomatium grayi",-110.91,41.34333,2006,5,30,"US","Lomatium grayi"
1843899798,"Lomatium grayi",-111.0815,41.2723,2005,6,10,"US","Lomatium grayi"
3112520460,"Lomatium grayi",-111.925647,41.214012,2021,4,23,"US","Lomatium grayi"
3097257675,"Lomatium grayi",-112.235328,41.052456,2021,3,19,"US","Lomatium grayi"
3466012459,"Lomatium grayi",-112.257095,41.032311,2021,3,24,"US","Lomatium grayi"
3124598500,"Lomatium grayi",-112.20932,41.039087,2021,5,13,"US","Lomatium grayi"
2578936032,"Lomatium grayi",-112,41,2018,4,29,"US","Lomatium grayi"
3079589763,"Lomatium grayi",-112.21594,40.988806,2021,4,4,"US","Lomatium grayi"
2626152444,"Lomatium grayi",-112.51168,40.927667,2020,3,20,"US","Lomatium grayi"
3067866689,"Lomatium grayi",-112.214557,40.9583,2021,3,19,"US","Lomatium grayi"
3759878510,"Lomatium grayi",-112.517944,40.803816,2021,3,13,"US","Lomatium grayi"
2626224512,"Lomatium grayi",-112.496344,40.787482,2020,4,8,"US","Lomatium grayi"
2244220862,"Lomatium grayi",-112.609544,40.680834,2019,4,14,"US","Lomatium grayi"
2451558994,"Lomatium grayi",-108.669826,40.587001,2019,5,16,"US","Lomatium grayi"
1930941386,"Lomatium grayi",-107.4408,40.5934,2001,5,23,"US","Lomatium grayi"
1930359773,"Lomatium grayi",-109.955845,40.5829039990677,2011,6,15,"US","Lomatium grayi"
2609352075,"Lomatium grayi",-112.58134,40.511268,2020,4,19,"US","Lomatium grayi"
1986946912,"Lomatium grayi",-112.3975,40.496667,2000,5,12,"US","Lomatium grayi"
3428567446,"Lomatium grayi",-109.019489,40.467582,2002,5,29,"US","Lomatium grayi"
1927815936,"Lomatium grayi",-108.949838,40.301226,2003,5,30,"US","Lomatium grayi"
3109008515,"Lomatium grayi",-111.8908,39.899582,2021,4,18,"US","Lomatium grayi"
3108977005,"Lomatium grayi",-112.11818,39.764992,2021,4,25,"US","Lomatium grayi"
2242418870,"Lomatium grayi",-108.315436,39.678021,2010,5,20,"US","Lomatium grayi"
3314374068,"Lomatium grayi",-108.89901,39.603428,2021,6,20,"US","Lomatium grayi"
1986947047,"Lomatium grayi",-112.266944,39.349444,2000,4,5,"US","Lomatium grayi"
2242387595,"Lomatium grayi",-108.327888,39.353997,2010,5,20,"US","Lomatium grayi"
1931204122,"Lomatium grayi",-108.1702,39.2385,2011,5,19,"US","Lomatium grayi"
3772489014,"Lomatium grayi",-113.698678,39.207233,2022,4,27,"US","Lomatium grayi"
2573342384,"Lomatium grayi",-107.70479,38.5682,2003,5,17,"US","Lomatium grayi"
3302247647,"Lomatium grayi",-108.016623,38.390457,2021,5,18,"US","Lomatium grayi"
1930471244,"Lomatium grayi",-108.793473,37.805319,2004,6,5,"US","Lomatium grayi"
2573438040,"Lomatium grayi",-108.469433,37.762167,2011,7,14,"US","Lomatium grayi"
997427319,"Lomatium grayi",-113.045918,37.687214,2010,5,8,"US","Lomatium grayi"
2573438089,"Lomatium grayi",-108.473217,37.683333,2011,6,23,"US","Lomatium grayi"
2242400552,"Lomatium grayi",-108.45759,37.66856,2012,5,13,"US","Lomatium grayi"
3091285395,"Lomatium grayi",-112.22911,37.44012,2014,5,20,"US","Lomatium grayi"
2573508250,"Lomatium grayi",-108.195278,37.348333,2004,4,18,"US","Lomatium grayi"
2573555347,"Lomatium grayi",-107.387778,37.202222,2003,4,29,"US","Lomatium grayi"
2242356298,"Lomatium grayi",-107.1146,37.164267,2003,6,20,"US","Lomatium grayi"
