"gbifID","species","longitude","latitude","year","month","day","countryCode","accepted_name"
3764320562,"Papilio appalachiensis",-83.544242,35.633472,2022,4,22,"US","Papilio appalachiensis"
3772716423,"Papilio appalachiensis",-82.679199,36.493634,2022,4,30,"US","Papilio appalachiensis"
3773562445,"Papilio appalachiensis",-83.794133,35.605753,2022,4,29,"US","Papilio appalachiensis"
3772827531,"Papilio appalachiensis",-83.427947,35.47722,2022,5,12,"US","Papilio appalachiensis"
3772939083,"Papilio appalachiensis",-83.060919,35.518291,2022,5,2,"US","Papilio appalachiensis"
3097360379,"Papilio appalachiensis",-81.776721,36.221617,2021,4,19,"US","Papilio appalachiensis"
3109370322,"Papilio appalachiensis",-80.468097,37.281857,2021,4,27,"US","Papilio appalachiensis"
3112664871,"Papilio appalachiensis",-81.862913,35.961108,2021,4,28,"US","Papilio appalachiensis"
3335165459,"Papilio appalachiensis",-82.81209,35.37103,2021,4,5,"US","Papilio appalachiensis"
3112598343,"Papilio appalachiensis",-80.466054,37.282463,2021,5,4,"US","Papilio appalachiensis"
3124566048,"Papilio appalachiensis",-82.5604,36.8705,2021,5,26,"US","Papilio appalachiensis"
3124574951,"Papilio appalachiensis",-81.913483,36.172538,2021,5,23,"US","Papilio appalachiensis"
3124646088,"Papilio appalachiensis",-81.917717,36.171203,2021,5,26,"US","Papilio appalachiensis"
3302368757,"Papilio appalachiensis",-80.466369,37.281753,2021,5,25,"US","Papilio appalachiensis"
3343957337,"Papilio appalachiensis",-78.45448,39.685268,2021,5,23,"US","Papilio appalachiensis"
3427477784,"Papilio appalachiensis",-79.62101,37.547252,2021,5,23,"US","Papilio appalachiensis"
3455158155,"Papilio appalachiensis",-83.131681,35.736201,2021,5,1,"US","Papilio appalachiensis"
3307337475,"Papilio appalachiensis",-79.541406,38.694036,2021,6,5,"US","Papilio appalachiensis"
3307417964,"Papilio appalachiensis",-79.541406,38.694036,2021,6,6,"US","Papilio appalachiensis"
3335411440,"Papilio appalachiensis",-79.541406,38.694036,2021,6,6,"US","Papilio appalachiensis"
3355622315,"Papilio appalachiensis",-79.390571,38.975755,2021,6,27,"US","Papilio appalachiensis"
3427479861,"Papilio appalachiensis",-79.62101,37.547252,2021,6,2,"US","Papilio appalachiensis"
2620028750,"Papilio appalachiensis",-83.137809,35.448174,2020,4,5,"US","Papilio appalachiensis"
2626203209,"Papilio appalachiensis",-82.231764,36.571404,2020,5,18,"US","Papilio appalachiensis"
2626515708,"Papilio appalachiensis",-78.687025,38.909385,2020,5,16,"US","Papilio appalachiensis"
2634131142,"Papilio appalachiensis",-77.932795,40.397113,2020,5,31,"US","Papilio appalachiensis"
2634310636,"Papilio appalachiensis",-80.19389,37.799164,2020,5,24,"US","Papilio appalachiensis"
2634426709,"Papilio appalachiensis",-83.544945,35.683947,2020,5,24,"US","Papilio appalachiensis"
2802566659,"Papilio appalachiensis",-79.46102,38.859882,2020,5,17,"US","Papilio appalachiensis"
2823286429,"Papilio appalachiensis",-79.616389,38.494722,2020,5,31,"US","Papilio appalachiensis"
3039207499,"Papilio appalachiensis",-78.533852,38.72793,2020,5,23,"US","Papilio appalachiensis"
3427525472,"Papilio appalachiensis",-78.686965,38.909594,2020,5,16,"US","Papilio appalachiensis"
3427544532,"Papilio appalachiensis",-80.178745,37.794563,2020,5,24,"US","Papilio appalachiensis"
2641525091,"Papilio appalachiensis",-79.821162,37.904571,2020,6,7,"US","Papilio appalachiensis"
2802661501,"Papilio appalachiensis",-80.100456,37.192173,2020,6,14,"US","Papilio appalachiensis"
2823246424,"Papilio appalachiensis",-79.924722,38.272778,2020,6,3,"US","Papilio appalachiensis"
2850664306,"Papilio appalachiensis",-81.499774,36.629731,2020,6,2,"US","Papilio appalachiensis"
3337865379,"Papilio appalachiensis",-78.589967,40.666676,2020,6,3,"US","Papilio appalachiensis"
3427464641,"Papilio appalachiensis",-80.025122,37.629926,2020,6,3,"US","Papilio appalachiensis"
3427465805,"Papilio appalachiensis",-79.62101,37.547252,2020,6,7,"US","Papilio appalachiensis"
3013875574,"Papilio appalachiensis",-79.404272,39.035196,2020,7,3,"US","Papilio appalachiensis"
3112566363,"Papilio appalachiensis",-83.222129,35.78887,2019,4,27,"US","Papilio appalachiensis"
2244271689,"Papilio appalachiensis",-78.345422,39.676403,2019,5,19,"US","Papilio appalachiensis"
2244282022,"Papilio appalachiensis",-80.309713,38.496372,2019,5,19,"US","Papilio appalachiensis"
2244321691,"Papilio appalachiensis",-78.344666,39.676226,2019,5,19,"US","Papilio appalachiensis"
2465158355,"Papilio appalachiensis",-83.306817,35.517126,2019,5,24,"US","Papilio appalachiensis"
2626178400,"Papilio appalachiensis",-78.479038,39.652671,2019,5,4,"US","Papilio appalachiensis"
3397478904,"Papilio appalachiensis",-79.507713,37.515108,2019,5,26,"US","Papilio appalachiensis"
3397672825,"Papilio appalachiensis",-79.915385,37.434335,2019,5,20,"US","Papilio appalachiensis"
2252070315,"Papilio appalachiensis",-78.35502,38.526128,2019,6,4,"US","Papilio appalachiensis"
3397647022,"Papilio appalachiensis",-79.62101,37.547252,2019,6,2,"US","Papilio appalachiensis"
1848766505,"Papilio appalachiensis",-80.30126,36.871833,2018,5,27,"US","Papilio appalachiensis"
1848782420,"Papilio appalachiensis",-79.605338,38.958555,2018,5,31,"US","Papilio appalachiensis"
2350299603,"Papilio appalachiensis",-83.95816,34.908809,2018,5,19,"US","Papilio appalachiensis"
3397612243,"Papilio appalachiensis",-79.232943,39.362671,2018,5,12,"US","Papilio appalachiensis"
3455236974,"Papilio appalachiensis",-82.533372,36.129967,2018,5,15,"US","Papilio appalachiensis"
2366008880,"Papilio appalachiensis",-82.473515,35.547719,2018,6,7,"US","Papilio appalachiensis"
3397463272,"Papilio appalachiensis",-80.307713,37.519261,2018,6,6,"US","Papilio appalachiensis"
3397637339,"Papilio appalachiensis",-80.243738,37.553224,2018,6,6,"US","Papilio appalachiensis"
3397645512,"Papilio appalachiensis",-79.62101,37.547252,2018,6,20,"US","Papilio appalachiensis"
1571068959,"Papilio appalachiensis",-83.301921,35.499501,2017,4,14,"US","Papilio appalachiensis"
1668797621,"Papilio appalachiensis",-82.360864,36.298462,2017,4,19,"US","Papilio appalachiensis"
2802934318,"Papilio appalachiensis",-82.224416,36.562298,2017,4,19,"US","Papilio appalachiensis"
3014050308,"Papilio appalachiensis",-80.264191,38.202472,2017,5,27,"US","Papilio appalachiensis"
3302246308,"Papilio appalachiensis",-79.893811,38.778654,2017,5,20,"US","Papilio appalachiensis"
3397643098,"Papilio appalachiensis",-80.076084,37.918498,2017,5,15,"US","Papilio appalachiensis"
3397670104,"Papilio appalachiensis",-79.62101,37.547252,2017,5,31,"US","Papilio appalachiensis"
2580116585,"Papilio appalachiensis",-79.463403,39.455235,2017,6,17,"US","Papilio appalachiensis"
3397453087,"Papilio appalachiensis",-79.639893,38.523887,2017,6,3,"US","Papilio appalachiensis"
3397605093,"Papilio appalachiensis",-79.613285,38.496499,2017,6,3,"US","Papilio appalachiensis"
3397637100,"Papilio appalachiensis",-79.805975,38.255342,2017,6,11,"US","Papilio appalachiensis"
3397606299,"Papilio appalachiensis",-79.507713,37.515108,2017,7,9,"US","Papilio appalachiensis"
1986564084,"Papilio appalachiensis",-81.628292,35.60062,2016,4,16,"US","Papilio appalachiensis"
3398839751,"Papilio appalachiensis",-78.398812,38.005264,2016,4,17,"US","Papilio appalachiensis"
1702454941,"Papilio appalachiensis",-79.819634,39.25957,2016,6,2,"US","Papilio appalachiensis"
3397422176,"Papilio appalachiensis",-77.489855,39.575957,2016,6,6,"US","Papilio appalachiensis"
3397561899,"Papilio appalachiensis",-82.667141,35.719619,2015,4,21,"US","Papilio appalachiensis"
2596310456,"Papilio appalachiensis",-79.479937,39.527615,2015,5,23,"US","Papilio appalachiensis"
3397391030,"Papilio appalachiensis",-77.497709,39.499802,2015,5,22,"US","Papilio appalachiensis"
3397588040,"Papilio appalachiensis",-77.494833,39.464062,2015,5,22,"US","Papilio appalachiensis"
3397413305,"Papilio appalachiensis",-79.589059,38.703999,2015,6,6,"US","Papilio appalachiensis"
3097310431,"Papilio appalachiensis",-83.39641,35.721694,2014,5,19,"US","Papilio appalachiensis"
3397373745,"Papilio appalachiensis",-79.490376,39.11328,2014,5,26,"US","Papilio appalachiensis"
3397377706,"Papilio appalachiensis",-78.344386,39.675848,2014,5,15,"US","Papilio appalachiensis"
3397373901,"Papilio appalachiensis",-79.388752,39.105128,2014,6,6,"US","Papilio appalachiensis"
3397378943,"Papilio appalachiensis",-79.426163,39.08104,2014,6,6,"US","Papilio appalachiensis"
3397378947,"Papilio appalachiensis",-79.149885,39.556736,2014,6,15,"US","Papilio appalachiensis"
3397394015,"Papilio appalachiensis",-79.12375,39.428795,2014,6,25,"US","Papilio appalachiensis"
3397522946,"Papilio appalachiensis",-78.948591,39.699608,2014,6,15,"US","Papilio appalachiensis"
3397539997,"Papilio appalachiensis",-79.47917,39.36049,2014,6,20,"US","Papilio appalachiensis"
3397564031,"Papilio appalachiensis",-79.039507,39.560627,2014,6,24,"US","Papilio appalachiensis"
3397379276,"Papilio appalachiensis",-79.541659,38.687587,2014,7,6,"US","Papilio appalachiensis"
2466521595,"Papilio appalachiensis",-83.919354,34.717036,2013,5,26,"US","Papilio appalachiensis"
2860164668,"Papilio appalachiensis",-82.977566,35.759154,2013,5,29,"US","Papilio appalachiensis"
3337771381,"Papilio appalachiensis",-79.035495,40.257962,2013,5,15,"US","Papilio appalachiensis"
3397513854,"Papilio appalachiensis",-79.53578,38.69864,2013,6,15,"US","Papilio appalachiensis"
3397552803,"Papilio appalachiensis",-79.53578,38.69864,2013,6,30,"US","Papilio appalachiensis"
2466511909,"Papilio appalachiensis",-84.131054,34.758144,2012,4,27,"US","Papilio appalachiensis"
3397281060,"Papilio appalachiensis",-83.306901,35.513906,2012,4,15,"US","Papilio appalachiensis"
2466512010,"Papilio appalachiensis",-78.001941,38.904,2012,5,1,"US","Papilio appalachiensis"
3124646038,"Papilio appalachiensis",-82.769392,35.29599,2012,5,2,"US","Papilio appalachiensis"
2466512551,"Papilio appalachiensis",-78.945302,39.71453,2012,6,16,"US","Papilio appalachiensis"
2466505308,"Papilio appalachiensis",-84.58196,34.776831,2011,4,25,"US","Papilio appalachiensis"
891070590,"Papilio appalachiensis",-83.744649,35.609336,2011,5,21,"US","Papilio appalachiensis"
1457668978,"Papilio appalachiensis",-83.598444,35.067935,2011,5,22,"US","Papilio appalachiensis"
1457668998,"Papilio appalachiensis",-83.598444,35.067935,2011,5,22,"US","Papilio appalachiensis"
1457669070,"Papilio appalachiensis",-83.598444,35.067935,2011,5,22,"US","Papilio appalachiensis"
2237423405,"Papilio appalachiensis",-78.364312,39.660384,2011,5,20,"US","Papilio appalachiensis"
2311274160,"Papilio appalachiensis",-78.344527,39.658581,2011,5,20,"US","Papilio appalachiensis"
2576246211,"Papilio appalachiensis",-79.599301,38.745549,2011,6,6,"US","Papilio appalachiensis"
2466442569,"Papilio appalachiensis",-82.587069,35.135117,2010,5,26,"US","Papilio appalachiensis"
3397448911,"Papilio appalachiensis",-81.581875,35.133217,2010,5,26,"US","Papilio appalachiensis"
3397622760,"Papilio appalachiensis",-83.598747,35.057655,2009,5,30,"US","Papilio appalachiensis"
3397624775,"Papilio appalachiensis",-83.465733,35.163052,2009,5,29,"US","Papilio appalachiensis"
1838849053,"Papilio appalachiensis",-79.543467,38.68455,2008,6,12,"US","Papilio appalachiensis"
2901826542,"Papilio appalachiensis",-78.938755,39.697912,2007,6,9,"US","Papilio appalachiensis"
3096987448,"Papilio appalachiensis",-79.385981,39.45455,2007,6,9,"US","Papilio appalachiensis"
3397500127,"Papilio appalachiensis",-79.374565,39.451501,2007,6,9,"US","Papilio appalachiensis"
2466462642,"Papilio appalachiensis",-77.848331,40.572015,2006,6,6,"US","Papilio appalachiensis"
2466466353,"Papilio appalachiensis",-78.039164,38.96261,2005,5,9,"US","Papilio appalachiensis"
2576264011,"Papilio appalachiensis",-83.960037,35.013652,2004,5,21,"US","Papilio appalachiensis"
2244061905,"Papilio appalachiensis",-84.17847,35.28632,2003,5,31,"US","Papilio appalachiensis"
2432245221,"Papilio appalachiensis",-78.039164,38.96261,2002,5,29,"US","Papilio appalachiensis"
2432251673,"Papilio appalachiensis",-78.039164,38.96261,2002,5,29,"US","Papilio appalachiensis"
1457668975,"Papilio appalachiensis",-79.698393,38.866498,2002,6,5,"US","Papilio appalachiensis"
2432244731,"Papilio appalachiensis",-79.532828,38.699836,2002,6,5,"US","Papilio appalachiensis"
2432244873,"Papilio appalachiensis",-79.532828,38.699836,2002,6,5,"US","Papilio appalachiensis"
2432245075,"Papilio appalachiensis",-79.532828,38.699836,2002,6,5,"US","Papilio appalachiensis"
2432245313,"Papilio appalachiensis",-79.532828,38.699836,2002,6,5,"US","Papilio appalachiensis"
2432245562,"Papilio appalachiensis",-79.532828,38.699836,2002,6,5,"US","Papilio appalachiensis"
