"gbifID","species","longitude","latitude","year","month","day","countryCode","accepted_name"
3499399545,"Persea americana",-98.668572,17.243851,2022,1,8,"MX","Persea americana"
3499445603,"Persea americana",-98.957113,18.807338,2022,1,14,"MX","Persea americana"
3499475212,"Persea americana",-98.414486,20.086269,2022,2,13,"MX","Persea americana"
3499518813,"Persea americana",-92.616472,16.70664,2022,2,2,"MX","Persea americana"
3743028556,"Persea americana",-97.054668,20.062928,2022,3,5,"MX","Persea americana"
3760315326,"Persea americana",-96.533754,16.35407,2022,4,4,"MX","Persea americana"
3772890010,"Persea americana",-92.636063,16.740345,2022,5,2,"MX","Persea americana"
3355452437,"Persea americana",-101.202782,19.686171,2021,1,2,"MX","Persea americana"
3039415687,"Persea americana",-93.272856,16.804372,2021,2,6,"MX","Persea americana"
3039509801,"Persea americana",-92.835262,16.748779,2021,2,6,"MX","Persea americana"
3061628978,"Persea americana",-99.885264,20.531759,2021,3,13,"MX","Persea americana"
3070720565,"Persea americana",-101.604475,21.084969,2021,3,22,"MX","Persea americana"
3097087495,"Persea americana",-96.501617,16.168943,2021,3,15,"MX","Persea americana"
3090948452,"Persea americana",-98.884921,19.320811,2021,4,11,"MX","Persea americana"
3097346532,"Persea americana",-92.615825,16.706472,2021,4,21,"MX","Persea americana"
3108990059,"Persea americana",-96.223892,16.009626,2021,4,25,"MX","Persea americana"
3113280178,"Persea americana",-93.109105,16.739735,2021,5,3,"MX","Persea americana"
3383853663,"Persea americana",-100.355876,19.452148,2021,5,3,"MX","Persea americana"
3383898716,"Persea americana",-101.086059,22.270815,2021,5,7,"MX","Persea americana"
3383912630,"Persea americana",-99.164869,19.672659,2021,5,2,"MX","Persea americana"
3383960646,"Persea americana",-104.401248,20.998922,2021,5,3,"MX","Persea americana"
3384436679,"Persea americana",-104.875381,21.56385,2021,5,2,"MX","Persea americana"
3384624652,"Persea americana",-104.979304,21.363315,2021,5,1,"MX","Persea americana"
3384626737,"Persea americana",-90.730283,18.906007,2021,5,26,"MX","Persea americana"
3307171878,"Persea americana",-96.17953,18.534176,2021,6,1,"MX","Persea americana"
3391293443,"Persea americana",-99.290863,19.46793,2021,6,28,"MX","Persea americana"
3355062698,"Persea americana",-98.88315,19.506038,2021,7,31,"MX","Persea americana"
3355535676,"Persea americana",-97.718383,19.923172,2021,7,30,"MX","Persea americana"
3383930852,"Persea americana",-96.482102,19.324099,2021,7,8,"MX","Persea americana"
3383932961,"Persea americana",-99.610475,19.068067,2021,7,29,"MX","Persea americana"
3384218924,"Persea americana",-97.530647,20.723372,2021,7,25,"MX","Persea americana"
3391398454,"Persea americana",-96.659654,17.831378,2021,7,1,"MX","Persea americana"
3391715452,"Persea americana",-99.21513,18.811953,2021,7,20,"MX","Persea americana"
3355538720,"Persea americana",-100.271959,25.540985,2021,8,8,"MX","Persea americana"
3384344425,"Persea americana",-102.436279,19.712552,2021,9,26,"MX","Persea americana"
3398723934,"Persea americana",-99.355426,20.426801,2021,10,7,"MX","Persea americana"
3399061210,"Persea americana",-98.688536,18.874289,2021,10,16,"MX","Persea americana"
3408034220,"Persea americana",-96.641187,16.30161,2021,10,31,"MX","Persea americana"
3415402990,"Persea americana",-101.613559,19.518518,2021,10,31,"MX","Persea americana"
3415669060,"Persea americana",-92.69964,16.723595,2021,10,12,"MX","Persea americana"
3416045626,"Persea americana",-102.354317,21.971672,2021,10,16,"MX","Persea americana"
3415895725,"Persea americana",-100.312209,25.800381,2021,11,14,"MX","Persea americana"
3455503990,"Persea americana",-93.630628,16.493461,2021,12,29,"MX","Persea americana"
2644190851,"Persea americana",-99.606571,18.940004,2020,1,21,"MX","Persea americana"
2646702513,"Persea americana",-107.386742,24.873591,2020,1,22,"MX","Persea americana"
2646702852,"Persea americana",-99.320212,19.635101,2020,1,26,"MX","Persea americana"
2646730252,"Persea americana",-89.609737,21.025707,2020,1,21,"MX","Persea americana"
2646770699,"Persea americana",-101.325703,19.679904,2020,1,19,"MX","Persea americana"
2646771221,"Persea americana",-101.168624,19.685557,2020,1,26,"MX","Persea americana"
2646830759,"Persea americana",-99.084593,19.360214,2020,1,29,"MX","Persea americana"
2646891595,"Persea americana",-100.394234,20.599541,2020,1,5,"MX","Persea americana"
2646920179,"Persea americana",-89.609737,21.025707,2020,1,21,"MX","Persea americana"
2646931295,"Persea americana",-99.265856,19.424273,2020,1,11,"MX","Persea americana"
2646936637,"Persea americana",-110.942001,29.024908,2020,1,8,"MX","Persea americana"
2646937245,"Persea americana",-111.002314,29.116234,2020,1,31,"MX","Persea americana"
2646968032,"Persea americana",-97.319075,16.321698,2020,1,7,"MX","Persea americana"
2647126741,"Persea americana",-96.149849,19.153968,2020,1,28,"MX","Persea americana"
2649354787,"Persea americana",-100.122525,25.6552,2020,1,19,"MX","Persea americana"
2649354972,"Persea americana",-98.967178,19.393921,2020,1,22,"MX","Persea americana"
2649391757,"Persea americana",-117.050355,32.436981,2020,1,1,"MX","Persea americana"
2649505697,"Persea americana",-98.197407,19.020371,2020,1,21,"MX","Persea americana"
2649628861,"Persea americana",-116.912177,32.485547,2020,1,18,"MX","Persea americana"
2649772993,"Persea americana",-100.760613,20.898959,2020,1,19,"MX","Persea americana"
2649796384,"Persea americana",-99.253293,19.385922,2020,1,25,"MX","Persea americana"
2649891061,"Persea americana",-100.394234,20.599541,2020,1,5,"MX","Persea americana"
2650009923,"Persea americana",-86.867221,21.18216,2020,1,5,"MX","Persea americana"
2650071658,"Persea americana",-89.609737,21.025707,2020,1,21,"MX","Persea americana"
2650118066,"Persea americana",-94.629904,18.005429,2020,1,1,"MX","Persea americana"
2650118194,"Persea americana",-86.867221,21.18216,2020,1,5,"MX","Persea americana"
2650123827,"Persea americana",-116.641616,31.871864,2020,1,16,"MX","Persea americana"
2574205797,"Persea americana",-101.300354,19.451841,2020,2,1,"MX","Persea americana"
2579265790,"Persea americana",-106.22338,23.188937,2020,2,19,"MX","Persea americana"
2646727216,"Persea americana",-96.708045,17.015574,2020,2,4,"MX","Persea americana"
2646927599,"Persea americana",-99.959454,20.401739,2020,2,24,"MX","Persea americana"
2646950932,"Persea americana",-99.163915,19.672634,2020,2,14,"MX","Persea americana"
2647093753,"Persea americana",-100.328586,25.784499,2020,2,5,"MX","Persea americana"
2647108697,"Persea americana",-101.197701,19.665446,2020,2,9,"MX","Persea americana"
2649450889,"Persea americana",-100.275419,25.758382,2020,2,5,"MX","Persea americana"
2649453812,"Persea americana",-98.938048,19.206222,2020,2,11,"MX","Persea americana"
2649454136,"Persea americana",-101.144553,19.79186,2020,2,17,"MX","Persea americana"
2649454137,"Persea americana",-101.144522,19.791865,2020,2,17,"MX","Persea americana"
2649729998,"Persea americana",-100.547881,28.674136,2020,2,13,"MX","Persea americana"
2649822124,"Persea americana",-101.144522,19.791865,2020,2,17,"MX","Persea americana"
2649846962,"Persea americana",-92.979961,17.935493,2020,2,20,"MX","Persea americana"
2649965374,"Persea americana",-103.273003,22.109937,2020,2,18,"MX","Persea americana"
2650003171,"Persea americana",-99.051361,19.517389,2020,2,16,"MX","Persea americana"
2898386474,"Persea americana",-98.763262,20.595519,2020,2,10,"MX","Persea americana"
2576445945,"Persea americana",-93.126644,16.767787,2020,3,2,"MX","Persea americana"
2579246533,"Persea americana",-101.729713,20.581655,2020,3,11,"MX","Persea americana"
2579366628,"Persea americana",-100.692781,20.066122,2020,3,6,"MX","Persea americana"
2646740990,"Persea americana",-100.93844,22.178783,2020,3,9,"MX","Persea americana"
2646741242,"Persea americana",-99.05819,19.527361,2020,3,12,"MX","Persea americana"
2646795652,"Persea americana",-103.382394,20.671535,2020,3,20,"MX","Persea americana"
2646868834,"Persea americana",-97.447818,25.831745,2020,3,27,"MX","Persea americana"
2646912831,"Persea americana",-99.220568,20.005373,2020,3,22,"MX","Persea americana"
2647010884,"Persea americana",-110.923354,31.288876,2020,3,20,"MX","Persea americana"
2647114335,"Persea americana",-99.05078,19.396285,2020,3,25,"MX","Persea americana"
2647169394,"Persea americana",-99.594444,19.267778,2020,3,7,"MX","Persea americana"
2647172174,"Persea americana",-116.847835,32.51915,2020,3,7,"MX","Persea americana"
2647197836,"Persea americana",-99.212741,19.553564,2020,3,23,"MX","Persea americana"
2649463512,"Persea americana",-99.668704,19.29578,2020,3,15,"MX","Persea americana"
2649464111,"Persea americana",-100.263561,25.737261,2020,3,19,"MX","Persea americana"
2649781424,"Persea americana",-109.947778,27.500556,2020,3,10,"MX","Persea americana"
2649781822,"Persea americana",-104.235029,19.22311,2020,3,14,"MX","Persea americana"
2649830620,"Persea americana",-97.447645,25.832014,2020,3,27,"MX","Persea americana"
2649887738,"Persea americana",-110.977266,29.084221,2020,3,21,"MX","Persea americana"
2649887739,"Persea americana",-110.97735,29.084203,2020,3,21,"MX","Persea americana"
2650069759,"Persea americana",-99.305002,19.385783,2020,3,5,"MX","Persea americana"
2650116940,"Persea americana",-94.111835,16.19632,2020,3,28,"MX","Persea americana"
2974272066,"Persea americana",-101.03714,25.185968,2020,3,22,"MX","Persea americana"
2974476017,"Persea americana",-101.03714,25.185968,2020,3,22,"MX","Persea americana"
3383963444,"Persea americana",-101.721899,21.192941,2020,3,6,"MX","Persea americana"
2603469241,"Persea americana",-103.805676,20.498494,2020,4,7,"MX","Persea americana"
2611080425,"Persea americana",-101.156377,19.650095,2020,4,27,"MX","Persea americana"
2611097440,"Persea americana",-102.266365,21.861885,2020,4,24,"MX","Persea americana"
2611302556,"Persea americana",-96.162625,19.067431,2020,4,26,"MX","Persea americana"
2626436654,"Persea americana",-104.779848,20.525316,2020,4,24,"MX","Persea americana"
2647241932,"Persea americana",-103.32759,20.65162,2020,4,3,"MX","Persea americana"
2647289556,"Persea americana",-100.938422,22.178799,2020,4,5,"MX","Persea americana"
2649651858,"Persea americana",-98.894389,19.281011,2020,4,5,"MX","Persea americana"
2649774023,"Persea americana",-116.579744,31.890264,2020,4,4,"MX","Persea americana"
2649923548,"Persea americana",-100.325775,25.798275,2020,4,5,"MX","Persea americana"
2650062171,"Persea americana",-93.752463,16.090162,2020,4,2,"MX","Persea americana"
2650121854,"Persea americana",-98.871935,19.505318,2020,4,4,"MX","Persea americana"
2974719263,"Persea americana",-86.934648,20.50132,2020,4,11,"MX","Persea americana"
2974730153,"Persea americana",-100.413262,20.570557,2020,4,16,"MX","Persea americana"
2974761576,"Persea americana",-98.455917,19.206085,2020,4,18,"MX","Persea americana"
2974833371,"Persea americana",-96.851481,19.493028,2020,4,7,"MX","Persea americana"
2974850167,"Persea americana",-105.448255,28.191091,2020,4,21,"MX","Persea americana"
2974871566,"Persea americana",-96.866714,19.494118,2020,4,13,"MX","Persea americana"
2974931595,"Persea americana",-117.050733,32.517684,2020,4,18,"MX","Persea americana"
2974974350,"Persea americana",-100.160557,25.408686,2020,4,7,"MX","Persea americana"
2975039063,"Persea americana",-99.049613,19.253779,2020,4,23,"MX","Persea americana"
2975172667,"Persea americana",-116.926485,32.545303,2020,4,29,"MX","Persea americana"
2976476826,"Persea americana",-92.487703,17.868575,2020,4,22,"MX","Persea americana"
2976630386,"Persea americana",-99.224854,18.924583,2020,4,8,"MX","Persea americana"
2976666195,"Persea americana",-109.731083,23.101478,2020,4,24,"MX","Persea americana"
2976671953,"Persea americana",-99.117857,19.32909,2020,4,10,"MX","Persea americana"
2976694658,"Persea americana",-115.334854,32.585963,2020,4,19,"MX","Persea americana"
2976741346,"Persea americana",-101.85241,21.010398,2020,4,17,"MX","Persea americana"
2976794312,"Persea americana",-99.124198,19.410694,2020,4,27,"MX","Persea americana"
2976852171,"Persea americana",-98.998942,19.355064,2020,4,27,"MX","Persea americana"
2977028351,"Persea americana",-98.235784,18.983361,2020,4,12,"MX","Persea americana"
2977033589,"Persea americana",-98.455917,19.206085,2020,4,18,"MX","Persea americana"
2977194673,"Persea americana",-101.676885,21.127562,2020,4,22,"MX","Persea americana"
2977382572,"Persea americana",-116.5915,31.873624,2020,4,22,"MX","Persea americana"
3383952435,"Persea americana",-99.287909,19.499322,2020,4,8,"MX","Persea americana"
2634065657,"Persea americana",-104.763991,23.078197,2020,5,19,"MX","Persea americana"
2634327518,"Persea americana",-99.707327,19.306827,2020,5,30,"MX","Persea americana"
2856518379,"Persea americana",-92.688217,16.749878,2020,5,11,"MX","Persea americana"
2898246376,"Persea americana",-98.550102,20.254143,2020,5,2,"MX","Persea americana"
2898427368,"Persea americana",-87.458616,20.154139,2020,5,24,"MX","Persea americana"
2975007305,"Persea americana",-99.007875,19.386047,2020,5,7,"MX","Persea americana"
2975016721,"Persea americana",-100.40698,20.586988,2020,5,13,"MX","Persea americana"
2975106844,"Persea americana",-99.228472,19.536043,2020,5,5,"MX","Persea americana"
2975112725,"Persea americana",-100.647323,23.664153,2020,5,16,"MX","Persea americana"
2975120436,"Persea americana",-103.387469,20.6641,2020,5,7,"MX","Persea americana"
2975150509,"Persea americana",-102.259519,21.857548,2020,5,10,"MX","Persea americana"
2975161277,"Persea americana",-96.717443,17.092215,2020,5,21,"MX","Persea americana"
2975176146,"Persea americana",-99.105143,19.536568,2020,5,28,"MX","Persea americana"
2975181322,"Persea americana",-98.265806,19.066537,2020,5,12,"MX","Persea americana"
2975232472,"Persea americana",-101.383061,20.661046,2020,5,29,"MX","Persea americana"
2975249589,"Persea americana",-99.173143,19.673945,2020,5,16,"MX","Persea americana"
2975256961,"Persea americana",-99.029905,19.375667,2020,5,17,"MX","Persea americana"
2975264420,"Persea americana",-100.978599,22.16178,2020,5,25,"MX","Persea americana"
2975282848,"Persea americana",-99.209333,19.442424,2020,5,19,"MX","Persea americana"
2975302661,"Persea americana",-99.444643,19.132819,2020,5,19,"MX","Persea americana"
2975340846,"Persea americana",-100.261926,25.644793,2020,5,12,"MX","Persea americana"
2975390096,"Persea americana",-98.199726,19.086671,2020,5,27,"MX","Persea americana"
2975390481,"Persea americana",-115.514692,32.620388,2020,5,25,"MX","Persea americana"
2975407165,"Persea americana",-99.049534,19.387464,2020,5,29,"MX","Persea americana"
2975592682,"Persea americana",-106.439895,31.674404,2020,5,30,"MX","Persea americana"
2975872206,"Persea americana",-99.115663,19.494258,2020,5,29,"MX","Persea americana"
2976685314,"Persea americana",-115.514692,32.620388,2020,5,25,"MX","Persea americana"
2976763873,"Persea americana",-89.599056,20.941841,2020,5,16,"MX","Persea americana"
2976793434,"Persea americana",-101.529086,19.665306,2020,5,10,"MX","Persea americana"
2976826239,"Persea americana",-98.202202,19.015881,2020,5,16,"MX","Persea americana"
2976839793,"Persea americana",-99.273319,19.648227,2020,5,9,"MX","Persea americana"
2976916688,"Persea americana",-98.200065,19.066415,2020,5,3,"MX","Persea americana"
2976929202,"Persea americana",-115.514696,32.62039,2020,5,25,"MX","Persea americana"
2976941095,"Persea americana",-99.016747,19.526136,2020,5,13,"MX","Persea americana"
2976956276,"Persea americana",-110.304444,24.044444,2020,5,24,"MX","Persea americana"
2976968457,"Persea americana",-105.837791,23.562988,2020,5,23,"MX","Persea americana"
2976971089,"Persea americana",-89.663842,21.070942,2020,5,9,"MX","Persea americana"
2976983447,"Persea americana",-101.529114,19.665339,2020,5,10,"MX","Persea americana"
2976985425,"Persea americana",-99.107805,19.650378,2020,5,19,"MX","Persea americana"
2977014051,"Persea americana",-98.218229,19.039916,2020,5,17,"MX","Persea americana"
2977028279,"Persea americana",-99.029905,19.375667,2020,5,17,"MX","Persea americana"
2977064339,"Persea americana",-102.24807,21.897242,2020,5,10,"MX","Persea americana"
2977074464,"Persea americana",-97.853365,22.290252,2020,5,18,"MX","Persea americana"
2977107783,"Persea americana",-110.27046,24.027136,2020,5,23,"MX","Persea americana"
2977215945,"Persea americana",-93.094833,16.791212,2020,5,1,"MX","Persea americana"
2977234224,"Persea americana",-99.190536,19.584174,2020,5,7,"MX","Persea americana"
2977242638,"Persea americana",-96.620556,16.015833,2020,5,20,"MX","Persea americana"
2977359462,"Persea americana",-102.578578,22.755688,2020,5,25,"MX","Persea americana"
2977366186,"Persea americana",-106.408315,31.7373,2020,5,7,"MX","Persea americana"
2977440328,"Persea americana",-100.011052,25.523597,2020,5,15,"MX","Persea americana"
2977449522,"Persea americana",-105.249544,20.811097,2020,5,11,"MX","Persea americana"
2977549549,"Persea americana",-101.144046,19.685983,2020,5,30,"MX","Persea americana"
2977580884,"Persea americana",-116.587587,31.912472,2020,5,27,"MX","Persea americana"
2977776275,"Persea americana",-99.167721,19.411232,2020,5,25,"MX","Persea americana"
3335312081,"Persea americana",-99.395093,19.016277,2020,5,11,"MX","Persea americana"
2802653617,"Persea americana",-96.861003,18.882362,2020,6,25,"MX","Persea americana"
2898317394,"Persea americana",-99.467073,18.979092,2020,6,18,"MX","Persea americana"
2898384393,"Persea americana",-99.467486,18.978976,2020,6,18,"MX","Persea americana"
2974558199,"Persea americana",-116.938599,32.482106,2020,6,4,"MX","Persea americana"
2974579222,"Persea americana",-98.749219,20.117813,2020,6,20,"MX","Persea americana"
2975129569,"Persea americana",-117.08403,32.47784,2020,6,5,"MX","Persea americana"
2975238612,"Persea americana",-101.026485,22.139127,2020,6,25,"MX","Persea americana"
2975368788,"Persea americana",-98.900517,19.683354,2020,6,16,"MX","Persea americana"
2975584923,"Persea americana",-99.592876,19.299694,2020,6,6,"MX","Persea americana"
2975667061,"Persea americana",-99.079193,20.389642,2020,6,1,"MX","Persea americana"
2975891841,"Persea americana",-101.026485,22.139127,2020,6,25,"MX","Persea americana"
2977093182,"Persea americana",-99.851877,16.854978,2020,6,17,"MX","Persea americana"
2977114637,"Persea americana",-100.326574,25.71928,2020,6,15,"MX","Persea americana"
2977118662,"Persea americana",-98.929762,19.576679,2020,6,1,"MX","Persea americana"
2977191054,"Persea americana",-99.172509,19.522793,2020,6,27,"MX","Persea americana"
2977261906,"Persea americana",-94.428188,18.147084,2020,6,11,"MX","Persea americana"
2977505555,"Persea americana",-98.979386,19.690732,2020,6,19,"MX","Persea americana"
2977733803,"Persea americana",-101.022275,22.18014,2020,6,15,"MX","Persea americana"
2977749058,"Persea americana",-96.854975,19.497965,2020,6,16,"MX","Persea americana"
2977810568,"Persea americana",-98.737998,17.775903,2020,6,14,"MX","Persea americana"
2977943138,"Persea americana",-99.205929,19.650098,2020,6,16,"MX","Persea americana"
2978024711,"Persea americana",-101.567417,21.071778,2020,6,23,"MX","Persea americana"
2814424087,"Persea americana",-98.79176,18.99857,2020,7,7,"MX","Persea americana"
2823293917,"Persea americana",-99.828398,25.025987,2020,7,18,"MX","Persea americana"
2898491407,"Persea americana",-98.791671,18.998663,2020,7,7,"MX","Persea americana"
2974376921,"Persea americana",-99.031144,19.542563,2020,7,3,"MX","Persea americana"
2974393769,"Persea americana",-100.812256,20.443371,2020,7,4,"MX","Persea americana"
2974593728,"Persea americana",-107.394767,24.843159,2020,7,31,"MX","Persea americana"
2975208348,"Persea americana",-99.117472,19.675345,2020,7,9,"MX","Persea americana"
2975338105,"Persea americana",-100.417097,20.585277,2020,7,30,"MX","Persea americana"
2975589684,"Persea americana",-99.034412,19.394243,2020,7,24,"MX","Persea americana"
2975706043,"Persea americana",-98.294747,19.08105,2020,7,1,"MX","Persea americana"
2975803771,"Persea americana",-99.692869,19.572886,2020,7,13,"MX","Persea americana"
2975850993,"Persea americana",-110.252474,31.009986,2020,7,7,"MX","Persea americana"
2975882285,"Persea americana",-98.951211,19.286054,2020,7,25,"MX","Persea americana"
2975967664,"Persea americana",-116.994331,32.48689,2020,7,27,"MX","Persea americana"
2975994588,"Persea americana",-99.167985,19.722419,2020,7,13,"MX","Persea americana"
2976112138,"Persea americana",-99.000453,19.341077,2020,7,25,"MX","Persea americana"
2976138936,"Persea americana",-102.248535,21.872805,2020,7,29,"MX","Persea americana"
2976142436,"Persea americana",-109.94025,27.447716,2020,7,21,"MX","Persea americana"
2976504690,"Persea americana",-92.917418,18.049962,2020,7,24,"MX","Persea americana"
2977149999,"Persea americana",-98.231851,19.210954,2020,7,25,"MX","Persea americana"
2977195409,"Persea americana",-116.966147,32.462569,2020,7,7,"MX","Persea americana"
2977463998,"Persea americana",-99.133209,19.318457,2020,7,11,"MX","Persea americana"
2977468854,"Persea americana",-101.138853,19.739376,2020,7,27,"MX","Persea americana"
2977530460,"Persea americana",-103.848527,20.687991,2020,7,3,"MX","Persea americana"
2977737577,"Persea americana",-106.458722,31.630605,2020,7,22,"MX","Persea americana"
2977742218,"Persea americana",-99.028431,19.60886,2020,7,30,"MX","Persea americana"
2977993911,"Persea americana",-99.003056,19.385,2020,7,28,"MX","Persea americana"
2978080353,"Persea americana",-103.247873,20.628867,2020,7,12,"MX","Persea americana"
2978323128,"Persea americana",-99.014551,19.678011,2020,7,25,"MX","Persea americana"
2850746102,"Persea americana",-92.624894,16.744472,2020,8,16,"MX","Persea americana"
2898305441,"Persea americana",-100.214058,25.626213,2020,8,4,"MX","Persea americana"
2898319454,"Persea americana",-100.963746,20.4773,2020,8,18,"MX","Persea americana"
2898472443,"Persea americana",-96.957338,19.443537,2020,8,4,"MX","Persea americana"
2974632417,"Persea americana",-92.62076,16.720744,2020,8,29,"MX","Persea americana"
2975632534,"Persea americana",-98.255115,19.1513,2020,8,21,"MX","Persea americana"
2976126458,"Persea americana",-100.110241,20.525184,2020,8,22,"MX","Persea americana"
2976170137,"Persea americana",-99.230556,19.565833,2020,8,17,"MX","Persea americana"
2976259187,"Persea americana",-116.94648,32.488225,2020,8,24,"MX","Persea americana"
2976371154,"Persea americana",-99.249117,19.469558,2020,8,17,"MX","Persea americana"
2976394293,"Persea americana",-99.249117,19.469558,2020,8,17,"MX","Persea americana"
2976434869,"Persea americana",-99.236015,19.355236,2020,8,15,"MX","Persea americana"
2976514624,"Persea americana",-103.394941,20.760901,2020,8,21,"MX","Persea americana"
2977569513,"Persea americana",-99.034175,19.535549,2020,8,7,"MX","Persea americana"
2977581333,"Persea americana",-99.314402,19.571445,2020,8,7,"MX","Persea americana"
2977593168,"Persea americana",-98.906093,19.309006,2020,8,9,"MX","Persea americana"
2977683196,"Persea americana",-100.840697,20.543838,2020,8,19,"MX","Persea americana"
2977779041,"Persea americana",-101.649722,21.096111,2020,8,3,"MX","Persea americana"
2977932801,"Persea americana",-100.273096,25.768084,2020,8,3,"MX","Persea americana"
2977954226,"Persea americana",-98.869152,19.490016,2020,8,24,"MX","Persea americana"
2978058489,"Persea americana",-99.199794,19.445986,2020,8,13,"MX","Persea americana"
2978169449,"Persea americana",-98.255115,19.1513,2020,8,21,"MX","Persea americana"
2978205586,"Persea americana",-100.936949,22.130247,2020,8,6,"MX","Persea americana"
2978293573,"Persea americana",-97.536498,25.833693,2020,8,23,"MX","Persea americana"
2978294275,"Persea americana",-110.917916,27.947307,2020,8,29,"MX","Persea americana"
2883245701,"Persea americana",-97.054375,18.517994,2020,9,29,"MX","Persea americana"
2898385490,"Persea americana",-100.208527,25.71843,2020,9,22,"MX","Persea americana"
2898491501,"Persea americana",-98.38983,18.188303,2020,9,18,"MX","Persea americana"
2976106853,"Persea americana",-98.985371,19.393289,2020,9,6,"MX","Persea americana"
2976242678,"Persea americana",-103.393866,20.743705,2020,9,7,"MX","Persea americana"
2976358176,"Persea americana",-101.174969,19.694582,2020,9,2,"MX","Persea americana"
2976359536,"Persea americana",-99.101219,19.390102,2020,9,7,"MX","Persea americana"
2976376034,"Persea americana",-102.88597,21.184968,2020,9,10,"MX","Persea americana"
2976396826,"Persea americana",-99.276273,19.59394,2020,9,28,"MX","Persea americana"
2976417340,"Persea americana",-100.920095,25.423394,2020,9,13,"MX","Persea americana"
2976494793,"Persea americana",-103.344898,20.674523,2020,9,18,"MX","Persea americana"
2976731801,"Persea americana",-100.226018,25.674208,2020,9,11,"MX","Persea americana"
2977588765,"Persea americana",-99.250741,19.833165,2020,9,30,"MX","Persea americana"
2977751677,"Persea americana",-100.235645,25.665743,2020,9,15,"MX","Persea americana"
2978078286,"Persea americana",-99.177778,19.401667,2020,9,20,"MX","Persea americana"
2978245404,"Persea americana",-99.133888,19.333258,2020,9,26,"MX","Persea americana"
2978251419,"Persea americana",-99.229494,18.922097,2020,9,26,"MX","Persea americana"
2898298555,"Persea americana",-98.825822,19.476709,2020,10,4,"MX","Persea americana"
2898469293,"Persea americana",-98.787628,20.018638,2020,10,15,"MX","Persea americana"
2898485555,"Persea americana",-110.922427,31.26118,2020,10,6,"MX","Persea americana"
2963794520,"Persea americana",-96.150029,19.140565,2020,10,15,"MX","Persea americana"
2974618987,"Persea americana",-100.736563,20.911407,2020,10,1,"MX","Persea americana"
2976105499,"Persea americana",-97.822912,22.25835,2020,10,28,"MX","Persea americana"
2976230870,"Persea americana",-97.283086,16.240122,2020,10,1,"MX","Persea americana"
2976352361,"Persea americana",-99.232496,19.547745,2020,10,22,"MX","Persea americana"
2976377736,"Persea americana",-98.220214,19.104498,2020,10,12,"MX","Persea americana"
2976453036,"Persea americana",-102.254303,21.847201,2020,10,2,"MX","Persea americana"
2976538875,"Persea americana",-116.649524,32.536708,2020,10,28,"MX","Persea americana"
2977848908,"Persea americana",-99.146157,19.324446,2020,10,14,"MX","Persea americana"
2977849223,"Persea americana",-100.997505,22.171667,2020,10,18,"MX","Persea americana"
2978101214,"Persea americana",-99.497665,18.32279,2020,10,22,"MX","Persea americana"
2978107079,"Persea americana",-99.024362,19.540992,2020,10,1,"MX","Persea americana"
2978141093,"Persea americana",-104.216936,19.808788,2020,10,17,"MX","Persea americana"
2978168150,"Persea americana",-116.583591,31.862261,2020,10,25,"MX","Persea americana"
3097180502,"Persea americana",-104.029601,20.188076,2020,10,22,"MX","Persea americana"
2978209738,"Persea americana",-97.387695,18.466727,2020,11,1,"MX","Persea americana"
2984366892,"Persea americana",-99.198809,19.592193,2020,11,10,"MX","Persea americana"
2988270063,"Persea americana",-101.651614,19.572824,2020,11,14,"MX","Persea americana"
2988523758,"Persea americana",-98.891143,19.298347,2020,11,19,"MX","Persea americana"
3090818889,"Persea americana",-100.22068,21.641833,2020,11,15,"MX","Persea americana"
3355029435,"Persea americana",-101.216783,19.669423,2020,11,10,"MX","Persea americana"
3018088607,"Persea americana",-102.026689,19.375919,2020,12,28,"MX","Persea americana"
2644353685,"Persea americana",-103.365733,20.755701,2019,1,10,"MX","Persea americana"
2647752903,"Persea americana",-93.410643,17.835834,2019,1,15,"MX","Persea americana"
2647916299,"Persea americana",-103.334117,20.695109,2019,1,27,"MX","Persea americana"
1993773482,"Persea americana",-93.098862,16.810843,2019,2,2,"MX","Persea americana"
2012974820,"Persea americana",-100.290199,25.551641,2019,2,3,"MX","Persea americana"
2028462940,"Persea americana",-92.614899,16.705738,2019,2,21,"MX","Persea americana"
2644381013,"Persea americana",-111.043459,28.954538,2019,2,27,"MX","Persea americana"
2648013489,"Persea americana",-97.50129,25.870056,2019,2,6,"MX","Persea americana"
2012988151,"Persea americana",-100.24638,25.671161,2019,3,2,"MX","Persea americana"
2238786074,"Persea americana",-100.159408,25.326047,2019,3,9,"MX","Persea americana"
2647555128,"Persea americana",-94.140003,18.145307,2019,3,13,"MX","Persea americana"
2647563267,"Persea americana",-96.77539,17.123843,2019,3,18,"MX","Persea americana"
2238815257,"Persea americana",-91.58648,16.980288,2019,4,26,"MX","Persea americana"
2238816393,"Persea americana",-93.124451,16.77306,2019,4,26,"MX","Persea americana"
2238857874,"Persea americana",-98.952225,18.806577,2019,4,26,"MX","Persea americana"
2238908809,"Persea americana",-99.81836,20.69899,2019,4,27,"MX","Persea americana"
2238931630,"Persea americana",-96.936771,19.542268,2019,4,28,"MX","Persea americana"
2238951168,"Persea americana",-93.108618,16.776186,2019,4,29,"MX","Persea americana"
2238971240,"Persea americana",-98.830328,21.333373,2019,4,27,"MX","Persea americana"
2238981564,"Persea americana",-104.960228,21.51978,2019,4,29,"MX","Persea americana"
2238987602,"Persea americana",-106.373188,23.257848,2019,4,29,"MX","Persea americana"
2238992606,"Persea americana",-104.902637,21.486927,2019,4,29,"MX","Persea americana"
2242803328,"Persea americana",-102.648975,21.851571,2019,4,28,"MX","Persea americana"
2242804057,"Persea americana",-102.649079,21.851563,2019,4,28,"MX","Persea americana"
2244321956,"Persea americana",-99.519551,17.547809,2019,4,18,"MX","Persea americana"
2244322845,"Persea americana",-96.75689,16.953646,2019,4,24,"MX","Persea americana"
2251837158,"Persea americana",-91.579275,16.975344,2019,4,27,"MX","Persea americana"
2251837382,"Persea americana",-100.256154,25.666632,2019,4,27,"MX","Persea americana"
2576248360,"Persea americana",-93.094749,16.828613,2019,4,29,"MX","Persea americana"
2633996991,"Persea americana",-101.247229,21.018952,2019,4,23,"MX","Persea americana"
2634224396,"Persea americana",-105.788368,23.663601,2019,4,24,"MX","Persea americana"
2644497486,"Persea americana",-98.15698,19.353045,2019,4,13,"MX","Persea americana"
2644700940,"Persea americana",-99.041359,19.30795,2019,4,22,"MX","Persea americana"
2644701251,"Persea americana",-99.949268,16.89411,2019,4,23,"MX","Persea americana"
2647514429,"Persea americana",-98.156902,19.353119,2019,4,13,"MX","Persea americana"
2647821345,"Persea americana",-99.658708,19.295837,2019,4,25,"MX","Persea americana"
2648122359,"Persea americana",-100.774444,20.888611,2019,4,19,"MX","Persea americana"
2802855399,"Persea americana",-91.58168,16.977287,2019,4,29,"MX","Persea americana"
3090722538,"Persea americana",-93.101493,16.778598,2019,4,29,"MX","Persea americana"
3090786515,"Persea americana",-93.098445,16.783758,2019,4,27,"MX","Persea americana"
2242980766,"Persea americana",-97.573218,17.672012,2019,5,13,"MX","Persea americana"
2645147780,"Persea americana",-100.163775,25.610505,2019,5,24,"MX","Persea americana"
2645232818,"Persea americana",-105.676263,26.931408,2019,5,18,"MX","Persea americana"
2645252484,"Persea americana",-99.077363,19.309894,2019,5,27,"MX","Persea americana"
2645416223,"Persea americana",-99.139161,19.490084,2019,5,30,"MX","Persea americana"
2648337020,"Persea americana",-99.24572,19.560563,2019,5,19,"MX","Persea americana"
2974268215,"Persea americana",-99.127301,18.752616,2019,5,5,"MX","Persea americana"
2273222722,"Persea americana",-99.10469,19.001678,2019,6,20,"MX","Persea americana"
2283217357,"Persea americana",-100.355042,25.654008,2019,6,15,"MX","Persea americana"
2311319190,"Persea americana",-104.879131,21.484277,2019,6,26,"MX","Persea americana"
2626141545,"Persea americana",-96.50564,16.904833,2019,6,24,"MX","Persea americana"
2643651245,"Persea americana",-92.93157,18.048369,2019,6,16,"MX","Persea americana"
2645469845,"Persea americana",-99.652734,19.305497,2019,6,3,"MX","Persea americana"
2645471954,"Persea americana",-102.059548,19.395046,2019,6,11,"MX","Persea americana"
2645472628,"Persea americana",-98.750258,20.073878,2019,6,10,"MX","Persea americana"
2645476516,"Persea americana",-103.500801,19.601351,2019,6,10,"MX","Persea americana"
2645483678,"Persea americana",-100.504378,19.994186,2019,6,1,"MX","Persea americana"
2645496244,"Persea americana",-103.308009,20.66108,2019,6,5,"MX","Persea americana"
2645510761,"Persea americana",-99.159874,19.234842,2019,6,14,"MX","Persea americana"
2645573558,"Persea americana",-116.833698,32.463087,2019,6,25,"MX","Persea americana"
2645621901,"Persea americana",-100.263568,25.59971,2019,6,18,"MX","Persea americana"
2645655953,"Persea americana",-100.320971,20.567833,2019,6,12,"MX","Persea americana"
2645687037,"Persea americana",-99.159874,19.234842,2019,6,18,"MX","Persea americana"
2645694296,"Persea americana",-116.937927,32.52774,2019,6,9,"MX","Persea americana"
2645767601,"Persea americana",-98.734249,20.051079,2019,6,18,"MX","Persea americana"
2645784942,"Persea americana",-100.51383,25.702782,2019,6,18,"MX","Persea americana"
2645813831,"Persea americana",-92.013522,17.724117,2019,6,18,"MX","Persea americana"
2645998216,"Persea americana",-98.203801,18.986784,2019,6,29,"MX","Persea americana"
2646006108,"Persea americana",-99.136408,19.383124,2019,6,25,"MX","Persea americana"
2648511157,"Persea americana",-103.443523,25.551126,2019,6,13,"MX","Persea americana"
2648840334,"Persea americana",-100.263568,25.59971,2019,6,18,"MX","Persea americana"
2648849961,"Persea americana",-98.943024,19.316361,2019,6,17,"MX","Persea americana"
2648934500,"Persea americana",-103.410966,20.746735,2019,6,2,"MX","Persea americana"
2648993334,"Persea americana",-99.169722,19.407222,2019,6,15,"MX","Persea americana"
2649121532,"Persea americana",-98.203781,18.986927,2019,6,29,"MX","Persea americana"
2283211177,"Persea americana",-93.076363,16.831388,2019,7,5,"MX","Persea americana"
2422867501,"Persea americana",-96.342444,17.274847,2019,7,24,"MX","Persea americana"
2429222260,"Persea americana",-108.936356,27.029115,2019,7,26,"MX","Persea americana"
2626342418,"Persea americana",-96.474908,16.898291,2019,7,8,"MX","Persea americana"
2643827338,"Persea americana",-102.984185,22.646271,2019,7,14,"MX","Persea americana"
2643869963,"Persea americana",-99.120556,19.460833,2019,7,30,"MX","Persea americana"
2645603126,"Persea americana",-100.292372,25.738653,2019,7,8,"MX","Persea americana"
2645651916,"Persea americana",-100.29237,25.738652,2019,7,8,"MX","Persea americana"
2645655236,"Persea americana",-100.29237,25.738652,2019,7,8,"MX","Persea americana"
2645770231,"Persea americana",-100.297003,25.648038,2019,7,20,"MX","Persea americana"
2645895810,"Persea americana",-99.021378,19.55481,2019,7,4,"MX","Persea americana"
2645984006,"Persea americana",-96.775256,17.123864,2019,7,14,"MX","Persea americana"
2646002798,"Persea americana",-101.175476,19.714787,2019,7,27,"MX","Persea americana"
2646132692,"Persea americana",-99.225967,18.945429,2019,7,2,"MX","Persea americana"
2646163444,"Persea americana",-101.019509,25.463867,2019,7,22,"MX","Persea americana"
2648501981,"Persea americana",-100.292358,25.738626,2019,7,8,"MX","Persea americana"
2648750838,"Persea americana",-99.587631,19.310728,2019,7,30,"MX","Persea americana"
2648813424,"Persea americana",-99.230789,19.374388,2019,7,27,"MX","Persea americana"
2648889042,"Persea americana",-96.77858,16.975845,2019,7,8,"MX","Persea americana"
2649117188,"Persea americana",-104.670228,23.999381,2019,7,22,"MX","Persea americana"
2649234517,"Persea americana",-103.439728,20.469374,2019,7,14,"MX","Persea americana"
2649330336,"Persea americana",-107.45081,24.812053,2019,7,25,"MX","Persea americana"
2649441059,"Persea americana",-110.947301,31.299274,2019,7,26,"MX","Persea americana"
2350397631,"Persea americana",-87.583889,20.721944,2019,8,11,"MX","Persea americana"
2465160187,"Persea americana",-92.265947,16.195123,2019,8,24,"MX","Persea americana"
2646290249,"Persea americana",-99.053993,19.414892,2019,8,8,"MX","Persea americana"
2646386467,"Persea americana",-98.895776,19.438734,2019,8,12,"MX","Persea americana"
2649031504,"Persea americana",-101.12453,19.96851,2019,8,10,"MX","Persea americana"
2649375673,"Persea americana",-102.275108,22.145529,2019,8,17,"MX","Persea americana"
2649375675,"Persea americana",-102.27507,22.145529,2019,8,17,"MX","Persea americana"
2649393216,"Persea americana",-102.275063,22.145527,2019,8,17,"MX","Persea americana"
2649542949,"Persea americana",-103.553734,19.624783,2019,8,26,"MX","Persea americana"
2649626931,"Persea americana",-101.252793,19.709363,2019,8,3,"MX","Persea americana"
2649668763,"Persea americana",-99.225699,19.5907,2019,8,20,"MX","Persea americana"
2422959061,"Persea americana",-101.098524,22.274358,2019,9,7,"MX","Persea americana"
2422961783,"Persea americana",-101.207154,22.324279,2019,9,7,"MX","Persea americana"
2644024808,"Persea americana",-103.680596,20.637269,2019,9,4,"MX","Persea americana"
2646248590,"Persea americana",-99.047688,19.479438,2019,9,3,"MX","Persea americana"
2646265902,"Persea americana",-104.630316,24.000843,2019,9,8,"MX","Persea americana"
2646362947,"Persea americana",-101.184415,19.713535,2019,9,29,"MX","Persea americana"
2646399767,"Persea americana",-99.235806,19.605741,2019,9,14,"MX","Persea americana"
2646514823,"Persea americana",-101.457381,26.917954,2019,9,30,"MX","Persea americana"
2646561194,"Persea americana",-103.328703,20.61448,2019,9,9,"MX","Persea americana"
2646679383,"Persea americana",-100.151389,25.603889,2019,9,24,"MX","Persea americana"
2646718148,"Persea americana",-101.457381,26.917954,2019,9,30,"MX","Persea americana"
2646752594,"Persea americana",-101.457381,26.917954,2019,9,30,"MX","Persea americana"
2646866030,"Persea americana",-100.25566,25.566791,2019,9,29,"MX","Persea americana"
2649128086,"Persea americana",-107.4675,24.799722,2019,9,22,"MX","Persea americana"
2649177574,"Persea americana",-97.502341,25.830982,2019,9,3,"MX","Persea americana"
2649646420,"Persea americana",-107.467222,24.799722,2019,9,22,"MX","Persea americana"
2649655427,"Persea americana",-101.457381,26.917954,2019,9,30,"MX","Persea americana"
2649665742,"Persea americana",-103.454191,20.772606,2019,9,19,"MX","Persea americana"
2649666541,"Persea americana",-86.848777,21.175041,2019,9,19,"MX","Persea americana"
2649742666,"Persea americana",-96.938706,19.602808,2019,9,2,"MX","Persea americana"
2649748979,"Persea americana",-99.168827,19.449049,2019,9,13,"MX","Persea americana"
2649801538,"Persea americana",-97.502341,25.830982,2019,9,3,"MX","Persea americana"
2447925201,"Persea americana",-96.251706,17.880682,2019,10,18,"MX","Persea americana"
2644115492,"Persea americana",-99.111214,19.457458,2019,10,11,"MX","Persea americana"
2646390727,"Persea americana",-116.57069,31.853356,2019,10,14,"MX","Persea americana"
2646510678,"Persea americana",-99.038333,19.621389,2019,10,22,"MX","Persea americana"
2646518113,"Persea americana",-110.841687,30.779727,2019,10,12,"MX","Persea americana"
2646584129,"Persea americana",-99.07638,19.313789,2019,10,8,"MX","Persea americana"
2646584595,"Persea americana",-100.397573,20.589093,2019,10,13,"MX","Persea americana"
2646606492,"Persea americana",-96.4694,16.993903,2019,10,10,"MX","Persea americana"
2646628273,"Persea americana",-117.054241,32.521795,2019,10,9,"MX","Persea americana"
2646632371,"Persea americana",-103.443351,25.551133,2019,10,23,"MX","Persea americana"
2646646032,"Persea americana",-99.038333,19.621389,2019,10,22,"MX","Persea americana"
2646654426,"Persea americana",-100.23967,25.734478,2019,10,1,"MX","Persea americana"
2646661919,"Persea americana",-99.120911,19.404467,2019,10,13,"MX","Persea americana"
2646715736,"Persea americana",-99.318474,19.630941,2019,10,12,"MX","Persea americana"
2646734441,"Persea americana",-102.297866,21.857902,2019,10,3,"MX","Persea americana"
2646810790,"Persea americana",-98.669444,20.2875,2019,10,8,"MX","Persea americana"
2646816095,"Persea americana",-99.318398,19.630869,2019,10,12,"MX","Persea americana"
2646881417,"Persea americana",-100.394135,25.743101,2019,10,25,"MX","Persea americana"
2646906403,"Persea americana",-98.669167,20.2875,2019,10,8,"MX","Persea americana"
2646932328,"Persea americana",-101.616723,21.08773,2019,10,3,"MX","Persea americana"
2646965640,"Persea americana",-103.228164,20.640543,2019,10,6,"MX","Persea americana"
2649161279,"Persea americana",-99.240574,19.525994,2019,10,12,"MX","Persea americana"
2649164167,"Persea americana",-104.630316,24.000843,2019,10,19,"MX","Persea americana"
2649446902,"Persea americana",-116.946667,32.483611,2019,10,4,"MX","Persea americana"
2649581863,"Persea americana",-100.366588,20.584703,2019,10,22,"MX","Persea americana"
2649612163,"Persea americana",-104.870994,21.468995,2019,10,27,"MX","Persea americana"
2649700820,"Persea americana",-98.519835,18.889445,2019,10,20,"MX","Persea americana"
2649766005,"Persea americana",-101.425678,26.929838,2019,10,2,"MX","Persea americana"
2649813880,"Persea americana",-99.126176,19.387392,2019,10,24,"MX","Persea americana"
2649852981,"Persea americana",-99.28239,19.590757,2019,10,10,"MX","Persea americana"
2649905966,"Persea americana",-89.52314,21.051976,2019,10,7,"MX","Persea americana"
2649953633,"Persea americana",-86.87148,21.179757,2019,10,3,"MX","Persea americana"
2646543655,"Persea americana",-99.194979,18.923661,2019,11,16,"MX","Persea americana"
2646619621,"Persea americana",-99.215184,19.561251,2019,11,3,"MX","Persea americana"
2646649650,"Persea americana",-103.483929,20.788741,2019,11,11,"MX","Persea americana"
2646804361,"Persea americana",-100.928401,20.529388,2019,11,1,"MX","Persea americana"
2646922369,"Persea americana",-99.135384,19.394035,2019,11,1,"MX","Persea americana"
2646952628,"Persea americana",-98.972478,19.766692,2019,11,7,"MX","Persea americana"
2646953240,"Persea americana",-98.862987,19.51234,2019,11,10,"MX","Persea americana"
2646964200,"Persea americana",-98.308357,19.323868,2019,11,1,"MX","Persea americana"
2647039898,"Persea americana",-99.049473,19.30984,2019,11,18,"MX","Persea americana"
2647056705,"Persea americana",-116.608551,32.567169,2019,11,5,"MX","Persea americana"
2649247026,"Persea americana",-103.429199,20.45915,2019,11,23,"MX","Persea americana"
2649502773,"Persea americana",-99.215264,19.561395,2019,11,3,"MX","Persea americana"
2649569818,"Persea americana",-98.895827,19.241839,2019,11,3,"MX","Persea americana"
2649570216,"Persea americana",-98.972478,19.766692,2019,11,8,"MX","Persea americana"
2649584741,"Persea americana",-99.088537,19.328745,2019,11,18,"MX","Persea americana"
2649706295,"Persea americana",-104.709632,24.00766,2019,11,19,"MX","Persea americana"
2649834107,"Persea americana",-103.443534,25.551233,2019,11,5,"MX","Persea americana"
2649841705,"Persea americana",-99.178424,18.878277,2019,11,5,"MX","Persea americana"
2649950964,"Persea americana",-98.308722,19.324098,2019,11,1,"MX","Persea americana"
2649970795,"Persea americana",-101.425521,26.92985,2019,11,6,"MX","Persea americana"
2649977164,"Persea americana",-99.214326,19.536741,2019,11,22,"MX","Persea americana"
2650021733,"Persea americana",-101.852098,21.010401,2019,11,19,"MX","Persea americana"
2650034046,"Persea americana",-101.634903,21.164754,2019,11,29,"MX","Persea americana"
2650036893,"Persea americana",-99.097786,19.31976,2019,11,30,"MX","Persea americana"
2650097700,"Persea americana",-110.977364,29.084297,2019,11,21,"MX","Persea americana"
2645834715,"Persea americana",-104.580336,21.36733,2019,12,14,"MX","Persea americana"
2646565932,"Persea americana",-100.204145,25.786021,2019,12,6,"MX","Persea americana"
2646644280,"Persea americana",-97.728289,18.884785,2019,12,22,"MX","Persea americana"
2646778030,"Persea americana",-102.058833,19.417523,2019,12,8,"MX","Persea americana"
2646835799,"Persea americana",-99.214193,19.536728,2019,12,16,"MX","Persea americana"
2646855478,"Persea americana",-99.130697,19.267808,2019,12,16,"MX","Persea americana"
2646902781,"Persea americana",-98.234085,19.057478,2019,12,11,"MX","Persea americana"
2646903095,"Persea americana",-99.153282,19.596248,2019,12,20,"MX","Persea americana"
2646968965,"Persea americana",-110.978767,29.109317,2019,12,2,"MX","Persea americana"
2649302219,"Persea americana",-90.887062,16.821836,2019,12,30,"MX","Persea americana"
2649556595,"Persea americana",-99.172068,19.343236,2019,12,3,"MX","Persea americana"
2649643686,"Persea americana",-99.143637,23.758727,2019,12,27,"MX","Persea americana"
2649750035,"Persea americana",-100.326574,25.71928,2019,12,25,"MX","Persea americana"
2649901365,"Persea americana",-95.372188,17.478713,2019,12,4,"MX","Persea americana"
2650041304,"Persea americana",-110.890816,27.913811,2019,12,15,"MX","Persea americana"
2650059582,"Persea americana",-99.214573,19.39001,2019,12,28,"MX","Persea americana"
1807320959,"Persea americana",-99.95306,25.115778,2018,1,20,"MX","Persea americana"
2643680911,"Persea americana",-103.435117,20.726378,2018,1,28,"MX","Persea americana"
1831200410,"Persea americana",-93.095484,16.828902,2018,2,12,"MX","Persea americana"
1841317338,"Persea americana",-100.210884,25.629168,2018,4,30,"MX","Persea americana"
1847551007,"Persea americana",-96.892051,19.532949,2018,5,18,"MX","Persea americana"
1913655178,"Persea americana",-100.20941,25.629977,2018,5,27,"MX","Persea americana"
2643747389,"Persea americana",-99.111549,19.38571,2018,5,12,"MX","Persea americana"
1880478131,"Persea americana",-92.614535,16.705626,2018,6,7,"MX","Persea americana"
2643904401,"Persea americana",-98.987213,18.960612,2018,6,23,"MX","Persea americana"
1883482103,"Persea americana",-93.095592,16.82881,2018,7,7,"MX","Persea americana"
2643930292,"Persea americana",-104.667338,24.001535,2018,7,25,"MX","Persea americana"
2898253351,"Persea americana",-97.41257,20.948385,2018,7,13,"MX","Persea americana"
2974265770,"Persea americana",-98.715631,20.066029,2018,7,24,"MX","Persea americana"
3383955440,"Persea americana",-97.321112,20.9119,2018,7,5,"MX","Persea americana"
1891319853,"Persea americana",-99.202704,18.782968,2018,8,12,"MX","Persea americana"
2644086881,"Persea americana",-106.154632,28.760562,2018,8,18,"MX","Persea americana"
2644154519,"Persea americana",-98.480985,18.914424,2018,8,16,"MX","Persea americana"
2644174526,"Persea americana",-106.154594,28.760612,2018,8,18,"MX","Persea americana"
2647321534,"Persea americana",-101.69684,21.119193,2018,8,4,"MX","Persea americana"
2647711194,"Persea americana",-100.457422,25.768982,2018,8,19,"MX","Persea americana"
1920800678,"Persea americana",-100.353806,25.605267,2018,9,16,"MX","Persea americana"
2644038862,"Persea americana",-103.470078,20.540139,2018,9,4,"MX","Persea americana"
2644158120,"Persea americana",-108.913457,25.861309,2018,9,7,"MX","Persea americana"
2644255854,"Persea americana",-103.301225,20.716828,2018,9,21,"MX","Persea americana"
2647230538,"Persea americana",-99.159542,19.406715,2018,9,14,"MX","Persea americana"
2647947534,"Persea americana",-99.23444,18.979693,2018,9,20,"MX","Persea americana"
2644118487,"Persea americana",-100.803675,20.545871,2018,10,8,"MX","Persea americana"
2644189672,"Persea americana",-103.788383,19.8853,2018,10,14,"MX","Persea americana"
2644200896,"Persea americana",-99.198038,19.370117,2018,10,29,"MX","Persea americana"
2647384379,"Persea americana",-100.449109,20.613278,2018,11,3,"MX","Persea americana"
2647559190,"Persea americana",-103.541764,19.466346,2018,11,7,"MX","Persea americana"
2644443160,"Persea americana",-100.970843,20.483994,2018,12,26,"MX","Persea americana"
2005403300,"Persea americana",-92.263414,14.905557,2017,1,18,"MX","Persea americana"
2302274417,"Persea americana",-98.67263,16.80915,2017,1,9,"MX","Persea americana"
2426948701,"Persea americana",-98.6726,16.8091,2017,1,9,"MX","Persea americana"
2561483706,"Persea americana",-97.72542,19.98383,2017,1,3,"MX","Persea americana"
1640122941,"Persea americana",-92.582952,16.814,2017,2,24,"MX","Persea americana"
2366159627,"Persea americana",-94.039452,18.103948,2017,4,14,"MX","Persea americana"
1562939794,"Persea americana",-92.378776,14.921624,2017,5,12,"MX","Persea americana"
1572370988,"Persea americana",-98.996714,21.39671,2017,7,4,"MX","Persea americana"
3090835338,"Persea americana",-99.560238,21.162406,2017,7,1,"MX","Persea americana"
3306385380,"Persea americana",-97.133889,19.875222,2017,7,1,"MX","Persea americana"
3306385654,"Persea americana",-97.152444,19.827861,2017,7,1,"MX","Persea americana"
2426865673,"Persea americana",-97.4571,20.1104,2017,8,2,"MX","Persea americana"
2426905644,"Persea americana",-97.4762,20.0902,2017,8,2,"MX","Persea americana"
1883973984,"Persea americana",-97.933611,19.949167,2017,9,10,"MX","Persea americana"
2426852522,"Persea americana",-97.5315,20.0455,2017,10,13,"MX","Persea americana"
1801458761,"Persea americana",-96.74174,17.07738,2017,11,6,"MX","Persea americana"
2429649749,"Persea americana",-98.342456,19.071799,2017,12,28,"MX","Persea americana"
2268945302,"Persea americana",-97.42435,20.06685,2016,3,27,"MX","Persea americana"
2426906725,"Persea americana",-97.4244,20.0668,2016,3,27,"MX","Persea americana"
3336614406,"Persea americana",-97.42435,20.06685,2016,3,27,"MX","Persea americana"
2302273633,"Persea americana",-98.65354,16.81861,2016,5,22,"MX","Persea americana"
2426943439,"Persea americana",-98.6535,16.8186,2016,5,22,"MX","Persea americana"
2898316381,"Persea americana",-97.620699,17.046725,2016,6,29,"MX","Persea americana"
2646872416,"Persea americana",-96.841396,17.235853,2016,7,6,"MX","Persea americana"
2429478514,"Persea americana",-99.7647,23.945704,2016,10,29,"MX","Persea americana"
3067598397,"Persea americana",-100.913808,23.68948,2016,11,13,"MX","Persea americana"
2268946212,"Persea americana",-97.42223,20.05975,2016,12,18,"MX","Persea americana"
2238894752,"Persea americana",-106.316934,23.505495,2015,1,27,"MX","Persea americana"
2268943964,"Persea americana",-97.65412,19.80164,2015,1,28,"MX","Persea americana"
2268945106,"Persea americana",-97.54803,19.93329,2015,1,30,"MX","Persea americana"
2426899536,"Persea americana",-97.6541,19.8016,2015,1,28,"MX","Persea americana"
3336615341,"Persea americana",-97.65412,19.80164,2015,1,28,"MX","Persea americana"
2268882667,"Persea americana",-93.104611,17.190389,2015,3,24,"MX","Persea americana"
2268882638,"Persea americana",-94.683,16.910361,2015,5,15,"MX","Persea americana"
1883971078,"Persea americana",-96.959839,16.804541,2015,10,30,"MX","Persea americana"
2426894746,"Persea americana",-97.4222,20.0598,2015,12,18,"MX","Persea americana"
3336601330,"Persea americana",-97.42223,20.05975,2015,12,18,"MX","Persea americana"
2630149296,"Persea americana",-92.138305,15.148167,2014,1,17,"MX","Persea americana"
1897487265,"Persea americana",-96.192278,17.846167,2014,3,9,"MX","Persea americana"
1897487210,"Persea americana",-96.670805,18.011306,2014,4,10,"MX","Persea americana"
1897558663,"Persea americana",-99.01935,18.441733,2014,4,4,"MX","Persea americana"
1897558681,"Persea americana",-99.01425,18.424111,2014,4,11,"MX","Persea americana"
1897558688,"Persea americana",-99.020447,18.510189,2014,4,4,"MX","Persea americana"
1897558691,"Persea americana",-99.01425,18.424111,2014,4,11,"MX","Persea americana"
1897558753,"Persea americana",-98.973528,18.464033,2014,4,11,"MX","Persea americana"
1897533081,"Persea americana",-92.1931545576902,15.0635449979767,2014,6,19,"MX","Persea americana"
1848779634,"Persea americana",-96.98309,19.455654,2014,7,4,"MX","Persea americana"
2630165173,"Persea americana",-92.146694,15.092611,2014,7,7,"MX","Persea americana"
2630169628,"Persea americana",-92.146694,15.092611,2014,7,7,"MX","Persea americana"
2426882763,"Persea americana",-97.548,19.9333,2014,12,26,"MX","Persea americana"
3336610321,"Persea americana",-97.54803,19.93329,2014,12,26,"MX","Persea americana"
1258014668,"Persea americana",-97.40968,18.52257,2013,1,12,"MX","Persea americana"
2629596172,"Persea americana",-97.40968,18.522569,2013,1,12,"MX","Persea americana"
3308687155,"Persea americana",-97.40968,18.52257,2013,1,12,"MX","Persea americana"
2629600069,"Persea americana",-97.068889,18.846111,2013,5,23,"MX","Persea americana"
1894242003,"Persea americana",-98.41,18.877778,2013,6,6,"MX","Persea americana"
1897487251,"Persea americana",-95.606528,16.925944,2013,7,13,"MX","Persea americana"
2429688803,"Persea americana",-100.206648,25.632824,2013,12,1,"MX","Persea americana"
2630171703,"Persea americana",-92.139444,15.138333,2013,12,14,"MX","Persea americana"
3308694960,"Persea americana",-96.72167,17.70861,2012,4,4,"MX","Persea americana"
1258015966,"Persea americana",-96.9621,19.45397,2012,9,29,"MX","Persea americana"
1418792440,"Persea americana",-99.920267,18.893767,2012,9,22,"MX","Persea americana"
1418793158,"Persea americana",-99.646389,18.980278,2012,9,23,"MX","Persea americana"
2629750462,"Persea americana",-96.961944,19.453889,2012,9,29,"MX","Persea americana"
3308163725,"Persea americana",-101.94692,19.45614,2012,9,8,"MX","Persea americana"
1088931360,"Persea americana",-92.329926,15.36974,2011,7,6,"MX","Persea americana"
2629756508,"Persea americana",-96.948333,19.486389,2010,3,30,"MX","Persea americana"
3070513314,"Persea americana",-92.046644,17.483723,2010,3,24,"MX","Persea americana"
1088931395,"Persea americana",-92.608513,16.956236,2010,5,26,"MX","Persea americana"
3308086818,"Persea americana",-100.374,19.421,2010,10,13,"MX","Persea americana"
2630142286,"Persea americana",-91.873417,16.549417,2009,2,23,"MX","Persea americana"
3308096601,"Persea americana",-95.03196,18.43691,2009,3,18,"MX","Persea americana"
1257731546,"Persea americana",-97.54,20.049167,2009,5,18,"MX","Persea americana"
2426933665,"Persea americana",-97.5256,20.0933,2009,5,18,"MX","Persea americana"
2629589472,"Persea americana",-97.059444,18.691389,2008,1,17,"MX","Persea americana"
2629742827,"Persea americana",-91.989167,17.542778,2008,3,23,"MX","Persea americana"
3308669409,"Persea americana",-96.72056,17.71694,2008,3,20,"MX","Persea americana"
3308719188,"Persea americana",-99.27009,20.20032,2008,7,22,"MX","Persea americana"
2629583217,"Persea americana",-97.04,19.491667,2007,4,25,"MX","Persea americana"
2629750335,"Persea americana",-97.043611,19.490278,2007,4,25,"MX","Persea americana"
2629592347,"Persea americana",-97.043611,19.490278,2007,5,23,"MX","Persea americana"
1038291864,"Persea americana",-101.75,19.43,2007,7,20,"MX","Persea americana"
1257595198,"Persea americana",-88.89868,20.5993,2007,7,25,"MX","Persea americana"
1457745695,"Persea americana",-88.89868,20.5993,2007,7,25,"MX","Persea americana"
3308143763,"Persea americana",-100.36417,19.40861,2007,9,NA,"MX","Persea americana"
3308736304,"Persea americana",-100.36311,19.40703,2007,9,NA,"MX","Persea americana"
3308627401,"Persea americana",-96.90714,17.90417,2006,3,18,"MX","Persea americana"
1421384534,"Persea americana",-88.895278,20.598333,2006,8,24,"MX","Persea americana"
1421407399,"Persea americana",-89.113333,20.608056,2006,9,13,"MX","Persea americana"
1421407443,"Persea americana",-89.113333,20.608056,2006,9,13,"MX","Persea americana"
1421407463,"Persea americana",-89.113333,20.608056,2006,9,13,"MX","Persea americana"
1421410561,"Persea americana",-88.938889,20.665278,2006,9,7,"MX","Persea americana"
1421372101,"Persea americana",-88.827222,20.547222,2006,10,18,"MX","Persea americana"
1894547779,"Persea americana",-93.342222,18.214444,2005,1,19,"MX","Persea americana"
3308058389,"Persea americana",-97.615,19.823,2005,1,13,"MX","Persea americana"
3308631916,"Persea americana",-97.608,19.84,2005,1,7,"MX","Persea americana"
2629594895,"Persea americana",-95.0904,18.5786,2005,2,23,"MX","Persea americana"
3308102345,"Persea americana",-95.0904,18.5786,2005,2,23,"MX","Persea americana"
3308638963,"Persea americana",-97.548,19.853,2005,3,16,"MX","Persea americana"
3308642699,"Persea americana",-97.543,19.931,2005,3,28,"MX","Persea americana"
3308702572,"Persea americana",-97.556,19.847,2005,3,29,"MX","Persea americana"
1257922036,"Persea americana",-96.116944,16.016389,2005,4,26,"MX","Persea americana"
3308631915,"Persea americana",-97.54333,19.85056,2005,4,14,"MX","Persea americana"
3308632035,"Persea americana",-97.556,19.847,2005,4,19,"MX","Persea americana"
3308642700,"Persea americana",-97.548,19.87,2005,4,14,"MX","Persea americana"
3308699548,"Persea americana",-97.556,19.847,2005,4,19,"MX","Persea americana"
1257829856,"Persea americana",-95.1539,18.5505,2005,7,27,"MX","Persea americana"
2630144632,"Persea americana",-93.074167,15.812389,2005,7,13,"MX","Persea americana"
3308111038,"Persea americana",-95.1539,18.5505,2005,7,27,"MX","Persea americana"
2630150639,"Persea americana",-92.603889,15.556667,2005,8,5,"MX","Persea americana"
3308682312,"Persea americana",-95.1766,18.5794,2005,8,26,"MX","Persea americana"
3308750375,"Persea americana",-92.60389,15.55667,2005,8,5,"MX","Persea americana"
1257922069,"Persea americana",-96.378889,17.491944,2005,10,16,"MX","Persea americana"
1257922074,"Persea americana",-96.378333,17.487222,2005,10,16,"MX","Persea americana"
1897358568,"Persea americana",-96.378889,17.491889,2005,10,16,"MX","Persea americana"
1257922040,"Persea americana",-96.127778,16.003889,2004,1,23,"MX","Persea americana"
1897358546,"Persea americana",-96.127861,16.003972,2004,1,23,"MX","Persea americana"
2629656658,"Persea americana",-96.127778,16.003889,2004,1,23,"MX","Persea americana"
2629757951,"Persea americana",-96.127778,16.003889,2004,1,23,"MX","Persea americana"
1421385353,"Persea americana",-90.118333,19.484722,2004,2,8,"MX","Persea americana"
1421385631,"Persea americana",-90.118333,19.484722,2004,2,8,"MX","Persea americana"
1894607359,"Persea americana",-102.093028,19.429306,2004,2,18,"MX","Persea americana"
1894607360,"Persea americana",-102.095528,19.429944,2004,2,18,"MX","Persea americana"
2630143468,"Persea americana",-93.370083,16.061028,2004,7,26,"MX","Persea americana"
1421394308,"Persea americana",-88.822778,20.563889,2003,1,28,"MX","Persea americana"
1421394357,"Persea americana",-88.822778,20.563889,2003,1,28,"MX","Persea americana"
2630140653,"Persea americana",-93.438333,16.046389,2003,1,17,"MX","Persea americana"
2630158750,"Persea americana",-93.31,16.998333,2003,2,24,"MX","Persea americana"
2630165359,"Persea americana",-93.31,16.998333,2003,2,24,"MX","Persea americana"
1846489429,"Persea americana",-100.992778,21.781389,2003,3,7,"MX","Persea americana"
2270509559,"Persea americana",-100.616667,22.066667,2003,3,7,"MX","Persea americana"
3306200159,"Persea americana",-97.718194,18.507972,2003,4,27,"MX","Persea americana"
3306205148,"Persea americana",-97.718194,18.507972,2003,4,27,"MX","Persea americana"
1893931170,"Persea americana",-97.521944,20.096667,2003,5,30,"MX","Persea americana"
3306427556,"Persea americana",-92.3533,17.394833,2003,9,1,"MX","Persea americana"
2268834179,"Persea americana",-96.101944,15.969722,2003,10,14,"MX","Persea americana"
1893924294,"Persea americana",-96.845028,18.136694,2002,1,22,"MX","Persea americana"
2629591596,"Persea americana",-96.845278,18.1375,2002,1,22,"MX","Persea americana"
2807639546,"Persea americana",-96.82456,18.13669,2002,1,22,"MX","Persea americana"
3308623294,"Persea americana",-96.84503,18.13669,2002,1,22,"MX","Persea americana"
1893924180,"Persea americana",-96.833056,18.144778,2002,2,25,"MX","Persea americana"
2629757404,"Persea americana",-96.831111,18.145278,2002,2,25,"MX","Persea americana"
3307994533,"Persea americana",-96.83306,18.14478,2002,2,25,"MX","Persea americana"
1302399331,"Persea americana",-92.981667,15.701111,2002,4,12,"MX","Persea americana"
1893311652,"Persea americana",-90.513056,19.850278,2002,5,11,"MX","Persea americana"
3308079924,"Persea americana",-96.54306,17.61528,2002,5,24,"MX","Persea americana"
1257638901,"Persea americana",-93.324722,15.951111,2002,6,29,"MX","Persea americana"
1893311601,"Persea americana",-90.673611,19.644444,2002,6,22,"MX","Persea americana"
2630154653,"Persea americana",-93.324722,15.951111,2002,6,29,"MX","Persea americana"
3308700034,"Persea americana",-96.52833,17.64889,2002,6,24,"MX","Persea americana"
3308748901,"Persea americana",-93.32472,15.95111,2002,6,29,"MX","Persea americana"
1417932300,"Persea americana",-97.91,18.069444,2002,10,2,"MX","Persea americana"
1417932324,"Persea americana",-97.91,18.069444,2002,10,2,"MX","Persea americana"
1417932345,"Persea americana",-97.91,18.069444,2002,10,2,"MX","Persea americana"
1417932372,"Persea americana",-97.91,18.069444,2002,10,2,"MX","Persea americana"
1417932403,"Persea americana",-97.91,18.069444,2002,10,2,"MX","Persea americana"
1417932415,"Persea americana",-97.91,18.069444,2002,10,2,"MX","Persea americana"
1417932427,"Persea americana",-97.91,18.069444,2002,10,2,"MX","Persea americana"
1417932475,"Persea americana",-97.91,18.069444,2002,10,2,"MX","Persea americana"
1417932481,"Persea americana",-97.91,18.069444,2002,10,2,"MX","Persea americana"
1417932506,"Persea americana",-97.91,18.069444,2002,10,2,"MX","Persea americana"
1417932575,"Persea americana",-97.91,18.069444,2002,10,2,"MX","Persea americana"
1417932612,"Persea americana",-97.91,18.069444,2002,10,2,"MX","Persea americana"
1417932636,"Persea americana",-97.91,18.069444,2002,10,2,"MX","Persea americana"
1417932713,"Persea americana",-97.91,18.069444,2002,10,2,"MX","Persea americana"
2630141098,"Persea americana",-93.467778,15.980278,2002,10,12,"MX","Persea americana"
1258043118,"Persea americana",-96.095555,15.974167,2001,3,15,"MX","Persea americana"
2993512676,"Persea americana",-96.09556,15.97417,2001,3,15,"MX","Persea americana"
3306422686,"Persea americana",-92.7,17.016667,2001,3,22,"MX","Persea americana"
1257922050,"Persea americana",-96.110278,15.99,2001,4,30,"MX","Persea americana"
1417913349,"Persea americana",-89.306667,20.399722,2001,5,15,"MX","Persea americana"
1417925365,"Persea americana",-89.605556,21.1,2001,5,15,"MX","Persea americana"
1417926204,"Persea americana",-89.608333,21.108333,2001,5,15,"MX","Persea americana"
1417929885,"Persea americana",-89.602778,21.1,2001,5,15,"MX","Persea americana"
1417930494,"Persea americana",-89.358333,21.108333,2001,5,15,"MX","Persea americana"
3306428816,"Persea americana",-92.7,17.016667,2001,5,4,"MX","Persea americana"
1895545946,"Persea americana",-97.141667,18.191667,2001,9,19,"MX","Persea americana"
2629587696,"Persea americana",-94.860278,18.230278,2000,1,6,"MX","Persea americana"
3306063379,"Persea americana",-107.619444,27.116944,2000,2,13,"MX","Persea americana"
1419227052,"Persea americana",-97.531944,20.705,2000,3,24,"MX","Persea americana"
1421418133,"Persea americana",-98.493611,20.479167,2000,3,12,"MX","Persea americana"
1893311656,"Persea americana",-98.566667,20.448333,2000,3,12,"MX","Persea americana"
2629468073,"Persea americana",-98.584444,20.481944,2000,3,12,"MX","Persea americana"
3308589311,"Persea americana",-98.56667,20.44833,2000,3,12,"MX","Persea americana"
1421370797,"Persea americana",-96.933333,18.8,2000,4,11,"MX","Persea americana"
1893311655,"Persea americana",-96.933333,18.8,2000,4,11,"MX","Persea americana"
1895545943,"Persea americana",-97.475,18.325,2000,10,30,"MX","Persea americana"
2630166450,"Persea americana",-92.7125,15.661667,2000,11,1,"MX","Persea americana"
1259294471,"Persea americana",-96.48111,17.29916,2000,12,30,"MX","Persea americana"
3307999344,"Persea americana",-96.48111,17.29917,2000,12,30,"MX","Persea americana"
3456457858,"Persea americana",-157.792202,21.367131,2022,1,15,"US","Persea americana"
3457058099,"Persea americana",-157.824094,21.327936,2022,1,19,"US","Persea americana"
3457167547,"Persea americana",-157.82665,21.325444,2022,1,19,"US","Persea americana"
3465923199,"Persea americana",-159.366652,21.990697,2022,1,30,"US","Persea americana"
3466009138,"Persea americana",-158.141411,21.506858,2022,1,22,"US","Persea americana"
3743019624,"Persea americana",-155.96037,19.704765,2022,3,3,"US","Persea americana"
3743088653,"Persea americana",-155.249689,19.419048,2022,3,1,"US","Persea americana"
3747011796,"Persea americana",-159.326218,22.18622,2022,3,19,"US","Persea americana"
3747088257,"Persea americana",-159.719876,22.036853,2022,3,23,"US","Persea americana"
3759916203,"Persea americana",-155.953323,19.646454,2022,4,16,"US","Persea americana"
3764133964,"Persea americana",-80.140158,26.670563,2022,4,25,"US","Persea americana"
3764153222,"Persea americana",-155.257549,19.426545,2022,4,27,"US","Persea americana"
3764190983,"Persea americana",-80.140389,26.670555,2022,4,25,"US","Persea americana"
3773065738,"Persea americana",-81.36258,28.511206,2022,4,29,"US","Persea americana"
3773155544,"Persea americana",-155.956067,19.720004,2022,4,22,"US","Persea americana"
3773655757,"Persea americana",-155.152024,19.853625,2022,5,1,"US","Persea americana"
3017997252,"Persea americana",-82.44009,28.106513,2021,1,7,"US","Persea americana"
3031738875,"Persea americana",-121.500044,38.236109,2021,1,14,"US","Persea americana"
3032112871,"Persea americana",-82.626855,27.531455,2021,1,25,"US","Persea americana"
3032137712,"Persea americana",-121.49764,38.570072,2021,1,13,"US","Persea americana"
3044576825,"Persea americana",-82.62712,27.531368,2021,1,25,"US","Persea americana"
3061678512,"Persea americana",-95.529387,30.148867,2021,1,26,"US","Persea americana"
3058937476,"Persea americana",-155.252717,19.994222,2021,3,1,"US","Persea americana"
3061821607,"Persea americana",-81.382133,28.767495,2021,3,16,"US","Persea americana"
3455163859,"Persea americana",-121.550625,39.511952,2021,3,7,"US","Persea americana"
3113567502,"Persea americana",-157.904067,21.444742,2021,4,24,"US","Persea americana"
3383945666,"Persea americana",-97.569707,26.202229,2021,4,30,"US","Persea americana"
3384609625,"Persea americana",-122.005661,37.388388,2021,4,2,"US","Persea americana"
3384620641,"Persea americana",-117.598617,33.830547,2021,4,9,"US","Persea americana"
3384670666,"Persea americana",-81.342566,28.640173,2021,5,11,"US","Persea americana"
3391403426,"Persea americana",-95.476552,29.79606,2021,5,23,"US","Persea americana"
3335101480,"Persea americana",-155.095383,19.824252,2021,6,30,"US","Persea americana"
3391507446,"Persea americana",-81.27755,28.592095,2021,6,10,"US","Persea americana"
3333358470,"Persea americana",-159.33452,22.05245,2021,7,26,"US","Persea americana"
3333424561,"Persea americana",-157.727703,21.279369,2021,7,11,"US","Persea americana"
3335192746,"Persea americana",-157.731112,21.274091,2021,7,11,"US","Persea americana"
3383840843,"Persea americana",-82.287376,27.84668,2021,7,18,"US","Persea americana"
3391377470,"Persea americana",-97.64581,30.457898,2021,7,27,"US","Persea americana"
3337556266,"Persea americana",-155.921337,19.510913,2021,8,7,"US","Persea americana"
3344030119,"Persea americana",-155.602219,20.104058,2021,8,17,"US","Persea americana"
3383920110,"Persea americana",-122.109587,37.424094,2021,8,25,"US","Persea americana"
3391494538,"Persea americana",-157.824197,21.395717,2021,8,21,"US","Persea americana"
3385032869,"Persea americana",-157.97235,21.403967,2021,9,22,"US","Persea americana"
3391328552,"Persea americana",-74.473162,40.756103,2021,9,29,"US","Persea americana"
3391342554,"Persea americana",-84.116588,35.844063,2021,9,25,"US","Persea americana"
3415480770,"Persea americana",-70.648308,41.913773,2021,9,7,"US","Persea americana"
3415916767,"Persea americana",-157.812992,21.338967,2021,9,19,"US","Persea americana"
3468969568,"Persea americana",-74.0442,40.722386,2021,9,29,"US","Persea americana"
3384988908,"Persea americana",-81.712453,26.17851,2021,10,1,"US","Persea americana"
3391404167,"Persea americana",-122.041232,37.319306,2021,10,13,"US","Persea americana"
3398677932,"Persea americana",-121.867102,37.326486,2021,10,9,"US","Persea americana"
3398710145,"Persea americana",-119.081093,34.4397,2021,10,16,"US","Persea americana"
3398865186,"Persea americana",-82.708427,28.344881,2021,10,25,"US","Persea americana"
3399284146,"Persea americana",-82.696305,28.219441,2021,10,25,"US","Persea americana"
3415658040,"Persea americana",-157.772473,21.333663,2021,11,3,"US","Persea americana"
3455555129,"Persea americana",-155.944887,19.703272,2021,12,30,"US","Persea americana"
3456003630,"Persea americana",-158.180582,21.532482,2021,12,28,"US","Persea americana"
2646871855,"Persea americana",-82.370351,28.021749,2020,1,18,"US","Persea americana"
2646937006,"Persea americana",-73.326482,40.756423,2020,1,26,"US","Persea americana"
2646967845,"Persea americana",-82.84765,27.892487,2020,1,2,"US","Persea americana"
2649773260,"Persea americana",-80.127313,26.545106,2020,1,23,"US","Persea americana"
2649808540,"Persea americana",-87.297813,30.538241,2020,1,22,"US","Persea americana"
2649890848,"Persea americana",-80.444046,25.09263,2020,1,1,"US","Persea americana"
2649968041,"Persea americana",-73.898715,40.857893,2020,1,27,"US","Persea americana"
2650071488,"Persea americana",-80.182466,26.398669,2020,1,17,"US","Persea americana"
2976517889,"Persea americana",-77.475377,42.815387,2020,1,2,"US","Persea americana"
3383887408,"Persea americana",-122.032717,36.969863,2020,1,24,"US","Persea americana"
2646929605,"Persea americana",-80.490868,27.79782,2020,2,14,"US","Persea americana"
2646976533,"Persea americana",-80.490891,27.797741,2020,2,14,"US","Persea americana"
2647120083,"Persea americana",-82.3198,27.7865,2020,2,29,"US","Persea americana"
2649383964,"Persea americana",-80.429184,27.628814,2020,2,10,"US","Persea americana"
2649801077,"Persea americana",-81.7775,24.557778,2020,2,7,"US","Persea americana"
2649948234,"Persea americana",-80.668901,28.393126,2020,2,5,"US","Persea americana"
2650082978,"Persea americana",-82.326784,27.846996,2020,2,22,"US","Persea americana"
2580213906,"Persea americana",-117.665178,34.109611,2020,3,17,"US","Persea americana"
2580245643,"Persea americana",-81.342651,28.335007,2020,3,15,"US","Persea americana"
2596256360,"Persea americana",-122.013613,36.985225,2020,3,20,"US","Persea americana"
2626156751,"Persea americana",-94.291595,30.344462,2020,3,27,"US","Persea americana"
2649579101,"Persea americana",-81.502042,28.612881,2020,3,24,"US","Persea americana"
3383879425,"Persea americana",-97.697044,30.314615,2020,3,29,"US","Persea americana"
2603334067,"Persea americana",-157.783624,21.368304,2020,4,10,"US","Persea americana"
2609295796,"Persea americana",-81.591613,28.498128,2020,4,18,"US","Persea americana"
2626372775,"Persea americana",-156.329011,20.766903,2020,4,16,"US","Persea americana"
2646845237,"Persea americana",-80.163765,26.609495,2020,4,2,"US","Persea americana"
2647241890,"Persea americana",-80.494573,25.484229,2020,4,2,"US","Persea americana"
2883016377,"Persea americana",-95.479501,29.543868,2020,4,18,"US","Persea americana"
2974272117,"Persea americana",-82.60921,28.328347,2020,4,2,"US","Persea americana"
2974480784,"Persea americana",-82.435271,28.039092,2020,4,11,"US","Persea americana"
2976616706,"Persea americana",-81.307143,28.546478,2020,4,9,"US","Persea americana"
3383944434,"Persea americana",-121.79792,37.31557,2020,4,27,"US","Persea americana"
3384293450,"Persea americana",-82.631255,27.782112,2020,4,11,"US","Persea americana"
3391372338,"Persea americana",-155.929564,19.555708,2020,4,24,"US","Persea americana"
2619979169,"Persea americana",-119.821206,34.438705,2020,5,3,"US","Persea americana"
2626122656,"Persea americana",-98.485817,29.650614,2020,5,1,"US","Persea americana"
2626406641,"Persea americana",-118.671896,34.240955,2020,5,6,"US","Persea americana"
2626659736,"Persea americana",-98.494006,29.480039,2020,5,16,"US","Persea americana"
2974321161,"Persea americana",-80.235731,25.91246,2020,5,11,"US","Persea americana"
2975054207,"Persea americana",-81.917316,26.658724,2020,5,14,"US","Persea americana"
2975161274,"Persea americana",-85.065773,29.896716,2020,5,21,"US","Persea americana"
2975197984,"Persea americana",-82.078007,29.131129,2020,5,17,"US","Persea americana"
2975241581,"Persea americana",-81.422043,28.412329,2020,5,8,"US","Persea americana"
2975243500,"Persea americana",-74.214931,41.554677,2020,5,25,"US","Persea americana"
2975279686,"Persea americana",-81.829186,27.201113,2020,5,26,"US","Persea americana"
2975322580,"Persea americana",-81.832322,30.772156,2020,5,22,"US","Persea americana"
2975438118,"Persea americana",-81.089859,28.517084,2020,5,29,"US","Persea americana"
2975526026,"Persea americana",-81.570642,30.343052,2020,5,24,"US","Persea americana"
2976684863,"Persea americana",-81.92652,28.028788,2020,5,1,"US","Persea americana"
2976711260,"Persea americana",-80.49454,25.484207,2020,5,25,"US","Persea americana"
2976995599,"Persea americana",-73.728194,40.724919,2020,5,26,"US","Persea americana"
2977013229,"Persea americana",-81.217623,28.908804,2020,5,2,"US","Persea americana"
2977031301,"Persea americana",-75.817629,42.310847,2020,5,15,"US","Persea americana"
2977684108,"Persea americana",-81.339716,27.25689,2020,5,6,"US","Persea americana"
2978031546,"Persea americana",-81.305045,28.76361,2020,5,30,"US","Persea americana"
3384643442,"Persea americana",-83.364542,30.925363,2020,5,19,"US","Persea americana"
2802989390,"Persea americana",-82.721501,27.513371,2020,6,21,"US","Persea americana"
2975528142,"Persea americana",-80.341821,27.434278,2020,6,12,"US","Persea americana"
2975528679,"Persea americana",-81.502029,28.612866,2020,6,29,"US","Persea americana"
2975725116,"Persea americana",-73.836805,42.785611,2020,6,27,"US","Persea americana"
2977286066,"Persea americana",-81.372452,28.269002,2020,6,12,"US","Persea americana"
2977393832,"Persea americana",-82.405283,27.442635,2020,6,15,"US","Persea americana"
3061619400,"Persea americana",-80.689807,28.246196,2020,6,10,"US","Persea americana"
3070474943,"Persea americana",-155.830661,20.237305,2020,6,10,"US","Persea americana"
3383890485,"Persea americana",-84.220973,35.830755,2020,6,1,"US","Persea americana"
2976130944,"Persea americana",-82.302653,28.187315,2020,7,25,"US","Persea americana"
2977800457,"Persea americana",-85.887222,30.233333,2020,7,31,"US","Persea americana"
2977933472,"Persea americana",-81.985632,26.617077,2020,7,8,"US","Persea americana"
3070317013,"Persea americana",-157.246185,21.19055,2020,7,16,"US","Persea americana"
2974416463,"Persea americana",-82.430717,28.004002,2020,8,25,"US","Persea americana"
2976132033,"Persea americana",-73.483425,40.791011,2020,8,18,"US","Persea americana"
2976255253,"Persea americana",-80.445486,25.66973,2020,8,18,"US","Persea americana"
2977870076,"Persea americana",-73.838631,40.698848,2020,8,25,"US","Persea americana"
3090589823,"Persea americana",-82.684362,27.776105,2020,8,27,"US","Persea americana"
3090610818,"Persea americana",-82.482636,27.889276,2020,8,5,"US","Persea americana"
3383909522,"Persea americana",-81.950793,26.555763,2020,8,23,"US","Persea americana"
2862511357,"Persea americana",-80.447494,25.556653,2020,9,9,"US","Persea americana"
2873959626,"Persea americana",-117.709237,34.078342,2020,9,12,"US","Persea americana"
2978090167,"Persea americana",-82.392536,29.704872,2020,9,19,"US","Persea americana"
3090607840,"Persea americana",-81.435995,27.494923,2020,9,4,"US","Persea americana"
3090707834,"Persea americana",-81.839447,26.329611,2020,9,30,"US","Persea americana"
3090816823,"Persea americana",-82.392515,29.705029,2020,9,4,"US","Persea americana"
3383892545,"Persea americana",-97.638401,26.132021,2020,9,25,"US","Persea americana"
3384286546,"Persea americana",-81.844796,26.661738,2020,9,4,"US","Persea americana"
2883011055,"Persea americana",-155.176292,19.785679,2020,10,3,"US","Persea americana"
2963819545,"Persea americana",-82.562425,27.380358,2020,10,21,"US","Persea americana"
2976035871,"Persea americana",-81.545306,28.058352,2020,10,2,"US","Persea americana"
2976187860,"Persea americana",-81.71109,28.37318,2020,10,3,"US","Persea americana"
2976191053,"Persea americana",-73.867052,42.225662,2020,10,21,"US","Persea americana"
2976516046,"Persea americana",-80.322649,27.196088,2020,10,14,"US","Persea americana"
2977605830,"Persea americana",-81.545307,28.058366,2020,10,2,"US","Persea americana"
2977614441,"Persea americana",-81.726427,26.62934,2020,10,27,"US","Persea americana"
2977853602,"Persea americana",-82.301953,28.372768,2020,10,11,"US","Persea americana"
3017976541,"Persea americana",-121.947878,37.345551,2020,10,13,"US","Persea americana"
3067851137,"Persea americana",-97.771659,26.076003,2020,10,6,"US","Persea americana"
2984561039,"Persea americana",-118.678513,34.242708,2020,11,12,"US","Persea americana"
2988512970,"Persea americana",-159.415622,22.211349,2020,11,14,"US","Persea americana"
3327678387,"Persea americana",-155.919794,19.5092,2020,11,22,"US","Persea americana"
3384630592,"Persea americana",-81.336147,28.562878,2020,11,3,"US","Persea americana"
3070765388,"Persea americana",-159.41325,22.085864,2020,12,30,"US","Persea americana"
1993716802,"Persea americana",-82.099717,26.43456,2019,1,26,"US","Persea americana"
3384657349,"Persea americana",-155.071292,19.603735,2019,2,21,"US","Persea americana"
2013694894,"Persea americana",-122.614914,37.895248,2019,3,7,"US","Persea americana"
2238785911,"Persea americana",-81.747654,26.136202,2019,3,30,"US","Persea americana"
2647970012,"Persea americana",-82.542868,27.400808,2019,3,11,"US","Persea americana"
2239013498,"Persea americana",-97.957834,26.124331,2019,4,26,"US","Persea americana"
2626153422,"Persea americana",-95.383314,29.563915,2019,4,20,"US","Persea americana"
2626155406,"Persea americana",-119.843871,34.413027,2019,4,6,"US","Persea americana"
2644519903,"Persea americana",-80.104047,26.936673,2019,4,18,"US","Persea americana"
2644720116,"Persea americana",-80.395047,27.220008,2019,4,21,"US","Persea americana"
2647863195,"Persea americana",-80.104047,26.936673,2019,4,19,"US","Persea americana"
2643601390,"Persea americana",-82.265147,27.9336,2019,5,26,"US","Persea americana"
2644743957,"Persea americana",-81.351574,29.892212,2019,5,6,"US","Persea americana"
2644936515,"Persea americana",-82.461127,28.902731,2019,5,17,"US","Persea americana"
2645119258,"Persea americana",-80.164459,26.470926,2019,5,27,"US","Persea americana"
2647908465,"Persea americana",-81.26305,28.557196,2019,5,22,"US","Persea americana"
2648505473,"Persea americana",-81.634594,26.603946,2019,5,18,"US","Persea americana"
2645311065,"Persea americana",-81.297703,28.24745,2019,6,6,"US","Persea americana"
2645356337,"Persea americana",-81.891335,26.547817,2019,6,9,"US","Persea americana"
2645689437,"Persea americana",-81.61526,26.612494,2019,6,15,"US","Persea americana"
2648392268,"Persea americana",-81.891348,26.548017,2019,6,9,"US","Persea americana"
2974273802,"Persea americana",-81.783457,28.082043,2019,6,9,"US","Persea americana"
2645672372,"Persea americana",-115.515556,32.656667,2019,7,8,"US","Persea americana"
2645947085,"Persea americana",-82.71574,27.748499,2019,7,22,"US","Persea americana"
2646209474,"Persea americana",-81.785115,28.820785,2019,7,27,"US","Persea americana"
2648757570,"Persea americana",-82.791263,27.967677,2019,7,14,"US","Persea americana"
2397596186,"Persea americana",-83.424123,36.176726,2019,8,27,"US","Persea americana"
2422881821,"Persea americana",-122.126462,37.440623,2019,8,24,"US","Persea americana"
2645998713,"Persea americana",-87.045278,30.704167,2019,8,8,"US","Persea americana"
2646406546,"Persea americana",-87.355384,30.366334,2019,8,11,"US","Persea americana"
2646558004,"Persea americana",-80.265108,26.097336,2019,8,31,"US","Persea americana"
3331197700,"Persea americana",-76.354262,40.009942,2019,8,10,"US","Persea americana"
3415431367,"Persea americana",-159.422021,22.21487,2019,8,3,"US","Persea americana"
2646395525,"Persea americana",-80.681131,27.992299,2019,9,13,"US","Persea americana"
2646507945,"Persea americana",-76.178034,43.051703,2019,9,17,"US","Persea americana"
2646615355,"Persea americana",-80.26535,26.09714,2019,9,14,"US","Persea americana"
2646690786,"Persea americana",-81.9199,28.039645,2019,9,23,"US","Persea americana"
2648950465,"Persea americana",-81.308489,29.955904,2019,9,1,"US","Persea americana"
2649239250,"Persea americana",-84.229104,30.5772,2019,9,1,"US","Persea americana"
2649312908,"Persea americana",-80.358417,26.110836,2019,9,17,"US","Persea americana"
2649594563,"Persea americana",-80.265124,26.097323,2019,9,14,"US","Persea americana"
2649684971,"Persea americana",-80.265124,26.097323,2019,9,14,"US","Persea americana"
2649742172,"Persea americana",-80.652649,27.985274,2019,9,29,"US","Persea americana"
2646495066,"Persea americana",-81.207375,28.905417,2019,10,21,"US","Persea americana"
2646605607,"Persea americana",-73.895386,40.703919,2019,10,20,"US","Persea americana"
2646751298,"Persea americana",-80.239443,26.798384,2019,10,4,"US","Persea americana"
2646909869,"Persea americana",-81.442925,26.553358,2019,10,31,"US","Persea americana"
2649402648,"Persea americana",-82.486959,28.204387,2019,10,11,"US","Persea americana"
2649451537,"Persea americana",-81.30654,28.552465,2019,10,17,"US","Persea americana"
3455250570,"Persea americana",-72.990547,44.403337,2019,10,19,"US","Persea americana"
2646693519,"Persea americana",-82.475524,29.759144,2019,11,2,"US","Persea americana"
2646739271,"Persea americana",-80.182593,26.64587,2019,11,1,"US","Persea americana"
2646752151,"Persea americana",-73.833718,40.717578,2019,11,26,"US","Persea americana"
2646838153,"Persea americana",-82.666462,27.72886,2019,11,14,"US","Persea americana"
2646870333,"Persea americana",-82.482959,28.000212,2019,11,16,"US","Persea americana"
2646991443,"Persea americana",-82.722222,28.084167,2019,11,4,"US","Persea americana"
2649337384,"Persea americana",-77.690948,43.185329,2019,11,21,"US","Persea americana"
2649490644,"Persea americana",-74.112932,40.563744,2019,11,1,"US","Persea americana"
2649698490,"Persea americana",-80.101122,26.796764,2019,11,10,"US","Persea americana"
2649893451,"Persea americana",-80.275839,26.028159,2019,11,23,"US","Persea americana"
2650005651,"Persea americana",-81.979425,28.168156,2019,11,10,"US","Persea americana"
2626361626,"Persea americana",-119.870203,34.417991,2019,12,14,"US","Persea americana"
2646642507,"Persea americana",-84.401851,30.106384,2019,12,7,"US","Persea americana"
2646823198,"Persea americana",-80.119336,26.740803,2019,12,19,"US","Persea americana"
2646834981,"Persea americana",-82.003374,28.869848,2019,12,10,"US","Persea americana"
2646835489,"Persea americana",-82.003374,28.869848,2019,12,10,"US","Persea americana"
2646905467,"Persea americana",-82.679444,27.837778,2019,12,2,"US","Persea americana"
2649567755,"Persea americana",-82.003282,28.870114,2019,12,10,"US","Persea americana"
2650009324,"Persea americana",-82.003282,28.870114,2019,12,10,"US","Persea americana"
2818561361,"Persea americana",-121.927024,37.006634,2019,12,12,"US","Persea americana"
1836631490,"Persea americana",-117.598053,33.838055,2018,3,14,"US","Persea americana"
1836632189,"Persea americana",-117.598296,33.835058,2018,3,14,"US","Persea americana"
3384347320,"Persea americana",-117.598276,33.835031,2018,3,14,"US","Persea americana"
3384370317,"Persea americana",-117.59823,33.83504,2018,3,14,"US","Persea americana"
2626146361,"Persea americana",-97.505517,25.922402,2018,4,29,"US","Persea americana"
2643859758,"Persea americana",-80.270655,27.286455,2018,5,29,"US","Persea americana"
3070323422,"Persea americana",-156.546805,20.880547,2018,5,10,"US","Persea americana"
3383962321,"Persea americana",-122.050539,36.951996,2018,5,18,"US","Persea americana"
3333369305,"Persea americana",-159.417666,22.217866,2018,6,30,"US","Persea americana"
2644052350,"Persea americana",-80.380772,27.212775,2018,7,24,"US","Persea americana"
3302148162,"Persea americana",-157.740142,21.369045,2018,7,26,"US","Persea americana"
3455189369,"Persea americana",-159.421704,22.07569,2018,7,2,"US","Persea americana"
3456122396,"Persea americana",-159.420442,22.073928,2018,7,2,"US","Persea americana"
3384377327,"Persea americana",-121.968317,37.313757,2018,8,1,"US","Persea americana"
2647188303,"Persea americana",-81.773644,28.814366,2018,9,5,"US","Persea americana"
3070619528,"Persea americana",-155.956025,19.720208,2018,12,4,"US","Persea americana"
2850567317,"Persea americana",-157.823029,21.313461,2017,3,18,"US","Persea americana"
3415378309,"Persea americana",-118.676063,34.242721,2017,3,27,"US","Persea americana"
1457639661,"Persea americana",-155.921539,19.510902,2017,4,6,"US","Persea americana"
1621775457,"Persea americana",-117.597656,33.83392,2017,5,17,"US","Persea americana"
3079718748,"Persea americana",-157.814196,21.33094,2017,6,30,"US","Persea americana"
1572370378,"Persea americana",-157.814617,21.330855,2017,7,4,"US","Persea americana"
2429481717,"Persea americana",-106.458001,31.768257,2016,10,24,"US","Persea americana"
1092880883,"Persea americana",-155.256853,19.426484,2015,5,15,"US","Persea americana"
1503277995,"Persea americana",-82.3879,28.5553,2015,5,1,"US","Persea americana"
3391664341,"Persea americana",-159.677009,22.076652,2014,5,3,"US","Persea americana"
3331181767,"Persea americana",-76.349396,39.999134,2014,7,16,"US","Persea americana"
891092858,"Persea americana",-82.195918,28.364725,2012,5,21,"US","Persea americana"
3407986709,"Persea americana",-155.988407,20.757508,2009,12,12,"US","Persea americana"
1090284499,"Persea americana",-156.895,20.8434,2008,5,29,"US","Persea americana"
1257565022,"Persea americana",-159.581639,22.220583,2008,5,14,"US","Persea americana"
3125190263,"Persea americana",-116.93613,33.21824,2008,5,1,"US","Persea americana"
2421704330,"Persea americana",-116.92956,32.76457,2008,10,1,"US","Persea americana"
2421705079,"Persea americana",-116.92956,32.76457,2008,10,1,"US","Persea americana"
2421706254,"Persea americana",-116.92956,32.76457,2008,10,1,"US","Persea americana"
2421707342,"Persea americana",-116.92956,32.76457,2008,10,1,"US","Persea americana"
1503264106,"Persea americana",-80.2331,26.1276,2008,12,5,"US","Persea americana"
1928737573,"Persea americana",-73.931789,40.850648,2007,1,19,"US","Persea americana"
1931146646,"Persea americana",-73.935415,40.8501,2007,1,19,"US","Persea americana"
1457745313,"Persea americana",-82.40697,29.61191,2007,2,28,"US","Persea americana"
1457767521,"Persea americana",-82.40693,29.6121,2007,2,18,"US","Persea americana"
3762873352,"Persea americana",-159.57596,22.22011,2006,7,3,"US","Persea americana"
1090370708,"Persea americana",-159.522,21.9083,2006,12,28,"US","Persea americana"
1932898576,"Persea americana",-81.438167,30.4405,2005,6,30,"US","Persea americana"
1457747233,"Persea americana",-82.40693,29.6121,2005,12,5,"US","Persea americana"
2270827268,"Persea americana",-82,28,2001,1,22,"US","Persea americana"
2270828002,"Persea americana",-82,28,2001,3,16,"US","Persea americana"
2270827971,"Persea americana",-82,28,2001,4,4,"US","Persea americana"
1304395505,"Persea americana",-117.975,33.833333,2000,NA,NA,"US","Persea americana"
