"gbifID","species","longitude","latitude","year","month","day","countryCode","basisOfRecord","accepted_name"
4400189410,"Persea americana",-73.977787,41.93747,2023,8,17,"US","HUMAN_OBSERVATION","Persea americana"
1928737573,"Persea americana",-73.931789,40.850648,2007,1,19,"US","PRESERVED_SPECIMEN","Persea americana"
3391328552,"Persea americana",-74.473162,40.756103,2021,9,29,"US","HUMAN_OBSERVATION","Persea americana"
4029537469,"Persea americana",-73.959722,40.790278,2012,10,11,"US","PRESERVED_SPECIMEN","Persea americana"
3468969568,"Persea americana",-74.0442,40.722386,2021,9,29,"US","HUMAN_OBSERVATION","Persea americana"
3998245275,"Persea americana",-73.709144,40.738479,2022,8,28,"US","HUMAN_OBSERVATION","Persea americana"
3949106994,"Persea americana",-73.680464,40.586402,2019,10,28,"US","HUMAN_OBSERVATION","Persea americana"
3952030780,"Persea americana",-74.305661,40.568202,2021,9,29,"US","HUMAN_OBSERVATION","Persea americana"
3331197700,"Persea americana",-76.354262,40.009942,2019,8,10,"US","PRESERVED_SPECIMEN","Persea americana"
3331181767,"Persea americana",-76.349396,39.999134,2014,7,16,"US","PRESERVED_SPECIMEN","Persea americana"
2422881821,"Persea americana",-122.126462,37.440623,2019,8,24,"US","HUMAN_OBSERVATION","Persea americana"
3384609625,"Persea americana",-122.005661,37.388388,2021,4,2,"US","HUMAN_OBSERVATION","Persea americana"
3017976541,"Persea americana",-121.947878,37.345551,2020,10,13,"US","HUMAN_OBSERVATION","Persea americana"
3902195595,"Persea americana",-121.889267,37.345622,2022,3,19,"US","HUMAN_OBSERVATION","Persea americana"
4405158664,"Persea americana",-121.80733,37.334679,2023,8,26,"US","HUMAN_OBSERVATION","Persea americana"
3384377327,"Persea americana",-121.968317,37.313757,2018,8,1,"US","HUMAN_OBSERVATION","Persea americana"
3383944434,"Persea americana",-121.79792,37.31557,2020,4,27,"US","HUMAN_OBSERVATION","Persea americana"
2626361626,"Persea americana",-119.870203,34.417991,2019,12,14,"US","HUMAN_OBSERVATION","Persea americana"
2619979169,"Persea americana",-119.821206,34.438705,2020,5,3,"US","HUMAN_OBSERVATION","Persea americana"
3398710145,"Persea americana",-119.081093,34.4397,2021,10,16,"US","HUMAN_OBSERVATION","Persea americana"
2626155406,"Persea americana",-119.843871,34.413027,2019,4,6,"US","HUMAN_OBSERVATION","Persea americana"
4154098307,"Persea americana",-119.2899,34.3423,2023,5,18,"US","PRESERVED_SPECIMEN","Persea americana"
2626406641,"Persea americana",-118.671896,34.240955,2020,5,6,"US","HUMAN_OBSERVATION","Persea americana"
4127077055,"Persea americana",-117.116774,34.071846,2023,3,11,"US","HUMAN_OBSERVATION","Persea americana"
4076255891,"Persea americana",-117.598244,33.835053,2023,3,15,"US","HUMAN_OBSERVATION","Persea americana"
1304395505,"Persea americana",-117.975,33.833333,2000,NA,NA,"US","OCCURRENCE","Persea americana"
4067239098,"Persea americana",-117.598064,33.831769,2023,3,15,"US","HUMAN_OBSERVATION","Persea americana"
3125190263,"Persea americana",-116.93613,33.21824,2008,5,1,"US","PRESERVED_SPECIMEN","Persea americana"
2421705079,"Persea americana",-116.92956,32.76457,2008,10,1,"US","PRESERVED_SPECIMEN","Persea americana"
3998639471,"Persea americana",-115.431269,32.614877,2021,3,3,"MX","HUMAN_OBSERVATION","Persea americana"
3954936764,"Persea americana",-117.090202,32.51869,2021,11,16,"MX","HUMAN_OBSERVATION","Persea americana"
3951739970,"Persea americana",-117.043753,32.539635,2021,8,26,"MX","HUMAN_OBSERVATION","Persea americana"
3892298410,"Persea americana",-117.0254,32.500379,2022,5,24,"MX","HUMAN_OBSERVATION","Persea americana"
3953610719,"Persea americana",-116.864822,32.515014,2021,9,19,"MX","HUMAN_OBSERVATION","Persea americana"
3956648975,"Persea americana",-106.515657,31.756595,2019,9,28,"MX","HUMAN_OBSERVATION","Persea americana"
2429481717,"Persea americana",-106.458001,31.768257,2016,10,24,"US","HUMAN_OBSERVATION","Persea americana"
3952615401,"Persea americana",-116.550971,31.719029,2020,6,23,"MX","HUMAN_OBSERVATION","Persea americana"
3952243944,"Persea americana",-106.440515,31.747223,2021,11,11,"MX","HUMAN_OBSERVATION","Persea americana"
2898485555,"Persea americana",-110.922427,31.26118,2020,10,6,"MX","HUMAN_OBSERVATION","Persea americana"
3915491857,"Persea americana",-88.170988,30.690425,2022,9,12,"US","HUMAN_OBSERVATION","Persea americana"
3951512537,"Persea americana",-110.955671,30.628109,2021,7,19,"MX","HUMAN_OBSERVATION","Persea americana"
3391377470,"Persea americana",-97.64581,30.457898,2021,7,27,"US","HUMAN_OBSERVATION","Persea americana"
3952302208,"Persea americana",-87.191933,30.444078,2022,7,27,"US","HUMAN_OBSERVATION","Persea americana"
1932898576,"Persea americana",-81.438167,30.4405,2005,6,30,"US","PRESERVED_SPECIMEN","Persea americana"
2626156751,"Persea americana",-94.291595,30.344462,2020,3,27,"US","HUMAN_OBSERVATION","Persea americana"
3383879425,"Persea americana",-97.697044,30.314615,2020,3,29,"US","HUMAN_OBSERVATION","Persea americana"
3951497751,"Persea americana",-81.664005,30.144249,2018,4,17,"US","HUMAN_OBSERVATION","Persea americana"
3957128081,"Persea americana",-81.60376,30.00116,2019,8,7,"US","HUMAN_OBSERVATION","Persea americana"
3998573003,"Persea americana",-82.103933,29.97869,2022,9,1,"US","HUMAN_OBSERVATION","Persea americana"
3999118869,"Persea americana",-82.606178,29.679287,2022,8,18,"US","HUMAN_OBSERVATION","Persea americana"
3090816823,"Persea americana",-82.392515,29.705029,2020,9,4,"US","HUMAN_OBSERVATION","Persea americana"
3953860649,"Persea americana",-82.469206,29.664098,2021,11,14,"US","HUMAN_OBSERVATION","Persea americana"
4120918780,"Persea americana",-82.358993,29.626079,2023,5,15,"US","HUMAN_OBSERVATION","Persea americana"
1457745313,"Persea americana",-82.40697,29.61191,2007,2,28,"US","PRESERVED_SPECIMEN","Persea americana"
4137978970,"Persea americana",-98.709766,29.557294,2023,6,5,"US","HUMAN_OBSERVATION","Persea americana"
3957446288,"Persea americana",-81.20731,29.577096,2020,4,7,"US","HUMAN_OBSERVATION","Persea americana"
3956528598,"Persea americana",-81.129181,29.275989,2020,4,16,"US","HUMAN_OBSERVATION","Persea americana"
3958188743,"Persea americana",-82.10619,29.21429,2021,9,12,"US","HUMAN_OBSERVATION","Persea americana"
4400432671,"Persea americana",-81.869362,29.200333,2023,7,13,"US","HUMAN_OBSERVATION","Persea americana"
3953798071,"Persea americana",-110.929029,29.10322,2020,7,10,"MX","HUMAN_OBSERVATION","Persea americana"
3953538576,"Persea americana",-80.970576,29.048268,2020,6,7,"US","HUMAN_OBSERVATION","Persea americana"
3998620005,"Persea americana",-81.294517,29.033914,2022,10,30,"US","HUMAN_OBSERVATION","Persea americana"
3998546734,"Persea americana",-82.494522,28.920532,2022,10,22,"US","HUMAN_OBSERVATION","Persea americana"
3958862839,"Persea americana",-81.793381,28.949149,2021,11,8,"US","HUMAN_OBSERVATION","Persea americana"
3953018342,"Persea americana",-81.263812,28.94021,2021,5,2,"US","HUMAN_OBSERVATION","Persea americana"
3958683274,"Persea americana",-81.101497,28.948144,2021,10,23,"US","HUMAN_OBSERVATION","Persea americana"
3956070629,"Persea americana",-82.5846,28.857948,2020,4,10,"US","HUMAN_OBSERVATION","Persea americana"
3061821607,"Persea americana",-81.382133,28.767495,2021,3,16,"US","HUMAN_OBSERVATION","Persea americana"
3953923810,"Persea americana",-80.862485,28.769321,2021,7,4,"US","HUMAN_OBSERVATION","Persea americana"
3955529374,"Persea americana",-81.465575,28.686072,2022,3,6,"US","HUMAN_OBSERVATION","Persea americana"
3959698149,"Persea americana",-81.442376,28.696116,2022,1,12,"US","HUMAN_OBSERVATION","Persea americana"
3959033125,"Persea americana",-106.06737,28.625971,2020,8,3,"MX","HUMAN_OBSERVATION","Persea americana"
3951607621,"Persea americana",-81.398883,28.65507,2022,6,14,"US","HUMAN_OBSERVATION","Persea americana"
3384670666,"Persea americana",-81.342566,28.640173,2021,5,11,"US","HUMAN_OBSERVATION","Persea americana"
3958744429,"Persea americana",-81.801107,28.60218,2021,9,14,"US","HUMAN_OBSERVATION","Persea americana"
3902272544,"Persea americana",-81.356976,28.609929,2022,7,12,"US","HUMAN_OBSERVATION","Persea americana"
3391507446,"Persea americana",-81.27755,28.592095,2021,6,10,"US","HUMAN_OBSERVATION","Persea americana"
1503277995,"Persea americana",-82.3879,28.5553,2015,5,1,"US","PRESERVED_SPECIMEN","Persea americana"
3958601184,"Persea americana",-81.35851,28.546391,2021,9,4,"US","HUMAN_OBSERVATION","Persea americana"
2649451537,"Persea americana",-81.30654,28.552465,2019,10,17,"US","HUMAN_OBSERVATION","Persea americana"
3956378811,"Persea americana",-81.255963,28.564001,2021,6,21,"US","HUMAN_OBSERVATION","Persea americana"
3959341336,"Persea americana",-80.809446,28.565891,2021,3,11,"US","HUMAN_OBSERVATION","Persea americana"
3902638074,"Persea americana",-81.497472,28.531271,2022,5,2,"US","HUMAN_OBSERVATION","Persea americana"
4080963202,"Persea americana",-81.395348,28.536057,2023,4,8,"US","HUMAN_OBSERVATION","Persea americana"
3773065738,"Persea americana",-81.36258,28.511206,2022,4,29,"US","HUMAN_OBSERVATION","Persea americana"
3954006755,"Persea americana",-81.316962,28.509232,2021,1,9,"US","HUMAN_OBSERVATION","Persea americana"
3959026931,"Persea americana",-81.144791,28.513035,2021,5,23,"US","HUMAN_OBSERVATION","Persea americana"
3955173283,"Persea americana",-81.063729,28.502692,2022,4,18,"US","HUMAN_OBSERVATION","Persea americana"
4126945335,"Persea americana",-81.592645,28.493688,2022,11,26,"US","HUMAN_OBSERVATION","Persea americana"
3997888926,"Persea americana",-81.507549,28.417734,2022,3,31,"US","HUMAN_OBSERVATION","Persea americana"
4400176732,"Persea americana",-81.262413,28.425003,2023,7,31,"US","HUMAN_OBSERVATION","Persea americana"
3955769500,"Persea americana",-82.237684,28.41009,2017,11,20,"US","HUMAN_OBSERVATION","Persea americana"
3953673079,"Persea americana",-82.195663,28.396458,2020,11,23,"US","HUMAN_OBSERVATION","Persea americana"
3952351382,"Persea americana",-80.694995,28.379113,2020,7,7,"US","HUMAN_OBSERVATION","Persea americana"
3398865186,"Persea americana",-82.708427,28.344881,2021,10,25,"US","HUMAN_OBSERVATION","Persea americana"
891092858,"Persea americana",-82.195918,28.364725,2012,5,21,"US","HUMAN_OBSERVATION","Persea americana"
2580245643,"Persea americana",-81.342651,28.335007,2020,3,15,"US","HUMAN_OBSERVATION","Persea americana"
3949327540,"Persea americana",-82.596451,28.301084,2021,9,10,"US","HUMAN_OBSERVATION","Persea americana"
3958902473,"Persea americana",-82.70432,28.245115,2021,7,25,"US","HUMAN_OBSERVATION","Persea americana"
3953003662,"Persea americana",-81.294141,28.240935,2021,4,18,"US","HUMAN_OBSERVATION","Persea americana"
3061619400,"Persea americana",-80.689807,28.246196,2020,6,10,"US","HUMAN_OBSERVATION","Persea americana"
3954977175,"Persea americana",-82.767137,28.174398,2021,8,26,"US","HUMAN_OBSERVATION","Persea americana"
3998113385,"Persea americana",-82.737425,28.171872,2022,8,24,"US","HUMAN_OBSERVATION","Persea americana"
3953181293,"Persea americana",-82.409489,28.176144,2020,6,11,"US","HUMAN_OBSERVATION","Persea americana"
3952056500,"Persea americana",-81.979386,28.168136,2019,11,10,"US","HUMAN_OBSERVATION","Persea americana"
3949375697,"Persea americana",-82.386306,28.12778,2022,3,20,"US","HUMAN_OBSERVATION","Persea americana"
3952875833,"Persea americana",-81.930507,28.146593,2017,9,16,"US","HUMAN_OBSERVATION","Persea americana"
3959389739,"Persea americana",-81.498327,28.159636,2021,10,4,"US","HUMAN_OBSERVATION","Persea americana"
3952979434,"Persea americana",-81.45604,28.151155,2017,9,3,"US","HUMAN_OBSERVATION","Persea americana"
3954725131,"Persea americana",-82.590988,28.122792,2022,7,17,"US","HUMAN_OBSERVATION","Persea americana"
3017997252,"Persea americana",-82.44009,28.106513,2021,1,7,"US","HUMAN_OBSERVATION","Persea americana"
3949040230,"Persea americana",-81.472171,28.10463,2020,11,1,"US","HUMAN_OBSERVATION","Persea americana"
3958977066,"Persea americana",-82.778031,28.054751,2021,2,26,"US","HUMAN_OBSERVATION","Persea americana"
3952957636,"Persea americana",-82.507553,28.016216,2021,4,13,"US","HUMAN_OBSERVATION","Persea americana"
3958993449,"Persea americana",-82.270907,28.013457,2022,1,6,"US","HUMAN_OBSERVATION","Persea americana"
3951936331,"Persea americana",-82.705147,27.963698,2020,4,20,"US","HUMAN_OBSERVATION","Persea americana"
3953150885,"Persea americana",-82.44034,27.977339,2020,9,20,"US","HUMAN_OBSERVATION","Persea americana"
2270827268,"Persea americana",-82,28,2001,1,22,"US","PRESERVED_SPECIMEN","Persea americana"
3955227527,"Persea americana",-82.308502,27.919646,2021,12,10,"US","HUMAN_OBSERVATION","Persea americana"
2643601390,"Persea americana",-82.265147,27.9336,2019,5,26,"US","HUMAN_OBSERVATION","Persea americana"
3902120077,"Persea americana",-82.246262,27.957422,2022,4,17,"US","HUMAN_OBSERVATION","Persea americana"
3090610818,"Persea americana",-82.482636,27.889276,2020,8,5,"US","HUMAN_OBSERVATION","Persea americana"
4126716909,"Persea americana",-101.115463,27.858173,2023,3,13,"MX","HUMAN_OBSERVATION","Persea americana"
3955247425,"Persea americana",-82.334057,27.843843,2022,3,17,"US","HUMAN_OBSERVATION","Persea americana"
3383840843,"Persea americana",-82.287376,27.84668,2021,7,18,"US","HUMAN_OBSERVATION","Persea americana"
3952668523,"Persea americana",-82.649543,27.814482,2021,12,2,"US","HUMAN_OBSERVATION","Persea americana"
3999147678,"Persea americana",-82.328619,27.797612,2022,9,25,"US","HUMAN_OBSERVATION","Persea americana"
3998387553,"Persea americana",-82.681619,27.775023,2022,9,18,"US","HUMAN_OBSERVATION","Persea americana"
3998501048,"Persea americana",-82.644269,27.778169,2022,4,10,"US","HUMAN_OBSERVATION","Persea americana"
3952434108,"Persea americana",-82.30646,27.790597,2021,3,5,"US","HUMAN_OBSERVATION","Persea americana"
3999091604,"Persea americana",-82.645661,27.718964,2022,10,6,"US","HUMAN_OBSERVATION","Persea americana"
3957209369,"Persea americana",-80.604263,27.738777,2020,4,30,"US","HUMAN_OBSERVATION","Persea americana"
4126697984,"Persea americana",-80.4003,27.567278,2023,1,23,"US","HUMAN_OBSERVATION","Persea americana"
3957758663,"Persea americana",-109.946676,27.517837,2021,5,4,"MX","HUMAN_OBSERVATION","Persea americana"
3044576825,"Persea americana",-82.62712,27.531368,2021,1,25,"US","HUMAN_OBSERVATION","Persea americana"
3955123242,"Persea americana",-82.588701,27.533084,2021,9,17,"US","HUMAN_OBSERVATION","Persea americana"
3997888302,"Persea americana",-82.653917,27.461063,2016,6,26,"US","HUMAN_OBSERVATION","Persea americana"
3959219385,"Persea americana",-81.44483,27.467774,2021,3,21,"US","HUMAN_OBSERVATION","Persea americana"
3953904148,"Persea americana",-110.248879,27.420116,2022,2,18,"MX","HUMAN_OBSERVATION","Persea americana"
3959019955,"Persea americana",-82.562704,27.387528,2021,3,7,"US","HUMAN_OBSERVATION","Persea americana"
4127173160,"Persea americana",-82.468884,27.29299,2023,3,6,"US","HUMAN_OBSERVATION","Persea americana"
3957923396,"Persea americana",-80.346667,27.293889,2020,1,4,"US","HUMAN_OBSERVATION","Persea americana"
3955277828,"Persea americana",-82.512773,27.26323,2022,1,10,"US","HUMAN_OBSERVATION","Persea americana"
2977684108,"Persea americana",-81.339716,27.25689,2020,5,6,"US","HUMAN_OBSERVATION","Persea americana"
3952402196,"Persea americana",-80.362796,27.268305,2020,8,19,"US","HUMAN_OBSERVATION","Persea americana"
3955735682,"Persea americana",-80.262333,27.271867,2020,10,5,"US","HUMAN_OBSERVATION","Persea americana"
2644052350,"Persea americana",-80.380772,27.212775,2018,7,24,"US","HUMAN_OBSERVATION","Persea americana"
3997978655,"Persea americana",-82.463375,27.165534,2022,5,17,"US","HUMAN_OBSERVATION","Persea americana"
3306063379,"Persea americana",-107.619444,27.116944,2000,2,13,"MX","PRESERVED_SPECIMEN","Persea americana"
3960016730,"Persea americana",-82.397343,27.101239,2022,6,15,"US","HUMAN_OBSERVATION","Persea americana"
3958283744,"Persea americana",-108.928665,27.022354,2021,9,11,"MX","HUMAN_OBSERVATION","Persea americana"
3954764419,"Persea americana",-82.41182,27.032638,2021,5,29,"US","HUMAN_OBSERVATION","Persea americana"
3957276493,"Persea americana",-82.308806,26.939123,2022,7,15,"US","HUMAN_OBSERVATION","Persea americana"
3951777728,"Persea americana",-80.227472,26.904883,2020,1,17,"US","HUMAN_OBSERVATION","Persea americana"
4129918777,"Persea americana",-80.093322,26.824109,2023,6,1,"US","HUMAN_OBSERVATION","Persea americana"
3959592823,"Persea americana",-80.087928,26.752382,2022,7,15,"US","HUMAN_OBSERVATION","Persea americana"
3951798546,"Persea americana",-81.963732,26.679188,2021,11,6,"US","HUMAN_OBSERVATION","Persea americana"
4126726046,"Persea americana",-81.807663,26.6805,2023,1,24,"US","HUMAN_OBSERVATION","Persea americana"
3952240092,"Persea americana",-80.178774,26.678672,2021,8,7,"US","HUMAN_OBSERVATION","Persea americana"
4127195123,"Persea americana",-80.140219,26.67063,2023,4,29,"US","HUMAN_OBSERVATION","Persea americana"
3384286546,"Persea americana",-81.844796,26.661738,2020,9,4,"US","HUMAN_OBSERVATION","Persea americana"
4405202557,"Persea americana",-80.265579,26.657921,2023,8,24,"US","HUMAN_OBSERVATION","Persea americana"
2648505473,"Persea americana",-81.634594,26.603946,2019,5,18,"US","HUMAN_OBSERVATION","Persea americana"
2645689437,"Persea americana",-81.61526,26.612494,2019,6,15,"US","HUMAN_OBSERVATION","Persea americana"
3954473115,"Persea americana",-81.967896,26.57305,2021,5,3,"US","HUMAN_OBSERVATION","Persea americana"
3383909522,"Persea americana",-81.950793,26.555763,2020,8,23,"US","HUMAN_OBSERVATION","Persea americana"
3902494116,"Persea americana",-81.842888,26.563879,2022,8,21,"US","HUMAN_OBSERVATION","Persea americana"
4075654833,"Persea americana",-80.053275,26.518592,2022,11,30,"US","HUMAN_OBSERVATION","Persea americana"
1993716802,"Persea americana",-82.099717,26.43456,2019,1,26,"US","HUMAN_OBSERVATION","Persea americana"
3090707834,"Persea americana",-81.839447,26.329611,2020,9,30,"US","HUMAN_OBSERVATION","Persea americana"
4138174395,"Persea americana",-81.816375,26.307627,2023,6,13,"US","HUMAN_OBSERVATION","Persea americana"
3954296753,"Persea americana",-81.783893,26.258347,2022,1,7,"US","HUMAN_OBSERVATION","Persea americana"
3997793392,"Persea americana",-80.216927,26.237293,2022,9,9,"US","HUMAN_OBSERVATION","Persea americana"
3383945666,"Persea americana",-97.569707,26.202229,2021,4,30,"US","HUMAN_OBSERVATION","Persea americana"
3384988908,"Persea americana",-81.712453,26.17851,2021,10,1,"US","HUMAN_OBSERVATION","Persea americana"
4162151075,"Persea americana",-81.69191,26.18777,2023,7,12,"US","HUMAN_OBSERVATION","Persea americana"
3958930168,"Persea americana",-80.136191,26.201039,2022,3,22,"US","HUMAN_OBSERVATION","Persea americana"
4399915447,"Persea americana",-97.956987,26.125561,2023,3,23,"US","HUMAN_OBSERVATION","Persea americana"
3383892545,"Persea americana",-97.638401,26.132021,2020,9,25,"US","HUMAN_OBSERVATION","Persea americana"
2238785911,"Persea americana",-81.747654,26.136202,2019,3,30,"US","HUMAN_OBSERVATION","Persea americana"
1503264106,"Persea americana",-80.2331,26.1276,2008,12,5,"US","PRESERVED_SPECIMEN","Persea americana"
2239013498,"Persea americana",-97.957834,26.124331,2019,4,26,"US","HUMAN_OBSERVATION","Persea americana"
3999196321,"Persea americana",-81.720098,26.110093,2022,11,4,"US","HUMAN_OBSERVATION","Persea americana"
3952608661,"Persea americana",-80.358772,26.106095,2020,4,24,"US","HUMAN_OBSERVATION","Persea americana"
2646615355,"Persea americana",-80.26535,26.09714,2019,9,14,"US","HUMAN_OBSERVATION","Persea americana"
3959732217,"Persea americana",-98.282737,26.052318,2022,2,12,"MX","HUMAN_OBSERVATION","Persea americana"
3067851137,"Persea americana",-97.771659,26.076003,2020,10,6,"US","HUMAN_OBSERVATION","Persea americana"
3998620843,"Persea americana",-80.36288,25.992845,2022,4,16,"US","HUMAN_OBSERVATION","Persea americana"
3949860725,"Persea americana",-80.24475,25.99009,2022,5,29,"US","HUMAN_OBSERVATION","Persea americana"
4126817280,"Persea americana",-100.36743,25.941905,2023,5,1,"MX","HUMAN_OBSERVATION","Persea americana"
2626146361,"Persea americana",-97.505517,25.922402,2018,4,29,"US","HUMAN_OBSERVATION","Persea americana"
3957549783,"Persea americana",-80.341353,25.934,2021,12,4,"US","HUMAN_OBSERVATION","Persea americana"
3959341569,"Persea americana",-80.174754,25.861395,2021,3,13,"US","HUMAN_OBSERVATION","Persea americana"
3952890180,"Persea americana",-100.22268,25.775141,2020,5,2,"MX","HUMAN_OBSERVATION","Persea americana"
3956972419,"Persea americana",-80.347795,25.748032,2019,6,13,"US","HUMAN_OBSERVATION","Persea americana"
4400295413,"Persea americana",-100.32077,25.703725,2023,5,1,"MX","HUMAN_OBSERVATION","Persea americana"
2012988151,"Persea americana",-100.24638,25.671161,2019,3,2,"MX","HUMAN_OBSERVATION","Persea americana"
2898305441,"Persea americana",-100.214058,25.626213,2020,8,4,"MX","HUMAN_OBSERVATION","Persea americana"
2429688803,"Persea americana",-100.206648,25.632824,2013,12,1,"MX","HUMAN_OBSERVATION","Persea americana"
3957702897,"Persea americana",-103.514571,25.586208,2020,5,5,"MX","HUMAN_OBSERVATION","Persea americana"
3902925408,"Persea americana",-100.349586,25.601726,2022,8,29,"MX","HUMAN_OBSERVATION","Persea americana"
4054985803,"Persea americana",-100.270408,25.547658,2023,3,2,"MX","HUMAN_OBSERVATION","Persea americana"
3957048172,"Persea americana",-80.482645,25.564519,2021,7,16,"US","HUMAN_OBSERVATION","Persea americana"
2862511357,"Persea americana",-80.447494,25.556653,2020,9,9,"US","HUMAN_OBSERVATION","Persea americana"
3958665482,"Persea americana",-80.372606,25.55922,2021,2,25,"US","HUMAN_OBSERVATION","Persea americana"
3355538720,"Persea americana",-100.271959,25.540985,2021,8,8,"MX","HUMAN_OBSERVATION","Persea americana"
4400071552,"Persea americana",-100.016726,25.516158,2023,5,27,"MX","HUMAN_OBSERVATION","Persea americana"
3951381677,"Persea americana",-80.511205,25.486575,2021,7,7,"US","HUMAN_OBSERVATION","Persea americana"
3958950434,"Persea americana",-108.427373,25.43216,2020,8,23,"MX","HUMAN_OBSERVATION","Persea americana"
3957644779,"Persea americana",-102.19874,25.449139,2020,6,7,"MX","HUMAN_OBSERVATION","Persea americana"
3949373082,"Persea americana",-100.15972,25.422202,2022,2,1,"MX","HUMAN_OBSERVATION","Persea americana"
2238786074,"Persea americana",-100.159408,25.326047,2019,3,9,"MX","HUMAN_OBSERVATION","Persea americana"
3957893409,"Persea americana",-106.782845,25.205011,2021,8,22,"MX","HUMAN_OBSERVATION","Persea americana"
2974272066,"Persea americana",-101.03714,25.185968,2020,3,22,"MX","HUMAN_OBSERVATION","Persea americana"
3951907877,"Persea americana",-80.408121,25.128181,2020,2,9,"US","HUMAN_OBSERVATION","Persea americana"
1807320959,"Persea americana",-99.95306,25.115778,2018,1,20,"MX","HUMAN_OBSERVATION","Persea americana"
2823293917,"Persea americana",-99.828398,25.025987,2020,7,18,"MX","HUMAN_OBSERVATION","Persea americana"
4407193348,"Persea americana",-80.56558,24.962988,2022,3,10,"US","HUMAN_OBSERVATION","Persea americana"
4127267336,"Persea americana",-107.364905,24.776971,2023,5,1,"MX","HUMAN_OBSERVATION","Persea americana"
3952057934,"Persea americana",-107.385502,24.73721,2022,2,20,"MX","HUMAN_OBSERVATION","Persea americana"
4137653542,"Persea americana",-106.698578,24.446895,2023,5,1,"MX","HUMAN_OBSERVATION","Persea americana"
4127074055,"Persea americana",-106.714875,24.407475,2023,5,4,"MX","HUMAN_OBSERVATION","Persea americana"
4126780833,"Persea americana",-106.697953,24.375897,2023,4,30,"MX","HUMAN_OBSERVATION","Persea americana"
4127228256,"Persea americana",-106.694038,24.373958,2023,5,1,"MX","HUMAN_OBSERVATION","Persea americana"
4103103241,"Persea americana",-107.017975,24.064863,2023,4,28,"MX","HUMAN_OBSERVATION","Persea americana"
2429478514,"Persea americana",-99.7647,23.945704,2016,10,29,"MX","HUMAN_OBSERVATION","Persea americana"
4103357918,"Persea americana",-106.899228,23.916552,2023,4,30,"MX","HUMAN_OBSERVATION","Persea americana"
3902362960,"Persea americana",-106.880156,23.81957,2022,7,30,"MX","HUMAN_OBSERVATION","Persea americana"
3953790997,"Persea americana",-99.099167,23.773611,2021,11,21,"MX","HUMAN_OBSERVATION","Persea americana"
3067598397,"Persea americana",-100.913808,23.68948,2016,11,13,"MX","HUMAN_OBSERVATION","Persea americana"
2634224396,"Persea americana",-105.788368,23.663601,2019,4,24,"MX","HUMAN_OBSERVATION","Persea americana"
2238894752,"Persea americana",-106.316934,23.505495,2015,1,27,"MX","HUMAN_OBSERVATION","Persea americana"
3902041577,"Persea americana",-105.775727,23.497585,2022,2,20,"MX","HUMAN_OBSERVATION","Persea americana"
2238987602,"Persea americana",-106.373188,23.257848,2019,4,29,"MX","HUMAN_OBSERVATION","Persea americana"
2579265790,"Persea americana",-106.22338,23.188937,2020,2,19,"MX","HUMAN_OBSERVATION","Persea americana"
3951454907,"Persea americana",-102.867966,23.168948,2018,4,14,"MX","HUMAN_OBSERVATION","Persea americana"
2634065657,"Persea americana",-104.763991,23.078197,2020,5,19,"MX","HUMAN_OBSERVATION","Persea americana"
3998388184,"Persea americana",-102.369119,22.743984,2022,9,22,"MX","HUMAN_OBSERVATION","Persea americana"
2643827338,"Persea americana",-102.984185,22.646271,2019,7,14,"MX","HUMAN_OBSERVATION","Persea americana"
2422961783,"Persea americana",-101.207154,22.324279,2019,9,7,"MX","HUMAN_OBSERVATION","Persea americana"
3998412702,"Persea americana",-97.882525,22.325993,2022,8,9,"MX","HUMAN_OBSERVATION","Persea americana"
3957907999,"Persea americana",-101.974167,22.268333,2020,9,16,"MX","HUMAN_OBSERVATION","Persea americana"
3383898716,"Persea americana",-101.086059,22.270815,2021,5,7,"MX","HUMAN_OBSERVATION","Persea americana"
4400462500,"Persea americana",-159.593078,22.212069,2023,2,20,"US","HUMAN_OBSERVATION","Persea americana"
1257565022,"Persea americana",-159.581639,22.220583,2008,5,14,"US","PRESERVED_SPECIMEN","Persea americana"
4120891540,"Persea americana",-159.511266,22.217769,2023,2,20,"US","HUMAN_OBSERVATION","Persea americana"
4091850636,"Persea americana",-159.483413,22.223603,2023,4,11,"US","HUMAN_OBSERVATION","Persea americana"
3415431367,"Persea americana",-159.422021,22.21487,2019,8,3,"US","HUMAN_OBSERVATION","Persea americana"
2988512970,"Persea americana",-159.415622,22.211349,2020,11,14,"US","HUMAN_OBSERVATION","Persea americana"
3747011796,"Persea americana",-159.326218,22.18622,2022,3,19,"US","HUMAN_OBSERVATION","Persea americana"
4054944300,"Persea americana",-159.656022,22.130981,2023,3,6,"US","HUMAN_OBSERVATION","Persea americana"
3858880195,"Persea americana",-101.004669,22.149427,2022,6,8,"MX","HUMAN_OBSERVATION","Persea americana"
4102788101,"Persea americana",-100.865356,22.163681,2023,4,30,"MX","HUMAN_OBSERVATION","Persea americana"
3902598453,"Persea americana",-159.675332,22.10341,2022,1,25,"US","HUMAN_OBSERVATION","Persea americana"
3070765388,"Persea americana",-159.41325,22.085864,2020,12,30,"US","HUMAN_OBSERVATION","Persea americana"
3859434762,"Persea americana",-159.354941,22.102222,2022,5,29,"US","HUMAN_OBSERVATION","Persea americana"
4416679190,"Persea americana",-159.325637,22.091887,2023,9,22,"US","HUMAN_OBSERVATION","Persea americana"
3391664341,"Persea americana",-159.677009,22.076652,2014,5,3,"US","HUMAN_OBSERVATION","Persea americana"
3456122396,"Persea americana",-159.420442,22.073928,2018,7,2,"US","HUMAN_OBSERVATION","Persea americana"
3333358470,"Persea americana",-159.33452,22.05245,2021,7,26,"US","HUMAN_OBSERVATION","Persea americana"
2270509559,"Persea americana",-100.616667,22.066667,2003,3,7,"MX","PRESERVED_SPECIMEN","Persea americana"
3747088257,"Persea americana",-159.719876,22.036853,2022,3,23,"US","HUMAN_OBSERVATION","Persea americana"
3465923199,"Persea americana",-159.366652,21.990697,2022,1,30,"US","HUMAN_OBSERVATION","Persea americana"
3416045626,"Persea americana",-102.354317,21.971672,2021,10,16,"MX","HUMAN_OBSERVATION","Persea americana"
4400004760,"Persea americana",-102.331914,21.987393,2023,7,15,"MX","HUMAN_OBSERVATION","Persea americana"
3955426881,"Persea americana",-100.012935,21.94325,2021,11,23,"MX","HUMAN_OBSERVATION","Persea americana"
1090370708,"Persea americana",-159.522,21.9083,2006,12,28,"US","PRESERVED_SPECIMEN","Persea americana"
4414381155,"Persea americana",-159.449585,21.873307,2023,9,19,"US","HUMAN_OBSERVATION","Persea americana"
2242804057,"Persea americana",-102.649079,21.851563,2019,4,28,"MX","HUMAN_OBSERVATION","Persea americana"
2611097440,"Persea americana",-102.266365,21.861885,2020,4,24,"MX","HUMAN_OBSERVATION","Persea americana"
3957093648,"Persea americana",-101.147096,21.836563,2020,3,8,"MX","HUMAN_OBSERVATION","Persea americana"
1846489429,"Persea americana",-100.992778,21.781389,2003,3,7,"MX","PRESERVED_SPECIMEN","Persea americana"
3090818889,"Persea americana",-100.22068,21.641833,2020,11,15,"MX","HUMAN_OBSERVATION","Persea americana"
3384436679,"Persea americana",-104.875381,21.56385,2021,5,2,"MX","HUMAN_OBSERVATION","Persea americana"
3456003630,"Persea americana",-158.180582,21.532482,2021,12,28,"US","HUMAN_OBSERVATION","Persea americana"
3466009138,"Persea americana",-158.141411,21.506858,2022,1,22,"US","HUMAN_OBSERVATION","Persea americana"
4417132609,"Persea americana",-158.043116,21.538433,2023,7,27,"US","HUMAN_OBSERVATION","Persea americana"
4129766204,"Persea americana",-158.022829,21.502351,2023,5,28,"US","HUMAN_OBSERVATION","Persea americana"
2238981564,"Persea americana",-104.960228,21.51978,2019,4,29,"MX","HUMAN_OBSERVATION","Persea americana"
4018101839,"Persea americana",-104.991944,21.484999,2023,1,10,"MX","HUMAN_OBSERVATION","Persea americana"
3959122309,"Persea americana",-104.900509,21.483288,2022,3,7,"MX","HUMAN_OBSERVATION","Persea americana"
3113567502,"Persea americana",-157.904067,21.444742,2021,4,24,"US","HUMAN_OBSERVATION","Persea americana"
3873063438,"Persea americana",-157.808899,21.44278,2022,7,9,"US","HUMAN_OBSERVATION","Persea americana"
3385032869,"Persea americana",-157.97235,21.403967,2021,9,22,"US","HUMAN_OBSERVATION","Persea americana"
3391494538,"Persea americana",-157.824197,21.395717,2021,8,21,"US","HUMAN_OBSERVATION","Persea americana"
3954551108,"Persea americana",-101.90127,21.385507,2022,1,25,"MX","HUMAN_OBSERVATION","Persea americana"
4162162640,"Persea americana",-98.996392,21.396892,2023,6,17,"MX","HUMAN_OBSERVATION","Persea americana"
4400424040,"Persea americana",-157.818542,21.333992,2023,8,18,"US","HUMAN_OBSERVATION","Persea americana"
3415658040,"Persea americana",-157.772473,21.333663,2021,11,3,"US","HUMAN_OBSERVATION","Persea americana"
3302148162,"Persea americana",-157.740142,21.369045,2018,7,26,"US","HUMAN_OBSERVATION","Persea americana"
3384624652,"Persea americana",-104.979304,21.363315,2021,5,1,"MX","HUMAN_OBSERVATION","Persea americana"
2238971240,"Persea americana",-98.830328,21.333373,2019,4,27,"MX","HUMAN_OBSERVATION","Persea americana"
4153430759,"Persea americana",-158.007781,21.316297,2023,6,29,"US","HUMAN_OBSERVATION","Persea americana"
4018282272,"Persea americana",-157.838104,21.310867,2023,1,15,"US","HUMAN_OBSERVATION","Persea americana"
4028844896,"Persea americana",-157.824551,21.322892,2023,1,22,"US","HUMAN_OBSERVATION","Persea americana"
3333424561,"Persea americana",-157.727703,21.279369,2021,7,11,"US","HUMAN_OBSERVATION","Persea americana"
3949837265,"Persea americana",-101.724564,21.209722,2022,5,2,"MX","HUMAN_OBSERVATION","Persea americana"
3070317013,"Persea americana",-157.246185,21.19055,2020,7,16,"US","HUMAN_OBSERVATION","Persea americana"
3383963444,"Persea americana",-101.721899,21.192941,2020,3,6,"MX","HUMAN_OBSERVATION","Persea americana"
3953694069,"Persea americana",-101.70995,21.127014,2020,6,27,"MX","HUMAN_OBSERVATION","Persea americana"
3090835338,"Persea americana",-99.560238,21.162406,2017,7,1,"MX","HUMAN_OBSERVATION","Persea americana"
3953226259,"Persea americana",-89.099617,21.158369,2018,10,7,"MX","HUMAN_OBSERVATION","Persea americana"
3959059700,"Persea americana",-86.890017,21.138747,2021,8,5,"MX","HUMAN_OBSERVATION","Persea americana"
4137719940,"Persea americana",-86.822933,21.160049,2023,6,4,"MX","HUMAN_OBSERVATION","Persea americana"
3998791905,"Persea americana",-101.708864,21.113238,2022,8,6,"MX","HUMAN_OBSERVATION","Persea americana"
3959792689,"Persea americana",-101.654697,21.088597,2022,7,17,"MX","HUMAN_OBSERVATION","Persea americana"
3070720565,"Persea americana",-101.604475,21.084969,2021,3,22,"MX","HUMAN_OBSERVATION","Persea americana"
1417929885,"Persea americana",-89.602778,21.1,2001,5,15,"MX","PRESERVED_SPECIMEN","Persea americana"
1417930494,"Persea americana",-89.358333,21.108333,2001,5,15,"MX","PRESERVED_SPECIMEN","Persea americana"
3998293088,"Persea americana",-105.267994,21.021377,2022,9,9,"MX","HUMAN_OBSERVATION","Persea americana"
2633996991,"Persea americana",-101.247229,21.018952,2019,4,23,"MX","HUMAN_OBSERVATION","Persea americana"
3383960646,"Persea americana",-104.401248,20.998922,2021,5,3,"MX","HUMAN_OBSERVATION","Persea americana"
3952090078,"Persea americana",-100.399444,20.958889,2020,4,5,"MX","HUMAN_OBSERVATION","Persea americana"
4127103110,"Persea americana",-97.455628,20.959161,2023,3,25,"MX","HUMAN_OBSERVATION","Persea americana"
3951528068,"Persea americana",-102.579147,20.925025,2021,5,30,"MX","HUMAN_OBSERVATION","Persea americana"
3954702912,"Persea americana",-101.427365,20.941085,2021,2,21,"MX","HUMAN_OBSERVATION","Persea americana"
4127166034,"Persea americana",-97.448316,20.953122,2023,5,1,"MX","HUMAN_OBSERVATION","Persea americana"
2898253351,"Persea americana",-97.41257,20.948385,2018,7,13,"MX","HUMAN_OBSERVATION","Persea americana"
4399914889,"Persea americana",-89.30199,20.948842,2023,8,8,"MX","HUMAN_OBSERVATION","Persea americana"
4413543451,"Persea americana",-156.548799,20.879399,2022,1,23,"US","HUMAN_OBSERVATION","Persea americana"
4062944726,"Persea americana",-156.321442,20.910692,2023,3,3,"US","HUMAN_OBSERVATION","Persea americana"
4054801176,"Persea americana",-156.284805,20.891813,2023,3,5,"US","HUMAN_OBSERVATION","Persea americana"
3955875814,"Persea americana",-105.410348,20.898538,2022,5,2,"MX","HUMAN_OBSERVATION","Persea americana"
2974618987,"Persea americana",-100.736563,20.911407,2020,10,1,"MX","HUMAN_OBSERVATION","Persea americana"
3383955440,"Persea americana",-97.321112,20.9119,2018,7,5,"MX","HUMAN_OBSERVATION","Persea americana"
1090284499,"Persea americana",-156.895,20.8434,2008,5,29,"US","PRESERVED_SPECIMEN","Persea americana"
3963559857,"Persea americana",-156.292303,20.841849,2022,10,28,"US","HUMAN_OBSERVATION","Persea americana"
3902321530,"Persea americana",-156.165869,20.860672,2022,1,21,"US","HUMAN_OBSERVATION","Persea americana"
2626372775,"Persea americana",-156.329011,20.766903,2020,4,16,"US","HUMAN_OBSERVATION","Persea americana"
3407986709,"Persea americana",-155.988407,20.757508,2009,12,12,"US","HUMAN_OBSERVATION","Persea americana"
3951793127,"Persea americana",-103.440944,20.787688,2021,8,30,"MX","HUMAN_OBSERVATION","Persea americana"
3802421210,"Persea americana",-156.32257,20.73763,2022,5,19,"US","HUMAN_OBSERVATION","Persea americana"
3951504523,"Persea americana",-103.515785,20.746189,2022,6,7,"MX","HUMAN_OBSERVATION","Persea americana"
3956383190,"Persea americana",-102.703552,20.743868,2021,8,20,"MX","HUMAN_OBSERVATION","Persea americana"
3384218924,"Persea americana",-97.530647,20.723372,2021,7,25,"MX","HUMAN_OBSERVATION","Persea americana"
2350397631,"Persea americana",-87.583889,20.721944,2019,8,11,"MX","HUMAN_OBSERVATION","Persea americana"
3951767522,"Persea americana",-101.390844,20.695399,2018,12,20,"MX","HUMAN_OBSERVATION","Persea americana"
3952578433,"Persea americana",-100.373395,20.666823,2021,8,29,"MX","HUMAN_OBSERVATION","Persea americana"
2238908809,"Persea americana",-99.81836,20.69899,2019,4,27,"MX","HUMAN_OBSERVATION","Persea americana"
1419227052,"Persea americana",-97.531944,20.705,2000,3,24,"MX","PRESERVED_SPECIMEN","Persea americana"
3963448902,"Persea americana",-156.39699,20.645789,2022,10,26,"US","HUMAN_OBSERVATION","Persea americana"
4126764067,"Persea americana",-105.216595,20.662463,2023,3,13,"MX","HUMAN_OBSERVATION","Persea americana"
3902258543,"Persea americana",-103.708145,20.665968,2022,7,25,"MX","HUMAN_OBSERVATION","Persea americana"
1421410561,"Persea americana",-88.938889,20.665278,2006,9,7,"MX","PRESERVED_SPECIMEN","Persea americana"
4137602946,"Persea americana",-103.304139,20.610016,2023,6,3,"MX","HUMAN_OBSERVATION","Persea americana"
3951627298,"Persea americana",-100.34262,20.606902,2021,10,12,"MX","HUMAN_OBSERVATION","Persea americana"
2898386474,"Persea americana",-98.763262,20.595519,2020,2,10,"MX","HUMAN_OBSERVATION","Persea americana"
1421407399,"Persea americana",-89.113333,20.608056,2006,9,13,"MX","PRESERVED_SPECIMEN","Persea americana"
1457745695,"Persea americana",-88.89868,20.5993,2007,7,25,"MX","PRESERVED_SPECIMEN","Persea americana"
3956031235,"Persea americana",-103.439048,20.552986,2019,1,6,"MX","HUMAN_OBSERVATION","Persea americana"
3956063991,"Persea americana",-103.267557,20.551245,2018,7,18,"MX","HUMAN_OBSERVATION","Persea americana"
2579246533,"Persea americana",-101.729713,20.581655,2020,3,11,"MX","HUMAN_OBSERVATION","Persea americana"
3953548356,"Persea americana",-101.52214,20.543377,2021,8,7,"MX","HUMAN_OBSERVATION","Persea americana"
1421372101,"Persea americana",-88.827222,20.547222,2006,10,18,"MX","PRESERVED_SPECIMEN","Persea americana"
2626436654,"Persea americana",-104.779848,20.525316,2020,4,24,"MX","HUMAN_OBSERVATION","Persea americana"
3902189608,"Persea americana",-103.231852,20.522089,2021,12,22,"MX","HUMAN_OBSERVATION","Persea americana"
4162350898,"Persea americana",-101.672325,20.538997,2023,7,15,"MX","HUMAN_OBSERVATION","Persea americana"
2646804361,"Persea americana",-100.928401,20.529388,2019,11,1,"MX","HUMAN_OBSERVATION","Persea americana"
3956794578,"Persea americana",-100.833862,20.541492,2019,11,8,"MX","HUMAN_OBSERVATION","Persea americana"
3061628978,"Persea americana",-99.885264,20.531759,2021,3,13,"MX","HUMAN_OBSERVATION","Persea americana"
2603469241,"Persea americana",-103.805676,20.498494,2020,4,7,"MX","HUMAN_OBSERVATION","Persea americana"
2898319454,"Persea americana",-100.963746,20.4773,2020,8,18,"MX","HUMAN_OBSERVATION","Persea americana"
2629468073,"Persea americana",-98.584444,20.481944,2000,3,12,"MX","PRESERVED_SPECIMEN","Persea americana"
1421418133,"Persea americana",-98.493611,20.479167,2000,3,12,"MX","PRESERVED_SPECIMEN","Persea americana"
3952336043,"Persea americana",-86.971848,20.478651,2020,1,22,"MX","HUMAN_OBSERVATION","Persea americana"
3398723934,"Persea americana",-99.355426,20.426801,2021,10,7,"MX","HUMAN_OBSERVATION","Persea americana"
1893311656,"Persea americana",-98.566667,20.448333,2000,3,12,"MX","PRESERVED_SPECIMEN","Persea americana"
1417913349,"Persea americana",-89.306667,20.399722,2001,5,15,"MX","PRESERVED_SPECIMEN","Persea americana"
3954364579,"Persea americana",-102.029092,20.338366,2021,4,24,"MX","HUMAN_OBSERVATION","Persea americana"
4111701784,"Persea americana",-103.265485,20.299676,2023,5,2,"MX","HUMAN_OBSERVATION","Persea americana"
3955124759,"Persea americana",-100.813485,20.294696,2020,5,30,"MX","HUMAN_OBSERVATION","Persea americana"
2898246376,"Persea americana",-98.550102,20.254143,2020,5,2,"MX","HUMAN_OBSERVATION","Persea americana"
4028832836,"Persea americana",-155.795039,20.231392,2023,1,24,"US","HUMAN_OBSERVATION","Persea americana"
4041114472,"Persea americana",-97.8418,20.2384,2015,6,17,"MX","PRESERVED_SPECIMEN","Persea americana"
3097180502,"Persea americana",-104.029601,20.188076,2020,10,22,"MX","HUMAN_OBSERVATION","Persea americana"
3308719188,"Persea americana",-99.27009,20.20032,2008,7,22,"MX","PRESERVED_SPECIMEN","Persea americana"
3952737116,"Persea americana",-97.972777,20.174071,2020,2,7,"MX","HUMAN_OBSERVATION","Persea americana"
2898427368,"Persea americana",-87.458616,20.154139,2020,5,24,"MX","HUMAN_OBSERVATION","Persea americana"
3344030119,"Persea americana",-155.602219,20.104058,2021,8,17,"US","HUMAN_OBSERVATION","Persea americana"
2974579222,"Persea americana",-98.749219,20.117813,2020,6,20,"MX","HUMAN_OBSERVATION","Persea americana"
3499475212,"Persea americana",-98.414486,20.086269,2022,2,13,"MX","HUMAN_OBSERVATION","Persea americana"
3898367372,"Persea americana",-97.5256,20.0933,2009,5,18,"MX","PRESERVED_SPECIMEN","Persea americana"
2579366628,"Persea americana",-100.692781,20.066122,2020,3,6,"MX","HUMAN_OBSERVATION","Persea americana"
2974265770,"Persea americana",-98.715631,20.066029,2018,7,24,"MX","HUMAN_OBSERVATION","Persea americana"
1257731546,"Persea americana",-97.54,20.049167,2009,5,18,"MX","PRESERVED_SPECIMEN","Persea americana"
3336614406,"Persea americana",-97.42435,20.06685,2016,3,27,"MX","PRESERVED_SPECIMEN","Persea americana"
3743028556,"Persea americana",-97.054668,20.062928,2022,3,5,"MX","HUMAN_OBSERVATION","Persea americana"
4138135422,"Persea americana",-155.692047,20.033114,2023,5,30,"US","HUMAN_OBSERVATION","Persea americana"
4018499358,"Persea americana",-155.439863,20.038797,2023,1,15,"US","HUMAN_OBSERVATION","Persea americana"
3954184895,"Persea americana",-100.717303,20.039438,2021,1,6,"MX","HUMAN_OBSERVATION","Persea americana"
2898469293,"Persea americana",-98.787628,20.018638,2020,10,15,"MX","HUMAN_OBSERVATION","Persea americana"
3058937476,"Persea americana",-155.252717,19.994222,2021,3,1,"US","HUMAN_OBSERVATION","Persea americana"
4405253954,"Persea americana",-155.234772,19.985371,2023,8,24,"US","HUMAN_OBSERVATION","Persea americana"
3860283862,"Persea americana",-100.889288,19.994442,2022,6,10,"MX","HUMAN_OBSERVATION","Persea americana"
2561483706,"Persea americana",-97.72542,19.98383,2017,1,3,"MX","PRESERVED_SPECIMEN","Persea americana"
3949334107,"Persea americana",-100.805637,19.921155,2021,10,14,"MX","HUMAN_OBSERVATION","Persea americana"
1883973984,"Persea americana",-97.933611,19.949167,2017,9,10,"MX","HUMAN_OBSERVATION","Persea americana"
3355535676,"Persea americana",-97.718383,19.923172,2021,7,30,"MX","HUMAN_OBSERVATION","Persea americana"
2268945106,"Persea americana",-97.54803,19.93329,2015,1,30,"MX","PRESERVED_SPECIMEN","Persea americana"
3956785372,"Persea americana",-98.946767,19.893636,2022,5,11,"MX","HUMAN_OBSERVATION","Persea americana"
3306385380,"Persea americana",-97.133889,19.875222,2017,7,1,"MX","HUMAN_OBSERVATION","Persea americana"
4177107059,"Persea americana",-155.152178,19.853977,2023,8,2,"US","HUMAN_OBSERVATION","Persea americana"
3999063548,"Persea americana",-101.768507,19.844067,2022,9,20,"MX","HUMAN_OBSERVATION","Persea americana"
4126805123,"Persea americana",-100.215174,19.847286,2021,10,4,"MX","HUMAN_OBSERVATION","Persea americana"
3308631916,"Persea americana",-97.608,19.84,2005,1,7,"MX","PRESERVED_SPECIMEN","Persea americana"
3308702572,"Persea americana",-97.556,19.847,2005,3,29,"MX","PRESERVED_SPECIMEN","Persea americana"
1893311652,"Persea americana",-90.513056,19.850278,2002,5,11,"MX","PRESERVED_SPECIMEN","Persea americana"
3335101480,"Persea americana",-155.095383,19.824252,2021,6,30,"US","HUMAN_OBSERVATION","Persea americana"
4103455482,"Persea americana",-99.228199,19.793744,2023,5,1,"MX","HUMAN_OBSERVATION","Persea americana"
3336615341,"Persea americana",-97.65412,19.80164,2015,1,28,"MX","PRESERVED_SPECIMEN","Persea americana"
3308058389,"Persea americana",-97.615,19.823,2005,1,13,"MX","PRESERVED_SPECIMEN","Persea americana"
3959895375,"Persea americana",-97.443244,19.832622,2021,5,31,"MX","HUMAN_OBSERVATION","Persea americana"
3306385654,"Persea americana",-97.152444,19.827861,2017,7,1,"MX","HUMAN_OBSERVATION","Persea americana"
2883011055,"Persea americana",-155.176292,19.785679,2020,10,3,"US","HUMAN_OBSERVATION","Persea americana"
4111790727,"Persea americana",-101.204018,19.760521,2023,5,1,"MX","HUMAN_OBSERVATION","Persea americana"
3955430839,"Persea americana",-99.206762,19.766594,2021,6,19,"MX","HUMAN_OBSERVATION","Persea americana"
4137616930,"Persea americana",-155.948564,19.718842,2023,6,8,"US","HUMAN_OBSERVATION","Persea americana"
3384344425,"Persea americana",-102.436279,19.712552,2021,9,26,"MX","HUMAN_OBSERVATION","Persea americana"
3999184667,"Persea americana",-99.173722,19.713251,2022,10,19,"MX","HUMAN_OBSERVATION","Persea americana"
4028633940,"Persea americana",-155.974503,19.702712,2023,1,27,"US","HUMAN_OBSERVATION","Persea americana"
3455555129,"Persea americana",-155.944887,19.703272,2021,12,30,"US","HUMAN_OBSERVATION","Persea americana"
4096772266,"Persea americana",-155.085553,19.701169,2023,4,21,"US","HUMAN_OBSERVATION","Persea americana"
3889055762,"Persea americana",-155.054036,19.677611,2022,8,7,"US","HUMAN_OBSERVATION","Persea americana"
3957148444,"Persea americana",-101.240046,19.697271,2020,5,23,"MX","HUMAN_OBSERVATION","Persea americana"
3355452437,"Persea americana",-101.202782,19.686171,2021,1,2,"MX","HUMAN_OBSERVATION","Persea americana"
3957347819,"Persea americana",-99.242198,19.681705,2022,7,10,"MX","HUMAN_OBSERVATION","Persea americana"
3383912630,"Persea americana",-99.164869,19.672659,2021,5,2,"MX","HUMAN_OBSERVATION","Persea americana"
4096393902,"Persea americana",-155.966353,19.6505,2023,4,17,"US","HUMAN_OBSERVATION","Persea americana"
3759916203,"Persea americana",-155.953323,19.646454,2022,4,16,"US","HUMAN_OBSERVATION","Persea americana"
3949777616,"Persea americana",-101.198067,19.666292,2021,10,4,"MX","HUMAN_OBSERVATION","Persea americana"
2611080425,"Persea americana",-101.156377,19.650095,2020,4,27,"MX","HUMAN_OBSERVATION","Persea americana"
2646702852,"Persea americana",-99.320212,19.635101,2020,1,26,"MX","HUMAN_OBSERVATION","Persea americana"
3956182551,"Persea americana",-99.20645,19.650391,2019,3,4,"MX","HUMAN_OBSERVATION","Persea americana"
3954109283,"Persea americana",-99.104102,19.644097,2022,2,27,"MX","HUMAN_OBSERVATION","Persea americana"
3954017151,"Persea americana",-98.905893,19.665668,2020,10,15,"MX","HUMAN_OBSERVATION","Persea americana"
1893311601,"Persea americana",-90.673611,19.644444,2002,6,22,"MX","PRESERVED_SPECIMEN","Persea americana"
4172027439,"Persea americana",-155.943237,19.616,2023,8,7,"US","HUMAN_OBSERVATION","Persea americana"
3859183083,"Persea americana",-155.552573,19.617231,2022,5,26,"US","HUMAN_OBSERVATION","Persea americana"
3384657349,"Persea americana",-155.071292,19.603735,2019,2,21,"US","HUMAN_OBSERVATION","Persea americana"
3951648479,"Persea americana",-101.674151,19.601587,2017,11,14,"MX","HUMAN_OBSERVATION","Persea americana"
4009931106,"Persea americana",-99.312353,19.62127,2022,12,25,"MX","HUMAN_OBSERVATION","Persea americana"
3952926144,"Persea americana",-99.251023,19.590259,2020,5,16,"MX","HUMAN_OBSERVATION","Persea americana"
3955480373,"Persea americana",-99.180283,19.597652,2022,1,13,"MX","HUMAN_OBSERVATION","Persea americana"
3953489521,"Persea americana",-99.054533,19.606825,2020,6,5,"MX","HUMAN_OBSERVATION","Persea americana"
2649742666,"Persea americana",-96.938706,19.602808,2019,9,2,"MX","HUMAN_OBSERVATION","Persea americana"
4145490769,"Persea americana",-155.943288,19.582035,2023,6,21,"US","HUMAN_OBSERVATION","Persea americana"
4014949706,"Persea americana",-154.908966,19.547836,2022,11,18,"US","HUMAN_OBSERVATION","Persea americana"
2988270063,"Persea americana",-101.651614,19.572824,2020,11,14,"MX","HUMAN_OBSERVATION","Persea americana"
3953990537,"Persea americana",-99.314676,19.570454,2020,9,24,"MX","HUMAN_OBSERVATION","Persea americana"
3955744894,"Persea americana",-99.256587,19.574819,2022,3,17,"MX","HUMAN_OBSERVATION","Persea americana"
2238931630,"Persea americana",-96.936771,19.542268,2019,4,28,"MX","HUMAN_OBSERVATION","Persea americana"
3858681441,"Persea americana",-155.920937,19.511067,2022,6,1,"US","HUMAN_OBSERVATION","Persea americana"
4062565599,"Persea americana",-155.106645,19.504544,2023,3,6,"US","HUMAN_OBSERVATION","Persea americana"
3415402990,"Persea americana",-101.613559,19.518518,2021,10,31,"MX","HUMAN_OBSERVATION","Persea americana"
3954632716,"Persea americana",-99.233364,19.537881,2022,7,21,"MX","HUMAN_OBSERVATION","Persea americana"
3355062698,"Persea americana",-98.88315,19.506038,2021,7,31,"MX","HUMAN_OBSERVATION","Persea americana"
3949639190,"Persea americana",-96.890434,19.531572,2020,12,1,"MX","HUMAN_OBSERVATION","Persea americana"
3958387209,"Persea americana",-96.856786,19.503672,2020,6,14,"MX","HUMAN_OBSERVATION","Persea americana"
4405150353,"Persea americana",-155.920561,19.49075,2020,12,25,"US","HUMAN_OBSERVATION","Persea americana"
4414162800,"Persea americana",-154.923416,19.467599,2023,9,14,"US","HUMAN_OBSERVATION","Persea americana"
3953578658,"Persea americana",-101.270383,19.481974,2020,9,28,"MX","HUMAN_OBSERVATION","Persea americana"
3988597177,"Persea americana",-99.376403,19.490455,2022,12,4,"MX","HUMAN_OBSERVATION","Persea americana"
3391293443,"Persea americana",-99.290863,19.46793,2021,6,28,"MX","HUMAN_OBSERVATION","Persea americana"
3999128772,"Persea americana",-99.209264,19.459001,2022,9,17,"MX","HUMAN_OBSERVATION","Persea americana"
2898298555,"Persea americana",-98.825822,19.476709,2020,10,4,"MX","HUMAN_OBSERVATION","Persea americana"
2629750335,"Persea americana",-97.043611,19.490278,2007,4,25,"MX","PRESERVED_SPECIMEN","Persea americana"
2629583217,"Persea americana",-97.04,19.491667,2007,4,25,"MX","PRESERVED_SPECIMEN","Persea americana"
2629756508,"Persea americana",-96.948333,19.486389,2010,3,30,"MX","PRESERVED_SPECIMEN","Persea americana"
1421385353,"Persea americana",-90.118333,19.484722,2004,2,8,"MX","PRESERVED_SPECIMEN","Persea americana"
4400377862,"Persea americana",-155.879922,19.453649,2023,8,5,"US","HUMAN_OBSERVATION","Persea americana"
3764153222,"Persea americana",-155.257549,19.426545,2022,4,27,"US","HUMAN_OBSERVATION","Persea americana"
3743088653,"Persea americana",-155.249689,19.419048,2022,3,1,"US","HUMAN_OBSERVATION","Persea americana"
1894607359,"Persea americana",-102.093028,19.429306,2004,2,18,"MX","PRESERVED_SPECIMEN","Persea americana"
3952608508,"Persea americana",-102.056816,19.431032,2020,4,24,"MX","HUMAN_OBSERVATION","Persea americana"
3308163725,"Persea americana",-101.94692,19.45614,2012,9,8,"MX","PRESERVED_SPECIMEN","Persea americana"
3952264752,"Persea americana",-101.75,19.43,2016,12,20,"MX","HUMAN_OBSERVATION","Persea americana"
2574205797,"Persea americana",-101.300354,19.451841,2020,2,1,"MX","HUMAN_OBSERVATION","Persea americana"
3383853663,"Persea americana",-100.355876,19.452148,2021,5,3,"MX","HUMAN_OBSERVATION","Persea americana"
3999151626,"Persea americana",-99.260355,19.436688,2022,8,7,"MX","HUMAN_OBSERVATION","Persea americana"
3949346223,"Persea americana",-99.183647,19.438347,2022,1,29,"MX","HUMAN_OBSERVATION","Persea americana"
3997782611,"Persea americana",-99.141218,19.421621,2022,8,26,"MX","HUMAN_OBSERVATION","Persea americana"
3954875513,"Persea americana",-99.105745,19.447654,2020,7,6,"MX","HUMAN_OBSERVATION","Persea americana"
3960332554,"Persea americana",-98.211673,19.424826,2022,7,31,"MX","HUMAN_OBSERVATION","Persea americana"
1848779634,"Persea americana",-96.98309,19.455654,2014,7,4,"MX","HUMAN_OBSERVATION","Persea americana"
2898472443,"Persea americana",-96.957338,19.443537,2020,8,4,"MX","HUMAN_OBSERVATION","Persea americana"
2645471954,"Persea americana",-102.059548,19.395046,2019,6,11,"MX","HUMAN_OBSERVATION","Persea americana"
3018088607,"Persea americana",-102.026689,19.375919,2020,12,28,"MX","HUMAN_OBSERVATION","Persea americana"
3308143763,"Persea americana",-100.36417,19.40861,2007,9,NA,"MX","PRESERVED_SPECIMEN","Persea americana"
3959163789,"Persea americana",-99.211368,19.398822,2022,3,18,"MX","HUMAN_OBSERVATION","Persea americana"
3960094140,"Persea americana",-99.207986,19.396504,2021,7,13,"MX","HUMAN_OBSERVATION","Persea americana"
3958884115,"Persea americana",-99.09976,19.40102,2022,3,15,"MX","HUMAN_OBSERVATION","Persea americana"
3998490631,"Persea americana",-102.077319,19.358845,2022,9,27,"MX","HUMAN_OBSERVATION","Persea americana"
4162002605,"Persea americana",-100.281471,19.335765,2023,6,16,"MX","HUMAN_OBSERVATION","Persea americana"
3952200362,"Persea americana",-99.206676,19.347872,2020,7,10,"MX","HUMAN_OBSERVATION","Persea americana"
3953958175,"Persea americana",-99.077881,19.349569,2020,6,1,"MX","HUMAN_OBSERVATION","Persea americana"
3998260998,"Persea americana",-98.946165,19.374218,2022,9,9,"MX","HUMAN_OBSERVATION","Persea americana"
2634327518,"Persea americana",-99.707327,19.306827,2020,5,30,"MX","HUMAN_OBSERVATION","Persea americana"
3958297612,"Persea americana",-99.254344,19.308935,2022,6,26,"MX","HUMAN_OBSERVATION","Persea americana"
3954053370,"Persea americana",-99.216892,19.333224,2021,4,17,"MX","HUMAN_OBSERVATION","Persea americana"
3952140342,"Persea americana",-99.171659,19.299604,2020,6,21,"MX","HUMAN_OBSERVATION","Persea americana"
3958842878,"Persea americana",-99.091526,19.319306,2020,10,25,"MX","HUMAN_OBSERVATION","Persea americana"
3090948452,"Persea americana",-98.884921,19.320811,2021,4,11,"MX","HUMAN_OBSERVATION","Persea americana"
3959622861,"Persea americana",-98.862442,19.307331,2022,4,22,"MX","HUMAN_OBSERVATION","Persea americana"
3954853171,"Persea americana",-98.245102,19.310108,2021,7,17,"MX","HUMAN_OBSERVATION","Persea americana"
3383930852,"Persea americana",-96.482102,19.324099,2021,7,8,"MX","HUMAN_OBSERVATION","Persea americana"
4162023700,"Persea americana",-100.121462,19.254809,2023,6,25,"MX","HUMAN_OBSERVATION","Persea americana"
3954061800,"Persea americana",-99.560185,19.255374,2022,1,30,"MX","HUMAN_OBSERVATION","Persea americana"
3998785994,"Persea americana",-99.46565,19.257184,2022,9,27,"MX","HUMAN_OBSERVATION","Persea americana"
3958575232,"Persea americana",-99.244084,19.283341,2021,2,1,"MX","HUMAN_OBSERVATION","Persea americana"
3957888292,"Persea americana",-99.168234,19.256755,2021,1,28,"MX","HUMAN_OBSERVATION","Persea americana"
3958755416,"Persea americana",-99.156774,19.26572,2020,6,28,"MX","HUMAN_OBSERVATION","Persea americana"
3997876750,"Persea americana",-99.102814,19.266113,2022,3,28,"MX","HUMAN_OBSERVATION","Persea americana"
3953721817,"Persea americana",-99.079148,19.261273,2021,1,3,"MX","HUMAN_OBSERVATION","Persea americana"
4133689344,"Persea americana",-99.027711,19.262143,2021,11,10,"MX","HUMAN_OBSERVATION","Persea americana"
3953348257,"Persea americana",-98.947874,19.263849,2021,1,16,"MX","HUMAN_OBSERVATION","Persea americana"
3998884528,"Persea americana",-99.620909,19.247438,2022,9,1,"MX","HUMAN_OBSERVATION","Persea americana"
3952498573,"Persea americana",-99.55169,19.230806,2020,9,28,"MX","HUMAN_OBSERVATION","Persea americana"
3952736482,"Persea americana",-99.163904,19.24887,2019,11,24,"MX","HUMAN_OBSERVATION","Persea americana"
3958884360,"Persea americana",-99.107082,19.22647,2020,11,2,"MX","HUMAN_OBSERVATION","Persea americana"
3998458715,"Persea americana",-98.84848,19.248597,2022,9,4,"MX","HUMAN_OBSERVATION","Persea americana"
2977149999,"Persea americana",-98.231851,19.210954,2020,7,25,"MX","HUMAN_OBSERVATION","Persea americana"
3785145646,"Persea americana",-100.096933,19.188308,2022,5,18,"MX","HUMAN_OBSERVATION","Persea americana"
4400328802,"Persea americana",-100.083207,19.207187,2023,7,31,"MX","HUMAN_OBSERVATION","Persea americana"
4405558361,"Persea americana",-155.685805,19.132308,2023,8,27,"US","HUMAN_OBSERVATION","Persea americana"
3955865012,"Persea americana",-98.768314,19.158047,2021,7,4,"MX","HUMAN_OBSERVATION","Persea americana"
2963794520,"Persea americana",-96.150029,19.140565,2020,10,15,"MX","HUMAN_OBSERVATION","Persea americana"
4034612019,"Persea americana",-155.783768,19.108549,2023,2,8,"US","HUMAN_OBSERVATION","Persea americana"
3954650783,"Persea americana",-98.227284,19.097356,2021,1,28,"MX","HUMAN_OBSERVATION","Persea americana"
4162280407,"Persea americana",-97.088415,19.117737,2023,6,9,"MX","HUMAN_OBSERVATION","Persea americana"
3383932961,"Persea americana",-99.610475,19.068067,2021,7,29,"MX","HUMAN_OBSERVATION","Persea americana"
2429649749,"Persea americana",-98.342456,19.071799,2017,12,28,"MX","HUMAN_OBSERVATION","Persea americana"
4162240728,"Persea americana",-98.31078,19.044445,2023,7,4,"MX","HUMAN_OBSERVATION","Persea americana"
3956976278,"Persea americana",-98.25122,19.082064,2020,3,25,"MX","HUMAN_OBSERVATION","Persea americana"
3953302819,"Persea americana",-98.131877,19.082423,2021,7,8,"MX","HUMAN_OBSERVATION","Persea americana"
2611302556,"Persea americana",-96.162625,19.067431,2020,4,26,"MX","HUMAN_OBSERVATION","Persea americana"
3335312081,"Persea americana",-99.395093,19.016277,2020,5,11,"MX","HUMAN_OBSERVATION","Persea americana"
3951760602,"Persea americana",-99.240417,19.017071,2019,8,10,"MX","HUMAN_OBSERVATION","Persea americana"
2273222722,"Persea americana",-99.10469,19.001678,2019,6,20,"MX","HUMAN_OBSERVATION","Persea americana"
3951794055,"Persea americana",-98.12774,19.036953,2018,7,27,"MX","HUMAN_OBSERVATION","Persea americana"
3957235295,"Persea americana",-97.00763,19.004644,2021,10,26,"MX","HUMAN_OBSERVATION","Persea americana"
1418793158,"Persea americana",-99.646389,18.980278,2012,9,23,"MX","PRESERVED_SPECIMEN","Persea americana"
3902158849,"Persea americana",-99.52317,18.988115,2022,3,20,"MX","HUMAN_OBSERVATION","Persea americana"
2898317394,"Persea americana",-99.467073,18.979092,2020,6,18,"MX","HUMAN_OBSERVATION","Persea americana"
3954564973,"Persea americana",-98.987612,18.961108,2018,7,27,"MX","HUMAN_OBSERVATION","Persea americana"
3957133812,"Persea americana",-98.843103,18.985149,2021,9,12,"MX","HUMAN_OBSERVATION","Persea americana"
2814424087,"Persea americana",-98.79176,18.99857,2020,7,7,"MX","HUMAN_OBSERVATION","Persea americana"
3951898203,"Persea americana",-98.785469,18.985514,2021,12,30,"MX","HUMAN_OBSERVATION","Persea americana"
3952986610,"Persea americana",-98.276348,18.98937,2020,10,10,"MX","HUMAN_OBSERVATION","Persea americana"
2644190851,"Persea americana",-99.606571,18.940004,2020,1,21,"MX","HUMAN_OBSERVATION","Persea americana"
1418792440,"Persea americana",-99.920267,18.893767,2012,9,22,"MX","PRESERVED_SPECIMEN","Persea americana"
3881848720,"Persea americana",-98.795387,18.882287,2022,8,1,"MX","HUMAN_OBSERVATION","Persea americana"
4096440607,"Persea americana",-98.713024,18.883966,2023,4,5,"MX","HUMAN_OBSERVATION","Persea americana"
4400451940,"Persea americana",-98.442907,18.898681,2023,8,11,"MX","HUMAN_OBSERVATION","Persea americana"
1894242003,"Persea americana",-98.41,18.877778,2013,6,6,"MX","PRESERVED_SPECIMEN","Persea americana"
2802653617,"Persea americana",-96.861003,18.882362,2020,6,25,"MX","HUMAN_OBSERVATION","Persea americana"
3384626737,"Persea americana",-90.730283,18.906007,2021,5,26,"MX","HUMAN_OBSERVATION","Persea americana"
3949527321,"Persea americana",-99.910421,18.869472,2020,7,25,"MX","HUMAN_OBSERVATION","Persea americana"
3399061210,"Persea americana",-98.688536,18.874289,2021,10,16,"MX","HUMAN_OBSERVATION","Persea americana"
4126898256,"Persea americana",-97.063072,18.87292,2023,5,26,"MX","HUMAN_OBSERVATION","Persea americana"
3998579826,"Persea americana",-97.028889,18.862222,2022,3,28,"MX","HUMAN_OBSERVATION","Persea americana"
3391715452,"Persea americana",-99.21513,18.811953,2021,7,20,"MX","HUMAN_OBSERVATION","Persea americana"
3499445603,"Persea americana",-98.957113,18.807338,2022,1,14,"MX","HUMAN_OBSERVATION","Persea americana"
4080606091,"Persea americana",-97.265913,18.812678,2023,3,15,"MX","HUMAN_OBSERVATION","Persea americana"
1421370797,"Persea americana",-96.933333,18.8,2000,4,11,"MX","PRESERVED_SPECIMEN","Persea americana"
1891319853,"Persea americana",-99.202704,18.782968,2018,8,12,"MX","HUMAN_OBSERVATION","Persea americana"
2974268215,"Persea americana",-99.127301,18.752616,2019,5,5,"MX","HUMAN_OBSERVATION","Persea americana"
3959724665,"Persea americana",-98.842653,18.75397,2021,4,25,"MX","HUMAN_OBSERVATION","Persea americana"
2629589472,"Persea americana",-97.059444,18.691389,2008,1,17,"MX","PRESERVED_SPECIMEN","Persea americana"
3986104009,"Persea americana",-91.789887,18.649753,2022,11,9,"MX","HUMAN_OBSERVATION","Persea americana"
3903351025,"Persea americana",-101.321766,18.601273,2022,9,5,"MX","HUMAN_OBSERVATION","Persea americana"
3308682312,"Persea americana",-95.1766,18.5794,2005,8,26,"MX","PRESERVED_SPECIMEN","Persea americana"
3308111038,"Persea americana",-95.1539,18.5505,2005,7,27,"MX","PRESERVED_SPECIMEN","Persea americana"
2629594895,"Persea americana",-95.0904,18.5786,2005,2,23,"MX","PRESERVED_SPECIMEN","Persea americana"
1897558688,"Persea americana",-99.020447,18.510189,2014,4,4,"MX","PRESERVED_SPECIMEN","Persea americana"
3306200159,"Persea americana",-97.718194,18.507972,2003,4,27,"MX","PRESERVED_SPECIMEN","Persea americana"
2629596172,"Persea americana",-97.40968,18.522569,2013,1,12,"MX","PRESERVED_SPECIMEN","Persea americana"
2883245701,"Persea americana",-97.054375,18.517994,2020,9,29,"MX","HUMAN_OBSERVATION","Persea americana"
3307171878,"Persea americana",-96.17953,18.534176,2021,6,1,"MX","HUMAN_OBSERVATION","Persea americana"
1897558753,"Persea americana",-98.973528,18.464033,2014,4,11,"MX","PRESERVED_SPECIMEN","Persea americana"
1897558681,"Persea americana",-99.01425,18.424111,2014,4,11,"MX","PRESERVED_SPECIMEN","Persea americana"
3308096601,"Persea americana",-95.03196,18.43691,2009,3,18,"MX","PRESERVED_SPECIMEN","Persea americana"
1895545943,"Persea americana",-97.475,18.325,2000,10,30,"MX","PRESERVED_SPECIMEN","Persea americana"
2629587696,"Persea americana",-94.860278,18.230278,2000,1,6,"MX","PRESERVED_SPECIMEN","Persea americana"
1894547779,"Persea americana",-93.342222,18.214444,2005,1,19,"MX","PRESERVED_SPECIMEN","Persea americana"
2898491501,"Persea americana",-98.38983,18.188303,2020,9,18,"MX","HUMAN_OBSERVATION","Persea americana"
1895545946,"Persea americana",-97.141667,18.191667,2001,9,19,"MX","PRESERVED_SPECIMEN","Persea americana"
4027231330,"Persea americana",-96.84503,18.13669,2002,1,22,"MX","PRESERVED_SPECIMEN","Persea americana"
2807639546,"Persea americana",-96.82456,18.13669,2002,1,22,"MX","PRESERVED_SPECIMEN","Persea americana"
2647555128,"Persea americana",-94.140003,18.145307,2019,3,13,"MX","HUMAN_OBSERVATION","Persea americana"
2366159627,"Persea americana",-94.039452,18.103948,2017,4,14,"MX","HUMAN_OBSERVATION","Persea americana"
1417932300,"Persea americana",-97.91,18.069444,2002,10,2,"MX","PRESERVED_SPECIMEN","Persea americana"
1897487210,"Persea americana",-96.670805,18.011306,2014,4,10,"MX","PRESERVED_SPECIMEN","Persea americana"
3954081460,"Persea americana",-94.547258,17.995387,2022,3,6,"MX","HUMAN_OBSERVATION","Persea americana"
4009797681,"Persea americana",-92.970772,17.94697,2022,12,20,"MX","HUMAN_OBSERVATION","Persea americana"
3308627401,"Persea americana",-96.90714,17.90417,2006,3,18,"MX","PRESERVED_SPECIMEN","Persea americana"
2447925201,"Persea americana",-96.251706,17.880682,2019,10,18,"MX","HUMAN_OBSERVATION","Persea americana"
1897487265,"Persea americana",-96.192278,17.846167,2014,3,9,"MX","PRESERVED_SPECIMEN","Persea americana"
3949608838,"Persea americana",-93.207175,17.872914,2021,4,19,"MX","HUMAN_OBSERVATION","Persea americana"
3391398454,"Persea americana",-96.659654,17.831378,2021,7,1,"MX","HUMAN_OBSERVATION","Persea americana"
3953488479,"Persea americana",-92.584295,17.780518,2022,5,1,"MX","HUMAN_OBSERVATION","Persea americana"
3308694960,"Persea americana",-96.72167,17.70861,2012,4,4,"MX","PRESERVED_SPECIMEN","Persea americana"
2242980766,"Persea americana",-97.573218,17.672012,2019,5,13,"MX","HUMAN_OBSERVATION","Persea americana"
3308700034,"Persea americana",-96.52833,17.64889,2002,6,24,"MX","PRESERVED_SPECIMEN","Persea americana"
3308079924,"Persea americana",-96.54306,17.61528,2002,5,24,"MX","PRESERVED_SPECIMEN","Persea americana"
2244321956,"Persea americana",-99.519551,17.547809,2019,4,18,"MX","HUMAN_OBSERVATION","Persea americana"
2629742827,"Persea americana",-91.989167,17.542778,2008,3,23,"MX","PRESERVED_SPECIMEN","Persea americana"
3954452931,"Persea americana",-99.47075,17.505856,2020,10,29,"MX","HUMAN_OBSERVATION","Persea americana"
1897358568,"Persea americana",-96.378889,17.491889,2005,10,16,"MX","PRESERVED_SPECIMEN","Persea americana"
3070513314,"Persea americana",-92.046644,17.483723,2010,3,24,"MX","HUMAN_OBSERVATION","Persea americana"
4126856771,"Persea americana",-91.973593,17.485559,2023,5,23,"MX","HUMAN_OBSERVATION","Persea americana"
3952144282,"Persea americana",-96.237041,17.393771,2022,7,3,"MX","HUMAN_OBSERVATION","Persea americana"
3306427556,"Persea americana",-92.3533,17.394833,2003,9,1,"MX","PRESERVED_SPECIMEN","Persea americana"
3307999344,"Persea americana",-96.48111,17.29917,2000,12,30,"MX","PRESERVED_SPECIMEN","Persea americana"
4126702249,"Persea americana",-96.473231,17.268412,2023,1,20,"MX","HUMAN_OBSERVATION","Persea americana"
2422867501,"Persea americana",-96.342444,17.274847,2019,7,24,"MX","HUMAN_OBSERVATION","Persea americana"
3499399545,"Persea americana",-98.668572,17.243851,2022,1,8,"MX","HUMAN_OBSERVATION","Persea americana"
3953442631,"Persea americana",-96.781291,17.211066,2022,5,2,"MX","HUMAN_OBSERVATION","Persea americana"
2268882667,"Persea americana",-93.104611,17.190389,2015,3,24,"MX","PRESERVED_SPECIMEN","Persea americana"
2645984006,"Persea americana",-96.775256,17.123864,2019,7,14,"MX","HUMAN_OBSERVATION","Persea americana"
4138048615,"Persea americana",-96.663734,17.102216,2023,6,17,"MX","HUMAN_OBSERVATION","Persea americana"
2898316381,"Persea americana",-97.620699,17.046725,2016,6,29,"MX","HUMAN_OBSERVATION","Persea americana"
1801458761,"Persea americana",-96.74174,17.07738,2017,11,6,"MX","HUMAN_OBSERVATION","Persea americana"
3952704548,"Persea americana",-96.863624,17.017577,2020,7,23,"MX","HUMAN_OBSERVATION","Persea americana"
3306422686,"Persea americana",-92.7,17.016667,2001,3,22,"MX","PRESERVED_SPECIMEN","Persea americana"
2630158750,"Persea americana",-93.31,16.998333,2003,2,24,"MX","PRESERVED_SPECIMEN","Persea americana"
2238815257,"Persea americana",-91.58648,16.980288,2019,4,26,"MX","HUMAN_OBSERVATION","Persea americana"
2251837158,"Persea americana",-91.579275,16.975344,2019,4,27,"MX","HUMAN_OBSERVATION","Persea americana"
2244322845,"Persea americana",-96.75689,16.953646,2019,4,24,"MX","HUMAN_OBSERVATION","Persea americana"
3957894723,"Persea americana",-96.711336,16.948422,2021,9,4,"MX","HUMAN_OBSERVATION","Persea americana"
1897487251,"Persea americana",-95.606528,16.925944,2013,7,13,"MX","PRESERVED_SPECIMEN","Persea americana"
1088931395,"Persea americana",-92.608513,16.956236,2010,5,26,"MX","HUMAN_OBSERVATION","Persea americana"
2626141545,"Persea americana",-96.50564,16.904833,2019,6,24,"MX","HUMAN_OBSERVATION","Persea americana"
2626342418,"Persea americana",-96.474908,16.898291,2019,7,8,"MX","HUMAN_OBSERVATION","Persea americana"
4137990157,"Persea americana",-95.297733,16.886386,2023,6,7,"MX","HUMAN_OBSERVATION","Persea americana"
2268882638,"Persea americana",-94.683,16.910361,2015,5,15,"MX","PRESERVED_SPECIMEN","Persea americana"
4096575617,"Persea americana",-92.094868,16.897261,2023,4,3,"MX","HUMAN_OBSERVATION","Persea americana"
2302274417,"Persea americana",-98.67263,16.80915,2017,1,9,"MX","PRESERVED_SPECIMEN","Persea americana"
2302273633,"Persea americana",-98.65354,16.81861,2016,5,22,"MX","PRESERVED_SPECIMEN","Persea americana"
1883971078,"Persea americana",-96.959839,16.804541,2015,10,30,"MX","HUMAN_OBSERVATION","Persea americana"
3039415687,"Persea americana",-93.272856,16.804372,2021,2,6,"MX","HUMAN_OBSERVATION","Persea americana"
3998670017,"Persea americana",-93.179839,16.826387,2022,6,25,"MX","HUMAN_OBSERVATION","Persea americana"
1993773482,"Persea americana",-93.098862,16.810843,2019,2,2,"MX","HUMAN_OBSERVATION","Persea americana"
2283211177,"Persea americana",-93.076363,16.831388,2019,7,5,"MX","HUMAN_OBSERVATION","Persea americana"
1640122941,"Persea americana",-92.582952,16.814,2017,2,24,"MX","HUMAN_OBSERVATION","Persea americana"
3957455214,"Persea americana",-96.669432,16.783427,2021,11,5,"MX","HUMAN_OBSERVATION","Persea americana"
2576445945,"Persea americana",-93.126644,16.767787,2020,3,2,"MX","HUMAN_OBSERVATION","Persea americana"
2238816393,"Persea americana",-93.124451,16.77306,2019,4,26,"MX","HUMAN_OBSERVATION","Persea americana"
4120968877,"Persea americana",-93.140952,16.711578,2023,5,17,"MX","HUMAN_OBSERVATION","Persea americana"
3113280178,"Persea americana",-93.109105,16.739735,2021,5,3,"MX","HUMAN_OBSERVATION","Persea americana"
3039509801,"Persea americana",-92.835262,16.748779,2021,2,6,"MX","HUMAN_OBSERVATION","Persea americana"
3415669060,"Persea americana",-92.69964,16.723595,2021,10,12,"MX","HUMAN_OBSERVATION","Persea americana"
4407201080,"Persea americana",-92.632426,16.73214,2023,8,31,"MX","HUMAN_OBSERVATION","Persea americana"
3954007199,"Persea americana",-92.622835,16.734324,2021,1,27,"MX","HUMAN_OBSERVATION","Persea americana"
3499518813,"Persea americana",-92.616472,16.70664,2022,2,2,"MX","HUMAN_OBSERVATION","Persea americana"
2630142286,"Persea americana",-91.873417,16.549417,2009,2,23,"MX","PRESERVED_SPECIMEN","Persea americana"
3455503990,"Persea americana",-93.630628,16.493461,2021,12,29,"MX","HUMAN_OBSERVATION","Persea americana"
3760315326,"Persea americana",-96.533754,16.35407,2022,4,4,"MX","HUMAN_OBSERVATION","Persea americana"
4067541572,"Persea americana",-96.646346,16.30597,2023,3,19,"MX","HUMAN_OBSERVATION","Persea americana"
3859474134,"Persea americana",-93.260818,16.236685,2022,6,2,"MX","HUMAN_OBSERVATION","Persea americana"
3097087495,"Persea americana",-96.501617,16.168943,2021,3,15,"MX","HUMAN_OBSERVATION","Persea americana"
2465160187,"Persea americana",-92.265947,16.195123,2019,8,24,"MX","HUMAN_OBSERVATION","Persea americana"
2630140653,"Persea americana",-93.438333,16.046389,2003,1,17,"MX","PRESERVED_SPECIMEN","Persea americana"
2630143468,"Persea americana",-93.370083,16.061028,2004,7,26,"MX","PRESERVED_SPECIMEN","Persea americana"
3108990059,"Persea americana",-96.223892,16.009626,2021,4,25,"MX","HUMAN_OBSERVATION","Persea americana"
1897358546,"Persea americana",-96.127861,16.003972,2004,1,23,"MX","PRESERVED_SPECIMEN","Persea americana"
1257922036,"Persea americana",-96.116944,16.016389,2005,4,26,"MX","PRESERVED_SPECIMEN","Persea americana"
2268834179,"Persea americana",-96.101944,15.969722,2003,10,14,"MX","PRESERVED_SPECIMEN","Persea americana"
2630141098,"Persea americana",-93.467778,15.980278,2002,10,12,"MX","PRESERVED_SPECIMEN","Persea americana"
3308748901,"Persea americana",-93.32472,15.95111,2002,6,29,"MX","PRESERVED_SPECIMEN","Persea americana"
2630144632,"Persea americana",-93.074167,15.812389,2005,7,13,"MX","PRESERVED_SPECIMEN","Persea americana"
1302399331,"Persea americana",-92.981667,15.701111,2002,4,12,"MX","OCCURRENCE","Persea americana"
2630166450,"Persea americana",-92.7125,15.661667,2000,11,1,"MX","PRESERVED_SPECIMEN","Persea americana"
2630150639,"Persea americana",-92.603889,15.556667,2005,8,5,"MX","PRESERVED_SPECIMEN","Persea americana"
1088931360,"Persea americana",-92.329926,15.36974,2011,7,6,"MX","HUMAN_OBSERVATION","Persea americana"
2630149296,"Persea americana",-92.138305,15.148167,2014,1,17,"MX","PRESERVED_SPECIMEN","Persea americana"
2630169628,"Persea americana",-92.146694,15.092611,2014,7,7,"MX","PRESERVED_SPECIMEN","Persea americana"
1897533081,"Persea americana",-92.1931546,15.063545,2014,6,19,"MX","PRESERVED_SPECIMEN","Persea americana"
4120972404,"Persea americana",-92.382186,14.917634,2023,5,21,"MX","HUMAN_OBSERVATION","Persea americana"
2005403300,"Persea americana",-92.263414,14.905557,2017,1,18,"MX","HUMAN_OBSERVATION","Persea americana"
