"gbifID","species","longitude","latitude","year","month","day","countryCode","accepted_name"
2397487319,"Petroselinum crispum",-118.835261,55.172545,2019,7,21,"CA","Petroselinum crispum"
1988118707,"Petroselinum crispum",-123.135,49.201,2014,12,20,"CA","Petroselinum crispum"
1949646233,"Petroselinum crispum",-123.886111,49.149722,2007,9,24,"CA","Petroselinum crispum"
2283024581,"Petroselinum crispum",-123.316508,48.877903,2019,6,3,"CA","Petroselinum crispum"
3760229180,"Petroselinum crispum",-123.344522,48.866777,2022,3,20,"CA","Petroselinum crispum"
441804538,"Petroselinum crispum",-123.153333,48.608333,2001,4,1,"US","Petroselinum crispum"
3067888053,"Petroselinum crispum",-123.325562,48.469233,2021,3,20,"CA","Petroselinum crispum"
1836687898,"Petroselinum crispum",-123.447983,48.430576,2017,7,1,"CA","Petroselinum crispum"
1988095772,"Petroselinum crispum",-123.39,48.42,2002,8,7,"CA","Petroselinum crispum"
1258810197,"Petroselinum crispum",-122.3405,47.6087,2001,5,18,"US","Petroselinum crispum"
2873958904,"Petroselinum crispum",-122.287199,47.607954,2020,9,29,"US","Petroselinum crispum"
3314331897,"Petroselinum crispum",-123.206628,44.084414,2021,6,19,"US","Petroselinum crispum"
3097269892,"Petroselinum crispum",-85.606689,42.27177,2021,4,17,"US","Petroselinum crispum"
3097164426,"Petroselinum crispum",-73.395617,41.192447,2020,8,12,"US","Petroselinum crispum"
2597744896,"Petroselinum crispum",-73.217713,41.168238,2020,3,31,"US","Petroselinum crispum"
2251855672,"Petroselinum crispum",-80.671504,41.01385,2019,5,22,"US","Petroselinum crispum"
3456856825,"Petroselinum crispum",-74.343163,40.893974,2021,10,7,"US","Petroselinum crispum"
3097040317,"Petroselinum crispum",-73.839635,40.860206,2018,2,21,"US","Petroselinum crispum"
3097260392,"Petroselinum crispum",-74.151578,40.751471,2020,4,14,"US","Petroselinum crispum"
2574300782,"Petroselinum crispum",-73.957313,40.772308,2020,2,20,"US","Petroselinum crispum"
2611294254,"Petroselinum crispum",-73.895032,40.752758,2020,4,25,"US","Petroselinum crispum"
2429301934,"Petroselinum crispum",-73.962312,40.668553,2019,9,29,"US","Petroselinum crispum"
2963945352,"Petroselinum crispum",-80.152349,40.267846,2020,4,1,"US","Petroselinum crispum"
2237498811,"Petroselinum crispum",-75.524904,39.79555,2019,4,22,"US","Petroselinum crispum"
3097085528,"Petroselinum crispum",-76.563247,39.285417,2021,4,2,"US","Petroselinum crispum"
3097093396,"Petroselinum crispum",-78.175323,39.17415,2020,5,17,"US","Petroselinum crispum"
623655148,"Petroselinum crispum",-95.2404,38.9641,2011,7,24,"US","Petroselinum crispum"
1258682613,"Petroselinum crispum",-90.35,38.653611,2000,6,5,"US","Petroselinum crispum"
3109320245,"Petroselinum crispum",-84.496,38.037719,2021,4,27,"US","Petroselinum crispum"
3747029039,"Petroselinum crispum",-84.297124,37.739235,2022,3,23,"US","Petroselinum crispum"
3091257364,"Petroselinum crispum",-113.566589,37.103444,2003,6,4,"US","Petroselinum crispum"
2422439490,"Petroselinum crispum",-122.01111,36.96472,2007,6,23,"US","Petroselinum crispum"
1846482496,"Petroselinum crispum",-111.885666,36.406761,2009,9,16,"US","Petroselinum crispum"
3061590356,"Petroselinum crispum",-89.507394,35.419891,2020,3,14,"US","Petroselinum crispum"
2634411997,"Petroselinum crispum",-82.460953,35.318728,2020,5,27,"US","Petroselinum crispum"
3044948571,"Petroselinum crispum",-118.057915,34.099828,2021,2,18,"US","Petroselinum crispum"
3053409309,"Petroselinum crispum",-119.364008,34.0153759991247,2012,4,17,"US","Petroselinum crispum"
3039464383,"Petroselinum crispum",-118.175833,33.979722,2021,2,3,"US","Petroselinum crispum"
2422527665,"Petroselinum crispum",-117.31667,33.975,2002,5,20,"US","Petroselinum crispum"
3415458749,"Petroselinum crispum",-118.090897,33.751288,2021,7,12,"US","Petroselinum crispum"
2270483261,"Petroselinum crispum",-111.925382,33.411958,2000,6,12,"US","Petroselinum crispum"
2430318919,"Petroselinum crispum",-117.10087,33.22518,2002,6,15,"US","Petroselinum crispum"
3415928507,"Petroselinum crispum",-95.580257,30.95761,2021,5,21,"US","Petroselinum crispum"
3039497019,"Petroselinum crispum",-98.004791,29.869555,2021,2,9,"US","Petroselinum crispum"
1457767842,"Petroselinum crispum",-82.41058,29.61378,2003,6,23,"US","Petroselinum crispum"
2862345733,"Petroselinum crispum",-82.457649,28.272959,2020,9,5,"US","Petroselinum crispum"
3773485083,"Petroselinum crispum",-98.370577,26.219686,2022,5,2,"US","Petroselinum crispum"
2620016101,"Petroselinum crispum",-98.330549,26.182406,2020,4,27,"US","Petroselinum crispum"
2629412336,"Petroselinum crispum",-100.268419,21.087044,2001,3,4,"MX","Petroselinum crispum"
614968864,"Petroselinum crispum",-156.29609,20.76681,2007,3,25,"US","Petroselinum crispum"
2610990846,"Petroselinum crispum",-103.805705,20.49849,2020,4,23,"MX","Petroselinum crispum"
614968748,"Petroselinum crispum",-155.64643,19.84917,2007,10,18,"US","Petroselinum crispum"
2977366760,"Petroselinum crispum",-99.199852,19.636657,2020,5,20,"MX","Petroselinum crispum"
2646809705,"Petroselinum crispum",-99.128337,19.543024,2019,12,22,"MX","Petroselinum crispum"
2648349268,"Petroselinum crispum",-99.04329,19.547493,2019,6,3,"MX","Petroselinum crispum"
2646816432,"Petroselinum crispum",-99.214227,19.536658,2019,9,29,"MX","Petroselinum crispum"
2647084102,"Petroselinum crispum",-99.26014,19.477861,2020,1,25,"MX","Petroselinum crispum"
2646571605,"Petroselinum crispum",-99.177301,19.464665,2019,9,28,"MX","Petroselinum crispum"
2649876943,"Petroselinum crispum",-99.13027,19.486076,2019,11,19,"MX","Petroselinum crispum"
2650066507,"Petroselinum crispum",-99.060346,19.469942,2020,1,24,"MX","Petroselinum crispum"
3308127410,"Petroselinum crispum",-100.374,19.421,2011,4,26,"MX","Petroselinum crispum"
2645859162,"Petroselinum crispum",-99.184807,19.452265,2019,6,23,"MX","Petroselinum crispum"
2974490868,"Petroselinum crispum",-99.101692,19.423704,2020,4,12,"MX","Petroselinum crispum"
2977679833,"Petroselinum crispum",-99.231523,19.413411,2020,5,23,"MX","Petroselinum crispum"
2646841397,"Petroselinum crispum",-99.170072,19.377686,2020,1,1,"MX","Petroselinum crispum"
2975851412,"Petroselinum crispum",-99.14759,19.389234,2020,7,9,"MX","Petroselinum crispum"
2650093144,"Petroselinum crispum",-99.110748,19.386059,2020,3,6,"MX","Petroselinum crispum"
2649299880,"Petroselinum crispum",-99.596799,19.353399,2019,9,16,"MX","Petroselinum crispum"
2649327406,"Petroselinum crispum",-99.263508,19.370186,2019,12,4,"MX","Petroselinum crispum"
2650108422,"Petroselinum crispum",-99.197352,19.335569,2020,1,17,"MX","Petroselinum crispum"
2647096168,"Petroselinum crispum",-99.146389,19.350278,2020,1,13,"MX","Petroselinum crispum"
2649861673,"Petroselinum crispum",-99.047567,19.36124,2019,10,10,"MX","Petroselinum crispum"
2975795885,"Petroselinum crispum",-99.108406,19.322004,2020,9,2,"MX","Petroselinum crispum"
2646881028,"Petroselinum crispum",-99.640902,19.262926,2019,10,23,"MX","Petroselinum crispum"
2649185522,"Petroselinum crispum",-99.194747,19.284768,2019,10,7,"MX","Petroselinum crispum"
2649758994,"Petroselinum crispum",-99.164108,19.279928,2019,10,16,"MX","Petroselinum crispum"
2646250933,"Petroselinum crispum",-99.031078,19.260214,2019,9,16,"MX","Petroselinum crispum"
2646233282,"Petroselinum crispum",-98.939848,18.850952,2019,7,15,"MX","Petroselinum crispum"
3058909927,"Petroselinum crispum",-93.032167,18.215212,2021,3,4,"MX","Petroselinum crispum"
3337760235,"Petroselinum crispum",-96.630056,16.28908,2021,8,14,"MX","Petroselinum crispum"
