"gbifID","species","longitude","latitude","year","month","day","countryCode","basisOfRecord","accepted_name"
2397487319,"Petroselinum crispum",-118.835261,55.172545,2019,7,21,"CA","HUMAN_OBSERVATION","Petroselinum crispum"
3892888440,"Petroselinum crispum",-123.196667,49.221472,2017,9,3,"CA","PRESERVED_SPECIMEN","Petroselinum crispum"
1988118707,"Petroselinum crispum",-123.135028,49.200917,2014,12,20,"CA","PRESERVED_SPECIMEN","Petroselinum crispum"
1949646233,"Petroselinum crispum",-123.886111,49.149722,2007,9,24,"CA","PRESERVED_SPECIMEN","Petroselinum crispum"
2283024581,"Petroselinum crispum",-123.316508,48.877903,2019,6,3,"CA","HUMAN_OBSERVATION","Petroselinum crispum"
3760229180,"Petroselinum crispum",-123.344522,48.866777,2022,3,20,"CA","HUMAN_OBSERVATION","Petroselinum crispum"
1831160012,"Petroselinum crispum",-123.345222,48.653212,2017,10,25,"CA","HUMAN_OBSERVATION","Petroselinum crispum"
3820728140,"Petroselinum crispum",-123.1516,48.6092,2018,7,27,"US","PRESERVED_SPECIMEN","Petroselinum crispum"
3067888053,"Petroselinum crispum",-123.325562,48.469233,2021,3,20,"CA","HUMAN_OBSERVATION","Petroselinum crispum"
1836687898,"Petroselinum crispum",-123.447983,48.430576,2017,7,1,"CA","HUMAN_OBSERVATION","Petroselinum crispum"
1988095772,"Petroselinum crispum",-123.385278,48.4175,2002,8,7,"CA","PRESERVED_SPECIMEN","Petroselinum crispum"
4067295730,"Petroselinum crispum",-123.33893,48.414355,2023,3,12,"CA","HUMAN_OBSERVATION","Petroselinum crispum"
4073866494,"Petroselinum crispum",-116.580648,48.273619,2019,6,20,"US","PRESERVED_SPECIMEN","Petroselinum crispum"
4060974759,"Petroselinum crispum",-122.3405,47.6087,2001,5,18,"US","PRESERVED_SPECIMEN","Petroselinum crispum"
2873958904,"Petroselinum crispum",-122.287199,47.607954,2020,9,29,"US","HUMAN_OBSERVATION","Petroselinum crispum"
4070151078,"Petroselinum crispum",-122.671591,45.520278,2020,1,9,"US","PRESERVED_SPECIMEN","Petroselinum crispum"
4073730885,"Petroselinum crispum",-123.266351,44.615079,2018,8,25,"US","PRESERVED_SPECIMEN","Petroselinum crispum"
4407144660,"Petroselinum crispum",-123.214306,44.624563,2023,7,25,"US","HUMAN_OBSERVATION","Petroselinum crispum"
3314331897,"Petroselinum crispum",-123.206628,44.084414,2021,6,19,"US","HUMAN_OBSERVATION","Petroselinum crispum"
4126690879,"Petroselinum crispum",-78.891158,42.657845,2022,4,24,"US","HUMAN_OBSERVATION","Petroselinum crispum"
3097269892,"Petroselinum crispum",-85.606689,42.27177,2021,4,17,"US","HUMAN_OBSERVATION","Petroselinum crispum"
3097164426,"Petroselinum crispum",-73.395617,41.192447,2020,8,12,"US","HUMAN_OBSERVATION","Petroselinum crispum"
2597744896,"Petroselinum crispum",-73.217713,41.168238,2020,3,31,"US","HUMAN_OBSERVATION","Petroselinum crispum"
2251855672,"Petroselinum crispum",-80.671504,41.01385,2019,5,22,"US","HUMAN_OBSERVATION","Petroselinum crispum"
3456856825,"Petroselinum crispum",-74.343163,40.893974,2021,10,7,"US","HUMAN_OBSERVATION","Petroselinum crispum"
3097040317,"Petroselinum crispum",-73.839635,40.860206,2018,2,21,"US","HUMAN_OBSERVATION","Petroselinum crispum"
3097260392,"Petroselinum crispum",-74.137346,40.796076,2020,4,14,"US","HUMAN_OBSERVATION","Petroselinum crispum"
3859923385,"Petroselinum crispum",-78.448395,40.768227,2022,6,3,"US","HUMAN_OBSERVATION","Petroselinum crispum"
2574300782,"Petroselinum crispum",-73.957313,40.772308,2020,2,20,"US","HUMAN_OBSERVATION","Petroselinum crispum"
2611294254,"Petroselinum crispum",-73.895032,40.752758,2020,4,25,"US","HUMAN_OBSERVATION","Petroselinum crispum"
2429301934,"Petroselinum crispum",-73.962312,40.668553,2019,9,29,"US","HUMAN_OBSERVATION","Petroselinum crispum"
3923411433,"Petroselinum crispum",-86.909889,40.429779,2022,10,2,"US","HUMAN_OBSERVATION","Petroselinum crispum"
3881867643,"Petroselinum crispum",-75.337021,40.435459,2022,7,31,"US","HUMAN_OBSERVATION","Petroselinum crispum"
2963945352,"Petroselinum crispum",-80.152349,40.267846,2020,4,1,"US","HUMAN_OBSERVATION","Petroselinum crispum"
3985769005,"Petroselinum crispum",-105.26897,40.015387,2022,6,24,"US","HUMAN_OBSERVATION","Petroselinum crispum"
2237498811,"Petroselinum crispum",-75.524904,39.79555,2019,4,22,"US","HUMAN_OBSERVATION","Petroselinum crispum"
3872898134,"Petroselinum crispum",-77.702705,39.642139,2022,7,8,"US","HUMAN_OBSERVATION","Petroselinum crispum"
3097085528,"Petroselinum crispum",-76.563247,39.285417,2021,4,2,"US","HUMAN_OBSERVATION","Petroselinum crispum"
3097093396,"Petroselinum crispum",-78.175323,39.17415,2020,5,17,"US","HUMAN_OBSERVATION","Petroselinum crispum"
623655148,"Petroselinum crispum",-95.2404,38.9641,2011,7,24,"US","PRESERVED_SPECIMEN","Petroselinum crispum"
4413568818,"Petroselinum crispum",-77.1717,38.900513,2023,6,27,"US","HUMAN_OBSERVATION","Petroselinum crispum"
1258682617,"Petroselinum crispum",-90.35,38.653611,2000,6,5,"US","PRESERVED_SPECIMEN","Petroselinum crispum"
4061892466,"Petroselinum crispum",-90.40694,38.58504,2019,1,24,"US","PRESERVED_SPECIMEN","Petroselinum crispum"
4145328661,"Petroselinum crispum",-122.303003,38.315955,2023,6,15,"US","HUMAN_OBSERVATION","Petroselinum crispum"
4121177255,"Petroselinum crispum",-84.480624,38.028148,2023,5,21,"US","HUMAN_OBSERVATION","Petroselinum crispum"
3747029039,"Petroselinum crispum",-84.297124,37.739235,2022,3,23,"US","HUMAN_OBSERVATION","Petroselinum crispum"
4404883275,"Petroselinum crispum",-113.577757,37.095925,2004,5,26,"US","PRESERVED_SPECIMEN","Petroselinum crispum"
2422439490,"Petroselinum crispum",-122.01111,36.96472,2007,6,23,"US","PRESERVED_SPECIMEN","Petroselinum crispum"
1846482496,"Petroselinum crispum",-111.885666,36.406761,2009,9,16,"US","PRESERVED_SPECIMEN","Petroselinum crispum"
3061590356,"Petroselinum crispum",-89.507394,35.419891,2020,3,14,"US","HUMAN_OBSERVATION","Petroselinum crispum"
2634411997,"Petroselinum crispum",-82.460953,35.318728,2020,5,27,"US","HUMAN_OBSERVATION","Petroselinum crispum"
4116163691,"Petroselinum crispum",-89.922768,34.972626,2023,5,10,"US","HUMAN_OBSERVATION","Petroselinum crispum"
4177109722,"Petroselinum crispum",-119.69819,34.420831,2023,8,7,"US","HUMAN_OBSERVATION","Petroselinum crispum"
3044948571,"Petroselinum crispum",-118.057915,34.099828,2021,2,18,"US","HUMAN_OBSERVATION","Petroselinum crispum"
3053409309,"Petroselinum crispum",-119.364008,34.015376,2012,4,17,"US","PRESERVED_SPECIMEN","Petroselinum crispum"
3039464383,"Petroselinum crispum",-118.175833,33.979722,2021,2,3,"US","HUMAN_OBSERVATION","Petroselinum crispum"
2573422238,"Petroselinum crispum",-117.316667,33.975,2002,5,20,"US","PRESERVED_SPECIMEN","Petroselinum crispum"
3415458749,"Petroselinum crispum",-118.090897,33.751288,2021,7,12,"US","HUMAN_OBSERVATION","Petroselinum crispum"
2270483261,"Petroselinum crispum",-111.925382,33.411958,2000,6,12,"US","PRESERVED_SPECIMEN","Petroselinum crispum"
2430318919,"Petroselinum crispum",-117.10087,33.22518,2002,6,15,"US","PRESERVED_SPECIMEN","Petroselinum crispum"
3902647472,"Petroselinum crispum",-117.20246,33.132415,2020,2,4,"US","HUMAN_OBSERVATION","Petroselinum crispum"
3415928507,"Petroselinum crispum",-95.580257,30.95761,2021,5,21,"US","HUMAN_OBSERVATION","Petroselinum crispum"
3039497019,"Petroselinum crispum",-98.004791,29.869555,2021,2,9,"US","HUMAN_OBSERVATION","Petroselinum crispum"
1457767842,"Petroselinum crispum",-82.41058,29.61378,2003,6,23,"US","PRESERVED_SPECIMEN","Petroselinum crispum"
2862345733,"Petroselinum crispum",-82.457649,28.272959,2020,9,5,"US","HUMAN_OBSERVATION","Petroselinum crispum"
2620016101,"Petroselinum crispum",-98.330549,26.182406,2020,4,27,"US","HUMAN_OBSERVATION","Petroselinum crispum"
2629412336,"Petroselinum crispum",-100.268419,21.087044,2001,3,4,"MX","PRESERVED_SPECIMEN","Petroselinum crispum"
614968864,"Petroselinum crispum",-156.29609,20.76681,2007,3,25,"US","OBSERVATION","Petroselinum crispum"
2610990846,"Petroselinum crispum",-103.805705,20.49849,2020,4,23,"MX","HUMAN_OBSERVATION","Petroselinum crispum"
4055047875,"Petroselinum crispum",-155.736221,20.05043,2023,3,3,"US","HUMAN_OBSERVATION","Petroselinum crispum"
614968748,"Petroselinum crispum",-155.64643,19.84917,2007,10,18,"US","OBSERVATION","Petroselinum crispum"
3308127410,"Petroselinum crispum",-100.374,19.421,2011,4,26,"MX","PRESERVED_SPECIMEN","Petroselinum crispum"
3949052023,"Petroselinum crispum",-99.213364,19.358278,2020,12,6,"MX","HUMAN_OBSERVATION","Petroselinum crispum"
3955919692,"Petroselinum crispum",-99.190715,19.371282,2021,6,14,"MX","HUMAN_OBSERVATION","Petroselinum crispum"
3957923015,"Petroselinum crispum",-99.082204,19.267202,2022,2,21,"MX","HUMAN_OBSERVATION","Petroselinum crispum"
3953483202,"Petroselinum crispum",-98.998247,19.239675,2021,8,24,"MX","HUMAN_OBSERVATION","Petroselinum crispum"
3954452304,"Petroselinum crispum",-98.234136,18.987639,2020,10,18,"MX","HUMAN_OBSERVATION","Petroselinum crispum"
3308632490,"Petroselinum crispum",-97.840111,18.985861,2000,12,12,"MX","PRESERVED_SPECIMEN","Petroselinum crispum"
3058909927,"Petroselinum crispum",-93.032167,18.215212,2021,3,4,"MX","HUMAN_OBSERVATION","Petroselinum crispum"
3337760235,"Petroselinum crispum",-96.630056,16.28908,2021,8,14,"MX","HUMAN_OBSERVATION","Petroselinum crispum"
