"gbifID","species","longitude","latitude","year","month","day","countryCode","accepted_name"
2429276119,"Platanus wrightii",-111.738061,35.014982,2019,9,27,"US","Platanus wrightii"
3301805413,"Platanus wrightii",-111.751208,34.969844,2020,6,29,"US","Platanus wrightii"
3109027895,"Platanus wrightii",-111.748018,34.98918,2021,4,1,"US","Platanus wrightii"
3031692623,"Platanus wrightii",-111.809664,34.937964,2020,12,3,"US","Platanus wrightii"
3747116638,"Platanus wrightii",-111.75332,34.946155,2022,3,11,"US","Platanus wrightii"
2350432797,"Platanus wrightii",-111.745074,34.93666,2019,8,14,"US","Platanus wrightii"
3456930802,"Platanus wrightii",-111.685717,34.925263,2021,11,2,"US","Platanus wrightii"
2270571243,"Platanus wrightii",-112.126846,34.886166,2012,5,22,"US","Platanus wrightii"
1898801800,"Platanus wrightii",-112.069815,34.882015,2018,8,12,"US","Platanus wrightii"
3415576640,"Platanus wrightii",-111.728256,34.909675,2021,11,7,"US","Platanus wrightii"
2294553110,"Platanus wrightii",-112.069191,34.86991,2019,6,29,"US","Platanus wrightii"
3058937334,"Platanus wrightii",-111.872932,34.846876,2021,2,28,"US","Platanus wrightii"
3124670606,"Platanus wrightii",-111.763123,34.861509,2021,5,21,"US","Platanus wrightii"
2572937835,"Platanus wrightii",-111.88338,34.79926,2017,11,8,"US","Platanus wrightii"
3469079480,"Platanus wrightii",-111.825553,34.810142,2022,2,9,"US","Platanus wrightii"
3456472505,"Platanus wrightii",-111.727489,34.827053,2021,11,7,"US","Platanus wrightii"
3764138474,"Platanus wrightii",-112.029112,34.765183,2022,4,19,"US","Platanus wrightii"
3455266219,"Platanus wrightii",-111.750528,34.757276,2021,4,29,"US","Platanus wrightii"
2802577778,"Platanus wrightii",-113.252806,34.712995,2020,6,2,"US","Platanus wrightii"
3747389553,"Platanus wrightii",-112.108094,34.74968,2022,3,23,"US","Platanus wrightii"
3117769449,"Platanus wrightii",-111.917025,34.720226,2021,4,23,"US","Platanus wrightii"
2465162759,"Platanus wrightii",-111.784713,34.714041,2019,11,23,"US","Platanus wrightii"
3759173872,"Platanus wrightii",-111.723337,34.678887,2022,2,26,"US","Platanus wrightii"
3456431857,"Platanus wrightii",-111.6718,34.673969,2021,11,10,"US","Platanus wrightii"
2802970178,"Platanus wrightii",-113.102243,34.641396,2020,6,23,"US","Platanus wrightii"
1839229680,"Platanus wrightii",-112.423303,34.645517,2018,4,21,"US","Platanus wrightii"
2006032940,"Platanus wrightii",-112.323853,34.634512,2018,10,12,"US","Platanus wrightii"
1586135091,"Platanus wrightii",-111.810628,34.633792,2017,8,4,"US","Platanus wrightii"
3061567846,"Platanus wrightii",-111.762365,34.648032,2021,3,7,"US","Platanus wrightii"
2429228857,"Platanus wrightii",-111.725747,34.660404,2019,8,12,"US","Platanus wrightii"
3712579529,"Platanus wrightii",-111.839487,34.61135,2022,2,26,"US","Platanus wrightii"
1839227663,"Platanus wrightii",-111.725464,34.603522,2018,4,16,"US","Platanus wrightii"
2802757718,"Platanus wrightii",-113.496567,34.558682,2020,6,3,"US","Platanus wrightii"
3307238373,"Platanus wrightii",-112.522061,34.561036,2021,6,13,"US","Platanus wrightii"
2574094047,"Platanus wrightii",-111.874931,34.579726,2020,2,14,"US","Platanus wrightii"
3091293947,"Platanus wrightii",-111.45447,34.5637599991181,2014,6,14,"US","Platanus wrightii"
3759632781,"Platanus wrightii",-111.839907,34.51621,2022,1,16,"US","Platanus wrightii"
2270579448,"Platanus wrightii",-111.821772,34.51606,2006,10,9,"US","Platanus wrightii"
3759959589,"Platanus wrightii",-111.772009,34.518829,2022,3,31,"US","Platanus wrightii"
3109083634,"Platanus wrightii",-111.70512,34.540008,2021,4,19,"US","Platanus wrightii"
2802595380,"Platanus wrightii",-112.070908,34.430853,2019,3,23,"US","Platanus wrightii"
3455746777,"Platanus wrightii",-112.021223,34.387412,2022,1,17,"US","Platanus wrightii"
2814204446,"Platanus wrightii",-111.610514,34.406015,2019,10,15,"US","Platanus wrightii"
2999172037,"Platanus wrightii",-111.453643,34.383476,2020,10,24,"US","Platanus wrightii"
1850933309,"Platanus wrightii",-111.948203,34.346592,2018,5,22,"US","Platanus wrightii"
1838077096,"Platanus wrightii",-111.510743,34.362841,2017,10,8,"US","Platanus wrightii"
1846513998,"Platanus wrightii",-111.296361,34.374528,2008,9,27,"US","Platanus wrightii"
3061574880,"Platanus wrightii",-111.283098,34.354924,2021,1,17,"US","Platanus wrightii"
2901521920,"Platanus wrightii",-111.09507,34.340236,2020,10,17,"US","Platanus wrightii"
2818504939,"Platanus wrightii",-111.835384,34.323822,2020,7,11,"US","Platanus wrightii"
2818537910,"Platanus wrightii",-111.832372,34.322363,2020,7,10,"US","Platanus wrightii"
3456895322,"Platanus wrightii",-111.457963,34.31926,2022,1,17,"US","Platanus wrightii"
3456111279,"Platanus wrightii",-111.343811,34.306067,2022,1,16,"US","Platanus wrightii"
1572360767,"Platanus wrightii",-112.042351,34.275233,2015,9,14,"US","Platanus wrightii"
2814384288,"Platanus wrightii",-111.21298,34.263338,2020,7,7,"US","Platanus wrightii"
2802625397,"Platanus wrightii",-112.095277,34.2246,2020,6,15,"US","Platanus wrightii"
3018065921,"Platanus wrightii",-112.067101,34.239475,2021,1,2,"US","Platanus wrightii"
1846499130,"Platanus wrightii",-112.008,34.22525,2006,5,4,"US","Platanus wrightii"
2823156046,"Platanus wrightii",-111.344275,34.230837,2020,7,19,"US","Platanus wrightii"
1453393699,"Platanus wrightii",-111.244111,34.237681,2009,10,17,"US","Platanus wrightii"
2573880665,"Platanus wrightii",-110.964172,34.217297,2020,2,19,"US","Platanus wrightii"
2270685590,"Platanus wrightii",-112.202,34.1967,2002,10,9,"US","Platanus wrightii"
1563431419,"Platanus wrightii",-111.942487,34.205897,2017,5,26,"US","Platanus wrightii"
2572937957,"Platanus wrightii",-111.758034,34.170894,2018,9,18,"US","Platanus wrightii"
2574121740,"Platanus wrightii",-110.981305,34.204183,2020,2,19,"US","Platanus wrightii"
2988623522,"Platanus wrightii",-111.835752,34.14625,2020,11,18,"US","Platanus wrightii"
1668864379,"Platanus wrightii",-111.829557,34.162443,2017,9,25,"US","Platanus wrightii"
2572938315,"Platanus wrightii",-111.721128,34.163192,2018,8,2,"US","Platanus wrightii"
1571077092,"Platanus wrightii",-111.852423,34.11611,2017,5,26,"US","Platanus wrightii"
2572938425,"Platanus wrightii",-111.70593,34.09844,2017,9,10,"US","Platanus wrightii"
3044561104,"Platanus wrightii",-111.837479,34.059067,2021,2,13,"US","Platanus wrightii"
3747313534,"Platanus wrightii",-111.382717,34.047531,2022,3,13,"US","Platanus wrightii"
2013695208,"Platanus wrightii",-111.879842,33.964535,2019,3,5,"US","Platanus wrightii"
3118239573,"Platanus wrightii",-111.865056,33.964656,2021,5,19,"US","Platanus wrightii"
1846557947,"Platanus wrightii",-111.40025,33.959133,2014,7,7,"US","Platanus wrightii"
1291140949,"Platanus wrightii",-111.81861,33.91732,2016,7,21,"US","Platanus wrightii"
3499344490,"Platanus wrightii",-111.468505,33.93808,2022,2,11,"US","Platanus wrightii"
2423010234,"Platanus wrightii",-111.414246,33.920161,2019,9,10,"US","Platanus wrightii"
3764472288,"Platanus wrightii",-111.951713,33.892513,2022,4,27,"US","Platanus wrightii"
2603451025,"Platanus wrightii",-111.840462,33.908993,2020,4,13,"US","Platanus wrightii"
2005358415,"Platanus wrightii",-111.821265,33.903177,2019,2,10,"US","Platanus wrightii"
3117769439,"Platanus wrightii",-111.484153,33.907623,2021,4,19,"US","Platanus wrightii"
1883464239,"Platanus wrightii",-110.386323,33.887509,2018,6,14,"US","Platanus wrightii"
3465935187,"Platanus wrightii",-111.462665,33.863874,2022,1,26,"US","Platanus wrightii"
3118400228,"Platanus wrightii",-111.49008,33.797537,2021,5,16,"US","Platanus wrightii"
3124727514,"Platanus wrightii",-110.971891,33.798418,2021,5,18,"US","Platanus wrightii"
1927910413,"Platanus wrightii",-111.501526,33.773118,2004,4,10,"US","Platanus wrightii"
3117792469,"Platanus wrightii",-111.515568,33.730645,2021,4,19,"US","Platanus wrightii"
2397686035,"Platanus wrightii",-111.432367,33.72807,2019,9,2,"US","Platanus wrightii"
2270611303,"Platanus wrightii",-111.115,33.6388,2003,9,5,"US","Platanus wrightii"
2270681248,"Platanus wrightii",-112.12994,33.51158,2006,3,15,"US","Platanus wrightii"
1453467141,"Platanus wrightii",-111.396392,33.501519,2017,2,25,"US","Platanus wrightii"
1935628124,"Platanus wrightii",-111.307583,33.525123,2018,11,7,"US","Platanus wrightii"
3117766797,"Platanus wrightii",-111.342475,33.453472,2021,5,3,"US","Platanus wrightii"
1846475390,"Platanus wrightii",-111.1826,33.43408,2000,5,1,"US","Platanus wrightii"
2270686607,"Platanus wrightii",-112.243,33.3906,2007,5,19,"US","Platanus wrightii"
2270677416,"Platanus wrightii",-112.123490099998,33.3806250013121,2005,5,3,"US","Platanus wrightii"
3122396793,"Platanus wrightii",-110.816626,33.376078,2003,9,5,"US","Platanus wrightii"
3039417869,"Platanus wrightii",-109.172317,33.377025,2021,2,7,"US","Platanus wrightii"
2901604496,"Platanus wrightii",-108.842622,33.372565,2020,8,11,"US","Platanus wrightii"
2873968651,"Platanus wrightii",-111.089175,33.293848,2020,9,25,"US","Platanus wrightii"
2423182267,"Platanus wrightii",-111.052972,33.32732,2019,9,21,"US","Platanus wrightii"
2802922107,"Platanus wrightii",-110.79145,33.292745,2020,6,15,"US","Platanus wrightii"
1929331328,"Platanus wrightii",-108.796299,33.316699,2000,5,2,"US","Platanus wrightii"
3013882171,"Platanus wrightii",-111.136811,33.276255,2020,12,26,"US","Platanus wrightii"
2823272578,"Platanus wrightii",-109.343309,33.26859,2020,7,20,"US","Platanus wrightii"
3712575367,"Platanus wrightii",-109.2603,33.289112,2021,5,22,"US","Platanus wrightii"
2823216600,"Platanus wrightii",-109.196491,33.291527,2020,7,21,"US","Platanus wrightii"
3456252570,"Platanus wrightii",-108.269608,33.29147,2021,10,23,"US","Platanus wrightii"
1668815403,"Platanus wrightii",-110.790313,33.222737,2017,9,2,"US","Platanus wrightii"
2850645431,"Platanus wrightii",-108.877312,33.234863,2019,9,29,"US","Platanus wrightii"
2823428597,"Platanus wrightii",-109.371503,33.157041,2020,7,20,"US","Platanus wrightii"
2236206518,"Platanus wrightii",-107.384306,32.977478,2019,3,24,"US","Platanus wrightii"
3320849320,"Platanus wrightii",-107.366308,32.974728,2019,1,29,"US","Platanus wrightii"
3705484493,"Platanus wrightii",-108.607558,32.940267,2022,1,10,"US","Platanus wrightii"
2868398921,"Platanus wrightii",-110.55729,32.910702,2020,9,23,"US","Platanus wrightii"
2270695685,"Platanus wrightii",-110.418393,32.89825,2013,10,27,"US","Platanus wrightii"
3307358840,"Platanus wrightii",-109.497303,32.887564,2021,6,8,"US","Platanus wrightii"
233101131,"Platanus wrightii",-108.60368,32.8085699991403,2007,9,16,"US","Platanus wrightii"
2802942611,"Platanus wrightii",-109.726359,32.779985,2020,4,10,"US","Platanus wrightii"
1563429695,"Platanus wrightii",-109.79718,32.66748,2017,5,27,"US","Platanus wrightii"
1944404987,"Platanus wrightii",-110.718247,32.537758,2018,11,12,"US","Platanus wrightii"
2265892703,"Platanus wrightii",-110.239032,32.50439,2019,6,10,"US","Platanus wrightii"
2283199115,"Platanus wrightii",-110.80387,32.460146,2019,7,6,"US","Platanus wrightii"
3044731924,"Platanus wrightii",-110.885134,32.431947,2021,2,11,"US","Platanus wrightii"
2620087357,"Platanus wrightii",-110.788,32.443,2020,5,2,"US","Platanus wrightii"
2576269345,"Platanus wrightii",-110.870108,32.413708,2020,1,3,"US","Platanus wrightii"
1807307761,"Platanus wrightii",-110.79045,32.333492,2018,2,3,"US","Platanus wrightii"
3773325520,"Platanus wrightii",-110.709345,32.365257,2022,3,18,"US","Platanus wrightii"
3090580413,"Platanus wrightii",-110.247833,32.349792,2018,9,27,"US","Platanus wrightii"
3044678049,"Platanus wrightii",-110.80601,32.323686,2021,2,23,"US","Platanus wrightii"
2251954207,"Platanus wrightii",-110.770604,32.326404,2019,5,28,"US","Platanus wrightii"
2802617559,"Platanus wrightii",-110.698998,32.327456,2020,4,27,"US","Platanus wrightii"
1935622101,"Platanus wrightii",-110.80088,32.287962,2018,11,7,"US","Platanus wrightii"
3456437416,"Platanus wrightii",-106.742369,32.28185,2021,12,15,"US","Platanus wrightii"
2984480846,"Platanus wrightii",-111.167731,32.242771,2020,11,10,"US","Platanus wrightii"
2619957014,"Platanus wrightii",-110.966595,32.246596,2020,5,5,"US","Platanus wrightii"
2999177015,"Platanus wrightii",-110.920696,32.210011,2020,12,8,"US","Platanus wrightii"
2609344671,"Platanus wrightii",-110.602425,32.238916,2020,4,18,"US","Platanus wrightii"
2802924452,"Platanus wrightii",-110.592956,32.183783,2019,8,11,"US","Platanus wrightii"
923064774,"Platanus wrightii",-110.48156,32.205502,2013,5,12,"US","Platanus wrightii"
3391362141,"Platanus wrightii",-110.653236,32.127114,2021,10,12,"US","Platanus wrightii"
1890719091,"Platanus wrightii",-110.608253,32.155481,2018,8,8,"US","Platanus wrightii"
3456133611,"Platanus wrightii",-110.474342,32.155497,2021,12,18,"US","Platanus wrightii"
1807311729,"Platanus wrightii",-110.449013,32.073364,2018,2,4,"US","Platanus wrightii"
3355538631,"Platanus wrightii",-109.357222,32.009444,2021,7,15,"US","Platanus wrightii"
2270490288,"Platanus wrightii",-110.592,31.9975,2016,9,10,"US","Platanus wrightii"
1640070334,"Platanus wrightii",-109.331402,31.970508,2017,8,20,"US","Platanus wrightii"
3742999219,"Platanus wrightii",-109.961892,31.931787,2022,3,14,"US","Platanus wrightii"
2460031936,"Platanus wrightii",-109.954713,31.94667,2019,10,26,"US","Platanus wrightii"
1640070652,"Platanus wrightii",-109.293054,31.939996,2017,8,20,"US","Platanus wrightii"
1890691031,"Platanus wrightii",-109.216681,31.9399,2018,7,28,"US","Platanus wrightii"
3335124060,"Platanus wrightii",-109.152374,31.950474,2021,7,28,"US","Platanus wrightii"
2873979129,"Platanus wrightii",-109.252503,31.909117,2020,9,26,"US","Platanus wrightii"
2579252458,"Platanus wrightii",-109.226269,31.898586,2020,3,10,"US","Platanus wrightii"
3059120503,"Platanus wrightii",-109.173869,31.886666,2021,2,23,"US","Platanus wrightii"
3117766519,"Platanus wrightii",-109.141972,31.913369,2021,4,30,"US","Platanus wrightii"
3384376292,"Platanus wrightii",-109.341118,31.864984,2021,9,17,"US","Platanus wrightii"
2619961964,"Platanus wrightii",-109.328571,31.854426,2020,5,6,"US","Platanus wrightii"
3301942320,"Platanus wrightii",-109.234847,31.872183,2021,6,2,"US","Platanus wrightii"
3338051707,"Platanus wrightii",-109.187928,31.869945,2021,8,9,"US","Platanus wrightii"
3090585777,"Platanus wrightii",-109.26622,31.799703,2020,8,1,"US","Platanus wrightii"
2465283949,"Platanus wrightii",-111.547226,31.766945,2019,12,4,"US","Platanus wrightii"
2562067995,"Platanus wrightii",-111.52,31.757,2013,10,28,"US","Platanus wrightii"
2634420283,"Platanus wrightii",-110.843996,31.759628,2020,5,31,"US","Platanus wrightii"
3772606212,"Platanus wrightii",-109.37023,31.757122,2022,5,10,"US","Platanus wrightii"
3090546852,"Platanus wrightii",-109.324688,31.767266,2020,9,20,"US","Platanus wrightii"
2802688438,"Platanus wrightii",-109.131814,31.775305,2019,7,26,"US","Platanus wrightii"
3466037094,"Platanus wrightii",-110.881425,31.730528,2022,1,6,"US","Platanus wrightii"
3044962800,"Platanus wrightii",-110.86335,31.715413,2021,2,20,"US","Platanus wrightii"
2579245429,"Platanus wrightii",-110.08163,31.726523,2019,12,18,"US","Platanus wrightii"
3760093726,"Platanus wrightii",-110.875655,31.701562,2022,4,18,"US","Platanus wrightii"
3712522742,"Platanus wrightii",-110.859268,31.703295,2022,3,2,"US","Platanus wrightii"
3044739075,"Platanus wrightii",-110.79183,31.70224,2021,2,24,"US","Platanus wrightii"
2884939444,"Platanus wrightii",-110.8849,31.64049,2017,4,30,"US","Platanus wrightii"
2270624756,"Platanus wrightii",-110.175,31.6276,2002,6,12,"US","Platanus wrightii"
2012959961,"Platanus wrightii",-111.04147,31.607887,2019,2,17,"US","Platanus wrightii"
1846493401,"Platanus wrightii",-110.783333,31.60583,2000,9,7,"US","Platanus wrightii"
3122397456,"Platanus wrightii",-109.058013,31.589336,2003,5,11,"US","Platanus wrightii"
1837261596,"Platanus wrightii",-108.775,31.6,2003,9,6,"US","Platanus wrightii"
3499567052,"Platanus wrightii",-110.371047,31.545555,2022,2,13,"US","Platanus wrightii"
2563530315,"Platanus wrightii",-110.836223,31.500847,2020,1,18,"US","Platanus wrightii"
1990491556,"Platanus wrightii",-110.803654,31.506782,2007,7,13,"US","Platanus wrightii"
3456975426,"Platanus wrightii",-110.760406,31.538467,2021,12,8,"US","Platanus wrightii"
1846486111,"Platanus wrightii",-110.711483,31.527267,2004,10,10,"US","Platanus wrightii"
2802778253,"Platanus wrightii",-110.391285,31.512399,2019,8,4,"US","Platanus wrightii"
1703208660,"Platanus wrightii",-110.334792,31.507719,2000,5,25,"US","Platanus wrightii"
923062925,"Platanus wrightii",-111.003967,31.461706,2013,2,9,"US","Platanus wrightii"
2802927473,"Platanus wrightii",-110.854535,31.496449,2020,2,26,"US","Platanus wrightii"
3039166798,"Platanus wrightii",-110.673303,31.479217,2021,1,14,"US","Platanus wrightii"
3117820471,"Platanus wrightii",-110.35827,31.46767,2021,4,7,"US","Platanus wrightii"
2802664217,"Platanus wrightii",-110.311854,31.493657,2019,8,3,"US","Platanus wrightii"
1571192405,"Platanus wrightii",-110.281242,31.467278,2017,6,26,"US","Platanus wrightii"
3766305317,"Platanus wrightii",-109.07696,31.48796,2009,8,10,"US","Platanus wrightii"
1913193168,"Platanus wrightii",-110.372378,31.457408,2018,9,3,"US","Platanus wrightii"
3773582239,"Platanus wrightii",-110.316009,31.444652,2022,5,6,"US","Platanus wrightii"
3457129840,"Platanus wrightii",-110.274147,31.416708,2022,1,8,"US","Platanus wrightii"
3407900094,"Platanus wrightii",-111.093299,31.386279,2021,8,15,"US","Platanus wrightii"
2851028024,"Platanus wrightii",-110.331275,31.379795,2020,8,9,"US","Platanus wrightii"
3090916323,"Platanus wrightii",-110.279487,31.412368,2021,3,30,"US","Platanus wrightii"
1586114584,"Platanus wrightii",-110.24408,31.395953,2017,7,8,"US","Platanus wrightii"
1891302918,"Platanus wrightii",-110.300453,31.362628,2018,8,8,"US","Platanus wrightii"
1572385072,"Platanus wrightii",-110.268463,31.347733,2017,7,8,"US","Platanus wrightii"
1837057406,"Platanus wrightii",-109.037064,31.360493,2018,3,22,"US","Platanus wrightii"
1668859710,"Platanus wrightii",-110.393028,31.324314,2017,9,22,"MX","Platanus wrightii"
1703146069,"Platanus wrightii",-109.557326,31.316683,2017,11,3,"MX","Platanus wrightii"
1895928418,"Platanus wrightii",-109.001278,31.278972,2011,6,20,"MX","Platanus wrightii"
1895928453,"Platanus wrightii",-108.798056,31.290556,2008,5,1,"MX","Platanus wrightii"
1895928415,"Platanus wrightii",-111.128333,31.211667,2009,5,17,"MX","Platanus wrightii"
1895930898,"Platanus wrightii",-111.1225,31.214167,2005,4,24,"MX","Platanus wrightii"
3335503385,"Platanus wrightii",-108.915768,31.192249,2021,7,30,"MX","Platanus wrightii"
2283044625,"Platanus wrightii",-109.239239,31.130977,2019,6,9,"MX","Platanus wrightii"
2270466649,"Platanus wrightii",-110.3693,31.004907,2016,5,2,"MX","Platanus wrightii"
2518050450,"Platanus wrightii",-110.86675,30.963009,2015,8,13,"MX","Platanus wrightii"
1703146117,"Platanus wrightii",-110.857925,30.957004,2017,11,6,"MX","Platanus wrightii"
3308694982,"Platanus wrightii",-110.95194,30.91139,2005,4,30,"MX","Platanus wrightii"
1836696930,"Platanus wrightii",-110.268805,30.902228,2018,1,11,"MX","Platanus wrightii"
1850918198,"Platanus wrightii",-110.680711,30.838889,2018,5,15,"MX","Platanus wrightii"
1895928466,"Platanus wrightii",-110.548333,30.819444,2010,4,6,"MX","Platanus wrightii"
1895928487,"Platanus wrightii",-110.541481,30.807722,2010,4,7,"MX","Platanus wrightii"
2630397309,"Platanus wrightii",-110.783611,30.693333,2005,4,29,"MX","Platanus wrightii"
1703146080,"Platanus wrightii",-110.973649,30.624436,2017,11,2,"MX","Platanus wrightii"
2999044374,"Platanus wrightii",-108.53507,30.606937,2020,2,25,"MX","Platanus wrightii"
1837082430,"Platanus wrightii",-110.889559,30.411596,2018,3,18,"MX","Platanus wrightii"
2252040132,"Platanus wrightii",-110.484698,30.323232,2006,10,31,"MX","Platanus wrightii"
1895928571,"Platanus wrightii",-110.354944,30.329344,2011,5,2,"MX","Platanus wrightii"
1895930924,"Platanus wrightii",-110.228611,30.309639,2005,7,1,"MX","Platanus wrightii"
2465254154,"Platanus wrightii",-110.484881,30.240946,2019,10,29,"MX","Platanus wrightii"
1586933641,"Platanus wrightii",-108.965664,30.208827,2017,8,2,"MX","Platanus wrightii"
1453415042,"Platanus wrightii",-108.897749,30.210249,2017,2,10,"MX","Platanus wrightii"
1453241846,"Platanus wrightii",-108.952789,30.204784,2016,11,18,"MX","Platanus wrightii"
1677308284,"Platanus wrightii",-110.21542,30.013761,2017,10,15,"MX","Platanus wrightii"
1895928470,"Platanus wrightii",-109.481667,29.928611,2010,6,14,"MX","Platanus wrightii"
3070320769,"Platanus wrightii",-110.295639,29.875917,2019,8,4,"MX","Platanus wrightii"
1847569571,"Platanus wrightii",-110.285517,29.843875,2018,5,20,"MX","Platanus wrightii"
1703141552,"Platanus wrightii",-110.22002,29.870392,2017,10,15,"MX","Platanus wrightii"
1847448659,"Platanus wrightii",-109.581585,29.820019,2014,10,5,"MX","Platanus wrightii"
3384423286,"Platanus wrightii",-108.495505,29.697538,2021,9,7,"MX","Platanus wrightii"
3384213250,"Platanus wrightii",-108.520653,29.645227,2021,9,7,"MX","Platanus wrightii"
3308683143,"Platanus wrightii",-108.12208,27.79697,2010,7,18,"MX","Platanus wrightii"
1893781005,"Platanus wrightii",-107.915,27.204722,2002,1,27,"MX","Platanus wrightii"
