"gbifID","species","longitude","latitude","year","month","day","countryCode","basisOfRecord","accepted_name"
3925122573,"Populus angustifolia",-112.863412,49.7053,2022,8,5,"CA","HUMAN_OBSERVATION","Populus angustifolia"
3925143709,"Populus angustifolia",-112.880415,49.629615,2022,9,27,"CA","HUMAN_OBSERVATION","Populus angustifolia"
1993797381,"Populus angustifolia",-114.49631,49.49615,2017,7,12,"CA","PRESERVED_SPECIMEN","Populus angustifolia"
883427131,"Populus angustifolia",-111.76871,49.101542,2011,7,3,"CA","PRESERVED_SPECIMEN","Populus angustifolia"
883415000,"Populus angustifolia",-113.525161,49.042937,2007,8,14,"CA","PRESERVED_SPECIMEN","Populus angustifolia"
3455282213,"Populus angustifolia",-111.645069,49.052675,2021,6,8,"CA","HUMAN_OBSERVATION","Populus angustifolia"
3456333333,"Populus angustifolia",-113.851474,49.017212,2021,8,24,"CA","HUMAN_OBSERVATION","Populus angustifolia"
4034637585,"Populus angustifolia",-112.728172,46.400084,2022,9,7,"US","HUMAN_OBSERVATION","Populus angustifolia"
3902027646,"Populus angustifolia",-108.002792,45.988291,2021,6,2,"US","HUMAN_OBSERVATION","Populus angustifolia"
4034857302,"Populus angustifolia",-111.501403,45.918788,2017,5,16,"US","HUMAN_OBSERVATION","Populus angustifolia"
4034622614,"Populus angustifolia",-112.410198,45.801734,2022,9,8,"US","HUMAN_OBSERVATION","Populus angustifolia"
3031845068,"Populus angustifolia",-108.596663,45.713265,2020,10,4,"US","HUMAN_OBSERVATION","Populus angustifolia"
4034754679,"Populus angustifolia",-109.572463,45.4757,2022,9,4,"US","HUMAN_OBSERVATION","Populus angustifolia"
3923572414,"Populus angustifolia",-110.642495,45.419372,2021,7,15,"US","HUMAN_OBSERVATION","Populus angustifolia"
3923461559,"Populus angustifolia",-110.623558,45.455738,2022,7,17,"US","HUMAN_OBSERVATION","Populus angustifolia"
3923333524,"Populus angustifolia",-110.729507,45.362602,2022,7,6,"US","HUMAN_OBSERVATION","Populus angustifolia"
4034749685,"Populus angustifolia",-110.854637,45.168033,2022,8,5,"US","HUMAN_OBSERVATION","Populus angustifolia"
1929935157,"Populus angustifolia",-112.89882,45.1327,2003,6,10,"US","PRESERVED_SPECIMEN","Populus angustifolia"
3018018497,"Populus angustifolia",-109.200425,45.09705,2020,7,30,"US","HUMAN_OBSERVATION","Populus angustifolia"
2573345142,"Populus angustifolia",-109.2494,44.8777,2001,7,31,"US","PRESERVED_SPECIMEN","Populus angustifolia"
2269310671,"Populus angustifolia",-107.262957,44.878306,2019,6,15,"US","HUMAN_OBSERVATION","Populus angustifolia"
3798117911,"Populus angustifolia",-109.31,44.84,2001,1,8,"US","PRESERVED_SPECIMEN","Populus angustifolia"
2559564564,"Populus angustifolia",-104.043097,44.468981,2010,6,7,"US","PRESERVED_SPECIMEN","Populus angustifolia"
2512331410,"Populus angustifolia",-104.024732,44.479404,2010,8,17,"US","PRESERVED_SPECIMEN","Populus angustifolia"
2562611139,"Populus angustifolia",-103.853737,44.46368,2009,9,11,"US","PRESERVED_SPECIMEN","Populus angustifolia"
2512287848,"Populus angustifolia",-103.965613,44.453379,2010,6,8,"US","PRESERVED_SPECIMEN","Populus angustifolia"
2512330311,"Populus angustifolia",-104.02798,44.388224,2010,8,17,"US","PRESERVED_SPECIMEN","Populus angustifolia"
1317983683,"Populus angustifolia",-117.633,44.2322,2011,3,4,"US","PRESERVED_SPECIMEN","Populus angustifolia"
1319445882,"Populus angustifolia",-117.613,44.2403,2011,3,4,"US","PRESERVED_SPECIMEN","Populus angustifolia"
3798060795,"Populus angustifolia",-108.64,44.19,2002,7,16,"US","PRESERVED_SPECIMEN","Populus angustifolia"
3798060840,"Populus angustifolia",-109.22,44.13,2002,7,17,"US","PRESERVED_SPECIMEN","Populus angustifolia"
2573462393,"Populus angustifolia",-107.2795,44.0984,2002,6,24,"US","PRESERVED_SPECIMEN","Populus angustifolia"
3925436696,"Populus angustifolia",-110.573737,43.888792,2022,9,29,"US","HUMAN_OBSERVATION","Populus angustifolia"
3903090958,"Populus angustifolia",-111.062265,43.746058,2022,8,30,"US","HUMAN_OBSERVATION","Populus angustifolia"
3456907849,"Populus angustifolia",-111.911545,43.70063,2021,9,4,"US","HUMAN_OBSERVATION","Populus angustifolia"
3892492774,"Populus angustifolia",-110.690691,43.697218,2022,8,11,"US","HUMAN_OBSERVATION","Populus angustifolia"
2626187296,"Populus angustifolia",-110.597058,43.671607,2020,5,14,"US","HUMAN_OBSERVATION","Populus angustifolia"
3384670999,"Populus angustifolia",-111.729048,43.65981,2021,7,27,"US","HUMAN_OBSERVATION","Populus angustifolia"
4011561565,"Populus angustifolia",-111.121514,43.648044,2022,10,11,"US","HUMAN_OBSERVATION","Populus angustifolia"
3314155364,"Populus angustifolia",-110.713792,43.65939,2020,8,31,"US","HUMAN_OBSERVATION","Populus angustifolia"
2573460365,"Populus angustifolia",-107.4604,43.6647,2002,7,14,"US","PRESERVED_SPECIMEN","Populus angustifolia"
3961283683,"Populus angustifolia",-111.084825,43.588086,2022,10,8,"US","HUMAN_OBSERVATION","Populus angustifolia"
4018239972,"Populus angustifolia",-107.413733,43.182708,2016,10,15,"US","HUMAN_OBSERVATION","Populus angustifolia"
3858257576,"Populus angustifolia",-105.899531,42.788461,2020,8,11,"US","HUMAN_OBSERVATION","Populus angustifolia"
1928653683,"Populus angustifolia",-108.743889,42.654852,2005,7,25,"US","PRESERVED_SPECIMEN","Populus angustifolia"
4010654511,"Populus angustifolia",-112.35175,42.37208,2021,8,3,"US","PRESERVED_SPECIMEN","Populus angustifolia"
1986994546,"Populus angustifolia",-111.6847,42.224317,2009,9,24,"US","PRESERVED_SPECIMEN","Populus angustifolia"
2634595781,"Populus angustifolia",-104.5325,42.209164,2020,5,26,"US","HUMAN_OBSERVATION","Populus angustifolia"
3744545525,"Populus angustifolia",-111.68776,42.16203,2021,6,11,"US","PRESERVED_SPECIMEN","Populus angustifolia"
3925077262,"Populus angustifolia",-111.752762,41.856995,2022,10,8,"US","HUMAN_OBSERVATION","Populus angustifolia"
2634342359,"Populus angustifolia",-111.585747,41.77805,2020,6,4,"US","HUMAN_OBSERVATION","Populus angustifolia"
2641490087,"Populus angustifolia",-111.772745,41.74133,2020,6,7,"US","HUMAN_OBSERVATION","Populus angustifolia"
1928051778,"Populus angustifolia",-111.19783,41.6685,2006,8,1,"US","PRESERVED_SPECIMEN","Populus angustifolia"
2461262318,"Populus angustifolia",-111.026554,41.483687,2019,5,22,"US","PRESERVED_SPECIMEN","Populus angustifolia"
3337507775,"Populus angustifolia",-106.802766,41.455375,2021,7,23,"US","HUMAN_OBSERVATION","Populus angustifolia"
2573343655,"Populus angustifolia",-106.5698,41.3593,2009,6,9,"US","PRESERVED_SPECIMEN","Populus angustifolia"
3858979906,"Populus angustifolia",-111.586495,41.29713,2022,7,1,"US","HUMAN_OBSERVATION","Populus angustifolia"
3872908652,"Populus angustifolia",-111.580313,41.29713,2022,6,3,"US","HUMAN_OBSERVATION","Populus angustifolia"
2873923112,"Populus angustifolia",-105.62896,41.313736,2020,9,26,"US","HUMAN_OBSERVATION","Populus angustifolia"
3873368532,"Populus angustifolia",-111.83824,41.24919,2021,5,25,"US","HUMAN_OBSERVATION","Populus angustifolia"
3873693443,"Populus angustifolia",-111.823875,41.234755,2021,5,20,"US","HUMAN_OBSERVATION","Populus angustifolia"
2461262405,"Populus angustifolia",-112.178608,41.204469,2018,6,19,"US","PRESERVED_SPECIMEN","Populus angustifolia"
2461263935,"Populus angustifolia",-111.928798,41.197654,2018,6,14,"US","PRESERVED_SPECIMEN","Populus angustifolia"
2573344047,"Populus angustifolia",-105.715267,41.169817,2007,6,16,"US","PRESERVED_SPECIMEN","Populus angustifolia"
2573461515,"Populus angustifolia",-106.0316,41.1309,2008,8,13,"US","PRESERVED_SPECIMEN","Populus angustifolia"
3466254449,"Populus angustifolia",-111.93122,41.0735,2018,6,9,"US","HUMAN_OBSERVATION","Populus angustifolia"
3872988642,"Populus angustifolia",-111.842322,41.000256,2022,5,22,"US","HUMAN_OBSERVATION","Populus angustifolia"
2885010333,"Populus angustifolia",-111.885699,40.995958,2018,5,31,"US","PRESERVED_SPECIMEN","Populus angustifolia"
3798084432,"Populus angustifolia",-105.17,40.97,2013,8,29,"US","PRESERVED_SPECIMEN","Populus angustifolia"
1914319300,"Populus angustifolia",-109.777593,40.928366,2018,9,22,"US","HUMAN_OBSERVATION","Populus angustifolia"
1914318869,"Populus angustifolia",-109.713481,40.925602,2018,9,19,"US","HUMAN_OBSERVATION","Populus angustifolia"
1928277569,"Populus angustifolia",-109.143056,40.931389,2005,6,16,"US","PRESERVED_SPECIMEN","Populus angustifolia"
3892746187,"Populus angustifolia",-105.286667,40.845001,2000,5,24,"US","PRESERVED_SPECIMEN","Populus angustifolia"
3963245229,"Populus angustifolia",-111.873572,40.797975,2022,11,6,"US","HUMAN_OBSERVATION","Populus angustifolia"
1848781495,"Populus angustifolia",-111.679683,40.810522,2018,5,31,"US","HUMAN_OBSERVATION","Populus angustifolia"
3858298406,"Populus angustifolia",-111.701573,40.774172,2019,7,30,"US","HUMAN_OBSERVATION","Populus angustifolia"
3902551155,"Populus angustifolia",-111.918044,40.741378,2022,8,28,"US","HUMAN_OBSERVATION","Populus angustifolia"
2626629304,"Populus angustifolia",-111.792273,40.709317,2020,5,17,"US","HUMAN_OBSERVATION","Populus angustifolia"
2573352404,"Populus angustifolia",-106.2737,40.7095,2007,8,18,"US","PRESERVED_SPECIMEN","Populus angustifolia"
3902520785,"Populus angustifolia",-111.489388,40.70417,2022,8,30,"US","HUMAN_OBSERVATION","Populus angustifolia"
3798137717,"Populus angustifolia",-106.27,40.7,2007,8,18,"US","PRESERVED_SPECIMEN","Populus angustifolia"
2573349894,"Populus angustifolia",-105.71479,40.70172,2001,8,21,"US","PRESERVED_SPECIMEN","Populus angustifolia"
3923714582,"Populus angustifolia",-105.348228,40.685098,2022,9,1,"US","HUMAN_OBSERVATION","Populus angustifolia"
4029084111,"Populus angustifolia",-111.72073,40.63271,2009,9,12,"US","HUMAN_OBSERVATION","Populus angustifolia"
2573352660,"Populus angustifolia",-106.36155,40.66452,2007,6,17,"US","PRESERVED_SPECIMEN","Populus angustifolia"
3858204797,"Populus angustifolia",-111.763847,40.623305,2021,7,29,"US","HUMAN_OBSERVATION","Populus angustifolia"
4029057273,"Populus angustifolia",-111.744,40.62139,2009,9,5,"US","HUMAN_OBSERVATION","Populus angustifolia"
3059679901,"Populus angustifolia",-111.5881,40.6169,2009,7,26,"US","PRESERVED_SPECIMEN","Populus angustifolia"
1891291882,"Populus angustifolia",-111.341545,40.602194,2018,7,5,"US","HUMAN_OBSERVATION","Populus angustifolia"
1586100021,"Populus angustifolia",-105.181385,40.594632,2017,6,16,"US","HUMAN_OBSERVATION","Populus angustifolia"
3874138573,"Populus angustifolia",-105.09312,40.602536,2022,7,14,"US","HUMAN_OBSERVATION","Populus angustifolia"
3902379178,"Populus angustifolia",-111.911421,40.57703,2022,8,21,"US","HUMAN_OBSERVATION","Populus angustifolia"
3957763551,"Populus angustifolia",-111.812658,40.557757,2020,9,26,"US","HUMAN_OBSERVATION","Populus angustifolia"
3059679903,"Populus angustifolia",-111.7806,40.5622,2009,10,22,"US","PRESERVED_SPECIMEN","Populus angustifolia"
2238914454,"Populus angustifolia",-105.00678,40.565414,2019,4,27,"US","HUMAN_OBSERVATION","Populus angustifolia"
1931034633,"Populus angustifolia",-110.3418,40.5403,2000,6,6,"US","PRESERVED_SPECIMEN","Populus angustifolia"
3330503797,"Populus angustifolia",-107.483344,40.511456,2021,7,14,"US","HUMAN_OBSERVATION","Populus angustifolia"
1946201194,"Populus angustifolia",-106.888926,40.506746,2018,9,19,"US","HUMAN_OBSERVATION","Populus angustifolia"
1880488706,"Populus angustifolia",-111.746222,40.476744,2018,6,12,"US","HUMAN_OBSERVATION","Populus angustifolia"
2460018905,"Populus angustifolia",-106.829579,40.468636,2016,6,26,"US","HUMAN_OBSERVATION","Populus angustifolia"
1880551624,"Populus angustifolia",-111.782653,40.43563,2018,6,23,"US","HUMAN_OBSERVATION","Populus angustifolia"
2901517572,"Populus angustifolia",-112.100594,40.405583,2020,9,20,"US","HUMAN_OBSERVATION","Populus angustifolia"
3385136358,"Populus angustifolia",-111.606041,40.404247,2021,10,4,"US","HUMAN_OBSERVATION","Populus angustifolia"
3986325864,"Populus angustifolia",-111.578803,40.391962,2022,7,31,"US","HUMAN_OBSERVATION","Populus angustifolia"
3947375447,"Populus angustifolia",-105.646233,40.399128,2022,10,13,"US","HUMAN_OBSERVATION","Populus angustifolia"
3903334941,"Populus angustifolia",-111.698071,40.365885,2022,8,25,"US","HUMAN_OBSERVATION","Populus angustifolia"
3874168911,"Populus angustifolia",-111.612569,40.335477,2022,7,16,"US","HUMAN_OBSERVATION","Populus angustifolia"
2273247242,"Populus angustifolia",-111.523723,40.33478,2019,5,26,"US","HUMAN_OBSERVATION","Populus angustifolia"
3858514229,"Populus angustifolia",-111.659487,40.30262,2022,6,18,"US","HUMAN_OBSERVATION","Populus angustifolia"
3915394104,"Populus angustifolia",-111.621302,40.329904,2022,9,24,"US","HUMAN_OBSERVATION","Populus angustifolia"
3925105142,"Populus angustifolia",-111.671064,40.262284,2022,10,7,"US","HUMAN_OBSERVATION","Populus angustifolia"
3889064177,"Populus angustifolia",-111.664003,40.260947,2022,8,2,"US","HUMAN_OBSERVATION","Populus angustifolia"
3923544080,"Populus angustifolia",-111.617042,40.264978,2022,9,29,"US","HUMAN_OBSERVATION","Populus angustifolia"
3915638685,"Populus angustifolia",-111.732918,40.245949,2022,9,10,"US","HUMAN_OBSERVATION","Populus angustifolia"
3925418890,"Populus angustifolia",-111.684002,40.241947,2022,10,5,"US","HUMAN_OBSERVATION","Populus angustifolia"
3113626610,"Populus angustifolia",-111.653175,40.244408,2021,5,11,"US","HUMAN_OBSERVATION","Populus angustifolia"
3986213787,"Populus angustifolia",-111.616801,40.224802,2022,9,17,"US","HUMAN_OBSERVATION","Populus angustifolia"
3325585689,"Populus angustifolia",-105.277938,40.21304,2021,7,2,"US","HUMAN_OBSERVATION","Populus angustifolia"
3005141828,"Populus angustifolia",-105.222676,40.247215,2018,7,8,"US","HUMAN_OBSERVATION","Populus angustifolia"
2963906463,"Populus angustifolia",-111.470147,40.16677,2020,9,19,"US","HUMAN_OBSERVATION","Populus angustifolia"
3892518392,"Populus angustifolia",-110.499169,40.180325,2022,5,31,"US","HUMAN_OBSERVATION","Populus angustifolia"
177009410,"Populus angustifolia",-105.433333,40.175278,2001,8,8,"US","PRESERVED_SPECIMEN","Populus angustifolia"
4027072890,"Populus angustifolia",-105.282683,40.1671,2018,6,22,"US","PRESERVED_SPECIMEN","Populus angustifolia"
3902978918,"Populus angustifolia",-105.176705,40.183945,2022,8,25,"US","HUMAN_OBSERVATION","Populus angustifolia"
1928298579,"Populus angustifolia",-105.9344,40.1489,2003,6,4,"US","PRESERVED_SPECIMEN","Populus angustifolia"
2294841216,"Populus angustifolia",-105.129089,40.164597,2016,7,18,"US","HUMAN_OBSERVATION","Populus angustifolia"
3881421956,"Populus angustifolia",-111.354972,40.084514,2022,7,27,"US","HUMAN_OBSERVATION","Populus angustifolia"
3798133954,"Populus angustifolia",-105.82,40.1,2003,7,21,"US","PRESERVED_SPECIMEN","Populus angustifolia"
2242398621,"Populus angustifolia",-105.14345,40.109733,2011,6,12,"US","PRESERVED_SPECIMEN","Populus angustifolia"
3860763306,"Populus angustifolia",-111.587678,40.078918,2022,6,16,"US","HUMAN_OBSERVATION","Populus angustifolia"
1831118789,"Populus angustifolia",-111.545234,40.041938,2013,8,9,"US","HUMAN_OBSERVATION","Populus angustifolia"
3859821418,"Populus angustifolia",-111.429234,40.05185,2022,6,16,"US","HUMAN_OBSERVATION","Populus angustifolia"
4034643642,"Populus angustifolia",-111.402239,40.080042,2022,10,24,"US","HUMAN_OBSERVATION","Populus angustifolia"
177009243,"Populus angustifolia",-106.205833,40.064444,2004,9,17,"US","PRESERVED_SPECIMEN","Populus angustifolia"
4014852966,"Populus angustifolia",-107.837074,40.002478,2022,5,25,"US","HUMAN_OBSERVATION","Populus angustifolia"
2573352094,"Populus angustifolia",-106.48477,40.00241,2000,6,5,"US","PRESERVED_SPECIMEN","Populus angustifolia"
3415498966,"Populus angustifolia",-105.26297,40.011575,2021,10,2,"US","HUMAN_OBSERVATION","Populus angustifolia"
3415766682,"Populus angustifolia",-105.541978,39.963362,2021,7,28,"US","HUMAN_OBSERVATION","Populus angustifolia"
3391656560,"Populus angustifolia",-105.539139,39.990169,2021,9,11,"US","HUMAN_OBSERVATION","Populus angustifolia"
3067958058,"Populus angustifolia",-105.267617,39.97443,2020,6,14,"US","HUMAN_OBSERVATION","Populus angustifolia"
3960987684,"Populus angustifolia",-105.214733,39.999874,2022,10,24,"US","HUMAN_OBSERVATION","Populus angustifolia"
3391379821,"Populus angustifolia",-105.310946,39.929651,2021,10,8,"US","HUMAN_OBSERVATION","Populus angustifolia"
2294568140,"Populus angustifolia",-105.290253,39.929838,2019,7,3,"US","HUMAN_OBSERVATION","Populus angustifolia"
3391553564,"Populus angustifolia",-105.050053,39.933519,2021,9,26,"US","HUMAN_OBSERVATION","Populus angustifolia"
3798133949,"Populus angustifolia",-106.08,39.89,2003,6,24,"US","PRESERVED_SPECIMEN","Populus angustifolia"
3986214057,"Populus angustifolia",-110.528747,39.869236,2022,6,1,"US","HUMAN_OBSERVATION","Populus angustifolia"
3415581813,"Populus angustifolia",-105.434875,39.855892,2021,9,20,"US","HUMAN_OBSERVATION","Populus angustifolia"
2242389020,"Populus angustifolia",-105.360458,39.849576,2001,5,28,"US","PRESERVED_SPECIMEN","Populus angustifolia"
3415861727,"Populus angustifolia",-105.407761,39.823421,2021,7,24,"US","HUMAN_OBSERVATION","Populus angustifolia"
3994115662,"Populus angustifolia",-105.100052,39.824574,2022,11,16,"US","HUMAN_OBSERVATION","Populus angustifolia"
3961196510,"Populus angustifolia",-113.876372,39.786708,2022,7,23,"US","HUMAN_OBSERVATION","Populus angustifolia"
3860197299,"Populus angustifolia",-105.234433,39.752765,2022,7,4,"US","HUMAN_OBSERVATION","Populus angustifolia"
3391305576,"Populus angustifolia",-104.889908,39.754437,2021,10,5,"US","HUMAN_OBSERVATION","Populus angustifolia"
3925118394,"Populus angustifolia",-105.695942,39.714292,2020,6,15,"US","HUMAN_OBSERVATION","Populus angustifolia"
3391517240,"Populus angustifolia",-105.33172,39.729042,2021,10,13,"US","HUMAN_OBSERVATION","Populus angustifolia"
3058759361,"Populus angustifolia",-107.699178,39.676679,2019,6,22,"US","HUMAN_OBSERVATION","Populus angustifolia"
1949981903,"Populus angustifolia",-105.701767,39.6827,2018,9,9,"US","HUMAN_OBSERVATION","Populus angustifolia"
3415430864,"Populus angustifolia",-105.258155,39.667027,2021,10,19,"US","HUMAN_OBSERVATION","Populus angustifolia"
3314528317,"Populus angustifolia",-105.205678,39.693458,2021,6,22,"US","HUMAN_OBSERVATION","Populus angustifolia"
3915297505,"Populus angustifolia",-105.100249,39.703224,2022,7,28,"US","HUMAN_OBSERVATION","Populus angustifolia"
3391344536,"Populus angustifolia",-104.963391,39.67417,2021,9,10,"US","HUMAN_OBSERVATION","Populus angustifolia"
2242358981,"Populus angustifolia",-106.3655,39.6396,2018,9,19,"US","PRESERVED_SPECIMEN","Populus angustifolia"
2265879203,"Populus angustifolia",-104.934745,39.658345,2019,6,8,"US","HUMAN_OBSERVATION","Populus angustifolia"
2573328829,"Populus angustifolia",-107.764239,39.616368,2010,8,5,"US","PRESERVED_SPECIMEN","Populus angustifolia"
3798117915,"Populus angustifolia",-105.93,39.6,2010,8,6,"US","PRESERVED_SPECIMEN","Populus angustifolia"
3415466921,"Populus angustifolia",-104.668387,39.60025,2021,9,24,"US","HUMAN_OBSERVATION","Populus angustifolia"
1928299296,"Populus angustifolia",-114.60431,39.5669,2002,7,24,"US","PRESERVED_SPECIMEN","Populus angustifolia"
2573328860,"Populus angustifolia",-107.536443,39.572757,2010,8,2,"US","PRESERVED_SPECIMEN","Populus angustifolia"
2465065629,"Populus angustifolia",-105.128,39.55091,2019,6,26,"US","HUMAN_OBSERVATION","Populus angustifolia"
2465065331,"Populus angustifolia",-105.10571,39.55085,2019,6,25,"US","HUMAN_OBSERVATION","Populus angustifolia"
3455361334,"Populus angustifolia",-105.064831,39.543103,2021,11,12,"US","HUMAN_OBSERVATION","Populus angustifolia"
3873634717,"Populus angustifolia",-105.03406,39.579794,2022,6,12,"US","HUMAN_OBSERVATION","Populus angustifolia"
3415900642,"Populus angustifolia",-104.974033,39.548088,2021,6,28,"US","HUMAN_OBSERVATION","Populus angustifolia"
3915433062,"Populus angustifolia",-106.051562,39.513807,2022,9,22,"US","HUMAN_OBSERVATION","Populus angustifolia"
2574972215,"Populus angustifolia",-105.072879,39.504336,2018,6,5,"US","PRESERVED_SPECIMEN","Populus angustifolia"
1260858676,"Populus angustifolia",-107.83166,39.47583,2007,7,28,"US","PRESERVED_SPECIMEN","Populus angustifolia"
3963642410,"Populus angustifolia",-106.0503,39.476908,2021,10,31,"US","HUMAN_OBSERVATION","Populus angustifolia"
3994117511,"Populus angustifolia",-105.08705,39.495462,2022,7,15,"US","HUMAN_OBSERVATION","Populus angustifolia"
2574971823,"Populus angustifolia",-105.082543,39.487857,2018,5,8,"US","PRESERVED_SPECIMEN","Populus angustifolia"
3961105443,"Populus angustifolia",-114.113568,39.399465,2022,5,17,"US","HUMAN_OBSERVATION","Populus angustifolia"
3415826497,"Populus angustifolia",-104.813736,39.371106,2021,11,3,"US","HUMAN_OBSERVATION","Populus angustifolia"
3858161708,"Populus angustifolia",-114.130304,39.331635,2021,6,14,"US","HUMAN_OBSERVATION","Populus angustifolia"
2242360983,"Populus angustifolia",-105.0434,39.31047,2017,9,12,"US","PRESERVED_SPECIMEN","Populus angustifolia"
3384482118,"Populus angustifolia",-111.617512,39.255944,2021,9,24,"US","HUMAN_OBSERVATION","Populus angustifolia"
2265803126,"Populus angustifolia",-114.092783,39.21628,2019,6,1,"US","HUMAN_OBSERVATION","Populus angustifolia"
2451559218,"Populus angustifolia",-104.95975,39.21736,2019,6,6,"US","PRESERVED_SPECIMEN","Populus angustifolia"
3960997390,"Populus angustifolia",-106.382003,39.086314,2021,7,15,"US","HUMAN_OBSERVATION","Populus angustifolia"
3759078806,"Populus angustifolia",-104.913268,39.11582,2021,8,4,"US","HUMAN_OBSERVATION","Populus angustifolia"
3314458544,"Populus angustifolia",-115.306398,39.041561,2021,6,13,"US","HUMAN_OBSERVATION","Populus angustifolia"
2634218446,"Populus angustifolia",-104.900368,39.024133,2019,8,19,"US","HUMAN_OBSERVATION","Populus angustifolia"
3383907549,"Populus angustifolia",-104.812888,39.024495,2020,9,7,"US","HUMAN_OBSERVATION","Populus angustifolia"
3455794379,"Populus angustifolia",-107.253511,38.960325,2021,10,5,"US","HUMAN_OBSERVATION","Populus angustifolia"
3960989569,"Populus angustifolia",-114.145508,38.917506,2022,9,22,"US","HUMAN_OBSERVATION","Populus angustifolia"
3776197882,"Populus angustifolia",-106.96156,38.934435,2014,7,15,"US","PRESERVED_SPECIMEN","Populus angustifolia"
2626131393,"Populus angustifolia",-104.99073,38.91912,2018,9,2,"US","HUMAN_OBSERVATION","Populus angustifolia"
1913190471,"Populus angustifolia",-104.755278,38.929405,2018,9,11,"US","HUMAN_OBSERVATION","Populus angustifolia"
3384615483,"Populus angustifolia",-104.597879,38.941123,2020,7,10,"US","HUMAN_OBSERVATION","Populus angustifolia"
3961025490,"Populus angustifolia",-106.967684,38.91149,2022,7,12,"US","HUMAN_OBSERVATION","Populus angustifolia"
3872902691,"Populus angustifolia",-104.872308,38.877755,2022,5,31,"US","HUMAN_OBSERVATION","Populus angustifolia"
3384436876,"Populus angustifolia",-104.799976,38.901104,2021,7,13,"US","HUMAN_OBSERVATION","Populus angustifolia"
3858361253,"Populus angustifolia",-114.104173,38.873943,2022,5,27,"US","HUMAN_OBSERVATION","Populus angustifolia"
2242357296,"Populus angustifolia",-106.002097,38.837961,2012,8,20,"US","PRESERVED_SPECIMEN","Populus angustifolia"
3873734362,"Populus angustifolia",-104.893212,38.863892,2022,6,29,"US","HUMAN_OBSERVATION","Populus angustifolia"
3912090431,"Populus angustifolia",-104.871613,38.873742,2022,5,26,"US","HUMAN_OBSERVATION","Populus angustifolia"
3383911457,"Populus angustifolia",-104.826203,38.862729,2020,6,2,"US","HUMAN_OBSERVATION","Populus angustifolia"
2626531224,"Populus angustifolia",-104.878979,38.828875,2020,5,16,"US","HUMAN_OBSERVATION","Populus angustifolia"
3912079802,"Populus angustifolia",-104.865006,38.826242,2022,8,3,"US","HUMAN_OBSERVATION","Populus angustifolia"
1500224789,"Populus angustifolia",-104.822709,38.816564,2017,4,7,"US","HUMAN_OBSERVATION","Populus angustifolia"
2573461627,"Populus angustifolia",-106.0625,38.7615,2000,5,25,"US","PRESERVED_SPECIMEN","Populus angustifolia"
3994039498,"Populus angustifolia",-104.872396,38.789824,2022,7,17,"US","HUMAN_OBSERVATION","Populus angustifolia"
2573352507,"Populus angustifolia",-106.19977,38.71736,2000,6,8,"US","PRESERVED_SPECIMEN","Populus angustifolia"
2242355220,"Populus angustifolia",-105.98058,38.73738,2016,7,20,"US","PRESERVED_SPECIMEN","Populus angustifolia"
3383925477,"Populus angustifolia",-104.83288,38.729155,2020,6,7,"US","HUMAN_OBSERVATION","Populus angustifolia"
3384607414,"Populus angustifolia",-104.726331,38.72177,2019,9,21,"US","HUMAN_OBSERVATION","Populus angustifolia"
233101195,"Populus angustifolia",-104.38309,38.72767,2008,7,11,"US","PRESERVED_SPECIMEN","Populus angustifolia"
3798117901,"Populus angustifolia",-106.05,38.64,2000,5,22,"US","PRESERVED_SPECIMEN","Populus angustifolia"
2242353939,"Populus angustifolia",-106.04159,38.64846,2016,8,23,"US","PRESERVED_SPECIMEN","Populus angustifolia"
415733318,"Populus angustifolia",-114.444722,38.613611,2005,5,21,"US","PRESERVED_SPECIMEN","Populus angustifolia"
1703125304,"Populus angustifolia",-109.525373,38.599993,2016,8,27,"US","HUMAN_OBSERVATION","Populus angustifolia"
2573348881,"Populus angustifolia",-107.78693,38.59156,2003,6,27,"US","PRESERVED_SPECIMEN","Populus angustifolia"
3384643333,"Populus angustifolia",-104.887208,38.624133,2018,9,5,"US","HUMAN_OBSERVATION","Populus angustifolia"
3903012306,"Populus angustifolia",-106.104317,38.545945,2022,8,31,"US","HUMAN_OBSERVATION","Populus angustifolia"
2901568870,"Populus angustifolia",-105.013078,38.577695,2020,10,17,"US","HUMAN_OBSERVATION","Populus angustifolia"
3892746184,"Populus angustifolia",-105.998902,38.534719,2017,6,26,"US","PRESERVED_SPECIMEN","Populus angustifolia"
3873177986,"Populus angustifolia",-111.517954,38.34022,2022,5,16,"US","HUMAN_OBSERVATION","Populus angustifolia"
2028520226,"Populus angustifolia",-105.82454,38.329176,2014,8,22,"US","HUMAN_OBSERVATION","Populus angustifolia"
3858343865,"Populus angustifolia",-113.84172,38.284847,2022,5,25,"US","HUMAN_OBSERVATION","Populus angustifolia"
3947557616,"Populus angustifolia",-111.377587,38.25048,2022,7,22,"US","HUMAN_OBSERVATION","Populus angustifolia"
2572935688,"Populus angustifolia",-115.626091,38.154042,2010,9,24,"US","PRESERVED_SPECIMEN","Populus angustifolia"
3302541507,"Populus angustifolia",-115.614444,38.058611,2021,6,5,"US","HUMAN_OBSERVATION","Populus angustifolia"
3091222217,"Populus angustifolia",-108.129333,38.042333,2010,7,19,"US","PRESERVED_SPECIMEN","Populus angustifolia"
2573352232,"Populus angustifolia",-105.72458,37.98131,2006,5,24,"US","PRESERVED_SPECIMEN","Populus angustifolia"
3947243935,"Populus angustifolia",-107.807317,37.935506,2022,9,20,"US","HUMAN_OBSERVATION","Populus angustifolia"
3355689490,"Populus angustifolia",-104.930524,37.923188,2021,9,8,"US","HUMAN_OBSERVATION","Populus angustifolia"
3988438180,"Populus angustifolia",-112.319892,37.8521,2022,8,14,"US","HUMAN_OBSERVATION","Populus angustifolia"
3858710492,"Populus angustifolia",-109.72784,37.802167,2022,5,24,"US","HUMAN_OBSERVATION","Populus angustifolia"
2980993551,"Populus angustifolia",-112.838629,37.773908,2020,10,13,"US","HUMAN_OBSERVATION","Populus angustifolia"
3859937361,"Populus angustifolia",-111.719261,37.762585,2018,8,26,"US","HUMAN_OBSERVATION","Populus angustifolia"
3994249342,"Populus angustifolia",-105.607923,37.763066,2020,8,17,"US","HUMAN_OBSERVATION","Populus angustifolia"
2294435360,"Populus angustifolia",-105.511677,37.737997,2019,5,28,"US","HUMAN_OBSERVATION","Populus angustifolia"
2270461925,"Populus angustifolia",-113.0177,37.67315,2008,11,4,"US","PRESERVED_SPECIMEN","Populus angustifolia"
2573435293,"Populus angustifolia",-108.468683,37.679967,2011,9,11,"US","PRESERVED_SPECIMEN","Populus angustifolia"
2242356437,"Populus angustifolia",-106.600717,37.6703,2003,6,29,"US","PRESERVED_SPECIMEN","Populus angustifolia"
3802602222,"Populus angustifolia",-106.297966,37.681979,2022,5,24,"US","HUMAN_OBSERVATION","Populus angustifolia"
1930342866,"Populus angustifolia",-112.0865,37.66037,2000,9,27,"US","PRESERVED_SPECIMEN","Populus angustifolia"
3923467852,"Populus angustifolia",-112.161986,37.617625,2022,9,28,"US","HUMAN_OBSERVATION","Populus angustifolia"
3091237323,"Populus angustifolia",-108.2395,37.5815,2009,7,27,"US","PRESERVED_SPECIMEN","Populus angustifolia"
997427117,"Populus angustifolia",-114.0387,37.5258,2011,5,16,"US","PRESERVED_SPECIMEN","Populus angustifolia"
1949988381,"Populus angustifolia",-107.798669,37.523369,2018,8,16,"US","HUMAN_OBSERVATION","Populus angustifolia"
2634008712,"Populus angustifolia",-108.219392,37.419858,2020,5,17,"US","HUMAN_OBSERVATION","Populus angustifolia"
2862482134,"Populus angustifolia",-113.456633,37.374767,2020,9,6,"US","HUMAN_OBSERVATION","Populus angustifolia"
3923644730,"Populus angustifolia",-108.408122,37.336092,2022,9,10,"US","HUMAN_OBSERVATION","Populus angustifolia"
1946204058,"Populus angustifolia",-108.182286,37.316229,2018,10,10,"US","HUMAN_OBSERVATION","Populus angustifolia"
2573519192,"Populus angustifolia",-106.72841,37.25255,2014,7,23,"US","PRESERVED_SPECIMEN","Populus angustifolia"
2573464387,"Populus angustifolia",-106.43991,37.16832,2016,6,30,"US","PRESERVED_SPECIMEN","Populus angustifolia"
3994077405,"Populus angustifolia",-104.462763,37.098354,2021,9,12,"US","HUMAN_OBSERVATION","Populus angustifolia"
2573463603,"Populus angustifolia",-106.55484,37.03228,2016,6,30,"US","PRESERVED_SPECIMEN","Populus angustifolia"
3994159309,"Populus angustifolia",-104.491408,37.020992,2018,7,20,"US","HUMAN_OBSERVATION","Populus angustifolia"
2573464148,"Populus angustifolia",-105.126944,36.949167,2007,6,12,"US","PRESERVED_SPECIMEN","Populus angustifolia"
3502997333,"Populus angustifolia",-105.101593,36.928627,2008,5,19,"US","PRESERVED_SPECIMEN","Populus angustifolia"
1843904396,"Populus angustifolia",-107.999924,36.836822,2006,8,26,"US","PRESERVED_SPECIMEN","Populus angustifolia"
2242403446,"Populus angustifolia",-104.920278,36.872222,2007,6,23,"US","PRESERVED_SPECIMEN","Populus angustifolia"
1843911714,"Populus angustifolia",-104.882584,36.8512,2008,6,4,"US","PRESERVED_SPECIMEN","Populus angustifolia"
3091187868,"Populus angustifolia",-108.0065276,36.833132,2006,8,27,"US","PRESERVED_SPECIMEN","Populus angustifolia"
3091187870,"Populus angustifolia",-107.9976674,36.8330521,2006,8,26,"US","PRESERVED_SPECIMEN","Populus angustifolia"
3902032869,"Populus angustifolia",-107.786125,36.829272,2021,8,6,"US","HUMAN_OBSERVATION","Populus angustifolia"
2573463431,"Populus angustifolia",-104.864815,36.585094,2008,6,6,"US","PRESERVED_SPECIMEN","Populus angustifolia"
3798098678,"Populus angustifolia",-106.75,36.4,2002,7,11,"US","PRESERVED_SPECIMEN","Populus angustifolia"
3985752483,"Populus angustifolia",-105.287095,36.385053,2021,10,13,"US","HUMAN_OBSERVATION","Populus angustifolia"
3091209572,"Populus angustifolia",-108.92764,36.32905,2002,6,13,"US","PRESERVED_SPECIMEN","Populus angustifolia"
1843906207,"Populus angustifolia",-106.60668,36.32106,2008,8,10,"US","PRESERVED_SPECIMEN","Populus angustifolia"
1843915364,"Populus angustifolia",-105.5294,36.2624,2005,6,9,"US","PRESERVED_SPECIMEN","Populus angustifolia"
3798138080,"Populus angustifolia",-106.85,36.2,2002,5,30,"US","PRESERVED_SPECIMEN","Populus angustifolia"
3091275772,"Populus angustifolia",-109.32747,36.15977,2001,5,24,"US","PRESERVED_SPECIMEN","Populus angustifolia"
1843913682,"Populus angustifolia",-105.55231,36.15741,2011,9,1,"US","PRESERVED_SPECIMEN","Populus angustifolia"
3091281491,"Populus angustifolia",-109.2474,35.99637,2001,5,30,"US","PRESERVED_SPECIMEN","Populus angustifolia"
3994210448,"Populus angustifolia",-105.928638,35.993728,2022,5,31,"US","HUMAN_OBSERVATION","Populus angustifolia"
3798098683,"Populus angustifolia",-105.75,35.96,2003,6,23,"US","PRESERVED_SPECIMEN","Populus angustifolia"
1848025563,"Populus angustifolia",-106.971706,35.934742,2002,6,25,"US","PRESERVED_SPECIMEN","Populus angustifolia"
3067630388,"Populus angustifolia",-106.33388,35.879151,2018,5,1,"US","HUMAN_OBSERVATION","Populus angustifolia"
1843894585,"Populus angustifolia",-105.4152,35.9006,2003,8,27,"US","PRESERVED_SPECIMEN","Populus angustifolia"
1843894470,"Populus angustifolia",-106.64555,35.82902,2002,6,11,"US","PRESERVED_SPECIMEN","Populus angustifolia"
1843841411,"Populus angustifolia",-106.617,35.82769,2001,7,30,"US","PRESERVED_SPECIMEN","Populus angustifolia"
1843898028,"Populus angustifolia",-106.30845,35.79967,2003,6,18,"US","PRESERVED_SPECIMEN","Populus angustifolia"
3462679947,"Populus angustifolia",-105.450718,35.816024,2003,8,18,"US","PRESERVED_SPECIMEN","Populus angustifolia"
2573345913,"Populus angustifolia",-106.436567,35.7794,2003,6,23,"US","PRESERVED_SPECIMEN","Populus angustifolia"
3343768703,"Populus angustifolia",-106.274444,35.7825,2021,8,8,"US","HUMAN_OBSERVATION","Populus angustifolia"
4011704395,"Populus angustifolia",-105.662864,35.771928,2021,7,21,"US","HUMAN_OBSERVATION","Populus angustifolia"
2573345311,"Populus angustifolia",-105.888,35.745,2003,6,12,"US","PRESERVED_SPECIMEN","Populus angustifolia"
3462679545,"Populus angustifolia",-105.701077,35.72175,2002,8,20,"US","PRESERVED_SPECIMEN","Populus angustifolia"
1847643914,"Populus angustifolia",-105.41285,35.710842,2017,8,6,"US","HUMAN_OBSERVATION","Populus angustifolia"
3892751132,"Populus angustifolia",-106.643283,35.693367,2002,6,22,"US","PRESERVED_SPECIMEN","Populus angustifolia"
3759203097,"Populus angustifolia",-105.888222,35.692544,2022,3,25,"US","HUMAN_OBSERVATION","Populus angustifolia"
1843894855,"Populus angustifolia",-105.80585,35.70783,2002,8,23,"US","PRESERVED_SPECIMEN","Populus angustifolia"
4011598403,"Populus angustifolia",-105.640773,35.614878,2021,9,5,"US","HUMAN_OBSERVATION","Populus angustifolia"
4011536534,"Populus angustifolia",-105.225254,35.595827,2022,8,30,"US","HUMAN_OBSERVATION","Populus angustifolia"
3985629718,"Populus angustifolia",-105.814393,35.571973,2022,8,19,"US","HUMAN_OBSERVATION","Populus angustifolia"
4011643553,"Populus angustifolia",-105.544441,35.545455,2022,10,1,"US","HUMAN_OBSERVATION","Populus angustifolia"
3947107878,"Populus angustifolia",-105.541568,35.548586,2022,10,1,"US","HUMAN_OBSERVATION","Populus angustifolia"
2573346957,"Populus angustifolia",-105.5518,35.3205,2004,7,12,"US","PRESERVED_SPECIMEN","Populus angustifolia"
3091210634,"Populus angustifolia",-111.4098,35.25419,2005,6,20,"US","PRESERVED_SPECIMEN","Populus angustifolia"
3860162182,"Populus angustifolia",-107.980897,35.204358,2022,6,25,"US","HUMAN_OBSERVATION","Populus angustifolia"
3859063087,"Populus angustifolia",-111.731255,35.159161,2022,5,12,"US","HUMAN_OBSERVATION","Populus angustifolia"
2563485034,"Populus angustifolia",-111.601452,35.131172,2019,9,20,"US","HUMAN_OBSERVATION","Populus angustifolia"
3302436356,"Populus angustifolia",-111.571808,35.14738,2019,7,20,"US","HUMAN_OBSERVATION","Populus angustifolia"
3742999646,"Populus angustifolia",-106.464596,35.132477,2022,3,12,"US","HUMAN_OBSERVATION","Populus angustifolia"
3091270569,"Populus angustifolia",-111.6907,35.0466,2004,9,25,"US","PRESERVED_SPECIMEN","Populus angustifolia"
3091256966,"Populus angustifolia",-111.852222,35.021111,2000,9,10,"US","PRESERVED_SPECIMEN","Populus angustifolia"
3307227632,"Populus angustifolia",-111.74021,34.99769,2021,5,2,"US","HUMAN_OBSERVATION","Populus angustifolia"
3307151483,"Populus angustifolia",-110.787534,34.617284,2021,6,3,"US","HUMAN_OBSERVATION","Populus angustifolia"
2634229978,"Populus angustifolia",-112.436105,34.570224,2020,5,22,"US","HUMAN_OBSERVATION","Populus angustifolia"
3091294174,"Populus angustifolia",-111.44931,34.56142,2014,6,14,"US","PRESERVED_SPECIMEN","Populus angustifolia"
2422386108,"Populus angustifolia",-112.475,34.50833,2003,9,14,"US","PRESERVED_SPECIMEN","Populus angustifolia"
3091282717,"Populus angustifolia",-110.560233,34.511633,2017,9,7,"US","PRESERVED_SPECIMEN","Populus angustifolia"
2985548439,"Populus angustifolia",-106.320361,34.520316,2003,7,11,"US","PRESERVED_SPECIMEN","Populus angustifolia"
2802831932,"Populus angustifolia",-112.490173,34.45449,2020,6,22,"US","HUMAN_OBSERVATION","Populus angustifolia"
2999114564,"Populus angustifolia",-112.454463,34.442381,2020,11,28,"US","HUMAN_OBSERVATION","Populus angustifolia"
3091295699,"Populus angustifolia",-110.276067,34.4563,2018,9,7,"US","PRESERVED_SPECIMEN","Populus angustifolia"
3307126419,"Populus angustifolia",-110.585436,34.375726,2021,5,10,"US","HUMAN_OBSERVATION","Populus angustifolia"
2826340774,"Populus angustifolia",-110.648537,34.360514,2020,7,29,"US","HUMAN_OBSERVATION","Populus angustifolia"
3307171451,"Populus angustifolia",-110.644454,34.314246,2021,5,10,"US","HUMAN_OBSERVATION","Populus angustifolia"
1846489652,"Populus angustifolia",-110.8065,34.28767,2003,8,23,"US","PRESERVED_SPECIMEN","Populus angustifolia"
1988068657,"Populus angustifolia",-116.837958,34.173447,2013,2,3,"US","PRESERVED_SPECIMEN","Populus angustifolia"
1988191590,"Populus angustifolia",-116.82667,34.169681,2013,2,3,"US","PRESERVED_SPECIMEN","Populus angustifolia"
1930951871,"Populus angustifolia",-116.75169,34.15453,2009,6,16,"US","PRESERVED_SPECIMEN","Populus angustifolia"
3307231486,"Populus angustifolia",-110.61771,34.13353,2021,5,25,"US","HUMAN_OBSERVATION","Populus angustifolia"
3802340766,"Populus angustifolia",-109.415,34.084003,2022,5,20,"US","HUMAN_OBSERVATION","Populus angustifolia"
3333264377,"Populus angustifolia",-107.129872,34.024524,2020,10,22,"US","HUMAN_OBSERVATION","Populus angustifolia"
3915347565,"Populus angustifolia",-109.384442,33.775117,2022,6,12,"US","HUMAN_OBSERVATION","Populus angustifolia"
3112764905,"Populus angustifolia",-107.332133,33.589272,2021,5,2,"US","HUMAN_OBSERVATION","Populus angustifolia"
1843908339,"Populus angustifolia",-108.97883,33.57053,2009,8,15,"US","PRESERVED_SPECIMEN","Populus angustifolia"
3802383336,"Populus angustifolia",-105.453382,33.525933,2020,8,5,"US","HUMAN_OBSERVATION","Populus angustifolia"
3413529524,"Populus angustifolia",-105.610703,33.390912,2002,9,13,"US","PRESERVED_SPECIMEN","Populus angustifolia"
2422839683,"Populus angustifolia",-105.654633,33.324587,2019,5,4,"US","HUMAN_OBSERVATION","Populus angustifolia"
3335380689,"Populus angustifolia",-108.251823,33.226513,2021,7,27,"US","HUMAN_OBSERVATION","Populus angustifolia"
864865364,"Populus angustifolia",-108.16602,33.03068,2010,5,16,"US","PRESERVED_SPECIMEN","Populus angustifolia"
3301820794,"Populus angustifolia",-108.042569,32.957249,2021,5,11,"US","HUMAN_OBSERVATION","Populus angustifolia"
2270590544,"Populus angustifolia",-110.683,32.3833,2002,10,4,"US","PRESERVED_SPECIMEN","Populus angustifolia"
3773570178,"Populus angustifolia",-110.701303,32.370717,2022,5,6,"US","HUMAN_OBSERVATION","Populus angustifolia"
