"gbifID","species","longitude","latitude","year","month","day","countryCode","accepted_name"
3952358322,"Prunus cerasus",-120.125798,51.171879,2021,7,13,"CA","Prunus cerasus"
3999005427,"Prunus cerasus",-66.379444,50.211111,2022,6,12,"CA","Prunus cerasus"
3949239393,"Prunus cerasus",-125.149487,49.846264,2021,4,20,"CA","Prunus cerasus"
3873244721,"Prunus cerasus",-119.582966,49.585371,2022,7,21,"CA","Prunus cerasus"
2988584511,"Prunus cerasus",-123.129609,49.267164,2020,6,21,"CA","Prunus cerasus"
2974539878,"Prunus cerasus",-123.038837,49.213443,2020,6,11,"CA","Prunus cerasus"
3957692598,"Prunus cerasus",-65.916111,49.226667,2022,7,28,"CA","Prunus cerasus"
3952837346,"Prunus cerasus",-66.694593,49.093649,2021,8,2,"CA","Prunus cerasus"
441819409,"Prunus cerasus",-123.152317,48.64,2006,4,27,"US","Prunus cerasus"
3949724608,"Prunus cerasus",-71.778003,48.538843,2021,7,18,"CA","Prunus cerasus"
3949480051,"Prunus cerasus",-68.79925,48.357125,2022,6,7,"CA","Prunus cerasus"
3949771319,"Prunus cerasus",-122.789265,48.11129,2021,9,12,"US","Prunus cerasus"
3954499198,"Prunus cerasus",-122.042077,47.803635,2021,7,1,"US","Prunus cerasus"
3952415308,"Prunus cerasus",-65.71089,47.735295,2021,7,13,"CA","Prunus cerasus"
3956580684,"Prunus cerasus",-69.77747,47.574175,2022,8,1,"CA","Prunus cerasus"
441818917,"Prunus cerasus",-123.511667,46.995,2002,5,20,"US","Prunus cerasus"
2268952448,"Prunus cerasus",-123.5,46.983333,2002,5,20,"US","Prunus cerasus"
3957564041,"Prunus cerasus",-114.0196,46.871464,2022,7,12,"US","Prunus cerasus"
2988497560,"Prunus cerasus",-113.994372,46.873678,2020,7,14,"US","Prunus cerasus"
3949609526,"Prunus cerasus",-122.944875,46.756442,2021,4,20,"US","Prunus cerasus"
3957007689,"Prunus cerasus",-117.183866,46.734518,2022,7,13,"US","Prunus cerasus"
3956561269,"Prunus cerasus",-111.947685,46.636742,2022,7,30,"US","Prunus cerasus"
441818918,"Prunus cerasus",-120.696667,46.346667,2002,5,1,"US","Prunus cerasus"
2268952015,"Prunus cerasus",-120.683333,46.333333,2002,5,1,"US","Prunus cerasus"
3820558579,"Prunus cerasus",-122.826667,45.846667,2003,4,21,"US","Prunus cerasus"
3997830175,"Prunus cerasus",-122.749982,45.834142,2022,8,5,"US","Prunus cerasus"
2988537712,"Prunus cerasus",-73.441212,45.646577,2017,10,8,"CA","Prunus cerasus"
3997768568,"Prunus cerasus",-72.922495,45.628644,2021,9,1,"CA","Prunus cerasus"
2988340691,"Prunus cerasus",-110.996551,45.603343,2020,9,25,"US","Prunus cerasus"
3952259651,"Prunus cerasus",-73.859631,45.559026,2020,7,10,"CA","Prunus cerasus"
3998319854,"Prunus cerasus",-73.418364,45.461487,2022,6,25,"CA","Prunus cerasus"
2988584638,"Prunus cerasus",-73.551317,45.400997,2020,9,3,"CA","Prunus cerasus"
2988367631,"Prunus cerasus",-93.281691,45.152604,2020,6,22,"US","Prunus cerasus"
2988337517,"Prunus cerasus",-93.288634,45.032825,2020,6,24,"US","Prunus cerasus"
1257878743,"Prunus cerasus",-121.9675,44.725278,2006,7,28,"US","Prunus cerasus"
3784923663,"Prunus cerasus",-63.500501,44.674244,2022,5,14,"CA","Prunus cerasus"
3949918058,"Prunus cerasus",-78.331863,44.304859,2022,6,27,"CA","Prunus cerasus"
441818916,"Prunus cerasus",-122.816667,44.225,2003,4,30,"US","Prunus cerasus"
3949145405,"Prunus cerasus",-80.725908,44.185875,2021,5,8,"CA","Prunus cerasus"
2988456603,"Prunus cerasus",-69.109648,44.113399,2020,8,4,"US","Prunus cerasus"
3949045903,"Prunus cerasus",-79.291493,43.890055,2022,7,1,"CA","Prunus cerasus"
2988487543,"Prunus cerasus",-116.202314,43.61535,2020,7,5,"US","Prunus cerasus"
2988376306,"Prunus cerasus",-79.517094,43.588397,2016,12,5,"CA","Prunus cerasus"
3949079526,"Prunus cerasus",-85.983746,43.449793,2022,5,10,"US","Prunus cerasus"
2974553751,"Prunus cerasus",-83.524334,43.357996,2020,6,17,"US","Prunus cerasus"
3384353799,"Prunus cerasus",-71.449948,43.36625,2021,6,26,"US","Prunus cerasus"
3949222214,"Prunus cerasus",-79.476098,43.14616,2021,6,27,"CA","Prunus cerasus"
3997970243,"Prunus cerasus",-78.847258,43.145541,2022,5,6,"US","Prunus cerasus"
3949348940,"Prunus cerasus",-78.587189,42.946628,2021,6,28,"US","Prunus cerasus"
2988482524,"Prunus cerasus",-86.104935,42.783154,2020,6,29,"US","Prunus cerasus"
3997859349,"Prunus cerasus",-70.859593,42.768619,2022,9,24,"US","Prunus cerasus"
2974541091,"Prunus cerasus",-71.740606,42.526347,2020,5,24,"US","Prunus cerasus"
3949140082,"Prunus cerasus",-86.176257,42.417281,2021,5,10,"US","Prunus cerasus"
1981511865,"Prunus cerasus",-111.84647,42.27868,2018,5,6,"US","Prunus cerasus"
3949212220,"Prunus cerasus",-72.684125,42.262803,2021,6,20,"US","Prunus cerasus"
3949722534,"Prunus cerasus",-72.527235,42.147029,2022,4,15,"US","Prunus cerasus"
1228621989,"Prunus cerasus",-87.694522,42.04981,2009,5,18,"US","Prunus cerasus"
2643506813,"Prunus cerasus",-83.254264,42.07439,2018,6,4,"US","Prunus cerasus"
3949418993,"Prunus cerasus",-72.564465,42.077367,2022,4,22,"US","Prunus cerasus"
2988584439,"Prunus cerasus",-72.749834,42.039322,2020,4,19,"US","Prunus cerasus"
3949494314,"Prunus cerasus",-87.693986,41.957433,2020,5,9,"US","Prunus cerasus"
2595768028,"Prunus cerasus",-74.9,41.8,2001,5,11,"US","Prunus cerasus"
3949413397,"Prunus cerasus",-72.556495,41.783312,2022,4,27,"US","Prunus cerasus"
2422509419,"Prunus cerasus",-70.469,41.749,2014,5,3,"US","Prunus cerasus"
3949494725,"Prunus cerasus",-81.296322,41.501512,2020,5,21,"US","Prunus cerasus"
3956480374,"Prunus cerasus",-81.806323,41.450998,2021,6,15,"US","Prunus cerasus"
2988287511,"Prunus cerasus",-96.026069,41.167287,2020,6,20,"US","Prunus cerasus"
1848991054,"Prunus cerasus",-73.87667,40.86,2009,8,8,"US","Prunus cerasus"
2859075467,"Prunus cerasus",-78.066944,40.7975,2013,5,8,"US","Prunus cerasus"
2974481544,"Prunus cerasus",-74.506929,40.82242,2020,4,9,"US","Prunus cerasus"
3949613966,"Prunus cerasus",-73.89042,40.7573,2022,6,7,"US","Prunus cerasus"
3998983539,"Prunus cerasus",-89.602961,40.725031,2022,6,11,"US","Prunus cerasus"
2974555178,"Prunus cerasus",-80.313064,40.664275,2020,6,3,"US","Prunus cerasus"
3949599051,"Prunus cerasus",-74.013423,40.607695,2020,6,25,"US","Prunus cerasus"
3949866506,"Prunus cerasus",-79.911084,40.475503,2022,6,5,"US","Prunus cerasus"
2859361468,"Prunus cerasus",-80.083388,40.40868,2012,3,30,"US","Prunus cerasus"
3998832546,"Prunus cerasus",-83.394404,40.210681,2022,6,19,"US","Prunus cerasus"
2859074468,"Prunus cerasus",-76.841361,40.235368,2013,4,12,"US","Prunus cerasus"
2859075460,"Prunus cerasus",-80.206538,40.200556,2012,4,4,"US","Prunus cerasus"
3949872959,"Prunus cerasus",-80.775839,40.066394,2022,6,14,"US","Prunus cerasus"
3949441474,"Prunus cerasus",-76.956089,39.782225,2022,5,2,"US","Prunus cerasus"
2242413083,"Prunus cerasus",-104.961468,39.732207,2008,5,6,"US","Prunus cerasus"
2988517564,"Prunus cerasus",-104.921796,39.627051,2020,7,12,"US","Prunus cerasus"
3949546781,"Prunus cerasus",-84.165433,39.610458,2021,6,6,"US","Prunus cerasus"
2988474324,"Prunus cerasus",-105.101387,39.551044,2018,7,21,"US","Prunus cerasus"
2574972416,"Prunus cerasus",-105.031516,39.55735,2018,8,20,"US","Prunus cerasus"
3949179040,"Prunus cerasus",-84.523884,39.175452,2021,5,31,"US","Prunus cerasus"
2643614099,"Prunus cerasus",-94.523306,39.136956,2019,6,7,"US","Prunus cerasus"
3963242383,"Prunus cerasus",-79.415817,39.030535,2021,7,22,"US","Prunus cerasus"
2268975394,"Prunus cerasus",-90.26115,38.61295,2013,4,24,"US","Prunus cerasus"
2988500301,"Prunus cerasus",-104.658903,38.262731,2012,6,17,"US","Prunus cerasus"
3949440074,"Prunus cerasus",-97.349246,38.053583,2021,9,9,"US","Prunus cerasus"
2988365536,"Prunus cerasus",-78.748541,37.932522,2020,6,17,"US","Prunus cerasus"
2974496405,"Prunus cerasus",-78.817394,37.85634,2020,4,27,"US","Prunus cerasus"
1978007906,"Prunus cerasus",-83.69291,37.81546,2018,4,15,"US","Prunus cerasus"
1640038223,"Prunus cerasus",-77.467867,37.592519,2017,5,5,"US","Prunus cerasus"
2974466484,"Prunus cerasus",-94.720561,37.406486,2018,4,25,"US","Prunus cerasus"
3949023130,"Prunus cerasus",-79.868056,36.086667,2020,7,30,"US","Prunus cerasus"
2234406464,"Prunus cerasus",-79.279076,35.920075,2004,4,11,"US","Prunus cerasus"
3949080864,"Prunus cerasus",-78.761718,35.817753,2021,3,26,"US","Prunus cerasus"
2234407323,"Prunus cerasus",-81.009283,35.545067,2010,4,4,"US","Prunus cerasus"
2234574880,"Prunus cerasus",-92.53773,34.83419,2017,3,26,"US","Prunus cerasus"
2988293532,"Prunus cerasus",-109.976991,34.153694,2020,6,20,"US","Prunus cerasus"
3947533559,"Prunus cerasus",-105.687661,33.333491,2022,5,15,"US","Prunus cerasus"
