"gbifID","species","longitude","latitude","year","month","day","countryCode","basisOfRecord","accepted_name"
1988239062,"Prunus domestica",-124.148972,49.337278,2017,5,18,"CA","PRESERVED_SPECIMEN","Prunus domestica"
4121378324,"Prunus domestica",-122.565381,49.224812,2020,6,9,"CA","HUMAN_OBSERVATION","Prunus domestica"
3892881434,"Prunus domestica",-116.543028,49.150361,2018,8,19,"CA","PRESERVED_SPECIMEN","Prunus domestica"
1988087540,"Prunus domestica",-123.144778,49.072944,2014,4,15,"CA","PRESERVED_SPECIMEN","Prunus domestica"
3999143212,"Prunus domestica",-122.625478,49.06374,2022,9,15,"CA","HUMAN_OBSERVATION","Prunus domestica"
3957056996,"Prunus domestica",-122.258126,49.063544,2022,7,19,"CA","HUMAN_OBSERVATION","Prunus domestica"
1291117337,"Prunus domestica",-123.405755,48.897258,2016,7,10,"CA","HUMAN_OBSERVATION","Prunus domestica"
1302755458,"Prunus domestica",-122.633333,48.81,2003,4,19,"US","OCCURRENCE","Prunus domestica"
4177171967,"Prunus domestica",-122.491694,48.713686,2023,8,11,"US","HUMAN_OBSERVATION","Prunus domestica"
3949755980,"Prunus domestica",-122.879283,48.612351,2021,6,19,"US","HUMAN_OBSERVATION","Prunus domestica"
1024638291,"Prunus domestica",-79.4072,48.6032,2004,6,7,"CA","PRESERVED_SPECIMEN","Prunus domestica"
3998516866,"Prunus domestica",-68.266862,48.595245,2022,8,20,"CA","HUMAN_OBSERVATION","Prunus domestica"
4413425232,"Prunus domestica",-123.051734,48.540415,2023,8,16,"US","HUMAN_OBSERVATION","Prunus domestica"
3330426858,"Prunus domestica",-123.016109,48.534019,2021,7,17,"US","HUMAN_OBSERVATION","Prunus domestica"
3997845439,"Prunus domestica",-122.630862,48.511408,2022,8,22,"US","HUMAN_OBSERVATION","Prunus domestica"
4413468043,"Prunus domestica",-122.543165,48.508669,2023,7,29,"US","HUMAN_OBSERVATION","Prunus domestica"
3958384866,"Prunus domestica",-71.64834,48.529448,2021,8,31,"CA","HUMAN_OBSERVATION","Prunus domestica"
4413735160,"Prunus domestica",-123.354269,48.478938,2023,9,15,"CA","HUMAN_OBSERVATION","Prunus domestica"
3963418557,"Prunus domestica",-123.32573,48.478895,2022,9,16,"CA","HUMAN_OBSERVATION","Prunus domestica"
4413375582,"Prunus domestica",-123.405188,48.451915,2023,6,11,"CA","HUMAN_OBSERVATION","Prunus domestica"
4127313346,"Prunus domestica",-123.3636,48.455939,2023,5,26,"CA","HUMAN_OBSERVATION","Prunus domestica"
2974441313,"Prunus domestica",-72.041304,48.43341,2020,8,17,"CA","HUMAN_OBSERVATION","Prunus domestica"
1248745012,"Prunus domestica",-68.75376,48.35563,2005,9,15,"CA","PRESERVED_SPECIMEN","Prunus domestica"
1302755472,"Prunus domestica",-122.219167,48.311944,2003,4,29,"US","OCCURRENCE","Prunus domestica"
3952009107,"Prunus domestica",-122.267716,48.253972,2019,5,13,"US","HUMAN_OBSERVATION","Prunus domestica"
1302755479,"Prunus domestica",-121.929722,48.271111,2004,4,4,"US","OCCURRENCE","Prunus domestica"
2644101326,"Prunus domestica",-79.018154,48.237518,2019,9,28,"CA","HUMAN_OBSERVATION","Prunus domestica"
1302755461,"Prunus domestica",-122.173333,48.208333,2003,6,17,"US","OCCURRENCE","Prunus domestica"
3954360856,"Prunus domestica",-65.681893,48.105486,2021,9,23,"CA","HUMAN_OBSERVATION","Prunus domestica"
3959742734,"Prunus domestica",-123.034528,48.049114,2022,8,4,"US","HUMAN_OBSERVATION","Prunus domestica"
4413595026,"Prunus domestica",-66.422096,48.015963,2023,7,22,"CA","HUMAN_OBSERVATION","Prunus domestica"
3949557005,"Prunus domestica",-122.688774,47.937414,2021,6,13,"US","HUMAN_OBSERVATION","Prunus domestica"
3949555038,"Prunus domestica",-122.185085,47.916404,2018,9,5,"US","HUMAN_OBSERVATION","Prunus domestica"
3956231218,"Prunus domestica",-122.274042,47.796309,2021,8,12,"US","HUMAN_OBSERVATION","Prunus domestica"
3949462385,"Prunus domestica",-122.639569,47.737234,2021,10,7,"US","HUMAN_OBSERVATION","Prunus domestica"
3949470359,"Prunus domestica",-117.446224,47.715052,2021,4,19,"US","HUMAN_OBSERVATION","Prunus domestica"
3956787693,"Prunus domestica",-116.915586,47.719149,2019,7,28,"US","HUMAN_OBSERVATION","Prunus domestica"
3952538386,"Prunus domestica",-122.506421,47.684999,2019,7,29,"US","HUMAN_OBSERVATION","Prunus domestica"
4177373388,"Prunus domestica",-122.33538,47.695053,2023,8,10,"US","HUMAN_OBSERVATION","Prunus domestica"
3953229180,"Prunus domestica",-117.370738,47.700094,2018,6,20,"US","HUMAN_OBSERVATION","Prunus domestica"
4413574296,"Prunus domestica",-122.374083,47.646388,2023,8,27,"US","HUMAN_OBSERVATION","Prunus domestica"
4413739390,"Prunus domestica",-122.310639,47.640522,2023,8,31,"US","HUMAN_OBSERVATION","Prunus domestica"
3958076686,"Prunus domestica",-122.29734,47.622095,2021,7,19,"US","HUMAN_OBSERVATION","Prunus domestica"
3957710130,"Prunus domestica",-122.0385,47.603489,2021,8,6,"US","HUMAN_OBSERVATION","Prunus domestica"
3997862844,"Prunus domestica",-120.662514,47.600464,2022,10,2,"US","HUMAN_OBSERVATION","Prunus domestica"
3951502287,"Prunus domestica",-122.391366,47.576041,2021,6,17,"US","HUMAN_OBSERVATION","Prunus domestica"
4153589774,"Prunus domestica",-122.350436,47.559384,2023,7,10,"US","HUMAN_OBSERVATION","Prunus domestica"
2645529698,"Prunus domestica",-122.279167,47.542778,2019,7,7,"US","HUMAN_OBSERVATION","Prunus domestica"
3949893079,"Prunus domestica",-122.612969,47.510358,2022,7,5,"US","HUMAN_OBSERVATION","Prunus domestica"
3953862105,"Prunus domestica",-122.00785,47.467539,2021,6,14,"US","HUMAN_OBSERVATION","Prunus domestica"
4413611897,"Prunus domestica",-122.439935,47.43298,2023,8,14,"US","HUMAN_OBSERVATION","Prunus domestica"
4403330470,"Prunus domestica",-117.3996,47.4188,2019,5,23,"US","PRESERVED_SPECIMEN","Prunus domestica"
3997783055,"Prunus domestica",-122.532872,47.303642,2022,9,2,"US","HUMAN_OBSERVATION","Prunus domestica"
4407452645,"Prunus domestica",-122.330859,47.288759,2023,9,2,"US","HUMAN_OBSERVATION","Prunus domestica"
1302755478,"Prunus domestica",-122.883333,47.05,2004,3,25,"US","OCCURRENCE","Prunus domestica"
1302755411,"Prunus domestica",-122.501667,47.05,2002,4,28,"US","OCCURRENCE","Prunus domestica"
2974370891,"Prunus domestica",-71.02391,47.017835,2020,7,4,"CA","HUMAN_OBSERVATION","Prunus domestica"
3963473375,"Prunus domestica",-120.567603,46.978383,2021,6,18,"US","HUMAN_OBSERVATION","Prunus domestica"
3949317904,"Prunus domestica",-122.908241,46.918177,2021,8,8,"US","HUMAN_OBSERVATION","Prunus domestica"
3952040073,"Prunus domestica",-71.139706,46.849009,2018,8,7,"CA","HUMAN_OBSERVATION","Prunus domestica"
3957261767,"Prunus domestica",-70.875511,46.849048,2021,8,9,"CA","HUMAN_OBSERVATION","Prunus domestica"
4069725282,"Prunus domestica",-117.4033,46.7967,2004,5,30,"US","PRESERVED_SPECIMEN","Prunus domestica"
3772708892,"Prunus domestica",-117.173103,46.732543,2022,4,30,"US","HUMAN_OBSERVATION","Prunus domestica"
3955731550,"Prunus domestica",-122.96388,46.707742,2021,9,11,"US","HUMAN_OBSERVATION","Prunus domestica"
1302755415,"Prunus domestica",-120.418333,46.488333,2002,10,7,"US","OCCURRENCE","Prunus domestica"
3998097507,"Prunus domestica",-64.884146,46.428166,2022,6,28,"CA","HUMAN_OBSERVATION","Prunus domestica"
1302755416,"Prunus domestica",-118.666667,46.383333,2005,4,22,"US","OCCURRENCE","Prunus domestica"
1302755420,"Prunus domestica",-117.818333,46.401667,2002,5,1,"US","OCCURRENCE","Prunus domestica"
3949036612,"Prunus domestica",-78.759688,46.283932,2020,8,10,"CA","HUMAN_OBSERVATION","Prunus domestica"
2645094684,"Prunus domestica",-73.611866,46.040721,2019,5,22,"CA","HUMAN_OBSERVATION","Prunus domestica"
4070158917,"Prunus domestica",-122.743065,45.837226,2017,4,17,"US","PRESERVED_SPECIMEN","Prunus domestica"
4407469171,"Prunus domestica",-122.750808,45.832155,2023,9,3,"US","HUMAN_OBSERVATION","Prunus domestica"
1302755486,"Prunus domestica",-123.2,45.716667,2010,3,31,"US","OCCURRENCE","Prunus domestica"
3957085873,"Prunus domestica",-122.713633,45.7322,2021,5,29,"US","HUMAN_OBSERVATION","Prunus domestica"
3953149937,"Prunus domestica",-121.475226,45.721766,2020,5,9,"US","HUMAN_OBSERVATION","Prunus domestica"
1302755421,"Prunus domestica",-121.458333,45.71,2002,7,25,"US","OCCURRENCE","Prunus domestica"
2645394319,"Prunus domestica",-72.793281,45.748149,2019,6,21,"CA","HUMAN_OBSERVATION","Prunus domestica"
3949577567,"Prunus domestica",-72.84833,45.652401,2021,6,25,"CA","HUMAN_OBSERVATION","Prunus domestica"
3949515784,"Prunus domestica",-72.139589,45.642519,2022,7,3,"CA","HUMAN_OBSERVATION","Prunus domestica"
3955457298,"Prunus domestica",-62.002029,45.6271,2021,8,28,"CA","HUMAN_OBSERVATION","Prunus domestica"
3415851709,"Prunus domestica",-122.811111,45.619495,2021,8,19,"US","HUMAN_OBSERVATION","Prunus domestica"
3955950790,"Prunus domestica",-122.754061,45.596134,2021,6,9,"US","HUMAN_OBSERVATION","Prunus domestica"
3952111774,"Prunus domestica",-122.74795,45.590286,2020,6,8,"US","HUMAN_OBSERVATION","Prunus domestica"
2974556230,"Prunus domestica",-122.667504,45.621544,2020,6,21,"US","HUMAN_OBSERVATION","Prunus domestica"
2645745413,"Prunus domestica",-73.516155,45.595106,2019,10,1,"CA","HUMAN_OBSERVATION","Prunus domestica"
3949204335,"Prunus domestica",-122.54553,45.557314,2021,6,11,"US","HUMAN_OBSERVATION","Prunus domestica"
2643518913,"Prunus domestica",-74.33884,45.560588,2018,8,22,"CA","HUMAN_OBSERVATION","Prunus domestica"
2974636066,"Prunus domestica",-73.653287,45.570368,2020,8,19,"CA","HUMAN_OBSERVATION","Prunus domestica"
3949236503,"Prunus domestica",-73.564108,45.560972,2021,6,25,"CA","HUMAN_OBSERVATION","Prunus domestica"
3951826028,"Prunus domestica",-73.286542,45.573849,2021,8,12,"CA","HUMAN_OBSERVATION","Prunus domestica"
3873530496,"Prunus domestica",-123.018871,45.526111,2021,9,13,"US","HUMAN_OBSERVATION","Prunus domestica"
3960247492,"Prunus domestica",-122.974536,45.536444,2021,7,12,"US","HUMAN_OBSERVATION","Prunus domestica"
3999116868,"Prunus domestica",-122.941983,45.512207,2022,8,9,"US","HUMAN_OBSERVATION","Prunus domestica"
3957590960,"Prunus domestica",-122.602549,45.501195,2021,8,8,"US","HUMAN_OBSERVATION","Prunus domestica"
2974502804,"Prunus domestica",-122.548287,45.526627,2020,5,8,"US","HUMAN_OBSERVATION","Prunus domestica"
4126318316,"Prunus domestica",-116.8599,45.5229,2020,4,13,"US","PRESERVED_SPECIMEN","Prunus domestica"
3952921566,"Prunus domestica",-122.876439,45.475258,2020,7,10,"US","HUMAN_OBSERVATION","Prunus domestica"
3953066802,"Prunus domestica",-122.849852,45.467934,2021,6,22,"US","HUMAN_OBSERVATION","Prunus domestica"
2978328817,"Prunus domestica",-122.715031,45.465867,2020,9,20,"US","HUMAN_OBSERVATION","Prunus domestica"
3903379683,"Prunus domestica",-122.645607,45.473816,2022,8,28,"US","HUMAN_OBSERVATION","Prunus domestica"
4153573094,"Prunus domestica",-122.548325,45.485442,2023,7,10,"US","HUMAN_OBSERVATION","Prunus domestica"
3957943195,"Prunus domestica",-73.643089,45.461064,2020,7,14,"CA","HUMAN_OBSERVATION","Prunus domestica"
1417510548,"Prunus domestica",-73.54,45.46,2008,10,11,"CA","PRESERVED_SPECIMEN","Prunus domestica"
4413735444,"Prunus domestica",-122.786407,45.432434,2023,9,4,"US","HUMAN_OBSERVATION","Prunus domestica"
3949893162,"Prunus domestica",-74.111069,45.451645,2022,7,6,"CA","HUMAN_OBSERVATION","Prunus domestica"
3997775975,"Prunus domestica",-73.766689,45.451381,2022,8,16,"CA","HUMAN_OBSERVATION","Prunus domestica"
3997828550,"Prunus domestica",-73.679687,45.43241,2021,7,31,"CA","HUMAN_OBSERVATION","Prunus domestica"
3954363400,"Prunus domestica",-73.65671,45.457088,2021,8,15,"CA","HUMAN_OBSERVATION","Prunus domestica"
3957620567,"Prunus domestica",-73.464302,45.432339,2020,8,26,"CA","HUMAN_OBSERVATION","Prunus domestica"
3949921845,"Prunus domestica",-122.742934,45.40393,2022,7,11,"US","HUMAN_OBSERVATION","Prunus domestica"
4070159006,"Prunus domestica",-122.601941,45.346224,2018,4,17,"US","PRESERVED_SPECIMEN","Prunus domestica"
3301864558,"Prunus domestica",-76.273699,45.338233,2021,5,1,"CA","HUMAN_OBSERVATION","Prunus domestica"
3997848398,"Prunus domestica",-75.708504,45.367215,2022,8,22,"CA","HUMAN_OBSERVATION","Prunus domestica"
3949287946,"Prunus domestica",-73.728489,45.367119,2021,8,16,"CA","HUMAN_OBSERVATION","Prunus domestica"
4095571467,"Prunus domestica",-122.564,45.3247,2020,4,6,"US","PRESERVED_SPECIMEN","Prunus domestica"
2974389556,"Prunus domestica",-122.330932,45.293069,2020,7,19,"US","HUMAN_OBSERVATION","Prunus domestica"
2974381711,"Prunus domestica",-75.826093,45.312394,2020,7,12,"CA","HUMAN_OBSERVATION","Prunus domestica"
4040322302,"Prunus domestica",-118.043,45.258,2020,5,12,"US","PRESERVED_SPECIMEN","Prunus domestica"
2974635346,"Prunus domestica",-74.140008,45.256675,2020,8,5,"CA","HUMAN_OBSERVATION","Prunus domestica"
3330849430,"Prunus domestica",-122.407831,45.237442,2021,7,21,"US","HUMAN_OBSERVATION","Prunus domestica"
3997774189,"Prunus domestica",-75.483889,45.2325,2022,8,20,"CA","HUMAN_OBSERVATION","Prunus domestica"
3415586783,"Prunus domestica",-117.871483,45.20432,2021,11,4,"US","HUMAN_OBSERVATION","Prunus domestica"
4070167416,"Prunus domestica",-122.681339,45.16332,2018,4,18,"US","PRESERVED_SPECIMEN","Prunus domestica"
4070152818,"Prunus domestica",-122.62033,45.12892,2018,4,17,"US","PRESERVED_SPECIMEN","Prunus domestica"
4070160789,"Prunus domestica",-122.62598,45.02843,2018,4,18,"US","PRESERVED_SPECIMEN","Prunus domestica"
4070167079,"Prunus domestica",-122.61699,45.02591,2018,4,18,"US","PRESERVED_SPECIMEN","Prunus domestica"
2646565168,"Prunus domestica",-84.836125,45.030502,2019,9,8,"US","HUMAN_OBSERVATION","Prunus domestica"
3952817536,"Prunus domestica",-71.66225,45.03415,2020,6,15,"CA","HUMAN_OBSERVATION","Prunus domestica"
3820568855,"Prunus domestica",-119.123907,44.9941623,2008,5,8,"US","PRESERVED_SPECIMEN","Prunus domestica"
3997844986,"Prunus domestica",-74.651192,44.95789,2022,8,17,"US","HUMAN_OBSERVATION","Prunus domestica"
3858688738,"Prunus domestica",-93.307671,44.908856,2022,6,29,"US","HUMAN_OBSERVATION","Prunus domestica"
2974548989,"Prunus domestica",-75.641605,44.897656,2020,6,19,"CA","HUMAN_OBSERVATION","Prunus domestica"
415733334,"Prunus domestica",-123.25122,44.69437,2007,4,7,"US","PRESERVED_SPECIMEN","Prunus domestica"
2988572431,"Prunus domestica",-123.217719,44.707647,2020,3,31,"US","HUMAN_OBSERVATION","Prunus domestica"
3820747869,"Prunus domestica",-123.206224,44.705615,2020,8,30,"US","PRESERVED_SPECIMEN","Prunus domestica"
1927926220,"Prunus domestica",-123.1472,44.6417,2016,10,11,"US","PRESERVED_SPECIMEN","Prunus domestica"
3949521030,"Prunus domestica",-63.593383,44.651544,2020,7,20,"CA","HUMAN_OBSERVATION","Prunus domestica"
2984412487,"Prunus domestica",-123.235864,44.606072,2020,9,21,"US","HUMAN_OBSERVATION","Prunus domestica"
3949272236,"Prunus domestica",-122.883005,44.607174,2021,8,4,"US","HUMAN_OBSERVATION","Prunus domestica"
4413454832,"Prunus domestica",-123.326572,44.573445,2023,7,16,"US","HUMAN_OBSERVATION","Prunus domestica"
1986584431,"Prunus domestica",-123.257993,44.579276,2014,5,28,"US","HUMAN_OBSERVATION","Prunus domestica"
3949711591,"Prunus domestica",-64.720317,44.547266,2021,5,10,"CA","HUMAN_OBSERVATION","Prunus domestica"
3949168880,"Prunus domestica",-81.34951,44.500912,2021,5,25,"CA","HUMAN_OBSERVATION","Prunus domestica"
3949260917,"Prunus domestica",-79.654982,44.395988,2021,5,3,"CA","HUMAN_OBSERVATION","Prunus domestica"
3958003078,"Prunus domestica",-79.678399,44.362894,2021,8,10,"CA","HUMAN_OBSERVATION","Prunus domestica"
2645414381,"Prunus domestica",-70.536305,44.208758,2019,8,1,"US","HUMAN_OBSERVATION","Prunus domestica"
2645581946,"Prunus domestica",-123.146797,44.091248,2019,6,13,"US","HUMAN_OBSERVATION","Prunus domestica"
3949007017,"Prunus domestica",-122.772572,44.068865,2020,5,25,"US","HUMAN_OBSERVATION","Prunus domestica"
2974426572,"Prunus domestica",-70.118161,44.052654,2020,9,13,"US","HUMAN_OBSERVATION","Prunus domestica"
1302755476,"Prunus domestica",-123.166667,44.038333,2003,3,31,"US","OCCURRENCE","Prunus domestica"
1302755463,"Prunus domestica",-123.163333,44.036667,2004,8,27,"US","OCCURRENCE","Prunus domestica"
3949360781,"Prunus domestica",-123.085231,44.030664,2021,7,3,"US","HUMAN_OBSERVATION","Prunus domestica"
4171801523,"Prunus domestica",-123.057944,44.027825,2023,8,7,"US","HUMAN_OBSERVATION","Prunus domestica"
3949767682,"Prunus domestica",-123.098633,43.989989,2021,7,1,"US","HUMAN_OBSERVATION","Prunus domestica"
4413358990,"Prunus domestica",-123.099463,43.800195,2023,7,18,"US","HUMAN_OBSERVATION","Prunus domestica"
3954385676,"Prunus domestica",-123.065512,43.794943,2020,4,18,"US","HUMAN_OBSERVATION","Prunus domestica"
3963635373,"Prunus domestica",-79.736166,43.739857,2021,7,12,"CA","HUMAN_OBSERVATION","Prunus domestica"
3954474348,"Prunus domestica",-116.390816,43.637546,2021,8,20,"US","HUMAN_OBSERVATION","Prunus domestica"
4068947702,"Prunus domestica",-116.098,43.643,2013,5,18,"US","PRESERVED_SPECIMEN","Prunus domestica"
4413614940,"Prunus domestica",-79.428727,43.65602,2023,6,30,"CA","HUMAN_OBSERVATION","Prunus domestica"
2645231308,"Prunus domestica",-116.696508,43.604933,2019,6,9,"US","HUMAN_OBSERVATION","Prunus domestica"
4068936128,"Prunus domestica",-116.17,43.6195,2010,7,4,"US","PRESERVED_SPECIMEN","Prunus domestica"
2974552897,"Prunus domestica",-70.302677,43.622742,2020,5,31,"US","HUMAN_OBSERVATION","Prunus domestica"
3958949892,"Prunus domestica",-116.197075,43.568656,2021,7,16,"US","HUMAN_OBSERVATION","Prunus domestica"
4413484806,"Prunus domestica",-114.284299,43.496427,2023,9,2,"US","HUMAN_OBSERVATION","Prunus domestica"
4413371814,"Prunus domestica",-79.783775,43.180788,2023,7,18,"CA","HUMAN_OBSERVATION","Prunus domestica"
3949844799,"Prunus domestica",-83.473486,43.093075,2022,5,12,"US","HUMAN_OBSERVATION","Prunus domestica"
4034877420,"Prunus domestica",-76.458572,43.121567,2022,9,15,"US","HUMAN_OBSERVATION","Prunus domestica"
3959100272,"Prunus domestica",-70.753602,43.07631,2021,8,15,"US","HUMAN_OBSERVATION","Prunus domestica"
4046690438,"Prunus domestica",-72.511701,42.976907,2021,8,22,"US","HUMAN_OBSERVATION","Prunus domestica"
3949392136,"Prunus domestica",-75.074404,42.944229,2020,9,9,"US","HUMAN_OBSERVATION","Prunus domestica"
3949237749,"Prunus domestica",-74.448071,42.909924,2021,7,10,"US","HUMAN_OBSERVATION","Prunus domestica"
2609076692,"Prunus domestica",-70.866131,42.811416,2019,7,7,"US","HUMAN_OBSERVATION","Prunus domestica"
3951465790,"Prunus domestica",-83.897985,42.628234,2017,8,24,"US","HUMAN_OBSERVATION","Prunus domestica"
3820540293,"Prunus domestica",-121.93001,42.58131,2007,6,22,"US","PRESERVED_SPECIMEN","Prunus domestica"
4061114248,"Prunus domestica",-123.600556,42.521945,2006,8,9,"US","PRESERVED_SPECIMEN","Prunus domestica"
3330408043,"Prunus domestica",-123.345734,42.43288,2021,7,18,"US","HUMAN_OBSERVATION","Prunus domestica"
2644195342,"Prunus domestica",-76.455879,42.452953,2019,10,1,"US","HUMAN_OBSERVATION","Prunus domestica"
2465126782,"Prunus domestica",-71.152007,42.361449,2019,9,22,"US","HUMAN_OBSERVATION","Prunus domestica"
3949893531,"Prunus domestica",-83.753868,42.305468,2022,5,11,"US","HUMAN_OBSERVATION","Prunus domestica"
3951712947,"Prunus domestica",-82.992198,42.31899,2019,6,8,"CA","HUMAN_OBSERVATION","Prunus domestica"
2609077885,"Prunus domestica",-72.645907,42.325809,2016,4,24,"US","HUMAN_OBSERVATION","Prunus domestica"
3915621634,"Prunus domestica",-71.065994,42.295433,2022,9,21,"US","HUMAN_OBSERVATION","Prunus domestica"
2974563675,"Prunus domestica",-83.795084,42.276456,2020,6,7,"US","HUMAN_OBSERVATION","Prunus domestica"
3957886124,"Prunus domestica",-73.310396,42.279285,2021,8,14,"US","HUMAN_OBSERVATION","Prunus domestica"
3873816819,"Prunus domestica",-76.778495,42.200267,2022,7,17,"US","HUMAN_OBSERVATION","Prunus domestica"
3949308710,"Prunus domestica",-86.455609,41.922155,2021,5,31,"US","HUMAN_OBSERVATION","Prunus domestica"
4091434839,"Prunus domestica",-72.252701,41.808571,2023,4,13,"US","HUMAN_OBSERVATION","Prunus domestica"
4416732701,"Prunus domestica",-111.717095,41.753262,2023,9,20,"US","HUMAN_OBSERVATION","Prunus domestica"
3957072816,"Prunus domestica",-111.823227,41.730964,2017,6,20,"US","HUMAN_OBSERVATION","Prunus domestica"
768788052,"Prunus domestica",-73.31055,41.63138,2000,4,18,"US","PRESERVED_SPECIMEN","Prunus domestica"
3061553620,"Prunus domestica",-81.56314,41.358655,2007,4,26,"US","HUMAN_OBSERVATION","Prunus domestica"
2974275415,"Prunus domestica",-72.875999,41.346151,2019,6,27,"US","HUMAN_OBSERVATION","Prunus domestica"
4075554877,"Prunus domestica",-105.56655,41.29905,2022,8,11,"US","HUMAN_OBSERVATION","Prunus domestica"
2238974844,"Prunus domestica",-96.148505,41.174347,2019,4,29,"US","HUMAN_OBSERVATION","Prunus domestica"
4413620651,"Prunus domestica",-111.925969,41.100433,2023,7,26,"US","HUMAN_OBSERVATION","Prunus domestica"
3949632471,"Prunus domestica",-81.883111,41.016294,2022,6,17,"US","HUMAN_OBSERVATION","Prunus domestica"
2643742987,"Prunus domestica",-73.793475,41.024004,2019,7,3,"US","HUMAN_OBSERVATION","Prunus domestica"
2974632823,"Prunus domestica",-81.698636,40.983759,2020,9,26,"US","HUMAN_OBSERVATION","Prunus domestica"
3949735333,"Prunus domestica",-81.099007,40.816807,2021,7,31,"US","HUMAN_OBSERVATION","Prunus domestica"
3997795625,"Prunus domestica",-74.487945,40.712917,2022,9,10,"US","HUMAN_OBSERVATION","Prunus domestica"
4416991303,"Prunus domestica",-105.285931,40.695508,2023,9,23,"US","HUMAN_OBSERVATION","Prunus domestica"
3949125922,"Prunus domestica",-74.260869,40.643708,2021,4,29,"US","HUMAN_OBSERVATION","Prunus domestica"
4171354805,"Prunus domestica",-73.825409,40.616687,2023,6,23,"US","HUMAN_OBSERVATION","Prunus domestica"
2643977321,"Prunus domestica",-105.183837,40.573063,2019,8,17,"US","HUMAN_OBSERVATION","Prunus domestica"
4413535996,"Prunus domestica",-112.281161,40.52433,2023,8,10,"US","HUMAN_OBSERVATION","Prunus domestica"
2974380747,"Prunus domestica",-75.553494,40.509681,2020,7,13,"US","HUMAN_OBSERVATION","Prunus domestica"
2974611808,"Prunus domestica",-105.093723,40.42372,2020,8,29,"US","HUMAN_OBSERVATION","Prunus domestica"
3953311775,"Prunus domestica",-105.057377,40.397637,2020,6,6,"US","HUMAN_OBSERVATION","Prunus domestica"
1847463747,"Prunus domestica",-124.28439,40.321719,2018,5,7,"US","HUMAN_OBSERVATION","Prunus domestica"
2974468708,"Prunus domestica",-79.508062,40.319177,2019,8,26,"US","HUMAN_OBSERVATION","Prunus domestica"
3956495662,"Prunus domestica",-73.981185,40.296886,2019,5,22,"US","HUMAN_OBSERVATION","Prunus domestica"
2860147279,"Prunus domestica",-111.663886,40.264175,2020,8,31,"US","HUMAN_OBSERVATION","Prunus domestica"
2465125645,"Prunus domestica",-111.651537,40.247601,2019,9,18,"US","HUMAN_OBSERVATION","Prunus domestica"
3949885733,"Prunus domestica",-105.290435,40.013813,2022,6,26,"US","HUMAN_OBSERVATION","Prunus domestica"
2350333044,"Prunus domestica",-105.241558,40.005411,2019,8,9,"US","HUMAN_OBSERVATION","Prunus domestica"
2644684587,"Prunus domestica",-75.208725,40.017022,2018,7,22,"US","HUMAN_OBSERVATION","Prunus domestica"
3949028686,"Prunus domestica",-105.241662,39.753551,2022,6,21,"US","HUMAN_OBSERVATION","Prunus domestica"
3949614695,"Prunus domestica",-105.203761,39.661049,2021,7,25,"US","HUMAN_OBSERVATION","Prunus domestica"
2644755358,"Prunus domestica",-105.114326,39.662731,2018,9,12,"US","HUMAN_OBSERVATION","Prunus domestica"
3338005114,"Prunus domestica",-104.814483,39.528197,2021,8,15,"US","HUMAN_OBSERVATION","Prunus domestica"
4413618041,"Prunus domestica",-119.649846,39.311417,2023,9,8,"US","HUMAN_OBSERVATION","Prunus domestica"
3461005330,"Prunus domestica",-121.556262,39.094342,2005,10,21,"US","PRESERVED_SPECIMEN","Prunus domestica"
2644844468,"Prunus domestica",-82.057104,38.996991,2019,4,13,"US","HUMAN_OBSERVATION","Prunus domestica"
2646200414,"Prunus domestica",-120.855297,38.826295,2019,7,23,"US","HUMAN_OBSERVATION","Prunus domestica"
3858205951,"Prunus domestica",-85.396661,38.74146,2022,3,21,"US","HUMAN_OBSERVATION","Prunus domestica"
3949016460,"Prunus domestica",-78.131666,38.548984,2020,6,9,"US","HUMAN_OBSERVATION","Prunus domestica"
1930544238,"Prunus domestica",-84.580751,38.499357,2010,6,20,"US","PRESERVED_SPECIMEN","Prunus domestica"
3059000499,"Prunus domestica",-122.502097,38.436,2020,7,20,"US","HUMAN_OBSERVATION","Prunus domestica"
3415890926,"Prunus domestica",-122.34287,37.97893,2021,10,3,"US","HUMAN_OBSERVATION","Prunus domestica"
1304532291,"Prunus domestica",-122.266389,37.978889,2007,9,8,"US","OCCURRENCE","Prunus domestica"
2645261027,"Prunus domestica",-122.524247,37.934325,2019,7,9,"US","HUMAN_OBSERVATION","Prunus domestica"
3772702502,"Prunus domestica",-122.308037,37.929603,2022,3,31,"US","HUMAN_OBSERVATION","Prunus domestica"
3949843615,"Prunus domestica",-122.260247,37.833545,2022,5,15,"US","HUMAN_OBSERVATION","Prunus domestica"
3997838518,"Prunus domestica",-122.183719,37.829135,2021,7,26,"US","HUMAN_OBSERVATION","Prunus domestica"
2974607188,"Prunus domestica",-122.057283,37.6773,2020,7,16,"US","HUMAN_OBSERVATION","Prunus domestica"
2974390911,"Prunus domestica",-113.066181,37.679336,2020,7,23,"US","HUMAN_OBSERVATION","Prunus domestica"
3948995660,"Prunus domestica",-122.411814,37.664842,2022,5,28,"US","HUMAN_OBSERVATION","Prunus domestica"
2802883209,"Prunus domestica",-122.253274,37.565083,2020,6,17,"US","HUMAN_OBSERVATION","Prunus domestica"
1621793901,"Prunus domestica",-122.506033,37.540547,2017,7,6,"US","HUMAN_OBSERVATION","Prunus domestica"
3966585366,"Prunus domestica",-122.276567,37.470255,2021,6,2,"US","HUMAN_OBSERVATION","Prunus domestica"
3949559517,"Prunus domestica",-122.154564,37.450972,2022,7,15,"US","HUMAN_OBSERVATION","Prunus domestica"
3949681013,"Prunus domestica",-122.048762,37.387839,2021,6,7,"US","HUMAN_OBSERVATION","Prunus domestica"
3949693820,"Prunus domestica",-122.03562,37.257921,2021,4,26,"US","HUMAN_OBSERVATION","Prunus domestica"
3949786021,"Prunus domestica",-121.988918,37.276272,2021,7,19,"US","HUMAN_OBSERVATION","Prunus domestica"
3948993106,"Prunus domestica",-113.287476,37.179955,2020,5,3,"US","HUMAN_OBSERVATION","Prunus domestica"
2634232983,"Prunus domestica",-122.028688,37.012859,2020,5,23,"US","HUMAN_OBSERVATION","Prunus domestica"
4061559646,"Prunus domestica",-94.38722,37.02277,2000,6,27,"US","PRESERVED_SPECIMEN","Prunus domestica"
2643871757,"Prunus domestica",-121.933108,36.979612,2019,7,10,"US","HUMAN_OBSERVATION","Prunus domestica"
3335170386,"Prunus domestica",-122.061152,36.956155,2021,4,22,"US","HUMAN_OBSERVATION","Prunus domestica"
2643585414,"Prunus domestica",-76.063097,36.742934,2019,5,13,"US","HUMAN_OBSERVATION","Prunus domestica"
3952701354,"Prunus domestica",-119.812911,36.651481,2020,7,29,"US","HUMAN_OBSERVATION","Prunus domestica"
3949587902,"Prunus domestica",-121.849142,36.533219,2021,7,4,"US","HUMAN_OBSERVATION","Prunus domestica"
2350326106,"Prunus domestica",-82.254935,36.342888,2019,7,29,"US","HUMAN_OBSERVATION","Prunus domestica"
4416713588,"Prunus domestica",-111.647273,35.202209,2023,9,9,"US","HUMAN_OBSERVATION","Prunus domestica"
2430315996,"Prunus domestica",-118.257901,34.632263,2008,4,10,"US","PRESERVED_SPECIMEN","Prunus domestica"
3902301765,"Prunus domestica",-106.347065,34.645748,2022,8,16,"US","HUMAN_OBSERVATION","Prunus domestica"
2350327119,"Prunus domestica",-119.686339,34.426542,2019,8,5,"US","HUMAN_OBSERVATION","Prunus domestica"
3949348663,"Prunus domestica",-118.483925,34.247734,2021,6,26,"US","HUMAN_OBSERVATION","Prunus domestica"
1841243024,"Prunus domestica",-118.166002,33.990254,2018,4,27,"US","HUMAN_OBSERVATION","Prunus domestica"
3998053608,"Prunus domestica",-116.599181,33.077551,2022,5,28,"US","HUMAN_OBSERVATION","Prunus domestica"
4413397973,"Prunus domestica",-117.266621,32.965628,2023,7,11,"US","HUMAN_OBSERVATION","Prunus domestica"
1894241802,"Prunus domestica",-97.368333,19.840556,2013,6,25,"MX","PRESERVED_SPECIMEN","Prunus domestica"
1418343205,"Prunus domestica",-96.938556,19.553639,2005,5,4,"MX","PRESERVED_SPECIMEN","Prunus domestica"
1894241855,"Prunus domestica",-98.462222,19.273611,2013,6,25,"MX","PRESERVED_SPECIMEN","Prunus domestica"
1894241859,"Prunus domestica",-98.402778,19.135,2013,6,25,"MX","PRESERVED_SPECIMEN","Prunus domestica"
1894241791,"Prunus domestica",-98.429722,19.088056,2013,6,25,"MX","PRESERVED_SPECIMEN","Prunus domestica"
4137631846,"Prunus domestica",-98.787578,19.043586,2023,5,13,"MX","HUMAN_OBSERVATION","Prunus domestica"
1894241879,"Prunus domestica",-98.325555,19.018889,2013,6,25,"MX","PRESERVED_SPECIMEN","Prunus domestica"
1894241861,"Prunus domestica",-98.786667,18.885278,2013,6,25,"MX","PRESERVED_SPECIMEN","Prunus domestica"
1894241812,"Prunus domestica",-98.711111,18.898333,2013,6,25,"MX","PRESERVED_SPECIMEN","Prunus domestica"
2629482174,"Prunus domestica",-97.101944,18.565556,2001,1,7,"MX","PRESERVED_SPECIMEN","Prunus domestica"
1894241848,"Prunus domestica",-97.108055,17.814722,2013,6,25,"MX","PRESERVED_SPECIMEN","Prunus domestica"
3068073588,"Prunus domestica",-97.620699,17.046725,2021,3,7,"MX","HUMAN_OBSERVATION","Prunus domestica"
