"gbifID","species","longitude","latitude","year","month","day","countryCode","accepted_name","mean"
2573343160,"Cymopterus lemmonii",-106.79758,40.9723,2002,6,24,"US","Pseudocymopterus montanus",2.60429382324219
2573343639,"Cymopterus lemmonii",-106.25488,40.98046,2000,6,13,"US","Pseudocymopterus montanus",3.08017206192017
177012484,"Cymopterus lemmonii",-105.39485,40.98161,2007,6,3,"US","Pseudocymopterus montanus",6.11938142776489
3798124377,"Cymopterus lemmonii",-106.62,40.92,2011,7,9,"US","Pseudocymopterus montanus",2.54726004600525
3798140485,"Cymopterus lemmonii",-105.63,40.76,2001,6,2,"US","Pseudocymopterus montanus",3.26382446289062
3798112992,"Cymopterus lemmonii",-105.54,40.73,2013,7,24,"US","Pseudocymopterus montanus",5.39343309402466
3798098137,"Cymopterus lemmonii",-105.88,40.66,2004,7,10,"US","Pseudocymopterus montanus",0.716051936149597
3798097160,"Cymopterus lemmonii",-105.45,40.63,2004,8,14,"US","Pseudocymopterus montanus",5.62096452713013
3798048978,"Cymopterus lemmonii",-105.84,40.6,2000,9,10,"US","Pseudocymopterus montanus",1.80088806152344
3798078327,"Cymopterus lemmonii",-105.94,40.58,2002,7,6,"US","Pseudocymopterus montanus",1.10061597824097
3798104412,"Cymopterus lemmonii",-105.59,40.55,2000,6,21,"US","Pseudocymopterus montanus",2.22839450836182
3798140909,"Cymopterus lemmonii",-105.96,40.5,2000,6,18,"US","Pseudocymopterus montanus",1.57079672813416
3798128124,"Cymopterus lemmonii",-105.9,40.47,2004,7,16,"US","Pseudocymopterus montanus",-0.317064553499222
2573341036,"Cymopterus lemmonii",-106.3647,40.42117,2001,7,17,"US","Pseudocymopterus montanus",2.60592126846313
3798101767,"Cymopterus lemmonii",-106.62,40.4,2009,7,17,"US","Pseudocymopterus montanus",1.94417870044708
2573342054,"Cymopterus lemmonii",-106.12475,40.33633,2002,7,11,"US","Pseudocymopterus montanus",1.7550642490387
2268900824,"Cymopterus lemmonii",-105.57,40.3617,2017,8,3,"US","Pseudocymopterus montanus",5.14326763153076
3818593326,"Cymopterus lemmonii",-105.545955,40.275903,2021,6,7,"US","Pseudocymopterus montanus",2.6614887714386
2422411865,"Cymopterus lemmonii",-105.43333,40.17528,2001,8,8,"US","Pseudocymopterus montanus",5.87349796295166
3798141316,"Cymopterus lemmonii",-106.11,40.14,2003,6,16,"US","Pseudocymopterus montanus",2.18149447441101
3798125483,"Cymopterus lemmonii",-105.54,40.13,2010,8,7,"US","Pseudocymopterus montanus",3.34208202362061
3798088780,"Cymopterus lemmonii",-105.45,40.07,2004,7,3,"US","Pseudocymopterus montanus",5.26664876937866
3798074680,"Cymopterus lemmonii",-106.41,39.89,2003,7,4,"US","Pseudocymopterus montanus",2.68618011474609
3798075029,"Cymopterus lemmonii",-105.6,39.87,2003,7,19,"US","Pseudocymopterus montanus",2.33435893058777
1259158773,"Cymopterus lemmonii",-105.52166,39.84222,2003,7,9,"US","Pseudocymopterus montanus",3.59004640579224
2235688397,"Cymopterus lemmonii",-105.4668,39.87104,2017,7,14,"US","Pseudocymopterus montanus",4.09772348403931
3798075220,"Cymopterus lemmonii",-105.63,39.82,2003,7,19,"US","Pseudocymopterus montanus",2.59079599380493
3798115258,"Cymopterus lemmonii",-106.45,39.68,2010,8,22,"US","Pseudocymopterus montanus",1.95763945579529
2573339419,"Cymopterus lemmonii",-106.6458,39.58633,2000,6,2,"US","Pseudocymopterus montanus",3.56139755249023
1260044417,"Cymopterus lemmonii",-105.7,39.61666,2005,7,14,"US","Pseudocymopterus montanus",-0.758285224437714
2573459393,"Cymopterus lemmonii",-106.22091,39.54429,2000,7,18,"US","Pseudocymopterus montanus",0.401513457298279
2242419678,"Cymopterus lemmonii",-105.270933,39.531721,2004,6,23,"US","Pseudocymopterus montanus",5.21801614761353
3798074535,"Cymopterus lemmonii",-106.28,39.49,2010,7,19,"US","Pseudocymopterus montanus",0.214623332023621
2242420466,"Cymopterus lemmonii",-105.696793,39.494051,2011,7,25,"US","Pseudocymopterus montanus",2.91657519340515
3798110507,"Cymopterus lemmonii",-105.08,39.4,2002,6,8,"US","Pseudocymopterus montanus",7.50124216079712
1260265452,"Cymopterus lemmonii",-106.122778,39.318056,2005,7,15,"US","Pseudocymopterus montanus",-0.572491586208344
3798139005,"Cymopterus lemmonii",-106.15,39.2,2015,8,9,"US","Pseudocymopterus montanus",-0.732232928276062
2573342185,"Cymopterus lemmonii",-104.820566,39.137289,2000,7,6,"US","Pseudocymopterus montanus",7.03852367401123
3892753222,"Cymopterus lemmonii",-104.6552,39.0485,2010,10,2,"US","Pseudocymopterus montanus",6.60464143753052
2573341953,"Cymopterus lemmonii",-107.8596,39.04051,2010,6,21,"US","Pseudocymopterus montanus",3.23216915130615
3798046272,"Cymopterus lemmonii",-107.71,39.01,2008,7,25,"US","Pseudocymopterus montanus",2.00325775146484
3776194169,"Cymopterus lemmonii",-107.063486,39.03913,2021,6,23,"US","Pseudocymopterus montanus",-0.68200695514679
3776193064,"Cymopterus lemmonii",-106.942836,39.012116,2018,7,14,"US","Pseudocymopterus montanus",-1.20948791503906
2573341014,"Cymopterus lemmonii",-104.653789,39.027597,2001,7,3,"US","Pseudocymopterus montanus",6.59161233901978
3776192474,"Cymopterus lemmonii",-107.042306,38.978722,2014,8,10,"US","Pseudocymopterus montanus",-0.261826425790787
3776192356,"Cymopterus lemmonii",-106.971445,38.985389,2019,7,31,"US","Pseudocymopterus montanus",-0.198771521449089
3776193742,"Cymopterus lemmonii",-106.942625,38.971297,2021,7,24,"US","Pseudocymopterus montanus",-1.03874433040619
3776201800,"Cymopterus lemmonii",-106.975198,38.944707,2019,6,20,"US","Pseudocymopterus montanus",0.923728942871094
3776198530,"Cymopterus lemmonii",-106.955423,38.938449,2014,7,7,"US","Pseudocymopterus montanus",0.65049934387207
3776194855,"Cymopterus lemmonii",-106.75429,38.95245,2013,7,7,"US","Pseudocymopterus montanus",-1.03741812705994
3798115526,"Cymopterus lemmonii",-107.73,38.91,2007,7,7,"US","Pseudocymopterus montanus",6.62998580932617
3776201504,"Cymopterus lemmonii",-106.986528,38.88467,2008,7,3,"US","Pseudocymopterus montanus",1.50139594078064
2573436661,"Cymopterus lemmonii",-104.9881,38.8776999990779,2015,6,30,"US","Pseudocymopterus montanus",4.94371700286865
3776198087,"Cymopterus lemmonii",-106.883111,38.841225,2014,6,30,"US","Pseudocymopterus montanus",1.46057724952698
3776192829,"Cymopterus lemmonii",-106.661694,38.870485,2021,8,2,"US","Pseudocymopterus montanus",-0.218065232038498
2573343069,"Cymopterus lemmonii",-105.03713,38.81983,2009,7,14,"US","Pseudocymopterus montanus",0.630915880203247
3776197077,"Cymopterus lemmonii",-106.81474,38.71828,2019,6,8,"US","Pseudocymopterus montanus",2.50975799560547
2242354595,"Cymopterus lemmonii",-105.96886,38.71978,2016,7,20,"US","Pseudocymopterus montanus",3.42476224899292
3798052767,"Cymopterus lemmonii",-106.17,38.7,2000,6,12,"US","Pseudocymopterus montanus",2.48838663101196
3798080975,"Cymopterus lemmonii",-106.23,38.54,2014,7,2,"US","Pseudocymopterus montanus",2.1921820640564
3798058266,"Cymopterus lemmonii",-105.25,38.51,2007,9,1,"US","Pseudocymopterus montanus",10.52476978302
233101313,"Cymopterus lemmonii",-106.33202,38.49715,2008,7,12,"US","Pseudocymopterus montanus",0.14198799431324
3962310369,"Cymopterus lemmonii",-109.2262,38.4486,2021,7,22,"US","Pseudocymopterus montanus",3.19470143318176
2573341740,"Cymopterus lemmonii",-107.41434,38.44971,2003,6,29,"US","Pseudocymopterus montanus",4.25975513458252
2573340650,"Cymopterus lemmonii",-105.86105,38.390383,2009,6,13,"US","Pseudocymopterus montanus",5.63976526260376
2573422902,"Cymopterus lemmonii",-112.356999,38.35121,2004,7,30,"US","Pseudocymopterus montanus",1.82060360908508
3798128960,"Cymopterus lemmonii",-107.41,38.31,2016,6,15,"US","Pseudocymopterus montanus",2.34815311431885
3798048850,"Cymopterus lemmonii",-106.7,38.07,2000,6,NA,"US","Pseudocymopterus montanus",1.42098486423492
2573342534,"Cymopterus lemmonii",-107.04749,38.02606,2005,7,6,"US","Pseudocymopterus montanus",0.921529710292816
3327482023,"Cymopterus lemmonii",-106.908,38.0034,2018,7,4,"US","Pseudocymopterus montanus",-1.00597453117371
2573341658,"Cymopterus lemmonii",-108.021667,37.83,2009,8,3,"US","Pseudocymopterus montanus",1.48203313350677
2573342744,"Cymopterus lemmonii",-107.953667,37.819667,2009,7,8,"US","Pseudocymopterus montanus",1.44145154953003
2885021336,"Cymopterus lemmonii",-109.766333,37.770083,2014,7,12,"US","Pseudocymopterus montanus",7.22651815414429
2573435569,"Cymopterus lemmonii",-108.426333,37.758,2011,7,2,"US","Pseudocymopterus montanus",6.32661294937134
2573510206,"Cymopterus lemmonii",-107.309167,37.616111,2003,7,31,"US","Pseudocymopterus montanus",1.2530609369278
3059707730,"Cymopterus lemmonii",-108.1746,37.4333,2011,6,16,"US","Pseudocymopterus montanus",4.96467924118042
2573461990,"Cymopterus lemmonii",-106.67432,37.36375,2014,7,4,"US","Pseudocymopterus montanus",-0.553277194499969
3462134335,"Cymopterus lemmonii",-105.024444,37.348333,2000,8,22,"US","Pseudocymopterus montanus",2.29124593734741
2573460650,"Cymopterus lemmonii",-106.89994,37.2289,2013,6,5,"US","Pseudocymopterus montanus",5.79178047180176
2573342248,"Cymopterus lemmonii",-105.156917,37.162967,2013,6,27,"US","Pseudocymopterus montanus",0.830555081367493
2573462897,"Cymopterus lemmonii",-106.76948,37.10709,2013,7,10,"US","Pseudocymopterus montanus",3.95178723335266
2573463230,"Cymopterus lemmonii",-106.4104,37.08898,2013,6,2,"US","Pseudocymopterus montanus",2.36302423477173
3798075134,"Cymopterus lemmonii",-104.75,37.07,2007,7,4,"US","Pseudocymopterus montanus",8.46497535705566
3067045355,"Cymopterus lemmonii",-104.43428,37.00491,2019,7,25,"US","Pseudocymopterus montanus",5.97552299499512
3067039351,"Cymopterus lemmonii",-104.45805,36.99405,2019,7,25,"US","Pseudocymopterus montanus",6.69879007339478
2573461992,"Cymopterus lemmonii",-104.731778,36.882028,2007,6,20,"US","Pseudocymopterus montanus",7.39625787734985
3091218411,"Cymopterus lemmonii",-112.15007,36.53143,2015,6,13,"US","Pseudocymopterus montanus",4.98319101333618
1846546831,"Cymopterus lemmonii",-112.09575,36.389017,2004,7,27,"US","Pseudocymopterus montanus",4.63620090484619
3051655554,"Cymopterus lemmonii",-112.151581,36.337711,2019,7,3,"US","Pseudocymopterus montanus",4.74070358276367
3091234206,"Cymopterus lemmonii",-112.19379,36.32531,2000,7,8,"US","Pseudocymopterus montanus",5.68923616409302
1843895803,"Cymopterus lemmonii",-105.513476,36.309704,2005,7,14,"US","Pseudocymopterus montanus",5.99525117874146
2861412334,"Cymopterus lemmonii",-112.09415,36.250642,2019,7,2,"US","Pseudocymopterus montanus",5.64933300018311
1843913181,"Cymopterus lemmonii",-105.49504,36.110085,2011,8,29,"US","Pseudocymopterus montanus",4.52903461456299
233101317,"Cymopterus lemmonii",-106.507243,35.998865,2001,6,14,"US","Pseudocymopterus montanus",5.2200493812561
2573424203,"Cymopterus lemmonii",-106.49325,35.968167,2001,6,26,"US","Pseudocymopterus montanus",5.17947244644165
1269622403,"Cymopterus lemmonii",-105.752,35.963,2003,6,23,"US","Pseudocymopterus montanus",6.33386564254761
2573421903,"Cymopterus lemmonii",-106.9007,35.9217,2003,5,29,"US","Pseudocymopterus montanus",8.68900871276855
2803931312,"Cymopterus lemmonii",-106.64237,35.94768,2016,7,20,"US","Pseudocymopterus montanus",5.70297336578369
2573423768,"Cymopterus lemmonii",-106.511056,35.946167,2001,6,26,"US","Pseudocymopterus montanus",5.15907716751099
3798108050,"Cymopterus lemmonii",-106,35.93,2002,6,28,"US","Pseudocymopterus montanus",11.6094264984131
2573422494,"Cymopterus lemmonii",-106.620889,35.903583,2001,7,30,"US","Pseudocymopterus montanus",5.95803594589233
2573426243,"Cymopterus lemmonii",-106.548583,35.88085,2003,7,18,"US","Pseudocymopterus montanus",4.77507066726685
1843912708,"Cymopterus lemmonii",-106.416338,35.882243,2001,8,5,"US","Pseudocymopterus montanus",5.1485424041748
3798047765,"Cymopterus lemmonii",-106.62,35.87,2001,7,25,"US","Pseudocymopterus montanus",6.72661876678467
3798047763,"Cymopterus lemmonii",-106.57,35.86,2001,7,23,"US","Pseudocymopterus montanus",5.15604257583618
3798063702,"Cymopterus lemmonii",-106.53,35.86,2003,7,18,"US","Pseudocymopterus montanus",5.3887996673584
2573424090,"Cymopterus lemmonii",-106.487533,35.832267,2003,5,30,"US","Pseudocymopterus montanus",6.00680732727051
3798097465,"Cymopterus lemmonii",-105.74,35.67,2002,8,6,"US","Pseudocymopterus montanus",7.1406044960022
2573424049,"Cymopterus lemmonii",-105.4793,35.57425,2002,8,5,"US","Pseudocymopterus montanus",7.61969804763794
1260143890,"Cymopterus lemmonii",-105.644167,35.468333,2005,5,24,"US","Pseudocymopterus montanus",10.1264047622681
3091234211,"Cymopterus lemmonii",-111.66612,35.313,2000,7,12,"US","Pseudocymopterus montanus",4.75215864181519
3091234210,"Cymopterus lemmonii",-112.190047,35.2162099991107,2012,9,18,"US","Pseudocymopterus montanus",8.81797218322754
3091245354,"Cymopterus lemmonii",-111.731554,35.162187,2016,6,17,"US","Pseudocymopterus montanus",8.30097389221191
3091191558,"Cymopterus lemmonii",-111.674751,34.555238,2001,3,31,"US","Pseudocymopterus montanus",15.9972896575928
3091234214,"Cymopterus lemmonii",-111.231296,34.57371,2013,6,18,"US","Pseudocymopterus montanus",8.88614940643311
1930583779,"Cymopterus lemmonii",-111.46483,34.50011,2012,8,13,"US","Pseudocymopterus montanus",10.8539371490479
2573422758,"Cymopterus lemmonii",-111.1525,34.491694,2008,6,29,"US","Pseudocymopterus montanus",8.49551868438721
3120777353,"Cymopterus lemmonii",-111.191616,34.423698,2008,6,28,"US","Pseudocymopterus montanus",8.25582122802734
3762814307,"Cymopterus lemmonii",-116.561478,34.380928,2011,8,3,"US","Pseudocymopterus montanus",18.288932800293
3762809307,"Cymopterus lemmonii",-110.286240807718,34.2584545574854,2011,7,30,"US","Pseudocymopterus montanus",10.9565839767456
3091234228,"Cymopterus lemmonii",-109.11115,33.9252,2007,6,8,"US","Pseudocymopterus montanus",6.16346263885498
240494557,"Cymopterus lemmonii",-108.15925,33.03389,2006,7,9,"US","Pseudocymopterus montanus",11.563515663147
2417999261,"Cymopterus lemmonii",-105.790556,32.881111,2001,7,18,"US","Pseudocymopterus montanus",8.8409538269043
2825639965,"Cymopterus lemmonii",-105.79565,32.795933,2007,7,19,"US","Pseudocymopterus montanus",9.82377147674561
2422387863,"Cymopterus lemmonii",-110.75,32.41667,2003,9,17,"US","Pseudocymopterus montanus",12.6004724502563
2422388369,"Cymopterus lemmonii",-109.27944,31.88667,2002,9,20,"US","Pseudocymopterus montanus",10.4915971755981
3969747140,"Cymopterus lemmonii",-102.990111,30.818411,2003,5,2,"US","Pseudocymopterus montanus",18.8894309997559
2618306368,"Cymopterus lemmonii",-108.7216,29.80985,2018,8,6,"MX","Pseudocymopterus montanus",14.7470827102661
3306063407,"Cymopterus lemmonii",-107.571667,27.143333,2001,9,8,"MX","Pseudocymopterus montanus",19.3509140014648
