"gbifID","species","longitude","latitude","year","month","day","countryCode","accepted_name","bio1"
3820649787,"Ptelea crenulata",-123.173239,42.6213949990599,2005,7,15,"US","Ptelea crenulata",11.69997215271
3008384376,"Ptelea crenulata",-122.090309,40.708347,2020,5,10,"US","Ptelea crenulata",15.3939952850342
3008387332,"Ptelea crenulata",-122.391121,40.591095,2019,4,27,"US","Ptelea crenulata",17.4751815795898
3014021301,"Ptelea crenulata",-122.2727,40.46933,2015,5,17,"US","Ptelea crenulata",17.3546352386475
2418035509,"Ptelea crenulata",-121.820833,40.391111,2010,7,17,"US","Ptelea crenulata",13.8468208312988
3764337774,"Ptelea crenulata",-122.301756,40.356818,2022,4,23,"US","Ptelea crenulata",17.3373413085938
3008401399,"Ptelea crenulata",-122.100309,40.300995,2020,4,13,"US","Ptelea crenulata",17.7300224304199
2430111292,"Ptelea crenulata",-122.222722,40.263861,2008,6,8,"US","Ptelea crenulata",17.5620079040527
3859503883,"Ptelea crenulata",-122.181039,40.271817,2022,6,15,"US","Ptelea crenulata",17.5879535675049
2418040604,"Ptelea crenulata",-121.779148,40.263629,2016,5,25,"US","Ptelea crenulata",12.3750648498535
3008461333,"Ptelea crenulata",-122.004514,40.171911,2019,6,7,"US","Ptelea crenulata",17.1629428863525
2270208654,"Ptelea crenulata",-121.722433,40.193567,2011,6,3,"US","Ptelea crenulata",13.2239570617676
3008386401,"Ptelea crenulata",-122.213802,40.164117,2020,6,13,"US","Ptelea crenulata",17.5749416351318
2418046764,"Ptelea crenulata",-121.926944,40.1644439990699,2009,4,25,"US","Ptelea crenulata",16.3107681274414
1899736541,"Ptelea crenulata",-121.706667,40.061944,2003,6,14,"US","Ptelea crenulata",13.4017171859741
2422440216,"Ptelea crenulata",-121.71556,39.90889,2007,5,13,"US","Ptelea crenulata",15.1052742004395
3758966648,"Ptelea crenulata",-121.71239,39.806001,2019,4,29,"US","Ptelea crenulata",16.5529594421387
3456452505,"Ptelea crenulata",-121.72593,39.791572,2021,3,11,"US","Ptelea crenulata",16.9515533447266
2417996962,"Ptelea crenulata",-122.621079457221,39.1770324901966,2000,5,30,"US","Ptelea crenulata",13.7959547042847
2573778658,"Ptelea crenulata",-121.789565,39.200364,2018,4,14,"US","Ptelea crenulata",17.8405532836914
3986095968,"Ptelea crenulata",-122.808432,39.005961,2022,11,15,"US","Ptelea crenulata",14.6773099899292
2818739403,"Ptelea crenulata",-122.793097,38.966408,2020,4,29,"US","Ptelea crenulata",14.266806602478
3008522373,"Ptelea crenulata",-122.78046,38.976498,2020,5,8,"US","Ptelea crenulata",13.0457000732422
3097090540,"Ptelea crenulata",-122.581507,38.952045,2021,4,4,"US","Ptelea crenulata",14.6098346710205
3097006522,"Ptelea crenulata",-120.802068,38.805412,2021,4,2,"US","Ptelea crenulata",15.1427087783813
3772959429,"Ptelea crenulata",-120.843407,38.760923,2022,5,5,"US","Ptelea crenulata",15.7781562805176
3859947706,"Ptelea crenulata",-121.330237,38.595252,2022,6,5,"US","Ptelea crenulata",17.2771663665771
3113310655,"Ptelea crenulata",-121.096358,38.55072,2021,4,24,"US","Ptelea crenulata",17.2263050079346
2988460429,"Ptelea crenulata",-122.008257,38.38505,2014,11,14,"US","Ptelea crenulata",16.4308948516846
2818699384,"Ptelea crenulata",-122.174968,38.314433,2014,3,27,"US","Ptelea crenulata",14.9273557662964
2456495284,"Ptelea crenulata",-122.0178,38.296,2014,4,11,"US","Ptelea crenulata",16.4883632659912
3097054571,"Ptelea crenulata",-122.143537,38.25035,2021,4,11,"US","Ptelea crenulata",15.9120874404907
2988268431,"Ptelea crenulata",-122.021827,38.270612,2016,5,2,"US","Ptelea crenulata",16.4565143585205
2988371446,"Ptelea crenulata",-122.164851,38.203111,2014,3,14,"US","Ptelea crenulata",15.9776611328125
3059679658,"Ptelea crenulata",-122.2572,38.0747,2003,6,18,"US","Ptelea crenulata",15.9297075271606
3902016991,"Ptelea crenulata",-122.221397,38.045964,2022,4,3,"US","Ptelea crenulata",15.8178901672363
2597720233,"Ptelea crenulata",-122.216653,38.04005,2020,4,1,"US","Ptelea crenulata",15.6756782531738
3466528510,"Ptelea crenulata",-122.15058,38.017928,2022,1,24,"US","Ptelea crenulata",15.8384218215942
3743004517,"Ptelea crenulata",-122.230986,37.997696,2022,3,12,"US","Ptelea crenulata",15.3799295425415
3743171584,"Ptelea crenulata",-122.131403,37.985337,2022,3,8,"US","Ptelea crenulata",15.5727624893188
2456491873,"Ptelea crenulata",-122.110252,37.978533,2018,4,28,"US","Ptelea crenulata",16.0230121612549
3759173220,"Ptelea crenulata",-122.061942,37.988275,2022,3,27,"US","Ptelea crenulata",16.4265956878662
3399179354,"Ptelea crenulata",-121.877357,37.965211,2017,6,1,"US","Ptelea crenulata",16.2267627716064
3902645576,"Ptelea crenulata",-121.863804,37.95854,2022,2,4,"US","Ptelea crenulata",16.4040126800537
3499711442,"Ptelea crenulata",-122.141521,37.952326,2022,2,15,"US","Ptelea crenulata",15.1744165420532
2988527433,"Ptelea crenulata",-122.115653,37.934983,2020,4,19,"US","Ptelea crenulata",15.683367729187
1841310407,"Ptelea crenulata",-122.03011,37.930226,2018,4,28,"US","Ptelea crenulata",16.3741035461426
3079742036,"Ptelea crenulata",-121.995797,37.930272,2021,4,7,"US","Ptelea crenulata",16.0982208251953
3760244791,"Ptelea crenulata",-121.941645,37.920521,2022,4,21,"US","Ptelea crenulata",15.9926729202271
3747010783,"Ptelea crenulata",-121.884637,37.952972,2022,3,20,"US","Ptelea crenulata",15.8482904434204
3698219497,"Ptelea crenulata",-121.866061,37.954625,2022,2,18,"US","Ptelea crenulata",15.9499082565308
2421709992,"Ptelea crenulata",-120.638056,37.941111,2008,6,3,"US","Ptelea crenulata",16.6613101959229
3059709451,"Ptelea crenulata",-119.460597,37.9536699990848,2008,7,10,"US","Ptelea crenulata",6.09339904785156
2988346431,"Ptelea crenulata",-122.111953,37.891408,2020,4,25,"US","Ptelea crenulata",15.5087223052979
3455688673,"Ptelea crenulata",-121.961403,37.912269,2022,1,16,"US","Ptelea crenulata",15.7910127639771
3698246887,"Ptelea crenulata",-121.940619,37.91309,2022,2,23,"US","Ptelea crenulata",15.3643321990967
3712591997,"Ptelea crenulata",-121.915087,37.896408,2022,3,5,"US","Ptelea crenulata",15.255651473999
3302041632,"Ptelea crenulata",-121.839133,37.886288,2021,6,1,"US","Ptelea crenulata",15.6669702529907
3325543860,"Ptelea crenulata",-121.961297,37.868722,2021,7,3,"US","Ptelea crenulata",15.6216382980347
3747114479,"Ptelea crenulata",-121.946922,37.873092,2022,3,24,"US","Ptelea crenulata",15.4184923171997
2421728976,"Ptelea crenulata",-121.883333,37.866667,2002,4,24,"US","Ptelea crenulata",15.3940124511719
3391637415,"Ptelea crenulata",-121.850289,37.847873,2021,4,27,"US","Ptelea crenulata",15.4650325775146
3097411719,"Ptelea crenulata",-121.785898,37.846398,2021,4,21,"US","Ptelea crenulata",16.3372402191162
2988574458,"Ptelea crenulata",-121.749006,37.858814,2020,4,26,"US","Ptelea crenulata",16.6424446105957
2620006755,"Ptelea crenulata",-121.803392,37.8329,2020,4,26,"US","Ptelea crenulata",15.5648174285889
2456495281,"Ptelea crenulata",-121.756041,37.800363,2013,3,2,"US","Ptelea crenulata",15.8953723907471
3097217402,"Ptelea crenulata",-121.921639,37.653802,2021,4,20,"US","Ptelea crenulata",15.2127094268799
3455295966,"Ptelea crenulata",-121.889063,37.613363,2021,4,4,"US","Ptelea crenulata",15.6041383743286
3059709453,"Ptelea crenulata",-119.921472,37.4031219990894,2008,7,22,"US","Ptelea crenulata",15.8402519226074
2456647505,"Ptelea crenulata",-121.531277,37.176458,2014,5,11,"US","Ptelea crenulata",14.6860208511353
3873016520,"Ptelea crenulata",-119.361996,37.147406,2021,9,15,"US","Ptelea crenulata",13.4539833068848
2465102338,"Ptelea crenulata",-121.361175,37.11367,2019,5,4,"US","Ptelea crenulata",15.2178649902344
1847501560,"Ptelea crenulata",-121.248655,37.052387,2018,5,11,"US","Ptelea crenulata",15.5504531860352
2459170993,"Ptelea crenulata",-121.623539,36.951,2019,5,3,"US","Ptelea crenulata",14.8394985198975
2465105004,"Ptelea crenulata",-118.864922,36.451375,2019,5,27,"US","Ptelea crenulata",16.2634506225586
