"gbifID","species","longitude","latitude","year","month","day","countryCode","basisOfRecord","accepted_name"
4068900907,"Pteryxia hendersonii",-113.96555,45.38944,2019,4,28,"US","PRESERVED_SPECIMEN","Pteryxia hendersonii"
4069920017,"Pteryxia hendersonii",-111.4855,45.3851,2007,8,1,"US","PRESERVED_SPECIMEN","Pteryxia hendersonii"
4068839771,"Pteryxia hendersonii",-112.2214269,45.3128156,2004,7,12,"US","PRESERVED_SPECIMEN","Pteryxia hendersonii"
4069883476,"Pteryxia hendersonii",-111.9662,45.1864,2019,7,27,"US","PRESERVED_SPECIMEN","Pteryxia hendersonii"
4069917618,"Pteryxia hendersonii",-111.9552,45.1967,2006,7,17,"US","PRESERVED_SPECIMEN","Pteryxia hendersonii"
4069932631,"Pteryxia hendersonii",-108.647611,45.183,2008,7,16,"US","PRESERVED_SPECIMEN","Pteryxia hendersonii"
4069898322,"Pteryxia hendersonii",-109.514074,45.130367,2018,8,21,"US","PRESERVED_SPECIMEN","Pteryxia hendersonii"
4069882132,"Pteryxia hendersonii",-109.575833,45.101861,2013,7,22,"US","PRESERVED_SPECIMEN","Pteryxia hendersonii"
4069938490,"Pteryxia hendersonii",-109.493,45.042306,2011,8,19,"US","PRESERVED_SPECIMEN","Pteryxia hendersonii"
4129979362,"Pteryxia hendersonii",-109.407581,45.043066,2021,7,13,"US","HUMAN_OBSERVATION","Pteryxia hendersonii"
4129737310,"Pteryxia hendersonii",-109.933165,45.021862,2019,7,12,"US","HUMAN_OBSERVATION","Pteryxia hendersonii"
4069046802,"Pteryxia hendersonii",-109.41579,45.03461,2021,7,4,"US","PRESERVED_SPECIMEN","Pteryxia hendersonii"
4073946475,"Pteryxia hendersonii",-108.421657,45.00001,2003,8,NA,"US","PRESERVED_SPECIMEN","Pteryxia hendersonii"
4069926685,"Pteryxia hendersonii",-111.8634,44.97684,2020,8,11,"US","PRESERVED_SPECIMEN","Pteryxia hendersonii"
3766278091,"Pteryxia hendersonii",-109.3748,44.9972,2008,8,16,"US","PRESERVED_SPECIMEN","Pteryxia hendersonii"
2564261947,"Pteryxia hendersonii",-109.37567,44.753706,2019,8,29,"US","PRESERVED_SPECIMEN","Pteryxia hendersonii"
2242358510,"Pteryxia hendersonii",-109.38124,44.741573,2016,6,18,"US","PRESERVED_SPECIMEN","Pteryxia hendersonii"
4073941894,"Pteryxia hendersonii",-113.66497,44.66091,2010,7,25,"US","PRESERVED_SPECIMEN","Pteryxia hendersonii"
4069892236,"Pteryxia hendersonii",-111.7108,44.5719,2002,8,16,"US","PRESERVED_SPECIMEN","Pteryxia hendersonii"
1986952910,"Pteryxia hendersonii",-110.7255,43.9424,2006,6,25,"US","PRESERVED_SPECIMEN","Pteryxia hendersonii"
3902075305,"Pteryxia hendersonii",-110.932572,43.785538,2017,7,4,"US","HUMAN_OBSERVATION","Pteryxia hendersonii"
1928543704,"Pteryxia hendersonii",-110.832312,43.661795,2006,6,10,"US","PRESERVED_SPECIMEN","Pteryxia hendersonii"
1986952871,"Pteryxia hendersonii",-110.8803,43.5956,2006,6,24,"US","PRESERVED_SPECIMEN","Pteryxia hendersonii"
4068978600,"Pteryxia hendersonii",-110.873,43.596,2015,7,12,"US","PRESERVED_SPECIMEN","Pteryxia hendersonii"
3902020307,"Pteryxia hendersonii",-110.979508,43.531712,2017,7,8,"US","HUMAN_OBSERVATION","Pteryxia hendersonii"
4073848428,"Pteryxia hendersonii",-111.1018704,43.4588381,2002,7,21,"US","PRESERVED_SPECIMEN","Pteryxia hendersonii"
4022996636,"Pteryxia hendersonii",-111.118799,43.377345,2022,8,9,"US","PRESERVED_SPECIMEN","Pteryxia hendersonii"
1929066356,"Pteryxia hendersonii",-109.1881,42.7762,2006,7,6,"US","PRESERVED_SPECIMEN","Pteryxia hendersonii"
4068992311,"Pteryxia hendersonii",-112.34627,42.6828,2017,6,3,"US","PRESERVED_SPECIMEN","Pteryxia hendersonii"
4073908827,"Pteryxia hendersonii",-111.6506669,42.0208501,2002,7,14,"US","PRESERVED_SPECIMEN","Pteryxia hendersonii"
3398972434,"Pteryxia hendersonii",-111.67519,41.911312,2021,7,10,"US","HUMAN_OBSERVATION","Pteryxia hendersonii"
2242393618,"Pteryxia hendersonii",-110.127336,40.85721,2004,8,11,"US","PRESERVED_SPECIMEN","Pteryxia hendersonii"
2242356700,"Pteryxia hendersonii",-108.212149,40.865336,2014,6,3,"US","PRESERVED_SPECIMEN","Pteryxia hendersonii"
1928375365,"Pteryxia hendersonii",-109.849849,40.766481,2005,8,2,"US","PRESERVED_SPECIMEN","Pteryxia hendersonii"
1928337796,"Pteryxia hendersonii",-110.1,40.71,2002,7,24,"US","PRESERVED_SPECIMEN","Pteryxia hendersonii"
1986959757,"Pteryxia hendersonii",-110.262222,40.651389,2005,9,1,"US","PRESERVED_SPECIMEN","Pteryxia hendersonii"
3499677303,"Pteryxia hendersonii",-111.74172,40.60873,2017,6,17,"US","HUMAN_OBSERVATION","Pteryxia hendersonii"
4405106704,"Pteryxia hendersonii",-111.66645,40.592158,2023,7,27,"US","HUMAN_OBSERVATION","Pteryxia hendersonii"
4068949780,"Pteryxia hendersonii",-110.263333,40.623056,2005,9,1,"US","PRESERVED_SPECIMEN","Pteryxia hendersonii"
2573421500,"Pteryxia hendersonii",-115.395015,40.557104,2004,8,4,"US","PRESERVED_SPECIMEN","Pteryxia hendersonii"
1986956669,"Pteryxia hendersonii",-111.638056,40.568889,2004,7,23,"US","PRESERVED_SPECIMEN","Pteryxia hendersonii"
4404940660,"Pteryxia hendersonii",-115.45921,40.45428,2021,7,20,"US","PRESERVED_SPECIMEN","Pteryxia hendersonii"
2573341885,"Pteryxia hendersonii",-108.586972,39.817944,2013,7,17,"US","PRESERVED_SPECIMEN","Pteryxia hendersonii"
4404882491,"Pteryxia hendersonii",-114.603593,39.405915,2008,7,1,"US","PRESERVED_SPECIMEN","Pteryxia hendersonii"
4404886438,"Pteryxia hendersonii",-114.294906,38.956682,2003,7,24,"US","PRESERVED_SPECIMEN","Pteryxia hendersonii"
2270184857,"Pteryxia hendersonii",-112.05961,38.53938,2013,8,30,"US","PRESERVED_SPECIMEN","Pteryxia hendersonii"
1913667461,"Pteryxia hendersonii",-109.243527,38.44212,2018,9,13,"US","HUMAN_OBSERVATION","Pteryxia hendersonii"
2251827008,"Pteryxia hendersonii",-112.382418,38.367198,2009,7,8,"US","HUMAN_OBSERVATION","Pteryxia hendersonii"
3091204708,"Pteryxia hendersonii",-112.3732,38.36686,2014,8,7,"US","PRESERVED_SPECIMEN","Pteryxia hendersonii"
2573421000,"Pteryxia hendersonii",-109.625413,37.833087,2003,5,24,"US","PRESERVED_SPECIMEN","Pteryxia hendersonii"
2573560336,"Pteryxia hendersonii",-109.458333,37.816389,2004,6,22,"US","PRESERVED_SPECIMEN","Pteryxia hendersonii"
4046263364,"Pteryxia hendersonii",-105.478,36.8,2019,6,30,"US","HUMAN_OBSERVATION","Pteryxia hendersonii"
1843915523,"Pteryxia hendersonii",-105.495347,36.77732,2006,7,23,"US","PRESERVED_SPECIMEN","Pteryxia hendersonii"
3888674324,"Pteryxia hendersonii",-105.43962,36.78598,2022,7,13,"US","PRESERVED_SPECIMEN","Pteryxia hendersonii"
