"gbifID","species","longitude","latitude","year","month","day","countryCode","accepted_name"
683939439,"Pteryxia petraea",-114.121638,44.638766,2011,6,28,"US","Pteryxia petraea"
1929431353,"Pteryxia petraea",-117.69867,42.89167,2002,6,4,"US","Pteryxia petraea"
1928278339,"Pteryxia petraea",-115.67425,42.688283,2008,5,23,"US","Pteryxia petraea"
1928858937,"Pteryxia petraea",-115.6281,42.3625,2010,6,14,"US","Pteryxia petraea"
3112878973,"Pteryxia petraea",-118.092322,41.718595,2021,5,6,"US","Pteryxia petraea"
1929802027,"Pteryxia petraea",-118.57642,41.23383,2009,6,3,"US","Pteryxia petraea"
3115556303,"Pteryxia petraea",-116.84801,41.2249099990647,2019,6,27,"US","Pteryxia petraea"
318057814,"Pteryxia petraea",-118.101944,41.015833,2006,6,2,"US","Pteryxia petraea"
1929529812,"Pteryxia petraea",-117.61722,40.90517,2007,6,8,"US","Pteryxia petraea"
240494662,"Pteryxia petraea",-118.152778,40.815,2006,5,14,"US","Pteryxia petraea"
3860282064,"Pteryxia petraea",-110.032264,39.353908,2022,6,13,"US","Pteryxia petraea"
1930058861,"Pteryxia petraea",-119.79956,39.11464,2008,5,29,"US","Pteryxia petraea"
2242383343,"Pteryxia petraea",-108.979236,38.712466,2010,5,27,"US","Pteryxia petraea"
2242418557,"Pteryxia petraea",-108.984480220173,38.7058085312983,2014,6,3,"US","Pteryxia petraea"
3860823808,"Pteryxia petraea",-119.544167,38.643125,2022,5,27,"US","Pteryxia petraea"
3314195070,"Pteryxia petraea",-119.541514,38.641333,2021,6,16,"US","Pteryxia petraea"
1929022642,"Pteryxia petraea",-116.29,38.66,2001,7,5,"US","Pteryxia petraea"
3860347986,"Pteryxia petraea",-119.46415,38.474183,2022,5,27,"US","Pteryxia petraea"
1928363598,"Pteryxia petraea",-116.507028,38.370917,2004,5,27,"US","Pteryxia petraea"
1846514669,"Pteryxia petraea",-109.716317,37.958247,2009,5,9,"US","Pteryxia petraea"
1928403504,"Pteryxia petraea",-118.39383,37.87719,2017,5,29,"US","Pteryxia petraea"
1930897220,"Pteryxia petraea",-118.34519,37.89778,2017,5,29,"US","Pteryxia petraea"
3949988021,"Pteryxia petraea",-118.56046,37.78863,2018,4,20,"US","Pteryxia petraea"
3858942506,"Pteryxia petraea",-117.890975,37.761911,2022,6,18,"US","Pteryxia petraea"
3860743445,"Pteryxia petraea",-117.848228,37.7455,2022,6,17,"US","Pteryxia petraea"
3859316378,"Pteryxia petraea",-117.779244,37.713281,2022,6,23,"US","Pteryxia petraea"
3051821309,"Pteryxia petraea",-118.57667,37.53556,2018,5,10,"US","Pteryxia petraea"
3091210306,"Pteryxia petraea",-109.77688,37.42593,2003,4,17,"US","Pteryxia petraea"
3860188807,"Pteryxia petraea",-118.267415,37.40564,2022,6,8,"US","Pteryxia petraea"
3860520049,"Pteryxia petraea",-118.248522,37.403053,2022,6,8,"US","Pteryxia petraea"
2294397329,"Pteryxia petraea",-118.02521,37.41182,2010,5,30,"US","Pteryxia petraea"
3802618848,"Pteryxia petraea",-118.159722,37.254483,2022,5,21,"US","Pteryxia petraea"
2575151835,"Pteryxia petraea",-118.634,37.220389,2001,7,11,"US","Pteryxia petraea"
2418054150,"Pteryxia petraea",-118.526667,37.220833,2000,7,31,"US","Pteryxia petraea"
2430116682,"Pteryxia petraea",-118.4618,37.097866999092,2009,8,1,"US","Pteryxia petraea"
3091211263,"Pteryxia petraea",-111.106709,36.9560299990933,2014,4,15,"US","Pteryxia petraea"
3091239142,"Pteryxia petraea",-109.130936481066,36.8481052175452,2004,5,25,"US","Pteryxia petraea"
1843841504,"Pteryxia petraea",-109.021591,36.816592,2001,5,1,"US","Pteryxia petraea"
1843841643,"Pteryxia petraea",-108.982549,36.793668,2001,4,2,"US","Pteryxia petraea"
2422520667,"Pteryxia petraea",-118.87033,36.71722,2015,6,19,"US","Pteryxia petraea"
1843892030,"Pteryxia petraea",-109.014801,36.665548,2003,5,10,"US","Pteryxia petraea"
1846554601,"Pteryxia petraea",-112.020933,36.445817,2005,9,9,"US","Pteryxia petraea"
1846554141,"Pteryxia petraea",-112.014487,36.391231,2012,6,2,"US","Pteryxia petraea"
1846548126,"Pteryxia petraea",-111.882411064263,36.3562895982397,2008,4,17,"US","Pteryxia petraea"
3091211654,"Pteryxia petraea",-112.268410016594,36.2932786255925,2006,6,8,"US","Pteryxia petraea"
1846526784,"Pteryxia petraea",-111.962902601272,36.308480201157,2008,5,20,"US","Pteryxia petraea"
1846501052,"Pteryxia petraea",-112.260568,36.288183,2006,6,8,"US","Pteryxia petraea"
1846526800,"Pteryxia petraea",-111.960422346235,36.2883106859172,2008,5,20,"US","Pteryxia petraea"
3091261753,"Pteryxia petraea",-112.016203142534,36.227271759674,2009,6,5,"US","Pteryxia petraea"
1846526770,"Pteryxia petraea",-111.927150994363,36.2332221799879,2008,5,19,"US","Pteryxia petraea"
3091261745,"Pteryxia petraea",-111.887179798731,36.211712933803,2007,4,11,"US","Pteryxia petraea"
3091229957,"Pteryxia petraea",-111.840859015181,36.2499023313764,2008,4,19,"US","Pteryxia petraea"
1846480719,"Pteryxia petraea",-112.368483,36.201608,2009,4,10,"US","Pteryxia petraea"
3091261744,"Pteryxia petraea",-112.072594015149,36.1727126843292,2008,6,11,"US","Pteryxia petraea"
1846538219,"Pteryxia petraea",-112.02135,36.185746,2010,5,28,"US","Pteryxia petraea"
1846509681,"Pteryxia petraea",-111.926054586271,36.1933411205677,2007,7,6,"US","Pteryxia petraea"
1846514906,"Pteryxia petraea",-111.908041107635,36.1899273135449,2008,5,17,"US","Pteryxia petraea"
3091229959,"Pteryxia petraea",-112.203906940125,36.1393426423846,2007,4,16,"US","Pteryxia petraea"
3091269796,"Pteryxia petraea",-111.97506,36.14823,2005,9,11,"US","Pteryxia petraea"
1846514845,"Pteryxia petraea",-111.901990365873,36.1277668127626,2008,5,16,"US","Pteryxia petraea"
1846515301,"Pteryxia petraea",-112.289425836474,36.1170096293437,2008,4,25,"US","Pteryxia petraea"
1846526833,"Pteryxia petraea",-112.115449,36.08906,2009,6,5,"US","Pteryxia petraea"
3091271408,"Pteryxia petraea",-111.97704,36.12173,2005,9,9,"US","Pteryxia petraea"
1891268875,"Pteryxia petraea",-111.931444,36.121417,2011,5,7,"US","Pteryxia petraea"
1934744867,"Pteryxia petraea",-112.215577,36.079184,2015,4,27,"US","Pteryxia petraea"
1846480688,"Pteryxia petraea",-112.101051,36.070203,2007,10,11,"US","Pteryxia petraea"
