"gbifID","species","longitude","latitude","year","month","day","countryCode","accepted_name"
3384141527,"Pteryxia petraea",-118.160513,37.254128,2021,4,4,"US","Pteryxia petraea"
3466311479,"Pteryxia petraea",-118.159722,37.254848,2021,4,17,"US","Pteryxia petraea"
3112878973,"Pteryxia petraea",-118.092322,41.718595,2021,5,6,"US","Pteryxia petraea"
3314195070,"Pteryxia petraea",-119.541514,38.641333,2021,6,16,"US","Pteryxia petraea"
2611040745,"Pteryxia petraea",-119.462425,38.471613,2020,4,29,"US","Pteryxia petraea"
2423135994,"Pteryxia petraea",-118.158189,37.255386,2019,4,28,"US","Pteryxia petraea"
3115556303,"Pteryxia petraea",-116.84801,41.2249099990647,2019,6,27,"US","Pteryxia petraea"
3051821309,"Pteryxia petraea",-118.57667,37.53556,2018,5,10,"US","Pteryxia petraea"
3059689843,"Pteryxia petraea",-118.568361,37.505611,2018,5,10,"US","Pteryxia petraea"
3414427556,"Pteryxia petraea",-118.55981,37.78742,2017,2,7,"US","Pteryxia petraea"
1928403504,"Pteryxia petraea",-118.39383,37.87719,2017,5,29,"US","Pteryxia petraea"
1930897220,"Pteryxia petraea",-118.34519,37.89778,2017,5,29,"US","Pteryxia petraea"
1990839049,"Pteryxia petraea",-118.393833,37.8771829990854,2017,5,29,"US","Pteryxia petraea"
2270520216,"Pteryxia petraea",-118.393833,37.8771829990854,2017,5,29,"US","Pteryxia petraea"
2270536116,"Pteryxia petraea",-118.345183,37.8977829990852,2017,5,29,"US","Pteryxia petraea"
2610089699,"Pteryxia petraea",-118.345183,37.8979329990852,2017,5,29,"US","Pteryxia petraea"
2610089896,"Pteryxia petraea",-118.393833,37.8771829990854,2017,5,29,"US","Pteryxia petraea"
3051752364,"Pteryxia petraea",-118.345183,37.8979329990852,2017,5,29,"US","Pteryxia petraea"
3051752399,"Pteryxia petraea",-118.393833,37.8771829990854,2017,5,29,"US","Pteryxia petraea"
3306039309,"Pteryxia petraea",-118.393833,37.877183,2017,5,29,"US","Pteryxia petraea"
3306039328,"Pteryxia petraea",-118.345183,37.897783,2017,5,29,"US","Pteryxia petraea"
1426508797,"Pteryxia petraea",-119.542111,38.644222,2015,4,20,"US","Pteryxia petraea"
1934744867,"Pteryxia petraea",-112.215577,36.079184,2015,4,27,"US","Pteryxia petraea"
2422504008,"Pteryxia petraea",-119.54211,38.64422,2015,4,20,"US","Pteryxia petraea"
2422520667,"Pteryxia petraea",-118.87033,36.71722,2015,6,19,"US","Pteryxia petraea"
2430330511,"Pteryxia petraea",-118.870333,36.7172169990955,2015,6,19,"US","Pteryxia petraea"
2818597474,"Pteryxia petraea",-118.266965,37.406109,2015,8,13,"US","Pteryxia petraea"
3091211263,"Pteryxia petraea",-111.106709,36.9560299990933,2014,4,15,"US","Pteryxia petraea"
2242418557,"Pteryxia petraea",-108.984480220173,38.7058085312983,2014,6,3,"US","Pteryxia petraea"
1846547515,"Pteryxia petraea",-112.222036,36.060232,2012,4,18,"US","Pteryxia petraea"
1846554141,"Pteryxia petraea",-112.014487,36.391231,2012,6,2,"US","Pteryxia petraea"
1891268875,"Pteryxia petraea",-111.931444,36.121417,2011,5,7,"US","Pteryxia petraea"
3091262862,"Pteryxia petraea",-111.931444,36.121417,2011,5,7,"US","Pteryxia petraea"
683939439,"Pteryxia petraea",-114.121638,44.638766,2011,6,28,"US","Pteryxia petraea"
2421775525,"Pteryxia petraea",-118.158333,37.254722,2011,6,13,"US","Pteryxia petraea"
2818819475,"Pteryxia petraea",-118.159659,37.254578,2011,6,13,"US","Pteryxia petraea"
1846538219,"Pteryxia petraea",-112.02135,36.185746,2010,5,28,"US","Pteryxia petraea"
2242383343,"Pteryxia petraea",-108.979236,38.712466,2010,5,27,"US","Pteryxia petraea"
2294397329,"Pteryxia petraea",-118.02521,37.41182,2010,5,30,"US","Pteryxia petraea"
2573343976,"Pteryxia petraea",-108.979237,38.710596,2010,5,27,"US","Pteryxia petraea"
1928858937,"Pteryxia petraea",-115.6281,42.3625,2010,6,14,"US","Pteryxia petraea"
1846480719,"Pteryxia petraea",-112.368483,36.201608,2009,4,10,"US","Pteryxia petraea"
1846526796,"Pteryxia petraea",-112.368483,36.201608,2009,4,10,"US","Pteryxia petraea"
1846514669,"Pteryxia petraea",-109.716317,37.958247,2009,5,9,"US","Pteryxia petraea"
2242383016,"Pteryxia petraea",-108.988256,38.707801,2009,5,20,"US","Pteryxia petraea"
2573340962,"Pteryxia petraea",-108.988257,38.705931,2009,5,20,"US","Pteryxia petraea"
1846526833,"Pteryxia petraea",-112.115449,36.08906,2009,6,5,"US","Pteryxia petraea"
1929802027,"Pteryxia petraea",-118.57642,41.23383,2009,6,3,"US","Pteryxia petraea"
1986982505,"Pteryxia petraea",-118.576417,41.233833,2009,6,3,"US","Pteryxia petraea"
3091261753,"Pteryxia petraea",-112.016203142534,36.227271759674,2009,6,5,"US","Pteryxia petraea"
2430116682,"Pteryxia petraea",-118.4618,37.097866999092,2009,8,1,"US","Pteryxia petraea"
1846515301,"Pteryxia petraea",-112.289425836474,36.1170096293437,2008,4,25,"US","Pteryxia petraea"
1846515629,"Pteryxia petraea",-111.93615115725,36.1220957325548,2008,4,23,"US","Pteryxia petraea"
1846548126,"Pteryxia petraea",-111.882411064263,36.3562895982397,2008,4,17,"US","Pteryxia petraea"
3091229951,"Pteryxia petraea",-111.882411064263,36.3562895982397,2008,4,17,"US","Pteryxia petraea"
3091229957,"Pteryxia petraea",-111.840859015181,36.2499023313764,2008,4,19,"US","Pteryxia petraea"
3091246110,"Pteryxia petraea",-112.289426819097,36.1151976721583,2008,4,25,"US","Pteryxia petraea"
3091246435,"Pteryxia petraea",-111.936151139999,36.1202827753065,2008,4,23,"US","Pteryxia petraea"
1846514845,"Pteryxia petraea",-111.901990365873,36.1277668127626,2008,5,16,"US","Pteryxia petraea"
1846514906,"Pteryxia petraea",-111.908041107635,36.1899273135449,2008,5,17,"US","Pteryxia petraea"
1846526770,"Pteryxia petraea",-111.927150994363,36.2332221799879,2008,5,19,"US","Pteryxia petraea"
1846526784,"Pteryxia petraea",-111.962902601272,36.308480201157,2008,5,20,"US","Pteryxia petraea"
1846526800,"Pteryxia petraea",-111.960422346235,36.2883106859172,2008,5,20,"US","Pteryxia petraea"
1846526802,"Pteryxia petraea",-111.939360116192,36.1094350111379,2008,5,15,"US","Pteryxia petraea"
1928278339,"Pteryxia petraea",-115.67425,42.688283,2008,5,23,"US","Pteryxia petraea"
1930058861,"Pteryxia petraea",-119.79956,39.11464,2008,5,29,"US","Pteryxia petraea"
2242382299,"Pteryxia petraea",-108.992071,38.712249,2008,5,19,"US","Pteryxia petraea"
3091229955,"Pteryxia petraea",-111.962902601272,36.308480201157,2008,5,20,"US","Pteryxia petraea"
3091229960,"Pteryxia petraea",-111.90804009031,36.1881133560963,2008,5,17,"US","Pteryxia petraea"
3091229963,"Pteryxia petraea",-111.939360116192,36.1094350111379,2008,5,15,"US","Pteryxia petraea"
3091261750,"Pteryxia petraea",-111.90287937055,36.1259448501366,2008,5,16,"US","Pteryxia petraea"
3091261754,"Pteryxia petraea",-111.960422346235,36.2883106859172,2008,5,20,"US","Pteryxia petraea"
3091261756,"Pteryxia petraea",-111.902089621305,36.1543541862498,2008,5,16,"US","Pteryxia petraea"
3091261757,"Pteryxia petraea",-111.927150994363,36.2332221799879,2008,5,19,"US","Pteryxia petraea"
3447699307,"Pteryxia petraea",-119.799555,39.114638,2008,5,29,"US","Pteryxia petraea"
1846514616,"Pteryxia petraea",-112.02507118955,36.2092661254858,2008,6,14,"US","Pteryxia petraea"
1846514830,"Pteryxia petraea",-112.036890340329,36.194469398066,2008,6,13,"US","Pteryxia petraea"
3091261744,"Pteryxia petraea",-112.072594015149,36.1727126843292,2008,6,11,"US","Pteryxia petraea"
3091261755,"Pteryxia petraea",-112.02507317223,36.2074521679794,2008,6,14,"US","Pteryxia petraea"
3091261758,"Pteryxia petraea",-112.036893323011,36.1926524406751,2008,6,13,"US","Pteryxia petraea"
3091229959,"Pteryxia petraea",-112.203906940125,36.1393426423846,2007,4,16,"US","Pteryxia petraea"
3091261745,"Pteryxia petraea",-111.887179798731,36.211712933803,2007,4,11,"US","Pteryxia petraea"
2242380867,"Pteryxia petraea",-108.992997,38.712455,2007,5,19,"US","Pteryxia petraea"
2573341057,"Pteryxia petraea",-108.99366,38.71431,2007,5,19,"US","Pteryxia petraea"
1929529812,"Pteryxia petraea",-117.61722,40.90517,2007,6,8,"US","Pteryxia petraea"
1986959612,"Pteryxia petraea",-117.617222,40.905,2007,6,8,"US","Pteryxia petraea"
2422458572,"Pteryxia petraea",-117.61722,40.90517,2007,6,8,"US","Pteryxia petraea"
1846509681,"Pteryxia petraea",-111.926054586271,36.1933411205677,2007,7,6,"US","Pteryxia petraea"
3091229961,"Pteryxia petraea",-111.926050568823,36.1915231632243,2007,7,6,"US","Pteryxia petraea"
1846480688,"Pteryxia petraea",-112.101051,36.070203,2007,10,11,"US","Pteryxia petraea"
240494662,"Pteryxia petraea",-118.152778,40.815,2006,5,14,"US","Pteryxia petraea"
1929617173,"Pteryxia petraea",-118.15283,40.81508,2006,5,14,"US","Pteryxia petraea"
1986952655,"Pteryxia petraea",-118.152833,40.815083,2006,5,14,"US","Pteryxia petraea"
3091258608,"Pteryxia petraea",-118.152833,40.815083,2006,5,14,"US","Pteryxia petraea"
318057814,"Pteryxia petraea",-118.101944,41.015833,2006,6,2,"US","Pteryxia petraea"
1846501052,"Pteryxia petraea",-112.260568,36.288183,2006,6,8,"US","Pteryxia petraea"
1928409772,"Pteryxia petraea",-118.102,41.01592,2006,6,2,"US","Pteryxia petraea"
1986952500,"Pteryxia petraea",-118.102,41.015917,2006,6,2,"US","Pteryxia petraea"
3091211636,"Pteryxia petraea",-112.261089785832,36.2881287920458,2006,6,8,"US","Pteryxia petraea"
3091211654,"Pteryxia petraea",-112.268410016594,36.2932786255925,2006,6,8,"US","Pteryxia petraea"
3091258606,"Pteryxia petraea",-118.102,41.015917,2006,6,2,"US","Pteryxia petraea"
1846554601,"Pteryxia petraea",-112.020933,36.445817,2005,9,9,"US","Pteryxia petraea"
1846554675,"Pteryxia petraea",-112.026,36.4289,2005,9,10,"US","Pteryxia petraea"
3091269796,"Pteryxia petraea",-111.97506,36.14823,2005,9,11,"US","Pteryxia petraea"
3091271408,"Pteryxia petraea",-111.97704,36.12173,2005,9,9,"US","Pteryxia petraea"
1928363598,"Pteryxia petraea",-116.507028,38.370917,2004,5,27,"US","Pteryxia petraea"
1986956106,"Pteryxia petraea",-116.506944,38.370833,2004,5,27,"US","Pteryxia petraea"
3091239142,"Pteryxia petraea",-109.130936481066,36.8481052175452,2004,5,25,"US","Pteryxia petraea"
3091258603,"Pteryxia petraea",-116.507028,38.370917,2004,5,27,"US","Pteryxia petraea"
1846475995,"Pteryxia petraea",-112.0184,36.19033,2003,3,19,"US","Pteryxia petraea"
3091210306,"Pteryxia petraea",-109.77688,37.42593,2003,4,17,"US","Pteryxia petraea"
1929431353,"Pteryxia petraea",-117.69867,42.89167,2002,6,4,"US","Pteryxia petraea"
1929022642,"Pteryxia petraea",-116.29,38.66,2001,7,5,"US","Pteryxia petraea"
2575151835,"Pteryxia petraea",-118.634,37.220389,2001,7,11,"US","Pteryxia petraea"
2418054150,"Pteryxia petraea",-118.526667,37.220833,2000,7,31,"US","Pteryxia petraea"
