"gbifID","species","longitude","latitude","year","month","day","countryCode","accepted_name"
1989089687,"Ruta graveolens",-88.18963,46.214,2001,8,21,"US","Ruta graveolens"
3383946918,"Ruta graveolens",-79.963121,43.94581,2021,7,29,"CA","Ruta graveolens"
3384591475,"Ruta graveolens",-79.936113,43.65402,2020,6,28,"CA","Ruta graveolens"
3384621522,"Ruta graveolens",-79.443792,43.655583,2020,9,13,"CA","Ruta graveolens"
2648946195,"Ruta graveolens",-73.652125,43.31282,2019,6,22,"US","Ruta graveolens"
2649656439,"Ruta graveolens",-78.877564,42.876839,2019,8,6,"US","Ruta graveolens"
2350325658,"Ruta graveolens",-78.829101,42.715797,2019,8,3,"US","Ruta graveolens"
3383897452,"Ruta graveolens",-82.183314,42.589561,2020,6,16,"CA","Ruta graveolens"
3383887735,"Ruta graveolens",-82.924518,42.529377,2021,6,14,"US","Ruta graveolens"
3384606832,"Ruta graveolens",-71.43224,42.482689,2021,7,9,"US","Ruta graveolens"
3455463365,"Ruta graveolens",-71.114556,42.379386,2020,4,2,"US","Ruta graveolens"
3383898493,"Ruta graveolens",-83.21937,42.286823,2020,5,30,"US","Ruta graveolens"
2975112085,"Ruta graveolens",-88.244151,42.234542,2020,6,28,"US","Ruta graveolens"
2646025449,"Ruta graveolens",-87.676039,42.063873,2019,6,27,"US","Ruta graveolens"
1503272164,"Ruta graveolens",-88.7504,41.9295,2006,6,5,"US","Ruta graveolens"
3384608572,"Ruta graveolens",-87.757826,41.845853,2020,9,26,"US","Ruta graveolens"
2649415356,"Ruta graveolens",-87.623337,41.852974,2019,10,19,"US","Ruta graveolens"
3059662634,"Ruta graveolens",-88.063283,41.816294,2011,6,6,"US","Ruta graveolens"
1986951606,"Ruta graveolens",-111.823611,41.734167,2003,6,1,"US","Ruta graveolens"
3383832371,"Ruta graveolens",-74.985811,41.672023,2019,6,19,"US","Ruta graveolens"
3383898529,"Ruta graveolens",-70.628257,41.556963,2020,7,17,"US","Ruta graveolens"
2649629637,"Ruta graveolens",-74.560146,41.406652,2019,9,6,"US","Ruta graveolens"
2974611256,"Ruta graveolens",-74.034372,41.117722,2020,8,23,"US","Ruta graveolens"
3384267758,"Ruta graveolens",-73.863838,41.0697,2021,6,7,"US","Ruta graveolens"
3383932774,"Ruta graveolens",-76.454907,41.004281,2021,6,14,"US","Ruta graveolens"
3343784581,"Ruta graveolens",-73.91873,40.946833,2021,8,4,"US","Ruta graveolens"
2645486644,"Ruta graveolens",-72.905556,40.868546,2019,6,14,"US","Ruta graveolens"
1831101752,"Ruta graveolens",-89.794826,40.821131,2016,6,16,"US","Ruta graveolens"
3384656213,"Ruta graveolens",-80.387634,40.781624,2021,9,1,"US","Ruta graveolens"
2643936560,"Ruta graveolens",-73.270805,40.766566,2019,6,15,"US","Ruta graveolens"
2649103612,"Ruta graveolens",-73.786408,40.717754,2019,7,10,"US","Ruta graveolens"
2649120303,"Ruta graveolens",-73.896497,40.696487,2019,8,10,"US","Ruta graveolens"
2974918991,"Ruta graveolens",-73.839104,40.696068,2020,5,1,"US","Ruta graveolens"
2648572743,"Ruta graveolens",-73.828757,40.701558,2019,6,5,"US","Ruta graveolens"
2242416732,"Ruta graveolens",-104.75472,40.63556,2009,9,5,"US","Ruta graveolens"
2859177282,"Ruta graveolens",-79.917616,40.478145,2004,9,27,"US","Ruta graveolens"
2542894673,"Ruta graveolens",-79.952774,40.429443,2019,5,27,"US","Ruta graveolens"
3384666569,"Ruta graveolens",-75.77388,40.206245,2018,6,27,"US","Ruta graveolens"
3383890717,"Ruta graveolens",-89.401893,40.159099,2021,5,7,"US","Ruta graveolens"
3384653706,"Ruta graveolens",-74.895142,40.07057,2021,5,21,"US","Ruta graveolens"
3384303477,"Ruta graveolens",-75.114778,39.988513,2020,5,18,"US","Ruta graveolens"
3384260628,"Ruta graveolens",-86.311775,39.907801,2021,5,15,"US","Ruta graveolens"
3383923719,"Ruta graveolens",-76.55204,39.41571,2021,5,24,"US","Ruta graveolens"
3383934464,"Ruta graveolens",-84.261125,39.270775,2020,6,7,"US","Ruta graveolens"
2850987543,"Ruta graveolens",-86.53077,39.191483,2020,5,26,"US","Ruta graveolens"
3384291727,"Ruta graveolens",-95.248338,38.918869,2021,5,26,"US","Ruta graveolens"
3384589366,"Ruta graveolens",-76.995042,38.954922,2019,6,7,"US","Ruta graveolens"
3383955443,"Ruta graveolens",-121.133492,38.901103,2020,4,20,"US","Ruta graveolens"
3384629476,"Ruta graveolens",-90.578115,38.769302,2020,5,28,"US","Ruta graveolens"
1257925879,"Ruta graveolens",-90.2,38.633333,2012,4,26,"US","Ruta graveolens"
3384639622,"Ruta graveolens",-121.470497,38.608215,2021,2,8,"US","Ruta graveolens"
3759611502,"Ruta graveolens",-121.461967,38.517692,2022,3,31,"US","Ruta graveolens"
3384331676,"Ruta graveolens",-122.093432,38.300257,2021,5,13,"US","Ruta graveolens"
3384371730,"Ruta graveolens",-122.505059,37.777232,2021,6,11,"US","Ruta graveolens"
3759096877,"Ruta graveolens",-122.494785,37.752056,2022,3,24,"US","Ruta graveolens"
3384289453,"Ruta graveolens",-122.420014,37.651127,2020,5,4,"US","Ruta graveolens"
2311278825,"Ruta graveolens",-122.160697,37.350688,2019,5,18,"US","Ruta graveolens"
3384242453,"Ruta graveolens",-85.337006,37.337309,2020,5,14,"US","Ruta graveolens"
2634383836,"Ruta graveolens",-122.024167,36.966224,2020,5,26,"US","Ruta graveolens"
3383902450,"Ruta graveolens",-121.761835,36.955163,2020,6,2,"US","Ruta graveolens"
3384625309,"Ruta graveolens",-119.794669,36.766297,2016,3,26,"US","Ruta graveolens"
3384748336,"Ruta graveolens",-121.844057,36.605103,2021,9,8,"US","Ruta graveolens"
3383958706,"Ruta graveolens",-83.90699,35.958218,2021,5,20,"US","Ruta graveolens"
3384662676,"Ruta graveolens",-78.616995,35.941675,2021,5,3,"US","Ruta graveolens"
1500227948,"Ruta graveolens",-78.638887,35.782055,2017,4,14,"US","Ruta graveolens"
3383878671,"Ruta graveolens",-86.179482,35.375465,2021,5,11,"US","Ruta graveolens"
3383833357,"Ruta graveolens",-77.841358,35.144347,2019,4,17,"US","Ruta graveolens"
3112278724,"Ruta graveolens",-79.112053,34.961708,2021,4,30,"US","Ruta graveolens"
3384230434,"Ruta graveolens",-117.031916,34.904818,2020,4,12,"US","Ruta graveolens"
3384333670,"Ruta graveolens",-120.447525,34.873146,2021,5,29,"US","Ruta graveolens"
3383936444,"Ruta graveolens",-117.351901,34.510138,2020,4,26,"US","Ruta graveolens"
3383940711,"Ruta graveolens",-118.42945,34.26947,2021,5,10,"US","Ruta graveolens"
3384229458,"Ruta graveolens",-118.386032,34.283028,2020,5,3,"US","Ruta graveolens"
3383927436,"Ruta graveolens",-117.983939,34.159217,2020,5,22,"US","Ruta graveolens"
3383870420,"Ruta graveolens",-117.42457,34.117117,2020,5,3,"US","Ruta graveolens"
3384281620,"Ruta graveolens",-117.260002,34.099998,2021,3,31,"US","Ruta graveolens"
3384292600,"Ruta graveolens",-118.21056,34.078646,2021,3,4,"US","Ruta graveolens"
3383854438,"Ruta graveolens",-118.045603,34.064456,2020,4,22,"US","Ruta graveolens"
2999030613,"Ruta graveolens",-117.616353,34.029482,2020,12,3,"US","Ruta graveolens"
3384629691,"Ruta graveolens",-118.059482,33.980969,2021,5,1,"US","Ruta graveolens"
2422532561,"Ruta graveolens",-117.33556,33.96444,2006,11,8,"US","Ruta graveolens"
3383938428,"Ruta graveolens",-81.136489,33.85297,2020,4,21,"US","Ruta graveolens"
2988531544,"Ruta graveolens",-117.879295,33.628028,2020,11,19,"US","Ruta graveolens"
3383897350,"Ruta graveolens",-84.268659,33.55927,2019,4,12,"US","Ruta graveolens"
3384606427,"Ruta graveolens",-112.184504,33.507987,2020,3,26,"US","Ruta graveolens"
3398694937,"Ruta graveolens",-84.272444,33.383781,2021,10,3,"US","Ruta graveolens"
2422416955,"Ruta graveolens",-116.90972,33.30222,2005,6,29,"US","Ruta graveolens"
3383901640,"Ruta graveolens",-96.795905,33.109347,2021,4,18,"US","Ruta graveolens"
3383914666,"Ruta graveolens",-96.721596,33.01226,2021,5,10,"US","Ruta graveolens"
3384641368,"Ruta graveolens",-96.673747,32.972765,2019,4,29,"US","Ruta graveolens"
3112450688,"Ruta graveolens",-97.152638,32.897814,2021,5,2,"US","Ruta graveolens"
2238925018,"Ruta graveolens",-96.713745,32.872422,2019,4,26,"US","Ruta graveolens"
3384617373,"Ruta graveolens",-96.784633,32.739294,2019,7,6,"US","Ruta graveolens"
3383895443,"Ruta graveolens",-96.647182,32.743604,2020,6,22,"US","Ruta graveolens"
3383897620,"Ruta graveolens",-114.613609,32.671173,2021,4,11,"US","Ruta graveolens"
3384659787,"Ruta graveolens",-97.366533,32.646287,2021,6,20,"US","Ruta graveolens"
2238968318,"Ruta graveolens",-97.327424,32.654062,2019,4,29,"US","Ruta graveolens"
2242777214,"Ruta graveolens",-96.971123,32.613388,2019,4,27,"US","Ruta graveolens"
3384299627,"Ruta graveolens",-96.63593,32.318011,2021,4,8,"US","Ruta graveolens"
3383889678,"Ruta graveolens",-97.708037,31.047534,2021,5,1,"US","Ruta graveolens"
2237429683,"Ruta graveolens",-97.736108,30.341711,2019,4,16,"US","Ruta graveolens"
2610965804,"Ruta graveolens",-97.702214,30.319524,2020,4,26,"US","Ruta graveolens"
2237424944,"Ruta graveolens",-97.767394,30.264441,2019,3,31,"US","Ruta graveolens"
2626408043,"Ruta graveolens",-97.790425,30.223333,2020,5,14,"US","Ruta graveolens"
3383874668,"Ruta graveolens",-95.673353,29.980158,2021,5,3,"US","Ruta graveolens"
2237412505,"Ruta graveolens",-98.415905,29.938181,2018,4,18,"US","Ruta graveolens"
2620159686,"Ruta graveolens",-98.762754,29.808534,2020,4,26,"US","Ruta graveolens"
3384347426,"Ruta graveolens",-95.737299,29.807292,2019,10,19,"US","Ruta graveolens"
1836689405,"Ruta graveolens",-98.10637,29.722598,2017,8,6,"US","Ruta graveolens"
2238984715,"Ruta graveolens",-95.381369,29.745014,2019,4,26,"US","Ruta graveolens"
3383928680,"Ruta graveolens",-98.521469,29.67853,2021,5,12,"US","Ruta graveolens"
1258123893,"Ruta graveolens",-82.3467,29.6442,2008,3,21,"US","Ruta graveolens"
3112285039,"Ruta graveolens",-98.654687,29.616128,2021,5,1,"US","Ruta graveolens"
3112751157,"Ruta graveolens",-98.4636,29.5989,2021,5,3,"US","Ruta graveolens"
3384616635,"Ruta graveolens",-97.594778,29.583283,2021,4,8,"US","Ruta graveolens"
3384270633,"Ruta graveolens",-97.210122,28.747245,2021,2,28,"US","Ruta graveolens"
3383924710,"Ruta graveolens",-97.808564,28.465989,2021,5,9,"US","Ruta graveolens"
2242834856,"Ruta graveolens",-98.330775,26.180395,2019,4,26,"US","Ruta graveolens"
3384635344,"Ruta graveolens",-98.193733,26.18968,2019,3,3,"US","Ruta graveolens"
1894424342,"Ruta graveolens",-100.302222,25.355833,2004,5,1,"MX","Ruta graveolens"
1894424390,"Ruta graveolens",-100.284444,25.348889,2004,4,8,"MX","Ruta graveolens"
1894424383,"Ruta graveolens",-100.142778,25.231389,2004,8,21,"MX","Ruta graveolens"
1257588550,"Ruta graveolens",-88.89868,20.5993,2007,7,19,"MX","Ruta graveolens"
1893677738,"Ruta graveolens",-100.840626,20.473157,2002,9,27,"MX","Ruta graveolens"
3308687494,"Ruta graveolens",-100.09361,19.7175,2010,6,8,"MX","Ruta graveolens"
3308162413,"Ruta graveolens",-101.228,19.64833,2012,6,4,"MX","Ruta graveolens"
2629478106,"Ruta graveolens",-96.941944,19.51,2006,4,4,"MX","Ruta graveolens"
1421385238,"Ruta graveolens",-90.118333,19.484722,2004,2,10,"MX","Ruta graveolens"
2242770283,"Ruta graveolens",-98.189515,18.853913,2019,4,27,"MX","Ruta graveolens"
1894547901,"Ruta graveolens",-93.293333,18.13,2004,9,1,"MX","Ruta graveolens"
