"gbifID","species","longitude","latitude","year","month","day","countryCode","accepted_name"
3415479705,"Salix lucida",-147.258086,65.191544,2021,7,29,"US","Salix lasiandra"
2634354203,"Salix lucida",-147.813767,64.859139,2020,5,22,"US","Salix lasiandra"
2465053461,"Salix lucida",-147.834623,64.798959,2002,9,24,"US","Salix lasiandra"
2540735537,"Salix lucida",-147.750672,64.805817,2019,8,8,"US","Salix lasiandra"
3325539452,"Salix lucida",-147.7417,64.798028,2021,6,4,"US","Salix lasiandra"
3330762778,"Salix lucida",-139.437863,64.06165,2021,7,16,"CA","Salix lasiandra"
3759089611,"Salix lucida",-140.355164,63.169403,2021,6,17,"CA","Salix lasiandra"
2251331594,"Salix lucida",-132.45,61.98,2007,7,20,"CA","Salix lasiandra"
1249305125,"Salix lucida",-149.251,61.484,2000,6,24,"US","Salix lasiandra"
1880546640,"Salix lucida",-149.824631,61.077933,2018,6,22,"US","Salix lasiandra"
3764194364,"Salix lucida",-132.700761,60.161872,2021,8,15,"CA","Salix lasiandra"
2575020759,"Salix lucida",-128.97008,60.09067,2019,7,13,"CA","Salix lasiandra"
1988234526,"Salix lucida",-129.916,60.0616,2009,5,29,"CA","Salix lasiandra"
2294515231,"Salix lucida",-128.903638,60.049002,2019,7,13,"CA","Salix lasiandra"
2251332461,"Salix lucida",-127.245,54.741,2007,7,27,"CA","Salix lasiandra"
2251330029,"Salix lucida",-128.705,54.502,2007,7,20,"CA","Salix lasiandra"
2251330027,"Salix lucida",-128.955,54.484,2007,7,20,"CA","Salix lasiandra"
2251329162,"Salix lucida",-126,54.396,2007,7,27,"CA","Salix lasiandra"
2251329255,"Salix lucida",-129.595,54.2,2007,7,26,"CA","Salix lasiandra"
1804396779,"Salix lucida",-122.09,54.091,2008,6,4,"CA","Salix lasiandra"
2429308235,"Salix lucida",-124.620589,54.061378,2019,7,18,"CA","Salix lasiandra"
1804443504,"Salix lucida",-122.029,54.045,2008,6,4,"CA","Salix lasiandra"
2574220116,"Salix lucida",-122.837953,53.865762,2019,7,2,"CA","Salix lasiandra"
3759106478,"Salix lucida",-121.311966,53.801365,2020,8,10,"CA","Salix lasiandra"
1804571015,"Salix lucida",-122.658,53.559,2008,6,5,"CA","Salix lasiandra"
1804402286,"Salix lucida",-122.585,53.42,2008,6,5,"CA","Salix lasiandra"
1988186651,"Salix lucida",-120.288,53.2899,2007,7,15,"CA","Salix lasiandra"
2251331499,"Salix lucida",-119.214,53.051,2007,7,13,"CA","Salix lasiandra"
1804371391,"Salix lucida",-125.878,52.422,2008,6,7,"CA","Salix lasiandra"
1804573725,"Salix lucida",-125.871,52.442,2008,6,7,"CA","Salix lasiandra"
1804404159,"Salix lucida",-126.765,52.379,2008,6,6,"CA","Salix lasiandra"
1804501344,"Salix lucida",-124.593,51.897,2008,6,9,"CA","Salix lasiandra"
3747313372,"Salix lucida",-116.651237,51.070122,2020,8,19,"CA","Salix lasiandra"
3747228367,"Salix lucida",-116.603317,51.052147,2020,8,19,"CA","Salix lasiandra"
3330689455,"Salix lucida",-122.953407,50.144997,2021,5,11,"CA","Salix lasiandra"
3468850163,"Salix lucida",-117.468322,50.089542,2021,6,25,"CA","Salix lasiandra"
3705743425,"Salix lucida",-120.615792,50.016972,2021,8,4,"CA","Salix lasiandra"
2813922637,"Salix lucida",-125.06647,49.79283,2020,6,13,"CA","Salix lasiandra"
3773606445,"Salix lucida",-123.14212,49.708845,2022,5,6,"CA","Salix lasiandra"
2251331372,"Salix lucida",-125.077,49.697,2007,6,7,"CA","Salix lasiandra"
2864648165,"Salix lucida",-125.006972,49.704345,2020,9,14,"CA","Salix lasiandra"
3355283298,"Salix lucida",-125.527336,49.636136,2021,8,20,"CA","Salix lasiandra"
2273328464,"Salix lucida",-125.038399,49.649234,2019,6,25,"CA","Salix lasiandra"
2251330878,"Salix lucida",-125.035,49.617,2007,7,8,"CA","Salix lasiandra"
3773089454,"Salix lucida",-123.916947,49.513883,2022,5,9,"CA","Salix lasiandra"
1804498019,"Salix lucida",-123.876,49.507,2008,5,24,"CA","Salix lasiandra"
2251329523,"Salix lucida",-124.82,49.495,2007,6,7,"CA","Salix lasiandra"
3415397330,"Salix lucida",-122.647322,49.348617,2017,6,18,"CA","Salix lasiandra"
2980819686,"Salix lucida",-123.137633,49.304142,2020,10,30,"CA","Salix lasiandra"
3067744862,"Salix lucida",-122.851608,49.301119,2021,3,17,"CA","Salix lasiandra"
2818730229,"Salix lucida",-122.699692,49.297314,2020,7,13,"CA","Salix lasiandra"
2251331200,"Salix lucida",-124.15,49.287,2007,6,6,"CA","Salix lasiandra"
1804442551,"Salix lucida",-123.243,49.251,2007,4,18,"CA","Salix lasiandra"
2251328917,"Salix lucida",-123.199,49.271,2007,4,28,"CA","Salix lasiandra"
3399060543,"Salix lucida",-123.103756,49.285773,2020,10,23,"CA","Salix lasiandra"
3759834427,"Salix lucida",-123.037917,49.28328,2020,5,11,"CA","Salix lasiandra"
2626110653,"Salix lucida",-122.736478,49.264683,2020,4,20,"CA","Salix lasiandra"
3124624710,"Salix lucida",-123.965921,49.234146,2021,5,22,"CA","Salix lasiandra"
3112337050,"Salix lucida",-123.212088,49.220238,2021,4,30,"CA","Salix lasiandra"
3759111543,"Salix lucida",-123.208095,49.218997,2021,5,18,"CA","Salix lasiandra"
3743103423,"Salix lucida",-123.10699,49.239866,2021,8,31,"CA","Salix lasiandra"
3759847544,"Salix lucida",-122.957842,49.242945,2021,4,23,"CA","Salix lasiandra"
2868156942,"Salix lucida",-122.897933,49.242939,2020,9,17,"CA","Salix lasiandra"
3772994031,"Salix lucida",-122.792931,49.237423,2022,5,6,"CA","Salix lasiandra"
2864754014,"Salix lucida",-121.962425,49.238465,2020,9,11,"CA","Salix lasiandra"
3307269606,"Salix lucida",-124.013802,49.202137,2021,6,12,"CA","Salix lasiandra"
3113330053,"Salix lucida",-122.756094,49.182458,2021,5,8,"CA","Salix lasiandra"
3112836306,"Salix lucida",-122.727478,49.197433,2021,5,2,"CA","Salix lasiandra"
3307207006,"Salix lucida",-122.631421,49.205874,2021,6,16,"CA","Salix lasiandra"
3109049616,"Salix lucida",-122.924194,49.142058,2021,4,23,"CA","Salix lasiandra"
3112721224,"Salix lucida",-122.795777,49.137835,2021,5,1,"CA","Salix lasiandra"
2802982479,"Salix lucida",-120.623328,49.128853,2020,6,2,"CA","Salix lasiandra"
3058921830,"Salix lucida",-122.917599,49.115208,2021,3,7,"CA","Salix lasiandra"
3759519581,"Salix lucida",-122.832836,49.101362,2021,5,16,"CA","Salix lasiandra"
3325794429,"Salix lucida",-122.680132,49.095145,2021,7,7,"CA","Salix lasiandra"
2898503067,"Salix lucida",-122.664722,49.09686,2020,9,22,"CA","Salix lasiandra"
3773592856,"Salix lucida",-121.978261,49.077921,2022,5,2,"CA","Salix lasiandra"
2634039421,"Salix lucida",-121.880433,49.078881,2020,5,22,"CA","Salix lasiandra"
3759168575,"Salix lucida",-123.826258,49.024782,2021,5,8,"CA","Salix lasiandra"
3759215603,"Salix lucida",-122.654689,49.022491,2021,6,5,"CA","Salix lasiandra"
2826182058,"Salix lucida",-121.407631,49.015339,2020,7,20,"CA","Salix lasiandra"
3337373984,"Salix lucida",-118.330331,49.011369,2021,8,7,"CA","Salix lasiandra"
2856541659,"Salix lucida",-123.811767,48.981494,2020,8,20,"CA","Salix lasiandra"
3747214449,"Salix lucida",-123.560525,48.973144,2021,9,25,"CA","Salix lasiandra"
2596177006,"Salix lucida",-122.069138,48.972681,2010,9,6,"US","Salix lasiandra"
2251329653,"Salix lucida",-123.731,48.931,2007,6,6,"CA","Salix lasiandra"
2252022854,"Salix lucida",-123.38247,48.910579,2019,6,1,"CA","Salix lasiandra"
3355403863,"Salix lucida",-123.370465,48.884703,2021,8,13,"CA","Salix lasiandra"
3759546544,"Salix lucida",-123.497054,48.848172,2021,4,23,"CA","Salix lasiandra"
1899812262,"Salix lucida",-123.32218,48.866938,2016,7,31,"CA","Salix lasiandra"
2251330010,"Salix lucida",-123.25,48.847,2007,4,21,"CA","Salix lasiandra"
2814021087,"Salix lucida",-122.68859,48.857441,2020,7,4,"US","Salix lasiandra"
2251330946,"Salix lucida",-123.957,48.807,2007,6,6,"CA","Salix lasiandra"
2813926800,"Salix lucida",-122.584455,48.830423,2020,6,26,"US","Salix lasiandra"
2813941929,"Salix lucida",-122.581381,48.830025,2020,6,26,"US","Salix lasiandra"
2980797004,"Salix lucida",-121.100165,48.79833,2014,8,5,"US","Salix lasiandra"
2641300032,"Salix lucida",-122.566995,48.779771,2013,5,23,"US","Salix lasiandra"
2641570489,"Salix lucida",-122.517401,48.764615,2020,6,9,"US","Salix lasiandra"
2814172937,"Salix lucida",-122.478159,48.722023,2020,6,26,"US","Salix lasiandra"
2988654688,"Salix lucida",-122.512765,48.699039,2020,11,22,"US","Salix lasiandra"
2814040355,"Salix lucida",-122.446946,48.70163,2020,7,3,"US","Salix lasiandra"
2988557878,"Salix lucida",-123.401779,48.642045,2020,11,11,"CA","Salix lasiandra"
623695543,"Salix lucida",-122.6065,48.6094,2011,9,10,"US","Salix lasiandra"
3124906943,"Salix lucida",-122.785094,48.552117,2021,5,20,"US","Salix lasiandra"
1258991863,"Salix lucida",-122.613889,48.5575,2002,8,3,"US","Salix lasiandra"
3759072307,"Salix lucida",-123.398685,48.510111,2017,7,1,"CA","Salix lasiandra"
1930841048,"Salix lucida",-120.7333,48.5167,2007,7,25,"US","Salix lasiandra"
3773145697,"Salix lucida",-123.378554,48.489393,2022,5,8,"CA","Salix lasiandra"
3772619534,"Salix lucida",-123.374663,48.464662,2022,4,23,"CA","Salix lasiandra"
2609079941,"Salix lucida",-123.318108,48.46682,2019,9,26,"CA","Salix lasiandra"
2013732047,"Salix lucida",-123.038093,48.470848,2019,3,10,"US","Salix lasiandra"
1988173218,"Salix lucida",-123.55156,48.42439,2007,6,4,"CA","Salix lasiandra"
2823333530,"Salix lucida",-123.334836,48.45068,2020,7,14,"CA","Salix lasiandra"
1931229968,"Salix lucida",-122.1283,48.2017,2007,7,26,"US","Salix lasiandra"
2611354173,"Salix lucida",-122.762302,48.138959,2020,4,29,"US","Salix lasiandra"
2814091685,"Salix lucida",-122.114578,48.080185,2020,6,28,"US","Salix lasiandra"
1933538283,"Salix lucida",-122.678769,48.024762,2018,5,1,"US","Salix lasiandra"
2456534750,"Salix lucida",-122.383387,47.806972,2019,11,8,"US","Salix lasiandra"
2273290681,"Salix lucida",-122.141876,47.794018,2019,6,24,"US","Salix lasiandra"
1899761369,"Salix lucida",-124.29284,47.778021,2018,8,3,"US","Salix lasiandra"
3061751362,"Salix lucida",-122.685803,47.668112,2021,3,16,"US","Salix lasiandra"
3031830384,"Salix lucida",-122.405236,47.694271,2018,7,23,"US","Salix lasiandra"
3773068402,"Salix lucida",-122.304684,47.69475,2022,5,7,"US","Salix lasiandra"
1453270163,"Salix lucida",-122.248836,47.681129,2016,10,9,"US","Salix lasiandra"
2963836959,"Salix lucida",-122.294428,47.655611,2020,10,24,"US","Salix lasiandra"
3112366628,"Salix lucida",-122.055507,47.562918,2021,4,30,"US","Salix lasiandra"
1928283501,"Salix lucida",-122.6233,47.4683,2007,7,26,"US","Salix lasiandra"
3112352456,"Salix lucida",-122.459418,47.442628,2021,4,28,"US","Salix lasiandra"
1946314095,"Salix lucida",-122.451149,47.426246,2018,5,18,"US","Salix lasiandra"
1928811276,"Salix lucida",-123.3167,47.375,2007,7,26,"US","Salix lasiandra"
2868238372,"Salix lucida",-122.147194,47.401012,2020,9,20,"US","Salix lasiandra"
1668834855,"Salix lucida",-116.881807,47.339688,2009,10,8,"US","Salix lasiandra"
3112314209,"Salix lucida",-122.492054,47.235035,2021,5,1,"US","Salix lasiandra"
1930579740,"Salix lucida",-123.0283,47.0833,2007,7,27,"US","Salix lasiandra"
1978414322,"Salix lucida",-122.96027,47.070848,2018,6,6,"US","Salix lasiandra"
2397667074,"Salix lucida",-122.853225,47.048,2019,9,1,"US","Salix lasiandra"
2860234382,"Salix lucida",-122.71306,47.072658,2020,9,3,"US","Salix lasiandra"
1930576666,"Salix lucida",-123.7067,46.325,2007,7,27,"US","Salix lasiandra"
1265894955,"Salix lucida",-123.525351,46.231952,2016,4,23,"US","Salix lasiandra"
1668834986,"Salix lucida",-123.39062,46.206167,2009,6,14,"US","Salix lasiandra"
2609126155,"Salix lucida",-123.926044,46.160839,2020,4,8,"US","Salix lasiandra"
1265894167,"Salix lucida",-123.877042,46.121104,2016,4,14,"US","Salix lasiandra"
3302382235,"Salix lucida",-123.958711,45.894401,2021,5,29,"US","Salix lasiandra"
2802801874,"Salix lucida",-123.956343,45.902338,2020,6,23,"US","Salix lasiandra"
2422855066,"Salix lucida",-123.180592,45.852821,2019,7,4,"US","Salix lasiandra"
2862636395,"Salix lucida",-122.75078,45.834912,2020,9,6,"US","Salix lasiandra"
2366010460,"Salix lucida",-121.526425,45.715424,2015,6,13,"US","Salix lasiandra"
1291078601,"Salix lucida",-123.88852,45.685781,2016,5,11,"US","Salix lasiandra"
2850975955,"Salix lucida",-122.545496,45.612251,2020,7,23,"US","Salix lasiandra"
3759428745,"Salix lucida",-122.86183,45.569508,2022,4,20,"US","Salix lasiandra"
1986511724,"Salix lucida",-122.806561,45.559676,2018,11,6,"US","Salix lasiandra"
3112813582,"Salix lucida",-122.610227,45.574227,2021,5,2,"US","Salix lasiandra"
2898322886,"Salix lucida",-122.892983,45.484292,2020,10,11,"US","Salix lasiandra"
1586112626,"Salix lucida",-122.8475,45.498889,2017,7,30,"US","Salix lasiandra"
1562928808,"Salix lucida",-122.758876,45.476803,2017,5,10,"US","Salix lasiandra"
3112459091,"Salix lucida",-122.713377,45.483888,2021,5,3,"US","Salix lasiandra"
2422870382,"Salix lucida",-122.641658,45.472875,2016,4,25,"US","Salix lasiandra"
2243008092,"Salix lucida",-122.647205,45.434145,2019,5,10,"US","Salix lasiandra"
1272113257,"Salix lucida",-122.530995,45.419755,2016,6,7,"US","Salix lasiandra"
2856565568,"Salix lucida",-122.629483,45.391536,2020,8,19,"US","Salix lasiandra"
3112755057,"Salix lucida",-122.624838,45.382978,2021,5,1,"US","Salix lasiandra"
2366018582,"Salix lucida",-123.034127,44.91866,2019,5,26,"US","Salix lasiandra"
1930763023,"Salix lucida",-123.4,44.8,2000,8,2,"US","Salix lasiandra"
2641511938,"Salix lucida",-123.159454,44.733539,2020,5,25,"US","Salix lasiandra"
2611065891,"Salix lucida",-123.213968,44.698414,2020,4,23,"US","Salix lasiandra"
3773442010,"Salix lucida",-123.252559,44.591077,2022,5,2,"US","Salix lasiandra"
3109303764,"Salix lucida",-123.302055,44.547917,2021,4,23,"US","Salix lasiandra"
3307138423,"Salix lucida",-123.25986,44.533406,2021,6,2,"US","Salix lasiandra"
3337475960,"Salix lucida",-123.126628,44.139802,2021,8,9,"US","Salix lasiandra"
3302424362,"Salix lucida",-123.065061,44.05015,2020,4,25,"US","Salix lasiandra"
3407913210,"Salix lucida",-122.828742,43.891637,2021,11,4,"US","Salix lasiandra"
3384132979,"Salix lucida",-123.83866,43.649642,2021,5,3,"US","Salix lasiandra"
2397546829,"Salix lucida",-121.459597,42.978748,2019,8,7,"US","Salix lasiandra"
2618390447,"Salix lucida",-123.4604,42.91489,2007,5,2,"US","Salix lasiandra"
2248542623,"Salix lucida",-118.886,42.8439,2007,8,7,"US","Salix lasiandra"
2422863040,"Salix lucida",-122.202672,42.376185,2019,7,21,"US","Salix lasiandra"
1807275082,"Salix lucida",-122.468889,42.175278,2017,6,27,"US","Salix lasiandra"
2422511992,"Salix lucida",-120.25417,41.98694,2000,8,2,"US","Salix lasiandra"
1837097276,"Salix lucida",-124.083522,40.883273,2017,5,8,"US","Salix lasiandra"
3355802179,"Salix lucida",-124.093321,40.861828,2021,9,6,"US","Salix lasiandra"
441830805,"Salix lucida",-120.171,40.707333,2000,6,9,"US","Salix lasiandra"
3759802430,"Salix lucida",-124.204558,40.610661,2022,1,12,"US","Salix lasiandra"
2423209392,"Salix lucida",-121.465659,40.509089,2019,9,20,"US","Salix lasiandra"
3759144356,"Salix lucida",-120.661858,39.702473,2019,7,6,"US","Salix lasiandra"
1928256005,"Salix lucida",-119.8892,39.49732,2000,5,3,"US","Salix lasiandra"
3010204303,"Salix lucida",-120.241437,39.431545,2019,8,9,"US","Salix lasiandra"
3759064389,"Salix lucida",-120.327513,39.340503,2019,8,25,"US","Salix lasiandra"
2429193295,"Salix lucida",-120.276815,39.324732,2015,8,6,"US","Salix lasiandra"
2898268450,"Salix lucida",-119.911972,39.297488,2020,8,21,"US","Salix lasiandra"
2421753213,"Salix lucida",-120.1175,39.0522219990767,2012,7,26,"US","Salix lasiandra"
2421776633,"Salix lucida",-120.08671,38.9648899990773,2017,7,6,"US","Salix lasiandra"
3408127957,"Salix lucida",-121.035858,38.916167,2021,10,30,"US","Salix lasiandra"
2242378731,"Salix lucida",-108.735539,38.761289,2000,6,20,"US","Salix lasiandra"
1990522026,"Salix lucida",-122.688981,38.449323,2019,1,17,"US","Salix lasiandra"
2242416379,"Salix lucida",-108.377463,38.425308,2013,7,16,"US","Salix lasiandra"
2620157050,"Salix lucida",-122.088028,38.408925,2020,5,3,"US","Salix lasiandra"
3747250482,"Salix lucida",-122.213626,38.304838,2021,12,8,"US","Salix lasiandra"
3759219336,"Salix lucida",-111.180283,38.180778,2018,7,14,"US","Salix lasiandra"
3772794369,"Salix lucida",-122.804283,38.062906,2020,11,27,"US","Salix lasiandra"
1890694940,"Salix lucida",-122.579224,38.073075,2018,8,5,"US","Salix lasiandra"
2422505879,"Salix lucida",-119.24886,38.02708,2015,5,13,"US","Salix lasiandra"
1836710880,"Salix lucida",-122.61213,37.96511,2015,3,7,"US","Salix lasiandra"
1699378852,"Salix lucida",-122.252441,37.893356,2017,10,29,"US","Salix lasiandra"
1703146389,"Salix lucida",-122.25262,37.824305,2017,11,7,"US","Salix lasiandra"
3407939683,"Salix lucida",-119.595026,37.740188,2021,10,28,"US","Salix lasiandra"
3391521805,"Salix lucida",-119.549737,37.74982,2021,10,9,"US","Salix lasiandra"
2573437039,"Salix lucida",-108.478055,37.713333,2011,8,13,"US","Salix lasiandra"
2611256354,"Salix lucida",-122.502531,37.591393,2020,4,27,"US","Salix lasiandra"
3759741363,"Salix lucida",-122.397015,37.449048,2019,6,2,"US","Salix lasiandra"
3759847555,"Salix lucida",-122.270751,37.31898,2021,4,30,"US","Salix lasiandra"
1702484531,"Salix lucida",-121.920128,37.301125,2017,11,8,"US","Salix lasiandra"
3005217482,"Salix lucida",-118.667043,37.235285,2020,8,15,"US","Salix lasiandra"
2573464985,"Salix lucida",-106.91025,37.23157,2013,6,6,"US","Salix lasiandra"
3759101368,"Salix lucida",-122.314538,37.197893,2019,6,15,"US","Salix lasiandra"
3759067302,"Salix lucida",-121.774238,37.147771,2014,2,2,"US","Salix lasiandra"
2432123047,"Salix lucida",-122.25366,37.071182,2017,8,23,"US","Salix lasiandra"
3772996740,"Salix lucida",-122.069222,37.0471,2022,5,4,"US","Salix lasiandra"
3773374480,"Salix lucida",-122.089386,36.95633,2022,3,22,"US","Salix lasiandra"
3759756117,"Salix lucida",-122.061005,36.956147,2022,4,16,"US","Salix lasiandra"
3759053468,"Salix lucida",-118.8349,36.665205,2020,8,17,"US","Salix lasiandra"
2429325866,"Salix lucida",-118.764175,36.220088,2019,9,28,"US","Salix lasiandra"
3759102330,"Salix lucida",-106.532664,35.817451,2018,5,29,"US","Salix lasiandra"
2432123007,"Salix lucida",-120.847,35.64484,2019,7,3,"US","Salix lasiandra"
2270209804,"Salix lucida",-121.104094,35.568213,2011,3,5,"US","Salix lasiandra"
1426497977,"Salix lucida",-118.05219,35.58201,2014,6,1,"US","Salix lasiandra"
3329993539,"Salix lucida",-120.812907,35.48577,2017,8,2,"US","Salix lasiandra"
2270212551,"Salix lucida",-120.828041,35.355504,2013,8,22,"US","Salix lasiandra"
2270221052,"Salix lucida",-120.774095,35.356222,2016,2,25,"US","Salix lasiandra"
3031828570,"Salix lucida",-120.896467,35.258087,2019,9,21,"US","Salix lasiandra"
3091203523,"Salix lucida",-111.31821,34.44562,2012,8,9,"US","Salix lasiandra"
2826414826,"Salix lucida",-118.895284,34.390279,2020,7,16,"US","Salix lasiandra"
2350335968,"Salix lucida",-119.009239,34.368928,2019,8,8,"US","Salix lasiandra"
3415737072,"Salix lucida",-119.108998,34.298879,2021,11,3,"US","Salix lasiandra"
1945438202,"Salix lucida",-118.252419,34.309837,2018,11,17,"US","Salix lasiandra"
1883566682,"Salix lucida",-118.972135,34.262102,2016,4,8,"US","Salix lasiandra"
2422518474,"Salix lucida",-119.226,34.23608,2015,3,18,"US","Salix lasiandra"
2430423520,"Salix lucida",-119.20503,34.2344999991221,2015,3,18,"US","Salix lasiandra"
3759107301,"Salix lucida",-118.176824,34.188173,2012,7,17,"US","Salix lasiandra"
2422471011,"Salix lucida",-116.851,34.18214,2009,7,21,"US","Salix lasiandra"
3415467775,"Salix lucida",-119.0644,34.161904,2021,9,13,"US","Salix lasiandra"
2422408242,"Salix lucida",-116.78,34.16417,2002,5,30,"US","Salix lasiandra"
2251330760,"Salix lucida",-109.958,34.134,2007,8,27,"US","Salix lasiandra"
3759866097,"Salix lucida",-118.730688,34.095714,2022,3,26,"US","Salix lasiandra"
2251330680,"Salix lucida",-109.96,34.115,2007,9,12,"US","Salix lasiandra"
2610094144,"Salix lucida",-117.2662,34.0788099991239,2017,6,22,"US","Salix lasiandra"
1847641672,"Salix lucida",-117.504905,33.972549,2017,10,25,"US","Salix lasiandra"
3503182864,"Salix lucida",-117.72994,33.86957,2019,9,26,"US","Salix lasiandra"
2620179665,"Salix lucida",-118.409543,33.768311,2020,5,4,"US","Salix lasiandra"
2609335264,"Salix lucida",-116.602875,33.602537,2020,4,22,"US","Salix lasiandra"
2873839097,"Salix lucida",-117.80936,33.573218,2020,9,26,"US","Salix lasiandra"
2826146939,"Salix lucida",-117.747091,33.579409,2020,7,23,"US","Salix lasiandra"
2641303768,"Salix lucida",-117.67105,33.50673,2020,6,5,"US","Salix lasiandra"
2980827889,"Salix lucida",-117.591361,33.390072,2020,11,1,"US","Salix lasiandra"
2610086433,"Salix lucida",-116.281,31.0888,2008,6,21,"MX","Salix lasiandra"
