"gbifID","species","longitude","latitude","year","month","day","countryCode","accepted_name"
3355699500,"Salix scouleriana",-148.115417,65.180253,2021,8,31,"US","Salix scouleriana"
1146333188,"Salix scouleriana",-147.51,65.13,2000,6,8,"US","Salix scouleriana"
3456098562,"Salix scouleriana",-147.354475,65.068055,2021,9,9,"US","Salix scouleriana"
2814162592,"Salix scouleriana",-147.809508,64.853462,2020,5,26,"US","Salix scouleriana"
3355180757,"Salix scouleriana",-147.338731,64.74868,2021,9,3,"US","Salix scouleriana"
3039119513,"Salix scouleriana",-147.21021,64.714434,2020,5,17,"US","Salix scouleriana"
2813881806,"Salix scouleriana",-146.57222,64.63488,2020,6,16,"US","Salix scouleriana"
3337430816,"Salix scouleriana",-138.217661,64.506836,2021,8,9,"CA","Salix scouleriana"
3017994456,"Salix scouleriana",-146.683245,64.299703,2020,7,19,"US","Salix scouleriana"
3330867564,"Salix scouleriana",-139.885735,64.177812,2021,7,17,"CA","Salix scouleriana"
1146388901,"Salix scouleriana",-151.4,63.99,2000,8,15,"US","Salix scouleriana"
1146389799,"Salix scouleriana",-149.22,63.93,2002,8,6,"US","Salix scouleriana"
3455989323,"Salix scouleriana",-137.898317,63.808017,2021,7,19,"CA","Salix scouleriana"
2826441988,"Salix scouleriana",-135.792145,63.806458,2020,7,30,"CA","Salix scouleriana"
3039311652,"Salix scouleriana",-145.436081,62.768752,2020,9,11,"US","Salix scouleriana"
1890040460,"Salix scouleriana",-149.906064,61.218726,2018,7,20,"US","Salix scouleriana"
2563688702,"Salix scouleriana",-149.536667,61.245833,2017,7,15,"US","Salix scouleriana"
2999105572,"Salix scouleriana",-149.683905,61.103403,2020,6,14,"US","Salix scouleriana"
1658237008,"Salix scouleriana",-138.51715,61.01861,2013,8,20,"CA","Salix scouleriana"
2563471264,"Salix scouleriana",-149.617339,60.990884,2019,11,10,"US","Salix scouleriana"
3750483325,"Salix scouleriana",-150.472985,60.929765,2001,6,24,"US","Salix scouleriana"
1703224854,"Salix scouleriana",-136.965391,60.85938,2017,11,29,"CA","Salix scouleriana"
3750482151,"Salix scouleriana",-150.451576,60.829791,2001,7,24,"US","Salix scouleriana"
1836592719,"Salix scouleriana",-135.999555,60.799905,2018,3,6,"CA","Salix scouleriana"
3750481507,"Salix scouleriana",-150.473209,60.755225,2001,7,25,"US","Salix scouleriana"
3750481799,"Salix scouleriana",-150.309493,60.788863,2001,6,20,"US","Salix scouleriana"
1836584941,"Salix scouleriana",-136.209598,60.776115,2018,3,5,"CA","Salix scouleriana"
2609340422,"Salix scouleriana",-135.168556,60.781709,2020,4,18,"CA","Salix scouleriana"
2609190424,"Salix scouleriana",-135.093444,60.751385,2020,4,19,"CA","Salix scouleriana"
3750481811,"Salix scouleriana",-151.013542,60.726534,2004,8,16,"US","Salix scouleriana"
3335404079,"Salix scouleriana",-135.090539,60.708636,2021,8,1,"CA","Salix scouleriana"
2423120793,"Salix scouleriana",-135.043595,60.710931,2019,9,17,"CA","Salix scouleriana"
2864855493,"Salix scouleriana",-135.041105,60.711257,2020,9,14,"CA","Salix scouleriana"
3750480810,"Salix scouleriana",-150.940297,60.674877,2001,7,23,"US","Salix scouleriana"
3750483404,"Salix scouleriana",-150.212563,60.700395,2001,8,19,"US","Salix scouleriana"
3750481586,"Salix scouleriana",-150.043866,60.704142,2001,8,19,"US","Salix scouleriana"
2823080067,"Salix scouleriana",-135.095861,60.700491,2020,7,19,"CA","Salix scouleriana"
3750486527,"Salix scouleriana",-150.215404,60.665293,2001,8,3,"US","Salix scouleriana"
3750477998,"Salix scouleriana",-149.950803,60.651457,2001,8,9,"US","Salix scouleriana"
1146338032,"Salix scouleriana",-149.5,60.63,2000,6,20,"US","Salix scouleriana"
1146318612,"Salix scouleriana",-134.94139,60.60802,2007,6,7,"CA","Salix scouleriana"
3302329271,"Salix scouleriana",-134.896225,60.590222,2021,6,9,"CA","Salix scouleriana"
1836579568,"Salix scouleriana",-136.145428,60.58045,2018,3,4,"CA","Salix scouleriana"
3750477844,"Salix scouleriana",-150.229954,60.528545,2001,8,17,"US","Salix scouleriana"
2465070374,"Salix scouleriana",-151.094727,60.463874,2016,8,10,"US","Salix scouleriana"
3750481721,"Salix scouleriana",-150.338463,60.48827,2001,8,3,"US","Salix scouleriana"
3750480149,"Salix scouleriana",-150.239283,60.495853,2003,6,16,"US","Salix scouleriana"
2465070142,"Salix scouleriana",-151.09672,60.441543,2016,7,26,"US","Salix scouleriana"
2465070290,"Salix scouleriana",-151.068995,60.44542,2016,7,29,"US","Salix scouleriana"
3750486529,"Salix scouleriana",-150.326878,60.445955,2001,8,5,"US","Salix scouleriana"
3750478638,"Salix scouleriana",-150.070082,60.448054,2006,6,26,"US","Salix scouleriana"
3750482799,"Salix scouleriana",-150.523647,60.41455,2001,6,22,"US","Salix scouleriana"
3750485507,"Salix scouleriana",-150.088367,60.360555,2001,8,8,"US","Salix scouleriana"
3750477474,"Salix scouleriana",-149.989008,60.357978,2001,8,5,"US","Salix scouleriana"
3750480070,"Salix scouleriana",-150.365103,60.27624,2001,6,27,"US","Salix scouleriana"
3750482026,"Salix scouleriana",-150.697953,60.20991,2001,6,26,"US","Salix scouleriana"
3039133424,"Salix scouleriana",-149.658583,60.182097,2019,8,23,"US","Salix scouleriana"
1658236952,"Salix scouleriana",-133.80611,60.1357,2004,6,28,"CA","Salix scouleriana"
2294619975,"Salix scouleriana",-128.830094,60.112256,2019,7,13,"CA","Salix scouleriana"
3750484900,"Salix scouleriana",-150.974386,60.080167,2001,7,8,"US","Salix scouleriana"
2294615740,"Salix scouleriana",-128.691894,60.061017,2019,7,12,"CA","Salix scouleriana"
883418211,"Salix scouleriana",-110.260169,59.5512169991765,2002,7,6,"CA","Salix scouleriana"
1146333561,"Salix scouleriana",-135.71,59.33,2000,8,20,"US","Salix scouleriana"
1146334196,"Salix scouleriana",-135.51,59.25,2000,7,21,"US","Salix scouleriana"
883418147,"Salix scouleriana",-110.428001,59.1108019991696,2001,7,17,"CA","Salix scouleriana"
1146319114,"Salix scouleriana",-134.1175,58.3102779991574,2012,7,13,"US","Salix scouleriana"
883418153,"Salix scouleriana",-110.883003,58.1945989991557,2000,6,18,"CA","Salix scouleriana"
883418029,"Salix scouleriana",-110.873129,58.1827709991555,2000,6,18,"CA","Salix scouleriana"
883418133,"Salix scouleriana",-110.890484,58.1508749991551,2000,6,16,"CA","Salix scouleriana"
1146317332,"Salix scouleriana",-135.940278,57.659167,2009,6,28,"US","Salix scouleriana"
1146315874,"Salix scouleriana",-134.4361,57.384,2000,8,21,"US","Salix scouleriana"
3414074366,"Salix scouleriana",-120.67,56.27,2016,8,11,"CA","Salix scouleriana"
1804437323,"Salix scouleriana",-114.75,55.35,2003,7,11,"CA","Salix scouleriana"
3039192429,"Salix scouleriana",-131.577381,55.127059,2019,9,13,"US","Salix scouleriana"
1988165529,"Salix scouleriana",-127.24547,54.74136,2007,7,27,"CA","Salix scouleriana"
1804436553,"Salix scouleriana",-128.927,54.465,2007,7,20,"CA","Salix scouleriana"
1988068680,"Salix scouleriana",-129.09197,54.38716,2007,7,26,"CA","Salix scouleriana"
1804602182,"Salix scouleriana",-124.673,54.104,2007,7,18,"CA","Salix scouleriana"
883414264,"Salix scouleriana",-119.656702,54.1087469991045,2006,7,26,"CA","Salix scouleriana"
1804460565,"Salix scouleriana",-123.794,53.96,2007,7,18,"CA","Salix scouleriana"
3384731607,"Salix scouleriana",-116.286445,53.959575,2021,9,19,"CA","Salix scouleriana"
1804363925,"Salix scouleriana",-123.574,53.948,2007,7,18,"CA","Salix scouleriana"
3302465407,"Salix scouleriana",-122.866578,53.781263,2021,5,29,"CA","Salix scouleriana"
2542702467,"Salix scouleriana",-118.270441,53.4669659990981,2001,6,17,"CA","Salix scouleriana"
1988080853,"Salix scouleriana",-122.55556,53.34331,2007,7,28,"CA","Salix scouleriana"
1804411333,"Salix scouleriana",-120.134,53.325,2007,7,14,"CA","Salix scouleriana"
1804379894,"Salix scouleriana",-132.083,53.254,2007,7,23,"CA","Salix scouleriana"
1804452691,"Salix scouleriana",-131.795,53.169,2007,7,25,"CA","Salix scouleriana"
2574200447,"Salix scouleriana",-122.448075,53.074956,2019,7,8,"CA","Salix scouleriana"
1804534449,"Salix scouleriana",-119.214,53.051,2007,7,13,"CA","Salix scouleriana"
883427513,"Salix scouleriana",-116.62805,53.012367,2007,6,20,"CA","Salix scouleriana"
2461287232,"Salix scouleriana",-118.126203,52.8346569990922,2002,8,27,"CA","Salix scouleriana"
883414351,"Salix scouleriana",-131.5,52.416667,2007,7,25,"CA","Salix scouleriana"
2898436173,"Salix scouleriana",-122.391456,51.987228,2020,6,8,"CA","Salix scouleriana"
2826341956,"Salix scouleriana",-121.636667,51.859444,2020,6,7,"CA","Salix scouleriana"
1804436936,"Salix scouleriana",-119.429,51.678,2007,7,13,"CA","Salix scouleriana"
3466242354,"Salix scouleriana",-115.767283,51.114693,2019,7,21,"CA","Salix scouleriana"
2802924999,"Salix scouleriana",-121.689597,50.834153,2020,6,11,"CA","Salix scouleriana"
2963778852,"Salix scouleriana",-121.692742,50.832894,2020,6,10,"CA","Salix scouleriana"
3456278753,"Salix scouleriana",-115.142984,50.688772,2020,10,6,"CA","Salix scouleriana"
2802812100,"Salix scouleriana",-125.236329,50.13264,2020,6,23,"CA","Salix scouleriana"
2850554535,"Salix scouleriana",-123.001519,49.930091,2020,5,9,"CA","Salix scouleriana"
3097303244,"Salix scouleriana",-123.262558,49.879407,2021,4,19,"CA","Salix scouleriana"
3455180249,"Salix scouleriana",-124.529607,49.83826,2021,8,16,"CA","Salix scouleriana"
3759180557,"Salix scouleriana",-123.090011,49.72327,2021,4,23,"CA","Salix scouleriana"
3307255612,"Salix scouleriana",-123.137853,49.704138,2021,6,14,"CA","Salix scouleriana"
3760304318,"Salix scouleriana",-116.955033,49.62395,2022,4,8,"CA","Salix scouleriana"
3456351947,"Salix scouleriana",-115.928638,49.590324,2021,8,13,"CA","Salix scouleriana"
3455858341,"Salix scouleriana",-119.561875,49.460583,2021,5,26,"CA","Salix scouleriana"
3355800012,"Salix scouleriana",-119.562706,49.449008,2021,5,26,"CA","Salix scouleriana"
3337495525,"Salix scouleriana",-123.466979,49.406708,2021,5,21,"CA","Salix scouleriana"
2609353125,"Salix scouleriana",-122.894783,49.309514,2020,4,19,"CA","Salix scouleriana"
1988073440,"Salix scouleriana",-124.58333,49.28333,2007,6,8,"CA","Salix scouleriana"
1804585164,"Salix scouleriana",-124.583,49.283,2007,6,8,"CA","Salix scouleriana"
1804601386,"Salix scouleriana",-124.15,49.287,2007,6,6,"CA","Salix scouleriana"
1988223721,"Salix scouleriana",-122.97,49.26,2010,4,30,"CA","Salix scouleriana"
3302532402,"Salix scouleriana",-122.525047,49.257647,2021,5,30,"CA","Salix scouleriana"
3113477672,"Salix scouleriana",-124.077033,49.214404,2021,5,12,"CA","Salix scouleriana"
3321016370,"Salix scouleriana",-122.803542,49.244238,2021,6,25,"CA","Salix scouleriana"
3109293005,"Salix scouleriana",-122.456903,49.220439,2021,4,25,"CA","Salix scouleriana"
2868094037,"Salix scouleriana",-121.068481,49.216172,2020,9,18,"CA","Salix scouleriana"
3302282740,"Salix scouleriana",-122.744667,49.178039,2021,6,6,"CA","Salix scouleriana"
2634448037,"Salix scouleriana",-122.829719,49.087794,2020,5,27,"CA","Salix scouleriana"
3391637902,"Salix scouleriana",-119.624869,49.099967,2021,5,23,"CA","Salix scouleriana"
3325551643,"Salix scouleriana",-123.760522,49.051792,2021,7,1,"CA","Salix scouleriana"
3325584627,"Salix scouleriana",-123.702286,49.078683,2021,7,1,"CA","Salix scouleriana"
3712673412,"Salix scouleriana",-122.876407,49.058342,2021,8,6,"CA","Salix scouleriana"
1988173756,"Salix scouleriana",-119.590575,49.047242,2015,6,6,"CA","Salix scouleriana"
3301916651,"Salix scouleriana",-119.561478,49.047694,2021,5,20,"CA","Salix scouleriana"
3772803077,"Salix scouleriana",-123.821417,49.039541,2022,5,1,"CA","Salix scouleriana"
3415829669,"Salix scouleriana",-123.551257,48.990607,2021,11,8,"CA","Salix scouleriana"
1291126576,"Salix scouleriana",-123.523458,48.954031,2016,7,13,"CA","Salix scouleriana"
1563432797,"Salix scouleriana",-123.487659,48.949986,2017,5,27,"CA","Salix scouleriana"
1891291533,"Salix scouleriana",-123.375063,48.90937,2018,7,1,"CA","Salix scouleriana"
2823280064,"Salix scouleriana",-121.69219,48.907529,2020,7,19,"US","Salix scouleriana"
3355011245,"Salix scouleriana",-124.196639,48.837314,2021,8,26,"CA","Salix scouleriana"
1988212797,"Salix scouleriana",-123.507,48.86,2010,5,15,"CA","Salix scouleriana"
3337501237,"Salix scouleriana",-123.401047,48.845428,2021,8,4,"CA","Salix scouleriana"
1804597508,"Salix scouleriana",-123.273,48.844,2007,4,10,"CA","Salix scouleriana"
3337876984,"Salix scouleriana",-123.394807,48.832849,2021,8,4,"CA","Salix scouleriana"
2813958676,"Salix scouleriana",-122.581062,48.830202,2020,6,28,"US","Salix scouleriana"
2818744815,"Salix scouleriana",-123.920747,48.777686,2020,7,8,"CA","Salix scouleriana"
2850623717,"Salix scouleriana",-122.907415,48.752853,2020,6,26,"US","Salix scouleriana"
2963808744,"Salix scouleriana",-122.338135,48.764445,2020,10,24,"US","Salix scouleriana"
3337553276,"Salix scouleriana",-123.362908,48.729647,2021,8,5,"CA","Salix scouleriana"
3320956876,"Salix scouleriana",-122.831811,48.743483,2021,6,15,"US","Salix scouleriana"
1988124317,"Salix scouleriana",-124.20458,48.70814,2007,6,5,"CA","Salix scouleriana"
2851164430,"Salix scouleriana",-122.764492,48.700875,2020,7,31,"US","Salix scouleriana"
2238875919,"Salix scouleriana",-122.663349,48.681475,2019,4,27,"US","Salix scouleriana"
3112529464,"Salix scouleriana",-122.476975,48.678008,2021,4,24,"US","Salix scouleriana"
1930191559,"Salix scouleriana",-120.8817,48.6817,2007,7,25,"US","Salix scouleriana"
3760399634,"Salix scouleriana",-124.44425,48.644092,2022,4,15,"CA","Salix scouleriana"
3307193252,"Salix scouleriana",-123.739669,48.643242,2021,6,13,"CA","Salix scouleriana"
2883169828,"Salix scouleriana",-123.560119,48.656313,2020,10,2,"CA","Salix scouleriana"
1928591551,"Salix scouleriana",-120.855,48.645,2007,7,25,"US","Salix scouleriana"
441832520,"Salix scouleriana",-122.614,48.6129,2011,5,1,"US","Salix scouleriana"
2813925755,"Salix scouleriana",-123.567864,48.578,2020,6,24,"CA","Salix scouleriana"
2294472843,"Salix scouleriana",-123.502595,48.559155,2019,7,12,"CA","Salix scouleriana"
3124647215,"Salix scouleriana",-122.827256,48.5759,2021,5,21,"US","Salix scouleriana"
2268925742,"Salix scouleriana",-122.646944,48.5425,2002,8,1,"US","Salix scouleriana"
3759965234,"Salix scouleriana",-123.527772,48.530647,2022,4,15,"CA","Salix scouleriana"
3321224532,"Salix scouleriana",-123.455852,48.501437,2021,7,1,"CA","Salix scouleriana"
3118176421,"Salix scouleriana",-123.390265,48.500897,2021,5,16,"CA","Salix scouleriana"
3321051613,"Salix scouleriana",-123.089784,48.529034,2021,7,1,"US","Salix scouleriana"
3112835721,"Salix scouleriana",-122.974456,48.531483,2021,4,30,"US","Salix scouleriana"
2988660619,"Salix scouleriana",-123.515419,48.498067,2020,11,18,"CA","Salix scouleriana"
1804566225,"Salix scouleriana",-123.472,48.465,2007,6,4,"CA","Salix scouleriana"
3772875915,"Salix scouleriana",-123.383682,48.490714,2022,4,29,"CA","Salix scouleriana"
2999217581,"Salix scouleriana",-123.345017,48.492675,2020,11,20,"CA","Salix scouleriana"
2988549662,"Salix scouleriana",-123.308835,48.493077,2020,11,22,"CA","Salix scouleriana"
441832466,"Salix scouleriana",-122.829217,48.479967,2005,5,29,"US","Salix scouleriana"
1804516424,"Salix scouleriana",-123.716,48.437,2007,6,4,"CA","Salix scouleriana"
3333275498,"Salix scouleriana",-123.302407,48.443263,2021,7,1,"CA","Salix scouleriana"
2988424715,"Salix scouleriana",-123.268968,48.45504,2020,11,21,"CA","Salix scouleriana"
441832462,"Salix scouleriana",-122.82176,48.42104,2005,4,28,"US","Salix scouleriana"
3383844045,"Salix scouleriana",-123.598299,48.396268,2021,8,19,"CA","Salix scouleriana"
2423181196,"Salix scouleriana",-123.487677,48.39778,2019,9,21,"CA","Salix scouleriana"
2873876115,"Salix scouleriana",-123.588194,48.366933,2020,10,1,"CA","Salix scouleriana"
3112612937,"Salix scouleriana",-123.532238,48.366348,2021,5,6,"CA","Salix scouleriana"
2963759880,"Salix scouleriana",-123.635842,48.325028,2020,10,25,"CA","Salix scouleriana"
3455422438,"Salix scouleriana",-123.550921,48.313563,2021,11,21,"CA","Salix scouleriana"
1949627525,"Salix scouleriana",-122.641944,48.293333,2000,6,18,"US","Salix scouleriana"
441831727,"Salix scouleriana",-122.734444,48.204167,2004,6,4,"US","Salix scouleriana"
441832481,"Salix scouleriana",-122.173611,48.207778,2006,2,15,"US","Salix scouleriana"
2634072452,"Salix scouleriana",-122.835975,48.13535,2020,5,24,"US","Salix scouleriana"
2269319875,"Salix scouleriana",-122.513931,48.142502,2019,6,19,"US","Salix scouleriana"
441832480,"Salix scouleriana",-122.179167,48.165833,2006,1,25,"US","Salix scouleriana"
3399195932,"Salix scouleriana",-122.816994,47.958562,2021,10,1,"US","Salix scouleriana"
3455765454,"Salix scouleriana",-122.28363,47.769308,2021,12,7,"US","Salix scouleriana"
3330685716,"Salix scouleriana",-122.376725,47.711845,2021,7,16,"US","Salix scouleriana"
1453542872,"Salix scouleriana",-122.253201,47.680257,2014,4,14,"US","Salix scouleriana"
441831726,"Salix scouleriana",-122.774083,47.638861,2003,5,3,"US","Salix scouleriana"
3031959302,"Salix scouleriana",-122.296444,47.646202,2013,5,4,"US","Salix scouleriana"
441832477,"Salix scouleriana",-120.4405,47.637417,2005,5,21,"US","Salix scouleriana"
2826130308,"Salix scouleriana",-124.373711,47.605638,2018,3,23,"US","Salix scouleriana"
441831737,"Salix scouleriana",-120.298583,47.547556,2004,5,14,"US","Salix scouleriana"
1944403936,"Salix scouleriana",-123.272911,47.501025,2018,11,12,"US","Salix scouleriana"
2856731140,"Salix scouleriana",-122.395968,47.529929,2020,8,24,"US","Salix scouleriana"
441832475,"Salix scouleriana",-116.052397,47.535997,2005,7,8,"US","Salix scouleriana"
1930352934,"Salix scouleriana",-122.6233,47.4683,2007,7,26,"US","Salix scouleriana"
2294633580,"Salix scouleriana",-122.757778,47.430278,2019,7,20,"US","Salix scouleriana"
1929963786,"Salix scouleriana",-123.3421,47.3952,2007,7,27,"US","Salix scouleriana"
3407909622,"Salix scouleriana",-120.572388,47.38927,2021,10,23,"US","Salix scouleriana"
441832032,"Salix scouleriana",-123.54,47.176667,2002,5,20,"US","Salix scouleriana"
3383943782,"Salix scouleriana",-122.78957,47.064571,2021,6,17,"US","Salix scouleriana"
891716741,"Salix scouleriana",-124.167742,47.032575,2013,7,20,"US","Salix scouleriana"
768793617,"Salix scouleriana",-123.63027,46.97027,2002,5,20,"US","Salix scouleriana"
3302408340,"Salix scouleriana",-122.874078,46.883836,2021,5,28,"US","Salix scouleriana"
2850567541,"Salix scouleriana",-120.502749,46.85946,2020,5,23,"US","Salix scouleriana"
1586953052,"Salix scouleriana",-121.88424,46.77905,2017,5,9,"US","Salix scouleriana"
1586952977,"Salix scouleriana",-121.62792,46.76027,2016,9,10,"US","Salix scouleriana"
1586953024,"Salix scouleriana",-121.558195,46.74837,2016,9,7,"US","Salix scouleriana"
3456198454,"Salix scouleriana",-114.335358,46.715278,2021,6,24,"US","Salix scouleriana"
1930029188,"Salix scouleriana",-123.8167,46.6717,2007,7,27,"US","Salix scouleriana"
3712662355,"Salix scouleriana",-114.092183,46.593821,2020,9,13,"US","Salix scouleriana"
1929210156,"Salix scouleriana",-111.2817,46.5033,2008,6,26,"US","Salix scouleriana"
1269582708,"Salix scouleriana",-123.863796,46.249094,2016,5,24,"US","Salix scouleriana"
1929119154,"Salix scouleriana",-117.7717,46.2033,2002,7,1,"US","Salix scouleriana"
3090828374,"Salix scouleriana",-123.380379,46.138371,2018,3,22,"US","Salix scouleriana"
441832531,"Salix scouleriana",-117.29386,46.10637,2010,6,9,"US","Salix scouleriana"
415733880,"Salix scouleriana",-118.016667,45.942778,2001,7,30,"US","Salix scouleriana"
2862588411,"Salix scouleriana",-122.75,45.831585,2020,9,6,"US","Salix scouleriana"
1843906490,"Salix scouleriana",-117.9628,45.8331,2001,7,22,"US","Salix scouleriana"
3090814456,"Salix scouleriana",-122.692681,45.744458,2018,10,14,"US","Salix scouleriana"
51951525,"Salix scouleriana",-122.8083,45.668,2003,6,20,"US","Salix scouleriana"
2350322775,"Salix scouleriana",-122.574242,45.706837,2019,7,31,"US","Salix scouleriana"
3112333293,"Salix scouleriana",-122.230202,45.610965,2021,5,1,"US","Salix scouleriana"
3090794518,"Salix scouleriana",-122.117998,45.57754,2019,5,15,"US","Salix scouleriana"
2873872758,"Salix scouleriana",-117.971474,45.545762,2020,9,27,"US","Salix scouleriana"
2643535377,"Salix scouleriana",-122.985559,45.500932,2019,3,20,"US","Salix scouleriana"
2422759880,"Salix scouleriana",-122.902575,45.516538,2018,5,29,"US","Salix scouleriana"
2422854830,"Salix scouleriana",-122.792481,45.526007,2019,7,3,"US","Salix scouleriana"
3302093343,"Salix scouleriana",-122.664923,45.506457,2019,6,30,"US","Salix scouleriana"
415733861,"Salix scouleriana",-118.223611,45.495278,2001,6,14,"US","Salix scouleriana"
2366157499,"Salix scouleriana",-122.537966,45.418171,2016,6,13,"US","Salix scouleriana"
3314468647,"Salix scouleriana",-122.383669,45.442217,2021,6,4,"US","Salix scouleriana"
2850964726,"Salix scouleriana",-121.433914,45.424472,2020,7,12,"US","Salix scouleriana"
1262198538,"Salix scouleriana",-111.246619,45.458259,2000,7,21,"US","Salix scouleriana"
3112403637,"Salix scouleriana",-122.658813,45.382297,2021,5,2,"US","Salix scouleriana"
2862431436,"Salix scouleriana",-117.706621,45.404854,2020,7,27,"US","Salix scouleriana"
3499390449,"Salix scouleriana",-122.902741,45.337845,2021,11,2,"US","Salix scouleriana"
3090959543,"Salix scouleriana",-122.62758,45.344698,2021,4,11,"US","Salix scouleriana"
3112393236,"Salix scouleriana",-122.663123,45.314967,2021,4,28,"US","Salix scouleriana"
3090828492,"Salix scouleriana",-123.272301,45.245954,2019,4,12,"US","Salix scouleriana"
3090584685,"Salix scouleriana",-123.03569,45.129284,2020,5,12,"US","Salix scouleriana"
1928206215,"Salix scouleriana",-116.285,45.1317,2006,7,1,"US","Salix scouleriana"
2803121108,"Salix scouleriana",-117.664082,45.101133,2020,6,20,"US","Salix scouleriana"
3327795505,"Salix scouleriana",-122.870674,45.06583,2021,7,14,"US","Salix scouleriana"
2611240403,"Salix scouleriana",-123.266003,44.778634,2020,4,17,"US","Salix scouleriana"
2429258458,"Salix scouleriana",-123.082682,44.774314,2019,9,13,"US","Salix scouleriana"
3090856985,"Salix scouleriana",-123.145767,44.737697,2021,4,8,"US","Salix scouleriana"
3338039675,"Salix scouleriana",-122.192529,44.713958,2021,8,5,"US","Salix scouleriana"
3338164100,"Salix scouleriana",-123.213477,44.696126,2021,8,14,"US","Salix scouleriana"
1986618837,"Salix scouleriana",-123.20491,44.703405,2016,7,30,"US","Salix scouleriana"
2237433754,"Salix scouleriana",-123.133775,44.669057,2019,4,18,"US","Salix scouleriana"
1948742340,"Salix scouleriana",-123.326715,44.608222,2018,11,25,"US","Salix scouleriana"
3330802338,"Salix scouleriana",-123.284605,44.556222,2021,6,10,"US","Salix scouleriana"
2366026217,"Salix scouleriana",-124.049902,44.514407,2019,7,15,"US","Salix scouleriana"
3301904673,"Salix scouleriana",-123.28221,44.541534,2021,5,21,"US","Salix scouleriana"
2512333068,"Salix scouleriana",-103.851137,44.4616559990569,2011,8,23,"US","Salix scouleriana"
2422756721,"Salix scouleriana",-123.31865,44.41672,2018,4,13,"US","Salix scouleriana"
3090741826,"Salix scouleriana",-123.208916,44.428429,2020,9,24,"US","Salix scouleriana"
3465970334,"Salix scouleriana",-121.974412,44.449387,2019,10,17,"US","Salix scouleriana"
2512286867,"Salix scouleriana",-103.970211,44.4514039990569,2010,7,24,"US","Salix scouleriana"
3384862594,"Salix scouleriana",-122.568388,44.407947,2021,9,10,"US","Salix scouleriana"
2559564677,"Salix scouleriana",-104.087665,44.4109179990569,2010,6,8,"US","Salix scouleriana"
2512284450,"Salix scouleriana",-103.961038,44.337046999057,2010,6,5,"US","Salix scouleriana"
1913205101,"Salix scouleriana",-124.028125,44.295901,2017,6,12,"US","Salix scouleriana"
2512287335,"Salix scouleriana",-103.849544,44.273604999057,2009,9,10,"US","Salix scouleriana"
3399316309,"Salix scouleriana",-121.573094,44.229944,2021,10,17,"US","Salix scouleriana"
3112356104,"Salix scouleriana",-122.955556,44.091111,2021,4,30,"US","Salix scouleriana"
1948743160,"Salix scouleriana",-123.182906,44.024836,2018,11,28,"US","Salix scouleriana"
3384729954,"Salix scouleriana",-121.349565,44.011777,2021,9,14,"US","Salix scouleriana"
2562611278,"Salix scouleriana",-103.50515,43.8780699990574,2009,7,22,"US","Salix scouleriana"
2562611279,"Salix scouleriana",-103.499054,43.8844009990574,2009,9,15,"US","Salix scouleriana"
3456704650,"Salix scouleriana",-124.186458,43.467181,2021,7,8,"US","Salix scouleriana"
3455520015,"Salix scouleriana",-124.37626,43.141402,2021,9,25,"US","Salix scouleriana"
2366026119,"Salix scouleriana",-124.312722,42.712545,2018,5,21,"US","Salix scouleriana"
2251330988,"Salix scouleriana",-118.625,42.719,2007,8,7,"US","Salix scouleriana"
1988118910,"Salix scouleriana",-118.621,42.72,2007,8,7,"US","Salix scouleriana"
1929859372,"Salix scouleriana",-116.90385,42.737683,2005,6,29,"US","Salix scouleriana"
442305609,"Salix scouleriana",-118.6091,42.7053,2004,7,31,"US","Salix scouleriana"
3053477872,"Salix scouleriana",-124.170608,42.352323,2018,6,15,"US","Salix scouleriana"
2626941966,"Salix scouleriana",-123.65,42.216667,2006,7,26,"US","Salix scouleriana"
2237428383,"Salix scouleriana",-122.533199,42.239069,2019,4,13,"US","Salix scouleriana"
1986992176,"Salix scouleriana",-111.701133,42.22555,2009,5,31,"US","Salix scouleriana"
3059663600,"Salix scouleriana",-123.5157,41.9852,2007,7,25,"US","Salix scouleriana"
1931320893,"Salix scouleriana",-117.5406,41.7817,2000,8,16,"US","Salix scouleriana"
2270211706,"Salix scouleriana",-122.998667,41.741944,2008,8,12,"US","Salix scouleriana"
2421781962,"Salix scouleriana",-121.9263,41.4792,2001,6,23,"US","Salix scouleriana"
2270580823,"Salix scouleriana",-107.209352,41.439127,2014,6,23,"US","Salix scouleriana"
1257516168,"Salix scouleriana",-122.5295,41.397944,2007,7,31,"US","Salix scouleriana"
1986870030,"Salix scouleriana",-111.850907,41.2119789990648,2016,5,27,"US","Salix scouleriana"
3109037626,"Salix scouleriana",-123.894638,41.139886,2021,4,22,"US","Salix scouleriana"
2982043402,"Salix scouleriana",-123.463317,41.086878,2011,8,2,"US","Salix scouleriana"
2982042408,"Salix scouleriana",-123.477989,41.082004,2011,8,4,"US","Salix scouleriana"
2982070802,"Salix scouleriana",-124.137,40.8017,2003,2,22,"US","Salix scouleriana"
2982037904,"Salix scouleriana",-123.6954,40.8277,2008,7,25,"US","Salix scouleriana"
2982078876,"Salix scouleriana",-123.6494,40.795,2007,7,12,"US","Salix scouleriana"
2982000453,"Salix scouleriana",-122.99078,40.81248,2014,6,8,"US","Salix scouleriana"
2982073777,"Salix scouleriana",-124.1848,40.7889,2003,2,20,"US","Salix scouleriana"
2573352061,"Salix scouleriana",-106.8256,40.70162,2001,8,22,"US","Salix scouleriana"
2963768487,"Salix scouleriana",-111.551636,40.458247,2020,9,13,"US","Salix scouleriana"
2862583378,"Salix scouleriana",-124.030556,40.336111,2020,9,8,"US","Salix scouleriana"
3747298491,"Salix scouleriana",-121.49675,40.209008,2022,3,6,"US","Salix scouleriana"
2429230438,"Salix scouleriana",-120.703997,40.208065,2019,7,24,"US","Salix scouleriana"
1262198515,"Salix scouleriana",-105.7286,40.1538,2004,7,18,"US","Salix scouleriana"
2429187104,"Salix scouleriana",-121.404883,40.068093,2018,6,26,"US","Salix scouleriana"
1993705719,"Salix scouleriana",-121.3496,40.05131,2018,7,19,"US","Salix scouleriana"
2418030384,"Salix scouleriana",-121.123611,40.076111,2009,7,15,"US","Salix scouleriana"
2429217235,"Salix scouleriana",-120.991001,40.018427,2019,7,8,"US","Salix scouleriana"
2573342095,"Salix scouleriana",-105.418615,40.026648,2006,7,21,"US","Salix scouleriana"
2573351421,"Salix scouleriana",-105.313179,40.015168,2006,8,21,"US","Salix scouleriana"
2421702569,"Salix scouleriana",-120.833333,39.983333,2006,7,8,"US","Salix scouleriana"
2573355492,"Salix scouleriana",-105.304333,39.964567,2014,5,29,"US","Salix scouleriana"
2418012924,"Salix scouleriana",-123.093333,39.9183329990713,2003,6,18,"US","Salix scouleriana"
574717058,"Salix scouleriana",-120.101917,39.856778,2009,9,22,"US","Salix scouleriana"
3455992015,"Salix scouleriana",-121.048515,39.688608,2021,5,18,"US","Salix scouleriana"
2860135321,"Salix scouleriana",-120.668478,39.686425,2018,8,2,"US","Salix scouleriana"
2331927481,"Salix scouleriana",-120.249124,39.433089,2019,8,5,"US","Salix scouleriana"
2421686769,"Salix scouleriana",-120.663889,39.4125,2003,8,29,"US","Salix scouleriana"
2418042355,"Salix scouleriana",-120.278056,39.403333,2017,7,19,"US","Salix scouleriana"
1024183112,"Salix scouleriana",-120.224808,39.395264,2014,6,26,"US","Salix scouleriana"
2265863011,"Salix scouleriana",-120.072205,39.407318,2019,6,9,"US","Salix scouleriana"
2429193315,"Salix scouleriana",-120.257781,39.364849,2015,8,7,"US","Salix scouleriana"
2429254905,"Salix scouleriana",-119.843613,39.363056,2019,9,21,"US","Salix scouleriana"
1305137168,"Salix scouleriana",-120.389373,39.328111,2016,8,14,"US","Salix scouleriana"
3335268430,"Salix scouleriana",-120.325738,39.314432,2021,8,2,"US","Salix scouleriana"
3468905486,"Salix scouleriana",-120.27184,39.315451,2021,7,14,"US","Salix scouleriana"
2421782363,"Salix scouleriana",-120.65816,39.26476,2019,6,13,"US","Salix scouleriana"
3301844556,"Salix scouleriana",-119.877345,39.259536,2021,5,29,"US","Salix scouleriana"
2579279231,"Salix scouleriana",-120.074516,39.238452,2019,8,20,"US","Salix scouleriana"
3416205541,"Salix scouleriana",-120.040947,39.244328,2021,11,7,"US","Salix scouleriana"
2429212865,"Salix scouleriana",-120.151325,39.171043,2019,6,24,"US","Salix scouleriana"
2422485187,"Salix scouleriana",-120.50222,39.15667,2010,7,28,"US","Salix scouleriana"
2429190167,"Salix scouleriana",-120.141982,39.163147,2018,9,4,"US","Salix scouleriana"
3455302973,"Salix scouleriana",-119.941875,39.128165,2021,5,23,"US","Salix scouleriana"
3456062756,"Salix scouleriana",-119.895386,39.104003,2021,9,23,"US","Salix scouleriana"
2626141564,"Salix scouleriana",-105.026123,39.120926,2019,8,23,"US","Salix scouleriana"
2573342109,"Salix scouleriana",-104.9172,39.12222,2003,5,6,"US","Salix scouleriana"
2421769622,"Salix scouleriana",-120.125,39.0524999990767,2013,8,16,"US","Salix scouleriana"
2421750908,"Salix scouleriana",-120.1175,39.0522219990767,2012,7,26,"US","Salix scouleriana"
2421775954,"Salix scouleriana",-120.098333,38.9691669990773,2016,6,10,"US","Salix scouleriana"
3333374812,"Salix scouleriana",-120.120828,38.943722,2021,7,23,"US","Salix scouleriana"
1933581487,"Salix scouleriana",-120.073079,38.883953,2018,10,30,"US","Salix scouleriana"
3776195170,"Salix scouleriana",-106.85786,38.876401,2010,7,19,"US","Salix scouleriana"
2422425302,"Salix scouleriana",-121.21722,38.86278,2006,2,9,"US","Salix scouleriana"
2423171519,"Salix scouleriana",-120.064388,38.864018,2019,9,20,"US","Salix scouleriana"
3776191390,"Salix scouleriana",-107.05028,38.86525,2018,7,18,"US","Salix scouleriana"
3343850659,"Salix scouleriana",-106.874516,38.858906,2021,6,2,"US","Salix scouleriana"
2421768256,"Salix scouleriana",-120.266667,38.766667,2012,7,1,"US","Salix scouleriana"
2573351618,"Salix scouleriana",-106.28413,38.70847,2000,6,12,"US","Salix scouleriana"
2421717746,"Salix scouleriana",-119.8375,38.6980559990792,2010,7,18,"US","Salix scouleriana"
2573461763,"Salix scouleriana",-106.1714,38.7041,2000,6,12,"US","Salix scouleriana"
2573350708,"Salix scouleriana",-107.45461,38.44278,2004,6,9,"US","Salix scouleriana"
1703184763,"Salix scouleriana",-122.824033,38.155878,2017,11,19,"US","Salix scouleriana"
2366113474,"Salix scouleriana",-119.267117,38.020459,2019,7,10,"US","Salix scouleriana"
1426518663,"Salix scouleriana",-122.70749,37.99866,2015,4,10,"US","Salix scouleriana"
1640116160,"Salix scouleriana",-122.65374,37.96677,2017,9,6,"US","Salix scouleriana"
1426229502,"Salix scouleriana",-122.667252,37.943894,2001,5,27,"US","Salix scouleriana"
1426229496,"Salix scouleriana",-122.5812,37.916915,2003,5,1,"US","Salix scouleriana"
2311327411,"Salix scouleriana",-119.117397,37.955384,2019,7,26,"US","Salix scouleriana"
1317357826,"Salix scouleriana",-107.754,37.9361,2009,8,5,"US","Salix scouleriana"
1500318375,"Salix scouleriana",-122.578762,37.912925,2017,4,19,"US","Salix scouleriana"
2422496280,"Salix scouleriana",-122.47083,37.75425,2012,6,12,"US","Salix scouleriana"
2859963428,"Salix scouleriana",-119.648696,37.698001,2020,7,12,"US","Salix scouleriana"
2242356899,"Salix scouleriana",-107.6692,37.6106,2004,7,31,"US","Salix scouleriana"
2981006070,"Salix scouleriana",-122.50356,37.560633,2020,11,2,"US","Salix scouleriana"
1843897034,"Salix scouleriana",-113.3312,37.362,2004,9,16,"US","Salix scouleriana"
3705786350,"Salix scouleriana",-119.237768,37.231481,2020,8,28,"US","Salix scouleriana"
1453113935,"Salix scouleriana",-118.632994,37.220055,2016,9,11,"US","Salix scouleriana"
2871621303,"Salix scouleriana",-122.16573,37.17938,2020,5,29,"US","Salix scouleriana"
2459170202,"Salix scouleriana",-122.171354,37.134913,2018,5,23,"US","Salix scouleriana"
1914332372,"Salix scouleriana",-122.113525,37.13247,2018,9,28,"US","Salix scouleriana"
1587067214,"Salix scouleriana",-121.8843,37.15751,2017,4,10,"US","Salix scouleriana"
2422455341,"Salix scouleriana",-118.44472,37.1275,2006,7,22,"US","Salix scouleriana"
2270211830,"Salix scouleriana",-119.309924,37.119758,2012,5,19,"US","Salix scouleriana"
2459170761,"Salix scouleriana",-122.184003,37.081617,2018,6,2,"US","Salix scouleriana"
3091280164,"Salix scouleriana",-110.866888344774,37.0502663488575,2010,6,10,"US","Salix scouleriana"
2459172324,"Salix scouleriana",-122.105674,37.016396,2018,6,3,"US","Salix scouleriana"
2421757956,"Salix scouleriana",-119.037399,36.964428,2003,10,4,"US","Salix scouleriana"
1843914993,"Salix scouleriana",-105.3865,36.871,2005,7,24,"US","Salix scouleriana"
3705534425,"Salix scouleriana",-118.887278,36.783808,2021,7,14,"US","Salix scouleriana"
1843911816,"Salix scouleriana",-104.672508,36.742634,2008,6,5,"US","Salix scouleriana"
3764405713,"Salix scouleriana",-121.923417,36.59267,2022,4,23,"US","Salix scouleriana"
3764219582,"Salix scouleriana",-121.832945,36.592748,2022,4,22,"US","Salix scouleriana"
2430481801,"Salix scouleriana",-118.81423,36.41571,2016,4,12,"US","Salix scouleriana"
3091238776,"Salix scouleriana",-112.002778,36.256667,2001,4,11,"US","Salix scouleriana"
3091253371,"Salix scouleriana",-111.988654,36.286343,2007,8,8,"US","Salix scouleriana"
1846481972,"Salix scouleriana",-112.059482383997,36.2450270720719,2007,8,6,"US","Salix scouleriana"
1846553562,"Salix scouleriana",-111.968459,36.2200559991003,2011,6,23,"US","Salix scouleriana"
1843894478,"Salix scouleriana",-106.87838,35.9949,2002,6,2,"US","Salix scouleriana"
1928101677,"Salix scouleriana",-108.8167,35.9233,2004,6,26,"US","Salix scouleriana"
1843841619,"Salix scouleriana",-106.62189,35.92958,2001,9,17,"US","Salix scouleriana"
2573347582,"Salix scouleriana",-105.3745,35.9054,2003,8,27,"US","Salix scouleriana"
1843841660,"Salix scouleriana",-106.43244,35.85281,2001,8,15,"US","Salix scouleriana"
1843892403,"Salix scouleriana",-106.41177,35.87262,2003,8,14,"US","Salix scouleriana"
1843894859,"Salix scouleriana",-106.56033,35.81405,2002,6,20,"US","Salix scouleriana"
1843894851,"Salix scouleriana",-105.803,35.814,2003,8,3,"US","Salix scouleriana"
3413526031,"Salix scouleriana",-105.769051,35.656324,2003,7,19,"US","Salix scouleriana"
1846553725,"Salix scouleriana",-111.732972,35.3512219991093,2010,8,14,"US","Salix scouleriana"
3091241715,"Salix scouleriana",-111.6438,35.3463,2005,9,14,"US","Salix scouleriana"
1837742096,"Salix scouleriana",-111.668258,35.234403,2018,3,30,"US","Salix scouleriana"
2270588409,"Salix scouleriana",-111.779,35.0161,2001,6,25,"US","Salix scouleriana"
1843899866,"Salix scouleriana",-108.068582,34.974605,2006,7,12,"US","Salix scouleriana"
1843899822,"Salix scouleriana",-107.996828,34.883545,2006,7,12,"US","Salix scouleriana"
3109324367,"Salix scouleriana",-117.005613,34.372693,2020,5,28,"US","Salix scouleriana"
2422409262,"Salix scouleriana",-116.97472,34.28806,2002,6,25,"US","Salix scouleriana"
2430262482,"Salix scouleriana",-116.866217,34.285938,2002,6,25,"US","Salix scouleriana"
3109152333,"Salix scouleriana",-117.598613,34.24041,2019,6,8,"US","Salix scouleriana"
1850990624,"Salix scouleriana",-117.572937,34.242459,2013,9,30,"US","Salix scouleriana"
1899796490,"Salix scouleriana",-116.962365,34.235167,2018,6,8,"US","Salix scouleriana"
2430078986,"Salix scouleriana",-116.81708,34.21991,2010,6,21,"US","Salix scouleriana"
2422504468,"Salix scouleriana",-114.81708,34.21992,2010,6,21,"US","Salix scouleriana"
2422428715,"Salix scouleriana",-117.09056,34.19611,2006,9,22,"US","Salix scouleriana"
2430273727,"Salix scouleriana",-116.82321,34.1685899991229,2009,7,7,"US","Salix scouleriana"
2430299810,"Salix scouleriana",-116.76812,34.20285,2010,6,28,"US","Salix scouleriana"
2422502530,"Salix scouleriana",-116.72242,34.20389,2010,7,20,"US","Salix scouleriana"
3079673455,"Salix scouleriana",-116.88392,34.164639,2018,5,30,"US","Salix scouleriana"
2422500379,"Salix scouleriana",-116.849,34.15317,2010,8,2,"US","Salix scouleriana"
2430092691,"Salix scouleriana",-116.80208,34.14048,2016,7,19,"US","Salix scouleriana"
2422501580,"Salix scouleriana",-116.75922,34.12522,2010,7,26,"US","Salix scouleriana"
2422504868,"Salix scouleriana",-116.73939,34.15758,2010,7,15,"US","Salix scouleriana"
1804519162,"Salix scouleriana",-109.85,34.1185999991235,2008,6,11,"US","Salix scouleriana"
2270688269,"Salix scouleriana",-109.129,33.9218,2007,7,17,"US","Salix scouleriana"
1843915814,"Salix scouleriana",-109.1104,33.92742,2007,6,8,"US","Salix scouleriana"
2444971973,"Salix scouleriana",-116.729111,33.844456,2019,10,23,"US","Salix scouleriana"
3301837723,"Salix scouleriana",-116.650464,33.811192,2021,5,21,"US","Salix scouleriana"
3355330385,"Salix scouleriana",-116.730464,33.790983,2021,8,30,"US","Salix scouleriana"
3314512178,"Salix scouleriana",-116.681582,33.772959,2021,6,18,"US","Salix scouleriana"
1883503596,"Salix scouleriana",-116.657392,33.783778,2018,7,9,"US","Salix scouleriana"
2898301437,"Salix scouleriana",-109.912239,32.706524,2020,7,17,"US","Salix scouleriana"
3302166545,"Salix scouleriana",-110.788045,32.440938,2021,5,30,"US","Salix scouleriana"
1586927437,"Salix scouleriana",-110.539528,32.226431,2017,8,6,"US","Salix scouleriana"
2422929523,"Salix scouleriana",-109.285635,31.881073,2019,9,5,"US","Salix scouleriana"
3091280335,"Salix scouleriana",-109.28877,31.84588,2016,6,6,"US","Salix scouleriana"
2529279188,"Salix scouleriana",-109.308994,31.824467,2019,10,13,"US","Salix scouleriana"
1846550254,"Salix scouleriana",-110.295457,31.3905449991606,2012,5,29,"US","Salix scouleriana"
