"gbifID","species","longitude","latitude","year","month","day","countryCode","accepted_name"
3759053863,"Salix hookeriana",-123.151786,49.704014,2022,3,6,"CA","Salix hookeriana"
3759589037,"Salix hookeriana",-123.151849,49.704316,2022,3,20,"CA","Salix hookeriana"
3759277286,"Salix hookeriana",-123.162361,49.074908,2022,4,8,"CA","Salix hookeriana"
3772588808,"Salix hookeriana",-123.3745,48.464573,2022,4,29,"CA","Salix hookeriana"
3079713364,"Salix hookeriana",-123.148528,49.721805,2021,4,2,"CA","Salix hookeriana"
3399113111,"Salix hookeriana",-122.801194,49.248494,2021,6,25,"CA","Salix hookeriana"
3456140814,"Salix hookeriana",-123.97,48.782064,2021,6,18,"CA","Salix hookeriana"
3330521051,"Salix hookeriana",-123.167572,49.699067,2021,7,18,"CA","Salix hookeriana"
3399147727,"Salix hookeriana",-122.893631,49.730422,2021,8,3,"CA","Salix hookeriana"
2596442296,"Salix hookeriana",-123.374588,48.464462,2020,3,31,"CA","Salix hookeriana"
2626390774,"Salix hookeriana",-123.209533,49.219697,2020,5,9,"CA","Salix hookeriana"
2823236607,"Salix hookeriana",-125.06635,49.79316,2020,7,16,"CA","Salix hookeriana"
2826441388,"Salix hookeriana",-125.066323,49.793215,2020,7,9,"CA","Salix hookeriana"
3455167497,"Salix hookeriana",-123.343125,48.416728,2020,7,1,"CA","Salix hookeriana"
2422828476,"Salix hookeriana",-124.918805,49.736013,2019,4,8,"CA","Salix hookeriana"
1935579904,"Salix hookeriana",-123.510076,48.946161,2018,8,22,"CA","Salix hookeriana"
2251330852,"Salix hookeriana",-123.228,49.279,2008,5,8,"CA","Salix hookeriana"
2251332254,"Salix hookeriana",-123.241,49.251,2007,4,18,"CA","Salix hookeriana"
2251330193,"Salix hookeriana",-123.245,49.253,2007,5,1,"CA","Salix hookeriana"
2251330655,"Salix hookeriana",-125.244,49.744,2007,6,7,"CA","Salix hookeriana"
2251330747,"Salix hookeriana",-125.244,49.744,2007,6,7,"CA","Salix hookeriana"
2251331182,"Salix hookeriana",-125.244,49.744,2007,6,7,"CA","Salix hookeriana"
2251331532,"Salix hookeriana",-123.957,48.807,2007,6,6,"CA","Salix hookeriana"
2251331699,"Salix hookeriana",-125.244,49.744,2007,6,7,"CA","Salix hookeriana"
2251331899,"Salix hookeriana",-124.382,48.584,2007,6,5,"CA","Salix hookeriana"
2251332086,"Salix hookeriana",-125.077,49.697,2007,6,7,"CA","Salix hookeriana"
2251332846,"Salix hookeriana",-123.552,48.424,2007,6,4,"CA","Salix hookeriana"
3456148073,"Salix hookeriana",-124.071542,46.278119,2022,1,16,"US","Salix hookeriana"
3457209038,"Salix hookeriana",-123.208108,44.702165,2022,1,1,"US","Salix hookeriana"
3457224612,"Salix hookeriana",-124.071503,46.278095,2022,1,16,"US","Salix hookeriana"
3698373511,"Salix hookeriana",-124.065127,44.63271,2022,2,18,"US","Salix hookeriana"
3712548960,"Salix hookeriana",-123.96308,45.887,2022,3,8,"US","Salix hookeriana"
3712698855,"Salix hookeriana",-123.958038,45.901885,2022,3,7,"US","Salix hookeriana"
3743026660,"Salix hookeriana",-124.111326,44.284061,2022,3,11,"US","Salix hookeriana"
3747194644,"Salix hookeriana",-124.09218,43.97611,2022,3,18,"US","Salix hookeriana"
3759411464,"Salix hookeriana",-123.210655,44.683588,2022,4,9,"US","Salix hookeriana"
3773464252,"Salix hookeriana",-123.253203,44.551666,2022,5,9,"US","Salix hookeriana"
3044722717,"Salix hookeriana",-124.157948,40.867038,2021,2,10,"US","Salix hookeriana"
3070651753,"Salix hookeriana",-124.149666,40.87558,2021,3,26,"US","Salix hookeriana"
3070679536,"Salix hookeriana",-123.922583,46.010772,2021,3,21,"US","Salix hookeriana"
3070737960,"Salix hookeriana",-124.123665,44.068352,2021,3,30,"US","Salix hookeriana"
3070421585,"Salix hookeriana",-124.050257,46.34592,2021,4,1,"US","Salix hookeriana"
3079588698,"Salix hookeriana",-124.118852,44.08274,2021,4,3,"US","Salix hookeriana"
3079787316,"Salix hookeriana",-124.193351,40.778809,2021,4,2,"US","Salix hookeriana"
3097062219,"Salix hookeriana",-124.161111,40.864536,2021,4,16,"US","Salix hookeriana"
3097080147,"Salix hookeriana",-124.120817,46.905193,2021,4,18,"US","Salix hookeriana"
3097253178,"Salix hookeriana",-124.121037,46.904872,2021,4,18,"US","Salix hookeriana"
3097312885,"Salix hookeriana",-123.964378,45.884864,2021,4,16,"US","Salix hookeriana"
3109033147,"Salix hookeriana",-124.059197,44.61665,2021,4,24,"US","Salix hookeriana"
3112336054,"Salix hookeriana",-123.287496,44.79133,2021,4,29,"US","Salix hookeriana"
3112369037,"Salix hookeriana",-123.390364,44.623606,2021,4,29,"US","Salix hookeriana"
3112606535,"Salix hookeriana",-124.043311,46.892861,2021,4,27,"US","Salix hookeriana"
3112803641,"Salix hookeriana",-124.10489,44.30601,2021,4,28,"US","Salix hookeriana"
3301922498,"Salix hookeriana",-124.079728,44.487613,2021,4,4,"US","Salix hookeriana"
3112944581,"Salix hookeriana",-124.152185,40.873324,2021,5,2,"US","Salix hookeriana"
3113282999,"Salix hookeriana",-124.452406,42.993904,2021,5,4,"US","Salix hookeriana"
3301831824,"Salix hookeriana",-124.203517,41.889925,2021,5,29,"US","Salix hookeriana"
3384936858,"Salix hookeriana",-123.25026,43.70295,2021,5,3,"US","Salix hookeriana"
3456387856,"Salix hookeriana",-124.011011,45.000842,2021,6,24,"US","Salix hookeriana"
3330425064,"Salix hookeriana",-124.012561,44.985978,2021,7,15,"US","Salix hookeriana"
3333257113,"Salix hookeriana",-124.114389,40.993834,2021,7,25,"US","Salix hookeriana"
3333286872,"Salix hookeriana",-123.9172,44.651734,2021,7,22,"US","Salix hookeriana"
3333557401,"Salix hookeriana",-124.063361,44.636342,2021,7,22,"US","Salix hookeriana"
3456459630,"Salix hookeriana",-123.953,45.157356,2021,7,26,"US","Salix hookeriana"
3456540871,"Salix hookeriana",-123.983452,45.102286,2021,7,22,"US","Salix hookeriana"
3468781496,"Salix hookeriana",-124.188207,43.467123,2021,7,8,"US","Salix hookeriana"
3335359182,"Salix hookeriana",-124.208463,40.685607,2021,8,2,"US","Salix hookeriana"
3337968475,"Salix hookeriana",-123.23824,44.605759,2021,8,10,"US","Salix hookeriana"
3337974136,"Salix hookeriana",-123.214442,44.695719,2021,8,14,"US","Salix hookeriana"
3338051172,"Salix hookeriana",-123.214442,44.695719,2021,8,14,"US","Salix hookeriana"
3338096740,"Salix hookeriana",-123.214442,44.695719,2021,8,14,"US","Salix hookeriana"
3338106492,"Salix hookeriana",-124.098934,46.791174,2021,8,18,"US","Salix hookeriana"
3355553398,"Salix hookeriana",-124.202386,47.206161,2021,8,9,"US","Salix hookeriana"
3355601055,"Salix hookeriana",-123.208622,44.702627,2021,8,31,"US","Salix hookeriana"
3455292099,"Salix hookeriana",-123.970615,45.460956,2021,8,12,"US","Salix hookeriana"
3456382749,"Salix hookeriana",-123.772942,39.529719,2021,8,12,"US","Salix hookeriana"
3355605118,"Salix hookeriana",-123.960722,45.847314,2021,9,5,"US","Salix hookeriana"
3383990768,"Salix hookeriana",-124.20545,47.209355,2021,9,12,"US","Salix hookeriana"
3384157667,"Salix hookeriana",-124.09015,40.858917,2021,9,28,"US","Salix hookeriana"
3455664044,"Salix hookeriana",-124.320196,43.365471,2021,9,23,"US","Salix hookeriana"
3391667589,"Salix hookeriana",-124.130325,43.974853,2021,10,5,"US","Salix hookeriana"
3456031621,"Salix hookeriana",-123.340673,44.486397,2021,12,10,"US","Salix hookeriana"
3456160979,"Salix hookeriana",-122.142695,47.608615,2021,12,13,"US","Salix hookeriana"
3456887170,"Salix hookeriana",-123.283399,44.542333,2021,12,8,"US","Salix hookeriana"
2596078606,"Salix hookeriana",-122.875536,45.555807,2020,3,23,"US","Salix hookeriana"
2596081055,"Salix hookeriana",-123.084222,45.503254,2020,3,8,"US","Salix hookeriana"
2597738908,"Salix hookeriana",-123.906093,46.000461,2020,3,31,"US","Salix hookeriana"
3466038381,"Salix hookeriana",-124.110909,44.223897,2020,3,9,"US","Salix hookeriana"
2603378804,"Salix hookeriana",-123.797208,46.195091,2020,4,12,"US","Salix hookeriana"
2611003677,"Salix hookeriana",-123.076634,44.010913,2020,4,27,"US","Salix hookeriana"
2611068486,"Salix hookeriana",-123.08258,44.769512,2020,4,14,"US","Salix hookeriana"
2611121787,"Salix hookeriana",-122.762559,48.138101,2020,4,29,"US","Salix hookeriana"
2611149569,"Salix hookeriana",-123.030311,43.794522,2020,4,26,"US","Salix hookeriana"
2619893934,"Salix hookeriana",-123.133242,44.669752,2020,4,30,"US","Salix hookeriana"
2633957194,"Salix hookeriana",-123.65225,46.94352,2020,5,10,"US","Salix hookeriana"
2641349738,"Salix hookeriana",-124.164033,47.035022,2020,6,5,"US","Salix hookeriana"
2851010672,"Salix hookeriana",-123.979583,45.111753,2020,6,26,"US","Salix hookeriana"
2856630238,"Salix hookeriana",-124.090052,40.856954,2020,8,25,"US","Salix hookeriana"
2873781490,"Salix hookeriana",-123.772247,39.529125,2020,8,28,"US","Salix hookeriana"
2868194549,"Salix hookeriana",-124.194916,47.175453,2020,9,5,"US","Salix hookeriana"
2868340634,"Salix hookeriana",-124.044169,46.892778,2020,9,17,"US","Salix hookeriana"
2868395448,"Salix hookeriana",-123.207892,44.427872,2020,9,20,"US","Salix hookeriana"
2898487929,"Salix hookeriana",-124.150994,43.872532,2020,9,6,"US","Salix hookeriana"
2901600003,"Salix hookeriana",-124.12325,44.068548,2020,10,15,"US","Salix hookeriana"
2901703951,"Salix hookeriana",-123.0773,44.772562,2020,10,18,"US","Salix hookeriana"
2992834548,"Salix hookeriana",-123.085572,44.776947,2020,10,18,"US","Salix hookeriana"
3455546749,"Salix hookeriana",-124.191841,43.377072,2020,10,12,"US","Salix hookeriana"
2980979998,"Salix hookeriana",-124.031792,46.307367,2020,11,1,"US","Salix hookeriana"
2012956510,"Salix hookeriana",-123.93925,46.101978,2019,2,26,"US","Salix hookeriana"
2234798232,"Salix hookeriana",-124.103508,44.325705,2019,3,26,"US","Salix hookeriana"
2265783734,"Salix hookeriana",-123.083047,44.056728,2019,3,21,"US","Salix hookeriana"
2265783750,"Salix hookeriana",-123.083053,44.0564,2019,3,21,"US","Salix hookeriana"
2238823490,"Salix hookeriana",-122.404373,47.694687,2019,4,26,"US","Salix hookeriana"
2244210108,"Salix hookeriana",-122.500469,47.618122,2019,4,24,"US","Salix hookeriana"
2366015604,"Salix hookeriana",-122.997169,44.02611,2019,4,28,"US","Salix hookeriana"
2265802078,"Salix hookeriana",-124.060364,44.745262,2019,5,27,"US","Salix hookeriana"
2429204838,"Salix hookeriana",-124.123719,44.135772,2019,5,12,"US","Salix hookeriana"
2269273736,"Salix hookeriana",-123.063008,44.05139,2019,6,15,"US","Salix hookeriana"
2294444518,"Salix hookeriana",-122.578905,48.831896,2019,6,24,"US","Salix hookeriana"
2294465372,"Salix hookeriana",-124.116331,44.160861,2019,7,7,"US","Salix hookeriana"
2540880680,"Salix hookeriana",-123.348906,44.543108,2019,7,5,"US","Salix hookeriana"
2331868359,"Salix hookeriana",-123.876849,46.123067,2019,8,2,"US","Salix hookeriana"
2331871526,"Salix hookeriana",-124.073841,44.54531,2019,8,2,"US","Salix hookeriana"
2331872228,"Salix hookeriana",-124.080584,44.464509,2019,8,2,"US","Salix hookeriana"
2350422862,"Salix hookeriana",-124.07953,44.47598,2019,8,12,"US","Salix hookeriana"
2350427186,"Salix hookeriana",-124.08103,44.46461,2019,8,12,"US","Salix hookeriana"
2423205917,"Salix hookeriana",-123.058824,44.591789,2019,9,22,"US","Salix hookeriana"
2423217174,"Salix hookeriana",-123.30385,44.548651,2019,9,23,"US","Salix hookeriana"
2429245974,"Salix hookeriana",-123.251821,44.551133,2019,9,11,"US","Salix hookeriana"
2429309891,"Salix hookeriana",-124.009626,44.970345,2019,9,27,"US","Salix hookeriana"
3466224381,"Salix hookeriana",-124.34838,43.3439,2019,10,6,"US","Salix hookeriana"
2573834308,"Salix hookeriana",-124.056571,44.658458,2019,11,22,"US","Salix hookeriana"
2573912308,"Salix hookeriana",-124.062781,44.640871,2019,11,22,"US","Salix hookeriana"
2573909415,"Salix hookeriana",-124.011734,44.986202,2019,12,14,"US","Salix hookeriana"
1807317367,"Salix hookeriana",-122.678875,48.025307,2018,2,5,"US","Salix hookeriana"
1836654110,"Salix hookeriana",-124.005992,46.224768,2018,3,16,"US","Salix hookeriana"
1836655211,"Salix hookeriana",-124.068387,46.306042,2018,3,17,"US","Salix hookeriana"
1836667253,"Salix hookeriana",-123.934708,45.699909,2018,3,21,"US","Salix hookeriana"
3321210301,"Salix hookeriana",-124.10352,44.325847,2018,3,31,"US","Salix hookeriana"
1847548341,"Salix hookeriana",-124.086014,41.813438,2018,5,17,"US","Salix hookeriana"
1848760247,"Salix hookeriana",-124.055328,44.65805,2018,5,27,"US","Salix hookeriana"
1880523237,"Salix hookeriana",-123.843564,45.768724,2018,6,19,"US","Salix hookeriana"
1945427692,"Salix hookeriana",-123.965508,46.178671,2018,7,25,"US","Salix hookeriana"
2350300408,"Salix hookeriana",-122.67878,45.668659,2018,7,4,"US","Salix hookeriana"
2988305132,"Salix hookeriana",-123.979065,45.113941,2018,7,29,"US","Salix hookeriana"
1986605151,"Salix hookeriana",-124.072941,44.521309,2018,8,13,"US","Salix hookeriana"
2265779960,"Salix hookeriana",-123.254853,44.604354,2018,8,3,"US","Salix hookeriana"
2242742785,"Salix hookeriana",-122.88312,48.569362,2018,9,17,"US","Salix hookeriana"
1837096669,"Salix hookeriana",-124.084677,40.883364,2017,2,28,"US","Salix hookeriana"
3301948305,"Salix hookeriana",-123.805567,46.19422,2017,2,17,"US","Salix hookeriana"
1453512034,"Salix hookeriana",-123.877059,46.121078,2017,3,15,"US","Salix hookeriana"
1500225464,"Salix hookeriana",-124.060508,46.327462,2017,3,18,"US","Salix hookeriana"
2422823309,"Salix hookeriana",-123.20491,44.703405,2017,4,10,"US","Salix hookeriana"
1562979029,"Salix hookeriana",-124.009895,46.268546,2017,5,22,"US","Salix hookeriana"
1580485886,"Salix hookeriana",-124.047133,44.515675,2017,5,6,"US","Salix hookeriana"
1986602899,"Salix hookeriana",-124.063,44.640237,2017,5,6,"US","Salix hookeriana"
3031657379,"Salix hookeriana",-123.794106,39.490186,2017,5,31,"US","Salix hookeriana"
1584404253,"Salix hookeriana",-124.047128,44.515612,2017,7,3,"US","Salix hookeriana"
1703132681,"Salix hookeriana",-124.073303,44.521478,2017,7,3,"US","Salix hookeriana"
1586129274,"Salix hookeriana",-123.970165,45.460375,2017,8,2,"US","Salix hookeriana"
1586150560,"Salix hookeriana",-123.949762,45.532748,2017,8,7,"US","Salix hookeriana"
1265894624,"Salix hookeriana",-123.922904,45.980632,2016,4,19,"US","Salix hookeriana"
1269578602,"Salix hookeriana",-123.876493,46.121143,2016,5,21,"US","Salix hookeriana"
1269583186,"Salix hookeriana",-124.058454,46.281671,2016,5,24,"US","Salix hookeriana"
1273857931,"Salix hookeriana",-123.919821,45.708434,2016,5,25,"US","Salix hookeriana"
1291114899,"Salix hookeriana",-124.04368,46.607359,2016,7,8,"US","Salix hookeriana"
1291115953,"Salix hookeriana",-123.77657,46.198937,2016,7,6,"US","Salix hookeriana"
1986605145,"Salix hookeriana",-122.188044,47.588497,2016,7,3,"US","Salix hookeriana"
1291160209,"Salix hookeriana",-123.933409,46.413732,2016,8,1,"US","Salix hookeriana"
1305150266,"Salix hookeriana",-124.047552,44.516209,2016,8,17,"US","Salix hookeriana"
1323011341,"Salix hookeriana",-149.051842,60.845017,2016,9,23,"US","Salix hookeriana"
2429445214,"Salix hookeriana",-123.979805,45.111081,2016,9,6,"US","Salix hookeriana"
1986602805,"Salix hookeriana",-124.051708,44.838888,2015,3,26,"US","Salix hookeriana"
1986602999,"Salix hookeriana",-123.23833,44.60737,2015,10,22,"US","Salix hookeriana"
3455598532,"Salix hookeriana",-124.066194,44.602154,2014,4,4,"US","Salix hookeriana"
1986602976,"Salix hookeriana",-123.254858,44.581594,2014,5,28,"US","Salix hookeriana"
1052602205,"Salix hookeriana",-121.7327,46.76958,2014,7,25,"US","Salix hookeriana"
1052602214,"Salix hookeriana",-121.7175,46.76778,2014,7,24,"US","Salix hookeriana"
1935634555,"Salix hookeriana",-124.087132,44.396731,2013,4,4,"US","Salix hookeriana"
1986605386,"Salix hookeriana",-122.43454,47.661772,2013,8,6,"US","Salix hookeriana"
1986603052,"Salix hookeriana",-124.060822,44.614116,2012,10,18,"US","Salix hookeriana"
2251332130,"Salix hookeriana",-123.983,44.958,2007,6,18,"US","Salix hookeriana"
441831551,"Salix hookeriana",-123.024067,48.598367,2006,5,30,"US","Salix hookeriana"
441831535,"Salix hookeriana",-122.343056,48.333611,2004,3,28,"US","Salix hookeriana"
441831536,"Salix hookeriana",-122.465833,48.451111,2004,4,2,"US","Salix hookeriana"
441832507,"Salix hookeriana",-123.166667,44.038333,2003,3,31,"US","Salix hookeriana"
441832508,"Salix hookeriana",-123.238333,44.606667,2003,3,31,"US","Salix hookeriana"
441832509,"Salix hookeriana",-123.238333,44.606667,2003,3,31,"US","Salix hookeriana"
441832510,"Salix hookeriana",-123.166667,44.038333,2003,3,31,"US","Salix hookeriana"
441830811,"Salix hookeriana",-122.684111,48.85575,2003,4,19,"US","Salix hookeriana"
441831605,"Salix hookeriana",-122.185,48.023333,2003,4,3,"US","Salix hookeriana"
441831606,"Salix hookeriana",-122.151667,48.231667,2003,4,3,"US","Salix hookeriana"
441831607,"Salix hookeriana",-122.185,48.023333,2003,4,3,"US","Salix hookeriana"
441831609,"Salix hookeriana",-122.151667,48.231667,2003,4,3,"US","Salix hookeriana"
441831613,"Salix hookeriana",-123.485,46.543333,2003,4,23,"US","Salix hookeriana"
441830827,"Salix hookeriana",-121.578056,47.295,2002,8,3,"US","Salix hookeriana"
441831614,"Salix hookeriana",-124.215,47.24,2002,8,27,"US","Salix hookeriana"
1146341077,"Salix hookeriana",-148.98,60.85,2001,6,23,"US","Salix hookeriana"
1146341091,"Salix hookeriana",-148.98,60.85,2001,6,23,"US","Salix hookeriana"
1146341111,"Salix hookeriana",-148.98,60.85,2001,6,23,"US","Salix hookeriana"
1146342486,"Salix hookeriana",-149,60.83,2001,6,28,"US","Salix hookeriana"
441831568,"Salix hookeriana",-123.00528,48.53528,2000,5,26,"US","Salix hookeriana"
