"gbifID","species","longitude","latitude","year","month","day","countryCode","basisOfRecord","accepted_name"
2823236607,"Salix hookeriana",-125.06635,49.79316,2020,7,16,"CA","HUMAN_OBSERVATION","Salix hookeriana"
2422828476,"Salix hookeriana",-124.918805,49.736013,2019,4,8,"CA","HUMAN_OBSERVATION","Salix hookeriana"
3079713364,"Salix hookeriana",-123.148528,49.721805,2021,4,2,"CA","HUMAN_OBSERVATION","Salix hookeriana"
3399147727,"Salix hookeriana",-122.893631,49.730422,2021,8,3,"CA","HUMAN_OBSERVATION","Salix hookeriana"
3330521051,"Salix hookeriana",-123.167572,49.699067,2021,7,18,"CA","HUMAN_OBSERVATION","Salix hookeriana"
3759053863,"Salix hookeriana",-123.151786,49.704014,2022,3,6,"CA","HUMAN_OBSERVATION","Salix hookeriana"
3961159362,"Salix hookeriana",-123.006737,49.329762,2022,10,30,"CA","HUMAN_OBSERVATION","Salix hookeriana"
3903270351,"Salix hookeriana",-123.213158,49.218605,2022,8,31,"CA","HUMAN_OBSERVATION","Salix hookeriana"
3902381850,"Salix hookeriana",-123.207802,49.220856,2022,8,31,"CA","HUMAN_OBSERVATION","Salix hookeriana"
3399113111,"Salix hookeriana",-122.801194,49.248494,2021,6,25,"CA","HUMAN_OBSERVATION","Salix hookeriana"
3986245498,"Salix hookeriana",-123.164612,49.104675,2022,11,19,"CA","HUMAN_OBSERVATION","Salix hookeriana"
3337417422,"Salix hookeriana",-125.758738,49.07115,2020,8,29,"CA","HUMAN_OBSERVATION","Salix hookeriana"
3759277286,"Salix hookeriana",-123.162361,49.074908,2022,4,8,"CA","HUMAN_OBSERVATION","Salix hookeriana"
3860603605,"Salix hookeriana",-123.574687,49.012267,2022,6,24,"CA","HUMAN_OBSERVATION","Salix hookeriana"
1935579904,"Salix hookeriana",-123.510076,48.946161,2018,8,22,"CA","HUMAN_OBSERVATION","Salix hookeriana"
4018579429,"Salix hookeriana",-122.779042,48.881988,2021,6,27,"US","HUMAN_OBSERVATION","Salix hookeriana"
3873255130,"Salix hookeriana",-125.135437,48.834545,2022,7,12,"CA","HUMAN_OBSERVATION","Salix hookeriana"
441830811,"Salix hookeriana",-122.684111,48.85575,2003,4,19,"US","PRESERVED_SPECIMEN","Salix hookeriana"
3859411084,"Salix hookeriana",-125.122948,48.79567,2022,6,8,"CA","HUMAN_OBSERVATION","Salix hookeriana"
3858600773,"Salix hookeriana",-122.583413,48.831424,2022,6,21,"US","HUMAN_OBSERVATION","Salix hookeriana"
3859101741,"Salix hookeriana",-122.583234,48.831148,2022,6,21,"US","HUMAN_OBSERVATION","Salix hookeriana"
3456140814,"Salix hookeriana",-123.97,48.782064,2021,6,18,"CA","HUMAN_OBSERVATION","Salix hookeriana"
3947526452,"Salix hookeriana",-124.763276,48.619351,2021,6,15,"CA","HUMAN_OBSERVATION","Salix hookeriana"
441831551,"Salix hookeriana",-123.024067,48.598367,2006,5,30,"US","PRESERVED_SPECIMEN","Salix hookeriana"
2242742785,"Salix hookeriana",-122.88312,48.569362,2018,9,17,"US","HUMAN_OBSERVATION","Salix hookeriana"
441831568,"Salix hookeriana",-123.00528,48.53528,2000,5,26,"US","PRESERVED_SPECIMEN","Salix hookeriana"
3772588808,"Salix hookeriana",-123.3745,48.464573,2022,4,29,"CA","HUMAN_OBSERVATION","Salix hookeriana"
3912460608,"Salix hookeriana",-123.368255,48.42012,2022,9,6,"CA","HUMAN_OBSERVATION","Salix hookeriana"
441831536,"Salix hookeriana",-122.465833,48.451111,2004,4,2,"US","PRESERVED_SPECIMEN","Salix hookeriana"
441831535,"Salix hookeriana",-122.343056,48.333611,2004,3,28,"US","PRESERVED_SPECIMEN","Salix hookeriana"
441831606,"Salix hookeriana",-122.151667,48.231667,2003,4,3,"US","PRESERVED_SPECIMEN","Salix hookeriana"
2611121787,"Salix hookeriana",-122.762559,48.138101,2020,4,29,"US","HUMAN_OBSERVATION","Salix hookeriana"
1807317367,"Salix hookeriana",-122.678875,48.025307,2018,2,5,"US","HUMAN_OBSERVATION","Salix hookeriana"
441831605,"Salix hookeriana",-122.185,48.023333,2003,4,3,"US","PRESERVED_SPECIMEN","Salix hookeriana"
2238823490,"Salix hookeriana",-122.404373,47.694687,2019,4,26,"US","HUMAN_OBSERVATION","Salix hookeriana"
1986605386,"Salix hookeriana",-122.43454,47.661772,2013,8,6,"US","HUMAN_OBSERVATION","Salix hookeriana"
2244210108,"Salix hookeriana",-122.500469,47.618122,2019,4,24,"US","HUMAN_OBSERVATION","Salix hookeriana"
1986605145,"Salix hookeriana",-122.188044,47.588497,2016,7,3,"US","HUMAN_OBSERVATION","Salix hookeriana"
3456160979,"Salix hookeriana",-122.142695,47.608615,2021,12,13,"US","HUMAN_OBSERVATION","Salix hookeriana"
4018473720,"Salix hookeriana",-122.008233,47.499213,2022,11,26,"US","HUMAN_OBSERVATION","Salix hookeriana"
441830827,"Salix hookeriana",-121.578056,47.295,2002,8,3,"US","PRESERVED_SPECIMEN","Salix hookeriana"
441831614,"Salix hookeriana",-124.215,47.24,2002,8,27,"US","PRESERVED_SPECIMEN","Salix hookeriana"
3383990768,"Salix hookeriana",-124.20545,47.209355,2021,9,12,"US","HUMAN_OBSERVATION","Salix hookeriana"
3355553398,"Salix hookeriana",-124.202386,47.206161,2021,8,9,"US","HUMAN_OBSERVATION","Salix hookeriana"
4018173757,"Salix hookeriana",-124.169197,47.032342,2017,7,8,"US","HUMAN_OBSERVATION","Salix hookeriana"
2641349738,"Salix hookeriana",-124.164033,47.035022,2020,6,5,"US","HUMAN_OBSERVATION","Salix hookeriana"
2633957194,"Salix hookeriana",-123.65225,46.94352,2020,5,10,"US","HUMAN_OBSERVATION","Salix hookeriana"
3097253178,"Salix hookeriana",-124.121037,46.904872,2021,4,18,"US","HUMAN_OBSERVATION","Salix hookeriana"
3112606535,"Salix hookeriana",-124.043311,46.892861,2021,4,27,"US","HUMAN_OBSERVATION","Salix hookeriana"
3338106492,"Salix hookeriana",-124.098934,46.791174,2021,8,18,"US","HUMAN_OBSERVATION","Salix hookeriana"
1052602205,"Salix hookeriana",-121.7327,46.76958,2014,7,25,"US","HUMAN_OBSERVATION","Salix hookeriana"
1291114899,"Salix hookeriana",-124.04368,46.607359,2016,7,8,"US","HUMAN_OBSERVATION","Salix hookeriana"
441831613,"Salix hookeriana",-123.485,46.543333,2003,4,23,"US","PRESERVED_SPECIMEN","Salix hookeriana"
1291160209,"Salix hookeriana",-123.933409,46.413732,2016,8,1,"US","HUMAN_OBSERVATION","Salix hookeriana"
3070421585,"Salix hookeriana",-124.050257,46.34592,2021,4,1,"US","HUMAN_OBSERVATION","Salix hookeriana"
1836655211,"Salix hookeriana",-124.068387,46.306042,2018,3,17,"US","HUMAN_OBSERVATION","Salix hookeriana"
2980979998,"Salix hookeriana",-124.031792,46.307367,2020,11,1,"US","HUMAN_OBSERVATION","Salix hookeriana"
3457224612,"Salix hookeriana",-124.071503,46.278095,2022,1,16,"US","HUMAN_OBSERVATION","Salix hookeriana"
1562979029,"Salix hookeriana",-124.009895,46.268546,2017,5,22,"US","HUMAN_OBSERVATION","Salix hookeriana"
1836654110,"Salix hookeriana",-124.005992,46.224768,2018,3,16,"US","HUMAN_OBSERVATION","Salix hookeriana"
1945427692,"Salix hookeriana",-123.965508,46.178671,2018,7,25,"US","HUMAN_OBSERVATION","Salix hookeriana"
2603378804,"Salix hookeriana",-123.797208,46.195091,2020,4,12,"US","HUMAN_OBSERVATION","Salix hookeriana"
1291115953,"Salix hookeriana",-123.77657,46.198937,2016,7,6,"US","HUMAN_OBSERVATION","Salix hookeriana"
3903173055,"Salix hookeriana",-123.936708,46.102222,2022,9,2,"US","HUMAN_OBSERVATION","Salix hookeriana"
2331868359,"Salix hookeriana",-123.876849,46.123067,2019,8,2,"US","HUMAN_OBSERVATION","Salix hookeriana"
3070679536,"Salix hookeriana",-123.922583,46.010772,2021,3,21,"US","HUMAN_OBSERVATION","Salix hookeriana"
2597738908,"Salix hookeriana",-123.906093,46.000461,2020,3,31,"US","HUMAN_OBSERVATION","Salix hookeriana"
1265894624,"Salix hookeriana",-123.922904,45.980632,2016,4,19,"US","HUMAN_OBSERVATION","Salix hookeriana"
3712548960,"Salix hookeriana",-123.96308,45.887,2022,3,8,"US","HUMAN_OBSERVATION","Salix hookeriana"
3712698855,"Salix hookeriana",-123.958038,45.901885,2022,3,7,"US","HUMAN_OBSERVATION","Salix hookeriana"
3961479648,"Salix hookeriana",-123.960663,45.84696,2022,10,12,"US","HUMAN_OBSERVATION","Salix hookeriana"
3902504615,"Salix hookeriana",-123.96772,45.79403,2022,8,17,"US","HUMAN_OBSERVATION","Salix hookeriana"
1880523237,"Salix hookeriana",-123.843564,45.768724,2018,6,19,"US","HUMAN_OBSERVATION","Salix hookeriana"
1273857931,"Salix hookeriana",-123.919821,45.708434,2016,5,25,"US","HUMAN_OBSERVATION","Salix hookeriana"
1836667253,"Salix hookeriana",-123.934708,45.699909,2018,3,21,"US","HUMAN_OBSERVATION","Salix hookeriana"
2350300408,"Salix hookeriana",-122.67878,45.668659,2018,7,4,"US","HUMAN_OBSERVATION","Salix hookeriana"
2596078606,"Salix hookeriana",-122.875536,45.555807,2020,3,23,"US","HUMAN_OBSERVATION","Salix hookeriana"
1586150560,"Salix hookeriana",-123.949762,45.532748,2017,8,7,"US","HUMAN_OBSERVATION","Salix hookeriana"
2596081055,"Salix hookeriana",-123.084222,45.503254,2020,3,8,"US","HUMAN_OBSERVATION","Salix hookeriana"
3966410579,"Salix hookeriana",-123.964559,45.494923,2022,10,29,"US","HUMAN_OBSERVATION","Salix hookeriana"
3902175917,"Salix hookeriana",-123.954192,45.440314,2022,8,4,"US","HUMAN_OBSERVATION","Salix hookeriana"
3902344136,"Salix hookeriana",-123.970113,45.363416,2022,8,11,"US","HUMAN_OBSERVATION","Salix hookeriana"
3963271565,"Salix hookeriana",-121.75086,45.354846,2022,9,27,"US","HUMAN_OBSERVATION","Salix hookeriana"
3456459630,"Salix hookeriana",-123.953,45.157356,2021,7,26,"US","HUMAN_OBSERVATION","Salix hookeriana"
3456540871,"Salix hookeriana",-123.983452,45.102286,2021,7,22,"US","HUMAN_OBSERVATION","Salix hookeriana"
3456387856,"Salix hookeriana",-124.011011,45.000842,2021,6,24,"US","HUMAN_OBSERVATION","Salix hookeriana"
3330425064,"Salix hookeriana",-124.012561,44.985978,2021,7,15,"US","HUMAN_OBSERVATION","Salix hookeriana"
3961009794,"Salix hookeriana",-123.329728,44.98418,2022,10,26,"US","HUMAN_OBSERVATION","Salix hookeriana"
1986602805,"Salix hookeriana",-124.051708,44.838888,2015,3,26,"US","HUMAN_OBSERVATION","Salix hookeriana"
3112336054,"Salix hookeriana",-123.287496,44.79133,2021,4,29,"US","HUMAN_OBSERVATION","Salix hookeriana"
2992834548,"Salix hookeriana",-123.085572,44.776947,2020,10,18,"US","HUMAN_OBSERVATION","Salix hookeriana"
2611068486,"Salix hookeriana",-123.08258,44.769512,2020,4,14,"US","HUMAN_OBSERVATION","Salix hookeriana"
2265802078,"Salix hookeriana",-124.060364,44.745262,2019,5,27,"US","HUMAN_OBSERVATION","Salix hookeriana"
3947393868,"Salix hookeriana",-124.071613,44.674069,2022,9,24,"US","HUMAN_OBSERVATION","Salix hookeriana"
3759411464,"Salix hookeriana",-123.210655,44.683588,2022,4,9,"US","HUMAN_OBSERVATION","Salix hookeriana"
3457209038,"Salix hookeriana",-123.208108,44.702165,2022,1,1,"US","HUMAN_OBSERVATION","Salix hookeriana"
2619893934,"Salix hookeriana",-123.133242,44.669752,2020,4,30,"US","HUMAN_OBSERVATION","Salix hookeriana"
3698373511,"Salix hookeriana",-124.065127,44.63271,2022,2,18,"US","HUMAN_OBSERVATION","Salix hookeriana"
3333286872,"Salix hookeriana",-123.9172,44.651734,2021,7,22,"US","HUMAN_OBSERVATION","Salix hookeriana"
3961010530,"Salix hookeriana",-123.287975,44.640067,2022,9,5,"US","HUMAN_OBSERVATION","Salix hookeriana"
3872933571,"Salix hookeriana",-124.061028,44.623528,2022,2,26,"US","HUMAN_OBSERVATION","Salix hookeriana"
3112369037,"Salix hookeriana",-123.390364,44.623606,2021,4,29,"US","HUMAN_OBSERVATION","Salix hookeriana"
3963384486,"Salix hookeriana",-123.309294,44.592242,2022,8,2,"US","HUMAN_OBSERVATION","Salix hookeriana"
2265779960,"Salix hookeriana",-123.254853,44.604354,2018,8,3,"US","HUMAN_OBSERVATION","Salix hookeriana"
3961266542,"Salix hookeriana",-123.241013,44.601788,2022,8,18,"US","HUMAN_OBSERVATION","Salix hookeriana"
2423205917,"Salix hookeriana",-123.058824,44.591789,2019,9,22,"US","HUMAN_OBSERVATION","Salix hookeriana"
2331871526,"Salix hookeriana",-124.073841,44.54531,2019,8,2,"US","HUMAN_OBSERVATION","Salix hookeriana"
2540880680,"Salix hookeriana",-123.348906,44.543108,2019,7,5,"US","HUMAN_OBSERVATION","Salix hookeriana"
3903124887,"Salix hookeriana",-123.303193,44.548311,2022,8,30,"US","HUMAN_OBSERVATION","Salix hookeriana"
3773464252,"Salix hookeriana",-123.253203,44.551666,2022,5,9,"US","HUMAN_OBSERVATION","Salix hookeriana"
1986605151,"Salix hookeriana",-124.072941,44.521309,2018,8,13,"US","HUMAN_OBSERVATION","Salix hookeriana"
3301922498,"Salix hookeriana",-124.079728,44.487613,2021,4,4,"US","HUMAN_OBSERVATION","Salix hookeriana"
3456031621,"Salix hookeriana",-123.340673,44.486397,2021,12,10,"US","HUMAN_OBSERVATION","Salix hookeriana"
3872890546,"Salix hookeriana",-124.081558,44.449878,2022,3,26,"US","HUMAN_OBSERVATION","Salix hookeriana"
2868395448,"Salix hookeriana",-123.207892,44.427872,2020,9,20,"US","HUMAN_OBSERVATION","Salix hookeriana"
1935634555,"Salix hookeriana",-124.087132,44.396731,2013,4,4,"US","HUMAN_OBSERVATION","Salix hookeriana"
2574278573,"Salix hookeriana",-123.04789,44.38893,2020,2,8,"US","HUMAN_OBSERVATION","Salix hookeriana"
3112803641,"Salix hookeriana",-124.10489,44.30601,2021,4,28,"US","HUMAN_OBSERVATION","Salix hookeriana"
3743026660,"Salix hookeriana",-124.111326,44.284061,2022,3,11,"US","HUMAN_OBSERVATION","Salix hookeriana"
3466038381,"Salix hookeriana",-124.110909,44.223897,2020,3,9,"US","HUMAN_OBSERVATION","Salix hookeriana"
2429204838,"Salix hookeriana",-124.123719,44.135772,2019,5,12,"US","HUMAN_OBSERVATION","Salix hookeriana"
3860788249,"Salix hookeriana",-124.120073,44.089406,2022,5,17,"US","HUMAN_OBSERVATION","Salix hookeriana"
3070737960,"Salix hookeriana",-124.123665,44.068352,2021,3,30,"US","HUMAN_OBSERVATION","Salix hookeriana"
2265783750,"Salix hookeriana",-123.083053,44.0564,2019,3,21,"US","HUMAN_OBSERVATION","Salix hookeriana"
4018200462,"Salix hookeriana",-124.130606,44.016903,2022,3,18,"US","HUMAN_OBSERVATION","Salix hookeriana"
441832507,"Salix hookeriana",-123.166667,44.038333,2003,3,31,"US","PRESERVED_SPECIMEN","Salix hookeriana"
3961226594,"Salix hookeriana",-123.083655,44.028728,2022,9,7,"US","HUMAN_OBSERVATION","Salix hookeriana"
2611003677,"Salix hookeriana",-123.076634,44.010913,2020,4,27,"US","HUMAN_OBSERVATION","Salix hookeriana"
2366015604,"Salix hookeriana",-122.997169,44.02611,2019,4,28,"US","HUMAN_OBSERVATION","Salix hookeriana"
3391667589,"Salix hookeriana",-124.130325,43.974853,2021,10,5,"US","HUMAN_OBSERVATION","Salix hookeriana"
3747194644,"Salix hookeriana",-124.09218,43.97611,2022,3,18,"US","HUMAN_OBSERVATION","Salix hookeriana"
3961391605,"Salix hookeriana",-124.15115,43.878934,2022,9,20,"US","HUMAN_OBSERVATION","Salix hookeriana"
3858977066,"Salix hookeriana",-124.153136,43.871269,2022,4,23,"US","HUMAN_OBSERVATION","Salix hookeriana"
2611149569,"Salix hookeriana",-123.030311,43.794522,2020,4,26,"US","HUMAN_OBSERVATION","Salix hookeriana"
3385035645,"Salix hookeriana",-122.56522,43.80803,2021,9,25,"US","HUMAN_OBSERVATION","Salix hookeriana"
3384936858,"Salix hookeriana",-123.25026,43.70295,2021,5,3,"US","HUMAN_OBSERVATION","Salix hookeriana"
3468781496,"Salix hookeriana",-124.188207,43.467123,2021,7,8,"US","HUMAN_OBSERVATION","Salix hookeriana"
3881816421,"Salix hookeriana",-124.286956,43.414669,2022,5,7,"US","HUMAN_OBSERVATION","Salix hookeriana"
3858238917,"Salix hookeriana",-124.181886,43.401789,2022,2,20,"US","HUMAN_OBSERVATION","Salix hookeriana"
3466224381,"Salix hookeriana",-124.34838,43.3439,2019,10,6,"US","HUMAN_OBSERVATION","Salix hookeriana"
3455664044,"Salix hookeriana",-124.320196,43.365471,2021,9,23,"US","HUMAN_OBSERVATION","Salix hookeriana"
3873414538,"Salix hookeriana",-124.433188,43.110492,2022,7,15,"US","HUMAN_OBSERVATION","Salix hookeriana"
3113282999,"Salix hookeriana",-124.452406,42.993904,2021,5,4,"US","HUMAN_OBSERVATION","Salix hookeriana"
3961217694,"Salix hookeriana",-123.486461,42.494986,2022,10,19,"US","HUMAN_OBSERVATION","Salix hookeriana"
3961400616,"Salix hookeriana",-124.253354,42.240931,2019,6,3,"US","HUMAN_OBSERVATION","Salix hookeriana"
3961334604,"Salix hookeriana",-124.306572,42.064797,2022,9,27,"US","HUMAN_OBSERVATION","Salix hookeriana"
3988721429,"Salix hookeriana",-124.205093,41.947572,2022,2,25,"US","HUMAN_OBSERVATION","Salix hookeriana"
3301831824,"Salix hookeriana",-124.203517,41.889925,2021,5,29,"US","HUMAN_OBSERVATION","Salix hookeriana"
1847548341,"Salix hookeriana",-124.086014,41.813438,2018,5,17,"US","HUMAN_OBSERVATION","Salix hookeriana"
3988768574,"Salix hookeriana",-124.246088,41.773561,2022,9,7,"US","HUMAN_OBSERVATION","Salix hookeriana"
3988759510,"Salix hookeriana",-124.207267,41.749138,2022,7,29,"US","HUMAN_OBSERVATION","Salix hookeriana"
3985687772,"Salix hookeriana",-124.149614,41.722265,2022,9,11,"US","HUMAN_OBSERVATION","Salix hookeriana"
3988630430,"Salix hookeriana",-124.101775,41.594658,2022,3,26,"US","HUMAN_OBSERVATION","Salix hookeriana"
3988641388,"Salix hookeriana",-124.073121,41.536039,2021,7,1,"US","HUMAN_OBSERVATION","Salix hookeriana"
3333257113,"Salix hookeriana",-124.114389,40.993834,2021,7,25,"US","HUMAN_OBSERVATION","Salix hookeriana"
3070651753,"Salix hookeriana",-124.149666,40.87558,2021,3,26,"US","HUMAN_OBSERVATION","Salix hookeriana"
1837096669,"Salix hookeriana",-124.084677,40.883364,2017,2,28,"US","HUMAN_OBSERVATION","Salix hookeriana"
3985681579,"Salix hookeriana",-124.15616,40.874534,2022,5,26,"US","HUMAN_OBSERVATION","Salix hookeriana"
3384157667,"Salix hookeriana",-124.09015,40.858917,2021,9,28,"US","HUMAN_OBSERVATION","Salix hookeriana"
3079787316,"Salix hookeriana",-124.193351,40.778809,2021,4,2,"US","HUMAN_OBSERVATION","Salix hookeriana"
3335359182,"Salix hookeriana",-124.208463,40.685607,2021,8,2,"US","HUMAN_OBSERVATION","Salix hookeriana"
3966757734,"Salix hookeriana",-124.197517,40.700036,2022,11,8,"US","HUMAN_OBSERVATION","Salix hookeriana"
3872941500,"Salix hookeriana",-123.762642,39.5468,2021,11,19,"US","HUMAN_OBSERVATION","Salix hookeriana"
3456382749,"Salix hookeriana",-123.772942,39.529719,2021,8,12,"US","HUMAN_OBSERVATION","Salix hookeriana"
3031657379,"Salix hookeriana",-123.794106,39.490186,2017,5,31,"US","HUMAN_OBSERVATION","Salix hookeriana"
3985648965,"Salix hookeriana",-123.307337,38.57417,2022,11,6,"US","HUMAN_OBSERVATION","Salix hookeriana"
3698077140,"Salix hookeriana",-123.017086,38.308048,2022,2,21,"US","HUMAN_OBSERVATION","Salix hookeriana"
