"gbifID","species","longitude","latitude","year","month","day","countryCode","accepted_name","mean"
3798058090,"Spermolepis divaricata",-97.4,37.71,2007,5,29,"US","Spermolepis divaricata",14.5073909759521
3798052679,"Spermolepis divaricata",-98.81,37.22,2007,5,31,"US","Spermolepis divaricata",14.5023412704468
3707761446,"Spermolepis divaricata",-89.532,36.8883,2007,5,26,"US","Spermolepis divaricata",15.0711622238159
1990196834,"Spermolepis divaricata",-75.664972,36.001472,2007,5,25,"US","Spermolepis divaricata",16.5252208709717
3435783465,"Spermolepis divaricata",-94.40615,35.78146,2006,5,19,"US","Spermolepis divaricata",15.1611623764038
1930887626,"Spermolepis divaricata",-94.370961,35.431505,2000,5,18,"US","Spermolepis divaricata",16.7580146789551
3435783823,"Spermolepis divaricata",-94.14974,35.20638,2016,5,17,"US","Spermolepis divaricata",16.4825954437256
3435790564,"Spermolepis divaricata",-92.37655,34.98502,2008,5,20,"US","Spermolepis divaricata",16.8302555084229
1930223880,"Spermolepis divaricata",-76.878,34.791236,2011,4,3,"US","Spermolepis divaricata",17.5242671966553
1849097173,"Spermolepis divaricata",-80.256572,34.471735,2016,4,15,"US","Spermolepis divaricata",17.0241813659668
3337826330,"Spermolepis divaricata",-77.90858,34.047558,2019,4,10,"US","Spermolepis divaricata",18.0048675537109
2984465380,"Spermolepis divaricata",-93.000379,33.694495,2020,5,21,"US","Spermolepis divaricata",17.3579006195068
3435790535,"Spermolepis divaricata",-93.17238,33.65819,2013,6,4,"US","Spermolepis divaricata",17.4095668792725
1849139952,"Spermolepis divaricata",-79.0504,33.5157,2003,6,10,"US","Spermolepis divaricata",18.6425685882568
1930663311,"Spermolepis divaricata",-97.78199,33.46336,2017,4,29,"US","Spermolepis divaricata",18.1199035644531
3969597820,"Spermolepis divaricata",-97.6141,33.3029,2005,5,20,"US","Spermolepis divaricata",18.161319732666
3435790543,"Spermolepis divaricata",-94.03192,33.19508,2008,4,28,"US","Spermolepis divaricata",17.9742431640625
1843910097,"Spermolepis divaricata",-105.9785,32.86393,2011,4,16,"US","Spermolepis divaricata",17.0043392181396
3498231431,"Spermolepis divaricata",-80.8586,32.83163,2018,5,5,"US","Spermolepis divaricata",18.5181579589844
1562897666,"Spermolepis divaricata",-97.219347,32.665377,2017,5,5,"US","Spermolepis divaricata",19.3571243286133
3707739449,"Spermolepis divaricata",-84.42216,32.50816,2013,5,25,"US","Spermolepis divaricata",17.886589050293
3344416157,"Spermolepis divaricata",-80.633389,32.461556,2006,5,15,"US","Spermolepis divaricata",19.1196746826172
3969902051,"Spermolepis divaricata",-97.284633,32.433417,2006,4,25,"US","Spermolepis divaricata",18.9772319793701
3344416159,"Spermolepis divaricata",-80.690083,32.443361,2006,3,25,"US","Spermolepis divaricata",19.2792625427246
2242969515,"Spermolepis divaricata",-86.962873,32.383859,2019,5,12,"US","Spermolepis divaricata",18.5710906982422
1849121126,"Spermolepis divaricata",-81.1666,32.416,2010,4,22,"US","Spermolepis divaricata",18.9523029327393
3829919537,"Spermolepis divaricata",-88.88064,32.22619,2008,5,5,"US","Spermolepis divaricata",17.7999496459961
3707734512,"Spermolepis divaricata",-92.890301,31.997715,2016,5,9,"US","Spermolepis divaricata",18.7766990661621
1913947435,"Spermolepis divaricata",-86.007278,31.968028,2014,4,23,"US","Spermolepis divaricata",18.2205257415771
153281215,"Spermolepis divaricata",-82.4463,31.9517,2000,5,3,"US","Spermolepis divaricata",19.3115386962891
1913946247,"Spermolepis divaricata",-86.546389,31.915,2009,5,20,"US","Spermolepis divaricata",18.3534870147705
3744689209,"Spermolepis divaricata",-86.54,31.91,2007,4,28,"US","Spermolepis divaricata",18.3564109802246
3899130457,"Spermolepis divaricata",-88.670528,31.687944,2011,4,12,"US","Spermolepis divaricata",18.4616260528564
1913945603,"Spermolepis divaricata",-86.565,31.634444,2007,4,29,"US","Spermolepis divaricata",18.5456867218018
2430684397,"Spermolepis divaricata",-81.26383,31.620783,2017,4,5,"US","Spermolepis divaricata",19.8472957611084
3744689200,"Spermolepis divaricata",-86.92,31.49,2002,5,3,"US","Spermolepis divaricata",18.4022102355957
3744689202,"Spermolepis divaricata",-86.77,31.48,2002,4,27,"US","Spermolepis divaricata",18.4855422973633
1806524961,"Spermolepis divaricata",-81.4525,31.4008,2012,4,16,"US","Spermolepis divaricata",19.8817710876465
2807589519,"Spermolepis divaricata",-97.88979,31.26137,2010,5,18,"US","Spermolepis divaricata",19.3500347137451
3766275200,"Spermolepis divaricata",-86.68356,31.19111,2009,4,15,"US","Spermolepis divaricata",18.7491817474365
3766275199,"Spermolepis divaricata",-86.7021,31.16114,2012,5,3,"US","Spermolepis divaricata",18.6954917907715
3707725773,"Spermolepis divaricata",-81.88347,31.06842,2006,4,29,"US","Spermolepis divaricata",19.9397239685059
3969747222,"Spermolepis divaricata",-93.697233,31.0113,2009,4,23,"US","Spermolepis divaricata",19.2192249298096
3707728025,"Spermolepis divaricata",-88.7018,31.0023,2005,5,5,"US","Spermolepis divaricata",19.1754570007324
1849161926,"Spermolepis divaricata",-86.168889,31.016667,2000,4,28,"US","Spermolepis divaricata",19.030725479126
1269725274,"Spermolepis divaricata",-93.463333,30.88,2009,4,28,"US","Spermolepis divaricata",19.5243186950684
1849140515,"Spermolepis divaricata",-84.26185,30.665428,2001,5,3,"US","Spermolepis divaricata",19.780237197876
1946182870,"Spermolepis divaricata",-87.2475,30.5366,2015,5,1,"US","Spermolepis divaricata",20.2561645507812
3710075653,"Spermolepis divaricata",-81.494,30.386,2005,4,22,"US","Spermolepis divaricata",20.9705333709717
2284203672,"Spermolepis divaricata",-84.2894,30.3577,2019,4,14,"US","Spermolepis divaricata",20.1078147888184
1562888487,"Spermolepis divaricata",-94.835507,30.318187,2017,4,14,"US","Spermolepis divaricata",20.1085548400879
1849176072,"Spermolepis divaricata",-83.28291,30.25367,2012,4,28,"US","Spermolepis divaricata",20.3076286315918
2626949293,"Spermolepis divaricata",-97.175,30.216667,2001,5,15,"US","Spermolepis divaricata",20.1437702178955
1563150060,"Spermolepis divaricata",-88.4326,30.2064,2007,5,10,"US","Spermolepis divaricata",21.1148471832275
1258124658,"Spermolepis divaricata",-83.5526,30.0996,2008,4,12,"US","Spermolepis divaricata",20.512674331665
2611285837,"Spermolepis divaricata",-95.377895,30.0385,2020,4,26,"US","Spermolepis divaricata",21.1096954345703
575023411,"Spermolepis divaricata",-84.966667,30.016667,2008,4,22,"US","Spermolepis divaricata",20.2152633666992
1503252065,"Spermolepis divaricata",-81.6833,30,2003,4,23,"US","Spermolepis divaricata",20.9834461212158
1258124680,"Spermolepis divaricata",-82.04,29.7733,2000,4,14,"US","Spermolepis divaricata",20.9032020568848
1503272741,"Spermolepis divaricata",-83.3161,29.735,2013,3,3,"US","Spermolepis divaricata",20.5907192230225
1930978262,"Spermolepis divaricata",-83.291967,29.707617,2002,4,11,"US","Spermolepis divaricata",20.5775203704834
1457788281,"Spermolepis divaricata",-82.0326,29.67305,2014,5,8,"US","Spermolepis divaricata",20.8404331207275
1457746371,"Spermolepis divaricata",-81.99984,29.70825,2014,3,28,"US","Spermolepis divaricata",20.9028434753418
1457751720,"Spermolepis divaricata",-82.40513,29.60949,2002,3,22,"US","Spermolepis divaricata",20.9146537780762
1258124660,"Spermolepis divaricata",-82.5539,29.5136,2008,4,17,"US","Spermolepis divaricata",20.995231628418
2422412194,"Spermolepis divaricata",-82.17222,29.34278,2005,3,23,"US","Spermolepis divaricata",21.1676139831543
1457768842,"Spermolepis divaricata",-81.086972,29.345278,2006,3,14,"US","Spermolepis divaricata",21.6412906646729
1503260155,"Spermolepis divaricata",-81.0917,29.3033,2006,3,15,"US","Spermolepis divaricata",21.7131156921387
2397767433,"Spermolepis divaricata",-82.0149,28.9025,2014,4,18,"US","Spermolepis divaricata",21.9581909179688
1503254597,"Spermolepis divaricata",-81.1136,28.5911,2002,4,20,"US","Spermolepis divaricata",22.284538269043
2242465745,"Spermolepis divaricata",-81.3136,28.4975,2017,3,24,"US","Spermolepis divaricata",22.732816696167
1852052433,"Spermolepis divaricata",-81.2275,28.3114,2015,3,19,"US","Spermolepis divaricata",22.6246738433838
1503246619,"Spermolepis divaricata",-82.5149,27.9263,2004,4,10,"US","Spermolepis divaricata",23.1204223632812
1503241633,"Spermolepis divaricata",-82.1833,27.4833,2000,3,30,"US","Spermolepis divaricata",22.8970108032227
1841147451,"Spermolepis divaricata",-81.3522,27.1828,2016,4,10,"US","Spermolepis divaricata",22.8854732513428
