"gbifID","species","longitude","latitude","year","month","day","countryCode","accepted_name"
2611285837,"Spermolepis divaricata",-95.377895,30.0385,2020,4,26,"US","Spermolepis divaricata"
2984465380,"Spermolepis divaricata",-93.000379,33.694495,2020,5,21,"US","Spermolepis divaricata"
2284203672,"Spermolepis divaricata",-84.2894,30.3577,2019,4,14,"US","Spermolepis divaricata"
3028034291,"Spermolepis divaricata",-84.2894,30.3577,2019,4,14,"US","Spermolepis divaricata"
3028116948,"Spermolepis divaricata",-84.2894,30.3577,2019,4,14,"US","Spermolepis divaricata"
3337826330,"Spermolepis divaricata",-77.90858,34.047558,2019,4,10,"US","Spermolepis divaricata"
2242969515,"Spermolepis divaricata",-86.962873,32.383859,2019,5,12,"US","Spermolepis divaricata"
3498231431,"Spermolepis divaricata",-80.8586,32.83163,2018,5,5,"US","Spermolepis divaricata"
2242465745,"Spermolepis divaricata",-81.3136,28.4975,2017,3,24,"US","Spermolepis divaricata"
1562888487,"Spermolepis divaricata",-94.835507,30.318187,2017,4,14,"US","Spermolepis divaricata"
1930663311,"Spermolepis divaricata",-97.78199,33.46336,2017,4,29,"US","Spermolepis divaricata"
2430684397,"Spermolepis divaricata",-81.26383,31.620783,2017,4,5,"US","Spermolepis divaricata"
1562897666,"Spermolepis divaricata",-97.219347,32.665377,2017,5,5,"US","Spermolepis divaricata"
1841147451,"Spermolepis divaricata",-81.3522,27.1828,2016,4,10,"US","Spermolepis divaricata"
1849097173,"Spermolepis divaricata",-80.256572,34.471735,2016,4,15,"US","Spermolepis divaricata"
3435783823,"Spermolepis divaricata",-94.14974,35.20638,2016,5,17,"US","Spermolepis divaricata"
3707734512,"Spermolepis divaricata",-92.890301,31.997715,2016,5,9,"US","Spermolepis divaricata"
1852052433,"Spermolepis divaricata",-81.2275,28.3114,2015,3,19,"US","Spermolepis divaricata"
1928520453,"Spermolepis divaricata",-81.22761,28.31147,2015,3,19,"US","Spermolepis divaricata"
1946182870,"Spermolepis divaricata",-87.2475,30.5366,2015,5,1,"US","Spermolepis divaricata"
1457746371,"Spermolepis divaricata",-81.99984,29.70825,2014,3,28,"US","Spermolepis divaricata"
1913947435,"Spermolepis divaricata",-86.007278,31.968028,2014,4,23,"US","Spermolepis divaricata"
2397767433,"Spermolepis divaricata",-82.0149,28.9025,2014,4,18,"US","Spermolepis divaricata"
2422511749,"Spermolepis divaricata",-86.00728,31.96803,2014,4,23,"US","Spermolepis divaricata"
2430473856,"Spermolepis divaricata",-86.007278,31.968028,2014,4,23,"US","Spermolepis divaricata"
1457788281,"Spermolepis divaricata",-82.0326,29.67305,2014,5,8,"US","Spermolepis divaricata"
1503272741,"Spermolepis divaricata",-83.3161,29.735,2013,3,3,"US","Spermolepis divaricata"
3707739449,"Spermolepis divaricata",-84.42216,32.50816,2013,5,25,"US","Spermolepis divaricata"
3435790535,"Spermolepis divaricata",-93.17238,33.65819,2013,6,4,"US","Spermolepis divaricata"
1806524961,"Spermolepis divaricata",-81.4525,31.4008,2012,4,16,"US","Spermolepis divaricata"
1849176072,"Spermolepis divaricata",-83.28291,30.25367,2012,4,28,"US","Spermolepis divaricata"
1929408897,"Spermolepis divaricata",-81.4525,31.40089,2012,4,16,"US","Spermolepis divaricata"
3766275199,"Spermolepis divaricata",-86.7021,31.16114,2012,5,3,"US","Spermolepis divaricata"
1930223880,"Spermolepis divaricata",-76.878,34.791236,2011,4,3,"US","Spermolepis divaricata"
1849121126,"Spermolepis divaricata",-81.1666,32.416,2010,4,22,"US","Spermolepis divaricata"
2807589519,"Spermolepis divaricata",-97.88979,31.26137,2010,5,18,"US","Spermolepis divaricata"
1269725274,"Spermolepis divaricata",-93.463333,30.88,2009,4,28,"US","Spermolepis divaricata"
3766275200,"Spermolepis divaricata",-86.68356,31.19111,2009,4,15,"US","Spermolepis divaricata"
1913946247,"Spermolepis divaricata",-86.546389,31.915,2009,5,20,"US","Spermolepis divaricata"
2825616068,"Spermolepis divaricata",-86.546389,31.915111,2009,5,20,"US","Spermolepis divaricata"
575023411,"Spermolepis divaricata",-84.966667,30.016667,2008,4,22,"US","Spermolepis divaricata"
1258124658,"Spermolepis divaricata",-83.5526,30.0996,2008,4,12,"US","Spermolepis divaricata"
1258124660,"Spermolepis divaricata",-82.5539,29.5136,2008,4,17,"US","Spermolepis divaricata"
3435790543,"Spermolepis divaricata",-94.03192,33.19508,2008,4,28,"US","Spermolepis divaricata"
3435790564,"Spermolepis divaricata",-92.37655,34.98502,2008,5,20,"US","Spermolepis divaricata"
1913945603,"Spermolepis divaricata",-86.565,31.634444,2007,4,29,"US","Spermolepis divaricata"
1913945606,"Spermolepis divaricata",-86.544444,31.913889,2007,4,28,"US","Spermolepis divaricata"
2825648988,"Spermolepis divaricata",-86.544444,31.913889,2007,4,28,"US","Spermolepis divaricata"
3744689209,"Spermolepis divaricata",-86.54,31.91,2007,4,28,"US","Spermolepis divaricata"
1563150060,"Spermolepis divaricata",-88.4326,30.2064,2007,5,10,"US","Spermolepis divaricata"
1457768842,"Spermolepis divaricata",-81.086972,29.345278,2006,3,14,"US","Spermolepis divaricata"
1503250000,"Spermolepis divaricata",-81.0869,29.3453,2006,3,14,"US","Spermolepis divaricata"
1503260155,"Spermolepis divaricata",-81.0917,29.3033,2006,3,15,"US","Spermolepis divaricata"
3707725773,"Spermolepis divaricata",-81.88347,31.06842,2006,4,29,"US","Spermolepis divaricata"
3435783465,"Spermolepis divaricata",-94.40615,35.78146,2006,5,19,"US","Spermolepis divaricata"
2422412194,"Spermolepis divaricata",-82.17222,29.34278,2005,3,23,"US","Spermolepis divaricata"
3710075653,"Spermolepis divaricata",-81.494,30.386,2005,4,22,"US","Spermolepis divaricata"
3707728025,"Spermolepis divaricata",-88.7018,31.0023,2005,5,5,"US","Spermolepis divaricata"
1503246619,"Spermolepis divaricata",-82.5149,27.9263,2004,4,10,"US","Spermolepis divaricata"
1503252065,"Spermolepis divaricata",-81.6833,30,2003,4,23,"US","Spermolepis divaricata"
1849139952,"Spermolepis divaricata",-79.0504,33.5157,2003,6,10,"US","Spermolepis divaricata"
1457751720,"Spermolepis divaricata",-82.40513,29.60949,2002,3,22,"US","Spermolepis divaricata"
1503254597,"Spermolepis divaricata",-81.1136,28.5911,2002,4,20,"US","Spermolepis divaricata"
1930978262,"Spermolepis divaricata",-83.291967,29.707617,2002,4,11,"US","Spermolepis divaricata"
3744689202,"Spermolepis divaricata",-86.77,31.48,2002,4,27,"US","Spermolepis divaricata"
3744689200,"Spermolepis divaricata",-86.92,31.49,2002,5,3,"US","Spermolepis divaricata"
1849140515,"Spermolepis divaricata",-84.26185,30.665428,2001,5,3,"US","Spermolepis divaricata"
2626949293,"Spermolepis divaricata",-97.175,30.216667,2001,5,15,"US","Spermolepis divaricata"
1503241633,"Spermolepis divaricata",-82.1833,27.4833,2000,3,30,"US","Spermolepis divaricata"
1258124680,"Spermolepis divaricata",-82.04,29.7733,2000,4,14,"US","Spermolepis divaricata"
1849161926,"Spermolepis divaricata",-86.168889,31.016667,2000,4,28,"US","Spermolepis divaricata"
153281215,"Spermolepis divaricata",-82.4463,31.9517,2000,5,3,"US","Spermolepis divaricata"
1930887626,"Spermolepis divaricata",-94.370961,35.431505,2000,5,18,"US","Spermolepis divaricata"
