"gbifID","species","longitude","latitude","year","month","day","countryCode","basisOfRecord","accepted_name"
3963628257,"Tauschia arguta",-118.719707,34.798549,2022,6,5,"US","HUMAN_OBSERVATION","Tauschia arguta"
3067590320,"Tauschia arguta",-120.000153,34.74343,2016,3,31,"US","HUMAN_OBSERVATION","Tauschia arguta"
3067658301,"Tauschia arguta",-119.998614,34.739761,2010,5,31,"US","HUMAN_OBSERVATION","Tauschia arguta"
3966707668,"Tauschia arguta",-118.768638,34.736023,2022,6,5,"US","HUMAN_OBSERVATION","Tauschia arguta"
3897611990,"Tauschia arguta",-118.73084,34.71275,2022,5,18,"US","PRESERVED_SPECIMEN","Tauschia arguta"
3743077156,"Tauschia arguta",-119.872017,34.70692,2022,3,15,"US","HUMAN_OBSERVATION","Tauschia arguta"
2542906738,"Tauschia arguta",-118.60865,34.703347,2019,5,27,"US","HUMAN_OBSERVATION","Tauschia arguta"
3897612027,"Tauschia arguta",-118.59698,34.60802,2022,6,16,"US","PRESERVED_SPECIMEN","Tauschia arguta"
3897611822,"Tauschia arguta",-118.3904,34.60179,2022,5,3,"US","PRESERVED_SPECIMEN","Tauschia arguta"
3499500390,"Tauschia arguta",-118.366844,34.62273,2021,4,15,"US","HUMAN_OBSERVATION","Tauschia arguta"
3061574498,"Tauschia arguta",-119.76326,34.56482,2021,1,22,"US","HUMAN_OBSERVATION","Tauschia arguta"
2610084275,"Tauschia arguta",-118.74012,34.56943,2018,5,9,"US","PRESERVED_SPECIMEN","Tauschia arguta"
3698398758,"Tauschia arguta",-120.145948,34.516008,2022,2,20,"US","HUMAN_OBSERVATION","Tauschia arguta"
2871636338,"Tauschia arguta",-119.99,34.530556,2018,5,13,"US","PRESERVED_SPECIMEN","Tauschia arguta"
2619942598,"Tauschia arguta",-119.957498,34.533245,2020,4,10,"US","HUMAN_OBSERVATION","Tauschia arguta"
2422399801,"Tauschia arguta",-119.83667,34.52333,2004,4,14,"US","PRESERVED_SPECIMEN","Tauschia arguta"
891136377,"Tauschia arguta",-119.789957,34.506577,2013,3,26,"US","HUMAN_OBSERVATION","Tauschia arguta"
2610979391,"Tauschia arguta",-119.407088,34.520522,2020,4,4,"US","HUMAN_OBSERVATION","Tauschia arguta"
3118503638,"Tauschia arguta",-119.269905,34.518895,2021,5,16,"US","HUMAN_OBSERVATION","Tauschia arguta"
3053383795,"Tauschia arguta",-119.23396,34.52075,2011,6,19,"US","PRESERVED_SPECIMEN","Tauschia arguta"
3872368330,"Tauschia arguta",-119.18502,34.51879,2021,6,3,"US","PRESERVED_SPECIMEN","Tauschia arguta"
3872362312,"Tauschia arguta",-119.15089,34.53052,2019,7,12,"US","PRESERVED_SPECIMEN","Tauschia arguta"
2626368404,"Tauschia arguta",-119.84432,34.49984,2020,5,8,"US","HUMAN_OBSERVATION","Tauschia arguta"
3456932920,"Tauschia arguta",-119.713478,34.494962,2022,1,7,"US","HUMAN_OBSERVATION","Tauschia arguta"
3097250681,"Tauschia arguta",-119.699261,34.490847,2021,4,22,"US","HUMAN_OBSERVATION","Tauschia arguta"
3061631713,"Tauschia arguta",-119.64357,34.46829,2021,3,12,"US","HUMAN_OBSERVATION","Tauschia arguta"
3061599503,"Tauschia arguta",-119.624022,34.464687,2021,1,30,"US","HUMAN_OBSERVATION","Tauschia arguta"
3897620333,"Tauschia arguta",-119.54587,34.48768,2021,6,3,"US","PRESERVED_SPECIMEN","Tauschia arguta"
2813907538,"Tauschia arguta",-119.51976,34.46851,2020,4,12,"US","HUMAN_OBSERVATION","Tauschia arguta"
3712601779,"Tauschia arguta",-119.49553,34.47895,2022,3,6,"US","HUMAN_OBSERVATION","Tauschia arguta"
3053407479,"Tauschia arguta",-119.4363,34.4832,2004,7,2,"US","PRESERVED_SPECIMEN","Tauschia arguta"
3053394620,"Tauschia arguta",-119.41485,34.47966,2016,6,24,"US","PRESERVED_SPECIMEN","Tauschia arguta"
3053403417,"Tauschia arguta",-119.126962,34.482851,2020,5,14,"US","PRESERVED_SPECIMEN","Tauschia arguta"
3031674639,"Tauschia arguta",-119.666245,34.435882,2020,2,29,"US","HUMAN_OBSERVATION","Tauschia arguta"
3061659699,"Tauschia arguta",-119.083727,34.455574,2021,3,12,"US","HUMAN_OBSERVATION","Tauschia arguta"
2430254112,"Tauschia arguta",-118.191667,34.416667,2000,5,16,"US","PRESERVED_SPECIMEN","Tauschia arguta"
2430179976,"Tauschia arguta",-118.09361,34.41806,2011,5,12,"US","PRESERVED_SPECIMEN","Tauschia arguta"
3053476042,"Tauschia arguta",-119.1047,34.392367,2006,5,19,"US","PRESERVED_SPECIMEN","Tauschia arguta"
3067586703,"Tauschia arguta",-118.203614,34.379075,2019,5,23,"US","HUMAN_OBSERVATION","Tauschia arguta"
2430343874,"Tauschia arguta",-118.1325,34.368333,2000,3,18,"US","PRESERVED_SPECIMEN","Tauschia arguta"
2430470462,"Tauschia arguta",-118.816667,34.316667,2003,5,21,"US","PRESERVED_SPECIMEN","Tauschia arguta"
3090848065,"Tauschia arguta",-118.641605,34.292479,2021,4,9,"US","HUMAN_OBSERVATION","Tauschia arguta"
2422499748,"Tauschia arguta",-118.39389,34.3075,2010,3,24,"US","PRESERVED_SPECIMEN","Tauschia arguta"
2430261228,"Tauschia arguta",-118.16969,34.33242,2011,7,6,"US","PRESERVED_SPECIMEN","Tauschia arguta"
2430074385,"Tauschia arguta",-118.858611,34.283194,2011,5,10,"US","PRESERVED_SPECIMEN","Tauschia arguta"
1640036345,"Tauschia arguta",-118.654468,34.270535,2017,5,8,"US","HUMAN_OBSERVATION","Tauschia arguta"
1453464423,"Tauschia arguta",-118.623129,34.267662,2017,2,27,"US","HUMAN_OBSERVATION","Tauschia arguta"
3743245444,"Tauschia arguta",-118.268096,34.266533,2022,2,21,"US","HUMAN_OBSERVATION","Tauschia arguta"
3058691677,"Tauschia arguta",-118.240708,34.27738,2009,5,7,"US","HUMAN_OBSERVATION","Tauschia arguta"
3712483712,"Tauschia arguta",-118.197216,34.257485,2022,3,6,"US","HUMAN_OBSERVATION","Tauschia arguta"
3743073868,"Tauschia arguta",-118.166236,34.271738,2022,3,13,"US","HUMAN_OBSERVATION","Tauschia arguta"
2236817094,"Tauschia arguta",-118.898377,34.229093,2018,4,25,"US","HUMAN_OBSERVATION","Tauschia arguta"
2430271522,"Tauschia arguta",-118.8402,34.22778,2011,6,23,"US","PRESERVED_SPECIMEN","Tauschia arguta"
3858477529,"Tauschia arguta",-118.130958,34.232515,2022,6,12,"US","HUMAN_OBSERVATION","Tauschia arguta"
1257410526,"Tauschia arguta",-118.11376,34.224526,2016,2,28,"US","HUMAN_OBSERVATION","Tauschia arguta"
2802955366,"Tauschia arguta",-118.053733,34.224469,2020,6,19,"US","HUMAN_OBSERVATION","Tauschia arguta"
2430122049,"Tauschia arguta",-117.96253,34.216452,2008,5,20,"US","PRESERVED_SPECIMEN","Tauschia arguta"
2430198869,"Tauschia arguta",-117.901944,34.223611,2000,6,19,"US","PRESERVED_SPECIMEN","Tauschia arguta"
3395957364,"Tauschia arguta",-117.724722,34.220833,2016,4,28,"US","HUMAN_OBSERVATION","Tauschia arguta"
3759944877,"Tauschia arguta",-117.671555,34.226963,2022,4,3,"US","HUMAN_OBSERVATION","Tauschia arguta"
2235560443,"Tauschia arguta",-119.034891,34.174352,2017,2,5,"US","HUMAN_OBSERVATION","Tauschia arguta"
3096873315,"Tauschia arguta",-118.9862,34.18431,2020,2,18,"US","PRESERVED_SPECIMEN","Tauschia arguta"
2418013703,"Tauschia arguta",-118.21,34.187778,2000,4,27,"US","PRESERVED_SPECIMEN","Tauschia arguta"
2430247304,"Tauschia arguta",-117.692222,34.180278,2000,6,25,"US","PRESERVED_SPECIMEN","Tauschia arguta"
2430370881,"Tauschia arguta",-117.525583,34.180917,2009,4,13,"US","PRESERVED_SPECIMEN","Tauschia arguta"
1848754002,"Tauschia arguta",-117.132831,34.197789,2018,5,11,"US","HUMAN_OBSERVATION","Tauschia arguta"
4018583575,"Tauschia arguta",-118.933328,34.126636,2022,7,3,"US","HUMAN_OBSERVATION","Tauschia arguta"
2422457197,"Tauschia arguta",-118.32556,34.13694,2009,3,6,"US","PRESERVED_SPECIMEN","Tauschia arguta"
3455281446,"Tauschia arguta",-117.724029,34.146987,2019,4,1,"US","HUMAN_OBSERVATION","Tauschia arguta"
3053402731,"Tauschia arguta",-119.06549,34.09056,2014,4,18,"US","PRESERVED_SPECIMEN","Tauschia arguta"
2270251222,"Tauschia arguta",-119.03696,34.08677,2000,4,14,"US","PRESERVED_SPECIMEN","Tauschia arguta"
3759461028,"Tauschia arguta",-118.926637,34.120097,2022,3,20,"US","HUMAN_OBSERVATION","Tauschia arguta"
3396002305,"Tauschia arguta",-118.78539,34.08561,2019,5,29,"US","PRESERVED_SPECIMEN","Tauschia arguta"
3058878278,"Tauschia arguta",-118.638544,34.123431,2021,3,8,"US","HUMAN_OBSERVATION","Tauschia arguta"
3743323711,"Tauschia arguta",-118.569397,34.088481,2022,3,14,"US","HUMAN_OBSERVATION","Tauschia arguta"
3759233391,"Tauschia arguta",-118.508829,34.086168,2022,3,29,"US","HUMAN_OBSERVATION","Tauschia arguta"
2422457148,"Tauschia arguta",-118.41694,34.09611,2009,4,29,"US","PRESERVED_SPECIMEN","Tauschia arguta"
2422442442,"Tauschia arguta",-118.41232,34.10605,2008,5,23,"US","PRESERVED_SPECIMEN","Tauschia arguta"
2430198128,"Tauschia arguta",-117.683333,34.122222,2009,3,16,"US","PRESERVED_SPECIMEN","Tauschia arguta"
3391364501,"Tauschia arguta",-117.002669,34.089367,2021,8,15,"US","HUMAN_OBSERVATION","Tauschia arguta"
3357554306,"Tauschia arguta",-116.99917,34.09028,2021,8,11,"US","PRESERVED_SPECIMEN","Tauschia arguta"
2028457160,"Tauschia arguta",-119.011878,34.076386,2019,3,15,"US","HUMAN_OBSERVATION","Tauschia arguta"
3061737714,"Tauschia arguta",-118.656869,34.076504,2021,3,14,"US","HUMAN_OBSERVATION","Tauschia arguta"
3759957056,"Tauschia arguta",-118.603369,34.059011,2022,4,5,"US","HUMAN_OBSERVATION","Tauschia arguta"
3959537791,"Tauschia arguta",-118.565705,34.081,2022,1,9,"US","HUMAN_OBSERVATION","Tauschia arguta"
2596229656,"Tauschia arguta",-118.536518,34.067585,2020,3,14,"US","HUMAN_OBSERVATION","Tauschia arguta"
3949996643,"Tauschia arguta",-116.63647,34.0712,2018,4,19,"US","PRESERVED_SPECIMEN","Tauschia arguta"
2430132275,"Tauschia arguta",-116.77151,34.03826,2016,4,27,"US","PRESERVED_SPECIMEN","Tauschia arguta"
2611334401,"Tauschia arguta",-116.680092,34.016342,2020,4,24,"US","HUMAN_OBSERVATION","Tauschia arguta"
1890096525,"Tauschia arguta",-117.29283,33.990892,2017,1,16,"US","HUMAN_OBSERVATION","Tauschia arguta"
2422452968,"Tauschia arguta",-117.27889,33.98444,2004,3,28,"US","PRESERVED_SPECIMEN","Tauschia arguta"
3705801762,"Tauschia arguta",-116.663339,33.99041,2022,3,1,"US","HUMAN_OBSERVATION","Tauschia arguta"
2430346374,"Tauschia arguta",-116.8875,33.956944,2011,4,4,"US","PRESERVED_SPECIMEN","Tauschia arguta"
2430310780,"Tauschia arguta",-116.866667,33.904167,2009,3,10,"US","PRESERVED_SPECIMEN","Tauschia arguta"
2445000365,"Tauschia arguta",-116.696694,33.884072,2018,5,1,"US","HUMAN_OBSERVATION","Tauschia arguta"
4029142355,"Tauschia arguta",-117.690318,33.864145,2023,2,3,"US","HUMAN_OBSERVATION","Tauschia arguta"
2422473262,"Tauschia arguta",-116.84735,33.8589,2007,5,12,"US","PRESERVED_SPECIMEN","Tauschia arguta"
3112483528,"Tauschia arguta",-116.802939,33.838925,2021,5,4,"US","HUMAN_OBSERVATION","Tauschia arguta"
2430421449,"Tauschia arguta",-117.721111,33.830278,2008,4,14,"US","PRESERVED_SPECIMEN","Tauschia arguta"
2422331271,"Tauschia arguta",-117.67569,33.81661,2000,3,18,"US","PRESERVED_SPECIMEN","Tauschia arguta"
3773401282,"Tauschia arguta",-117.618042,33.797495,2022,5,1,"US","HUMAN_OBSERVATION","Tauschia arguta"
3125032705,"Tauschia arguta",-116.7906,33.8164,2012,4,17,"US","PRESERVED_SPECIMEN","Tauschia arguta"
3705817643,"Tauschia arguta",-117.599145,33.757831,2022,2,25,"US","HUMAN_OBSERVATION","Tauschia arguta"
3759425293,"Tauschia arguta",-117.579894,33.77763,2022,4,16,"US","HUMAN_OBSERVATION","Tauschia arguta"
3773026794,"Tauschia arguta",-116.775547,33.790303,2022,5,7,"US","HUMAN_OBSERVATION","Tauschia arguta"
2423021259,"Tauschia arguta",-116.718824,33.762378,2019,9,10,"US","HUMAN_OBSERVATION","Tauschia arguta"
2422462907,"Tauschia arguta",-118.31528,33.71528,2008,4,19,"US","PRESERVED_SPECIMEN","Tauschia arguta"
2430168086,"Tauschia arguta",-117.554806,33.717083,2009,6,17,"US","PRESERVED_SPECIMEN","Tauschia arguta"
2251914317,"Tauschia arguta",-117.484633,33.723597,2019,5,26,"US","HUMAN_OBSERVATION","Tauschia arguta"
2430286569,"Tauschia arguta",-116.82223,33.72312,2010,6,7,"US","PRESERVED_SPECIMEN","Tauschia arguta"
3112677662,"Tauschia arguta",-116.773375,33.738578,2021,4,29,"US","HUMAN_OBSERVATION","Tauschia arguta"
2430260606,"Tauschia arguta",-116.75,33.725,2001,6,30,"US","PRESERVED_SPECIMEN","Tauschia arguta"
2429611197,"Tauschia arguta",-116.706335,33.722498,2019,10,14,"US","HUMAN_OBSERVATION","Tauschia arguta"
1944422059,"Tauschia arguta",-117.643037,33.699553,2017,3,12,"US","HUMAN_OBSERVATION","Tauschia arguta"
2620198701,"Tauschia arguta",-117.502613,33.667991,2020,5,2,"US","HUMAN_OBSERVATION","Tauschia arguta"
2382620718,"Tauschia arguta",-117.46788,33.69322,2019,6,22,"US","PRESERVED_SPECIMEN","Tauschia arguta"
2611164951,"Tauschia arguta",-117.438331,33.666967,2020,4,26,"US","HUMAN_OBSERVATION","Tauschia arguta"
2430178015,"Tauschia arguta",-116.933333,33.708333,2000,4,20,"US","PRESERVED_SPECIMEN","Tauschia arguta"
1571083506,"Tauschia arguta",-116.752983,33.684583,2017,5,29,"US","HUMAN_OBSERVATION","Tauschia arguta"
2430210709,"Tauschia arguta",-116.716667,33.683333,2000,5,27,"US","PRESERVED_SPECIMEN","Tauschia arguta"
3772787688,"Tauschia arguta",-116.681225,33.693982,2022,4,27,"US","HUMAN_OBSERVATION","Tauschia arguta"
2412541120,"Tauschia arguta",-117.476533,33.62616,2018,5,31,"US","PRESERVED_SPECIMEN","Tauschia arguta"
2005366865,"Tauschia arguta",-117.424947,33.664678,2019,2,17,"US","HUMAN_OBSERVATION","Tauschia arguta"
3061700792,"Tauschia arguta",-116.779292,33.626723,2021,3,17,"US","HUMAN_OBSERVATION","Tauschia arguta"
2430297960,"Tauschia arguta",-116.46061,33.62709,2016,4,28,"US","PRESERVED_SPECIMEN","Tauschia arguta"
3466485688,"Tauschia arguta",-117.80085,33.620231,2022,1,29,"US","HUMAN_OBSERVATION","Tauschia arguta"
3802331418,"Tauschia arguta",-117.50997,33.600925,2022,4,10,"US","HUMAN_OBSERVATION","Tauschia arguta"
2413156768,"Tauschia arguta",-117.469483,33.595201,2009,4,11,"US","PRESERVED_SPECIMEN","Tauschia arguta"
3802427430,"Tauschia arguta",-117.437111,33.622814,2022,2,26,"US","HUMAN_OBSERVATION","Tauschia arguta"
2422419301,"Tauschia arguta",-116.80806,33.59389,2003,4,4,"US","PRESERVED_SPECIMEN","Tauschia arguta"
1850989200,"Tauschia arguta",-116.748061,33.611014,2016,4,14,"US","HUMAN_OBSERVATION","Tauschia arguta"
2609086464,"Tauschia arguta",-116.5951,33.603175,2020,3,16,"US","HUMAN_OBSERVATION","Tauschia arguta"
2013693963,"Tauschia arguta",-117.466389,33.568333,2019,3,7,"US","HUMAN_OBSERVATION","Tauschia arguta"
3759765655,"Tauschia arguta",-116.57775,33.560487,2022,4,17,"US","HUMAN_OBSERVATION","Tauschia arguta"
3113261597,"Tauschia arguta",-116.50553,33.547969,2021,5,1,"US","HUMAN_OBSERVATION","Tauschia arguta"
3858279929,"Tauschia arguta",-117.402289,33.523159,2022,2,19,"US","HUMAN_OBSERVATION","Tauschia arguta"
2430180094,"Tauschia arguta",-117.354722,33.525,2005,2,14,"US","PRESERVED_SPECIMEN","Tauschia arguta"
3712536012,"Tauschia arguta",-117.123824,33.522258,2022,2,19,"US","HUMAN_OBSERVATION","Tauschia arguta"
2235530879,"Tauschia arguta",-117.376288,33.462068,2019,3,31,"US","HUMAN_OBSERVATION","Tauschia arguta"
2422505267,"Tauschia arguta",-117.43869,33.457,2015,5,13,"US","PRESERVED_SPECIMEN","Tauschia arguta"
3067594992,"Tauschia arguta",-117.392233,33.453259,2020,6,13,"US","HUMAN_OBSERVATION","Tauschia arguta"
2430478563,"Tauschia arguta",-117.141667,33.441667,2003,6,3,"US","PRESERVED_SPECIMEN","Tauschia arguta"
2422405901,"Tauschia arguta",-117.05083,33.38917,2003,4,26,"US","PRESERVED_SPECIMEN","Tauschia arguta"
3125163697,"Tauschia arguta",-116.9146,33.3912,2010,7,8,"US","PRESERVED_SPECIMEN","Tauschia arguta"
3125034701,"Tauschia arguta",-116.7842,33.3764,2008,4,5,"US","PRESERVED_SPECIMEN","Tauschia arguta"
3125035682,"Tauschia arguta",-116.74444,33.41639,2010,6,26,"US","PRESERVED_SPECIMEN","Tauschia arguta"
3125031682,"Tauschia arguta",-116.68829,33.37653,2010,4,14,"US","PRESERVED_SPECIMEN","Tauschia arguta"
2430101059,"Tauschia arguta",-116.625833,33.384444,2010,5,14,"US","PRESERVED_SPECIMEN","Tauschia arguta"
3456183803,"Tauschia arguta",-116.595218,33.377893,2021,12,1,"US","HUMAN_OBSERVATION","Tauschia arguta"
3125135261,"Tauschia arguta",-116.85232,33.36283,2016,5,29,"US","PRESERVED_SPECIMEN","Tauschia arguta"
3125161702,"Tauschia arguta",-116.8012,33.349,2004,6,5,"US","PRESERVED_SPECIMEN","Tauschia arguta"
3966415779,"Tauschia arguta",-116.672753,33.359439,2021,4,12,"US","HUMAN_OBSERVATION","Tauschia arguta"
3760261959,"Tauschia arguta",-116.64791,33.373331,2022,4,4,"US","HUMAN_OBSERVATION","Tauschia arguta"
3125038694,"Tauschia arguta",-116.60831,33.34869,2008,6,7,"US","PRESERVED_SPECIMEN","Tauschia arguta"
1831101461,"Tauschia arguta",-116.488611,33.3675,2018,2,28,"US","HUMAN_OBSERVATION","Tauschia arguta"
2269277760,"Tauschia arguta",-116.712914,33.310501,2019,6,6,"US","HUMAN_OBSERVATION","Tauschia arguta"
3759207063,"Tauschia arguta",-116.639626,33.332798,2022,3,26,"US","HUMAN_OBSERVATION","Tauschia arguta"
3125162684,"Tauschia arguta",-116.6451,33.2721,2009,5,11,"US","PRESERVED_SPECIMEN","Tauschia arguta"
3125038692,"Tauschia arguta",-116.955,33.22611,2008,4,3,"US","PRESERVED_SPECIMEN","Tauschia arguta"
3125159707,"Tauschia arguta",-116.82902,33.21053,2007,4,7,"US","PRESERVED_SPECIMEN","Tauschia arguta"
3125163695,"Tauschia arguta",-116.6631,33.2395,2006,5,10,"US","PRESERVED_SPECIMEN","Tauschia arguta"
3097081782,"Tauschia arguta",-116.592997,33.219808,2021,4,16,"US","HUMAN_OBSERVATION","Tauschia arguta"
2580107205,"Tauschia arguta",-116.554404,33.212842,2020,3,13,"US","HUMAN_OBSERVATION","Tauschia arguta"
3747014903,"Tauschia arguta",-116.503624,33.211305,2022,3,19,"US","HUMAN_OBSERVATION","Tauschia arguta"
3747183999,"Tauschia arguta",-116.463137,33.226783,2022,3,21,"US","HUMAN_OBSERVATION","Tauschia arguta"
4034957344,"Tauschia arguta",-117.064578,33.177842,2023,2,11,"US","HUMAN_OBSERVATION","Tauschia arguta"
3059054339,"Tauschia arguta",-117.001978,33.198774,2021,3,2,"US","HUMAN_OBSERVATION","Tauschia arguta"
3125162685,"Tauschia arguta",-116.81358,33.17069,2010,5,15,"US","PRESERVED_SPECIMEN","Tauschia arguta"
4021952608,"Tauschia arguta",-116.573395,33.197677,2019,4,25,"US","HUMAN_OBSERVATION","Tauschia arguta"
3784653964,"Tauschia arguta",-116.506421,33.180448,2022,5,17,"US","HUMAN_OBSERVATION","Tauschia arguta"
3759524172,"Tauschia arguta",-116.463762,33.2062,2022,4,1,"US","HUMAN_OBSERVATION","Tauschia arguta"
4034838973,"Tauschia arguta",-116.452486,33.180812,2022,3,26,"US","HUMAN_OBSERVATION","Tauschia arguta"
2422483210,"Tauschia arguta",-116.83319,33.1455,2010,5,20,"US","PRESERVED_SPECIMEN","Tauschia arguta"
3881424326,"Tauschia arguta",-116.57539,33.163357,2020,3,8,"US","HUMAN_OBSERVATION","Tauschia arguta"
3743240560,"Tauschia arguta",-116.501428,33.143156,2022,3,12,"US","HUMAN_OBSERVATION","Tauschia arguta"
3743345609,"Tauschia arguta",-116.494732,33.147989,2022,3,12,"US","HUMAN_OBSERVATION","Tauschia arguta"
3759984419,"Tauschia arguta",-117.139672,33.086783,2022,4,9,"US","HUMAN_OBSERVATION","Tauschia arguta"
3118408362,"Tauschia arguta",-116.8703,33.103481,2021,5,16,"US","HUMAN_OBSERVATION","Tauschia arguta"
1453052606,"Tauschia arguta",-116.816872,33.1165,2015,3,14,"US","HUMAN_OBSERVATION","Tauschia arguta"
3760295767,"Tauschia arguta",-116.658234,33.11401,2022,4,1,"US","HUMAN_OBSERVATION","Tauschia arguta"
3784911489,"Tauschia arguta",-116.542647,33.094127,2022,5,12,"US","HUMAN_OBSERVATION","Tauschia arguta"
3125030679,"Tauschia arguta",-116.50883,33.0872,2009,4,25,"US","PRESERVED_SPECIMEN","Tauschia arguta"
3125036682,"Tauschia arguta",-116.49022,33.11097,2001,4,29,"US","PRESERVED_SPECIMEN","Tauschia arguta"
3759724495,"Tauschia arguta",-117.141783,33.079333,2022,4,17,"US","HUMAN_OBSERVATION","Tauschia arguta"
3773347667,"Tauschia arguta",-117.017792,33.075522,2022,5,2,"US","HUMAN_OBSERVATION","Tauschia arguta"
3712682795,"Tauschia arguta",-116.913621,33.076555,2022,3,6,"US","HUMAN_OBSERVATION","Tauschia arguta"
3773515373,"Tauschia arguta",-116.657615,33.04836,2022,4,30,"US","HUMAN_OBSERVATION","Tauschia arguta"
3759972116,"Tauschia arguta",-116.54398,33.046893,2022,4,6,"US","HUMAN_OBSERVATION","Tauschia arguta"
1838394916,"Tauschia arguta",-116.524722,33.045556,2018,4,17,"US","HUMAN_OBSERVATION","Tauschia arguta"
3743183555,"Tauschia arguta",-117.008887,33.011432,2022,3,13,"US","HUMAN_OBSERVATION","Tauschia arguta"
3466431590,"Tauschia arguta",-116.974141,33.013885,2022,1,25,"US","HUMAN_OBSERVATION","Tauschia arguta"
3125037689,"Tauschia arguta",-116.6713,33.0274,2007,4,28,"US","PRESERVED_SPECIMEN","Tauschia arguta"
3456940258,"Tauschia arguta",-116.520768,33.03197,2021,11,27,"US","HUMAN_OBSERVATION","Tauschia arguta"
3125037690,"Tauschia arguta",-116.49887,33.02944,2007,3,29,"US","PRESERVED_SPECIMEN","Tauschia arguta"
3125168696,"Tauschia arguta",-117.05139,32.99416,2007,3,18,"US","PRESERVED_SPECIMEN","Tauschia arguta"
3743211247,"Tauschia arguta",-116.958392,32.977183,2022,3,15,"US","HUMAN_OBSERVATION","Tauschia arguta"
4028989231,"Tauschia arguta",-116.956833,32.985142,2023,1,28,"US","HUMAN_OBSERVATION","Tauschia arguta"
3705767389,"Tauschia arguta",-116.656412,32.969397,2021,5,23,"US","HUMAN_OBSERVATION","Tauschia arguta"
3858802321,"Tauschia arguta",-116.605903,32.96117,2022,6,17,"US","HUMAN_OBSERVATION","Tauschia arguta"
3947646618,"Tauschia arguta",-116.504556,32.960626,2022,10,13,"US","HUMAN_OBSERVATION","Tauschia arguta"
2382635411,"Tauschia arguta",-116.94306,32.92139,2004,3,28,"US","PRESERVED_SPECIMEN","Tauschia arguta"
3125034700,"Tauschia arguta",-116.8807,32.9178,2007,4,28,"US","PRESERVED_SPECIMEN","Tauschia arguta"
2422472280,"Tauschia arguta",-116.80419,32.9255,2009,5,28,"US","PRESERVED_SPECIMEN","Tauschia arguta"
3858381680,"Tauschia arguta",-116.588592,32.921122,2022,5,29,"US","HUMAN_OBSERVATION","Tauschia arguta"
2634074060,"Tauschia arguta",-116.580372,32.925039,2020,5,26,"US","HUMAN_OBSERVATION","Tauschia arguta"
3772915387,"Tauschia arguta",-116.484504,32.922353,2022,5,1,"US","HUMAN_OBSERVATION","Tauschia arguta"
4029119590,"Tauschia arguta",-116.876186,32.911908,2023,1,29,"US","HUMAN_OBSERVATION","Tauschia arguta"
3125029695,"Tauschia arguta",-116.8735,32.9165,2004,3,28,"US","PRESERVED_SPECIMEN","Tauschia arguta"
3772928616,"Tauschia arguta",-116.59877,32.888125,2022,5,1,"US","HUMAN_OBSERVATION","Tauschia arguta"
3112476769,"Tauschia arguta",-116.569357,32.895508,2021,5,1,"US","HUMAN_OBSERVATION","Tauschia arguta"
3772705298,"Tauschia arguta",-116.496738,32.910768,2022,5,1,"US","HUMAN_OBSERVATION","Tauschia arguta"
3860408468,"Tauschia arguta",-116.429962,32.897495,2022,6,3,"US","HUMAN_OBSERVATION","Tauschia arguta"
3125038693,"Tauschia arguta",-116.37,32.89167,2006,5,19,"US","PRESERVED_SPECIMEN","Tauschia arguta"
2422401717,"Tauschia arguta",-116.845,32.84028,2003,4,24,"US","PRESERVED_SPECIMEN","Tauschia arguta"
3125163694,"Tauschia arguta",-116.7706,32.8528,2004,5,9,"US","PRESERVED_SPECIMEN","Tauschia arguta"
2610090338,"Tauschia arguta",-116.7497,32.875,2004,4,18,"US","PRESERVED_SPECIMEN","Tauschia arguta"
3125038690,"Tauschia arguta",-116.6255,32.873,2004,3,28,"US","PRESERVED_SPECIMEN","Tauschia arguta"
3858482186,"Tauschia arguta",-116.585792,32.870558,2022,6,2,"US","HUMAN_OBSERVATION","Tauschia arguta"
2422410839,"Tauschia arguta",-116.55167,32.84583,2001,5,10,"US","PRESERVED_SPECIMEN","Tauschia arguta"
3784751723,"Tauschia arguta",-116.520525,32.848804,2022,5,13,"US","HUMAN_OBSERVATION","Tauschia arguta"
3079919333,"Tauschia arguta",-116.46831,32.867297,2021,4,1,"US","HUMAN_OBSERVATION","Tauschia arguta"
3468989705,"Tauschia arguta",-116.340237,32.842141,2022,2,5,"US","HUMAN_OBSERVATION","Tauschia arguta"
2236870481,"Tauschia arguta",-116.319647,32.852917,2019,4,13,"US","HUMAN_OBSERVATION","Tauschia arguta"
1457642381,"Tauschia arguta",-117.045394,32.829608,2017,4,13,"US","HUMAN_OBSERVATION","Tauschia arguta"
2422411812,"Tauschia arguta",-116.81111,32.75556,2004,5,20,"US","PRESERVED_SPECIMEN","Tauschia arguta"
3079692616,"Tauschia arguta",-116.700517,32.760025,2021,4,3,"US","HUMAN_OBSERVATION","Tauschia arguta"
2634390191,"Tauschia arguta",-116.295914,32.776761,2017,2,16,"US","HUMAN_OBSERVATION","Tauschia arguta"
3125029698,"Tauschia arguta",-116.27083,32.76112,2012,5,8,"US","PRESERVED_SPECIMEN","Tauschia arguta"
3058942601,"Tauschia arguta",-116.180592,32.756448,2021,3,7,"US","HUMAN_OBSERVATION","Tauschia arguta"
3113474647,"Tauschia arguta",-116.76207,32.746242,2021,5,10,"US","HUMAN_OBSERVATION","Tauschia arguta"
3044629293,"Tauschia arguta",-116.721042,32.736502,2021,2,13,"US","HUMAN_OBSERVATION","Tauschia arguta"
3759057258,"Tauschia arguta",-116.669922,32.74855,2022,3,19,"US","HUMAN_OBSERVATION","Tauschia arguta"
3760385328,"Tauschia arguta",-116.666337,32.747887,2022,4,4,"US","HUMAN_OBSERVATION","Tauschia arguta"
3125033690,"Tauschia arguta",-116.50479,32.71585,2012,5,2,"US","PRESERVED_SPECIMEN","Tauschia arguta"
3760117455,"Tauschia arguta",-116.47608,32.732022,2022,4,17,"US","HUMAN_OBSERVATION","Tauschia arguta"
3772489977,"Tauschia arguta",-116.452304,32.747729,2022,4,30,"US","HUMAN_OBSERVATION","Tauschia arguta"
1571066397,"Tauschia arguta",-116.281619,32.729951,2017,2,21,"US","HUMAN_OBSERVATION","Tauschia arguta"
3125167702,"Tauschia arguta",-116.15469,32.72048,2011,4,22,"US","PRESERVED_SPECIMEN","Tauschia arguta"
2236273629,"Tauschia arguta",-116.543372,32.683888,2019,4,9,"US","HUMAN_OBSERVATION","Tauschia arguta"
3773712576,"Tauschia arguta",-116.503864,32.69144,2022,5,2,"US","HUMAN_OBSERVATION","Tauschia arguta"
3125166689,"Tauschia arguta",-116.4965,32.6944,2009,4,17,"US","PRESERVED_SPECIMEN","Tauschia arguta"
3125168697,"Tauschia arguta",-116.25865,32.70139,2011,6,17,"US","PRESERVED_SPECIMEN","Tauschia arguta"
2012980112,"Tauschia arguta",-116.848,32.634293,2019,3,2,"US","HUMAN_OBSERVATION","Tauschia arguta"
2422427905,"Tauschia arguta",-116.48222,32.65611,2005,5,11,"US","PRESERVED_SPECIMEN","Tauschia arguta"
3125164680,"Tauschia arguta",-116.21056,32.66472,2004,12,2,"US","PRESERVED_SPECIMEN","Tauschia arguta"
3963478319,"Tauschia arguta",-116.090928,32.634162,2022,11,6,"US","HUMAN_OBSERVATION","Tauschia arguta"
1453056907,"Tauschia arguta",-116.757826,32.587495,2015,5,9,"US","HUMAN_OBSERVATION","Tauschia arguta"
2422409392,"Tauschia arguta",-116.55667,32.61389,2001,4,20,"US","PRESERVED_SPECIMEN","Tauschia arguta"
2460111630,"Tauschia arguta",-116.518967,32.623397,2019,5,2,"US","HUMAN_OBSERVATION","Tauschia arguta"
3773337511,"Tauschia arguta",-116.466677,32.595015,2022,3,20,"US","HUMAN_OBSERVATION","Tauschia arguta"
3125167701,"Tauschia arguta",-116.40558,32.62176,2010,6,12,"US","PRESERVED_SPECIMEN","Tauschia arguta"
3125163696,"Tauschia arguta",-116.25266,32.6171,2009,4,12,"US","PRESERVED_SPECIMEN","Tauschia arguta"
2430134798,"Tauschia arguta",-116.09769,32.6234,2012,4,24,"US","PRESERVED_SPECIMEN","Tauschia arguta"
3125035683,"Tauschia arguta",-116.6743,32.5757,2013,4,10,"US","PRESERVED_SPECIMEN","Tauschia arguta"
4015336444,"Tauschia arguta",-116.034661,32.561663,2023,1,8,"MX","HUMAN_OBSERVATION","Tauschia arguta"
3747044391,"Tauschia arguta",-116.498358,32.518696,2021,4,29,"MX","HUMAN_OBSERVATION","Tauschia arguta"
2634114865,"Tauschia arguta",-116.423697,32.390236,2020,5,31,"MX","HUMAN_OBSERVATION","Tauschia arguta"
2629872147,"Tauschia arguta",-116.229753,32.411488,2013,3,30,"MX","PRESERVED_SPECIMEN","Tauschia arguta"
