"gbifID","species","longitude","latitude","year","month","day","countryCode","basisOfRecord","accepted_name"
3961115571,"Thamnosma texana",-112.989053,35.334317,2022,9,13,"US","HUMAN_OBSERVATION","Thamnosma texana"
2270558282,"Thamnosma texana",-113.784616,35.065946,2011,11,2,"US","PRESERVED_SPECIMEN","Thamnosma texana"
2572936939,"Thamnosma texana",-112.248016,34.9105,2011,6,25,"US","PRESERVED_SPECIMEN","Thamnosma texana"
2270574122,"Thamnosma texana",-112.132133,34.8905,2012,5,24,"US","PRESERVED_SPECIMEN","Thamnosma texana"
3747266260,"Thamnosma texana",-111.733613,34.893339,2022,3,24,"US","HUMAN_OBSERVATION","Thamnosma texana"
1890092026,"Thamnosma texana",-112.442131,34.86765,2017,5,14,"US","HUMAN_OBSERVATION","Thamnosma texana"
2270490045,"Thamnosma texana",-112.407631,34.870934,2013,5,6,"US","PRESERVED_SPECIMEN","Thamnosma texana"
3091240981,"Thamnosma texana",-111.8639966,34.8468567,2005,3,9,"US","PRESERVED_SPECIMEN","Thamnosma texana"
3091225720,"Thamnosma texana",-111.8416,34.81129,2017,4,6,"US","PRESERVED_SPECIMEN","Thamnosma texana"
3091218504,"Thamnosma texana",-111.832417,34.817444,2008,3,18,"US","PRESERVED_SPECIMEN","Thamnosma texana"
3091212745,"Thamnosma texana",-112.00009,34.76513,2015,4,10,"US","PRESERVED_SPECIMEN","Thamnosma texana"
3091190527,"Thamnosma texana",-111.825833,34.738056,2003,4,2,"US","PRESERVED_SPECIMEN","Thamnosma texana"
1928799841,"Thamnosma texana",-112.05153,34.68811,2012,8,11,"US","PRESERVED_SPECIMEN","Thamnosma texana"
2270495175,"Thamnosma texana",-111.884717,34.687221,2015,5,8,"US","PRESERVED_SPECIMEN","Thamnosma texana"
2270695449,"Thamnosma texana",-111.86,33.9881,2005,2,7,"US","PRESERVED_SPECIMEN","Thamnosma texana"
1846496880,"Thamnosma texana",-111.72675,33.981222,2005,2,28,"US","PRESERVED_SPECIMEN","Thamnosma texana"
3097303398,"Thamnosma texana",-106.070393,33.635629,2020,5,9,"US","HUMAN_OBSERVATION","Thamnosma texana"
4161538718,"Thamnosma texana",-110.7099,33.46885,2006,12,6,"US","PRESERVED_SPECIMEN","Thamnosma texana"
2283163558,"Thamnosma texana",-101.707684,33.24082,2019,6,15,"US","HUMAN_OBSERVATION","Thamnosma texana"
177044506,"Thamnosma texana",-108.102221,33.011721,2003,8,25,"US","PRESERVED_SPECIMEN","Thamnosma texana"
3395322719,"Thamnosma texana",-108.057563,32.981584,2003,8,25,"US","PRESERVED_SPECIMEN","Thamnosma texana"
1843910612,"Thamnosma texana",-104.18436,32.95979,2010,4,15,"US","PRESERVED_SPECIMEN","Thamnosma texana"
4121258879,"Thamnosma texana",-103.854295,32.961828,2023,5,19,"US","HUMAN_OBSERVATION","Thamnosma texana"
2236276610,"Thamnosma texana",-105.883605,32.955483,2019,4,9,"US","HUMAN_OBSERVATION","Thamnosma texana"
4067297827,"Thamnosma texana",-105.045714,32.876727,2023,3,12,"US","HUMAN_OBSERVATION","Thamnosma texana"
1843899058,"Thamnosma texana",-104.93247,32.86711,2007,4,19,"US","PRESERVED_SPECIMEN","Thamnosma texana"
1839206652,"Thamnosma texana",-107.236599,32.802279,2018,4,13,"US","HUMAN_OBSERVATION","Thamnosma texana"
2609092021,"Thamnosma texana",-101.58872,32.807097,2020,4,5,"US","HUMAN_OBSERVATION","Thamnosma texana"
1839206622,"Thamnosma texana",-107.135254,32.760182,2018,4,13,"US","HUMAN_OBSERVATION","Thamnosma texana"
1836691601,"Thamnosma texana",-102.225606,32.779448,2017,10,8,"US","HUMAN_OBSERVATION","Thamnosma texana"
3961129522,"Thamnosma texana",-110.629211,32.736361,2022,2,21,"US","HUMAN_OBSERVATION","Thamnosma texana"
3383945985,"Thamnosma texana",-104.83245,32.742217,2021,8,5,"US","HUMAN_OBSERVATION","Thamnosma texana"
1843917090,"Thamnosma texana",-103.577391,32.71899,2014,4,24,"US","PRESERVED_SPECIMEN","Thamnosma texana"
4076237986,"Thamnosma texana",-100.925483,32.678905,2023,3,21,"US","HUMAN_OBSERVATION","Thamnosma texana"
3044682522,"Thamnosma texana",-102.649097,32.647628,2020,5,7,"US","HUMAN_OBSERVATION","Thamnosma texana"
4129848318,"Thamnosma texana",-99.590958,32.62973,2021,5,3,"US","HUMAN_OBSERVATION","Thamnosma texana"
4129986336,"Thamnosma texana",-99.621978,32.618162,2021,4,30,"US","HUMAN_OBSERVATION","Thamnosma texana"
1889161587,"Thamnosma texana",-105.8505,32.5825,2005,10,1,"US","PRESERVED_SPECIMEN","Thamnosma texana"
2580103773,"Thamnosma texana",-104.364748,32.543998,2020,3,13,"US","HUMAN_OBSERVATION","Thamnosma texana"
2422432967,"Thamnosma texana",-105.59567,32.4875,2006,8,24,"US","PRESERVED_SPECIMEN","Thamnosma texana"
3455411521,"Thamnosma texana",-104.604122,32.440208,2021,12,9,"US","HUMAN_OBSERVATION","Thamnosma texana"
4067197225,"Thamnosma texana",-104.489483,32.448188,2023,3,18,"US","HUMAN_OBSERVATION","Thamnosma texana"
4096815683,"Thamnosma texana",-104.118926,32.42983,2023,4,18,"US","HUMAN_OBSERVATION","Thamnosma texana"
1802742974,"Thamnosma texana",-106.881,32.381,2012,3,17,"US","HUMAN_OBSERVATION","Thamnosma texana"
4458322766,"Thamnosma texana",-100.03622,32.380087,2023,3,19,"US","HUMAN_OBSERVATION","Thamnosma texana"
1890691197,"Thamnosma texana",-106.619909,32.370284,2018,8,4,"US","HUMAN_OBSERVATION","Thamnosma texana"
4067624752,"Thamnosma texana",-104.29066,32.372413,2023,3,11,"US","HUMAN_OBSERVATION","Thamnosma texana"
2012995618,"Thamnosma texana",-111.132385,32.326035,2019,3,3,"US","HUMAN_OBSERVATION","Thamnosma texana"
4075956377,"Thamnosma texana",-111.167606,32.282602,2023,3,17,"US","HUMAN_OBSERVATION","Thamnosma texana"
1703280128,"Thamnosma texana",-104.354717,32.28805,2010,5,5,"US","PRESERVED_SPECIMEN","Thamnosma texana"
2574090307,"Thamnosma texana",-111.034042,32.22565,2020,2,3,"US","HUMAN_OBSERVATION","Thamnosma texana"
2576407731,"Thamnosma texana",-110.716928,32.221103,2020,3,1,"US","HUMAN_OBSERVATION","Thamnosma texana"
2243012189,"Thamnosma texana",-110.703684,32.218685,2019,3,15,"US","HUMAN_OBSERVATION","Thamnosma texana"
4062708686,"Thamnosma texana",-104.335316,32.228326,2023,3,8,"US","HUMAN_OBSERVATION","Thamnosma texana"
3097390314,"Thamnosma texana",-101.495244,32.229262,2021,4,19,"US","HUMAN_OBSERVATION","Thamnosma texana"
2579218376,"Thamnosma texana",-111.135149,32.196718,2020,3,9,"US","HUMAN_OBSERVATION","Thamnosma texana"
4039202862,"Thamnosma texana",-110.720888,32.168842,2023,2,17,"US","HUMAN_OBSERVATION","Thamnosma texana"
3415648584,"Thamnosma texana",-110.46514,32.189174,2021,10,17,"US","HUMAN_OBSERVATION","Thamnosma texana"
1843899356,"Thamnosma texana",-108.98347,32.17131,2007,3,20,"US","PRESERVED_SPECIMEN","Thamnosma texana"
4063088322,"Thamnosma texana",-104.446507,32.174637,2019,11,30,"US","HUMAN_OBSERVATION","Thamnosma texana"
4067252032,"Thamnosma texana",-103.957257,32.187125,2023,3,17,"US","HUMAN_OBSERVATION","Thamnosma texana"
3044743368,"Thamnosma texana",-100.200279,32.182912,2019,3,27,"US","HUMAN_OBSERVATION","Thamnosma texana"
4075908232,"Thamnosma texana",-110.727653,32.163112,2023,3,30,"US","HUMAN_OBSERVATION","Thamnosma texana"
4116132913,"Thamnosma texana",-110.675431,32.141717,2023,5,9,"US","HUMAN_OBSERVATION","Thamnosma texana"
4161536741,"Thamnosma texana",-109.297879,32.129064,2015,3,11,"US","PRESERVED_SPECIMEN","Thamnosma texana"
1843905879,"Thamnosma texana",-103.35062,32.1558,2008,7,31,"US","PRESERVED_SPECIMEN","Thamnosma texana"
2242851312,"Thamnosma texana",-110.549705,32.120397,2019,2,28,"US","HUMAN_OBSERVATION","Thamnosma texana"
4062977105,"Thamnosma texana",-104.426558,32.120521,2023,3,11,"US","HUMAN_OBSERVATION","Thamnosma texana"
4076144511,"Thamnosma texana",-110.694926,32.061575,2023,4,1,"US","HUMAN_OBSERVATION","Thamnosma texana"
1571153057,"Thamnosma texana",-110.6358,32.062563,2015,3,31,"US","HUMAN_OBSERVATION","Thamnosma texana"
1843222246,"Thamnosma texana",-108.964667,32.056333,2004,5,2,"US","PRESERVED_SPECIMEN","Thamnosma texana"
1843891841,"Thamnosma texana",-107.578079,32.06676,2004,4,25,"US","PRESERVED_SPECIMEN","Thamnosma texana"
3456495964,"Thamnosma texana",-104.519464,32.046203,2021,11,8,"US","HUMAN_OBSERVATION","Thamnosma texana"
2596241506,"Thamnosma texana",-103.983437,32.006511,2020,3,20,"US","HUMAN_OBSERVATION","Thamnosma texana"
4465663686,"Thamnosma texana",-104.756834,31.993212,2023,11,22,"US","HUMAN_OBSERVATION","Thamnosma texana"
1802616635,"Thamnosma texana",-102.970151,31.980559,2017,3,30,"US","HUMAN_OBSERVATION","Thamnosma texana"
2270637526,"Thamnosma texana",-109.162,31.9226,2003,3,28,"US","PRESERVED_SPECIMEN","Thamnosma texana"
1802616627,"Thamnosma texana",-102.962745,31.928851,2017,3,30,"US","HUMAN_OBSERVATION","Thamnosma texana"
1802616633,"Thamnosma texana",-102.936749,31.953704,2017,3,30,"US","HUMAN_OBSERVATION","Thamnosma texana"
1891269370,"Thamnosma texana",-110.358777,31.835866,2018,3,4,"US","PRESERVED_SPECIMEN","Thamnosma texana"
3097331428,"Thamnosma texana",-109.971542,31.85342,2021,4,20,"US","HUMAN_OBSERVATION","Thamnosma texana"
4458349789,"Thamnosma texana",-106.50944,31.853193,2022,4,17,"US","HUMAN_OBSERVATION","Thamnosma texana"
4458338763,"Thamnosma texana",-106.470333,31.860118,2023,3,5,"US","HUMAN_OBSERVATION","Thamnosma texana"
3031936752,"Thamnosma texana",-110.398514,31.812714,2021,1,22,"US","HUMAN_OBSERVATION","Thamnosma texana"
3978735253,"Thamnosma texana",-100.56703,31.82673,2008,9,6,"US","PRESERVED_SPECIMEN","Thamnosma texana"
4518939393,"Thamnosma texana",-110.947467,31.673988,2013,6,9,"US","HUMAN_OBSERVATION","Thamnosma texana"
2807565261,"Thamnosma texana",-99.93533,31.68729,2016,3,31,"US","PRESERVED_SPECIMEN","Thamnosma texana"
3332391319,"Thamnosma texana",-99.71545,31.63216,2012,4,2,"US","PRESERVED_SPECIMEN","Thamnosma texana"
2580073924,"Thamnosma texana",-98.922982,31.657371,2018,9,25,"US","HUMAN_OBSERVATION","Thamnosma texana"
2807450504,"Thamnosma texana",-98.7565,31.65189,2016,4,4,"US","PRESERVED_SPECIMEN","Thamnosma texana"
2270614925,"Thamnosma texana",-110.145,31.5932,2003,5,7,"US","PRESERVED_SPECIMEN","Thamnosma texana"
1914239091,"Thamnosma texana",-98.924671,31.624448,2018,9,26,"US","HUMAN_OBSERVATION","Thamnosma texana"
2270695293,"Thamnosma texana",-109.508965,31.575367,2015,4,22,"US","PRESERVED_SPECIMEN","Thamnosma texana"
4403306320,"Thamnosma texana",-99.710278,31.55139,2000,6,24,"US","PRESERVED_SPECIMEN","Thamnosma texana"
2596284986,"Thamnosma texana",-100.500791,31.467063,2020,3,24,"US","HUMAN_OBSERVATION","Thamnosma texana"
3413520911,"Thamnosma texana",-100.472458,31.429501,2004,3,1,"US","PRESERVED_SPECIMEN","Thamnosma texana"
4458591476,"Thamnosma texana",-98.570877,31.449884,2021,5,9,"US","HUMAN_OBSERVATION","Thamnosma texana"
2963902321,"Thamnosma texana",-102.870055,31.388195,2019,4,5,"US","HUMAN_OBSERVATION","Thamnosma texana"
3762810322,"Thamnosma texana",-109.13649,31.36624,2021,3,2,"US","PRESERVED_SPECIMEN","Thamnosma texana"
4403434336,"Thamnosma texana",-109.09788,31.33597,2023,3,15,"US","PRESERVED_SPECIMEN","Thamnosma texana"
4153178821,"Thamnosma texana",-110.09,31.33,2005,3,16,"US","PRESERVED_SPECIMEN","Thamnosma texana"
4153178529,"Thamnosma texana",-109.55,31.32,2009,4,24,"MX","PRESERVED_SPECIMEN","Thamnosma texana"
2573824841,"Thamnosma texana",-102.185287,31.309687,2019,4,30,"US","HUMAN_OBSERVATION","Thamnosma texana"
1895930519,"Thamnosma texana",-109.823333,31.253611,2007,4,18,"MX","PRESERVED_SPECIMEN","Thamnosma texana"
2270545559,"Thamnosma texana",-109.61,31.24,2004,4,24,"MX","PRESERVED_SPECIMEN","Thamnosma texana"
1262372611,"Thamnosma texana",-101.979858,31.221815,2016,3,11,"US","HUMAN_OBSERVATION","Thamnosma texana"
2807436431,"Thamnosma texana",-99.76582,31.23254,2016,3,29,"US","PRESERVED_SPECIMEN","Thamnosma texana"
2807390768,"Thamnosma texana",-98.31427,31.23997,2008,4,26,"US","PRESERVED_SPECIMEN","Thamnosma texana"
3079822706,"Thamnosma texana",-100.731656,31.185744,2015,4,4,"US","HUMAN_OBSERVATION","Thamnosma texana"
2807411165,"Thamnosma texana",-99.39778,31.17593,2016,3,17,"US","PRESERVED_SPECIMEN","Thamnosma texana"
1611940771,"Thamnosma texana",-105.353667,31.126,2005,4,17,"US","PRESERVED_SPECIMEN","Thamnosma texana"
4131569581,"Thamnosma texana",-99.352611,31.086778,2010,4,24,"US","PRESERVED_SPECIMEN","Thamnosma texana"
2807283917,"Thamnosma texana",-102.89556,31.03933,2005,9,21,"US","PRESERVED_SPECIMEN","Thamnosma texana"
1930898514,"Thamnosma texana",-101.975,30.92,2004,4,21,"US","PRESERVED_SPECIMEN","Thamnosma texana"
4458336860,"Thamnosma texana",-100.132595,30.931483,2023,5,25,"US","HUMAN_OBSERVATION","Thamnosma texana"
3314234157,"Thamnosma texana",-99.556008,30.924563,2021,6,15,"US","HUMAN_OBSERVATION","Thamnosma texana"
3912304398,"Thamnosma texana",-97.990294,30.924407,2022,4,30,"US","HUMAN_OBSERVATION","Thamnosma texana"
4129699007,"Thamnosma texana",-97.805215,30.921752,2023,6,4,"US","HUMAN_OBSERVATION","Thamnosma texana"
1453486198,"Thamnosma texana",-102.636275,30.885938,2017,3,6,"US","HUMAN_OBSERVATION","Thamnosma texana"
1891269367,"Thamnosma texana",-101.7763,30.89034,2015,3,26,"US","PRESERVED_SPECIMEN","Thamnosma texana"
1257407748,"Thamnosma texana",-99.788805,30.910875,2012,2,19,"US","HUMAN_OBSERVATION","Thamnosma texana"
3760296262,"Thamnosma texana",-99.650989,30.907429,2022,4,7,"US","HUMAN_OBSERVATION","Thamnosma texana"
3325788133,"Thamnosma texana",-99.547728,30.907419,2021,6,15,"US","HUMAN_OBSERVATION","Thamnosma texana"
3772721503,"Thamnosma texana",-97.843458,30.878374,2022,2,13,"US","HUMAN_OBSERVATION","Thamnosma texana"
2807506839,"Thamnosma texana",-102.1,30.85,2001,4,13,"US","PRESERVED_SPECIMEN","Thamnosma texana"
3112435363,"Thamnosma texana",-100.040686,30.873922,2021,4,23,"US","HUMAN_OBSERVATION","Thamnosma texana"
1981529788,"Thamnosma texana",-99.20877,30.84064,2012,4,4,"US","PRESERVED_SPECIMEN","Thamnosma texana"
4080604553,"Thamnosma texana",-97.844913,30.869681,2023,3,25,"US","HUMAN_OBSERVATION","Thamnosma texana"
2807553398,"Thamnosma texana",-100.17624,30.8241,2015,6,3,"US","PRESERVED_SPECIMEN","Thamnosma texana"
3978737543,"Thamnosma texana",-99.22369,30.81978,2002,12,2,"US","PRESERVED_SPECIMEN","Thamnosma texana"
1262372341,"Thamnosma texana",-102.910598,30.743761,2016,3,11,"US","HUMAN_OBSERVATION","Thamnosma texana"
2807510314,"Thamnosma texana",-101.66667,30.73333,2002,4,21,"US","PRESERVED_SPECIMEN","Thamnosma texana"
3058884387,"Thamnosma texana",-98.88377,30.712272,2021,3,5,"US","HUMAN_OBSERVATION","Thamnosma texana"
1895930528,"Thamnosma texana",-109.521667,30.703611,2003,4,10,"MX","PRESERVED_SPECIMEN","Thamnosma texana"
4458592791,"Thamnosma texana",-101.671092,30.682643,2023,3,23,"US","HUMAN_OBSERVATION","Thamnosma texana"
3398742154,"Thamnosma texana",-98.012951,30.705704,2021,10,16,"US","HUMAN_OBSERVATION","Thamnosma texana"
3413523914,"Thamnosma texana",-103.956608,30.608075,2001,3,7,"US","PRESERVED_SPECIMEN","Thamnosma texana"
3044759372,"Thamnosma texana",-103.906566,30.597569,2019,4,3,"US","HUMAN_OBSERVATION","Thamnosma texana"
4080577786,"Thamnosma texana",-98.061767,30.612986,2023,4,5,"US","HUMAN_OBSERVATION","Thamnosma texana"
4009672049,"Thamnosma texana",-99.609378,30.5635,2003,3,23,"US","HUMAN_OBSERVATION","Thamnosma texana"
1668822106,"Thamnosma texana",-99.459503,30.576115,2017,9,11,"US","HUMAN_OBSERVATION","Thamnosma texana"
3746994896,"Thamnosma texana",-98.026229,30.559624,2022,3,20,"US","HUMAN_OBSERVATION","Thamnosma texana"
2580107174,"Thamnosma texana",-103.837495,30.540355,2020,3,13,"US","HUMAN_OBSERVATION","Thamnosma texana"
2807512470,"Thamnosma texana",-103.56667,30.53333,2000,3,23,"US","PRESERVED_SPECIMEN","Thamnosma texana"
4067663966,"Thamnosma texana",-98.073926,30.506508,2023,3,16,"US","HUMAN_OBSERVATION","Thamnosma texana"
4062941900,"Thamnosma texana",-98.018578,30.52155,2023,3,8,"US","HUMAN_OBSERVATION","Thamnosma texana"
2807405676,"Thamnosma texana",-101.78862,30.4862,2001,4,6,"US","PRESERVED_SPECIMEN","Thamnosma texana"
3773459315,"Thamnosma texana",-99.793975,30.469006,2022,5,8,"US","HUMAN_OBSERVATION","Thamnosma texana"
4458585755,"Thamnosma texana",-99.757889,30.476299,2023,2,12,"US","HUMAN_OBSERVATION","Thamnosma texana"
4067577505,"Thamnosma texana",-98.026752,30.46358,2023,3,10,"US","HUMAN_OBSERVATION","Thamnosma texana"
2626931448,"Thamnosma texana",-101.766667,30.458333,2003,4,29,"US","PRESERVED_SPECIMEN","Thamnosma texana"
2807285410,"Thamnosma texana",-100.20844,30.44478,2016,4,8,"US","PRESERVED_SPECIMEN","Thamnosma texana"
4046415126,"Thamnosma texana",-99.792825,30.445605,2023,2,25,"US","HUMAN_OBSERVATION","Thamnosma texana"
3499567302,"Thamnosma texana",-97.969746,30.420587,2022,2,16,"US","HUMAN_OBSERVATION","Thamnosma texana"
2596199896,"Thamnosma texana",-98.123961,30.385513,2020,3,31,"US","HUMAN_OBSERVATION","Thamnosma texana"
3866873667,"Thamnosma texana",-98.053972,30.38067,2019,6,12,"US","PRESERVED_SPECIMEN","Thamnosma texana"
4009671671,"Thamnosma texana",-97.981932,30.390481,2022,12,20,"US","HUMAN_OBSERVATION","Thamnosma texana"
3407916269,"Thamnosma texana",-97.94702,30.381936,2021,10,31,"US","HUMAN_OBSERVATION","Thamnosma texana"
3117758428,"Thamnosma texana",-97.896325,30.415969,2021,3,4,"US","HUMAN_OBSERVATION","Thamnosma texana"
3784981593,"Thamnosma texana",-98.135866,30.335809,2022,5,14,"US","HUMAN_OBSERVATION","Thamnosma texana"
3866884398,"Thamnosma texana",-98.056278,30.36733,2017,9,7,"US","PRESERVED_SPECIMEN","Thamnosma texana"
4091616297,"Thamnosma texana",-97.912078,30.342595,2023,4,15,"US","HUMAN_OBSERVATION","Thamnosma texana"
4516624136,"Thamnosma texana",-97.807808,30.354999,2023,3,3,"US","HUMAN_OBSERVATION","Thamnosma texana"
4041445389,"Thamnosma texana",-97.790444,30.36628,2018,3,22,"US","PRESERVED_SPECIMEN","Thamnosma texana"
2807543368,"Thamnosma texana",-102.43333,30.33333,2000,7,17,"US","PRESERVED_SPECIMEN","Thamnosma texana"
2807256960,"Thamnosma texana",-100.9,30.3,2001,3,25,"US","PRESERVED_SPECIMEN","Thamnosma texana"
4054898371,"Thamnosma texana",-98.198991,30.324723,2021,4,7,"US","HUMAN_OBSERVATION","Thamnosma texana"
4076311605,"Thamnosma texana",-98.070933,30.302903,2023,3,25,"US","HUMAN_OBSERVATION","Thamnosma texana"
4091668071,"Thamnosma texana",-97.890848,30.301876,2023,4,14,"US","HUMAN_OBSERVATION","Thamnosma texana"
2818747896,"Thamnosma texana",-97.872324,30.32295,2020,7,2,"US","HUMAN_OBSERVATION","Thamnosma texana"
4516168926,"Thamnosma texana",-97.820563,30.316705,2022,4,24,"US","HUMAN_OBSERVATION","Thamnosma texana"
3773498955,"Thamnosma texana",-97.773138,30.320367,2022,5,4,"US","HUMAN_OBSERVATION","Thamnosma texana"
2626938422,"Thamnosma texana",-102.35,30.283333,2005,4,20,"US","PRESERVED_SPECIMEN","Thamnosma texana"
3320836427,"Thamnosma texana",-100.574914,30.261517,2021,4,25,"US","HUMAN_OBSERVATION","Thamnosma texana"
4075829480,"Thamnosma texana",-97.898945,30.268272,2023,3,23,"US","HUMAN_OBSERVATION","Thamnosma texana"
4161984098,"Thamnosma texana",-97.852222,30.253603,2023,3,9,"US","HUMAN_OBSERVATION","Thamnosma texana"
2626924976,"Thamnosma texana",-103.366667,30.233333,2001,5,5,"US","PRESERVED_SPECIMEN","Thamnosma texana"
3759729321,"Thamnosma texana",-97.952791,30.240677,2022,4,8,"US","HUMAN_OBSERVATION","Thamnosma texana"
4067395505,"Thamnosma texana",-97.883685,30.232789,2023,3,9,"US","HUMAN_OBSERVATION","Thamnosma texana"
3772785060,"Thamnosma texana",-99.272258,30.188534,2022,4,30,"US","HUMAN_OBSERVATION","Thamnosma texana"
4054753092,"Thamnosma texana",-97.901232,30.201723,2023,3,5,"US","HUMAN_OBSERVATION","Thamnosma texana"
3978750183,"Thamnosma texana",-99.46011,30.121527,2005,5,21,"US","PRESERVED_SPECIMEN","Thamnosma texana"
3097331490,"Thamnosma texana",-103.515178,30.054672,2021,4,17,"US","HUMAN_OBSERVATION","Thamnosma texana"
4102828005,"Thamnosma texana",-99.32573,30.070331,2023,4,29,"US","HUMAN_OBSERVATION","Thamnosma texana"
4458330802,"Thamnosma texana",-103.460467,30.03075,2023,3,14,"US","HUMAN_OBSERVATION","Thamnosma texana"
4458589779,"Thamnosma texana",-99.570825,30.017564,2023,3,14,"US","HUMAN_OBSERVATION","Thamnosma texana"
4420692783,"Thamnosma texana",-98.066963,29.987647,2023,9,29,"US","HUMAN_OBSERVATION","Thamnosma texana"
3743300686,"Thamnosma texana",-100.076019,29.941406,2022,3,13,"US","HUMAN_OBSERVATION","Thamnosma texana"
4054761139,"Thamnosma texana",-98.646099,29.924278,2023,3,5,"US","HUMAN_OBSERVATION","Thamnosma texana"
3061590720,"Thamnosma texana",-98.444471,29.95781,2021,3,12,"US","HUMAN_OBSERVATION","Thamnosma texana"
4458586814,"Thamnosma texana",-98.184211,29.930673,2023,3,13,"US","HUMAN_OBSERVATION","Thamnosma texana"
4054789559,"Thamnosma texana",-98.030137,29.92782,2023,2,25,"US","HUMAN_OBSERVATION","Thamnosma texana"
4176947819,"Thamnosma texana",-104.27102,29.908158,2023,3,15,"US","HUMAN_OBSERVATION","Thamnosma texana"
3415508491,"Thamnosma texana",-102.336997,29.886579,2021,11,1,"US","HUMAN_OBSERVATION","Thamnosma texana"
4091874208,"Thamnosma texana",-100.350784,29.878047,2023,4,15,"US","HUMAN_OBSERVATION","Thamnosma texana"
4102890471,"Thamnosma texana",-98.826402,29.876799,2023,4,29,"US","HUMAN_OBSERVATION","Thamnosma texana"
3320892903,"Thamnosma texana",-98.646125,29.898742,2021,6,25,"US","HUMAN_OBSERVATION","Thamnosma texana"
4063010852,"Thamnosma texana",-98.481537,29.88003,2023,3,9,"US","HUMAN_OBSERVATION","Thamnosma texana"
4500557651,"Thamnosma texana",-98.250175,29.876422,2023,11,21,"US","HUMAN_OBSERVATION","Thamnosma texana"
4054929529,"Thamnosma texana",-98.245038,29.902446,2023,1,18,"US","HUMAN_OBSERVATION","Thamnosma texana"
4458607796,"Thamnosma texana",-98.158215,29.916243,2023,4,1,"US","HUMAN_OBSERVATION","Thamnosma texana"
3032130451,"Thamnosma texana",-100.338426,29.861973,2021,1,10,"US","HUMAN_OBSERVATION","Thamnosma texana"
3784995568,"Thamnosma texana",-100.324991,29.834073,2022,5,7,"US","HUMAN_OBSERVATION","Thamnosma texana"
4171641651,"Thamnosma texana",-100.114983,29.865108,2023,3,12,"US","HUMAN_OBSERVATION","Thamnosma texana"
4137747261,"Thamnosma texana",-98.76342,29.869008,2023,6,20,"US","HUMAN_OBSERVATION","Thamnosma texana"
2028447280,"Thamnosma texana",-98.71709,29.870341,2019,3,14,"US","HUMAN_OBSERVATION","Thamnosma texana"
3044640852,"Thamnosma texana",-98.584662,29.868912,2021,1,31,"US","HUMAN_OBSERVATION","Thamnosma texana"
4054830323,"Thamnosma texana",-98.543239,29.871196,2020,3,18,"US","HUMAN_OBSERVATION","Thamnosma texana"
3321150415,"Thamnosma texana",-98.50396,29.85761,2021,4,2,"US","HUMAN_OBSERVATION","Thamnosma texana"
4054732560,"Thamnosma texana",-98.484535,29.874084,2023,2,21,"US","HUMAN_OBSERVATION","Thamnosma texana"
4102735233,"Thamnosma texana",-98.402311,29.873296,2023,4,28,"US","HUMAN_OBSERVATION","Thamnosma texana"
4067474479,"Thamnosma texana",-98.352591,29.865609,2023,3,20,"US","HUMAN_OBSERVATION","Thamnosma texana"
2626153140,"Thamnosma texana",-98.27755,29.872586,2020,5,11,"US","HUMAN_OBSERVATION","Thamnosma texana"
4028655266,"Thamnosma texana",-98.188292,29.862526,2023,1,14,"US","HUMAN_OBSERVATION","Thamnosma texana"
3866888461,"Thamnosma texana",-101.51422,29.81133,2017,9,13,"US","PRESERVED_SPECIMEN","Thamnosma texana"
3784808588,"Thamnosma texana",-100.326419,29.831018,2022,5,7,"US","HUMAN_OBSERVATION","Thamnosma texana"
1088945921,"Thamnosma texana",-99.57728,29.823531,2015,4,5,"US","HUMAN_OBSERVATION","Thamnosma texana"
4080638033,"Thamnosma texana",-98.58072,29.823172,2023,4,7,"US","HUMAN_OBSERVATION","Thamnosma texana"
2580267390,"Thamnosma texana",-98.387253,29.815195,2020,3,13,"US","HUMAN_OBSERVATION","Thamnosma texana"
4054785610,"Thamnosma texana",-98.357963,29.828647,2023,2,25,"US","HUMAN_OBSERVATION","Thamnosma texana"
4003256673,"Thamnosma texana",-98.309167,29.82694,2022,4,18,"US","PRESERVED_SPECIMEN","Thamnosma texana"
3070646984,"Thamnosma texana",-101.003723,29.782888,2021,3,27,"US","HUMAN_OBSERVATION","Thamnosma texana"
4080456038,"Thamnosma texana",-100.993147,29.781608,2023,4,2,"US","HUMAN_OBSERVATION","Thamnosma texana"
2988710839,"Thamnosma texana",-99.212209,29.786096,2020,11,22,"US","HUMAN_OBSERVATION","Thamnosma texana"
3455819213,"Thamnosma texana",-98.956611,29.763368,2022,1,10,"US","HUMAN_OBSERVATION","Thamnosma texana"
2580175268,"Thamnosma texana",-98.875881,29.785089,2020,3,12,"US","HUMAN_OBSERVATION","Thamnosma texana"
3960998471,"Thamnosma texana",-98.584175,29.775863,2022,5,3,"US","HUMAN_OBSERVATION","Thamnosma texana"
2580241939,"Thamnosma texana",-98.507431,29.759559,2020,3,17,"US","HUMAN_OBSERVATION","Thamnosma texana"
3902195560,"Thamnosma texana",-98.123222,29.754555,2022,2,2,"US","HUMAN_OBSERVATION","Thamnosma texana"
1836628181,"Thamnosma texana",-99.75933,29.725236,2018,3,13,"US","HUMAN_OBSERVATION","Thamnosma texana"
4111618543,"Thamnosma texana",-98.840294,29.741157,2023,4,29,"US","HUMAN_OBSERVATION","Thamnosma texana"
1836631274,"Thamnosma texana",-98.689499,29.714159,2018,3,14,"US","HUMAN_OBSERVATION","Thamnosma texana"
2580133506,"Thamnosma texana",-98.562144,29.743324,2020,3,15,"US","HUMAN_OBSERVATION","Thamnosma texana"
4111642445,"Thamnosma texana",-98.537985,29.744938,2023,3,5,"US","HUMAN_OBSERVATION","Thamnosma texana"
3044891241,"Thamnosma texana",-98.471919,29.72948,2021,2,25,"US","HUMAN_OBSERVATION","Thamnosma texana"
2596078257,"Thamnosma texana",-98.43755,29.746977,2020,3,19,"US","HUMAN_OBSERVATION","Thamnosma texana"
3032035357,"Thamnosma texana",-98.405367,29.717682,2021,1,20,"US","HUMAN_OBSERVATION","Thamnosma texana"
3061751006,"Thamnosma texana",-101.350533,29.704553,2021,3,12,"US","HUMAN_OBSERVATION","Thamnosma texana"
2596333291,"Thamnosma texana",-101.318673,29.693892,2020,3,8,"US","HUMAN_OBSERVATION","Thamnosma texana"
2807513327,"Thamnosma texana",-100.99892,29.671,2012,4,10,"US","PRESERVED_SPECIMEN","Thamnosma texana"
2580251551,"Thamnosma texana",-99.725297,29.686078,2020,3,14,"US","HUMAN_OBSERVATION","Thamnosma texana"
3112493747,"Thamnosma texana",-98.75725,29.668095,2021,5,2,"US","HUMAN_OBSERVATION","Thamnosma texana"
2901673078,"Thamnosma texana",-98.587308,29.684921,2020,10,19,"US","HUMAN_OBSERVATION","Thamnosma texana"
3112452608,"Thamnosma texana",-98.428363,29.679395,2021,5,1,"US","HUMAN_OBSERVATION","Thamnosma texana"
3320878416,"Thamnosma texana",-98.343387,29.67723,2021,3,12,"US","HUMAN_OBSERVATION","Thamnosma texana"
3866884446,"Thamnosma texana",-100.98969,29.62511,2016,9,17,"US","PRESERVED_SPECIMEN","Thamnosma texana"
3044721472,"Thamnosma texana",-99.213468,29.633792,2020,3,12,"US","HUMAN_OBSERVATION","Thamnosma texana"
4055032200,"Thamnosma texana",-99.192192,29.63505,2023,3,6,"US","HUMAN_OBSERVATION","Thamnosma texana"
3112564765,"Thamnosma texana",-98.75753,29.653661,2021,5,2,"US","HUMAN_OBSERVATION","Thamnosma texana"
4046506163,"Thamnosma texana",-98.643428,29.635589,2023,2,26,"US","HUMAN_OBSERVATION","Thamnosma texana"
4111669039,"Thamnosma texana",-98.33572,29.661972,2023,5,3,"US","HUMAN_OBSERVATION","Thamnosma texana"
4067143891,"Thamnosma texana",-103.876392,29.584879,2023,3,15,"US","HUMAN_OBSERVATION","Thamnosma texana"
3320851419,"Thamnosma texana",-103.141839,29.620664,2021,3,14,"US","HUMAN_OBSERVATION","Thamnosma texana"
3988602644,"Thamnosma texana",-103.060317,29.615714,2022,11,22,"US","HUMAN_OBSERVATION","Thamnosma texana"
4458585771,"Thamnosma texana",-99.1814,29.623033,2023,3,6,"US","HUMAN_OBSERVATION","Thamnosma texana"
4458359824,"Thamnosma texana",-98.888161,29.587806,2023,3,11,"US","HUMAN_OBSERVATION","Thamnosma texana"
3902306611,"Thamnosma texana",-98.856415,29.616277,2022,8,20,"US","HUMAN_OBSERVATION","Thamnosma texana"
4046693232,"Thamnosma texana",-98.816736,29.62279,2023,2,25,"US","HUMAN_OBSERVATION","Thamnosma texana"
3031783225,"Thamnosma texana",-98.675158,29.620061,2021,1,19,"US","HUMAN_OBSERVATION","Thamnosma texana"
3747240839,"Thamnosma texana",-98.659943,29.595458,2022,3,20,"US","HUMAN_OBSERVATION","Thamnosma texana"
3698248910,"Thamnosma texana",-98.687241,29.555367,2022,2,21,"US","HUMAN_OBSERVATION","Thamnosma texana"
3712746237,"Thamnosma texana",-98.634337,29.547518,2022,3,9,"US","HUMAN_OBSERVATION","Thamnosma texana"
1841275397,"Thamnosma texana",-98.422857,29.570098,2018,4,30,"US","HUMAN_OBSERVATION","Thamnosma texana"
3112437064,"Thamnosma texana",-100.907472,29.510837,2021,4,14,"US","HUMAN_OBSERVATION","Thamnosma texana"
2618324460,"Thamnosma texana",-98.705533,29.519583,2004,3,16,"US","PRESERVED_SPECIMEN","Thamnosma texana"
4458596779,"Thamnosma texana",-98.559841,29.50871,2023,3,7,"US","HUMAN_OBSERVATION","Thamnosma texana"
2549971637,"Thamnosma texana",-98.444269,29.505479,2019,4,28,"US","HUMAN_OBSERVATION","Thamnosma texana"
2550010547,"Thamnosma texana",-104.041206,29.480687,2019,4,2,"US","HUMAN_OBSERVATION","Thamnosma texana"
2807254719,"Thamnosma texana",-102.85417,29.475,2003,9,29,"US","PRESERVED_SPECIMEN","Thamnosma texana"
1838067968,"Thamnosma texana",-101.0454,29.494138,2018,4,5,"US","HUMAN_OBSERVATION","Thamnosma texana"
2807507138,"Thamnosma texana",-100.98927,29.47406,2003,3,26,"US","PRESERVED_SPECIMEN","Thamnosma texana"
2596268520,"Thamnosma texana",-100.953252,29.466906,2020,3,20,"US","HUMAN_OBSERVATION","Thamnosma texana"
1836578266,"Thamnosma texana",-100.603611,29.474996,2018,3,4,"US","HUMAN_OBSERVATION","Thamnosma texana"
1831101138,"Thamnosma texana",-98.787383,29.462641,2018,3,1,"US","HUMAN_OBSERVATION","Thamnosma texana"
3014009146,"Thamnosma texana",-98.665234,29.495546,2020,12,30,"US","HUMAN_OBSERVATION","Thamnosma texana"
1500204233,"Thamnosma texana",-103.392617,29.4518,2015,5,28,"US","PRESERVED_SPECIMEN","Thamnosma texana"
1838031927,"Thamnosma texana",-100.939202,29.457515,2018,4,5,"US","HUMAN_OBSERVATION","Thamnosma texana"
2251833249,"Thamnosma texana",-99.187394,29.454411,2019,4,19,"US","HUMAN_OBSERVATION","Thamnosma texana"
2331828334,"Thamnosma texana",-98.591971,29.438621,2019,4,14,"US","HUMAN_OBSERVATION","Thamnosma texana"
1837076109,"Thamnosma texana",-98.52428,29.443454,2018,3,25,"US","HUMAN_OBSERVATION","Thamnosma texana"
1978811482,"Thamnosma texana",-100.712504,29.382368,2018,4,8,"US","HUMAN_OBSERVATION","Thamnosma texana"
2802722191,"Thamnosma texana",-98.40998,29.414532,2020,6,16,"US","HUMAN_OBSERVATION","Thamnosma texana"
3969668216,"Thamnosma texana",-103.66685,29.341083,2005,3,25,"US","PRESERVED_SPECIMEN","Thamnosma texana"
3969694431,"Thamnosma texana",-103.663333,29.339283,2005,10,29,"US","PRESERVED_SPECIMEN","Thamnosma texana"
1990557132,"Thamnosma texana",-99.887442,29.337349,2014,10,18,"US","HUMAN_OBSERVATION","Thamnosma texana"
3978750210,"Thamnosma texana",-98.00654,29.35013,2008,4,26,"US","PRESERVED_SPECIMEN","Thamnosma texana"
3969899881,"Thamnosma texana",-103.6395,29.304683,2006,4,8,"US","PRESERVED_SPECIMEN","Thamnosma texana"
3044628359,"Thamnosma texana",-103.178297,29.305736,2019,3,16,"US","HUMAN_OBSERVATION","Thamnosma texana"
1453422391,"Thamnosma texana",-98.477705,29.328636,2017,2,12,"US","HUMAN_OBSERVATION","Thamnosma texana"
2807592995,"Thamnosma texana",-98.45389,29.32306,2002,3,20,"US","PRESERVED_SPECIMEN","Thamnosma texana"
3466011896,"Thamnosma texana",-103.133975,29.26735,2022,2,2,"US","HUMAN_OBSERVATION","Thamnosma texana"
4009867912,"Thamnosma texana",-103.077819,29.259593,2022,4,7,"US","HUMAN_OBSERVATION","Thamnosma texana"
3070371597,"Thamnosma texana",-103.010597,29.256568,2021,3,13,"US","HUMAN_OBSERVATION","Thamnosma texana"
1838069036,"Thamnosma texana",-100.651208,29.266248,2018,4,8,"US","HUMAN_OBSERVATION","Thamnosma texana"
2611289980,"Thamnosma texana",-98.578886,29.263894,2020,4,24,"US","HUMAN_OBSERVATION","Thamnosma texana"
4067398620,"Thamnosma texana",-103.753273,29.238393,2023,3,16,"US","HUMAN_OBSERVATION","Thamnosma texana"
3109249007,"Thamnosma texana",-103.651205,29.226087,2021,4,23,"US","HUMAN_OBSERVATION","Thamnosma texana"
3061812639,"Thamnosma texana",-103.070684,29.242253,2021,3,16,"US","HUMAN_OBSERVATION","Thamnosma texana"
3764333639,"Thamnosma texana",-102.933602,29.21921,2022,3,28,"US","HUMAN_OBSERVATION","Thamnosma texana"
3759145098,"Thamnosma texana",-100.73718,29.228977,2022,3,27,"US","HUMAN_OBSERVATION","Thamnosma texana"
3127512305,"Thamnosma texana",-99.51318,29.23498,2012,4,6,"US","PRESERVED_SPECIMEN","Thamnosma texana"
3969694516,"Thamnosma texana",-99.468117,29.21855,2004,3,16,"US","PRESERVED_SPECIMEN","Thamnosma texana"
3090579153,"Thamnosma texana",-98.566158,29.213977,2021,4,7,"US","HUMAN_OBSERVATION","Thamnosma texana"
2006028824,"Thamnosma texana",-98.509901,29.248857,2018,4,29,"US","HUMAN_OBSERVATION","Thamnosma texana"
3966603428,"Thamnosma texana",-103.003471,29.185227,2022,3,26,"US","HUMAN_OBSERVATION","Thamnosma texana"
3457145714,"Thamnosma texana",-102.928808,29.203036,2021,12,30,"US","HUMAN_OBSERVATION","Thamnosma texana"
4126922386,"Thamnosma texana",-102.915017,29.201462,2023,5,17,"US","HUMAN_OBSERVATION","Thamnosma texana"
2807186385,"Thamnosma texana",-100.65,29.13333,2000,11,28,"US","PRESERVED_SPECIMEN","Thamnosma texana"
2807616693,"Thamnosma texana",-98.16694,29.09389,2002,3,25,"US","PRESERVED_SPECIMEN","Thamnosma texana"
4028856931,"Thamnosma texana",-99.202314,28.942399,2023,1,30,"US","HUMAN_OBSERVATION","Thamnosma texana"
3712654586,"Thamnosma texana",-99.077217,28.930557,2022,3,5,"US","HUMAN_OBSERVATION","Thamnosma texana"
4458435326,"Thamnosma texana",-98.008905,28.938491,2014,3,13,"US","HUMAN_OBSERVATION","Thamnosma texana"
2012963945,"Thamnosma texana",-98.219597,28.603162,2019,3,1,"US","HUMAN_OBSERVATION","Thamnosma texana"
3343749419,"Thamnosma texana",-97.827545,28.545462,2021,2,10,"US","HUMAN_OBSERVATION","Thamnosma texana"
4054956704,"Thamnosma texana",-98.253915,28.471366,2023,2,25,"US","HUMAN_OBSERVATION","Thamnosma texana"
2006076764,"Thamnosma texana",-97.754524,28.447779,2019,2,25,"US","HUMAN_OBSERVATION","Thamnosma texana"
4091443569,"Thamnosma texana",-98.103506,28.181597,2023,4,12,"US","HUMAN_OBSERVATION","Thamnosma texana"
4458597745,"Thamnosma texana",-98.706399,28.101344,2023,1,25,"US","HUMAN_OBSERVATION","Thamnosma texana"
2807223950,"Thamnosma texana",-98.02333,28.09058,2007,3,22,"US","PRESERVED_SPECIMEN","Thamnosma texana"
4080638781,"Thamnosma texana",-100.05705,28.081754,2023,4,3,"MX","HUMAN_OBSERVATION","Thamnosma texana"
2234783323,"Thamnosma texana",-98.026986,27.8812,2019,3,19,"US","HUMAN_OBSERVATION","Thamnosma texana"
3044588502,"Thamnosma texana",-97.985118,27.882868,2020,4,28,"US","HUMAN_OBSERVATION","Thamnosma texana"
3079733765,"Thamnosma texana",-98.505705,27.859997,2020,1,18,"US","HUMAN_OBSERVATION","Thamnosma texana"
2596162948,"Thamnosma texana",-98.209253,27.659583,2020,3,31,"US","HUMAN_OBSERVATION","Thamnosma texana"
1836606305,"Thamnosma texana",-99.435968,27.53301,2018,3,9,"US","HUMAN_OBSERVATION","Thamnosma texana"
2807639803,"Thamnosma texana",-98.98128,27.33108,2004,3,17,"US","PRESERVED_SPECIMEN","Thamnosma texana"
2807614095,"Thamnosma texana",-98.90944,27.21975,2013,10,30,"US","PRESERVED_SPECIMEN","Thamnosma texana"
4080678723,"Thamnosma texana",-100.511492,27.006302,2023,4,1,"MX","HUMAN_OBSERVATION","Thamnosma texana"
2807372182,"Thamnosma texana",-99.25292,26.87425,2007,3,26,"US","PRESERVED_SPECIMEN","Thamnosma texana"
2006040679,"Thamnosma texana",-100.014069,26.791796,2019,2,19,"MX","HUMAN_OBSERVATION","Thamnosma texana"
3859734542,"Thamnosma texana",-99.792584,26.800061,2020,8,7,"MX","HUMAN_OBSERVATION","Thamnosma texana"
4458436404,"Thamnosma texana",-98.600295,26.798694,2023,3,13,"US","HUMAN_OBSERVATION","Thamnosma texana"
3070336112,"Thamnosma texana",-98.976429,26.647604,2019,1,27,"US","HUMAN_OBSERVATION","Thamnosma texana"
4442397280,"Thamnosma texana",-99.150734,26.585346,2023,11,13,"US","HUMAN_OBSERVATION","Thamnosma texana"
4028795784,"Thamnosma texana",-99.14685,26.582478,2023,1,25,"US","HUMAN_OBSERVATION","Thamnosma texana"
4102822680,"Thamnosma texana",-99.107369,26.536817,2023,4,28,"US","HUMAN_OBSERVATION","Thamnosma texana"
4046740264,"Thamnosma texana",-98.313876,26.514124,2023,2,26,"US","HUMAN_OBSERVATION","Thamnosma texana"
2807469955,"Thamnosma texana",-99.09303,26.48994,2004,3,26,"US","PRESERVED_SPECIMEN","Thamnosma texana"
3866883641,"Thamnosma texana",-99.526389,26.44917,2010,3,18,"MX","PRESERVED_SPECIMEN","Thamnosma texana"
4096493693,"Thamnosma texana",-98.988627,26.418319,2023,4,13,"US","HUMAN_OBSERVATION","Thamnosma texana"
3070585136,"Thamnosma texana",-99.189969,26.403961,2020,10,24,"US","HUMAN_OBSERVATION","Thamnosma texana"
3058970607,"Thamnosma texana",-98.741349,26.397749,2021,3,7,"US","HUMAN_OBSERVATION","Thamnosma texana"
4029174382,"Thamnosma texana",-98.731105,26.348002,2023,1,25,"US","HUMAN_OBSERVATION","Thamnosma texana"
2859972822,"Thamnosma texana",-98.647491,26.343521,2020,8,29,"US","HUMAN_OBSERVATION","Thamnosma texana"
3772851545,"Thamnosma texana",-98.668651,26.309089,2022,5,1,"US","HUMAN_OBSERVATION","Thamnosma texana"
4021983187,"Thamnosma texana",-98.479193,26.286713,2023,1,19,"US","HUMAN_OBSERVATION","Thamnosma texana"
3112850389,"Thamnosma texana",-97.562684,26.266852,2021,5,1,"US","HUMAN_OBSERVATION","Thamnosma texana"
3468816713,"Thamnosma texana",-98.783242,26.223792,2022,2,2,"US","HUMAN_OBSERVATION","Thamnosma texana"
1841288850,"Thamnosma texana",-98.701047,26.248406,2018,4,30,"US","HUMAN_OBSERVATION","Thamnosma texana"
3058808822,"Thamnosma texana",-98.618245,26.234882,2021,3,4,"US","HUMAN_OBSERVATION","Thamnosma texana"
4510351906,"Thamnosma texana",-100.026315,25.967583,2015,2,22,"MX","HUMAN_OBSERVATION","Thamnosma texana"
4500515590,"Thamnosma texana",-100.359005,25.866115,2014,8,2,"MX","HUMAN_OBSERVATION","Thamnosma texana"
4046214764,"Thamnosma texana",-100.450063,25.765764,2023,2,18,"MX","HUMAN_OBSERVATION","Thamnosma texana"
3888897883,"Thamnosma texana",-100.142644,25.694444,2022,5,5,"MX","HUMAN_OBSERVATION","Thamnosma texana"
2239046683,"Thamnosma texana",-100.459404,25.626419,2019,4,28,"MX","HUMAN_OBSERVATION","Thamnosma texana"
3902122253,"Thamnosma texana",-100.202583,25.640118,2022,4,29,"MX","HUMAN_OBSERVATION","Thamnosma texana"
2005338837,"Thamnosma texana",-100.097847,25.613625,2019,2,14,"MX","HUMAN_OBSERVATION","Thamnosma texana"
1894423792,"Thamnosma texana",-100.384722,25.492222,2005,3,31,"MX","PRESERVED_SPECIMEN","Thamnosma texana"
1455571091,"Thamnosma texana",-100.985302,25.241472,2017,3,23,"MX","HUMAN_OBSERVATION","Thamnosma texana"
4039244760,"Thamnosma texana",-100.683689,25.24489,2022,9,3,"MX","HUMAN_OBSERVATION","Thamnosma texana"
1261045819,"Thamnosma texana",-100.07,24.82,2000,7,8,"MX","PRESERVED_SPECIMEN","Thamnosma texana"
