"gbifID","species","longitude","latitude","year","month","day","countryCode","basisOfRecord","accepted_name"
2545467617,"Thamnosma montana",-114.863037,37.634605,2013,5,9,"US","HUMAN_OBSERVATION","Thamnosma montana"
2422477836,"Thamnosma montana",-113.88897,37.27011,2010,4,7,"US","PRESERVED_SPECIMEN","Thamnosma montana"
2825647156,"Thamnosma montana",-113.52,37.28,2006,3,15,"US","PRESERVED_SPECIMEN","Thamnosma montana"
2545499630,"Thamnosma montana",-113.487801,37.262531,2011,11,8,"US","HUMAN_OBSERVATION","Thamnosma montana"
3112527391,"Thamnosma montana",-114.31941,37.209512,2021,1,14,"US","HUMAN_OBSERVATION","Thamnosma montana"
3068013549,"Thamnosma montana",-113.643844,37.236827,2021,3,19,"US","HUMAN_OBSERVATION","Thamnosma montana"
2294421588,"Thamnosma montana",-114.212988,37.175942,2019,6,3,"US","HUMAN_OBSERVATION","Thamnosma montana"
4011631970,"Thamnosma montana",-113.776096,37.17088,2022,4,26,"US","HUMAN_OBSERVATION","Thamnosma montana"
3044783819,"Thamnosma montana",-114.343999,37.148913,2021,1,14,"US","HUMAN_OBSERVATION","Thamnosma montana"
3456816369,"Thamnosma montana",-114.01816,37.15235,2020,3,21,"US","HUMAN_OBSERVATION","Thamnosma montana"
2609145882,"Thamnosma montana",-113.90815,37.146031,2020,4,19,"US","HUMAN_OBSERVATION","Thamnosma montana"
2580134801,"Thamnosma montana",-117.629219,37.122628,2020,3,15,"US","HUMAN_OBSERVATION","Thamnosma montana"
3031990395,"Thamnosma montana",-114.355192,37.083779,2021,1,14,"US","HUMAN_OBSERVATION","Thamnosma montana"
2596236694,"Thamnosma montana",-113.934479,37.098643,2020,3,21,"US","HUMAN_OBSERVATION","Thamnosma montana"
3456016520,"Thamnosma montana",-113.84328,37.09344,2021,4,3,"US","HUMAN_OBSERVATION","Thamnosma montana"
2423118959,"Thamnosma montana",-117.400392,37.071678,2019,4,6,"US","HUMAN_OBSERVATION","Thamnosma montana"
2597884736,"Thamnosma montana",-114.026629,37.061985,2019,4,22,"US","HUMAN_OBSERVATION","Thamnosma montana"
1562941065,"Thamnosma montana",-113.920288,37.067161,2017,5,14,"US","HUMAN_OBSERVATION","Thamnosma montana"
3712692073,"Thamnosma montana",-113.912222,37.0675,2022,3,6,"US","HUMAN_OBSERVATION","Thamnosma montana"
2429320227,"Thamnosma montana",-114.247369,37.035315,2019,9,29,"US","HUMAN_OBSERVATION","Thamnosma montana"
4029096431,"Thamnosma montana",-113.891372,37.017958,2023,2,4,"US","HUMAN_OBSERVATION","Thamnosma montana"
3068369362,"Thamnosma montana",-114.38125,36.975472,2015,5,19,"US","PRESERVED_SPECIMEN","Thamnosma montana"
3058898444,"Thamnosma montana",-114.365717,36.978548,2021,2,2,"US","HUMAN_OBSERVATION","Thamnosma montana"
2429320457,"Thamnosma montana",-114.291757,36.959235,2019,9,28,"US","HUMAN_OBSERVATION","Thamnosma montana"
3079672190,"Thamnosma montana",-114.290358,36.960903,2021,3,23,"US","HUMAN_OBSERVATION","Thamnosma montana"
3705455415,"Thamnosma montana",-113.800462,36.9665,2020,4,18,"US","HUMAN_OBSERVATION","Thamnosma montana"
1846552386,"Thamnosma montana",-111.789827,36.999217,2012,10,15,"US","PRESERVED_SPECIMEN","Thamnosma montana"
2873947077,"Thamnosma montana",-114.283417,36.956562,2020,9,9,"US","HUMAN_OBSERVATION","Thamnosma montana"
3079536272,"Thamnosma montana",-113.861888,36.920873,2021,3,27,"US","HUMAN_OBSERVATION","Thamnosma montana"
2576381130,"Thamnosma montana",-113.800685,36.955386,2020,3,5,"US","HUMAN_OBSERVATION","Thamnosma montana"
1838016805,"Thamnosma montana",-117.968445,36.892801,2018,3,20,"US","HUMAN_OBSERVATION","Thamnosma montana"
1831134598,"Thamnosma montana",-116.92612,36.89171,2016,3,3,"US","HUMAN_OBSERVATION","Thamnosma montana"
2422484808,"Thamnosma montana",-114.41444,36.89417,2013,2,19,"US","PRESERVED_SPECIMEN","Thamnosma montana"
2429319259,"Thamnosma montana",-114.345535,36.892859,2019,9,28,"US","HUMAN_OBSERVATION","Thamnosma montana"
3966589151,"Thamnosma montana",-114.330761,36.901449,2022,11,9,"US","HUMAN_OBSERVATION","Thamnosma montana"
1838014348,"Thamnosma montana",-113.920243,36.894977,2018,4,5,"US","HUMAN_OBSERVATION","Thamnosma montana"
3091246235,"Thamnosma montana",-111.612256,36.914999,2012,10,13,"US","PRESERVED_SPECIMEN","Thamnosma montana"
3858290937,"Thamnosma montana",-111.510353,36.880855,2022,3,27,"US","HUMAN_OBSERVATION","Thamnosma montana"
3712633592,"Thamnosma montana",-117.060455,36.848288,2022,2,28,"US","HUMAN_OBSERVATION","Thamnosma montana"
2576400008,"Thamnosma montana",-117.040918,36.836376,2020,3,3,"US","HUMAN_OBSERVATION","Thamnosma montana"
3109160296,"Thamnosma montana",-114.443817,36.837116,2021,4,15,"US","HUMAN_OBSERVATION","Thamnosma montana"
3705453461,"Thamnosma montana",-114.181921,36.841647,2017,3,9,"US","HUMAN_OBSERVATION","Thamnosma montana"
1846548430,"Thamnosma montana",-111.681425,36.839667,2012,8,2,"US","PRESERVED_SPECIMEN","Thamnosma montana"
1846552379,"Thamnosma montana",-111.633194,36.866256,2013,5,9,"US","PRESERVED_SPECIMEN","Thamnosma montana"
3091268999,"Thamnosma montana",-111.570556,36.843333,2000,5,28,"US","PRESERVED_SPECIMEN","Thamnosma montana"
3759184290,"Thamnosma montana",-111.509008,36.838657,2022,3,28,"US","HUMAN_OBSERVATION","Thamnosma montana"
3109045279,"Thamnosma montana",-114.451103,36.816198,2021,4,15,"US","HUMAN_OBSERVATION","Thamnosma montana"
2236272805,"Thamnosma montana",-114.204453,36.821873,2019,3,21,"US","HUMAN_OBSERVATION","Thamnosma montana"
3112728432,"Thamnosma montana",-114.070416,36.813196,2021,4,19,"US","HUMAN_OBSERVATION","Thamnosma montana"
3091202338,"Thamnosma montana",-113.934131,36.7972,2016,4,2,"US","PRESERVED_SPECIMEN","Thamnosma montana"
3743057345,"Thamnosma montana",-117.00395,36.769947,2021,1,15,"US","HUMAN_OBSERVATION","Thamnosma montana"
2609237680,"Thamnosma montana",-116.935936,36.750317,2020,4,18,"US","HUMAN_OBSERVATION","Thamnosma montana"
3112355526,"Thamnosma montana",-114.88745,36.78748,2021,4,29,"US","HUMAN_OBSERVATION","Thamnosma montana"
4029006423,"Thamnosma montana",-114.428802,36.758114,2023,2,6,"US","HUMAN_OBSERVATION","Thamnosma montana"
2573926845,"Thamnosma montana",-114.34994,36.76271,2020,2,2,"US","HUMAN_OBSERVATION","Thamnosma montana"
3109351331,"Thamnosma montana",-114.316685,36.762903,2021,4,16,"US","HUMAN_OBSERVATION","Thamnosma montana"
2238838982,"Thamnosma montana",-114.13848,36.775157,2019,4,14,"US","HUMAN_OBSERVATION","Thamnosma montana"
3091252674,"Thamnosma montana",-111.769528,36.774297,2013,5,10,"US","PRESERVED_SPECIMEN","Thamnosma montana"
2429319835,"Thamnosma montana",-116.932428,36.747281,2019,9,28,"US","HUMAN_OBSERVATION","Thamnosma montana"
2573914571,"Thamnosma montana",-114.774095,36.730642,2020,2,9,"US","HUMAN_OBSERVATION","Thamnosma montana"
2270571496,"Thamnosma montana",-114.432774,36.715808,2013,4,2,"US","PRESERVED_SPECIMEN","Thamnosma montana"
3008440097,"Thamnosma montana",-114.027082,36.710413,2020,12,14,"US","HUMAN_OBSERVATION","Thamnosma montana"
2236291991,"Thamnosma montana",-111.75824,36.745597,2019,4,11,"US","HUMAN_OBSERVATION","Thamnosma montana"
1253303395,"Thamnosma montana",-115.052519,36.698612,2016,2,19,"US","HUMAN_OBSERVATION","Thamnosma montana"
3068028483,"Thamnosma montana",-114.183138,36.667918,2021,3,19,"US","HUMAN_OBSERVATION","Thamnosma montana"
3455555357,"Thamnosma montana",-114.161118,36.684422,2022,1,7,"US","HUMAN_OBSERVATION","Thamnosma montana"
3008460067,"Thamnosma montana",-114.01876,36.686802,2020,12,14,"US","HUMAN_OBSERVATION","Thamnosma montana"
2252109908,"Thamnosma montana",-116.10998,36.66023,2018,4,11,"US","PRESERVED_SPECIMEN","Thamnosma montana"
2311267027,"Thamnosma montana",-115.34912,36.654519,2010,3,29,"US","HUMAN_OBSERVATION","Thamnosma montana"
3302508916,"Thamnosma montana",-115.288378,36.629017,2021,5,24,"US","HUMAN_OBSERVATION","Thamnosma montana"
3039320388,"Thamnosma montana",-114.142734,36.63771,2021,1,15,"US","HUMAN_OBSERVATION","Thamnosma montana"
3743056491,"Thamnosma montana",-114.009483,36.658775,2022,3,10,"US","HUMAN_OBSERVATION","Thamnosma montana"
3008405960,"Thamnosma montana",-113.990797,36.626486,2020,12,14,"US","HUMAN_OBSERVATION","Thamnosma montana"
3008562913,"Thamnosma montana",-113.910721,36.645662,2020,12,13,"US","HUMAN_OBSERVATION","Thamnosma montana"
3760415623,"Thamnosma montana",-117.74378,36.59406,2021,3,22,"US","PRESERVED_SPECIMEN","Thamnosma montana"
4018309194,"Thamnosma montana",-114.212597,36.607645,2023,1,14,"US","HUMAN_OBSERVATION","Thamnosma montana"
3031932094,"Thamnosma montana",-114.207595,36.600072,2021,1,15,"US","HUMAN_OBSERVATION","Thamnosma montana"
4022055138,"Thamnosma montana",-114.159469,36.619333,2023,1,24,"US","HUMAN_OBSERVATION","Thamnosma montana"
3008495799,"Thamnosma montana",-113.963649,36.606883,2020,12,13,"US","HUMAN_OBSERVATION","Thamnosma montana"
3008536804,"Thamnosma montana",-113.950305,36.605683,2020,12,13,"US","HUMAN_OBSERVATION","Thamnosma montana"
3760416627,"Thamnosma montana",-117.76869,36.56479,2020,6,11,"US","PRESERVED_SPECIMEN","Thamnosma montana"
3760164596,"Thamnosma montana",-117.601097,36.569605,2022,3,18,"US","HUMAN_OBSERVATION","Thamnosma montana"
3466493825,"Thamnosma montana",-117.398239,36.550506,2022,1,27,"US","HUMAN_OBSERVATION","Thamnosma montana"
3456889680,"Thamnosma montana",-113.991086,36.579586,2021,9,15,"US","HUMAN_OBSERVATION","Thamnosma montana"
3391903308,"Thamnosma montana",-115.974,36.5085,2014,5,6,"US","PRESERVED_SPECIMEN","Thamnosma montana"
1262379900,"Thamnosma montana",-115.151514,36.502825,2016,3,15,"US","HUMAN_OBSERVATION","Thamnosma montana"
2873753171,"Thamnosma montana",-114.236842,36.504957,2020,9,26,"US","HUMAN_OBSERVATION","Thamnosma montana"
1831185827,"Thamnosma montana",-114.186745,36.509095,2018,1,17,"US","HUMAN_OBSERVATION","Thamnosma montana"
3698220007,"Thamnosma montana",-114.149948,36.505285,2022,2,19,"US","HUMAN_OBSERVATION","Thamnosma montana"
3005182799,"Thamnosma montana",-114.093079,36.53079,2020,12,12,"US","HUMAN_OBSERVATION","Thamnosma montana"
2873918887,"Thamnosma montana",-114.069235,36.531588,2020,9,27,"US","HUMAN_OBSERVATION","Thamnosma montana"
2270687970,"Thamnosma montana",-111.8672,36.5063,2005,5,3,"US","PRESERVED_SPECIMEN","Thamnosma montana"
3070356976,"Thamnosma montana",-116.738127,36.492958,2021,3,20,"US","HUMAN_OBSERVATION","Thamnosma montana"
3988619925,"Thamnosma montana",-116.596434,36.461615,2022,12,1,"US","HUMAN_OBSERVATION","Thamnosma montana"
3338141282,"Thamnosma montana",-116.32559,36.467418,2017,2,28,"US","HUMAN_OBSERVATION","Thamnosma montana"
3743055230,"Thamnosma montana",-114.526609,36.488106,2022,3,15,"US","HUMAN_OBSERVATION","Thamnosma montana"
2873925611,"Thamnosma montana",-114.203506,36.496749,2020,9,26,"US","HUMAN_OBSERVATION","Thamnosma montana"
3112315450,"Thamnosma montana",-114.041094,36.499405,2021,4,22,"US","HUMAN_OBSERVATION","Thamnosma montana"
1846480987,"Thamnosma montana",-111.88133,36.4971,2005,5,6,"US","PRESERVED_SPECIMEN","Thamnosma montana"
3759262874,"Thamnosma montana",-116.145198,36.451734,2022,3,23,"US","HUMAN_OBSERVATION","Thamnosma montana"
3759992856,"Thamnosma montana",-116.061914,36.436303,2022,3,28,"US","HUMAN_OBSERVATION","Thamnosma montana"
1257408124,"Thamnosma montana",-115.358665,36.438459,2011,5,13,"US","HUMAN_OBSERVATION","Thamnosma montana"
3760336865,"Thamnosma montana",-115.275397,36.441872,2022,3,26,"US","HUMAN_OBSERVATION","Thamnosma montana"
1838031841,"Thamnosma montana",-114.554864,36.450727,2017,2,27,"US","HUMAN_OBSERVATION","Thamnosma montana"
2574221099,"Thamnosma montana",-114.538794,36.4579,2020,2,23,"US","HUMAN_OBSERVATION","Thamnosma montana"
2574029843,"Thamnosma montana",-114.22233,36.432168,2020,2,21,"US","HUMAN_OBSERVATION","Thamnosma montana"
2270531223,"Thamnosma montana",-114.200982,36.4398,2018,5,1,"US","PRESERVED_SPECIMEN","Thamnosma montana"
2609271114,"Thamnosma montana",-117.324089,36.409908,2020,4,19,"US","HUMAN_OBSERVATION","Thamnosma montana"
2430094131,"Thamnosma montana",-116.49673,36.38557,2016,3,30,"US","PRESERVED_SPECIMEN","Thamnosma montana"
3859914057,"Thamnosma montana",-115.567649,36.40612,2022,5,13,"US","HUMAN_OBSERVATION","Thamnosma montana"
3059029181,"Thamnosma montana",-114.165179,36.377833,2021,3,7,"US","HUMAN_OBSERVATION","Thamnosma montana"
1948777547,"Thamnosma montana",-113.066597,36.415815,2007,8,17,"US","HUMAN_OBSERVATION","Thamnosma montana"
3384163337,"Thamnosma montana",-117.045602,36.359188,2021,4,3,"US","HUMAN_OBSERVATION","Thamnosma montana"
3067754410,"Thamnosma montana",-116.617705,36.372375,2021,3,24,"US","HUMAN_OBSERVATION","Thamnosma montana"
2423130638,"Thamnosma montana",-116.500756,36.339869,2019,4,13,"US","HUMAN_OBSERVATION","Thamnosma montana"
3067705737,"Thamnosma montana",-114.232837,36.355481,2020,2,24,"US","HUMAN_OBSERVATION","Thamnosma montana"
2576301386,"Thamnosma montana",-117.518258,36.320239,2020,2,22,"US","HUMAN_OBSERVATION","Thamnosma montana"
3079740536,"Thamnosma montana",-114.701368,36.304086,2021,4,3,"US","HUMAN_OBSERVATION","Thamnosma montana"
3039494075,"Thamnosma montana",-114.366746,36.298294,2021,2,10,"US","HUMAN_OBSERVATION","Thamnosma montana"
2596241439,"Thamnosma montana",-115.39267,36.254545,2020,3,20,"US","HUMAN_OBSERVATION","Thamnosma montana"
3059094113,"Thamnosma montana",-115.361563,36.262487,2021,3,9,"US","HUMAN_OBSERVATION","Thamnosma montana"
3067987987,"Thamnosma montana",-114.208446,36.27551,2021,3,21,"US","HUMAN_OBSERVATION","Thamnosma montana"
3873621207,"Thamnosma montana",-114.192034,36.283768,2022,3,14,"US","HUMAN_OBSERVATION","Thamnosma montana"
4018602399,"Thamnosma montana",-112.774431,36.283073,2023,1,9,"US","HUMAN_OBSERVATION","Thamnosma montana"
3070418665,"Thamnosma montana",-116.694663,36.248603,2021,3,20,"US","HUMAN_OBSERVATION","Thamnosma montana"
2429183637,"Thamnosma montana",-116.645255,36.219087,2018,3,27,"US","HUMAN_OBSERVATION","Thamnosma montana"
2028447537,"Thamnosma montana",-115.341972,36.237112,2019,3,2,"US","HUMAN_OBSERVATION","Thamnosma montana"
3747185654,"Thamnosma montana",-115.31538,36.239544,2022,3,19,"US","HUMAN_OBSERVATION","Thamnosma montana"
2545468086,"Thamnosma montana",-115.013817,36.214237,2013,5,2,"US","HUMAN_OBSERVATION","Thamnosma montana"
3061756769,"Thamnosma montana",-114.668254,36.223104,2021,3,13,"US","HUMAN_OBSERVATION","Thamnosma montana"
3067883654,"Thamnosma montana",-114.197855,36.239805,2021,3,21,"US","HUMAN_OBSERVATION","Thamnosma montana"
1948777896,"Thamnosma montana",-113.056539,36.214445,2007,8,17,"US","HUMAN_OBSERVATION","Thamnosma montana"
1846475301,"Thamnosma montana",-112.3113,36.24995,2002,4,26,"US","PRESERVED_SPECIMEN","Thamnosma montana"
3091286390,"Thamnosma montana",-111.701427,36.211777,2012,4,13,"US","PRESERVED_SPECIMEN","Thamnosma montana"
3125148390,"Thamnosma montana",-116.17838,36.1749,2017,4,7,"US","PRESERVED_SPECIMEN","Thamnosma montana"
1937505015,"Thamnosma montana",-115.8147,36.1714,2000,4,11,"US","PRESERVED_SPECIMEN","Thamnosma montana"
1929775250,"Thamnosma montana",-113.22,36.19,2001,3,31,"US","PRESERVED_SPECIMEN","Thamnosma montana"
2235544297,"Thamnosma montana",-112.710725,36.1911,2019,4,2,"US","HUMAN_OBSERVATION","Thamnosma montana"
1846516065,"Thamnosma montana",-112.382399,36.189053,2010,6,3,"US","PRESERVED_SPECIMEN","Thamnosma montana"
1891269153,"Thamnosma montana",-112.334548,36.176732,2018,3,22,"US","PRESERVED_SPECIMEN","Thamnosma montana"
3355311038,"Thamnosma montana",-115.41951,36.151791,2021,9,5,"US","HUMAN_OBSERVATION","Thamnosma montana"
1831155406,"Thamnosma montana",-115.365325,36.155108,2017,11,16,"US","HUMAN_OBSERVATION","Thamnosma montana"
2422481707,"Thamnosma montana",-113.20436,36.15247,2010,5,3,"US","PRESERVED_SPECIMEN","Thamnosma montana"
2234815984,"Thamnosma montana",-112.716194,36.16383,2019,3,28,"US","HUMAN_OBSERVATION","Thamnosma montana"
1846475917,"Thamnosma montana",-112.1211,36.14773,2003,5,11,"US","PRESERVED_SPECIMEN","Thamnosma montana"
3061578994,"Thamnosma montana",-112.048837,36.161343,2021,3,11,"US","HUMAN_OBSERVATION","Thamnosma montana"
3031680628,"Thamnosma montana",-117.139862,36.115402,2021,1,9,"US","HUMAN_OBSERVATION","Thamnosma montana"
3742988513,"Thamnosma montana",-117.102328,36.117693,2022,3,4,"US","HUMAN_OBSERVATION","Thamnosma montana"
2610098720,"Thamnosma montana",-116.23293,36.10466,2018,5,9,"US","PRESERVED_SPECIMEN","Thamnosma montana"
2235520367,"Thamnosma montana",-116.164566,36.122471,2019,3,31,"US","HUMAN_OBSERVATION","Thamnosma montana"
2572938058,"Thamnosma montana",-112.271354,36.123447,2018,3,22,"US","PRESERVED_SPECIMEN","Thamnosma montana"
3712750002,"Thamnosma montana",-112.184276,36.090445,2022,3,6,"US","HUMAN_OBSERVATION","Thamnosma montana"
3090527381,"Thamnosma montana",-112.116364,36.093139,2018,3,26,"US","HUMAN_OBSERVATION","Thamnosma montana"
1846540440,"Thamnosma montana",-112.011379,36.114204,2008,3,22,"US","PRESERVED_SPECIMEN","Thamnosma montana"
3337858355,"Thamnosma montana",-115.551903,36.042164,2019,11,6,"US","HUMAN_OBSERVATION","Thamnosma montana"
3321304324,"Thamnosma montana",-115.52206,36.044267,2021,6,24,"US","HUMAN_OBSERVATION","Thamnosma montana"
3759989848,"Thamnosma montana",-115.311738,36.046767,2022,3,25,"US","HUMAN_OBSERVATION","Thamnosma montana"
1846549616,"Thamnosma montana",-112.224945,36.072409,2012,4,22,"US","PRESERVED_SPECIMEN","Thamnosma montana"
3961010343,"Thamnosma montana",-112.130353,36.071997,2021,3,16,"US","HUMAN_OBSERVATION","Thamnosma montana"
1846480924,"Thamnosma montana",-111.898333,36.061667,2006,4,14,"US","PRESERVED_SPECIMEN","Thamnosma montana"
3760302527,"Thamnosma montana",-117.094025,36.038208,2022,4,4,"US","HUMAN_OBSERVATION","Thamnosma montana"
2234798223,"Thamnosma montana",-115.600595,36.005936,2019,3,26,"US","HUMAN_OBSERVATION","Thamnosma montana"
1841327314,"Thamnosma montana",-115.561878,36.019396,2018,5,3,"US","HUMAN_OBSERVATION","Thamnosma montana"
3759667889,"Thamnosma montana",-115.512992,36.021842,2022,3,27,"US","HUMAN_OBSERVATION","Thamnosma montana"
3384518089,"Thamnosma montana",-115.463295,36.036408,2021,10,2,"US","HUMAN_OBSERVATION","Thamnosma montana"
4034661883,"Thamnosma montana",-115.432011,36.011568,2023,2,6,"US","HUMAN_OBSERVATION","Thamnosma montana"
3385229364,"Thamnosma montana",-114.761766,36.017226,2021,10,2,"US","HUMAN_OBSERVATION","Thamnosma montana"
3333085494,"Thamnosma montana",-114.058256,36.003106,2021,3,26,"US","HUMAN_OBSERVATION","Thamnosma montana"
3091224137,"Thamnosma montana",-113.95342,36.0121,2007,4,5,"US","PRESERVED_SPECIMEN","Thamnosma montana"
2244250012,"Thamnosma montana",-111.964783,36.022578,2019,4,1,"US","HUMAN_OBSERVATION","Thamnosma montana"
1846481001,"Thamnosma montana",-111.95305,36.003467,2007,4,3,"US","PRESERVED_SPECIMEN","Thamnosma montana"
3125147708,"Thamnosma montana",-116.02259,35.99301,2017,3,22,"US","PRESERVED_SPECIMEN","Thamnosma montana"
2580126098,"Thamnosma montana",-115.46067,35.995558,2020,3,12,"US","HUMAN_OBSERVATION","Thamnosma montana"
3712644960,"Thamnosma montana",-115.443113,35.990833,2022,3,7,"US","HUMAN_OBSERVATION","Thamnosma montana"
3070773556,"Thamnosma montana",-115.073897,35.952355,2021,3,24,"US","HUMAN_OBSERVATION","Thamnosma montana"
2422468368,"Thamnosma montana",-115.51293,35.8786,2011,5,10,"US","PRESERVED_SPECIMEN","Thamnosma montana"
3859057974,"Thamnosma montana",-115.473175,35.903412,2022,4,7,"US","HUMAN_OBSERVATION","Thamnosma montana"
3090579288,"Thamnosma montana",-115.436965,35.912336,2020,3,17,"US","HUMAN_OBSERVATION","Thamnosma montana"
2579368323,"Thamnosma montana",-116.120798,35.843468,2020,3,6,"US","HUMAN_OBSERVATION","Thamnosma montana"
2422467669,"Thamnosma montana",-115.50833,35.87111,2011,3,15,"US","PRESERVED_SPECIMEN","Thamnosma montana"
3109404500,"Thamnosma montana",-115.517048,35.811767,2021,4,23,"US","HUMAN_OBSERVATION","Thamnosma montana"
3398670932,"Thamnosma montana",-115.498703,35.818222,2021,10,9,"US","HUMAN_OBSERVATION","Thamnosma montana"
1262370551,"Thamnosma montana",-115.454336,35.82089,2016,3,10,"US","HUMAN_OBSERVATION","Thamnosma montana"
3039206810,"Thamnosma montana",-114.487092,35.814063,2021,1,27,"US","HUMAN_OBSERVATION","Thamnosma montana"
3125137961,"Thamnosma montana",-114.36265,35.80222,2012,3,30,"US","PRESERVED_SPECIMEN","Thamnosma montana"
1846485285,"Thamnosma montana",-114.094788,35.821925,2017,3,8,"US","PRESERVED_SPECIMEN","Thamnosma montana"
3961691328,"Thamnosma montana",-115.888067,35.772817,2022,5,2,"US","PRESERVED_SPECIMEN","Thamnosma montana"
2252026681,"Thamnosma montana",-115.865937,35.775513,2019,5,26,"US","HUMAN_OBSERVATION","Thamnosma montana"
3091204070,"Thamnosma montana",-114.3283854,35.7903873,2005,11,18,"US","PRESERVED_SPECIMEN","Thamnosma montana"
3091228438,"Thamnosma montana",-114.253017,35.73888,2008,4,4,"US","PRESERVED_SPECIMEN","Thamnosma montana"
2545502549,"Thamnosma montana",-113.749687,35.717705,2013,7,9,"US","HUMAN_OBSERVATION","Thamnosma montana"
1837087902,"Thamnosma montana",-114.863119,35.698217,2018,3,26,"US","HUMAN_OBSERVATION","Thamnosma montana"
2572937722,"Thamnosma montana",-114.327128,35.705264,2016,2,26,"US","PRESERVED_SPECIMEN","Thamnosma montana"
1572342602,"Thamnosma montana",-114.154129,35.705101,2008,3,29,"US","HUMAN_OBSERVATION","Thamnosma montana"
2610102311,"Thamnosma montana",-116.10998,35.66023,2018,4,11,"US","PRESERVED_SPECIMEN","Thamnosma montana"
2422434374,"Thamnosma montana",-115.57083,35.59167,2001,5,5,"US","PRESERVED_SPECIMEN","Thamnosma montana"
2597867374,"Thamnosma montana",-114.273293,35.591936,2019,3,26,"US","HUMAN_OBSERVATION","Thamnosma montana"
3359694551,"Thamnosma montana",-114.204165,35.599972,2021,4,2,"US","PRESERVED_SPECIMEN","Thamnosma montana"
2610102801,"Thamnosma montana",-115.92847,35.57599,2018,4,12,"US","PRESERVED_SPECIMEN","Thamnosma montana"
3986136310,"Thamnosma montana",-115.592697,35.543422,2018,4,29,"US","HUMAN_OBSERVATION","Thamnosma montana"
2430133877,"Thamnosma montana",-115.573817,35.553767,2014,6,5,"US","PRESERVED_SPECIMEN","Thamnosma montana"
3091303418,"Thamnosma montana",-115.51255,35.554417,2011,4,3,"US","PRESERVED_SPECIMEN","Thamnosma montana"
2422459761,"Thamnosma montana",-115.49347,35.57419,2010,5,5,"US","PRESERVED_SPECIMEN","Thamnosma montana"
2803001178,"Thamnosma montana",-115.146423,35.570839,2020,6,15,"US","HUMAN_OBSERVATION","Thamnosma montana"
3902556140,"Thamnosma montana",-115.09785,35.566078,2022,8,19,"US","HUMAN_OBSERVATION","Thamnosma montana"
3125146393,"Thamnosma montana",-116.26704,35.50948,2017,10,4,"US","PRESERVED_SPECIMEN","Thamnosma montana"
2610098852,"Thamnosma montana",-116.05926,35.50797,2018,3,21,"US","PRESERVED_SPECIMEN","Thamnosma montana"
2430455063,"Thamnosma montana",-116.028411,35.518093,2011,5,14,"US","PRESERVED_SPECIMEN","Thamnosma montana"
2610082826,"Thamnosma montana",-115.90001,35.50293,2017,10,5,"US","PRESERVED_SPECIMEN","Thamnosma montana"
3008547335,"Thamnosma montana",-115.685907,35.531851,2019,4,17,"US","HUMAN_OBSERVATION","Thamnosma montana"
2430337149,"Thamnosma montana",-115.584317,35.519783,2010,6,16,"US","PRESERVED_SPECIMEN","Thamnosma montana"
2618311451,"Thamnosma montana",-115.95915,35.465867,2011,4,6,"US","PRESERVED_SPECIMEN","Thamnosma montana"
2270551035,"Thamnosma montana",-115.5633,35.4995,2017,4,12,"US","PRESERVED_SPECIMEN","Thamnosma montana"
3858238141,"Thamnosma montana",-115.528298,35.466356,2022,5,8,"US","HUMAN_OBSERVATION","Thamnosma montana"
2618315366,"Thamnosma montana",-116.5857,35.4506,2018,3,6,"US","PRESERVED_SPECIMEN","Thamnosma montana"
2422516078,"Thamnosma montana",-116.57253,35.41717,2016,3,24,"US","PRESERVED_SPECIMEN","Thamnosma montana"
2430525250,"Thamnosma montana",-115.54936,35.43355,2015,4,29,"US","PRESERVED_SPECIMEN","Thamnosma montana"
3759779251,"Thamnosma montana",-115.528317,35.456972,2022,3,27,"US","HUMAN_OBSERVATION","Thamnosma montana"
3053371969,"Thamnosma montana",-115.497,35.427,2004,10,13,"US","PRESERVED_SPECIMEN","Thamnosma montana"
2422477636,"Thamnosma montana",-115.84364,35.39056,2008,3,3,"US","PRESERVED_SPECIMEN","Thamnosma montana"
2422523388,"Thamnosma montana",-115.80822,35.40172,2015,2,16,"US","PRESERVED_SPECIMEN","Thamnosma montana"
3859986054,"Thamnosma montana",-115.790649,35.401964,2022,5,5,"US","HUMAN_OBSERVATION","Thamnosma montana"
3925100659,"Thamnosma montana",-115.52667,35.3821,2022,9,24,"US","HUMAN_OBSERVATION","Thamnosma montana"
3966586785,"Thamnosma montana",-115.545022,35.346762,2022,11,6,"US","HUMAN_OBSERVATION","Thamnosma montana"
2573852843,"Thamnosma montana",-115.523033,35.355408,2020,2,2,"US","HUMAN_OBSERVATION","Thamnosma montana"
3759228158,"Thamnosma montana",-115.544968,35.31686,2022,4,7,"US","HUMAN_OBSERVATION","Thamnosma montana"
3747047743,"Thamnosma montana",-115.495658,35.3004,2022,3,17,"US","HUMAN_OBSERVATION","Thamnosma montana"
2430313422,"Thamnosma montana",-117.31062,35.276349,2011,3,26,"US","PRESERVED_SPECIMEN","Thamnosma montana"
2422463798,"Thamnosma montana",-115.71547,35.25727,2010,4,13,"US","PRESERVED_SPECIMEN","Thamnosma montana"
2430270373,"Thamnosma montana",-115.548667,35.2872,2011,5,9,"US","PRESERVED_SPECIMEN","Thamnosma montana"
3966635656,"Thamnosma montana",-115.526731,35.264236,2022,11,5,"US","HUMAN_OBSERVATION","Thamnosma montana"
3859146204,"Thamnosma montana",-115.498573,35.250999,2022,5,15,"US","HUMAN_OBSERVATION","Thamnosma montana"
4011866997,"Thamnosma montana",-114.783862,35.281832,2019,3,29,"US","HUMAN_OBSERVATION","Thamnosma montana"
2580175549,"Thamnosma montana",-114.729361,35.251869,2020,3,14,"US","HUMAN_OBSERVATION","Thamnosma montana"
3859107004,"Thamnosma montana",-117.33855,35.218802,2022,4,26,"US","HUMAN_OBSERVATION","Thamnosma montana"
3032121558,"Thamnosma montana",-115.897116,35.247452,2020,11,12,"US","HUMAN_OBSERVATION","Thamnosma montana"
2237476641,"Thamnosma montana",-115.662692,35.226278,2019,4,16,"US","HUMAN_OBSERVATION","Thamnosma montana"
2430526861,"Thamnosma montana",-115.464583,35.21035,2011,4,22,"US","PRESERVED_SPECIMEN","Thamnosma montana"
1945444221,"Thamnosma montana",-114.776467,35.213406,2017,3,22,"US","HUMAN_OBSERVATION","Thamnosma montana"
3070489889,"Thamnosma montana",-117.224017,35.189152,2020,3,13,"US","HUMAN_OBSERVATION","Thamnosma montana"
4022073734,"Thamnosma montana",-115.717067,35.18099,2020,4,12,"US","HUMAN_OBSERVATION","Thamnosma montana"
3873849114,"Thamnosma montana",-115.403747,35.166692,2022,7,11,"US","HUMAN_OBSERVATION","Thamnosma montana"
3705540466,"Thamnosma montana",-114.814994,35.208104,2017,3,12,"US","HUMAN_OBSERVATION","Thamnosma montana"
2418052767,"Thamnosma montana",-117.157778,35.129444,2008,4,10,"US","PRESERVED_SPECIMEN","Thamnosma montana"
3059142800,"Thamnosma montana",-115.743645,35.153374,2015,4,1,"US","HUMAN_OBSERVATION","Thamnosma montana"
2422469814,"Thamnosma montana",-115.50872,35.13872,2010,5,30,"US","PRESERVED_SPECIMEN","Thamnosma montana"
3947111975,"Thamnosma montana",-115.435366,35.130341,2022,9,24,"US","HUMAN_OBSERVATION","Thamnosma montana"
1838073278,"Thamnosma montana",-115.404326,35.158075,2016,5,13,"US","HUMAN_OBSERVATION","Thamnosma montana"
3759315220,"Thamnosma montana",-115.333506,35.155366,2022,3,30,"US","HUMAN_OBSERVATION","Thamnosma montana"
3112696428,"Thamnosma montana",-115.4647,35.115131,2021,4,6,"US","HUMAN_OBSERVATION","Thamnosma montana"
2270224863,"Thamnosma montana",-115.431423,35.123812,2017,9,5,"US","PRESERVED_SPECIMEN","Thamnosma montana"
2422449939,"Thamnosma montana",-115.40289,35.11186,2007,4,25,"US","PRESERVED_SPECIMEN","Thamnosma montana"
2634239317,"Thamnosma montana",-117.095914,35.078635,2017,5,3,"US","HUMAN_OBSERVATION","Thamnosma montana"
3044955677,"Thamnosma montana",-116.986022,35.060303,2021,2,19,"US","HUMAN_OBSERVATION","Thamnosma montana"
1088945248,"Thamnosma montana",-115.42113,35.056905,2015,3,30,"US","HUMAN_OBSERVATION","Thamnosma montana"
3743291958,"Thamnosma montana",-115.394444,35.048598,2022,2,11,"US","HUMAN_OBSERVATION","Thamnosma montana"
3091255786,"Thamnosma montana",-114.956983,35.04525,2015,3,17,"US","PRESERVED_SPECIMEN","Thamnosma montana"
2610085128,"Thamnosma montana",-114.75115,35.06583,2017,10,26,"US","PRESERVED_SPECIMEN","Thamnosma montana"
3398720350,"Thamnosma montana",-115.473355,35.010991,2017,5,9,"US","HUMAN_OBSERVATION","Thamnosma montana"
3698220778,"Thamnosma montana",-115.39383,35.038281,2022,2,19,"US","HUMAN_OBSERVATION","Thamnosma montana"
2422472616,"Thamnosma montana",-114.71755,35.034,2011,3,17,"US","PRESERVED_SPECIMEN","Thamnosma montana"
3705510488,"Thamnosma montana",-116.930795,34.978113,2021,12,13,"US","HUMAN_OBSERVATION","Thamnosma montana"
1265547320,"Thamnosma montana",-115.648911,34.982636,2016,3,22,"US","HUMAN_OBSERVATION","Thamnosma montana"
2422427537,"Thamnosma montana",-115.10058,34.97981,2006,3,26,"US","PRESERVED_SPECIMEN","Thamnosma montana"
3764198057,"Thamnosma montana",-115.565771,34.922918,2022,4,22,"US","HUMAN_OBSERVATION","Thamnosma montana"
3747214710,"Thamnosma montana",-115.513944,34.944378,2022,3,18,"US","HUMAN_OBSERVATION","Thamnosma montana"
2430306525,"Thamnosma montana",-115.620567,34.90355,2010,4,15,"US","PRESERVED_SPECIMEN","Thamnosma montana"
3113312290,"Thamnosma montana",-115.068305,34.88075,2021,3,14,"US","HUMAN_OBSERVATION","Thamnosma montana"
2422473029,"Thamnosma montana",-117.27115,34.87335,2011,3,28,"US","PRESERVED_SPECIMEN","Thamnosma montana"
4022968890,"Thamnosma montana",-116.862115,34.838864,2017,3,4,"US","HUMAN_OBSERVATION","Thamnosma montana"
2422472433,"Thamnosma montana",-115.68885,34.85047,2011,4,2,"US","PRESERVED_SPECIMEN","Thamnosma montana"
2350318815,"Thamnosma montana",-117.103808,34.814125,2016,4,13,"US","HUMAN_OBSERVATION","Thamnosma montana"
2430140066,"Thamnosma montana",-117.02805,34.829933,2011,3,23,"US","PRESERVED_SPECIMEN","Thamnosma montana"
1265583751,"Thamnosma montana",-116.85498,34.805939,2016,4,9,"US","HUMAN_OBSERVATION","Thamnosma montana"
2430119323,"Thamnosma montana",-116.78528,34.79634,2014,2,21,"US","PRESERVED_SPECIMEN","Thamnosma montana"
3705439744,"Thamnosma montana",-115.645771,34.798142,2022,2,23,"US","HUMAN_OBSERVATION","Thamnosma montana"
4029183587,"Thamnosma montana",-115.613378,34.803158,2023,2,2,"US","HUMAN_OBSERVATION","Thamnosma montana"
3090834050,"Thamnosma montana",-116.819016,34.776627,2021,3,27,"US","HUMAN_OBSERVATION","Thamnosma montana"
2430333523,"Thamnosma montana",-115.67445,34.78595,2011,4,4,"US","PRESERVED_SPECIMEN","Thamnosma montana"
3759440336,"Thamnosma montana",-115.637538,34.763561,2022,4,16,"US","HUMAN_OBSERVATION","Thamnosma montana"
3398973310,"Thamnosma montana",-115.61622,34.791253,2016,4,2,"US","HUMAN_OBSERVATION","Thamnosma montana"
3924992622,"Thamnosma montana",-117.326942,34.717,2022,9,13,"US","HUMAN_OBSERVATION","Thamnosma montana"
2350309771,"Thamnosma montana",-117.161381,34.745185,2016,1,28,"US","HUMAN_OBSERVATION","Thamnosma montana"
1838410848,"Thamnosma montana",-116.821676,34.717427,2018,4,17,"US","HUMAN_OBSERVATION","Thamnosma montana"
2430206684,"Thamnosma montana",-115.646983,34.74405,2012,2,4,"US","PRESERVED_SPECIMEN","Thamnosma montana"
3125214128,"Thamnosma montana",-114.99365,34.72548,2013,3,11,"US","PRESERVED_SPECIMEN","Thamnosma montana"
3124663598,"Thamnosma montana",-116.9617,34.683522,2021,5,20,"US","HUMAN_OBSERVATION","Thamnosma montana"
2412539867,"Thamnosma montana",-116.81452,34.6765,2016,5,19,"US","PRESERVED_SPECIMEN","Thamnosma montana"
2422481271,"Thamnosma montana",-116.62392,34.67168,2011,4,27,"US","PRESERVED_SPECIMEN","Thamnosma montana"
3747067643,"Thamnosma montana",-116.533178,34.667236,2022,3,18,"US","HUMAN_OBSERVATION","Thamnosma montana"
2422490084,"Thamnosma montana",-116.47806,34.7025,2011,5,4,"US","PRESERVED_SPECIMEN","Thamnosma montana"
1703203188,"Thamnosma montana",-115.637025,34.703105,2017,11,19,"US","HUMAN_OBSERVATION","Thamnosma montana"
1265573083,"Thamnosma montana",-117.212247,34.642025,2016,4,13,"US","HUMAN_OBSERVATION","Thamnosma montana"
2422382537,"Thamnosma montana",-117.11667,34.63333,2001,4,5,"US","PRESERVED_SPECIMEN","Thamnosma montana"
3079857624,"Thamnosma montana",-116.976813,34.66565,2021,4,4,"US","HUMAN_OBSERVATION","Thamnosma montana"
2597745270,"Thamnosma montana",-116.94938,34.65692,2020,4,4,"US","HUMAN_OBSERVATION","Thamnosma montana"
2350298832,"Thamnosma montana",-116.889579,34.659009,2018,4,6,"US","HUMAN_OBSERVATION","Thamnosma montana"
2412538095,"Thamnosma montana",-116.81232,34.64224,2011,3,11,"US","PRESERVED_SPECIMEN","Thamnosma montana"
2610085560,"Thamnosma montana",-116.63112,34.64203,2017,8,29,"US","PRESERVED_SPECIMEN","Thamnosma montana"
2430288753,"Thamnosma montana",-114.6355,34.625033,2013,3,28,"US","PRESERVED_SPECIMEN","Thamnosma montana"
3759112265,"Thamnosma montana",-117.256763,34.586847,2022,3,26,"US","HUMAN_OBSERVATION","Thamnosma montana"
2422460222,"Thamnosma montana",-116.60361,34.62278,2008,3,22,"US","PRESERVED_SPECIMEN","Thamnosma montana"
3746964582,"Thamnosma montana",-115.177987,34.62093,2022,3,14,"US","HUMAN_OBSERVATION","Thamnosma montana"
2430161054,"Thamnosma montana",-115.118467,34.590883,2013,2,18,"US","PRESERVED_SPECIMEN","Thamnosma montana"
1986552442,"Thamnosma montana",-115.054413,34.603237,2018,12,29,"US","HUMAN_OBSERVATION","Thamnosma montana"
3091206559,"Thamnosma montana",-114.18947,34.59304,2005,4,8,"US","PRESERVED_SPECIMEN","Thamnosma montana"
2418044868,"Thamnosma montana",-117.2375,34.543611,2004,12,26,"US","PRESERVED_SPECIMEN","Thamnosma montana"
3091206167,"Thamnosma montana",-114.14869,34.57176,2005,4,8,"US","PRESERVED_SPECIMEN","Thamnosma montana"
3014057757,"Thamnosma montana",-113.817268,34.546894,2020,12,21,"US","HUMAN_OBSERVATION","Thamnosma montana"
3091290297,"Thamnosma montana",-113.466667,34.583332,2001,4,7,"US","PRESERVED_SPECIMEN","Thamnosma montana"
2430432313,"Thamnosma montana",-117.06247,34.50565,2014,3,28,"US","PRESERVED_SPECIMEN","Thamnosma montana"
2422494008,"Thamnosma montana",-115.12005,34.51682,2013,3,11,"US","PRESERVED_SPECIMEN","Thamnosma montana"
3091233547,"Thamnosma montana",-113.7,34.466667,2001,4,7,"US","PRESERVED_SPECIMEN","Thamnosma montana"
2270590871,"Thamnosma montana",-113.625,34.4808,2003,4,11,"US","PRESERVED_SPECIMEN","Thamnosma montana"
1572361956,"Thamnosma montana",-113.536491,34.478463,2011,2,27,"US","HUMAN_OBSERVATION","Thamnosma montana"
3949971359,"Thamnosma montana",-114.84712,34.42479,2019,3,19,"US","PRESERVED_SPECIMEN","Thamnosma montana"
1802728905,"Thamnosma montana",-113.9078,34.441,2017,2,18,"US","HUMAN_OBSERVATION","Thamnosma montana"
2028492408,"Thamnosma montana",-113.122688,34.430317,2019,3,18,"US","HUMAN_OBSERVATION","Thamnosma montana"
3949976358,"Thamnosma montana",-114.83621,34.41275,2019,3,20,"US","PRESERVED_SPECIMEN","Thamnosma montana"
2430338832,"Thamnosma montana",-114.520278,34.352222,2004,4,25,"US","PRESERVED_SPECIMEN","Thamnosma montana"
1843915448,"Thamnosma montana",-113.18852,34.34765,2003,5,15,"US","PRESERVED_SPECIMEN","Thamnosma montana"
1978428174,"Thamnosma montana",-113.153565,34.343517,2018,12,9,"US","HUMAN_OBSERVATION","Thamnosma montana"
2430034991,"Thamnosma montana",-114.510517,34.331767,2003,5,21,"US","PRESERVED_SPECIMEN","Thamnosma montana"
2422471310,"Thamnosma montana",-114.40418,34.32398,2010,4,24,"US","PRESERVED_SPECIMEN","Thamnosma montana"
2430156011,"Thamnosma montana",-114.305833,34.299167,2003,10,26,"US","PRESERVED_SPECIMEN","Thamnosma montana"
3091294431,"Thamnosma montana",-113.161847,34.326918,2000,5,17,"US","PRESERVED_SPECIMEN","Thamnosma montana"
2430135409,"Thamnosma montana",-114.534333,34.277167,2003,5,4,"US","PRESERVED_SPECIMEN","Thamnosma montana"
2430174571,"Thamnosma montana",-114.266389,34.285278,2003,4,20,"US","PRESERVED_SPECIMEN","Thamnosma montana"
3759414552,"Thamnosma montana",-113.1138,34.287914,2022,4,10,"US","HUMAN_OBSERVATION","Thamnosma montana"
3070516605,"Thamnosma montana",-115.730914,34.245455,2019,2,21,"US","HUMAN_OBSERVATION","Thamnosma montana"
2430177446,"Thamnosma montana",-115.686833,34.238,2011,5,6,"US","PRESERVED_SPECIMEN","Thamnosma montana"
2610085644,"Thamnosma montana",-114.79655,34.24035,2017,3,15,"US","PRESERVED_SPECIMEN","Thamnosma montana"
1453473880,"Thamnosma montana",-113.065436,34.208425,2017,3,2,"US","HUMAN_OBSERVATION","Thamnosma montana"
2269241700,"Thamnosma montana",-116.353798,34.20076,2019,6,14,"US","HUMAN_OBSERVATION","Thamnosma montana"
1421404823,"Thamnosma montana",-113.056389,34.193889,2000,5,17,"US","PRESERVED_SPECIMEN","Thamnosma montana"
2350304874,"Thamnosma montana",-116.125009,34.141526,2019,4,3,"US","HUMAN_OBSERVATION","Thamnosma montana"
1837090134,"Thamnosma montana",-116.050552,34.157776,2018,2,15,"US","HUMAN_OBSERVATION","Thamnosma montana"
3499442754,"Thamnosma montana",-116.606637,34.046036,2022,2,12,"US","HUMAN_OBSERVATION","Thamnosma montana"
3759952604,"Thamnosma montana",-116.568313,34.042,2022,4,1,"US","HUMAN_OBSERVATION","Thamnosma montana"
2350353418,"Thamnosma montana",-116.244601,34.080671,2019,3,30,"US","HUMAN_OBSERVATION","Thamnosma montana"
1838398634,"Thamnosma montana",-116.205513,34.051233,2018,4,14,"US","HUMAN_OBSERVATION","Thamnosma montana"
3399086423,"Thamnosma montana",-116.099002,34.044996,2019,4,2,"US","HUMAN_OBSERVATION","Thamnosma montana"
3759885018,"Thamnosma montana",-116.070572,34.042522,2022,3,25,"US","HUMAN_OBSERVATION","Thamnosma montana"
2573870656,"Thamnosma montana",-116.033767,34.070117,2020,2,10,"US","HUMAN_OBSERVATION","Thamnosma montana"
2609246769,"Thamnosma montana",-115.959346,34.078256,2020,3,29,"US","HUMAN_OBSERVATION","Thamnosma montana"
1978453151,"Thamnosma montana",-112.584067,34.046913,2018,12,15,"US","HUMAN_OBSERVATION","Thamnosma montana"
1978446549,"Thamnosma montana",-112.57565,34.050148,2018,12,15,"US","HUMAN_OBSERVATION","Thamnosma montana"
3466361587,"Thamnosma montana",-116.630228,34.016831,2022,1,26,"US","HUMAN_OBSERVATION","Thamnosma montana"
3872988621,"Thamnosma montana",-116.586665,34.006993,2022,5,11,"US","HUMAN_OBSERVATION","Thamnosma montana"
4029220489,"Thamnosma montana",-116.567945,34.037418,2023,2,3,"US","HUMAN_OBSERVATION","Thamnosma montana"
2999195399,"Thamnosma montana",-116.107673,34.040291,2020,5,22,"US","HUMAN_OBSERVATION","Thamnosma montana"
3712702760,"Thamnosma montana",-116.081579,34.01168,2022,3,5,"US","HUMAN_OBSERVATION","Thamnosma montana"
3705821495,"Thamnosma montana",-116.019812,34.001768,2022,2,20,"US","HUMAN_OBSERVATION","Thamnosma montana"
3949989972,"Thamnosma montana",-114.93783,34.03822,2010,5,2,"US","PRESERVED_SPECIMEN","Thamnosma montana"
2574106005,"Thamnosma montana",-112.997192,34.024128,2020,2,3,"US","HUMAN_OBSERVATION","Thamnosma montana"
2596147935,"Thamnosma montana",-112.654027,34.010962,2020,3,22,"US","HUMAN_OBSERVATION","Thamnosma montana"
3014034168,"Thamnosma montana",-116.604422,33.999197,2020,12,29,"US","HUMAN_OBSERVATION","Thamnosma montana"
3061570844,"Thamnosma montana",-116.144587,33.999636,2021,3,18,"US","HUMAN_OBSERVATION","Thamnosma montana"
3712704678,"Thamnosma montana",-116.063942,33.996892,2022,3,7,"US","HUMAN_OBSERVATION","Thamnosma montana"
3058955005,"Thamnosma montana",-116.017997,33.984395,2021,2,28,"US","HUMAN_OBSERVATION","Thamnosma montana"
2423248956,"Thamnosma montana",-115.990914,33.967981,2019,2,16,"US","HUMAN_OBSERVATION","Thamnosma montana"
2563637300,"Thamnosma montana",-112.773905,33.966205,2020,1,27,"US","HUMAN_OBSERVATION","Thamnosma montana"
2574235035,"Thamnosma montana",-112.719974,33.998703,2020,2,3,"US","HUMAN_OBSERVATION","Thamnosma montana"
2430136729,"Thamnosma montana",-116.63613,33.95785,2016,3,13,"US","PRESERVED_SPECIMEN","Thamnosma montana"
3705431191,"Thamnosma montana",-116.623942,33.932952,2022,3,1,"US","HUMAN_OBSERVATION","Thamnosma montana"
2641522928,"Thamnosma montana",-116.174675,33.933093,2020,5,12,"US","HUMAN_OBSERVATION","Thamnosma montana"
3759310471,"Thamnosma montana",-116.141879,33.944272,2022,3,24,"US","HUMAN_OBSERVATION","Thamnosma montana"
3039114004,"Thamnosma montana",-115.965655,33.937386,2015,2,18,"US","HUMAN_OBSERVATION","Thamnosma montana"
3925297566,"Thamnosma montana",-115.922396,33.93394,2019,4,12,"US","HUMAN_OBSERVATION","Thamnosma montana"
1457600222,"Thamnosma montana",-115.907356,33.925881,2017,3,22,"US","HUMAN_OBSERVATION","Thamnosma montana"
1453488545,"Thamnosma montana",-115.799944,33.954376,2017,3,5,"US","HUMAN_OBSERVATION","Thamnosma montana"
2596082302,"Thamnosma montana",-112.795148,33.92114,2020,3,21,"US","HUMAN_OBSERVATION","Thamnosma montana"
3091195698,"Thamnosma montana",-112.739501,33.936731,2019,3,21,"US","PRESERVED_SPECIMEN","Thamnosma montana"
3760032609,"Thamnosma montana",-112.701942,33.931617,2022,4,9,"US","HUMAN_OBSERVATION","Thamnosma montana"
2579357562,"Thamnosma montana",-115.906467,33.909672,2020,3,11,"US","HUMAN_OBSERVATION","Thamnosma montana"
3712663537,"Thamnosma montana",-112.815465,33.887232,2022,3,4,"US","HUMAN_OBSERVATION","Thamnosma montana"
3925023624,"Thamnosma montana",-112.782233,33.899728,2022,9,10,"US","HUMAN_OBSERVATION","Thamnosma montana"
2633986506,"Thamnosma montana",-115.900992,33.873415,2020,2,19,"US","HUMAN_OBSERVATION","Thamnosma montana"
2234783457,"Thamnosma montana",-115.777414,33.863623,2019,3,25,"US","HUMAN_OBSERVATION","Thamnosma montana"
2579316547,"Thamnosma montana",-116.017401,33.832846,2020,3,10,"US","HUMAN_OBSERVATION","Thamnosma montana"
2422486491,"Thamnosma montana",-115.44255,33.68473,2012,3,19,"US","PRESERVED_SPECIMEN","Thamnosma montana"
1880585583,"Thamnosma montana",-111.890505,33.674784,2018,6,27,"US","HUMAN_OBSERVATION","Thamnosma montana"
2596067103,"Thamnosma montana",-111.504834,33.681668,2020,3,19,"US","HUMAN_OBSERVATION","Thamnosma montana"
3008418390,"Thamnosma montana",-116.402106,33.629477,2020,5,22,"US","HUMAN_OBSERVATION","Thamnosma montana"
2270543630,"Thamnosma montana",-113.108,33.6434,2006,1,27,"US","PRESERVED_SPECIMEN","Thamnosma montana"
3499421867,"Thamnosma montana",-116.441222,33.599122,2022,2,12,"US","HUMAN_OBSERVATION","Thamnosma montana"
2576277380,"Thamnosma montana",-114.009129,33.600322,2020,2,26,"US","HUMAN_OBSERVATION","Thamnosma montana"
1838012044,"Thamnosma montana",-116.460742,33.58219,2018,4,5,"US","HUMAN_OBSERVATION","Thamnosma montana"
3743386374,"Thamnosma montana",-116.424278,33.574467,2022,3,16,"US","HUMAN_OBSERVATION","Thamnosma montana"
3994071047,"Thamnosma montana",-116.392272,33.569588,2022,12,6,"US","HUMAN_OBSERVATION","Thamnosma montana"
1315046651,"Thamnosma montana",-116.365273,33.554997,2015,12,19,"US","HUMAN_OBSERVATION","Thamnosma montana"
1315046967,"Thamnosma montana",-116.351162,33.501905,2016,2,20,"US","HUMAN_OBSERVATION","Thamnosma montana"
3947302330,"Thamnosma montana",-116.558061,33.467264,2022,10,20,"US","HUMAN_OBSERVATION","Thamnosma montana"
1831208878,"Thamnosma montana",-116.536389,33.484722,2018,2,17,"US","HUMAN_OBSERVATION","Thamnosma montana"
3010328301,"Thamnosma montana",-115.33444,33.46472,2020,3,15,"US","PRESERVED_SPECIMEN","Thamnosma montana"
2270632836,"Thamnosma montana",-111.722,33.4943,2004,4,15,"US","PRESERVED_SPECIMEN","Thamnosma montana"
1836647715,"Thamnosma montana",-116.475833,33.418333,2018,3,16,"US","HUMAN_OBSERVATION","Thamnosma montana"
3125088090,"Thamnosma montana",-116.39112,33.42189,2011,3,24,"US","PRESERVED_SPECIMEN","Thamnosma montana"
3017993693,"Thamnosma montana",-116.475717,33.416163,2021,1,1,"US","HUMAN_OBSERVATION","Thamnosma montana"
3988665961,"Thamnosma montana",-116.420783,33.3929,2022,12,2,"US","HUMAN_OBSERVATION","Thamnosma montana"
4028881196,"Thamnosma montana",-116.383562,33.40627,2023,2,4,"US","HUMAN_OBSERVATION","Thamnosma montana"
1836566715,"Thamnosma montana",-116.492222,33.368611,2018,2,28,"US","HUMAN_OBSERVATION","Thamnosma montana"
3018099107,"Thamnosma montana",-116.432384,33.274618,2010,3,4,"US","HUMAN_OBSERVATION","Thamnosma montana"
2609247329,"Thamnosma montana",-116.464541,33.208505,2020,4,22,"US","HUMAN_OBSERVATION","Thamnosma montana"
2574105721,"Thamnosma montana",-116.43737,33.212364,2020,1,31,"US","HUMAN_OBSERVATION","Thamnosma montana"
3759081064,"Thamnosma montana",-116.465582,33.195977,2022,3,26,"US","HUMAN_OBSERVATION","Thamnosma montana"
3759568016,"Thamnosma montana",-116.457615,33.180905,2022,3,26,"US","HUMAN_OBSERVATION","Thamnosma montana"
3455713164,"Thamnosma montana",-116.367969,33.168264,2021,12,14,"US","HUMAN_OBSERVATION","Thamnosma montana"
2236889697,"Thamnosma montana",-116.498316,33.135598,2013,3,16,"US","HUMAN_OBSERVATION","Thamnosma montana"
3070671324,"Thamnosma montana",-116.425481,33.128085,2021,3,25,"US","HUMAN_OBSERVATION","Thamnosma montana"
2597958934,"Thamnosma montana",-116.410573,33.12982,2020,4,8,"US","HUMAN_OBSERVATION","Thamnosma montana"
4022219549,"Thamnosma montana",-116.334025,33.156447,2023,1,17,"US","HUMAN_OBSERVATION","Thamnosma montana"
3032004744,"Thamnosma montana",-116.33076,33.158469,2021,1,13,"US","HUMAN_OBSERVATION","Thamnosma montana"
2422515612,"Thamnosma montana",-114.98892,33.14619,2016,11,3,"US","PRESERVED_SPECIMEN","Thamnosma montana"
2422521271,"Thamnosma montana",-114.9525,33.14361,2017,3,7,"US","PRESERVED_SPECIMEN","Thamnosma montana"
3125141771,"Thamnosma montana",-114.73103,33.16019,2019,3,5,"US","PRESERVED_SPECIMEN","Thamnosma montana"
2236855429,"Thamnosma montana",-116.502864,33.110675,2019,4,11,"US","HUMAN_OBSERVATION","Thamnosma montana"
3759062182,"Thamnosma montana",-116.491804,33.085775,2022,3,27,"US","HUMAN_OBSERVATION","Thamnosma montana"
3466457774,"Thamnosma montana",-116.4306,33.11179,2022,1,30,"US","HUMAN_OBSERVATION","Thamnosma montana"
3773484952,"Thamnosma montana",-116.41321,33.123142,2022,4,30,"US","HUMAN_OBSERVATION","Thamnosma montana"
3125210104,"Thamnosma montana",-116.36454,33.08968,2011,3,1,"US","PRESERVED_SPECIMEN","Thamnosma montana"
2350307180,"Thamnosma montana",-116.58697,33.07815,2019,4,27,"US","HUMAN_OBSERVATION","Thamnosma montana"
3966413942,"Thamnosma montana",-116.50569,33.083024,2022,11,11,"US","HUMAN_OBSERVATION","Thamnosma montana"
2397655975,"Thamnosma montana",-116.466944,33.073611,2019,4,10,"US","HUMAN_OBSERVATION","Thamnosma montana"
2596435623,"Thamnosma montana",-116.430241,33.04963,2020,3,28,"US","HUMAN_OBSERVATION","Thamnosma montana"
3773283677,"Thamnosma montana",-116.406859,33.042332,2022,5,1,"US","HUMAN_OBSERVATION","Thamnosma montana"
3705740688,"Thamnosma montana",-116.363169,33.052344,2022,2,26,"US","HUMAN_OBSERVATION","Thamnosma montana"
3759947480,"Thamnosma montana",-116.331723,33.051506,2022,3,30,"US","HUMAN_OBSERVATION","Thamnosma montana"
3039503685,"Thamnosma montana",-116.290328,33.064658,2021,2,6,"US","HUMAN_OBSERVATION","Thamnosma montana"
2422408813,"Thamnosma montana",-116.11583,33.06861,2000,3,23,"US","PRESERVED_SPECIMEN","Thamnosma montana"
3059040951,"Thamnosma montana",-116.416856,33.004608,2021,3,6,"US","HUMAN_OBSERVATION","Thamnosma montana"
4015238444,"Thamnosma montana",-116.377022,33.007556,2023,1,9,"US","HUMAN_OBSERVATION","Thamnosma montana"
4011874360,"Thamnosma montana",-116.345978,33.018575,2023,1,2,"US","HUMAN_OBSERVATION","Thamnosma montana"
3398972404,"Thamnosma montana",-116.318011,33.037506,2021,10,18,"US","HUMAN_OBSERVATION","Thamnosma montana"
3408175869,"Thamnosma montana",-116.402878,32.994975,2021,10,30,"US","HUMAN_OBSERVATION","Thamnosma montana"
2234784652,"Thamnosma montana",-116.296699,32.9481,2019,3,10,"US","HUMAN_OBSERVATION","Thamnosma montana"
3455600842,"Thamnosma montana",-114.8182,32.885628,2021,3,20,"US","HUMAN_OBSERVATION","Thamnosma montana"
3014082035,"Thamnosma montana",-114.770444,32.88042,2020,12,25,"US","HUMAN_OBSERVATION","Thamnosma montana"
1500348606,"Thamnosma montana",-116.270971,32.762188,2017,5,2,"US","HUMAN_OBSERVATION","Thamnosma montana"
3061570025,"Thamnosma montana",-116.222328,32.750717,2021,3,13,"US","HUMAN_OBSERVATION","Thamnosma montana"
3032040574,"Thamnosma montana",-116.172913,32.764397,2021,1,22,"US","HUMAN_OBSERVATION","Thamnosma montana"
3059135584,"Thamnosma montana",-116.125353,32.768057,2021,2,27,"US","HUMAN_OBSERVATION","Thamnosma montana"
3079699236,"Thamnosma montana",-116.255725,32.727273,2021,4,8,"US","HUMAN_OBSERVATION","Thamnosma montana"
3068059400,"Thamnosma montana",-116.20437,32.74822,2021,3,20,"US","HUMAN_OBSERVATION","Thamnosma montana"
3044871004,"Thamnosma montana",-116.126181,32.736406,2021,2,21,"US","HUMAN_OBSERVATION","Thamnosma montana"
1426441317,"Thamnosma montana",-116.116667,32.733333,2005,3,5,"US","PRESERVED_SPECIMEN","Thamnosma montana"
3059677810,"Thamnosma montana",-115.9675,32.7387,2010,1,7,"US","PRESERVED_SPECIMEN","Thamnosma montana"
3321101505,"Thamnosma montana",-116.098647,32.677313,2021,6,10,"US","HUMAN_OBSERVATION","Thamnosma montana"
3058975178,"Thamnosma montana",-116.078461,32.70207,2021,3,6,"US","HUMAN_OBSERVATION","Thamnosma montana"
2422401635,"Thamnosma montana",-116.22333,32.66306,2003,4,17,"US","PRESERVED_SPECIMEN","Thamnosma montana"
3760066873,"Thamnosma montana",-116.185476,32.64798,2022,4,13,"US","HUMAN_OBSERVATION","Thamnosma montana"
2626139532,"Thamnosma montana",-116.126696,32.651204,2019,12,17,"US","HUMAN_OBSERVATION","Thamnosma montana"
4014961920,"Thamnosma montana",-116.095336,32.64012,2023,1,4,"US","HUMAN_OBSERVATION","Thamnosma montana"
3125216122,"Thamnosma montana",-116.13754,32.62409,2015,4,27,"US","PRESERVED_SPECIMEN","Thamnosma montana"
3947355081,"Thamnosma montana",-116.109719,32.622592,2022,10,19,"US","HUMAN_OBSERVATION","Thamnosma montana"
3873866750,"Thamnosma montana",-116.048141,32.554427,2022,7,24,"MX","HUMAN_OBSERVATION","Thamnosma montana"
1950035750,"Thamnosma montana",-116.065634,32.521186,2009,10,11,"MX","HUMAN_OBSERVATION","Thamnosma montana"
2868297763,"Thamnosma montana",-116.03022,32.534116,2020,9,17,"MX","HUMAN_OBSERVATION","Thamnosma montana"
1839244590,"Thamnosma montana",-116.219101,32.478488,2014,2,12,"MX","HUMAN_OBSERVATION","Thamnosma montana"
3125269956,"Thamnosma montana",-116.11365,32.48027,2013,3,29,"MX","PRESERVED_SPECIMEN","Thamnosma montana"
3125263949,"Thamnosma montana",-116.06543,32.46875,2013,3,29,"MX","PRESERVED_SPECIMEN","Thamnosma montana"
3698368571,"Thamnosma montana",-116.026582,32.484386,2022,2,22,"MX","HUMAN_OBSERVATION","Thamnosma montana"
1836663075,"Thamnosma montana",-115.993028,32.460572,2018,3,19,"MX","HUMAN_OBSERVATION","Thamnosma montana"
2576295676,"Thamnosma montana",-116.094261,32.444228,2020,1,29,"MX","HUMAN_OBSERVATION","Thamnosma montana"
3859996946,"Thamnosma montana",-116.021575,32.439603,2022,4,15,"MX","HUMAN_OBSERVATION","Thamnosma montana"
3759450276,"Thamnosma montana",-115.997038,32.450772,2022,4,7,"MX","HUMAN_OBSERVATION","Thamnosma montana"
3858241976,"Thamnosma montana",-116.002813,32.385559,2022,4,15,"MX","HUMAN_OBSERVATION","Thamnosma montana"
2850632312,"Thamnosma montana",-115.950534,32.411267,2020,8,9,"MX","HUMAN_OBSERVATION","Thamnosma montana"
2634527839,"Thamnosma montana",-115.877873,32.335284,2020,5,23,"MX","HUMAN_OBSERVATION","Thamnosma montana"
3005233815,"Thamnosma montana",-115.867247,32.1816,2020,12,12,"MX","HUMAN_OBSERVATION","Thamnosma montana"
3097330570,"Thamnosma montana",-115.849093,32.111778,2021,4,6,"MX","HUMAN_OBSERVATION","Thamnosma montana"
3759327465,"Thamnosma montana",-115.802747,32.050424,2022,4,9,"MX","HUMAN_OBSERVATION","Thamnosma montana"
3079608981,"Thamnosma montana",-115.799611,32.041408,2021,4,6,"MX","HUMAN_OBSERVATION","Thamnosma montana"
