"gbifID","species","longitude","latitude","year","month","day","countryCode","accepted_name"
2634423682,"Thaspium barbinode",-81.846489,42.303437,2020,5,30,"CA","Thaspium barbinode"
1989468485,"Thaspium barbinode",-84.73858,41.96751,2014,6,21,"US","Thaspium barbinode"
1880598697,"Thaspium barbinode",-84.658564,41.967758,2018,6,23,"US","Thaspium barbinode"
1913656540,"Thaspium barbinode",-84.677949,41.841915,2018,6,23,"US","Thaspium barbinode"
3772637301,"Thaspium barbinode",-81.387086,41.138053,2014,6,6,"US","Thaspium barbinode"
3307174526,"Thaspium barbinode",-87.456408,41.101045,2021,6,9,"US","Thaspium barbinode"
3772745301,"Thaspium barbinode",-81.518171,41.124778,2013,6,1,"US","Thaspium barbinode"
1986992611,"Thaspium barbinode",-86.168889,41.040278,2010,5,20,"US","Thaspium barbinode"
2859163403,"Thaspium barbinode",-80.141667,41.033333,2009,5,16,"US","Thaspium barbinode"
2859439368,"Thaspium barbinode",-80.107697,41.035094,2008,7,17,"US","Thaspium barbinode"
2859246383,"Thaspium barbinode",-78.696957,40.854334,2003,6,15,"US","Thaspium barbinode"
3382651314,"Thaspium barbinode",-78.53654,40.77617,2017,5,5,"US","Thaspium barbinode"
3018026421,"Thaspium barbinode",-88.075492,40.527338,2020,6,16,"US","Thaspium barbinode"
2859404379,"Thaspium barbinode",-79.739711,40.2507709990694,2009,5,12,"US","Thaspium barbinode"
3039136114,"Thaspium barbinode",-75.456382,40.272882,2016,9,27,"US","Thaspium barbinode"
2529255040,"Thaspium barbinode",-88.350992,40.225472,2018,6,1,"US","Thaspium barbinode"
2330734754,"Thaspium barbinode",-87.752625,40.211246,2012,6,6,"US","Thaspium barbinode"
3017985303,"Thaspium barbinode",-87.745353,40.214408,2015,6,6,"US","Thaspium barbinode"
3455297823,"Thaspium barbinode",-77.190311,40.221498,2020,5,5,"US","Thaspium barbinode"
2429630728,"Thaspium barbinode",-87.750464,40.184035,2017,5,5,"US","Thaspium barbinode"
2549973937,"Thaspium barbinode",-87.735613,40.205312,2019,6,2,"US","Thaspium barbinode"
2529294008,"Thaspium barbinode",-88.214347,40.086269,2016,6,12,"US","Thaspium barbinode"
3125103435,"Thaspium barbinode",-90.65,40.06667,2001,6,7,"US","Thaspium barbinode"
2859405368,"Thaspium barbinode",-79.680277,40.0549789990705,2007,8,12,"US","Thaspium barbinode"
3118370963,"Thaspium barbinode",-87.625464,40.030666,2021,5,9,"US","Thaspium barbinode"
2859161389,"Thaspium barbinode",-80.438686,39.992339,2005,6,3,"US","Thaspium barbinode"
2859163395,"Thaspium barbinode",-79.46444,39.977499999071,2006,5,19,"US","Thaspium barbinode"
2859505995,"Thaspium barbinode",-80.0008,39.9497,2017,5,11,"US","Thaspium barbinode"
2859243803,"Thaspium barbinode",-79.99984,39.943066,2012,5,22,"US","Thaspium barbinode"
2859161382,"Thaspium barbinode",-80.11028,39.91528,2003,6,17,"US","Thaspium barbinode"
1500304666,"Thaspium barbinode",-83.831493,39.794109,2017,4,22,"US","Thaspium barbinode"
2859219492,"Thaspium barbinode",-78.41876,39.778471,2016,5,4,"US","Thaspium barbinode"
2859405355,"Thaspium barbinode",-80.05389,39.74889,2003,6,16,"US","Thaspium barbinode"
2859407342,"Thaspium barbinode",-80.041389,39.748611,2004,5,13,"US","Thaspium barbinode"
2574069784,"Thaspium barbinode",-83.891324,39.676602,2017,9,2,"US","Thaspium barbinode"
3039310139,"Thaspium barbinode",-78.46852,39.663109,2020,6,15,"US","Thaspium barbinode"
3039239465,"Thaspium barbinode",-78.338737,39.649303,2020,5,17,"US","Thaspium barbinode"
3456540864,"Thaspium barbinode",-77.880135,39.607384,2021,5,6,"US","Thaspium barbinode"
1930275942,"Thaspium barbinode",-78.66831,39.49333,2012,5,27,"US","Thaspium barbinode"
2576408824,"Thaspium barbinode",-89.597125,39.20227,2017,6,24,"US","Thaspium barbinode"
3773009303,"Thaspium barbinode",-78.002666,38.965052,2016,5,5,"US","Thaspium barbinode"
3395314402,"Thaspium barbinode",-79.320205,38.929185,2020,7,31,"US","Thaspium barbinode"
2251338503,"Thaspium barbinode",-78.146,38.892,2013,7,23,"US","Thaspium barbinode"
3772804301,"Thaspium barbinode",-83.412967,38.773129,2015,8,19,"US","Thaspium barbinode"
2814038742,"Thaspium barbinode",-78.279631,38.762494,2020,7,1,"US","Thaspium barbinode"
3126634303,"Thaspium barbinode",-91.18677,38.64303,2020,5,2,"US","Thaspium barbinode"
2574137751,"Thaspium barbinode",-79.912821,38.631889,2017,5,20,"US","Thaspium barbinode"
177044483,"Thaspium barbinode",-94.75,38.604168,2000,5,30,"US","Thaspium barbinode"
3773167302,"Thaspium barbinode",-78.365971,38.603219,2016,8,14,"US","Thaspium barbinode"
1257842555,"Thaspium barbinode",-90.7867,38.5647,2012,4,30,"US","Thaspium barbinode"
3772761304,"Thaspium barbinode",-78.390258,38.556286,2017,5,7,"US","Thaspium barbinode"
2573805878,"Thaspium barbinode",-78.437404,38.515723,2019,5,26,"US","Thaspium barbinode"
1676086436,"Thaspium barbinode",-94.76897,38.43928,2017,6,1,"US","Thaspium barbinode"
177044906,"Thaspium barbinode",-94.6549,38.416,2005,5,17,"US","Thaspium barbinode"
1261004534,"Thaspium barbinode",-92.108611,38.414722,2004,5,28,"US","Thaspium barbinode"
177045000,"Thaspium barbinode",-94.660833,38.374722,2002,5,23,"US","Thaspium barbinode"
1258054837,"Thaspium barbinode",-93.0815,38.34175,2014,7,15,"US","Thaspium barbinode"
3764106406,"Thaspium barbinode",-84.81661,38.338763,2021,5,18,"US","Thaspium barbinode"
3455971418,"Thaspium barbinode",-84.854984,38.27963,2019,4,24,"US","Thaspium barbinode"
3455234386,"Thaspium barbinode",-84.814651,38.271158,2007,5,18,"US","Thaspium barbinode"
1978076235,"Thaspium barbinode",-84.9717,38.2128,2006,6,1,"US","Thaspium barbinode"
1587348299,"Thaspium barbinode",-94.87686,38.1354,2017,5,13,"US","Thaspium barbinode"
3455296845,"Thaspium barbinode",-86.154325,37.978743,2020,6,4,"US","Thaspium barbinode"
2549972509,"Thaspium barbinode",-84.353013,37.921363,2019,5,10,"US","Thaspium barbinode"
1258168507,"Thaspium barbinode",-93.850278,37.911667,2015,6,2,"US","Thaspium barbinode"
3764486366,"Thaspium barbinode",-84.393575,37.898255,2021,5,18,"US","Thaspium barbinode"
3112442037,"Thaspium barbinode",-84.364158,37.903183,2021,5,3,"US","Thaspium barbinode"
3772675305,"Thaspium barbinode",-77.499633,37.883572,2016,6,10,"US","Thaspium barbinode"
3126639304,"Thaspium barbinode",-90.52967,37.81678,2020,4,28,"US","Thaspium barbinode"
3456285137,"Thaspium barbinode",-84.711978,37.822182,2021,4,23,"US","Thaspium barbinode"
2641457448,"Thaspium barbinode",-79.078247,37.825383,2020,6,6,"US","Thaspium barbinode"
3124734774,"Thaspium barbinode",-83.671617,37.768108,2021,5,21,"US","Thaspium barbinode"
2609143865,"Thaspium barbinode",-83.658312,37.751358,2020,4,18,"US","Thaspium barbinode"
3764146398,"Thaspium barbinode",-85.732647,37.674019,2021,5,15,"US","Thaspium barbinode"
1500342711,"Thaspium barbinode",-79.549002,37.630133,2017,4,29,"US","Thaspium barbinode"
3772452317,"Thaspium barbinode",-85.773664,37.612065,2019,5,10,"US","Thaspium barbinode"
1978076241,"Thaspium barbinode",-84.1509,37.5918,2006,5,31,"US","Thaspium barbinode"
2575159815,"Thaspium barbinode",-83.917,37.467,2015,6,12,"US","Thaspium barbinode"
1258073911,"Thaspium barbinode",-90.33335,37.42486,2014,7,24,"US","Thaspium barbinode"
2620147032,"Thaspium barbinode",-80.279367,37.420442,2020,5,3,"US","Thaspium barbinode"
3399187621,"Thaspium barbinode",-85.767975,37.318467,2021,5,2,"US","Thaspium barbinode"
1258182932,"Thaspium barbinode",-90.55897,37.27864,2015,7,28,"US","Thaspium barbinode"
2597701434,"Thaspium barbinode",-80.001174,37.264315,2020,4,5,"US","Thaspium barbinode"
1258792046,"Thaspium barbinode",-90.216667,37.233333,2001,5,26,"US","Thaspium barbinode"
3041350344,"Thaspium barbinode",-90.18538,37.207134,2020,5,29,"US","Thaspium barbinode"
3113641640,"Thaspium barbinode",-84.737572,37.170203,2021,5,12,"US","Thaspium barbinode"
2464629296,"Thaspium barbinode",-94.64152,37.04324,2014,6,11,"US","Thaspium barbinode"
3455222448,"Thaspium barbinode",-84.415444,37.063998,2020,4,22,"US","Thaspium barbinode"
1257841797,"Thaspium barbinode",-94.523889,37.033611,2011,4,22,"US","Thaspium barbinode"
1257855187,"Thaspium barbinode",-92.06506,37.01136,2011,6,8,"US","Thaspium barbinode"
3764529194,"Thaspium barbinode",-86.383255,36.95367,2022,4,25,"US","Thaspium barbinode"
3456236547,"Thaspium barbinode",-83.289075,36.878216,2019,6,5,"US","Thaspium barbinode"
1258033223,"Thaspium barbinode",-82.625,36.896111,2012,5,26,"US","Thaspium barbinode"
1978076260,"Thaspium barbinode",-85.152222,36.861111,2006,6,2,"US","Thaspium barbinode"
1978064953,"Thaspium barbinode",-85.125235,36.779445,2010,6,26,"US","Thaspium barbinode"
1258825501,"Thaspium barbinode",-93.610278,36.674445,2001,8,2,"US","Thaspium barbinode"
1927847863,"Thaspium barbinode",-80.694806,36.645506,2011,5,11,"US","Thaspium barbinode"
1257891623,"Thaspium barbinode",-93.0847,36.5269,2012,4,14,"US","Thaspium barbinode"
1844417590,"Thaspium barbinode",-81.3155,36.498444,2009,5,27,"US","Thaspium barbinode"
2803062786,"Thaspium barbinode",-94.238008,36.448755,2020,6,14,"US","Thaspium barbinode"
1844417843,"Thaspium barbinode",-81.597056,36.422389,2009,6,6,"US","Thaspium barbinode"
1844417919,"Thaspium barbinode",-81.594222,36.414028,2010,5,27,"US","Thaspium barbinode"
1272113140,"Thaspium barbinode",-81.447776,36.339573,2016,6,4,"US","Thaspium barbinode"
930741189,"Thaspium barbinode",-87.20212,36.31944,2004,4,21,"US","Thaspium barbinode"
2517959339,"Thaspium barbinode",-86.902595,36.271008,2019,10,13,"US","Thaspium barbinode"
1571069303,"Thaspium barbinode",-82.346435,36.277493,2017,4,15,"US","Thaspium barbinode"
2611392073,"Thaspium barbinode",-84.073442,36.208778,2020,4,24,"US","Thaspium barbinode"
1844417518,"Thaspium barbinode",-81.653137,36.21103,2000,5,12,"US","Thaspium barbinode"
3435793297,"Thaspium barbinode",-93.9762,36.20277,2010,7,21,"US","Thaspium barbinode"
3712598454,"Thaspium barbinode",-93.712752,36.201106,2021,5,3,"US","Thaspium barbinode"
2626268585,"Thaspium barbinode",-79.795006,36.172225,2020,5,3,"US","Thaspium barbinode"
3772793304,"Thaspium barbinode",-78.55445,36.186317,2016,4,18,"US","Thaspium barbinode"
3113349554,"Thaspium barbinode",-82.085577,36.121375,2021,5,1,"US","Thaspium barbinode"
1844416947,"Thaspium barbinode",-81.898392,36.115055,2005,6,24,"US","Thaspium barbinode"
2247686170,"Thaspium barbinode",-81.79025,36.121433,2019,5,16,"US","Thaspium barbinode"
3435790536,"Thaspium barbinode",-93.03323,35.96135,2008,7,3,"US","Thaspium barbinode"
930742083,"Thaspium barbinode",-85.71443,35.96589,2007,5,19,"US","Thaspium barbinode"
2234462112,"Thaspium barbinode",-79.266121,35.924071,2011,4,24,"US","Thaspium barbinode"
1880638763,"Thaspium barbinode",-84.956986,35.793892,2018,6,29,"US","Thaspium barbinode"
3772432302,"Thaspium barbinode",-83.494807,35.779609,2017,4,12,"US","Thaspium barbinode"
2619954705,"Thaspium barbinode",-82.375642,35.788455,2020,4,28,"US","Thaspium barbinode"
2610972428,"Thaspium barbinode",-82.169923,35.786557,2010,5,30,"US","Thaspium barbinode"
1844417563,"Thaspium barbinode",-85.375615,35.724956,2001,5,2,"US","Thaspium barbinode"
2269318367,"Thaspium barbinode",-82.338341,35.743008,2019,6,19,"US","Thaspium barbinode"
2611041789,"Thaspium barbinode",-78.703753,35.720967,2020,4,26,"US","Thaspium barbinode"
3455961912,"Thaspium barbinode",-83.596268,35.698981,2016,4,22,"US","Thaspium barbinode"
3039508583,"Thaspium barbinode",-83.518745,35.681914,2017,4,14,"US","Thaspium barbinode"
3772416303,"Thaspium barbinode",-83.393284,35.690807,2017,4,11,"US","Thaspium barbinode"
3059021705,"Thaspium barbinode",-92.520317,35.64185,2021,1,25,"US","Thaspium barbinode"
3773124309,"Thaspium barbinode",-83.710255,35.662156,2018,4,29,"US","Thaspium barbinode"
3113459071,"Thaspium barbinode",-83.489508,35.636869,2021,5,1,"US","Thaspium barbinode"
3773226304,"Thaspium barbinode",-83.489545,35.611764,2016,5,10,"US","Thaspium barbinode"
3773262301,"Thaspium barbinode",-85.711028,35.505388,2016,4,16,"US","Thaspium barbinode"
3113640679,"Thaspium barbinode",-83.010775,35.498615,2021,5,11,"US","Thaspium barbinode"
2234609858,"Thaspium barbinode",-81.074117,35.493667,2015,5,10,"US","Thaspium barbinode"
3772727304,"Thaspium barbinode",-83.054147,35.436021,2017,8,1,"US","Thaspium barbinode"
2273385955,"Thaspium barbinode",-83.123497,35.400071,2002,5,24,"US","Thaspium barbinode"
2634363805,"Thaspium barbinode",-82.778691,35.35332,2020,4,30,"US","Thaspium barbinode"
1259191199,"Thaspium barbinode",-83.94944,35.32972,2003,8,23,"US","Thaspium barbinode"
3109080552,"Thaspium barbinode",-85.901782,35.212602,2021,4,21,"US","Thaspium barbinode"
2611054387,"Thaspium barbinode",-85.23568,35.239637,2020,3,18,"US","Thaspium barbinode"
1899775863,"Thaspium barbinode",-93.629433,35.175788,2018,8,23,"US","Thaspium barbinode"
3772792301,"Thaspium barbinode",-85.914617,35.171132,2015,4,30,"US","Thaspium barbinode"
3112364302,"Thaspium barbinode",-93.598301,35.162722,2016,7,12,"US","Thaspium barbinode"
1899880621,"Thaspium barbinode",-83.43829,35.0231,2016,6,17,"US","Thaspium barbinode"
3772420310,"Thaspium barbinode",-83.411628,35.023186,2018,4,28,"US","Thaspium barbinode"
3707765421,"Thaspium barbinode",-88.216944,34.980556,2007,8,1,"US","Thaspium barbinode"
3764374555,"Thaspium barbinode",-80.151275,34.965363,2022,4,22,"US","Thaspium barbinode"
3707763151,"Thaspium barbinode",-88.1886,34.955,2008,5,21,"US","Thaspium barbinode"
3455546203,"Thaspium barbinode",-86.59697,34.821806,2021,5,14,"US","Thaspium barbinode"
2634554726,"Thaspium barbinode",-86.540803,34.742942,2020,5,21,"US","Thaspium barbinode"
3773282311,"Thaspium barbinode",-85.375798,34.709491,2017,4,1,"US","Thaspium barbinode"
2626380722,"Thaspium barbinode",-93.40278,34.66704,2020,5,11,"US","Thaspium barbinode"
1999465873,"Thaspium barbinode",-81.6675,34.64889,2006,6,29,"US","Thaspium barbinode"
3435791656,"Thaspium barbinode",-92.75857,34.61021,2012,5,2,"US","Thaspium barbinode"
3395302394,"Thaspium barbinode",-84.700589,34.608425,2020,4,9,"US","Thaspium barbinode"
1849093671,"Thaspium barbinode",-81.910417,34.544722,2016,5,2,"US","Thaspium barbinode"
2626312692,"Thaspium barbinode",-93.321341,34.409293,2020,5,11,"US","Thaspium barbinode"
1849099879,"Thaspium barbinode",-81.75401,34.413551,2016,10,24,"US","Thaspium barbinode"
2626399274,"Thaspium barbinode",-87.434465,34.331765,2020,5,14,"US","Thaspium barbinode"
1849155240,"Thaspium barbinode",-82.3538,34.0623,2000,3,31,"US","Thaspium barbinode"
1849136544,"Thaspium barbinode",-82.3333,34.082,2000,5,20,"US","Thaspium barbinode"
1806524951,"Thaspium barbinode",-79.4764,33.9336,2002,5,3,"US","Thaspium barbinode"
1849156979,"Thaspium barbinode",-79.4529,33.9113,2002,6,26,"US","Thaspium barbinode"
3766271951,"Thaspium barbinode",-86.328056,33.797222,2007,5,27,"US","Thaspium barbinode"
3773272330,"Thaspium barbinode",-85.735742,33.727506,2019,9,19,"US","Thaspium barbinode"
1806525003,"Thaspium barbinode",-80.74,33.7468,2002,10,18,"US","Thaspium barbinode"
1849158928,"Thaspium barbinode",-80.5924,33.5804,2000,5,10,"US","Thaspium barbinode"
1849171672,"Thaspium barbinode",-80.481,33.4933,2001,7,12,"US","Thaspium barbinode"
1849150590,"Thaspium barbinode",-79.9266,33.211,2000,8,17,"US","Thaspium barbinode"
1849114408,"Thaspium barbinode",-80.3361,33.1978,2005,9,23,"US","Thaspium barbinode"
2242901696,"Thaspium barbinode",-87.034181,33.057725,2019,5,6,"US","Thaspium barbinode"
3337703865,"Thaspium barbinode",-88.45928,33.019745,2021,8,8,"US","Thaspium barbinode"
3113427593,"Thaspium barbinode",-79.639427,32.99101,2021,5,5,"US","Thaspium barbinode"
3759136676,"Thaspium barbinode",-88.45942,32.90487,2021,8,13,"US","Thaspium barbinode"
3383869811,"Thaspium barbinode",-88.313806,32.915401,2021,7,3,"US","Thaspium barbinode"
2238792016,"Thaspium barbinode",-88.111568,32.67639,2019,4,22,"US","Thaspium barbinode"
1849155857,"Thaspium barbinode",-80.7799,32.6729,2010,5,20,"US","Thaspium barbinode"
3709841322,"Thaspium barbinode",-83.527797,32.4997,2009,5,14,"US","Thaspium barbinode"
3709801563,"Thaspium barbinode",-83.516397,32.448964,2009,5,30,"US","Thaspium barbinode"
3709806141,"Thaspium barbinode",-83.465586,32.420472,2010,5,15,"US","Thaspium barbinode"
3707752998,"Thaspium barbinode",-89.15081,32.25928,2005,5,11,"US","Thaspium barbinode"
3744720383,"Thaspium barbinode",-87.17,32.27,2007,5,23,"US","Thaspium barbinode"
1849129585,"Thaspium barbinode",-88.32275,31.68173,2012,5,4,"US","Thaspium barbinode"
3766274825,"Thaspium barbinode",-86.696889,31.18744,2013,10,26,"US","Thaspium barbinode"
