"gbifID","species","longitude","latitude","year","month","day","countryCode","basisOfRecord","accepted_name"
1931316348,"Vauquelinia californica",-113.508287,37.130537,2006,6,8,"US","PRESERVED_SPECIMEN","Vauquelinia californica"
2422535802,"Vauquelinia californica",-113.58383,37.10467,2009,6,23,"US","PRESERVED_SPECIMEN","Vauquelinia californica"
4068974711,"Vauquelinia californica",-113.565305,37.104662,2009,5,18,"US","PRESERVED_SPECIMEN","Vauquelinia californica"
3059682541,"Vauquelinia californica",-111.7964,34.8633,2009,3,27,"US","PRESERVED_SPECIMEN","Vauquelinia californica"
2270490149,"Vauquelinia californica",-112.41195,33.955783,2011,3,19,"US","PRESERVED_SPECIMEN","Vauquelinia californica"
4039384427,"Vauquelinia californica",-111.353286,33.560346,2022,3,11,"US","HUMAN_OBSERVATION","Vauquelinia californica"
2270682380,"Vauquelinia californica",-112.12994,33.51158,2006,1,23,"US","PRESERVED_SPECIMEN","Vauquelinia californica"
3858840511,"Vauquelinia californica",-111.543472,33.50153,2022,6,5,"US","HUMAN_OBSERVATION","Vauquelinia californica"
3031814587,"Vauquelinia californica",-111.390183,33.512699,2021,1,10,"US","HUMAN_OBSERVATION","Vauquelinia californica"
3988653676,"Vauquelinia californica",-111.458354,33.451543,2022,11,27,"US","HUMAN_OBSERVATION","Vauquelinia californica"
4413468816,"Vauquelinia californica",-111.457322,33.440247,2023,5,29,"US","HUMAN_OBSERVATION","Vauquelinia californica"
4039273370,"Vauquelinia californica",-111.419363,33.409272,2022,1,4,"US","HUMAN_OBSERVATION","Vauquelinia californica"
4103202474,"Vauquelinia californica",-111.410985,33.409241,2023,1,15,"US","HUMAN_OBSERVATION","Vauquelinia californica"
3067649790,"Vauquelinia californica",-111.372819,33.407778,2020,1,15,"US","HUMAN_OBSERVATION","Vauquelinia californica"
4039194563,"Vauquelinia californica",-112.0885,33.371072,2022,5,2,"US","HUMAN_OBSERVATION","Vauquelinia californica"
2269213979,"Vauquelinia californica",-111.433868,33.36737,2017,4,29,"US","HUMAN_OBSERVATION","Vauquelinia californica"
1846483001,"Vauquelinia californica",-112.052916,33.29197,2016,8,30,"US","PRESERVED_SPECIMEN","Vauquelinia californica"
2270667988,"Vauquelinia californica",-111.961,33.3283,2005,5,15,"US","PRESERVED_SPECIMEN","Vauquelinia californica"
1846481005,"Vauquelinia californica",-111.089233,33.297217,2003,3,25,"US","PRESERVED_SPECIMEN","Vauquelinia californica"
4516721370,"Vauquelinia californica",-111.054939,33.315717,2023,3,10,"US","HUMAN_OBSERVATION","Vauquelinia californica"
4516320728,"Vauquelinia californica",-111.132033,33.263249,2023,12,27,"US","HUMAN_OBSERVATION","Vauquelinia californica"
3903268245,"Vauquelinia californica",-111.084769,33.28547,2022,9,8,"US","HUMAN_OBSERVATION","Vauquelinia californica"
4161535372,"Vauquelinia californica",-111.0642,33.25054,2008,9,10,"US","PRESERVED_SPECIMEN","Vauquelinia californica"
2270631266,"Vauquelinia californica",-112.229,33.2275,2003,12,18,"US","PRESERVED_SPECIMEN","Vauquelinia californica"
4102695474,"Vauquelinia californica",-111.768613,33.235098,2023,2,25,"US","HUMAN_OBSERVATION","Vauquelinia californica"
3125138889,"Vauquelinia californica",-111.08765,33.22852,2005,10,4,"US","PRESERVED_SPECIMEN","Vauquelinia californica"
4039174362,"Vauquelinia californica",-111.492872,32.452394,2020,3,14,"US","HUMAN_OBSERVATION","Vauquelinia californica"
4039371552,"Vauquelinia californica",-115.885969,32.398055,2022,5,12,"MX","HUMAN_OBSERVATION","Vauquelinia californica"
4516223240,"Vauquelinia californica",-110.79564,32.375658,2023,11,2,"US","HUMAN_OBSERVATION","Vauquelinia californica"
4006591078,"Vauquelinia californica",-110.705805,32.390863,2022,12,16,"US","HUMAN_OBSERVATION","Vauquelinia californica"
2634052562,"Vauquelinia californica",-115.879849,32.335494,2020,5,23,"MX","HUMAN_OBSERVATION","Vauquelinia californica"
4039152699,"Vauquelinia californica",-110.948,32.342304,2023,1,10,"US","HUMAN_OBSERVATION","Vauquelinia californica"
4021996643,"Vauquelinia californica",-110.890812,32.359583,2023,1,8,"US","HUMAN_OBSERVATION","Vauquelinia californica"
4039393522,"Vauquelinia californica",-110.855683,32.345978,2023,1,22,"US","HUMAN_OBSERVATION","Vauquelinia californica"
4096581448,"Vauquelinia californica",-110.779161,32.342931,2023,4,10,"US","HUMAN_OBSERVATION","Vauquelinia californica"
4063080736,"Vauquelinia californica",-110.725631,32.357817,2023,2,20,"US","HUMAN_OBSERVATION","Vauquelinia californica"
4014994245,"Vauquelinia californica",-110.683503,32.33797,2023,1,7,"US","HUMAN_OBSERVATION","Vauquelinia californica"
4039405997,"Vauquelinia californica",-110.939392,32.32665,2023,2,15,"US","HUMAN_OBSERVATION","Vauquelinia californica"
4096915357,"Vauquelinia californica",-110.792253,32.324828,2023,4,22,"US","HUMAN_OBSERVATION","Vauquelinia californica"
4039325662,"Vauquelinia californica",-110.771808,32.325317,2023,1,5,"US","HUMAN_OBSERVATION","Vauquelinia californica"
4018260077,"Vauquelinia californica",-110.713311,32.323487,2023,1,13,"US","HUMAN_OBSERVATION","Vauquelinia californica"
4039286658,"Vauquelinia californica",-110.694913,32.330871,2023,2,7,"US","HUMAN_OBSERVATION","Vauquelinia californica"
4039155489,"Vauquelinia californica",-115.880616,32.269679,2022,5,13,"MX","HUMAN_OBSERVATION","Vauquelinia californica"
4046333686,"Vauquelinia californica",-111.149052,32.27046,2023,2,20,"US","HUMAN_OBSERVATION","Vauquelinia californica"
4039182418,"Vauquelinia californica",-110.638192,32.271983,2021,3,18,"US","HUMAN_OBSERVATION","Vauquelinia californica"
3032157386,"Vauquelinia californica",-110.356561,32.261353,2021,1,9,"US","HUMAN_OBSERVATION","Vauquelinia californica"
3070750193,"Vauquelinia californica",-115.983441,32.23433,2021,3,24,"MX","HUMAN_OBSERVATION","Vauquelinia californica"
4438676193,"Vauquelinia californica",-111.091582,32.232742,2023,10,25,"US","HUMAN_OBSERVATION","Vauquelinia californica"
1986568912,"Vauquelinia californica",-111.066467,32.23436,2019,1,2,"US","HUMAN_OBSERVATION","Vauquelinia californica"
4507653452,"Vauquelinia californica",-110.953392,32.223888,2023,12,23,"US","HUMAN_OBSERVATION","Vauquelinia californica"
1930410068,"Vauquelinia californica",-110.8167,32.2333,2000,11,30,"US","PRESERVED_SPECIMEN","Vauquelinia californica"
3760207146,"Vauquelinia californica",-110.683625,32.21047,2022,4,7,"US","HUMAN_OBSERVATION","Vauquelinia californica"
4516590317,"Vauquelinia californica",-110.645012,32.224778,2023,5,19,"US","HUMAN_OBSERVATION","Vauquelinia californica"
4103201337,"Vauquelinia californica",-110.921906,32.201447,2020,5,23,"US","HUMAN_OBSERVATION","Vauquelinia californica"
4022300886,"Vauquelinia californica",-110.71817,32.174638,2023,1,1,"US","HUMAN_OBSERVATION","Vauquelinia californica"
3743236665,"Vauquelinia californica",-110.677375,32.179487,2022,3,11,"US","HUMAN_OBSERVATION","Vauquelinia californica"
2901515045,"Vauquelinia californica",-110.426961,32.167226,2020,10,18,"US","HUMAN_OBSERVATION","Vauquelinia californica"
4438823295,"Vauquelinia californica",-110.366102,32.18997,2023,10,27,"US","HUMAN_OBSERVATION","Vauquelinia californica"
2270476273,"Vauquelinia californica",-110.183,32.2033,2004,11,16,"US","PRESERVED_SPECIMEN","Vauquelinia californica"
4138518405,"Vauquelinia californica",-110.71472,32.152436,2023,6,20,"US","HUMAN_OBSERVATION","Vauquelinia californica"
4029109702,"Vauquelinia californica",-110.680642,32.157722,2023,2,2,"US","HUMAN_OBSERVATION","Vauquelinia californica"
3113598457,"Vauquelinia californica",-110.619566,32.161291,2021,5,10,"US","HUMAN_OBSERVATION","Vauquelinia californica"
4039286323,"Vauquelinia californica",-110.578825,32.085713,2019,10,5,"US","HUMAN_OBSERVATION","Vauquelinia californica"
4080611105,"Vauquelinia californica",-112.710077,32.060527,2023,4,7,"US","HUMAN_OBSERVATION","Vauquelinia californica"
4006728034,"Vauquelinia californica",-112.703766,32.080281,2022,12,12,"US","HUMAN_OBSERVATION","Vauquelinia californica"
3892348637,"Vauquelinia californica",-110.625088,32.072136,2022,8,10,"US","HUMAN_OBSERVATION","Vauquelinia californica"
4039259547,"Vauquelinia californica",-110.578319,32.073065,2022,3,5,"US","HUMAN_OBSERVATION","Vauquelinia californica"
1897490289,"Vauquelinia californica",-115.935286,32.024175,2013,7,NA,"MX","PRESERVED_SPECIMEN","Vauquelinia californica"
3743066608,"Vauquelinia californica",-112.846638,32.008401,2022,3,4,"US","HUMAN_OBSERVATION","Vauquelinia californica"
3457160856,"Vauquelinia californica",-112.754403,32.014308,2022,1,4,"US","HUMAN_OBSERVATION","Vauquelinia californica"
4018585142,"Vauquelinia californica",-112.716361,32.038463,2023,1,12,"US","HUMAN_OBSERVATION","Vauquelinia californica"
4075666202,"Vauquelinia californica",-112.684775,32.019497,2023,3,21,"US","HUMAN_OBSERVATION","Vauquelinia californica"
2861420339,"Vauquelinia californica",-111.500633,32.009146,2020,6,19,"US","PRESERVED_SPECIMEN","Vauquelinia californica"
4102596454,"Vauquelinia californica",-110.931039,31.886774,2023,1,8,"US","HUMAN_OBSERVATION","Vauquelinia californica"
2270613484,"Vauquelinia californica",-111.586,31.7897,2000,5,23,"US","PRESERVED_SPECIMEN","Vauquelinia californica"
1640054321,"Vauquelinia californica",-110.959214,31.690571,2017,8,25,"US","HUMAN_OBSERVATION","Vauquelinia californica"
4516389204,"Vauquelinia californica",-110.938178,31.672088,2023,5,11,"US","HUMAN_OBSERVATION","Vauquelinia californica"
4516581156,"Vauquelinia californica",-111.089692,31.545422,2023,5,26,"US","HUMAN_OBSERVATION","Vauquelinia californica"
4153179127,"Vauquelinia californica",-110.244,31.566,2007,6,5,"US","PRESERVED_SPECIMEN","Vauquelinia californica"
4516364167,"Vauquelinia californica",-111.606132,31.533595,2023,5,3,"US","HUMAN_OBSERVATION","Vauquelinia californica"
4039207394,"Vauquelinia californica",-110.865683,31.487805,2022,2,3,"US","HUMAN_OBSERVATION","Vauquelinia californica"
4068978027,"Vauquelinia californica",-109.133778,31.366861,2019,4,10,"US","PRESERVED_SPECIMEN","Vauquelinia californica"
4039143553,"Vauquelinia californica",-109.122237,31.354964,2022,7,15,"US","HUMAN_OBSERVATION","Vauquelinia californica"
4171262875,"Vauquelinia californica",-109.022104,31.269497,2023,5,14,"US","HUMAN_OBSERVATION","Vauquelinia californica"
2807295810,"Vauquelinia californica",-109.63806,31.24083,2003,8,18,"MX","PRESERVED_SPECIMEN","Vauquelinia californica"
3125134842,"Vauquelinia californica",-115.136,30.46885,2012,3,29,"MX","PRESERVED_SPECIMEN","Vauquelinia californica"
3125136885,"Vauquelinia californica",-114.08167,29.36889,2004,4,23,"MX","PRESERVED_SPECIMEN","Vauquelinia californica"
4458642565,"Vauquelinia californica",-113.634358,28.64465,2023,11,22,"MX","HUMAN_OBSERVATION","Vauquelinia californica"
3125129847,"Vauquelinia californica",-113.58079,28.63791,2014,1,30,"MX","PRESERVED_SPECIMEN","Vauquelinia californica"
3125131878,"Vauquelinia californica",-113.61748,28.54345,2009,4,26,"MX","PRESERVED_SPECIMEN","Vauquelinia californica"
3125135850,"Vauquelinia californica",-113.57668,28.51947,2012,10,5,"MX","PRESERVED_SPECIMEN","Vauquelinia californica"
3125132863,"Vauquelinia californica",-113.59625,28.49085,2009,10,10,"MX","PRESERVED_SPECIMEN","Vauquelinia californica"
3125133856,"Vauquelinia californica",-113.0238,27.5798,2011,4,10,"MX","PRESERVED_SPECIMEN","Vauquelinia californica"
4169297611,"Vauquelinia californica",-104.905278,25.740833,2000,2,16,"MX","PRESERVED_SPECIMEN","Vauquelinia californica"
4169334298,"Vauquelinia californica",-104.977778,25.448333,2009,10,13,"MX","PRESERVED_SPECIMEN","Vauquelinia californica"
4169315649,"Vauquelinia californica",-104.9625,25.404444,2009,10,13,"MX","PRESERVED_SPECIMEN","Vauquelinia californica"
4169330699,"Vauquelinia californica",-104.9425,25.048889,2001,11,6,"MX","PRESERVED_SPECIMEN","Vauquelinia californica"
4169291700,"Vauquelinia californica",-104.061667,24.963056,2013,11,21,"MX","PRESERVED_SPECIMEN","Vauquelinia californica"
4169332260,"Vauquelinia californica",-104.776944,24.7875,2013,10,4,"MX","PRESERVED_SPECIMEN","Vauquelinia californica"
