"gbifID","species","longitude","latitude","year","month","day","countryCode","accepted_name"
3456589642,"Zanthoxylum fagara",-97.45066,29.47795,2021,12,12,"US","Zanthoxylum fagara"
2242766642,"Zanthoxylum fagara",-94.920677,29.445827,2019,4,27,"US","Zanthoxylum fagara"
2814352931,"Zanthoxylum fagara",-94.8927,29.429747,2020,6,28,"US","Zanthoxylum fagara"
2611023927,"Zanthoxylum fagara",-94.934797,29.218912,2020,4,26,"US","Zanthoxylum fagara"
2807560495,"Zanthoxylum fagara",-95.19682,29.02229,2014,10,5,"US","Zanthoxylum fagara"
1038342440,"Zanthoxylum fagara",-98.075209,28.924336,2014,10,28,"US","Zanthoxylum fagara"
3743267401,"Zanthoxylum fagara",-80.827142,28.930547,2022,3,17,"US","Zanthoxylum fagara"
1291671759,"Zanthoxylum fagara",-80.80623,28.895928,2016,8,7,"US","Zanthoxylum fagara"
1986629632,"Zanthoxylum fagara",-97.890939,28.842203,2019,1,10,"US","Zanthoxylum fagara"
2988527112,"Zanthoxylum fagara",-97.867958,28.870278,2020,11,14,"US","Zanthoxylum fagara"
3698217093,"Zanthoxylum fagara",-80.777072,28.85794,2022,2,22,"US","Zanthoxylum fagara"
1836585920,"Zanthoxylum fagara",-101.303312,28.783499,2018,3,3,"MX","Zanthoxylum fagara"
1990476031,"Zanthoxylum fagara",-97.958045,28.776008,2019,1,11,"US","Zanthoxylum fagara"
1990483513,"Zanthoxylum fagara",-97.845386,28.735104,2019,1,12,"US","Zanthoxylum fagara"
1986503115,"Zanthoxylum fagara",-96.708312,28.742141,2018,7,31,"US","Zanthoxylum fagara"
1850988773,"Zanthoxylum fagara",-97.388326,28.668325,2013,5,9,"US","Zanthoxylum fagara"
3466071911,"Zanthoxylum fagara",-97.386559,28.659142,2022,1,30,"US","Zanthoxylum fagara"
1836594313,"Zanthoxylum fagara",-96.085122,28.635883,2018,3,3,"US","Zanthoxylum fagara"
3109395544,"Zanthoxylum fagara",-82.395866,28.648375,2021,4,29,"US","Zanthoxylum fagara"
3321116147,"Zanthoxylum fagara",-80.630998,28.653207,2021,6,28,"US","Zanthoxylum fagara"
3039133266,"Zanthoxylum fagara",-81.98146,28.596753,2020,10,2,"US","Zanthoxylum fagara"
3067980411,"Zanthoxylum fagara",-81.994055,28.568667,2021,3,10,"US","Zanthoxylum fagara"
1990492791,"Zanthoxylum fagara",-97.987175,28.510085,2019,1,13,"US","Zanthoxylum fagara"
1990570390,"Zanthoxylum fagara",-97.802415,28.522564,2019,1,23,"US","Zanthoxylum fagara"
2236892775,"Zanthoxylum fagara",-81.994811,28.504685,2019,3,23,"US","Zanthoxylum fagara"
3039373161,"Zanthoxylum fagara",-80.796707,28.532202,2021,1,31,"US","Zanthoxylum fagara"
3384156618,"Zanthoxylum fagara",-96.888024,28.456974,2021,7,5,"US","Zanthoxylum fagara"
3712435485,"Zanthoxylum fagara",-96.827795,28.446702,2022,1,1,"US","Zanthoxylum fagara"
2596260746,"Zanthoxylum fagara",-97.82111,28.408992,2020,3,23,"US","Zanthoxylum fagara"
3113385877,"Zanthoxylum fagara",-97.768097,28.403625,2021,5,13,"US","Zanthoxylum fagara"
3008408084,"Zanthoxylum fagara",-98.115897,28.372862,2020,12,23,"US","Zanthoxylum fagara"
3712748367,"Zanthoxylum fagara",-97.944869,28.344276,2021,3,12,"US","Zanthoxylum fagara"
2550061235,"Zanthoxylum fagara",-80.609383,28.336533,2020,1,4,"US","Zanthoxylum fagara"
2814072771,"Zanthoxylum fagara",-101.003225,28.295602,2020,6,17,"MX","Zanthoxylum fagara"
1935608461,"Zanthoxylum fagara",-99.392791,28.322473,2018,10,24,"US","Zanthoxylum fagara"
1831208279,"Zanthoxylum fagara",-97.280186,28.297306,2018,2,17,"US","Zanthoxylum fagara"
3698364714,"Zanthoxylum fagara",-96.940874,28.309897,2022,2,21,"US","Zanthoxylum fagara"
3457166227,"Zanthoxylum fagara",-96.804724,28.305369,2022,1,5,"US","Zanthoxylum fagara"
1986502705,"Zanthoxylum fagara",-97.308133,28.237857,2018,7,25,"US","Zanthoxylum fagara"
3455351662,"Zanthoxylum fagara",-97.570376,28.171377,2021,11,26,"US","Zanthoxylum fagara"
2013750723,"Zanthoxylum fagara",-97.708211,28.131415,2019,3,13,"US","Zanthoxylum fagara"
2242905355,"Zanthoxylum fagara",-97.397511,28.137935,2019,5,8,"US","Zanthoxylum fagara"
2823131846,"Zanthoxylum fagara",-97.003078,28.157468,2020,7,15,"US","Zanthoxylum fagara"
3416046747,"Zanthoxylum fagara",-96.985982,28.133254,2021,11,15,"US","Zanthoxylum fagara"
1986512521,"Zanthoxylum fagara",-98.323255,28.104525,2018,11,14,"US","Zanthoxylum fagara"
3327786172,"Zanthoxylum fagara",-97.418496,28.102371,2021,7,12,"US","Zanthoxylum fagara"
3327739065,"Zanthoxylum fagara",-97.415791,28.115024,2021,7,11,"US","Zanthoxylum fagara"
3455886290,"Zanthoxylum fagara",-97.051964,28.095481,2021,12,20,"US","Zanthoxylum fagara"
3759183980,"Zanthoxylum fagara",-97.876295,28.057397,2022,3,23,"US","Zanthoxylum fagara"
1806359728,"Zanthoxylum fagara",-97.85552,28.068103,2006,2,19,"US","Zanthoxylum fagara"
3327885348,"Zanthoxylum fagara",-97.381026,28.042796,2021,7,13,"US","Zanthoxylum fagara"
2235478563,"Zanthoxylum fagara",-97.0573,28.006407,2019,3,27,"US","Zanthoxylum fagara"
1503244266,"Zanthoxylum fagara",-82.626,28.0279,2002,3,6,"US","Zanthoxylum fagara"
1848769559,"Zanthoxylum fagara",-99.963892,27.961148,2018,4,27,"MX","Zanthoxylum fagara"
1836664226,"Zanthoxylum fagara",-98.324537,27.963212,2018,3,20,"US","Zanthoxylum fagara"
2603322973,"Zanthoxylum fagara",-97.812058,27.998028,2020,4,10,"US","Zanthoxylum fagara"
3039352461,"Zanthoxylum fagara",-97.21278,27.976943,2021,1,15,"US","Zanthoxylum fagara"
3698177707,"Zanthoxylum fagara",-80.525262,27.997753,2022,2,20,"US","Zanthoxylum fagara"
1883568658,"Zanthoxylum fagara",-97.930062,27.939309,2017,3,16,"US","Zanthoxylum fagara"
1890672743,"Zanthoxylum fagara",-97.857225,27.953723,2018,7,26,"US","Zanthoxylum fagara"
1931140521,"Zanthoxylum fagara",-97.76479,27.93607,2017,5,1,"US","Zanthoxylum fagara"
3008467834,"Zanthoxylum fagara",-97.604155,27.921027,2020,12,19,"US","Zanthoxylum fagara"
1831234186,"Zanthoxylum fagara",-97.199693,27.944026,2018,2,24,"US","Zanthoxylum fagara"
2005346967,"Zanthoxylum fagara",-97.699965,27.903762,2019,2,15,"US","Zanthoxylum fagara"
2423134157,"Zanthoxylum fagara",-97.409754,27.879764,2019,9,18,"US","Zanthoxylum fagara"
3097190415,"Zanthoxylum fagara",-80.475234,27.902176,2021,4,20,"US","Zanthoxylum fagara"
3079577692,"Zanthoxylum fagara",-98.505888,27.860563,2020,1,18,"US","Zanthoxylum fagara"
2856488368,"Zanthoxylum fagara",-98.425063,27.864283,2020,4,9,"US","Zanthoxylum fagara"
2868318768,"Zanthoxylum fagara",-97.642337,27.865362,2020,9,19,"US","Zanthoxylum fagara"
1944413883,"Zanthoxylum fagara",-97.593694,27.846218,2018,11,14,"US","Zanthoxylum fagara"
3456224342,"Zanthoxylum fagara",-97.085323,27.834743,2022,1,19,"US","Zanthoxylum fagara"
3759269277,"Zanthoxylum fagara",-80.457142,27.872053,2022,4,13,"US","Zanthoxylum fagara"
1836657432,"Zanthoxylum fagara",-98.597614,27.823783,2018,3,19,"US","Zanthoxylum fagara"
2397123914,"Zanthoxylum fagara",-98.537587,27.802651,2018,3,19,"US","Zanthoxylum fagara"
2963850215,"Zanthoxylum fagara",-97.820726,27.797238,2020,10,29,"US","Zanthoxylum fagara"
3760148211,"Zanthoxylum fagara",-97.399702,27.791733,2022,4,9,"US","Zanthoxylum fagara"
3759380450,"Zanthoxylum fagara",-80.43045,27.803322,2022,3,30,"US","Zanthoxylum fagara"
3456944404,"Zanthoxylum fagara",-99.432313,27.766347,2021,12,26,"US","Zanthoxylum fagara"
3466156375,"Zanthoxylum fagara",-97.399887,27.791653,2022,1,26,"US","Zanthoxylum fagara"
2460098257,"Zanthoxylum fagara",-80.416181,27.756585,2019,11,21,"US","Zanthoxylum fagara"
1897350311,"Zanthoxylum fagara",-101.447222,27.7175,2006,9,29,"MX","Zanthoxylum fagara"
3466406610,"Zanthoxylum fagara",-97.330165,27.713265,2022,1,27,"US","Zanthoxylum fagara"
3344051344,"Zanthoxylum fagara",-97.40123,27.667072,2019,4,26,"US","Zanthoxylum fagara"
3070278181,"Zanthoxylum fagara",-97.336227,27.704657,2020,11,18,"US","Zanthoxylum fagara"
3466254790,"Zanthoxylum fagara",-97.328465,27.669268,2022,1,26,"US","Zanthoxylum fagara"
3314292847,"Zanthoxylum fagara",-97.40553,27.654223,2021,4,24,"US","Zanthoxylum fagara"
3698141696,"Zanthoxylum fagara",-97.327775,27.665764,2022,2,22,"US","Zanthoxylum fagara"
2422973556,"Zanthoxylum fagara",-99.538721,27.621241,2019,9,8,"US","Zanthoxylum fagara"
3712734248,"Zanthoxylum fagara",-99.473892,27.59675,2022,2,4,"US","Zanthoxylum fagara"
2252055172,"Zanthoxylum fagara",-82.551963,27.601458,2019,5,30,"US","Zanthoxylum fagara"
3039211923,"Zanthoxylum fagara",-99.428985,27.571201,2021,2,9,"US","Zanthoxylum fagara"
2807451441,"Zanthoxylum fagara",-98.04828,27.54842,2006,9,26,"US","Zanthoxylum fagara"
3712668284,"Zanthoxylum fagara",-82.539797,27.553342,2022,3,9,"US","Zanthoxylum fagara"
3705459235,"Zanthoxylum fagara",-97.89738,27.520339,2022,3,2,"US","Zanthoxylum fagara"
2999172036,"Zanthoxylum fagara",-97.839953,27.52011,2020,12,8,"US","Zanthoxylum fagara"
3008446995,"Zanthoxylum fagara",-82.676528,27.503357,2020,12,22,"US","Zanthoxylum fagara"
3760024668,"Zanthoxylum fagara",-82.626932,27.532236,2022,4,10,"US","Zanthoxylum fagara"
3314166332,"Zanthoxylum fagara",-82.45073,27.534187,2020,2,23,"US","Zanthoxylum fagara"
3384544423,"Zanthoxylum fagara",-82.360812,27.509401,2021,9,25,"US","Zanthoxylum fagara"
2576347592,"Zanthoxylum fagara",-99.472822,27.462201,2020,3,1,"US","Zanthoxylum fagara"
3398906419,"Zanthoxylum fagara",-97.892514,27.469168,2021,10,18,"US","Zanthoxylum fagara"
3742986344,"Zanthoxylum fagara",-97.842852,27.472962,2021,3,30,"US","Zanthoxylum fagara"
2807438715,"Zanthoxylum fagara",-97.82389,27.46875,2006,5,2,"US","Zanthoxylum fagara"
3407920887,"Zanthoxylum fagara",-82.672048,27.499374,2021,10,29,"US","Zanthoxylum fagara"
1503248178,"Zanthoxylum fagara",-81.9167,27.4667,2003,11,11,"US","Zanthoxylum fagara"
3456597073,"Zanthoxylum fagara",-81.548619,27.467989,2021,12,29,"US","Zanthoxylum fagara"
3097149882,"Zanthoxylum fagara",-81.539597,27.47197,2021,4,17,"US","Zanthoxylum fagara"
2856733324,"Zanthoxylum fagara",-80.297112,27.466444,2019,4,22,"US","Zanthoxylum fagara"
3031769601,"Zanthoxylum fagara",-82.580488,27.409505,2021,1,22,"US","Zanthoxylum fagara"
3090650970,"Zanthoxylum fagara",-98.224145,27.339967,2021,4,14,"US","Zanthoxylum fagara"
3398742928,"Zanthoxylum fagara",-82.483415,27.349261,2021,10,8,"US","Zanthoxylum fagara"
1503253070,"Zanthoxylum fagara",-81.35,27.3667,2004,6,8,"US","Zanthoxylum fagara"
2596171048,"Zanthoxylum fagara",-97.726983,27.317543,2020,3,31,"US","Zanthoxylum fagara"
2647350292,"Zanthoxylum fagara",-82.523359,27.321668,2018,5,25,"US","Zanthoxylum fagara"
3456522045,"Zanthoxylum fagara",-80.229277,27.325839,2022,1,13,"US","Zanthoxylum fagara"
3301812129,"Zanthoxylum fagara",-98.623863,27.261696,2021,5,29,"US","Zanthoxylum fagara"
2237487416,"Zanthoxylum fagara",-97.69977,27.291153,2019,4,20,"US","Zanthoxylum fagara"
3325587625,"Zanthoxylum fagara",-99.445077,27.235078,2021,6,29,"US","Zanthoxylum fagara"
2856767360,"Zanthoxylum fagara",-80.958016,27.220337,2020,4,25,"US","Zanthoxylum fagara"
3031686219,"Zanthoxylum fagara",-82.49832,27.203652,2021,1,18,"US","Zanthoxylum fagara"
2864609724,"Zanthoxylum fagara",-80.525816,27.138076,2020,9,11,"US","Zanthoxylum fagara"
2850992055,"Zanthoxylum fagara",-80.183219,27.157514,2020,8,3,"US","Zanthoxylum fagara"
2856733793,"Zanthoxylum fagara",-80.129447,27.092531,2020,8,22,"US","Zanthoxylum fagara"
1038347290,"Zanthoxylum fagara",-99.418545,27.083262,2010,1,4,"US","Zanthoxylum fagara"
3407953611,"Zanthoxylum fagara",-82.443394,27.058364,2021,10,11,"US","Zanthoxylum fagara"
2976129911,"Zanthoxylum fagara",-82.032324,27.021797,2020,9,17,"US","Zanthoxylum fagara"
1503266063,"Zanthoxylum fagara",-81.8817,27.0222,2012,1,16,"US","Zanthoxylum fagara"
2856770061,"Zanthoxylum fagara",-80.4441,27.019789,2020,8,24,"US","Zanthoxylum fagara"
2596312737,"Zanthoxylum fagara",-80.11045,27.036011,2020,3,22,"US","Zanthoxylum fagara"
2984506600,"Zanthoxylum fagara",-80.084189,26.978718,2020,11,7,"US","Zanthoxylum fagara"
3499385910,"Zanthoxylum fagara",-80.081068,26.949348,2022,2,13,"US","Zanthoxylum fagara"
3455577162,"Zanthoxylum fagara",-80.11776,26.888553,2021,12,17,"US","Zanthoxylum fagara"
3307153804,"Zanthoxylum fagara",-98.780212,26.861375,2021,6,8,"US","Zanthoxylum fagara"
3747079722,"Zanthoxylum fagara",-80.072905,26.856945,2022,3,19,"US","Zanthoxylum fagara"
2850734110,"Zanthoxylum fagara",-99.794712,26.803571,2020,8,7,"MX","Zanthoxylum fagara"
3466319269,"Zanthoxylum fagara",-80.043699,26.828718,2022,1,29,"US","Zanthoxylum fagara"
2013683484,"Zanthoxylum fagara",-80.055064,26.789686,2018,7,28,"US","Zanthoxylum fagara"
2251907053,"Zanthoxylum fagara",-99.152235,26.708654,2019,5,26,"US","Zanthoxylum fagara"
1945455219,"Zanthoxylum fagara",-98.464658,26.708826,2018,11,17,"US","Zanthoxylum fagara"
2236234165,"Zanthoxylum fagara",-98.455376,26.714348,2019,4,6,"US","Zanthoxylum fagara"
2579238036,"Zanthoxylum fagara",-98.408356,26.712339,2020,3,7,"US","Zanthoxylum fagara"
3090659848,"Zanthoxylum fagara",-81.533829,26.723562,2021,4,14,"US","Zanthoxylum fagara"
3712512518,"Zanthoxylum fagara",-98.421555,26.669022,2022,3,4,"US","Zanthoxylum fagara"
3070536458,"Zanthoxylum fagara",-98.369954,26.625326,2021,1,9,"US","Zanthoxylum fagara"
2826362148,"Zanthoxylum fagara",-82.153094,26.661343,2020,7,26,"US","Zanthoxylum fagara"
3743023154,"Zanthoxylum fagara",-99.149606,26.584618,2022,3,14,"US","Zanthoxylum fagara"
3456603891,"Zanthoxylum fagara",-98.645767,26.596444,2014,3,8,"US","Zanthoxylum fagara"
2580139145,"Zanthoxylum fagara",-97.83044,26.598488,2020,3,13,"US","Zanthoxylum fagara"
2238881240,"Zanthoxylum fagara",-80.041503,26.584628,2019,4,27,"US","Zanthoxylum fagara"
3455888949,"Zanthoxylum fagara",-99.124617,26.566087,2021,12,27,"US","Zanthoxylum fagara"
3070474686,"Zanthoxylum fagara",-99.030594,26.571184,2019,8,25,"US","Zanthoxylum fagara"
1990546246,"Zanthoxylum fagara",-98.531701,26.546179,2019,1,19,"US","Zanthoxylum fagara"
3772900010,"Zanthoxylum fagara",-81.980816,26.547951,2022,5,6,"US","Zanthoxylum fagara"
3760131710,"Zanthoxylum fagara",-81.860382,26.552811,2022,4,12,"US","Zanthoxylum fagara"
3468968510,"Zanthoxylum fagara",-80.074523,26.566419,2022,2,10,"US","Zanthoxylum fagara"
3384953697,"Zanthoxylum fagara",-100.518315,26.53326,2021,9,12,"MX","Zanthoxylum fagara"
3456810496,"Zanthoxylum fagara",-99.115342,26.514317,2021,11,20,"US","Zanthoxylum fagara"
2803141229,"Zanthoxylum fagara",-98.089953,26.533785,2020,6,23,"US","Zanthoxylum fagara"
1843244545,"Zanthoxylum fagara",-98.074653,26.527519,2017,5,23,"US","Zanthoxylum fagara"
3031936047,"Zanthoxylum fagara",-97.982441,26.533975,2020,11,3,"US","Zanthoxylum fagara"
1986496890,"Zanthoxylum fagara",-97.667563,26.541495,2014,12,13,"US","Zanthoxylum fagara"
2012949376,"Zanthoxylum fagara",-81.877022,26.533492,2018,9,20,"US","Zanthoxylum fagara"
1453116026,"Zanthoxylum fagara",-100.218414,26.482498,2016,9,17,"MX","Zanthoxylum fagara"
3456605925,"Zanthoxylum fagara",-82.169633,26.481517,2022,1,11,"US","Zanthoxylum fagara"
3712466993,"Zanthoxylum fagara",-82.151719,26.4726,2022,2,26,"US","Zanthoxylum fagara"
2611248999,"Zanthoxylum fagara",-81.966778,26.464263,2020,4,29,"US","Zanthoxylum fagara"
3398995413,"Zanthoxylum fagara",-81.774226,26.46481,2021,10,28,"US","Zanthoxylum fagara"
3014087751,"Zanthoxylum fagara",-81.180553,26.481175,2020,12,26,"US","Zanthoxylum fagara"
2529355424,"Zanthoxylum fagara",-82.125621,26.436739,2019,12,14,"US","Zanthoxylum fagara"
3466106900,"Zanthoxylum fagara",-82.083466,26.435442,2022,1,26,"US","Zanthoxylum fagara"
3039332424,"Zanthoxylum fagara",-82.064829,26.429606,2021,2,4,"US","Zanthoxylum fagara"
3067799786,"Zanthoxylum fagara",-82.015077,26.452185,2021,3,24,"US","Zanthoxylum fagara"
3039286680,"Zanthoxylum fagara",-98.725044,26.396177,2021,2,6,"US","Zanthoxylum fagara"
3014081822,"Zanthoxylum fagara",-81.874312,26.39382,2020,12,26,"US","Zanthoxylum fagara"
3747250590,"Zanthoxylum fagara",-80.101997,26.378555,2022,3,19,"US","Zanthoxylum fagara"
3109287970,"Zanthoxylum fagara",-98.732214,26.356552,2021,4,25,"US","Zanthoxylum fagara"
3772777162,"Zanthoxylum fagara",-98.687832,26.370853,2022,5,1,"US","Zanthoxylum fagara"
1453390748,"Zanthoxylum fagara",-97.409366,26.345943,2017,1,29,"US","Zanthoxylum fagara"
3743094941,"Zanthoxylum fagara",-80.940464,26.33957,2022,3,15,"US","Zanthoxylum fagara"
2859948332,"Zanthoxylum fagara",-80.126509,26.344595,2019,5,24,"US","Zanthoxylum fagara"
2864781731,"Zanthoxylum fagara",-80.069725,26.350702,2020,9,16,"US","Zanthoxylum fagara"
3302453792,"Zanthoxylum fagara",-98.769287,26.333118,2019,6,23,"US","Zanthoxylum fagara"
2611255879,"Zanthoxylum fagara",-98.163343,26.301737,2020,4,24,"US","Zanthoxylum fagara"
2988596053,"Zanthoxylum fagara",-97.862521,26.308017,2020,11,10,"US","Zanthoxylum fagara"
3772937308,"Zanthoxylum fagara",-97.522912,26.317337,2022,5,1,"US","Zanthoxylum fagara"
2626373823,"Zanthoxylum fagara",-80.193051,26.317887,2020,4,26,"US","Zanthoxylum fagara"
2540842898,"Zanthoxylum fagara",-80.091947,26.298925,2019,12,21,"US","Zanthoxylum fagara"
2013687000,"Zanthoxylum fagara",-80.077942,26.296695,2018,12,25,"US","Zanthoxylum fagara"
1841290260,"Zanthoxylum fagara",-98.533809,26.260527,2018,4,30,"US","Zanthoxylum fagara"
2529309253,"Zanthoxylum fagara",-98.469628,26.252829,2019,12,7,"US","Zanthoxylum fagara"
3112393140,"Zanthoxylum fagara",-98.186422,26.291476,2021,4,30,"US","Zanthoxylum fagara"
3772666801,"Zanthoxylum fagara",-97.562684,26.266852,2022,4,29,"US","Zanthoxylum fagara"
2596454792,"Zanthoxylum fagara",-98.37624,26.21823,2020,3,29,"US","Zanthoxylum fagara"
3772881884,"Zanthoxylum fagara",-97.552295,26.215771,2022,5,2,"US","Zanthoxylum fagara"
3698109719,"Zanthoxylum fagara",-97.347359,26.229025,2022,2,20,"US","Zanthoxylum fagara"
3712746134,"Zanthoxylum fagara",-80.459439,26.230848,2022,3,9,"US","Zanthoxylum fagara"
3465970026,"Zanthoxylum fagara",-80.187327,26.228618,2022,1,23,"US","Zanthoxylum fagara"
3456434722,"Zanthoxylum fagara",-98.379988,26.183532,2021,12,24,"US","Zanthoxylum fagara"
3772660812,"Zanthoxylum fagara",-98.365644,26.177145,2022,4,30,"US","Zanthoxylum fagara"
3773594087,"Zanthoxylum fagara",-98.33055,26.182711,2022,5,2,"US","Zanthoxylum fagara"
3455601849,"Zanthoxylum fagara",-98.267976,26.204895,2022,1,5,"US","Zanthoxylum fagara"
3112372078,"Zanthoxylum fagara",-98.230069,26.175393,2021,5,1,"US","Zanthoxylum fagara"
3743196619,"Zanthoxylum fagara",-98.192762,26.18938,2022,3,12,"US","Zanthoxylum fagara"
3773563657,"Zanthoxylum fagara",-97.685,26.173056,2022,5,2,"US","Zanthoxylum fagara"
3772667269,"Zanthoxylum fagara",-97.664049,26.185922,2022,5,1,"US","Zanthoxylum fagara"
3759309195,"Zanthoxylum fagara",-97.385238,26.198925,2022,4,7,"US","Zanthoxylum fagara"
3320944426,"Zanthoxylum fagara",-97.35114,26.182203,2021,4,8,"US","Zanthoxylum fagara"
3307162829,"Zanthoxylum fagara",-81.26696,26.175549,2021,6,13,"US","Zanthoxylum fagara"
3457170355,"Zanthoxylum fagara",-97.996825,26.159115,2022,1,19,"US","Zanthoxylum fagara"
3070638536,"Zanthoxylum fagara",-97.94925,26.129911,2021,3,30,"US","Zanthoxylum fagara"
3067841804,"Zanthoxylum fagara",-97.753742,26.129554,2020,4,24,"US","Zanthoxylum fagara"
3112784407,"Zanthoxylum fagara",-97.708837,26.161604,2021,5,1,"US","Zanthoxylum fagara"
3018118643,"Zanthoxylum fagara",-97.350875,26.143803,2020,12,31,"US","Zanthoxylum fagara"
1453339383,"Zanthoxylum fagara",-97.304642,26.135788,2017,1,8,"US","Zanthoxylum fagara"
3112551472,"Zanthoxylum fagara",-81.78389,26.158401,2021,4,29,"US","Zanthoxylum fagara"
3302218116,"Zanthoxylum fagara",-80.362477,26.128224,2021,6,9,"US","Zanthoxylum fagara"
1269560238,"Zanthoxylum fagara",-80.142126,26.151816,2016,5,15,"US","Zanthoxylum fagara"
3384422898,"Zanthoxylum fagara",-98.135086,26.084178,2021,9,19,"US","Zanthoxylum fagara"
2999217093,"Zanthoxylum fagara",-97.96184,26.121328,2020,12,9,"US","Zanthoxylum fagara"
3499363053,"Zanthoxylum fagara",-97.956962,26.121354,2022,2,15,"US","Zanthoxylum fagara"
3112561214,"Zanthoxylum fagara",-97.626808,26.115304,2021,5,1,"US","Zanthoxylum fagara"
3499436578,"Zanthoxylum fagara",-97.310391,26.118103,2022,2,10,"US","Zanthoxylum fagara"
2898452604,"Zanthoxylum fagara",-81.758111,26.114651,2020,10,7,"US","Zanthoxylum fagara"
2597766063,"Zanthoxylum fagara",-81.26523,26.09594,2020,4,9,"US","Zanthoxylum fagara"
2992672420,"Zanthoxylum fagara",-99.541689,26.053685,2020,2,1,"MX","Zanthoxylum fagara"
1990605251,"Zanthoxylum fagara",-98.297895,26.050841,2019,1,19,"MX","Zanthoxylum fagara"
3743171613,"Zanthoxylum fagara",-98.137025,26.080283,2022,3,12,"US","Zanthoxylum fagara"
3773050823,"Zanthoxylum fagara",-97.721233,26.049137,2022,5,1,"US","Zanthoxylum fagara"
1831237741,"Zanthoxylum fagara",-97.398498,26.06689,2018,2,25,"US","Zanthoxylum fagara"
3032057342,"Zanthoxylum fagara",-80.323953,26.076758,2021,1,9,"US","Zanthoxylum fagara"
3327859636,"Zanthoxylum fagara",-80.274546,26.069167,2021,7,15,"US","Zanthoxylum fagara"
2814014163,"Zanthoxylum fagara",-99.53888,26.01609,2020,7,5,"MX","Zanthoxylum fagara"
3067635613,"Zanthoxylum fagara",-97.799608,26.00365,2019,10,6,"US","Zanthoxylum fagara"
3067783623,"Zanthoxylum fagara",-97.68928,26.00964,2021,3,24,"US","Zanthoxylum fagara"
1843245919,"Zanthoxylum fagara",-97.567561,26.001881,2017,6,8,"US","Zanthoxylum fagara"
3747106595,"Zanthoxylum fagara",-97.478677,26.016832,2022,3,19,"US","Zanthoxylum fagara"
3061727577,"Zanthoxylum fagara",-97.284744,26.011575,2021,3,8,"US","Zanthoxylum fagara"
3466208405,"Zanthoxylum fagara",-80.114547,26.041131,2022,1,30,"US","Zanthoxylum fagara"
2807396563,"Zanthoxylum fagara",-100.12028,25.98444,2001,11,12,"MX","Zanthoxylum fagara"
3455901586,"Zanthoxylum fagara",-97.567659,25.997228,2022,1,3,"US","Zanthoxylum fagara"
3118204458,"Zanthoxylum fagara",-81.593978,25.98854,2021,5,18,"US","Zanthoxylum fagara"
3302123548,"Zanthoxylum fagara",-80.35605,25.962072,2021,4,26,"US","Zanthoxylum fagara"
1586148369,"Zanthoxylum fagara",-100.470444,25.925585,2017,8,4,"MX","Zanthoxylum fagara"
3031718608,"Zanthoxylum fagara",-97.544005,25.957005,2021,1,23,"US","Zanthoxylum fagara"
3061656556,"Zanthoxylum fagara",-97.341156,25.950858,2021,3,8,"US","Zanthoxylum fagara"
3090945819,"Zanthoxylum fagara",-97.298028,25.944638,2021,4,11,"US","Zanthoxylum fagara"
3090752670,"Zanthoxylum fagara",-97.284662,25.943603,2021,4,11,"US","Zanthoxylum fagara"
2873736352,"Zanthoxylum fagara",-80.152549,25.939374,2019,9,30,"US","Zanthoxylum fagara"
3005200784,"Zanthoxylum fagara",-81.698813,25.91128,2020,12,12,"US","Zanthoxylum fagara"
2823231857,"Zanthoxylum fagara",-81.032175,25.875294,2020,7,18,"US","Zanthoxylum fagara"
3772673119,"Zanthoxylum fagara",-80.160521,25.9021,2022,4,30,"US","Zanthoxylum fagara"
3746989008,"Zanthoxylum fagara",-108.478988,25.845505,2022,3,23,"MX","Zanthoxylum fagara"
3384730475,"Zanthoxylum fagara",-100.15828,25.859758,2021,9,26,"MX","Zanthoxylum fagara"
3384098299,"Zanthoxylum fagara",-97.531506,25.859928,2021,8,14,"MX","Zanthoxylum fagara"
3031707048,"Zanthoxylum fagara",-97.420345,25.851421,2021,1,16,"US","Zanthoxylum fagara"
2984532920,"Zanthoxylum fagara",-97.415307,25.856062,2020,11,10,"US","Zanthoxylum fagara"
3302153808,"Zanthoxylum fagara",-100.192154,25.804514,2021,5,30,"MX","Zanthoxylum fagara"
1946348454,"Zanthoxylum fagara",-97.433348,25.809814,2018,11,23,"MX","Zanthoxylum fagara"
3308091156,"Zanthoxylum fagara",-100.5225,25.78278,2001,11,17,"MX","Zanthoxylum fagara"
3090543372,"Zanthoxylum fagara",-100.435441,25.767275,2018,4,30,"MX","Zanthoxylum fagara"
2239048006,"Zanthoxylum fagara",-100.34565,25.78788,2019,4,28,"MX","Zanthoxylum fagara"
2239014659,"Zanthoxylum fagara",-100.122414,25.779108,2019,4,26,"MX","Zanthoxylum fagara"
3772845788,"Zanthoxylum fagara",-80.926857,25.754581,2022,4,29,"US","Zanthoxylum fagara"
2860081063,"Zanthoxylum fagara",-80.147072,25.752195,2020,8,30,"US","Zanthoxylum fagara"
1453451768,"Zanthoxylum fagara",-100.463853,25.7464,2017,2,15,"MX","Zanthoxylum fagara"
3090556536,"Zanthoxylum fagara",-100.433223,25.743329,2019,4,28,"MX","Zanthoxylum fagara"
3772642580,"Zanthoxylum fagara",-100.375105,25.746911,2022,4,11,"MX","Zanthoxylum fagara"
3772573264,"Zanthoxylum fagara",-100.374902,25.747348,2022,4,11,"MX","Zanthoxylum fagara"
3070281122,"Zanthoxylum fagara",-80.9487,25.747112,2020,8,16,"US","Zanthoxylum fagara"
3118293009,"Zanthoxylum fagara",-80.310331,25.73779,2021,5,16,"US","Zanthoxylum fagara"
1457750714,"Zanthoxylum fagara",-80.25048,25.7153,2008,7,15,"US","Zanthoxylum fagara"
3499380315,"Zanthoxylum fagara",-80.210379,25.744932,2016,5,13,"US","Zanthoxylum fagara"
2550028084,"Zanthoxylum fagara",-80.203441,25.748564,2020,1,8,"US","Zanthoxylum fagara"
3773783558,"Zanthoxylum fagara",-80.150856,25.71649,2022,5,2,"US","Zanthoxylum fagara"
3415992794,"Zanthoxylum fagara",-100.347333,25.674518,2021,10,19,"MX","Zanthoxylum fagara"
2634606179,"Zanthoxylum fagara",-100.245629,25.671454,2019,3,24,"MX","Zanthoxylum fagara"
1305150989,"Zanthoxylum fagara",-100.200928,25.680632,2016,8,17,"MX","Zanthoxylum fagara"
3466201204,"Zanthoxylum fagara",-80.375014,25.696796,2022,1,23,"US","Zanthoxylum fagara"
3712663243,"Zanthoxylum fagara",-80.373872,25.696225,2022,2,24,"US","Zanthoxylum fagara"
3031677995,"Zanthoxylum fagara",-80.324781,25.667218,2021,1,16,"US","Zanthoxylum fagara"
3455637378,"Zanthoxylum fagara",-80.272247,25.681447,2022,1,3,"US","Zanthoxylum fagara"
2465126308,"Zanthoxylum fagara",-80.158333,25.701666,2019,9,20,"US","Zanthoxylum fagara"
1841281609,"Zanthoxylum fagara",-100.413601,25.647301,2018,4,30,"MX","Zanthoxylum fagara"
1640131768,"Zanthoxylum fagara",-100.355598,25.644234,2017,9,9,"MX","Zanthoxylum fagara"
1841203590,"Zanthoxylum fagara",-100.255373,25.660548,2018,4,27,"MX","Zanthoxylum fagara"
3112803854,"Zanthoxylum fagara",-100.248838,25.647059,2021,5,2,"MX","Zanthoxylum fagara"
3773593057,"Zanthoxylum fagara",-100.202049,25.640519,2022,4,29,"MX","Zanthoxylum fagara"
2856733030,"Zanthoxylum fagara",-100.095705,25.633993,2020,8,19,"MX","Zanthoxylum fagara"
2456497693,"Zanthoxylum fagara",-100.364053,25.617158,2019,5,19,"MX","Zanthoxylum fagara"
1500260222,"Zanthoxylum fagara",-100.296569,25.608759,2017,4,15,"MX","Zanthoxylum fagara"
2529400040,"Zanthoxylum fagara",-100.280423,25.612383,2019,4,29,"MX","Zanthoxylum fagara"
1841313768,"Zanthoxylum fagara",-100.186234,25.587975,2018,4,29,"MX","Zanthoxylum fagara"
3070323270,"Zanthoxylum fagara",-80.582358,25.61532,2020,10,10,"US","Zanthoxylum fagara"
123023527,"Zanthoxylum fagara",-80.4987,25.609,2000,6,8,"US","Zanthoxylum fagara"
2283076054,"Zanthoxylum fagara",-80.393021,25.605019,2019,6,29,"US","Zanthoxylum fagara"
2901780710,"Zanthoxylum fagara",-80.30735,25.614845,2020,10,16,"US","Zanthoxylum fagara"
2242806400,"Zanthoxylum fagara",-100.278519,25.560955,2019,4,29,"MX","Zanthoxylum fagara"
3112294826,"Zanthoxylum fagara",-80.440483,25.559655,2021,4,30,"US","Zanthoxylum fagara"
3383917043,"Zanthoxylum fagara",-100.273853,25.539457,2021,8,8,"MX","Zanthoxylum fagara"
3698240651,"Zanthoxylum fagara",-80.503744,25.507804,2022,2,24,"US","Zanthoxylum fagara"
2563594340,"Zanthoxylum fagara",-100.21553,25.473591,2020,1,25,"MX","Zanthoxylum fagara"
3327806450,"Zanthoxylum fagara",-80.478043,25.492205,2011,6,19,"US","Zanthoxylum fagara"
3759203166,"Zanthoxylum fagara",-100.202875,25.418804,2022,3,27,"MX","Zanthoxylum fagara"
1802768686,"Zanthoxylum fagara",-100.114028,25.433701,2018,1,2,"MX","Zanthoxylum fagara"
2850940226,"Zanthoxylum fagara",-80.34956,25.447948,2020,8,4,"US","Zanthoxylum fagara"
2005395209,"Zanthoxylum fagara",-80.234167,25.399722,2019,2,16,"US","Zanthoxylum fagara"
2898379937,"Zanthoxylum fagara",-100.172553,25.353633,2020,10,10,"MX","Zanthoxylum fagara"
2456495647,"Zanthoxylum fagara",-99.942708,25.357879,2019,3,24,"MX","Zanthoxylum fagara"
2563479202,"Zanthoxylum fagara",-100.199113,25.301563,2019,12,25,"MX","Zanthoxylum fagara"
2859905406,"Zanthoxylum fagara",-99.978256,25.331508,2020,6,4,"MX","Zanthoxylum fagara"
3698339540,"Zanthoxylum fagara",-80.302475,25.274947,2022,2,19,"US","Zanthoxylum fagara"
3773517314,"Zanthoxylum fagara",-80.339179,25.235036,2022,4,30,"US","Zanthoxylum fagara"
3760323396,"Zanthoxylum fagara",-80.923575,25.174292,2022,4,15,"US","Zanthoxylum fagara"
3455939523,"Zanthoxylum fagara",-80.874236,25.193386,2021,11,15,"US","Zanthoxylum fagara"
3457114831,"Zanthoxylum fagara",-80.365333,25.177022,2022,1,17,"US","Zanthoxylum fagara"
3384050613,"Zanthoxylum fagara",-99.785524,25.141096,2021,9,7,"MX","Zanthoxylum fagara"
3058962612,"Zanthoxylum fagara",-80.930441,25.138274,2021,2,25,"US","Zanthoxylum fagara"
3772508735,"Zanthoxylum fagara",-80.406374,25.125093,2022,5,2,"US","Zanthoxylum fagara"
2005386811,"Zanthoxylum fagara",-99.957886,25.116201,2019,1,24,"MX","Zanthoxylum fagara"
3698219907,"Zanthoxylum fagara",-99.783188,25.086456,2022,2,20,"MX","Zanthoxylum fagara"
3112296633,"Zanthoxylum fagara",-80.407496,25.124741,2021,4,30,"US","Zanthoxylum fagara"
1895516181,"Zanthoxylum fagara",-100.561111,24.969719,2000,6,17,"MX","Zanthoxylum fagara"
3067875498,"Zanthoxylum fagara",-80.596295,24.949632,2021,1,24,"US","Zanthoxylum fagara"
1897350312,"Zanthoxylum fagara",-106.969722,24.908611,2002,3,11,"MX","Zanthoxylum fagara"
1315078416,"Zanthoxylum fagara",-100.075235,24.894456,2013,6,11,"MX","Zanthoxylum fagara"
2563566410,"Zanthoxylum fagara",-80.645631,24.911068,2020,1,23,"US","Zanthoxylum fagara"
2563483112,"Zanthoxylum fagara",-107.215555,24.856389,2019,4,24,"MX","Zanthoxylum fagara"
3764118000,"Zanthoxylum fagara",-99.576549,24.848149,2021,5,30,"MX","Zanthoxylum fagara"
1562908647,"Zanthoxylum fagara",-99.632988,24.804167,2017,5,5,"MX","Zanthoxylum fagara"
3772408278,"Zanthoxylum fagara",-107.331582,24.791651,2022,4,30,"MX","Zanthoxylum fagara"
2992662552,"Zanthoxylum fagara",-99.708962,24.708602,2020,7,19,"MX","Zanthoxylum fagara"
2242932447,"Zanthoxylum fagara",-81.074783,24.71805,2019,5,10,"US","Zanthoxylum fagara"
3031789309,"Zanthoxylum fagara",-81.776275,24.561941,2021,1,20,"US","Zanthoxylum fagara"
2423025741,"Zanthoxylum fagara",-99.261316,24.528435,2017,8,29,"MX","Zanthoxylum fagara"
2856717307,"Zanthoxylum fagara",-98.958167,24.457312,2017,7,23,"MX","Zanthoxylum fagara"
1847490026,"Zanthoxylum fagara",-99.721404,24.250991,2018,5,10,"MX","Zanthoxylum fagara"
3747091674,"Zanthoxylum fagara",-110.159386,24.002087,2022,3,20,"MX","Zanthoxylum fagara"
1453317628,"Zanthoxylum fagara",-106.910491,24.017518,2016,12,29,"MX","Zanthoxylum fagara"
1453389056,"Zanthoxylum fagara",-110.154419,23.950551,2017,1,29,"MX","Zanthoxylum fagara"
3308735559,"Zanthoxylum fagara",-97.89556,23.91194,2008,10,8,"MX","Zanthoxylum fagara"
3308735501,"Zanthoxylum fagara",-97.81,23.89389,2008,7,22,"MX","Zanthoxylum fagara"
1586916617,"Zanthoxylum fagara",-106.862555,23.836194,2016,10,1,"MX","Zanthoxylum fagara"
3772889788,"Zanthoxylum fagara",-106.792778,23.856667,2022,5,1,"MX","Zanthoxylum fagara"
3337580447,"Zanthoxylum fagara",-106.503889,23.858333,2020,11,28,"MX","Zanthoxylum fagara"
3125262941,"Zanthoxylum fagara",-110.10265,23.7934,2015,11,4,"MX","Zanthoxylum fagara"
3308085696,"Zanthoxylum fagara",-97.74,23.80306,2007,7,12,"MX","Zanthoxylum fagara"
1260394609,"Zanthoxylum fagara",-106.816667,23.75,2004,8,26,"MX","Zanthoxylum fagara"
2860153379,"Zanthoxylum fagara",-106.265976,23.774323,2020,2,15,"MX","Zanthoxylum fagara"
3455499633,"Zanthoxylum fagara",-110.112877,23.747417,2021,12,18,"MX","Zanthoxylum fagara"
2422525657,"Zanthoxylum fagara",-106.60617,23.71283,2017,11,8,"MX","Zanthoxylum fagara"
3343832986,"Zanthoxylum fagara",-109.881661,23.703167,2021,8,21,"MX","Zanthoxylum fagara"
2422826578,"Zanthoxylum fagara",-106.71285,23.68165,2018,2,27,"MX","Zanthoxylum fagara"
2629776103,"Zanthoxylum fagara",-106.690233,23.6902,2018,2,27,"MX","Zanthoxylum fagara"
2629775893,"Zanthoxylum fagara",-106.6194,23.6715,2017,11,29,"MX","Zanthoxylum fagara"
2859987382,"Zanthoxylum fagara",-106.211298,23.695241,2020,4,23,"MX","Zanthoxylum fagara"
2988329183,"Zanthoxylum fagara",-110.041971,23.640272,2020,11,14,"MX","Zanthoxylum fagara"
2422826415,"Zanthoxylum fagara",-106.791,23.660567,2018,1,31,"MX","Zanthoxylum fagara"
2629776099,"Zanthoxylum fagara",-106.6128,23.659717,2017,8,10,"MX","Zanthoxylum fagara"
3113310937,"Zanthoxylum fagara",-106.344888,23.626334,2021,5,2,"MX","Zanthoxylum fagara"
2629775508,"Zanthoxylum fagara",-106.7486,23.609383,2017,11,22,"MX","Zanthoxylum fagara"
2574177282,"Zanthoxylum fagara",-106.333403,23.610817,2020,2,15,"MX","Zanthoxylum fagara"
2850610877,"Zanthoxylum fagara",-106.333303,23.610717,2020,7,26,"MX","Zanthoxylum fagara"
3355091727,"Zanthoxylum fagara",-109.864827,23.555839,2021,8,8,"MX","Zanthoxylum fagara"
2422826429,"Zanthoxylum fagara",-106.6081,23.544817,2017,12,6,"MX","Zanthoxylum fagara"
2629857892,"Zanthoxylum fagara",-110.02034,23.43532,2008,4,16,"MX","Zanthoxylum fagara"
2540869566,"Zanthoxylum fagara",-109.80543,23.440599,2019,12,20,"MX","Zanthoxylum fagara"
2456507571,"Zanthoxylum fagara",-105.92537,23.366497,2019,9,22,"MX","Zanthoxylum fagara"
2574017591,"Zanthoxylum fagara",-106.443466,23.299564,2020,2,8,"MX","Zanthoxylum fagara"
2574009119,"Zanthoxylum fagara",-104.445456,23.224034,2020,2,11,"MX","Zanthoxylum fagara"
3773164280,"Zanthoxylum fagara",-106.426218,23.180257,2022,4,29,"MX","Zanthoxylum fagara"
2597733916,"Zanthoxylum fagara",-99.630874,22.982672,2020,3,9,"MX","Zanthoxylum fagara"
3308619015,"Zanthoxylum fagara",-100.38333,22.68333,2000,1,26,"MX","Zanthoxylum fagara"
3308105490,"Zanthoxylum fagara",-100.34194,22.63972,2011,10,18,"MX","Zanthoxylum fagara"
2456497758,"Zanthoxylum fagara",-97.853936,22.291812,2019,5,21,"MX","Zanthoxylum fagara"
2244314490,"Zanthoxylum fagara",-97.85483,22.291439,2019,5,22,"MX","Zanthoxylum fagara"
2626284807,"Zanthoxylum fagara",-100.500976,22.140522,2020,5,15,"MX","Zanthoxylum fagara"
3306201491,"Zanthoxylum fagara",-100.169639,21.959472,2008,10,6,"MX","Zanthoxylum fagara"
3308105518,"Zanthoxylum fagara",-99.55,21.88333,2008,10,29,"MX","Zanthoxylum fagara"
1897526737,"Zanthoxylum fagara",-102.616861,21.858,2012,9,8,"MX","Zanthoxylum fagara"
1897526802,"Zanthoxylum fagara",-102.708055,21.803611,2008,2,1,"MX","Zanthoxylum fagara"
1897526747,"Zanthoxylum fagara",-102.643583,21.831667,2013,3,1,"MX","Zanthoxylum fagara"
3306200657,"Zanthoxylum fagara",-99.70825,21.810278,2010,8,22,"MX","Zanthoxylum fagara"
1897526805,"Zanthoxylum fagara",-102.779722,21.746667,2009,5,22,"MX","Zanthoxylum fagara"
1897350308,"Zanthoxylum fagara",-102.728333,21.741389,2007,5,5,"MX","Zanthoxylum fagara"
1024220448,"Zanthoxylum fagara",-99.492359,21.346744,2010,8,29,"MX","Zanthoxylum fagara"
3306202661,"Zanthoxylum fagara",-99.61325,21.312611,2011,10,12,"MX","Zanthoxylum fagara"
2629425620,"Zanthoxylum fagara",-99.485,21.221944,2006,7,19,"MX","Zanthoxylum fagara"
2859893352,"Zanthoxylum fagara",-89.185114,21.225454,2019,7,7,"MX","Zanthoxylum fagara"
3399203934,"Zanthoxylum fagara",-99.479908,21.194946,2020,10,16,"MX","Zanthoxylum fagara"
2629427113,"Zanthoxylum fagara",-104.866667,21.064167,2003,3,4,"MX","Zanthoxylum fagara"
1259631789,"Zanthoxylum fagara",-89.948611,21.068056,2000,2,3,"MX","Zanthoxylum fagara"
1257898756,"Zanthoxylum fagara",-89.678056,21.044444,2010,4,20,"MX","Zanthoxylum fagara"
2573892684,"Zanthoxylum fagara",-97.353878,20.970398,2020,2,21,"MX","Zanthoxylum fagara"
2898291029,"Zanthoxylum fagara",-100.419444,20.943889,2020,10,3,"MX","Zanthoxylum fagara"
3308133822,"Zanthoxylum fagara",-104.003,20.87139,2002,11,23,"MX","Zanthoxylum fagara"
1261017635,"Zanthoxylum fagara",-90.2375,20.858056,2006,9,21,"MX","Zanthoxylum fagara"
2629583185,"Zanthoxylum fagara",-103.326372,20.830844,2001,8,7,"MX","Zanthoxylum fagara"
3325837462,"Zanthoxylum fagara",-100.511467,20.800901,2021,6,10,"MX","Zanthoxylum fagara"
2984552791,"Zanthoxylum fagara",-100.516029,20.790163,2020,11,7,"MX","Zanthoxylum fagara"
1897350348,"Zanthoxylum fagara",-100.525694,20.73,2008,7,9,"MX","Zanthoxylum fagara"
3308713438,"Zanthoxylum fagara",-101.45056,20.67528,2007,9,8,"MX","Zanthoxylum fagara"
2629439032,"Zanthoxylum fagara",-99.026833,20.631972,2000,6,17,"MX","Zanthoxylum fagara"
1419218610,"Zanthoxylum fagara",-98.838056,20.628611,2000,10,21,"MX","Zanthoxylum fagara"
1419191128,"Zanthoxylum fagara",-98.796667,20.656389,2000,11,10,"MX","Zanthoxylum fagara"
2629423423,"Zanthoxylum fagara",-98.785833,20.657778,2000,10,21,"MX","Zanthoxylum fagara"
1897350310,"Zanthoxylum fagara",-100.612722,20.603389,2007,9,26,"MX","Zanthoxylum fagara"
3308564430,"Zanthoxylum fagara",-98.76,20.61083,2000,11,10,"MX","Zanthoxylum fagara"
2629432975,"Zanthoxylum fagara",-100.412222,20.541944,2003,7,22,"MX","Zanthoxylum fagara"
1421387559,"Zanthoxylum fagara",-88.83,20.550556,2003,1,28,"MX","Zanthoxylum fagara"
2629440264,"Zanthoxylum fagara",-100.504444,20.505444,2006,9,15,"MX","Zanthoxylum fagara"
2629420337,"Zanthoxylum fagara",-100.461944,20.507167,2000,2,15,"MX","Zanthoxylum fagara"
3031859156,"Zanthoxylum fagara",-100.458322,20.507422,2021,1,7,"MX","Zanthoxylum fagara"
2629441363,"Zanthoxylum fagara",-100.3745,20.510889,2007,10,2,"MX","Zanthoxylum fagara"
2629585195,"Zanthoxylum fagara",-100.974911,20.336369,2005,7,7,"MX","Zanthoxylum fagara"
2629429510,"Zanthoxylum fagara",-100.992472,20.328053,2000,6,15,"MX","Zanthoxylum fagara"
1893647152,"Zanthoxylum fagara",-100.737,20.271528,2000,6,23,"MX","Zanthoxylum fagara"
3308749603,"Zanthoxylum fagara",-103.33886,20.21331,2011,6,14,"MX","Zanthoxylum fagara"
3308672690,"Zanthoxylum fagara",-103.25972,20.19111,2002,7,18,"MX","Zanthoxylum fagara"
1893647172,"Zanthoxylum fagara",-100.991667,20.175,2000,6,15,"MX","Zanthoxylum fagara"
1453235976,"Zanthoxylum fagara",-103.90554,20.157074,2016,11,20,"MX","Zanthoxylum fagara"
2850832072,"Zanthoxylum fagara",-100.520268,20.158259,2020,8,15,"MX","Zanthoxylum fagara"
2268824856,"Zanthoxylum fagara",-101.342222,20.104167,2014,11,16,"MX","Zanthoxylum fagara"
3306199889,"Zanthoxylum fagara",-99.176389,20.014167,2004,7,29,"MX","Zanthoxylum fagara"
1890036364,"Zanthoxylum fagara",-102.476884,19.987143,2018,7,3,"MX","Zanthoxylum fagara"
1897358073,"Zanthoxylum fagara",-102.292611,19.942722,2007,7,16,"MX","Zanthoxylum fagara"
3330748039,"Zanthoxylum fagara",-103.610602,19.827241,2021,7,12,"MX","Zanthoxylum fagara"
1893960169,"Zanthoxylum fagara",-104.452778,19.716111,2001,1,21,"MX","Zanthoxylum fagara"
3308049147,"Zanthoxylum fagara",-101.28222,19.67333,2002,7,17,"MX","Zanthoxylum fagara"
1257768060,"Zanthoxylum fagara",-101.333333,19.630556,2008,8,15,"MX","Zanthoxylum fagara"
1257900480,"Zanthoxylum fagara",-101.316111,19.641111,2011,11,16,"MX","Zanthoxylum fagara"
1258014540,"Zanthoxylum fagara",-101.255556,19.628611,2012,10,10,"MX","Zanthoxylum fagara"
2629599904,"Zanthoxylum fagara",-96.872389,19.373806,2010,9,8,"MX","Zanthoxylum fagara"
1417699870,"Zanthoxylum fagara",-99.113472,18.961028,2014,4,4,"MX","Zanthoxylum fagara"
1417698481,"Zanthoxylum fagara",-99.138253,18.928922,2013,3,26,"MX","Zanthoxylum fagara"
1417701534,"Zanthoxylum fagara",-99.108972,18.953833,2012,8,20,"MX","Zanthoxylum fagara"
1417699185,"Zanthoxylum fagara",-99.132167,18.905194,2013,4,3,"MX","Zanthoxylum fagara"
1417699321,"Zanthoxylum fagara",-99.120139,18.897806,2013,10,9,"MX","Zanthoxylum fagara"
1417698917,"Zanthoxylum fagara",-99.154017,18.794258,2010,10,NA,"MX","Zanthoxylum fagara"
2629751046,"Zanthoxylum fagara",-97.248333,18.759444,2012,9,18,"MX","Zanthoxylum fagara"
2268857133,"Zanthoxylum fagara",-101.674444,18.731111,2014,9,10,"MX","Zanthoxylum fagara"
1417698845,"Zanthoxylum fagara",-98.755389,18.711367,2012,9,25,"MX","Zanthoxylum fagara"
1417700845,"Zanthoxylum fagara",-98.748722,18.711083,2012,10,25,"MX","Zanthoxylum fagara"
1894572734,"Zanthoxylum fagara",-97.473944,18.612694,2005,10,27,"MX","Zanthoxylum fagara"
1897558620,"Zanthoxylum fagara",-99.362,18.550306,2014,2,17,"MX","Zanthoxylum fagara"
1897558616,"Zanthoxylum fagara",-99.335317,18.51385,2013,11,2,"MX","Zanthoxylum fagara"
1417702143,"Zanthoxylum fagara",-99.335028,18.4845,2013,3,25,"MX","Zanthoxylum fagara"
1417700377,"Zanthoxylum fagara",-99.281072,18.463114,2013,3,26,"MX","Zanthoxylum fagara"
1894572729,"Zanthoxylum fagara",-97.469639,18.450833,2005,10,26,"MX","Zanthoxylum fagara"
3308112145,"Zanthoxylum fagara",-97.43744,18.01393,2009,10,18,"MX","Zanthoxylum fagara"
1897487284,"Zanthoxylum fagara",-96.872694,17.994722,2013,10,15,"MX","Zanthoxylum fagara"
3308699676,"Zanthoxylum fagara",-96.92194,17.92389,2006,6,21,"MX","Zanthoxylum fagara"
3308642824,"Zanthoxylum fagara",-96.91639,17.92,2005,2,21,"MX","Zanthoxylum fagara"
3308702698,"Zanthoxylum fagara",-96.92556,17.91528,2006,3,29,"MX","Zanthoxylum fagara"
1894572737,"Zanthoxylum fagara",-96.918583,17.859639,2007,6,29,"MX","Zanthoxylum fagara"
3333099190,"Zanthoxylum fagara",-92.836725,17.836233,2021,6,30,"MX","Zanthoxylum fagara"
2813944774,"Zanthoxylum fagara",-97.902701,17.70769,2012,12,1,"MX","Zanthoxylum fagara"
3308667775,"Zanthoxylum fagara",-97.45386,17.68225,2002,12,3,"MX","Zanthoxylum fagara"
1897487245,"Zanthoxylum fagara",-96.187278,17.3375,2014,11,18,"MX","Zanthoxylum fagara"
3308084329,"Zanthoxylum fagara",-96.82008,17.10467,2006,6,17,"MX","Zanthoxylum fagara"
1897571978,"Zanthoxylum fagara",-96.692555,17.115833,2003,6,29,"MX","Zanthoxylum fagara"
2456613506,"Zanthoxylum fagara",-96.767049,17.045909,2017,2,12,"MX","Zanthoxylum fagara"
2270557829,"Zanthoxylum fagara",-96.62222,17.00556,2000,3,27,"MX","Zanthoxylum fagara"
2629759048,"Zanthoxylum fagara",-93.118611,16.944444,2000,12,3,"MX","Zanthoxylum fagara"
2422424736,"Zanthoxylum fagara",-96.68611,16.88806,2003,8,2,"MX","Zanthoxylum fagara"
1257805120,"Zanthoxylum fagara",-93.211306,16.799639,2010,7,2,"MX","Zanthoxylum fagara"
1257805621,"Zanthoxylum fagara",-93.172833,16.795639,2010,4,30,"MX","Zanthoxylum fagara"
1261016831,"Zanthoxylum fagara",-93.069722,16.819445,2007,6,29,"MX","Zanthoxylum fagara"
1257807043,"Zanthoxylum fagara",-93.169667,16.789861,2010,5,18,"MX","Zanthoxylum fagara"
1897350330,"Zanthoxylum fagara",-94.979833,16.73225,2002,9,13,"MX","Zanthoxylum fagara"
2629596587,"Zanthoxylum fagara",-93.154975,16.724225,2009,1,28,"MX","Zanthoxylum fagara"
1257765039,"Zanthoxylum fagara",-95.0425,16.703889,2003,3,3,"MX","Zanthoxylum fagara"
3308073444,"Zanthoxylum fagara",-94.981,16.69342,2007,4,1,"MX","Zanthoxylum fagara"
2456494793,"Zanthoxylum fagara",-93.167568,16.627248,2017,6,4,"MX","Zanthoxylum fagara"
1318687639,"Zanthoxylum fagara",-94.9194,16.5935,2014,2,13,"MX","Zanthoxylum fagara"
3308112623,"Zanthoxylum fagara",-94.91564,16.60294,2007,2,23,"MX","Zanthoxylum fagara"
1950035943,"Zanthoxylum fagara",-94.804201,16.574339,2012,10,21,"MX","Zanthoxylum fagara"
3308030153,"Zanthoxylum fagara",-94.01694,16.45944,2004,7,6,"MX","Zanthoxylum fagara"
1897368522,"Zanthoxylum fagara",-96.127611,16.0035,2004,1,21,"MX","Zanthoxylum fagara"
3308690412,"Zanthoxylum fagara",-96.12842,15.98622,2005,1,27,"MX","Zanthoxylum fagara"
2859568357,"Zanthoxylum fagara",-96.1005,15.97083,2004,11,29,"MX","Zanthoxylum fagara"
3308688054,"Zanthoxylum fagara",-96.0115,15.9225,2001,8,24,"MX","Zanthoxylum fagara"
1897350363,"Zanthoxylum fagara",-95.9375,15.925,2004,2,26,"MX","Zanthoxylum fagara"
2988454685,"Zanthoxylum fagara",-96.479792,15.753033,2020,9,26,"MX","Zanthoxylum fagara"
2823346388,"Zanthoxylum fagara",-96.134203,15.77032,2020,3,31,"MX","Zanthoxylum fagara"
2630156466,"Zanthoxylum fagara",-92.138055,15.134889,2013,12,15,"MX","Zanthoxylum fagara"
