"gbifID","species","longitude","latitude","year","month","day","countryCode","accepted_name"
3698219907,"Zanthoxylum fagara",-99.783188,25.086456,2022,2,20,"MX","Zanthoxylum fagara"
3746989008,"Zanthoxylum fagara",-108.478988,25.845505,2022,3,23,"MX","Zanthoxylum fagara"
3747091674,"Zanthoxylum fagara",-110.159386,24.002087,2022,3,20,"MX","Zanthoxylum fagara"
3759203166,"Zanthoxylum fagara",-100.202875,25.418804,2022,3,27,"MX","Zanthoxylum fagara"
3772408278,"Zanthoxylum fagara",-107.331582,24.791651,2022,4,30,"MX","Zanthoxylum fagara"
3772467322,"Zanthoxylum fagara",-107.331605,24.791662,2022,4,30,"MX","Zanthoxylum fagara"
3772573264,"Zanthoxylum fagara",-100.374902,25.747348,2022,4,11,"MX","Zanthoxylum fagara"
3772642580,"Zanthoxylum fagara",-100.375105,25.746911,2022,4,11,"MX","Zanthoxylum fagara"
3773164280,"Zanthoxylum fagara",-106.426218,23.180257,2022,4,29,"MX","Zanthoxylum fagara"
3773593057,"Zanthoxylum fagara",-100.202049,25.640519,2022,4,29,"MX","Zanthoxylum fagara"
3772889788,"Zanthoxylum fagara",-106.792778,23.856667,2022,5,1,"MX","Zanthoxylum fagara"
3031859156,"Zanthoxylum fagara",-100.458322,20.507422,2021,1,7,"MX","Zanthoxylum fagara"
3039117785,"Zanthoxylum fagara",-100.434807,20.509602,2021,1,17,"MX","Zanthoxylum fagara"
3112803854,"Zanthoxylum fagara",-100.248838,25.647059,2021,5,2,"MX","Zanthoxylum fagara"
3113310937,"Zanthoxylum fagara",-106.344888,23.626334,2021,5,2,"MX","Zanthoxylum fagara"
3302153808,"Zanthoxylum fagara",-100.192154,25.804514,2021,5,30,"MX","Zanthoxylum fagara"
3764118000,"Zanthoxylum fagara",-99.576549,24.848149,2021,5,30,"MX","Zanthoxylum fagara"
3325837462,"Zanthoxylum fagara",-100.511467,20.800901,2021,6,10,"MX","Zanthoxylum fagara"
3333099190,"Zanthoxylum fagara",-92.836725,17.836233,2021,6,30,"MX","Zanthoxylum fagara"
3330748039,"Zanthoxylum fagara",-103.610602,19.827241,2021,7,12,"MX","Zanthoxylum fagara"
3343832986,"Zanthoxylum fagara",-109.881661,23.703167,2021,8,21,"MX","Zanthoxylum fagara"
3355091727,"Zanthoxylum fagara",-109.864827,23.555839,2021,8,8,"MX","Zanthoxylum fagara"
3383917043,"Zanthoxylum fagara",-100.273853,25.539457,2021,8,8,"MX","Zanthoxylum fagara"
3384098299,"Zanthoxylum fagara",-97.531506,25.859928,2021,8,14,"MX","Zanthoxylum fagara"
3384050613,"Zanthoxylum fagara",-99.785524,25.141096,2021,9,7,"MX","Zanthoxylum fagara"
3384730475,"Zanthoxylum fagara",-100.15828,25.859758,2021,9,26,"MX","Zanthoxylum fagara"
3384953697,"Zanthoxylum fagara",-100.518315,26.53326,2021,9,12,"MX","Zanthoxylum fagara"
3415992794,"Zanthoxylum fagara",-100.347333,25.674518,2021,10,19,"MX","Zanthoxylum fagara"
3455499633,"Zanthoxylum fagara",-110.112877,23.747417,2021,12,18,"MX","Zanthoxylum fagara"
2563594340,"Zanthoxylum fagara",-100.21553,25.473591,2020,1,25,"MX","Zanthoxylum fagara"
2573892684,"Zanthoxylum fagara",-97.353878,20.970398,2020,2,21,"MX","Zanthoxylum fagara"
2574009119,"Zanthoxylum fagara",-104.445456,23.224034,2020,2,11,"MX","Zanthoxylum fagara"
2574017591,"Zanthoxylum fagara",-106.443466,23.299564,2020,2,8,"MX","Zanthoxylum fagara"
2574177282,"Zanthoxylum fagara",-106.333403,23.610817,2020,2,15,"MX","Zanthoxylum fagara"
2859956366,"Zanthoxylum fagara",-106.443466,23.299564,2020,2,8,"MX","Zanthoxylum fagara"
2860098362,"Zanthoxylum fagara",-106.443466,23.299565,2020,2,8,"MX","Zanthoxylum fagara"
2860153379,"Zanthoxylum fagara",-106.265976,23.774323,2020,2,15,"MX","Zanthoxylum fagara"
2992672420,"Zanthoxylum fagara",-99.541689,26.053685,2020,2,1,"MX","Zanthoxylum fagara"
2597733916,"Zanthoxylum fagara",-99.630874,22.982672,2020,3,9,"MX","Zanthoxylum fagara"
2823346388,"Zanthoxylum fagara",-96.134203,15.77032,2020,3,31,"MX","Zanthoxylum fagara"
2859987382,"Zanthoxylum fagara",-106.211298,23.695241,2020,4,23,"MX","Zanthoxylum fagara"
2626284807,"Zanthoxylum fagara",-100.500976,22.140522,2020,5,15,"MX","Zanthoxylum fagara"
2814072771,"Zanthoxylum fagara",-101.003225,28.295602,2020,6,17,"MX","Zanthoxylum fagara"
2859905406,"Zanthoxylum fagara",-99.978256,25.331508,2020,6,4,"MX","Zanthoxylum fagara"
2814014163,"Zanthoxylum fagara",-99.53888,26.01609,2020,7,5,"MX","Zanthoxylum fagara"
2850610877,"Zanthoxylum fagara",-106.333303,23.610717,2020,7,26,"MX","Zanthoxylum fagara"
2851315644,"Zanthoxylum fagara",-106.441171,23.300185,2020,7,14,"MX","Zanthoxylum fagara"
2992662552,"Zanthoxylum fagara",-99.708962,24.708602,2020,7,19,"MX","Zanthoxylum fagara"
2850734110,"Zanthoxylum fagara",-99.794712,26.803571,2020,8,7,"MX","Zanthoxylum fagara"
2850832072,"Zanthoxylum fagara",-100.520268,20.158259,2020,8,15,"MX","Zanthoxylum fagara"
2856733030,"Zanthoxylum fagara",-100.095705,25.633993,2020,8,19,"MX","Zanthoxylum fagara"
2859931975,"Zanthoxylum fagara",-99.576295,24.848025,2020,8,29,"MX","Zanthoxylum fagara"
2859979511,"Zanthoxylum fagara",-100.202339,25.635725,2020,8,3,"MX","Zanthoxylum fagara"
2860109477,"Zanthoxylum fagara",-100.205566,25.634561,2020,8,4,"MX","Zanthoxylum fagara"
2988454685,"Zanthoxylum fagara",-96.479792,15.753033,2020,9,26,"MX","Zanthoxylum fagara"
2898291029,"Zanthoxylum fagara",-100.419444,20.943889,2020,10,3,"MX","Zanthoxylum fagara"
2898379937,"Zanthoxylum fagara",-100.172553,25.353633,2020,10,10,"MX","Zanthoxylum fagara"
2981084682,"Zanthoxylum fagara",-106.441463,23.300762,2020,10,25,"MX","Zanthoxylum fagara"
3399203934,"Zanthoxylum fagara",-99.479908,21.194946,2020,10,16,"MX","Zanthoxylum fagara"
2984510558,"Zanthoxylum fagara",-100.44445,20.515692,2020,11,6,"MX","Zanthoxylum fagara"
2984552791,"Zanthoxylum fagara",-100.516029,20.790163,2020,11,7,"MX","Zanthoxylum fagara"
2988329183,"Zanthoxylum fagara",-110.041971,23.640272,2020,11,14,"MX","Zanthoxylum fagara"
3337580447,"Zanthoxylum fagara",-106.503889,23.858333,2020,11,28,"MX","Zanthoxylum fagara"
1990547396,"Zanthoxylum fagara",-106.426752,23.1784,2019,1,20,"MX","Zanthoxylum fagara"
1990605251,"Zanthoxylum fagara",-98.297895,26.050841,2019,1,19,"MX","Zanthoxylum fagara"
2005386811,"Zanthoxylum fagara",-99.957886,25.116201,2019,1,24,"MX","Zanthoxylum fagara"
2456494967,"Zanthoxylum fagara",-106.426435,23.178848,2019,1,20,"MX","Zanthoxylum fagara"
2005284023,"Zanthoxylum fagara",-108.350603,26.382985,2019,2,3,"MX","Zanthoxylum fagara"
2006053614,"Zanthoxylum fagara",-106.426122,23.179951,2019,2,23,"MX","Zanthoxylum fagara"
2456495647,"Zanthoxylum fagara",-99.942708,25.357879,2019,3,24,"MX","Zanthoxylum fagara"
2634606179,"Zanthoxylum fagara",-100.245629,25.671454,2019,3,24,"MX","Zanthoxylum fagara"
2236268717,"Zanthoxylum fagara",-106.427509,23.177636,2019,4,3,"MX","Zanthoxylum fagara"
2238933287,"Zanthoxylum fagara",-106.426109,23.180277,2019,4,26,"MX","Zanthoxylum fagara"
2239014659,"Zanthoxylum fagara",-100.122414,25.779108,2019,4,26,"MX","Zanthoxylum fagara"
2239048006,"Zanthoxylum fagara",-100.34565,25.78788,2019,4,28,"MX","Zanthoxylum fagara"
2242771381,"Zanthoxylum fagara",-100.347178,25.790367,2019,4,27,"MX","Zanthoxylum fagara"
2242781114,"Zanthoxylum fagara",-100.34376,25.783597,2019,4,28,"MX","Zanthoxylum fagara"
2242806400,"Zanthoxylum fagara",-100.278519,25.560955,2019,4,29,"MX","Zanthoxylum fagara"
2465100916,"Zanthoxylum fagara",-100.346544,25.751008,2019,4,27,"MX","Zanthoxylum fagara"
2529400040,"Zanthoxylum fagara",-100.280423,25.612383,2019,4,29,"MX","Zanthoxylum fagara"
2563483112,"Zanthoxylum fagara",-107.215555,24.856389,2019,4,24,"MX","Zanthoxylum fagara"
3090528541,"Zanthoxylum fagara",-106.440815,23.298835,2019,4,26,"MX","Zanthoxylum fagara"
3090556536,"Zanthoxylum fagara",-100.433223,25.743329,2019,4,28,"MX","Zanthoxylum fagara"
3090564512,"Zanthoxylum fagara",-100.276903,25.592195,2019,4,26,"MX","Zanthoxylum fagara"
3090588531,"Zanthoxylum fagara",-106.440526,23.29878,2019,4,26,"MX","Zanthoxylum fagara"
3090770496,"Zanthoxylum fagara",-100.43996,25.741856,2019,4,28,"MX","Zanthoxylum fagara"
3090841505,"Zanthoxylum fagara",-106.33424,23.613691,2019,4,28,"MX","Zanthoxylum fagara"
3117821318,"Zanthoxylum fagara",-106.335833,23.612311,2019,4,28,"MX","Zanthoxylum fagara"
2244314490,"Zanthoxylum fagara",-97.85483,22.291439,2019,5,22,"MX","Zanthoxylum fagara"
2456497693,"Zanthoxylum fagara",-100.364053,25.617158,2019,5,19,"MX","Zanthoxylum fagara"
2456497758,"Zanthoxylum fagara",-97.853936,22.291812,2019,5,21,"MX","Zanthoxylum fagara"
2273286389,"Zanthoxylum fagara",-100.28525,25.609299,2019,6,22,"MX","Zanthoxylum fagara"
2859893352,"Zanthoxylum fagara",-89.185114,21.225454,2019,7,7,"MX","Zanthoxylum fagara"
2456507571,"Zanthoxylum fagara",-105.92537,23.366497,2019,9,22,"MX","Zanthoxylum fagara"
2456508716,"Zanthoxylum fagara",-105.92537,23.36652,2019,9,22,"MX","Zanthoxylum fagara"
2611354447,"Zanthoxylum fagara",-100.343599,25.675199,2019,9,26,"MX","Zanthoxylum fagara"
2859959376,"Zanthoxylum fagara",-100.348608,25.609424,2019,9,25,"MX","Zanthoxylum fagara"
2540869566,"Zanthoxylum fagara",-109.80543,23.440599,2019,12,20,"MX","Zanthoxylum fagara"
2563479202,"Zanthoxylum fagara",-100.199113,25.301563,2019,12,25,"MX","Zanthoxylum fagara"
1802768686,"Zanthoxylum fagara",-100.114028,25.433701,2018,1,2,"MX","Zanthoxylum fagara"
1806361923,"Zanthoxylum fagara",-100.345251,25.674981,2018,1,22,"MX","Zanthoxylum fagara"
2422826415,"Zanthoxylum fagara",-106.791,23.660567,2018,1,31,"MX","Zanthoxylum fagara"
2629777430,"Zanthoxylum fagara",-106.791,23.660567,2018,1,31,"MX","Zanthoxylum fagara"
2422826578,"Zanthoxylum fagara",-106.71285,23.68165,2018,2,27,"MX","Zanthoxylum fagara"
2629776103,"Zanthoxylum fagara",-106.690233,23.6902,2018,2,27,"MX","Zanthoxylum fagara"
2629777306,"Zanthoxylum fagara",-106.71285,23.68165,2018,2,27,"MX","Zanthoxylum fagara"
3090576371,"Zanthoxylum fagara",-100.414091,25.72909,2018,2,25,"MX","Zanthoxylum fagara"
1836585920,"Zanthoxylum fagara",-101.303312,28.783499,2018,3,3,"MX","Zanthoxylum fagara"
1836642989,"Zanthoxylum fagara",-109.873557,23.561538,2018,3,11,"MX","Zanthoxylum fagara"
1841203590,"Zanthoxylum fagara",-100.255373,25.660548,2018,4,27,"MX","Zanthoxylum fagara"
1841220772,"Zanthoxylum fagara",-100.242912,25.673103,2018,4,27,"MX","Zanthoxylum fagara"
1841230409,"Zanthoxylum fagara",-100.261359,25.665308,2018,4,28,"MX","Zanthoxylum fagara"
1841281609,"Zanthoxylum fagara",-100.413601,25.647301,2018,4,30,"MX","Zanthoxylum fagara"
1841313335,"Zanthoxylum fagara",-100.358588,25.619592,2018,4,30,"MX","Zanthoxylum fagara"
1841313768,"Zanthoxylum fagara",-100.186234,25.587975,2018,4,29,"MX","Zanthoxylum fagara"
1848769559,"Zanthoxylum fagara",-99.963892,27.961148,2018,4,27,"MX","Zanthoxylum fagara"
3090543372,"Zanthoxylum fagara",-100.435441,25.767275,2018,4,30,"MX","Zanthoxylum fagara"
3090562372,"Zanthoxylum fagara",-100.43527,25.761342,2018,4,28,"MX","Zanthoxylum fagara"
3090600374,"Zanthoxylum fagara",-100.439029,25.761779,2018,4,28,"MX","Zanthoxylum fagara"
3090866365,"Zanthoxylum fagara",-100.435441,25.767275,2018,4,27,"MX","Zanthoxylum fagara"
1847490026,"Zanthoxylum fagara",-99.721404,24.250991,2018,5,10,"MX","Zanthoxylum fagara"
1883519674,"Zanthoxylum fagara",-100.359926,25.620245,2018,6,22,"MX","Zanthoxylum fagara"
1890036364,"Zanthoxylum fagara",-102.476884,19.987143,2018,7,3,"MX","Zanthoxylum fagara"
1946348454,"Zanthoxylum fagara",-97.433348,25.809814,2018,11,23,"MX","Zanthoxylum fagara"
2860074346,"Zanthoxylum fagara",-99.475832,21.205964,2018,11,20,"MX","Zanthoxylum fagara"
1978449167,"Zanthoxylum fagara",-100.406608,25.65012,2018,12,17,"MX","Zanthoxylum fagara"
1453389056,"Zanthoxylum fagara",-110.154419,23.950551,2017,1,29,"MX","Zanthoxylum fagara"
1453440690,"Zanthoxylum fagara",-100.16826,25.601097,2017,2,19,"MX","Zanthoxylum fagara"
1453451768,"Zanthoxylum fagara",-100.463853,25.7464,2017,2,15,"MX","Zanthoxylum fagara"
2456613506,"Zanthoxylum fagara",-96.767049,17.045909,2017,2,12,"MX","Zanthoxylum fagara"
1453517513,"Zanthoxylum fagara",-100.256548,25.662478,2017,3,16,"MX","Zanthoxylum fagara"
1453517579,"Zanthoxylum fagara",-100.256283,25.660902,2017,3,16,"MX","Zanthoxylum fagara"
1500260222,"Zanthoxylum fagara",-100.296569,25.608759,2017,4,15,"MX","Zanthoxylum fagara"
1562908647,"Zanthoxylum fagara",-99.632988,24.804167,2017,5,5,"MX","Zanthoxylum fagara"
1571193377,"Zanthoxylum fagara",-100.205109,25.454237,2017,5,9,"MX","Zanthoxylum fagara"
3079675359,"Zanthoxylum fagara",-106.442691,23.299326,2017,5,22,"MX","Zanthoxylum fagara"
2456494793,"Zanthoxylum fagara",-93.167568,16.627248,2017,6,4,"MX","Zanthoxylum fagara"
1572360129,"Zanthoxylum fagara",-106.443,23.299,2017,7,3,"MX","Zanthoxylum fagara"
2856717307,"Zanthoxylum fagara",-98.958167,24.457312,2017,7,23,"MX","Zanthoxylum fagara"
1586148369,"Zanthoxylum fagara",-100.470444,25.925585,2017,8,4,"MX","Zanthoxylum fagara"
2423025741,"Zanthoxylum fagara",-99.261316,24.528435,2017,8,29,"MX","Zanthoxylum fagara"
2629776099,"Zanthoxylum fagara",-106.6128,23.659717,2017,8,10,"MX","Zanthoxylum fagara"
1640131768,"Zanthoxylum fagara",-100.355598,25.644234,2017,9,9,"MX","Zanthoxylum fagara"
2423026235,"Zanthoxylum fagara",-99.270585,24.522188,2017,9,1,"MX","Zanthoxylum fagara"
2629777471,"Zanthoxylum fagara",-106.593917,23.665883,2017,10,25,"MX","Zanthoxylum fagara"
2422525657,"Zanthoxylum fagara",-106.60617,23.71283,2017,11,8,"MX","Zanthoxylum fagara"
2629775508,"Zanthoxylum fagara",-106.7486,23.609383,2017,11,22,"MX","Zanthoxylum fagara"
2629775690,"Zanthoxylum fagara",-106.606167,23.712833,2017,11,8,"MX","Zanthoxylum fagara"
2629775893,"Zanthoxylum fagara",-106.6194,23.6715,2017,11,29,"MX","Zanthoxylum fagara"
2422826429,"Zanthoxylum fagara",-106.6081,23.544817,2017,12,6,"MX","Zanthoxylum fagara"
2629777541,"Zanthoxylum fagara",-106.6081,23.544817,2017,12,6,"MX","Zanthoxylum fagara"
1229609087,"Zanthoxylum fagara",-106.44343,23.299,2016,1,7,"MX","Zanthoxylum fagara"
2629431345,"Zanthoxylum fagara",-100.520314,20.817753,2016,7,20,"MX","Zanthoxylum fagara"
1305150989,"Zanthoxylum fagara",-100.200928,25.680632,2016,8,17,"MX","Zanthoxylum fagara"
1305176178,"Zanthoxylum fagara",-100.254044,25.662479,2016,9,1,"MX","Zanthoxylum fagara"
1453116026,"Zanthoxylum fagara",-100.218414,26.482498,2016,9,17,"MX","Zanthoxylum fagara"
1453179202,"Zanthoxylum fagara",-100.347817,25.788861,2016,10,23,"MX","Zanthoxylum fagara"
1586916617,"Zanthoxylum fagara",-106.862555,23.836194,2016,10,1,"MX","Zanthoxylum fagara"
1453235976,"Zanthoxylum fagara",-103.90554,20.157074,2016,11,20,"MX","Zanthoxylum fagara"
1453317628,"Zanthoxylum fagara",-106.910491,24.017518,2016,12,29,"MX","Zanthoxylum fagara"
1065590802,"Zanthoxylum fagara",-100.255843,25.66436,2015,1,4,"MX","Zanthoxylum fagara"
2456493100,"Zanthoxylum fagara",-106.44343,23.299,2015,5,24,"MX","Zanthoxylum fagara"
1305114018,"Zanthoxylum fagara",-106.439667,23.300682,2015,7,21,"MX","Zanthoxylum fagara"
3125262941,"Zanthoxylum fagara",-110.10265,23.7934,2015,11,4,"MX","Zanthoxylum fagara"
891047276,"Zanthoxylum fagara",-100.207981,25.636599,2014,2,15,"MX","Zanthoxylum fagara"
1318687639,"Zanthoxylum fagara",-94.9194,16.5935,2014,2,13,"MX","Zanthoxylum fagara"
1897558620,"Zanthoxylum fagara",-99.362,18.550306,2014,2,17,"MX","Zanthoxylum fagara"
2268878101,"Zanthoxylum fagara",-94.919444,16.593333,2014,2,13,"MX","Zanthoxylum fagara"
3308764424,"Zanthoxylum fagara",-99.362,18.55197,2014,2,14,"MX","Zanthoxylum fagara"
1417699870,"Zanthoxylum fagara",-99.113472,18.961028,2014,4,4,"MX","Zanthoxylum fagara"
1320023626,"Zanthoxylum fagara",-94.9484,16.6126,2014,6,27,"MX","Zanthoxylum fagara"
2268878307,"Zanthoxylum fagara",-94.948333,16.6125,2014,6,27,"MX","Zanthoxylum fagara"
2550079801,"Zanthoxylum fagara",-100.349248,25.786519,2014,6,9,"MX","Zanthoxylum fagara"
1319421196,"Zanthoxylum fagara",-94.9194,16.5934,2014,9,4,"MX","Zanthoxylum fagara"
2268857133,"Zanthoxylum fagara",-101.674444,18.731111,2014,9,10,"MX","Zanthoxylum fagara"
3308708202,"Zanthoxylum fagara",-101.674,18.73111,2014,9,10,"MX","Zanthoxylum fagara"
1897487245,"Zanthoxylum fagara",-96.187278,17.3375,2014,11,18,"MX","Zanthoxylum fagara"
2268824856,"Zanthoxylum fagara",-101.342222,20.104167,2014,11,16,"MX","Zanthoxylum fagara"
3308729646,"Zanthoxylum fagara",-96.1873,17.3375,2014,11,18,"MX","Zanthoxylum fagara"
1417698481,"Zanthoxylum fagara",-99.138253,18.928922,2013,3,26,"MX","Zanthoxylum fagara"
1417698835,"Zanthoxylum fagara",-99.138197,18.926167,2013,3,23,"MX","Zanthoxylum fagara"
1417700377,"Zanthoxylum fagara",-99.281072,18.463114,2013,3,26,"MX","Zanthoxylum fagara"
1417702143,"Zanthoxylum fagara",-99.335028,18.4845,2013,3,25,"MX","Zanthoxylum fagara"
1897526747,"Zanthoxylum fagara",-102.643583,21.831667,2013,3,1,"MX","Zanthoxylum fagara"
1897558610,"Zanthoxylum fagara",-99.335055,18.495833,2013,3,25,"MX","Zanthoxylum fagara"
1417699185,"Zanthoxylum fagara",-99.132167,18.905194,2013,4,3,"MX","Zanthoxylum fagara"
1417699218,"Zanthoxylum fagara",-99.132167,18.905194,2013,4,3,"MX","Zanthoxylum fagara"
1315078416,"Zanthoxylum fagara",-100.075235,24.894456,2013,6,11,"MX","Zanthoxylum fagara"
1323011060,"Zanthoxylum fagara",-100.075836,24.887838,2013,6,21,"MX","Zanthoxylum fagara"
1323020761,"Zanthoxylum fagara",-100.075836,24.887449,2013,6,30,"MX","Zanthoxylum fagara"
1065574733,"Zanthoxylum fagara",-106.442263,23.300798,2013,10,17,"MX","Zanthoxylum fagara"
1318291426,"Zanthoxylum fagara",-94.9484,16.6099,2013,10,3,"MX","Zanthoxylum fagara"
1323001125,"Zanthoxylum fagara",-100.257909,25.599292,2013,10,1,"MX","Zanthoxylum fagara"
1417699321,"Zanthoxylum fagara",-99.120139,18.897806,2013,10,9,"MX","Zanthoxylum fagara"
1897487284,"Zanthoxylum fagara",-96.872694,17.994722,2013,10,15,"MX","Zanthoxylum fagara"
1897558608,"Zanthoxylum fagara",-99.343719,18.499989,2013,10,24,"MX","Zanthoxylum fagara"
2268882772,"Zanthoxylum fagara",-94.948333,16.61,2013,10,3,"MX","Zanthoxylum fagara"
1317945524,"Zanthoxylum fagara",-94.9309,16.5971,2013,11,7,"MX","Zanthoxylum fagara"
1897558576,"Zanthoxylum fagara",-99.275083,18.471267,2013,11,16,"MX","Zanthoxylum fagara"
1897558616,"Zanthoxylum fagara",-99.335317,18.51385,2013,11,2,"MX","Zanthoxylum fagara"
1897558625,"Zanthoxylum fagara",-99.360417,18.5349,2013,11,30,"MX","Zanthoxylum fagara"
1897558626,"Zanthoxylum fagara",-99.335317,18.51385,2013,11,2,"MX","Zanthoxylum fagara"
2268879060,"Zanthoxylum fagara",-94.930833,16.597222,2013,11,7,"MX","Zanthoxylum fagara"
3308131099,"Zanthoxylum fagara",-99.2751,18.47127,2013,11,16,"MX","Zanthoxylum fagara"
3308162834,"Zanthoxylum fagara",-99.3353,18.51385,2013,11,2,"MX","Zanthoxylum fagara"
3308716183,"Zanthoxylum fagara",-99.3604,18.5349,2013,11,30,"MX","Zanthoxylum fagara"
3308761619,"Zanthoxylum fagara",-99.3353,18.51385,2013,11,2,"MX","Zanthoxylum fagara"
1897558634,"Zanthoxylum fagara",-99.36655,18.55325,2013,12,29,"MX","Zanthoxylum fagara"
2630156466,"Zanthoxylum fagara",-92.138055,15.134889,2013,12,15,"MX","Zanthoxylum fagara"
3308163804,"Zanthoxylum fagara",-99.3665,18.55325,2013,12,29,"MX","Zanthoxylum fagara"
1417701534,"Zanthoxylum fagara",-99.108972,18.953833,2012,8,20,"MX","Zanthoxylum fagara"
1417698845,"Zanthoxylum fagara",-98.755389,18.711367,2012,9,25,"MX","Zanthoxylum fagara"
1897526737,"Zanthoxylum fagara",-102.616861,21.858,2012,9,8,"MX","Zanthoxylum fagara"
2629751046,"Zanthoxylum fagara",-97.248333,18.759444,2012,9,18,"MX","Zanthoxylum fagara"
1258014540,"Zanthoxylum fagara",-101.255556,19.628611,2012,10,10,"MX","Zanthoxylum fagara"
1417698865,"Zanthoxylum fagara",-98.755389,18.711367,2012,10,25,"MX","Zanthoxylum fagara"
1417698880,"Zanthoxylum fagara",-98.755389,18.711367,2012,10,25,"MX","Zanthoxylum fagara"
1417700845,"Zanthoxylum fagara",-98.748722,18.711083,2012,10,25,"MX","Zanthoxylum fagara"
1417700862,"Zanthoxylum fagara",-98.748722,18.711083,2012,10,25,"MX","Zanthoxylum fagara"
1950035943,"Zanthoxylum fagara",-94.804201,16.574339,2012,10,21,"MX","Zanthoxylum fagara"
2813944774,"Zanthoxylum fagara",-97.902701,17.70769,2012,12,1,"MX","Zanthoxylum fagara"
3308749603,"Zanthoxylum fagara",-103.33886,20.21331,2011,6,14,"MX","Zanthoxylum fagara"
3306202661,"Zanthoxylum fagara",-99.61325,21.312611,2011,10,12,"MX","Zanthoxylum fagara"
3306204808,"Zanthoxylum fagara",-99.61325,21.312611,2011,10,12,"MX","Zanthoxylum fagara"
3308105490,"Zanthoxylum fagara",-100.34194,22.63972,2011,10,18,"MX","Zanthoxylum fagara"
1257900480,"Zanthoxylum fagara",-101.316111,19.641111,2011,11,16,"MX","Zanthoxylum fagara"
3308693150,"Zanthoxylum fagara",-101.31611,19.64111,2011,11,16,"MX","Zanthoxylum fagara"
1257805621,"Zanthoxylum fagara",-93.172833,16.795639,2010,4,30,"MX","Zanthoxylum fagara"
1257898756,"Zanthoxylum fagara",-89.678056,21.044444,2010,4,20,"MX","Zanthoxylum fagara"
2629595771,"Zanthoxylum fagara",-89.678055,21.044444,2010,4,20,"MX","Zanthoxylum fagara"
2859553567,"Zanthoxylum fagara",-89.67806,21.04444,2010,4,20,"MX","Zanthoxylum fagara"
3308128371,"Zanthoxylum fagara",-93.1728,16.79564,2010,4,30,"MX","Zanthoxylum fagara"
3308759491,"Zanthoxylum fagara",-89.6781,21.04444,2010,4,20,"MX","Zanthoxylum fagara"
1257807043,"Zanthoxylum fagara",-93.169667,16.789861,2010,5,18,"MX","Zanthoxylum fagara"
1257805120,"Zanthoxylum fagara",-93.211306,16.799639,2010,7,2,"MX","Zanthoxylum fagara"
3308155717,"Zanthoxylum fagara",-93.2113,16.79964,2010,7,2,"MX","Zanthoxylum fagara"
1024220448,"Zanthoxylum fagara",-99.492359,21.346744,2010,8,29,"MX","Zanthoxylum fagara"
3306200657,"Zanthoxylum fagara",-99.70825,21.810278,2010,8,22,"MX","Zanthoxylum fagara"
3306203050,"Zanthoxylum fagara",-99.70825,21.810278,2010,8,22,"MX","Zanthoxylum fagara"
3308123769,"Zanthoxylum fagara",-99.70825,21.81028,2010,8,21,"MX","Zanthoxylum fagara"
2629599904,"Zanthoxylum fagara",-96.872389,19.373806,2010,9,8,"MX","Zanthoxylum fagara"
1417698917,"Zanthoxylum fagara",-99.154017,18.794258,2010,10,NA,"MX","Zanthoxylum fagara"
2629596587,"Zanthoxylum fagara",-93.154975,16.724225,2009,1,28,"MX","Zanthoxylum fagara"
1897526805,"Zanthoxylum fagara",-102.779722,21.746667,2009,5,22,"MX","Zanthoxylum fagara"
3308112145,"Zanthoxylum fagara",-97.43744,18.01393,2009,10,18,"MX","Zanthoxylum fagara"
1897526802,"Zanthoxylum fagara",-102.708055,21.803611,2008,2,1,"MX","Zanthoxylum fagara"
2629857892,"Zanthoxylum fagara",-110.02034,23.43532,2008,4,16,"MX","Zanthoxylum fagara"
2629870036,"Zanthoxylum fagara",-110.02034,23.42532,2008,4,16,"MX","Zanthoxylum fagara"
3125268924,"Zanthoxylum fagara",-110.02034,23.43532,2008,4,16,"MX","Zanthoxylum fagara"
1897350348,"Zanthoxylum fagara",-100.525694,20.73,2008,7,9,"MX","Zanthoxylum fagara"
2629426216,"Zanthoxylum fagara",-100.525555,20.73,2008,7,9,"MX","Zanthoxylum fagara"
3308101448,"Zanthoxylum fagara",-100.52569,20.73,2008,7,9,"MX","Zanthoxylum fagara"
3308735501,"Zanthoxylum fagara",-97.81,23.89389,2008,7,22,"MX","Zanthoxylum fagara"
1257768060,"Zanthoxylum fagara",-101.333333,19.630556,2008,8,15,"MX","Zanthoxylum fagara"
3308665803,"Zanthoxylum fagara",-101.33333,19.63056,2008,8,15,"MX","Zanthoxylum fagara"
3306201491,"Zanthoxylum fagara",-100.169639,21.959472,2008,10,6,"MX","Zanthoxylum fagara"
3306202003,"Zanthoxylum fagara",-100.169639,21.959472,2008,10,6,"MX","Zanthoxylum fagara"
3308105518,"Zanthoxylum fagara",-99.55,21.88333,2008,10,29,"MX","Zanthoxylum fagara"
3308735559,"Zanthoxylum fagara",-97.89556,23.91194,2008,10,8,"MX","Zanthoxylum fagara"
1257737986,"Zanthoxylum fagara",-101.316944,19.640278,2008,11,16,"MX","Zanthoxylum fagara"
3308126904,"Zanthoxylum fagara",-101.31694,19.64028,2008,11,16,"MX","Zanthoxylum fagara"
3308112623,"Zanthoxylum fagara",-94.91564,16.60294,2007,2,23,"MX","Zanthoxylum fagara"
3308073444,"Zanthoxylum fagara",-94.981,16.69342,2007,4,1,"MX","Zanthoxylum fagara"
1897350308,"Zanthoxylum fagara",-102.728333,21.741389,2007,5,5,"MX","Zanthoxylum fagara"
1897526729,"Zanthoxylum fagara",-102.728333,21.741389,2007,5,5,"MX","Zanthoxylum fagara"
1897526757,"Zanthoxylum fagara",-102.728333,21.741389,2007,5,5,"MX","Zanthoxylum fagara"
1261016831,"Zanthoxylum fagara",-93.069722,16.819445,2007,6,29,"MX","Zanthoxylum fagara"
1894572737,"Zanthoxylum fagara",-96.918583,17.859639,2007,6,29,"MX","Zanthoxylum fagara"
1897358073,"Zanthoxylum fagara",-102.292611,19.942722,2007,7,16,"MX","Zanthoxylum fagara"
3308085696,"Zanthoxylum fagara",-97.74,23.80306,2007,7,12,"MX","Zanthoxylum fagara"
1897526794,"Zanthoxylum fagara",-102.783769,21.744786,2007,8,31,"MX","Zanthoxylum fagara"
3308762019,"Zanthoxylum fagara",-109.868,23.55919,2007,8,22,"MX","Zanthoxylum fagara"
1897350310,"Zanthoxylum fagara",-100.612722,20.603389,2007,9,26,"MX","Zanthoxylum fagara"
2629428897,"Zanthoxylum fagara",-100.528889,20.739083,2007,9,16,"MX","Zanthoxylum fagara"
2629440506,"Zanthoxylum fagara",-100.612722,20.603389,2007,9,16,"MX","Zanthoxylum fagara"
3308713438,"Zanthoxylum fagara",-101.45056,20.67528,2007,9,8,"MX","Zanthoxylum fagara"
1897350296,"Zanthoxylum fagara",-100.528889,20.739083,2007,10,16,"MX","Zanthoxylum fagara"
2629441363,"Zanthoxylum fagara",-100.3745,20.510889,2007,10,2,"MX","Zanthoxylum fagara"
3308702698,"Zanthoxylum fagara",-96.92556,17.91528,2006,3,29,"MX","Zanthoxylum fagara"
3308084329,"Zanthoxylum fagara",-96.82008,17.10467,2006,6,17,"MX","Zanthoxylum fagara"
3308699676,"Zanthoxylum fagara",-96.92194,17.92389,2006,6,21,"MX","Zanthoxylum fagara"
2629425620,"Zanthoxylum fagara",-99.485,21.221944,2006,7,19,"MX","Zanthoxylum fagara"
1261017635,"Zanthoxylum fagara",-90.2375,20.858056,2006,9,21,"MX","Zanthoxylum fagara"
1897350311,"Zanthoxylum fagara",-101.447222,27.7175,2006,9,29,"MX","Zanthoxylum fagara"
2629440264,"Zanthoxylum fagara",-100.504444,20.505444,2006,9,15,"MX","Zanthoxylum fagara"
2629654687,"Zanthoxylum fagara",-90.2375,20.858056,2006,9,21,"MX","Zanthoxylum fagara"
3308141614,"Zanthoxylum fagara",-100.504,20.50544,2006,9,15,"MX","Zanthoxylum fagara"
3308754740,"Zanthoxylum fagara",-90.2375,20.85806,2006,9,21,"MX","Zanthoxylum fagara"
3308690412,"Zanthoxylum fagara",-96.12842,15.98622,2005,1,27,"MX","Zanthoxylum fagara"
3308642824,"Zanthoxylum fagara",-96.91639,17.92,2005,2,21,"MX","Zanthoxylum fagara"
2629585195,"Zanthoxylum fagara",-100.974911,20.336369,2005,7,7,"MX","Zanthoxylum fagara"
1894572729,"Zanthoxylum fagara",-97.469639,18.450833,2005,10,26,"MX","Zanthoxylum fagara"
1894572734,"Zanthoxylum fagara",-97.473944,18.612694,2005,10,27,"MX","Zanthoxylum fagara"
1894572731,"Zanthoxylum fagara",-97.466389,18.608028,2005,12,6,"MX","Zanthoxylum fagara"
1897368522,"Zanthoxylum fagara",-96.127611,16.0035,2004,1,21,"MX","Zanthoxylum fagara"
2629755209,"Zanthoxylum fagara",-96.1275,16.003333,2004,1,21,"MX","Zanthoxylum fagara"
1897350363,"Zanthoxylum fagara",-95.9375,15.925,2004,2,26,"MX","Zanthoxylum fagara"
1897368485,"Zanthoxylum fagara",-96.126833,16.004167,2004,2,21,"MX","Zanthoxylum fagara"
3308102061,"Zanthoxylum fagara",-96.12683,16.00417,2004,2,21,"MX","Zanthoxylum fagara"
3308114484,"Zanthoxylum fagara",-95.9375,15.925,2004,2,26,"MX","Zanthoxylum fagara"
3308745074,"Zanthoxylum fagara",-96.1295,16.00158,2004,4,17,"MX","Zanthoxylum fagara"
3306199889,"Zanthoxylum fagara",-99.176389,20.014167,2004,7,29,"MX","Zanthoxylum fagara"
3306200550,"Zanthoxylum fagara",-99.176389,20.014167,2004,7,29,"MX","Zanthoxylum fagara"
3308030153,"Zanthoxylum fagara",-94.01694,16.45944,2004,7,6,"MX","Zanthoxylum fagara"
1260394609,"Zanthoxylum fagara",-106.816667,23.75,2004,8,26,"MX","Zanthoxylum fagara"
2422398057,"Zanthoxylum fagara",-106.81733,23.76117,2004,8,26,"MX","Zanthoxylum fagara"
2859568357,"Zanthoxylum fagara",-96.1005,15.97083,2004,11,29,"MX","Zanthoxylum fagara"
3308105844,"Zanthoxylum fagara",-96.1005,15.97083,2004,11,29,"MX","Zanthoxylum fagara"
1421387559,"Zanthoxylum fagara",-88.83,20.550556,2003,1,28,"MX","Zanthoxylum fagara"
1257765039,"Zanthoxylum fagara",-95.0425,16.703889,2003,3,3,"MX","Zanthoxylum fagara"
2629427113,"Zanthoxylum fagara",-104.866667,21.064167,2003,3,4,"MX","Zanthoxylum fagara"
3308085786,"Zanthoxylum fagara",-95.0425,16.70389,2003,3,3,"MX","Zanthoxylum fagara"
3308091460,"Zanthoxylum fagara",-95.0425,16.70389,2003,3,3,"MX","Zanthoxylum fagara"
1897571978,"Zanthoxylum fagara",-96.692555,17.115833,2003,6,29,"MX","Zanthoxylum fagara"
2629432975,"Zanthoxylum fagara",-100.412222,20.541944,2003,7,22,"MX","Zanthoxylum fagara"
2422424736,"Zanthoxylum fagara",-96.68611,16.88806,2003,8,2,"MX","Zanthoxylum fagara"
2859550520,"Zanthoxylum fagara",-96.68611,16.88806,2003,8,2,"MX","Zanthoxylum fagara"
1897368506,"Zanthoxylum fagara",-96.129528,16.001972,2003,11,16,"MX","Zanthoxylum fagara"
2629489611,"Zanthoxylum fagara",-96.129444,16.001944,2003,11,16,"MX","Zanthoxylum fagara"
2629751335,"Zanthoxylum fagara",-96.129444,16.001944,2003,11,16,"MX","Zanthoxylum fagara"
1897350312,"Zanthoxylum fagara",-106.969722,24.908611,2002,3,11,"MX","Zanthoxylum fagara"
1897350408,"Zanthoxylum fagara",-106.969722,24.908611,2002,3,11,"MX","Zanthoxylum fagara"
3308707670,"Zanthoxylum fagara",-106.97,24.90861,2002,3,11,"MX","Zanthoxylum fagara"
3308712296,"Zanthoxylum fagara",-106.97,24.90861,2002,3,11,"MX","Zanthoxylum fagara"
3308049147,"Zanthoxylum fagara",-101.28222,19.67333,2002,7,17,"MX","Zanthoxylum fagara"
3308672690,"Zanthoxylum fagara",-103.25972,20.19111,2002,7,18,"MX","Zanthoxylum fagara"
1897350330,"Zanthoxylum fagara",-94.979833,16.73225,2002,9,13,"MX","Zanthoxylum fagara"
1897571985,"Zanthoxylum fagara",-94.979833,16.73225,2002,9,13,"MX","Zanthoxylum fagara"
3308110004,"Zanthoxylum fagara",-94.97983,16.73225,2002,9,13,"MX","Zanthoxylum fagara"
3306200711,"Zanthoxylum fagara",-96.924722,17.916389,2002,10,13,"MX","Zanthoxylum fagara"
3306203613,"Zanthoxylum fagara",-96.924722,17.916389,2002,10,13,"MX","Zanthoxylum fagara"
1897350352,"Zanthoxylum fagara",-94.939,16.610889,2002,11,2,"MX","Zanthoxylum fagara"
1897571963,"Zanthoxylum fagara",-94.939,16.610889,2002,11,2,"MX","Zanthoxylum fagara"
2629589291,"Zanthoxylum fagara",-94.938889,16.610833,2002,11,2,"MX","Zanthoxylum fagara"
3308133822,"Zanthoxylum fagara",-104.003,20.87139,2002,11,23,"MX","Zanthoxylum fagara"
3308709115,"Zanthoxylum fagara",-94.939,16.61089,2002,11,2,"MX","Zanthoxylum fagara"
3308667775,"Zanthoxylum fagara",-97.45386,17.68225,2002,12,3,"MX","Zanthoxylum fagara"
1893960169,"Zanthoxylum fagara",-104.452778,19.716111,2001,1,21,"MX","Zanthoxylum fagara"
2629583185,"Zanthoxylum fagara",-103.326372,20.830844,2001,8,7,"MX","Zanthoxylum fagara"
3308688054,"Zanthoxylum fagara",-96.0115,15.9225,2001,8,24,"MX","Zanthoxylum fagara"
2807396563,"Zanthoxylum fagara",-100.12028,25.98444,2001,11,12,"MX","Zanthoxylum fagara"
3308091156,"Zanthoxylum fagara",-100.5225,25.78278,2001,11,17,"MX","Zanthoxylum fagara"
3308619015,"Zanthoxylum fagara",-100.38333,22.68333,2000,1,26,"MX","Zanthoxylum fagara"
1259631789,"Zanthoxylum fagara",-89.948611,21.068056,2000,2,3,"MX","Zanthoxylum fagara"
1421410605,"Zanthoxylum fagara",-89.95,21.073611,2000,2,3,"MX","Zanthoxylum fagara"
2629420337,"Zanthoxylum fagara",-100.461944,20.507167,2000,2,15,"MX","Zanthoxylum fagara"
2270557829,"Zanthoxylum fagara",-96.62222,17.00556,2000,3,27,"MX","Zanthoxylum fagara"
1893647152,"Zanthoxylum fagara",-100.737,20.271528,2000,6,23,"MX","Zanthoxylum fagara"
1893647172,"Zanthoxylum fagara",-100.991667,20.175,2000,6,15,"MX","Zanthoxylum fagara"
1895516181,"Zanthoxylum fagara",-100.561111,24.969719,2000,6,17,"MX","Zanthoxylum fagara"
2629413647,"Zanthoxylum fagara",-100.737,20.271539,2000,6,23,"MX","Zanthoxylum fagara"
2629429510,"Zanthoxylum fagara",-100.992472,20.328053,2000,6,15,"MX","Zanthoxylum fagara"
2629439032,"Zanthoxylum fagara",-99.026833,20.631972,2000,6,17,"MX","Zanthoxylum fagara"
1419218610,"Zanthoxylum fagara",-98.838056,20.628611,2000,10,21,"MX","Zanthoxylum fagara"
2629423423,"Zanthoxylum fagara",-98.785833,20.657778,2000,10,21,"MX","Zanthoxylum fagara"
3308550802,"Zanthoxylum fagara",-98.78583,20.65778,2000,10,21,"MX","Zanthoxylum fagara"
1419191128,"Zanthoxylum fagara",-98.796667,20.656389,2000,11,10,"MX","Zanthoxylum fagara"
3308564430,"Zanthoxylum fagara",-98.76,20.61083,2000,11,10,"MX","Zanthoxylum fagara"
2629759048,"Zanthoxylum fagara",-93.118611,16.944444,2000,12,3,"MX","Zanthoxylum fagara"
3455601849,"Zanthoxylum fagara",-98.267976,26.204895,2022,1,5,"US","Zanthoxylum fagara"
3455637378,"Zanthoxylum fagara",-80.272247,25.681447,2022,1,3,"US","Zanthoxylum fagara"
3455901586,"Zanthoxylum fagara",-97.567659,25.997228,2022,1,3,"US","Zanthoxylum fagara"
3456224342,"Zanthoxylum fagara",-97.085323,27.834743,2022,1,19,"US","Zanthoxylum fagara"
3456522045,"Zanthoxylum fagara",-80.229277,27.325839,2022,1,13,"US","Zanthoxylum fagara"
3456605925,"Zanthoxylum fagara",-82.169633,26.481517,2022,1,11,"US","Zanthoxylum fagara"
3457114831,"Zanthoxylum fagara",-80.365333,25.177022,2022,1,17,"US","Zanthoxylum fagara"
3457166227,"Zanthoxylum fagara",-96.804724,28.305369,2022,1,5,"US","Zanthoxylum fagara"
3457170355,"Zanthoxylum fagara",-97.996825,26.159115,2022,1,19,"US","Zanthoxylum fagara"
3465970026,"Zanthoxylum fagara",-80.187327,26.228618,2022,1,23,"US","Zanthoxylum fagara"
3466071911,"Zanthoxylum fagara",-97.386559,28.659142,2022,1,30,"US","Zanthoxylum fagara"
3466097277,"Zanthoxylum fagara",-80.186675,26.227187,2022,1,23,"US","Zanthoxylum fagara"
3466106900,"Zanthoxylum fagara",-82.083466,26.435442,2022,1,26,"US","Zanthoxylum fagara"
3466156375,"Zanthoxylum fagara",-97.399887,27.791653,2022,1,26,"US","Zanthoxylum fagara"
3466201204,"Zanthoxylum fagara",-80.375014,25.696796,2022,1,23,"US","Zanthoxylum fagara"
3466208405,"Zanthoxylum fagara",-80.114547,26.041131,2022,1,30,"US","Zanthoxylum fagara"
3466254790,"Zanthoxylum fagara",-97.328465,27.669268,2022,1,26,"US","Zanthoxylum fagara"
3466319269,"Zanthoxylum fagara",-80.043699,26.828718,2022,1,29,"US","Zanthoxylum fagara"
3466406610,"Zanthoxylum fagara",-97.330165,27.713265,2022,1,27,"US","Zanthoxylum fagara"
3712435485,"Zanthoxylum fagara",-96.827795,28.446702,2022,1,1,"US","Zanthoxylum fagara"
3466422328,"Zanthoxylum fagara",-96.805049,28.304659,2022,2,1,"US","Zanthoxylum fagara"
3468915326,"Zanthoxylum fagara",-97.996832,26.158945,2022,2,9,"US","Zanthoxylum fagara"
3468968510,"Zanthoxylum fagara",-80.074523,26.566419,2022,2,10,"US","Zanthoxylum fagara"
3468976190,"Zanthoxylum fagara",-97.325752,27.666856,2022,2,9,"US","Zanthoxylum fagara"
3468988085,"Zanthoxylum fagara",-82.169542,26.481028,2022,2,8,"US","Zanthoxylum fagara"
3499363053,"Zanthoxylum fagara",-97.956962,26.121354,2022,2,15,"US","Zanthoxylum fagara"
3499385910,"Zanthoxylum fagara",-80.081068,26.949348,2022,2,13,"US","Zanthoxylum fagara"
3499397627,"Zanthoxylum fagara",-97.326656,27.66958,2022,2,10,"US","Zanthoxylum fagara"
3499436578,"Zanthoxylum fagara",-97.310391,26.118103,2022,2,10,"US","Zanthoxylum fagara"
3499439529,"Zanthoxylum fagara",-97.327409,27.668326,2022,2,11,"US","Zanthoxylum fagara"
3499493863,"Zanthoxylum fagara",-97.387948,28.657219,2022,2,12,"US","Zanthoxylum fagara"
3698109719,"Zanthoxylum fagara",-97.347359,26.229025,2022,2,20,"US","Zanthoxylum fagara"
3698141696,"Zanthoxylum fagara",-97.327775,27.665764,2022,2,22,"US","Zanthoxylum fagara"
3698177707,"Zanthoxylum fagara",-80.525262,27.997753,2022,2,20,"US","Zanthoxylum fagara"
3698217093,"Zanthoxylum fagara",-80.777072,28.85794,2022,2,22,"US","Zanthoxylum fagara"
3698240651,"Zanthoxylum fagara",-80.503744,25.507804,2022,2,24,"US","Zanthoxylum fagara"
3698339540,"Zanthoxylum fagara",-80.302475,25.274947,2022,2,19,"US","Zanthoxylum fagara"
3698364714,"Zanthoxylum fagara",-96.940874,28.309897,2022,2,21,"US","Zanthoxylum fagara"
3705418559,"Zanthoxylum fagara",-96.802375,28.30563,2022,2,25,"US","Zanthoxylum fagara"
3705495559,"Zanthoxylum fagara",-97.347969,26.228961,2022,2,15,"US","Zanthoxylum fagara"
3705560533,"Zanthoxylum fagara",-97.348489,26.229006,2022,2,15,"US","Zanthoxylum fagara"
3705686763,"Zanthoxylum fagara",-97.327714,26.091128,2022,2,17,"US","Zanthoxylum fagara"
3705782519,"Zanthoxylum fagara",-80.364954,25.177148,2022,2,25,"US","Zanthoxylum fagara"
3712466993,"Zanthoxylum fagara",-82.151719,26.4726,2022,2,26,"US","Zanthoxylum fagara"
3712610508,"Zanthoxylum fagara",-97.347275,26.229103,2022,2,20,"US","Zanthoxylum fagara"
3712619444,"Zanthoxylum fagara",-97.347908,26.228772,2022,2,15,"US","Zanthoxylum fagara"
3712663243,"Zanthoxylum fagara",-80.373872,25.696225,2022,2,24,"US","Zanthoxylum fagara"
3712734248,"Zanthoxylum fagara",-99.473892,27.59675,2022,2,4,"US","Zanthoxylum fagara"
3705459235,"Zanthoxylum fagara",-97.89738,27.520339,2022,3,2,"US","Zanthoxylum fagara"
3712441789,"Zanthoxylum fagara",-97.389274,28.653128,2022,3,6,"US","Zanthoxylum fagara"
3712478566,"Zanthoxylum fagara",-96.805003,28.304547,2022,3,4,"US","Zanthoxylum fagara"
3712512518,"Zanthoxylum fagara",-98.421555,26.669022,2022,3,4,"US","Zanthoxylum fagara"
3712668284,"Zanthoxylum fagara",-82.539797,27.553342,2022,3,9,"US","Zanthoxylum fagara"
3712686545,"Zanthoxylum fagara",-82.100403,26.438372,2022,3,4,"US","Zanthoxylum fagara"
3712746134,"Zanthoxylum fagara",-80.459439,26.230848,2022,3,9,"US","Zanthoxylum fagara"
3743023154,"Zanthoxylum fagara",-99.149606,26.584618,2022,3,14,"US","Zanthoxylum fagara"
3743094941,"Zanthoxylum fagara",-80.940464,26.33957,2022,3,15,"US","Zanthoxylum fagara"
3743104012,"Zanthoxylum fagara",-82.151789,26.471793,2022,3,15,"US","Zanthoxylum fagara"
3743171613,"Zanthoxylum fagara",-98.137025,26.080283,2022,3,12,"US","Zanthoxylum fagara"
3743196619,"Zanthoxylum fagara",-98.192762,26.18938,2022,3,12,"US","Zanthoxylum fagara"
3743267401,"Zanthoxylum fagara",-80.827142,28.930547,2022,3,17,"US","Zanthoxylum fagara"
3743275774,"Zanthoxylum fagara",-97.954907,26.123958,2022,3,12,"US","Zanthoxylum fagara"
3747031764,"Zanthoxylum fagara",-80.365562,25.17328,2022,3,19,"US","Zanthoxylum fagara"
3747058730,"Zanthoxylum fagara",-80.827251,28.930699,2022,3,19,"US","Zanthoxylum fagara"
3747079722,"Zanthoxylum fagara",-80.072905,26.856945,2022,3,19,"US","Zanthoxylum fagara"
3747106595,"Zanthoxylum fagara",-97.478677,26.016832,2022,3,19,"US","Zanthoxylum fagara"
3747202786,"Zanthoxylum fagara",-80.075705,26.859517,2022,3,19,"US","Zanthoxylum fagara"
3747250590,"Zanthoxylum fagara",-80.101997,26.378555,2022,3,19,"US","Zanthoxylum fagara"
3747282007,"Zanthoxylum fagara",-80.073014,26.856472,2022,3,22,"US","Zanthoxylum fagara"
3747285233,"Zanthoxylum fagara",-80.072851,26.856979,2022,3,22,"US","Zanthoxylum fagara"
3759183980,"Zanthoxylum fagara",-97.876295,28.057397,2022,3,23,"US","Zanthoxylum fagara"
3759186945,"Zanthoxylum fagara",-80.072879,26.856941,2022,3,22,"US","Zanthoxylum fagara"
3759380450,"Zanthoxylum fagara",-80.43045,27.803322,2022,3,30,"US","Zanthoxylum fagara"
3759269277,"Zanthoxylum fagara",-80.457142,27.872053,2022,4,13,"US","Zanthoxylum fagara"
3759309195,"Zanthoxylum fagara",-97.385238,26.198925,2022,4,7,"US","Zanthoxylum fagara"
3760024668,"Zanthoxylum fagara",-82.626932,27.532236,2022,4,10,"US","Zanthoxylum fagara"
3760131710,"Zanthoxylum fagara",-81.860382,26.552811,2022,4,12,"US","Zanthoxylum fagara"
3760148211,"Zanthoxylum fagara",-97.399702,27.791733,2022,4,9,"US","Zanthoxylum fagara"
3760323396,"Zanthoxylum fagara",-80.923575,25.174292,2022,4,15,"US","Zanthoxylum fagara"
3764157647,"Zanthoxylum fagara",-80.098897,26.377589,2022,4,20,"US","Zanthoxylum fagara"
3772435154,"Zanthoxylum fagara",-97.29961,26.10026,2022,4,30,"US","Zanthoxylum fagara"
3772499305,"Zanthoxylum fagara",-80.187787,26.228683,2022,4,30,"US","Zanthoxylum fagara"
3772627963,"Zanthoxylum fagara",-98.193033,26.190036,2022,4,29,"US","Zanthoxylum fagara"
3772655817,"Zanthoxylum fagara",-98.192384,26.189857,2022,4,29,"US","Zanthoxylum fagara"
3772660812,"Zanthoxylum fagara",-98.365644,26.177145,2022,4,30,"US","Zanthoxylum fagara"
3772661974,"Zanthoxylum fagara",-98.267536,26.204992,2022,4,29,"US","Zanthoxylum fagara"
3772666801,"Zanthoxylum fagara",-97.562684,26.266852,2022,4,29,"US","Zanthoxylum fagara"
3772673119,"Zanthoxylum fagara",-80.160521,25.9021,2022,4,30,"US","Zanthoxylum fagara"
3772845788,"Zanthoxylum fagara",-80.926857,25.754581,2022,4,29,"US","Zanthoxylum fagara"
3773232886,"Zanthoxylum fagara",-80.160356,25.902087,2022,4,30,"US","Zanthoxylum fagara"
3773312702,"Zanthoxylum fagara",-80.777237,28.857933,2022,4,29,"US","Zanthoxylum fagara"
3773340429,"Zanthoxylum fagara",-80.186942,26.228413,2022,4,30,"US","Zanthoxylum fagara"
3773517314,"Zanthoxylum fagara",-80.339179,25.235036,2022,4,30,"US","Zanthoxylum fagara"
3773700381,"Zanthoxylum fagara",-80.187937,26.228737,2022,4,30,"US","Zanthoxylum fagara"
3772418223,"Zanthoxylum fagara",-82.539586,27.552733,2022,5,1,"US","Zanthoxylum fagara"
3772508735,"Zanthoxylum fagara",-80.406374,25.125093,2022,5,2,"US","Zanthoxylum fagara"
3772526785,"Zanthoxylum fagara",-82.539432,27.552626,2022,5,1,"US","Zanthoxylum fagara"
3772539742,"Zanthoxylum fagara",-82.539616,27.552702,2022,5,1,"US","Zanthoxylum fagara"
3772667269,"Zanthoxylum fagara",-97.664049,26.185922,2022,5,1,"US","Zanthoxylum fagara"
3772777162,"Zanthoxylum fagara",-98.687832,26.370853,2022,5,1,"US","Zanthoxylum fagara"
3772879711,"Zanthoxylum fagara",-97.347313,26.22897,2022,5,2,"US","Zanthoxylum fagara"
3772881884,"Zanthoxylum fagara",-97.552295,26.215771,2022,5,2,"US","Zanthoxylum fagara"
3772900010,"Zanthoxylum fagara",-81.980816,26.547951,2022,5,6,"US","Zanthoxylum fagara"
3772909723,"Zanthoxylum fagara",-97.347313,26.22897,2022,5,2,"US","Zanthoxylum fagara"
3772937308,"Zanthoxylum fagara",-97.522912,26.317337,2022,5,1,"US","Zanthoxylum fagara"
3772948867,"Zanthoxylum fagara",-97.955599,26.123543,2022,5,1,"US","Zanthoxylum fagara"
3773050823,"Zanthoxylum fagara",-97.721233,26.049137,2022,5,1,"US","Zanthoxylum fagara"
3773127290,"Zanthoxylum fagara",-82.539698,27.552773,2022,5,1,"US","Zanthoxylum fagara"
3773183718,"Zanthoxylum fagara",-98.366493,26.179835,2022,5,1,"US","Zanthoxylum fagara"
3773215439,"Zanthoxylum fagara",-97.085122,27.834267,2022,5,2,"US","Zanthoxylum fagara"
3773505754,"Zanthoxylum fagara",-97.734296,26.076355,2022,5,1,"US","Zanthoxylum fagara"
3773563657,"Zanthoxylum fagara",-97.685,26.173056,2022,5,2,"US","Zanthoxylum fagara"
3773570882,"Zanthoxylum fagara",-97.663942,26.185537,2022,5,1,"US","Zanthoxylum fagara"
3773594087,"Zanthoxylum fagara",-98.33055,26.182711,2022,5,2,"US","Zanthoxylum fagara"
3773664515,"Zanthoxylum fagara",-98.192562,26.189901,2022,5,1,"US","Zanthoxylum fagara"
3773747830,"Zanthoxylum fagara",-97.347313,26.22897,2022,5,2,"US","Zanthoxylum fagara"
3773783558,"Zanthoxylum fagara",-80.150856,25.71649,2022,5,2,"US","Zanthoxylum fagara"
3031583200,"Zanthoxylum fagara",-82.151352,26.471673,2021,1,6,"US","Zanthoxylum fagara"
3031677995,"Zanthoxylum fagara",-80.324781,25.667218,2021,1,16,"US","Zanthoxylum fagara"
3031686219,"Zanthoxylum fagara",-82.49832,27.203652,2021,1,18,"US","Zanthoxylum fagara"
3031707048,"Zanthoxylum fagara",-97.420345,25.851421,2021,1,16,"US","Zanthoxylum fagara"
3031712813,"Zanthoxylum fagara",-97.418808,25.851105,2021,1,24,"US","Zanthoxylum fagara"
3031717752,"Zanthoxylum fagara",-82.62617,27.530488,2021,1,25,"US","Zanthoxylum fagara"
3031718608,"Zanthoxylum fagara",-97.544005,25.957005,2021,1,23,"US","Zanthoxylum fagara"
3031729974,"Zanthoxylum fagara",-98.352827,26.181281,2021,1,27,"US","Zanthoxylum fagara"
3031769601,"Zanthoxylum fagara",-82.580488,27.409505,2021,1,22,"US","Zanthoxylum fagara"
3031778161,"Zanthoxylum fagara",-96.802955,28.308022,2021,1,17,"US","Zanthoxylum fagara"
3031789309,"Zanthoxylum fagara",-81.776275,24.561941,2021,1,20,"US","Zanthoxylum fagara"
3031996139,"Zanthoxylum fagara",-82.498199,27.203702,2021,1,18,"US","Zanthoxylum fagara"
3032027752,"Zanthoxylum fagara",-82.627523,27.531247,2021,1,25,"US","Zanthoxylum fagara"
3032041812,"Zanthoxylum fagara",-82.631907,27.535539,2021,1,25,"US","Zanthoxylum fagara"
3032057342,"Zanthoxylum fagara",-80.323953,26.076758,2021,1,9,"US","Zanthoxylum fagara"
3032059876,"Zanthoxylum fagara",-96.802441,28.305627,2021,1,14,"US","Zanthoxylum fagara"
3032071628,"Zanthoxylum fagara",-97.542183,25.956495,2021,1,23,"US","Zanthoxylum fagara"
3039118088,"Zanthoxylum fagara",-97.364323,26.243976,2021,1,31,"US","Zanthoxylum fagara"
3039124994,"Zanthoxylum fagara",-97.34762,26.229067,2021,1,30,"US","Zanthoxylum fagara"
3039192088,"Zanthoxylum fagara",-82.627075,27.531915,2021,1,25,"US","Zanthoxylum fagara"
3039352461,"Zanthoxylum fagara",-97.21278,27.976943,2021,1,15,"US","Zanthoxylum fagara"
3039373161,"Zanthoxylum fagara",-80.796707,28.532202,2021,1,31,"US","Zanthoxylum fagara"
3067875498,"Zanthoxylum fagara",-80.596295,24.949632,2021,1,24,"US","Zanthoxylum fagara"
3070397374,"Zanthoxylum fagara",-97.346755,26.22777,2021,1,28,"US","Zanthoxylum fagara"
3070536458,"Zanthoxylum fagara",-98.369954,26.625326,2021,1,9,"US","Zanthoxylum fagara"
3090677040,"Zanthoxylum fagara",-97.417817,25.851037,2021,1,31,"US","Zanthoxylum fagara"
3039211923,"Zanthoxylum fagara",-99.428985,27.571201,2021,2,9,"US","Zanthoxylum fagara"
3039286680,"Zanthoxylum fagara",-98.725044,26.396177,2021,2,6,"US","Zanthoxylum fagara"
3039308603,"Zanthoxylum fagara",-98.724588,26.395995,2021,2,6,"US","Zanthoxylum fagara"
3039332424,"Zanthoxylum fagara",-82.064829,26.429606,2021,2,4,"US","Zanthoxylum fagara"
3039412874,"Zanthoxylum fagara",-80.073086,26.857,2021,2,8,"US","Zanthoxylum fagara"
3044704171,"Zanthoxylum fagara",-98.266825,26.205428,2021,2,24,"US","Zanthoxylum fagara"
3044916431,"Zanthoxylum fagara",-80.186604,26.227933,2021,2,17,"US","Zanthoxylum fagara"
3058760222,"Zanthoxylum fagara",-97.562684,26.266852,2021,2,26,"US","Zanthoxylum fagara"
3058943461,"Zanthoxylum fagara",-98.365657,26.177171,2021,2,27,"US","Zanthoxylum fagara"
3058962612,"Zanthoxylum fagara",-80.930441,25.138274,2021,2,25,"US","Zanthoxylum fagara"
3058988309,"Zanthoxylum fagara",-97.571,25.99637,2021,2,28,"US","Zanthoxylum fagara"
3059018804,"Zanthoxylum fagara",-99.428962,27.570309,2021,2,9,"US","Zanthoxylum fagara"
3090920609,"Zanthoxylum fagara",-99.427953,27.571141,2021,2,9,"US","Zanthoxylum fagara"
3058883721,"Zanthoxylum fagara",-98.365603,26.177151,2021,3,5,"US","Zanthoxylum fagara"
3058909997,"Zanthoxylum fagara",-97.684945,26.17743,2021,3,2,"US","Zanthoxylum fagara"
3059022243,"Zanthoxylum fagara",-82.151914,26.471742,2021,3,4,"US","Zanthoxylum fagara"
3059067830,"Zanthoxylum fagara",-97.958636,26.126508,2021,3,3,"US","Zanthoxylum fagara"
3061588777,"Zanthoxylum fagara",-80.367773,25.175779,2021,3,12,"US","Zanthoxylum fagara"
3061656556,"Zanthoxylum fagara",-97.341156,25.950858,2021,3,8,"US","Zanthoxylum fagara"
3061727577,"Zanthoxylum fagara",-97.284744,26.011575,2021,3,8,"US","Zanthoxylum fagara"
3061790664,"Zanthoxylum fagara",-80.373781,25.695972,2021,3,16,"US","Zanthoxylum fagara"
3067783623,"Zanthoxylum fagara",-97.68928,26.00964,2021,3,24,"US","Zanthoxylum fagara"
3067799786,"Zanthoxylum fagara",-82.015077,26.452185,2021,3,24,"US","Zanthoxylum fagara"
3067980411,"Zanthoxylum fagara",-81.994055,28.568667,2021,3,10,"US","Zanthoxylum fagara"
3070638536,"Zanthoxylum fagara",-97.94925,26.129911,2021,3,30,"US","Zanthoxylum fagara"
3321173400,"Zanthoxylum fagara",-97.347078,26.227006,2021,3,9,"US","Zanthoxylum fagara"
3712748367,"Zanthoxylum fagara",-97.944869,28.344276,2021,3,12,"US","Zanthoxylum fagara"
3742986344,"Zanthoxylum fagara",-97.842852,27.472962,2021,3,30,"US","Zanthoxylum fagara"
3079866523,"Zanthoxylum fagara",-82.151794,26.472487,2021,4,1,"US","Zanthoxylum fagara"
3090650970,"Zanthoxylum fagara",-98.224145,27.339967,2021,4,14,"US","Zanthoxylum fagara"
3090659848,"Zanthoxylum fagara",-81.533829,26.723562,2021,4,14,"US","Zanthoxylum fagara"
3090752670,"Zanthoxylum fagara",-97.284662,25.943603,2021,4,11,"US","Zanthoxylum fagara"
3090788829,"Zanthoxylum fagara",-81.533917,26.723508,2021,4,14,"US","Zanthoxylum fagara"
3090945819,"Zanthoxylum fagara",-97.298028,25.944638,2021,4,11,"US","Zanthoxylum fagara"
3096996078,"Zanthoxylum fagara",-97.39945,27.791625,2021,4,18,"US","Zanthoxylum fagara"
3097149882,"Zanthoxylum fagara",-81.539597,27.47197,2021,4,17,"US","Zanthoxylum fagara"
3097190415,"Zanthoxylum fagara",-80.475234,27.902176,2021,4,20,"US","Zanthoxylum fagara"
3109171293,"Zanthoxylum fagara",-99.472716,27.599979,2021,4,27,"US","Zanthoxylum fagara"
3109287970,"Zanthoxylum fagara",-98.732214,26.356552,2021,4,25,"US","Zanthoxylum fagara"
3109395544,"Zanthoxylum fagara",-82.395866,28.648375,2021,4,29,"US","Zanthoxylum fagara"
3112294826,"Zanthoxylum fagara",-80.440483,25.559655,2021,4,30,"US","Zanthoxylum fagara"
3112296633,"Zanthoxylum fagara",-80.407496,25.124741,2021,4,30,"US","Zanthoxylum fagara"
3112393140,"Zanthoxylum fagara",-98.186422,26.291476,2021,4,30,"US","Zanthoxylum fagara"
3112551472,"Zanthoxylum fagara",-81.78389,26.158401,2021,4,29,"US","Zanthoxylum fagara"
3112566656,"Zanthoxylum fagara",-98.192263,26.189861,2021,4,30,"US","Zanthoxylum fagara"
3112647048,"Zanthoxylum fagara",-97.085211,27.834242,2021,4,30,"US","Zanthoxylum fagara"
3112879351,"Zanthoxylum fagara",-97.959021,26.12607,2021,4,30,"US","Zanthoxylum fagara"
3113440767,"Zanthoxylum fagara",-97.347313,26.22897,2021,4,30,"US","Zanthoxylum fagara"
3302123548,"Zanthoxylum fagara",-80.35605,25.962072,2021,4,26,"US","Zanthoxylum fagara"
3307207059,"Zanthoxylum fagara",-97.399915,27.791803,2021,4,24,"US","Zanthoxylum fagara"
3314292847,"Zanthoxylum fagara",-97.40553,27.654223,2021,4,24,"US","Zanthoxylum fagara"
3320944426,"Zanthoxylum fagara",-97.35114,26.182203,2021,4,8,"US","Zanthoxylum fagara"
3455349132,"Zanthoxylum fagara",-96.801547,28.306611,2021,4,17,"US","Zanthoxylum fagara"
3112329989,"Zanthoxylum fagara",-80.302203,25.275288,2021,5,1,"US","Zanthoxylum fagara"
3112372078,"Zanthoxylum fagara",-98.230069,26.175393,2021,5,1,"US","Zanthoxylum fagara"
3112561214,"Zanthoxylum fagara",-97.626808,26.115304,2021,5,1,"US","Zanthoxylum fagara"
3112589727,"Zanthoxylum fagara",-97.66263,26.186017,2021,5,2,"US","Zanthoxylum fagara"
3112595743,"Zanthoxylum fagara",-97.66263,26.186017,2021,5,2,"US","Zanthoxylum fagara"
3112784407,"Zanthoxylum fagara",-97.708837,26.161604,2021,5,1,"US","Zanthoxylum fagara"
3112848492,"Zanthoxylum fagara",-97.66313,26.185774,2021,5,3,"US","Zanthoxylum fagara"
3112965113,"Zanthoxylum fagara",-98.192818,26.190192,2021,5,3,"US","Zanthoxylum fagara"
3113280575,"Zanthoxylum fagara",-80.229469,27.325657,2021,5,3,"US","Zanthoxylum fagara"
3113320612,"Zanthoxylum fagara",-97.417908,25.85187,2021,5,4,"US","Zanthoxylum fagara"
3113385877,"Zanthoxylum fagara",-97.768097,28.403625,2021,5,13,"US","Zanthoxylum fagara"
3113421627,"Zanthoxylum fagara",-82.107661,26.43191,2021,5,11,"US","Zanthoxylum fagara"
3113628378,"Zanthoxylum fagara",-82.120098,26.456945,2021,5,10,"US","Zanthoxylum fagara"
3113652602,"Zanthoxylum fagara",-80.070644,26.864891,2021,5,11,"US","Zanthoxylum fagara"
3118204458,"Zanthoxylum fagara",-81.593978,25.98854,2021,5,18,"US","Zanthoxylum fagara"
3118293009,"Zanthoxylum fagara",-80.310331,25.73779,2021,5,16,"US","Zanthoxylum fagara"
3124755983,"Zanthoxylum fagara",-80.79359,28.528857,2021,5,22,"US","Zanthoxylum fagara"
3301812129,"Zanthoxylum fagara",-98.623863,27.261696,2021,5,29,"US","Zanthoxylum fagara"
3302218116,"Zanthoxylum fagara",-80.362477,26.128224,2021,6,9,"US","Zanthoxylum fagara"
3302293135,"Zanthoxylum fagara",-98.146212,26.051918,2021,6,7,"US","Zanthoxylum fagara"
3307153804,"Zanthoxylum fagara",-98.780212,26.861375,2021,6,8,"US","Zanthoxylum fagara"
3307162829,"Zanthoxylum fagara",-81.26696,26.175549,2021,6,13,"US","Zanthoxylum fagara"
3307491419,"Zanthoxylum fagara",-81.266883,26.175579,2021,6,13,"US","Zanthoxylum fagara"
3314184222,"Zanthoxylum fagara",-97.326251,27.667079,2021,6,21,"US","Zanthoxylum fagara"
3320999418,"Zanthoxylum fagara",-80.369443,25.17602,2021,6,23,"US","Zanthoxylum fagara"
3321116147,"Zanthoxylum fagara",-80.630998,28.653207,2021,6,28,"US","Zanthoxylum fagara"
3321242468,"Zanthoxylum fagara",-80.368215,25.175005,2021,6,23,"US","Zanthoxylum fagara"
3325587625,"Zanthoxylum fagara",-99.445077,27.235078,2021,6,29,"US","Zanthoxylum fagara"
3327739065,"Zanthoxylum fagara",-97.415791,28.115024,2021,7,11,"US","Zanthoxylum fagara"
3327748051,"Zanthoxylum fagara",-97.415562,28.114861,2021,7,11,"US","Zanthoxylum fagara"
3327786172,"Zanthoxylum fagara",-97.418496,28.102371,2021,7,12,"US","Zanthoxylum fagara"
3327788920,"Zanthoxylum fagara",-97.415508,28.114947,2021,7,10,"US","Zanthoxylum fagara"
3327859636,"Zanthoxylum fagara",-80.274546,26.069167,2021,7,15,"US","Zanthoxylum fagara"
3327885348,"Zanthoxylum fagara",-97.381026,28.042796,2021,7,13,"US","Zanthoxylum fagara"
3327915630,"Zanthoxylum fagara",-97.416507,28.103213,2021,7,13,"US","Zanthoxylum fagara"
3327929239,"Zanthoxylum fagara",-97.41554,28.114912,2021,7,11,"US","Zanthoxylum fagara"
3327963416,"Zanthoxylum fagara",-97.416656,28.103169,2021,7,13,"US","Zanthoxylum fagara"
3328034969,"Zanthoxylum fagara",-97.420294,28.115528,2021,7,11,"US","Zanthoxylum fagara"
3328037011,"Zanthoxylum fagara",-97.415433,28.114911,2021,7,11,"US","Zanthoxylum fagara"
3328098600,"Zanthoxylum fagara",-97.41635,28.1032,2021,7,13,"US","Zanthoxylum fagara"
3330444650,"Zanthoxylum fagara",-80.101968,26.37851,2021,7,16,"US","Zanthoxylum fagara"
3330514603,"Zanthoxylum fagara",-80.276178,26.073192,2021,7,15,"US","Zanthoxylum fagara"
3333377543,"Zanthoxylum fagara",-80.188257,26.22686,2021,7,29,"US","Zanthoxylum fagara"
3384156618,"Zanthoxylum fagara",-96.888024,28.456974,2021,7,5,"US","Zanthoxylum fagara"
3384372572,"Zanthoxylum fagara",-96.888024,28.456974,2021,7,5,"US","Zanthoxylum fagara"
3456046493,"Zanthoxylum fagara",-96.888024,28.456974,2021,7,31,"US","Zanthoxylum fagara"
3355140452,"Zanthoxylum fagara",-99.433944,27.573841,2021,8,31,"US","Zanthoxylum fagara"
3355405961,"Zanthoxylum fagara",-97.326708,27.668178,2021,9,4,"US","Zanthoxylum fagara"
3355738815,"Zanthoxylum fagara",-97.947228,28.350853,2021,9,3,"US","Zanthoxylum fagara"
3384026385,"Zanthoxylum fagara",-80.796808,28.5321,2021,9,19,"US","Zanthoxylum fagara"
3384272612,"Zanthoxylum fagara",-99.475756,27.597373,2021,9,19,"US","Zanthoxylum fagara"
3384317936,"Zanthoxylum fagara",-82.042533,26.44628,2021,9,15,"US","Zanthoxylum fagara"
3384422898,"Zanthoxylum fagara",-98.135086,26.084178,2021,9,19,"US","Zanthoxylum fagara"
3384544423,"Zanthoxylum fagara",-82.360812,27.509401,2021,9,25,"US","Zanthoxylum fagara"
3384741189,"Zanthoxylum fagara",-80.802459,28.533236,2021,9,25,"US","Zanthoxylum fagara"
3384747549,"Zanthoxylum fagara",-80.186408,26.229645,2021,9,11,"US","Zanthoxylum fagara"
3384848754,"Zanthoxylum fagara",-99.432979,27.576152,2021,9,13,"US","Zanthoxylum fagara"
3391407017,"Zanthoxylum fagara",-80.187842,26.22886,2021,9,19,"US","Zanthoxylum fagara"
3384542229,"Zanthoxylum fagara",-97.876675,28.057336,2021,10,3,"US","Zanthoxylum fagara"
3391637617,"Zanthoxylum fagara",-97.876231,28.058142,2021,10,7,"US","Zanthoxylum fagara"
3391658863,"Zanthoxylum fagara",-80.796768,28.53214,2021,10,5,"US","Zanthoxylum fagara"
3391691677,"Zanthoxylum fagara",-82.037222,26.45412,2021,10,8,"US","Zanthoxylum fagara"
3398742928,"Zanthoxylum fagara",-82.483415,27.349261,2021,10,8,"US","Zanthoxylum fagara"
3398743016,"Zanthoxylum fagara",-82.085245,26.430567,2021,10,15,"US","Zanthoxylum fagara"
3398906419,"Zanthoxylum fagara",-97.892514,27.469168,2021,10,18,"US","Zanthoxylum fagara"
3398917356,"Zanthoxylum fagara",-97.892734,27.468831,2021,10,18,"US","Zanthoxylum fagara"
3398995413,"Zanthoxylum fagara",-81.774226,26.46481,2021,10,28,"US","Zanthoxylum fagara"
3399073326,"Zanthoxylum fagara",-97.892126,27.468447,2021,10,18,"US","Zanthoxylum fagara"
3399353420,"Zanthoxylum fagara",-97.892813,27.46933,2021,10,18,"US","Zanthoxylum fagara"
3407920887,"Zanthoxylum fagara",-82.672048,27.499374,2021,10,29,"US","Zanthoxylum fagara"
3407953611,"Zanthoxylum fagara",-82.443394,27.058364,2021,10,11,"US","Zanthoxylum fagara"
3408120700,"Zanthoxylum fagara",-81.780209,26.461039,2021,10,29,"US","Zanthoxylum fagara"
3415572508,"Zanthoxylum fagara",-96.804902,28.305024,2021,11,16,"US","Zanthoxylum fagara"
3415713580,"Zanthoxylum fagara",-99.43888,27.572172,2021,11,18,"US","Zanthoxylum fagara"
3415932435,"Zanthoxylum fagara",-97.957612,26.124442,2021,11,22,"US","Zanthoxylum fagara"
3416044646,"Zanthoxylum fagara",-97.957612,26.124442,2021,11,22,"US","Zanthoxylum fagara"
3416046747,"Zanthoxylum fagara",-96.985982,28.133254,2021,11,15,"US","Zanthoxylum fagara"
3455319136,"Zanthoxylum fagara",-99.430254,27.576387,2021,11,28,"US","Zanthoxylum fagara"
3455351662,"Zanthoxylum fagara",-97.570376,28.171377,2021,11,26,"US","Zanthoxylum fagara"
3455352298,"Zanthoxylum fagara",-99.474519,27.598878,2021,11,28,"US","Zanthoxylum fagara"
3455456077,"Zanthoxylum fagara",-99.430389,27.576369,2021,11,28,"US","Zanthoxylum fagara"
3455701852,"Zanthoxylum fagara",-99.472762,27.600049,2021,11,28,"US","Zanthoxylum fagara"
3455939523,"Zanthoxylum fagara",-80.874236,25.193386,2021,11,15,"US","Zanthoxylum fagara"
3456386677,"Zanthoxylum fagara",-99.43055,27.576343,2021,11,28,"US","Zanthoxylum fagara"
3456478197,"Zanthoxylum fagara",-99.475759,27.59731,2021,11,28,"US","Zanthoxylum fagara"
3456810496,"Zanthoxylum fagara",-99.115342,26.514317,2021,11,20,"US","Zanthoxylum fagara"
3456833386,"Zanthoxylum fagara",-81.7742,26.464808,2021,11,29,"US","Zanthoxylum fagara"
3457098814,"Zanthoxylum fagara",-99.432561,27.575934,2021,11,22,"US","Zanthoxylum fagara"
3499380472,"Zanthoxylum fagara",-99.435726,27.572785,2021,11,10,"US","Zanthoxylum fagara"
3772976015,"Zanthoxylum fagara",-97.664382,26.185612,2021,11,11,"US","Zanthoxylum fagara"
3455359544,"Zanthoxylum fagara",-97.39962,27.791464,2021,12,4,"US","Zanthoxylum fagara"
3455409607,"Zanthoxylum fagara",-97.399552,27.791907,2021,12,4,"US","Zanthoxylum fagara"
3455540776,"Zanthoxylum fagara",-80.13292,25.910215,2021,12,4,"US","Zanthoxylum fagara"
3455577162,"Zanthoxylum fagara",-80.11776,26.888553,2021,12,17,"US","Zanthoxylum fagara"
3455678861,"Zanthoxylum fagara",-82.169653,26.48123,2021,12,25,"US","Zanthoxylum fagara"
3455781319,"Zanthoxylum fagara",-97.347717,26.22883,2021,12,27,"US","Zanthoxylum fagara"
3455886290,"Zanthoxylum fagara",-97.051964,28.095481,2021,12,20,"US","Zanthoxylum fagara"
3455888949,"Zanthoxylum fagara",-99.124617,26.566087,2021,12,27,"US","Zanthoxylum fagara"
3455955183,"Zanthoxylum fagara",-97.418868,25.850852,2021,12,28,"US","Zanthoxylum fagara"
3456086273,"Zanthoxylum fagara",-97.051972,28.095478,2021,12,20,"US","Zanthoxylum fagara"
3456091272,"Zanthoxylum fagara",-97.664872,26.185228,2021,12,21,"US","Zanthoxylum fagara"
3456416205,"Zanthoxylum fagara",-97.959193,26.125307,2021,12,28,"US","Zanthoxylum fagara"
3456434722,"Zanthoxylum fagara",-98.379988,26.183532,2021,12,24,"US","Zanthoxylum fagara"
3456515565,"Zanthoxylum fagara",-81.787728,26.165295,2021,12,23,"US","Zanthoxylum fagara"
3456589642,"Zanthoxylum fagara",-97.45066,29.47795,2021,12,12,"US","Zanthoxylum fagara"
3456597073,"Zanthoxylum fagara",-81.548619,27.467989,2021,12,29,"US","Zanthoxylum fagara"
3456894051,"Zanthoxylum fagara",-97.403938,26.192067,2021,12,16,"US","Zanthoxylum fagara"
3456944404,"Zanthoxylum fagara",-99.432313,27.766347,2021,12,26,"US","Zanthoxylum fagara"
3457071260,"Zanthoxylum fagara",-97.66507,26.18502,2021,12,21,"US","Zanthoxylum fagara"
3457086084,"Zanthoxylum fagara",-97.347298,26.229162,2021,12,20,"US","Zanthoxylum fagara"
3712716470,"Zanthoxylum fagara",-97.996254,26.159229,2021,12,31,"US","Zanthoxylum fagara"
2550028084,"Zanthoxylum fagara",-80.203441,25.748564,2020,1,8,"US","Zanthoxylum fagara"
2550055647,"Zanthoxylum fagara",-97.664818,26.184464,2020,1,9,"US","Zanthoxylum fagara"
2550061235,"Zanthoxylum fagara",-80.609383,28.336533,2020,1,4,"US","Zanthoxylum fagara"
2557811202,"Zanthoxylum fagara",-80.362968,25.182764,2020,1,8,"US","Zanthoxylum fagara"
2563566410,"Zanthoxylum fagara",-80.645631,24.911068,2020,1,23,"US","Zanthoxylum fagara"
2563569227,"Zanthoxylum fagara",-99.428975,27.571072,2020,1,23,"US","Zanthoxylum fagara"
2563569982,"Zanthoxylum fagara",-99.428944,27.571023,2020,1,23,"US","Zanthoxylum fagara"
2563572079,"Zanthoxylum fagara",-99.42892,27.5712,2020,1,23,"US","Zanthoxylum fagara"
2563579224,"Zanthoxylum fagara",-80.936536,25.140001,2020,1,24,"US","Zanthoxylum fagara"
3067854759,"Zanthoxylum fagara",-97.664825,26.184483,2020,1,9,"US","Zanthoxylum fagara"
3079577692,"Zanthoxylum fagara",-98.505888,27.860563,2020,1,18,"US","Zanthoxylum fagara"
2574230110,"Zanthoxylum fagara",-97.662809,26.184756,2020,2,4,"US","Zanthoxylum fagara"
2576435615,"Zanthoxylum fagara",-97.397819,28.107984,2020,2,29,"US","Zanthoxylum fagara"
2609293463,"Zanthoxylum fagara",-99.428244,27.571052,2020,2,11,"US","Zanthoxylum fagara"
3314166332,"Zanthoxylum fagara",-82.45073,27.534187,2020,2,23,"US","Zanthoxylum fagara"
2576347592,"Zanthoxylum fagara",-99.472822,27.462201,2020,3,1,"US","Zanthoxylum fagara"
2579238036,"Zanthoxylum fagara",-98.408356,26.712339,2020,3,7,"US","Zanthoxylum fagara"
2579258071,"Zanthoxylum fagara",-98.408203,26.712315,2020,3,7,"US","Zanthoxylum fagara"
2579277994,"Zanthoxylum fagara",-98.407654,26.71402,2020,3,7,"US","Zanthoxylum fagara"
2579311156,"Zanthoxylum fagara",-98.407784,26.713968,2020,3,7,"US","Zanthoxylum fagara"
2579316086,"Zanthoxylum fagara",-98.40837,26.712213,2020,3,7,"US","Zanthoxylum fagara"
2580111821,"Zanthoxylum fagara",-97.568481,25.99702,2020,3,18,"US","Zanthoxylum fagara"
2580126708,"Zanthoxylum fagara",-97.327485,27.667456,2020,3,17,"US","Zanthoxylum fagara"
2580139145,"Zanthoxylum fagara",-97.83044,26.598488,2020,3,13,"US","Zanthoxylum fagara"
2580210810,"Zanthoxylum fagara",-97.87656,28.05666,2020,3,16,"US","Zanthoxylum fagara"
2596171048,"Zanthoxylum fagara",-97.726983,27.317543,2020,3,31,"US","Zanthoxylum fagara"
2596260746,"Zanthoxylum fagara",-97.82111,28.408992,2020,3,23,"US","Zanthoxylum fagara"
2596312737,"Zanthoxylum fagara",-80.11045,27.036011,2020,3,22,"US","Zanthoxylum fagara"
2596454792,"Zanthoxylum fagara",-98.37624,26.21823,2020,3,29,"US","Zanthoxylum fagara"
2597719857,"Zanthoxylum fagara",-80.18673,26.228992,2020,3,7,"US","Zanthoxylum fagara"
3018110374,"Zanthoxylum fagara",-97.727013,27.317655,2020,3,30,"US","Zanthoxylum fagara"
3090621637,"Zanthoxylum fagara",-97.418911,25.850752,2020,3,14,"US","Zanthoxylum fagara"
2597766063,"Zanthoxylum fagara",-81.26523,26.09594,2020,4,9,"US","Zanthoxylum fagara"
2597898715,"Zanthoxylum fagara",-82.152537,26.473574,2020,4,7,"US","Zanthoxylum fagara"
2603284234,"Zanthoxylum fagara",-97.327467,27.667401,2020,4,11,"US","Zanthoxylum fagara"
2603322973,"Zanthoxylum fagara",-97.812058,27.998028,2020,4,10,"US","Zanthoxylum fagara"
2611010970,"Zanthoxylum fagara",-98.389631,26.176472,2020,4,26,"US","Zanthoxylum fagara"
2611014885,"Zanthoxylum fagara",-97.085053,27.834545,2020,4,26,"US","Zanthoxylum fagara"
2611023927,"Zanthoxylum fagara",-94.934797,29.218912,2020,4,26,"US","Zanthoxylum fagara"
2611066175,"Zanthoxylum fagara",-97.950262,26.133705,2020,4,24,"US","Zanthoxylum fagara"
2611134665,"Zanthoxylum fagara",-97.085067,27.834288,2020,4,26,"US","Zanthoxylum fagara"
2611190185,"Zanthoxylum fagara",-97.084986,27.834278,2020,4,24,"US","Zanthoxylum fagara"
2611215478,"Zanthoxylum fagara",-99.46752,27.600248,2020,4,27,"US","Zanthoxylum fagara"
2611248999,"Zanthoxylum fagara",-81.966778,26.464263,2020,4,29,"US","Zanthoxylum fagara"
2611255879,"Zanthoxylum fagara",-98.163343,26.301737,2020,4,24,"US","Zanthoxylum fagara"
2620077615,"Zanthoxylum fagara",-96.80501,28.304371,2020,4,29,"US","Zanthoxylum fagara"
2626373823,"Zanthoxylum fagara",-80.193051,26.317887,2020,4,26,"US","Zanthoxylum fagara"
2856488368,"Zanthoxylum fagara",-98.425063,27.864283,2020,4,9,"US","Zanthoxylum fagara"
2856567367,"Zanthoxylum fagara",-98.528211,27.854677,2020,4,9,"US","Zanthoxylum fagara"
2856767360,"Zanthoxylum fagara",-80.958016,27.220337,2020,4,25,"US","Zanthoxylum fagara"
2873807354,"Zanthoxylum fagara",-98.163343,26.301737,2020,4,24,"US","Zanthoxylum fagara"
3067841804,"Zanthoxylum fagara",-97.753742,26.129554,2020,4,24,"US","Zanthoxylum fagara"
2620095873,"Zanthoxylum fagara",-94.934907,29.218916,2020,5,6,"US","Zanthoxylum fagara"
2620157464,"Zanthoxylum fagara",-97.564328,25.984331,2020,5,2,"US","Zanthoxylum fagara"
2626146252,"Zanthoxylum fagara",-97.859611,27.476465,2020,5,10,"US","Zanthoxylum fagara"
2626184249,"Zanthoxylum fagara",-98.365502,26.177137,2020,5,12,"US","Zanthoxylum fagara"
2626248612,"Zanthoxylum fagara",-97.568935,25.997556,2020,5,14,"US","Zanthoxylum fagara"
2626302859,"Zanthoxylum fagara",-81.966778,26.464263,2020,5,19,"US","Zanthoxylum fagara"
2626381037,"Zanthoxylum fagara",-82.641568,27.524897,2020,5,13,"US","Zanthoxylum fagara"
2634492485,"Zanthoxylum fagara",-80.79723,28.5317,2020,5,30,"US","Zanthoxylum fagara"
2802755508,"Zanthoxylum fagara",-97.347138,26.228566,2020,6,18,"US","Zanthoxylum fagara"
2803141229,"Zanthoxylum fagara",-98.089953,26.533785,2020,6,23,"US","Zanthoxylum fagara"
2814352931,"Zanthoxylum fagara",-94.8927,29.429747,2020,6,28,"US","Zanthoxylum fagara"
2823102451,"Zanthoxylum fagara",-98.232572,27.339636,2020,6,3,"US","Zanthoxylum fagara"
2823307425,"Zanthoxylum fagara",-97.859515,27.476512,2020,6,1,"US","Zanthoxylum fagara"
3743106335,"Zanthoxylum fagara",-94.892769,29.430108,2020,6,28,"US","Zanthoxylum fagara"
2814325610,"Zanthoxylum fagara",-81.966778,26.464263,2020,7,1,"US","Zanthoxylum fagara"
2818563986,"Zanthoxylum fagara",-80.188165,26.226556,2020,7,12,"US","Zanthoxylum fagara"
2818829356,"Zanthoxylum fagara",-97.327735,27.668884,2020,7,14,"US","Zanthoxylum fagara"
2823131846,"Zanthoxylum fagara",-97.003078,28.157468,2020,7,15,"US","Zanthoxylum fagara"
2823231857,"Zanthoxylum fagara",-81.032175,25.875294,2020,7,18,"US","Zanthoxylum fagara"
2826172033,"Zanthoxylum fagara",-96.984491,28.129886,2020,7,24,"US","Zanthoxylum fagara"
2826211065,"Zanthoxylum fagara",-97.327815,27.669298,2020,7,23,"US","Zanthoxylum fagara"
2826362148,"Zanthoxylum fagara",-82.153094,26.661343,2020,7,26,"US","Zanthoxylum fagara"
2850940226,"Zanthoxylum fagara",-80.34956,25.447948,2020,8,4,"US","Zanthoxylum fagara"
2850992055,"Zanthoxylum fagara",-80.183219,27.157514,2020,8,3,"US","Zanthoxylum fagara"
2851034971,"Zanthoxylum fagara",-82.632225,27.5333,2020,8,15,"US","Zanthoxylum fagara"
2856733793,"Zanthoxylum fagara",-80.129447,27.092531,2020,8,22,"US","Zanthoxylum fagara"
2856765150,"Zanthoxylum fagara",-81.59402,25.98886,2020,8,22,"US","Zanthoxylum fagara"
2856770061,"Zanthoxylum fagara",-80.4441,27.019789,2020,8,24,"US","Zanthoxylum fagara"
2859962215,"Zanthoxylum fagara",-97.387815,28.657972,2020,8,30,"US","Zanthoxylum fagara"
2860081063,"Zanthoxylum fagara",-80.147072,25.752195,2020,8,30,"US","Zanthoxylum fagara"
3070281122,"Zanthoxylum fagara",-80.9487,25.747112,2020,8,16,"US","Zanthoxylum fagara"
2859944231,"Zanthoxylum fagara",-99.434415,27.572375,2020,9,1,"US","Zanthoxylum fagara"
2860064191,"Zanthoxylum fagara",-99.435082,27.574749,2020,9,1,"US","Zanthoxylum fagara"
2860087208,"Zanthoxylum fagara",-99.435008,27.573916,2020,9,1,"US","Zanthoxylum fagara"
2860154292,"Zanthoxylum fagara",-99.436229,27.573938,2020,9,1,"US","Zanthoxylum fagara"
2860167168,"Zanthoxylum fagara",-99.435027,27.57476,2020,9,1,"US","Zanthoxylum fagara"
2862537158,"Zanthoxylum fagara",-99.430513,27.572724,2020,9,8,"US","Zanthoxylum fagara"
2864609724,"Zanthoxylum fagara",-80.525816,27.138076,2020,9,11,"US","Zanthoxylum fagara"
2864698834,"Zanthoxylum fagara",-97.326571,27.667213,2020,9,15,"US","Zanthoxylum fagara"
2864781731,"Zanthoxylum fagara",-80.069725,26.350702,2020,9,16,"US","Zanthoxylum fagara"
2868318768,"Zanthoxylum fagara",-97.642337,27.865362,2020,9,19,"US","Zanthoxylum fagara"
2868356186,"Zanthoxylum fagara",-97.416229,26.194999,2020,9,6,"US","Zanthoxylum fagara"
2976129911,"Zanthoxylum fagara",-82.032324,27.021797,2020,9,17,"US","Zanthoxylum fagara"
2873984907,"Zanthoxylum fagara",-80.797165,28.531742,2020,10,1,"US","Zanthoxylum fagara"
2883027638,"Zanthoxylum fagara",-80.312684,25.737869,2020,10,5,"US","Zanthoxylum fagara"
2898452604,"Zanthoxylum fagara",-81.758111,26.114651,2020,10,7,"US","Zanthoxylum fagara"
2901530209,"Zanthoxylum fagara",-82.562845,27.380597,2020,10,21,"US","Zanthoxylum fagara"
2901567228,"Zanthoxylum fagara",-82.563132,27.380431,2020,10,21,"US","Zanthoxylum fagara"
2901722880,"Zanthoxylum fagara",-82.116471,26.45357,2020,10,17,"US","Zanthoxylum fagara"
2901780710,"Zanthoxylum fagara",-80.30735,25.614845,2020,10,16,"US","Zanthoxylum fagara"
2963850215,"Zanthoxylum fagara",-97.820726,27.797238,2020,10,29,"US","Zanthoxylum fagara"
2963861945,"Zanthoxylum fagara",-82.482562,27.351277,2020,10,23,"US","Zanthoxylum fagara"
2963905117,"Zanthoxylum fagara",-97.89022,27.531137,2020,10,28,"US","Zanthoxylum fagara"
2963909040,"Zanthoxylum fagara",-97.891067,27.531375,2020,10,27,"US","Zanthoxylum fagara"
3039133266,"Zanthoxylum fagara",-81.98146,28.596753,2020,10,2,"US","Zanthoxylum fagara"
3070323270,"Zanthoxylum fagara",-80.582358,25.61532,2020,10,10,"US","Zanthoxylum fagara"
3090815878,"Zanthoxylum fagara",-97.288092,25.950146,2020,10,23,"US","Zanthoxylum fagara"
2980798258,"Zanthoxylum fagara",-80.147373,25.753276,2020,11,6,"US","Zanthoxylum fagara"
2981003824,"Zanthoxylum fagara",-81.780287,26.461061,2020,11,1,"US","Zanthoxylum fagara"
2984506600,"Zanthoxylum fagara",-80.084189,26.978718,2020,11,7,"US","Zanthoxylum fagara"
2984532920,"Zanthoxylum fagara",-97.415307,25.856062,2020,11,10,"US","Zanthoxylum fagara"
2988270270,"Zanthoxylum fagara",-80.272456,25.682192,2020,11,15,"US","Zanthoxylum fagara"
2988410303,"Zanthoxylum fagara",-80.272176,25.681585,2020,11,15,"US","Zanthoxylum fagara"
2988527112,"Zanthoxylum fagara",-97.867958,28.870278,2020,11,14,"US","Zanthoxylum fagara"
2988596053,"Zanthoxylum fagara",-97.862521,26.308017,2020,11,10,"US","Zanthoxylum fagara"
2992782598,"Zanthoxylum fagara",-97.563653,25.992487,2020,11,21,"US","Zanthoxylum fagara"
2992829586,"Zanthoxylum fagara",-80.081781,26.948901,2020,11,7,"US","Zanthoxylum fagara"
2999131548,"Zanthoxylum fagara",-96.97648,28.152668,2020,11,17,"US","Zanthoxylum fagara"
3031936047,"Zanthoxylum fagara",-97.982441,26.533975,2020,11,3,"US","Zanthoxylum fagara"
3070278181,"Zanthoxylum fagara",-97.336227,27.704657,2020,11,18,"US","Zanthoxylum fagara"
3090847822,"Zanthoxylum fagara",-97.417317,25.850828,2020,11,10,"US","Zanthoxylum fagara"
2992728996,"Zanthoxylum fagara",-82.677662,27.49759,2020,12,1,"US","Zanthoxylum fagara"
2999100060,"Zanthoxylum fagara",-82.096446,26.439412,2020,12,8,"US","Zanthoxylum fagara"
2999168942,"Zanthoxylum fagara",-97.382232,28.652685,2020,12,7,"US","Zanthoxylum fagara"
2999172036,"Zanthoxylum fagara",-97.839953,27.52011,2020,12,8,"US","Zanthoxylum fagara"
2999193893,"Zanthoxylum fagara",-97.877092,28.057983,2020,12,5,"US","Zanthoxylum fagara"
2999217093,"Zanthoxylum fagara",-97.96184,26.121328,2020,12,9,"US","Zanthoxylum fagara"
3005074749,"Zanthoxylum fagara",-97.567659,25.996796,2020,12,12,"US","Zanthoxylum fagara"
3005075590,"Zanthoxylum fagara",-97.32773,27.668894,2020,12,8,"US","Zanthoxylum fagara"
3005078069,"Zanthoxylum fagara",-82.642769,27.521144,2020,12,15,"US","Zanthoxylum fagara"
3005092084,"Zanthoxylum fagara",-82.643463,27.52055,2020,12,15,"US","Zanthoxylum fagara"
3005093868,"Zanthoxylum fagara",-97.56865,25.981147,2020,12,13,"US","Zanthoxylum fagara"
3005200784,"Zanthoxylum fagara",-81.698813,25.91128,2020,12,12,"US","Zanthoxylum fagara"
3008408084,"Zanthoxylum fagara",-98.115897,28.372862,2020,12,23,"US","Zanthoxylum fagara"
3008423927,"Zanthoxylum fagara",-82.076934,26.433466,2020,12,21,"US","Zanthoxylum fagara"
3008446995,"Zanthoxylum fagara",-82.676528,27.503357,2020,12,22,"US","Zanthoxylum fagara"
3008467834,"Zanthoxylum fagara",-97.604155,27.921027,2020,12,19,"US","Zanthoxylum fagara"
3008505974,"Zanthoxylum fagara",-97.386528,28.658658,2020,12,22,"US","Zanthoxylum fagara"
3008517705,"Zanthoxylum fagara",-97.569595,25.995787,2020,12,18,"US","Zanthoxylum fagara"
3008531142,"Zanthoxylum fagara",-99.150663,26.583789,2020,12,23,"US","Zanthoxylum fagara"
3013960342,"Zanthoxylum fagara",-97.326125,27.66703,2020,12,31,"US","Zanthoxylum fagara"
3014003269,"Zanthoxylum fagara",-80.873839,25.190318,2020,12,25,"US","Zanthoxylum fagara"
3014081822,"Zanthoxylum fagara",-81.874312,26.39382,2020,12,26,"US","Zanthoxylum fagara"
3014087751,"Zanthoxylum fagara",-81.180553,26.481175,2020,12,26,"US","Zanthoxylum fagara"
3018118643,"Zanthoxylum fagara",-97.350875,26.143803,2020,12,31,"US","Zanthoxylum fagara"
3335105912,"Zanthoxylum fagara",-80.873291,25.186972,2020,12,25,"US","Zanthoxylum fagara"
1986614539,"Zanthoxylum fagara",-97.328026,27.669002,2019,1,8,"US","Zanthoxylum fagara"
1986629632,"Zanthoxylum fagara",-97.890939,28.842203,2019,1,10,"US","Zanthoxylum fagara"
1990476031,"Zanthoxylum fagara",-97.958045,28.776008,2019,1,11,"US","Zanthoxylum fagara"
1990483513,"Zanthoxylum fagara",-97.845386,28.735104,2019,1,12,"US","Zanthoxylum fagara"
1990492791,"Zanthoxylum fagara",-97.987175,28.510085,2019,1,13,"US","Zanthoxylum fagara"
1990546246,"Zanthoxylum fagara",-98.531701,26.546179,2019,1,19,"US","Zanthoxylum fagara"
1990565632,"Zanthoxylum fagara",-96.98481,28.129954,2019,1,14,"US","Zanthoxylum fagara"
1990569753,"Zanthoxylum fagara",-98.268295,26.204283,2019,1,19,"US","Zanthoxylum fagara"
1990570390,"Zanthoxylum fagara",-97.802415,28.522564,2019,1,23,"US","Zanthoxylum fagara"
1990591510,"Zanthoxylum fagara",-98.268286,26.204576,2019,1,26,"US","Zanthoxylum fagara"
1990592208,"Zanthoxylum fagara",-82.099674,26.43456,2019,1,26,"US","Zanthoxylum fagara"
1990602477,"Zanthoxylum fagara",-98.267695,26.203758,2019,1,26,"US","Zanthoxylum fagara"
1990611726,"Zanthoxylum fagara",-98.1922,26.189869,2019,1,28,"US","Zanthoxylum fagara"
1993717380,"Zanthoxylum fagara",-98.267626,26.203707,2019,1,26,"US","Zanthoxylum fagara"
2237420734,"Zanthoxylum fagara",-98.268257,26.204547,2019,1,26,"US","Zanthoxylum fagara"
3321083315,"Zanthoxylum fagara",-82.677642,27.4976,2019,1,5,"US","Zanthoxylum fagara"
1993756719,"Zanthoxylum fagara",-99.432097,27.575255,2019,2,5,"US","Zanthoxylum fagara"
2005346967,"Zanthoxylum fagara",-97.699965,27.903762,2019,2,15,"US","Zanthoxylum fagara"
2005395209,"Zanthoxylum fagara",-80.234167,25.399722,2019,2,16,"US","Zanthoxylum fagara"
2013750723,"Zanthoxylum fagara",-97.708211,28.131415,2019,3,13,"US","Zanthoxylum fagara"
2028499849,"Zanthoxylum fagara",-82.539785,27.553525,2019,3,19,"US","Zanthoxylum fagara"
2028500847,"Zanthoxylum fagara",-98.387604,26.17275,2019,3,19,"US","Zanthoxylum fagara"
2234749753,"Zanthoxylum fagara",-81.180566,26.481076,2019,3,21,"US","Zanthoxylum fagara"
2234765750,"Zanthoxylum fagara",-98.404068,26.710897,2019,3,23,"US","Zanthoxylum fagara"
2234773638,"Zanthoxylum fagara",-80.31793,25.608608,2019,3,23,"US","Zanthoxylum fagara"
2234782748,"Zanthoxylum fagara",-97.347267,26.228998,2019,3,25,"US","Zanthoxylum fagara"
2234783182,"Zanthoxylum fagara",-97.347122,26.228802,2019,3,25,"US","Zanthoxylum fagara"
2234783183,"Zanthoxylum fagara",-97.347717,26.229872,2019,3,25,"US","Zanthoxylum fagara"
2235477714,"Zanthoxylum fagara",-97.347782,26.229883,2019,3,25,"US","Zanthoxylum fagara"
2235478563,"Zanthoxylum fagara",-97.0573,28.006407,2019,3,27,"US","Zanthoxylum fagara"
2235496997,"Zanthoxylum fagara",-80.275025,26.075216,2019,3,30,"US","Zanthoxylum fagara"
2236892775,"Zanthoxylum fagara",-81.994811,28.504685,2019,3,23,"US","Zanthoxylum fagara"
2236234165,"Zanthoxylum fagara",-98.455376,26.714348,2019,4,6,"US","Zanthoxylum fagara"
2236235469,"Zanthoxylum fagara",-98.455376,26.714348,2019,4,6,"US","Zanthoxylum fagara"
2236235661,"Zanthoxylum fagara",-98.455597,26.710596,2019,4,6,"US","Zanthoxylum fagara"
2236236347,"Zanthoxylum fagara",-98.455376,26.714348,2019,4,6,"US","Zanthoxylum fagara"
2236237470,"Zanthoxylum fagara",-98.454834,26.708788,2019,4,6,"US","Zanthoxylum fagara"
2236262756,"Zanthoxylum fagara",-99.432688,27.574828,2019,4,4,"US","Zanthoxylum fagara"
2236271317,"Zanthoxylum fagara",-97.329061,27.669245,2019,4,9,"US","Zanthoxylum fagara"
2236854454,"Zanthoxylum fagara",-80.284124,25.680824,2019,4,13,"US","Zanthoxylum fagara"
2236895580,"Zanthoxylum fagara",-97.348599,26.231267,2019,4,16,"US","Zanthoxylum fagara"
2236918788,"Zanthoxylum fagara",-97.957601,26.123245,2019,4,12,"US","Zanthoxylum fagara"
2237447712,"Zanthoxylum fagara",-80.147346,25.753313,2019,4,17,"US","Zanthoxylum fagara"
2237487416,"Zanthoxylum fagara",-97.69977,27.291153,2019,4,20,"US","Zanthoxylum fagara"
2238816495,"Zanthoxylum fagara",-98.192299,26.189833,2019,4,26,"US","Zanthoxylum fagara"
2238868730,"Zanthoxylum fagara",-98.45435,26.711097,2019,4,27,"US","Zanthoxylum fagara"
2238881240,"Zanthoxylum fagara",-80.041503,26.584628,2019,4,27,"US","Zanthoxylum fagara"
2238898400,"Zanthoxylum fagara",-80.408852,25.127436,2019,4,28,"US","Zanthoxylum fagara"
2238966268,"Zanthoxylum fagara",-97.662029,26.186268,2019,4,29,"US","Zanthoxylum fagara"
2238966876,"Zanthoxylum fagara",-98.735653,26.359385,2019,4,29,"US","Zanthoxylum fagara"
2238971776,"Zanthoxylum fagara",-97.664341,26.18533,2019,4,29,"US","Zanthoxylum fagara"
2239013831,"Zanthoxylum fagara",-97.324762,27.713141,2019,4,27,"US","Zanthoxylum fagara"
2242762932,"Zanthoxylum fagara",-98.138202,26.079527,2019,4,26,"US","Zanthoxylum fagara"
2242766642,"Zanthoxylum fagara",-94.920677,29.445827,2019,4,27,"US","Zanthoxylum fagara"
2242785511,"Zanthoxylum fagara",-80.407784,25.125334,2019,4,29,"US","Zanthoxylum fagara"
2242811635,"Zanthoxylum fagara",-98.453603,26.707563,2019,4,27,"US","Zanthoxylum fagara"
2242823674,"Zanthoxylum fagara",-98.446597,26.711312,2019,4,27,"US","Zanthoxylum fagara"
2242831669,"Zanthoxylum fagara",-98.451263,26.713347,2019,4,27,"US","Zanthoxylum fagara"
2244213421,"Zanthoxylum fagara",-97.662029,26.186268,2019,4,29,"US","Zanthoxylum fagara"
2465100319,"Zanthoxylum fagara",-80.161152,25.900364,2019,4,26,"US","Zanthoxylum fagara"
2465102009,"Zanthoxylum fagara",-80.151677,25.717157,2019,4,28,"US","Zanthoxylum fagara"
2856733324,"Zanthoxylum fagara",-80.297112,27.466444,2019,4,22,"US","Zanthoxylum fagara"
3008467931,"Zanthoxylum fagara",-80.150976,25.715745,2019,4,29,"US","Zanthoxylum fagara"
3301856325,"Zanthoxylum fagara",-80.160326,25.901636,2019,4,18,"US","Zanthoxylum fagara"
3344051344,"Zanthoxylum fagara",-97.40123,27.667072,2019,4,26,"US","Zanthoxylum fagara"
2242844297,"Zanthoxylum fagara",-97.324551,27.666596,2019,5,4,"US","Zanthoxylum fagara"
2242905355,"Zanthoxylum fagara",-97.397511,28.137935,2019,5,8,"US","Zanthoxylum fagara"
2242932447,"Zanthoxylum fagara",-81.074783,24.71805,2019,5,10,"US","Zanthoxylum fagara"
2251907053,"Zanthoxylum fagara",-99.152235,26.708654,2019,5,26,"US","Zanthoxylum fagara"
2252055172,"Zanthoxylum fagara",-82.551963,27.601458,2019,5,30,"US","Zanthoxylum fagara"
2859948332,"Zanthoxylum fagara",-80.126509,26.344595,2019,5,24,"US","Zanthoxylum fagara"
2265816364,"Zanthoxylum fagara",-80.36498,25.177054,2019,6,7,"US","Zanthoxylum fagara"
2265831709,"Zanthoxylum fagara",-81.593727,25.989327,2019,6,8,"US","Zanthoxylum fagara"
2269293810,"Zanthoxylum fagara",-97.37056,26.228183,2019,6,9,"US","Zanthoxylum fagara"
2269327977,"Zanthoxylum fagara",-97.394035,27.668898,2019,6,19,"US","Zanthoxylum fagara"
2283076054,"Zanthoxylum fagara",-80.393021,25.605019,2019,6,29,"US","Zanthoxylum fagara"
3302453792,"Zanthoxylum fagara",-98.769287,26.333118,2019,6,23,"US","Zanthoxylum fagara"
3070474686,"Zanthoxylum fagara",-99.030594,26.571184,2019,8,25,"US","Zanthoxylum fagara"
2397695347,"Zanthoxylum fagara",-99.435376,27.57434,2019,9,3,"US","Zanthoxylum fagara"
2422921041,"Zanthoxylum fagara",-99.436284,27.573977,2019,9,5,"US","Zanthoxylum fagara"
2422961385,"Zanthoxylum fagara",-97.418828,28.1063,2019,9,7,"US","Zanthoxylum fagara"
2422973556,"Zanthoxylum fagara",-99.538721,27.621241,2019,9,8,"US","Zanthoxylum fagara"
2423134157,"Zanthoxylum fagara",-97.409754,27.879764,2019,9,18,"US","Zanthoxylum fagara"
2423167004,"Zanthoxylum fagara",-80.204167,25.748611,2019,9,18,"US","Zanthoxylum fagara"
2423188877,"Zanthoxylum fagara",-97.328079,27.668023,2019,9,21,"US","Zanthoxylum fagara"
2465126308,"Zanthoxylum fagara",-80.158333,25.701666,2019,9,20,"US","Zanthoxylum fagara"
2873736352,"Zanthoxylum fagara",-80.152549,25.939374,2019,9,30,"US","Zanthoxylum fagara"
2429511055,"Zanthoxylum fagara",-98.192322,26.189817,2019,10,8,"US","Zanthoxylum fagara"
2429529743,"Zanthoxylum fagara",-98.13871,26.079992,2019,10,9,"US","Zanthoxylum fagara"
2429548986,"Zanthoxylum fagara",-97.67617,27.283433,2019,10,9,"US","Zanthoxylum fagara"
2429624112,"Zanthoxylum fagara",-80.400203,25.138942,2019,10,17,"US","Zanthoxylum fagara"
2444964252,"Zanthoxylum fagara",-98.192184,26.189816,2019,10,21,"US","Zanthoxylum fagara"
2451700525,"Zanthoxylum fagara",-82.038991,26.44924,2019,10,26,"US","Zanthoxylum fagara"
2465248323,"Zanthoxylum fagara",-81.77188,26.459892,2019,10,18,"US","Zanthoxylum fagara"
3044553449,"Zanthoxylum fagara",-82.152537,26.473574,2019,10,17,"US","Zanthoxylum fagara"
3067635613,"Zanthoxylum fagara",-97.799608,26.00365,2019,10,6,"US","Zanthoxylum fagara"
2456537638,"Zanthoxylum fagara",-80.070213,26.367351,2019,11,9,"US","Zanthoxylum fagara"
2460041199,"Zanthoxylum fagara",-96.803205,28.30502,2019,11,2,"US","Zanthoxylum fagara"
2460098257,"Zanthoxylum fagara",-80.416181,27.756585,2019,11,21,"US","Zanthoxylum fagara"
2465355350,"Zanthoxylum fagara",-80.304733,25.621692,2019,11,30,"US","Zanthoxylum fagara"
2465375622,"Zanthoxylum fagara",-80.802309,28.532667,2019,11,30,"US","Zanthoxylum fagara"
2465376761,"Zanthoxylum fagara",-99.475687,27.598958,2019,11,26,"US","Zanthoxylum fagara"
2465171975,"Zanthoxylum fagara",-97.326055,27.667161,2019,12,3,"US","Zanthoxylum fagara"
2465288808,"Zanthoxylum fagara",-99.428972,27.571099,2019,12,2,"US","Zanthoxylum fagara"
2518024648,"Zanthoxylum fagara",-82.074888,26.43924,2019,12,10,"US","Zanthoxylum fagara"
2529308797,"Zanthoxylum fagara",-82.066109,26.425584,2019,12,17,"US","Zanthoxylum fagara"
2529309253,"Zanthoxylum fagara",-98.469628,26.252829,2019,12,7,"US","Zanthoxylum fagara"
2529355424,"Zanthoxylum fagara",-82.125621,26.436739,2019,12,14,"US","Zanthoxylum fagara"
2540801744,"Zanthoxylum fagara",-80.083929,26.978763,2019,12,20,"US","Zanthoxylum fagara"
2540842898,"Zanthoxylum fagara",-80.091947,26.298925,2019,12,21,"US","Zanthoxylum fagara"
2563474564,"Zanthoxylum fagara",-98.470145,26.252498,2019,12,7,"US","Zanthoxylum fagara"
2563579427,"Zanthoxylum fagara",-97.643162,26.118862,2019,12,19,"US","Zanthoxylum fagara"
1802769315,"Zanthoxylum fagara",-80.272778,25.679532,2018,1,3,"US","Zanthoxylum fagara"
1807330527,"Zanthoxylum fagara",-97.326003,27.66832,2018,2,6,"US","Zanthoxylum fagara"
1831208279,"Zanthoxylum fagara",-97.280186,28.297306,2018,2,17,"US","Zanthoxylum fagara"
1831234186,"Zanthoxylum fagara",-97.199693,27.944026,2018,2,24,"US","Zanthoxylum fagara"
1831237741,"Zanthoxylum fagara",-97.398498,26.06689,2018,2,25,"US","Zanthoxylum fagara"
1978821089,"Zanthoxylum fagara",-80.356481,25.191897,2018,2,18,"US","Zanthoxylum fagara"
1836594313,"Zanthoxylum fagara",-96.085122,28.635883,2018,3,3,"US","Zanthoxylum fagara"
1836657432,"Zanthoxylum fagara",-98.597614,27.823783,2018,3,19,"US","Zanthoxylum fagara"
1836664226,"Zanthoxylum fagara",-98.324537,27.963212,2018,3,20,"US","Zanthoxylum fagara"
1836670171,"Zanthoxylum fagara",-97.418139,25.851167,2018,3,20,"US","Zanthoxylum fagara"
1837083028,"Zanthoxylum fagara",-98.267703,26.203825,2018,3,27,"US","Zanthoxylum fagara"
2397123914,"Zanthoxylum fagara",-98.537587,27.802651,2018,3,19,"US","Zanthoxylum fagara"
1838384591,"Zanthoxylum fagara",-98.268333,26.204241,2018,4,17,"US","Zanthoxylum fagara"
1841240234,"Zanthoxylum fagara",-97.957825,26.126124,2018,4,27,"US","Zanthoxylum fagara"
1841258258,"Zanthoxylum fagara",-97.347221,26.228889,2018,4,27,"US","Zanthoxylum fagara"
1841259896,"Zanthoxylum fagara",-97.996948,26.159023,2018,4,28,"US","Zanthoxylum fagara"
1841287683,"Zanthoxylum fagara",-94.926167,29.447371,2018,4,30,"US","Zanthoxylum fagara"
1841290260,"Zanthoxylum fagara",-98.533809,26.260527,2018,4,30,"US","Zanthoxylum fagara"
1993702306,"Zanthoxylum fagara",-80.151525,25.717218,2018,4,30,"US","Zanthoxylum fagara"
2236817236,"Zanthoxylum fagara",-97.662979,26.191572,2018,4,29,"US","Zanthoxylum fagara"
2573778224,"Zanthoxylum fagara",-98.2682,26.204843,2018,4,9,"US","Zanthoxylum fagara"
3772689309,"Zanthoxylum fagara",-80.146089,25.741491,2018,4,14,"US","Zanthoxylum fagara"
1847575554,"Zanthoxylum fagara",-97.409173,27.879817,2018,5,20,"US","Zanthoxylum fagara"
1847575598,"Zanthoxylum fagara",-97.408819,27.880146,2018,5,20,"US","Zanthoxylum fagara"
2013681992,"Zanthoxylum fagara",-80.07978,26.3627,2018,5,18,"US","Zanthoxylum fagara"
2647350292,"Zanthoxylum fagara",-82.523359,27.321668,2018,5,25,"US","Zanthoxylum fagara"
1883462204,"Zanthoxylum fagara",-80.150972,25.716273,2018,6,2,"US","Zanthoxylum fagara"
1883520574,"Zanthoxylum fagara",-80.59533,24.950834,2018,7,8,"US","Zanthoxylum fagara"
1890672743,"Zanthoxylum fagara",-97.857225,27.953723,2018,7,26,"US","Zanthoxylum fagara"
1986502705,"Zanthoxylum fagara",-97.308133,28.237857,2018,7,25,"US","Zanthoxylum fagara"
1986503115,"Zanthoxylum fagara",-96.708312,28.742141,2018,7,31,"US","Zanthoxylum fagara"
2013683484,"Zanthoxylum fagara",-80.055064,26.789686,2018,7,28,"US","Zanthoxylum fagara"
1899776719,"Zanthoxylum fagara",-97.406863,27.652525,2018,8,25,"US","Zanthoxylum fagara"
2459991710,"Zanthoxylum fagara",-94.934638,29.218522,2018,8,19,"US","Zanthoxylum fagara"
2012949376,"Zanthoxylum fagara",-81.877022,26.533492,2018,9,20,"US","Zanthoxylum fagara"
2597679339,"Zanthoxylum fagara",-80.272818,26.075825,2018,9,24,"US","Zanthoxylum fagara"
1935608461,"Zanthoxylum fagara",-99.392791,28.322473,2018,10,24,"US","Zanthoxylum fagara"
1944390006,"Zanthoxylum fagara",-97.606112,27.920594,2018,11,10,"US","Zanthoxylum fagara"
1944413883,"Zanthoxylum fagara",-97.593694,27.846218,2018,11,14,"US","Zanthoxylum fagara"
1945455219,"Zanthoxylum fagara",-98.464658,26.708826,2018,11,17,"US","Zanthoxylum fagara"
1945472486,"Zanthoxylum fagara",-97.328489,27.666477,2018,11,21,"US","Zanthoxylum fagara"
1946332409,"Zanthoxylum fagara",-97.387741,28.657906,2018,11,24,"US","Zanthoxylum fagara"
1946332509,"Zanthoxylum fagara",-97.38781,28.657936,2018,11,24,"US","Zanthoxylum fagara"
1946334069,"Zanthoxylum fagara",-97.387061,28.65848,2018,11,24,"US","Zanthoxylum fagara"
1986512521,"Zanthoxylum fagara",-98.323255,28.104525,2018,11,14,"US","Zanthoxylum fagara"
2237484772,"Zanthoxylum fagara",-97.664108,26.184263,2018,11,20,"US","Zanthoxylum fagara"
1950019030,"Zanthoxylum fagara",-82.131902,26.456566,2018,12,11,"US","Zanthoxylum fagara"
1978821212,"Zanthoxylum fagara",-97.420886,25.846919,2018,12,16,"US","Zanthoxylum fagara"
1978844079,"Zanthoxylum fagara",-82.077797,26.43381,2018,12,8,"US","Zanthoxylum fagara"
1978847514,"Zanthoxylum fagara",-81.594262,25.989345,2018,12,23,"US","Zanthoxylum fagara"
1986550346,"Zanthoxylum fagara",-80.407776,25.125834,2018,12,31,"US","Zanthoxylum fagara"
2013687000,"Zanthoxylum fagara",-80.077942,26.296695,2018,12,25,"US","Zanthoxylum fagara"
2028488882,"Zanthoxylum fagara",-80.313103,25.262718,2018,12,5,"US","Zanthoxylum fagara"
1453339383,"Zanthoxylum fagara",-97.304642,26.135788,2017,1,8,"US","Zanthoxylum fagara"
1453390748,"Zanthoxylum fagara",-97.409366,26.345943,2017,1,29,"US","Zanthoxylum fagara"
3044739430,"Zanthoxylum fagara",-97.328506,27.66766,2017,1,17,"US","Zanthoxylum fagara"
1500221419,"Zanthoxylum fagara",-97.205036,27.943896,2017,2,9,"US","Zanthoxylum fagara"
1571066380,"Zanthoxylum fagara",-97.327171,27.666044,2017,2,20,"US","Zanthoxylum fagara"
1584401228,"Zanthoxylum fagara",-97.205036,27.943687,2017,2,9,"US","Zanthoxylum fagara"
1453508114,"Zanthoxylum fagara",-98.73432,26.366136,2017,3,14,"US","Zanthoxylum fagara"
1453511338,"Zanthoxylum fagara",-97.328034,27.6683,2017,3,14,"US","Zanthoxylum fagara"
1883568658,"Zanthoxylum fagara",-97.930062,27.939309,2017,3,16,"US","Zanthoxylum fagara"
1838074766,"Zanthoxylum fagara",-80.160315,25.901635,2017,4,18,"US","Zanthoxylum fagara"
3070296353,"Zanthoxylum fagara",-80.234628,25.399567,2017,4,28,"US","Zanthoxylum fagara"
3336597377,"Zanthoxylum fagara",-99.0267,26.569,2017,4,26,"US","Zanthoxylum fagara"
1562977191,"Zanthoxylum fagara",-97.326003,27.66832,2017,5,23,"US","Zanthoxylum fagara"
1843244545,"Zanthoxylum fagara",-98.074653,26.527519,2017,5,23,"US","Zanthoxylum fagara"
1931140521,"Zanthoxylum fagara",-97.76479,27.93607,2017,5,1,"US","Zanthoxylum fagara"
2460125708,"Zanthoxylum fagara",-94.93461,29.218759,2017,5,2,"US","Zanthoxylum fagara"
1572337535,"Zanthoxylum fagara",-98.385997,26.169617,2017,6,6,"US","Zanthoxylum fagara"
1572343427,"Zanthoxylum fagara",-97.95822,26.126043,2017,6,7,"US","Zanthoxylum fagara"
1802685500,"Zanthoxylum fagara",-97.376789,28.651568,2017,6,9,"US","Zanthoxylum fagara"
1843245919,"Zanthoxylum fagara",-97.567561,26.001881,2017,6,8,"US","Zanthoxylum fagara"
1901090053,"Zanthoxylum fagara",-97.326003,27.66832,2017,6,16,"US","Zanthoxylum fagara"
3759064319,"Zanthoxylum fagara",-97.327774,27.6675,2017,9,2,"US","Zanthoxylum fagara"
1703200272,"Zanthoxylum fagara",-97.663192,26.185062,2017,11,23,"US","Zanthoxylum fagara"
1703203012,"Zanthoxylum fagara",-97.418047,25.851783,2017,11,18,"US","Zanthoxylum fagara"
1836693073,"Zanthoxylum fagara",-96.802947,28.308005,2017,11,11,"US","Zanthoxylum fagara"
1839245020,"Zanthoxylum fagara",-98.149796,26.073437,2017,11,2,"US","Zanthoxylum fagara"
1847642524,"Zanthoxylum fagara",-96.084452,28.636061,2017,11,18,"US","Zanthoxylum fagara"
1802716868,"Zanthoxylum fagara",-82.108178,26.441855,2017,12,21,"US","Zanthoxylum fagara"
1262380025,"Zanthoxylum fagara",-98.041888,26.537965,2016,3,16,"US","Zanthoxylum fagara"
1305117509,"Zanthoxylum fagara",-80.356536,25.191408,2016,3,14,"US","Zanthoxylum fagara"
1986631750,"Zanthoxylum fagara",-97.32811,27.668211,2016,3,16,"US","Zanthoxylum fagara"
1901088604,"Zanthoxylum fagara",-97.328246,27.667741,2016,4,16,"US","Zanthoxylum fagara"
1269560238,"Zanthoxylum fagara",-80.142126,26.151816,2016,5,15,"US","Zanthoxylum fagara"
3499380315,"Zanthoxylum fagara",-80.210379,25.744932,2016,5,13,"US","Zanthoxylum fagara"
1291147565,"Zanthoxylum fagara",-80.319749,25.607867,2016,7,24,"US","Zanthoxylum fagara"
1291671759,"Zanthoxylum fagara",-80.80623,28.895928,2016,8,7,"US","Zanthoxylum fagara"
1562881100,"Zanthoxylum fagara",-97.327857,27.670229,2016,8,19,"US","Zanthoxylum fagara"
3070301328,"Zanthoxylum fagara",-80.409583,25.126386,2016,8,20,"US","Zanthoxylum fagara"
1986633084,"Zanthoxylum fagara",-99.383044,28.317363,2016,10,5,"US","Zanthoxylum fagara"
1306580887,"Zanthoxylum fagara",-97.958071,26.128318,2015,2,18,"US","Zanthoxylum fagara"
1088918054,"Zanthoxylum fagara",-97.41742,25.849078,2015,3,12,"US","Zanthoxylum fagara"
2422813086,"Zanthoxylum fagara",-96.101158,28.627137,2015,3,25,"US","Zanthoxylum fagara"
1233593841,"Zanthoxylum fagara",-98.26725,26.205176,2015,4,11,"US","Zanthoxylum fagara"
3499330730,"Zanthoxylum fagara",-97.348109,26.229096,2015,4,30,"US","Zanthoxylum fagara"
1098898631,"Zanthoxylum fagara",-97.32923,27.668153,2015,6,4,"US","Zanthoxylum fagara"
1211993736,"Zanthoxylum fagara",-98.26725,26.205176,2015,11,9,"US","Zanthoxylum fagara"
1227732139,"Zanthoxylum fagara",-99.151831,26.589609,2015,11,21,"US","Zanthoxylum fagara"
1257411749,"Zanthoxylum fagara",-97.365348,26.23468,2015,12,24,"US","Zanthoxylum fagara"
3456603891,"Zanthoxylum fagara",-98.645767,26.596444,2014,3,8,"US","Zanthoxylum fagara"
1986637021,"Zanthoxylum fagara",-97.40015,28.104995,2014,7,21,"US","Zanthoxylum fagara"
1038342440,"Zanthoxylum fagara",-98.075209,28.924336,2014,10,28,"US","Zanthoxylum fagara"
2807560495,"Zanthoxylum fagara",-95.19682,29.02229,2014,10,5,"US","Zanthoxylum fagara"
1986496890,"Zanthoxylum fagara",-97.667563,26.541495,2014,12,13,"US","Zanthoxylum fagara"
1305144521,"Zanthoxylum fagara",-97.958071,26.128318,2013,5,2,"US","Zanthoxylum fagara"
1850988773,"Zanthoxylum fagara",-97.388326,28.668325,2013,5,9,"US","Zanthoxylum fagara"
1850990097,"Zanthoxylum fagara",-97.387175,28.656463,2013,5,15,"US","Zanthoxylum fagara"
923916035,"Zanthoxylum fagara",-82.643475,27.521692,2013,7,19,"US","Zanthoxylum fagara"
1503266063,"Zanthoxylum fagara",-81.8817,27.0222,2012,1,16,"US","Zanthoxylum fagara"
1503266065,"Zanthoxylum fagara",-81.8814,27.0203,2012,1,16,"US","Zanthoxylum fagara"
1503270975,"Zanthoxylum fagara",-81.5937,25.9908,2012,2,24,"US","Zanthoxylum fagara"
3327806450,"Zanthoxylum fagara",-80.478043,25.492205,2011,6,19,"US","Zanthoxylum fagara"
1937502864,"Zanthoxylum fagara",-97.38158,25.84972,2011,7,19,"US","Zanthoxylum fagara"
2807234180,"Zanthoxylum fagara",-97.38158,25.84972,2011,7,19,"US","Zanthoxylum fagara"
2626404181,"Zanthoxylum fagara",-80.141726,26.15219,2011,10,21,"US","Zanthoxylum fagara"
1038347290,"Zanthoxylum fagara",-99.418545,27.083262,2010,1,4,"US","Zanthoxylum fagara"
1258125799,"Zanthoxylum fagara",-80.2683,25.675,2008,1,3,"US","Zanthoxylum fagara"
1457747884,"Zanthoxylum fagara",-80.268333,25.675,2008,1,3,"US","Zanthoxylum fagara"
1457750714,"Zanthoxylum fagara",-80.25048,25.7153,2008,7,15,"US","Zanthoxylum fagara"
1457788992,"Zanthoxylum fagara",-80.25048,25.7153,2008,7,15,"US","Zanthoxylum fagara"
1503254004,"Zanthoxylum fagara",-82,27.0333,2008,9,6,"US","Zanthoxylum fagara"
1986632918,"Zanthoxylum fagara",-97.347037,26.229502,2007,11,7,"US","Zanthoxylum fagara"
1806359728,"Zanthoxylum fagara",-97.85552,28.068103,2006,2,19,"US","Zanthoxylum fagara"
2807438715,"Zanthoxylum fagara",-97.82389,27.46875,2006,5,2,"US","Zanthoxylum fagara"
3308716449,"Zanthoxylum fagara",-97.82389,27.46875,2006,5,2,"US","Zanthoxylum fagara"
2807200708,"Zanthoxylum fagara",-97.82028,27.47561,2006,7,13,"US","Zanthoxylum fagara"
2807451441,"Zanthoxylum fagara",-98.04828,27.54842,2006,9,26,"US","Zanthoxylum fagara"
3308731290,"Zanthoxylum fagara",-98.04828,27.54842,2006,9,26,"US","Zanthoxylum fagara"
1806354682,"Zanthoxylum fagara",-97.337871,26.214207,2005,12,9,"US","Zanthoxylum fagara"
2005397521,"Zanthoxylum fagara",-97.997455,26.159134,2005,12,30,"US","Zanthoxylum fagara"
2005397694,"Zanthoxylum fagara",-97.34959,26.228716,2005,12,31,"US","Zanthoxylum fagara"
1503253070,"Zanthoxylum fagara",-81.35,27.3667,2004,6,8,"US","Zanthoxylum fagara"
1503248178,"Zanthoxylum fagara",-81.9167,27.4667,2003,11,11,"US","Zanthoxylum fagara"
1503244266,"Zanthoxylum fagara",-82.626,28.0279,2002,3,6,"US","Zanthoxylum fagara"
123023527,"Zanthoxylum fagara",-80.4987,25.609,2000,6,8,"US","Zanthoxylum fagara"
