"gbifID","species","longitude","latitude","year","month","day","countryCode","accepted_name"
1988170795,"Zizia aptera",-120.112778,55.973889,2001,8,27,"CA","Zizia aptera"
2850948644,"Zizia aptera",-119.717246,55.863398,2020,6,16,"CA","Zizia aptera"
3301802049,"Zizia aptera",-118.522058,55.260486,2021,6,8,"CA","Zizia aptera"
2814469561,"Zizia aptera",-113.310883,55.025786,2020,7,5,"CA","Zizia aptera"
3327999726,"Zizia aptera",-113.022966,53.848959,2021,7,3,"CA","Zizia aptera"
3302118236,"Zizia aptera",-112.290574,53.831055,2021,6,6,"CA","Zizia aptera"
3872921706,"Zizia aptera",-106.096399,53.772569,2022,6,18,"CA","Zizia aptera"
4009919486,"Zizia aptera",-106.069805,53.783044,2022,7,3,"CA","Zizia aptera"
2269231395,"Zizia aptera",-106.721282,53.709795,2019,6,13,"CA","Zizia aptera"
3963272491,"Zizia aptera",-106.041817,53.717129,2022,6,26,"CA","Zizia aptera"
3872964736,"Zizia aptera",-106.039048,53.717381,2022,6,19,"CA","Zizia aptera"
3858580578,"Zizia aptera",-113.268944,53.682117,2022,6,9,"CA","Zizia aptera"
1209656602,"Zizia aptera",-110.8912,53.6976,2009,7,30,"CA","Zizia aptera"
4006630831,"Zizia aptera",-106.721249,53.699016,2022,6,22,"CA","Zizia aptera"
2813897376,"Zizia aptera",-106.059953,53.674283,2019,6,10,"CA","Zizia aptera"
3415397663,"Zizia aptera",-113.594683,53.66022,2021,7,3,"CA","Zizia aptera"
3321074872,"Zizia aptera",-115.587944,53.595882,2021,6,26,"CA","Zizia aptera"
3330469618,"Zizia aptera",-106.040444,53.587799,2021,7,7,"CA","Zizia aptera"
3307361337,"Zizia aptera",-113.5506,53.518257,2021,6,17,"CA","Zizia aptera"
3321083601,"Zizia aptera",-111.568655,53.5092,2021,6,21,"CA","Zizia aptera"
2802850516,"Zizia aptera",-109.183792,53.511388,2020,6,21,"CA","Zizia aptera"
4011600479,"Zizia aptera",-117.794318,53.463555,2022,6,27,"CA","Zizia aptera"
3860399785,"Zizia aptera",-112.430189,53.475729,2022,6,7,"CA","Zizia aptera"
3307243408,"Zizia aptera",-106.34693,53.494372,2021,6,13,"CA","Zizia aptera"
3858680489,"Zizia aptera",-117.53634,53.434183,2022,6,12,"CA","Zizia aptera"
2283171326,"Zizia aptera",-105.871186,53.440138,2019,6,2,"CA","Zizia aptera"
2283216199,"Zizia aptera",-117.854344,53.347437,2019,7,7,"CA","Zizia aptera"
473440964,"Zizia aptera",-113.483718,53.337953,2001,6,22,"CA","Zizia aptera"
3785133303,"Zizia aptera",-113.95257,53.318825,2022,5,17,"CA","Zizia aptera"
1839334626,"Zizia aptera",-113.48532,53.3311699990968,2017,6,21,"CA","Zizia aptera"
883373805,"Zizia aptera",-113.516667,53.266667,2006,6,7,"CA","Zizia aptera"
2641397333,"Zizia aptera",-113.160103,53.264858,2020,6,8,"CA","Zizia aptera"
3302057039,"Zizia aptera",-107.623298,53.279609,2021,6,1,"CA","Zizia aptera"
3988443478,"Zizia aptera",-117.853673,53.225925,2022,6,27,"CA","Zizia aptera"
3320950734,"Zizia aptera",-105.712173,53.224437,2021,6,25,"CA","Zizia aptera"
3859746600,"Zizia aptera",-105.860844,53.207797,2022,6,29,"CA","Zizia aptera"
2543074375,"Zizia aptera",-108.709794,53.135601,2018,6,12,"CA","Zizia aptera"
883421652,"Zizia aptera",-111.5652,53.101817,2010,6,5,"CA","Zizia aptera"
3859043405,"Zizia aptera",-113.250928,53.014707,2022,6,12,"CA","Zizia aptera"
3860470627,"Zizia aptera",-113.246428,53.011628,2022,6,5,"CA","Zizia aptera"
3325480633,"Zizia aptera",-107.351863,52.980656,2021,7,2,"CA","Zizia aptera"
3307369686,"Zizia aptera",-106.052652,52.959295,2021,6,11,"CA","Zizia aptera"
3325651388,"Zizia aptera",-105.150192,52.996625,2021,6,28,"CA","Zizia aptera"
883417379,"Zizia aptera",-114.44875,52.862056,2010,7,5,"CA","Zizia aptera"
4011500500,"Zizia aptera",-107.537038,52.871025,2022,7,3,"CA","Zizia aptera"
3947291652,"Zizia aptera",-110.399891,52.750286,2022,6,24,"CA","Zizia aptera"
3988574434,"Zizia aptera",-112.227943,52.740699,2022,6,25,"CA","Zizia aptera"
3302513929,"Zizia aptera",-112.855029,52.629665,2021,6,6,"CA","Zizia aptera"
3859176342,"Zizia aptera",-112.573501,52.620342,2022,6,26,"CA","Zizia aptera"
3947258085,"Zizia aptera",-110.612395,52.595469,2022,6,23,"CA","Zizia aptera"
2802701146,"Zizia aptera",-110.010036,52.583699,2020,6,15,"CA","Zizia aptera"
1880632818,"Zizia aptera",-103.707289,52.5418,2018,6,28,"CA","Zizia aptera"
3321153063,"Zizia aptera",-112.232628,52.494855,2021,6,27,"CA","Zizia aptera"
4006656503,"Zizia aptera",-115.579376,52.37666,2022,7,15,"CA","Zizia aptera"
2813876121,"Zizia aptera",-114.971218,52.359856,2020,6,27,"CA","Zizia aptera"
3860389293,"Zizia aptera",-113.859478,52.27378,2022,6,11,"CA","Zizia aptera"
3858680309,"Zizia aptera",-106.055275,52.252308,2022,6,8,"CA","Zizia aptera"
3859655647,"Zizia aptera",-107.240303,52.210395,2022,5,29,"CA","Zizia aptera"
3408117455,"Zizia aptera",-107.206049,52.248522,2021,6,20,"CA","Zizia aptera"
2451692326,"Zizia aptera",-111.754652,52.184487,2019,6,10,"CA","Zizia aptera"
3858336470,"Zizia aptera",-107.26571,52.191134,2022,5,27,"CA","Zizia aptera"
3118383862,"Zizia aptera",-106.565341,52.183235,2021,5,15,"CA","Zizia aptera"
3307375202,"Zizia aptera",-106.528503,52.169225,2021,6,14,"CA","Zizia aptera"
2269252429,"Zizia aptera",-106.632313,52.143987,2019,6,13,"CA","Zizia aptera"
4011629278,"Zizia aptera",-106.535638,52.15877,2022,6,17,"CA","Zizia aptera"
2814029345,"Zizia aptera",-113.500361,52.113967,2020,6,28,"CA","Zizia aptera"
3330601348,"Zizia aptera",-106.677213,52.112693,2021,7,20,"CA","Zizia aptera"
3307293564,"Zizia aptera",-106.474865,52.123248,2021,6,8,"CA","Zizia aptera"
3859068733,"Zizia aptera",-106.424469,52.088226,2021,7,8,"CA","Zizia aptera"
3859705683,"Zizia aptera",-106.13591,52.107046,2021,6,8,"CA","Zizia aptera"
2873806426,"Zizia aptera",-116.411673,52.05077,2020,6,30,"CA","Zizia aptera"
3859877432,"Zizia aptera",-109.192955,52.062667,2022,6,27,"CA","Zizia aptera"
3302063914,"Zizia aptera",-106.724569,52.073848,2021,6,10,"CA","Zizia aptera"
3301980095,"Zizia aptera",-106.525673,52.021933,2021,5,31,"CA","Zizia aptera"
2814275497,"Zizia aptera",-108.239613,51.997953,2020,7,4,"CA","Zizia aptera"
3858499027,"Zizia aptera",-106.714602,51.977161,2022,6,17,"CA","Zizia aptera"
883427530,"Zizia aptera",-112.965867,51.935983,2012,6,2,"CA","Zizia aptera"
3113678737,"Zizia aptera",-100.368909,51.874692,2021,5,12,"CA","Zizia aptera"
3335393460,"Zizia aptera",-100.26844,51.800682,2021,6,22,"CA","Zizia aptera"
3307336449,"Zizia aptera",-100.232185,51.799877,2021,6,14,"CA","Zizia aptera"
2596161494,"Zizia aptera",-103.5836,51.776044,2013,5,23,"CA","Zizia aptera"
3031972149,"Zizia aptera",-103.542164,51.77965,2013,6,6,"CA","Zizia aptera"
1571107796,"Zizia aptera",-104.543619,51.745319,2017,6,8,"CA","Zizia aptera"
2596389795,"Zizia aptera",-103.345442,51.748222,2013,6,10,"CA","Zizia aptera"
3018116273,"Zizia aptera",-103.218964,51.743114,2013,6,17,"CA","Zizia aptera"
3859122097,"Zizia aptera",-114.341697,51.689288,2022,6,15,"CA","Zizia aptera"
3859700256,"Zizia aptera",-101.596113,51.555989,2022,6,28,"CA","Zizia aptera"
2873780406,"Zizia aptera",-114.703054,51.514004,2020,7,19,"CA","Zizia aptera"
2252045242,"Zizia aptera",-102.667206,51.48856,2019,6,3,"CA","Zizia aptera"
2265813123,"Zizia aptera",-105.239978,51.418166,2019,6,7,"CA","Zizia aptera"
3858604587,"Zizia aptera",-112.885131,51.416597,2022,6,11,"CA","Zizia aptera"
3302448002,"Zizia aptera",-105.24008,51.416503,2021,6,4,"CA","Zizia aptera"
2814052254,"Zizia aptera",-114.570753,51.360688,2020,6,27,"CA","Zizia aptera"
3988560356,"Zizia aptera",-114.53768,51.327992,2020,7,13,"CA","Zizia aptera"
3302397716,"Zizia aptera",-114.024015,51.300978,2021,6,5,"CA","Zizia aptera"
2564817550,"Zizia aptera",-97.446417,51.2946669990798,2015,6,25,"CA","Zizia aptera"
4009927885,"Zizia aptera",-115.92646,51.266577,2022,7,9,"CA","Zizia aptera"
2873934419,"Zizia aptera",-115.910179,51.267268,2020,7,13,"CA","Zizia aptera"
3307209051,"Zizia aptera",-115.858204,51.25579,2021,6,16,"CA","Zizia aptera"
3988692493,"Zizia aptera",-114.840125,51.284997,2022,7,1,"CA","Zizia aptera"
3994131663,"Zizia aptera",-114.388983,51.250336,2022,7,9,"CA","Zizia aptera"
3859438652,"Zizia aptera",-115.790405,51.22393,2022,6,6,"CA","Zizia aptera"
3301784103,"Zizia aptera",-115.538228,51.211842,2021,6,4,"CA","Zizia aptera"
3873686880,"Zizia aptera",-115.732332,51.170257,2022,6,30,"CA","Zizia aptera"
3858826451,"Zizia aptera",-115.541739,51.196117,2022,6,20,"CA","Zizia aptera"
3988503567,"Zizia aptera",-115.540298,51.203879,2022,9,16,"CA","Zizia aptera"
3321108533,"Zizia aptera",-114.461236,51.207779,2021,6,17,"CA","Zizia aptera"
4006728471,"Zizia aptera",-114.451003,51.187913,2022,6,9,"CA","Zizia aptera"
3858352421,"Zizia aptera",-114.394908,51.168604,2022,5,28,"CA","Zizia aptera"
2028085968,"Zizia aptera",-97.625833,51.184443999079,2002,6,21,"CA","Zizia aptera"
3314522415,"Zizia aptera",-115.575914,51.166492,2021,6,22,"CA","Zizia aptera"
3307210771,"Zizia aptera",-114.381801,51.163127,2021,6,11,"CA","Zizia aptera"
2294669111,"Zizia aptera",-114.342204,51.156027,2019,7,24,"CA","Zizia aptera"
3860509013,"Zizia aptera",-114.274338,51.138886,2022,6,25,"CA","Zizia aptera"
2813911839,"Zizia aptera",-114.209347,51.147872,2020,6,24,"CA","Zizia aptera"
3988789381,"Zizia aptera",-114.139197,51.135986,2021,5,31,"CA","Zizia aptera"
2813973676,"Zizia aptera",-114.107994,51.126483,2020,6,23,"CA","Zizia aptera"
3314615608,"Zizia aptera",-115.524191,51.121299,2021,6,24,"CA","Zizia aptera"
2460156613,"Zizia aptera",-115.325646,51.110259,2014,6,11,"CA","Zizia aptera"
3302564683,"Zizia aptera",-115.084388,51.120194,2021,5,30,"CA","Zizia aptera"
3307397421,"Zizia aptera",-115.057647,51.083511,2021,6,17,"CA","Zizia aptera"
2814019823,"Zizia aptera",-114.545996,51.120908,2020,7,1,"CA","Zizia aptera"
2803098082,"Zizia aptera",-114.23744,51.123911,2020,6,23,"CA","Zizia aptera"
3802727440,"Zizia aptera",-114.189222,51.098103,2022,5,26,"CA","Zizia aptera"
3988577486,"Zizia aptera",-114.109025,51.100189,2022,6,22,"CA","Zizia aptera"
3988544476,"Zizia aptera",-114.052346,51.110055,2022,6,24,"CA","Zizia aptera"
3858947607,"Zizia aptera",-115.309088,51.074292,2022,6,29,"CA","Zizia aptera"
3802278201,"Zizia aptera",-115.117675,51.073186,2022,5,23,"CA","Zizia aptera"
3988554499,"Zizia aptera",-114.865244,51.049158,2022,6,21,"CA","Zizia aptera"
3858578796,"Zizia aptera",-114.252647,51.082356,2022,6,23,"CA","Zizia aptera"
2873877457,"Zizia aptera",-114.200364,51.075728,2020,8,27,"CA","Zizia aptera"
4006727228,"Zizia aptera",-114.160964,51.061928,2022,5,26,"CA","Zizia aptera"
3860492039,"Zizia aptera",-114.041264,51.070365,2022,6,16,"CA","Zizia aptera"
2028085343,"Zizia aptera",-97.454694,51.0661669990782,2014,7,1,"CA","Zizia aptera"
2901577439,"Zizia aptera",-115.061389,51.023611,2020,7,4,"CA","Zizia aptera"
2265809695,"Zizia aptera",-114.801741,51.033594,2019,6,6,"CA","Zizia aptera"
3859653423,"Zizia aptera",-114.513237,51.037563,2022,6,27,"CA","Zizia aptera"
3858705356,"Zizia aptera",-114.262001,51.034642,2022,6,4,"CA","Zizia aptera"
3859517012,"Zizia aptera",-114.222624,51.014739,2022,6,23,"CA","Zizia aptera"
3860272594,"Zizia aptera",-114.205314,51.009136,2022,6,20,"CA","Zizia aptera"
3859477930,"Zizia aptera",-114.122528,51.001629,2022,6,8,"CA","Zizia aptera"
2802657464,"Zizia aptera",-106.499184,51.041094,2020,6,9,"CA","Zizia aptera"
3860180900,"Zizia aptera",-114.154406,50.993309,2022,5,27,"CA","Zizia aptera"
2283073481,"Zizia aptera",-114.591052,50.93402,2019,6,26,"CA","Zizia aptera"
3124741820,"Zizia aptera",-114.117093,50.927558,2021,5,21,"CA","Zizia aptera"
3302404801,"Zizia aptera",-114.00061,50.931053,2021,6,4,"CA","Zizia aptera"
2901904329,"Zizia aptera",-115.235676,50.89118,2006,6,18,"CA","Zizia aptera"
3988646492,"Zizia aptera",-114.792825,50.877528,2022,7,7,"CA","Zizia aptera"
3124601192,"Zizia aptera",-114.690043,50.90519,2021,5,26,"CA","Zizia aptera"
2269320493,"Zizia aptera",-114.330119,50.88523,2019,6,19,"CA","Zizia aptera"
3858464442,"Zizia aptera",-114.235478,50.876022,2022,6,5,"CA","Zizia aptera"
3860786092,"Zizia aptera",-114.020737,50.90031,2022,6,25,"CA","Zizia aptera"
3859898183,"Zizia aptera",-113.994762,50.880273,2022,6,18,"CA","Zizia aptera"
2901788406,"Zizia aptera",-114.791116,50.864484,2020,7,2,"CA","Zizia aptera"
3988719481,"Zizia aptera",-113.982322,50.862261,2022,6,6,"CA","Zizia aptera"
2802979737,"Zizia aptera",-113.953418,50.841717,2020,6,22,"CA","Zizia aptera"
3858524489,"Zizia aptera",-114.841046,50.81678,2022,6,12,"CA","Zizia aptera"
3325556916,"Zizia aptera",-114.439797,50.820019,2021,7,2,"CA","Zizia aptera"
3314209870,"Zizia aptera",-104.591386,50.801781,2021,6,19,"CA","Zizia aptera"
2818518710,"Zizia aptera",-114.863455,50.788424,2020,7,9,"CA","Zizia aptera"
3860790803,"Zizia aptera",-114.561011,50.779,2022,6,29,"CA","Zizia aptera"
2429320029,"Zizia aptera",-104.912646,50.766824,2019,6,11,"CA","Zizia aptera"
4006608490,"Zizia aptera",-113.976004,50.728006,2022,6,30,"CA","Zizia aptera"
3859895653,"Zizia aptera",-104.266273,50.739227,2022,6,5,"CA","Zizia aptera"
2244289641,"Zizia aptera",-97.523635,50.737273,2019,5,20,"CA","Zizia aptera"
3859820376,"Zizia aptera",-114.281858,50.671347,2022,6,19,"CA","Zizia aptera"
1880465132,"Zizia aptera",-99.882492,50.686853,2018,5,20,"CA","Zizia aptera"
2802692024,"Zizia aptera",-99.804034,50.67867,2020,6,23,"CA","Zizia aptera"
2273218299,"Zizia aptera",-99.718046,50.672342,2019,6,18,"CA","Zizia aptera"
2563451983,"Zizia aptera",-97.241413,50.667653,2019,7,10,"CA","Zizia aptera"
2802944836,"Zizia aptera",-114.685709,50.630177,2020,6,15,"CA","Zizia aptera"
3963369083,"Zizia aptera",-114.528275,50.635711,2022,7,9,"CA","Zizia aptera"
3873724094,"Zizia aptera",-99.895592,50.66055,2022,7,7,"CA","Zizia aptera"
3858761603,"Zizia aptera",-114.691528,50.606572,2022,6,12,"CA","Zizia aptera"
1880479970,"Zizia aptera",-97.508622,50.609695,2018,6,14,"CA","Zizia aptera"
2641549340,"Zizia aptera",-114.251295,50.539223,2020,6,9,"CA","Zizia aptera"
3302466223,"Zizia aptera",-101.4143,50.503615,2021,6,1,"CA","Zizia aptera"
4009841455,"Zizia aptera",-104.532029,50.49038,2022,4,30,"CA","Zizia aptera"
3070648403,"Zizia aptera",-101.795848,50.49616,2019,6,8,"CA","Zizia aptera"
3302324423,"Zizia aptera",-99.75992,50.489467,2021,6,9,"CA","Zizia aptera"
3859603968,"Zizia aptera",-104.65012,50.443528,2022,5,31,"CA","Zizia aptera"
3858650424,"Zizia aptera",-104.594574,50.428846,2022,6,20,"CA","Zizia aptera"
4009744013,"Zizia aptera",-114.589639,50.402175,2022,6,15,"CA","Zizia aptera"
3859121678,"Zizia aptera",-114.659936,50.348408,2022,6,8,"CA","Zizia aptera"
1848805867,"Zizia aptera",-103.719154,50.343184,2018,6,1,"CA","Zizia aptera"
3872870764,"Zizia aptera",-97.52922,50.353325,2022,6,14,"CA","Zizia aptera"
3858549685,"Zizia aptera",-107.825331,50.312477,2022,6,14,"CA","Zizia aptera"
4011576467,"Zizia aptera",-107.884318,50.277607,2022,6,22,"CA","Zizia aptera"
1848760112,"Zizia aptera",-97.559448,50.268612,2018,5,26,"CA","Zizia aptera"
2563431857,"Zizia aptera",-96.56968,50.259437,2018,7,14,"CA","Zizia aptera"
3872879750,"Zizia aptera",-97.951003,50.242005,2022,6,19,"CA","Zizia aptera"
3343882986,"Zizia aptera",-96.564893,50.247468,2021,7,31,"CA","Zizia aptera"
3321192519,"Zizia aptera",-114.19175,50.200083,2021,6,13,"CA","Zizia aptera"
3860340814,"Zizia aptera",-108.186972,50.178068,2022,6,23,"CA","Zizia aptera"
1890700713,"Zizia aptera",-107.410823,50.180226,2018,6,26,"CA","Zizia aptera"
3079476829,"Zizia aptera",-97.133161,50.171604,2020,6,7,"CA","Zizia aptera"
3860665338,"Zizia aptera",-114.442558,50.100708,2022,6,25,"CA","Zizia aptera"
1883495325,"Zizia aptera",-113.106194,50.124656,2018,7,10,"CA","Zizia aptera"
3302445652,"Zizia aptera",-97.043142,50.100754,2021,6,7,"CA","Zizia aptera"
2244269599,"Zizia aptera",-101.720725,50.078847,2019,5,19,"CA","Zizia aptera"
2265862518,"Zizia aptera",-101.630698,50.067305,2019,6,10,"CA","Zizia aptera"
2563456930,"Zizia aptera",-97.447917,50.069203,2019,8,10,"CA","Zizia aptera"
2397679956,"Zizia aptera",-96.846022,50.043867,2019,9,2,"CA","Zizia aptera"
4006638490,"Zizia aptera",-114.533666,50.018876,2022,6,29,"CA","Zizia aptera"
3858652553,"Zizia aptera",-113.921838,50.019573,2022,6,10,"CA","Zizia aptera"
2603276634,"Zizia aptera",-97.13,50.009,2018,5,23,"CA","Zizia aptera"
3860621310,"Zizia aptera",-114.086263,49.971443,2022,6,10,"CA","Zizia aptera"
4011864496,"Zizia aptera",-109.857071,49.96264,2022,7,6,"CA","Zizia aptera"
3337791736,"Zizia aptera",-101.539004,49.991755,2020,6,18,"CA","Zizia aptera"
1291636880,"Zizia aptera",-97.2421,49.9591,2016,6,15,"CA","Zizia aptera"
3325787454,"Zizia aptera",-97.247434,49.958225,2021,6,2,"CA","Zizia aptera"
3302057183,"Zizia aptera",-97.083768,49.919325,2021,6,1,"CA","Zizia aptera"
3302316551,"Zizia aptera",-97.271759,49.887761,2021,4,11,"CA","Zizia aptera"
3859437657,"Zizia aptera",-97.046354,49.889346,2022,6,11,"CA","Zizia aptera"
3302283968,"Zizia aptera",-97.007837,49.908924,2021,6,8,"CA","Zizia aptera"
3873650715,"Zizia aptera",-99.547325,49.871772,2022,6,24,"CA","Zizia aptera"
3301871758,"Zizia aptera",-97.477338,49.861417,2021,6,4,"CA","Zizia aptera"
3872925713,"Zizia aptera",-97.102928,49.856495,2022,6,13,"CA","Zizia aptera"
2641389718,"Zizia aptera",-97.060985,49.843667,2020,6,11,"CA","Zizia aptera"
883414434,"Zizia aptera",-114.311849,49.8005999990703,2007,8,17,"CA","Zizia aptera"
3302494399,"Zizia aptera",-99.929772,49.812657,2020,6,10,"CA","Zizia aptera"
3302200754,"Zizia aptera",-97.120649,49.80822,2021,5,24,"CA","Zizia aptera"
1703301097,"Zizia aptera",-100.698694,49.767861,2009,6,15,"CA","Zizia aptera"
3302467306,"Zizia aptera",-100.644947,49.749876,2021,6,10,"CA","Zizia aptera"
3335427490,"Zizia aptera",-98.909653,49.720495,2021,7,7,"CA","Zizia aptera"
1899810221,"Zizia aptera",-113.670226,49.683227,2018,8,30,"CA","Zizia aptera"
3858567440,"Zizia aptera",-110.203125,49.674187,2022,5,28,"CA","Zizia aptera"
3321198186,"Zizia aptera",-110.146942,49.67192,2021,6,27,"CA","Zizia aptera"
4011725513,"Zizia aptera",-110.023895,49.676482,2022,6,17,"CA","Zizia aptera"
3124512743,"Zizia aptera",-109.566353,49.67667,2021,5,24,"CA","Zizia aptera"
2563560901,"Zizia aptera",-101.781643,49.694122,2019,6,10,"CA","Zizia aptera"
1703301046,"Zizia aptera",-99.824639,49.706694,2009,6,19,"CA","Zizia aptera"
3414084375,"Zizia aptera",-114.708611,49.6498609990694,2016,7,25,"CA","Zizia aptera"
3860148861,"Zizia aptera",-114.500846,49.636232,2022,7,1,"CA","Zizia aptera"
2273317176,"Zizia aptera",-114.487223,49.644353,2019,6,26,"CA","Zizia aptera"
2873713439,"Zizia aptera",-110.306687,49.642947,2020,7,28,"CA","Zizia aptera"
3302455816,"Zizia aptera",-110.274068,49.663713,2021,6,6,"CA","Zizia aptera"
3325814701,"Zizia aptera",-110.211499,49.653484,2021,6,25,"CA","Zizia aptera"
3090965704,"Zizia aptera",-110.17832,49.648346,2016,6,4,"CA","Zizia aptera"
3302065533,"Zizia aptera",-110.103919,49.659931,2021,5,30,"CA","Zizia aptera"
1227716006,"Zizia aptera",-109.846427,49.641311,2015,5,20,"CA","Zizia aptera"
2273250006,"Zizia aptera",-109.546059,49.644399,2019,6,22,"CA","Zizia aptera"
3764554579,"Zizia aptera",-109.493077,49.643835,2021,6,11,"CA","Zizia aptera"
2563559902,"Zizia aptera",-101.783792,49.665666,2019,6,11,"CA","Zizia aptera"
3858596752,"Zizia aptera",-114.177377,49.58788,2022,6,22,"CA","Zizia aptera"
2901609415,"Zizia aptera",-110.44777,49.6039,2020,6,9,"CA","Zizia aptera"
2294496213,"Zizia aptera",-110.247388,49.618502,2019,7,13,"CA","Zizia aptera"
2294530896,"Zizia aptera",-108.760773,49.613006,2019,7,3,"CA","Zizia aptera"
1836672198,"Zizia aptera",-98.005556,49.558056,2017,6,6,"CA","Zizia aptera"
3307206094,"Zizia aptera",-114.470375,49.510217,2021,6,11,"CA","Zizia aptera"
3860652512,"Zizia aptera",-113.386676,49.530864,2022,5,28,"CA","Zizia aptera"
2563703744,"Zizia aptera",-98.005833,49.512222,2017,6,6,"CA","Zizia aptera"
2992842978,"Zizia aptera",-114.114908,49.418364,2019,6,26,"CA","Zizia aptera"
3859768308,"Zizia aptera",-114.216208,49.385495,2022,5,29,"CA","Zizia aptera"
1571081775,"Zizia aptera",-114.079589,49.40218,2017,6,1,"CA","Zizia aptera"
2802729347,"Zizia aptera",-114.302639,49.369997,2018,7,5,"CA","Zizia aptera"
3068083353,"Zizia aptera",-114.04981,49.283955,2011,7,3,"CA","Zizia aptera"
2265846708,"Zizia aptera",-113.188077,49.176362,2019,6,9,"CA","Zizia aptera"
3859490847,"Zizia aptera",-105.727796,49.202278,2022,6,7,"CA","Zizia aptera"
2609134406,"Zizia aptera",-113.828665,49.125956,2015,5,19,"CA","Zizia aptera"
1209657424,"Zizia aptera",-113.719915,49.1606789990669,2009,6,13,"CA","Zizia aptera"
4006752354,"Zizia aptera",-113.550842,49.136425,2020,8,9,"CA","Zizia aptera"
1658227635,"Zizia aptera",-96.67375,49.147139,2009,9,11,"CA","Zizia aptera"
3858714674,"Zizia aptera",-96.651222,49.146044,2022,6,29,"CA","Zizia aptera"
3858546499,"Zizia aptera",-113.826077,49.105718,2022,6,12,"CA","Zizia aptera"
3302219652,"Zizia aptera",-101.292472,49.090492,2021,5,26,"CA","Zizia aptera"
2028084975,"Zizia aptera",-96.733389,49.089444,2010,6,NA,"CA","Zizia aptera"
2609181409,"Zizia aptera",-113.790514,49.04627,2015,6,14,"CA","Zizia aptera"
3872988901,"Zizia aptera",-101.317597,49.069066,2022,7,3,"CA","Zizia aptera"
2251962288,"Zizia aptera",-96.767743,49.07204,2019,5,29,"CA","Zizia aptera"
2963880165,"Zizia aptera",-114.049876,49.017302,2015,5,3,"CA","Zizia aptera"
3383866798,"Zizia aptera",-113.686828,49.026164,2021,7,1,"CA","Zizia aptera"
3802714714,"Zizia aptera",-113.465958,49.000131,2022,5,14,"CA","Zizia aptera"
3872962918,"Zizia aptera",-96.680356,49.031834,2022,7,6,"CA","Zizia aptera"
3070520645,"Zizia aptera",-113.741372,48.820187,2019,7,21,"US","Zizia aptera"
3860330110,"Zizia aptera",-96.309773,48.002114,2022,6,23,"US","Zizia aptera"
3302011628,"Zizia aptera",-89.595974,47.999326,2021,5,30,"US","Zizia aptera"
1848805643,"Zizia aptera",-96.441109,47.733612,2018,6,1,"US","Zizia aptera"
2265872618,"Zizia aptera",-96.287431,47.715897,2019,6,8,"US","Zizia aptera"
1563428140,"Zizia aptera",-96.342898,47.702956,2017,5,27,"US","Zizia aptera"
3860508843,"Zizia aptera",-96.417861,47.652469,2022,6,22,"US","Zizia aptera"
3873527962,"Zizia aptera",-96.339996,47.644295,2022,7,7,"US","Zizia aptera"
3873418639,"Zizia aptera",-96.250917,47.644353,2022,7,20,"US","Zizia aptera"
2265803428,"Zizia aptera",-90.725286,47.628508,2019,6,1,"US","Zizia aptera"
2265831959,"Zizia aptera",-96.391944,47.586852,2019,6,8,"US","Zizia aptera"
3302284182,"Zizia aptera",-95.121801,47.585034,2021,6,9,"US","Zizia aptera"
3079572846,"Zizia aptera",-100.278179,47.400091,2020,6,9,"US","Zizia aptera"
3859987849,"Zizia aptera",-95.939936,47.398156,2022,6,7,"US","Zizia aptera"
3301951501,"Zizia aptera",-95.166268,47.386443,2021,6,9,"US","Zizia aptera"
2269228176,"Zizia aptera",-101.390625,47.360005,2019,6,13,"US","Zizia aptera"
3335073542,"Zizia aptera",-91.671295,47.321382,2021,7,17,"US","Zizia aptera"
2273315579,"Zizia aptera",-97.813559,47.287119,2019,6,26,"US","Zizia aptera"
3859822009,"Zizia aptera",-100.380956,47.167165,2022,6,23,"US","Zizia aptera"
2813870044,"Zizia aptera",-96.173834,47.195768,2020,6,27,"US","Zizia aptera"
3499395443,"Zizia aptera",-99.249275,47.132283,2021,6,13,"US","Zizia aptera"
1322998073,"Zizia aptera",-96.467946,46.860165,2016,7,30,"US","Zizia aptera"
2422848880,"Zizia aptera",-96.453552,46.869617,2019,6,11,"US","Zizia aptera"
1986510216,"Zizia aptera",-96.216916,46.866645,2018,9,26,"US","Zizia aptera"
2265601376,"Zizia aptera",-95.194427,46.840689,2005,6,23,"US","Zizia aptera"
3961217304,"Zizia aptera",-99.488862,46.767605,2017,6,5,"US","Zizia aptera"
3922745367,"Zizia aptera",-109.3326,46.7320999990586,2009,7,10,"US","Zizia aptera"
2273327552,"Zizia aptera",-96.212892,46.690285,2019,6,24,"US","Zizia aptera"
3912241701,"Zizia aptera",-96.424395,46.518537,2022,9,16,"US","Zizia aptera"
3321092905,"Zizia aptera",-95.96067,46.53345,2021,6,26,"US","Zizia aptera"
1880545427,"Zizia aptera",-97.465453,46.40072,2018,6,22,"US","Zizia aptera"
2579277689,"Zizia aptera",-89.924732,46.210051,2019,8,22,"US","Zizia aptera"
1847608147,"Zizia aptera",-95.717314,45.837331,2018,5,26,"US","Zizia aptera"
1913666319,"Zizia aptera",-95.660518,45.836254,2018,9,13,"US","Zizia aptera"
3333085426,"Zizia aptera",-92.600097,45.869267,2021,5,30,"US","Zizia aptera"
2273275072,"Zizia aptera",-95.876427,45.795452,2019,6,21,"US","Zizia aptera"
2265870029,"Zizia aptera",-95.795889,45.763356,2019,6,4,"US","Zizia aptera"
2273258452,"Zizia aptera",-96.003062,45.745839,2019,6,21,"US","Zizia aptera"
2265870860,"Zizia aptera",-96.178483,45.68066,2019,6,5,"US","Zizia aptera"
3118307604,"Zizia aptera",-92.764499,45.693875,2021,5,19,"US","Zizia aptera"
3302465067,"Zizia aptera",-92.702836,45.700013,2021,6,3,"US","Zizia aptera"
2265869575,"Zizia aptera",-96.198195,45.628405,2019,6,5,"US","Zizia aptera"
2265870598,"Zizia aptera",-95.87933,45.58534,2019,6,5,"US","Zizia aptera"
2006102880,"Zizia aptera",-95.531337,45.54121,2017,6,24,"US","Zizia aptera"
2265425051,"Zizia aptera",-93.705756,45.508759,2000,8,25,"US","Zizia aptera"
1848776402,"Zizia aptera",-96.555276,45.461154,2018,5,30,"US","Zizia aptera"
3112512829,"Zizia aptera",-94.35531,45.47394,2021,4,30,"US","Zizia aptera"
3873331375,"Zizia aptera",-93.695045,45.490925,2022,7,19,"US","Zizia aptera"
3873394281,"Zizia aptera",-95.253813,45.445233,2022,7,21,"US","Zizia aptera"
2818629581,"Zizia aptera",-94.680869,45.418204,2020,7,16,"US","Zizia aptera"
2265872090,"Zizia aptera",-96.364097,45.269776,2019,6,6,"US","Zizia aptera"
2265427043,"Zizia aptera",-96.236536,45.2325,2001,5,25,"US","Zizia aptera"
1848791250,"Zizia aptera",-94.95673,45.20444,2018,6,1,"US","Zizia aptera"
3784743267,"Zizia aptera",-93.642986,45.192217,2022,5,16,"US","Zizia aptera"
3961376312,"Zizia aptera",-96.076875,45.144875,2019,6,5,"US","Zizia aptera"
1572398201,"Zizia aptera",-95.989279,45.133187,2017,7,12,"US","Zizia aptera"
2251965120,"Zizia aptera",-94.733495,45.139444,2019,5,28,"US","Zizia aptera"
2251964631,"Zizia aptera",-94.47416,45.114259,2019,5,28,"US","Zizia aptera"
3772479813,"Zizia aptera",-92.567961,45.116422,2022,5,11,"US","Zizia aptera"
3333273645,"Zizia aptera",-95.8884,45.05346,2021,7,18,"US","Zizia aptera"
2251963236,"Zizia aptera",-95.18566,45.044813,2019,5,28,"US","Zizia aptera"
2634267831,"Zizia aptera",-93.225233,45.047472,2020,5,22,"US","Zizia aptera"
2573905915,"Zizia aptera",-93.096786,45.05227,2019,6,22,"US","Zizia aptera"
3112431659,"Zizia aptera",-92.805655,45.078522,2021,5,4,"US","Zizia aptera"
2283058074,"Zizia aptera",-87.095673,45.068394,2019,6,28,"US","Zizia aptera"
3873088422,"Zizia aptera",-95.878769,44.978772,2022,7,20,"US","Zizia aptera"
2611060384,"Zizia aptera",-92.98841,44.967161,2019,6,6,"US","Zizia aptera"
3124620533,"Zizia aptera",-93.712345,44.957527,2021,5,21,"US","Zizia aptera"
3124611413,"Zizia aptera",-93.706418,44.934654,2021,5,25,"US","Zizia aptera"
3773437001,"Zizia aptera",-93.465755,44.942973,2022,5,10,"US","Zizia aptera"
2028437953,"Zizia aptera",-92.957996,44.945524,2018,9,22,"US","Zizia aptera"
3454995918,"Zizia aptera",-96.719979,44.904428,2019,5,30,"US","Zizia aptera"
3454984358,"Zizia aptera",-96.7234,44.85903,2019,6,6,"US","Zizia aptera"
3454981881,"Zizia aptera",-96.66058,44.81594,2019,8,11,"US","Zizia aptera"
3067613064,"Zizia aptera",-92.83358,44.820095,2020,7,22,"US","Zizia aptera"
3784817820,"Zizia aptera",-92.824279,44.798475,2022,5,7,"US","Zizia aptera"
3860053726,"Zizia aptera",-95.381894,44.763995,2022,6,6,"US","Zizia aptera"
3915322108,"Zizia aptera",-93.247445,44.772197,2022,9,19,"US","Zizia aptera"
3335168435,"Zizia aptera",-93.180953,44.77337,2021,6,5,"US","Zizia aptera"
2634351673,"Zizia aptera",-93.151497,44.787497,2020,5,12,"US","Zizia aptera"
3802305696,"Zizia aptera",-93.029564,44.787845,2022,5,20,"US","Zizia aptera"
2864750616,"Zizia aptera",-92.98605,44.75335,2020,9,16,"US","Zizia aptera"
3454988020,"Zizia aptera",-96.5361,44.74701,2019,6,16,"US","Zizia aptera"
3947140857,"Zizia aptera",-93.170975,44.720292,2022,10,17,"US","Zizia aptera"
2244234352,"Zizia aptera",-95.338181,44.671085,2019,5,17,"US","Zizia aptera"
3947126338,"Zizia aptera",-93.081382,44.687368,2022,9,8,"US","Zizia aptera"
3327983420,"Zizia aptera",-93.879538,44.609878,2021,5,12,"US","Zizia aptera"
3330657559,"Zizia aptera",-90.662613,44.620886,2021,7,22,"US","Zizia aptera"
2423052029,"Zizia aptera",-93.885432,44.540819,2019,9,13,"US","Zizia aptera"
3097036205,"Zizia aptera",-93.034692,44.507675,2021,4,18,"US","Zizia aptera"
2422816875,"Zizia aptera",-92.794274,44.482154,2018,8,21,"US","Zizia aptera"
2559564715,"Zizia aptera",-104.027878,44.4315269990569,2010,6,7,"US","Zizia aptera"
2512331453,"Zizia aptera",-103.942586,44.4506379990569,2010,6,9,"US","Zizia aptera"
2512329702,"Zizia aptera",-103.868424,44.441365,2011,8,25,"US","Zizia aptera"
2512287005,"Zizia aptera",-104.095604,44.4141139990569,2010,6,8,"US","Zizia aptera"
2512284955,"Zizia aptera",-104.034893,44.380845999057,2010,8,15,"US","Zizia aptera"
2512286472,"Zizia aptera",-103.962677,44.338006999057,2010,6,5,"US","Zizia aptera"
3109007031,"Zizia aptera",-93.546485,44.353143,2021,4,25,"US","Zizia aptera"
3860468468,"Zizia aptera",-93.983642,44.318897,2022,6,5,"US","Zizia aptera"
2512287297,"Zizia aptera",-103.849744,44.277497,2010,6,5,"US","Zizia aptera"
2512333489,"Zizia aptera",-103.781052,44.273623999057,2010,6,9,"US","Zizia aptera"
3892457269,"Zizia aptera",-95.695107,44.26317,2022,8,16,"US","Zizia aptera"
3858497939,"Zizia aptera",-94.00221,44.267353,2022,6,8,"US","Zizia aptera"
3124625563,"Zizia aptera",-93.193329,44.281107,2021,5,16,"US","Zizia aptera"
3873815872,"Zizia aptera",-96.308468,44.241467,2022,7,11,"US","Zizia aptera"
2859405378,"Zizia aptera",-104.0361,44.1863,2013,6,19,"US","Zizia aptera"
2251965072,"Zizia aptera",-95.107619,44.203508,2019,5,28,"US","Zizia aptera"
2512329794,"Zizia aptera",-103.796086,44.1318399990571,2010,6,12,"US","Zizia aptera"
3456600542,"Zizia aptera",-103.765014,44.137111,2021,7,7,"US","Zizia aptera"
3337878681,"Zizia aptera",-103.749503,44.131092,2021,6,22,"US","Zizia aptera"
2859404387,"Zizia aptera",-103.5649,44.1353,2013,6,19,"US","Zizia aptera"
2859163408,"Zizia aptera",-103.469,44.1578,2013,6,18,"US","Zizia aptera"
3873969644,"Zizia aptera",-92.490861,44.138859,2022,7,23,"US","Zizia aptera"
2873276343,"Zizia aptera",-103.84521,44.08977,2007,7,23,"US","Zizia aptera"
3859043712,"Zizia aptera",-96.151556,44.123519,2022,5,31,"US","Zizia aptera"
3398635232,"Zizia aptera",-95.066206,44.09391,2021,10,16,"US","Zizia aptera"
3859246825,"Zizia aptera",-95.014769,44.085702,2022,6,15,"US","Zizia aptera"
2873276355,"Zizia aptera",-103.58457,44.07519,2008,6,20,"US","Zizia aptera"
2512332941,"Zizia aptera",-103.858749,44.0364449990572,2009,8,9,"US","Zizia aptera"
2818681429,"Zizia aptera",-94.846922,43.960806,2020,6,14,"US","Zizia aptera"
3335575507,"Zizia aptera",-89.637577,43.983147,2021,6,25,"US","Zizia aptera"
3873344329,"Zizia aptera",-95.964097,43.916767,2019,6,27,"US","Zizia aptera"
1928467698,"Zizia aptera",-103.50221,43.89996,2014,6,19,"US","Zizia aptera"
2859162401,"Zizia aptera",-103.6226,43.8706,2013,6,20,"US","Zizia aptera"
3859859044,"Zizia aptera",-95.763474,43.862812,2022,5,31,"US","Zizia aptera"
3785127879,"Zizia aptera",-95.192574,43.845321,2022,5,19,"US","Zizia aptera"
3325679827,"Zizia aptera",-92.847569,43.867261,2021,7,3,"US","Zizia aptera"
3118406634,"Zizia aptera",-95.781059,43.808062,2021,5,19,"US","Zizia aptera"
3860556038,"Zizia aptera",-95.128655,43.804472,2022,6,8,"US","Zizia aptera"
2802742317,"Zizia aptera",-103.513869,43.775283,2020,6,16,"US","Zizia aptera"
3860500943,"Zizia aptera",-95.097673,43.789877,2022,6,23,"US","Zizia aptera"
3802357746,"Zizia aptera",-95.074787,43.777928,2022,5,21,"US","Zizia aptera"
3859423597,"Zizia aptera",-95.119101,43.726459,2022,5,29,"US","Zizia aptera"
1571156468,"Zizia aptera",-95.065418,43.727659,2017,6,17,"US","Zizia aptera"
3044621504,"Zizia aptera",-89.87664,43.694332,2020,5,7,"US","Zizia aptera"
3858871646,"Zizia aptera",-88.070535,43.57449,2022,6,11,"US","Zizia aptera"
2242961191,"Zizia aptera",-91.149788,43.416965,2019,5,10,"US","Zizia aptera"
3888805469,"Zizia aptera",-95.663589,43.335682,2022,7,13,"US","Zizia aptera"
4011617651,"Zizia aptera",-89.897591,43.318075,2022,5,19,"US","Zizia aptera"
3802341518,"Zizia aptera",-89.44471,43.23339,2022,5,19,"US","Zizia aptera"
3097395756,"Zizia aptera",-89.393214,43.183017,2021,4,22,"US","Zizia aptera"
3743321347,"Zizia aptera",-89.487367,43.068875,2021,5,2,"US","Zizia aptera"
3860501846,"Zizia aptera",-89.514703,43.025349,2022,5,30,"US","Zizia aptera"
3772612361,"Zizia aptera",-89.438302,43.027191,2022,5,11,"US","Zizia aptera"
2634569742,"Zizia aptera",-88.032652,42.927889,2020,5,26,"US","Zizia aptera"
3384321688,"Zizia aptera",-88.500089,42.89794,2021,9,11,"US","Zizia aptera"
3758685476,"Zizia aptera",-88.6382,42.8397,2017,6,8,"US","Zizia aptera"
2634246170,"Zizia aptera",-88.622215,42.852411,2020,5,23,"US","Zizia aptera"
2634012084,"Zizia aptera",-88.48143,42.871492,2020,5,23,"US","Zizia aptera"
3344106014,"Zizia aptera",-88.478121,42.828568,2021,8,23,"US","Zizia aptera"
2974342118,"Zizia aptera",-73.856201,42.598095,2020,5,25,"US","Zizia aptera"
3998671593,"Zizia aptera",-88.484979,42.574355,2022,5,31,"US","Zizia aptera"
1848764217,"Zizia aptera",-88.193145,42.493858,2018,5,29,"US","Zizia aptera"
2626483459,"Zizia aptera",-87.959128,42.483519,2020,5,18,"US","Zizia aptera"
1571101751,"Zizia aptera",-87.957444,42.48755,2017,6,6,"US","Zizia aptera"
3773815268,"Zizia aptera",-89.104829,42.457595,2022,5,11,"US","Zizia aptera"
3302340795,"Zizia aptera",-88.96837,42.427313,2021,5,11,"US","Zizia aptera"
3113404305,"Zizia aptera",-89.787143,42.390321,2021,5,9,"US","Zizia aptera"
3112354349,"Zizia aptera",-76.874083,42.374825,2020,6,12,"US","Zizia aptera"
2529302092,"Zizia aptera",-71.426936,42.341589,2019,10,4,"US","Zizia aptera"
2610969592,"Zizia aptera",-89.39235,42.292419,2020,4,22,"US","Zizia aptera"
3112754218,"Zizia aptera",-89.121133,42.298641,2021,5,3,"US","Zizia aptera"
3760194827,"Zizia aptera",-89.018887,42.327205,2022,4,21,"US","Zizia aptera"
3090660024,"Zizia aptera",-89.62333,42.2765,2021,4,14,"US","Zizia aptera"
2611329161,"Zizia aptera",-89.008748,42.261599,2020,4,27,"US","Zizia aptera"
3124863622,"Zizia aptera",-88.755837,42.254165,2021,5,26,"US","Zizia aptera"
2542893222,"Zizia aptera",-89.060243,42.217771,2019,5,1,"US","Zizia aptera"
3784679781,"Zizia aptera",-89.059983,42.178692,2022,5,14,"US","Zizia aptera"
3773257443,"Zizia aptera",-88.96252,42.200906,2022,5,12,"US","Zizia aptera"
2626606051,"Zizia aptera",-88.384214,42.170597,2020,5,21,"US","Zizia aptera"
1890080695,"Zizia aptera",-89.20761,42.131974,2018,7,31,"US","Zizia aptera"
3947664863,"Zizia aptera",-89.141422,42.153095,2022,9,27,"US","Zizia aptera"
3923245097,"Zizia aptera",-89.031886,42.143128,2022,9,27,"US","Zizia aptera"
2634464443,"Zizia aptera",-88.296588,42.14241,2020,5,21,"US","Zizia aptera"
2974552398,"Zizia aptera",-88.124748,42.158471,2020,5,27,"US","Zizia aptera"
2269286576,"Zizia aptera",-87.836335,42.141403,2019,6,16,"US","Zizia aptera"
2626278861,"Zizia aptera",-87.831932,42.140615,2020,5,6,"US","Zizia aptera"
3999145816,"Zizia aptera",-78.51031,42.142914,2022,10,4,"US","Zizia aptera"
1291134297,"Zizia aptera",-89.266542,42.111511,2016,7,17,"US","Zizia aptera"
3118377911,"Zizia aptera",-89.194623,42.117052,2021,5,15,"US","Zizia aptera"
1571172490,"Zizia aptera",-88.25354,42.106118,2017,5,25,"US","Zizia aptera"
2238854037,"Zizia aptera",-87.868035,42.115634,2019,4,27,"US","Zizia aptera"
3772760155,"Zizia aptera",-89.130347,42.078842,2022,4,30,"US","Zizia aptera"
3384871767,"Zizia aptera",-88.200834,42.060327,2021,9,21,"US","Zizia aptera"
3958300375,"Zizia aptera",-88.011879,42.074695,2020,5,23,"US","Zizia aptera"
3873150934,"Zizia aptera",-88.281745,42.028474,2022,7,22,"US","Zizia aptera"
2634043444,"Zizia aptera",-87.985378,42.01443,2020,5,24,"US","Zizia aptera"
2803006479,"Zizia aptera",-87.93242,42.029438,2020,6,19,"US","Zizia aptera"
2238852793,"Zizia aptera",-87.902771,42.026344,2019,4,27,"US","Zizia aptera"
3949730478,"Zizia aptera",-87.728394,41.974804,2021,5,23,"US","Zizia aptera"
3949476547,"Zizia aptera",-87.68279,41.973174,2022,5,21,"US","Zizia aptera"
2611374735,"Zizia aptera",-88.35021,41.921204,2020,4,28,"US","Zizia aptera"
2634386391,"Zizia aptera",-88.044232,41.946243,2020,5,23,"US","Zizia aptera"
2610956930,"Zizia aptera",-87.636353,41.927925,2020,4,27,"US","Zizia aptera"
3773064052,"Zizia aptera",-89.337299,41.90483,2022,5,8,"US","Zizia aptera"
1841328793,"Zizia aptera",-88.321945,41.91,2018,5,3,"US","Zizia aptera"
1265903627,"Zizia aptera",-87.968622,41.838631,2016,5,2,"US","Zizia aptera"
2610984416,"Zizia aptera",-71.360158,41.840915,2019,8,18,"US","Zizia aptera"
3859587244,"Zizia aptera",-88.340784,41.797137,2022,6,18,"US","Zizia aptera"
2242849335,"Zizia aptera",-88.09395,41.814438,2019,5,4,"US","Zizia aptera"
3773752609,"Zizia aptera",-88.04698,41.799213,2022,5,2,"US","Zizia aptera"
3802528219,"Zizia aptera",-88.012048,41.798609,2022,5,22,"US","Zizia aptera"
3957206734,"Zizia aptera",-87.888155,41.830656,2020,5,22,"US","Zizia aptera"
2542902868,"Zizia aptera",-89.337668,41.771578,2018,5,16,"US","Zizia aptera"
2242827165,"Zizia aptera",-87.584267,41.784613,2019,5,4,"US","Zizia aptera"
1265600593,"Zizia aptera",-88.737615,41.674858,2016,4,27,"US","Zizia aptera"
3873496705,"Zizia aptera",-89.246884,41.553411,2022,6,12,"US","Zizia aptera"
3331199369,"Zizia aptera",-76.673643,41.440373,2020,6,17,"US","Zizia aptera"
3873611736,"Zizia aptera",-89.342418,41.403437,2022,6,12,"US","Zizia aptera"
3455737623,"Zizia aptera",-81.549209,41.331441,2021,8,9,"US","Zizia aptera"
1291550086,"Zizia aptera",-72.73493,41.264705,2016,7,22,"US","Zizia aptera"
3858813734,"Zizia aptera",-74.913248,41.245034,2022,6,14,"US","Zizia aptera"
2826129672,"Zizia aptera",-72.641371,41.217088,2020,7,18,"US","Zizia aptera"
2619878305,"Zizia aptera",-81.594527,41.200533,2016,6,9,"US","Zizia aptera"
1453082320,"Zizia aptera",-81.465656,41.136484,2016,4,23,"US","Zizia aptera"
2611412272,"Zizia aptera",-85.144206,41.106928,2020,4,29,"US","Zizia aptera"
3985740216,"Zizia aptera",-80.01331,41.011903,2022,5,31,"US","Zizia aptera"
1269541785,"Zizia aptera",-74.773928,41.020239,2016,4,24,"US","Zizia aptera"
2634227659,"Zizia aptera",-73.845917,41.04158,2020,5,9,"US","Zizia aptera"
2611066503,"Zizia aptera",-74.897786,40.980401,2020,4,19,"US","Zizia aptera"
2620046081,"Zizia aptera",-74.867262,40.980115,2020,5,1,"US","Zizia aptera"
3039253097,"Zizia aptera",-74.89112,40.950258,2017,5,23,"US","Zizia aptera"
2859163353,"Zizia aptera",-79.15873,40.8606649990664,2008,5,22,"US","Zizia aptera"
2633959701,"Zizia aptera",-77.804511,40.865817,2020,5,18,"US","Zizia aptera"
3873519723,"Zizia aptera",-74.028408,40.864051,2022,6,11,"US","Zizia aptera"
2422843320,"Zizia aptera",-77.95975,40.775635,2019,5,22,"US","Zizia aptera"
2626138355,"Zizia aptera",-88.613739,40.746635,2019,5,29,"US","Zizia aptera"
3109152772,"Zizia aptera",-74.240337,40.719852,2021,4,24,"US","Zizia aptera"
3399278344,"Zizia aptera",-74.046082,40.69006,2021,10,27,"US","Zizia aptera"
3058720484,"Zizia aptera",-74.40051,40.665831,2020,5,13,"US","Zizia aptera"
2626093589,"Zizia aptera",-78.080536,40.600328,2020,4,28,"US","Zizia aptera"
3956828227,"Zizia aptera",-89.128473,40.351368,2022,5,24,"US","Zizia aptera"
3966363528,"Zizia aptera",-75.176296,40.342917,2022,4,16,"US","Zizia aptera"
3333104469,"Zizia aptera",-77.218222,40.305017,2021,6,20,"US","Zizia aptera"
2859440353,"Zizia aptera",-80.541973,40.267981,2011,5,25,"US","Zizia aptera"
3097658350,"Zizia aptera",-76.387627,40.249008,2001,5,24,"US","Zizia aptera"
3097141416,"Zizia aptera",-88.401039,40.207563,2020,7,2,"US","Zizia aptera"
2859404374,"Zizia aptera",-80.00698,40.20549,2005,5,29,"US","Zizia aptera"
3455837215,"Zizia aptera",-76.874375,40.088883,2021,8,17,"US","Zizia aptera"
2859159381,"Zizia aptera",-80.23866,40.03743,2005,5,31,"US","Zizia aptera"
2859147390,"Zizia aptera",-78.416667,40,2005,6,10,"US","Zizia aptera"
2619870319,"Zizia aptera",-79.99941,39.94468,2018,5,9,"US","Zizia aptera"
3457074110,"Zizia aptera",-79.583978,39.940767,2021,5,27,"US","Zizia aptera"
3760349638,"Zizia aptera",-84.160756,39.876765,2022,4,11,"US","Zizia aptera"
3090885655,"Zizia aptera",-83.212729,39.900953,2021,4,12,"US","Zizia aptera"
2611068532,"Zizia aptera",-83.201722,39.851833,2020,4,17,"US","Zizia aptera"
2422863241,"Zizia aptera",-75.57265,39.799444,2012,4,29,"US","Zizia aptera"
2620013331,"Zizia aptera",-79.618361,39.763906,2018,4,23,"US","Zizia aptera"
2859483946,"Zizia aptera",-80.1068,39.7223,2017,5,16,"US","Zizia aptera"
3947277220,"Zizia aptera",-76.038602,39.735555,2022,10,19,"US","Zizia aptera"
3455964859,"Zizia aptera",-78.458221,39.679477,2020,5,16,"US","Zizia aptera"
3859476707,"Zizia aptera",-78.063133,39.696462,2022,5,21,"US","Zizia aptera"
3391354438,"Zizia aptera",-78.434326,39.643589,2021,5,18,"US","Zizia aptera"
3784694755,"Zizia aptera",-78.359772,39.665192,2022,5,14,"US","Zizia aptera"
3090821516,"Zizia aptera",-84.065986,39.479678,2019,4,27,"US","Zizia aptera"
1929257963,"Zizia aptera",-79.37703,39.45372,2011,5,30,"US","Zizia aptera"
1703192736,"Zizia aptera",-77.798765,39.438528,2017,4,16,"US","Zizia aptera"
1090629593,"Zizia aptera",-82.033333,39.346389,2008,5,NA,"US","Zizia aptera"
3773085392,"Zizia aptera",-77.554008,39.271678,2022,5,2,"US","Zizia aptera"
2619954560,"Zizia aptera",-77.32103,39.1715,2020,4,24,"US","Zizia aptera"
3959287064,"Zizia aptera",-84.326132,39.041349,2021,5,6,"US","Zizia aptera"
3466002742,"Zizia aptera",-78.006542,38.966375,2018,5,23,"US","Zizia aptera"
1841233098,"Zizia aptera",-78.208642,38.904917,2018,4,28,"US","Zizia aptera"
3827584402,"Zizia aptera",-78.307792,38.84095,2022,5,8,"US","Zizia aptera"
3456146022,"Zizia aptera",-78.206122,38.856556,2020,5,25,"US","Zizia aptera"
177058533,"Zizia aptera",-92.1379,38.8213,2006,5,24,"US","Zizia aptera"
3949118620,"Zizia aptera",-89.980488,38.818809,2021,4,25,"US","Zizia aptera"
3113444658,"Zizia aptera",-79.973887,38.798316,2021,5,6,"US","Zizia aptera"
3109297612,"Zizia aptera",-79.770075,38.816582,2021,4,23,"US","Zizia aptera"
3747311919,"Zizia aptera",-83.408128,38.761942,2022,3,20,"US","Zizia aptera"
3455831215,"Zizia aptera",-78.292697,38.763294,2020,6,14,"US","Zizia aptera"
3859977084,"Zizia aptera",-78.284439,38.760106,2022,6,30,"US","Zizia aptera"
3455936358,"Zizia aptera",-78.226203,38.766736,2019,5,29,"US","Zizia aptera"
3859754341,"Zizia aptera",-78.197983,38.779628,2022,6,1,"US","Zizia aptera"
3314392541,"Zizia aptera",-77.633298,38.754964,2021,6,24,"US","Zizia aptera"
3455736390,"Zizia aptera",-79.541643,38.693789,2021,6,6,"US","Zizia aptera"
3455322113,"Zizia aptera",-78.554683,38.701914,2020,4,29,"US","Zizia aptera"
2251840572,"Zizia aptera",-90.295508,38.637156,2019,4,30,"US","Zizia aptera"
3954444364,"Zizia aptera",-90.276006,38.639603,2021,4,26,"US","Zizia aptera"
3097047596,"Zizia aptera",-79.998875,38.626848,2021,4,11,"US","Zizia aptera"
3455292044,"Zizia aptera",-78.337817,38.627983,2020,5,29,"US","Zizia aptera"
2268817651,"Zizia aptera",-90.258889,38.6125,2016,5,19,"US","Zizia aptera"
3455666841,"Zizia aptera",-78.35037,38.616167,2019,5,19,"US","Zizia aptera"
1257616178,"Zizia aptera",-93.223611,38.571111,2002,5,21,"US","Zizia aptera"
3784730664,"Zizia aptera",-78.419552,38.532371,2022,5,14,"US","Zizia aptera"
1802614238,"Zizia aptera",-78.415475,38.532082,2016,4,29,"US","Zizia aptera"
3113275022,"Zizia aptera",-90.814834,38.469924,2021,5,8,"US","Zizia aptera"
3873278361,"Zizia aptera",-79.384192,38.311512,2020,5,1,"US","Zizia aptera"
3858176455,"Zizia aptera",-90.619171,38.264927,2020,3,30,"US","Zizia aptera"
3772731453,"Zizia aptera",-81.65712,38.264518,2022,5,8,"US","Zizia aptera"
2611189528,"Zizia aptera",-79.303207,38.287822,2017,4,28,"US","Zizia aptera"
3355087452,"Zizia aptera",-81.016425,38.203838,2021,4,4,"US","Zizia aptera"
3759115429,"Zizia aptera",-91.213575,38.044775,2020,5,1,"US","Zizia aptera"
3902291712,"Zizia aptera",-78.827867,38.049208,2022,8,27,"US","Zizia aptera"
2610995574,"Zizia aptera",-78.85685,38.027241,2020,4,19,"US","Zizia aptera"
2557700622,"Zizia aptera",-79.127446,37.924887,2013,5,12,"US","Zizia aptera"
2518042030,"Zizia aptera",-78.952814,37.933886,2015,6,6,"US","Zizia aptera"
3456600852,"Zizia aptera",-78.910598,37.944109,2021,7,28,"US","Zizia aptera"
3112675275,"Zizia aptera",-84.364222,37.898416,2021,5,3,"US","Zizia aptera"
3097150332,"Zizia aptera",-79.053665,37.897665,2019,5,8,"US","Zizia aptera"
1261004528,"Zizia aptera",-93.415833,37.845,2004,4,27,"US","Zizia aptera"
2269222895,"Zizia aptera",-79.442369,37.783558,2019,5,4,"US","Zizia aptera"
1258043635,"Zizia aptera",-91.381444,37.716611,2014,5,5,"US","Zizia aptera"
2610974528,"Zizia aptera",-79.391584,37.612961,2020,4,17,"US","Zizia aptera"
2611272958,"Zizia aptera",-93.279298,37.57173,2020,4,28,"US","Zizia aptera"
3772799986,"Zizia aptera",-84.229408,37.558053,2022,4,30,"US","Zizia aptera"
3759223693,"Zizia aptera",-93.342454,37.524566,2022,4,2,"US","Zizia aptera"
1562970721,"Zizia aptera",-79.5176,37.509061,2017,5,14,"US","Zizia aptera"
3118481416,"Zizia aptera",-80.005975,37.384339,2021,5,16,"US","Zizia aptera"
4010714987,"Zizia aptera",-78.632584,37.402664,2021,6,15,"US","Zizia aptera"
3946832050,"Zizia aptera",-90.0355,37.32532,2022,5,19,"US","Zizia aptera"
2268984367,"Zizia aptera",-90.40012,37.25684,2018,5,23,"US","Zizia aptera"
1261007401,"Zizia aptera",-91.807778,37.173611,2004,8,6,"US","Zizia aptera"
3070621154,"Zizia aptera",-80.313293,37.193313,2017,4,8,"US","Zizia aptera"
2239006422,"Zizia aptera",-80.56648,37.136342,2019,4,30,"US","Zizia aptera"
1260943412,"Zizia aptera",-93.724444,37.093056,2001,5,4,"US","Zizia aptera"
1258052200,"Zizia aptera",-92.414167,36.690556,2014,6,13,"US","Zizia aptera"
1849127862,"Zizia aptera",-84.628984,36.657302,2001,7,8,"US","Zizia aptera"
3383935640,"Zizia aptera",-93.837562,36.590565,2021,4,21,"US","Zizia aptera"
3802374074,"Zizia aptera",-94.013467,36.465896,2022,5,26,"US","Zizia aptera"
3435785081,"Zizia aptera",-93.93389,36.47269,2011,5,4,"US","Zizia aptera"
3902377176,"Zizia aptera",-84.684595,36.459471,2022,9,7,"US","Zizia aptera"
3858176667,"Zizia aptera",-93.857313,36.390803,2021,5,13,"US","Zizia aptera"
1844417581,"Zizia aptera",-81.463159,36.403181,2005,7,3,"US","Zizia aptera"
3858299669,"Zizia aptera",-93.872412,36.347908,2021,5,13,"US","Zizia aptera"
3858301651,"Zizia aptera",-93.832894,36.37213,2021,5,13,"US","Zizia aptera"
3858190664,"Zizia aptera",-93.933222,36.259081,2021,5,14,"US","Zizia aptera"
3698356471,"Zizia aptera",-86.903554,36.272491,2022,2,9,"US","Zizia aptera"
2826179920,"Zizia aptera",-93.135263,36.241677,2020,7,21,"US","Zizia aptera"
2609247960,"Zizia aptera",-94.001031,36.155086,2020,4,20,"US","Zizia aptera"
3772838647,"Zizia aptera",-78.79418,36.135095,2022,5,2,"US","Zizia aptera"
2517956808,"Zizia aptera",-84.742937,36.118728,2019,9,17,"US","Zizia aptera"
3858174702,"Zizia aptera",-93.739389,36.074127,2021,6,5,"US","Zizia aptera"
2611075695,"Zizia aptera",-86.395723,36.076772,2020,4,28,"US","Zizia aptera"
3966359430,"Zizia aptera",-84.661572,36.069814,2022,4,13,"US","Zizia aptera"
3302474396,"Zizia aptera",-94.132376,35.994783,2021,5,16,"US","Zizia aptera"
3760326818,"Zizia aptera",-86.381817,35.942032,2022,3,30,"US","Zizia aptera"
2252062500,"Zizia aptera",-85.001433,35.953788,2019,6,4,"US","Zizia aptera"
2283022236,"Zizia aptera",-84.850113,35.946792,2019,5,28,"US","Zizia aptera"
3079859943,"Zizia aptera",-79.423325,35.956481,2021,4,5,"US","Zizia aptera"
2283021058,"Zizia aptera",-86.299858,35.862087,2019,5,26,"US","Zizia aptera"
1844418683,"Zizia aptera",-85.375615,35.724956,2001,4,19,"US","Zizia aptera"
2619995326,"Zizia aptera",-83.492928,35.635849,2018,4,26,"US","Zizia aptera"
1990052332,"Zizia aptera",-85.155548,35.579659,2006,8,31,"US","Zizia aptera"
2610933378,"Zizia aptera",-82.433096,35.517597,2019,4,29,"US","Zizia aptera"
2273385623,"Zizia aptera",-83.095611,35.377412,2002,4,30,"US","Zizia aptera"
3773068561,"Zizia aptera",-83.340053,35.270865,2022,5,8,"US","Zizia aptera"
1844417535,"Zizia aptera",-85.253056,35.236111,2007,5,3,"US","Zizia aptera"
1849115372,"Zizia aptera",-85.23439,35.237439,2006,4,22,"US","Zizia aptera"
3764514824,"Zizia aptera",-83.435998,35.175907,2022,4,24,"US","Zizia aptera"
3902072476,"Zizia aptera",-86.030511,35.13722,2020,9,26,"US","Zizia aptera"
3772483672,"Zizia aptera",-79.363608,35.152725,2022,5,5,"US","Zizia aptera"
3466089396,"Zizia aptera",-83.688236,35.101545,2019,10,24,"US","Zizia aptera"
3455187939,"Zizia aptera",-83.616877,35.085253,2020,6,15,"US","Zizia aptera"
3785165565,"Zizia aptera",-83.530751,35.117452,2022,5,17,"US","Zizia aptera"
3759425727,"Zizia aptera",-83.404747,35.120801,2022,4,19,"US","Zizia aptera"
3772830245,"Zizia aptera",-83.628236,35.071746,2022,5,9,"US","Zizia aptera"
3759148648,"Zizia aptera",-83.617112,35.083307,2021,7,24,"US","Zizia aptera"
3466229579,"Zizia aptera",-85.273378,35.039981,2021,4,10,"US","Zizia aptera"
2619989304,"Zizia aptera",-86.094017,34.982612,2014,5,3,"US","Zizia aptera"
3760071666,"Zizia aptera",-80.14968,34.966325,2022,4,19,"US","Zizia aptera"
3435790985,"Zizia aptera",-93.05981,34.89072,2019,5,28,"US","Zizia aptera"
1806525034,"Zizia aptera",-85.42,34.8133,2000,4,8,"US","Zizia aptera"
2611146933,"Zizia aptera",-83.714359,34.79287,2020,4,26,"US","Zizia aptera"
2610940359,"Zizia aptera",-92.9852,34.70033,2015,5,1,"US","Zizia aptera"
3760377739,"Zizia aptera",-92.842188,34.636575,2022,4,2,"US","Zizia aptera"
3499781562,"Zizia aptera",-94.25924,34.49095,2014,6,11,"US","Zizia aptera"
3902035476,"Zizia aptera",-86.811788,34.416863,2021,6,10,"US","Zizia aptera"
2540717030,"Zizia aptera",-85.884567,34.270263,2018,6,27,"US","Zizia aptera"
3874091388,"Zizia aptera",-85.682684,34.288729,2022,7,12,"US","Zizia aptera"
2540717063,"Zizia aptera",-85.630222,34.273621,2018,6,26,"US","Zizia aptera"
3707753435,"Zizia aptera",-86.271944,33.799167,2008,4,30,"US","Zizia aptera"
3744685375,"Zizia aptera",-85.51,32.83,2005,4,3,"US","Zizia aptera"
