"gbifID","species","longitude","latitude","year","month","day","countryCode","basisOfRecord","accepted_name"
"4873179683","Cymopterus hallii",-106.448938,34.66103,2023,5,29,"US","PRESERVED_SPECIMEN","Aletes acaulis"
"4041175369","Cymopterus hallii",-106.157705,35.341294,2022,8,31,"US","PRESERVED_SPECIMEN","Aletes acaulis"
"3460949323","Cymopterus hallii",-104.52395,35.62381,2021,6,5,"US","PRESERVED_SPECIMEN","Aletes acaulis"
"4010611345","Cymopterus hallii",-105.2438,39.7522,2020,6,3,"US","PRESERVED_SPECIMEN","Aletes acaulis"
"3462358326","Cymopterus hallii",-105.2438,39.7522,2020,6,3,"US","PRESERVED_SPECIMEN","Aletes acaulis"
"4069024107","Cymopterus hallii",-105.24195,40.4208,2020,7,14,"US","PRESERVED_SPECIMEN","Aletes acaulis"
"4068966603","Cymopterus hallii",-105.24195,40.4208,2020,7,14,"US","PRESERVED_SPECIMEN","Aletes acaulis"
"2423924036","Cymopterus hallii",-105.222916,39.775189,2018,6,8,"US","PRESERVED_SPECIMEN","Aletes acaulis"
"2242354376","Cymopterus hallii",-105.219806,39.769526,2016,5,4,"US","PRESERVED_SPECIMEN","Aletes acaulis"
"3892761039","Cymopterus hallii",-105.2386,39.732488,2016,6,4,"US","PRESERVED_SPECIMEN","Aletes acaulis"
"2573434499","Cymopterus hallii",-105.3017,39.9889,2015,5,14,"US","PRESERVED_SPECIMEN","Aletes acaulis"
"2573343296","Cymopterus hallii",-105.304333,39.964567,2014,5,29,"US","PRESERVED_SPECIMEN","Aletes acaulis"
"1843901359","Cymopterus hallii",-106.4098616,34.9746243,2006,7,24,"US","PRESERVED_SPECIMEN","Aletes acaulis"
"1843901414","Cymopterus hallii",-106.4098616,34.9746243,2006,8,24,"US","PRESERVED_SPECIMEN","Aletes acaulis"
"1843895069","Cymopterus hallii",-106.694,35.739,2003,6,14,"US","PRESERVED_SPECIMEN","Aletes acaulis"
"3892762598","Cymopterus hallii",-107.266861,39.946278,2003,7,9,"US","PRESERVED_SPECIMEN","Aletes acaulis"
"1849154066","Cymopterus hallii",-105.7893,35.8023,2003,7,27,"US","PRESERVED_SPECIMEN","Aletes acaulis"
"3798108039","Cymopterus hallii",-106.9,35.92,2002,6,25,"US","PRESERVED_SPECIMEN","Aletes acaulis"
"2573341933","Cymopterus hallii",-105.23963,40.4244,2001,5,26,"US","PRESERVED_SPECIMEN","Aletes acaulis"
"1929045808","Cymopterus hallii",-105.2389,40.4194,2000,4,28,"US","PRESERVED_SPECIMEN","Aletes acaulis"
"1258970040","Cymopterus hallii",-105.23333,40.41666,2000,4,28,"US","PRESERVED_SPECIMEN","Aletes acaulis"
"2242375766","Cymopterus hallii",-105.373806,39.743719,2000,6,8,"US","PRESERVED_SPECIMEN","Aletes acaulis"
