"gbifID","species","longitude","latitude","year","month","day","countryCode","basisOfRecord","accepted_name"
"2561518100","Visnaga daucoides",-123.25081,49.25408,NA,NA,NA,"CA","LIVING_SPECIMEN","Ammi visnaga"
"219010995","Visnaga daucoides",-98.029167,17.349444,1997,4,19,"MX","OCCURRENCE","Ammi visnaga"
"3308512435","Visnaga daucoides",-98.02925,17.34947,1997,4,19,"MX","PRESERVED_SPECIMEN","Ammi visnaga"
"1895349659","Visnaga daucoides",-97.842554,17.888209,1959,8,16,"MX","PRESERVED_SPECIMEN","Ammi visnaga"
"1259664996","Visnaga daucoides",-96.781111,17.146944,1959,9,16,"MX","PRESERVED_SPECIMEN","Ammi visnaga"
"2459725807","Visnaga daucoides",-121.883987,39.413675,2019,6,15,"US","PRESERVED_SPECIMEN","Ammi visnaga"
"3053340338","Visnaga daucoides",-119.139829,34.334444,2016,9,22,"US","PRESERVED_SPECIMEN","Ammi visnaga"
"2421710263","Visnaga daucoides",-121.710521,38.647764,2009,7,23,"US","PRESERVED_SPECIMEN","Ammi visnaga"
"1457775415","Visnaga daucoides",-82.40666,29.6121,2004,6,22,"US","PRESERVED_SPECIMEN","Ammi visnaga"
"2422404881","Visnaga daucoides",-117.17639,33.48889,2004,9,3,"US","PRESERVED_SPECIMEN","Ammi visnaga"
"2421675730","Visnaga daucoides",-121.703889,38.804167,2001,5,16,"US","PRESERVED_SPECIMEN","Ammi visnaga"
"2421772737","Visnaga daucoides",-121.721389,38.433333,1999,7,11,"US","PRESERVED_SPECIMEN","Ammi visnaga"
"2422407476","Visnaga daucoides",-121.64347,38.68047,1999,7,14,"US","PRESERVED_SPECIMEN","Ammi visnaga"
"3059704768","Visnaga daucoides",-121.633333,38.7,1999,7,14,"US","PRESERVED_SPECIMEN","Ammi visnaga"
"2417984936","Visnaga daucoides",-121.9825,39.537778,1996,7,17,"US","PRESERVED_SPECIMEN","Ammi visnaga"
"2421751760","Visnaga daucoides",-121.633333,38.7,1996,12,19,"US","PRESERVED_SPECIMEN","Ammi visnaga"
"2982031689","Visnaga daucoides",-121.633333,38.7,1996,12,19,"US","PRESERVED_SPECIMEN","Ammi visnaga"
"3059704766","Visnaga daucoides",-121.6333,38.7,1996,12,19,"US","PRESERVED_SPECIMEN","Ammi visnaga"
"2417973366","Visnaga daucoides",-121.798333,39.332778,1989,6,26,"US","PRESERVED_SPECIMEN","Ammi visnaga"
"2417972379","Visnaga daucoides",-121.857222,39.564167,1989,7,11,"US","PRESERVED_SPECIMEN","Ammi visnaga"
"2417968476","Visnaga daucoides",-122.287778,39.525,1986,6,30,"US","PRESERVED_SPECIMEN","Ammi visnaga"
"2417955959","Visnaga daucoides",-121.997222,39.2625,1977,8,23,"US","PRESERVED_SPECIMEN","Ammi visnaga"
"2451552845","Visnaga daucoides",-122.004791,38.496967,1972,8,20,"US","PRESERVED_SPECIMEN","Ammi visnaga"
"2417957097","Visnaga daucoides",-121.966111,39.551111,1972,9,19,"US","PRESERVED_SPECIMEN","Ammi visnaga"
"2422274386","Visnaga daucoides",-121.51667,38.625,1969,6,23,"US","PRESERVED_SPECIMEN","Ammi visnaga"
"2421752796","Visnaga daucoides",-121.662905,38.558082,1968,9,4,"US","PRESERVED_SPECIMEN","Ammi visnaga"
"2451547470","Visnaga daucoides",-122.0153323,37.2672159,1967,9,26,"US","PRESERVED_SPECIMEN","Ammi visnaga"
"2421751852","Visnaga daucoides",-121.977293,38.18823,1965,9,7,"US","PRESERVED_SPECIMEN","Ammi visnaga"
"2421754458","Visnaga daucoides",-121.592189,38.2936,1964,7,1,"US","PRESERVED_SPECIMEN","Ammi visnaga"
"3059672806","Visnaga daucoides",-121.60342,38.29588,1964,7,1,"US","PRESERVED_SPECIMEN","Ammi visnaga"
"3059704769","Visnaga daucoides",-119.99823,34.45916,1963,6,26,"US","PRESERVED_SPECIMEN","Ammi visnaga"
"3059704767","Visnaga daucoides",-119.99823,34.45916,1963,6,26,"US","PRESERVED_SPECIMEN","Ammi visnaga"
"2421754124","Visnaga daucoides",-121.715542,38.549153,1963,8,14,"US","PRESERVED_SPECIMEN","Ammi visnaga"
"3091229252","Visnaga daucoides",-111.82194,33.42222,1962,7,26,"US","PRESERVED_SPECIMEN","Ammi visnaga"
"3091229250","Visnaga daucoides",-111.82194,33.42222,1962,7,26,"US","PRESERVED_SPECIMEN","Ammi visnaga"
"2270697275","Visnaga daucoides",-111.82264,33.422268,1962,7,26,"US","PRESERVED_SPECIMEN","Ammi visnaga"
"2270697124","Visnaga daucoides",-111.82194,33.42222,1962,7,26,"US","PRESERVED_SPECIMEN","Ammi visnaga"
"3059662204","Visnaga daucoides",-121.613771,38.661048,1961,7,10,"US","PRESERVED_SPECIMEN","Ammi visnaga"
"3053466286","Visnaga daucoides",-120.0226848,34.4629422,1961,8,2,"US","PRESERVED_SPECIMEN","Ammi visnaga"
"2421683311","Visnaga daucoides",-121.938694,38.350946,1961,9,26,"US","PRESERVED_SPECIMEN","Ammi visnaga"
"2421683392","Visnaga daucoides",-121.6195,38.6228,1961,10,25,"US","PRESERVED_SPECIMEN","Ammi visnaga"
"2421753173","Visnaga daucoides",-121.6195,38.6228,1961,10,25,"US","PRESERVED_SPECIMEN","Ammi visnaga"
"3053375086","Visnaga daucoides",-119.859,34.436,1959,8,16,"US","PRESERVED_SPECIMEN","Ammi visnaga"
"2430409562","Visnaga daucoides",-119.8349,34.43863,1959,8,16,"US","PRESERVED_SPECIMEN","Ammi visnaga"
"2421753373","Visnaga daucoides",-119.954,34.44,1957,7,6,"US","PRESERVED_SPECIMEN","Ammi visnaga"
"2430243326","Visnaga daucoides",-119.83059,34.43902,1957,7,27,"US","PRESERVED_SPECIMEN","Ammi visnaga"
"2421681365","Visnaga daucoides",-121.63788,38.56374,1956,7,13,"US","PRESERVED_SPECIMEN","Ammi visnaga"
"2270697100","Visnaga daucoides",-79.048622,35.910144,1954,4,12,"US","PRESERVED_SPECIMEN","Ammi visnaga"
"2421753708","Visnaga daucoides",-121.78885,38.76419,1952,10,13,"US","PRESERVED_SPECIMEN","Ammi visnaga"
"2422292492","Visnaga daucoides",-119.84389,34.42111,1948,8,11,"US","PRESERVED_SPECIMEN","Ammi visnaga"
"3053394365","Visnaga daucoides",-119.8423,34.421,1948,8,11,"US","PRESERVED_SPECIMEN","Ammi visnaga"
"1928792592","Visnaga daucoides",-104.82405,31.892616,1947,6,22,"US","PRESERVED_SPECIMEN","Ammi visnaga"
"1929982447","Visnaga daucoides",-104.823496,31.893377,1943,6,13,"US","PRESERVED_SPECIMEN","Ammi visnaga"
"2430404821","Visnaga daucoides",-117.95317,33.64562,1932,7,18,"US","PRESERVED_SPECIMEN","Ammi visnaga"
"2430444490","Visnaga daucoides",-117.95328,33.64454,1932,7,18,"US","PRESERVED_SPECIMEN","Ammi visnaga"
"3053435176","Visnaga daucoides",-119.822,34.437,1927,8,19,"US","PRESERVED_SPECIMEN","Ammi visnaga"
"3744704486","Visnaga daucoides",-87.96,30.68,1895,8,NA,"US","PRESERVED_SPECIMEN","Ammi visnaga"
"3744704478","Visnaga daucoides",-87.98,30.68,1888,6,22,"US","PRESERVED_SPECIMEN","Ammi visnaga"
