"gbifID","species","longitude","latitude","year","month","day","countryCode","basisOfRecord","accepted_name"
"1321573188","Amyris elemifera",-94.926,16.6059,2014,4,12,"MX","PRESERVED_SPECIMEN","Amyris elemifera"
"1317623531","Amyris elemifera",-94.9472,16.6154,2014,7,18,"MX","PRESERVED_SPECIMEN","Amyris elemifera"
"1897497348","Amyris elemifera",-90.025278,19.006389,2014,10,10,"MX","HUMAN_OBSERVATION","Amyris elemifera"
"1897497414","Amyris elemifera",-90.029167,19.009444,2014,10,10,"MX","HUMAN_OBSERVATION","Amyris elemifera"
"1897497440","Amyris elemifera",-90.025278,19.006389,2014,10,10,"MX","HUMAN_OBSERVATION","Amyris elemifera"
"1897497344","Amyris elemifera",-89.959444,19.027222,2014,10,9,"MX","HUMAN_OBSERVATION","Amyris elemifera"
"1897497393","Amyris elemifera",-90.021667,19.0075,2014,10,11,"MX","HUMAN_OBSERVATION","Amyris elemifera"
"1897497447","Amyris elemifera",-90.020278,19.0075,2014,10,11,"MX","HUMAN_OBSERVATION","Amyris elemifera"
"1897497449","Amyris elemifera",-89.956389,19.024722,2014,10,9,"MX","HUMAN_OBSERVATION","Amyris elemifera"
"1897497462","Amyris elemifera",-90.014722,19.029722,2014,10,13,"MX","HUMAN_OBSERVATION","Amyris elemifera"
"1897497398","Amyris elemifera",-90.020278,19.0075,2014,10,11,"MX","HUMAN_OBSERVATION","Amyris elemifera"
"1897497443","Amyris elemifera",-89.998333,19.021944,2014,10,9,"MX","HUMAN_OBSERVATION","Amyris elemifera"
"1897497424","Amyris elemifera",-90.020278,19.008611,2014,10,11,"MX","HUMAN_OBSERVATION","Amyris elemifera"
"1897497375","Amyris elemifera",-90.054167,18.962778,2014,10,12,"MX","HUMAN_OBSERVATION","Amyris elemifera"
"1897497388","Amyris elemifera",-90.025278,19.006389,2014,10,10,"MX","HUMAN_OBSERVATION","Amyris elemifera"
"1897497417","Amyris elemifera",-90.03,19.009444,2014,10,10,"MX","HUMAN_OBSERVATION","Amyris elemifera"
"1897497435","Amyris elemifera",-90.025278,19.006389,2014,10,10,"MX","HUMAN_OBSERVATION","Amyris elemifera"
"1897497473","Amyris elemifera",-90.020278,19.008611,2014,10,11,"MX","HUMAN_OBSERVATION","Amyris elemifera"
"1897497383","Amyris elemifera",-89.959167,19.025,2014,10,9,"MX","HUMAN_OBSERVATION","Amyris elemifera"
"1897497396","Amyris elemifera",-90.014722,19.029722,2014,10,13,"MX","HUMAN_OBSERVATION","Amyris elemifera"
"1897497411","Amyris elemifera",-90.029167,19.009444,2014,10,10,"MX","HUMAN_OBSERVATION","Amyris elemifera"
"1897497453","Amyris elemifera",-90.020278,19.0075,2014,10,11,"MX","HUMAN_OBSERVATION","Amyris elemifera"
"1897497419","Amyris elemifera",-90.013611,19.029722,2014,10,13,"MX","HUMAN_OBSERVATION","Amyris elemifera"
"1897497422","Amyris elemifera",-90.021667,19.0075,2014,10,11,"MX","HUMAN_OBSERVATION","Amyris elemifera"
"1897497374","Amyris elemifera",-90.020278,19.0075,2014,10,11,"MX","HUMAN_OBSERVATION","Amyris elemifera"
"1897497451","Amyris elemifera",-90.021667,19.0075,2014,10,11,"MX","HUMAN_OBSERVATION","Amyris elemifera"
"1897497448","Amyris elemifera",-90.020278,19.008611,2014,10,11,"MX","HUMAN_OBSERVATION","Amyris elemifera"
"1897497386","Amyris elemifera",-90.013611,19.028611,2013,5,15,"MX","HUMAN_OBSERVATION","Amyris elemifera"
"2629655551","Amyris elemifera",-89.329167,21.302778,2006,4,26,"MX","PRESERVED_SPECIMEN","Amyris elemifera"
"1421393817","Amyris elemifera",-89.901111,18.546944,2006,4,3,"MX","PRESERVED_SPECIMEN","Amyris elemifera"
"1421411645","Amyris elemifera",-89.329167,21.302778,2006,4,26,"MX","PRESERVED_SPECIMEN","Amyris elemifera"
"3308747667","Amyris elemifera",-89.3292,21.30278,2006,4,26,"MX","PRESERVED_SPECIMEN","Amyris elemifera"
"2629487503","Amyris elemifera",-89.400555,21.240278,2006,5,12,"MX","PRESERVED_SPECIMEN","Amyris elemifera"
"3308086900","Amyris elemifera",-89.40056,21.24028,2006,5,12,"MX","PRESERVED_SPECIMEN","Amyris elemifera"
"1260920962","Amyris elemifera",-89.40055,21.24027,2006,5,12,"MX","PRESERVED_SPECIMEN","Amyris elemifera"
"1421383978","Amyris elemifera",-88.934167,18.161389,2006,8,1,"MX","PRESERVED_SPECIMEN","Amyris elemifera"
"1421362752","Amyris elemifera",-89.321111,19.221389,2005,3,31,"MX","PRESERVED_SPECIMEN","Amyris elemifera"
"3308720848","Amyris elemifera",-92.15278,16.19056,2005,6,27,"MX","PRESERVED_SPECIMEN","Amyris elemifera"
"3306426744","Amyris elemifera",-92.1528,16.19055,2005,6,27,"MX","PRESERVED_SPECIMEN","Amyris elemifera"
"1893538709","Amyris elemifera",-89.904553,18.341222,2004,7,14,"MX","PRESERVED_SPECIMEN","Amyris elemifera"
"1893538734","Amyris elemifera",-89.904553,18.341222,2004,7,14,"MX","HUMAN_OBSERVATION","Amyris elemifera"
"1893538783","Amyris elemifera",-89.890667,18.532028,2004,9,4,"MX","PRESERVED_SPECIMEN","Amyris elemifera"
"1893538692","Amyris elemifera",-89.890667,18.532028,2004,9,4,"MX","HUMAN_OBSERVATION","Amyris elemifera"
"1421403082","Amyris elemifera",-89.296944,19.202778,2004,11,7,"MX","PRESERVED_SPECIMEN","Amyris elemifera"
"1893309451","Amyris elemifera",-89.332778,21.3,2003,3,7,"MX","PRESERVED_SPECIMEN","Amyris elemifera"
"3308678601","Amyris elemifera",-89.33278,21.3,2003,3,7,"MX","PRESERVED_SPECIMEN","Amyris elemifera"
"2629758096","Amyris elemifera",-89.332778,21.3,2003,3,7,"MX","PRESERVED_SPECIMEN","Amyris elemifera"
"1421371665","Amyris elemifera",-89.332778,21.3,2003,3,7,"MX","PRESERVED_SPECIMEN","Amyris elemifera"
"1259855039","Amyris elemifera",-89.332778,21.3,2003,3,7,"MX","PRESERVED_SPECIMEN","Amyris elemifera"
"3308129369","Amyris elemifera",-89.57583,18.53028,2003,11,4,"MX","PRESERVED_SPECIMEN","Amyris elemifera"
"1893309441","Amyris elemifera",-89.897222,18.580278,2002,2,20,"MX","PRESERVED_SPECIMEN","Amyris elemifera"
"3345581488","Amyris elemifera",-89.897222,18.591111,2002,2,20,"MX","PRESERVED_SPECIMEN","Amyris elemifera"
"1421405463","Amyris elemifera",-89.897222,18.568889,2002,2,20,"MX","PRESERVED_SPECIMEN","Amyris elemifera"
"2629742518","Amyris elemifera",-89.897222,18.568889,2002,2,20,"MX","PRESERVED_SPECIMEN","Amyris elemifera"
"1260056283","Amyris elemifera",-89.89166,18.58138,2002,2,20,"MX","PRESERVED_SPECIMEN","Amyris elemifera"
"1421384318","Amyris elemifera",-89.311111,21.277778,2002,5,31,"MX","PRESERVED_SPECIMEN","Amyris elemifera"
"2630171830","Amyris elemifera",-93.74,17.14,2002,8,28,"MX","PRESERVED_SPECIMEN","Amyris elemifera"
"1421371595","Amyris elemifera",-89.332778,21.3,2000,11,9,"MX","PRESERVED_SPECIMEN","Amyris elemifera"
"1259629157","Amyris elemifera",-89.33277,21.3,2000,11,9,"MX","PRESERVED_SPECIMEN","Amyris elemifera"
"3308559087","Amyris elemifera",-89.2208,18.00278,1999,1,8,"MX","PRESERVED_SPECIMEN","Amyris elemifera"
"2630139651","Amyris elemifera",-89.438889,18.25,1998,3,13,"MX","PRESERVED_SPECIMEN","Amyris elemifera"
"3306227305","Amyris elemifera",-89.43889,18.25,1998,3,13,"MX","PRESERVED_SPECIMEN","Amyris elemifera"
"3307958116","Amyris elemifera",-89.43889,18.25,1998,3,13,"MX","PRESERVED_SPECIMEN","Amyris elemifera"
"1895144426","Amyris elemifera",-89.438889,18.25,1998,3,13,"MX","PRESERVED_SPECIMEN","Amyris elemifera"
"1259679244","Amyris elemifera",-89.43333,18.25,1998,3,13,"MX","PRESERVED_SPECIMEN","Amyris elemifera"
"1895144481","Amyris elemifera",-89.277222,18.021944,1998,4,26,"MX","PRESERVED_SPECIMEN","Amyris elemifera"
"3308540683","Amyris elemifera",-89.27722,18.02194,1998,4,26,"MX","PRESERVED_SPECIMEN","Amyris elemifera"
"2630150549","Amyris elemifera",-89.277222,18.021944,1998,4,26,"MX","PRESERVED_SPECIMEN","Amyris elemifera"
"3306427937","Amyris elemifera",-89.276944,18.021944,1998,4,26,"MX","PRESERVED_SPECIMEN","Amyris elemifera"
"3306242642","Amyris elemifera",-89.27722,18.02194,1998,4,26,"MX","PRESERVED_SPECIMEN","Amyris elemifera"
"1259678400","Amyris elemifera",-89.27722,18.02194,1998,4,26,"MX","PRESERVED_SPECIMEN","Amyris elemifera"
"3307962066","Amyris elemifera",-89.82611,18.27639,1998,5,7,"MX","PRESERVED_SPECIMEN","Amyris elemifera"
"1259680274","Amyris elemifera",-89.82611,18.27638,1998,5,7,"MX","PRESERVED_SPECIMEN","Amyris elemifera"
"1421402471","Amyris elemifera",-89.293889,19.024444,1997,6,25,"MX","PRESERVED_SPECIMEN","Amyris elemifera"
"1259661729","Amyris elemifera",-89.29388,19.02444,1997,6,25,"MX","PRESERVED_SPECIMEN","Amyris elemifera"
"3307910369","Amyris elemifera",-89.81556,18.12444,1997,7,12,"MX","PRESERVED_SPECIMEN","Amyris elemifera"
"3307918753","Amyris elemifera",-89.47306,18.23028,1997,7,26,"MX","PRESERVED_SPECIMEN","Amyris elemifera"
"3306420629","Amyris elemifera",-89.473055,18.230278,1997,7,26,"MX","PRESERVED_SPECIMEN","Amyris elemifera"
"1259667112","Amyris elemifera",-89.47305,18.23027,1997,7,26,"MX","PRESERVED_SPECIMEN","Amyris elemifera"
"1259667309","Amyris elemifera",-89.81555,18.12444,1997,7,12,"MX","PRESERVED_SPECIMEN","Amyris elemifera"
"3307924604","Amyris elemifera",-89.82389,18.27389,1997,8,9,"MX","PRESERVED_SPECIMEN","Amyris elemifera"
"1421396546","Amyris elemifera",-89.8275,18.263056,1997,8,9,"MX","PRESERVED_SPECIMEN","Amyris elemifera"
"1259664404","Amyris elemifera",-89.82388,18.27388,1997,8,9,"MX","PRESERVED_SPECIMEN","Amyris elemifera"
"3308486103","Amyris elemifera",-89.79056,18.12222,1997,10,17,"MX","PRESERVED_SPECIMEN","Amyris elemifera"
"3308548684","Amyris elemifera",-89.79056,18.12222,1997,10,17,"MX","PRESERVED_SPECIMEN","Amyris elemifera"
"1421389839","Amyris elemifera",-89.790556,18.122222,1997,11,25,"MX","PRESERVED_SPECIMEN","Amyris elemifera"
"3308555329","Amyris elemifera",-89.79056,18.12222,1997,11,25,"MX","PRESERVED_SPECIMEN","Amyris elemifera"
"1259665203","Amyris elemifera",-89.79055,18.12222,1997,11,25,"MX","PRESERVED_SPECIMEN","Amyris elemifera"
"1895144389","Amyris elemifera",-89.434722,18.254722,1997,12,16,"MX","PRESERVED_SPECIMEN","Amyris elemifera"
"2630167480","Amyris elemifera",-89.8275,18.263056,1997,12,16,"MX","PRESERVED_SPECIMEN","Amyris elemifera"
"3307981992","Amyris elemifera",-89.43472,18.25472,1997,12,16,"MX","PRESERVED_SPECIMEN","Amyris elemifera"
"1259661848","Amyris elemifera",-89.43472,18.25472,1997,12,16,"MX","PRESERVED_SPECIMEN","Amyris elemifera"
"1895144449","Amyris elemifera",-89.425,18.591667,1996,3,26,"MX","PRESERVED_SPECIMEN","Amyris elemifera"
"1421373675","Amyris elemifera",-89.418056,18.597222,1996,3,26,"MX","PRESERVED_SPECIMEN","Amyris elemifera"
"3307922074","Amyris elemifera",-89.417,18.583,1996,3,26,"MX","PRESERVED_SPECIMEN","Amyris elemifera"
"1259663356","Amyris elemifera",-89.416667,18.583333,1996,3,26,"MX","PRESERVED_SPECIMEN","Amyris elemifera"
"3308129490","Amyris elemifera",-97.05778,19.17639,1996,4,26,"MX","PRESERVED_SPECIMEN","Amyris elemifera"
"3308654411","Amyris elemifera",-89.80472,18.14194,1996,6,25,"MX","PRESERVED_SPECIMEN","Amyris elemifera"
"3308570210","Amyris elemifera",-89.80472,18.14194,1996,6,25,"MX","PRESERVED_SPECIMEN","Amyris elemifera"
"1421377055","Amyris elemifera",-89.804722,18.141944,1996,6,25,"MX","PRESERVED_SPECIMEN","Amyris elemifera"
"1893309440","Amyris elemifera",-89.829167,18.113889,1996,6,25,"MX","PRESERVED_SPECIMEN","Amyris elemifera"
"2629743093","Amyris elemifera",-89.804722,18.141944,1996,6,25,"MX","PRESERVED_SPECIMEN","Amyris elemifera"
"3308743804","Amyris elemifera",-89.417,18.583,1996,7,2,"MX","PRESERVED_SPECIMEN","Amyris elemifera"
"1893309414","Amyris elemifera",-90.376389,19.943056,1996,9,24,"MX","PRESERVED_SPECIMEN","Amyris elemifera"
"1893309422","Amyris elemifera",-89.825,18.102778,1996,9,25,"MX","PRESERVED_SPECIMEN","Amyris elemifera"
"2629661357","Amyris elemifera",-90.594722,19.148056,1996,9,25,"MX","PRESERVED_SPECIMEN","Amyris elemifera"
"1421361762","Amyris elemifera",-90.377778,19.941667,1996,9,24,"MX","PRESERVED_SPECIMEN","Amyris elemifera"
"3307906594","Amyris elemifera",-89.75,18.1,1996,9,11,"MX","PRESERVED_SPECIMEN","Amyris elemifera"
"1894680660","Amyris elemifera",-87.708333,20.508333,1994,3,22,"MX","PRESERVED_SPECIMEN","Amyris elemifera"
"3308424247","Amyris elemifera",-86.87083,21.25833,1992,7,13,"MX","PRESERVED_SPECIMEN","Amyris elemifera"
"1895144436","Amyris elemifera",-93.1,16.726944,1991,9,20,"MX","PRESERVED_SPECIMEN","Amyris elemifera"
"2630144615","Amyris elemifera",-93.085,16.736667,1991,9,20,"MX","PRESERVED_SPECIMEN","Amyris elemifera"
"1895144429","Amyris elemifera",-93.1,16.726944,1991,11,16,"MX","PRESERVED_SPECIMEN","Amyris elemifera"
"2629671169","Amyris elemifera",-93.116667,16.752778,1991,11,16,"MX","PRESERVED_SPECIMEN","Amyris elemifera"
"3323494952","Amyris elemifera",-93.094444,16.7275,1991,11,16,"MX","PRESERVED_SPECIMEN","Amyris elemifera"
"3307803288","Amyris elemifera",-93.1,16.717,1991,11,16,"MX","PRESERVED_SPECIMEN","Amyris elemifera"
"4174643599","Amyris elemifera",-90.141667,18.508333,1990,12,9,"MX","PRESERVED_SPECIMEN","Amyris elemifera"
"3307784967","Amyris elemifera",-86.9,20.841667,1989,12,5,"MX","PRESERVED_SPECIMEN","Amyris elemifera"
"1893696864","Amyris elemifera",-89.921667,18.538333,1988,3,27,"MX","PRESERVED_SPECIMEN","Amyris elemifera"
"1894680671","Amyris elemifera",-88.391667,18.675,1988,3,27,"MX","PRESERVED_SPECIMEN","Amyris elemifera"
"2629525629","Amyris elemifera",-86.728055,21.221667,1987,1,25,"MX","PRESERVED_SPECIMEN","Amyris elemifera"
"3307770084","Amyris elemifera",-86.726389,21.219444,1987,1,25,"MX","PRESERVED_SPECIMEN","Amyris elemifera"
"2629526587","Amyris elemifera",-87.016667,20.4,1987,1,14,"MX","PRESERVED_SPECIMEN","Amyris elemifera"
"3308357174","Amyris elemifera",-87.003333,20.431389,1987,1,14,"MX","PRESERVED_SPECIMEN","Amyris elemifera"
"1259702217","Amyris elemifera",-86.73,21.23,1987,1,25,"MX","PRESERVED_SPECIMEN","Amyris elemifera"
"1893696881","Amyris elemifera",-86.746667,21.258333,1987,2,25,"MX","PRESERVED_SPECIMEN","Amyris elemifera"
"2629529654","Amyris elemifera",-89.031111,21.299444,1987,4,30,"MX","PRESERVED_SPECIMEN","Amyris elemifera"
"1893696877","Amyris elemifera",-89.035527,21.280553,1987,4,30,"MX","PRESERVED_SPECIMEN","Amyris elemifera"
"3307829325","Amyris elemifera",-86.733333,21.230556,1987,6,25,"MX","PRESERVED_SPECIMEN","Amyris elemifera"
"1421368397","Amyris elemifera",-86.751667,21.258056,1987,6,25,"MX","PRESERVED_SPECIMEN","Amyris elemifera"
"1259664736","Amyris elemifera",-86.73,21.23,1987,6,25,"MX","PRESERVED_SPECIMEN","Amyris elemifera"
"3308458519","Amyris elemifera",-86.710278,21.196667,1987,9,13,"MX","PRESERVED_SPECIMEN","Amyris elemifera"
"2629522519","Amyris elemifera",-86.718611,21.209444,1987,9,13,"MX","PRESERVED_SPECIMEN","Amyris elemifera"
"1893696870","Amyris elemifera",-86.746667,21.258333,1987,9,13,"MX","PRESERVED_SPECIMEN","Amyris elemifera"
"4174642178","Amyris elemifera",-89.758333,18.508333,1987,12,17,"MX","PRESERVED_SPECIMEN","Amyris elemifera"
"1894680646","Amyris elemifera",-86.9939988,20.4411005,1986,1,16,"MX","PRESERVED_SPECIMEN","Amyris elemifera"
"1893696872","Amyris elemifera",-89.123333,21.356667,1986,1,23,"MX","PRESERVED_SPECIMEN","Amyris elemifera"
"3307801012","Amyris elemifera",-87.023611,20.381944,1986,1,14,"MX","PRESERVED_SPECIMEN","Amyris elemifera"
"3307751081","Amyris elemifera",-87.003333,20.431389,1986,1,16,"MX","PRESERVED_SPECIMEN","Amyris elemifera"
"1895472739","Amyris elemifera",-88.7682553,19.9026195,1986,1,16,"MX","PRESERVED_SPECIMEN","Amyris elemifera"
"1895472693","Amyris elemifera",-86.9871657,20.4382147,1986,3,14,"MX","PRESERVED_SPECIMEN","Amyris elemifera"
"1894680652","Amyris elemifera",-86.718333,21.206667,1986,3,5,"MX","PRESERVED_SPECIMEN","Amyris elemifera"
"3308378271","Amyris elemifera",-86.723056,21.210556,1986,3,5,"MX","PRESERVED_SPECIMEN","Amyris elemifera"
"3307746083","Amyris elemifera",-87.003333,20.431389,1986,3,14,"MX","PRESERVED_SPECIMEN","Amyris elemifera"
"1895472731","Amyris elemifera",-86.7204389,21.2113163,1986,3,5,"MX","PRESERVED_SPECIMEN","Amyris elemifera"
"1894680673","Amyris elemifera",-86.9939988,20.4392916,1986,3,14,"MX","PRESERVED_SPECIMEN","Amyris elemifera"
"3308328927","Amyris elemifera",-86.936111,20.313889,1986,3,15,"MX","PRESERVED_SPECIMEN","Amyris elemifera"
"1259675185","Amyris elemifera",-86.73277,21.23472,1986,3,5,"MX","PRESERVED_SPECIMEN","Amyris elemifera"
"1895472747","Amyris elemifera",-87.0181553,20.3681138,1986,5,4,"MX","PRESERVED_SPECIMEN","Amyris elemifera"
"3308367853","Amyris elemifera",-88.174444,21.018889,1986,5,14,"MX","PRESERVED_SPECIMEN","Amyris elemifera"
"2629687691","Amyris elemifera",-87.021389,20.358056,1986,6,4,"MX","PRESERVED_SPECIMEN","Amyris elemifera"
"3307785231","Amyris elemifera",-87.016667,20.355556,1986,6,4,"MX","PRESERVED_SPECIMEN","Amyris elemifera"
"1259678819","Amyris elemifera",-87.01,20.37,1986,6,4,"MX","PRESERVED_SPECIMEN","Amyris elemifera"
"1894680654","Amyris elemifera",-86.7328833,21.2315874,1986,7,10,"MX","PRESERVED_SPECIMEN","Amyris elemifera"
"1895472734","Amyris elemifera",-86.7320873,21.2288375,1986,7,10,"MX","PRESERVED_SPECIMEN","Amyris elemifera"
"1895472703","Amyris elemifera",-88.9072279,17.9670922,1985,5,17,"MX","PRESERVED_SPECIMEN","Amyris elemifera"
"3308337254","Amyris elemifera",-88.905556,17.972222,1985,5,17,"MX","PRESERVED_SPECIMEN","Amyris elemifera"
"1894680667","Amyris elemifera",-86.9876367,20.4552999,1985,5,1,"MX","PRESERVED_SPECIMEN","Amyris elemifera"
"1259678255","Amyris elemifera",-88.87,17.97638,1985,5,17,"MX","PRESERVED_SPECIMEN","Amyris elemifera"
"1896050793","Amyris elemifera",-86.979167,20.294722,1985,6,19,"MX","PRESERVED_SPECIMEN","Amyris elemifera"
"2629521620","Amyris elemifera",-86.996944,20.369444,1985,6,19,"MX","PRESERVED_SPECIMEN","Amyris elemifera"
"3307947798","Amyris elemifera",-86.733,20.6,1985,8,27,"MX","PRESERVED_SPECIMEN","Amyris elemifera"
"4174640800","Amyris elemifera",-86.941667,20.508333,1985,8,27,"MX","PRESERVED_SPECIMEN","Amyris elemifera"
"1421368226","Amyris elemifera",-86.984722,20.325,1985,8,27,"MX","PRESERVED_SPECIMEN","Amyris elemifera"
"3308372987","Amyris elemifera",-87.131944,20.590278,1985,9,21,"MX","PRESERVED_SPECIMEN","Amyris elemifera"
"1894680665","Amyris elemifera",-89.675,21.291667,1985,9,25,"MX","PRESERVED_SPECIMEN","Amyris elemifera"
"3308329062","Amyris elemifera",-89.651389,21.252778,1985,9,25,"MX","PRESERVED_SPECIMEN","Amyris elemifera"
"1896050803","Amyris elemifera",-87.117222,20.610278,1985,9,21,"MX","PRESERVED_SPECIMEN","Amyris elemifera"
"1259239624","Amyris elemifera",-87.12,20.57,1985,9,21,"MX","PRESERVED_SPECIMEN","Amyris elemifera"
"1894680658","Amyris elemifera",-87.6561533,19.7963618,1984,3,3,"MX","PRESERVED_SPECIMEN","Amyris elemifera"
"2629696565","Amyris elemifera",-87.65,19.783333,1984,3,3,"MX","PRESERVED_SPECIMEN","Amyris elemifera"
"3307722398","Amyris elemifera",-87.651389,19.797222,1984,3,3,"MX","PRESERVED_SPECIMEN","Amyris elemifera"
"1894680669","Amyris elemifera",-87.6561533,19.7963618,1984,3,3,"MX","PRESERVED_SPECIMEN","Amyris elemifera"
"3307741666","Amyris elemifera",-87.343056,20.359722,1984,6,27,"MX","PRESERVED_SPECIMEN","Amyris elemifera"
"3308319126","Amyris elemifera",-87.020833,20.391667,1984,6,8,"MX","PRESERVED_SPECIMEN","Amyris elemifera"
"1259793301","Amyris elemifera",-87.33,20.36,1984,6,27,"MX","PRESERVED_SPECIMEN","Amyris elemifera"
"1896050790","Amyris elemifera",-88.863611,17.979722,1984,7,30,"MX","PRESERVED_SPECIMEN","Amyris elemifera"
"3307834379","Amyris elemifera",-88.866667,17.977778,1984,7,4,"MX","PRESERVED_SPECIMEN","Amyris elemifera"
"1894680663","Amyris elemifera",-86.9824163,20.3112525,1984,7,10,"MX","PRESERVED_SPECIMEN","Amyris elemifera"
"3308364029","Amyris elemifera",-86.852222,20.508333,1984,7,20,"MX","PRESERVED_SPECIMEN","Amyris elemifera"
"1259240017","Amyris elemifera",-86.98,20.31,1984,7,10,"MX","PRESERVED_SPECIMEN","Amyris elemifera"
"1259700219","Amyris elemifera",-88.9,17.96,1984,7,30,"MX","PRESERVED_SPECIMEN","Amyris elemifera"
"3308337506","Amyris elemifera",-89.481667,18.513889,1984,8,1,"MX","PRESERVED_SPECIMEN","Amyris elemifera"
"1896050789","Amyris elemifera",-90.755556,19.058333,1983,6,7,"MX","PRESERVED_SPECIMEN","Amyris elemifera"
"1896050805","Amyris elemifera",-87.36,20.340278,1983,6,2,"MX","PRESERVED_SPECIMEN","Amyris elemifera"
"1259699354","Amyris elemifera",-87.36,20.31,1983,6,2,"MX","PRESERVED_SPECIMEN","Amyris elemifera"
"1894680649","Amyris elemifera",-89.6176743,18.5298488,1983,7,12,"MX","PRESERVED_SPECIMEN","Amyris elemifera"
"3307749845","Amyris elemifera",-89.6292,18.5458,1983,7,12,"MX","PRESERVED_SPECIMEN","Amyris elemifera"
"1896050799","Amyris elemifera",-89.673333,18.592222,1983,7,12,"MX","PRESERVED_SPECIMEN","Amyris elemifera"
"1896050791","Amyris elemifera",-87.345556,20.381667,1983,9,24,"MX","PRESERVED_SPECIMEN","Amyris elemifera"
"1259701241","Amyris elemifera",-87.33,20.36,1983,9,24,"MX","PRESERVED_SPECIMEN","Amyris elemifera"
"1259703797","Amyris elemifera",-87.33,20.36,1983,9,24,"MX","PRESERVED_SPECIMEN","Amyris elemifera"
"3323498531","Amyris elemifera",-92.4,16.133333,1982,1,8,"MX","PRESERVED_SPECIMEN","Amyris elemifera"
"1895472698","Amyris elemifera",-88.8828243,17.9535309,1982,5,7,"MX","PRESERVED_SPECIMEN","Amyris elemifera"
"3308342505","Amyris elemifera",-88.881944,17.95,1982,5,7,"MX","PRESERVED_SPECIMEN","Amyris elemifera"
"3308369125","Amyris elemifera",-88.881944,17.95,1982,5,7,"MX","PRESERVED_SPECIMEN","Amyris elemifera"
"3308382462","Amyris elemifera",-88.8875,18.955556,1982,7,31,"MX","PRESERVED_SPECIMEN","Amyris elemifera"
"1896050786","Amyris elemifera",-88.863611,17.979722,1982,8,2,"MX","PRESERVED_SPECIMEN","Amyris elemifera"
"3307626443","Amyris elemifera",-88.8875,17.958333,1982,8,2,"MX","PRESERVED_SPECIMEN","Amyris elemifera"
"1259239064","Amyris elemifera",-88.89,17.96,1982,8,2,"MX","PRESERVED_SPECIMEN","Amyris elemifera"
"1419215837","Amyris elemifera",-94.666667,17.230556,1981,3,23,"MX","PRESERVED_SPECIMEN","Amyris elemifera"
"3307715311","Amyris elemifera",-94.67778,17.23056,1981,3,23,"MX","PRESERVED_SPECIMEN","Amyris elemifera"
"1895472708","Amyris elemifera",-94.677778,17.230556,1981,3,23,"MX","PRESERVED_SPECIMEN","Amyris elemifera"
"1896050794","Amyris elemifera",-94.677778,17.230556,1981,3,23,"MX","PRESERVED_SPECIMEN","Amyris elemifera"
"3323504868","Amyris elemifera",-92.052778,16.159167,1981,3,20,"MX","PRESERVED_SPECIMEN","Amyris elemifera"
"2807332764","Amyris elemifera",-94.67778,17.23056,1981,3,23,"MX","PRESERVED_SPECIMEN","Amyris elemifera"
"2629549113","Amyris elemifera",-94.666667,17.216667,1981,3,23,"MX","PRESERVED_SPECIMEN","Amyris elemifera"
"1259238019","Amyris elemifera",-92.07,16.14,1981,3,20,"MX","PRESERVED_SPECIMEN","Amyris elemifera"
"1259707098","Amyris elemifera",-94.66666,17.23055,1981,3,23,"MX","PRESERVED_SPECIMEN","Amyris elemifera"
"1259240181","Amyris elemifera",-87.33,20.37,1981,4,5,"MX","PRESERVED_SPECIMEN","Amyris elemifera"
"3307678642","Amyris elemifera",-86.875,20.902778,1980,1,7,"MX","PRESERVED_SPECIMEN","Amyris elemifera"
"1896050798","Amyris elemifera",-86.886667,20.899167,1980,1,7,"MX","PRESERVED_SPECIMEN","Amyris elemifera"
"1259238696","Amyris elemifera",-86.87,20.9,1980,1,7,"MX","PRESERVED_SPECIMEN","Amyris elemifera"
"3308252140","Amyris elemifera",-86.927778,20.852778,1980,2,1,"MX","PRESERVED_SPECIMEN","Amyris elemifera"
"1896050795","Amyris elemifera",-86.886667,20.899167,1980,2,1,"MX","PRESERVED_SPECIMEN","Amyris elemifera"
"3307678880","Amyris elemifera",-86.872222,20.934722,1980,2,10,"MX","PRESERVED_SPECIMEN","Amyris elemifera"
"1258608877","Amyris elemifera",-86.87,20.93,1980,2,10,"MX","PRESERVED_SPECIMEN","Amyris elemifera"
"1259239455","Amyris elemifera",-86.95,20.85,1980,2,1,"MX","PRESERVED_SPECIMEN","Amyris elemifera"
"3308260540","Amyris elemifera",-87.016667,20.358333,1980,4,8,"MX","PRESERVED_SPECIMEN","Amyris elemifera"
"3323494906","Amyris elemifera",-92.052778,16.159167,1980,11,19,"MX","PRESERVED_SPECIMEN","Amyris elemifera"
"3323493660","Amyris elemifera",-92.966667,16.758333,1980,12,22,"MX","PRESERVED_SPECIMEN","Amyris elemifera"
"3323495810","Amyris elemifera",-92.052778,16.159167,1980,12,27,"MX","PRESERVED_SPECIMEN","Amyris elemifera"
"1896050808","Amyris elemifera",-92.218889,16.269167,1980,12,27,"MX","PRESERVED_SPECIMEN","Amyris elemifera"
"1895472727","Amyris elemifera",-92.196758,16.185664,1980,12,27,"MX","PRESERVED_SPECIMEN","Amyris elemifera"
"1896050801","Amyris elemifera",-93.009722,16.683889,1980,12,22,"MX","PRESERVED_SPECIMEN","Amyris elemifera"
"1259632709","Amyris elemifera",-92.07,16.14,1980,12,27,"MX","PRESERVED_SPECIMEN","Amyris elemifera"
"3308515356","Amyris elemifera",-89.29389,19.02444,1977,6,25,"MX","PRESERVED_SPECIMEN","Amyris elemifera"
"1895472689","Amyris elemifera",-92.9771745,16.7309884,1976,8,20,"MX","PRESERVED_SPECIMEN","Amyris elemifera"
"1896050788","Amyris elemifera",-93.009722,16.683889,1976,8,20,"MX","PRESERVED_SPECIMEN","Amyris elemifera"
"3323493324","Amyris elemifera",-92.966667,16.758333,1976,8,20,"MX","PRESERVED_SPECIMEN","Amyris elemifera"
"3323495022","Amyris elemifera",-92.4,16.433333,1976,10,30,"MX","PRESERVED_SPECIMEN","Amyris elemifera"
"1258608798","Amyris elemifera",-92.375,16.393611,1976,10,30,"MX","PRESERVED_SPECIMEN","Amyris elemifera"
"3323498387","Amyris elemifera",-92.016667,16.016667,1976,12,8,"MX","PRESERVED_SPECIMEN","Amyris elemifera"
"1259238558","Amyris elemifera",-92.050833,16.045,1976,12,8,"MX","PRESERVED_SPECIMEN","Amyris elemifera"
"2629532879","Amyris elemifera",-94.613496,17.257032,1975,1,25,"MX","PRESERVED_SPECIMEN","Amyris elemifera"
"1893309438","Amyris elemifera",-94.613333,17.256389,1974,5,6,"MX","PRESERVED_SPECIMEN","Amyris elemifera"
"1896050797","Amyris elemifera",-94.68,17.258056,1974,5,6,"MX","PRESERVED_SPECIMEN","Amyris elemifera"
"3308222345","Amyris elemifera",-94.633,17.3,1974,5,6,"MX","PRESERVED_SPECIMEN","Amyris elemifera"
"3307657950","Amyris elemifera",-94.633,17.3,1974,5,6,"MX","PRESERVED_SPECIMEN","Amyris elemifera"
"2629716508","Amyris elemifera",-94.623611,17.263611,1974,5,6,"MX","PRESERVED_SPECIMEN","Amyris elemifera"
"2859556382","Amyris elemifera",-94.61278,17.2525,1974,8,17,"MX","PRESERVED_SPECIMEN","Amyris elemifera"
"2629734181","Amyris elemifera",-94.612778,17.2525,1974,8,17,"MX","PRESERVED_SPECIMEN","Amyris elemifera"
"3323499653","Amyris elemifera",-93.083333,16.523611,1972,10,3,"MX","PRESERVED_SPECIMEN","Amyris elemifera"
"3323500462","Amyris elemifera",-93.9,16.333333,1972,10,4,"MX","PRESERVED_SPECIMEN","Amyris elemifera"
"3323494379","Amyris elemifera",-93.566667,16.85,1972,10,15,"MX","PRESERVED_SPECIMEN","Amyris elemifera"
"1895472713","Amyris elemifera",-93.0938467,16.5010554,1972,10,3,"MX","PRESERVED_SPECIMEN","Amyris elemifera"
"1701754687","Amyris elemifera",-92.5,16.5,1972,10,3,"MX","PRESERVED_SPECIMEN","Amyris elemifera"
"1895472744","Amyris elemifera",-93.8753867,16.3298258,1972,10,4,"MX","PRESERVED_SPECIMEN","Amyris elemifera"
"1896050804","Amyris elemifera",-93.111389,16.477778,1972,10,3,"MX","PRESERVED_SPECIMEN","Amyris elemifera"
"1259825926","Amyris elemifera",-93.87,16.32,1972,10,4,"MX","PRESERVED_SPECIMEN","Amyris elemifera"
"1259827053","Amyris elemifera",-93.084167,16.509444,1972,10,3,"MX","PRESERVED_SPECIMEN","Amyris elemifera"
"3307627226","Amyris elemifera",-90.797222,18.612222,1966,1,NA,"MX","PRESERVED_SPECIMEN","Amyris elemifera"
"3307624204","Amyris elemifera",-90.797222,18.612222,1965,12,NA,"MX","PRESERVED_SPECIMEN","Amyris elemifera"
"3308225866","Amyris elemifera",-89.277778,21.151389,1956,1,15,"MX","PRESERVED_SPECIMEN","Amyris elemifera"
"3323495882","Amyris elemifera",-93.754167,16.088889,1949,9,20,"MX","PRESERVED_SPECIMEN","Amyris elemifera"
"1895472718","Amyris elemifera",-92.2849365,15.7424859,1945,5,29,"MX","PRESERVED_SPECIMEN","Amyris elemifera"
"1895472723","Amyris elemifera",-92.2849365,15.7424859,1945,5,29,"MX","PRESERVED_SPECIMEN","Amyris elemifera"
"2629762566","Amyris elemifera",-96.75,19.25,1906,11,NA,"MX","PRESERVED_SPECIMEN","Amyris elemifera"
"1895084771","Amyris elemifera",-89.89,21.158056,NA,NA,NA,"MX","HUMAN_OBSERVATION","Amyris elemifera"
"3308438078","Amyris elemifera",-87.7319,20.49167,NA,NA,NA,"MX","PRESERVED_SPECIMEN","Amyris elemifera"
"1895084807","Amyris elemifera",-89.89,21.158056,NA,NA,NA,"MX","HUMAN_OBSERVATION","Amyris elemifera"
"1895084778","Amyris elemifera",-89.89,21.158056,NA,NA,NA,"MX","HUMAN_OBSERVATION","Amyris elemifera"
"1895084696","Amyris elemifera",-89.89,21.158056,NA,NA,NA,"MX","HUMAN_OBSERVATION","Amyris elemifera"
"1895084790","Amyris elemifera",-89.89,21.158056,NA,NA,NA,"MX","HUMAN_OBSERVATION","Amyris elemifera"
"1895084840","Amyris elemifera",-89.859167,19.2175,NA,NA,NA,"MX","HUMAN_OBSERVATION","Amyris elemifera"
"1895084732","Amyris elemifera",-89.89,21.158056,NA,NA,NA,"MX","HUMAN_OBSERVATION","Amyris elemifera"
"4510410632","Amyris elemifera",-80.596464,24.949983,2024,1,5,"US","HUMAN_OBSERVATION","Amyris elemifera"
"4516395859","Amyris elemifera",-80.82045,24.814822,2024,1,18,"US","HUMAN_OBSERVATION","Amyris elemifera"
"4075698933","Amyris elemifera",-80.211381,25.195665,2023,2,24,"US","HUMAN_OBSERVATION","Amyris elemifera"
"4067731421","Amyris elemifera",-81.521764,24.759299,2023,2,24,"US","HUMAN_OBSERVATION","Amyris elemifera"
"4076196307","Amyris elemifera",-80.312935,25.25333,2023,3,31,"US","HUMAN_OBSERVATION","Amyris elemifera"
"4076111466","Amyris elemifera",-80.3142,25.253508,2023,4,1,"US","HUMAN_OBSERVATION","Amyris elemifera"
"4076127773","Amyris elemifera",-80.184578,27.158406,2023,4,3,"US","HUMAN_OBSERVATION","Amyris elemifera"
"4103314597","Amyris elemifera",-80.038178,26.820063,2023,4,29,"US","HUMAN_OBSERVATION","Amyris elemifera"
"4116223629","Amyris elemifera",-80.827263,28.930272,2023,5,12,"US","HUMAN_OBSERVATION","Amyris elemifera"
"4153604879","Amyris elemifera",-80.364399,25.179212,2023,7,4,"US","HUMAN_OBSERVATION","Amyris elemifera"
"4413612975","Amyris elemifera",-80.289845,25.772422,2023,8,24,"US","HUMAN_OBSERVATION","Amyris elemifera"
"4405343138","Amyris elemifera",-80.406328,25.125158,2023,8,24,"US","HUMAN_OBSERVATION","Amyris elemifera"
"4414015720","Amyris elemifera",-80.104304,26.142899,2023,9,11,"US","HUMAN_OBSERVATION","Amyris elemifera"
"4507799255","Amyris elemifera",-80.220698,25.317038,2023,11,12,"US","HUMAN_OBSERVATION","Amyris elemifera"
"4512093256","Amyris elemifera",-80.814287,28.906947,2023,12,21,"US","HUMAN_OBSERVATION","Amyris elemifera"
"3466254418","Amyris elemifera",-80.998997,24.740929,2022,1,23,"US","HUMAN_OBSERVATION","Amyris elemifera"
"3712504715","Amyris elemifera",-80.105469,26.138997,2022,3,5,"US","HUMAN_OBSERVATION","Amyris elemifera"
"3712399961","Amyris elemifera",-80.393197,25.144417,2022,3,7,"US","HUMAN_OBSERVATION","Amyris elemifera"
"3743009814","Amyris elemifera",-80.407897,25.126892,2022,3,12,"US","HUMAN_OBSERVATION","Amyris elemifera"
"3743364462","Amyris elemifera",-80.104347,26.144545,2022,3,17,"US","HUMAN_OBSERVATION","Amyris elemifera"
"3760220402","Amyris elemifera",-80.296813,25.277475,2022,4,9,"US","HUMAN_OBSERVATION","Amyris elemifera"
"3772805801","Amyris elemifera",-80.595442,24.950503,2022,4,29,"US","HUMAN_OBSERVATION","Amyris elemifera"
"3773124827","Amyris elemifera",-80.407722,25.12577,2022,4,30,"US","HUMAN_OBSERVATION","Amyris elemifera"
"3773213401","Amyris elemifera",-80.327494,25.215756,2022,4,30,"US","HUMAN_OBSERVATION","Amyris elemifera"
"3785103595","Amyris elemifera",-80.183875,27.15775,2022,5,18,"US","HUMAN_OBSERVATION","Amyris elemifera"
"4061932960","Amyris elemifera",-81.772778,26.107222,2022,7,11,"US","PRESERVED_SPECIMEN","Amyris elemifera"
"3902412460","Amyris elemifera",-80.356536,25.191481,2022,8,18,"US","HUMAN_OBSERVATION","Amyris elemifera"
"3902740816","Amyris elemifera",-80.104384,26.142693,2022,8,28,"US","HUMAN_OBSERVATION","Amyris elemifera"
"3903167323","Amyris elemifera",-80.1436,27.120492,2022,9,4,"US","HUMAN_OBSERVATION","Amyris elemifera"
"4011524003","Amyris elemifera",-80.280302,25.74919,2022,12,29,"US","HUMAN_OBSERVATION","Amyris elemifera"
"3039233829","Amyris elemifera",-80.820492,24.814859,2021,2,8,"US","HUMAN_OBSERVATION","Amyris elemifera"
"3044801286","Amyris elemifera",-80.820678,24.814713,2021,2,23,"US","HUMAN_OBSERVATION","Amyris elemifera"
"3112711747","Amyris elemifera",-80.407714,25.126677,2021,4,30,"US","HUMAN_OBSERVATION","Amyris elemifera"
"3338084054","Amyris elemifera",-80.609501,24.939678,2021,4,30,"US","HUMAN_OBSERVATION","Amyris elemifera"
"3302149758","Amyris elemifera",-80.339583,25.21148,2021,6,8,"US","HUMAN_OBSERVATION","Amyris elemifera"
"3456383018","Amyris elemifera",-80.378678,25.753467,2021,8,31,"US","HUMAN_OBSERVATION","Amyris elemifera"
"3398923424","Amyris elemifera",-80.998285,24.741611,2021,10,28,"US","HUMAN_OBSERVATION","Amyris elemifera"
"3407983670","Amyris elemifera",-80.968913,24.734191,2021,10,28,"US","HUMAN_OBSERVATION","Amyris elemifera"
"3416125802","Amyris elemifera",-81.321156,24.696628,2021,11,17,"US","HUMAN_OBSERVATION","Amyris elemifera"
"3415745339","Amyris elemifera",-80.408775,25.125309,2021,11,24,"US","HUMAN_OBSERVATION","Amyris elemifera"
"3712601149","Amyris elemifera",-81.321242,24.696215,2021,11,17,"US","HUMAN_OBSERVATION","Amyris elemifera"
"3456597981","Amyris elemifera",-80.82695,28.930203,2021,12,1,"US","HUMAN_OBSERVATION","Amyris elemifera"
"2550087148","Amyris elemifera",-80.955482,24.766364,2020,1,3,"US","HUMAN_OBSERVATION","Amyris elemifera"
"2550135186","Amyris elemifera",-80.818397,28.917058,2020,1,3,"US","HUMAN_OBSERVATION","Amyris elemifera"
"2634329056","Amyris elemifera",-80.297844,25.298072,2020,6,1,"US","HUMAN_OBSERVATION","Amyris elemifera"
"2850606168","Amyris elemifera",-80.183456,27.157306,2020,8,3,"US","HUMAN_OBSERVATION","Amyris elemifera"
"2860189201","Amyris elemifera",-80.184425,27.161878,2020,9,1,"US","HUMAN_OBSERVATION","Amyris elemifera"
"2963916151","Amyris elemifera",-80.821974,24.814207,2020,10,28,"US","HUMAN_OBSERVATION","Amyris elemifera"
"2988525875","Amyris elemifera",-80.823052,24.816106,2020,11,23,"US","HUMAN_OBSERVATION","Amyris elemifera"
"3008495061","Amyris elemifera",-81.491653,24.663087,2020,12,24,"US","HUMAN_OBSERVATION","Amyris elemifera"
"3008396142","Amyris elemifera",-81.572533,24.760648,2020,12,15,"US","HUMAN_OBSERVATION","Amyris elemifera"
"2234771155","Amyris elemifera",-80.103783,26.144938,2019,1,4,"US","HUMAN_OBSERVATION","Amyris elemifera"
"2251837796","Amyris elemifera",-80.405693,25.125067,2019,4,28,"US","HUMAN_OBSERVATION","Amyris elemifera"
"2423030013","Amyris elemifera",-80.82,24.815001,2019,9,11,"US","HUMAN_OBSERVATION","Amyris elemifera"
"2423025672","Amyris elemifera",-80.821945,24.813889,2019,9,11,"US","HUMAN_OBSERVATION","Amyris elemifera"
"2540781808","Amyris elemifera",-81.321195,24.696414,2019,12,20,"US","HUMAN_OBSERVATION","Amyris elemifera"
"2540890726","Amyris elemifera",-80.370364,25.392396,2019,12,20,"US","HUMAN_OBSERVATION","Amyris elemifera"
"4176977395","Amyris elemifera",-80.563428,24.929663,2019,12,28,"US","HUMAN_OBSERVATION","Amyris elemifera"
"2529313030","Amyris elemifera",-80.456914,27.875525,2018,6,29,"US","HUMAN_OBSERVATION","Amyris elemifera"
"3044831367","Amyris elemifera",-80.234428,25.399,2018,11,10,"US","HUMAN_OBSERVATION","Amyris elemifera"
"3070606349","Amyris elemifera",-80.234245,25.397792,2017,4,28,"US","HUMAN_OBSERVATION","Amyris elemifera"
"1503285084","Amyris elemifera",-80.3985,27.7498,2016,2,24,"US","PRESERVED_SPECIMEN","Amyris elemifera"
"2005422724","Amyris elemifera",-80.398535,27.74976,2016,2,24,"US","PRESERVED_SPECIMEN","Amyris elemifera"
"1986631591","Amyris elemifera",-80.356536,25.191408,2016,3,14,"US","HUMAN_OBSERVATION","Amyris elemifera"
"122899655","Amyris elemifera",-81.3542,24.6694,2000,1,22,"US","PRESERVED_SPECIMEN","Amyris elemifera"
"1503243928","Amyris elemifera",-82.3666,28.1635,2000,9,7,"US","PRESERVED_SPECIMEN","Amyris elemifera"
"122899492","Amyris elemifera",-80.6679,24.9844,2000,9,7,"US","PRESERVED_SPECIMEN","Amyris elemifera"
"3314100435","Amyris elemifera",-80.3398,25.2135,1999,6,17,"US","PRESERVED_SPECIMEN","Amyris elemifera"
"122899656","Amyris elemifera",-81.3542,24.6694,1999,10,11,"US","PRESERVED_SPECIMEN","Amyris elemifera"
"1503234971","Amyris elemifera",-80.1847,27.1578,1998,6,8,"US","PRESERVED_SPECIMEN","Amyris elemifera"
"122900337","Amyris elemifera",-80.3985,27.0816,1998,6,8,"US","PRESERVED_SPECIMEN","Amyris elemifera"
"122900219","Amyris elemifera",-80.3985,27.0816,1997,12,9,"US","PRESERVED_SPECIMEN","Amyris elemifera"
"122900125","Amyris elemifera",-80.6679,24.9844,1996,4,3,"US","PRESERVED_SPECIMEN","Amyris elemifera"
"1503247759","Amyris elemifera",-81.3328,24.6403,1993,1,10,"US","PRESERVED_SPECIMEN","Amyris elemifera"
"1457762426","Amyris elemifera",-81.332778,24.640278,1993,1,10,"US","PRESERVED_SPECIMEN","Amyris elemifera"
"122899532","Amyris elemifera",-81.3328,24.6403,1993,1,10,"US","PRESERVED_SPECIMEN","Amyris elemifera"
"2430684446","Amyris elemifera",-81.387839,24.654296,1993,11,9,"US","PRESERVED_SPECIMEN","Amyris elemifera"
"4153093021","Amyris elemifera",-81.04393,25.522516,1993,11,9,"US","PRESERVED_SPECIMEN","Amyris elemifera"
"1260808045","Amyris elemifera",-80.226439,25.788969,1989,7,31,"US","PRESERVED_SPECIMEN","Amyris elemifera"
"1503216111","Amyris elemifera",-81.9667,27.8333,1985,9,26,"US","PRESERVED_SPECIMEN","Amyris elemifera"
"122899984","Amyris elemifera",-80.4456,27.3809,1985,9,26,"US","PRESERVED_SPECIMEN","Amyris elemifera"
"2573001165","Amyris elemifera",-80.826996,28.930821,1983,3,18,"US","PRESERVED_SPECIMEN","Amyris elemifera"
"4153069255","Amyris elemifera",-81.161794,29.046034,1983,4,9,"US","PRESERVED_SPECIMEN","Amyris elemifera"
"122899958","Amyris elemifera",-80.4365,26.6476,1983,9,28,"US","PRESERVED_SPECIMEN","Amyris elemifera"
"122899956","Amyris elemifera",-80.6679,24.9844,1982,11,27,"US","PRESERVED_SPECIMEN","Amyris elemifera"
"122899884","Amyris elemifera",-80.6679,24.9844,1979,5,9,"US","PRESERVED_SPECIMEN","Amyris elemifera"
"122899885","Amyris elemifera",-80.6679,24.9844,1979,7,4,"US","PRESERVED_SPECIMEN","Amyris elemifera"
"122899892","Amyris elemifera",-80.6679,24.9844,1979,9,16,"US","PRESERVED_SPECIMEN","Amyris elemifera"
"1503186193","Amyris elemifera",-80.4931,27.8359,1978,11,26,"US","PRESERVED_SPECIMEN","Amyris elemifera"
"1503178180","Amyris elemifera",-80.8167,26.6833,1976,5,21,"US","PRESERVED_SPECIMEN","Amyris elemifera"
"2573000666","Amyris elemifera",-80.299774,25.339507,1975,6,29,"US","PRESERVED_SPECIMEN","Amyris elemifera"
"1503177827","Amyris elemifera",-80.4458,27.8164,1975,7,26,"US","PRESERVED_SPECIMEN","Amyris elemifera"
"3978738519","Amyris elemifera",-80.202268,27.199493,1975,10,15,"US","PRESERVED_SPECIMEN","Amyris elemifera"
"1503222750","Amyris elemifera",-85.678,30.5999,1974,2,8,"US","PRESERVED_SPECIMEN","Amyris elemifera"
"1503200878","Amyris elemifera",-85.678,30.5999,1974,2,8,"US","PRESERVED_SPECIMEN","Amyris elemifera"
"1503174116","Amyris elemifera",-82.7873,27.9095,1974,12,17,"US","PRESERVED_SPECIMEN","Amyris elemifera"
"4153075348","Amyris elemifera",-81.04393,25.522516,1974,12,17,"US","PRESERVED_SPECIMEN","Amyris elemifera"
"1503222446","Amyris elemifera",-82.7395,28.1878,1972,4,3,"US","PRESERVED_SPECIMEN","Amyris elemifera"
"1503172815","Amyris elemifera",-85.6667,30.6,1972,7,6,"US","PRESERVED_SPECIMEN","Amyris elemifera"
"122899401","Amyris elemifera",-80.4987,25.609,1971,6,3,"US","PRESERVED_SPECIMEN","Amyris elemifera"
"122899668","Amyris elemifera",-80.4987,25.609,1971,8,29,"US","PRESERVED_SPECIMEN","Amyris elemifera"
"1896050807","Amyris elemifera",-81.354444,24.669722,1970,3,28,"US","PRESERVED_SPECIMEN","Amyris elemifera"
"122900339","Amyris elemifera",-80.6679,24.9844,1970,4,2,"US","PRESERVED_SPECIMEN","Amyris elemifera"
"122899459","Amyris elemifera",-80.6679,24.9844,1970,4,1,"US","PRESERVED_SPECIMEN","Amyris elemifera"
"1503310534","Amyris elemifera",-82.7873,27.9095,1969,5,17,"US","PRESERVED_SPECIMEN","Amyris elemifera"
"1503311920","Amyris elemifera",-82.4507,28.0054,1969,10,4,"US","PRESERVED_SPECIMEN","Amyris elemifera"
"122899749","Amyris elemifera",-80.6679,24.9844,1968,1,4,"US","PRESERVED_SPECIMEN","Amyris elemifera"
"122899764","Amyris elemifera",-80.6679,24.9844,1968,7,6,"US","PRESERVED_SPECIMEN","Amyris elemifera"
"1503309660","Amyris elemifera",-85.678,30.5999,1968,11,23,"US","PRESERVED_SPECIMEN","Amyris elemifera"
"1503303202","Amyris elemifera",-83.5833,30.0833,1966,4,19,"US","PRESERVED_SPECIMEN","Amyris elemifera"
"1503304149","Amyris elemifera",-80.5523,24.9762,1966,7,9,"US","PRESERVED_SPECIMEN","Amyris elemifera"
"1503305081","Amyris elemifera",-85.678,30.5999,1966,10,9,"US","PRESERVED_SPECIMEN","Amyris elemifera"
"4153108015","Amyris elemifera",-81.161794,29.046034,1966,10,9,"US","PRESERVED_SPECIMEN","Amyris elemifera"
"1503300994","Amyris elemifera",-80.6081,28.0836,1965,5,22,"US","PRESERVED_SPECIMEN","Amyris elemifera"
"1503302189","Amyris elemifera",-83.0333,29.3667,1965,10,22,"US","PRESERVED_SPECIMEN","Amyris elemifera"
"1503282968","Amyris elemifera",-82.7873,27.9095,1964,4,2,"US","PRESERVED_SPECIMEN","Amyris elemifera"
"1503299044","Amyris elemifera",-80.4458,27.8164,1964,10,17,"US","PRESERVED_SPECIMEN","Amyris elemifera"
"1503299322","Amyris elemifera",-80.4458,27.8164,1964,12,31,"US","PRESERVED_SPECIMEN","Amyris elemifera"
"1503296541","Amyris elemifera",-82.7873,27.9095,1963,8,19,"US","PRESERVED_SPECIMEN","Amyris elemifera"
"1503294200","Amyris elemifera",-82.7873,27.9095,1962,10,13,"US","PRESERVED_SPECIMEN","Amyris elemifera"
"1503294207","Amyris elemifera",-82.7873,27.9095,1962,10,13,"US","PRESERVED_SPECIMEN","Amyris elemifera"
"4153114881","Amyris elemifera",-81.04393,25.522516,1962,10,13,"US","PRESERVED_SPECIMEN","Amyris elemifera"
"4153096254","Amyris elemifera",-81.04393,25.522516,1962,10,13,"US","PRESERVED_SPECIMEN","Amyris elemifera"
"4153031728","Amyris elemifera",-81.04393,25.522516,1962,11,17,"US","PRESERVED_SPECIMEN","Amyris elemifera"
"2412539627","Amyris elemifera",-81.353244,24.672643,1961,12,20,"US","PRESERVED_SPECIMEN","Amyris elemifera"
"4153050411","Amyris elemifera",-81.04393,25.522516,1960,1,29,"US","PRESERVED_SPECIMEN","Amyris elemifera"
"1503184880","Amyris elemifera",-80.6387,24.9143,1957,9,5,"US","PRESERVED_SPECIMEN","Amyris elemifera"
"2517615169","Amyris elemifera",-80.44728,25.086515,1956,1,NA,"US","PRESERVED_SPECIMEN","Amyris elemifera"
"1990243684","Amyris elemifera",-81.369748,24.689687,1954,9,1,"US","PRESERVED_SPECIMEN","Amyris elemifera"
"4153087208","Amyris elemifera",-81.04393,25.522516,1954,9,3,"US","PRESERVED_SPECIMEN","Amyris elemifera"
"4153110300","Amyris elemifera",-81.04393,25.522516,1954,9,1,"US","PRESERVED_SPECIMEN","Amyris elemifera"
"122900448","Amyris elemifera",-80.6679,24.9844,1952,3,13,"US","PRESERVED_SPECIMEN","Amyris elemifera"
"122900447","Amyris elemifera",-80.6679,24.9844,1951,11,24,"US","PRESERVED_SPECIMEN","Amyris elemifera"
"1990243674","Amyris elemifera",-81.369748,24.689687,1950,4,25,"US","PRESERVED_SPECIMEN","Amyris elemifera"
"122900456","Amyris elemifera",-80.6679,24.9844,1941,1,12,"US","PRESERVED_SPECIMEN","Amyris elemifera"
"122900451","Amyris elemifera",-80.7012,28.3003,1939,3,11,"US","PRESERVED_SPECIMEN","Amyris elemifera"
"1990243671","Amyris elemifera",-80.476683,26.193535,1937,2,24,"US","PRESERVED_SPECIMEN","Amyris elemifera"
"1990243695","Amyris elemifera",-80.476683,26.193535,1937,2,24,"US","PRESERVED_SPECIMEN","Amyris elemifera"
"122900460","Amyris elemifera",-80.4559,26.1519,1937,2,13,"US","PRESERVED_SPECIMEN","Amyris elemifera"
"122900457","Amyris elemifera",-80.4559,26.1519,1937,2,13,"US","PRESERVED_SPECIMEN","Amyris elemifera"
"122900450","Amyris elemifera",-80.4559,26.1519,1937,2,24,"US","PRESERVED_SPECIMEN","Amyris elemifera"
"768792471","Amyris elemifera",-80.20833,26.19888,1937,2,13,"US","PRESERVED_SPECIMEN","Amyris elemifera"
"768792472","Amyris elemifera",-80.20833,26.19888,1937,2,24,"US","PRESERVED_SPECIMEN","Amyris elemifera"
"4153040360","Amyris elemifera",-81.04393,25.522516,1937,2,18,"US","PRESERVED_SPECIMEN","Amyris elemifera"
"122900454","Amyris elemifera",-80.6679,24.9844,1937,3,6,"US","PRESERVED_SPECIMEN","Amyris elemifera"
"768792474","Amyris elemifera",-80.44722,25.08638,1937,3,6,"US","PRESERVED_SPECIMEN","Amyris elemifera"
"122900461","Amyris elemifera",-80.6679,24.9844,1936,4,4,"US","PRESERVED_SPECIMEN","Amyris elemifera"
"122900452","Amyris elemifera",-80.6679,24.9844,1936,12,30,"US","PRESERVED_SPECIMEN","Amyris elemifera"
"122899856","Amyris elemifera",-80.6679,24.9844,1936,12,30,"US","PRESERVED_SPECIMEN","Amyris elemifera"
"122900455","Amyris elemifera",-80.6679,24.9844,1936,12,30,"US","PRESERVED_SPECIMEN","Amyris elemifera"
"768792473","Amyris elemifera",-80.44722,25.08638,1936,12,30,"US","PRESERVED_SPECIMEN","Amyris elemifera"
"122900459","Amyris elemifera",-80.4559,26.1519,1934,11,17,"US","PRESERVED_SPECIMEN","Amyris elemifera"
"122900449","Amyris elemifera",-80.4559,26.1519,1934,11,17,"US","PRESERVED_SPECIMEN","Amyris elemifera"
"768792475","Amyris elemifera",-80.14333,26.12222,1934,11,17,"US","PRESERVED_SPECIMEN","Amyris elemifera"
"122900453","Amyris elemifera",-80.6679,24.9844,1930,2,15,"US","PRESERVED_SPECIMEN","Amyris elemifera"
"1503278585","Amyris elemifera",-82.4559,27.9658,1929,9,13,"US","PRESERVED_SPECIMEN","Amyris elemifera"
"1503278593","Amyris elemifera",-80.6387,24.9143,1929,9,13,"US","PRESERVED_SPECIMEN","Amyris elemifera"
"122900458","Amyris elemifera",-80.4365,26.6476,1915,1,15,"US","PRESERVED_SPECIMEN","Amyris elemifera"
"1897836674","Amyris elemifera",-80.3765,27.668333,NA,NA,NA,"US","PRESERVED_SPECIMEN","Amyris elemifera"
