"gbifID","species","longitude","latitude","year","month","day","countryCode","accepted_name"
"3872932910","Anethum graveolens",-79.403408,43.649909,2022,7,3,"CA","Anethum graveolens"
"3888893605","Anethum graveolens",-67.059403,45.082323,2022,8,1,"CA","Anethum graveolens"
"3902308694","Anethum graveolens",-73.614812,45.53961,2022,8,4,"CA","Anethum graveolens"
"3902578299","Anethum graveolens",-114.128071,51.651599,2022,8,21,"CA","Anethum graveolens"
"3911971527","Anethum graveolens",-97.135717,49.887634,2022,8,25,"CA","Anethum graveolens"
"3325788461","Anethum graveolens",-79.89979,43.285323,2021,6,9,"CA","Anethum graveolens"
"3335142755","Anethum graveolens",-123.053385,49.024455,2021,7,30,"CA","Anethum graveolens"
"3408119474","Anethum graveolens",-106.667162,52.289985,2021,7,5,"CA","Anethum graveolens"
"3343994453","Anethum graveolens",-79.597058,43.667577,2021,8,23,"CA","Anethum graveolens"
"2814120610","Anethum graveolens",-79.430592,43.662862,2020,6,30,"CA","Anethum graveolens"
"2818530425","Anethum graveolens",-73.763679,45.544429,2020,6,14,"CA","Anethum graveolens"
"2818727164","Anethum graveolens",-79.649983,43.504832,2020,7,13,"CA","Anethum graveolens"
"2826213953","Anethum graveolens",-107.214672,52.188986,2020,7,25,"CA","Anethum graveolens"
"2818512341","Anethum graveolens",-93.830543,51.067662,2019,6,23,"CA","Anethum graveolens"
"2422874648","Anethum graveolens",-79.287389,43.703632,2019,8,13,"CA","Anethum graveolens"
"2641415317","Anethum graveolens",-79.884755,43.232913,2018,6,22,"CA","Anethum graveolens"
"1986503520","Anethum graveolens",-123.780986,49.482579,2018,8,5,"CA","Anethum graveolens"
"3813141336","Anethum graveolens",-73.568252,45.510917,2017,10,9,"CA","Anethum graveolens"
"3414086388","Anethum graveolens",-123.116833,49.332944,2016,8,4,"CA","Anethum graveolens"
"1949646001","Anethum graveolens",-123.471111,48.418611,2007,6,19,"CA","Anethum graveolens"
"1949645570","Anethum graveolens",-124.832222,49.262778,2007,9,6,"CA","Anethum graveolens"
"1988186208","Anethum graveolens",-122.95,49.266667,1991,9,5,"CA","Anethum graveolens"
"2251588705","Anethum graveolens",-122,49,1991,9,5,"CA","Anethum graveolens"
"3348377412","Anethum graveolens",-122,49,1991,9,5,"CA","Anethum graveolens"
"1455165228","Anethum graveolens",-73.133333,45.083333,1983,7,31,"CA","Anethum graveolens"
"1262009415","Anethum graveolens",-73.664235,45.109641,1982,8,3,"CA","Anethum graveolens"
"668743381","Anethum graveolens",-71.222222,46.802222,1980,6,24,"CA","Anethum graveolens"
"668743380","Anethum graveolens",-71.275,46.784722,1980,9,26,"CA","Anethum graveolens"
"1988199485","Anethum graveolens",-120.05,51.666667,1980,9,16,"CA","Anethum graveolens"
"1261954785","Anethum graveolens",-74.025,45.494722,1956,6,25,"CA","Anethum graveolens"
"1703289735","Anethum graveolens",-96.2175,50.5663889990748,1946,9,16,"CA","Anethum graveolens"
"1703289759","Anethum graveolens",-96.2175,50.5663889990748,1946,9,16,"CA","Anethum graveolens"
"2250593251","Anethum graveolens",-80.2503,43.5485,1909,1,26,"CA","Anethum graveolens"
"3348840879","Anethum graveolens",-80.25,43.549999,1909,1,26,"CA","Anethum graveolens"
"2250592823","Anethum graveolens",-80.2503,43.5485,NA,NA,NA,"CA","Anethum graveolens"
"3348783198","Anethum graveolens",-80.25,43.549999,NA,NA,NA,"CA","Anethum graveolens"
"3873562779","Anethum graveolens",-99.125168,19.588739,2022,6,25,"MX","Anethum graveolens"
"3785768687","Anethum graveolens",-99.194237,19.318728,2021,10,8,"MX","Anethum graveolens"
"2268872230","Anethum graveolens",-93.096167,17.179806,2014,11,30,"MX","Anethum graveolens"
"3308140574","Anethum graveolens",-93.0962,17.17981,2014,11,30,"MX","Anethum graveolens"
"2629766050","Anethum graveolens",-92.162,16.222167,2010,4,12,"MX","Anethum graveolens"
"3308584325","Anethum graveolens",-96.30028,16.30167,1997,2,8,"MX","Anethum graveolens"
"1893591127","Anethum graveolens",-109.141667,26.558333,1994,3,17,"MX","Anethum graveolens"
"2270477914","Anethum graveolens",-109.133,26.55,1994,3,17,"MX","Anethum graveolens"
"1895474244","Anethum graveolens",-100.561111,24.969719,1989,7,3,"MX","Anethum graveolens"
"1418342475","Anethum graveolens",-95.241667,16.991667,1986,6,29,"MX","Anethum graveolens"
"1893723897","Anethum graveolens",-96.825,19.535,1981,4,3,"MX","Anethum graveolens"
"2629555797","Anethum graveolens",-96.944167,19.513056,1981,4,3,"MX","Anethum graveolens"
"2629527836","Anethum graveolens",-91.253889,17.015556,1976,11,26,"MX","Anethum graveolens"
"2629707216","Anethum graveolens",-96.559167,19.403611,1970,4,26,"MX","Anethum graveolens"
"2629697953","Anethum graveolens",-95.75,17.916667,1969,4,11,"MX","Anethum graveolens"
"1259663618","Anethum graveolens",-101.194722,19.704722,1909,4,1,"MX","Anethum graveolens"
"1228193803","Anethum graveolens",-96.9025,19.4994,NA,NA,NA,"MX","Anethum graveolens"
"1260876676","Anethum graveolens",-92.5,16.5,NA,NA,NA,"MX","Anethum graveolens"
"1894895151","Anethum graveolens",-97.741667,21.941667,NA,NA,NA,"MX","Anethum graveolens"
"3759681721","Anethum graveolens",-83.214206,33.000908,2022,4,2,"US","Anethum graveolens"
"3759764486","Anethum graveolens",-85.50132,32.604197,2022,4,10,"US","Anethum graveolens"
"3760001740","Anethum graveolens",-99.128459,26.566955,2022,4,12,"US","Anethum graveolens"
"3772840917","Anethum graveolens",-97.788004,26.008343,2022,5,1,"US","Anethum graveolens"
"3784823341","Anethum graveolens",-72.589522,41.29851,2022,5,17,"US","Anethum graveolens"
"3802572760","Anethum graveolens",-119.028291,34.177887,2022,5,20,"US","Anethum graveolens"
"3802816448","Anethum graveolens",-82.232256,35.088456,2022,5,23,"US","Anethum graveolens"
"3952101131","Anethum graveolens",-87.924969,42.061794,2022,6,28,"US","Anethum graveolens"
"3873534173","Anethum graveolens",-77.24161,40.114677,2022,7,25,"US","Anethum graveolens"
"3873771922","Anethum graveolens",-71.04003,42.375944,2022,7,20,"US","Anethum graveolens"
"3985766692","Anethum graveolens",-83.616675,42.245633,2022,7,22,"US","Anethum graveolens"
"3985794586","Anethum graveolens",-87.877719,42.98435,2022,7,8,"US","Anethum graveolens"
"3112372137","Anethum graveolens",-84.132045,33.973819,2021,5,1,"US","Anethum graveolens"
"3112376019","Anethum graveolens",-84.344439,33.738473,2021,5,1,"US","Anethum graveolens"
"3307190192","Anethum graveolens",-97.713547,30.69127,2021,6,13,"US","Anethum graveolens"
"3314423116","Anethum graveolens",-95.4805,30.170442,2021,6,21,"US","Anethum graveolens"
"3415406675","Anethum graveolens",-88.432724,44.268471,2021,6,21,"US","Anethum graveolens"
"3957522231","Anethum graveolens",-87.5288,37.988552,2021,7,28,"US","Anethum graveolens"
"3698390761","Anethum graveolens",-71.649161,44.660592,2021,8,3,"US","Anethum graveolens"
"3384006707","Anethum graveolens",-79.944809,40.443462,2021,9,11,"US","Anethum graveolens"
"3408193605","Anethum graveolens",-88.213447,40.112858,2021,10,22,"US","Anethum graveolens"
"2818584361","Anethum graveolens",-92.167272,30.12065,2020,3,30,"US","Anethum graveolens"
"2609314981","Anethum graveolens",-74.725395,40.29488,2020,4,12,"US","Anethum graveolens"
"2619910771","Anethum graveolens",-98.494744,29.493511,2020,4,25,"US","Anethum graveolens"
"2619932763","Anethum graveolens",-112.060986,33.458774,2020,4,23,"US","Anethum graveolens"
"2818499394","Anethum graveolens",-90.132349,32.501265,2020,4,11,"US","Anethum graveolens"
"2620132786","Anethum graveolens",-87.761563,41.821603,2020,5,3,"US","Anethum graveolens"
"2818517421","Anethum graveolens",-97.889461,30.210298,2020,5,17,"US","Anethum graveolens"
"2818520429","Anethum graveolens",-122.072464,37.394763,2020,5,25,"US","Anethum graveolens"
"2818696413","Anethum graveolens",-79.86751,36.188387,2020,5,17,"US","Anethum graveolens"
"2818700396","Anethum graveolens",-118.130981,33.753957,2020,5,9,"US","Anethum graveolens"
"2818704446","Anethum graveolens",-95.049772,29.755261,2020,5,29,"US","Anethum graveolens"
"2818707423","Anethum graveolens",-95.366644,29.768323,2020,5,28,"US","Anethum graveolens"
"2818710419","Anethum graveolens",-83.389562,33.965452,2020,5,22,"US","Anethum graveolens"
"2818733404","Anethum graveolens",-80.155337,35.49977,2020,5,17,"US","Anethum graveolens"
"2818736424","Anethum graveolens",-80.724362,38.178877,2020,5,27,"US","Anethum graveolens"
"2818739411","Anethum graveolens",-94.776087,38.858812,2020,5,10,"US","Anethum graveolens"
"2803087092","Anethum graveolens",-83.661647,41.057056,2020,6,23,"US","Anethum graveolens"
"2818519443","Anethum graveolens",-70.995711,42.186455,2020,6,19,"US","Anethum graveolens"
"2818529463","Anethum graveolens",-82.335697,38.230033,2020,6,19,"US","Anethum graveolens"
"2818552466","Anethum graveolens",-85.352805,34.461118,2020,6,16,"US","Anethum graveolens"
"2818563454","Anethum graveolens",-93.384022,44.863655,2020,6,17,"US","Anethum graveolens"
"2818589449","Anethum graveolens",-76.857262,39.075081,2020,6,16,"US","Anethum graveolens"
"2818688481","Anethum graveolens",-73.317831,42.289489,2020,6,24,"US","Anethum graveolens"
"2818691458","Anethum graveolens",-77.039117,39.024784,2020,6,18,"US","Anethum graveolens"
"2818737474","Anethum graveolens",-83.06605,42.350417,2020,6,25,"US","Anethum graveolens"
"2818740485","Anethum graveolens",-122.032812,37.360441,2020,6,23,"US","Anethum graveolens"
"2818775680","Anethum graveolens",-95.605895,30.696872,2020,6,23,"US","Anethum graveolens"
"3955488419","Anethum graveolens",-87.734879,41.59069,2020,6,12,"US","Anethum graveolens"
"2814106398","Anethum graveolens",-76.946164,39.060141,2020,7,1,"US","Anethum graveolens"
"2818513839","Anethum graveolens",-73.210319,44.478147,2020,7,11,"US","Anethum graveolens"
"2818683378","Anethum graveolens",-83.044364,40.222558,2020,7,14,"US","Anethum graveolens"
"2818760247","Anethum graveolens",-77.000511,39.2897,2020,7,13,"US","Anethum graveolens"
"2818780178","Anethum graveolens",-82.96142,42.345292,2020,7,13,"US","Anethum graveolens"
"2823122887","Anethum graveolens",-91.408866,39.937282,2020,7,18,"US","Anethum graveolens"
"2974572621","Anethum graveolens",-87.771969,41.950219,2020,7,3,"US","Anethum graveolens"
"2980968444","Anethum graveolens",-122.6368,45.492088,2020,8,20,"US","Anethum graveolens"
"2988322739","Anethum graveolens",-117.764391,33.541267,2020,8,10,"US","Anethum graveolens"
"3985660382","Anethum graveolens",-86.876112,40.39135,2020,8,16,"US","Anethum graveolens"
"2864785761","Anethum graveolens",-95.161802,29.657,2020,9,11,"US","Anethum graveolens"
"2988586914","Anethum graveolens",-98.616066,29.53831,2020,11,13,"US","Anethum graveolens"
"2238896958","Anethum graveolens",-97.479909,25.941745,2019,4,28,"US","Anethum graveolens"
"3070308580","Anethum graveolens",-84.255112,30.490833,2019,4,29,"US","Anethum graveolens"
"2422837122","Anethum graveolens",-98.058938,29.853498,2019,5,1,"US","Anethum graveolens"
"2818516338","Anethum graveolens",-98.322744,29.640578,2019,6,5,"US","Anethum graveolens"
"2818519333","Anethum graveolens",-79.762137,35.630311,2019,6,24,"US","Anethum graveolens"
"2294574300","Anethum graveolens",-87.683442,41.846034,2019,7,18,"US","Anethum graveolens"
"2397482923","Anethum graveolens",-87.399912,39.470374,2019,7,8,"US","Anethum graveolens"
"2422861484","Anethum graveolens",-87.779323,41.856537,2019,7,20,"US","Anethum graveolens"
"3956638677","Anethum graveolens",-90.709503,42.506695,2019,7,13,"US","Anethum graveolens"
"2818559360","Anethum graveolens",-87.993625,42.369979,2019,8,17,"US","Anethum graveolens"
"2818560406","Anethum graveolens",-92.13018,46.760813,2019,8,2,"US","Anethum graveolens"
"2818716354","Anethum graveolens",-83.696452,42.441631,2019,8,21,"US","Anethum graveolens"
"2542910357","Anethum graveolens",-87.737363,41.972144,2019,9,30,"US","Anethum graveolens"
"2818529364","Anethum graveolens",-74.735525,40.809306,2019,9,13,"US","Anethum graveolens"
"2818588358","Anethum graveolens",-123.233847,44.5597,2019,9,8,"US","Anethum graveolens"
"3820604831","Anethum graveolens",-123.233847,44.5597,2019,9,8,"US","Anethum graveolens"
"2823336316","Anethum graveolens",-82.55598,35.63333,2018,3,17,"US","Anethum graveolens"
"2823239322","Anethum graveolens",-96.71325,32.872592,2018,4,30,"US","Anethum graveolens"
"3698065377","Anethum graveolens",-72.309584,43.312924,2018,7,19,"US","Anethum graveolens"
"2237417428","Anethum graveolens",-84.521752,42.69063,2018,8,20,"US","Anethum graveolens"
"2270221941","Anethum graveolens",-120.636509,35.280987,2017,3,2,"US","Anethum graveolens"
"2268899893","Anethum graveolens",-90.8683,38.5369,2017,6,13,"US","Anethum graveolens"
"2283037948","Anethum graveolens",-88.11061,41.54331,2017,7,1,"US","Anethum graveolens"
"2823297309","Anethum graveolens",-111.877938,40.792047,2017,11,23,"US","Anethum graveolens"
"1211971187","Anethum graveolens",-97.24858,37.548325,2015,7,6,"US","Anethum graveolens"
"1929598145","Anethum graveolens",-73.875292,40.860744,2015,10,1,"US","Anethum graveolens"
"1269722267","Anethum graveolens",-88.79,30.3896,2006,3,20,"US","Anethum graveolens"
"2270678762","Anethum graveolens",-112.005486769224,33.3224273635553,2005,2,25,"US","Anethum graveolens"
"1563148190","Anethum graveolens",-87.2775,30.3236,2005,4,28,"US","Anethum graveolens"
"1030486486","Anethum graveolens",-84.49,42.691944,2005,8,5,"US","Anethum graveolens"
"176876225","Anethum graveolens",-95.676667,39.045833,2004,6,28,"US","Anethum graveolens"
"415952116","Anethum graveolens",-71.55611,41.41166,2004,8,4,"US","Anethum graveolens"
"1457796089","Anethum graveolens",-82.41084,29.61378,2003,5,28,"US","Anethum graveolens"
"1503272862","Anethum graveolens",-80.4369,25.5561,2002,5,18,"US","Anethum graveolens"
"2422529661","Anethum graveolens",-117.31667,33.975,2002,5,20,"US","Anethum graveolens"
"3314101267","Anethum graveolens",-80.4371,25.5562,2002,5,18,"US","Anethum graveolens"
"2572945083","Anethum graveolens",-88.266667,40.133333,2002,7,14,"US","Anethum graveolens"
"2422379733","Anethum graveolens",-118.68333,34.40694,2002,8,8,"US","Anethum graveolens"
"3503198476","Anethum graveolens",-118.68333,34.40694,2002,8,8,"US","Anethum graveolens"
"2270696649","Anethum graveolens",-111.925553,33.415898,2000,4,22,"US","Anethum graveolens"
"1258682601","Anethum graveolens",-90.35,38.653611,2000,6,5,"US","Anethum graveolens"
"2273386636","Anethum graveolens",-83.173045,35.339783,2000,10,8,"US","Anethum graveolens"
"35082291","Anethum graveolens",-177.433,28.2167,1999,5,5,"US","Anethum graveolens"
"176875775","Anethum graveolens",-92.464722,42.724724,1999,7,3,"US","Anethum graveolens"
"1258456645","Anethum graveolens",-90.25,38.6,1998,3,5,"US","Anethum graveolens"
"1258456731","Anethum graveolens",-90.25,38.6,1998,3,5,"US","Anethum graveolens"
"2859439344","Anethum graveolens",-111.821389,40.6455559990674,1997,9,7,"US","Anethum graveolens"
"2900265313","Anethum graveolens",-105.40749,45.44388,1996,10,17,"US","Anethum graveolens"
"1930329188","Anethum graveolens",-104.77,40.63,1995,7,24,"US","Anethum graveolens"
"2869128455","Anethum graveolens",-100.35448,44.3649,1992,8,16,"US","Anethum graveolens"
"2859441333","Anethum graveolens",-86.147736,39.680418,1991,7,NA,"US","Anethum graveolens"
"2270464785","Anethum graveolens",-111.932658,33.368745,1990,4,9,"US","Anethum graveolens"
"2270695941","Anethum graveolens",-111.932658,33.368745,1990,4,9,"US","Anethum graveolens"
"2270703663","Anethum graveolens",-111.932658,33.368745,1990,4,9,"US","Anethum graveolens"
"1260895243","Anethum graveolens",-90.25,38.6,1990,7,13,"US","Anethum graveolens"
"1989553755","Anethum graveolens",-84.739875,45.764765,1990,7,16,"US","Anethum graveolens"
"2430398059","Anethum graveolens",-119.185,35.529722,1990,7,5,"US","Anethum graveolens"
"2869128466","Anethum graveolens",-103.9206,44.51059,1990,9,13,"US","Anethum graveolens"
"2869128458","Anethum graveolens",-103.92062,44.52508,1990,11,1,"US","Anethum graveolens"
"2859145315","Anethum graveolens",-79.383333,40.1625,1988,9,10,"US","Anethum graveolens"
"2859399019","Anethum graveolens",-79.99714,40.433701,1987,1,NA,"US","Anethum graveolens"
"1931267262","Anethum graveolens",-76.920879,39.145651,1986,6,18,"US","Anethum graveolens"
"1849163250","Anethum graveolens",-81.072835,34.009202,1986,7,30,"US","Anethum graveolens"
"1930308579","Anethum graveolens",-76.920879,39.145651,1986,7,23,"US","Anethum graveolens"
"1849159086","Anethum graveolens",-81.072835,34.009202,1985,7,21,"US","Anethum graveolens"
"3344502096","Anethum graveolens",-81.072835,34.009202,1985,7,21,"US","Anethum graveolens"
"1989095910","Anethum graveolens",-84.562315,45.585475,1982,8,4,"US","Anethum graveolens"
"2242390731","Anethum graveolens",-104.961468,39.732207,1982,8,6,"US","Anethum graveolens"
"2417972431","Anethum graveolens",-121.516111,39.3497219990748,1979,9,8,"US","Anethum graveolens"
"2270696151","Anethum graveolens",-111.936335,33.368214,1977,4,29,"US","Anethum graveolens"
"2575151490","Anethum graveolens",-118.521,34.252,1976,6,26,"US","Anethum graveolens"
"2270696960","Anethum graveolens",-111.93433,33.420125,1975,6,1,"US","Anethum graveolens"
"2417961184","Anethum graveolens",-121.506389,39.3605559990747,1975,7,7,"US","Anethum graveolens"
"2270695920","Anethum graveolens",-111.965383,33.498171,1974,6,19,"US","Anethum graveolens"
"2859136077","Anethum graveolens",-86.136052,30.432927,1974,6,15,"US","Anethum graveolens"
"1503170703","Anethum graveolens",-82.4584,27.9475,1973,4,9,"US","Anethum graveolens"
"3091289740","Anethum graveolens",-111.658045,35.224091,1973,10,10,"US","Anethum graveolens"
"1844416988","Anethum graveolens",-96.387494,30.712899,1973,11,28,"US","Anethum graveolens"
"3053344760","Anethum graveolens",-119.706,34.4292999991197,1971,7,25,"US","Anethum graveolens"
"1503176890","Anethum graveolens",-80.0909,40.3923,1970,7,5,"US","Anethum graveolens"
"176875983","Anethum graveolens",-95.09917,38.35165,1969,6,26,"US","Anethum graveolens"
"415952119","Anethum graveolens",-72.25583,41.81027,1968,5,5,"US","Anethum graveolens"
"415952120","Anethum graveolens",-72.25583,41.81027,1968,5,5,"US","Anethum graveolens"
"2270698538","Anethum graveolens",-111.932999,33.419605,1967,3,21,"US","Anethum graveolens"
"3053333432","Anethum graveolens",-119.294266344653,34.2774526460957,1967,7,18,"US","Anethum graveolens"
"3053362598","Anethum graveolens",-119.2936,34.2774999991215,1967,7,14,"US","Anethum graveolens"
"3059704765","Anethum graveolens",-119.294266344653,34.2774526460957,1967,7,28,"US","Anethum graveolens"
"2422276238","Anethum graveolens",-116.94583,33.78389,1964,5,10,"US","Anethum graveolens"
"3865325699","Anethum graveolens",-75.370458,40.625932,1964,9,2,"US","Anethum graveolens"
"3091204783","Anethum graveolens",-112.07333,33.44833,1962,4,20,"US","Anethum graveolens"
"2273386123","Anethum graveolens",-83.199119,35.357235,1962,7,1,"US","Anethum graveolens"
"3865056684","Anethum graveolens",-78.26779,40.135201,1962,9,9,"US","Anethum graveolens"
"2265473875","Anethum graveolens",-93.9994,44.163578,1961,6,18,"US","Anethum graveolens"
"2270695200","Anethum graveolens",-111.651272,35.198067,1960,7,21,"US","Anethum graveolens"
"3053426330","Anethum graveolens",-119.29,34.3154999991211,1960,7,19,"US","Anethum graveolens"
"3865057641","Anethum graveolens",-75.444681,40.581742,1959,7,6,"US","Anethum graveolens"
"176875982","Anethum graveolens",-101.79993,39.78569,1957,8,27,"US","Anethum graveolens"
"1929469644","Anethum graveolens",-73.764855,41.15954,1957,8,NA,"US","Anethum graveolens"
"3820558182","Anethum graveolens",-123.2608,44.5647,1956,9,19,"US","Anethum graveolens"
"2270696428","Anethum graveolens",-112.065149,33.565875,1955,3,NA,"US","Anethum graveolens"
"2982002892","Anethum graveolens",-123.909604,40.311928,1955,9,NA,"US","Anethum graveolens"
"3820557996","Anethum graveolens",-123.0339,44.9431,1955,10,7,"US","Anethum graveolens"
"1929920708","Anethum graveolens",-73.730166,41.203164,1954,7,11,"US","Anethum graveolens"
"3331190563","Anethum graveolens",-81.65583,30.33194,1953,3,28,"US","Anethum graveolens"
"3865051635","Anethum graveolens",-75.642229,40.583151,1953,7,8,"US","Anethum graveolens"
"3820689682","Anethum graveolens",-122.675,45.5236,1953,10,NA,"US","Anethum graveolens"
"3865322640","Anethum graveolens",-74.602561,40.268412,1952,5,11,"US","Anethum graveolens"
"3865321656","Anethum graveolens",-74.500324,40.326467,1952,7,31,"US","Anethum graveolens"
"318047365","Anethum graveolens",-95.859285,41.206756,1952,8,10,"US","Anethum graveolens"
"1846526362","Anethum graveolens",-111.925924,33.582089,1951,4,11,"US","Anethum graveolens"
"318047269","Anethum graveolens",-83.401658,41.92314,1951,7,19,"US","Anethum graveolens"
"3331191595","Anethum graveolens",-105.49417,40.39361,1951,7,16,"US","Anethum graveolens"
"3865321657","Anethum graveolens",-75.312802,40.358263,1951,7,25,"US","Anethum graveolens"
"3865060638","Anethum graveolens",-74.7,40.1833,1949,6,16,"US","Anethum graveolens"
"1930632512","Anethum graveolens",-76.875172,39.031816,1949,7,28,"US","Anethum graveolens"
"3406866396","Anethum graveolens",-117.164074,33.192282,1949,7,4,"US","Anethum graveolens"
"3865051634","Anethum graveolens",-74.7,40.1833,1949,7,14,"US","Anethum graveolens"
"3865322641","Anethum graveolens",-75.135623,40.312904,1949,8,28,"US","Anethum graveolens"
"2265471004","Anethum graveolens",-91.867087,47.903237,1949,9,12,"US","Anethum graveolens"
"176875984","Anethum graveolens",-95.57483,39.013043,1949,10,2,"US","Anethum graveolens"
"3865055661","Anethum graveolens",-75.471616,40.597759,1948,7,6,"US","Anethum graveolens"
"3820518144","Anethum graveolens",-122.96001,44.69907,1947,10,6,"US","Anethum graveolens"
"3820534953","Anethum graveolens",-123.2608,44.5647,1946,7,30,"US","Anethum graveolens"
"3865056683","Anethum graveolens",-75.23601,40.662587,1946,7,13,"US","Anethum graveolens"
"3865060639","Anethum graveolens",-75.642229,40.583151,1946,7,4,"US","Anethum graveolens"
"3865328731","Anethum graveolens",-75.23601,40.662587,1946,7,19,"US","Anethum graveolens"
"3865052658","Anethum graveolens",-75.111362,40.946239,1946,9,11,"US","Anethum graveolens"
"3865324687","Anethum graveolens",-75.206568,40.880143,1946,9,5,"US","Anethum graveolens"
"1320691657","Anethum graveolens",-76.9342,38.9392,1945,6,26,"US","Anethum graveolens"
"1321206860","Anethum graveolens",-76.9342,38.9392,1945,6,26,"US","Anethum graveolens"
"2859397917","Anethum graveolens",-80.065611,40.465624,1945,6,15,"US","Anethum graveolens"
"2859394937","Anethum graveolens",-80.021635,40.465966,1945,7,8,"US","Anethum graveolens"
"3865323672","Anethum graveolens",-75.314168,40.0667,1944,5,30,"US","Anethum graveolens"
"3865326676","Anethum graveolens",-75.314168,40.0667,1944,5,30,"US","Anethum graveolens"
"3865327716","Anethum graveolens",-75.372739,40.64698,1944,7,22,"US","Anethum graveolens"
"3820639679","Anethum graveolens",-123.0601,44.9503,1943,7,31,"US","Anethum graveolens"
"2859432904","Anethum graveolens",-75.330819,40.617559,1942,7,4,"US","Anethum graveolens"
"3865054682","Anethum graveolens",-75.330414,40.616296,1942,7,4,"US","Anethum graveolens"
"3865058700","Anethum graveolens",-75.330414,40.616296,1942,7,4,"US","Anethum graveolens"
"3865328732","Anethum graveolens",-75.20107,39.949846,1942,7,28,"US","Anethum graveolens"
"2869128487","Anethum graveolens",-103.975535,44.546062,1942,8,5,"US","Anethum graveolens"
"2869128489","Anethum graveolens",-103.975535,44.546062,1942,8,5,"US","Anethum graveolens"
"3865059692","Anethum graveolens",-75.301489,40.606209,1941,7,8,"US","Anethum graveolens"
"3865330713","Anethum graveolens",-75.301489,40.606209,1941,7,8,"US","Anethum graveolens"
"415952112","Anethum graveolens",-72.25,41.80833,1940,7,3,"US","Anethum graveolens"
"415952114","Anethum graveolens",-72.25,41.80833,1940,7,31,"US","Anethum graveolens"
"2251344124","Anethum graveolens",-116.838,32.813,1938,6,19,"US","Anethum graveolens"
"3125164577","Anethum graveolens",-116.83831,32.81302,1938,6,19,"US","Anethum graveolens"
"1929909995","Anethum graveolens",-76.999438,38.937591,1938,7,26,"US","Anethum graveolens"
"2265473187","Anethum graveolens",-93.045075,44.905226,1938,7,4,"US","Anethum graveolens"
"1988776145","Anethum graveolens",-83.400833,41.925833,1938,8,9,"US","Anethum graveolens"
"1258102582","Anethum graveolens",-92.173333,38.576667,1937,8,8,"US","Anethum graveolens"
"3865052659","Anethum graveolens",-78.096393,41.317295,1936,10,3,"US","Anethum graveolens"
"3125162575","Anethum graveolens",-117.0854,33.0829,1935,7,25,"US","Anethum graveolens"
"3125030571","Anethum graveolens",-117.13837,32.62331,1933,7,12,"US","Anethum graveolens"
"415952117","Anethum graveolens",-71.41277,41.82388,1932,7,5,"US","Anethum graveolens"
"2382623578","Anethum graveolens",-117.15226,32.7203,1927,5,20,"US","Anethum graveolens"
"2859430913","Anethum graveolens",-78.938637,40.31063,1927,7,1,"US","Anethum graveolens"
"3865329700","Anethum graveolens",-75.124947,40.017261,1927,7,3,"US","Anethum graveolens"
"1038967996","Anethum graveolens",-73.4399,41.2069,1924,7,15,"US","Anethum graveolens"
"1989523054","Anethum graveolens",-83.49632,41.79421,1923,7,11,"US","Anethum graveolens"
"1305255799","Anethum graveolens",-91.718763,44.131908,1922,7,7,"US","Anethum graveolens"
"3820540232","Anethum graveolens",-123.0339,44.9431,1922,7,7,"US","Anethum graveolens"
"3820655679","Anethum graveolens",-119.6833,45.4453,1917,7,18,"US","Anethum graveolens"
"1929730250","Anethum graveolens",-74.197232,39.994773,1916,7,3,"US","Anethum graveolens"
"3865326675","Anethum graveolens",-74.208494,39.952273,1916,7,3,"US","Anethum graveolens"
"3865324688","Anethum graveolens",-75.336365,40.322572,1915,7,19,"US","Anethum graveolens"
"1039009922","Anethum graveolens",-73.2735,41.1779,1913,7,13,"US","Anethum graveolens"
"2573057341","Anethum graveolens",-73.27463,41.17835,1913,7,13,"US","Anethum graveolens"
"1038976732","Anethum graveolens",-73.2735,41.1779,1913,8,24,"US","Anethum graveolens"
"415952113","Anethum graveolens",-73.19611,41.18638,1912,8,2,"US","Anethum graveolens"
"2573059453","Anethum graveolens",-70.11468,41.31079,1911,8,7,"US","Anethum graveolens"
"2573085032","Anethum graveolens",-70.11468,41.31079,1911,8,7,"US","Anethum graveolens"
"2573116558","Anethum graveolens",-70.11468,41.31079,1911,8,7,"US","Anethum graveolens"
"2573063103","Anethum graveolens",-73.03601,41.55826,1910,7,16,"US","Anethum graveolens"
"415952115","Anethum graveolens",-72.25583,41.81027,1909,7,26,"US","Anethum graveolens"
"1038937920","Anethum graveolens",-73.196,41.1932,1907,7,24,"US","Anethum graveolens"
"1038971723","Anethum graveolens",-73.196,41.1932,1907,7,16,"US","Anethum graveolens"
"415952111","Anethum graveolens",-73.19611,41.18638,1907,8,2,"US","Anethum graveolens"
"1038934431","Anethum graveolens",-73.196,41.1932,1907,8,2,"US","Anethum graveolens"
"1039003504","Anethum graveolens",-73.196,41.1932,1907,8,2,"US","Anethum graveolens"
"1929810963","Anethum graveolens",-73.204835,41.167041,1907,8,2,"US","Anethum graveolens"
"2859398926","Anethum graveolens",-79.968104,40.47704,1902,8,6,"US","Anethum graveolens"
"1989444667","Anethum graveolens",-82.54705,42.6192,1901,8,13,"US","Anethum graveolens"
"2859395932","Anethum graveolens",-79.917616,40.478145,1900,6,30,"US","Anethum graveolens"
"3865330714","Anethum graveolens",-75.138658,39.923104,1898,6,21,"US","Anethum graveolens"
"415952121","Anethum graveolens",-87.65,41.85,1897,7,17,"US","Anethum graveolens"
"3413421796","Anethum graveolens",-87.680264,41.825477,1896,7,17,"US","Anethum graveolens"
"1305255809","Anethum graveolens",-87.875644,43.387225,1885,8,9,"US","Anethum graveolens"
"2859396925","Anethum graveolens",-80.2498,40.68446,1885,8,3,"US","Anethum graveolens"
"1930585649","Anethum graveolens",-74.068209,40.828299,1884,7,30,"US","Anethum graveolens"
"3865054683","Anethum graveolens",-75.616596,39.8215,1869,7,6,"US","Anethum graveolens"
"1228260619","Anethum graveolens",-87.650052,41.850033,NA,NA,NA,"US","Anethum graveolens"
"1228268102","Anethum graveolens",-87.85,41.8333,NA,NA,NA,"US","Anethum graveolens"
"1228473505","Anethum graveolens",-87.940066,41.95503,NA,NA,NA,"US","Anethum graveolens"
"1989162576","Anethum graveolens",-83.22472,42.30528,NA,NA,NA,"US","Anethum graveolens"
"2265471105","Anethum graveolens",-94.311699,45.566172,NA,NA,NA,"US","Anethum graveolens"
"3798046476","Anethum graveolens",-105.09,40.57,NA,NA,NA,"US","Anethum graveolens"
