"gbifID","species","longitude","latitude","year","month","day","countryCode","basisOfRecord","accepted_name"
"3456736462","Angelica tomentosa",-122.505613,38.43892,2022,1,14,"US","HUMAN_OBSERVATION","Angelica tomentosa"
"3466111203","Angelica tomentosa",-122.505651,38.43894,2022,1,27,"US","HUMAN_OBSERVATION","Angelica tomentosa"
"3802579494","Angelica tomentosa",-122.51118,38.4357,2022,5,12,"US","HUMAN_OBSERVATION","Angelica tomentosa"
"3784882908","Angelica tomentosa",-122.790318,38.693192,2022,5,14,"US","HUMAN_OBSERVATION","Angelica tomentosa"
"3902031223","Angelica tomentosa",-122.232772,37.409669,2022,6,4,"US","HUMAN_OBSERVATION","Angelica tomentosa"
"4006773475","Angelica tomentosa",-122.514053,38.437958,2022,6,30,"US","HUMAN_OBSERVATION","Angelica tomentosa"
"4034693592","Angelica tomentosa",-122.53512,41.382113,2022,6,22,"US","HUMAN_OBSERVATION","Angelica tomentosa"
"4018132579","Angelica tomentosa",-122.23289,37.40965,2022,7,4,"US","HUMAN_OBSERVATION","Angelica tomentosa"
"3872959231","Angelica tomentosa",-119.82886,34.798532,2022,7,3,"US","HUMAN_OBSERVATION","Angelica tomentosa"
"4022993333","Angelica tomentosa",-122.23289,37.40965,2022,7,4,"US","HUMAN_OBSERVATION","Angelica tomentosa"
"4028725749","Angelica tomentosa",-122.488787,41.31895,2022,8,12,"US","HUMAN_OBSERVATION","Angelica tomentosa"
"3985619759","Angelica tomentosa",-122.489517,41.315992,2022,8,12,"US","HUMAN_OBSERVATION","Angelica tomentosa"
"3986190749","Angelica tomentosa",-122.511618,41.31998,2022,8,11,"US","HUMAN_OBSERVATION","Angelica tomentosa"
"4028953607","Angelica tomentosa",-122.541169,41.378033,2022,8,17,"US","HUMAN_OBSERVATION","Angelica tomentosa"
"3985627804","Angelica tomentosa",-122.378844,41.252133,2022,8,20,"US","HUMAN_OBSERVATION","Angelica tomentosa"
"3333058397","Angelica tomentosa",-122.505704,38.438759,2021,4,24,"US","HUMAN_OBSERVATION","Angelica tomentosa"
"3112833481","Angelica tomentosa",-116.807914,33.838986,2021,5,4,"US","HUMAN_OBSERVATION","Angelica tomentosa"
"4006713388","Angelica tomentosa",-122.593373,37.97208,2021,6,6,"US","HUMAN_OBSERVATION","Angelica tomentosa"
"3307231584","Angelica tomentosa",-122.358217,38.646019,2021,6,6,"US","HUMAN_OBSERVATION","Angelica tomentosa"
"4006525379","Angelica tomentosa",-122.603768,37.913971,2021,6,18,"US","HUMAN_OBSERVATION","Angelica tomentosa"
"3391546448","Angelica tomentosa",-122.507364,38.438702,2021,6,29,"US","HUMAN_OBSERVATION","Angelica tomentosa"
"3399181691","Angelica tomentosa",-122.505662,38.439033,2021,7,4,"US","HUMAN_OBSERVATION","Angelica tomentosa"
"3327746787","Angelica tomentosa",-116.870903,33.34828,2021,7,8,"US","HUMAN_OBSERVATION","Angelica tomentosa"
"3327973777","Angelica tomentosa",-116.868142,33.354672,2021,7,8,"US","HUMAN_OBSERVATION","Angelica tomentosa"
"4028671543","Angelica tomentosa",-122.535049,41.382194,2021,7,23,"US","HUMAN_OBSERVATION","Angelica tomentosa"
"3391289483","Angelica tomentosa",-121.509178,37.429344,2021,8,3,"US","HUMAN_OBSERVATION","Angelica tomentosa"
"3456999552","Angelica tomentosa",-122.505622,38.438911,2021,12,17,"US","HUMAN_OBSERVATION","Angelica tomentosa"
"2634064203","Angelica tomentosa",-122.790153,38.693001,2020,5,28,"US","HUMAN_OBSERVATION","Angelica tomentosa"
"3503053318","Angelica tomentosa",-122.266389,38.563361,2020,5,16,"US","PRESERVED_SPECIMEN","Angelica tomentosa"
"3070479100","Angelica tomentosa",-122.415481,39.387941,2020,6,3,"US","HUMAN_OBSERVATION","Angelica tomentosa"
"4034688339","Angelica tomentosa",-116.805878,33.839083,2020,7,1,"US","HUMAN_OBSERVATION","Angelica tomentosa"
"2823113978","Angelica tomentosa",-116.896828,33.328938,2020,7,17,"US","HUMAN_OBSERVATION","Angelica tomentosa"
"3061519427","Angelica tomentosa",-122.505755,38.438851,2020,7,29,"US","HUMAN_OBSERVATION","Angelica tomentosa"
"2826329187","Angelica tomentosa",-116.896739,33.328931,2020,7,21,"US","HUMAN_OBSERVATION","Angelica tomentosa"
"2856611454","Angelica tomentosa",-116.893922,33.328647,2020,8,24,"US","HUMAN_OBSERVATION","Angelica tomentosa"
"2242789872","Angelica tomentosa",-122.487762,37.83728,2019,4,29,"US","HUMAN_OBSERVATION","Angelica tomentosa"
"2243010391","Angelica tomentosa",-116.750921,33.731577,2019,5,14,"US","HUMAN_OBSERVATION","Angelica tomentosa"
"2269269130","Angelica tomentosa",-116.600389,33.00993,2019,6,16,"US","HUMAN_OBSERVATION","Angelica tomentosa"
"2432123262","Angelica tomentosa",-122.223,37.04141,2019,6,13,"US","PRESERVED_SPECIMEN","Angelica tomentosa"
"3341876328","Angelica tomentosa",-122.223,37.04141,2019,6,13,"US","PRESERVED_SPECIMEN","Angelica tomentosa"
"2422896127","Angelica tomentosa",-122.603783,37.914138,2019,9,2,"US","HUMAN_OBSERVATION","Angelica tomentosa"
"2429609480","Angelica tomentosa",-116.705806,33.724211,2019,10,14,"US","HUMAN_OBSERVATION","Angelica tomentosa"
"3053446409","Angelica tomentosa",-119.65286,34.70322,2018,6,19,"US","PRESERVED_SPECIMEN","Angelica tomentosa"
"1883526426","Angelica tomentosa",-121.959397,37.196647,2018,7,14,"US","HUMAN_OBSERVATION","Angelica tomentosa"
"2619881337","Angelica tomentosa",-122.790172,38.692811,2018,7,20,"US","HUMAN_OBSERVATION","Angelica tomentosa"
"1891293706","Angelica tomentosa",-119.626975,34.703747,2018,7,17,"US","HUMAN_OBSERVATION","Angelica tomentosa"
"1993719487","Angelica tomentosa",-116.830872,33.308521,2018,7,18,"US","HUMAN_OBSERVATION","Angelica tomentosa"
"4028771346","Angelica tomentosa",-122.490171,41.28827,2018,7,15,"US","HUMAN_OBSERVATION","Angelica tomentosa"
"1899783824","Angelica tomentosa",-122.603797,37.914117,2018,8,26,"US","HUMAN_OBSERVATION","Angelica tomentosa"
"1571060953","Angelica tomentosa",-122.660165,37.991851,2016,6,6,"US","HUMAN_OBSERVATION","Angelica tomentosa"
"2620046323","Angelica tomentosa",-122.790337,38.693267,2016,8,6,"US","HUMAN_OBSERVATION","Angelica tomentosa"
"2620100304","Angelica tomentosa",-122.754203,38.732136,2015,6,25,"US","HUMAN_OBSERVATION","Angelica tomentosa"
"1135352892","Angelica tomentosa",-122.341832,37.435112,2015,8,8,"US","HUMAN_OBSERVATION","Angelica tomentosa"
"2459168877","Angelica tomentosa",-122.141108,37.104346,2014,4,29,"US","PRESERVED_SPECIMEN","Angelica tomentosa"
"1426324932","Angelica tomentosa",-122.603724,37.914256,2012,6,23,"US","PRESERVED_SPECIMEN","Angelica tomentosa"
"2418049324","Angelica tomentosa",-122.640833,39.710556,2011,6,11,"US","PRESERVED_SPECIMEN","Angelica tomentosa"
"3059704748","Angelica tomentosa",-123.1206,38.436,2011,9,17,"US","PRESERVED_SPECIMEN","Angelica tomentosa"
"3059704747","Angelica tomentosa",-123.1206,38.436,2011,9,17,"US","PRESERVED_SPECIMEN","Angelica tomentosa"
"2421711900","Angelica tomentosa",-122.493056,38.925833,2010,6,16,"US","PRESERVED_SPECIMEN","Angelica tomentosa"
"2421711865","Angelica tomentosa",-122.470556,38.936389,2010,6,26,"US","PRESERVED_SPECIMEN","Angelica tomentosa"
"2430038181","Angelica tomentosa",-116.77488,33.81005,2010,8,14,"US","PRESERVED_SPECIMEN","Angelica tomentosa"
"2430076619","Angelica tomentosa",-116.77488,33.81005,2010,8,14,"US","PRESERVED_SPECIMEN","Angelica tomentosa"
"4034785970","Angelica tomentosa",-116.754833,33.81478,2010,8,7,"US","HUMAN_OBSERVATION","Angelica tomentosa"
"2982077916","Angelica tomentosa",-123.551771,41.089544,2010,8,10,"US","PRESERVED_SPECIMEN","Angelica tomentosa"
"2430227691","Angelica tomentosa",-116.77488,33.81005,2010,8,14,"US","PRESERVED_SPECIMEN","Angelica tomentosa"
"3125166583","Angelica tomentosa",-116.60034,33.01,2009,7,11,"US","PRESERVED_SPECIMEN","Angelica tomentosa"
"2251346154","Angelica tomentosa",-116.6,33.01,2009,7,11,"US","MATERIAL_SAMPLE","Angelica tomentosa"
"2422468630","Angelica tomentosa",-116.60239,32.98289,2009,9,1,"US","PRESERVED_SPECIMEN","Angelica tomentosa"
"2382639223","Angelica tomentosa",-116.60244,32.98289,2009,9,1,"US","PRESERVED_SPECIMEN","Angelica tomentosa"
"3125168591","Angelica tomentosa",-116.60244,32.98289,2009,9,1,"US","PRESERVED_SPECIMEN","Angelica tomentosa"
"2422441938","Angelica tomentosa",-116.70667,33.71278,2008,7,11,"US","PRESERVED_SPECIMEN","Angelica tomentosa"
"2982003383","Angelica tomentosa",-123.703934,40.698628,2008,8,6,"US","PRESERVED_SPECIMEN","Angelica tomentosa"
"2982074903","Angelica tomentosa",-123.6787,40.786108,2008,8,16,"US","PRESERVED_SPECIMEN","Angelica tomentosa"
"2982030908","Angelica tomentosa",-123.702427,40.844494,2007,7,25,"US","PRESERVED_SPECIMEN","Angelica tomentosa"
"2982034912","Angelica tomentosa",-123.721394,40.86197,2007,7,10,"US","PRESERVED_SPECIMEN","Angelica tomentosa"
"2982071877","Angelica tomentosa",-123.704122,40.698465,2007,7,26,"US","PRESERVED_SPECIMEN","Angelica tomentosa"
"2430079878","Angelica tomentosa",-117.466,34.191528,2004,6,30,"US","PRESERVED_SPECIMEN","Angelica tomentosa"
"2430162976","Angelica tomentosa",-117.466,34.191528,2004,6,30,"US","PRESERVED_SPECIMEN","Angelica tomentosa"
"2422409376","Angelica tomentosa",-117.46989,34.19739,2004,6,30,"US","PRESERVED_SPECIMEN","Angelica tomentosa"
"2430219223","Angelica tomentosa",-117.466,34.191528,2004,6,30,"US","PRESERVED_SPECIMEN","Angelica tomentosa"
"2422422847","Angelica tomentosa",-117.27728,34.26853,2004,7,28,"US","PRESERVED_SPECIMEN","Angelica tomentosa"
"2459167194","Angelica tomentosa",-121.96552,37.00901,2004,9,7,"US","PRESERVED_SPECIMEN","Angelica tomentosa"
"2422507163","Angelica tomentosa",-123.81861,41.15583,2003,7,30,"US","PRESERVED_SPECIMEN","Angelica tomentosa"
"2382637176","Angelica tomentosa",-116.90028,33.33861,2002,7,26,"US","PRESERVED_SPECIMEN","Angelica tomentosa"
"3125160599","Angelica tomentosa",-116.90028,33.33861,2002,7,26,"US","PRESERVED_SPECIMEN","Angelica tomentosa"
"2422349431","Angelica tomentosa",-123.13617,40.401,2001,7,8,"US","PRESERVED_SPECIMEN","Angelica tomentosa"
"3125161602","Angelica tomentosa",-123.13667,40.40083,2001,7,8,"US","PRESERVED_SPECIMEN","Angelica tomentosa"
"2421768398","Angelica tomentosa",-122.364444,38.481667,1999,7,28,"US","PRESERVED_SPECIMEN","Angelica tomentosa"
"2421771577","Angelica tomentosa",-122.364444,38.481667,1999,7,28,"US","PRESERVED_SPECIMEN","Angelica tomentosa"
"2418052794","Angelica tomentosa",-122.589444,39.219167,1999,7,5,"US","PRESERVED_SPECIMEN","Angelica tomentosa"
"3059704752","Angelica tomentosa",-122.5508,39.2964,1999,8,18,"US","PRESERVED_SPECIMEN","Angelica tomentosa"
"2417990203","Angelica tomentosa",-123.115278,40.390833,1998,7,28,"US","PRESERVED_SPECIMEN","Angelica tomentosa"
"2421753443","Angelica tomentosa",-122.514134,38.436744,1997,7,20,"US","PRESERVED_SPECIMEN","Angelica tomentosa"
"2421753027","Angelica tomentosa",-122.514134,38.436744,1997,7,20,"US","PRESERVED_SPECIMEN","Angelica tomentosa"
"2421753296","Angelica tomentosa",-122.514134,38.436744,1997,7,20,"US","PRESERVED_SPECIMEN","Angelica tomentosa"
"2421751601","Angelica tomentosa",-122.65,38.666667,1996,6,30,"US","PRESERVED_SPECIMEN","Angelica tomentosa"
"2421751724","Angelica tomentosa",-122.65,38.666667,1996,6,30,"US","PRESERVED_SPECIMEN","Angelica tomentosa"
"2422440531","Angelica tomentosa",-117.65222,34.18194,1996,6,8,"US","PRESERVED_SPECIMEN","Angelica tomentosa"
"3059704746","Angelica tomentosa",-122.65,38.6667,1996,6,30,"US","PRESERVED_SPECIMEN","Angelica tomentosa"
"3059704694","Angelica tomentosa",-122.65,38.6667,1996,6,30,"US","PRESERVED_SPECIMEN","Angelica tomentosa"
"3059704693","Angelica tomentosa",-122.65,38.6667,1996,6,30,"US","PRESERVED_SPECIMEN","Angelica tomentosa"
"3059704685","Angelica tomentosa",-122.65,38.6667,1996,6,30,"US","PRESERVED_SPECIMEN","Angelica tomentosa"
"2430106848","Angelica tomentosa",-117.719444,34.189722,1996,7,17,"US","PRESERVED_SPECIMEN","Angelica tomentosa"
"2422504488","Angelica tomentosa",-117.71944,34.18972,1996,7,17,"US","PRESERVED_SPECIMEN","Angelica tomentosa"
"2566050607","Angelica tomentosa",-116.75,33.73333,1996,8,1,"US","PRESERVED_SPECIMEN","Angelica tomentosa"
"3125162578","Angelica tomentosa",-116.75,33.73333,1996,8,1,"US","PRESERVED_SPECIMEN","Angelica tomentosa"
"2422302985","Angelica tomentosa",-117.28528,34.27056,1994,6,19,"US","PRESERVED_SPECIMEN","Angelica tomentosa"
"2418053745","Angelica tomentosa",-122.871389,39.726667,1994,7,31,"US","PRESERVED_SPECIMEN","Angelica tomentosa"
"2459165428","Angelica tomentosa",-121.98151,37.02952,1993,3,29,"US","PRESERVED_SPECIMEN","Angelica tomentosa"
"2422292897","Angelica tomentosa",-117.49833,34.205,1993,7,16,"US","PRESERVED_SPECIMEN","Angelica tomentosa"
"3125038587","Angelica tomentosa",-116.61111,33.14583,1993,7,3,"US","PRESERVED_SPECIMEN","Angelica tomentosa"
"3125032596","Angelica tomentosa",-116.61111,33.14583,1993,7,3,"US","PRESERVED_SPECIMEN","Angelica tomentosa"
"2430409781","Angelica tomentosa",-117.496875,34.20153,1993,7,16,"US","PRESERVED_SPECIMEN","Angelica tomentosa"
"2422290664","Angelica tomentosa",-117.51028,34.21139,1992,10,17,"US","PRESERVED_SPECIMEN","Angelica tomentosa"
"2417971553","Angelica tomentosa",-122.708611,39.316389,1986,6,30,"US","PRESERVED_SPECIMEN","Angelica tomentosa"
"3125037581","Angelica tomentosa",-116.87015,33.35046,1985,7,1,"US","PRESERVED_SPECIMEN","Angelica tomentosa"
"3320754714","Angelica tomentosa",-122.777333,38.838139,1984,4,22,"US","PRESERVED_SPECIMEN","Angelica tomentosa"
"3320758595","Angelica tomentosa",-123.012694,38.403722,1984,6,2,"US","PRESERVED_SPECIMEN","Angelica tomentosa"
"2417968593","Angelica tomentosa",-122.708611,39.316389,1984,7,20,"US","PRESERVED_SPECIMEN","Angelica tomentosa"
"3320741431","Angelica tomentosa",-121.600833,39.819028,1984,7,2,"US","PRESERVED_SPECIMEN","Angelica tomentosa"
"2270195157","Angelica tomentosa",-123.087571,38.39219,1983,6,29,"US","PRESERVED_SPECIMEN","Angelica tomentosa"
"3320807018","Angelica tomentosa",-122.744167,38.840333,1983,6,8,"US","PRESERVED_SPECIMEN","Angelica tomentosa"
"3320753728","Angelica tomentosa",-122.75825,38.836194,1983,6,13,"US","PRESERVED_SPECIMEN","Angelica tomentosa"
"3320789987","Angelica tomentosa",-122.291861,38.492528,1981,5,3,"US","PRESERVED_SPECIMEN","Angelica tomentosa"
"3320812353","Angelica tomentosa",-123.667611,41.359278,1981,7,9,"US","PRESERVED_SPECIMEN","Angelica tomentosa"
"3320783736","Angelica tomentosa",-123.434389,41.222722,1981,7,24,"US","PRESERVED_SPECIMEN","Angelica tomentosa"
"2982064601","Angelica tomentosa",-123.674478,41.546535,1980,6,26,"US","PRESERVED_SPECIMEN","Angelica tomentosa"
"3320792435","Angelica tomentosa",-123.708722,41.599583,1980,6,27,"US","PRESERVED_SPECIMEN","Angelica tomentosa"
"3320746414","Angelica tomentosa",-123.680944,41.551472,1980,6,26,"US","PRESERVED_SPECIMEN","Angelica tomentosa"
"2422274429","Angelica tomentosa",-116.75,33.75,1980,7,22,"US","PRESERVED_SPECIMEN","Angelica tomentosa"
"2982020724","Angelica tomentosa",-123.424722,41.162778,1980,7,22,"US","PRESERVED_SPECIMEN","Angelica tomentosa"
"2982028727","Angelica tomentosa",-123.485833,41.059722,1980,7,19,"US","PRESERVED_SPECIMEN","Angelica tomentosa"
"2982028793","Angelica tomentosa",-122.591602,38.674655,1980,7,8,"US","PRESERVED_SPECIMEN","Angelica tomentosa"
"3320782430","Angelica tomentosa",-123.622667,41.840528,1980,7,4,"US","PRESERVED_SPECIMEN","Angelica tomentosa"
"2421750430","Angelica tomentosa",-123.484276,41.950807,1980,8,5,"US","PRESERVED_SPECIMEN","Angelica tomentosa"
"2421750624","Angelica tomentosa",-123.484276,41.950807,1980,8,5,"US","PRESERVED_SPECIMEN","Angelica tomentosa"
"2421753871","Angelica tomentosa",-123.702989,40.915368,1980,8,15,"US","PRESERVED_SPECIMEN","Angelica tomentosa"
"2421753465","Angelica tomentosa",-123.702989,40.915368,1980,8,15,"US","PRESERVED_SPECIMEN","Angelica tomentosa"
"2421756341","Angelica tomentosa",-123.178393,40.513105,1980,8,15,"US","PRESERVED_SPECIMEN","Angelica tomentosa"
"2421752485","Angelica tomentosa",-123.178393,40.513105,1980,8,15,"US","PRESERVED_SPECIMEN","Angelica tomentosa"
"2421751231","Angelica tomentosa",-122.293273,41.178665,1980,8,26,"US","PRESERVED_SPECIMEN","Angelica tomentosa"
"2421751668","Angelica tomentosa",-122.293273,41.178665,1980,8,26,"US","PRESERVED_SPECIMEN","Angelica tomentosa"
"2982068493","Angelica tomentosa",-123.689722,41.675833,1980,8,3,"US","PRESERVED_SPECIMEN","Angelica tomentosa"
"2982068749","Angelica tomentosa",-122.696529,41.288688,1980,8,25,"US","PRESERVED_SPECIMEN","Angelica tomentosa"
"2982063742","Angelica tomentosa",-123.674478,41.546535,1980,8,4,"US","PRESERVED_SPECIMEN","Angelica tomentosa"
"2982027779","Angelica tomentosa",-123.178899,40.514289,1980,8,15,"US","PRESERVED_SPECIMEN","Angelica tomentosa"
"2982021788","Angelica tomentosa",-123.19128,40.465785,1980,8,15,"US","PRESERVED_SPECIMEN","Angelica tomentosa"
"2982067764","Angelica tomentosa",-122.295302,41.17471,1980,8,26,"US","PRESERVED_SPECIMEN","Angelica tomentosa"
"2982066766","Angelica tomentosa",-122.272251,41.248096,1980,8,26,"US","PRESERVED_SPECIMEN","Angelica tomentosa"
"2982069778","Angelica tomentosa",-122.799962,41.108982,1980,8,21,"US","PRESERVED_SPECIMEN","Angelica tomentosa"
"2982022791","Angelica tomentosa",-122.908426,41.017485,1980,8,21,"US","PRESERVED_SPECIMEN","Angelica tomentosa"
"2982027790","Angelica tomentosa",-122.973654,41.021795,1980,8,20,"US","PRESERVED_SPECIMEN","Angelica tomentosa"
"2982020791","Angelica tomentosa",-123.299237,40.40806,1980,8,16,"US","PRESERVED_SPECIMEN","Angelica tomentosa"
"2982060779","Angelica tomentosa",-123.702944,40.915012,1980,8,4,"US","PRESERVED_SPECIMEN","Angelica tomentosa"
"2982064772","Angelica tomentosa",-123.478639,40.812817,1980,8,29,"US","PRESERVED_SPECIMEN","Angelica tomentosa"
"2982061769","Angelica tomentosa",-123.48457,40.821403,1980,8,15,"US","PRESERVED_SPECIMEN","Angelica tomentosa"
"2982067765","Angelica tomentosa",-123.493676,41.802035,1980,8,5,"US","PRESERVED_SPECIMEN","Angelica tomentosa"
"2982065772","Angelica tomentosa",-123.624444,41.83702,1980,8,7,"US","PRESERVED_SPECIMEN","Angelica tomentosa"
"2982061776","Angelica tomentosa",-123.16094,40.45074,1980,8,21,"US","PRESERVED_SPECIMEN","Angelica tomentosa"
"3125029590","Angelica tomentosa",-123.5472,40.3339,1980,8,17,"US","PRESERVED_SPECIMEN","Angelica tomentosa"
"3125162577","Angelica tomentosa",-123.6983,41.5766,1980,8,4,"US","PRESERVED_SPECIMEN","Angelica tomentosa"
"3125031576","Angelica tomentosa",-122.9635,41.049,1980,8,20,"US","PRESERVED_SPECIMEN","Angelica tomentosa"
"3320749358","Angelica tomentosa",-123.162361,40.453167,1980,8,21,"US","PRESERVED_SPECIMEN","Angelica tomentosa"
"3320808111","Angelica tomentosa",-123.624167,41.835444,1980,8,8,"US","PRESERVED_SPECIMEN","Angelica tomentosa"
"3320804578","Angelica tomentosa",-123.621917,41.830333,1980,8,7,"US","PRESERVED_SPECIMEN","Angelica tomentosa"
"3320791332","Angelica tomentosa",-122.900194,41.026583,1980,8,21,"US","PRESERVED_SPECIMEN","Angelica tomentosa"
"2421753422","Angelica tomentosa",-122.587971,38.668168,1980,9,9,"US","PRESERVED_SPECIMEN","Angelica tomentosa"
"2421754838","Angelica tomentosa",-122.587971,38.668168,1980,9,9,"US","PRESERVED_SPECIMEN","Angelica tomentosa"
"2982063768","Angelica tomentosa",-122.596771,38.655372,1980,9,9,"US","PRESERVED_SPECIMEN","Angelica tomentosa"
"3320776495","Angelica tomentosa",-122.368889,38.7785,1979,6,29,"US","PRESERVED_SPECIMEN","Angelica tomentosa"
"2982055092","Angelica tomentosa",-123.462,41.080917,1979,7,31,"US","PRESERVED_SPECIMEN","Angelica tomentosa"
"3320792277","Angelica tomentosa",-122.507278,38.538083,1979,7,28,"US","PRESERVED_SPECIMEN","Angelica tomentosa"
"2982014120","Angelica tomentosa",-123.488056,41.113167,1979,8,1,"US","PRESERVED_SPECIMEN","Angelica tomentosa"
"2982060103","Angelica tomentosa",-123.465722,41.085444,1979,8,2,"US","PRESERVED_SPECIMEN","Angelica tomentosa"
"3320778037","Angelica tomentosa",-122.43425,38.652861,1979,8,5,"US","PRESERVED_SPECIMEN","Angelica tomentosa"
"2982025739","Angelica tomentosa",-122.903495,40.943264,1979,9,18,"US","PRESERVED_SPECIMEN","Angelica tomentosa"
"2982022780","Angelica tomentosa",-122.873412,41.012013,1979,9,17,"US","PRESERVED_SPECIMEN","Angelica tomentosa"
"2982021799","Angelica tomentosa",-122.887402,40.989962,1979,9,17,"US","PRESERVED_SPECIMEN","Angelica tomentosa"
"3320764077","Angelica tomentosa",-122.585556,38.651389,1978,6,13,"US","PRESERVED_SPECIMEN","Angelica tomentosa"
"2982072569","Angelica tomentosa",-122.520949,41.341671,1977,8,6,"US","PRESERVED_SPECIMEN","Angelica tomentosa"
"3059697477","Angelica tomentosa",-122.888197,41.272309,1977,8,16,"US","PRESERVED_SPECIMEN","Angelica tomentosa"
"2982023757","Angelica tomentosa",-123.564953,40.289601,1977,9,3,"US","PRESERVED_SPECIMEN","Angelica tomentosa"
"2982070572","Angelica tomentosa",-122.499439,41.312666,1977,9,9,"US","PRESERVED_SPECIMEN","Angelica tomentosa"
"2430292307","Angelica tomentosa",-116.798165,33.820924,1976,6,23,"US","PRESERVED_SPECIMEN","Angelica tomentosa"
"2982018508","Angelica tomentosa",-123.532775,40.342505,1976,7,28,"US","PRESERVED_SPECIMEN","Angelica tomentosa"
"2982036596","Angelica tomentosa",-122.500947,41.322924,1976,7,26,"US","PRESERVED_SPECIMEN","Angelica tomentosa"
"3053398762","Angelica tomentosa",-119.8461,34.7065,1976,7,30,"US","PRESERVED_SPECIMEN","Angelica tomentosa"
"2421753147","Angelica tomentosa",-122.8922,40.9058,1976,8,9,"US","PRESERVED_SPECIMEN","Angelica tomentosa"
"2421750980","Angelica tomentosa",-122.873,40.922,1976,8,10,"US","PRESERVED_SPECIMEN","Angelica tomentosa"
"2421751137","Angelica tomentosa",-122.907435,40.950485,1976,8,11,"US","PRESERVED_SPECIMEN","Angelica tomentosa"
"2421752257","Angelica tomentosa",-122.925853,40.97886,1976,8,12,"US","PRESERVED_SPECIMEN","Angelica tomentosa"
"2421771214","Angelica tomentosa",-122.731667,38.774722,1976,9,10,"US","PRESERVED_SPECIMEN","Angelica tomentosa"
"2421774671","Angelica tomentosa",-122.731667,38.774722,1976,9,10,"US","PRESERVED_SPECIMEN","Angelica tomentosa"
"2982018658","Angelica tomentosa",-123.743452,41.560691,1976,9,8,"US","PRESERVED_SPECIMEN","Angelica tomentosa"
"2982034590","Angelica tomentosa",-122.475345,41.342027,1976,9,3,"US","PRESERVED_SPECIMEN","Angelica tomentosa"
"2982057487","Angelica tomentosa",-123.560905,40.348885,1976,10,25,"US","PRESERVED_SPECIMEN","Angelica tomentosa"
"2421752312","Angelica tomentosa",-122.945319,40.979091,1975,8,4,"US","PRESERVED_SPECIMEN","Angelica tomentosa"
"2982059557","Angelica tomentosa",-123.72597,40.85855,1974,9,2,"US","PRESERVED_SPECIMEN","Angelica tomentosa"
"2982044254","Angelica tomentosa",-123.108426,41.537921,1973,8,14,"US","PRESERVED_SPECIMEN","Angelica tomentosa"
"2982018850","Angelica tomentosa",-123.460422,41.087319,1973,8,3,"US","PRESERVED_SPECIMEN","Angelica tomentosa"
"2430501204","Angelica tomentosa",-117.4873,34.2023,1972,6,29,"US","PRESERVED_SPECIMEN","Angelica tomentosa"
"2982045013","Angelica tomentosa",-122.670233,41.259063,1972,9,12,"US","PRESERVED_SPECIMEN","Angelica tomentosa"
"3053399771","Angelica tomentosa",-119.6576,34.6971,1972,9,12,"US","PRESERVED_SPECIMEN","Angelica tomentosa"
"2430065067","Angelica tomentosa",-117.47924,34.2007,1971,7,7,"US","PRESERVED_SPECIMEN","Angelica tomentosa"
"3125162576","Angelica tomentosa",-117.47923,34.20093,1971,7,7,"US","PRESERVED_SPECIMEN","Angelica tomentosa"
"3125030572","Angelica tomentosa",-116.60999,32.96981,1971,7,31,"US","PRESERVED_SPECIMEN","Angelica tomentosa"
"2982014454","Angelica tomentosa",-123.481457,41.813641,1970,7,15,"US","PRESERVED_SPECIMEN","Angelica tomentosa"
"2430455097","Angelica tomentosa",-117.46578,34.21619,1969,6,26,"US","PRESERVED_SPECIMEN","Angelica tomentosa"
"3125165587","Angelica tomentosa",-116.6,32.98333,1969,8,17,"US","PRESERVED_SPECIMEN","Angelica tomentosa"
"2982017319","Angelica tomentosa",-122.907809,41.286753,1969,9,12,"US","PRESERVED_SPECIMEN","Angelica tomentosa"
"3125164578","Angelica tomentosa",-116.5849,32.9947,1968,7,1,"US","PRESERVED_SPECIMEN","Angelica tomentosa"
"2982043080","Angelica tomentosa",-123.2254684,41.3983468,1968,8,14,"US","PRESERVED_SPECIMEN","Angelica tomentosa"
"2982054557","Angelica tomentosa",-122.89753,41.030698,1967,8,18,"US","PRESERVED_SPECIMEN","Angelica tomentosa"
"2982010571","Angelica tomentosa",-122.89753,41.030698,1967,8,17,"US","PRESERVED_SPECIMEN","Angelica tomentosa"
"2982060293","Angelica tomentosa",-123.616922,41.867461,1967,8,8,"US","PRESERVED_SPECIMEN","Angelica tomentosa"
"2430240650","Angelica tomentosa",-117.50974,34.21366,1967,11,4,"US","PRESERVED_SPECIMEN","Angelica tomentosa"
"2430060632","Angelica tomentosa",-122.9439367,41.0667744,1966,8,3,"US","PRESERVED_SPECIMEN","Angelica tomentosa"
"2982050569","Angelica tomentosa",-122.9439367,41.0667744,1966,8,3,"US","PRESERVED_SPECIMEN","Angelica tomentosa"
"2421751889","Angelica tomentosa",-123.195798,41.561839,1966,9,5,"US","PRESERVED_SPECIMEN","Angelica tomentosa"
"2422274669","Angelica tomentosa",-116.71639,33.71222,1966,9,5,"US","PRESERVED_SPECIMEN","Angelica tomentosa"
"2270173776","Angelica tomentosa",-118.61917,36.12889,1966,10,15,"US","PRESERVED_SPECIMEN","Angelica tomentosa"
"2430298664","Angelica tomentosa",-123.3707029,41.4649645,1965,8,18,"US","PRESERVED_SPECIMEN","Angelica tomentosa"
"2982020290","Angelica tomentosa",-123.737847,41.802893,1965,8,14,"US","PRESERVED_SPECIMEN","Angelica tomentosa"
"2982033079","Angelica tomentosa",-123.548198,42.03165,1965,8,18,"US","PRESERVED_SPECIMEN","Angelica tomentosa"
"3503198370","Angelica tomentosa",-116.72489,33.72156,1963,5,28,"US","PRESERVED_SPECIMEN","Angelica tomentosa"
"3503198353","Angelica tomentosa",-116.7765,33.7749,1963,6,6,"US","PRESERVED_SPECIMEN","Angelica tomentosa"
"3503198369","Angelica tomentosa",-116.7475,33.7976,1963,6,12,"US","PRESERVED_SPECIMEN","Angelica tomentosa"
"3503198377","Angelica tomentosa",-116.7765,33.7749,1963,6,6,"US","PRESERVED_SPECIMEN","Angelica tomentosa"
"2421754015","Angelica tomentosa",-123.0593634,41.3277194,1963,7,4,"US","PRESERVED_SPECIMEN","Angelica tomentosa"
"2421749580","Angelica tomentosa",-123.0593634,41.3277194,1963,7,4,"US","PRESERVED_SPECIMEN","Angelica tomentosa"
"2430547124","Angelica tomentosa",-123.0593634,41.3277194,1963,7,4,"US","PRESERVED_SPECIMEN","Angelica tomentosa"
"2421754370","Angelica tomentosa",-123.4062741,41.4902438,1963,8,20,"US","PRESERVED_SPECIMEN","Angelica tomentosa"
"2421751007","Angelica tomentosa",-123.4062741,41.4902438,1963,8,20,"US","PRESERVED_SPECIMEN","Angelica tomentosa"
"2430492454","Angelica tomentosa",-123.4062741,41.4902438,1963,8,20,"US","PRESERVED_SPECIMEN","Angelica tomentosa"
"3053476780","Angelica tomentosa",-119.6553,34.7015,1961,6,29,"US","PRESERVED_SPECIMEN","Angelica tomentosa"
"2982042847","Angelica tomentosa",-122.987428,40.804206,1961,10,8,"US","PRESERVED_SPECIMEN","Angelica tomentosa"
"2459161061","Angelica tomentosa",-122.14089,37.1039,1959,8,6,"US","PRESERVED_SPECIMEN","Angelica tomentosa"
"3059692273","Angelica tomentosa",-122.88988,38.47379,1957,9,24,"US","PRESERVED_SPECIMEN","Angelica tomentosa"
"3053395750","Angelica tomentosa",-119.6482,34.7001,1956,6,16,"US","PRESERVED_SPECIMEN","Angelica tomentosa"
"2451545611","Angelica tomentosa",-121.6153,37.3569,1955,9,11,"US","PRESERVED_SPECIMEN","Angelica tomentosa"
"2430445167","Angelica tomentosa",-116.8698,33.9016,1949,6,29,"US","PRESERVED_SPECIMEN","Angelica tomentosa"
"2459162700","Angelica tomentosa",-116.773697,33.811298,1948,10,31,"US","PRESERVED_SPECIMEN","Angelica tomentosa"
"2421751204","Angelica tomentosa",-122.603,38.6304,1941,7,17,"US","PRESERVED_SPECIMEN","Angelica tomentosa"
"3053368950","Angelica tomentosa",-122.5901,38.6788,1940,9,1,"US","PRESERVED_SPECIMEN","Angelica tomentosa"
"3053420533","Angelica tomentosa",-122.5901,38.6788,1940,9,1,"US","PRESERVED_SPECIMEN","Angelica tomentosa"
"3053474787","Angelica tomentosa",-119.6467,34.6953,1939,5,11,"US","PRESERVED_SPECIMEN","Angelica tomentosa"
"3820525013","Angelica tomentosa",-124.0058,43.0242,1939,6,28,"US","PRESERVED_SPECIMEN","Angelica tomentosa"
"3125029589","Angelica tomentosa",-116.83613,33.36337,1937,6,28,"US","PRESERVED_SPECIMEN","Angelica tomentosa"
"2430242863","Angelica tomentosa",-117.495347,34.203506,1937,8,22,"US","PRESERVED_SPECIMEN","Angelica tomentosa"
"3125036575","Angelica tomentosa",-116.82576,33.36139,1935,7,10,"US","PRESERVED_SPECIMEN","Angelica tomentosa"
"3125033581","Angelica tomentosa",-116.82576,33.36139,1935,7,10,"US","PRESERVED_SPECIMEN","Angelica tomentosa"
"2430364337","Angelica tomentosa",-122.7999479,41.9943419,1934,7,5,"US","PRESERVED_SPECIMEN","Angelica tomentosa"
"2430046121","Angelica tomentosa",-116.7103,33.7005,1933,8,2,"US","PRESERVED_SPECIMEN","Angelica tomentosa"
"2430151944","Angelica tomentosa",-117.281134,34.204218,1932,6,19,"US","PRESERVED_SPECIMEN","Angelica tomentosa"
"2422383524","Angelica tomentosa",-117.72194,34.18806,1932,7,2,"US","PRESERVED_SPECIMEN","Angelica tomentosa"
"2270258037","Angelica tomentosa",-117.2808,34.2056,1932,7,2,"US","PRESERVED_SPECIMEN","Angelica tomentosa"
"2430497060","Angelica tomentosa",-117.720972,34.188035,1932,7,2,"US","PRESERVED_SPECIMEN","Angelica tomentosa"
"3053401761","Angelica tomentosa",-119.814,34.7109,1930,7,25,"US","PRESERVED_SPECIMEN","Angelica tomentosa"
"2430413310","Angelica tomentosa",-116.83613,33.36337,1926,7,27,"US","PRESERVED_SPECIMEN","Angelica tomentosa"
"2421754045","Angelica tomentosa",-122.235625,37.866336,1925,7,19,"US","PRESERVED_SPECIMEN","Angelica tomentosa"
"2430383646","Angelica tomentosa",-117.47316,34.19371,1925,7,10,"US","PRESERVED_SPECIMEN","Angelica tomentosa"
"2430120165","Angelica tomentosa",-116.7495,33.7989,1924,7,29,"US","PRESERVED_SPECIMEN","Angelica tomentosa"
"2430126145","Angelica tomentosa",-116.8275,33.8509,1924,7,26,"US","PRESERVED_SPECIMEN","Angelica tomentosa"
"2430267923","Angelica tomentosa",-116.8275,33.8509,1924,7,26,"US","PRESERVED_SPECIMEN","Angelica tomentosa"
"2430495237","Angelica tomentosa",-116.7495,33.7989,1924,7,29,"US","PRESERVED_SPECIMEN","Angelica tomentosa"
"2430214496","Angelica tomentosa",-116.71476,33.7465,1924,8,29,"US","PRESERVED_SPECIMEN","Angelica tomentosa"
"2430559241","Angelica tomentosa",-116.83613,33.36337,1922,9,11,"US","PRESERVED_SPECIMEN","Angelica tomentosa"
"3820636200","Angelica tomentosa",-124.141988,42.025637,1919,6,15,"US","PRESERVED_SPECIMEN","Angelica tomentosa"
"3820532533","Angelica tomentosa",-124.3878,42.7083,1919,7,28,"US","PRESERVED_SPECIMEN","Angelica tomentosa"
"2430073657","Angelica tomentosa",-117.637052,34.181989,1918,7,22,"US","PRESERVED_SPECIMEN","Angelica tomentosa"
"2430197034","Angelica tomentosa",-116.86051,33.33502,1918,8,14,"US","PRESERVED_SPECIMEN","Angelica tomentosa"
"2430537954","Angelica tomentosa",-116.86051,33.33502,1918,8,12,"US","PRESERVED_SPECIMEN","Angelica tomentosa"
"3820519018","Angelica tomentosa",-124.20664,42.00484,1913,8,1,"US","PRESERVED_SPECIMEN","Angelica tomentosa"
"1930664600","Angelica tomentosa",-122.702208,38.011312,1912,9,29,"US","PRESERVED_SPECIMEN","Angelica tomentosa"
"2430231722","Angelica tomentosa",-123.158443,41.540146,1908,8,5,"US","PRESERVED_SPECIMEN","Angelica tomentosa"
"2430361162","Angelica tomentosa",-122.3643,37.5131,1903,6,30,"US","PRESERVED_SPECIMEN","Angelica tomentosa"
"3059704737","Angelica tomentosa",-122.542582,38.442285,1902,6,26,"US","PRESERVED_SPECIMEN","Angelica tomentosa"
"3053475776","Angelica tomentosa",-119.6543,34.6971,NA,NA,NA,"US","PRESERVED_SPECIMEN","Angelica tomentosa"
"164279495","Angelica tomentosa",-123.729438,40.866381,NA,NA,NA,"US","FOSSIL_SPECIMEN","Angelica tomentosa"
"311130016","Angelica tomentosa",-123.017222,38.705829,NA,NA,NA,"US","FOSSIL_SPECIMEN","Angelica tomentosa"
