"gbifID","species","longitude","latitude","year","month","day","countryCode","basisOfRecord","accepted_name"
"4126880099","Angelica arguta",-119.788038,49.244542,2023,5,27,"CA","HUMAN_OBSERVATION","Angelica arguta"
"4414212923","Angelica arguta",-119.110512,49.179356,2023,6,9,"CA","HUMAN_OBSERVATION","Angelica arguta"
"4417095147","Angelica arguta",-120.768394,49.079323,2023,6,16,"CA","HUMAN_OBSERVATION","Angelica arguta"
"4153371625","Angelica arguta",-113.908828,49.008247,2023,7,6,"CA","HUMAN_OBSERVATION","Angelica arguta"
"4165500090","Angelica arguta",-113.861892,49.022064,2023,7,17,"CA","HUMAN_OBSERVATION","Angelica arguta"
"4171802917","Angelica arguta",-120.758986,49.059811,2023,7,30,"CA","HUMAN_OBSERVATION","Angelica arguta"
"4172062374","Angelica arguta",-120.751396,49.118229,2023,7,31,"CA","HUMAN_OBSERVATION","Angelica arguta"
"4172128747","Angelica arguta",-120.760269,49.134216,2023,7,31,"CA","HUMAN_OBSERVATION","Angelica arguta"
"4399892228","Angelica arguta",-120.76424,49.041732,2023,7,24,"CA","HUMAN_OBSERVATION","Angelica arguta"
"4172146934","Angelica arguta",-120.851088,49.046203,2023,8,1,"CA","HUMAN_OBSERVATION","Angelica arguta"
"4171772384","Angelica arguta",-120.850228,49.04692,2023,8,1,"CA","HUMAN_OBSERVATION","Angelica arguta"
"4177010185","Angelica arguta",-120.630912,49.747547,2023,8,4,"CA","HUMAN_OBSERVATION","Angelica arguta"
"4177288575","Angelica arguta",-120.80722,49.181275,2023,8,11,"CA","HUMAN_OBSERVATION","Angelica arguta"
"4177449240","Angelica arguta",-120.80973,49.182055,2023,8,11,"CA","HUMAN_OBSERVATION","Angelica arguta"
"4177432605","Angelica arguta",-114.06021,49.00453,2023,8,13,"CA","HUMAN_OBSERVATION","Angelica arguta"
"4177489160","Angelica arguta",-120.823639,49.062309,2023,8,10,"CA","HUMAN_OBSERVATION","Angelica arguta"
"4400241039","Angelica arguta",-120.825775,49.06075,2023,8,15,"CA","HUMAN_OBSERVATION","Angelica arguta"
"4400259951","Angelica arguta",-120.752762,49.114414,2023,8,13,"CA","HUMAN_OBSERVATION","Angelica arguta"
"3988481510","Angelica arguta",-113.912215,49.059442,2022,7,10,"CA","HUMAN_OBSERVATION","Angelica arguta"
"3925034569","Angelica arguta",-117.456014,50.049865,2022,7,27,"CA","HUMAN_OBSERVATION","Angelica arguta"
"4075663686","Angelica arguta",-121.865075,49.01568,2022,7,16,"CA","HUMAN_OBSERVATION","Angelica arguta"
"3892654469","Angelica arguta",-120.578467,49.120543,2022,7,22,"CA","HUMAN_OBSERVATION","Angelica arguta"
"4022200634","Angelica arguta",-113.830078,49.100936,2022,7,25,"CA","HUMAN_OBSERVATION","Angelica arguta"
"4022233598","Angelica arguta",-114.044149,49.030282,2022,7,21,"CA","HUMAN_OBSERVATION","Angelica arguta"
"3923487021","Angelica arguta",-120.802737,49.062647,2022,7,23,"CA","HUMAN_OBSERVATION","Angelica arguta"
"3923246034","Angelica arguta",-120.802557,49.062644,2022,7,23,"CA","HUMAN_OBSERVATION","Angelica arguta"
"3912055666","Angelica arguta",-120.905296,49.534523,2022,8,12,"CA","HUMAN_OBSERVATION","Angelica arguta"
"3912074589","Angelica arguta",-120.905296,49.534523,2022,8,12,"CA","HUMAN_OBSERVATION","Angelica arguta"
"3911991694","Angelica arguta",-120.905273,49.534611,2022,8,12,"CA","HUMAN_OBSERVATION","Angelica arguta"
"3911973626","Angelica arguta",-120.907181,49.536144,2022,8,12,"CA","HUMAN_OBSERVATION","Angelica arguta"
"3961349538","Angelica arguta",-120.908066,49.538445,2022,8,12,"CA","HUMAN_OBSERVATION","Angelica arguta"
"3988495528","Angelica arguta",-114.391017,49.457682,2022,8,13,"CA","HUMAN_OBSERVATION","Angelica arguta"
"3994337533","Angelica arguta",-113.934028,49.031708,2022,8,16,"CA","HUMAN_OBSERVATION","Angelica arguta"
"3988527521","Angelica arguta",-113.934953,49.029608,2022,8,16,"CA","HUMAN_OBSERVATION","Angelica arguta"
"4022322509","Angelica arguta",-114.600197,49.67085,2022,8,8,"CA","HUMAN_OBSERVATION","Angelica arguta"
"3988545516","Angelica arguta",-114.046223,49.019649,2022,8,19,"CA","HUMAN_OBSERVATION","Angelica arguta"
"3902807267","Angelica arguta",-120.83667,49.057797,2022,8,21,"CA","HUMAN_OBSERVATION","Angelica arguta"
"4021968503","Angelica arguta",-114.044629,49.019632,2022,8,19,"CA","HUMAN_OBSERVATION","Angelica arguta"
"3994211538","Angelica arguta",-120.800215,49.13984,2022,8,6,"CA","HUMAN_OBSERVATION","Angelica arguta"
"3994170580","Angelica arguta",-120.804793,49.140558,2022,8,6,"CA","HUMAN_OBSERVATION","Angelica arguta"
"3994217536","Angelica arguta",-120.771901,49.057932,2022,8,11,"CA","HUMAN_OBSERVATION","Angelica arguta"
"3912013765","Angelica arguta",-120.907448,49.539326,2022,8,12,"CA","HUMAN_OBSERVATION","Angelica arguta"
"3912180300","Angelica arguta",-120.90432,49.541199,2022,8,12,"CA","HUMAN_OBSERVATION","Angelica arguta"
"3912156953","Angelica arguta",-120.90062,49.543747,2022,8,12,"CA","HUMAN_OBSERVATION","Angelica arguta"
"3912260604","Angelica arguta",-120.900871,49.543983,2022,8,12,"CA","HUMAN_OBSERVATION","Angelica arguta"
"3988633566","Angelica arguta",-120.836333,49.056443,2022,8,8,"CA","HUMAN_OBSERVATION","Angelica arguta"
"3988636587","Angelica arguta",-120.755452,49.128988,2022,8,7,"CA","HUMAN_OBSERVATION","Angelica arguta"
"3963402540","Angelica arguta",-113.908563,49.05096,2022,9,17,"CA","HUMAN_OBSERVATION","Angelica arguta"
"3398735576","Angelica arguta",-117.013497,49.651178,2021,5,15,"CA","HUMAN_OBSERVATION","Angelica arguta"
"3302201294","Angelica arguta",-113.916305,49.043728,2021,5,29,"CA","HUMAN_OBSERVATION","Angelica arguta"
"3988628385","Angelica arguta",-113.967505,49.07817,2021,5,31,"CA","HUMAN_OBSERVATION","Angelica arguta"
"3456061180","Angelica arguta",-121.625917,49.065569,2021,7,18,"CA","HUMAN_OBSERVATION","Angelica arguta"
"3469077463","Angelica arguta",-114.892867,50.525058,2021,7,25,"CA","HUMAN_OBSERVATION","Angelica arguta"
"3415763694","Angelica arguta",-113.970978,49.07885,2021,7,5,"CA","HUMAN_OBSERVATION","Angelica arguta"
"3925133401","Angelica arguta",-116.034484,49.658888,2021,7,6,"CA","HUMAN_OBSERVATION","Angelica arguta"
"3415762712","Angelica arguta",-113.901397,49.057622,2021,7,8,"CA","HUMAN_OBSERVATION","Angelica arguta"
"3925024443","Angelica arguta",-120.618947,50.384679,2021,7,9,"CA","HUMAN_OBSERVATION","Angelica arguta"
"3415368716","Angelica arguta",-114.297438,49.36303,2021,7,11,"CA","HUMAN_OBSERVATION","Angelica arguta"
"3994188381","Angelica arguta",-120.88566,49.066614,2021,7,13,"CA","HUMAN_OBSERVATION","Angelica arguta"
"3398729710","Angelica arguta",-117.510612,49.296163,2021,7,15,"CA","HUMAN_OBSERVATION","Angelica arguta"
"3399122697","Angelica arguta",-120.464905,50.526073,2021,7,17,"CA","HUMAN_OBSERVATION","Angelica arguta"
"3398702669","Angelica arguta",-117.510818,49.295513,2021,7,15,"CA","HUMAN_OBSERVATION","Angelica arguta"
"3355062642","Angelica arguta",-117.901902,49.03422,2021,7,16,"CA","HUMAN_OBSERVATION","Angelica arguta"
"3333350413","Angelica arguta",-121.007469,49.435183,2021,7,23,"CA","HUMAN_OBSERVATION","Angelica arguta"
"3923671413","Angelica arguta",-120.758571,49.059719,2021,7,20,"CA","HUMAN_OBSERVATION","Angelica arguta"
"3337398797","Angelica arguta",-120.81907,49.06343,2021,7,21,"CA","HUMAN_OBSERVATION","Angelica arguta"
"3337605405","Angelica arguta",-120.802854,49.063271,2021,7,22,"CA","HUMAN_OBSERVATION","Angelica arguta"
"3337924666","Angelica arguta",-122.379992,50.513422,2021,7,17,"CA","HUMAN_OBSERVATION","Angelica arguta"
"3398763898","Angelica arguta",-117.941261,49.259603,2021,7,15,"CA","HUMAN_OBSERVATION","Angelica arguta"
"3398639923","Angelica arguta",-117.942689,49.257922,2021,7,15,"CA","HUMAN_OBSERVATION","Angelica arguta"
"3398726903","Angelica arguta",-117.940003,49.258356,2021,7,15,"CA","HUMAN_OBSERVATION","Angelica arguta"
"3383874952","Angelica arguta",-114.04785,49.01909,2021,8,2,"CA","HUMAN_OBSERVATION","Angelica arguta"
"3384633031","Angelica arguta",-114.358493,50.240124,2021,8,14,"CA","HUMAN_OBSERVATION","Angelica arguta"
"3988559417","Angelica arguta",-117.030189,50.91035,2021,8,15,"CA","HUMAN_OBSERVATION","Angelica arguta"
"3398681776","Angelica arguta",-114.717832,49.746289,2021,8,13,"CA","HUMAN_OBSERVATION","Angelica arguta"
"3398697843","Angelica arguta",-115.142752,49.477061,2021,9,17,"CA","HUMAN_OBSERVATION","Angelica arguta"
"2626613817","Angelica arguta",-117.490964,50.09033,2020,5,20,"CA","HUMAN_OBSERVATION","Angelica arguta"
"4127074015","Angelica arguta",-120.309304,49.840359,2020,6,24,"CA","HUMAN_OBSERVATION","Angelica arguta"
"2992721441","Angelica arguta",-117.568195,49.602978,2020,6,14,"CA","HUMAN_OBSERVATION","Angelica arguta"
"2856615454","Angelica arguta",-114.117858,49.418056,2020,7,22,"CA","HUMAN_OBSERVATION","Angelica arguta"
"2984366413","Angelica arguta",-120.824774,49.061226,2020,8,1,"CA","HUMAN_OBSERVATION","Angelica arguta"
"3923354368","Angelica arguta",-120.730462,49.057175,2020,8,3,"CA","HUMAN_OBSERVATION","Angelica arguta"
"2873885430","Angelica arguta",-113.923793,49.053801,2020,8,2,"CA","HUMAN_OBSERVATION","Angelica arguta"
"3923404355","Angelica arguta",-120.93629,49.086155,2020,8,17,"CA","HUMAN_OBSERVATION","Angelica arguta"
"2984444437","Angelica arguta",-120.899336,49.034076,2020,8,18,"CA","HUMAN_OBSERVATION","Angelica arguta"
"3924994386","Angelica arguta",-120.481741,50.484067,2020,8,29,"CA","HUMAN_OBSERVATION","Angelica arguta"
"3923663367","Angelica arguta",-120.781248,49.105117,2020,8,20,"CA","HUMAN_OBSERVATION","Angelica arguta"
"3398694518","Angelica arguta",-122.273972,50.580278,2020,8,25,"CA","HUMAN_OBSERVATION","Angelica arguta"
"3398752501","Angelica arguta",-120.188766,52.071285,2020,8,16,"CA","HUMAN_OBSERVATION","Angelica arguta"
"3044705877","Angelica arguta",-119.226087,49.189263,2020,8,19,"CA","HUMAN_OBSERVATION","Angelica arguta"
"3059967331","Angelica arguta",-113.48703,49.00187,2020,8,3,"CA","PRESERVED_SPECIMEN","Angelica arguta"
"3399187507","Angelica arguta",-120.481715,50.484062,2020,9,4,"CA","HUMAN_OBSERVATION","Angelica arguta"
"3398744519","Angelica arguta",-120.478357,50.486163,2020,9,4,"CA","HUMAN_OBSERVATION","Angelica arguta"
"3398999523","Angelica arguta",-120.477209,50.485606,2020,9,4,"CA","HUMAN_OBSERVATION","Angelica arguta"
"3399151526","Angelica arguta",-120.481079,50.48469,2020,9,12,"CA","HUMAN_OBSERVATION","Angelica arguta"
"3398708497","Angelica arguta",-120.481218,50.484509,2020,9,12,"CA","HUMAN_OBSERVATION","Angelica arguta"
"3398951498","Angelica arguta",-121.823166,51.314342,2020,9,7,"CA","HUMAN_OBSERVATION","Angelica arguta"
"2980844539","Angelica arguta",-119.32916,49.14432,2020,9,30,"CA","HUMAN_OBSERVATION","Angelica arguta"
"2980802493","Angelica arguta",-119.33025,49.14826,2020,10,8,"CA","HUMAN_OBSERVATION","Angelica arguta"
"3988583346","Angelica arguta",-119.227298,49.189322,2020,10,10,"CA","HUMAN_OBSERVATION","Angelica arguta"
"3923265310","Angelica arguta",-120.759665,49.059847,2019,6,29,"CA","HUMAN_OBSERVATION","Angelica arguta"
"2901722348","Angelica arguta",-120.803383,49.062528,2019,6,29,"CA","HUMAN_OBSERVATION","Angelica arguta"
"3059967328","Angelica arguta",-113.48954,49.00437,2019,6,29,"CA","PRESERVED_SPECIMEN","Angelica arguta"
"3923662316","Angelica arguta",-120.798806,49.062558,2019,7,11,"CA","HUMAN_OBSERVATION","Angelica arguta"
"2873736338","Angelica arguta",-114.109915,49.411157,2019,7,13,"CA","HUMAN_OBSERVATION","Angelica arguta"
"3383843385","Angelica arguta",-120.282219,49.048297,2019,7,17,"CA","HUMAN_OBSERVATION","Angelica arguta"
"2429219935","Angelica arguta",-114.68245,49.603368,2019,7,19,"CA","HUMAN_OBSERVATION","Angelica arguta"
"2294586398","Angelica arguta",-114.675278,49.613889,2019,7,19,"CA","HUMAN_OBSERVATION","Angelica arguta"
"2294587196","Angelica arguta",-114.682282,49.603843,2019,7,19,"CA","HUMAN_OBSERVATION","Angelica arguta"
"2429220178","Angelica arguta",-114.691185,49.602653,2019,7,19,"CA","HUMAN_OBSERVATION","Angelica arguta"
"2429220267","Angelica arguta",-114.669487,49.619057,2019,7,19,"CA","HUMAN_OBSERVATION","Angelica arguta"
"3013864381","Angelica arguta",-120.91465,49.070023,2019,7,12,"CA","HUMAN_OBSERVATION","Angelica arguta"
"2981095339","Angelica arguta",-117.946215,49.255332,2019,7,22,"CA","HUMAN_OBSERVATION","Angelica arguta"
"2980774335","Angelica arguta",-117.940087,49.258531,2019,7,22,"CA","HUMAN_OBSERVATION","Angelica arguta"
"2984385342","Angelica arguta",-113.852082,49.102535,2019,7,27,"CA","HUMAN_OBSERVATION","Angelica arguta"
"2311349208","Angelica arguta",-113.852058,49.102657,2019,7,27,"CA","HUMAN_OBSERVATION","Angelica arguta"
"2984422336","Angelica arguta",-114.732178,49.655265,2019,7,28,"CA","HUMAN_OBSERVATION","Angelica arguta"
"2984555340","Angelica arguta",-114.732233,49.655232,2019,7,28,"CA","HUMAN_OBSERVATION","Angelica arguta"
"2992773377","Angelica arguta",-117.120019,49.604857,2019,7,22,"CA","HUMAN_OBSERVATION","Angelica arguta"
"2980817346","Angelica arguta",-117.941198,49.258464,2019,7,22,"CA","HUMAN_OBSERVATION","Angelica arguta"
"2981078331","Angelica arguta",-117.943739,49.25678,2019,7,22,"CA","HUMAN_OBSERVATION","Angelica arguta"
"2980795342","Angelica arguta",-117.943739,49.25678,2019,7,22,"CA","HUMAN_OBSERVATION","Angelica arguta"
"2331858137","Angelica arguta",-114.40843,49.349057,2019,8,1,"CA","HUMAN_OBSERVATION","Angelica arguta"
"2331861984","Angelica arguta",-114.30098,49.372237,2019,8,1,"CA","HUMAN_OBSERVATION","Angelica arguta"
"2980986348","Angelica arguta",-114.632112,49.634643,2019,8,5,"CA","HUMAN_OBSERVATION","Angelica arguta"
"2331925780","Angelica arguta",-114.631389,49.633889,2019,8,5,"CA","HUMAN_OBSERVATION","Angelica arguta"
"2331942338","Angelica arguta",-114.30349,49.364235,2019,8,2,"CA","HUMAN_OBSERVATION","Angelica arguta"
"2873909333","Angelica arguta",-113.85174,49.102255,2019,8,7,"CA","HUMAN_OBSERVATION","Angelica arguta"
"2963956336","Angelica arguta",-120.832237,49.064457,2019,8,10,"CA","HUMAN_OBSERVATION","Angelica arguta"
"2350428742","Angelica arguta",-114.618807,49.63165,2019,8,14,"CA","HUMAN_OBSERVATION","Angelica arguta"
"2963760341","Angelica arguta",-120.727966,49.057148,2019,8,16,"CA","HUMAN_OBSERVATION","Angelica arguta"
"2984375336","Angelica arguta",-115.016034,49.392701,2019,8,18,"CA","HUMAN_OBSERVATION","Angelica arguta"
"2366110427","Angelica arguta",-114.322493,49.444468,2019,8,19,"CA","HUMAN_OBSERVATION","Angelica arguta"
"3384307392","Angelica arguta",-120.763572,49.046325,2019,8,18,"CA","HUMAN_OBSERVATION","Angelica arguta"
"3039118434","Angelica arguta",-114.657578,49.62822,2019,8,21,"CA","HUMAN_OBSERVATION","Angelica arguta"
"2397628557","Angelica arguta",-114.302778,49.369444,2019,8,29,"CA","HUMAN_OBSERVATION","Angelica arguta"
"3923558322","Angelica arguta",-120.763777,49.100318,2019,8,31,"CA","HUMAN_OBSERVATION","Angelica arguta"
"2826170376","Angelica arguta",-114.491667,49.643889,2019,9,2,"CA","HUMAN_OBSERVATION","Angelica arguta"
"2397692536","Angelica arguta",-114.629257,49.633842,2019,9,2,"CA","HUMAN_OBSERVATION","Angelica arguta"
"2422961709","Angelica arguta",-114.619167,49.631667,2019,9,7,"CA","HUMAN_OBSERVATION","Angelica arguta"
"1890705093","Angelica arguta",-114.636764,49.634766,2018,8,6,"CA","HUMAN_OBSERVATION","Angelica arguta"
"2963775312","Angelica arguta",-120.754744,49.120969,2018,9,5,"CA","HUMAN_OBSERVATION","Angelica arguta"
"1993797324","Angelica arguta",-114.49631,49.49615,2017,7,12,"CA","PRESERVED_SPECIMEN","Angelica arguta"
"2901700393","Angelica arguta",-120.542507,49.493251,2017,8,15,"CA","HUMAN_OBSERVATION","Angelica arguta"
"3414080301","Angelica arguta",-114.702194,49.649222,2016,7,25,"CA","PRESERVED_SPECIMEN","Angelica arguta"
"3399146333","Angelica arguta",-120.45463,50.521933,2016,8,20,"CA","HUMAN_OBSERVATION","Angelica arguta"
"2980848712","Angelica arguta",-113.807868,49.080457,2015,6,10,"CA","HUMAN_OBSERVATION","Angelica arguta"
"3391288380","Angelica arguta",-120.75873,49.059719,2015,6,22,"CA","HUMAN_OBSERVATION","Angelica arguta"
"2873731361","Angelica arguta",-113.940154,49.051715,2015,7,17,"CA","HUMAN_OBSERVATION","Angelica arguta"
"3008570515","Angelica arguta",-117.778173,49.74317,2015,7,28,"CA","HUMAN_OBSERVATION","Angelica arguta"
"1988064445","Angelica arguta",-114.504667,49.121972,2015,7,5,"CA","PRESERVED_SPECIMEN","Angelica arguta"
"1988137105","Angelica arguta",-120.9094,49.07069,2013,8,6,"CA","PRESERVED_SPECIMEN","Angelica arguta"
"3348265890","Angelica arguta",-120.91,49.07,2013,8,6,"CA","PRESERVED_SPECIMEN","Angelica arguta"
"2251588082","Angelica arguta",-120.909,49.0707,2013,8,6,"CA","MATERIAL_SAMPLE","Angelica arguta"
"883415493","Angelica arguta",-114.311849,49.8006,2007,8,17,"CA","PRESERVED_SPECIMEN","Angelica arguta"
"1988198398","Angelica arguta",-120.902833,49.540667,2002,7,9,"CA","PRESERVED_SPECIMEN","Angelica arguta"
"1988161351","Angelica arguta",-120.902889,49.535722,2002,7,4,"CA","PRESERVED_SPECIMEN","Angelica arguta"
"1988087636","Angelica arguta",-120.895222,49.535917,2002,7,29,"CA","PRESERVED_SPECIMEN","Angelica arguta"
"3348194201","Angelica arguta",-120.89,49.54,2002,7,29,"CA","PRESERVED_SPECIMEN","Angelica arguta"
"2251588839","Angelica arguta",-120.895,49.536,2002,7,29,"CA","MATERIAL_SAMPLE","Angelica arguta"
"1988086052","Angelica arguta",-121.6225,49.063056,1998,8,29,"CA","PRESERVED_SPECIMEN","Angelica arguta"
"1949598967","Angelica arguta",-119.2,49.016667,1990,7,18,"CA","PRESERVED_SPECIMEN","Angelica arguta"
"1949631023","Angelica arguta",-119.225,49.183333,1987,7,8,"CA","PRESERVED_SPECIMEN","Angelica arguta"
"1949631009","Angelica arguta",-119.225,49.183333,1987,7,8,"CA","PRESERVED_SPECIMEN","Angelica arguta"
"1988172926","Angelica arguta",-119.55,49.833333,1987,8,27,"CA","PRESERVED_SPECIMEN","Angelica arguta"
"473409939","Angelica arguta",-113.835478,49.116325,1985,7,22,"CA","PRESERVED_SPECIMEN","Angelica arguta"
"1949628848","Angelica arguta",-121.85,49.033333,1984,7,25,"CA","PRESERVED_SPECIMEN","Angelica arguta"
"1988142674","Angelica arguta",-121.138889,49.025,1984,9,19,"CA","PRESERVED_SPECIMEN","Angelica arguta"
"1949628690","Angelica arguta",-121.138889,49.025,1984,9,19,"CA","PRESERVED_SPECIMEN","Angelica arguta"
"1949629173","Angelica arguta",-121.138889,49.025,1984,9,19,"CA","PRESERVED_SPECIMEN","Angelica arguta"
"883422348","Angelica arguta",-114.76,49.9792,1983,7,23,"CA","PRESERVED_SPECIMEN","Angelica arguta"
"441688756","Angelica arguta",-117.116667,49.666667,1981,7,26,"CA","PRESERVED_SPECIMEN","Angelica arguta"
"1988138126","Angelica arguta",-117.116667,49.666667,1981,7,26,"CA","PRESERVED_SPECIMEN","Angelica arguta"
"1804556375","Angelica arguta",-124.433,54.6333,1981,7,16,"CA","PRESERVED_SPECIMEN","Angelica arguta"
"1988169022","Angelica arguta",-127.5,50.2,1979,6,25,"CA","PRESERVED_SPECIMEN","Angelica arguta"
"1949615306","Angelica arguta",-115.64,49.005,1978,8,10,"CA","PRESERVED_SPECIMEN","Angelica arguta"
"1949543534","Angelica arguta",-122.35,50.383333,1976,9,4,"CA","PRESERVED_SPECIMEN","Angelica arguta"
"1988224872","Angelica arguta",-117,50,1975,7,12,"CA","PRESERVED_SPECIMEN","Angelica arguta"
"1259207935","Angelica arguta",-120.71666,49.06666,1973,7,31,"CA","PRESERVED_SPECIMEN","Angelica arguta"
"883421542","Angelica arguta",-113.9315,49.1038,1972,6,6,"CA","PRESERVED_SPECIMEN","Angelica arguta"
"883421599","Angelica arguta",-113.9315,49.1038,1972,7,16,"CA","PRESERVED_SPECIMEN","Angelica arguta"
"894979255","Angelica arguta",-113.85,49.083333,1970,7,9,"CA","PRESERVED_SPECIMEN","Angelica arguta"
"894979284","Angelica arguta",-114.05,49.016667,1970,7,30,"CA","PRESERVED_SPECIMEN","Angelica arguta"
"894979292","Angelica arguta",-113.85,49.133333,1970,7,2,"CA","PRESERVED_SPECIMEN","Angelica arguta"
"894979296","Angelica arguta",-114.116667,49.2,1970,7,28,"CA","PRESERVED_SPECIMEN","Angelica arguta"
"894979297","Angelica arguta",-113.8,49.083333,1970,7,27,"CA","PRESERVED_SPECIMEN","Angelica arguta"
"894979264","Angelica arguta",-114.15,49.15,1970,8,12,"CA","PRESERVED_SPECIMEN","Angelica arguta"
"894979291","Angelica arguta",-113.95,49.15,1969,7,30,"CA","PRESERVED_SPECIMEN","Angelica arguta"
"1899338129","Angelica arguta",-113.95,49.15,1969,7,30,"CA","PRESERVED_SPECIMEN","Angelica arguta"
"3969030210","Angelica arguta",-113.95,49.15,1969,7,30,"CA","PRESERVED_SPECIMEN","Angelica arguta"
"2250955116","Angelica arguta",-113.95,49.15,1969,7,30,"CA","MATERIAL_SAMPLE","Angelica arguta"
"4079741315","Angelica arguta",-113.933333,49.166667,1969,8,2,"CA","PRESERVED_SPECIMEN","Angelica arguta"
"4079741687","Angelica arguta",-113.933333,49.166667,1969,8,2,"CA","PRESERVED_SPECIMEN","Angelica arguta"
"894979266","Angelica arguta",-113.883333,49.183333,1969,8,4,"CA","PRESERVED_SPECIMEN","Angelica arguta"
"894979252","Angelica arguta",-114.05,49.016667,1969,8,5,"CA","PRESERVED_SPECIMEN","Angelica arguta"
"894979316","Angelica arguta",-114.05,49.033333,1969,8,7,"CA","PRESERVED_SPECIMEN","Angelica arguta"
"894979289","Angelica arguta",-113.666667,49,1969,8,20,"CA","PRESERVED_SPECIMEN","Angelica arguta"
"473409942","Angelica arguta",-113.921487,49.064585,1930,7,17,"CA","PRESERVED_SPECIMEN","Angelica arguta"
"2235925195","Angelica arguta",-121.42,49.17,1901,8,30,"CA","PRESERVED_SPECIMEN","Angelica arguta"
"1988174678","Angelica arguta",-114.966667,49.666667,NA,NA,NA,"CA","PRESERVED_SPECIMEN","Angelica arguta"
"4138163870","Angelica arguta",-121.526511,46.846714,2023,6,6,"US","HUMAN_OBSERVATION","Angelica arguta"
"4145657340","Angelica arguta",-120.925608,47.2796,2023,7,3,"US","HUMAN_OBSERVATION","Angelica arguta"
"4153703866","Angelica arguta",-117.048668,47.609674,2023,7,7,"US","HUMAN_OBSERVATION","Angelica arguta"
"4177182957","Angelica arguta",-116.110497,43.769869,2023,7,23,"US","HUMAN_OBSERVATION","Angelica arguta"
"4177247683","Angelica arguta",-121.776923,45.401814,2023,7,25,"US","HUMAN_OBSERVATION","Angelica arguta"
"4407067853","Angelica arguta",-120.050886,48.888856,2023,8,10,"US","HUMAN_OBSERVATION","Angelica arguta"
"4400042864","Angelica arguta",-113.656657,48.695323,2023,8,10,"US","HUMAN_OBSERVATION","Angelica arguta"
"4407409918","Angelica arguta",-123.259033,47.595245,2023,8,21,"US","HUMAN_OBSERVATION","Angelica arguta"
"4413452233","Angelica arguta",-121.788827,45.397579,2023,8,16,"US","HUMAN_OBSERVATION","Angelica arguta"
"4407606323","Angelica arguta",-121.176537,47.524413,2023,9,2,"US","HUMAN_OBSERVATION","Angelica arguta"
"3923625524","Angelica arguta",-122.623046,44.114987,2022,6,25,"US","HUMAN_OBSERVATION","Angelica arguta"
"4068968726","Angelica arguta",-115.53056,44.96582,2022,6,10,"US","PRESERVED_SPECIMEN","Angelica arguta"
"4039258569","Angelica arguta",-121.340881,45.971028,2022,7,3,"US","HUMAN_OBSERVATION","Angelica arguta"
"4014856532","Angelica arguta",-121.339347,45.972744,2022,7,5,"US","HUMAN_OBSERVATION","Angelica arguta"
"4080909446","Angelica arguta",-122.14588,44.279533,2022,7,15,"US","HUMAN_OBSERVATION","Angelica arguta"
"3994038502","Angelica arguta",-113.73008,48.826017,2022,7,15,"US","HUMAN_OBSERVATION","Angelica arguta"
"3994045506","Angelica arguta",-113.667166,48.798287,2022,7,9,"US","HUMAN_OBSERVATION","Angelica arguta"
"3892420480","Angelica arguta",-117.115517,47.899333,2022,7,23,"US","HUMAN_OBSERVATION","Angelica arguta"
"3881496858","Angelica arguta",-114.656765,43.739406,2022,7,27,"US","HUMAN_OBSERVATION","Angelica arguta"
"3881723856","Angelica arguta",-114.654634,43.739362,2022,7,27,"US","HUMAN_OBSERVATION","Angelica arguta"
"4177108552","Angelica arguta",-118.585708,42.624892,2022,8,6,"US","HUMAN_OBSERVATION","Angelica arguta"
"4162242367","Angelica arguta",-122.365371,43.54285,2022,8,15,"US","HUMAN_OBSERVATION","Angelica arguta"
"3902844932","Angelica arguta",-120.708302,48.550848,2022,8,20,"US","HUMAN_OBSERVATION","Angelica arguta"
"4165455379","Angelica arguta",-121.783622,45.409725,2022,8,12,"US","HUMAN_OBSERVATION","Angelica arguta"
"4028678720","Angelica arguta",-121.518861,46.126961,2022,8,15,"US","HUMAN_OBSERVATION","Angelica arguta"
"4018411433","Angelica arguta",-121.35975,46.935933,2022,8,5,"US","HUMAN_OBSERVATION","Angelica arguta"
"4061929899","Angelica arguta",-121.107222,46.705,2022,8,6,"US","PRESERVED_SPECIMEN","Angelica arguta"
"4121349472","Angelica arguta",-118.687788,44.303422,2022,9,3,"US","HUMAN_OBSERVATION","Angelica arguta"
"4006624628","Angelica arguta",-113.717442,48.703597,2022,9,5,"US","HUMAN_OBSERVATION","Angelica arguta"
"3302404645","Angelica arguta",-120.681495,47.460105,2021,6,3,"US","HUMAN_OBSERVATION","Angelica arguta"
"4068908412","Angelica arguta",-113.04763,44.94168,2021,7,17,"US","PRESERVED_SPECIMEN","Angelica arguta"
"4068955979","Angelica arguta",-114.6096,44.43754,2021,7,11,"US","PRESERVED_SPECIMEN","Angelica arguta"
"3915482407","Angelica arguta",-121.669048,42.408467,2021,7,1,"US","HUMAN_OBSERVATION","Angelica arguta"
"3325713987","Angelica arguta",-121.516335,46.118338,2021,7,4,"US","HUMAN_OBSERVATION","Angelica arguta"
"4129786347","Angelica arguta",-112.033539,45.482892,2021,7,14,"US","HUMAN_OBSERVATION","Angelica arguta"
"3335307492","Angelica arguta",-122.242861,43.83999,2021,7,14,"US","HUMAN_OBSERVATION","Angelica arguta"
"3330738059","Angelica arguta",-116.173366,44.332072,2021,7,18,"US","HUMAN_OBSERVATION","Angelica arguta"
"3994285397","Angelica arguta",-113.790425,48.659567,2021,7,25,"US","HUMAN_OBSERVATION","Angelica arguta"
"3333135255","Angelica arguta",-123.244203,47.731808,2021,7,25,"US","HUMAN_OBSERVATION","Angelica arguta"
"4129886356","Angelica arguta",-110.489144,46.2085,2021,7,17,"US","HUMAN_OBSERVATION","Angelica arguta"
"3338133899","Angelica arguta",-121.803109,48.962467,2021,8,10,"US","HUMAN_OBSERVATION","Angelica arguta"
"3383929257","Angelica arguta",-113.608838,48.670362,2021,8,28,"US","HUMAN_OBSERVATION","Angelica arguta"
"3784887424","Angelica arguta",-117.555748,47.938633,2020,5,26,"US","HUMAN_OBSERVATION","Angelica arguta"
"2813920728","Angelica arguta",-120.160962,48.794548,2020,6,14,"US","HUMAN_OBSERVATION","Angelica arguta"
"3961048471","Angelica arguta",-122.130072,44.249592,2020,7,18,"US","HUMAN_OBSERVATION","Angelica arguta"
"4404895805","Angelica arguta",-117.72396,39.31021,2020,7,13,"US","PRESERVED_SPECIMEN","Angelica arguta"
"3068383390","Angelica arguta",-117.72396,39.31021,2020,7,13,"US","PRESERVED_SPECIMEN","Angelica arguta"
"3762799314","Angelica arguta",-117.72396,39.31021,2020,7,13,"US","PRESERVED_SPECIMEN","Angelica arguta"
"2980876421","Angelica arguta",-114.051977,48.767431,2020,7,13,"US","HUMAN_OBSERVATION","Angelica arguta"
"3994340344","Angelica arguta",-113.580355,48.675825,2020,7,15,"US","HUMAN_OBSERVATION","Angelica arguta"
"2826394759","Angelica arguta",-122.152534,44.402779,2020,7,22,"US","HUMAN_OBSERVATION","Angelica arguta"
"2826137900","Angelica arguta",-123.964228,41.86031,2020,7,24,"US","HUMAN_OBSERVATION","Angelica arguta"
"2826470345","Angelica arguta",-121.430442,47.166683,2020,7,26,"US","HUMAN_OBSERVATION","Angelica arguta"
"3117817389","Angelica arguta",-121.469147,44.043158,2020,7,29,"US","HUMAN_OBSERVATION","Angelica arguta"
"2862519782","Angelica arguta",-122.22425,43.52328,2020,7,28,"US","HUMAN_OBSERVATION","Angelica arguta"
"2868200630","Angelica arguta",-120.946263,47.448208,2020,7,21,"US","HUMAN_OBSERVATION","Angelica arguta"
"4068941857","Angelica arguta",-115.9482,44.37997,2020,7,23,"US","PRESERVED_SPECIMEN","Angelica arguta"
"4073791833","Angelica arguta",-116.855541,48.99803,2020,8,19,"US","PRESERVED_SPECIMEN","Angelica arguta"
"4073876423","Angelica arguta",-116.957943,48.817382,2020,8,9,"US","PRESERVED_SPECIMEN","Angelica arguta"
"2850698327","Angelica arguta",-122.320176,43.550103,2020,8,4,"US","HUMAN_OBSERVATION","Angelica arguta"
"2988475649","Angelica arguta",-115.107587,46.570709,2020,8,23,"US","HUMAN_OBSERVATION","Angelica arguta"
"2868382631","Angelica arguta",-121.269771,47.456921,2020,8,24,"US","HUMAN_OBSERVATION","Angelica arguta"
"4073874121","Angelica arguta",-114.788518,46.657715,2020,8,13,"US","PRESERVED_SPECIMEN","Angelica arguta"
"4073895734","Angelica arguta",-114.781584,46.682183,2020,8,15,"US","PRESERVED_SPECIMEN","Angelica arguta"
"4068920234","Angelica arguta",-114.05488,45.08444,2020,8,4,"US","PRESERVED_SPECIMEN","Angelica arguta"
"2294430679","Angelica arguta",-121.691467,48.905125,2019,6,25,"US","HUMAN_OBSERVATION","Angelica arguta"
"4068967447","Angelica arguta",-116.325723,48.895385,2019,6,30,"US","PRESERVED_SPECIMEN","Angelica arguta"
"4073935650","Angelica arguta",-116.325723,48.895385,2019,6,30,"US","PRESERVED_SPECIMEN","Angelica arguta"
"3070321725","Angelica arguta",-113.492241,48.673756,2019,7,10,"US","HUMAN_OBSERVATION","Angelica arguta"
"2366026203","Angelica arguta",-120.947428,47.446803,2019,7,16,"US","HUMAN_OBSERVATION","Angelica arguta"
"2980856326","Angelica arguta",-113.814382,48.699216,2019,7,17,"US","HUMAN_OBSERVATION","Angelica arguta"
"2980791342","Angelica arguta",-113.755654,48.742092,2019,7,22,"US","HUMAN_OBSERVATION","Angelica arguta"
"3759578374","Angelica arguta",-113.666354,48.788742,2019,7,29,"US","HUMAN_OBSERVATION","Angelica arguta"
"3994226321","Angelica arguta",-113.647012,48.986242,2019,7,28,"US","HUMAN_OBSERVATION","Angelica arguta"
"2826144372","Angelica arguta",-117.754906,44.600881,2019,7,26,"US","HUMAN_OBSERVATION","Angelica arguta"
"2826397380","Angelica arguta",-118.234336,44.761281,2019,7,23,"US","HUMAN_OBSERVATION","Angelica arguta"
"2563506919","Angelica arguta",-115.24977,46.731324,2019,7,13,"US","HUMAN_OBSERVATION","Angelica arguta"
"4068918634","Angelica arguta",-114.12685,43.6661,2019,7,16,"US","PRESERVED_SPECIMEN","Angelica arguta"
"2302241583","Angelica arguta",-115.67,45.4325,2019,7,9,"US","PRESERVED_SPECIMEN","Angelica arguta"
"4061830840","Angelica arguta",-115.67,45.4325,2019,7,9,"US","PRESERVED_SPECIMEN","Angelica arguta"
"3994165322","Angelica arguta",-113.44303,48.733178,2019,8,4,"US","HUMAN_OBSERVATION","Angelica arguta"
"2826124382","Angelica arguta",-122.732467,42.082847,2019,8,7,"US","HUMAN_OBSERVATION","Angelica arguta"
"2542903447","Angelica arguta",-123.18927,41.92424,2019,8,25,"US","HUMAN_OBSERVATION","Angelica arguta"
"4068916366","Angelica arguta",-122.72295,42.07638,2019,8,2,"US","PRESERVED_SPECIMEN","Angelica arguta"
"3820601946","Angelica arguta",-122.72295,42.07638,2019,8,2,"US","PRESERVED_SPECIMEN","Angelica arguta"
"3820728095","Angelica arguta",-122.72295,42.07638,2019,8,2,"US","PRESERVED_SPECIMEN","Angelica arguta"
"3820603179","Angelica arguta",-122.72295,42.07638,2019,8,2,"US","PRESERVED_SPECIMEN","Angelica arguta"
"4068966211","Angelica arguta",-116.1107,43.7699,2019,8,26,"US","PRESERVED_SPECIMEN","Angelica arguta"
"4073807319","Angelica arguta",-116.489754,48.826331,2019,8,12,"US","PRESERVED_SPECIMEN","Angelica arguta"
"1847474395","Angelica arguta",-117.056561,47.624117,2018,4,24,"US","HUMAN_OBSERVATION","Angelica arguta"
"1978414426","Angelica arguta",-116.981804,46.815201,2018,6,10,"US","HUMAN_OBSERVATION","Angelica arguta"
"2999176756","Angelica arguta",-121.927055,48.681862,2018,7,3,"US","HUMAN_OBSERVATION","Angelica arguta"
"2012952503","Angelica arguta",-116.485894,45.499652,2018,8,1,"US","HUMAN_OBSERVATION","Angelica arguta"
"4068978353","Angelica arguta",-114.43674,43.85337,2018,8,7,"US","PRESERVED_SPECIMEN","Angelica arguta"
"4070132424","Angelica arguta",-122.035985,48.722443,2018,8,18,"US","PRESERVED_SPECIMEN","Angelica arguta"
"4028873538","Angelica arguta",-114.312529,46.122718,2017,7,19,"US","HUMAN_OBSERVATION","Angelica arguta"
"3468758177","Angelica arguta",-121.038792,48.466578,2017,7,30,"US","HUMAN_OBSERVATION","Angelica arguta"
"2626475311","Angelica arguta",-112.141593,42.845367,2017,7,21,"US","HUMAN_OBSERVATION","Angelica arguta"
"2992857725","Angelica arguta",-120.878763,48.748873,2017,8,2,"US","HUMAN_OBSERVATION","Angelica arguta"
"2992750758","Angelica arguta",-120.843267,48.803323,2017,8,4,"US","HUMAN_OBSERVATION","Angelica arguta"
"2992686754","Angelica arguta",-120.975115,48.826133,2017,8,6,"US","HUMAN_OBSERVATION","Angelica arguta"
"1586941768","Angelica arguta",-120.917416,48.710334,2017,8,1,"US","HUMAN_OBSERVATION","Angelica arguta"
"4070162279","Angelica arguta",-122.199921,45.432021,2017,8,11,"US","PRESERVED_SPECIMEN","Angelica arguta"
"4073705529","Angelica arguta",-115.44482,43.62111,2017,9,9,"US","PRESERVED_SPECIMEN","Angelica arguta"
"3820623658","Angelica arguta",-115.44482,43.62111,2017,9,9,"US","PRESERVED_SPECIMEN","Angelica arguta"
"3820618669","Angelica arguta",-115.44482,43.62111,2017,9,9,"US","PRESERVED_SPECIMEN","Angelica arguta"
"4073690979","Angelica arguta",-115.44482,43.62111,2017,9,9,"US","PRESERVED_SPECIMEN","Angelica arguta"
"4068945701","Angelica arguta",-115.44482,43.62111,2017,9,9,"US","PRESERVED_SPECIMEN","Angelica arguta"
"4068997579","Angelica arguta",-123.928719,41.841559,2016,5,15,"US","PRESERVED_SPECIMEN","Angelica arguta"
"4069045758","Angelica arguta",-123.928719,41.841559,2016,5,15,"US","PRESERVED_SPECIMEN","Angelica arguta"
"4069016566","Angelica arguta",-123.928719,41.841559,2016,5,15,"US","PRESERVED_SPECIMEN","Angelica arguta"
"2826207302","Angelica arguta",-117.207072,45.278,2016,6,30,"US","HUMAN_OBSERVATION","Angelica arguta"
"2988576141","Angelica arguta",-120.920916,47.421088,2016,6,19,"US","HUMAN_OBSERVATION","Angelica arguta"
"2988577207","Angelica arguta",-120.926175,47.42131,2016,6,19,"US","HUMAN_OBSERVATION","Angelica arguta"
"4404949720","Angelica arguta",-117.698033,39.421767,2016,7,10,"US","PRESERVED_SPECIMEN","Angelica arguta"
"4062654303","Angelica arguta",-113.985976,48.552481,2016,7,20,"US","HUMAN_OBSERVATION","Angelica arguta"
"1291665500","Angelica arguta",-113.666911,48.794393,2016,7,8,"US","HUMAN_OBSERVATION","Angelica arguta"
"4068964174","Angelica arguta",-114.83584,44.27515,2016,7,20,"US","PRESERVED_SPECIMEN","Angelica arguta"
"1929354005","Angelica arguta",-117.69803,39.42178,2016,7,10,"US","PRESERVED_SPECIMEN","Angelica arguta"
"4068984694","Angelica arguta",-116.16918,47.88597,2016,7,9,"US","PRESERVED_SPECIMEN","Angelica arguta"
"4068960876","Angelica arguta",-114.86292,44.22524,2016,7,21,"US","PRESERVED_SPECIMEN","Angelica arguta"
"4068974275","Angelica arguta",-116.10471,47.82511,2016,7,9,"US","PRESERVED_SPECIMEN","Angelica arguta"
"4073754279","Angelica arguta",-114.83584,44.27515,2016,7,20,"US","PRESERVED_SPECIMEN","Angelica arguta"
"4404902785","Angelica arguta",-122.05708,44.49023,2016,8,9,"US","PRESERVED_SPECIMEN","Angelica arguta"
"3313036304","Angelica arguta",-122.05708,44.49023,2016,8,9,"US","PRESERVED_SPECIMEN","Angelica arguta"
"3820600590","Angelica arguta",-122.05708,44.49023,2016,8,9,"US","PRESERVED_SPECIMEN","Angelica arguta"
"3820602566","Angelica arguta",-122.05708,44.49023,2016,8,9,"US","PRESERVED_SPECIMEN","Angelica arguta"
"3820729649","Angelica arguta",-122.05708,44.49023,2016,8,9,"US","PRESERVED_SPECIMEN","Angelica arguta"
"3820603629","Angelica arguta",-122.05708,44.49023,2016,8,9,"US","PRESERVED_SPECIMEN","Angelica arguta"
"4407088302","Angelica arguta",-120.881745,48.759501,2016,8,2,"US","HUMAN_OBSERVATION","Angelica arguta"
"4068938802","Angelica arguta",-122.05708,44.49023,2016,8,9,"US","PRESERVED_SPECIMEN","Angelica arguta"
"3313034318","Angelica arguta",-122.05708,44.49023,2016,8,9,"US","PRESERVED_SPECIMEN","Angelica arguta"
"4068977591","Angelica arguta",-115.95228,44.3834,2016,8,11,"US","PRESERVED_SPECIMEN","Angelica arguta"
"4073708291","Angelica arguta",-115.95228,44.3834,2016,8,11,"US","PRESERVED_SPECIMEN","Angelica arguta"
"1269537750","Angelica arguta",-121.72536,46.793263,2015,7,31,"US","HUMAN_OBSERVATION","Angelica arguta"
"1269537891","Angelica arguta",-121.85925,46.924916,2015,7,22,"US","HUMAN_OBSERVATION","Angelica arguta"
"3820734673","Angelica arguta",-123.706347,42.248561,2015,7,9,"US","PRESERVED_SPECIMEN","Angelica arguta"
"2988489869","Angelica arguta",-122.706583,48.5774,2015,7,4,"US","HUMAN_OBSERVATION","Angelica arguta"
"4068969285","Angelica arguta",-115.52415,44.20115,2015,8,9,"US","PRESERVED_SPECIMEN","Angelica arguta"
"4068945695","Angelica arguta",-115.793133,45.229883,2015,8,22,"US","PRESERVED_SPECIMEN","Angelica arguta"
"1065590325","Angelica arguta",-121.6702,46.76643,2014,7,12,"US","HUMAN_OBSERVATION","Angelica arguta"
"2963769043","Angelica arguta",-121.928367,48.691658,2014,7,7,"US","HUMAN_OBSERVATION","Angelica arguta"
"4073743039","Angelica arguta",-114.37,44.465,2014,7,19,"US","PRESERVED_SPECIMEN","Angelica arguta"
"4073739668","Angelica arguta",-114.37,44.465,2014,7,19,"US","PRESERVED_SPECIMEN","Angelica arguta"
"4068918543","Angelica arguta",-113.343883,44.392133,2014,8,16,"US","PRESERVED_SPECIMEN","Angelica arguta"
"4068909395","Angelica arguta",-115.929383,43.413895,2014,8,10,"US","PRESERVED_SPECIMEN","Angelica arguta"
"1987013558","Angelica arguta",-116.337831,41.320482,2014,9,4,"US","PRESERVED_SPECIMEN","Angelica arguta"
"4404867285","Angelica arguta",-116.337831,41.320482,2014,9,4,"US","PRESERVED_SPECIMEN","Angelica arguta"
"4068999045","Angelica arguta",-116.170444,45.152453,2013,7,14,"US","PRESERVED_SPECIMEN","Angelica arguta"
"4073755272","Angelica arguta",-116.170444,45.152453,2013,7,14,"US","PRESERVED_SPECIMEN","Angelica arguta"
"4068982761","Angelica arguta",-116.170444,45.152453,2013,7,14,"US","PRESERVED_SPECIMEN","Angelica arguta"
"4068934603","Angelica arguta",-116.132714,44.4107,2013,8,11,"US","PRESERVED_SPECIMEN","Angelica arguta"
"4068925095","Angelica arguta",-115.6261,43.71425,2013,8,7,"US","PRESERVED_SPECIMEN","Angelica arguta"
"4068917544","Angelica arguta",-115.405961,44.016822,2013,8,21,"US","PRESERVED_SPECIMEN","Angelica arguta"
"730744734","Angelica arguta",-120.4222,47.7567,2012,6,26,"US","PRESERVED_SPECIMEN","Angelica arguta"
"4069742650","Angelica arguta",-117.28383,48.94306,2012,7,20,"US","PRESERVED_SPECIMEN","Angelica arguta"
"4069026130","Angelica arguta",-115.01122,44.19743,2012,7,29,"US","PRESERVED_SPECIMEN","Angelica arguta"
"4068978656","Angelica arguta",-116.105,43.759,2012,7,27,"US","PRESERVED_SPECIMEN","Angelica arguta"
"4073870251","Angelica arguta",-114.858499,45.104062,2011,7,27,"US","PRESERVED_SPECIMEN","Angelica arguta"
"4068907635","Angelica arguta",-115.503267,44.230317,2011,8,14,"US","PRESERVED_SPECIMEN","Angelica arguta"
"3994340364","Angelica arguta",-113.705439,48.81572,2011,8,2,"US","HUMAN_OBSERVATION","Angelica arguta"
"4069718001","Angelica arguta",-116.366667,45.566667,2011,8,13,"US","PRESERVED_SPECIMEN","Angelica arguta"
"4073824128","Angelica arguta",-115.43436,44.72392,2011,8,23,"US","PRESERVED_SPECIMEN","Angelica arguta"
"4068974761","Angelica arguta",-115.503267,44.230317,2011,8,14,"US","PRESERVED_SPECIMEN","Angelica arguta"
"4068961016","Angelica arguta",-115.4325,44.960278,2011,8,13,"US","PRESERVED_SPECIMEN","Angelica arguta"
"4069817309","Angelica arguta",-118.666265,44.303704,2011,8,23,"US","PRESERVED_SPECIMEN","Angelica arguta"
"4068964670","Angelica arguta",-116.091,43.788,2011,9,2,"US","PRESERVED_SPECIMEN","Angelica arguta"
"441688800","Angelica arguta",-120.794686,48.497727,2011,9,7,"US","PRESERVED_SPECIMEN","Angelica arguta"
"4073783008","Angelica arguta",-113.6248,44.72332,2010,7,26,"US","PRESERVED_SPECIMEN","Angelica arguta"
"3820645122","Angelica arguta",-115.275383,44.368333,2010,7,29,"US","PRESERVED_SPECIMEN","Angelica arguta"
"4073756279","Angelica arguta",-115.275383,44.368333,2010,7,29,"US","PRESERVED_SPECIMEN","Angelica arguta"
"4069005305","Angelica arguta",-114.7448,44.3705,2010,7,18,"US","PRESERVED_SPECIMEN","Angelica arguta"
"4068959021","Angelica arguta",-114.7448,44.3705,2010,7,18,"US","PRESERVED_SPECIMEN","Angelica arguta"
"4068931206","Angelica arguta",-115.275383,44.368333,2010,7,29,"US","PRESERVED_SPECIMEN","Angelica arguta"
"4068903127","Angelica arguta",-115.255817,44.28895,2010,8,8,"US","PRESERVED_SPECIMEN","Angelica arguta"
"4073691602","Angelica arguta",-115.255817,44.28895,2010,8,8,"US","PRESERVED_SPECIMEN","Angelica arguta"
"4068912268","Angelica arguta",-115.445533,44.2335,2010,9,5,"US","PRESERVED_SPECIMEN","Angelica arguta"
"4073726139","Angelica arguta",-115.445533,44.2335,2010,9,5,"US","PRESERVED_SPECIMEN","Angelica arguta"
"1929288174","Angelica arguta",-112.305278,41.484444,2009,6,23,"US","PRESERVED_SPECIMEN","Angelica arguta"
"4073855719","Angelica arguta",-115.555314,46.220906,2009,6,2,"US","PRESERVED_SPECIMEN","Angelica arguta"
"1931172237","Angelica arguta",-112.305278,41.484444,2009,6,23,"US","PRESERVED_SPECIMEN","Angelica arguta"
"4073764720","Angelica arguta",-114.095767,43.80485,2009,8,26,"US","PRESERVED_SPECIMEN","Angelica arguta"
"4068915238","Angelica arguta",-114.095767,43.80485,2009,8,26,"US","PRESERVED_SPECIMEN","Angelica arguta"
"2429250627","Angelica arguta",-118.584523,42.667339,2009,8,10,"US","HUMAN_OBSERVATION","Angelica arguta"
"4073695075","Angelica arguta",-114.095767,43.80485,2009,8,26,"US","PRESERVED_SPECIMEN","Angelica arguta"
"441688754","Angelica arguta",-121.02311,47.09108,2009,9,1,"US","PRESERVED_SPECIMEN","Angelica arguta"
"4069882455","Angelica arguta",-113.73225,46.51036,2008,7,12,"US","PRESERVED_SPECIMEN","Angelica arguta"
"4069894965","Angelica arguta",-113.75323,46.53459,2008,7,11,"US","PRESERVED_SPECIMEN","Angelica arguta"
"441688771","Angelica arguta",-113.75323,46.53459,2008,7,11,"US","PRESERVED_SPECIMEN","Angelica arguta"
"441688772","Angelica arguta",-113.73225,46.51036,2008,7,12,"US","PRESERVED_SPECIMEN","Angelica arguta"
"441688775","Angelica arguta",-113.72664,46.43056,2008,7,12,"US","PRESERVED_SPECIMEN","Angelica arguta"
"441688776","Angelica arguta",-113.72664,46.43056,2008,7,12,"US","PRESERVED_SPECIMEN","Angelica arguta"
"4073958944","Angelica arguta",-113.73225,46.51036,2008,7,12,"US","PRESERVED_SPECIMEN","Angelica arguta"
"4069921522","Angelica arguta",-113.72664,46.43056,2008,7,12,"US","PRESERVED_SPECIMEN","Angelica arguta"
"4073751834","Angelica arguta",-115.849617,44.372317,2008,8,24,"US","PRESERVED_SPECIMEN","Angelica arguta"
"4068936361","Angelica arguta",-115.84962,44.37232,2008,8,24,"US","PRESERVED_SPECIMEN","Angelica arguta"
"4070166054","Angelica arguta",-121.825645,45.345972,2008,9,6,"US","PRESERVED_SPECIMEN","Angelica arguta"
"3820551360","Angelica arguta",-115.758567,47.432969,2007,6,26,"US","PRESERVED_SPECIMEN","Angelica arguta"
"4073862660","Angelica arguta",-115.681533,47.363166,2007,6,13,"US","PRESERVED_SPECIMEN","Angelica arguta"
"4073837511","Angelica arguta",-115.758567,47.432969,2007,6,26,"US","PRESERVED_SPECIMEN","Angelica arguta"
"4068994393","Angelica arguta",-114.8928,43.9019,2007,7,15,"US","PRESERVED_SPECIMEN","Angelica arguta"
"4069042253","Angelica arguta",-115.0418,44.2493,2007,7,15,"US","PRESERVED_SPECIMEN","Angelica arguta"
"4069012033","Angelica arguta",-114.9333,43.910334,2007,7,31,"US","PRESERVED_SPECIMEN","Angelica arguta"
"4068911729","Angelica arguta",-116.87743,48.75435,2007,7,15,"US","PRESERVED_SPECIMEN","Angelica arguta"
"4073889273","Angelica arguta",-115.700722,45.282222,2007,7,8,"US","PRESERVED_SPECIMEN","Angelica arguta"
"4068947173","Angelica arguta",-115.700722,45.282222,2007,7,8,"US","PRESERVED_SPECIMEN","Angelica arguta"
"1257516150","Angelica arguta",-122.5295,41.397944,2007,7,31,"US","PRESERVED_SPECIMEN","Angelica arguta"
"441688714","Angelica arguta",-120.962533,47.067467,2007,8,16,"US","PRESERVED_SPECIMEN","Angelica arguta"
"4068951731","Angelica arguta",-114.3353,43.850433,2007,8,11,"US","PRESERVED_SPECIMEN","Angelica arguta"
"4070155160","Angelica arguta",-121.418333,45.265,2007,8,13,"US","PRESERVED_SPECIMEN","Angelica arguta"
"4070157294","Angelica arguta",-122.891167,42.039167,2007,8,24,"US","PRESERVED_SPECIMEN","Angelica arguta"
"1986979180","Angelica arguta",-110.7095,44.1167,2006,7,28,"US","PRESERVED_SPECIMEN","Angelica arguta"
"441688667","Angelica arguta",-120.655667,48.468817,2006,7,30,"US","PRESERVED_SPECIMEN","Angelica arguta"
"4404961838","Angelica arguta",-118.222889,41.97725,2006,8,4,"US","PRESERVED_SPECIMEN","Angelica arguta"
"441688694","Angelica arguta",-120.690967,47.31935,2006,8,29,"US","PRESERVED_SPECIMEN","Angelica arguta"
"1930425667","Angelica arguta",-118.22289,41.97725,2006,8,4,"US","PRESERVED_SPECIMEN","Angelica arguta"
"4070151426","Angelica arguta",-122.258333,46.187,2006,8,11,"US","PRESERVED_SPECIMEN","Angelica arguta"
"4068942369","Angelica arguta",-115.3182,46.345767,2006,9,3,"US","PRESERVED_SPECIMEN","Angelica arguta"
"441688697","Angelica arguta",-122.628367,48.4749,2006,10,4,"US","PRESERVED_SPECIMEN","Angelica arguta"
"441688698","Angelica arguta",-122.628367,48.4749,2006,10,4,"US","PRESERVED_SPECIMEN","Angelica arguta"
"4073902628","Angelica arguta",-115.283667,46.044367,2005,5,31,"US","PRESERVED_SPECIMEN","Angelica arguta"
"4073869055","Angelica arguta",-116.025161,47.426319,2005,6,22,"US","PRESERVED_SPECIMEN","Angelica arguta"
"4073935836","Angelica arguta",-115.610117,46.121,2005,6,1,"US","PRESERVED_SPECIMEN","Angelica arguta"
"4068965074","Angelica arguta",-115.306817,46.731167,2005,7,10,"US","PRESERVED_SPECIMEN","Angelica arguta"
"4073801358","Angelica arguta",-115.306817,46.731167,2005,7,10,"US","PRESERVED_SPECIMEN","Angelica arguta"
"441688680","Angelica arguta",-115.605165,47.451827,2005,7,10,"US","PRESERVED_SPECIMEN","Angelica arguta"
"441688715","Angelica arguta",-115.605165,47.451827,2005,7,10,"US","PRESERVED_SPECIMEN","Angelica arguta"
"4068900565","Angelica arguta",-115.306817,46.731167,2005,7,10,"US","PRESERVED_SPECIMEN","Angelica arguta"
"4073931675","Angelica arguta",-116.9485427,44.5346843,2005,8,10,"US","PRESERVED_SPECIMEN","Angelica arguta"
"441688024","Angelica arguta",-117.810278,46.158333,2004,7,10,"US","PRESERVED_SPECIMEN","Angelica arguta"
"4069048867","Angelica arguta",-115.425183,41.8343,2004,7,7,"US","PRESERVED_SPECIMEN","Angelica arguta"
"4073772292","Angelica arguta",-116.959575,46.723634,2004,7,28,"US","PRESERVED_SPECIMEN","Angelica arguta"
"4073875772","Angelica arguta",-116.784397,46.816383,2004,7,28,"US","PRESERVED_SPECIMEN","Angelica arguta"
"441687892","Angelica arguta",-121.5849,46.9533,2004,8,18,"US","PRESERVED_SPECIMEN","Angelica arguta"
"4068346090","Angelica arguta",-121.5849,46.9533,2004,8,18,"US","PRESERVED_SPECIMEN","Angelica arguta"
"4068343502","Angelica arguta",-121.5849,46.9533,2004,8,14,"US","PRESERVED_SPECIMEN","Angelica arguta"
"4073936724","Angelica arguta",-116.694274,46.7800732,2002,7,4,"US","PRESERVED_SPECIMEN","Angelica arguta"
"4073762767","Angelica arguta",-116.257076,46.869934,2002,7,18,"US","PRESERVED_SPECIMEN","Angelica arguta"
"4068910194","Angelica arguta",-115.140361,44.551028,2002,8,16,"US","PRESERVED_SPECIMEN","Angelica arguta"
"441688124","Angelica arguta",-115.140361,44.551028,2002,8,16,"US","PRESERVED_SPECIMEN","Angelica arguta"
"4068937548","Angelica arguta",-115.140361,44.551028,2002,8,16,"US","PRESERVED_SPECIMEN","Angelica arguta"
"4073866080","Angelica arguta",-117.962778,45.833056,2001,7,22,"US","PRESERVED_SPECIMEN","Angelica arguta"
"4070666030","Angelica arguta",-122.800458,42.127733,2001,7,13,"US","PRESERVED_SPECIMEN","Angelica arguta"
"415720095","Angelica arguta",-117.911944,45.773056,2001,8,5,"US","PRESERVED_SPECIMEN","Angelica arguta"
"1843906713","Angelica arguta",-117.89244,45.86578,2001,8,7,"US","PRESERVED_SPECIMEN","Angelica arguta"
"4073881632","Angelica arguta",-111.4227739,43.0573399,2000,6,7,"US","PRESERVED_SPECIMEN","Angelica arguta"
"441688010","Angelica arguta",-120.416,44.402333,2000,6,10,"US","PRESERVED_SPECIMEN","Angelica arguta"
"4073852700","Angelica arguta",-120.416,44.402333,2000,6,10,"US","PRESERVED_SPECIMEN","Angelica arguta"
"1988088722","Angelica arguta",-120.416,44.435667,2000,6,10,"US","PRESERVED_SPECIMEN","Angelica arguta"
"4073743379","Angelica arguta",-115.248445,45.340664,2000,7,23,"US","PRESERVED_SPECIMEN","Angelica arguta"
"4073851604","Angelica arguta",-117.588333,41.669167,2000,7,24,"US","PRESERVED_SPECIMEN","Angelica arguta"
"3820564522","Angelica arguta",-121.5632,46.8797,2000,9,13,"US","PRESERVED_SPECIMEN","Angelica arguta"
"3820566268","Angelica arguta",-121.5632,46.8797,2000,9,13,"US","PRESERVED_SPECIMEN","Angelica arguta"
"3820659642","Angelica arguta",-118.668107,44.30675,1997,8,23,"US","PRESERVED_SPECIMEN","Angelica arguta"
"4069798583","Angelica arguta",-117.034486,47.542615,1996,7,8,"US","PRESERVED_SPECIMEN","Angelica arguta"
"4073838768","Angelica arguta",-115.8655313,45.6049857,1995,7,20,"US","PRESERVED_SPECIMEN","Angelica arguta"
"4074147297","Angelica arguta",-116.67738,47.008909,1995,8,3,"US","PRESERVED_SPECIMEN","Angelica arguta"
"4074146191","Angelica arguta",-116.67738,47.008909,1995,8,3,"US","PRESERVED_SPECIMEN","Angelica arguta"
"4070125475","Angelica arguta",-121.7171333,48.0330242,1995,8,9,"US","PRESERVED_SPECIMEN","Angelica arguta"
"1986970563","Angelica arguta",-115.683333,44.4,1994,6,25,"US","PRESERVED_SPECIMEN","Angelica arguta"
"4068967569","Angelica arguta",-115.683333,44.566667,1994,6,25,"US","PRESERVED_SPECIMEN","Angelica arguta"
"4068977978","Angelica arguta",-115.683333,44.566667,1994,6,25,"US","PRESERVED_SPECIMEN","Angelica arguta"
"441688116","Angelica arguta",-115.966667,44.933333,1994,7,30,"US","PRESERVED_SPECIMEN","Angelica arguta"
"1929982038","Angelica arguta",-115.97,44.93,1994,7,30,"US","PRESERVED_SPECIMEN","Angelica arguta"
"4069937141","Angelica arguta",-113.806,47.7089,1994,7,12,"US","PRESERVED_SPECIMEN","Angelica arguta"
"4069891546","Angelica arguta",-113.806,47.7089,1994,7,12,"US","PRESERVED_SPECIMEN","Angelica arguta"
"4068966252","Angelica arguta",-115.966667,44.933333,1994,7,30,"US","PRESERVED_SPECIMEN","Angelica arguta"
"1928486923","Angelica arguta",-114.6088,46.5773,1994,8,7,"US","PRESERVED_SPECIMEN","Angelica arguta"
"1457369820","Angelica arguta",-114.600646,46.578008,1994,8,7,"US","PRESERVED_SPECIMEN","Angelica arguta"
"3820644139","Angelica arguta",-114.600871,46.578171,1994,8,7,"US","PRESERVED_SPECIMEN","Angelica arguta"
"3820538358","Angelica arguta",-114.600871,46.578171,1994,8,7,"US","PRESERVED_SPECIMEN","Angelica arguta"
"4073959420","Angelica arguta",-116.8193656,46.112875,1993,7,20,"US","PRESERVED_SPECIMEN","Angelica arguta"
"4068861585","Angelica arguta",-111.7722038,44.5717239,1993,8,5,"US","PRESERVED_SPECIMEN","Angelica arguta"
"4069048412","Angelica arguta",-118.590168,42.631291,1992,7,30,"US","PRESERVED_SPECIMEN","Angelica arguta"
"4069929918","Angelica arguta",-113.6776,46.0249,1992,7,16,"US","PRESERVED_SPECIMEN","Angelica arguta"
"441687917","Angelica arguta",-119.918183,48.907833,1992,8,10,"US","PRESERVED_SPECIMEN","Angelica arguta"
"4069795977","Angelica arguta",-122.16278,44.17528,1991,7,18,"US","PRESERVED_SPECIMEN","Angelica arguta"
"4073858373","Angelica arguta",-114.568511,45.150584,1991,8,3,"US","PRESERVED_SPECIMEN","Angelica arguta"
"4069692379","Angelica arguta",-120.59,48.692649,1991,8,7,"US","PRESERVED_SPECIMEN","Angelica arguta"
"4069837082","Angelica arguta",-120.59,48.692649,1991,8,7,"US","PRESERVED_SPECIMEN","Angelica arguta"
"4069729473","Angelica arguta",-123.7525,42.297721,1990,5,26,"US","PRESERVED_SPECIMEN","Angelica arguta"
"4069692898","Angelica arguta",-121.25028,48.66667,1990,8,3,"US","PRESERVED_SPECIMEN","Angelica arguta"
"4073786639","Angelica arguta",-113.7153969,47.1002965,1988,7,19,"US","PRESERVED_SPECIMEN","Angelica arguta"
"3820700695","Angelica arguta",-123.472547,42.931369,1987,5,18,"US","PRESERVED_SPECIMEN","Angelica arguta"
"4068952062","Angelica arguta",-116.2596,44.7087,1987,6,17,"US","PRESERVED_SPECIMEN","Angelica arguta"
"1929188784","Angelica arguta",-117.5268,41.6783,1987,6,30,"US","PRESERVED_SPECIMEN","Angelica arguta"
"4073895857","Angelica arguta",-116.2603273,44.7084886,1987,6,17,"US","PRESERVED_SPECIMEN","Angelica arguta"
"4073840466","Angelica arguta",-116.483944,48.140374,1987,7,1,"US","PRESERVED_SPECIMEN","Angelica arguta"
"4073845069","Angelica arguta",-117.0124176,48.623667,1987,8,22,"US","PRESERVED_SPECIMEN","Angelica arguta"
"4073898905","Angelica arguta",-113.4468463,44.3405134,1986,7,17,"US","PRESERVED_SPECIMEN","Angelica arguta"
"4069874844","Angelica arguta",-115.6635,48.2137,1986,8,4,"US","PRESERVED_SPECIMEN","Angelica arguta"
"3820538910","Angelica arguta",-120.33568,44.42987,1986,8,7,"US","PRESERVED_SPECIMEN","Angelica arguta"
"4404961872","Angelica arguta",-120.33568,44.42987,1986,8,7,"US","PRESERVED_SPECIMEN","Angelica arguta"
"1929319860","Angelica arguta",-120.3332,44.4285,1986,8,7,"US","PRESERVED_SPECIMEN","Angelica arguta"
"3820537523","Angelica arguta",-120.33568,44.42987,1986,8,7,"US","PRESERVED_SPECIMEN","Angelica arguta"
"1931078979","Angelica arguta",-120.3332,44.4285,1986,8,7,"US","PRESERVED_SPECIMEN","Angelica arguta"
"1927866949","Angelica arguta",-117.6815,41.4601,1985,7,26,"US","PRESERVED_SPECIMEN","Angelica arguta"
"4069720262","Angelica arguta",-118.76667,48.88333,1985,7,27,"US","PRESERVED_SPECIMEN","Angelica arguta"
"1928941608","Angelica arguta",-117.6629149,41.4745127,1985,7,26,"US","PRESERVED_SPECIMEN","Angelica arguta"
"4069672232","Angelica arguta",-120.73642,44.52649,1984,5,24,"US","PRESERVED_SPECIMEN","Angelica arguta"
"4069738530","Angelica arguta",-114.75028,44.25028,1984,10,8,"US","PRESERVED_SPECIMEN","Angelica arguta"
"4073773257","Angelica arguta",-114.226375,43.854856,1984,10,8,"US","PRESERVED_SPECIMEN","Angelica arguta"
"3820543886","Angelica arguta",-123.74899,42.04542,1983,7,28,"US","PRESERVED_SPECIMEN","Angelica arguta"
"3820660287","Angelica arguta",-123.74899,42.04542,1983,7,28,"US","PRESERVED_SPECIMEN","Angelica arguta"
"3820651578","Angelica arguta",-123.74899,42.04542,1983,7,28,"US","PRESERVED_SPECIMEN","Angelica arguta"
"4069714055","Angelica arguta",-116.798483,46.757409,1983,7,29,"US","PRESERVED_SPECIMEN","Angelica arguta"
"3820559303","Angelica arguta",-122.15816,44.39583,1983,8,10,"US","PRESERVED_SPECIMEN","Angelica arguta"
"3820639211","Angelica arguta",-122.15816,44.39583,1983,8,10,"US","PRESERVED_SPECIMEN","Angelica arguta"
"4073859732","Angelica arguta",-113.134074,44.1111,1982,7,28,"US","PRESERVED_SPECIMEN","Angelica arguta"
"4069896015","Angelica arguta",-112.6157,47.8498,1982,7,26,"US","PRESERVED_SPECIMEN","Angelica arguta"
"4069671435","Angelica arguta",-121.033911,44.390352,1981,5,29,"US","PRESERVED_SPECIMEN","Angelica arguta"
"4069676287","Angelica arguta",-121.033911,44.390352,1981,5,29,"US","PRESERVED_SPECIMEN","Angelica arguta"
"4069025271","Angelica arguta",-116.132588,46.818878,1981,6,29,"US","PRESERVED_SPECIMEN","Angelica arguta"
"4069910216","Angelica arguta",-110.2383,46.0381,1981,8,15,"US","PRESERVED_SPECIMEN","Angelica arguta"
"3820655247","Angelica arguta",-123.7019,42.0675,1980,6,24,"US","PRESERVED_SPECIMEN","Angelica arguta"
"4069831305","Angelica arguta",-113.57722,42.41278,1980,6,22,"US","PRESERVED_SPECIMEN","Angelica arguta"
"3820545407","Angelica arguta",-123.7019,42.0675,1980,6,24,"US","PRESERVED_SPECIMEN","Angelica arguta"
"1927774257","Angelica arguta",-115.3318,43.7267,1980,8,18,"US","PRESERVED_SPECIMEN","Angelica arguta"
"1928392320","Angelica arguta",-115.3318,43.7267,1980,8,18,"US","PRESERVED_SPECIMEN","Angelica arguta"
"4069934326","Angelica arguta",-113.6656,45.6471,1980,8,17,"US","PRESERVED_SPECIMEN","Angelica arguta"
"4069872036","Angelica arguta",-113.6656,45.6471,1980,8,17,"US","PRESERVED_SPECIMEN","Angelica arguta"
"4073944062","Angelica arguta",-114.782008,44.058926,1980,8,13,"US","PRESERVED_SPECIMEN","Angelica arguta"
"4068836234","Angelica arguta",-112.6173449,45.7779101,1979,6,13,"US","PRESERVED_SPECIMEN","Angelica arguta"
"4068857999","Angelica arguta",-111.6095128,45.5159189,1979,7,18,"US","PRESERVED_SPECIMEN","Angelica arguta"
"3968371552","Angelica arguta",-122.1436,44.27953,1979,7,27,"US","PRESERVED_SPECIMEN","Angelica arguta"
"4068870407","Angelica arguta",-111.6095128,45.5159189,1979,7,18,"US","PRESERVED_SPECIMEN","Angelica arguta"
"4068839411","Angelica arguta",-112.6438459,45.7934098,1979,8,21,"US","PRESERVED_SPECIMEN","Angelica arguta"
"4069874723","Angelica arguta",-113.973,46.81,1978,7,7,"US","PRESERVED_SPECIMEN","Angelica arguta"
"4073700162","Angelica arguta",-111.339483,43.141673,1978,8,8,"US","PRESERVED_SPECIMEN","Angelica arguta"
"4068344106","Angelica arguta",-121.624562,46.873441,1978,8,28,"US","PRESERVED_SPECIMEN","Angelica arguta"
"4073725871","Angelica arguta",-111.339483,43.141673,1978,8,8,"US","PRESERVED_SPECIMEN","Angelica arguta"
"4068898352","Angelica arguta",-111.33948,43.14167,1978,8,8,"US","PRESERVED_SPECIMEN","Angelica arguta"
"1457369792","Angelica arguta",-106.680656,44.353156,1978,9,5,"US","PRESERVED_SPECIMEN","Angelica arguta"
"1457369823","Angelica arguta",-106.680656,44.353156,1978,9,5,"US","PRESERVED_SPECIMEN","Angelica arguta"
"4073705651","Angelica arguta",-111.287024,44.52329,1977,6,29,"US","PRESERVED_SPECIMEN","Angelica arguta"
"4073759200","Angelica arguta",-111.287024,44.52329,1977,6,29,"US","PRESERVED_SPECIMEN","Angelica arguta"
"4073832759","Angelica arguta",-115.6310446,46.7655821,1977,7,22,"US","PRESERVED_SPECIMEN","Angelica arguta"
"4073885087","Angelica arguta",-115.632477,46.71515,1977,7,21,"US","PRESERVED_SPECIMEN","Angelica arguta"
"4073800949","Angelica arguta",-115.632477,46.71515,1977,7,21,"US","PRESERVED_SPECIMEN","Angelica arguta"
"4073840504","Angelica arguta",-113.691464,45.11794,1977,7,18,"US","PRESERVED_SPECIMEN","Angelica arguta"
"4068842543","Angelica arguta",-113.8897957,46.7376962,1977,7,6,"US","PRESERVED_SPECIMEN","Angelica arguta"
"4068840722","Angelica arguta",-113.8897957,46.7376962,1977,7,6,"US","PRESERVED_SPECIMEN","Angelica arguta"
"4073891268","Angelica arguta",-116.6002052,48.5803706,1977,7,27,"US","PRESERVED_SPECIMEN","Angelica arguta"
"4073809678","Angelica arguta",-115.6310446,46.7655821,1977,7,22,"US","PRESERVED_SPECIMEN","Angelica arguta"
"4073712876","Angelica arguta",-111.332102,43.103145,1977,7,27,"US","PRESERVED_SPECIMEN","Angelica arguta"
"4069907905","Angelica arguta",-114.3714,46.4926,1977,8,11,"US","PRESERVED_SPECIMEN","Angelica arguta"
"441687922","Angelica arguta",-121.401601,46.381094,1977,9,16,"US","PRESERVED_SPECIMEN","Angelica arguta"
"2270698902","Angelica arguta",-118.099504,45.780238,1976,8,12,"US","PRESERVED_SPECIMEN","Angelica arguta"
"4073826550","Angelica arguta",-116.6002052,48.5803706,1976,8,12,"US","PRESERVED_SPECIMEN","Angelica arguta"
"4073836358","Angelica arguta",-115.9227575,47.0426788,1976,9,28,"US","PRESERVED_SPECIMEN","Angelica arguta"
"3773915561","Angelica arguta",-118.541241,45.260157,1975,7,19,"US","PRESERVED_SPECIMEN","Angelica arguta"
"4069900810","Angelica arguta",-114.173149,46.225477,1975,7,3,"US","PRESERVED_SPECIMEN","Angelica arguta"
"4069901477","Angelica arguta",-114.173149,46.225477,1975,7,5,"US","PRESERVED_SPECIMEN","Angelica arguta"
"4068869912","Angelica arguta",-114.1815,46.228433,1975,7,3,"US","PRESERVED_SPECIMEN","Angelica arguta"
"3820542128","Angelica arguta",-122.29755,42.43995,1975,8,14,"US","PRESERVED_SPECIMEN","Angelica arguta"
"3820663187","Angelica arguta",-122.29755,42.43995,1975,8,14,"US","PRESERVED_SPECIMEN","Angelica arguta"
"4070504960","Angelica arguta",-121.474812,46.935389,1975,8,16,"US","PRESERVED_SPECIMEN","Angelica arguta"
"4070508309","Angelica arguta",-121.520149,46.869676,1975,9,10,"US","PRESERVED_SPECIMEN","Angelica arguta"
"4073926293","Angelica arguta",-113.446792,44.605065,1974,7,22,"US","PRESERVED_SPECIMEN","Angelica arguta"
"441687912","Angelica arguta",-120.835,47.46605,1974,8,27,"US","PRESERVED_SPECIMEN","Angelica arguta"
"4069869867","Angelica arguta",-113.476453,45.947701,1974,9,25,"US","PRESERVED_SPECIMEN","Angelica arguta"
"4069870913","Angelica arguta",-114.3,45.8,1974,9,19,"US","PRESERVED_SPECIMEN","Angelica arguta"
"4069736877","Angelica arguta",-117.99722,46.06167,1973,5,27,"US","PRESERVED_SPECIMEN","Angelica arguta"
"4069783951","Angelica arguta",-118.07056,46.28778,1973,5,27,"US","PRESERVED_SPECIMEN","Angelica arguta"
"4068939323","Angelica arguta",-116.3199,48.2894,1973,6,21,"US","PRESERVED_SPECIMEN","Angelica arguta"
"4070161451","Angelica arguta",-122.721448,42.074208,1973,7,23,"US","PRESERVED_SPECIMEN","Angelica arguta"
"3820530235","Angelica arguta",-122.7069,42.0768,1973,7,23,"US","PRESERVED_SPECIMEN","Angelica arguta"
"4073783200","Angelica arguta",-116.3206916,48.2891731,1973,9,11,"US","PRESERVED_SPECIMEN","Angelica arguta"
"4069898689","Angelica arguta",-113.741504,48.676363,1972,8,28,"US","PRESERVED_SPECIMEN","Angelica arguta"
"3460922302","Angelica arguta",-124.67823,48.01864,1971,5,16,"US","PRESERVED_SPECIMEN","Angelica arguta"
"4069013904","Angelica arguta",-116.84,43.45,1971,6,29,"US","PRESERVED_SPECIMEN","Angelica arguta"
"1928064124","Angelica arguta",-111.3828,42.927,1971,7,18,"US","PRESERVED_SPECIMEN","Angelica arguta"
"1457369802","Angelica arguta",-111.382714,42.925492,1971,7,18,"US","PRESERVED_SPECIMEN","Angelica arguta"
"441688075","Angelica arguta",-111.424909,43.004062,1971,7,18,"US","PRESERVED_SPECIMEN","Angelica arguta"
"441688085","Angelica arguta",-111.424909,43.004062,1971,7,18,"US","PRESERVED_SPECIMEN","Angelica arguta"
"1930585909","Angelica arguta",-111.3828,42.927,1971,7,18,"US","PRESERVED_SPECIMEN","Angelica arguta"
"4069909604","Angelica arguta",-115.5927,47.4072,1971,7,27,"US","PRESERVED_SPECIMEN","Angelica arguta"
"4069935762","Angelica arguta",-114.4961,46.6819,1970,7,19,"US","PRESERVED_SPECIMEN","Angelica arguta"
"4070165009","Angelica arguta",-121.533508,45.125503,1970,8,9,"US","PRESERVED_SPECIMEN","Angelica arguta"
"4070152667","Angelica arguta",-121.176367,45.253198,1970,8,9,"US","PRESERVED_SPECIMEN","Angelica arguta"
"4069874682","Angelica arguta",-114.488981,45.792695,1970,9,6,"US","PRESERVED_SPECIMEN","Angelica arguta"
"4069865380","Angelica arguta",-114.446758,45.745195,1970,9,6,"US","PRESERVED_SPECIMEN","Angelica arguta"
"4069885127","Angelica arguta",-113.5535,46.0538,1969,7,13,"US","PRESERVED_SPECIMEN","Angelica arguta"
"4069899043","Angelica arguta",-114.51176,45.829362,1969,7,27,"US","PRESERVED_SPECIMEN","Angelica arguta"
"4068846989","Angelica arguta",-113.3326025,48.0653978,1969,7,25,"US","PRESERVED_SPECIMEN","Angelica arguta"
"4069880239","Angelica arguta",-113.224,48.0802,1969,7,23,"US","PRESERVED_SPECIMEN","Angelica arguta"
"4069910096","Angelica arguta",-114.33759,45.940753,1969,8,31,"US","PRESERVED_SPECIMEN","Angelica arguta"
"4069868781","Angelica arguta",-114.050939,46.618256,1969,8,28,"US","PRESERVED_SPECIMEN","Angelica arguta"
"3968370538","Angelica arguta",-122.13802,44.26181,1968,7,16,"US","PRESERVED_SPECIMEN","Angelica arguta"
"4069744383","Angelica arguta",-118.09861,45.77778,1968,8,10,"US","PRESERVED_SPECIMEN","Angelica arguta"
"2270696065","Angelica arguta",-117.305153,45.290348,1968,8,16,"US","PRESERVED_SPECIMEN","Angelica arguta"
"4069922326","Angelica arguta",-114.25761,46.642423,1968,8,25,"US","PRESERVED_SPECIMEN","Angelica arguta"
"4073453134","Angelica arguta",-121.38465,46.16531,1968,8,19,"US","PRESERVED_SPECIMEN","Angelica arguta"
"2270697077","Angelica arguta",-117.304792,45.314287,1967,7,15,"US","PRESERVED_SPECIMEN","Angelica arguta"
"4069879034","Angelica arguta",-115.8425,48.9269,1967,7,27,"US","PRESERVED_SPECIMEN","Angelica arguta"
"4069891655","Angelica arguta",-113.9159,46.1753,1967,8,21,"US","PRESERVED_SPECIMEN","Angelica arguta"
"4069919440","Angelica arguta",-113.0037,46.2152,1967,9,16,"US","PRESERVED_SPECIMEN","Angelica arguta"
"4069811773","Angelica arguta",-117.33194,48.96278,1967,9,NA,"US","PRESERVED_SPECIMEN","Angelica arguta"
"4069912495","Angelica arguta",-112.3995,46.417,1967,9,27,"US","PRESERVED_SPECIMEN","Angelica arguta"
"4069918120","Angelica arguta",-113.771599,48.646801,1967,9,1,"US","PRESERVED_SPECIMEN","Angelica arguta"
"4069899286","Angelica arguta",-114.0014,47.4191,1966,7,19,"US","PRESERVED_SPECIMEN","Angelica arguta"
"2996546399","Angelica arguta",0,0,1966,7,11,"US","PRESERVED_SPECIMEN","Angelica arguta"
"2996695559","Angelica arguta",0,0,1966,7,23,"US","PRESERVED_SPECIMEN","Angelica arguta"
"4069868179","Angelica arguta",-115.843506,48.027153,1966,7,14,"US","PRESERVED_SPECIMEN","Angelica arguta"
"4069866178","Angelica arguta",-113.906233,48.922756,1965,7,31,"US","PRESERVED_SPECIMEN","Angelica arguta"
"3820725152","Angelica arguta",-117.21777,45.27099,1965,8,19,"US","PRESERVED_SPECIMEN","Angelica arguta"
"4069711467","Angelica arguta",-118.419105,45.688053,1964,5,3,"US","PRESERVED_SPECIMEN","Angelica arguta"
"4069707473","Angelica arguta",-117.26028,45.20333,1964,9,1,"US","PRESERVED_SPECIMEN","Angelica arguta"
"3820539127","Angelica arguta",-122.830911,42.052812,1963,8,22,"US","PRESERVED_SPECIMEN","Angelica arguta"
"4068843489","Angelica arguta",-111.223707,46.333697,1962,8,6,"US","PRESERVED_SPECIMEN","Angelica arguta"
"3820705000","Angelica arguta",-117.30211,45.31466,1962,9,4,"US","PRESERVED_SPECIMEN","Angelica arguta"
"3820579805","Angelica arguta",-117.30211,45.31466,1962,9,4,"US","PRESERVED_SPECIMEN","Angelica arguta"
"3820583990","Angelica arguta",-117.30211,45.31466,1962,9,4,"US","PRESERVED_SPECIMEN","Angelica arguta"
"4068843865","Angelica arguta",-110.560983,45.6359,1961,8,27,"US","PRESERVED_SPECIMEN","Angelica arguta"
"4404900179","Angelica arguta",-116.677272,47.009164,1959,7,25,"US","PRESERVED_SPECIMEN","Angelica arguta"
"4073768007","Angelica arguta",-116.143564,47.009199,1958,7,20,"US","PRESERVED_SPECIMEN","Angelica arguta"
"4068877130","Angelica arguta",-109.230217,48.576373,1957,6,26,"US","PRESERVED_SPECIMEN","Angelica arguta"
"4068872336","Angelica arguta",-109.23262,48.580916,1957,6,26,"US","PRESERVED_SPECIMEN","Angelica arguta"
"4069919682","Angelica arguta",-113.593163,48.676919,1957,8,16,"US","PRESERVED_SPECIMEN","Angelica arguta"
"4068880730","Angelica arguta",-115.751896,48.401324,1957,8,2,"US","PRESERVED_SPECIMEN","Angelica arguta"
"4068874859","Angelica arguta",-115.004715,48.721479,1957,8,3,"US","PRESERVED_SPECIMEN","Angelica arguta"
"4068884466","Angelica arguta",-115.044604,48.718758,1957,8,3,"US","PRESERVED_SPECIMEN","Angelica arguta"
"4069925772","Angelica arguta",-115.555999,48.388286,1957,8,3,"US","PRESERVED_SPECIMEN","Angelica arguta"
"4069870828","Angelica arguta",-113.593163,48.676919,1957,8,16,"US","PRESERVED_SPECIMEN","Angelica arguta"
"4073894857","Angelica arguta",-116.916395,46.706391,1956,7,20,"US","PRESERVED_SPECIMEN","Angelica arguta"
"4068864247","Angelica arguta",-114.314,48.20178,1956,7,26,"US","PRESERVED_SPECIMEN","Angelica arguta"
"3820690504","Angelica arguta",-117.29919,45.18763,1956,8,21,"US","PRESERVED_SPECIMEN","Angelica arguta"
"3820538355","Angelica arguta",-117.29919,45.18763,1956,8,21,"US","PRESERVED_SPECIMEN","Angelica arguta"
"4073836047","Angelica arguta",-115.76351,47.377849,1955,7,15,"US","PRESERVED_SPECIMEN","Angelica arguta"
"441687914","Angelica arguta",-120.87694,47.251427,1955,8,14,"US","PRESERVED_SPECIMEN","Angelica arguta"
"441688083","Angelica arguta",-116.94472,48.630272,1955,8,3,"US","PRESERVED_SPECIMEN","Angelica arguta"
"4073864002","Angelica arguta",-116.945774,48.630191,1955,8,3,"US","PRESERVED_SPECIMEN","Angelica arguta"
"4068874219","Angelica arguta",-110.082321,45.473146,1954,7,11,"US","PRESERVED_SPECIMEN","Angelica arguta"
"1457369811","Angelica arguta",-113.428524,48.743727,1954,7,5,"US","PRESERVED_SPECIMEN","Angelica arguta"
"4069758884","Angelica arguta",-118.91444,42.797966,1954,8,17,"US","PRESERVED_SPECIMEN","Angelica arguta"
"4073858656","Angelica arguta",-115.203161,45.785204,1954,8,11,"US","PRESERVED_SPECIMEN","Angelica arguta"
"2270695473","Angelica arguta",-116.583504,46.969291,1953,7,4,"US","PRESERVED_SPECIMEN","Angelica arguta"
"4073811021","Angelica arguta",-114.864279,43.9787057,1953,8,6,"US","PRESERVED_SPECIMEN","Angelica arguta"
"4073907487","Angelica arguta",-111.3675906,44.4224279,1952,8,25,"US","PRESERVED_SPECIMEN","Angelica arguta"
"4068848611","Angelica arguta",-112.106271,44.594342,1952,8,23,"US","PRESERVED_SPECIMEN","Angelica arguta"
"4068865404","Angelica arguta",-111.783374,44.616482,1952,8,23,"US","PRESERVED_SPECIMEN","Angelica arguta"
"3091290623","Angelica arguta",-111.37,44.42,1952,8,25,"US","PRESERVED_SPECIMEN","Angelica arguta"
"4073796645","Angelica arguta",-111.2865903,44.5686274,1952,8,23,"US","PRESERVED_SPECIMEN","Angelica arguta"
"4068852169","Angelica arguta",-111.676943,44.592528,1952,8,23,"US","PRESERVED_SPECIMEN","Angelica arguta"
"441688081","Angelica arguta",-115.158549,46.128888,1951,7,14,"US","PRESERVED_SPECIMEN","Angelica arguta"
"4073768930","Angelica arguta",-115.11376,43.810578,1950,6,27,"US","PRESERVED_SPECIMEN","Angelica arguta"
"4073804349","Angelica arguta",-115.195614,43.809722,1950,6,26,"US","PRESERVED_SPECIMEN","Angelica arguta"
"4073820743","Angelica arguta",-116.907647,46.761837,1950,7,27,"US","PRESERVED_SPECIMEN","Angelica arguta"
"4073945533","Angelica arguta",-116.914888,46.791954,1950,7,8,"US","PRESERVED_SPECIMEN","Angelica arguta"
"4069698171","Angelica arguta",-122.15,42.94167,1950,7,29,"US","PRESERVED_SPECIMEN","Angelica arguta"
"4073788894","Angelica arguta",-115.388554,43.421709,1950,7,11,"US","PRESERVED_SPECIMEN","Angelica arguta"
"4069702929","Angelica arguta",-115.385,43.42389,1950,7,11,"US","PRESERVED_SPECIMEN","Angelica arguta"
"4069716439","Angelica arguta",-122.60583,42.075,1949,7,5,"US","PRESERVED_SPECIMEN","Angelica arguta"
"4069847829","Angelica arguta",-123.46861,42.78694,1949,7,16,"US","PRESERVED_SPECIMEN","Angelica arguta"
"4069690891","Angelica arguta",-122.60583,42.075,1949,7,5,"US","PRESERVED_SPECIMEN","Angelica arguta"
"4069713571","Angelica arguta",-122.60583,42.075,1949,7,28,"US","PRESERVED_SPECIMEN","Angelica arguta"
"1927808210","Angelica arguta",-116.3224,46.9561,1949,8,6,"US","PRESERVED_SPECIMEN","Angelica arguta"
"441688090","Angelica arguta",-116.320198,46.936931,1949,8,6,"US","PRESERVED_SPECIMEN","Angelica arguta"
"4069847407","Angelica arguta",-116.25194,47.01083,1949,8,6,"US","PRESERVED_SPECIMEN","Angelica arguta"
"1457369762","Angelica arguta",-116.31931,46.956744,1949,8,6,"US","PRESERVED_SPECIMEN","Angelica arguta"
"4073885388","Angelica arguta",-116.323167,46.9558757,1949,8,6,"US","PRESERVED_SPECIMEN","Angelica arguta"
"1457369760","Angelica arguta",-116.31931,46.956744,1949,8,6,"US","PRESERVED_SPECIMEN","Angelica arguta"
"4069817510","Angelica arguta",-116.342013,46.949378,1949,8,6,"US","PRESERVED_SPECIMEN","Angelica arguta"
"1930890882","Angelica arguta",-116.3224,47.0429,1949,8,6,"US","PRESERVED_SPECIMEN","Angelica arguta"
"4069711839","Angelica arguta",-123.46861,42.78694,1949,8,8,"US","PRESERVED_SPECIMEN","Angelica arguta"
"4070507260","Angelica arguta",-122.491791,47.210932,1948,6,30,"US","PRESERVED_SPECIMEN","Angelica arguta"
"4070508826","Angelica arguta",-122.491791,47.210932,1948,6,30,"US","PRESERVED_SPECIMEN","Angelica arguta"
"1928135312","Angelica arguta",-116.866014,48.748814,1948,7,22,"US","PRESERVED_SPECIMEN","Angelica arguta"
"4069929079","Angelica arguta",-114.607073,47.462713,1948,7,5,"US","PRESERVED_SPECIMEN","Angelica arguta"
"4068836147","Angelica arguta",-111.094089,44.655705,1948,8,7,"US","PRESERVED_SPECIMEN","Angelica arguta"
"4068848376","Angelica arguta",-111.258507,45.81776,1948,8,18,"US","PRESERVED_SPECIMEN","Angelica arguta"
"4069886558","Angelica arguta",-111.218843,45.702707,1948,NA,NA,"US","PRESERVED_SPECIMEN","Angelica arguta"
"4069679809","Angelica arguta",-116.89167,48.17694,1947,7,23,"US","PRESERVED_SPECIMEN","Angelica arguta"
"441688093","Angelica arguta",-116.90305,48.200171,1947,7,23,"US","PRESERVED_SPECIMEN","Angelica arguta"
"1929567472","Angelica arguta",-115.634926,47.116107,1947,7,26,"US","PRESERVED_SPECIMEN","Angelica arguta"
"1929715910","Angelica arguta",-115.4843442,43.6441578,1947,8,25,"US","PRESERVED_SPECIMEN","Angelica arguta"
"441687920","Angelica arguta",-121.47068,48.06829,1947,9,7,"US","PRESERVED_SPECIMEN","Angelica arguta"
"4069682647","Angelica arguta",-116.444824,46.508562,1946,6,18,"US","PRESERVED_SPECIMEN","Angelica arguta"
"1928677871","Angelica arguta",-111.375787,44.642262,1946,7,17,"US","PRESERVED_SPECIMEN","Angelica arguta"
"4069915640","Angelica arguta",-110.695,43.695,1946,7,5,"US","PRESERVED_SPECIMEN","Angelica arguta"
"1929405965","Angelica arguta",-114.504416,44.830954,1946,7,22,"US","PRESERVED_SPECIMEN","Angelica arguta"
"3820654671","Angelica arguta",-124.10716,42.69237,1946,8,8,"US","PRESERVED_SPECIMEN","Angelica arguta"
"2430536359","Angelica arguta",-123.2131907,41.5564745,1945,NA,NA,"US","PRESERVED_SPECIMEN","Angelica arguta"
"441688076","Angelica arguta",-114.85833,43.91528,1944,7,31,"US","PRESERVED_SPECIMEN","Angelica arguta"
"4069759998","Angelica arguta",-116.82944,48.56361,1944,8,16,"US","PRESERVED_SPECIMEN","Angelica arguta"
"4069860849","Angelica arguta",-115.25583,46.71778,1942,8,25,"US","PRESERVED_SPECIMEN","Angelica arguta"
"4073714743","Angelica arguta",-114.936715,43.905539,1941,8,10,"US","PRESERVED_SPECIMEN","Angelica arguta"
"3820721965","Angelica arguta",-123.179717,43.984096,1940,6,25,"US","PRESERVED_SPECIMEN","Angelica arguta"
"3820587291","Angelica arguta",-123.179717,43.984096,1940,6,25,"US","PRESERVED_SPECIMEN","Angelica arguta"
"3820530320","Angelica arguta",-123.179717,43.984096,1940,6,25,"US","PRESERVED_SPECIMEN","Angelica arguta"
"3820636356","Angelica arguta",-123.179717,43.984096,1940,6,25,"US","PRESERVED_SPECIMEN","Angelica arguta"
"4069804645","Angelica arguta",-123.12831,44.021488,1940,6,25,"US","PRESERVED_SPECIMEN","Angelica arguta"
"4069884399","Angelica arguta",-113.837599,47.80411,1940,7,14,"US","PRESERVED_SPECIMEN","Angelica arguta"
"441688196","Angelica arguta",-121.25527,46.79466,1940,7,15,"US","PRESERVED_SPECIMEN","Angelica arguta"
"4069851644","Angelica arguta",-121.82417,47.52889,1940,7,15,"US","PRESERVED_SPECIMEN","Angelica arguta"
"441687916","Angelica arguta",-121.46139,46.4175,1940,8,4,"US","PRESERVED_SPECIMEN","Angelica arguta"
"4069751736","Angelica arguta",-121.46139,46.4175,1940,8,4,"US","PRESERVED_SPECIMEN","Angelica arguta"
"1931292099","Angelica arguta",-121.46139,46.4175,1940,8,4,"US","PRESERVED_SPECIMEN","Angelica arguta"
"4073828444","Angelica arguta",-116.941393,46.813545,1939,6,22,"US","PRESERVED_SPECIMEN","Angelica arguta"
"3820533480","Angelica arguta",-123.5669,43.6378,1939,6,17,"US","PRESERVED_SPECIMEN","Angelica arguta"
"1928777921","Angelica arguta",-116.204,44.3311,1939,8,1,"US","PRESERVED_SPECIMEN","Angelica arguta"
"4069860457","Angelica arguta",-120.85472,47.33278,1938,7,18,"US","PRESERVED_SPECIMEN","Angelica arguta"
"4069788644","Angelica arguta",-115.84556,47.24972,1938,9,4,"US","PRESERVED_SPECIMEN","Angelica arguta"
"1927917317","Angelica arguta",-115.059214,44.247222,1937,7,29,"US","PRESERVED_SPECIMEN","Angelica arguta"
"4404961836","Angelica arguta",-117.541244,41.667393,1937,7,7,"US","PRESERVED_SPECIMEN","Angelica arguta"
"4404961819","Angelica arguta",-117.541244,41.667393,1937,7,7,"US","PRESERVED_SPECIMEN","Angelica arguta"
"441688127","Angelica arguta",-119.172435,48.827602,1937,7,25,"US","PRESERVED_SPECIMEN","Angelica arguta"
"1929368161","Angelica arguta",-116.825088,46.848982,1937,7,31,"US","PRESERVED_SPECIMEN","Angelica arguta"
"1930418317","Angelica arguta",-115.045542,43.872269,1937,7,11,"US","PRESERVED_SPECIMEN","Angelica arguta"
"4069723600","Angelica arguta",-119.170086,48.828055,1937,7,25,"US","PRESERVED_SPECIMEN","Angelica arguta"
"4069912698","Angelica arguta",-113.71817,48.696641,1937,9,18,"US","PRESERVED_SPECIMEN","Angelica arguta"
"4069869279","Angelica arguta",-113.51258,47.19438,1936,7,8,"US","PRESERVED_SPECIMEN","Angelica arguta"
"4069820757","Angelica arguta",-117.52722,45.512361,1935,8,1,"US","PRESERVED_SPECIMEN","Angelica arguta"
"4068343762","Angelica arguta",-121.844875,46.916568,1935,9,2,"US","PRESERVED_SPECIMEN","Angelica arguta"
"3820595879","Angelica arguta",-123.0977,43.9902,1934,5,3,"US","PRESERVED_SPECIMEN","Angelica arguta"
"3820713228","Angelica arguta",-122.0867,44.1161,1934,6,19,"US","PRESERVED_SPECIMEN","Angelica arguta"
"3820521139","Angelica arguta",-123.7969,42.0017,1934,6,28,"US","PRESERVED_SPECIMEN","Angelica arguta"
"1930532416","Angelica arguta",-116.569512,47.320855,1934,6,30,"US","PRESERVED_SPECIMEN","Angelica arguta"
"441688079","Angelica arguta",-114.23083,44.50472,1934,7,29,"US","PRESERVED_SPECIMEN","Angelica arguta"
"3820524612","Angelica arguta",-117.2286,45.3544,1934,7,10,"US","PRESERVED_SPECIMEN","Angelica arguta"
"1929227005","Angelica arguta",-115.351167,43.438723,1934,7,10,"US","PRESERVED_SPECIMEN","Angelica arguta"
"1929472903","Angelica arguta",-111.057228,43.563302,1934,7,12,"US","PRESERVED_SPECIMEN","Angelica arguta"
"4070143122","Angelica arguta",-120.993732,47.471328,1934,7,23,"US","PRESERVED_SPECIMEN","Angelica arguta"
"2430474761","Angelica arguta",-123.036794,41.952149,1934,8,16,"US","PRESERVED_SPECIMEN","Angelica arguta"
"3820698292","Angelica arguta",-123.0967,43.9836,1933,8,6,"US","PRESERVED_SPECIMEN","Angelica arguta"
"1929539712","Angelica arguta",-116.945774,48.63381,1933,8,12,"US","PRESERVED_SPECIMEN","Angelica arguta"
"441688113","Angelica arguta",-119.91583,48.69028,1932,7,31,"US","PRESERVED_SPECIMEN","Angelica arguta"
"4069821617","Angelica arguta",-121.13611,46.22722,1932,8,8,"US","PRESERVED_SPECIMEN","Angelica arguta"
"4073942692","Angelica arguta",-116.175731,48.145205,1932,8,12,"US","PRESERVED_SPECIMEN","Angelica arguta"
"441688160","Angelica arguta",-120.93806,47.19556,1931,6,13,"US","PRESERVED_SPECIMEN","Angelica arguta"
"441688162","Angelica arguta",-120.69124,47.251245,1931,6,24,"US","PRESERVED_SPECIMEN","Angelica arguta"
"441687913","Angelica arguta",-123.46784,47.99538,1931,7,20,"US","PRESERVED_SPECIMEN","Angelica arguta"
"441688114","Angelica arguta",-120.90238,47.47522,1931,7,27,"US","PRESERVED_SPECIMEN","Angelica arguta"
"441688133","Angelica arguta",-119.582208,48.359784,1931,7,16,"US","PRESERVED_SPECIMEN","Angelica arguta"
"4069789107","Angelica arguta",-119.58,48.35972,1931,7,16,"US","PRESERVED_SPECIMEN","Angelica arguta"
"3820604558","Angelica arguta",-122.3142,42.445,1931,8,2,"US","PRESERVED_SPECIMEN","Angelica arguta"
"441687921","Angelica arguta",-122.16444,48.83806,1931,8,20,"US","PRESERVED_SPECIMEN","Angelica arguta"
"4068834302","Angelica arguta",-110.95528,45.85861,1931,9,13,"US","PRESERVED_SPECIMEN","Angelica arguta"
"3820556033","Angelica arguta",-122.3146,42.4394,1930,7,19,"US","PRESERVED_SPECIMEN","Angelica arguta"
"415953560","Angelica arguta",-110.23416,44.76666,1930,7,19,"US","PRESERVED_SPECIMEN","Angelica arguta"
"441688111","Angelica arguta",-120.877017,47.372454,1930,8,20,"US","PRESERVED_SPECIMEN","Angelica arguta"
"441688128","Angelica arguta",-123.46725,47.99536,1930,8,2,"US","PRESERVED_SPECIMEN","Angelica arguta"
"4073834180","Angelica arguta",-116.388817,48.902169,1929,8,6,"US","PRESERVED_SPECIMEN","Angelica arguta"
"1929735542","Angelica arguta",-116.624914,48.252975,1928,6,20,"US","PRESERVED_SPECIMEN","Angelica arguta"
"4069732158","Angelica arguta",-118.78333,44.28333,1928,8,3,"US","PRESERVED_SPECIMEN","Angelica arguta"
"3820646965","Angelica arguta",-121.8744,45.2644,1927,7,22,"US","PRESERVED_SPECIMEN","Angelica arguta"
"3820645320","Angelica arguta",-121.7417,45.0964,1927,7,24,"US","PRESERVED_SPECIMEN","Angelica arguta"
"441688130","Angelica arguta",-120.54667,46.99667,1927,8,2,"US","PRESERVED_SPECIMEN","Angelica arguta"
"4069713694","Angelica arguta",-121.64139,48.95667,1927,9,8,"US","PRESERVED_SPECIMEN","Angelica arguta"
"3820578878","Angelica arguta",-123.6606,42.2581,1926,6,19,"US","PRESERVED_SPECIMEN","Angelica arguta"
"4070141028","Angelica arguta",-121.026936,47.216886,1926,6,27,"US","PRESERVED_SPECIMEN","Angelica arguta"
"3820707546","Angelica arguta",-121.9297,44.1803,1926,8,9,"US","PRESERVED_SPECIMEN","Angelica arguta"
"4069812733","Angelica arguta",-119.89417,48.05056,1925,7,20,"US","PRESERVED_SPECIMEN","Angelica arguta"
"3820577591","Angelica arguta",-118.5446,44.6139,1925,7,22,"US","PRESERVED_SPECIMEN","Angelica arguta"
"4070146615","Angelica arguta",-121.101439,48.031825,1925,7,29,"US","PRESERVED_SPECIMEN","Angelica arguta"
"4070138016","Angelica arguta",-120.0025,48.13028,1925,7,20,"US","PRESERVED_SPECIMEN","Angelica arguta"
"441687919","Angelica arguta",-121.7625,46.852778,1925,8,NA,"US","PRESERVED_SPECIMEN","Angelica arguta"
"4069807722","Angelica arguta",-119.60444,46.62694,1925,8,2,"US","PRESERVED_SPECIMEN","Angelica arguta"
"4069875592","Angelica arguta",-113.1756,47.3517,1925,8,28,"US","PRESERVED_SPECIMEN","Angelica arguta"
"4069893727","Angelica arguta",-114.530672,46.727699,1925,8,8,"US","PRESERVED_SPECIMEN","Angelica arguta"
"4069898768","Angelica arguta",-114.584846,47.010198,1924,7,19,"US","PRESERVED_SPECIMEN","Angelica arguta"
"4068863957","Angelica arguta",-109.64222,45.197016,1924,7,NA,"US","PRESERVED_SPECIMEN","Angelica arguta"
"4069733713","Angelica arguta",-122.59778,48.775,1924,8,7,"US","PRESERVED_SPECIMEN","Angelica arguta"
"4069941974","Angelica arguta",-114.080944,46.758812,1921,7,16,"US","PRESERVED_SPECIMEN","Angelica arguta"
"3820631451","Angelica arguta",-118.07345,44.70313,1921,7,23,"US","PRESERVED_SPECIMEN","Angelica arguta"
"4069908265","Angelica arguta",-114.080944,46.758812,1921,7,16,"US","PRESERVED_SPECIMEN","Angelica arguta"
"4069907164","Angelica arguta",-113.133115,47.020216,1921,7,31,"US","PRESERVED_SPECIMEN","Angelica arguta"
"4069904750","Angelica arguta",-113.133115,47.020216,1921,7,31,"US","PRESERVED_SPECIMEN","Angelica arguta"
"3820529486","Angelica arguta",-124.2664,42.0533,1919,7,NA,"US","PRESERVED_SPECIMEN","Angelica arguta"
"3820661688","Angelica arguta",-123.4867,42.0317,1919,8,25,"US","PRESERVED_SPECIMEN","Angelica arguta"
"3820653052","Angelica arguta",-122.944931,45.079468,1918,7,9,"US","PRESERVED_SPECIMEN","Angelica arguta"
"3820634974","Angelica arguta",-123.673367,42.010531,1918,7,6,"US","PRESERVED_SPECIMEN","Angelica arguta"
"4068879187","Angelica arguta",-113.909034,47.961878,1916,7,18,"US","PRESERVED_SPECIMEN","Angelica arguta"
"4069738336","Angelica arguta",-123.03389,44.94306,1916,7,9,"US","PRESERVED_SPECIMEN","Angelica arguta"
"4069886854","Angelica arguta",-111.224396,45.116595,1916,7,15,"US","PRESERVED_SPECIMEN","Angelica arguta"
"3820518619","Angelica arguta",-122.30031,42.44474,1916,8,25,"US","PRESERVED_SPECIMEN","Angelica arguta"
"3820636974","Angelica arguta",-117.96531,45.75893,1916,8,1,"US","PRESERVED_SPECIMEN","Angelica arguta"
"4069780529","Angelica arguta",-123.03389,44.94306,1916,9,15,"US","PRESERVED_SPECIMEN","Angelica arguta"
"4069851421","Angelica arguta",-123.03389,44.94306,1915,6,15,"US","PRESERVED_SPECIMEN","Angelica arguta"
"4069784392","Angelica arguta",-123.46722,43.36556,1915,6,30,"US","PRESERVED_SPECIMEN","Angelica arguta"
"2859136085","Angelica arguta",-121.178979,47.23706,1915,7,30,"US","PRESERVED_SPECIMEN","Angelica arguta"
"3820629797","Angelica arguta",-117.155553,45.03403,1915,8,27,"US","PRESERVED_SPECIMEN","Angelica arguta"
"3820527315","Angelica arguta",-118.0626,44.9126,1915,8,10,"US","PRESERVED_SPECIMEN","Angelica arguta"
"3820562991","Angelica arguta",-123.5014,43.3653,1914,5,14,"US","PRESERVED_SPECIMEN","Angelica arguta"
"4069811329","Angelica arguta",-123.51194,43.37417,1914,5,14,"US","PRESERVED_SPECIMEN","Angelica arguta"
"4069763776","Angelica arguta",-123.46722,43.36556,1914,6,29,"US","PRESERVED_SPECIMEN","Angelica arguta"
"4069833543","Angelica arguta",-123.46722,43.36556,1914,7,6,"US","PRESERVED_SPECIMEN","Angelica arguta"
"4069835415","Angelica arguta",-123.08556,43.950834,1913,7,25,"US","PRESERVED_SPECIMEN","Angelica arguta"
"4069807987","Angelica arguta",-123.87639,46.59639,1913,7,26,"US","PRESERVED_SPECIMEN","Angelica arguta"
"4069857599","Angelica arguta",-118,45.5,1913,7,5,"US","PRESERVED_SPECIMEN","Angelica arguta"
"3820629322","Angelica arguta",-123.7887,42.0034,1913,8,4,"US","PRESERVED_SPECIMEN","Angelica arguta"
"4073916732","Angelica arguta",-116.63915,47.822761,1912,7,29,"US","PRESERVED_SPECIMEN","Angelica arguta"
"3820517007","Angelica arguta",-119.3747,43.7933,1912,8,10,"US","PRESERVED_SPECIMEN","Angelica arguta"
"3820531315","Angelica arguta",-121.5203,45.7056,1911,6,23,"US","PRESERVED_SPECIMEN","Angelica arguta"
"3820635971","Angelica arguta",-123.0339,44.9431,1911,7,NA,"US","PRESERVED_SPECIMEN","Angelica arguta"
"4069841319","Angelica arguta",-113.94111,43.74444,1911,7,31,"US","PRESERVED_SPECIMEN","Angelica arguta"
"4069836460","Angelica arguta",-120.7275,48.28056,1911,9,25,"US","PRESERVED_SPECIMEN","Angelica arguta"
"4069910573","Angelica arguta",-114.072613,48.063287,1908,7,24,"US","PRESERVED_SPECIMEN","Angelica arguta"
"4069890521","Angelica arguta",-113.860655,47.926059,1908,8,24,"US","PRESERVED_SPECIMEN","Angelica arguta"
"4069911605","Angelica arguta",-111.45024,45.277984,1905,8,5,"US","PRESERVED_SPECIMEN","Angelica arguta"
"4069690485","Angelica arguta",-120.95722,46.45167,1903,8,29,"US","PRESERVED_SPECIMEN","Angelica arguta"
"4068841660","Angelica arguta",-113.910463,47.261098,1903,9,1,"US","PRESERVED_SPECIMEN","Angelica arguta"
"3820709159","Angelica arguta",-122.675,45.5236,1902,7,7,"US","PRESERVED_SPECIMEN","Angelica arguta"
"4069735041","Angelica arguta",-120.99583,47.17722,1902,8,19,"US","PRESERVED_SPECIMEN","Angelica arguta"
"4068883202","Angelica arguta",-112.35833,46.75556,1902,NA,NA,"US","PRESERVED_SPECIMEN","Angelica arguta"
"4069868088","Angelica arguta",-114.072613,48.063287,1902,NA,NA,"US","PRESERVED_SPECIMEN","Angelica arguta"
"4069922965","Angelica arguta",-112.359186,46.755493,1902,NA,NA,"US","PRESERVED_SPECIMEN","Angelica arguta"
"4069934933","Angelica arguta",-113.626478,47.724941,1901,7,15,"US","PRESERVED_SPECIMEN","Angelica arguta"
"4069698678","Angelica arguta",-117.415,46.92972,1901,7,30,"US","PRESERVED_SPECIMEN","Angelica arguta"
"4068831084","Angelica arguta",-115.66833,47.43306,1901,8,8,"US","PRESERVED_SPECIMEN","Angelica arguta"
"4069767452","Angelica arguta",-116.9025,48.49056,1901,8,NA,"US","PRESERVED_SPECIMEN","Angelica arguta"
"4069684612","Angelica arguta",-116.85056,46.07611,1900,7,20,"US","PRESERVED_SPECIMEN","Angelica arguta"
"4068879329","Angelica arguta",-115.518789,48.342527,1900,7,26,"US","PRESERVED_SPECIMEN","Angelica arguta"
"4069849950","Angelica arguta",-116.85056,46.07611,1900,7,20,"US","PRESERVED_SPECIMEN","Angelica arguta"
"4068857017","Angelica arguta",-115.88861,48.46333,1900,7,25,"US","PRESERVED_SPECIMEN","Angelica arguta"
"4068876175","Angelica arguta",-113.97778,48.49611,1900,7,27,"US","PRESERVED_SPECIMEN","Angelica arguta"
"4069893814","Angelica arguta",-113.978729,48.496078,1900,8,19,"US","PRESERVED_SPECIMEN","Angelica arguta"
"1929443098","Angelica arguta",-116.079149,44.952374,1899,7,26,"US","PRESERVED_SPECIMEN","Angelica arguta"
"4068864216","Angelica arguta",-110.739265,45.862784,1898,8,24,"US","PRESERVED_SPECIMEN","Angelica arguta"
"4068880680","Angelica arguta",-110.994521,45.613957,1898,9,18,"US","PRESERVED_SPECIMEN","Angelica arguta"
"4069755778","Angelica arguta",-121.5867,45.9846,1898,9,3,"US","PRESERVED_SPECIMEN","Angelica arguta"
"4069815850","Angelica arguta",-121.28778,48.48222,1898,9,8,"US","PRESERVED_SPECIMEN","Angelica arguta"
"4069729986","Angelica arguta",-116.865353,46.803833,1897,8,20,"US","PRESERVED_SPECIMEN","Angelica arguta"
"4069777065","Angelica arguta",-121.340296,45.974342,1897,8,9,"US","PRESERVED_SPECIMEN","Angelica arguta"
"4069815130","Angelica arguta",-121.02028,48.48583,1897,9,NA,"US","PRESERVED_SPECIMEN","Angelica arguta"
"3820580986","Angelica arguta",-122.1064,42.942,1896,8,19,"US","PRESERVED_SPECIMEN","Angelica arguta"
"4069829476","Angelica arguta",-118,45.5,1896,8,2,"US","PRESERVED_SPECIMEN","Angelica arguta"
"4069844839","Angelica arguta",-118,45.5,1896,8,2,"US","PRESERVED_SPECIMEN","Angelica arguta"
"4069734345","Angelica arguta",-117.72361,48.17528,1896,9,25,"US","PRESERVED_SPECIMEN","Angelica arguta"
"4069730789","Angelica arguta",-117.72361,48.17528,1896,9,25,"US","PRESERVED_SPECIMEN","Angelica arguta"
"1929526858","Angelica arguta",-116.812667,46.393842,1895,8,NA,"US","PRESERVED_SPECIMEN","Angelica arguta"
"4069689158","Angelica arguta",-122.68722,46.88833,1895,8,NA,"US","PRESERVED_SPECIMEN","Angelica arguta"
"4069683248","Angelica arguta",-123.66667,47.87222,1895,8,NA,"US","PRESERVED_SPECIMEN","Angelica arguta"
"4069712184","Angelica arguta",-121.28778,48.48222,1895,8,29,"US","PRESERVED_SPECIMEN","Angelica arguta"
"4069713718","Angelica arguta",-121.28778,48.48222,1895,8,29,"US","PRESERVED_SPECIMEN","Angelica arguta"
"4069858802","Angelica arguta",-116.99917,46.7325,1894,7,31,"US","PRESERVED_SPECIMEN","Angelica arguta"
"4068835793","Angelica arguta",-114.188113,48.369991,1894,8,20,"US","PRESERVED_SPECIMEN","Angelica arguta"
"4069905607","Angelica arguta",-114.181515,48.372464,1894,8,20,"US","PRESERVED_SPECIMEN","Angelica arguta"
"4069760997","Angelica arguta",-117.00028,47.12528,1893,8,7,"US","PRESERVED_SPECIMEN","Angelica arguta"
"4069732048","Angelica arguta",-121.69639,45.91306,1893,9,1,"US","PRESERVED_SPECIMEN","Angelica arguta"
"1928612225","Angelica arguta",-116.706385,46.573745,1892,6,14,"US","PRESERVED_SPECIMEN","Angelica arguta"
"1930578878","Angelica arguta",-116.706385,46.573745,1892,6,14,"US","PRESERVED_SPECIMEN","Angelica arguta"
"441688060","Angelica arguta",-120.62083,46.55972,1892,7,31,"US","PRESERVED_SPECIMEN","Angelica arguta"
"4069755171","Angelica arguta",-121.35,47.28361,1892,10,4,"US","PRESERVED_SPECIMEN","Angelica arguta"
"4069742854","Angelica arguta",-117.15444,47.28167,1889,6,17,"US","PRESERVED_SPECIMEN","Angelica arguta"
"4069716473","Angelica arguta",-117.15444,47.28167,1889,7,11,"US","PRESERVED_SPECIMEN","Angelica arguta"
"4069771028","Angelica arguta",-117.37917,47.4275,1889,7,11,"US","PRESERVED_SPECIMEN","Angelica arguta"
"441688125","Angelica arguta",-121.76092,46.85163,1889,8,NA,"US","PRESERVED_SPECIMEN","Angelica arguta"
"4069687867","Angelica arguta",-121.42556,47.61028,1889,NA,NA,"US","PRESERVED_SPECIMEN","Angelica arguta"
"3820564463","Angelica arguta",-121.582347,45.646736,1888,8,30,"US","PRESERVED_SPECIMEN","Angelica arguta"
"3820584904","Angelica arguta",-121.8214,45.49,1888,8,25,"US","PRESERVED_SPECIMEN","Angelica arguta"
"3820704196","Angelica arguta",-123.6469,42.0611,1887,7,NA,"US","PRESERVED_SPECIMEN","Angelica arguta"
"4068857045","Angelica arguta",-110.983478,47.365792,1886,7,9,"US","PRESERVED_SPECIMEN","Angelica arguta"
"4068856450","Angelica arguta",-111.014463,47.291881,1886,7,19,"US","PRESERVED_SPECIMEN","Angelica arguta"
"4069724813","Angelica arguta",-120.76667,45.86667,1886,8,7,"US","PRESERVED_SPECIMEN","Angelica arguta"
"4069700107","Angelica arguta",-118.84222,46.25333,1886,8,10,"US","PRESERVED_SPECIMEN","Angelica arguta"
"4069693340","Angelica arguta",-118.84222,46.25333,1886,8,10,"US","PRESERVED_SPECIMEN","Angelica arguta"
"4069802884","Angelica arguta",-121.4978,46.2143,1885,8,11,"US","PRESERVED_SPECIMEN","Angelica arguta"
"3820582881","Angelica arguta",-121.582347,45.646736,1884,7,8,"US","PRESERVED_SPECIMEN","Angelica arguta"
"3820590909","Angelica arguta",-121.582347,45.646736,1884,7,8,"US","PRESERVED_SPECIMEN","Angelica arguta"
"4069835181","Angelica arguta",-117.72361,48.17528,1883,8,2,"US","PRESERVED_SPECIMEN","Angelica arguta"
"3820582564","Angelica arguta",-123.61052,42.30587,NA,NA,NA,"US","PRESERVED_SPECIMEN","Angelica arguta"
"1990179273","Angelica arguta",-115.885092,47.347694,NA,NA,NA,"US","PRESERVED_SPECIMEN","Angelica arguta"
"4069930001","Angelica arguta",-114.072613,48.063287,NA,NA,NA,"US","PRESERVED_SPECIMEN","Angelica arguta"
"476435057","Angelica arguta",0,0,NA,NA,NA,"US","LIVING_SPECIMEN","Angelica arguta"
"3820525138","Angelica arguta",-122.9817,44.9861,NA,NA,NA,"US","PRESERVED_SPECIMEN","Angelica arguta"
"4069895971","Angelica arguta",-113.985109,46.867702,NA,NA,NA,"US","PRESERVED_SPECIMEN","Angelica arguta"
"4069828620","Angelica arguta",-114.08611,43.85444,NA,NA,NA,"US","PRESERVED_SPECIMEN","Angelica arguta"
