"gbifID","species","longitude","latitude","year","month","day","countryCode","basisOfRecord","accepted_name"
"4162556654","Angelica kingii",-117.889644,37.729136,2023,7,16,"US","HUMAN_OBSERVATION","Angelica kingii"
"4162503211","Angelica kingii",-117.8896,37.729225,2023,7,16,"US","HUMAN_OBSERVATION","Angelica kingii"
"4405504144","Angelica kingii",-118.146762,37.580605,2023,8,27,"US","HUMAN_OBSERVATION","Angelica kingii"
"3966392899","Angelica kingii",-115.62307,36.310275,2022,6,18,"US","HUMAN_OBSERVATION","Angelica kingii"
"3873815334","Angelica kingii",-115.624403,36.309539,2022,7,8,"US","HUMAN_OBSERVATION","Angelica kingii"
"4116133298","Angelica kingii",-115.65496,36.255941,2022,8,18,"US","HUMAN_OBSERVATION","Angelica kingii"
"4116169029","Angelica kingii",-115.654249,36.255884,2022,8,18,"US","HUMAN_OBSERVATION","Angelica kingii"
"3903651347","Angelica kingii",-115.624448,36.309542,2022,9,7,"US","HUMAN_OBSERVATION","Angelica kingii"
"4154135314","Angelica kingii",-118.46269,37.24241,2021,6,22,"US","PRESERVED_SPECIMEN","Angelica kingii"
"3335489313","Angelica kingii",-118.439895,37.27877,2021,6,22,"US","HUMAN_OBSERVATION","Angelica kingii"
"4517603349","Angelica kingii",-118.4627,37.2424,2021,6,22,"US","PRESERVED_SPECIMEN","Angelica kingii"
"3325546298","Angelica kingii",-115.623017,36.310233,2021,7,6,"US","HUMAN_OBSERVATION","Angelica kingii"
"3325701287","Angelica kingii",-115.624373,36.309494,2021,7,6,"US","HUMAN_OBSERVATION","Angelica kingii"
"3759084621","Angelica kingii",-115.624628,36.309457,2021,7,15,"US","HUMAN_OBSERVATION","Angelica kingii"
"3330413607","Angelica kingii",-118.010623,37.420716,2021,7,8,"US","HUMAN_OBSERVATION","Angelica kingii"
"3333105755","Angelica kingii",-118.016299,37.538544,2021,7,23,"US","HUMAN_OBSERVATION","Angelica kingii"
"3705414404","Angelica kingii",-115.653545,36.256156,2021,7,25,"US","HUMAN_OBSERVATION","Angelica kingii"
"3759520661","Angelica kingii",-115.623188,36.310482,2021,7,26,"US","HUMAN_OBSERVATION","Angelica kingii"
"4125827806","Angelica kingii",-118.47886,37.24154,2021,8,28,"US","PRESERVED_SPECIMEN","Angelica kingii"
"4154131320","Angelica kingii",-118.47421,37.25895,2021,8,1,"US","PRESERVED_SPECIMEN","Angelica kingii"
"4154133320","Angelica kingii",-118.47421,37.25895,2021,8,1,"US","PRESERVED_SPECIMEN","Angelica kingii"
"3335429296","Angelica kingii",-118.475683,37.235634,2021,8,1,"US","HUMAN_OBSERVATION","Angelica kingii"
"3337530542","Angelica kingii",-118.520198,37.284204,2021,8,6,"US","HUMAN_OBSERVATION","Angelica kingii"
"3705444432","Angelica kingii",-115.624786,36.309475,2021,8,27,"US","HUMAN_OBSERVATION","Angelica kingii"
"4154134316","Angelica kingii",-118.45504,37.24915,2021,8,6,"US","PRESERVED_SPECIMEN","Angelica kingii"
"4154134320","Angelica kingii",-118.47421,37.25895,2021,8,1,"US","PRESERVED_SPECIMEN","Angelica kingii"
"4404977516","Angelica kingii",-117.16744,39.2482,2020,7,10,"US","PRESERVED_SPECIMEN","Angelica kingii"
"3068382367","Angelica kingii",-117.16744,39.2482,2020,7,10,"US","PRESERVED_SPECIMEN","Angelica kingii"
"4125833844","Angelica kingii",-118.473,37.2405,2020,8,4,"US","PRESERVED_SPECIMEN","Angelica kingii"
"3337872431","Angelica kingii",-118.554647,37.264801,2020,8,4,"US","HUMAN_OBSERVATION","Angelica kingii"
"4069044815","Angelica kingii",-115.38152,41.78977,2018,8,6,"US","PRESERVED_SPECIMEN","Angelica kingii"
"4069042852","Angelica kingii",-115.38152,41.78977,2018,8,6,"US","PRESERVED_SPECIMEN","Angelica kingii"
"2270499134","Angelica kingii",-117.9679,39.4776,2017,7,17,"US","PRESERVED_SPECIMEN","Angelica kingii"
"4404896790","Angelica kingii",-117.9679,39.4776,2017,7,17,"US","PRESERVED_SPECIMEN","Angelica kingii"
"4404910385","Angelica kingii",-115.4281,41.84305,2017,8,22,"US","PRESERVED_SPECIMEN","Angelica kingii"
"2270518600","Angelica kingii",-115.4281,41.84305,2017,8,22,"US","PRESERVED_SPECIMEN","Angelica kingii"
"2610098702","Angelica kingii",-115.4281,41.84305,2017,8,22,"US","PRESERVED_SPECIMEN","Angelica kingii"
"1930377616","Angelica kingii",-115.42811,41.84303,2017,8,22,"US","PRESERVED_SPECIMEN","Angelica kingii"
"2294396803","Angelica kingii",-118.001346,37.463776,2016,7,29,"US","HUMAN_OBSERVATION","Angelica kingii"
"4022108003","Angelica kingii",-118.055645,37.532272,2016,7,28,"US","HUMAN_OBSERVATION","Angelica kingii"
"4404966408","Angelica kingii",-117.788286,39.317914,2016,7,6,"US","PRESERVED_SPECIMEN","Angelica kingii"
"3068366333","Angelica kingii",-117.788286,39.317914,2016,7,6,"US","PRESERVED_SPECIMEN","Angelica kingii"
"2311515401","Angelica kingii",-118.073373,37.5511,2016,7,28,"US","HUMAN_OBSERVATION","Angelica kingii"
"1986857737","Angelica kingii",-116.903283,38.743933,2015,6,26,"US","PRESERVED_SPECIMEN","Angelica kingii"
"1929513730","Angelica kingii",-116.90328,38.74394,2015,6,26,"US","PRESERVED_SPECIMEN","Angelica kingii"
"4404922075","Angelica kingii",-116.903283,38.743933,2015,6,26,"US","PRESERVED_SPECIMEN","Angelica kingii"
"4404921168","Angelica kingii",-118.17412,37.51212,2015,7,12,"US","PRESERVED_SPECIMEN","Angelica kingii"
"4404921169","Angelica kingii",-118.17412,37.51212,2015,7,12,"US","PRESERVED_SPECIMEN","Angelica kingii"
"4404985543","Angelica kingii",-117.64731,40.91742,2015,7,9,"US","PRESERVED_SPECIMEN","Angelica kingii"
"2270218664","Angelica kingii",-118.17412,37.51212,2015,7,12,"US","PRESERVED_SPECIMEN","Angelica kingii"
"2823439580","Angelica kingii",-118.098852,37.564718,2015,7,9,"US","HUMAN_OBSERVATION","Angelica kingii"
"4404897849","Angelica kingii",-116.804683,39.01,2010,8,14,"US","PRESERVED_SPECIMEN","Angelica kingii"
"1929306924","Angelica kingii",-116.80469,39.01,2010,8,14,"US","PRESERVED_SPECIMEN","Angelica kingii"
"4404897332","Angelica kingii",-117.376444,38.900444,2009,7,16,"US","PRESERVED_SPECIMEN","Angelica kingii"
"4404898867","Angelica kingii",-117.429361,39.105083,2009,7,19,"US","PRESERVED_SPECIMEN","Angelica kingii"
"1929313599","Angelica kingii",-117.42936,39.10508,2009,7,17,"US","PRESERVED_SPECIMEN","Angelica kingii"
"1930770222","Angelica kingii",-117.37644,38.90044,2009,7,16,"US","PRESERVED_SPECIMEN","Angelica kingii"
"4404958354","Angelica kingii",-114.624385,39.323628,2008,6,27,"US","PRESERVED_SPECIMEN","Angelica kingii"
"4162037483","Angelica kingii",-114.245642,38.976042,2007,6,18,"US","HUMAN_OBSERVATION","Angelica kingii"
"4069023891","Angelica kingii",-115.425183,41.8343,2004,6,7,"US","PRESERVED_SPECIMEN","Angelica kingii"
"4404958357","Angelica kingii",-114.242882,38.982473,2004,7,2,"US","PRESERVED_SPECIMEN","Angelica kingii"
"4404897308","Angelica kingii",-116.310463,38.666905,2001,7,5,"US","PRESERVED_SPECIMEN","Angelica kingii"
"1930224955","Angelica kingii",-117.129167,39.291944,2001,7,6,"US","PRESERVED_SPECIMEN","Angelica kingii"
"4068904040","Angelica kingii",-115.077222,41.011389,2001,7,31,"US","PRESERVED_SPECIMEN","Angelica kingii"
"1930808597","Angelica kingii",-116.3115,38.6555,2001,7,5,"US","PRESERVED_SPECIMEN","Angelica kingii"
"4068922648","Angelica kingii",0,0,1998,8,22,"US","PRESERVED_SPECIMEN","Angelica kingii"
"4073857884","Angelica kingii",-116.9302069,42.2087087,1998,8,3,"US","PRESERVED_SPECIMEN","Angelica kingii"
"4404897913","Angelica kingii",-115.419856,41.828191,1996,6,28,"US","PRESERVED_SPECIMEN","Angelica kingii"
"1930785705","Angelica kingii",-116.28,39.85,1996,7,15,"US","PRESERVED_SPECIMEN","Angelica kingii"
"4404897910","Angelica kingii",-116.933333,38.683333,1995,7,12,"US","PRESERVED_SPECIMEN","Angelica kingii"
"1928439915","Angelica kingii",-116.93,38.68,1995,7,12,"US","PRESERVED_SPECIMEN","Angelica kingii"
"1931286059","Angelica kingii",-114.6653,39.5569,1992,7,25,"US","PRESERVED_SPECIMEN","Angelica kingii"
"4404898499","Angelica kingii",-116.948791,38.654627,1991,7,17,"US","PRESERVED_SPECIMEN","Angelica kingii"
"2422286885","Angelica kingii",-114.18125,39.36658,1990,6,28,"US","PRESERVED_SPECIMEN","Angelica kingii"
"2422288622","Angelica kingii",-114.17806,39.25417,1990,6,30,"US","PRESERVED_SPECIMEN","Angelica kingii"
"2422327197","Angelica kingii",-114.21694,39.33583,1990,6,6,"US","PRESERVED_SPECIMEN","Angelica kingii"
"2422528574","Angelica kingii",-114.23739,39.27969,1990,6,24,"US","PRESERVED_SPECIMEN","Angelica kingii"
"4404898514","Angelica kingii",-115.35903,41.782411,1989,8,1,"US","PRESERVED_SPECIMEN","Angelica kingii"
"1929172563","Angelica kingii",-117.072,39.3952,1988,6,22,"US","PRESERVED_SPECIMEN","Angelica kingii"
"4404897381","Angelica kingii",-117.12,39.313889,1988,7,10,"US","PRESERVED_SPECIMEN","Angelica kingii"
"4404898843","Angelica kingii",-117.353056,38.9625,1987,6,27,"US","PRESERVED_SPECIMEN","Angelica kingii"
"1929291816","Angelica kingii",-115.3933,39.2805,1987,6,29,"US","PRESERVED_SPECIMEN","Angelica kingii"
"2430400222","Angelica kingii",-118.1819,37.5663,1987,7,11,"US","PRESERVED_SPECIMEN","Angelica kingii"
"2430207901","Angelica kingii",-118.1819,37.5663,1987,7,11,"US","PRESERVED_SPECIMEN","Angelica kingii"
"1927844088","Angelica kingii",-113.8773,39.8684,1986,6,27,"US","PRESERVED_SPECIMEN","Angelica kingii"
"4418748413","Angelica kingii",-118.19529,37.71322,1986,7,18,"US","PRESERVED_SPECIMEN","Angelica kingii"
"2430045163","Angelica kingii",-118.1912,37.7161,1986,7,18,"US","PRESERVED_SPECIMEN","Angelica kingii"
"1931293049","Angelica kingii",-118.1921791,37.7166757,1986,7,18,"US","PRESERVED_SPECIMEN","Angelica kingii"
"4404898337","Angelica kingii",-114.317263,39.010691,1986,8,9,"US","PRESERVED_SPECIMEN","Angelica kingii"
"1927857094","Angelica kingii",-114.6839,39.4842,1985,6,24,"US","PRESERVED_SPECIMEN","Angelica kingii"
"2270698039","Angelica kingii",-114.68495,39.489704,1985,6,24,"US","PRESERVED_SPECIMEN","Angelica kingii"
"1928657246","Angelica kingii",-115.2732,41.7932,1985,7,15,"US","PRESERVED_SPECIMEN","Angelica kingii"
"4073899585","Angelica kingii",-115.2738587,41.7930269,1985,7,15,"US","PRESERVED_SPECIMEN","Angelica kingii"
"3091290619","Angelica kingii",-118.283259,37.408216,1984,6,30,"US","PRESERVED_SPECIMEN","Angelica kingii"
"4404986324","Angelica kingii",-118.26559,37.40591,1984,6,30,"US","PRESERVED_SPECIMEN","Angelica kingii"
"1931125435","Angelica kingii",-118.1647,40.5445,1984,7,4,"US","PRESERVED_SPECIMEN","Angelica kingii"
"1930783285","Angelica kingii",-118.1647,40.5445,1984,8,9,"US","PRESERVED_SPECIMEN","Angelica kingii"
"4404897508","Angelica kingii",-116.297738,39.84475,1983,7,18,"US","PRESERVED_SPECIMEN","Angelica kingii"
"3320810235","Angelica kingii",-114.267083,39.014139,1983,7,8,"US","PRESERVED_SPECIMEN","Angelica kingii"
"4404897936","Angelica kingii",-115.3828,40.5962,1981,7,26,"US","PRESERVED_SPECIMEN","Angelica kingii"
"4404898351","Angelica kingii",-117.668332,40.84156,1979,6,29,"US","PRESERVED_SPECIMEN","Angelica kingii"
"1929548345","Angelica kingii",-113.91556,39.76294,1978,7,19,"US","PRESERVED_SPECIMEN","Angelica kingii"
"4404897503","Angelica kingii",-114.621796,39.319896,1978,8,1,"US","PRESERVED_SPECIMEN","Angelica kingii"
"4404898328","Angelica kingii",-114.299665,39.011046,1978,8,7,"US","PRESERVED_SPECIMEN","Angelica kingii"
"4404898333","Angelica kingii",-114.666427,39.660227,1978,8,1,"US","PRESERVED_SPECIMEN","Angelica kingii"
"1930605828","Angelica kingii",-113.829042,39.743603,1978,8,23,"US","PRESERVED_SPECIMEN","Angelica kingii"
"4404897894","Angelica kingii",-117.27996,39.129917,1977,7,16,"US","PRESERVED_SPECIMEN","Angelica kingii"
"4404898680","Angelica kingii",-117.28069,39.130616,1977,7,28,"US","PRESERVED_SPECIMEN","Angelica kingii"
"4404898842","Angelica kingii",-118.436593,41.282311,1977,8,10,"US","PRESERVED_SPECIMEN","Angelica kingii"
"1929113027","Angelica kingii",-118.4348,41.2855,1977,8,10,"US","PRESERVED_SPECIMEN","Angelica kingii"
"4404898836","Angelica kingii",-115.741942,36.411266,1970,6,17,"US","PRESERVED_SPECIMEN","Angelica kingii"
"1929139617","Angelica kingii",-118.4156,41.3145,1970,7,20,"US","PRESERVED_SPECIMEN","Angelica kingii"
"1930182861","Angelica kingii",-118.4156,41.3145,1970,7,20,"US","PRESERVED_SPECIMEN","Angelica kingii"
"1930599148","Angelica kingii",-115.405967,41.806631,1951,8,18,"US","PRESERVED_SPECIMEN","Angelica kingii"
"4404897506","Angelica kingii",-118.739315,38.488179,1940,7,10,"US","PRESERVED_SPECIMEN","Angelica kingii"
"4404897925","Angelica kingii",-117.1721,39.0901,1939,8,9,"US","PRESERVED_SPECIMEN","Angelica kingii"
"4404898665","Angelica kingii",-115.619713,36.31387,1938,7,12,"US","PRESERVED_SPECIMEN","Angelica kingii"
"4404897518","Angelica kingii",-114.659032,39.402998,1938,10,7,"US","PRESERVED_SPECIMEN","Angelica kingii"
"4404897514","Angelica kingii",-114.661962,39.404988,1938,10,7,"US","PRESERVED_SPECIMEN","Angelica kingii"
"4404897519","Angelica kingii",-114.644163,39.341317,1937,9,17,"US","PRESERVED_SPECIMEN","Angelica kingii"
"4404898668","Angelica kingii",-115.625936,36.309063,1936,7,21,"US","PRESERVED_SPECIMEN","Angelica kingii"
"3091290630","Angelica kingii",-115.22746,36.200579,1936,7,21,"US","PRESERVED_SPECIMEN","Angelica kingii"
"44155608","Angelica kingii",0,0,1936,7,21,"US","PRESERVED_SPECIMEN","Angelica kingii"
"4071099356","Angelica kingii",-115.6325,36.30611,1935,7,21,"US","PRESERVED_SPECIMEN","Angelica kingii"
"1846555382","Angelica kingii",-115.625,36.309,1935,8,5,"US","PRESERVED_SPECIMEN","Angelica kingii"
"2421753870","Angelica kingii",-118.23362,37.322454,1930,8,6,"US","PRESERVED_SPECIMEN","Angelica kingii"
"3125031574","Angelica kingii",-118.2198,37.3208,1930,8,7,"US","PRESERVED_SPECIMEN","Angelica kingii"
"2430177288","Angelica kingii",-118.219242,37.322769,1930,8,7,"US","PRESERVED_SPECIMEN","Angelica kingii"
"2270695046","Angelica kingii",-117.653179,41.490547,1924,6,11,"US","PRESERVED_SPECIMEN","Angelica kingii"
"4404898340","Angelica kingii",-115.48067,40.726717,1908,8,5,"US","PRESERVED_SPECIMEN","Angelica kingii"
"1930382792","Angelica kingii",-118.120695,40.445463,1901,7,29,"US","PRESERVED_SPECIMEN","Angelica kingii"
