"gbifID","species","longitude","latitude","year","month","day","countryCode","accepted_name"
"3743348426","Angelica lucida",-125.545425,48.937789,2022,2,20,"CA","Angelica lucida"
"3743182656","Angelica lucida",-125.673988,49.017864,2022,3,12,"CA","Angelica lucida"
"3743218533","Angelica lucida",-125.270778,48.938948,2022,3,11,"CA","Angelica lucida"
"3759286620","Angelica lucida",-125.568978,48.9504,2022,4,1,"CA","Angelica lucida"
"3759557731","Angelica lucida",-125.212104,48.78641,2022,4,9,"CA","Angelica lucida"
"3859348026","Angelica lucida",-122.835037,49.283802,2022,4,30,"CA","Angelica lucida"
"3859349017","Angelica lucida",-122.834961,49.283993,2022,4,30,"CA","Angelica lucida"
"3773602250","Angelica lucida",-125.553658,48.948017,2022,5,8,"CA","Angelica lucida"
"3773651483","Angelica lucida",-65.253472,47.788217,2022,5,10,"CA","Angelica lucida"
"3784994469","Angelica lucida",-123.051217,49.023605,2022,5,13,"CA","Angelica lucida"
"3802507602","Angelica lucida",-123.018314,49.061168,2022,5,24,"CA","Angelica lucida"
"3802689224","Angelica lucida",-125.156625,48.812572,2022,5,21,"CA","Angelica lucida"
"3858334911","Angelica lucida",-123.236316,49.551985,2022,5,29,"CA","Angelica lucida"
"3859035373","Angelica lucida",-123.161872,49.715418,2022,5,26,"CA","Angelica lucida"
"3859354212","Angelica lucida",-123.052727,49.024213,2022,5,23,"CA","Angelica lucida"
"3873592669","Angelica lucida",-122.834972,49.282807,2022,5,28,"CA","Angelica lucida"
"3858588820","Angelica lucida",-125.311972,48.95089,2022,6,15,"CA","Angelica lucida"
"3858620744","Angelica lucida",-123.194977,49.129345,2022,6,6,"CA","Angelica lucida"
"3858701607","Angelica lucida",-125.129417,48.832681,2022,6,8,"CA","Angelica lucida"
"3858721658","Angelica lucida",-128.145919,51.647461,2022,6,18,"CA","Angelica lucida"
"3858817772","Angelica lucida",-128.477753,51.910283,2022,6,19,"CA","Angelica lucida"
"3858938749","Angelica lucida",-128.4814,51.912986,2022,6,19,"CA","Angelica lucida"
"3858939643","Angelica lucida",-126.469045,49.397,2022,6,2,"CA","Angelica lucida"
"3859278402","Angelica lucida",-128.139771,51.655857,2022,6,17,"CA","Angelica lucida"
"3859307704","Angelica lucida",-128.145875,51.647469,2022,6,18,"CA","Angelica lucida"
"3859601441","Angelica lucida",-128.477545,51.910379,2022,6,19,"CA","Angelica lucida"
"3859616740","Angelica lucida",-128.481964,51.915364,2022,6,19,"CA","Angelica lucida"
"3859738262","Angelica lucida",-65.930512,44.615938,2022,6,26,"CA","Angelica lucida"
"3860228862","Angelica lucida",-128.482986,51.916181,2022,6,19,"CA","Angelica lucida"
"3860376041","Angelica lucida",-125.129669,48.832428,2022,6,8,"CA","Angelica lucida"
"3860434135","Angelica lucida",-125.129221,48.832641,2022,6,10,"CA","Angelica lucida"
"3860621368","Angelica lucida",-128.509489,52.566419,2022,6,25,"CA","Angelica lucida"
"3860641364","Angelica lucida",-128.142624,51.657612,2022,6,17,"CA","Angelica lucida"
"3860654682","Angelica lucida",-128.477661,51.910256,2022,6,19,"CA","Angelica lucida"
"3860721750","Angelica lucida",-128.482161,51.915178,2022,6,19,"CA","Angelica lucida"
"3860773633","Angelica lucida",-128.148194,51.646114,2022,6,18,"CA","Angelica lucida"
"3872884909","Angelica lucida",-128.145889,51.647537,2022,6,18,"CA","Angelica lucida"
"3873044185","Angelica lucida",-128.558219,51.985152,2022,6,19,"CA","Angelica lucida"
"3873044724","Angelica lucida",-122.834945,49.281322,2022,6,4,"CA","Angelica lucida"
"3873368135","Angelica lucida",-128.148071,51.64608,2022,6,18,"CA","Angelica lucida"
"3873563136","Angelica lucida",-128.148514,51.646023,2022,6,18,"CA","Angelica lucida"
"3873595329","Angelica lucida",-128.46434,51.928997,2022,6,19,"CA","Angelica lucida"
"3889047443","Angelica lucida",-66.342413,44.253595,2022,6,16,"CA","Angelica lucida"
"3925116886","Angelica lucida",-128.112152,51.657673,2022,6,24,"CA","Angelica lucida"
"3925131978","Angelica lucida",-127.916565,51.424683,2022,6,25,"CA","Angelica lucida"
"3925150086","Angelica lucida",-128.107635,51.639145,2022,6,26,"CA","Angelica lucida"
"3925163005","Angelica lucida",-128.106796,51.6404,2022,6,26,"CA","Angelica lucida"
"3925188989","Angelica lucida",-127.909004,51.423969,2022,6,25,"CA","Angelica lucida"
"3925443798","Angelica lucida",-128.11908,51.660557,2022,6,23,"CA","Angelica lucida"
"3961371959","Angelica lucida",-128.116028,51.667103,2022,6,28,"CA","Angelica lucida"
"3985757889","Angelica lucida",-128.100021,51.663597,2022,6,26,"CA","Angelica lucida"
"3873111364","Angelica lucida",-125.117653,48.827785,2022,7,23,"CA","Angelica lucida"
"3873886968","Angelica lucida",-125.156586,48.812565,2022,7,10,"CA","Angelica lucida"
"3873915807","Angelica lucida",-125.156586,48.812565,2022,7,10,"CA","Angelica lucida"
"3873933582","Angelica lucida",-125.118362,48.828251,2022,7,23,"CA","Angelica lucida"
"3873943828","Angelica lucida",-131.221466,52.101967,2022,7,7,"CA","Angelica lucida"
"3873948633","Angelica lucida",-125.156174,48.813335,2022,7,9,"CA","Angelica lucida"
"3874070541","Angelica lucida",-125.118362,48.828251,2022,7,23,"CA","Angelica lucida"
"3888758473","Angelica lucida",-63.747114,46.779796,2022,7,21,"CA","Angelica lucida"
"3892435442","Angelica lucida",-63.124532,46.139861,2022,7,8,"CA","Angelica lucida"
"3892506471","Angelica lucida",-54.182375,46.821015,2022,7,6,"CA","Angelica lucida"
"3903207956","Angelica lucida",-125.117149,48.828201,2022,7,26,"CA","Angelica lucida"
"3902540140","Angelica lucida",-131.216757,52.099017,2022,8,5,"CA","Angelica lucida"
"3903037061","Angelica lucida",-123.023378,49.05778,2022,8,13,"CA","Angelica lucida"
"3903236968","Angelica lucida",-137.354605,60.372198,2022,8,16,"CA","Angelica lucida"
"3912073734","Angelica lucida",-57.961628,49.658205,2022,8,9,"CA","Angelica lucida"
"3947264714","Angelica lucida",-125.254134,50.045575,2022,8,3,"CA","Angelica lucida"
"3902532070","Angelica lucida",-60.405082,47.153359,2022,9,2,"CA","Angelica lucida"
"3902936877","Angelica lucida",-64.455648,45.391357,2022,9,3,"CA","Angelica lucida"
"3915354134","Angelica lucida",-125.63048,48.997313,2022,9,20,"CA","Angelica lucida"
"3915475752","Angelica lucida",-63.804742,46.615903,2022,9,7,"CA","Angelica lucida"
"3915609261","Angelica lucida",-127.312218,52.455425,2022,9,10,"CA","Angelica lucida"
"3915653271","Angelica lucida",-127.1774,50.614086,2022,9,24,"CA","Angelica lucida"
"3915727551","Angelica lucida",-123.167783,49.695103,2022,9,25,"CA","Angelica lucida"
"3923491132","Angelica lucida",-127.978218,52.182491,2022,9,12,"CA","Angelica lucida"
"3923547182","Angelica lucida",-127.978096,52.182426,2022,9,12,"CA","Angelica lucida"
"3947532025","Angelica lucida",-127.886185,52.427006,2022,9,14,"CA","Angelica lucida"
"3947618099","Angelica lucida",-127.886154,52.426903,2022,9,14,"CA","Angelica lucida"
"3947739079","Angelica lucida",-127.886322,52.427074,2022,9,14,"CA","Angelica lucida"
"3947134818","Angelica lucida",-127.839783,52.338593,2022,10,16,"CA","Angelica lucida"
"3947143902","Angelica lucida",-127.839401,52.338215,2022,10,16,"CA","Angelica lucida"
"3947365910","Angelica lucida",-127.839783,52.338593,2022,10,16,"CA","Angelica lucida"
"3961390735","Angelica lucida",-123.892309,49.157839,2022,10,22,"CA","Angelica lucida"
"3985733888","Angelica lucida",-125.593471,49.233307,2022,10,15,"CA","Angelica lucida"
"3986209896","Angelica lucida",-125.593471,49.233307,2022,10,15,"CA","Angelica lucida"
"3985680051","Angelica lucida",-125.140657,49.045932,2022,11,13,"CA","Angelica lucida"
"3398745553","Angelica lucida",-125.535155,48.931697,2021,1,18,"CA","Angelica lucida"
"3070374657","Angelica lucida",-125.673967,49.01775,2021,3,27,"CA","Angelica lucida"
"3398676548","Angelica lucida",-125.616664,48.973451,2021,3,18,"CA","Angelica lucida"
"3399138519","Angelica lucida",-125.57647,48.9511,2021,3,5,"CA","Angelica lucida"
"3399148571","Angelica lucida",-125.535058,48.9315,2021,3,26,"CA","Angelica lucida"
"3383898691","Angelica lucida",-63.550775,44.572717,2021,4,25,"CA","Angelica lucida"
"3398652623","Angelica lucida",-123.946121,48.393013,2021,4,16,"CA","Angelica lucida"
"3398727569","Angelica lucida",-125.6057,49.221402,2021,4,17,"CA","Angelica lucida"
"3399157697","Angelica lucida",-123.945831,48.393531,2021,4,16,"CA","Angelica lucida"
"3118266173","Angelica lucida",-66.271151,44.346236,2021,5,16,"CA","Angelica lucida"
"3398672561","Angelica lucida",-130.618998,54.300171,2021,5,4,"CA","Angelica lucida"
"3398693611","Angelica lucida",-125.567567,48.950092,2021,5,26,"CA","Angelica lucida"
"3307491266","Angelica lucida",-66.154535,43.793583,2021,6,17,"CA","Angelica lucida"
"3314173712","Angelica lucida",-135.159708,60.038386,2021,6,16,"CA","Angelica lucida"
"3333156490","Angelica lucida",-124.725289,48.598729,2021,6,16,"CA","Angelica lucida"
"3398667658","Angelica lucida",-125.533082,48.923995,2021,6,29,"CA","Angelica lucida"
"3399035614","Angelica lucida",-123.035501,49.054291,2021,6,5,"CA","Angelica lucida"
"3399179657","Angelica lucida",-123.196111,49.127222,2021,6,19,"CA","Angelica lucida"
"3468754488","Angelica lucida",-123.024217,49.0594,2021,6,18,"CA","Angelica lucida"
"3859057689","Angelica lucida",-123.052503,49.024202,2021,6,1,"CA","Angelica lucida"
"3333282188","Angelica lucida",-66.341813,44.286562,2021,7,24,"CA","Angelica lucida"
"3383919920","Angelica lucida",-53.073419,46.657794,2021,7,24,"CA","Angelica lucida"
"3384653879","Angelica lucida",-54.181994,46.820633,2021,7,18,"CA","Angelica lucida"
"3398643711","Angelica lucida",-125.911142,49.137985,2021,7,31,"CA","Angelica lucida"
"3398676691","Angelica lucida",-122.875924,49.054228,2021,7,5,"CA","Angelica lucida"
"3398703681","Angelica lucida",-125.676407,49.010781,2021,7,13,"CA","Angelica lucida"
"3398735652","Angelica lucida",-128.176303,50.522053,2021,7,3,"CA","Angelica lucida"
"3398760729","Angelica lucida",-124.809067,48.683455,2021,7,21,"CA","Angelica lucida"
"3399058714","Angelica lucida",-128.237075,50.579185,2021,7,28,"CA","Angelica lucida"
"3399110711","Angelica lucida",-123.167878,49.698761,2021,7,18,"CA","Angelica lucida"
"3399128714","Angelica lucida",-133.805347,59.906063,2021,7,31,"CA","Angelica lucida"
"3399175717","Angelica lucida",-125.542018,48.924085,2021,7,12,"CA","Angelica lucida"
"3399203751","Angelica lucida",-125.25758,50.039064,2021,7,27,"CA","Angelica lucida"
"3759180645","Angelica lucida",-64.967234,47.279172,2021,7,8,"CA","Angelica lucida"
"3335117023","Angelica lucida",-62.718595,44.792433,2021,8,1,"CA","Angelica lucida"
"3337584398","Angelica lucida",-127.378503,50.027806,2021,8,13,"CA","Angelica lucida"
"3337813142","Angelica lucida",-125.542222,48.923611,2021,8,6,"CA","Angelica lucida"
"3355134460","Angelica lucida",-123.03241,49.653652,2021,8,28,"CA","Angelica lucida"
"3384608191","Angelica lucida",-60.766667,46.216667,2021,8,29,"CA","Angelica lucida"
"3398637763","Angelica lucida",-125.535435,48.932099,2021,8,23,"CA","Angelica lucida"
"3398642757","Angelica lucida",-122.903228,49.084308,2021,8,28,"CA","Angelica lucida"
"3398660806","Angelica lucida",-125.249567,50.040077,2021,8,25,"CA","Angelica lucida"
"3398682798","Angelica lucida",-125.156778,48.812694,2021,8,24,"CA","Angelica lucida"
"3398736771","Angelica lucida",-136.74239,59.889715,2021,8,19,"CA","Angelica lucida"
"3398751773","Angelica lucida",-125.532683,48.92415,2021,8,8,"CA","Angelica lucida"
"3398758712","Angelica lucida",-123.042922,49.049428,2021,8,1,"CA","Angelica lucida"
"3398767829","Angelica lucida",-127.941565,50.249521,2021,8,25,"CA","Angelica lucida"
"3398772738","Angelica lucida",-125.53313,48.923907,2021,8,23,"CA","Angelica lucida"
"3398774842","Angelica lucida",-129.441742,53.045945,2021,8,23,"CA","Angelica lucida"
"3398953752","Angelica lucida",-136.465893,59.575592,2021,8,4,"CA","Angelica lucida"
"3399088737","Angelica lucida",-122.841012,49.287409,2021,8,8,"CA","Angelica lucida"
"3399127804","Angelica lucida",-125.162292,48.816425,2021,8,24,"CA","Angelica lucida"
"3399168782","Angelica lucida",-125.157556,48.812856,2021,8,24,"CA","Angelica lucida"
"3399187732","Angelica lucida",-125.842243,49.075347,2021,8,2,"CA","Angelica lucida"
"3399197707","Angelica lucida",-123.046408,49.049478,2021,8,1,"CA","Angelica lucida"
"3399199742","Angelica lucida",-123.046311,49.04937,2021,8,1,"CA","Angelica lucida"
"3456196566","Angelica lucida",-126.785387,50.54161,2021,8,19,"CA","Angelica lucida"
"3456290675","Angelica lucida",-126.785387,50.54161,2021,8,19,"CA","Angelica lucida"
"3759581682","Angelica lucida",-65.253363,47.788205,2021,8,2,"CA","Angelica lucida"
"3384973248","Angelica lucida",-66.271236,44.346211,2021,9,25,"CA","Angelica lucida"
"3399083820","Angelica lucida",-125.434688,48.955005,2021,9,12,"CA","Angelica lucida"
"3399162843","Angelica lucida",-125.581758,48.974851,2021,9,20,"CA","Angelica lucida"
"3391294578","Angelica lucida",-66.36055,45.118703,2021,10,2,"CA","Angelica lucida"
"3398775888","Angelica lucida",-125.55125,48.941459,2021,10,1,"CA","Angelica lucida"
"3455407405","Angelica lucida",-123.602088,48.319797,2021,11,20,"CA","Angelica lucida"
"3399197433","Angelica lucida",-125.575897,48.943832,2020,2,14,"CA","Angelica lucida"
"2611083327","Angelica lucida",-122.878625,49.060222,2020,4,24,"CA","Angelica lucida"
"2611164018","Angelica lucida",-122.878625,49.060214,2020,4,24,"CA","Angelica lucida"
"2611271262","Angelica lucida",-122.878669,49.060208,2020,4,24,"CA","Angelica lucida"
"2611328892","Angelica lucida",-122.878656,49.060197,2020,4,24,"CA","Angelica lucida"
"3399200448","Angelica lucida",-122.878669,49.0602,2020,4,24,"CA","Angelica lucida"
"2626430608","Angelica lucida",-127.972308,50.326092,2020,5,10,"CA","Angelica lucida"
"3039161512","Angelica lucida",-127.831947,50.185436,2020,5,9,"CA","Angelica lucida"
"3079729779","Angelica lucida",-123.633833,48.761598,2020,5,5,"CA","Angelica lucida"
"3398645455","Angelica lucida",-127.853662,50.280735,2020,5,10,"CA","Angelica lucida"
"3398671460","Angelica lucida",-125.5475,48.932671,2020,5,22,"CA","Angelica lucida"
"3398759465","Angelica lucida",-125.532454,48.922995,2020,5,8,"CA","Angelica lucida"
"3398776451","Angelica lucida",-130.610078,54.295497,2020,5,20,"CA","Angelica lucida"
"3399033460","Angelica lucida",-127.990417,50.337995,2020,5,10,"CA","Angelica lucida"
"3399127477","Angelica lucida",-125.568475,48.938621,2020,5,17,"CA","Angelica lucida"
"2803091220","Angelica lucida",-66.362763,45.117921,2020,6,23,"CA","Angelica lucida"
"2980780403","Angelica lucida",-123.179053,49.695567,2020,6,14,"CA","Angelica lucida"
"2981059388","Angelica lucida",-123.16735,49.698567,2020,6,10,"CA","Angelica lucida"
"2988280611","Angelica lucida",-128.335953,50.777489,2020,6,29,"CA","Angelica lucida"
"2988316625","Angelica lucida",-128.334534,50.777592,2020,6,27,"CA","Angelica lucida"
"2988464709","Angelica lucida",-128.41365,50.771275,2020,6,28,"CA","Angelica lucida"
"2988596722","Angelica lucida",-128.394897,50.779553,2020,6,28,"CA","Angelica lucida"
"2988602704","Angelica lucida",-128.394853,50.779562,2020,6,28,"CA","Angelica lucida"
"3039135695","Angelica lucida",-128.413758,50.771678,2020,6,28,"CA","Angelica lucida"
"3039166677","Angelica lucida",-128.3994,50.779888,2020,6,28,"CA","Angelica lucida"
"3039397669","Angelica lucida",-128.336992,50.779295,2020,6,27,"CA","Angelica lucida"
"3059028492","Angelica lucida",-66.759722,44.687222,2020,6,29,"CA","Angelica lucida"
"3383957498","Angelica lucida",-63.622744,44.448578,2020,6,27,"CA","Angelica lucida"
"3384388459","Angelica lucida",-63.654379,44.46451,2020,6,15,"CA","Angelica lucida"
"3398649476","Angelica lucida",-125.617743,48.975611,2020,6,20,"CA","Angelica lucida"
"3398653486","Angelica lucida",-125.744382,49.07328,2020,6,15,"CA","Angelica lucida"
"3398674515","Angelica lucida",-128.39502,50.77948,2020,6,28,"CA","Angelica lucida"
"3398714470","Angelica lucida",-128.365781,50.694804,2020,6,5,"CA","Angelica lucida"
"3398748460","Angelica lucida",-125.587976,48.953283,2020,6,7,"CA","Angelica lucida"
"3398754468","Angelica lucida",-123.052125,49.024139,2020,6,19,"CA","Angelica lucida"
"3398760486","Angelica lucida",-128.33374,50.777691,2020,6,27,"CA","Angelica lucida"
"3398764471","Angelica lucida",-128.412888,50.771442,2020,6,28,"CA","Angelica lucida"
"3398776482","Angelica lucida",-128.399002,50.77832,2020,6,28,"CA","Angelica lucida"
"3399058481","Angelica lucida",-125.911111,49.42,2020,6,29,"CA","Angelica lucida"
"3399088476","Angelica lucida",-128.335739,50.777603,2020,6,29,"CA","Angelica lucida"
"3399108481","Angelica lucida",-128.414139,50.770985,2020,6,28,"CA","Angelica lucida"
"2850593190","Angelica lucida",-136.624485,59.714296,2020,7,24,"CA","Angelica lucida"
"2850946897","Angelica lucida",-136.621214,59.709663,2020,7,24,"CA","Angelica lucida"
"2851059021","Angelica lucida",-136.466221,59.575885,2020,7,25,"CA","Angelica lucida"
"2988284542","Angelica lucida",-128.390665,50.780476,2020,7,3,"CA","Angelica lucida"
"3039380609","Angelica lucida",-127.181028,50.615712,2020,7,22,"CA","Angelica lucida"
"3067931109","Angelica lucida",-54.181788,46.820101,2020,7,19,"CA","Angelica lucida"
"3097026428","Angelica lucida",-54.182045,46.819377,2020,7,19,"CA","Angelica lucida"
"3383832500","Angelica lucida",-65.619535,43.408186,2020,7,22,"CA","Angelica lucida"
"3383884516","Angelica lucida",-60.978833,45.319712,2020,7,18,"CA","Angelica lucida"
"3398646487","Angelica lucida",-136.613055,59.711593,2020,7,24,"CA","Angelica lucida"
"3398677477","Angelica lucida",-123.2157,49.22299,2020,7,1,"CA","Angelica lucida"
"3398703488","Angelica lucida",-125.827567,49.067388,2020,7,19,"CA","Angelica lucida"
"3398716478","Angelica lucida",-123.215698,49.222995,2020,7,1,"CA","Angelica lucida"
"3398734498","Angelica lucida",-136.66323,59.849876,2020,7,4,"CA","Angelica lucida"
"3398769499","Angelica lucida",-128.24086,50.591211,2020,7,22,"CA","Angelica lucida"
"3399033489","Angelica lucida",-123.892,49.162,2020,7,28,"CA","Angelica lucida"
"3399121464","Angelica lucida",-124.809123,48.663443,2020,7,31,"CA","Angelica lucida"
"3399167474","Angelica lucida",-127.177229,50.614815,2020,7,21,"CA","Angelica lucida"
"3399196495","Angelica lucida",-136.627078,59.723903,2020,7,4,"CA","Angelica lucida"
"3399201494","Angelica lucida",-136.453341,59.608177,2020,7,3,"CA","Angelica lucida"
"3399203498","Angelica lucida",-125.541825,48.921652,2020,7,9,"CA","Angelica lucida"
"3985749379","Angelica lucida",-123.946025,48.393445,2020,7,4,"CA","Angelica lucida"
"2859986958","Angelica lucida",-128.118974,51.660422,2020,8,27,"CA","Angelica lucida"
"2901587490","Angelica lucida",-125.896138,49.108815,2020,8,18,"CA","Angelica lucida"
"2988496665","Angelica lucida",-128.354301,50.728854,2020,8,25,"CA","Angelica lucida"
"3070299151","Angelica lucida",-125.533185,48.92404,2020,8,28,"CA","Angelica lucida"
"3383896514","Angelica lucida",-64.091389,45.385556,2020,8,20,"CA","Angelica lucida"
"3384238538","Angelica lucida",-64.379892,44.193297,2020,8,18,"CA","Angelica lucida"
"3398638497","Angelica lucida",-128.721803,52.262212,2020,8,30,"CA","Angelica lucida"
"3398678506","Angelica lucida",-128.270731,50.601908,2020,8,27,"CA","Angelica lucida"
"3398705529","Angelica lucida",-128.722047,52.263022,2020,8,21,"CA","Angelica lucida"
"3398725477","Angelica lucida",-125.541935,48.923595,2020,8,26,"CA","Angelica lucida"
"3398746490","Angelica lucida",-125.577235,48.978908,2020,8,31,"CA","Angelica lucida"
"3398776490","Angelica lucida",-128.030928,50.516887,2020,8,24,"CA","Angelica lucida"
"3399126489","Angelica lucida",-128.182832,50.835683,2020,8,15,"CA","Angelica lucida"
"3399140515","Angelica lucida",-125.896245,49.108995,2020,8,18,"CA","Angelica lucida"
"3399074481","Angelica lucida",-125.574074,48.951082,2020,9,13,"CA","Angelica lucida"
"3399083511","Angelica lucida",-128.721817,52.262763,2020,9,5,"CA","Angelica lucida"
"3399192544","Angelica lucida",-127.18815,50.614023,2020,9,14,"CA","Angelica lucida"
"3399200503","Angelica lucida",-127.188225,50.613772,2020,9,14,"CA","Angelica lucida"
"3399210505","Angelica lucida",-126.080139,49.275275,2020,9,18,"CA","Angelica lucida"
"2901909329","Angelica lucida",-125.874742,49.096408,2020,10,20,"CA","Angelica lucida"
"2980806506","Angelica lucida",-125.436879,48.954353,2020,10,12,"CA","Angelica lucida"
"2981059537","Angelica lucida",-125.924692,49.111682,2020,10,5,"CA","Angelica lucida"
"3398951390","Angelica lucida",-125.542048,48.92152,2019,4,26,"CA","Angelica lucida"
"3399090402","Angelica lucida",-125.632538,48.996751,2019,4,4,"CA","Angelica lucida"
"2251985656","Angelica lucida",-123.164662,49.697094,2019,5,26,"CA","Angelica lucida"
"2251990751","Angelica lucida",-131.370519,52.587912,2019,5,30,"CA","Angelica lucida"
"3399169425","Angelica lucida",-125.159636,48.873417,2019,5,25,"CA","Angelica lucida"
"2269223351","Angelica lucida",-63.549837,44.575025,2019,6,8,"CA","Angelica lucida"
"2283132993","Angelica lucida",-128.125763,51.684018,2019,6,27,"CA","Angelica lucida"
"2283134714","Angelica lucida",-128.301544,52.027278,2019,6,27,"CA","Angelica lucida"
"2311405097","Angelica lucida",-128.477753,51.9103,2019,6,24,"CA","Angelica lucida"
"2311406422","Angelica lucida",-128.477706,51.910228,2019,6,24,"CA","Angelica lucida"
"3398632415","Angelica lucida",-128.042008,52.281656,2019,6,26,"CA","Angelica lucida"
"3398639444","Angelica lucida",-127.727906,52.451694,2019,6,25,"CA","Angelica lucida"
"3398653445","Angelica lucida",-127.740378,52.473827,2019,6,25,"CA","Angelica lucida"
"3398662431","Angelica lucida",-127.876831,52.210839,2019,6,26,"CA","Angelica lucida"
"3398672400","Angelica lucida",-127.740692,52.47395,2019,6,25,"CA","Angelica lucida"
"3398674417","Angelica lucida",-125.840279,49.073334,2019,6,21,"CA","Angelica lucida"
"3398702418","Angelica lucida",-128.425903,52.000053,2019,6,24,"CA","Angelica lucida"
"3398704408","Angelica lucida",-127.739868,52.476539,2019,6,26,"CA","Angelica lucida"
"3398704413","Angelica lucida",-127.740203,52.473144,2019,6,25,"CA","Angelica lucida"
"3398713434","Angelica lucida",-127.877831,52.211108,2019,6,26,"CA","Angelica lucida"
"3398714412","Angelica lucida",-125.212095,48.787801,2019,6,15,"CA","Angelica lucida"
"3398715437","Angelica lucida",-127.876564,52.211392,2019,6,26,"CA","Angelica lucida"
"3398718423","Angelica lucida",-127.740478,52.473369,2019,6,25,"CA","Angelica lucida"
"3398726430","Angelica lucida",-127.728561,52.451542,2019,6,25,"CA","Angelica lucida"
"3398736434","Angelica lucida",-127.727875,52.451764,2019,6,25,"CA","Angelica lucida"
"3398745418","Angelica lucida",-127.832025,52.513,2019,6,25,"CA","Angelica lucida"
"3398750424","Angelica lucida",-127.740219,52.473133,2019,6,25,"CA","Angelica lucida"
"3398754412","Angelica lucida",-127.740775,52.475064,2019,6,25,"CA","Angelica lucida"
"3398759424","Angelica lucida",-125.840279,49.073334,2019,6,21,"CA","Angelica lucida"
"3398771436","Angelica lucida",-127.728042,52.451692,2019,6,25,"CA","Angelica lucida"
"3398833415","Angelica lucida",-127.832031,52.512917,2019,6,25,"CA","Angelica lucida"
"3398997419","Angelica lucida",-128.479247,51.909714,2019,6,24,"CA","Angelica lucida"
"3399035407","Angelica lucida",-123.181222,49.093608,2019,6,17,"CA","Angelica lucida"
"3399099428","Angelica lucida",-128.430619,51.992869,2019,6,24,"CA","Angelica lucida"
"3399114425","Angelica lucida",-128.429961,51.992394,2019,6,24,"CA","Angelica lucida"
"3399117418","Angelica lucida",-128.479583,51.910369,2019,6,24,"CA","Angelica lucida"
"3399125418","Angelica lucida",-128.429169,51.990997,2019,6,24,"CA","Angelica lucida"
"3399130435","Angelica lucida",-127.740608,52.474594,2019,6,25,"CA","Angelica lucida"
"3399137446","Angelica lucida",-127.740356,52.474056,2019,6,25,"CA","Angelica lucida"
"3399154443","Angelica lucida",-127.877122,52.211497,2019,6,26,"CA","Angelica lucida"
"3399163431","Angelica lucida",-128.041856,52.280456,2019,6,26,"CA","Angelica lucida"
"3399171438","Angelica lucida",-127.740753,52.473933,2019,6,25,"CA","Angelica lucida"
"3399192440","Angelica lucida",-128.041825,52.281508,2019,6,26,"CA","Angelica lucida"
"3399192441","Angelica lucida",-125.844709,49.074939,2019,6,23,"CA","Angelica lucida"
"2294536429","Angelica lucida",-131.796912,54.076152,2019,7,4,"CA","Angelica lucida"
"2294536913","Angelica lucida",-131.663881,54.158322,2019,7,3,"CA","Angelica lucida"
"2294554861","Angelica lucida",-131.663072,54.157945,2019,7,3,"CA","Angelica lucida"
"2294555395","Angelica lucida",-131.661533,54.155572,2019,7,3,"CA","Angelica lucida"
"2311304057","Angelica lucida",-66.755868,44.581902,2019,7,7,"CA","Angelica lucida"
"2311325029","Angelica lucida",-131.662499,54.159118,2019,7,3,"CA","Angelica lucida"
"2397512797","Angelica lucida",-131.796707,54.077374,2019,7,4,"CA","Angelica lucida"
"2465111896","Angelica lucida",-126.690836,49.588867,2019,7,12,"CA","Angelica lucida"
"2574069147","Angelica lucida",-66.763611,44.674722,2019,7,28,"CA","Angelica lucida"
"2579224676","Angelica lucida",-65.850961,43.750319,2019,7,21,"CA","Angelica lucida"
"2596263901","Angelica lucida",-63.550286,44.576732,2019,7,4,"CA","Angelica lucida"
"2619911502","Angelica lucida",-131.660933,54.158397,2019,7,3,"CA","Angelica lucida"
"2620007521","Angelica lucida",-131.797012,54.07743,2019,7,2,"CA","Angelica lucida"
"3008558133","Angelica lucida",-131.662125,54.160717,2019,7,3,"CA","Angelica lucida"
"3008560140","Angelica lucida",-131.662047,54.160797,2019,7,3,"CA","Angelica lucida"
"3058706388","Angelica lucida",-125.115231,48.835133,2019,7,25,"CA","Angelica lucida"
"3079548685","Angelica lucida",-60.210503,55.45787,2019,7,26,"CA","Angelica lucida"
"3398635457","Angelica lucida",-125.764221,49.121473,2019,7,14,"CA","Angelica lucida"
"3398662414","Angelica lucida",-131.661422,54.158328,2019,7,3,"CA","Angelica lucida"
"3398698427","Angelica lucida",-123.632706,48.753838,2019,7,2,"CA","Angelica lucida"
"3398745427","Angelica lucida",-131.661367,54.158493,2019,7,3,"CA","Angelica lucida"
"3399115424","Angelica lucida",-125.150769,48.818496,2019,7,31,"CA","Angelica lucida"
"3399118447","Angelica lucida",-125.117753,48.832097,2019,7,25,"CA","Angelica lucida"
"3399203433","Angelica lucida",-125.117576,48.832035,2019,7,25,"CA","Angelica lucida"
"3994241318","Angelica lucida",-131.663056,54.157986,2019,7,3,"CA","Angelica lucida"
"3039245425","Angelica lucida",-56.741115,51.31211,2019,8,20,"CA","Angelica lucida"
"3398671425","Angelica lucida",-125.541946,48.921665,2019,8,16,"CA","Angelica lucida"
"3398673423","Angelica lucida",-125.675103,49.005265,2019,8,5,"CA","Angelica lucida"
"3398714417","Angelica lucida",-126.452093,49.62798,2019,8,5,"CA","Angelica lucida"
"3398736465","Angelica lucida",-125.291163,48.911031,2019,8,21,"CA","Angelica lucida"
"3398748425","Angelica lucida",-125.675103,49.005265,2019,8,5,"CA","Angelica lucida"
"3398764415","Angelica lucida",-128.40499,50.773772,2019,8,17,"CA","Angelica lucida"
"3399115426","Angelica lucida",-125.880135,49.106991,2019,8,27,"CA","Angelica lucida"
"3455250515","Angelica lucida",-64.831461,43.852863,2019,9,4,"CA","Angelica lucida"
"2596415957","Angelica lucida",-123.601263,48.315438,2019,10,6,"CA","Angelica lucida"
"3398762456","Angelica lucida",-125.912781,49.144444,2019,10,12,"CA","Angelica lucida"
"3398688398","Angelica lucida",-125.650262,49.004125,2018,4,22,"CA","Angelica lucida"
"3398876442","Angelica lucida",-126.091217,49.171421,2018,4,15,"CA","Angelica lucida"
"3398884436","Angelica lucida",-126.091217,49.171421,2018,4,15,"CA","Angelica lucida"
"3398970458","Angelica lucida",-126.091217,49.171421,2018,4,15,"CA","Angelica lucida"
"3399088456","Angelica lucida",-126.091217,49.171421,2018,4,15,"CA","Angelica lucida"
"3399174440","Angelica lucida",-126.091217,49.171421,2018,4,15,"CA","Angelica lucida"
"3398745459","Angelica lucida",-126.021391,49.166709,2018,5,1,"CA","Angelica lucida"
"1850949304","Angelica lucida",-131.569947,52.578638,2018,6,4,"CA","Angelica lucida"
"1880540049","Angelica lucida",-133.664896,59.550127,2018,6,20,"CA","Angelica lucida"
"1990443935","Angelica lucida",-128.152393,51.642345,2018,6,20,"CA","Angelica lucida"
"3032825357","Angelica lucida",-128.12,51.6639,2018,6,17,"CA","Angelica lucida"
"3398635365","Angelica lucida",-128.131317,51.6563,2018,6,17,"CA","Angelica lucida"
"3398645380","Angelica lucida",-125.311574,48.951061,2018,6,22,"CA","Angelica lucida"
"3398651370","Angelica lucida",-128.130814,51.656433,2018,6,17,"CA","Angelica lucida"
"3398682382","Angelica lucida",-128.140458,51.652036,2018,6,16,"CA","Angelica lucida"
"2573784460","Angelica lucida",-65.018204,45.248516,2018,7,5,"CA","Angelica lucida"
"3307188313","Angelica lucida",-56.741352,51.292187,2018,7,11,"CA","Angelica lucida"
"3398757571","Angelica lucida",-125.750801,49.07569,2018,9,8,"CA","Angelica lucida"
"3398970397","Angelica lucida",-127.831978,52.512931,2018,9,14,"CA","Angelica lucida"
"3398670445","Angelica lucida",-123.602588,48.320143,2018,10,28,"CA","Angelica lucida"
"2610930882","Angelica lucida",-125.214427,48.785719,2018,11,3,"CA","Angelica lucida"
"3061740769","Angelica lucida",-131.80712,53.241053,2018,11,9,"CA","Angelica lucida"
"3398736462","Angelica lucida",-125.692923,49.037272,2017,4,28,"CA","Angelica lucida"
"1571075001","Angelica lucida",-125.676126,49.011134,2017,5,20,"CA","Angelica lucida"
"1571112439","Angelica lucida",-125.675662,49.009977,2017,5,20,"CA","Angelica lucida"
"3398657342","Angelica lucida",-130.226197,54.195305,2017,5,9,"CA","Angelica lucida"
"3398737466","Angelica lucida",-125.886183,49.122363,2017,5,13,"CA","Angelica lucida"
"3398979352","Angelica lucida",-125.67564,49.009985,2017,5,20,"CA","Angelica lucida"
"2620128071","Angelica lucida",-126.466913,49.389091,2017,6,13,"CA","Angelica lucida"
"3039246502","Angelica lucida",-126.466913,49.389091,2017,6,13,"CA","Angelica lucida"
"3398718346","Angelica lucida",-129.882244,53.7472,2017,6,29,"CA","Angelica lucida"
"3398722351","Angelica lucida",-123.043892,49.020083,2017,6,22,"CA","Angelica lucida"
"3399184351","Angelica lucida",-128.257692,51.821388,2017,6,22,"CA","Angelica lucida"
"1880454048","Angelica lucida",-137.357544,60.131758,2017,7,11,"CA","Angelica lucida"
"3031971771","Angelica lucida",-56.432187,51.72608,2017,7,16,"CA","Angelica lucida"
"3398675440","Angelica lucida",-125.155002,48.750335,2017,7,5,"CA","Angelica lucida"
"3414074334","Angelica lucida",-137.438628,60.077858,2017,7,12,"CA","Angelica lucida"
"3414087324","Angelica lucida",-137.35753,60.13172,2017,7,11,"CA","Angelica lucida"
"3398753997","Angelica lucida",-125.648852,49.003533,2017,8,9,"CA","Angelica lucida"
"3039134234","Angelica lucida",-126.295089,49.513317,2017,9,23,"CA","Angelica lucida"
"2579273619","Angelica lucida",-64.776844,47.678794,2017,11,15,"CA","Angelica lucida"
"3398686709","Angelica lucida",-128.121397,53.328968,2016,5,18,"CA","Angelica lucida"
"1453093108","Angelica lucida",-64.769381,47.663082,2016,6,17,"CA","Angelica lucida"
"1658227515","Angelica lucida",-135.82534,60.29627,2016,6,28,"CA","Angelica lucida"
"1990477329","Angelica lucida",-128.087622,51.64275,2016,7,26,"CA","Angelica lucida"
"3399138385","Angelica lucida",-126.112654,49.262682,2016,7,1,"CA","Angelica lucida"
"3398658447","Angelica lucida",-125.583863,48.948496,2016,8,17,"CA","Angelica lucida"
"3399203469","Angelica lucida",-125.583863,48.948496,2016,8,17,"CA","Angelica lucida"
"1306586776","Angelica lucida",-131.80818,53.24495,2016,9,5,"CA","Angelica lucida"
"1453114389","Angelica lucida",-131.006958,52.230525,2016,9,14,"CA","Angelica lucida"
"1806334181","Angelica lucida",-123.235831,49.554143,2015,5,17,"CA","Angelica lucida"
"3398715401","Angelica lucida",-128.427533,51.907377,2015,5,7,"CA","Angelica lucida"
"2005327598","Angelica lucida",-125.16032,48.873732,2015,6,29,"CA","Angelica lucida"
"2005328253","Angelica lucida",-125.162729,48.816634,2015,7,4,"CA","Angelica lucida"
"1988200993","Angelica lucida",-136.610835,59.719581,2015,8,9,"CA","Angelica lucida"
"3414074415","Angelica lucida",-134.63052,60.01984,2015,8,17,"CA","Angelica lucida"
"2626500480","Angelica lucida",-131.80379,53.253103,2015,9,12,"CA","Angelica lucida"
"1837776652","Angelica lucida",-125.675253,49.005831,2014,5,3,"CA","Angelica lucida"
"3399079464","Angelica lucida",-125.876225,49.109772,2014,5,3,"CA","Angelica lucida"
"1658227507","Angelica lucida",-125.66112,60.34737,2014,6,24,"CA","Angelica lucida"
"1988092701","Angelica lucida",-125.66112,60.34737,2014,6,24,"CA","Angelica lucida"
"3398695490","Angelica lucida",-128.130597,51.655025,2014,6,4,"CA","Angelica lucida"
"1453078885","Angelica lucida",-64.869375,47.535399,2014,7,2,"CA","Angelica lucida"
"1949660075","Angelica lucida",-123.853033,57.366667,2014,7,27,"CA","Angelica lucida"
"1949660303","Angelica lucida",-124.255833,57.655833,2014,8,2,"CA","Angelica lucida"
"1988096009","Angelica lucida",-136.86295,60.03262,2014,8,31,"CA","Angelica lucida"
"3067747468","Angelica lucida",-55.586805,52.276612,2014,8,4,"CA","Angelica lucida"
"1658227505","Angelica lucida",-133.8056,60.00824,2013,6,20,"CA","Angelica lucida"
"3414080376","Angelica lucida",-133.8056,60.00824,2013,6,20,"CA","Angelica lucida"
"2557764173","Angelica lucida",-137.547431,60.619613,2013,7,17,"CA","Angelica lucida"
"1949659801","Angelica lucida",-130.135306,57.370556,2013,8,9,"CA","Angelica lucida"
"2619907560","Angelica lucida",-128.119317,51.660886,2012,6,12,"CA","Angelica lucida"
"2619953440","Angelica lucida",-128.150469,51.640353,2012,6,15,"CA","Angelica lucida"
"3399208458","Angelica lucida",-128.097114,51.642997,2012,6,13,"CA","Angelica lucida"
"3398674453","Angelica lucida",-128.131575,51.656451,2011,6,19,"CA","Angelica lucida"
"1248692897","Angelica lucida",-69.725,47.679722,2011,7,17,"CA","Angelica lucida"
"1949657139","Angelica lucida",-126.191583,56.597306,2011,8,16,"CA","Angelica lucida"
"3398662438","Angelica lucida",-125.16346,48.814794,2011,8,12,"CA","Angelica lucida"
"1658227510","Angelica lucida",-136.99301,60.42396,2010,6,28,"CA","Angelica lucida"
"1986515860","Angelica lucida",-128.130112,51.653602,2010,6,10,"CA","Angelica lucida"
"1986516021","Angelica lucida",-128.130112,51.653602,2010,6,5,"CA","Angelica lucida"
"2248732900","Angelica lucida",-136.993,60.424,2010,6,28,"CA","Angelica lucida"
"2550134149","Angelica lucida",-128.131899,51.656799,2010,6,4,"CA","Angelica lucida"
"3348893196","Angelica lucida",-136.990005,60.419998,2010,6,28,"CA","Angelica lucida"
"3398876535","Angelica lucida",-128.133543,51.657605,2010,6,19,"CA","Angelica lucida"
"1949653221","Angelica lucida",-127.965,57.883056,2009,7,22,"CA","Angelica lucida"
"1949651001","Angelica lucida",-136.578056,59.824722,2008,7,29,"CA","Angelica lucida"
"3398752422","Angelica lucida",-126.198638,50.93763,2008,7,30,"CA","Angelica lucida"
"1949651584","Angelica lucida",-134.865556,59.928611,2008,8,1,"CA","Angelica lucida"
"2573783836","Angelica lucida",-59.687266,46.021974,2007,7,23,"CA","Angelica lucida"
"1949650823","Angelica lucida",-125.518611,58.995833,2007,8,4,"CA","Angelica lucida"
"1248692811","Angelica lucida",-68.806987,48.335138,2006,6,28,"CA","Angelica lucida"
"465936274","Angelica lucida",-63.794866,46.613904,2006,10,4,"CA","Angelica lucida"
"465936276","Angelica lucida",-62.973183,46.386823,2006,10,6,"CA","Angelica lucida"
"1949642176","Angelica lucida",-130.681944,53.945833,2005,6,20,"CA","Angelica lucida"
"1949642668","Angelica lucida",-130.535278,53.607222,2005,6,21,"CA","Angelica lucida"
"668743502","Angelica lucida",-57.203056,51.4113889990806,2005,7,28,"CA","Angelica lucida"
"1262031077","Angelica lucida",-57.203056,51.411389,2005,7,28,"CA","Angelica lucida"
"465881509","Angelica lucida",-62,46,2005,8,22,"CA","Angelica lucida"
"668743503","Angelica lucida",-57.203056,51.4113889990806,2005,8,8,"CA","Angelica lucida"
"465936273","Angelica lucida",-63.7275,46.585278,2005,10,4,"CA","Angelica lucida"
"620536411","Angelica lucida",-64.931776,43.815194,2003,8,29,"CA","Angelica lucida"
"1988184546","Angelica lucida",-127.676667,51.106667,2002,6,29,"CA","Angelica lucida"
"465861440","Angelica lucida",-60.7492,46.1667,2001,5,10,"CA","Angelica lucida"
"465882836","Angelica lucida",-62.035556,46.416389,2001,7,8,"CA","Angelica lucida"
"465882839","Angelica lucida",-62.035556,46.416389,2001,7,8,"CA","Angelica lucida"
"1803148776","Angelica lucida",-69.7975,47.615,2000,7,26,"CA","Angelica lucida"
"1146338320","Angelica lucida",-137.03,60.4,1999,6,29,"CA","Angelica lucida"
"1248692917","Angelica lucida",-70.583333,47.016667,1999,7,30,"CA","Angelica lucida"
"1949628948","Angelica lucida",-123.187778,49.176944,1999,7,8,"CA","Angelica lucida"
"1658227546","Angelica lucida",-124.12194,60.24194,1998,6,19,"CA","Angelica lucida"
"2248731333","Angelica lucida",-124.122,60.242,1998,6,19,"CA","Angelica lucida"
"3348733441","Angelica lucida",-124.120003,60.240002,1998,6,19,"CA","Angelica lucida"
"1949619844","Angelica lucida",-132.233333,53.266667,1997,7,16,"CA","Angelica lucida"
"1949626162","Angelica lucida",-125.983333,49.35,1996,6,19,"CA","Angelica lucida"
"473465970","Angelica lucida",-55.9,46.883333,1996,7,29,"CA","Angelica lucida"
"1949621716","Angelica lucida",-124.833333,49.55,1996,7,20,"CA","Angelica lucida"
"1949625746","Angelica lucida",-133.568611,59.536944,1996,9,16,"CA","Angelica lucida"
"668743487","Angelica lucida",-69.25,48.142222,1995,6,27,"CA","Angelica lucida"
"668743485","Angelica lucida",-68.583333,48.446111,1995,8,7,"CA","Angelica lucida"
"1248692893","Angelica lucida",-68.583333,48.45,1995,8,18,"CA","Angelica lucida"
"668743480","Angelica lucida",-57.194444,51.381944,1994,8,11,"CA","Angelica lucida"
"668743481","Angelica lucida",-57.139722,51.390833,1994,8,12,"CA","Angelica lucida"
"668743482","Angelica lucida",-57.139722,51.390833,1994,8,12,"CA","Angelica lucida"
"668743483","Angelica lucida",-57.1325,51.426389,1994,8,11,"CA","Angelica lucida"
"668743484","Angelica lucida",-57.139722,51.390833,1994,8,3,"CA","Angelica lucida"
"1807247076","Angelica lucida",-64.39322,45.30702,1993,9,23,"CA","Angelica lucida"
"1949625108","Angelica lucida",-123.7,48.783333,1992,6,21,"CA","Angelica lucida"
"1949625137","Angelica lucida",-123.7,48.783333,1992,6,21,"CA","Angelica lucida"
"473465636","Angelica lucida",-55.95,47.233333,1992,7,4,"CA","Angelica lucida"
"1054797360","Angelica lucida",-66.616667,48.899167,1992,7,28,"CA","Angelica lucida"
"1949633490","Angelica lucida",-137.716667,59.65,1992,7,27,"CA","Angelica lucida"
"1949611796","Angelica lucida",-130.833333,54.496667,1987,7,29,"CA","Angelica lucida"
"1949621685","Angelica lucida",-136.833333,54.633333,1987,7,24,"CA","Angelica lucida"
"1949622229","Angelica lucida",-130.916667,54.634167,1987,7,24,"CA","Angelica lucida"
"1949618629","Angelica lucida",-128.466667,54.516667,1987,8,11,"CA","Angelica lucida"
"1949624319","Angelica lucida",-130.316667,54.316667,1987,8,5,"CA","Angelica lucida"
"465936272","Angelica lucida",-62.333333,44.866667,1986,8,26,"CA","Angelica lucida"
"1248692896","Angelica lucida",-74.316667,45.5,1985,8,14,"CA","Angelica lucida"
"1949629977","Angelica lucida",-125.166667,48.866667,1984,8,3,"CA","Angelica lucida"
"668743490","Angelica lucida",-68.766667,48.366667,1983,7,5,"CA","Angelica lucida"
"465936270","Angelica lucida",-64.81783,45.35168,1983,8,10,"CA","Angelica lucida"
"1949613961","Angelica lucida",-133.7,59.566667,1982,7,15,"CA","Angelica lucida"
"1949614082","Angelica lucida",-125.233333,58.85,1982,7,22,"CA","Angelica lucida"
"1949614093","Angelica lucida",-133.7,59.566667,1982,7,15,"CA","Angelica lucida"
"1949614158","Angelica lucida",-133.7,59.566667,1982,7,15,"CA","Angelica lucida"
"1949598658","Angelica lucida",-124.816667,49.25,1982,8,28,"CA","Angelica lucida"
"1949612509","Angelica lucida",-127.175,50.61,1981,7,20,"CA","Angelica lucida"
"1988079078","Angelica lucida",-127.175,50.616667,1981,7,20,"CA","Angelica lucida"
"1988127191","Angelica lucida",-129,58,1981,7,8,"CA","Angelica lucida"
"2251588602","Angelica lucida",-127.175,50.6,1981,7,20,"CA","Angelica lucida"
"3968959104","Angelica lucida",-127.169998,50.599998,1981,7,20,"CA","Angelica lucida"
"1804443694","Angelica lucida",-64.45,46.2333,1981,8,7,"CA","Angelica lucida"
"465936268","Angelica lucida",-67.101059,44.500037,1980,6,21,"CA","Angelica lucida"
"668743494","Angelica lucida",-63.558056,50.209444,1980,7,10,"CA","Angelica lucida"
"1949612513","Angelica lucida",-124.8,49.233333,1980,7,10,"CA","Angelica lucida"
"465936266","Angelica lucida",-67.101059,44.500037,1980,8,4,"CA","Angelica lucida"
"1949614900","Angelica lucida",-132.483333,53.25,1980,9,15,"CA","Angelica lucida"
"441688137","Angelica lucida",-136.45,59.633333,1979,7,17,"CA","Angelica lucida"
"668743493","Angelica lucida",-63.558056,50.209444,1979,7,21,"CA","Angelica lucida"
"668743495","Angelica lucida",-63.558056,50.209444,1979,7,22,"CA","Angelica lucida"
"668743498","Angelica lucida",-59.583333,50.5,1979,7,21,"CA","Angelica lucida"
"668743504","Angelica lucida",-63.816944,50.2125,1979,7,17,"CA","Angelica lucida"
"1262019347","Angelica lucida",-63.55,50.216667,1979,7,22,"CA","Angelica lucida"
"668743497","Angelica lucida",-63.749167,50.211944,1977,6,30,"CA","Angelica lucida"
"1804368727","Angelica lucida",-123.933,57.3333,1977,7,28,"CA","Angelica lucida"
"465936278","Angelica lucida",-66.036844,45.257932,1977,8,18,"CA","Angelica lucida"
"668743489","Angelica lucida",-68.163889,48.638889,1977,8,24,"CA","Angelica lucida"
"668743492","Angelica lucida",-63.548611,50.220278,1976,7,1,"CA","Angelica lucida"
"1988162682","Angelica lucida",-131.016667,51.933333,1976,NA,NA,"CA","Angelica lucida"
"441688757","Angelica lucida",-129.083333,50.866667,1975,6,26,"CA","Angelica lucida"
"473526895","Angelica lucida",-65.516667,50.3,1974,8,15,"CA","Angelica lucida"
"668743491","Angelica lucida",-68.641111,48.936667,1973,7,11,"CA","Angelica lucida"
"668743499","Angelica lucida",-68.641111,48.936667,1973,7,12,"CA","Angelica lucida"
"1261995153","Angelica lucida",-68.641111,48.936667,1973,7,11,"CA","Angelica lucida"
"1804542768","Angelica lucida",-136.4,59.6167,1971,7,27,"CA","Angelica lucida"
"1807247040","Angelica lucida",-64.36132,45.09271,1970,9,20,"CA","Angelica lucida"
"668743500","Angelica lucida",-63.687778,50.208611,1968,6,28,"CA","Angelica lucida"
"668743506","Angelica lucida",-63.681944,50.230556,1968,6,28,"CA","Angelica lucida"
"668743505","Angelica lucida",-67.234722,49.5325,1967,7,25,"CA","Angelica lucida"
"668743508","Angelica lucida",-67.234444,49.494167,1967,7,21,"CA","Angelica lucida"
"1261968816","Angelica lucida",-67.2335,49.53423,1967,7,25,"CA","Angelica lucida"
"1261969173","Angelica lucida",-67.230898,49.489223,1967,7,21,"CA","Angelica lucida"
"1804539268","Angelica lucida",-135.483,59.5833,1967,7,14,"CA","Angelica lucida"
"1261969312","Angelica lucida",-66.70536,50.105138,1967,8,9,"CA","Angelica lucida"
"1261988460","Angelica lucida",-67.6,49.316667,1967,8,5,"CA","Angelica lucida"
"1261988472","Angelica lucida",-67.6,49.316667,1967,8,5,"CA","Angelica lucida"
"2626948667","Angelica lucida",-138.671667,61.233611,1966,NA,NA,"CA","Angelica lucida"
"1261966862","Angelica lucida",-69.25,48.133333,1965,8,26,"CA","Angelica lucida"
"1261966878","Angelica lucida",-69.25,48.133333,1965,8,26,"CA","Angelica lucida"
"1807246944","Angelica lucida",-60.391233,47.029078,1964,6,30,"CA","Angelica lucida"
"1248692865","Angelica lucida",-66.645833,48.893889,1962,6,24,"CA","Angelica lucida"
"1248692872","Angelica lucida",-66.616111,48.898611,1962,6,27,"CA","Angelica lucida"
"1248692899","Angelica lucida",-66.645833,48.893889,1962,6,20,"CA","Angelica lucida"
"668743496","Angelica lucida",-62.216389,50.241389,1960,7,13,"CA","Angelica lucida"
"668743501","Angelica lucida",-62.216389,50.241389,1960,7,13,"CA","Angelica lucida"
"1807246987","Angelica lucida",-64.44103,44.21331,1959,7,10,"CA","Angelica lucida"
"1807247019","Angelica lucida",-60.959257,46.690637,1959,9,10,"CA","Angelica lucida"
"465936261","Angelica lucida",-66.06467,43.82925,1956,8,13,"CA","Angelica lucida"
"1807246946","Angelica lucida",-62.75,46,1956,8,13,"CA","Angelica lucida"
"1807246986","Angelica lucida",-62.75,46,1956,8,13,"CA","Angelica lucida"
"465936264","Angelica lucida",-60.413143,46.181774,1955,9,7,"CA","Angelica lucida"
"465936256","Angelica lucida",-60.374939,46.383939,1954,7,5,"CA","Angelica lucida"
"465936257","Angelica lucida",-60.598287,47.041408,1954,7,11,"CA","Angelica lucida"
"1807247162","Angelica lucida",-60.50556,46.09364,1954,8,25,"CA","Angelica lucida"
"465936259","Angelica lucida",-64.67566,45.54086,1954,9,8,"CA","Angelica lucida"
"465936254","Angelica lucida",-60.98184,46.64327,1953,7,7,"CA","Angelica lucida"
"1807247436","Angelica lucida",-64.999427,45.250923,1953,8,4,"CA","Angelica lucida"
"465064571","Angelica lucida",-69.83197,47.52273,1953,9,22,"CA","Angelica lucida"
"473526890","Angelica lucida",-69.8755,47.5604,1953,9,22,"CA","Angelica lucida"
"1807247063","Angelica lucida",-60.48718,46.92641,1952,8,13,"CA","Angelica lucida"
"465936252","Angelica lucida",-60.36848,46.01788,1951,8,21,"CA","Angelica lucida"
"1807247172","Angelica lucida",-60.50103,46.88284,1950,8,3,"CA","Angelica lucida"
"465936248","Angelica lucida",-63.97964,44.65664,1948,7,3,"CA","Angelica lucida"
"465936250","Angelica lucida",-66.362226,44.259135,1948,8,30,"CA","Angelica lucida"
"1807247194","Angelica lucida",-64.61754,45.19964,1945,8,16,"CA","Angelica lucida"
"1807247443","Angelica lucida",-64.645768,45.196618,1945,8,16,"CA","Angelica lucida"
"473526891","Angelica lucida",-68.5703,48.4706,1942,7,31,"CA","Angelica lucida"
"686194745","Angelica lucida",-59.917778,43.930879,1942,8,7,"CA","Angelica lucida"
"1978752404","Angelica lucida",-64.683333,48.35,1937,7,26,"CA","Angelica lucida"
"465936244","Angelica lucida",-64.615833,45.2,1937,8,11,"CA","Angelica lucida"
"465936246","Angelica lucida",-64.61754,45.19964,1937,8,20,"CA","Angelica lucida"
"473526878","Angelica lucida",-69.7244,48.1394,1937,8,3,"CA","Angelica lucida"
"473526913","Angelica lucida",-69.8755,47.5604,1936,7,31,"CA","Angelica lucida"
"668743479","Angelica lucida",-69.433333,48.033333,1935,7,20,"CA","Angelica lucida"
"1248692724","Angelica lucida",-55.586944,52.266667,1933,7,19,"CA","Angelica lucida"
"1248692943","Angelica lucida",-56.407778,53.809722,1933,7,26,"CA","Angelica lucida"
"473525488","Angelica lucida",-69.174646,48.142537,1930,8,22,"CA","Angelica lucida"
"473525495","Angelica lucida",-66.12531,48.08679,1930,8,12,"CA","Angelica lucida"
"1248692901","Angelica lucida",-73.431944,51.119444,1927,8,18,"CA","Angelica lucida"
"668743507","Angelica lucida",-63.611667,50.238056,1924,7,12,"CA","Angelica lucida"
"1804544483","Angelica lucida",-126.75,52.3833,1920,6,23,"CA","Angelica lucida"
"439226635","Angelica lucida",-61.5468,47.58154,1919,8,3,"CA","Angelica lucida"
"473526914","Angelica lucida",-69.6168,47.7623,1913,7,NA,"CA","Angelica lucida"
"1090236212","Angelica lucida",-59.7833,45.9833,1913,9,5,"CA","Angelica lucida"
"1090245975","Angelica lucida",-59.7833,45.9833,1913,9,13,"CA","Angelica lucida"
"1090292149","Angelica lucida",-59.7833,45.9833,1913,9,6,"CA","Angelica lucida"
"2235907735","Angelica lucida",-59.78,43.98,1913,9,13,"CA","Angelica lucida"
"415955427","Angelica lucida",-58.38,49.0625,1908,7,27,"CA","Angelica lucida"
"1146253738","Angelica lucida",-137.5,60.1,NA,NA,NA,"CA","Angelica lucida"
"1146253803","Angelica lucida",-130.11,62.935,NA,NA,NA,"CA","Angelica lucida"
"1146297763","Angelica lucida",-130.11,62.935,NA,NA,NA,"CA","Angelica lucida"
"1988238716","Angelica lucida",-135.82534,60.29627,NA,NA,NA,"CA","Angelica lucida"
"2573420503","Angelica lucida",-85,55,NA,NA,NA,"CA","Angelica lucida"
"3698085719","Angelica lucida",-124.111126,44.284041,2022,2,7,"US","Angelica lucida"
"3743062654","Angelica lucida",-124.111326,44.284061,2022,3,11,"US","Angelica lucida"
"3743230672","Angelica lucida",-124.110631,44.282859,2022,3,11,"US","Angelica lucida"
"3747085839","Angelica lucida",-124.638096,47.921246,2022,3,19,"US","Angelica lucida"
"3764142420","Angelica lucida",-124.030619,41.102151,2022,3,1,"US","Angelica lucida"
"3873720594","Angelica lucida",-124.08123,44.461056,2022,3,22,"US","Angelica lucida"
"3764082670","Angelica lucida",-123.987428,46.890566,2022,4,22,"US","Angelica lucida"
"3802291764","Angelica lucida",-148.71735,60.779339,2022,5,20,"US","Angelica lucida"
"3802444819","Angelica lucida",-148.688639,60.776825,2022,5,22,"US","Angelica lucida"
"3802484019","Angelica lucida",-124.531608,47.833875,2022,5,20,"US","Angelica lucida"
"3802511539","Angelica lucida",-124.110772,44.283813,2022,5,23,"US","Angelica lucida"
"3802575754","Angelica lucida",-148.717369,60.779314,2022,5,20,"US","Angelica lucida"
"3858595009","Angelica lucida",-123.978722,45.931775,2022,5,23,"US","Angelica lucida"
"3858670644","Angelica lucida",-124.062211,44.673253,2022,5,29,"US","Angelica lucida"
"3859399415","Angelica lucida",-123.975386,45.918832,2022,5,26,"US","Angelica lucida"
"3860416816","Angelica lucida",-149.444138,60.044767,2022,5,30,"US","Angelica lucida"
"3858475154","Angelica lucida",-123.962075,45.892925,2022,6,1,"US","Angelica lucida"
"3858626986","Angelica lucida",-149.360641,60.090164,2022,6,24,"US","Angelica lucida"
"3859339664","Angelica lucida",-124.091847,41.088178,2022,6,24,"US","Angelica lucida"
"3859490267","Angelica lucida",-149.415332,61.583966,2022,6,10,"US","Angelica lucida"
"3859798715","Angelica lucida",-145.907823,61.07253,2022,6,20,"US","Angelica lucida"
"3859878804","Angelica lucida",-131.6352,55.701061,2022,6,20,"US","Angelica lucida"
"3859888411","Angelica lucida",-123.963618,45.857189,2022,6,2,"US","Angelica lucida"
"3860195280","Angelica lucida",-123.960512,45.846976,2022,6,18,"US","Angelica lucida"
"3860647316","Angelica lucida",-124.073748,44.521395,2022,6,26,"US","Angelica lucida"
"3872964796","Angelica lucida",-123.963739,45.745982,2022,6,25,"US","Angelica lucida"
"3873347749","Angelica lucida",-124.026965,44.891178,2022,6,30,"US","Angelica lucida"
"3889200265","Angelica lucida",-151.664698,60.050303,2022,6,18,"US","Angelica lucida"
"3902857142","Angelica lucida",-134.381243,58.296382,2022,6,25,"US","Angelica lucida"
"3923512493","Angelica lucida",-122.374872,47.387222,2022,6,22,"US","Angelica lucida"
"3998118374","Angelica lucida",-124.560217,42.835866,2022,6,2,"US","Angelica lucida"
"3859322338","Angelica lucida",-135.358033,59.50235,2022,7,5,"US","Angelica lucida"
"3859938410","Angelica lucida",-149.666808,61.102833,2022,7,5,"US","Angelica lucida"
"3859943374","Angelica lucida",-146.241683,61.097042,2022,7,5,"US","Angelica lucida"
"3860472767","Angelica lucida",-151.496513,59.674375,2022,7,1,"US","Angelica lucida"
"3860834218","Angelica lucida",-149.668747,61.145419,2022,7,4,"US","Angelica lucida"
"3873018900","Angelica lucida",-124.041551,44.621031,2022,7,3,"US","Angelica lucida"
"3873038940","Angelica lucida",-150.121426,62.323216,2022,7,3,"US","Angelica lucida"
"3873490827","Angelica lucida",-135.355055,59.501397,2022,7,5,"US","Angelica lucida"
"3873573231","Angelica lucida",-165.417579,64.500327,2022,7,7,"US","Angelica lucida"
"3873632922","Angelica lucida",-151.625,59.661763,2022,7,6,"US","Angelica lucida"
"3873799825","Angelica lucida",-135.731705,58.393637,2022,7,8,"US","Angelica lucida"
"3874035424","Angelica lucida",-149.737129,59.879876,2022,7,13,"US","Angelica lucida"
"3874037538","Angelica lucida",-135.314411,57.04485,2022,7,12,"US","Angelica lucida"
"3874081345","Angelica lucida",-151.541774,59.638146,2022,7,9,"US","Angelica lucida"
"3881889439","Angelica lucida",-124.046333,46.61272,2022,7,30,"US","Angelica lucida"
"3902191276","Angelica lucida",-123.963768,45.749424,2022,7,23,"US","Angelica lucida"
"3902217793","Angelica lucida",-123.979191,45.112691,2022,7,28,"US","Angelica lucida"
"3903249719","Angelica lucida",-123.973543,45.92346,2022,7,23,"US","Angelica lucida"
"3920716332","Angelica lucida",-149.329804,61.770069,2022,7,28,"US","Angelica lucida"
"3949651209","Angelica lucida",-123.978084,45.028308,2022,7,6,"US","Angelica lucida"
"3988537496","Angelica lucida",-152.437865,57.839579,2022,7,11,"US","Angelica lucida"
"3888897689","Angelica lucida",-152.638292,59.996022,2022,8,1,"US","Angelica lucida"
"3892297918","Angelica lucida",-136.502682,58.309614,2022,8,2,"US","Angelica lucida"
"3923567586","Angelica lucida",-124.111097,44.283654,2022,8,24,"US","Angelica lucida"
"4011786844","Angelica lucida",-70.415078,41.779843,2022,8,21,"US","Angelica lucida"
"3903374592","Angelica lucida",-124.171326,47.033203,2022,9,3,"US","Angelica lucida"
"3947135829","Angelica lucida",-70.719047,41.472967,2022,10,16,"US","Angelica lucida"
"3947423258","Angelica lucida",-70.896716,42.331516,2022,10,13,"US","Angelica lucida"
"3947593270","Angelica lucida",-70.896516,42.331454,2022,10,13,"US","Angelica lucida"
"3947672990","Angelica lucida",-123.955867,45.507989,2022,10,8,"US","Angelica lucida"
"3961196948","Angelica lucida",-70.71134,41.41629,2022,10,27,"US","Angelica lucida"
"3985750860","Angelica lucida",-124.642288,47.932384,2022,10,18,"US","Angelica lucida"
"3986102965","Angelica lucida",-124.371117,47.604774,2022,10,17,"US","Angelica lucida"
"3985769985","Angelica lucida",-124.376294,47.612771,2022,11,11,"US","Angelica lucida"
"3986072994","Angelica lucida",-124.376471,47.613002,2022,11,11,"US","Angelica lucida"
"3079678239","Angelica lucida",-124.110993,44.223914,2021,3,30,"US","Angelica lucida"
"3079733286","Angelica lucida",-124.132267,44.016447,2021,3,30,"US","Angelica lucida"
"3455181945","Angelica lucida",-124.184273,47.110918,2021,3,27,"US","Angelica lucida"
"3109304815","Angelica lucida",-135.389747,56.965144,2021,4,18,"US","Angelica lucida"
"3301783584","Angelica lucida",-124.088757,44.380706,2021,4,30,"US","Angelica lucida"
"3455237999","Angelica lucida",-123.961976,45.496456,2021,4,10,"US","Angelica lucida"
"3455300053","Angelica lucida",-123.962049,45.496396,2021,4,10,"US","Angelica lucida"
"3456254107","Angelica lucida",-123.965531,46.883325,2021,4,17,"US","Angelica lucida"
"3456280970","Angelica lucida",-123.968947,45.472953,2021,4,2,"US","Angelica lucida"
"3759213526","Angelica lucida",-123.995467,46.89988,2021,4,16,"US","Angelica lucida"
"3759533530","Angelica lucida",-123.987676,46.891178,2021,4,16,"US","Angelica lucida"
"3118497310","Angelica lucida",-148.881299,61.467308,2021,5,17,"US","Angelica lucida"
"3124719761","Angelica lucida",-151.499374,59.638496,2021,5,21,"US","Angelica lucida"
"3302058162","Angelica lucida",-148.717572,60.781293,2021,5,24,"US","Angelica lucida"
"3302335661","Angelica lucida",-124.10893,44.282032,2021,5,22,"US","Angelica lucida"
"3307413422","Angelica lucida",-69.956421,41.808726,2021,5,17,"US","Angelica lucida"
"3455241111","Angelica lucida",-124.732843,48.16291,2021,5,12,"US","Angelica lucida"
"3455904773","Angelica lucida",-124.110127,44.279768,2021,5,28,"US","Angelica lucida"
"3456247153","Angelica lucida",-124.559538,42.835858,2021,5,8,"US","Angelica lucida"
"3456480446","Angelica lucida",-123.800728,46.976708,2021,5,15,"US","Angelica lucida"
"3784762363","Angelica lucida",-123.973237,45.485305,2021,5,11,"US","Angelica lucida"
"3302330045","Angelica lucida",-135.457154,57.079243,2021,6,9,"US","Angelica lucida"
"3302367179","Angelica lucida",-151.53639,59.644012,2021,6,9,"US","Angelica lucida"
"3307215117","Angelica lucida",-135.217107,57.078671,2021,6,14,"US","Angelica lucida"
"3314148917","Angelica lucida",-122.734385,48.857316,2021,6,19,"US","Angelica lucida"
"3314502873","Angelica lucida",-151.521775,59.640412,2021,6,18,"US","Angelica lucida"
"3321005320","Angelica lucida",-134.585098,58.351074,2021,6,29,"US","Angelica lucida"
"3325532710","Angelica lucida",-135.75382,57.153605,2021,6,27,"US","Angelica lucida"
"3327791487","Angelica lucida",-124.04412,44.61967,2021,6,21,"US","Angelica lucida"
"3384335834","Angelica lucida",-122.735287,48.85754,2021,6,19,"US","Angelica lucida"
"3408114460","Angelica lucida",-149.682792,61.127324,2021,6,23,"US","Angelica lucida"
"3456473428","Angelica lucida",-124.073899,44.521176,2021,6,3,"US","Angelica lucida"
"3456552643","Angelica lucida",-124.078479,44.676373,2021,6,21,"US","Angelica lucida"
"3784933368","Angelica lucida",-124.37655,47.614608,2021,6,14,"US","Angelica lucida"
"3872899488","Angelica lucida",-70.590733,42.627432,2021,6,20,"US","Angelica lucida"
"3873155979","Angelica lucida",-152.73375,59.965993,2021,6,16,"US","Angelica lucida"
"3321215604","Angelica lucida",-151.188507,59.607761,2021,7,1,"US","Angelica lucida"
"3325555300","Angelica lucida",-151.602478,59.679672,2021,7,6,"US","Angelica lucida"
"3325572566","Angelica lucida",-151.540199,59.637661,2021,7,1,"US","Angelica lucida"
"3325642406","Angelica lucida",-145.75037,60.369472,2021,7,6,"US","Angelica lucida"
"3327995917","Angelica lucida",-151.867361,59.773103,2021,7,10,"US","Angelica lucida"
"3330751617","Angelica lucida",-146.347839,61.086222,2021,7,15,"US","Angelica lucida"
"3330751683","Angelica lucida",-124.020393,44.927261,2021,7,15,"US","Angelica lucida"
"3335079818","Angelica lucida",-150.309997,63.433086,2021,7,29,"US","Angelica lucida"
"3335387643","Angelica lucida",-151.494363,59.632426,2021,7,29,"US","Angelica lucida"
"3384270984","Angelica lucida",-68.061569,44.332428,2021,7,31,"US","Angelica lucida"
"3407973470","Angelica lucida",-149.571209,61.00471,2021,7,13,"US","Angelica lucida"
"3456552815","Angelica lucida",-124.067836,44.580647,2021,7,3,"US","Angelica lucida"
"3456662714","Angelica lucida",-149.458272,61.31845,2021,7,10,"US","Angelica lucida"
"3456682839","Angelica lucida",-124.077534,46.298515,2021,7,18,"US","Angelica lucida"
"3456844542","Angelica lucida",-124.38903,47.651117,2021,7,18,"US","Angelica lucida"
"3949733303","Angelica lucida",-124.106911,44.303665,2021,7,22,"US","Angelica lucida"
"3338029216","Angelica lucida",-152.437242,57.813355,2021,8,12,"US","Angelica lucida"
"3338067301","Angelica lucida",-123.155022,47.348817,2021,8,3,"US","Angelica lucida"
"3355138427","Angelica lucida",-124.149528,46.946911,2021,8,9,"US","Angelica lucida"
"3384665041","Angelica lucida",-68.061469,44.33288,2021,8,14,"US","Angelica lucida"
"3456364322","Angelica lucida",-124.388078,47.650855,2021,8,18,"US","Angelica lucida"
"3456432303","Angelica lucida",-124.387505,47.651476,2021,8,19,"US","Angelica lucida"
"3988528386","Angelica lucida",-152.4691,57.799112,2021,8,12,"US","Angelica lucida"
"3384127081","Angelica lucida",-68.268185,44.285045,2021,9,24,"US","Angelica lucida"
"3773087440","Angelica lucida",-124.376312,47.61395,2021,9,20,"US","Angelica lucida"
"3858173775","Angelica lucida",-68.060172,44.332455,2021,9,1,"US","Angelica lucida"
"3398863217","Angelica lucida",-70.65064,41.539587,2021,10,25,"US","Angelica lucida"
"3456059190","Angelica lucida",-123.985583,45.937091,2021,10,31,"US","Angelica lucida"
"3456066039","Angelica lucida",-123.960105,45.283475,2021,10,10,"US","Angelica lucida"
"3764197397","Angelica lucida",-124.201112,47.194483,2021,10,23,"US","Angelica lucida"
"3416175550","Angelica lucida",-123.908822,46.933708,2021,11,13,"US","Angelica lucida"
"2576435132","Angelica lucida",-124.108642,44.269858,2020,2,23,"US","Angelica lucida"
"3455205311","Angelica lucida",-124.111642,44.279228,2020,3,21,"US","Angelica lucida"
"2619992025","Angelica lucida",-135.31469,57.034592,2020,5,3,"US","Angelica lucida"
"2626485203","Angelica lucida",-122.384986,47.325894,2020,5,10,"US","Angelica lucida"
"2634282971","Angelica lucida",-124.04596,44.619317,2020,5,27,"US","Angelica lucida"
"2634370732","Angelica lucida",-124.082662,44.497175,2020,5,15,"US","Angelica lucida"
"2634556794","Angelica lucida",-123.964242,45.884563,2020,5,23,"US","Angelica lucida"
"2641598576","Angelica lucida",-123.876138,46.117995,2020,6,10,"US","Angelica lucida"
"2802923058","Angelica lucida",-123.936919,46.092176,2020,6,10,"US","Angelica lucida"
"2803152423","Angelica lucida",-124.044227,44.619641,2020,6,16,"US","Angelica lucida"
"3068001276","Angelica lucida",-148.356982,60.805309,2020,6,4,"US","Angelica lucida"
"3090605738","Angelica lucida",-148.846922,60.784547,2020,6,15,"US","Angelica lucida"
"3455178592","Angelica lucida",-123.965744,45.49383,2020,6,20,"US","Angelica lucida"
"3455307572","Angelica lucida",-124.534082,42.870082,2020,6,23,"US","Angelica lucida"
"3455346417","Angelica lucida",-124.098862,46.785578,2020,6,20,"US","Angelica lucida"
"3455785875","Angelica lucida",-124.01133,44.627164,2020,6,14,"US","Angelica lucida"
"3902181370","Angelica lucida",-122.598525,47.920444,2020,6,11,"US","Angelica lucida"
"2814127548","Angelica lucida",-144.599762,59.797387,2020,7,4,"US","Angelica lucida"
"2814348049","Angelica lucida",-151.52182,59.641838,2020,7,1,"US","Angelica lucida"
"2823254286","Angelica lucida",-135.314923,57.094308,2020,7,12,"US","Angelica lucida"
"2823382376","Angelica lucida",-123.928374,46.022114,2020,7,19,"US","Angelica lucida"
"2826413263","Angelica lucida",-145.635283,63.182861,2020,7,25,"US","Angelica lucida"
"2850622169","Angelica lucida",-135.316937,57.094533,2020,7,12,"US","Angelica lucida"
"2854654335","Angelica lucida",-150.163756,60.525211,2020,7,27,"US","Angelica lucida"
"2988557583","Angelica lucida",-123.92861,46.028567,2020,7,17,"US","Angelica lucida"
"3067741856","Angelica lucida",-148.34458,60.470385,2020,7,28,"US","Angelica lucida"
"3456315364","Angelica lucida",-123.968338,45.485067,2020,7,4,"US","Angelica lucida"
"3759508423","Angelica lucida",-124.13375,44.013927,2020,7,2,"US","Angelica lucida"
"2850593006","Angelica lucida",-124.029166,44.893516,2020,8,2,"US","Angelica lucida"
"2856551596","Angelica lucida",-133.81582,57.841367,2020,8,13,"US","Angelica lucida"
"2856570559","Angelica lucida",-133.184922,57.701079,2020,8,16,"US","Angelica lucida"
"2856746539","Angelica lucida",-133.185703,57.700875,2020,8,16,"US","Angelica lucida"
"3455253824","Angelica lucida",-124.065509,44.8296,2020,8,16,"US","Angelica lucida"
"3455273869","Angelica lucida",-124.415014,43.143626,2020,8,12,"US","Angelica lucida"
"3949032175","Angelica lucida",-124.128347,44.137327,2020,8,29,"US","Angelica lucida"
"3949037087","Angelica lucida",-124.127831,44.137698,2020,8,29,"US","Angelica lucida"
"2862493939","Angelica lucida",-123.933471,45.985105,2020,9,6,"US","Angelica lucida"
"2988448605","Angelica lucida",-135.836012,57.291106,2020,9,6,"US","Angelica lucida"
"3455209821","Angelica lucida",-123.967295,45.783387,2020,11,23,"US","Angelica lucida"
"2645090631","Angelica lucida",-122.467069,37.498067,2019,5,27,"US","Angelica lucida"
"3455305509","Angelica lucida",-124.075888,44.675881,2019,5,23,"US","Angelica lucida"
"3455971469","Angelica lucida",-124.04847,46.616182,2019,5,17,"US","Angelica lucida"
"2269245124","Angelica lucida",-152.415497,57.772367,2019,6,13,"US","Angelica lucida"
"2269252731","Angelica lucida",-149.44313,60.119714,2019,6,15,"US","Angelica lucida"
"2273326621","Angelica lucida",-123.964315,45.745869,2019,6,27,"US","Angelica lucida"
"2283099061","Angelica lucida",-135.334682,57.055369,2019,6,30,"US","Angelica lucida"
"2283270235","Angelica lucida",-170.112237,57.245422,2019,6,28,"US","Angelica lucida"
"2573901966","Angelica lucida",-68.051489,44.336633,2019,6,29,"US","Angelica lucida"
"3455355492","Angelica lucida",-124.076291,44.675727,2019,6,16,"US","Angelica lucida"
"3457196805","Angelica lucida",-170.388855,57.159019,2019,6,29,"US","Angelica lucida"
"2283253414","Angelica lucida",-124.105355,44.323433,2019,7,7,"US","Angelica lucida"
"2294452891","Angelica lucida",-149.446228,60.049453,2019,7,10,"US","Angelica lucida"
"2294657311","Angelica lucida",-135.319978,57.093344,2019,7,13,"US","Angelica lucida"
"2311380244","Angelica lucida",-124.009583,46.3194,2019,7,29,"US","Angelica lucida"
"2574077132","Angelica lucida",-148.333682,63.339295,2019,7,16,"US","Angelica lucida"
"3059046532","Angelica lucida",-152.439368,57.788192,2019,7,5,"US","Angelica lucida"
"3112731376","Angelica lucida",-124.010708,46.319177,2019,7,30,"US","Angelica lucida"
"3455286553","Angelica lucida",-123.936225,46.088998,2019,7,13,"US","Angelica lucida"
"2331872582","Angelica lucida",-124.073841,44.54531,2019,8,2,"US","Angelica lucida"
"2331897395","Angelica lucida",-135.315682,57.045189,2019,8,3,"US","Angelica lucida"
"2350344164","Angelica lucida",-135.887027,58.453711,2019,8,3,"US","Angelica lucida"
"2447837479","Angelica lucida",-148.402782,63.378906,2019,8,30,"US","Angelica lucida"
"3108998337","Angelica lucida",-122.734734,48.857155,2019,8,2,"US","Angelica lucida"
"3455408439","Angelica lucida",-123.968931,45.915563,2019,8,10,"US","Angelica lucida"
"2423101522","Angelica lucida",-135.358049,57.04813,2019,9,15,"US","Angelica lucida"
"2423132701","Angelica lucida",-170.113708,57.233862,2019,9,16,"US","Angelica lucida"
"2576277108","Angelica lucida",-152.391445,57.788145,2019,10,24,"US","Angelica lucida"
"2619891452","Angelica lucida",-124.079418,44.676782,2019,10,3,"US","Angelica lucida"
"3109024355","Angelica lucida",-122.735541,48.857667,2019,10,9,"US","Angelica lucida"
"1841317679","Angelica lucida",-135.711044,56.986947,2018,4,29,"US","Angelica lucida"
"1850942341","Angelica lucida",-136.068762,58.830321,2018,5,22,"US","Angelica lucida"
"1850959799","Angelica lucida",-136.131391,58.813901,2018,5,26,"US","Angelica lucida"
"1850968144","Angelica lucida",-136.054615,58.371236,2018,5,28,"US","Angelica lucida"
"3455285389","Angelica lucida",-124.077822,44.675892,2018,5,14,"US","Angelica lucida"
"1880491765","Angelica lucida",-134.824672,58.524011,2018,6,15,"US","Angelica lucida"
"1880496603","Angelica lucida",-124.106872,44.320442,2018,6,16,"US","Angelica lucida"
"1880507741","Angelica lucida",-151.401092,60.239308,2018,6,16,"US","Angelica lucida"
"1880515618","Angelica lucida",-152.352386,57.837239,2018,6,18,"US","Angelica lucida"
"2988607413","Angelica lucida",-124.072776,46.304577,2018,6,9,"US","Angelica lucida"
"3455169333","Angelica lucida",-124.072676,46.304421,2018,6,9,"US","Angelica lucida"
"1880647488","Angelica lucida",-123.964358,45.749147,2018,7,5,"US","Angelica lucida"
"1880649042","Angelica lucida",-166.557769,53.884097,2018,7,3,"US","Angelica lucida"
"1880649076","Angelica lucida",-166.565856,53.876111,2018,7,3,"US","Angelica lucida"
"1880650965","Angelica lucida",-166.434219,53.913831,2018,7,3,"US","Angelica lucida"
"1880651337","Angelica lucida",-166.515978,53.924081,2018,7,4,"US","Angelica lucida"
"1883473192","Angelica lucida",-166.443175,53.903994,2018,7,4,"US","Angelica lucida"
"1883473457","Angelica lucida",-166.548644,53.882044,2018,7,5,"US","Angelica lucida"
"1883473488","Angelica lucida",-166.548631,53.881983,2018,7,5,"US","Angelica lucida"
"1914193549","Angelica lucida",-135.313893,57.094038,2018,7,13,"US","Angelica lucida"
"1914194855","Angelica lucida",-155.777858,58.555147,2018,7,1,"US","Angelica lucida"
"3456236369","Angelica lucida",-124.078926,44.677009,2018,7,13,"US","Angelica lucida"
"1899787792","Angelica lucida",-145.799728,63.7886,2018,8,25,"US","Angelica lucida"
"1914323842","Angelica lucida",-124.024052,46.518303,2018,9,27,"US","Angelica lucida"
"1931511809","Angelica lucida",-67.484511,44.611208,2018,10,15,"US","Angelica lucida"
"1453525745","Angelica lucida",-124.02601,46.516617,2017,3,18,"US","Angelica lucida"
"1500282723","Angelica lucida",-135.346797,57.049106,2017,4,19,"US","Angelica lucida"
"1562890258","Angelica lucida",-124.024658,46.523674,2017,4,20,"US","Angelica lucida"
"1806325116","Angelica lucida",-123.924438,46.016406,2017,4,27,"US","Angelica lucida"
"1946366147","Angelica lucida",-124.389061,47.651192,2017,4,29,"US","Angelica lucida"
"1946366151","Angelica lucida",-124.388698,47.648945,2017,4,29,"US","Angelica lucida"
"1500348172","Angelica lucida",-135.315127,57.045136,2017,5,2,"US","Angelica lucida"
"1562910101","Angelica lucida",-135.316493,57.047926,2017,5,5,"US","Angelica lucida"
"1562926562","Angelica lucida",-135.314457,57.044901,2017,5,12,"US","Angelica lucida"
"1562959462","Angelica lucida",-124.00284,46.216861,2017,5,19,"US","Angelica lucida"
"1562978204","Angelica lucida",-124.010685,46.267197,2017,5,23,"US","Angelica lucida"
"1807273821","Angelica lucida",-124.113108,44.280597,2017,5,27,"US","Angelica lucida"
"1571133250","Angelica lucida",-149.768995,60.966743,2017,6,8,"US","Angelica lucida"
"2557719114","Angelica lucida",-123.96421,45.885327,2017,6,20,"US","Angelica lucida"
"3399167287","Angelica lucida",-124.066557,46.323408,2017,6,12,"US","Angelica lucida"
"1584419175","Angelica lucida",-135.329374,57.089757,2017,7,23,"US","Angelica lucida"
"1586112217","Angelica lucida",-170.353851,57.146973,2017,7,21,"US","Angelica lucida"
"1586127382","Angelica lucida",-135.314011,57.09405,2017,7,21,"US","Angelica lucida"
"3455335382","Angelica lucida",-123.897081,46.165785,2017,7,16,"US","Angelica lucida"
"3337742031","Angelica lucida",-149.558333,60.868611,2017,8,12,"US","Angelica lucida"
"3455271364","Angelica lucida",-123.96481,45.459942,2017,8,2,"US","Angelica lucida"
"1847638956","Angelica lucida",-150.316956,63.424253,2017,9,14,"US","Angelica lucida"
"1265551956","Angelica lucida",-123.923899,45.978637,2016,4,1,"US","Angelica lucida"
"1269582950","Angelica lucida",-124.07694,46.298441,2016,5,24,"US","Angelica lucida"
"1272103117","Angelica lucida",-124.026482,46.516927,2016,6,10,"US","Angelica lucida"
"1272113202","Angelica lucida",-123.828217,45.772906,2016,6,14,"US","Angelica lucida"
"1453090722","Angelica lucida",-135.375533,59.214067,2016,6,2,"US","Angelica lucida"
"1291114642","Angelica lucida",-124.049667,46.614714,2016,7,8,"US","Angelica lucida"
"1453095337","Angelica lucida",-150.311036,63.430931,2016,7,1,"US","Angelica lucida"
"1453095657","Angelica lucida",-150.157115,63.472264,2016,7,1,"US","Angelica lucida"
"1099971299","Angelica lucida",-135.315201,57.094444,2015,7,3,"US","Angelica lucida"
"1453406922","Angelica lucida",-170.234253,57.201908,2015,7,14,"US","Angelica lucida"
"1950033475","Angelica lucida",-67.910762,44.49176,2015,7,11,"US","Angelica lucida"
"3820601775","Angelica lucida",-123.963222,45.74725,2015,7,7,"US","Angelica lucida"
"3966409652","Angelica lucida",-133.5823,57.727525,2015,7,10,"US","Angelica lucida"
"3005085681","Angelica lucida",-158.394667,56.301565,2014,7,15,"US","Angelica lucida"
"4009733970","Angelica lucida",-145.988586,63.055772,2014,7,20,"US","Angelica lucida"
"4011654951","Angelica lucida",-146.434318,61.134577,2014,7,22,"US","Angelica lucida"
"1927915016","Angelica lucida",-151.865711,59.766153,2013,6,15,"US","Angelica lucida"
"3994228340","Angelica lucida",-69.38198,43.861354,2013,6,18,"US","Angelica lucida"
"1837783205","Angelica lucida",-124.164563,47.033031,2013,7,20,"US","Angelica lucida"
"1837783211","Angelica lucida",-124.164563,47.033031,2013,7,20,"US","Angelica lucida"
"1837783219","Angelica lucida",-124.179675,47.117232,2013,7,20,"US","Angelica lucida"
"1837783327","Angelica lucida",-124.1692,47.032369,2013,7,20,"US","Angelica lucida"
"1837783340","Angelica lucida",-124.169833,47.032333,2013,7,20,"US","Angelica lucida"
"1837783358","Angelica lucida",-124.169833,47.0325,2013,7,20,"US","Angelica lucida"
"2557649394","Angelica lucida",-124.179675,47.117232,2013,7,20,"US","Angelica lucida"
"3455296302","Angelica lucida",-124.171591,47.033247,2013,7,20,"US","Angelica lucida"
"3455301305","Angelica lucida",-124.169833,47.0325,2013,7,20,"US","Angelica lucida"
"3455397304","Angelica lucida",-124.170743,47.03268,2013,7,20,"US","Angelica lucida"
"1928515694","Angelica lucida",-67.099386,44.730375,2013,8,6,"US","Angelica lucida"
"2563560320","Angelica lucida",-150.314851,63.434213,2013,8,7,"US","Angelica lucida"
"1146321331","Angelica lucida",-170.58391,63.6503399992505,2012,7,25,"US","Angelica lucida"
"1146321333","Angelica lucida",-170.58391,63.6503399992505,2012,7,25,"US","Angelica lucida"
"1146318010","Angelica lucida",-166.9375,60.204167,2009,7,12,"US","Angelica lucida"
"1146262627","Angelica lucida",-152.667267,58.378417,2008,7,25,"US","Angelica lucida"
"1807328699","Angelica lucida",-135.358815,57.048457,2008,7,29,"US","Angelica lucida"
"2576256310","Angelica lucida",179.73885,51.939833,2008,7,14,"US","Angelica lucida"
"2576402109","Angelica lucida",178.35405,51.965083,2008,7,13,"US","Angelica lucida"
"2576426102","Angelica lucida",-175.5007,52.17055,2008,7,20,"US","Angelica lucida"
"441688752","Angelica lucida",-123.89438,46.5069,2008,9,10,"US","Angelica lucida"
"3820727860","Angelica lucida",-123.89438,46.5069,2008,9,10,"US","Angelica lucida"
"1805374294","Angelica lucida",-135.312252,57.043998,2006,4,10,"US","Angelica lucida"
"1146248882","Angelica lucida",-153.193056,57.448611,2006,8,7,"US","Angelica lucida"
"1257878824","Angelica lucida",-124.145833,43.8775,2006,8,4,"US","Angelica lucida"
"1146246800","Angelica lucida",-160.459133,55.344733,2005,7,7,"US","Angelica lucida"
"1146248039","Angelica lucida",-154.566667,57.466667,2005,7,4,"US","Angelica lucida"
"2422416942","Angelica lucida",-71.72111,41.33556,2005,7,21,"US","Angelica lucida"
"1146394212","Angelica lucida",-161.34,59.36,2004,6,16,"US","Angelica lucida"
"1146242822","Angelica lucida",-158.085590647347,56.7721493651939,2004,7,10,"US","Angelica lucida"
"1146394571","Angelica lucida",-161.94,59.28,2004,7,10,"US","Angelica lucida"
"1640071558","Angelica lucida",-135.331821,57.089774,2004,9,18,"US","Angelica lucida"
"1146370576","Angelica lucida",-154.91,59.75,2003,6,17,"US","Angelica lucida"
"441688015","Angelica lucida",-123.894583,46.426667,2003,7,9,"US","Angelica lucida"
"1146245461","Angelica lucida",-140.802875188632,60.116755657111,2003,7,20,"US","Angelica lucida"
"1146370687","Angelica lucida",-163.97,66.59,2003,7,2,"US","Angelica lucida"
"1146386441","Angelica lucida",-157.31,59.25,2003,7,18,"US","Angelica lucida"
"1988132051","Angelica lucida",-123.894583,46.426667,2003,7,9,"US","Angelica lucida"
"3820656809","Angelica lucida",-123.894583,46.426667,2003,7,9,"US","Angelica lucida"
"1146378405","Angelica lucida",-166.61,65.01,2003,8,17,"US","Angelica lucida"
"1146386149","Angelica lucida",-142.99,60.22,2003,8,2,"US","Angelica lucida"
"1457606947","Angelica lucida",-135.315213,57.045026,2003,8,9,"US","Angelica lucida"
"1146350094","Angelica lucida",-158.09,67.24,2002,6,25,"US","Angelica lucida"
"1146361077","Angelica lucida",-153.7,59.63,2002,7,9,"US","Angelica lucida"
"1146361889","Angelica lucida",-143.08,60.25,2002,7,30,"US","Angelica lucida"
"1146351455","Angelica lucida",-155.65,66.86,2002,8,8,"US","Angelica lucida"
"1701815729","Angelica lucida",-155.656,66.866,2002,8,8,"US","Angelica lucida"
"1146339921","Angelica lucida",-162.95,67.02,2001,7,31,"US","Angelica lucida"
"1146353320","Angelica lucida",-150.97,62.65,2001,7,4,"US","Angelica lucida"
"1146353379","Angelica lucida",-151.71,62.64,2001,7,7,"US","Angelica lucida"
"1146378554","Angelica lucida",-150.96,62.65,2001,7,4,"US","Angelica lucida"
"1146340647","Angelica lucida",-164.78,66.52,2001,8,6,"US","Angelica lucida"
"1146333830","Angelica lucida",-136.11,59.28,2000,7,16,"US","Angelica lucida"
"1146338026","Angelica lucida",-164.46,64.55,2000,7,18,"US","Angelica lucida"
"1146331286","Angelica lucida",-155.6,61.11,1999,6,26,"US","Angelica lucida"
"2422456635","Angelica lucida",-152.42028,57.79611,1999,7,26,"US","Angelica lucida"
"3059704742","Angelica lucida",-124.424813,42.455114,1999,7,7,"US","Angelica lucida"
"3059704744","Angelica lucida",-124.424813,42.455114,1999,7,7,"US","Angelica lucida"
"3750485575","Angelica lucida",-150.978848,59.993043,1999,7,2,"US","Angelica lucida"
"2982076734","Angelica lucida",-124.1655,41.7418,1999,8,5,"US","Angelica lucida"
"2982032679","Angelica lucida",-124.0834,40.8438,1998,5,29,"US","Angelica lucida"
"1146287405","Angelica lucida",-160.75,63.63,1998,6,30,"US","Angelica lucida"
"1930102702","Angelica lucida",-67.9,44.42,1998,6,18,"US","Angelica lucida"
"2421780708","Angelica lucida",-124.08225,40.84355,1998,6,18,"US","Angelica lucida"
"2573059979","Angelica lucida",-67.86235,44.50579,1998,6,18,"US","Angelica lucida"
"3059704754","Angelica lucida",-124.08225,40.84355,1998,6,18,"US","Angelica lucida"
"1146330783","Angelica lucida",-150.61,63.34,1998,7,23,"US","Angelica lucida"
"1146335022","Angelica lucida",-145.85,63.78,1998,7,11,"US","Angelica lucida"
"1146295500","Angelica lucida",-152.66,59.98,1998,8,16,"US","Angelica lucida"
"2417987197","Angelica lucida",-124.226065,40.672079,1997,4,29,"US","Angelica lucida"
"3820666532","Angelica lucida",-123.94699,46.1362299990576,1997,5,20,"US","Angelica lucida"
"3820705517","Angelica lucida",-123.94699,46.1362299990576,1997,5,20,"US","Angelica lucida"
"1146228451","Angelica lucida",-162.303611,64.847778,1997,7,5,"US","Angelica lucida"
"1146239154","Angelica lucida",-172.916667,60.55,1997,7,24,"US","Angelica lucida"
"1146264808","Angelica lucida",-159.98,63.83,1997,7,14,"US","Angelica lucida"
"2572295011","Angelica lucida",-145.634767,63.1841,1997,7,30,"US","Angelica lucida"
"606658035","Angelica lucida",-71.68138,41.345,1996,8,19,"US","Angelica lucida"
"1146271846","Angelica lucida",-154.05,60.35,1996,8,12,"US","Angelica lucida"
"1146212811","Angelica lucida",-146.76,65.63,1994,6,13,"US","Angelica lucida"
"1146261576","Angelica lucida",-149.76,61.32,1994,7,6,"US","Angelica lucida"
"2626924544","Angelica lucida",-163.033333,64.533333,1994,7,8,"US","Angelica lucida"
"2422513819","Angelica lucida",-124.43361,43.10778,1993,5,6,"US","Angelica lucida"
"1146206812","Angelica lucida",-130.64,54.82,1993,7,8,"US","Angelica lucida"
"1146210047","Angelica lucida",-168.15,53.28,1993,7,17,"US","Angelica lucida"
"1146297288","Angelica lucida",-162.71,55.18,1993,8,19,"US","Angelica lucida"
"1146402616","Angelica lucida",-130.89,54.99,1993,9,6,"US","Angelica lucida"
"441687941","Angelica lucida",-122.919722,48.551389,1992,5,30,"US","Angelica lucida"
"1146361180","Angelica lucida",-152.66,58.56,1992,7,11,"US","Angelica lucida"
"1146364481","Angelica lucida",-164.71,65.85,1992,7,16,"US","Angelica lucida"
"1146349768","Angelica lucida",-152.58,58.21,1991,7,20,"US","Angelica lucida"
"1146350748","Angelica lucida",-152.88,58.25,1991,7,26,"US","Angelica lucida"
"1146374220","Angelica lucida",-153.88,57.7,1991,7,7,"US","Angelica lucida"
"1260869582","Angelica lucida",-154,57,1990,8,10,"US","Angelica lucida"
"1146303079","Angelica lucida",-145.38,65.45,1989,8,18,"US","Angelica lucida"
"1801076123","Angelica lucida",-149,60.833333,1989,8,11,"US","Angelica lucida"
"2248083580","Angelica lucida",-124.048618,44.61541,1988,6,26,"US","Angelica lucida"
"2248083955","Angelica lucida",-124.048618,44.61541,1988,6,26,"US","Angelica lucida"
"2418024416","Angelica lucida",-124.0499,44.6105899990568,1988,6,26,"US","Angelica lucida"
"3820546951","Angelica lucida",-124.0499,44.6105899990568,1988,6,26,"US","Angelica lucida"
"3820660298","Angelica lucida",-124.0499,44.6105899990568,1988,6,26,"US","Angelica lucida"
"1146303107","Angelica lucida",-156.93,62.91,1988,7,8,"US","Angelica lucida"
"1146303158","Angelica lucida",-163.728583,64.568306,1988,7,6,"US","Angelica lucida"
"1146303168","Angelica lucida",-163.728583,64.568306,1988,7,18,"US","Angelica lucida"
"3091290701","Angelica lucida",-165.392854,64.675513,1988,7,17,"US","Angelica lucida"
"441687942","Angelica lucida",-122.29056,48.06861,1987,6,16,"US","Angelica lucida"
"441688150","Angelica lucida",-122.29056,48.06861,1987,6,11,"US","Angelica lucida"
"441688154","Angelica lucida",-122.29056,48.06861,1987,6,11,"US","Angelica lucida"
"1146303131","Angelica lucida",-166.16,60.38,1986,7,27,"US","Angelica lucida"
"1146303203","Angelica lucida",-159.96,58.6,1986,7,23,"US","Angelica lucida"
"1146345911","Angelica lucida",-167.13,53.53,1986,7,3,"US","Angelica lucida"
"1146303022","Angelica lucida",-166.05,59.86,1986,8,20,"US","Angelica lucida"
"1146303063","Angelica lucida",-145.46,60.3,1986,8,15,"US","Angelica lucida"
"1146303215","Angelica lucida",-159.96,58.6,1985,1,1,"US","Angelica lucida"
"1146303043","Angelica lucida",-158,62.4,1985,7,18,"US","Angelica lucida"
"1146303190","Angelica lucida",-159.96,58.6,1985,7,24,"US","Angelica lucida"
"1146348472","Angelica lucida",-157.03,58.73,1985,7,1,"US","Angelica lucida"
"1146358877","Angelica lucida",-151.26,60.55,1984,7,1,"US","Angelica lucida"
"1146378947","Angelica lucida",-164.91,65.1,1984,7,8,"US","Angelica lucida"
"1146364267","Angelica lucida",-149.06,61.4,1983,6,13,"US","Angelica lucida"
"1146352808","Angelica lucida",-150.53,59.48,1983,7,8,"US","Angelica lucida"
"2573420182","Angelica lucida",-164.533333,67.75,1983,7,13,"US","Angelica lucida"
"1146345313","Angelica lucida",173.16,52.81,1983,8,23,"US","Angelica lucida"
"1949614026","Angelica lucida",-135.313889,59.458333,1982,7,7,"US","Angelica lucida"
"1146358684","Angelica lucida",-152.03,60.65,1981,6,29,"US","Angelica lucida"
"2982025775","Angelica lucida",-124.081338,40.84339,1981,6,16,"US","Angelica lucida"
"1146357095","Angelica lucida",-160,60.98,1981,7,14,"US","Angelica lucida"
"1146359670","Angelica lucida",-149.2,60.56,1980,6,30,"US","Angelica lucida"
"2421753057","Angelica lucida",-124.10929,40.81225,1980,6,8,"US","Angelica lucida"
"2982020762","Angelica lucida",-124.15662,41.06822,1980,6,7,"US","Angelica lucida"
"2982024766","Angelica lucida",-124.116178,40.996236,1980,6,21,"US","Angelica lucida"
"2982028763","Angelica lucida",-124.11718,40.80796,1980,6,8,"US","Angelica lucida"
"3125037580","Angelica lucida",-124.15662,41.06822,1980,6,7,"US","Angelica lucida"
"1146345923","Angelica lucida",-168.03,53.93,1980,7,20,"US","Angelica lucida"
"1146369624","Angelica lucida",-150.78,62.51,1980,7,22,"US","Angelica lucida"
"1146230863","Angelica lucida",-160.152755655799,66.1160586523591,1980,8,2,"US","Angelica lucida"
"1146397921","Angelica lucida",-168.08,65.6,1979,1,1,"US","Angelica lucida"
"2982058262","Angelica lucida",-124.15508,41.06783,1979,5,20,"US","Angelica lucida"
"2859433186","Angelica lucida",-168.084722,65.596389,1979,6,NA,"US","Angelica lucida"
"1146384571","Angelica lucida",-165.23,64.85,1979,8,27,"US","Angelica lucida"
"1146352282","Angelica lucida",-144.38,59.93,1978,6,24,"US","Angelica lucida"
"1146373358","Angelica lucida",-145.83,63.61,1978,6,29,"US","Angelica lucida"
"1146364450","Angelica lucida",-149.71,61.46,1978,7,20,"US","Angelica lucida"
"1146346604","Angelica lucida",-153.18,57.2,1978,8,7,"US","Angelica lucida"
"1146351932","Angelica lucida",-139.53,59.43,1977,6,25,"US","Angelica lucida"
"1146303017","Angelica lucida",-160.9,64.83,1977,7,1,"US","Angelica lucida"
"1146351952","Angelica lucida",-139.83,59.51,1977,7,1,"US","Angelica lucida"
"1146360910","Angelica lucida",-144.66,60.21,1977,7,25,"US","Angelica lucida"
"1146371784","Angelica lucida",-143.88,63.38,1977,7,25,"US","Angelica lucida"
"1039010466","Angelica lucida",-71.9014,41.3776,1977,8,5,"US","Angelica lucida"
"1146346581","Angelica lucida",-156.7,56.03,1977,8,7,"US","Angelica lucida"
"1146346599","Angelica lucida",-156.7,56.03,1977,8,7,"US","Angelica lucida"
"1146358816","Angelica lucida",-151.56,60.11,1977,8,13,"US","Angelica lucida"
"1146303096","Angelica lucida",-160.83,64.83,1976,1,1,"US","Angelica lucida"
"1146303114","Angelica lucida",-176.58,51.83,1976,7,28,"US","Angelica lucida"
"1146379399","Angelica lucida",-166.06,66.25,1976,7,22,"US","Angelica lucida"
"894979310","Angelica lucida",-169.583333,56.6,1976,8,4,"US","Angelica lucida"
"1146365158","Angelica lucida",-149.3,61.76,1976,8,14,"US","Angelica lucida"
"1146376804","Angelica lucida",-150.56,63.4,1976,8,2,"US","Angelica lucida"
"1146367363","Angelica lucida",-165.45,61.43,1975,1,1,"US","Angelica lucida"
"1146346582","Angelica lucida",-160.56,55.98,1975,7,27,"US","Angelica lucida"
"1457369810","Angelica lucida",-135.42191,59.224359,1975,7,30,"US","Angelica lucida"
"3820643096","Angelica lucida",-123.96246,45.1821399990568,1975,7,18,"US","Angelica lucida"
"3820660171","Angelica lucida",-123.96246,45.1821399990568,1975,7,18,"US","Angelica lucida"
"1146303140","Angelica lucida",175.93,52.35,1974,6,30,"US","Angelica lucida"
"1038924222","Angelica lucida",-72.0286,41.3622,1974,7,15,"US","Angelica lucida"
"1146303018","Angelica lucida",175.93,52.35,1974,7,5,"US","Angelica lucida"
"1146356881","Angelica lucida",-162.2,60.55,1974,7,26,"US","Angelica lucida"
"2265420404","Angelica lucida",-135.89734,58.449279,1974,7,24,"US","Angelica lucida"
"1146346585","Angelica lucida",-153.385305991424,57.5826851481826,1973,8,12,"US","Angelica lucida"
"1146356076","Angelica lucida",-166.15,59.85,1973,8,20,"US","Angelica lucida"
"1146377825","Angelica lucida",-163.38,67.07,1973,8,19,"US","Angelica lucida"
"1146379076","Angelica lucida",-164.71,65.85,1973,8,8,"US","Angelica lucida"
"3820538087","Angelica lucida",-123.896,45.7013,1972,6,7,"US","Angelica lucida"
"3820677316","Angelica lucida",-123.89308,45.7054699990571,1972,6,7,"US","Angelica lucida"
"3820530039","Angelica lucida",-132.783333,55.483333,1972,7,29,"US","Angelica lucida"
"1146356695","Angelica lucida",-166.86,60.25,1972,8,5,"US","Angelica lucida"
"1146356963","Angelica lucida",-161.75,60.78,1972,8,14,"US","Angelica lucida"
"1146346566","Angelica lucida",-162.66,55.2,1971,6,28,"US","Angelica lucida"
"3820544498","Angelica lucida",-123.9917,45.3397,1971,8,7,"US","Angelica lucida"
"3820550259","Angelica lucida",-123.9917,45.3397,1971,8,7,"US","Angelica lucida"
"3820536586","Angelica lucida",-123.9811,45.7678,1970,6,14,"US","Angelica lucida"
"1146355642","Angelica lucida",-158.73,59.68,1970,7,20,"US","Angelica lucida"
"1146348484","Angelica lucida",-161.73,58.56,1970,8,11,"US","Angelica lucida"
"318047094","Angelica lucida",-170.416702,57.16098,1969,7,23,"US","Angelica lucida"
"318047095","Angelica lucida",-170.416702,57.16098,1969,7,23,"US","Angelica lucida"
"1146360864","Angelica lucida",-145.66,60.56,1969,7,6,"US","Angelica lucida"
"1146303138","Angelica lucida",-165.41,61.41,1969,8,6,"US","Angelica lucida"
"1146303174","Angelica lucida",-153.91,62.5,1969,8,2,"US","Angelica lucida"
"1146352646","Angelica lucida",-151.55,59.63,1968,7,13,"US","Angelica lucida"
"2430051472","Angelica lucida",-124.1307,41.16373,1968,8,21,"US","Angelica lucida"
"2982009849","Angelica lucida",-124.13,41.1641,1968,10,26,"US","Angelica lucida"
"2982040849","Angelica lucida",-124.13,41.1641,1968,10,26,"US","Angelica lucida"
"2982006849","Angelica lucida",-124.2008,40.7483,1968,11,9,"US","Angelica lucida"
"441688139","Angelica lucida",-150.8935,63.5185,1967,7,25,"US","Angelica lucida"
"1146363082","Angelica lucida",-142.08,61.65,1967,8,2,"US","Angelica lucida"
"1146355455","Angelica lucida",-158.58,59.28,1966,7,1,"US","Angelica lucida"
"2982070440","Angelica lucida",-124.08502,40.85013,1966,10,29,"US","Angelica lucida"
"2982001856","Angelica lucida",-124.107654,41.006781,1965,5,18,"US","Angelica lucida"
"415955420","Angelica lucida",-71.85027,41.31361,1965,6,20,"US","Angelica lucida"
"1146352948","Angelica lucida",-154.91,59.06,1965,7,20,"US","Angelica lucida"
"1146395748","Angelica lucida",-145.43,65.45,1965,8,2,"US","Angelica lucida"
"2430306864","Angelica lucida",-124.10122,40.81615,1965,8,9,"US","Angelica lucida"
"2430318561","Angelica lucida",-124.10122,40.81615,1965,8,9,"US","Angelica lucida"
"2982004857","Angelica lucida",-124.08663,40.82481,1962,5,15,"US","Angelica lucida"
"1146352843","Angelica lucida",-151.45,59.61,1962,6,24,"US","Angelica lucida"
"1146297684","Angelica lucida",-155.495453,58.718809,1962,7,6,"US","Angelica lucida"
"1146345337","Angelica lucida",179.29,51.42,1962,7,3,"US","Angelica lucida"
"1146377176","Angelica lucida",-150.4,63.43,1962,8,19,"US","Angelica lucida"
"1146364118","Angelica lucida",-149.9,61.21,1961,7,31,"US","Angelica lucida"
"1146369349","Angelica lucida",-152.5,62.66,1961,8,18,"US","Angelica lucida"
"3820545586","Angelica lucida",-123.94735,45.48238,1961,8,8,"US","Angelica lucida"
"1146232097","Angelica lucida",-166.003088891203,68.2493378739495,1960,8,13,"US","Angelica lucida"
"1146232455","Angelica lucida",-165.65306957048,68.1326743564344,1960,8,16,"US","Angelica lucida"
"2573421907","Angelica lucida",-165.533333,68.083333,1960,8,19,"US","Angelica lucida"
"3820546787","Angelica lucida",-124.0125,46.2292,1959,6,27,"US","Angelica lucida"
"1146356341","Angelica lucida",-173,60.5,1957,7,19,"US","Angelica lucida"
"1146371581","Angelica lucida",-143.48,63.35,1957,7,19,"US","Angelica lucida"
"1146377228","Angelica lucida",-150.83,63.45,1956,7,29,"US","Angelica lucida"
"2573421113","Angelica lucida",-150.833333,63.45,1956,7,29,"US","Angelica lucida"
"2573422067","Angelica lucida",-150.833333,63.45,1956,7,29,"US","Angelica lucida"
"441688122","Angelica lucida",-146.333333,59.416667,1956,8,2,"US","Angelica lucida"
"1146363457","Angelica lucida",-146.26,61.11,1954,5,19,"US","Angelica lucida"
"2265493580","Angelica lucida",-136.5,58.75,1953,8,20,"US","Angelica lucida"
"1146353131","Angelica lucida",-154.9,59.71,1952,8,20,"US","Angelica lucida"
"1146383790","Angelica lucida",-165,64.43,1951,7,30,"US","Angelica lucida"
"2236162449","Angelica lucida",-149.35,60.37,1951,7,2,"US","Angelica lucida"
"2465051507","Angelica lucida",-151.25841,60.554355,1951,7,12,"US","Angelica lucida"
"1146366444","Angelica lucida",-154.35,61.88,1950,7,12,"US","Angelica lucida"
"2465051457","Angelica lucida",-151.25841,60.554355,1950,7,17,"US","Angelica lucida"
"2465051473","Angelica lucida",-151.25841,60.554355,1950,7,24,"US","Angelica lucida"
"1146366765","Angelica lucida",-157.16,61.7,1949,7,12,"US","Angelica lucida"
"1807211786","Angelica lucida",-165.155952,60.950368,1949,8,4,"US","Angelica lucida"
"3755277315","Angelica lucida",-165.155952,60.950368,1949,8,4,"US","Angelica lucida"
"2859161341","Angelica lucida",-149.931308,61.205466,1948,7,19,"US","Angelica lucida"
"3820544006","Angelica lucida",-124.3731,43.3394,1947,6,18,"US","Angelica lucida"
"3820521311","Angelica lucida",-123.9214,45.9933,1947,7,2,"US","Angelica lucida"
"3820630198","Angelica lucida",-123.9214,45.9933,1947,7,2,"US","Angelica lucida"
"2265441470","Angelica lucida",-173.195833,52.884722,1945,7,19,"US","Angelica lucida"
"3820631677","Angelica lucida",-124.1864,43.1772,1945,7,25,"US","Angelica lucida"
"2265442207","Angelica lucida",-176.65806,51.88,1944,7,30,"US","Angelica lucida"
"1146344225","Angelica lucida",-134.4,58.3,1941,7,13,"US","Angelica lucida"
"3820584790","Angelica lucida",-124.0598,44.6758,1941,8,17,"US","Angelica lucida"
"415955423","Angelica lucida",-71.98222,41.27305,1940,8,24,"US","Angelica lucida"
"415955424","Angelica lucida",-71.98222,41.27305,1940,8,24,"US","Angelica lucida"
"3820529358","Angelica lucida",-124.235485,43.2918939990584,1939,7,9,"US","Angelica lucida"
"3820634503","Angelica lucida",-124.235485,43.2918939990584,1939,7,8,"US","Angelica lucida"
"1146369869","Angelica lucida",-149.65,62.83,1939,9,4,"US","Angelica lucida"
"3820699141","Angelica lucida",-124.11833,44.13889,1937,5,30,"US","Angelica lucida"
"3820577413","Angelica lucida",-124.0986,43.9828,1936,10,2,"US","Angelica lucida"
"2235898081","Angelica lucida",-158.5,59.5,1935,6,15,"US","Angelica lucida"
"2265515811","Angelica lucida",-135.91824,58.38326,1935,7,25,"US","Angelica lucida"
"3820644115","Angelica lucida",-124.0522,44.6369,1935,7,7,"US","Angelica lucida"
"3820665207","Angelica lucida",-124.0522,44.6369,1935,7,7,"US","Angelica lucida"
"3820719348","Angelica lucida",-124.0986,43.9828,1934,5,19,"US","Angelica lucida"
"3820646074","Angelica lucida",-123.98518,44.01577,1934,7,6,"US","Angelica lucida"
"415955422","Angelica lucida",-71.98222,41.27305,1934,8,6,"US","Angelica lucida"
"1146345921","Angelica lucida",-165.77,54.13,1933,1,1,"US","Angelica lucida"
"1146346525","Angelica lucida",-162.03,55.08,1933,1,1,"US","Angelica lucida"
"1146348457","Angelica lucida",-156.03,57.56,1933,1,1,"US","Angelica lucida"
"1146364784","Angelica lucida",-149.23,61.53,1931,7,11,"US","Angelica lucida"
"3820707561","Angelica lucida",-124.0986,43.9828,1931,7,11,"US","Angelica lucida"
"441687939","Angelica lucida",-124.61667,47.92139,1931,8,NA,"US","Angelica lucida"
"1146365087","Angelica lucida",-149.16,61.75,1931,8,9,"US","Angelica lucida"
"1146356752","Angelica lucida",-166.18,60.38,1929,7,13,"US","Angelica lucida"
"2265565316","Angelica lucida",-136.838127,58.797428,1929,7,24,"US","Angelica lucida"
"3820587228","Angelica lucida",-124.0211,44.9339,1929,7,30,"US","Angelica lucida"
"3820603510","Angelica lucida",-124.20664,42.0048399990618,1929,7,11,"US","Angelica lucida"
"3820707727","Angelica lucida",-123.9631,45.8819,1929,8,1,"US","Angelica lucida"
"3820710916","Angelica lucida",-124.2828,42.0528,1926,6,22,"US","Angelica lucida"
"1929683591","Angelica lucida",-73.562621,40.722707,1924,7,13,"US","Angelica lucida"
"1930311066","Angelica lucida",-72.337251,41.129151,1924,7,13,"US","Angelica lucida"
"1931188299","Angelica lucida",-72.337251,41.129151,1924,7,13,"US","Angelica lucida"
"1928871228","Angelica lucida",-72.337251,41.129151,1921,7,10,"US","Angelica lucida"
"2573059185","Angelica lucida",-70.83635,42.93873,1921,8,19,"US","Angelica lucida"
"1146383147","Angelica lucida",-160.78,63.86,1920,8,26,"US","Angelica lucida"
"3820517501","Angelica lucida",-124.2664,42.0533,1919,7,10,"US","Angelica lucida"
"3820626839","Angelica lucida",-123.9447,45.435,1918,8,9,"US","Angelica lucida"
"2859398016","Angelica lucida",-134.954017,57.298887,1915,7,4,"US","Angelica lucida"
"3820521017","Angelica lucida",-124.2664,42.0533,1913,8,1,"US","Angelica lucida"
"2573113186","Angelica lucida",-70.11468,41.31079,1911,6,6,"US","Angelica lucida"
"2573054343","Angelica lucida",-67.23369,44.67479,1907,8,8,"US","Angelica lucida"
"2573077772","Angelica lucida",-67.23369,44.67479,1907,8,8,"US","Angelica lucida"
"415955421","Angelica lucida",-70.88333,42.21666,1900,7,4,"US","Angelica lucida"
"415955426","Angelica lucida",-68.23,44.25805,1899,7,24,"US","Angelica lucida"
"441687940","Angelica lucida",-122.33083,47.60639,1892,7,NA,"US","Angelica lucida"
"441688063","Angelica lucida",-122.33083,47.60639,1892,9,NA,"US","Angelica lucida"
"441688064","Angelica lucida",-124.04194,46.30917,1892,9,7,"US","Angelica lucida"
"415955419","Angelica lucida",-68.28972,44.29416,1891,8,NA,"US","Angelica lucida"
"441726311","Angelica lucida",-122.33083,47.60639,1888,6,24,"US","Angelica lucida"
"1930491647","Angelica lucida",-79.383465,39.406018,1888,8,NA,"US","Angelica lucida"
"3820580190","Angelica lucida",-124.0406,46.3087,1886,7,24,"US","Angelica lucida"
"3820579686","Angelica lucida",-124.0406,46.3087,1886,8,31,"US","Angelica lucida"
"1457369828","Angelica lucida",-105.800564,39.694431,1885,7,NA,"US","Angelica lucida"
"2859430034","Angelica lucida",-70.889768,42.241767,1878,7,23,"US","Angelica lucida"
"1457369830","Angelica lucida",-70.874478,41.429275,1874,8,NA,"US","Angelica lucida"
"1928949468","Angelica lucida",-105.82046,37.012668,1873,8,NA,"US","Angelica lucida"
"3413422088","Angelica lucida",-106.38197,39.08277,1873,8,1,"US","Angelica lucida"
"1928498759","Angelica lucida",-106.043331,39.500857,1871,NA,NA,"US","Angelica lucida"
"40104479","Angelica lucida",173.18694,52.86139,NA,NA,NA,"US","Angelica lucida"
"40104480","Angelica lucida",173.23361,52.85778,NA,NA,NA,"US","Angelica lucida"
"40104490","Angelica lucida",-149.10222,61.80944,NA,NA,NA,"US","Angelica lucida"
"415955425","Angelica lucida",-70.71111,42.57361,NA,NA,NA,"US","Angelica lucida"
"1146270281","Angelica lucida",-151.058253,63.287696,NA,NA,NA,"US","Angelica lucida"
"1146270288","Angelica lucida",-150.86412,63.45884,NA,NA,NA,"US","Angelica lucida"
"1146270307","Angelica lucida",-151.058253,63.287696,NA,NA,NA,"US","Angelica lucida"
"2235786520","Angelica lucida",-165.25,60.58,NA,NA,NA,"US","Angelica lucida"
"2236021474","Angelica lucida",-158.43,59.05,NA,NA,NA,"US","Angelica lucida"
"2573421626","Angelica lucida",-168,65.8,NA,NA,NA,"US","Angelica lucida"
"2859433005","Angelica lucida",-70.7106,42.573707,NA,NA,NA,"US","Angelica lucida"
