"gbifID","species","longitude","latitude","year","month","day","countryCode","basisOfRecord","accepted_name"
"4076114399","Angelica sylvestris",-59.966476,46.182796,2023,3,31,"CA","HUMAN_OBSERVATION","Angelica sylvestris"
"4102892425","Angelica sylvestris",-63.658198,44.63067,2023,4,29,"CA","HUMAN_OBSERVATION","Angelica sylvestris"
"4111655621","Angelica sylvestris",-63.475634,44.663449,2023,4,30,"CA","HUMAN_OBSERVATION","Angelica sylvestris"
"4121037368","Angelica sylvestris",-62.506091,46.059136,2023,5,23,"CA","HUMAN_OBSERVATION","Angelica sylvestris"
"4137863286","Angelica sylvestris",-62.142889,46.385126,2023,6,16,"CA","HUMAN_OBSERVATION","Angelica sylvestris"
"4138280578","Angelica sylvestris",-64.952434,45.598339,2023,6,19,"CA","HUMAN_OBSERVATION","Angelica sylvestris"
"4405082534","Angelica sylvestris",-72.338448,45.998318,2023,7,29,"CA","HUMAN_OBSERVATION","Angelica sylvestris"
"4405081719","Angelica sylvestris",-60.317495,46.067661,2023,8,4,"CA","HUMAN_OBSERVATION","Angelica sylvestris"
"4171930391","Angelica sylvestris",-62.478556,46.064076,2023,8,5,"CA","HUMAN_OBSERVATION","Angelica sylvestris"
"4177103660","Angelica sylvestris",-66.055473,45.278046,2023,8,9,"CA","HUMAN_OBSERVATION","Angelica sylvestris"
"4177310336","Angelica sylvestris",-72.058704,45.85522,2023,8,6,"CA","HUMAN_OBSERVATION","Angelica sylvestris"
"4400140748","Angelica sylvestris",-66.632769,45.955718,2023,8,12,"CA","HUMAN_OBSERVATION","Angelica sylvestris"
"4400220950","Angelica sylvestris",-66.600785,45.828327,2023,8,12,"CA","HUMAN_OBSERVATION","Angelica sylvestris"
"4177432163","Angelica sylvestris",-79.603154,43.526116,2023,8,5,"CA","HUMAN_OBSERVATION","Angelica sylvestris"
"4399955952","Angelica sylvestris",-79.605178,43.518845,2023,8,13,"CA","HUMAN_OBSERVATION","Angelica sylvestris"
"4177475829","Angelica sylvestris",-60.874425,45.655062,2023,8,11,"CA","HUMAN_OBSERVATION","Angelica sylvestris"
"4400229952","Angelica sylvestris",-66.775988,45.876657,2023,8,14,"CA","HUMAN_OBSERVATION","Angelica sylvestris"
"4399858023","Angelica sylvestris",-66.747799,45.988735,2023,8,15,"CA","HUMAN_OBSERVATION","Angelica sylvestris"
"4177584047","Angelica sylvestris",-64.035486,46.845307,2023,8,14,"CA","HUMAN_OBSERVATION","Angelica sylvestris"
"4400446877","Angelica sylvestris",-60.182258,46.117133,2023,8,3,"CA","HUMAN_OBSERVATION","Angelica sylvestris"
"4400321213","Angelica sylvestris",-62.525037,46.011939,2023,8,16,"CA","HUMAN_OBSERVATION","Angelica sylvestris"
"4400400254","Angelica sylvestris",-60.164478,46.1272,2023,8,16,"CA","HUMAN_OBSERVATION","Angelica sylvestris"
"4400336715","Angelica sylvestris",-60.249683,46.265536,2023,8,15,"CA","HUMAN_OBSERVATION","Angelica sylvestris"
"4400283537","Angelica sylvestris",-60.19685,46.137661,2023,8,17,"CA","HUMAN_OBSERVATION","Angelica sylvestris"
"4400021802","Angelica sylvestris",-62.322795,46.507303,2023,8,17,"CA","HUMAN_OBSERVATION","Angelica sylvestris"
"4400188680","Angelica sylvestris",-63.917533,44.492745,2023,8,16,"CA","HUMAN_OBSERVATION","Angelica sylvestris"
"4407332691","Angelica sylvestris",-60.857933,45.643849,2023,8,23,"CA","HUMAN_OBSERVATION","Angelica sylvestris"
"4407082863","Angelica sylvestris",-60.749048,45.763051,2023,8,3,"CA","HUMAN_OBSERVATION","Angelica sylvestris"
"4405517768","Angelica sylvestris",-66.063308,45.273157,2023,8,24,"CA","HUMAN_OBSERVATION","Angelica sylvestris"
"4405086805","Angelica sylvestris",-60.199236,46.126973,2023,8,26,"CA","HUMAN_OBSERVATION","Angelica sylvestris"
"4407236617","Angelica sylvestris",-66.084628,45.269045,2023,8,30,"CA","HUMAN_OBSERVATION","Angelica sylvestris"
"4407252081","Angelica sylvestris",-59.982761,45.908125,2023,8,23,"CA","HUMAN_OBSERVATION","Angelica sylvestris"
"4413984106","Angelica sylvestris",-64.794472,46.108672,2023,9,11,"CA","HUMAN_OBSERVATION","Angelica sylvestris"
"4414010286","Angelica sylvestris",-64.793838,46.108831,2023,9,11,"CA","HUMAN_OBSERVATION","Angelica sylvestris"
"4414162090","Angelica sylvestris",-66.628375,46.014404,2023,9,13,"CA","HUMAN_OBSERVATION","Angelica sylvestris"
"4414001161","Angelica sylvestris",-66.630494,46.015679,2023,9,13,"CA","HUMAN_OBSERVATION","Angelica sylvestris"
"4414033553","Angelica sylvestris",-64.779892,46.109481,2023,9,15,"CA","HUMAN_OBSERVATION","Angelica sylvestris"
"4416939886","Angelica sylvestris",-66.676068,45.984896,2023,9,17,"CA","HUMAN_OBSERVATION","Angelica sylvestris"
"4416697266","Angelica sylvestris",-66.68051,45.950877,2023,9,21,"CA","HUMAN_OBSERVATION","Angelica sylvestris"
"4416684140","Angelica sylvestris",-66.678489,45.953916,2023,9,21,"CA","HUMAN_OBSERVATION","Angelica sylvestris"
"4416882133","Angelica sylvestris",-66.674442,45.954854,2023,9,21,"CA","HUMAN_OBSERVATION","Angelica sylvestris"
"4417144061","Angelica sylvestris",-81.184783,42.970839,2023,9,23,"CA","HUMAN_OBSERVATION","Angelica sylvestris"
"4417040751","Angelica sylvestris",-64.369134,45.902157,2023,9,23,"CA","HUMAN_OBSERVATION","Angelica sylvestris"
"3759064281","Angelica sylvestris",-59.965417,45.908711,2022,3,26,"CA","HUMAN_OBSERVATION","Angelica sylvestris"
"3892494382","Angelica sylvestris",-64.370696,45.906191,2022,4,30,"CA","HUMAN_OBSERVATION","Angelica sylvestris"
"3892350373","Angelica sylvestris",-66.609558,45.950205,2022,5,4,"CA","HUMAN_OBSERVATION","Angelica sylvestris"
"3773218282","Angelica sylvestris",-64.370605,45.86684,2022,5,7,"CA","HUMAN_OBSERVATION","Angelica sylvestris"
"3892463394","Angelica sylvestris",-66.679175,45.949647,2022,5,13,"CA","HUMAN_OBSERVATION","Angelica sylvestris"
"3892322406","Angelica sylvestris",-66.610563,45.951777,2022,6,2,"CA","HUMAN_OBSERVATION","Angelica sylvestris"
"3892427409","Angelica sylvestris",-66.61048,45.951908,2022,6,2,"CA","HUMAN_OBSERVATION","Angelica sylvestris"
"3892364410","Angelica sylvestris",-66.608824,45.949883,2022,6,2,"CA","HUMAN_OBSERVATION","Angelica sylvestris"
"3889123427","Angelica sylvestris",-64.373322,45.902133,2022,6,12,"CA","HUMAN_OBSERVATION","Angelica sylvestris"
"3892634429","Angelica sylvestris",-65.387637,45.683562,2022,6,13,"CA","HUMAN_OBSERVATION","Angelica sylvestris"
"3892301413","Angelica sylvestris",-66.678175,45.947717,2022,6,18,"CA","HUMAN_OBSERVATION","Angelica sylvestris"
"3873387718","Angelica sylvestris",-66.665567,45.963431,2022,6,18,"CA","HUMAN_OBSERVATION","Angelica sylvestris"
"3892366436","Angelica sylvestris",-64.95258,45.592985,2022,7,16,"CA","HUMAN_OBSERVATION","Angelica sylvestris"
"4018133594","Angelica sylvestris",-75.584464,45.320539,2022,7,16,"CA","HUMAN_OBSERVATION","Angelica sylvestris"
"4018213582","Angelica sylvestris",-75.584464,45.320539,2022,7,19,"CA","HUMAN_OBSERVATION","Angelica sylvestris"
"3892265469","Angelica sylvestris",-66.632584,45.937714,2022,7,26,"CA","HUMAN_OBSERVATION","Angelica sylvestris"
"3892389479","Angelica sylvestris",-66.909849,45.96101,2022,7,27,"CA","HUMAN_OBSERVATION","Angelica sylvestris"
"3892677486","Angelica sylvestris",-64.794412,46.082625,2022,7,30,"CA","HUMAN_OBSERVATION","Angelica sylvestris"
"3892331502","Angelica sylvestris",-59.9686,45.92162,2022,7,21,"CA","HUMAN_OBSERVATION","Angelica sylvestris"
"3881627725","Angelica sylvestris",-66.725216,45.89771,2022,7,25,"CA","HUMAN_OBSERVATION","Angelica sylvestris"
"3888733564","Angelica sylvestris",-60.392738,46.062789,2022,7,31,"CA","HUMAN_OBSERVATION","Angelica sylvestris"
"3892288552","Angelica sylvestris",-64.367873,45.902123,2022,7,31,"CA","HUMAN_OBSERVATION","Angelica sylvestris"
"3902272947","Angelica sylvestris",-60.868947,45.651408,2022,7,21,"CA","HUMAN_OBSERVATION","Angelica sylvestris"
"3892357532","Angelica sylvestris",-66.776884,45.875806,2022,7,3,"CA","HUMAN_OBSERVATION","Angelica sylvestris"
"3892445754","Angelica sylvestris",-66.418433,45.860725,2022,7,28,"CA","HUMAN_OBSERVATION","Angelica sylvestris"
"4011881004","Angelica sylvestris",-59.942253,46.192192,2022,7,20,"CA","HUMAN_OBSERVATION","Angelica sylvestris"
"3892488512","Angelica sylvestris",-66.665616,45.956891,2022,8,3,"CA","HUMAN_OBSERVATION","Angelica sylvestris"
"3892634518","Angelica sylvestris",-66.66548,45.95698,2022,8,3,"CA","HUMAN_OBSERVATION","Angelica sylvestris"
"3889088812","Angelica sylvestris",-57.897458,48.952182,2022,8,3,"CA","HUMAN_OBSERVATION","Angelica sylvestris"
"3892461511","Angelica sylvestris",-66.19391,45.307283,2022,8,4,"CA","HUMAN_OBSERVATION","Angelica sylvestris"
"3892416501","Angelica sylvestris",-66.642374,45.94487,2022,8,4,"CA","HUMAN_OBSERVATION","Angelica sylvestris"
"4018282587","Angelica sylvestris",-79.606551,43.518053,2022,8,5,"CA","HUMAN_OBSERVATION","Angelica sylvestris"
"3888801149","Angelica sylvestris",-66.771138,45.957655,2022,8,5,"CA","HUMAN_OBSERVATION","Angelica sylvestris"
"3915432562","Angelica sylvestris",-62.12331,46.380107,2022,8,6,"CA","HUMAN_OBSERVATION","Angelica sylvestris"
"3892334527","Angelica sylvestris",-66.69235,45.977032,2022,8,7,"CA","HUMAN_OBSERVATION","Angelica sylvestris"
"3892434547","Angelica sylvestris",-66.115979,45.238618,2022,8,9,"CA","HUMAN_OBSERVATION","Angelica sylvestris"
"3892598584","Angelica sylvestris",-66.47728,45.758606,2022,8,10,"CA","HUMAN_OBSERVATION","Angelica sylvestris"
"3912141633","Angelica sylvestris",-59.987634,45.891609,2022,8,10,"CA","HUMAN_OBSERVATION","Angelica sylvestris"
"3892264987","Angelica sylvestris",-62.422142,46.244338,2022,8,13,"CA","HUMAN_OBSERVATION","Angelica sylvestris"
"3915279635","Angelica sylvestris",-62.033912,46.429743,2022,8,14,"CA","HUMAN_OBSERVATION","Angelica sylvestris"
"3911985776","Angelica sylvestris",-59.98439,45.892502,2022,8,13,"CA","HUMAN_OBSERVATION","Angelica sylvestris"
"4018136639","Angelica sylvestris",-79.60474,43.519491,2022,8,9,"CA","HUMAN_OBSERVATION","Angelica sylvestris"
"4018144639","Angelica sylvestris",-78.80261,43.870123,2022,8,14,"CA","HUMAN_OBSERVATION","Angelica sylvestris"
"3892453227","Angelica sylvestris",-59.984298,45.892218,2022,8,15,"CA","HUMAN_OBSERVATION","Angelica sylvestris"
"3903148499","Angelica sylvestris",-64.669925,45.725964,2022,8,17,"CA","HUMAN_OBSERVATION","Angelica sylvestris"
"4018198628","Angelica sylvestris",-80.347284,43.386758,2022,8,21,"CA","HUMAN_OBSERVATION","Angelica sylvestris"
"4091820458","Angelica sylvestris",-64.367915,45.902209,2022,8,20,"CA","HUMAN_OBSERVATION","Angelica sylvestris"
"3902502644","Angelica sylvestris",-65.019036,45.549462,2022,8,21,"CA","HUMAN_OBSERVATION","Angelica sylvestris"
"3902364203","Angelica sylvestris",-65.019067,45.5491,2022,8,21,"CA","HUMAN_OBSERVATION","Angelica sylvestris"
"4018283619","Angelica sylvestris",-80.346628,43.2767,2022,8,26,"CA","HUMAN_OBSERVATION","Angelica sylvestris"
"3912083795","Angelica sylvestris",-60.958325,46.670642,2022,8,30,"CA","HUMAN_OBSERVATION","Angelica sylvestris"
"4018227679","Angelica sylvestris",-65.556992,45.319878,2022,8,8,"CA","HUMAN_OBSERVATION","Angelica sylvestris"
"4029230535","Angelica sylvestris",-63.918078,44.492372,2022,8,23,"CA","HUMAN_OBSERVATION","Angelica sylvestris"
"4034987306","Angelica sylvestris",-59.965492,45.908044,2022,8,25,"CA","HUMAN_OBSERVATION","Angelica sylvestris"
"4075653839","Angelica sylvestris",-59.965892,45.907964,2022,8,25,"CA","HUMAN_OBSERVATION","Angelica sylvestris"
"4034827802","Angelica sylvestris",-59.957989,45.906392,2022,8,25,"CA","HUMAN_OBSERVATION","Angelica sylvestris"
"4018305618","Angelica sylvestris",-81.303046,42.960481,2022,9,1,"CA","HUMAN_OBSERVATION","Angelica sylvestris"
"4405193437","Angelica sylvestris",-63.112568,45.055237,2022,9,4,"CA","HUMAN_OBSERVATION","Angelica sylvestris"
"3986102773","Angelica sylvestris",-63.189567,46.279605,2022,9,6,"CA","HUMAN_OBSERVATION","Angelica sylvestris"
"3903322343","Angelica sylvestris",-81.184201,42.971639,2022,9,7,"CA","HUMAN_OBSERVATION","Angelica sylvestris"
"3986077770","Angelica sylvestris",-62.524505,46.014089,2022,9,9,"CA","HUMAN_OBSERVATION","Angelica sylvestris"
"3912252309","Angelica sylvestris",-64.83286,46.125277,2022,9,13,"CA","HUMAN_OBSERVATION","Angelica sylvestris"
"3915356553","Angelica sylvestris",-62.468266,46.065647,2022,9,14,"CA","HUMAN_OBSERVATION","Angelica sylvestris"
"4018153623","Angelica sylvestris",-80.346777,43.276698,2022,9,16,"CA","HUMAN_OBSERVATION","Angelica sylvestris"
"3985652805","Angelica sylvestris",-63.539341,46.229881,2022,9,18,"CA","HUMAN_OBSERVATION","Angelica sylvestris"
"4018586646","Angelica sylvestris",-64.368928,45.902375,2022,9,21,"CA","HUMAN_OBSERVATION","Angelica sylvestris"
"3915486532","Angelica sylvestris",-60.220393,46.029729,2022,9,20,"CA","HUMAN_OBSERVATION","Angelica sylvestris"
"3915399871","Angelica sylvestris",-64.367953,45.902798,2022,9,22,"CA","HUMAN_OBSERVATION","Angelica sylvestris"
"4018304656","Angelica sylvestris",-64.36852,45.902211,2022,9,23,"CA","HUMAN_OBSERVATION","Angelica sylvestris"
"4018289662","Angelica sylvestris",-64.368775,45.902206,2022,9,22,"CA","HUMAN_OBSERVATION","Angelica sylvestris"
"4018558631","Angelica sylvestris",-64.368653,45.902267,2022,9,22,"CA","HUMAN_OBSERVATION","Angelica sylvestris"
"4018102669","Angelica sylvestris",-64.367075,45.903594,2022,9,22,"CA","HUMAN_OBSERVATION","Angelica sylvestris"
"4018587685","Angelica sylvestris",-64.368341,45.905346,2022,9,24,"CA","HUMAN_OBSERVATION","Angelica sylvestris"
"4018295686","Angelica sylvestris",-64.367415,45.904185,2022,9,30,"CA","HUMAN_OBSERVATION","Angelica sylvestris"
"4018134684","Angelica sylvestris",-64.367508,45.902058,2022,9,21,"CA","HUMAN_OBSERVATION","Angelica sylvestris"
"4015085489","Angelica sylvestris",-64.368321,45.902127,2022,9,1,"CA","HUMAN_OBSERVATION","Angelica sylvestris"
"3947758575","Angelica sylvestris",-63.23826,46.296575,2022,10,15,"CA","HUMAN_OBSERVATION","Angelica sylvestris"
"3961331112","Angelica sylvestris",-62.597975,46.033279,2022,10,28,"CA","HUMAN_OBSERVATION","Angelica sylvestris"
"4018165681","Angelica sylvestris",-66.655196,45.975198,2022,10,30,"CA","HUMAN_OBSERVATION","Angelica sylvestris"
"3966372639","Angelica sylvestris",-80.364602,43.261546,2022,11,5,"CA","HUMAN_OBSERVATION","Angelica sylvestris"
"4075746821","Angelica sylvestris",-60.005111,45.885242,2022,11,11,"CA","HUMAN_OBSERVATION","Angelica sylvestris"
"4080501479","Angelica sylvestris",-60.18788,46.124758,2022,12,20,"CA","HUMAN_OBSERVATION","Angelica sylvestris"
"3112381607","Angelica sylvestris",-60.050622,46.039869,2021,4,30,"CA","HUMAN_OBSERVATION","Angelica sylvestris"
"3112289954","Angelica sylvestris",-60.214167,46.115833,2021,5,1,"CA","HUMAN_OBSERVATION","Angelica sylvestris"
"3112477722","Angelica sylvestris",-60.188862,46.12532,2021,5,2,"CA","HUMAN_OBSERVATION","Angelica sylvestris"
"3113265720","Angelica sylvestris",-60.050642,46.0398,2021,5,3,"CA","HUMAN_OBSERVATION","Angelica sylvestris"
"3301821678","Angelica sylvestris",-66.643115,45.963758,2021,5,18,"CA","HUMAN_OBSERVATION","Angelica sylvestris"
"3307374464","Angelica sylvestris",-64.859658,46.106206,2021,5,26,"CA","HUMAN_OBSERVATION","Angelica sylvestris"
"3301801994","Angelica sylvestris",-60.456047,46.243429,2021,6,8,"CA","HUMAN_OBSERVATION","Angelica sylvestris"
"3881391360","Angelica sylvestris",-66.673693,45.840485,2021,7,18,"CA","HUMAN_OBSERVATION","Angelica sylvestris"
"3759199634","Angelica sylvestris",-66.4924,45.831711,2021,7,20,"CA","HUMAN_OBSERVATION","Angelica sylvestris"
"3330675309","Angelica sylvestris",-66.666328,45.947518,2021,7,20,"CA","HUMAN_OBSERVATION","Angelica sylvestris"
"3384645940","Angelica sylvestris",-60.39264,46.01572,2021,7,23,"CA","HUMAN_OBSERVATION","Angelica sylvestris"
"4018566427","Angelica sylvestris",-79.595703,43.540597,2021,7,24,"CA","HUMAN_OBSERVATION","Angelica sylvestris"
"3333056015","Angelica sylvestris",-60.165156,46.127331,2021,7,25,"CA","HUMAN_OBSERVATION","Angelica sylvestris"
"3746968430","Angelica sylvestris",-59.9809,45.892528,2021,7,26,"CA","HUMAN_OBSERVATION","Angelica sylvestris"
"3759209691","Angelica sylvestris",-62.5261,46.005779,2021,7,28,"CA","HUMAN_OBSERVATION","Angelica sylvestris"
"3333214571","Angelica sylvestris",-66.477692,45.758598,2021,7,29,"CA","HUMAN_OBSERVATION","Angelica sylvestris"
"3333464577","Angelica sylvestris",-66.091239,45.369674,2021,7,29,"CA","HUMAN_OBSERVATION","Angelica sylvestris"
"3746949445","Angelica sylvestris",-59.995458,45.900481,2021,7,29,"CA","HUMAN_OBSERVATION","Angelica sylvestris"
"3759134660","Angelica sylvestris",-66.641818,45.951408,2021,7,30,"CA","HUMAN_OBSERVATION","Angelica sylvestris"
"3772764413","Angelica sylvestris",-66.888572,45.877232,2021,7,31,"CA","HUMAN_OBSERVATION","Angelica sylvestris"
"3335105831","Angelica sylvestris",-66.889931,45.878031,2021,7,31,"CA","HUMAN_OBSERVATION","Angelica sylvestris"
"3335364025","Angelica sylvestris",-60.532911,46.294151,2021,7,27,"CA","HUMAN_OBSERVATION","Angelica sylvestris"
"3457053472","Angelica sylvestris",-60.435894,45.975478,2021,8,16,"CA","HUMAN_OBSERVATION","Angelica sylvestris"
"3759666677","Angelica sylvestris",-65.910286,45.601513,2021,8,4,"CA","HUMAN_OBSERVATION","Angelica sylvestris"
"3985755471","Angelica sylvestris",-62.77108,45.965284,2021,8,6,"CA","HUMAN_OBSERVATION","Angelica sylvestris"
"3759180678","Angelica sylvestris",-66.510857,45.847775,2021,8,7,"CA","HUMAN_OBSERVATION","Angelica sylvestris"
"3337482873","Angelica sylvestris",-66.092868,45.244352,2021,8,8,"CA","HUMAN_OBSERVATION","Angelica sylvestris"
"3337375841","Angelica sylvestris",-60.806202,46.092072,2021,8,8,"CA","HUMAN_OBSERVATION","Angelica sylvestris"
"3759577658","Angelica sylvestris",-66.090462,45.263748,2021,8,8,"CA","HUMAN_OBSERVATION","Angelica sylvestris"
"3337543466","Angelica sylvestris",-60.435997,45.975463,2021,8,4,"CA","HUMAN_OBSERVATION","Angelica sylvestris"
"3337753486","Angelica sylvestris",-61.058716,45.604832,2021,8,8,"CA","HUMAN_OBSERVATION","Angelica sylvestris"
"3337464177","Angelica sylvestris",-60.434312,45.978563,2021,8,7,"CA","HUMAN_OBSERVATION","Angelica sylvestris"
"3759580659","Angelica sylvestris",-65.912201,45.598797,2021,8,8,"CA","HUMAN_OBSERVATION","Angelica sylvestris"
"3337568033","Angelica sylvestris",-62.11879,46.390051,2021,8,7,"CA","HUMAN_OBSERVATION","Angelica sylvestris"
"3337840556","Angelica sylvestris",-66.643115,45.963555,2021,8,12,"CA","HUMAN_OBSERVATION","Angelica sylvestris"
"3759160687","Angelica sylvestris",-65.911331,45.600883,2021,8,8,"CA","HUMAN_OBSERVATION","Angelica sylvestris"
"4018128473","Angelica sylvestris",-78.801337,43.869806,2021,8,13,"CA","HUMAN_OBSERVATION","Angelica sylvestris"
"3759132677","Angelica sylvestris",-62.057217,46.418358,2021,8,15,"CA","HUMAN_OBSERVATION","Angelica sylvestris"
"3384414042","Angelica sylvestris",-64.035358,46.844917,2021,8,11,"CA","HUMAN_OBSERVATION","Angelica sylvestris"
"3759155668","Angelica sylvestris",-61.985267,46.449628,2021,8,15,"CA","HUMAN_OBSERVATION","Angelica sylvestris"
"4018310447","Angelica sylvestris",-81.076904,42.987932,2021,8,18,"CA","HUMAN_OBSERVATION","Angelica sylvestris"
"3759141648","Angelica sylvestris",-64.367753,45.905395,2021,8,21,"CA","HUMAN_OBSERVATION","Angelica sylvestris"
"3355198793","Angelica sylvestris",-64.318733,45.920842,2021,8,21,"CA","HUMAN_OBSERVATION","Angelica sylvestris"
"3355462858","Angelica sylvestris",-64.511458,45.834075,2021,8,23,"CA","HUMAN_OBSERVATION","Angelica sylvestris"
"3344139305","Angelica sylvestris",-64.370444,45.902236,2021,8,23,"CA","HUMAN_OBSERVATION","Angelica sylvestris"
"3355089818","Angelica sylvestris",-66.092707,45.245557,2021,8,24,"CA","HUMAN_OBSERVATION","Angelica sylvestris"
"3355108805","Angelica sylvestris",-66.11138,45.242811,2021,8,24,"CA","HUMAN_OBSERVATION","Angelica sylvestris"
"3355508813","Angelica sylvestris",-66.11138,45.242811,2021,8,24,"CA","HUMAN_OBSERVATION","Angelica sylvestris"
"3759548718","Angelica sylvestris",-64.669787,45.726004,2021,8,14,"CA","HUMAN_OBSERVATION","Angelica sylvestris"
"3343919847","Angelica sylvestris",-62.81492,46.367263,2021,8,23,"CA","HUMAN_OBSERVATION","Angelica sylvestris"
"4039268463","Angelica sylvestris",-75.565108,45.351634,2021,8,23,"CA","HUMAN_OBSERVATION","Angelica sylvestris"
"3759852700","Angelica sylvestris",-66.663964,45.964935,2021,8,25,"CA","HUMAN_OBSERVATION","Angelica sylvestris"
"3344106018","Angelica sylvestris",-81.424125,42.906339,2021,8,14,"CA","HUMAN_OBSERVATION","Angelica sylvestris"
"3355437300","Angelica sylvestris",-59.139896,47.57252,2021,8,30,"CA","HUMAN_OBSERVATION","Angelica sylvestris"
"3355403305","Angelica sylvestris",-59.186413,47.577243,2021,8,30,"CA","HUMAN_OBSERVATION","Angelica sylvestris"
"3355239306","Angelica sylvestris",-66.087882,45.264096,2021,8,30,"CA","HUMAN_OBSERVATION","Angelica sylvestris"
"3455647252","Angelica sylvestris",-64.814545,46.084786,2021,8,29,"CA","HUMAN_OBSERVATION","Angelica sylvestris"
"3889150384","Angelica sylvestris",-62.869917,44.732769,2021,8,21,"CA","HUMAN_OBSERVATION","Angelica sylvestris"
"3888770363","Angelica sylvestris",-63.605127,44.605284,2021,8,9,"CA","HUMAN_OBSERVATION","Angelica sylvestris"
"3355695533","Angelica sylvestris",-64.368103,45.902155,2021,9,1,"CA","HUMAN_OBSERVATION","Angelica sylvestris"
"3355391677","Angelica sylvestris",-63.448053,44.657592,2021,9,2,"CA","HUMAN_OBSERVATION","Angelica sylvestris"
"3355356736","Angelica sylvestris",-66.592963,45.90907,2021,9,3,"CA","HUMAN_OBSERVATION","Angelica sylvestris"
"4018289454","Angelica sylvestris",-79.602489,43.519335,2021,9,2,"CA","HUMAN_OBSERVATION","Angelica sylvestris"
"3889123367","Angelica sylvestris",-59.862799,45.95254,2021,9,3,"CA","HUMAN_OBSERVATION","Angelica sylvestris"
"3888836367","Angelica sylvestris",-62.606153,45.5199,2021,9,9,"CA","HUMAN_OBSERVATION","Angelica sylvestris"
"3384879930","Angelica sylvestris",-62.5239,46.013317,2021,9,12,"CA","HUMAN_OBSERVATION","Angelica sylvestris"
"3384321922","Angelica sylvestris",-60.245474,46.110391,2021,9,14,"CA","HUMAN_OBSERVATION","Angelica sylvestris"
"3384675139","Angelica sylvestris",-64.067859,46.519413,2021,9,14,"CA","HUMAN_OBSERVATION","Angelica sylvestris"
"3759757727","Angelica sylvestris",-66.655883,45.976283,2021,9,16,"CA","HUMAN_OBSERVATION","Angelica sylvestris"
"3384440904","Angelica sylvestris",-64.368063,45.902155,2021,9,23,"CA","HUMAN_OBSERVATION","Angelica sylvestris"
"3384702198","Angelica sylvestris",-64.367958,45.902145,2021,9,23,"CA","HUMAN_OBSERVATION","Angelica sylvestris"
"4028805497","Angelica sylvestris",-64.366989,45.904465,2021,9,23,"CA","HUMAN_OBSERVATION","Angelica sylvestris"
"3759858754","Angelica sylvestris",-64.373947,45.898072,2021,9,6,"CA","HUMAN_OBSERVATION","Angelica sylvestris"
"3384881450","Angelica sylvestris",-60.182725,46.120936,2021,9,27,"CA","HUMAN_OBSERVATION","Angelica sylvestris"
"3384712743","Angelica sylvestris",-64.368349,45.905352,2021,9,21,"CA","HUMAN_OBSERVATION","Angelica sylvestris"
"3456760859","Angelica sylvestris",-60.182219,46.120468,2021,9,27,"CA","HUMAN_OBSERVATION","Angelica sylvestris"
"3892285367","Angelica sylvestris",-64.368069,45.904797,2021,9,24,"CA","HUMAN_OBSERVATION","Angelica sylvestris"
"3398678886","Angelica sylvestris",-66.66854,45.957598,2021,9,29,"CA","HUMAN_OBSERVATION","Angelica sylvestris"
"3398694923","Angelica sylvestris",-66.040247,45.471555,2021,9,21,"CA","HUMAN_OBSERVATION","Angelica sylvestris"
"4162035370","Angelica sylvestris",-60.280888,46.086347,2021,10,2,"CA","HUMAN_OBSERVATION","Angelica sylvestris"
"3384419133","Angelica sylvestris",-60.185754,46.128299,2021,10,3,"CA","HUMAN_OBSERVATION","Angelica sylvestris"
"3384077258","Angelica sylvestris",-60.071005,46.038342,2021,10,3,"CA","HUMAN_OBSERVATION","Angelica sylvestris"
"4405101385","Angelica sylvestris",-60.245313,46.110744,2021,10,7,"CA","HUMAN_OBSERVATION","Angelica sylvestris"
"3399181961","Angelica sylvestris",-62.73103,46.169545,2021,10,12,"CA","HUMAN_OBSERVATION","Angelica sylvestris"
"3892504369","Angelica sylvestris",-66.634262,45.958822,2021,10,13,"CA","HUMAN_OBSERVATION","Angelica sylvestris"
"3892567377","Angelica sylvestris",-66.634209,45.958814,2021,10,13,"CA","HUMAN_OBSERVATION","Angelica sylvestris"
"4080586395","Angelica sylvestris",-81.242217,43.030769,2021,10,17,"CA","HUMAN_OBSERVATION","Angelica sylvestris"
"3746970455","Angelica sylvestris",-59.980393,45.89261,2021,10,22,"CA","HUMAN_OBSERVATION","Angelica sylvestris"
"3747252477","Angelica sylvestris",-59.979041,45.892744,2021,10,22,"CA","HUMAN_OBSERVATION","Angelica sylvestris"
"3398782070","Angelica sylvestris",-65.758469,45.569321,2021,10,22,"CA","HUMAN_OBSERVATION","Angelica sylvestris"
"3456073727","Angelica sylvestris",-65.443539,45.695233,2021,10,26,"CA","HUMAN_OBSERVATION","Angelica sylvestris"
"3456433370","Angelica sylvestris",-61.034072,45.273563,2021,11,21,"CA","HUMAN_OBSERVATION","Angelica sylvestris"
"3760631256","Angelica sylvestris",-60.194224,46.13679,2021,11,10,"CA","HUMAN_OBSERVATION","Angelica sylvestris"
"2988351434","Angelica sylvestris",-60.17145,46.145074,2020,4,24,"CA","HUMAN_OBSERVATION","Angelica sylvestris"
"3058736497","Angelica sylvestris",-66.158288,45.285669,2020,6,19,"CA","HUMAN_OBSERVATION","Angelica sylvestris"
"2814035658","Angelica sylvestris",-59.969271,46.0355,2020,7,1,"CA","HUMAN_OBSERVATION","Angelica sylvestris"
"3067616045","Angelica sylvestris",-66.630149,46.015016,2020,7,14,"CA","HUMAN_OBSERVATION","Angelica sylvestris"
"3058807543","Angelica sylvestris",-66.63015,46.014905,2020,7,14,"CA","HUMAN_OBSERVATION","Angelica sylvestris"
"3058781524","Angelica sylvestris",-66.673727,45.840509,2020,7,18,"CA","HUMAN_OBSERVATION","Angelica sylvestris"
"3058726522","Angelica sylvestris",-66.606927,45.926448,2020,7,22,"CA","HUMAN_OBSERVATION","Angelica sylvestris"
"2826409028","Angelica sylvestris",-62.151703,46.404042,2020,7,25,"CA","HUMAN_OBSERVATION","Angelica sylvestris"
"2826283164","Angelica sylvestris",-62.151944,46.403056,2020,7,25,"CA","HUMAN_OBSERVATION","Angelica sylvestris"
"3058823550","Angelica sylvestris",-66.630005,46.014846,2020,7,14,"CA","HUMAN_OBSERVATION","Angelica sylvestris"
"2980948427","Angelica sylvestris",-66.680854,45.948948,2020,8,2,"CA","HUMAN_OBSERVATION","Angelica sylvestris"
"3059015575","Angelica sylvestris",-65.93,45.6,2020,8,3,"CA","HUMAN_OBSERVATION","Angelica sylvestris"
"4018580375","Angelica sylvestris",-80.369938,43.391002,2020,8,3,"CA","HUMAN_OBSERVATION","Angelica sylvestris"
"3963492364","Angelica sylvestris",-75.618253,45.323059,2020,8,4,"CA","HUMAN_OBSERVATION","Angelica sylvestris"
"2850960296","Angelica sylvestris",-61.972488,46.452837,2020,8,3,"CA","HUMAN_OBSERVATION","Angelica sylvestris"
"3408198380","Angelica sylvestris",-63.490147,44.674187,2020,8,3,"CA","HUMAN_OBSERVATION","Angelica sylvestris"
"2856490496","Angelica sylvestris",-62.043385,46.425258,2020,8,1,"CA","HUMAN_OBSERVATION","Angelica sylvestris"
"2856721476","Angelica sylvestris",-61.99043,46.448437,2020,8,1,"CA","HUMAN_OBSERVATION","Angelica sylvestris"
"2856757485","Angelica sylvestris",-62.0572,46.418299,2020,8,1,"CA","HUMAN_OBSERVATION","Angelica sylvestris"
"2856556502","Angelica sylvestris",-62.063777,46.414744,2020,8,1,"CA","HUMAN_OBSERVATION","Angelica sylvestris"
"2851056471","Angelica sylvestris",-63.481708,44.671556,2020,8,4,"CA","HUMAN_OBSERVATION","Angelica sylvestris"
"2856657502","Angelica sylvestris",-64.368982,45.902243,2020,8,6,"CA","HUMAN_OBSERVATION","Angelica sylvestris"
"3759670464","Angelica sylvestris",-59.957445,45.9068,2020,8,6,"CA","HUMAN_OBSERVATION","Angelica sylvestris"
"2901729484","Angelica sylvestris",-63.658597,44.634444,2020,8,9,"CA","HUMAN_OBSERVATION","Angelica sylvestris"
"4018164369","Angelica sylvestris",-80.365853,43.400801,2020,8,10,"CA","HUMAN_OBSERVATION","Angelica sylvestris"
"2851161411","Angelica sylvestris",-66.460902,45.839436,2020,8,12,"CA","HUMAN_OBSERVATION","Angelica sylvestris"
"3058968564","Angelica sylvestris",-66.063256,45.248816,2020,8,1,"CA","HUMAN_OBSERVATION","Angelica sylvestris"
"2851093840","Angelica sylvestris",-66.107488,45.232741,2020,8,13,"CA","HUMAN_OBSERVATION","Angelica sylvestris"
"2864564451","Angelica sylvestris",-64.82029,46.087892,2020,8,15,"CA","HUMAN_OBSERVATION","Angelica sylvestris"
"2862540490","Angelica sylvestris",-66.085837,45.249879,2020,8,15,"CA","HUMAN_OBSERVATION","Angelica sylvestris"
"2901680471","Angelica sylvestris",-66.663273,45.956595,2020,8,17,"CA","HUMAN_OBSERVATION","Angelica sylvestris"
"2859959560","Angelica sylvestris",-60.532567,46.293026,2020,8,10,"CA","HUMAN_OBSERVATION","Angelica sylvestris"
"4018309369","Angelica sylvestris",-80.370298,43.393693,2020,8,19,"CA","HUMAN_OBSERVATION","Angelica sylvestris"
"3059025582","Angelica sylvestris",-64.669894,45.72596,2020,8,19,"CA","HUMAN_OBSERVATION","Angelica sylvestris"
"2856554568","Angelica sylvestris",-65.431855,47.056071,2020,8,19,"CA","HUMAN_OBSERVATION","Angelica sylvestris"
"2856655572","Angelica sylvestris",-65.431627,47.056119,2020,8,19,"CA","HUMAN_OBSERVATION","Angelica sylvestris"
"2851037476","Angelica sylvestris",-66.658606,45.977725,2020,8,19,"CA","HUMAN_OBSERVATION","Angelica sylvestris"
"3759896473","Angelica sylvestris",-59.979917,45.892492,2020,8,19,"CA","HUMAN_OBSERVATION","Angelica sylvestris"
"3759076451","Angelica sylvestris",-59.986288,45.884142,2020,8,19,"CA","HUMAN_OBSERVATION","Angelica sylvestris"
"2856492708","Angelica sylvestris",-62.472692,46.018281,2020,8,19,"CA","HUMAN_OBSERVATION","Angelica sylvestris"
"2859971660","Angelica sylvestris",-60.94363,45.646509,2020,8,27,"CA","HUMAN_OBSERVATION","Angelica sylvestris"
"2860163924","Angelica sylvestris",-64.669924,45.725898,2020,8,19,"CA","HUMAN_OBSERVATION","Angelica sylvestris"
"2859924005","Angelica sylvestris",-63.376284,44.662822,2020,8,30,"CA","HUMAN_OBSERVATION","Angelica sylvestris"
"4018433375","Angelica sylvestris",-80.267728,43.323648,2020,8,30,"CA","HUMAN_OBSERVATION","Angelica sylvestris"
"2860061969","Angelica sylvestris",-63.338669,44.670853,2020,8,30,"CA","HUMAN_OBSERVATION","Angelica sylvestris"
"2860255330","Angelica sylvestris",-60.958558,46.670792,2020,8,27,"CA","HUMAN_OBSERVATION","Angelica sylvestris"
"2988540855","Angelica sylvestris",-60.050622,46.039778,2020,8,26,"CA","HUMAN_OBSERVATION","Angelica sylvestris"
"3044776757","Angelica sylvestris",-60.187858,46.165431,2020,8,31,"CA","HUMAN_OBSERVATION","Angelica sylvestris"
"2862358080","Angelica sylvestris",-66.104408,45.63291,2020,9,7,"CA","HUMAN_OBSERVATION","Angelica sylvestris"
"2864632560","Angelica sylvestris",-66.58033,45.903388,2020,9,8,"CA","HUMAN_OBSERVATION","Angelica sylvestris"
"2963804448","Angelica sylvestris",-59.957264,45.907111,2020,9,8,"CA","HUMAN_OBSERVATION","Angelica sylvestris"
"2868154553","Angelica sylvestris",-62.553908,46.066557,2020,9,10,"CA","HUMAN_OBSERVATION","Angelica sylvestris"
"4018134383","Angelica sylvestris",-79.620819,43.519867,2020,9,1,"CA","HUMAN_OBSERVATION","Angelica sylvestris"
"4018275373","Angelica sylvestris",-80.369427,43.395678,2020,9,13,"CA","HUMAN_OBSERVATION","Angelica sylvestris"
"3039137648","Angelica sylvestris",-80.309748,43.310801,2020,9,16,"CA","HUMAN_OBSERVATION","Angelica sylvestris"
"2868098700","Angelica sylvestris",-63.51027,44.687708,2020,9,17,"CA","HUMAN_OBSERVATION","Angelica sylvestris"
"2868332642","Angelica sylvestris",-66.077156,45.286846,2020,9,15,"CA","HUMAN_OBSERVATION","Angelica sylvestris"
"3759177480","Angelica sylvestris",-59.98477,45.892556,2020,9,20,"CA","HUMAN_OBSERVATION","Angelica sylvestris"
"2898330499","Angelica sylvestris",-66.643067,45.951364,2020,9,14,"CA","HUMAN_OBSERVATION","Angelica sylvestris"
"3058800621","Angelica sylvestris",-61.271394,46.180442,2020,9,25,"CA","HUMAN_OBSERVATION","Angelica sylvestris"
"2882951561","Angelica sylvestris",-64.36865,45.902244,2020,9,22,"CA","HUMAN_OBSERVATION","Angelica sylvestris"
"2883174493","Angelica sylvestris",-66.627653,46.019374,2020,9,27,"CA","HUMAN_OBSERVATION","Angelica sylvestris"
"2873927130","Angelica sylvestris",-66.642942,45.951527,2020,9,28,"CA","HUMAN_OBSERVATION","Angelica sylvestris"
"2874021077","Angelica sylvestris",-66.636484,45.971107,2020,9,30,"CA","HUMAN_OBSERVATION","Angelica sylvestris"
"4018164395","Angelica sylvestris",-79.606086,43.5409,2020,9,9,"CA","HUMAN_OBSERVATION","Angelica sylvestris"
"4018287401","Angelica sylvestris",-79.615089,43.527664,2020,9,24,"CA","HUMAN_OBSERVATION","Angelica sylvestris"
"4018158387","Angelica sylvestris",-79.608894,43.536367,2020,9,17,"CA","HUMAN_OBSERVATION","Angelica sylvestris"
"4018318395","Angelica sylvestris",-79.604156,43.537097,2020,9,17,"CA","HUMAN_OBSERVATION","Angelica sylvestris"
"4018264464","Angelica sylvestris",-80.365853,43.400801,2020,9,11,"CA","HUMAN_OBSERVATION","Angelica sylvestris"
"2873962032","Angelica sylvestris",-66.646837,45.954877,2020,10,1,"CA","HUMAN_OBSERVATION","Angelica sylvestris"
"2883096795","Angelica sylvestris",-66.228534,45.156695,2020,10,2,"CA","HUMAN_OBSERVATION","Angelica sylvestris"
"2883130678","Angelica sylvestris",-78.802846,43.870362,2020,10,2,"CA","HUMAN_OBSERVATION","Angelica sylvestris"
"2898343542","Angelica sylvestris",-66.080015,45.248571,2020,10,4,"CA","HUMAN_OBSERVATION","Angelica sylvestris"
"2963880524","Angelica sylvestris",-62.620462,45.99475,2020,10,17,"CA","HUMAN_OBSERVATION","Angelica sylvestris"
"2963871768","Angelica sylvestris",-66.504109,45.848225,2020,10,25,"CA","HUMAN_OBSERVATION","Angelica sylvestris"
"4018310373","Angelica sylvestris",-80.313451,43.32174,2020,10,31,"CA","HUMAN_OBSERVATION","Angelica sylvestris"
"2984559523","Angelica sylvestris",-66.139428,45.223411,2020,10,21,"CA","HUMAN_OBSERVATION","Angelica sylvestris"
"2984489670","Angelica sylvestris",-66.478817,45.85042,2020,10,25,"CA","HUMAN_OBSERVATION","Angelica sylvestris"
"2988457210","Angelica sylvestris",-66.063003,45.362767,2020,10,29,"CA","HUMAN_OBSERVATION","Angelica sylvestris"
"3044567752","Angelica sylvestris",-66.485284,45.833666,2020,11,27,"CA","HUMAN_OBSERVATION","Angelica sylvestris"
"2251890041","Angelica sylvestris",-79.655155,43.549651,2019,5,24,"CA","HUMAN_OBSERVATION","Angelica sylvestris"
"2252006000","Angelica sylvestris",-66.67248,45.988997,2019,6,1,"CA","HUMAN_OBSERVATION","Angelica sylvestris"
"2999044336","Angelica sylvestris",-79.650758,43.534753,2019,6,2,"CA","HUMAN_OBSERVATION","Angelica sylvestris"
"2999031333","Angelica sylvestris",-79.669521,43.556601,2019,6,9,"CA","HUMAN_OBSERVATION","Angelica sylvestris"
"3039372425","Angelica sylvestris",-52.760554,47.767403,2019,7,9,"CA","HUMAN_OBSERVATION","Angelica sylvestris"
"2573823000","Angelica sylvestris",-66.650177,45.975836,2019,7,20,"CA","HUMAN_OBSERVATION","Angelica sylvestris"
"2596105846","Angelica sylvestris",-63.60158,44.610859,2019,7,31,"CA","HUMAN_OBSERVATION","Angelica sylvestris"
"2366030991","Angelica sylvestris",-61.142485,46.095002,2019,8,1,"CA","HUMAN_OBSERVATION","Angelica sylvestris"
"2549979251","Angelica sylvestris",-63.69183,44.680094,2019,8,1,"CA","HUMAN_OBSERVATION","Angelica sylvestris"
"2999068344","Angelica sylvestris",-79.60385,43.526745,2019,8,2,"CA","HUMAN_OBSERVATION","Angelica sylvestris"
"2574060164","Angelica sylvestris",-66.763414,45.896366,2019,8,4,"CA","HUMAN_OBSERVATION","Angelica sylvestris"
"2802930458","Angelica sylvestris",-66.614519,46.07498,2019,8,7,"CA","HUMAN_OBSERVATION","Angelica sylvestris"
"2574121188","Angelica sylvestris",-66.63937,45.949846,2019,8,9,"CA","HUMAN_OBSERVATION","Angelica sylvestris"
"2350349686","Angelica sylvestris",-66.679504,46.023994,2019,8,9,"CA","HUMAN_OBSERVATION","Angelica sylvestris"
"2573828068","Angelica sylvestris",-66.843882,46.048207,2019,8,10,"CA","HUMAN_OBSERVATION","Angelica sylvestris"
"2366038664","Angelica sylvestris",-59.954382,46.192454,2019,8,12,"CA","HUMAN_OBSERVATION","Angelica sylvestris"
"2573899085","Angelica sylvestris",-66.630675,45.939199,2019,8,14,"CA","HUMAN_OBSERVATION","Angelica sylvestris"
"2596228976","Angelica sylvestris",-59.957509,45.997648,2019,8,14,"CA","HUMAN_OBSERVATION","Angelica sylvestris"
"2366040262","Angelica sylvestris",-59.985664,45.891276,2019,8,14,"CA","HUMAN_OBSERVATION","Angelica sylvestris"
"2350446540","Angelica sylvestris",-59.958333,45.998889,2019,8,15,"CA","HUMAN_OBSERVATION","Angelica sylvestris"
"2366048654","Angelica sylvestris",-66.634187,45.958753,2019,8,16,"CA","HUMAN_OBSERVATION","Angelica sylvestris"
"2366052110","Angelica sylvestris",-66.632286,45.951077,2019,8,14,"CA","HUMAN_OBSERVATION","Angelica sylvestris"
"2574223193","Angelica sylvestris",-66.661853,45.955972,2019,8,16,"CA","HUMAN_OBSERVATION","Angelica sylvestris"
"2579307793","Angelica sylvestris",-62.573475,46.00349,2019,8,15,"CA","HUMAN_OBSERVATION","Angelica sylvestris"
"2596268947","Angelica sylvestris",-60.163179,46.125968,2019,8,16,"CA","HUMAN_OBSERVATION","Angelica sylvestris"
"2573964111","Angelica sylvestris",-67.106616,45.940604,2019,8,17,"CA","HUMAN_OBSERVATION","Angelica sylvestris"
"2397505150","Angelica sylvestris",-66.639895,45.973579,2019,8,18,"CA","HUMAN_OBSERVATION","Angelica sylvestris"
"2366092467","Angelica sylvestris",-66.684714,45.986306,2019,8,18,"CA","HUMAN_OBSERVATION","Angelica sylvestris"
"2573978058","Angelica sylvestris",-66.684953,45.986287,2019,8,18,"CA","HUMAN_OBSERVATION","Angelica sylvestris"
"2596248975","Angelica sylvestris",-63.93246,44.506789,2019,8,19,"CA","HUMAN_OBSERVATION","Angelica sylvestris"
"2366103352","Angelica sylvestris",-66.63417,45.95888,2019,8,19,"CA","HUMAN_OBSERVATION","Angelica sylvestris"
"2573904099","Angelica sylvestris",-66.684585,45.986298,2019,8,18,"CA","HUMAN_OBSERVATION","Angelica sylvestris"
"2366103492","Angelica sylvestris",-66.684783,45.986313,2019,8,18,"CA","HUMAN_OBSERVATION","Angelica sylvestris"
"2573807109","Angelica sylvestris",-66.821817,45.966019,2019,8,18,"CA","HUMAN_OBSERVATION","Angelica sylvestris"
"2573808144","Angelica sylvestris",-66.629997,45.966389,2019,8,20,"CA","HUMAN_OBSERVATION","Angelica sylvestris"
"2444981476","Angelica sylvestris",-62.105535,46.379014,2019,8,20,"CA","HUMAN_OBSERVATION","Angelica sylvestris"
"2573900092","Angelica sylvestris",-66.6853,45.98704,2019,8,18,"CA","HUMAN_OBSERVATION","Angelica sylvestris"
"3759548388","Angelica sylvestris",-59.98502,45.892392,2019,8,20,"CA","HUMAN_OBSERVATION","Angelica sylvestris"
"2573838079","Angelica sylvestris",-66.640761,45.990514,2019,8,18,"CA","HUMAN_OBSERVATION","Angelica sylvestris"
"2397508796","Angelica sylvestris",-66.638283,45.97275,2019,8,21,"CA","HUMAN_OBSERVATION","Angelica sylvestris"
"2366135933","Angelica sylvestris",-66.664786,45.956444,2019,8,20,"CA","HUMAN_OBSERVATION","Angelica sylvestris"
"2366136071","Angelica sylvestris",-66.665444,45.956944,2019,8,20,"CA","HUMAN_OBSERVATION","Angelica sylvestris"
"2397508915","Angelica sylvestris",-60.192421,46.132269,2019,8,18,"CA","HUMAN_OBSERVATION","Angelica sylvestris"
"2366143232","Angelica sylvestris",-79.60805,43.516515,2019,8,19,"CA","HUMAN_OBSERVATION","Angelica sylvestris"
"2366147537","Angelica sylvestris",-66.272992,45.894882,2019,8,16,"CA","HUMAN_OBSERVATION","Angelica sylvestris"
"2596313071","Angelica sylvestris",-61.925114,45.827955,2019,8,22,"CA","HUMAN_OBSERVATION","Angelica sylvestris"
"2596058848","Angelica sylvestris",-63.933097,44.565358,2019,8,22,"CA","HUMAN_OBSERVATION","Angelica sylvestris"
"2366154237","Angelica sylvestris",-64.368775,45.906362,2019,8,21,"CA","HUMAN_OBSERVATION","Angelica sylvestris"
"2574078175","Angelica sylvestris",-66.273168,45.894865,2019,8,16,"CA","HUMAN_OBSERVATION","Angelica sylvestris"
"2573965087","Angelica sylvestris",-66.684915,45.986209,2019,8,18,"CA","HUMAN_OBSERVATION","Angelica sylvestris"
"2397525805","Angelica sylvestris",-62.42865,45.57468,2019,8,23,"CA","HUMAN_OBSERVATION","Angelica sylvestris"
"2445008494","Angelica sylvestris",-62.824401,46.158767,2019,8,25,"CA","HUMAN_OBSERVATION","Angelica sylvestris"
"2988507373","Angelica sylvestris",-66.088417,45.265241,2019,8,25,"CA","HUMAN_OBSERVATION","Angelica sylvestris"
"2850994425","Angelica sylvestris",-60.865705,45.649243,2019,8,25,"CA","HUMAN_OBSERVATION","Angelica sylvestris"
"2397596928","Angelica sylvestris",-66.08812,45.264553,2019,8,27,"CA","HUMAN_OBSERVATION","Angelica sylvestris"
"2397611110","Angelica sylvestris",-63.259822,45.370472,2019,8,27,"CA","HUMAN_OBSERVATION","Angelica sylvestris"
"2563459773","Angelica sylvestris",-66.060828,45.267467,2019,8,24,"CA","HUMAN_OBSERVATION","Angelica sylvestris"
"2563459761","Angelica sylvestris",-66.088106,45.258133,2019,8,24,"CA","HUMAN_OBSERVATION","Angelica sylvestris"
"2573905143","Angelica sylvestris",-64.669831,45.725922,2019,8,25,"CA","HUMAN_OBSERVATION","Angelica sylvestris"
"2574063203","Angelica sylvestris",-66.480511,45.850643,2019,8,30,"CA","HUMAN_OBSERVATION","Angelica sylvestris"
"2422909767","Angelica sylvestris",-66.82176,45.96608,2019,8,18,"CA","HUMAN_OBSERVATION","Angelica sylvestris"
"2422910800","Angelica sylvestris",-66.821769,45.966019,2019,8,18,"CA","HUMAN_OBSERVATION","Angelica sylvestris"
"3902044424","Angelica sylvestris",-63.912548,44.493648,2019,8,18,"CA","HUMAN_OBSERVATION","Angelica sylvestris"
"2573905169","Angelica sylvestris",-60.326483,45.705669,2019,8,8,"CA","HUMAN_OBSERVATION","Angelica sylvestris"
"2574125296","Angelica sylvestris",-61.412125,46.188174,2019,8,26,"CA","HUMAN_OBSERVATION","Angelica sylvestris"
"2984384335","Angelica sylvestris",-66.664397,45.956153,2019,8,20,"CA","HUMAN_OBSERVATION","Angelica sylvestris"
"2984515345","Angelica sylvestris",-66.631692,45.9425,2019,8,21,"CA","HUMAN_OBSERVATION","Angelica sylvestris"
"3067833769","Angelica sylvestris",-62.601386,45.470121,2019,8,26,"CA","HUMAN_OBSERVATION","Angelica sylvestris"
"3079646718","Angelica sylvestris",-63.597233,44.7212,2019,8,21,"CA","HUMAN_OBSERVATION","Angelica sylvestris"
"2550044328","Angelica sylvestris",-64.369569,45.909526,2019,8,15,"CA","HUMAN_OBSERVATION","Angelica sylvestris"
"2573900113","Angelica sylvestris",-61.076381,45.896481,2019,9,1,"CA","HUMAN_OBSERVATION","Angelica sylvestris"
"2574208225","Angelica sylvestris",-60.029594,45.97995,2019,9,4,"CA","HUMAN_OBSERVATION","Angelica sylvestris"
"2422919996","Angelica sylvestris",-60.089292,46.169367,2019,9,5,"CA","HUMAN_OBSERVATION","Angelica sylvestris"
"2573836196","Angelica sylvestris",-60.088493,46.169971,2019,9,5,"CA","HUMAN_OBSERVATION","Angelica sylvestris"
"2465125182","Angelica sylvestris",-66.566526,45.888739,2019,9,15,"CA","HUMAN_OBSERVATION","Angelica sylvestris"
"2984474343","Angelica sylvestris",-66.129625,45.224702,2019,9,18,"CA","HUMAN_OBSERVATION","Angelica sylvestris"
"4018123346","Angelica sylvestris",-79.606178,43.518269,2019,9,18,"CA","HUMAN_OBSERVATION","Angelica sylvestris"
"3039250436","Angelica sylvestris",-52.831183,47.278887,2019,9,22,"CA","HUMAN_OBSERVATION","Angelica sylvestris"
"2573917212","Angelica sylvestris",-60.239692,45.717155,2019,9,28,"CA","HUMAN_OBSERVATION","Angelica sylvestris"
"2573833203","Angelica sylvestris",-60.188034,46.167806,2019,9,11,"CA","HUMAN_OBSERVATION","Angelica sylvestris"
"2596043901","Angelica sylvestris",-60.090889,46.172951,2019,10,2,"CA","HUMAN_OBSERVATION","Angelica sylvestris"
"2465211359","Angelica sylvestris",-64.367858,45.902131,2019,10,10,"CA","HUMAN_OBSERVATION","Angelica sylvestris"
"3079686716","Angelica sylvestris",-66.563033,45.848567,2019,10,8,"CA","HUMAN_OBSERVATION","Angelica sylvestris"
"2465252678","Angelica sylvestris",-66.507396,45.868958,2019,10,19,"CA","HUMAN_OBSERVATION","Angelica sylvestris"
"2456567525","Angelica sylvestris",-60.091175,46.171928,2019,11,11,"CA","HUMAN_OBSERVATION","Angelica sylvestris"
"2574135357","Angelica sylvestris",-60.289342,46.076181,2019,11,13,"CA","HUMAN_OBSERVATION","Angelica sylvestris"
"2574125408","Angelica sylvestris",-60.289087,46.076206,2019,11,13,"CA","HUMAN_OBSERVATION","Angelica sylvestris"
"2573813348","Angelica sylvestris",-60.194683,46.144195,2019,11,18,"CA","HUMAN_OBSERVATION","Angelica sylvestris"
"2518107491","Angelica sylvestris",-60.196912,46.123433,2019,12,1,"CA","HUMAN_OBSERVATION","Angelica sylvestris"
"2573782690","Angelica sylvestris",-64.367452,45.902035,2018,6,12,"CA","HUMAN_OBSERVATION","Angelica sylvestris"
"2573783302","Angelica sylvestris",-66.662147,45.955011,2018,6,20,"CA","HUMAN_OBSERVATION","Angelica sylvestris"
"2573783789","Angelica sylvestris",-63.686722,44.77938,2018,6,26,"CA","HUMAN_OBSERVATION","Angelica sylvestris"
"2573784085","Angelica sylvestris",-63.478803,44.667702,2018,7,1,"CA","HUMAN_OBSERVATION","Angelica sylvestris"
"1880624028","Angelica sylvestris",-66.658064,45.97853,2018,7,2,"CA","HUMAN_OBSERVATION","Angelica sylvestris"
"2366009559","Angelica sylvestris",-60.193611,46.131943,2018,7,21,"CA","HUMAN_OBSERVATION","Angelica sylvestris"
"3881522305","Angelica sylvestris",-66.679499,45.953504,2018,7,22,"CA","HUMAN_OBSERVATION","Angelica sylvestris"
"2573786515","Angelica sylvestris",-60.679012,45.59217,2018,7,27,"CA","HUMAN_OBSERVATION","Angelica sylvestris"
"2573786496","Angelica sylvestris",-60.740288,45.598788,2018,7,27,"CA","HUMAN_OBSERVATION","Angelica sylvestris"
"2573786460","Angelica sylvestris",-60.757437,45.606228,2018,7,27,"CA","HUMAN_OBSERVATION","Angelica sylvestris"
"1914310997","Angelica sylvestris",-64.952222,45.594167,2018,7,23,"CA","HUMAN_OBSERVATION","Angelica sylvestris"
"1890700329","Angelica sylvestris",-66.088224,45.264812,2018,7,31,"CA","HUMAN_OBSERVATION","Angelica sylvestris"
"2573788098","Angelica sylvestris",-60.387444,46.01505,2018,7,29,"CA","HUMAN_OBSERVATION","Angelica sylvestris"
"2573788064","Angelica sylvestris",-60.387775,46.015464,2018,7,29,"CA","HUMAN_OBSERVATION","Angelica sylvestris"
"2573788171","Angelica sylvestris",-60.474542,45.979111,2018,7,28,"CA","HUMAN_OBSERVATION","Angelica sylvestris"
"2573788293","Angelica sylvestris",-60.433171,45.976791,2018,7,23,"CA","HUMAN_OBSERVATION","Angelica sylvestris"
"2573786772","Angelica sylvestris",-63.918183,44.492428,2018,8,1,"CA","HUMAN_OBSERVATION","Angelica sylvestris"
"1891312746","Angelica sylvestris",-59.83729,46.007024,2018,8,11,"CA","HUMAN_OBSERVATION","Angelica sylvestris"
"2573787975","Angelica sylvestris",-64.760292,44.066953,2018,8,6,"CA","HUMAN_OBSERVATION","Angelica sylvestris"
"3079768460","Angelica sylvestris",-64.368058,45.902187,2018,8,17,"CA","HUMAN_OBSERVATION","Angelica sylvestris"
"1898811798","Angelica sylvestris",-79.60503,43.519313,2018,8,15,"CA","HUMAN_OBSERVATION","Angelica sylvestris"
"2012948224","Angelica sylvestris",-62.773398,46.29763,2018,8,25,"CA","HUMAN_OBSERVATION","Angelica sylvestris"
"1986507096","Angelica sylvestris",-79.600766,43.535321,2018,8,26,"CA","HUMAN_OBSERVATION","Angelica sylvestris"
"1986524581","Angelica sylvestris",-79.675759,43.561386,2018,8,28,"CA","HUMAN_OBSERVATION","Angelica sylvestris"
"1993741901","Angelica sylvestris",-80.365853,43.400801,2018,8,15,"CA","HUMAN_OBSERVATION","Angelica sylvestris"
"1913175567","Angelica sylvestris",-59.988875,45.893413,2018,9,8,"CA","HUMAN_OBSERVATION","Angelica sylvestris"
"2366010558","Angelica sylvestris",-60.414165,46.654446,2018,9,12,"CA","HUMAN_OBSERVATION","Angelica sylvestris"
"1914318714","Angelica sylvestris",-66.718142,45.96753,2018,9,23,"CA","HUMAN_OBSERVATION","Angelica sylvestris"
"1914345308","Angelica sylvestris",-66.953217,46.012885,2018,9,29,"CA","HUMAN_OBSERVATION","Angelica sylvestris"
"1978865841","Angelica sylvestris",-78.811379,43.87488,2018,9,4,"CA","HUMAN_OBSERVATION","Angelica sylvestris"
"1990633857","Angelica sylvestris",-60.607807,45.715709,2018,9,21,"CA","HUMAN_OBSERVATION","Angelica sylvestris"
"2597877877","Angelica sylvestris",-62.591706,46.359289,2018,9,5,"CA","HUMAN_OBSERVATION","Angelica sylvestris"
"2597732881","Angelica sylvestris",-62.749646,45.966434,2018,9,14,"CA","HUMAN_OBSERVATION","Angelica sylvestris"
"2641328868","Angelica sylvestris",-62.749444,45.966501,2018,9,14,"CA","HUMAN_OBSERVATION","Angelica sylvestris"
"1935584112","Angelica sylvestris",-66.678594,45.952789,2018,10,21,"CA","HUMAN_OBSERVATION","Angelica sylvestris"
"2366011642","Angelica sylvestris",-59.925676,46.005604,2018,11,8,"CA","HUMAN_OBSERVATION","Angelica sylvestris"
"2573797027","Angelica sylvestris",-66.718103,45.967529,2018,12,30,"CA","HUMAN_OBSERVATION","Angelica sylvestris"
"1571195845","Angelica sylvestris",-64.957352,45.592855,2017,6,10,"CA","HUMAN_OBSERVATION","Angelica sylvestris"
"2573917677","Angelica sylvestris",-60.031444,46.046206,2017,7,1,"CA","HUMAN_OBSERVATION","Angelica sylvestris"
"2573823680","Angelica sylvestris",-63.476603,44.664388,2017,7,26,"CA","HUMAN_OBSERVATION","Angelica sylvestris"
"2574076770","Angelica sylvestris",-60.095167,46.169243,2017,8,4,"CA","HUMAN_OBSERVATION","Angelica sylvestris"
"1848815945","Angelica sylvestris",-66.051842,45.284557,2017,8,19,"CA","HUMAN_OBSERVATION","Angelica sylvestris"
"1920850868","Angelica sylvestris",-62.59312,46.163708,2017,8,19,"CA","HUMAN_OBSERVATION","Angelica sylvestris"
"1837099729","Angelica sylvestris",-61.010687,45.537119,2017,8,6,"CA","HUMAN_OBSERVATION","Angelica sylvestris"
"1805375075","Angelica sylvestris",-61.010687,45.537119,2017,8,6,"CA","HUMAN_OBSERVATION","Angelica sylvestris"
"1640086955","Angelica sylvestris",-66.585,45.968889,2017,9,2,"CA","HUMAN_OBSERVATION","Angelica sylvestris"
"1836690199","Angelica sylvestris",-66.657222,45.975,2017,9,4,"CA","HUMAN_OBSERVATION","Angelica sylvestris"
"1640108683","Angelica sylvestris",-66.854721,45.793335,2017,9,8,"CA","HUMAN_OBSERVATION","Angelica sylvestris"
"1805371649","Angelica sylvestris",-67.132225,45.159168,2017,9,8,"CA","HUMAN_OBSERVATION","Angelica sylvestris"
"1703178729","Angelica sylvestris",-66.632704,45.956265,2017,11,18,"CA","HUMAN_OBSERVATION","Angelica sylvestris"
"1703194751","Angelica sylvestris",-66.632509,45.95542,2017,11,18,"CA","HUMAN_OBSERVATION","Angelica sylvestris"
"1802646782","Angelica sylvestris",-66.633151,45.947095,2017,11,25,"CA","HUMAN_OBSERVATION","Angelica sylvestris"
"2609146578","Angelica sylvestris",-66.600525,45.923611,2016,7,29,"CA","HUMAN_OBSERVATION","Angelica sylvestris"
"1453100614","Angelica sylvestris",-66.077421,45.269449,2016,8,5,"CA","HUMAN_OBSERVATION","Angelica sylvestris"
"1453104174","Angelica sylvestris",-66.665457,45.958605,2016,8,16,"CA","HUMAN_OBSERVATION","Angelica sylvestris"
"1806328123","Angelica sylvestris",-61.604187,45.624195,2016,8,23,"CA","HUMAN_OBSERVATION","Angelica sylvestris"
"1265533715","Angelica sylvestris",-60.164494,46.1261,2015,8,7,"CA","HUMAN_OBSERVATION","Angelica sylvestris"
"2626124328","Angelica sylvestris",-81.169277,42.968294,2015,8,15,"CA","HUMAN_OBSERVATION","Angelica sylvestris"
"4018201311","Angelica sylvestris",-80.457284,43.945365,2014,7,5,"CA","HUMAN_OBSERVATION","Angelica sylvestris"
"2595991069","Angelica sylvestris",-59.985092,45.890719,2014,8,17,"CA","HUMAN_OBSERVATION","Angelica sylvestris"
"3988496659","Angelica sylvestris",-72.436329,46.371227,2013,9,7,"CA","HUMAN_OBSERVATION","Angelica sylvestris"
"1847434090","Angelica sylvestris",-60.651323,46.144923,2012,7,26,"CA","HUMAN_OBSERVATION","Angelica sylvestris"
"668743522","Angelica sylvestris",-72.006667,45.775,2011,7,7,"CA","PRESERVED_SPECIMEN","Angelica sylvestris"
"3041586342","Angelica sylvestris",-72.007542,45.778824,2011,9,11,"CA","PRESERVED_SPECIMEN","Angelica sylvestris"
"2573781331","Angelica sylvestris",-59.985396,45.89227,2010,8,14,"CA","HUMAN_OBSERVATION","Angelica sylvestris"
"4067212639","Angelica sylvestris",-64.304909,44.518916,2010,8,21,"CA","HUMAN_OBSERVATION","Angelica sylvestris"
"668743516","Angelica sylvestris",-70.180556,47.310278,2010,8,11,"CA","PRESERVED_SPECIMEN","Angelica sylvestris"
"668743515","Angelica sylvestris",-70.180556,47.310278,2010,8,9,"CA","PRESERVED_SPECIMEN","Angelica sylvestris"
"668743514","Angelica sylvestris",-70.180556,47.310278,2010,8,9,"CA","PRESERVED_SPECIMEN","Angelica sylvestris"
"668743513","Angelica sylvestris",-70.180556,47.310278,2010,8,10,"CA","PRESERVED_SPECIMEN","Angelica sylvestris"
"473418027","Angelica sylvestris",-72.016667,45.783333,2010,9,23,"CA","PRESERVED_SPECIMEN","Angelica sylvestris"
"473418032","Angelica sylvestris",-70.180556,47.310278,2010,9,18,"CA","PRESERVED_SPECIMEN","Angelica sylvestris"
"668743518","Angelica sylvestris",-70.180556,47.310278,2010,9,18,"CA","PRESERVED_SPECIMEN","Angelica sylvestris"
"668743519","Angelica sylvestris",-72.083333,45.666667,2010,9,23,"CA","PRESERVED_SPECIMEN","Angelica sylvestris"
"668743517","Angelica sylvestris",-70.180556,47.310278,2010,9,18,"CA","PRESERVED_SPECIMEN","Angelica sylvestris"
"668743521","Angelica sylvestris",-72.016667,45.783333,2010,9,23,"CA","PRESERVED_SPECIMEN","Angelica sylvestris"
"668743520","Angelica sylvestris",-72.016667,45.783333,2010,9,23,"CA","PRESERVED_SPECIMEN","Angelica sylvestris"
"686194939","Angelica sylvestris",-61.32556,46.04333,2009,7,14,"CA","PRESERVED_SPECIMEN","Angelica sylvestris"
"1265532047","Angelica sylvestris",-63.91792,44.492464,2009,8,12,"CA","HUMAN_OBSERVATION","Angelica sylvestris"
"1265532986","Angelica sylvestris",-63.436775,44.659953,2009,8,11,"CA","HUMAN_OBSERVATION","Angelica sylvestris"
"1265534249","Angelica sylvestris",-63.91792,44.492464,2009,8,12,"CA","HUMAN_OBSERVATION","Angelica sylvestris"
"3384342305","Angelica sylvestris",-63.932383,44.505228,2009,8,12,"CA","HUMAN_OBSERVATION","Angelica sylvestris"
"686194962","Angelica sylvestris",-61.01639,44.98944,2009,8,15,"CA","PRESERVED_SPECIMEN","Angelica sylvestris"
"3068024476","Angelica sylvestris",-59.975924,45.893994,2008,8,11,"CA","HUMAN_OBSERVATION","Angelica sylvestris"
"3070293353","Angelica sylvestris",-75.636191,45.30977,2007,10,14,"CA","HUMAN_OBSERVATION","Angelica sylvestris"
"465761199","Angelica sylvestris",-60.73729,45.59734,2002,9,1,"CA","PRESERVED_SPECIMEN","Angelica sylvestris"
"4018273481","Angelica sylvestris",-75.630201,45.317611,1998,9,10,"CA","HUMAN_OBSERVATION","Angelica sylvestris"
"1804539744","Angelica sylvestris",-60.2333,45.7333,1984,8,18,"CA","PRESERVED_SPECIMEN","Angelica sylvestris"
"668743512","Angelica sylvestris",-72.016667,45.783333,1975,7,31,"CA","PRESERVED_SPECIMEN","Angelica sylvestris"
"2827057093","Angelica sylvestris",-55.528333,51.600556,1974,8,NA,"CA","PRESERVED_SPECIMEN","Angelica sylvestris"
"2827054443","Angelica sylvestris",-55.528333,51.600556,1974,8,NA,"CA","PRESERVED_SPECIMEN","Angelica sylvestris"
"2827059012","Angelica sylvestris",-55.528333,51.600556,1974,8,NA,"CA","PRESERVED_SPECIMEN","Angelica sylvestris"
"2827057668","Angelica sylvestris",-55.528333,51.600556,1974,8,NA,"CA","PRESERVED_SPECIMEN","Angelica sylvestris"
"668743511","Angelica sylvestris",-70.183333,47.316667,1968,8,12,"CA","PRESERVED_SPECIMEN","Angelica sylvestris"
"465761197","Angelica sylvestris",-60.19032,46.1302,1951,8,19,"CA","PRESERVED_SPECIMEN","Angelica sylvestris"
"465761193","Angelica sylvestris",-59.97093,45.92275,1949,8,7,"CA","PRESERVED_SPECIMEN","Angelica sylvestris"
"465761195","Angelica sylvestris",-59.97093,45.92275,1949,8,7,"CA","PRESERVED_SPECIMEN","Angelica sylvestris"
"2250593028","Angelica sylvestris",-60.1375,45.8372,1933,11,12,"CA","MATERIAL_SAMPLE","Angelica sylvestris"
"3987223468","Angelica sylvestris",-60.14,45.84,1933,11,12,"CA","PRESERVED_SPECIMEN","Angelica sylvestris"
