"gbifID","species","longitude","latitude","year","month","day","countryCode","basisOfRecord","accepted_name"
"3949882059","Betula pubescens",-119.571596,49.592207,2022,5,3,"CA","HUMAN_OBSERVATION","Betula pubescens"
"3949855187","Betula pubescens",-123.193709,49.124882,2022,5,29,"CA","HUMAN_OBSERVATION","Betula pubescens"
"3925155584","Betula pubescens",-123.098343,49.173654,2022,8,21,"CA","HUMAN_OBSERVATION","Betula pubescens"
"3949106225","Betula pubescens",-123.039615,49.215638,2021,4,17,"CA","HUMAN_OBSERVATION","Betula pubescens"
"3949785317","Betula pubescens",-123.214823,49.266468,2021,7,22,"CA","HUMAN_OBSERVATION","Betula pubescens"
"3456626689","Betula pubescens",-123.138987,49.305064,2021,10,21,"CA","HUMAN_OBSERVATION","Betula pubescens"
"1988237049","Betula pubescens",-122.970833,49.202778,2013,4,23,"CA","PRESERVED_SPECIMEN","Betula pubescens"
"1988141441","Betula pubescens",-123.001944,49.204167,2012,8,22,"CA","PRESERVED_SPECIMEN","Betula pubescens"
"1986726258","Betula pubescens",-73.595833,45.106111,2011,10,2,"CA","PRESERVED_SPECIMEN","Betula pubescens"
"1899339199","Betula pubescens",-84.892389,54.511278,2010,7,5,"CA","PRESERVED_SPECIMEN","Betula pubescens"
"1988149958","Betula pubescens",-123.066667,49.156111,2010,8,25,"CA","PRESERVED_SPECIMEN","Betula pubescens"
"3348372835","Betula pubescens",-123.07,49.16,2010,8,25,"CA","PRESERVED_SPECIMEN","Betula pubescens"
"2251589014","Betula pubescens",-123.067,49.156,2010,8,25,"CA","MATERIAL_SAMPLE","Betula pubescens"
"1988075125","Betula pubescens",-122.988889,49.198056,2009,11,3,"CA","PRESERVED_SPECIMEN","Betula pubescens"
"1988081889","Betula pubescens",-122.956389,49.1125,2000,5,1,"CA","PRESERVED_SPECIMEN","Betula pubescens"
"1988101664","Betula pubescens",-123,49,1994,9,26,"CA","PRESERVED_SPECIMEN","Betula pubescens"
"1988084324","Betula pubescens",-123,49,1989,5,21,"CA","PRESERVED_SPECIMEN","Betula pubescens"
"1899287088","Betula pubescens",-75.768056,45.366667,1983,7,26,"CA","PRESERVED_SPECIMEN","Betula pubescens"
"1899298153","Betula pubescens",-77.916667,45.020833,1980,8,5,"CA","PRESERVED_SPECIMEN","Betula pubescens"
"1248701680","Betula pubescens",-74.833333,52.316667,1978,7,21,"CA","PRESERVED_SPECIMEN","Betula pubescens"
"668751792","Betula pubescens",-63.823889,50.304167,1976,7,30,"CA","PRESERVED_SPECIMEN","Betula pubescens"
"1261996358","Betula pubescens",-74.283333,53.7,1973,7,31,"CA","PRESERVED_SPECIMEN","Betula pubescens"
"473578475","Betula pubescens",-57.933333,49.7,1972,6,26,"CA","PRESERVED_SPECIMEN","Betula pubescens"
"1949506603","Betula pubescens",-123.55,48.466667,1970,4,22,"CA","PRESERVED_SPECIMEN","Betula pubescens"
"1949506476","Betula pubescens",-123.55,48.466667,1970,9,15,"CA","PRESERVED_SPECIMEN","Betula pubescens"
"668751791","Betula pubescens",-61.466667,47.616667,1968,8,15,"CA","PRESERVED_SPECIMEN","Betula pubescens"
"668751794","Betula pubescens",-68.758611,48.901389,1967,8,30,"CA","PRESERVED_SPECIMEN","Betula pubescens"
"465926376","Betula pubescens",-57.568306,51.550299,1966,7,29,"CA","PRESERVED_SPECIMEN","Betula pubescens"
"668751785","Betula pubescens",-63.433333,49.616667,1964,8,20,"CA","PRESERVED_SPECIMEN","Betula pubescens"
"668751786","Betula pubescens",-63.433333,49.616667,1964,8,20,"CA","PRESERVED_SPECIMEN","Betula pubescens"
"473304418","Betula pubescens",-59.8,54.791667,1963,8,8,"CA","PRESERVED_SPECIMEN","Betula pubescens"
"473304943","Betula pubescens",-64.95,52.683333,1963,8,13,"CA","PRESERVED_SPECIMEN","Betula pubescens"
"473305020","Betula pubescens",-66.958333,52.959722,1963,8,15,"CA","PRESERVED_SPECIMEN","Betula pubescens"
"473305053","Betula pubescens",-66.95,52.973611,1963,8,15,"CA","PRESERVED_SPECIMEN","Betula pubescens"
"473305226","Betula pubescens",-60.216667,55.466667,1963,8,NA,"CA","PRESERVED_SPECIMEN","Betula pubescens"
"473305905","Betula pubescens",-58.95,53.016667,1963,8,24,"CA","PRESERVED_SPECIMEN","Betula pubescens"
"668751787","Betula pubescens",-63.593611,49.476111,1961,6,14,"CA","PRESERVED_SPECIMEN","Betula pubescens"
"668751788","Betula pubescens",-63.593611,49.476111,1961,6,13,"CA","PRESERVED_SPECIMEN","Betula pubescens"
"668751789","Betula pubescens",-63.593611,49.476111,1961,6,14,"CA","PRESERVED_SPECIMEN","Betula pubescens"
"465926373","Betula pubescens",-63.788889,46.395833,1960,8,24,"CA","PRESERVED_SPECIMEN","Betula pubescens"
"2859108976","Betula pubescens",-78.75,51.483333,1955,8,22,"CA","PRESERVED_SPECIMEN","Betula pubescens"
"1930568365","Betula pubescens",-60.42,53.3,1950,5,31,"CA","PRESERVED_SPECIMEN","Betula pubescens"
"731496468","Betula pubescens",-60.41667,53.3,1950,5,31,"CA","PRESERVED_SPECIMEN","Betula pubescens"
"731496469","Betula pubescens",-60.37137,53.30084,1950,5,31,"CA","PRESERVED_SPECIMEN","Betula pubescens"
"2397747421","Betula pubescens",-60.42,53.3,1950,5,31,"CA","PRESERVED_SPECIMEN","Betula pubescens"
"1929803583","Betula pubescens",-60.35,53.3,1950,6,9,"CA","PRESERVED_SPECIMEN","Betula pubescens"
"2397779526","Betula pubescens",-60.35,53.3,1950,6,9,"CA","PRESERVED_SPECIMEN","Betula pubescens"
"1928784031","Betula pubescens",-60.5,53.28,1950,7,7,"CA","PRESERVED_SPECIMEN","Betula pubescens"
"731389382","Betula pubescens",-60.5,53.28333,1950,7,7,"CA","PRESERVED_SPECIMEN","Betula pubescens"
"2397756604","Betula pubescens",-60.5,53.28,1950,7,7,"CA","PRESERVED_SPECIMEN","Betula pubescens"
"1929357825","Betula pubescens",-60.42,53.3,1950,8,23,"CA","PRESERVED_SPECIMEN","Betula pubescens"
"2397756797","Betula pubescens",-60.42,53.3,1950,8,23,"CA","PRESERVED_SPECIMEN","Betula pubescens"
"1927776424","Betula pubescens",-70.58,52.33,1949,8,11,"CA","PRESERVED_SPECIMEN","Betula pubescens"
"2397797923","Betula pubescens",-70.58,52.33,1949,8,2,"CA","PRESERVED_SPECIMEN","Betula pubescens"
"1988162335","Betula pubescens",-123.1,49.166667,1949,9,15,"CA","PRESERVED_SPECIMEN","Betula pubescens"
"2397715426","Betula pubescens",-60.42,53.3,1948,6,6,"CA","PRESERVED_SPECIMEN","Betula pubescens"
"2397718672","Betula pubescens",-62.333,56.842,1947,7,26,"CA","PRESERVED_SPECIMEN","Betula pubescens"
"2397789230","Betula pubescens",-62.333,56.767,1947,8,6,"CA","PRESERVED_SPECIMEN","Betula pubescens"
"1928003340","Betula pubescens",-72.8764,54.2369,1944,7,29,"CA","PRESERVED_SPECIMEN","Betula pubescens"
"2397745865","Betula pubescens",-72.8764,51.2369,1944,7,29,"CA","PRESERVED_SPECIMEN","Betula pubescens"
"668751795","Betula pubescens",-63.152222,50.217778,1926,7,22,"CA","PRESERVED_SPECIMEN","Betula pubescens"
"668751790","Betula pubescens",-62.924722,49.706389,1925,7,25,"CA","PRESERVED_SPECIMEN","Betula pubescens"
"668751793","Betula pubescens",-63.331667,50.200833,1924,7,17,"CA","PRESERVED_SPECIMEN","Betula pubescens"
"465926378","Betula pubescens",-75.71114,45.427944,1920,5,8,"CA","PRESERVED_SPECIMEN","Betula pubescens"
"4507468463","Betula pubescens",-63.7825,45.4,1865,NA,NA,"CA","PRESERVED_SPECIMEN","Betula pubescens"
"1930235154","Betula pubescens",-60.5,53.28,NA,NA,NA,"CA","PRESERVED_SPECIMEN","Betula pubescens"
"1930243538","Betula pubescens",-60.42,53.3,NA,NA,NA,"CA","PRESERVED_SPECIMEN","Betula pubescens"
"3949888526","Betula pubescens",-72.510307,42.139245,2022,5,6,"US","HUMAN_OBSERVATION","Betula pubescens"
"3949621365","Betula pubescens",-72.569702,42.221255,2022,6,8,"US","HUMAN_OBSERVATION","Betula pubescens"
"3949058796","Betula pubescens",-70.409951,43.887853,2022,7,15,"US","HUMAN_OBSERVATION","Betula pubescens"
"3949923974","Betula pubescens",-70.410231,43.887874,2022,7,22,"US","HUMAN_OBSERVATION","Betula pubescens"
"3997791890","Betula pubescens",-84.032555,39.220615,2022,8,31,"US","HUMAN_OBSERVATION","Betula pubescens"
"3997857765","Betula pubescens",-72.356972,42.060011,2022,9,27,"US","HUMAN_OBSERVATION","Betula pubescens"
"3997867663","Betula pubescens",-70.2751,44.052616,2022,10,20,"US","HUMAN_OBSERVATION","Betula pubescens"
"3949071347","Betula pubescens",-72.796539,43.648069,2021,2,14,"US","HUMAN_OBSERVATION","Betula pubescens"
"3949357496","Betula pubescens",-72.205646,43.810117,2021,11,10,"US","HUMAN_OBSERVATION","Betula pubescens"
"2974280481","Betula pubescens",-81.883933,41.016357,2020,4,6,"US","HUMAN_OBSERVATION","Betula pubescens"
"2974289002","Betula pubescens",-75.199711,40.049469,2020,4,19,"US","HUMAN_OBSERVATION","Betula pubescens"
"2974376715","Betula pubescens",-72.576179,42.380772,2020,7,1,"US","HUMAN_OBSERVATION","Betula pubescens"
"4092677056","Betula pubescens",-79.330475,39.130198,2018,8,9,"US","PRESERVED_SPECIMEN","Betula pubescens"
"4069796144","Betula pubescens",-122.2964,47.6462,2014,4,7,"US","PRESERVED_SPECIMEN","Betula pubescens"
"2418035105","Betula pubescens",-121.801389,39.750833,2012,5,10,"US","PRESERVED_SPECIMEN","Betula pubescens"
"441703875","Betula pubescens",-122.291667,47.645,2010,7,5,"US","PRESERVED_SPECIMEN","Betula pubescens"
"1258088875","Betula pubescens",-70.105,43.8594,2010,8,5,"US","PRESERVED_SPECIMEN","Betula pubescens"
"4061137655","Betula pubescens",-74.2063,43.4768,2010,8,8,"US","PRESERVED_SPECIMEN","Betula pubescens"
"3308754776","Betula pubescens",-72.08583,42.11278,2008,7,9,"US","PRESERVED_SPECIMEN","Betula pubescens"
"1928685772","Betula pubescens",-113.613278,37.095736,2006,4,18,"US","PRESERVED_SPECIMEN","Betula pubescens"
"3308139232","Betula pubescens",-73.2903,41.60139,2006,5,7,"US","PRESERVED_SPECIMEN","Betula pubescens"
"3331195153","Betula pubescens",-76.350848,39.999569,2006,9,11,"US","PRESERVED_SPECIMEN","Betula pubescens"
"4064841528","Betula pubescens",-75.398789,40.203756,2004,10,18,"US","PRESERVED_SPECIMEN","Betula pubescens"
"3820665497","Betula pubescens",-122.6294,45.4811,2000,7,26,"US","PRESERVED_SPECIMEN","Betula pubescens"
"3820661800","Betula pubescens",-122.6294,45.4811,2000,7,26,"US","PRESERVED_SPECIMEN","Betula pubescens"
"4069740770","Betula pubescens",-124.034915,46.347433,1999,8,31,"US","PRESERVED_SPECIMEN","Betula pubescens"
"4061502488","Betula pubescens",-122.58333,47.66666,1998,12,9,"US","PRESERVED_SPECIMEN","Betula pubescens"
"4060948530","Betula pubescens",-122.58333,47.66666,1998,12,9,"US","PRESERVED_SPECIMEN","Betula pubescens"
"2859367182","Betula pubescens",-79.3497,41.25453,1994,5,22,"US","PRESERVED_SPECIMEN","Betula pubescens"
"1928577485","Betula pubescens",-73.88,40.85,1994,8,10,"US","PRESERVED_SPECIMEN","Betula pubescens"
"1930474675","Betula pubescens",-73.88,40.85,1994,8,10,"US","PRESERVED_SPECIMEN","Betula pubescens"
"1038988180","Betula pubescens",-72.6153,41.7636,1991,7,19,"US","PRESERVED_SPECIMEN","Betula pubescens"
"1894895111","Betula pubescens",-75.158333,40.091667,1987,11,27,"US","PRESERVED_SPECIMEN","Betula pubescens"
"3308538245","Betula pubescens",-79.417,39.283,1984,6,29,"US","PRESERVED_SPECIMEN","Betula pubescens"
"606652547","Betula pubescens",-72.82388,41.45666,1983,4,25,"US","PRESERVED_SPECIMEN","Betula pubescens"
"2859108798","Betula pubescens",-80.01674,40.60238,1982,8,13,"US","PRESERVED_SPECIMEN","Betula pubescens"
"1038995640","Betula pubescens",-72.920823,41.305111,1979,12,10,"US","PRESERVED_SPECIMEN","Betula pubescens"
"415898165","Betula pubescens",-73.42277,41.985,1975,11,24,"US","PRESERVED_SPECIMEN","Betula pubescens"
"859259591","Betula pubescens",-96.18166,38.4039,1972,9,28,"US","PRESERVED_SPECIMEN","Betula pubescens"
"2413155504","Betula pubescens",-118.135703,33.853627,1970,12,1,"US","PRESERVED_SPECIMEN","Betula pubescens"
"859259559","Betula pubescens",-95.53222,46.48833,1969,8,8,"US","PRESERVED_SPECIMEN","Betula pubescens"
"3744542725","Betula pubescens",-111.980261,41.203415,1966,5,23,"US","PRESERVED_SPECIMEN","Betula pubescens"
"2575155033","Betula pubescens",-84.73,39.51,1962,9,25,"US","PRESERVED_SPECIMEN","Betula pubescens"
"415898166","Betula pubescens",-72.64666,41.99194,1960,4,28,"US","PRESERVED_SPECIMEN","Betula pubescens"
"415898164","Betula pubescens",-72.64666,41.99194,1960,7,7,"US","PRESERVED_SPECIMEN","Betula pubescens"
"3865124963","Betula pubescens",-75.017845,40.135759,1946,4,28,"US","PRESERVED_SPECIMEN","Betula pubescens"
"3865123912","Betula pubescens",-75.017845,40.135759,1946,4,28,"US","PRESERVED_SPECIMEN","Betula pubescens"
"2430109023","Betula pubescens",-117.14682,32.73125,1945,5,NA,"US","PRESERVED_SPECIMEN","Betula pubescens"
"4095542710","Betula pubescens",-91.690108,41.998471,1939,5,1,"US","PRESERVED_SPECIMEN","Betula pubescens"
"4073757283","Betula pubescens",-112.458458,42.890807,1937,5,27,"US","PRESERVED_SPECIMEN","Betula pubescens"
"415898167","Betula pubescens",-77.97777,43.09027,1937,7,NA,"US","PRESERVED_SPECIMEN","Betula pubescens"
"2859403692","Betula pubescens",-80.156818,42.10976,1935,8,15,"US","PRESERVED_SPECIMEN","Betula pubescens"
"415898163","Betula pubescens",-72.10861,41.3825,1932,6,18,"US","PRESERVED_SPECIMEN","Betula pubescens"
"4507468464","Betula pubescens",-91.289134,43.005539,1930,8,10,"US","PRESERVED_SPECIMEN","Betula pubescens"
"4507468465","Betula pubescens",-91.771168,43.486204,1929,5,8,"US","PRESERVED_SPECIMEN","Betula pubescens"
"4510643971","Betula pubescens",-94.211364,46.986344,1925,8,17,"US","PRESERVED_SPECIMEN","Betula pubescens"
"2859368006","Betula pubescens",-72.81429,44.543663,1922,6,21,"US","PRESERVED_SPECIMEN","Betula pubescens"
"1929497201","Betula pubescens",-75.415239,43.267752,1922,7,18,"US","PRESERVED_SPECIMEN","Betula pubescens"
"2859107834","Betula pubescens",-75.480048,40.262618,1922,9,20,"US","PRESERVED_SPECIMEN","Betula pubescens"
"2242397939","Betula pubescens",-104.992707,39.731051,1922,9,16,"US","PRESERVED_SPECIMEN","Betula pubescens"
"2265512083","Betula pubescens",-91.312564,43.543897,1920,6,25,"US","PRESERVED_SPECIMEN","Betula pubescens"
"3416702642","Betula pubescens",-84.429108,39.111727,1917,5,6,"US","PRESERVED_SPECIMEN","Betula pubescens"
"3416702627","Betula pubescens",-84.43383,39.142004,1917,6,8,"US","PRESERVED_SPECIMEN","Betula pubescens"
"3416702629","Betula pubescens",-84.43383,39.142004,1917,6,8,"US","PRESERVED_SPECIMEN","Betula pubescens"
"2265484493","Betula pubescens",-91.312564,43.543897,1916,7,11,"US","PRESERVED_SPECIMEN","Betula pubescens"
"2859120043","Betula pubescens",-69.528158,45.843733,1911,8,12,"US","PRESERVED_SPECIMEN","Betula pubescens"
"415912348","Betula pubescens",-72.61194,41.78222,1908,5,7,"US","PRESERVED_SPECIMEN","Betula pubescens"
"4404898248","Betula pubescens",-119.819725,39.521603,1906,9,24,"US","PRESERVED_SPECIMEN","Betula pubescens"
"2438314523","Betula pubescens",-91.783333,43.983333,1899,4,NA,"US","PRESERVED_SPECIMEN","Betula pubescens"
"1320295562","Betula pubescens",-77.0433,38.9094,1896,4,20,"US","PRESERVED_SPECIMEN","Betula pubescens"
"1317303463","Betula pubescens",-77.0306,38.8892,1895,4,10,"US","PRESERVED_SPECIMEN","Betula pubescens"
"1317316247","Betula pubescens",-77.0367,38.895,1894,4,NA,"US","PRESERVED_SPECIMEN","Betula pubescens"
"1317488520","Betula pubescens",-77.0306,38.8892,1894,4,10,"US","PRESERVED_SPECIMEN","Betula pubescens"
"1319323701","Betula pubescens",-77.0306,38.8892,1894,4,19,"US","PRESERVED_SPECIMEN","Betula pubescens"
"1319787616","Betula pubescens",-77.0306,38.8892,1894,4,19,"US","PRESERVED_SPECIMEN","Betula pubescens"
"1319895271","Betula pubescens",-77.0306,38.8892,1894,4,19,"US","PRESERVED_SPECIMEN","Betula pubescens"
"1320047505","Betula pubescens",-77.0306,38.8892,1892,4,26,"US","PRESERVED_SPECIMEN","Betula pubescens"
"1320591374","Betula pubescens",-77.0306,38.8892,1892,4,26,"US","PRESERVED_SPECIMEN","Betula pubescens"
"4507467697","Betula pubescens",-72.595872,41.667071,1891,5,19,"US","PRESERVED_SPECIMEN","Betula pubescens"
"1318964722","Betula pubescens",-77.0306,38.8892,1889,4,20,"US","PRESERVED_SPECIMEN","Betula pubescens"
"1321402219","Betula pubescens",-77.0306,38.8892,1889,4,20,"US","PRESERVED_SPECIMEN","Betula pubescens"
"1322576881","Betula pubescens",-77.0306,38.8892,1889,4,15,"US","PRESERVED_SPECIMEN","Betula pubescens"
"1927781585","Betula pubescens",-73.921807,40.959691,1889,5,25,"US","PRESERVED_SPECIMEN","Betula pubescens"
"4507467698","Betula pubescens",-72.595872,41.667071,1889,5,30,"US","PRESERVED_SPECIMEN","Betula pubescens"
"1317790019","Betula pubescens",-77.0306,38.8892,1888,7,31,"US","PRESERVED_SPECIMEN","Betula pubescens"
"1320209169","Betula pubescens",-77.0306,38.8892,1888,7,31,"US","PRESERVED_SPECIMEN","Betula pubescens"
"1321822877","Betula pubescens",-77.0306,38.8892,1888,7,31,"US","PRESERVED_SPECIMEN","Betula pubescens"
"1322779361","Betula pubescens",-77.0306,38.8892,1888,7,31,"US","PRESERVED_SPECIMEN","Betula pubescens"
"1322955582","Betula pubescens",-77.0306,38.8892,1888,7,31,"US","PRESERVED_SPECIMEN","Betula pubescens"
"1930318020","Betula pubescens",-72.07591,41.524265,1885,7,11,"US","PRESERVED_SPECIMEN","Betula pubescens"
"1930536881","Betula pubescens",-74.067008,40.829273,1883,5,19,"US","PRESERVED_SPECIMEN","Betula pubescens"
"1319448812","Betula pubescens",-77.0264,38.8897,1876,4,27,"US","PRESERVED_SPECIMEN","Betula pubescens"
"1930356222","Betula pubescens",-73.678242,41.961381,1875,NA,NA,"US","PRESERVED_SPECIMEN","Betula pubescens"
"1929911161","Betula pubescens",-74.249866,42.250364,1868,7,NA,"US","PRESERVED_SPECIMEN","Betula pubescens"
"1930908771","Betula pubescens",-71.105608,42.375097,1833,NA,NA,"US","PRESERVED_SPECIMEN","Betula pubescens"
"2438646803","Betula pubescens",-71.15,42.383333,1815,5,NA,"US","PRESERVED_SPECIMEN","Betula pubescens"
"1929378616","Betula pubescens",-76.478551,42.439517,NA,NA,NA,"US","PRESERVED_SPECIMEN","Betula pubescens"
"1929389833","Betula pubescens",-70.867915,42.638916,NA,NA,NA,"US","PRESERVED_SPECIMEN","Betula pubescens"
"1990209119","Betula pubescens",-75.133346,40.009376,NA,NA,NA,"US","PRESERVED_SPECIMEN","Betula pubescens"
"1990209113","Betula pubescens",-75.133346,40.009376,NA,NA,NA,"US","PRESERVED_SPECIMEN","Betula pubescens"
"1929413798","Betula pubescens",-73.875413,40.856767,NA,NA,NA,"US","PRESERVED_SPECIMEN","Betula pubescens"
"1929737932","Betula pubescens",-106.989768,38.922917,NA,NA,NA,"US","PRESERVED_SPECIMEN","Betula pubescens"
"1930503747","Betula pubescens",-75.58542,39.551863,NA,NA,NA,"US","PRESERVED_SPECIMEN","Betula pubescens"
"2439203136","Betula pubescens",-73.933333,42.816667,NA,NA,NA,"US","PRESERVED_SPECIMEN","Betula pubescens"
"1321467525","Betula pubescens",-77.0306,38.8892,NA,NA,NA,"US","PRESERVED_SPECIMEN","Betula pubescens"
"1038990644","Betula pubescens",-73.1351,41.4313,NA,NA,NA,"US","PRESERVED_SPECIMEN","Betula pubescens"
