"gbifID","species","longitude","latitude","year","month","day","countryCode","accepted_name"
"3090546988","Casimiroa greggii",-100.197815,25.636995,2021,3,31,"MX","Casimiroa greggii"
"3090965883","Casimiroa greggii",-100.406863,25.751022,2021,4,14,"MX","Casimiroa greggii"
"3112302765","Casimiroa greggii",-100.202248,25.640079,2021,4,30,"MX","Casimiroa greggii"
"3333142397","Casimiroa greggii",-100.201598,25.641113,2021,4,30,"MX","Casimiroa greggii"
"3302346027","Casimiroa greggii",-99.21946,23.702578,2021,6,8,"MX","Casimiroa greggii"
"2611141601","Casimiroa greggii",-100.250389,25.669535,2020,4,26,"MX","Casimiroa greggii"
"2006085621","Casimiroa greggii",-100.245478,25.671742,2019,2,24,"MX","Casimiroa greggii"
"2012999380","Casimiroa greggii",-100.245523,25.671738,2019,3,2,"MX","Casimiroa greggii"
"2236230831","Casimiroa greggii",-100.250165,25.669693,2019,3,30,"MX","Casimiroa greggii"
"2238787006","Casimiroa greggii",-100.20607,25.6334,2019,3,9,"MX","Casimiroa greggii"
"2239015141","Casimiroa greggii",-100.254242,25.662027,2019,4,26,"MX","Casimiroa greggii"
"2242854012","Casimiroa greggii",-100.205863,25.634295,2019,4,29,"MX","Casimiroa greggii"
"3090837493","Casimiroa greggii",-100.413857,25.729363,2019,4,27,"MX","Casimiroa greggii"
"3090848477","Casimiroa greggii",-100.433449,25.748974,2019,4,28,"MX","Casimiroa greggii"
"3090624554","Casimiroa greggii",-100.114443,25.433913,2019,6,30,"MX","Casimiroa greggii"
"2422893617","Casimiroa greggii",-100.406851,25.751008,2019,9,1,"MX","Casimiroa greggii"
"1802768693","Casimiroa greggii",-100.114028,25.433701,2018,1,2,"MX","Casimiroa greggii"
"3090543357","Casimiroa greggii",-100.460995,25.648902,2018,2,15,"MX","Casimiroa greggii"
"3090557359","Casimiroa greggii",-100.461244,25.648959,2018,2,25,"MX","Casimiroa greggii"
"3090787369","Casimiroa greggii",-100.414308,25.729626,2018,2,25,"MX","Casimiroa greggii"
"1836564557","Casimiroa greggii",-100.255192,25.661545,2018,3,1,"MX","Casimiroa greggii"
"1836564562","Casimiroa greggii",-100.254665,25.66225,2018,3,1,"MX","Casimiroa greggii"
"1836564570","Casimiroa greggii",-100.25518,25.661543,2018,3,1,"MX","Casimiroa greggii"
"1838317775","Casimiroa greggii",-100.201286,25.64081,2018,3,9,"MX","Casimiroa greggii"
"1841205585","Casimiroa greggii",-100.253862,25.663555,2018,4,27,"MX","Casimiroa greggii"
"1841317090","Casimiroa greggii",-100.207031,25.631374,2018,4,30,"MX","Casimiroa greggii"
"1841317276","Casimiroa greggii",-100.208679,25.630442,2018,4,30,"MX","Casimiroa greggii"
"3335175306","Casimiroa greggii",-100.207827,25.630784,2018,4,30,"MX","Casimiroa greggii"
"1880598320","Casimiroa greggii",-100.125862,25.284847,2018,5,19,"MX","Casimiroa greggii"
"1914308985","Casimiroa greggii",-99.935103,25.043759,2018,6,12,"MX","Casimiroa greggii"
"1453406680","Casimiroa greggii",-100.25045,25.669592,2017,2,6,"MX","Casimiroa greggii"
"1453467840","Casimiroa greggii",-100.253911,25.662496,2017,2,28,"MX","Casimiroa greggii"
"1453517509","Casimiroa greggii",-100.256713,25.663073,2017,3,16,"MX","Casimiroa greggii"
"1572332690","Casimiroa greggii",-100.201996,25.640877,2017,3,12,"MX","Casimiroa greggii"
"1571137932","Casimiroa greggii",-100.20237,25.456362,2017,4,22,"MX","Casimiroa greggii"
"1571080056","Casimiroa greggii",-100.255038,25.663053,2017,5,23,"MX","Casimiroa greggii"
"1571193482","Casimiroa greggii",-100.208026,25.453999,2017,5,9,"MX","Casimiroa greggii"
"1571122357","Casimiroa greggii",-100.250475,25.66935,2017,6,10,"MX","Casimiroa greggii"
"1586152311","Casimiroa greggii",-99.785385,24.748254,2017,8,5,"MX","Casimiroa greggii"
"1702480831","Casimiroa greggii",-99.541106,24.794788,2017,11,7,"MX","Casimiroa greggii"
"1229612870","Casimiroa greggii",-100.270782,25.55035,2016,1,11,"MX","Casimiroa greggii"
"1586916001","Casimiroa greggii",-100.207016,25.631433,2016,8,1,"MX","Casimiroa greggii"
"1586916136","Casimiroa greggii",-100.200684,25.63414,2016,8,14,"MX","Casimiroa greggii"
"3090812330","Casimiroa greggii",-100.178792,25.426234,2016,9,1,"MX","Casimiroa greggii"
"1065586559","Casimiroa greggii",-100.255105,25.661666,2015,1,4,"MX","Casimiroa greggii"
"891033105","Casimiroa greggii",-100.254973,25.66116,2014,1,3,"MX","Casimiroa greggii"
"891047354","Casimiroa greggii",-100.208112,25.636867,2014,2,15,"MX","Casimiroa greggii"
"891054974","Casimiroa greggii",-100.207923,25.636017,2014,2,15,"MX","Casimiroa greggii"
"3090821372","Casimiroa greggii",-100.09712,25.220111,2014,7,11,"MX","Casimiroa greggii"
"891774778","Casimiroa greggii",-100.206304,25.633075,2013,12,1,"MX","Casimiroa greggii"
"3308082819","Casimiroa greggii",-97.81,23.89389,2008,7,22,"MX","Casimiroa greggii"
"3308676329","Casimiroa greggii",-97.84917,23.89694,2008,10,7,"MX","Casimiroa greggii"
"1894426008","Casimiroa greggii",-100.063611,25.22,2004,6,26,"MX","Casimiroa greggii"
"1894426150","Casimiroa greggii",-100.066389,25.223333,2004,6,26,"MX","Casimiroa greggii"
"2629429640","Casimiroa greggii",-98.906667,24.718333,1998,8,15,"MX","Casimiroa greggii"
"2629436425","Casimiroa greggii",-98.886667,24.7175,1998,10,3,"MX","Casimiroa greggii"
"3308522287","Casimiroa greggii",-98.697,24.575,1998,11,28,"MX","Casimiroa greggii"
"1894149124","Casimiroa greggii",-98.958333,24.525,1994,1,25,"MX","Casimiroa greggii"
"2629517687","Casimiroa greggii",-99.658611,23.279167,1994,6,3,"MX","Casimiroa greggii"
"2629680690","Casimiroa greggii",-99.8,23.416667,1994,6,2,"MX","Casimiroa greggii"
"1894149067","Casimiroa greggii",-98.908333,24.741667,1994,9,13,"MX","Casimiroa greggii"
"1894149103","Casimiroa greggii",-98.725,24.541667,1994,9,12,"MX","Casimiroa greggii"
"1893689665","Casimiroa greggii",-99.346773,21.220575,1991,3,25,"MX","Casimiroa greggii"
"1895343147","Casimiroa greggii",-99.1464418121529,23.736911472917,1989,8,16,"MX","Casimiroa greggii"
"1893689680","Casimiroa greggii",-100.126667,25.428333,1987,2,5,"MX","Casimiroa greggii"
"1895343118","Casimiroa greggii",-99.9410511350857,24.7549217296986,1987,3,19,"MX","Casimiroa greggii"
"1419225220","Casimiroa greggii",-100.0375,25.256111,1987,5,8,"MX","Casimiroa greggii"
"1895343108","Casimiroa greggii",-101.230396693264,23.4564471034844,1987,5,17,"MX","Casimiroa greggii"
"1896088440","Casimiroa greggii",-100.1725,25.396667,1987,5,11,"MX","Casimiroa greggii"
"1896088444","Casimiroa greggii",-100.033333,26.266667,1987,5,12,"MX","Casimiroa greggii"
"1896088446","Casimiroa greggii",-99.708611,24.889444,1987,5,12,"MX","Casimiroa greggii"
"1896088448","Casimiroa greggii",-100.033333,26.266667,1987,5,8,"MX","Casimiroa greggii"
"2807193580","Casimiroa greggii",-98.95028,24.51667,1987,5,17,"MX","Casimiroa greggii"
"3308391524","Casimiroa greggii",-100.033,25.267,1987,5,12,"MX","Casimiroa greggii"
"1894149115","Casimiroa greggii",-98.958333,24.525,1987,6,17,"MX","Casimiroa greggii"
"1894149242","Casimiroa greggii",-98.958333,24.525,1987,6,17,"MX","Casimiroa greggii"
"1895343137","Casimiroa greggii",-99.2188634265449,23.7036596251347,1985,3,9,"MX","Casimiroa greggii"
"1896088454","Casimiroa greggii",-98.925556,24.529444,1985,3,21,"MX","Casimiroa greggii"
"1896088437","Casimiroa greggii",-99.1875,23.69,1985,5,11,"MX","Casimiroa greggii"
"1896088442","Casimiroa greggii",-98.925556,24.529444,1985,5,23,"MX","Casimiroa greggii"
"1895343123","Casimiroa greggii",-99.8337431749869,24.6674096652046,1985,6,12,"MX","Casimiroa greggii"
"2807551832","Casimiroa greggii",-99.83333,24.66667,1985,6,12,"MX","Casimiroa greggii"
"1894149035","Casimiroa greggii",-98.975,24.525,1985,8,23,"MX","Casimiroa greggii"
"1896088450","Casimiroa greggii",-99.0675,24.699722,1985,11,20,"MX","Casimiroa greggii"
"1259244374","Casimiroa greggii",-99.533333,24.483333,1984,3,15,"MX","Casimiroa greggii"
"3308468810","Casimiroa greggii",-99.533,24.483,1984,3,15,"MX","Casimiroa greggii"
"1895343130","Casimiroa greggii",-99.7529465399049,24.7441978201353,1982,5,19,"MX","Casimiroa greggii"
"2270554942","Casimiroa greggii",-99.900884,24.723598,1982,5,19,"MX","Casimiroa greggii"
"1893689686","Casimiroa greggii",-99.903333,24.725,1981,3,15,"MX","Casimiroa greggii"
"1895343143","Casimiroa greggii",-99.9004150303351,24.7257380581744,1981,3,15,"MX","Casimiroa greggii"
"1896088447","Casimiroa greggii",-100.058333,25.492778,1981,3,14,"MX","Casimiroa greggii"
"3093981603","Casimiroa greggii",-99.427233,21.879268,1981,5,24,"MX","Casimiroa greggii"
"2270554886","Casimiroa greggii",-98.992281,20.642716,1977,1,3,"MX","Casimiroa greggii"
"1895343104","Casimiroa greggii",-100.45,22.516667,1974,5,29,"MX","Casimiroa greggii"
"2807365875","Casimiroa greggii",-100.45,22.51667,1974,5,29,"MX","Casimiroa greggii"
"1894426152","Casimiroa greggii",-100.162778,25.365278,1970,7,29,"MX","Casimiroa greggii"
"1895343175","Casimiroa greggii",-100.163109107443,25.3660913500809,1970,7,29,"MX","Casimiroa greggii"
"1896047455","Casimiroa greggii",-98.742778,23.741667,1968,3,9,"MX","Casimiroa greggii"
"1896047449","Casimiroa greggii",-98.592778,23.7525,1967,7,21,"MX","Casimiroa greggii"
"1896047451","Casimiroa greggii",-98.599444,23.251389,1967,8,11,"MX","Casimiroa greggii"
"1896088430","Casimiroa greggii",-100.082222,25.286944,1966,4,5,"MX","Casimiroa greggii"
"1896088452","Casimiroa greggii",-100.372778,25.731389,1966,7,10,"MX","Casimiroa greggii"
"1895343131","Casimiroa greggii",-100.231013368305,25.2765336825193,1965,3,6,"MX","Casimiroa greggii"
"1895343155","Casimiroa greggii",-99.7971456639338,24.757299134245,1964,3,26,"MX","Casimiroa greggii"
"1894426066","Casimiroa greggii",-100.0343,25.278981,1962,3,NA,"MX","Casimiroa greggii"
"1894426072","Casimiroa greggii",-100.0343,25.278981,1962,3,NA,"MX","Casimiroa greggii"
"1895343138","Casimiroa greggii",-100.0343,25.278981,1962,3,NA,"MX","Casimiroa greggii"
"1895343148","Casimiroa greggii",-100.0343,25.278981,1962,3,NA,"MX","Casimiroa greggii"
"1895343139","Casimiroa greggii",-100.345593,25.647643,1960,3,22,"MX","Casimiroa greggii"
"1893404851","Casimiroa greggii",-100.408333,22.575,1955,6,18,"MX","Casimiroa greggii"
"1893689676","Casimiroa greggii",-100.398333,22.616667,1955,6,20,"MX","Casimiroa greggii"
"1896088439","Casimiroa greggii",-100.454444,22.531944,1955,6,18,"MX","Casimiroa greggii"
"1896088451","Casimiroa greggii",-100.451389,22.603056,1955,6,20,"MX","Casimiroa greggii"
"2629479539","Casimiroa greggii",-100.383333,22.616667,1955,6,18,"MX","Casimiroa greggii"
"1894426031","Casimiroa greggii",-100.381944,25.535278,1953,7,8,"MX","Casimiroa greggii"
"1895343125","Casimiroa greggii",-100.3824371634,25.5359108189203,1953,7,8,"MX","Casimiroa greggii"
"1895589390","Casimiroa greggii",-100.144722,25.436667,1949,7,18,"MX","Casimiroa greggii"
"1895343144","Casimiroa greggii",-99.9512684802719,25.2518266601997,1947,3,4,"MX","Casimiroa greggii"
"1228615302","Casimiroa greggii",-100,25.6667,1947,4,3,"MX","Casimiroa greggii"
"1895343102","Casimiroa greggii",-99.9512684802719,25.2518266601997,1947,4,3,"MX","Casimiroa greggii"
"1895343128","Casimiroa greggii",-100.165457593901,25.4656933799938,1946,2,26,"MX","Casimiroa greggii"
"1894426063","Casimiroa greggii",-100.16,25.373889,1946,3,22,"MX","Casimiroa greggii"
"1895343111","Casimiroa greggii",-100.16045308008,25.3746990166149,1946,3,22,"MX","Casimiroa greggii"
"1894426034","Casimiroa greggii",-100.166667,25.383333,1946,7,14,"MX","Casimiroa greggii"
"1895343150","Casimiroa greggii",-100.166667,25.383333,1946,7,14,"MX","Casimiroa greggii"
"1895343134","Casimiroa greggii",-100.165457593901,25.4656933799938,1946,8,20,"MX","Casimiroa greggii"
"1895343100","Casimiroa greggii",-94.1,17.79,1939,5,3,"MX","Casimiroa greggii"
"1895343145","Casimiroa greggii",-100.295852,25.642921,1933,7,20,"MX","Casimiroa greggii"
"1895343157","Casimiroa greggii",-100.308800969371,25.6717907118907,1906,4,4,"MX","Casimiroa greggii"
"1228588541","Casimiroa greggii",-102,23,1889,6,9,"MX","Casimiroa greggii"
"1258694939","Casimiroa greggii",-100.3,25.67,1889,6,9,"MX","Casimiroa greggii"
"1929457082","Casimiroa greggii",-100.35,23.770833,1889,6,9,"MX","Casimiroa greggii"
"1929930430","Casimiroa greggii",-100.35,23.770833,1889,6,9,"MX","Casimiroa greggii"
"1929600568","Casimiroa greggii",-100.3,25.671111,1847,2,7,"MX","Casimiroa greggii"
"1894042531","Casimiroa greggii",-100.234722,25.631667,NA,NA,NA,"MX","Casimiroa greggii"
"1894426032","Casimiroa greggii",-100.435278,25.369167,NA,NA,NA,"MX","Casimiroa greggii"
"1895343124","Casimiroa greggii",-100.435743732833,25.3698632263346,NA,NA,NA,"MX","Casimiroa greggii"
"1895605889","Casimiroa greggii",-97.81625,23.147778,NA,NA,NA,"MX","Casimiroa greggii"
"1895605912","Casimiroa greggii",-98.355106,23.167322,NA,NA,NA,"MX","Casimiroa greggii"
"1895605934","Casimiroa greggii",-98.432444,23.243722,NA,NA,NA,"MX","Casimiroa greggii"
