"gbifID","species","longitude","latitude","year","month","day","countryCode","basisOfRecord","accepted_name"
"4507801925","Crataegus rivularis",-111.429522,40.579387,2023,6,25,"US","HUMAN_OBSERVATION","Crataegus rivularis"
"4400176972","Crataegus rivularis",-111.44916,40.507582,2023,8,15,"US","HUMAN_OBSERVATION","Crataegus rivularis"
"4500516664","Crataegus rivularis",-111.832041,40.558932,2023,8,24,"US","HUMAN_OBSERVATION","Crataegus rivularis"
"4416726613","Crataegus rivularis",-111.545525,40.34573,2023,9,3,"US","HUMAN_OBSERVATION","Crataegus rivularis"
"4414061458","Crataegus rivularis",-111.949913,41.279755,2023,9,14,"US","HUMAN_OBSERVATION","Crataegus rivularis"
"4510012216","Crataegus rivularis",-111.450278,40.50724,2023,10,18,"US","HUMAN_OBSERVATION","Crataegus rivularis"
"4465359236","Crataegus rivularis",-111.710158,40.37533,2023,10,22,"US","HUMAN_OBSERVATION","Crataegus rivularis"
"3873513700","Crataegus rivularis",-111.839599,40.613213,2022,6,6,"US","HUMAN_OBSERVATION","Crataegus rivularis"
"4010654779","Crataegus rivularis",-112.118894,42.190619,2022,6,1,"US","PRESERVED_SPECIMEN","Crataegus rivularis"
"4040389322","Crataegus rivularis",-111.817512,41.728936,2022,6,14,"US","PRESERVED_SPECIMEN","Crataegus rivularis"
"3744545513","Crataegus rivularis",-112.01438,42.85002,2021,6,14,"US","PRESERVED_SPECIMEN","Crataegus rivularis"
"4070429333","Crataegus rivularis",-111.71741,41.241931,2020,7,10,"US","PRESERVED_SPECIMEN","Crataegus rivularis"
"2850648144","Crataegus rivularis",-111.860992,40.632362,2020,8,9,"US","HUMAN_OBSERVATION","Crataegus rivularis"
"4416888325","Crataegus rivularis",-111.548692,40.347513,2020,9,10,"US","HUMAN_OBSERVATION","Crataegus rivularis"
"2864639964","Crataegus rivularis",-111.642821,40.483481,2020,9,12,"US","HUMAN_OBSERVATION","Crataegus rivularis"
"2366023708","Crataegus rivularis",-111.862487,41.222038,2019,6,13,"US","HUMAN_OBSERVATION","Crataegus rivularis"
"1847518587","Crataegus rivularis",-107.748805,38.288395,2018,5,13,"US","HUMAN_OBSERVATION","Crataegus rivularis"
"1847566829","Crataegus rivularis",-107.749855,38.190732,2018,5,19,"US","HUMAN_OBSERVATION","Crataegus rivularis"
"1848781929","Crataegus rivularis",-111.679069,40.809921,2018,5,31,"US","HUMAN_OBSERVATION","Crataegus rivularis"
"1880470835","Crataegus rivularis",-111.751538,40.477361,2018,6,6,"US","HUMAN_OBSERVATION","Crataegus rivularis"
"1880571963","Crataegus rivularis",-111.85051,40.561657,2018,6,25,"US","HUMAN_OBSERVATION","Crataegus rivularis"
"2461264170","Crataegus rivularis",-111.928798,41.197654,2018,6,14,"US","PRESERVED_SPECIMEN","Crataegus rivularis"
"1913656588","Crataegus rivularis",-111.641483,40.3278,2018,7,3,"US","HUMAN_OBSERVATION","Crataegus rivularis"
"1890071139","Crataegus rivularis",-112.085878,40.46557,2018,7,30,"US","HUMAN_OBSERVATION","Crataegus rivularis"
"1891316812","Crataegus rivularis",-111.811089,40.560127,2018,8,12,"US","HUMAN_OBSERVATION","Crataegus rivularis"
"1920791903","Crataegus rivularis",-111.485949,40.476908,2018,9,14,"US","HUMAN_OBSERVATION","Crataegus rivularis"
"1563419455","Crataegus rivularis",-112.568611,43.045833,2017,6,1,"US","HUMAN_OBSERVATION","Crataegus rivularis"
"1831147047","Crataegus rivularis",-111.845992,40.61537,2017,8,31,"US","HUMAN_OBSERVATION","Crataegus rivularis"
"1847639433","Crataegus rivularis",-111.987519,40.582845,2017,9,21,"US","HUMAN_OBSERVATION","Crataegus rivularis"
"2632731333","Crataegus rivularis",-111.78618,40.44961,2015,8,7,"US","PRESERVED_SPECIMEN","Crataegus rivularis"
"4153099397","Crataegus rivularis",-111.64275,40.48353,2015,8,12,"US","PRESERVED_SPECIMEN","Crataegus rivularis"
"1806321366","Crataegus rivularis",-110.696725,43.598258,2015,9,4,"US","HUMAN_OBSERVATION","Crataegus rivularis"
"1807268165","Crataegus rivularis",-111.555981,40.036584,2013,5,15,"US","HUMAN_OBSERVATION","Crataegus rivularis"
"1677260135","Crataegus rivularis",-111.679585,40.792373,2013,6,2,"US","HUMAN_OBSERVATION","Crataegus rivularis"
"1703125026","Crataegus rivularis",-111.546532,40.042737,2013,8,9,"US","HUMAN_OBSERVATION","Crataegus rivularis"
"1702454641","Crataegus rivularis",-111.549391,40.045249,2013,8,22,"US","HUMAN_OBSERVATION","Crataegus rivularis"
"1843915930","Crataegus rivularis",-106.589755,36.869121,2013,8,5,"US","PRESERVED_SPECIMEN","Crataegus rivularis"
"4421592484","Crataegus rivularis",-107.4479,39.1716,2012,6,15,"US","PRESERVED_SPECIMEN","Crataegus rivularis"
"4421592496","Crataegus rivularis",-107.5276,38.996,2012,6,14,"US","PRESERVED_SPECIMEN","Crataegus rivularis"
"1986990351","Crataegus rivularis",-111.95044,41.49492,2012,7,10,"US","PRESERVED_SPECIMEN","Crataegus rivularis"
"3772788478","Crataegus rivularis",-110.880039,34.323855,2010,8,18,"US","HUMAN_OBSERVATION","Crataegus rivularis"
"1928239197","Crataegus rivularis",-110.70928,39.90658,2009,9,11,"US","PRESERVED_SPECIMEN","Crataegus rivularis"
"1843906982","Crataegus rivularis",-106.954359,36.967759,2009,9,3,"US","PRESERVED_SPECIMEN","Crataegus rivularis"
"1930389805","Crataegus rivularis",-111.6965633,41.6270448,2008,9,5,"US","PRESERVED_SPECIMEN","Crataegus rivularis"
"3347203389","Crataegus rivularis",-115.27,41.01,2007,2,6,"US","PRESERVED_SPECIMEN","Crataegus rivularis"
"3350354254","Crataegus rivularis",-115.44,40.76,2007,2,6,"US","PRESERVED_SPECIMEN","Crataegus rivularis"
"3347207285","Crataegus rivularis",-115.27,41.01,2007,2,6,"US","PRESERVED_SPECIMEN","Crataegus rivularis"
"2251538847","Crataegus rivularis",-115.265,41.0094,2007,2,6,"US","MATERIAL_SAMPLE","Crataegus rivularis"
"2251538850","Crataegus rivularis",-115.437,40.758,2007,2,6,"US","MATERIAL_SAMPLE","Crataegus rivularis"
"2251538853","Crataegus rivularis",-115.265,41.0094,2007,2,6,"US","MATERIAL_SAMPLE","Crataegus rivularis"
"1899303746","Crataegus rivularis",-115.265278,41.009444,2007,6,2,"US","PRESERVED_SPECIMEN","Crataegus rivularis"
"1899274272","Crataegus rivularis",-115.433333,40.729167,2007,6,2,"US","PRESERVED_SPECIMEN","Crataegus rivularis"
"1899303649","Crataegus rivularis",-115.265278,41.009444,2007,6,2,"US","PRESERVED_SPECIMEN","Crataegus rivularis"
"1899303656","Crataegus rivularis",-106.583056,36.876667,2007,8,27,"US","PRESERVED_SPECIMEN","Crataegus rivularis"
"1899303612","Crataegus rivularis",-106.780833,36.991389,2007,8,27,"US","PRESERVED_SPECIMEN","Crataegus rivularis"
"1899303693","Crataegus rivularis",-108.435278,37.475278,2007,8,26,"US","PRESERVED_SPECIMEN","Crataegus rivularis"
"1899303726","Crataegus rivularis",-108.435278,37.475278,2007,8,26,"US","PRESERVED_SPECIMEN","Crataegus rivularis"
"1899303747","Crataegus rivularis",-106.583056,36.876667,2007,8,27,"US","PRESERVED_SPECIMEN","Crataegus rivularis"
"1899303596","Crataegus rivularis",-108.132955,37.32568,2007,9,26,"US","PRESERVED_SPECIMEN","Crataegus rivularis"
"3766328989","Crataegus rivularis",-108.6259,42.6015,2006,5,25,"US","PRESERVED_SPECIMEN","Crataegus rivularis"
"3992710990","Crataegus rivularis",-107.56,38.44,2006,6,14,"US","PRESERVED_SPECIMEN","Crataegus rivularis"
"3968873248","Crataegus rivularis",-107.44,37.25,2006,6,15,"US","PRESERVED_SPECIMEN","Crataegus rivularis"
"2251538929","Crataegus rivularis",-107.555,38.4421,2006,6,14,"US","MATERIAL_SAMPLE","Crataegus rivularis"
"2251538912","Crataegus rivularis",-107.441,37.2489,2006,6,15,"US","MATERIAL_SAMPLE","Crataegus rivularis"
"2422432543","Crataegus rivularis",-111.13139,41.53222,2006,8,9,"US","PRESERVED_SPECIMEN","Crataegus rivularis"
"1928840609","Crataegus rivularis",-111.2,40.36,2005,7,7,"US","PRESERVED_SPECIMEN","Crataegus rivularis"
"2422431615","Crataegus rivularis",-111.00694,41.50861,2005,8,10,"US","PRESERVED_SPECIMEN","Crataegus rivularis"
"2573393537","Crataegus rivularis",-108.43525,37.47517,2004,5,14,"US","PRESERVED_SPECIMEN","Crataegus rivularis"
"1899274365","Crataegus rivularis",-111.206111,42.344444,2004,6,17,"US","PRESERVED_SPECIMEN","Crataegus rivularis"
"1899329323","Crataegus rivularis",-111.262222,42.320833,2004,6,17,"US","PRESERVED_SPECIMEN","Crataegus rivularis"
"1899329404","Crataegus rivularis",-111.262222,42.320833,2004,6,17,"US","PRESERVED_SPECIMEN","Crataegus rivularis"
"1899329296","Crataegus rivularis",-111.262222,42.320833,2004,6,17,"US","PRESERVED_SPECIMEN","Crataegus rivularis"
"1899329362","Crataegus rivularis",-111.262222,42.320833,2004,6,17,"US","PRESERVED_SPECIMEN","Crataegus rivularis"
"1899329340","Crataegus rivularis",-111.262222,42.320833,2004,6,17,"US","PRESERVED_SPECIMEN","Crataegus rivularis"
"1899329392","Crataegus rivularis",-111.262222,42.320833,2004,6,17,"US","PRESERVED_SPECIMEN","Crataegus rivularis"
"3347201293","Crataegus rivularis",-111.21,42.34,2004,6,17,"US","PRESERVED_SPECIMEN","Crataegus rivularis"
"3347150419","Crataegus rivularis",-111.26,42.32,2004,6,17,"US","PRESERVED_SPECIMEN","Crataegus rivularis"
"2251538869","Crataegus rivularis",-111.206,42.3444,2004,6,17,"US","MATERIAL_SAMPLE","Crataegus rivularis"
"2251538866","Crataegus rivularis",-111.262,42.3208,2004,6,17,"US","MATERIAL_SAMPLE","Crataegus rivularis"
"4073870752","Crataegus rivularis",-112.080401,42.095343,2004,7,30,"US","PRESERVED_SPECIMEN","Crataegus rivularis"
"4438439327","Crataegus rivularis",-107.4,38.916667,2003,7,24,"US","PRESERVED_SPECIMEN","Crataegus rivularis"
"2242355293","Crataegus rivularis",-107.3732,37.2407,2003,8,16,"US","PRESERVED_SPECIMEN","Crataegus rivularis"
"2573392410","Crataegus rivularis",-108.68591,37.250948,2003,8,22,"US","PRESERVED_SPECIMEN","Crataegus rivularis"
"3091212919","Crataegus rivularis",-108.68591,37.25095,2003,8,22,"US","PRESERVED_SPECIMEN","Crataegus rivularis"
"4438441314","Crataegus rivularis",-107.269944,38.954778,2002,7,29,"US","PRESERVED_SPECIMEN","Crataegus rivularis"
"3992864042","Crataegus rivularis",-105.74,42.84,2001,4,6,"US","PRESERVED_SPECIMEN","Crataegus rivularis"
"3347162443","Crataegus rivularis",-105.74,42.84,2001,4,6,"US","PRESERVED_SPECIMEN","Crataegus rivularis"
"2251538701","Crataegus rivularis",-105.741,42.8397,2001,4,6,"US","MATERIAL_SAMPLE","Crataegus rivularis"
"2251538812","Crataegus rivularis",-105.741,42.8397,2001,4,6,"US","MATERIAL_SAMPLE","Crataegus rivularis"
"1899303610","Crataegus rivularis",-109.916111,40.403889,2001,5,27,"US","PRESERVED_SPECIMEN","Crataegus rivularis"
"1899303749","Crataegus rivularis",-111.183333,42.166667,2001,5,28,"US","PRESERVED_SPECIMEN","Crataegus rivularis"
"1899303617","Crataegus rivularis",-111.206111,42.344444,2001,5,29,"US","PRESERVED_SPECIMEN","Crataegus rivularis"
"1899303679","Crataegus rivularis",-111.206111,42.344444,2001,5,29,"US","PRESERVED_SPECIMEN","Crataegus rivularis"
"1899274306","Crataegus rivularis",-109.916111,40.403889,2001,5,27,"US","PRESERVED_SPECIMEN","Crataegus rivularis"
"1899303599","Crataegus rivularis",-111.183333,42.166667,2001,5,28,"US","PRESERVED_SPECIMEN","Crataegus rivularis"
"3350172281","Crataegus rivularis",-109.92,40.4,2001,5,27,"US","PRESERVED_SPECIMEN","Crataegus rivularis"
"3992844238","Crataegus rivularis",-109.92,40.4,2001,5,27,"US","PRESERVED_SPECIMEN","Crataegus rivularis"
"2251538917","Crataegus rivularis",-109.916,40.4039,2001,5,27,"US","MATERIAL_SAMPLE","Crataegus rivularis"
"2251538898","Crataegus rivularis",-109.916,40.4039,2001,5,27,"US","MATERIAL_SAMPLE","Crataegus rivularis"
"1899303748","Crataegus rivularis",-105.745,42.843889,2001,6,4,"US","PRESERVED_SPECIMEN","Crataegus rivularis"
"1899274319","Crataegus rivularis",-105.741389,42.839444,2001,6,4,"US","PRESERVED_SPECIMEN","Crataegus rivularis"
"1899303682","Crataegus rivularis",-109.916111,40.403889,2001,9,5,"US","PRESERVED_SPECIMEN","Crataegus rivularis"
"1899274325","Crataegus rivularis",-109.916111,40.403889,2001,9,5,"US","PRESERVED_SPECIMEN","Crataegus rivularis"
"1986944544","Crataegus rivularis",-111.600278,39.121389,2000,5,13,"US","PRESERVED_SPECIMEN","Crataegus rivularis"
"1899303648","Crataegus rivularis",-115.475,40.754167,1999,6,14,"US","PRESERVED_SPECIMEN","Crataegus rivularis"
"1899303709","Crataegus rivularis",-108.132955,37.32568,1999,6,12,"US","PRESERVED_SPECIMEN","Crataegus rivularis"
"1899303705","Crataegus rivularis",-111.206111,42.344444,1999,6,23,"US","PRESERVED_SPECIMEN","Crataegus rivularis"
"1899303643","Crataegus rivularis",-111.262222,42.320833,1999,6,23,"US","PRESERVED_SPECIMEN","Crataegus rivularis"
"1899303575","Crataegus rivularis",-115.475,40.754167,1999,6,14,"US","PRESERVED_SPECIMEN","Crataegus rivularis"
"1899303660","Crataegus rivularis",-111.206111,42.344444,1999,6,23,"US","PRESERVED_SPECIMEN","Crataegus rivularis"
"1899303725","Crataegus rivularis",-115.433333,40.729167,1999,6,14,"US","PRESERVED_SPECIMEN","Crataegus rivularis"
"1899303659","Crataegus rivularis",-111.262222,42.320833,1999,6,23,"US","PRESERVED_SPECIMEN","Crataegus rivularis"
"1899303661","Crataegus rivularis",-115.475,40.754167,1999,6,14,"US","PRESERVED_SPECIMEN","Crataegus rivularis"
"1899303792","Crataegus rivularis",-115.433333,40.729167,1999,6,14,"US","PRESERVED_SPECIMEN","Crataegus rivularis"
"1929514333","Crataegus rivularis",-110.59,40.51,1999,7,28,"US","PRESERVED_SPECIMEN","Crataegus rivularis"
"3798067789","Crataegus rivularis",-107.14,37.24,1998,5,26,"US","PRESERVED_SPECIMEN","Crataegus rivularis"
"3798067777","Crataegus rivularis",-107.14,37.24,1998,5,26,"US","PRESERVED_SPECIMEN","Crataegus rivularis"
"1899303690","Crataegus rivularis",-106.583056,36.876667,1998,6,5,"US","PRESERVED_SPECIMEN","Crataegus rivularis"
"1843818839","Crataegus rivularis",-108.616772,33.545608,1998,6,18,"US","PRESERVED_SPECIMEN","Crataegus rivularis"
"1843829637","Crataegus rivularis",-108.616171,33.545536,1998,6,18,"US","PRESERVED_SPECIMEN","Crataegus rivularis"
"1899303714","Crataegus rivularis",-108.132955,37.32568,1998,6,6,"US","PRESERVED_SPECIMEN","Crataegus rivularis"
"1899303683","Crataegus rivularis",-106.780833,36.991389,1998,6,4,"US","PRESERVED_SPECIMEN","Crataegus rivularis"
"1899303788","Crataegus rivularis",-106.583056,36.876667,1998,6,5,"US","PRESERVED_SPECIMEN","Crataegus rivularis"
"1899303712","Crataegus rivularis",-106.780833,36.991389,1997,4,28,"US","PRESERVED_SPECIMEN","Crataegus rivularis"
"1899342955","Crataegus rivularis",-110.289113,41.265717,1997,5,21,"US","PRESERVED_SPECIMEN","Crataegus rivularis"
"1899342885","Crataegus rivularis",-110.97159,42.889218,1997,5,21,"US","PRESERVED_SPECIMEN","Crataegus rivularis"
"1899342930","Crataegus rivularis",-111.784749,41.231157,1997,5,22,"US","PRESERVED_SPECIMEN","Crataegus rivularis"
"1899341973","Crataegus rivularis",-111.425,40.556667,1997,5,14,"US","PRESERVED_SPECIMEN","Crataegus rivularis"
"1899342842","Crataegus rivularis",-111.845753,41.587209,1997,5,15,"US","PRESERVED_SPECIMEN","Crataegus rivularis"
"1899342932","Crataegus rivularis",-109.853479,40.301735,1997,5,21,"US","PRESERVED_SPECIMEN","Crataegus rivularis"
"1899342903","Crataegus rivularis",-111.984646,41.15371,1997,5,14,"US","PRESERVED_SPECIMEN","Crataegus rivularis"
"1899342944","Crataegus rivularis",-111.425462,40.558175,1997,5,14,"US","PRESERVED_SPECIMEN","Crataegus rivularis"
"1899342880","Crataegus rivularis",-111.886318,41.249011,1997,5,15,"US","PRESERVED_SPECIMEN","Crataegus rivularis"
"1899342950","Crataegus rivularis",-111.250235,43.378682,1997,5,21,"US","PRESERVED_SPECIMEN","Crataegus rivularis"
"1899342952","Crataegus rivularis",-111.388107,40.462588,1997,5,22,"US","PRESERVED_SPECIMEN","Crataegus rivularis"
"1949633856","Crataegus rivularis",-110.986667,43.883333,1997,5,21,"US","PRESERVED_SPECIMEN","Crataegus rivularis"
"2430683899","Crataegus rivularis",-111.638333,42.196,1997,9,5,"US","PRESERVED_SPECIMEN","Crataegus rivularis"
"1899342835","Crataegus rivularis",-111.905124,41.642277,1996,5,18,"US","PRESERVED_SPECIMEN","Crataegus rivularis"
"176919406","Crataegus rivularis",-107.558514,40.019373,1996,6,18,"US","PRESERVED_SPECIMEN","Crataegus rivularis"
"1899342963","Crataegus rivularis",-112.011842,41.230742,1996,8,18,"US","PRESERVED_SPECIMEN","Crataegus rivularis"
"1899342972","Crataegus rivularis",-112.011842,41.230742,1996,8,18,"US","PRESERVED_SPECIMEN","Crataegus rivularis"
"1899342890","Crataegus rivularis",-113.541223,42.668016,1996,8,19,"US","PRESERVED_SPECIMEN","Crataegus rivularis"
"1899342915","Crataegus rivularis",-112.61697,43.041602,1996,8,19,"US","PRESERVED_SPECIMEN","Crataegus rivularis"
"4399042604","Crataegus rivularis",-108.613046,33.54321,1996,8,3,"US","PRESERVED_SPECIMEN","Crataegus rivularis"
"1899342923","Crataegus rivularis",-110.703837,43.593104,1996,8,25,"US","PRESERVED_SPECIMEN","Crataegus rivularis"
"1899342822","Crataegus rivularis",-111.886318,41.249011,1996,8,18,"US","PRESERVED_SPECIMEN","Crataegus rivularis"
"1899342848","Crataegus rivularis",-111.144117,40.556836,1996,8,26,"US","PRESERVED_SPECIMEN","Crataegus rivularis"
"1899342946","Crataegus rivularis",-112.554116,43.042923,1996,8,19,"US","PRESERVED_SPECIMEN","Crataegus rivularis"
"4073794770","Crataegus rivularis",-112.554034,43.042632,1996,8,19,"US","PRESERVED_SPECIMEN","Crataegus rivularis"
"1899342810","Crataegus rivularis",-112.011842,41.230742,1996,8,18,"US","PRESERVED_SPECIMEN","Crataegus rivularis"
"1899342904","Crataegus rivularis",-111.050969,42.394511,1996,8,25,"US","PRESERVED_SPECIMEN","Crataegus rivularis"
"1899342969","Crataegus rivularis",-110.289113,41.265717,1996,8,26,"US","PRESERVED_SPECIMEN","Crataegus rivularis"
"4073920683","Crataegus rivularis",-111.886667,41.3,1996,8,18,"US","PRESERVED_SPECIMEN","Crataegus rivularis"
"1899342876","Crataegus rivularis",-111.033357,43.144902,1996,8,25,"US","PRESERVED_SPECIMEN","Crataegus rivularis"
"1899342907","Crataegus rivularis",-110.384316,41.316624,1996,8,26,"US","PRESERVED_SPECIMEN","Crataegus rivularis"
"1899342846","Crataegus rivularis",-109.853369,40.301754,1996,8,26,"US","PRESERVED_SPECIMEN","Crataegus rivularis"
"1949633816","Crataegus rivularis",-111.025,43.143333,1996,8,25,"US","PRESERVED_SPECIMEN","Crataegus rivularis"
"2573375143","Crataegus rivularis",-108.629509,37.613989,1995,6,29,"US","PRESERVED_SPECIMEN","Crataegus rivularis"
"1899305032","Crataegus rivularis",-111.748056,41.746111,1995,8,22,"US","PRESERVED_SPECIMEN","Crataegus rivularis"
"1899305055","Crataegus rivularis",-111.288889,42.3225,1995,8,21,"US","PRESERVED_SPECIMEN","Crataegus rivularis"
"1899305092","Crataegus rivularis",-111.6,40.92,1995,8,23,"US","PRESERVED_SPECIMEN","Crataegus rivularis"
"1899305029","Crataegus rivularis",-111.6375,41.291111,1995,8,22,"US","PRESERVED_SPECIMEN","Crataegus rivularis"
"1899305125","Crataegus rivularis",-111.046111,42.336944,1995,8,21,"US","PRESERVED_SPECIMEN","Crataegus rivularis"
"1899305128","Crataegus rivularis",-111.046111,42.336944,1995,8,21,"US","PRESERVED_SPECIMEN","Crataegus rivularis"
"1899305099","Crataegus rivularis",-111.52,41,1995,8,23,"US","PRESERVED_SPECIMEN","Crataegus rivularis"
"1899305033","Crataegus rivularis",-115.4775,40.728056,1995,8,23,"US","PRESERVED_SPECIMEN","Crataegus rivularis"
"1928592125","Crataegus rivularis",-111.47,40.53,1994,9,8,"US","PRESERVED_SPECIMEN","Crataegus rivularis"
"2270609331","Crataegus rivularis",-112.942,34.6929,1993,4,22,"US","PRESERVED_SPECIMEN","Crataegus rivularis"
"2573372567","Crataegus rivularis",-108.469858,39.592519,1993,6,9,"US","PRESERVED_SPECIMEN","Crataegus rivularis"
"1899342895","Crataegus rivularis",-107.752447,37.229278,1992,9,27,"US","PRESERVED_SPECIMEN","Crataegus rivularis"
"1899274845","Crataegus rivularis",-116,41,1992,9,24,"US","PRESERVED_SPECIMEN","Crataegus rivularis"
"1899329715","Crataegus rivularis",-116,41,1992,9,24,"US","PRESERVED_SPECIMEN","Crataegus rivularis"
"1899303704","Crataegus rivularis",-111.666667,41.333333,1992,9,15,"US","PRESERVED_SPECIMEN","Crataegus rivularis"
"1899303975","Crataegus rivularis",-111.166667,42.333333,1992,9,16,"US","PRESERVED_SPECIMEN","Crataegus rivularis"
"1899303626","Crataegus rivularis",-111.166667,42.333333,1992,9,16,"US","PRESERVED_SPECIMEN","Crataegus rivularis"
"1899303708","Crataegus rivularis",-111.666667,41.333333,1992,9,15,"US","PRESERVED_SPECIMEN","Crataegus rivularis"
"1899303665","Crataegus rivularis",-111.666667,41.333333,1992,9,15,"US","PRESERVED_SPECIMEN","Crataegus rivularis"
"1899303817","Crataegus rivularis",-111.583333,40.833333,1992,9,15,"US","PRESERVED_SPECIMEN","Crataegus rivularis"
"1899303702","Crataegus rivularis",-111.583333,40.833333,1992,9,15,"US","PRESERVED_SPECIMEN","Crataegus rivularis"
"1899303681","Crataegus rivularis",-111.666667,41.333333,1992,9,15,"US","PRESERVED_SPECIMEN","Crataegus rivularis"
"1899304041","Crataegus rivularis",-111.583333,40.833333,1992,9,15,"US","PRESERVED_SPECIMEN","Crataegus rivularis"
"1899303675","Crataegus rivularis",-110.916667,42.666667,1992,9,16,"US","PRESERVED_SPECIMEN","Crataegus rivularis"
"2573372541","Crataegus rivularis",-108.642992,38.35674,1991,6,4,"US","PRESERVED_SPECIMEN","Crataegus rivularis"
"2573461924","Crataegus rivularis",-107.4292,40.2747,1991,6,28,"US","PRESERVED_SPECIMEN","Crataegus rivularis"
"2573373992","Crataegus rivularis",-107.345372,40.319247,1990,6,22,"US","PRESERVED_SPECIMEN","Crataegus rivularis"
"2573461108","Crataegus rivularis",-107.4939,39.8478,1990,8,12,"US","PRESERVED_SPECIMEN","Crataegus rivularis"
"2422356246","Crataegus rivularis",-106.88481,37.14519,1989,6,26,"US","PRESERVED_SPECIMEN","Crataegus rivularis"
"1899306405","Crataegus rivularis",-71.122837,42.299118,1988,5,26,"US","PRESERVED_SPECIMEN","Crataegus rivularis"
"1899306430","Crataegus rivularis",-71.122837,42.299118,1988,5,26,"US","PRESERVED_SPECIMEN","Crataegus rivularis"
"2573372192","Crataegus rivularis",-107.49999,40.04243,1988,6,16,"US","PRESERVED_SPECIMEN","Crataegus rivularis"
"1927803756","Crataegus rivularis",-111.71,42.4,1986,5,29,"US","PRESERVED_SPECIMEN","Crataegus rivularis"
"1927917851","Crataegus rivularis",-109.19,38.6,1986,6,6,"US","PRESERVED_SPECIMEN","Crataegus rivularis"
"1931314626","Crataegus rivularis",-109.19,38.6,1986,6,6,"US","PRESERVED_SPECIMEN","Crataegus rivularis"
"1930380725","Crataegus rivularis",-111.688634,41.626817,1986,7,18,"US","PRESERVED_SPECIMEN","Crataegus rivularis"
"1930729214","Crataegus rivularis",-109.17,38.6,1986,7,27,"US","PRESERVED_SPECIMEN","Crataegus rivularis"
"3091191695","Crataegus rivularis",-111.63,41.8,1985,6,2,"US","PRESERVED_SPECIMEN","Crataegus rivularis"
"1929427275","Crataegus rivularis",-111.63,41.8,1985,6,2,"US","PRESERVED_SPECIMEN","Crataegus rivularis"
"1928731610","Crataegus rivularis",-110.16,41.51,1985,8,10,"US","PRESERVED_SPECIMEN","Crataegus rivularis"
"1928340066","Crataegus rivularis",-109.091605,38.35478,1984,5,31,"US","PRESERVED_SPECIMEN","Crataegus rivularis"
"1928537826","Crataegus rivularis",-112.56,38.29,1984,6,21,"US","PRESERVED_SPECIMEN","Crataegus rivularis"
"1927872203","Crataegus rivularis",-107.2985,42.3257,1984,8,8,"US","PRESERVED_SPECIMEN","Crataegus rivularis"
"1899345476","Crataegus rivularis",-106.633333,39.65,1984,8,9,"US","PRESERVED_SPECIMEN","Crataegus rivularis"
"4073796087","Crataegus rivularis",-112.160305,42.202907,1984,8,18,"US","PRESERVED_SPECIMEN","Crataegus rivularis"
"1928354124","Crataegus rivularis",-111.83,41.55,1984,8,17,"US","PRESERVED_SPECIMEN","Crataegus rivularis"
"4073868087","Crataegus rivularis",-111.57688,42.665208,1984,8,22,"US","PRESERVED_SPECIMEN","Crataegus rivularis"
"4073788916","Crataegus rivularis",-111.741085,42.178734,1984,8,20,"US","PRESERVED_SPECIMEN","Crataegus rivularis"
"1899345526","Crataegus rivularis",-106.583333,39.783333,1984,8,9,"US","PRESERVED_SPECIMEN","Crataegus rivularis"
"2573372909","Crataegus rivularis",-107.233333,40.483333,1984,9,24,"US","PRESERVED_SPECIMEN","Crataegus rivularis"
"2573372589","Crataegus rivularis",-107.75238,37.22924,1984,9,25,"US","PRESERVED_SPECIMEN","Crataegus rivularis"
"2573372858","Crataegus rivularis",-107.866667,38.45,1984,9,25,"US","PRESERVED_SPECIMEN","Crataegus rivularis"
"2573371809","Crataegus rivularis",-107.083333,40.466667,1984,9,24,"US","PRESERVED_SPECIMEN","Crataegus rivularis"
"2573371363","Crataegus rivularis",-107.883333,39.666667,1984,9,24,"US","PRESERVED_SPECIMEN","Crataegus rivularis"
"1899345492","Crataegus rivularis",-107.75,37.216667,1984,9,25,"US","PRESERVED_SPECIMEN","Crataegus rivularis"
"1842919561","Crataegus rivularis",-106.837629,36.895854,1984,9,25,"US","PRESERVED_SPECIMEN","Crataegus rivularis"
"1899345506","Crataegus rivularis",-107.233333,40.483333,1984,9,24,"US","PRESERVED_SPECIMEN","Crataegus rivularis"
"1899345607","Crataegus rivularis",-107.866667,38.45,1984,9,25,"US","PRESERVED_SPECIMEN","Crataegus rivularis"
"1899342882","Crataegus rivularis",-107.873408,39.659519,1984,9,24,"US","PRESERVED_SPECIMEN","Crataegus rivularis"
"1899345574","Crataegus rivularis",-106.783333,36.983333,1984,9,25,"US","PRESERVED_SPECIMEN","Crataegus rivularis"
"1899345606","Crataegus rivularis",-107.016667,40.466667,1984,9,24,"US","PRESERVED_SPECIMEN","Crataegus rivularis"
"1899345647","Crataegus rivularis",-107.083333,40.466667,1984,9,24,"US","PRESERVED_SPECIMEN","Crataegus rivularis"
"1899345546","Crataegus rivularis",-107.55,39.583333,1984,9,24,"US","PRESERVED_SPECIMEN","Crataegus rivularis"
"1930903900","Crataegus rivularis",-110.6,40.31,1983,8,15,"US","PRESERVED_SPECIMEN","Crataegus rivularis"
"4454440312","Crataegus rivularis",-111.630414,40.26475,1982,5,8,"US","PRESERVED_SPECIMEN","Crataegus rivularis"
"2573373098","Crataegus rivularis",-107.758591,39.274744,1981,6,13,"US","PRESERVED_SPECIMEN","Crataegus rivularis"
"2573415167","Crataegus rivularis",-115.61481,40.56983,1981,6,27,"US","PRESERVED_SPECIMEN","Crataegus rivularis"
"1846522643","Crataegus rivularis",-107.756419,39.275155,1981,6,13,"US","PRESERVED_SPECIMEN","Crataegus rivularis"
"4404891886","Crataegus rivularis",-115.605777,40.566383,1981,6,27,"US","PRESERVED_SPECIMEN","Crataegus rivularis"
"1929975674","Crataegus rivularis",-115.61,40.57,1981,6,27,"US","PRESERVED_SPECIMEN","Crataegus rivularis"
"1930228901","Crataegus rivularis",-111.61,41.69,1981,6,27,"US","PRESERVED_SPECIMEN","Crataegus rivularis"
"2573373244","Crataegus rivularis",-107.758591,39.274744,1981,8,13,"US","PRESERVED_SPECIMEN","Crataegus rivularis"
"2573373864","Crataegus rivularis",-107.361615,39.03996,1981,8,21,"US","PRESERVED_SPECIMEN","Crataegus rivularis"
"3892727446","Crataegus rivularis",-107.34306,38.926345,1981,8,5,"US","PRESERVED_SPECIMEN","Crataegus rivularis"
"4073781528","Crataegus rivularis",-114.882829,42.864101,1980,8,19,"US","PRESERVED_SPECIMEN","Crataegus rivularis"
"4073848771","Crataegus rivularis",-113.504753,42.671103,1980,8,20,"US","PRESERVED_SPECIMEN","Crataegus rivularis"
"1928608614","Crataegus rivularis",-112.39,42.96,1978,8,9,"US","PRESERVED_SPECIMEN","Crataegus rivularis"
"1930146864","Crataegus rivularis",-113.92,39.7,1978,9,26,"US","PRESERVED_SPECIMEN","Crataegus rivularis"
"2573373360","Crataegus rivularis",-108.556746,37.572502,1978,NA,NA,"US","PRESERVED_SPECIMEN","Crataegus rivularis"
"1927940520","Crataegus rivularis",-111.727804,41.749538,1977,7,27,"US","PRESERVED_SPECIMEN","Crataegus rivularis"
"2573373180","Crataegus rivularis",-106.709205,39.504697,1977,8,NA,"US","PRESERVED_SPECIMEN","Crataegus rivularis"
"2242369176","Crataegus rivularis",-106.800764,37.48189,1976,5,28,"US","PRESERVED_SPECIMEN","Crataegus rivularis"
"2573371965","Crataegus rivularis",-108.25825,40.41921,1976,9,NA,"US","PRESERVED_SPECIMEN","Crataegus rivularis"
"4073873334","Crataegus rivularis",-114.8942673,43.1188139,1975,6,20,"US","PRESERVED_SPECIMEN","Crataegus rivularis"
"3798142694","Crataegus rivularis",-108.16,37.33,1972,8,6,"US","PRESERVED_SPECIMEN","Crataegus rivularis"
"3798142696","Crataegus rivularis",-108.1,37.33,1972,9,20,"US","PRESERVED_SPECIMEN","Crataegus rivularis"
"3798138304","Crataegus rivularis",-108.1,37.33,1972,9,20,"US","PRESERVED_SPECIMEN","Crataegus rivularis"
"2859353722","Crataegus rivularis",-112.023033,41.413384,1970,5,27,"US","PRESERVED_SPECIMEN","Crataegus rivularis"
"3798138328","Crataegus rivularis",-107.68,39.24,1969,9,1,"US","PRESERVED_SPECIMEN","Crataegus rivularis"
"2573415544","Crataegus rivularis",-111.932418,41.86269,1967,5,23,"US","PRESERVED_SPECIMEN","Crataegus rivularis"
"2270611665","Crataegus rivularis",-111.023,34.3253,1965,7,22,"US","PRESERVED_SPECIMEN","Crataegus rivularis"
"2270607943","Crataegus rivularis",-111.023,34.3253,1965,7,22,"US","PRESERVED_SPECIMEN","Crataegus rivularis"
"1928890738","Crataegus rivularis",-109.603882,40.528106,1963,5,18,"US","PRESERVED_SPECIMEN","Crataegus rivularis"
"1930951127","Crataegus rivularis",-106.998184,38.517274,1963,7,20,"US","PRESERVED_SPECIMEN","Crataegus rivularis"
"3798138307","Crataegus rivularis",-108.23,37.35,1963,8,29,"US","PRESERVED_SPECIMEN","Crataegus rivularis"
"1930763356","Crataegus rivularis",-111.79,39.55,1963,9,11,"US","PRESERVED_SPECIMEN","Crataegus rivularis"
"2423886340","Crataegus rivularis",-106.6316,39.6573,1953,8,25,"US","PRESERVED_SPECIMEN","Crataegus rivularis"
"3798138295","Crataegus rivularis",-106.63,39.65,1953,8,25,"US","PRESERVED_SPECIMEN","Crataegus rivularis"
"1929529127","Crataegus rivularis",-106.518996,38.227336,1951,7,12,"US","PRESERVED_SPECIMEN","Crataegus rivularis"
"3798138292","Crataegus rivularis",-107.24,40.7,1950,8,14,"US","PRESERVED_SPECIMEN","Crataegus rivularis"
"2573372400","Crataegus rivularis",-108.54404,38.22183,1949,5,30,"US","PRESERVED_SPECIMEN","Crataegus rivularis"
"2573372367","Crataegus rivularis",-108.71009,38.7831,1949,6,1,"US","PRESERVED_SPECIMEN","Crataegus rivularis"
"3798138294","Crataegus rivularis",-109.01,38.33,1949,6,11,"US","PRESERVED_SPECIMEN","Crataegus rivularis"
"2573413371","Crataegus rivularis",-105.6428,41.2272,1948,8,23,"US","PRESERVED_SPECIMEN","Crataegus rivularis"
"3798138311","Crataegus rivularis",-108.9,38.73,1947,5,25,"US","PRESERVED_SPECIMEN","Crataegus rivularis"
"3798138308","Crataegus rivularis",-108.9,38.73,1947,5,25,"US","PRESERVED_SPECIMEN","Crataegus rivularis"
"4073754684","Crataegus rivularis",-112.510411,43.00413,1947,8,10,"US","PRESERVED_SPECIMEN","Crataegus rivularis"
"4073918314","Crataegus rivularis",-112.245897,42.798079,1946,6,29,"US","PRESERVED_SPECIMEN","Crataegus rivularis"
"2270610015","Crataegus rivularis",-111.016,34.3152,1946,7,22,"US","PRESERVED_SPECIMEN","Crataegus rivularis"
"4073749254","Crataegus rivularis",-112.479941,42.829227,1946,9,24,"US","PRESERVED_SPECIMEN","Crataegus rivularis"
"3798138303","Crataegus rivularis",-107.54,39.57,1944,9,8,"US","PRESERVED_SPECIMEN","Crataegus rivularis"
"1928166287","Crataegus rivularis",-115.478393,40.727983,1941,5,23,"US","PRESERVED_SPECIMEN","Crataegus rivularis"
"4073717161","Crataegus rivularis",-112.37389,42.80278,1941,5,28,"US","PRESERVED_SPECIMEN","Crataegus rivularis"
"4069781648","Crataegus rivularis",-111.80639,42.01361,1941,8,12,"US","PRESERVED_SPECIMEN","Crataegus rivularis"
"4073716632","Crataegus rivularis",-111.822361,42.004737,1941,8,15,"US","PRESERVED_SPECIMEN","Crataegus rivularis"
"4404893127","Crataegus rivularis",-115.265213,40.990654,1940,5,11,"US","PRESERVED_SPECIMEN","Crataegus rivularis"
"2859353083","Crataegus rivularis",-107.35582,40.515092,1940,7,7,"US","PRESERVED_SPECIMEN","Crataegus rivularis"
"4073695130","Crataegus rivularis",-112.3949,42.752082,1939,4,17,"US","PRESERVED_SPECIMEN","Crataegus rivularis"
"4404891881","Crataegus rivularis",-111.467664,40.749939,1939,8,19,"US","PRESERVED_SPECIMEN","Crataegus rivularis"
"1928912211","Crataegus rivularis",-112.125697,42.124919,1938,9,14,"US","PRESERVED_SPECIMEN","Crataegus rivularis"
"1928419343","Crataegus rivularis",-110.29095,41.365248,1937,6,10,"US","PRESERVED_SPECIMEN","Crataegus rivularis"
"1930236801","Crataegus rivularis",-111.159146,42.21962,1937,9,6,"US","PRESERVED_SPECIMEN","Crataegus rivularis"
"2573372773","Crataegus rivularis",-108.48093,37.4744,1936,9,6,"US","PRESERVED_SPECIMEN","Crataegus rivularis"
"2573372443","Crataegus rivularis",-105.949185,38.248604,1935,6,17,"US","PRESERVED_SPECIMEN","Crataegus rivularis"
"2573372776","Crataegus rivularis",-105.950912,38.2496,1934,7,14,"US","PRESERVED_SPECIMEN","Crataegus rivularis"
"1929232783","Crataegus rivularis",-109.677879,40.924322,1932,6,3,"US","PRESERVED_SPECIMEN","Crataegus rivularis"
"3414425544","Crataegus rivularis",-107.297157,37.210545,1928,7,29,"US","PRESERVED_SPECIMEN","Crataegus rivularis"
"2859065732","Crataegus rivularis",-111.635199,39.62996,1928,8,23,"US","PRESERVED_SPECIMEN","Crataegus rivularis"
"1928781844","Crataegus rivularis",-107.880067,37.27528,1925,5,14,"US","PRESERVED_SPECIMEN","Crataegus rivularis"
"2573372696","Crataegus rivularis",-107.33918,37.19957,1924,6,18,"US","PRESERVED_SPECIMEN","Crataegus rivularis"
"2573371745","Crataegus rivularis",-107.332549,37.186937,1924,6,18,"US","PRESERVED_SPECIMEN","Crataegus rivularis"
"2573371653","Crataegus rivularis",-107.33918,37.19957,1924,9,9,"US","PRESERVED_SPECIMEN","Crataegus rivularis"
"2573371850","Crataegus rivularis",-107.33368,37.1896,1924,9,9,"US","PRESERVED_SPECIMEN","Crataegus rivularis"
"2846006138","Crataegus rivularis",-107.5,37.1,1917,9,8,"US","PRESERVED_SPECIMEN","Crataegus rivularis"
"4073780633","Crataegus rivularis",-112.186203,44.360188,1916,6,NA,"US","PRESERVED_SPECIMEN","Crataegus rivularis"
"3798138310","Crataegus rivularis",-108.4,37.49,1916,7,15,"US","PRESERVED_SPECIMEN","Crataegus rivularis"
"1929736672","Crataegus rivularis",-112.445534,42.871303,1915,NA,NA,"US","PRESERVED_SPECIMEN","Crataegus rivularis"
"4404893224","Crataegus rivularis",-111.630251,39.373664,1914,7,25,"US","PRESERVED_SPECIMEN","Crataegus rivularis"
"4404893226","Crataegus rivularis",-109.365983,37.869012,1911,7,26,"US","PRESERVED_SPECIMEN","Crataegus rivularis"
"1930637595","Crataegus rivularis",-112.193023,42.650472,1911,8,4,"US","PRESERVED_SPECIMEN","Crataegus rivularis"
"2573374732","Crataegus rivularis",-107.74399,40.03309,1910,8,17,"US","PRESERVED_SPECIMEN","Crataegus rivularis"
"2573372882","Crataegus rivularis",-107.74399,40.03309,1910,8,17,"US","PRESERVED_SPECIMEN","Crataegus rivularis"
"1930939134","Crataegus rivularis",-105.1911,39.653599,1910,10,2,"US","PRESERVED_SPECIMEN","Crataegus rivularis"
"2573372190","Crataegus rivularis",-107.536443,39.572757,1909,8,2,"US","PRESERVED_SPECIMEN","Crataegus rivularis"
"4404893229","Crataegus rivularis",-115.594861,40.544136,1908,8,13,"US","PRESERVED_SPECIMEN","Crataegus rivularis"
"2573373327","Crataegus rivularis",-106.47619,40.01668,1907,6,24,"US","PRESERVED_SPECIMEN","Crataegus rivularis"
"1928757754","Crataegus rivularis",-107.880067,37.27528,1907,7,8,"US","PRESERVED_SPECIMEN","Crataegus rivularis"
"1930486401","Crataegus rivularis",-111.95633,39.95273,1905,8,15,"US","PRESERVED_SPECIMEN","Crataegus rivularis"
"1927906402","Crataegus rivularis",-111.801331,40.813166,1904,8,5,"US","PRESERVED_SPECIMEN","Crataegus rivularis"
"1927795021","Crataegus rivularis",-111.850766,40.391617,1902,6,20,"US","PRESERVED_SPECIMEN","Crataegus rivularis"
"1929319464","Crataegus rivularis",-107.841696,39.796638,1902,6,7,"US","PRESERVED_SPECIMEN","Crataegus rivularis"
"1929540306","Crataegus rivularis",-107.747966,40.267541,1902,6,9,"US","PRESERVED_SPECIMEN","Crataegus rivularis"
"3500119574","Crataegus rivularis",-107.6425,38.44444,1901,7,NA,"US","PRESERVED_SPECIMEN","Crataegus rivularis"
"1930669942","Crataegus rivularis",-106.678646,39.702764,1900,6,21,"US","PRESERVED_SPECIMEN","Crataegus rivularis"
"1927841931","Crataegus rivularis",-111.891047,40.760779,1900,9,NA,"US","PRESERVED_SPECIMEN","Crataegus rivularis"
"2859063090","Crataegus rivularis",-109.968758,41.593567,1898,6,13,"US","PRESERVED_SPECIMEN","Crataegus rivularis"
"1929110023","Crataegus rivularis",-106.831716,40.484977,1898,8,8,"US","PRESERVED_SPECIMEN","Crataegus rivularis"
"1928596169","Crataegus rivularis",-111.5833,39.35,1896,6,NA,"US","PRESERVED_SPECIMEN","Crataegus rivularis"
"1929771769","Crataegus rivularis",-106.678646,39.702764,1896,7,11,"US","PRESERVED_SPECIMEN","Crataegus rivularis"
"1930479906","Crataegus rivularis",-105.840527,38.242221,1896,7,23,"US","PRESERVED_SPECIMEN","Crataegus rivularis"
"1927812615","Crataegus rivularis",-111.834388,41.735486,1895,8,9,"US","PRESERVED_SPECIMEN","Crataegus rivularis"
"1928800548","Crataegus rivularis",-111.834388,41.735486,1895,8,9,"US","PRESERVED_SPECIMEN","Crataegus rivularis"
"1930651642","Crataegus rivularis",-111.834388,41.735486,1895,8,9,"US","PRESERVED_SPECIMEN","Crataegus rivularis"
"2430181915","Crataegus rivularis",-111.807992,40.82223,1895,8,14,"US","PRESERVED_SPECIMEN","Crataegus rivularis"
"2430360681","Crataegus rivularis",-111.408228,39.62629,1894,6,30,"US","PRESERVED_SPECIMEN","Crataegus rivularis"
"2430253935","Crataegus rivularis",-107.302343,38.459712,1884,6,NA,"US","PRESERVED_SPECIMEN","Crataegus rivularis"
"1929844585","Crataegus rivularis",-111.891047,40.760779,1883,5,NA,"US","PRESERVED_SPECIMEN","Crataegus rivularis"
"2859063751","Crataegus rivularis",-111.891047,40.760779,1880,5,26,"US","PRESERVED_SPECIMEN","Crataegus rivularis"
"1929091972","Crataegus rivularis",-111.891047,40.760779,1880,5,26,"US","PRESERVED_SPECIMEN","Crataegus rivularis"
"1930395107","Crataegus rivularis",-111.927399,40.780581,1880,5,26,"US","PRESERVED_SPECIMEN","Crataegus rivularis"
"1930706404","Crataegus rivularis",-111.927399,40.780581,1880,5,26,"US","PRESERVED_SPECIMEN","Crataegus rivularis"
"1930779378","Crataegus rivularis",-111.927399,40.780581,1880,5,26,"US","PRESERVED_SPECIMEN","Crataegus rivularis"
"2430169560","Crataegus rivularis",-111.807992,40.82223,1880,6,10,"US","PRESERVED_SPECIMEN","Crataegus rivularis"
"2430426276","Crataegus rivularis",-111.807992,40.82223,1880,7,17,"US","PRESERVED_SPECIMEN","Crataegus rivularis"
"2430200200","Crataegus rivularis",-111.807992,40.82223,1880,7,3,"US","PRESERVED_SPECIMEN","Crataegus rivularis"
"2430474093","Crataegus rivularis",-111.544662,40.520155,1880,8,2,"US","PRESERVED_SPECIMEN","Crataegus rivularis"
"1928577311","Crataegus rivularis",-111.884658,40.776335,1879,7,25,"US","PRESERVED_SPECIMEN","Crataegus rivularis"
"1928978043","Crataegus rivularis",-111.884658,40.776335,1879,7,25,"US","PRESERVED_SPECIMEN","Crataegus rivularis"
"1928226508","Crataegus rivularis",-105.1911,39.653599,1878,7,7,"US","PRESERVED_SPECIMEN","Crataegus rivularis"
"1928463505","Crataegus rivularis",-105.1911,39.653599,1878,7,7,"US","PRESERVED_SPECIMEN","Crataegus rivularis"
"1930950889","Crataegus rivularis",-105.1911,39.653599,1878,7,7,"US","PRESERVED_SPECIMEN","Crataegus rivularis"
"1928245753","Crataegus rivularis",-111.806804,40.145855,1844,5,NA,"US","PRESERVED_SPECIMEN","Crataegus rivularis"
"2573373278","Crataegus rivularis",-108.212,38.1102,NA,NA,NA,"US","PRESERVED_SPECIMEN","Crataegus rivularis"
"2573372308","Crataegus rivularis",-107.55673,38.44249,NA,NA,NA,"US","PRESERVED_SPECIMEN","Crataegus rivularis"
"2242388619","Crataegus rivularis",-105.500278,38.9984,NA,NA,NA,"US","PRESERVED_SPECIMEN","Crataegus rivularis"
"2270607984","Crataegus rivularis",-111.324,34.2308,NA,NA,NA,"US","PRESERVED_SPECIMEN","Crataegus rivularis"
