"gbifID","species","longitude","latitude","year","month","day","countryCode","basisOfRecord","accepted_name"
"3715410681","Crithmum maritimum",-124.289102,49.330664,2017,6,11,"CA","HUMAN_OBSERVATION","Crithmum maritimum"
"4172122905","Crithmum maritimum",-122.312439,37.863314,2023,8,4,"US","HUMAN_OBSERVATION","Crithmum maritimum"
"2430299481","Crithmum maritimum",-121.9074,36.96944,2013,9,20,"US","PRESERVED_SPECIMEN","Crithmum maritimum"
"2430330007","Crithmum maritimum",-121.9074,36.96944,2013,9,20,"US","PRESERVED_SPECIMEN","Crithmum maritimum"
"2418055558","Crithmum maritimum",-121.740833,36.969444,2013,9,20,"US","PRESERVED_SPECIMEN","Crithmum maritimum"
"2242390773","Crithmum maritimum",-104.961468,39.732207,1984,8,31,"US","PRESERVED_SPECIMEN","Crithmum maritimum"
