"gbifID","species","longitude","latitude","year","month","day","countryCode","basisOfRecord","accepted_name"
"4171730569","Aulospermum purpureum",-113.549795,36.802166,2023,4,10,"US","HUMAN_OBSERVATION","Cymopterus purpureus"
"4102632953","Aulospermum purpureum",-113.341628,37.214539,2023,4,19,"US","HUMAN_OBSERVATION","Cymopterus purpureus"
"4171185671","Aulospermum purpureum",-109.116104,39.189301,2023,4,24,"US","HUMAN_OBSERVATION","Cymopterus purpureus"
"4171624445","Aulospermum purpureum",-109.115372,39.189262,2023,4,24,"US","HUMAN_OBSERVATION","Cymopterus purpureus"
"4171272500","Aulospermum purpureum",-109.115372,39.189262,2023,4,24,"US","HUMAN_OBSERVATION","Cymopterus purpureus"
"4171407687","Aulospermum purpureum",-109.030754,39.190422,2023,4,24,"US","HUMAN_OBSERVATION","Cymopterus purpureus"
"4171236706","Aulospermum purpureum",-109.030876,39.190399,2023,4,24,"US","HUMAN_OBSERVATION","Cymopterus purpureus"
"4171321621","Aulospermum purpureum",-109.030998,39.19038,2023,4,24,"US","HUMAN_OBSERVATION","Cymopterus purpureus"
"4171226541","Aulospermum purpureum",-108.159927,39.289742,2023,4,24,"US","HUMAN_OBSERVATION","Cymopterus purpureus"
"4171590733","Aulospermum purpureum",-107.863845,36.54303,2023,4,26,"US","HUMAN_OBSERVATION","Cymopterus purpureus"
"4171352513","Aulospermum purpureum",-108.158692,39.294461,2023,4,30,"US","HUMAN_OBSERVATION","Cymopterus purpureus"
"4171235580","Aulospermum purpureum",-113.202689,37.241881,2023,4,24,"US","HUMAN_OBSERVATION","Cymopterus purpureus"
"4171143688","Aulospermum purpureum",-113.205108,37.241539,2023,4,24,"US","HUMAN_OBSERVATION","Cymopterus purpureus"
"4171236718","Aulospermum purpureum",-113.76411,37.12317,2023,4,19,"US","HUMAN_OBSERVATION","Cymopterus purpureus"
"4171285571","Aulospermum purpureum",-108.056283,39.469319,2023,4,30,"US","HUMAN_OBSERVATION","Cymopterus purpureus"
"4171319754","Aulospermum purpureum",-108.262297,39.321756,2023,4,30,"US","HUMAN_OBSERVATION","Cymopterus purpureus"
"4171256771","Aulospermum purpureum",-108.847324,39.145073,2023,4,30,"US","HUMAN_OBSERVATION","Cymopterus purpureus"
"4171406623","Aulospermum purpureum",-109.367797,38.458528,2023,5,4,"US","HUMAN_OBSERVATION","Cymopterus purpureus"
"4111565267","Aulospermum purpureum",-112.953238,37.259695,2023,5,4,"US","HUMAN_OBSERVATION","Cymopterus purpureus"
"4177035726","Aulospermum purpureum",-107.874038,37.305047,2023,5,4,"US","HUMAN_OBSERVATION","Cymopterus purpureus"
"4171250599","Aulospermum purpureum",-108.775703,38.390158,2023,5,7,"US","HUMAN_OBSERVATION","Cymopterus purpureus"
"4171299493","Aulospermum purpureum",-110.138344,38.402324,2023,5,8,"US","HUMAN_OBSERVATION","Cymopterus purpureus"
"4171161808","Aulospermum purpureum",-109.169655,38.118431,2023,5,16,"US","HUMAN_OBSERVATION","Cymopterus purpureus"
"4121331174","Aulospermum purpureum",-113.191567,37.451172,2023,5,20,"US","HUMAN_OBSERVATION","Cymopterus purpureus"
"4137620988","Aulospermum purpureum",-113.04753,37.684145,2023,5,22,"US","HUMAN_OBSERVATION","Cymopterus purpureus"
"4171211812","Aulospermum purpureum",-113.185888,37.406395,2023,5,5,"US","HUMAN_OBSERVATION","Cymopterus purpureus"
"4171265787","Aulospermum purpureum",-112.848864,38.361672,2023,5,30,"US","HUMAN_OBSERVATION","Cymopterus purpureus"
"4171441586","Aulospermum purpureum",-113.199074,37.462467,2023,5,24,"US","HUMAN_OBSERVATION","Cymopterus purpureus"
"4177080549","Aulospermum purpureum",-108.216753,37.181787,2023,5,18,"US","HUMAN_OBSERVATION","Cymopterus purpureus"
"4171732770","Aulospermum purpureum",-109.820888,37.391887,2023,6,4,"US","HUMAN_OBSERVATION","Cymopterus purpureus"
"4171267489","Aulospermum purpureum",-108.744044,37.664021,2023,6,8,"US","HUMAN_OBSERVATION","Cymopterus purpureus"
"4171409030","Aulospermum purpureum",-108.732253,39.05215,2023,6,29,"US","HUMAN_OBSERVATION","Cymopterus purpureus"
"4171234486","Aulospermum purpureum",-112.958706,37.252884,2022,3,21,"US","HUMAN_OBSERVATION","Cymopterus purpureus"
"4034701500","Aulospermum purpureum",-113.190987,37.452192,2022,4,4,"US","HUMAN_OBSERVATION","Cymopterus purpureus"
"3802642419","Aulospermum purpureum",-113.036342,37.176714,2022,4,13,"US","HUMAN_OBSERVATION","Cymopterus purpureus"
"3760297127","Aulospermum purpureum",-113.0355,37.173647,2022,4,7,"US","HUMAN_OBSERVATION","Cymopterus purpureus"
"3760363775","Aulospermum purpureum",-112.95932,37.25227,2022,4,12,"US","HUMAN_OBSERVATION","Cymopterus purpureus"
"3764158806","Aulospermum purpureum",-113.194917,37.457113,2022,4,24,"US","HUMAN_OBSERVATION","Cymopterus purpureus"
"4069038245","Aulospermum purpureum",-109.9859,37.42699,2022,4,18,"US","PRESERVED_SPECIMEN","Cymopterus purpureus"
"4171180532","Aulospermum purpureum",-111.644701,38.886635,2022,5,4,"US","HUMAN_OBSERVATION","Cymopterus purpureus"
"3773005033","Aulospermum purpureum",-113.524619,37.299511,2022,5,3,"US","HUMAN_OBSERVATION","Cymopterus purpureus"
"3772920554","Aulospermum purpureum",-113.524619,37.299519,2022,5,3,"US","HUMAN_OBSERVATION","Cymopterus purpureus"
"4171355490","Aulospermum purpureum",-113.199677,37.461579,2022,5,5,"US","HUMAN_OBSERVATION","Cymopterus purpureus"
"4171739412","Aulospermum purpureum",-112.95958,37.252112,2022,5,5,"US","HUMAN_OBSERVATION","Cymopterus purpureus"
"4171148405","Aulospermum purpureum",-110.150219,38.417254,2022,5,10,"US","HUMAN_OBSERVATION","Cymopterus purpureus"
"4399985435","Aulospermum purpureum",-108.867937,37.391053,2022,5,7,"US","HUMAN_OBSERVATION","Cymopterus purpureus"
"4413535499","Aulospermum purpureum",-108.868737,37.390567,2022,5,7,"US","HUMAN_OBSERVATION","Cymopterus purpureus"
"3802355513","Aulospermum purpureum",-108.932233,37.345486,2022,5,18,"US","HUMAN_OBSERVATION","Cymopterus purpureus"
"3859604216","Aulospermum purpureum",-112.958461,37.253312,2022,5,22,"US","HUMAN_OBSERVATION","Cymopterus purpureus"
"4171242561","Aulospermum purpureum",-113.271988,37.041897,2022,5,5,"US","HUMAN_OBSERVATION","Cymopterus purpureus"
"4171168550","Aulospermum purpureum",-112.557538,37.026059,2022,5,7,"US","HUMAN_OBSERVATION","Cymopterus purpureus"
"3966732841","Aulospermum purpureum",-112.282953,37.733862,2022,6,22,"US","HUMAN_OBSERVATION","Cymopterus purpureus"
"4034830433","Aulospermum purpureum",-111.879615,38.899147,2022,6,23,"US","HUMAN_OBSERVATION","Cymopterus purpureus"
"4034700350","Aulospermum purpureum",-111.227648,38.290127,2021,3,27,"US","HUMAN_OBSERVATION","Cymopterus purpureus"
"3124596401","Aulospermum purpureum",-113.191253,37.452155,2021,4,22,"US","HUMAN_OBSERVATION","Cymopterus purpureus"
"4171260412","Aulospermum purpureum",-109.43303,38.424958,2021,4,28,"US","HUMAN_OBSERVATION","Cymopterus purpureus"
"4171259476","Aulospermum purpureum",-108.525304,37.459622,2021,4,28,"US","HUMAN_OBSERVATION","Cymopterus purpureus"
"4171333335","Aulospermum purpureum",-113.191328,37.452144,2021,5,25,"US","HUMAN_OBSERVATION","Cymopterus purpureus"
"4171321438","Aulospermum purpureum",-113.007386,37.666303,2021,6,18,"US","HUMAN_OBSERVATION","Cymopterus purpureus"
"4171363500","Aulospermum purpureum",-111.58642,37.94247,2021,6,14,"US","HUMAN_OBSERVATION","Cymopterus purpureus"
"3415590382","Aulospermum purpureum",-110.66838,39.07086,2020,4,25,"US","HUMAN_OBSERVATION","Cymopterus purpureus"
"4171397518","Aulospermum purpureum",-110.6769,39.05349,2020,4,25,"US","HUMAN_OBSERVATION","Cymopterus purpureus"
"3415895399","Aulospermum purpureum",-110.82081,39.52884,2020,5,23,"US","HUMAN_OBSERVATION","Cymopterus purpureus"
"3783625264","Aulospermum purpureum",-108.950917,39.190767,2020,5,28,"US","PRESERVED_SPECIMEN","Cymopterus purpureus"
"4069010417","Aulospermum purpureum",-110.81213,38.86213,2020,5,14,"US","PRESERVED_SPECIMEN","Cymopterus purpureus"
"4171418345","Aulospermum purpureum",-109.075097,39.134442,2020,5,5,"US","HUMAN_OBSERVATION","Cymopterus purpureus"
"4034776369","Aulospermum purpureum",-113.579087,37.015736,2020,5,19,"US","HUMAN_OBSERVATION","Cymopterus purpureus"
"4171142410","Aulospermum purpureum",-113.091263,37.142855,2020,5,22,"US","HUMAN_OBSERVATION","Cymopterus purpureus"
"4069022734","Aulospermum purpureum",-110.5489,39.4987,2020,5,15,"US","PRESERVED_SPECIMEN","Cymopterus purpureus"
"4069038632","Aulospermum purpureum",-109.69811,40.32544,2020,5,15,"US","PRESERVED_SPECIMEN","Cymopterus purpureus"
"4069010545","Aulospermum purpureum",-109.69811,40.32544,2020,5,15,"US","PRESERVED_SPECIMEN","Cymopterus purpureus"
"4073733045","Aulospermum purpureum",-111.26411,43.10439,2020,6,27,"US","PRESERVED_SPECIMEN","Cymopterus purpureus"
"4068947611","Aulospermum purpureum",-111.26411,43.10439,2020,6,27,"US","PRESERVED_SPECIMEN","Cymopterus purpureus"
"4069032262","Aulospermum purpureum",-111.26411,43.10439,2020,6,27,"US","PRESERVED_SPECIMEN","Cymopterus purpureus"
"3705533468","Aulospermum purpureum",-112.97366,37.19787,2019,3,26,"US","HUMAN_OBSERVATION","Cymopterus purpureus"
"4171265448","Aulospermum purpureum",-112.80816,38.30277,2019,4,27,"US","HUMAN_OBSERVATION","Cymopterus purpureus"
"4171155334","Aulospermum purpureum",-112.959131,37.254494,2019,4,27,"US","HUMAN_OBSERVATION","Cymopterus purpureus"
"2429367294","Aulospermum purpureum",-108.720108,38.27593,2019,4,27,"US","HUMAN_OBSERVATION","Cymopterus purpureus"
"2596444549","Aulospermum purpureum",-112.94787,37.264245,2019,4,21,"US","HUMAN_OBSERVATION","Cymopterus purpureus"
"2265855612","Aulospermum purpureum",-113.421775,37.258797,2019,5,22,"US","HUMAN_OBSERVATION","Cymopterus purpureus"
"4171418327","Aulospermum purpureum",-107.700417,36.915536,2019,5,7,"US","HUMAN_OBSERVATION","Cymopterus purpureus"
"3821812303","Aulospermum purpureum",-105.93006,36.53358,2019,5,14,"US","PRESERVED_SPECIMEN","Cymopterus purpureus"
"4171268409","Aulospermum purpureum",-112.50131,38.26276,2019,6,20,"US","HUMAN_OBSERVATION","Cymopterus purpureus"
"4171320482","Aulospermum purpureum",-109.67175,40.42272,2019,6,3,"US","HUMAN_OBSERVATION","Cymopterus purpureus"
"2252058221","Aulospermum purpureum",-112.956161,37.258011,2019,6,4,"US","HUMAN_OBSERVATION","Cymopterus purpureus"
"3018059333","Aulospermum purpureum",-107.709458,38.356562,2019,6,7,"US","HUMAN_OBSERVATION","Cymopterus purpureus"
"4034799325","Aulospermum purpureum",-111.985589,37.577294,2019,6,10,"US","HUMAN_OBSERVATION","Cymopterus purpureus"
"4171303566","Aulospermum purpureum",-108.26213,39.322137,2018,5,1,"US","HUMAN_OBSERVATION","Cymopterus purpureus"
"4171165478","Aulospermum purpureum",-107.844172,39.55563,2018,5,1,"US","HUMAN_OBSERVATION","Cymopterus purpureus"
"1842915814","Aulospermum purpureum",-107.971609,36.951639,2017,5,3,"US","PRESERVED_SPECIMEN","Cymopterus purpureus"
"2423863621","Aulospermum purpureum",-107.971609,36.951639,2017,5,3,"US","PRESERVED_SPECIMEN","Cymopterus purpureus"
"4068947462","Aulospermum purpureum",-113.049,37.6673,2017,5,21,"US","PRESERVED_SPECIMEN","Cymopterus purpureus"
"4071103390","Aulospermum purpureum",-113.14669,37.56467,2017,5,13,"US","PRESERVED_SPECIMEN","Cymopterus purpureus"
"4126311345","Aulospermum purpureum",-113.3267,37.62701,2017,5,6,"US","PRESERVED_SPECIMEN","Cymopterus purpureus"
"2270481638","Aulospermum purpureum",-113.269044,37.08394,2016,5,7,"US","PRESERVED_SPECIMEN","Cymopterus purpureus"
"4100386385","Aulospermum purpureum",-109.00941,39.18478,2016,5,22,"US","PRESERVED_SPECIMEN","Cymopterus purpureus"
"3091262471","Aulospermum purpureum",-112.44675,36.998667,2015,5,21,"US","PRESERVED_SPECIMEN","Cymopterus purpureus"
"1948792164","Aulospermum purpureum",-107.21639,36.91536,2015,5,23,"US","HUMAN_OBSERVATION","Cymopterus purpureus"
"4068902135","Aulospermum purpureum",-111.83166,37.67687,2015,6,8,"US","PRESERVED_SPECIMEN","Cymopterus purpureus"
"4171737301","Aulospermum purpureum",-108.640701,39.017063,2014,5,8,"US","HUMAN_OBSERVATION","Cymopterus purpureus"
"4171353440","Aulospermum purpureum",-108.259659,39.315285,2013,4,19,"US","HUMAN_OBSERVATION","Cymopterus purpureus"
"4126689233","Aulospermum purpureum",-108.273349,39.310504,2013,4,27,"US","HUMAN_OBSERVATION","Cymopterus purpureus"
"3698141302","Aulospermum purpureum",-112.564021,37.019319,2013,4,17,"US","HUMAN_OBSERVATION","Cymopterus purpureus"
"2270693911","Aulospermum purpureum",-112.564021,37.019319,2013,4,17,"US","PRESERVED_SPECIMEN","Cymopterus purpureus"
"2270490784","Aulospermum purpureum",-110.607689,38.939283,2013,5,5,"US","PRESERVED_SPECIMEN","Cymopterus purpureus"
"3357284341","Aulospermum purpureum",-108.172,39.3844,2013,6,17,"US","PRESERVED_SPECIMEN","Cymopterus purpureus"
"2545504837","Aulospermum purpureum",-109.573448,38.974327,2013,9,30,"US","HUMAN_OBSERVATION","Cymopterus purpureus"
"2573341923","Aulospermum purpureum",-107.98356,38.9075,2012,4,22,"US","PRESERVED_SPECIMEN","Cymopterus purpureus"
"2573343664","Aulospermum purpureum",-107.76098,38.9091,2012,5,1,"US","PRESERVED_SPECIMEN","Cymopterus purpureus"
"4069704362","Aulospermum purpureum",-107.257952,36.796064,2011,5,3,"US","PRESERVED_SPECIMEN","Cymopterus purpureus"
"4166230708","Aulospermum purpureum",-108.1284,39.2072,2011,5,27,"US","PRESERVED_SPECIMEN","Cymopterus purpureus"
"1929455642","Aulospermum purpureum",-108.0425,39.3924,2011,5,29,"US","PRESERVED_SPECIMEN","Cymopterus purpureus"
"4068950429","Aulospermum purpureum",-107.257952,36.796064,2011,5,3,"US","PRESERVED_SPECIMEN","Cymopterus purpureus"
"4068954228","Aulospermum purpureum",-110.802588,38.769721,2011,5,11,"US","PRESERVED_SPECIMEN","Cymopterus purpureus"
"4069026779","Aulospermum purpureum",-110.802588,38.769721,2011,5,11,"US","PRESERVED_SPECIMEN","Cymopterus purpureus"
"4069841929","Aulospermum purpureum",-110.802588,38.769721,2011,5,11,"US","PRESERVED_SPECIMEN","Cymopterus purpureus"
"4073809601","Aulospermum purpureum",-110.802588,38.769721,2011,5,11,"US","PRESERVED_SPECIMEN","Cymopterus purpureus"
"4069025880","Aulospermum purpureum",-107.257952,36.796064,2011,5,3,"US","PRESERVED_SPECIMEN","Cymopterus purpureus"
"4166230715","Aulospermum purpureum",-107.7654,38.8903,2011,6,8,"US","PRESERVED_SPECIMEN","Cymopterus purpureus"
"3798074526","Aulospermum purpureum",-108.15,39.29,2010,3,5,"US","PRESERVED_SPECIMEN","Cymopterus purpureus"
"1846517048","Aulospermum purpureum",-112.03301,36.955578,2010,5,8,"US","PRESERVED_SPECIMEN","Cymopterus purpureus"
"3798074529","Aulospermum purpureum",-108.15,39.27,2010,5,16,"US","PRESERVED_SPECIMEN","Cymopterus purpureus"
"3460935308","Aulospermum purpureum",-112.03301,36.955578,2010,5,8,"US","PRESERVED_SPECIMEN","Cymopterus purpureus"
"4166231113","Aulospermum purpureum",-108.2151,38.8479,2010,5,5,"US","PRESERVED_SPECIMEN","Cymopterus purpureus"
"2573502839","Aulospermum purpureum",-108.1732,39.3157,2010,5,3,"US","PRESERVED_SPECIMEN","Cymopterus purpureus"
"1928787848","Aulospermum purpureum",-107.7981,39.5115,2010,5,7,"US","PRESERVED_SPECIMEN","Cymopterus purpureus"
"4171234455","Aulospermum purpureum",-108.566513,37.968649,2010,5,31,"US","HUMAN_OBSERVATION","Cymopterus purpureus"
"1846516438","Aulospermum purpureum",-112.494386,36.914235,2010,6,21,"US","PRESERVED_SPECIMEN","Cymopterus purpureus"
"3964872304","Aulospermum purpureum",-112.494386,36.914235,2010,6,21,"US","PRESERVED_SPECIMEN","Cymopterus purpureus"
"1846526866","Aulospermum purpureum",-112.212467,36.717975,2010,6,21,"US","PRESERVED_SPECIMEN","Cymopterus purpureus"
"4166230713","Aulospermum purpureum",-107.8362,38.6035,2010,6,3,"US","PRESERVED_SPECIMEN","Cymopterus purpureus"
"233098125","Aulospermum purpureum",-108.21495,39.3409,2009,4,28,"US","PRESERVED_SPECIMEN","Cymopterus purpureus"
"4068965854","Aulospermum purpureum",-111.251743,37.994465,2008,4,30,"US","PRESERVED_SPECIMEN","Cymopterus purpureus"
"1986982223","Aulospermum purpureum",-112.02394,37.03672,2008,5,28,"US","PRESERVED_SPECIMEN","Cymopterus purpureus"
"4068971912","Aulospermum purpureum",-113.52754,37.311297,2008,5,27,"US","PRESERVED_SPECIMEN","Cymopterus purpureus"
"3798116598","Aulospermum purpureum",-107.71,38.85,2007,5,12,"US","PRESERVED_SPECIMEN","Cymopterus purpureus"
"4404968390","Aulospermum purpureum",-112.892127,36.880316,2005,5,25,"US","PRESERVED_SPECIMEN","Cymopterus purpureus"
"2573342055","Aulospermum purpureum",-108.688475,37.262931,2004,4,30,"US","PRESERVED_SPECIMEN","Cymopterus purpureus"
"3091239045","Aulospermum purpureum",-108.688909,37.2628789,2004,4,30,"US","PRESERVED_SPECIMEN","Cymopterus purpureus"
"1931312131","Aulospermum purpureum",-108.688475,37.262931,2004,4,30,"US","PRESERVED_SPECIMEN","Cymopterus purpureus"
"1927858291","Aulospermum purpureum",-108.671437,37.266273,2004,5,28,"US","PRESERVED_SPECIMEN","Cymopterus purpureus"
"3091246139","Aulospermum purpureum",-111.0773639,37.6830856,2004,5,23,"US","PRESERVED_SPECIMEN","Cymopterus purpureus"
"4404968796","Aulospermum purpureum",-111.194667,38.122,2004,5,4,"US","PRESERVED_SPECIMEN","Cymopterus purpureus"
"4404968737","Aulospermum purpureum",-113.762431,36.804797,2004,5,28,"US","PRESERVED_SPECIMEN","Cymopterus purpureus"
"2573341289","Aulospermum purpureum",-108.652808,37.218331,2004,5,26,"US","PRESERVED_SPECIMEN","Cymopterus purpureus"
"2573345069","Aulospermum purpureum",-108.672,37.266284,2004,5,28,"US","PRESERVED_SPECIMEN","Cymopterus purpureus"
"2422424353","Aulospermum purpureum",-111.19467,38.122,2004,5,4,"US","PRESERVED_SPECIMEN","Cymopterus purpureus"
"3091231193","Aulospermum purpureum",-108.6532476,37.21828,2004,5,26,"US","PRESERVED_SPECIMEN","Cymopterus purpureus"
"3091231225","Aulospermum purpureum",-108.6724386,37.2662289,2004,5,28,"US","PRESERVED_SPECIMEN","Cymopterus purpureus"
"1986958606","Aulospermum purpureum",-113.763333,37.122778,2004,5,4,"US","PRESERVED_SPECIMEN","Cymopterus purpureus"
"1928348701","Aulospermum purpureum",-113.34833,37.37667,2004,5,13,"US","PRESERVED_SPECIMEN","Cymopterus purpureus"
"2573340167","Aulospermum purpureum",-107.79066,38.56462,2004,6,8,"US","PRESERVED_SPECIMEN","Cymopterus purpureus"
"2573513248","Aulospermum purpureum",-109.029167,37.91,2004,6,2,"US","PRESERVED_SPECIMEN","Cymopterus purpureus"
"3091247491","Aulospermum purpureum",-110.1168735,38.0958133,2003,5,30,"US","PRESERVED_SPECIMEN","Cymopterus purpureus"
"3091209027","Aulospermum purpureum",-109.0665275,36.0209044,2003,6,12,"US","PRESERVED_SPECIMEN","Cymopterus purpureus"
"2573342091","Aulospermum purpureum",-107.70442,38.58501,2003,6,14,"US","PRESERVED_SPECIMEN","Cymopterus purpureus"
"2573341319","Aulospermum purpureum",-107.73441,38.59297,2003,6,14,"US","PRESERVED_SPECIMEN","Cymopterus purpureus"
"2242356155","Aulospermum purpureum",-106.838767,37.079317,2003,6,20,"US","PRESERVED_SPECIMEN","Cymopterus purpureus"
"1986952644","Aulospermum purpureum",-112.259,37.0581,2003,6,9,"US","PRESERVED_SPECIMEN","Cymopterus purpureus"
"240490258","Aulospermum purpureum",-112.530844,37.289671,2001,4,28,"US","PRESERVED_SPECIMEN","Cymopterus purpureus"
"1930235684","Aulospermum purpureum",-112.457817,37.408133,2001,4,28,"US","PRESERVED_SPECIMEN","Cymopterus purpureus"
"3091220599","Aulospermum purpureum",-109.24254,36.00306,2001,5,30,"US","PRESERVED_SPECIMEN","Cymopterus purpureus"
"4171327324","Aulospermum purpureum",-112.960205,37.254259,2001,5,4,"US","HUMAN_OBSERVATION","Cymopterus purpureus"
"3091283049","Aulospermum purpureum",-109.20888,36.27489,2001,5,23,"US","PRESERVED_SPECIMEN","Cymopterus purpureus"
"3091283046","Aulospermum purpureum",-109.31384,36.23458,2001,5,17,"US","PRESERVED_SPECIMEN","Cymopterus purpureus"
"2242393057","Aulospermum purpureum",-110.737917,39.034058,2001,5,8,"US","PRESERVED_SPECIMEN","Cymopterus purpureus"
"2242362754","Aulospermum purpureum",-107.186908,37.232108,2001,6,10,"US","PRESERVED_SPECIMEN","Cymopterus purpureus"
"1929678122","Aulospermum purpureum",-112.8311,37.3356,2000,5,31,"US","PRESERVED_SPECIMEN","Cymopterus purpureus"
"3091197019","Aulospermum purpureum",-107.594955,36.962153,1999,5,19,"US","PRESERVED_SPECIMEN","Cymopterus purpureus"
"1843839362","Aulospermum purpureum",-107.594955,36.962153,1999,5,19,"US","PRESERVED_SPECIMEN","Cymopterus purpureus"
"1930223022","Aulospermum purpureum",-111.1462,37.335167,1999,5,24,"US","PRESERVED_SPECIMEN","Cymopterus purpureus"
"176923103","Aulospermum purpureum",-108.533333,39.304165,1999,6,1,"US","PRESERVED_SPECIMEN","Cymopterus purpureus"
"1843839350","Aulospermum purpureum",-108.54463,35.461946,1999,6,3,"US","PRESERVED_SPECIMEN","Cymopterus purpureus"
"4404968389","Aulospermum purpureum",-113.09,37.121,1998,5,19,"US","PRESERVED_SPECIMEN","Cymopterus purpureus"
"1930680223","Aulospermum purpureum",-110.49,39.89,1998,6,3,"US","PRESERVED_SPECIMEN","Cymopterus purpureus"
"1930586858","Aulospermum purpureum",-110.53,39.89,1998,7,1,"US","PRESERVED_SPECIMEN","Cymopterus purpureus"
"2859405339","Aulospermum purpureum",-109.058671,39.17339,1997,4,15,"US","PRESERVED_SPECIMEN","Cymopterus purpureus"
"1928064002","Aulospermum purpureum",-109.08,38.35,1997,5,31,"US","PRESERVED_SPECIMEN","Cymopterus purpureus"
"3091301540","Aulospermum purpureum",-113.32472,36.41194,1997,5,20,"US","PRESERVED_SPECIMEN","Cymopterus purpureus"
"176923101","Aulospermum purpureum",-109.317702,40.220079,1997,6,3,"US","PRESERVED_SPECIMEN","Cymopterus purpureus"
"1929179981","Aulospermum purpureum",-113.34,37.37,1997,6,10,"US","PRESERVED_SPECIMEN","Cymopterus purpureus"
"1846526757","Aulospermum purpureum",-112.205,36.071667,1996,5,22,"US","PRESERVED_SPECIMEN","Cymopterus purpureus"
"2573342437","Aulospermum purpureum",-108.97012,38.48887,1995,5,30,"US","PRESERVED_SPECIMEN","Cymopterus purpureus"
"1843819976","Aulospermum purpureum",-107.554,36.667,1995,5,23,"US","PRESERVED_SPECIMEN","Cymopterus purpureus"
"1843829442","Aulospermum purpureum",-107.241557,36.943306,1995,5,21,"US","PRESERVED_SPECIMEN","Cymopterus purpureus"
"2573341278","Aulospermum purpureum",-108.869558,37.956381,1995,6,4,"US","PRESERVED_SPECIMEN","Cymopterus purpureus"
"2573422208","Aulospermum purpureum",-109.429329,40.963015,1995,6,27,"US","PRESERVED_SPECIMEN","Cymopterus purpureus"
"2573422621","Aulospermum purpureum",-109.679985,40.425821,1995,6,13,"US","PRESERVED_SPECIMEN","Cymopterus purpureus"
"1846526723","Aulospermum purpureum",-109.643817,37.647817,1995,6,24,"US","PRESERVED_SPECIMEN","Cymopterus purpureus"
"1846526646","Aulospermum purpureum",-110.21325,37.8469,1995,6,21,"US","PRESERVED_SPECIMEN","Cymopterus purpureus"
"3798069486","Aulospermum purpureum",-108.91,37.58,1995,6,8,"US","PRESERVED_SPECIMEN","Cymopterus purpureus"
"3091229696","Aulospermum purpureum",-110.45168,36.66635,1995,7,16,"US","PRESERVED_SPECIMEN","Cymopterus purpureus"
"3783622351","Aulospermum purpureum",-107.951101,39.319542,1994,5,9,"US","PRESERVED_SPECIMEN","Cymopterus purpureus"
"1843829278","Aulospermum purpureum",-107.601361,36.982089,1993,5,18,"US","PRESERVED_SPECIMEN","Cymopterus purpureus"
"1928830830","Aulospermum purpureum",-109.11,40.21,1993,5,28,"US","PRESERVED_SPECIMEN","Cymopterus purpureus"
"1929255652","Aulospermum purpureum",-113.86,41.41,1993,6,5,"US","PRESERVED_SPECIMEN","Cymopterus purpureus"
"4404968809","Aulospermum purpureum",-111.526639,37.724477,1992,5,15,"US","PRESERVED_SPECIMEN","Cymopterus purpureus"
"3344416097","Aulospermum purpureum",-111.526639,37.724477,1992,5,15,"US","PRESERVED_SPECIMEN","Cymopterus purpureus"
"2270696578","Aulospermum purpureum",-113.2236,36.800566,1992,5,11,"US","PRESERVED_SPECIMEN","Cymopterus purpureus"
"1930289645","Aulospermum purpureum",-110.51,39.89,1992,7,6,"US","PRESERVED_SPECIMEN","Cymopterus purpureus"
"2573342042","Aulospermum purpureum",-107.796905,39.60291,1991,5,25,"US","PRESERVED_SPECIMEN","Cymopterus purpureus"
"3798126272","Aulospermum purpureum",-108.93,37.59,1991,5,20,"US","PRESERVED_SPECIMEN","Cymopterus purpureus"
"2242402731","Aulospermum purpureum",-107.090987,37.057917,1991,6,11,"US","PRESERVED_SPECIMEN","Cymopterus purpureus"
"4404968387","Aulospermum purpureum",-113.78244,37.076388,1988,4,17,"US","PRESERVED_SPECIMEN","Cymopterus purpureus"
"4404968754","Aulospermum purpureum",-113.6514,37.1203,1988,5,5,"US","PRESERVED_SPECIMEN","Cymopterus purpureus"
"3428566553","Aulospermum purpureum",-108.995468,40.564271,1988,6,30,"US","PRESERVED_SPECIMEN","Cymopterus purpureus"
"1931262848","Aulospermum purpureum",-113.06,37.27,1988,6,9,"US","PRESERVED_SPECIMEN","Cymopterus purpureus"
"1986962273","Aulospermum purpureum",-110.40222,38.13583,1987,4,28,"US","PRESERVED_SPECIMEN","Cymopterus purpureus"
"2573338628","Aulospermum purpureum",-108.954303,40.493466,1987,5,30,"US","PRESERVED_SPECIMEN","Cymopterus purpureus"
"3428567360","Aulospermum purpureum",-108.954303,40.493466,1987,5,30,"US","PRESERVED_SPECIMEN","Cymopterus purpureus"
"3798127107","Aulospermum purpureum",-108.95,40.48,1987,5,30,"US","PRESERVED_SPECIMEN","Cymopterus purpureus"
"3798127058","Aulospermum purpureum",-108.64,37.04,1987,5,2,"US","PRESERVED_SPECIMEN","Cymopterus purpureus"
"2270696581","Aulospermum purpureum",-112.89,36.8682,1987,5,18,"US","PRESERVED_SPECIMEN","Cymopterus purpureus"
"1930513290","Aulospermum purpureum",-112.29,37.03,1987,5,9,"US","PRESERVED_SPECIMEN","Cymopterus purpureus"
"1846526655","Aulospermum purpureum",-113.489278,36.258488,1987,6,4,"US","PRESERVED_SPECIMEN","Cymopterus purpureus"
"2422288391","Aulospermum purpureum",-109.83333,37.66667,1987,7,1,"US","PRESERVED_SPECIMEN","Cymopterus purpureus"
"3798127119","Aulospermum purpureum",-108.31,39.31,1986,5,22,"US","PRESERVED_SPECIMEN","Cymopterus purpureus"
"1928879636","Aulospermum purpureum",-112.3834,33.3864,1986,5,24,"US","PRESERVED_SPECIMEN","Cymopterus purpureus"
"1928482385","Aulospermum purpureum",-108.8606,38.3871,1986,6,1,"US","PRESERVED_SPECIMEN","Cymopterus purpureus"
"1927904730","Aulospermum purpureum",-113.63,37.02,1985,4,29,"US","PRESERVED_SPECIMEN","Cymopterus purpureus"
"1930789361","Aulospermum purpureum",-113.65,37.02,1985,4,29,"US","PRESERVED_SPECIMEN","Cymopterus purpureus"
"3091197003","Aulospermum purpureum",-109.55,37.797851,1985,6,11,"US","PRESERVED_SPECIMEN","Cymopterus purpureus"
"1928402400","Aulospermum purpureum",-113.1,37.13,1985,6,1,"US","PRESERVED_SPECIMEN","Cymopterus purpureus"
"2242399099","Aulospermum purpureum",-108.705107,39.052291,1984,5,28,"US","PRESERVED_SPECIMEN","Cymopterus purpureus"
"1928177220","Aulospermum purpureum",-111.93,38.81,1984,6,12,"US","PRESERVED_SPECIMEN","Cymopterus purpureus"
"2573421235","Aulospermum purpureum",-110.184905,38.111533,1983,4,22,"US","PRESERVED_SPECIMEN","Cymopterus purpureus"
"1929605441","Aulospermum purpureum",-113.76,37.12,1983,4,16,"US","PRESERVED_SPECIMEN","Cymopterus purpureus"
"4404968819","Aulospermum purpureum",-113.695384,36.761334,1983,5,14,"US","PRESERVED_SPECIMEN","Cymopterus purpureus"
"4404968824","Aulospermum purpureum",-113.695384,36.761334,1983,5,14,"US","PRESERVED_SPECIMEN","Cymopterus purpureus"
"3798127116","Aulospermum purpureum",-108.76,39.05,1983,5,24,"US","PRESERVED_SPECIMEN","Cymopterus purpureus"
"1986933413","Aulospermum purpureum",-114,37.666667,1983,6,2,"US","PRESERVED_SPECIMEN","Cymopterus purpureus"
"1928818538","Aulospermum purpureum",-113.1,37.13,1983,6,8,"US","PRESERVED_SPECIMEN","Cymopterus purpureus"
"2573338375","Aulospermum purpureum",-108.649915,40.254647,1982,4,17,"US","PRESERVED_SPECIMEN","Cymopterus purpureus"
"2859432271","Aulospermum purpureum",-108.652662,40.25663,1982,4,17,"US","PRESERVED_SPECIMEN","Cymopterus purpureus"
"1927798370","Aulospermum purpureum",-109.64,39.74,1982,5,31,"US","PRESERVED_SPECIMEN","Cymopterus purpureus"
"1927938127","Aulospermum purpureum",-109.15,40.14,1982,5,11,"US","PRESERVED_SPECIMEN","Cymopterus purpureus"
"2573339383","Aulospermum purpureum",-108.92002,38.15974,1982,5,29,"US","PRESERVED_SPECIMEN","Cymopterus purpureus"
"2573338478","Aulospermum purpureum",-108.955691,39.213289,1982,5,7,"US","PRESERVED_SPECIMEN","Cymopterus purpureus"
"2422275521","Aulospermum purpureum",-113.90167,37.89028,1982,5,4,"US","PRESERVED_SPECIMEN","Cymopterus purpureus"
"3091302993","Aulospermum purpureum",-108.585927,37.450386,1982,5,27,"US","PRESERVED_SPECIMEN","Cymopterus purpureus"
"1846526546","Aulospermum purpureum",-108.948241,39.216957,1982,5,7,"US","PRESERVED_SPECIMEN","Cymopterus purpureus"
"3798127109","Aulospermum purpureum",-107.8,39.6,1982,5,2,"US","PRESERVED_SPECIMEN","Cymopterus purpureus"
"3798127069","Aulospermum purpureum",-108.48,39.14,1982,5,28,"US","PRESERVED_SPECIMEN","Cymopterus purpureus"
"1930068838","Aulospermum purpureum",-108.2008,38.8644,1982,5,19,"US","PRESERVED_SPECIMEN","Cymopterus purpureus"
"2573339362","Aulospermum purpureum",-108.693744,38.306974,1982,6,5,"US","PRESERVED_SPECIMEN","Cymopterus purpureus"
"2573420834","Aulospermum purpureum",-112.368847,36.896119,1982,6,5,"US","PRESERVED_SPECIMEN","Cymopterus purpureus"
"2270696833","Aulospermum purpureum",-112.3684,36.8968,1982,6,5,"US","PRESERVED_SPECIMEN","Cymopterus purpureus"
"1929985784","Aulospermum purpureum",-109.18,40.37,1982,6,19,"US","PRESERVED_SPECIMEN","Cymopterus purpureus"
"3122396052","Aulospermum purpureum",-112.368847,36.896119,1982,6,5,"US","PRESERVED_SPECIMEN","Cymopterus purpureus"
"2573339660","Aulospermum purpureum",-108.25637,39.006884,1981,5,24,"US","PRESERVED_SPECIMEN","Cymopterus purpureus"
"1846526584","Aulospermum purpureum",-108.259144,39.006749,1981,5,24,"US","PRESERVED_SPECIMEN","Cymopterus purpureus"
"1986930295","Aulospermum purpureum",-112.34911,37.267947,1981,6,4,"US","PRESERVED_SPECIMEN","Cymopterus purpureus"
"1929186748","Aulospermum purpureum",-113.36,37.37,1981,6,8,"US","PRESERVED_SPECIMEN","Cymopterus purpureus"
"4404968384","Aulospermum purpureum",-113.722255,37.477412,1980,6,27,"US","PRESERVED_SPECIMEN","Cymopterus purpureus"
"3091198507","Aulospermum purpureum",-112.133575,37.617133,1980,6,19,"US","PRESERVED_SPECIMEN","Cymopterus purpureus"
"3091229695","Aulospermum purpureum",-109.179444,36.583333,1980,6,21,"US","PRESERVED_SPECIMEN","Cymopterus purpureus"
"1928451795","Aulospermum purpureum",-108.484973,36.337717,1980,6,7,"US","PRESERVED_SPECIMEN","Cymopterus purpureus"
"3760416228","Aulospermum purpureum",-108.484355,36.335031,1980,6,7,"US","PRESERVED_SPECIMEN","Cymopterus purpureus"
"4404968385","Aulospermum purpureum",-112.69,36.77,1979,5,24,"US","PRESERVED_SPECIMEN","Cymopterus purpureus"
"2573342666","Aulospermum purpureum",-108.198037,39.341333,1979,5,25,"US","PRESERVED_SPECIMEN","Cymopterus purpureus"
"2573338982","Aulospermum purpureum",-109.050271,40.156776,1979,5,27,"US","PRESERVED_SPECIMEN","Cymopterus purpureus"
"3091283050","Aulospermum purpureum",-109.673148,36.06965,1979,5,5,"US","PRESERVED_SPECIMEN","Cymopterus purpureus"
"3091229700","Aulospermum purpureum",-112.8353,36.8823,1979,5,10,"US","PRESERVED_SPECIMEN","Cymopterus purpureus"
"1986929786","Aulospermum purpureum",-107.4,37.066667,1979,5,24,"US","PRESERVED_SPECIMEN","Cymopterus purpureus"
"1928716334","Aulospermum purpureum",-111.07,37.98,1979,5,21,"US","PRESERVED_SPECIMEN","Cymopterus purpureus"
"3798127091","Aulospermum purpureum",-107.44,37.02,1979,5,24,"US","PRESERVED_SPECIMEN","Cymopterus purpureus"
"3798127105","Aulospermum purpureum",-108.73,37.33,1979,5,24,"US","PRESERVED_SPECIMEN","Cymopterus purpureus"
"2270695620","Aulospermum purpureum",-112.4334,36.91772,1979,5,20,"US","PRESERVED_SPECIMEN","Cymopterus purpureus"
"2270698196","Aulospermum purpureum",-112.53,36.99,1979,5,19,"US","PRESERVED_SPECIMEN","Cymopterus purpureus"
"2270697521","Aulospermum purpureum",-112.399,36.9455,1979,5,19,"US","PRESERVED_SPECIMEN","Cymopterus purpureus"
"2270696892","Aulospermum purpureum",-112.836666,36.88501,1979,5,10,"US","PRESERVED_SPECIMEN","Cymopterus purpureus"
"1930679844","Aulospermum purpureum",-112.02,37.03,1979,5,23,"US","PRESERVED_SPECIMEN","Cymopterus purpureus"
"1928448814","Aulospermum purpureum",-109.7,40.43,1979,6,8,"US","PRESERVED_SPECIMEN","Cymopterus purpureus"
"2270695870","Aulospermum purpureum",-112.825987,36.502132,1979,6,12,"US","PRESERVED_SPECIMEN","Cymopterus purpureus"
"2573340504","Aulospermum purpureum",-107.636136,38.787788,1978,5,17,"US","PRESERVED_SPECIMEN","Cymopterus purpureus"
"3091229698","Aulospermum purpureum",-109.530297,35.711389,1978,5,7,"US","PRESERVED_SPECIMEN","Cymopterus purpureus"
"3091229697","Aulospermum purpureum",-112.0314,36.9683,1978,5,19,"US","PRESERVED_SPECIMEN","Cymopterus purpureus"
"3798127113","Aulospermum purpureum",-108.66,40.25,1978,5,21,"US","PRESERVED_SPECIMEN","Cymopterus purpureus"
"2270696162","Aulospermum purpureum",-112.0495,36.9971,1978,5,14,"US","PRESERVED_SPECIMEN","Cymopterus purpureus"
"2270697635","Aulospermum purpureum",-112.025,36.9688,1978,5,19,"US","PRESERVED_SPECIMEN","Cymopterus purpureus"
"1930413645","Aulospermum purpureum",-109.69,40.32,1978,5,18,"US","PRESERVED_SPECIMEN","Cymopterus purpureus"
"2573338754","Aulospermum purpureum",-107.510315,38.447462,1978,6,22,"US","PRESERVED_SPECIMEN","Cymopterus purpureus"
"2573338384","Aulospermum purpureum",-107.257712,37.210467,1978,6,21,"US","PRESERVED_SPECIMEN","Cymopterus purpureus"
"1928268541","Aulospermum purpureum",-108.5753,40.2611,1978,6,2,"US","PRESERVED_SPECIMEN","Cymopterus purpureus"
"3798127106","Aulospermum purpureum",-108.58,40.25,1978,6,2,"US","PRESERVED_SPECIMEN","Cymopterus purpureus"
"1929696123","Aulospermum purpureum",-112.23,37.47,1977,6,29,"US","PRESERVED_SPECIMEN","Cymopterus purpureus"
"1931143914","Aulospermum purpureum",-111.93,37.72,1977,7,28,"US","PRESERVED_SPECIMEN","Cymopterus purpureus"
"2573422302","Aulospermum purpureum",-109.162511,40.241213,1976,5,20,"US","PRESERVED_SPECIMEN","Cymopterus purpureus"
"1928641920","Aulospermum purpureum",-109.17,40.24,1976,5,20,"US","PRESERVED_SPECIMEN","Cymopterus purpureus"
"3091295760","Aulospermum purpureum",-110.4,36.3333,1976,6,6,"US","PRESERVED_SPECIMEN","Cymopterus purpureus"
"1928913018","Aulospermum purpureum",-109.8,37.92,1976,6,7,"US","PRESERVED_SPECIMEN","Cymopterus purpureus"
"1846526468","Aulospermum purpureum",-111.933263,37.480316,1975,5,8,"US","PRESERVED_SPECIMEN","Cymopterus purpureus"
"1843858769","Aulospermum purpureum",-108.992212,35.669869,1975,5,30,"US","PRESERVED_SPECIMEN","Cymopterus purpureus"
"3091197002","Aulospermum purpureum",-110.869586,37.034162,1973,5,19,"US","PRESERVED_SPECIMEN","Cymopterus purpureus"
"3091197004","Aulospermum purpureum",-110.864967,37.01611,1973,5,20,"US","PRESERVED_SPECIMEN","Cymopterus purpureus"
"1928149114","Aulospermum purpureum",-109.310222,36.292198,1973,5,23,"US","PRESERVED_SPECIMEN","Cymopterus purpureus"
"3892759889","Aulospermum purpureum",-108.150102,39.381084,1973,5,26,"US","PRESERVED_SPECIMEN","Cymopterus purpureus"
"2573420485","Aulospermum purpureum",-111.988064,37.090469,1973,5,10,"US","PRESERVED_SPECIMEN","Cymopterus purpureus"
"2270698041","Aulospermum purpureum",-109.298,36.3593,1973,5,23,"US","PRESERVED_SPECIMEN","Cymopterus purpureus"
"2270697383","Aulospermum purpureum",-110.4277,36.65141,1973,5,22,"US","PRESERVED_SPECIMEN","Cymopterus purpureus"
"1930010487","Aulospermum purpureum",-110.350348,36.695881,1973,5,22,"US","PRESERVED_SPECIMEN","Cymopterus purpureus"
"3091229701","Aulospermum purpureum",-109.54139,35.682381,1973,6,28,"US","PRESERVED_SPECIMEN","Cymopterus purpureus"
"1928025645","Aulospermum purpureum",-109.83,40.45,1972,4,11,"US","PRESERVED_SPECIMEN","Cymopterus purpureus"
"2573421156","Aulospermum purpureum",-109.83099,40.454591,1972,5,24,"US","PRESERVED_SPECIMEN","Cymopterus purpureus"
"2573420465","Aulospermum purpureum",-109.83099,40.454591,1972,5,5,"US","PRESERVED_SPECIMEN","Cymopterus purpureus"
"2270698364","Aulospermum purpureum",-109.85611,35.52653,1972,6,11,"US","PRESERVED_SPECIMEN","Cymopterus purpureus"
"2270699210","Aulospermum purpureum",-112.880047,36.877749,1971,5,20,"US","PRESERVED_SPECIMEN","Cymopterus purpureus"
"415724197","Aulospermum purpureum",-113.137844,36.390091,1969,5,27,"US","PRESERVED_SPECIMEN","Cymopterus purpureus"
"1929440188","Aulospermum purpureum",-113.14,36.39,1969,5,27,"US","PRESERVED_SPECIMEN","Cymopterus purpureus"
"1929693697","Aulospermum purpureum",-113.59,36.82,1969,5,22,"US","PRESERVED_SPECIMEN","Cymopterus purpureus"
"4073699544","Aulospermum purpureum",-112.427585,42.859852,1967,4,12,"US","PRESERVED_SPECIMEN","Cymopterus purpureus"
"1928531483","Aulospermum purpureum",-109.592023,40.398922,1967,6,20,"US","PRESERVED_SPECIMEN","Cymopterus purpureus"
"1928013766","Aulospermum purpureum",-110.854605,39.655141,1965,4,29,"US","PRESERVED_SPECIMEN","Cymopterus purpureus"
"1931341625","Aulospermum purpureum",-110.854605,39.655141,1965,4,29,"US","PRESERVED_SPECIMEN","Cymopterus purpureus"
"415724187","Aulospermum purpureum",-110.927236,37.691421,1965,5,10,"US","PRESERVED_SPECIMEN","Cymopterus purpureus"
"1929294898","Aulospermum purpureum",-111.95,37.24,1965,5,21,"US","PRESERVED_SPECIMEN","Cymopterus purpureus"
"1930730390","Aulospermum purpureum",-110.91,37.685,1965,5,10,"US","PRESERVED_SPECIMEN","Cymopterus purpureus"
"2573339244","Aulospermum purpureum",-108.50252,37.18298,1965,6,5,"US","PRESERVED_SPECIMEN","Cymopterus purpureus"
"2573341877","Aulospermum purpureum",-108.9693,40.24683,1965,6,7,"US","PRESERVED_SPECIMEN","Cymopterus purpureus"
"2573339482","Aulospermum purpureum",-108.50252,37.18298,1965,6,5,"US","PRESERVED_SPECIMEN","Cymopterus purpureus"
"2573338288","Aulospermum purpureum",-108.48185,37.11345,1965,6,9,"US","PRESERVED_SPECIMEN","Cymopterus purpureus"
"1986956432","Aulospermum purpureum",-110.125556,37.645278,1965,6,13,"US","PRESERVED_SPECIMEN","Cymopterus purpureus"
"2270696669","Aulospermum purpureum",-111.9397,36.13694,1965,6,12,"US","PRESERVED_SPECIMEN","Cymopterus purpureus"
"1931215472","Aulospermum purpureum",-112.98,37.32,1965,6,22,"US","PRESERVED_SPECIMEN","Cymopterus purpureus"
"2573422796","Aulospermum purpureum",-109.552568,35.063164,1963,4,29,"US","PRESERVED_SPECIMEN","Cymopterus purpureus"
"2573339424","Aulospermum purpureum",-108.4856,37.11262,1963,5,23,"US","PRESERVED_SPECIMEN","Cymopterus purpureus"
"1986900518","Aulospermum purpureum",-113.7805,37.1493,1963,5,21,"US","PRESERVED_SPECIMEN","Cymopterus purpureus"
"1929909434","Aulospermum purpureum",-111.865158,37.351169,1961,5,30,"US","PRESERVED_SPECIMEN","Cymopterus purpureus"
"1986900237","Aulospermum purpureum",-109.9198,37.5993,1961,6,28,"US","PRESERVED_SPECIMEN","Cymopterus purpureus"
"1929114385","Aulospermum purpureum",-110.76,38.12,1961,6,17,"US","PRESERVED_SPECIMEN","Cymopterus purpureus"
"1929266185","Aulospermum purpureum",-109.92,37.6,1961,6,28,"US","PRESERVED_SPECIMEN","Cymopterus purpureus"
"1930960172","Aulospermum purpureum",-109.78,37.91,1961,6,12,"US","PRESERVED_SPECIMEN","Cymopterus purpureus"
"3798127099","Aulospermum purpureum",-106.95,37,1956,6,13,"US","PRESERVED_SPECIMEN","Cymopterus purpureus"
"1928658503","Aulospermum purpureum",-110.782363,38.108131,1953,6,19,"US","PRESERVED_SPECIMEN","Cymopterus purpureus"
"2573338299","Aulospermum purpureum",-107.978794,38.942449,1952,5,31,"US","PRESERVED_SPECIMEN","Cymopterus purpureus"
"2573341028","Aulospermum purpureum",-108.6605,38.21914,1951,6,9,"US","PRESERVED_SPECIMEN","Cymopterus purpureus"
"2242365859","Aulospermum purpureum",-108.623896,38.258924,1951,6,9,"US","PRESERVED_SPECIMEN","Cymopterus purpureus"
"2573339931","Aulospermum purpureum",-108.59289,40.25183,1950,5,19,"US","PRESERVED_SPECIMEN","Cymopterus purpureus"
"2573423401","Aulospermum purpureum",-109.282123,40.453391,1950,5,18,"US","PRESERVED_SPECIMEN","Cymopterus purpureus"
"3428566845","Aulospermum purpureum",-109.26696,40.442862,1950,5,18,"US","PRESERVED_SPECIMEN","Cymopterus purpureus"
"3798127093","Aulospermum purpureum",-108.12,39.39,1949,6,9,"US","PRESERVED_SPECIMEN","Cymopterus purpureus"
"1990223777","Aulospermum purpureum",-108.595786,37.338025,1949,6,11,"US","PRESERVED_SPECIMEN","Cymopterus purpureus"
"2573340043","Aulospermum purpureum",-108.124164,39.38496,1948,5,30,"US","PRESERVED_SPECIMEN","Cymopterus purpureus"
"3798127115","Aulospermum purpureum",-108.57,40.26,1948,5,21,"US","PRESERVED_SPECIMEN","Cymopterus purpureus"
"2573342549","Aulospermum purpureum",-108.45837,37.34879,1947,5,31,"US","PRESERVED_SPECIMEN","Cymopterus purpureus"
"2242364781","Aulospermum purpureum",-108.035898,37.439282,1947,5,31,"US","PRESERVED_SPECIMEN","Cymopterus purpureus"
"2242364127","Aulospermum purpureum",-108.035898,37.439282,1947,5,31,"US","PRESERVED_SPECIMEN","Cymopterus purpureus"
"3798127090","Aulospermum purpureum",-107.6,39.54,1947,5,22,"US","PRESERVED_SPECIMEN","Cymopterus purpureus"
"3798127065","Aulospermum purpureum",-108.72,37.33,1947,5,28,"US","PRESERVED_SPECIMEN","Cymopterus purpureus"
"3798127102","Aulospermum purpureum",-108.93,40.63,1945,7,9,"US","PRESERVED_SPECIMEN","Cymopterus purpureus"
"1931081881","Aulospermum purpureum",-109.551788,37.429452,1944,5,15,"US","PRESERVED_SPECIMEN","Cymopterus purpureus"
"1930622316","Aulospermum purpureum",-109.369694,37.872575,1944,6,17,"US","PRESERVED_SPECIMEN","Cymopterus purpureus"
"1930138508","Aulospermum purpureum",-113.0619,37.6775,1942,5,7,"US","PRESERVED_SPECIMEN","Cymopterus purpureus"
"1928351246","Aulospermum purpureum",-112.5928,37.4064,1942,6,4,"US","PRESERVED_SPECIMEN","Cymopterus purpureus"
"1931109255","Aulospermum purpureum",-110.6786,38.8294,1942,6,1,"US","PRESERVED_SPECIMEN","Cymopterus purpureus"
"1930442897","Aulospermum purpureum",-112.5264,37.0472,1941,5,5,"US","PRESERVED_SPECIMEN","Cymopterus purpureus"
"3091198511","Aulospermum purpureum",-112.166283,37.622354,1940,6,3,"US","PRESERVED_SPECIMEN","Cymopterus purpureus"
"2573340926","Aulospermum purpureum",-108.46149,37.13841,1929,5,18,"US","PRESERVED_SPECIMEN","Cymopterus purpureus"
"2573338962","Aulospermum purpureum",-107.317519,37.20668,1924,6,21,"US","PRESERVED_SPECIMEN","Cymopterus purpureus"
"2573341169","Aulospermum purpureum",-107.297766,37.180263,1924,7,1,"US","PRESERVED_SPECIMEN","Cymopterus purpureus"
"1928900296","Aulospermum purpureum",-107.598112,37.225559,1917,6,28,"US","PRESERVED_SPECIMEN","Cymopterus purpureus"
"2573341972","Aulospermum purpureum",-108.56463,38.21883,1914,4,27,"US","PRESERVED_SPECIMEN","Cymopterus purpureus"
"2859139102","Aulospermum purpureum",-108.568703,38.218324,1914,4,27,"US","PRESERVED_SPECIMEN","Cymopterus purpureus"
"2573338799","Aulospermum purpureum",-108.21507,39.33442,1911,5,19,"US","PRESERVED_SPECIMEN","Cymopterus purpureus"
"1928346687","Aulospermum purpureum",-108.215082,39.334423,1911,5,19,"US","PRESERVED_SPECIMEN","Cymopterus purpureus"
"1930036637","Aulospermum purpureum",-108.215082,39.334423,1910,5,27,"US","PRESERVED_SPECIMEN","Cymopterus purpureus"
"1930557612","Aulospermum purpureum",-108.289249,37.344996,1901,5,27,"US","PRESERVED_SPECIMEN","Cymopterus purpureus"
"1931265885","Aulospermum purpureum",-107.556725,38.442488,1901,6,6,"US","PRESERVED_SPECIMEN","Cymopterus purpureus"
"1928599155","Aulospermum purpureum",-107.992846,36.822226,1899,4,NA,"US","PRESERVED_SPECIMEN","Cymopterus purpureus"
"2573339072","Aulospermum purpureum",-107.88006,37.27528,NA,NA,NA,"US","PRESERVED_SPECIMEN","Cymopterus purpureus"
"2573340475","Aulospermum purpureum",-108.89413,38.14357,NA,NA,NA,"US","PRESERVED_SPECIMEN","Cymopterus purpureus"
"3798047047","Aulospermum purpureum",-109,39.25,NA,NA,NA,"US","PRESERVED_SPECIMEN","Cymopterus purpureus"
"3897870331","Aulospermum purpureum",-108.738199,39.057034,NA,NA,NA,"US","PRESERVED_SPECIMEN","Cymopterus purpureus"
"3783624299","Aulospermum purpureum",-108.848472,39.096472,NA,NA,NA,"US","PRESERVED_SPECIMEN","Cymopterus purpureus"
