"gbifID","species","longitude","latitude","year","month","day","countryCode","basisOfRecord","accepted_name"
"4153952464","Aulospermum panamintense",-115.707237,34.231762,2023,4,26,"US","HUMAN_OBSERVATION","Cymopterus panamintensis"
"2576433063","Aulospermum panamintense",-117.195214,36.266139,2020,2,22,"US","HUMAN_OBSERVATION","Cymopterus panamintensis"
"2596057225","Aulospermum panamintense",-116.968361,36.83585,2020,3,19,"US","HUMAN_OBSERVATION","Cymopterus panamintensis"
"2596281355","Aulospermum panamintense",-116.96785,36.835442,2020,3,19,"US","HUMAN_OBSERVATION","Cymopterus panamintensis"
"2603475250","Aulospermum panamintense",-114.324389,34.346853,2020,4,2,"US","HUMAN_OBSERVATION","Cymopterus panamintensis"
"4420056332","Aulospermum panamintense",-116.57836,34.22169,2016,5,12,"US","PRESERVED_SPECIMEN","Cymopterus panamintensis"
"2430439957","Aulospermum panamintense",-116.57837,34.22169,2016,5,12,"US","PRESERVED_SPECIMEN","Cymopterus panamintensis"
"2422522251","Aulospermum panamintense",-116.4715,34.22636,2015,4,3,"US","PRESERVED_SPECIMEN","Cymopterus panamintensis"
"3872292308","Aulospermum panamintense",-116.5475,34.58394,2015,4,20,"US","PRESERVED_SPECIMEN","Cymopterus panamintensis"
"2430229749","Aulospermum panamintense",-116.4715,34.22636,2015,4,3,"US","PRESERVED_SPECIMEN","Cymopterus panamintensis"
"2430090757","Aulospermum panamintense",-116.8108,34.80199,2014,2,21,"US","PRESERVED_SPECIMEN","Cymopterus panamintensis"
"2422523077","Aulospermum panamintense",-116.81081,34.802,2014,2,21,"US","PRESERVED_SPECIMEN","Cymopterus panamintensis"
"2430211043","Aulospermum panamintense",-116.71156,34.79779,2014,3,7,"US","PRESERVED_SPECIMEN","Cymopterus panamintensis"
"2422518778","Aulospermum panamintense",-116.57556,34.30028,2014,4,26,"US","PRESERVED_SPECIMEN","Cymopterus panamintensis"
"3827653329","Aulospermum panamintense",-117.71925,35.32439,2014,4,14,"US","PRESERVED_SPECIMEN","Cymopterus panamintensis"
"2430245963","Aulospermum panamintense",-116.57555,34.30029,2014,4,26,"US","PRESERVED_SPECIMEN","Cymopterus panamintensis"
"2430507503","Aulospermum panamintense",-116.20544,35.24051,2011,4,3,"US","PRESERVED_SPECIMEN","Cymopterus panamintensis"
"2430443281","Aulospermum panamintense",-116.00848,35.50014,2011,5,14,"US","PRESERVED_SPECIMEN","Cymopterus panamintensis"
"2430135412","Aulospermum panamintense",-114.32472,34.34694,2005,3,19,"US","PRESERVED_SPECIMEN","Cymopterus panamintensis"
"2430074101","Aulospermum panamintense",-116.910208,35.136958,2001,5,16,"US","PRESERVED_SPECIMEN","Cymopterus panamintensis"
"2430197110","Aulospermum panamintense",-120.964308,0.854933,2001,5,18,"US","PRESERVED_SPECIMEN","Cymopterus panamintensis"
