"gbifID","species","longitude","latitude","year","month","day","countryCode","basisOfRecord","accepted_name"
"4982115365","Falcaria vulgaris",-103.649782,30.363652,2024,11,13,"US","HUMAN_OBSERVATION","Falcaria vulgaris"
"2869128544","Falcaria vulgaris",-102.344492,43.964056,2009,7,9,"US","PRESERVED_SPECIMEN","Falcaria vulgaris"
"176948400","Falcaria vulgaris",-96.1263,42.0267,2005,8,16,"US","PRESERVED_SPECIMEN","Falcaria vulgaris"
"4080516522","Falcaria vulgaris",-100.291215,44.25017,2003,7,24,"US","HUMAN_OBSERVATION","Falcaria vulgaris"
"1986955557","Falcaria vulgaris",-111.820556,40.733889,2002,7,4,"US","PRESERVED_SPECIMEN","Falcaria vulgaris"
"1930831287","Falcaria vulgaris",-111.820556,40.733889,2002,7,4,"US","PRESERVED_SPECIMEN","Falcaria vulgaris"
"1928371052","Falcaria vulgaris",-111.819722,40.733333,2001,6,24,"US","PRESERVED_SPECIMEN","Falcaria vulgaris"
