"gbifID","species","longitude","latitude","year","month","day","countryCode","accepted_name"
"2413155477","Fraxinus anomala",-116.366667,31.533333,1979,4,6,"MX","Fraxinus anomala"
"1258266170","Fraxinus anomala",-100.45,22.91,1973,5,19,"MX","Fraxinus anomala"
"1258266175","Fraxinus anomala",-100.25,22.216667,1911,5,NA,"MX","Fraxinus anomala"
"3705489600","Fraxinus anomala",-109.754967,38.1562,2022,2,20,"US","Fraxinus anomala"
"3705589527","Fraxinus anomala",-109.754303,38.15615,2022,2,20,"US","Fraxinus anomala"
"3858697210","Fraxinus anomala",-109.864661,38.38792,2022,3,12,"US","Fraxinus anomala"
"3759255692","Fraxinus anomala",-109.704176,38.163471,2022,4,1,"US","Fraxinus anomala"
"3759426933","Fraxinus anomala",-112.963897,37.216611,2022,4,9,"US","Fraxinus anomala"
"3759498339","Fraxinus anomala",-109.802025,38.107461,2022,4,8,"US","Fraxinus anomala"
"3759742722","Fraxinus anomala",-109.484722,38.551992,2022,4,9,"US","Fraxinus anomala"
"3759986271","Fraxinus anomala",-113.661233,37.201447,2022,4,3,"US","Fraxinus anomala"
"3760164838","Fraxinus anomala",-109.80111,38.107843,2022,4,3,"US","Fraxinus anomala"
"3760225614","Fraxinus anomala",-109.820195,38.122479,2022,4,10,"US","Fraxinus anomala"
"3760233706","Fraxinus anomala",-110.448762,37.898578,2022,4,20,"US","Fraxinus anomala"
"3760299100","Fraxinus anomala",-113.649278,37.189092,2022,4,2,"US","Fraxinus anomala"
"3760349434","Fraxinus anomala",-109.812883,38.178667,2022,4,9,"US","Fraxinus anomala"
"3764248703","Fraxinus anomala",-110.151714,37.311855,2022,4,16,"US","Fraxinus anomala"
"3764344054","Fraxinus anomala",-111.899098,36.36475,2022,4,16,"US","Fraxinus anomala"
"3764436799","Fraxinus anomala",-110.195732,38.465989,2022,4,17,"US","Fraxinus anomala"
"3873515619","Fraxinus anomala",-109.574314,38.733317,2022,4,21,"US","Fraxinus anomala"
"3873724625","Fraxinus anomala",-110.027681,38.367686,2022,4,25,"US","Fraxinus anomala"
"3772513344","Fraxinus anomala",-109.754197,38.156239,2022,5,10,"US","Fraxinus anomala"
"3773400038","Fraxinus anomala",-113.632958,37.230739,2022,5,3,"US","Fraxinus anomala"
"3773622543","Fraxinus anomala",-109.605645,38.624012,2022,5,8,"US","Fraxinus anomala"
"3785059488","Fraxinus anomala",-109.85138,38.423808,2022,5,12,"US","Fraxinus anomala"
"3785180415","Fraxinus anomala",-109.75377,38.157964,2022,5,12,"US","Fraxinus anomala"
"3802670525","Fraxinus anomala",-108.803575,37.342878,2022,5,18,"US","Fraxinus anomala"
"3858209248","Fraxinus anomala",-108.89875,38.541397,2022,5,26,"US","Fraxinus anomala"
"3860369887","Fraxinus anomala",-109.599738,38.624753,2022,5,31,"US","Fraxinus anomala"
"3860426755","Fraxinus anomala",-108.662514,39.061333,2022,5,30,"US","Fraxinus anomala"
"3872873211","Fraxinus anomala",-112.951804,37.266477,2022,5,31,"US","Fraxinus anomala"
"3873027621","Fraxinus anomala",-108.633719,39.032747,2022,5,4,"US","Fraxinus anomala"
"3902072897","Fraxinus anomala",-108.357995,39.150517,2022,5,31,"US","Fraxinus anomala"
"3858552606","Fraxinus anomala",-109.515022,38.562317,2022,6,20,"US","Fraxinus anomala"
"3858562226","Fraxinus anomala",-109.8647,38.387947,2022,6,2,"US","Fraxinus anomala"
"3858704635","Fraxinus anomala",-110.432412,38.92075,2022,6,20,"US","Fraxinus anomala"
"3858722633","Fraxinus anomala",-109.51522,38.562328,2022,6,20,"US","Fraxinus anomala"
"3858967898","Fraxinus anomala",-109.51203,38.740245,2022,6,20,"US","Fraxinus anomala"
"3859212950","Fraxinus anomala",-112.977302,37.208484,2022,6,24,"US","Fraxinus anomala"
"3859457393","Fraxinus anomala",-109.571053,38.739983,2022,6,4,"US","Fraxinus anomala"
"3859783832","Fraxinus anomala",-109.601148,38.627108,2022,6,20,"US","Fraxinus anomala"
"3859816358","Fraxinus anomala",-108.7327,39.100977,2022,6,16,"US","Fraxinus anomala"
"3859877800","Fraxinus anomala",-109.601148,38.627108,2022,6,20,"US","Fraxinus anomala"
"3859900713","Fraxinus anomala",-109.601148,38.627108,2022,6,20,"US","Fraxinus anomala"
"3859914363","Fraxinus anomala",-110.026458,39.497795,2022,6,8,"US","Fraxinus anomala"
"3859967896","Fraxinus anomala",-109.601148,38.627108,2022,6,20,"US","Fraxinus anomala"
"3860037560","Fraxinus anomala",-110.431122,38.921197,2022,6,20,"US","Fraxinus anomala"
"3860037565","Fraxinus anomala",-110.432105,38.920805,2022,6,20,"US","Fraxinus anomala"
"3860078802","Fraxinus anomala",-109.601148,38.627108,2022,6,20,"US","Fraxinus anomala"
"3860120612","Fraxinus anomala",-111.165017,38.210358,2022,6,11,"US","Fraxinus anomala"
"3860287623","Fraxinus anomala",-109.515105,38.562295,2022,6,20,"US","Fraxinus anomala"
"3860484514","Fraxinus anomala",-109.515158,38.562303,2022,6,20,"US","Fraxinus anomala"
"3902508547","Fraxinus anomala",-109.599967,38.787344,2022,6,25,"US","Fraxinus anomala"
"3959443738","Fraxinus anomala",-109.599758,38.624664,2022,6,29,"US","Fraxinus anomala"
"3961255493","Fraxinus anomala",-111.85059,37.403157,2022,6,4,"US","Fraxinus anomala"
"3994334099","Fraxinus anomala",-109.58175,38.764846,2022,6,26,"US","Fraxinus anomala"
"3872875249","Fraxinus anomala",-109.864644,38.387994,2022,7,9,"US","Fraxinus anomala"
"3873056037","Fraxinus anomala",-109.50048,38.735875,2022,7,6,"US","Fraxinus anomala"
"3873212013","Fraxinus anomala",-108.71817,39.109317,2022,7,21,"US","Fraxinus anomala"
"3873229246","Fraxinus anomala",-109.534317,38.685455,2022,7,14,"US","Fraxinus anomala"
"3873474635","Fraxinus anomala",-109.857728,38.313663,2022,7,24,"US","Fraxinus anomala"
"3873835512","Fraxinus anomala",-112.944138,37.21262,2022,7,20,"US","Fraxinus anomala"
"3874079414","Fraxinus anomala",-109.176262,38.793155,2022,7,13,"US","Fraxinus anomala"
"3881536370","Fraxinus anomala",-112.951465,37.267369,2022,7,30,"US","Fraxinus anomala"
"3881587205","Fraxinus anomala",-109.599945,38.78722,2022,7,30,"US","Fraxinus anomala"
"3881610850","Fraxinus anomala",-109.864243,38.306365,2022,7,27,"US","Fraxinus anomala"
"3889131017","Fraxinus anomala",-109.592514,38.733081,2022,7,3,"US","Fraxinus anomala"
"3902791842","Fraxinus anomala",-108.75901,39.138977,2022,7,28,"US","Fraxinus anomala"
"3915319780","Fraxinus anomala",-112.97515,37.199753,2022,7,20,"US","Fraxinus anomala"
"3947241590","Fraxinus anomala",-112.951408,37.267128,2022,7,21,"US","Fraxinus anomala"
"3947326633","Fraxinus anomala",-112.951667,37.266838,2022,7,21,"US","Fraxinus anomala"
"3888787862","Fraxinus anomala",-109.564338,38.700478,2022,8,4,"US","Fraxinus anomala"
"3892289110","Fraxinus anomala",-109.543307,38.723727,2022,8,14,"US","Fraxinus anomala"
"3892607510","Fraxinus anomala",-110.207201,37.011556,2022,8,5,"US","Fraxinus anomala"
"3902411723","Fraxinus anomala",-109.509491,38.740444,2022,8,17,"US","Fraxinus anomala"
"3903257584","Fraxinus anomala",-109.510131,38.739917,2022,8,15,"US","Fraxinus anomala"
"3963269882","Fraxinus anomala",-109.864556,38.387994,2022,8,20,"US","Fraxinus anomala"
"3991364701","Fraxinus anomala",-109.527098,38.573591,2022,8,24,"US","Fraxinus anomala"
"3903139177","Fraxinus anomala",-110.701,39.136783,2022,9,9,"US","Fraxinus anomala"
"3903213910","Fraxinus anomala",-109.864738,38.387993,2022,9,11,"US","Fraxinus anomala"
"3903388264","Fraxinus anomala",-109.512017,38.740233,2022,9,7,"US","Fraxinus anomala"
"3903402588","Fraxinus anomala",-111.167575,38.209322,2022,9,3,"US","Fraxinus anomala"
"3912047045","Fraxinus anomala",-112.958843,37.25186,2022,9,12,"US","Fraxinus anomala"
"3915396812","Fraxinus anomala",-109.81562,38.122528,2022,9,19,"US","Fraxinus anomala"
"3915517738","Fraxinus anomala",-109.562033,38.74293,2022,9,23,"US","Fraxinus anomala"
"3915634128","Fraxinus anomala",-109.864652,38.387858,2022,9,23,"US","Fraxinus anomala"
"3915641717","Fraxinus anomala",-112.139775,36.064563,2022,9,26,"US","Fraxinus anomala"
"3923653093","Fraxinus anomala",-112.95135,37.266292,2022,9,18,"US","Fraxinus anomala"
"3947207028","Fraxinus anomala",-112.958376,37.252724,2022,9,12,"US","Fraxinus anomala"
"3947616028","Fraxinus anomala",-112.963752,37.213062,2022,9,11,"US","Fraxinus anomala"
"3947694971","Fraxinus anomala",-109.600164,38.626822,2022,9,22,"US","Fraxinus anomala"
"3994093247","Fraxinus anomala",-111.213572,38.260261,2022,9,15,"US","Fraxinus anomala"
"3925026718","Fraxinus anomala",-109.522507,38.530949,2022,10,3,"US","Fraxinus anomala"
"3925258476","Fraxinus anomala",-112.958512,37.253479,2022,10,7,"US","Fraxinus anomala"
"3925269468","Fraxinus anomala",-112.959721,37.250388,2022,10,7,"US","Fraxinus anomala"
"3925309311","Fraxinus anomala",-112.031058,34.668272,2022,10,8,"US","Fraxinus anomala"
"3947448555","Fraxinus anomala",-109.864417,38.388767,2022,10,15,"US","Fraxinus anomala"
"3947555737","Fraxinus anomala",-109.927361,38.460347,2022,10,8,"US","Fraxinus anomala"
"3947614206","Fraxinus anomala",-112.883903,37.215163,2022,10,1,"US","Fraxinus anomala"
"3947828688","Fraxinus anomala",-109.902534,38.213573,2022,10,6,"US","Fraxinus anomala"
"3947841783","Fraxinus anomala",-109.550103,38.425312,2022,10,24,"US","Fraxinus anomala"
"3963546663","Fraxinus anomala",-109.561814,38.742983,2022,10,30,"US","Fraxinus anomala"
"3963678068","Fraxinus anomala",-109.500139,38.735573,2022,10,12,"US","Fraxinus anomala"
"3985606103","Fraxinus anomala",-112.978653,37.201681,2022,10,14,"US","Fraxinus anomala"
"3985753029","Fraxinus anomala",-109.504844,38.742192,2022,10,11,"US","Fraxinus anomala"
"4011712582","Fraxinus anomala",-109.981833,38.224505,2022,10,11,"US","Fraxinus anomala"
"3963481634","Fraxinus anomala",-109.565387,38.701413,2022,11,1,"US","Fraxinus anomala"
"3966617314","Fraxinus anomala",-112.958847,37.253644,2022,11,14,"US","Fraxinus anomala"
"3985715208","Fraxinus anomala",-109.504372,38.743462,2022,11,16,"US","Fraxinus anomala"
"3985790678","Fraxinus anomala",-113.408762,37.225462,2022,11,22,"US","Fraxinus anomala"
"3985899040","Fraxinus anomala",-112.942734,37.213928,2022,11,25,"US","Fraxinus anomala"
"3985951824","Fraxinus anomala",-113.41333,37.221747,2022,11,22,"US","Fraxinus anomala"
"3985955593","Fraxinus anomala",-113.416803,37.232722,2022,11,20,"US","Fraxinus anomala"
"3985956771","Fraxinus anomala",-113.415497,37.217033,2022,11,22,"US","Fraxinus anomala"
"4006678803","Fraxinus anomala",-109.570962,38.752045,2022,12,14,"US","Fraxinus anomala"
"4006720085","Fraxinus anomala",-109.885228,38.344493,2022,12,4,"US","Fraxinus anomala"
"3044581763","Fraxinus anomala",-109.863874,38.387952,2021,1,25,"US","Fraxinus anomala"
"3109296453","Fraxinus anomala",-109.58593,38.60718,2021,2,15,"US","Fraxinus anomala"
"3090618941","Fraxinus anomala",-115.24447,37.367153,2021,3,28,"US","Fraxinus anomala"
"3090891547","Fraxinus anomala",-109.814091,38.625288,2021,4,11,"US","Fraxinus anomala"
"3090926405","Fraxinus anomala",-110.003767,38.699733,2021,4,9,"US","Fraxinus anomala"
"3097191393","Fraxinus anomala",-108.780753,39.150986,2021,4,20,"US","Fraxinus anomala"
"3097193368","Fraxinus anomala",-109.776226,38.120191,2021,4,20,"US","Fraxinus anomala"
"3097409516","Fraxinus anomala",-109.591541,38.626861,2021,4,21,"US","Fraxinus anomala"
"3108994631","Fraxinus anomala",-113.703864,36.514547,2021,4,22,"US","Fraxinus anomala"
"3109070143","Fraxinus anomala",-110.3741,38.970505,2021,4,24,"US","Fraxinus anomala"
"3109207555","Fraxinus anomala",-109.688375,38.136112,2021,4,22,"US","Fraxinus anomala"
"3109259334","Fraxinus anomala",-113.642977,37.209836,2021,4,26,"US","Fraxinus anomala"
"3109278029","Fraxinus anomala",-109.310142,38.81532,2021,4,25,"US","Fraxinus anomala"
"3113570471","Fraxinus anomala",-109.518054,38.530578,2021,4,18,"US","Fraxinus anomala"
"3117792484","Fraxinus anomala",-109.92472,38.4267,2021,4,29,"US","Fraxinus anomala"
"3117814461","Fraxinus anomala",-109.759267,38.169163,2021,4,19,"US","Fraxinus anomala"
"3117865459","Fraxinus anomala",-109.820062,38.459721,2021,4,22,"US","Fraxinus anomala"
"3124676434","Fraxinus anomala",-109.555507,38.710047,2021,4,26,"US","Fraxinus anomala"
"3113308569","Fraxinus anomala",-110.005204,37.604056,2021,5,1,"US","Fraxinus anomala"
"3117766578","Fraxinus anomala",-109.864685,38.387984,2021,5,8,"US","Fraxinus anomala"
"3117851575","Fraxinus anomala",-109.820172,38.451616,2021,5,8,"US","Fraxinus anomala"
"3118197497","Fraxinus anomala",-112.851785,37.223725,2021,5,18,"US","Fraxinus anomala"
"3118244399","Fraxinus anomala",-113.184303,37.454617,2021,5,18,"US","Fraxinus anomala"
"3118257534","Fraxinus anomala",-109.800334,38.108072,2021,5,2,"US","Fraxinus anomala"
"3124516492","Fraxinus anomala",-115.390817,37.665813,2021,5,10,"US","Fraxinus anomala"
"3124566497","Fraxinus anomala",-113.405,37.22533,2021,5,13,"US","Fraxinus anomala"
"3124795502","Fraxinus anomala",-115.399995,37.646942,2021,5,10,"US","Fraxinus anomala"
"3124817471","Fraxinus anomala",-109.506779,38.741173,2021,5,9,"US","Fraxinus anomala"
"3124852313","Fraxinus anomala",-109.581405,38.773617,2021,5,23,"US","Fraxinus anomala"
"3302110545","Fraxinus anomala",-115.3865,37.675808,2021,5,29,"US","Fraxinus anomala"
"3302228248","Fraxinus anomala",-110.235265,39.245758,2021,5,31,"US","Fraxinus anomala"
"3302398786","Fraxinus anomala",-109.533981,38.685898,2021,5,27,"US","Fraxinus anomala"
"3325511855","Fraxinus anomala",-112.956082,37.211787,2021,5,21,"US","Fraxinus anomala"
"3333039482","Fraxinus anomala",-113.190936,37.451842,2021,5,24,"US","Fraxinus anomala"
"3333064462","Fraxinus anomala",-109.690419,38.558319,2021,5,28,"US","Fraxinus anomala"
"3892344349","Fraxinus anomala",-108.830428,39.166153,2021,5,31,"US","Fraxinus anomala"
"3952828293","Fraxinus anomala",-108.730319,39.097189,2021,5,2,"US","Fraxinus anomala"
"3301999444","Fraxinus anomala",-109.885071,38.344136,2021,6,9,"US","Fraxinus anomala"
"3302164582","Fraxinus anomala",-115.385329,37.674637,2021,6,4,"US","Fraxinus anomala"
"3302305464","Fraxinus anomala",-115.202026,37.819768,2021,6,5,"US","Fraxinus anomala"
"3302390952","Fraxinus anomala",-110.279999,38.799999,2021,6,3,"US","Fraxinus anomala"
"3302478953","Fraxinus anomala",-115.352778,38.04,2021,6,5,"US","Fraxinus anomala"
"3302488123","Fraxinus anomala",-115.040855,37.844265,2021,6,4,"US","Fraxinus anomala"
"3302503650","Fraxinus anomala",-109.915575,38.429908,2021,6,10,"US","Fraxinus anomala"
"3307213522","Fraxinus anomala",-115.385898,37.670018,2021,6,5,"US","Fraxinus anomala"
"3307328508","Fraxinus anomala",-111.046796,38.402217,2021,6,13,"US","Fraxinus anomala"
"3307366875","Fraxinus anomala",-115.385768,37.670462,2021,6,5,"US","Fraxinus anomala"
"3320916998","Fraxinus anomala",-113.19227,37.463875,2021,6,26,"US","Fraxinus anomala"
"3320995307","Fraxinus anomala",-110.419931,38.499511,2021,6,20,"US","Fraxinus anomala"
"3321148209","Fraxinus anomala",-113.646422,37.215958,2021,6,28,"US","Fraxinus anomala"
"3321305517","Fraxinus anomala",-113.747003,37.270245,2021,6,30,"US","Fraxinus anomala"
"3325567531","Fraxinus anomala",-109.601106,38.628305,2021,6,7,"US","Fraxinus anomala"
"3325589565","Fraxinus anomala",-109.60076,38.630411,2021,6,28,"US","Fraxinus anomala"
"3325714178","Fraxinus anomala",-111.150999,38.181985,2021,6,26,"US","Fraxinus anomala"
"3325722518","Fraxinus anomala",-109.599882,38.626872,2021,6,7,"US","Fraxinus anomala"
"3325789538","Fraxinus anomala",-109.502112,38.744198,2021,6,27,"US","Fraxinus anomala"
"3415375640","Fraxinus anomala",-115.279743,37.360821,2021,6,5,"US","Fraxinus anomala"
"3327681201","Fraxinus anomala",-113.644173,37.199076,2021,7,3,"US","Fraxinus anomala"
"3330431615","Fraxinus anomala",-108.711064,39.108708,2021,7,14,"US","Fraxinus anomala"
"3330705567","Fraxinus anomala",-109.925576,38.426252,2021,7,12,"US","Fraxinus anomala"
"3335069905","Fraxinus anomala",-108.734633,39.100956,2021,7,29,"US","Fraxinus anomala"
"3343893550","Fraxinus anomala",-107.711295,38.58869,2021,7,6,"US","Fraxinus anomala"
"3355683971","Fraxinus anomala",-108.606949,39.024966,2021,7,22,"US","Fraxinus anomala"
"3456581780","Fraxinus anomala",-113.646165,37.204876,2021,7,6,"US","Fraxinus anomala"
"3337561958","Fraxinus anomala",-109.504259,38.743381,2021,8,10,"US","Fraxinus anomala"
"3338086935","Fraxinus anomala",-115.521998,36.022703,2021,8,13,"US","Fraxinus anomala"
"3456663769","Fraxinus anomala",-109.598344,38.783686,2021,8,16,"US","Fraxinus anomala"
"3355621217","Fraxinus anomala",-109.817323,38.120148,2021,9,7,"US","Fraxinus anomala"
"3384171700","Fraxinus anomala",-109.932594,38.429017,2021,9,28,"US","Fraxinus anomala"
"3384576193","Fraxinus anomala",-109.599715,38.625908,2021,9,24,"US","Fraxinus anomala"
"3384822306","Fraxinus anomala",-109.59175,38.778697,2021,9,24,"US","Fraxinus anomala"
"3384852118","Fraxinus anomala",-109.561858,38.742962,2021,9,23,"US","Fraxinus anomala"
"3384900669","Fraxinus anomala",-112.142455,36.061405,2021,9,27,"US","Fraxinus anomala"
"3391401022","Fraxinus anomala",-109.592074,38.778825,2021,9,23,"US","Fraxinus anomala"
"3759525762","Fraxinus anomala",-109.591553,38.627144,2021,9,11,"US","Fraxinus anomala"
"3994163794","Fraxinus anomala",-115.280901,37.360442,2021,9,24,"US","Fraxinus anomala"
"3994179124","Fraxinus anomala",-112.95869,37.25299,2021,9,27,"US","Fraxinus anomala"
"3398825714","Fraxinus anomala",-109.504797,38.742639,2021,10,21,"US","Fraxinus anomala"
"3398894672","Fraxinus anomala",-109.600808,38.622242,2021,10,20,"US","Fraxinus anomala"
"3398988720","Fraxinus anomala",-109.005878,36.804531,2021,10,21,"US","Fraxinus anomala"
"3399075970","Fraxinus anomala",-113.196687,37.408588,2021,10,21,"US","Fraxinus anomala"
"3399192037","Fraxinus anomala",-108.497078,36.84422,2021,10,15,"US","Fraxinus anomala"
"3399215447","Fraxinus anomala",-109.69615,38.26009,2021,10,17,"US","Fraxinus anomala"
"3399217723","Fraxinus anomala",-108.223404,36.696121,2021,10,20,"US","Fraxinus anomala"
"3399267544","Fraxinus anomala",-112.960358,37.236733,2021,10,13,"US","Fraxinus anomala"
"3415544848","Fraxinus anomala",-109.696158,38.260097,2021,10,23,"US","Fraxinus anomala"
"3415664764","Fraxinus anomala",-110.798422,38.601908,2021,10,10,"US","Fraxinus anomala"
"3416212382","Fraxinus anomala",-110.364489,38.864425,2021,10,7,"US","Fraxinus anomala"
"3456621762","Fraxinus anomala",-109.646088,37.276275,2021,10,24,"US","Fraxinus anomala"
"3456779372","Fraxinus anomala",-109.44873,38.395353,2021,10,3,"US","Fraxinus anomala"
"3456857069","Fraxinus anomala",-109.500062,38.735014,2021,10,21,"US","Fraxinus anomala"
"3947261484","Fraxinus anomala",-109.50455,38.742744,2021,10,17,"US","Fraxinus anomala"
"3415414082","Fraxinus anomala",-112.138122,36.064625,2021,11,4,"US","Fraxinus anomala"
"3415901094","Fraxinus anomala",-109.691422,38.693663,2021,11,7,"US","Fraxinus anomala"
"3416083061","Fraxinus anomala",-111.240208,38.282433,2021,11,1,"US","Fraxinus anomala"
"3416132012","Fraxinus anomala",-111.159106,38.214011,2021,11,4,"US","Fraxinus anomala"
"3416169699","Fraxinus anomala",-111.239328,38.282775,2021,11,1,"US","Fraxinus anomala"
"3456995404","Fraxinus anomala",-109.696158,38.260097,2021,11,27,"US","Fraxinus anomala"
"3455793924","Fraxinus anomala",-115.477593,36.124945,2021,12,19,"US","Fraxinus anomala"
"3455829938","Fraxinus anomala",-109.509528,38.740453,2021,12,1,"US","Fraxinus anomala"
"2573859577","Fraxinus anomala",-109.579685,38.770047,2020,2,15,"US","Fraxinus anomala"
"3892687322","Fraxinus anomala",-113.006728,37.131564,2020,2,17,"US","Fraxinus anomala"
"2596115582","Fraxinus anomala",-113.622872,37.155378,2020,3,29,"US","Fraxinus anomala"
"2611305250","Fraxinus anomala",-112.22466,36.096101,2020,3,17,"US","Fraxinus anomala"
"2603530432","Fraxinus anomala",-109.532819,38.609001,2020,4,15,"US","Fraxinus anomala"
"2620013890","Fraxinus anomala",-115.572608,36.124122,2020,4,30,"US","Fraxinus anomala"
"3415782672","Fraxinus anomala",-113.407,37.22275,2020,4,11,"US","Fraxinus anomala"
"2626106590","Fraxinus anomala",-108.813683,37.350422,2020,5,3,"US","Fraxinus anomala"
"2626107753","Fraxinus anomala",-115.46952,36.087936,2020,5,7,"US","Fraxinus anomala"
"2626266437","Fraxinus anomala",-115.577713,36.108697,2020,5,1,"US","Fraxinus anomala"
"2626335090","Fraxinus anomala",-109.491617,38.550555,2020,5,11,"US","Fraxinus anomala"
"2626598948","Fraxinus anomala",-108.62663,39.028853,2020,5,12,"US","Fraxinus anomala"
"2634042719","Fraxinus anomala",-108.621145,38.980806,2020,5,25,"US","Fraxinus anomala"
"2634592420","Fraxinus anomala",-109.642299,37.519906,2020,5,24,"US","Fraxinus anomala"
"2802633964","Fraxinus anomala",-111.418062,37.821712,2020,6,3,"US","Fraxinus anomala"
"2802850848","Fraxinus anomala",-112.490623,34.454479,2020,6,22,"US","Fraxinus anomala"
"2814080699","Fraxinus anomala",-111.477405,36.924003,2020,6,29,"US","Fraxinus anomala"
"2814158081","Fraxinus anomala",-110.806689,38.589016,2020,6,26,"US","Fraxinus anomala"
"2856769258","Fraxinus anomala",-112.944704,37.212796,2020,6,15,"US","Fraxinus anomala"
"3070346087","Fraxinus anomala",-112.513435,37.048246,2020,6,21,"US","Fraxinus anomala"
"3118330382","Fraxinus anomala",-109.815553,38.183368,2020,6,5,"US","Fraxinus anomala"
"3307446357","Fraxinus anomala",-109.894777,38.294396,2020,6,25,"US","Fraxinus anomala"
"3947112545","Fraxinus anomala",-115.29629,35.268789,2020,6,9,"US","Fraxinus anomala"
"2814059210","Fraxinus anomala",-112.938911,37.217953,2020,7,1,"US","Fraxinus anomala"
"2814094903","Fraxinus anomala",-109.499542,38.744062,2020,7,3,"US","Fraxinus anomala"
"3783620882","Fraxinus anomala",-108.983117,39.168183,2020,7,8,"US","Fraxinus anomala"
"4010500319","Fraxinus anomala",-114.09835,36.24494,2020,7,16,"US","Fraxinus anomala"
"2850949043","Fraxinus anomala",-109.069527,37.383915,2020,8,1,"US","Fraxinus anomala"
"2873971455","Fraxinus anomala",-109.570892,38.740367,2020,8,1,"US","Fraxinus anomala"
"2984522447","Fraxinus anomala",-111.965728,37.126853,2020,8,23,"US","Fraxinus anomala"
"2988459630","Fraxinus anomala",-115.542747,36.128606,2020,8,20,"US","Fraxinus anomala"
"2868115760","Fraxinus anomala",-109.500253,38.735672,2020,9,8,"US","Fraxinus anomala"
"3343831467","Fraxinus anomala",-107.727558,38.57283,2020,9,13,"US","Fraxinus anomala"
"3344023468","Fraxinus anomala",-107.722736,38.576941,2020,9,13,"US","Fraxinus anomala"
"2898286007","Fraxinus anomala",-110.13329,38.23402,2020,10,9,"US","Fraxinus anomala"
"2901506591","Fraxinus anomala",-109.03725,37.424542,2020,10,14,"US","Fraxinus anomala"
"2901820611","Fraxinus anomala",-109.03779,37.42454,2020,10,14,"US","Fraxinus anomala"
"2901824607","Fraxinus anomala",-109.037484,37.424581,2020,10,14,"US","Fraxinus anomala"
"2963856505","Fraxinus anomala",-110.019816,37.611501,2020,10,11,"US","Fraxinus anomala"
"2984408965","Fraxinus anomala",-109.66018,38.612678,2020,10,8,"US","Fraxinus anomala"
"3456280786","Fraxinus anomala",-110.012228,37.592193,2020,10,16,"US","Fraxinus anomala"
"1990573250","Fraxinus anomala",-109.505072,38.741895,2019,1,23,"US","Fraxinus anomala"
"2238798041","Fraxinus anomala",-111.929733,36.024361,2019,3,29,"US","Fraxinus anomala"
"2235550648","Fraxinus anomala",-109.830453,38.175428,2019,4,3,"US","Fraxinus anomala"
"2236291865","Fraxinus anomala",-111.759515,36.744909,2019,4,11,"US","Fraxinus anomala"
"2236874669","Fraxinus anomala",-109.788173,38.126415,2019,4,13,"US","Fraxinus anomala"
"2237474045","Fraxinus anomala",-110.160942,37.418572,2019,4,20,"US","Fraxinus anomala"
"2237507537","Fraxinus anomala",-109.864738,38.38797,2019,4,20,"US","Fraxinus anomala"
"2238889407","Fraxinus anomala",-109.505903,38.740485,2019,4,17,"US","Fraxinus anomala"
"2238895615","Fraxinus anomala",-109.732887,38.648547,2019,4,20,"US","Fraxinus anomala"
"2242768638","Fraxinus anomala",-109.761037,38.163509,2019,4,27,"US","Fraxinus anomala"
"2251832580","Fraxinus anomala",-112.95101,37.269356,2019,4,12,"US","Fraxinus anomala"
"2596133437","Fraxinus anomala",-109.732887,38.648547,2019,4,20,"US","Fraxinus anomala"
"3124735318","Fraxinus anomala",-109.821153,38.450283,2019,4,20,"US","Fraxinus anomala"
"3124829315","Fraxinus anomala",-109.817855,38.178413,2019,4,13,"US","Fraxinus anomala"
"2242896510","Fraxinus anomala",-109.84218,38.122657,2019,5,7,"US","Fraxinus anomala"
"2244222051","Fraxinus anomala",-110.800902,38.600322,2019,5,14,"US","Fraxinus anomala"
"2244237191","Fraxinus anomala",-109.599849,38.787219,2019,5,17,"US","Fraxinus anomala"
"2244267887","Fraxinus anomala",-109.754127,38.156291,2019,5,18,"US","Fraxinus anomala"
"2244273061","Fraxinus anomala",-111.017591,37.289964,2019,5,17,"US","Fraxinus anomala"
"2244286617","Fraxinus anomala",-111.008421,37.26292,2019,5,17,"US","Fraxinus anomala"
"2251875175","Fraxinus anomala",-109.9938,38.584823,2019,5,18,"US","Fraxinus anomala"
"2251918027","Fraxinus anomala",-109.864652,38.387963,2019,5,26,"US","Fraxinus anomala"
"2251918341","Fraxinus anomala",-109.888525,38.378632,2019,5,26,"US","Fraxinus anomala"
"2251965138","Fraxinus anomala",-109.553392,38.703097,2019,5,27,"US","Fraxinus anomala"
"2252025523","Fraxinus anomala",-112.0405,36.170477,2019,5,22,"US","Fraxinus anomala"
"2252032570","Fraxinus anomala",-109.581351,38.727267,2019,5,29,"US","Fraxinus anomala"
"2273258674","Fraxinus anomala",-111.215025,38.26487,2019,5,26,"US","Fraxinus anomala"
"2283018516","Fraxinus anomala",-108.901387,38.726122,2019,5,18,"US","Fraxinus anomala"
"2557736225","Fraxinus anomala",-109.539961,38.691322,2019,5,27,"US","Fraxinus anomala"
"2603500357","Fraxinus anomala",-113.654251,37.221703,2019,5,13,"US","Fraxinus anomala"
"3013899360","Fraxinus anomala",-109.533839,38.688798,2019,5,29,"US","Fraxinus anomala"
"3013901359","Fraxinus anomala",-109.738749,38.470256,2019,5,29,"US","Fraxinus anomala"
"2252015657","Fraxinus anomala",-109.709984,38.695108,2019,6,2,"US","Fraxinus anomala"
"2252017619","Fraxinus anomala",-109.59951,38.625366,2019,6,1,"US","Fraxinus anomala"
"2252034303","Fraxinus anomala",-109.864702,38.387967,2019,6,3,"US","Fraxinus anomala"
"2252043758","Fraxinus anomala",-109.070178,37.383236,2019,6,3,"US","Fraxinus anomala"
"2269280665","Fraxinus anomala",-109.538375,38.688688,2019,6,16,"US","Fraxinus anomala"
"2273247215","Fraxinus anomala",-111.170549,38.184296,2019,6,22,"US","Fraxinus anomala"
"2273251463","Fraxinus anomala",-111.170479,38.184321,2019,6,22,"US","Fraxinus anomala"
"2273311580","Fraxinus anomala",-111.164375,38.210663,2019,6,24,"US","Fraxinus anomala"
"2273323472","Fraxinus anomala",-111.173355,38.186233,2019,6,22,"US","Fraxinus anomala"
"2283062649","Fraxinus anomala",-112.946968,37.272354,2019,6,4,"US","Fraxinus anomala"
"2283078627","Fraxinus anomala",-111.144182,38.085585,2019,6,22,"US","Fraxinus anomala"
"2283095613","Fraxinus anomala",-108.736944,39.100489,2019,6,30,"US","Fraxinus anomala"
"2283125908","Fraxinus anomala",-111.198547,38.277294,2019,6,27,"US","Fraxinus anomala"
"2294459191","Fraxinus anomala",-109.549839,38.573316,2019,6,22,"US","Fraxinus anomala"
"2294531369","Fraxinus anomala",-108.956927,39.169472,2019,6,23,"US","Fraxinus anomala"
"2294550726","Fraxinus anomala",-112.972846,37.200672,2019,6,4,"US","Fraxinus anomala"
"2294552243","Fraxinus anomala",-112.976439,37.201268,2019,6,4,"US","Fraxinus anomala"
"2451584235","Fraxinus anomala",-108.738344,39.116981,2019,6,19,"US","Fraxinus anomala"
"2619885381","Fraxinus anomala",-112.977931,37.201672,2019,6,4,"US","Fraxinus anomala"
"2873754467","Fraxinus anomala",-107.720561,38.576454,2019,6,26,"US","Fraxinus anomala"
"2988284351","Fraxinus anomala",-109.601166,38.628647,2019,6,1,"US","Fraxinus anomala"
"3031831471","Fraxinus anomala",-115.482453,36.149211,2019,6,20,"US","Fraxinus anomala"
"3070586680","Fraxinus anomala",-110.380257,39.031403,2019,6,10,"US","Fraxinus anomala"
"2465113450","Fraxinus anomala",-109.298571,40.438661,2019,7,24,"US","Fraxinus anomala"
"2331908690","Fraxinus anomala",-109.515962,38.873395,2019,8,4,"US","Fraxinus anomala"
"2611195449","Fraxinus anomala",-109.531454,38.684899,2019,8,4,"US","Fraxinus anomala"
"2984478442","Fraxinus anomala",-109.609433,38.617578,2019,8,3,"US","Fraxinus anomala"
"2429248580","Fraxinus anomala",-109.947571,38.159721,2019,9,12,"US","Fraxinus anomala"
"2429292440","Fraxinus anomala",-109.864677,38.388035,2019,9,22,"US","Fraxinus anomala"
"2465123574","Fraxinus anomala",-117.072778,36.278683,2019,9,7,"US","Fraxinus anomala"
"2626182543","Fraxinus anomala",-108.638551,39.031396,2019,9,27,"US","Fraxinus anomala"
"2851002200","Fraxinus anomala",-109.838528,38.123692,2019,9,3,"US","Fraxinus anomala"
"2988477418","Fraxinus anomala",-112.553146,34.836536,2019,9,22,"US","Fraxinus anomala"
"3070292749","Fraxinus anomala",-111.12207,35.158691,2019,9,2,"US","Fraxinus anomala"
"2429343963","Fraxinus anomala",-109.691884,38.059632,2019,10,1,"US","Fraxinus anomala"
"2429536237","Fraxinus anomala",-109.298569,40.438714,2019,10,10,"US","Fraxinus anomala"
"2429584140","Fraxinus anomala",-111.168167,38.209527,2019,10,13,"US","Fraxinus anomala"
"2445061777","Fraxinus anomala",-109.301995,38.720028,2019,10,19,"US","Fraxinus anomala"
"2445130942","Fraxinus anomala",-109.308747,38.722763,2019,10,19,"US","Fraxinus anomala"
"2447932365","Fraxinus anomala",-111.200375,38.275542,2019,10,22,"US","Fraxinus anomala"
"2529353147","Fraxinus anomala",-109.754351,38.156023,2019,10,16,"US","Fraxinus anomala"
"2856543359","Fraxinus anomala",-112.529793,37.043007,2019,10,19,"US","Fraxinus anomala"
"2984448346","Fraxinus anomala",-109.591483,38.626874,2019,10,12,"US","Fraxinus anomala"
"3070503810","Fraxinus anomala",-109.94217,38.157165,2019,10,17,"US","Fraxinus anomala"
"3124824321","Fraxinus anomala",-109.864145,38.354828,2019,10,13,"US","Fraxinus anomala"
"1802762510","Fraxinus anomala",-109.79455,37.434457,2018,1,1,"US","Fraxinus anomala"
"1914252696","Fraxinus anomala",-109.619008,38.649696,2018,1,7,"US","Fraxinus anomala"
"1847412244","Fraxinus anomala",-109.510478,38.596347,2018,3,26,"US","Fraxinus anomala"
"1891269177","Fraxinus anomala",-112.273635,36.122395,2018,3,23,"US","Fraxinus anomala"
"1837773918","Fraxinus anomala",-109.635835,38.579965,2018,4,4,"US","Fraxinus anomala"
"1839233674","Fraxinus anomala",-112.95707,37.256553,2018,4,21,"US","Fraxinus anomala"
"1841295995","Fraxinus anomala",-109.735605,38.646205,2018,4,10,"US","Fraxinus anomala"
"1841323147","Fraxinus anomala",-109.819637,38.459487,2018,4,11,"US","Fraxinus anomala"
"1841326134","Fraxinus anomala",-112.088731,36.071872,2018,4,21,"US","Fraxinus anomala"
"1847439567","Fraxinus anomala",-112.951544,37.269342,2018,4,24,"US","Fraxinus anomala"
"1847539490","Fraxinus anomala",-109.477567,36.128843,2018,4,14,"US","Fraxinus anomala"
"1914190891","Fraxinus anomala",-109.564392,38.700512,2018,4,25,"US","Fraxinus anomala"
"2270531077","Fraxinus anomala",-113.9767,36.61652,2018,4,28,"US","Fraxinus anomala"
"3466469146","Fraxinus anomala",-112.92376,37.21744,2018,4,17,"US","Fraxinus anomala"
"1883461325","Fraxinus anomala",-108.94409,38.549669,2018,5,27,"US","Fraxinus anomala"
"1949985546","Fraxinus anomala",-109.812791,38.578251,2018,5,24,"US","Fraxinus anomala"
"2235396602","Fraxinus anomala",-114.092583,37.558983,2018,5,24,"US","Fraxinus anomala"
"2422534585","Fraxinus anomala",-114.09258,37.55897,2018,5,24,"US","Fraxinus anomala"
"2610091329","Fraxinus anomala",-114.092583,37.558982999088,2018,5,24,"US","Fraxinus anomala"
"1880483589","Fraxinus anomala",-109.540382,38.691345,2018,6,15,"US","Fraxinus anomala"
"1880503242","Fraxinus anomala",-109.276476,40.44243,2018,6,17,"US","Fraxinus anomala"
"1880624480","Fraxinus anomala",-109.540132,38.691301,2018,6,11,"US","Fraxinus anomala"
"1880624492","Fraxinus anomala",-109.864601,38.388038,2018,6,11,"US","Fraxinus anomala"
"1898784825","Fraxinus anomala",-109.539991,38.688016,2018,6,25,"US","Fraxinus anomala"
"1913145518","Fraxinus anomala",-109.811414,38.179413,2018,6,26,"US","Fraxinus anomala"
"1890044787","Fraxinus anomala",-109.592514,38.733081,2018,7,26,"US","Fraxinus anomala"
"1891321183","Fraxinus anomala",-112.945416,37.212964,2018,8,6,"US","Fraxinus anomala"
"1891321252","Fraxinus anomala",-112.94549,37.212886,2018,8,6,"US","Fraxinus anomala"
"1898802734","Fraxinus anomala",-112.938263,37.270845,2018,8,14,"US","Fraxinus anomala"
"1901076315","Fraxinus anomala",-109.668237,37.518559,2018,8,30,"US","Fraxinus anomala"
"1913663351","Fraxinus anomala",-113.110094,37.658717,2018,9,6,"US","Fraxinus anomala"
"1913663353","Fraxinus anomala",-113.040191,37.690484,2018,9,6,"US","Fraxinus anomala"
"1913709048","Fraxinus anomala",-110.033547,39.099231,2018,9,13,"US","Fraxinus anomala"
"1914317052","Fraxinus anomala",-111.311638,37.641541,2018,9,14,"US","Fraxinus anomala"
"1914317140","Fraxinus anomala",-111.30864,37.641319,2018,9,10,"US","Fraxinus anomala"
"2236823794","Fraxinus anomala",-113.041557,37.690322,2018,9,6,"US","Fraxinus anomala"
"2557731436","Fraxinus anomala",-110.012094,37.588204,2018,9,23,"US","Fraxinus anomala"
"2626457334","Fraxinus anomala",-108.727143,39.103103,2018,9,28,"US","Fraxinus anomala"
"1944401934","Fraxinus anomala",-109.599983,38.636187,2018,11,5,"US","Fraxinus anomala"
"1945440185","Fraxinus anomala",-111.219244,37.480067,2018,11,17,"US","Fraxinus anomala"
"1990458283","Fraxinus anomala",-112.951592,37.26912,2018,11,11,"US","Fraxinus anomala"
"1993710505","Fraxinus anomala",-110.431272,38.921087,2018,11,6,"US","Fraxinus anomala"
"1562890901","Fraxinus anomala",-109.749074,38.673487,2017,4,25,"US","Fraxinus anomala"
"1640087051","Fraxinus anomala",-115.457189,36.092632,2017,4,15,"US","Fraxinus anomala"
"1699362872","Fraxinus anomala",-112.98005,37.201887,2017,4,15,"US","Fraxinus anomala"
"1847633208","Fraxinus anomala",-109.754417,38.156278,2017,4,15,"US","Fraxinus anomala"
"1986913071","Fraxinus anomala",-115.131717,37.7517589990864,2017,4,30,"US","Fraxinus anomala"
"1993778785","Fraxinus anomala",-110.18177,37.860553,2017,4,2,"US","Fraxinus anomala"
"1993778786","Fraxinus anomala",-110.089103,37.843838,2017,4,5,"US","Fraxinus anomala"
"1993778789","Fraxinus anomala",-110.189918,37.858653,2017,4,2,"US","Fraxinus anomala"
"2268952010","Fraxinus anomala",-115.131717,37.751759,2017,4,30,"US","Fraxinus anomala"
"2626358318","Fraxinus anomala",-108.627712,39.029317,2017,4,18,"US","Fraxinus anomala"
"2814120636","Fraxinus anomala",-111.936846,36.001186,2017,4,2,"US","Fraxinus anomala"
"3745149336","Fraxinus anomala",-112.178284,36.067999,2017,4,29,"US","Fraxinus anomala"
"1562955405","Fraxinus anomala",-113.04483,37.691913,2017,5,18,"US","Fraxinus anomala"
"1571079467","Fraxinus anomala",-109.58658,38.772922,2017,5,31,"US","Fraxinus anomala"
"2005277418","Fraxinus anomala",-110.457603,38.907527,2017,5,12,"US","Fraxinus anomala"
"2005277421","Fraxinus anomala",-110.568298,38.705675,2017,5,26,"US","Fraxinus anomala"
"2005277422","Fraxinus anomala",-110.591175,38.686838,2017,5,22,"US","Fraxinus anomala"
"2242843902","Fraxinus anomala",-112.958795,37.254188,2017,5,3,"US","Fraxinus anomala"
"2268952318","Fraxinus anomala",-115.278187,37.355547,2017,5,15,"US","Fraxinus anomala"
"2268953619","Fraxinus anomala",-115.380121,37.663681,2017,5,19,"US","Fraxinus anomala"
"2268953810","Fraxinus anomala",-115.392532,37.950892,2017,5,29,"US","Fraxinus anomala"
"2814409792","Fraxinus anomala",-109.754592,38.15788,2017,5,11,"US","Fraxinus anomala"
"3743062834","Fraxinus anomala",-112.32493,37.10614,2017,5,6,"US","Fraxinus anomala"
"1950035737","Fraxinus anomala",-112.00335,37.025022,2017,7,23,"US","Fraxinus anomala"
"1668859485","Fraxinus anomala",-111.179945,38.18581,2017,9,22,"US","Fraxinus anomala"
"3399129316","Fraxinus anomala",-115.461545,36.068166,2016,1,13,"US","Fraxinus anomala"
"1890038466","Fraxinus anomala",-108.267045,38.779681,2016,4,24,"US","Fraxinus anomala"
"3124621303","Fraxinus anomala",-109.618386,38.698804,2016,4,5,"US","Fraxinus anomala"
"1677260730","Fraxinus anomala",-109.730945,38.70472,2016,5,10,"US","Fraxinus anomala"
"1677261801","Fraxinus anomala",-109.60094,38.630557,2016,5,24,"US","Fraxinus anomala"
"1831207241","Fraxinus anomala",-111.864278,34.061708,2016,5,9,"US","Fraxinus anomala"
"1837736113","Fraxinus anomala",-109.599722,38.787222,2016,5,8,"US","Fraxinus anomala"
"1993778893","Fraxinus anomala",-112.227393,36.0855,2016,5,6,"US","Fraxinus anomala"
"2626121329","Fraxinus anomala",-107.709446,38.577619,2016,5,29,"US","Fraxinus anomala"
"3783622551","Fraxinus anomala",-108.93441,39.06359,2016,5,25,"US","Fraxinus anomala"
"3783625656","Fraxinus anomala",-108.9237,39.0573,2016,5,16,"US","Fraxinus anomala"
"1272111298","Fraxinus anomala",-110.096047,36.994889,2016,6,4,"US","Fraxinus anomala"
"1272113344","Fraxinus anomala",-109.582094,38.765158,2016,6,5,"US","Fraxinus anomala"
"1453157925","Fraxinus anomala",-113.033853,37.672212,2016,10,20,"US","Fraxinus anomala"
"2430081542","Fraxinus anomala",-115.54936,35.43355,2015,4,29,"US","Fraxinus anomala"
"2270463975","Fraxinus anomala",-113.81646,36.9784,2015,5,17,"US","Fraxinus anomala"
"2270536594","Fraxinus anomala",-114.011733,36.638167,2015,5,5,"US","Fraxinus anomala"
"2632742323","Fraxinus anomala",-115.163019,37.6074969990876,2015,5,1,"US","Fraxinus anomala"
"3091290979","Fraxinus anomala",-111.652817,34.5296539991185,2015,7,24,"US","Fraxinus anomala"
"3124530302","Fraxinus anomala",-109.618421,38.802893,2015,7,20,"US","Fraxinus anomala"
"1306573324","Fraxinus anomala",-112.937442,37.270785,2015,8,4,"US","Fraxinus anomala"
"1934744904","Fraxinus anomala",-111.951413,36.004427,2014,4,23,"US","Fraxinus anomala"
"1934744936","Fraxinus anomala",-112.013568,36.042387,2014,4,25,"US","Fraxinus anomala"
"3892412321","Fraxinus anomala",-109.020256,39.167564,2014,5,8,"US","Fraxinus anomala"
"3091293978","Fraxinus anomala",-111.63532,34.5354999991185,2014,6,17,"US","Fraxinus anomala"
"3335428047","Fraxinus anomala",-109.599469,38.64868,2014,6,14,"US","Fraxinus anomala"
"3783621584","Fraxinus anomala",-108.78491,39.15195,2014,6,13,"US","Fraxinus anomala"
"3090811448","Fraxinus anomala",-109.601214,38.629852,2014,7,27,"US","Fraxinus anomala"
"3124572301","Fraxinus anomala",-109.599892,38.625404,2014,7,4,"US","Fraxinus anomala"
"2626140303","Fraxinus anomala",-108.729354,39.097379,2014,8,5,"US","Fraxinus anomala"
"1024329967","Fraxinus anomala",-109.73614,38.486338,2014,9,27,"US","Fraxinus anomala"
"1052574997","Fraxinus anomala",-111.929907,36.020955,2014,11,15,"US","Fraxinus anomala"
"1846553447","Fraxinus anomala",-111.617316,34.403848,2013,3,19,"US","Fraxinus anomala"
"1846553278","Fraxinus anomala",-111.564944,34.4253059991198,2013,4,22,"US","Fraxinus anomala"
"3091187393","Fraxinus anomala",-111.564944,34.4253059991198,2013,4,22,"US","Fraxinus anomala"
"3091204337","Fraxinus anomala",-113.60327,35.4433779991083,2013,4,7,"US","Fraxinus anomala"
"2270497533","Fraxinus anomala",-114.017933,36.6407499990962,2013,5,7,"US","Fraxinus anomala"
"2270497568","Fraxinus anomala",-113.377233,37.2698829990905,2013,5,8,"US","Fraxinus anomala"
"2270572660","Fraxinus anomala",-109.865148,38.768241,2013,5,6,"US","Fraxinus anomala"
"2430383238","Fraxinus anomala",-114.017933,36.6407499990962,2013,5,7,"US","Fraxinus anomala"
"3091303022","Fraxinus anomala",-111.799349,36.993086,2013,6,9,"US","Fraxinus anomala"
"2545504925","Fraxinus anomala",-109.573448,38.974327,2013,9,30,"US","Fraxinus anomala"
"3124498301","Fraxinus anomala",-109.4998,38.74427,2013,9,2,"US","Fraxinus anomala"
"1807270470","Fraxinus anomala",-109.456154,38.417401,2013,10,12,"US","Fraxinus anomala"
"2545491214","Fraxinus anomala",-111.815414,37.27512,2013,10,4,"US","Fraxinus anomala"
"2545503231","Fraxinus anomala",-111.45089,37.831623,2013,10,11,"US","Fraxinus anomala"
"2545509089","Fraxinus anomala",-113.487801,37.262531,2013,10,2,"US","Fraxinus anomala"
"2242397386","Fraxinus anomala",-108.34718,38.6597,2012,5,2,"US","Fraxinus anomala"
"2270575405","Fraxinus anomala",-112.140518,34.888866,2012,5,23,"US","Fraxinus anomala"
"2430351243","Fraxinus anomala",-115.07139,35.34275,2012,5,5,"US","Fraxinus anomala"
"3091215567","Fraxinus anomala",-111.500552,35.92403,2012,5,28,"US","Fraxinus anomala"
"921765086","Fraxinus anomala",-112.973328,37.255131,2012,8,28,"US","Fraxinus anomala"
"3091278197","Fraxinus anomala",-112.86775,36.973817,2012,8,22,"US","Fraxinus anomala"
"2270462308","Fraxinus anomala",-112.295151,34.882034,2012,9,17,"US","Fraxinus anomala"
"2430130229","Fraxinus anomala",-112.29515,34.882033,2012,9,17,"US","Fraxinus anomala"
"1846551375","Fraxinus anomala",-111.615393,36.936581,2012,10,14,"US","Fraxinus anomala"
"3091244260","Fraxinus anomala",-111.615393,36.936581,2012,10,14,"US","Fraxinus anomala"
"3799740303","Fraxinus anomala",-111.615393,36.936581,2012,10,14,"US","Fraxinus anomala"
"997427309","Fraxinus anomala",-113.3747,37.2941,2011,4,11,"US","Fraxinus anomala"
"1891268865","Fraxinus anomala",-111.880611,36.293056,2011,5,4,"US","Fraxinus anomala"
"1928409277","Fraxinus anomala",-108.0629,39.3362,2011,5,26,"US","Fraxinus anomala"
"2422482103","Fraxinus anomala",-115.4896,35.02903,2011,5,1,"US","Fraxinus anomala"
"2573526589","Fraxinus anomala",-108.32751,38.66891,2011,5,27,"US","Fraxinus anomala"
"3031673296","Fraxinus anomala",-117.94967,37.232787,2011,5,21,"US","Fraxinus anomala"
"3091275731","Fraxinus anomala",-113.665448366197,36.2948015676885,2011,8,10,"US","Fraxinus anomala"
"2545504927","Fraxinus anomala",-109.573448,38.974327,2011,9,18,"US","Fraxinus anomala"
"2545505128","Fraxinus anomala",-109.573448,38.974327,2011,9,20,"US","Fraxinus anomala"
"2545501102","Fraxinus anomala",-113.749687,35.717705,2011,10,27,"US","Fraxinus anomala"
"2545502021","Fraxinus anomala",-110.990326,38.26123,2011,10,1,"US","Fraxinus anomala"
"2545502924","Fraxinus anomala",-111.815414,37.27512,2011,11,3,"US","Fraxinus anomala"
"2545506949","Fraxinus anomala",-111.815414,37.27512,2011,11,1,"US","Fraxinus anomala"
"1929933664","Fraxinus anomala",-112.0508,34.6875,2010,3,21,"US","Fraxinus anomala"
"2422515690","Fraxinus anomala",-112.05139,34.68861,2010,3,21,"US","Fraxinus anomala"
"1846538203","Fraxinus anomala",-112.024389,36.185125,2010,5,28,"US","Fraxinus anomala"
"1846546498","Fraxinus anomala",-109.191785,33.532966,2010,5,31,"US","Fraxinus anomala"
"2294504663","Fraxinus anomala",-113.059278,37.17886,2010,5,24,"US","Fraxinus anomala"
"3091294028","Fraxinus anomala",-109.191785,33.532966,2010,5,31,"US","Fraxinus anomala"
"3391965334","Fraxinus anomala",-110.716,39.1472,2010,5,6,"US","Fraxinus anomala"
"1928645559","Fraxinus anomala",-110.833564655688,37.0659252144837,2010,6,12,"US","Fraxinus anomala"
"1931043390","Fraxinus anomala",-112.0531,34.6892,2010,6,5,"US","Fraxinus anomala"
"1987021090","Fraxinus anomala",-112.0531,34.6892,2010,6,5,"US","Fraxinus anomala"
"3091203295","Fraxinus anomala",-110.833564638047,37.0640922543048,2010,6,12,"US","Fraxinus anomala"
"3456363882","Fraxinus anomala",-109.569858,38.728794,2010,6,8,"US","Fraxinus anomala"
"1317976999","Fraxinus anomala",-111.3,37.8642,2010,7,29,"US","Fraxinus anomala"
"3091223183","Fraxinus anomala",-109.647167,37.269333,2010,7,18,"US","Fraxinus anomala"
"3059681060","Fraxinus anomala",-111.735,34.89,2009,3,26,"US","Fraxinus anomala"
"1929251431","Fraxinus anomala",-114.57439,37.49992,2009,4,30,"US","Fraxinus anomala"
"1846516976","Fraxinus anomala",-115.279611,37.382722,2009,5,1,"US","Fraxinus anomala"
"1930856341","Fraxinus anomala",-115.27961,37.38272,2009,5,1,"US","Fraxinus anomala"
"2422459733","Fraxinus anomala",-115.27961,37.38272,2009,5,1,"US","Fraxinus anomala"
"240492246","Fraxinus anomala",-109.79704,38.56168,2009,6,10,"US","Fraxinus anomala"
"1986990183","Fraxinus anomala",-111.6896,37.7737009990862,2009,7,21,"US","Fraxinus anomala"
"2422484609","Fraxinus anomala",-112.0225,37.02,2009,9,15,"US","Fraxinus anomala"
"3091302051","Fraxinus anomala",-111.87173,36.24094,2008,4,19,"US","Fraxinus anomala"
"3389711417","Fraxinus anomala",-109.588455,38.769478,2008,4,16,"US","Fraxinus anomala"
"2422447406","Fraxinus anomala",-115.29806,35.255,2008,5,5,"US","Fraxinus anomala"
"2311267382","Fraxinus anomala",-112.9516,37.2684,2008,6,28,"US","Fraxinus anomala"
"2294400676","Fraxinus anomala",-111.20027,38.27515,2008,7,5,"US","Fraxinus anomala"
"2294400677","Fraxinus anomala",-109.53225,38.68742,2008,7,1,"US","Fraxinus anomala"
"1846515140","Fraxinus anomala",-113.524002847307,35.9864898152055,2008,8,30,"US","Fraxinus anomala"
"3091204549","Fraxinus anomala",-113.524007829564,35.9846778587,2008,8,30,"US","Fraxinus anomala"
"1846505629","Fraxinus anomala",-111.959567,36.0076,2007,4,2,"US","Fraxinus anomala"
"1846505795","Fraxinus anomala",-111.98965,36.021617,2007,4,6,"US","Fraxinus anomala"
"1846505808","Fraxinus anomala",-111.988233,36.023433,2007,4,6,"US","Fraxinus anomala"
"3091224502","Fraxinus anomala",-113.96252,36.015,2007,4,6,"US","Fraxinus anomala"
"3091248665","Fraxinus anomala",-111.959567,36.0076,2007,4,2,"US","Fraxinus anomala"
"1846515840","Fraxinus anomala",-112.238106,36.102979,2007,5,11,"US","Fraxinus anomala"
"2242381489","Fraxinus anomala",-108.990017,38.711435,2007,5,5,"US","Fraxinus anomala"
"3698377435","Fraxinus anomala",-112.95758,37.214611,2007,5,11,"US","Fraxinus anomala"
"1846505903","Fraxinus anomala",-112.587222,36.51,2007,9,25,"US","Fraxinus anomala"
"3091248712","Fraxinus anomala",-112.587222,36.51,2007,9,25,"US","Fraxinus anomala"
"2422444846","Fraxinus anomala",-115.57186,35.533,2007,10,24,"US","Fraxinus anomala"
"2430112103","Fraxinus anomala",-115.575926,35.53336,2007,10,24,"US","Fraxinus anomala"
"240492250","Fraxinus anomala",-115.235556,37.256667,2006,5,5,"US","Fraxinus anomala"
"1846479630","Fraxinus anomala",-112.568096,36.3954669990985,2006,5,10,"US","Fraxinus anomala"
"1930854789","Fraxinus anomala",-115.23544,37.25656,2006,5,5,"US","Fraxinus anomala"
"1986957419","Fraxinus anomala",-111.70641,37.75402,2006,5,11,"US","Fraxinus anomala"
"2005280821","Fraxinus anomala",-110.842778,39.073611,2006,5,6,"US","Fraxinus anomala"
"2270687201","Fraxinus anomala",-111.329,33.9403,2006,6,14,"US","Fraxinus anomala"
"2603333482","Fraxinus anomala",-110.007261,37.605354,2006,6,7,"US","Fraxinus anomala"
"1846488765","Fraxinus anomala",-111.747944,33.986833,2005,3,7,"US","Fraxinus anomala"
"1986955966","Fraxinus anomala",-112.566389,37.043056,2005,4,28,"US","Fraxinus anomala"
"3091260491","Fraxinus anomala",-111.908722,34.922111,2005,4,7,"US","Fraxinus anomala"
"1928351791","Fraxinus anomala",-115.0057,38.0624,2005,5,23,"US","Fraxinus anomala"
"1986958961","Fraxinus anomala",-114.995833,38.069444,2005,5,23,"US","Fraxinus anomala"
"1846500494","Fraxinus anomala",-110.73513,33.31439,2005,6,22,"US","Fraxinus anomala"
"1846504547","Fraxinus anomala",-110.741589,33.287919,2005,6,22,"US","Fraxinus anomala"
"1846505457","Fraxinus anomala",-112.37215,36.201,2005,6,1,"US","Fraxinus anomala"
"3091218526","Fraxinus anomala",-112.37215,36.201,2005,6,1,"US","Fraxinus anomala"
"1846500820","Fraxinus anomala",-111.971523,36.146638,2005,9,11,"US","Fraxinus anomala"
"3091269828","Fraxinus anomala",-111.972031278311,36.1465939304888,2005,9,11,"US","Fraxinus anomala"
"1986954042","Fraxinus anomala",-111.9512,37.0724,2004,3,24,"US","Fraxinus anomala"
"1889160768","Fraxinus anomala",-111.31955,33.526117,2004,4,3,"US","Fraxinus anomala"
"2270632091","Fraxinus anomala",-111.32,33.5261,2004,4,3,"US","Fraxinus anomala"
"1843914472","Fraxinus anomala",-108.717,38.38493,2004,5,16,"US","Fraxinus anomala"
"1927977972","Fraxinus anomala",-111.6364,37.8636,2004,5,5,"US","Fraxinus anomala"
"1986952613","Fraxinus anomala",-112.0055,37.0724,2004,5,18,"US","Fraxinus anomala"
"2573527780","Fraxinus anomala",-108.717,38.38495,2004,5,16,"US","Fraxinus anomala"
"1930044874","Fraxinus anomala",-113.3131,37.3472,2004,9,16,"US","Fraxinus anomala"
"1846490500","Fraxinus anomala",-112.0347,36.18417,2003,3,19,"US","Fraxinus anomala"
"3091200348","Fraxinus anomala",-110.62957,37.30247,2003,4,13,"US","Fraxinus anomala"
"1846490289","Fraxinus anomala",-112.1211,36.14567,2003,5,11,"US","Fraxinus anomala"
"2242397858","Fraxinus anomala",-108.627493622249,38.9834616188917,2003,5,21,"US","Fraxinus anomala"
"2270638969","Fraxinus anomala",-114.606,34.8441,2003,5,21,"US","Fraxinus anomala"
"2573468701","Fraxinus anomala",-107.69016,38.56062,2003,5,17,"US","Fraxinus anomala"
"3091247477","Fraxinus anomala",-110.164224236608,38.0500239025709,2003,5,30,"US","Fraxinus anomala"
"2270504354","Fraxinus anomala",-111.891,34.5157,2003,6,17,"US","Fraxinus anomala"
"2573474709","Fraxinus anomala",-107.78693,38.59156,2003,6,27,"US","Fraxinus anomala"
"3091264984","Fraxinus anomala",-111.89106,34.5157,2003,6,17,"US","Fraxinus anomala"
"2422421118","Fraxinus anomala",-115.34389,35.27361,2003,7,5,"US","Fraxinus anomala"
"2270612869","Fraxinus anomala",-111.783,34.8819,2003,9,20,"US","Fraxinus anomala"
"2573469698","Fraxinus anomala",-108.653128,37.218923,2003,9,23,"US","Fraxinus anomala"
"3091219435","Fraxinus anomala",-108.65313,37.21892,2003,9,23,"US","Fraxinus anomala"
"3091239619","Fraxinus anomala",-110.8272,37.04452,2003,9,22,"US","Fraxinus anomala"
"3122396013","Fraxinus anomala",-111.70275,34.884616,2003,9,20,"US","Fraxinus anomala"
"1846475786","Fraxinus anomala",-112.0502,34.23245,2003,10,16,"US","Fraxinus anomala"
"3091239702","Fraxinus anomala",-112.089,34.80714,2003,10,21,"US","Fraxinus anomala"
"2242398863","Fraxinus anomala",-108.820525281365,39.1459195731315,2002,5,8,"US","Fraxinus anomala"
"2242398950","Fraxinus anomala",-108.820525281365,39.1459195731315,2002,5,10,"US","Fraxinus anomala"
"3091237232","Fraxinus anomala",-109.52801,36.15319,2002,5,9,"US","Fraxinus anomala"
"1843901384","Fraxinus anomala",-108.50089,36.84847,2002,6,5,"US","Fraxinus anomala"
"2270576093","Fraxinus anomala",-111.648585,34.560923,2002,6,29,"US","Fraxinus anomala"
"3091192993","Fraxinus anomala",-111.648585,34.560923,2002,6,29,"US","Fraxinus anomala"
"1846488223","Fraxinus anomala",-111.1174,33.61082,2001,3,29,"US","Fraxinus anomala"
"1846493792","Fraxinus anomala",-111.7974,33.9642,2001,4,17,"US","Fraxinus anomala"
"1846493801","Fraxinus anomala",-112.0397,36.16806,2001,4,13,"US","Fraxinus anomala"
"1930787254","Fraxinus anomala",-110.217867,38.846467,2001,5,18,"US","Fraxinus anomala"
"3091211807","Fraxinus anomala",-111.97875,36.001417,2001,5,31,"US","Fraxinus anomala"
"2270638820","Fraxinus anomala",-113.339,33.8037,2001,8,21,"US","Fraxinus anomala"
"240492243","Fraxinus anomala",-113.820324,37.012357,2000,4,6,"US","Fraxinus anomala"
"1986942764","Fraxinus anomala",-109.65,37.266667,2000,4,11,"US","Fraxinus anomala"
"2270614539","Fraxinus anomala",-111.702,34.889,2000,4,29,"US","Fraxinus anomala"
"1846488205","Fraxinus anomala",-111.1286,33.60139,2000,5,3,"US","Fraxinus anomala"
"1927803494","Fraxinus anomala",-109.425598,38.57325,2000,5,3,"US","Fraxinus anomala"
"1986943884","Fraxinus anomala",-109.5847,38.5312,2000,5,9,"US","Fraxinus anomala"
"2422410477","Fraxinus anomala",-115.56928,35.54031,2000,5,16,"US","Fraxinus anomala"
"2430283683","Fraxinus anomala",-115.569278,35.540306,2000,5,16,"US","Fraxinus anomala"
"3091280989","Fraxinus anomala",-112.78244,36.90809,2000,5,30,"US","Fraxinus anomala"
"1927857131","Fraxinus anomala",-110.0667,39.4473,2000,6,5,"US","Fraxinus anomala"
"1929408084","Fraxinus anomala",-113.8174,37.0769,2000,6,1,"US","Fraxinus anomala"
"1930663529","Fraxinus anomala",-113.725235,36.775255,2000,6,16,"US","Fraxinus anomala"
"2242376172","Fraxinus anomala",-108.607765,39.02073,2000,6,21,"US","Fraxinus anomala"
"3783622848","Fraxinus anomala",-108.607765,39.02073,2000,6,21,"US","Fraxinus anomala"
"1846482953","Fraxinus anomala",-113.823767,36.982817,1999,4,9,"US","Fraxinus anomala"
"1928699337","Fraxinus anomala",-113.209344,36.142175,1999,4,24,"US","Fraxinus anomala"
"1846479536","Fraxinus anomala",-110.8532,37.103583,1999,5,23,"US","Fraxinus anomala"
"1930907479","Fraxinus anomala",-110.0667,39.2883,1999,5,10,"US","Fraxinus anomala"
"3091277357","Fraxinus anomala",-110.936,36.99167,1999,5,5,"US","Fraxinus anomala"
"2422329175","Fraxinus anomala",-115.55083,34.92972,1999,6,15,"US","Fraxinus anomala"
"2270587414","Fraxinus anomala",-109.863,33.1786,1999,7,31,"US","Fraxinus anomala"
"2270615513","Fraxinus anomala",-109.863,33.1786,1999,7,31,"US","Fraxinus anomala"
"2422332589","Fraxinus anomala",-110.17817,32.92961,1999,7,31,"US","Fraxinus anomala"
"1986942084","Fraxinus anomala",-109.622778,37.323056,1999,10,11,"US","Fraxinus anomala"
"2270615604","Fraxinus anomala",-111.3,33.5333,1998,3,18,"US","Fraxinus anomala"
"1846512136","Fraxinus anomala",-110.18194,32.93389,1998,5,20,"US","Fraxinus anomala"
"1846512155","Fraxinus anomala",-110.19,36.99,1998,5,25,"US","Fraxinus anomala"
"1929149620","Fraxinus anomala",-111.09931,37.81644,1998,5,16,"US","Fraxinus anomala"
"1986940909","Fraxinus anomala",-113.846111,37.119167,1998,5,23,"US","Fraxinus anomala"
"1986943515","Fraxinus anomala",-109.6596,38.5689,1998,5,9,"US","Fraxinus anomala"
"1986976767","Fraxinus anomala",-109.45,38.683333,1998,5,10,"US","Fraxinus anomala"
"2270585166","Fraxinus anomala",-109.863,33.1786,1998,5,20,"US","Fraxinus anomala"
"2270614568","Fraxinus anomala",-110.188,32.9277,1998,5,20,"US","Fraxinus anomala"
"2270616388","Fraxinus anomala",-109.923,36.9492,1998,5,25,"US","Fraxinus anomala"
"2422319031","Fraxinus anomala",-115.48867,36.0015,1998,5,3,"US","Fraxinus anomala"
"1846512111","Fraxinus anomala",-115.331667,37.358611,1998,6,27,"US","Fraxinus anomala"
"2270585194","Fraxinus anomala",-110.318,32.9545,1998,7,3,"US","Fraxinus anomala"
"2270615272","Fraxinus anomala",-110.318,32.9546,1998,7,3,"US","Fraxinus anomala"
"2573034546","Fraxinus anomala",-110.17,37.02,1998,9,23,"US","Fraxinus anomala"
"1846479563","Fraxinus anomala",-111.729056,36.067917,1997,3,25,"US","Fraxinus anomala"
"2270613976","Fraxinus anomala",-111.729,36.0679,1997,3,25,"US","Fraxinus anomala"
"3091285254","Fraxinus anomala",-114.33333,35.15,1997,3,22,"US","Fraxinus anomala"
"1843829300","Fraxinus anomala",-108.820609,33.425707,1997,5,29,"US","Fraxinus anomala"
"1846512133","Fraxinus anomala",-111.0358,33.4723,1997,5,13,"US","Fraxinus anomala"
"1928504454","Fraxinus anomala",-109.9006,37.1798,1997,5,6,"US","Fraxinus anomala"
"2422355832","Fraxinus anomala",-109.51667,38.6,1997,5,17,"US","Fraxinus anomala"
"2270613400","Fraxinus anomala",-111.667,34.8333,1997,7,25,"US","Fraxinus anomala"
"1846512169","Fraxinus anomala",-112.6234,36.594567,1997,9,13,"US","Fraxinus anomala"
"2270615743","Fraxinus anomala",-112.623,36.5946,1997,9,13,"US","Fraxinus anomala"
"2422323687","Fraxinus anomala",-117.47611,36.09722,1997,10,11,"US","Fraxinus anomala"
"1846512150","Fraxinus anomala",-110.161611,37.423139,1996,6,15,"US","Fraxinus anomala"
"3125256203","Fraxinus anomala",-110.16167,37.42306,1996,6,15,"US","Fraxinus anomala"
"1986951272","Fraxinus anomala",-109.183333,40.343056,1996,9,16,"US","Fraxinus anomala"
"1843828775","Fraxinus anomala",-109.0167,36.811547,1995,5,26,"US","Fraxinus anomala"
"1846479605","Fraxinus anomala",-111.169194,33.279028,1995,5,1,"US","Fraxinus anomala"
"3798061458","Fraxinus anomala",-108.78,37.37,1995,5,31,"US","Fraxinus anomala"
"1846512102","Fraxinus anomala",-110.186667,37.855,1995,6,19,"US","Fraxinus anomala"
"1930081742","Fraxinus anomala",-110.1867,37.855,1995,6,19,"US","Fraxinus anomala"
"1930282290","Fraxinus anomala",-113.15,37.57,1995,7,25,"US","Fraxinus anomala"
"1986976588","Fraxinus anomala",-113.316667,37.566667,1995,7,25,"US","Fraxinus anomala"
"2573465705","Fraxinus anomala",-108.90168,38.192618,1995,7,5,"US","Fraxinus anomala"
"3091285253","Fraxinus anomala",-114.153934,35.823138,1994,4,2,"US","Fraxinus anomala"
"3091285256","Fraxinus anomala",-114.0625,35.83417,1994,4,2,"US","Fraxinus anomala"
"3091285263","Fraxinus anomala",-114.14861,34.669129,1994,4,1,"US","Fraxinus anomala"
"3091285264","Fraxinus anomala",-114.57028,35.19917,1994,4,1,"US","Fraxinus anomala"
"1846512092","Fraxinus anomala",-109.913333,37.944361,1994,7,7,"US","Fraxinus anomala"
"1846512110","Fraxinus anomala",-109.733333,37.566667,1994,7,7,"US","Fraxinus anomala"
"1928184927","Fraxinus anomala",-109.9133,37.94436,1994,7,4,"US","Fraxinus anomala"
"1928682101","Fraxinus anomala",-109.7417,37.57,1994,7,7,"US","Fraxinus anomala"
"3091272035","Fraxinus anomala",-109.7417,37.57,1994,7,7,"US","Fraxinus anomala"
"2422315990","Fraxinus anomala",-117.48583,36.10222,1994,8,6,"US","Fraxinus anomala"
"2270613279","Fraxinus anomala",-111.216,33.4732,1993,3,19,"US","Fraxinus anomala"
"2270612933","Fraxinus anomala",-112.75,34.7246,1993,4,17,"US","Fraxinus anomala"
"2270616813","Fraxinus anomala",-110.835,33.7613,1993,5,1,"US","Fraxinus anomala"
"1843818592","Fraxinus anomala",-108.827259,33.37797,1993,6,13,"US","Fraxinus anomala"
"1846512100","Fraxinus anomala",-112.340833,36.293056,1993,6,8,"US","Fraxinus anomala"
"1846512161","Fraxinus anomala",-112.340833,36.3,1993,6,8,"US","Fraxinus anomala"
"1928715863","Fraxinus anomala",-111.3408,36.3,1993,6,8,"US","Fraxinus anomala"
"1930306082","Fraxinus anomala",-111.3408,36.2931,1993,6,8,"US","Fraxinus anomala"
"2270615937","Fraxinus anomala",-112.95,34.7,1993,6,23,"US","Fraxinus anomala"
"2270614510","Fraxinus anomala",-112.341,36.2931,1993,8,6,"US","Fraxinus anomala"
"3949049796","Fraxinus anomala",-110.09795,38.213819,1993,8,1,"US","Fraxinus anomala"
"3949053918","Fraxinus anomala",-106.217933,39.55005,1993,8,1,"US","Fraxinus anomala"
"1931168979","Fraxinus anomala",-115.4821,36.0063,1993,9,14,"US","Fraxinus anomala"
"2270613836","Fraxinus anomala",-110.835,33.7613,1992,2,29,"US","Fraxinus anomala"
"2242388626","Fraxinus anomala",-111.587938,36.864432,1992,4,18,"US","Fraxinus anomala"
"2573421515","Fraxinus anomala",-112.254367,37.074605,1992,4,24,"US","Fraxinus anomala"
"3091269274","Fraxinus anomala",-111.883333,36.366667,1992,4,11,"US","Fraxinus anomala"
"3091269282","Fraxinus anomala",-112.45,36.2,1992,4,15,"US","Fraxinus anomala"
"1261113058","Fraxinus anomala",-113.83333,35.16666,1992,5,10,"US","Fraxinus anomala"
"2270613957","Fraxinus anomala",-112.193,34.7738,1992,5,13,"US","Fraxinus anomala"
"2270614614","Fraxinus anomala",-112.052,34.9112,1992,5,30,"US","Fraxinus anomala"
"3091285252","Fraxinus anomala",-109.278567,38.820981,1992,6,10,"US","Fraxinus anomala"
"2270612759","Fraxinus anomala",-111.335,33.9157,1991,4,5,"US","Fraxinus anomala"
"1929230287","Fraxinus anomala",-113.0611,37.1348,1991,5,18,"US","Fraxinus anomala"
"3428567845","Fraxinus anomala",-109.170958,40.424686,1991,5,18,"US","Fraxinus anomala"
"2270613552","Fraxinus anomala",-112.055,34.9229,1991,6,18,"US","Fraxinus anomala"
"2573469696","Fraxinus anomala",-108.713518,38.35821,1991,6,13,"US","Fraxinus anomala"
"2422353050","Fraxinus anomala",-111.85,37.40833,1991,7,16,"US","Fraxinus anomala"
"2270614147","Fraxinus anomala",-110.886,33.8627,1991,8,7,"US","Fraxinus anomala"
"3091231936","Fraxinus anomala",-110.8852,33.8635,1991,8,7,"US","Fraxinus anomala"
"2270614092","Fraxinus anomala",-110.765,33.8195,1991,11,16,"US","Fraxinus anomala"
"3091200345","Fraxinus anomala",-111.41146,34.55344,1990,7,21,"US","Fraxinus anomala"
"1846512151","Fraxinus anomala",-112.209722,36.188056,1990,8,5,"US","Fraxinus anomala"
"2430534699","Fraxinus anomala",-115.530596,34.967069,1990,10,7,"US","Fraxinus anomala"
"1846512181","Fraxinus anomala",-112.3647,36.20641,1989,4,30,"US","Fraxinus anomala"
"415727356","Fraxinus anomala",-112.963274,37.256649,1989,5,11,"US","Fraxinus anomala"
"415727440","Fraxinus anomala",-111.754432,34.956128,1989,5,8,"US","Fraxinus anomala"
"1846512107","Fraxinus anomala",-111.458333,37.775,1989,5,30,"US","Fraxinus anomala"
"2270535474","Fraxinus anomala",-111.458333,37.775,1989,5,30,"US","Fraxinus anomala"
"3091237239","Fraxinus anomala",-111.11389,33.64778,1989,9,21,"US","Fraxinus anomala"
"3091264987","Fraxinus anomala",-111.91677,34.7617,1989,9,28,"US","Fraxinus anomala"
"2573470722","Fraxinus anomala",-108.963021,40.543003,1988,5,25,"US","Fraxinus anomala"
"3320772019","Fraxinus anomala",-115.589111,35.540722,1988,5,5,"US","Fraxinus anomala"
"3428567525","Fraxinus anomala",-108.983599,40.528274,1988,5,25,"US","Fraxinus anomala"
"3428567936","Fraxinus anomala",-108.965768,40.547569,1988,5,25,"US","Fraxinus anomala"
"3783626726","Fraxinus anomala",-107.868278,38.476707,1988,8,5,"US","Fraxinus anomala"
"3320790413","Fraxinus anomala",-116.273472,36.402778,1988,10,15,"US","Fraxinus anomala"
"3320790426","Fraxinus anomala",-116.273472,36.402778,1988,10,15,"US","Fraxinus anomala"
"2573467711","Fraxinus anomala",-108.967233,40.529061,1987,6,3,"US","Fraxinus anomala"
"2573472722","Fraxinus anomala",-108.967233,40.529061,1987,6,3,"US","Fraxinus anomala"
"3428565988","Fraxinus anomala",-108.967233,40.529061,1987,6,3,"US","Fraxinus anomala"
"3798074573","Fraxinus anomala",-108.44,40.45,1987,6,3,"US","Fraxinus anomala"
"1930903963","Fraxinus anomala",-113.1718,37.3665,1987,7,9,"US","Fraxinus anomala"
"2422359924","Fraxinus anomala",-109.83333,37.66667,1987,7,7,"US","Fraxinus anomala"
"1930991413","Fraxinus anomala",-112.958732,37.664155,1987,10,14,"US","Fraxinus anomala"
"1930143290","Fraxinus anomala",-109.388,38.5869,1986,4,17,"US","Fraxinus anomala"
"1930630579","Fraxinus anomala",-115.4262,39.7366,1986,4,15,"US","Fraxinus anomala"
"2270615588","Fraxinus anomala",-111.308,33.9303,1986,4,9,"US","Fraxinus anomala"
"2422300221","Fraxinus anomala",-115.56444,35.43583,1986,4,17,"US","Fraxinus anomala"
"3320765618","Fraxinus anomala",-114.168222,35.454222,1986,4,28,"US","Fraxinus anomala"
"1928192411","Fraxinus anomala",-108.5737,37.0614,1986,5,5,"US","Fraxinus anomala"
"1929787611","Fraxinus anomala",-109.4428,38.5581,1986,5,21,"US","Fraxinus anomala"
"1931017769","Fraxinus anomala",-109.2784,38.63,1986,5,23,"US","Fraxinus anomala"
"3091285249","Fraxinus anomala",-111.41167,35.87792,1986,5,23,"US","Fraxinus anomala"
"3091232426","Fraxinus anomala",-111.364601,34.030608,1985,3,24,"US","Fraxinus anomala"
"1928466436","Fraxinus anomala",-109.3055,38.8048,1985,5,5,"US","Fraxinus anomala"
"1929509951","Fraxinus anomala",-114.39925,37.74461,1985,5,15,"US","Fraxinus anomala"
"1843875367","Fraxinus anomala",-109.666567,37.265863,1985,6,5,"US","Fraxinus anomala"
"1928891639","Fraxinus anomala",-111.880801,36.404929,1984,3,24,"US","Fraxinus anomala"
"1930215168","Fraxinus anomala",-109.5159,38.6731,1984,4,28,"US","Fraxinus anomala"
"3091232025","Fraxinus anomala",-111.7338,34.8693,1984,4,21,"US","Fraxinus anomala"
"1929379701","Fraxinus anomala",-113.6883,37.381,1984,5,1,"US","Fraxinus anomala"
"1930685449","Fraxinus anomala",-113.7805,37.0334,1984,5,12,"US","Fraxinus anomala"
"1930013951","Fraxinus anomala",-113.5776,37.1203,1984,6,19,"US","Fraxinus anomala"
"1931159562","Fraxinus anomala",-109.6002,38.0685,1984,6,30,"US","Fraxinus anomala"
"2270614812","Fraxinus anomala",-112.569,34.5847,1984,6,30,"US","Fraxinus anomala"
"3695159053","Fraxinus anomala",-112.569,34.5847,1984,6,30,"US","Fraxinus anomala"
"3091269276","Fraxinus anomala",-112.230278,36.115556,1984,7,20,"US","Fraxinus anomala"
"3091269277","Fraxinus anomala",-112.1647,36.0716,1984,7,21,"US","Fraxinus anomala"
"2270613804","Fraxinus anomala",-111.399,34.0512,1983,3,15,"US","Fraxinus anomala"
"1928814733","Fraxinus anomala",-113.9465,37.0913,1983,4,15,"US","Fraxinus anomala"
"1846512109","Fraxinus anomala",-111.55847,33.92435,1983,5,10,"US","Fraxinus anomala"
"1930640874","Fraxinus anomala",-110.0411,38.3614,1983,5,10,"US","Fraxinus anomala"
"1987016209","Fraxinus anomala",-110.166667,38.166667,1983,5,12,"US","Fraxinus anomala"
"2422356756","Fraxinus anomala",-113.83028,37.29556,1983,5,6,"US","Fraxinus anomala"
"2422357146","Fraxinus anomala",-113.87039,37.27931,1983,5,6,"US","Fraxinus anomala"
"1928740362","Fraxinus anomala",-108.9125,38.7185,1983,6,18,"US","Fraxinus anomala"
"2982067072","Fraxinus anomala",-115.5941,35.5527,1983,6,11,"US","Fraxinus anomala"
"3413515877","Fraxinus anomala",-115.594863,35.551147,1983,6,11,"US","Fraxinus anomala"
"3798074570","Fraxinus anomala",-109.06,39.12,1983,6,16,"US","Fraxinus anomala"
"3798074577","Fraxinus anomala",-108.91,38.71,1983,6,18,"US","Fraxinus anomala"
"2573472721","Fraxinus anomala",-107.63716,38.52082,1983,8,1,"US","Fraxinus anomala"
"1846538034","Fraxinus anomala",-111.026122,33.293871,1982,4,22,"US","Fraxinus anomala"
"1928688138","Fraxinus anomala",-109.1645,40.3433,1982,5,14,"US","Fraxinus anomala"
"1929175941","Fraxinus anomala",-115.2379,37.3547,1982,5,15,"US","Fraxinus anomala"
"2270614392","Fraxinus anomala",-111.7,34.89,1982,5,1,"US","Fraxinus anomala"
"3053439587","Fraxinus anomala",-115.2909,35.2723999991101,1982,5,16,"US","Fraxinus anomala"
"3783626802","Fraxinus anomala",-108.959723,38.169471,1982,5,30,"US","Fraxinus anomala"
"1930591829","Fraxinus anomala",-115.2379,37.3547,1982,6,18,"US","Fraxinus anomala"
"2573468699","Fraxinus anomala",-108.985683,38.647355,1982,6,5,"US","Fraxinus anomala"
"2859208941","Fraxinus anomala",-108.977053,38.676374,1982,6,5,"US","Fraxinus anomala"
"1929882485","Fraxinus anomala",-113.383513,37.191701,1981,4,2,"US","Fraxinus anomala"
"1846479520","Fraxinus anomala",-111.466083,34.0793,1981,5,14,"US","Fraxinus anomala"
"3122395467","Fraxinus anomala",-111.560385,35.922143,1981,5,31,"US","Fraxinus anomala"
"1930214955","Fraxinus anomala",-113.310192,37.341958,1981,6,7,"US","Fraxinus anomala"
"2573474707","Fraxinus anomala",-108.386689,38.644527,1981,10,3,"US","Fraxinus anomala"
"3892754601","Fraxinus anomala",-108.168481,38.626999,1980,6,24,"US","Fraxinus anomala"
"3091232045","Fraxinus anomala",-113.441,36.3456,1980,10,30,"US","Fraxinus anomala"
"2270616906","Fraxinus anomala",-111.817,33.8833,1979,3,31,"US","Fraxinus anomala"
"1846512193","Fraxinus anomala",-113.410297,34.823649,1979,5,8,"US","Fraxinus anomala"
"2270247899","Fraxinus anomala",-115.589147,35.525276,1979,5,12,"US","Fraxinus anomala"
"2270247915","Fraxinus anomala",-115.246182,35.248026,1979,5,4,"US","Fraxinus anomala"
"2270614858","Fraxinus anomala",-113.38,34.7859,1979,5,8,"US","Fraxinus anomala"
"2422289037","Fraxinus anomala",-115.58917,35.54139,1979,5,12,"US","Fraxinus anomala"
"1846512123","Fraxinus anomala",-113.154753,34.767792,1979,6,15,"US","Fraxinus anomala"
"1846512135","Fraxinus anomala",-113.951618,35.09874,1979,6,19,"US","Fraxinus anomala"
"2270612611","Fraxinus anomala",-113.153,34.772,1979,6,15,"US","Fraxinus anomala"
"2270614243","Fraxinus anomala",-113.959,35.1018,1979,6,18,"US","Fraxinus anomala"
"2270614591","Fraxinus anomala",-113.959,35.1018,1979,6,19,"US","Fraxinus anomala"
"2422286085","Fraxinus anomala",-115.3,35.23333,1979,6,5,"US","Fraxinus anomala"
"2982023503","Fraxinus anomala",-115.3,35.233333,1979,6,5,"US","Fraxinus anomala"
"1932892378","Fraxinus anomala",-109.54984,38.399346,1979,8,19,"US","Fraxinus anomala"
"1932892454","Fraxinus anomala",-109.54984,38.399346,1979,8,19,"US","Fraxinus anomala"
"1846512146","Fraxinus anomala",-113.935778,34.982249,1979,9,12,"US","Fraxinus anomala"
"2270613402","Fraxinus anomala",-113.924,34.9859,1979,9,12,"US","Fraxinus anomala"
"2270614779","Fraxinus anomala",-113.941,34.9859,1979,9,12,"US","Fraxinus anomala"
"3091232037","Fraxinus anomala",-111.822792,34.818416,1979,9,3,"US","Fraxinus anomala"
"3091232456","Fraxinus anomala",-111.9922,35.13,1979,9,3,"US","Fraxinus anomala"
"2270614409","Fraxinus anomala",-113.763,36.5502,1978,4,30,"US","Fraxinus anomala"
"1426446210","Fraxinus anomala",-115.566667,35.55,1978,5,27,"US","Fraxinus anomala"
"2270612823","Fraxinus anomala",-111.676,34.8819,1978,5,6,"US","Fraxinus anomala"
"2270612890","Fraxinus anomala",-113.787,36.7971,1978,5,21,"US","Fraxinus anomala"
"2270614353","Fraxinus anomala",-113.661,36.8259,1978,5,20,"US","Fraxinus anomala"
"2270614430","Fraxinus anomala",-113.716,36.7824,1978,5,21,"US","Fraxinus anomala"
"2270614462","Fraxinus anomala",-113.949,36.6083,1978,5,1,"US","Fraxinus anomala"
"2270615208","Fraxinus anomala",-114.003,36.6372,1978,5,1,"US","Fraxinus anomala"
"2270615548","Fraxinus anomala",-111.758,36.7521,1978,5,12,"US","Fraxinus anomala"
"2270615925","Fraxinus anomala",-113.715,36.6082,1978,5,22,"US","Fraxinus anomala"
"2270617317","Fraxinus anomala",-113.751,36.5937,1978,5,22,"US","Fraxinus anomala"
"2422288000","Fraxinus anomala",-115.56667,35.55,1978,5,27,"US","Fraxinus anomala"
"2422413779","Fraxinus anomala",-115.59167,35.5475,1978,5,28,"US","Fraxinus anomala"
"2430403977","Fraxinus anomala",-115.566667,35.55,1978,5,27,"US","Fraxinus anomala"
"3091232039","Fraxinus anomala",-111.7577,36.7521,1978,5,12,"US","Fraxinus anomala"
"1928020031","Fraxinus anomala",-113.627549,35.369121,1978,6,1,"US","Fraxinus anomala"
"2270615911","Fraxinus anomala",-113.63,35.3788,1978,6,1,"US","Fraxinus anomala"
"1846512127","Fraxinus anomala",-112.030667,34.34575,1978,7,17,"US","Fraxinus anomala"
"2270615150","Fraxinus anomala",-112.557,34.3104,1978,7,17,"US","Fraxinus anomala"
"1846512144","Fraxinus anomala",-112.47975,34.127861,1978,8,22,"US","Fraxinus anomala"
"1846512175","Fraxinus anomala",-112.47975,34.127861,1978,8,22,"US","Fraxinus anomala"
"1846512187","Fraxinus anomala",-112.47975,34.127861,1978,8,22,"US","Fraxinus anomala"
"3091244298","Fraxinus anomala",-111.736603,35.024248,1978,10,1,"US","Fraxinus anomala"
"1929654039","Fraxinus anomala",-111.486,37.7931,1977,4,26,"US","Fraxinus anomala"
"3091271823","Fraxinus anomala",-115.552299,36.268838,1977,4,17,"US","Fraxinus anomala"
"1843875341","Fraxinus anomala",-108.501841,36.80705,1977,5,13,"US","Fraxinus anomala"
"1846477957","Fraxinus anomala",-111.031361,33.328972,1977,5,5,"US","Fraxinus anomala"
"1846538017","Fraxinus anomala",-111.031361,33.328972,1977,5,5,"US","Fraxinus anomala"
"2270613903","Fraxinus anomala",-111.028,33.329,1977,5,5,"US","Fraxinus anomala"
"2270614290","Fraxinus anomala",-113.801,35.0149,1977,5,24,"US","Fraxinus anomala"
"2270614866","Fraxinus anomala",-113.801,35.1018,1977,5,24,"US","Fraxinus anomala"
"2270615905","Fraxinus anomala",-111.028,33.329,1977,5,5,"US","Fraxinus anomala"
"2421748653","Fraxinus anomala",-115.29791,35.253703,1977,5,13,"US","Fraxinus anomala"
"2422433244","Fraxinus anomala",-117.64083,37.08333,1977,5,10,"US","Fraxinus anomala"
"2430035339","Fraxinus anomala",-115.302854,35.264376,1977,5,28,"US","Fraxinus anomala"
"2430045034","Fraxinus anomala",-115.301771,35.265034,1977,5,28,"US","Fraxinus anomala"
"2430109053","Fraxinus anomala",-115.5915,35.5363,1977,5,26,"US","Fraxinus anomala"
"2430156593","Fraxinus anomala",-117.6187,37.1109,1977,5,10,"US","Fraxinus anomala"
"2430421990","Fraxinus anomala",-115.5872,35.5363,1977,5,27,"US","Fraxinus anomala"
"2430447564","Fraxinus anomala",-115.298,35.2526,1977,5,13,"US","Fraxinus anomala"
"3053445521","Fraxinus anomala",-115.5872,35.5363,1977,5,27,"US","Fraxinus anomala"
"3125206582","Fraxinus anomala",-115.5872,35.5363,1977,5,27,"US","Fraxinus anomala"
"1426446165","Fraxinus anomala",-115.4,35.533333,1977,6,24,"US","Fraxinus anomala"
"1928065486","Fraxinus anomala",-111.3221,37.8075,1977,6,8,"US","Fraxinus anomala"
"1930974458","Fraxinus anomala",-109.6507,38.2543,1977,6,9,"US","Fraxinus anomala"
"2270613239","Fraxinus anomala",-109.475,33.1709,1977,6,30,"US","Fraxinus anomala"
"2270615005","Fraxinus anomala",-109.475,33.1709,1977,6,30,"US","Fraxinus anomala"
"2270615236","Fraxinus anomala",-109.457,33.1555,1977,6,28,"US","Fraxinus anomala"
"2351011483","Fraxinus anomala",-115.5826,35.544,1977,6,24,"US","Fraxinus anomala"
"2430258039","Fraxinus anomala",-115.569777,35.535684,1977,6,24,"US","Fraxinus anomala"
"2430371039","Fraxinus anomala",-117.708936,37.315294,1977,6,21,"US","Fraxinus anomala"
"2270615688","Fraxinus anomala",-109.863,33.1786,1977,7,6,"US","Fraxinus anomala"
"2270616473","Fraxinus anomala",-109.623,33.0001,1977,7,21,"US","Fraxinus anomala"
"2430359432","Fraxinus anomala",-117.08147,36.121376,1977,8,7,"US","Fraxinus anomala"
"3091285251","Fraxinus anomala",-110.202907,37.009445,1977,8,9,"US","Fraxinus anomala"
"2270612386","Fraxinus anomala",-112.111,34.508,1977,10,18,"US","Fraxinus anomala"
"3122396722","Fraxinus anomala",-111.932844,33.420195,1977,12,30,"US","Fraxinus anomala"
"1929121211","Fraxinus anomala",-108.899316,38.542029,1976,5,27,"US","Fraxinus anomala"
"2270613618","Fraxinus anomala",-114.052,35.3345,1976,5,21,"US","Fraxinus anomala"
"2270615816","Fraxinus anomala",-114.052,35.3925,1976,5,24,"US","Fraxinus anomala"
"2422431859","Fraxinus anomala",-117.88,37.10583,1976,5,2,"US","Fraxinus anomala"
"2430301824","Fraxinus anomala",-117.886,37.1043,1976,5,2,"US","Fraxinus anomala"
"3091269260","Fraxinus anomala",-111.863889,36.309167,1976,5,21,"US","Fraxinus anomala"
"3798074564","Fraxinus anomala",-108.9,38.53,1976,5,27,"US","Fraxinus anomala"
"1846512157","Fraxinus anomala",-109.92338,33.1518,1976,6,9,"US","Fraxinus anomala"
"1846512158","Fraxinus anomala",-111.87986,36.40458,1976,6,1,"US","Fraxinus anomala"
"2270615106","Fraxinus anomala",-111.88,36.405,1976,6,1,"US","Fraxinus anomala"
"2422287540","Fraxinus anomala",-115.58806,35.525,1976,6,12,"US","Fraxinus anomala"
"2270613970","Fraxinus anomala",-110.713,33.1694,1976,7,19,"US","Fraxinus anomala"
"2270614818","Fraxinus anomala",-109.863,33.1786,1976,7,8,"US","Fraxinus anomala"
"1930277193","Fraxinus anomala",-109.4406,38.1922,1976,8,3,"US","Fraxinus anomala"
"1986991370","Fraxinus anomala",-109.4406,38.1922,1976,8,3,"US","Fraxinus anomala"
"2270614704","Fraxinus anomala",-110.135,32.915,1976,8,4,"US","Fraxinus anomala"
"2270615572","Fraxinus anomala",-109.453,33.0714,1976,8,12,"US","Fraxinus anomala"
"3783623330","Fraxinus anomala",-108.641552,39.020154,1975,4,1,"US","Fraxinus anomala"
"2430427553","Fraxinus anomala",-117.917689,36.704371,1975,6,1,"US","Fraxinus anomala"
"415727406","Fraxinus anomala",-110.38563,38.99504,1975,9,15,"US","Fraxinus anomala"
"2461263087","Fraxinus anomala",-112.63771,37.297568,1975,9,26,"US","Fraxinus anomala"
"2573419891","Fraxinus anomala",-109.296924,38.70198,1975,9,23,"US","Fraxinus anomala"
"1930010813","Fraxinus anomala",-113.4191,36.2012,1974,4,28,"US","Fraxinus anomala"
"2270614581","Fraxinus anomala",-111.676,34.8819,1974,5,4,"US","Fraxinus anomala"
"2351012043","Fraxinus anomala",-115.3109,35.2636,1974,5,11,"US","Fraxinus anomala"
"2430228812","Fraxinus anomala",-115.5929,35.5451,1974,5,10,"US","Fraxinus anomala"
"2430428312","Fraxinus anomala",-115.3074,35.2692,1974,5,11,"US","Fraxinus anomala"
"1928244544","Fraxinus anomala",-110.850546,37.048864,1974,10,11,"US","Fraxinus anomala"
"3091232034","Fraxinus anomala",-111.13069,36.989335,1974,10,13,"US","Fraxinus anomala"
"3091271824","Fraxinus anomala",-110.857339,37.04745,1974,10,11,"US","Fraxinus anomala"
"2430181426","Fraxinus anomala",-115.51297,34.984843,1973,4,27,"US","Fraxinus anomala"
"3091232030","Fraxinus anomala",-111.30889,36.86361,1973,4,15,"US","Fraxinus anomala"
"3091272033","Fraxinus anomala",-110.856815,37.355547,1973,4,15,"US","Fraxinus anomala"
"2270467201","Fraxinus anomala",-111.831,36.2606,1973,5,11,"US","Fraxinus anomala"
"2351010412","Fraxinus anomala",-115.5907,35.5265,1973,5,27,"US","Fraxinus anomala"
"2351011354","Fraxinus anomala",-115.5203,34.9921,1973,5,28,"US","Fraxinus anomala"
"2351011485","Fraxinus anomala",-115.515,34.9875,1973,5,28,"US","Fraxinus anomala"
"2430295791","Fraxinus anomala",-115.588309,35.533027,1973,5,11,"US","Fraxinus anomala"
"2430381089","Fraxinus anomala",-115.515,34.9875,1973,5,28,"US","Fraxinus anomala"
"2430555770","Fraxinus anomala",-115.299969,35.256273,1973,5,31,"US","Fraxinus anomala"
"2573421264","Fraxinus anomala",-113.402009,37.216628,1973,5,11,"US","Fraxinus anomala"
"2985548293","Fraxinus anomala",-109.804621,37.625922,1973,5,1,"US","Fraxinus anomala"
"3125200571","Fraxinus anomala",-115.29997,35.25627,1973,5,31,"US","Fraxinus anomala"
"2417955283","Fraxinus anomala",-115.285278,35.2563889991103,1973,6,21,"US","Fraxinus anomala"
"2430228039","Fraxinus anomala",-115.285057,35.256336,1973,6,21,"US","Fraxinus anomala"
"2430238801","Fraxinus anomala",-115.5153,34.948,1973,6,20,"US","Fraxinus anomala"
"2430347152","Fraxinus anomala",-115.285849,35.256904,1973,6,21,"US","Fraxinus anomala"
"2430410885","Fraxinus anomala",-115.612904,35.524949,1973,6,15,"US","Fraxinus anomala"
"2270247724","Fraxinus anomala",-117.136265,36.115622,1973,7,25,"US","Fraxinus anomala"
"2270614558","Fraxinus anomala",-113.733,36.7825,1973,7,26,"US","Fraxinus anomala"
"2430362506","Fraxinus anomala",-115.454589,35.049038,1973,7,7,"US","Fraxinus anomala"
"2430425364","Fraxinus anomala",-115.56239,35.532166,1973,7,7,"US","Fraxinus anomala"
"3091271668","Fraxinus anomala",-115.504798,36.016795,1973,7,21,"US","Fraxinus anomala"
"3503185880","Fraxinus anomala",-117.1454,36.113,1973,7,25,"US","Fraxinus anomala"
"1927988931","Fraxinus anomala",-108.796299,33.316699,1973,8,20,"US","Fraxinus anomala"
"2351011035","Fraxinus anomala",-115.3216,35.2585,1973,8,29,"US","Fraxinus anomala"
"2430291232","Fraxinus anomala",-115.3222,35.2584,1973,8,29,"US","Fraxinus anomala"
"2351010643","Fraxinus anomala",-115.5167,34.991,1973,9,2,"US","Fraxinus anomala"
"1846512122","Fraxinus anomala",-111.633056,37.059722,1972,3,18,"US","Fraxinus anomala"
"3091232359","Fraxinus anomala",-111.391,36.904,1972,4,15,"US","Fraxinus anomala"
"2351011519","Fraxinus anomala",-115.5771,35.5463,1972,5,20,"US","Fraxinus anomala"
"2626956349","Fraxinus anomala",-109.991944,37.481111,1972,6,18,"US","Fraxinus anomala"
"2351011512","Fraxinus anomala",-115.5912,35.5288,1972,7,6,"US","Fraxinus anomala"
"3798074580","Fraxinus anomala",-108.74,39.09,1972,9,12,"US","Fraxinus anomala"
"3798125390","Fraxinus anomala",-108.42,39.06,1972,9,12,"US","Fraxinus anomala"
"3091232036","Fraxinus anomala",-111.35005,36.880867,1972,11,5,"US","Fraxinus anomala"
"3091269284","Fraxinus anomala",-111.88,36.405,1971,6,1,"US","Fraxinus anomala"
"2575162601","Fraxinus anomala",-108.63,39.03,1971,9,18,"US","Fraxinus anomala"
"3091232040","Fraxinus anomala",-111.595554,37.189834,1971,10,15,"US","Fraxinus anomala"
"3091272028","Fraxinus anomala",-111.538219,37.161931,1971,10,15,"US","Fraxinus anomala"
"675232180","Fraxinus anomala",-116.1675,34.66666,1970,5,15,"US","Fraxinus anomala"
"675232181","Fraxinus anomala",-116.1675,34.66666,1970,5,15,"US","Fraxinus anomala"
"1846512152","Fraxinus anomala",-111.44763,36.88925,1970,5,8,"US","Fraxinus anomala"
"2351011599","Fraxinus anomala",-115.50528,34.98194,1970,5,15,"US","Fraxinus anomala"
"2351012779","Fraxinus anomala",-115.50528,34.98194,1970,5,15,"US","Fraxinus anomala"
"2417956161","Fraxinus anomala",-115.514722,34.9858329991133,1970,5,15,"US","Fraxinus anomala"
"2422288259","Fraxinus anomala",-115.50528,34.98194,1970,5,15,"US","Fraxinus anomala"
"2270614841","Fraxinus anomala",-112.12938,36.07661,1969,4,5,"US","Fraxinus anomala"
"2270614134","Fraxinus anomala",-111.676,34.8819,1969,5,17,"US","Fraxinus anomala"
"2270614058","Fraxinus anomala",-112.709,36.1622,1969,6,1,"US","Fraxinus anomala"
"3091232028","Fraxinus anomala",-111.726886,34.912377,1969,9,27,"US","Fraxinus anomala"
"2270614008","Fraxinus anomala",-112.054,34.9494,1969,10,11,"US","Fraxinus anomala"
"1929432049","Fraxinus anomala",-114.015798,36.614723,1968,4,27,"US","Fraxinus anomala"
"2413154813","Fraxinus anomala",-112.876049,37.233316,1968,4,28,"US","Fraxinus anomala"
"2413155260","Fraxinus anomala",-112.876049,37.233316,1968,4,28,"US","Fraxinus anomala"
"3091271664","Fraxinus anomala",-110.96551,37.077888,1968,5,NA,"US","Fraxinus anomala"
"3798075197","Fraxinus anomala",-108.67,37.31,1968,5,21,"US","Fraxinus anomala"
"1929098897","Fraxinus anomala",-114.018021,36.687478,1968,6,4,"US","Fraxinus anomala"
"3091232043","Fraxinus anomala",-114.000792,36.280268,1968,6,8,"US","Fraxinus anomala"
"2422361059","Fraxinus anomala",-111.66775,34.49158,1968,8,6,"US","Fraxinus anomala"
"2421748493","Fraxinus anomala",-115.300634,35.258018,1968,9,13,"US","Fraxinus anomala"
"2270613943","Fraxinus anomala",-110.35,32.95,1968,10,19,"US","Fraxinus anomala"
"415727389","Fraxinus anomala",-112.046994,37.543015,1967,6,3,"US","Fraxinus anomala"
"1928723926","Fraxinus anomala",-112.0512,37.5439,1967,6,3,"US","Fraxinus anomala"
"3091232432","Fraxinus anomala",-109.63722,36.96694,1967,6,6,"US","Fraxinus anomala"
"3798074569","Fraxinus anomala",-109.07,38.65,1967,6,16,"US","Fraxinus anomala"
"2573421185","Fraxinus anomala",-110.685725,38.173551,1966,7,2,"US","Fraxinus anomala"
"1927947430","Fraxinus anomala",-111.5189,37.3045,1965,5,5,"US","Fraxinus anomala"
"3798074566","Fraxinus anomala",-108.69,39.06,1965,5,8,"US","Fraxinus anomala"
"3798074576","Fraxinus anomala",-108.69,39.06,1965,5,8,"US","Fraxinus anomala"
"3798074579","Fraxinus anomala",-108.69,39.06,1965,5,30,"US","Fraxinus anomala"
"1986956077","Fraxinus anomala",-110.136,37.649,1965,6,30,"US","Fraxinus anomala"
"1986956303","Fraxinus anomala",-110.3788,37.8033,1965,6,19,"US","Fraxinus anomala"
"415727361","Fraxinus anomala",-107.334304,38.453466,1965,7,19,"US","Fraxinus anomala"
"2573423884","Fraxinus anomala",-109.250653,40.425489,1965,7,28,"US","Fraxinus anomala"
"3798074571","Fraxinus anomala",-108.98,38.34,1965,8,23,"US","Fraxinus anomala"
"2270614322","Fraxinus anomala",-111.54,34.41,1964,4,25,"US","Fraxinus anomala"
"2573470723","Fraxinus anomala",-109.0315,37.00373,1964,5,16,"US","Fraxinus anomala"
"2573529984","Fraxinus anomala",-109.0315,37.00373,1964,5,16,"US","Fraxinus anomala"
"3091232022","Fraxinus anomala",-111.726886,34.912377,1964,10,24,"US","Fraxinus anomala"
"2270614111","Fraxinus anomala",-112.758,36.9094,1963,6,29,"US","Fraxinus anomala"
"3091232044","Fraxinus anomala",-112.75806,36.90944,1963,6,29,"US","Fraxinus anomala"
"3091271826","Fraxinus anomala",-110.593738,37.148393,1963,6,11,"US","Fraxinus anomala"
"3776200256","Fraxinus anomala",-109.527841,38.604734,1963,7,4,"US","Fraxinus anomala"
"1930929104","Fraxinus anomala",-110.031201,37.600181,1963,8,13,"US","Fraxinus anomala"
"3798075198","Fraxinus anomala",-108.87,38.44,1962,4,26,"US","Fraxinus anomala"
"2270614051","Fraxinus anomala",-111.861,34.8975,1962,5,9,"US","Fraxinus anomala"
"3091231939","Fraxinus anomala",-111.86056,34.8975,1962,5,9,"US","Fraxinus anomala"
"2859458239","Fraxinus anomala",-109.063393,38.312065,1962,10,4,"US","Fraxinus anomala"
"1843880474","Fraxinus anomala",-108.065769,33.359924,1961,4,15,"US","Fraxinus anomala"
"1929763733","Fraxinus anomala",-111.1091,38.2458,1961,4,29,"US","Fraxinus anomala"
"1930591988","Fraxinus anomala",-109.7355,38.6439,1961,5,22,"US","Fraxinus anomala"
"3091231933","Fraxinus anomala",-111.76028,34.898733,1961,5,10,"US","Fraxinus anomala"
"3091251313","Fraxinus anomala",-109.50833,36.15528,1961,7,28,"US","Fraxinus anomala"
"3798075191","Fraxinus anomala",-107,38,1961,9,7,"US","Fraxinus anomala"
"1843874968","Fraxinus anomala",-108.51506,36.828406,1960,8,18,"US","Fraxinus anomala"
"2270614190","Fraxinus anomala",-111.676,34.8819,1959,5,31,"US","Fraxinus anomala"
"3091254502","Fraxinus anomala",-111.67556,34.88194,1959,5,31,"US","Fraxinus anomala"
"1930542609","Fraxinus anomala",-108.526123,37.167244,1959,6,12,"US","Fraxinus anomala"
"2270614576","Fraxinus anomala",-112.191,35.0467,1959,6,13,"US","Fraxinus anomala"
"2573473698","Fraxinus anomala",-108.52258,37.17929,1959,6,12,"US","Fraxinus anomala"
"2430147189","Fraxinus anomala",-112.977502,37.212293,1956,5,5,"US","Fraxinus anomala"
"2422288984","Fraxinus anomala",-117.70417,37.29333,1955,6,19,"US","Fraxinus anomala"
"2430335058","Fraxinus anomala",-117.699537,37.280848,1955,6,19,"US","Fraxinus anomala"
"3125072535","Fraxinus anomala",-117.69954,37.28085,1955,6,19,"US","Fraxinus anomala"
"3091232424","Fraxinus anomala",-112.709167,36.160278,1954,4,25,"US","Fraxinus anomala"
"1928748700","Fraxinus anomala",-110.964314,37.062993,1954,5,6,"US","Fraxinus anomala"
"1929824897","Fraxinus anomala",-110.964314,37.048492,1954,5,6,"US","Fraxinus anomala"
"2573525494","Fraxinus anomala",-108.3068,38.68767,1954,6,18,"US","Fraxinus anomala"
"1929987380","Fraxinus anomala",-108.232451,39.166331,1954,7,15,"US","Fraxinus anomala"
"3091232423","Fraxinus anomala",-111.786964,34.825976,1954,10,30,"US","Fraxinus anomala"
"2242361835","Fraxinus anomala",-108.466673,39.031462,1953,7,27,"US","Fraxinus anomala"
"3091204626","Fraxinus anomala",-111.67556,34.88194,1953,10,22,"US","Fraxinus anomala"
"3091232171","Fraxinus anomala",-111.726886,34.912377,1953,10,15,"US","Fraxinus anomala"
"3091232358","Fraxinus anomala",-112.709167,36.160278,1953,10,4,"US","Fraxinus anomala"
"1846512132","Fraxinus anomala",-111.04985,33.29988,1952,5,10,"US","Fraxinus anomala"
"1927793520","Fraxinus anomala",-113.026442,37.298237,1952,5,7,"US","Fraxinus anomala"
"1928200074","Fraxinus anomala",-112.949048,37.304672,1952,8,14,"US","Fraxinus anomala"
"3091232419","Fraxinus anomala",-109.63722,36.96694,1952,8,21,"US","Fraxinus anomala"
"3091232422","Fraxinus anomala",-109.63722,36.96694,1952,8,23,"US","Fraxinus anomala"
"1846512082","Fraxinus anomala",-112.70934,36.16219,1952,10,12,"US","Fraxinus anomala"
"1846512190","Fraxinus anomala",-112.274528,34.284056,1951,5,30,"US","Fraxinus anomala"
"3091232021","Fraxinus anomala",-111.8375,34.89139,1951,5,13,"US","Fraxinus anomala"
"2242362700","Fraxinus anomala",-108.450013,38.014808,1951,6,8,"US","Fraxinus anomala"
"3091232455","Fraxinus anomala",-111.73082,34.886976,1950,6,8,"US","Fraxinus anomala"
"2242363609","Fraxinus anomala",-105.500278,38.9984,1949,5,31,"US","Fraxinus anomala"
"2422291040","Fraxinus anomala",-115.58917,35.54139,1949,5,28,"US","Fraxinus anomala"
"2422354821","Fraxinus anomala",-112.95961,37.209,1949,5,7,"US","Fraxinus anomala"
"2430121412","Fraxinus anomala",-112.932571,37.218046,1949,5,7,"US","Fraxinus anomala"
"2573519693","Fraxinus anomala",-108.80429,38.38589,1949,5,31,"US","Fraxinus anomala"
"3413529551","Fraxinus anomala",-115.601185,35.548841,1949,5,20,"US","Fraxinus anomala"
"1928609603","Fraxinus anomala",-112.056876,36.217045,1949,6,23,"US","Fraxinus anomala"
"2270615608","Fraxinus anomala",-112.761,36.3078,1948,4,18,"US","Fraxinus anomala"
"3091232366","Fraxinus anomala",-112.76111,36.30778,1948,4,18,"US","Fraxinus anomala"
"415727384","Fraxinus anomala",-108.731949,39.120842,1948,5,21,"US","Fraxinus anomala"
"415727417","Fraxinus anomala",-109.307215,40.43822,1948,6,18,"US","Fraxinus anomala"
"2242362572","Fraxinus anomala",-108.911366,37.321527,1948,6,12,"US","Fraxinus anomala"
"2430154803","Fraxinus anomala",-115.588929,35.525241,1948,9,18,"US","Fraxinus anomala"
"3428567793","Fraxinus anomala",-109.305283,40.437762,1948,NA,NA,"US","Fraxinus anomala"
"3091232023","Fraxinus anomala",-111.67556,34.88194,1947,3,18,"US","Fraxinus anomala"
"1843874997","Fraxinus anomala",-108.802035,36.755277,1947,4,26,"US","Fraxinus anomala"
"3091244536","Fraxinus anomala",-112.76111,36.30778,1947,5,3,"US","Fraxinus anomala"
"3798074575","Fraxinus anomala",-108.47,38.95,1947,5,23,"US","Fraxinus anomala"
"3798075196","Fraxinus anomala",-109,37.02,1947,5,29,"US","Fraxinus anomala"
"415727437","Fraxinus anomala",-108.585357,38.221832,1947,9,2,"US","Fraxinus anomala"
"2573467710","Fraxinus anomala",-108.59115,38.22609,1947,9,2,"US","Fraxinus anomala"
"3798074567","Fraxinus anomala",-108.58,38.22,1947,9,2,"US","Fraxinus anomala"
"3091231940","Fraxinus anomala",-112.76111,36.30778,1946,4,14,"US","Fraxinus anomala"
"3091232031","Fraxinus anomala",-112.76111,36.30778,1946,4,14,"US","Fraxinus anomala"
"3091244481","Fraxinus anomala",-112.76111,36.30778,1946,4,14,"US","Fraxinus anomala"
"3798074562","Fraxinus anomala",-108.53,38.85,1946,6,24,"US","Fraxinus anomala"
"3091232035","Fraxinus anomala",-112.76111,36.30778,1946,7,12,"US","Fraxinus anomala"
"3798075199","Fraxinus anomala",-108.75,38.54,1945,6,22,"US","Fraxinus anomala"
"1929312007","Fraxinus anomala",-109.550142,37.293952,1944,5,9,"US","Fraxinus anomala"
"2242394289","Fraxinus anomala",-110.2033,37.0101,1944,8,8,"US","Fraxinus anomala"
"1846512083","Fraxinus anomala",-111.72684,34.91258,1943,7,30,"US","Fraxinus anomala"
"2270614013","Fraxinus anomala",-111.727,34.9124,1943,7,30,"US","Fraxinus anomala"
"3053445347","Fraxinus anomala",-111.7555,34.9563,1943,7,30,"US","Fraxinus anomala"
"1929180551","Fraxinus anomala",-113.584123,37.249159,1942,4,15,"US","Fraxinus anomala"
"1929352348","Fraxinus anomala",-113.584123,37.249159,1942,5,14,"US","Fraxinus anomala"
"1931025532","Fraxinus anomala",-109.804567,37.626014,1942,9,6,"US","Fraxinus anomala"
"2270615252","Fraxinus anomala",-112.688,36.2369,1941,4,25,"US","Fraxinus anomala"
"1931076539","Fraxinus anomala",-110.664056,38.260883,1941,5,20,"US","Fraxinus anomala"
"3091231937","Fraxinus anomala",-111.726886,34.912377,1941,7,24,"US","Fraxinus anomala"
"2430352171","Fraxinus anomala",-117.061601,36.85157,1940,4,10,"US","Fraxinus anomala"
"1928836373","Fraxinus anomala",-111.103168,38.172679,1940,5,25,"US","Fraxinus anomala"
"1931116228","Fraxinus anomala",-111.103168,38.172679,1940,5,25,"US","Fraxinus anomala"
"2430067212","Fraxinus anomala",-115.571022,35.594506,1940,5,25,"US","Fraxinus anomala"
"2430133037","Fraxinus anomala",-111.158314,38.213106,1940,5,25,"US","Fraxinus anomala"
"2859501743","Fraxinus anomala",-111.103168,38.172679,1940,5,25,"US","Fraxinus anomala"
"3053415223","Fraxinus anomala",-115.570679,35.550943,1940,5,25,"US","Fraxinus anomala"
"2270191609","Fraxinus anomala",-115.518865,34.985902,1940,7,31,"US","Fraxinus anomala"
"2430082776","Fraxinus anomala",-115.2735,35.2724,1940,7,31,"US","Fraxinus anomala"
"3125072534","Fraxinus anomala",-115.51887,34.9859,1940,7,31,"US","Fraxinus anomala"
"1846555194","Fraxinus anomala",-115.5088,36.0208,1939,4,22,"US","Fraxinus anomala"
"1990065239","Fraxinus anomala",-115.5088,36.0208,1939,4,22,"US","Fraxinus anomala"
"1930743145","Fraxinus anomala",-115.588488,36.270769,1939,5,3,"US","Fraxinus anomala"
"3091200351","Fraxinus anomala",-109.369984,36.152528,1939,5,1,"US","Fraxinus anomala"
"2573420630","Fraxinus anomala",-110.468706,33.819902,1939,6,22,"US","Fraxinus anomala"
"2430193130","Fraxinus anomala",-115.296808,35.267281,1939,8,10,"US","Fraxinus anomala"
"2573470721","Fraxinus anomala",-108.9059,38.04354,1937,8,30,"US","Fraxinus anomala"
"2573422460","Fraxinus anomala",-113.57817,37.114178,1936,4,12,"US","Fraxinus anomala"
"3091200347","Fraxinus anomala",-109.369984,36.152528,1936,5,18,"US","Fraxinus anomala"
"1929360997","Fraxinus anomala",-112.328252,37.111095,1936,7,7,"US","Fraxinus anomala"
"2430310729","Fraxinus anomala",-115.579605,35.547033,1935,5,28,"US","Fraxinus anomala"
"2430390749","Fraxinus anomala",-115.293188,35.264228,1935,5,4,"US","Fraxinus anomala"
"1930472546","Fraxinus anomala",-109.924008,36.949169,1935,6,4,"US","Fraxinus anomala"
"3091251125","Fraxinus anomala",-112.13889,36.05556,1935,6,19,"US","Fraxinus anomala"
"883392802","Fraxinus anomala",-113.0301,37.3291,1935,7,10,"US","Fraxinus anomala"
"883392807","Fraxinus anomala",-113.0301,37.3291,1935,7,10,"US","Fraxinus anomala"
"2430122957","Fraxinus anomala",-115.579605,35.547033,1935,10,7,"US","Fraxinus anomala"
"1928124635","Fraxinus anomala",-112.50062,37.067991,1934,5,14,"US","Fraxinus anomala"
"1929247681","Fraxinus anomala",-112.50062,37.067991,1934,5,14,"US","Fraxinus anomala"
"1843874963","Fraxinus anomala",-108.476394,36.980044,1934,6,8,"US","Fraxinus anomala"
"2270614471","Fraxinus anomala",-110.126,33.7369,1934,10,26,"US","Fraxinus anomala"
"1987015980","Fraxinus anomala",-113.791329,37.066368,1931,4,22,"US","Fraxinus anomala"
"3053340878","Fraxinus anomala",-115.473,34.9829999991133,1930,5,16,"US","Fraxinus anomala"
"2430349690","Fraxinus anomala",-112.526314,37.047486,1930,6,17,"US","Fraxinus anomala"
"1928792575","Fraxinus anomala",-113.563537,37.105552,1924,4,24,"US","Fraxinus anomala"
"1928626048","Fraxinus anomala",-110.254577,36.727777,1922,NA,NA,"US","Fraxinus anomala"
"2430072727","Fraxinus anomala",-115.505556,34.9825,1920,5,21,"US","Fraxinus anomala"
"2859214300","Fraxinus anomala",-109.334852,40.369685,1918,4,NA,"US","Fraxinus anomala"
"2573516601","Fraxinus anomala",-108.56463,38.21883,1914,5,7,"US","Fraxinus anomala"
"2573517599","Fraxinus anomala",-108.56463,38.21883,1914,5,26,"US","Fraxinus anomala"
"2859206307","Fraxinus anomala",-108.568703,38.218324,1914,5,26,"US","Fraxinus anomala"
"2859455269","Fraxinus anomala",-108.568703,38.218324,1914,5,7,"US","Fraxinus anomala"
"1928325117","Fraxinus anomala",-111.726931,34.912457,1914,7,13,"US","Fraxinus anomala"
"1928718816","Fraxinus anomala",-111.726931,34.912457,1914,7,13,"US","Fraxinus anomala"
"2430112389","Fraxinus anomala",-109.54984,38.573316,1913,6,7,"US","Fraxinus anomala"
"2430262067","Fraxinus anomala",-109.636632,38.665504,1913,6,16,"US","Fraxinus anomala"
"1928915179","Fraxinus anomala",-108.962328,38.368322,1912,6,22,"US","Fraxinus anomala"
"1929469731","Fraxinus anomala",-109.599609,38.535212,1911,7,3,"US","Fraxinus anomala"
"1931177819","Fraxinus anomala",-109.551436,38.574287,1911,7,1,"US","Fraxinus anomala"
"1930787405","Fraxinus anomala",-110.029803,37.599099,1911,8,4,"US","Fraxinus anomala"
"2573527777","Fraxinus anomala",-108.21507,39.33442,1910,5,27,"US","Fraxinus anomala"
"2430365057","Fraxinus anomala",-112.6833,34.5,1903,4,28,"US","Fraxinus anomala"
"1931292063","Fraxinus anomala",-108.426198,38.881928,1901,6,11,"US","Fraxinus anomala"
"1932896208","Fraxinus anomala",-110.188333,37.855,1900,1,1,"US","Fraxinus anomala"
"1928479338","Fraxinus anomala",-108.550649,39.06387,1898,5,17,"US","Fraxinus anomala"
"1930193988","Fraxinus anomala",-108.550649,39.06387,1898,5,17,"US","Fraxinus anomala"
"1931008987","Fraxinus anomala",-108.550649,39.06387,1898,5,17,"US","Fraxinus anomala"
"3798074563","Fraxinus anomala",-108.57,39.05,1898,5,17,"US","Fraxinus anomala"
"2430141187","Fraxinus anomala",-109.114352,39.084214,1898,6,28,"US","Fraxinus anomala"
"2430415064","Fraxinus anomala",-110.348768,39.265525,1898,7,2,"US","Fraxinus anomala"
"2430397353","Fraxinus anomala",-108.63392,39.098936,1895,5,22,"US","Fraxinus anomala"
"2430121285","Fraxinus anomala",-113.564835,37.115037,1894,4,26,"US","Fraxinus anomala"
"1930971015","Fraxinus anomala",-108.550649,39.06387,1894,5,28,"US","Fraxinus anomala"
"2430110202","Fraxinus anomala",-113.050947,37.677285,1894,5,8,"US","Fraxinus anomala"
"2430246438","Fraxinus anomala",-112.516818,37.049208,1894,5,22,"US","Fraxinus anomala"
"2430274413","Fraxinus anomala",-112.371175,37.086354,1894,5,23,"US","Fraxinus anomala"
"2430457993","Fraxinus anomala",-111.732178,36.961479,1894,5,26,"US","Fraxinus anomala"
"2430220040","Fraxinus anomala",-108.547117,39.057398,1894,6,21,"US","Fraxinus anomala"
"2430070005","Fraxinus anomala",-111.246836,38.285536,1894,7,19,"US","Fraxinus anomala"
"2430089974","Fraxinus anomala",-110.834373,38.16633,1894,7,23,"US","Fraxinus anomala"
"3798074574","Fraxinus anomala",-107.66,38.75,1892,8,24,"US","Fraxinus anomala"
"2430245281","Fraxinus anomala",-109.112335,39.078318,1891,5,6,"US","Fraxinus anomala"
"2430534750","Fraxinus anomala",-110.161804,38.99525,1890,5,9,"US","Fraxinus anomala"
"2430504525","Fraxinus anomala",-112.368809,37.086651,1890,6,20,"US","Fraxinus anomala"
"2430552291","Fraxinus anomala",-108.563341,39.088614,1883,8,NA,"US","Fraxinus anomala"
"2430283285","Fraxinus anomala",-113.584123,37.104148,1880,4,5,"US","Fraxinus anomala"
"2430392496","Fraxinus anomala",-113.274116,37.340815,1880,4,21,"US","Fraxinus anomala"
"1928128809","Fraxinus anomala",-113.563537,37.105552,1877,NA,NA,"US","Fraxinus anomala"
"1928255181","Fraxinus anomala",-113.563537,37.105552,1877,NA,NA,"US","Fraxinus anomala"
"1928994545","Fraxinus anomala",-113.563537,37.105552,1877,NA,NA,"US","Fraxinus anomala"
"1931192224","Fraxinus anomala",-113.563537,37.105552,1877,NA,NA,"US","Fraxinus anomala"
"1930845808","Fraxinus anomala",-109.007128,36.528768,1874,6,8,"US","Fraxinus anomala"
"1928842465","Fraxinus anomala",-113.563406,37.10489,1874,NA,NA,"US","Fraxinus anomala"
"1930134415","Fraxinus anomala",-113.563406,37.10489,1874,NA,NA,"US","Fraxinus anomala"
"1930380091","Fraxinus anomala",-113.563406,37.10489,1874,NA,NA,"US","Fraxinus anomala"
"1930426806","Fraxinus anomala",-113.563406,37.10489,1874,NA,NA,"US","Fraxinus anomala"
"1929126753","Fraxinus anomala",-109.1764,38.7613,NA,NA,NA,"US","Fraxinus anomala"
"2573420435","Fraxinus anomala",-109.307112,40.438457,NA,NA,NA,"US","Fraxinus anomala"
"2573465707","Fraxinus anomala",-108.875,38.466667,NA,NA,NA,"US","Fraxinus anomala"
"2573526587","Fraxinus anomala",-108.553,39.07577,NA,NA,NA,"US","Fraxinus anomala"
"2573528774","Fraxinus anomala",-108.553,39.07577,NA,NA,NA,"US","Fraxinus anomala"
"3091232431","Fraxinus anomala",-112.709167,36.160278,NA,NA,NA,"US","Fraxinus anomala"
"3091264980","Fraxinus anomala",-111.7183,35.0588,NA,NA,NA,"US","Fraxinus anomala"
"3091271702","Fraxinus anomala",-108.706601,36.34787,NA,NA,NA,"US","Fraxinus anomala"
