"gbifID","species","longitude","latitude","year","month","day","countryCode","accepted_name"
"3764184170","Harbouria trachypleura",-105.315891,40.150787,2022,4,26,"US","Harbouria trachypleura"
"3764325981","Harbouria trachypleura",-105.295647,40.07406,2022,4,25,"US","Harbouria trachypleura"
"3773072584","Harbouria trachypleura",-105.314888,40.150144,2022,4,26,"US","Harbouria trachypleura"
"3772730187","Harbouria trachypleura",-105.298341,40.116469,2022,5,11,"US","Harbouria trachypleura"
"3772731772","Harbouria trachypleura",-105.165931,39.691661,2022,5,8,"US","Harbouria trachypleura"
"3112350200","Harbouria trachypleura",-105.120516,40.262355,2021,4,30,"US","Harbouria trachypleura"
"3118342788","Harbouria trachypleura",-105.282333,39.98618,2021,5,20,"US","Harbouria trachypleura"
"3124578009","Harbouria trachypleura",-105.269722,39.941624,2021,5,20,"US","Harbouria trachypleura"
"3124893777","Harbouria trachypleura",-105.25505,39.771853,2021,5,25,"US","Harbouria trachypleura"
"3413102500","Harbouria trachypleura",-102.9691,37.45824,2021,5,12,"US","Harbouria trachypleura"
"3416004581","Harbouria trachypleura",-102.932211,37.524968,2021,5,12,"US","Harbouria trachypleura"
"3747239405","Harbouria trachypleura",-105.254055,39.773736,2021,5,24,"US","Harbouria trachypleura"
"3307197511","Harbouria trachypleura",-105.177439,39.703275,2021,6,11,"US","Harbouria trachypleura"
"3307293554","Harbouria trachypleura",-105.285797,40.418686,2021,6,4,"US","Harbouria trachypleura"
"3307339760","Harbouria trachypleura",-105.179243,39.702768,2021,6,11,"US","Harbouria trachypleura"
"3314166867","Harbouria trachypleura",-105.364822,40.26981,2021,6,19,"US","Harbouria trachypleura"
"3321283549","Harbouria trachypleura",-105.450203,41.298503,2021,6,28,"US","Harbouria trachypleura"
"3415472607","Harbouria trachypleura",-105.287994,39.984299,2021,6,9,"US","Harbouria trachypleura"
"3415663641","Harbouria trachypleura",-105.378294,39.848398,2021,6,17,"US","Harbouria trachypleura"
"3747078801","Harbouria trachypleura",-105.294989,39.510564,2021,6,16,"US","Harbouria trachypleura"
"3764202372","Harbouria trachypleura",-105.270546,40.014986,2021,6,2,"US","Harbouria trachypleura"
"3415926718","Harbouria trachypleura",-105.28952,40.209145,2021,7,27,"US","Harbouria trachypleura"
"3415943718","Harbouria trachypleura",-105.209111,39.646961,2021,7,4,"US","Harbouria trachypleura"
"3759862211","Harbouria trachypleura",-105.74118,35.54342,2021,8,31,"US","Harbouria trachypleura"
"2611229042","Harbouria trachypleura",-105.281161,40.105354,2020,4,25,"US","Harbouria trachypleura"
"2611231927","Harbouria trachypleura",-105.300968,40.206545,2020,4,26,"US","Harbouria trachypleura"
"2611258511","Harbouria trachypleura",-105.29796,40.020137,2020,4,24,"US","Harbouria trachypleura"
"2626227762","Harbouria trachypleura",-105.2995,40.211195,2020,4,27,"US","Harbouria trachypleura"
"3031786380","Harbouria trachypleura",-105.313691,40.139611,2020,5,5,"US","Harbouria trachypleura"
"3059680511","Harbouria trachypleura",-105.225276,39.727129,2020,5,26,"US","Harbouria trachypleura"
"3747326356","Harbouria trachypleura",-105.382072,39.741346,2020,5,1,"US","Harbouria trachypleura"
"2641498929","Harbouria trachypleura",-105.549433,39.946274,2020,6,4,"US","Harbouria trachypleura"
"2238815642","Harbouria trachypleura",-105.127543,40.480375,2019,4,26,"US","Harbouria trachypleura"
"2238959440","Harbouria trachypleura",-105.299131,40.028525,2019,4,28,"US","Harbouria trachypleura"
"2269225797","Harbouria trachypleura",-105.432487,40.688016,2019,5,31,"US","Harbouria trachypleura"
"2467784532","Harbouria trachypleura",-104.533316,35.868494,2019,5,31,"US","Harbouria trachypleura"
"3455243802","Harbouria trachypleura",-105.343307,40.694629,2019,5,31,"US","Harbouria trachypleura"
"2265884131","Harbouria trachypleura",-105.313319,40.70737,2019,6,3,"US","Harbouria trachypleura"
"3031995957","Harbouria trachypleura",-105.505619,40.646261,2019,6,1,"US","Harbouria trachypleura"
"1841256354","Harbouria trachypleura",-105.298037,40.075922,2018,4,29,"US","Harbouria trachypleura"
"1847426432","Harbouria trachypleura",-105.294363,40.033881,2018,4,29,"US","Harbouria trachypleura"
"2620090340","Harbouria trachypleura",-105.298287,40.074699,2018,4,29,"US","Harbouria trachypleura"
"1848775529","Harbouria trachypleura",-105.298887,40.116387,2018,5,29,"US","Harbouria trachypleura"
"2242360810","Harbouria trachypleura",-105.265535,39.338589,2018,5,31,"US","Harbouria trachypleura"
"2423924030","Harbouria trachypleura",-105.265535,39.338589,2018,5,31,"US","Harbouria trachypleura"
"2432122582","Harbouria trachypleura",-105.2662,39.3384,2018,5,31,"US","Harbouria trachypleura"
"3415503328","Harbouria trachypleura",-105.294713,39.914153,2018,5,31,"US","Harbouria trachypleura"
"1703167220","Harbouria trachypleura",-105.311272,40.692277,2017,9,18,"US","Harbouria trachypleura"
"2242354132","Harbouria trachypleura",-105.202824,39.707914,2016,5,21,"US","Harbouria trachypleura"
"2242354320","Harbouria trachypleura",-105.261155,39.898024,2016,5,29,"US","Harbouria trachypleura"
"2270223187","Harbouria trachypleura",-105.202824,39.707914,2016,5,21,"US","Harbouria trachypleura"
"2422516419","Harbouria trachypleura",-105.20281,39.70789,2016,5,21,"US","Harbouria trachypleura"
"2634386243","Harbouria trachypleura",-105.266465,39.607563,2016,5,28,"US","Harbouria trachypleura"
"2242354236","Harbouria trachypleura",-105.219181,39.7344,2016,6,15,"US","Harbouria trachypleura"
"2242354676","Harbouria trachypleura",-105.273666,39.894296,2016,6,10,"US","Harbouria trachypleura"
"2573560072","Harbouria trachypleura",-105.273666,39.894296,2016,6,10,"US","Harbouria trachypleura"
"2270492498","Harbouria trachypleura",-105.370333,41.26675,2016,7,28,"US","Harbouria trachypleura"
"2573561090","Harbouria trachypleura",-105.26821,40.19758,2016,7,1,"US","Harbouria trachypleura"
"2573435007","Harbouria trachypleura",-105.271683,39.9609,2015,6,1,"US","Harbouria trachypleura"
"2573341466","Harbouria trachypleura",-105.326883,40.001583,2014,5,26,"US","Harbouria trachypleura"
"3413985325","Harbouria trachypleura",-105.985,41.0853,2013,9,18,"US","Harbouria trachypleura"
"1843914511","Harbouria trachypleura",-105.341,35.77078,2012,6,5,"US","Harbouria trachypleura"
"2242386761","Harbouria trachypleura",-105.172479,40.957982,2010,6,18,"US","Harbouria trachypleura"
"2242387499","Harbouria trachypleura",-105.017582,40.986486,2010,6,4,"US","Harbouria trachypleura"
"2573340306","Harbouria trachypleura",-105.172479,40.957982,2010,6,18,"US","Harbouria trachypleura"
"2573343045","Harbouria trachypleura",-105.01758,40.98649,2010,6,4,"US","Harbouria trachypleura"
"2242388397","Harbouria trachypleura",-105.05375,40.992186,2010,7,20,"US","Harbouria trachypleura"
"2573341223","Harbouria trachypleura",-105.05375,40.99219,2010,7,20,"US","Harbouria trachypleura"
"2242418503","Harbouria trachypleura",-104.307757,37.806954,2009,6,17,"US","Harbouria trachypleura"
"2573340338","Harbouria trachypleura",-104.28841,37.79014,2009,6,17,"US","Harbouria trachypleura"
"2576247302","Harbouria trachypleura",-105.248483,39.730122,2009,6,12,"US","Harbouria trachypleura"
"1929342025","Harbouria trachypleura",-106.0399,41.2507,2008,8,23,"US","Harbouria trachypleura"
"574755796","Harbouria trachypleura",-105.2809,40.106083,2008,10,22,"US","Harbouria trachypleura"
"1843911654","Harbouria trachypleura",-104.850556,36.668889,2007,6,9,"US","Harbouria trachypleura"
"1928971080","Harbouria trachypleura",-106.0453,41.1405,2007,6,16,"US","Harbouria trachypleura"
"2573457943","Harbouria trachypleura",-106.0832,41.0296,2007,6,13,"US","Harbouria trachypleura"
"3766283103","Harbouria trachypleura",-106.1285,40.9988,2007,6,22,"US","Harbouria trachypleura"
"3125226406","Harbouria trachypleura",-106.0591,41.0335,2007,7,10,"US","Harbouria trachypleura"
"2573340065","Harbouria trachypleura",-105.15106,40.97068,2006,8,25,"US","Harbouria trachypleura"
"1843898119","Harbouria trachypleura",-105.72656,34.19097,2006,9,10,"US","Harbouria trachypleura"
"1843898178","Harbouria trachypleura",-105.7219,34.2658,2006,9,10,"US","Harbouria trachypleura"
"1843901950","Harbouria trachypleura",-105.195278,35.516583,2005,5,19,"US","Harbouria trachypleura"
"353264158","Harbouria trachypleura",-102.975183,37.461865,2005,6,29,"US","Harbouria trachypleura"
"1260369757","Harbouria trachypleura",-105.29833,39.70916,2005,6,13,"US","Harbouria trachypleura"
"1986955489","Harbouria trachypleura",-105.298333,39.709167,2005,6,13,"US","Harbouria trachypleura"
"2573340240","Harbouria trachypleura",-102.974846,37.462034,2005,6,29,"US","Harbouria trachypleura"
"1843895145","Harbouria trachypleura",-105.7412,35.5432,2004,6,14,"US","Harbouria trachypleura"
"3356469305","Harbouria trachypleura",-105.451667,36.586944,2004,7,16,"US","Harbouria trachypleura"
"1843890788","Harbouria trachypleura",-105.269121,35.6236,2002,8,26,"US","Harbouria trachypleura"
"1258967066","Harbouria trachypleura",-105.2,40.41666,2001,5,20,"US","Harbouria trachypleura"
"1929725381","Harbouria trachypleura",-105.2156,40.4322,2001,5,20,"US","Harbouria trachypleura"
"1930181456","Harbouria trachypleura",-105.489,40.677,2001,5,29,"US","Harbouria trachypleura"
"2573341081","Harbouria trachypleura",-105.59864,40.71658,2001,5,26,"US","Harbouria trachypleura"
"2573343242","Harbouria trachypleura",-105.209879,40.425984,2001,5,20,"US","Harbouria trachypleura"
"176954849","Harbouria trachypleura",-105.433333,40.175278,2001,8,8,"US","Harbouria trachypleura"
"2242376412","Harbouria trachypleura",-105.373806,39.743719,2000,6,8,"US","Harbouria trachypleura"
"2573342730","Harbouria trachypleura",-106.02625,40.94146,2000,7,27,"US","Harbouria trachypleura"
"2242373257","Harbouria trachypleura",-105.313226,39.533426,1999,5,27,"US","Harbouria trachypleura"
"2573340836","Harbouria trachypleura",-104.50977,37.21614,1999,5,23,"US","Harbouria trachypleura"
"2573341249","Harbouria trachypleura",-105.8275,38.42597,1999,7,3,"US","Harbouria trachypleura"
"1843912528","Harbouria trachypleura",-104.6388,37.2874,1998,6,25,"US","Harbouria trachypleura"
"1930223983","Harbouria trachypleura",-104.6376,37.2868,1998,6,25,"US","Harbouria trachypleura"
"2573342288","Harbouria trachypleura",-104.60173,37.33603,1998,6,10,"US","Harbouria trachypleura"
"2573343320","Harbouria trachypleura",-105.25498,39.88085,1998,7,11,"US","Harbouria trachypleura"
"2573340851","Harbouria trachypleura",-105.189167,40.570291,1995,6,25,"US","Harbouria trachypleura"
"1928046135","Harbouria trachypleura",-105.355,41.2823,1995,7,23,"US","Harbouria trachypleura"
"2242372585","Harbouria trachypleura",-105.441805,39.838762,1995,7,9,"US","Harbouria trachypleura"
"2573342430","Harbouria trachypleura",-105.21347,39.901039,1994,5,17,"US","Harbouria trachypleura"
"1931222268","Harbouria trachypleura",-105.5078,41.2249,1993,6,16,"US","Harbouria trachypleura"
"2573339835","Harbouria trachypleura",-105.282681,39.981792,1991,5,8,"US","Harbouria trachypleura"
"1843818698","Harbouria trachypleura",-105.727885,34.212335,1991,6,24,"US","Harbouria trachypleura"
"2573339976","Harbouria trachypleura",-105.317989,39.950482,1991,7,4,"US","Harbouria trachypleura"
"2573338060","Harbouria trachypleura",-102.970178,37.457402,1990,7,11,"US","Harbouria trachypleura"
"2242377895","Harbouria trachypleura",-105.577262,40.367317,1989,5,23,"US","Harbouria trachypleura"
"1322666609","Harbouria trachypleura",-105.257,36.2753,1986,7,14,"US","Harbouria trachypleura"
"3125229418","Harbouria trachypleura",-106.1042,41.172,1986,7,17,"US","Harbouria trachypleura"
"3766283101","Harbouria trachypleura",-106.1042,41.172,1986,7,17,"US","Harbouria trachypleura"
"1986949487","Harbouria trachypleura",-105.178333,40.751667,1985,6,1,"US","Harbouria trachypleura"
"1927878032","Harbouria trachypleura",-104.902821,35.593507,1984,7,19,"US","Harbouria trachypleura"
"2572949188","Harbouria trachypleura",-104.902821,35.593507,1984,7,19,"US","Harbouria trachypleura"
"1931306812","Harbouria trachypleura",-105.5122,40.3396,1983,7,8,"US","Harbouria trachypleura"
"1930288918","Harbouria trachypleura",-104.847822,35.587398,1982,5,25,"US","Harbouria trachypleura"
"2572947794","Harbouria trachypleura",-104.847822,35.587398,1982,5,25,"US","Harbouria trachypleura"
"2573420369","Harbouria trachypleura",-103.893912,35.929337,1982,5,25,"US","Harbouria trachypleura"
"1927854768","Harbouria trachypleura",-104.2681,36.0788,1981,6,29,"US","Harbouria trachypleura"
"2242380910","Harbouria trachypleura",-105.359497,39.94549,1980,6,19,"US","Harbouria trachypleura"
"2242381025","Harbouria trachypleura",-105.573109,39.776073,1980,6,24,"US","Harbouria trachypleura"
"2242381077","Harbouria trachypleura",-105.359497,39.94549,1980,6,17,"US","Harbouria trachypleura"
"2242381917","Harbouria trachypleura",-105.647,39.83579,1980,6,24,"US","Harbouria trachypleura"
"2242368105","Harbouria trachypleura",-105.206482,40.530935,1979,5,31,"US","Harbouria trachypleura"
"2242365152","Harbouria trachypleura",-105.421191,39.626253,1974,6,27,"US","Harbouria trachypleura"
"2572945730","Harbouria trachypleura",-104.894302,35.48247,1973,5,19,"US","Harbouria trachypleura"
"176954897","Harbouria trachypleura",-105.212931,39.906667,1973,6,22,"US","Harbouria trachypleura"
"1212014372","Harbouria trachypleura",-105.61694,40.05972,1973,6,29,"US","Harbouria trachypleura"
"1257769064","Harbouria trachypleura",-105.444636,41.036073,1973,6,16,"US","Harbouria trachypleura"
"2573339562","Harbouria trachypleura",-105.216285,39.903404,1973,6,22,"US","Harbouria trachypleura"
"1929644182","Harbouria trachypleura",-105.432393,40.688105,1973,8,11,"US","Harbouria trachypleura"
"2572944573","Harbouria trachypleura",-105.270546,40.014986,1973,8,11,"US","Harbouria trachypleura"
"3091298550","Harbouria trachypleura",-105.63058,40.33475,1972,6,25,"US","Harbouria trachypleura"
"2242370304","Harbouria trachypleura",-105.294172,40.200098,1971,5,10,"US","Harbouria trachypleura"
"2242419123","Harbouria trachypleura",-106.099288,39.338675,1971,7,22,"US","Harbouria trachypleura"
"3476612632","Harbouria trachypleura",-105.510754,39.96127,1970,NA,NA,"US","Harbouria trachypleura"
"176954383","Harbouria trachypleura",-105.496848,41.002665,1968,6,20,"US","Harbouria trachypleura"
"176954828","Harbouria trachypleura",-105.25576,41.196324,1968,6,20,"US","Harbouria trachypleura"
"176954838","Harbouria trachypleura",-104.53376,37.81872,1968,6,10,"US","Harbouria trachypleura"
"176955063","Harbouria trachypleura",-105.34861,40.86777,1968,6,20,"US","Harbouria trachypleura"
"1930604633","Harbouria trachypleura",-106.326692,42.73302,1968,6,20,"US","Harbouria trachypleura"
"176954303","Harbouria trachypleura",-105.06656,36.19094,1968,7,30,"US","Harbouria trachypleura"
"2270227715","Harbouria trachypleura",-105.33144,39.700904,1967,7,6,"US","Harbouria trachypleura"
"2573340972","Harbouria trachypleura",-104.60705,37.33418,1964,6,17,"US","Harbouria trachypleura"
"2573341041","Harbouria trachypleura",-105.282218,40.145502,1961,4,8,"US","Harbouria trachypleura"
"1929363196","Harbouria trachypleura",-105.5115,39.9356,1960,6,21,"US","Harbouria trachypleura"
"2242371020","Harbouria trachypleura",-105.511424,39.960884,1951,7,29,"US","Harbouria trachypleura"
"176954820","Harbouria trachypleura",-105.522633,40.021351,1950,6,20,"US","Harbouria trachypleura"
"2573338932","Harbouria trachypleura",-105.520933,40.024107,1950,6,19,"US","Harbouria trachypleura"
"2242364724","Harbouria trachypleura",-105.176088,40.687514,1949,6,7,"US","Harbouria trachypleura"
"2242365620","Harbouria trachypleura",-105.42408,39.450304,1949,6,8,"US","Harbouria trachypleura"
"2573339227","Harbouria trachypleura",-105.17554,40.76249,1949,6,25,"US","Harbouria trachypleura"
"1931343594","Harbouria trachypleura",-104.531619,41.139621,1945,7,1,"US","Harbouria trachypleura"
"1931260559","Harbouria trachypleura",-105.513608,39.742488,1942,8,11,"US","Harbouria trachypleura"
"2242377194","Harbouria trachypleura",-105.285064,39.980213,1941,5,18,"US","Harbouria trachypleura"
"2573339002","Harbouria trachypleura",-105.28199,39.71961,1941,6,30,"US","Harbouria trachypleura"
"2859432074","Harbouria trachypleura",-105.521724,40.082456,1940,7,7,"US","Harbouria trachypleura"
"2242368825","Harbouria trachypleura",-105.288458,39.700362,1936,6,22,"US","Harbouria trachypleura"
"1843859762","Harbouria trachypleura",-105.145835,36.525267,1935,7,6,"US","Harbouria trachypleura"
"1931069432","Harbouria trachypleura",-105.356861,41.223682,1933,6,13,"US","Harbouria trachypleura"
"1928783765","Harbouria trachypleura",-104.858475,38.845682,1932,7,16,"US","Harbouria trachypleura"
"1843859745","Harbouria trachypleura",-105.770017,35.583091,1931,6,6,"US","Harbouria trachypleura"
"1843859316","Harbouria trachypleura",-105.340567,35.659763,1931,8,2,"US","Harbouria trachypleura"
"2573339729","Harbouria trachypleura",-105.250721,39.98565,1930,NA,NA,"US","Harbouria trachypleura"
"1931116416","Harbouria trachypleura",-105.592686,40.400319,1929,6,22,"US","Harbouria trachypleura"
"1929902000","Harbouria trachypleura",-105.2211,39.755543,1926,7,7,"US","Harbouria trachypleura"
"2573340181","Harbouria trachypleura",-105.23054,39.72885,1923,6,29,"US","Harbouria trachypleura"
"1929808106","Harbouria trachypleura",-105.371689,42.063721,1923,NA,NA,"US","Harbouria trachypleura"
"2573341448","Harbouria trachypleura",-105.19111,39.65359,1921,6,3,"US","Harbouria trachypleura"
"2859137113","Harbouria trachypleura",-105.1911,39.653599,1921,6,3,"US","Harbouria trachypleura"
"1929165634","Harbouria trachypleura",-105.223897,35.593932,1920,6,NA,"US","Harbouria trachypleura"
"2573338532","Harbouria trachypleura",-105.276943,39.932486,1915,6,16,"US","Harbouria trachypleura"
"2573339134","Harbouria trachypleura",-105.270549,40.014977,1914,6,5,"US","Harbouria trachypleura"
"1929378717","Harbouria trachypleura",-105.521665,40.377206,1913,6,22,"US","Harbouria trachypleura"
"2573339088","Harbouria trachypleura",-105.21721,40.79443,1912,5,24,"US","Harbouria trachypleura"
"2573342646","Harbouria trachypleura",-105.53597,39.94899,1912,8,14,"US","Harbouria trachypleura"
"2573339665","Harbouria trachypleura",-105.502083,39.932128,1910,6,15,"US","Harbouria trachypleura"
"2573339120","Harbouria trachypleura",-105.17554,40.76249,1907,6,10,"US","Harbouria trachypleura"
"2573341589","Harbouria trachypleura",-105.19875,40.94869,1907,6,14,"US","Harbouria trachypleura"
"2573342195","Harbouria trachypleura",-105.508328,40.072203,1906,7,7,"US","Harbouria trachypleura"
"2573341276","Harbouria trachypleura",-105.511466,39.966387,1905,7,1,"US","Harbouria trachypleura"
"1931152475","Harbouria trachypleura",-105.684448,39.761376,1903,7,15,"US","Harbouria trachypleura"
"1931048166","Harbouria trachypleura",-106.02295,41.202829,1903,9,2,"US","Harbouria trachypleura"
"2859433055","Harbouria trachypleura",-105.99856,41.19979,1903,9,2,"US","Harbouria trachypleura"
"1927788431","Harbouria trachypleura",-105.240057,40.030459,1902,7,NA,"US","Harbouria trachypleura"
"1928169737","Harbouria trachypleura",-106.141677,41.298306,1902,7,27,"US","Harbouria trachypleura"
"1929082106","Harbouria trachypleura",-105.439949,40.068664,1902,8,NA,"US","Harbouria trachypleura"
"1929654622","Harbouria trachypleura",-105.439949,40.068664,1902,8,NA,"US","Harbouria trachypleura"
"1930339325","Harbouria trachypleura",-105.769992,41.103232,1900,6,1,"US","Harbouria trachypleura"
"1931239904","Harbouria trachypleura",-105.769992,41.103232,1900,6,1,"US","Harbouria trachypleura"
"1928692612","Harbouria trachypleura",-105.22559,40.59109,1899,6,13,"US","Harbouria trachypleura"
"1929298675","Harbouria trachypleura",-105.197996,40.490606,1899,6,29,"US","Harbouria trachypleura"
"1927899675","Harbouria trachypleura",-105.084423,40.58526,1896,5,9,"US","Harbouria trachypleura"
"1928759231","Harbouria trachypleura",-105.461144,40.666417,1896,5,9,"US","Harbouria trachypleura"
"1930395143","Harbouria trachypleura",-105.084423,40.58526,1896,5,9,"US","Harbouria trachypleura"
"1930827287","Harbouria trachypleura",-105.152004,40.559484,1896,5,24,"US","Harbouria trachypleura"
"1929681910","Harbouria trachypleura",-105.346194,40.620416,1895,8,20,"US","Harbouria trachypleura"
"1930135584","Harbouria trachypleura",-105.357251,40.619174,1895,8,20,"US","Harbouria trachypleura"
"1928280304","Harbouria trachypleura",-105.270546,40.014986,1895,9,2,"US","Harbouria trachypleura"
"1931208481","Harbouria trachypleura",-108.736227,42.757181,1894,6,2,"US","Harbouria trachypleura"
"1928472230","Harbouria trachypleura",-105.461144,40.666417,1892,5,21,"US","Harbouria trachypleura"
"2573341258","Harbouria trachypleura",-105.008601,38.781654,1891,11,NA,"US","Harbouria trachypleura"
"1928504823","Harbouria trachypleura",-105.201064,39.743862,1878,6,20,"US","Harbouria trachypleura"
"1928574322","Harbouria trachypleura",-105.201064,39.743862,1878,6,20,"US","Harbouria trachypleura"
"1931235084","Harbouria trachypleura",-105.201064,39.743862,1878,6,20,"US","Harbouria trachypleura"
"2859150104","Harbouria trachypleura",-105.2211,39.755543,1878,6,20,"US","Harbouria trachypleura"
"185854240","Harbouria trachypleura",-105.2869,40.0028,NA,NA,NA,"US","Harbouria trachypleura"
"185854241","Harbouria trachypleura",-105.4145,40.017,NA,NA,NA,"US","Harbouria trachypleura"
"185854242","Harbouria trachypleura",-105.4552,39.6467,NA,NA,NA,"US","Harbouria trachypleura"
"185854243","Harbouria trachypleura",-105.4954,38.4499,NA,NA,NA,"US","Harbouria trachypleura"
"185854244","Harbouria trachypleura",-105.223,39.7564,NA,NA,NA,"US","Harbouria trachypleura"
"185854245","Harbouria trachypleura",-105.2672,39.5407,NA,NA,NA,"US","Harbouria trachypleura"
"185854246","Harbouria trachypleura",-105.1906,39.6536,NA,NA,NA,"US","Harbouria trachypleura"
"185854247","Harbouria trachypleura",-105.2566,40.8532,NA,NA,NA,"US","Harbouria trachypleura"
"185854248","Harbouria trachypleura",-105.2962,40.7037,NA,NA,NA,"US","Harbouria trachypleura"
"185854249","Harbouria trachypleura",-105.5623,40.9955,NA,NA,NA,"US","Harbouria trachypleura"
"185854250","Harbouria trachypleura",-105.1782,40.5778,NA,NA,NA,"US","Harbouria trachypleura"
"185854251","Harbouria trachypleura",-105.3647,40.6153,NA,NA,NA,"US","Harbouria trachypleura"
"185854252","Harbouria trachypleura",-105.4511,40.5756,NA,NA,NA,"US","Harbouria trachypleura"
"185854253","Harbouria trachypleura",-105.5356,40.6325,NA,NA,NA,"US","Harbouria trachypleura"
"185854254","Harbouria trachypleura",-105.2668,40.6961,NA,NA,NA,"US","Harbouria trachypleura"
"185854255","Harbouria trachypleura",-105.8111,40.6625,NA,NA,NA,"US","Harbouria trachypleura"
"185854256","Harbouria trachypleura",-105.1494,40.5575,NA,NA,NA,"US","Harbouria trachypleura"
"185854257","Harbouria trachypleura",-105.1494,40.5575,NA,NA,NA,"US","Harbouria trachypleura"
"185854258","Harbouria trachypleura",-105.3054,40.6151,NA,NA,NA,"US","Harbouria trachypleura"
"185854259","Harbouria trachypleura",-105.3054,40.5847,NA,NA,NA,"US","Harbouria trachypleura"
"185854260","Harbouria trachypleura",-105.1599,40.5654,NA,NA,NA,"US","Harbouria trachypleura"
"185854261","Harbouria trachypleura",-105.1941,40.5954,NA,NA,NA,"US","Harbouria trachypleura"
"185854262","Harbouria trachypleura",-105.1941,40.5954,NA,NA,NA,"US","Harbouria trachypleura"
"185854263","Harbouria trachypleura",-105.3054,40.6151,NA,NA,NA,"US","Harbouria trachypleura"
"185854264","Harbouria trachypleura",-105.3054,40.6151,NA,NA,NA,"US","Harbouria trachypleura"
"185854265","Harbouria trachypleura",-105.229,40.6282,NA,NA,NA,"US","Harbouria trachypleura"
"185854266","Harbouria trachypleura",-105.229,40.6282,NA,NA,NA,"US","Harbouria trachypleura"
"185854267","Harbouria trachypleura",-105.229,40.6282,NA,NA,NA,"US","Harbouria trachypleura"
"185854268","Harbouria trachypleura",-105.229,40.6282,NA,NA,NA,"US","Harbouria trachypleura"
"185854269","Harbouria trachypleura",-105.2055,40.6336,NA,NA,NA,"US","Harbouria trachypleura"
"185854270","Harbouria trachypleura",-105.3561,40.6186,NA,NA,NA,"US","Harbouria trachypleura"
"185854271","Harbouria trachypleura",-104.9338,40.952,NA,NA,NA,"US","Harbouria trachypleura"
"185855005","Harbouria trachypleura",-105.1961,40.5401,NA,NA,NA,"US","Harbouria trachypleura"
"185855007","Harbouria trachypleura",-105.1451,40.5608,NA,NA,NA,"US","Harbouria trachypleura"
"185855019","Harbouria trachypleura",-105.3923,40.6765,NA,NA,NA,"US","Harbouria trachypleura"
"185855030","Harbouria trachypleura",-105.8868,40.6046,NA,NA,NA,"US","Harbouria trachypleura"
"185855074","Harbouria trachypleura",-105.4497,40.1489,NA,NA,NA,"US","Harbouria trachypleura"
"185855080","Harbouria trachypleura",-105.2972,40.6909,NA,NA,NA,"US","Harbouria trachypleura"
"185855098","Harbouria trachypleura",-105.2157,40.3137,NA,NA,NA,"US","Harbouria trachypleura"
"185855131","Harbouria trachypleura",-105.1641,40.5753,NA,NA,NA,"US","Harbouria trachypleura"
"185855135","Harbouria trachypleura",-105.4511,40.5901,NA,NA,NA,"US","Harbouria trachypleura"
"185855147","Harbouria trachypleura",-105.4153,40.113,NA,NA,NA,"US","Harbouria trachypleura"
"185855162","Harbouria trachypleura",-105.17,40.5647,NA,NA,NA,"US","Harbouria trachypleura"
"185855170","Harbouria trachypleura",-105.454167,40.075,NA,NA,NA,"US","Harbouria trachypleura"
"185855172","Harbouria trachypleura",-105.292,40.716,NA,NA,NA,"US","Harbouria trachypleura"
"185855179","Harbouria trachypleura",-105.61216,40.79234,NA,NA,NA,"US","Harbouria trachypleura"
"185855180","Harbouria trachypleura",-105.2757,40.92484,NA,NA,NA,"US","Harbouria trachypleura"
"185855183","Harbouria trachypleura",-105.45107,40.6368,NA,NA,NA,"US","Harbouria trachypleura"
"185855185","Harbouria trachypleura",-105.3511,40.7673,NA,NA,NA,"US","Harbouria trachypleura"
"185855208","Harbouria trachypleura",-105.2912,40.8623,NA,NA,NA,"US","Harbouria trachypleura"
"185855212","Harbouria trachypleura",-105.283333,40.888166,NA,NA,NA,"US","Harbouria trachypleura"
"1144692443","Harbouria trachypleura",-112.49139,45.69556,NA,NA,NA,"US","Harbouria trachypleura"
"1144692444","Harbouria trachypleura",-112.49139,45.69556,NA,NA,NA,"US","Harbouria trachypleura"
"1986943068","Harbouria trachypleura",-105.264722,40.934722,NA,NA,NA,"US","Harbouria trachypleura"
"2242365362","Harbouria trachypleura",-105.237601,39.730626,NA,NA,NA,"US","Harbouria trachypleura"
