"gbifID","species","longitude","latitude","year","month","day","countryCode","basisOfRecord","accepted_name"
"4846894865","Harbouria trachypleura",-105.089457,40.507351,2024,4,9,"US","HUMAN_OBSERVATION","Harbouria trachypleura"
"4852063364","Harbouria trachypleura",-105.179672,40.839292,2024,4,24,"US","HUMAN_OBSERVATION","Harbouria trachypleura"
"4851940750","Harbouria trachypleura",-105.301437,40.206147,2024,4,25,"US","HUMAN_OBSERVATION","Harbouria trachypleura"
"4852209495","Harbouria trachypleura",-105.288422,40.209342,2024,4,26,"US","HUMAN_OBSERVATION","Harbouria trachypleura"
"4855050724","Harbouria trachypleura",-105.265541,40.24411,2024,4,29,"US","HUMAN_OBSERVATION","Harbouria trachypleura"
"4855520742","Harbouria trachypleura",-105.288772,40.209295,2024,4,26,"US","HUMAN_OBSERVATION","Harbouria trachypleura"
"4949918399","Harbouria trachypleura",-105.12635,40.479439,2024,4,9,"US","HUMAN_OBSERVATION","Harbouria trachypleura"
"4855174029","Harbouria trachypleura",-105.2118,40.840095,2024,5,1,"US","HUMAN_OBSERVATION","Harbouria trachypleura"
"5006693623","Harbouria trachypleura",-105.29955,40.016187,2024,5,4,"US","HUMAN_OBSERVATION","Harbouria trachypleura"
"4855488088","Harbouria trachypleura",-105.210336,40.839847,2024,5,1,"US","HUMAN_OBSERVATION","Harbouria trachypleura"
"4855121992","Harbouria trachypleura",-105.265862,39.940922,2024,5,4,"US","HUMAN_OBSERVATION","Harbouria trachypleura"
"4855484661","Harbouria trachypleura",-105.325508,40.113125,2024,5,3,"US","HUMAN_OBSERVATION","Harbouria trachypleura"
"4855508777","Harbouria trachypleura",-105.265893,39.940821,2024,5,5,"US","HUMAN_OBSERVATION","Harbouria trachypleura"
"4854799274","Harbouria trachypleura",-105.177857,40.563732,2024,5,5,"US","HUMAN_OBSERVATION","Harbouria trachypleura"
"4863908696","Harbouria trachypleura",-105.130699,40.540419,2024,5,8,"US","HUMAN_OBSERVATION","Harbouria trachypleura"
"4863901710","Harbouria trachypleura",-105.337689,40.059181,2024,5,8,"US","HUMAN_OBSERVATION","Harbouria trachypleura"
"4863573883","Harbouria trachypleura",-105.301129,40.209087,2024,5,10,"US","HUMAN_OBSERVATION","Harbouria trachypleura"
"4863514037","Harbouria trachypleura",-105.127668,40.480172,2024,5,11,"US","HUMAN_OBSERVATION","Harbouria trachypleura"
"4863536620","Harbouria trachypleura",-106.193,35.774479,2024,5,13,"US","HUMAN_OBSERVATION","Harbouria trachypleura"
"4867918738","Harbouria trachypleura",-105.265818,39.940922,2024,5,15,"US","HUMAN_OBSERVATION","Harbouria trachypleura"
"4867645262","Harbouria trachypleura",-105.283581,39.986262,2024,5,16,"US","HUMAN_OBSERVATION","Harbouria trachypleura"
"4868055636","Harbouria trachypleura",-105.283581,39.986262,2024,5,16,"US","HUMAN_OBSERVATION","Harbouria trachypleura"
"4867976736","Harbouria trachypleura",-105.069511,40.950207,2024,5,14,"US","HUMAN_OBSERVATION","Harbouria trachypleura"
"4867906062","Harbouria trachypleura",-105.288758,40.209328,2024,5,17,"US","HUMAN_OBSERVATION","Harbouria trachypleura"
"4987787856","Harbouria trachypleura",-105.238245,41.191147,2024,5,17,"US","HUMAN_OBSERVATION","Harbouria trachypleura"
"5008193951","Harbouria trachypleura",-105.298829,40.020545,2024,5,18,"US","HUMAN_OBSERVATION","Harbouria trachypleura"
"4867967411","Harbouria trachypleura",-105.241542,39.923449,2024,5,18,"US","HUMAN_OBSERVATION","Harbouria trachypleura"
"4867835153","Harbouria trachypleura",-105.308463,39.943322,2024,5,18,"US","HUMAN_OBSERVATION","Harbouria trachypleura"
"4867658134","Harbouria trachypleura",-105.093445,40.985004,2024,5,18,"US","HUMAN_OBSERVATION","Harbouria trachypleura"
"4867990168","Harbouria trachypleura",-105.297103,40.152642,2024,5,19,"US","HUMAN_OBSERVATION","Harbouria trachypleura"
"5007774998","Harbouria trachypleura",-105.180726,40.564986,2024,5,18,"US","HUMAN_OBSERVATION","Harbouria trachypleura"
"4867622625","Harbouria trachypleura",-105.182572,40.575292,2024,5,20,"US","HUMAN_OBSERVATION","Harbouria trachypleura"
"4867823242","Harbouria trachypleura",-105.291981,39.820042,2024,5,20,"US","HUMAN_OBSERVATION","Harbouria trachypleura"
"4868029915","Harbouria trachypleura",-105.172821,40.56467,2024,5,17,"US","HUMAN_OBSERVATION","Harbouria trachypleura"
"4867597507","Harbouria trachypleura",-105.172821,40.56467,2024,5,17,"US","HUMAN_OBSERVATION","Harbouria trachypleura"
"4872136399","Harbouria trachypleura",-105.243088,40.702163,2024,5,20,"US","HUMAN_OBSERVATION","Harbouria trachypleura"
"4868066271","Harbouria trachypleura",-105.176817,40.564269,2024,5,17,"US","HUMAN_OBSERVATION","Harbouria trachypleura"
"5007056551","Harbouria trachypleura",-105.180906,40.580838,2024,5,18,"US","HUMAN_OBSERVATION","Harbouria trachypleura"
"4872444486","Harbouria trachypleura",-105.267363,39.959213,2024,5,23,"US","HUMAN_OBSERVATION","Harbouria trachypleura"
"4872237449","Harbouria trachypleura",-105.169137,40.956495,2024,5,24,"US","HUMAN_OBSERVATION","Harbouria trachypleura"
"4872631356","Harbouria trachypleura",-105.277572,39.927433,2024,5,25,"US","HUMAN_OBSERVATION","Harbouria trachypleura"
"4872299769","Harbouria trachypleura",-105.284553,39.994932,2024,5,26,"US","HUMAN_OBSERVATION","Harbouria trachypleura"
"4872050266","Harbouria trachypleura",-105.168892,40.610754,2024,5,27,"US","HUMAN_OBSERVATION","Harbouria trachypleura"
"4872401191","Harbouria trachypleura",-105.177366,40.564155,2024,5,27,"US","HUMAN_OBSERVATION","Harbouria trachypleura"
"5007091027","Harbouria trachypleura",-105.30742,39.982675,2024,5,27,"US","HUMAN_OBSERVATION","Harbouria trachypleura"
"4872217913","Harbouria trachypleura",-105.412006,40.242512,2024,5,27,"US","HUMAN_OBSERVATION","Harbouria trachypleura"
"4875152419","Harbouria trachypleura",-105.561042,40.363175,2024,5,28,"US","HUMAN_OBSERVATION","Harbouria trachypleura"
"4978362337","Harbouria trachypleura",-105.358947,40.037564,2024,5,25,"US","HUMAN_OBSERVATION","Harbouria trachypleura"
"4875413100","Harbouria trachypleura",-105.169347,40.957178,2024,5,30,"US","HUMAN_OBSERVATION","Harbouria trachypleura"
"4903899232","Harbouria trachypleura",-105.167947,39.696308,2024,5,25,"US","HUMAN_OBSERVATION","Harbouria trachypleura"
"4904168909","Harbouria trachypleura",-105.166672,39.694694,2024,5,25,"US","HUMAN_OBSERVATION","Harbouria trachypleura"
"4901748175","Harbouria trachypleura",-105.165894,39.691997,2024,5,25,"US","HUMAN_OBSERVATION","Harbouria trachypleura"
"4954749907","Harbouria trachypleura",-105.302348,39.977135,2024,5,11,"US","HUMAN_OBSERVATION","Harbouria trachypleura"
"4875081061","Harbouria trachypleura",-105.338948,39.767065,2024,6,1,"US","HUMAN_OBSERVATION","Harbouria trachypleura"
"4875573485","Harbouria trachypleura",-105.17033,39.694593,2024,6,3,"US","HUMAN_OBSERVATION","Harbouria trachypleura"
"5007875827","Harbouria trachypleura",-105.492713,39.888333,2024,6,3,"US","HUMAN_OBSERVATION","Harbouria trachypleura"
"4974007931","Harbouria trachypleura",-105.397111,40.684136,2024,6,1,"US","HUMAN_OBSERVATION","Harbouria trachypleura"
"4974011063","Harbouria trachypleura",-105.614399,40.335813,2024,6,3,"US","HUMAN_OBSERVATION","Harbouria trachypleura"
"4892001286","Harbouria trachypleura",-105.417461,39.779961,2024,6,3,"US","HUMAN_OBSERVATION","Harbouria trachypleura"
"4891743993","Harbouria trachypleura",-105.423367,39.780211,2024,6,5,"US","HUMAN_OBSERVATION","Harbouria trachypleura"
"4891976961","Harbouria trachypleura",-105.531957,40.426979,2024,6,6,"US","HUMAN_OBSERVATION","Harbouria trachypleura"
"4980382555","Harbouria trachypleura",-105.526912,40.369098,2024,6,9,"US","HUMAN_OBSERVATION","Harbouria trachypleura"
"4974174268","Harbouria trachypleura",-105.594353,40.327415,2024,6,11,"US","HUMAN_OBSERVATION","Harbouria trachypleura"
"4909226387","Harbouria trachypleura",-105.246921,41.156441,2024,6,7,"US","HUMAN_OBSERVATION","Harbouria trachypleura"
"5008047276","Harbouria trachypleura",-105.394775,39.96112,2024,6,3,"US","HUMAN_OBSERVATION","Harbouria trachypleura"
"4902052458","Harbouria trachypleura",-105.252663,39.76624,2024,6,10,"US","HUMAN_OBSERVATION","Harbouria trachypleura"
"4901882554","Harbouria trachypleura",-105.253997,38.959056,2024,6,13,"US","HUMAN_OBSERVATION","Harbouria trachypleura"
"5007875935","Harbouria trachypleura",-105.529137,40.170703,2024,6,15,"US","HUMAN_OBSERVATION","Harbouria trachypleura"
"4901616022","Harbouria trachypleura",-105.362358,41.152489,2024,6,6,"US","HUMAN_OBSERVATION","Harbouria trachypleura"
"4902113885","Harbouria trachypleura",-105.609467,40.3661,2024,6,18,"US","HUMAN_OBSERVATION","Harbouria trachypleura"
"4901293897","Harbouria trachypleura",-105.490714,40.769278,2024,6,18,"US","HUMAN_OBSERVATION","Harbouria trachypleura"
"5007755452","Harbouria trachypleura",-105.442087,40.149589,2024,6,24,"US","HUMAN_OBSERVATION","Harbouria trachypleura"
"4903875820","Harbouria trachypleura",-105.178489,39.703669,2024,6,2,"US","HUMAN_OBSERVATION","Harbouria trachypleura"
"4903978745","Harbouria trachypleura",-105.345061,39.770779,2024,6,28,"US","HUMAN_OBSERVATION","Harbouria trachypleura"
"4904159827","Harbouria trachypleura",-105.166551,39.708753,2024,6,28,"US","HUMAN_OBSERVATION","Harbouria trachypleura"
"4987758561","Harbouria trachypleura",-105.480211,40.78469,2024,6,20,"US","HUMAN_OBSERVATION","Harbouria trachypleura"
"4904286988","Harbouria trachypleura",-105.293259,40.20619,2024,6,29,"US","HUMAN_OBSERVATION","Harbouria trachypleura"
"4978547560","Harbouria trachypleura",-105.45585,40.610931,2024,6,11,"US","HUMAN_OBSERVATION","Harbouria trachypleura"
"5007858400","Harbouria trachypleura",-105.294647,39.926587,2024,6,24,"US","HUMAN_OBSERVATION","Harbouria trachypleura"
"4952754002","Harbouria trachypleura",-105.277225,39.93817,2024,6,3,"US","HUMAN_OBSERVATION","Harbouria trachypleura"
"4954725753","Harbouria trachypleura",-105.64367,40.411033,2024,7,10,"US","HUMAN_OBSERVATION","Harbouria trachypleura"
"5007233412","Harbouria trachypleura",-105.304478,40.012032,2024,8,24,"US","HUMAN_OBSERVATION","Harbouria trachypleura"
"4936809925","Harbouria trachypleura",-105.288588,39.996863,2024,8,24,"US","HUMAN_OBSERVATION","Harbouria trachypleura"
"4952246488","Harbouria trachypleura",-105.179954,39.710626,2024,10,2,"US","HUMAN_OBSERVATION","Harbouria trachypleura"
"4978278178","Harbouria trachypleura",-105.125995,40.482113,2023,4,28,"US","HUMAN_OBSERVATION","Harbouria trachypleura"
"4103019593","Harbouria trachypleura",-105.298258,40.147535,2023,5,1,"US","HUMAN_OBSERVATION","Harbouria trachypleura"
"4111739253","Harbouria trachypleura",-105.177502,39.694798,2023,5,4,"US","HUMAN_OBSERVATION","Harbouria trachypleura"
"4116133071","Harbouria trachypleura",-105.29987,40.152313,2023,5,7,"US","HUMAN_OBSERVATION","Harbouria trachypleura"
"4978620025","Harbouria trachypleura",-105.28674,40.364676,2023,5,14,"US","HUMAN_OBSERVATION","Harbouria trachypleura"
"4121307652","Harbouria trachypleura",-105.298338,40.153905,2023,5,15,"US","HUMAN_OBSERVATION","Harbouria trachypleura"
"4121331310","Harbouria trachypleura",-105.611229,40.69671,2023,5,18,"US","HUMAN_OBSERVATION","Harbouria trachypleura"
"4978345021","Harbouria trachypleura",-105.610314,40.696697,2023,5,20,"US","HUMAN_OBSERVATION","Harbouria trachypleura"
"4978528615","Harbouria trachypleura",-105.610161,40.695267,2023,5,20,"US","HUMAN_OBSERVATION","Harbouria trachypleura"
"4120967146","Harbouria trachypleura",-105.301637,40.223194,2023,5,14,"US","HUMAN_OBSERVATION","Harbouria trachypleura"
"4127115675","Harbouria trachypleura",-105.28218,39.965528,2023,5,20,"US","HUMAN_OBSERVATION","Harbouria trachypleura"
"4126928012","Harbouria trachypleura",-105.166625,39.694514,2023,5,25,"US","HUMAN_OBSERVATION","Harbouria trachypleura"
"4127327710","Harbouria trachypleura",-105.1661,39.692214,2023,5,25,"US","HUMAN_OBSERVATION","Harbouria trachypleura"
"4127331364","Harbouria trachypleura",-105.166564,39.695889,2023,5,25,"US","HUMAN_OBSERVATION","Harbouria trachypleura"
"4126934966","Harbouria trachypleura",-105.291758,39.82015,2023,5,28,"US","HUMAN_OBSERVATION","Harbouria trachypleura"
"4978427242","Harbouria trachypleura",-105.172462,40.95708,2023,5,28,"US","HUMAN_OBSERVATION","Harbouria trachypleura"
"4129978816","Harbouria trachypleura",-105.179253,39.702683,2023,5,26,"US","HUMAN_OBSERVATION","Harbouria trachypleura"
"4129676625","Harbouria trachypleura",-105.178514,39.703675,2023,5,26,"US","HUMAN_OBSERVATION","Harbouria trachypleura"
"4127363798","Harbouria trachypleura",-105.301289,40.206676,2023,5,29,"US","HUMAN_OBSERVATION","Harbouria trachypleura"
"4129720513","Harbouria trachypleura",-105.346922,39.771483,2023,5,30,"US","HUMAN_OBSERVATION","Harbouria trachypleura"
"4978502214","Harbouria trachypleura",-105.348219,40.663057,2023,5,30,"US","HUMAN_OBSERVATION","Harbouria trachypleura"
"4978593725","Harbouria trachypleura",-105.348219,40.663057,2023,5,30,"US","HUMAN_OBSERVATION","Harbouria trachypleura"
"4978564309","Harbouria trachypleura",-105.188872,40.549392,2023,5,29,"US","HUMAN_OBSERVATION","Harbouria trachypleura"
"4978208545","Harbouria trachypleura",-105.187839,40.562664,2023,6,3,"US","HUMAN_OBSERVATION","Harbouria trachypleura"
"4416874532","Harbouria trachypleura",-105.250267,39.768067,2023,6,1,"US","HUMAN_OBSERVATION","Harbouria trachypleura"
"4978463080","Harbouria trachypleura",-105.52472,40.733688,2023,6,6,"US","HUMAN_OBSERVATION","Harbouria trachypleura"
"4978632909","Harbouria trachypleura",-105.633998,40.692888,2023,6,7,"US","HUMAN_OBSERVATION","Harbouria trachypleura"
"4978541390","Harbouria trachypleura",-105.61845,40.697262,2023,6,7,"US","HUMAN_OBSERVATION","Harbouria trachypleura"
"4993825235","Harbouria trachypleura",-105.345148,40.017863,2023,6,7,"US","HUMAN_OBSERVATION","Harbouria trachypleura"
"4133827842","Harbouria trachypleura",-105.09455,40.976881,2023,6,7,"US","HUMAN_OBSERVATION","Harbouria trachypleura"
"4416948541","Harbouria trachypleura",-105.246306,39.731141,2023,6,10,"US","HUMAN_OBSERVATION","Harbouria trachypleura"
"4134052102","Harbouria trachypleura",-105.541306,40.695797,2023,6,10,"US","HUMAN_OBSERVATION","Harbouria trachypleura"
"4978208548","Harbouria trachypleura",-105.370325,40.952819,2023,6,7,"US","HUMAN_OBSERVATION","Harbouria trachypleura"
"4134208392","Harbouria trachypleura",-105.227943,39.716525,2023,6,9,"US","HUMAN_OBSERVATION","Harbouria trachypleura"
"5008217918","Harbouria trachypleura",-105.310426,39.992279,2023,6,15,"US","HUMAN_OBSERVATION","Harbouria trachypleura"
"4978260523","Harbouria trachypleura",-105.429919,40.396942,2023,6,10,"US","HUMAN_OBSERVATION","Harbouria trachypleura"
"5007957531","Harbouria trachypleura",-105.481336,40.208888,2023,6,18,"US","HUMAN_OBSERVATION","Harbouria trachypleura"
"4138322825","Harbouria trachypleura",-105.471939,39.957249,2023,6,18,"US","HUMAN_OBSERVATION","Harbouria trachypleura"
"5007916926","Harbouria trachypleura",-105.322075,39.983228,2023,6,20,"US","HUMAN_OBSERVATION","Harbouria trachypleura"
"4863426071","Harbouria trachypleura",-105.285305,39.548218,2023,6,21,"US","HUMAN_OBSERVATION","Harbouria trachypleura"
"4978515557","Harbouria trachypleura",-105.491165,40.4324,2023,6,19,"US","HUMAN_OBSERVATION","Harbouria trachypleura"
"4978191680","Harbouria trachypleura",-105.577691,40.334708,2023,6,22,"US","HUMAN_OBSERVATION","Harbouria trachypleura"
"4978474407","Harbouria trachypleura",-105.622986,40.322152,2023,6,23,"US","HUMAN_OBSERVATION","Harbouria trachypleura"
"4153726694","Harbouria trachypleura",-105.159608,39.68932,2023,6,23,"US","HUMAN_OBSERVATION","Harbouria trachypleura"
"4413663637","Harbouria trachypleura",-105.246575,39.73563,2023,6,23,"US","HUMAN_OBSERVATION","Harbouria trachypleura"
"4138742536","Harbouria trachypleura",-105.382062,39.496915,2023,6,21,"US","HUMAN_OBSERVATION","Harbouria trachypleura"
"4137777558","Harbouria trachypleura",-105.419799,39.84143,2023,6,23,"US","HUMAN_OBSERVATION","Harbouria trachypleura"
"4606629429","Harbouria trachypleura",-105.687135,40.42304,2023,6,21,"US","HUMAN_OBSERVATION","Harbouria trachypleura"
"5007731067","Harbouria trachypleura",-105.319477,39.98298,2023,6,26,"US","HUMAN_OBSERVATION","Harbouria trachypleura"
"5007733005","Harbouria trachypleura",-105.397567,39.971818,2023,6,27,"US","HUMAN_OBSERVATION","Harbouria trachypleura"
"4978427273","Harbouria trachypleura",-105.616608,40.373213,2023,6,21,"US","HUMAN_OBSERVATION","Harbouria trachypleura"
"4978226291","Harbouria trachypleura",-105.546203,40.787955,2023,6,23,"US","HUMAN_OBSERVATION","Harbouria trachypleura"
"4987520921","Harbouria trachypleura",-105.233585,39.633084,2023,6,28,"US","HUMAN_OBSERVATION","Harbouria trachypleura"
"5007855807","Harbouria trachypleura",-105.309131,39.996764,2023,6,15,"US","HUMAN_OBSERVATION","Harbouria trachypleura"
"5008008370","Harbouria trachypleura",-105.310426,39.992279,2023,6,15,"US","HUMAN_OBSERVATION","Harbouria trachypleura"
"4901492563","Harbouria trachypleura",-105.375149,39.498951,2023,6,26,"US","HUMAN_OBSERVATION","Harbouria trachypleura"
"5006945513","Harbouria trachypleura",-105.536233,40.326187,2023,6,25,"US","HUMAN_OBSERVATION","Harbouria trachypleura"
"5007524787","Harbouria trachypleura",-105.363563,39.741375,2023,6,17,"US","HUMAN_OBSERVATION","Harbouria trachypleura"
"4850961874","Harbouria trachypleura",-105.3677,39.8036,2023,6,6,"US","PRESERVED_SPECIMEN","Harbouria trachypleura"
"4904466757","Harbouria trachypleura",-105.23814,40.59325,2023,6,6,"US","PRESERVED_SPECIMEN","Harbouria trachypleura"
"4533916354","Harbouria trachypleura",-105.363845,39.813061,2023,6,23,"US","PRESERVED_SPECIMEN","Harbouria trachypleura"
"4903693588","Harbouria trachypleura",-105.36781,39.80361,2023,6,6,"US","PRESERVED_SPECIMEN","Harbouria trachypleura"
"4603467353","Harbouria trachypleura",-105.363845,39.813061,2023,6,23,"US","PRESERVED_SPECIMEN","Harbouria trachypleura"
"4153600930","Harbouria trachypleura",-105.338758,39.767239,2023,7,7,"US","HUMAN_OBSERVATION","Harbouria trachypleura"
"4512136029","Harbouria trachypleura",-105.510178,39.976262,2023,7,9,"US","HUMAN_OBSERVATION","Harbouria trachypleura"
"4162086963","Harbouria trachypleura",-105.375353,39.498742,2023,7,11,"US","HUMAN_OBSERVATION","Harbouria trachypleura"
"4162339339","Harbouria trachypleura",-105.608753,38.052581,2023,7,7,"US","HUMAN_OBSERVATION","Harbouria trachypleura"
"4413400728","Harbouria trachypleura",-105.802345,35.795782,2023,7,16,"US","HUMAN_OBSERVATION","Harbouria trachypleura"
"4414064702","Harbouria trachypleura",-105.126304,39.366364,2023,9,9,"US","HUMAN_OBSERVATION","Harbouria trachypleura"
"4413885019","Harbouria trachypleura",-105.270546,40.014986,2023,9,12,"US","HUMAN_OBSERVATION","Harbouria trachypleura"
"3764325981","Harbouria trachypleura",-105.295647,40.07406,2022,4,25,"US","HUMAN_OBSERVATION","Harbouria trachypleura"
"3764184170","Harbouria trachypleura",-105.315891,40.150787,2022,4,26,"US","HUMAN_OBSERVATION","Harbouria trachypleura"
"3773072584","Harbouria trachypleura",-105.314888,40.150144,2022,4,26,"US","HUMAN_OBSERVATION","Harbouria trachypleura"
"4976252110","Harbouria trachypleura",-105.242897,40.468737,2022,5,1,"US","HUMAN_OBSERVATION","Harbouria trachypleura"
"4976465946","Harbouria trachypleura",-105.300737,40.64398,2022,5,6,"US","HUMAN_OBSERVATION","Harbouria trachypleura"
"3772731772","Harbouria trachypleura",-105.165931,39.691661,2022,5,8,"US","HUMAN_OBSERVATION","Harbouria trachypleura"
"4974175399","Harbouria trachypleura",-105.181389,40.565278,2022,5,9,"US","HUMAN_OBSERVATION","Harbouria trachypleura"
"3772730187","Harbouria trachypleura",-105.298341,40.116469,2022,5,11,"US","HUMAN_OBSERVATION","Harbouria trachypleura"
"4424481455","Harbouria trachypleura",-105.200455,39.695008,2022,5,16,"US","HUMAN_OBSERVATION","Harbouria trachypleura"
"5007958412","Harbouria trachypleura",-105.27752,39.952937,2022,5,17,"US","HUMAN_OBSERVATION","Harbouria trachypleura"
"3802654653","Harbouria trachypleura",-105.412651,40.313094,2022,5,19,"US","HUMAN_OBSERVATION","Harbouria trachypleura"
"3802797384","Harbouria trachypleura",-105.166625,39.694533,2022,5,19,"US","HUMAN_OBSERVATION","Harbouria trachypleura"
"3802511543","Harbouria trachypleura",-105.295004,40.112909,2022,5,23,"US","HUMAN_OBSERVATION","Harbouria trachypleura"
"3802566433","Harbouria trachypleura",-105.295004,40.112909,2022,5,23,"US","HUMAN_OBSERVATION","Harbouria trachypleura"
"4978554155","Harbouria trachypleura",-105.607805,40.375114,2022,5,27,"US","HUMAN_OBSERVATION","Harbouria trachypleura"
"4974156957","Harbouria trachypleura",-105.61767,40.349922,2022,5,31,"US","HUMAN_OBSERVATION","Harbouria trachypleura"
"4987850110","Harbouria trachypleura",-105.281639,40.10516,2022,5,28,"US","HUMAN_OBSERVATION","Harbouria trachypleura"
"4976663084","Harbouria trachypleura",-105.507254,40.431094,2022,6,2,"US","HUMAN_OBSERVATION","Harbouria trachypleura"
"3860147524","Harbouria trachypleura",-105.128867,40.477825,2022,6,2,"US","HUMAN_OBSERVATION","Harbouria trachypleura"
"4973924965","Harbouria trachypleura",-105.090904,40.978939,2022,6,8,"US","HUMAN_OBSERVATION","Harbouria trachypleura"
"3858502445","Harbouria trachypleura",-105.091255,40.972992,2022,6,10,"US","HUMAN_OBSERVATION","Harbouria trachypleura"
"4974067535","Harbouria trachypleura",-105.588149,40.568224,2022,6,11,"US","HUMAN_OBSERVATION","Harbouria trachypleura"
"4974276404","Harbouria trachypleura",-105.091324,40.973064,2022,6,10,"US","HUMAN_OBSERVATION","Harbouria trachypleura"
"3859029337","Harbouria trachypleura",-105.298196,40.1536,2022,6,18,"US","HUMAN_OBSERVATION","Harbouria trachypleura"
"3860064448","Harbouria trachypleura",-105.509821,39.97756,2022,6,20,"US","HUMAN_OBSERVATION","Harbouria trachypleura"
"3947188063","Harbouria trachypleura",-105.281358,40.105769,2022,6,19,"US","HUMAN_OBSERVATION","Harbouria trachypleura"
"4994094177","Harbouria trachypleura",-105.382747,39.749603,2022,6,26,"US","HUMAN_OBSERVATION","Harbouria trachypleura"
"3903065543","Harbouria trachypleura",-105.446631,39.876976,2022,9,5,"US","HUMAN_OBSERVATION","Harbouria trachypleura"
"4500455900","Harbouria trachypleura",-106.091317,41.164367,2022,9,1,"US","HUMAN_OBSERVATION","Harbouria trachypleura"
"3915595810","Harbouria trachypleura",-105.326181,40.226521,2022,9,23,"US","HUMAN_OBSERVATION","Harbouria trachypleura"
"3112350200","Harbouria trachypleura",-105.120516,40.262355,2021,4,30,"US","HUMAN_OBSERVATION","Harbouria trachypleura"
"3416004581","Harbouria trachypleura",-102.932211,37.524968,2021,5,12,"US","HUMAN_OBSERVATION","Harbouria trachypleura"
"3413102500","Harbouria trachypleura",-102.9691,37.45824,2021,5,12,"US","PRESERVED_SPECIMEN","Harbouria trachypleura"
"3113552808","Harbouria trachypleura",-105.211245,39.901934,2021,5,7,"US","HUMAN_OBSERVATION","Harbouria trachypleura"
"4424077392","Harbouria trachypleura",-105.237106,39.728085,2021,5,13,"US","HUMAN_OBSERVATION","Harbouria trachypleura"
"4424516345","Harbouria trachypleura",-105.183167,39.708797,2021,5,15,"US","HUMAN_OBSERVATION","Harbouria trachypleura"
"4424165366","Harbouria trachypleura",-105.183158,39.708589,2021,5,15,"US","HUMAN_OBSERVATION","Harbouria trachypleura"
"4424112400","Harbouria trachypleura",-105.181594,39.708003,2021,5,15,"US","HUMAN_OBSERVATION","Harbouria trachypleura"
"4978471589","Harbouria trachypleura",-105.163847,40.503557,2021,5,19,"US","HUMAN_OBSERVATION","Harbouria trachypleura"
"3118342788","Harbouria trachypleura",-105.282333,39.98618,2021,5,20,"US","HUMAN_OBSERVATION","Harbouria trachypleura"
"4976290059","Harbouria trachypleura",-105.080497,40.981694,2021,5,20,"US","HUMAN_OBSERVATION","Harbouria trachypleura"
"3124578009","Harbouria trachypleura",-105.269722,39.941624,2021,5,20,"US","HUMAN_OBSERVATION","Harbouria trachypleura"
"3124893777","Harbouria trachypleura",-105.25505,39.771853,2021,5,25,"US","HUMAN_OBSERVATION","Harbouria trachypleura"
"4976234249","Harbouria trachypleura",-105.219872,40.366388,2021,5,23,"US","HUMAN_OBSERVATION","Harbouria trachypleura"
"3747239405","Harbouria trachypleura",-105.254055,39.773736,2021,5,24,"US","HUMAN_OBSERVATION","Harbouria trachypleura"
"4978368402","Harbouria trachypleura",-105.176628,40.563848,2021,5,31,"US","HUMAN_OBSERVATION","Harbouria trachypleura"
"4424080341","Harbouria trachypleura",-105.249262,39.762744,2021,5,24,"US","HUMAN_OBSERVATION","Harbouria trachypleura"
"3747078801","Harbouria trachypleura",-105.294989,39.510564,2021,6,16,"US","HUMAN_OBSERVATION","Harbouria trachypleura"
"3881369415","Harbouria trachypleura",-105.397487,39.896867,2021,6,16,"US","HUMAN_OBSERVATION","Harbouria trachypleura"
"4027072931","Harbouria trachypleura",-105.397323,39.899266,2021,6,16,"US","PRESERVED_SPECIMEN","Harbouria trachypleura"
"4981286607","Harbouria trachypleura",-105.397323,39.899266,2021,6,16,"US","MATERIAL_SAMPLE","Harbouria trachypleura"
"3764202372","Harbouria trachypleura",-105.270546,40.014986,2021,6,2,"US","HUMAN_OBSERVATION","Harbouria trachypleura"
"4126767839","Harbouria trachypleura",-105.202625,39.907067,2021,6,2,"US","HUMAN_OBSERVATION","Harbouria trachypleura"
"3302512409","Harbouria trachypleura",-105.268726,39.955676,2021,6,3,"US","HUMAN_OBSERVATION","Harbouria trachypleura"
"3307279452","Harbouria trachypleura",-105.29011,40.212591,2021,6,6,"US","HUMAN_OBSERVATION","Harbouria trachypleura"
"3307293554","Harbouria trachypleura",-105.285797,40.418686,2021,6,4,"US","HUMAN_OBSERVATION","Harbouria trachypleura"
"3415472607","Harbouria trachypleura",-105.287994,39.984299,2021,6,9,"US","HUMAN_OBSERVATION","Harbouria trachypleura"
"4978474165","Harbouria trachypleura",-105.814675,40.906076,2021,6,8,"US","HUMAN_OBSERVATION","Harbouria trachypleura"
"3307197511","Harbouria trachypleura",-105.177439,39.703275,2021,6,11,"US","HUMAN_OBSERVATION","Harbouria trachypleura"
"3307339760","Harbouria trachypleura",-105.179243,39.702768,2021,6,11,"US","HUMAN_OBSERVATION","Harbouria trachypleura"
"3415663641","Harbouria trachypleura",-105.378294,39.848398,2021,6,17,"US","HUMAN_OBSERVATION","Harbouria trachypleura"
"4424402393","Harbouria trachypleura",-105.247633,39.731669,2021,6,18,"US","HUMAN_OBSERVATION","Harbouria trachypleura"
"4978244645","Harbouria trachypleura",-105.079994,40.973677,2021,6,17,"US","HUMAN_OBSERVATION","Harbouria trachypleura"
"3314166867","Harbouria trachypleura",-105.364822,40.26981,2021,6,19,"US","HUMAN_OBSERVATION","Harbouria trachypleura"
"4994356366","Harbouria trachypleura",-105.449592,40.361622,2021,6,19,"US","HUMAN_OBSERVATION","Harbouria trachypleura"
"4978379884","Harbouria trachypleura",-105.093278,40.979964,2021,6,30,"US","HUMAN_OBSERVATION","Harbouria trachypleura"
"3321283549","Harbouria trachypleura",-105.450203,41.298503,2021,6,28,"US","HUMAN_OBSERVATION","Harbouria trachypleura"
"4068977266","Harbouria trachypleura",-105.38496,39.74502,2021,7,3,"US","PRESERVED_SPECIMEN","Harbouria trachypleura"
"3415943718","Harbouria trachypleura",-105.209111,39.646961,2021,7,4,"US","HUMAN_OBSERVATION","Harbouria trachypleura"
"4978159527","Harbouria trachypleura",-105.603813,40.321812,2021,7,22,"US","HUMAN_OBSERVATION","Harbouria trachypleura"
"4976192138","Harbouria trachypleura",-105.561462,40.866383,2021,7,25,"US","HUMAN_OBSERVATION","Harbouria trachypleura"
"4978248245","Harbouria trachypleura",-105.561172,40.867253,2021,7,25,"US","HUMAN_OBSERVATION","Harbouria trachypleura"
"3415926718","Harbouria trachypleura",-105.28952,40.209145,2021,7,27,"US","HUMAN_OBSERVATION","Harbouria trachypleura"
"3759862211","Harbouria trachypleura",-105.74118,35.54342,2021,8,31,"US","HUMAN_OBSERVATION","Harbouria trachypleura"
"2611258511","Harbouria trachypleura",-105.29796,40.020137,2020,4,24,"US","HUMAN_OBSERVATION","Harbouria trachypleura"
"2611229042","Harbouria trachypleura",-105.281161,40.105354,2020,4,25,"US","HUMAN_OBSERVATION","Harbouria trachypleura"
"2611231927","Harbouria trachypleura",-105.300968,40.206545,2020,4,26,"US","HUMAN_OBSERVATION","Harbouria trachypleura"
"2626227762","Harbouria trachypleura",-105.2995,40.211195,2020,4,27,"US","HUMAN_OBSERVATION","Harbouria trachypleura"
"4978490772","Harbouria trachypleura",-105.290596,40.427519,2020,4,19,"US","HUMAN_OBSERVATION","Harbouria trachypleura"
"5006733164","Harbouria trachypleura",-105.310355,39.996492,2020,5,17,"US","HUMAN_OBSERVATION","Harbouria trachypleura"
"4424377334","Harbouria trachypleura",-105.18055,39.707561,2020,5,2,"US","HUMAN_OBSERVATION","Harbouria trachypleura"
"4424382324","Harbouria trachypleura",-105.184075,39.70765,2020,5,2,"US","HUMAN_OBSERVATION","Harbouria trachypleura"
"3747326356","Harbouria trachypleura",-105.382072,39.741346,2020,5,1,"US","HUMAN_OBSERVATION","Harbouria trachypleura"
"3031786380","Harbouria trachypleura",-105.313691,40.139611,2020,5,5,"US","HUMAN_OBSERVATION","Harbouria trachypleura"
"2641498929","Harbouria trachypleura",-105.549433,39.946274,2020,6,4,"US","HUMAN_OBSERVATION","Harbouria trachypleura"
"4978143102","Harbouria trachypleura",-105.633535,40.846925,2020,6,11,"US","HUMAN_OBSERVATION","Harbouria trachypleura"
"4978165119","Harbouria trachypleura",-105.571431,40.360372,2020,6,18,"US","HUMAN_OBSERVATION","Harbouria trachypleura"
"4068964051","Harbouria trachypleura",-106.17899,41.32321,2020,7,13,"US","PRESERVED_SPECIMEN","Harbouria trachypleura"
"4068981612","Harbouria trachypleura",-105.293335,40.886665,2020,7,14,"US","PRESERVED_SPECIMEN","Harbouria trachypleura"
"4068963925","Harbouria trachypleura",-105.166634,39.358969,2020,7,15,"US","PRESERVED_SPECIMEN","Harbouria trachypleura"
"4069028819","Harbouria trachypleura",-106.17899,41.32321,2020,7,13,"US","PRESERVED_SPECIMEN","Harbouria trachypleura"
"4069026907","Harbouria trachypleura",-105.293335,40.886665,2020,7,14,"US","PRESERVED_SPECIMEN","Harbouria trachypleura"
"2238815642","Harbouria trachypleura",-105.127543,40.480375,2019,4,26,"US","HUMAN_OBSERVATION","Harbouria trachypleura"
"4126804606","Harbouria trachypleura",-105.165894,39.692005,2019,4,27,"US","HUMAN_OBSERVATION","Harbouria trachypleura"
"2238959440","Harbouria trachypleura",-105.299131,40.028525,2019,4,28,"US","HUMAN_OBSERVATION","Harbouria trachypleura"
"4126805031","Harbouria trachypleura",-105.206741,39.904598,2019,5,31,"US","HUMAN_OBSERVATION","Harbouria trachypleura"
"2467784532","Harbouria trachypleura",-104.533316,35.868494,2019,5,31,"US","PRESERVED_SPECIMEN","Harbouria trachypleura"
"4978602758","Harbouria trachypleura",-105.24057,40.70076,2019,5,26,"US","HUMAN_OBSERVATION","Harbouria trachypleura"
"2269225797","Harbouria trachypleura",-105.432487,40.688016,2019,5,31,"US","HUMAN_OBSERVATION","Harbouria trachypleura"
"4976432683","Harbouria trachypleura",-105.324906,40.689933,2019,5,29,"US","HUMAN_OBSERVATION","Harbouria trachypleura"
"4994518812","Harbouria trachypleura",-105.282258,39.992897,2019,5,25,"US","HUMAN_OBSERVATION","Harbouria trachypleura"
"4994160874","Harbouria trachypleura",-105.28215,39.99342,2019,5,25,"US","HUMAN_OBSERVATION","Harbouria trachypleura"
"3455243802","Harbouria trachypleura",-105.343307,40.694629,2019,5,31,"US","HUMAN_OBSERVATION","Harbouria trachypleura"
"4978400075","Harbouria trachypleura",-105.310685,40.692754,2019,6,11,"US","HUMAN_OBSERVATION","Harbouria trachypleura"
"2265884131","Harbouria trachypleura",-105.313319,40.70737,2019,6,3,"US","HUMAN_OBSERVATION","Harbouria trachypleura"
"4976192071","Harbouria trachypleura",-105.089508,40.972159,2019,6,18,"US","HUMAN_OBSERVATION","Harbouria trachypleura"
"3991364583","Harbouria trachypleura",-102.96732,37.44038,2019,6,13,"US","PRESERVED_SPECIMEN","Harbouria trachypleura"
"4976384568","Harbouria trachypleura",-105.176878,40.564092,2019,6,3,"US","HUMAN_OBSERVATION","Harbouria trachypleura"
"3031995957","Harbouria trachypleura",-105.505619,40.646261,2019,6,1,"US","HUMAN_OBSERVATION","Harbouria trachypleura"
"4981285221","Harbouria trachypleura",-102.96732,37.44038,2019,6,13,"US","MATERIAL_SAMPLE","Harbouria trachypleura"
"2620090340","Harbouria trachypleura",-105.298287,40.074699,2018,4,29,"US","HUMAN_OBSERVATION","Harbouria trachypleura"
"1841256354","Harbouria trachypleura",-105.298037,40.075922,2018,4,29,"US","HUMAN_OBSERVATION","Harbouria trachypleura"
"1847426432","Harbouria trachypleura",-105.294363,40.033881,2018,4,29,"US","HUMAN_OBSERVATION","Harbouria trachypleura"
"4978149834","Harbouria trachypleura",-105.589831,40.358359,2018,5,14,"US","HUMAN_OBSERVATION","Harbouria trachypleura"
"3415503328","Harbouria trachypleura",-105.294713,39.914153,2018,5,31,"US","HUMAN_OBSERVATION","Harbouria trachypleura"
"4978447004","Harbouria trachypleura",-105.339,40.6914,2018,5,18,"US","HUMAN_OBSERVATION","Harbouria trachypleura"
"4978212786","Harbouria trachypleura",-105.286736,40.695508,2018,5,17,"US","HUMAN_OBSERVATION","Harbouria trachypleura"
"4978421579","Harbouria trachypleura",-105.479729,40.720586,2018,5,13,"US","HUMAN_OBSERVATION","Harbouria trachypleura"
"2423924030","Harbouria trachypleura",-105.265535,39.338589,2018,5,31,"US","PRESERVED_SPECIMEN","Harbouria trachypleura"
"2432122582","Harbouria trachypleura",-105.2662,39.3384,2018,5,31,"US","PRESERVED_SPECIMEN","Harbouria trachypleura"
"3798128835","Harbouria trachypleura",-105.16,40.6,2017,6,5,"US","PRESERVED_SPECIMEN","Harbouria trachypleura"
"3892729678","Harbouria trachypleura",-105.323049,39.880695,2017,7,7,"US","PRESERVED_SPECIMEN","Harbouria trachypleura"
"3892729675","Harbouria trachypleura",-105.323049,39.880695,2017,7,7,"US","PRESERVED_SPECIMEN","Harbouria trachypleura"
"1703167220","Harbouria trachypleura",-105.311272,40.692277,2017,9,18,"US","HUMAN_OBSERVATION","Harbouria trachypleura"
"2242354132","Harbouria trachypleura",-105.202824,39.707914,2016,5,21,"US","PRESERVED_SPECIMEN","Harbouria trachypleura"
"2242354320","Harbouria trachypleura",-105.261155,39.898024,2016,5,29,"US","PRESERVED_SPECIMEN","Harbouria trachypleura"
"2422516419","Harbouria trachypleura",-105.20281,39.70789,2016,5,21,"US","PRESERVED_SPECIMEN","Harbouria trachypleura"
"2270223187","Harbouria trachypleura",-105.202824,39.707914,2016,5,21,"US","PRESERVED_SPECIMEN","Harbouria trachypleura"
"2634386243","Harbouria trachypleura",-105.266465,39.607563,2016,5,28,"US","HUMAN_OBSERVATION","Harbouria trachypleura"
"2242354676","Harbouria trachypleura",-105.273666,39.894296,2016,6,10,"US","PRESERVED_SPECIMEN","Harbouria trachypleura"
"2242354236","Harbouria trachypleura",-105.219181,39.7344,2016,6,15,"US","PRESERVED_SPECIMEN","Harbouria trachypleura"
"2573560072","Harbouria trachypleura",-105.273666,39.894296,2016,6,10,"US","PRESERVED_SPECIMEN","Harbouria trachypleura"
"2270492498","Harbouria trachypleura",-105.370333,41.26675,2016,7,28,"US","PRESERVED_SPECIMEN","Harbouria trachypleura"
"2573561090","Harbouria trachypleura",-105.26821,40.19758,2016,7,1,"US","PRESERVED_SPECIMEN","Harbouria trachypleura"
"3892729683","Harbouria trachypleura",-105.270546,40.014986,2015,6,2,"US","PRESERVED_SPECIMEN","Harbouria trachypleura"
"2573435007","Harbouria trachypleura",-105.271683,39.9609,2015,6,1,"US","PRESERVED_SPECIMEN","Harbouria trachypleura"
"2573341466","Harbouria trachypleura",-105.326883,40.001583,2014,5,26,"US","PRESERVED_SPECIMEN","Harbouria trachypleura"
"3798046001","Harbouria trachypleura",-105.12,40.96,2013,5,25,"US","PRESERVED_SPECIMEN","Harbouria trachypleura"
"3798112554","Harbouria trachypleura",-105.53,40.72,2013,7,24,"US","PRESERVED_SPECIMEN","Harbouria trachypleura"
"3413985325","Harbouria trachypleura",-105.985,41.0853,2013,9,18,"US","PRESERVED_SPECIMEN","Harbouria trachypleura"
"3798046000","Harbouria trachypleura",-105.16,40.95,2012,5,15,"US","PRESERVED_SPECIMEN","Harbouria trachypleura"
"1843914511","Harbouria trachypleura",-105.341,35.77078,2012,6,5,"US","PRESERVED_SPECIMEN","Harbouria trachypleura"
"3892755375","Harbouria trachypleura",-106.088472,39.317778,2012,7,23,"US","PRESERVED_SPECIMEN","Harbouria trachypleura"
"4851215261","Harbouria trachypleura",-105.27749,39.931931,2011,5,29,"US","PRESERVED_SPECIMEN","Harbouria trachypleura"
"3798063708","Harbouria trachypleura",-105.31,40.69,2010,5,25,"US","PRESERVED_SPECIMEN","Harbouria trachypleura"
"3798063707","Harbouria trachypleura",-105.34,40.68,2010,5,27,"US","PRESERVED_SPECIMEN","Harbouria trachypleura"
"2573343045","Harbouria trachypleura",-105.01758,40.98649,2010,6,4,"US","PRESERVED_SPECIMEN","Harbouria trachypleura"
"2573340306","Harbouria trachypleura",-105.172479,40.957982,2010,6,18,"US","PRESERVED_SPECIMEN","Harbouria trachypleura"
"2242387499","Harbouria trachypleura",-105.017582,40.986486,2010,6,4,"US","PRESERVED_SPECIMEN","Harbouria trachypleura"
"2242386761","Harbouria trachypleura",-105.172479,40.957982,2010,6,18,"US","PRESERVED_SPECIMEN","Harbouria trachypleura"
"2573341223","Harbouria trachypleura",-105.05375,40.99219,2010,7,20,"US","PRESERVED_SPECIMEN","Harbouria trachypleura"
"2242388397","Harbouria trachypleura",-105.05375,40.992186,2010,7,20,"US","PRESERVED_SPECIMEN","Harbouria trachypleura"
"3798124944","Harbouria trachypleura",-105.54,40.13,2010,8,7,"US","PRESERVED_SPECIMEN","Harbouria trachypleura"
"2573340338","Harbouria trachypleura",-104.28841,37.79014,2009,6,17,"US","PRESERVED_SPECIMEN","Harbouria trachypleura"
"2576247302","Harbouria trachypleura",-105.248483,39.730122,2009,6,12,"US","HUMAN_OBSERVATION","Harbouria trachypleura"
"3798126066","Harbouria trachypleura",-105.11,40.96,2009,6,27,"US","PRESERVED_SPECIMEN","Harbouria trachypleura"
"2242418503","Harbouria trachypleura",-104.307757,37.806954,2009,6,17,"US","PRESERVED_SPECIMEN","Harbouria trachypleura"
"3798107791","Harbouria trachypleura",-105.32,41.17,2008,6,29,"US","PRESERVED_SPECIMEN","Harbouria trachypleura"
"1929342025","Harbouria trachypleura",-106.0399,41.2507,2008,8,23,"US","PRESERVED_SPECIMEN","Harbouria trachypleura"
"574755796","Harbouria trachypleura",-105.2809,40.106083,2008,10,22,"US","LIVING_SPECIMEN","Harbouria trachypleura"
"4953106293","Harbouria trachypleura",-105.35634,39.625045,2007,6,13,"US","HUMAN_OBSERVATION","Harbouria trachypleura"
"4912145075","Harbouria trachypleura",-106.0541,41.2784,2007,6,2,"US","PRESERVED_SPECIMEN","Harbouria trachypleura"
"3766283103","Harbouria trachypleura",-106.1285,40.9988,2007,6,22,"US","PRESERVED_SPECIMEN","Harbouria trachypleura"
"2573457943","Harbouria trachypleura",-106.0832,41.0296,2007,6,13,"US","PRESERVED_SPECIMEN","Harbouria trachypleura"
"1843911654","Harbouria trachypleura",-104.850556,36.668889,2007,6,9,"US","PRESERVED_SPECIMEN","Harbouria trachypleura"
"1928971080","Harbouria trachypleura",-106.0453,41.1405,2007,6,16,"US","PRESERVED_SPECIMEN","Harbouria trachypleura"
"3125226406","Harbouria trachypleura",-106.0591,41.0335,2007,7,10,"US","PRESERVED_SPECIMEN","Harbouria trachypleura"
"3798136292","Harbouria trachypleura",-105.55,40.8,2006,5,28,"US","PRESERVED_SPECIMEN","Harbouria trachypleura"
"2573340065","Harbouria trachypleura",-105.15106,40.97068,2006,8,25,"US","PRESERVED_SPECIMEN","Harbouria trachypleura"
"1843898119","Harbouria trachypleura",-105.72656,34.19097,2006,9,10,"US","PRESERVED_SPECIMEN","Harbouria trachypleura"
"1843898178","Harbouria trachypleura",-105.7219,34.2658,2006,9,10,"US","PRESERVED_SPECIMEN","Harbouria trachypleura"
"3892751478","Harbouria trachypleura",-104.694722,35.522778,2005,5,9,"US","PRESERVED_SPECIMEN","Harbouria trachypleura"
"3892763280","Harbouria trachypleura",-105.195278,35.516583,2005,5,19,"US","PRESERVED_SPECIMEN","Harbouria trachypleura"
"3892748088","Harbouria trachypleura",-105.239806,35.652056,2005,5,26,"US","PRESERVED_SPECIMEN","Harbouria trachypleura"
"3892741830","Harbouria trachypleura",-105.1325,36.545889,2005,5,30,"US","PRESERVED_SPECIMEN","Harbouria trachypleura"
"3892741667","Harbouria trachypleura",-105.231139,36.172806,2005,5,30,"US","PRESERVED_SPECIMEN","Harbouria trachypleura"
"1843901950","Harbouria trachypleura",-105.195278,35.516583,2005,5,19,"US","PRESERVED_SPECIMEN","Harbouria trachypleura"
"353264158","Harbouria trachypleura",-102.975183,37.461865,2005,6,29,"US","PRESERVED_SPECIMEN","Harbouria trachypleura"
"2573340240","Harbouria trachypleura",-102.974846,37.462034,2005,6,29,"US","PRESERVED_SPECIMEN","Harbouria trachypleura"
"3892763391","Harbouria trachypleura",-105.136889,35.552333,2005,6,13,"US","PRESERVED_SPECIMEN","Harbouria trachypleura"
"3892763488","Harbouria trachypleura",-105.2365,35.968139,2005,6,14,"US","PRESERVED_SPECIMEN","Harbouria trachypleura"
"3892762512","Harbouria trachypleura",-105.2325,36.178028,2005,6,21,"US","PRESERVED_SPECIMEN","Harbouria trachypleura"
"1986955489","Harbouria trachypleura",-105.298333,39.709167,2005,6,13,"US","PRESERVED_SPECIMEN","Harbouria trachypleura"
"1260369757","Harbouria trachypleura",-105.29833,39.70916,2005,6,13,"US","PRESERVED_SPECIMEN","Harbouria trachypleura"
"3892758556","Harbouria trachypleura",-105.239861,35.653528,2005,7,13,"US","PRESERVED_SPECIMEN","Harbouria trachypleura"
"3892756237","Harbouria trachypleura",-104.271667,36.081528,2005,7,28,"US","PRESERVED_SPECIMEN","Harbouria trachypleura"
"4976479043","Harbouria trachypleura",-105.683639,40.342793,2004,5,29,"US","HUMAN_OBSERVATION","Harbouria trachypleura"
"3798101753","Harbouria trachypleura",-105.18,40.31,2004,5,31,"US","PRESERVED_SPECIMEN","Harbouria trachypleura"
"3798098498","Harbouria trachypleura",-105.27,40.92,2004,5,28,"US","PRESERVED_SPECIMEN","Harbouria trachypleura"
"1843895145","Harbouria trachypleura",-105.7412,35.5432,2004,6,14,"US","PRESERVED_SPECIMEN","Harbouria trachypleura"
"3798098741","Harbouria trachypleura",-105.61,40.79,2004,6,23,"US","PRESERVED_SPECIMEN","Harbouria trachypleura"
"3892732809","Harbouria trachypleura",-104.246806,36.06575,2004,7,21,"US","PRESERVED_SPECIMEN","Harbouria trachypleura"
"3356469305","Harbouria trachypleura",-105.451667,36.586944,2004,7,16,"US","PRESERVED_SPECIMEN","Harbouria trachypleura"
"3962309378","Harbouria trachypleura",-105.451667,36.586944,2004,7,16,"US","PRESERVED_SPECIMEN","Harbouria trachypleura"
"3798088727","Harbouria trachypleura",-105.45,40.07,2004,7,3,"US","PRESERVED_SPECIMEN","Harbouria trachypleura"
"3798097164","Harbouria trachypleura",-105.45,40.63,2004,8,14,"US","PRESERVED_SPECIMEN","Harbouria trachypleura"
"3798088446","Harbouria trachypleura",-105.29,40.71,2003,5,23,"US","PRESERVED_SPECIMEN","Harbouria trachypleura"
"3798097276","Harbouria trachypleura",-105.35,40.76,2003,5,24,"US","PRESERVED_SPECIMEN","Harbouria trachypleura"
"3798082164","Harbouria trachypleura",-105.17,40.56,2003,7,10,"US","PRESERVED_SPECIMEN","Harbouria trachypleura"
"3798074724","Harbouria trachypleura",-105.41,40.11,2003,8,10,"US","PRESERVED_SPECIMEN","Harbouria trachypleura"
"4978287063","Harbouria trachypleura",-105.172132,40.853362,2003,10,22,"US","HUMAN_OBSERVATION","Harbouria trachypleura"
"1843890788","Harbouria trachypleura",-105.223897,35.593932,2002,8,26,"US","PRESERVED_SPECIMEN","Harbouria trachypleura"
"3892729681","Harbouria trachypleura",-105.231667,40.671667,2001,4,28,"US","PRESERVED_SPECIMEN","Harbouria trachypleura"
"2573343242","Harbouria trachypleura",-105.209879,40.425984,2001,5,20,"US","PRESERVED_SPECIMEN","Harbouria trachypleura"
"2573341081","Harbouria trachypleura",-105.59864,40.71658,2001,5,26,"US","PRESERVED_SPECIMEN","Harbouria trachypleura"
"3798053016","Harbouria trachypleura",-105.21,40.31,2001,5,18,"US","PRESERVED_SPECIMEN","Harbouria trachypleura"
"3798065413","Harbouria trachypleura",-105.16,40.57,2001,5,28,"US","PRESERVED_SPECIMEN","Harbouria trachypleura"
"3798062863","Harbouria trachypleura",-105.45,40.59,2001,5,25,"US","PRESERVED_SPECIMEN","Harbouria trachypleura"
"3798137530","Harbouria trachypleura",-105.27,40.03,2001,5,23,"US","PRESERVED_SPECIMEN","Harbouria trachypleura"
"3798140526","Harbouria trachypleura",-105.24,40.43,2001,5,26,"US","PRESERVED_SPECIMEN","Harbouria trachypleura"
"1929725381","Harbouria trachypleura",-105.2156,40.4322,2001,5,20,"US","PRESERVED_SPECIMEN","Harbouria trachypleura"
"1930181456","Harbouria trachypleura",-105.489,40.677,2001,5,29,"US","PRESERVED_SPECIMEN","Harbouria trachypleura"
"1258967066","Harbouria trachypleura",-105.2,40.41666,2001,5,20,"US","PRESERVED_SPECIMEN","Harbouria trachypleura"
"3892729633","Harbouria trachypleura",-104.264833,36.123742,2001,7,7,"US","PRESERVED_SPECIMEN","Harbouria trachypleura"
"176954849","Harbouria trachypleura",-105.433333,40.175278,2001,8,8,"US","PRESERVED_SPECIMEN","Harbouria trachypleura"
"3892729640","Harbouria trachypleura",-105.483779,39.892415,2001,8,10,"US","PRESERVED_SPECIMEN","Harbouria trachypleura"
"3798101759","Harbouria trachypleura",-105.28,40.88,2000,4,29,"US","PRESERVED_SPECIMEN","Harbouria trachypleura"
"3892729680","Harbouria trachypleura",-105.33,40.865,2000,5,12,"US","PRESERVED_SPECIMEN","Harbouria trachypleura"
"3798101761","Harbouria trachypleura",-105.31,40.85,2000,5,12,"US","PRESERVED_SPECIMEN","Harbouria trachypleura"
"3798105263","Harbouria trachypleura",-105.44,40.14,2000,5,29,"US","PRESERVED_SPECIMEN","Harbouria trachypleura"
"3798103238","Harbouria trachypleura",-105.29,40.69,2000,5,25,"US","PRESERVED_SPECIMEN","Harbouria trachypleura"
"2242376412","Harbouria trachypleura",-105.373806,39.743719,2000,6,8,"US","PRESERVED_SPECIMEN","Harbouria trachypleura"
"2573342730","Harbouria trachypleura",-106.02625,40.94146,2000,7,27,"US","PRESERVED_SPECIMEN","Harbouria trachypleura"
