"gbifID","species","longitude","latitude","year","month","day","countryCode","basisOfRecord","accepted_name"
"620536850","Heracleum sphondylium",-64.91476,43.86886,2003,8,30,"CA","PRESERVED_SPECIMEN","Heracleum maximum"
"997428559","Heracleum sphondylium",-113.316667,49.183846,1972,6,15,"CA","PRESERVED_SPECIMEN","Heracleum maximum"
"3334461305","Heracleum sphondylium",-90.81978,38.46093,2021,6,15,"US","PRESERVED_SPECIMEN","Heracleum maximum"
"2302013039","Heracleum sphondylium",-94.218014,43.122483,2019,6,9,"US","PRESERVED_SPECIMEN","Heracleum maximum"
"2302013137","Heracleum sphondylium",-94.218014,43.122483,2019,6,9,"US","PRESERVED_SPECIMEN","Heracleum maximum"
"3067041361","Heracleum sphondylium",-104.45122,37.04097,2019,7,26,"US","PRESERVED_SPECIMEN","Heracleum maximum"
"1258066483","Heracleum sphondylium",-90.82,38.4614,2014,5,25,"US","PRESERVED_SPECIMEN","Heracleum maximum"
"3798080971","Heracleum sphondylium",-106.23,38.54,2014,7,2,"US","PRESERVED_SPECIMEN","Heracleum maximum"
"3798112502","Heracleum sphondylium",-105.54,40.73,2013,7,24,"US","PRESERVED_SPECIMEN","Heracleum maximum"
"3776196661","Heracleum sphondylium",-106.9903,38.9562,2013,8,7,"US","PRESERVED_SPECIMEN","Heracleum maximum"
"3776196667","Heracleum sphondylium",-106.9903,38.9562,2013,8,7,"US","PRESERVED_SPECIMEN","Heracleum maximum"
"3776196662","Heracleum sphondylium",-106.9903,38.9562,2013,8,7,"US","PRESERVED_SPECIMEN","Heracleum maximum"
"3776196666","Heracleum sphondylium",-106.9903,38.9562,2013,8,7,"US","PRESERVED_SPECIMEN","Heracleum maximum"
"1257910503","Heracleum sphondylium",-90.8242,38.465,2012,6,8,"US","PRESERVED_SPECIMEN","Heracleum maximum"
"2512333015","Heracleum sphondylium",-108.53423,47.95062,2011,7,17,"US","PRESERVED_SPECIMEN","Heracleum maximum"
"2512285300","Heracleum sphondylium",-103.869614,44.275569,2011,8,19,"US","PRESERVED_SPECIMEN","Heracleum maximum"
"2512288337","Heracleum sphondylium",-103.86536,44.29288,2011,8,19,"US","PRESERVED_SPECIMEN","Heracleum maximum"
"2512288838","Heracleum sphondylium",-103.94062,44.45263,2010,6,8,"US","PRESERVED_SPECIMEN","Heracleum maximum"
"3798060345","Heracleum sphondylium",-105.3,39.11,2010,6,13,"US","PRESERVED_SPECIMEN","Heracleum maximum"
"2512328791","Heracleum sphondylium",-103.751762,44.131275,2010,7,22,"US","PRESERVED_SPECIMEN","Heracleum maximum"
"3798115257","Heracleum sphondylium",-106.68,39.35,2010,7,20,"US","PRESERVED_SPECIMEN","Heracleum maximum"
"3798125465","Heracleum sphondylium",-105.54,40.13,2010,8,7,"US","PRESERVED_SPECIMEN","Heracleum maximum"
"3776191325","Heracleum sphondylium",-107.068,38.86,2009,7,15,"US","PRESERVED_SPECIMEN","Heracleum maximum"
"3776191355","Heracleum sphondylium",-106.968,38.932,2009,7,16,"US","PRESERVED_SPECIMEN","Heracleum maximum"
"2512331938","Heracleum sphondylium",-103.83911,44.04807,2009,8,9,"US","PRESERVED_SPECIMEN","Heracleum maximum"
"2556158484","Heracleum sphondylium",-104.030255,44.429837,2009,9,13,"US","PRESERVED_SPECIMEN","Heracleum maximum"
"2980508683","Heracleum sphondylium",-104.10307,44.40822,2009,9,15,"US","PRESERVED_SPECIMEN","Heracleum maximum"
"1261005264","Heracleum sphondylium",-91.742778,39.751944,2007,6,13,"US","PRESERVED_SPECIMEN","Heracleum maximum"
"2869128548","Heracleum sphondylium",-103.84521,44.08977,2007,7,23,"US","PRESERVED_SPECIMEN","Heracleum maximum"
"3798059909","Heracleum sphondylium",-107.73,38.96,2007,7,8,"US","PRESERVED_SPECIMEN","Heracleum maximum"
"3798075131","Heracleum sphondylium",-105.28,36.99,2007,8,7,"US","PRESERVED_SPECIMEN","Heracleum maximum"
"3750481772","Heracleum sphondylium",-150.25591,60.371015,2006,6,26,"US","HUMAN_OBSERVATION","Heracleum maximum"
"3467208410","Heracleum sphondylium",-106.68,39.5065,2006,8,9,"US","PRESERVED_SPECIMEN","Heracleum maximum"
"2980508684","Heracleum sphondylium",-103.48724,45.87227,2005,6,26,"US","PRESERVED_SPECIMEN","Heracleum maximum"
"1986955879","Heracleum sphondylium",-105.791111,39.482222,2005,8,8,"US","PRESERVED_SPECIMEN","Heracleum maximum"
"3798098918","Heracleum sphondylium",-105.61,40.79,2004,6,23,"US","PRESERVED_SPECIMEN","Heracleum maximum"
"3798142100","Heracleum sphondylium",-106.03,40.2,2004,6,28,"US","PRESERVED_SPECIMEN","Heracleum maximum"
"3798088972","Heracleum sphondylium",-105.45,40.07,2004,7,3,"US","PRESERVED_SPECIMEN","Heracleum maximum"
"3798097535","Heracleum sphondylium",-105.85,40.67,2004,7,10,"US","PRESERVED_SPECIMEN","Heracleum maximum"
"3750485704","Heracleum sphondylium",-151.078933,60.041485,2004,8,9,"US","HUMAN_OBSERVATION","Heracleum maximum"
"3750482973","Heracleum sphondylium",-151.078933,60.041485,2004,8,9,"US","HUMAN_OBSERVATION","Heracleum maximum"
"3750479635","Heracleum sphondylium",-150.987981,60.036602,2004,8,9,"US","HUMAN_OBSERVATION","Heracleum maximum"
"3750480433","Heracleum sphondylium",-151.078933,60.041485,2004,8,9,"US","HUMAN_OBSERVATION","Heracleum maximum"
"3750481310","Heracleum sphondylium",-151.078933,60.041485,2004,8,9,"US","HUMAN_OBSERVATION","Heracleum maximum"
"3750477393","Heracleum sphondylium",-151.078933,60.041485,2004,8,9,"US","HUMAN_OBSERVATION","Heracleum maximum"
"3750481651","Heracleum sphondylium",-151.078933,60.041485,2004,8,9,"US","HUMAN_OBSERVATION","Heracleum maximum"
"3750481817","Heracleum sphondylium",-150.987981,60.036602,2004,8,9,"US","HUMAN_OBSERVATION","Heracleum maximum"
"3091299179","Heracleum sphondylium",-106.715176,37.262757,2003,7,19,"US","PRESERVED_SPECIMEN","Heracleum maximum"
"1259158810","Heracleum sphondylium",-105.521667,39.842222,2003,7,9,"US","PRESERVED_SPECIMEN","Heracleum maximum"
"176956908","Heracleum sphondylium",-92.395833,42.700556,2002,7,1,"US","PRESERVED_SPECIMEN","Heracleum maximum"
"415729152","Heracleum sphondylium",-118.64,44.819167,2001,7,11,"US","PRESERVED_SPECIMEN","Heracleum maximum"
"415729151","Heracleum sphondylium",-118.64,44.819167,2001,7,11,"US","PRESERVED_SPECIMEN","Heracleum maximum"
"3750483081","Heracleum sphondylium",-150.043866,60.704142,2001,8,19,"US","HUMAN_OBSERVATION","Heracleum maximum"
"3750482043","Heracleum sphondylium",-149.86579,60.785136,2001,8,30,"US","HUMAN_OBSERVATION","Heracleum maximum"
"3750483508","Heracleum sphondylium",-150.978848,59.993043,1999,7,2,"US","HUMAN_OBSERVATION","Heracleum maximum"
"3750482657","Heracleum sphondylium",-151.003303,59.948743,1999,7,2,"US","HUMAN_OBSERVATION","Heracleum maximum"
"176957103","Heracleum sphondylium",-92.461035,42.722531,1998,5,23,"US","PRESERVED_SPECIMEN","Heracleum maximum"
"1260953886","Heracleum sphondylium",-92.336944,40.206667,1998,6,2,"US","PRESERVED_SPECIMEN","Heracleum maximum"
"1234284828","Heracleum sphondylium",-105.0141,37.9091,1998,8,10,"US","PRESERVED_SPECIMEN","Heracleum maximum"
"1310100194","Heracleum sphondylium",-105.056111,37.984444,1998,8,13,"US","PRESERVED_SPECIMEN","Heracleum maximum"
"176957097","Heracleum sphondylium",-85.768997,43.115002,1997,6,25,"US","PRESERVED_SPECIMEN","Heracleum maximum"
"176956906","Heracleum sphondylium",-92.460992,42.721301,1997,6,16,"US","PRESERVED_SPECIMEN","Heracleum maximum"
"2242392253","Heracleum sphondylium",-104.961468,39.732207,1997,7,1,"US","PRESERVED_SPECIMEN","Heracleum maximum"
"3107941520","Heracleum sphondylium",-105.125242,39.330826,1995,7,12,"US","PRESERVED_SPECIMEN","Heracleum maximum"
"3776201737","Heracleum sphondylium",-107.034783,39.036571,1994,7,12,"US","PRESERVED_SPECIMEN","Heracleum maximum"
"3776201741","Heracleum sphondylium",-107.034783,39.036571,1994,7,12,"US","PRESERVED_SPECIMEN","Heracleum maximum"
"3776201742","Heracleum sphondylium",-107.044413,39.046667,1994,7,12,"US","PRESERVED_SPECIMEN","Heracleum maximum"
"3798125909","Heracleum sphondylium",-106.16,40.12,1993,8,11,"US","PRESERVED_SPECIMEN","Heracleum maximum"
"3798068054","Heracleum sphondylium",-106.16,40.12,1993,8,11,"US","PRESERVED_SPECIMEN","Heracleum maximum"
"415933783","Heracleum sphondylium",-71.99944,41.31805,1991,5,21,"US","PRESERVED_SPECIMEN","Heracleum maximum"
"415955761","Heracleum sphondylium",-72.07833,41.35,1991,5,21,"US","PRESERVED_SPECIMEN","Heracleum maximum"
"415955762","Heracleum sphondylium",-72.07833,41.35,1991,5,21,"US","PRESERVED_SPECIMEN","Heracleum maximum"
"176957113","Heracleum sphondylium",-103.4432,43.7634,1991,6,22,"US","PRESERVED_SPECIMEN","Heracleum maximum"
"441909955","Heracleum sphondylium",-107.335593,40.031873,1990,7,15,"US","PRESERVED_SPECIMEN","Heracleum maximum"
"3798125927","Heracleum sphondylium",-106.6,37.11,1988,6,21,"US","PRESERVED_SPECIMEN","Heracleum maximum"
"176957099","Heracleum sphondylium",-85.753998,42.931,1987,7,2,"US","PRESERVED_SPECIMEN","Heracleum maximum"
"3798125966","Heracleum sphondylium",-106.36,37.14,1986,8,23,"US","PRESERVED_SPECIMEN","Heracleum maximum"
"3798125959","Heracleum sphondylium",-106.36,37.14,1986,8,23,"US","PRESERVED_SPECIMEN","Heracleum maximum"
"3798125916","Heracleum sphondylium",-105.11,38.49,1985,6,26,"US","PRESERVED_SPECIMEN","Heracleum maximum"
"3798125913","Heracleum sphondylium",-105.11,38.49,1985,6,26,"US","PRESERVED_SPECIMEN","Heracleum maximum"
"2512332099","Heracleum sphondylium",-103.384883,43.915887,1984,6,27,"US","PRESERVED_SPECIMEN","Heracleum maximum"
"1260892380","Heracleum sphondylium",-106.2,41.25,1984,8,11,"US","PRESERVED_SPECIMEN","Heracleum maximum"
"176957109","Heracleum sphondylium",-100.262135,42.892745,1982,6,24,"US","PRESERVED_SPECIMEN","Heracleum maximum"
"3798125897","Heracleum sphondylium",-108.09,39.78,1982,7,7,"US","PRESERVED_SPECIMEN","Heracleum maximum"
"3798125906","Heracleum sphondylium",-107.92,40.2,1981,7,16,"US","PRESERVED_SPECIMEN","Heracleum maximum"
"3798125900","Heracleum sphondylium",-107.75,39.85,1981,7,6,"US","PRESERVED_SPECIMEN","Heracleum maximum"
"3798125904","Heracleum sphondylium",-108.45,39.77,1979,7,16,"US","PRESERVED_SPECIMEN","Heracleum maximum"
"441909971","Heracleum sphondylium",-72.571792,42.605354,1977,6,20,"US","PRESERVED_SPECIMEN","Heracleum maximum"
"2516312680","Heracleum sphondylium",-107,39,1977,8,3,"US","PRESERVED_SPECIMEN","Heracleum maximum"
"176957102","Heracleum sphondylium",-95.48007,39.99108,1976,6,18,"US","PRESERVED_SPECIMEN","Heracleum maximum"
"3798125907","Heracleum sphondylium",-106.28,38.39,1976,7,9,"US","PRESERVED_SPECIMEN","Heracleum maximum"
"3798125949","Heracleum sphondylium",-107.42,37.89,1976,8,19,"US","PRESERVED_SPECIMEN","Heracleum maximum"
"441909972","Heracleum sphondylium",-99.711209,42.54636,1975,6,8,"US","PRESERVED_SPECIMEN","Heracleum maximum"
"441909799","Heracleum sphondylium",-96.729728,45.694325,1974,6,27,"US","PRESERVED_SPECIMEN","Heracleum maximum"
"415729220","Heracleum sphondylium",-106.54248,45.62298,1974,6,23,"US","PRESERVED_SPECIMEN","Heracleum maximum"
"3798125937","Heracleum sphondylium",-105.84,40.64,1974,7,11,"US","PRESERVED_SPECIMEN","Heracleum maximum"
"3798125936","Heracleum sphondylium",-105.84,40.64,1974,7,11,"US","PRESERVED_SPECIMEN","Heracleum maximum"
"3798125932","Heracleum sphondylium",-105.85,40.67,1974,7,27,"US","PRESERVED_SPECIMEN","Heracleum maximum"
"415729155","Heracleum sphondylium",-96.68444,46.44363,1974,8,18,"US","PRESERVED_SPECIMEN","Heracleum maximum"
"176957098","Heracleum sphondylium",-105.212931,39.906667,1973,6,15,"US","PRESERVED_SPECIMEN","Heracleum maximum"
"441909967","Heracleum sphondylium",-97.351733,45.99533,1973,6,7,"US","PRESERVED_SPECIMEN","Heracleum maximum"
"415729174","Heracleum sphondylium",-109.57699,47.06238,1973,7,25,"US","PRESERVED_SPECIMEN","Heracleum maximum"
"415729146","Heracleum sphondylium",-106.20474,42.4606,1973,8,7,"US","PRESERVED_SPECIMEN","Heracleum maximum"
"3798125876","Heracleum sphondylium",-105.31,40.71,1972,6,29,"US","PRESERVED_SPECIMEN","Heracleum maximum"
"3798125970","Heracleum sphondylium",-105.45,39.64,1972,7,19,"US","PRESERVED_SPECIMEN","Heracleum maximum"
"3798125877","Heracleum sphondylium",-105.07,40.55,1972,7,1,"US","PRESERVED_SPECIMEN","Heracleum maximum"
"3798125844","Heracleum sphondylium",-106.09,39.55,1972,7,4,"US","PRESERVED_SPECIMEN","Heracleum maximum"
"2512331110","Heracleum sphondylium",-102.1374,47.51242,1971,7,14,"US","PRESERVED_SPECIMEN","Heracleum maximum"
"3798125888","Heracleum sphondylium",-105.61,40.74,1971,7,7,"US","PRESERVED_SPECIMEN","Heracleum maximum"
"415729192","Heracleum sphondylium",-97.42512,46.39354,1970,6,17,"US","PRESERVED_SPECIMEN","Heracleum maximum"
"415729127","Heracleum sphondylium",-76.529085,39.425401,1970,6,30,"US","PRESERVED_SPECIMEN","Heracleum maximum"
"441909994","Heracleum sphondylium",-102.8077,48.31084,1970,6,19,"US","PRESERVED_SPECIMEN","Heracleum maximum"
"441909802","Heracleum sphondylium",-102.906471,47.456509,1970,7,5,"US","PRESERVED_SPECIMEN","Heracleum maximum"
"176957108","Heracleum sphondylium",-103.83472,44.3275,1970,7,16,"US","PRESERVED_SPECIMEN","Heracleum maximum"
"3798125944","Heracleum sphondylium",-105.52,40.73,1970,7,9,"US","PRESERVED_SPECIMEN","Heracleum maximum"
"415729123","Heracleum sphondylium",-104.95971,39.14703,1970,8,8,"US","PRESERVED_SPECIMEN","Heracleum maximum"
"415729161","Heracleum sphondylium",-97.00225,42.69,1969,6,16,"US","PRESERVED_SPECIMEN","Heracleum maximum"
"176957105","Heracleum sphondylium",-103.40239,44.08042,1969,6,12,"US","PRESERVED_SPECIMEN","Heracleum maximum"
"176957104","Heracleum sphondylium",-103.558749,43.679737,1969,7,31,"US","PRESERVED_SPECIMEN","Heracleum maximum"
"441909809","Heracleum sphondylium",-104.29905,41.6402,1968,6,21,"US","PRESERVED_SPECIMEN","Heracleum maximum"
"415729210","Heracleum sphondylium",-105.19085,36.5547,1968,7,31,"US","PRESERVED_SPECIMEN","Heracleum maximum"
"415729209","Heracleum sphondylium",-103.3918,42.69839,1968,7,14,"US","PRESERVED_SPECIMEN","Heracleum maximum"
"441910026","Heracleum sphondylium",-100.88958,46.58056,1967,6,28,"US","PRESERVED_SPECIMEN","Heracleum maximum"
"441909995","Heracleum sphondylium",-101.87988,47.43114,1967,6,29,"US","PRESERVED_SPECIMEN","Heracleum maximum"
"441909810","Heracleum sphondylium",-97.8651,48.76013,1967,7,25,"US","PRESERVED_SPECIMEN","Heracleum maximum"
"441909807","Heracleum sphondylium",-97.222875,45.743342,1967,7,23,"US","PRESERVED_SPECIMEN","Heracleum maximum"
"415729131","Heracleum sphondylium",-101.43455,48.32453,1967,7,2,"US","PRESERVED_SPECIMEN","Heracleum maximum"
"176957110","Heracleum sphondylium",-103.98384,44.21411,1967,8,20,"US","PRESERVED_SPECIMEN","Heracleum maximum"
"441910003","Heracleum sphondylium",-103.95239,42.73839,1967,8,12,"US","PRESERVED_SPECIMEN","Heracleum maximum"
"3798125920","Heracleum sphondylium",-107.1,38.76,1967,8,21,"US","PRESERVED_SPECIMEN","Heracleum maximum"
"3798125951","Heracleum sphondylium",-107.13,38.86,1967,8,12,"US","PRESERVED_SPECIMEN","Heracleum maximum"
"415729219","Heracleum sphondylium",-94.788594,39.72016,1966,5,26,"US","PRESERVED_SPECIMEN","Heracleum maximum"
"176957100","Heracleum sphondylium",-103.592882,43.81233,1966,6,27,"US","PRESERVED_SPECIMEN","Heracleum maximum"
"176957114","Heracleum sphondylium",-103.41825,43.7507,1966,7,2,"US","PRESERVED_SPECIMEN","Heracleum maximum"
"176957101","Heracleum sphondylium",-103.85937,44.4184,1966,7,17,"US","PRESERVED_SPECIMEN","Heracleum maximum"
"176957111","Heracleum sphondylium",-103.85035,44.275111,1966,7,21,"US","PRESERVED_SPECIMEN","Heracleum maximum"
"415729167","Heracleum sphondylium",-96.50282,43.67402,1965,7,10,"US","PRESERVED_SPECIMEN","Heracleum maximum"
"2242389921","Heracleum sphondylium",-87.797222,41.854499,1964,5,26,"US","PRESERVED_SPECIMEN","Heracleum maximum"
"2242391661","Heracleum sphondylium",-87.797222,41.854499,1964,5,26,"US","PRESERVED_SPECIMEN","Heracleum maximum"
"3798125887","Heracleum sphondylium",-105.47,40.59,1963,8,15,"US","PRESERVED_SPECIMEN","Heracleum maximum"
"3798125941","Heracleum sphondylium",-105.07,40.54,1961,6,23,"US","PRESERVED_SPECIMEN","Heracleum maximum"
"3798125931","Heracleum sphondylium",-106.81,38.7,1961,8,6,"US","PRESERVED_SPECIMEN","Heracleum maximum"
"3798125924","Heracleum sphondylium",-106.98,38.95,1959,7,25,"US","PRESERVED_SPECIMEN","Heracleum maximum"
"3798125921","Heracleum sphondylium",-106.98,38.95,1959,7,25,"US","PRESERVED_SPECIMEN","Heracleum maximum"
"2869128555","Heracleum sphondylium",-103.649472,44.12167,1956,7,1,"US","PRESERVED_SPECIMEN","Heracleum maximum"
"3798125896","Heracleum sphondylium",-106.81,40.48,1956,7,1,"US","PRESERVED_SPECIMEN","Heracleum maximum"
"1260974288","Heracleum sphondylium",-92.318056,40.206667,1952,6,14,"US","PRESERVED_SPECIMEN","Heracleum maximum"
"1260973623","Heracleum sphondylium",-92.613889,36.703056,1949,4,25,"US","PRESERVED_SPECIMEN","Heracleum maximum"
"2512284508","Heracleum sphondylium",-103.496223,44.182561,1948,5,28,"US","PRESERVED_SPECIMEN","Heracleum maximum"
"2512333099","Heracleum sphondylium",-103.461636,44.22648,1948,6,28,"US","PRESERVED_SPECIMEN","Heracleum maximum"
"2980508685","Heracleum sphondylium",-103.4667,44.2167,1948,6,28,"US","PRESERVED_SPECIMEN","Heracleum maximum"
"415729133","Heracleum sphondylium",-88.069096,42.145186,1947,6,20,"US","PRESERVED_SPECIMEN","Heracleum maximum"
"415729132","Heracleum sphondylium",-88.069096,42.145186,1947,6,20,"US","PRESERVED_SPECIMEN","Heracleum maximum"
"3798125914","Heracleum sphondylium",-106.48,39.62,1947,6,2,"US","PRESERVED_SPECIMEN","Heracleum maximum"
"3798125895","Heracleum sphondylium",-107.08,40.48,1946,6,26,"US","PRESERVED_SPECIMEN","Heracleum maximum"
"3798125928","Heracleum sphondylium",-106.5,37.28,1945,8,8,"US","PRESERVED_SPECIMEN","Heracleum maximum"
"3798125948","Heracleum sphondylium",-105.9,40.5,1944,9,1,"US","PRESERVED_SPECIMEN","Heracleum maximum"
"3798125977","Heracleum sphondylium",-106.44,38.34,1938,8,1,"US","PRESERVED_SPECIMEN","Heracleum maximum"
"1257915135","Heracleum sphondylium",-90.486,38.714,1927,5,19,"US","PRESERVED_SPECIMEN","Heracleum maximum"
"2512329890","Heracleum sphondylium",-103.23054,44.08555,1924,6,8,"US","PRESERVED_SPECIMEN","Heracleum maximum"
"2512331091","Heracleum sphondylium",-103.23102,44.08054,1924,6,10,"US","PRESERVED_SPECIMEN","Heracleum maximum"
"1260950531","Heracleum sphondylium",-90.486,38.714,1923,5,16,"US","PRESERVED_SPECIMEN","Heracleum maximum"
"415729185","Heracleum sphondylium",-70.804984,42.249647,1921,6,6,"US","PRESERVED_SPECIMEN","Heracleum maximum"
"415729186","Heracleum sphondylium",-70.804984,42.249647,1921,6,6,"US","PRESERVED_SPECIMEN","Heracleum maximum"
"415729217","Heracleum sphondylium",-71.05977,42.35843,1918,7,19,"US","PRESERVED_SPECIMEN","Heracleum maximum"
"415729216","Heracleum sphondylium",-71.05977,42.35843,1918,7,19,"US","PRESERVED_SPECIMEN","Heracleum maximum"
"1257917698","Heracleum sphondylium",-94.417222,37.238333,1913,5,11,"US","PRESERVED_SPECIMEN","Heracleum maximum"
"1257917697","Heracleum sphondylium",-94.417222,37.238333,1913,5,11,"US","PRESERVED_SPECIMEN","Heracleum maximum"
"1257917691","Heracleum sphondylium",-90.67583,38.50361,1911,7,18,"US","PRESERVED_SPECIMEN","Heracleum maximum"
"1257917700","Heracleum sphondylium",-94.417222,37.238333,1909,4,29,"US","PRESERVED_SPECIMEN","Heracleum maximum"
"1257917689","Heracleum sphondylium",-94.417222,37.238333,1909,5,19,"US","PRESERVED_SPECIMEN","Heracleum maximum"
"1260957497","Heracleum sphondylium",-94.417222,37.238333,1909,5,19,"US","PRESERVED_SPECIMEN","Heracleum maximum"
"2512287501","Heracleum sphondylium",-98.927506,46.071107,1906,7,22,"US","PRESERVED_SPECIMEN","Heracleum maximum"
"1257915137","Heracleum sphondylium",-90.486,38.714,1903,4,17,"US","PRESERVED_SPECIMEN","Heracleum maximum"
"1257917674","Heracleum sphondylium",-90.43583,38.51305,1901,5,14,"US","PRESERVED_SPECIMEN","Heracleum maximum"
"1257915154","Heracleum sphondylium",-90.48861,38.71111,1897,4,6,"US","PRESERVED_SPECIMEN","Heracleum maximum"
"1257915098","Heracleum sphondylium",-90.4403,38.6551,1897,7,9,"US","PRESERVED_SPECIMEN","Heracleum maximum"
"1257915123","Heracleum sphondylium",-90.4403,38.6551,1897,7,9,"US","PRESERVED_SPECIMEN","Heracleum maximum"
"3798125880","Heracleum sphondylium",-105.09,40.6,1896,6,26,"US","PRESERVED_SPECIMEN","Heracleum maximum"
"3798125878","Heracleum sphondylium",-105.02,40.56,1895,8,9,"US","PRESERVED_SPECIMEN","Heracleum maximum"
"3798125885","Heracleum sphondylium",-105.05,40.57,1893,6,27,"US","PRESERVED_SPECIMEN","Heracleum maximum"
"3798125884","Heracleum sphondylium",-105.03,40.57,1892,7,2,"US","PRESERVED_SPECIMEN","Heracleum maximum"
"3798125886","Heracleum sphondylium",-105.14,40.55,1890,5,31,"US","PRESERVED_SPECIMEN","Heracleum maximum"
"4007558382","Heracleum sphondylium",-86.454189,42.116706,1888,5,30,"US","PRESERVED_SPECIMEN","Heracleum maximum"
"415729187","Heracleum sphondylium",-70.803654,42.241768,1886,7,20,"US","PRESERVED_SPECIMEN","Heracleum maximum"
"415729196","Heracleum sphondylium",-105.276615,35.652184,1882,NA,NA,"US","PRESERVED_SPECIMEN","Heracleum maximum"
"415729211","Heracleum sphondylium",-70.58089,43.32203,1861,7,7,"US","PRESERVED_SPECIMEN","Heracleum maximum"
"415729172","Heracleum sphondylium",-83.72639,42.27083,1860,6,20,"US","PRESERVED_SPECIMEN","Heracleum maximum"
"40901410","Heracleum sphondylium",173.16861,52.84028,NA,NA,NA,"US","OCCURRENCE","Heracleum maximum"
"91597064","Heracleum sphondylium",173.23583,52.9275,NA,NA,NA,"US","OCCURRENCE","Heracleum maximum"
"91597069","Heracleum sphondylium",173.23361,52.85778,NA,NA,NA,"US","OCCURRENCE","Heracleum maximum"
"91597074","Heracleum sphondylium",173.29056,52.81528,NA,NA,NA,"US","OCCURRENCE","Heracleum maximum"
"91597077","Heracleum sphondylium",173.16667,52.84194,NA,NA,NA,"US","OCCURRENCE","Heracleum maximum"
"91597083","Heracleum sphondylium",174.10028,52.65917,NA,NA,NA,"US","OCCURRENCE","Heracleum maximum"
"91597093","Heracleum sphondylium",-149.10056,61.81139,NA,NA,NA,"US","OCCURRENCE","Heracleum maximum"
