"gbifID","species","longitude","latitude","year","month","day","countryCode","basisOfRecord","accepted_name"
"4015252639","Ligusticum porteri",-104.940921,23.207574,2022,9,29,"MX","HUMAN_OBSERVATION","Ligusticum porteri"
"4169296216","Ligusticum porteri",-104.934167,23.208611,2010,10,23,"MX","PRESERVED_SPECIMEN","Ligusticum porteri"
"4169315874","Ligusticum porteri",-107.075,26.708333,2008,7,5,"MX","PRESERVED_SPECIMEN","Ligusticum porteri"
"3308683683","Ligusticum porteri",-107.095,27.244,2006,10,18,"MX","PRESERVED_SPECIMEN","Ligusticum porteri"
"3308631335","Ligusticum porteri",-107.7,27.749,2005,10,20,"MX","PRESERVED_SPECIMEN","Ligusticum porteri"
"3308019146","Ligusticum porteri",-107.424,27.691,2003,9,12,"MX","PRESERVED_SPECIMEN","Ligusticum porteri"
"1893781424","Ligusticum porteri",-107.101139,27.239833,2002,9,10,"MX","PRESERVED_SPECIMEN","Ligusticum porteri"
"4169321051","Ligusticum porteri",-104.25876,23.425452,1999,9,19,"MX","PRESERVED_SPECIMEN","Ligusticum porteri"
"4169304742","Ligusticum porteri",-105.722683,24.405959,1997,8,NA,"MX","PRESERVED_SPECIMEN","Ligusticum porteri"
"2630604038","Ligusticum porteri",-109.03,28.358333,1995,9,9,"MX","PRESERVED_SPECIMEN","Ligusticum porteri"
"3308556425","Ligusticum porteri",-107.676944,27.744722,1994,9,11,"MX","PRESERVED_SPECIMEN","Ligusticum porteri"
"1895817993","Ligusticum porteri",-109.038889,28.3875,1992,6,13,"MX","PRESERVED_SPECIMEN","Ligusticum porteri"
"2807235096","Ligusticum porteri",-107.05,25.95,1988,8,21,"MX","PRESERVED_SPECIMEN","Ligusticum porteri"
"1895355806","Ligusticum porteri",-107.05,25.95,1988,8,21,"MX","PRESERVED_SPECIMEN","Ligusticum porteri"
"1895355810","Ligusticum porteri",-107.0461107,25.9577474,1987,8,27,"MX","PRESERVED_SPECIMEN","Ligusticum porteri"
"3308556421","Ligusticum porteri",-107.58,28.085278,1987,9,14,"MX","PRESERVED_SPECIMEN","Ligusticum porteri"
"1895678660","Ligusticum porteri",-104.26,23.423056,1985,9,20,"MX","PRESERVED_SPECIMEN","Ligusticum porteri"
"4169326976","Ligusticum porteri",-104.260427,23.423508,1985,9,20,"MX","PRESERVED_SPECIMEN","Ligusticum porteri"
"1893689568","Ligusticum porteri",-104.345,25.103333,1985,9,20,"MX","PRESERVED_SPECIMEN","Ligusticum porteri"
"3308484874","Ligusticum porteri",-107.58868,28.082965,1985,10,10,"MX","PRESERVED_SPECIMEN","Ligusticum porteri"
"4169331388","Ligusticum porteri",-104.244444,23.388333,1982,10,7,"MX","PRESERVED_SPECIMEN","Ligusticum porteri"
"1893689565","Ligusticum porteri",-103.923333,23.62,1982,10,7,"MX","PRESERVED_SPECIMEN","Ligusticum porteri"
"1895678642","Ligusticum porteri",-104.241667,23.391667,1981,6,NA,"MX","PRESERVED_SPECIMEN","Ligusticum porteri"
"4169292023","Ligusticum porteri",-104.00042,23.000472,1981,6,NA,"MX","PRESERVED_SPECIMEN","Ligusticum porteri"
"1895678652","Ligusticum porteri",-104.244444,23.388333,1981,7,NA,"MX","PRESERVED_SPECIMEN","Ligusticum porteri"
"4169318171","Ligusticum porteri",-104.244871,23.388787,1981,7,NA,"MX","PRESERVED_SPECIMEN","Ligusticum porteri"
"3307678069","Ligusticum porteri",-107.591503,28.083529,1977,7,23,"MX","PRESERVED_SPECIMEN","Ligusticum porteri"
"1893781421","Ligusticum porteri",-107.696944,27.750833,1974,7,30,"MX","PRESERVED_SPECIMEN","Ligusticum porteri"
"1893781418","Ligusticum porteri",-107.57398,27.622103,1973,8,22,"MX","PRESERVED_SPECIMEN","Ligusticum porteri"
"3307635193","Ligusticum porteri",-107.618889,27.72,1972,7,20,"MX","PRESERVED_SPECIMEN","Ligusticum porteri"
"1893781412","Ligusticum porteri",-107.540206,27.603813,1972,7,27,"MX","PRESERVED_SPECIMEN","Ligusticum porteri"
"2807261109","Ligusticum porteri",-108.33889,30.075,1972,8,4,"MX","PRESERVED_SPECIMEN","Ligusticum porteri"
"1895355784","Ligusticum porteri",-108.338889,30.075,1972,8,4,"MX","PRESERVED_SPECIMEN","Ligusticum porteri"
"1893781422","Ligusticum porteri",-107.090833,27.233333,1972,11,9,"MX","PRESERVED_SPECIMEN","Ligusticum porteri"
"1895355761","Ligusticum porteri",-108.3828752,29.6142058,1936,8,NA,"MX","PRESERVED_SPECIMEN","Ligusticum porteri"
"1895355758","Ligusticum porteri",-105.578293,26.7104415,1899,6,23,"MX","PRESERVED_SPECIMEN","Ligusticum porteri"
"1144707110","Ligusticum porteri",-106.21861,28.96611,1899,9,23,"MX","PRESERVED_SPECIMEN","Ligusticum porteri"
"1144707202","Ligusticum porteri",-106.21861,28.96611,1899,9,23,"MX","PRESERVED_SPECIMEN","Ligusticum porteri"
"4130026056","Ligusticum porteri",-107.056161,40.58592,2023,6,3,"US","HUMAN_OBSERVATION","Ligusticum porteri"
"4137963557","Ligusticum porteri",-105.072361,39.434306,2023,6,9,"US","HUMAN_OBSERVATION","Ligusticum porteri"
"4137983036","Ligusticum porteri",-106.56562,36.938388,2023,6,17,"US","HUMAN_OBSERVATION","Ligusticum porteri"
"4145264937","Ligusticum porteri",-104.230913,36.963001,2023,6,24,"US","HUMAN_OBSERVATION","Ligusticum porteri"
"4171154010","Ligusticum porteri",-105.06848,39.426662,2023,6,26,"US","HUMAN_OBSERVATION","Ligusticum porteri"
"4145201585","Ligusticum porteri",-109.281205,38.488628,2023,6,27,"US","HUMAN_OBSERVATION","Ligusticum porteri"
"4413529949","Ligusticum porteri",-106.9441,39.098325,2023,7,1,"US","HUMAN_OBSERVATION","Ligusticum porteri"
"4153751660","Ligusticum porteri",-106.98826,38.956275,2023,7,4,"US","HUMAN_OBSERVATION","Ligusticum porteri"
"4416872563","Ligusticum porteri",-106.994313,38.873154,2023,7,5,"US","HUMAN_OBSERVATION","Ligusticum porteri"
"4153822611","Ligusticum porteri",-106.985792,38.959906,2023,7,7,"US","HUMAN_OBSERVATION","Ligusticum porteri"
"4416852412","Ligusticum porteri",-106.964789,38.922071,2023,7,8,"US","HUMAN_OBSERVATION","Ligusticum porteri"
"4162041504","Ligusticum porteri",-106.968398,38.926167,2023,7,8,"US","HUMAN_OBSERVATION","Ligusticum porteri"
"4154004655","Ligusticum porteri",-106.9479,38.905547,2023,7,8,"US","HUMAN_OBSERVATION","Ligusticum porteri"
"4171235031","Ligusticum porteri",-107.379975,39.061383,2023,7,9,"US","HUMAN_OBSERVATION","Ligusticum porteri"
"4407150616","Ligusticum porteri",-107.073572,38.922345,2023,7,9,"US","HUMAN_OBSERVATION","Ligusticum porteri"
"4407276572","Ligusticum porteri",-106.968293,38.923499,2023,7,9,"US","HUMAN_OBSERVATION","Ligusticum porteri"
"4405142648","Ligusticum porteri",-106.965522,38.913763,2023,7,10,"US","HUMAN_OBSERVATION","Ligusticum porteri"
"4405225630","Ligusticum porteri",-106.999397,38.98027,2023,7,10,"US","HUMAN_OBSERVATION","Ligusticum porteri"
"4405190721","Ligusticum porteri",-106.993299,38.870742,2023,7,11,"US","HUMAN_OBSERVATION","Ligusticum porteri"
"4416681415","Ligusticum porteri",-106.993267,38.870697,2023,7,11,"US","HUMAN_OBSERVATION","Ligusticum porteri"
"4416690580","Ligusticum porteri",-106.993337,38.870779,2023,7,11,"US","HUMAN_OBSERVATION","Ligusticum porteri"
"4405169587","Ligusticum porteri",-106.993317,38.870758,2023,7,11,"US","HUMAN_OBSERVATION","Ligusticum porteri"
"4405064670","Ligusticum porteri",-106.994317,38.873112,2023,7,11,"US","HUMAN_OBSERVATION","Ligusticum porteri"
"4405061570","Ligusticum porteri",-106.991662,38.873607,2023,7,11,"US","HUMAN_OBSERVATION","Ligusticum porteri"
"4153681407","Ligusticum porteri",-107.022644,39.0025,2023,7,11,"US","HUMAN_OBSERVATION","Ligusticum porteri"
"4416800386","Ligusticum porteri",-106.976122,38.921163,2023,7,11,"US","HUMAN_OBSERVATION","Ligusticum porteri"
"4416824471","Ligusticum porteri",-106.976358,38.921523,2023,7,11,"US","HUMAN_OBSERVATION","Ligusticum porteri"
"4416939594","Ligusticum porteri",-106.976889,38.925268,2023,7,11,"US","HUMAN_OBSERVATION","Ligusticum porteri"
"4405025512","Ligusticum porteri",-106.99313,38.872523,2023,7,12,"US","HUMAN_OBSERVATION","Ligusticum porteri"
"4162309551","Ligusticum porteri",-107.070527,38.919439,2023,7,12,"US","HUMAN_OBSERVATION","Ligusticum porteri"
"4416784389","Ligusticum porteri",-106.975211,38.928594,2023,7,15,"US","HUMAN_OBSERVATION","Ligusticum porteri"
"4171406158","Ligusticum porteri",-107.158213,38.86571,2023,7,12,"US","HUMAN_OBSERVATION","Ligusticum porteri"
"4171735808","Ligusticum porteri",-107.07053,38.919403,2023,7,12,"US","HUMAN_OBSERVATION","Ligusticum porteri"
"4171141682","Ligusticum porteri",-106.956511,38.902825,2023,7,16,"US","HUMAN_OBSERVATION","Ligusticum porteri"
"4165401132","Ligusticum porteri",-112.838075,37.612183,2023,7,17,"US","HUMAN_OBSERVATION","Ligusticum porteri"
"4165327786","Ligusticum porteri",-106.987745,38.958529,2023,7,13,"US","HUMAN_OBSERVATION","Ligusticum porteri"
"4165712541","Ligusticum porteri",-106.949342,38.906792,2023,7,20,"US","HUMAN_OBSERVATION","Ligusticum porteri"
"4165678611","Ligusticum porteri",-112.844003,37.60818,2023,7,17,"US","HUMAN_OBSERVATION","Ligusticum porteri"
"4171239967","Ligusticum porteri",-106.986506,38.964014,2023,7,13,"US","HUMAN_OBSERVATION","Ligusticum porteri"
"4165851178","Ligusticum porteri",-112.831785,37.631305,2023,7,23,"US","HUMAN_OBSERVATION","Ligusticum porteri"
"4416899585","Ligusticum porteri",-106.962424,38.912176,2023,7,22,"US","HUMAN_OBSERVATION","Ligusticum porteri"
"4165769518","Ligusticum porteri",-112.840707,37.60697,2023,7,23,"US","HUMAN_OBSERVATION","Ligusticum porteri"
"4171296290","Ligusticum porteri",-112.838363,37.611155,2023,7,11,"US","HUMAN_OBSERVATION","Ligusticum porteri"
"4171496217","Ligusticum porteri",-107.941513,39.047371,2023,7,24,"US","HUMAN_OBSERVATION","Ligusticum porteri"
"4171974592","Ligusticum porteri",-112.830644,37.612492,2023,7,21,"US","HUMAN_OBSERVATION","Ligusticum porteri"
"4171460167","Ligusticum porteri",-106.983477,38.960363,2023,7,28,"US","HUMAN_OBSERVATION","Ligusticum porteri"
"4171563603","Ligusticum porteri",-107.936845,39.049462,2023,7,24,"US","HUMAN_OBSERVATION","Ligusticum porteri"
"4172270447","Ligusticum porteri",-108.557505,39.777735,2023,7,11,"US","HUMAN_OBSERVATION","Ligusticum porteri"
"4416721595","Ligusticum porteri",-106.985556,38.959428,2023,7,31,"US","HUMAN_OBSERVATION","Ligusticum porteri"
"4413489066","Ligusticum porteri",-107.509117,37.936831,2023,7,1,"US","HUMAN_OBSERVATION","Ligusticum porteri"
"4405231635","Ligusticum porteri",-106.965317,38.922011,2023,7,13,"US","HUMAN_OBSERVATION","Ligusticum porteri"
"4405113840","Ligusticum porteri",-106.968103,38.923358,2023,7,13,"US","HUMAN_OBSERVATION","Ligusticum porteri"
"4405249848","Ligusticum porteri",-106.967803,38.925475,2023,7,13,"US","HUMAN_OBSERVATION","Ligusticum porteri"
"4405231636","Ligusticum porteri",-106.965875,38.924575,2023,7,13,"US","HUMAN_OBSERVATION","Ligusticum porteri"
"4405148771","Ligusticum porteri",-106.964972,38.922244,2023,7,13,"US","HUMAN_OBSERVATION","Ligusticum porteri"
"4405228830","Ligusticum porteri",-107.064492,38.969097,2023,7,13,"US","HUMAN_OBSERVATION","Ligusticum porteri"
"4405048696","Ligusticum porteri",-107.053694,38.935986,2023,7,13,"US","HUMAN_OBSERVATION","Ligusticum porteri"
"4405094768","Ligusticum porteri",-107.045928,38.908325,2023,7,14,"US","HUMAN_OBSERVATION","Ligusticum porteri"
"4404995455","Ligusticum porteri",-107.081597,38.927497,2023,7,14,"US","HUMAN_OBSERVATION","Ligusticum porteri"
"4405078474","Ligusticum porteri",-107.067817,38.915764,2023,7,14,"US","HUMAN_OBSERVATION","Ligusticum porteri"
"4405191451","Ligusticum porteri",-107.068978,38.9176,2023,7,14,"US","HUMAN_OBSERVATION","Ligusticum porteri"
"4405230608","Ligusticum porteri",-107.071022,38.920339,2023,7,14,"US","HUMAN_OBSERVATION","Ligusticum porteri"
"4404991504","Ligusticum porteri",-107.071831,38.920964,2023,7,14,"US","HUMAN_OBSERVATION","Ligusticum porteri"
"4405300449","Ligusticum porteri",-107.072211,38.921458,2023,7,14,"US","HUMAN_OBSERVATION","Ligusticum porteri"
"4405282646","Ligusticum porteri",-107.077964,38.925378,2023,7,14,"US","HUMAN_OBSERVATION","Ligusticum porteri"
"4405280579","Ligusticum porteri",-107.090142,38.92855,2023,7,14,"US","HUMAN_OBSERVATION","Ligusticum porteri"
"4405049870","Ligusticum porteri",-107.089281,38.928639,2023,7,14,"US","HUMAN_OBSERVATION","Ligusticum porteri"
"4405172641","Ligusticum porteri",-107.085236,38.928617,2023,7,14,"US","HUMAN_OBSERVATION","Ligusticum porteri"
"4405004857","Ligusticum porteri",-107.083114,38.928069,2023,7,14,"US","HUMAN_OBSERVATION","Ligusticum porteri"
"4405083804","Ligusticum porteri",-107.074417,38.923814,2023,7,14,"US","HUMAN_OBSERVATION","Ligusticum porteri"
"4400451945","Ligusticum porteri",-107.072486,38.921933,2023,7,14,"US","HUMAN_OBSERVATION","Ligusticum porteri"
"4177377271","Ligusticum porteri",-107.098525,38.891853,2023,7,15,"US","HUMAN_OBSERVATION","Ligusticum porteri"
"4177570562","Ligusticum porteri",-106.993233,38.966992,2023,7,16,"US","HUMAN_OBSERVATION","Ligusticum porteri"
"4177446229","Ligusticum porteri",-106.987197,38.963894,2023,7,16,"US","HUMAN_OBSERVATION","Ligusticum porteri"
"4407375039","Ligusticum porteri",-105.432128,36.56485,2023,7,31,"US","HUMAN_OBSERVATION","Ligusticum porteri"
"4407091212","Ligusticum porteri",-105.428558,36.55697,2023,7,31,"US","HUMAN_OBSERVATION","Ligusticum porteri"
"4416634566","Ligusticum porteri",-107.052279,38.974452,2023,8,3,"US","HUMAN_OBSERVATION","Ligusticum porteri"
"4400079633","Ligusticum porteri",-106.97033,38.922847,2023,8,12,"US","HUMAN_OBSERVATION","Ligusticum porteri"
"4416924505","Ligusticum porteri",-106.942138,39.003678,2023,8,12,"US","HUMAN_OBSERVATION","Ligusticum porteri"
"4416702399","Ligusticum porteri",-106.970863,38.965878,2023,8,12,"US","HUMAN_OBSERVATION","Ligusticum porteri"
"4177204300","Ligusticum porteri",-106.942238,39.003864,2023,8,12,"US","HUMAN_OBSERVATION","Ligusticum porteri"
"4177581653","Ligusticum porteri",-107.044306,38.973089,2023,8,6,"US","HUMAN_OBSERVATION","Ligusticum porteri"
"4400147787","Ligusticum porteri",-106.554397,40.278356,2023,8,13,"US","HUMAN_OBSERVATION","Ligusticum porteri"
"4400259649","Ligusticum porteri",-105.542815,40.310243,2023,8,18,"US","HUMAN_OBSERVATION","Ligusticum porteri"
"4399932226","Ligusticum porteri",-106.412737,40.339244,2023,8,5,"US","HUMAN_OBSERVATION","Ligusticum porteri"
"4400475344","Ligusticum porteri",-105.484095,40.137366,2023,8,21,"US","HUMAN_OBSERVATION","Ligusticum porteri"
"4416719803","Ligusticum porteri",-112.839441,37.60908,2023,9,8,"US","HUMAN_OBSERVATION","Ligusticum porteri"
"3860509414","Ligusticum porteri",-106.98691,38.957178,2022,6,12,"US","HUMAN_OBSERVATION","Ligusticum porteri"
"3858819422","Ligusticum porteri",-106.977091,38.951038,2022,6,12,"US","HUMAN_OBSERVATION","Ligusticum porteri"
"3860588543","Ligusticum porteri",-106.998772,38.986103,2022,6,12,"US","HUMAN_OBSERVATION","Ligusticum porteri"
"3860539526","Ligusticum porteri",-106.976662,38.97665,2022,6,12,"US","HUMAN_OBSERVATION","Ligusticum porteri"
"3859623453","Ligusticum porteri",-106.9767,38.976837,2022,6,12,"US","HUMAN_OBSERVATION","Ligusticum porteri"
"3858744504","Ligusticum porteri",-106.974503,38.9787,2022,6,12,"US","HUMAN_OBSERVATION","Ligusticum porteri"
"3859217474","Ligusticum porteri",-106.983078,38.965453,2022,6,12,"US","HUMAN_OBSERVATION","Ligusticum porteri"
"3915480544","Ligusticum porteri",-109.286728,31.879547,2022,6,3,"US","HUMAN_OBSERVATION","Ligusticum porteri"
"3859271742","Ligusticum porteri",-107.014367,38.981163,2022,6,14,"US","HUMAN_OBSERVATION","Ligusticum porteri"
"3858543704","Ligusticum porteri",-107.018258,38.980688,2022,6,14,"US","HUMAN_OBSERVATION","Ligusticum porteri"
"3860011617","Ligusticum porteri",-107.0205,38.978012,2022,6,14,"US","HUMAN_OBSERVATION","Ligusticum porteri"
"3859619613","Ligusticum porteri",-107.019119,38.979813,2022,6,14,"US","HUMAN_OBSERVATION","Ligusticum porteri"
"3859878361","Ligusticum porteri",-105.48668,37.730702,2022,6,18,"US","HUMAN_OBSERVATION","Ligusticum porteri"
"3860177768","Ligusticum porteri",-106.991152,38.978751,2022,6,22,"US","HUMAN_OBSERVATION","Ligusticum porteri"
"3860575813","Ligusticum porteri",-106.984367,38.961842,2022,6,23,"US","HUMAN_OBSERVATION","Ligusticum porteri"
"3947115636","Ligusticum porteri",-105.363845,39.861553,2022,6,23,"US","HUMAN_OBSERVATION","Ligusticum porteri"
"3860041875","Ligusticum porteri",-106.967895,38.928913,2022,6,22,"US","HUMAN_OBSERVATION","Ligusticum porteri"
"3860818903","Ligusticum porteri",-107.003958,38.997528,2022,6,24,"US","HUMAN_OBSERVATION","Ligusticum porteri"
"3859843015","Ligusticum porteri",-107.003997,38.997497,2022,6,24,"US","HUMAN_OBSERVATION","Ligusticum porteri"
"4416812397","Ligusticum porteri",-106.988456,38.965445,2022,6,26,"US","HUMAN_OBSERVATION","Ligusticum porteri"
"3859764303","Ligusticum porteri",-106.986289,38.96151,2022,6,26,"US","HUMAN_OBSERVATION","Ligusticum porteri"
"4028619818","Ligusticum porteri",-107.043853,39.235787,2022,6,26,"US","HUMAN_OBSERVATION","Ligusticum porteri"
"3947643635","Ligusticum porteri",-105.291353,39.824117,2022,6,27,"US","HUMAN_OBSERVATION","Ligusticum porteri"
"3859976574","Ligusticum porteri",-106.988303,38.958233,2022,6,28,"US","HUMAN_OBSERVATION","Ligusticum porteri"
"3859893553","Ligusticum porteri",-107.053336,38.906978,2022,6,29,"US","HUMAN_OBSERVATION","Ligusticum porteri"
"3873028771","Ligusticum porteri",-112.831326,37.612358,2022,6,22,"US","HUMAN_OBSERVATION","Ligusticum porteri"
"3858931667","Ligusticum porteri",-106.9898,38.969033,2022,6,29,"US","HUMAN_OBSERVATION","Ligusticum porteri"
"4416644380","Ligusticum porteri",-106.98542,38.96112,2022,6,29,"US","HUMAN_OBSERVATION","Ligusticum porteri"
"3860057975","Ligusticum porteri",-107.022432,39.002729,2022,7,1,"US","HUMAN_OBSERVATION","Ligusticum porteri"
"3858776298","Ligusticum porteri",-107.112094,38.881817,2022,7,5,"US","HUMAN_OBSERVATION","Ligusticum porteri"
"4028616566","Ligusticum porteri",-106.202942,38.502492,2022,7,5,"US","HUMAN_OBSERVATION","Ligusticum porteri"
"3872907930","Ligusticum porteri",-112.831505,37.612628,2022,7,3,"US","HUMAN_OBSERVATION","Ligusticum porteri"
"4028597760","Ligusticum porteri",-108.367937,38.467455,2022,7,4,"US","HUMAN_OBSERVATION","Ligusticum porteri"
"3963389470","Ligusticum porteri",-106.585053,40.385033,2022,7,8,"US","HUMAN_OBSERVATION","Ligusticum porteri"
"3872999190","Ligusticum porteri",-107.160061,38.869522,2022,7,9,"US","HUMAN_OBSERVATION","Ligusticum porteri"
"4028816784","Ligusticum porteri",-108.130919,39.000756,2022,7,9,"US","HUMAN_OBSERVATION","Ligusticum porteri"
"3873645531","Ligusticum porteri",-112.82882,37.619545,2022,7,8,"US","HUMAN_OBSERVATION","Ligusticum porteri"
"3873884559","Ligusticum porteri",-106.993592,38.966192,2022,7,11,"US","HUMAN_OBSERVATION","Ligusticum porteri"
"3872884293","Ligusticum porteri",-107.106964,38.88325,2022,7,11,"US","HUMAN_OBSERVATION","Ligusticum porteri"
"4018250560","Ligusticum porteri",-106.986538,38.872291,2022,7,11,"US","HUMAN_OBSERVATION","Ligusticum porteri"
"4018433575","Ligusticum porteri",-106.99431,38.873474,2022,7,11,"US","HUMAN_OBSERVATION","Ligusticum porteri"
"3873779444","Ligusticum porteri",-106.992955,38.871934,2022,7,11,"US","HUMAN_OBSERVATION","Ligusticum porteri"
"3873144476","Ligusticum porteri",-107.103754,38.887536,2022,7,11,"US","HUMAN_OBSERVATION","Ligusticum porteri"
"3873341392","Ligusticum porteri",-107.0761,38.995286,2022,7,13,"US","HUMAN_OBSERVATION","Ligusticum porteri"
"3873619576","Ligusticum porteri",-107.008671,38.963155,2022,7,13,"US","HUMAN_OBSERVATION","Ligusticum porteri"
"3873822378","Ligusticum porteri",-106.961294,38.890936,2022,7,14,"US","HUMAN_OBSERVATION","Ligusticum porteri"
"4018281560","Ligusticum porteri",-107.044067,39.012346,2022,7,16,"US","HUMAN_OBSERVATION","Ligusticum porteri"
"3873345482","Ligusticum porteri",-106.98102,38.957703,2022,7,17,"US","HUMAN_OBSERVATION","Ligusticum porteri"
"3874019219","Ligusticum porteri",-106.672216,40.367012,2022,7,19,"US","HUMAN_OBSERVATION","Ligusticum porteri"
"3873642565","Ligusticum porteri",-105.425361,36.559047,2022,7,12,"US","HUMAN_OBSERVATION","Ligusticum porteri"
"3873891403","Ligusticum porteri",-107.094758,38.777122,2022,7,17,"US","HUMAN_OBSERVATION","Ligusticum porteri"
"3881366628","Ligusticum porteri",-106.9887,38.95913,2022,7,26,"US","HUMAN_OBSERVATION","Ligusticum porteri"
"4075750017","Ligusticum porteri",-107.033614,39.031436,2022,7,18,"US","HUMAN_OBSERVATION","Ligusticum porteri"
"4116596746","Ligusticum porteri",-106.987823,38.869715,2022,7,6,"US","HUMAN_OBSERVATION","Ligusticum porteri"
"4171526643","Ligusticum porteri",-105.474826,36.613798,2022,7,15,"US","HUMAN_OBSERVATION","Ligusticum porteri"
"4015218604","Ligusticum porteri",-106.947558,38.905328,2022,8,3,"US","HUMAN_OBSERVATION","Ligusticum porteri"
"3892324647","Ligusticum porteri",-106.314172,39.129543,2022,8,10,"US","HUMAN_OBSERVATION","Ligusticum porteri"
"4046252546","Ligusticum porteri",-106.411796,39.427481,2022,8,14,"US","HUMAN_OBSERVATION","Ligusticum porteri"
"4046312565","Ligusticum porteri",-105.560788,40.089376,2022,8,22,"US","HUMAN_OBSERVATION","Ligusticum porteri"
"4009752889","Ligusticum porteri",-107.413859,40.83215,2022,8,28,"US","HUMAN_OBSERVATION","Ligusticum porteri"
"3384624764","Ligusticum porteri",-105.059098,39.421754,2021,6,21,"US","HUMAN_OBSERVATION","Ligusticum porteri"
"4416676337","Ligusticum porteri",-107.019508,38.999496,2021,6,23,"US","HUMAN_OBSERVATION","Ligusticum porteri"
"3314271436","Ligusticum porteri",-106.984515,38.94401,2021,6,23,"US","HUMAN_OBSERVATION","Ligusticum porteri"
"3314277554","Ligusticum porteri",-107.272597,38.954385,2021,6,24,"US","HUMAN_OBSERVATION","Ligusticum porteri"
"4416751358","Ligusticum porteri",-107.010209,38.90076,2021,6,27,"US","HUMAN_OBSERVATION","Ligusticum porteri"
"3320988384","Ligusticum porteri",-106.991206,38.95872,2021,6,30,"US","HUMAN_OBSERVATION","Ligusticum porteri"
"3455557701","Ligusticum porteri",-105.375734,40.153501,2021,6,23,"US","HUMAN_OBSERVATION","Ligusticum porteri"
"3747042811","Ligusticum porteri",-106.875072,38.949217,2021,7,24,"US","HUMAN_OBSERVATION","Ligusticum porteri"
"4416830330","Ligusticum porteri",-106.993105,38.964764,2021,7,2,"US","HUMAN_OBSERVATION","Ligusticum porteri"
"3465931684","Ligusticum porteri",-107.009268,38.990715,2021,7,2,"US","HUMAN_OBSERVATION","Ligusticum porteri"
"3325837146","Ligusticum porteri",-107.009168,38.990691,2021,7,2,"US","HUMAN_OBSERVATION","Ligusticum porteri"
"3325867428","Ligusticum porteri",-107.004669,38.988555,2021,7,5,"US","HUMAN_OBSERVATION","Ligusticum porteri"
"4416809375","Ligusticum porteri",-106.985866,38.959858,2021,7,9,"US","HUMAN_OBSERVATION","Ligusticum porteri"
"3802706379","Ligusticum porteri",-112.831161,37.612222,2021,7,9,"US","HUMAN_OBSERVATION","Ligusticum porteri"
"3327678109","Ligusticum porteri",-106.986222,39.024508,2021,7,11,"US","HUMAN_OBSERVATION","Ligusticum porteri"
"3327735231","Ligusticum porteri",-107.19255,38.887878,2021,7,10,"US","HUMAN_OBSERVATION","Ligusticum porteri"
"3327680241","Ligusticum porteri",-107.192488,38.887783,2021,7,10,"US","HUMAN_OBSERVATION","Ligusticum porteri"
"3355436584","Ligusticum porteri",-106.770106,37.460143,2021,7,11,"US","HUMAN_OBSERVATION","Ligusticum porteri"
"3330696901","Ligusticum porteri",-106.986033,38.963825,2021,7,14,"US","HUMAN_OBSERVATION","Ligusticum porteri"
"3330406922","Ligusticum porteri",-107.074202,38.865085,2021,7,13,"US","HUMAN_OBSERVATION","Ligusticum porteri"
"3330631056","Ligusticum porteri",-106.961085,38.900353,2021,7,18,"US","HUMAN_OBSERVATION","Ligusticum porteri"
"3333137795","Ligusticum porteri",-106.277856,41.363583,2021,7,23,"US","HUMAN_OBSERVATION","Ligusticum porteri"
"3333117911","Ligusticum porteri",-106.983445,39.0964,2021,7,24,"US","HUMAN_OBSERVATION","Ligusticum porteri"
"4400093348","Ligusticum porteri",-111.61258,40.702043,2021,7,22,"US","HUMAN_OBSERVATION","Ligusticum porteri"
"4416823329","Ligusticum porteri",-106.976883,38.976688,2021,7,26,"US","HUMAN_OBSERVATION","Ligusticum porteri"
"3333463567","Ligusticum porteri",-106.886588,38.807537,2021,7,29,"US","HUMAN_OBSERVATION","Ligusticum porteri"
"3355007677","Ligusticum porteri",-112.829445,37.615658,2021,7,15,"US","HUMAN_OBSERVATION","Ligusticum porteri"
"3335117101","Ligusticum porteri",-105.572808,40.203903,2021,7,26,"US","HUMAN_OBSERVATION","Ligusticum porteri"
"3355433710","Ligusticum porteri",-112.832871,37.611699,2021,7,9,"US","HUMAN_OBSERVATION","Ligusticum porteri"
"3455318463","Ligusticum porteri",-106.225846,41.58572,2021,8,1,"US","HUMAN_OBSERVATION","Ligusticum porteri"
"3859108858","Ligusticum porteri",-112.843972,37.608187,2021,10,4,"US","HUMAN_OBSERVATION","Ligusticum porteri"
"3067042361","Ligusticum porteri",-104.45487,37.00503,2020,6,29,"US","PRESERVED_SPECIMEN","Ligusticum porteri"
"2641561318","Ligusticum porteri",-106.95703,38.902533,2020,6,8,"US","HUMAN_OBSERVATION","Ligusticum porteri"
"2802977412","Ligusticum porteri",-106.95723,38.902508,2020,6,8,"US","HUMAN_OBSERVATION","Ligusticum porteri"
"4103123565","Ligusticum porteri",-106.978037,39.021603,2020,7,5,"US","HUMAN_OBSERVATION","Ligusticum porteri"
"4416946312","Ligusticum porteri",-106.987259,38.963868,2020,7,1,"US","HUMAN_OBSERVATION","Ligusticum porteri"
"4416824318","Ligusticum porteri",-106.992223,38.966062,2020,7,1,"US","HUMAN_OBSERVATION","Ligusticum porteri"
"2988310520","Ligusticum porteri",-112.854133,37.598208,2020,7,2,"US","HUMAN_OBSERVATION","Ligusticum porteri"
"3124494345","Ligusticum porteri",-106.986445,38.963971,2020,7,8,"US","HUMAN_OBSERVATION","Ligusticum porteri"
"2814093022","Ligusticum porteri",-106.986505,38.964055,2020,7,8,"US","HUMAN_OBSERVATION","Ligusticum porteri"
"2818579738","Ligusticum porteri",-107.160683,39.017417,2020,7,10,"US","HUMAN_OBSERVATION","Ligusticum porteri"
"4416769337","Ligusticum porteri",-107.046036,39.025817,2020,7,3,"US","HUMAN_OBSERVATION","Ligusticum porteri"
"2818553986","Ligusticum porteri",-106.95819,38.975501,2020,7,12,"US","HUMAN_OBSERVATION","Ligusticum porteri"
"2818558997","Ligusticum porteri",-106.958178,38.975517,2020,7,12,"US","HUMAN_OBSERVATION","Ligusticum porteri"
"4416847310","Ligusticum porteri",-106.958084,38.975567,2020,7,12,"US","HUMAN_OBSERVATION","Ligusticum porteri"
"2823127660","Ligusticum porteri",-107.717924,37.89591,2020,7,16,"US","HUMAN_OBSERVATION","Ligusticum porteri"
"2823081638","Ligusticum porteri",-107.716065,37.823817,2020,7,16,"US","HUMAN_OBSERVATION","Ligusticum porteri"
"3355099399","Ligusticum porteri",-109.217706,38.454807,2020,7,19,"US","HUMAN_OBSERVATION","Ligusticum porteri"
"2823321201","Ligusticum porteri",-109.853133,32.657616,2020,7,18,"US","HUMAN_OBSERVATION","Ligusticum porteri"
"3314476356","Ligusticum porteri",-106.814766,37.497471,2020,7,7,"US","HUMAN_OBSERVATION","Ligusticum porteri"
"2826398049","Ligusticum porteri",-106.78276,37.30619,2020,7,21,"US","HUMAN_OBSERVATION","Ligusticum porteri"
"3058996677","Ligusticum porteri",-107.186464,38.85225,2020,7,13,"US","HUMAN_OBSERVATION","Ligusticum porteri"
"3456532266","Ligusticum porteri",-112.850289,37.611093,2020,7,19,"US","HUMAN_OBSERVATION","Ligusticum porteri"
"2850751203","Ligusticum porteri",-107.067383,38.973131,2020,8,14,"US","HUMAN_OBSERVATION","Ligusticum porteri"
"3031881891","Ligusticum porteri",-104.450988,37.041303,2020,8,19,"US","HUMAN_OBSERVATION","Ligusticum porteri"
"4416900348","Ligusticum porteri",-107.091222,39.000459,2020,8,1,"US","HUMAN_OBSERVATION","Ligusticum porteri"
"4416822315","Ligusticum porteri",-106.99488,38.968158,2019,6,14,"US","HUMAN_OBSERVATION","Ligusticum porteri"
"4416872317","Ligusticum porteri",-106.977299,38.976461,2019,7,6,"US","HUMAN_OBSERVATION","Ligusticum porteri"
"4416934320","Ligusticum porteri",-106.983678,38.966341,2019,7,6,"US","HUMAN_OBSERVATION","Ligusticum porteri"
"4171264343","Ligusticum porteri",-112.836974,37.61232,2019,7,27,"US","HUMAN_OBSERVATION","Ligusticum porteri"
"3109004350","Ligusticum porteri",-107.411534,39.782656,2019,7,31,"US","HUMAN_OBSERVATION","Ligusticum porteri"
"3067047362","Ligusticum porteri",-104.46099,37.05519,2019,7,26,"US","PRESERVED_SPECIMEN","Ligusticum porteri"
"4009698359","Ligusticum porteri",-105.306236,39.994356,2019,7,27,"US","HUMAN_OBSERVATION","Ligusticum porteri"
"3759617134","Ligusticum porteri",-107.815443,38.008981,2019,8,12,"US","HUMAN_OBSERVATION","Ligusticum porteri"
"2422872251","Ligusticum porteri",-107.716483,37.894586,2019,8,8,"US","HUMAN_OBSERVATION","Ligusticum porteri"
"4416854305","Ligusticum porteri",-107.022555,39.002506,2019,8,12,"US","HUMAN_OBSERVATION","Ligusticum porteri"
"2465117255","Ligusticum porteri",-107.099717,38.891217,2019,8,4,"US","HUMAN_OBSERVATION","Ligusticum porteri"
"4416934321","Ligusticum porteri",-107.004036,38.994039,2019,8,3,"US","HUMAN_OBSERVATION","Ligusticum porteri"
"3314426341","Ligusticum porteri",-106.94718,38.987653,2019,8,15,"US","HUMAN_OBSERVATION","Ligusticum porteri"
"3070483751","Ligusticum porteri",-106.411407,35.168583,2019,9,5,"US","HUMAN_OBSERVATION","Ligusticum porteri"
"1899751412","Ligusticum porteri",-108.658087,38.546835,2018,5,26,"US","HUMAN_OBSERVATION","Ligusticum porteri"
"2005260901","Ligusticum porteri",-107.022866,39.002244,2018,6,15,"US","HUMAN_OBSERVATION","Ligusticum porteri"
"2005260900","Ligusticum porteri",-107.022343,39.002735,2018,6,15,"US","HUMAN_OBSERVATION","Ligusticum porteri"
"1883911935","Ligusticum porteri",-112.837311,37.612811,2018,6,22,"US","HUMAN_OBSERVATION","Ligusticum porteri"
"1880600706","Ligusticum porteri",-106.498453,37.090027,2018,6,29,"US","HUMAN_OBSERVATION","Ligusticum porteri"
"2005261822","Ligusticum porteri",-106.981318,38.960064,2018,6,30,"US","HUMAN_OBSERVATION","Ligusticum porteri"
"2610943343","Ligusticum porteri",-107.222447,38.869958,2018,6,21,"US","HUMAN_OBSERVATION","Ligusticum porteri"
"3325580314","Ligusticum porteri",-112.807163,37.409722,2018,6,10,"US","HUMAN_OBSERVATION","Ligusticum porteri"
"2005261933","Ligusticum porteri",-106.976527,38.977053,2018,7,1,"US","HUMAN_OBSERVATION","Ligusticum porteri"
"2005261936","Ligusticum porteri",-106.98392,38.968873,2018,7,1,"US","HUMAN_OBSERVATION","Ligusticum porteri"
"2005262346","Ligusticum porteri",-106.967361,38.933487,2018,7,6,"US","HUMAN_OBSERVATION","Ligusticum porteri"
"2005262398","Ligusticum porteri",-106.95355,38.955399,2018,7,7,"US","HUMAN_OBSERVATION","Ligusticum porteri"
"1883478692","Ligusticum porteri",-107.726963,37.894871,2018,7,7,"US","HUMAN_OBSERVATION","Ligusticum porteri"
"1883515220","Ligusticum porteri",-107.093736,38.842587,2018,7,7,"US","HUMAN_OBSERVATION","Ligusticum porteri"
"2005262796","Ligusticum porteri",-107.023029,39.002553,2018,7,13,"US","HUMAN_OBSERVATION","Ligusticum porteri"
"1890043710","Ligusticum porteri",-112.830422,37.612715,2018,7,22,"US","HUMAN_OBSERVATION","Ligusticum porteri"
"2573789780","Ligusticum porteri",-107.138231,39.277111,2018,8,24,"US","HUMAN_OBSERVATION","Ligusticum porteri"
"2005267267","Ligusticum porteri",-107.015167,39.129342,2018,8,9,"US","HUMAN_OBSERVATION","Ligusticum porteri"
"4061119578","Ligusticum porteri",-106.162778,41.348056,2018,8,7,"US","PRESERVED_SPECIMEN","Ligusticum porteri"
"4061126280","Ligusticum porteri",-106.233611,41.357778,2018,8,7,"US","PRESERVED_SPECIMEN","Ligusticum porteri"
"4061682119","Ligusticum porteri",-106.378889,41.324445,2018,8,7,"US","PRESERVED_SPECIMEN","Ligusticum porteri"
"4061832722","Ligusticum porteri",-106.955833,41.153333,2018,8,7,"US","PRESERVED_SPECIMEN","Ligusticum porteri"
"4061103254","Ligusticum porteri",-107.070278,40.201944,2018,8,8,"US","PRESERVED_SPECIMEN","Ligusticum porteri"
"4061851923","Ligusticum porteri",-106.985278,40.080278,2018,8,8,"US","PRESERVED_SPECIMEN","Ligusticum porteri"
"4061148544","Ligusticum porteri",-106.437222,39.591944,2018,8,8,"US","PRESERVED_SPECIMEN","Ligusticum porteri"
"4061682120","Ligusticum porteri",-107.283056,39.128611,2018,8,9,"US","PRESERVED_SPECIMEN","Ligusticum porteri"
"4061151937","Ligusticum porteri",-107.502778,39.121389,2018,8,9,"US","PRESERVED_SPECIMEN","Ligusticum porteri"
"4061148545","Ligusticum porteri",-107.336111,38.8925,2018,8,9,"US","PRESERVED_SPECIMEN","Ligusticum porteri"
"4061674176","Ligusticum porteri",-107.275833,38.924722,2018,8,9,"US","PRESERVED_SPECIMEN","Ligusticum porteri"
"4061735327","Ligusticum porteri",-107.215556,38.892778,2018,8,9,"US","PRESERVED_SPECIMEN","Ligusticum porteri"
"4061142789","Ligusticum porteri",-107.6225,38.184167,2018,8,10,"US","PRESERVED_SPECIMEN","Ligusticum porteri"
"4061880489","Ligusticum porteri",-107.708333,37.902778,2018,8,10,"US","PRESERVED_SPECIMEN","Ligusticum porteri"
"4061123851","Ligusticum porteri",-107.673056,37.7675,2018,8,10,"US","PRESERVED_SPECIMEN","Ligusticum porteri"
"4061674177","Ligusticum porteri",-108.048611,37.420278,2018,8,10,"US","PRESERVED_SPECIMEN","Ligusticum porteri"
"4061682121","Ligusticum porteri",-112.842778,37.580278,2018,8,12,"US","PRESERVED_SPECIMEN","Ligusticum porteri"
"4061880490","Ligusticum porteri",-111.896111,37.752222,2018,8,12,"US","PRESERVED_SPECIMEN","Ligusticum porteri"
"4061148546","Ligusticum porteri",-111.881944,37.832778,2018,8,12,"US","PRESERVED_SPECIMEN","Ligusticum porteri"
"4062155267","Ligusticum porteri",-111.88,37.845833,2018,8,12,"US","PRESERVED_SPECIMEN","Ligusticum porteri"
"4061148547","Ligusticum porteri",-111.478056,38.580833,2018,8,13,"US","PRESERVED_SPECIMEN","Ligusticum porteri"
"4061151938","Ligusticum porteri",-111.576944,38.989444,2018,8,13,"US","PRESERVED_SPECIMEN","Ligusticum porteri"
"4061126461","Ligusticum porteri",-111.555278,39.028889,2018,8,13,"US","PRESERVED_SPECIMEN","Ligusticum porteri"
"2806583440","Ligusticum porteri",-111.554722,39.065556,2018,8,13,"US","PRESERVED_SPECIMEN","Ligusticum porteri"
"2806612442","Ligusticum porteri",-111.528056,39.06,2018,8,13,"US","PRESERVED_SPECIMEN","Ligusticum porteri"
"4061123852","Ligusticum porteri",-111.519722,39.141667,2018,8,14,"US","PRESERVED_SPECIMEN","Ligusticum porteri"
"4062155268","Ligusticum porteri",-111.500833,39.086944,2018,8,14,"US","PRESERVED_SPECIMEN","Ligusticum porteri"
"4061123853","Ligusticum porteri",-111.484444,39.131111,2018,8,14,"US","PRESERVED_SPECIMEN","Ligusticum porteri"
"4062155269","Ligusticum porteri",-111.488055,39.1575,2018,8,14,"US","PRESERVED_SPECIMEN","Ligusticum porteri"
"4061674178","Ligusticum porteri",-111.476111,39.232222,2018,8,14,"US","PRESERVED_SPECIMEN","Ligusticum porteri"
"1901045959","Ligusticum porteri",-109.289325,38.474997,2018,9,1,"US","HUMAN_OBSERVATION","Ligusticum porteri"
"1949981786","Ligusticum porteri",-112.84726,37.609501,2018,9,9,"US","HUMAN_OBSERVATION","Ligusticum porteri"
"1920793265","Ligusticum porteri",-112.831235,37.61103,2018,9,24,"US","HUMAN_OBSERVATION","Ligusticum porteri"
"4162261444","Ligusticum porteri",-112.830941,37.610481,2017,6,28,"US","HUMAN_OBSERVATION","Ligusticum porteri"
"3327481457","Ligusticum porteri",-105.043368,39.310468,2017,6,6,"US","MATERIAL_SAMPLE","Ligusticum porteri"
"3327482161","Ligusticum porteri",-105.04379,39.31049,2017,6,7,"US","MATERIAL_SAMPLE","Ligusticum porteri"
"1571159002","Ligusticum porteri",-106.991618,38.961944,2017,6,19,"US","HUMAN_OBSERVATION","Ligusticum porteri"
"1571182515","Ligusticum porteri",-106.984313,38.959337,2017,6,25,"US","HUMAN_OBSERVATION","Ligusticum porteri"
"2005404810","Ligusticum porteri",-107.022524,39.002692,2017,6,28,"US","HUMAN_OBSERVATION","Ligusticum porteri"
"3705382661","Ligusticum porteri",-107.746839,37.91131,2017,7,8,"US","HUMAN_OBSERVATION","Ligusticum porteri"
"2005272740","Ligusticum porteri",-107.261314,40.133373,2017,7,15,"US","HUMAN_OBSERVATION","Ligusticum porteri"
"3327482003","Ligusticum porteri",-105.04117,39.30975,2017,7,11,"US","MATERIAL_SAMPLE","Ligusticum porteri"
"1572381626","Ligusticum porteri",-108.178061,38.317576,2017,7,6,"US","HUMAN_OBSERVATION","Ligusticum porteri"
"1580489867","Ligusticum porteri",-107.000645,38.980561,2017,7,9,"US","HUMAN_OBSERVATION","Ligusticum porteri"
"1580510565","Ligusticum porteri",-107.061984,38.841685,2017,7,18,"US","HUMAN_OBSERVATION","Ligusticum porteri"
"2005405079","Ligusticum porteri",-105.552987,40.136739,2017,7,14,"US","HUMAN_OBSERVATION","Ligusticum porteri"
"2005405214","Ligusticum porteri",-106.975135,38.978334,2017,7,30,"US","HUMAN_OBSERVATION","Ligusticum porteri"
"2005405212","Ligusticum porteri",-106.975009,38.978297,2017,7,30,"US","HUMAN_OBSERVATION","Ligusticum porteri"
"2005405232","Ligusticum porteri",-107.063244,38.880526,2017,7,31,"US","HUMAN_OBSERVATION","Ligusticum porteri"
"2235688570","Ligusticum porteri",-105.4668,39.87104,2017,8,17,"US","MATERIAL_SAMPLE","Ligusticum porteri"
"4129972466","Ligusticum porteri",-105.303788,39.63413,2016,6,25,"US","HUMAN_OBSERVATION","Ligusticum porteri"
"2981011304","Ligusticum porteri",-106.991345,38.951717,2016,6,29,"US","HUMAN_OBSERVATION","Ligusticum porteri"
"1291096859","Ligusticum porteri",-106.989767,38.959158,2016,6,29,"US","HUMAN_OBSERVATION","Ligusticum porteri"
"4075684957","Ligusticum porteri",-107.033592,38.971211,2016,7,22,"US","HUMAN_OBSERVATION","Ligusticum porteri"
"1291101345","Ligusticum porteri",-107.022876,39.002264,2016,7,2,"US","HUMAN_OBSERVATION","Ligusticum porteri"
"1291101261","Ligusticum porteri",-107.021907,39.003196,2016,7,2,"US","HUMAN_OBSERVATION","Ligusticum porteri"
"2005402292","Ligusticum porteri",-106.978081,38.978203,2016,7,3,"US","HUMAN_OBSERVATION","Ligusticum porteri"
"2005402325","Ligusticum porteri",-107.033836,38.984024,2016,7,9,"US","HUMAN_OBSERVATION","Ligusticum porteri"
"1978470285","Ligusticum porteri",-112.835013,37.61208,2016,7,8,"US","HUMAN_OBSERVATION","Ligusticum porteri"
"1291130827","Ligusticum porteri",-106.968475,38.969119,2016,7,15,"US","HUMAN_OBSERVATION","Ligusticum porteri"
"1291666298","Ligusticum porteri",-106.995277,38.96389,2016,7,15,"US","HUMAN_OBSERVATION","Ligusticum porteri"
"3712537303","Ligusticum porteri",-107.727552,37.89999,2016,7,26,"US","HUMAN_OBSERVATION","Ligusticum porteri"
"2574119964","Ligusticum porteri",-105.062539,39.42662,2015,6,8,"US","HUMAN_OBSERVATION","Ligusticum porteri"
"3873615805","Ligusticum porteri",-107.803798,37.819106,2015,8,19,"US","HUMAN_OBSERVATION","Ligusticum porteri"
"2573462340","Ligusticum porteri",-106.68723,37.38018,2014,8,16,"US","PRESERVED_SPECIMEN","Ligusticum porteri"
"3398508312","Ligusticum porteri",-111.499,39.1378,2014,8,5,"US","PRESERVED_SPECIMEN","Ligusticum porteri"
"1457370404","Ligusticum porteri",-108.169658,32.930955,2014,10,21,"US","PRESERVED_SPECIMEN","Ligusticum porteri"
"1457370379","Ligusticum porteri",-108.169658,32.930955,2014,10,21,"US","PRESERVED_SPECIMEN","Ligusticum porteri"
"2573461569","Ligusticum porteri",-106.80084,37.12348,2013,6,10,"US","PRESERVED_SPECIMEN","Ligusticum porteri"
"4073712087","Ligusticum porteri",-106.9827,38.9565,2013,6,28,"US","PRESERVED_SPECIMEN","Ligusticum porteri"
"4073715800","Ligusticum porteri",-106.9827,38.9565,2013,6,28,"US","PRESERVED_SPECIMEN","Ligusticum porteri"
"1929851485","Ligusticum porteri",-106.80025,37.12347,2013,6,10,"US","PRESERVED_SPECIMEN","Ligusticum porteri"
"2283013120","Ligusticum porteri",-112.834421,37.611197,2013,7,12,"US","HUMAN_OBSERVATION","Ligusticum porteri"
"2573463886","Ligusticum porteri",-106.51849,37.29833,2013,7,3,"US","PRESERVED_SPECIMEN","Ligusticum porteri"
"1990674958","Ligusticum porteri",-106.4816,37.0481,2013,7,17,"US","PRESERVED_SPECIMEN","Ligusticum porteri"
"2573342132","Ligusticum porteri",-107.70861,38.9371,2012,7,2,"US","PRESERVED_SPECIMEN","Ligusticum porteri"
"4073753653","Ligusticum porteri",-106.97955,38.97291,2012,7,27,"US","PRESERVED_SPECIMEN","Ligusticum porteri"
"1671732673","Ligusticum porteri",-105.59,36.620192,2011,6,25,"US","HUMAN_OBSERVATION","Ligusticum porteri"
"2573434615","Ligusticum porteri",-108.426333,37.758,2011,7,2,"US","PRESERVED_SPECIMEN","Ligusticum porteri"
"2803168331","Ligusticum porteri",-107.026304,38.847222,2011,7,16,"US","HUMAN_OBSERVATION","Ligusticum porteri"
"1671731843","Ligusticum porteri",-105.439256,36.601424,2011,7,11,"US","HUMAN_OBSERVATION","Ligusticum porteri"
"1257776052","Ligusticum porteri",-106.152222,41.1775,2011,7,27,"US","PRESERVED_SPECIMEN","Ligusticum porteri"
"4031831957","Ligusticum porteri",-106.152222,41.1775,2011,7,27,"US","PRESERVED_SPECIMEN","Ligusticum porteri"
"4073729086","Ligusticum porteri",-106.99018,38.95633,2010,7,8,"US","PRESERVED_SPECIMEN","Ligusticum porteri"
"4068936466","Ligusticum porteri",-112.824444,37.731111,2010,7,16,"US","PRESERVED_SPECIMEN","Ligusticum porteri"
"1141840189","Ligusticum porteri",-106.8289,37.47865,2010,8,7,"US","PRESERVED_SPECIMEN","Ligusticum porteri"
"1141840202","Ligusticum porteri",-106.8289,37.47865,2010,8,7,"US","PRESERVED_SPECIMEN","Ligusticum porteri"
"1050234146","Ligusticum porteri",-107.85233,33.03049,2009,7,9,"US","PRESERVED_SPECIMEN","Ligusticum porteri"
"4162233492","Ligusticum porteri",-105.114742,39.495064,2007,6,16,"US","HUMAN_OBSERVATION","Ligusticum porteri"
"2422487891","Ligusticum porteri",-114.21198,38.85905,2007,6,6,"US","PRESERVED_SPECIMEN","Ligusticum porteri"
"2573461113","Ligusticum porteri",-106.4203,41.1341,2007,6,27,"US","PRESERVED_SPECIMEN","Ligusticum porteri"
"2573341603","Ligusticum porteri",-107.5241,37.76983,2007,7,7,"US","PRESERVED_SPECIMEN","Ligusticum porteri"
"1928117046","Ligusticum porteri",-107.526076,37.76961,2007,7,7,"US","PRESERVED_SPECIMEN","Ligusticum porteri"
"3125232442","Ligusticum porteri",-106.2736,41.3542,2007,7,5,"US","PRESERVED_SPECIMEN","Ligusticum porteri"
"1928413495","Ligusticum porteri",-106.2301,41.2913,2007,7,27,"US","PRESERVED_SPECIMEN","Ligusticum porteri"
"2573457129","Ligusticum porteri",-106.2759,41.2688,2007,7,16,"US","PRESERVED_SPECIMEN","Ligusticum porteri"
"1931032200","Ligusticum porteri",-106.1844,41.3862,2007,7,5,"US","PRESERVED_SPECIMEN","Ligusticum porteri"
"3125237430","Ligusticum porteri",-106.309,41.078,2007,8,3,"US","PRESERVED_SPECIMEN","Ligusticum porteri"
"2573459034","Ligusticum porteri",-106.3821,41.2711,2007,8,8,"US","PRESERVED_SPECIMEN","Ligusticum porteri"
"1928647907","Ligusticum porteri",-112.0572043,36.2430611,2007,8,6,"US","PRESERVED_SPECIMEN","Ligusticum porteri"
"1930131543","Ligusticum porteri",-111.30389,38.08161,2006,6,19,"US","PRESERVED_SPECIMEN","Ligusticum porteri"
"2573341727","Ligusticum porteri",-105.849688,38.349045,2006,7,11,"US","PRESERVED_SPECIMEN","Ligusticum porteri"
"3467206844","Ligusticum porteri",-111.859,35.0369,2006,8,22,"US","PRESERVED_SPECIMEN","Ligusticum porteri"
"2422430997","Ligusticum porteri",-109.58589,40.63006,2005,6,28,"US","PRESERVED_SPECIMEN","Ligusticum porteri"
"1930093249","Ligusticum porteri",-109.59,40.63,2005,6,28,"US","PRESERVED_SPECIMEN","Ligusticum porteri"
"3415764214","Ligusticum porteri",-112.843867,37.662391,2005,7,23,"US","HUMAN_OBSERVATION","Ligusticum porteri"
"2573340740","Ligusticum porteri",-107.57654,38.4878,2004,6,28,"US","PRESERVED_SPECIMEN","Ligusticum porteri"
"3125241440","Ligusticum porteri",-112.0922,36.36812,2004,7,27,"US","PRESERVED_SPECIMEN","Ligusticum porteri"
"2422422691","Ligusticum porteri",-111.36883,38.1005,2004,8,10,"US","PRESERVED_SPECIMEN","Ligusticum porteri"
"1848025075","Ligusticum porteri",-106.199167,36.639,2004,8,21,"US","PRESERVED_SPECIMEN","Ligusticum porteri"
"2573341140","Ligusticum porteri",-107.69004,38.55255,2003,6,28,"US","PRESERVED_SPECIMEN","Ligusticum porteri"
"2573341771","Ligusticum porteri",-105.554167,39.979167,2003,7,10,"US","PRESERVED_SPECIMEN","Ligusticum porteri"
"1259145206","Ligusticum porteri",-105.55416,39.97916,2003,7,10,"US","PRESERVED_SPECIMEN","Ligusticum porteri"
"2573342555","Ligusticum porteri",-106.13833,40.16722,2002,8,18,"US","PRESERVED_SPECIMEN","Ligusticum porteri"
"240493134","Ligusticum porteri",-111.653683,39.940333,2001,6,21,"US","PRESERVED_SPECIMEN","Ligusticum porteri"
"1929772191","Ligusticum porteri",-109.6,40.91,2001,6,25,"US","PRESERVED_SPECIMEN","Ligusticum porteri"
"1258818743","Ligusticum porteri",-109.99888,40.58555,2001,6,22,"US","PRESERVED_SPECIMEN","Ligusticum porteri"
"1258818729","Ligusticum porteri",-110.08333,40.61666,2001,6,22,"US","PRESERVED_SPECIMEN","Ligusticum porteri"
"176974024","Ligusticum porteri",-105.433333,40.175278,2001,8,8,"US","PRESERVED_SPECIMEN","Ligusticum porteri"
"176974505","Ligusticum porteri",-105.433333,40.175278,2001,8,8,"US","PRESERVED_SPECIMEN","Ligusticum porteri"
"1258109650","Ligusticum porteri",-106.650833,37.246111,2001,8,8,"US","PRESERVED_SPECIMEN","Ligusticum porteri"
"2422419722","Ligusticum porteri",-109.28722,31.87667,2001,9,2,"US","PRESERVED_SPECIMEN","Ligusticum porteri"
"1928390466","Ligusticum porteri",-113.99,37.5,2000,6,10,"US","PRESERVED_SPECIMEN","Ligusticum porteri"
"2573338243","Ligusticum porteri",-106.985619,39.036275,2000,7,1,"US","PRESERVED_SPECIMEN","Ligusticum porteri"
"233099628","Ligusticum porteri",-105.016667,37.345,2000,8,22,"US","PRESERVED_SPECIMEN","Ligusticum porteri"
"2573341601","Ligusticum porteri",-105.797442,38.189042,2000,8,23,"US","PRESERVED_SPECIMEN","Ligusticum porteri"
"1930970418","Ligusticum porteri",-105.0167,37.345,2000,8,22,"US","PRESERVED_SPECIMEN","Ligusticum porteri"
"2573342435","Ligusticum porteri",-105.58122,38.07421,1999,7,22,"US","PRESERVED_SPECIMEN","Ligusticum porteri"
"1930618413","Ligusticum porteri",-110.8447,39.8881,1999,8,9,"US","PRESERVED_SPECIMEN","Ligusticum porteri"
"2573342500","Ligusticum porteri",-105.4153,37.8634,1998,7,10,"US","PRESERVED_SPECIMEN","Ligusticum porteri"
"2573342230","Ligusticum porteri",-105.18416,37.59302,1998,7,6,"US","PRESERVED_SPECIMEN","Ligusticum porteri"
"1258479411","Ligusticum porteri",-105.43222,36.09166,1998,7,1,"US","PRESERVED_SPECIMEN","Ligusticum porteri"
"1234285896","Ligusticum porteri",-105.056111,37.984444,1998,8,13,"US","PRESERVED_SPECIMEN","Ligusticum porteri"
"176974514","Ligusticum porteri",-105.048056,37.982778,1998,8,13,"US","PRESERVED_SPECIMEN","Ligusticum porteri"
"3747796323","Ligusticum porteri",-105.061157,37.3707,1998,8,11,"US","PRESERVED_SPECIMEN","Ligusticum porteri"
"2573340709","Ligusticum porteri",-105.573032,38.168225,1997,7,12,"US","PRESERVED_SPECIMEN","Ligusticum porteri"
"1930157056","Ligusticum porteri",-106.25,41.42,1997,7,18,"US","PRESERVED_SPECIMEN","Ligusticum porteri"
"2573339864","Ligusticum porteri",-105.217722,39.906699,1996,6,13,"US","PRESERVED_SPECIMEN","Ligusticum porteri"
"2573341910","Ligusticum porteri",-105.217722,39.906699,1996,6,13,"US","PRESERVED_SPECIMEN","Ligusticum porteri"
"3125231416","Ligusticum porteri",-109.29139,31.84611,1996,7,20,"US","PRESERVED_SPECIMEN","Ligusticum porteri"
"3760415253","Ligusticum porteri",-109.29139,31.84611,1996,7,20,"US","PRESERVED_SPECIMEN","Ligusticum porteri"
"3125104407","Ligusticum porteri",-109.85833,32.65833,1996,8,11,"US","PRESERVED_SPECIMEN","Ligusticum porteri"
"3308501988","Ligusticum porteri",-109.85833,32.65833,1996,8,11,"US","PRESERVED_SPECIMEN","Ligusticum porteri"
"1927905273","Ligusticum porteri",-108.2047,37.5669,1995,7,8,"US","PRESERVED_SPECIMEN","Ligusticum porteri"
"2573340274","Ligusticum porteri",-108.266849,37.706174,1995,7,10,"US","PRESERVED_SPECIMEN","Ligusticum porteri"
"1928909571","Ligusticum porteri",-109.49,37.81,1995,7,28,"US","PRESERVED_SPECIMEN","Ligusticum porteri"
"2573343009","Ligusticum porteri",-107.102023,39.146823,1995,8,18,"US","PRESERVED_SPECIMEN","Ligusticum porteri"
"1929762512","Ligusticum porteri",-106.2337,41.3684,1995,8,19,"US","PRESERVED_SPECIMEN","Ligusticum porteri"
"1929183420","Ligusticum porteri",-109.98,40.57,1994,6,21,"US","PRESERVED_SPECIMEN","Ligusticum porteri"
"1929687569","Ligusticum porteri",-109.4897,40.6586,1994,6,20,"US","PRESERVED_SPECIMEN","Ligusticum porteri"
"2573342644","Ligusticum porteri",-107.20327,39.74024,1993,7,27,"US","PRESERVED_SPECIMEN","Ligusticum porteri"
"2573344134","Ligusticum porteri",-107.56636,39.75998,1993,7,20,"US","PRESERVED_SPECIMEN","Ligusticum porteri"
"2573342291","Ligusticum porteri",-107.465763,39.800484,1993,7,20,"US","PRESERVED_SPECIMEN","Ligusticum porteri"
"2573342735","Ligusticum porteri",-107.465763,39.800484,1993,7,20,"US","PRESERVED_SPECIMEN","Ligusticum porteri"
"1889158142","Ligusticum porteri",-112.0825,36.406944,1993,7,1,"US","PRESERVED_SPECIMEN","Ligusticum porteri"
"2573339572","Ligusticum porteri",-108.216242,37.852557,1993,8,14,"US","PRESERVED_SPECIMEN","Ligusticum porteri"
"2573339079","Ligusticum porteri",-105.653078,38.039384,1992,6,22,"US","PRESERVED_SPECIMEN","Ligusticum porteri"
"2573340930","Ligusticum porteri",-107.54211,39.92277,1992,6,30,"US","PRESERVED_SPECIMEN","Ligusticum porteri"
"2573339906","Ligusticum porteri",-108.01498,39.88521,1992,6,25,"US","PRESERVED_SPECIMEN","Ligusticum porteri"
"1322370447","Ligusticum porteri",-105.807,33.382,1992,7,10,"US","PRESERVED_SPECIMEN","Ligusticum porteri"
"2573340327","Ligusticum porteri",-105.866268,40.535391,1992,8,18,"US","PRESERVED_SPECIMEN","Ligusticum porteri"
"2573342144","Ligusticum porteri",-107.293537,39.817558,1992,8,20,"US","PRESERVED_SPECIMEN","Ligusticum porteri"
"2573340270","Ligusticum porteri",-105.303432,39.970514,1991,7,1,"US","PRESERVED_SPECIMEN","Ligusticum porteri"
"4073773010","Ligusticum porteri",-112.4089441,38.3174043,1991,7,27,"US","PRESERVED_SPECIMEN","Ligusticum porteri"
"2573339340","Ligusticum porteri",-107.954218,37.851469,1991,8,13,"US","PRESERVED_SPECIMEN","Ligusticum porteri"
"2573340846","Ligusticum porteri",-107.33483,40.034024,1990,7,15,"US","PRESERVED_SPECIMEN","Ligusticum porteri"
"2573458878","Ligusticum porteri",-107.3057,39.7314,1990,7,22,"US","PRESERVED_SPECIMEN","Ligusticum porteri"
"1928308023","Ligusticum porteri",-112.2239,38.5228,1989,6,16,"US","PRESERVED_SPECIMEN","Ligusticum porteri"
"2573424674","Ligusticum porteri",-106.975895,41.124771,1988,7,26,"US","PRESERVED_SPECIMEN","Ligusticum porteri"
"2573339450","Ligusticum porteri",-106.36524,39.77636,1987,7,29,"US","PRESERVED_SPECIMEN","Ligusticum porteri"
"2573341457","Ligusticum porteri",-106.34167,37.08579,1987,7,30,"US","PRESERVED_SPECIMEN","Ligusticum porteri"
"2422291081","Ligusticum porteri",-109.25,38.5,1987,7,4,"US","PRESERVED_SPECIMEN","Ligusticum porteri"
"3125229419","Ligusticum porteri",-111,34.36667,1987,7,16,"US","PRESERVED_SPECIMEN","Ligusticum porteri"
"2422349018","Ligusticum porteri",-107.79111,37.63194,1987,8,15,"US","PRESERVED_SPECIMEN","Ligusticum porteri"
"2573340801","Ligusticum porteri",-106.412446,39.718967,1986,6,30,"US","PRESERVED_SPECIMEN","Ligusticum porteri"
"2573338826","Ligusticum porteri",-106.82759,40.75817,1986,7,5,"US","PRESERVED_SPECIMEN","Ligusticum porteri"
"2573338454","Ligusticum porteri",-105.090891,39.439983,1985,7,24,"US","PRESERVED_SPECIMEN","Ligusticum porteri"
"2573338221","Ligusticum porteri",-107.70077,37.91868,1985,8,23,"US","PRESERVED_SPECIMEN","Ligusticum porteri"
"2422276418","Ligusticum porteri",-105.76417,33.39944,1985,8,7,"US","PRESERVED_SPECIMEN","Ligusticum porteri"
"1931230695","Ligusticum porteri",-112.24,38.33,1984,6,2,"US","PRESERVED_SPECIMEN","Ligusticum porteri"
"1930541687","Ligusticum porteri",-109.2258,38.4556,1984,7,18,"US","PRESERVED_SPECIMEN","Ligusticum porteri"
"1928195975","Ligusticum porteri",-105.799154,33.397301,1984,8,7,"US","PRESERVED_SPECIMEN","Ligusticum porteri"
"1928257046","Ligusticum porteri",-111.815,39.78,1984,8,11,"US","PRESERVED_SPECIMEN","Ligusticum porteri"
"3320743082","Ligusticum porteri",-111.737611,35.015222,1984,8,29,"US","PRESERVED_SPECIMEN","Ligusticum porteri"
"1930578064","Ligusticum porteri",-111.6425,38.6931,1984,8,28,"US","PRESERVED_SPECIMEN","Ligusticum porteri"
"1931210879","Ligusticum porteri",-105.891161,40.520979,1984,8,19,"US","PRESERVED_SPECIMEN","Ligusticum porteri"
"3320752400","Ligusticum porteri",-109.855778,32.658306,1984,9,1,"US","PRESERVED_SPECIMEN","Ligusticum porteri"
"3320788004","Ligusticum porteri",-114.25,38.75,1983,7,8,"US","PRESERVED_SPECIMEN","Ligusticum porteri"
"1929504364","Ligusticum porteri",-110.69,39.92,1983,7,19,"US","PRESERVED_SPECIMEN","Ligusticum porteri"
"2573337743","Ligusticum porteri",-107.685,38.55739,1983,8,2,"US","PRESERVED_SPECIMEN","Ligusticum porteri"
"2573339122","Ligusticum porteri",-107.685,38.55739,1983,8,2,"US","PRESERVED_SPECIMEN","Ligusticum porteri"
"2422275329","Ligusticum porteri",-106.32972,36.5625,1983,8,3,"US","PRESERVED_SPECIMEN","Ligusticum porteri"
"2270228001","Ligusticum porteri",-106.32917,36.55694,1983,8,3,"US","PRESERVED_SPECIMEN","Ligusticum porteri"
"2573339752","Ligusticum porteri",-106.466546,37.257439,1983,9,25,"US","PRESERVED_SPECIMEN","Ligusticum porteri"
"2573339393","Ligusticum porteri",-106.466546,37.257439,1983,9,25,"US","PRESERVED_SPECIMEN","Ligusticum porteri"
"2573339892","Ligusticum porteri",-108.649303,38.580211,1982,7,19,"US","PRESERVED_SPECIMEN","Ligusticum porteri"
"2573339023","Ligusticum porteri",-108.649303,38.580211,1982,7,19,"US","PRESERVED_SPECIMEN","Ligusticum porteri"
"2573340332","Ligusticum porteri",-108.010132,39.854435,1982,7,6,"US","PRESERVED_SPECIMEN","Ligusticum porteri"
"2573339098","Ligusticum porteri",-108.649303,38.580211,1982,7,19,"US","PRESERVED_SPECIMEN","Ligusticum porteri"
"2573339453","Ligusticum porteri",-108.649303,38.580211,1982,7,19,"US","PRESERVED_SPECIMEN","Ligusticum porteri"
"1930894152","Ligusticum porteri",-112.1442,38.9869,1982,8,3,"US","PRESERVED_SPECIMEN","Ligusticum porteri"
"2573340095","Ligusticum porteri",-108.231367,39.011996,1981,6,26,"US","PRESERVED_SPECIMEN","Ligusticum porteri"
"1928723710","Ligusticum porteri",-109.9817,40.5692,1981,7,1,"US","PRESERVED_SPECIMEN","Ligusticum porteri"
"1930243563","Ligusticum porteri",-113.38,41.91,1981,8,13,"US","PRESERVED_SPECIMEN","Ligusticum porteri"
"2573423084","Ligusticum porteri",-105.80846,33.398016,1980,6,28,"US","PRESERVED_SPECIMEN","Ligusticum porteri"
"3413520976","Ligusticum porteri",-105.811038,33.39492,1980,6,28,"US","PRESERVED_SPECIMEN","Ligusticum porteri"
"3413518739","Ligusticum porteri",-105.811038,33.39492,1980,6,28,"US","PRESERVED_SPECIMEN","Ligusticum porteri"
"2573421871","Ligusticum porteri",-105.80846,33.398016,1980,8,16,"US","PRESERVED_SPECIMEN","Ligusticum porteri"
"2573421707","Ligusticum porteri",-105.80846,33.398016,1980,8,16,"US","PRESERVED_SPECIMEN","Ligusticum porteri"
"1928277397","Ligusticum porteri",-109.432272,37.873826,1980,8,6,"US","PRESERVED_SPECIMEN","Ligusticum porteri"
"3413518279","Ligusticum porteri",-105.805952,33.397353,1980,8,16,"US","PRESERVED_SPECIMEN","Ligusticum porteri"
"3413519092","Ligusticum porteri",-105.805952,33.397353,1980,8,16,"US","PRESERVED_SPECIMEN","Ligusticum porteri"
"2573340577","Ligusticum porteri",-105.67579,39.932462,1978,8,8,"US","PRESERVED_SPECIMEN","Ligusticum porteri"
"2573339365","Ligusticum porteri",-107.882258,37.891242,1978,8,5,"US","PRESERVED_SPECIMEN","Ligusticum porteri"
"1930199184","Ligusticum porteri",-111.7046,37.95177,1977,6,23,"US","PRESERVED_SPECIMEN","Ligusticum porteri"
"1928151862","Ligusticum porteri",-112.84,37.76,1977,7,20,"US","PRESERVED_SPECIMEN","Ligusticum porteri"
"1928504261","Ligusticum porteri",-112.8414,37.6222,1977,7,19,"US","PRESERVED_SPECIMEN","Ligusticum porteri"
"1929784683","Ligusticum porteri",-111.6426,38.75055,1977,7,7,"US","PRESERVED_SPECIMEN","Ligusticum porteri"
"1931055742","Ligusticum porteri",-111.48,38.58,1977,7,8,"US","PRESERVED_SPECIMEN","Ligusticum porteri"
"2573339525","Ligusticum porteri",-106.553099,37.119343,1976,7,12,"US","PRESERVED_SPECIMEN","Ligusticum porteri"
"1929391877","Ligusticum porteri",-113.97,38.51,1976,7,6,"US","PRESERVED_SPECIMEN","Ligusticum porteri"
"1931268821","Ligusticum porteri",-113.6,38.3,1976,7,8,"US","PRESERVED_SPECIMEN","Ligusticum porteri"
"2422276116","Ligusticum porteri",-109.28639,31.84972,1975,7,4,"US","PRESERVED_SPECIMEN","Ligusticum porteri"
"2422275569","Ligusticum porteri",-107.68333,37.74944,1975,8,11,"US","PRESERVED_SPECIMEN","Ligusticum porteri"
"1930208272","Ligusticum porteri",-108.655191,33.396651,1974,8,15,"US","PRESERVED_SPECIMEN","Ligusticum porteri"
"1930143705","Ligusticum porteri",-109.534706,33.932967,1973,7,25,"US","PRESERVED_SPECIMEN","Ligusticum porteri"
"2573339089","Ligusticum porteri",-106.65791,40.47005,1972,7,2,"US","PRESERVED_SPECIMEN","Ligusticum porteri"
"2573338811","Ligusticum porteri",-107.52555,37.70989,1972,8,10,"US","PRESERVED_SPECIMEN","Ligusticum porteri"
"2573338971","Ligusticum porteri",-106.08765,40.60436,1970,7,11,"US","PRESERVED_SPECIMEN","Ligusticum porteri"
"2575153088","Ligusticum porteri",-105.43,41.26,1970,8,9,"US","PRESERVED_SPECIMEN","Ligusticum porteri"
"2573339831","Ligusticum porteri",-107.205206,39.675567,1963,6,26,"US","PRESERVED_SPECIMEN","Ligusticum porteri"
"2573340163","Ligusticum porteri",-107.01303,39.1352,1962,7,7,"US","PRESERVED_SPECIMEN","Ligusticum porteri"
"2573339853","Ligusticum porteri",-107.612742,37.63949,1962,7,27,"US","PRESERVED_SPECIMEN","Ligusticum porteri"
"441773670","Ligusticum porteri",-122.97139,47.86028,1961,6,12,"US","PRESERVED_SPECIMEN","Ligusticum porteri"
"2573344740","Ligusticum porteri",-107.95451,39.04349,1961,7,20,"US","PRESERVED_SPECIMEN","Ligusticum porteri"
"2573340237","Ligusticum porteri",-106.00335,40.43332,1961,8,31,"US","PRESERVED_SPECIMEN","Ligusticum porteri"
"2573340500","Ligusticum porteri",-107.6126,37.639638,1961,8,27,"US","PRESERVED_SPECIMEN","Ligusticum porteri"
"2573341333","Ligusticum porteri",-106.57923,40.37919,1956,7,2,"US","PRESERVED_SPECIMEN","Ligusticum porteri"
"2573341178","Ligusticum porteri",-107.300246,39.755633,1954,7,8,"US","PRESERVED_SPECIMEN","Ligusticum porteri"
"2573339878","Ligusticum porteri",-106.77263,40.77269,1951,7,15,"US","PRESERVED_SPECIMEN","Ligusticum porteri"
"2573338836","Ligusticum porteri",-105.534934,40.21848,1949,7,28,"US","PRESERVED_SPECIMEN","Ligusticum porteri"
"2573340211","Ligusticum porteri",-105.310154,39.988732,1949,8,23,"US","PRESERVED_SPECIMEN","Ligusticum porteri"
"2573341069","Ligusticum porteri",-105.310154,39.988732,1949,8,23,"US","PRESERVED_SPECIMEN","Ligusticum porteri"
"1457369806","Ligusticum porteri",-106.61171,40.3847,1949,8,5,"US","PRESERVED_SPECIMEN","Ligusticum porteri"
"3760423291","Ligusticum porteri",-112.00275,36.25518,1947,7,5,"US","PRESERVED_SPECIMEN","Ligusticum porteri"
"2573338880","Ligusticum porteri",-108.422321,38.426653,1947,8,29,"US","PRESERVED_SPECIMEN","Ligusticum porteri"
"1929137421","Ligusticum porteri",-111.726931,34.912457,1943,5,30,"US","PRESERVED_SPECIMEN","Ligusticum porteri"
"1928383696","Ligusticum porteri",-106.248914,41.371942,1941,8,24,"US","PRESERVED_SPECIMEN","Ligusticum porteri"
"2573339042","Ligusticum porteri",-106.58722,40.38633,1938,8,12,"US","PRESERVED_SPECIMEN","Ligusticum porteri"
"2573337829","Ligusticum porteri",-107.230962,39.996975,1938,8,10,"US","PRESERVED_SPECIMEN","Ligusticum porteri"
"2573341615","Ligusticum porteri",-107.19669,40.13192,1938,8,11,"US","PRESERVED_SPECIMEN","Ligusticum porteri"
"2573339503","Ligusticum porteri",-107.230962,39.996975,1938,8,10,"US","PRESERVED_SPECIMEN","Ligusticum porteri"
"1928300723","Ligusticum porteri",-115.0353,41.9481,1938,9,1,"US","PRESERVED_SPECIMEN","Ligusticum porteri"
"2573338097","Ligusticum porteri",-106.58722,40.38633,1937,7,23,"US","PRESERVED_SPECIMEN","Ligusticum porteri"
"3760419270","Ligusticum porteri",-109.636859,34.269638,1937,9,NA,"US","PRESERVED_SPECIMEN","Ligusticum porteri"
"2573339993","Ligusticum porteri",-107.967909,38.981537,1936,7,21,"US","PRESERVED_SPECIMEN","Ligusticum porteri"
"2573341031","Ligusticum porteri",-105.699746,37.996385,1935,6,25,"US","PRESERVED_SPECIMEN","Ligusticum porteri"
"2573340244","Ligusticum porteri",-105.229266,37.603463,1935,7,6,"US","PRESERVED_SPECIMEN","Ligusticum porteri"
"2573339838","Ligusticum porteri",-106.58658,40.38593,1935,7,12,"US","PRESERVED_SPECIMEN","Ligusticum porteri"
"2573339810","Ligusticum porteri",-105.537233,40.031376,1935,8,1,"US","PRESERVED_SPECIMEN","Ligusticum porteri"
"2573339919","Ligusticum porteri",-105.087434,37.394528,1934,6,30,"US","PRESERVED_SPECIMEN","Ligusticum porteri"
"1929208530","Ligusticum porteri",-106.248914,41.371942,1934,8,19,"US","PRESERVED_SPECIMEN","Ligusticum porteri"
"2573340553","Ligusticum porteri",-105.290042,39.99974,1933,7,2,"US","PRESERVED_SPECIMEN","Ligusticum porteri"
"2573339801","Ligusticum porteri",-105.290042,39.99974,1933,7,25,"US","PRESERVED_SPECIMEN","Ligusticum porteri"
"2573338984","Ligusticum porteri",-106.58831,40.38652,1933,7,7,"US","PRESERVED_SPECIMEN","Ligusticum porteri"
"3760426306","Ligusticum porteri",-106.839907,40.490537,1933,7,1,"US","PRESERVED_SPECIMEN","Ligusticum porteri"
"2573340576","Ligusticum porteri",-106.80263,37.4832,1931,8,9,"US","PRESERVED_SPECIMEN","Ligusticum porteri"
"3760435297","Ligusticum porteri",-105.826065,33.376087,1928,7,20,"US","PRESERVED_SPECIMEN","Ligusticum porteri"
"2573338954","Ligusticum porteri",-107.300909,37.195865,1924,6,21,"US","PRESERVED_SPECIMEN","Ligusticum porteri"
"1927847300","Ligusticum porteri",-105.647762,33.445445,1923,7,28,"US","PRESERVED_SPECIMEN","Ligusticum porteri"
"2573340378","Ligusticum porteri",-105.50834,40.072203,1922,7,22,"US","PRESERVED_SPECIMEN","Ligusticum porteri"
"2573338115","Ligusticum porteri",-105.589171,39.904986,1917,8,24,"US","PRESERVED_SPECIMEN","Ligusticum porteri"
"2573340250","Ligusticum porteri",-105.53597,39.94899,1912,8,14,"US","PRESERVED_SPECIMEN","Ligusticum porteri"
"1928069104","Ligusticum porteri",-109.3236,38.4667,1911,7,12,"US","PRESERVED_SPECIMEN","Ligusticum porteri"
"1930188957","Ligusticum porteri",-109.241225,38.448876,1911,7,7,"US","PRESERVED_SPECIMEN","Ligusticum porteri"
"1930267467","Ligusticum porteri",-109.602889,37.909919,1911,7,28,"US","PRESERVED_SPECIMEN","Ligusticum porteri"
"1931179574","Ligusticum porteri",-109.241225,38.448876,1911,7,7,"US","PRESERVED_SPECIMEN","Ligusticum porteri"
"1928435007","Ligusticum porteri",-109.478327,37.830482,1911,8,17,"US","PRESERVED_SPECIMEN","Ligusticum porteri"
"1928737288","Ligusticum porteri",-105.270546,40.014986,1911,8,8,"US","PRESERVED_SPECIMEN","Ligusticum porteri"
"2573339811","Ligusticum porteri",-105.589171,39.904986,1909,7,23,"US","PRESERVED_SPECIMEN","Ligusticum porteri"
"2573339276","Ligusticum porteri",-105.589171,39.904986,1909,7,23,"US","PRESERVED_SPECIMEN","Ligusticum porteri"
"1928813091","Ligusticum porteri",-105.666519,35.910488,1908,7,11,"US","PRESERVED_SPECIMEN","Ligusticum porteri"
"2573340886","Ligusticum porteri",-105.290042,39.99974,1907,8,24,"US","PRESERVED_SPECIMEN","Ligusticum porteri"
"2573340420","Ligusticum porteri",-105.512347,40.074889,1907,8,13,"US","PRESERVED_SPECIMEN","Ligusticum porteri"
"2573340127","Ligusticum porteri",-105.84966,40.60524,1907,9,12,"US","PRESERVED_SPECIMEN","Ligusticum porteri"
"1929620802","Ligusticum porteri",-105.849387,40.604729,1907,9,13,"US","PRESERVED_SPECIMEN","Ligusticum porteri"
"2573340281","Ligusticum porteri",-105.418615,40.026648,1906,7,21,"US","PRESERVED_SPECIMEN","Ligusticum porteri"
"2573340832","Ligusticum porteri",-105.533893,39.99692,1905,7,1,"US","PRESERVED_SPECIMEN","Ligusticum porteri"
"1928124843","Ligusticum porteri",-111.702962,38.031097,1905,8,5,"US","PRESERVED_SPECIMEN","Ligusticum porteri"
"1929973401","Ligusticum porteri",-111.702962,38.031097,1905,8,5,"US","PRESERVED_SPECIMEN","Ligusticum porteri"
"1929973926","Ligusticum porteri",-107.784446,32.874133,1904,7,7,"US","PRESERVED_SPECIMEN","Ligusticum porteri"
"1927927357","Ligusticum porteri",-108.466013,33.201469,1903,7,23,"US","PRESERVED_SPECIMEN","Ligusticum porteri"
"1928137108","Ligusticum porteri",-106.663098,40.831335,1903,8,11,"US","PRESERVED_SPECIMEN","Ligusticum porteri"
"3760439295","Ligusticum porteri",-107.779479,32.952573,1903,8,31,"US","PRESERVED_SPECIMEN","Ligusticum porteri"
"3760452307","Ligusticum porteri",-107.779479,32.952573,1903,8,31,"US","PRESERVED_SPECIMEN","Ligusticum porteri"
"3760450309","Ligusticum porteri",-104.426793,36.97155,1903,8,21,"US","PRESERVED_SPECIMEN","Ligusticum porteri"
"2573339170","Ligusticum porteri",-105.203339,37.593064,1902,6,21,"US","PRESERVED_SPECIMEN","Ligusticum porteri"
"2573338957","Ligusticum porteri",-104.917212,39.122205,1902,6,28,"US","PRESERVED_SPECIMEN","Ligusticum porteri"
"1931090285","Ligusticum porteri",-105.439949,40.068664,1902,8,NA,"US","PRESERVED_SPECIMEN","Ligusticum porteri"
"1928890331","Ligusticum porteri",-107.64117,38.445265,1901,7,12,"US","PRESERVED_SPECIMEN","Ligusticum porteri"
"3760420299","Ligusticum porteri",-107.64117,38.445265,1901,7,12,"US","PRESERVED_SPECIMEN","Ligusticum porteri"
"1929498555","Ligusticum porteri",-106.980161,41.152001,1901,7,18,"US","PRESERVED_SPECIMEN","Ligusticum porteri"
"1930635191","Ligusticum porteri",-105.06943,39.587766,1901,7,3,"US","PRESERVED_SPECIMEN","Ligusticum porteri"
"3760442292","Ligusticum porteri",-106.981945,38.869852,1901,8,13,"US","PRESERVED_SPECIMEN","Ligusticum porteri"
"1930110699","Ligusticum porteri",-112.39382,38.442473,1901,8,22,"US","PRESERVED_SPECIMEN","Ligusticum porteri"
"1928642666","Ligusticum porteri",-105.246057,37.590917,1900,6,22,"US","PRESERVED_SPECIMEN","Ligusticum porteri"
"1928734495","Ligusticum porteri",-106.161968,39.801375,1900,6,10,"US","PRESERVED_SPECIMEN","Ligusticum porteri"
"1929706517","Ligusticum porteri",-106.161968,39.801375,1900,6,10,"US","PRESERVED_SPECIMEN","Ligusticum porteri"
"1930538187","Ligusticum porteri",-106.161968,39.801375,1900,6,10,"US","PRESERVED_SPECIMEN","Ligusticum porteri"
"2573422667","Ligusticum porteri",-106.1373,41.2971,1900,7,26,"US","PRESERVED_SPECIMEN","Ligusticum porteri"
"1930966394","Ligusticum porteri",-106.141677,41.298306,1900,7,26,"US","PRESERVED_SPECIMEN","Ligusticum porteri"
"3760428325","Ligusticum porteri",-107.039972,37.417792,1899,8,NA,"US","PRESERVED_SPECIMEN","Ligusticum porteri"
"1929685193","Ligusticum porteri",-107.066617,37.443934,1899,8,NA,"US","PRESERVED_SPECIMEN","Ligusticum porteri"
"1928288885","Ligusticum porteri",-112.205151,35.20023,1898,7,22,"US","PRESERVED_SPECIMEN","Ligusticum porteri"
"3760425302","Ligusticum porteri",-108.06313,37.39722,1898,7,12,"US","PRESERVED_SPECIMEN","Ligusticum porteri"
"1929706879","Ligusticum porteri",-112.205151,35.20023,1898,7,22,"US","PRESERVED_SPECIMEN","Ligusticum porteri"
"1928062006","Ligusticum porteri",-106.693357,40.536344,1898,8,13,"US","PRESERVED_SPECIMEN","Ligusticum porteri"
"1930216833","Ligusticum porteri",-105.007775,37.505012,1896,7,14,"US","PRESERVED_SPECIMEN","Ligusticum porteri"
"1931357396","Ligusticum porteri",-105.820566,38.207777,1896,7,24,"US","PRESERVED_SPECIMEN","Ligusticum porteri"
"1929076967","Ligusticum porteri",-112.205188,35.199462,1883,6,NA,"US","PRESERVED_SPECIMEN","Ligusticum porteri"
"1929696472","Ligusticum porteri",-112.205188,35.199462,1883,6,NA,"US","PRESERVED_SPECIMEN","Ligusticum porteri"
"318055242","Ligusticum porteri",-105.29111,35.65389,1882,NA,NA,"US","PRESERVED_SPECIMEN","Ligusticum porteri"
"3760438284","Ligusticum porteri",-105.238379,39.755889,1878,6,20,"US","PRESERVED_SPECIMEN","Ligusticum porteri"
"1929138668","Ligusticum porteri",-107.613122,40.367196,1872,8,NA,"US","PRESERVED_SPECIMEN","Ligusticum porteri"
"1930316282","Ligusticum porteri",-106.038352,39.481654,1871,NA,NA,"US","PRESERVED_SPECIMEN","Ligusticum porteri"
"2573340829","Ligusticum porteri",-107.882485,37.892687,NA,NA,NA,"US","PRESERVED_SPECIMEN","Ligusticum porteri"
"2573338807","Ligusticum porteri",-108.556746,37.572502,NA,NA,NA,"US","PRESERVED_SPECIMEN","Ligusticum porteri"
"2573338989","Ligusticum porteri",-107.83624,37.87421,NA,NA,NA,"US","PRESERVED_SPECIMEN","Ligusticum porteri"
"2573343348","Ligusticum porteri",-108.556746,37.572502,NA,NA,NA,"US","PRESERVED_SPECIMEN","Ligusticum porteri"
"2573339611","Ligusticum porteri",-106.83171,40.48498,NA,NA,NA,"US","PRESERVED_SPECIMEN","Ligusticum porteri"
"2573342684","Ligusticum porteri",-107.67144,38.02277,NA,NA,NA,"US","PRESERVED_SPECIMEN","Ligusticum porteri"
"2573343114","Ligusticum porteri",-106.45415,37.00651,NA,NA,NA,"US","PRESERVED_SPECIMEN","Ligusticum porteri"
"2573343852","Ligusticum porteri",-106.45415,37.00651,NA,NA,NA,"US","PRESERVED_SPECIMEN","Ligusticum porteri"
"3760430319","Ligusticum porteri",-106.612446,40.387635,NA,NA,NA,"US","PRESERVED_SPECIMEN","Ligusticum porteri"
"3760415276","Ligusticum porteri",-106.826223,40.483149,NA,NA,NA,"US","PRESERVED_SPECIMEN","Ligusticum porteri"
"3760434265","Ligusticum porteri",-105.432222,36.091667,NA,NA,NA,"US","PRESERVED_SPECIMEN","Ligusticum porteri"
"3799498402","Ligusticum porteri",-105.27834,39.913946,NA,NA,NA,"US","PRESERVED_SPECIMEN","Ligusticum porteri"
