"gbifID","species","longitude","latitude","year","month","day","countryCode","basisOfRecord","accepted_name"
"4063105199","Lomatium parryi",-115.453797,36.144889,2023,3,12,"US","HUMAN_OBSERVATION","Lomatium parryi"
"4062672308","Lomatium parryi",-115.448312,36.183842,2023,3,13,"US","HUMAN_OBSERVATION","Lomatium parryi"
"4075583969","Lomatium parryi",-113.646919,37.198883,2023,3,9,"US","HUMAN_OBSERVATION","Lomatium parryi"
"4067648011","Lomatium parryi",-109.827827,38.140432,2023,3,13,"US","HUMAN_OBSERVATION","Lomatium parryi"
"4067686468","Lomatium parryi",-115.42713,36.157403,2023,3,19,"US","HUMAN_OBSERVATION","Lomatium parryi"
"4076319504","Lomatium parryi",-109.609003,38.793467,2023,3,23,"US","HUMAN_OBSERVATION","Lomatium parryi"
"4075837562","Lomatium parryi",-109.609003,38.793467,2023,3,23,"US","HUMAN_OBSERVATION","Lomatium parryi"
"4075808077","Lomatium parryi",-115.448363,36.166633,2023,3,27,"US","HUMAN_OBSERVATION","Lomatium parryi"
"4080507905","Lomatium parryi",-113.692397,37.207638,2023,3,28,"US","HUMAN_OBSERVATION","Lomatium parryi"
"4116116655","Lomatium parryi",-109.592514,38.733081,2023,3,23,"US","HUMAN_OBSERVATION","Lomatium parryi"
"4080865589","Lomatium parryi",-113.398103,37.268125,2023,4,7,"US","HUMAN_OBSERVATION","Lomatium parryi"
"4081040611","Lomatium parryi",-113.397575,37.261622,2023,4,7,"US","HUMAN_OBSERVATION","Lomatium parryi"
"4091964605","Lomatium parryi",-113.660808,37.197653,2023,4,16,"US","HUMAN_OBSERVATION","Lomatium parryi"
"4091758569","Lomatium parryi",-113.380348,37.269999,2023,4,17,"US","HUMAN_OBSERVATION","Lomatium parryi"
"4103014395","Lomatium parryi",-113.645303,37.195042,2023,5,1,"US","HUMAN_OBSERVATION","Lomatium parryi"
"4111572001","Lomatium parryi",-114.994605,37.481125,2023,5,2,"US","HUMAN_OBSERVATION","Lomatium parryi"
"4405087550","Lomatium parryi",-109.841219,38.123028,2023,5,8,"US","HUMAN_OBSERVATION","Lomatium parryi"
"4138497080","Lomatium parryi",-115.107306,36.531819,2023,5,19,"US","HUMAN_OBSERVATION","Lomatium parryi"
"4137900072","Lomatium parryi",-115.268062,36.443616,2023,5,19,"US","HUMAN_OBSERVATION","Lomatium parryi"
"3468681774","Lomatium parryi",-115.431008,36.183583,2022,2,5,"US","HUMAN_OBSERVATION","Lomatium parryi"
"4062843405","Lomatium parryi",-115.426575,36.144583,2022,2,25,"US","HUMAN_OBSERVATION","Lomatium parryi"
"4062694716","Lomatium parryi",-115.423438,36.149551,2022,2,13,"US","HUMAN_OBSERVATION","Lomatium parryi"
"4028824477","Lomatium parryi",-109.828003,38.140214,2022,3,14,"US","HUMAN_OBSERVATION","Lomatium parryi"
"3747028801","Lomatium parryi",-115.572542,36.124225,2022,3,20,"US","HUMAN_OBSERVATION","Lomatium parryi"
"3760631060","Lomatium parryi",-115.428567,36.158136,2022,3,20,"US","HUMAN_OBSERVATION","Lomatium parryi"
"3759167199","Lomatium parryi",-115.344206,37.604926,2022,3,25,"US","HUMAN_OBSERVATION","Lomatium parryi"
"3759245790","Lomatium parryi",-115.033645,37.810983,2022,3,27,"US","HUMAN_OBSERVATION","Lomatium parryi"
"4120989354","Lomatium parryi",-115.259383,36.445492,2022,3,26,"US","HUMAN_OBSERVATION","Lomatium parryi"
"4121349426","Lomatium parryi",-115.259439,36.44495,2022,3,26,"US","HUMAN_OBSERVATION","Lomatium parryi"
"3759250788","Lomatium parryi",-109.783627,38.123222,2022,4,3,"US","HUMAN_OBSERVATION","Lomatium parryi"
"3947666540","Lomatium parryi",-115.572013,35.536555,2022,4,21,"US","HUMAN_OBSERVATION","Lomatium parryi"
"4034796459","Lomatium parryi",-113.646408,37.214875,2022,4,11,"US","HUMAN_OBSERVATION","Lomatium parryi"
"4069047276","Lomatium parryi",-110.0898,37.47478,2022,4,21,"US","PRESERVED_SPECIMEN","Lomatium parryi"
"4069001340","Lomatium parryi",-109.95599,37.42823,2022,4,18,"US","PRESERVED_SPECIMEN","Lomatium parryi"
"3773609647","Lomatium parryi",-109.733088,38.060665,2022,5,11,"US","HUMAN_OBSERVATION","Lomatium parryi"
"3784711520","Lomatium parryi",-109.781875,38.122203,2022,5,11,"US","HUMAN_OBSERVATION","Lomatium parryi"
"3859664899","Lomatium parryi",-109.781909,38.122228,2022,5,31,"US","HUMAN_OBSERVATION","Lomatium parryi"
"3860658014","Lomatium parryi",-114.2229,38.946455,2022,6,24,"US","HUMAN_OBSERVATION","Lomatium parryi"
"3892390524","Lomatium parryi",-109.754922,38.156833,2022,6,22,"US","HUMAN_OBSERVATION","Lomatium parryi"
"3966720647","Lomatium parryi",-115.53171,36.120707,2022,6,11,"US","HUMAN_OBSERVATION","Lomatium parryi"
"4034653537","Lomatium parryi",-110.030731,37.596572,2022,6,27,"US","HUMAN_OBSERVATION","Lomatium parryi"
"3759861524","Lomatium parryi",-115.422844,36.148943,2021,3,7,"US","HUMAN_OBSERVATION","Lomatium parryi"
"3059161144","Lomatium parryi",-115.504762,36.181422,2021,3,10,"US","HUMAN_OBSERVATION","Lomatium parryi"
"3068068230","Lomatium parryi",-115.438297,36.193544,2021,3,18,"US","HUMAN_OBSERVATION","Lomatium parryi"
"3067731226","Lomatium parryi",-110.050556,37.363133,2021,3,21,"US","HUMAN_OBSERVATION","Lomatium parryi"
"3068056927","Lomatium parryi",-115.499695,36.059845,2021,3,23,"US","HUMAN_OBSERVATION","Lomatium parryi"
"3070669585","Lomatium parryi",-115.48699,36.082859,2021,3,26,"US","HUMAN_OBSERVATION","Lomatium parryi"
"3070772712","Lomatium parryi",-115.495559,36.085711,2021,3,26,"US","HUMAN_OBSERVATION","Lomatium parryi"
"3079801200","Lomatium parryi",-115.247063,37.365878,2021,3,28,"US","HUMAN_OBSERVATION","Lomatium parryi"
"3456576245","Lomatium parryi",-115.543589,36.100173,2021,4,13,"US","HUMAN_OBSERVATION","Lomatium parryi"
"3456893664","Lomatium parryi",-115.542225,36.101692,2021,4,13,"US","HUMAN_OBSERVATION","Lomatium parryi"
"3456057873","Lomatium parryi",-115.533867,36.100093,2021,4,13,"US","HUMAN_OBSERVATION","Lomatium parryi"
"3456161153","Lomatium parryi",-115.533936,36.099936,2021,4,13,"US","HUMAN_OBSERVATION","Lomatium parryi"
"3079873194","Lomatium parryi",-114.694031,36.298922,2021,4,3,"US","HUMAN_OBSERVATION","Lomatium parryi"
"3097340384","Lomatium parryi",-117.077871,36.251702,2021,4,17,"US","HUMAN_OBSERVATION","Lomatium parryi"
"3302139601","Lomatium parryi",-109.795746,38.108896,2021,5,2,"US","HUMAN_OBSERVATION","Lomatium parryi"
"3124587511","Lomatium parryi",-115.400872,37.64587,2021,5,10,"US","HUMAN_OBSERVATION","Lomatium parryi"
"3118246970","Lomatium parryi",-115.726958,38.009564,2021,5,12,"US","HUMAN_OBSERVATION","Lomatium parryi"
"4068972821","Lomatium parryi",-113.37675,37.26982,2021,6,19,"US","PRESERVED_SPECIMEN","Lomatium parryi"
"3302111448","Lomatium parryi",-115.20198,37.81722,2021,6,4,"US","HUMAN_OBSERVATION","Lomatium parryi"
"3302503336","Lomatium parryi",-115.202003,37.817203,2021,6,4,"US","HUMAN_OBSERVATION","Lomatium parryi"
"3307347585","Lomatium parryi",-115.344187,37.604908,2021,6,5,"US","HUMAN_OBSERVATION","Lomatium parryi"
"3302411344","Lomatium parryi",-115.163056,37.8675,2021,6,6,"US","HUMAN_OBSERVATION","Lomatium parryi"
"3302483795","Lomatium parryi",-115.386629,37.67421,2021,6,4,"US","HUMAN_OBSERVATION","Lomatium parryi"
"3302541933","Lomatium parryi",-115.166383,37.858983,2021,6,8,"US","HUMAN_OBSERVATION","Lomatium parryi"
"3307430006","Lomatium parryi",-115.344296,37.604896,2021,6,5,"US","HUMAN_OBSERVATION","Lomatium parryi"
"4069043281","Lomatium parryi",-113.37675,37.26982,2021,6,19,"US","PRESERVED_SPECIMEN","Lomatium parryi"
"4009851635","Lomatium parryi",-110.020728,37.453075,2021,7,11,"US","HUMAN_OBSERVATION","Lomatium parryi"
"3747399585","Lomatium parryi",-115.42223,36.154968,2021,12,8,"US","HUMAN_OBSERVATION","Lomatium parryi"
"2573835483","Lomatium parryi",-115.431046,36.1562,2020,1,18,"US","HUMAN_OBSERVATION","Lomatium parryi"
"2576264740","Lomatium parryi",-115.448525,36.166611,2020,2,29,"US","HUMAN_OBSERVATION","Lomatium parryi"
"2597708847","Lomatium parryi",-115.437605,36.160756,2020,2,29,"US","HUMAN_OBSERVATION","Lomatium parryi"
"2576402580","Lomatium parryi",-115.500106,36.059403,2020,2,29,"US","HUMAN_OBSERVATION","Lomatium parryi"
"4404904464","Lomatium parryi",-115.448606,36.166631,2020,3,10,"US","PRESERVED_SPECIMEN","Lomatium parryi"
"2576341768","Lomatium parryi",-115.448608,36.166668,2020,3,2,"US","HUMAN_OBSERVATION","Lomatium parryi"
"2576277000","Lomatium parryi",-115.448608,36.166668,2020,3,2,"US","HUMAN_OBSERVATION","Lomatium parryi"
"2576362840","Lomatium parryi",-115.448608,36.166668,2020,3,2,"US","HUMAN_OBSERVATION","Lomatium parryi"
"2576489162","Lomatium parryi",-115.457803,36.14077,2020,3,2,"US","HUMAN_OBSERVATION","Lomatium parryi"
"2579368445","Lomatium parryi",-115.905189,35.745158,2020,3,6,"US","HUMAN_OBSERVATION","Lomatium parryi"
"2579268340","Lomatium parryi",-115.90915,35.750647,2020,3,6,"US","HUMAN_OBSERVATION","Lomatium parryi"
"2579262352","Lomatium parryi",-115.908386,35.752997,2020,3,6,"US","HUMAN_OBSERVATION","Lomatium parryi"
"2579336529","Lomatium parryi",-115.448469,36.166581,2020,3,6,"US","HUMAN_OBSERVATION","Lomatium parryi"
"2579399582","Lomatium parryi",-117.034363,36.829277,2020,3,3,"US","HUMAN_OBSERVATION","Lomatium parryi"
"2579305524","Lomatium parryi",-115.442124,36.13009,2020,3,2,"US","HUMAN_OBSERVATION","Lomatium parryi"
"2580087107","Lomatium parryi",-115.474328,35.999522,2020,3,12,"US","HUMAN_OBSERVATION","Lomatium parryi"
"2596071255","Lomatium parryi",-117.034286,36.829181,2020,3,19,"US","HUMAN_OBSERVATION","Lomatium parryi"
"2596141097","Lomatium parryi",-115.465692,36.080447,2020,3,25,"US","HUMAN_OBSERVATION","Lomatium parryi"
"2597691237","Lomatium parryi",-115.572128,36.12417,2020,4,4,"US","HUMAN_OBSERVATION","Lomatium parryi"
"2597875524","Lomatium parryi",-115.412317,36.163772,2020,4,3,"US","HUMAN_OBSERVATION","Lomatium parryi"
"2603479063","Lomatium parryi",-115.433687,36.161597,2020,4,13,"US","HUMAN_OBSERVATION","Lomatium parryi"
"2609217206","Lomatium parryi",-114.906045,36.600997,2020,4,18,"US","HUMAN_OBSERVATION","Lomatium parryi"
"2626460461","Lomatium parryi",-115.494025,36.087575,2020,4,22,"US","HUMAN_OBSERVATION","Lomatium parryi"
"2626558412","Lomatium parryi",-115.572312,36.124358,2020,4,30,"US","HUMAN_OBSERVATION","Lomatium parryi"
"3800635362","Lomatium parryi",-115.449,36.1666,2020,5,11,"US","PRESERVED_SPECIMEN","Lomatium parryi"
"4404954374","Lomatium parryi",-115.64215,38.162,2020,6,9,"US","PRESERVED_SPECIMEN","Lomatium parryi"
"3097298410","Lomatium parryi",-115.167253,37.859825,2020,7,11,"US","HUMAN_OBSERVATION","Lomatium parryi"
"3039164732","Lomatium parryi",-115.473268,36.171314,2019,1,30,"US","HUMAN_OBSERVATION","Lomatium parryi"
"2235473090","Lomatium parryi",-115.413496,36.161033,2019,3,1,"US","HUMAN_OBSERVATION","Lomatium parryi"
"2013735753","Lomatium parryi",-115.441479,36.162684,2019,3,11,"US","HUMAN_OBSERVATION","Lomatium parryi"
"2596340542","Lomatium parryi",-109.497224,38.73454,2019,4,20,"US","HUMAN_OBSERVATION","Lomatium parryi"
"4054987619","Lomatium parryi",-117.742561,37.293412,2019,5,4,"US","HUMAN_OBSERVATION","Lomatium parryi"
"4404962218","Lomatium parryi",-115.443322,37.872322,2019,6,5,"US","PRESERVED_SPECIMEN","Lomatium parryi"
"2423137221","Lomatium parryi",-117.073111,36.240925,2019,6,23,"US","HUMAN_OBSERVATION","Lomatium parryi"
"3712647321","Lomatium parryi",-117.080086,36.150661,2019,6,22,"US","HUMAN_OBSERVATION","Lomatium parryi"
"1831097613","Lomatium parryi",-115.430512,36.158537,2018,2,15,"US","HUMAN_OBSERVATION","Lomatium parryi"
"1831097840","Lomatium parryi",-115.500648,36.15961,2018,2,15,"US","HUMAN_OBSERVATION","Lomatium parryi"
"1807327949","Lomatium parryi",-115.40186,36.212941,2018,2,8,"US","HUMAN_OBSERVATION","Lomatium parryi"
"1831191755","Lomatium parryi",-115.430458,36.158433,2018,2,15,"US","HUMAN_OBSERVATION","Lomatium parryi"
"1831191831","Lomatium parryi",-115.497605,36.155931,2018,2,15,"US","HUMAN_OBSERVATION","Lomatium parryi"
"4404928285","Lomatium parryi",-115.20991,37.71496,2018,4,29,"US","PRESERVED_SPECIMEN","Lomatium parryi"
"4399264343","Lomatium parryi",-115.445525,37.797179,2018,4,16,"US","PRESERVED_SPECIMEN","Lomatium parryi"
"4068947454","Lomatium parryi",-113.362989,37.270597,2018,5,19,"US","PRESERVED_SPECIMEN","Lomatium parryi"
"4068963459","Lomatium parryi",-115.912436,35.769531,2018,5,12,"US","PRESERVED_SPECIMEN","Lomatium parryi"
"3712624322","Lomatium parryi",-117.065239,36.185036,2018,10,5,"US","HUMAN_OBSERVATION","Lomatium parryi"
"4404954419","Lomatium parryi",-114.0794,36.318933,2017,3,19,"US","PRESERVED_SPECIMEN","Lomatium parryi"
"4404981746","Lomatium parryi",-115.166665,37.859669,2017,4,30,"US","PRESERVED_SPECIMEN","Lomatium parryi"
"1986912702","Lomatium parryi",-115.166665,37.859669,2017,4,30,"US","PRESERVED_SPECIMEN","Lomatium parryi"
"2268952745","Lomatium parryi",-115.166665,37.859669,2017,4,30,"US","PRESERVED_SPECIMEN","Lomatium parryi"
"4404898570","Lomatium parryi",-115.285365,37.341762,2017,5,14,"US","PRESERVED_SPECIMEN","Lomatium parryi"
"2268954156","Lomatium parryi",-115.285365,37.341762,2017,5,14,"US","PRESERVED_SPECIMEN","Lomatium parryi"
"2268953110","Lomatium parryi",-115.377956,37.606313,2017,5,18,"US","PRESERVED_SPECIMEN","Lomatium parryi"
"1703171045","Lomatium parryi",-115.448601,36.163366,2017,11,8,"US","HUMAN_OBSERVATION","Lomatium parryi"
"1249280511","Lomatium parryi",-115.432389,36.18548,2016,1,29,"US","HUMAN_OBSERVATION","Lomatium parryi"
"4404909478","Lomatium parryi",-114.752597,35.263623,2016,3,23,"US","PRESERVED_SPECIMEN","Lomatium parryi"
"2235559828","Lomatium parryi",-115.255294,36.446394,2016,3,15,"US","HUMAN_OBSERVATION","Lomatium parryi"
"2851260405","Lomatium parryi",-117.690617,37.201672,2016,4,17,"US","HUMAN_OBSERVATION","Lomatium parryi"
"3091272044","Lomatium parryi",-110.9577,36.966817,2016,5,18,"US","PRESERVED_SPECIMEN","Lomatium parryi"
"3091267332","Lomatium parryi",-110.099967,37.87705,2016,5,25,"US","PRESERVED_SPECIMEN","Lomatium parryi"
"3091256382","Lomatium parryi",-109.251333,38.435278,2016,8,18,"US","PRESERVED_SPECIMEN","Lomatium parryi"
"2430361493","Lomatium parryi",-115.30185,35.265133,2015,4,9,"US","PRESERVED_SPECIMEN","Lomatium parryi"
"2430423693","Lomatium parryi",-115.54936,35.43355,2015,4,29,"US","PRESERVED_SPECIMEN","Lomatium parryi"
"4404959338","Lomatium parryi",-115.163019,37.607497,2015,5,1,"US","PRESERVED_SPECIMEN","Lomatium parryi"
"2632739326","Lomatium parryi",-115.163019,37.607497,2015,5,1,"US","PRESERVED_SPECIMEN","Lomatium parryi"
"1249303414","Lomatium parryi",-115.414838,36.165409,2014,1,20,"US","HUMAN_OBSERVATION","Lomatium parryi"
"3091211380","Lomatium parryi",-111.072931,36.98995,2014,4,19,"US","PRESERVED_SPECIMEN","Lomatium parryi"
"3091254099","Lomatium parryi",-109.976333,37.236944,2014,5,9,"US","PRESERVED_SPECIMEN","Lomatium parryi"
"2270496349","Lomatium parryi",-113.377233,37.269883,2013,5,8,"US","PRESERVED_SPECIMEN","Lomatium parryi"
"2270501560","Lomatium parryi",-113.513817,37.241567,2013,5,8,"US","PRESERVED_SPECIMEN","Lomatium parryi"
"3125237434","Lomatium parryi",-113.51382,37.24157,2013,5,8,"US","PRESERVED_SPECIMEN","Lomatium parryi"
"2430285396","Lomatium parryi",-113.513817,37.241567,2013,5,8,"US","PRESERVED_SPECIMEN","Lomatium parryi"
"2422497191","Lomatium parryi",-114.74615,35.25962,2012,3,29,"US","PRESERVED_SPECIMEN","Lomatium parryi"
"2430534139","Lomatium parryi",-115.9062,35.74673,2012,6,2,"US","PRESERVED_SPECIMEN","Lomatium parryi"
"2422487203","Lomatium parryi",-115.4896,35.02903,2011,5,1,"US","PRESERVED_SPECIMEN","Lomatium parryi"
"2430546347","Lomatium parryi",-115.4896,35.029033,2011,5,1,"US","PRESERVED_SPECIMEN","Lomatium parryi"
"1930332284","Lomatium parryi",-108.2476,39.2715,2011,5,17,"US","PRESERVED_SPECIMEN","Lomatium parryi"
"2851094547","Lomatium parryi",-117.070901,36.231808,2011,7,8,"US","HUMAN_OBSERVATION","Lomatium parryi"
"4068894379","Lomatium parryi",-113.4669,37.2217,2010,4,19,"US","PRESERVED_SPECIMEN","Lomatium parryi"
"4068911298","Lomatium parryi",-113.4669,37.2217,2010,4,19,"US","PRESERVED_SPECIMEN","Lomatium parryi"
"3091289197","Lomatium parryi",-110.8541258,37.1357626,2010,5,19,"US","PRESERVED_SPECIMEN","Lomatium parryi"
"1929908108","Lomatium parryi",-108.2593,39.2448,2010,5,2,"US","PRESERVED_SPECIMEN","Lomatium parryi"
"2270473814","Lomatium parryi",-114.114,36.3822,2009,4,22,"US","PRESERVED_SPECIMEN","Lomatium parryi"
"2270473743","Lomatium parryi",-114.137,36.6637,2009,5,8,"US","PRESERVED_SPECIMEN","Lomatium parryi"
"4126386028","Lomatium parryi",-115.04966,37.45899,2009,5,1,"US","PRESERVED_SPECIMEN","Lomatium parryi"
"3091204850","Lomatium parryi",-114.137,36.6637,2009,5,8,"US","PRESERVED_SPECIMEN","Lomatium parryi"
"1928985159","Lomatium parryi",-115.78903,39.53431,2009,6,8,"US","PRESERVED_SPECIMEN","Lomatium parryi"
"4069014904","Lomatium parryi",-115.789028,39.534306,2009,6,8,"US","PRESERVED_SPECIMEN","Lomatium parryi"
"4404920491","Lomatium parryi",-115.789028,39.534306,2009,6,8,"US","PRESERVED_SPECIMEN","Lomatium parryi"
"2422452046","Lomatium parryi",-115.80353,34.67414,2008,2,16,"US","PRESERVED_SPECIMEN","Lomatium parryi"
"2430037243","Lomatium parryi",-115.57095,35.53725,2008,4,29,"US","PRESERVED_SPECIMEN","Lomatium parryi"
"4126386020","Lomatium parryi",-114.98541,37.68356,2007,6,22,"US","PRESERVED_SPECIMEN","Lomatium parryi"
"2851262433","Lomatium parryi",-117.070623,36.234006,2007,6,22,"US","HUMAN_OBSERVATION","Lomatium parryi"
"3091204878","Lomatium parryi",-110.946221,37.5555,2005,4,12,"US","PRESERVED_SPECIMEN","Lomatium parryi"
"415730407","Lomatium parryi",-115.498889,37.850278,2005,5,19,"US","PRESERVED_SPECIMEN","Lomatium parryi"
"3091204883","Lomatium parryi",-115.499,37.850278,2005,5,19,"US","PRESERVED_SPECIMEN","Lomatium parryi"
"2573422671","Lomatium parryi",-115.499,37.850278,2005,5,19,"US","PRESERVED_SPECIMEN","Lomatium parryi"
"1986958584","Lomatium parryi",-115.498889,37.850278,2005,5,19,"US","PRESERVED_SPECIMEN","Lomatium parryi"
"4404921833","Lomatium parryi",-115.499,37.850278,2005,5,19,"US","PRESERVED_SPECIMEN","Lomatium parryi"
"4073804541","Lomatium parryi",-115.499,37.850278,2005,5,19,"US","PRESERVED_SPECIMEN","Lomatium parryi"
"1931077378","Lomatium parryi",-115.499,37.85028,2005,5,19,"US","PRESERVED_SPECIMEN","Lomatium parryi"
"1930816007","Lomatium parryi",-113.3764,37.27,2004,4,4,"US","PRESERVED_SPECIMEN","Lomatium parryi"
"3091265015","Lomatium parryi",-110.5043109,36.8116378,2004,5,18,"US","PRESERVED_SPECIMEN","Lomatium parryi"
"3091246512","Lomatium parryi",-109.9773216,37.2348018,2004,5,1,"US","PRESERVED_SPECIMEN","Lomatium parryi"
"1928577628","Lomatium parryi",-110.503831,36.811692,2004,5,18,"US","PRESERVED_SPECIMEN","Lomatium parryi"
"1986958621","Lomatium parryi",-113.636389,37.237778,2003,4,29,"US","PRESERVED_SPECIMEN","Lomatium parryi"
"3091224187","Lomatium parryi",-110.8476815,37.0154612,2003,5,3,"US","PRESERVED_SPECIMEN","Lomatium parryi"
"3091224188","Lomatium parryi",-110.1072415,36.8765988,2003,5,6,"US","PRESERVED_SPECIMEN","Lomatium parryi"
"2270519465","Lomatium parryi",-110.9383,37.06578,2001,4,24,"US","PRESERVED_SPECIMEN","Lomatium parryi"
"1846494562","Lomatium parryi",-110.9383,37.06578,2001,4,24,"US","PRESERVED_SPECIMEN","Lomatium parryi"
"1846494527","Lomatium parryi",-110.8381,37.10257,2001,4,24,"US","PRESERVED_SPECIMEN","Lomatium parryi"
"1846494560","Lomatium parryi",-110.8842,37.09945,2001,4,25,"US","PRESERVED_SPECIMEN","Lomatium parryi"
"3091211838","Lomatium parryi",-110.871341,37.039818,2001,5,29,"US","PRESERVED_SPECIMEN","Lomatium parryi"
"2430136792","Lomatium parryi",-115.686833,34.789667,2001,5,5,"US","PRESERVED_SPECIMEN","Lomatium parryi"
"2422514201","Lomatium parryi",-117.48028,36.75778,2000,5,11,"US","PRESERVED_SPECIMEN","Lomatium parryi"
"1928510692","Lomatium parryi",-113.8174,37.0769,2000,6,1,"US","PRESERVED_SPECIMEN","Lomatium parryi"
"1846526754","Lomatium parryi",-112.011,36.1127,1999,4,28,"US","PRESERVED_SPECIMEN","Lomatium parryi"
"2270697584","Lomatium parryi",-112.010817,36.112667,1999,4,28,"US","PRESERVED_SPECIMEN","Lomatium parryi"
"1846526799","Lomatium parryi",-111.110833,36.783333,1999,5,21,"US","PRESERVED_SPECIMEN","Lomatium parryi"
"2242391138","Lomatium parryi",-109.766516,37.403611,1999,5,31,"US","PRESERVED_SPECIMEN","Lomatium parryi"
"4404908469","Lomatium parryi",-116.420418,37.960601,1999,6,22,"US","PRESERVED_SPECIMEN","Lomatium parryi"
"1927972478","Lomatium parryi",-111.95281,37.1436,1998,5,5,"US","PRESERVED_SPECIMEN","Lomatium parryi"
"4404871374","Lomatium parryi",-115.021749,37.456701,1998,5,25,"US","PRESERVED_SPECIMEN","Lomatium parryi"
"3091268983","Lomatium parryi",-110.964314,37.077494,1998,5,6,"US","PRESERVED_SPECIMEN","Lomatium parryi"
"3125100403","Lomatium parryi",-112.21598,36.07108,1997,4,24,"US","PRESERVED_SPECIMEN","Lomatium parryi"
"3125104412","Lomatium parryi",-112.20833,36.08167,1997,4,23,"US","PRESERVED_SPECIMEN","Lomatium parryi"
"4404871452","Lomatium parryi",-114.242934,36.311821,1997,5,2,"US","PRESERVED_SPECIMEN","Lomatium parryi"
"1846526767","Lomatium parryi",-114.280248,36.274381,1997,5,2,"US","PRESERVED_SPECIMEN","Lomatium parryi"
"1846526742","Lomatium parryi",-114.923378,36.621914,1997,5,16,"US","PRESERVED_SPECIMEN","Lomatium parryi"
"1930025742","Lomatium parryi",-110.2098,37.3238,1997,5,8,"US","PRESERVED_SPECIMEN","Lomatium parryi"
"2422306844","Lomatium parryi",-115.59481,38.18189,1996,6,6,"US","PRESERVED_SPECIMEN","Lomatium parryi"
"3125226412","Lomatium parryi",-110.16194,37.42306,1996,6,15,"US","PRESERVED_SPECIMEN","Lomatium parryi"
"1846526837","Lomatium parryi",-110.161889,37.423139,1996,6,15,"US","PRESERVED_SPECIMEN","Lomatium parryi"
"2422303454","Lomatium parryi",-117.125,36.03333,1995,5,18,"US","PRESERVED_SPECIMEN","Lomatium parryi"
"1846526773","Lomatium parryi",-109.70065,37.677,1995,6,23,"US","PRESERVED_SPECIMEN","Lomatium parryi"
"1928814627","Lomatium parryi",-109.70064,37.677,1995,6,23,"US","PRESERVED_SPECIMEN","Lomatium parryi"
"1932896068","Lomatium parryi",-109.7,37.676667,1995,6,23,"US","PRESERVED_SPECIMEN","Lomatium parryi"
"3091284557","Lomatium parryi",-111.209103,36.111109,1994,5,11,"US","PRESERVED_SPECIMEN","Lomatium parryi"
"1846526679","Lomatium parryi",-109.728944,37.543417,1994,7,7,"US","PRESERVED_SPECIMEN","Lomatium parryi"
"1930173287","Lomatium parryi",-113.9096,37.3231,1993,5,9,"US","PRESERVED_SPECIMEN","Lomatium parryi"
"4404919577","Lomatium parryi",-115.805,39.53481,1993,6,23,"US","PRESERVED_SPECIMEN","Lomatium parryi"
"1846526677","Lomatium parryi",-109.993949,37.240802,1993,8,1,"US","PRESERVED_SPECIMEN","Lomatium parryi"
"4404872955","Lomatium parryi",-116.45251,38.00115,1992,7,3,"US","PRESERVED_SPECIMEN","Lomatium parryi"
"1928259975","Lomatium parryi",-113.9096,37.3231,1991,4,13,"US","PRESERVED_SPECIMEN","Lomatium parryi"
"2422324702","Lomatium parryi",-113.06389,40.31611,1990,5,6,"US","PRESERVED_SPECIMEN","Lomatium parryi"
"2422287805","Lomatium parryi",-115.6625,34.80417,1988,4,17,"US","PRESERVED_SPECIMEN","Lomatium parryi"
"3320742939","Lomatium parryi",-115.587056,35.529417,1988,5,5,"US","PRESERVED_SPECIMEN","Lomatium parryi"
"1846526713","Lomatium parryi",-117.071446,36.236893,1988,6,4,"US","PRESERVED_SPECIMEN","Lomatium parryi"
"3320807087","Lomatium parryi",-117.522028,36.748444,1988,10,11,"US","PRESERVED_SPECIMEN","Lomatium parryi"
"4404919983","Lomatium parryi",-110.05619,37.720964,1987,5,6,"US","PRESERVED_SPECIMEN","Lomatium parryi"
"1930843782","Lomatium parryi",-110.0555,37.7206,1987,5,6,"US","PRESERVED_SPECIMEN","Lomatium parryi"
"1930888653","Lomatium parryi",-115.7178,36.2406,1987,5,19,"US","PRESERVED_SPECIMEN","Lomatium parryi"
"1928201844","Lomatium parryi",-116.0852,38.8614,1987,6,3,"US","PRESERVED_SPECIMEN","Lomatium parryi"
"4073815647","Lomatium parryi",-116.0858419,38.8612682,1987,6,3,"US","PRESERVED_SPECIMEN","Lomatium parryi"
"2461149219","Lomatium parryi",-116.087088,38.861534,1987,6,3,"US","PRESERVED_SPECIMEN","Lomatium parryi"
"2422292597","Lomatium parryi",-109.25,38.5,1987,7,4,"US","PRESERVED_SPECIMEN","Lomatium parryi"
"1846526648","Lomatium parryi",-109.833,37.6667,1987,7,1,"US","PRESERVED_SPECIMEN","Lomatium parryi"
"1928623131","Lomatium parryi",-113.6514,37.2072,1986,3,26,"US","PRESERVED_SPECIMEN","Lomatium parryi"
"2422290978","Lomatium parryi",-115.56444,35.43583,1986,4,17,"US","PRESERVED_SPECIMEN","Lomatium parryi"
"1928716293","Lomatium parryi",-115.4262,39.7366,1986,4,15,"US","PRESERVED_SPECIMEN","Lomatium parryi"
"1928752356","Lomatium parryi",-109.4976,38.5869,1986,4,17,"US","PRESERVED_SPECIMEN","Lomatium parryi"
"1930176654","Lomatium parryi",-109.4793,38.5725,1986,4,17,"US","PRESERVED_SPECIMEN","Lomatium parryi"
"1928148241","Lomatium parryi",-109.4428,38.6156,1986,5,10,"US","PRESERVED_SPECIMEN","Lomatium parryi"
"4404908131","Lomatium parryi",-109.4428,38.6156,1986,5,10,"US","PRESERVED_SPECIMEN","Lomatium parryi"
"1930178785","Lomatium parryi",-109.2784,38.63,1986,5,23,"US","PRESERVED_SPECIMEN","Lomatium parryi"
"1930780335","Lomatium parryi",-108.8606,38.3871,1986,6,1,"US","PRESERVED_SPECIMEN","Lomatium parryi"
"1928212650","Lomatium parryi",-109.2133,38.8338,1985,5,22,"US","PRESERVED_SPECIMEN","Lomatium parryi"
"2430340313","Lomatium parryi",-116.72788,36.50966,1985,5,18,"US","PRESERVED_SPECIMEN","Lomatium parryi"
"1929321788","Lomatium parryi",-115.4585,38.7418,1985,5,15,"US","PRESERVED_SPECIMEN","Lomatium parryi"
"4073835784","Lomatium parryi",-115.459125,38.741675,1985,5,15,"US","PRESERVED_SPECIMEN","Lomatium parryi"
"1930472971","Lomatium parryi",-109.9379,37.5123,1985,5,21,"US","PRESERVED_SPECIMEN","Lomatium parryi"
"1930122245","Lomatium parryi",-115.6289,38.1634,1985,6,1,"US","PRESERVED_SPECIMEN","Lomatium parryi"
"1929578087","Lomatium parryi",-113.738342,37.278255,1985,12,31,"US","PRESERVED_SPECIMEN","Lomatium parryi"
"1929153473","Lomatium parryi",-109.8628,38.1636,1984,5,24,"US","PRESERVED_SPECIMEN","Lomatium parryi"
"1930636495","Lomatium parryi",-108.7439,39.0542,1984,5,25,"US","PRESERVED_SPECIMEN","Lomatium parryi"
"1930674356","Lomatium parryi",-113.6329,37.2362,1984,5,8,"US","PRESERVED_SPECIMEN","Lomatium parryi"
"1931300590","Lomatium parryi",-109.6366,37.8366,1984,5,24,"US","PRESERVED_SPECIMEN","Lomatium parryi"
"1928723766","Lomatium parryi",-109.3515,38.5725,1983,5,27,"US","PRESERVED_SPECIMEN","Lomatium parryi"
"1930901903","Lomatium parryi",-108.7627,39.0688,1983,5,24,"US","PRESERVED_SPECIMEN","Lomatium parryi"
"1931082810","Lomatium parryi",-109.9072,37.455,1983,5,22,"US","PRESERVED_SPECIMEN","Lomatium parryi"
"2859138261","Lomatium parryi",-110.978806,37.651929,1983,6,14,"US","PRESERVED_SPECIMEN","Lomatium parryi"
"2422275445","Lomatium parryi",-115.588,35.525,1983,6,12,"US","PRESERVED_SPECIMEN","Lomatium parryi"
"2982069056","Lomatium parryi",-115.588,35.525,1983,6,12,"US","PRESERVED_SPECIMEN","Lomatium parryi"
"1928123470","Lomatium parryi",-109.9908,37.2377,1983,6,8,"US","PRESERVED_SPECIMEN","Lomatium parryi"
"1929681861","Lomatium parryi",-110.976,37.6488,1983,6,14,"US","PRESERVED_SPECIMEN","Lomatium parryi"
"1930444031","Lomatium parryi",-108.257,38.9374,1983,6,15,"US","PRESERVED_SPECIMEN","Lomatium parryi"
"1931117004","Lomatium parryi",-109.1688,38.6588,1983,6,19,"US","PRESERVED_SPECIMEN","Lomatium parryi"
"3413532143","Lomatium parryi",-115.587141,35.532446,1983,6,12,"US","PRESERVED_SPECIMEN","Lomatium parryi"
"2430070610","Lomatium parryi",-117.0737,36.2352,1983,7,4,"US","PRESERVED_SPECIMEN","Lomatium parryi"
"2430485975","Lomatium parryi",-117.0728,36.2376,1983,7,2,"US","PRESERVED_SPECIMEN","Lomatium parryi"
"1927856366","Lomatium parryi",-109.8444,38.1494,1982,5,13,"US","PRESERVED_SPECIMEN","Lomatium parryi"
"3053369966","Lomatium parryi",-115.2909,35.2724,1982,5,16,"US","PRESERVED_SPECIMEN","Lomatium parryi"
"1928164125","Lomatium parryi",-115.2379,37.3547,1982,5,15,"US","PRESERVED_SPECIMEN","Lomatium parryi"
"4404919925","Lomatium parryi",-115.23303,37.354643,1982,5,15,"US","PRESERVED_SPECIMEN","Lomatium parryi"
"2430137576","Lomatium parryi",-115.931585,35.756836,1980,4,21,"US","PRESERVED_SPECIMEN","Lomatium parryi"
"3462679439","Lomatium parryi",-115.481748,36.123266,1980,4,9,"US","PRESERVED_SPECIMEN","Lomatium parryi"
"2430255101","Lomatium parryi",-118.311424,37.405006,1980,5,6,"US","PRESERVED_SPECIMEN","Lomatium parryi"
"4126385434","Lomatium parryi",-115.611592,38.941466,1980,5,17,"US","PRESERVED_SPECIMEN","Lomatium parryi"
"2422276614","Lomatium parryi",-117.15056,36.11306,1980,5,24,"US","PRESERVED_SPECIMEN","Lomatium parryi"
"2430201212","Lomatium parryi",-115.951826,35.806002,1980,6,3,"US","PRESERVED_SPECIMEN","Lomatium parryi"
"2430463373","Lomatium parryi",-117.491034,36.635738,1980,6,2,"US","PRESERVED_SPECIMEN","Lomatium parryi"
"3091230383","Lomatium parryi",-111.6518,36.9539,1979,5,1,"US","PRESERVED_SPECIMEN","Lomatium parryi"
"2270696865","Lomatium parryi",-111.646,36.9542,1979,5,1,"US","PRESERVED_SPECIMEN","Lomatium parryi"
"4404921975","Lomatium parryi",-115.101828,36.85113,1979,6,8,"US","PRESERVED_SPECIMEN","Lomatium parryi"
"4404919224","Lomatium parryi",-115.448858,38.879988,1979,6,26,"US","PRESERVED_SPECIMEN","Lomatium parryi"
"3091223484","Lomatium parryi",-111.82583,35.825224,1979,7,1,"US","PRESERVED_SPECIMEN","Lomatium parryi"
"1846526559","Lomatium parryi",-109.2053,38.5006,1979,7,18,"US","PRESERVED_SPECIMEN","Lomatium parryi"
"2422303192","Lomatium parryi",-117.14575,36.42211,1978,4,6,"US","PRESERVED_SPECIMEN","Lomatium parryi"
"2430410940","Lomatium parryi",-116.0462,35.9527,1978,4,22,"US","PRESERVED_SPECIMEN","Lomatium parryi"
"2430276570","Lomatium parryi",-117.6792,37.2787,1978,5,24,"US","PRESERVED_SPECIMEN","Lomatium parryi"
"2422413888","Lomatium parryi",-115.59167,35.5475,1978,5,28,"US","PRESERVED_SPECIMEN","Lomatium parryi"
"2270197512","Lomatium parryi",-115.574883,35.535897,1978,5,27,"US","PRESERVED_SPECIMEN","Lomatium parryi"
"2430362221","Lomatium parryi",-116.159443,36.109522,1978,5,21,"US","PRESERVED_SPECIMEN","Lomatium parryi"
"2422275736","Lomatium parryi",-117.07931,36.23439,1978,6,1,"US","PRESERVED_SPECIMEN","Lomatium parryi"
"3503193783","Lomatium parryi",-117.0307,36.0646,1977,4,7,"US","PRESERVED_SPECIMEN","Lomatium parryi"
"2430202905","Lomatium parryi",-115.597511,35.545536,1977,5,27,"US","PRESERVED_SPECIMEN","Lomatium parryi"
"1928242869","Lomatium parryi",-115.4999,36.123,1977,5,19,"US","PRESERVED_SPECIMEN","Lomatium parryi"
"1846526539","Lomatium parryi",-115.4999,35.9917,1977,5,15,"US","PRESERVED_SPECIMEN","Lomatium parryi"
"4404906511","Lomatium parryi",-115.490115,36.123416,1977,5,19,"US","PRESERVED_SPECIMEN","Lomatium parryi"
"2430525400","Lomatium parryi",-117.6187,37.1109,1977,5,10,"US","PRESERVED_SPECIMEN","Lomatium parryi"
"2430164995","Lomatium parryi",-115.4,35.533333,1977,6,24,"US","PRESERVED_SPECIMEN","Lomatium parryi"
"2422275805","Lomatium parryi",-115.56667,35.53333,1977,6,24,"US","PRESERVED_SPECIMEN","Lomatium parryi"
"2422276365","Lomatium parryi",-115.31194,35.26139,1976,4,28,"US","PRESERVED_SPECIMEN","Lomatium parryi"
"1928898372","Lomatium parryi",-108.7439,38.9374,1976,5,24,"US","PRESERVED_SPECIMEN","Lomatium parryi"
"2422276129","Lomatium parryi",-115.58806,35.525,1976,6,12,"US","PRESERVED_SPECIMEN","Lomatium parryi"
"4404922480","Lomatium parryi",-115.453236,38.882393,1976,6,16,"US","PRESERVED_SPECIMEN","Lomatium parryi"
"3091204887","Lomatium parryi",-110.869586,37.034162,1975,6,12,"US","PRESERVED_SPECIMEN","Lomatium parryi"
"2430062392","Lomatium parryi",-115.690407,34.807534,1974,4,11,"US","PRESERVED_SPECIMEN","Lomatium parryi"
"2430310618","Lomatium parryi",-115.302695,35.264256,1974,5,10,"US","PRESERVED_SPECIMEN","Lomatium parryi"
"3125032657","Lomatium parryi",-117.09065,36.25005,1974,5,30,"US","PRESERVED_SPECIMEN","Lomatium parryi"
"3091204890","Lomatium parryi",-110.836352,37.006398,1973,5,19,"US","PRESERVED_SPECIMEN","Lomatium parryi"
"3091204852","Lomatium parryi",-110.869586,37.034162,1973,5,21,"US","PRESERVED_SPECIMEN","Lomatium parryi"
"2573421042","Lomatium parryi",-113.402009,37.216628,1973,5,11,"US","PRESERVED_SPECIMEN","Lomatium parryi"
"1929853490","Lomatium parryi",-110.893166,37.057562,1973,5,19,"US","PRESERVED_SPECIMEN","Lomatium parryi"
"3125037640","Lomatium parryi",-115.59119,35.54826,1973,6,23,"US","PRESERVED_SPECIMEN","Lomatium parryi"
"1846526446","Lomatium parryi",-110.87047,37.019625,1972,6,15,"US","PRESERVED_SPECIMEN","Lomatium parryi"
"2430500035","Lomatium parryi",-117.6813,37.2242,1971,5,30,"US","PRESERVED_SPECIMEN","Lomatium parryi"
"1846526570","Lomatium parryi",-115.35278,36.24833,1970,3,20,"US","PRESERVED_SPECIMEN","Lomatium parryi"
"2430208673","Lomatium parryi",-117.427329,36.775308,1970,4,12,"US","PRESERVED_SPECIMEN","Lomatium parryi"
"2430254252","Lomatium parryi",-115.666667,34.833333,1970,5,30,"US","PRESERVED_SPECIMEN","Lomatium parryi"
"1930808173","Lomatium parryi",-109.822418,37.068814,1970,5,14,"US","PRESERVED_SPECIMEN","Lomatium parryi"
"4404871806","Lomatium parryi",-116.472839,37.961916,1970,6,7,"US","PRESERVED_SPECIMEN","Lomatium parryi"
"4404871798","Lomatium parryi",-116.090107,37.51152,1969,6,8,"US","PRESERVED_SPECIMEN","Lomatium parryi"
"4404907652","Lomatium parryi",-116.171837,38.421521,1969,6,6,"US","PRESERVED_SPECIMEN","Lomatium parryi"
"1930111789","Lomatium parryi",-109.999048,37.624992,1968,5,28,"US","PRESERVED_SPECIMEN","Lomatium parryi"
"4404871905","Lomatium parryi",-116.084912,37.432873,1968,6,12,"US","PRESERVED_SPECIMEN","Lomatium parryi"
"1928228517","Lomatium parryi",-111.455833,37.088741,1967,4,19,"US","PRESERVED_SPECIMEN","Lomatium parryi"
"4404871380","Lomatium parryi",-115.607034,38.188009,1967,6,NA,"US","PRESERVED_SPECIMEN","Lomatium parryi"
"4404908863","Lomatium parryi",-115.60705,38.18784,1967,6,NA,"US","PRESERVED_SPECIMEN","Lomatium parryi"
"2382623009","Lomatium parryi",-115.515373,34.985651,1966,4,9,"US","PRESERVED_SPECIMEN","Lomatium parryi"
"3125163646","Lomatium parryi",-115.51537,34.98565,1966,4,9,"US","PRESERVED_SPECIMEN","Lomatium parryi"
"1931103902","Lomatium parryi",-108.141045,39.376823,1965,5,15,"US","PRESERVED_SPECIMEN","Lomatium parryi"
"1928032611","Lomatium parryi",-115.4196,38.918,1965,7,17,"US","PRESERVED_SPECIMEN","Lomatium parryi"
"2461149173","Lomatium parryi",-113.779427,37.2506,1962,4,14,"US","PRESERVED_SPECIMEN","Lomatium parryi"
"1929450663","Lomatium parryi",-109.8406,37.3414,1961,6,5,"US","PRESERVED_SPECIMEN","Lomatium parryi"
"1929691958","Lomatium parryi",-109.7823,37.909,1961,6,12,"US","PRESERVED_SPECIMEN","Lomatium parryi"
"2430440585","Lomatium parryi",-109.781657,37.911012,1961,6,12,"US","PRESERVED_SPECIMEN","Lomatium parryi"
"1928042484","Lomatium parryi",-117.762906,37.269875,1955,4,8,"US","PRESERVED_SPECIMEN","Lomatium parryi"
"1929340919","Lomatium parryi",-110.0136,37.6003,1955,5,19,"US","PRESERVED_SPECIMEN","Lomatium parryi"
"3091294654","Lomatium parryi",-112.4167,36.4667,1949,6,12,"US","PRESERVED_SPECIMEN","Lomatium parryi"
"1928058770","Lomatium parryi",-113.584123,37.249159,1942,4,15,"US","PRESERVED_SPECIMEN","Lomatium parryi"
"1928639531","Lomatium parryi",-113.584123,37.249159,1942,4,5,"US","PRESERVED_SPECIMEN","Lomatium parryi"
"1929289998","Lomatium parryi",-114.87102,38.788031,1942,5,21,"US","PRESERVED_SPECIMEN","Lomatium parryi"
"4404920619","Lomatium parryi",-116.177694,38.433268,1942,5,21,"US","PRESERVED_SPECIMEN","Lomatium parryi"
"4404871421","Lomatium parryi",-115.473338,36.065306,1939,5,3,"US","PRESERVED_SPECIMEN","Lomatium parryi"
"4404917168","Lomatium parryi",-115.473338,36.065272,1939,5,3,"US","PRESERVED_SPECIMEN","Lomatium parryi"
"1930523579","Lomatium parryi",-115.588488,36.270769,1939,6,16,"US","PRESERVED_SPECIMEN","Lomatium parryi"
"3053334591","Lomatium parryi",-117.2186394,36.258916,1937,4,3,"US","PRESERVED_SPECIMEN","Lomatium parryi"
"4404871355","Lomatium parryi",-115.625936,36.308233,1937,6,18,"US","PRESERVED_SPECIMEN","Lomatium parryi"
"4072321810","Lomatium parryi",-115.612899,36.308956,1937,6,18,"US","PRESERVED_SPECIMEN","Lomatium parryi"
"1986910955","Lomatium parryi",-115.612899,36.308956,1937,6,18,"US","PRESERVED_SPECIMEN","Lomatium parryi"
"4071103357","Lomatium parryi",-115.59472,36.25222,1937,6,18,"US","PRESERVED_SPECIMEN","Lomatium parryi"
"3829942339","Lomatium parryi",-115.60195,36.264996,1937,6,18,"US","PRESERVED_SPECIMEN","Lomatium parryi"
"1990217815","Lomatium parryi",-115.612899,36.308956,1937,6,18,"US","PRESERVED_SPECIMEN","Lomatium parryi"
"1990217853","Lomatium parryi",-115.612899,36.308956,1937,6,18,"US","PRESERVED_SPECIMEN","Lomatium parryi"
"2461149172","Lomatium parryi",-115.620765,36.316918,1937,6,18,"US","PRESERVED_SPECIMEN","Lomatium parryi"
"415955926","Lomatium parryi",-115.62805,36.30722,1937,6,18,"US","PRESERVED_SPECIMEN","Lomatium parryi"
"3406866326","Lomatium parryi",-117.0723,36.2372,1937,7,7,"US","PRESERVED_SPECIMEN","Lomatium parryi"
"1928205988","Lomatium parryi",-115.6333,36.25,1936,5,10,"US","PRESERVED_SPECIMEN","Lomatium parryi"
"3053392932","Lomatium parryi",-117.0696,36.2332,1931,5,15,"US","PRESERVED_SPECIMEN","Lomatium parryi"
"3053362390","Lomatium parryi",-117.0696,36.2332,1931,5,15,"US","PRESERVED_SPECIMEN","Lomatium parryi"
"3053471523","Lomatium parryi",-117.071,36.233,1931,6,20,"US","PRESERVED_SPECIMEN","Lomatium parryi"
"3053465109","Lomatium parryi",-115.473,34.983,1930,5,16,"US","PRESERVED_SPECIMEN","Lomatium parryi"
"2430314118","Lomatium parryi",-109.54984,38.573316,1913,6,9,"US","PRESERVED_SPECIMEN","Lomatium parryi"
"2430484613","Lomatium parryi",-109.54984,38.573316,1913,6,7,"US","PRESERVED_SPECIMEN","Lomatium parryi"
"1930952941","Lomatium parryi",-109.551822,38.575024,1913,6,9,"US","PRESERVED_SPECIMEN","Lomatium parryi"
"1928270992","Lomatium parryi",-110.029803,37.599099,1911,8,4,"US","PRESERVED_SPECIMEN","Lomatium parryi"
"1986875295","Lomatium parryi",-117.107222,36.033333,1897,5,6,"US","PRESERVED_SPECIMEN","Lomatium parryi"
"1986875729","Lomatium parryi",-117.107778,36.033333,1897,5,6,"US","PRESERVED_SPECIMEN","Lomatium parryi"
"1986875633","Lomatium parryi",-117.107222,36.033333,1897,5,6,"US","PRESERVED_SPECIMEN","Lomatium parryi"
"1986980509","Lomatium parryi",-117.107222,36.033333,1897,5,6,"US","PRESERVED_SPECIMEN","Lomatium parryi"
"1928697769","Lomatium parryi",-113.367728,37.25276,1894,5,1,"US","PRESERVED_SPECIMEN","Lomatium parryi"
"2430156580","Lomatium parryi",-113.134404,37.185278,1894,9,27,"US","PRESERVED_SPECIMEN","Lomatium parryi"
"2430498662","Lomatium parryi",-115.916226,35.727248,NA,NA,NA,"US","PRESERVED_SPECIMEN","Lomatium parryi"
"1144707157","Lomatium parryi",-111.54444,39.49972,NA,NA,NA,"US","PRESERVED_SPECIMEN","Lomatium parryi"
