"gbifID","species","longitude","latitude","year","month","day","countryCode","basisOfRecord","accepted_name"
"3759180524","Lomatium scabrum",-114.697443,36.30306,2021,4,3,"US","HUMAN_OBSERVATION","Lomatium scabrum"
"3415701368","Lomatium scabrum",-113.3757,37.2461,2020,4,11,"US","HUMAN_OBSERVATION","Lomatium scabrum"
"3416125746","Lomatium scabrum",-113.40731,37.22288,2020,4,11,"US","HUMAN_OBSERVATION","Lomatium scabrum"
"3425130331","Lomatium scabrum",-115.0411,36.4507,2020,5,4,"US","PRESERVED_SPECIMEN","Lomatium scabrum"
"4404916587","Lomatium scabrum",-115.0411,36.4507,2020,5,4,"US","PRESERVED_SPECIMEN","Lomatium scabrum"
"4068983140","Lomatium scabrum",-112.73538,37.90458,2020,5,13,"US","PRESERVED_SPECIMEN","Lomatium scabrum"
"4069011017","Lomatium scabrum",-112.73538,37.90458,2020,5,13,"US","PRESERVED_SPECIMEN","Lomatium scabrum"
"3091282921","Lomatium scabrum",-114.69553,36.29969,2018,4,22,"US","PRESERVED_SPECIMEN","Lomatium scabrum"
"4404972070","Lomatium scabrum",-114.284,36.925,2017,4,15,"US","PRESERVED_SPECIMEN","Lomatium scabrum"
"4034611306","Lomatium scabrum",-113.175683,37.516055,2017,4,13,"US","HUMAN_OBSERVATION","Lomatium scabrum"
"3759851307","Lomatium scabrum",-113.039725,37.69043,2017,4,16,"US","HUMAN_OBSERVATION","Lomatium scabrum"
"4404898518","Lomatium scabrum",-115.161987,37.748117,2017,5,20,"US","PRESERVED_SPECIMEN","Lomatium scabrum"
"4404962744","Lomatium scabrum",-115.330897,37.35678,2017,5,28,"US","PRESERVED_SPECIMEN","Lomatium scabrum"
"3759199309","Lomatium scabrum",-113.044869,37.691722,2017,5,18,"US","HUMAN_OBSERVATION","Lomatium scabrum"
"2268952455","Lomatium scabrum",-115.161987,37.748117,2017,5,20,"US","PRESERVED_SPECIMEN","Lomatium scabrum"
"2268953570","Lomatium scabrum",-115.330897,37.35678,2017,5,28,"US","PRESERVED_SPECIMEN","Lomatium scabrum"
"4068902126","Lomatium scabrum",-112.9801,37.8174,2017,6,2,"US","PRESERVED_SPECIMEN","Lomatium scabrum"
"3091202297","Lomatium scabrum",-113.791083,36.972111,2016,4,2,"US","PRESERVED_SPECIMEN","Lomatium scabrum"
"2422517143","Lomatium scabrum",-115.0197,37.85317,2016,5,10,"US","PRESERVED_SPECIMEN","Lomatium scabrum"
"2270221655","Lomatium scabrum",-112.7358,37.90434,2014,5,13,"US","PRESERVED_SPECIMEN","Lomatium scabrum"
"2270461902","Lomatium scabrum",-114.336367,36.904683,2012,4,28,"US","PRESERVED_SPECIMEN","Lomatium scabrum"
"1986870035","Lomatium scabrum",-114.336367,36.904683,2012,4,28,"US","PRESERVED_SPECIMEN","Lomatium scabrum"
"2422475033","Lomatium scabrum",-113.88897,37.27011,2010,4,7,"US","PRESERVED_SPECIMEN","Lomatium scabrum"
"3091235579","Lomatium scabrum",-114.010833,36.663667,2010,4,12,"US","PRESERVED_SPECIMEN","Lomatium scabrum"
"2270222957","Lomatium scabrum",-113.88896,37.27011,2010,4,7,"US","PRESERVED_SPECIMEN","Lomatium scabrum"
"4068931359","Lomatium scabrum",-113.88896,37.27011,2010,4,7,"US","PRESERVED_SPECIMEN","Lomatium scabrum"
"997426911","Lomatium scabrum",-113.88896,37.27011,2010,4,7,"US","PRESERVED_SPECIMEN","Lomatium scabrum"
"4069049126","Lomatium scabrum",-114.290361,36.896333,2009,4,27,"US","PRESERVED_SPECIMEN","Lomatium scabrum"
"2422460831","Lomatium scabrum",-114.29036,36.89633,2009,4,27,"US","PRESERVED_SPECIMEN","Lomatium scabrum"
"1846516357","Lomatium scabrum",-114.290361,36.896333,2009,4,27,"US","PRESERVED_SPECIMEN","Lomatium scabrum"
"4068997404","Lomatium scabrum",-114.512944,37.372167,2009,4,29,"US","PRESERVED_SPECIMEN","Lomatium scabrum"
"1929278353","Lomatium scabrum",-114.29036,36.89633,2009,4,27,"US","PRESERVED_SPECIMEN","Lomatium scabrum"
"4404945557","Lomatium scabrum",-114.51294,37.37217,2009,4,29,"US","PRESERVED_SPECIMEN","Lomatium scabrum"
"4404945464","Lomatium scabrum",-114.290361,36.896333,2009,4,27,"US","PRESERVED_SPECIMEN","Lomatium scabrum"
"1929992197","Lomatium scabrum",-114.51294,37.37217,2009,4,29,"US","PRESERVED_SPECIMEN","Lomatium scabrum"
"3435890561","Lomatium scabrum",-114.290361,36.896333,2009,4,27,"US","PRESERVED_SPECIMEN","Lomatium scabrum"
"1846483454","Lomatium scabrum",-113.854217,37.030917,2008,4,18,"US","PRESERVED_SPECIMEN","Lomatium scabrum"
"1846483603","Lomatium scabrum",-113.776467,37.22865,2008,4,20,"US","PRESERVED_SPECIMEN","Lomatium scabrum"
"2422447298","Lomatium scabrum",-115.68861,36.38583,2008,4,28,"US","PRESERVED_SPECIMEN","Lomatium scabrum"
"4404925310","Lomatium scabrum",-113.074444,37.6825,2008,5,30,"US","PRESERVED_SPECIMEN","Lomatium scabrum"
"2573424718","Lomatium scabrum",-113.636617,37.241133,2008,5,5,"US","PRESERVED_SPECIMEN","Lomatium scabrum"
"4068914320","Lomatium scabrum",-113.074444,37.6825,2008,5,30,"US","PRESERVED_SPECIMEN","Lomatium scabrum"
"415730401","Lomatium scabrum",-114.143611,37.255278,2005,5,1,"US","PRESERVED_SPECIMEN","Lomatium scabrum"
"2422425906","Lomatium scabrum",-115.33761,37.4875,2005,5,13,"US","PRESERVED_SPECIMEN","Lomatium scabrum"
"3091204848","Lomatium scabrum",-114.14375,37.255306,2005,5,1,"US","PRESERVED_SPECIMEN","Lomatium scabrum"
"2573421309","Lomatium scabrum",-114.14375,37.255306,2005,5,1,"US","PRESERVED_SPECIMEN","Lomatium scabrum"
"1986958112","Lomatium scabrum",-114.088048,37.206728,2005,5,1,"US","PRESERVED_SPECIMEN","Lomatium scabrum"
"4068997355","Lomatium scabrum",-114.14375,37.255306,2005,5,1,"US","PRESERVED_SPECIMEN","Lomatium scabrum"
"4404946029","Lomatium scabrum",-114.14375,37.255306,2005,5,1,"US","PRESERVED_SPECIMEN","Lomatium scabrum"
"1930689743","Lomatium scabrum",-114.14375,37.25531,2005,5,1,"US","PRESERVED_SPECIMEN","Lomatium scabrum"
"4073934336","Lomatium scabrum",-114.14375,37.255306,2005,5,1,"US","PRESERVED_SPECIMEN","Lomatium scabrum"
"2242395468","Lomatium scabrum",-114.042917,36.635915,2004,4,6,"US","PRESERVED_SPECIMEN","Lomatium scabrum"
"3091190418","Lomatium scabrum",-113.7306,36.925,2003,4,24,"US","PRESERVED_SPECIMEN","Lomatium scabrum"
"1928920114","Lomatium scabrum",-113.6329,37.3375,2001,5,12,"US","PRESERVED_SPECIMEN","Lomatium scabrum"
"1931367578","Lomatium scabrum",-113.8912,37.2796,2001,5,14,"US","PRESERVED_SPECIMEN","Lomatium scabrum"
"1928714912","Lomatium scabrum",-113.8052,36.8968,2000,4,24,"US","PRESERVED_SPECIMEN","Lomatium scabrum"
"1931276969","Lomatium scabrum",-113.5902,38.7983,2000,5,20,"US","PRESERVED_SPECIMEN","Lomatium scabrum"
"1928632150","Lomatium scabrum",-113.6286,38.9186,1999,5,27,"US","PRESERVED_SPECIMEN","Lomatium scabrum"
"1928825887","Lomatium scabrum",-113.3015,39.4029,1999,6,12,"US","PRESERVED_SPECIMEN","Lomatium scabrum"
"4404925418","Lomatium scabrum",-115.208985,37.23605,1998,4,24,"US","PRESERVED_SPECIMEN","Lomatium scabrum"
"1929277810","Lomatium scabrum",-113.762,37.2941,1998,4,18,"US","PRESERVED_SPECIMEN","Lomatium scabrum"
"1927992421","Lomatium scabrum",-112.0434,39.4102,1998,5,20,"US","PRESERVED_SPECIMEN","Lomatium scabrum"
"1929268517","Lomatium scabrum",-113.8912,37.1493,1998,5,22,"US","PRESERVED_SPECIMEN","Lomatium scabrum"
"4404925433","Lomatium scabrum",-115.340764,37.348014,1998,6,27,"US","PRESERVED_SPECIMEN","Lomatium scabrum"
"1929300964","Lomatium scabrum",-113.376,38.1566,1998,6,11,"US","PRESERVED_SPECIMEN","Lomatium scabrum"
"1931287123","Lomatium scabrum",-113.4318,38.2151,1998,6,11,"US","PRESERVED_SPECIMEN","Lomatium scabrum"
"4404962096","Lomatium scabrum",-113.571667,38.798333,1997,4,27,"US","PRESERVED_SPECIMEN","Lomatium scabrum"
"4404913779","Lomatium scabrum",-113.777747,39.070696,1997,4,26,"US","PRESERVED_SPECIMEN","Lomatium scabrum"
"1986956760","Lomatium scabrum",-113.571667,38.798333,1997,4,27,"US","PRESERVED_SPECIMEN","Lomatium scabrum"
"1986956781","Lomatium scabrum",-113.441944,39.015833,1997,4,26,"US","PRESERVED_SPECIMEN","Lomatium scabrum"
"3950022365","Lomatium scabrum",-113.57814,38.78903,1997,4,27,"US","PRESERVED_SPECIMEN","Lomatium scabrum"
"3503014315","Lomatium scabrum",-37.030278,13.864444,1995,4,29,"US","PRESERVED_SPECIMEN","Lomatium scabrum"
"3503006311","Lomatium scabrum",-37.030278,13.864444,1995,4,28,"US","PRESERVED_SPECIMEN","Lomatium scabrum"
"2573423667","Lomatium scabrum",-113.850131,36.91646,1993,4,3,"US","PRESERVED_SPECIMEN","Lomatium scabrum"
"1928954611","Lomatium scabrum",-113.8029,36.9827,1993,4,3,"US","PRESERVED_SPECIMEN","Lomatium scabrum"
"2996696873","Lomatium scabrum",0,0,1991,4,21,"US","PRESERVED_SPECIMEN","Lomatium scabrum"
"1930903565","Lomatium scabrum",-113.5902,38.7983,1990,6,1,"US","PRESERVED_SPECIMEN","Lomatium scabrum"
"1931222062","Lomatium scabrum",-113.7252,37.0189,1988,5,8,"US","PRESERVED_SPECIMEN","Lomatium scabrum"
"1928433630","Lomatium scabrum",-113.7,36.4,1987,5,20,"US","PRESERVED_SPECIMEN","Lomatium scabrum"
"1928646418","Lomatium scabrum",-114.6405,37.3693,1987,5,15,"US","PRESERVED_SPECIMEN","Lomatium scabrum"
"4073794777","Lomatium scabrum",-114.6410894,37.3692088,1987,5,15,"US","PRESERVED_SPECIMEN","Lomatium scabrum"
"1931044598","Lomatium scabrum",-113.8912,37.2796,1987,5,18,"US","PRESERVED_SPECIMEN","Lomatium scabrum"
"1930740249","Lomatium scabrum",-113.7436,37.2796,1986,3,27,"US","PRESERVED_SPECIMEN","Lomatium scabrum"
"1931201447","Lomatium scabrum",-113.7014,37.9043,1986,4,14,"US","PRESERVED_SPECIMEN","Lomatium scabrum"
"1929040002","Lomatium scabrum",-113.4485,37.2362,1986,5,1,"US","PRESERVED_SPECIMEN","Lomatium scabrum"
"1930246227","Lomatium scabrum",-113.8727,37.0334,1986,NA,NA,"US","PRESERVED_SPECIMEN","Lomatium scabrum"
"1930328661","Lomatium scabrum",-114.0208,36.6509,1985,4,19,"US","PRESERVED_SPECIMEN","Lomatium scabrum"
"1928270719","Lomatium scabrum",-114.049461,36.651572,1985,5,15,"US","PRESERVED_SPECIMEN","Lomatium scabrum"
"2242390615","Lomatium scabrum",-114.309163,38.914947,1985,6,11,"US","PRESERVED_SPECIMEN","Lomatium scabrum"
"2242392430","Lomatium scabrum",-114.309163,38.914947,1985,6,11,"US","PRESERVED_SPECIMEN","Lomatium scabrum"
"2242391195","Lomatium scabrum",-113.409695,39.143285,1985,6,14,"US","PRESERVED_SPECIMEN","Lomatium scabrum"
"1986934396","Lomatium scabrum",-114.25,36.866667,1984,4,24,"US","PRESERVED_SPECIMEN","Lomatium scabrum"
"1930397159","Lomatium scabrum",-110.063,37.035,1984,4,16,"US","PRESERVED_SPECIMEN","Lomatium scabrum"
"1927980122","Lomatium scabrum",-112.7289,37.9047,1984,5,18,"US","PRESERVED_SPECIMEN","Lomatium scabrum"
"1986980564","Lomatium scabrum",-113.632778,37.236111,1984,5,8,"US","PRESERVED_SPECIMEN","Lomatium scabrum"
"1930069939","Lomatium scabrum",-113.6329,37.23616,1984,5,8,"US","PRESERVED_SPECIMEN","Lomatium scabrum"
"1930271088","Lomatium scabrum",-113.7805,37.2362,1984,5,8,"US","PRESERVED_SPECIMEN","Lomatium scabrum"
"1930730680","Lomatium scabrum",-112.7289,37.9047,1984,5,18,"US","PRESERVED_SPECIMEN","Lomatium scabrum"
"2430317853","Lomatium scabrum",-113.628004,37.227329,1984,5,8,"US","PRESERVED_SPECIMEN","Lomatium scabrum"
"1928400689","Lomatium scabrum",-113.1525,37.5661,1984,6,10,"US","PRESERVED_SPECIMEN","Lomatium scabrum"
"1930558933","Lomatium scabrum",-113.562,38.2298,1984,6,7,"US","PRESERVED_SPECIMEN","Lomatium scabrum"
"1931256200","Lomatium scabrum",-113.8727,37.1493,1983,5,27,"US","PRESERVED_SPECIMEN","Lomatium scabrum"
"1928599225","Lomatium scabrum",-113.3562,37.3665,1982,4,22,"US","PRESERVED_SPECIMEN","Lomatium scabrum"
"1929063719","Lomatium scabrum",-112.8922,38.2298,1982,5,11,"US","PRESERVED_SPECIMEN","Lomatium scabrum"
"1929179350","Lomatium scabrum",-114.9321,36.6291,1982,5,13,"US","PRESERVED_SPECIMEN","Lomatium scabrum"
"1929621631","Lomatium scabrum",-113.7385,38.7547,1982,5,3,"US","PRESERVED_SPECIMEN","Lomatium scabrum"
"4404946095","Lomatium scabrum",-114.927988,36.626356,1982,5,13,"US","PRESERVED_SPECIMEN","Lomatium scabrum"
"4404946023","Lomatium scabrum",-114.977704,36.748933,1982,5,12,"US","PRESERVED_SPECIMEN","Lomatium scabrum"
"1930643252","Lomatium scabrum",-114.9856,36.7316,1982,5,12,"US","PRESERVED_SPECIMEN","Lomatium scabrum"
"1928122247","Lomatium scabrum",-113.5806,38.3321,1982,6,12,"US","PRESERVED_SPECIMEN","Lomatium scabrum"
"1928067759","Lomatium scabrum",-113.5806,38.3321,1981,5,22,"US","PRESERVED_SPECIMEN","Lomatium scabrum"
"4404945513","Lomatium scabrum",-113.5806,38.3321,1981,5,22,"US","PRESERVED_SPECIMEN","Lomatium scabrum"
"1929706057","Lomatium scabrum",-113.3015,38.3906,1981,5,21,"US","PRESERVED_SPECIMEN","Lomatium scabrum"
"2573419851","Lomatium scabrum",-113.574582,38.33255,1981,6,20,"US","PRESERVED_SPECIMEN","Lomatium scabrum"
"1928773351","Lomatium scabrum",-113.5806,38.3321,1981,6,20,"US","PRESERVED_SPECIMEN","Lomatium scabrum"
"1929788231","Lomatium scabrum",-114.1388,36.6602,1981,6,2,"US","PRESERVED_SPECIMEN","Lomatium scabrum"
"1928291246","Lomatium scabrum",-113.2829,38.4491,1980,6,25,"US","PRESERVED_SPECIMEN","Lomatium scabrum"
"1929166673","Lomatium scabrum",-115.2186,37.6142,1980,6,6,"US","PRESERVED_SPECIMEN","Lomatium scabrum"
"2573420629","Lomatium scabrum",-113.536676,38.986416,1979,6,2,"US","PRESERVED_SPECIMEN","Lomatium scabrum"
"2573420883","Lomatium scabrum",-112.849415,39.44016,1979,6,16,"US","PRESERVED_SPECIMEN","Lomatium scabrum"
"2573422615","Lomatium scabrum",-113.052182,39.574275,1979,6,16,"US","PRESERVED_SPECIMEN","Lomatium scabrum"
"1928876097","Lomatium scabrum",-113.5346,38.9869,1979,6,2,"US","PRESERVED_SPECIMEN","Lomatium scabrum"
"4404945587","Lomatium scabrum",-113.5346,38.9869,1979,6,2,"US","PRESERVED_SPECIMEN","Lomatium scabrum"
"4404941117","Lomatium scabrum",-114.146571,36.661995,1977,5,18,"US","PRESERVED_SPECIMEN","Lomatium scabrum"
"3053385320","Lomatium scabrum",-115.149,36.4996,1976,5,29,"US","PRESERVED_SPECIMEN","Lomatium scabrum"
"4404945729","Lomatium scabrum",-115.14972,36.499605,1976,5,29,"US","PRESERVED_SPECIMEN","Lomatium scabrum"
"2270695981","Lomatium scabrum",-113.929,36.8872,1973,4,18,"US","PRESERVED_SPECIMEN","Lomatium scabrum"
"4404925473","Lomatium scabrum",-115.251398,36.434725,1973,5,6,"US","PRESERVED_SPECIMEN","Lomatium scabrum"
"2573419646","Lomatium scabrum",-113.421318,37.231297,1973,5,11,"US","PRESERVED_SPECIMEN","Lomatium scabrum"
"4404925477","Lomatium scabrum",-115.244685,36.484528,1973,6,2,"US","PRESERVED_SPECIMEN","Lomatium scabrum"
"4404941104","Lomatium scabrum",-115.828473,36.883182,1971,4,30,"US","PRESERVED_SPECIMEN","Lomatium scabrum"
"4404924340","Lomatium scabrum",-115.755179,36.708495,1971,5,2,"US","PRESERVED_SPECIMEN","Lomatium scabrum"
"4404946050","Lomatium scabrum",-116.005577,36.67661,1969,4,15,"US","PRESERVED_SPECIMEN","Lomatium scabrum"
"4404941077","Lomatium scabrum",-115.903608,36.771271,1968,6,7,"US","PRESERVED_SPECIMEN","Lomatium scabrum"
"4404941105","Lomatium scabrum",-115.8956,36.905739,1967,5,10,"US","PRESERVED_SPECIMEN","Lomatium scabrum"
"2573422293","Lomatium scabrum",-113.757956,38.740077,1967,6,15,"US","PRESERVED_SPECIMEN","Lomatium scabrum"
"1929700253","Lomatium scabrum",-114.013088,38.886529,1965,5,26,"US","PRESERVED_SPECIMEN","Lomatium scabrum"
"4404925483","Lomatium scabrum",-115.259316,36.445543,1961,4,21,"US","PRESERVED_SPECIMEN","Lomatium scabrum"
"2430219401","Lomatium scabrum",-113.599591,37.122307,1949,5,5,"US","PRESERVED_SPECIMEN","Lomatium scabrum"
"1928550213","Lomatium scabrum",-115.9083,36.725,1941,5,14,"US","PRESERVED_SPECIMEN","Lomatium scabrum"
"1928972702","Lomatium scabrum",-114.0317,38.9375,1941,5,23,"US","PRESERVED_SPECIMEN","Lomatium scabrum"
"1931311254","Lomatium scabrum",-114.7256,37.0864,1941,5,19,"US","PRESERVED_SPECIMEN","Lomatium scabrum"
"2430318493","Lomatium scabrum",-113.037365,37.671451,1936,5,9,"US","PRESERVED_SPECIMEN","Lomatium scabrum"
"2430165097","Lomatium scabrum",-112.94511,37.63552,1929,5,31,"US","PRESERVED_SPECIMEN","Lomatium scabrum"
"1928427886","Lomatium scabrum",-112.958732,37.664155,1920,7,17,"US","PRESERVED_SPECIMEN","Lomatium scabrum"
"1929573417","Lomatium scabrum",-113.359117,37.238593,1919,5,9,"US","PRESERVED_SPECIMEN","Lomatium scabrum"
"2430253035","Lomatium scabrum",-113.564835,37.115037,1894,4,26,"US","PRESERVED_SPECIMEN","Lomatium scabrum"
"2430183114","Lomatium scabrum",-113.626269,37.249606,1894,4,28,"US","PRESERVED_SPECIMEN","Lomatium scabrum"
"2430113041","Lomatium scabrum",-113.050947,37.677285,1894,5,10,"US","PRESERVED_SPECIMEN","Lomatium scabrum"
"2430306642","Lomatium scabrum",-113.052744,39.558281,1891,5,25,"US","PRESERVED_SPECIMEN","Lomatium scabrum"
"2430200138","Lomatium scabrum",-113.584123,37.104148,1880,4,1,"US","PRESERVED_SPECIMEN","Lomatium scabrum"
"1986875263","Lomatium scabrum",-113.271944,38.450556,1880,6,22,"US","PRESERVED_SPECIMEN","Lomatium scabrum"
"2430270797","Lomatium scabrum",-113.2377,38.461248,1880,6,22,"US","PRESERVED_SPECIMEN","Lomatium scabrum"
"1928727910","Lomatium scabrum",-113.2719,38.4506,1880,6,22,"US","PRESERVED_SPECIMEN","Lomatium scabrum"
"3829942335","Lomatium scabrum",-113.258853,38.45635,1880,6,22,"US","PRESERVED_SPECIMEN","Lomatium scabrum"
"1930504297","Lomatium scabrum",-113.2719,38.4506,1880,6,22,"US","PRESERVED_SPECIMEN","Lomatium scabrum"
"1930816250","Lomatium scabrum",-113.2719,38.4506,1880,6,22,"US","PRESERVED_SPECIMEN","Lomatium scabrum"
"1928412932","Lomatium scabrum",-113.972115,35.984186,1877,NA,NA,"US","PRESERVED_SPECIMEN","Lomatium scabrum"
"1929197736","Lomatium scabrum",-113.972115,35.984186,1877,NA,NA,"US","PRESERVED_SPECIMEN","Lomatium scabrum"
"1929485884","Lomatium scabrum",-113.972115,35.984186,1877,NA,NA,"US","PRESERVED_SPECIMEN","Lomatium scabrum"
"1930483669","Lomatium scabrum",-113.972115,35.984186,1877,NA,NA,"US","PRESERVED_SPECIMEN","Lomatium scabrum"
"1931373863","Lomatium scabrum",-113.972115,35.984186,1877,NA,NA,"US","PRESERVED_SPECIMEN","Lomatium scabrum"
"1927982539","Lomatium scabrum",-113.896524,36.902838,NA,NA,NA,"US","PRESERVED_SPECIMEN","Lomatium scabrum"
