"gbifID","species","longitude","latitude","year","month","day","countryCode","basisOfRecord","accepted_name"
"4096770591","Lomatium latilobum",-109.774361,38.746538,2023,2,25,"US","HUMAN_OBSERVATION","Lomatium latilobum"
"4465589769","Lomatium latilobum",-109.737574,38.684734,2023,3,15,"US","HUMAN_OBSERVATION","Lomatium latilobum"
"4096802585","Lomatium latilobum",-109.432774,38.740288,2023,3,17,"US","HUMAN_OBSERVATION","Lomatium latilobum"
"4103385413","Lomatium latilobum",-109.521395,38.645352,2023,5,1,"US","HUMAN_OBSERVATION","Lomatium latilobum"
"4405114585","Lomatium latilobum",-109.476797,38.714821,2023,5,7,"US","HUMAN_OBSERVATION","Lomatium latilobum"
"4512164763","Lomatium latilobum",-109.771978,38.780899,2023,5,29,"US","HUMAN_OBSERVATION","Lomatium latilobum"
"4510300240","Lomatium latilobum",-109.505702,38.664275,2023,6,19,"US","HUMAN_OBSERVATION","Lomatium latilobum"
"4407361846","Lomatium latilobum",-109.611619,38.60097,2023,8,17,"US","HUMAN_OBSERVATION","Lomatium latilobum"
"4510311269","Lomatium latilobum",-109.632465,38.709215,2023,9,25,"US","HUMAN_OBSERVATION","Lomatium latilobum"
"4510041196","Lomatium latilobum",-109.464084,38.753226,2023,10,25,"US","HUMAN_OBSERVATION","Lomatium latilobum"
"4075626562","Lomatium latilobum",-108.988225,39.081052,2022,2,19,"US","HUMAN_OBSERVATION","Lomatium latilobum"
"3759586894","Lomatium latilobum",-109.427164,38.601057,2022,3,16,"US","HUMAN_OBSERVATION","Lomatium latilobum"
"3760164878","Lomatium latilobum",-109.615892,38.637479,2022,3,31,"US","HUMAN_OBSERVATION","Lomatium latilobum"
"4075749600","Lomatium latilobum",-108.956815,39.184519,2022,4,10,"US","HUMAN_OBSERVATION","Lomatium latilobum"
"3784952492","Lomatium latilobum",-109.58442,38.678913,2022,5,12,"US","HUMAN_OBSERVATION","Lomatium latilobum"
"4096751474","Lomatium latilobum",-109.55224,38.74838,2022,5,11,"US","HUMAN_OBSERVATION","Lomatium latilobum"
"4028654861","Lomatium latilobum",-109.557662,38.775072,2022,6,10,"US","HUMAN_OBSERVATION","Lomatium latilobum"
"4034672583","Lomatium latilobum",-109.571254,38.700438,2022,6,21,"US","HUMAN_OBSERVATION","Lomatium latilobum"
"4034860460","Lomatium latilobum",-109.738856,38.691156,2022,6,21,"US","HUMAN_OBSERVATION","Lomatium latilobum"
"4096524589","Lomatium latilobum",-109.592995,38.683916,2022,6,18,"US","HUMAN_OBSERVATION","Lomatium latilobum"
"4096851531","Lomatium latilobum",-109.551806,38.635902,2022,7,3,"US","HUMAN_OBSERVATION","Lomatium latilobum"
"3915652746","Lomatium latilobum",-109.579886,38.774127,2022,9,23,"US","HUMAN_OBSERVATION","Lomatium latilobum"
"4096805549","Lomatium latilobum",-109.592369,38.674961,2022,9,27,"US","HUMAN_OBSERVATION","Lomatium latilobum"
"4096506521","Lomatium latilobum",-109.503861,38.636728,2022,9,27,"US","HUMAN_OBSERVATION","Lomatium latilobum"
"4096884561","Lomatium latilobum",-109.522149,38.744543,2022,9,8,"US","HUMAN_OBSERVATION","Lomatium latilobum"
"4102597457","Lomatium latilobum",-109.570311,38.668495,2022,11,16,"US","HUMAN_OBSERVATION","Lomatium latilobum"
"3355075471","Lomatium latilobum",-110.005908,37.327624,2021,3,21,"US","HUMAN_OBSERVATION","Lomatium latilobum"
"4028828631","Lomatium latilobum",-109.512282,38.528305,2021,4,16,"US","HUMAN_OBSERVATION","Lomatium latilobum"
"4028928193","Lomatium latilobum",-109.354576,38.479733,2021,4,16,"US","HUMAN_OBSERVATION","Lomatium latilobum"
"3090577959","Lomatium latilobum",-109.761241,38.736123,2021,4,2,"US","HUMAN_OBSERVATION","Lomatium latilobum"
"3090764076","Lomatium latilobum",-109.524585,38.673357,2021,4,9,"US","HUMAN_OBSERVATION","Lomatium latilobum"
"3090920860","Lomatium latilobum",-109.446936,38.760073,2021,4,12,"US","HUMAN_OBSERVATION","Lomatium latilobum"
"3097371577","Lomatium latilobum",-109.409643,38.626471,2021,4,21,"US","HUMAN_OBSERVATION","Lomatium latilobum"
"3384291666","Lomatium latilobum",-109.208328,38.444201,2021,4,23,"US","HUMAN_OBSERVATION","Lomatium latilobum"
"4096552389","Lomatium latilobum",-109.42171,38.60847,2021,5,23,"US","HUMAN_OBSERVATION","Lomatium latilobum"
"3302031384","Lomatium latilobum",-109.760912,38.78282,2021,6,7,"US","HUMAN_OBSERVATION","Lomatium latilobum"
"3301793839","Lomatium latilobum",-109.606438,38.768562,2021,6,10,"US","HUMAN_OBSERVATION","Lomatium latilobum"
"4096486411","Lomatium latilobum",-109.430313,38.674344,2021,6,7,"US","HUMAN_OBSERVATION","Lomatium latilobum"
"3337875793","Lomatium latilobum",-109.529924,38.692499,2021,7,20,"US","HUMAN_OBSERVATION","Lomatium latilobum"
"3783626914","Lomatium latilobum",-108.983117,39.168183,2020,6,17,"US","PRESERVED_SPECIMEN","Lomatium latilobum"
"3090837750","Lomatium latilobum",-109.451985,38.768834,2020,6,6,"US","HUMAN_OBSERVATION","Lomatium latilobum"
"3355046435","Lomatium latilobum",-109.536222,38.748358,2020,10,1,"US","HUMAN_OBSERVATION","Lomatium latilobum"
"3355012462","Lomatium latilobum",-109.529245,38.454269,2020,11,22,"US","HUMAN_OBSERVATION","Lomatium latilobum"
"2350305432","Lomatium latilobum",-109.746772,38.963241,2019,4,15,"US","HUMAN_OBSERVATION","Lomatium latilobum"
"2596326534","Lomatium latilobum",-109.455185,38.774621,2019,4,20,"US","HUMAN_OBSERVATION","Lomatium latilobum"
"2350316382","Lomatium latilobum",-109.498509,38.787906,2019,7,13,"US","HUMAN_OBSERVATION","Lomatium latilobum"
"4096472332","Lomatium latilobum",-109.70264,38.64804,2019,10,15,"US","HUMAN_OBSERVATION","Lomatium latilobum"
"2447846177","Lomatium latilobum",-109.605527,38.704894,2019,10,15,"US","HUMAN_OBSERVATION","Lomatium latilobum"
"2366007765","Lomatium latilobum",-109.493459,38.729862,2018,4,9,"US","HUMAN_OBSERVATION","Lomatium latilobum"
"1839267666","Lomatium latilobum",-109.410031,38.613247,2018,4,25,"US","HUMAN_OBSERVATION","Lomatium latilobum"
"4034726728","Lomatium latilobum",-109.616673,38.690578,2018,5,1,"US","HUMAN_OBSERVATION","Lomatium latilobum"
"1901034008","Lomatium latilobum",-109.737648,38.648945,2018,5,19,"US","HUMAN_OBSERVATION","Lomatium latilobum"
"4096480311","Lomatium latilobum",-109.429716,38.701252,2018,11,20,"US","HUMAN_OBSERVATION","Lomatium latilobum"
"4096547312","Lomatium latilobum",-109.462419,38.648333,2018,11,20,"US","HUMAN_OBSERVATION","Lomatium latilobum"
"2366025690","Lomatium latilobum",-109.772853,38.696004,2016,3,22,"US","HUMAN_OBSERVATION","Lomatium latilobum"
"4096775307","Lomatium latilobum",-109.529015,38.690655,2016,5,7,"US","HUMAN_OBSERVATION","Lomatium latilobum"
"3783624782","Lomatium latilobum",-108.79102,39.1186,2016,6,17,"US","PRESERVED_SPECIMEN","Lomatium latilobum"
"1272113114","Lomatium latilobum",-109.565333,38.702999,2016,6,5,"US","HUMAN_OBSERVATION","Lomatium latilobum"
"1272113361","Lomatium latilobum",-109.46552,38.705984,2016,6,5,"US","HUMAN_OBSERVATION","Lomatium latilobum"
"1272115867","Lomatium latilobum",-109.411813,38.747944,2016,6,5,"US","HUMAN_OBSERVATION","Lomatium latilobum"
"3018129674","Lomatium latilobum",-109.421829,38.780751,2015,3,19,"US","HUMAN_OBSERVATION","Lomatium latilobum"
"2366160740","Lomatium latilobum",-109.439305,38.772362,2015,4,1,"US","HUMAN_OBSERVATION","Lomatium latilobum"
"3986040256","Lomatium latilobum",-109.617201,38.788265,2010,9,25,"US","HUMAN_OBSERVATION","Lomatium latilobum"
"3343845649","Lomatium latilobum",-109.63628,38.736085,2009,3,18,"US","HUMAN_OBSERVATION","Lomatium latilobum"
"3343823637","Lomatium latilobum",-109.52743,38.79405,2009,3,19,"US","HUMAN_OBSERVATION","Lomatium latilobum"
"3124818408","Lomatium latilobum",-109.546726,38.78527,2009,5,19,"US","HUMAN_OBSERVATION","Lomatium latilobum"
"3798063715","Lomatium latilobum",-108.38,39.01,2009,8,6,"US","PRESERVED_SPECIMEN","Lomatium latilobum"
"3387749968","Lomatium latilobum",-109.588455,38.769478,2008,4,16,"US","HUMAN_OBSERVATION","Lomatium latilobum"
"4067158336","Lomatium latilobum",-109.739721,38.609637,2004,5,6,"US","HUMAN_OBSERVATION","Lomatium latilobum"
"1929351443","Lomatium latilobum",-109.5864,38.5503,2001,4,20,"US","PRESERVED_SPECIMEN","Lomatium latilobum"
"2270697130","Lomatium latilobum",-109.586389,38.550833,2001,4,20,"US","PRESERVED_SPECIMEN","Lomatium latilobum"
"4096773312","Lomatium latilobum",-109.605196,38.737042,2001,5,9,"US","HUMAN_OBSERVATION","Lomatium latilobum"
"2573425016","Lomatium latilobum",-109.450721,38.454149,1995,4,13,"US","PRESERVED_SPECIMEN","Lomatium latilobum"
"1928504437","Lomatium latilobum",-109.4793,38.5725,1986,4,17,"US","PRESERVED_SPECIMEN","Lomatium latilobum"
"1929600164","Lomatium latilobum",-109.4976,38.5869,1986,4,17,"US","PRESERVED_SPECIMEN","Lomatium latilobum"
"1930209249","Lomatium latilobum",-109.3697,38.5869,1984,5,22,"US","PRESERVED_SPECIMEN","Lomatium latilobum"
"2422275505","Lomatium latilobum",-108.81028,39.09222,1983,5,26,"US","PRESERVED_SPECIMEN","Lomatium latilobum"
"1846526633","Lomatium latilobum",-108.86167,39.165,1983,5,26,"US","PRESERVED_SPECIMEN","Lomatium latilobum"
"3798126226","Lomatium latilobum",-108.63,39.02,1983,5,13,"US","PRESERVED_SPECIMEN","Lomatium latilobum"
"1930427755","Lomatium latilobum",-109.3697,38.5725,1982,5,20,"US","PRESERVED_SPECIMEN","Lomatium latilobum"
"1846526599","Lomatium latilobum",-108.86167,39.165,1980,8,30,"US","PRESERVED_SPECIMEN","Lomatium latilobum"
"1931105414","Lomatium latilobum",-110.011708,37.580992,1966,4,28,"US","PRESERVED_SPECIMEN","Lomatium latilobum"
"2573424606","Lomatium latilobum",-109.621457,38.799185,1955,6,10,"US","PRESERVED_SPECIMEN","Lomatium latilobum"
"2573424664","Lomatium latilobum",-109.621457,38.799185,1955,6,11,"US","PRESERVED_SPECIMEN","Lomatium latilobum"
"2430486398","Lomatium latilobum",-109.616106,38.798815,1955,6,11,"US","PRESERVED_SPECIMEN","Lomatium latilobum"
"2430109586","Lomatium latilobum",-109.616106,38.798815,1955,6,10,"US","PRESERVED_SPECIMEN","Lomatium latilobum"
"1929626706","Lomatium latilobum",-108.672873,39.067859,1943,5,25,"US","PRESERVED_SPECIMEN","Lomatium latilobum"
"2430521715","Lomatium latilobum",-109.588155,38.592589,1933,5,8,"US","PRESERVED_SPECIMEN","Lomatium latilobum"
"2430123784","Lomatium latilobum",-109.54984,38.573316,1914,6,4,"US","PRESERVED_SPECIMEN","Lomatium latilobum"
"2430085045","Lomatium latilobum",-109.242167,38.473244,1898,5,NA,"US","PRESERVED_SPECIMEN","Lomatium latilobum"
