"gbifID","species","longitude","latitude","year","month","day","countryCode","basisOfRecord","accepted_name"
"4035007569","Lomatium californicum",-122.099472,38.507381,2023,2,12,"US","HUMAN_OBSERVATION","Lomatium californicum"
"4039422345","Lomatium californicum",-122.130958,38.240594,2023,2,19,"US","HUMAN_OBSERVATION","Lomatium californicum"
"4046421886","Lomatium californicum",-122.287624,37.468823,2023,2,22,"US","HUMAN_OBSERVATION","Lomatium californicum"
"4075615951","Lomatium californicum",-122.286583,37.469395,2023,3,1,"US","HUMAN_OBSERVATION","Lomatium californicum"
"4519082616","Lomatium californicum",-122.522035,38.354281,2023,3,3,"US","HUMAN_OBSERVATION","Lomatium californicum"
"4075601893","Lomatium californicum",-122.285378,38.753583,2023,3,3,"US","HUMAN_OBSERVATION","Lomatium californicum"
"4054740284","Lomatium californicum",-122.286605,37.469342,2023,3,6,"US","HUMAN_OBSERVATION","Lomatium californicum"
"4063132321","Lomatium californicum",-122.217546,37.443667,2023,3,13,"US","HUMAN_OBSERVATION","Lomatium californicum"
"4075594953","Lomatium californicum",-122.631006,38.450583,2023,3,15,"US","HUMAN_OBSERVATION","Lomatium californicum"
"4116282517","Lomatium californicum",-122.182353,37.366643,2023,3,15,"US","HUMAN_OBSERVATION","Lomatium californicum"
"4067427540","Lomatium californicum",-122.099486,38.507462,2023,3,20,"US","HUMAN_OBSERVATION","Lomatium californicum"
"4075742052","Lomatium californicum",-122.285669,37.4712,2023,3,17,"US","HUMAN_OBSERVATION","Lomatium californicum"
"4076244157","Lomatium californicum",-121.037828,36.64897,2023,3,22,"US","HUMAN_OBSERVATION","Lomatium californicum"
"4076432352","Lomatium californicum",-122.286592,37.469437,2023,3,31,"US","HUMAN_OBSERVATION","Lomatium californicum"
"4091794545","Lomatium californicum",-122.890442,42.46733,2023,3,31,"US","HUMAN_OBSERVATION","Lomatium californicum"
"4091585544","Lomatium californicum",-122.890838,42.468205,2023,3,31,"US","HUMAN_OBSERVATION","Lomatium californicum"
"4076065850","Lomatium californicum",-122.518333,38.355605,2023,4,3,"US","HUMAN_OBSERVATION","Lomatium californicum"
"4116490427","Lomatium californicum",-122.64888,38.440597,2023,4,5,"US","HUMAN_OBSERVATION","Lomatium californicum"
"4080939839","Lomatium californicum",-122.286614,37.469403,2023,4,5,"US","HUMAN_OBSERVATION","Lomatium californicum"
"4091395574","Lomatium californicum",-122.882478,42.466338,2023,4,1,"US","HUMAN_OBSERVATION","Lomatium californicum"
"4080528208","Lomatium californicum",-122.655531,39.162936,2023,4,8,"US","HUMAN_OBSERVATION","Lomatium californicum"
"4116095618","Lomatium californicum",-122.45069,37.61403,2023,4,10,"US","HUMAN_OBSERVATION","Lomatium californicum"
"4091369131","Lomatium californicum",-122.88257,42.4664,2023,4,12,"US","HUMAN_OBSERVATION","Lomatium californicum"
"4091616136","Lomatium californicum",-122.89045,42.467328,2023,4,14,"US","HUMAN_OBSERVATION","Lomatium californicum"
"4091720292","Lomatium californicum",-122.966392,42.175695,2023,4,15,"US","HUMAN_OBSERVATION","Lomatium californicum"
"4091650412","Lomatium californicum",-122.807053,39.016461,2023,4,16,"US","HUMAN_OBSERVATION","Lomatium californicum"
"4096884922","Lomatium californicum",-121.184037,36.482792,2023,4,19,"US","HUMAN_OBSERVATION","Lomatium californicum"
"4096441869","Lomatium californicum",-122.922272,42.15585,2023,4,19,"US","HUMAN_OBSERVATION","Lomatium californicum"
"4096538961","Lomatium californicum",-122.803488,39.001675,2023,4,19,"US","HUMAN_OBSERVATION","Lomatium californicum"
"4096522095","Lomatium californicum",-122.842067,42.535752,2023,4,21,"US","HUMAN_OBSERVATION","Lomatium californicum"
"4096516187","Lomatium californicum",-121.18145,36.501617,2023,4,18,"US","HUMAN_OBSERVATION","Lomatium californicum"
"4096721376","Lomatium californicum",-122.807883,39.015367,2023,4,19,"US","HUMAN_OBSERVATION","Lomatium californicum"
"4506215817","Lomatium californicum",-121.187299,36.491945,2023,4,23,"US","HUMAN_OBSERVATION","Lomatium californicum"
"4096659869","Lomatium californicum",-121.8203,37.53252,2023,4,23,"US","HUMAN_OBSERVATION","Lomatium californicum"
"4103190771","Lomatium californicum",-122.648138,38.438963,2023,4,26,"US","HUMAN_OBSERVATION","Lomatium californicum"
"4102585743","Lomatium californicum",-122.426047,38.871175,2023,4,26,"US","HUMAN_OBSERVATION","Lomatium californicum"
"4102630791","Lomatium californicum",-122.899697,38.930358,2023,4,25,"US","HUMAN_OBSERVATION","Lomatium californicum"
"4103189798","Lomatium californicum",-121.437212,37.232597,2023,4,24,"US","HUMAN_OBSERVATION","Lomatium californicum"
"4103094776","Lomatium californicum",-123.475362,42.524244,2023,4,24,"US","HUMAN_OBSERVATION","Lomatium californicum"
"4102636807","Lomatium californicum",-123.478244,42.526762,2023,4,24,"US","HUMAN_OBSERVATION","Lomatium californicum"
"4102576957","Lomatium californicum",-122.715335,42.192388,2023,4,27,"US","HUMAN_OBSERVATION","Lomatium californicum"
"4103181919","Lomatium californicum",-122.723595,40.981823,2023,4,27,"US","HUMAN_OBSERVATION","Lomatium californicum"
"4519007684","Lomatium californicum",-122.516263,38.363736,2023,4,28,"US","HUMAN_OBSERVATION","Lomatium californicum"
"4102670245","Lomatium californicum",-121.440623,37.184368,2023,4,26,"US","HUMAN_OBSERVATION","Lomatium californicum"
"4103328550","Lomatium californicum",-122.28655,37.469396,2023,4,29,"US","HUMAN_OBSERVATION","Lomatium californicum"
"4116105618","Lomatium californicum",-122.600403,37.965737,2023,4,29,"US","HUMAN_OBSERVATION","Lomatium californicum"
"4102890635","Lomatium californicum",-122.8888,40.785497,2023,4,29,"US","HUMAN_OBSERVATION","Lomatium californicum"
"4102865013","Lomatium californicum",-122.51012,38.435777,2023,4,30,"US","HUMAN_OBSERVATION","Lomatium californicum"
"4102748064","Lomatium californicum",-121.573304,37.357537,2023,4,30,"US","HUMAN_OBSERVATION","Lomatium californicum"
"4116353679","Lomatium californicum",-122.518136,38.361436,2023,4,30,"US","HUMAN_OBSERVATION","Lomatium californicum"
"4116420628","Lomatium californicum",-122.517097,38.360669,2023,4,30,"US","HUMAN_OBSERVATION","Lomatium californicum"
"4103260086","Lomatium californicum",-122.517144,38.360656,2023,4,30,"US","HUMAN_OBSERVATION","Lomatium californicum"
"4121178071","Lomatium californicum",-122.286613,37.469397,2023,4,16,"US","HUMAN_OBSERVATION","Lomatium californicum"
"4103206334","Lomatium californicum",-122.653092,38.441022,2023,5,1,"US","HUMAN_OBSERVATION","Lomatium californicum"
"4102988369","Lomatium californicum",-122.649375,38.440803,2023,5,1,"US","HUMAN_OBSERVATION","Lomatium californicum"
"4103401378","Lomatium californicum",-122.649086,38.440783,2023,5,1,"US","HUMAN_OBSERVATION","Lomatium californicum"
"4103490400","Lomatium californicum",-122.648903,38.440661,2023,5,1,"US","HUMAN_OBSERVATION","Lomatium californicum"
"4103412393","Lomatium californicum",-122.648819,38.440569,2023,5,1,"US","HUMAN_OBSERVATION","Lomatium californicum"
"4103384482","Lomatium californicum",-122.284861,38.752096,2023,5,1,"US","HUMAN_OBSERVATION","Lomatium californicum"
"4111761122","Lomatium californicum",-121.559447,37.35437,2023,5,3,"US","HUMAN_OBSERVATION","Lomatium californicum"
"4112054559","Lomatium californicum",-122.593413,37.94583,2023,5,3,"US","HUMAN_OBSERVATION","Lomatium californicum"
"4112166654","Lomatium californicum",-122.442955,41.977557,2023,5,3,"US","HUMAN_OBSERVATION","Lomatium californicum"
"4121372460","Lomatium californicum",-122.787157,42.353082,2023,5,5,"US","HUMAN_OBSERVATION","Lomatium californicum"
"4111887717","Lomatium californicum",-122.7808,38.886513,2023,5,6,"US","HUMAN_OBSERVATION","Lomatium californicum"
"4111901724","Lomatium californicum",-122.443205,41.977712,2023,5,3,"US","HUMAN_OBSERVATION","Lomatium californicum"
"4112050044","Lomatium californicum",-122.0999,38.500538,2023,5,8,"US","HUMAN_OBSERVATION","Lomatium californicum"
"4116075568","Lomatium californicum",-121.559608,37.354219,2023,5,3,"US","HUMAN_OBSERVATION","Lomatium californicum"
"4116051671","Lomatium californicum",-120.471681,36.00005,2023,5,5,"US","HUMAN_OBSERVATION","Lomatium californicum"
"4116164105","Lomatium californicum",-123.042287,42.169309,2023,5,11,"US","HUMAN_OBSERVATION","Lomatium californicum"
"4116568483","Lomatium californicum",-123.54813,40.771146,2023,5,14,"US","HUMAN_OBSERVATION","Lomatium californicum"
"4120957020","Lomatium californicum",-122.780922,38.886483,2023,5,16,"US","HUMAN_OBSERVATION","Lomatium californicum"
"4127153051","Lomatium californicum",-122.496467,39.10825,2023,5,23,"US","HUMAN_OBSERVATION","Lomatium californicum"
"4127144676","Lomatium californicum",-122.670183,40.706664,2023,5,27,"US","HUMAN_OBSERVATION","Lomatium californicum"
"4126985698","Lomatium californicum",-122.592531,38.344158,2023,5,28,"US","HUMAN_OBSERVATION","Lomatium californicum"
"4134045752","Lomatium californicum",-122.89064,42.468123,2023,5,7,"US","HUMAN_OBSERVATION","Lomatium californicum"
"4145710347","Lomatium californicum",-122.925353,42.172358,2023,5,27,"US","HUMAN_OBSERVATION","Lomatium californicum"
"4438698396","Lomatium californicum",-121.909881,37.884144,2023,5,15,"US","HUMAN_OBSERVATION","Lomatium californicum"
"4130266366","Lomatium californicum",-122.57967,38.645751,2023,6,4,"US","HUMAN_OBSERVATION","Lomatium californicum"
"4133865479","Lomatium californicum",-122.973038,39.04105,2023,6,1,"US","HUMAN_OBSERVATION","Lomatium californicum"
"4130159984","Lomatium californicum",-122.77832,39.006359,2023,6,6,"US","HUMAN_OBSERVATION","Lomatium californicum"
"4177108743","Lomatium californicum",-121.002487,38.922256,2023,6,7,"US","HUMAN_OBSERVATION","Lomatium californicum"
"4134099665","Lomatium californicum",-123.462612,40.431907,2023,6,4,"US","HUMAN_OBSERVATION","Lomatium californicum"
"4137735007","Lomatium californicum",-118.547161,34.687228,2023,6,13,"US","HUMAN_OBSERVATION","Lomatium californicum"
"4145201276","Lomatium californicum",-122.28647,37.469367,2023,6,28,"US","HUMAN_OBSERVATION","Lomatium californicum"
"4440633804","Lomatium californicum",-122.593319,37.945867,2023,7,9,"US","HUMAN_OBSERVATION","Lomatium californicum"
"4405265009","Lomatium californicum",-122.244255,37.89386,2023,8,22,"US","HUMAN_OBSERVATION","Lomatium californicum"
"3456084483","Lomatium californicum",-122.286583,37.469397,2022,1,19,"US","HUMAN_OBSERVATION","Lomatium californicum"
"3465970871","Lomatium californicum",-122.286589,37.469394,2022,1,26,"US","HUMAN_OBSERVATION","Lomatium californicum"
"3705822491","Lomatium californicum",-122.286513,37.469337,2022,2,16,"US","HUMAN_OBSERVATION","Lomatium californicum"
"3705560476","Lomatium californicum",-122.286605,37.469405,2022,2,16,"US","HUMAN_OBSERVATION","Lomatium californicum"
"3499702448","Lomatium californicum",-122.286497,37.469381,2022,2,16,"US","HUMAN_OBSERVATION","Lomatium californicum"
"3499704324","Lomatium californicum",-122.286583,37.469375,2022,2,16,"US","HUMAN_OBSERVATION","Lomatium californicum"
"3889072393","Lomatium californicum",-121.179847,36.490703,2022,2,19,"US","HUMAN_OBSERVATION","Lomatium californicum"
"3705682477","Lomatium californicum",-122.104786,38.509285,2022,2,21,"US","HUMAN_OBSERVATION","Lomatium californicum"
"4116061398","Lomatium californicum",-122.286575,37.469405,2022,2,21,"US","HUMAN_OBSERVATION","Lomatium californicum"
"3705755871","Lomatium californicum",-122.607806,42.134124,2022,2,20,"US","HUMAN_OBSERVATION","Lomatium californicum"
"4116136374","Lomatium californicum",-122.097244,38.50782,2022,2,26,"US","HUMAN_OBSERVATION","Lomatium californicum"
"3705752958","Lomatium californicum",-122.100561,38.499994,2022,2,27,"US","HUMAN_OBSERVATION","Lomatium californicum"
"3888767413","Lomatium californicum",-122.204419,38.816012,2022,3,5,"US","HUMAN_OBSERVATION","Lomatium californicum"
"3889182397","Lomatium californicum",-122.620412,37.976683,2022,3,5,"US","HUMAN_OBSERVATION","Lomatium californicum"
"3743262040","Lomatium californicum",-121.188964,36.505433,2022,3,15,"US","HUMAN_OBSERVATION","Lomatium californicum"
"3743091909","Lomatium californicum",-122.286583,37.469386,2022,3,16,"US","HUMAN_OBSERVATION","Lomatium californicum"
"3747294910","Lomatium californicum",-122.596358,38.339806,2022,3,20,"US","HUMAN_OBSERVATION","Lomatium californicum"
"3889071379","Lomatium californicum",-122.450583,37.614083,2022,3,24,"US","HUMAN_OBSERVATION","Lomatium californicum"
"3888965400","Lomatium californicum",-122.097227,38.507824,2022,3,25,"US","HUMAN_OBSERVATION","Lomatium californicum"
"3888962393","Lomatium californicum",-122.099442,38.502594,2022,3,24,"US","HUMAN_OBSERVATION","Lomatium californicum"
"3888742399","Lomatium californicum",-122.592914,38.318798,2022,3,27,"US","HUMAN_OBSERVATION","Lomatium californicum"
"3759580206","Lomatium californicum",-121.91002,37.884262,2022,3,27,"US","HUMAN_OBSERVATION","Lomatium californicum"
"3889202401","Lomatium californicum",-122.352631,37.531352,2022,3,30,"US","HUMAN_OBSERVATION","Lomatium californicum"
"3888787428","Lomatium californicum",-122.097216,38.509934,2022,3,4,"US","HUMAN_OBSERVATION","Lomatium californicum"
"4022964081","Lomatium californicum",-122.43982,41.97539,2022,3,30,"US","HUMAN_OBSERVATION","Lomatium californicum"
"4116151434","Lomatium californicum",-121.192963,36.5055,2022,4,2,"US","HUMAN_OBSERVATION","Lomatium californicum"
"3888899384","Lomatium californicum",-122.552405,37.994637,2022,4,2,"US","HUMAN_OBSERVATION","Lomatium californicum"
"3889012397","Lomatium californicum",-121.181838,36.502195,2022,4,3,"US","HUMAN_OBSERVATION","Lomatium californicum"
"3889199394","Lomatium californicum",-122.785003,42.348653,2022,4,6,"US","HUMAN_OBSERVATION","Lomatium californicum"
"3888831407","Lomatium californicum",-118.86567,34.468828,2022,4,5,"US","HUMAN_OBSERVATION","Lomatium californicum"
"3759924586","Lomatium californicum",-122.101026,38.496132,2022,4,9,"US","HUMAN_OBSERVATION","Lomatium californicum"
"4116100406","Lomatium californicum",-121.181342,36.50176,2022,4,11,"US","HUMAN_OBSERVATION","Lomatium californicum"
"3889164380","Lomatium californicum",-122.649004,38.440587,2022,4,15,"US","HUMAN_OBSERVATION","Lomatium californicum"
"3889156412","Lomatium californicum",-122.648779,38.440446,2022,4,15,"US","HUMAN_OBSERVATION","Lomatium californicum"
"3759976168","Lomatium californicum",-122.88205,42.465703,2022,4,16,"US","HUMAN_OBSERVATION","Lomatium californicum"
"3888708385","Lomatium californicum",-122.091915,38.515239,2022,4,17,"US","HUMAN_OBSERVATION","Lomatium californicum"
"3888757399","Lomatium californicum",-121.181494,36.501681,2022,4,16,"US","HUMAN_OBSERVATION","Lomatium californicum"
"3888839384","Lomatium californicum",-123.228704,39.163227,2022,4,15,"US","HUMAN_OBSERVATION","Lomatium californicum"
"4116049490","Lomatium californicum",-121.909875,37.884175,2022,4,19,"US","HUMAN_OBSERVATION","Lomatium californicum"
"3759805713","Lomatium californicum",-123.474156,42.524268,2022,4,16,"US","HUMAN_OBSERVATION","Lomatium californicum"
"4116422431","Lomatium californicum",-122.633019,38.451617,2022,4,21,"US","HUMAN_OBSERVATION","Lomatium californicum"
"3888862401","Lomatium californicum",-123.022087,39.181103,2022,4,23,"US","HUMAN_OBSERVATION","Lomatium californicum"
"3889157398","Lomatium californicum",-122.99868,39.165512,2022,4,23,"US","HUMAN_OBSERVATION","Lomatium californicum"
"4506223593","Lomatium californicum",-122.449965,37.612847,2022,4,23,"US","HUMAN_OBSERVATION","Lomatium californicum"
"4506248605","Lomatium californicum",-122.450074,37.612917,2022,4,23,"US","HUMAN_OBSERVATION","Lomatium californicum"
"3764161777","Lomatium californicum",-121.909775,37.884158,2022,4,23,"US","HUMAN_OBSERVATION","Lomatium californicum"
"3888969386","Lomatium californicum",-121.570105,37.547913,2022,4,26,"US","HUMAN_OBSERVATION","Lomatium californicum"
"3889090399","Lomatium californicum",-123.092806,38.922852,2022,4,26,"US","HUMAN_OBSERVATION","Lomatium californicum"
"3889033412","Lomatium californicum",-122.285397,38.753785,2022,4,29,"US","HUMAN_OBSERVATION","Lomatium californicum"
"3888708395","Lomatium californicum",-122.857805,38.639269,2022,4,6,"US","HUMAN_OBSERVATION","Lomatium californicum"
"3772796261","Lomatium californicum",-123.62777,42.014714,2022,4,28,"US","HUMAN_OBSERVATION","Lomatium californicum"
"3772582374","Lomatium californicum",-122.097369,38.507698,2022,4,29,"US","HUMAN_OBSERVATION","Lomatium californicum"
"3889168405","Lomatium californicum",-122.426522,38.871656,2022,4,29,"US","HUMAN_OBSERVATION","Lomatium californicum"
"3772532395","Lomatium californicum",-122.631819,38.450989,2022,4,23,"US","HUMAN_OBSERVATION","Lomatium californicum"
"3773154698","Lomatium californicum",-120.984412,36.308489,2022,4,30,"US","HUMAN_OBSERVATION","Lomatium californicum"
"4116206436","Lomatium californicum",-122.656034,41.712112,2022,4,17,"US","HUMAN_OBSERVATION","Lomatium californicum"
"3888712418","Lomatium californicum",-123.38821,42.58883,2022,4,16,"US","HUMAN_OBSERVATION","Lomatium californicum"
"3802609045","Lomatium californicum",-123.38821,42.58883,2022,4,16,"US","HUMAN_OBSERVATION","Lomatium californicum"
"3888776445","Lomatium californicum",-122.721458,40.983047,2022,4,8,"US","HUMAN_OBSERVATION","Lomatium californicum"
"3966465482","Lomatium californicum",-122.974729,38.571055,2022,4,12,"US","HUMAN_OBSERVATION","Lomatium californicum"
"3985619975","Lomatium californicum",-122.620039,42.147842,2022,4,21,"US","HUMAN_OBSERVATION","Lomatium californicum"
"3869968302","Lomatium californicum",-122.42657,38.87165,2022,4,29,"US","PRESERVED_SPECIMEN","Lomatium californicum"
"3773571553","Lomatium californicum",-122.357872,38.849408,2022,5,1,"US","HUMAN_OBSERVATION","Lomatium californicum"
"3773103623","Lomatium californicum",-122.525835,38.362182,2022,5,2,"US","HUMAN_OBSERVATION","Lomatium californicum"
"3889010394","Lomatium californicum",-122.615722,37.977652,2022,5,1,"US","HUMAN_OBSERVATION","Lomatium californicum"
"3772892259","Lomatium californicum",-122.131203,38.241162,2022,5,2,"US","HUMAN_OBSERVATION","Lomatium californicum"
"3772475798","Lomatium californicum",-122.034583,42.115647,2022,5,4,"US","HUMAN_OBSERVATION","Lomatium californicum"
"3772542570","Lomatium californicum",-123.42331,42.666368,2022,5,5,"US","HUMAN_OBSERVATION","Lomatium californicum"
"3772905152","Lomatium californicum",-122.851941,42.495747,2022,5,6,"US","HUMAN_OBSERVATION","Lomatium californicum"
"3773801381","Lomatium californicum",-121.557738,37.35388,2022,5,7,"US","HUMAN_OBSERVATION","Lomatium californicum"
"3773483331","Lomatium californicum",-122.890808,42.468237,2022,5,7,"US","HUMAN_OBSERVATION","Lomatium californicum"
"3772750293","Lomatium californicum",-121.561783,37.354912,2022,5,8,"US","HUMAN_OBSERVATION","Lomatium californicum"
"3773365956","Lomatium californicum",-122.592797,38.334892,2022,5,9,"US","HUMAN_OBSERVATION","Lomatium californicum"
"3888880413","Lomatium californicum",-122.648955,38.440863,2022,5,12,"US","HUMAN_OBSERVATION","Lomatium californicum"
"3888752423","Lomatium californicum",-122.450278,37.613169,2022,5,13,"US","HUMAN_OBSERVATION","Lomatium californicum"
"3889188424","Lomatium californicum",-122.64901,38.440691,2022,5,1,"US","HUMAN_OBSERVATION","Lomatium californicum"
"3785122722","Lomatium californicum",-123.460586,42.871897,2022,5,18,"US","HUMAN_OBSERVATION","Lomatium californicum"
"3802475610","Lomatium californicum",-122.773378,39.159436,2022,5,19,"US","HUMAN_OBSERVATION","Lomatium californicum"
"3889127423","Lomatium californicum",-124.073442,40.276783,2022,5,23,"US","HUMAN_OBSERVATION","Lomatium californicum"
"4516532007","Lomatium californicum",-122.599992,37.965755,2022,5,25,"US","HUMAN_OBSERVATION","Lomatium californicum"
"3888710431","Lomatium californicum",-123.270139,40.325761,2022,5,29,"US","HUMAN_OBSERVATION","Lomatium californicum"
"3888752452","Lomatium californicum",-121.744417,37.488908,2022,5,30,"US","HUMAN_OBSERVATION","Lomatium californicum"
"3888874419","Lomatium californicum",-122.751842,40.474461,2022,6,7,"US","HUMAN_OBSERVATION","Lomatium californicum"
"3889175419","Lomatium californicum",-123.533612,40.341791,2022,6,5,"US","HUMAN_OBSERVATION","Lomatium californicum"
"3888875428","Lomatium californicum",-118.993826,34.784275,2022,6,14,"US","HUMAN_OBSERVATION","Lomatium californicum"
"3888972452","Lomatium californicum",-122.588955,42.037375,2022,6,21,"US","HUMAN_OBSERVATION","Lomatium californicum"
"3889006449","Lomatium californicum",-123.533753,40.342228,2022,6,21,"US","HUMAN_OBSERVATION","Lomatium californicum"
"3888739478","Lomatium californicum",-123.11663,38.579855,2022,7,6,"US","HUMAN_OBSERVATION","Lomatium californicum"
"3873822992","Lomatium californicum",-122.911392,42.241333,2022,7,17,"US","HUMAN_OBSERVATION","Lomatium californicum"
"3058748699","Lomatium californicum",-122.106942,38.496409,2021,2,20,"US","HUMAN_OBSERVATION","Lomatium californicum"
"3058979730","Lomatium californicum",-122.107068,38.49603,2021,2,21,"US","HUMAN_OBSERVATION","Lomatium californicum"
"3058716200","Lomatium californicum",-123.009069,38.80915,2021,3,6,"US","HUMAN_OBSERVATION","Lomatium californicum"
"3059149973","Lomatium californicum",-122.004663,38.338694,2021,3,6,"US","HUMAN_OBSERVATION","Lomatium californicum"
"3058867568","Lomatium californicum",-122.715836,38.483914,2021,3,6,"US","HUMAN_OBSERVATION","Lomatium californicum"
"3059083181","Lomatium californicum",-122.615533,37.977622,2021,3,9,"US","HUMAN_OBSERVATION","Lomatium californicum"
"3059025244","Lomatium californicum",-122.286544,37.469325,2021,3,10,"US","HUMAN_OBSERVATION","Lomatium californicum"
"3061766630","Lomatium californicum",-122.615603,37.977489,2021,3,10,"US","HUMAN_OBSERVATION","Lomatium californicum"
"3061558743","Lomatium californicum",-122.552253,37.994645,2021,3,12,"US","HUMAN_OBSERVATION","Lomatium californicum"
"3415761512","Lomatium californicum",-122.518522,38.360424,2021,3,19,"US","HUMAN_OBSERVATION","Lomatium californicum"
"3068009939","Lomatium californicum",-122.51835,38.358887,2021,3,20,"US","HUMAN_OBSERVATION","Lomatium californicum"
"3067935495","Lomatium californicum",-122.38191,38.802069,2021,3,22,"US","HUMAN_OBSERVATION","Lomatium californicum"
"3415354528","Lomatium californicum",-122.52198,38.354205,2021,3,23,"US","HUMAN_OBSERVATION","Lomatium californicum"
"4102638346","Lomatium californicum",-122.381912,38.802047,2021,3,22,"US","HUMAN_OBSERVATION","Lomatium californicum"
"3455198932","Lomatium californicum",-122.515944,38.363743,2021,3,27,"US","HUMAN_OBSERVATION","Lomatium californicum"
"3070748833","Lomatium californicum",-122.518453,38.359002,2021,3,26,"US","HUMAN_OBSERVATION","Lomatium californicum"
"3070755865","Lomatium californicum",-121.859287,37.888612,2021,3,25,"US","HUMAN_OBSERVATION","Lomatium californicum"
"3070368192","Lomatium californicum",-122.561028,38.606945,2021,3,28,"US","HUMAN_OBSERVATION","Lomatium californicum"
"3070663788","Lomatium californicum",-122.286575,37.469436,2021,3,31,"US","HUMAN_OBSERVATION","Lomatium californicum"
"3070470645","Lomatium californicum",-121.819886,37.529436,2021,3,31,"US","HUMAN_OBSERVATION","Lomatium californicum"
"4103210365","Lomatium californicum",-122.09713,38.507903,2021,3,31,"US","HUMAN_OBSERVATION","Lomatium californicum"
"4022967680","Lomatium californicum",-122.42731,41.96485,2021,4,26,"US","HUMAN_OBSERVATION","Lomatium californicum"
"4022963311","Lomatium californicum",-122.91284,42.47937,2021,4,4,"US","HUMAN_OBSERVATION","Lomatium californicum"
"4465610474","Lomatium californicum",-122.352855,37.531335,2021,4,2,"US","HUMAN_OBSERVATION","Lomatium californicum"
"4465540507","Lomatium californicum",-122.369768,37.444466,2021,4,2,"US","HUMAN_OBSERVATION","Lomatium californicum"
"3079815367","Lomatium californicum",-122.286592,37.469414,2021,4,2,"US","HUMAN_OBSERVATION","Lomatium californicum"
"3079918868","Lomatium californicum",-122.218661,37.488554,2021,4,2,"US","HUMAN_OBSERVATION","Lomatium californicum"
"3090846042","Lomatium californicum",-122.88923,42.466806,2021,4,5,"US","HUMAN_OBSERVATION","Lomatium californicum"
"3090745112","Lomatium californicum",-123.063705,38.5913,2021,4,7,"US","HUMAN_OBSERVATION","Lomatium californicum"
"4096797386","Lomatium californicum",-122.51848,38.35566,2021,4,9,"US","HUMAN_OBSERVATION","Lomatium californicum"
"3090945348","Lomatium californicum",-121.182922,36.502156,2021,4,10,"US","HUMAN_OBSERVATION","Lomatium californicum"
"3090944940","Lomatium californicum",-122.286567,37.469375,2021,4,14,"US","HUMAN_OBSERVATION","Lomatium californicum"
"3097151913","Lomatium californicum",-121.909563,37.883406,2021,4,16,"US","HUMAN_OBSERVATION","Lomatium californicum"
"3112392411","Lomatium californicum",-122.729622,38.59788,2021,4,18,"US","HUMAN_OBSERVATION","Lomatium californicum"
"3097094220","Lomatium californicum",-123.497356,42.539854,2021,4,18,"US","HUMAN_OBSERVATION","Lomatium californicum"
"3097314227","Lomatium californicum",-122.664147,38.016931,2021,4,9,"US","HUMAN_OBSERVATION","Lomatium californicum"
"3097291236","Lomatium californicum",-121.182542,36.501862,2021,4,19,"US","HUMAN_OBSERVATION","Lomatium californicum"
"4465540515","Lomatium californicum",-121.5577,37.353928,2021,4,19,"US","HUMAN_OBSERVATION","Lomatium californicum"
"3097411441","Lomatium californicum",-122.552033,38.618653,2021,4,18,"US","HUMAN_OBSERVATION","Lomatium californicum"
"3097101407","Lomatium californicum",-122.450067,37.612945,2021,4,20,"US","HUMAN_OBSERVATION","Lomatium californicum"
"3097369638","Lomatium californicum",-122.272183,38.767386,2021,4,18,"US","HUMAN_OBSERVATION","Lomatium californicum"
"3097414553","Lomatium californicum",-122.285744,37.471286,2021,4,18,"US","HUMAN_OBSERVATION","Lomatium californicum"
"3112719466","Lomatium californicum",-122.51629,38.437189,2021,4,24,"US","HUMAN_OBSERVATION","Lomatium californicum"
"3109316012","Lomatium californicum",-122.889888,42.467216,2021,4,25,"US","HUMAN_OBSERVATION","Lomatium californicum"
"3109015061","Lomatium californicum",-122.097244,38.507797,2021,4,25,"US","HUMAN_OBSERVATION","Lomatium californicum"
"3109032206","Lomatium californicum",-121.909881,37.884139,2021,4,19,"US","HUMAN_OBSERVATION","Lomatium californicum"
"3109159248","Lomatium californicum",-122.440513,39.027031,2021,4,25,"US","HUMAN_OBSERVATION","Lomatium californicum"
"3109344372","Lomatium californicum",-121.557514,37.353817,2021,4,25,"US","HUMAN_OBSERVATION","Lomatium californicum"
"3338112150","Lomatium californicum",-122.275008,38.744186,2021,4,14,"US","HUMAN_OBSERVATION","Lomatium californicum"
"3112874369","Lomatium californicum",-122.517803,38.361368,2021,5,2,"US","HUMAN_OBSERVATION","Lomatium californicum"
"3112458717","Lomatium californicum",-123.164338,39.359109,2021,5,2,"US","HUMAN_OBSERVATION","Lomatium californicum"
"3112590137","Lomatium californicum",-124.028162,40.334439,2021,5,2,"US","HUMAN_OBSERVATION","Lomatium californicum"
"3113252034","Lomatium californicum",-121.898781,37.903881,2021,5,8,"US","HUMAN_OBSERVATION","Lomatium californicum"
"3113564299","Lomatium californicum",-122.273745,38.908489,2021,5,9,"US","HUMAN_OBSERVATION","Lomatium californicum"
"4413422395","Lomatium californicum",-121.550652,42.414986,2021,5,11,"US","HUMAN_OBSERVATION","Lomatium californicum"
"3759902531","Lomatium californicum",-121.811273,42.387021,2021,5,13,"US","HUMAN_OBSERVATION","Lomatium californicum"
"3117801984","Lomatium californicum",-119.68589,34.70264,2021,5,15,"US","HUMAN_OBSERVATION","Lomatium californicum"
"3301924620","Lomatium californicum",-119.67803,34.69748,2021,5,15,"US","HUMAN_OBSERVATION","Lomatium californicum"
"3118234406","Lomatium californicum",-121.909844,37.884122,2021,5,17,"US","HUMAN_OBSERVATION","Lomatium californicum"
"3307137459","Lomatium californicum",-122.22806,38.810072,2021,5,29,"US","HUMAN_OBSERVATION","Lomatium californicum"
"4046221425","Lomatium californicum",-123.533535,40.342381,2021,6,9,"US","HUMAN_OBSERVATION","Lomatium californicum"
"3888999359","Lomatium californicum",-122.593418,37.945818,2021,6,25,"US","HUMAN_OBSERVATION","Lomatium californicum"
"3355385918","Lomatium californicum",-119.000419,34.788517,2021,8,27,"US","HUMAN_OBSERVATION","Lomatium californicum"
"2573946893","Lomatium californicum",-122.107354,38.49494,2020,2,22,"US","HUMAN_OBSERVATION","Lomatium californicum"
"2573956948","Lomatium californicum",-122.107282,38.494712,2020,2,22,"US","HUMAN_OBSERVATION","Lomatium californicum"
"2576431293","Lomatium californicum",-122.107288,38.495337,2020,2,27,"US","HUMAN_OBSERVATION","Lomatium californicum"
"2576414565","Lomatium californicum",-122.099446,38.507383,2020,2,29,"US","HUMAN_OBSERVATION","Lomatium californicum"
"2823079359","Lomatium californicum",-122.286553,37.469363,2020,2,29,"US","HUMAN_OBSERVATION","Lomatium californicum"
"2576410662","Lomatium californicum",-122.522556,38.355905,2020,3,1,"US","HUMAN_OBSERVATION","Lomatium californicum"
"2580235264","Lomatium californicum",-122.099502,38.507329,2020,3,8,"US","HUMAN_OBSERVATION","Lomatium californicum"
"2580182656","Lomatium californicum",-122.517924,38.361289,2020,3,15,"US","HUMAN_OBSERVATION","Lomatium californicum"
"4465383409","Lomatium californicum",-121.401732,37.509391,2020,4,1,"US","HUMAN_OBSERVATION","Lomatium californicum"
"3014035415","Lomatium californicum",-122.615562,37.977597,2020,4,8,"US","HUMAN_OBSERVATION","Lomatium californicum"
"4465602401","Lomatium californicum",-121.649163,37.601002,2020,4,12,"US","HUMAN_OBSERVATION","Lomatium californicum"
"2609171144","Lomatium californicum",-122.341864,38.831703,2020,4,17,"US","HUMAN_OBSERVATION","Lomatium californicum"
"2609296731","Lomatium californicum",-122.341972,38.831745,2020,4,17,"US","HUMAN_OBSERVATION","Lomatium californicum"
"3013901426","Lomatium californicum",-122.605287,37.993355,2020,4,26,"US","HUMAN_OBSERVATION","Lomatium californicum"
"2611137824","Lomatium californicum",-121.898103,37.907353,2020,4,26,"US","HUMAN_OBSERVATION","Lomatium californicum"
"2611309533","Lomatium californicum",-122.859275,38.639028,2020,4,29,"US","HUMAN_OBSERVATION","Lomatium californicum"
"3008392376","Lomatium californicum",-122.664139,38.016824,2020,4,28,"US","HUMAN_OBSERVATION","Lomatium californicum"
"2611381570","Lomatium californicum",-122.648942,38.440644,2020,4,28,"US","HUMAN_OBSERVATION","Lomatium californicum"
"3053488406","Lomatium californicum",-119.102887,34.50527,2020,5,13,"US","PRESERVED_SPECIMEN","Lomatium californicum"
"4103064331","Lomatium californicum",-118.653195,35.074347,2020,5,9,"US","HUMAN_OBSERVATION","Lomatium californicum"
"2626659677","Lomatium californicum",-122.975717,38.442447,2020,5,15,"US","HUMAN_OBSERVATION","Lomatium californicum"
"4102591326","Lomatium californicum",-119.105616,34.504231,2020,5,13,"US","HUMAN_OBSERVATION","Lomatium californicum"
"2626432756","Lomatium californicum",-119.105441,34.504073,2020,5,13,"US","HUMAN_OBSERVATION","Lomatium californicum"
"3008552401","Lomatium californicum",-122.595786,37.947437,2020,5,15,"US","HUMAN_OBSERVATION","Lomatium californicum"
"2626548562","Lomatium californicum",-122.871726,38.820891,2020,5,16,"US","HUMAN_OBSERVATION","Lomatium californicum"
"2633981778","Lomatium californicum",-122.848666,38.808576,2020,5,16,"US","HUMAN_OBSERVATION","Lomatium californicum"
"2634597332","Lomatium californicum",-122.656135,38.675958,2020,5,23,"US","HUMAN_OBSERVATION","Lomatium californicum"
"4096747340","Lomatium californicum",-122.607769,42.134332,2020,5,23,"US","HUMAN_OBSERVATION","Lomatium californicum"
"2634087714","Lomatium californicum",-123.11603,38.579813,2020,5,25,"US","HUMAN_OBSERVATION","Lomatium californicum"
"3759087421","Lomatium californicum",-123.707793,42.507557,2020,5,29,"US","HUMAN_OBSERVATION","Lomatium californicum"
"3343886371","Lomatium californicum",-118.916275,34.88475,2020,5,31,"US","HUMAN_OBSERVATION","Lomatium californicum"
"3343970374","Lomatium californicum",-118.903045,34.451558,2020,5,29,"US","HUMAN_OBSERVATION","Lomatium californicum"
"2823153427","Lomatium californicum",-122.30133,37.500692,2020,6,12,"US","HUMAN_OBSERVATION","Lomatium californicum"
"3039246373","Lomatium californicum",-122.737781,38.086135,2019,3,1,"US","HUMAN_OBSERVATION","Lomatium californicum"
"2028465980","Lomatium californicum",-122.5188,38.363072,2019,3,15,"US","HUMAN_OBSERVATION","Lomatium californicum"
"2397465977","Lomatium californicum",-122.648806,38.440367,2019,3,21,"US","HUMAN_OBSERVATION","Lomatium californicum"
"2397466002","Lomatium californicum",-122.648141,38.438983,2019,3,26,"US","HUMAN_OBSERVATION","Lomatium californicum"
"2234798712","Lomatium californicum",-121.183834,36.489883,2019,3,26,"US","HUMAN_OBSERVATION","Lomatium californicum"
"2234803232","Lomatium californicum",-122.526262,38.342637,2019,3,26,"US","HUMAN_OBSERVATION","Lomatium californicum"
"2234803293","Lomatium californicum",-122.52589,38.342552,2019,3,26,"US","HUMAN_OBSERVATION","Lomatium californicum"
"2235490970","Lomatium californicum",-122.61245,37.974689,2019,3,28,"US","HUMAN_OBSERVATION","Lomatium californicum"
"2432122493","Lomatium californicum",-120.834749,35.65606,2019,3,19,"US","PRESERVED_SPECIMEN","Lomatium californicum"
"2235542300","Lomatium californicum",-122.738128,38.659442,2019,4,2,"US","HUMAN_OBSERVATION","Lomatium californicum"
"2236291485","Lomatium californicum",-122.438033,37.575212,2019,4,10,"US","HUMAN_OBSERVATION","Lomatium californicum"
"2236866697","Lomatium californicum",-122.28536,38.753589,2019,4,13,"US","HUMAN_OBSERVATION","Lomatium californicum"
"2397467629","Lomatium californicum",-122.8564,38.638278,2019,4,20,"US","HUMAN_OBSERVATION","Lomatium californicum"
"2237479087","Lomatium californicum",-122.098907,38.507961,2019,4,21,"US","HUMAN_OBSERVATION","Lomatium californicum"
"2237531658","Lomatium californicum",-121.909912,37.883445,2019,4,25,"US","HUMAN_OBSERVATION","Lomatium californicum"
"2238806544","Lomatium californicum",-120.957847,36.281819,2019,4,24,"US","HUMAN_OBSERVATION","Lomatium californicum"
"2242776129","Lomatium californicum",-122.517277,38.362276,2019,4,28,"US","HUMAN_OBSERVATION","Lomatium californicum"
"2238909865","Lomatium californicum",-122.520846,38.357295,2019,4,28,"US","HUMAN_OBSERVATION","Lomatium californicum"
"2238938343","Lomatium californicum",-121.5682,37.356597,2019,4,28,"US","HUMAN_OBSERVATION","Lomatium californicum"
"2366015909","Lomatium californicum",-122.761931,38.714039,2019,4,29,"US","HUMAN_OBSERVATION","Lomatium californicum"
"3058772382","Lomatium californicum",-121.909889,37.884151,2019,4,25,"US","HUMAN_OBSERVATION","Lomatium californicum"
"2242801319","Lomatium californicum",-122.545822,38.6306,2019,5,2,"US","HUMAN_OBSERVATION","Lomatium californicum"
"4091402311","Lomatium californicum",-122.807935,39.00647,2019,5,3,"US","HUMAN_OBSERVATION","Lomatium californicum"
"4096503309","Lomatium californicum",-122.65513,39.002437,2019,5,3,"US","HUMAN_OBSERVATION","Lomatium californicum"
"3070297635","Lomatium californicum",-123.54258,40.340572,2019,5,11,"US","HUMAN_OBSERVATION","Lomatium californicum"
"2251891389","Lomatium californicum",-122.549605,38.743028,2019,5,25,"US","HUMAN_OBSERVATION","Lomatium californicum"
"2269218120","Lomatium californicum",-122.780364,38.889079,2019,5,27,"US","HUMAN_OBSERVATION","Lomatium californicum"
"3343808372","Lomatium californicum",-118.535103,34.686408,2019,5,27,"US","HUMAN_OBSERVATION","Lomatium californicum"
"2366019864","Lomatium californicum",-122.714788,42.190008,2019,6,6,"US","HUMAN_OBSERVATION","Lomatium californicum"
"2269276344","Lomatium californicum",-122.586258,38.399075,2019,6,16,"US","HUMAN_OBSERVATION","Lomatium californicum"
"2423168444","Lomatium californicum",-118.232467,35.208733,2019,6,3,"US","HUMAN_OBSERVATION","Lomatium californicum"
"2311329274","Lomatium californicum",-119.090167,34.833306,2019,7,26,"US","HUMAN_OBSERVATION","Lomatium californicum"
"4512054334","Lomatium californicum",-122.521744,38.354161,2018,2,28,"US","HUMAN_OBSERVATION","Lomatium californicum"
"1831174595","Lomatium californicum",-122.099005,38.507217,2018,2,11,"US","HUMAN_OBSERVATION","Lomatium californicum"
"3079579395","Lomatium californicum",-123.240938,39.177183,2018,2,17,"US","HUMAN_OBSERVATION","Lomatium californicum"
"3079808422","Lomatium californicum",-122.990022,38.826506,2018,3,12,"US","HUMAN_OBSERVATION","Lomatium californicum"
"1913142248","Lomatium californicum",-122.521972,38.354217,2018,3,11,"US","HUMAN_OBSERVATION","Lomatium californicum"
"1838007629","Lomatium californicum",-122.761933,38.714263,2018,3,16,"US","HUMAN_OBSERVATION","Lomatium californicum"
"1838007630","Lomatium californicum",-122.761933,38.714263,2018,3,16,"US","HUMAN_OBSERVATION","Lomatium californicum"
"3058691330","Lomatium californicum",-122.571433,38.633495,2018,3,31,"US","HUMAN_OBSERVATION","Lomatium californicum"
"1838023723","Lomatium californicum",-121.895214,37.907978,2018,4,7,"US","HUMAN_OBSERVATION","Lomatium californicum"
"4111675306","Lomatium californicum",-122.449988,37.612914,2018,4,8,"US","HUMAN_OBSERVATION","Lomatium californicum"
"1838032372","Lomatium californicum",-121.832558,37.5136,2018,4,8,"US","HUMAN_OBSERVATION","Lomatium californicum"
"1838065212","Lomatium californicum",-121.945554,38.795269,2018,4,12,"US","HUMAN_OBSERVATION","Lomatium californicum"
"4111772304","Lomatium californicum",-121.502158,37.177553,2018,4,14,"US","HUMAN_OBSERVATION","Lomatium californicum"
"2269203296","Lomatium californicum",-122.556992,38.521603,2018,4,20,"US","HUMAN_OBSERVATION","Lomatium californicum"
"4111588306","Lomatium californicum",-121.18446,36.502273,2018,4,15,"US","HUMAN_OBSERVATION","Lomatium californicum"
"1839253204","Lomatium californicum",-122.890938,42.468182,2018,4,23,"US","HUMAN_OBSERVATION","Lomatium californicum"
"4111578305","Lomatium californicum",-122.615585,37.977499,2018,4,25,"US","HUMAN_OBSERVATION","Lomatium californicum"
"3079658428","Lomatium californicum",-123.009115,38.808798,2018,4,28,"US","HUMAN_OBSERVATION","Lomatium californicum"
"1841248635","Lomatium californicum",-121.90992,37.884078,2018,4,28,"US","HUMAN_OBSERVATION","Lomatium californicum"
"1847426011","Lomatium californicum",-122.761878,38.714029,2018,4,29,"US","HUMAN_OBSERVATION","Lomatium californicum"
"4111734302","Lomatium californicum",-122.28087,38.75518,2018,4,30,"US","HUMAN_OBSERVATION","Lomatium californicum"
"2235465246","Lomatium californicum",-122.280953,38.755222,2018,4,30,"US","HUMAN_OBSERVATION","Lomatium californicum"
"3018016316","Lomatium californicum",-122.786207,38.139556,2018,4,30,"US","HUMAN_OBSERVATION","Lomatium californicum"
"1841318046","Lomatium californicum",-122.28119,38.75522,2018,4,30,"US","HUMAN_OBSERVATION","Lomatium californicum"
"1841322708","Lomatium californicum",-121.90999,37.88419,2018,4,28,"US","HUMAN_OBSERVATION","Lomatium californicum"
"1847435723","Lomatium californicum",-122.286615,37.469396,2018,4,27,"US","HUMAN_OBSERVATION","Lomatium californicum"
"3079550442","Lomatium californicum",-123.165933,39.235006,2018,4,25,"US","HUMAN_OBSERVATION","Lomatium californicum"
"3461011975","Lomatium californicum",-120.94778,35.6167,2018,4,30,"US","PRESERVED_SPECIMEN","Lomatium californicum"
"2610083451","Lomatium californicum",-122.70722,38.56546,2018,4,23,"US","PRESERVED_SPECIMEN","Lomatium californicum"
"4506197322","Lomatium californicum",-121.192741,36.50795,2018,5,23,"US","HUMAN_OBSERVATION","Lomatium californicum"
"1848774526","Lomatium californicum",-122.640396,38.00177,2018,5,30,"US","HUMAN_OBSERVATION","Lomatium californicum"
"2005350410","Lomatium californicum",-122.44078,41.984024,2018,5,7,"US","HUMAN_OBSERVATION","Lomatium californicum"
"2429338839","Lomatium californicum",-122.999206,40.808464,2018,5,28,"US","HUMAN_OBSERVATION","Lomatium californicum"
"3820744996","Lomatium californicum",-123.259567,40.39405,2018,5,19,"US","PRESERVED_SPECIMEN","Lomatium californicum"
"3079547459","Lomatium californicum",-123.009056,38.808886,2018,6,7,"US","HUMAN_OBSERVATION","Lomatium californicum"
"3053462649","Lomatium californicum",-119.81382,34.7112,2018,7,12,"US","PRESERVED_SPECIMEN","Lomatium californicum"
"1899760048","Lomatium californicum",-121.797354,37.83791,2017,3,29,"US","HUMAN_OBSERVATION","Lomatium californicum"
"3889086302","Lomatium californicum",-122.630918,38.450362,2017,3,17,"US","HUMAN_OBSERVATION","Lomatium californicum"
"4177115303","Lomatium californicum",-121.038642,36.648395,2017,3,26,"US","HUMAN_OBSERVATION","Lomatium californicum"
"1457600309","Lomatium californicum",-121.823547,37.53225,2017,4,2,"US","HUMAN_OBSERVATION","Lomatium californicum"
"1457600740","Lomatium californicum",-121.823555,37.532384,2017,4,2,"US","HUMAN_OBSERVATION","Lomatium californicum"
"1457600806","Lomatium californicum",-121.823478,37.532386,2017,4,2,"US","HUMAN_OBSERVATION","Lomatium californicum"
"1500250337","Lomatium californicum",-121.924426,37.870119,2017,4,16,"US","HUMAN_OBSERVATION","Lomatium californicum"
"3889015304","Lomatium californicum",-121.776216,37.497693,2017,4,19,"US","HUMAN_OBSERVATION","Lomatium californicum"
"1562896458","Lomatium californicum",-122.450683,37.614067,2017,5,5,"US","HUMAN_OBSERVATION","Lomatium californicum"
"3888788306","Lomatium californicum",-120.960182,38.92293,2017,5,13,"US","HUMAN_OBSERVATION","Lomatium californicum"
"2573903671","Lomatium californicum",-122.100494,38.500033,2017,6,4,"US","HUMAN_OBSERVATION","Lomatium californicum"
"3888897303","Lomatium californicum",-121.909794,37.883693,2017,8,26,"US","HUMAN_OBSERVATION","Lomatium californicum"
"1265548342","Lomatium californicum",-121.170955,36.581775,2016,3,29,"US","HUMAN_OBSERVATION","Lomatium californicum"
"2422513933","Lomatium californicum",-118.55753,35.13311,2016,4,13,"US","PRESERVED_SPECIMEN","Lomatium californicum"
"1265554382","Lomatium californicum",-121.182463,36.501867,2016,4,2,"US","HUMAN_OBSERVATION","Lomatium californicum"
"2540734555","Lomatium californicum",-122.823194,38.118571,2016,4,23,"US","HUMAN_OBSERVATION","Lomatium californicum"
"1265600428","Lomatium californicum",-122.286604,37.469371,2016,4,27,"US","HUMAN_OBSERVATION","Lomatium californicum"
"4069018132","Lomatium californicum",-122.522293,38.401234,2016,4,8,"US","PRESERVED_SPECIMEN","Lomatium californicum"
"1843220968","Lomatium californicum",-122.59997,37.9658,2016,4,1,"US","PRESERVED_SPECIMEN","Lomatium californicum"
"4069017286","Lomatium californicum",-122.171051,38.35799,2016,5,13,"US","PRESERVED_SPECIMEN","Lomatium californicum"
"3888820302","Lomatium californicum",-121.179755,36.49072,2016,5,13,"US","HUMAN_OBSERVATION","Lomatium californicum"
"3888995305","Lomatium californicum",-121.909871,37.884126,2016,6,25,"US","HUMAN_OBSERVATION","Lomatium californicum"
"3053441003","Lomatium californicum",-118.9905,34.7812,2016,7,15,"US","PRESERVED_SPECIMEN","Lomatium californicum"
"1088906385","Lomatium californicum",-122.509201,38.367424,2015,3,9,"US","HUMAN_OBSERVATION","Lomatium californicum"
"1088933454","Lomatium californicum",-122.452637,37.614087,2015,3,28,"US","HUMAN_OBSERVATION","Lomatium californicum"
"3888822301","Lomatium californicum",-121.90992,37.884132,2015,4,12,"US","HUMAN_OBSERVATION","Lomatium californicum"
"1831104511","Lomatium californicum",-118.572326,34.930077,2015,5,9,"US","HUMAN_OBSERVATION","Lomatium californicum"
"3889129302","Lomatium californicum",-122.282792,37.466335,2015,6,5,"US","HUMAN_OBSERVATION","Lomatium californicum"
"2430444610","Lomatium californicum",-118.64325,34.939003,2015,6,13,"US","PRESERVED_SPECIMEN","Lomatium californicum"
"1933601789","Lomatium californicum",-122.518745,38.359158,2014,3,30,"US","HUMAN_OBSERVATION","Lomatium californicum"
"2421777873","Lomatium californicum",-118.73708,34.841208,2014,5,3,"US","PRESERVED_SPECIMEN","Lomatium californicum"
"3460998312","Lomatium californicum",-120.2692,35.21683,2014,5,14,"US","PRESERVED_SPECIMEN","Lomatium californicum"
"910493593","Lomatium californicum",-122.5617,38.606688,2014,5,4,"US","HUMAN_OBSERVATION","Lomatium californicum"
"910493743","Lomatium californicum",-122.5515,38.61795,2014,5,4,"US","HUMAN_OBSERVATION","Lomatium californicum"
"910496629","Lomatium californicum",-121.909898,37.884063,2014,5,10,"US","HUMAN_OBSERVATION","Lomatium californicum"
"1990643043","Lomatium californicum",-121.909852,37.884241,2014,5,10,"US","HUMAN_OBSERVATION","Lomatium californicum"
"2430420401","Lomatium californicum",-118.73708,34.841208,2014,5,3,"US","PRESERVED_SPECIMEN","Lomatium californicum"
"2430125869","Lomatium californicum",-120.2692,35.21683,2014,5,14,"US","PRESERVED_SPECIMEN","Lomatium californicum"
"2430331249","Lomatium californicum",-118.6596,34.953172,2014,6,14,"US","PRESERVED_SPECIMEN","Lomatium californicum"
"2430494367","Lomatium californicum",-118.60242,34.961907,2014,6,25,"US","PRESERVED_SPECIMEN","Lomatium californicum"
"2421756500","Lomatium californicum",-122.803611,39.001667,2013,3,9,"US","PRESERVED_SPECIMEN","Lomatium californicum"
"899939440","Lomatium californicum",-122.282209,37.472474,2013,3,23,"US","HUMAN_OBSERVATION","Lomatium californicum"
"1891354996","Lomatium californicum",-122.683811,38.406556,2013,4,30,"US","HUMAN_OBSERVATION","Lomatium californicum"
"891024374","Lomatium californicum",-123.228263,39.163207,2013,4,13,"US","HUMAN_OBSERVATION","Lomatium californicum"
"2421763668","Lomatium californicum",-122.7975,38.997778,2013,5,4,"US","PRESERVED_SPECIMEN","Lomatium californicum"
"2270196185","Lomatium californicum",-120.243456,35.23676,2013,5,2,"US","PRESERVED_SPECIMEN","Lomatium californicum"
"3053466858","Lomatium californicum",-119.324,34.5942,2013,6,7,"US","PRESERVED_SPECIMEN","Lomatium californicum"
"2270198507","Lomatium californicum",-120.764453,35.523228,2012,3,29,"US","PRESERVED_SPECIMEN","Lomatium californicum"
"2270200617","Lomatium californicum",-120.241877,35.234468,2012,4,12,"US","PRESERVED_SPECIMEN","Lomatium californicum"
"4506297325","Lomatium californicum",-121.160813,36.47689,2012,4,16,"US","HUMAN_OBSERVATION","Lomatium californicum"
"899936718","Lomatium californicum",-122.450492,37.613319,2012,4,21,"US","HUMAN_OBSERVATION","Lomatium californicum"
"3968366101","Lomatium californicum",-122.998523,42.402544,2012,4,27,"US","PRESERVED_SPECIMEN","Lomatium californicum"
"3820559521","Lomatium californicum",-122.8164,42.58989,2012,5,28,"US","PRESERVED_SPECIMEN","Lomatium californicum"
"3820558863","Lomatium californicum",-122.8164,42.58989,2012,5,28,"US","PRESERVED_SPECIMEN","Lomatium californicum"
"1088899279","Lomatium californicum",-121.918252,37.871729,2012,5,28,"US","HUMAN_OBSERVATION","Lomatium californicum"
"4073791429","Lomatium californicum",-122.812544,42.61068,2012,5,28,"US","PRESERVED_SPECIMEN","Lomatium californicum"
"2238753369","Lomatium californicum",-122.8164,42.58989,2012,5,28,"US","PRESERVED_SPECIMEN","Lomatium californicum"
"1986994204","Lomatium californicum",-122.8164,42.58989,2012,5,28,"US","PRESERVED_SPECIMEN","Lomatium californicum"
"1986993834","Lomatium californicum",-122.8164,42.58989,2012,5,28,"US","PRESERVED_SPECIMEN","Lomatium californicum"
"4073817328","Lomatium californicum",-122.8164,42.58989,2012,5,28,"US","PRESERVED_SPECIMEN","Lomatium californicum"
"3454993390","Lomatium californicum",-122.8164,42.58989,2012,5,28,"US","PRESERVED_SPECIMEN","Lomatium californicum"
"3454991335","Lomatium californicum",-122.8164,42.58989,2012,5,28,"US","PRESERVED_SPECIMEN","Lomatium californicum"
"891081096","Lomatium californicum",-122.762629,38.715912,2012,5,13,"US","HUMAN_OBSERVATION","Lomatium californicum"
"4404909483","Lomatium californicum",-122.8164,42.58989,2012,5,28,"US","PRESERVED_SPECIMEN","Lomatium californicum"
"2238753310","Lomatium californicum",-122.8164,42.58989,2012,5,28,"US","PRESERVED_SPECIMEN","Lomatium californicum"
"4068944006","Lomatium californicum",-122.8164,42.58989,2012,5,28,"US","PRESERVED_SPECIMEN","Lomatium californicum"
"2422504939","Lomatium californicum",-118.27192,35.32489,2012,6,19,"US","PRESERVED_SPECIMEN","Lomatium californicum"
"1088888153","Lomatium californicum",-122.593367,38.129221,2011,2,20,"US","HUMAN_OBSERVATION","Lomatium californicum"
"2430303984","Lomatium californicum",-119.3897,34.9021,2011,4,24,"US","PRESERVED_SPECIMEN","Lomatium californicum"
"4069007641","Lomatium californicum",-123.387778,42.588611,2011,5,7,"US","PRESERVED_SPECIMEN","Lomatium californicum"
"3820556534","Lomatium californicum",-123.387778,42.588611,2011,5,7,"US","PRESERVED_SPECIMEN","Lomatium californicum"
"4069000604","Lomatium californicum",-122.7206,42.2768,2011,6,16,"US","PRESERVED_SPECIMEN","Lomatium californicum"
"3059703331","Lomatium californicum",-122.0972,38.5069,2010,4,13,"US","PRESERVED_SPECIMEN","Lomatium californicum"
"3059703328","Lomatium californicum",-122.0886,38.5072,2010,4,25,"US","PRESERVED_SPECIMEN","Lomatium californicum"
"4073825843","Lomatium californicum",-122.034833,42.115861,2010,7,23,"US","PRESERVED_SPECIMEN","Lomatium californicum"
"2421709617","Lomatium californicum",-122.353184,38.949487,2009,3,25,"US","PRESERVED_SPECIMEN","Lomatium californicum"
"2421709866","Lomatium californicum",-122.353184,38.949487,2009,3,25,"US","PRESERVED_SPECIMEN","Lomatium californicum"
"2421709370","Lomatium californicum",-122.083008,38.526704,2009,4,26,"US","PRESERVED_SPECIMEN","Lomatium californicum"
"2430531657","Lomatium californicum",-119.392111,34.902694,2009,4,30,"US","PRESERVED_SPECIMEN","Lomatium californicum"
"2421711701","Lomatium californicum",-122.492751,39.104566,2009,5,20,"US","PRESERVED_SPECIMEN","Lomatium californicum"
"2421772147","Lomatium californicum",-122.313333,38.619722,2008,4,20,"US","PRESERVED_SPECIMEN","Lomatium californicum"
"2421770108","Lomatium californicum",-122.313333,38.619722,2008,4,20,"US","PRESERVED_SPECIMEN","Lomatium californicum"
"2418033688","Lomatium californicum",-122.543056,39.070278,2008,5,23,"US","PRESERVED_SPECIMEN","Lomatium californicum"
"3059703324","Lomatium californicum",-122.5431,39.0703,2008,5,23,"US","PRESERVED_SPECIMEN","Lomatium californicum"
"3059703323","Lomatium californicum",-122.1183,38.2264,2008,5,13,"US","PRESERVED_SPECIMEN","Lomatium californicum"
"3059703319","Lomatium californicum",-122.1183,38.2264,2008,5,13,"US","PRESERVED_SPECIMEN","Lomatium californicum"
"3059703332","Lomatium californicum",-122.5431,39.0703,2008,5,23,"US","PRESERVED_SPECIMEN","Lomatium californicum"
"2421697298","Lomatium californicum",-122.106111,38.585306,2007,4,6,"US","PRESERVED_SPECIMEN","Lomatium californicum"
"2422437345","Lomatium californicum",-118.74806,34.84389,2007,4,27,"US","PRESERVED_SPECIMEN","Lomatium californicum"
"2422436474","Lomatium californicum",-118.78833,34.89528,2007,5,24,"US","PRESERVED_SPECIMEN","Lomatium californicum"
"2422436509","Lomatium californicum",-118.79528,34.89722,2007,5,25,"US","PRESERVED_SPECIMEN","Lomatium californicum"
"2430286672","Lomatium californicum",-118.78833,34.89528,2007,5,24,"US","PRESERVED_SPECIMEN","Lomatium californicum"
"2422434746","Lomatium californicum",-118.76222,34.89306,2007,6,6,"US","PRESERVED_SPECIMEN","Lomatium californicum"
"2422435411","Lomatium californicum",-118.72722,34.90917,2007,6,12,"US","PRESERVED_SPECIMEN","Lomatium californicum"
"2422437482","Lomatium californicum",-118.88417,34.90944,2007,6,28,"US","PRESERVED_SPECIMEN","Lomatium californicum"
"2430309253","Lomatium californicum",-118.76222,34.89306,2007,6,6,"US","PRESERVED_SPECIMEN","Lomatium californicum"
"1426480377","Lomatium californicum",-118.762222,34.893056,2007,6,6,"US","PRESERVED_SPECIMEN","Lomatium californicum"
"2421695629","Lomatium californicum",-122.523715,38.409582,2006,4,28,"US","PRESERVED_SPECIMEN","Lomatium californicum"
"2421753402","Lomatium californicum",-122.523715,38.409582,2006,4,28,"US","PRESERVED_SPECIMEN","Lomatium californicum"
"2422490086","Lomatium californicum",-122.11833,38.22639,2006,5,17,"US","PRESERVED_SPECIMEN","Lomatium californicum"
"2418039539","Lomatium californicum",-122.613611,38.043889,2006,5,10,"US","PRESERVED_SPECIMEN","Lomatium californicum"
"3059703305","Lomatium californicum",-122.6136,38.0439,2006,5,10,"US","PRESERVED_SPECIMEN","Lomatium californicum"
"2421752974","Lomatium californicum",-118.854444,34.817778,2005,6,17,"US","PRESERVED_SPECIMEN","Lomatium californicum"
"2982032801","Lomatium californicum",-123.693647,40.763543,2005,6,24,"US","PRESERVED_SPECIMEN","Lomatium californicum"
"2982075765","Lomatium californicum",-123.693647,40.763543,2005,6,24,"US","PRESERVED_SPECIMEN","Lomatium californicum"
"3059697755","Lomatium californicum",-123.693647,40.763543,2005,6,24,"US","PRESERVED_SPECIMEN","Lomatium californicum"
"3059703329","Lomatium californicum",-119.9181,34.9431,2005,6,4,"US","PRESERVED_SPECIMEN","Lomatium californicum"
"3820661210","Lomatium californicum",-123.1047,44.6367,2005,7,14,"US","PRESERVED_SPECIMEN","Lomatium californicum"
"2270200344","Lomatium californicum",-121.071808,35.711788,2004,4,15,"US","PRESERVED_SPECIMEN","Lomatium californicum"
"2422525022","Lomatium californicum",-119.27278,34.92556,2004,5,4,"US","PRESERVED_SPECIMEN","Lomatium californicum"
"2422523951","Lomatium californicum",-119.20139,34.94028,2004,5,5,"US","PRESERVED_SPECIMEN","Lomatium californicum"
"2421768583","Lomatium californicum",-122.083333,38.500556,2003,4,13,"US","PRESERVED_SPECIMEN","Lomatium californicum"
"2418011779","Lomatium californicum",-122.642222,39.372222,2003,6,4,"US","PRESERVED_SPECIMEN","Lomatium californicum"
"2430556049","Lomatium californicum",-122.646202,39.370867,2003,6,4,"US","PRESERVED_SPECIMEN","Lomatium californicum"
"3820656627","Lomatium californicum",-123.150917,42.19375,2003,7,11,"US","PRESERVED_SPECIMEN","Lomatium californicum"
"2421687976","Lomatium californicum",-122.371667,38.856389,2002,4,13,"US","PRESERVED_SPECIMEN","Lomatium californicum"
"2421689623","Lomatium californicum",-122.370833,38.856389,2002,4,13,"US","PRESERVED_SPECIMEN","Lomatium californicum"
"2421689856","Lomatium californicum",-122.149556,38.519528,2002,5,4,"US","PRESERVED_SPECIMEN","Lomatium californicum"
"2422432555","Lomatium californicum",-122.14956,38.51953,2002,5,4,"US","PRESERVED_SPECIMEN","Lomatium californicum"
"2270199203","Lomatium californicum",-120.69647,35.463814,2001,4,7,"US","PRESERVED_SPECIMEN","Lomatium californicum"
"3053452390","Lomatium californicum",-120.6964,35.4638,2001,4,7,"US","PRESERVED_SPECIMEN","Lomatium californicum"
"2459162765","Lomatium californicum",-121.533417,37.31311,2000,4,20,"US","PRESERVED_SPECIMEN","Lomatium californicum"
"4073800172","Lomatium californicum",-122.9,42.466667,2000,5,NA,"US","PRESERVED_SPECIMEN","Lomatium californicum"
"2421673692","Lomatium californicum",-122.099444,38.5025,1999,6,18,"US","PRESERVED_SPECIMEN","Lomatium californicum"
"2417995876","Lomatium californicum",-122.587778,40.072778,1998,6,9,"US","PRESERVED_SPECIMEN","Lomatium californicum"
"3059703326","Lomatium californicum",-121.2833,35.8667,1998,6,6,"US","PRESERVED_SPECIMEN","Lomatium californicum"
"3053354277","Lomatium californicum",-121.2837288,35.8658955,1998,6,6,"US","PRESERVED_SPECIMEN","Lomatium californicum"
"2421753683","Lomatium californicum",-122.547899,39.377803,1998,7,10,"US","PRESERVED_SPECIMEN","Lomatium californicum"
"2422307402","Lomatium californicum",-119.18333,34.925,1997,4,12,"US","PRESERVED_SPECIMEN","Lomatium californicum"
"3125036641","Lomatium californicum",-119.18333,34.925,1997,4,12,"US","PRESERVED_SPECIMEN","Lomatium californicum"
"2430307038","Lomatium californicum",-119.183333,34.925,1997,4,12,"US","PRESERVED_SPECIMEN","Lomatium californicum"
"2430220435","Lomatium californicum",-118.579917,34.685778,1997,6,17,"US","PRESERVED_SPECIMEN","Lomatium californicum"
"2422311592","Lomatium californicum",-122.59806,41.78333,1996,3,31,"US","PRESERVED_SPECIMEN","Lomatium californicum"
"2421688242","Lomatium californicum",-122.099444,38.5025,1996,4,19,"US","PRESERVED_SPECIMEN","Lomatium californicum"
"3059703286","Lomatium californicum",-121.85,38.5,1996,4,19,"US","PRESERVED_SPECIMEN","Lomatium californicum"
"3053455862","Lomatium californicum",-121.222,35.877,1996,5,24,"US","PRESERVED_SPECIMEN","Lomatium californicum"
"2421754626","Lomatium californicum",-122.508858,38.435882,1996,5,24,"US","PRESERVED_SPECIMEN","Lomatium californicum"
"3897619368","Lomatium californicum",-119.2317,34.635,1996,6,21,"US","PRESERVED_SPECIMEN","Lomatium californicum"
"3059703296","Lomatium californicum",-122.3667,38.5167,1995,4,10,"US","PRESERVED_SPECIMEN","Lomatium californicum"
"2270198737","Lomatium californicum",-121.291928,35.872013,1995,6,16,"US","PRESERVED_SPECIMEN","Lomatium californicum"
"3053413751","Lomatium californicum",-121.291,35.873,1995,6,16,"US","PRESERVED_SPECIMEN","Lomatium californicum"
"2422495140","Lomatium californicum",-121.29139,35.86667,1994,5,23,"US","PRESERVED_SPECIMEN","Lomatium californicum"
"2418037895","Lomatium californicum",-121.292532,35.868368,1994,5,23,"US","PRESERVED_SPECIMEN","Lomatium californicum"
"3053356841","Lomatium californicum",-121.2914,35.8685,1994,5,23,"US","PRESERVED_SPECIMEN","Lomatium californicum"
"2430173410","Lomatium californicum",-121.291491,35.866597,1994,5,23,"US","PRESERVED_SPECIMEN","Lomatium californicum"
"3053452870","Lomatium californicum",-119.1323,34.5014,1994,6,25,"US","PRESERVED_SPECIMEN","Lomatium californicum"
"2422304139","Lomatium californicum",-118.31778,35.15083,1994,6,4,"US","PRESERVED_SPECIMEN","Lomatium californicum"
"2421689546","Lomatium californicum",-122.099444,38.5025,1993,3,20,"US","PRESERVED_SPECIMEN","Lomatium californicum"
"2421689646","Lomatium californicum",-122.099444,38.5025,1993,4,25,"US","PRESERVED_SPECIMEN","Lomatium californicum"
"3059703285","Lomatium californicum",-122.106009,38.508717,1993,4,25,"US","PRESERVED_SPECIMEN","Lomatium californicum"
"4061424716","Lomatium californicum",-121.40027,42.34111,1993,7,12,"US","PRESERVED_SPECIMEN","Lomatium californicum"
"2421752519","Lomatium californicum",-120.9905,36.6193,1991,4,24,"US","PRESERVED_SPECIMEN","Lomatium californicum"
"2421688169","Lomatium californicum",-122.099444,38.5025,1989,4,14,"US","PRESERVED_SPECIMEN","Lomatium californicum"
"3053377657","Lomatium californicum",-119.6822,34.649,1988,5,20,"US","PRESERVED_SPECIMEN","Lomatium californicum"
"2451554919","Lomatium californicum",-121.19763,36.675083,1987,5,9,"US","PRESERVED_SPECIMEN","Lomatium californicum"
"2417969526","Lomatium californicum",-122.686944,39.820556,1986,5,23,"US","PRESERVED_SPECIMEN","Lomatium californicum"
"2417968820","Lomatium californicum",-122.646389,39.372778,1986,6,4,"US","PRESERVED_SPECIMEN","Lomatium californicum"
"3320801924","Lomatium californicum",-118.389861,35.478056,1986,6,7,"US","PRESERVED_SPECIMEN","Lomatium californicum"
"3053460225","Lomatium californicum",-121.214,36.498,1985,4,21,"US","PRESERVED_SPECIMEN","Lomatium californicum"
"3820647046","Lomatium californicum",-123.058259,42.225687,1985,6,NA,"US","PRESERVED_SPECIMEN","Lomatium californicum"
"3820552593","Lomatium californicum",-123.058259,42.225687,1985,6,NA,"US","PRESERVED_SPECIMEN","Lomatium californicum"
"3320793891","Lomatium californicum",-122.464139,38.588139,1984,4,1,"US","PRESERVED_SPECIMEN","Lomatium californicum"
"2421688731","Lomatium californicum",-122.099444,38.5025,1984,5,26,"US","PRESERVED_SPECIMEN","Lomatium californicum"
"2270197304","Lomatium californicum",-121.213867,35.873943,1983,5,29,"US","PRESERVED_SPECIMEN","Lomatium californicum"
"3320796315","Lomatium californicum",-122.757389,38.845333,1983,6,8,"US","PRESERVED_SPECIMEN","Lomatium californicum"
"2422275643","Lomatium californicum",-123.54311,41.93739,1983,7,17,"US","PRESERVED_SPECIMEN","Lomatium californicum"
"2982030097","Lomatium californicum",-123.54311,41.93739,1983,7,17,"US","PRESERVED_SPECIMEN","Lomatium californicum"
"2422291154","Lomatium californicum",-118.60139,35.55417,1982,4,3,"US","PRESERVED_SPECIMEN","Lomatium californicum"
"2422276152","Lomatium californicum",-120.32194,35.30694,1982,5,14,"US","PRESERVED_SPECIMEN","Lomatium californicum"
"2270217318","Lomatium californicum",-120.240496,35.233507,1982,5,14,"US","PRESERVED_SPECIMEN","Lomatium californicum"
"3125030627","Lomatium californicum",-122.692,38.5626,1981,4,28,"US","PRESERVED_SPECIMEN","Lomatium californicum"
"3320801071","Lomatium californicum",-122.525167,38.553972,1981,4,28,"US","PRESERVED_SPECIMEN","Lomatium californicum"
"2421779461","Lomatium californicum",-122.815833,38.800278,1981,5,28,"US","PRESERVED_SPECIMEN","Lomatium californicum"
"2421777451","Lomatium californicum",-122.815833,38.800278,1981,5,28,"US","PRESERVED_SPECIMEN","Lomatium californicum"
"3320807255","Lomatium californicum",-123.73225,40.693528,1981,7,22,"US","PRESERVED_SPECIMEN","Lomatium californicum"
"2270217766","Lomatium californicum",-121.014315,35.675794,1980,4,26,"US","PRESERVED_SPECIMEN","Lomatium californicum"
"3320784039","Lomatium californicum",-122.343333,38.439861,1980,4,27,"US","PRESERVED_SPECIMEN","Lomatium californicum"
"3320800198","Lomatium californicum",-122.064222,39.509611,1980,4,9,"US","PRESERVED_SPECIMEN","Lomatium californicum"
"2982069893","Lomatium californicum",-123.767778,40.708611,1980,6,28,"US","PRESERVED_SPECIMEN","Lomatium californicum"
"3320748501","Lomatium californicum",-123.767889,40.708806,1980,6,28,"US","PRESERVED_SPECIMEN","Lomatium californicum"
"2982029755","Lomatium californicum",-123.602778,40.743889,1980,7,15,"US","PRESERVED_SPECIMEN","Lomatium californicum"
"2982024830","Lomatium californicum",-123.243889,40.116389,1980,7,1,"US","PRESERVED_SPECIMEN","Lomatium californicum"
"2982023845","Lomatium californicum",-123.175833,40.169167,1980,7,2,"US","PRESERVED_SPECIMEN","Lomatium californicum"
"2982024877","Lomatium californicum",-123.542222,40.358056,1980,7,10,"US","PRESERVED_SPECIMEN","Lomatium californicum"
"2982068861","Lomatium californicum",-123.636667,40.670278,1980,7,15,"US","PRESERVED_SPECIMEN","Lomatium californicum"
"3320783450","Lomatium californicum",-122.592667,38.654361,1980,7,12,"US","PRESERVED_SPECIMEN","Lomatium californicum"
"3320769165","Lomatium californicum",-123.624333,40.691278,1980,7,14,"US","PRESERVED_SPECIMEN","Lomatium californicum"
"3320785490","Lomatium californicum",-123.244111,40.116583,1980,7,1,"US","PRESERVED_SPECIMEN","Lomatium californicum"
"3320760483","Lomatium californicum",-123.602889,40.743917,1980,7,15,"US","PRESERVED_SPECIMEN","Lomatium californicum"
"3320765012","Lomatium californicum",-123.636889,40.670333,1980,7,15,"US","PRESERVED_SPECIMEN","Lomatium californicum"
"3320766033","Lomatium californicum",-123.175861,40.169194,1980,7,2,"US","PRESERVED_SPECIMEN","Lomatium californicum"
"3320747433","Lomatium californicum",-123.542306,40.358083,1980,7,10,"US","PRESERVED_SPECIMEN","Lomatium californicum"
"2270197054","Lomatium californicum",-120.85693,35.640725,1980,NA,NA,"US","PRESERVED_SPECIMEN","Lomatium californicum"
"2982053249","Lomatium californicum",-122.924055,40.568508,1979,5,12,"US","PRESERVED_SPECIMEN","Lomatium californicum"
"2982026373","Lomatium californicum",-122.104,38.51273,1979,5,12,"US","PRESERVED_SPECIMEN","Lomatium californicum"
"3320760019","Lomatium californicum",-123.045056,41.787333,1979,5,28,"US","PRESERVED_SPECIMEN","Lomatium californicum"
"3320760389","Lomatium californicum",-123.025472,41.769806,1979,5,28,"US","PRESERVED_SPECIMEN","Lomatium californicum"
"2982016010","Lomatium californicum",-123.44475,40.313361,1979,6,3,"US","PRESERVED_SPECIMEN","Lomatium californicum"
"2982051001","Lomatium californicum",-123.385722,40.334111,1979,6,4,"US","PRESERVED_SPECIMEN","Lomatium californicum"
"2982060001","Lomatium californicum",-123.670889,41.757917,1979,6,19,"US","PRESERVED_SPECIMEN","Lomatium californicum"
"3320750307","Lomatium californicum",-122.526028,38.549194,1979,6,5,"US","PRESERVED_SPECIMEN","Lomatium californicum"
"3320783006","Lomatium californicum",-123.469778,40.341111,1979,6,4,"US","PRESERVED_SPECIMEN","Lomatium californicum"
"3320792073","Lomatium californicum",-123.44475,40.313361,1979,6,3,"US","PRESERVED_SPECIMEN","Lomatium californicum"
"3320794441","Lomatium californicum",-123.670889,41.807917,1979,6,19,"US","PRESERVED_SPECIMEN","Lomatium californicum"
"2982026420","Lomatium californicum",-123.520272,40.391745,1979,7,3,"US","PRESERVED_SPECIMEN","Lomatium californicum"
"3320760620","Lomatium californicum",-123.222111,40.228056,1979,7,17,"US","PRESERVED_SPECIMEN","Lomatium californicum"
"3320789432","Lomatium californicum",-123.115194,41.237111,1979,7,23,"US","PRESERVED_SPECIMEN","Lomatium californicum"
"3320803451","Lomatium californicum",-122.591028,41.982444,1978,6,28,"US","PRESERVED_SPECIMEN","Lomatium californicum"
"4070158997","Lomatium californicum",-122.733679,42.680921,1977,4,7,"US","PRESERVED_SPECIMEN","Lomatium californicum"
"2982054588","Lomatium californicum",-123.189124,40.005193,1977,6,30,"US","PRESERVED_SPECIMEN","Lomatium californicum"
"3125030625","Lomatium californicum",-123.0148,38.686,1977,6,20,"US","PRESERVED_SPECIMEN","Lomatium californicum"
"4154093627","Lomatium californicum",-117.087952,36.122292,1977,7,24,"US","PRESERVED_SPECIMEN","Lomatium californicum"
"2421752881","Lomatium californicum",-122.10089,38.51461,1976,4,9,"US","PRESERVED_SPECIMEN","Lomatium californicum"
"2982057415","Lomatium californicum",-122.283118,38.647435,1976,4,12,"US","PRESERVED_SPECIMEN","Lomatium californicum"
"2982037525","Lomatium californicum",-122.674444,39.162778,1976,4,13,"US","PRESERVED_SPECIMEN","Lomatium californicum"
"2417963559","Lomatium californicum",-122.674444,39.162778,1976,4,13,"US","PRESERVED_SPECIMEN","Lomatium californicum"
"2982015473","Lomatium californicum",-123.544058,40.362049,1976,6,10,"US","PRESERVED_SPECIMEN","Lomatium californicum"
"2982052607","Lomatium californicum",-123.1778,41.329,1976,7,2,"US","PRESERVED_SPECIMEN","Lomatium californicum"
"2575152542","Lomatium californicum",-121.18,36.5,1975,4,27,"US","PRESERVED_SPECIMEN","Lomatium californicum"
"2982001290","Lomatium californicum",-122.98224,39.04159,1975,5,3,"US","PRESERVED_SPECIMEN","Lomatium californicum"
"2982005281","Lomatium californicum",-123.541143,40.340144,1974,7,20,"US","PRESERVED_SPECIMEN","Lomatium californicum"
"2982044216","Lomatium californicum",-123.61705,40.515569,1973,5,28,"US","PRESERVED_SPECIMEN","Lomatium californicum"
"2982052622","Lomatium californicum",-123.164873,40.39374,1973,7,4,"US","PRESERVED_SPECIMEN","Lomatium californicum"
"3059692165","Lomatium californicum",-122.623386,38.582683,1972,4,5,"US","PRESERVED_SPECIMEN","Lomatium californicum"
"2982049183","Lomatium californicum",-123.541143,40.340144,1972,6,13,"US","PRESERVED_SPECIMEN","Lomatium californicum"
"3820527234","Lomatium californicum",-123.7019,42.032567,1971,6,5,"US","PRESERVED_SPECIMEN","Lomatium californicum"
"3820543587","Lomatium californicum",-123.7019,42.032567,1971,6,5,"US","PRESERVED_SPECIMEN","Lomatium californicum"
"2575151924","Lomatium californicum",-122.07,38.41,1969,4,20,"US","PRESERVED_SPECIMEN","Lomatium californicum"
"3053362710","Lomatium californicum",-119.908,34.916,1964,6,4,"US","PRESERVED_SPECIMEN","Lomatium californicum"
"2270220277","Lomatium californicum",-120.744538,35.626625,1963,4,12,"US","PRESERVED_SPECIMEN","Lomatium californicum"
"2270218540","Lomatium californicum",-120.7322,35.6789,1963,6,2,"US","PRESERVED_SPECIMEN","Lomatium californicum"
"3125160668","Lomatium californicum",-120.7322,35.6789,1963,6,2,"US","PRESERVED_SPECIMEN","Lomatium californicum"
"2422292494","Lomatium californicum",-120.63389,35.325,1962,5,10,"US","PRESERVED_SPECIMEN","Lomatium californicum"
"2270697278","Lomatium californicum",-120.634,35.325,1962,5,10,"US","PRESERVED_SPECIMEN","Lomatium californicum"
"3413521339","Lomatium californicum",-120.629608,35.303474,1962,5,10,"US","PRESERVED_SPECIMEN","Lomatium californicum"
"3406866324","Lomatium californicum",-118.482769,35.067587,1962,6,1,"US","PRESERVED_SPECIMEN","Lomatium californicum"
"2270219087","Lomatium californicum",-120.7506,35.6515,1961,5,1,"US","PRESERVED_SPECIMEN","Lomatium californicum"
"3125167665","Lomatium californicum",-120.7506,35.6515,1961,5,1,"US","PRESERVED_SPECIMEN","Lomatium californicum"
"2270198447","Lomatium californicum",-119.814,34.7115,1961,6,12,"US","PRESERVED_SPECIMEN","Lomatium californicum"
"3053347814","Lomatium californicum",-119.814,34.7115,1961,6,12,"US","PRESERVED_SPECIMEN","Lomatium californicum"
"3053435955","Lomatium californicum",-119.7304,34.825,1960,5,19,"US","PRESERVED_SPECIMEN","Lomatium californicum"
"3053351518","Lomatium californicum",-119.657,34.692,1959,6,9,"US","PRESERVED_SPECIMEN","Lomatium californicum"
"3053433725","Lomatium californicum",-119.6572,34.6923,1959,6,8,"US","PRESERVED_SPECIMEN","Lomatium californicum"
"3053440297","Lomatium californicum",-119.6746791,34.6669391,1959,6,8,"US","PRESERVED_SPECIMEN","Lomatium californicum"
"3125029656","Lomatium californicum",-123.1963,40.4597,1959,7,28,"US","PRESERVED_SPECIMEN","Lomatium californicum"
"3820660437","Lomatium californicum",-121.7806,42.225,1958,6,18,"US","PRESERVED_SPECIMEN","Lomatium californicum"
"3053350553","Lomatium californicum",-119.6746791,34.6669391,1956,6,15,"US","PRESERVED_SPECIMEN","Lomatium californicum"
"3053354112","Lomatium californicum",-119.6586,34.693,1956,6,16,"US","PRESERVED_SPECIMEN","Lomatium californicum"
"2421752613","Lomatium californicum",-122.05536,38.51688,1955,5,5,"US","PRESERVED_SPECIMEN","Lomatium californicum"
"2421753782","Lomatium californicum",-122.09664,38.51379,1952,3,29,"US","PRESERVED_SPECIMEN","Lomatium californicum"
"2421752612","Lomatium californicum",-122.076398,38.409847,1952,4,27,"US","PRESERVED_SPECIMEN","Lomatium californicum"
"3053444294","Lomatium californicum",-119.6746791,34.6669391,1951,4,23,"US","PRESERVED_SPECIMEN","Lomatium californicum"
"2421753679","Lomatium californicum",-119.677443,34.65322,1951,4,24,"US","PRESERVED_SPECIMEN","Lomatium californicum"
"2421754278","Lomatium californicum",-119.649,34.696,1951,4,24,"US","PRESERVED_SPECIMEN","Lomatium californicum"
"3820554375","Lomatium californicum",-122.8744,42.3267,1950,6,24,"US","PRESERVED_SPECIMEN","Lomatium californicum"
"3820521124","Lomatium californicum",-123.0494,42.352273,1948,5,26,"US","PRESERVED_SPECIMEN","Lomatium californicum"
"3820666688","Lomatium californicum",-122.66974,42.45456,1940,4,12,"US","PRESERVED_SPECIMEN","Lomatium californicum"
"3820585322","Lomatium californicum",-122.66974,42.45456,1940,4,12,"US","PRESERVED_SPECIMEN","Lomatium californicum"
"3053432138","Lomatium californicum",-121.1207,36.6531,1940,5,6,"US","PRESERVED_SPECIMEN","Lomatium californicum"
"3053454417","Lomatium californicum",-122.5234,38.518,1939,5,1,"US","PRESERVED_SPECIMEN","Lomatium californicum"
"2421753462","Lomatium californicum",-122.09664,38.51379,1939,7,1,"US","PRESERVED_SPECIMEN","Lomatium californicum"
"3053457526","Lomatium californicum",-119.646,34.697,1938,6,8,"US","PRESERVED_SPECIMEN","Lomatium californicum"
"2459160986","Lomatium californicum",-122.567459,38.635174,1937,5,23,"US","PRESERVED_SPECIMEN","Lomatium californicum"
"3820521784","Lomatium californicum",-121.6025,42.2611,1934,6,1,"US","PRESERVED_SPECIMEN","Lomatium californicum"
"2421752995","Lomatium californicum",-122.09664,38.51379,1932,3,26,"US","PRESERVED_SPECIMEN","Lomatium californicum"
"3053371760","Lomatium californicum",-119.814,34.7109,1930,7,25,"US","PRESERVED_SPECIMEN","Lomatium californicum"
"3053352597","Lomatium californicum",-119.646,34.697,1929,7,7,"US","PRESERVED_SPECIMEN","Lomatium californicum"
"2421754294","Lomatium californicum",-122.2023,38.38984,1927,5,4,"US","PRESERVED_SPECIMEN","Lomatium californicum"
"3053388831","Lomatium californicum",-119.055,34.821,1927,6,13,"US","PRESERVED_SPECIMEN","Lomatium californicum"
"3053425332","Lomatium californicum",-119.055,34.821,1927,6,13,"US","PRESERVED_SPECIMEN","Lomatium californicum"
"3820519783","Lomatium californicum",-121.398,42.3478,1927,6,24,"US","PRESERVED_SPECIMEN","Lomatium californicum"
"2421752489","Lomatium californicum",-119.018712,35.373292,1922,6,10,"US","PRESERVED_SPECIMEN","Lomatium californicum"
"3820628614","Lomatium californicum",-121.9289,42.1267,1920,7,6,"US","PRESERVED_SPECIMEN","Lomatium californicum"
"3820629843","Lomatium californicum",-123.3272,42.4392,1913,6,28,"US","PRESERVED_SPECIMEN","Lomatium californicum"
"4404909525","Lomatium californicum",-122.634471,41.735419,1911,5,18,"US","PRESERVED_SPECIMEN","Lomatium californicum"
"2430406615","Lomatium californicum",-121.6058517,37.5599126,1903,5,NA,"US","PRESERVED_SPECIMEN","Lomatium californicum"
"3820545101","Lomatium californicum",-121.9289,42.1267,1902,6,27,"US","PRESERVED_SPECIMEN","Lomatium californicum"
"4069766233","Lomatium californicum",-121.92889,42.12667,1902,6,27,"US","PRESERVED_SPECIMEN","Lomatium californicum"
"2859136155","Lomatium californicum",-123.148943,42.538732,1893,6,2,"US","PRESERVED_SPECIMEN","Lomatium californicum"
"3820702165","Lomatium californicum",-122.7083,42.1947,1886,7,8,"US","PRESERVED_SPECIMEN","Lomatium californicum"
"3820707115","Lomatium californicum",-122.7083,42.1947,1886,7,5,"US","PRESERVED_SPECIMEN","Lomatium californicum"
"3820648376","Lomatium californicum",-122.7083,42.1947,1886,7,8,"US","PRESERVED_SPECIMEN","Lomatium californicum"
"3820587459","Lomatium californicum",-123.3736,42.6361,1884,5,21,"US","PRESERVED_SPECIMEN","Lomatium californicum"
"2982062326","Lomatium californicum",-123.545602,41.931208,NA,NA,NA,"US","PRESERVED_SPECIMEN","Lomatium californicum"
"3460998537","Lomatium californicum",-120.91237,35.59469,NA,NA,NA,"US","PRESERVED_SPECIMEN","Lomatium californicum"
"311132425","Lomatium californicum",-123.716664,39.874994,NA,NA,NA,"US","FOSSIL_SPECIMEN","Lomatium californicum"
"164283525","Lomatium californicum",-123.716664,39.874994,NA,NA,NA,"US","FOSSIL_SPECIMEN","Lomatium californicum"
