"gbifID","species","longitude","latitude","year","month","day","countryCode","basisOfRecord","accepted_name"
"4096516630","Lomatium eastwoodiae",-108.69165,39.086222,2023,4,8,"US","HUMAN_OBSERVATION","Lomatium eastwoodiae"
"4130164281","Lomatium eastwoodiae",-108.607849,39.020676,2023,5,23,"US","HUMAN_OBSERVATION","Lomatium eastwoodiae"
"3799479547","Lomatium eastwoodiae",-108.902416,39.063151,2022,5,26,"US","PRESERVED_SPECIMEN","Lomatium eastwoodiae"
"3897870308","Lomatium eastwoodiae",-108.940343,39.061169,2022,5,26,"US","PRESERVED_SPECIMEN","Lomatium eastwoodiae"
"3018054463","Lomatium eastwoodiae",-108.525118,38.900727,2020,8,3,"US","HUMAN_OBSERVATION","Lomatium eastwoodiae"
"3018027343","Lomatium eastwoodiae",-108.593235,39.006642,2019,5,13,"US","HUMAN_OBSERVATION","Lomatium eastwoodiae"
"3018087340","Lomatium eastwoodiae",-108.464805,38.868087,2019,5,18,"US","HUMAN_OBSERVATION","Lomatium eastwoodiae"
"3798126104","Lomatium eastwoodiae",-108.26,39.17,2013,5,17,"US","PRESERVED_SPECIMEN","Lomatium eastwoodiae"
"4166230312","Lomatium eastwoodiae",-107.8147,38.7071,2012,5,21,"US","PRESERVED_SPECIMEN","Lomatium eastwoodiae"
"4166230313","Lomatium eastwoodiae",-107.8147,38.7071,2012,5,21,"US","PRESERVED_SPECIMEN","Lomatium eastwoodiae"
"4069037126","Lomatium eastwoodiae",-108.7564,39.064991,2011,5,12,"US","PRESERVED_SPECIMEN","Lomatium eastwoodiae"
"4166230316","Lomatium eastwoodiae",-107.8652,38.7275,2011,5,16,"US","PRESERVED_SPECIMEN","Lomatium eastwoodiae"
"4068894573","Lomatium eastwoodiae",-108.7564,39.064991,2011,5,12,"US","PRESERVED_SPECIMEN","Lomatium eastwoodiae"
"4069841447","Lomatium eastwoodiae",-108.732086,39.110622,2011,5,11,"US","PRESERVED_SPECIMEN","Lomatium eastwoodiae"
"4069757549","Lomatium eastwoodiae",-108.7564,39.064991,2011,5,12,"US","PRESERVED_SPECIMEN","Lomatium eastwoodiae"
"4069045502","Lomatium eastwoodiae",-108.732086,39.110622,2011,5,11,"US","PRESERVED_SPECIMEN","Lomatium eastwoodiae"
"3798115252","Lomatium eastwoodiae",-108.14,39.34,2010,1,5,"US","PRESERVED_SPECIMEN","Lomatium eastwoodiae"
"2573342381","Lomatium eastwoodiae",-107.863,38.7235,2010,4,10,"US","PRESERVED_SPECIMEN","Lomatium eastwoodiae"
"4166230368","Lomatium eastwoodiae",-108.3087,38.606,2010,5,9,"US","PRESERVED_SPECIMEN","Lomatium eastwoodiae"
"4166230315","Lomatium eastwoodiae",-108.3066,39.0667,2010,5,2,"US","PRESERVED_SPECIMEN","Lomatium eastwoodiae"
"2573500826","Lomatium eastwoodiae",-108.1539,39.2972,2010,5,3,"US","PRESERVED_SPECIMEN","Lomatium eastwoodiae"
"3798115255","Lomatium eastwoodiae",-108.05,39.41,2010,9,5,"US","PRESERVED_SPECIMEN","Lomatium eastwoodiae"
"2242362818","Lomatium eastwoodiae",-108.637417,39.046959,1994,3,26,"US","PRESERVED_SPECIMEN","Lomatium eastwoodiae"
"2242386957","Lomatium eastwoodiae",-108.634236,39.047065,1993,4,27,"US","PRESERVED_SPECIMEN","Lomatium eastwoodiae"
"2573337953","Lomatium eastwoodiae",-108.175467,39.239654,1991,5,30,"US","PRESERVED_SPECIMEN","Lomatium eastwoodiae"
"3799479568","Lomatium eastwoodiae",-108.175467,39.239654,1991,5,30,"US","PRESERVED_SPECIMEN","Lomatium eastwoodiae"
"2573338827","Lomatium eastwoodiae",-108.259645,38.599983,1988,5,13,"US","PRESERVED_SPECIMEN","Lomatium eastwoodiae"
"2573338578","Lomatium eastwoodiae",-108.595219,38.969184,1988,5,16,"US","PRESERVED_SPECIMEN","Lomatium eastwoodiae"
"2573338466","Lomatium eastwoodiae",-108.436993,38.806179,1988,5,15,"US","PRESERVED_SPECIMEN","Lomatium eastwoodiae"
"2573338359","Lomatium eastwoodiae",-108.43346,38.841708,1988,5,14,"US","PRESERVED_SPECIMEN","Lomatium eastwoodiae"
"2573338884","Lomatium eastwoodiae",-108.474537,38.910538,1988,5,15,"US","PRESERVED_SPECIMEN","Lomatium eastwoodiae"
"2573339785","Lomatium eastwoodiae",-108.274132,38.586411,1988,5,13,"US","PRESERVED_SPECIMEN","Lomatium eastwoodiae"
"2573340060","Lomatium eastwoodiae",-108.409447,38.878631,1988,5,14,"US","PRESERVED_SPECIMEN","Lomatium eastwoodiae"
"2573338241","Lomatium eastwoodiae",-108.592778,39.005794,1988,5,16,"US","PRESERVED_SPECIMEN","Lomatium eastwoodiae"
"2573337265","Lomatium eastwoodiae",-108.561246,38.871064,1988,5,15,"US","PRESERVED_SPECIMEN","Lomatium eastwoodiae"
"2573341029","Lomatium eastwoodiae",-108.380391,38.766433,1988,5,22,"US","PRESERVED_SPECIMEN","Lomatium eastwoodiae"
"2573339514","Lomatium eastwoodiae",-108.409447,38.878631,1988,5,21,"US","PRESERVED_SPECIMEN","Lomatium eastwoodiae"
"4011285540","Lomatium eastwoodiae",-108.612021,38.993789,1986,4,19,"US","PRESERVED_SPECIMEN","Lomatium eastwoodiae"
"3798126313","Lomatium eastwoodiae",-108.53,39.31,1986,5,20,"US","PRESERVED_SPECIMEN","Lomatium eastwoodiae"
"3783621280","Lomatium eastwoodiae",-108.508714,39.310379,1986,5,20,"US","PRESERVED_SPECIMEN","Lomatium eastwoodiae"
"3799671351","Lomatium eastwoodiae",-108.787719,39.077243,1984,5,25,"US","PRESERVED_SPECIMEN","Lomatium eastwoodiae"
"3798126350","Lomatium eastwoodiae",-108.76,39.06,1983,5,24,"US","PRESERVED_SPECIMEN","Lomatium eastwoodiae"
"3798126321","Lomatium eastwoodiae",-108.25,38.93,1983,6,15,"US","PRESERVED_SPECIMEN","Lomatium eastwoodiae"
"2242377520","Lomatium eastwoodiae",-108.990051,39.068294,1982,4,3,"US","PRESERVED_SPECIMEN","Lomatium eastwoodiae"
"2573339457","Lomatium eastwoodiae",-108.644123,39.02061,1982,5,10,"US","PRESERVED_SPECIMEN","Lomatium eastwoodiae"
"2573339049","Lomatium eastwoodiae",-108.947784,39.214357,1982,5,7,"US","PRESERVED_SPECIMEN","Lomatium eastwoodiae"
"2422275890","Lomatium eastwoodiae",-108.62417,39.04444,1982,5,10,"US","PRESERVED_SPECIMEN","Lomatium eastwoodiae"
"1846526707","Lomatium eastwoodiae",-108.686111,39.0425,1982,5,10,"US","PRESERVED_SPECIMEN","Lomatium eastwoodiae"
"2573337327","Lomatium eastwoodiae",-108.25637,39.006884,1981,5,24,"US","PRESERVED_SPECIMEN","Lomatium eastwoodiae"
"3783622458","Lomatium eastwoodiae",-108.893374,38.499987,1978,5,20,"US","PRESERVED_SPECIMEN","Lomatium eastwoodiae"
"3798126323","Lomatium eastwoodiae",-108.74,38.93,1976,5,24,"US","PRESERVED_SPECIMEN","Lomatium eastwoodiae"
"2573338378","Lomatium eastwoodiae",-108.21112,39.3332,1965,5,15,"US","PRESERVED_SPECIMEN","Lomatium eastwoodiae"
"2430245474","Lomatium eastwoodiae",-108.762412,39.064345,1964,7,23,"US","PRESERVED_SPECIMEN","Lomatium eastwoodiae"
"2430398072","Lomatium eastwoodiae",-108.762412,39.064345,1964,7,24,"US","PRESERVED_SPECIMEN","Lomatium eastwoodiae"
"3798126351","Lomatium eastwoodiae",-108.57,39.05,1898,6,28,"US","PRESERVED_SPECIMEN","Lomatium eastwoodiae"
"2430128160","Lomatium eastwoodiae",-108.563341,39.088614,1895,5,22,"US","PRESERVED_SPECIMEN","Lomatium eastwoodiae"
"1424783446","Lomatium eastwoodiae",-108.550649,39.06387,1892,5,NA,"US","PRESERVED_SPECIMEN","Lomatium eastwoodiae"
"2573340208","Lomatium eastwoodiae",-108.553,39.07577,1891,5,NA,"US","PRESERVED_SPECIMEN","Lomatium eastwoodiae"
"4073865915","Lomatium eastwoodiae",-108.7564,39.064991,NA,NA,NA,"US","PRESERVED_SPECIMEN","Lomatium eastwoodiae"
