"gbifID","species","longitude","latitude","year","month","day","countryCode","accepted_name"
"3759586894","Lomatium latilobum",-109.463035,38.74636,2022,3,16,"US","Lomatium latilobum"
"3760164878","Lomatium latilobum",-109.738952,38.639469,2022,3,31,"US","Lomatium latilobum"
"3784952492","Lomatium latilobum",-109.48115,38.715379,2022,5,12,"US","Lomatium latilobum"
"3915652746","Lomatium latilobum",-109.408673,38.694733,2022,9,23,"US","Lomatium latilobum"
"3355075471","Lomatium latilobum",-110.018888,37.254749,2021,3,21,"US","Lomatium latilobum"
"3090577959","Lomatium latilobum",-109.675089,38.732233,2021,4,2,"US","Lomatium latilobum"
"3090764076","Lomatium latilobum",-109.592909,38.746689,2021,4,9,"US","Lomatium latilobum"
"3090920860","Lomatium latilobum",-109.547595,38.653256,2021,4,12,"US","Lomatium latilobum"
"3097371577","Lomatium latilobum",-109.402729,38.764195,2021,4,21,"US","Lomatium latilobum"
"3384291666","Lomatium latilobum",-109.208328,38.444201,2021,4,23,"US","Lomatium latilobum"
"3301793839","Lomatium latilobum",-109.6696,38.753873,2021,6,10,"US","Lomatium latilobum"
"3302031384","Lomatium latilobum",-109.796728,38.742951,2021,6,7,"US","Lomatium latilobum"
"3337875793","Lomatium latilobum",-109.448056,38.601935,2021,7,20,"US","Lomatium latilobum"
"3090837750","Lomatium latilobum",-109.489386,38.713375,2020,6,6,"US","Lomatium latilobum"
"3783626914","Lomatium latilobum",-108.983117,39.168183,2020,6,17,"US","Lomatium latilobum"
"3355046435","Lomatium latilobum",-109.495154,38.678334,2020,10,1,"US","Lomatium latilobum"
"3355012462","Lomatium latilobum",-109.430106,38.499906,2020,11,22,"US","Lomatium latilobum"
"2350305432","Lomatium latilobum",-109.682134,38.85209,2019,4,15,"US","Lomatium latilobum"
"2596326534","Lomatium latilobum",-109.400186,38.769414,2019,4,20,"US","Lomatium latilobum"
"2350316382","Lomatium latilobum",-109.528834,38.620473,2019,7,13,"US","Lomatium latilobum"
"2447846177","Lomatium latilobum",-109.753844,38.643698,2019,10,15,"US","Lomatium latilobum"
"1839267666","Lomatium latilobum",-109.401235,38.708791,2018,4,25,"US","Lomatium latilobum"
"2366007765","Lomatium latilobum",-109.504542,38.616064,2018,4,9,"US","Lomatium latilobum"
"1901034008","Lomatium latilobum",-109.737648,38.648945,2018,5,19,"US","Lomatium latilobum"
"2366025690","Lomatium latilobum",-109.644955,38.607873,2016,3,22,"US","Lomatium latilobum"
"1272113114","Lomatium latilobum",-109.565333,38.702999,2016,6,5,"US","Lomatium latilobum"
"1272113361","Lomatium latilobum",-109.46552,38.705984,2016,6,5,"US","Lomatium latilobum"
"1272115867","Lomatium latilobum",-109.411813,38.747944,2016,6,5,"US","Lomatium latilobum"
"3783624782","Lomatium latilobum",-108.79102,39.1186,2016,6,17,"US","Lomatium latilobum"
"3018129674","Lomatium latilobum",-109.560277,38.727255,2015,3,19,"US","Lomatium latilobum"
"2366160740","Lomatium latilobum",-109.439305,38.772362,2015,4,1,"US","Lomatium latilobum"
"3986040256","Lomatium latilobum",-109.681117,38.694997,2010,9,25,"US","Lomatium latilobum"
"3343823637","Lomatium latilobum",-109.535147,38.619517,2009,3,19,"US","Lomatium latilobum"
"3343845649","Lomatium latilobum",-109.607884,38.646579,2009,3,18,"US","Lomatium latilobum"
"3124818408","Lomatium latilobum",-109.452786,38.716236,2009,5,19,"US","Lomatium latilobum"
"3798063715","Lomatium latilobum",-108.38,39.01,2009,8,6,"US","Lomatium latilobum"
"3387749968","Lomatium latilobum",-109.588455,38.769478,2008,4,16,"US","Lomatium latilobum"
"1929351443","Lomatium latilobum",-109.5864,38.5503,2001,4,20,"US","Lomatium latilobum"
"2270697130","Lomatium latilobum",-109.586389,38.550833,2001,4,20,"US","Lomatium latilobum"
"2573425016","Lomatium latilobum",-109.450721,38.454149,1995,4,13,"US","Lomatium latilobum"
"1928504437","Lomatium latilobum",-109.4793,38.5725,1986,4,17,"US","Lomatium latilobum"
"1929600164","Lomatium latilobum",-109.4976,38.5869,1986,4,17,"US","Lomatium latilobum"
"1930209249","Lomatium latilobum",-109.3697,38.5869,1984,5,22,"US","Lomatium latilobum"
"1846526633","Lomatium latilobum",-108.86167,39.165,1983,5,26,"US","Lomatium latilobum"
"2422275505","Lomatium latilobum",-108.81028,39.09222,1983,5,26,"US","Lomatium latilobum"
"3798126226","Lomatium latilobum",-108.63,39.02,1983,5,13,"US","Lomatium latilobum"
"1930427755","Lomatium latilobum",-109.3697,38.5725,1982,5,20,"US","Lomatium latilobum"
"1846526599","Lomatium latilobum",-108.86167,39.165,1980,8,30,"US","Lomatium latilobum"
"1931105414","Lomatium latilobum",-110.011708,37.580992,1966,4,28,"US","Lomatium latilobum"
"2430109586","Lomatium latilobum",-109.616106,38.798815,1955,6,10,"US","Lomatium latilobum"
"2430486398","Lomatium latilobum",-109.616106,38.798815,1955,6,11,"US","Lomatium latilobum"
"2573424606","Lomatium latilobum",-109.621457,38.799185,1955,6,10,"US","Lomatium latilobum"
"2573424664","Lomatium latilobum",-109.621457,38.799185,1955,6,11,"US","Lomatium latilobum"
"1929626706","Lomatium latilobum",-108.672873,39.067859,1943,5,25,"US","Lomatium latilobum"
"2430521715","Lomatium latilobum",-109.588155,38.592589,1933,5,8,"US","Lomatium latilobum"
"2430123784","Lomatium latilobum",-109.54984,38.573316,1914,6,4,"US","Lomatium latilobum"
"2430085045","Lomatium latilobum",-109.242167,38.473244,1898,5,NA,"US","Lomatium latilobum"
