"gbifID","species","longitude","latitude","year","month","day","countryCode","basisOfRecord","accepted_name"
"4029198850","Lomatium lucidum",-116.502671,31.856915,2023,1,30,"MX","HUMAN_OBSERVATION","Lomatium lucidum"
"4034719128","Lomatium lucidum",-116.59825,31.956405,2023,2,9,"MX","HUMAN_OBSERVATION","Lomatium lucidum"
"4055057599","Lomatium lucidum",-115.610122,30.997212,2023,2,28,"MX","HUMAN_OBSERVATION","Lomatium lucidum"
"4080632747","Lomatium lucidum",-116.653655,32.321888,2023,4,1,"MX","HUMAN_OBSERVATION","Lomatium lucidum"
"4091396111","Lomatium lucidum",-116.820013,32.50843,2023,4,14,"MX","HUMAN_OBSERVATION","Lomatium lucidum"
"4091556159","Lomatium lucidum",-116.818565,32.514122,2023,4,14,"MX","HUMAN_OBSERVATION","Lomatium lucidum"
"4121031513","Lomatium lucidum",-116.039113,31.999257,2023,4,1,"MX","HUMAN_OBSERVATION","Lomatium lucidum"
"3457203384","Lomatium lucidum",-116.513604,31.914801,2022,1,14,"MX","HUMAN_OBSERVATION","Lomatium lucidum"
"3773392982","Lomatium lucidum",-116.094528,31.909072,2022,4,30,"MX","HUMAN_OBSERVATION","Lomatium lucidum"
"3058986449","Lomatium lucidum",-116.105186,31.921572,2021,2,27,"MX","HUMAN_OBSERVATION","Lomatium lucidum"
"3070688358","Lomatium lucidum",-116.714501,32.4294,2021,3,24,"MX","HUMAN_OBSERVATION","Lomatium lucidum"
"3109307123","Lomatium lucidum",-115.615228,31.202656,2021,4,24,"MX","HUMAN_OBSERVATION","Lomatium lucidum"
"3302319756","Lomatium lucidum",-116.506133,32.080036,2021,5,25,"MX","HUMAN_OBSERVATION","Lomatium lucidum"
"2574230679","Lomatium lucidum",-116.571524,31.836625,2020,2,2,"MX","HUMAN_OBSERVATION","Lomatium lucidum"
"2576442778","Lomatium lucidum",-116.64545,31.959113,2020,2,27,"MX","HUMAN_OBSERVATION","Lomatium lucidum"
"2626465178","Lomatium lucidum",-116.173637,32.161167,2020,5,17,"MX","HUMAN_OBSERVATION","Lomatium lucidum"
"2634276775","Lomatium lucidum",-115.937764,32.221351,2020,5,16,"MX","HUMAN_OBSERVATION","Lomatium lucidum"
"3070313596","Lomatium lucidum",-116.656532,31.596142,2019,4,7,"MX","HUMAN_OBSERVATION","Lomatium lucidum"
"2242779231","Lomatium lucidum",-116.848053,32.520279,2019,4,28,"MX","HUMAN_OBSERVATION","Lomatium lucidum"
"3125241444","Lomatium lucidum",-115.38611,30.77756,2016,6,11,"MX","PRESERVED_SPECIMEN","Lomatium lucidum"
"3125240433","Lomatium lucidum",-115.75455,31.22146,2015,4,27,"MX","PRESERVED_SPECIMEN","Lomatium lucidum"
"2629855279","Lomatium lucidum",-115.75455,31.22146,2015,4,27,"MX","PRESERVED_SPECIMEN","Lomatium lucidum"
"2430350464","Lomatium lucidum",-116.666667,32.316667,1986,5,10,"MX","PRESERVED_SPECIMEN","Lomatium lucidum"
"2629881516","Lomatium lucidum",-116.66667,32.31667,1986,5,10,"MX","PRESERVED_SPECIMEN","Lomatium lucidum"
"1894064694","Lomatium lucidum",-116.666444,32.316583,1986,5,10,"MX","PRESERVED_SPECIMEN","Lomatium lucidum"
"2270476668","Lomatium lucidum",-115.63548,31.10998,1981,5,21,"MX","PRESERVED_SPECIMEN","Lomatium lucidum"
"2629937219","Lomatium lucidum",-115.63548,31.10998,1981,5,21,"MX","PRESERVED_SPECIMEN","Lomatium lucidum"
"3125233434","Lomatium lucidum",-116.00667,32.2,1979,5,28,"MX","PRESERVED_SPECIMEN","Lomatium lucidum"
"2629850197","Lomatium lucidum",-116.006667,32.2,1979,5,28,"MX","PRESERVED_SPECIMEN","Lomatium lucidum"
"3125241442","Lomatium lucidum",-116.6,32.48333,1979,6,23,"MX","PRESERVED_SPECIMEN","Lomatium lucidum"
"2629849217","Lomatium lucidum",-116.6,32.483333,1979,6,23,"MX","PRESERVED_SPECIMEN","Lomatium lucidum"
"3125100401","Lomatium lucidum",-115.63333,31.18333,1976,5,3,"MX","PRESERVED_SPECIMEN","Lomatium lucidum"
"1893391003","Lomatium lucidum",-115.641667,31.191667,1976,5,3,"MX","PRESERVED_SPECIMEN","Lomatium lucidum"
"3323483997","Lomatium lucidum",-115.633333,31.183333,1976,5,3,"MX","PRESERVED_SPECIMEN","Lomatium lucidum"
"2629904703","Lomatium lucidum",-115.633333,31.183333,1976,5,3,"MX","PRESERVED_SPECIMEN","Lomatium lucidum"
"2629848644","Lomatium lucidum",-115.466667,30.791667,1975,6,1,"MX","PRESERVED_SPECIMEN","Lomatium lucidum"
"3125107424","Lomatium lucidum",-116.93333,32.28333,1975,6,8,"MX","PRESERVED_SPECIMEN","Lomatium lucidum"
"3125103422","Lomatium lucidum",-115.46667,30.79167,1975,6,1,"MX","PRESERVED_SPECIMEN","Lomatium lucidum"
"2629902604","Lomatium lucidum",-116.933333,32.283333,1975,6,8,"MX","PRESERVED_SPECIMEN","Lomatium lucidum"
"3323487739","Lomatium lucidum",-115.466667,30.791667,1975,6,1,"MX","PRESERVED_SPECIMEN","Lomatium lucidum"
"3125241441","Lomatium lucidum",-116.82358,32.5252,1970,5,9,"MX","PRESERVED_SPECIMEN","Lomatium lucidum"
"3125103421","Lomatium lucidum",-116.50002,32.04998,1970,5,24,"MX","PRESERVED_SPECIMEN","Lomatium lucidum"
"2629906396","Lomatium lucidum",-116.82358,32.5252,1970,5,9,"MX","PRESERVED_SPECIMEN","Lomatium lucidum"
"2629907459","Lomatium lucidum",-116.50002,32.04998,1970,5,24,"MX","PRESERVED_SPECIMEN","Lomatium lucidum"
"3125232444","Lomatium lucidum",-116.52003,32.07321,1969,6,15,"MX","PRESERVED_SPECIMEN","Lomatium lucidum"
"2629904346","Lomatium lucidum",-116.52003,32.07321,1969,6,15,"MX","PRESERVED_SPECIMEN","Lomatium lucidum"
"3125099400","Lomatium lucidum",-115.7,31.11667,1963,5,8,"MX","PRESERVED_SPECIMEN","Lomatium lucidum"
"2629840003","Lomatium lucidum",-115.7,31.116667,1963,5,8,"MX","PRESERVED_SPECIMEN","Lomatium lucidum"
"3323491816","Lomatium lucidum",-115.7,31.116667,1963,5,8,"MX","PRESERVED_SPECIMEN","Lomatium lucidum"
"2629950407","Lomatium lucidum",-115.733333,31.333333,1957,6,22,"MX","PRESERVED_SPECIMEN","Lomatium lucidum"
"1846526515","Lomatium lucidum",-115.733333,31.333333,1957,6,22,"MX","PRESERVED_SPECIMEN","Lomatium lucidum"
"3125100398","Lomatium lucidum",-115.76328,31.39174,1936,3,23,"MX","PRESERVED_SPECIMEN","Lomatium lucidum"
"2629832808","Lomatium lucidum",-115.76328,31.39174,1936,3,23,"MX","PRESERVED_SPECIMEN","Lomatium lucidum"
"3125100400","Lomatium lucidum",-115.58333,31.08333,NA,NA,NA,"MX","PRESERVED_SPECIMEN","Lomatium lucidum"
"3323491922","Lomatium lucidum",0,0,NA,NA,NA,"MX","PRESERVED_SPECIMEN","Lomatium lucidum"
"2629902596","Lomatium lucidum",-115.583333,31.083333,NA,NA,NA,"MX","PRESERVED_SPECIMEN","Lomatium lucidum"
"4015241256","Lomatium lucidum",-117.256378,32.941162,2023,1,6,"US","HUMAN_OBSERVATION","Lomatium lucidum"
"4015246442","Lomatium lucidum",-117.251853,32.919175,2023,1,9,"US","HUMAN_OBSERVATION","Lomatium lucidum"
"4018157034","Lomatium lucidum",-117.250938,32.918592,2023,1,12,"US","HUMAN_OBSERVATION","Lomatium lucidum"
"4018277035","Lomatium lucidum",-117.256012,32.92332,2023,1,12,"US","HUMAN_OBSERVATION","Lomatium lucidum"
"4018194047","Lomatium lucidum",-117.256263,32.923417,2023,1,12,"US","HUMAN_OBSERVATION","Lomatium lucidum"
"4018316021","Lomatium lucidum",-117.354486,33.201222,2023,1,12,"US","HUMAN_OBSERVATION","Lomatium lucidum"
"4018300021","Lomatium lucidum",-117.256255,32.923425,2023,1,12,"US","HUMAN_OBSERVATION","Lomatium lucidum"
"4018159059","Lomatium lucidum",-117.256005,32.923295,2023,1,12,"US","HUMAN_OBSERVATION","Lomatium lucidum"
"4018545261","Lomatium lucidum",-117.251945,32.91935,2023,1,15,"US","HUMAN_OBSERVATION","Lomatium lucidum"
"4018456360","Lomatium lucidum",-117.255697,32.921631,2023,1,15,"US","HUMAN_OBSERVATION","Lomatium lucidum"
"4028834039","Lomatium lucidum",-117.256086,32.922347,2023,1,22,"US","HUMAN_OBSERVATION","Lomatium lucidum"
"4028806912","Lomatium lucidum",-119.029831,34.086178,2023,1,25,"US","HUMAN_OBSERVATION","Lomatium lucidum"
"4054803532","Lomatium lucidum",-117.633717,33.693917,2023,1,29,"US","HUMAN_OBSERVATION","Lomatium lucidum"
"4029316567","Lomatium lucidum",-117.241395,32.669758,2023,1,31,"US","HUMAN_OBSERVATION","Lomatium lucidum"
"4022959350","Lomatium lucidum",-117.63372,33.69392,2023,1,29,"US","PRESERVED_SPECIMEN","Lomatium lucidum"
"4029107900","Lomatium lucidum",-119.030272,34.085972,2023,2,1,"US","HUMAN_OBSERVATION","Lomatium lucidum"
"4062756556","Lomatium lucidum",-117.46627,33.568456,2023,2,4,"US","HUMAN_OBSERVATION","Lomatium lucidum"
"4029165598","Lomatium lucidum",-117.740123,33.504868,2023,2,6,"US","HUMAN_OBSERVATION","Lomatium lucidum"
"4034837683","Lomatium lucidum",-117.256589,32.923548,2023,2,6,"US","HUMAN_OBSERVATION","Lomatium lucidum"
"4034808809","Lomatium lucidum",-116.731342,32.858262,2023,2,7,"US","HUMAN_OBSERVATION","Lomatium lucidum"
"4034867945","Lomatium lucidum",-117.255976,32.923349,2023,2,8,"US","HUMAN_OBSERVATION","Lomatium lucidum"
"4034597174","Lomatium lucidum",-117.256163,32.923395,2023,2,9,"US","HUMAN_OBSERVATION","Lomatium lucidum"
"4046384639","Lomatium lucidum",-116.922675,32.713937,2023,2,12,"US","HUMAN_OBSERVATION","Lomatium lucidum"
"4034984925","Lomatium lucidum",-117.255913,32.923338,2023,2,8,"US","HUMAN_OBSERVATION","Lomatium lucidum"
"4039412208","Lomatium lucidum",-117.256402,32.941401,2023,2,17,"US","HUMAN_OBSERVATION","Lomatium lucidum"
"4039424303","Lomatium lucidum",-117.555053,33.659239,2023,2,19,"US","HUMAN_OBSERVATION","Lomatium lucidum"
"4046644104","Lomatium lucidum",-117.254253,32.957245,2023,2,19,"US","HUMAN_OBSERVATION","Lomatium lucidum"
"4055056742","Lomatium lucidum",-117.611283,33.710997,2023,2,26,"US","HUMAN_OBSERVATION","Lomatium lucidum"
"4096790603","Lomatium lucidum",-116.785033,32.612336,2023,2,13,"US","HUMAN_OBSERVATION","Lomatium lucidum"
"4054951996","Lomatium lucidum",-117.510286,33.601156,2023,3,4,"US","HUMAN_OBSERVATION","Lomatium lucidum"
"4054849155","Lomatium lucidum",-117.556603,33.663126,2023,3,5,"US","HUMAN_OBSERVATION","Lomatium lucidum"
"4054905235","Lomatium lucidum",-117.256244,32.923369,2023,3,5,"US","HUMAN_OBSERVATION","Lomatium lucidum"
"4062603765","Lomatium lucidum",-116.922745,32.714005,2023,3,8,"US","HUMAN_OBSERVATION","Lomatium lucidum"
"4067533510","Lomatium lucidum",-117.252092,32.91943,2023,3,20,"US","HUMAN_OBSERVATION","Lomatium lucidum"
"4075869856","Lomatium lucidum",-116.922872,32.714053,2023,3,27,"US","HUMAN_OBSERVATION","Lomatium lucidum"
"4075857941","Lomatium lucidum",-117.251363,32.915697,2023,3,28,"US","HUMAN_OBSERVATION","Lomatium lucidum"
"4080466591","Lomatium lucidum",-117.629848,33.690415,2023,3,6,"US","HUMAN_OBSERVATION","Lomatium lucidum"
"4076373079","Lomatium lucidum",-117.634192,33.693162,2023,3,6,"US","HUMAN_OBSERVATION","Lomatium lucidum"
"4080940568","Lomatium lucidum",-116.922872,32.714053,2023,3,27,"US","HUMAN_OBSERVATION","Lomatium lucidum"
"4096898478","Lomatium lucidum",-117.254465,32.944402,2023,3,25,"US","HUMAN_OBSERVATION","Lomatium lucidum"
"4145361755","Lomatium lucidum",-119.059219,34.091828,2023,3,18,"US","HUMAN_OBSERVATION","Lomatium lucidum"
"4080597635","Lomatium lucidum",-117.555564,33.647383,2023,4,2,"US","HUMAN_OBSERVATION","Lomatium lucidum"
"4080926042","Lomatium lucidum",-117.729951,33.522626,2023,4,7,"US","HUMAN_OBSERVATION","Lomatium lucidum"
"4080494165","Lomatium lucidum",-117.74543,33.505859,2023,4,8,"US","HUMAN_OBSERVATION","Lomatium lucidum"
"4091711917","Lomatium lucidum",-117.249692,32.942725,2023,4,13,"US","HUMAN_OBSERVATION","Lomatium lucidum"
"4091594296","Lomatium lucidum",-116.860362,32.751483,2023,4,15,"US","HUMAN_OBSERVATION","Lomatium lucidum"
"4091662477","Lomatium lucidum",-117.630693,33.689972,2023,4,16,"US","HUMAN_OBSERVATION","Lomatium lucidum"
"4091789655","Lomatium lucidum",-117.633719,33.693961,2023,4,16,"US","HUMAN_OBSERVATION","Lomatium lucidum"
"4112119492","Lomatium lucidum",-117.619217,33.839912,2023,4,21,"US","HUMAN_OBSERVATION","Lomatium lucidum"
"4096702500","Lomatium lucidum",-117.251599,32.941474,2023,4,22,"US","HUMAN_OBSERVATION","Lomatium lucidum"
"4111706489","Lomatium lucidum",-117.619142,33.839887,2023,4,21,"US","HUMAN_OBSERVATION","Lomatium lucidum"
"4096699815","Lomatium lucidum",-117.732405,33.502192,2023,4,24,"US","HUMAN_OBSERVATION","Lomatium lucidum"
"4102896764","Lomatium lucidum",-117.348441,34.231307,2023,4,29,"US","HUMAN_OBSERVATION","Lomatium lucidum"
"4102761994","Lomatium lucidum",-117.256246,32.92344,2023,4,30,"US","HUMAN_OBSERVATION","Lomatium lucidum"
"4102759072","Lomatium lucidum",-118.512683,34.060229,2023,4,28,"US","HUMAN_OBSERVATION","Lomatium lucidum"
"4103454564","Lomatium lucidum",-116.953622,32.984962,2023,4,29,"US","HUMAN_OBSERVATION","Lomatium lucidum"
"4111729866","Lomatium lucidum",-116.666428,32.747855,2023,4,30,"US","HUMAN_OBSERVATION","Lomatium lucidum"
"4126309329","Lomatium lucidum",-117.37,33.5,2023,4,21,"US","PRESERVED_SPECIMEN","Lomatium lucidum"
"4103038412","Lomatium lucidum",-116.5093,32.868592,2023,5,1,"US","HUMAN_OBSERVATION","Lomatium lucidum"
"4103041468","Lomatium lucidum",-117.254967,32.923534,2023,5,1,"US","HUMAN_OBSERVATION","Lomatium lucidum"
"4103371718","Lomatium lucidum",-117.757238,33.525728,2023,5,2,"US","HUMAN_OBSERVATION","Lomatium lucidum"
"4111890639","Lomatium lucidum",-117.55397,33.659332,2023,5,6,"US","HUMAN_OBSERVATION","Lomatium lucidum"
"4116456139","Lomatium lucidum",-117.554987,33.659292,2023,5,14,"US","HUMAN_OBSERVATION","Lomatium lucidum"
"4121055609","Lomatium lucidum",-117.643203,33.699713,2023,5,18,"US","HUMAN_OBSERVATION","Lomatium lucidum"
"4121331224","Lomatium lucidum",-117.608076,33.709602,2023,5,20,"US","HUMAN_OBSERVATION","Lomatium lucidum"
"4121352055","Lomatium lucidum",-117.60659,33.710139,2023,5,20,"US","HUMAN_OBSERVATION","Lomatium lucidum"
"4127255203","Lomatium lucidum",-117.248004,32.940356,2023,5,17,"US","HUMAN_OBSERVATION","Lomatium lucidum"
"4127182497","Lomatium lucidum",-117.247895,32.941053,2023,5,29,"US","HUMAN_OBSERVATION","Lomatium lucidum"
"4129927822","Lomatium lucidum",-117.621739,33.819256,2023,5,29,"US","HUMAN_OBSERVATION","Lomatium lucidum"
"4127115065","Lomatium lucidum",-117.621893,33.81901,2023,5,29,"US","HUMAN_OBSERVATION","Lomatium lucidum"
"4129930580","Lomatium lucidum",-117.622182,33.818805,2023,5,29,"US","HUMAN_OBSERVATION","Lomatium lucidum"
"4127290887","Lomatium lucidum",-117.624464,33.815279,2023,5,29,"US","HUMAN_OBSERVATION","Lomatium lucidum"
"4129785921","Lomatium lucidum",-117.508848,33.600906,2023,5,27,"US","HUMAN_OBSERVATION","Lomatium lucidum"
"4126312471","Lomatium lucidum",-117.64321,33.69971,2023,5,18,"US","PRESERVED_SPECIMEN","Lomatium lucidum"
"4130103676","Lomatium lucidum",-117.216014,32.934436,2023,6,3,"US","HUMAN_OBSERVATION","Lomatium lucidum"
"4130225784","Lomatium lucidum",-117.234499,32.996004,2023,6,5,"US","HUMAN_OBSERVATION","Lomatium lucidum"
"4130022137","Lomatium lucidum",-117.4505,33.659703,2023,6,4,"US","HUMAN_OBSERVATION","Lomatium lucidum"
"4133797731","Lomatium lucidum",-116.716764,32.719836,2023,6,8,"US","HUMAN_OBSERVATION","Lomatium lucidum"
"4134119082","Lomatium lucidum",-117.249442,32.942905,2023,6,4,"US","HUMAN_OBSERVATION","Lomatium lucidum"
"4134226533","Lomatium lucidum",-116.789461,32.613128,2023,6,11,"US","HUMAN_OBSERVATION","Lomatium lucidum"
"4133902492","Lomatium lucidum",-116.788812,32.612592,2023,6,11,"US","HUMAN_OBSERVATION","Lomatium lucidum"
"4134019236","Lomatium lucidum",-117.251883,32.919292,2023,6,10,"US","HUMAN_OBSERVATION","Lomatium lucidum"
"4400059693","Lomatium lucidum",-117.612681,33.838028,2023,6,11,"US","HUMAN_OBSERVATION","Lomatium lucidum"
"4153984405","Lomatium lucidum",-117.624512,33.838577,2023,6,11,"US","HUMAN_OBSERVATION","Lomatium lucidum"
"4153894427","Lomatium lucidum",-117.625411,33.837594,2023,6,11,"US","HUMAN_OBSERVATION","Lomatium lucidum"
"4138341786","Lomatium lucidum",-119.02803,34.088964,2023,6,21,"US","HUMAN_OBSERVATION","Lomatium lucidum"
"4145450988","Lomatium lucidum",-117.256097,32.923347,2023,6,17,"US","HUMAN_OBSERVATION","Lomatium lucidum"
"4145561708","Lomatium lucidum",-117.516258,33.67818,2023,6,11,"US","HUMAN_OBSERVATION","Lomatium lucidum"
"4145238526","Lomatium lucidum",-117.247427,32.915573,2023,6,30,"US","HUMAN_OBSERVATION","Lomatium lucidum"
"4145518270","Lomatium lucidum",-117.515097,33.691875,2023,6,11,"US","HUMAN_OBSERVATION","Lomatium lucidum"
"4153681404","Lomatium lucidum",-116.566028,32.948164,2023,7,10,"US","HUMAN_OBSERVATION","Lomatium lucidum"
"4405266103","Lomatium lucidum",-117.256988,32.92412,2023,8,25,"US","HUMAN_OBSERVATION","Lomatium lucidum"
"3455672290","Lomatium lucidum",-117.256203,32.92338,2022,1,15,"US","HUMAN_OBSERVATION","Lomatium lucidum"
"3457190991","Lomatium lucidum",-117.255972,32.922606,2022,1,16,"US","HUMAN_OBSERVATION","Lomatium lucidum"
"3457205411","Lomatium lucidum",-117.240845,32.667795,2022,1,19,"US","HUMAN_OBSERVATION","Lomatium lucidum"
"3466143121","Lomatium lucidum",-117.64322,33.699725,2022,1,23,"US","HUMAN_OBSERVATION","Lomatium lucidum"
"3759560832","Lomatium lucidum",-117.721779,34.158871,2022,1,30,"US","HUMAN_OBSERVATION","Lomatium lucidum"
"3466439446","Lomatium lucidum",-117.733337,33.501897,2022,2,3,"US","HUMAN_OBSERVATION","Lomatium lucidum"
"3466170498","Lomatium lucidum",-119.024842,34.086186,2022,2,1,"US","HUMAN_OBSERVATION","Lomatium lucidum"
"3468895772","Lomatium lucidum",-117.256061,32.922367,2022,2,5,"US","HUMAN_OBSERVATION","Lomatium lucidum"
"3468992980","Lomatium lucidum",-116.792575,32.610439,2022,2,6,"US","HUMAN_OBSERVATION","Lomatium lucidum"
"3499396523","Lomatium lucidum",-118.520478,34.059136,2022,2,12,"US","HUMAN_OBSERVATION","Lomatium lucidum"
"3499486744","Lomatium lucidum",-117.252246,32.958173,2022,2,13,"US","HUMAN_OBSERVATION","Lomatium lucidum"
"3705742038","Lomatium lucidum",-116.952828,32.984733,2022,2,28,"US","HUMAN_OBSERVATION","Lomatium lucidum"
"3712550627","Lomatium lucidum",-117.241455,32.6693,2022,2,2,"US","HUMAN_OBSERVATION","Lomatium lucidum"
"3743223078","Lomatium lucidum",-117.249655,32.942688,2022,2,22,"US","HUMAN_OBSERVATION","Lomatium lucidum"
"3705609278","Lomatium lucidum",-117.589681,33.760888,2022,3,2,"US","HUMAN_OBSERVATION","Lomatium lucidum"
"3759841827","Lomatium lucidum",-116.736408,32.858494,2022,3,3,"US","HUMAN_OBSERVATION","Lomatium lucidum"
"3892292371","Lomatium lucidum",-117.255661,32.922737,2022,3,5,"US","HUMAN_OBSERVATION","Lomatium lucidum"
"3743117614","Lomatium lucidum",-117.238765,32.841387,2022,3,13,"US","HUMAN_OBSERVATION","Lomatium lucidum"
"3743340112","Lomatium lucidum",-117.256813,32.923813,2022,3,15,"US","HUMAN_OBSERVATION","Lomatium lucidum"
"3743031661","Lomatium lucidum",-117.256103,32.923363,2022,3,15,"US","HUMAN_OBSERVATION","Lomatium lucidum"
"3994059407","Lomatium lucidum",-117.256813,32.923813,2022,3,15,"US","HUMAN_OBSERVATION","Lomatium lucidum"
"3994100417","Lomatium lucidum",-117.250075,32.943047,2022,3,13,"US","HUMAN_OBSERVATION","Lomatium lucidum"
"3747338686","Lomatium lucidum",-119.030892,34.086025,2022,3,20,"US","HUMAN_OBSERVATION","Lomatium lucidum"
"3747075177","Lomatium lucidum",-117.614863,33.797287,2022,3,21,"US","HUMAN_OBSERVATION","Lomatium lucidum"
"3747191465","Lomatium lucidum",-117.615297,33.79662,2022,3,21,"US","HUMAN_OBSERVATION","Lomatium lucidum"
"3747113623","Lomatium lucidum",-117.548065,33.664864,2022,3,6,"US","HUMAN_OBSERVATION","Lomatium lucidum"
"3994319438","Lomatium lucidum",-117.254712,32.942187,2022,3,25,"US","HUMAN_OBSERVATION","Lomatium lucidum"
"3747037213","Lomatium lucidum",-117.256204,32.940903,2022,3,25,"US","HUMAN_OBSERVATION","Lomatium lucidum"
"3759529153","Lomatium lucidum",-116.666497,32.747658,2022,3,19,"US","HUMAN_OBSERVATION","Lomatium lucidum"
"3759599282","Lomatium lucidum",-116.537138,32.797805,2022,3,28,"US","HUMAN_OBSERVATION","Lomatium lucidum"
"3760152336","Lomatium lucidum",-117.254753,32.92335,2022,3,29,"US","HUMAN_OBSERVATION","Lomatium lucidum"
"3759287343","Lomatium lucidum",-117.254753,32.92335,2022,3,29,"US","HUMAN_OBSERVATION","Lomatium lucidum"
"3994143427","Lomatium lucidum",-117.255342,32.92357,2022,3,29,"US","HUMAN_OBSERVATION","Lomatium lucidum"
"3994333447","Lomatium lucidum",-117.255333,32.92357,2022,3,29,"US","HUMAN_OBSERVATION","Lomatium lucidum"
"3994201445","Lomatium lucidum",-117.255342,32.923547,2022,3,29,"US","HUMAN_OBSERVATION","Lomatium lucidum"
"3759509648","Lomatium lucidum",-117.256119,32.922146,2022,4,1,"US","HUMAN_OBSERVATION","Lomatium lucidum"
"3994040415","Lomatium lucidum",-117.256128,32.92338,2022,4,1,"US","HUMAN_OBSERVATION","Lomatium lucidum"
"3994348396","Lomatium lucidum",-117.256097,32.923375,2022,4,1,"US","HUMAN_OBSERVATION","Lomatium lucidum"
"4028794727","Lomatium lucidum",-118.520567,34.059392,2022,4,3,"US","HUMAN_OBSERVATION","Lomatium lucidum"
"3759923912","Lomatium lucidum",-117.560867,33.67433,2022,4,3,"US","HUMAN_OBSERVATION","Lomatium lucidum"
"3760263841","Lomatium lucidum",-118.002385,34.171682,2022,4,2,"US","HUMAN_OBSERVATION","Lomatium lucidum"
"3760293082","Lomatium lucidum",-116.846223,33.404707,2022,4,5,"US","HUMAN_OBSERVATION","Lomatium lucidum"
"3994194429","Lomatium lucidum",-117.256058,32.922487,2022,4,6,"US","HUMAN_OBSERVATION","Lomatium lucidum"
"3759924178","Lomatium lucidum",-117.256797,32.92382,2022,4,6,"US","HUMAN_OBSERVATION","Lomatium lucidum"
"3760149448","Lomatium lucidum",-116.665733,32.747826,2022,4,9,"US","HUMAN_OBSERVATION","Lomatium lucidum"
"3759382512","Lomatium lucidum",-116.515113,32.97187,2022,4,10,"US","HUMAN_OBSERVATION","Lomatium lucidum"
"4161994370","Lomatium lucidum",-117.583268,33.8227,2022,4,10,"US","HUMAN_OBSERVATION","Lomatium lucidum"
"3760297586","Lomatium lucidum",-117.551613,33.662272,2022,4,9,"US","HUMAN_OBSERVATION","Lomatium lucidum"
"3994315420","Lomatium lucidum",-117.250512,32.915572,2022,4,14,"US","HUMAN_OBSERVATION","Lomatium lucidum"
"3994301425","Lomatium lucidum",-117.25138,32.915797,2022,4,14,"US","HUMAN_OBSERVATION","Lomatium lucidum"
"3759767656","Lomatium lucidum",-116.954705,32.984542,2022,4,18,"US","HUMAN_OBSERVATION","Lomatium lucidum"
"3759800718","Lomatium lucidum",-116.666367,32.747937,2022,4,5,"US","HUMAN_OBSERVATION","Lomatium lucidum"
"3994158444","Lomatium lucidum",-117.253472,32.943617,2022,4,23,"US","HUMAN_OBSERVATION","Lomatium lucidum"
"3764356671","Lomatium lucidum",-117.250275,32.915472,2022,4,23,"US","HUMAN_OBSERVATION","Lomatium lucidum"
"3784805429","Lomatium lucidum",-119.010322,34.117778,2022,4,23,"US","HUMAN_OBSERVATION","Lomatium lucidum"
"3764105052","Lomatium lucidum",-117.451805,33.661442,2022,4,17,"US","HUMAN_OBSERVATION","Lomatium lucidum"
"3764165227","Lomatium lucidum",-117.426667,33.660267,2022,4,17,"US","HUMAN_OBSERVATION","Lomatium lucidum"
"3772768761","Lomatium lucidum",-117.255665,32.92165,2022,4,29,"US","HUMAN_OBSERVATION","Lomatium lucidum"
"3772638855","Lomatium lucidum",-117.23497,32.929445,2022,4,30,"US","HUMAN_OBSERVATION","Lomatium lucidum"
"3772424935","Lomatium lucidum",-116.56418,32.842506,2022,4,30,"US","HUMAN_OBSERVATION","Lomatium lucidum"
"3772547175","Lomatium lucidum",-116.572967,32.843558,2022,4,30,"US","HUMAN_OBSERVATION","Lomatium lucidum"
"3773235442","Lomatium lucidum",-116.66395,32.794958,2022,4,30,"US","HUMAN_OBSERVATION","Lomatium lucidum"
"3773019743","Lomatium lucidum",-116.954912,32.984725,2022,4,30,"US","HUMAN_OBSERVATION","Lomatium lucidum"
"3772576258","Lomatium lucidum",-116.497446,32.910925,2022,5,1,"US","HUMAN_OBSERVATION","Lomatium lucidum"
"3773029223","Lomatium lucidum",-116.505105,32.913441,2022,5,1,"US","HUMAN_OBSERVATION","Lomatium lucidum"
"3773005880","Lomatium lucidum",-116.830703,32.599847,2022,5,1,"US","HUMAN_OBSERVATION","Lomatium lucidum"
"3772539274","Lomatium lucidum",-117.599581,33.758143,2022,5,2,"US","HUMAN_OBSERVATION","Lomatium lucidum"
"3773657448","Lomatium lucidum",-116.788681,32.612503,2022,5,1,"US","HUMAN_OBSERVATION","Lomatium lucidum"
"3773321444","Lomatium lucidum",-116.82875,32.599669,2022,5,1,"US","HUMAN_OBSERVATION","Lomatium lucidum"
"3772717354","Lomatium lucidum",-116.829194,32.599756,2022,5,1,"US","HUMAN_OBSERVATION","Lomatium lucidum"
"3772914097","Lomatium lucidum",-117.6246,33.754885,2022,5,6,"US","HUMAN_OBSERVATION","Lomatium lucidum"
"3902027238","Lomatium lucidum",-116.525276,32.961691,2022,5,7,"US","HUMAN_OBSERVATION","Lomatium lucidum"
"3773280295","Lomatium lucidum",-116.830078,32.599414,2022,5,1,"US","HUMAN_OBSERVATION","Lomatium lucidum"
"3772762657","Lomatium lucidum",-117.551581,33.662211,2022,5,7,"US","HUMAN_OBSERVATION","Lomatium lucidum"
"3772526249","Lomatium lucidum",-117.451823,33.661655,2022,5,7,"US","HUMAN_OBSERVATION","Lomatium lucidum"
"4127027707","Lomatium lucidum",-117.51197,33.666708,2022,5,8,"US","HUMAN_OBSERVATION","Lomatium lucidum"
"3773113929","Lomatium lucidum",-117.553003,33.65515,2022,5,9,"US","HUMAN_OBSERVATION","Lomatium lucidum"
"3947111565","Lomatium lucidum",-116.568175,32.845163,2022,5,16,"US","HUMAN_OBSERVATION","Lomatium lucidum"
"3802784839","Lomatium lucidum",-117.25187,32.919247,2022,5,25,"US","HUMAN_OBSERVATION","Lomatium lucidum"
"3859171465","Lomatium lucidum",-117.513343,34.299711,2022,5,28,"US","HUMAN_OBSERVATION","Lomatium lucidum"
"4126716785","Lomatium lucidum",-117.533149,33.665396,2022,5,30,"US","HUMAN_OBSERVATION","Lomatium lucidum"
"4127061797","Lomatium lucidum",-117.734056,33.497479,2022,12,6,"US","HUMAN_OBSERVATION","Lomatium lucidum"
"3465944380","Lomatium lucidum",-117.25505,32.936894,2021,1,6,"US","HUMAN_OBSERVATION","Lomatium lucidum"
"3503200522","Lomatium lucidum",-117.5168,33.5813,2021,2,28,"US","PRESERVED_SPECIMEN","Lomatium lucidum"
"3961480359","Lomatium lucidum",-117.516808,33.581408,2021,2,28,"US","HUMAN_OBSERVATION","Lomatium lucidum"
"3058974780","Lomatium lucidum",-118.786539,34.081853,2021,3,4,"US","HUMAN_OBSERVATION","Lomatium lucidum"
"3058949565","Lomatium lucidum",-118.785438,34.081439,2021,3,7,"US","HUMAN_OBSERVATION","Lomatium lucidum"
"3061563105","Lomatium lucidum",-118.759712,34.1909,2021,3,14,"US","HUMAN_OBSERVATION","Lomatium lucidum"
"3465926387","Lomatium lucidum",-116.852433,32.639164,2021,3,22,"US","HUMAN_OBSERVATION","Lomatium lucidum"
"3067936765","Lomatium lucidum",-116.841278,32.67165,2021,3,22,"US","HUMAN_OBSERVATION","Lomatium lucidum"
"3068045642","Lomatium lucidum",-116.850883,32.632405,2021,3,22,"US","HUMAN_OBSERVATION","Lomatium lucidum"
"3070660429","Lomatium lucidum",-117.256855,32.923749,2021,3,29,"US","HUMAN_OBSERVATION","Lomatium lucidum"
"3079600305","Lomatium lucidum",-117.020928,34.099483,2021,3,31,"US","HUMAN_OBSERVATION","Lomatium lucidum"
"3415853479","Lomatium lucidum",-117.256285,32.923371,2021,4,24,"US","HUMAN_OBSERVATION","Lomatium lucidum"
"3416214494","Lomatium lucidum",-117.255764,32.92082,2021,4,24,"US","HUMAN_OBSERVATION","Lomatium lucidum"
"4102624355","Lomatium lucidum",-117.602233,33.79954,2021,4,1,"US","HUMAN_OBSERVATION","Lomatium lucidum"
"3079870566","Lomatium lucidum",-116.668097,32.746497,2021,4,3,"US","HUMAN_OBSERVATION","Lomatium lucidum"
"3079921922","Lomatium lucidum",-116.668061,32.7466,2021,4,6,"US","HUMAN_OBSERVATION","Lomatium lucidum"
"3079816044","Lomatium lucidum",-118.830688,34.084942,2021,4,7,"US","HUMAN_OBSERVATION","Lomatium lucidum"
"3090633147","Lomatium lucidum",-117.256589,32.941253,2021,4,9,"US","HUMAN_OBSERVATION","Lomatium lucidum"
"3090583138","Lomatium lucidum",-117.256589,32.941253,2021,4,9,"US","HUMAN_OBSERVATION","Lomatium lucidum"
"3466153549","Lomatium lucidum",-117.256589,32.941253,2021,4,9,"US","HUMAN_OBSERVATION","Lomatium lucidum"
"3090764854","Lomatium lucidum",-117.254272,32.958436,2021,4,14,"US","HUMAN_OBSERVATION","Lomatium lucidum"
"3090693013","Lomatium lucidum",-117.617536,33.714942,2021,4,14,"US","HUMAN_OBSERVATION","Lomatium lucidum"
"3097070683","Lomatium lucidum",-116.667846,32.746758,2021,4,15,"US","HUMAN_OBSERVATION","Lomatium lucidum"
"3097151921","Lomatium lucidum",-116.668455,32.746467,2021,4,17,"US","HUMAN_OBSERVATION","Lomatium lucidum"
"3097104559","Lomatium lucidum",-116.667847,32.746522,2021,4,21,"US","HUMAN_OBSERVATION","Lomatium lucidum"
"3097334595","Lomatium lucidum",-117.256455,32.94122,2021,4,20,"US","HUMAN_OBSERVATION","Lomatium lucidum"
"3097239648","Lomatium lucidum",-116.707038,32.715512,2021,4,21,"US","HUMAN_OBSERVATION","Lomatium lucidum"
"3325812405","Lomatium lucidum",-116.667288,32.74636,2021,4,21,"US","HUMAN_OBSERVATION","Lomatium lucidum"
"3097335631","Lomatium lucidum",-116.667373,32.746188,2021,4,21,"US","HUMAN_OBSERVATION","Lomatium lucidum"
"3109200572","Lomatium lucidum",-117.549888,33.66048,2021,4,23,"US","HUMAN_OBSERVATION","Lomatium lucidum"
"3109057597","Lomatium lucidum",-116.706625,32.714083,2021,4,21,"US","HUMAN_OBSERVATION","Lomatium lucidum"
"3108978640","Lomatium lucidum",-116.665544,32.748146,2021,4,23,"US","HUMAN_OBSERVATION","Lomatium lucidum"
"3113436253","Lomatium lucidum",-117.688383,33.855989,2021,4,10,"US","HUMAN_OBSERVATION","Lomatium lucidum"
"3465928582","Lomatium lucidum",-116.822269,32.914728,2021,4,23,"US","HUMAN_OBSERVATION","Lomatium lucidum"
"3124976395","Lomatium lucidum",-117.61531,33.79663,2021,5,18,"US","PRESERVED_SPECIMEN","Lomatium lucidum"
"3112326153","Lomatium lucidum",-116.52673,32.988398,2021,5,1,"US","HUMAN_OBSERVATION","Lomatium lucidum"
"3112761940","Lomatium lucidum",-116.66798,32.746395,2021,5,2,"US","HUMAN_OBSERVATION","Lomatium lucidum"
"3112652982","Lomatium lucidum",-116.667989,32.746403,2021,5,2,"US","HUMAN_OBSERVATION","Lomatium lucidum"
"3112622265","Lomatium lucidum",-116.666612,32.74765,2021,5,3,"US","HUMAN_OBSERVATION","Lomatium lucidum"
"3113316773","Lomatium lucidum",-116.842768,32.614848,2021,5,2,"US","HUMAN_OBSERVATION","Lomatium lucidum"
"3113578271","Lomatium lucidum",-116.564248,32.94693,2021,5,9,"US","HUMAN_OBSERVATION","Lomatium lucidum"
"3118228535","Lomatium lucidum",-117.615191,33.796428,2021,5,18,"US","HUMAN_OBSERVATION","Lomatium lucidum"
"3325837419","Lomatium lucidum",-116.666568,32.747732,2021,5,5,"US","HUMAN_OBSERVATION","Lomatium lucidum"
"3124807019","Lomatium lucidum",-117.607453,33.790813,2021,5,21,"US","HUMAN_OBSERVATION","Lomatium lucidum"
"3302060753","Lomatium lucidum",-116.66835,32.746236,2021,5,27,"US","HUMAN_OBSERVATION","Lomatium lucidum"
"3302190824","Lomatium lucidum",-116.668511,32.746392,2021,5,27,"US","HUMAN_OBSERVATION","Lomatium lucidum"
"3466229655","Lomatium lucidum",-116.841292,32.611949,2021,6,4,"US","HUMAN_OBSERVATION","Lomatium lucidum"
"3327686475","Lomatium lucidum",-116.668275,32.746375,2021,6,6,"US","HUMAN_OBSERVATION","Lomatium lucidum"
"3456775391","Lomatium lucidum",-117.255172,32.92147,2021,12,6,"US","HUMAN_OBSERVATION","Lomatium lucidum"
"3466015854","Lomatium lucidum",-117.243757,32.90389,2021,12,16,"US","HUMAN_OBSERVATION","Lomatium lucidum"
"2574200978","Lomatium lucidum",-117.2557,32.921663,2020,2,1,"US","HUMAN_OBSERVATION","Lomatium lucidum"
"2573862118","Lomatium lucidum",-117.245537,32.693305,2020,2,5,"US","HUMAN_OBSERVATION","Lomatium lucidum"
"2574093592","Lomatium lucidum",-119.021027,34.077915,2020,2,15,"US","HUMAN_OBSERVATION","Lomatium lucidum"
"2580081960","Lomatium lucidum",-117.554103,33.660158,2020,3,7,"US","HUMAN_OBSERVATION","Lomatium lucidum"
"2579235017","Lomatium lucidum",-117.25653,32.923561,2020,3,7,"US","HUMAN_OBSERVATION","Lomatium lucidum"
"2579243189","Lomatium lucidum",-117.553598,33.662974,2020,3,8,"US","HUMAN_OBSERVATION","Lomatium lucidum"
"2579238180","Lomatium lucidum",-117.553352,33.662957,2020,3,8,"US","HUMAN_OBSERVATION","Lomatium lucidum"
"2596251132","Lomatium lucidum",-117.619597,33.744475,2020,3,2,"US","HUMAN_OBSERVATION","Lomatium lucidum"
"2580087116","Lomatium lucidum",-117.25103,32.918533,2020,3,11,"US","HUMAN_OBSERVATION","Lomatium lucidum"
"2580263554","Lomatium lucidum",-117.558732,33.657974,2020,3,14,"US","HUMAN_OBSERVATION","Lomatium lucidum"
"2580090326","Lomatium lucidum",-117.556413,33.660164,2020,3,14,"US","HUMAN_OBSERVATION","Lomatium lucidum"
"4054811331","Lomatium lucidum",-117.55685,33.661408,2020,3,16,"US","HUMAN_OBSERVATION","Lomatium lucidum"
"3067763932","Lomatium lucidum",-117.552229,33.662706,2020,3,29,"US","HUMAN_OBSERVATION","Lomatium lucidum"
"3031741451","Lomatium lucidum",-117.252928,32.9231,2020,3,11,"US","HUMAN_OBSERVATION","Lomatium lucidum"
"3032059518","Lomatium lucidum",-117.250347,32.920062,2020,3,11,"US","HUMAN_OBSERVATION","Lomatium lucidum"
"2633990535","Lomatium lucidum",-117.497009,33.607042,2020,4,2,"US","HUMAN_OBSERVATION","Lomatium lucidum"
"2603459931","Lomatium lucidum",-117.431013,33.616395,2020,4,13,"US","HUMAN_OBSERVATION","Lomatium lucidum"
"2611100480","Lomatium lucidum",-116.841208,32.610437,2020,4,24,"US","HUMAN_OBSERVATION","Lomatium lucidum"
"2611421529","Lomatium lucidum",-117.24645,32.696655,2020,4,27,"US","HUMAN_OBSERVATION","Lomatium lucidum"
"2626860355","Lomatium lucidum",-117.4733,33.6624,2020,5,21,"US","PRESERVED_SPECIMEN","Lomatium lucidum"
"2620206897","Lomatium lucidum",-117.25384,32.951063,2020,5,3,"US","HUMAN_OBSERVATION","Lomatium lucidum"
"2626528625","Lomatium lucidum",-118.656204,34.303657,2020,5,10,"US","HUMAN_OBSERVATION","Lomatium lucidum"
"4102560331","Lomatium lucidum",-117.271317,33.073341,2020,5,8,"US","HUMAN_OBSERVATION","Lomatium lucidum"
"3031650704","Lomatium lucidum",-116.521225,32.879063,2020,5,15,"US","HUMAN_OBSERVATION","Lomatium lucidum"
"2634279096","Lomatium lucidum",-117.252082,32.919452,2020,5,28,"US","HUMAN_OBSERVATION","Lomatium lucidum"
"2634288137","Lomatium lucidum",-117.251078,32.918563,2020,5,28,"US","HUMAN_OBSERVATION","Lomatium lucidum"
"3090785742","Lomatium lucidum",-117.249253,32.931442,2020,5,28,"US","HUMAN_OBSERVATION","Lomatium lucidum"
"4102579336","Lomatium lucidum",-116.566122,32.948278,2020,6,5,"US","HUMAN_OBSERVATION","Lomatium lucidum"
"2859908315","Lomatium lucidum",-117.255438,32.921639,2019,1,31,"US","HUMAN_OBSERVATION","Lomatium lucidum"
"3044873695","Lomatium lucidum",-119.059972,34.091702,2019,1,24,"US","HUMAN_OBSERVATION","Lomatium lucidum"
"3067631533","Lomatium lucidum",-117.73996,33.511621,2019,3,2,"US","HUMAN_OBSERVATION","Lomatium lucidum"
"2013696786","Lomatium lucidum",-117.259357,32.927848,2019,3,7,"US","HUMAN_OBSERVATION","Lomatium lucidum"
"2013716257","Lomatium lucidum",-117.256478,32.923497,2019,3,9,"US","HUMAN_OBSERVATION","Lomatium lucidum"
"2013725295","Lomatium lucidum",-117.250114,32.94324,2019,3,9,"US","HUMAN_OBSERVATION","Lomatium lucidum"
"3994238312","Lomatium lucidum",-117.24705,32.93893,2019,3,9,"US","HUMAN_OBSERVATION","Lomatium lucidum"
"2013735145","Lomatium lucidum",-117.255595,32.921652,2019,3,11,"US","HUMAN_OBSERVATION","Lomatium lucidum"
"2013735088","Lomatium lucidum",-117.256048,32.922037,2019,3,11,"US","HUMAN_OBSERVATION","Lomatium lucidum"
"2013735870","Lomatium lucidum",-117.255707,32.921688,2019,3,11,"US","HUMAN_OBSERVATION","Lomatium lucidum"
"3994234313","Lomatium lucidum",-117.255967,32.922367,2019,3,11,"US","HUMAN_OBSERVATION","Lomatium lucidum"
"2242750810","Lomatium lucidum",-117.251386,32.918933,2019,3,22,"US","HUMAN_OBSERVATION","Lomatium lucidum"
"3994175322","Lomatium lucidum",-117.256561,32.923515,2019,3,24,"US","HUMAN_OBSERVATION","Lomatium lucidum"
"2235531837","Lomatium lucidum",-118.76767,34.205955,2019,4,1,"US","HUMAN_OBSERVATION","Lomatium lucidum"
"2235529740","Lomatium lucidum",-118.775392,34.19312,2019,4,1,"US","HUMAN_OBSERVATION","Lomatium lucidum"
"2236259056","Lomatium lucidum",-117.69092,33.83155,2019,4,7,"US","HUMAN_OBSERVATION","Lomatium lucidum"
"2236258591","Lomatium lucidum",-117.69163,33.83102,2019,4,7,"US","HUMAN_OBSERVATION","Lomatium lucidum"
"2236271851","Lomatium lucidum",-116.884078,32.681419,2019,4,9,"US","HUMAN_OBSERVATION","Lomatium lucidum"
"2236276371","Lomatium lucidum",-117.251918,32.919822,2019,4,7,"US","HUMAN_OBSERVATION","Lomatium lucidum"
"2236275873","Lomatium lucidum",-117.250992,32.918572,2019,4,7,"US","HUMAN_OBSERVATION","Lomatium lucidum"
"2236278090","Lomatium lucidum",-117.251852,32.91921,2019,4,7,"US","HUMAN_OBSERVATION","Lomatium lucidum"
"2236282658","Lomatium lucidum",-117.250615,32.91554,2019,4,10,"US","HUMAN_OBSERVATION","Lomatium lucidum"
"2236873649","Lomatium lucidum",-117.24707,32.938931,2019,4,14,"US","HUMAN_OBSERVATION","Lomatium lucidum"
"4028722332","Lomatium lucidum",-118.70834,34.20128,2019,4,20,"US","HUMAN_OBSERVATION","Lomatium lucidum"
"2237465471","Lomatium lucidum",-117.254757,32.95764,2019,4,19,"US","HUMAN_OBSERVATION","Lomatium lucidum"
"2238810995","Lomatium lucidum",-117.247571,32.941849,2019,4,26,"US","HUMAN_OBSERVATION","Lomatium lucidum"
"3994307319","Lomatium lucidum",-117.255864,32.92262,2019,4,27,"US","HUMAN_OBSERVATION","Lomatium lucidum"
"3090777503","Lomatium lucidum",-117.241372,32.669558,2019,4,26,"US","HUMAN_OBSERVATION","Lomatium lucidum"
"3013928363","Lomatium lucidum",-116.921471,32.708621,2019,4,28,"US","HUMAN_OBSERVATION","Lomatium lucidum"
"2238921890","Lomatium lucidum",-116.666542,32.747795,2019,4,28,"US","HUMAN_OBSERVATION","Lomatium lucidum"
"2238931309","Lomatium lucidum",-116.811249,32.601234,2019,4,28,"US","HUMAN_OBSERVATION","Lomatium lucidum"
"2238935807","Lomatium lucidum",-117.252062,32.919422,2019,4,28,"US","HUMAN_OBSERVATION","Lomatium lucidum"
"2239037315","Lomatium lucidum",-117.449428,33.661085,2019,4,28,"US","HUMAN_OBSERVATION","Lomatium lucidum"
"2239039395","Lomatium lucidum",-117.472697,33.675282,2019,4,28,"US","HUMAN_OBSERVATION","Lomatium lucidum"
"2283261139","Lomatium lucidum",-118.931987,34.110415,2019,4,12,"US","HUMAN_OBSERVATION","Lomatium lucidum"
"3988562314","Lomatium lucidum",-117.415907,33.661865,2019,5,8,"US","HUMAN_OBSERVATION","Lomatium lucidum"
"3988448318","Lomatium lucidum",-117.422222,33.663611,2019,5,11,"US","HUMAN_OBSERVATION","Lomatium lucidum"
"2242983411","Lomatium lucidum",-118.512576,34.054988,2019,5,13,"US","HUMAN_OBSERVATION","Lomatium lucidum"
"2273205907","Lomatium lucidum",-117.660291,33.75516,2019,5,15,"US","HUMAN_OBSERVATION","Lomatium lucidum"
"3090794501","Lomatium lucidum",-118.520613,34.059331,2019,5,16,"US","HUMAN_OBSERVATION","Lomatium lucidum"
"2251911479","Lomatium lucidum",-118.91781,34.06472,2019,5,17,"US","HUMAN_OBSERVATION","Lomatium lucidum"
"2251934752","Lomatium lucidum",-118.77005,34.189412,2019,5,27,"US","HUMAN_OBSERVATION","Lomatium lucidum"
"2251978552","Lomatium lucidum",-117.477033,33.684508,2019,5,30,"US","HUMAN_OBSERVATION","Lomatium lucidum"
"2574073263","Lomatium lucidum",-116.511156,32.968147,2019,5,4,"US","HUMAN_OBSERVATION","Lomatium lucidum"
"2382620439","Lomatium lucidum",-117.45853,33.68553,2019,5,2,"US","PRESERVED_SPECIMEN","Lomatium lucidum"
"2450409134","Lomatium lucidum",-117.4893,33.5992,2019,5,22,"US","PRESERVED_SPECIMEN","Lomatium lucidum"
"3503178024","Lomatium lucidum",-117.42695,33.659353,2019,5,11,"US","PRESERVED_SPECIMEN","Lomatium lucidum"
"3503201601","Lomatium lucidum",-117.45853,33.68553,2019,5,2,"US","PRESERVED_SPECIMEN","Lomatium lucidum"
"2252027831","Lomatium lucidum",-117.749249,33.524057,2019,6,2,"US","HUMAN_OBSERVATION","Lomatium lucidum"
"3994087321","Lomatium lucidum",-117.2477,32.9416,2019,6,8,"US","HUMAN_OBSERVATION","Lomatium lucidum"
"2273287794","Lomatium lucidum",-119.030761,34.086208,2019,6,24,"US","HUMAN_OBSERVATION","Lomatium lucidum"
"3503178196","Lomatium lucidum",-117.445509,33.668287,2019,6,8,"US","PRESERVED_SPECIMEN","Lomatium lucidum"
"3013928951","Lomatium lucidum",-117.549243,33.76557,2019,6,9,"US","HUMAN_OBSERVATION","Lomatium lucidum"
"2283215199","Lomatium lucidum",-116.517463,32.844892,2019,7,7,"US","HUMAN_OBSERVATION","Lomatium lucidum"
"1837091496","Lomatium lucidum",-117.247715,32.941703,2018,3,25,"US","HUMAN_OBSERVATION","Lomatium lucidum"
"1837091495","Lomatium lucidum",-117.24695,32.939118,2018,3,25,"US","HUMAN_OBSERVATION","Lomatium lucidum"
"1837091545","Lomatium lucidum",-117.247017,32.938942,2018,3,25,"US","HUMAN_OBSERVATION","Lomatium lucidum"
"3820599153","Lomatium lucidum",-117.254167,32.955,2018,3,31,"US","PRESERVED_SPECIMEN","Lomatium lucidum"
"1839258435","Lomatium lucidum",-116.58022,32.89161,2018,4,23,"US","HUMAN_OBSERVATION","Lomatium lucidum"
"1841242032","Lomatium lucidum",-118.307778,34.22332,2018,4,28,"US","HUMAN_OBSERVATION","Lomatium lucidum"
"3994067312","Lomatium lucidum",-117.256004,32.922551,2018,4,29,"US","HUMAN_OBSERVATION","Lomatium lucidum"
"3994285309","Lomatium lucidum",-117.250977,32.918333,2018,4,29,"US","HUMAN_OBSERVATION","Lomatium lucidum"
"1841293564","Lomatium lucidum",-117.253906,32.958844,2018,4,30,"US","HUMAN_OBSERVATION","Lomatium lucidum"
"1841295568","Lomatium lucidum",-116.631293,32.626226,2018,4,30,"US","HUMAN_OBSERVATION","Lomatium lucidum"
"1841295751","Lomatium lucidum",-116.635174,32.627411,2018,4,30,"US","HUMAN_OBSERVATION","Lomatium lucidum"
"2412540337","Lomatium lucidum",-117.463,33.638,2018,5,31,"US","PRESERVED_SPECIMEN","Lomatium lucidum"
"2412540780","Lomatium lucidum",-117.496667,33.606186,2018,5,31,"US","PRESERVED_SPECIMEN","Lomatium lucidum"
"3705492367","Lomatium lucidum",-118.290575,34.233005,2018,5,20,"US","HUMAN_OBSERVATION","Lomatium lucidum"
"1883509223","Lomatium lucidum",-117.690267,33.864105,2018,6,24,"US","HUMAN_OBSERVATION","Lomatium lucidum"
"2422525439","Lomatium lucidum",-117.63861,33.823,2018,6,8,"US","PRESERVED_SPECIMEN","Lomatium lucidum"
"2422526730","Lomatium lucidum",-117.62361,33.81719,2018,6,7,"US","PRESERVED_SPECIMEN","Lomatium lucidum"
"4067355337","Lomatium lucidum",-117.260151,32.938645,2017,3,17,"US","HUMAN_OBSERVATION","Lomatium lucidum"
"3125034664","Lomatium lucidum",-117.24151,32.67021,2017,3,8,"US","PRESERVED_SPECIMEN","Lomatium lucidum"
"1453512280","Lomatium lucidum",-117.241347,32.669933,2017,3,13,"US","HUMAN_OBSERVATION","Lomatium lucidum"
"2610083898","Lomatium lucidum",-117.488,34.28349,2017,4,20,"US","PRESERVED_SPECIMEN","Lomatium lucidum"
"3355453367","Lomatium lucidum",-116.54044,32.967073,2017,4,22,"US","HUMAN_OBSERVATION","Lomatium lucidum"
"1500272863","Lomatium lucidum",-118.757913,34.116938,2017,4,18,"US","HUMAN_OBSERVATION","Lomatium lucidum"
"1500341989","Lomatium lucidum",-117.25453,32.951257,2017,4,16,"US","HUMAN_OBSERVATION","Lomatium lucidum"
"3070516436","Lomatium lucidum",-117.649584,33.802354,2017,4,22,"US","HUMAN_OBSERVATION","Lomatium lucidum"
"4029123228","Lomatium lucidum",-119.031144,34.085892,2017,5,12,"US","HUMAN_OBSERVATION","Lomatium lucidum"
"1562943202","Lomatium lucidum",-117.243242,32.696155,2017,5,15,"US","HUMAN_OBSERVATION","Lomatium lucidum"
"1703176234","Lomatium lucidum",-116.775806,32.602412,2017,5,13,"US","HUMAN_OBSERVATION","Lomatium lucidum"
"2610088224","Lomatium lucidum",-117.46495,34.33262,2017,6,6,"US","PRESERVED_SPECIMEN","Lomatium lucidum"
"1584422622","Lomatium lucidum",-116.566747,32.947342,2017,7,23,"US","HUMAN_OBSERVATION","Lomatium lucidum"
"2412540833","Lomatium lucidum",-117.586409,33.750496,2017,8,27,"US","PRESERVED_SPECIMEN","Lomatium lucidum"
"1265536970","Lomatium lucidum",-117.241299,32.669877,2016,2,11,"US","HUMAN_OBSERVATION","Lomatium lucidum"
"1453076528","Lomatium lucidum",-117.251963,32.919379,2016,3,12,"US","HUMAN_OBSERVATION","Lomatium lucidum"
"1262387980","Lomatium lucidum",-118.768907,34.187905,2016,3,23,"US","HUMAN_OBSERVATION","Lomatium lucidum"
"2422526140","Lomatium lucidum",-118.98717,34.0755,2016,4,7,"US","PRESERVED_SPECIMEN","Lomatium lucidum"
"1453051167","Lomatium lucidum",-116.84391,32.595938,2015,2,7,"US","HUMAN_OBSERVATION","Lomatium lucidum"
"1088904522","Lomatium lucidum",-117.239845,32.666558,2015,2,23,"US","HUMAN_OBSERVATION","Lomatium lucidum"
"3125159670","Lomatium lucidum",-117.23964,32.66647,2015,2,23,"US","PRESERVED_SPECIMEN","Lomatium lucidum"
"1453068136","Lomatium lucidum",-116.84391,32.595938,2015,11,1,"US","HUMAN_OBSERVATION","Lomatium lucidum"
"2430083597","Lomatium lucidum",-117.85,34.16083,2014,5,19,"US","PRESERVED_SPECIMEN","Lomatium lucidum"
"2422516138","Lomatium lucidum",-117.86806,34.1575,2014,5,21,"US","PRESERVED_SPECIMEN","Lomatium lucidum"
"2422521689","Lomatium lucidum",-117.8825,34.15139,2014,5,15,"US","PRESERVED_SPECIMEN","Lomatium lucidum"
"2422522462","Lomatium lucidum",-117.85,34.16083,2014,5,19,"US","PRESERVED_SPECIMEN","Lomatium lucidum"
"2610077594","Lomatium lucidum",-117.8825,34.15139,2014,5,15,"US","PRESERVED_SPECIMEN","Lomatium lucidum"
"2430554085","Lomatium lucidum",-117.86806,34.1575,2014,5,21,"US","PRESERVED_SPECIMEN","Lomatium lucidum"
"2236850808","Lomatium lucidum",-117.255309,32.92194,2013,3,9,"US","HUMAN_OBSERVATION","Lomatium lucidum"
"1946366948","Lomatium lucidum",-117.620678,33.703205,2013,3,10,"US","HUMAN_OBSERVATION","Lomatium lucidum"
"2422524928","Lomatium lucidum",-117.47861,34.28056,2013,5,19,"US","PRESERVED_SPECIMEN","Lomatium lucidum"
"2422480327","Lomatium lucidum",-116.93189,32.699,2012,5,29,"US","PRESERVED_SPECIMEN","Lomatium lucidum"
"3125033646","Lomatium lucidum",-116.93188,32.69901,2012,5,29,"US","PRESERVED_SPECIMEN","Lomatium lucidum"
"2422511509","Lomatium lucidum",-118.46722,34.37611,2011,5,10,"US","PRESERVED_SPECIMEN","Lomatium lucidum"
"2422514498","Lomatium lucidum",-118.46611,34.37917,2011,5,10,"US","PRESERVED_SPECIMEN","Lomatium lucidum"
"3125033648","Lomatium lucidum",-118.46722,34.37611,2011,5,10,"US","PRESERVED_SPECIMEN","Lomatium lucidum"
"2430410576","Lomatium lucidum",-118.46722,34.37611,2011,5,10,"US","PRESERVED_SPECIMEN","Lomatium lucidum"
"2626135550","Lomatium lucidum",-118.965452,34.059676,2010,4,11,"US","HUMAN_OBSERVATION","Lomatium lucidum"
"3125031638","Lomatium lucidum",-117.08636,32.92027,2010,5,2,"US","PRESERVED_SPECIMEN","Lomatium lucidum"
"2422528030","Lomatium lucidum",-117.06439,33.9485,2010,6,10,"US","PRESERVED_SPECIMEN","Lomatium lucidum"
"3125038652","Lomatium lucidum",-116.91924,33.39345,2010,7,8,"US","PRESERVED_SPECIMEN","Lomatium lucidum"
"2422455342","Lomatium lucidum",-118.32806,34.13778,2009,4,30,"US","PRESERVED_SPECIMEN","Lomatium lucidum"
"2430467501","Lomatium lucidum",-116.833333,33.879167,2009,5,11,"US","PRESERVED_SPECIMEN","Lomatium lucidum"
"2422445860","Lomatium lucidum",-117.30839,34.15423,2008,4,18,"US","PRESERVED_SPECIMEN","Lomatium lucidum"
"3125030632","Lomatium lucidum",-117.2496,33.0079,2008,4,26,"US","PRESERVED_SPECIMEN","Lomatium lucidum"
"2430153923","Lomatium lucidum",-117.731694,33.836408,2008,5,9,"US","PRESERVED_SPECIMEN","Lomatium lucidum"
"3125264380","Lomatium lucidum",-117.2429,32.67728,2008,5,17,"US","PRESERVED_SPECIMEN","Lomatium lucidum"
"3125035634","Lomatium lucidum",-116.95285,32.97708,2008,5,30,"US","PRESERVED_SPECIMEN","Lomatium lucidum"
"2430362681","Lomatium lucidum",-117.956411,34.195632,2008,5,20,"US","PRESERVED_SPECIMEN","Lomatium lucidum"
"3125167661","Lomatium lucidum",-116.90413,33.38516,2008,6,22,"US","PRESERVED_SPECIMEN","Lomatium lucidum"
"3125159667","Lomatium lucidum",-116.67389,32.86944,2007,4,19,"US","PRESERVED_SPECIMEN","Lomatium lucidum"
"3125037646","Lomatium lucidum",-116.67878,32.57342,2007,4,6,"US","PRESERVED_SPECIMEN","Lomatium lucidum"
"3125160663","Lomatium lucidum",-116.63461,32.61951,2007,5,4,"US","PRESERVED_SPECIMEN","Lomatium lucidum"
"3125165647","Lomatium lucidum",-117.2556,32.9227,2005,2,4,"US","PRESERVED_SPECIMEN","Lomatium lucidum"
"2422416542","Lomatium lucidum",-116.88694,32.60611,2005,3,3,"US","PRESERVED_SPECIMEN","Lomatium lucidum"
"3125162636","Lomatium lucidum",-116.88694,32.60611,2005,3,3,"US","PRESERVED_SPECIMEN","Lomatium lucidum"
"3125030630","Lomatium lucidum",-116.81111,32.75556,2005,3,10,"US","PRESERVED_SPECIMEN","Lomatium lucidum"
"2251345868","Lomatium lucidum",-116.887,32.606,2005,3,3,"US","MATERIAL_SAMPLE","Lomatium lucidum"
"2430032634","Lomatium lucidum",-117.871389,34.160833,2005,4,23,"US","PRESERVED_SPECIMEN","Lomatium lucidum"
"2422448954","Lomatium lucidum",-117.87139,34.16083,2005,4,23,"US","PRESERVED_SPECIMEN","Lomatium lucidum"
"3125036638","Lomatium lucidum",-116.57028,32.73083,2005,4,9,"US","PRESERVED_SPECIMEN","Lomatium lucidum"
"3359762305","Lomatium lucidum",-117.87139,34.16083,2005,4,23,"US","PRESERVED_SPECIMEN","Lomatium lucidum"
"2422414177","Lomatium lucidum",-117.04278,33.46833,2005,5,7,"US","PRESERVED_SPECIMEN","Lomatium lucidum"
"2421781580","Lomatium lucidum",-117.04278,33.46833,2005,5,7,"US","PRESERVED_SPECIMEN","Lomatium lucidum"
"3125164636","Lomatium lucidum",-117.2542,32.9507,2005,5,15,"US","PRESERVED_SPECIMEN","Lomatium lucidum"
"3125164637","Lomatium lucidum",-117.04278,33.46833,2005,5,7,"US","PRESERVED_SPECIMEN","Lomatium lucidum"
"2988849355","Lomatium lucidum",-117.042778,33.468333,2005,5,7,"US","PRESERVED_SPECIMEN","Lomatium lucidum"
"3503181268","Lomatium lucidum",-116.931389,33.245556,2005,5,28,"US","PRESERVED_SPECIMEN","Lomatium lucidum"
"3125166641","Lomatium lucidum",-116.7419,32.8533,2004,4,17,"US","PRESERVED_SPECIMEN","Lomatium lucidum"
"3125165646","Lomatium lucidum",-117.2303,32.9658,2004,4,10,"US","PRESERVED_SPECIMEN","Lomatium lucidum"
"3125163652","Lomatium lucidum",-116.7353,33.3167,2004,5,2,"US","PRESERVED_SPECIMEN","Lomatium lucidum"
"2422463025","Lomatium lucidum",-117.68472,33.85083,2003,1,10,"US","PRESERVED_SPECIMEN","Lomatium lucidum"
"3053390726","Lomatium lucidum",-117.2436,32.6964,2003,4,28,"US","PRESERVED_SPECIMEN","Lomatium lucidum"
"2422388142","Lomatium lucidum",-117.58417,34.17083,2003,4,NA,"US","PRESERVED_SPECIMEN","Lomatium lucidum"
"2382636091","Lomatium lucidum",-117.24361,32.69639,2003,4,28,"US","PRESERVED_SPECIMEN","Lomatium lucidum"
"3125164635","Lomatium lucidum",-117.24361,32.69639,2003,4,28,"US","PRESERVED_SPECIMEN","Lomatium lucidum"
"2422380373","Lomatium lucidum",-116.83694,32.55944,2003,5,3,"US","PRESERVED_SPECIMEN","Lomatium lucidum"
"2422379452","Lomatium lucidum",-116.84417,32.61833,2003,5,4,"US","PRESERVED_SPECIMEN","Lomatium lucidum"
"2422382172","Lomatium lucidum",-116.84861,32.63528,2003,5,4,"US","PRESERVED_SPECIMEN","Lomatium lucidum"
"2422430207","Lomatium lucidum",-118.32278,34.225,2003,5,29,"US","PRESERVED_SPECIMEN","Lomatium lucidum"
"2418047559","Lomatium lucidum",-118.320833,34.223333,2003,5,29,"US","PRESERVED_SPECIMEN","Lomatium lucidum"
"3125168650","Lomatium lucidum",-116.75111,33.32639,2003,5,24,"US","PRESERVED_SPECIMEN","Lomatium lucidum"
"3125162634","Lomatium lucidum",-116.74222,32.86944,2003,5,13,"US","PRESERVED_SPECIMEN","Lomatium lucidum"
"3125164640","Lomatium lucidum",-116.84417,32.61833,2003,5,4,"US","PRESERVED_SPECIMEN","Lomatium lucidum"
"3125030634","Lomatium lucidum",-116.83694,32.55944,2003,5,3,"US","PRESERVED_SPECIMEN","Lomatium lucidum"
"3425154712","Lomatium lucidum",-118.9044065,34.0821079,2003,5,30,"US","PRESERVED_SPECIMEN","Lomatium lucidum"
"3503186899","Lomatium lucidum",-116.84417,32.61833,2003,5,4,"US","PRESERVED_SPECIMEN","Lomatium lucidum"
"3503199996","Lomatium lucidum",-116.83694,32.55944,2003,5,3,"US","PRESERVED_SPECIMEN","Lomatium lucidum"
"2430518228","Lomatium lucidum",-116.836944,32.559444,2003,5,3,"US","PRESERVED_SPECIMEN","Lomatium lucidum"
"2430523206","Lomatium lucidum",-117.509267,34.30475,2003,5,5,"US","PRESERVED_SPECIMEN","Lomatium lucidum"
"1500202712","Lomatium lucidum",-116.836944,32.559444,2003,5,3,"US","PRESERVED_SPECIMEN","Lomatium lucidum"
"3053383679","Lomatium lucidum",-116.79142,32.61101,2003,6,19,"US","PRESERVED_SPECIMEN","Lomatium lucidum"
"2382636471","Lomatium lucidum",-117.24278,32.69611,2003,6,18,"US","PRESERVED_SPECIMEN","Lomatium lucidum"
"3125036637","Lomatium lucidum",-116.6617,32.8672,2003,6,1,"US","PRESERVED_SPECIMEN","Lomatium lucidum"
"3125034658","Lomatium lucidum",-116.8869,33.30158,2003,6,5,"US","PRESERVED_SPECIMEN","Lomatium lucidum"
"2422421289","Lomatium lucidum",-116.80417,33.64139,2001,4,5,"US","PRESERVED_SPECIMEN","Lomatium lucidum"
"2430355000","Lomatium lucidum",-117.4899,34.280983,2001,4,14,"US","PRESERVED_SPECIMEN","Lomatium lucidum"
"2430123658","Lomatium lucidum",-117.4899,34.280983,2001,5,16,"US","PRESERVED_SPECIMEN","Lomatium lucidum"
"2430256984","Lomatium lucidum",-118.305944,34.20475,2000,4,25,"US","PRESERVED_SPECIMEN","Lomatium lucidum"
"2430384949","Lomatium lucidum",-117.925,34.175,2000,5,18,"US","PRESERVED_SPECIMEN","Lomatium lucidum"
"2422438490","Lomatium lucidum",-117.67861,34.1725,2000,6,25,"US","PRESERVED_SPECIMEN","Lomatium lucidum"
"2430497582","Lomatium lucidum",-117.678611,34.1725,2000,6,25,"US","PRESERVED_SPECIMEN","Lomatium lucidum"
"2430521005","Lomatium lucidum",-118.338361,34.227917,2000,6,6,"US","PRESERVED_SPECIMEN","Lomatium lucidum"
"2422320981","Lomatium lucidum",-117.05,33.60833,1999,4,22,"US","PRESERVED_SPECIMEN","Lomatium lucidum"
"2422324159","Lomatium lucidum",-117.4215,34.0435,1998,4,11,"US","PRESERVED_SPECIMEN","Lomatium lucidum"
"2422324748","Lomatium lucidum",-117.4215,34.0435,1998,5,1,"US","PRESERVED_SPECIMEN","Lomatium lucidum"
"2421751812","Lomatium lucidum",-116.866667,32.566667,1997,2,28,"US","PRESERVED_SPECIMEN","Lomatium lucidum"
"2422305356","Lomatium lucidum",-116.86667,32.56667,1997,2,28,"US","PRESERVED_SPECIMEN","Lomatium lucidum"
"2422409196","Lomatium lucidum",-117.08083,33.45278,1997,2,23,"US","PRESERVED_SPECIMEN","Lomatium lucidum"
"3125029652","Lomatium lucidum",-116.86667,32.56667,1997,2,28,"US","PRESERVED_SPECIMEN","Lomatium lucidum"
"2575151946","Lomatium lucidum",-118.99,34.06,1997,2,23,"US","PRESERVED_SPECIMEN","Lomatium lucidum"
"2430492199","Lomatium lucidum",-117.078056,33.4525,1997,2,23,"US","PRESERVED_SPECIMEN","Lomatium lucidum"
"2430410082","Lomatium lucidum",-116.866667,32.566667,1997,2,28,"US","PRESERVED_SPECIMEN","Lomatium lucidum"
"2430468113","Lomatium lucidum",-116.97031,33.47545,1997,3,13,"US","PRESERVED_SPECIMEN","Lomatium lucidum"
"2422434559","Lomatium lucidum",-117.485,34.17861,1997,4,4,"US","PRESERVED_SPECIMEN","Lomatium lucidum"
"2430515548","Lomatium lucidum",-117.485,34.178611,1997,4,4,"US","PRESERVED_SPECIMEN","Lomatium lucidum"
"2422308777","Lomatium lucidum",-116.85833,33.89167,1997,5,4,"US","PRESERVED_SPECIMEN","Lomatium lucidum"
"3125037642","Lomatium lucidum",-116.85833,33.89167,1997,5,4,"US","PRESERVED_SPECIMEN","Lomatium lucidum"
"2382632088","Lomatium lucidum",-116.9525,32.97111,1996,3,29,"US","PRESERVED_SPECIMEN","Lomatium lucidum"
"2422302757","Lomatium lucidum",-117.42667,34.29167,1996,5,5,"US","PRESERVED_SPECIMEN","Lomatium lucidum"
"2430232561","Lomatium lucidum",-116.967222,33.464167,1996,5,3,"US","PRESERVED_SPECIMEN","Lomatium lucidum"
"2422304075","Lomatium lucidum",-117.48639,34.2675,1996,6,1,"US","PRESERVED_SPECIMEN","Lomatium lucidum"
"3503180124","Lomatium lucidum",-117.48639,34.2675,1996,6,1,"US","PRESERVED_SPECIMEN","Lomatium lucidum"
"2422305484","Lomatium lucidum",-116.9775,33.44433,1995,4,11,"US","PRESERVED_SPECIMEN","Lomatium lucidum"
"2422432576","Lomatium lucidum",-117.47111,34.26528,1995,4,5,"US","PRESERVED_SPECIMEN","Lomatium lucidum"
"3053422742","Lomatium lucidum",-118.9617,34.148,1995,4,19,"US","PRESERVED_SPECIMEN","Lomatium lucidum"
"3125162633","Lomatium lucidum",-116.9775,33.44444,1995,4,11,"US","PRESERVED_SPECIMEN","Lomatium lucidum"
"2430405338","Lomatium lucidum",-117.471111,34.265278,1995,4,5,"US","PRESERVED_SPECIMEN","Lomatium lucidum"
"2430435351","Lomatium lucidum",-116.9775,33.444333,1995,4,11,"US","PRESERVED_SPECIMEN","Lomatium lucidum"
"2430452314","Lomatium lucidum",-117.0016056,33.4409924,1995,6,2,"US","PRESERVED_SPECIMEN","Lomatium lucidum"
"2422302267","Lomatium lucidum",-117.41667,34.3,1994,6,12,"US","PRESERVED_SPECIMEN","Lomatium lucidum"
"3053471654","Lomatium lucidum",-117.2412,32.6687,1993,3,31,"US","PRESERVED_SPECIMEN","Lomatium lucidum"
"2422291364","Lomatium lucidum",-117.43111,34.19222,1993,3,8,"US","PRESERVED_SPECIMEN","Lomatium lucidum"
"2422304281","Lomatium lucidum",-117.3125,34.19306,1993,4,29,"US","PRESERVED_SPECIMEN","Lomatium lucidum"
"2422290471","Lomatium lucidum",-116.98556,34.01861,1993,5,14,"US","PRESERVED_SPECIMEN","Lomatium lucidum"
"2430485823","Lomatium lucidum",-118.453485,34.355436,1993,5,19,"US","PRESERVED_SPECIMEN","Lomatium lucidum"
"2422290459","Lomatium lucidum",-117.52333,34.28528,1993,6,18,"US","PRESERVED_SPECIMEN","Lomatium lucidum"
"2430456037","Lomatium lucidum",-117.522778,34.284722,1993,6,18,"US","PRESERVED_SPECIMEN","Lomatium lucidum"
"2430229182","Lomatium lucidum",-118.897106,34.085563,1992,2,16,"US","PRESERVED_SPECIMEN","Lomatium lucidum"
"2422417062","Lomatium lucidum",-117.46667,33.55,1992,4,22,"US","PRESERVED_SPECIMEN","Lomatium lucidum"
"2430412971","Lomatium lucidum",-118.897106,34.085563,1992,4,14,"US","PRESERVED_SPECIMEN","Lomatium lucidum"
"2422381584","Lomatium lucidum",-116.99167,34.025,1992,5,22,"US","PRESERVED_SPECIMEN","Lomatium lucidum"
"3125160660","Lomatium lucidum",-117.4913,33.5721,1992,5,20,"US","PRESERVED_SPECIMEN","Lomatium lucidum"
"3949979374","Lomatium lucidum",-116.99167,34.025,1992,5,22,"US","PRESERVED_SPECIMEN","Lomatium lucidum"
"2430532047","Lomatium lucidum",-117.49,0.573056,1992,5,20,"US","PRESERVED_SPECIMEN","Lomatium lucidum"
"2270275927","Lomatium lucidum",-118.96508,34.056588,1991,3,10,"US","PRESERVED_SPECIMEN","Lomatium lucidum"
"3125038655","Lomatium lucidum",-117.26004,33.00392,1991,4,21,"US","PRESERVED_SPECIMEN","Lomatium lucidum"
"2382620988","Lomatium lucidum",-116.94445,32.97079,1991,5,4,"US","PRESERVED_SPECIMEN","Lomatium lucidum"
"3125029658","Lomatium lucidum",-117.24948,33.00809,1991,5,5,"US","PRESERVED_SPECIMEN","Lomatium lucidum"
"2422417315","Lomatium lucidum",-118.66306,35.15083,1991,6,6,"US","PRESERVED_SPECIMEN","Lomatium lucidum"
"2422288637","Lomatium lucidum",-116.97222,33.52083,1990,3,30,"US","PRESERVED_SPECIMEN","Lomatium lucidum"
"2430218777","Lomatium lucidum",-116.972778,33.519389,1990,3,30,"US","PRESERVED_SPECIMEN","Lomatium lucidum"
"2430166197","Lomatium lucidum",-116.956944,33.464167,1990,4,2,"US","PRESERVED_SPECIMEN","Lomatium lucidum"
"2422292118","Lomatium lucidum",-116.86667,33.45,1990,4,13,"US","PRESERVED_SPECIMEN","Lomatium lucidum"
"3125166645","Lomatium lucidum",-116.95694,33.46417,1990,4,2,"US","PRESERVED_SPECIMEN","Lomatium lucidum"
"2430390131","Lomatium lucidum",-116.971927,33.461553,1990,4,28,"US","PRESERVED_SPECIMEN","Lomatium lucidum"
"2422291684","Lomatium lucidum",-116.96667,33.45,1990,5,11,"US","PRESERVED_SPECIMEN","Lomatium lucidum"
"2430217714","Lomatium lucidum",-118.31701,34.300655,1990,5,15,"US","PRESERVED_SPECIMEN","Lomatium lucidum"
"2422290673","Lomatium lucidum",-117.59833,33.83167,1990,6,16,"US","PRESERVED_SPECIMEN","Lomatium lucidum"
"2430214088","Lomatium lucidum",-117.49581,34.27836,1990,6,18,"US","PRESERVED_SPECIMEN","Lomatium lucidum"
"2430129515","Lomatium lucidum",-116.977778,33.494167,1989,3,12,"US","PRESERVED_SPECIMEN","Lomatium lucidum"
"2430292854","Lomatium lucidum",-117.01062,33.49735,1989,4,1,"US","PRESERVED_SPECIMEN","Lomatium lucidum"
"2430204607","Lomatium lucidum",-117.678288,34.170841,1989,5,21,"US","PRESERVED_SPECIMEN","Lomatium lucidum"
"2430427249","Lomatium lucidum",-117.897778,34.218889,1987,4,14,"US","PRESERVED_SPECIMEN","Lomatium lucidum"
"2422290843","Lomatium lucidum",-116.45722,32.74972,1985,4,27,"US","PRESERVED_SPECIMEN","Lomatium lucidum"
"2430074750","Lomatium lucidum",-116.988889,34.171111,1985,5,31,"US","PRESERVED_SPECIMEN","Lomatium lucidum"
"2430278851","Lomatium lucidum",-117.466111,34.222222,1985,5,12,"US","PRESERVED_SPECIMEN","Lomatium lucidum"
"2422277418","Lomatium lucidum",-116.84333,32.62111,1982,3,19,"US","PRESERVED_SPECIMEN","Lomatium lucidum"
"3125030626","Lomatium lucidum",-116.57253,32.76409,1982,5,30,"US","PRESERVED_SPECIMEN","Lomatium lucidum"
"3125034657","Lomatium lucidum",-117.24332,32.70256,1980,NA,NA,"US","PRESERVED_SPECIMEN","Lomatium lucidum"
"3125159664","Lomatium lucidum",-117.24332,32.70256,1980,NA,NA,"US","PRESERVED_SPECIMEN","Lomatium lucidum"
"3059665432","Lomatium lucidum",-117.143833,33.043768,1978,4,19,"US","PRESERVED_SPECIMEN","Lomatium lucidum"
"3079208613","Lomatium lucidum",-117.526889,34.239889,1978,5,20,"US","PRESERVED_SPECIMEN","Lomatium lucidum"
"3079209201","Lomatium lucidum",-117.526889,34.239889,1977,4,28,"US","PRESERVED_SPECIMEN","Lomatium lucidum"
"3079207543","Lomatium lucidum",-117.526889,34.239889,1976,5,20,"US","PRESERVED_SPECIMEN","Lomatium lucidum"
"2575151501","Lomatium lucidum",-118.26,34.31,1976,5,7,"US","PRESERVED_SPECIMEN","Lomatium lucidum"
"2422406256","Lomatium lucidum",-117.25472,32.94972,1973,5,20,"US","PRESERVED_SPECIMEN","Lomatium lucidum"
"3125034654","Lomatium lucidum",-116.70788,32.71668,1973,5,23,"US","PRESERVED_SPECIMEN","Lomatium lucidum"
"2430225791","Lomatium lucidum",-117.25453,32.95002,1973,5,7,"US","PRESERVED_SPECIMEN","Lomatium lucidum"
"3053354732","Lomatium lucidum",-117.25453,32.9507,1973,5,20,"US","PRESERVED_SPECIMEN","Lomatium lucidum"
"2430054250","Lomatium lucidum",-117.683611,34.166069,1973,6,2,"US","PRESERVED_SPECIMEN","Lomatium lucidum"
"2422276188","Lomatium lucidum",-117.25,32.88333,1973,10,3,"US","PRESERVED_SPECIMEN","Lomatium lucidum"
"2430045629","Lomatium lucidum",-117.66812,34.1771,1971,4,16,"US","PRESERVED_SPECIMEN","Lomatium lucidum"
"2382638265","Lomatium lucidum",-116.46978,32.74126,1971,6,26,"US","PRESERVED_SPECIMEN","Lomatium lucidum"
"2422318265","Lomatium lucidum",-116.80167,33.63917,1969,4,17,"US","PRESERVED_SPECIMEN","Lomatium lucidum"
"3125032656","Lomatium lucidum",-116.68333,32.57917,1969,4,26,"US","PRESERVED_SPECIMEN","Lomatium lucidum"
"2422292115","Lomatium lucidum",-117.86722,34.15111,1969,5,5,"US","PRESERVED_SPECIMEN","Lomatium lucidum"
"2422397359","Lomatium lucidum",-118.29881,34.316,1968,7,1,"US","PRESERVED_SPECIMEN","Lomatium lucidum"
"2382623246","Lomatium lucidum",-116.438,32.8941,1967,5,13,"US","PRESERVED_SPECIMEN","Lomatium lucidum"
"3413533392","Lomatium lucidum",-117.617918,33.839575,1966,3,23,"US","PRESERVED_SPECIMEN","Lomatium lucidum"
"3091194446","Lomatium lucidum",-117.253047,32.920296,1965,4,16,"US","PRESERVED_SPECIMEN","Lomatium lucidum"
"2422275966","Lomatium lucidum",-117.11667,33.48333,1965,5,26,"US","PRESERVED_SPECIMEN","Lomatium lucidum"
"2270200339","Lomatium lucidum",-117.603952,33.83654,1962,4,13,"US","PRESERVED_SPECIMEN","Lomatium lucidum"
"3312872326","Lomatium lucidum",-117.603952,33.83654,1962,4,13,"US","PRESERVED_SPECIMEN","Lomatium lucidum"
"2422275905","Lomatium lucidum",-117.22528,33.54083,1962,5,13,"US","PRESERVED_SPECIMEN","Lomatium lucidum"
"2422277446","Lomatium lucidum",-117.61833,33.79778,1960,5,30,"US","PRESERVED_SPECIMEN","Lomatium lucidum"
"3125034653","Lomatium lucidum",-118.45579,34.41605,1959,5,8,"US","PRESERVED_SPECIMEN","Lomatium lucidum"
"2430123582","Lomatium lucidum",-117.2794,34.1845,1957,5,16,"US","PRESERVED_SPECIMEN","Lomatium lucidum"
"3125167654","Lomatium lucidum",-117.2682,32.95872,1957,5,19,"US","PRESERVED_SPECIMEN","Lomatium lucidum"
"3425154701","Lomatium lucidum",-118.8965609,34.046163,1957,5,1,"US","PRESERVED_SPECIMEN","Lomatium lucidum"
"2430034404","Lomatium lucidum",-116.96835,33.46553,1944,4,5,"US","PRESERVED_SPECIMEN","Lomatium lucidum"
"3125163648","Lomatium lucidum",-116.93614,32.69617,1939,4,30,"US","PRESERVED_SPECIMEN","Lomatium lucidum"
"2430216985","Lomatium lucidum",-116.8018,33.6401,1939,4,22,"US","PRESERVED_SPECIMEN","Lomatium lucidum"
"2430369665","Lomatium lucidum",-117.279897,34.203986,1939,5,20,"US","PRESERVED_SPECIMEN","Lomatium lucidum"
"3125168644","Lomatium lucidum",-116.51363,32.94033,1938,5,27,"US","PRESERVED_SPECIMEN","Lomatium lucidum"
"2430032552","Lomatium lucidum",-116.4806,32.8433,1938,7,7,"US","PRESERVED_SPECIMEN","Lomatium lucidum"
"3125032654","Lomatium lucidum",-117.24517,32.69483,1937,3,1,"US","PRESERVED_SPECIMEN","Lomatium lucidum"
"2382622892","Lomatium lucidum",-116.76363,32.702,1936,3,29,"US","PRESERVED_SPECIMEN","Lomatium lucidum"
"3125038643","Lomatium lucidum",-116.50701,32.98492,1936,3,1,"US","PRESERVED_SPECIMEN","Lomatium lucidum"
"2430428817","Lomatium lucidum",-117.65802,34.16605,1936,6,25,"US","PRESERVED_SPECIMEN","Lomatium lucidum"
"3125035625","Lomatium lucidum",-116.9302,32.71179,1935,3,28,"US","PRESERVED_SPECIMEN","Lomatium lucidum"
"3125037637","Lomatium lucidum",-116.84391,32.59478,1935,6,26,"US","PRESERVED_SPECIMEN","Lomatium lucidum"
"2270255714","Lomatium lucidum",-117.3331,34.2182,1932,6,10,"US","PRESERVED_SPECIMEN","Lomatium lucidum"
"3125036632","Lomatium lucidum",-117.3701,34.1059,1931,3,12,"US","PRESERVED_SPECIMEN","Lomatium lucidum"
"3406820991","Lomatium lucidum",-118.2817897,34.2263492,1931,4,25,"US","PRESERVED_SPECIMEN","Lomatium lucidum"
"3425154704","Lomatium lucidum",-118.897684,34.0479489,1931,4,18,"US","PRESERVED_SPECIMEN","Lomatium lucidum"
"2430468578","Lomatium lucidum",-118.897478,34.057999,1931,4,18,"US","PRESERVED_SPECIMEN","Lomatium lucidum"
"3125038642","Lomatium lucidum",-117.2519,32.7506,1930,NA,NA,"US","PRESERVED_SPECIMEN","Lomatium lucidum"
"2430111807","Lomatium lucidum",-117.27226,32.84449,1929,3,3,"US","PRESERVED_SPECIMEN","Lomatium lucidum"
"2430444915","Lomatium lucidum",-119.5185,34.3989,1929,4,6,"US","PRESERVED_SPECIMEN","Lomatium lucidum"
"2430203071","Lomatium lucidum",-117.6217,34.1859,1929,6,28,"US","PRESERVED_SPECIMEN","Lomatium lucidum"
"3053363727","Lomatium lucidum",-117.2514,32.9135,1928,1,NA,"US","PRESERVED_SPECIMEN","Lomatium lucidum"
"3053451754","Lomatium lucidum",-118.211,34.146,1928,2,NA,"US","PRESERVED_SPECIMEN","Lomatium lucidum"
"2430302750","Lomatium lucidum",-117.68955,33.85162,1927,6,26,"US","PRESERVED_SPECIMEN","Lomatium lucidum"
"2430338046","Lomatium lucidum",-116.19,32.6176,1926,5,31,"US","PRESERVED_SPECIMEN","Lomatium lucidum"
"2430335908","Lomatium lucidum",-117.843056,34.235556,1925,4,23,"US","PRESERVED_SPECIMEN","Lomatium lucidum"
"2430455284","Lomatium lucidum",-117.7405,33.5341,1925,5,14,"US","PRESERVED_SPECIMEN","Lomatium lucidum"
"2430389708","Lomatium lucidum",-116.8628,33.4429,1925,12,23,"US","PRESERVED_SPECIMEN","Lomatium lucidum"
"2430368950","Lomatium lucidum",-116.98769,33.89664,1922,4,25,"US","PRESERVED_SPECIMEN","Lomatium lucidum"
"2430118372","Lomatium lucidum",-117.769167,34.165278,1920,5,2,"US","PRESERVED_SPECIMEN","Lomatium lucidum"
"2430462568","Lomatium lucidum",-117.2514,32.9135,1920,5,15,"US","PRESERVED_SPECIMEN","Lomatium lucidum"
"2430536613","Lomatium lucidum",-117.769167,34.165278,1920,5,2,"US","PRESERVED_SPECIMEN","Lomatium lucidum"
"2430381639","Lomatium lucidum",-117.2514,32.9135,1917,3,2,"US","PRESERVED_SPECIMEN","Lomatium lucidum"
"2430314315","Lomatium lucidum",-117.706132,34.179854,1917,7,1,"US","PRESERVED_SPECIMEN","Lomatium lucidum"
"2430204627","Lomatium lucidum",-117.291902,34.113067,1901,4,27,"US","PRESERVED_SPECIMEN","Lomatium lucidum"
"2430431899","Lomatium lucidum",-117.12945,32.73409,1898,NA,NA,"US","PRESERVED_SPECIMEN","Lomatium lucidum"
"2430106247","Lomatium lucidum",-118.121454,34.152867,1893,2,15,"US","PRESERVED_SPECIMEN","Lomatium lucidum"
"2430148533","Lomatium lucidum",-117.38445,34.13937,1891,4,4,"US","PRESERVED_SPECIMEN","Lomatium lucidum"
"2430160964","Lomatium lucidum",-117.38445,34.13937,1891,4,4,"US","PRESERVED_SPECIMEN","Lomatium lucidum"
"3125159658","Lomatium lucidum",-117.24087,32.67172,1884,3,12,"US","PRESERVED_SPECIMEN","Lomatium lucidum"
"3125161655","Lomatium lucidum",-117.24087,32.67172,1884,3,1,"US","PRESERVED_SPECIMEN","Lomatium lucidum"
"3125034651","Lomatium lucidum",-117.24517,32.69483,1883,3,17,"US","PRESERVED_SPECIMEN","Lomatium lucidum"
"1927866551","Lomatium lucidum",-117.1572,32.7153,1850,3,NA,"US","PRESERVED_SPECIMEN","Lomatium lucidum"
"2430050517","Lomatium lucidum",-117.428354,34.325158,NA,NA,NA,"US","PRESERVED_SPECIMEN","Lomatium lucidum"
"1055635292","Lomatium lucidum",-119.4178,36.7781,NA,NA,NA,"US","PRESERVED_SPECIMEN","Lomatium lucidum"
"3125037636","Lomatium lucidum",-117.2565,32.7331,NA,NA,NA,"US","PRESERVED_SPECIMEN","Lomatium lucidum"
"1928798030","Lomatium lucidum",-117.1572,32.7153,NA,NA,NA,"US","PRESERVED_SPECIMEN","Lomatium lucidum"
"2430522376","Lomatium lucidum",-118.373394,34.11092,NA,NA,NA,"US","PRESERVED_SPECIMEN","Lomatium lucidum"
