"gbifID","species","longitude","latitude","year","month","day","countryCode","basisOfRecord","accepted_name"
"4076348895","Lomatium marginatum",-122.526244,40.631317,2023,3,27,"US","HUMAN_OBSERVATION","Lomatium marginatum"
"4076411778","Lomatium marginatum",-121.573342,39.814422,2023,4,3,"US","HUMAN_OBSERVATION","Lomatium marginatum"
"4171326506","Lomatium marginatum",-121.124987,39.209855,2023,6,5,"US","HUMAN_OBSERVATION","Lomatium marginatum"
"4070450412","Lomatium marginatum",-122.412778,39.800833,2022,1,31,"US","PRESERVED_SPECIMEN","Lomatium marginatum"
"4075720606","Lomatium marginatum",-121.577567,39.814448,2022,3,12,"US","HUMAN_OBSERVATION","Lomatium marginatum"
"4075679585","Lomatium marginatum",-121.532866,39.673199,2022,3,12,"US","HUMAN_OBSERVATION","Lomatium marginatum"
"4070450410","Lomatium marginatum",-122.412778,39.800833,2022,3,20,"US","PRESERVED_SPECIMEN","Lomatium marginatum"
"3759542332","Lomatium marginatum",-122.502731,38.653603,2022,4,15,"US","HUMAN_OBSERVATION","Lomatium marginatum"
"3773084085","Lomatium marginatum",-121.043841,39.21871,2022,5,3,"US","HUMAN_OBSERVATION","Lomatium marginatum"
"3343977440","Lomatium marginatum",-122.22307,38.529063,2021,2,28,"US","HUMAN_OBSERVATION","Lomatium marginatum"
"3343965437","Lomatium marginatum",-122.223428,38.529578,2021,2,28,"US","HUMAN_OBSERVATION","Lomatium marginatum"
"4096543373","Lomatium marginatum",-122.373931,38.811531,2021,3,5,"US","HUMAN_OBSERVATION","Lomatium marginatum"
"3097264507","Lomatium marginatum",-122.518661,40.623675,2021,3,13,"US","HUMAN_OBSERVATION","Lomatium marginatum"
"3337538510","Lomatium marginatum",-122.503053,38.654255,2021,3,24,"US","HUMAN_OBSERVATION","Lomatium marginatum"
"3070685836","Lomatium marginatum",-122.505975,38.649402,2021,3,27,"US","HUMAN_OBSERVATION","Lomatium marginatum"
"3090695230","Lomatium marginatum",-122.408787,38.69772,2021,4,9,"US","HUMAN_OBSERVATION","Lomatium marginatum"
"3090906595","Lomatium marginatum",-122.447833,38.697239,2021,4,10,"US","HUMAN_OBSERVATION","Lomatium marginatum"
"3090900685","Lomatium marginatum",-122.476369,38.710675,2021,4,10,"US","HUMAN_OBSERVATION","Lomatium marginatum"
"3112789443","Lomatium marginatum",-122.502716,38.653653,2021,4,30,"US","HUMAN_OBSERVATION","Lomatium marginatum"
"4068917397","Lomatium marginatum",-122.445528,38.696028,2021,5,7,"US","PRESERVED_SPECIMEN","Lomatium marginatum"
"4069006932","Lomatium marginatum",-122.445528,38.696028,2021,5,7,"US","PRESERVED_SPECIMEN","Lomatium marginatum"
"4069036762","Lomatium marginatum",-122.5302,41.435,2021,6,6,"US","PRESERVED_SPECIMEN","Lomatium marginatum"
"4068908302","Lomatium marginatum",-122.40834,41.02995,2021,6,6,"US","PRESERVED_SPECIMEN","Lomatium marginatum"
"4069039623","Lomatium marginatum",-122.40834,41.02995,2021,6,6,"US","PRESERVED_SPECIMEN","Lomatium marginatum"
"4068937376","Lomatium marginatum",-122.5302,41.435,2021,6,6,"US","PRESERVED_SPECIMEN","Lomatium marginatum"
"2597933879","Lomatium marginatum",-121.106613,39.208393,2020,4,7,"US","HUMAN_OBSERVATION","Lomatium marginatum"
"2854883303","Lomatium marginatum",-121.10614,39.17612,2020,5,3,"US","PRESERVED_SPECIMEN","Lomatium marginatum"
"2238787315","Lomatium marginatum",-122.575997,38.777697,2019,4,7,"US","HUMAN_OBSERVATION","Lomatium marginatum"
"2595831532","Lomatium marginatum",-121.555167,39.763056,2019,5,10,"US","PRESERVED_SPECIMEN","Lomatium marginatum"
"2626908309","Lomatium marginatum",-121.444444,39.5175,2019,5,14,"US","PRESERVED_SPECIMEN","Lomatium marginatum"
"4068894816","Lomatium marginatum",-121.555167,39.763056,2019,5,10,"US","PRESERVED_SPECIMEN","Lomatium marginatum"
"4068947184","Lomatium marginatum",-121.444444,39.5175,2019,5,14,"US","PRESERVED_SPECIMEN","Lomatium marginatum"
"3005245182","Lomatium marginatum",-121.218278,38.651433,2018,3,10,"US","HUMAN_OBSERVATION","Lomatium marginatum"
"1841259526","Lomatium marginatum",-122.762495,38.732682,2018,4,29,"US","HUMAN_OBSERVATION","Lomatium marginatum"
"2238772466","Lomatium marginatum",-122.385843,38.844505,2018,4,30,"US","HUMAN_OBSERVATION","Lomatium marginatum"
"1841299113","Lomatium marginatum",-122.385933,38.844753,2018,4,30,"US","HUMAN_OBSERVATION","Lomatium marginatum"
"1457587568","Lomatium marginatum",-120.700811,38.221241,2017,3,26,"US","HUMAN_OBSERVATION","Lomatium marginatum"
"2418053958","Lomatium marginatum",-121.577222,39.8475,2017,4,30,"US","PRESERVED_SPECIMEN","Lomatium marginatum"
"2518070308","Lomatium marginatum",-122.410881,38.858869,2017,4,15,"US","HUMAN_OBSERVATION","Lomatium marginatum"
"4069034779","Lomatium marginatum",-120.184608,37.65852,2016,4,17,"US","PRESERVED_SPECIMEN","Lomatium marginatum"
"4069030448","Lomatium marginatum",-120.184608,37.65858,2016,4,17,"US","PRESERVED_SPECIMEN","Lomatium marginatum"
"4069008216","Lomatium marginatum",-120.184608,37.616646,2016,4,3,"US","PRESERVED_SPECIMEN","Lomatium marginatum"
"4069034670","Lomatium marginatum",-120.142128,37.649429,2016,4,3,"US","PRESERVED_SPECIMEN","Lomatium marginatum"
"2418044321","Lomatium marginatum",-121.487778,39.349722,2016,5,14,"US","PRESERVED_SPECIMEN","Lomatium marginatum"
"4171362302","Lomatium marginatum",-122.578973,38.77779,2016,5,1,"US","HUMAN_OBSERVATION","Lomatium marginatum"
"4069044689","Lomatium marginatum",-122.252464,38.57758,2016,5,13,"US","PRESERVED_SPECIMEN","Lomatium marginatum"
"4068905659","Lomatium marginatum",-121.487861,39.349806,2016,5,14,"US","PRESERVED_SPECIMEN","Lomatium marginatum"
"2418045182","Lomatium marginatum",-121.316667,39.526944,2016,6,4,"US","PRESERVED_SPECIMEN","Lomatium marginatum"
"4068911992","Lomatium marginatum",-121.316778,39.526833,2016,6,4,"US","PRESERVED_SPECIMEN","Lomatium marginatum"
"2421778191","Lomatium marginatum",-122.322772,38.808836,2015,3,7,"US","PRESERVED_SPECIMEN","Lomatium marginatum"
"2421773770","Lomatium marginatum",-122.4475,38.695833,2015,5,10,"US","PRESERVED_SPECIMEN","Lomatium marginatum"
"3758998315","Lomatium marginatum",-122.551176,4.10703,2015,5,18,"US","PRESERVED_SPECIMEN","Lomatium marginatum"
"2430133910","Lomatium marginatum",-122.598827,39.64616,2014,3,24,"US","PRESERVED_SPECIMEN","Lomatium marginatum"
"1986635162","Lomatium marginatum",-122.578776,38.678351,2014,4,29,"US","HUMAN_OBSERVATION","Lomatium marginatum"
"899978530","Lomatium marginatum",-122.558729,38.790647,2014,4,29,"US","HUMAN_OBSERVATION","Lomatium marginatum"
"2418057108","Lomatium marginatum",-121.478889,39.780833,2012,6,23,"US","PRESERVED_SPECIMEN","Lomatium marginatum"
"4068923156","Lomatium marginatum",-121.478889,39.780833,2012,6,23,"US","PRESERVED_SPECIMEN","Lomatium marginatum"
"2422477192","Lomatium marginatum",-120.82944,38.71472,2011,4,12,"US","PRESERVED_SPECIMEN","Lomatium marginatum"
"3125035636","Lomatium marginatum",-120.82944,38.71472,2011,4,12,"US","PRESERVED_SPECIMEN","Lomatium marginatum"
"2418047371","Lomatium marginatum",-122.606389,39.631389,2011,5,22,"US","PRESERVED_SPECIMEN","Lomatium marginatum"
"2418055855","Lomatium marginatum",-122.598611,39.411667,2011,5,11,"US","PRESERVED_SPECIMEN","Lomatium marginatum"
"4068896403","Lomatium marginatum",-122.598611,39.411667,2011,5,11,"US","PRESERVED_SPECIMEN","Lomatium marginatum"
"4068906856","Lomatium marginatum",-122.606389,39.631389,2011,5,22,"US","PRESERVED_SPECIMEN","Lomatium marginatum"
"2422477876","Lomatium marginatum",-121.12306,39.20944,2011,6,2,"US","PRESERVED_SPECIMEN","Lomatium marginatum"
"2422484930","Lomatium marginatum",-121.09167,39.20861,2011,6,2,"US","PRESERVED_SPECIMEN","Lomatium marginatum"
"2430533858","Lomatium marginatum",-121.123056,39.209444,2011,6,2,"US","PRESERVED_SPECIMEN","Lomatium marginatum"
"2418038220","Lomatium marginatum",-122.035833,40.196944,2010,4,6,"US","PRESERVED_SPECIMEN","Lomatium marginatum"
"2421711772","Lomatium marginatum",-122.473333,38.93,2010,5,12,"US","PRESERVED_SPECIMEN","Lomatium marginatum"
"2421712139","Lomatium marginatum",-122.495833,38.921389,2010,6,16,"US","PRESERVED_SPECIMEN","Lomatium marginatum"
"2421712525","Lomatium marginatum",-122.471944,38.93,2010,6,26,"US","PRESERVED_SPECIMEN","Lomatium marginatum"
"2418010740","Lomatium marginatum",-121.483889,39.803056,2009,3,19,"US","PRESERVED_SPECIMEN","Lomatium marginatum"
"2418010135","Lomatium marginatum",-121.483889,39.803056,2009,4,4,"US","PRESERVED_SPECIMEN","Lomatium marginatum"
"2418011232","Lomatium marginatum",-121.483889,39.803056,2009,4,4,"US","PRESERVED_SPECIMEN","Lomatium marginatum"
"2418047921","Lomatium marginatum",-121.917778,40.196944,2009,4,25,"US","PRESERVED_SPECIMEN","Lomatium marginatum"
"2422442335","Lomatium marginatum",-120.81861,38.8725,2008,4,25,"US","PRESERVED_SPECIMEN","Lomatium marginatum"
"2418050044","Lomatium marginatum",-121.116667,39.213611,2008,4,2,"US","PRESERVED_SPECIMEN","Lomatium marginatum"
"2421707296","Lomatium marginatum",-120.817376,38.870137,2008,5,17,"US","PRESERVED_SPECIMEN","Lomatium marginatum"
"2421738531","Lomatium marginatum",-121.245,39.421667,2008,5,5,"US","PRESERVED_SPECIMEN","Lomatium marginatum"
"2418050388","Lomatium marginatum",-121.116667,39.213611,2008,6,3,"US","PRESERVED_SPECIMEN","Lomatium marginatum"
"2418054474","Lomatium marginatum",-121.543889,39.771389,2007,5,6,"US","PRESERVED_SPECIMEN","Lomatium marginatum"
"2421709347","Lomatium marginatum",-120.130046,37.563775,2006,4,27,"US","PRESERVED_SPECIMEN","Lomatium marginatum"
"2421710514","Lomatium marginatum",-121.551724,39.771433,2006,5,23,"US","PRESERVED_SPECIMEN","Lomatium marginatum"
"2418044290","Lomatium marginatum",-121.550556,39.598889,2006,5,8,"US","PRESERVED_SPECIMEN","Lomatium marginatum"
"2418056430","Lomatium marginatum",-121.548056,39.83,2006,5,14,"US","PRESERVED_SPECIMEN","Lomatium marginatum"
"2418054112","Lomatium marginatum",-121.291944,39.465,2006,5,24,"US","PRESERVED_SPECIMEN","Lomatium marginatum"
"2418056400","Lomatium marginatum",-121.314444,39.484167,2006,5,24,"US","PRESERVED_SPECIMEN","Lomatium marginatum"
"2430393695","Lomatium marginatum",-121.550667,39.59875,2006,5,8,"US","PRESERVED_SPECIMEN","Lomatium marginatum"
"2430450327","Lomatium marginatum",-121.548056,39.83,2006,5,14,"US","PRESERVED_SPECIMEN","Lomatium marginatum"
"2421701404","Lomatium marginatum",-122.21537,38.52363,2005,3,28,"US","PRESERVED_SPECIMEN","Lomatium marginatum"
"2421707409","Lomatium marginatum",-120.136592,37.617737,2005,4,18,"US","PRESERVED_SPECIMEN","Lomatium marginatum"
"2421708401","Lomatium marginatum",-120.37846,37.816413,2005,5,2,"US","PRESERVED_SPECIMEN","Lomatium marginatum"
"2418003079","Lomatium marginatum",-122.524167,39.788611,2002,3,28,"US","PRESERVED_SPECIMEN","Lomatium marginatum"
"4041225431","Lomatium marginatum",-122.370556,38.856389,2002,4,13,"US","PRESERVED_SPECIMEN","Lomatium marginatum"
"2270204653","Lomatium marginatum",-120.756836,38.275642,2002,5,17,"US","PRESERVED_SPECIMEN","Lomatium marginatum"
"2417999508","Lomatium marginatum",-122.670278,39.825556,2001,5,30,"US","PRESERVED_SPECIMEN","Lomatium marginatum"
"2417995262","Lomatium marginatum",-122.382222,39.335556,1999,3,23,"US","PRESERVED_SPECIMEN","Lomatium marginatum"
"2430043015","Lomatium marginatum",-119.376667,36.802222,1999,4,11,"US","PRESERVED_SPECIMEN","Lomatium marginatum"
"2417996538","Lomatium marginatum",-121.845556,40.276944,1999,4,12,"US","PRESERVED_SPECIMEN","Lomatium marginatum"
"2417996759","Lomatium marginatum",-122.522778,39.801111,1999,4,9,"US","PRESERVED_SPECIMEN","Lomatium marginatum"
"2417995736","Lomatium marginatum",-122.326389,39.340833,1999,4,12,"US","PRESERVED_SPECIMEN","Lomatium marginatum"
"2417995365","Lomatium marginatum",-122.587778,40.072778,1999,5,18,"US","PRESERVED_SPECIMEN","Lomatium marginatum"
"2417988878","Lomatium marginatum",-122.479167,40.225833,1998,4,27,"US","PRESERVED_SPECIMEN","Lomatium marginatum"
"2417999752","Lomatium marginatum",-122.543056,39.7825,1998,4,29,"US","PRESERVED_SPECIMEN","Lomatium marginatum"
"3059683769","Lomatium marginatum",-122.479167,40.225833,1998,4,27,"US","PRESERVED_SPECIMEN","Lomatium marginatum"
"2422494905","Lomatium marginatum",-122.80361,38.67972,1998,6,10,"US","PRESERVED_SPECIMEN","Lomatium marginatum"
"2417988261","Lomatium marginatum",-121.318889,39.271111,1997,4,6,"US","PRESERVED_SPECIMEN","Lomatium marginatum"
"3059703599","Lomatium marginatum",-121.5667,39.85,1997,5,7,"US","PRESERVED_SPECIMEN","Lomatium marginatum"
"2418013344","Lomatium marginatum",-122.519444,39.612222,1996,3,7,"US","PRESERVED_SPECIMEN","Lomatium marginatum"
"2418012742","Lomatium marginatum",-122.519444,39.612222,1996,3,7,"US","PRESERVED_SPECIMEN","Lomatium marginatum"
"2417984182","Lomatium marginatum",-122.110833,40.299722,1996,5,20,"US","PRESERVED_SPECIMEN","Lomatium marginatum"
"2421706594","Lomatium marginatum",-122.23868,38.477275,1996,6,22,"US","PRESERVED_SPECIMEN","Lomatium marginatum"
"2421772609","Lomatium marginatum",-120.816667,38.566667,1994,4,23,"US","PRESERVED_SPECIMEN","Lomatium marginatum"
"3059703610","Lomatium marginatum",-120.9581,38.5233,1994,4,23,"US","PRESERVED_SPECIMEN","Lomatium marginatum"
"1849165208","Lomatium marginatum",-120.816667,38.566667,1994,4,23,"US","PRESERVED_SPECIMEN","Lomatium marginatum"
"3059703598","Lomatium marginatum",-121.1556,38.6425,1993,4,12,"US","PRESERVED_SPECIMEN","Lomatium marginatum"
"3059703618","Lomatium marginatum",-121.1464,38.6417,1993,4,12,"US","PRESERVED_SPECIMEN","Lomatium marginatum"
"2430335192","Lomatium marginatum",-122.524326,40.936103,1993,5,22,"US","PRESERVED_SPECIMEN","Lomatium marginatum"
"2421771904","Lomatium marginatum",-122.3,38.516667,1992,4,15,"US","PRESERVED_SPECIMEN","Lomatium marginatum"
"2417976273","Lomatium marginatum",-122.168333,40.390833,1991,4,11,"US","PRESERVED_SPECIMEN","Lomatium marginatum"
"4068933829","Lomatium marginatum",-122.5645,40.2666,1991,5,18,"US","PRESERVED_SPECIMEN","Lomatium marginatum"
"3125159669","Lomatium marginatum",-122.5696,40.2636,1991,5,18,"US","PRESERVED_SPECIMEN","Lomatium marginatum"
"3059703604","Lomatium marginatum",-121.1939,38.6472,1991,6,2,"US","PRESERVED_SPECIMEN","Lomatium marginatum"
"3059703601","Lomatium marginatum",-123.7667,42.0167,1990,4,28,"US","PRESERVED_SPECIMEN","Lomatium marginatum"
"3059703607","Lomatium marginatum",-121.1939,38.6472,1990,4,20,"US","PRESERVED_SPECIMEN","Lomatium marginatum"
"3059703617","Lomatium marginatum",-123.7667,42.0167,1990,4,28,"US","PRESERVED_SPECIMEN","Lomatium marginatum"
"2421773238","Lomatium marginatum",-120.95,38.616667,1990,5,21,"US","PRESERVED_SPECIMEN","Lomatium marginatum"
"4040390306","Lomatium marginatum",-122.583333,39.783333,1990,5,5,"US","PRESERVED_SPECIMEN","Lomatium marginatum"
"3059703600","Lomatium marginatum",-121.1939,38.6472,1990,5,21,"US","PRESERVED_SPECIMEN","Lomatium marginatum"
"2417973027","Lomatium marginatum",-121.488056,39.351111,1989,5,26,"US","PRESERVED_SPECIMEN","Lomatium marginatum"
"3091204906","Lomatium marginatum",-117.918634,35.603399,1988,3,15,"US","PRESERVED_SPECIMEN","Lomatium marginatum"
"3320768350","Lomatium marginatum",-122.050389,40.674306,1988,5,17,"US","PRESERVED_SPECIMEN","Lomatium marginatum"
"2421774869","Lomatium marginatum",-122.325278,38.59,1987,5,23,"US","PRESERVED_SPECIMEN","Lomatium marginatum"
"2417969778","Lomatium marginatum",-122.332778,39.824444,1986,2,25,"US","PRESERVED_SPECIMEN","Lomatium marginatum"
"2417966448","Lomatium marginatum",-122.594167,39.650278,1986,4,23,"US","PRESERVED_SPECIMEN","Lomatium marginatum"
"2417968816","Lomatium marginatum",-121.528889,39.667778,1986,4,3,"US","PRESERVED_SPECIMEN","Lomatium marginatum"
"2417973272","Lomatium marginatum",-121.488056,39.797778,1985,4,3,"US","PRESERVED_SPECIMEN","Lomatium marginatum"
"3320797108","Lomatium marginatum",-122.616417,38.824,1985,4,16,"US","PRESERVED_SPECIMEN","Lomatium marginatum"
"2417966011","Lomatium marginatum",-121.484722,39.798056,1985,5,15,"US","PRESERVED_SPECIMEN","Lomatium marginatum"
"2417969533","Lomatium marginatum",-121.357222,39.487222,1985,6,15,"US","PRESERVED_SPECIMEN","Lomatium marginatum"
"3320788022","Lomatium marginatum",-122.337778,38.619278,1984,5,26,"US","PRESERVED_SPECIMEN","Lomatium marginatum"
"3320786812","Lomatium marginatum",-120.471611,37.857972,1984,5,10,"US","PRESERVED_SPECIMEN","Lomatium marginatum"
"2417971543","Lomatium marginatum",-122.38,39.742222,1983,2,21,"US","PRESERVED_SPECIMEN","Lomatium marginatum"
"2417966950","Lomatium marginatum",-121.466111,39.648333,1983,6,21,"US","PRESERVED_SPECIMEN","Lomatium marginatum"
"3320785049","Lomatium marginatum",-122.603722,38.6755,1982,5,9,"US","PRESERVED_SPECIMEN","Lomatium marginatum"
"2421777436","Lomatium marginatum",-122.699167,38.7675,1982,6,8,"US","PRESERVED_SPECIMEN","Lomatium marginatum"
"2982004466","Lomatium marginatum",-122.360883,38.767363,1981,4,14,"US","PRESERVED_SPECIMEN","Lomatium marginatum"
"2982042468","Lomatium marginatum",-122.365264,38.832997,1981,4,14,"US","PRESERVED_SPECIMEN","Lomatium marginatum"
"2982021832","Lomatium marginatum",-121.4739,39.8074,1981,4,8,"US","PRESERVED_SPECIMEN","Lomatium marginatum"
"2417962225","Lomatium marginatum",-121.483056,39.693889,1981,4,8,"US","PRESERVED_SPECIMEN","Lomatium marginatum"
"2417961525","Lomatium marginatum",-121.448611,39.5125,1981,4,16,"US","PRESERVED_SPECIMEN","Lomatium marginatum"
"3320760946","Lomatium marginatum",-122.278111,38.492528,1981,4,26,"US","PRESERVED_SPECIMEN","Lomatium marginatum"
"3320793359","Lomatium marginatum",-122.365028,38.836194,1981,4,6,"US","PRESERVED_SPECIMEN","Lomatium marginatum"
"2417960463","Lomatium marginatum",-121.550556,39.584444,1981,5,14,"US","PRESERVED_SPECIMEN","Lomatium marginatum"
"2451556248","Lomatium marginatum",-120.780952,38.816509,1981,5,18,"US","PRESERVED_SPECIMEN","Lomatium marginatum"
"3320766881","Lomatium marginatum",-122.35175,38.828361,1981,5,7,"US","PRESERVED_SPECIMEN","Lomatium marginatum"
"3320767579","Lomatium marginatum",-122.369444,38.847083,1981,5,7,"US","PRESERVED_SPECIMEN","Lomatium marginatum"
"2417957290","Lomatium marginatum",-121.451667,39.794444,1980,3,8,"US","PRESERVED_SPECIMEN","Lomatium marginatum"
"3320771830","Lomatium marginatum",-122.380417,38.640222,1980,3,30,"US","PRESERVED_SPECIMEN","Lomatium marginatum"
"2982061221","Lomatium marginatum",-122.444781,38.695488,1980,5,3,"US","PRESERVED_SPECIMEN","Lomatium marginatum"
"3059697321","Lomatium marginatum",-122.7333,40.6,1980,5,19,"US","PRESERVED_SPECIMEN","Lomatium marginatum"
"2982063702","Lomatium marginatum",-122.253929,38.497163,1980,6,13,"US","PRESERVED_SPECIMEN","Lomatium marginatum"
"2417970858","Lomatium marginatum",-121.576944,39.812778,1980,6,8,"US","PRESERVED_SPECIMEN","Lomatium marginatum"
"2417961057","Lomatium marginatum",-121.641667,39.889444,1980,7,2,"US","PRESERVED_SPECIMEN","Lomatium marginatum"
"2982068732","Lomatium marginatum",-122.319088,39.921965,1979,3,11,"US","PRESERVED_SPECIMEN","Lomatium marginatum"
"2982025762","Lomatium marginatum",-121.148409,39.205739,1979,4,9,"US","PRESERVED_SPECIMEN","Lomatium marginatum"
"2802319304","Lomatium marginatum",-122.567863,39.613019,1979,4,22,"US","PRESERVED_SPECIMEN","Lomatium marginatum"
"3059702402","Lomatium marginatum",-122.44065,39.16447,1979,4,26,"US","PRESERVED_SPECIMEN","Lomatium marginatum"
"3320810636","Lomatium marginatum",-122.356194,38.651111,1979,5,2,"US","PRESERVED_SPECIMEN","Lomatium marginatum"
"3320742184","Lomatium marginatum",-122.426917,38.519361,1979,6,10,"US","PRESERVED_SPECIMEN","Lomatium marginatum"
"3320810629","Lomatium marginatum",-122.406083,38.627167,1979,6,1,"US","PRESERVED_SPECIMEN","Lomatium marginatum"
"2430077679","Lomatium marginatum",-122.6541,40.4432,1978,4,9,"US","PRESERVED_SPECIMEN","Lomatium marginatum"
"2982052798","Lomatium marginatum",-122.850264,40.364847,1978,4,9,"US","PRESERVED_SPECIMEN","Lomatium marginatum"
"2982056802","Lomatium marginatum",-122.82664,40.385229,1978,4,9,"US","PRESERVED_SPECIMEN","Lomatium marginatum"
"2982055798","Lomatium marginatum",-122.652315,40.444359,1978,4,9,"US","PRESERVED_SPECIMEN","Lomatium marginatum"
"2417956460","Lomatium marginatum",-121.579722,39.808611,1978,5,6,"US","PRESERVED_SPECIMEN","Lomatium marginatum"
"2382623271","Lomatium marginatum",-122.4340805,41.4408132,1977,7,5,"US","PRESERVED_SPECIMEN","Lomatium marginatum"
"3125162630","Lomatium marginatum",-122.43325,41.44104,1977,7,5,"US","PRESERVED_SPECIMEN","Lomatium marginatum"
"2982069281","Lomatium marginatum",-121.996667,39.900278,1976,3,28,"US","PRESERVED_SPECIMEN","Lomatium marginatum"
"2982059464","Lomatium marginatum",-122.676058,39.631715,1976,4,14,"US","PRESERVED_SPECIMEN","Lomatium marginatum"
"2982002293","Lomatium marginatum",-122.57815,38.7767,1975,5,5,"US","PRESERVED_SPECIMEN","Lomatium marginatum"
"2982010290","Lomatium marginatum",-122.474708,38.713323,1975,5,3,"US","PRESERVED_SPECIMEN","Lomatium marginatum"
"2982043287","Lomatium marginatum",-122.474708,38.713323,1975,5,3,"US","PRESERVED_SPECIMEN","Lomatium marginatum"
"2982014387","Lomatium marginatum",-122.474708,38.713323,1975,5,3,"US","PRESERVED_SPECIMEN","Lomatium marginatum"
"3320748533","Lomatium marginatum",-121.451667,39.795,1975,5,29,"US","PRESERVED_SPECIMEN","Lomatium marginatum"
"2982005183","Lomatium marginatum",-122.721512,40.303787,1974,5,5,"US","PRESERVED_SPECIMEN","Lomatium marginatum"
"2421772299","Lomatium marginatum",-122.769167,38.814167,1974,6,1,"US","PRESERVED_SPECIMEN","Lomatium marginatum"
"2421770717","Lomatium marginatum",-122.636944,38.710278,1974,6,17,"US","PRESERVED_SPECIMEN","Lomatium marginatum"
"3320778673","Lomatium marginatum",-122.316833,38.614278,1971,4,4,"US","PRESERVED_SPECIMEN","Lomatium marginatum"
"3320790619","Lomatium marginatum",-122.316833,38.614278,1971,4,25,"US","PRESERVED_SPECIMEN","Lomatium marginatum"
"4404968271","Lomatium marginatum",-120.252407,37.759958,1968,4,6,"US","PRESERVED_SPECIMEN","Lomatium marginatum"
"4404968287","Lomatium marginatum",-122.583269,38.774825,1968,4,20,"US","PRESERVED_SPECIMEN","Lomatium marginatum"
"2421770009","Lomatium marginatum",-121.433692,39.524317,1968,5,17,"US","PRESERVED_SPECIMEN","Lomatium marginatum"
"2421770441","Lomatium marginatum",-122.35817,38.55125,1964,5,24,"US","PRESERVED_SPECIMEN","Lomatium marginatum"
"2270203256","Lomatium marginatum",-122.590821,38.675829,1964,6,19,"US","PRESERVED_SPECIMEN","Lomatium marginatum"
"2270220422","Lomatium marginatum",-122.590821,38.675829,1964,6,19,"US","PRESERVED_SPECIMEN","Lomatium marginatum"
"3059687602","Lomatium marginatum",-121.69256,39.62152,1962,5,17,"US","PRESERVED_SPECIMEN","Lomatium marginatum"
"2421772161","Lomatium marginatum",-122.031112,38.487573,1961,3,17,"US","PRESERVED_SPECIMEN","Lomatium marginatum"
"2575152604","Lomatium marginatum",-122.03,38.49,1961,3,17,"US","PRESERVED_SPECIMEN","Lomatium marginatum"
"2859152150","Lomatium marginatum",-120.197966,37.782984,1956,3,31,"US","PRESERVED_SPECIMEN","Lomatium marginatum"
"2451556098","Lomatium marginatum",-121.051266,38.129989,1955,5,27,"US","PRESERVED_SPECIMEN","Lomatium marginatum"
"2421681054","Lomatium marginatum",-122.7174179,40.304193,1953,4,30,"US","PRESERVED_SPECIMEN","Lomatium marginatum"
"2430344587","Lomatium marginatum",-122.283302,40.361698,1953,5,23,"US","PRESERVED_SPECIMEN","Lomatium marginatum"
"3051752335","Lomatium marginatum",-120.814986,38.9137406,1951,5,13,"US","PRESERVED_SPECIMEN","Lomatium marginatum"
"1990219474","Lomatium marginatum",-122.043556,40.760514,1949,5,20,"US","PRESERVED_SPECIMEN","Lomatium marginatum"
"4404967899","Lomatium marginatum",-122.414879,41.009678,1949,5,20,"US","PRESERVED_SPECIMEN","Lomatium marginatum"
"2270198938","Lomatium marginatum",-122.658073,39.827184,1947,5,18,"US","PRESERVED_SPECIMEN","Lomatium marginatum"
"3053382070","Lomatium marginatum",-122.63472,38.7862,1940,4,13,"US","PRESERVED_SPECIMEN","Lomatium marginatum"
"1990215107","Lomatium marginatum",-119.911721,37.574343,1936,4,8,"US","PRESERVED_SPECIMEN","Lomatium marginatum"
"1929815934","Lomatium marginatum",-122.391675,40.673494,1934,4,21,"US","PRESERVED_SPECIMEN","Lomatium marginatum"
"2430176717","Lomatium marginatum",-122.3857,38.5016,1931,4,19,"US","PRESERVED_SPECIMEN","Lomatium marginatum"
"2430356031","Lomatium marginatum",-122.3857,38.5016,1931,4,19,"US","PRESERVED_SPECIMEN","Lomatium marginatum"
"2430147609","Lomatium marginatum",-120.6711313,36.4156506,1928,4,8,"US","PRESERVED_SPECIMEN","Lomatium marginatum"
"1928932910","Lomatium marginatum",-121.556359,39.629736,1915,3,6,"US","PRESERVED_SPECIMEN","Lomatium marginatum"
"3125165639","Lomatium marginatum",-122.3493,38.5158,1915,4,23,"US","PRESERVED_SPECIMEN","Lomatium marginatum"
"3125164629","Lomatium marginatum",-122.3493,38.5158,1915,4,23,"US","PRESERVED_SPECIMEN","Lomatium marginatum"
"1057634603","Lomatium marginatum",-119.4178,36.7781,1882,5,9,"US","PRESERVED_SPECIMEN","Lomatium marginatum"
"1057325024","Lomatium marginatum",-119.4178,36.7781,NA,NA,NA,"US","PRESERVED_SPECIMEN","Lomatium marginatum"
"1929693745","Lomatium marginatum",-121.4944,38.581572,NA,NA,NA,"US","PRESERVED_SPECIMEN","Lomatium marginatum"
"1144707178","Lomatium marginatum",-119.24639,36.34,NA,NA,NA,"US","PRESERVED_SPECIMEN","Lomatium marginatum"
"1144707165","Lomatium marginatum",-119.24639,36.34,NA,NA,NA,"US","PRESERVED_SPECIMEN","Lomatium marginatum"
