"gbifID","species","longitude","latitude","year","month","day","countryCode","basisOfRecord","accepted_name"
"4111594241","Lomatium junceum",-110.675697,39.055625,2023,4,25,"US","HUMAN_OBSERVATION","Lomatium junceum"
"4112125246","Lomatium junceum",-110.677214,39.05,2023,4,25,"US","HUMAN_OBSERVATION","Lomatium junceum"
"4872772690","Lomatium junceum",-110.675697,39.055625,2023,4,25,"US","PRESERVED_SPECIMEN","Lomatium junceum"
"4111700807","Lomatium junceum",-110.676492,39.054408,2023,5,1,"US","HUMAN_OBSERVATION","Lomatium junceum"
"4121134776","Lomatium junceum",-110.787388,39.175449,2023,5,1,"US","HUMAN_OBSERVATION","Lomatium junceum"
"4901190350","Lomatium junceum",-110.799699,38.863758,2023,5,28,"US","HUMAN_OBSERVATION","Lomatium junceum"
"3759651828","Lomatium junceum",-110.672724,39.063755,2022,4,3,"US","HUMAN_OBSERVATION","Lomatium junceum"
"3415544451","Lomatium junceum",-110.6745,39.05825,2020,4,25,"US","HUMAN_OBSERVATION","Lomatium junceum"
"4069006233","Lomatium junceum",-110.67468,39.05669,2020,5,15,"US","PRESERVED_SPECIMEN","Lomatium junceum"
"4068934795","Lomatium junceum",-110.67468,39.05669,2020,5,15,"US","PRESERVED_SPECIMEN","Lomatium junceum"
"4912190063","Lomatium junceum",-110.6676,39.0772,2019,5,15,"US","PRESERVED_SPECIMEN","Lomatium junceum"
"2270490059","Lomatium junceum",-110.607689,38.939283,2013,5,5,"US","PRESERVED_SPECIMEN","Lomatium junceum"
"1990460617","Lomatium junceum",-110.607689,38.939283,2013,5,5,"US","HUMAN_OBSERVATION","Lomatium junceum"
"4920414848","Lomatium junceum",-111.196667,38.708056,2006,8,4,"US","PRESERVED_SPECIMEN","Lomatium junceum"
"1986954495","Lomatium junceum",-110.806111,38.772778,2004,5,6,"US","PRESERVED_SPECIMEN","Lomatium junceum"
"4911317399","Lomatium junceum",-110.800015,38.773914,2004,5,6,"US","PRESERVED_SPECIMEN","Lomatium junceum"
"1843896451","Lomatium junceum",-111.1947,38.122,2004,5,4,"US","PRESERVED_SPECIMEN","Lomatium junceum"
"4912068883","Lomatium junceum",-111.19466,38.122,2004,5,4,"US","PRESERVED_SPECIMEN","Lomatium junceum"
"4404898403","Lomatium junceum",-111.194667,38.122,2004,5,4,"US","PRESERVED_SPECIMEN","Lomatium junceum"
