"gbifID","species","longitude","latitude","year","month","day","countryCode","basisOfRecord","accepted_name"
"3858485177","Papilio brevicauda",-61.945914,47.369336,2022,6,11,"CA","HUMAN_OBSERVATION","Papilio brevicauda"
"3859520618","Papilio brevicauda",-61.710672,47.485663,2022,6,6,"CA","HUMAN_OBSERVATION","Papilio brevicauda"
"3859779023","Papilio brevicauda",-57.736909,47.640833,2022,6,16,"CA","HUMAN_OBSERVATION","Papilio brevicauda"
"3858645669","Papilio brevicauda",-53.998117,47.830518,2022,6,17,"CA","HUMAN_OBSERVATION","Papilio brevicauda"
"3860452805","Papilio brevicauda",-53.185994,46.701959,2022,6,22,"CA","HUMAN_OBSERVATION","Papilio brevicauda"
"3858827117","Papilio brevicauda",-61.825917,47.224583,2022,6,11,"CA","HUMAN_OBSERVATION","Papilio brevicauda"
"3859738078","Papilio brevicauda",-61.824722,47.225139,2022,6,11,"CA","HUMAN_OBSERVATION","Papilio brevicauda"
"3860799280","Papilio brevicauda",-55.53348,51.590878,2022,6,26,"CA","HUMAN_OBSERVATION","Papilio brevicauda"
"3860169339","Papilio brevicauda",-53.111825,48.653345,2022,6,26,"CA","HUMAN_OBSERVATION","Papilio brevicauda"
"3859686306","Papilio brevicauda",-66.195,48.920106,2022,6,26,"CA","HUMAN_OBSERVATION","Papilio brevicauda"
"3859049336","Papilio brevicauda",-61.8843,47.38241,2022,6,23,"CA","HUMAN_OBSERVATION","Papilio brevicauda"
"3859900311","Papilio brevicauda",-61.8843,47.38241,2022,6,21,"CA","HUMAN_OBSERVATION","Papilio brevicauda"
"3859900709","Papilio brevicauda",-66.625143,48.891817,2022,6,29,"CA","HUMAN_OBSERVATION","Papilio brevicauda"
"3858946017","Papilio brevicauda",-55.747573,51.570625,2022,6,26,"CA","HUMAN_OBSERVATION","Papilio brevicauda"
"3859586193","Papilio brevicauda",-55.747573,51.570625,2022,6,26,"CA","HUMAN_OBSERVATION","Papilio brevicauda"
"3888956885","Papilio brevicauda",-53.075311,46.660618,2022,6,28,"CA","HUMAN_OBSERVATION","Papilio brevicauda"
"3888935501","Papilio brevicauda",-55.454173,51.534333,2022,6,27,"CA","HUMAN_OBSERVATION","Papilio brevicauda"
"3889288399","Papilio brevicauda",-55.635022,51.30436,2022,6,28,"CA","HUMAN_OBSERVATION","Papilio brevicauda"
"3892628737","Papilio brevicauda",-55.534288,51.593784,2022,6,25,"CA","HUMAN_OBSERVATION","Papilio brevicauda"
"3902304610","Papilio brevicauda",-55.557645,51.387482,2022,6,28,"CA","HUMAN_OBSERVATION","Papilio brevicauda"
"3902415717","Papilio brevicauda",-57.473244,50.476669,2022,6,21,"CA","HUMAN_OBSERVATION","Papilio brevicauda"
"3859835314","Papilio brevicauda",-61.476965,47.585692,2022,7,3,"CA","HUMAN_OBSERVATION","Papilio brevicauda"
"3873181560","Papilio brevicauda",-53.0734,46.658065,2022,7,9,"CA","HUMAN_OBSERVATION","Papilio brevicauda"
"3873596929","Papilio brevicauda",-61.52647,47.54422,2022,7,7,"CA","HUMAN_OBSERVATION","Papilio brevicauda"
"3873772457","Papilio brevicauda",-62.078708,50.219628,2022,7,13,"CA","HUMAN_OBSERVATION","Papilio brevicauda"
"3873618146","Papilio brevicauda",-55.904453,51.628281,2022,7,13,"CA","HUMAN_OBSERVATION","Papilio brevicauda"
"3873331737","Papilio brevicauda",-66.029782,48.94038,2022,7,7,"CA","HUMAN_OBSERVATION","Papilio brevicauda"
"3873231686","Papilio brevicauda",-66.029762,48.94013,2022,7,7,"CA","HUMAN_OBSERVATION","Papilio brevicauda"
"3873953461","Papilio brevicauda",-56.73998,51.289381,2022,7,24,"CA","HUMAN_OBSERVATION","Papilio brevicauda"
"3881745945","Papilio brevicauda",-53.073672,46.657755,2022,7,28,"CA","HUMAN_OBSERVATION","Papilio brevicauda"
"3881559166","Papilio brevicauda",-64.957812,47.336166,2022,7,27,"CA","HUMAN_OBSERVATION","Papilio brevicauda"
"3889160006","Papilio brevicauda",-55.747216,51.574223,2022,7,27,"CA","HUMAN_OBSERVATION","Papilio brevicauda"
"3892589591","Papilio brevicauda",-54.40537,49.677323,2022,7,10,"CA","HUMAN_OBSERVATION","Papilio brevicauda"
"3902141273","Papilio brevicauda",-53.008723,47.986951,2022,7,22,"CA","HUMAN_OBSERVATION","Papilio brevicauda"
"3912102039","Papilio brevicauda",-61.26437,50.177372,2022,7,8,"CA","HUMAN_OBSERVATION","Papilio brevicauda"
"3923362962","Papilio brevicauda",-53.531372,46.617039,2022,7,9,"CA","HUMAN_OBSERVATION","Papilio brevicauda"
"3922905686","Papilio brevicauda",-66.160558,48.911501,2022,7,6,"CA","HUMAN_OBSERVATION","Papilio brevicauda"
"3888758969","Papilio brevicauda",-54.75327,49.526925,2022,8,4,"CA","HUMAN_OBSERVATION","Papilio brevicauda"
"3892321083","Papilio brevicauda",-66.625244,49.109289,2022,8,6,"CA","HUMAN_OBSERVATION","Papilio brevicauda"
"3902675619","Papilio brevicauda",-66.554053,48.885733,2022,8,3,"CA","HUMAN_OBSERVATION","Papilio brevicauda"
"4018125656","Papilio brevicauda",-66.071243,48.917483,2022,8,30,"CA","HUMAN_OBSERVATION","Papilio brevicauda"
"3912270538","Papilio brevicauda",-55.615703,46.86902,2022,8,22,"CA","HUMAN_OBSERVATION","Papilio brevicauda"
"3922924545","Papilio brevicauda",-61.524847,47.630471,2022,8,22,"CA","HUMAN_OBSERVATION","Papilio brevicauda"
"3903180458","Papilio brevicauda",-55.615961,46.869416,2022,9,6,"CA","HUMAN_OBSERVATION","Papilio brevicauda"
"3124713248","Papilio brevicauda",-54.188426,46.823128,2021,5,22,"CA","HUMAN_OBSERVATION","Papilio brevicauda"
"3307192084","Papilio brevicauda",-59.317303,47.829953,2021,6,12,"CA","HUMAN_OBSERVATION","Papilio brevicauda"
"3314502774","Papilio brevicauda",-56.959914,50.88764,2021,6,18,"CA","HUMAN_OBSERVATION","Papilio brevicauda"
"3314469975","Papilio brevicauda",-52.633333,47.516667,2021,6,20,"CA","HUMAN_OBSERVATION","Papilio brevicauda"
"3320849651","Papilio brevicauda",-66.855233,48.724438,2021,6,21,"CA","HUMAN_OBSERVATION","Papilio brevicauda"
"3321095719","Papilio brevicauda",-52.633333,47.516667,2021,6,25,"CA","HUMAN_OBSERVATION","Papilio brevicauda"
"3415767607","Papilio brevicauda",-53.061944,48.668056,2021,6,27,"CA","HUMAN_OBSERVATION","Papilio brevicauda"
"3327921760","Papilio brevicauda",-65.632778,47.664347,2021,6,28,"CA","HUMAN_OBSERVATION","Papilio brevicauda"
"3328000721","Papilio brevicauda",-65.632778,47.664347,2021,6,30,"CA","HUMAN_OBSERVATION","Papilio brevicauda"
"3328002760","Papilio brevicauda",-65.632778,47.664347,2021,6,30,"CA","HUMAN_OBSERVATION","Papilio brevicauda"
"3328006776","Papilio brevicauda",-65.632778,47.664347,2021,6,28,"CA","HUMAN_OBSERVATION","Papilio brevicauda"
"3328043757","Papilio brevicauda",-65.632778,47.664347,2021,6,29,"CA","HUMAN_OBSERVATION","Papilio brevicauda"
"3328019745","Papilio brevicauda",-65.632778,47.664347,2021,6,29,"CA","HUMAN_OBSERVATION","Papilio brevicauda"
"3328024776","Papilio brevicauda",-65.632778,47.664347,2021,6,27,"CA","HUMAN_OBSERVATION","Papilio brevicauda"
"3427565322","Papilio brevicauda",-66.677992,49.099135,2021,6,25,"CA","HUMAN_OBSERVATION","Papilio brevicauda"
"3427491604","Papilio brevicauda",-66.180342,48.934103,2021,6,29,"CA","HUMAN_OBSERVATION","Papilio brevicauda"
"3427496516","Papilio brevicauda",-66.179293,48.934657,2021,6,28,"CA","HUMAN_OBSERVATION","Papilio brevicauda"
"3427563619","Papilio brevicauda",-66.02892,48.995544,2021,6,12,"CA","HUMAN_OBSERVATION","Papilio brevicauda"
"3427486587","Papilio brevicauda",-66,49,2021,6,18,"CA","HUMAN_OBSERVATION","Papilio brevicauda"
"3427481674","Papilio brevicauda",-66,49,2021,6,28,"CA","HUMAN_OBSERVATION","Papilio brevicauda"
"3874042138","Papilio brevicauda",-63.289937,50.282641,2021,7,23,"CA","HUMAN_OBSERVATION","Papilio brevicauda"
"3325579782","Papilio brevicauda",-66.076736,48.917776,2021,7,3,"CA","HUMAN_OBSERVATION","Papilio brevicauda"
"3325692093","Papilio brevicauda",-66.114344,48.912133,2021,7,5,"CA","HUMAN_OBSERVATION","Papilio brevicauda"
"3327948740","Papilio brevicauda",-65.632778,47.664347,2021,7,3,"CA","HUMAN_OBSERVATION","Papilio brevicauda"
"3328016719","Papilio brevicauda",-65.632778,47.664347,2021,7,3,"CA","HUMAN_OBSERVATION","Papilio brevicauda"
"3328029752","Papilio brevicauda",-65.632778,47.664347,2021,7,4,"CA","HUMAN_OBSERVATION","Papilio brevicauda"
"3328027770","Papilio brevicauda",-65.632778,47.664347,2021,7,4,"CA","HUMAN_OBSERVATION","Papilio brevicauda"
"3330795849","Papilio brevicauda",-58.852353,48.728855,2021,7,12,"CA","HUMAN_OBSERVATION","Papilio brevicauda"
"3330760071","Papilio brevicauda",-54.2,46.816667,2021,7,18,"CA","HUMAN_OBSERVATION","Papilio brevicauda"
"3330536486","Papilio brevicauda",-59.263773,48.464393,2021,7,12,"CA","HUMAN_OBSERVATION","Papilio brevicauda"
"3330593463","Papilio brevicauda",-59.267523,48.46476,2021,7,12,"CA","HUMAN_OBSERVATION","Papilio brevicauda"
"3330586501","Papilio brevicauda",-58.852437,48.728867,2021,7,12,"CA","HUMAN_OBSERVATION","Papilio brevicauda"
"3330578482","Papilio brevicauda",-66.082012,48.918394,2021,7,21,"CA","HUMAN_OBSERVATION","Papilio brevicauda"
"3335436604","Papilio brevicauda",-53.074028,46.659433,2021,7,24,"CA","HUMAN_OBSERVATION","Papilio brevicauda"
"3333394986","Papilio brevicauda",-53.07397,46.659425,2021,7,24,"CA","HUMAN_OBSERVATION","Papilio brevicauda"
"3333127933","Papilio brevicauda",-53.074109,46.659617,2021,7,24,"CA","HUMAN_OBSERVATION","Papilio brevicauda"
"3335349723","Papilio brevicauda",-56.851882,50.918447,2021,7,9,"CA","HUMAN_OBSERVATION","Papilio brevicauda"
"3335372863","Papilio brevicauda",-66.39042,50.206753,2021,7,31,"CA","HUMAN_OBSERVATION","Papilio brevicauda"
"3335301350","Papilio brevicauda",-61.520522,47.545882,2021,7,21,"CA","HUMAN_OBSERVATION","Papilio brevicauda"
"4018315450","Papilio brevicauda",-68.22338,49.094367,2021,7,25,"CA","HUMAN_OBSERVATION","Papilio brevicauda"
"3427482514","Papilio brevicauda",-66.011565,48.964076,2021,7,10,"CA","HUMAN_OBSERVATION","Papilio brevicauda"
"3427493498","Papilio brevicauda",-66.009711,49.009747,2021,7,2,"CA","HUMAN_OBSERVATION","Papilio brevicauda"
"3427482519","Papilio brevicauda",-66.010931,49.012172,2021,7,3,"CA","HUMAN_OBSERVATION","Papilio brevicauda"
"3427553462","Papilio brevicauda",-66.011283,49.011617,2021,7,2,"CA","HUMAN_OBSERVATION","Papilio brevicauda"
"3427494567","Papilio brevicauda",-65.94564,49.00297,2021,7,5,"CA","HUMAN_OBSERVATION","Papilio brevicauda"
"3427565574","Papilio brevicauda",-66.03201,48.9951,2021,7,8,"CA","HUMAN_OBSERVATION","Papilio brevicauda"
"3427564563","Papilio brevicauda",-66.009631,49.00972,2021,7,12,"CA","HUMAN_OBSERVATION","Papilio brevicauda"
"3427491655","Papilio brevicauda",-66,49,2021,7,24,"CA","HUMAN_OBSERVATION","Papilio brevicauda"
"3427482570","Papilio brevicauda",-65.936955,48.995975,2021,7,24,"CA","HUMAN_OBSERVATION","Papilio brevicauda"
"3337441272","Papilio brevicauda",-56.70977,51.595128,2021,8,19,"CA","HUMAN_OBSERVATION","Papilio brevicauda"
"3355063033","Papilio brevicauda",-53.164226,46.626556,2021,8,22,"CA","HUMAN_OBSERVATION","Papilio brevicauda"
"2802738326","Papilio brevicauda",-65.072413,47.229464,2020,6,13,"CA","HUMAN_OBSERVATION","Papilio brevicauda"
"2803013781","Papilio brevicauda",-53.562154,49.280403,2020,6,21,"CA","HUMAN_OBSERVATION","Papilio brevicauda"
"2803149673","Papilio brevicauda",-53.562154,49.280403,2020,6,22,"CA","HUMAN_OBSERVATION","Papilio brevicauda"
"2813900913","Papilio brevicauda",-61.785974,47.428204,2020,6,13,"CA","HUMAN_OBSERVATION","Papilio brevicauda"
"2814107487","Papilio brevicauda",-59.320664,47.764994,2020,6,19,"CA","HUMAN_OBSERVATION","Papilio brevicauda"
"2814337633","Papilio brevicauda",-59.320747,47.764973,2020,6,19,"CA","HUMAN_OBSERVATION","Papilio brevicauda"
"2823083655","Papilio brevicauda",-54.18589,46.82289,2020,6,27,"CA","HUMAN_OBSERVATION","Papilio brevicauda"
"2992821109","Papilio brevicauda",-64.219934,50.267721,2020,6,18,"CA","HUMAN_OBSERVATION","Papilio brevicauda"
"3109175648","Papilio brevicauda",-64.173844,48.623686,2020,6,12,"CA","HUMAN_OBSERVATION","Papilio brevicauda"
"3427456844","Papilio brevicauda",-64.16959,48.624635,2020,6,12,"CA","HUMAN_OBSERVATION","Papilio brevicauda"
"3427470800","Papilio brevicauda",-64.168921,48.62529,2020,6,12,"CA","HUMAN_OBSERVATION","Papilio brevicauda"
"3427527130","Papilio brevicauda",-66.00163,49.002461,2020,6,14,"CA","HUMAN_OBSERVATION","Papilio brevicauda"
"3427558577","Papilio brevicauda",-58.008162,48.826053,2020,6,21,"CA","HUMAN_OBSERVATION","Papilio brevicauda"
"3892479119","Papilio brevicauda",-57.676606,49.4634,2020,7,20,"CA","HUMAN_OBSERVATION","Papilio brevicauda"
"2814150120","Papilio brevicauda",-61.852353,47.390625,2020,7,3,"CA","HUMAN_OBSERVATION","Papilio brevicauda"
"2814451867","Papilio brevicauda",-57.755758,49.652015,2020,7,3,"CA","HUMAN_OBSERVATION","Papilio brevicauda"
"2814220624","Papilio brevicauda",-57.755758,49.652015,2020,7,3,"CA","HUMAN_OBSERVATION","Papilio brevicauda"
"2823326519","Papilio brevicauda",-55.867531,51.606149,2020,7,10,"CA","HUMAN_OBSERVATION","Papilio brevicauda"
"2823349785","Papilio brevicauda",-53.020865,47.501533,2020,7,18,"CA","HUMAN_OBSERVATION","Papilio brevicauda"
"2826193781","Papilio brevicauda",-54.211067,47.882452,2020,7,24,"CA","HUMAN_OBSERVATION","Papilio brevicauda"
"2850576148","Papilio brevicauda",-67.367607,49.325135,2020,7,31,"CA","HUMAN_OBSERVATION","Papilio brevicauda"
"3888734324","Papilio brevicauda",-67.367615,49.325156,2020,7,31,"CA","HUMAN_OBSERVATION","Papilio brevicauda"
"3070639537","Papilio brevicauda",-63.784456,50.216577,2020,7,28,"CA","HUMAN_OBSERVATION","Papilio brevicauda"
"2851244448","Papilio brevicauda",-69.716622,48.1356,2020,8,4,"CA","HUMAN_OBSERVATION","Papilio brevicauda"
"2851237983","Papilio brevicauda",-67.282568,49.421861,2020,8,4,"CA","HUMAN_OBSERVATION","Papilio brevicauda"
"2851080908","Papilio brevicauda",-54.021145,47.753821,2020,8,15,"CA","HUMAN_OBSERVATION","Papilio brevicauda"
"2850633125","Papilio brevicauda",-57.965319,49.683183,2020,8,14,"CA","HUMAN_OBSERVATION","Papilio brevicauda"
"2856544690","Papilio brevicauda",-64.768603,50.275192,2020,8,10,"CA","HUMAN_OBSERVATION","Papilio brevicauda"
"2596048824","Papilio brevicauda",-67.367417,49.325444,2019,6,18,"CA","HUMAN_OBSERVATION","Papilio brevicauda"
"2283104889","Papilio brevicauda",-53.76004,47.626463,2019,6,29,"CA","HUMAN_OBSERVATION","Papilio brevicauda"
"2283105811","Papilio brevicauda",-63.451639,50.206694,2019,6,19,"CA","HUMAN_OBSERVATION","Papilio brevicauda"
"2283227013","Papilio brevicauda",-63.448389,50.2045,2019,6,22,"CA","HUMAN_OBSERVATION","Papilio brevicauda"
"2294444167","Papilio brevicauda",-64.727389,50.273972,2019,6,23,"CA","HUMAN_OBSERVATION","Papilio brevicauda"
"2611004622","Papilio brevicauda",-61.854447,47.236497,2019,6,20,"CA","HUMAN_OBSERVATION","Papilio brevicauda"
"3427516893","Papilio brevicauda",-53.594484,46.620823,2019,6,16,"CA","HUMAN_OBSERVATION","Papilio brevicauda"
"3427448945","Papilio brevicauda",-57.645584,47.611012,2019,6,13,"CA","HUMAN_OBSERVATION","Papilio brevicauda"
"3427516901","Papilio brevicauda",-57.35091,50.409024,2019,6,16,"CA","HUMAN_OBSERVATION","Papilio brevicauda"
"2366025862","Papilio brevicauda",-67.16479,49.78114,2019,7,1,"CA","HUMAN_OBSERVATION","Papilio brevicauda"
"2311306129","Papilio brevicauda",-54.192188,46.823175,2019,7,16,"CA","HUMAN_OBSERVATION","Papilio brevicauda"
"2294629546","Papilio brevicauda",-53.066667,46.666667,2019,7,17,"CA","HUMAN_OBSERVATION","Papilio brevicauda"
"2294629054","Papilio brevicauda",-52.678695,47.638088,2019,7,20,"CA","HUMAN_OBSERVATION","Papilio brevicauda"
"2366029857","Papilio brevicauda",-52.680389,47.572002,2019,7,29,"CA","HUMAN_OBSERVATION","Papilio brevicauda"
"2331862121","Papilio brevicauda",-52.637447,47.49433,2019,7,12,"CA","HUMAN_OBSERVATION","Papilio brevicauda"
"2397499338","Papilio brevicauda",-61.855454,47.238307,2019,7,22,"CA","HUMAN_OBSERVATION","Papilio brevicauda"
"2423249782","Papilio brevicauda",-57.775278,49.591797,2019,7,25,"CA","HUMAN_OBSERVATION","Papilio brevicauda"
"2597769941","Papilio brevicauda",-52.623345,47.520095,2019,7,12,"CA","HUMAN_OBSERVATION","Papilio brevicauda"
"2634018728","Papilio brevicauda",-63.733386,50.203029,2019,7,10,"CA","HUMAN_OBSERVATION","Papilio brevicauda"
"2850932947","Papilio brevicauda",-68.306366,49.124891,2019,7,22,"CA","HUMAN_OBSERVATION","Papilio brevicauda"
"3397512361","Papilio brevicauda",-63.740463,50.207335,2019,7,11,"CA","HUMAN_OBSERVATION","Papilio brevicauda"
"3427517996","Papilio brevicauda",-54.170928,46.832516,2019,7,16,"CA","HUMAN_OBSERVATION","Papilio brevicauda"
"3397488438","Papilio brevicauda",-64.169683,48.623423,2019,7,23,"CA","HUMAN_OBSERVATION","Papilio brevicauda"
"2331925522","Papilio brevicauda",-53.489917,48.582722,2019,8,3,"CA","HUMAN_OBSERVATION","Papilio brevicauda"
"2331956741","Papilio brevicauda",-54.140424,49.669017,2019,8,7,"CA","HUMAN_OBSERVATION","Papilio brevicauda"
"2366100601","Papilio brevicauda",-61.941465,47.247421,2019,8,19,"CA","HUMAN_OBSERVATION","Papilio brevicauda"
"2366102576","Papilio brevicauda",-61.887164,47.243843,2019,8,19,"CA","HUMAN_OBSERVATION","Papilio brevicauda"
"2366103279","Papilio brevicauda",-61.886856,47.24142,2019,8,19,"CA","HUMAN_OBSERVATION","Papilio brevicauda"
"2397620730","Papilio brevicauda",-56.720628,51.300683,2019,8,22,"CA","HUMAN_OBSERVATION","Papilio brevicauda"
"2422921490","Papilio brevicauda",-55.776792,49.64238,2019,8,16,"CA","HUMAN_OBSERVATION","Papilio brevicauda"
"2641290371","Papilio brevicauda",-54.18228,46.820825,2019,8,10,"CA","HUMAN_OBSERVATION","Papilio brevicauda"
"2641524367","Papilio brevicauda",-52.736071,47.757257,2019,8,11,"CA","HUMAN_OBSERVATION","Papilio brevicauda"
"2641511414","Papilio brevicauda",-57.964533,49.682853,2019,8,20,"CA","HUMAN_OBSERVATION","Papilio brevicauda"
"3427450066","Papilio brevicauda",-53.195972,46.643426,2019,8,6,"CA","HUMAN_OBSERVATION","Papilio brevicauda"
"3427518076","Papilio brevicauda",-53.035478,48.632808,2019,8,18,"CA","HUMAN_OBSERVATION","Papilio brevicauda"
"3427452229","Papilio brevicauda",-54.19281,46.823556,2019,9,6,"CA","HUMAN_OBSERVATION","Papilio brevicauda"
"1880550987","Papilio brevicauda",-52.916729,47.656119,2018,6,20,"CA","HUMAN_OBSERVATION","Papilio brevicauda"
"2447961461","Papilio brevicauda",-61.711142,47.52171,2018,6,23,"CA","HUMAN_OBSERVATION","Papilio brevicauda"
"3427520546","Papilio brevicauda",-53.238106,46.66229,2018,6,10,"CA","HUMAN_OBSERVATION","Papilio brevicauda"
"3427452594","Papilio brevicauda",-56.100655,49.506708,2018,6,23,"CA","HUMAN_OBSERVATION","Papilio brevicauda"
"3427516544","Papilio brevicauda",-59.256721,47.632085,2018,6,23,"CA","HUMAN_OBSERVATION","Papilio brevicauda"
"3427517580","Papilio brevicauda",-59.259725,47.630593,2018,6,22,"CA","HUMAN_OBSERVATION","Papilio brevicauda"
"3427449606","Papilio brevicauda",-53.365788,46.741713,2018,6,28,"CA","HUMAN_OBSERVATION","Papilio brevicauda"
"3427520569","Papilio brevicauda",-52.991804,48.624429,2018,6,28,"CA","HUMAN_OBSERVATION","Papilio brevicauda"
"3427454561","Papilio brevicauda",-53.019676,48.627803,2018,6,29,"CA","HUMAN_OBSERVATION","Papilio brevicauda"
"3427446665","Papilio brevicauda",-53.111825,48.653345,2018,6,29,"CA","HUMAN_OBSERVATION","Papilio brevicauda"
"1880647523","Papilio brevicauda",-53.086178,48.701325,2018,7,5,"CA","HUMAN_OBSERVATION","Papilio brevicauda"
"1880647667","Papilio brevicauda",-53.019844,48.627213,2018,7,5,"CA","HUMAN_OBSERVATION","Papilio brevicauda"
"1883558586","Papilio brevicauda",-52.786204,47.807969,2018,7,17,"CA","HUMAN_OBSERVATION","Papilio brevicauda"
"2366009706","Papilio brevicauda",-53.018919,48.628729,2018,7,22,"CA","HUMAN_OBSERVATION","Papilio brevicauda"
"3427515571","Papilio brevicauda",-54.782837,49.658792,2018,7,2,"CA","HUMAN_OBSERVATION","Papilio brevicauda"
"3427452613","Papilio brevicauda",-57.388914,49.305828,2018,7,5,"CA","HUMAN_OBSERVATION","Papilio brevicauda"
"3427450616","Papilio brevicauda",-57.955574,49.680514,2018,7,5,"CA","HUMAN_OBSERVATION","Papilio brevicauda"
"3397621970","Papilio brevicauda",-64.169683,48.623423,2018,7,10,"CA","HUMAN_OBSERVATION","Papilio brevicauda"
"3427450686","Papilio brevicauda",-53.504328,48.497694,2018,7,25,"CA","HUMAN_OBSERVATION","Papilio brevicauda"
"3427515635","Papilio brevicauda",-53.278645,47.59628,2018,7,20,"CA","HUMAN_OBSERVATION","Papilio brevicauda"
"3427450687","Papilio brevicauda",-53.504328,48.497694,2018,7,25,"CA","HUMAN_OBSERVATION","Papilio brevicauda"
"2529286410","Papilio brevicauda",-61.677957,49.884852,2018,8,15,"CA","HUMAN_OBSERVATION","Papilio brevicauda"
"2574289096","Papilio brevicauda",-66.169666,50.240214,2018,8,14,"CA","HUMAN_OBSERVATION","Papilio brevicauda"
"3825098200","Papilio brevicauda",-53.085199,48.701404,2017,6,24,"CA","HUMAN_OBSERVATION","Papilio brevicauda"
"2350451230","Papilio brevicauda",-61.523357,47.54522,2017,6,21,"CA","HUMAN_OBSERVATION","Papilio brevicauda"
"1838077210","Papilio brevicauda",-64.480938,47.984141,2017,6,8,"CA","HUMAN_OBSERVATION","Papilio brevicauda"
"3397441090","Papilio brevicauda",-53.074908,46.660541,2017,6,23,"CA","HUMAN_OBSERVATION","Papilio brevicauda"
"3397639116","Papilio brevicauda",-53.365788,46.741713,2017,6,27,"CA","HUMAN_OBSERVATION","Papilio brevicauda"
"3397615214","Papilio brevicauda",-53.365788,46.741713,2017,6,30,"CA","HUMAN_OBSERVATION","Papilio brevicauda"
"3397468845","Papilio brevicauda",-63.446045,50.202396,2017,6,21,"CA","HUMAN_OBSERVATION","Papilio brevicauda"
"1890074572","Papilio brevicauda",-52.622708,47.522697,2017,7,3,"CA","HUMAN_OBSERVATION","Papilio brevicauda"
"3067713324","Papilio brevicauda",-56.742193,51.293198,2017,7,4,"CA","HUMAN_OBSERVATION","Papilio brevicauda"
"3397605294","Papilio brevicauda",-52.621078,47.523229,2017,7,12,"CA","HUMAN_OBSERVATION","Papilio brevicauda"
"3397647527","Papilio brevicauda",-55.603562,49.96475,2017,7,3,"CA","HUMAN_OBSERVATION","Papilio brevicauda"
"3397496597","Papilio brevicauda",-55.603562,49.96475,2017,7,3,"CA","HUMAN_OBSERVATION","Papilio brevicauda"
"3397625765","Papilio brevicauda",-57.759813,49.937168,2017,7,1,"CA","HUMAN_OBSERVATION","Papilio brevicauda"
"3397613673","Papilio brevicauda",-57.759813,49.937168,2017,7,1,"CA","HUMAN_OBSERVATION","Papilio brevicauda"
"3397615860","Papilio brevicauda",-63.623199,50.209208,2017,7,28,"CA","HUMAN_OBSERVATION","Papilio brevicauda"
"3397635978","Papilio brevicauda",-68.469388,48.513156,2017,7,2,"CA","HUMAN_OBSERVATION","Papilio brevicauda"
"3759296206","Papilio brevicauda",-55.731558,51.565535,2017,8,21,"CA","HUMAN_OBSERVATION","Papilio brevicauda"
"3397454716","Papilio brevicauda",-53.594484,46.620823,2017,8,8,"CA","HUMAN_OBSERVATION","Papilio brevicauda"
"1291088307","Papilio brevicauda",-53.53147,46.617135,2016,6,25,"CA","HUMAN_OBSERVATION","Papilio brevicauda"
"2856704796","Papilio brevicauda",-52.62328,47.519995,2016,6,30,"CA","HUMAN_OBSERVATION","Papilio brevicauda"
"3397588583","Papilio brevicauda",-52.917366,46.926674,2016,6,19,"CA","HUMAN_OBSERVATION","Papilio brevicauda"
"3397616576","Papilio brevicauda",-52.775145,47.785538,2016,6,26,"CA","HUMAN_OBSERVATION","Papilio brevicauda"
"3397448572","Papilio brevicauda",-54.188004,46.822499,2016,6,25,"CA","HUMAN_OBSERVATION","Papilio brevicauda"
"3397597416","Papilio brevicauda",-53.365788,46.741713,2016,6,17,"CA","HUMAN_OBSERVATION","Papilio brevicauda"
"3427524488","Papilio brevicauda",-53.365788,46.741713,2016,6,17,"CA","HUMAN_OBSERVATION","Papilio brevicauda"
"3427454469","Papilio brevicauda",-53.594484,46.620823,2016,6,19,"CA","HUMAN_OBSERVATION","Papilio brevicauda"
"1850990499","Papilio brevicauda",-64.922322,47.331144,2016,7,29,"CA","HUMAN_OBSERVATION","Papilio brevicauda"
"3397593702","Papilio brevicauda",-53.00972,46.764207,2016,7,1,"CA","HUMAN_OBSERVATION","Papilio brevicauda"
"3397620635","Papilio brevicauda",-53.164043,46.627278,2016,7,2,"CA","HUMAN_OBSERVATION","Papilio brevicauda"
"3397421770","Papilio brevicauda",-52.621078,47.523229,2016,7,9,"CA","HUMAN_OBSERVATION","Papilio brevicauda"
"3397620934","Papilio brevicauda",-52.621078,47.523229,2016,7,17,"CA","HUMAN_OBSERVATION","Papilio brevicauda"
"3397617956","Papilio brevicauda",-53.074321,46.658968,2016,7,17,"CA","HUMAN_OBSERVATION","Papilio brevicauda"
"3397421954","Papilio brevicauda",-53.074321,46.658968,2016,7,13,"CA","HUMAN_OBSERVATION","Papilio brevicauda"
"3397427086","Papilio brevicauda",-53.074321,46.658968,2016,7,22,"CA","HUMAN_OBSERVATION","Papilio brevicauda"
"3397436060","Papilio brevicauda",-53.772583,47.634396,2016,7,21,"CA","HUMAN_OBSERVATION","Papilio brevicauda"
"3397653829","Papilio brevicauda",-61.277618,50.18833,2016,7,28,"CA","HUMAN_OBSERVATION","Papilio brevicauda"
"3427450512","Papilio brevicauda",-53.387643,46.758967,2016,7,4,"CA","HUMAN_OBSERVATION","Papilio brevicauda"
"3397399255","Papilio brevicauda",-68.065109,48.660129,2015,5,30,"CA","HUMAN_OBSERVATION","Papilio brevicauda"
"2311302722","Papilio brevicauda",-55.435874,51.609649,2015,6,30,"CA","HUMAN_OBSERVATION","Papilio brevicauda"
"1457587486","Papilio brevicauda",-64.686106,46.527203,2015,6,20,"CA","HUMAN_OBSERVATION","Papilio brevicauda"
"3397398230","Papilio brevicauda",-59.20249,47.833785,2015,6,7,"CA","HUMAN_OBSERVATION","Papilio brevicauda"
"3397433505","Papilio brevicauda",-52.945347,46.928814,2015,6,21,"CA","HUMAN_OBSERVATION","Papilio brevicauda"
"3397547561","Papilio brevicauda",-65.074446,47.229307,2015,6,17,"CA","HUMAN_OBSERVATION","Papilio brevicauda"
"1880531006","Papilio brevicauda",-61.902816,47.375811,2015,7,9,"CA","HUMAN_OBSERVATION","Papilio brevicauda"
"1931501857","Papilio brevicauda",-61.853653,47.236678,2015,7,9,"CA","HUMAN_OBSERVATION","Papilio brevicauda"
"2984368933","Papilio brevicauda",-63.732726,50.205239,2015,7,25,"CA","HUMAN_OBSERVATION","Papilio brevicauda"
"3397594676","Papilio brevicauda",-66.291503,48.924303,2015,7,1,"CA","HUMAN_OBSERVATION","Papilio brevicauda"
"3397411795","Papilio brevicauda",-64.879332,47.502867,2015,7,7,"CA","HUMAN_OBSERVATION","Papilio brevicauda"
"3397412899","Papilio brevicauda",-64.906561,46.809457,2015,7,13,"CA","HUMAN_OBSERVATION","Papilio brevicauda"
"3397409150","Papilio brevicauda",-52.627602,47.520702,2015,7,24,"CA","HUMAN_OBSERVATION","Papilio brevicauda"
"3397566133","Papilio brevicauda",-54.17942,46.822238,2015,7,25,"CA","HUMAN_OBSERVATION","Papilio brevicauda"
"3397434200","Papilio brevicauda",-64.920273,47.333122,2015,7,28,"CA","HUMAN_OBSERVATION","Papilio brevicauda"
"3397412178","Papilio brevicauda",-64.920273,47.333122,2015,7,29,"CA","HUMAN_OBSERVATION","Papilio brevicauda"
"3397405234","Papilio brevicauda",-53.074321,46.658968,2015,8,2,"CA","HUMAN_OBSERVATION","Papilio brevicauda"
"2856662916","Papilio brevicauda",-54.191628,46.825316,2014,6,26,"CA","HUMAN_OBSERVATION","Papilio brevicauda"
"3397560624","Papilio brevicauda",-53.484037,48.582006,2014,6,29,"CA","HUMAN_OBSERVATION","Papilio brevicauda"
"3397558654","Papilio brevicauda",-53.086161,48.700407,2014,6,29,"CA","HUMAN_OBSERVATION","Papilio brevicauda"
"3397376123","Papilio brevicauda",-53.360278,46.736116,2014,6,26,"CA","HUMAN_OBSERVATION","Papilio brevicauda"
"3397379148","Papilio brevicauda",-52.949123,46.926498,2014,6,30,"CA","HUMAN_OBSERVATION","Papilio brevicauda"
"3456051921","Papilio brevicauda",-62.927679,49.707601,2014,7,4,"CA","HUMAN_OBSERVATION","Papilio brevicauda"
"1990512832","Papilio brevicauda",-68.462642,49.044568,2014,7,14,"CA","HUMAN_OBSERVATION","Papilio brevicauda"
"3397601104","Papilio brevicauda",-52.712735,47.681748,2014,7,1,"CA","HUMAN_OBSERVATION","Papilio brevicauda"
"3397374165","Papilio brevicauda",-52.951725,46.929722,2014,7,3,"CA","HUMAN_OBSERVATION","Papilio brevicauda"
"3397386205","Papilio brevicauda",-52.785633,47.809742,2014,7,1,"CA","HUMAN_OBSERVATION","Papilio brevicauda"
"3397387300","Papilio brevicauda",-53.236527,46.660659,2014,7,12,"CA","HUMAN_OBSERVATION","Papilio brevicauda"
"3397551373","Papilio brevicauda",-52.951725,46.929722,2014,7,13,"CA","HUMAN_OBSERVATION","Papilio brevicauda"
"3397407391","Papilio brevicauda",-53.594484,46.620823,2014,7,19,"CA","HUMAN_OBSERVATION","Papilio brevicauda"
"3397572417","Papilio brevicauda",-52.785633,47.809742,2014,7,19,"CA","HUMAN_OBSERVATION","Papilio brevicauda"
"3397549466","Papilio brevicauda",-53.279035,46.745625,2014,7,22,"CA","HUMAN_OBSERVATION","Papilio brevicauda"
"3397551584","Papilio brevicauda",-65.073481,47.229407,2014,7,22,"CA","HUMAN_OBSERVATION","Papilio brevicauda"
"3397382576","Papilio brevicauda",-53.594484,46.620823,2014,7,27,"CA","HUMAN_OBSERVATION","Papilio brevicauda"
"3397572579","Papilio brevicauda",-66.883,48.777,2014,7,11,"CA","HUMAN_OBSERVATION","Papilio brevicauda"
"3397394640","Papilio brevicauda",-64.169683,48.623423,2014,7,11,"CA","HUMAN_OBSERVATION","Papilio brevicauda"
"2028468325","Papilio brevicauda",-53.083333,48.7,2014,8,14,"CA","HUMAN_OBSERVATION","Papilio brevicauda"
"1806322241","Papilio brevicauda",-57.9554,49.691342,2014,8,10,"CA","HUMAN_OBSERVATION","Papilio brevicauda"
"3397407773","Papilio brevicauda",-64.49187,47.93405,2014,8,10,"CA","HUMAN_OBSERVATION","Papilio brevicauda"
"3397383807","Papilio brevicauda",-64.49187,47.93405,2014,8,10,"CA","HUMAN_OBSERVATION","Papilio brevicauda"
"3397549880","Papilio brevicauda",-53.772583,47.634396,2014,8,15,"CA","HUMAN_OBSERVATION","Papilio brevicauda"
"3397388907","Papilio brevicauda",-53.772583,47.634396,2014,8,22,"CA","HUMAN_OBSERVATION","Papilio brevicauda"
"3397550926","Papilio brevicauda",-65.073481,47.229407,2014,8,25,"CA","HUMAN_OBSERVATION","Papilio brevicauda"
"3397407669","Papilio brevicauda",-53.594484,46.620823,2014,8,5,"CA","HUMAN_OBSERVATION","Papilio brevicauda"
"1453078915","Papilio brevicauda",-64.870899,47.524243,2014,9,8,"CA","HUMAN_OBSERVATION","Papilio brevicauda"
"3397524199","Papilio brevicauda",-65.073481,47.229407,2013,6,22,"CA","HUMAN_OBSERVATION","Papilio brevicauda"
"3466442264","Papilio brevicauda",-61.822783,50.181465,2013,7,23,"CA","HUMAN_OBSERVATION","Papilio brevicauda"
"3986226460","Papilio brevicauda",-65.943291,48.999592,2013,7,17,"CA","HUMAN_OBSERVATION","Papilio brevicauda"
"3397532531","Papilio brevicauda",-55.34822,46.897773,2013,7,21,"CA","HUMAN_OBSERVATION","Papilio brevicauda"
"3397553632","Papilio brevicauda",-65.948181,48.987258,2013,8,1,"CA","HUMAN_OBSERVATION","Papilio brevicauda"
"3397369736","Papilio brevicauda",-64.955506,47.355896,2013,8,25,"CA","HUMAN_OBSERVATION","Papilio brevicauda"
"3427435557","Papilio brevicauda",-68.469183,48.515911,2013,8,19,"CA","HUMAN_OBSERVATION","Papilio brevicauda"
"3397566890","Papilio brevicauda",-65.07,47.231,2012,6,18,"CA","HUMAN_OBSERVATION","Papilio brevicauda"
"3397523521","Papilio brevicauda",-67.35155,46.92267,2012,6,8,"CA","HUMAN_OBSERVATION","Papilio brevicauda"
"3031888417","Papilio brevicauda",-64.907067,46.825848,2012,7,4,"CA","HUMAN_OBSERVATION","Papilio brevicauda"
"3397526247","Papilio brevicauda",-64.803913,47.072109,2012,7,5,"CA","HUMAN_OBSERVATION","Papilio brevicauda"
"3397543860","Papilio brevicauda",-64.790969,47.819322,2012,7,25,"CA","HUMAN_OBSERVATION","Papilio brevicauda"
"3397600343","Papilio brevicauda",-64.790969,47.819322,2012,7,25,"CA","HUMAN_OBSERVATION","Papilio brevicauda"
"3397509130","Papilio brevicauda",-65.0768,47.2305,2012,8,4,"CA","HUMAN_OBSERVATION","Papilio brevicauda"
"3397350223","Papilio brevicauda",-70.917735,48.452738,2012,8,9,"CA","HUMAN_OBSERVATION","Papilio brevicauda"
"3397351221","Papilio brevicauda",-70.917724,48.452738,2012,8,9,"CA","HUMAN_OBSERVATION","Papilio brevicauda"
"3397519237","Papilio brevicauda",-70.917724,48.452738,2012,8,9,"CA","HUMAN_OBSERVATION","Papilio brevicauda"
"3397532256","Papilio brevicauda",-64.9512,47.3548,2012,8,17,"CA","HUMAN_OBSERVATION","Papilio brevicauda"
"3397532270","Papilio brevicauda",-64.686411,46.526702,2012,8,19,"CA","HUMAN_OBSERVATION","Papilio brevicauda"
"3397367254","Papilio brevicauda",-68.469183,48.515911,2012,8,7,"CA","HUMAN_OBSERVATION","Papilio brevicauda"
"3397535245","Papilio brevicauda",-68.469183,48.515911,2012,8,7,"CA","HUMAN_OBSERVATION","Papilio brevicauda"
"3397537251","Papilio brevicauda",-64.686411,46.526702,2012,8,19,"CA","HUMAN_OBSERVATION","Papilio brevicauda"
"3397349384","Papilio brevicauda",-68.4667,48.516,2011,6,28,"CA","HUMAN_OBSERVATION","Papilio brevicauda"
"1265557339","Papilio brevicauda",-64.962035,47.285888,2011,7,5,"CA","HUMAN_OBSERVATION","Papilio brevicauda"
"2603324968","Papilio brevicauda",-61.954396,47.254606,2011,7,5,"CA","HUMAN_OBSERVATION","Papilio brevicauda"
"2603287981","Papilio brevicauda",-61.465845,47.604195,2011,7,3,"CA","HUMAN_OBSERVATION","Papilio brevicauda"
"3005226684","Papilio brevicauda",-53.043019,48.633014,2011,7,13,"CA","HUMAN_OBSERVATION","Papilio brevicauda"
"3397361563","Papilio brevicauda",-53.164634,46.630112,2011,7,8,"CA","HUMAN_OBSERVATION","Papilio brevicauda"
"3397358561","Papilio brevicauda",-53.164634,46.630112,2011,7,9,"CA","HUMAN_OBSERVATION","Papilio brevicauda"
"3397355323","Papilio brevicauda",-68.469183,48.515911,2011,7,28,"CA","HUMAN_OBSERVATION","Papilio brevicauda"
"3457094595","Papilio brevicauda",-61.726954,47.432972,2011,8,10,"CA","HUMAN_OBSERVATION","Papilio brevicauda"
"891099526","Papilio brevicauda",-63.858375,50.192726,2011,8,15,"CA","HUMAN_OBSERVATION","Papilio brevicauda"
"2366035294","Papilio brevicauda",-61.844258,47.40513,2011,8,1,"CA","HUMAN_OBSERVATION","Papilio brevicauda"
"2366035300","Papilio brevicauda",-61.843898,47.404866,2011,8,1,"CA","HUMAN_OBSERVATION","Papilio brevicauda"
"3397353337","Papilio brevicauda",-68.45,48.51,2011,8,13,"CA","HUMAN_OBSERVATION","Papilio brevicauda"
"3397347379","Papilio brevicauda",-68.45,48.51,2011,8,13,"CA","HUMAN_OBSERVATION","Papilio brevicauda"
"3397280680","Papilio brevicauda",-63.604188,50.212064,2011,8,13,"CA","HUMAN_OBSERVATION","Papilio brevicauda"
"3397280676","Papilio brevicauda",-63.871508,50.229858,2011,8,15,"CA","HUMAN_OBSERVATION","Papilio brevicauda"
"3397368038","Papilio brevicauda",-68.45,48.51,2011,8,13,"CA","HUMAN_OBSERVATION","Papilio brevicauda"
"3397380094","Papilio brevicauda",-68.45,48.51,2011,8,13,"CA","HUMAN_OBSERVATION","Papilio brevicauda"
"3397566331","Papilio brevicauda",-64.513007,48.396966,2011,8,31,"CA","HUMAN_OBSERVATION","Papilio brevicauda"
"3397492723","Papilio brevicauda",-68.45,48.51,2011,8,13,"CA","HUMAN_OBSERVATION","Papilio brevicauda"
"2574069720","Papilio brevicauda",-59.218368,47.780174,2010,6,23,"CA","HUMAN_OBSERVATION","Papilio brevicauda"
"2883005730","Papilio brevicauda",-56.559852,51.688482,2010,6,24,"CA","HUMAN_OBSERVATION","Papilio brevicauda"
"3032043492","Papilio brevicauda",-58.423341,48.876359,2010,6,13,"CA","HUMAN_OBSERVATION","Papilio brevicauda"
"3397397584","Papilio brevicauda",-59.199555,47.77464,2010,6,23,"CA","HUMAN_OBSERVATION","Papilio brevicauda"
"3397363397","Papilio brevicauda",-65.610169,47.652703,2010,6,18,"CA","HUMAN_OBSERVATION","Papilio brevicauda"
"3397523551","Papilio brevicauda",-53.242525,46.668675,2010,6,28,"CA","HUMAN_OBSERVATION","Papilio brevicauda"
"3397359796","Papilio brevicauda",-68.4667,48.516,2010,7,22,"CA","HUMAN_OBSERVATION","Papilio brevicauda"
"3397502855","Papilio brevicauda",-68.469183,48.515911,2010,7,22,"CA","HUMAN_OBSERVATION","Papilio brevicauda"
"3397546551","Papilio brevicauda",-53.242525,46.668675,2009,6,17,"CA","HUMAN_OBSERVATION","Papilio brevicauda"
"1842109242","Papilio brevicauda",-57.73,49.42,2009,7,19,"CA","PRESERVED_SPECIMEN","Papilio brevicauda"
"2603323406","Papilio brevicauda",-61.871481,47.419335,2009,7,21,"CA","HUMAN_OBSERVATION","Papilio brevicauda"
"3346744475","Papilio brevicauda",-57.740002,49.43,2009,7,19,"CA","PRESERVED_SPECIMEN","Papilio brevicauda"
"899946271","Papilio brevicauda",-55.474477,51.588803,2009,8,12,"CA","HUMAN_OBSERVATION","Papilio brevicauda"
"3397359784","Papilio brevicauda",-55.470507,51.598321,2009,8,12,"CA","HUMAN_OBSERVATION","Papilio brevicauda"
"3397562329","Papilio brevicauda",-55.470507,51.598321,2009,8,12,"CA","HUMAN_OBSERVATION","Papilio brevicauda"
"1990608914","Papilio brevicauda",-61.854989,47.236926,2008,7,1,"CA","HUMAN_OBSERVATION","Papilio brevicauda"
"1457666368","Papilio brevicauda",-65.0809,47.227842,2007,4,28,"CA","PRESERVED_SPECIMEN","Papilio brevicauda"
"1457666341","Papilio brevicauda",-65.0809,47.227842,2007,4,28,"CA","PRESERVED_SPECIMEN","Papilio brevicauda"
"1457666375","Papilio brevicauda",-65.0809,47.227842,2007,4,30,"CA","PRESERVED_SPECIMEN","Papilio brevicauda"
"1457666468","Papilio brevicauda",-65.0809,47.227842,2007,4,26,"CA","PRESERVED_SPECIMEN","Papilio brevicauda"
"1457666385","Papilio brevicauda",-65.0809,47.227842,2007,5,4,"CA","PRESERVED_SPECIMEN","Papilio brevicauda"
"1457666380","Papilio brevicauda",-65.0809,47.227842,2007,5,4,"CA","PRESERVED_SPECIMEN","Papilio brevicauda"
"1457666357","Papilio brevicauda",-65.0809,47.227842,2007,5,6,"CA","PRESERVED_SPECIMEN","Papilio brevicauda"
"1457666326","Papilio brevicauda",-65.0809,47.227842,2007,5,2,"CA","PRESERVED_SPECIMEN","Papilio brevicauda"
"1457666352","Papilio brevicauda",-65.0809,47.227842,2007,5,9,"CA","PRESERVED_SPECIMEN","Papilio brevicauda"
"1457666312","Papilio brevicauda",-65.0809,47.227842,2007,5,10,"CA","PRESERVED_SPECIMEN","Papilio brevicauda"
"2429623568","Papilio brevicauda",-69.543189,48.242806,2007,6,28,"CA","HUMAN_OBSERVATION","Papilio brevicauda"
"1457666376","Papilio brevicauda",-65.0809,47.227842,2006,4,21,"CA","PRESERVED_SPECIMEN","Papilio brevicauda"
"1291096924","Papilio brevicauda",-52.783333,47.8,2006,6,25,"CA","HUMAN_OBSERVATION","Papilio brevicauda"
"3397348903","Papilio brevicauda",-52.787537,47.807352,2006,6,25,"CA","HUMAN_OBSERVATION","Papilio brevicauda"
"1890084947","Papilio brevicauda",-54.192183,46.823164,2006,7,20,"CA","HUMAN_OBSERVATION","Papilio brevicauda"
"1807268513","Papilio brevicauda",-64.918139,47.33968,2006,7,22,"CA","HUMAN_OBSERVATION","Papilio brevicauda"
"1946361625","Papilio brevicauda",-52.677637,47.568177,2006,8,8,"CA","HUMAN_OBSERVATION","Papilio brevicauda"
"3743297750","Papilio brevicauda",-63.885956,50.188935,2005,7,10,"CA","HUMAN_OBSERVATION","Papilio brevicauda"
"1291662475","Papilio brevicauda",-64.921125,47.3332,2005,7,7,"CA","HUMAN_OBSERVATION","Papilio brevicauda"
"2466468231","Papilio brevicauda",-57.116667,51.433333,2004,7,25,"CA","HUMAN_OBSERVATION","Papilio brevicauda"
"2466467683","Papilio brevicauda",-57.016667,53.7,2004,7,22,"CA","HUMAN_OBSERVATION","Papilio brevicauda"
"2466467158","Papilio brevicauda",-66.383333,50.2,2004,7,7,"CA","HUMAN_OBSERVATION","Papilio brevicauda"
"2609139790","Papilio brevicauda",-67.384386,49.319046,2004,7,4,"CA","HUMAN_OBSERVATION","Papilio brevicauda"
"2901568656","Papilio brevicauda",-67.381267,49.317233,2004,7,6,"CA","HUMAN_OBSERVATION","Papilio brevicauda"
"3397654376","Papilio brevicauda",-55.533628,51.594935,2004,7,24,"CA","HUMAN_OBSERVATION","Papilio brevicauda"
"3427519495","Papilio brevicauda",-53.236527,46.660659,2004,7,6,"CA","HUMAN_OBSERVATION","Papilio brevicauda"
"3427523516","Papilio brevicauda",-53.280435,46.712031,2004,7,9,"CA","HUMAN_OBSERVATION","Papilio brevicauda"
"3427449515","Papilio brevicauda",-53.01178,46.760385,2004,7,13,"CA","HUMAN_OBSERVATION","Papilio brevicauda"
"3397563277","Papilio brevicauda",-66.374359,50.250718,2004,7,7,"CA","HUMAN_OBSERVATION","Papilio brevicauda"
"2859915681","Papilio brevicauda",-52.808064,47.272418,2003,7,10,"CA","HUMAN_OBSERVATION","Papilio brevicauda"
"3427524489","Papilio brevicauda",-53.365788,46.741713,2003,7,14,"CA","HUMAN_OBSERVATION","Papilio brevicauda"
"3397351376","Papilio brevicauda",-64.219849,48.504078,2000,6,25,"CA","HUMAN_OBSERVATION","Papilio brevicauda"
"3397440151","Papilio brevicauda",-57.755758,49.652015,2000,6,18,"CA","HUMAN_OBSERVATION","Papilio brevicauda"
"3397447103","Papilio brevicauda",-53.083333,48.7,2000,6,25,"CA","HUMAN_OBSERVATION","Papilio brevicauda"
"3397443088","Papilio brevicauda",-52.633333,47.516667,2000,6,26,"CA","HUMAN_OBSERVATION","Papilio brevicauda"
"3397459084","Papilio brevicauda",-52.633333,47.516667,2000,6,26,"CA","HUMAN_OBSERVATION","Papilio brevicauda"
"3397582212","Papilio brevicauda",-53.083333,48.7,2000,6,25,"CA","HUMAN_OBSERVATION","Papilio brevicauda"
"3397664083","Papilio brevicauda",-57.755758,49.652015,2000,6,18,"CA","HUMAN_OBSERVATION","Papilio brevicauda"
"3397516521","Papilio brevicauda",-64.693771,46.528283,2000,7,25,"CA","HUMAN_OBSERVATION","Papilio brevicauda"
"1932662732","Papilio brevicauda",-56,49,1999,4,25,"CA","PRESERVED_SPECIMEN","Papilio brevicauda"
"3858813431","Papilio brevicauda",-57.893614,49.730009,1997,6,30,"CA","HUMAN_OBSERVATION","Papilio brevicauda"
"1457666367","Papilio brevicauda",-65.5,47.5,1997,6,5,"CA","PRESERVED_SPECIMEN","Papilio brevicauda"
"3025915549","Papilio brevicauda",-70.9,48.45,1996,6,19,"CA","PRESERVED_SPECIMEN","Papilio brevicauda"
"2284394574","Papilio brevicauda",-67.5219,48.8283,1995,6,26,"CA","PRESERVED_SPECIMEN","Papilio brevicauda"
"3397462865","Papilio brevicauda",-64.699016,47.738608,1992,8,8,"CA","HUMAN_OBSERVATION","Papilio brevicauda"
"1317748745","Papilio brevicauda",-57.4316,49.1793,1990,4,17,"CA","PRESERVED_SPECIMEN","Papilio brevicauda"
"1320828435","Papilio brevicauda",-57.4316,49.1793,1990,4,14,"CA","PRESERVED_SPECIMEN","Papilio brevicauda"
"1322496279","Papilio brevicauda",-57.4316,49.1793,1989,7,14,"CA","PRESERVED_SPECIMEN","Papilio brevicauda"
"2603297345","Papilio brevicauda",-63.682638,50.230054,1987,6,25,"CA","HUMAN_OBSERVATION","Papilio brevicauda"
"42908397","Papilio brevicauda",-57.4333,49.1667,1987,7,15,"CA","OCCURRENCE","Papilio brevicauda"
"925594127","Papilio brevicauda",-61.263952,55.84011,1986,5,8,"CA","PRESERVED_SPECIMEN","Papilio brevicauda"
"2251888981","Papilio brevicauda",-70.91567,48.448792,1986,6,22,"CA","HUMAN_OBSERVATION","Papilio brevicauda"
"3397492716","Papilio brevicauda",-70.9162,48.4491,1986,6,22,"CA","HUMAN_OBSERVATION","Papilio brevicauda"
"2251889304","Papilio brevicauda",-70.91567,48.448792,1986,7,6,"CA","HUMAN_OBSERVATION","Papilio brevicauda"
"3397508726","Papilio brevicauda",-70.9162,48.4491,1986,7,5,"CA","HUMAN_OBSERVATION","Papilio brevicauda"
"42361031","Papilio brevicauda",-52.7333,47.5667,1985,6,10,"CA","OCCURRENCE","Papilio brevicauda"
"42361034","Papilio brevicauda",-52.7333,47.5667,1985,6,30,"CA","OCCURRENCE","Papilio brevicauda"
"42908371","Papilio brevicauda",-57.4333,49.1667,1985,7,15,"CA","OCCURRENCE","Papilio brevicauda"
"43727585","Papilio brevicauda",-57.8,49.4333,1985,7,19,"CA","OCCURRENCE","Papilio brevicauda"
"43727587","Papilio brevicauda",-58.0833,49.4667,1985,7,24,"CA","OCCURRENCE","Papilio brevicauda"
"43727589","Papilio brevicauda",-57.7833,49.6,1985,7,21,"CA","OCCURRENCE","Papilio brevicauda"
"43727591","Papilio brevicauda",-57.9667,49.6833,1985,7,22,"CA","OCCURRENCE","Papilio brevicauda"
"43727593","Papilio brevicauda",-57.8333,49.8667,1985,7,22,"CA","OCCURRENCE","Papilio brevicauda"
"932846166","Papilio brevicauda",-59.191306,47.830614,1984,3,6,"CA","PRESERVED_SPECIMEN","Papilio brevicauda"
"42747426","Papilio brevicauda",-59.1833,47.8333,1984,NA,NA,"CA","OCCURRENCE","Papilio brevicauda"
"1319457190","Papilio brevicauda",-64.4833,48.8333,1983,2,2,"CA","PRESERVED_SPECIMEN","Papilio brevicauda"
"2432244903","Papilio brevicauda",-59.19034,47.829952,1983,7,11,"CA","PRESERVED_SPECIMEN","Papilio brevicauda"
"2432245401","Papilio brevicauda",-65.010973,47.327221,1983,7,16,"CA","PRESERVED_SPECIMEN","Papilio brevicauda"
"42361046","Papilio brevicauda",-52.95,47.6333,1983,7,6,"CA","OCCURRENCE","Papilio brevicauda"
"42896317","Papilio brevicauda",-59.1833,47.8333,1983,7,11,"CA","OCCURRENCE","Papilio brevicauda"
"42896321","Papilio brevicauda",-66.4833,49.1167,1983,7,2,"CA","OCCURRENCE","Papilio brevicauda"
"43117697","Papilio brevicauda",-66.1167,48.9667,1983,7,22,"CA","OCCURRENCE","Papilio brevicauda"
"43117700","Papilio brevicauda",-66.1167,48.9667,1983,7,22,"CA","OCCURRENCE","Papilio brevicauda"
"1317237984","Papilio brevicauda",-59.19,47.8303,1983,7,11,"CA","PRESERVED_SPECIMEN","Papilio brevicauda"
"1317677386","Papilio brevicauda",-59.19,47.8303,1983,7,11,"CA","PRESERVED_SPECIMEN","Papilio brevicauda"
"1317684154","Papilio brevicauda",-65.011,47.3272,1983,7,16,"CA","PRESERVED_SPECIMEN","Papilio brevicauda"
"1317909693","Papilio brevicauda",-65.011,47.3272,1983,7,16,"CA","PRESERVED_SPECIMEN","Papilio brevicauda"
"1318039510","Papilio brevicauda",-65.011,47.3272,1983,7,16,"CA","PRESERVED_SPECIMEN","Papilio brevicauda"
"1318415933","Papilio brevicauda",-65.011,47.3272,1983,7,16,"CA","PRESERVED_SPECIMEN","Papilio brevicauda"
"1318420036","Papilio brevicauda",-65.011,47.3272,1983,7,16,"CA","PRESERVED_SPECIMEN","Papilio brevicauda"
"1318537958","Papilio brevicauda",-59.19,47.8303,1983,7,11,"CA","PRESERVED_SPECIMEN","Papilio brevicauda"
"1319036807","Papilio brevicauda",-59.19,47.8303,1983,7,11,"CA","PRESERVED_SPECIMEN","Papilio brevicauda"
"1319242458","Papilio brevicauda",-65.011,47.3272,1983,7,16,"CA","PRESERVED_SPECIMEN","Papilio brevicauda"
"1319298995","Papilio brevicauda",-59.19,47.8303,1983,7,11,"CA","PRESERVED_SPECIMEN","Papilio brevicauda"
"1319386798","Papilio brevicauda",-65.011,47.3272,1983,7,16,"CA","PRESERVED_SPECIMEN","Papilio brevicauda"
"1319705130","Papilio brevicauda",-59.19,47.8303,1983,7,11,"CA","PRESERVED_SPECIMEN","Papilio brevicauda"
"1319761955","Papilio brevicauda",-59.19,47.8303,1983,7,11,"CA","PRESERVED_SPECIMEN","Papilio brevicauda"
"1319957671","Papilio brevicauda",-59.19,47.8303,1983,7,11,"CA","PRESERVED_SPECIMEN","Papilio brevicauda"
"1320133254","Papilio brevicauda",-65.011,47.3272,1983,7,16,"CA","PRESERVED_SPECIMEN","Papilio brevicauda"
"1320838502","Papilio brevicauda",-59.19,47.8303,1983,7,11,"CA","PRESERVED_SPECIMEN","Papilio brevicauda"
"1321760399","Papilio brevicauda",-65.011,47.3272,1983,7,16,"CA","PRESERVED_SPECIMEN","Papilio brevicauda"
"1321799787","Papilio brevicauda",-59.19,47.8303,1983,7,11,"CA","PRESERVED_SPECIMEN","Papilio brevicauda"
"1322441393","Papilio brevicauda",-59.19,47.8303,1983,7,11,"CA","PRESERVED_SPECIMEN","Papilio brevicauda"
"1322959659","Papilio brevicauda",-65.011,47.3272,1983,7,16,"CA","PRESERVED_SPECIMEN","Papilio brevicauda"
"2570276312","Papilio brevicauda",-59.19,47.83,1983,7,11,"CA","PRESERVED_SPECIMEN","Papilio brevicauda"
"1932627781","Papilio brevicauda",-54.585706,48.952255,1981,7,16,"CA","PRESERVED_SPECIMEN","Papilio brevicauda"
"42361035","Papilio brevicauda",-52.6167,47.5167,1981,7,23,"CA","OCCURRENCE","Papilio brevicauda"
"1039119370","Papilio brevicauda",-59.200297,47.832262,1981,7,28,"CA","PRESERVED_SPECIMEN","Papilio brevicauda"
"1039115853","Papilio brevicauda",-65.0091958,47.3298886,1980,3,15,"CA","PRESERVED_SPECIMEN","Papilio brevicauda"
"1318969586","Papilio brevicauda",-57.5106,49.3289,1980,6,30,"CA","PRESERVED_SPECIMEN","Papilio brevicauda"
"1321687673","Papilio brevicauda",-57.5106,49.3289,1980,6,30,"CA","PRESERVED_SPECIMEN","Papilio brevicauda"
"1318958409","Papilio brevicauda",-57.5106,49.3289,1980,7,1,"CA","PRESERVED_SPECIMEN","Papilio brevicauda"
"1320797311","Papilio brevicauda",-57.5106,49.3289,1980,7,2,"CA","PRESERVED_SPECIMEN","Papilio brevicauda"
"42362161","Papilio brevicauda",-55.5833,51.3667,1979,6,29,"CA","OCCURRENCE","Papilio brevicauda"
"42362162","Papilio brevicauda",-55.5833,51.3667,1979,6,29,"CA","OCCURRENCE","Papilio brevicauda"
"150020352","Papilio brevicauda",-57.9333,49.6167,1979,7,17,"CA","OCCURRENCE","Papilio brevicauda"
"150020353","Papilio brevicauda",-59.3,47.6167,1979,7,15,"CA","OCCURRENCE","Papilio brevicauda"
"150020354","Papilio brevicauda",-60.3333,46.7833,1979,7,8,"CA","OCCURRENCE","Papilio brevicauda"
"88077794","Papilio brevicauda",-60.03,46.78,1979,7,8,"CA","PRESERVED_SPECIMEN","Papilio brevicauda"
"88077802","Papilio brevicauda",-59.28,47.63,1979,7,11,"CA","PRESERVED_SPECIMEN","Papilio brevicauda"
"88077805","Papilio brevicauda",-59.28,47.63,1979,7,11,"CA","PRESERVED_SPECIMEN","Papilio brevicauda"
"88077807","Papilio brevicauda",-59.28,47.63,1979,7,15,"CA","PRESERVED_SPECIMEN","Papilio brevicauda"
"88077812","Papilio brevicauda",-59.28,47.63,1979,7,15,"CA","PRESERVED_SPECIMEN","Papilio brevicauda"
"3397395381","Papilio brevicauda",-57.870827,49.790355,1979,7,17,"CA","HUMAN_OBSERVATION","Papilio brevicauda"
"3397402372","Papilio brevicauda",-59.29287,47.620229,1979,7,15,"CA","HUMAN_OBSERVATION","Papilio brevicauda"
"3397408221","Papilio brevicauda",-60.332322,46.773433,1979,8,8,"CA","HUMAN_OBSERVATION","Papilio brevicauda"
"3397459530","Papilio brevicauda",-69.865995,47.566059,1979,10,24,"CA","HUMAN_OBSERVATION","Papilio brevicauda"
"43117703","Papilio brevicauda",-64.3333,48.8333,1977,6,15,"CA","OCCURRENCE","Papilio brevicauda"
"43846377","Papilio brevicauda",0,0,1977,7,29,"CA","OCCURRENCE","Papilio brevicauda"
"43846384","Papilio brevicauda",0,0,1977,7,31,"CA","OCCURRENCE","Papilio brevicauda"
"43846387","Papilio brevicauda",0,0,1977,7,31,"CA","OCCURRENCE","Papilio brevicauda"
"43846391","Papilio brevicauda",0,0,1977,7,31,"CA","OCCURRENCE","Papilio brevicauda"
"3397357392","Papilio brevicauda",-66.223344,48.960558,1977,7,3,"CA","HUMAN_OBSERVATION","Papilio brevicauda"
"3397359159","Papilio brevicauda",-60.461454,46.902431,1977,7,14,"CA","HUMAN_OBSERVATION","Papilio brevicauda"
"1319155596","Papilio brevicauda",-60.4706,46.8986,1977,7,14,"CA","PRESERVED_SPECIMEN","Papilio brevicauda"
"43845894","Papilio brevicauda",0,0,1977,8,2,"CA","OCCURRENCE","Papilio brevicauda"
"43846401","Papilio brevicauda",0,0,1977,8,3,"CA","OCCURRENCE","Papilio brevicauda"
"42361025","Papilio brevicauda",-52.7833,47.5167,1977,11,15,"CA","OCCURRENCE","Papilio brevicauda"
"42361029","Papilio brevicauda",-52.7833,47.5167,1976,5,19,"CA","OCCURRENCE","Papilio brevicauda"
"42362268","Papilio brevicauda",-52.7833,47.5167,1976,5,19,"CA","OCCURRENCE","Papilio brevicauda"
"43117691","Papilio brevicauda",-66.1167,48.9667,1976,7,4,"CA","OCCURRENCE","Papilio brevicauda"
"43117702","Papilio brevicauda",-66.1167,48.9667,1976,7,4,"CA","OCCURRENCE","Papilio brevicauda"
"1320410715","Papilio brevicauda",-64.4833,48.8333,1976,7,4,"CA","PRESERVED_SPECIMEN","Papilio brevicauda"
"1320657178","Papilio brevicauda",-64.4833,48.8333,1976,7,4,"CA","PRESERVED_SPECIMEN","Papilio brevicauda"
"43846397","Papilio brevicauda",0,0,1976,8,3,"CA","OCCURRENCE","Papilio brevicauda"
"2432245168","Papilio brevicauda",-64.483333,48.833333,1976,11,14,"CA","PRESERVED_SPECIMEN","Papilio brevicauda"
"43117694","Papilio brevicauda",-64.3333,48.8333,1976,11,8,"CA","OCCURRENCE","Papilio brevicauda"
"3025839571","Papilio brevicauda",-66.194235,48.915534,1974,7,5,"CA","PRESERVED_SPECIMEN","Papilio brevicauda"
"3397465657","Papilio brevicauda",-64.352681,49.818815,1973,6,18,"CA","HUMAN_OBSERVATION","Papilio brevicauda"
"3397500612","Papilio brevicauda",-64.3505,49.818,1973,6,18,"CA","HUMAN_OBSERVATION","Papilio brevicauda"
"3397482580","Papilio brevicauda",-64.3505,49.818,1973,6,20,"CA","HUMAN_OBSERVATION","Papilio brevicauda"
"42413667","Papilio brevicauda",-52.7,47.7,1973,7,22,"CA","OCCURRENCE","Papilio brevicauda"
"42361013","Papilio brevicauda",-52.7,47.7,1972,2,1,"CA","OCCURRENCE","Papilio brevicauda"
"42360935","Papilio brevicauda",-53.2167,47.55,1972,7,13,"CA","OCCURRENCE","Papilio brevicauda"
"42360938","Papilio brevicauda",-53.0333,47.9667,1972,7,16,"CA","OCCURRENCE","Papilio brevicauda"
"42360940","Papilio brevicauda",-53.0333,47.9667,1972,7,16,"CA","OCCURRENCE","Papilio brevicauda"
"42360948","Papilio brevicauda",-53.2167,47.55,1972,7,14,"CA","OCCURRENCE","Papilio brevicauda"
"42360950","Papilio brevicauda",-53.0333,47.9667,1972,7,16,"CA","OCCURRENCE","Papilio brevicauda"
"42360953","Papilio brevicauda",-53.0333,47.9667,1972,7,16,"CA","OCCURRENCE","Papilio brevicauda"
"42360956","Papilio brevicauda",-53.0333,47.9667,1972,7,16,"CA","OCCURRENCE","Papilio brevicauda"
"42360961","Papilio brevicauda",-53.0333,47.9667,1972,7,16,"CA","OCCURRENCE","Papilio brevicauda"
"42360965","Papilio brevicauda",-53.0333,47.9667,1972,7,16,"CA","OCCURRENCE","Papilio brevicauda"
"42360967","Papilio brevicauda",-53.0333,47.9667,1972,7,16,"CA","OCCURRENCE","Papilio brevicauda"
"42360971","Papilio brevicauda",-53.0333,47.9667,1972,7,16,"CA","OCCURRENCE","Papilio brevicauda"
"42360972","Papilio brevicauda",-53.0333,47.9667,1972,7,16,"CA","OCCURRENCE","Papilio brevicauda"
"42360976","Papilio brevicauda",-53.0333,47.9667,1972,7,16,"CA","OCCURRENCE","Papilio brevicauda"
"42360988","Papilio brevicauda",-53.0333,47.9667,1972,7,16,"CA","OCCURRENCE","Papilio brevicauda"
"42360991","Papilio brevicauda",-53.0333,47.9667,1972,7,16,"CA","OCCURRENCE","Papilio brevicauda"
"42360993","Papilio brevicauda",-53.0333,47.9667,1972,7,16,"CA","OCCURRENCE","Papilio brevicauda"
"42360995","Papilio brevicauda",-53.0333,47.9667,1972,7,16,"CA","OCCURRENCE","Papilio brevicauda"
"42360997","Papilio brevicauda",-53.2167,47.5833,1972,7,16,"CA","OCCURRENCE","Papilio brevicauda"
"42361004","Papilio brevicauda",-53.0333,47.9667,1972,7,16,"CA","OCCURRENCE","Papilio brevicauda"
"42361007","Papilio brevicauda",-53.0333,47.9667,1972,7,16,"CA","OCCURRENCE","Papilio brevicauda"
"42361010","Papilio brevicauda",-53.0333,47.9667,1972,7,16,"CA","OCCURRENCE","Papilio brevicauda"
"3397399724","Papilio brevicauda",-64.486902,48.831635,1972,7,26,"CA","HUMAN_OBSERVATION","Papilio brevicauda"
"42747434","Papilio brevicauda",-66.2,48.9167,1971,7,21,"CA","OCCURRENCE","Papilio brevicauda"
"43846114","Papilio brevicauda",0,0,1971,8,1,"CA","OCCURRENCE","Papilio brevicauda"
"43001155","Papilio brevicauda",-66.1956,48.9214,1970,7,NA,"CA","OCCURRENCE","Papilio brevicauda"
"3397470969","Papilio brevicauda",-66.195,48.92,1970,7,17,"CA","HUMAN_OBSERVATION","Papilio brevicauda"
"1039048279","Papilio brevicauda",-65.010973,47.327221,1970,7,10,"CA","PRESERVED_SPECIMEN","Papilio brevicauda"
"1039048754","Papilio brevicauda",-65.0091958,47.3298886,1970,7,10,"CA","PRESERVED_SPECIMEN","Papilio brevicauda"
"1039069481","Papilio brevicauda",-65.0091958,47.3298886,1970,7,10,"CA","PRESERVED_SPECIMEN","Papilio brevicauda"
"1039078357","Papilio brevicauda",-65.010973,47.327221,1970,7,10,"CA","PRESERVED_SPECIMEN","Papilio brevicauda"
"1039086817","Papilio brevicauda",-65.0091958,47.3298886,1970,7,10,"CA","PRESERVED_SPECIMEN","Papilio brevicauda"
"1039089147","Papilio brevicauda",-65.010973,47.327221,1970,7,10,"CA","PRESERVED_SPECIMEN","Papilio brevicauda"
"1039094520","Papilio brevicauda",-65.0091958,47.3298886,1970,7,12,"CA","PRESERVED_SPECIMEN","Papilio brevicauda"
"1039098974","Papilio brevicauda",-65.010973,47.327221,1970,7,10,"CA","PRESERVED_SPECIMEN","Papilio brevicauda"
"1039120266","Papilio brevicauda",-65.010973,47.327221,1970,7,12,"CA","PRESERVED_SPECIMEN","Papilio brevicauda"
"1039130948","Papilio brevicauda",-65.010973,47.327221,1970,7,10,"CA","PRESERVED_SPECIMEN","Papilio brevicauda"
"1039143066","Papilio brevicauda",-65.0091958,47.3298886,1970,7,10,"CA","PRESERVED_SPECIMEN","Papilio brevicauda"
"1039145290","Papilio brevicauda",-65.0091958,47.3298886,1970,7,12,"CA","PRESERVED_SPECIMEN","Papilio brevicauda"
"1039158668","Papilio brevicauda",-65.010973,47.327221,1970,7,12,"CA","PRESERVED_SPECIMEN","Papilio brevicauda"
"1039170721","Papilio brevicauda",-65.0091958,47.3298886,1970,7,12,"CA","PRESERVED_SPECIMEN","Papilio brevicauda"
"1039178017","Papilio brevicauda",-65.0091958,47.3298886,1970,7,10,"CA","PRESERVED_SPECIMEN","Papilio brevicauda"
"1039179545","Papilio brevicauda",-65.010973,47.327221,1970,7,12,"CA","PRESERVED_SPECIMEN","Papilio brevicauda"
"1039186220","Papilio brevicauda",-65.0091958,47.3298886,1970,7,10,"CA","PRESERVED_SPECIMEN","Papilio brevicauda"
"1039189168","Papilio brevicauda",-65.0091958,47.3298886,1970,7,10,"CA","PRESERVED_SPECIMEN","Papilio brevicauda"
"1039196418","Papilio brevicauda",-65.010973,47.327221,1970,7,12,"CA","PRESERVED_SPECIMEN","Papilio brevicauda"
"42747444","Papilio brevicauda",-66.1667,48.9333,1969,7,13,"CA","OCCURRENCE","Papilio brevicauda"
"42361050","Papilio brevicauda",-52.7333,47.5667,1968,7,16,"CA","OCCURRENCE","Papilio brevicauda"
"42747381","Papilio brevicauda",-59.1833,47.8333,1968,7,13,"CA","OCCURRENCE","Papilio brevicauda"
"42747390","Papilio brevicauda",-59.1833,47.8333,1968,7,12,"CA","OCCURRENCE","Papilio brevicauda"
"42747398","Papilio brevicauda",-59.1833,47.8333,1968,7,6,"CA","OCCURRENCE","Papilio brevicauda"
"42747406","Papilio brevicauda",-59.1833,47.8333,1968,7,8,"CA","OCCURRENCE","Papilio brevicauda"
"1039042451","Papilio brevicauda",-64.351047,49.819379,1967,6,30,"CA","PRESERVED_SPECIMEN","Papilio brevicauda"
"1039052333","Papilio brevicauda",-64.351047,49.819379,1967,6,27,"CA","PRESERVED_SPECIMEN","Papilio brevicauda"
"1039061921","Papilio brevicauda",-64.351047,49.819379,1967,6,29,"CA","PRESERVED_SPECIMEN","Papilio brevicauda"
"1039069993","Papilio brevicauda",-64.351047,49.819379,1967,6,17,"CA","PRESERVED_SPECIMEN","Papilio brevicauda"
"1039090101","Papilio brevicauda",-64.351047,49.819379,1967,6,29,"CA","PRESERVED_SPECIMEN","Papilio brevicauda"
"1039097326","Papilio brevicauda",-64.351047,49.819379,1967,6,27,"CA","PRESERVED_SPECIMEN","Papilio brevicauda"
"1039144312","Papilio brevicauda",-64.351047,49.819379,1967,6,27,"CA","PRESERVED_SPECIMEN","Papilio brevicauda"
"1039147438","Papilio brevicauda",-64.351047,49.819379,1967,6,27,"CA","PRESERVED_SPECIMEN","Papilio brevicauda"
"1039177762","Papilio brevicauda",-64.351047,49.819379,1967,6,27,"CA","PRESERVED_SPECIMEN","Papilio brevicauda"
"42360921","Papilio brevicauda",-52.7333,47.5667,1967,7,4,"CA","OCCURRENCE","Papilio brevicauda"
"42360923","Papilio brevicauda",-52.7333,47.5667,1967,7,4,"CA","OCCURRENCE","Papilio brevicauda"
"42360926","Papilio brevicauda",-52.7333,47.5667,1967,7,6,"CA","OCCURRENCE","Papilio brevicauda"
"42361053","Papilio brevicauda",-52.7333,47.5667,1967,7,4,"CA","OCCURRENCE","Papilio brevicauda"
"42361055","Papilio brevicauda",-52.7333,47.5667,1967,7,4,"CA","OCCURRENCE","Papilio brevicauda"
"1039035030","Papilio brevicauda",-64.351047,49.819379,1967,7,3,"CA","PRESERVED_SPECIMEN","Papilio brevicauda"
"1039066871","Papilio brevicauda",-64.351047,49.819379,1967,7,5,"CA","PRESERVED_SPECIMEN","Papilio brevicauda"
"1039102206","Papilio brevicauda",-64.351047,49.819379,1967,7,7,"CA","PRESERVED_SPECIMEN","Papilio brevicauda"
"1039107589","Papilio brevicauda",-64.351047,49.819379,1967,7,17,"CA","PRESERVED_SPECIMEN","Papilio brevicauda"
"1039128537","Papilio brevicauda",-64.351047,49.819379,1967,7,7,"CA","PRESERVED_SPECIMEN","Papilio brevicauda"
"1039165746","Papilio brevicauda",-64.351047,49.819379,1967,7,6,"CA","PRESERVED_SPECIMEN","Papilio brevicauda"
"1039176674","Papilio brevicauda",-64.351047,49.819379,1967,7,3,"CA","PRESERVED_SPECIMEN","Papilio brevicauda"
"3397666940","Papilio brevicauda",-62.955532,49.549519,1966,2,26,"CA","HUMAN_OBSERVATION","Papilio brevicauda"
"3397474577","Papilio brevicauda",-64.352681,49.818815,1966,3,1,"CA","HUMAN_OBSERVATION","Papilio brevicauda"
"3397668004","Papilio brevicauda",-62.955532,49.549519,1966,3,18,"CA","HUMAN_OBSERVATION","Papilio brevicauda"
"42361026","Papilio brevicauda",-53.2,47.4167,1965,4,23,"CA","OCCURRENCE","Papilio brevicauda"
"42361052","Papilio brevicauda",-53.3167,47.55,1965,7,10,"CA","OCCURRENCE","Papilio brevicauda"
"3397486572","Papilio brevicauda",-64.352681,49.818815,1965,7,25,"CA","HUMAN_OBSERVATION","Papilio brevicauda"
"43001168","Papilio brevicauda",-66.1956,48.9214,1963,7,22,"CA","OCCURRENCE","Papilio brevicauda"
"3397657452","Papilio brevicauda",-66.038524,48.85321,1963,7,22,"CA","HUMAN_OBSERVATION","Papilio brevicauda"
"3397469531","Papilio brevicauda",-64.352681,49.818815,1960,3,19,"CA","HUMAN_OBSERVATION","Papilio brevicauda"
"42747513","Papilio brevicauda",-63,49.5,1960,5,9,"CA","OCCURRENCE","Papilio brevicauda"
"1322939510","Papilio brevicauda",-59.3475,47.8407,1960,6,5,"CA","PRESERVED_SPECIMEN","Papilio brevicauda"
"1436115040","Papilio brevicauda",-52.800664,48.132098,1959,7,15,"CA","PRESERVED_SPECIMEN","Papilio brevicauda"
"1318147123","Papilio brevicauda",-61.0698,46.4826,1955,3,11,"CA","PRESERVED_SPECIMEN","Papilio brevicauda"
"1319361043","Papilio brevicauda",-61.0698,46.4826,1955,3,11,"CA","PRESERVED_SPECIMEN","Papilio brevicauda"
"1039184495","Papilio brevicauda",-52.687698,47.579404,1955,3,20,"CA","PRESERVED_SPECIMEN","Papilio brevicauda"
"1039025719","Papilio brevicauda",-52.687698,47.579404,1955,4,10,"CA","PRESERVED_SPECIMEN","Papilio brevicauda"
"1039027008","Papilio brevicauda",-52.687698,47.579404,1955,4,19,"CA","PRESERVED_SPECIMEN","Papilio brevicauda"
"1420228318","Papilio brevicauda",-52.687698,47.579404,1955,4,12,"CA","PRESERVED_SPECIMEN","Papilio brevicauda"
"1420228650","Papilio brevicauda",-52.687698,47.579404,1955,4,12,"CA","PRESERVED_SPECIMEN","Papilio brevicauda"
"1039053011","Papilio brevicauda",-52.687698,47.579404,1955,4,12,"CA","PRESERVED_SPECIMEN","Papilio brevicauda"
"1039067790","Papilio brevicauda",-52.687698,47.579404,1955,4,13,"CA","PRESERVED_SPECIMEN","Papilio brevicauda"
"1420228994","Papilio brevicauda",-52.687698,47.579404,1955,4,12,"CA","PRESERVED_SPECIMEN","Papilio brevicauda"
"1039078268","Papilio brevicauda",-52.687698,47.579404,1955,4,7,"CA","PRESERVED_SPECIMEN","Papilio brevicauda"
"1420229187","Papilio brevicauda",-52.687698,47.579404,1955,4,15,"CA","PRESERVED_SPECIMEN","Papilio brevicauda"
"1039089582","Papilio brevicauda",-52.687698,47.579404,1955,4,15,"CA","PRESERVED_SPECIMEN","Papilio brevicauda"
"1420229401","Papilio brevicauda",-52.687698,47.579404,1955,4,19,"CA","PRESERVED_SPECIMEN","Papilio brevicauda"
"1039167543","Papilio brevicauda",-52.687698,47.579404,1955,4,21,"CA","PRESERVED_SPECIMEN","Papilio brevicauda"
"1039099702","Papilio brevicauda",-60.542697,46.281163,1954,4,23,"CA","PRESERVED_SPECIMEN","Papilio brevicauda"
"42747436","Papilio brevicauda",-66.1167,48.95,1954,7,12,"CA","OCCURRENCE","Papilio brevicauda"
"42747439","Papilio brevicauda",-66.2,48.9,1954,7,12,"CA","OCCURRENCE","Papilio brevicauda"
"1039194563","Papilio brevicauda",-52.882019,47.588667,1954,12,6,"CA","PRESERVED_SPECIMEN","Papilio brevicauda"
"1039117159","Papilio brevicauda",-65.0091958,47.3298886,1953,3,26,"CA","PRESERVED_SPECIMEN","Papilio brevicauda"
"1039032754","Papilio brevicauda",-65.0091958,47.3298886,1953,4,4,"CA","PRESERVED_SPECIMEN","Papilio brevicauda"
"1039038171","Papilio brevicauda",-65.0091958,47.3298886,1953,4,6,"CA","PRESERVED_SPECIMEN","Papilio brevicauda"
"1420228535","Papilio brevicauda",-65.0091958,47.3298886,1953,4,4,"CA","PRESERVED_SPECIMEN","Papilio brevicauda"
"1039083933","Papilio brevicauda",-65.0091958,47.3298886,1953,4,6,"CA","PRESERVED_SPECIMEN","Papilio brevicauda"
"1039090917","Papilio brevicauda",-65.0091958,47.3298886,1953,4,1,"CA","PRESERVED_SPECIMEN","Papilio brevicauda"
"1039109152","Papilio brevicauda",-65.0091958,47.3298886,1953,4,2,"CA","PRESERVED_SPECIMEN","Papilio brevicauda"
"1420229742","Papilio brevicauda",-65.0091958,47.3298886,1953,4,5,"CA","PRESERVED_SPECIMEN","Papilio brevicauda"
"1039189250","Papilio brevicauda",-65.0091958,47.3298886,1953,4,5,"CA","PRESERVED_SPECIMEN","Papilio brevicauda"
"1039196213","Papilio brevicauda",-65.0091958,47.3298886,1953,4,4,"CA","PRESERVED_SPECIMEN","Papilio brevicauda"
"42360911","Papilio brevicauda",-52.7333,47.5667,1953,7,17,"CA","OCCURRENCE","Papilio brevicauda"
"1039113561","Papilio brevicauda",-65.0091958,47.3298886,1951,2,27,"CA","PRESERVED_SPECIMEN","Papilio brevicauda"
"1039153546","Papilio brevicauda",-65.0091958,47.3298886,1951,2,26,"CA","PRESERVED_SPECIMEN","Papilio brevicauda"
"1039062802","Papilio brevicauda",-65.0091958,47.3298886,1951,3,5,"CA","PRESERVED_SPECIMEN","Papilio brevicauda"
"1420229816","Papilio brevicauda",-65.0091958,47.3298886,1951,3,5,"CA","PRESERVED_SPECIMEN","Papilio brevicauda"
"1039134639","Papilio brevicauda",-61.066257,46.482459,1951,3,9,"CA","PRESERVED_SPECIMEN","Papilio brevicauda"
"1039156735","Papilio brevicauda",-61.066257,46.482459,1951,3,9,"CA","PRESERVED_SPECIMEN","Papilio brevicauda"
"42747407","Papilio brevicauda",-55.6167,51.3333,1951,6,23,"CA","OCCURRENCE","Papilio brevicauda"
"42747460","Papilio brevicauda",-55.5833,51.3667,1951,6,23,"CA","OCCURRENCE","Papilio brevicauda"
"42747467","Papilio brevicauda",-55.5833,51.3667,1951,6,20,"CA","OCCURRENCE","Papilio brevicauda"
"42747475","Papilio brevicauda",-55.5833,51.3667,1951,6,15,"CA","OCCURRENCE","Papilio brevicauda"
"42747480","Papilio brevicauda",-55.5833,51.3667,1951,6,22,"CA","OCCURRENCE","Papilio brevicauda"
"42747483","Papilio brevicauda",-55.5833,51.3667,1951,6,23,"CA","OCCURRENCE","Papilio brevicauda"
"42747411","Papilio brevicauda",-55.6167,51.3333,1951,7,23,"CA","OCCURRENCE","Papilio brevicauda"
"42747472","Papilio brevicauda",-55.5833,51.3667,1951,7,8,"CA","OCCURRENCE","Papilio brevicauda"
"42747478","Papilio brevicauda",-55.5833,51.3667,1951,7,12,"CA","OCCURRENCE","Papilio brevicauda"
"42747421","Papilio brevicauda",-55.5833,51.3667,1951,8,NA,"CA","OCCURRENCE","Papilio brevicauda"
"1337837887","Papilio brevicauda",-61.066667,46.483333,1950,3,16,"CA","PRESERVED_SPECIMEN","Papilio brevicauda"
"1436115090","Papilio brevicauda",-61.066667,46.483333,1950,3,2,"CA","PRESERVED_SPECIMEN","Papilio brevicauda"
"1420228341","Papilio brevicauda",-61.066257,46.482459,1950,3,NA,"CA","PRESERVED_SPECIMEN","Papilio brevicauda"
"1420228517","Papilio brevicauda",-61.066257,46.482459,1950,3,NA,"CA","PRESERVED_SPECIMEN","Papilio brevicauda"
"1039081587","Papilio brevicauda",-61.08222,46.47667,1950,3,4,"CA","PRESERVED_SPECIMEN","Papilio brevicauda"
"1039096656","Papilio brevicauda",-61.066257,46.482459,1950,3,NA,"CA","PRESERVED_SPECIMEN","Papilio brevicauda"
"1039101624","Papilio brevicauda",-61.08222,46.47667,1950,3,1,"CA","PRESERVED_SPECIMEN","Papilio brevicauda"
"1420230239","Papilio brevicauda",-61.08222,46.47667,1950,3,4,"CA","PRESERVED_SPECIMEN","Papilio brevicauda"
"1039192110","Papilio brevicauda",-61.08222,46.47667,1950,3,9,"CA","PRESERVED_SPECIMEN","Papilio brevicauda"
"42747553","Papilio brevicauda",-58.5667,48.55,1949,6,29,"CA","OCCURRENCE","Papilio brevicauda"
"42747555","Papilio brevicauda",-58.5667,48.55,1949,6,24,"CA","OCCURRENCE","Papilio brevicauda"
"42747566","Papilio brevicauda",-58.5667,48.55,1949,6,22,"CA","OCCURRENCE","Papilio brevicauda"
"42747570","Papilio brevicauda",-58.5667,48.55,1949,6,17,"CA","OCCURRENCE","Papilio brevicauda"
"42747350","Papilio brevicauda",-58.1833,48.75,1949,7,8,"CA","OCCURRENCE","Papilio brevicauda"
"42747500","Papilio brevicauda",-57.7667,49.4667,1949,7,13,"CA","OCCURRENCE","Papilio brevicauda"
"42747503","Papilio brevicauda",-57.7667,49.4667,1949,7,19,"CA","OCCURRENCE","Papilio brevicauda"
"42747562","Papilio brevicauda",-58.5667,48.55,1949,7,1,"CA","OCCURRENCE","Papilio brevicauda"
"42747569","Papilio brevicauda",-58.5667,48.55,1949,7,3,"CA","OCCURRENCE","Papilio brevicauda"
"2284433318","Papilio brevicauda",-60.466667,46.9,1942,2,23,"CA","PRESERVED_SPECIMEN","Papilio brevicauda"
"42747574","Papilio brevicauda",-60.4667,46.9,1942,2,10,"CA","OCCURRENCE","Papilio brevicauda"
"42747600","Papilio brevicauda",-60.4667,46.9,1942,2,28,"CA","OCCURRENCE","Papilio brevicauda"
"42747578","Papilio brevicauda",-60.4667,46.9,1942,3,10,"CA","OCCURRENCE","Papilio brevicauda"
"42747581","Papilio brevicauda",-60.4667,46.9,1942,3,13,"CA","OCCURRENCE","Papilio brevicauda"
"42747586","Papilio brevicauda",-60.4667,46.9,1942,3,31,"CA","OCCURRENCE","Papilio brevicauda"
"42747597","Papilio brevicauda",-60.4667,46.9,1942,3,3,"CA","OCCURRENCE","Papilio brevicauda"
"42747590","Papilio brevicauda",-60.4667,46.9,1942,4,2,"CA","OCCURRENCE","Papilio brevicauda"
"42747605","Papilio brevicauda",-60.5167,46.8833,1942,6,9,"CA","OCCURRENCE","Papilio brevicauda"
"42747594","Papilio brevicauda",-60.4667,46.9,1942,7,3,"CA","OCCURRENCE","Papilio brevicauda"
"3397637541","Papilio brevicauda",-71.207981,46.813878,1942,7,4,"CA","HUMAN_OBSERVATION","Papilio brevicauda"
"1039192345","Papilio brevicauda",-65.0091958,47.3298886,1940,4,7,"CA","PRESERVED_SPECIMEN","Papilio brevicauda"
"2284433437","Papilio brevicauda",-59.15,47.85,1940,6,14,"CA","PRESERVED_SPECIMEN","Papilio brevicauda"
"1039115002","Papilio brevicauda",-65.0091958,47.3298886,1940,7,6,"CA","PRESERVED_SPECIMEN","Papilio brevicauda"
"42747534","Papilio brevicauda",-65.0167,47.3333,1939,6,13,"CA","OCCURRENCE","Papilio brevicauda"
"42747535","Papilio brevicauda",-65.0167,47.3333,1939,6,26,"CA","OCCURRENCE","Papilio brevicauda"
"42747538","Papilio brevicauda",-65.0167,47.3333,1939,6,20,"CA","OCCURRENCE","Papilio brevicauda"
"42747547","Papilio brevicauda",-65.0167,47.3333,1939,6,15,"CA","OCCURRENCE","Papilio brevicauda"
"42747551","Papilio brevicauda",-65.0167,47.3333,1939,6,17,"CA","OCCURRENCE","Papilio brevicauda"
"43001164","Papilio brevicauda",-68.8167,48.35,1939,8,19,"CA","OCCURRENCE","Papilio brevicauda"
"3397507424","Papilio brevicauda",-68.802989,48.348097,1939,8,19,"CA","HUMAN_OBSERVATION","Papilio brevicauda"
"43118128","Papilio brevicauda",-59,48.5167,1936,7,6,"CA","OCCURRENCE","Papilio brevicauda"
"3397629516","Papilio brevicauda",-73.567256,45.501689,1936,9,9,"CA","HUMAN_OBSERVATION","Papilio brevicauda"
"43001135","Papilio brevicauda",-64.4833,48.8333,1935,1,29,"CA","OCCURRENCE","Papilio brevicauda"
"3397507371","Papilio brevicauda",-64.486902,48.831635,1935,1,29,"CA","HUMAN_OBSERVATION","Papilio brevicauda"
"42747454","Papilio brevicauda",-65.9,48.25,1935,6,18,"CA","OCCURRENCE","Papilio brevicauda"
"42747447","Papilio brevicauda",-65.9,48.25,1935,7,3,"CA","OCCURRENCE","Papilio brevicauda"
"42747485","Papilio brevicauda",-57.0167,53.7,1935,7,19,"CA","OCCURRENCE","Papilio brevicauda"
"42747441","Papilio brevicauda",-66.1667,48.9333,1934,7,13,"CA","OCCURRENCE","Papilio brevicauda"
"42747450","Papilio brevicauda",-65.9,48.25,1934,7,10,"CA","OCCURRENCE","Papilio brevicauda"
"42747504","Papilio brevicauda",-59.1833,47.8333,1934,7,18,"CA","OCCURRENCE","Papilio brevicauda"
"42747507","Papilio brevicauda",-59.1833,47.8333,1934,7,9,"CA","OCCURRENCE","Papilio brevicauda"
"1039081677","Papilio brevicauda",-64.487371,48.832148,1934,7,11,"CA","PRESERVED_SPECIMEN","Papilio brevicauda"
"1039107601","Papilio brevicauda",-65.9,48.2,1934,7,1,"CA","PRESERVED_SPECIMEN","Papilio brevicauda"
"42747648","Papilio brevicauda",-66.0667,48.8,1933,6,27,"CA","OCCURRENCE","Papilio brevicauda"
"42747643","Papilio brevicauda",-66.0667,48.8,1933,7,3,"CA","OCCURRENCE","Papilio brevicauda"
"42747645","Papilio brevicauda",-66.2,48.9,1933,7,21,"CA","OCCURRENCE","Papilio brevicauda"
"1044053418","Papilio brevicauda",-66.078526,48.780618,1933,7,16,"CA","PRESERVED_SPECIMEN","Papilio brevicauda"
"43118132","Papilio brevicauda",-54.25,48.8,1931,6,2,"CA","OCCURRENCE","Papilio brevicauda"
"932850195","Papilio brevicauda",-60.47422,47.027154,1931,7,2,"CA","PRESERVED_SPECIMEN","Papilio brevicauda"
"932846366","Papilio brevicauda",-60.47422,47.027154,1931,7,2,"CA","PRESERVED_SPECIMEN","Papilio brevicauda"
"813431420","Papilio brevicauda",-60.47422,47.027154,1931,7,2,"CA","PRESERVED_SPECIMEN","Papilio brevicauda"
"42747511","Papilio brevicauda",-58.1833,48.75,1929,7,16,"CA","OCCURRENCE","Papilio brevicauda"
"42352264","Papilio brevicauda",-66.3903,48.0486,1929,8,16,"CA","OCCURRENCE","Papilio brevicauda"
"42747509","Papilio brevicauda",-56.0667,49.5167,1927,7,20,"CA","OCCURRENCE","Papilio brevicauda"
"1039121303","Papilio brevicauda",-56,49,1900,7,1,"CA","PRESERVED_SPECIMEN","Papilio brevicauda"
"43001151","Papilio brevicauda",-69.8667,47.5667,1899,2,8,"CA","OCCURRENCE","Papilio brevicauda"
"43001160","Papilio brevicauda",-69.8667,47.5667,1899,4,10,"CA","OCCURRENCE","Papilio brevicauda"
"42747424","Papilio brevicauda",-64.4833,48.8333,1898,6,21,"CA","OCCURRENCE","Papilio brevicauda"
"43001142","Papilio brevicauda",-69.8667,47.5667,1898,8,2,"CA","OCCURRENCE","Papilio brevicauda"
"3397662985","Papilio brevicauda",-69.865995,47.566059,1898,8,2,"CA","HUMAN_OBSERVATION","Papilio brevicauda"
"43001145","Papilio brevicauda",-69.8667,47.5667,1894,5,15,"CA","OCCURRENCE","Papilio brevicauda"
"932846996","Papilio brevicauda",-56,49,1885,1,1,"CA","PRESERVED_SPECIMEN","Papilio brevicauda"
"932847019","Papilio brevicauda",-56,49,1885,1,1,"CA","PRESERVED_SPECIMEN","Papilio brevicauda"
"932850243","Papilio brevicauda",-56,49,1885,1,1,"CA","PRESERVED_SPECIMEN","Papilio brevicauda"
"43001117","Papilio brevicauda",-52.7167,47.5667,1881,7,24,"CA","OCCURRENCE","Papilio brevicauda"
"3397461011","Papilio brevicauda",-52.712577,47.56151,1881,7,24,"CA","HUMAN_OBSERVATION","Papilio brevicauda"
"43001111","Papilio brevicauda",-63,49.5,1868,NA,NA,"CA","OCCURRENCE","Papilio brevicauda"
"2432245212","Papilio brevicauda",-59.189085,47.828665,NA,NA,NA,"CA","PRESERVED_SPECIMEN","Papilio brevicauda"
"2432246095","Papilio brevicauda",-59.189085,47.828665,NA,NA,NA,"CA","PRESERVED_SPECIMEN","Papilio brevicauda"
"1932662706","Papilio brevicauda",-63,49.5,NA,NA,NA,"CA","PRESERVED_SPECIMEN","Papilio brevicauda"
"2284432973","Papilio brevicauda",-65.9,48.2,NA,NA,NA,"CA","PRESERVED_SPECIMEN","Papilio brevicauda"
"2284432735","Papilio brevicauda",-69.916667,48.3,NA,NA,NA,"CA","PRESERVED_SPECIMEN","Papilio brevicauda"
"42361019","Papilio brevicauda",0,0,NA,NA,NA,"CA","OCCURRENCE","Papilio brevicauda"
"42361022","Papilio brevicauda",0,0,NA,NA,NA,"CA","OCCURRENCE","Papilio brevicauda"
"42361038","Papilio brevicauda",-58.7167,48.55,NA,NA,NA,"CA","OCCURRENCE","Papilio brevicauda"
"42747416","Papilio brevicauda",-55.5833,51.3667,NA,NA,NA,"CA","OCCURRENCE","Papilio brevicauda"
"42747459","Papilio brevicauda",-66.7333,49.0833,NA,NA,NA,"CA","OCCURRENCE","Papilio brevicauda"
"43001150","Papilio brevicauda",-69.8667,47.5667,NA,NA,NA,"CA","OCCURRENCE","Papilio brevicauda"
"43849342","Papilio brevicauda",-69.8667,47.5667,NA,NA,NA,"CA","OCCURRENCE","Papilio brevicauda"
"1142327360","Papilio brevicauda",-55.604492,48.855638,NA,NA,NA,"CA","PRESERVED_SPECIMEN","Papilio brevicauda"
"1142312961","Papilio brevicauda",-55.604492,48.855638,NA,NA,NA,"CA","PRESERVED_SPECIMEN","Papilio brevicauda"
"1317748383","Papilio brevicauda",-64.4833,48.8333,NA,NA,NA,"CA","PRESERVED_SPECIMEN","Papilio brevicauda"
"1319851326","Papilio brevicauda",-64.4833,48.8333,NA,NA,NA,"CA","PRESERVED_SPECIMEN","Papilio brevicauda"
"1320987047","Papilio brevicauda",-66.1801,48.9191,NA,NA,NA,"CA","PRESERVED_SPECIMEN","Papilio brevicauda"
"1322951025","Papilio brevicauda",-57.4316,49.1793,NA,NA,NA,"CA","PRESERVED_SPECIMEN","Papilio brevicauda"
"1229919491","Papilio brevicauda",-63.060425,49.535662,NA,NA,NA,"CA","PRESERVED_SPECIMEN","Papilio brevicauda"
"932846546","Papilio brevicauda",-56,49,NA,NA,NA,"CA","PRESERVED_SPECIMEN","Papilio brevicauda"
"925595833","Papilio brevicauda",-63.060425,49.535662,NA,NA,NA,"CA","PRESERVED_SPECIMEN","Papilio brevicauda"
"932846670","Papilio brevicauda",-59.040039,53.44934,NA,NA,NA,"CA","PRESERVED_SPECIMEN","Papilio brevicauda"
"932850525","Papilio brevicauda",-56,49,NA,NA,NA,"CA","PRESERVED_SPECIMEN","Papilio brevicauda"
"2235723449","Papilio brevicauda",-96.169999,39.488885,NA,NA,NA,"US","PRESERVED_SPECIMEN","Papilio brevicauda"
"2235724796","Papilio brevicauda",-96.571669,39.183608,NA,NA,NA,"US","PRESERVED_SPECIMEN","Papilio brevicauda"
