"gbifID","species","longitude","latitude","year","month","day","countryCode","accepted_name"
"3397512414","Papilio aristodemus",-80.369633,25.175939,2019,6,22,"US","Papilio aristodemus"
"3397658069","Papilio aristodemus",-80.408946,25.12275,2018,5,2,"US","Papilio aristodemus"
"3397469590","Papilio aristodemus",-80.302697,25.276356,2017,5,28,"US","Papilio aristodemus"
"3397605801","Papilio aristodemus",-80.298364,25.278889,2017,5,19,"US","Papilio aristodemus"
"2466416679","Papilio aristodemus",-80.44728,25.086515,1982,6,6,"US","Papilio aristodemus"
"2284394064","Papilio aristodemus",-80.4475,25.0861,1973,7,15,"US","Papilio aristodemus"
"1039138286","Papilio aristodemus",-80.380882,25.1546,1972,5,15,"US","Papilio aristodemus"
"1320175501","Papilio aristodemus",-80.2717,25.3247,1972,5,16,"US","Papilio aristodemus"
"1039037014","Papilio aristodemus",-80.380882,25.1546,1971,5,20,"US","Papilio aristodemus"
"1039051294","Papilio aristodemus",-80.380882,25.1546,1971,5,21,"US","Papilio aristodemus"
"1039059864","Papilio aristodemus",-80.380882,25.1546,1971,5,NA,"US","Papilio aristodemus"
"1039081196","Papilio aristodemus",-80.380882,25.1546,1971,5,21,"US","Papilio aristodemus"
"1039115288","Papilio aristodemus",-80.380882,25.1546,1971,5,14,"US","Papilio aristodemus"
"1039133383","Papilio aristodemus",-80.380882,25.1546,1971,5,21,"US","Papilio aristodemus"
"1455646206","Papilio aristodemus",-80.4475,25.08611,1971,5,NA,"US","Papilio aristodemus"
"1932627215","Papilio aristodemus",-80.308488,25.276678,1971,5,12,"US","Papilio aristodemus"
"1039205092","Papilio aristodemus",-80.380882,25.1546,1970,6,5,"US","Papilio aristodemus"
"1436114822","Papilio aristodemus",-80.354803,25.196443,1969,5,4,"US","Papilio aristodemus"
"1455642257","Papilio aristodemus",-80.4475,25.08611,1969,5,10,"US","Papilio aristodemus"
"1436114801","Papilio aristodemus",-80.323594,25.236313,1968,5,12,"US","Papilio aristodemus"
"1039104329","Papilio aristodemus",-80.380882,25.1546,1947,5,31,"US","Papilio aristodemus"
"1039195701","Papilio aristodemus",-80.380882,25.1546,1947,5,17,"US","Papilio aristodemus"
"1039033725","Papilio aristodemus",-80.380882,25.1546,1947,6,7,"US","Papilio aristodemus"
"1039028343","Papilio aristodemus",-81.453743,24.77238,1945,4,28,"US","Papilio aristodemus"
"1039176341","Papilio aristodemus",-80.380882,25.1546,1945,5,29,"US","Papilio aristodemus"
"2432245048","Papilio aristodemus",-80.638674,24.9143,1945,5,29,"US","Papilio aristodemus"
"2432245906","Papilio aristodemus",-80.638674,24.9143,1945,5,5,"US","Papilio aristodemus"
"1039108182","Papilio aristodemus",-80.380882,25.1546,1944,4,30,"US","Papilio aristodemus"
"1039032849","Papilio aristodemus",-80.380882,25.1546,1944,5,26,"US","Papilio aristodemus"
"1039076295","Papilio aristodemus",-80.380882,25.1546,1944,5,14,"US","Papilio aristodemus"
"1039154559","Papilio aristodemus",-80.380882,25.1546,1944,5,21,"US","Papilio aristodemus"
"1039166936","Papilio aristodemus",-80.380882,25.1546,1944,5,26,"US","Papilio aristodemus"
"1420228837","Papilio aristodemus",-80.380882,25.1546,1944,5,14,"US","Papilio aristodemus"
"1420229725","Papilio aristodemus",-80.380882,25.1546,1944,5,21,"US","Papilio aristodemus"
"1420229835","Papilio aristodemus",-80.380882,25.1546,1944,5,14,"US","Papilio aristodemus"
"1420229862","Papilio aristodemus",-80.380882,25.1546,1944,5,14,"US","Papilio aristodemus"
"1039187529","Papilio aristodemus",-80.380882,25.1546,1940,5,11,"US","Papilio aristodemus"
"1436114818","Papilio aristodemus",-80.237748,25.735908,1924,5,31,"US","Papilio aristodemus"
"1039051445","Papilio aristodemus",-80.713989,24.864613,NA,NA,NA,"US","Papilio aristodemus"
"2250001003","Papilio aristodemus",-80.4475,25.0885,NA,NA,NA,"US","Papilio aristodemus"
"2250001272","Papilio aristodemus",-80.71,24.84,NA,NA,NA,"US","Papilio aristodemus"
"2250002225","Papilio aristodemus",-80.4475,25.0885,NA,NA,NA,"US","Papilio aristodemus"
"2250002921","Papilio aristodemus",-80.4475,25.0885,NA,NA,NA,"US","Papilio aristodemus"
"2250003037","Papilio aristodemus",-80.4475,25.0885,NA,NA,NA,"US","Papilio aristodemus"
