"gbifID","species","longitude","latitude","year","month","day","countryCode","accepted_name"
"3859904285","Pimpinella saxifraga",-66.531175,46.415642,2022,5,24,"CA","Pimpinella saxifraga"
"3988545451","Pimpinella saxifraga",-113.59369,53.492511,2022,6,12,"CA","Pimpinella saxifraga"
"3892535506","Pimpinella saxifraga",-52.676783,47.581558,2022,7,8,"CA","Pimpinella saxifraga"
"3988544484","Pimpinella saxifraga",-113.603229,53.502784,2022,7,2,"CA","Pimpinella saxifraga"
"3988645503","Pimpinella saxifraga",-113.594773,53.495128,2022,7,23,"CA","Pimpinella saxifraga"
"3892491842","Pimpinella saxifraga",-73.863952,45.518594,2022,8,5,"CA","Pimpinella saxifraga"
"3902525688","Pimpinella saxifraga",-66.818283,45.967578,2022,8,5,"CA","Pimpinella saxifraga"
"3902832815","Pimpinella saxifraga",-66.83247,45.9619,2022,8,4,"CA","Pimpinella saxifraga"
"3903202888","Pimpinella saxifraga",-113.602677,53.5023,2022,9,3,"CA","Pimpinella saxifraga"
"3307132803","Pimpinella saxifraga",-65.522394,47.454808,2021,6,11,"CA","Pimpinella saxifraga"
"3384352723","Pimpinella saxifraga",-113.593593,53.492307,2021,6,12,"CA","Pimpinella saxifraga"
"3330645895","Pimpinella saxifraga",-113.614901,53.466809,2021,7,16,"CA","Pimpinella saxifraga"
"3415453738","Pimpinella saxifraga",-66.513017,45.846697,2021,7,19,"CA","Pimpinella saxifraga"
"3759078660","Pimpinella saxifraga",-65.703335,47.611902,2021,7,31,"CA","Pimpinella saxifraga"
"3344028807","Pimpinella saxifraga",-113.606904,53.503433,2021,8,16,"CA","Pimpinella saxifraga"
"3415369787","Pimpinella saxifraga",-65.762569,47.860446,2021,8,14,"CA","Pimpinella saxifraga"
"3759145705","Pimpinella saxifraga",-65.951074,47.914206,2021,8,9,"CA","Pimpinella saxifraga"
"3455633175","Pimpinella saxifraga",-66.753577,45.981362,2021,11,12,"CA","Pimpinella saxifraga"
"3988775423","Pimpinella saxifraga",-113.593207,53.49059,2021,11,6,"CA","Pimpinella saxifraga"
"2802675594","Pimpinella saxifraga",-67.636582,46.334267,2020,6,8,"CA","Pimpinella saxifraga"
"3044759559","Pimpinella saxifraga",-66.926408,46.037669,2020,7,4,"CA","Pimpinella saxifraga"
"3070526054","Pimpinella saxifraga",-65.648723,47.603223,2020,7,21,"CA","Pimpinella saxifraga"
"2860079027","Pimpinella saxifraga",-113.591258,53.487716,2020,8,30,"CA","Pimpinella saxifraga"
"2873871437","Pimpinella saxifraga",-113.592574,53.487501,2020,8,8,"CA","Pimpinella saxifraga"
"2999213504","Pimpinella saxifraga",-71.210542,46.80465,2020,8,22,"CA","Pimpinella saxifraga"
"3070323155","Pimpinella saxifraga",-66.785278,45.994167,2020,8,15,"CA","Pimpinella saxifraga"
"2864600619","Pimpinella saxifraga",-66.639032,45.963467,2020,9,3,"CA","Pimpinella saxifraga"
"2864805240","Pimpinella saxifraga",-64.962937,45.602092,2020,9,13,"CA","Pimpinella saxifraga"
"2882949234","Pimpinella saxifraga",-66.819454,45.960836,2020,10,4,"CA","Pimpinella saxifraga"
"2963791521","Pimpinella saxifraga",-66.662863,45.921505,2020,10,12,"CA","Pimpinella saxifraga"
"2366042815","Pimpinella saxifraga",-66.637488,45.962585,2019,8,15,"CA","Pimpinella saxifraga"
"2366092498","Pimpinella saxifraga",-66.684722,45.986253,2019,8,18,"CA","Pimpinella saxifraga"
"2366093842","Pimpinella saxifraga",-66.684433,45.986544,2019,8,18,"CA","Pimpinella saxifraga"
"2366094520","Pimpinella saxifraga",-66.6847,45.986289,2019,8,18,"CA","Pimpinella saxifraga"
"2366101161","Pimpinella saxifraga",-66.634138,45.958763,2019,8,19,"CA","Pimpinella saxifraga"
"2573799149","Pimpinella saxifraga",-66.684836,45.986247,2019,8,18,"CA","Pimpinella saxifraga"
"2573806090","Pimpinella saxifraga",-66.853622,45.967742,2019,8,18,"CA","Pimpinella saxifraga"
"2573809114","Pimpinella saxifraga",-66.670363,45.914164,2019,8,25,"CA","Pimpinella saxifraga"
"2573899099","Pimpinella saxifraga",-66.818817,45.969047,2019,8,18,"CA","Pimpinella saxifraga"
"2573923082","Pimpinella saxifraga",-66.818353,45.968736,2019,8,18,"CA","Pimpinella saxifraga"
"2573968091","Pimpinella saxifraga",-66.669853,45.938319,2019,8,19,"CA","Pimpinella saxifraga"
"2573970093","Pimpinella saxifraga",-66.958937,46.011243,2019,8,17,"CA","Pimpinella saxifraga"
"2574061234","Pimpinella saxifraga",-66.670006,45.938269,2019,8,19,"CA","Pimpinella saxifraga"
"2574064223","Pimpinella saxifraga",-66.672806,45.937742,2019,8,19,"CA","Pimpinella saxifraga"
"2574065199","Pimpinella saxifraga",-66.684372,45.986378,2019,8,18,"CA","Pimpinella saxifraga"
"2574073220","Pimpinella saxifraga",-66.754586,45.981156,2019,8,18,"CA","Pimpinella saxifraga"
"2574076186","Pimpinella saxifraga",-66.818886,45.969136,2019,8,18,"CA","Pimpinella saxifraga"
"2574125211","Pimpinella saxifraga",-66.684812,45.986313,2019,8,18,"CA","Pimpinella saxifraga"
"2574126189","Pimpinella saxifraga",-66.684837,45.986247,2019,8,18,"CA","Pimpinella saxifraga"
"2574129172","Pimpinella saxifraga",-66.638074,45.952524,2019,8,9,"CA","Pimpinella saxifraga"
"2597835935","Pimpinella saxifraga",-66.764655,45.99971,2019,8,4,"CA","Pimpinella saxifraga"
"2447936790","Pimpinella saxifraga",-113.594,53.494,2019,10,19,"CA","Pimpinella saxifraga"
"2518040802","Pimpinella saxifraga",-113.594,53.494,2019,10,19,"CA","Pimpinella saxifraga"
"1890719812","Pimpinella saxifraga",-66.671579,45.955069,2018,8,8,"CA","Pimpinella saxifraga"
"1920788644","Pimpinella saxifraga",-66.662696,45.940287,2018,8,10,"CA","Pimpinella saxifraga"
"3070300489","Pimpinella saxifraga",-52.748222,47.565642,2018,8,29,"CA","Pimpinella saxifraga"
"3415763331","Pimpinella saxifraga",-52.711477,47.587648,2018,8,16,"CA","Pimpinella saxifraga"
"1920825285","Pimpinella saxifraga",-66.584484,45.96836,2018,10,8,"CA","Pimpinella saxifraga"
"1931500421","Pimpinella saxifraga",-66.689311,45.935315,2018,10,13,"CA","Pimpinella saxifraga"
"1932308886","Pimpinella saxifraga",-65.303969,44.916019,2018,10,13,"CA","Pimpinella saxifraga"
"1209657491","Pimpinella saxifraga",-113.595365,53.4933029990984,2014,8,1,"CA","Pimpinella saxifraga"
"1209657512","Pimpinella saxifraga",-113.595249,53.4923979990984,2014,8,22,"CA","Pimpinella saxifraga"
"1658227640","Pimpinella saxifraga",-71.21021,46.80447,2012,8,24,"CA","Pimpinella saxifraga"
"2859408346","Pimpinella saxifraga",-67.548056,46.3875,2000,7,8,"CA","Pimpinella saxifraga"
"668744668","Pimpinella saxifraga",-70.882778,46.962222,1998,8,12,"CA","Pimpinella saxifraga"
"668744669","Pimpinella saxifraga",-70.875556,46.942222,1998,8,13,"CA","Pimpinella saxifraga"
"1248693139","Pimpinella saxifraga",-71.416667,45.75,1989,7,19,"CA","Pimpinella saxifraga"
"1899382001","Pimpinella saxifraga",-78.65,45.066667,1978,8,19,"CA","Pimpinella saxifraga"
"668744679","Pimpinella saxifraga",-71.265278,46.780833,1977,9,17,"CA","Pimpinella saxifraga"
"1248693070","Pimpinella saxifraga",-71.275,46.783333,1976,7,20,"CA","Pimpinella saxifraga"
"668744674","Pimpinella saxifraga",-71.266944,46.781111,1975,8,6,"CA","Pimpinella saxifraga"
"668744675","Pimpinella saxifraga",-71.275556,46.776667,1975,9,14,"CA","Pimpinella saxifraga"
"668744676","Pimpinella saxifraga",-71.266111,46.779722,1975,9,14,"CA","Pimpinella saxifraga"
"668744680","Pimpinella saxifraga",-71.266111,46.779722,1975,9,14,"CA","Pimpinella saxifraga"
"668744677","Pimpinella saxifraga",-71.266667,46.779167,1974,8,6,"CA","Pimpinella saxifraga"
"1261999217","Pimpinella saxifraga",-71.275,46.783333,1974,8,6,"CA","Pimpinella saxifraga"
"668744678","Pimpinella saxifraga",-71.268889,46.7825,1974,9,9,"CA","Pimpinella saxifraga"
"668744681","Pimpinella saxifraga",-71.265556,46.765833,1974,9,16,"CA","Pimpinella saxifraga"
"668744670","Pimpinella saxifraga",-71.233333,46.816667,1971,7,16,"CA","Pimpinella saxifraga"
"1248693141","Pimpinella saxifraga",-71.208333,46.805556,1967,8,12,"CA","Pimpinella saxifraga"
"2250593729","Pimpinella saxifraga",-128.25,51.8,1967,8,12,"CA","Pimpinella saxifraga"
"3348793913","Pimpinella saxifraga",-128.25,51.799999,1967,8,12,"CA","Pimpinella saxifraga"
"473537842","Pimpinella saxifraga",-65.933333,47.383333,1965,8,16,"CA","Pimpinella saxifraga"
"668744673","Pimpinella saxifraga",-71.275,46.783333,1964,8,28,"CA","Pimpinella saxifraga"
"2250593010","Pimpinella saxifraga",-80.4333,43,1962,7,26,"CA","Pimpinella saxifraga"
"3351426257","Pimpinella saxifraga",-80.43,43,1962,7,26,"CA","Pimpinella saxifraga"
"2250592548","Pimpinella saxifraga",-77.25,45.6667,1961,8,29,"CA","Pimpinella saxifraga"
"3348751961","Pimpinella saxifraga",-77.25,45.669998,1961,8,29,"CA","Pimpinella saxifraga"
"668744682","Pimpinella saxifraga",-71.261111,46.7925,1959,7,27,"CA","Pimpinella saxifraga"
"1248693087","Pimpinella saxifraga",-71,46,1959,8,3,"CA","Pimpinella saxifraga"
"465933855","Pimpinella saxifraga",-66.666667,45.945278,1955,8,12,"CA","Pimpinella saxifraga"
"465933858","Pimpinella saxifraga",-66.666667,45.945278,1955,8,24,"CA","Pimpinella saxifraga"
"465933852","Pimpinella saxifraga",-66.666667,45.945278,1953,7,20,"CA","Pimpinella saxifraga"
"465761364","Pimpinella saxifraga",-65.78394,43.70927,1950,9,15,"CA","Pimpinella saxifraga"
"1261970608","Pimpinella saxifraga",-71.216667,46.8,1947,9,15,"CA","Pimpinella saxifraga"
"465933862","Pimpinella saxifraga",-66.666667,45.945278,1924,7,NA,"CA","Pimpinella saxifraga"
"686188780","Pimpinella saxifraga",-64.368655,45.086861,NA,NA,NA,"CA","Pimpinella saxifraga"
"686188781","Pimpinella saxifraga",-64.368652,45.086859,NA,NA,NA,"CA","Pimpinella saxifraga"
"686188782","Pimpinella saxifraga",-64.36865,45.086852,NA,NA,NA,"CA","Pimpinella saxifraga"
"686188783","Pimpinella saxifraga",-64.368648,45.086851,NA,NA,NA,"CA","Pimpinella saxifraga"
"686188784","Pimpinella saxifraga",-64.368659,45.086856,NA,NA,NA,"CA","Pimpinella saxifraga"
"686188785","Pimpinella saxifraga",-64.368657,45.08684,NA,NA,NA,"CA","Pimpinella saxifraga"
"3759964097","Pimpinella saxifraga",-123.364053,43.170123,2022,4,14,"US","Pimpinella saxifraga"
"3759973039","Pimpinella saxifraga",-123.364053,43.170123,2022,4,14,"US","Pimpinella saxifraga"
"3759996038","Pimpinella saxifraga",-123.364053,43.170123,2022,4,14,"US","Pimpinella saxifraga"
"3760011026","Pimpinella saxifraga",-123.364053,43.170123,2022,4,14,"US","Pimpinella saxifraga"
"3912079664","Pimpinella saxifraga",-91.803797,45.621177,2022,7,17,"US","Pimpinella saxifraga"
"3892622690","Pimpinella saxifraga",-90.773976,43.419186,2022,8,9,"US","Pimpinella saxifraga"
"3994107588","Pimpinella saxifraga",-74.914483,40.982837,2022,10,27,"US","Pimpinella saxifraga"
"3858299683","Pimpinella saxifraga",-93.446132,45.155826,2021,5,26,"US","Pimpinella saxifraga"
"3327673275","Pimpinella saxifraga",-92.46705,42.50684,2021,7,12,"US","Pimpinella saxifraga"
"3328071538","Pimpinella saxifraga",-93.455697,45.152789,2021,7,14,"US","Pimpinella saxifraga"
"3333304520","Pimpinella saxifraga",-93.443578,45.156127,2021,7,14,"US","Pimpinella saxifraga"
"3337616357","Pimpinella saxifraga",-75.264888,41.184314,2021,8,7,"US","Pimpinella saxifraga"
"3337930324","Pimpinella saxifraga",-92.419584,47.669075,2021,8,6,"US","Pimpinella saxifraga"
"3455326071","Pimpinella saxifraga",-75.298605,41.155027,2021,8,6,"US","Pimpinella saxifraga"
"3860090795","Pimpinella saxifraga",-93.39059,45.140795,2021,8,31,"US","Pimpinella saxifraga"
"3456086473","Pimpinella saxifraga",-75.350406,41.12625,2021,9,21,"US","Pimpinella saxifraga"
"2859891887","Pimpinella saxifraga",-93.567358,45.09825,2020,8,16,"US","Pimpinella saxifraga"
"2862548467","Pimpinella saxifraga",-88.982785,46.507491,2020,8,3,"US","Pimpinella saxifraga"
"3109079394","Pimpinella saxifraga",-92.768018,44.939758,2020,8,3,"US","Pimpinella saxifraga"
"3109294401","Pimpinella saxifraga",-93.39,45.1,2020,8,1,"US","Pimpinella saxifraga"
"2883102742","Pimpinella saxifraga",-123.278883,44.586289,2020,9,27,"US","Pimpinella saxifraga"
"2350325123","Pimpinella saxifraga",-75.720817,39.736838,2019,8,3,"US","Pimpinella saxifraga"
"2465139901","Pimpinella saxifraga",-76.629911,39.505498,2019,11,9,"US","Pimpinella saxifraga"
"2236824493","Pimpinella saxifraga",-84.662183,45.992576,2018,8,22,"US","Pimpinella saxifraga"
"2651346169","Pimpinella saxifraga",-93.44,48.29,2018,8,27,"US","Pimpinella saxifraga"
"2988488326","Pimpinella saxifraga",-94.824225,46.856542,2018,8,9,"US","Pimpinella saxifraga"
"3406463315","Pimpinella saxifraga",-93.751667,47.393314,2017,7,19,"US","Pimpinella saxifraga"
"1836609750","Pimpinella saxifraga",-84.754543,45.842912,2017,8,24,"US","Pimpinella saxifraga"
"3406472312","Pimpinella saxifraga",-95.426242,47.596444,2017,8,22,"US","Pimpinella saxifraga"
"2265592817","Pimpinella saxifraga",-92.8517,44.9461,2016,8,NA,"US","Pimpinella saxifraga"
"2265965878","Pimpinella saxifraga",-92.9904,46.1148,2015,7,3,"US","Pimpinella saxifraga"
"2900321231","Pimpinella saxifraga",-87.108017,45.255757,2014,8,17,"US","Pimpinella saxifraga"
"2265457334","Pimpinella saxifraga",-93.445639,45.155944,2013,7,18,"US","Pimpinella saxifraga"
"2418040256","Pimpinella saxifraga",-123.3076,44.5905,2013,7,3,"US","Pimpinella saxifraga"
"2418041517","Pimpinella saxifraga",-123.2663,44.6152,2013,7,3,"US","Pimpinella saxifraga"
"3820532057","Pimpinella saxifraga",-123.3076,44.5905,2013,7,3,"US","Pimpinella saxifraga"
"3820646422","Pimpinella saxifraga",-123.2608,44.5647,2012,7,26,"US","Pimpinella saxifraga"
"683949073","Pimpinella saxifraga",-123.36153,43.17312,2011,8,21,"US","Pimpinella saxifraga"
"2418040154","Pimpinella saxifraga",-123.378333,43.173056,2011,8,21,"US","Pimpinella saxifraga"
"2859443357","Pimpinella saxifraga",-77.047203,40.785917,2011,8,30,"US","Pimpinella saxifraga"
"2418035362","Pimpinella saxifraga",-123.2002,43.3167999990583,2007,7,20,"US","Pimpinella saxifraga"
"3408359540","Pimpinella saxifraga",-74.153,41.754,2006,8,22,"US","Pimpinella saxifraga"
"3408364537","Pimpinella saxifraga",-74.153,41.754,2006,8,22,"US","Pimpinella saxifraga"
"1988993920","Pimpinella saxifraga",-84.894302,45.929807,2001,8,13,"US","Pimpinella saxifraga"
"1848989379","Pimpinella saxifraga",-84.78194,45.85556,2000,9,11,"US","Pimpinella saxifraga"
"1930404247","Pimpinella saxifraga",-84.7819,45.8556,2000,9,11,"US","Pimpinella saxifraga"
"3408424233","Pimpinella saxifraga",-74.153,41.754,1996,5,31,"US","Pimpinella saxifraga"
"1305256352","Pimpinella saxifraga",-89.234428,44.762034,1993,8,23,"US","Pimpinella saxifraga"
"1305256676","Pimpinella saxifraga",-87.060412,45.192877,1990,9,15,"US","Pimpinella saxifraga"
"415940180","Pimpinella saxifraga",-68.11805,45.77444,1988,7,12,"US","Pimpinella saxifraga"
"2573116666","Pimpinella saxifraga",-68.09974,45.81041,1988,7,12,"US","Pimpinella saxifraga"
"1989482216","Pimpinella saxifraga",-87.830819,45.845481,1987,7,26,"US","Pimpinella saxifraga"
"1988957662","Pimpinella saxifraga",-84.75224,45.83981,1986,7,29,"US","Pimpinella saxifraga"
"1989100114","Pimpinella saxifraga",-84.928181,45.950004,1986,7,29,"US","Pimpinella saxifraga"
"1988773038","Pimpinella saxifraga",-87.500743,45.702427,1985,7,26,"US","Pimpinella saxifraga"
"1989004097","Pimpinella saxifraga",-87.500743,45.702427,1985,8,20,"US","Pimpinella saxifraga"
"1989051509","Pimpinella saxifraga",-87.253724,45.731744,1985,8,20,"US","Pimpinella saxifraga"
"2575152353","Pimpinella saxifraga",-118.53,34.24,1975,6,16,"US","Pimpinella saxifraga"
"1844417513","Pimpinella saxifraga",-73.003841,42.714053,1974,9,2,"US","Pimpinella saxifraga"
"1844417545","Pimpinella saxifraga",-73.003841,42.714053,1974,9,2,"US","Pimpinella saxifraga"
"1844417556","Pimpinella saxifraga",-73.003841,42.714053,1974,9,2,"US","Pimpinella saxifraga"
"1844417580","Pimpinella saxifraga",-73.003841,42.714053,1974,9,2,"US","Pimpinella saxifraga"
"1844417932","Pimpinella saxifraga",-73.001781,42.714432,1974,9,2,"US","Pimpinella saxifraga"
"2573130131","Pimpinella saxifraga",-72.98259,42.72265,1974,9,2,"US","Pimpinella saxifraga"
"1928131444","Pimpinella saxifraga",-75.821866,40.42676,1970,7,18,"US","Pimpinella saxifraga"
"3898512033","Pimpinella saxifraga",-74.11055,42.037915,1970,11,7,"US","Pimpinella saxifraga"
"465933860","Pimpinella saxifraga",-69.398496,44.291212,1966,8,6,"US","Pimpinella saxifraga"
"2573112140","Pimpinella saxifraga",-67.98735,46.68672,1965,8,25,"US","Pimpinella saxifraga"
"3865059477","Pimpinella saxifraga",-75.743414,41.993962,1961,9,22,"US","Pimpinella saxifraga"
"3865055442","Pimpinella saxifraga",-75.194918,40.607877,1959,8,4,"US","Pimpinella saxifraga"
"2859430239","Pimpinella saxifraga",-74.782481,40.190095,1956,8,19,"US","Pimpinella saxifraga"
"415956108","Pimpinella saxifraga",-72.22166,41.81416,1952,6,30,"US","Pimpinella saxifraga"
"415956109","Pimpinella saxifraga",-72.22166,41.81416,1952,6,30,"US","Pimpinella saxifraga"
"415956110","Pimpinella saxifraga",-72.22166,41.81416,1952,6,30,"US","Pimpinella saxifraga"
"1038935439","Pimpinella saxifraga",-72.2286,41.7892,1952,6,30,"US","Pimpinella saxifraga"
"3865326455","Pimpinella saxifraga",-75.441466,40.852995,1952,6,13,"US","Pimpinella saxifraga"
"3865322425","Pimpinella saxifraga",-75.879369,40.533077,1952,7,28,"US","Pimpinella saxifraga"
"3865060425","Pimpinella saxifraga",-75.885643,40.593178,1952,8,25,"US","Pimpinella saxifraga"
"3865054468","Pimpinella saxifraga",-75.828597,40.421636,1950,9,17,"US","Pimpinella saxifraga"
"3331190146","Pimpinella saxifraga",-75.2,41.3,1949,10,1,"US","Pimpinella saxifraga"
"3865052448","Pimpinella saxifraga",-74.829127,41.313995,1947,8,NA,"US","Pimpinella saxifraga"
"3865053432","Pimpinella saxifraga",-75.180657,40.672132,1946,7,31,"US","Pimpinella saxifraga"
"3865328507","Pimpinella saxifraga",-75.177855,40.674691,1946,7,31,"US","Pimpinella saxifraga"
"3865330490","Pimpinella saxifraga",-75.19467,40.639473,1946,7,31,"US","Pimpinella saxifraga"
"3865321437","Pimpinella saxifraga",-75.207626,40.915064,1946,8,22,"US","Pimpinella saxifraga"
"3865324466","Pimpinella saxifraga",-75.218344,40.736544,1946,8,8,"US","Pimpinella saxifraga"
"3865325476","Pimpinella saxifraga",-75.184956,40.728869,1946,8,8,"US","Pimpinella saxifraga"
"3865051421","Pimpinella saxifraga",-75.041655,39.991,1946,9,10,"US","Pimpinella saxifraga"
"3865323455","Pimpinella saxifraga",-75.113093,40.807378,1946,9,10,"US","Pimpinella saxifraga"
"3865054470","Pimpinella saxifraga",-75.513797,41.290593,1945,9,8,"US","Pimpinella saxifraga"
"3865327500","Pimpinella saxifraga",-75.113093,40.807378,1943,7,21,"US","Pimpinella saxifraga"
"2859430967","Pimpinella saxifraga",-75.96965,40.324717,1943,10,31,"US","Pimpinella saxifraga"
"3865057423","Pimpinella saxifraga",-75.19905,40.610857,1942,8,5,"US","Pimpinella saxifraga"
"3865329484","Pimpinella saxifraga",-75.19905,40.610857,1942,8,5,"US","Pimpinella saxifraga"
"3865327503","Pimpinella saxifraga",-77.745149,40.793338,1939,7,23,"US","Pimpinella saxifraga"
"3865321440","Pimpinella saxifraga",-75.28046,41.124997,1939,8,27,"US","Pimpinella saxifraga"
"3865325478","Pimpinella saxifraga",-77.860001,40.836871,1939,8,23,"US","Pimpinella saxifraga"
"3865058480","Pimpinella saxifraga",-75.965212,40.329537,1938,8,31,"US","Pimpinella saxifraga"
"3865059475","Pimpinella saxifraga",-75.965212,40.329537,1938,8,31,"US","Pimpinella saxifraga"
"3865327501","Pimpinella saxifraga",-75.965212,40.329537,1938,8,31,"US","Pimpinella saxifraga"
"3865322427","Pimpinella saxifraga",-75.195458,41.018427,1936,7,25,"US","Pimpinella saxifraga"
"3865056464","Pimpinella saxifraga",-75.817976,40.453983,1936,8,15,"US","Pimpinella saxifraga"
"3865328505","Pimpinella saxifraga",-74.771421,43.109311,1934,9,4,"US","Pimpinella saxifraga"
"441808049","Pimpinella saxifraga",-123.0875,48.577222,1923,7,24,"US","Pimpinella saxifraga"
"3865326454","Pimpinella saxifraga",-75.319855,40.023681,1909,6,7,"US","Pimpinella saxifraga"
"3865329487","Pimpinella saxifraga",-76.46941,40.247593,1908,7,NA,"US","Pimpinella saxifraga"
"3865322424","Pimpinella saxifraga",-75.086008,40.827876,1907,6,6,"US","Pimpinella saxifraga"
"3865321438","Pimpinella saxifraga",-75.777418,40.517316,1907,7,NA,"US","Pimpinella saxifraga"
"3865323456","Pimpinella saxifraga",-75.777418,40.517316,1907,8,29,"US","Pimpinella saxifraga"
"3865326453","Pimpinella saxifraga",-75.777418,40.517316,1907,8,29,"US","Pimpinella saxifraga"
"3865054466","Pimpinella saxifraga",-75.086008,40.827876,1907,9,1,"US","Pimpinella saxifraga"
"3865060424","Pimpinella saxifraga",-75.086008,40.827876,1907,9,1,"US","Pimpinella saxifraga"
"3865329482","Pimpinella saxifraga",-75.243782,41.094803,1906,6,9,"US","Pimpinella saxifraga"
"415956115","Pimpinella saxifraga",-75.18666,40.78333,1906,8,NA,"US","Pimpinella saxifraga"
"3865052447","Pimpinella saxifraga",-75.267126,41.10648,1906,8,15,"US","Pimpinella saxifraga"
"3865059473","Pimpinella saxifraga",-75.185285,40.783806,1906,8,NA,"US","Pimpinella saxifraga"
"3865323454","Pimpinella saxifraga",-75.267126,41.10648,1906,8,15,"US","Pimpinella saxifraga"
"3865329483","Pimpinella saxifraga",-75.152358,40.776884,1906,8,28,"US","Pimpinella saxifraga"
"3865327498","Pimpinella saxifraga",-75.194625,40.986761,1906,9,1,"US","Pimpinella saxifraga"
"415956113","Pimpinella saxifraga",-74.95083,40.36444,1902,8,29,"US","Pimpinella saxifraga"
"415956114","Pimpinella saxifraga",-74.95083,40.36444,1902,8,29,"US","Pimpinella saxifraga"
"2859135070","Pimpinella saxifraga",-75.21794,40.6854399990672,1899,7,17,"US","Pimpinella saxifraga"
"2859431972","Pimpinella saxifraga",-75.2061,40.7133599990671,1898,9,5,"US","Pimpinella saxifraga"
"3865058479","Pimpinella saxifraga",-75.196843,40.717321,1898,9,5,"US","Pimpinella saxifraga"
"3865059474","Pimpinella saxifraga",-75.196843,40.717321,1898,9,5,"US","Pimpinella saxifraga"
"3865052445","Pimpinella saxifraga",-75.196843,40.717321,1895,7,30,"US","Pimpinella saxifraga"
"3865054467","Pimpinella saxifraga",-75.196843,40.717321,1888,9,7,"US","Pimpinella saxifraga"
"3865053431","Pimpinella saxifraga",-75.184421,40.664425,1887,8,26,"US","Pimpinella saxifraga"
"3865058478","Pimpinella saxifraga",-75.220732,40.688432,1886,10,6,"US","Pimpinella saxifraga"
"3865056463","Pimpinella saxifraga",-75.220732,40.688432,1885,9,12,"US","Pimpinella saxifraga"
"3865328506","Pimpinella saxifraga",-75.196843,40.717321,1877,9,13,"US","Pimpinella saxifraga"
"2265372026","Pimpinella saxifraga",-92.867423,46.13106,NA,NA,NA,"US","Pimpinella saxifraga"
"2573116469","Pimpinella saxifraga",-73.2134,42.88536,NA,NA,NA,"US","Pimpinella saxifraga"
"3946823241","Pimpinella saxifraga",-90.757778,43.408611,NA,NA,NA,"US","Pimpinella saxifraga"
