"gbifID","species","longitude","latitude","year","month","day","countryCode","basisOfRecord","accepted_name"
"4127313346","Prunus domestica",-123.3636,48.455939,2023,5,26,"CA","HUMAN_OBSERVATION","Prunus domestica"
"4413375582","Prunus domestica",-123.405188,48.451915,2023,6,11,"CA","HUMAN_OBSERVATION","Prunus domestica"
"4413614940","Prunus domestica",-79.428727,43.65602,2023,6,30,"CA","HUMAN_OBSERVATION","Prunus domestica"
"4413371814","Prunus domestica",-79.783775,43.180788,2023,7,18,"CA","HUMAN_OBSERVATION","Prunus domestica"
"4413595026","Prunus domestica",-66.422096,48.015963,2023,7,22,"CA","HUMAN_OBSERVATION","Prunus domestica"
"4413735160","Prunus domestica",-123.354269,48.478938,2023,9,15,"CA","HUMAN_OBSERVATION","Prunus domestica"
"3998097507","Prunus domestica",-64.884146,46.428166,2022,6,28,"CA","HUMAN_OBSERVATION","Prunus domestica"
"3949515784","Prunus domestica",-72.139589,45.642519,2022,7,3,"CA","HUMAN_OBSERVATION","Prunus domestica"
"3949893162","Prunus domestica",-74.111069,45.451645,2022,7,6,"CA","HUMAN_OBSERVATION","Prunus domestica"
"3957056996","Prunus domestica",-122.258126,49.063544,2022,7,19,"CA","HUMAN_OBSERVATION","Prunus domestica"
"3997775975","Prunus domestica",-73.766689,45.451381,2022,8,16,"CA","HUMAN_OBSERVATION","Prunus domestica"
"3997774189","Prunus domestica",-75.483889,45.2325,2022,8,20,"CA","HUMAN_OBSERVATION","Prunus domestica"
"3997848398","Prunus domestica",-75.708504,45.367215,2022,8,22,"CA","HUMAN_OBSERVATION","Prunus domestica"
"3998516866","Prunus domestica",-68.266862,48.595245,2022,8,20,"CA","HUMAN_OBSERVATION","Prunus domestica"
"3963418557","Prunus domestica",-123.32573,48.478895,2022,9,16,"CA","HUMAN_OBSERVATION","Prunus domestica"
"3999143212","Prunus domestica",-122.625478,49.06374,2022,9,15,"CA","HUMAN_OBSERVATION","Prunus domestica"
"3301864558","Prunus domestica",-76.273699,45.338233,2021,5,1,"CA","HUMAN_OBSERVATION","Prunus domestica"
"3949260917","Prunus domestica",-79.654982,44.395988,2021,5,3,"CA","HUMAN_OBSERVATION","Prunus domestica"
"3949711591","Prunus domestica",-64.720317,44.547266,2021,5,10,"CA","HUMAN_OBSERVATION","Prunus domestica"
"3949168880","Prunus domestica",-81.34951,44.500912,2021,5,25,"CA","HUMAN_OBSERVATION","Prunus domestica"
"3949236503","Prunus domestica",-73.564108,45.560972,2021,6,25,"CA","HUMAN_OBSERVATION","Prunus domestica"
"3949577567","Prunus domestica",-72.84833,45.652401,2021,6,25,"CA","HUMAN_OBSERVATION","Prunus domestica"
"3963635373","Prunus domestica",-79.736166,43.739857,2021,7,12,"CA","HUMAN_OBSERVATION","Prunus domestica"
"3997828550","Prunus domestica",-73.679687,45.43241,2021,7,31,"CA","HUMAN_OBSERVATION","Prunus domestica"
"3949287946","Prunus domestica",-73.728489,45.367119,2021,8,16,"CA","HUMAN_OBSERVATION","Prunus domestica"
"3949754943","Prunus domestica",-73.69731,45.4458,2021,8,20,"CA","HUMAN_OBSERVATION","Prunus domestica"
"3957261767","Prunus domestica",-70.875511,46.849048,2021,8,9,"CA","HUMAN_OBSERVATION","Prunus domestica"
"3960187351","Prunus domestica",-70.875507,46.849046,2021,8,9,"CA","HUMAN_OBSERVATION","Prunus domestica"
"3958003078","Prunus domestica",-79.678399,44.362894,2021,8,10,"CA","HUMAN_OBSERVATION","Prunus domestica"
"3951826028","Prunus domestica",-73.286542,45.573849,2021,8,12,"CA","HUMAN_OBSERVATION","Prunus domestica"
"3954363400","Prunus domestica",-73.65671,45.457088,2021,8,15,"CA","HUMAN_OBSERVATION","Prunus domestica"
"3955457298","Prunus domestica",-62.002029,45.6271,2021,8,28,"CA","HUMAN_OBSERVATION","Prunus domestica"
"3958384866","Prunus domestica",-71.64834,48.529448,2021,8,31,"CA","HUMAN_OBSERVATION","Prunus domestica"
"3954360856","Prunus domestica",-65.681893,48.105486,2021,9,23,"CA","HUMAN_OBSERVATION","Prunus domestica"
"4121378324","Prunus domestica",-122.565381,49.224812,2020,6,9,"CA","HUMAN_OBSERVATION","Prunus domestica"
"2974548989","Prunus domestica",-75.641605,44.897656,2020,6,19,"CA","HUMAN_OBSERVATION","Prunus domestica"
"3952817536","Prunus domestica",-71.66225,45.03415,2020,6,15,"CA","HUMAN_OBSERVATION","Prunus domestica"
"2974370891","Prunus domestica",-71.02391,47.017835,2020,7,4,"CA","HUMAN_OBSERVATION","Prunus domestica"
"2974381711","Prunus domestica",-75.826093,45.312394,2020,7,12,"CA","HUMAN_OBSERVATION","Prunus domestica"
"3949521030","Prunus domestica",-63.593383,44.651544,2020,7,20,"CA","HUMAN_OBSERVATION","Prunus domestica"
"3957943195","Prunus domestica",-73.643089,45.461064,2020,7,14,"CA","HUMAN_OBSERVATION","Prunus domestica"
"2974635346","Prunus domestica",-74.140008,45.256675,2020,8,5,"CA","HUMAN_OBSERVATION","Prunus domestica"
"3949036612","Prunus domestica",-78.759688,46.283932,2020,8,10,"CA","HUMAN_OBSERVATION","Prunus domestica"
"2974441313","Prunus domestica",-72.041304,48.43341,2020,8,17,"CA","HUMAN_OBSERVATION","Prunus domestica"
"2974636066","Prunus domestica",-73.653287,45.570368,2020,8,19,"CA","HUMAN_OBSERVATION","Prunus domestica"
"3957620567","Prunus domestica",-73.464302,45.432339,2020,8,26,"CA","HUMAN_OBSERVATION","Prunus domestica"
"2974649998","Prunus domestica",-73.629569,45.466896,2020,9,20,"CA","HUMAN_OBSERVATION","Prunus domestica"
"2028446126","Prunus domestica",-123.323517,48.46935,2019,3,12,"CA","HUMAN_OBSERVATION","Prunus domestica"
"2645094684","Prunus domestica",-73.611866,46.040721,2019,5,22,"CA","HUMAN_OBSERVATION","Prunus domestica"
"2645394319","Prunus domestica",-72.793281,45.748149,2019,6,21,"CA","HUMAN_OBSERVATION","Prunus domestica"
"3951712947","Prunus domestica",-82.992198,42.31899,2019,6,8,"CA","HUMAN_OBSERVATION","Prunus domestica"
"3951810051","Prunus domestica",-82.992184,42.318995,2019,6,8,"CA","HUMAN_OBSERVATION","Prunus domestica"
"2643942174","Prunus domestica",-91.615338,48.76479,2019,8,18,"CA","HUMAN_OBSERVATION","Prunus domestica"
"2644101326","Prunus domestica",-79.018154,48.237518,2019,9,28,"CA","HUMAN_OBSERVATION","Prunus domestica"
"2645745413","Prunus domestica",-73.516155,45.595106,2019,10,1,"CA","HUMAN_OBSERVATION","Prunus domestica"
"3892881434","Prunus domestica",-116.543028,49.150361,2018,8,19,"CA","PRESERVED_SPECIMEN","Prunus domestica"
"2643518913","Prunus domestica",-74.33884,45.560588,2018,8,22,"CA","HUMAN_OBSERVATION","Prunus domestica"
"3952040073","Prunus domestica",-71.139706,46.849009,2018,8,7,"CA","HUMAN_OBSERVATION","Prunus domestica"
"1988239062","Prunus domestica",-124.148972,49.337278,2017,5,18,"CA","PRESERVED_SPECIMEN","Prunus domestica"
"1291117337","Prunus domestica",-123.405755,48.897258,2016,7,10,"CA","HUMAN_OBSERVATION","Prunus domestica"
"1988087540","Prunus domestica",-123.144778,49.072944,2014,4,15,"CA","PRESERVED_SPECIMEN","Prunus domestica"
"1417510548","Prunus domestica",-73.54,45.46,2008,10,11,"CA","PRESERVED_SPECIMEN","Prunus domestica"
"1248745012","Prunus domestica",-68.75376,48.35563,2005,9,15,"CA","PRESERVED_SPECIMEN","Prunus domestica"
"1024638291","Prunus domestica",-79.4072,48.6032,2004,6,7,"CA","PRESERVED_SPECIMEN","Prunus domestica"
"1302755429","Prunus domestica",-124.146667,49.340278,1995,5,31,"CA","OCCURRENCE","Prunus domestica"
"1949630554","Prunus domestica",-124.146667,49.340278,1995,5,31,"CA","PRESERVED_SPECIMEN","Prunus domestica"
"1302755477","Prunus domestica",-123.7,48.783333,1992,6,21,"CA","OCCURRENCE","Prunus domestica"
"1949624694","Prunus domestica",-123.7,48.783333,1992,6,21,"CA","PRESERVED_SPECIMEN","Prunus domestica"
"668797484","Prunus domestica",-71.254167,46.773333,1984,7,25,"CA","PRESERVED_SPECIMEN","Prunus domestica"
"1261980245","Prunus domestica",-70.413944,47.375488,1972,9,7,"CA","PRESERVED_SPECIMEN","Prunus domestica"
"465901985","Prunus domestica",-70.938059,45.969144,1966,6,23,"CA","PRESERVED_SPECIMEN","Prunus domestica"
"1261957171","Prunus domestica",-73.212197,45.517384,1958,7,18,"CA","PRESERVED_SPECIMEN","Prunus domestica"
"2250593070","Prunus domestica",-81.0875,42.8814,1953,12,5,"CA","MATERIAL_SAMPLE","Prunus domestica"
"3351417602","Prunus domestica",-81.09,42.88,1953,12,5,"CA","PRESERVED_SPECIMEN","Prunus domestica"
"465767388","Prunus domestica",-63.470568,45.089465,1952,8,31,"CA","PRESERVED_SPECIMEN","Prunus domestica"
"465767389","Prunus domestica",-64.36132,45.09271,1913,5,7,"CA","PRESERVED_SPECIMEN","Prunus domestica"
"4407764537","Prunus domestica",-113.490278,53.534444,NA,NA,NA,"CA","PRESERVED_SPECIMEN","Prunus domestica"
"2561521631","Prunus domestica",-123.25081,49.25408,NA,NA,NA,"CA","LIVING_SPECIMEN","Prunus domestica"
"4137631846","Prunus domestica",-98.787578,19.043586,2023,5,13,"MX","HUMAN_OBSERVATION","Prunus domestica"
"3773474776","Prunus domestica",-92.63607,16.740364,2022,5,2,"MX","HUMAN_OBSERVATION","Prunus domestica"
"3068073588","Prunus domestica",-97.620699,17.046725,2021,3,7,"MX","HUMAN_OBSERVATION","Prunus domestica"
"2823130440","Prunus domestica",-97.620699,17.046725,2020,5,16,"MX","HUMAN_OBSERVATION","Prunus domestica"
"1895033535","Prunus domestica",-100.54275,25.387444,2013,4,20,"MX","HUMAN_OBSERVATION","Prunus domestica"
"1894241848","Prunus domestica",-97.108055,17.814722,2013,6,25,"MX","PRESERVED_SPECIMEN","Prunus domestica"
"1894241879","Prunus domestica",-98.325555,19.018889,2013,6,25,"MX","PRESERVED_SPECIMEN","Prunus domestica"
"1894241855","Prunus domestica",-98.462222,19.273611,2013,6,25,"MX","PRESERVED_SPECIMEN","Prunus domestica"
"1894241859","Prunus domestica",-98.402778,19.135,2013,6,25,"MX","PRESERVED_SPECIMEN","Prunus domestica"
"1894241861","Prunus domestica",-98.786667,18.885278,2013,6,25,"MX","PRESERVED_SPECIMEN","Prunus domestica"
"1894241812","Prunus domestica",-98.711111,18.898333,2013,6,25,"MX","PRESERVED_SPECIMEN","Prunus domestica"
"1894241802","Prunus domestica",-97.368333,19.840556,2013,6,25,"MX","PRESERVED_SPECIMEN","Prunus domestica"
"1894241791","Prunus domestica",-98.429722,19.088056,2013,6,25,"MX","PRESERVED_SPECIMEN","Prunus domestica"
"1418343205","Prunus domestica",-96.938556,19.553639,2005,5,4,"MX","PRESERVED_SPECIMEN","Prunus domestica"
"1894425900","Prunus domestica",-100.282222,25.343056,2004,5,19,"MX","PRESERVED_SPECIMEN","Prunus domestica"
"2629482174","Prunus domestica",-97.101944,18.565556,2001,1,7,"MX","PRESERVED_SPECIMEN","Prunus domestica"
"2629653018","Prunus domestica",-97.1025,18.575556,2001,3,21,"MX","PRESERVED_SPECIMEN","Prunus domestica"
"3306426571","Prunus domestica",-92.36795,16.89045,1996,3,25,"MX","PRESERVED_SPECIMEN","Prunus domestica"
"3306423522","Prunus domestica",-92.408333,16.875,1996,3,26,"MX","PRESERVED_SPECIMEN","Prunus domestica"
"1419193317","Prunus domestica",-98.889444,19.492222,1991,6,26,"MX","PRESERVED_SPECIMEN","Prunus domestica"
"2629562820","Prunus domestica",-96.974722,19.555833,1990,2,24,"MX","PRESERVED_SPECIMEN","Prunus domestica"
"1893730895","Prunus domestica",-96.971667,19.565,1990,2,24,"MX","PRESERVED_SPECIMEN","Prunus domestica"
"2629581405","Prunus domestica",-97.1,19.666667,1990,2,14,"MX","PRESERVED_SPECIMEN","Prunus domestica"
"2629526696","Prunus domestica",-102.333333,29,1989,9,17,"MX","PRESERVED_SPECIMEN","Prunus domestica"
"1893730959","Prunus domestica",-98.52,19.08,1988,6,15,"MX","PRESERVED_SPECIMEN","Prunus domestica"
"1895955558","Prunus domestica",-98.491667,19.070833,1988,6,15,"MX","PRESERVED_SPECIMEN","Prunus domestica"
"1895955482","Prunus domestica",-98.526944,19.087222,1988,7,19,"MX","PRESERVED_SPECIMEN","Prunus domestica"
"1895955523","Prunus domestica",-98.52,19.075833,1988,7,13,"MX","PRESERVED_SPECIMEN","Prunus domestica"
"1895955532","Prunus domestica",-98.483333,19.092778,1988,8,8,"MX","PRESERVED_SPECIMEN","Prunus domestica"
"1895955543","Prunus domestica",-98.464167,19.078611,1988,8,2,"MX","PRESERVED_SPECIMEN","Prunus domestica"
"2629688700","Prunus domestica",-97.116667,18.610278,1986,3,6,"MX","PRESERVED_SPECIMEN","Prunus domestica"
"1893730999","Prunus domestica",-96.818333,19.801667,1986,3,12,"MX","PRESERVED_SPECIMEN","Prunus domestica"
"2629566511","Prunus domestica",-96.821389,19.8025,1986,3,12,"MX","PRESERVED_SPECIMEN","Prunus domestica"
"1259311305","Prunus domestica",-99.026389,19.565278,1984,4,23,"MX","PRESERVED_SPECIMEN","Prunus domestica"
"2629712042","Prunus domestica",-97.061944,19.618889,1980,1,NA,"MX","PRESERVED_SPECIMEN","Prunus domestica"
"2629692014","Prunus domestica",-96.549722,17.536944,1980,5,20,"MX","PRESERVED_SPECIMEN","Prunus domestica"
"2629547372","Prunus domestica",-96.9825,19.643056,1976,2,27,"MX","PRESERVED_SPECIMEN","Prunus domestica"
"3323494359","Prunus domestica",-92.45,16.772222,1967,2,7,"MX","PRESERVED_SPECIMEN","Prunus domestica"
"3323494274","Prunus domestica",-92.716667,16.758333,1966,3,8,"MX","PRESERVED_SPECIMEN","Prunus domestica"
"1893389815","Prunus domestica",-92.725,16.758333,1966,3,8,"MX","PRESERVED_SPECIMEN","Prunus domestica"
"1893389894","Prunus domestica",-92.725,16.758333,1966,4,5,"MX","PRESERVED_SPECIMEN","Prunus domestica"
"3323499822","Prunus domestica",-92.716667,16.758333,1966,4,5,"MX","PRESERVED_SPECIMEN","Prunus domestica"
"3323501251","Prunus domestica",-92.716667,16.758333,1966,4,5,"MX","PRESERVED_SPECIMEN","Prunus domestica"
"1895402389","Prunus domestica",-92.7221686,16.7604856,1966,4,3,"MX","PRESERVED_SPECIMEN","Prunus domestica"
"3323495635","Prunus domestica",-92.716667,16.758333,1966,4,5,"MX","PRESERVED_SPECIMEN","Prunus domestica"
"3323504782","Prunus domestica",-92.45,16.772222,1965,12,27,"MX","PRESERVED_SPECIMEN","Prunus domestica"
"4168505410","Prunus domestica",-97.541667,19.858333,NA,NA,NA,"MX","MATERIAL_CITATION","Prunus domestica"
"1895754816","Prunus domestica",-97.090983,19.12134,NA,NA,NA,"MX","MATERIAL_CITATION","Prunus domestica"
"4168505148","Prunus domestica",-97.608333,19.825,NA,NA,NA,"MX","MATERIAL_CITATION","Prunus domestica"
"1894029677","Prunus domestica",-97.620833,19.933333,NA,NA,NA,"MX","MATERIAL_CITATION","Prunus domestica"
"4091434839","Prunus domestica",-72.252701,41.808571,2023,4,13,"US","HUMAN_OBSERVATION","Prunus domestica"
"4171354805","Prunus domestica",-73.825409,40.616687,2023,6,23,"US","HUMAN_OBSERVATION","Prunus domestica"
"4153589774","Prunus domestica",-122.350436,47.559384,2023,7,10,"US","HUMAN_OBSERVATION","Prunus domestica"
"4153573094","Prunus domestica",-122.548325,45.485442,2023,7,10,"US","HUMAN_OBSERVATION","Prunus domestica"
"4413397973","Prunus domestica",-117.266621,32.965628,2023,7,11,"US","HUMAN_OBSERVATION","Prunus domestica"
"4413454832","Prunus domestica",-123.326572,44.573445,2023,7,16,"US","HUMAN_OBSERVATION","Prunus domestica"
"4413358990","Prunus domestica",-123.099463,43.800195,2023,7,18,"US","HUMAN_OBSERVATION","Prunus domestica"
"4413620651","Prunus domestica",-111.925969,41.100433,2023,7,26,"US","HUMAN_OBSERVATION","Prunus domestica"
"4413468043","Prunus domestica",-122.543165,48.508669,2023,7,29,"US","HUMAN_OBSERVATION","Prunus domestica"
"4171801523","Prunus domestica",-123.057944,44.027825,2023,8,7,"US","HUMAN_OBSERVATION","Prunus domestica"
"4413535996","Prunus domestica",-112.281161,40.52433,2023,8,10,"US","HUMAN_OBSERVATION","Prunus domestica"
"4177373388","Prunus domestica",-122.33538,47.695053,2023,8,10,"US","HUMAN_OBSERVATION","Prunus domestica"
"4177171967","Prunus domestica",-122.491694,48.713686,2023,8,11,"US","HUMAN_OBSERVATION","Prunus domestica"
"4413611897","Prunus domestica",-122.439935,47.43298,2023,8,14,"US","HUMAN_OBSERVATION","Prunus domestica"
"4413425232","Prunus domestica",-123.051734,48.540415,2023,8,16,"US","HUMAN_OBSERVATION","Prunus domestica"
"4399963179","Prunus domestica",-123.052544,48.540592,2023,8,16,"US","HUMAN_OBSERVATION","Prunus domestica"
"4413739390","Prunus domestica",-122.310639,47.640522,2023,8,31,"US","HUMAN_OBSERVATION","Prunus domestica"
"4413574296","Prunus domestica",-122.374083,47.646388,2023,8,27,"US","HUMAN_OBSERVATION","Prunus domestica"
"4407452645","Prunus domestica",-122.330859,47.288759,2023,9,2,"US","HUMAN_OBSERVATION","Prunus domestica"
"4413484806","Prunus domestica",-114.284299,43.496427,2023,9,2,"US","HUMAN_OBSERVATION","Prunus domestica"
"4407469171","Prunus domestica",-122.750808,45.832155,2023,9,3,"US","HUMAN_OBSERVATION","Prunus domestica"
"4407378972","Prunus domestica",-123.099545,43.800127,2023,9,3,"US","HUMAN_OBSERVATION","Prunus domestica"
"4413735444","Prunus domestica",-122.786407,45.432434,2023,9,4,"US","HUMAN_OBSERVATION","Prunus domestica"
"4413618041","Prunus domestica",-119.649846,39.311417,2023,9,8,"US","HUMAN_OBSERVATION","Prunus domestica"
"4416713588","Prunus domestica",-111.647273,35.202209,2023,9,9,"US","HUMAN_OBSERVATION","Prunus domestica"
"4416732701","Prunus domestica",-111.717095,41.753262,2023,9,20,"US","HUMAN_OBSERVATION","Prunus domestica"
"4416991303","Prunus domestica",-105.285931,40.695508,2023,9,23,"US","HUMAN_OBSERVATION","Prunus domestica"
"3858205951","Prunus domestica",-85.396661,38.74146,2022,3,21,"US","HUMAN_OBSERVATION","Prunus domestica"
"3772702502","Prunus domestica",-122.308037,37.929603,2022,3,31,"US","HUMAN_OBSERVATION","Prunus domestica"
"3772708892","Prunus domestica",-117.173103,46.732543,2022,4,30,"US","HUMAN_OBSERVATION","Prunus domestica"
"3773515327","Prunus domestica",-117.173054,46.732433,2022,4,30,"US","HUMAN_OBSERVATION","Prunus domestica"
"3949893531","Prunus domestica",-83.753868,42.305468,2022,5,11,"US","HUMAN_OBSERVATION","Prunus domestica"
"3949844799","Prunus domestica",-83.473486,43.093075,2022,5,12,"US","HUMAN_OBSERVATION","Prunus domestica"
"3949843615","Prunus domestica",-122.260247,37.833545,2022,5,15,"US","HUMAN_OBSERVATION","Prunus domestica"
"3948995660","Prunus domestica",-122.411814,37.664842,2022,5,28,"US","HUMAN_OBSERVATION","Prunus domestica"
"3998053608","Prunus domestica",-116.599181,33.077551,2022,5,28,"US","HUMAN_OBSERVATION","Prunus domestica"
"3858688738","Prunus domestica",-93.307671,44.908856,2022,6,29,"US","HUMAN_OBSERVATION","Prunus domestica"
"3949470174","Prunus domestica",-83.473683,43.092942,2022,6,2,"US","HUMAN_OBSERVATION","Prunus domestica"
"3949632471","Prunus domestica",-81.883111,41.016294,2022,6,17,"US","HUMAN_OBSERVATION","Prunus domestica"
"3949028686","Prunus domestica",-105.241662,39.753551,2022,6,21,"US","HUMAN_OBSERVATION","Prunus domestica"
"3949885733","Prunus domestica",-105.290435,40.013813,2022,6,26,"US","HUMAN_OBSERVATION","Prunus domestica"
"3873816819","Prunus domestica",-76.778495,42.200267,2022,7,17,"US","HUMAN_OBSERVATION","Prunus domestica"
"3949893079","Prunus domestica",-122.612969,47.510358,2022,7,5,"US","HUMAN_OBSERVATION","Prunus domestica"
"3949162168","Prunus domestica",-122.613267,47.510492,2022,7,5,"US","HUMAN_OBSERVATION","Prunus domestica"
"3949921845","Prunus domestica",-122.742934,45.40393,2022,7,11,"US","HUMAN_OBSERVATION","Prunus domestica"
"3949559517","Prunus domestica",-122.154564,37.450972,2022,7,15,"US","HUMAN_OBSERVATION","Prunus domestica"
"3902301765","Prunus domestica",-106.347065,34.645748,2022,8,16,"US","HUMAN_OBSERVATION","Prunus domestica"
"3903379683","Prunus domestica",-122.645607,45.473816,2022,8,28,"US","HUMAN_OBSERVATION","Prunus domestica"
"4075554877","Prunus domestica",-105.56655,41.29905,2022,8,11,"US","HUMAN_OBSERVATION","Prunus domestica"
"3997844986","Prunus domestica",-74.651192,44.95789,2022,8,17,"US","HUMAN_OBSERVATION","Prunus domestica"
"3997845439","Prunus domestica",-122.630862,48.511408,2022,8,22,"US","HUMAN_OBSERVATION","Prunus domestica"
"3959742734","Prunus domestica",-123.034528,48.049114,2022,8,4,"US","HUMAN_OBSERVATION","Prunus domestica"
"3999116868","Prunus domestica",-122.941983,45.512207,2022,8,9,"US","HUMAN_OBSERVATION","Prunus domestica"
"4034877420","Prunus domestica",-76.458572,43.121567,2022,9,15,"US","HUMAN_OBSERVATION","Prunus domestica"
"3915621634","Prunus domestica",-71.065994,42.295433,2022,9,21,"US","HUMAN_OBSERVATION","Prunus domestica"
"3997783055","Prunus domestica",-122.532872,47.303642,2022,9,2,"US","HUMAN_OBSERVATION","Prunus domestica"
"3997795625","Prunus domestica",-74.487945,40.712917,2022,9,10,"US","HUMAN_OBSERVATION","Prunus domestica"
"3997862844","Prunus domestica",-120.662514,47.600464,2022,10,2,"US","HUMAN_OBSERVATION","Prunus domestica"
"3079642789","Prunus domestica",-97.474656,35.621958,2021,3,25,"US","HUMAN_OBSERVATION","Prunus domestica"
"3335170386","Prunus domestica",-122.061152,36.956155,2021,4,22,"US","HUMAN_OBSERVATION","Prunus domestica"
"3949470359","Prunus domestica",-117.446224,47.715052,2021,4,19,"US","HUMAN_OBSERVATION","Prunus domestica"
"3949693820","Prunus domestica",-122.03562,37.257921,2021,4,26,"US","HUMAN_OBSERVATION","Prunus domestica"
"3949125922","Prunus domestica",-74.260869,40.643708,2021,4,29,"US","HUMAN_OBSERVATION","Prunus domestica"
"3949308710","Prunus domestica",-86.455609,41.922155,2021,5,31,"US","HUMAN_OBSERVATION","Prunus domestica"
"3957085873","Prunus domestica",-122.713633,45.7322,2021,5,29,"US","HUMAN_OBSERVATION","Prunus domestica"
"3966585366","Prunus domestica",-122.276567,37.470255,2021,6,2,"US","HUMAN_OBSERVATION","Prunus domestica"
"3963473375","Prunus domestica",-120.567603,46.978383,2021,6,18,"US","HUMAN_OBSERVATION","Prunus domestica"
"3949681013","Prunus domestica",-122.048762,37.387839,2021,6,7,"US","HUMAN_OBSERVATION","Prunus domestica"
"3949204335","Prunus domestica",-122.54553,45.557314,2021,6,11,"US","HUMAN_OBSERVATION","Prunus domestica"
"3949557005","Prunus domestica",-122.688774,47.937414,2021,6,13,"US","HUMAN_OBSERVATION","Prunus domestica"
"3949755980","Prunus domestica",-122.879283,48.612351,2021,6,19,"US","HUMAN_OBSERVATION","Prunus domestica"
"3949348663","Prunus domestica",-118.483925,34.247734,2021,6,26,"US","HUMAN_OBSERVATION","Prunus domestica"
"3955950790","Prunus domestica",-122.754061,45.596134,2021,6,9,"US","HUMAN_OBSERVATION","Prunus domestica"
"3953862105","Prunus domestica",-122.00785,47.467539,2021,6,14,"US","HUMAN_OBSERVATION","Prunus domestica"
"3951502287","Prunus domestica",-122.391366,47.576041,2021,6,17,"US","HUMAN_OBSERVATION","Prunus domestica"
"3953066802","Prunus domestica",-122.849852,45.467934,2021,6,22,"US","HUMAN_OBSERVATION","Prunus domestica"
"3330426858","Prunus domestica",-123.016109,48.534019,2021,7,17,"US","HUMAN_OBSERVATION","Prunus domestica"
"3330408043","Prunus domestica",-123.345734,42.43288,2021,7,18,"US","HUMAN_OBSERVATION","Prunus domestica"
"3330849430","Prunus domestica",-122.407831,45.237442,2021,7,21,"US","HUMAN_OBSERVATION","Prunus domestica"
"3949767682","Prunus domestica",-123.098633,43.989989,2021,7,1,"US","HUMAN_OBSERVATION","Prunus domestica"
"3949360781","Prunus domestica",-123.085231,44.030664,2021,7,3,"US","HUMAN_OBSERVATION","Prunus domestica"
"3949587902","Prunus domestica",-121.849142,36.533219,2021,7,4,"US","HUMAN_OBSERVATION","Prunus domestica"
"3949237749","Prunus domestica",-74.448071,42.909924,2021,7,10,"US","HUMAN_OBSERVATION","Prunus domestica"
"3949614695","Prunus domestica",-105.203761,39.661049,2021,7,25,"US","HUMAN_OBSERVATION","Prunus domestica"
"3997838518","Prunus domestica",-122.183719,37.829135,2021,7,26,"US","HUMAN_OBSERVATION","Prunus domestica"
"3949786021","Prunus domestica",-121.988918,37.276272,2021,7,19,"US","HUMAN_OBSERVATION","Prunus domestica"
"3949735333","Prunus domestica",-81.099007,40.816807,2021,7,31,"US","HUMAN_OBSERVATION","Prunus domestica"
"3960247492","Prunus domestica",-122.974536,45.536444,2021,7,12,"US","HUMAN_OBSERVATION","Prunus domestica"
"3958949892","Prunus domestica",-116.197075,43.568656,2021,7,16,"US","HUMAN_OBSERVATION","Prunus domestica"
"3957229795","Prunus domestica",-122.858602,45.468014,2021,7,16,"US","HUMAN_OBSERVATION","Prunus domestica"
"3958076686","Prunus domestica",-122.29734,47.622095,2021,7,19,"US","HUMAN_OBSERVATION","Prunus domestica"
"3338005114","Prunus domestica",-104.814483,39.528197,2021,8,15,"US","HUMAN_OBSERVATION","Prunus domestica"
"3415851709","Prunus domestica",-122.811111,45.619495,2021,8,19,"US","HUMAN_OBSERVATION","Prunus domestica"
"4046690438","Prunus domestica",-72.511701,42.976907,2021,8,22,"US","HUMAN_OBSERVATION","Prunus domestica"
"3949272236","Prunus domestica",-122.883005,44.607174,2021,8,4,"US","HUMAN_OBSERVATION","Prunus domestica"
"3949317904","Prunus domestica",-122.908241,46.918177,2021,8,8,"US","HUMAN_OBSERVATION","Prunus domestica"
"3957710130","Prunus domestica",-122.0385,47.603489,2021,8,6,"US","HUMAN_OBSERVATION","Prunus domestica"
"3957590960","Prunus domestica",-122.602549,45.501195,2021,8,8,"US","HUMAN_OBSERVATION","Prunus domestica"
"3956231218","Prunus domestica",-122.274042,47.796309,2021,8,12,"US","HUMAN_OBSERVATION","Prunus domestica"
"3957886124","Prunus domestica",-73.310396,42.279285,2021,8,14,"US","HUMAN_OBSERVATION","Prunus domestica"
"3959100272","Prunus domestica",-70.753602,43.07631,2021,8,15,"US","HUMAN_OBSERVATION","Prunus domestica"
"3954474348","Prunus domestica",-116.390816,43.637546,2021,8,20,"US","HUMAN_OBSERVATION","Prunus domestica"
"3873530496","Prunus domestica",-123.018871,45.526111,2021,9,13,"US","HUMAN_OBSERVATION","Prunus domestica"
"3705446436","Prunus domestica",-122.715634,45.723378,2021,9,30,"US","HUMAN_OBSERVATION","Prunus domestica"
"3955731550","Prunus domestica",-122.96388,46.707742,2021,9,11,"US","HUMAN_OBSERVATION","Prunus domestica"
"3415890926","Prunus domestica",-122.34287,37.97893,2021,10,3,"US","HUMAN_OBSERVATION","Prunus domestica"
"3949462385","Prunus domestica",-122.639569,47.737234,2021,10,7,"US","HUMAN_OBSERVATION","Prunus domestica"
"3415586783","Prunus domestica",-117.871483,45.20432,2021,11,4,"US","HUMAN_OBSERVATION","Prunus domestica"
"2988572431","Prunus domestica",-123.217719,44.707647,2020,3,31,"US","HUMAN_OBSERVATION","Prunus domestica"
"2814143495","Prunus domestica",-123.216419,44.702185,2020,4,30,"US","HUMAN_OBSERVATION","Prunus domestica"
"4095571467","Prunus domestica",-122.564,45.3247,2020,4,6,"US","PRESERVED_SPECIMEN","Prunus domestica"
"4126318316","Prunus domestica",-116.8599,45.5229,2020,4,13,"US","PRESERVED_SPECIMEN","Prunus domestica"
"3954385676","Prunus domestica",-123.065512,43.794943,2020,4,18,"US","HUMAN_OBSERVATION","Prunus domestica"
"2634232983","Prunus domestica",-122.028688,37.012859,2020,5,23,"US","HUMAN_OBSERVATION","Prunus domestica"
"4040322302","Prunus domestica",-118.043,45.258,2020,5,12,"US","PRESERVED_SPECIMEN","Prunus domestica"
"3948993106","Prunus domestica",-113.287476,37.179955,2020,5,3,"US","HUMAN_OBSERVATION","Prunus domestica"
"2974502804","Prunus domestica",-122.548287,45.526627,2020,5,8,"US","HUMAN_OBSERVATION","Prunus domestica"
"3949007017","Prunus domestica",-122.772572,44.068865,2020,5,25,"US","HUMAN_OBSERVATION","Prunus domestica"
"2974552897","Prunus domestica",-70.302677,43.622742,2020,5,31,"US","HUMAN_OBSERVATION","Prunus domestica"
"3953149937","Prunus domestica",-121.475226,45.721766,2020,5,9,"US","HUMAN_OBSERVATION","Prunus domestica"
"2802883209","Prunus domestica",-122.253274,37.565083,2020,6,17,"US","HUMAN_OBSERVATION","Prunus domestica"
"2974563675","Prunus domestica",-83.795084,42.276456,2020,6,7,"US","HUMAN_OBSERVATION","Prunus domestica"
"3949016460","Prunus domestica",-78.131666,38.548984,2020,6,9,"US","HUMAN_OBSERVATION","Prunus domestica"
"2974556230","Prunus domestica",-122.667504,45.621544,2020,6,21,"US","HUMAN_OBSERVATION","Prunus domestica"
"3953311775","Prunus domestica",-105.057377,40.397637,2020,6,6,"US","HUMAN_OBSERVATION","Prunus domestica"
"3952111774","Prunus domestica",-122.74795,45.590286,2020,6,8,"US","HUMAN_OBSERVATION","Prunus domestica"
"3059000499","Prunus domestica",-122.502097,38.436,2020,7,20,"US","HUMAN_OBSERVATION","Prunus domestica"
"2974380747","Prunus domestica",-75.553494,40.509681,2020,7,13,"US","HUMAN_OBSERVATION","Prunus domestica"
"2974607188","Prunus domestica",-122.057283,37.6773,2020,7,16,"US","HUMAN_OBSERVATION","Prunus domestica"
"2974389556","Prunus domestica",-122.330932,45.293069,2020,7,19,"US","HUMAN_OBSERVATION","Prunus domestica"
"2974390911","Prunus domestica",-113.066181,37.679336,2020,7,23,"US","HUMAN_OBSERVATION","Prunus domestica"
"2974413892","Prunus domestica",-113.06607,37.679361,2020,7,23,"US","HUMAN_OBSERVATION","Prunus domestica"
"3952921566","Prunus domestica",-122.876439,45.475258,2020,7,10,"US","HUMAN_OBSERVATION","Prunus domestica"
"3952701354","Prunus domestica",-119.812911,36.651481,2020,7,29,"US","HUMAN_OBSERVATION","Prunus domestica"
"3820747869","Prunus domestica",-123.206224,44.705615,2020,8,30,"US","PRESERVED_SPECIMEN","Prunus domestica"
"2981023442","Prunus domestica",-122.635672,45.49268,2020,8,19,"US","HUMAN_OBSERVATION","Prunus domestica"
"2860147279","Prunus domestica",-111.663886,40.264175,2020,8,31,"US","HUMAN_OBSERVATION","Prunus domestica"
"2980846141","Prunus domestica",-123.20591,44.706083,2020,8,30,"US","HUMAN_OBSERVATION","Prunus domestica"
"2974421983","Prunus domestica",-122.474817,48.745997,2020,8,1,"US","HUMAN_OBSERVATION","Prunus domestica"
"2974611808","Prunus domestica",-105.093723,40.42372,2020,8,29,"US","HUMAN_OBSERVATION","Prunus domestica"
"3957328825","Prunus domestica",-122.365165,47.682078,2020,8,22,"US","HUMAN_OBSERVATION","Prunus domestica"
"2864707477","Prunus domestica",-111.65354,40.25286,2020,9,16,"US","HUMAN_OBSERVATION","Prunus domestica"
"2984412487","Prunus domestica",-123.235864,44.606072,2020,9,21,"US","HUMAN_OBSERVATION","Prunus domestica"
"3949392136","Prunus domestica",-75.074404,42.944229,2020,9,9,"US","HUMAN_OBSERVATION","Prunus domestica"
"2974426572","Prunus domestica",-70.118161,44.052654,2020,9,13,"US","HUMAN_OBSERVATION","Prunus domestica"
"2974632823","Prunus domestica",-81.698636,40.983759,2020,9,26,"US","HUMAN_OBSERVATION","Prunus domestica"
"3957719824","Prunus domestica",-122.378749,47.559805,2020,9,15,"US","HUMAN_OBSERVATION","Prunus domestica"
"2978328817","Prunus domestica",-122.715031,45.465867,2020,9,20,"US","HUMAN_OBSERVATION","Prunus domestica"
"3820615840","Prunus domestica",-123.237846,44.604462,2020,10,12,"US","PRESERVED_SPECIMEN","Prunus domestica"
"4403330404","Prunus domestica",-122.2943,47.6572,2019,3,20,"US","PRESERVED_SPECIMEN","Prunus domestica"
"4070153952","Prunus domestica",-122.571099,45.512885,2019,4,9,"US","PRESERVED_SPECIMEN","Prunus domestica"
"2238974844","Prunus domestica",-96.148505,41.174347,2019,4,29,"US","HUMAN_OBSERVATION","Prunus domestica"
"2644844468","Prunus domestica",-82.057104,38.996991,2019,4,13,"US","HUMAN_OBSERVATION","Prunus domestica"
"2883123323","Prunus domestica",-117.871517,45.204282,2019,5,22,"US","HUMAN_OBSERVATION","Prunus domestica"
"4403330470","Prunus domestica",-117.3996,47.4188,2019,5,23,"US","PRESERVED_SPECIMEN","Prunus domestica"
"2643585414","Prunus domestica",-76.063097,36.742934,2019,5,13,"US","HUMAN_OBSERVATION","Prunus domestica"
"3952009107","Prunus domestica",-122.267716,48.253972,2019,5,13,"US","HUMAN_OBSERVATION","Prunus domestica"
"3956495662","Prunus domestica",-73.981185,40.296886,2019,5,22,"US","HUMAN_OBSERVATION","Prunus domestica"
"2645231308","Prunus domestica",-116.696508,43.604933,2019,6,9,"US","HUMAN_OBSERVATION","Prunus domestica"
"2974275415","Prunus domestica",-72.875999,41.346151,2019,6,27,"US","HUMAN_OBSERVATION","Prunus domestica"
"2645581946","Prunus domestica",-123.146797,44.091248,2019,6,13,"US","HUMAN_OBSERVATION","Prunus domestica"
"2609076692","Prunus domestica",-70.866131,42.811416,2019,7,7,"US","HUMAN_OBSERVATION","Prunus domestica"
"2350326106","Prunus domestica",-82.254935,36.342888,2019,7,29,"US","HUMAN_OBSERVATION","Prunus domestica"
"2643742987","Prunus domestica",-73.793475,41.024004,2019,7,3,"US","HUMAN_OBSERVATION","Prunus domestica"
"2643871757","Prunus domestica",-121.933108,36.979612,2019,7,10,"US","HUMAN_OBSERVATION","Prunus domestica"
"2645261027","Prunus domestica",-122.524247,37.934325,2019,7,9,"US","HUMAN_OBSERVATION","Prunus domestica"
"2643910101","Prunus domestica",-122.524247,37.934325,2019,7,9,"US","HUMAN_OBSERVATION","Prunus domestica"
"2645529698","Prunus domestica",-122.279167,47.542778,2019,7,7,"US","HUMAN_OBSERVATION","Prunus domestica"
"2646200414","Prunus domestica",-120.855297,38.826295,2019,7,23,"US","HUMAN_OBSERVATION","Prunus domestica"
"2649362272","Prunus domestica",-120.855416,38.826354,2019,7,23,"US","HUMAN_OBSERVATION","Prunus domestica"
"3956787693","Prunus domestica",-116.915586,47.719149,2019,7,28,"US","HUMAN_OBSERVATION","Prunus domestica"
"3952538386","Prunus domestica",-122.506421,47.684999,2019,7,29,"US","HUMAN_OBSERVATION","Prunus domestica"
"2350327119","Prunus domestica",-119.686339,34.426542,2019,8,5,"US","HUMAN_OBSERVATION","Prunus domestica"
"2350333044","Prunus domestica",-105.241558,40.005411,2019,8,9,"US","HUMAN_OBSERVATION","Prunus domestica"
"2645414381","Prunus domestica",-70.536305,44.208758,2019,8,1,"US","HUMAN_OBSERVATION","Prunus domestica"
"2643977321","Prunus domestica",-105.183837,40.573063,2019,8,17,"US","HUMAN_OBSERVATION","Prunus domestica"
"2974468708","Prunus domestica",-79.508062,40.319177,2019,8,26,"US","HUMAN_OBSERVATION","Prunus domestica"
"2465125645","Prunus domestica",-111.651537,40.247601,2019,9,18,"US","HUMAN_OBSERVATION","Prunus domestica"
"2423147133","Prunus domestica",-111.651809,40.245065,2019,9,19,"US","HUMAN_OBSERVATION","Prunus domestica"
"2465126782","Prunus domestica",-71.152007,42.361449,2019,9,22,"US","HUMAN_OBSERVATION","Prunus domestica"
"2646565168","Prunus domestica",-84.836125,45.030502,2019,9,8,"US","HUMAN_OBSERVATION","Prunus domestica"
"4126318314","Prunus domestica",-123.2399,44.6042,2019,10,12,"US","PRESERVED_SPECIMEN","Prunus domestica"
"2644195342","Prunus domestica",-76.455879,42.452953,2019,10,1,"US","HUMAN_OBSERVATION","Prunus domestica"
"4070152818","Prunus domestica",-122.62033,45.12892,2018,4,17,"US","PRESERVED_SPECIMEN","Prunus domestica"
"1841243024","Prunus domestica",-118.166002,33.990254,2018,4,27,"US","HUMAN_OBSERVATION","Prunus domestica"
"4070159006","Prunus domestica",-122.601941,45.346224,2018,4,17,"US","PRESERVED_SPECIMEN","Prunus domestica"
"4070160789","Prunus domestica",-122.62598,45.02843,2018,4,18,"US","PRESERVED_SPECIMEN","Prunus domestica"
"4070167079","Prunus domestica",-122.61699,45.02591,2018,4,18,"US","PRESERVED_SPECIMEN","Prunus domestica"
"4070167416","Prunus domestica",-122.681339,45.16332,2018,4,18,"US","PRESERVED_SPECIMEN","Prunus domestica"
"1847463747","Prunus domestica",-124.28439,40.321719,2018,5,7,"US","HUMAN_OBSERVATION","Prunus domestica"
"3953229180","Prunus domestica",-117.370738,47.700094,2018,6,20,"US","HUMAN_OBSERVATION","Prunus domestica"
"2644684587","Prunus domestica",-75.208725,40.017022,2018,7,22,"US","HUMAN_OBSERVATION","Prunus domestica"
"3949555038","Prunus domestica",-122.185085,47.916404,2018,9,5,"US","HUMAN_OBSERVATION","Prunus domestica"
"2644755358","Prunus domestica",-105.114326,39.662731,2018,9,12,"US","HUMAN_OBSERVATION","Prunus domestica"
"4070164506","Prunus domestica",-122.600274,45.352722,2017,4,14,"US","PRESERVED_SPECIMEN","Prunus domestica"
"4070158917","Prunus domestica",-122.743065,45.837226,2017,4,17,"US","PRESERVED_SPECIMEN","Prunus domestica"
"4070158516","Prunus domestica",-122.600274,45.352722,2017,6,8,"US","PRESERVED_SPECIMEN","Prunus domestica"
"3957072816","Prunus domestica",-111.823227,41.730964,2017,6,20,"US","HUMAN_OBSERVATION","Prunus domestica"
"1621793901","Prunus domestica",-122.506033,37.540547,2017,7,6,"US","HUMAN_OBSERVATION","Prunus domestica"
"4070162356","Prunus domestica",-122.600274,45.352722,2017,7,28,"US","PRESERVED_SPECIMEN","Prunus domestica"
"3951465790","Prunus domestica",-83.897985,42.628234,2017,8,24,"US","HUMAN_OBSERVATION","Prunus domestica"
"1640113948","Prunus domestica",-123.328314,44.572983,2017,9,9,"US","HUMAN_OBSERVATION","Prunus domestica"
"1699376783","Prunus domestica",-122.750697,45.832061,2017,9,15,"US","HUMAN_OBSERVATION","Prunus domestica"
"2609077885","Prunus domestica",-72.645907,42.325809,2016,4,24,"US","HUMAN_OBSERVATION","Prunus domestica"
"1927926220","Prunus domestica",-123.1472,44.6417,2016,10,11,"US","PRESERVED_SPECIMEN","Prunus domestica"
"2418041886","Prunus domestica",-123.147222,44.641667,2016,10,11,"US","PRESERVED_SPECIMEN","Prunus domestica"
"1986584431","Prunus domestica",-123.257993,44.579276,2014,5,28,"US","HUMAN_OBSERVATION","Prunus domestica"
"4068947702","Prunus domestica",-116.098,43.643,2013,5,18,"US","PRESERVED_SPECIMEN","Prunus domestica"
"1302755486","Prunus domestica",-123.2,45.716667,2010,3,31,"US","OCCURRENCE","Prunus domestica"
"441819612","Prunus domestica",-123.2,45.716667,2010,3,31,"US","PRESERVED_SPECIMEN","Prunus domestica"
"4069752162","Prunus domestica",-123.2,45.716667,2010,3,31,"US","PRESERVED_SPECIMEN","Prunus domestica"
"1930689127","Prunus domestica",-82.104,35.733,2010,4,7,"US","PRESERVED_SPECIMEN","Prunus domestica"
"1632927627","Prunus domestica",-82.104,35.733,2010,4,7,"US","PRESERVED_SPECIMEN","Prunus domestica"
"1930544238","Prunus domestica",-84.580751,38.499357,2010,6,20,"US","PRESERVED_SPECIMEN","Prunus domestica"
"4068936128","Prunus domestica",-116.17,43.6195,2010,7,4,"US","PRESERVED_SPECIMEN","Prunus domestica"
"2430315996","Prunus domestica",-118.257901,34.632263,2008,4,10,"US","PRESERVED_SPECIMEN","Prunus domestica"
"1304470246","Prunus domestica",-118.257901,34.632263,2008,4,10,"US","OCCURRENCE","Prunus domestica"
"3820568855","Prunus domestica",-119.123907,44.9941623,2008,5,8,"US","PRESERVED_SPECIMEN","Prunus domestica"
"415733334","Prunus domestica",-123.25122,44.69437,2007,4,7,"US","PRESERVED_SPECIMEN","Prunus domestica"
"3820566857","Prunus domestica",-123.25122,44.69437,2007,4,7,"US","PRESERVED_SPECIMEN","Prunus domestica"
"3059668447","Prunus domestica",-123.2512,44.6944,2007,4,7,"US","PRESERVED_SPECIMEN","Prunus domestica"
"3061553620","Prunus domestica",-81.56314,41.358655,2007,4,26,"US","HUMAN_OBSERVATION","Prunus domestica"
"3820540293","Prunus domestica",-121.93001,42.58131,2007,6,22,"US","PRESERVED_SPECIMEN","Prunus domestica"
"1304532291","Prunus domestica",-122.266389,37.978889,2007,9,8,"US","OCCURRENCE","Prunus domestica"
"3059668443","Prunus domestica",-122.2664,37.9789,2007,9,8,"US","PRESERVED_SPECIMEN","Prunus domestica"
"1302755427","Prunus domestica",-122.275,48.268056,2006,3,4,"US","OCCURRENCE","Prunus domestica"
"441819470","Prunus domestica",-122.275,48.268056,2006,3,4,"US","PRESERVED_SPECIMEN","Prunus domestica"
"4061114248","Prunus domestica",-123.600556,42.521945,2006,8,9,"US","PRESERVED_SPECIMEN","Prunus domestica"
"1302755416","Prunus domestica",-118.666667,46.383333,2005,4,22,"US","OCCURRENCE","Prunus domestica"
"441819414","Prunus domestica",-118.67991,46.39209,2005,4,22,"US","PRESERVED_SPECIMEN","Prunus domestica"
"3461005330","Prunus domestica",-121.556262,39.094342,2005,10,21,"US","PRESERVED_SPECIMEN","Prunus domestica"
"1302755478","Prunus domestica",-122.883333,47.05,2004,3,25,"US","OCCURRENCE","Prunus domestica"
"4069729683","Prunus domestica",-122.88333,47.05,2004,3,25,"US","PRESERVED_SPECIMEN","Prunus domestica"
"441818905","Prunus domestica",-122.883333,47.05,2004,3,25,"US","PRESERVED_SPECIMEN","Prunus domestica"
"1302755479","Prunus domestica",-121.929722,48.271111,2004,4,4,"US","OCCURRENCE","Prunus domestica"
"441819295","Prunus domestica",-121.929722,48.271111,2004,4,4,"US","PRESERVED_SPECIMEN","Prunus domestica"
"4069725282","Prunus domestica",-117.4033,46.7967,2004,5,30,"US","PRESERVED_SPECIMEN","Prunus domestica"
"1302755449","Prunus domestica",-117.4033,46.7967,2004,5,30,"US","OCCURRENCE","Prunus domestica"
"1302755467","Prunus domestica",-117.403333,46.796667,2004,5,30,"US","OCCURRENCE","Prunus domestica"
"441819459","Prunus domestica",-117.403333,46.796667,2004,5,30,"US","PRESERVED_SPECIMEN","Prunus domestica"
"1302755463","Prunus domestica",-123.163333,44.036667,2004,8,27,"US","OCCURRENCE","Prunus domestica"
"441818892","Prunus domestica",-123.163333,44.036667,2004,8,27,"US","PRESERVED_SPECIMEN","Prunus domestica"
"1302755434","Prunus domestica",-123.086667,44.031667,2004,10,7,"US","OCCURRENCE","Prunus domestica"
"441819540","Prunus domestica",-123.086667,44.031667,2004,10,7,"US","PRESERVED_SPECIMEN","Prunus domestica"
"1302755476","Prunus domestica",-123.166667,44.038333,2003,3,31,"US","OCCURRENCE","Prunus domestica"
"441818936","Prunus domestica",-123.166667,44.038333,2003,3,31,"US","PRESERVED_SPECIMEN","Prunus domestica"
"1302755458","Prunus domestica",-122.633333,48.81,2003,4,19,"US","OCCURRENCE","Prunus domestica"
"1302755472","Prunus domestica",-122.219167,48.311944,2003,4,29,"US","OCCURRENCE","Prunus domestica"
"441818844","Prunus domestica",-122.633333,48.81,2003,4,19,"US","PRESERVED_SPECIMEN","Prunus domestica"
"441818847","Prunus domestica",-122.219167,48.311944,2003,4,29,"US","PRESERVED_SPECIMEN","Prunus domestica"
"1302755461","Prunus domestica",-122.173333,48.208333,2003,6,17,"US","OCCURRENCE","Prunus domestica"
"441818933","Prunus domestica",-122.173333,48.208333,2003,6,17,"US","PRESERVED_SPECIMEN","Prunus domestica"
"1302755411","Prunus domestica",-122.501667,47.05,2002,4,28,"US","OCCURRENCE","Prunus domestica"
"441819441","Prunus domestica",-122.501667,47.05,2002,4,28,"US","PRESERVED_SPECIMEN","Prunus domestica"
"1302755420","Prunus domestica",-117.818333,46.401667,2002,5,1,"US","OCCURRENCE","Prunus domestica"
"441818938","Prunus domestica",-117.818333,46.401667,2002,5,1,"US","PRESERVED_SPECIMEN","Prunus domestica"
"1302755421","Prunus domestica",-121.458333,45.71,2002,7,25,"US","OCCURRENCE","Prunus domestica"
"441818939","Prunus domestica",-121.458333,45.71,2002,7,25,"US","PRESERVED_SPECIMEN","Prunus domestica"
"1302755415","Prunus domestica",-120.418333,46.488333,2002,10,7,"US","OCCURRENCE","Prunus domestica"
"441818935","Prunus domestica",-120.418333,46.488333,2002,10,7,"US","PRESERVED_SPECIMEN","Prunus domestica"
"768788052","Prunus domestica",-73.31055,41.63138,2000,4,18,"US","PRESERVED_SPECIMEN","Prunus domestica"
"4061559646","Prunus domestica",-94.38722,37.02277,2000,6,27,"US","PRESERVED_SPECIMEN","Prunus domestica"
"4060959586","Prunus domestica",-94.38722,37.02277,2000,6,27,"US","PRESERVED_SPECIMEN","Prunus domestica"
"4060950844","Prunus domestica",-94.38722,37.02277,2000,6,27,"US","PRESERVED_SPECIMEN","Prunus domestica"
"4060966995","Prunus domestica",-94.38722,37.02277,2000,6,27,"US","PRESERVED_SPECIMEN","Prunus domestica"
"4073871805","Prunus domestica",-116.95612,44.500439,1999,7,10,"US","PRESERVED_SPECIMEN","Prunus domestica"
"1302755469","Prunus domestica",-123.062222,48.488889,1999,8,14,"US","OCCURRENCE","Prunus domestica"
"441818730","Prunus domestica",-123.062222,48.488889,1999,8,14,"US","PRESERVED_SPECIMEN","Prunus domestica"
"4061686348","Prunus domestica",-90.40722,38.58472,1999,9,8,"US","PRESERVED_SPECIMEN","Prunus domestica"
"4060941459","Prunus domestica",-90.40722,38.58472,1999,9,8,"US","PRESERVED_SPECIMEN","Prunus domestica"
"4031987438","Prunus domestica",-118.45555,34.02638,1999,10,11,"US","PRESERVED_SPECIMEN","Prunus domestica"
"1258625189","Prunus domestica",-118.45555,34.02638,1999,10,11,"US","PRESERVED_SPECIMEN","Prunus domestica"
"4061504851","Prunus domestica",-118.49,34.0475,1999,10,11,"US","PRESERVED_SPECIMEN","Prunus domestica"
"1258625439","Prunus domestica",-118.49,34.0475,1999,10,11,"US","PRESERVED_SPECIMEN","Prunus domestica"
"4060943044","Prunus domestica",-118.45555,34.02638,1999,10,11,"US","PRESERVED_SPECIMEN","Prunus domestica"
"4061679179","Prunus domestica",-118.45555,34.02638,1999,10,11,"US","PRESERVED_SPECIMEN","Prunus domestica"
"4062012883","Prunus domestica",-122.332071,47.60621,1999,11,5,"US","PRESERVED_SPECIMEN","Prunus domestica"
"1258520304","Prunus domestica",-90.1632,38.3621,1998,11,4,"US","PRESERVED_SPECIMEN","Prunus domestica"
"1302755475","Prunus domestica",-123.014167,48.544167,1997,4,8,"US","OCCURRENCE","Prunus domestica"
"441818972","Prunus domestica",-123.014167,48.544167,1997,4,8,"US","PRESERVED_SPECIMEN","Prunus domestica"
"3053415727","Prunus domestica",-121.242,36.107,1996,3,14,"US","PRESERVED_SPECIMEN","Prunus domestica"
"3408312220","Prunus domestica",-74.153,41.754,1996,5,31,"US","HUMAN_OBSERVATION","Prunus domestica"
"4068960661","Prunus domestica",-116.333333,43.633333,1995,7,17,"US","PRESERVED_SPECIMEN","Prunus domestica"
"4073893181","Prunus domestica",-116.756869,46.4029742,1994,6,27,"US","PRESERVED_SPECIMEN","Prunus domestica"
"2859065985","Prunus domestica",-82.492591,38.422919,1992,4,21,"US","PRESERVED_SPECIMEN","Prunus domestica"
"1989070947","Prunus domestica",-84.287481,41.755363,1992,5,8,"US","PRESERVED_SPECIMEN","Prunus domestica"
"768788056","Prunus domestica",-72.36861,41.87138,1991,7,22,"US","PRESERVED_SPECIMEN","Prunus domestica"
"1038948706","Prunus domestica",-72.3649,41.8786,1991,7,22,"US","PRESERVED_SPECIMEN","Prunus domestica"
"3820548801","Prunus domestica",-123.28163,44.5704,1990,8,27,"US","PRESERVED_SPECIMEN","Prunus domestica"
"1302755501","Prunus domestica",-123.2816,44.5704,1990,8,27,"US","OCCURRENCE","Prunus domestica"
"3820702675","Prunus domestica",-123.3202,44.13584,1988,4,3,"US","PRESERVED_SPECIMEN","Prunus domestica"
"1302755455","Prunus domestica",-123.3202,44.1358,1988,4,3,"US","OCCURRENCE","Prunus domestica"
"1302755462","Prunus domestica",-118.67917,46.39056,1988,4,12,"US","OCCURRENCE","Prunus domestica"
"4069796727","Prunus domestica",-118.67917,46.39056,1988,4,12,"US","PRESERVED_SPECIMEN","Prunus domestica"
"1988631565","Prunus domestica",-84.01265,41.899621,1986,4,29,"US","PRESERVED_SPECIMEN","Prunus domestica"
"1989072294","Prunus domestica",-84.223192,42.055502,1986,4,28,"US","PRESERVED_SPECIMEN","Prunus domestica"
"2572977219","Prunus domestica",-76.923031,39.150941,1986,5,31,"US","PRESERVED_SPECIMEN","Prunus domestica"
"1989055675","Prunus domestica",-84.01265,41.899621,1986,5,9,"US","PRESERVED_SPECIMEN","Prunus domestica"
"1989457473","Prunus domestica",-84.094283,41.92015,1986,5,2,"US","PRESERVED_SPECIMEN","Prunus domestica"
"1989039736","Prunus domestica",-84.223192,42.055502,1986,6,22,"US","PRESERVED_SPECIMEN","Prunus domestica"
"1989108782","Prunus domestica",-84.35278,41.90944,1986,6,22,"US","PRESERVED_SPECIMEN","Prunus domestica"
"1989199534","Prunus domestica",-84.094283,41.92015,1986,6,22,"US","PRESERVED_SPECIMEN","Prunus domestica"
"3860594426","Prunus domestica",-81.430097,41.218894,1985,6,27,"US","HUMAN_OBSERVATION","Prunus domestica"
"2642793084","Prunus domestica",-123,44,1981,NA,NA,"US","FOSSIL_SPECIMEN","Prunus domestica"
"3320780443","Prunus domestica",-122.337889,38.317472,1980,2,29,"US","PRESERVED_SPECIMEN","Prunus domestica"
"3820700675","Prunus domestica",-123.24113,44.60008,1980,4,13,"US","PRESERVED_SPECIMEN","Prunus domestica"
"1302755437","Prunus domestica",-123.2411,44.6,1980,4,13,"US","OCCURRENCE","Prunus domestica"
"2417983272","Prunus domestica",-123.24113,44.60008,1980,4,13,"US","PRESERVED_SPECIMEN","Prunus domestica"
"3059687745","Prunus domestica",-120.863899,38.678477,1980,4,17,"US","PRESERVED_SPECIMEN","Prunus domestica"
"3320793166","Prunus domestica",-122.472194,38.491222,1980,5,17,"US","PRESERVED_SPECIMEN","Prunus domestica"
"4068909320","Prunus domestica",-116.315278,45.422222,1980,7,12,"US","PRESERVED_SPECIMEN","Prunus domestica"
"1699341871","Prunus domestica",-104.691667,30.541667,1979,5,26,"US","PRESERVED_SPECIMEN","Prunus domestica"
"1030439631","Prunus domestica",-83.716667,43.6,1979,6,21,"US","PRESERVED_SPECIMEN","Prunus domestica"
"4068906213","Prunus domestica",-116.324167,46.502222,1978,4,18,"US","PRESERVED_SPECIMEN","Prunus domestica"
"4073799579","Prunus domestica",-116.865558,46.677209,1978,10,6,"US","PRESERVED_SPECIMEN","Prunus domestica"
"4073788016","Prunus domestica",-116.708314,46.633495,1976,6,2,"US","PRESERVED_SPECIMEN","Prunus domestica"
"4073854505","Prunus domestica",-116.711727,46.56324,1976,6,9,"US","PRESERVED_SPECIMEN","Prunus domestica"
"4073827899","Prunus domestica",-116.714187,46.574593,1976,6,2,"US","PRESERVED_SPECIMEN","Prunus domestica"
"4073815008","Prunus domestica",-116.5483677,46.6495749,1974,4,28,"US","PRESERVED_SPECIMEN","Prunus domestica"
"3820543863","Prunus domestica",-123.3,44.4,1972,8,9,"US","PRESERVED_SPECIMEN","Prunus domestica"
"1302755450","Prunus domestica",-123.3,44.4,1972,8,9,"US","OCCURRENCE","Prunus domestica"
"4073714255","Prunus domestica",-112.444161,42.865012,1971,5,10,"US","PRESERVED_SPECIMEN","Prunus domestica"
"3320789779","Prunus domestica",-83.108333,40.07,1971,8,13,"US","PRESERVED_SPECIMEN","Prunus domestica"
"1305309533","Prunus domestica",-87.906474,43.038902,1971,9,NA,"US","PRESERVED_SPECIMEN","Prunus domestica"
"3053477063","Prunus domestica",-119.301628,34.35026,1969,3,10,"US","PRESERVED_SPECIMEN","Prunus domestica"
"3053395050","Prunus domestica",-119.314,34.357,1969,4,1,"US","PRESERVED_SPECIMEN","Prunus domestica"
"3053476049","Prunus domestica",-119.2443,34.4437,1968,2,29,"US","PRESERVED_SPECIMEN","Prunus domestica"
"3053400074","Prunus domestica",-119.243143,34.443578,1968,3,7,"US","PRESERVED_SPECIMEN","Prunus domestica"
"3053479053","Prunus domestica",-119.243143,34.443578,1968,3,7,"US","PRESERVED_SPECIMEN","Prunus domestica"
"3053481058","Prunus domestica",-119.246,34.445,1968,3,28,"US","PRESERVED_SPECIMEN","Prunus domestica"
"3053396042","Prunus domestica",-119.3003,34.4067,1968,6,13,"US","PRESERVED_SPECIMEN","Prunus domestica"
"2573419069","Prunus domestica",-111.793414,41.692555,1967,5,17,"US","PRESERVED_SPECIMEN","Prunus domestica"
"3059668449","Prunus domestica",-120.832245,39.193734,1964,5,18,"US","PRESERVED_SPECIMEN","Prunus domestica"
"3053483046","Prunus domestica",-119.2944,34.4148,1962,3,26,"US","PRESERVED_SPECIMEN","Prunus domestica"
"1318197174","Prunus domestica",-76.9342,38.9392,1959,7,1,"US","PRESERVED_SPECIMEN","Prunus domestica"
"1320313926","Prunus domestica",-76.9342,38.9392,1959,7,1,"US","PRESERVED_SPECIMEN","Prunus domestica"
"1302755414","Prunus domestica",-116.596666,46.415901,1959,8,3,"US","OCCURRENCE","Prunus domestica"
"1302755436","Prunus domestica",-116.596666,46.415901,1959,8,3,"US","OCCURRENCE","Prunus domestica"
"1302755485","Prunus domestica",-116.596666,46.415901,1959,8,3,"US","OCCURRENCE","Prunus domestica"
"441818943","Prunus domestica",-116.596666,46.415901,1959,8,3,"US","PRESERVED_SPECIMEN","Prunus domestica"
"441818944","Prunus domestica",-116.596666,46.415901,1959,8,3,"US","PRESERVED_SPECIMEN","Prunus domestica"
"4069826367","Prunus domestica",-116.596666,46.415901,1959,8,3,"US","PRESERVED_SPECIMEN","Prunus domestica"
"4067795651","Prunus domestica",-75.004337,40.054834,1957,7,25,"US","PRESERVED_SPECIMEN","Prunus domestica"
"1317787198","Prunus domestica",-76.9458,38.9558,1954,8,NA,"US","PRESERVED_SPECIMEN","Prunus domestica"
"3820568708","Prunus domestica",-123.3631,42.9511,1953,5,21,"US","PRESERVED_SPECIMEN","Prunus domestica"
"1302755445","Prunus domestica",-123.3631,42.9511,1953,5,21,"US","OCCURRENCE","Prunus domestica"
"3820715161","Prunus domestica",-121.80917,45.68901,1953,6,14,"US","PRESERVED_SPECIMEN","Prunus domestica"
"3820604443","Prunus domestica",-121.810274,45.6908,1953,6,4,"US","PRESERVED_SPECIMEN","Prunus domestica"
"1302755502","Prunus domestica",-121.8091,45.689,1953,6,14,"US","OCCURRENCE","Prunus domestica"
"1302755504","Prunus domestica",-121.8102,45.6908,1953,6,4,"US","OCCURRENCE","Prunus domestica"
"1302755447","Prunus domestica",-115.030733,45.293705,1951,7,16,"US","OCCURRENCE","Prunus domestica"
"441818941","Prunus domestica",-115.030733,45.293705,1951,7,16,"US","PRESERVED_SPECIMEN","Prunus domestica"
"1988962595","Prunus domestica",-87.883387,47.454682,1949,5,29,"US","PRESERVED_SPECIMEN","Prunus domestica"
"1930233025","Prunus domestica",-76.488451,42.413076,1947,5,13,"US","PRESERVED_SPECIMEN","Prunus domestica"
"1928858421","Prunus domestica",-76.488451,42.413076,1946,5,14,"US","PRESERVED_SPECIMEN","Prunus domestica"
"4069671930","Prunus domestica",-123.04699,44.11341,1944,4,7,"US","PRESERVED_SPECIMEN","Prunus domestica"
"768788082","Prunus domestica",-72.56361,41.35805,1944,8,28,"US","PRESERVED_SPECIMEN","Prunus domestica"
"1931023181","Prunus domestica",-74.750799,42.797645,1939,8,22,"US","PRESERVED_SPECIMEN","Prunus domestica"
"768788060","Prunus domestica",-72.07833,41.35,1938,4,22,"US","PRESERVED_SPECIMEN","Prunus domestica"
"768788054","Prunus domestica",-72.07833,41.35,1938,8,2,"US","PRESERVED_SPECIMEN","Prunus domestica"
"2859323955","Prunus domestica",-79.947101,40.438535,1937,7,22,"US","PRESERVED_SPECIMEN","Prunus domestica"
"768788059","Prunus domestica",-72.02833,41.38361,1937,7,9,"US","PRESERVED_SPECIMEN","Prunus domestica"
"1258102657","Prunus domestica",-92.173333,38.576667,1937,8,8,"US","PRESERVED_SPECIMEN","Prunus domestica"
"1302755483","Prunus domestica",-122.82194,47.048916,1936,4,8,"US","OCCURRENCE","Prunus domestica"
"4069802600","Prunus domestica",-122.82194,47.048916,1936,4,8,"US","PRESERVED_SPECIMEN","Prunus domestica"
"1302755440","Prunus domestica",-123.09972,47.35528,1935,9,5,"US","OCCURRENCE","Prunus domestica"
"441818729","Prunus domestica",-123.09972,47.35528,1935,9,5,"US","PRESERVED_SPECIMEN","Prunus domestica"
"1302755510","Prunus domestica",-123.0092,44.7197,1932,4,NA,"US","OCCURRENCE","Prunus domestica"
"3820635105","Prunus domestica",-123.0092,44.7197,1932,4,NA,"US","PRESERVED_SPECIMEN","Prunus domestica"
"1928148367","Prunus domestica",-74.964836,38.936868,1927,7,23,"US","PRESERVED_SPECIMEN","Prunus domestica"
"768788057","Prunus domestica",-73.42111,41.98333,1927,8,18,"US","PRESERVED_SPECIMEN","Prunus domestica"
"1931087253","Prunus domestica",-76.864254,40.799624,1925,4,22,"US","PRESERVED_SPECIMEN","Prunus domestica"
"3865361111","Prunus domestica",-74.933511,39.022738,1921,6,20,"US","PRESERVED_SPECIMEN","Prunus domestica"
"1989293526","Prunus domestica",-83.827281,42.473541,1920,6,6,"US","PRESERVED_SPECIMEN","Prunus domestica"
"2859350230","Prunus domestica",-76.502872,42.456287,1919,NA,NA,"US","PRESERVED_SPECIMEN","Prunus domestica"
"3341255686","Prunus domestica",-74.107862,40.569383,1915,5,10,"US","PRESERVED_SPECIMEN","Prunus domestica"
"1038999827","Prunus domestica",-72.3016,41.3219,1915,5,9,"US","PRESERVED_SPECIMEN","Prunus domestica"
"2807491536","Prunus domestica",-97.74455,30.279216,1912,1,1,"US","PRESERVED_SPECIMEN","Prunus domestica"
"1038926809","Prunus domestica",-72.3438,41.3965,1912,6,13,"US","PRESERVED_SPECIMEN","Prunus domestica"
"1038938094","Prunus domestica",-72.3016,41.3219,1912,6,13,"US","PRESERVED_SPECIMEN","Prunus domestica"
"1038943399","Prunus domestica",-72.3016,41.3219,1912,6,13,"US","PRESERVED_SPECIMEN","Prunus domestica"
"1038947367","Prunus domestica",-72.3016,41.3219,1912,6,13,"US","PRESERVED_SPECIMEN","Prunus domestica"
"1038997124","Prunus domestica",-73.3914,41.305,1911,5,7,"US","PRESERVED_SPECIMEN","Prunus domestica"
"1038980337","Prunus domestica",-72.88,41.605,1911,7,30,"US","PRESERVED_SPECIMEN","Prunus domestica"
"768788083","Prunus domestica",-73.20472,41.16694,1910,8,12,"US","PRESERVED_SPECIMEN","Prunus domestica"
"1038990477","Prunus domestica",-72.6834,41.766,1909,9,25,"US","PRESERVED_SPECIMEN","Prunus domestica"
"768788071","Prunus domestica",-71.73277,41.41805,1908,5,30,"US","PRESERVED_SPECIMEN","Prunus domestica"
"1039015044","Prunus domestica",-73.2735,41.1779,1908,5,12,"US","PRESERVED_SPECIMEN","Prunus domestica"
"768788058","Prunus domestica",-72.24944,41.80833,1907,5,7,"US","PRESERVED_SPECIMEN","Prunus domestica"
"768797922","Prunus domestica",-73.27194,41.17583,1907,5,12,"US","PRESERVED_SPECIMEN","Prunus domestica"
"768788053","Prunus domestica",-73.46916,41.99444,1907,7,28,"US","PRESERVED_SPECIMEN","Prunus domestica"
"768788050","Prunus domestica",-73.27194,41.17583,1907,8,30,"US","PRESERVED_SPECIMEN","Prunus domestica"
"415934265","Prunus domestica",-73.2725,41.17583,1906,8,19,"US","PRESERVED_SPECIMEN","Prunus domestica"
"699273087","Prunus domestica",-72.7925,43.10305,1905,7,23,"US","PRESERVED_SPECIMEN","Prunus domestica"
"768797921","Prunus domestica",-72.94777,41.59638,1902,5,8,"US","PRESERVED_SPECIMEN","Prunus domestica"
"1038940750","Prunus domestica",-72.88,41.605,1902,5,11,"US","PRESERVED_SPECIMEN","Prunus domestica"
"1038966753","Prunus domestica",-72.88,41.6049,1902,5,8,"US","PRESERVED_SPECIMEN","Prunus domestica"
"1039015775","Prunus domestica",-72.88,41.6049,1902,5,8,"US","PRESERVED_SPECIMEN","Prunus domestica"
"1038971556","Prunus domestica",-72.1603,41.9931,1902,8,20,"US","PRESERVED_SPECIMEN","Prunus domestica"
"1038946936","Prunus domestica",-72.88,41.605,1901,6,9,"US","PRESERVED_SPECIMEN","Prunus domestica"
"2573122302","Prunus domestica",-72.33032,43.02094,1900,7,28,"US","PRESERVED_SPECIMEN","Prunus domestica"
"1928665773","Prunus domestica",-76.760026,42.141247,1897,5,2,"US","PRESERVED_SPECIMEN","Prunus domestica"
"1929783457","Prunus domestica",-76.807734,42.089796,1897,5,2,"US","PRESERVED_SPECIMEN","Prunus domestica"
"768788081","Prunus domestica",-72.32888,41.31583,1897,7,28,"US","PRESERVED_SPECIMEN","Prunus domestica"
"768788085","Prunus domestica",-72.32888,41.31583,1897,7,28,"US","PRESERVED_SPECIMEN","Prunus domestica"
"1038976132","Prunus domestica",-72.3016,41.3219,1897,7,28,"US","PRESERVED_SPECIMEN","Prunus domestica"
"415933298","Prunus domestica",-71.11666,42.37083,1896,5,15,"US","PRESERVED_SPECIMEN","Prunus domestica"
"1988729565","Prunus domestica",-82.43196,42.99287,1892,5,18,"US","PRESERVED_SPECIMEN","Prunus domestica"
"768788051","Prunus domestica",-73.27194,41.17583,1892,6,9,"US","PRESERVED_SPECIMEN","Prunus domestica"
"1038942432","Prunus domestica",-72.920823,41.305111,1886,5,21,"US","PRESERVED_SPECIMEN","Prunus domestica"
"2859343061","Prunus domestica",-78.193057,40.64807,1875,5,26,"US","PRESERVED_SPECIMEN","Prunus domestica"
"1988851114","Prunus domestica",-83.72633,42.27087,1862,5,12,"US","PRESERVED_SPECIMEN","Prunus domestica"
"2859319951","Prunus domestica",-75.36223,40.64038,1838,NA,NA,"US","PRESERVED_SPECIMEN","Prunus domestica"
"1304838960","Prunus domestica",-76.945833,38.955833,NA,NA,NA,"US","OCCURRENCE","Prunus domestica"
"1304838967","Prunus domestica",-76.934167,38.939167,NA,NA,NA,"US","OCCURRENCE","Prunus domestica"
"1304838976","Prunus domestica",-76.934167,38.939167,NA,NA,NA,"US","OCCURRENCE","Prunus domestica"
"1304892846","Prunus domestica",-68.777813,44.801186,NA,NA,NA,"US","OCCURRENCE","Prunus domestica"
"1304892850","Prunus domestica",-68.777813,44.801186,NA,NA,NA,"US","OCCURRENCE","Prunus domestica"
"2573074475","Prunus domestica",-73.23124,44.48735,NA,NA,NA,"US","PRESERVED_SPECIMEN","Prunus domestica"
"2642737630","Prunus domestica",-117.1,43.4,NA,NA,NA,"US","FOSSIL_SPECIMEN","Prunus domestica"
"1928975482","Prunus domestica",-71.105608,42.375097,NA,NA,NA,"US","PRESERVED_SPECIMEN","Prunus domestica"
"1930662907","Prunus domestica",-71.105608,42.375097,NA,NA,NA,"US","PRESERVED_SPECIMEN","Prunus domestica"
"1930713542","Prunus domestica",-71.105608,42.375097,NA,NA,NA,"US","PRESERVED_SPECIMEN","Prunus domestica"
"768788076","Prunus domestica",-70.89666,42.51944,NA,NA,NA,"US","PRESERVED_SPECIMEN","Prunus domestica"
