"gbifID","species","longitude","latitude","year","month","day","countryCode","basisOfRecord","accepted_name"
"4162277905","Prunus cerasus",-122.893967,49.236398,2023,7,12,"CA","HUMAN_OBSERVATION","Prunus cerasus"
"3949480051","Prunus cerasus",-68.79925,48.357125,2022,6,7,"CA","HUMAN_OBSERVATION","Prunus cerasus"
"3949918058","Prunus cerasus",-78.331863,44.304859,2022,6,27,"CA","HUMAN_OBSERVATION","Prunus cerasus"
"3999005427","Prunus cerasus",-66.379444,50.211111,2022,6,12,"CA","HUMAN_OBSERVATION","Prunus cerasus"
"3998319854","Prunus cerasus",-73.418364,45.461487,2022,6,25,"CA","HUMAN_OBSERVATION","Prunus cerasus"
"3873244721","Prunus cerasus",-119.582966,49.585371,2022,7,21,"CA","HUMAN_OBSERVATION","Prunus cerasus"
"3949045903","Prunus cerasus",-79.291493,43.890055,2022,7,1,"CA","HUMAN_OBSERVATION","Prunus cerasus"
"3957692598","Prunus cerasus",-65.916111,49.226667,2022,7,28,"CA","HUMAN_OBSERVATION","Prunus cerasus"
"3956580684","Prunus cerasus",-69.77747,47.574175,2022,8,1,"CA","HUMAN_OBSERVATION","Prunus cerasus"
"3949239393","Prunus cerasus",-125.149487,49.846264,2021,4,20,"CA","HUMAN_OBSERVATION","Prunus cerasus"
"3949145405","Prunus cerasus",-80.725908,44.185875,2021,5,8,"CA","HUMAN_OBSERVATION","Prunus cerasus"
"3949222214","Prunus cerasus",-79.476098,43.14616,2021,6,27,"CA","HUMAN_OBSERVATION","Prunus cerasus"
"3949724608","Prunus cerasus",-71.778003,48.538843,2021,7,18,"CA","HUMAN_OBSERVATION","Prunus cerasus"
"3952358322","Prunus cerasus",-120.125798,51.171879,2021,7,13,"CA","HUMAN_OBSERVATION","Prunus cerasus"
"3952415308","Prunus cerasus",-65.71089,47.735295,2021,7,13,"CA","HUMAN_OBSERVATION","Prunus cerasus"
"3952837346","Prunus cerasus",-66.694593,49.093649,2021,8,2,"CA","HUMAN_OBSERVATION","Prunus cerasus"
"3997768568","Prunus cerasus",-72.922495,45.628644,2021,9,1,"CA","HUMAN_OBSERVATION","Prunus cerasus"
"2988584511","Prunus cerasus",-123.129609,49.267164,2020,6,21,"CA","HUMAN_OBSERVATION","Prunus cerasus"
"2974539878","Prunus cerasus",-123.038837,49.213443,2020,6,11,"CA","HUMAN_OBSERVATION","Prunus cerasus"
"2974560307","Prunus cerasus",-123.031475,49.214775,2020,6,21,"CA","HUMAN_OBSERVATION","Prunus cerasus"
"3952259651","Prunus cerasus",-73.859631,45.559026,2020,7,10,"CA","HUMAN_OBSERVATION","Prunus cerasus"
"2988329580","Prunus cerasus",-94.523193,49.84209,2020,8,1,"CA","HUMAN_OBSERVATION","Prunus cerasus"
"2988584638","Prunus cerasus",-73.551317,45.400997,2020,9,3,"CA","HUMAN_OBSERVATION","Prunus cerasus"
"2988600649","Prunus cerasus",-113.465322,53.506755,2020,9,6,"CA","HUMAN_OBSERVATION","Prunus cerasus"
"2988537712","Prunus cerasus",-73.441212,45.646577,2017,10,8,"CA","HUMAN_OBSERVATION","Prunus cerasus"
"2988376306","Prunus cerasus",-79.517094,43.588397,2016,12,5,"CA","HUMAN_OBSERVATION","Prunus cerasus"
"465901960","Prunus cerasus",-71.883735,45.400479,1969,6,1,"CA","PRESERVED_SPECIMEN","Prunus cerasus"
"465767387","Prunus cerasus",-65.64531,44.70987,1968,6,6,"CA","PRESERVED_SPECIMEN","Prunus cerasus"
"2250592461","Prunus cerasus",-86.05,50.7,1949,7,5,"CA","MATERIAL_SAMPLE","Prunus cerasus"
"3351425256","Prunus cerasus",-86.05,50.7,1949,7,5,"CA","PRESERVED_SPECIMEN","Prunus cerasus"
"465767386","Prunus cerasus",-64.25981,45.09995,1946,7,6,"CA","PRESERVED_SPECIMEN","Prunus cerasus"
"1848991051","Prunus cerasus",-79.16639,43.23333,1923,5,13,"CA","PRESERVED_SPECIMEN","Prunus cerasus"
"4153762992","Prunus cerasus",-93.324519,44.91786,2023,7,8,"US","HUMAN_OBSERVATION","Prunus cerasus"
"4162303679","Prunus cerasus",-122.241295,47.918037,2023,7,13,"US","HUMAN_OBSERVATION","Prunus cerasus"
"3949722534","Prunus cerasus",-72.527235,42.147029,2022,4,15,"US","HUMAN_OBSERVATION","Prunus cerasus"
"3949418993","Prunus cerasus",-72.564465,42.077367,2022,4,22,"US","HUMAN_OBSERVATION","Prunus cerasus"
"3949413397","Prunus cerasus",-72.556495,41.783312,2022,4,27,"US","HUMAN_OBSERVATION","Prunus cerasus"
"4116385382","Prunus cerasus",-105.043511,39.657467,2022,5,14,"US","HUMAN_OBSERVATION","Prunus cerasus"
"3947533559","Prunus cerasus",-105.687661,33.333491,2022,5,15,"US","HUMAN_OBSERVATION","Prunus cerasus"
"3949441474","Prunus cerasus",-76.956089,39.782225,2022,5,2,"US","HUMAN_OBSERVATION","Prunus cerasus"
"3949079526","Prunus cerasus",-85.983746,43.449793,2022,5,10,"US","HUMAN_OBSERVATION","Prunus cerasus"
"3997970243","Prunus cerasus",-78.847258,43.145541,2022,5,6,"US","HUMAN_OBSERVATION","Prunus cerasus"
"3949866506","Prunus cerasus",-79.911084,40.475503,2022,6,5,"US","HUMAN_OBSERVATION","Prunus cerasus"
"3949613966","Prunus cerasus",-73.89042,40.7573,2022,6,7,"US","HUMAN_OBSERVATION","Prunus cerasus"
"3949872959","Prunus cerasus",-80.775839,40.066394,2022,6,14,"US","HUMAN_OBSERVATION","Prunus cerasus"
"3998983539","Prunus cerasus",-89.602961,40.725031,2022,6,11,"US","HUMAN_OBSERVATION","Prunus cerasus"
"3998832546","Prunus cerasus",-83.394404,40.210681,2022,6,19,"US","HUMAN_OBSERVATION","Prunus cerasus"
"3957564041","Prunus cerasus",-114.0196,46.871464,2022,7,12,"US","HUMAN_OBSERVATION","Prunus cerasus"
"3957007689","Prunus cerasus",-117.183866,46.734518,2022,7,13,"US","HUMAN_OBSERVATION","Prunus cerasus"
"3956561269","Prunus cerasus",-111.947685,46.636742,2022,7,30,"US","HUMAN_OBSERVATION","Prunus cerasus"
"3997830175","Prunus cerasus",-122.749982,45.834142,2022,8,5,"US","HUMAN_OBSERVATION","Prunus cerasus"
"3997859349","Prunus cerasus",-70.859593,42.768619,2022,9,24,"US","HUMAN_OBSERVATION","Prunus cerasus"
"3949080864","Prunus cerasus",-78.761718,35.817753,2021,3,26,"US","HUMAN_OBSERVATION","Prunus cerasus"
"3949101004","Prunus cerasus",-122.188117,37.709644,2021,4,16,"US","HUMAN_OBSERVATION","Prunus cerasus"
"3949609526","Prunus cerasus",-122.944875,46.756442,2021,4,20,"US","HUMAN_OBSERVATION","Prunus cerasus"
"3949140082","Prunus cerasus",-86.176257,42.417281,2021,5,10,"US","HUMAN_OBSERVATION","Prunus cerasus"
"3949179040","Prunus cerasus",-84.523884,39.175452,2021,5,31,"US","HUMAN_OBSERVATION","Prunus cerasus"
"3384353799","Prunus cerasus",-71.449948,43.36625,2021,6,26,"US","HUMAN_OBSERVATION","Prunus cerasus"
"3321231624","Prunus cerasus",-93.230126,44.957593,2021,6,25,"US","HUMAN_OBSERVATION","Prunus cerasus"
"3949546781","Prunus cerasus",-84.165433,39.610458,2021,6,6,"US","HUMAN_OBSERVATION","Prunus cerasus"
"3949212220","Prunus cerasus",-72.684125,42.262803,2021,6,20,"US","HUMAN_OBSERVATION","Prunus cerasus"
"3949348940","Prunus cerasus",-78.587189,42.946628,2021,6,28,"US","HUMAN_OBSERVATION","Prunus cerasus"
"3956480374","Prunus cerasus",-81.806323,41.450998,2021,6,15,"US","HUMAN_OBSERVATION","Prunus cerasus"
"3327968397","Prunus cerasus",-93.44679,44.941995,2021,7,13,"US","HUMAN_OBSERVATION","Prunus cerasus"
"4137607392","Prunus cerasus",-93.303558,44.948753,2021,7,14,"US","HUMAN_OBSERVATION","Prunus cerasus"
"3963242383","Prunus cerasus",-79.415817,39.030535,2021,7,22,"US","HUMAN_OBSERVATION","Prunus cerasus"
"3954499198","Prunus cerasus",-122.042077,47.803635,2021,7,1,"US","HUMAN_OBSERVATION","Prunus cerasus"
"3949440074","Prunus cerasus",-97.349246,38.053583,2021,9,9,"US","HUMAN_OBSERVATION","Prunus cerasus"
"3949771319","Prunus cerasus",-122.789265,48.11129,2021,9,12,"US","HUMAN_OBSERVATION","Prunus cerasus"
"2988584439","Prunus cerasus",-72.749834,42.039322,2020,4,19,"US","HUMAN_OBSERVATION","Prunus cerasus"
"2974481544","Prunus cerasus",-74.506929,40.82242,2020,4,9,"US","HUMAN_OBSERVATION","Prunus cerasus"
"2974496405","Prunus cerasus",-78.817394,37.85634,2020,4,27,"US","HUMAN_OBSERVATION","Prunus cerasus"
"3949494314","Prunus cerasus",-87.693986,41.957433,2020,5,9,"US","HUMAN_OBSERVATION","Prunus cerasus"
"3949494725","Prunus cerasus",-81.296322,41.501512,2020,5,21,"US","HUMAN_OBSERVATION","Prunus cerasus"
"2974541091","Prunus cerasus",-71.740606,42.526347,2020,5,24,"US","HUMAN_OBSERVATION","Prunus cerasus"
"2988365536","Prunus cerasus",-78.748541,37.932522,2020,6,17,"US","HUMAN_OBSERVATION","Prunus cerasus"
"2988287511","Prunus cerasus",-96.026069,41.167287,2020,6,20,"US","HUMAN_OBSERVATION","Prunus cerasus"
"2988293532","Prunus cerasus",-109.976991,34.153694,2020,6,20,"US","HUMAN_OBSERVATION","Prunus cerasus"
"2988337517","Prunus cerasus",-93.288634,45.032825,2020,6,24,"US","HUMAN_OBSERVATION","Prunus cerasus"
"2988482524","Prunus cerasus",-86.104935,42.783154,2020,6,29,"US","HUMAN_OBSERVATION","Prunus cerasus"
"2988367631","Prunus cerasus",-93.281691,45.152604,2020,6,22,"US","HUMAN_OBSERVATION","Prunus cerasus"
"2974555178","Prunus cerasus",-80.313064,40.664275,2020,6,3,"US","HUMAN_OBSERVATION","Prunus cerasus"
"2974553751","Prunus cerasus",-83.524334,43.357996,2020,6,17,"US","HUMAN_OBSERVATION","Prunus cerasus"
"3949599051","Prunus cerasus",-74.013423,40.607695,2020,6,25,"US","HUMAN_OBSERVATION","Prunus cerasus"
"2988487543","Prunus cerasus",-116.202314,43.61535,2020,7,5,"US","HUMAN_OBSERVATION","Prunus cerasus"
"2988517564","Prunus cerasus",-104.921796,39.627051,2020,7,12,"US","HUMAN_OBSERVATION","Prunus cerasus"
"2988497560","Prunus cerasus",-113.994372,46.873678,2020,7,14,"US","HUMAN_OBSERVATION","Prunus cerasus"
"3949023130","Prunus cerasus",-79.868056,36.086667,2020,7,30,"US","HUMAN_OBSERVATION","Prunus cerasus"
"2988456603","Prunus cerasus",-69.109648,44.113399,2020,8,4,"US","HUMAN_OBSERVATION","Prunus cerasus"
"2988340691","Prunus cerasus",-110.996551,45.603343,2020,9,25,"US","HUMAN_OBSERVATION","Prunus cerasus"
"4061390939","Prunus cerasus",-90.40694,38.58504,2019,1,24,"US","PRESERVED_SPECIMEN","Prunus cerasus"
"4128829356","Prunus cerasus",-117.466,47.39069,2019,5,23,"US","PRESERVED_SPECIMEN","Prunus cerasus"
"2643614099","Prunus cerasus",-94.523306,39.136956,2019,6,7,"US","HUMAN_OBSERVATION","Prunus cerasus"
"1978007906","Prunus cerasus",-83.69291,37.81546,2018,4,15,"US","PRESERVED_SPECIMEN","Prunus cerasus"
"2974466484","Prunus cerasus",-94.720561,37.406486,2018,4,25,"US","HUMAN_OBSERVATION","Prunus cerasus"
"2578936709","Prunus cerasus",-111.84647,42.27868,2018,5,6,"US","PRESERVED_SPECIMEN","Prunus cerasus"
"1981511865","Prunus cerasus",-111.84647,42.27868,2018,5,6,"US","PRESERVED_SPECIMEN","Prunus cerasus"
"2643506813","Prunus cerasus",-83.254264,42.07439,2018,6,4,"US","HUMAN_OBSERVATION","Prunus cerasus"
"2988474324","Prunus cerasus",-105.101387,39.551044,2018,7,21,"US","HUMAN_OBSERVATION","Prunus cerasus"
"2574972877","Prunus cerasus",-105.031516,39.55735,2018,8,20,"US","PRESERVED_SPECIMEN","Prunus cerasus"
"2574972416","Prunus cerasus",-105.031516,39.55735,2018,8,20,"US","PRESERVED_SPECIMEN","Prunus cerasus"
"3435791991","Prunus cerasus",-92.53773,34.83419,2017,3,26,"US","PRESERVED_SPECIMEN","Prunus cerasus"
"2234574880","Prunus cerasus",-92.53773,34.83419,2017,3,26,"US","PRESERVED_SPECIMEN","Prunus cerasus"
"1640038223","Prunus cerasus",-77.467867,37.592519,2017,5,5,"US","HUMAN_OBSERVATION","Prunus cerasus"
"2422509419","Prunus cerasus",-70.469,41.749,2014,5,3,"US","PRESERVED_SPECIMEN","Prunus cerasus"
"3435791996","Prunus cerasus",-92.53773,34.83419,2014,6,4,"US","PRESERVED_SPECIMEN","Prunus cerasus"
"2859074468","Prunus cerasus",-76.841361,40.235368,2013,4,12,"US","PRESERVED_SPECIMEN","Prunus cerasus"
"2268975394","Prunus cerasus",-90.26115,38.61295,2013,4,24,"US","PRESERVED_SPECIMEN","Prunus cerasus"
"2859075467","Prunus cerasus",-78.066944,40.7975,2013,5,8,"US","PRESERVED_SPECIMEN","Prunus cerasus"
"2859361468","Prunus cerasus",-80.083388,40.40868,2012,3,30,"US","PRESERVED_SPECIMEN","Prunus cerasus"
"2859075460","Prunus cerasus",-80.206538,40.200556,2012,4,4,"US","PRESERVED_SPECIMEN","Prunus cerasus"
"2988500301","Prunus cerasus",-104.658903,38.262731,2012,6,17,"US","HUMAN_OBSERVATION","Prunus cerasus"
"3978744273","Prunus cerasus",-100.95558,35.55789,2011,4,2,"US","PRESERVED_SPECIMEN","Prunus cerasus"
"4095545207","Prunus cerasus",-88.370486,42.290054,2011,5,11,"US","PRESERVED_SPECIMEN","Prunus cerasus"
"2234407323","Prunus cerasus",-81.009283,35.545067,2010,4,4,"US","PRESERVED_SPECIMEN","Prunus cerasus"
"1848991054","Prunus cerasus",-73.87667,40.86,2009,8,8,"US","PRESERVED_SPECIMEN","Prunus cerasus"
"2242413083","Prunus cerasus",-104.961468,39.732207,2008,5,6,"US","PRESERVED_SPECIMEN","Prunus cerasus"
"1302755364","Prunus cerasus",-123.152317,48.64,2006,4,27,"US","OCCURRENCE","Prunus cerasus"
"441819409","Prunus cerasus",-123.152317,48.64,2006,4,27,"US","PRESERVED_SPECIMEN","Prunus cerasus"
"1257878743","Prunus cerasus",-121.9675,44.725278,2006,7,28,"US","PRESERVED_SPECIMEN","Prunus cerasus"
"4061909740","Prunus cerasus",-121.9675,44.725278,2006,7,28,"US","PRESERVED_SPECIMEN","Prunus cerasus"
"4064835502","Prunus cerasus",-75.38131,41.488172,2006,10,5,"US","PRESERVED_SPECIMEN","Prunus cerasus"
"4064835501","Prunus cerasus",-75.287201,40.773652,2005,9,22,"US","PRESERVED_SPECIMEN","Prunus cerasus"
"4105797672","Prunus cerasus",-87.61111,41.20278,2005,9,1,"US","PRESERVED_SPECIMEN","Prunus cerasus"
"2234406464","Prunus cerasus",-79.279076,35.920075,2004,4,11,"US","PRESERVED_SPECIMEN","Prunus cerasus"
"3820558579","Prunus cerasus",-122.826667,45.846667,2003,4,21,"US","PRESERVED_SPECIMEN","Prunus cerasus"
"3820667110","Prunus cerasus",-122.816667,44.225,2003,4,30,"US","PRESERVED_SPECIMEN","Prunus cerasus"
"1302755412","Prunus cerasus",-122.816667,44.225,2003,4,30,"US","OCCURRENCE","Prunus cerasus"
"441818916","Prunus cerasus",-122.816667,44.225,2003,4,30,"US","PRESERVED_SPECIMEN","Prunus cerasus"
"1302755338","Prunus cerasus",-120.6967,46.3467,2002,5,1,"US","OCCURRENCE","Prunus cerasus"
"1302755378","Prunus cerasus",-120.696667,46.346667,2002,5,1,"US","OCCURRENCE","Prunus cerasus"
"1302755389","Prunus cerasus",-123.511667,46.995,2002,5,20,"US","OCCURRENCE","Prunus cerasus"
"4069738399","Prunus cerasus",-123.511667,46.995,2002,5,20,"US","PRESERVED_SPECIMEN","Prunus cerasus"
"441818917","Prunus cerasus",-123.511667,46.995,2002,5,20,"US","PRESERVED_SPECIMEN","Prunus cerasus"
"441818918","Prunus cerasus",-120.696667,46.346667,2002,5,1,"US","PRESERVED_SPECIMEN","Prunus cerasus"
"4081319616","Prunus cerasus",-123.511667,46.995,2002,5,20,"US","PRESERVED_SPECIMEN","Prunus cerasus"
"4069862424","Prunus cerasus",-120.6967,46.3467,2002,5,1,"US","PRESERVED_SPECIMEN","Prunus cerasus"
"2268952448","Prunus cerasus",-123.5,46.983333,2002,5,20,"US","PRESERVED_SPECIMEN","Prunus cerasus"
"2268952015","Prunus cerasus",-120.683333,46.333333,2002,5,1,"US","PRESERVED_SPECIMEN","Prunus cerasus"
"2595768028","Prunus cerasus",-74.9,41.8,2001,5,11,"US","PRESERVED_SPECIMEN","Prunus cerasus"
"4073818668","Prunus cerasus",-116.411476,44.642643,2000,7,16,"US","PRESERVED_SPECIMEN","Prunus cerasus"
"122992634","Prunus cerasus",-122.31,47.6665,1998,3,13,"US","PRESERVED_SPECIMEN","Prunus cerasus"
"4070685540","Prunus cerasus",-118.416667,46.05,1998,4,5,"US","PRESERVED_SPECIMEN","Prunus cerasus"
"4070679520","Prunus cerasus",-118.416667,46.05,1998,4,5,"US","PRESERVED_SPECIMEN","Prunus cerasus"
"1989513751","Prunus cerasus",-84.23513,41.92155,1998,4,21,"US","PRESERVED_SPECIMEN","Prunus cerasus"
"1302755380","Prunus cerasus",-123.031944,48.592222,1996,4,17,"US","OCCURRENCE","Prunus cerasus"
"441818728","Prunus cerasus",-123.031944,48.592222,1996,4,17,"US","PRESERVED_SPECIMEN","Prunus cerasus"
"1302755397","Prunus cerasus",-118.67917,46.39056,1995,4,17,"US","OCCURRENCE","Prunus cerasus"
"4069795853","Prunus cerasus",-118.67917,46.39056,1995,4,17,"US","PRESERVED_SPECIMEN","Prunus cerasus"
"2859361340","Prunus cerasus",-82.808055,41.671373,1995,5,30,"US","PRESERVED_SPECIMEN","Prunus cerasus"
"1990213563","Prunus cerasus",-78.698637,35.794265,1994,2,17,"US","PRESERVED_SPECIMEN","Prunus cerasus"
"1990213551","Prunus cerasus",-82.393824,35.604638,1994,2,18,"US","PRESERVED_SPECIMEN","Prunus cerasus"
"1990213574","Prunus cerasus",-78.698637,35.794265,1994,2,17,"US","PRESERVED_SPECIMEN","Prunus cerasus"
"1990213586","Prunus cerasus",-78.698637,35.794265,1994,3,29,"US","PRESERVED_SPECIMEN","Prunus cerasus"
"4068953560","Prunus cerasus",-116.266667,43.566667,1994,4,30,"US","PRESERVED_SPECIMEN","Prunus cerasus"
"1990213581","Prunus cerasus",-82.393824,35.604638,1994,4,14,"US","PRESERVED_SPECIMEN","Prunus cerasus"
"2859321035","Prunus cerasus",-80.538673,41.046687,1993,4,28,"US","PRESERVED_SPECIMEN","Prunus cerasus"
"2859062006","Prunus cerasus",-80.711895,41.909111,1993,5,5,"US","PRESERVED_SPECIMEN","Prunus cerasus"
"2859061028","Prunus cerasus",-81.34219,41.720454,1993,5,6,"US","PRESERVED_SPECIMEN","Prunus cerasus"
"2859353981","Prunus cerasus",-82.980496,40.226114,1992,5,4,"US","PRESERVED_SPECIMEN","Prunus cerasus"
"2859064979","Prunus cerasus",-83.726469,41.611323,1992,5,8,"US","PRESERVED_SPECIMEN","Prunus cerasus"
"1305231098","Prunus cerasus",-88.190483,43.506695,1992,5,20,"US","PRESERVED_SPECIMEN","Prunus cerasus"
"1302755379","Prunus cerasus",-121.79111,46.80528,1991,4,8,"US","OCCURRENCE","Prunus cerasus"
"4069737772","Prunus cerasus",-121.79111,46.80528,1991,4,8,"US","PRESERVED_SPECIMEN","Prunus cerasus"
"1260956383","Prunus cerasus",-92.110833,37.693056,1989,10,16,"US","PRESERVED_SPECIMEN","Prunus cerasus"
"1989099358","Prunus cerasus",-83.929647,41.750663,1988,5,6,"US","PRESERVED_SPECIMEN","Prunus cerasus"
"2859351006","Prunus cerasus",-76.487554,38.979945,1987,4,22,"US","PRESERVED_SPECIMEN","Prunus cerasus"
"1988852624","Prunus cerasus",-83.994081,41.926418,1986,5,9,"US","PRESERVED_SPECIMEN","Prunus cerasus"
"4069874065","Prunus cerasus",-114.2319,46.0737,1985,5,27,"US","PRESERVED_SPECIMEN","Prunus cerasus"
"2242411522","Prunus cerasus",-104.961468,39.732207,1982,5,1,"US","PRESERVED_SPECIMEN","Prunus cerasus"
"1843219679","Prunus cerasus",-72.566335,42.544152,1979,4,30,"US","PRESERVED_SPECIMEN","Prunus cerasus"
"2269116295","Prunus cerasus",-79.007424,36.397104,1977,4,2,"US","PRESERVED_SPECIMEN","Prunus cerasus"
"768788034","Prunus cerasus",-71.12027,42.40444,1977,6,20,"US","PRESERVED_SPECIMEN","Prunus cerasus"
"177011399","Prunus cerasus",-95.847721,37.788817,1976,4,7,"US","PRESERVED_SPECIMEN","Prunus cerasus"
"4069679236","Prunus cerasus",-122.51333,48.37389,1976,4,30,"US","PRESERVED_SPECIMEN","Prunus cerasus"
"1302755336","Prunus cerasus",-122.51333,48.37389,1976,4,30,"US","OCCURRENCE","Prunus cerasus"
"1302755339","Prunus cerasus",-122.66306,48.41972,1976,4,30,"US","OCCURRENCE","Prunus cerasus"
"4069842944","Prunus cerasus",-122.66306,48.41972,1976,4,30,"US","PRESERVED_SPECIMEN","Prunus cerasus"
"1305234395","Prunus cerasus",-88.092037,43.301582,1975,5,25,"US","PRESERVED_SPECIMEN","Prunus cerasus"
"4092632427","Prunus cerasus",-88.01909,44.50978,1975,5,15,"US","PRESERVED_SPECIMEN","Prunus cerasus"
"4092632442","Prunus cerasus",-88.01909,44.50978,1975,5,15,"US","PRESERVED_SPECIMEN","Prunus cerasus"
"177011403","Prunus cerasus",-96.24334,37.36725,1975,6,25,"US","PRESERVED_SPECIMEN","Prunus cerasus"
"1266945459","Prunus cerasus",-96.32458,38.31966,1975,9,16,"US","PRESERVED_SPECIMEN","Prunus cerasus"
"1305226946","Prunus cerasus",-88.092037,43.301582,1974,5,13,"US","PRESERVED_SPECIMEN","Prunus cerasus"
"4092933976","Prunus cerasus",-85.65,44.883333,1974,7,22,"US","PRESERVED_SPECIMEN","Prunus cerasus"
"3710075582","Prunus cerasus",-84.600268,34.302565,1973,4,10,"US","PRESERVED_SPECIMEN","Prunus cerasus"
"1302755362","Prunus cerasus",-122.182229,47.284322,1973,5,11,"US","OCCURRENCE","Prunus cerasus"
"4067795669","Prunus cerasus",-75.485172,40.591993,1973,5,30,"US","PRESERVED_SPECIMEN","Prunus cerasus"
"4069798170","Prunus cerasus",-122.182229,47.284322,1973,5,11,"US","PRESERVED_SPECIMEN","Prunus cerasus"
"4067795670","Prunus cerasus",-75.6403,40.604014,1972,6,5,"US","PRESERVED_SPECIMEN","Prunus cerasus"
"1843219685","Prunus cerasus",-77.492835,39.473611,1972,6,11,"US","PRESERVED_SPECIMEN","Prunus cerasus"
"768788045","Prunus cerasus",-77.49138,39.47861,1972,6,11,"US","PRESERVED_SPECIMEN","Prunus cerasus"
"4067795668","Prunus cerasus",-75.471675,40.594995,1972,8,8,"US","PRESERVED_SPECIMEN","Prunus cerasus"
"1266945450","Prunus cerasus",-96.17848,38.41685,1972,10,3,"US","PRESERVED_SPECIMEN","Prunus cerasus"
"4067795674","Prunus cerasus",-75.633367,40.609534,1971,5,20,"US","PRESERVED_SPECIMEN","Prunus cerasus"
"4067795673","Prunus cerasus",-75.626801,40.593764,1971,7,12,"US","PRESERVED_SPECIMEN","Prunus cerasus"
"3320809801","Prunus cerasus",-91.23,43.16,1971,8,31,"US","PRESERVED_SPECIMEN","Prunus cerasus"
"3331185667","Prunus cerasus",-76.723194,40.164396,1971,10,12,"US","PRESERVED_SPECIMEN","Prunus cerasus"
"4067795659","Prunus cerasus",-75.632992,40.878373,1969,5,21,"US","PRESERVED_SPECIMEN","Prunus cerasus"
"4067795657","Prunus cerasus",-75.633047,40.857647,1969,5,15,"US","PRESERVED_SPECIMEN","Prunus cerasus"
"4067795664","Prunus cerasus",-75.621921,40.850339,1969,5,26,"US","PRESERVED_SPECIMEN","Prunus cerasus"
"1266945474","Prunus cerasus",-98.21005,39.96117,1969,5,19,"US","PRESERVED_SPECIMEN","Prunus cerasus"
"4067795658","Prunus cerasus",-75.615092,40.899992,1969,6,26,"US","PRESERVED_SPECIMEN","Prunus cerasus"
"177011587","Prunus cerasus",-95.170517,37.704542,1969,9,8,"US","PRESERVED_SPECIMEN","Prunus cerasus"
"1257704786","Prunus cerasus",-91.687222,36.628889,1969,9,13,"US","PRESERVED_SPECIMEN","Prunus cerasus"
"1302755354","Prunus cerasus",-118.34194,46.06472,1968,3,31,"US","OCCURRENCE","Prunus cerasus"
"4069720493","Prunus cerasus",-118.34194,46.06472,1968,3,31,"US","PRESERVED_SPECIMEN","Prunus cerasus"
"1302755366","Prunus cerasus",-120.77111,48.19778,1968,4,21,"US","OCCURRENCE","Prunus cerasus"
"4069728720","Prunus cerasus",-120.77111,48.19778,1968,4,21,"US","PRESERVED_SPECIMEN","Prunus cerasus"
"1978072922","Prunus cerasus",0,0,1968,4,11,"US","PRESERVED_SPECIMEN","Prunus cerasus"
"4067795663","Prunus cerasus",-75.593243,40.866227,1968,7,9,"US","PRESERVED_SPECIMEN","Prunus cerasus"
"4067795662","Prunus cerasus",-75.62402,40.845645,1968,7,2,"US","PRESERVED_SPECIMEN","Prunus cerasus"
"4067795661","Prunus cerasus",-75.542906,40.891172,1968,7,5,"US","PRESERVED_SPECIMEN","Prunus cerasus"
"3331183315","Prunus cerasus",-76.301681,40.041932,1967,4,26,"US","PRESERVED_SPECIMEN","Prunus cerasus"
"2859069197","Prunus cerasus",-73.891736,41.799278,1967,6,16,"US","PRESERVED_SPECIMEN","Prunus cerasus"
"1843219680","Prunus cerasus",-73.914303,41.788704,1967,6,16,"US","PRESERVED_SPECIMEN","Prunus cerasus"
"768788044","Prunus cerasus",-73.91416,41.78861,1967,6,16,"US","PRESERVED_SPECIMEN","Prunus cerasus"
"4070138098","Prunus cerasus",-117.425,47.65889,1967,7,25,"US","PRESERVED_SPECIMEN","Prunus cerasus"
"1843883036","Prunus cerasus",-106.651018,35.084607,1966,6,NA,"US","PRESERVED_SPECIMEN","Prunus cerasus"
"1266945465","Prunus cerasus",-99.21332,37.66514,1965,4,19,"US","PRESERVED_SPECIMEN","Prunus cerasus"
"2982071158","Prunus cerasus",-123.643056,40.956111,1965,5,15,"US","PRESERVED_SPECIMEN","Prunus cerasus"
"4067795666","Prunus cerasus",-75.394963,40.622561,1964,5,22,"US","PRESERVED_SPECIMEN","Prunus cerasus"
"4067795672","Prunus cerasus",-75.394963,40.622561,1964,5,22,"US","PRESERVED_SPECIMEN","Prunus cerasus"
"4067795638","Prunus cerasus",-75.394963,40.622561,1964,5,8,"US","PRESERVED_SPECIMEN","Prunus cerasus"
"2242412933","Prunus cerasus",-87.588074,41.650176,1964,5,2,"US","PRESERVED_SPECIMEN","Prunus cerasus"
"2859313093","Prunus cerasus",-78.64974,39.766189,1963,5,1,"US","PRESERVED_SPECIMEN","Prunus cerasus"
"3865356110","Prunus cerasus",-78.64974,39.766116,1963,5,1,"US","PRESERVED_SPECIMEN","Prunus cerasus"
"2242411224","Prunus cerasus",-87.639968,41.645042,1961,6,20,"US","PRESERVED_SPECIMEN","Prunus cerasus"
"3340043211","Prunus cerasus",-102.007599,33.59072,1960,4,27,"US","PRESERVED_SPECIMEN","Prunus cerasus"
"4067795667","Prunus cerasus",-75.610187,40.801483,1960,6,14,"US","PRESERVED_SPECIMEN","Prunus cerasus"
"2859063859","Prunus cerasus",-75.04584,40.057452,1959,5,19,"US","PRESERVED_SPECIMEN","Prunus cerasus"
"3865083992","Prunus cerasus",-75.582747,40.495556,1958,6,9,"US","PRESERVED_SPECIMEN","Prunus cerasus"
"3865081976","Prunus cerasus",-75.676491,40.649138,1957,6,18,"US","PRESERVED_SPECIMEN","Prunus cerasus"
"2234431680","Prunus cerasus",-79.411542,35.947328,1956,4,17,"US","PRESERVED_SPECIMEN","Prunus cerasus"
"2859351872","Prunus cerasus",-74.966755,40.140793,1956,5,1,"US","PRESERVED_SPECIMEN","Prunus cerasus"
"4067795637","Prunus cerasus",-75.581218,40.601762,1952,6,30,"US","PRESERVED_SPECIMEN","Prunus cerasus"
"3865354053","Prunus cerasus",-75.119291,40.051399,1951,8,30,"US","PRESERVED_SPECIMEN","Prunus cerasus"
"3341255676","Prunus cerasus",-74.23554,40.508341,1949,4,16,"US","PRESERVED_SPECIMEN","Prunus cerasus"
"3865083027","Prunus cerasus",-74.603301,40.091317,1949,10,2,"US","PRESERVED_SPECIMEN","Prunus cerasus"
"4067795636","Prunus cerasus",-75.124896,40.105666,1948,6,22,"US","PRESERVED_SPECIMEN","Prunus cerasus"
"3865361129","Prunus cerasus",-75.296771,40.21364,1948,6,10,"US","PRESERVED_SPECIMEN","Prunus cerasus"
"2234429886","Prunus cerasus",-83.100874,35.413946,1947,5,29,"US","PRESERVED_SPECIMEN","Prunus cerasus"
"2234431889","Prunus cerasus",-82.486111,35.805096,1947,6,3,"US","PRESERVED_SPECIMEN","Prunus cerasus"
"3865358061","Prunus cerasus",-75.598797,40.757885,1947,6,30,"US","PRESERVED_SPECIMEN","Prunus cerasus"
"3865352019","Prunus cerasus",-75.296099,40.730127,1947,7,9,"US","PRESERVED_SPECIMEN","Prunus cerasus"
"2859061220","Prunus cerasus",-81.373462,39.016972,1947,9,4,"US","PRESERVED_SPECIMEN","Prunus cerasus"
"4067795635","Prunus cerasus",-75.403155,40.116327,1944,7,8,"US","PRESERVED_SPECIMEN","Prunus cerasus"
"3865359151","Prunus cerasus",-75.398796,40.114537,1944,7,8,"US","PRESERVED_SPECIMEN","Prunus cerasus"
"3865089102","Prunus cerasus",-75.398796,40.114537,1944,7,8,"US","PRESERVED_SPECIMEN","Prunus cerasus"
"3865357123","Prunus cerasus",-75.316883,40.579541,1942,4,25,"US","PRESERVED_SPECIMEN","Prunus cerasus"
"3865354052","Prunus cerasus",-75.325607,40.810929,1942,6,9,"US","PRESERVED_SPECIMEN","Prunus cerasus"
"3865360086","Prunus cerasus",-75.372739,40.64698,1942,6,8,"US","PRESERVED_SPECIMEN","Prunus cerasus"
"3865359152","Prunus cerasus",-75.325607,40.810929,1942,6,9,"US","PRESERVED_SPECIMEN","Prunus cerasus"
"3865089104","Prunus cerasus",-74.956069,39.605538,1941,5,30,"US","PRESERVED_SPECIMEN","Prunus cerasus"
"3865355085","Prunus cerasus",-75.31153,40.601303,1940,6,16,"US","PRESERVED_SPECIMEN","Prunus cerasus"
"3865356109","Prunus cerasus",-75.369588,40.59807,1940,6,20,"US","PRESERVED_SPECIMEN","Prunus cerasus"
"3865085998","Prunus cerasus",-75.309429,40.013454,1939,5,2,"US","PRESERVED_SPECIMEN","Prunus cerasus"
"4079081471","Prunus cerasus",-87.773494,41.843527,1939,5,10,"US","PRESERVED_SPECIMEN","Prunus cerasus"
"2859066214","Prunus cerasus",-82.409038,38.39964,1938,4,14,"US","PRESERVED_SPECIMEN","Prunus cerasus"
"768788018","Prunus cerasus",-72.07833,41.35,1938,7,26,"US","PRESERVED_SPECIMEN","Prunus cerasus"
"3341255677","Prunus cerasus",-74.119228,40.587268,1937,6,25,"US","PRESERVED_SPECIMEN","Prunus cerasus"
"768786036","Prunus cerasus",-72.07833,41.35,1937,6,3,"US","PRESERVED_SPECIMEN","Prunus cerasus"
"768788030","Prunus cerasus",-72.07833,41.35,1937,7,6,"US","PRESERVED_SPECIMEN","Prunus cerasus"
"4064835496","Prunus cerasus",-75.178232,40.079,1935,5,5,"US","PRESERVED_SPECIMEN","Prunus cerasus"
"3865085041","Prunus cerasus",-75.337017,39.440946,1934,4,29,"US","PRESERVED_SPECIMEN","Prunus cerasus"
"2859062202","Prunus cerasus",-84.247212,43.615582,1934,5,11,"US","PRESERVED_SPECIMEN","Prunus cerasus"
"3865083025","Prunus cerasus",-75.911916,40.320857,1934,5,4,"US","PRESERVED_SPECIMEN","Prunus cerasus"
"3865088065","Prunus cerasus",-75.334881,39.43401,1933,4,30,"US","PRESERVED_SPECIMEN","Prunus cerasus"
"3865083994","Prunus cerasus",-75.373806,39.362891,1933,6,25,"US","PRESERVED_SPECIMEN","Prunus cerasus"
"3865090092","Prunus cerasus",-75.121408,40.063954,1930,5,3,"US","PRESERVED_SPECIMEN","Prunus cerasus"
"1258136147","Prunus cerasus",-90.741389,38.481945,1928,4,28,"US","PRESERVED_SPECIMEN","Prunus cerasus"
"1260924413","Prunus cerasus",-90.74138,38.48194,1928,4,28,"US","PRESERVED_SPECIMEN","Prunus cerasus"
"3865088062","Prunus cerasus",-74.814608,40.139277,1928,5,5,"US","PRESERVED_SPECIMEN","Prunus cerasus"
"3053483058","Prunus cerasus",-119.6924,34.4184,1928,8,9,"US","PRESERVED_SPECIMEN","Prunus cerasus"
"3865088063","Prunus cerasus",-75.899535,40.323919,1926,5,5,"US","PRESERVED_SPECIMEN","Prunus cerasus"
"1928924155","Prunus cerasus",-76.864254,40.799624,1925,4,22,"US","PRESERVED_SPECIMEN","Prunus cerasus"
"1848990950","Prunus cerasus",-76.47861,42.43944,1923,5,27,"US","PRESERVED_SPECIMEN","Prunus cerasus"
"1848990781","Prunus cerasus",-76.47861,42.43944,1923,5,27,"US","PRESERVED_SPECIMEN","Prunus cerasus"
"4067795665","Prunus cerasus",-75.563393,40.500867,1923,7,8,"US","PRESERVED_SPECIMEN","Prunus cerasus"
"2859053067","Prunus cerasus",-79.843017,40.696702,1922,4,14,"US","PRESERVED_SPECIMEN","Prunus cerasus"
"2859059063","Prunus cerasus",-75.083686,40.016974,1922,4,22,"US","PRESERVED_SPECIMEN","Prunus cerasus"
"4067795671","Prunus cerasus",-75.485851,40.450243,1922,7,9,"US","PRESERVED_SPECIMEN","Prunus cerasus"
"1302755382","Prunus cerasus",-117.36333,46.641418,1921,4,23,"US","OCCURRENCE","Prunus cerasus"
"4069850436","Prunus cerasus",-117.36333,46.641418,1921,4,23,"US","PRESERVED_SPECIMEN","Prunus cerasus"
"3865087047","Prunus cerasus",-75.164941,40.125243,1920,5,10,"US","PRESERVED_SPECIMEN","Prunus cerasus"
"3865361132","Prunus cerasus",-75.018377,39.844267,1919,4,25,"US","PRESERVED_SPECIMEN","Prunus cerasus"
"3865087048","Prunus cerasus",-75.161285,40.561768,1919,5,3,"US","PRESERVED_SPECIMEN","Prunus cerasus"
"3865088064","Prunus cerasus",-75.280539,39.925286,1918,5,3,"US","PRESERVED_SPECIMEN","Prunus cerasus"
"3865359153","Prunus cerasus",-75.082843,39.884955,1918,6,19,"US","PRESERVED_SPECIMEN","Prunus cerasus"
"3865090095","Prunus cerasus",-75.270884,39.613869,1917,4,24,"US","PRESERVED_SPECIMEN","Prunus cerasus"
"2859060219","Prunus cerasus",-76.516477,42.540641,1915,5,8,"US","PRESERVED_SPECIMEN","Prunus cerasus"
"3865357124","Prunus cerasus",-74.900722,40.068167,1915,5,18,"US","PRESERVED_SPECIMEN","Prunus cerasus"
"1038922008","Prunus cerasus",-73.4257,41.986,1915,6,7,"US","PRESERVED_SPECIMEN","Prunus cerasus"
"3865081978","Prunus cerasus",-75.094617,40.568713,1914,5,9,"US","PRESERVED_SPECIMEN","Prunus cerasus"
"768788024","Prunus cerasus",-73.20472,41.16694,1914,5,17,"US","PRESERVED_SPECIMEN","Prunus cerasus"
"1038987335","Prunus cerasus",-72.3439,41.3964,1914,6,10,"US","PRESERVED_SPECIMEN","Prunus cerasus"
"768788027","Prunus cerasus",-72.25361,41.80916,1913,3,10,"US","PRESERVED_SPECIMEN","Prunus cerasus"
"1260928430","Prunus cerasus",-94.34361,38.85166,1912,5,10,"US","PRESERVED_SPECIMEN","Prunus cerasus"
"1038983290","Prunus cerasus",-72.7987,41.2859,1912,5,14,"US","PRESERVED_SPECIMEN","Prunus cerasus"
"1039020636","Prunus cerasus",-73.3914,41.305,1912,7,18,"US","PRESERVED_SPECIMEN","Prunus cerasus"
"1039003647","Prunus cerasus",-72.88,41.605,1911,6,30,"US","PRESERVED_SPECIMEN","Prunus cerasus"
"1039009857","Prunus cerasus",-73.036,41.5583,1910,4,19,"US","PRESERVED_SPECIMEN","Prunus cerasus"
"768788035","Prunus cerasus",-71.54944,41.92194,1910,5,21,"US","PRESERVED_SPECIMEN","Prunus cerasus"
"3865085999","Prunus cerasus",-74.95323,38.987613,1909,4,25,"US","PRESERVED_SPECIMEN","Prunus cerasus"
"1302755393","Prunus cerasus",-117.07472,46.91028,1908,4,15,"US","OCCURRENCE","Prunus cerasus"
"4069847006","Prunus cerasus",-117.07472,46.91028,1908,4,15,"US","PRESERVED_SPECIMEN","Prunus cerasus"
"768788019","Prunus cerasus",-73.42111,41.98333,1907,5,4,"US","PRESERVED_SPECIMEN","Prunus cerasus"
"768788025","Prunus cerasus",-73.13305,41.18444,1904,6,5,"US","PRESERVED_SPECIMEN","Prunus cerasus"
"1038948879","Prunus cerasus",-72.9406,41.6811,1903,5,12,"US","PRESERVED_SPECIMEN","Prunus cerasus"
"1038924082","Prunus cerasus",-72.88,41.6049,1903,6,22,"US","PRESERVED_SPECIMEN","Prunus cerasus"
"1038952870","Prunus cerasus",-72.88,41.605,1903,6,22,"US","PRESERVED_SPECIMEN","Prunus cerasus"
"3865360087","Prunus cerasus",-75.274406,41.190161,1903,7,10,"US","PRESERVED_SPECIMEN","Prunus cerasus"
"3341255681","Prunus cerasus",-74.146646,40.612406,1903,10,11,"US","PRESERVED_SPECIMEN","Prunus cerasus"
"768786037","Prunus cerasus",-72.14694,41.34972,1902,5,5,"US","PRESERVED_SPECIMEN","Prunus cerasus"
"768786038","Prunus cerasus",-72.14694,41.34972,1902,5,8,"US","PRESERVED_SPECIMEN","Prunus cerasus"
"1038932383","Prunus cerasus",-72.88,41.605,1902,5,11,"US","PRESERVED_SPECIMEN","Prunus cerasus"
"1038967492","Prunus cerasus",-72.88,41.605,1902,5,11,"US","PRESERVED_SPECIMEN","Prunus cerasus"
"1038968577","Prunus cerasus",-72.1475,41.3708,1902,5,8,"US","PRESERVED_SPECIMEN","Prunus cerasus"
"1038967028","Prunus cerasus",-71.8736,41.9798,1902,6,23,"US","PRESERVED_SPECIMEN","Prunus cerasus"
"768788028","Prunus cerasus",-72.14694,41.34972,1902,7,5,"US","PRESERVED_SPECIMEN","Prunus cerasus"
"768788029","Prunus cerasus",-72.14694,41.34972,1902,7,8,"US","PRESERVED_SPECIMEN","Prunus cerasus"
"1099077824","Prunus cerasus",-82.73333,41.533333,1902,8,18,"US","PRESERVED_SPECIMEN","Prunus cerasus"
"768788026","Prunus cerasus",-72.14694,41.34972,1901,5,12,"US","PRESERVED_SPECIMEN","Prunus cerasus"
"1038947396","Prunus cerasus",-72.88,41.605,1901,5,7,"US","PRESERVED_SPECIMEN","Prunus cerasus"
"1038967261","Prunus cerasus",-72.1044,41.3539,1901,5,13,"US","PRESERVED_SPECIMEN","Prunus cerasus"
"1038972338","Prunus cerasus",-72.1044,41.3539,1901,5,13,"US","PRESERVED_SPECIMEN","Prunus cerasus"
"768786039","Prunus cerasus",-72.14694,41.34972,1901,6,25,"US","PRESERVED_SPECIMEN","Prunus cerasus"
"1039012631","Prunus cerasus",-72.88,41.605,1901,6,9,"US","PRESERVED_SPECIMEN","Prunus cerasus"
"1038921626","Prunus cerasus",-72.1044,41.3539,1901,7,5,"US","PRESERVED_SPECIMEN","Prunus cerasus"
"3341255644","Prunus cerasus",-74.249312,40.511217,1898,6,26,"US","PRESERVED_SPECIMEN","Prunus cerasus"
"3413417794","Prunus cerasus",-88.154155,41.746428,1895,5,2,"US","PRESERVED_SPECIMEN","Prunus cerasus"
"3454991001","Prunus cerasus",-75.30611,40.01167,1892,4,23,"US","PRESERVED_SPECIMEN","Prunus cerasus"
"3454991003","Prunus cerasus",-75.16417,39.95222,1892,5,12,"US","PRESERVED_SPECIMEN","Prunus cerasus"
"1989199460","Prunus cerasus",-82.43196,42.99287,1892,5,18,"US","PRESERVED_SPECIMEN","Prunus cerasus"
"2573106480","Prunus cerasus",-72.19101,43.71556,1891,9,NA,"US","PRESERVED_SPECIMEN","Prunus cerasus"
"4069774852","Prunus cerasus",-114.70472,42.59389,1890,7,19,"US","PRESERVED_SPECIMEN","Prunus cerasus"
"1302755341","Prunus cerasus",-114.70472,42.59389,1890,7,19,"US","OCCURRENCE","Prunus cerasus"
"768788017","Prunus cerasus",-72.76916,41.63527,1887,5,7,"US","PRESERVED_SPECIMEN","Prunus cerasus"
"2859052072","Prunus cerasus",-79.932767,40.477589,1887,8,18,"US","PRESERVED_SPECIMEN","Prunus cerasus"
"3341255678","Prunus cerasus",-74.249312,40.511217,1885,5,17,"US","PRESERVED_SPECIMEN","Prunus cerasus"
"3341255679","Prunus cerasus",-74.249312,40.511217,1885,5,17,"US","PRESERVED_SPECIMEN","Prunus cerasus"
"1322913299","Prunus cerasus",-77.0367,38.895,1876,4,26,"US","PRESERVED_SPECIMEN","Prunus cerasus"
"2573056877","Prunus cerasus",-73.12177,44.0044,1872,NA,NA,"US","PRESERVED_SPECIMEN","Prunus cerasus"
"1989457195","Prunus cerasus",-83.72633,42.27087,1862,5,7,"US","PRESERVED_SPECIMEN","Prunus cerasus"
"2859349931","Prunus cerasus",-75.36223,40.64038,1838,NA,NA,"US","PRESERVED_SPECIMEN","Prunus cerasus"
"2859322747","Prunus cerasus",-72.928158,41.308153,1827,NA,NA,"US","PRESERVED_SPECIMEN","Prunus cerasus"
"1302755355","Prunus cerasus",-122.51333,48.37389,NA,NA,NA,"US","OCCURRENCE","Prunus cerasus"
"1304843947","Prunus cerasus",-77.036667,38.895,NA,NA,NA,"US","OCCURRENCE","Prunus cerasus"
"3865353015","Prunus cerasus",-75.635761,39.739001,NA,NA,NA,"US","PRESERVED_SPECIMEN","Prunus cerasus"
"2573120054","Prunus cerasus",-73.3448,44.07147,NA,NA,NA,"US","PRESERVED_SPECIMEN","Prunus cerasus"
"4069738786","Prunus cerasus",-122.51333,48.37389,NA,NA,NA,"US","PRESERVED_SPECIMEN","Prunus cerasus"
"1990206000","Prunus cerasus",-81.50132,36.444689,NA,NA,NA,"US","PRESERVED_SPECIMEN","Prunus cerasus"
"1990205905","Prunus cerasus",-81.937284,36.10656,NA,NA,NA,"US","PRESERVED_SPECIMEN","Prunus cerasus"
"1990205911","Prunus cerasus",-82.50596,35.333084,NA,NA,NA,"US","PRESERVED_SPECIMEN","Prunus cerasus"
"1990205973","Prunus cerasus",-78.668393,35.806411,NA,NA,NA,"US","PRESERVED_SPECIMEN","Prunus cerasus"
"1257726226","Prunus cerasus",-91.1414,38.8114,NA,NA,NA,"US","PRESERVED_SPECIMEN","Prunus cerasus"
"1038933853","Prunus cerasus",-73.3974,41.325,NA,NA,NA,"US","PRESERVED_SPECIMEN","Prunus cerasus"
