"gbifID","species","longitude","latitude","year","month","day","countryCode","basisOfRecord","accepted_name"
"2618306368","Cymopterus lemmonii",-108.7216,29.80985,2018,8,6,"MX","PRESERVED_SPECIMEN","Pseudocymopterus montanus"
"2884951513","Cymopterus lemmonii",-108.7216,29.80985,2018,8,6,"MX","PRESERVED_SPECIMEN","Pseudocymopterus montanus"
"3306063407","Cymopterus lemmonii",-107.571667,27.143333,2001,9,8,"MX","PRESERVED_SPECIMEN","Pseudocymopterus montanus"
"4912308819","Cymopterus lemmonii",-110.81495,38.06803,2024,6,24,"US","PRESERVED_SPECIMEN","Pseudocymopterus montanus"
"4912311716","Cymopterus lemmonii",-111.66345,38.54986,2024,6,26,"US","PRESERVED_SPECIMEN","Pseudocymopterus montanus"
"4912144774","Cymopterus lemmonii",-111.45906,38.42622,2024,6,25,"US","PRESERVED_SPECIMEN","Pseudocymopterus montanus"
"4873175490","Cymopterus lemmonii",-104.85012,31.89246,2023,5,18,"US","PRESERVED_SPECIMEN","Pseudocymopterus montanus"
"4949012302","Cymopterus lemmonii",-104.85012,31.89246,2023,5,18,"US","PRESERVED_SPECIMEN","Pseudocymopterus montanus"
"4873179774","Cymopterus lemmonii",-105.029375,37.899631,2023,6,28,"US","PRESERVED_SPECIMEN","Pseudocymopterus montanus"
"4912127306","Cymopterus lemmonii",-111.4852,39.15029,2023,6,15,"US","PRESERVED_SPECIMEN","Pseudocymopterus montanus"
"4517017347","Cymopterus lemmonii",-105.8169,39.6626,2023,7,21,"US","PRESERVED_SPECIMEN","Pseudocymopterus montanus"
"4532733435","Cymopterus lemmonii",-111.06725,34.38123,2023,7,2,"US","PRESERVED_SPECIMEN","Pseudocymopterus montanus"
"4527843650","Cymopterus lemmonii",-105.36489,39.8007,2023,7,3,"US","PRESERVED_SPECIMEN","Pseudocymopterus montanus"
"4527843740","Cymopterus lemmonii",-106.36345,39.34709,2023,7,18,"US","PRESERVED_SPECIMEN","Pseudocymopterus montanus"
"4527843779","Cymopterus lemmonii",-106.22033,39.26055,2023,7,20,"US","PRESERVED_SPECIMEN","Pseudocymopterus montanus"
"4873174939","Cymopterus lemmonii",-105.198693,36.579549,2023,7,4,"US","PRESERVED_SPECIMEN","Pseudocymopterus montanus"
"4873176882","Cymopterus lemmonii",-106.556235,37.45963,2023,7,12,"US","PRESERVED_SPECIMEN","Pseudocymopterus montanus"
"4873178832","Cymopterus lemmonii",-105.413887,36.233458,2023,7,18,"US","PRESERVED_SPECIMEN","Pseudocymopterus montanus"
"4873179775","Cymopterus lemmonii",-105.773771,35.79377,2023,7,26,"US","PRESERVED_SPECIMEN","Pseudocymopterus montanus"
"4873174940","Cymopterus lemmonii",-105.199113,36.580606,2023,7,4,"US","PRESERVED_SPECIMEN","Pseudocymopterus montanus"
"4948340376","Cymopterus lemmonii",-105.36489,39.80069,2023,7,3,"US","PRESERVED_SPECIMEN","Pseudocymopterus montanus"
"4948340379","Cymopterus lemmonii",-106.22039,39.26067,2023,7,20,"US","PRESERVED_SPECIMEN","Pseudocymopterus montanus"
"4068962226","Cymopterus lemmonii",-109.71996,37.82463,2022,5,24,"US","PRESERVED_SPECIMEN","Pseudocymopterus montanus"
"4068906052","Cymopterus lemmonii",-111.23146,34.57208,2022,5,25,"US","PRESERVED_SPECIMEN","Pseudocymopterus montanus"
"4068962532","Cymopterus lemmonii",-111.19548,34.55536,2022,5,25,"US","PRESERVED_SPECIMEN","Pseudocymopterus montanus"
"4068967867","Cymopterus lemmonii",-111.4551,38.45846,2022,5,23,"US","PRESERVED_SPECIMEN","Pseudocymopterus montanus"
"4912105545","Cymopterus lemmonii",-109.49274,37.80486,2022,6,29,"US","PRESERVED_SPECIMEN","Pseudocymopterus montanus"
"3888677331","Cymopterus lemmonii",-105.43986,36.78588,2022,7,13,"US","PRESERVED_SPECIMEN","Pseudocymopterus montanus"
"3888683339","Cymopterus lemmonii",-105.44609,36.56152,2022,7,19,"US","PRESERVED_SPECIMEN","Pseudocymopterus montanus"
"4071121487","Cymopterus lemmonii",-108.03317,37.46512,2022,7,7,"US","PRESERVED_SPECIMEN","Pseudocymopterus montanus"
"4161537758","Cymopterus lemmonii",-109.432409,34.03044,2022,9,14,"US","PRESERVED_SPECIMEN","Pseudocymopterus montanus"
"4161537750","Cymopterus lemmonii",-109.470704,34.061284,2022,9,14,"US","PRESERVED_SPECIMEN","Pseudocymopterus montanus"
"4912281302","Cymopterus lemmonii",-108.0442,44.2772,2021,5,25,"US","PRESERVED_SPECIMEN","Pseudocymopterus montanus"
"4068970562","Cymopterus lemmonii",-108.0442,44.2772,2021,5,25,"US","PRESERVED_SPECIMEN","Pseudocymopterus montanus"
"4068916126","Cymopterus lemmonii",-109.25853,44.97957,2021,5,25,"US","PRESERVED_SPECIMEN","Pseudocymopterus montanus"
"4068956963","Cymopterus lemmonii",-109.19553,44.60695,2021,5,26,"US","PRESERVED_SPECIMEN","Pseudocymopterus montanus"
"4068947427","Cymopterus lemmonii",-108.6823,44.03954,2021,5,26,"US","PRESERVED_SPECIMEN","Pseudocymopterus montanus"
"3776194169","Cymopterus lemmonii",-107.063486,39.03913,2021,6,23,"US","PRESERVED_SPECIMEN","Pseudocymopterus montanus"
"3818593326","Cymopterus lemmonii",-105.545955,40.275903,2021,6,7,"US","PRESERVED_SPECIMEN","Pseudocymopterus montanus"
"4069042463","Cymopterus lemmonii",-111.62188,35.3579,2021,6,19,"US","PRESERVED_SPECIMEN","Pseudocymopterus montanus"
"3776193742","Cymopterus lemmonii",-106.942625,38.971297,2021,7,24,"US","PRESERVED_SPECIMEN","Pseudocymopterus montanus"
"3962310369","Cymopterus lemmonii",-109.2262,38.4486,2021,7,22,"US","PRESERVED_SPECIMEN","Pseudocymopterus montanus"
"3776192829","Cymopterus lemmonii",-106.661694,38.870485,2021,8,2,"US","PRESERVED_SPECIMEN","Pseudocymopterus montanus"
"4929793146","Cymopterus lemmonii",-112.248688,36.616969,2021,8,24,"US","PRESERVED_SPECIMEN","Pseudocymopterus montanus"
"4068923984","Cymopterus lemmonii",-112.871667,37.596667,2020,6,12,"US","PRESERVED_SPECIMEN","Pseudocymopterus montanus"
"4068965665","Cymopterus lemmonii",-112.871667,37.596667,2020,6,12,"US","PRESERVED_SPECIMEN","Pseudocymopterus montanus"
"4068920032","Cymopterus lemmonii",-112.823611,37.649444,2020,6,12,"US","PRESERVED_SPECIMEN","Pseudocymopterus montanus"
"4069032309","Cymopterus lemmonii",-112.823611,37.649444,2020,6,12,"US","PRESERVED_SPECIMEN","Pseudocymopterus montanus"
"4068983352","Cymopterus lemmonii",-112.702778,37.517778,2020,6,12,"US","PRESERVED_SPECIMEN","Pseudocymopterus montanus"
"4069019100","Cymopterus lemmonii",-112.871667,37.596667,2020,6,12,"US","PRESERVED_SPECIMEN","Pseudocymopterus montanus"
"4068962245","Cymopterus lemmonii",-112.702778,37.517778,2020,6,12,"US","PRESERVED_SPECIMEN","Pseudocymopterus montanus"
"4069016560","Cymopterus lemmonii",-112.871667,37.596667,2020,6,12,"US","PRESERVED_SPECIMEN","Pseudocymopterus montanus"
"4069000918","Cymopterus lemmonii",-107.53275,37.97337,2020,7,19,"US","PRESERVED_SPECIMEN","Pseudocymopterus montanus"
"4912146905","Cymopterus lemmonii",-111.66399,38.74741,2020,7,10,"US","PRESERVED_SPECIMEN","Pseudocymopterus montanus"
"4912020092","Cymopterus lemmonii",-111.32043,39.42754,2020,7,14,"US","PRESERVED_SPECIMEN","Pseudocymopterus montanus"
"4048288352","Cymopterus lemmonii",-106.2,39.23111,2020,7,13,"US","PRESERVED_SPECIMEN","Pseudocymopterus montanus"
"4068995204","Cymopterus lemmonii",-111.486944,39.155556,2020,7,19,"US","PRESERVED_SPECIMEN","Pseudocymopterus montanus"
"4068964802","Cymopterus lemmonii",-111.485278,39.165278,2020,7,19,"US","PRESERVED_SPECIMEN","Pseudocymopterus montanus"
"4069030667","Cymopterus lemmonii",-111.486944,39.155556,2020,7,19,"US","PRESERVED_SPECIMEN","Pseudocymopterus montanus"
"4069044786","Cymopterus lemmonii",-106.40826,38.82733,2020,7,15,"US","PRESERVED_SPECIMEN","Pseudocymopterus montanus"
"4069013267","Cymopterus lemmonii",-111.485278,39.165278,2020,7,19,"US","PRESERVED_SPECIMEN","Pseudocymopterus montanus"
"4068941775","Cymopterus lemmonii",-106.40826,38.82733,2020,7,15,"US","PRESERVED_SPECIMEN","Pseudocymopterus montanus"
"3776201800","Cymopterus lemmonii",-106.975198,38.944707,2019,6,20,"US","PRESERVED_SPECIMEN","Pseudocymopterus montanus"
"3776197077","Cymopterus lemmonii",-106.81474,38.71828,2019,6,8,"US","PRESERVED_SPECIMEN","Pseudocymopterus montanus"
"3404203319","Cymopterus lemmonii",-105.5468,40.2759,2019,6,11,"US","PRESERVED_SPECIMEN","Pseudocymopterus montanus"
"3776200722","Cymopterus lemmonii",-106.9754,38.9453,2019,7,11,"US","PRESERVED_SPECIMEN","Pseudocymopterus montanus"
"3776199397","Cymopterus lemmonii",-106.97725,38.97671,2019,7,15,"US","PRESERVED_SPECIMEN","Pseudocymopterus montanus"
"3776201660","Cymopterus lemmonii",-106.97725,38.97671,2019,7,15,"US","PRESERVED_SPECIMEN","Pseudocymopterus montanus"
"3776198466","Cymopterus lemmonii",-106.971194,38.982305,2019,7,18,"US","PRESERVED_SPECIMEN","Pseudocymopterus montanus"
"3776199153","Cymopterus lemmonii",-106.975164,38.944683,2019,7,23,"US","PRESERVED_SPECIMEN","Pseudocymopterus montanus"
"3776192356","Cymopterus lemmonii",-106.971445,38.985389,2019,7,31,"US","PRESERVED_SPECIMEN","Pseudocymopterus montanus"
"3776198636","Cymopterus lemmonii",-106.970863,38.984458,2019,7,31,"US","PRESERVED_SPECIMEN","Pseudocymopterus montanus"
"4912228699","Cymopterus lemmonii",-109.48413,37.85903,2019,7,25,"US","PRESERVED_SPECIMEN","Pseudocymopterus montanus"
"2861412334","Cymopterus lemmonii",-112.09415,36.250642,2019,7,2,"US","PRESERVED_SPECIMEN","Pseudocymopterus montanus"
"3051655554","Cymopterus lemmonii",-112.151581,36.337711,2019,7,3,"US","PRESERVED_SPECIMEN","Pseudocymopterus montanus"
"3067039351","Cymopterus lemmonii",-104.45805,36.99405,2019,7,25,"US","PRESERVED_SPECIMEN","Pseudocymopterus montanus"
"3067045355","Cymopterus lemmonii",-104.43428,37.00491,2019,7,25,"US","PRESERVED_SPECIMEN","Pseudocymopterus montanus"
"4069001561","Cymopterus lemmonii",-112.4318,38.301,2019,7,24,"US","PRESERVED_SPECIMEN","Pseudocymopterus montanus"
"4068999039","Cymopterus lemmonii",-112.387,38.368,2019,7,24,"US","PRESERVED_SPECIMEN","Pseudocymopterus montanus"
"4068963599","Cymopterus lemmonii",-112.387,38.368,2019,7,24,"US","PRESERVED_SPECIMEN","Pseudocymopterus montanus"
"4069032071","Cymopterus lemmonii",-106.798,37.484,2019,8,4,"US","PRESERVED_SPECIMEN","Pseudocymopterus montanus"
"3776197332","Cymopterus lemmonii",-106.968573,38.984459,2019,8,12,"US","PRESERVED_SPECIMEN","Pseudocymopterus montanus"
"4912296046","Cymopterus lemmonii",-109.52375,37.85412,2018,6,21,"US","PRESERVED_SPECIMEN","Pseudocymopterus montanus"
"3776193064","Cymopterus lemmonii",-106.942836,39.012116,2018,7,14,"US","PRESERVED_SPECIMEN","Pseudocymopterus montanus"
"2235688397","Cymopterus lemmonii",-105.4668,39.87104,2017,7,14,"US","MATERIAL_SAMPLE","Pseudocymopterus montanus"
"2268900824","Cymopterus lemmonii",-105.57,40.3617,2017,8,3,"US","PRESERVED_SPECIMEN","Pseudocymopterus montanus"
"3091245354","Cymopterus lemmonii",-111.731554,35.162187,2016,6,17,"US","PRESERVED_SPECIMEN","Pseudocymopterus montanus"
"3798128960","Cymopterus lemmonii",-107.41,38.31,2016,6,15,"US","PRESERVED_SPECIMEN","Pseudocymopterus montanus"
"4912170565","Cymopterus lemmonii",-111.46001,39.27001,2016,7,27,"US","PRESERVED_SPECIMEN","Pseudocymopterus montanus"
"2242354595","Cymopterus lemmonii",-105.96886,38.71978,2016,7,20,"US","PRESERVED_SPECIMEN","Pseudocymopterus montanus"
"3776201558","Cymopterus lemmonii",-106.9791,38.9804,2016,7,3,"US","PRESERVED_SPECIMEN","Pseudocymopterus montanus"
"2803931312","Cymopterus lemmonii",-106.64237,35.94768,2016,7,20,"US","PRESERVED_SPECIMEN","Pseudocymopterus montanus"
"3776196338","Cymopterus lemmonii",-106.97,38.966,2016,NA,NA,"US","PRESERVED_SPECIMEN","Pseudocymopterus montanus"
"3091218411","Cymopterus lemmonii",-112.15007,36.53143,2015,6,13,"US","PRESERVED_SPECIMEN","Pseudocymopterus montanus"
"2573436661","Cymopterus lemmonii",-104.9881,38.8777,2015,6,30,"US","PRESERVED_SPECIMEN","Pseudocymopterus montanus"
"4073695911","Cymopterus lemmonii",-106.977623,38.983623,2015,6,26,"US","PRESERVED_SPECIMEN","Pseudocymopterus montanus"
"3776199581","Cymopterus lemmonii",-106.977623,38.983623,2015,6,26,"US","PRESERVED_SPECIMEN","Pseudocymopterus montanus"
"4912153855","Cymopterus lemmonii",-112.32481,38.38488,2015,7,24,"US","PRESERVED_SPECIMEN","Pseudocymopterus montanus"
"4912154273","Cymopterus lemmonii",-111.44965,39.28596,2015,7,22,"US","PRESERVED_SPECIMEN","Pseudocymopterus montanus"
"4912003841","Cymopterus lemmonii",-111.44531,39.30309,2015,7,21,"US","PRESERVED_SPECIMEN","Pseudocymopterus montanus"
"4912190436","Cymopterus lemmonii",-112.37998,38.37813,2015,7,23,"US","PRESERVED_SPECIMEN","Pseudocymopterus montanus"
"3776199711","Cymopterus lemmonii",-106.979098,38.974546,2015,7,26,"US","PRESERVED_SPECIMEN","Pseudocymopterus montanus"
"3798139005","Cymopterus lemmonii",-106.15,39.2,2015,8,9,"US","PRESERVED_SPECIMEN","Pseudocymopterus montanus"
"4073721217","Cymopterus lemmonii",-106.883111,38.841225,2014,6,30,"US","PRESERVED_SPECIMEN","Pseudocymopterus montanus"
"3776198087","Cymopterus lemmonii",-106.883111,38.841225,2014,6,30,"US","PRESERVED_SPECIMEN","Pseudocymopterus montanus"
"2885021336","Cymopterus lemmonii",-109.766333,37.770083,2014,7,12,"US","PRESERVED_SPECIMEN","Pseudocymopterus montanus"
"3798080975","Cymopterus lemmonii",-106.23,38.54,2014,7,2,"US","PRESERVED_SPECIMEN","Pseudocymopterus montanus"
"2573461990","Cymopterus lemmonii",-106.67432,37.36375,2014,7,4,"US","PRESERVED_SPECIMEN","Pseudocymopterus montanus"
"3776198530","Cymopterus lemmonii",-106.955423,38.938449,2014,7,7,"US","PRESERVED_SPECIMEN","Pseudocymopterus montanus"
"3776199903","Cymopterus lemmonii",-107.06977,39.03247,2014,7,14,"US","PRESERVED_SPECIMEN","Pseudocymopterus montanus"
"3776192474","Cymopterus lemmonii",-107.042306,38.978722,2014,8,10,"US","PRESERVED_SPECIMEN","Pseudocymopterus montanus"
"4920410377","Cymopterus lemmonii",-109.486903,37.815325,2014,10,10,"US","PRESERVED_SPECIMEN","Pseudocymopterus montanus"
"2573342248","Cymopterus lemmonii",-105.156917,37.162967,2013,6,27,"US","PRESERVED_SPECIMEN","Pseudocymopterus montanus"
"3091234214","Cymopterus lemmonii",-111.231296,34.57371,2013,6,18,"US","PRESERVED_SPECIMEN","Pseudocymopterus montanus"
"4068950370","Cymopterus lemmonii",-111.5423,38.05205,2013,6,25,"US","PRESERVED_SPECIMEN","Pseudocymopterus montanus"
"3776194694","Cymopterus lemmonii",-105.156917,37.162967,2013,6,27,"US","PRESERVED_SPECIMEN","Pseudocymopterus montanus"
"2573463230","Cymopterus lemmonii",-106.4104,37.08898,2013,6,2,"US","PRESERVED_SPECIMEN","Pseudocymopterus montanus"
"2573460650","Cymopterus lemmonii",-106.89994,37.2289,2013,6,5,"US","PRESERVED_SPECIMEN","Pseudocymopterus montanus"
"2573461291","Cymopterus lemmonii",-106.67314,37.35743,2013,6,29,"US","PRESERVED_SPECIMEN","Pseudocymopterus montanus"
"4073732221","Cymopterus lemmonii",-106.989178,38.959869,2013,7,8,"US","PRESERVED_SPECIMEN","Pseudocymopterus montanus"
"3798112992","Cymopterus lemmonii",-105.54,40.73,2013,7,24,"US","PRESERVED_SPECIMEN","Pseudocymopterus montanus"
"4145946689","Cymopterus lemmonii",-106.9903,38.9562,2013,7,3,"US","PRESERVED_SPECIMEN","Pseudocymopterus montanus"
"4145946511","Cymopterus lemmonii",-106.9338,38.967,2013,7,13,"US","PRESERVED_SPECIMEN","Pseudocymopterus montanus"
"2573462897","Cymopterus lemmonii",-106.76948,37.10709,2013,7,10,"US","PRESERVED_SPECIMEN","Pseudocymopterus montanus"
"4073726767","Cymopterus lemmonii",-106.9903,38.9562,2013,7,3,"US","PRESERVED_SPECIMEN","Pseudocymopterus montanus"
"4073731009","Cymopterus lemmonii",-106.75429,38.95245,2013,7,7,"US","PRESERVED_SPECIMEN","Pseudocymopterus montanus"
"3776191712","Cymopterus lemmonii",-106.989178,38.959869,2013,7,8,"US","PRESERVED_SPECIMEN","Pseudocymopterus montanus"
"3776194855","Cymopterus lemmonii",-106.75429,38.95245,2013,7,7,"US","PRESERVED_SPECIMEN","Pseudocymopterus montanus"
"4069042587","Cymopterus lemmonii",-107.2236,39.99152,2013,7,29,"US","PRESERVED_SPECIMEN","Pseudocymopterus montanus"
"4069001405","Cymopterus lemmonii",-107.2236,39.99152,2013,7,29,"US","PRESERVED_SPECIMEN","Pseudocymopterus montanus"
"4073685938","Cymopterus lemmonii",-106.9338,38.967,2013,7,13,"US","PRESERVED_SPECIMEN","Pseudocymopterus montanus"
"4145946588","Cymopterus lemmonii",-107.08412,39.02986,2012,7,29,"US","PRESERVED_SPECIMEN","Pseudocymopterus montanus"
"4166230445","Cymopterus lemmonii",-107.7065,37.9444,2012,7,11,"US","PRESERVED_SPECIMEN","Pseudocymopterus montanus"
"3776193239","Cymopterus lemmonii",-106.97955,38.97291,2012,7,27,"US","PRESERVED_SPECIMEN","Pseudocymopterus montanus"
"4073718381","Cymopterus lemmonii",-107.08412,39.02986,2012,7,29,"US","PRESERVED_SPECIMEN","Pseudocymopterus montanus"
"4073732580","Cymopterus lemmonii",-106.97955,38.97291,2012,7,27,"US","PRESERVED_SPECIMEN","Pseudocymopterus montanus"
"1930583779","Cymopterus lemmonii",-111.46483,34.50011,2012,8,13,"US","PRESERVED_SPECIMEN","Pseudocymopterus montanus"
"3091234210","Cymopterus lemmonii",-112.190047,35.21621,2012,9,18,"US","PRESERVED_SPECIMEN","Pseudocymopterus montanus"
"4920409552","Cymopterus lemmonii",-111.709167,38.083056,2012,10,23,"US","PRESERVED_SPECIMEN","Pseudocymopterus montanus"
"4851126530","Cymopterus lemmonii",-110.796006,34.19629,2011,5,5,"US","PRESERVED_SPECIMEN","Pseudocymopterus montanus"
"4069017330","Cymopterus lemmonii",-110.796006,34.19629,2011,5,5,"US","PRESERVED_SPECIMEN","Pseudocymopterus montanus"
"4069687561","Cymopterus lemmonii",-110.796006,34.19629,2011,5,5,"US","PRESERVED_SPECIMEN","Pseudocymopterus montanus"
"4166230448","Cymopterus lemmonii",-107.5461,39.1238,2011,6,23,"US","PRESERVED_SPECIMEN","Pseudocymopterus montanus"
"4166230449","Cymopterus lemmonii",-108.6845,38.6903,2011,6,15,"US","PRESERVED_SPECIMEN","Pseudocymopterus montanus"
"2573435569","Cymopterus lemmonii",-108.426333,37.758,2011,7,2,"US","PRESERVED_SPECIMEN","Pseudocymopterus montanus"
"3798124377","Cymopterus lemmonii",-106.62,40.92,2011,7,9,"US","PRESERVED_SPECIMEN","Pseudocymopterus montanus"
"3762809307","Cymopterus lemmonii",-110.2862408,34.2584546,2011,7,30,"US","PRESERVED_SPECIMEN","Pseudocymopterus montanus"
"4166230436","Cymopterus lemmonii",-108.0766,39.0229,2011,7,15,"US","PRESERVED_SPECIMEN","Pseudocymopterus montanus"
"4166230451","Cymopterus lemmonii",-107.684,37.9926,2011,7,14,"US","PRESERVED_SPECIMEN","Pseudocymopterus montanus"
"2242420466","Cymopterus lemmonii",-105.696793,39.494051,2011,7,25,"US","PRESERVED_SPECIMEN","Pseudocymopterus montanus"
"4920423680","Cymopterus lemmonii",-112.811111,37.678611,2011,8,4,"US","PRESERVED_SPECIMEN","Pseudocymopterus montanus"
"3762814307","Cymopterus lemmonii",-116.561478,34.380928,2011,8,3,"US","PRESERVED_SPECIMEN","Pseudocymopterus montanus"
"3776193514","Cymopterus lemmonii",-107.080703,38.999528,2011,8,9,"US","PRESERVED_SPECIMEN","Pseudocymopterus montanus"
"3776193511","Cymopterus lemmonii",-107.080703,38.999528,2011,8,9,"US","PRESERVED_SPECIMEN","Pseudocymopterus montanus"
"1843913181","Cymopterus lemmonii",-105.49504,36.110085,2011,8,29,"US","PRESERVED_SPECIMEN","Pseudocymopterus montanus"
"2573341953","Cymopterus lemmonii",-107.8596,39.04051,2010,6,21,"US","PRESERVED_SPECIMEN","Pseudocymopterus montanus"
"4166230446","Cymopterus lemmonii",-107.6405,38.3358,2010,6,30,"US","PRESERVED_SPECIMEN","Pseudocymopterus montanus"
"4073758055","Cymopterus lemmonii",-106.99018,38.95633,2010,7,1,"US","PRESERVED_SPECIMEN","Pseudocymopterus montanus"
"3798074535","Cymopterus lemmonii",-106.28,39.49,2010,7,19,"US","PRESERVED_SPECIMEN","Pseudocymopterus montanus"
"3776201502","Cymopterus lemmonii",-106.99018,38.95633,2010,7,1,"US","PRESERVED_SPECIMEN","Pseudocymopterus montanus"
"4166230447","Cymopterus lemmonii",-108.5355,38.4566,2010,7,26,"US","PRESERVED_SPECIMEN","Pseudocymopterus montanus"
"4073725090","Cymopterus lemmonii",-106.957183,38.961311,2010,8,7,"US","PRESERVED_SPECIMEN","Pseudocymopterus montanus"
"3798125483","Cymopterus lemmonii",-105.54,40.13,2010,8,7,"US","PRESERVED_SPECIMEN","Pseudocymopterus montanus"
"3798115258","Cymopterus lemmonii",-106.45,39.68,2010,8,22,"US","PRESERVED_SPECIMEN","Pseudocymopterus montanus"
"4145946792","Cymopterus lemmonii",-106.957183,38.961311,2010,8,7,"US","PRESERVED_SPECIMEN","Pseudocymopterus montanus"
"3892753222","Cymopterus lemmonii",-104.6552,39.0485,2010,10,2,"US","PRESERVED_SPECIMEN","Pseudocymopterus montanus"
"3776193241","Cymopterus lemmonii",-106.977,38.977,2009,6,26,"US","PRESERVED_SPECIMEN","Pseudocymopterus montanus"
"2573340650","Cymopterus lemmonii",-105.86105,38.390383,2009,6,13,"US","PRESERVED_SPECIMEN","Pseudocymopterus montanus"
"2573343069","Cymopterus lemmonii",-105.03713,38.81983,2009,7,14,"US","PRESERVED_SPECIMEN","Pseudocymopterus montanus"
"2573342744","Cymopterus lemmonii",-107.953667,37.819667,2009,7,8,"US","PRESERVED_SPECIMEN","Pseudocymopterus montanus"
"3798101767","Cymopterus lemmonii",-106.62,40.4,2009,7,17,"US","PRESERVED_SPECIMEN","Pseudocymopterus montanus"
"2573341658","Cymopterus lemmonii",-108.021667,37.83,2009,8,3,"US","PRESERVED_SPECIMEN","Pseudocymopterus montanus"
"2573422758","Cymopterus lemmonii",-111.1525,34.491694,2008,6,29,"US","PRESERVED_SPECIMEN","Pseudocymopterus montanus"
"3120777353","Cymopterus lemmonii",-111.191616,34.423698,2008,6,28,"US","PRESERVED_SPECIMEN","Pseudocymopterus montanus"
"233101313","Cymopterus lemmonii",-106.33202,38.49715,2008,7,12,"US","PRESERVED_SPECIMEN","Pseudocymopterus montanus"
"3798046272","Cymopterus lemmonii",-107.71,39.01,2008,7,25,"US","PRESERVED_SPECIMEN","Pseudocymopterus montanus"
"3776201504","Cymopterus lemmonii",-106.986528,38.88467,2008,7,3,"US","PRESERVED_SPECIMEN","Pseudocymopterus montanus"
"3776201507","Cymopterus lemmonii",-106.979161,38.897019,2008,NA,NA,"US","PRESERVED_SPECIMEN","Pseudocymopterus montanus"
"3776201509","Cymopterus lemmonii",-107.041713,38.96888,2008,NA,NA,"US","PRESERVED_SPECIMEN","Pseudocymopterus montanus"
"4161536718","Cymopterus lemmonii",-112.166082,36.742712,2007,5,10,"US","PRESERVED_SPECIMEN","Pseudocymopterus montanus"
"177012484","Cymopterus lemmonii",-105.39485,40.98161,2007,6,3,"US","PRESERVED_SPECIMEN","Pseudocymopterus montanus"
"3091234228","Cymopterus lemmonii",-109.11115,33.9252,2007,6,8,"US","PRESERVED_SPECIMEN","Pseudocymopterus montanus"
"2573461992","Cymopterus lemmonii",-104.731778,36.882028,2007,6,20,"US","PRESERVED_SPECIMEN","Pseudocymopterus montanus"
"4910124850","Cymopterus lemmonii",-105.79631,32.797589,2007,7,19,"US","PRESERVED_SPECIMEN","Pseudocymopterus montanus"
"3798075134","Cymopterus lemmonii",-104.75,37.07,2007,7,4,"US","PRESERVED_SPECIMEN","Pseudocymopterus montanus"
"3798115527","Cymopterus lemmonii",-107.73,38.91,2007,7,7,"US","PRESERVED_SPECIMEN","Pseudocymopterus montanus"
"3798115526","Cymopterus lemmonii",-107.73,38.91,2007,7,7,"US","PRESERVED_SPECIMEN","Pseudocymopterus montanus"
"2825639965","Cymopterus lemmonii",-105.79565,32.795933,2007,7,19,"US","PRESERVED_SPECIMEN","Pseudocymopterus montanus"
"3798058266","Cymopterus lemmonii",-105.25,38.51,2007,9,1,"US","PRESERVED_SPECIMEN","Pseudocymopterus montanus"
"240494557","Cymopterus lemmonii",-108.15925,33.03389,2006,7,9,"US","PRESERVED_SPECIMEN","Pseudocymopterus montanus"
"4920423665","Cymopterus lemmonii",-112.850003,37.716669,2006,8,3,"US","PRESERVED_SPECIMEN","Pseudocymopterus montanus"
"4920417962","Cymopterus lemmonii",-112.816669,37.666669,2006,8,3,"US","PRESERVED_SPECIMEN","Pseudocymopterus montanus"
"4920409752","Cymopterus lemmonii",-111.458889,39.291667,2006,8,3,"US","PRESERVED_SPECIMEN","Pseudocymopterus montanus"
"4920421376","Cymopterus lemmonii",-111.663889,38.749167,2006,8,3,"US","PRESERVED_SPECIMEN","Pseudocymopterus montanus"
"4920424485","Cymopterus lemmonii",-111.485278,39.150556,2006,8,3,"US","PRESERVED_SPECIMEN","Pseudocymopterus montanus"
"177012481","Cymopterus lemmonii",-108.15925,33.03389,2006,10,12,"US","PRESERVED_SPECIMEN","Pseudocymopterus montanus"
"4061807440","Cymopterus lemmonii",-105.644167,35.468333,2005,5,24,"US","PRESERVED_SPECIMEN","Pseudocymopterus montanus"
"3776199805","Cymopterus lemmonii",-106.986528,38.88467,2005,6,23,"US","PRESERVED_SPECIMEN","Pseudocymopterus montanus"
"2573342534","Cymopterus lemmonii",-107.04749,38.02606,2005,7,6,"US","PRESERVED_SPECIMEN","Pseudocymopterus montanus"
"4929903481","Cymopterus lemmonii",-106.122778,39.318056,2005,7,15,"US","PRESERVED_SPECIMEN","Pseudocymopterus montanus"
"1843896440","Cymopterus lemmonii",-105.513476,36.309704,2005,7,20,"US","PRESERVED_SPECIMEN","Pseudocymopterus montanus"
"1843895803","Cymopterus lemmonii",-105.513476,36.309704,2005,7,14,"US","PRESERVED_SPECIMEN","Pseudocymopterus montanus"
"4143397481","Cymopterus lemmonii",-105.6047,36.1909,2005,7,10,"US","PRESERVED_SPECIMEN","Pseudocymopterus montanus"
"4062197163","Cymopterus lemmonii",-106.122778,39.318056,2005,7,15,"US","PRESERVED_SPECIMEN","Pseudocymopterus montanus"
"4061046159","Cymopterus lemmonii",-105.7,39.61666,2005,7,14,"US","PRESERVED_SPECIMEN","Pseudocymopterus montanus"
"1260265452","Cymopterus lemmonii",-106.122778,39.318056,2005,7,15,"US","PRESERVED_SPECIMEN","Pseudocymopterus montanus"
"2242419678","Cymopterus lemmonii",-105.270933,39.531721,2004,6,23,"US","PRESERVED_SPECIMEN","Pseudocymopterus montanus"
"2573422902","Cymopterus lemmonii",-112.356999,38.35121,2004,7,30,"US","PRESERVED_SPECIMEN","Pseudocymopterus montanus"
"1846546831","Cymopterus lemmonii",-112.09575,36.389017,2004,7,27,"US","PRESERVED_SPECIMEN","Pseudocymopterus montanus"
"3798088780","Cymopterus lemmonii",-105.45,40.07,2004,7,3,"US","PRESERVED_SPECIMEN","Pseudocymopterus montanus"
"3798098137","Cymopterus lemmonii",-105.88,40.66,2004,7,10,"US","PRESERVED_SPECIMEN","Pseudocymopterus montanus"
"3798128124","Cymopterus lemmonii",-105.9,40.47,2004,7,16,"US","PRESERVED_SPECIMEN","Pseudocymopterus montanus"
"3798097731","Cymopterus lemmonii",-105.45,40.63,2004,8,14,"US","PRESERVED_SPECIMEN","Pseudocymopterus montanus"
"3798097160","Cymopterus lemmonii",-105.45,40.63,2004,8,14,"US","PRESERVED_SPECIMEN","Pseudocymopterus montanus"
"2573421903","Cymopterus lemmonii",-106.9007,35.9217,2003,5,29,"US","PRESERVED_SPECIMEN","Pseudocymopterus montanus"
"2573424090","Cymopterus lemmonii",-106.487533,35.832267,2003,5,30,"US","PRESERVED_SPECIMEN","Pseudocymopterus montanus"
"2573341740","Cymopterus lemmonii",-107.41434,38.44971,2003,6,29,"US","PRESERVED_SPECIMEN","Pseudocymopterus montanus"
"4023011539","Cymopterus lemmonii",-111.469067,35.005383,2003,6,25,"US","PRESERVED_SPECIMEN","Pseudocymopterus montanus"
"3798141316","Cymopterus lemmonii",-106.11,40.14,2003,6,16,"US","PRESERVED_SPECIMEN","Pseudocymopterus montanus"
"1269622403","Cymopterus lemmonii",-105.752,35.963,2003,6,23,"US","PRESERVED_SPECIMEN","Pseudocymopterus montanus"
"2573341866","Cymopterus lemmonii",-105.52167,39.84222,2003,7,9,"US","PRESERVED_SPECIMEN","Pseudocymopterus montanus"
"2573426243","Cymopterus lemmonii",-106.548583,35.88085,2003,7,18,"US","PRESERVED_SPECIMEN","Pseudocymopterus montanus"
"3798063702","Cymopterus lemmonii",-106.53,35.86,2003,7,18,"US","PRESERVED_SPECIMEN","Pseudocymopterus montanus"
"2573510206","Cymopterus lemmonii",-107.309167,37.616111,2003,7,31,"US","PRESERVED_SPECIMEN","Pseudocymopterus montanus"
"3798075220","Cymopterus lemmonii",-105.63,39.82,2003,7,19,"US","PRESERVED_SPECIMEN","Pseudocymopterus montanus"
"3798075029","Cymopterus lemmonii",-105.6,39.87,2003,7,19,"US","PRESERVED_SPECIMEN","Pseudocymopterus montanus"
"3798074680","Cymopterus lemmonii",-106.41,39.89,2003,7,4,"US","PRESERVED_SPECIMEN","Pseudocymopterus montanus"
"1259158773","Cymopterus lemmonii",-105.52166,39.84222,2003,7,9,"US","PRESERVED_SPECIMEN","Pseudocymopterus montanus"
"2422387863","Cymopterus lemmonii",-110.75,32.41667,2003,9,17,"US","PRESERVED_SPECIMEN","Pseudocymopterus montanus"
"2573343160","Cymopterus lemmonii",-106.79758,40.9723,2002,6,24,"US","PRESERVED_SPECIMEN","Pseudocymopterus montanus"
"3798108050","Cymopterus lemmonii",-106,35.93,2002,6,28,"US","PRESERVED_SPECIMEN","Pseudocymopterus montanus"
"3798110507","Cymopterus lemmonii",-105.08,39.4,2002,6,8,"US","PRESERVED_SPECIMEN","Pseudocymopterus montanus"
"2575151181","Cymopterus lemmonii",-106.982833,38.948917,2002,6,25,"US","PRESERVED_SPECIMEN","Pseudocymopterus montanus"
"2573342054","Cymopterus lemmonii",-106.12475,40.33633,2002,7,11,"US","PRESERVED_SPECIMEN","Pseudocymopterus montanus"
"3798078327","Cymopterus lemmonii",-105.94,40.58,2002,7,6,"US","PRESERVED_SPECIMEN","Pseudocymopterus montanus"
"2573424049","Cymopterus lemmonii",-105.4793,35.57425,2002,8,5,"US","PRESERVED_SPECIMEN","Pseudocymopterus montanus"
"3798097465","Cymopterus lemmonii",-105.74,35.67,2002,8,6,"US","PRESERVED_SPECIMEN","Pseudocymopterus montanus"
"2422388369","Cymopterus lemmonii",-109.27944,31.88667,2002,9,20,"US","PRESERVED_SPECIMEN","Pseudocymopterus montanus"
"3091191558","Cymopterus lemmonii",-111.674751,34.555238,2001,3,31,"US","PRESERVED_SPECIMEN","Pseudocymopterus montanus"
"233101317","Cymopterus lemmonii",-106.507243,35.998865,2001,6,14,"US","PRESERVED_SPECIMEN","Pseudocymopterus montanus"
"2573424203","Cymopterus lemmonii",-106.49325,35.968167,2001,6,26,"US","PRESERVED_SPECIMEN","Pseudocymopterus montanus"
"2573423817","Cymopterus lemmonii",-106.475,35.833333,2001,6,29,"US","PRESERVED_SPECIMEN","Pseudocymopterus montanus"
"2573423768","Cymopterus lemmonii",-106.511056,35.946167,2001,6,26,"US","PRESERVED_SPECIMEN","Pseudocymopterus montanus"
"2573424472","Cymopterus lemmonii",-106.476139,35.989917,2001,6,28,"US","PRESERVED_SPECIMEN","Pseudocymopterus montanus"
"3798047775","Cymopterus lemmonii",-106.49,35.96,2001,6,26,"US","PRESERVED_SPECIMEN","Pseudocymopterus montanus"
"3798063699","Cymopterus lemmonii",-106.51,35.94,2001,6,26,"US","PRESERVED_SPECIMEN","Pseudocymopterus montanus"
"3798140485","Cymopterus lemmonii",-105.63,40.76,2001,6,2,"US","PRESERVED_SPECIMEN","Pseudocymopterus montanus"
"2573341014","Cymopterus lemmonii",-104.653789,39.027597,2001,7,3,"US","PRESERVED_SPECIMEN","Pseudocymopterus montanus"
"2573341036","Cymopterus lemmonii",-106.3647,40.42117,2001,7,17,"US","PRESERVED_SPECIMEN","Pseudocymopterus montanus"
"2417999261","Cymopterus lemmonii",-105.790556,32.881111,2001,7,18,"US","PRESERVED_SPECIMEN","Pseudocymopterus montanus"
"2573422494","Cymopterus lemmonii",-106.620889,35.903583,2001,7,30,"US","PRESERVED_SPECIMEN","Pseudocymopterus montanus"
"4910114780","Cymopterus lemmonii",-105.792641,32.881376,2001,7,18,"US","PRESERVED_SPECIMEN","Pseudocymopterus montanus"
"3798047759","Cymopterus lemmonii",-106.47,35.83,2001,7,29,"US","PRESERVED_SPECIMEN","Pseudocymopterus montanus"
"3798047763","Cymopterus lemmonii",-106.57,35.86,2001,7,23,"US","PRESERVED_SPECIMEN","Pseudocymopterus montanus"
"3798047765","Cymopterus lemmonii",-106.62,35.87,2001,7,25,"US","PRESERVED_SPECIMEN","Pseudocymopterus montanus"
"2422411865","Cymopterus lemmonii",-105.43333,40.17528,2001,8,8,"US","PRESERVED_SPECIMEN","Pseudocymopterus montanus"
"4912273656","Cymopterus lemmonii",-106.65083,37.24611,2001,8,8,"US","PRESERVED_SPECIMEN","Pseudocymopterus montanus"
"1843912708","Cymopterus lemmonii",-106.416338,35.882243,2001,8,5,"US","PRESERVED_SPECIMEN","Pseudocymopterus montanus"
"2422427047","Cymopterus lemmonii",-109.27639,31.89917,2001,9,1,"US","PRESERVED_SPECIMEN","Pseudocymopterus montanus"
"2573339419","Cymopterus lemmonii",-106.6458,39.58633,2000,6,2,"US","PRESERVED_SPECIMEN","Pseudocymopterus montanus"
"2573343639","Cymopterus lemmonii",-106.25488,40.98046,2000,6,13,"US","PRESERVED_SPECIMEN","Pseudocymopterus montanus"
"3798104412","Cymopterus lemmonii",-105.59,40.55,2000,6,21,"US","PRESERVED_SPECIMEN","Pseudocymopterus montanus"
"3798048850","Cymopterus lemmonii",-106.7,38.07,2000,6,NA,"US","PRESERVED_SPECIMEN","Pseudocymopterus montanus"
"3798140909","Cymopterus lemmonii",-105.96,40.5,2000,6,18,"US","PRESERVED_SPECIMEN","Pseudocymopterus montanus"
"3798052767","Cymopterus lemmonii",-106.17,38.7,2000,6,12,"US","PRESERVED_SPECIMEN","Pseudocymopterus montanus"
"2573342185","Cymopterus lemmonii",-104.820566,39.137289,2000,7,6,"US","PRESERVED_SPECIMEN","Pseudocymopterus montanus"
"3091234211","Cymopterus lemmonii",-111.66612,35.313,2000,7,12,"US","PRESERVED_SPECIMEN","Pseudocymopterus montanus"
"3091234206","Cymopterus lemmonii",-112.19379,36.32531,2000,7,8,"US","PRESERVED_SPECIMEN","Pseudocymopterus montanus"
"2573459393","Cymopterus lemmonii",-106.22091,39.54429,2000,7,18,"US","PRESERVED_SPECIMEN","Pseudocymopterus montanus"
"3462134335","Cymopterus lemmonii",-105.024444,37.348333,2000,8,22,"US","PRESERVED_SPECIMEN","Pseudocymopterus montanus"
"4026533518","Cymopterus lemmonii",-105.024722,37.351944,2000,8,22,"US","PRESERVED_SPECIMEN","Pseudocymopterus montanus"
"3798048978","Cymopterus lemmonii",-105.84,40.6,2000,9,10,"US","PRESERVED_SPECIMEN","Pseudocymopterus montanus"
