"gbifID","species","longitude","latitude","year","month","day","countryCode","basisOfRecord","accepted_name"
"4507744420","Ptelea crenulata",-122.443447,40.591661,2024,1,1,"US","HUMAN_OBSERVATION","Ptelea crenulata"
"4516762743","Ptelea crenulata",-121.92955,37.903925,2024,1,25,"US","HUMAN_OBSERVATION","Ptelea crenulata"
"4015294332","Ptelea crenulata",-121.953231,37.907342,2023,1,8,"US","HUMAN_OBSERVATION","Ptelea crenulata"
"4046263763","Ptelea crenulata",-122.213195,38.037289,2023,2,22,"US","HUMAN_OBSERVATION","Ptelea crenulata"
"4091929499","Ptelea crenulata",-121.955995,37.915263,2023,2,25,"US","HUMAN_OBSERVATION","Ptelea crenulata"
"4054780074","Ptelea crenulata",-121.86491,37.955249,2023,3,4,"US","HUMAN_OBSERVATION","Ptelea crenulata"
"4510235808","Ptelea crenulata",-121.921678,37.653831,2023,3,16,"US","HUMAN_OBSERVATION","Ptelea crenulata"
"4075829571","Ptelea crenulata",-121.940558,37.895103,2023,3,25,"US","HUMAN_OBSERVATION","Ptelea crenulata"
"4075888919","Ptelea crenulata",-121.921622,37.653894,2023,3,27,"US","HUMAN_OBSERVATION","Ptelea crenulata"
"4080665827","Ptelea crenulata",-121.9301,37.90988,2023,4,5,"US","HUMAN_OBSERVATION","Ptelea crenulata"
"4442649611","Ptelea crenulata",-121.867713,37.956167,2023,4,5,"US","HUMAN_OBSERVATION","Ptelea crenulata"
"4442378631","Ptelea crenulata",-121.921675,37.653861,2023,4,6,"US","HUMAN_OBSERVATION","Ptelea crenulata"
"4442638621","Ptelea crenulata",-122.126489,37.951825,2023,4,6,"US","HUMAN_OBSERVATION","Ptelea crenulata"
"4442474611","Ptelea crenulata",-121.99582,37.930275,2023,4,7,"US","HUMAN_OBSERVATION","Ptelea crenulata"
"4442357640","Ptelea crenulata",-121.852356,37.961402,2023,4,8,"US","HUMAN_OBSERVATION","Ptelea crenulata"
"4080966213","Ptelea crenulata",-121.867888,37.955658,2023,4,8,"US","HUMAN_OBSERVATION","Ptelea crenulata"
"4442375611","Ptelea crenulata",-122.15003,38.016349,2023,4,9,"US","HUMAN_OBSERVATION","Ptelea crenulata"
"4081033423","Ptelea crenulata",-122.151207,38.01584,2023,4,9,"US","HUMAN_OBSERVATION","Ptelea crenulata"
"4081014482","Ptelea crenulata",-122.160316,38.010928,2023,4,9,"US","HUMAN_OBSERVATION","Ptelea crenulata"
"4442391612","Ptelea crenulata",-122.004131,40.171633,2023,4,12,"US","HUMAN_OBSERVATION","Ptelea crenulata"
"4091889837","Ptelea crenulata",-121.934745,37.910992,2023,4,12,"US","HUMAN_OBSERVATION","Ptelea crenulata"
"4091931103","Ptelea crenulata",-121.926955,37.925847,2023,4,14,"US","HUMAN_OBSERVATION","Ptelea crenulata"
"4442535582","Ptelea crenulata",-121.940514,37.895142,2023,4,14,"US","HUMAN_OBSERVATION","Ptelea crenulata"
"4091768259","Ptelea crenulata",-121.930283,37.895407,2023,4,14,"US","HUMAN_OBSERVATION","Ptelea crenulata"
"4091934524","Ptelea crenulata",-121.917794,37.8944,2023,4,16,"US","HUMAN_OBSERVATION","Ptelea crenulata"
"4442571625","Ptelea crenulata",-121.884492,37.95303,2023,4,18,"US","HUMAN_OBSERVATION","Ptelea crenulata"
"4442594613","Ptelea crenulata",-121.842958,37.956112,2023,4,20,"US","HUMAN_OBSERVATION","Ptelea crenulata"
"4442349621","Ptelea crenulata",-121.867233,37.955447,2023,4,21,"US","HUMAN_OBSERVATION","Ptelea crenulata"
"4442378648","Ptelea crenulata",-122.131449,40.40053,2023,4,23,"US","HUMAN_OBSERVATION","Ptelea crenulata"
"4102726799","Ptelea crenulata",-121.778105,37.835463,2023,4,23,"US","HUMAN_OBSERVATION","Ptelea crenulata"
"4102731885","Ptelea crenulata",-121.950337,37.93514,2023,4,27,"US","HUMAN_OBSERVATION","Ptelea crenulata"
"4103258778","Ptelea crenulata",-121.867775,37.956028,2023,4,29,"US","HUMAN_OBSERVATION","Ptelea crenulata"
"4430428187","Ptelea crenulata",-121.844967,37.959066,2023,4,30,"US","HUMAN_OBSERVATION","Ptelea crenulata"
"4442389634","Ptelea crenulata",-121.942348,37.919167,2023,4,30,"US","HUMAN_OBSERVATION","Ptelea crenulata"
"4111755035","Ptelea crenulata",-121.921448,37.876252,2023,4,29,"US","HUMAN_OBSERVATION","Ptelea crenulata"
"4442534650","Ptelea crenulata",-121.88485,37.956208,2023,5,1,"US","HUMAN_OBSERVATION","Ptelea crenulata"
"4111602792","Ptelea crenulata",-121.99618,37.929928,2023,5,2,"US","HUMAN_OBSERVATION","Ptelea crenulata"
"4442401638","Ptelea crenulata",-122.799217,38.9745,2023,5,1,"US","HUMAN_OBSERVATION","Ptelea crenulata"
"4442579622","Ptelea crenulata",-121.952599,37.923637,2023,5,3,"US","HUMAN_OBSERVATION","Ptelea crenulata"
"4111814960","Ptelea crenulata",-121.948433,37.899747,2023,5,7,"US","HUMAN_OBSERVATION","Ptelea crenulata"
"4442400650","Ptelea crenulata",-121.330237,38.595252,2023,5,7,"US","HUMAN_OBSERVATION","Ptelea crenulata"
"4442348649","Ptelea crenulata",-121.87342,37.953338,2023,5,7,"US","HUMAN_OBSERVATION","Ptelea crenulata"
"4442386643","Ptelea crenulata",-120.842562,38.760753,2023,5,3,"US","HUMAN_OBSERVATION","Ptelea crenulata"
"4442386645","Ptelea crenulata",-122.805192,39.016739,2023,5,7,"US","HUMAN_OBSERVATION","Ptelea crenulata"
"4116446032","Ptelea crenulata",-122.115923,40.296624,2023,5,9,"US","HUMAN_OBSERVATION","Ptelea crenulata"
"4116379924","Ptelea crenulata",-121.960708,37.912803,2023,5,10,"US","HUMAN_OBSERVATION","Ptelea crenulata"
"4442630669","Ptelea crenulata",-121.931372,37.876815,2023,5,12,"US","HUMAN_OBSERVATION","Ptelea crenulata"
"4133828399","Ptelea crenulata",-122.16845,40.262578,2023,5,7,"US","HUMAN_OBSERVATION","Ptelea crenulata"
"4442616619","Ptelea crenulata",-121.985525,37.878204,2023,5,13,"US","HUMAN_OBSERVATION","Ptelea crenulata"
"4442383696","Ptelea crenulata",-121.868163,37.955612,2023,5,13,"US","HUMAN_OBSERVATION","Ptelea crenulata"
"4442492683","Ptelea crenulata",-121.933487,37.877777,2023,5,17,"US","HUMAN_OBSERVATION","Ptelea crenulata"
"4442534674","Ptelea crenulata",-122.650955,38.93462,2023,5,18,"US","HUMAN_OBSERVATION","Ptelea crenulata"
"4120884686","Ptelea crenulata",-121.934512,37.910708,2023,5,13,"US","HUMAN_OBSERVATION","Ptelea crenulata"
"4442379679","Ptelea crenulata",-121.95459,37.915323,2023,5,7,"US","HUMAN_OBSERVATION","Ptelea crenulata"
"4405185474","Ptelea crenulata",-121.93135,37.876947,2023,5,21,"US","HUMAN_OBSERVATION","Ptelea crenulata"
"4405252555","Ptelea crenulata",-121.931117,37.877522,2023,5,21,"US","HUMAN_OBSERVATION","Ptelea crenulata"
"4121114559","Ptelea crenulata",-121.928567,37.877495,2023,5,21,"US","HUMAN_OBSERVATION","Ptelea crenulata"
"4442393711","Ptelea crenulata",-121.930636,37.909902,2023,5,24,"US","HUMAN_OBSERVATION","Ptelea crenulata"
"4127369938","Ptelea crenulata",-121.931728,37.877117,2023,5,22,"US","HUMAN_OBSERVATION","Ptelea crenulata"
"4442353638","Ptelea crenulata",-121.865975,37.954506,2023,5,19,"US","HUMAN_OBSERVATION","Ptelea crenulata"
"4442521670","Ptelea crenulata",-122.217078,38.039433,2023,5,24,"US","HUMAN_OBSERVATION","Ptelea crenulata"
"4442394683","Ptelea crenulata",-121.330237,38.595252,2023,5,24,"US","HUMAN_OBSERVATION","Ptelea crenulata"
"4442350665","Ptelea crenulata",-121.934664,37.910786,2023,5,25,"US","HUMAN_OBSERVATION","Ptelea crenulata"
"4442649651","Ptelea crenulata",-121.936756,37.905672,2023,5,25,"US","HUMAN_OBSERVATION","Ptelea crenulata"
"4442380659","Ptelea crenulata",-121.937336,37.905336,2023,5,25,"US","HUMAN_OBSERVATION","Ptelea crenulata"
"4442350666","Ptelea crenulata",-121.93065,37.889389,2023,5,25,"US","HUMAN_OBSERVATION","Ptelea crenulata"
"4127105683","Ptelea crenulata",-121.916553,37.897706,2023,5,26,"US","HUMAN_OBSERVATION","Ptelea crenulata"
"4127099761","Ptelea crenulata",-121.931022,37.910283,2023,5,26,"US","HUMAN_OBSERVATION","Ptelea crenulata"
"4127185998","Ptelea crenulata",-121.927833,37.903308,2023,5,29,"US","HUMAN_OBSERVATION","Ptelea crenulata"
"4133915635","Ptelea crenulata",-122.18087,40.271733,2023,5,29,"US","HUMAN_OBSERVATION","Ptelea crenulata"
"4129971148","Ptelea crenulata",-121.94856,37.90674,2023,5,31,"US","HUMAN_OBSERVATION","Ptelea crenulata"
"4134165307","Ptelea crenulata",-121.917329,37.880834,2023,6,10,"US","HUMAN_OBSERVATION","Ptelea crenulata"
"4442387734","Ptelea crenulata",-121.916533,37.653453,2023,6,17,"US","HUMAN_OBSERVATION","Ptelea crenulata"
"4442398766","Ptelea crenulata",-121.954497,37.915778,2023,6,17,"US","HUMAN_OBSERVATION","Ptelea crenulata"
"4138020941","Ptelea crenulata",-121.734362,39.792183,2023,6,19,"US","HUMAN_OBSERVATION","Ptelea crenulata"
"4138009185","Ptelea crenulata",-121.954947,37.906513,2023,6,19,"US","HUMAN_OBSERVATION","Ptelea crenulata"
"4137995171","Ptelea crenulata",-121.914153,37.881591,2023,6,19,"US","HUMAN_OBSERVATION","Ptelea crenulata"
"4442388753","Ptelea crenulata",-121.940451,37.895131,2023,6,21,"US","HUMAN_OBSERVATION","Ptelea crenulata"
"4137727102","Ptelea crenulata",-121.984218,37.877745,2023,6,17,"US","HUMAN_OBSERVATION","Ptelea crenulata"
"4442378734","Ptelea crenulata",-121.942598,37.91327,2023,6,24,"US","HUMAN_OBSERVATION","Ptelea crenulata"
"4138251498","Ptelea crenulata",-121.92482,37.904817,2023,6,23,"US","HUMAN_OBSERVATION","Ptelea crenulata"
"4442489782","Ptelea crenulata",-121.942844,37.918175,2023,6,25,"US","HUMAN_OBSERVATION","Ptelea crenulata"
"4442471745","Ptelea crenulata",-121.865568,37.954611,2023,6,30,"US","HUMAN_OBSERVATION","Ptelea crenulata"
"4516734005","Ptelea crenulata",-122.413217,40.590778,2023,6,2,"US","HUMAN_OBSERVATION","Ptelea crenulata"
"4442352693","Ptelea crenulata",-122.148514,38.259708,2023,7,3,"US","HUMAN_OBSERVATION","Ptelea crenulata"
"4162221556","Ptelea crenulata",-121.783356,39.765441,2023,7,4,"US","HUMAN_OBSERVATION","Ptelea crenulata"
"4442526770","Ptelea crenulata",-122.114139,37.933807,2023,7,14,"US","HUMAN_OBSERVATION","Ptelea crenulata"
"4171722511","Ptelea crenulata",-121.946318,37.81248,2023,7,23,"US","HUMAN_OBSERVATION","Ptelea crenulata"
"4172104666","Ptelea crenulata",-121.989053,37.94028,2023,8,2,"US","HUMAN_OBSERVATION","Ptelea crenulata"
"4172127865","Ptelea crenulata",-121.911179,37.884821,2023,8,3,"US","HUMAN_OBSERVATION","Ptelea crenulata"
"4177450601","Ptelea crenulata",-121.94196,37.89544,2023,8,11,"US","HUMAN_OBSERVATION","Ptelea crenulata"
"4442377874","Ptelea crenulata",-121.933168,37.878472,2023,8,15,"US","HUMAN_OBSERVATION","Ptelea crenulata"
"4442614927","Ptelea crenulata",-121.324128,38.601588,2023,8,20,"US","HUMAN_OBSERVATION","Ptelea crenulata"
"4512257513","Ptelea crenulata",-121.933617,37.877747,2023,8,28,"US","HUMAN_OBSERVATION","Ptelea crenulata"
"4442402888","Ptelea crenulata",-122.80915,39.011147,2023,9,2,"US","HUMAN_OBSERVATION","Ptelea crenulata"
"4442389916","Ptelea crenulata",-121.921678,37.653887,2023,9,2,"US","HUMAN_OBSERVATION","Ptelea crenulata"
"4407426544","Ptelea crenulata",-121.931242,37.910406,2023,9,2,"US","HUMAN_OBSERVATION","Ptelea crenulata"
"4407560398","Ptelea crenulata",-121.930275,37.909556,2023,9,2,"US","HUMAN_OBSERVATION","Ptelea crenulata"
"4413629267","Ptelea crenulata",-121.865922,37.954705,2023,9,4,"US","HUMAN_OBSERVATION","Ptelea crenulata"
"4442475957","Ptelea crenulata",-122.164673,38.024134,2023,9,8,"US","HUMAN_OBSERVATION","Ptelea crenulata"
"4413824611","Ptelea crenulata",-122.408714,40.592041,2023,9,10,"US","HUMAN_OBSERVATION","Ptelea crenulata"
"4413794908","Ptelea crenulata",-122.408718,40.592037,2023,9,10,"US","HUMAN_OBSERVATION","Ptelea crenulata"
"4442548950","Ptelea crenulata",-122.408753,40.592019,2023,9,10,"US","HUMAN_OBSERVATION","Ptelea crenulata"
"4442638992","Ptelea crenulata",-121.324082,38.601717,2023,9,17,"US","HUMAN_OBSERVATION","Ptelea crenulata"
"4416792207","Ptelea crenulata",-121.941217,37.883087,2023,9,20,"US","HUMAN_OBSERVATION","Ptelea crenulata"
"4442530935","Ptelea crenulata",-121.849661,37.956416,2023,9,24,"US","HUMAN_OBSERVATION","Ptelea crenulata"
"4418801331","Ptelea crenulata",-119.46224,37.09351,2023,9,22,"US","PRESERVED_SPECIMEN","Ptelea crenulata"
"4430993407","Ptelea crenulata",-121.866592,37.954563,2023,10,1,"US","HUMAN_OBSERVATION","Ptelea crenulata"
"4442649971","Ptelea crenulata",-122.139534,37.953271,2023,10,4,"US","HUMAN_OBSERVATION","Ptelea crenulata"
"4442470974","Ptelea crenulata",-122.141254,37.950701,2023,10,4,"US","HUMAN_OBSERVATION","Ptelea crenulata"
"4424462270","Ptelea crenulata",-122.14194,37.951243,2023,10,4,"US","HUMAN_OBSERVATION","Ptelea crenulata"
"4424112298","Ptelea crenulata",-122.141769,37.950938,2023,10,4,"US","HUMAN_OBSERVATION","Ptelea crenulata"
"4438887372","Ptelea crenulata",-121.927897,37.903306,2023,10,31,"US","HUMAN_OBSERVATION","Ptelea crenulata"
"4440805311","Ptelea crenulata",-121.939162,37.888809,2023,11,11,"US","HUMAN_OBSERVATION","Ptelea crenulata"
"4442742706","Ptelea crenulata",-122.22123,38.046428,2023,11,19,"US","HUMAN_OBSERVATION","Ptelea crenulata"
"4453962599","Ptelea crenulata",-121.689537,37.944,2023,11,21,"US","HUMAN_OBSERVATION","Ptelea crenulata"
"4453790940","Ptelea crenulata",-121.734183,39.793031,2023,11,26,"US","HUMAN_OBSERVATION","Ptelea crenulata"
"4506290007","Ptelea crenulata",-121.833942,39.211253,2023,12,21,"US","HUMAN_OBSERVATION","Ptelea crenulata"
"4510380345","Ptelea crenulata",-122.17169,40.274613,2023,12,28,"US","HUMAN_OBSERVATION","Ptelea crenulata"
"3455688673","Ptelea crenulata",-121.961403,37.912269,2022,1,16,"US","HUMAN_OBSERVATION","Ptelea crenulata"
"3466528510","Ptelea crenulata",-122.15058,38.017928,2022,1,24,"US","HUMAN_OBSERVATION","Ptelea crenulata"
"3902645576","Ptelea crenulata",-121.863804,37.95854,2022,2,4,"US","HUMAN_OBSERVATION","Ptelea crenulata"
"3499411829","Ptelea crenulata",-122.159836,38.019757,2022,2,12,"US","HUMAN_OBSERVATION","Ptelea crenulata"
"4076267579","Ptelea crenulata",-122.141126,37.951993,2022,2,15,"US","HUMAN_OBSERVATION","Ptelea crenulata"
"3499711442","Ptelea crenulata",-122.141521,37.952326,2022,2,15,"US","HUMAN_OBSERVATION","Ptelea crenulata"
"3698219497","Ptelea crenulata",-121.866061,37.954625,2022,2,18,"US","HUMAN_OBSERVATION","Ptelea crenulata"
"3698246887","Ptelea crenulata",-121.940619,37.91309,2022,2,23,"US","HUMAN_OBSERVATION","Ptelea crenulata"
"4510301621","Ptelea crenulata",-121.921646,37.653819,2022,2,24,"US","HUMAN_OBSERVATION","Ptelea crenulata"
"3705693160","Ptelea crenulata",-121.939087,37.892867,2022,3,1,"US","HUMAN_OBSERVATION","Ptelea crenulata"
"4430850739","Ptelea crenulata",-121.875017,37.904173,2022,3,6,"US","HUMAN_OBSERVATION","Ptelea crenulata"
"3712591997","Ptelea crenulata",-121.915087,37.896408,2022,3,5,"US","HUMAN_OBSERVATION","Ptelea crenulata"
"3743171584","Ptelea crenulata",-122.131403,37.985337,2022,3,8,"US","HUMAN_OBSERVATION","Ptelea crenulata"
"3743004517","Ptelea crenulata",-122.230986,37.997696,2022,3,12,"US","HUMAN_OBSERVATION","Ptelea crenulata"
"3747195823","Ptelea crenulata",-121.961394,37.912179,2022,3,19,"US","HUMAN_OBSERVATION","Ptelea crenulata"
"3747318936","Ptelea crenulata",-121.866103,37.954662,2022,3,20,"US","HUMAN_OBSERVATION","Ptelea crenulata"
"3747010783","Ptelea crenulata",-121.884637,37.952972,2022,3,20,"US","HUMAN_OBSERVATION","Ptelea crenulata"
"3759774947","Ptelea crenulata",-121.961353,37.91219,2022,3,19,"US","HUMAN_OBSERVATION","Ptelea crenulata"
"3747114479","Ptelea crenulata",-121.946922,37.873092,2022,3,24,"US","HUMAN_OBSERVATION","Ptelea crenulata"
"3747324225","Ptelea crenulata",-121.919107,37.889401,2022,3,25,"US","HUMAN_OBSERVATION","Ptelea crenulata"
"3802387421","Ptelea crenulata",-121.881767,37.948137,2022,3,27,"US","HUMAN_OBSERVATION","Ptelea crenulata"
"3759173220","Ptelea crenulata",-122.061942,37.988275,2022,3,27,"US","HUMAN_OBSERVATION","Ptelea crenulata"
"4039501625","Ptelea crenulata",-121.888672,37.952972,2022,3,20,"US","HUMAN_OBSERVATION","Ptelea crenulata"
"3759923678","Ptelea crenulata",-121.942672,37.896155,2022,4,1,"US","HUMAN_OBSERVATION","Ptelea crenulata"
"3760317732","Ptelea crenulata",-121.92997,37.895347,2022,4,2,"US","HUMAN_OBSERVATION","Ptelea crenulata"
"3759961855","Ptelea crenulata",-121.931376,37.911472,2022,4,3,"US","HUMAN_OBSERVATION","Ptelea crenulata"
"3759325801","Ptelea crenulata",-121.929059,37.904425,2022,4,3,"US","HUMAN_OBSERVATION","Ptelea crenulata"
"3760299808","Ptelea crenulata",-121.930984,37.903163,2022,4,3,"US","HUMAN_OBSERVATION","Ptelea crenulata"
"3759517227","Ptelea crenulata",-121.941208,37.883063,2022,4,7,"US","HUMAN_OBSERVATION","Ptelea crenulata"
"3759390421","Ptelea crenulata",-122.230875,37.998359,2022,4,9,"US","HUMAN_OBSERVATION","Ptelea crenulata"
"3802272430","Ptelea crenulata",-121.889237,37.952613,2022,4,10,"US","HUMAN_OBSERVATION","Ptelea crenulata"
"3759764571","Ptelea crenulata",-121.960883,37.913078,2022,4,10,"US","HUMAN_OBSERVATION","Ptelea crenulata"
"3760385584","Ptelea crenulata",-121.959358,37.913005,2022,4,10,"US","HUMAN_OBSERVATION","Ptelea crenulata"
"3759987599","Ptelea crenulata",-121.95627,37.915712,2022,4,10,"US","HUMAN_OBSERVATION","Ptelea crenulata"
"3802375424","Ptelea crenulata",-121.866347,37.954546,2022,4,13,"US","HUMAN_OBSERVATION","Ptelea crenulata"
"3802335421","Ptelea crenulata",-121.867961,37.955532,2022,4,17,"US","HUMAN_OBSERVATION","Ptelea crenulata"
"3760244791","Ptelea crenulata",-121.941645,37.920521,2022,4,21,"US","HUMAN_OBSERVATION","Ptelea crenulata"
"3760232779","Ptelea crenulata",-121.888087,37.952575,2022,4,13,"US","HUMAN_OBSERVATION","Ptelea crenulata"
"3764430680","Ptelea crenulata",-121.960623,37.912728,2022,4,23,"US","HUMAN_OBSERVATION","Ptelea crenulata"
"3764122736","Ptelea crenulata",-121.953255,37.907315,2022,4,23,"US","HUMAN_OBSERVATION","Ptelea crenulata"
"3764203719","Ptelea crenulata",-121.953396,37.907196,2022,4,23,"US","HUMAN_OBSERVATION","Ptelea crenulata"
"3764220722","Ptelea crenulata",-121.943573,37.913801,2022,4,23,"US","HUMAN_OBSERVATION","Ptelea crenulata"
"3764375748","Ptelea crenulata",-121.930887,37.877238,2022,4,23,"US","HUMAN_OBSERVATION","Ptelea crenulata"
"3764129747","Ptelea crenulata",-121.94352,37.913759,2022,4,23,"US","HUMAN_OBSERVATION","Ptelea crenulata"
"3764163755","Ptelea crenulata",-121.932601,37.901195,2022,4,23,"US","HUMAN_OBSERVATION","Ptelea crenulata"
"3764337774","Ptelea crenulata",-122.301756,40.356818,2022,4,23,"US","HUMAN_OBSERVATION","Ptelea crenulata"
"3764351837","Ptelea crenulata",-121.943537,37.913672,2022,4,24,"US","HUMAN_OBSERVATION","Ptelea crenulata"
"3764136903","Ptelea crenulata",-121.933647,37.913722,2022,4,24,"US","HUMAN_OBSERVATION","Ptelea crenulata"
"3902016991","Ptelea crenulata",-122.221397,38.045964,2022,4,3,"US","HUMAN_OBSERVATION","Ptelea crenulata"
"4442489467","Ptelea crenulata",-122.150253,38.017733,2022,4,24,"US","HUMAN_OBSERVATION","Ptelea crenulata"
"4442492480","Ptelea crenulata",-121.936604,37.909391,2022,4,28,"US","HUMAN_OBSERVATION","Ptelea crenulata"
"3764290320","Ptelea crenulata",-121.96048,37.91288,2022,4,28,"US","HUMAN_OBSERVATION","Ptelea crenulata"
"3773309703","Ptelea crenulata",-121.942283,37.916307,2022,4,29,"US","HUMAN_OBSERVATION","Ptelea crenulata"
"3773011712","Ptelea crenulata",-121.943555,37.913725,2022,4,29,"US","HUMAN_OBSERVATION","Ptelea crenulata"
"4442363488","Ptelea crenulata",-121.942673,37.915515,2022,4,29,"US","HUMAN_OBSERVATION","Ptelea crenulata"
"3773677435","Ptelea crenulata",-122.140898,37.950422,2022,4,29,"US","HUMAN_OBSERVATION","Ptelea crenulata"
"3772496116","Ptelea crenulata",-121.939862,37.883122,2022,4,26,"US","HUMAN_OBSERVATION","Ptelea crenulata"
"4442390482","Ptelea crenulata",-121.330237,38.595252,2022,5,1,"US","HUMAN_OBSERVATION","Ptelea crenulata"
"3773548539","Ptelea crenulata",-121.928488,37.87733,2022,5,4,"US","HUMAN_OBSERVATION","Ptelea crenulata"
"3773458333","Ptelea crenulata",-121.955166,37.916348,2022,5,7,"US","HUMAN_OBSERVATION","Ptelea crenulata"
"4442594486","Ptelea crenulata",-120.842716,38.759955,2022,5,5,"US","HUMAN_OBSERVATION","Ptelea crenulata"
"3772995289","Ptelea crenulata",-121.914153,37.881591,2022,5,7,"US","HUMAN_OBSERVATION","Ptelea crenulata"
"3772959429","Ptelea crenulata",-120.843407,38.760923,2022,5,5,"US","HUMAN_OBSERVATION","Ptelea crenulata"
"3772519631","Ptelea crenulata",-121.93878,37.891145,2022,5,9,"US","HUMAN_OBSERVATION","Ptelea crenulata"
"3772921113","Ptelea crenulata",-121.934771,37.910867,2022,5,9,"US","HUMAN_OBSERVATION","Ptelea crenulata"
"3772860391","Ptelea crenulata",-121.9346,37.910837,2022,5,9,"US","HUMAN_OBSERVATION","Ptelea crenulata"
"3773560759","Ptelea crenulata",-121.934378,37.907967,2022,5,11,"US","HUMAN_OBSERVATION","Ptelea crenulata"
"4442548523","Ptelea crenulata",-121.934638,37.910897,2022,5,11,"US","HUMAN_OBSERVATION","Ptelea crenulata"
"3785072027","Ptelea crenulata",-121.942995,37.914955,2022,5,15,"US","HUMAN_OBSERVATION","Ptelea crenulata"
"4442394517","Ptelea crenulata",-122.189456,40.261814,2022,5,16,"US","HUMAN_OBSERVATION","Ptelea crenulata"
"4442362502","Ptelea crenulata",-121.892333,37.951017,2022,5,17,"US","HUMAN_OBSERVATION","Ptelea crenulata"
"4442398499","Ptelea crenulata",-121.866363,37.954758,2022,5,16,"US","HUMAN_OBSERVATION","Ptelea crenulata"
"3785053228","Ptelea crenulata",-121.943597,37.913747,2022,5,15,"US","HUMAN_OBSERVATION","Ptelea crenulata"
"4442571500","Ptelea crenulata",-121.993478,40.479247,2022,5,20,"US","HUMAN_OBSERVATION","Ptelea crenulata"
"4442473492","Ptelea crenulata",-121.324197,38.601605,2022,5,20,"US","HUMAN_OBSERVATION","Ptelea crenulata"
"3858328301","Ptelea crenulata",-121.930411,37.877156,2022,5,26,"US","HUMAN_OBSERVATION","Ptelea crenulata"
"4442578498","Ptelea crenulata",-121.864122,37.958182,2022,5,28,"US","HUMAN_OBSERVATION","Ptelea crenulata"
"4442625482","Ptelea crenulata",-121.86389,37.958403,2022,5,28,"US","HUMAN_OBSERVATION","Ptelea crenulata"
"4034639436","Ptelea crenulata",-121.943536,37.913833,2022,5,28,"US","HUMAN_OBSERVATION","Ptelea crenulata"
"3860436898","Ptelea crenulata",-121.931337,37.876642,2022,5,29,"US","HUMAN_OBSERVATION","Ptelea crenulata"
"3889017679","Ptelea crenulata",-121.941526,37.92034,2022,5,27,"US","HUMAN_OBSERVATION","Ptelea crenulata"
"4442620458","Ptelea crenulata",-122.672101,38.943972,2022,6,3,"US","HUMAN_OBSERVATION","Ptelea crenulata"
"3859947706","Ptelea crenulata",-121.330237,38.595252,2022,6,5,"US","HUMAN_OBSERVATION","Ptelea crenulata"
"4442640517","Ptelea crenulata",-121.881551,40.395638,2022,6,13,"US","HUMAN_OBSERVATION","Ptelea crenulata"
"3859503883","Ptelea crenulata",-122.181039,40.271817,2022,6,15,"US","HUMAN_OBSERVATION","Ptelea crenulata"
"3860059315","Ptelea crenulata",-121.931624,37.88943,2022,6,18,"US","HUMAN_OBSERVATION","Ptelea crenulata"
"4430378872","Ptelea crenulata",-121.984661,37.877651,2022,6,17,"US","HUMAN_OBSERVATION","Ptelea crenulata"
"4442594505","Ptelea crenulata",-121.859102,37.960568,2022,6,23,"US","HUMAN_OBSERVATION","Ptelea crenulata"
"3860508953","Ptelea crenulata",-121.931343,37.876617,2022,6,24,"US","HUMAN_OBSERVATION","Ptelea crenulata"
"4442378553","Ptelea crenulata",-121.921458,37.87612,2022,7,17,"US","HUMAN_OBSERVATION","Ptelea crenulata"
"4442545580","Ptelea crenulata",-121.9215,37.876117,2022,7,17,"US","HUMAN_OBSERVATION","Ptelea crenulata"
"4442635524","Ptelea crenulata",-121.921702,37.876123,2022,7,17,"US","HUMAN_OBSERVATION","Ptelea crenulata"
"3873898233","Ptelea crenulata",-121.921672,37.876218,2022,7,17,"US","HUMAN_OBSERVATION","Ptelea crenulata"
"3873900816","Ptelea crenulata",-121.93071,37.876748,2022,7,17,"US","HUMAN_OBSERVATION","Ptelea crenulata"
"3873917114","Ptelea crenulata",-121.930828,37.877198,2022,7,17,"US","HUMAN_OBSERVATION","Ptelea crenulata"
"3881368966","Ptelea crenulata",-121.955211,37.916525,2022,7,28,"US","HUMAN_OBSERVATION","Ptelea crenulata"
"4442529512","Ptelea crenulata",-122.792188,38.968188,2022,7,13,"US","HUMAN_OBSERVATION","Ptelea crenulata"
"4075616715","Ptelea crenulata",-122.141843,37.951289,2022,8,4,"US","HUMAN_OBSERVATION","Ptelea crenulata"
"3902384252","Ptelea crenulata",-121.942878,37.89635,2022,8,18,"US","HUMAN_OBSERVATION","Ptelea crenulata"
"3947330465","Ptelea crenulata",-122.150067,38.017783,2022,10,22,"US","HUMAN_OBSERVATION","Ptelea crenulata"
"3986139241","Ptelea crenulata",-121.943504,37.913731,2022,10,20,"US","HUMAN_OBSERVATION","Ptelea crenulata"
"3986095968","Ptelea crenulata",-122.808432,39.005961,2022,11,15,"US","HUMAN_OBSERVATION","Ptelea crenulata"
"4075681775","Ptelea crenulata",-122.118332,37.936532,2022,11,15,"US","HUMAN_OBSERVATION","Ptelea crenulata"
"4006723922","Ptelea crenulata",-121.943707,37.909193,2022,12,16,"US","HUMAN_OBSERVATION","Ptelea crenulata"
"4006697941","Ptelea crenulata",-121.932625,37.899947,2022,12,16,"US","HUMAN_OBSERVATION","Ptelea crenulata"
"3059038730","Ptelea crenulata",-121.863804,37.958658,2021,2,28,"US","HUMAN_OBSERVATION","Ptelea crenulata"
"3384645887","Ptelea crenulata",-121.936058,37.908583,2021,2,7,"US","HUMAN_OBSERVATION","Ptelea crenulata"
"3456452505","Ptelea crenulata",-121.72593,39.791572,2021,3,11,"US","HUMAN_OBSERVATION","Ptelea crenulata"
"3858211929","Ptelea crenulata",-121.726745,39.78918,2021,3,25,"US","HUMAN_OBSERVATION","Ptelea crenulata"
"3061749583","Ptelea crenulata",-121.927972,37.903362,2021,3,14,"US","HUMAN_OBSERVATION","Ptelea crenulata"
"3068123802","Ptelea crenulata",-121.865794,37.954663,2021,3,19,"US","HUMAN_OBSERVATION","Ptelea crenulata"
"3070713792","Ptelea crenulata",-121.936112,37.908588,2021,3,26,"US","HUMAN_OBSERVATION","Ptelea crenulata"
"3070729659","Ptelea crenulata",-121.938538,37.912995,2021,3,8,"US","HUMAN_OBSERVATION","Ptelea crenulata"
"3070535946","Ptelea crenulata",-121.956235,37.898978,2021,3,29,"US","HUMAN_OBSERVATION","Ptelea crenulata"
"3070537604","Ptelea crenulata",-121.929383,37.903992,2021,3,30,"US","HUMAN_OBSERVATION","Ptelea crenulata"
"3070681840","Ptelea crenulata",-121.922244,37.898989,2021,3,30,"US","HUMAN_OBSERVATION","Ptelea crenulata"
"3079814538","Ptelea crenulata",-121.917472,37.893523,2021,3,31,"US","HUMAN_OBSERVATION","Ptelea crenulata"
"3079498233","Ptelea crenulata",-121.895837,37.907995,2021,4,1,"US","HUMAN_OBSERVATION","Ptelea crenulata"
"3097079548","Ptelea crenulata",-120.844611,38.761705,2021,4,2,"US","HUMAN_OBSERVATION","Ptelea crenulata"
"3097090532","Ptelea crenulata",-120.843086,38.762677,2021,4,2,"US","HUMAN_OBSERVATION","Ptelea crenulata"
"3097006522","Ptelea crenulata",-120.802068,38.805412,2021,4,2,"US","HUMAN_OBSERVATION","Ptelea crenulata"
"3455295966","Ptelea crenulata",-121.889063,37.613363,2021,4,4,"US","HUMAN_OBSERVATION","Ptelea crenulata"
"3097090540","Ptelea crenulata",-122.581507,38.952045,2021,4,4,"US","HUMAN_OBSERVATION","Ptelea crenulata"
"3097274498","Ptelea crenulata",-121.867233,37.955428,2021,4,6,"US","HUMAN_OBSERVATION","Ptelea crenulata"
"3079742036","Ptelea crenulata",-121.995797,37.930272,2021,4,7,"US","HUMAN_OBSERVATION","Ptelea crenulata"
"3090840016","Ptelea crenulata",-121.939955,37.883213,2021,4,7,"US","HUMAN_OBSERVATION","Ptelea crenulata"
"3090624138","Ptelea crenulata",-121.911819,37.898394,2021,4,6,"US","HUMAN_OBSERVATION","Ptelea crenulata"
"3097037565","Ptelea crenulata",-121.888497,37.952655,2021,4,11,"US","HUMAN_OBSERVATION","Ptelea crenulata"
"3090890482","Ptelea crenulata",-121.953475,37.907192,2021,4,11,"US","HUMAN_OBSERVATION","Ptelea crenulata"
"3097054571","Ptelea crenulata",-122.143537,38.25035,2021,4,11,"US","HUMAN_OBSERVATION","Ptelea crenulata"
"3097061701","Ptelea crenulata",-121.902973,37.888623,2021,4,15,"US","HUMAN_OBSERVATION","Ptelea crenulata"
"3097068838","Ptelea crenulata",-120.842467,38.760791,2021,4,16,"US","HUMAN_OBSERVATION","Ptelea crenulata"
"3097281902","Ptelea crenulata",-121.937739,37.888632,2021,4,17,"US","HUMAN_OBSERVATION","Ptelea crenulata"
"3097217402","Ptelea crenulata",-121.921639,37.653802,2021,4,20,"US","HUMAN_OBSERVATION","Ptelea crenulata"
"3097249703","Ptelea crenulata",-121.921678,37.653867,2021,4,20,"US","HUMAN_OBSERVATION","Ptelea crenulata"
"3097411719","Ptelea crenulata",-121.785898,37.846398,2021,4,21,"US","HUMAN_OBSERVATION","Ptelea crenulata"
"3109075664","Ptelea crenulata",-121.785346,37.847006,2021,4,23,"US","HUMAN_OBSERVATION","Ptelea crenulata"
"3108977693","Ptelea crenulata",-121.93947,37.893647,2021,4,23,"US","HUMAN_OBSERVATION","Ptelea crenulata"
"3109166914","Ptelea crenulata",-121.930275,37.895405,2021,4,25,"US","HUMAN_OBSERVATION","Ptelea crenulata"
"3455300200","Ptelea crenulata",-121.988007,37.937073,2021,4,26,"US","HUMAN_OBSERVATION","Ptelea crenulata"
"3109071189","Ptelea crenulata",-121.917045,37.898753,2021,4,26,"US","HUMAN_OBSERVATION","Ptelea crenulata"
"3859296664","Ptelea crenulata",-121.919388,37.90587,2021,4,26,"US","HUMAN_OBSERVATION","Ptelea crenulata"
"3112298860","Ptelea crenulata",-121.989376,37.940513,2021,4,30,"US","HUMAN_OBSERVATION","Ptelea crenulata"
"3391637415","Ptelea crenulata",-121.850289,37.847873,2021,4,27,"US","HUMAN_OBSERVATION","Ptelea crenulata"
"3112723106","Ptelea crenulata",-121.930088,37.903639,2021,4,29,"US","HUMAN_OBSERVATION","Ptelea crenulata"
"3112465536","Ptelea crenulata",-121.917053,37.898839,2021,4,26,"US","HUMAN_OBSERVATION","Ptelea crenulata"
"3113310647","Ptelea crenulata",-121.919715,37.906164,2021,4,28,"US","HUMAN_OBSERVATION","Ptelea crenulata"
"3113310655","Ptelea crenulata",-121.096358,38.55072,2021,4,24,"US","HUMAN_OBSERVATION","Ptelea crenulata"
"3113348789","Ptelea crenulata",-122.142467,38.250247,2021,4,30,"US","HUMAN_OBSERVATION","Ptelea crenulata"
"3113558887","Ptelea crenulata",-121.919536,37.901667,2021,4,28,"US","HUMAN_OBSERVATION","Ptelea crenulata"
"3456166297","Ptelea crenulata",-121.916752,37.898019,2021,4,28,"US","HUMAN_OBSERVATION","Ptelea crenulata"
"3124746330","Ptelea crenulata",-121.936945,37.904788,2021,4,3,"US","HUMAN_OBSERVATION","Ptelea crenulata"
"3391309405","Ptelea crenulata",-122.140975,37.950388,2021,5,1,"US","HUMAN_OBSERVATION","Ptelea crenulata"
"3112587716","Ptelea crenulata",-121.93978,37.884358,2021,5,1,"US","HUMAN_OBSERVATION","Ptelea crenulata"
"3302190543","Ptelea crenulata",-121.888795,37.952733,2021,5,2,"US","HUMAN_OBSERVATION","Ptelea crenulata"
"3112475777","Ptelea crenulata",-121.783503,37.836678,2021,5,1,"US","HUMAN_OBSERVATION","Ptelea crenulata"
"3112425541","Ptelea crenulata",-121.91698,37.898739,2021,5,4,"US","HUMAN_OBSERVATION","Ptelea crenulata"
"3112792535","Ptelea crenulata",-121.91622,37.896972,2021,5,4,"US","HUMAN_OBSERVATION","Ptelea crenulata"
"3112929881","Ptelea crenulata",-122.141194,37.950566,2021,5,1,"US","HUMAN_OBSERVATION","Ptelea crenulata"
"3113499629","Ptelea crenulata",-120.84307,38.760261,2021,5,5,"US","HUMAN_OBSERVATION","Ptelea crenulata"
"3113305741","Ptelea crenulata",-121.958382,37.913262,2021,5,7,"US","HUMAN_OBSERVATION","Ptelea crenulata"
"3859371647","Ptelea crenulata",-122.150314,38.01782,2021,5,9,"US","HUMAN_OBSERVATION","Ptelea crenulata"
"3113678511","Ptelea crenulata",-121.914487,37.896974,2021,5,8,"US","HUMAN_OBSERVATION","Ptelea crenulata"
"3456302226","Ptelea crenulata",-121.942558,37.91328,2021,5,12,"US","HUMAN_OBSERVATION","Ptelea crenulata"
"3118398656","Ptelea crenulata",-121.94355,37.913743,2021,5,14,"US","HUMAN_OBSERVATION","Ptelea crenulata"
"3118387821","Ptelea crenulata",-121.096675,38.550611,2021,5,15,"US","HUMAN_OBSERVATION","Ptelea crenulata"
"3118468372","Ptelea crenulata",-121.933483,37.877739,2021,5,8,"US","HUMAN_OBSERVATION","Ptelea crenulata"
"3118193368","Ptelea crenulata",-121.931057,37.877469,2021,5,18,"US","HUMAN_OBSERVATION","Ptelea crenulata"
"3320859466","Ptelea crenulata",-121.866361,37.954548,2021,5,16,"US","HUMAN_OBSERVATION","Ptelea crenulata"
"3384548740","Ptelea crenulata",-121.330237,38.595252,2021,5,15,"US","HUMAN_OBSERVATION","Ptelea crenulata"
"3118238709","Ptelea crenulata",-121.931092,37.877492,2021,5,18,"US","HUMAN_OBSERVATION","Ptelea crenulata"
"3320903459","Ptelea crenulata",-121.892303,37.951139,2021,5,20,"US","HUMAN_OBSERVATION","Ptelea crenulata"
"3302501265","Ptelea crenulata",-121.921608,37.65387,2021,5,28,"US","HUMAN_OBSERVATION","Ptelea crenulata"
"3301823500","Ptelea crenulata",-121.939012,37.888851,2021,5,29,"US","HUMAN_OBSERVATION","Ptelea crenulata"
"3302183751","Ptelea crenulata",-121.930599,37.895589,2021,5,29,"US","HUMAN_OBSERVATION","Ptelea crenulata"
"3302041632","Ptelea crenulata",-121.839133,37.886288,2021,6,1,"US","HUMAN_OBSERVATION","Ptelea crenulata"
"3302215624","Ptelea crenulata",-121.995766,37.930198,2021,6,2,"US","HUMAN_OBSERVATION","Ptelea crenulata"
"3307366085","Ptelea crenulata",-121.92952,37.903939,2021,6,12,"US","HUMAN_OBSERVATION","Ptelea crenulata"
"3325543860","Ptelea crenulata",-121.961297,37.868722,2021,7,3,"US","HUMAN_OBSERVATION","Ptelea crenulata"
"3383888881","Ptelea crenulata",-122.225622,37.999137,2021,7,17,"US","HUMAN_OBSERVATION","Ptelea crenulata"
"3333134085","Ptelea crenulata",-122.225506,37.999347,2021,7,25,"US","HUMAN_OBSERVATION","Ptelea crenulata"
"3355631131","Ptelea crenulata",-121.921139,37.876387,2021,9,3,"US","HUMAN_OBSERVATION","Ptelea crenulata"
"3873016520","Ptelea crenulata",-119.361996,37.147406,2021,9,15,"US","HUMAN_OBSERVATION","Ptelea crenulata"
"4096868427","Ptelea crenulata",-122.024022,37.619791,2021,10,19,"US","HUMAN_OBSERVATION","Ptelea crenulata"
"3408008177","Ptelea crenulata",-121.928915,37.903585,2021,11,3,"US","HUMAN_OBSERVATION","Ptelea crenulata"
"3415589643","Ptelea crenulata",-121.943488,37.91367,2021,11,16,"US","HUMAN_OBSERVATION","Ptelea crenulata"
"3457047341","Ptelea crenulata",-121.867306,37.9552,2021,12,5,"US","HUMAN_OBSERVATION","Ptelea crenulata"
"2573948587","Ptelea crenulata",-121.936109,37.906738,2020,2,20,"US","HUMAN_OBSERVATION","Ptelea crenulata"
"2576251656","Ptelea crenulata",-121.941918,37.916609,2020,2,27,"US","HUMAN_OBSERVATION","Ptelea crenulata"
"2579336966","Ptelea crenulata",-121.903015,37.888678,2020,3,5,"US","HUMAN_OBSERVATION","Ptelea crenulata"
"2580263806","Ptelea crenulata",-122.168797,40.278083,2020,3,11,"US","HUMAN_OBSERVATION","Ptelea crenulata"
"2580110543","Ptelea crenulata",-122.16845,40.278363,2020,3,11,"US","HUMAN_OBSERVATION","Ptelea crenulata"
"2988343424","Ptelea crenulata",-121.947226,37.915543,2020,3,10,"US","HUMAN_OBSERVATION","Ptelea crenulata"
"2596077427","Ptelea crenulata",-121.942787,37.896153,2020,3,21,"US","HUMAN_OBSERVATION","Ptelea crenulata"
"2596103421","Ptelea crenulata",-121.92059,37.878881,2020,3,21,"US","HUMAN_OBSERVATION","Ptelea crenulata"
"2596054572","Ptelea crenulata",-121.936117,37.906125,2020,3,21,"US","HUMAN_OBSERVATION","Ptelea crenulata"
"3384307442","Ptelea crenulata",-121.923365,37.900187,2020,3,18,"US","HUMAN_OBSERVATION","Ptelea crenulata"
"2596188211","Ptelea crenulata",-121.987523,37.879037,2020,3,25,"US","HUMAN_OBSERVATION","Ptelea crenulata"
"3391382344","Ptelea crenulata",-121.987874,37.879235,2020,3,25,"US","HUMAN_OBSERVATION","Ptelea crenulata"
"2596213319","Ptelea crenulata",-121.88351,37.899306,2020,4,2,"US","HUMAN_OBSERVATION","Ptelea crenulata"
"2597720233","Ptelea crenulata",-122.216653,38.04005,2020,4,1,"US","HUMAN_OBSERVATION","Ptelea crenulata"
"2597770097","Ptelea crenulata",-121.95578,37.899333,2020,4,9,"US","HUMAN_OBSERVATION","Ptelea crenulata"
"2597895102","Ptelea crenulata",-121.921719,37.653839,2020,4,9,"US","HUMAN_OBSERVATION","Ptelea crenulata"
"2609121739","Ptelea crenulata",-121.913605,37.899887,2020,4,18,"US","HUMAN_OBSERVATION","Ptelea crenulata"
"2988527433","Ptelea crenulata",-122.115653,37.934983,2020,4,19,"US","HUMAN_OBSERVATION","Ptelea crenulata"
"3391367323","Ptelea crenulata",-121.989757,37.941596,2020,4,21,"US","HUMAN_OBSERVATION","Ptelea crenulata"
"2626278729","Ptelea crenulata",-122.169722,40.27898,2020,4,21,"US","HUMAN_OBSERVATION","Ptelea crenulata"
"3039183480","Ptelea crenulata",-121.330237,38.595252,2020,4,24,"US","HUMAN_OBSERVATION","Ptelea crenulata"
"2988346431","Ptelea crenulata",-122.111953,37.891408,2020,4,25,"US","HUMAN_OBSERVATION","Ptelea crenulata"
"2611217858","Ptelea crenulata",-121.931044,37.912186,2020,4,25,"US","HUMAN_OBSERVATION","Ptelea crenulata"
"3008545382","Ptelea crenulata",-121.934739,37.911018,2020,4,25,"US","HUMAN_OBSERVATION","Ptelea crenulata"
"3391370340","Ptelea crenulata",-122.146378,37.940502,2020,4,24,"US","HUMAN_OBSERVATION","Ptelea crenulata"
"2988574458","Ptelea crenulata",-121.749006,37.858814,2020,4,26,"US","HUMAN_OBSERVATION","Ptelea crenulata"
"2611041969","Ptelea crenulata",-121.895728,37.907722,2020,4,26,"US","HUMAN_OBSERVATION","Ptelea crenulata"
"2641496436","Ptelea crenulata",-121.921704,37.653784,2020,4,27,"US","HUMAN_OBSERVATION","Ptelea crenulata"
"3391717332","Ptelea crenulata",-121.99009,37.942146,2020,4,27,"US","HUMAN_OBSERVATION","Ptelea crenulata"
"2620006755","Ptelea crenulata",-121.803392,37.8329,2020,4,26,"US","HUMAN_OBSERVATION","Ptelea crenulata"
"2611256017","Ptelea crenulata",-121.955178,37.916263,2020,4,27,"US","HUMAN_OBSERVATION","Ptelea crenulata"
"2611292491","Ptelea crenulata",-122.13968,37.949022,2020,4,24,"US","HUMAN_OBSERVATION","Ptelea crenulata"
"2818739403","Ptelea crenulata",-122.793097,38.966408,2020,4,29,"US","HUMAN_OBSERVATION","Ptelea crenulata"
"3391487349","Ptelea crenulata",-121.923065,37.916177,2020,4,23,"US","HUMAN_OBSERVATION","Ptelea crenulata"
"3008401399","Ptelea crenulata",-122.100309,40.300995,2020,4,13,"US","HUMAN_OBSERVATION","Ptelea crenulata"
"2619970567","Ptelea crenulata",-121.924652,37.90464,2020,5,2,"US","HUMAN_OBSERVATION","Ptelea crenulata"
"2988590464","Ptelea crenulata",-121.996656,37.931971,2020,5,2,"US","HUMAN_OBSERVATION","Ptelea crenulata"
"2988606439","Ptelea crenulata",-121.966383,37.945823,2020,5,8,"US","HUMAN_OBSERVATION","Ptelea crenulata"
"3008522373","Ptelea crenulata",-122.78046,38.976498,2020,5,8,"US","HUMAN_OBSERVATION","Ptelea crenulata"
"3008384376","Ptelea crenulata",-122.090309,40.708347,2020,5,10,"US","HUMAN_OBSERVATION","Ptelea crenulata"
"2988479470","Ptelea crenulata",-121.934194,37.910319,2020,5,16,"US","HUMAN_OBSERVATION","Ptelea crenulata"
"2988482469","Ptelea crenulata",-122.157434,37.985484,2020,5,17,"US","HUMAN_OBSERVATION","Ptelea crenulata"
"2988375475","Ptelea crenulata",-121.955795,37.900483,2020,5,14,"US","HUMAN_OBSERVATION","Ptelea crenulata"
"2634015935","Ptelea crenulata",-121.913362,37.89837,2020,5,21,"US","HUMAN_OBSERVATION","Ptelea crenulata"
"3384627462","Ptelea crenulata",-122.141075,37.95057,2020,5,6,"US","HUMAN_OBSERVATION","Ptelea crenulata"
"3008486421","Ptelea crenulata",-120.844604,38.761705,2020,5,10,"US","HUMAN_OBSERVATION","Ptelea crenulata"
"3008398376","Ptelea crenulata",-120.844564,38.761727,2020,5,10,"US","HUMAN_OBSERVATION","Ptelea crenulata"
"2988561488","Ptelea crenulata",-121.917642,37.955203,2020,5,22,"US","HUMAN_OBSERVATION","Ptelea crenulata"
"2641590634","Ptelea crenulata",-121.911228,37.88482,2020,6,9,"US","HUMAN_OBSERVATION","Ptelea crenulata"
"2802646774","Ptelea crenulata",-121.918275,37.889203,2020,6,13,"US","HUMAN_OBSERVATION","Ptelea crenulata"
"2988508521","Ptelea crenulata",-121.866299,37.954707,2020,6,14,"US","HUMAN_OBSERVATION","Ptelea crenulata"
"2803123083","Ptelea crenulata",-121.911347,37.884862,2020,6,20,"US","HUMAN_OBSERVATION","Ptelea crenulata"
"2802697505","Ptelea crenulata",-121.94043,37.895095,2020,6,21,"US","HUMAN_OBSERVATION","Ptelea crenulata"
"3008444401","Ptelea crenulata",-122.132284,37.988912,2020,6,21,"US","HUMAN_OBSERVATION","Ptelea crenulata"
"2802828600","Ptelea crenulata",-121.940545,37.89513,2020,6,21,"US","HUMAN_OBSERVATION","Ptelea crenulata"
"3008386401","Ptelea crenulata",-122.213802,40.164117,2020,6,13,"US","HUMAN_OBSERVATION","Ptelea crenulata"
"2814184941","Ptelea crenulata",-121.931813,37.88937,2020,6,25,"US","HUMAN_OBSERVATION","Ptelea crenulata"
"3391648351","Ptelea crenulata",-121.957009,37.905393,2020,6,25,"US","HUMAN_OBSERVATION","Ptelea crenulata"
"2823081164","Ptelea crenulata",-121.913264,37.899599,2020,7,20,"US","HUMAN_OBSERVATION","Ptelea crenulata"
"2980985445","Ptelea crenulata",-122.221325,38.046394,2020,8,2,"US","HUMAN_OBSERVATION","Ptelea crenulata"
"4416899335","Ptelea crenulata",-121.959495,37.912928,2020,8,4,"US","HUMAN_OBSERVATION","Ptelea crenulata"
"4510019405","Ptelea crenulata",-121.921592,37.653838,2020,9,18,"US","HUMAN_OBSERVATION","Ptelea crenulata"
"2883133589","Ptelea crenulata",-121.92948,37.903787,2020,9,16,"US","HUMAN_OBSERVATION","Ptelea crenulata"
"2981077811","Ptelea crenulata",-121.939388,37.888713,2020,10,31,"US","HUMAN_OBSERVATION","Ptelea crenulata"
"2980856798","Ptelea crenulata",-121.929148,37.89592,2020,10,31,"US","HUMAN_OBSERVATION","Ptelea crenulata"
"3008477515","Ptelea crenulata",-121.926375,37.877497,2020,11,11,"US","HUMAN_OBSERVATION","Ptelea crenulata"
"3008529509","Ptelea crenulata",-121.928236,37.891065,2020,11,16,"US","HUMAN_OBSERVATION","Ptelea crenulata"
"2988382814","Ptelea crenulata",-121.913904,37.897041,2020,11,21,"US","HUMAN_OBSERVATION","Ptelea crenulata"
"3058713188","Ptelea crenulata",-121.916953,37.898762,2020,11,15,"US","HUMAN_OBSERVATION","Ptelea crenulata"
"3067846328","Ptelea crenulata",-121.92962,37.903755,2020,12,20,"US","HUMAN_OBSERVATION","Ptelea crenulata"
"3018148710","Ptelea crenulata",-120.843519,38.762326,2020,12,31,"US","HUMAN_OBSERVATION","Ptelea crenulata"
"2456495300","Ptelea crenulata",-121.934025,37.910037,2019,3,1,"US","HUMAN_OBSERVATION","Ptelea crenulata"
"2456495555","Ptelea crenulata",-121.956078,37.915723,2019,3,17,"US","HUMAN_OBSERVATION","Ptelea crenulata"
"2456495560","Ptelea crenulata",-121.949541,37.911102,2019,3,17,"US","HUMAN_OBSERVATION","Ptelea crenulata"
"2242750794","Ptelea crenulata",-121.988094,37.938324,2019,3,19,"US","HUMAN_OBSERVATION","Ptelea crenulata"
"2456496183","Ptelea crenulata",-121.931599,37.877716,2019,4,17,"US","HUMAN_OBSERVATION","Ptelea crenulata"
"2456496188","Ptelea crenulata",-121.919563,37.901588,2019,4,17,"US","HUMAN_OBSERVATION","Ptelea crenulata"
"2236918103","Ptelea crenulata",-121.931092,37.910508,2019,4,17,"US","HUMAN_OBSERVATION","Ptelea crenulata"
"2236918001","Ptelea crenulata",-121.931092,37.910508,2019,4,17,"US","HUMAN_OBSERVATION","Ptelea crenulata"
"2236924789","Ptelea crenulata",-121.930562,37.889423,2019,4,14,"US","HUMAN_OBSERVATION","Ptelea crenulata"
"2456496335","Ptelea crenulata",-121.948271,37.899745,2019,4,21,"US","HUMAN_OBSERVATION","Ptelea crenulata"
"2445077398","Ptelea crenulata",-121.943382,37.896328,2019,4,20,"US","HUMAN_OBSERVATION","Ptelea crenulata"
"2237495606","Ptelea crenulata",-121.916742,37.898067,2019,4,20,"US","HUMAN_OBSERVATION","Ptelea crenulata"
"2456496676","Ptelea crenulata",-121.911872,37.898333,2019,4,27,"US","HUMAN_OBSERVATION","Ptelea crenulata"
"2456496697","Ptelea crenulata",-121.863883,37.958492,2019,4,27,"US","HUMAN_OBSERVATION","Ptelea crenulata"
"2238887857","Ptelea crenulata",-121.949342,37.903145,2019,4,27,"US","HUMAN_OBSERVATION","Ptelea crenulata"
"3008387332","Ptelea crenulata",-122.391121,40.591095,2019,4,27,"US","HUMAN_OBSERVATION","Ptelea crenulata"
"2456496815","Ptelea crenulata",-121.939721,37.895419,2019,4,28,"US","HUMAN_OBSERVATION","Ptelea crenulata"
"2456496844","Ptelea crenulata",-121.865142,37.955178,2019,4,27,"US","HUMAN_OBSERVATION","Ptelea crenulata"
"2238989804","Ptelea crenulata",-122.14077,37.950258,2019,4,27,"US","HUMAN_OBSERVATION","Ptelea crenulata"
"3399210405","Ptelea crenulata",-121.931291,37.877519,2019,4,28,"US","HUMAN_OBSERVATION","Ptelea crenulata"
"2456496934","Ptelea crenulata",-121.956008,37.905797,2019,4,30,"US","HUMAN_OBSERVATION","Ptelea crenulata"
"2239019824","Ptelea crenulata",-121.919419,37.905828,2019,4,28,"US","HUMAN_OBSERVATION","Ptelea crenulata"
"3014025364","Ptelea crenulata",-121.865401,37.971462,2019,4,29,"US","HUMAN_OBSERVATION","Ptelea crenulata"
"2239042254","Ptelea crenulata",-121.913313,37.899552,2019,4,28,"US","HUMAN_OBSERVATION","Ptelea crenulata"
"2242838813","Ptelea crenulata",-121.954516,37.910933,2019,4,27,"US","HUMAN_OBSERVATION","Ptelea crenulata"
"2423236710","Ptelea crenulata",-121.936653,37.899425,2019,4,21,"US","HUMAN_OBSERVATION","Ptelea crenulata"
"3758966648","Ptelea crenulata",-121.71239,39.806001,2019,4,29,"US","PRESERVED_SPECIMEN","Ptelea crenulata"
"4063007280","Ptelea crenulata",-121.908721,37.881096,2019,5,30,"US","HUMAN_OBSERVATION","Ptelea crenulata"
"2465102338","Ptelea crenulata",-121.361175,37.11367,2019,5,4,"US","HUMAN_OBSERVATION","Ptelea crenulata"
"2456497232","Ptelea crenulata",-121.927422,37.90307,2019,5,7,"US","HUMAN_OBSERVATION","Ptelea crenulata"
"3391397312","Ptelea crenulata",-121.948442,37.899708,2019,5,6,"US","HUMAN_OBSERVATION","Ptelea crenulata"
"3008493336","Ptelea crenulata",-122.795802,38.970369,2019,5,11,"US","HUMAN_OBSERVATION","Ptelea crenulata"
"2242961870","Ptelea crenulata",-121.953406,37.907392,2019,5,12,"US","HUMAN_OBSERVATION","Ptelea crenulata"
"2251846609","Ptelea crenulata",-121.953483,37.907174,2019,5,12,"US","HUMAN_OBSERVATION","Ptelea crenulata"
"2244220278","Ptelea crenulata",-121.934692,37.91095,2019,5,12,"US","HUMAN_OBSERVATION","Ptelea crenulata"
"3070273604","Ptelea crenulata",-120.843667,38.761825,2019,5,14,"US","HUMAN_OBSERVATION","Ptelea crenulata"
"2456497612","Ptelea crenulata",-121.940041,37.895031,2019,5,17,"US","HUMAN_OBSERVATION","Ptelea crenulata"
"3008438341","Ptelea crenulata",-118.866913,36.450382,2019,5,19,"US","HUMAN_OBSERVATION","Ptelea crenulata"
"2456497983","Ptelea crenulata",-121.913398,37.898364,2019,5,25,"US","HUMAN_OBSERVATION","Ptelea crenulata"
"2465105004","Ptelea crenulata",-118.864922,36.451375,2019,5,27,"US","HUMAN_OBSERVATION","Ptelea crenulata"
"2251961440","Ptelea crenulata",-121.930866,37.877082,2019,5,29,"US","HUMAN_OBSERVATION","Ptelea crenulata"
"2251963275","Ptelea crenulata",-121.928846,37.877669,2019,5,29,"US","HUMAN_OBSERVATION","Ptelea crenulata"
"2459170993","Ptelea crenulata",-121.623539,36.951,2019,5,3,"US","PRESERVED_SPECIMEN","Ptelea crenulata"
"2252004697","Ptelea crenulata",-121.866295,37.954647,2019,6,1,"US","HUMAN_OBSERVATION","Ptelea crenulata"
"3008430336","Ptelea crenulata",-122.789542,38.974523,2019,6,1,"US","HUMAN_OBSERVATION","Ptelea crenulata"
"2252022539","Ptelea crenulata",-121.931306,37.87686,2019,6,2,"US","HUMAN_OBSERVATION","Ptelea crenulata"
"2252033679","Ptelea crenulata",-121.933,37.877564,2019,6,2,"US","HUMAN_OBSERVATION","Ptelea crenulata"
"2252034479","Ptelea crenulata",-121.933578,37.877839,2019,6,2,"US","HUMAN_OBSERVATION","Ptelea crenulata"
"2456498551","Ptelea crenulata",-121.865755,37.954628,2019,6,1,"US","HUMAN_OBSERVATION","Ptelea crenulata"
"2269279663","Ptelea crenulata",-121.885113,37.952925,2019,6,16,"US","HUMAN_OBSERVATION","Ptelea crenulata"
"2269292614","Ptelea crenulata",-121.911152,37.884967,2019,6,13,"US","HUMAN_OBSERVATION","Ptelea crenulata"
"3008461333","Ptelea crenulata",-122.004514,40.171911,2019,6,7,"US","HUMAN_OBSERVATION","Ptelea crenulata"
"2283105953","Ptelea crenulata",-121.930438,37.877163,2019,6,30,"US","HUMAN_OBSERVATION","Ptelea crenulata"
"2283118459","Ptelea crenulata",-121.93044,37.88941,2019,6,30,"US","HUMAN_OBSERVATION","Ptelea crenulata"
"2456500371","Ptelea crenulata",-121.919555,37.8932,2019,7,4,"US","HUMAN_OBSERVATION","Ptelea crenulata"
"3008523343","Ptelea crenulata",-121.953683,37.916162,2019,9,14,"US","HUMAN_OBSERVATION","Ptelea crenulata"
"2456507149","Ptelea crenulata",-121.937327,37.913651,2019,9,17,"US","HUMAN_OBSERVATION","Ptelea crenulata"
"2429338290","Ptelea crenulata",-121.930212,37.877265,2019,10,1,"US","HUMAN_OBSERVATION","Ptelea crenulata"
"2456508606","Ptelea crenulata",-121.930417,37.877206,2019,10,1,"US","HUMAN_OBSERVATION","Ptelea crenulata"
"3391678326","Ptelea crenulata",-122.161711,38.020922,2019,10,1,"US","HUMAN_OBSERVATION","Ptelea crenulata"
"2456510130","Ptelea crenulata",-121.931329,37.91104,2019,10,9,"US","HUMAN_OBSERVATION","Ptelea crenulata"
"2456515830","Ptelea crenulata",-122.216941,38.039157,2019,11,3,"US","HUMAN_OBSERVATION","Ptelea crenulata"
"2641401202","Ptelea crenulata",-121.782314,37.844749,2019,11,27,"US","HUMAN_OBSERVATION","Ptelea crenulata"
"1831170369","Ptelea crenulata",-121.936113,37.908619,2018,2,10,"US","HUMAN_OBSERVATION","Ptelea crenulata"
"4430871316","Ptelea crenulata",-122.032936,40.500237,2018,3,3,"US","HUMAN_OBSERVATION","Ptelea crenulata"
"1836627896","Ptelea crenulata",-121.93853,37.912956,2018,3,13,"US","HUMAN_OBSERVATION","Ptelea crenulata"
"1836653294","Ptelea crenulata",-121.911819,37.898395,2018,3,18,"US","HUMAN_OBSERVATION","Ptelea crenulata"
"1837747667","Ptelea crenulata",-121.940353,37.895095,2018,3,31,"US","HUMAN_OBSERVATION","Ptelea crenulata"
"1837748281","Ptelea crenulata",-121.938663,37.903201,2018,3,31,"US","HUMAN_OBSERVATION","Ptelea crenulata"
"1838010003","Ptelea crenulata",-121.930305,37.895438,2018,4,1,"US","HUMAN_OBSERVATION","Ptelea crenulata"
"1837756656","Ptelea crenulata",-121.921837,37.903605,2018,4,1,"US","HUMAN_OBSERVATION","Ptelea crenulata"
"1837756755","Ptelea crenulata",-121.912963,37.898095,2018,4,1,"US","HUMAN_OBSERVATION","Ptelea crenulata"
"1837758450","Ptelea crenulata",-121.921326,37.903797,2018,4,1,"US","HUMAN_OBSERVATION","Ptelea crenulata"
"1838023706","Ptelea crenulata",-121.896814,37.907176,2018,4,7,"US","HUMAN_OBSERVATION","Ptelea crenulata"
"2573778658","Ptelea crenulata",-121.789565,39.200364,2018,4,14,"US","HUMAN_OBSERVATION","Ptelea crenulata"
"2456491512","Ptelea crenulata",-121.953382,37.907237,2018,4,14,"US","HUMAN_OBSERVATION","Ptelea crenulata"
"1839226617","Ptelea crenulata",-121.940788,37.895458,2018,4,20,"US","HUMAN_OBSERVATION","Ptelea crenulata"
"3014049325","Ptelea crenulata",-121.873633,37.953453,2018,4,21,"US","HUMAN_OBSERVATION","Ptelea crenulata"
"3014103319","Ptelea crenulata",-121.873537,37.953312,2018,4,21,"US","HUMAN_OBSERVATION","Ptelea crenulata"
"3399138381","Ptelea crenulata",-121.888239,37.952597,2018,4,21,"US","HUMAN_OBSERVATION","Ptelea crenulata"
"3014072327","Ptelea crenulata",-121.928857,37.905129,2018,4,21,"US","HUMAN_OBSERVATION","Ptelea crenulata"
"2456491722","Ptelea crenulata",-121.937134,37.916382,2018,4,27,"US","HUMAN_OBSERVATION","Ptelea crenulata"
"1841244207","Ptelea crenulata",-121.961373,37.912102,2018,4,28,"US","HUMAN_OBSERVATION","Ptelea crenulata"
"2456491873","Ptelea crenulata",-122.110252,37.978533,2018,4,28,"US","HUMAN_OBSERVATION","Ptelea crenulata"
"1841296525","Ptelea crenulata",-121.939812,37.8889,2018,4,28,"US","HUMAN_OBSERVATION","Ptelea crenulata"
"1841300165","Ptelea crenulata",-121.919503,37.905783,2018,4,29,"US","HUMAN_OBSERVATION","Ptelea crenulata"
"2242735522","Ptelea crenulata",-121.862926,37.965177,2018,4,30,"US","HUMAN_OBSERVATION","Ptelea crenulata"
"1841310407","Ptelea crenulata",-122.03011,37.930226,2018,4,28,"US","HUMAN_OBSERVATION","Ptelea crenulata"
"1841321778","Ptelea crenulata",-121.93766,37.88857,2018,4,28,"US","HUMAN_OBSERVATION","Ptelea crenulata"
"2465082745","Ptelea crenulata",-121.324165,38.601665,2018,5,3,"US","HUMAN_OBSERVATION","Ptelea crenulata"
"1847453156","Ptelea crenulata",-121.865828,37.954686,2018,5,5,"US","HUMAN_OBSERVATION","Ptelea crenulata"
"1847501560","Ptelea crenulata",-121.248655,37.052387,2018,5,11,"US","HUMAN_OBSERVATION","Ptelea crenulata"
"1847550705","Ptelea crenulata",-121.93354,37.877792,2018,5,18,"US","HUMAN_OBSERVATION","Ptelea crenulata"
"1847556460","Ptelea crenulata",-121.932136,37.877243,2018,5,19,"US","HUMAN_OBSERVATION","Ptelea crenulata"
"1847559515","Ptelea crenulata",-121.922977,37.894789,2018,5,19,"US","HUMAN_OBSERVATION","Ptelea crenulata"
"2465084103","Ptelea crenulata",-121.249359,37.052441,2018,5,30,"US","HUMAN_OBSERVATION","Ptelea crenulata"
"1890064999","Ptelea crenulata",-121.939897,37.895333,2018,5,12,"US","HUMAN_OBSERVATION","Ptelea crenulata"
"1986502797","Ptelea crenulata",-121.938102,37.8918,2018,5,12,"US","HUMAN_OBSERVATION","Ptelea crenulata"
"4442469974","Ptelea crenulata",-122.4525,40.607778,2018,5,6,"US","HUMAN_OBSERVATION","Ptelea crenulata"
"4442380991","Ptelea crenulata",-122.435,40.592222,2018,5,6,"US","HUMAN_OBSERVATION","Ptelea crenulata"
"4442531030","Ptelea crenulata",-122.434722,40.5925,2018,5,27,"US","HUMAN_OBSERVATION","Ptelea crenulata"
"1850981185","Ptelea crenulata",-121.932887,37.878454,2018,6,13,"US","HUMAN_OBSERVATION","Ptelea crenulata"
"1880507377","Ptelea crenulata",-121.903787,37.892703,2018,6,17,"US","HUMAN_OBSERVATION","Ptelea crenulata"
"1880522951","Ptelea crenulata",-121.94033,37.895058,2018,6,18,"US","HUMAN_OBSERVATION","Ptelea crenulata"
"2456492839","Ptelea crenulata",-121.91908,37.889372,2018,7,22,"US","HUMAN_OBSERVATION","Ptelea crenulata"
"1901033012","Ptelea crenulata",-118.864913,36.451408,2018,8,19,"US","HUMAN_OBSERVATION","Ptelea crenulata"
"4430880322","Ptelea crenulata",-122.123058,37.956752,2018,9,1,"US","HUMAN_OBSERVATION","Ptelea crenulata"
"1950018143","Ptelea crenulata",-121.94355,37.913492,2018,12,9,"US","HUMAN_OBSERVATION","Ptelea crenulata"
"3398632335","Ptelea crenulata",-121.927289,37.870868,2017,3,25,"US","HUMAN_OBSERVATION","Ptelea crenulata"
"1457597383","Ptelea crenulata",-121.74789,37.859793,2017,4,1,"US","HUMAN_OBSERVATION","Ptelea crenulata"
"4518949311","Ptelea crenulata",-121.898003,37.905303,2017,4,9,"US","HUMAN_OBSERVATION","Ptelea crenulata"
"2456709702","Ptelea crenulata",-121.920811,37.898305,2017,4,14,"US","HUMAN_OBSERVATION","Ptelea crenulata"
"1500236065","Ptelea crenulata",-121.940506,37.895214,2017,4,14,"US","HUMAN_OBSERVATION","Ptelea crenulata"
"1500241668","Ptelea crenulata",-121.952385,37.916068,2017,4,15,"US","HUMAN_OBSERVATION","Ptelea crenulata"
"1500245108","Ptelea crenulata",-121.866006,37.954346,2017,4,15,"US","HUMAN_OBSERVATION","Ptelea crenulata"
"3399148341","Ptelea crenulata",-121.865703,37.954511,2017,4,15,"US","HUMAN_OBSERVATION","Ptelea crenulata"
"3398975346","Ptelea crenulata",-121.989142,37.940267,2017,4,17,"US","HUMAN_OBSERVATION","Ptelea crenulata"
"3399169350","Ptelea crenulata",-121.931836,37.876686,2017,4,18,"US","HUMAN_OBSERVATION","Ptelea crenulata"
"1837784920","Ptelea crenulata",-121.930389,37.883438,2017,4,15,"US","HUMAN_OBSERVATION","Ptelea crenulata"
"1500301413","Ptelea crenulata",-121.912895,37.899228,2017,4,22,"US","HUMAN_OBSERVATION","Ptelea crenulata"
"1500312250","Ptelea crenulata",-121.961258,37.912251,2017,4,24,"US","HUMAN_OBSERVATION","Ptelea crenulata"
"1586141853","Ptelea crenulata",-121.956001,37.915183,2017,4,24,"US","HUMAN_OBSERVATION","Ptelea crenulata"
"2456496431","Ptelea crenulata",-121.932092,37.899788,2017,5,14,"US","HUMAN_OBSERVATION","Ptelea crenulata"
"3014058346","Ptelea crenulata",-121.929108,37.895787,2017,5,14,"US","HUMAN_OBSERVATION","Ptelea crenulata"
"1562937427","Ptelea crenulata",-121.929232,37.893917,2017,5,14,"US","HUMAN_OBSERVATION","Ptelea crenulata"
"1562939888","Ptelea crenulata",-121.940345,37.895028,2017,5,14,"US","HUMAN_OBSERVATION","Ptelea crenulata"
"1571073899","Ptelea crenulata",-121.913141,37.899791,2017,5,16,"US","HUMAN_OBSERVATION","Ptelea crenulata"
"3399179354","Ptelea crenulata",-121.877357,37.965211,2017,6,1,"US","HUMAN_OBSERVATION","Ptelea crenulata"
"3398673347","Ptelea crenulata",-121.938887,37.894092,2017,6,19,"US","HUMAN_OBSERVATION","Ptelea crenulata"
"1640061748","Ptelea crenulata",-121.93378,37.87858,2017,8,26,"US","HUMAN_OBSERVATION","Ptelea crenulata"
"1640068309","Ptelea crenulata",-121.910078,37.884213,2017,8,26,"US","HUMAN_OBSERVATION","Ptelea crenulata"
"1668825987","Ptelea crenulata",-121.940737,37.884195,2017,9,16,"US","HUMAN_OBSERVATION","Ptelea crenulata"
"1699393891","Ptelea crenulata",-121.940392,37.895096,2017,11,1,"US","HUMAN_OBSERVATION","Ptelea crenulata"
"2465310736","Ptelea crenulata",-121.863715,37.958571,2017,11,11,"US","HUMAN_OBSERVATION","Ptelea crenulata"
"1703189728","Ptelea crenulata",-121.929051,37.904385,2017,11,18,"US","HUMAN_OBSERVATION","Ptelea crenulata"
"3399200317","Ptelea crenulata",-121.863098,37.950641,2016,2,14,"US","HUMAN_OBSERVATION","Ptelea crenulata"
"1993776985","Ptelea crenulata",-121.725762,39.791508,2016,3,26,"US","HUMAN_OBSERVATION","Ptelea crenulata"
"1265552907","Ptelea crenulata",-121.882924,37.899378,2016,4,2,"US","HUMAN_OBSERVATION","Ptelea crenulata"
"1265556153","Ptelea crenulata",-121.747016,37.860238,2016,4,3,"US","HUMAN_OBSERVATION","Ptelea crenulata"
"1265565903","Ptelea crenulata",-121.86386,37.954231,2016,4,8,"US","HUMAN_OBSERVATION","Ptelea crenulata"
"2456501809","Ptelea crenulata",-121.943047,37.914817,2016,4,16,"US","HUMAN_OBSERVATION","Ptelea crenulata"
"1265582296","Ptelea crenulata",-122.21612,38.034668,2016,4,18,"US","HUMAN_OBSERVATION","Ptelea crenulata"
"1677260410","Ptelea crenulata",-121.934875,37.9109,2016,4,18,"US","HUMAN_OBSERVATION","Ptelea crenulata"
"1265588950","Ptelea crenulata",-121.9532,37.916103,2016,4,21,"US","HUMAN_OBSERVATION","Ptelea crenulata"
"2456502322","Ptelea crenulata",-121.952438,37.916117,2016,4,21,"US","HUMAN_OBSERVATION","Ptelea crenulata"
"3014080302","Ptelea crenulata",-121.941399,37.916508,2016,4,16,"US","HUMAN_OBSERVATION","Ptelea crenulata"
"4442620303","Ptelea crenulata",-121.955499,37.91658,2016,4,17,"US","HUMAN_OBSERVATION","Ptelea crenulata"
"2418040604","Ptelea crenulata",-121.779148,40.263629,2016,5,25,"US","PRESERVED_SPECIMEN","Ptelea crenulata"
"2456503486","Ptelea crenulata",-121.952447,37.908183,2016,5,2,"US","HUMAN_OBSERVATION","Ptelea crenulata"
"3398698320","Ptelea crenulata",-121.931366,37.87673,2016,5,3,"US","HUMAN_OBSERVATION","Ptelea crenulata"
"1269574505","Ptelea crenulata",-122.137789,37.98397,2016,5,21,"US","HUMAN_OBSERVATION","Ptelea crenulata"
"2988268431","Ptelea crenulata",-122.021827,38.270612,2016,5,2,"US","HUMAN_OBSERVATION","Ptelea crenulata"
"3398660320","Ptelea crenulata",-121.967039,37.939161,2016,6,17,"US","HUMAN_OBSERVATION","Ptelea crenulata"
"1291088270","Ptelea crenulata",-121.911353,37.884795,2016,6,25,"US","HUMAN_OBSERVATION","Ptelea crenulata"
"1291106713","Ptelea crenulata",-121.940457,37.922193,2016,7,4,"US","HUMAN_OBSERVATION","Ptelea crenulata"
"1291668633","Ptelea crenulata",-121.918167,37.868385,2016,8,5,"US","HUMAN_OBSERVATION","Ptelea crenulata"
"3399098330","Ptelea crenulata",-121.988754,37.880365,2016,8,5,"US","HUMAN_OBSERVATION","Ptelea crenulata"
"4165595302","Ptelea crenulata",-121.748497,37.85948,2016,9,18,"US","HUMAN_OBSERVATION","Ptelea crenulata"
"1088914203","Ptelea crenulata",-121.865837,37.954578,2015,3,8,"US","HUMAN_OBSERVATION","Ptelea crenulata"
"1088923507","Ptelea crenulata",-122.217317,38.041645,2015,3,19,"US","HUMAN_OBSERVATION","Ptelea crenulata"
"1088930853","Ptelea crenulata",-121.93922,37.894073,2015,3,27,"US","HUMAN_OBSERVATION","Ptelea crenulata"
"3059679655","Ptelea crenulata",-121.9222,37.8781,2015,3,24,"US","PRESERVED_SPECIMEN","Ptelea crenulata"
"1838072325","Ptelea crenulata",-122.142949,37.952349,2015,4,6,"US","HUMAN_OBSERVATION","Ptelea crenulata"
"1945418201","Ptelea crenulata",-120.844101,38.764358,2015,4,25,"US","HUMAN_OBSERVATION","Ptelea crenulata"
"1143529060","Ptelea crenulata",-121.987488,37.879037,2015,4,17,"US","HUMAN_OBSERVATION","Ptelea crenulata"
"4022966541","Ptelea crenulata",-121.91465,37.88171,2015,4,15,"US","HUMAN_OBSERVATION","Ptelea crenulata"
"1088972214","Ptelea crenulata",-122.140245,37.955479,2015,5,4,"US","HUMAN_OBSERVATION","Ptelea crenulata"
"1092896441","Ptelea crenulata",-122.14032,37.950124,2015,5,22,"US","HUMAN_OBSERVATION","Ptelea crenulata"
"3014021301","Ptelea crenulata",-122.2727,40.46933,2015,5,17,"US","HUMAN_OBSERVATION","Ptelea crenulata"
"2988371446","Ptelea crenulata",-122.164851,38.203111,2014,3,14,"US","HUMAN_OBSERVATION","Ptelea crenulata"
"2818699384","Ptelea crenulata",-122.174968,38.314433,2014,3,27,"US","HUMAN_OBSERVATION","Ptelea crenulata"
"1453541220","Ptelea crenulata",-121.944981,37.914951,2014,3,17,"US","HUMAN_OBSERVATION","Ptelea crenulata"
"899959728","Ptelea crenulata",-121.937084,37.90012,2014,3,30,"US","HUMAN_OBSERVATION","Ptelea crenulata"
"2456495284","Ptelea crenulata",-122.0178,38.296,2014,4,11,"US","HUMAN_OBSERVATION","Ptelea crenulata"
"1457615143","Ptelea crenulata",-121.915283,37.881357,2014,4,23,"US","HUMAN_OBSERVATION","Ptelea crenulata"
"2576471192","Ptelea crenulata",-121.940686,37.883867,2014,5,20,"US","HUMAN_OBSERVATION","Ptelea crenulata"
"3712417302","Ptelea crenulata",-121.911531,37.884761,2014,5,10,"US","HUMAN_OBSERVATION","Ptelea crenulata"
"910497425","Ptelea crenulata",-121.356858,37.110961,2014,5,11,"US","HUMAN_OBSERVATION","Ptelea crenulata"
"2456647505","Ptelea crenulata",-121.531277,37.176458,2014,5,11,"US","HUMAN_OBSERVATION","Ptelea crenulata"
"911503163","Ptelea crenulata",-121.921272,37.876125,2014,6,2,"US","HUMAN_OBSERVATION","Ptelea crenulata"
"1024193837","Ptelea crenulata",-122.221333,38.046333,2014,7,18,"US","HUMAN_OBSERVATION","Ptelea crenulata"
"2988460429","Ptelea crenulata",-122.008257,38.38505,2014,11,14,"US","HUMAN_OBSERVATION","Ptelea crenulata"
"2456495281","Ptelea crenulata",-121.756041,37.800363,2013,3,2,"US","HUMAN_OBSERVATION","Ptelea crenulata"
"2421759052","Ptelea crenulata",-122.801111,38.998611,2013,5,4,"US","PRESERVED_SPECIMEN","Ptelea crenulata"
"891147630","Ptelea crenulata",-121.85223,37.957971,2013,5,4,"US","HUMAN_OBSERVATION","Ptelea crenulata"
"891153174","Ptelea crenulata",-121.938833,37.891333,2013,5,14,"US","HUMAN_OBSERVATION","Ptelea crenulata"
"2465190613","Ptelea crenulata",-121.923866,37.877157,2013,11,7,"US","HUMAN_OBSERVATION","Ptelea crenulata"
"1052578962","Ptelea crenulata",-121.861398,37.971782,2012,4,28,"US","HUMAN_OBSERVATION","Ptelea crenulata"
"2418037595","Ptelea crenulata",-121.731111,39.794722,2012,4,30,"US","PRESERVED_SPECIMEN","Ptelea crenulata"
"2456628501","Ptelea crenulata",-121.961434,37.912191,2012,4,29,"US","HUMAN_OBSERVATION","Ptelea crenulata"
"2430089070","Ptelea crenulata",-121.731083,39.794833,2012,4,30,"US","PRESERVED_SPECIMEN","Ptelea crenulata"
"2418036559","Ptelea crenulata",-121.728611,39.787222,2012,5,20,"US","PRESERVED_SPECIMEN","Ptelea crenulata"
"2430391794","Ptelea crenulata",-121.728556,39.787333,2012,5,20,"US","PRESERVED_SPECIMEN","Ptelea crenulata"
"2418055797","Ptelea crenulata",-121.7249563,39.7914736,2012,6,8,"US","PRESERVED_SPECIMEN","Ptelea crenulata"
"3059679659","Ptelea crenulata",-121.7983,37.82,2011,5,4,"US","PRESERVED_SPECIMEN","Ptelea crenulata"
"2270208654","Ptelea crenulata",-121.722433,40.193567,2011,6,3,"US","PRESERVED_SPECIMEN","Ptelea crenulata"
"2418035509","Ptelea crenulata",-121.820833,40.391111,2010,7,17,"US","PRESERVED_SPECIMEN","Ptelea crenulata"
"2430435920","Ptelea crenulata",-121.804131,40.391019,2010,7,17,"US","PRESERVED_SPECIMEN","Ptelea crenulata"
"1291066262","Ptelea crenulata",-121.936028,37.908379,2009,3,21,"US","HUMAN_OBSERVATION","Ptelea crenulata"
"2418046764","Ptelea crenulata",-121.926944,40.164444,2009,4,25,"US","PRESERVED_SPECIMEN","Ptelea crenulata"
"2421711508","Ptelea crenulata",-121.3277077,38.5967768,2009,5,18,"US","PRESERVED_SPECIMEN","Ptelea crenulata"
"2421709992","Ptelea crenulata",-120.638056,37.941111,2008,6,3,"US","PRESERVED_SPECIMEN","Ptelea crenulata"
"2430111292","Ptelea crenulata",-122.222722,40.263861,2008,6,8,"US","PRESERVED_SPECIMEN","Ptelea crenulata"
"3059709453","Ptelea crenulata",-119.921472,37.403122,2008,7,22,"US","PRESERVED_SPECIMEN","Ptelea crenulata"
"3059709451","Ptelea crenulata",-119.460597,37.95367,2008,7,10,"US","PRESERVED_SPECIMEN","Ptelea crenulata"
"891108500","Ptelea crenulata",-121.932613,37.867197,2007,5,30,"US","HUMAN_OBSERVATION","Ptelea crenulata"
"2422440216","Ptelea crenulata",-121.71556,39.90889,2007,5,13,"US","PRESERVED_SPECIMEN","Ptelea crenulata"
"2422444006","Ptelea crenulata",-120.83972,38.76278,2007,5,27,"US","PRESERVED_SPECIMEN","Ptelea crenulata"
"2421781039","Ptelea crenulata",-120.83972,38.76278,2007,5,27,"US","PRESERVED_SPECIMEN","Ptelea crenulata"
"1426247042","Ptelea crenulata",-120.839722,38.762778,2007,5,27,"US","PRESERVED_SPECIMEN","Ptelea crenulata"
"3820649787","Ptelea crenulata",-123.173239,42.621395,2005,7,15,"US","PRESERVED_SPECIMEN","Ptelea crenulata"
"2418007683","Ptelea crenulata",-121.714167,39.8275,2004,4,20,"US","PRESERVED_SPECIMEN","Ptelea crenulata"
"2418006953","Ptelea crenulata",-121.720278,39.808333,2004,5,2,"US","PRESERVED_SPECIMEN","Ptelea crenulata"
"2418006497","Ptelea crenulata",-121.7074598,40.0617459,2003,6,14,"US","PRESERVED_SPECIMEN","Ptelea crenulata"
"3059679658","Ptelea crenulata",-122.2572,38.0747,2003,6,18,"US","PRESERVED_SPECIMEN","Ptelea crenulata"
"1899736541","Ptelea crenulata",-121.706667,40.061944,2003,6,14,"US","PRESERVED_SPECIMEN","Ptelea crenulata"
"2421728976","Ptelea crenulata",-121.883333,37.866667,2002,4,24,"US","PRESERVED_SPECIMEN","Ptelea crenulata"
"2418000025","Ptelea crenulata",-121.7802414,40.2600758,2000,4,22,"US","PRESERVED_SPECIMEN","Ptelea crenulata"
"2418046183","Ptelea crenulata",-121.711667,40.183889,2000,4,21,"US","PRESERVED_SPECIMEN","Ptelea crenulata"
"3059708454","Ptelea crenulata",-121.7794,40.2603,2000,4,22,"US","PRESERVED_SPECIMEN","Ptelea crenulata"
"2417996962","Ptelea crenulata",-122.6210795,39.1770325,2000,5,30,"US","PRESERVED_SPECIMEN","Ptelea crenulata"
"891130095","Ptelea crenulata",-121.91318,37.878605,2000,5,19,"US","HUMAN_OBSERVATION","Ptelea crenulata"
"2417986989","Ptelea crenulata",-122.153889,40.280833,1996,5,6,"US","PRESERVED_SPECIMEN","Ptelea crenulata"
"2421706674","Ptelea crenulata",-122.7406,38.9295,1996,6,27,"US","PRESERVED_SPECIMEN","Ptelea crenulata"
"2982071676","Ptelea crenulata",-121.94091,37.91996,1994,4,30,"US","PRESERVED_SPECIMEN","Ptelea crenulata"
"2417975067","Ptelea crenulata",-122.168333,40.390833,1991,4,18,"US","PRESERVED_SPECIMEN","Ptelea crenulata"
"2417975926","Ptelea crenulata",-122.189444,40.260556,1991,5,9,"US","PRESERVED_SPECIMEN","Ptelea crenulata"
"2421742739","Ptelea crenulata",-121.81177,39.26349,1990,4,4,"US","PRESERVED_SPECIMEN","Ptelea crenulata"
"3059679660","Ptelea crenulata",-121.7667,39.2333,1990,4,4,"US","PRESERVED_SPECIMEN","Ptelea crenulata"
"2982035486","Ptelea crenulata",-122.806576,39.007941,1988,4,15,"US","PRESERVED_SPECIMEN","Ptelea crenulata"
"2417982522","Ptelea crenulata",-121.707222,39.806389,1987,5,18,"US","PRESERVED_SPECIMEN","Ptelea crenulata"
"768792547","Ptelea crenulata",-121.91416,37.87916,1986,6,26,"US","PRESERVED_SPECIMEN","Ptelea crenulata"
"2417968431","Ptelea crenulata",-121.813333,39.165278,1985,5,20,"US","PRESERVED_SPECIMEN","Ptelea crenulata"
"2430313389","Ptelea crenulata",-121.813333,39.165278,1985,5,20,"US","PRESERVED_SPECIMEN","Ptelea crenulata"
"1426247137","Ptelea crenulata",-121.813333,39.165278,1985,5,20,"US","PRESERVED_SPECIMEN","Ptelea crenulata"
"2417965663","Ptelea crenulata",-121.736944,39.791944,1983,5,1,"US","PRESERVED_SPECIMEN","Ptelea crenulata"
"3320809792","Ptelea crenulata",-121.847972,37.859278,1983,6,6,"US","PRESERVED_SPECIMEN","Ptelea crenulata"
"2422529370","Ptelea crenulata",-117.715,34.11222,1981,4,11,"US","PRESERVED_SPECIMEN","Ptelea crenulata"
"2417972587","Ptelea crenulata",-121.819444,39.205556,1981,5,18,"US","PRESERVED_SPECIMEN","Ptelea crenulata"
"2430124361","Ptelea crenulata",-119.098062,36.809311,1981,8,13,"US","PRESERVED_SPECIMEN","Ptelea crenulata"
"2430546060","Ptelea crenulata",-118.87552,36.216453,1980,4,25,"US","PRESERVED_SPECIMEN","Ptelea crenulata"
"3320761717","Ptelea crenulata",-122.11175,38.506528,1980,5,22,"US","PRESERVED_SPECIMEN","Ptelea crenulata"
"2430085650","Ptelea crenulata",-119.394653,36.986988,1980,5,4,"US","PRESERVED_SPECIMEN","Ptelea crenulata"
"2430087597","Ptelea crenulata",-119.394653,36.986988,1980,5,4,"US","PRESERVED_SPECIMEN","Ptelea crenulata"
"2430128768","Ptelea crenulata",-119.394653,36.986988,1980,5,4,"US","PRESERVED_SPECIMEN","Ptelea crenulata"
"2430304384","Ptelea crenulata",-118.87552,36.216453,1980,5,23,"US","PRESERVED_SPECIMEN","Ptelea crenulata"
"3059679650","Ptelea crenulata",-122.2387052,37.8762905,1979,5,17,"US","PRESERVED_SPECIMEN","Ptelea crenulata"
"2421743398","Ptelea crenulata",-122.14943,40.07663,1979,10,31,"US","PRESERVED_SPECIMEN","Ptelea crenulata"
"3406847886","Ptelea crenulata",-122.79436,39.00144,1975,8,14,"US","PRESERVED_SPECIMEN","Ptelea crenulata"
"2270287655","Ptelea crenulata",-122.79436,39.00144,1975,8,14,"US","PRESERVED_SPECIMEN","Ptelea crenulata"
"2430130930","Ptelea crenulata",-122.787563,39.001931,1975,8,14,"US","PRESERVED_SPECIMEN","Ptelea crenulata"
"2421743920","Ptelea crenulata",-122.08969,38.80199,1975,9,18,"US","PRESERVED_SPECIMEN","Ptelea crenulata"
"2421742346","Ptelea crenulata",-121.73,39.92556,1973,4,14,"US","PRESERVED_SPECIMEN","Ptelea crenulata"
"2982026599","Ptelea crenulata",-121.863781,39.772121,1973,4,14,"US","PRESERVED_SPECIMEN","Ptelea crenulata"
"2417961796","Ptelea crenulata",-121.829722,39.808056,1973,4,14,"US","PRESERVED_SPECIMEN","Ptelea crenulata"
"3406847883","Ptelea crenulata",-119.3991,36.9984,1971,5,24,"US","PRESERVED_SPECIMEN","Ptelea crenulata"
"2982035340","Ptelea crenulata",-119.39907,36.99837,1971,5,24,"US","PRESERVED_SPECIMEN","Ptelea crenulata"
"2270207822","Ptelea crenulata",-119.39907,36.99837,1971,5,24,"US","PRESERVED_SPECIMEN","Ptelea crenulata"
"2270286255","Ptelea crenulata",-119.39907,36.99837,1971,5,24,"US","PRESERVED_SPECIMEN","Ptelea crenulata"
"3125087098","Ptelea crenulata",-119.39907,36.99837,1971,5,24,"US","PRESERVED_SPECIMEN","Ptelea crenulata"
"2430430498","Ptelea crenulata",-119.39907,36.99837,1971,5,24,"US","PRESERVED_SPECIMEN","Ptelea crenulata"
"768792546","Ptelea crenulata",-119.39916,37.01888,1971,5,24,"US","PRESERVED_SPECIMEN","Ptelea crenulata"
"3059679652","Ptelea crenulata",-122.72736,38.95431,1971,10,14,"US","PRESERVED_SPECIMEN","Ptelea crenulata"
"3059679645","Ptelea crenulata",-119.44921,37.1213,1970,4,27,"US","PRESERVED_SPECIMEN","Ptelea crenulata"
"2417955828","Ptelea crenulata",-117.715278,34.11,1970,5,2,"US","PRESERVED_SPECIMEN","Ptelea crenulata"
"2450410280","Ptelea crenulata",-117.715278,34.11,1970,5,2,"US","PRESERVED_SPECIMEN","Ptelea crenulata"
"4153062268","Ptelea crenulata",-118.219044,34.361763,1970,5,2,"US","PRESERVED_SPECIMEN","Ptelea crenulata"
"2982003805","Ptelea crenulata",-122.10943,40.29465,1968,3,31,"US","PRESERVED_SPECIMEN","Ptelea crenulata"
"2417963306","Ptelea crenulata",-122.108889,40.294444,1968,3,31,"US","PRESERVED_SPECIMEN","Ptelea crenulata"
"2382629532","Ptelea crenulata",-121.8871,37.9583,1968,5,20,"US","PRESERVED_SPECIMEN","Ptelea crenulata"
"2382631353","Ptelea crenulata",-121.8089,37.8328,1968,5,20,"US","PRESERVED_SPECIMEN","Ptelea crenulata"
"3125213103","Ptelea crenulata",-121.7721,37.789,1968,5,20,"US","PRESERVED_SPECIMEN","Ptelea crenulata"
"3125082108","Ptelea crenulata",-121.8834,37.9577,1968,5,20,"US","PRESERVED_SPECIMEN","Ptelea crenulata"
"2982008800","Ptelea crenulata",-122.13441,40.19107,1968,6,15,"US","PRESERVED_SPECIMEN","Ptelea crenulata"
"1896047251","Ptelea crenulata",-119.505278,37.123611,1967,5,29,"US","PRESERVED_SPECIMEN","Ptelea crenulata"
"2451550823","Ptelea crenulata",-122.1402,37.9309,1966,5,1,"US","PRESERVED_SPECIMEN","Ptelea crenulata"
"2421741743","Ptelea crenulata",-122.58425,39.15669,1965,5,6,"US","PRESERVED_SPECIMEN","Ptelea crenulata"
"2575164827","Ptelea crenulata",-122.59,39.15,1965,5,6,"US","PRESERVED_SPECIMEN","Ptelea crenulata"
"3053444487","Ptelea crenulata",-122.58425,39.15669,1965,5,6,"US","PRESERVED_SPECIMEN","Ptelea crenulata"
"2421741697","Ptelea crenulata",-122.1342,38.4826,1964,5,8,"US","PRESERVED_SPECIMEN","Ptelea crenulata"
"2270287528","Ptelea crenulata",-121.914239,37.88159,1959,7,1,"US","PRESERVED_SPECIMEN","Ptelea crenulata"
"2421682778","Ptelea crenulata",-122.1656955,38.0267428,1957,7,9,"US","PRESERVED_SPECIMEN","Ptelea crenulata"
"2412538414","Ptelea crenulata",-117.708934,33.87557,1950,4,14,"US","PRESERVED_SPECIMEN","Ptelea crenulata"
"2270285801","Ptelea crenulata",-122.6541361,39.0227772,1949,5,1,"US","PRESERVED_SPECIMEN","Ptelea crenulata"
"2451544635","Ptelea crenulata",-121.9421,37.8727,1942,4,26,"US","PRESERVED_SPECIMEN","Ptelea crenulata"
"2421741867","Ptelea crenulata",-122.30461,39.10715,1941,7,17,"US","PRESERVED_SPECIMEN","Ptelea crenulata"
"3053377794","Ptelea crenulata",-121.8787,37.8674,1941,8,28,"US","PRESERVED_SPECIMEN","Ptelea crenulata"
"3053365391","Ptelea crenulata",-121.8787,37.8674,1941,8,28,"US","PRESERVED_SPECIMEN","Ptelea crenulata"
"2430477804","Ptelea crenulata",-122.037697,40.751301,1940,5,20,"US","PRESERVED_SPECIMEN","Ptelea crenulata"
"2430155373","Ptelea crenulata",-122.037697,40.751301,1940,5,20,"US","PRESERVED_SPECIMEN","Ptelea crenulata"
"1426247124","Ptelea crenulata",-122.037697,40.751301,1940,5,20,"US","PRESERVED_SPECIMEN","Ptelea crenulata"
"3053356189","Ptelea crenulata",-121.0697599,38.7588316,1940,6,24,"US","PRESERVED_SPECIMEN","Ptelea crenulata"
"2422340799","Ptelea crenulata",-122.91333,39.05917,1939,4,22,"US","PRESERVED_SPECIMEN","Ptelea crenulata"
"2430235670","Ptelea crenulata",-122.03682,40.31592,1937,5,16,"US","PRESERVED_SPECIMEN","Ptelea crenulata"
"2430067332","Ptelea crenulata",-122.7909,39.0044,1937,7,9,"US","PRESERVED_SPECIMEN","Ptelea crenulata"
"2430337266","Ptelea crenulata",-121.858974,37.89659,1936,4,24,"US","PRESERVED_SPECIMEN","Ptelea crenulata"
"2430540704","Ptelea crenulata",-121.858974,37.89659,1936,4,24,"US","PRESERVED_SPECIMEN","Ptelea crenulata"
"2430433593","Ptelea crenulata",-121.858974,37.89659,1936,4,24,"US","PRESERVED_SPECIMEN","Ptelea crenulata"
"2430148468","Ptelea crenulata",-121.88285,37.95833,1936,4,19,"US","PRESERVED_SPECIMEN","Ptelea crenulata"
"2417949859","Ptelea crenulata",-121.673889,39.880556,1933,5,1,"US","PRESERVED_SPECIMEN","Ptelea crenulata"
"2421740982","Ptelea crenulata",-121.83229,37.846081,1932,8,17,"US","PRESERVED_SPECIMEN","Ptelea crenulata"
"2430422260","Ptelea crenulata",-122.11761,37.999422,1931,3,18,"US","PRESERVED_SPECIMEN","Ptelea crenulata"
"2421743598","Ptelea crenulata",-121.91481,40.33431,1931,5,21,"US","PRESERVED_SPECIMEN","Ptelea crenulata"
"2422338328","Ptelea crenulata",-121.875,37.95833,1930,4,6,"US","PRESERVED_SPECIMEN","Ptelea crenulata"
"1426247072","Ptelea crenulata",-122.118056,40.285278,1930,5,9,"US","PRESERVED_SPECIMEN","Ptelea crenulata"
"1426247055","Ptelea crenulata",-122.118056,40.285278,1930,5,9,"US","PRESERVED_SPECIMEN","Ptelea crenulata"
"2421742287","Ptelea crenulata",-121.800034,37.891008,1929,4,25,"US","PRESERVED_SPECIMEN","Ptelea crenulata"
"3125219119","Ptelea crenulata",-121.2192,37.0669,1929,6,3,"US","PRESERVED_SPECIMEN","Ptelea crenulata"
"2430112096","Ptelea crenulata",-121.2192,37.0669,1929,6,3,"US","PRESERVED_SPECIMEN","Ptelea crenulata"
"2430440910","Ptelea crenulata",-121.2192,37.0669,1927,8,16,"US","PRESERVED_SPECIMEN","Ptelea crenulata"
"2430499121","Ptelea crenulata",-121.2192,37.0669,1927,10,16,"US","PRESERVED_SPECIMEN","Ptelea crenulata"
"2421741475","Ptelea crenulata",-121.59028,39.14583,1925,5,17,"US","PRESERVED_SPECIMEN","Ptelea crenulata"
"1426247118","Ptelea crenulata",-122.2888,40.8045,1912,7,25,"US","PRESERVED_SPECIMEN","Ptelea crenulata"
"1426247104","Ptelea crenulata",-122.4065812,40.7419604,1912,7,26,"US","PRESERVED_SPECIMEN","Ptelea crenulata"
"3462340373","Ptelea crenulata",-106.339832,35.805774,1910,8,NA,"US","PRESERVED_SPECIMEN","Ptelea crenulata"
"4404971104","Ptelea crenulata",-122.440164,40.595962,1905,6,3,"US","PRESERVED_SPECIMEN","Ptelea crenulata"
"1426247123","Ptelea crenulata",-122.451441,40.5954744,1905,6,3,"US","PRESERVED_SPECIMEN","Ptelea crenulata"
"1426247114","Ptelea crenulata",-122.451441,40.5954744,1905,6,3,"US","PRESERVED_SPECIMEN","Ptelea crenulata"
"1929552717","Ptelea crenulata",-120.932718,38.352691,1904,6,NA,"US","PRESERVED_SPECIMEN","Ptelea crenulata"
"2430344610","Ptelea crenulata",-121.9495,37.9069,1903,4,28,"US","PRESERVED_SPECIMEN","Ptelea crenulata"
"2430085541","Ptelea crenulata",-121.9495,37.9069,1903,4,28,"US","PRESERVED_SPECIMEN","Ptelea crenulata"
"3053375605","Ptelea crenulata",-121.914,37.881,1903,5,NA,"US","PRESERVED_SPECIMEN","Ptelea crenulata"
"2430084084","Ptelea crenulata",-121.9138578,37.881623,1903,5,NA,"US","PRESERVED_SPECIMEN","Ptelea crenulata"
"2430197945","Ptelea crenulata",-121.9138578,37.881623,1903,5,NA,"US","PRESERVED_SPECIMEN","Ptelea crenulata"
"2430139624","Ptelea crenulata",-121.81572,39.22587,1902,5,17,"US","PRESERVED_SPECIMEN","Ptelea crenulata"
