"gbifID","species","longitude","latitude","year","month","day","countryCode","basisOfRecord","accepted_name"
"4852016855","Pteryxia petraea",-119.53087,38.64193,2024,4,18,"US","HUMAN_OBSERVATION","Pteryxia petraea"
"4872398845","Pteryxia petraea",-118.616417,37.513022,2024,4,28,"US","HUMAN_OBSERVATION","Pteryxia petraea"
"4854824784","Pteryxia petraea",-117.936012,37.240337,2024,5,5,"US","HUMAN_OBSERVATION","Pteryxia petraea"
"4863601246","Pteryxia petraea",-117.711883,43.013175,2024,5,4,"US","HUMAN_OBSERVATION","Pteryxia petraea"
"4867642209","Pteryxia petraea",-118.204842,37.295588,2024,5,18,"US","HUMAN_OBSERVATION","Pteryxia petraea"
"4872570709","Pteryxia petraea",-118.268356,38.237171,2024,5,25,"US","HUMAN_OBSERVATION","Pteryxia petraea"
"4952640368","Pteryxia petraea",-117.528392,37.954384,2024,5,26,"US","HUMAN_OBSERVATION","Pteryxia petraea"
"4891774765","Pteryxia petraea",-118.076514,37.43005,2024,6,10,"US","HUMAN_OBSERVATION","Pteryxia petraea"
"4904199787","Pteryxia petraea",-118.010131,38.343607,2024,6,26,"US","HUMAN_OBSERVATION","Pteryxia petraea"
"4908889272","Pteryxia petraea",-118.158586,37.254982,2023,5,1,"US","HUMAN_OBSERVATION","Pteryxia petraea"
"4137757889","Pteryxia petraea",-118.161894,37.253678,2023,5,19,"US","HUMAN_OBSERVATION","Pteryxia petraea"
"4872770592","Pteryxia petraea",-117.09224,38.60168,2023,5,28,"US","PRESERVED_SPECIMEN","Pteryxia petraea"
"4948980413","Pteryxia petraea",-117.09224,38.60168,2023,5,28,"US","PRESERVED_SPECIMEN","Pteryxia petraea"
"4903687317","Pteryxia petraea",-117.09224,38.60168,2023,5,28,"US","PRESERVED_SPECIMEN","Pteryxia petraea"
"4133766124","Pteryxia petraea",-117.952636,37.75945,2023,6,7,"US","HUMAN_OBSERVATION","Pteryxia petraea"
"4145658422","Pteryxia petraea",-117.897153,37.788244,2023,6,28,"US","HUMAN_OBSERVATION","Pteryxia petraea"
"4872770443","Pteryxia petraea",-117.08695,38.63888,2023,6,4,"US","PRESERVED_SPECIMEN","Pteryxia petraea"
"4999964781","Pteryxia petraea",-117.8971,37.7883,2023,6,28,"US","PRESERVED_SPECIMEN","Pteryxia petraea"
"4999964862","Pteryxia petraea",-117.8791,37.6577,2023,6,16,"US","PRESERVED_SPECIMEN","Pteryxia petraea"
"5000553445","Pteryxia petraea",-117.08695,38.63888,2023,6,4,"US","PRESERVED_SPECIMEN","Pteryxia petraea"
"5000050691","Pteryxia petraea",-117.8791,37.6577,2023,6,16,"US","PRESERVED_SPECIMEN","Pteryxia petraea"
"5000050692","Pteryxia petraea",-117.8971,37.7883,2023,6,28,"US","PRESERVED_SPECIMEN","Pteryxia petraea"
"4903687431","Pteryxia petraea",-117.08695,38.63888,2023,6,4,"US","PRESERVED_SPECIMEN","Pteryxia petraea"
"5008319915","Pteryxia petraea",-117.930831,37.731275,2023,7,9,"US","HUMAN_OBSERVATION","Pteryxia petraea"
"4416856758","Pteryxia petraea",-112.227312,36.056735,2023,9,12,"US","HUMAN_OBSERVATION","Pteryxia petraea"
"4054889456","Pteryxia petraea",-116.46447,38.067806,2022,4,25,"US","HUMAN_OBSERVATION","Pteryxia petraea"
"4055043434","Pteryxia petraea",-109.622515,38.226658,2022,5,19,"US","HUMAN_OBSERVATION","Pteryxia petraea"
"3802618848","Pteryxia petraea",-118.159722,37.254483,2022,5,21,"US","HUMAN_OBSERVATION","Pteryxia petraea"
"3858627545","Pteryxia petraea",-118.159992,37.254452,2022,5,31,"US","HUMAN_OBSERVATION","Pteryxia petraea"
"3860823808","Pteryxia petraea",-119.544167,38.643125,2022,5,27,"US","HUMAN_OBSERVATION","Pteryxia petraea"
"3860347986","Pteryxia petraea",-119.46415,38.474183,2022,5,27,"US","HUMAN_OBSERVATION","Pteryxia petraea"
"4055047443","Pteryxia petraea",-110.112328,39.352172,2022,6,12,"US","HUMAN_OBSERVATION","Pteryxia petraea"
"3860282064","Pteryxia petraea",-110.032264,39.353908,2022,6,13,"US","HUMAN_OBSERVATION","Pteryxia petraea"
"3858942506","Pteryxia petraea",-117.890975,37.761911,2022,6,18,"US","HUMAN_OBSERVATION","Pteryxia petraea"
"4440736556","Pteryxia petraea",-117.890694,37.762331,2022,6,18,"US","HUMAN_OBSERVATION","Pteryxia petraea"
"3860743445","Pteryxia petraea",-117.848228,37.7455,2022,6,17,"US","HUMAN_OBSERVATION","Pteryxia petraea"
"3859316378","Pteryxia petraea",-117.779244,37.713281,2022,6,23,"US","HUMAN_OBSERVATION","Pteryxia petraea"
"3860188807","Pteryxia petraea",-118.267415,37.40564,2022,6,8,"US","HUMAN_OBSERVATION","Pteryxia petraea"
"3860520049","Pteryxia petraea",-118.248522,37.403053,2022,6,8,"US","HUMAN_OBSERVATION","Pteryxia petraea"
"4054747471","Pteryxia petraea",-117.051425,38.726783,2022,6,13,"US","HUMAN_OBSERVATION","Pteryxia petraea"
"4054884456","Pteryxia petraea",-117.128426,38.584911,2022,6,14,"US","HUMAN_OBSERVATION","Pteryxia petraea"
"4988003365","Pteryxia petraea",-110.10133,39.352738,2022,6,13,"US","PRESERVED_SPECIMEN","Pteryxia petraea"
"4999965166","Pteryxia petraea",-117.8477,37.7456,2022,6,17,"US","PRESERVED_SPECIMEN","Pteryxia petraea"
"4999964482","Pteryxia petraea",-117.8909,37.763,2022,6,18,"US","PRESERVED_SPECIMEN","Pteryxia petraea"
"4999965287","Pteryxia petraea",-117.7795,37.713,2022,6,23,"US","PRESERVED_SPECIMEN","Pteryxia petraea"
"5000050357","Pteryxia petraea",-117.8477,37.7456,2022,6,17,"US","PRESERVED_SPECIMEN","Pteryxia petraea"
"3873636610","Pteryxia petraea",-117.779311,37.713244,2022,7,1,"US","HUMAN_OBSERVATION","Pteryxia petraea"
"3466311479","Pteryxia petraea",-118.159722,37.254848,2021,4,17,"US","HUMAN_OBSERVATION","Pteryxia petraea"
"3384141527","Pteryxia petraea",-118.160513,37.254128,2021,4,4,"US","HUMAN_OBSERVATION","Pteryxia petraea"
"4068915218","Pteryxia petraea",-116.664327,43.299079,2021,5,10,"US","PRESERVED_SPECIMEN","Pteryxia petraea"
"4068916633","Pteryxia petraea",-115.692611,42.904333,2021,5,15,"US","PRESERVED_SPECIMEN","Pteryxia petraea"
"4069036070","Pteryxia petraea",-115.692611,42.904333,2021,5,15,"US","PRESERVED_SPECIMEN","Pteryxia petraea"
"3112878973","Pteryxia petraea",-118.092322,41.718595,2021,5,6,"US","HUMAN_OBSERVATION","Pteryxia petraea"
"4054808379","Pteryxia petraea",-116.777113,38.391675,2021,5,17,"US","HUMAN_OBSERVATION","Pteryxia petraea"
"4069004919","Pteryxia petraea",-116.662675,43.30043,2021,5,10,"US","PRESERVED_SPECIMEN","Pteryxia petraea"
"4069025415","Pteryxia petraea",-116.66511,43.30122,2021,5,12,"US","PRESERVED_SPECIMEN","Pteryxia petraea"
"3314195070","Pteryxia petraea",-119.541514,38.641333,2021,6,16,"US","HUMAN_OBSERVATION","Pteryxia petraea"
"4125832535","Pteryxia petraea",-118.43681,37.18246,2021,7,15,"US","PRESERVED_SPECIMEN","Pteryxia petraea"
"2611040745","Pteryxia petraea",-119.462425,38.471613,2020,4,29,"US","HUMAN_OBSERVATION","Pteryxia petraea"
"4068915107","Pteryxia petraea",-114.23856,44.37683,2020,6,18,"US","PRESERVED_SPECIMEN","Pteryxia petraea"
"4125831524","Pteryxia petraea",-118.431,37.2074,2020,8,10,"US","PRESERVED_SPECIMEN","Pteryxia petraea"
"2423135994","Pteryxia petraea",-118.158189,37.255386,2019,4,28,"US","HUMAN_OBSERVATION","Pteryxia petraea"
"4404899467","Pteryxia petraea",-116.84801,41.22491,2019,6,27,"US","PRESERVED_SPECIMEN","Pteryxia petraea"
"3115556303","Pteryxia petraea",-116.84801,41.22491,2019,6,27,"US","PRESERVED_SPECIMEN","Pteryxia petraea"
"4929739596","Pteryxia petraea",-116.84801,41.22491,2019,6,27,"US","PRESERVED_SPECIMEN","Pteryxia petraea"
"4444148549","Pteryxia petraea",-116.84801,41.22491,2019,6,27,"US","PRESERVED_SPECIMEN","Pteryxia petraea"
"4911302358","Pteryxia petraea",-116.848,41.22492,2019,6,27,"US","PRESERVED_SPECIMEN","Pteryxia petraea"
"3949988021","Pteryxia petraea",-118.56046,37.78863,2018,4,20,"US","PRESERVED_SPECIMEN","Pteryxia petraea"
"4856652878","Pteryxia petraea",-118.56046,37.78863,2018,4,20,"US","PRESERVED_SPECIMEN","Pteryxia petraea"
"3051821309","Pteryxia petraea",-118.57667,37.53556,2018,5,10,"US","PRESERVED_SPECIMEN","Pteryxia petraea"
"4444155302","Pteryxia petraea",-118.57667,37.53556,2018,5,10,"US","PRESERVED_SPECIMEN","Pteryxia petraea"
"4068981287","Pteryxia petraea",-118.156289,40.527228,2018,7,5,"US","PRESERVED_SPECIMEN","Pteryxia petraea"
"3414427556","Pteryxia petraea",-118.55981,37.78742,2017,2,7,"US","PRESERVED_SPECIMEN","Pteryxia petraea"
"4921455552","Pteryxia petraea",-115.992103,42.593545,2017,3,26,"US","HUMAN_OBSERVATION","Pteryxia petraea"
"4404961754","Pteryxia petraea",-118.56221,37.78995,2017,4,16,"US","PRESERVED_SPECIMEN","Pteryxia petraea"
"4856916058","Pteryxia petraea",-118.56221,37.78995,2017,4,16,"US","PRESERVED_SPECIMEN","Pteryxia petraea"
"4404910396","Pteryxia petraea",-118.393833,37.877183,2017,5,29,"US","PRESERVED_SPECIMEN","Pteryxia petraea"
"4404908431","Pteryxia petraea",-118.345183,37.897783,2017,5,29,"US","PRESERVED_SPECIMEN","Pteryxia petraea"
"2270520216","Pteryxia petraea",-118.393833,37.877183,2017,5,29,"US","PRESERVED_SPECIMEN","Pteryxia petraea"
"2270536116","Pteryxia petraea",-118.345183,37.897783,2017,5,29,"US","PRESERVED_SPECIMEN","Pteryxia petraea"
"1990839049","Pteryxia petraea",-118.393833,37.877183,2017,5,29,"US","PRESERVED_SPECIMEN","Pteryxia petraea"
"4404882814","Pteryxia petraea",-118.55836,37.78737,2017,5,28,"US","PRESERVED_SPECIMEN","Pteryxia petraea"
"1928403504","Pteryxia petraea",-118.39383,37.87719,2017,5,29,"US","PRESERVED_SPECIMEN","Pteryxia petraea"
"3306039309","Pteryxia petraea",-118.393833,37.877183,2017,5,29,"US","PRESERVED_SPECIMEN","Pteryxia petraea"
"2610089896","Pteryxia petraea",-118.393833,37.877183,2017,5,29,"US","PRESERVED_SPECIMEN","Pteryxia petraea"
"2610089699","Pteryxia petraea",-118.345183,37.897933,2017,5,29,"US","PRESERVED_SPECIMEN","Pteryxia petraea"
"3051752399","Pteryxia petraea",-118.393833,37.877183,2017,5,29,"US","PRESERVED_SPECIMEN","Pteryxia petraea"
"3051752364","Pteryxia petraea",-118.345183,37.897933,2017,5,29,"US","PRESERVED_SPECIMEN","Pteryxia petraea"
"4073847304","Pteryxia petraea",-118.345183,37.897783,2017,5,29,"US","PRESERVED_SPECIMEN","Pteryxia petraea"
"4911337897","Pteryxia petraea",-118.34518,37.89778,2017,5,29,"US","PRESERVED_SPECIMEN","Pteryxia petraea"
"4911338263","Pteryxia petraea",-118.39383,37.87718,2017,5,29,"US","PRESERVED_SPECIMEN","Pteryxia petraea"
"4073772395","Pteryxia petraea",-11.393833,37.877183,2017,5,29,"US","PRESERVED_SPECIMEN","Pteryxia petraea"
"1930897220","Pteryxia petraea",-118.34519,37.89778,2017,5,29,"US","PRESERVED_SPECIMEN","Pteryxia petraea"
"3306039328","Pteryxia petraea",-118.345183,37.897783,2017,5,29,"US","PRESERVED_SPECIMEN","Pteryxia petraea"
"4073719523","Pteryxia petraea",-111.393833,37.877183,2017,5,29,"US","PRESERVED_SPECIMEN","Pteryxia petraea"
"4857089178","Pteryxia petraea",-118.55836,37.78737,2017,5,28,"US","PRESERVED_SPECIMEN","Pteryxia petraea"
"4404882303","Pteryxia petraea",-118.55981,37.78742,2017,7,2,"US","PRESERVED_SPECIMEN","Pteryxia petraea"
"4069042237","Pteryxia petraea",-118.59425,37.254528,2017,7,2,"US","PRESERVED_SPECIMEN","Pteryxia petraea"
"4069035302","Pteryxia petraea",-118.59425,37.254528,2017,7,2,"US","PRESERVED_SPECIMEN","Pteryxia petraea"
"4596631828","Pteryxia petraea",-118.59425,37.254528,2017,7,2,"US","PRESERVED_SPECIMEN","Pteryxia petraea"
"4068917206","Pteryxia petraea",-118.59425,37.254528,2017,7,2,"US","PRESERVED_SPECIMEN","Pteryxia petraea"
"4068966562","Pteryxia petraea",-118.59425,37.254528,2017,7,2,"US","PRESERVED_SPECIMEN","Pteryxia petraea"
"4857267708","Pteryxia petraea",-118.55981,37.78742,2017,7,2,"US","PRESERVED_SPECIMEN","Pteryxia petraea"
"3414440378","Pteryxia petraea",-118.55836,37.78737,2017,NA,NA,"US","PRESERVED_SPECIMEN","Pteryxia petraea"
"3414423571","Pteryxia petraea",-118.56221,37.78995,2017,NA,NA,"US","PRESERVED_SPECIMEN","Pteryxia petraea"
"4069013846","Pteryxia petraea",-118.535784,42.576977,2016,5,23,"US","PRESERVED_SPECIMEN","Pteryxia petraea"
"4068928743","Pteryxia petraea",-118.535784,42.576977,2016,5,23,"US","PRESERVED_SPECIMEN","Pteryxia petraea"
"2422504008","Pteryxia petraea",-119.54211,38.64422,2015,4,20,"US","PRESERVED_SPECIMEN","Pteryxia petraea"
"1934744867","Pteryxia petraea",-112.215577,36.079184,2015,4,27,"US","PRESERVED_SPECIMEN","Pteryxia petraea"
"1426508797","Pteryxia petraea",-119.542111,38.644222,2015,4,20,"US","PRESERVED_SPECIMEN","Pteryxia petraea"
"2430330511","Pteryxia petraea",-118.870333,36.717217,2015,6,19,"US","PRESERVED_SPECIMEN","Pteryxia petraea"
"2422520667","Pteryxia petraea",-118.87033,36.71722,2015,6,19,"US","PRESERVED_SPECIMEN","Pteryxia petraea"
"2818597474","Pteryxia petraea",-118.266965,37.406109,2015,8,13,"US","HUMAN_OBSERVATION","Pteryxia petraea"
"3091211263","Pteryxia petraea",-111.106709,36.95603,2014,4,15,"US","PRESERVED_SPECIMEN","Pteryxia petraea"
"4069023499","Pteryxia petraea",-116.665094,43.298977,2014,5,14,"US","PRESERVED_SPECIMEN","Pteryxia petraea"
"4069027422","Pteryxia petraea",-116.8913,42.2244,2014,6,17,"US","PRESERVED_SPECIMEN","Pteryxia petraea"
"3991364997","Pteryxia petraea",-108.9844802,38.7058085,2014,6,3,"US","PRESERVED_SPECIMEN","Pteryxia petraea"
"2242418557","Pteryxia petraea",-108.9844802,38.7058085,2014,6,3,"US","PRESERVED_SPECIMEN","Pteryxia petraea"
"4069007137","Pteryxia petraea",-116.89536,42.24604,2014,6,18,"US","PRESERVED_SPECIMEN","Pteryxia petraea"
"4069036738","Pteryxia petraea",-116.94354,42.28642,2013,6,19,"US","PRESERVED_SPECIMEN","Pteryxia petraea"
"1846547515","Pteryxia petraea",-112.222036,36.060232,2012,4,18,"US","PRESERVED_SPECIMEN","Pteryxia petraea"
"1846554141","Pteryxia petraea",-112.014487,36.391231,2012,6,2,"US","PRESERVED_SPECIMEN","Pteryxia petraea"
"4069046435","Pteryxia petraea",-117.20161,43.72484,2012,7,3,"US","PRESERVED_SPECIMEN","Pteryxia petraea"
"1891268875","Pteryxia petraea",-111.931444,36.121417,2011,5,7,"US","PRESERVED_SPECIMEN","Pteryxia petraea"
"3091262862","Pteryxia petraea",-111.931444,36.121417,2011,5,7,"US","PRESERVED_SPECIMEN","Pteryxia petraea"
"4069040182","Pteryxia petraea",-115.172945,37.695422,2011,5,10,"US","PRESERVED_SPECIMEN","Pteryxia petraea"
"2421775525","Pteryxia petraea",-118.158333,37.254722,2011,6,13,"US","PRESERVED_SPECIMEN","Pteryxia petraea"
"4851229713","Pteryxia petraea",-114.121638,44.638766,2011,6,28,"US","PRESERVED_SPECIMEN","Pteryxia petraea"
"4068949543","Pteryxia petraea",-114.121638,44.638766,2011,6,28,"US","PRESERVED_SPECIMEN","Pteryxia petraea"
"2818819475","Pteryxia petraea",-118.159659,37.254578,2011,6,13,"US","HUMAN_OBSERVATION","Pteryxia petraea"
"683939439","Pteryxia petraea",-114.121638,44.638766,2011,6,28,"US","PRESERVED_SPECIMEN","Pteryxia petraea"
"4069826318","Pteryxia petraea",-114.121638,44.638766,2011,6,28,"US","PRESERVED_SPECIMEN","Pteryxia petraea"
"4073863501","Pteryxia petraea",-114.121638,44.638766,2011,6,28,"US","PRESERVED_SPECIMEN","Pteryxia petraea"
"4872868493","Pteryxia petraea",-113.823684,36.981659,2010,4,20,"US","PRESERVED_SPECIMEN","Pteryxia petraea"
"4911313752","Pteryxia petraea",-113.823684,36.981659,2010,4,20,"US","PRESERVED_SPECIMEN","Pteryxia petraea"
"2573343976","Pteryxia petraea",-108.979237,38.710596,2010,5,27,"US","PRESERVED_SPECIMEN","Pteryxia petraea"
"2294397329","Pteryxia petraea",-118.02521,37.41182,2010,5,30,"US","HUMAN_OBSERVATION","Pteryxia petraea"
"2242383343","Pteryxia petraea",-108.979236,38.712466,2010,5,27,"US","PRESERVED_SPECIMEN","Pteryxia petraea"
"1846538219","Pteryxia petraea",-112.02135,36.185746,2010,5,28,"US","PRESERVED_SPECIMEN","Pteryxia petraea"
"4069020953","Pteryxia petraea",-115.6358,42.5773,2010,6,16,"US","PRESERVED_SPECIMEN","Pteryxia petraea"
"1928858937","Pteryxia petraea",-115.6281,42.3625,2010,6,14,"US","PRESERVED_SPECIMEN","Pteryxia petraea"
"4069011308","Pteryxia petraea",-115.628,42.3625,2010,6,14,"US","PRESERVED_SPECIMEN","Pteryxia petraea"
"1846480719","Pteryxia petraea",-112.368483,36.201608,2009,4,10,"US","PRESERVED_SPECIMEN","Pteryxia petraea"
"1846526796","Pteryxia petraea",-112.368483,36.201608,2009,4,10,"US","PRESERVED_SPECIMEN","Pteryxia petraea"
"2573340962","Pteryxia petraea",-108.988257,38.705931,2009,5,20,"US","PRESERVED_SPECIMEN","Pteryxia petraea"
"1846514669","Pteryxia petraea",-109.716317,37.958247,2009,5,9,"US","PRESERVED_SPECIMEN","Pteryxia petraea"
"2242383016","Pteryxia petraea",-108.988256,38.707801,2009,5,20,"US","PRESERVED_SPECIMEN","Pteryxia petraea"
"4404950470","Pteryxia petraea",-118.576417,41.233833,2009,6,3,"US","PRESERVED_SPECIMEN","Pteryxia petraea"
"3091261753","Pteryxia petraea",-112.0162031,36.2272718,2009,6,5,"US","PRESERVED_SPECIMEN","Pteryxia petraea"
"4929785421","Pteryxia petraea",-118.576417,41.233833,2009,6,3,"US","PRESERVED_SPECIMEN","Pteryxia petraea"
"4912240358","Pteryxia petraea",-118.58141,41.23383,2009,6,3,"US","PRESERVED_SPECIMEN","Pteryxia petraea"
"1846526833","Pteryxia petraea",-112.115449,36.08906,2009,6,5,"US","PRESERVED_SPECIMEN","Pteryxia petraea"
"1986982505","Pteryxia petraea",-118.576417,41.233833,2009,6,3,"US","PRESERVED_SPECIMEN","Pteryxia petraea"
"1929802027","Pteryxia petraea",-118.57642,41.23383,2009,6,3,"US","PRESERVED_SPECIMEN","Pteryxia petraea"
"2430116682","Pteryxia petraea",-118.4618,37.097867,2009,8,1,"US","PRESERVED_SPECIMEN","Pteryxia petraea"
"1846515301","Pteryxia petraea",-112.2894258,36.1170096,2008,4,25,"US","PRESERVED_SPECIMEN","Pteryxia petraea"
"1846515629","Pteryxia petraea",-111.9361512,36.1220957,2008,4,23,"US","PRESERVED_SPECIMEN","Pteryxia petraea"
"3091229951","Pteryxia petraea",-111.8824111,36.3562896,2008,4,17,"US","PRESERVED_SPECIMEN","Pteryxia petraea"
"3091229957","Pteryxia petraea",-111.840859,36.2499023,2008,4,19,"US","PRESERVED_SPECIMEN","Pteryxia petraea"
"3091246435","Pteryxia petraea",-111.9361511,36.1202828,2008,4,23,"US","PRESERVED_SPECIMEN","Pteryxia petraea"
"3091246110","Pteryxia petraea",-112.2894268,36.1151977,2008,4,25,"US","PRESERVED_SPECIMEN","Pteryxia petraea"
"1846548126","Pteryxia petraea",-111.8824111,36.3562896,2008,4,17,"US","PRESERVED_SPECIMEN","Pteryxia petraea"
"4073908192","Pteryxia petraea",-115.67425,42.688283,2008,5,23,"US","PRESERVED_SPECIMEN","Pteryxia petraea"
"4073699495","Pteryxia petraea",-115.67425,42.688283,2008,5,23,"US","PRESERVED_SPECIMEN","Pteryxia petraea"
"4404951698","Pteryxia petraea",-119.799556,39.114639,2008,5,29,"US","PRESERVED_SPECIMEN","Pteryxia petraea"
"1846514845","Pteryxia petraea",-111.9019904,36.1277668,2008,5,16,"US","PRESERVED_SPECIMEN","Pteryxia petraea"
"1846514906","Pteryxia petraea",-111.9080411,36.1899273,2008,5,17,"US","PRESERVED_SPECIMEN","Pteryxia petraea"
"3091229955","Pteryxia petraea",-111.9629026,36.3084802,2008,5,20,"US","PRESERVED_SPECIMEN","Pteryxia petraea"
"3091229960","Pteryxia petraea",-111.9080401,36.1881134,2008,5,17,"US","PRESERVED_SPECIMEN","Pteryxia petraea"
"3091229963","Pteryxia petraea",-111.9393601,36.109435,2008,5,15,"US","PRESERVED_SPECIMEN","Pteryxia petraea"
"3091261754","Pteryxia petraea",-111.9604223,36.2883107,2008,5,20,"US","PRESERVED_SPECIMEN","Pteryxia petraea"
"3091261750","Pteryxia petraea",-111.9028794,36.1259449,2008,5,16,"US","PRESERVED_SPECIMEN","Pteryxia petraea"
"3091261757","Pteryxia petraea",-111.927151,36.2332222,2008,5,19,"US","PRESERVED_SPECIMEN","Pteryxia petraea"
"3091261756","Pteryxia petraea",-111.9020896,36.1543542,2008,5,16,"US","PRESERVED_SPECIMEN","Pteryxia petraea"
"4929751849","Pteryxia petraea",-119.799556,39.114639,2008,5,29,"US","PRESERVED_SPECIMEN","Pteryxia petraea"
"1928278339","Pteryxia petraea",-115.67425,42.688283,2008,5,23,"US","PRESERVED_SPECIMEN","Pteryxia petraea"
"4912240354","Pteryxia petraea",-115.67425,42.68828,2008,5,23,"US","PRESERVED_SPECIMEN","Pteryxia petraea"
"2242382299","Pteryxia petraea",-108.992071,38.712249,2008,5,19,"US","PRESERVED_SPECIMEN","Pteryxia petraea"
"4851224318","Pteryxia petraea",-115.6743,42.6883,2008,5,23,"US","PRESERVED_SPECIMEN","Pteryxia petraea"
"1846526800","Pteryxia petraea",-111.9604223,36.2883107,2008,5,20,"US","PRESERVED_SPECIMEN","Pteryxia petraea"
"1846526784","Pteryxia petraea",-111.9629026,36.3084802,2008,5,20,"US","PRESERVED_SPECIMEN","Pteryxia petraea"
"1846526770","Pteryxia petraea",-111.927151,36.2332222,2008,5,19,"US","PRESERVED_SPECIMEN","Pteryxia petraea"
"1846526802","Pteryxia petraea",-111.9393601,36.109435,2008,5,15,"US","PRESERVED_SPECIMEN","Pteryxia petraea"
"4068956609","Pteryxia petraea",-115.67425,42.688283,2008,5,23,"US","PRESERVED_SPECIMEN","Pteryxia petraea"
"4073721023","Pteryxia petraea",-115.67425,42.688283,2008,5,23,"US","PRESERVED_SPECIMEN","Pteryxia petraea"
"1930058861","Pteryxia petraea",-119.79956,39.11464,2008,5,29,"US","PRESERVED_SPECIMEN","Pteryxia petraea"
"4130374974","Pteryxia petraea",-115.674,42.688,2008,5,23,"US","PRESERVED_SPECIMEN","Pteryxia petraea"
"4068923859","Pteryxia petraea",-119.799556,39.114639,2008,5,29,"US","PRESERVED_SPECIMEN","Pteryxia petraea"
"4069712210","Pteryxia petraea",-115.6743,42.6883,2008,5,23,"US","PRESERVED_SPECIMEN","Pteryxia petraea"
"3447699307","Pteryxia petraea",-119.799555,39.114638,2008,5,29,"US","PRESERVED_SPECIMEN","Pteryxia petraea"
"1846514616","Pteryxia petraea",-112.0250712,36.2092661,2008,6,14,"US","PRESERVED_SPECIMEN","Pteryxia petraea"
"1846514830","Pteryxia petraea",-112.0368903,36.1944694,2008,6,13,"US","PRESERVED_SPECIMEN","Pteryxia petraea"
"3091261744","Pteryxia petraea",-112.072594,36.1727127,2008,6,11,"US","PRESERVED_SPECIMEN","Pteryxia petraea"
"3091261758","Pteryxia petraea",-112.0368933,36.1926524,2008,6,13,"US","PRESERVED_SPECIMEN","Pteryxia petraea"
"3091261755","Pteryxia petraea",-112.0250732,36.2074522,2008,6,14,"US","PRESERVED_SPECIMEN","Pteryxia petraea"
"3091229959","Pteryxia petraea",-112.2039069,36.1393426,2007,4,16,"US","PRESERVED_SPECIMEN","Pteryxia petraea"
"3091261745","Pteryxia petraea",-111.8871798,36.2117129,2007,4,11,"US","PRESERVED_SPECIMEN","Pteryxia petraea"
"2573341057","Pteryxia petraea",-108.99366,38.71431,2007,5,19,"US","PRESERVED_SPECIMEN","Pteryxia petraea"
"2242380867","Pteryxia petraea",-108.992997,38.712455,2007,5,19,"US","PRESERVED_SPECIMEN","Pteryxia petraea"
"4404952842","Pteryxia petraea",-117.617222,40.905167,2007,6,8,"US","PRESERVED_SPECIMEN","Pteryxia petraea"
"2422458572","Pteryxia petraea",-117.61722,40.90517,2007,6,8,"US","PRESERVED_SPECIMEN","Pteryxia petraea"
"4929748358","Pteryxia petraea",-117.617222,40.905167,2007,6,8,"US","PRESERVED_SPECIMEN","Pteryxia petraea"
"1986959612","Pteryxia petraea",-117.617222,40.905,2007,6,8,"US","PRESERVED_SPECIMEN","Pteryxia petraea"
"4068914047","Pteryxia petraea",-117.617222,40.905167,2007,6,8,"US","PRESERVED_SPECIMEN","Pteryxia petraea"
"4925664190","Pteryxia petraea",-118.565556,37.194167,2007,6,8,"US","PRESERVED_SPECIMEN","Pteryxia petraea"
"1929529812","Pteryxia petraea",-117.61722,40.90517,2007,6,8,"US","PRESERVED_SPECIMEN","Pteryxia petraea"
"4525714306","Pteryxia petraea",-117.617222,40.905166,2007,6,8,"US","PRESERVED_SPECIMEN","Pteryxia petraea"
"1846509681","Pteryxia petraea",-111.9260546,36.1933411,2007,7,5,"US","PRESERVED_SPECIMEN","Pteryxia petraea"
"3091229961","Pteryxia petraea",-111.9260506,36.1915232,2007,7,6,"US","PRESERVED_SPECIMEN","Pteryxia petraea"
"1846480688","Pteryxia petraea",-112.101051,36.070203,2007,10,11,"US","PRESERVED_SPECIMEN","Pteryxia petraea"
"4073822406","Pteryxia petraea",-118.152833,40.815083,2006,5,14,"US","PRESERVED_SPECIMEN","Pteryxia petraea"
"240494662","Pteryxia petraea",-118.152778,40.815,2006,5,14,"US","PRESERVED_SPECIMEN","Pteryxia petraea"
"4404951189","Pteryxia petraea",-118.152833,40.815083,2006,5,14,"US","PRESERVED_SPECIMEN","Pteryxia petraea"
"3091258608","Pteryxia petraea",-118.152833,40.815083,2006,5,14,"US","PRESERVED_SPECIMEN","Pteryxia petraea"
"4929732151","Pteryxia petraea",-118.152833,40.815083,2006,5,14,"US","PRESERVED_SPECIMEN","Pteryxia petraea"
"1986952655","Pteryxia petraea",-118.152833,40.815083,2006,5,14,"US","PRESERVED_SPECIMEN","Pteryxia petraea"
"4069027552","Pteryxia petraea",-118.5452,42.5794,2006,5,13,"US","PRESERVED_SPECIMEN","Pteryxia petraea"
"1929617173","Pteryxia petraea",-118.15283,40.81508,2006,5,14,"US","PRESERVED_SPECIMEN","Pteryxia petraea"
"318057814","Pteryxia petraea",-118.101944,41.015833,2006,6,2,"US","PRESERVED_SPECIMEN","Pteryxia petraea"
"4404951304","Pteryxia petraea",-118.102,41.015917,2006,6,2,"US","PRESERVED_SPECIMEN","Pteryxia petraea"
"3091258606","Pteryxia petraea",-118.102,41.015917,2006,6,2,"US","PRESERVED_SPECIMEN","Pteryxia petraea"
"1846501052","Pteryxia petraea",-112.260568,36.288183,2006,6,8,"US","PRESERVED_SPECIMEN","Pteryxia petraea"
"3091211654","Pteryxia petraea",-112.26841,36.2932786,2006,6,8,"US","PRESERVED_SPECIMEN","Pteryxia petraea"
"3091211636","Pteryxia petraea",-112.2610898,36.2881288,2006,6,8,"US","PRESERVED_SPECIMEN","Pteryxia petraea"
"4929732144","Pteryxia petraea",-118.102,41.015917,2006,6,2,"US","PRESERVED_SPECIMEN","Pteryxia petraea"
"1986952500","Pteryxia petraea",-118.102,41.015917,2006,6,2,"US","PRESERVED_SPECIMEN","Pteryxia petraea"
"1928409772","Pteryxia petraea",-118.102,41.01592,2006,6,2,"US","PRESERVED_SPECIMEN","Pteryxia petraea"
"4073918946","Pteryxia petraea",-118.102,41.015917,2006,6,2,"US","PRESERVED_SPECIMEN","Pteryxia petraea"
"4069038776","Pteryxia petraea",-118.102,41.015917,2006,6,2,"US","PRESERVED_SPECIMEN","Pteryxia petraea"
"4404952849","Pteryxia petraea",-118.5067636,41.3155082,2005,5,28,"US","PRESERVED_SPECIMEN","Pteryxia petraea"
"4070175998","Pteryxia petraea",-115.17,42.7007,2005,6,8,"US","PRESERVED_SPECIMEN","Pteryxia petraea"
"3091269796","Pteryxia petraea",-111.97506,36.14823,2005,9,11,"US","PRESERVED_SPECIMEN","Pteryxia petraea"
"3091271408","Pteryxia petraea",-111.97704,36.12173,2005,9,9,"US","PRESERVED_SPECIMEN","Pteryxia petraea"
"1846554601","Pteryxia petraea",-112.020933,36.445817,2005,9,9,"US","PRESERVED_SPECIMEN","Pteryxia petraea"
"1846554675","Pteryxia petraea",-112.026,36.4289,2005,9,10,"US","PRESERVED_SPECIMEN","Pteryxia petraea"
"4404951310","Pteryxia petraea",-116.507028,38.370917,2004,5,27,"US","PRESERVED_SPECIMEN","Pteryxia petraea"
"3091258603","Pteryxia petraea",-116.507028,38.370917,2004,5,27,"US","PRESERVED_SPECIMEN","Pteryxia petraea"
"3091239142","Pteryxia petraea",-109.1309365,36.8481052,2004,5,25,"US","PRESERVED_SPECIMEN","Pteryxia petraea"
"4929779312","Pteryxia petraea",-116.507028,38.370917,2004,5,27,"US","PRESERVED_SPECIMEN","Pteryxia petraea"
"1986956106","Pteryxia petraea",-116.506944,38.370833,2004,5,27,"US","PRESERVED_SPECIMEN","Pteryxia petraea"
"1928363598","Pteryxia petraea",-116.507028,38.370917,2004,5,27,"US","PRESERVED_SPECIMEN","Pteryxia petraea"
"1846475995","Pteryxia petraea",-112.0184,36.19033,2003,3,19,"US","PRESERVED_SPECIMEN","Pteryxia petraea"
"3091210306","Pteryxia petraea",-109.77688,37.42593,2003,4,17,"US","PRESERVED_SPECIMEN","Pteryxia petraea"
"4912232190","Pteryxia petraea",-109.42633,37.3324,2003,4,24,"US","PRESERVED_SPECIMEN","Pteryxia petraea"
"4068975401","Pteryxia petraea",-116.370833,43.196944,2003,4,10,"US","PRESERVED_SPECIMEN","Pteryxia petraea"
"4912209743","Pteryxia petraea",-109.65529,37.35096,2003,5,3,"US","PRESERVED_SPECIMEN","Pteryxia petraea"
"1843892030","Pteryxia petraea",-109.014801,36.665548,2003,5,10,"US","PRESERVED_SPECIMEN","Pteryxia petraea"
"4073823820","Pteryxia petraea",-115.6708,42.6921,2002,4,23,"US","PRESERVED_SPECIMEN","Pteryxia petraea"
"3820602650","Pteryxia petraea",-117.698667,42.891667,2002,6,4,"US","PRESERVED_SPECIMEN","Pteryxia petraea"
"4074150676","Pteryxia petraea",-117.698667,42.891667,2002,6,4,"US","PRESERVED_SPECIMEN","Pteryxia petraea"
"1929431353","Pteryxia petraea",-117.69867,42.89167,2002,6,4,"US","PRESERVED_SPECIMEN","Pteryxia petraea"
"4069044531","Pteryxia petraea",-117.6987,42.8917,2002,6,4,"US","PRESERVED_SPECIMEN","Pteryxia petraea"
"4069021426","Pteryxia petraea",-117.21,42.4383,2002,7,10,"US","PRESERVED_SPECIMEN","Pteryxia petraea"
"4074153258","Pteryxia petraea",-117.21,42.438333,2002,7,10,"US","PRESERVED_SPECIMEN","Pteryxia petraea"
"1843841643","Pteryxia petraea",-108.982549,36.793668,2001,4,2,"US","PRESERVED_SPECIMEN","Pteryxia petraea"
"1843841504","Pteryxia petraea",-109.021591,36.816592,2001,5,1,"US","PRESERVED_SPECIMEN","Pteryxia petraea"
"4404951326","Pteryxia petraea",-116.301099,38.664501,2001,7,5,"US","PRESERVED_SPECIMEN","Pteryxia petraea"
"4929771415","Pteryxia petraea",-116.301099,38.664501,2001,7,5,"US","PRESERVED_SPECIMEN","Pteryxia petraea"
"4912076896","Pteryxia petraea",-116.29397,38.65665,2001,7,5,"US","PRESERVED_SPECIMEN","Pteryxia petraea"
"1929022642","Pteryxia petraea",-116.29,38.66,2001,7,5,"US","PRESERVED_SPECIMEN","Pteryxia petraea"
"2575151835","Pteryxia petraea",-118.634,37.220389,2001,7,11,"US","PRESERVED_SPECIMEN","Pteryxia petraea"
"4073900596","Pteryxia petraea",-116.2935445,38.6553706,2001,7,5,"US","PRESERVED_SPECIMEN","Pteryxia petraea"
"2418054150","Pteryxia petraea",-118.526667,37.220833,2000,7,31,"US","PRESERVED_SPECIMEN","Pteryxia petraea"
