"gbifID","species","longitude","latitude","year","month","day","countryCode","accepted_name"
"3759751379","Pteryxia terebinthina",-121.328963,44.46088,2022,4,9,"US","Pteryxia terebinthina"
"3773105852","Pteryxia terebinthina",-119.921491,46.805459,2022,4,30,"US","Pteryxia terebinthina"
"3859371995","Pteryxia terebinthina",-119.560294,37.755307,2022,4,9,"US","Pteryxia terebinthina"
"4006545437","Pteryxia terebinthina",-119.304542,46.229288,2022,4,17,"US","Pteryxia terebinthina"
"3773362113","Pteryxia terebinthina",-119.465669,47.898959,2022,5,10,"US","Pteryxia terebinthina"
"3784712926","Pteryxia terebinthina",-117.42875,47.623072,2022,5,15,"US","Pteryxia terebinthina"
"3858349011","Pteryxia terebinthina",-120.054187,38.883973,2022,5,30,"US","Pteryxia terebinthina"
"3858378943","Pteryxia terebinthina",-118.426875,35.919789,2022,5,31,"US","Pteryxia terebinthina"
"3859193526","Pteryxia terebinthina",-119.284556,46.544106,2022,5,27,"US","Pteryxia terebinthina"
"3872948221","Pteryxia terebinthina",-118.243481,36.15154,2022,5,29,"US","Pteryxia terebinthina"
"3873552646","Pteryxia terebinthina",-119.750503,38.427225,2022,5,26,"US","Pteryxia terebinthina"
"3902026089","Pteryxia terebinthina",-118.765153,36.544463,2022,5,9,"US","Pteryxia terebinthina"
"3902138884","Pteryxia terebinthina",-123.093911,38.612389,2022,5,7,"US","Pteryxia terebinthina"
"3902836307","Pteryxia terebinthina",-123.134772,38.607819,2022,5,30,"US","Pteryxia terebinthina"
"4006639443","Pteryxia terebinthina",-119.933472,46.872525,2022,5,21,"US","Pteryxia terebinthina"
"4010655905","Pteryxia terebinthina",-111.142739,42.313214,2022,5,23,"US","Pteryxia terebinthina"
"3858570740","Pteryxia terebinthina",-119.848228,38.136811,2022,6,12,"US","Pteryxia terebinthina"
"3858738412","Pteryxia terebinthina",-119.145574,37.925374,2022,6,23,"US","Pteryxia terebinthina"
"3858762312","Pteryxia terebinthina",-121.527947,40.442458,2022,6,26,"US","Pteryxia terebinthina"
"3859261412","Pteryxia terebinthina",-119.484883,37.811093,2022,6,10,"US","Pteryxia terebinthina"
"3859607642","Pteryxia terebinthina",-120.014489,38.667872,2022,6,26,"US","Pteryxia terebinthina"
"3859612115","Pteryxia terebinthina",-119.181177,37.075176,2022,6,3,"US","Pteryxia terebinthina"
"3859941606","Pteryxia terebinthina",-120.006516,38.670486,2022,6,26,"US","Pteryxia terebinthina"
"3872957815","Pteryxia terebinthina",-119.995362,38.671588,2022,6,30,"US","Pteryxia terebinthina"
"3874003084","Pteryxia terebinthina",-120.662025,39.602211,2022,6,30,"US","Pteryxia terebinthina"
"3889047440","Pteryxia terebinthina",-108.951122,41.815483,2022,6,9,"US","Pteryxia terebinthina"
"3949962324","Pteryxia terebinthina",-121.551221,40.437744,2022,6,25,"US","Pteryxia terebinthina"
"3961337519","Pteryxia terebinthina",-122.327659,41.474694,2022,6,24,"US","Pteryxia terebinthina"
"3961474502","Pteryxia terebinthina",-122.24771,41.532943,2022,6,24,"US","Pteryxia terebinthina"
"4010655997","Pteryxia terebinthina",-112.851887,42.32199,2022,6,16,"US","Pteryxia terebinthina"
"4010656035","Pteryxia terebinthina",-112.787572,42.238418,2022,6,16,"US","Pteryxia terebinthina"
"3858999035","Pteryxia terebinthina",-120.226014,39.064367,2022,7,1,"US","Pteryxia terebinthina"
"3872879283","Pteryxia terebinthina",-120.36283,39.34987,2022,7,8,"US","Pteryxia terebinthina"
"3872893850","Pteryxia terebinthina",-119.482117,37.81447,2022,7,1,"US","Pteryxia terebinthina"
"3873274867","Pteryxia terebinthina",-119.901298,39.31178,2022,7,1,"US","Pteryxia terebinthina"
"3873655892","Pteryxia terebinthina",-121.20596,40.430252,2022,7,11,"US","Pteryxia terebinthina"
"3873765309","Pteryxia terebinthina",-119.987194,38.684171,2022,7,2,"US","Pteryxia terebinthina"
"3873800084","Pteryxia terebinthina",-119.989228,38.679311,2022,7,10,"US","Pteryxia terebinthina"
"3873824601","Pteryxia terebinthina",-119.991828,38.691961,2022,7,10,"US","Pteryxia terebinthina"
"3889140005","Pteryxia terebinthina",-119.988727,38.680814,2022,7,27,"US","Pteryxia terebinthina"
"3889251533","Pteryxia terebinthina",-120.381472,39.293844,2022,7,28,"US","Pteryxia terebinthina"
"3892695510","Pteryxia terebinthina",-120.330315,39.366383,2022,7,18,"US","Pteryxia terebinthina"
"3897611649","Pteryxia terebinthina",-119.9939,38.6721299990793,2022,7,14,"US","Pteryxia terebinthina"
"3902458165","Pteryxia terebinthina",-119.395338,38.089522,2022,7,1,"US","Pteryxia terebinthina"
"3912193522","Pteryxia terebinthina",-120.239413,39.141313,2022,7,28,"US","Pteryxia terebinthina"
"3912083909","Pteryxia terebinthina",-119.234619,37.959044,2022,9,7,"US","Pteryxia terebinthina"
"3912326949","Pteryxia terebinthina",-120.12304,39.01044,2022,9,1,"US","Pteryxia terebinthina"
"3079810085","Pteryxia terebinthina",-116.248898,43.725513,2021,4,6,"US","Pteryxia terebinthina"
"3112719516","Pteryxia terebinthina",-121.126721,45.099017,2021,4,28,"US","Pteryxia terebinthina"
"3385196480","Pteryxia terebinthina",-118.642921,37.405655,2021,4,5,"US","Pteryxia terebinthina"
"3468948334","Pteryxia terebinthina",-120.20662,44.619458,2021,4,13,"US","Pteryxia terebinthina"
"3804009304","Pteryxia terebinthina",-111.774567,41.834435,2021,4,27,"US","Pteryxia terebinthina"
"3858162637","Pteryxia terebinthina",-120.064103,47.373406,2021,4,11,"US","Pteryxia terebinthina"
"4006626373","Pteryxia terebinthina",-118.676675,47.434145,2021,4,17,"US","Pteryxia terebinthina"
"3302451015","Pteryxia terebinthina",-120.366095,39.354325,2021,5,31,"US","Pteryxia terebinthina"
"3307158433","Pteryxia terebinthina",-122.414033,41.276953,2021,5,9,"US","Pteryxia terebinthina"
"3337861506","Pteryxia terebinthina",-118.504485,37.253037,2021,5,20,"US","Pteryxia terebinthina"
"3425192301","Pteryxia terebinthina",-120.624675,39.30938,2021,5,16,"US","Pteryxia terebinthina"
"3314462693","Pteryxia terebinthina",-120.141419,38.63478,2021,6,18,"US","Pteryxia terebinthina"
"3326867323","Pteryxia terebinthina",-115.870972,45.260889,2021,6,24,"US","Pteryxia terebinthina"
"3327983557","Pteryxia terebinthina",-119.100037,37.286212,2021,6,27,"US","Pteryxia terebinthina"
"3897987401","Pteryxia terebinthina",-112.13206,42.84154,2021,6,24,"US","Pteryxia terebinthina"
"3330558495","Pteryxia terebinthina",-110.96515,43.534089,2021,7,11,"US","Pteryxia terebinthina"
"3330665342","Pteryxia terebinthina",-120.349092,39.36546,2021,7,16,"US","Pteryxia terebinthina"
"3330723765","Pteryxia terebinthina",-120.141577,38.631406,2021,7,15,"US","Pteryxia terebinthina"
"3355358563","Pteryxia terebinthina",-119.992579,38.704836,2021,7,27,"US","Pteryxia terebinthina"
"3979568401","Pteryxia terebinthina",-118.37336,35.92368,2021,7,26,"US","Pteryxia terebinthina"
"3335477398","Pteryxia terebinthina",-120.316262,39.305344,2021,8,2,"US","Pteryxia terebinthina"
"3384273961","Pteryxia terebinthina",-119.617722,38.311092,2021,9,7,"US","Pteryxia terebinthina"
"3307118337","Pteryxia terebinthina",-118.104539,35.301156,2020,3,7,"US","Pteryxia terebinthina"
"2603337244","Pteryxia terebinthina",-121.126108,45.098401,2020,4,10,"US","Pteryxia terebinthina"
"2611081516","Pteryxia terebinthina",-121.126223,45.098337,2020,4,21,"US","Pteryxia terebinthina"
"2626478468","Pteryxia terebinthina",-117.428928,47.622816,2020,4,25,"US","Pteryxia terebinthina"
"3090815715","Pteryxia terebinthina",-122.55365,38.61636,2020,4,30,"US","Pteryxia terebinthina"
"2641373701","Pteryxia terebinthina",-118.880606,36.704711,2020,6,10,"US","Pteryxia terebinthina"
"3712423337","Pteryxia terebinthina",-118.254093,36.020282,2020,6,25,"US","Pteryxia terebinthina"
"2818535012","Pteryxia terebinthina",-119.996833,38.670212,2020,7,12,"US","Pteryxia terebinthina"
"2981959301","Pteryxia terebinthina",-118.585104,36.406132,2020,7,14,"US","Pteryxia terebinthina"
"3759894476","Pteryxia terebinthina",-120.627617,39.616494,2020,7,16,"US","Pteryxia terebinthina"
"2856757186","Pteryxia terebinthina",-119.628315,38.286178,2020,8,16,"US","Pteryxia terebinthina"
"2860018442","Pteryxia terebinthina",-119.249028,37.920163,2020,8,23,"US","Pteryxia terebinthina"
"2860064795","Pteryxia terebinthina",-119.241805,37.918848,2020,8,23,"US","Pteryxia terebinthina"
"2273200719","Pteryxia terebinthina",-111.976883,43.782135,2019,4,12,"US","Pteryxia terebinthina"
"2566036544","Pteryxia terebinthina",-122.538333,40.7825,2019,6,23,"US","Pteryxia terebinthina"
"2597867491","Pteryxia terebinthina",-119.584309,37.7234,2019,6,14,"US","Pteryxia terebinthina"
"2626180544","Pteryxia terebinthina",-119.584328,37.72337,2019,6,6,"US","Pteryxia terebinthina"
"3031671465","Pteryxia terebinthina",-119.701902,38.28505,2019,6,9,"US","Pteryxia terebinthina"
"3039160433","Pteryxia terebinthina",-123.198906,38.668802,2019,6,26,"US","Pteryxia terebinthina"
"3329975358","Pteryxia terebinthina",-120.7093,45.7044,2019,6,4,"US","Pteryxia terebinthina"
"2294541712","Pteryxia terebinthina",-119.627057,38.284645,2019,7,14,"US","Pteryxia terebinthina"
"2294557087","Pteryxia terebinthina",-119.989761,38.689174,2019,7,17,"US","Pteryxia terebinthina"
"2294673898","Pteryxia terebinthina",-119.616103,38.274475,2019,7,22,"US","Pteryxia terebinthina"
"2311305770","Pteryxia terebinthina",-120.491358,39.595872,2019,7,11,"US","Pteryxia terebinthina"
"2397698587","Pteryxia terebinthina",-120.662208,39.602917,2019,7,10,"US","Pteryxia terebinthina"
"3067607615","Pteryxia terebinthina",-119.583706,37.724109,2019,7,6,"US","Pteryxia terebinthina"
"2331927593","Pteryxia terebinthina",-119.725282,38.219693,2019,8,2,"US","Pteryxia terebinthina"
"2366059980","Pteryxia terebinthina",-120.0131,38.668483,2019,8,11,"US","Pteryxia terebinthina"
"2366106311","Pteryxia terebinthina",-120.00671,38.670194,2019,8,17,"US","Pteryxia terebinthina"
"2397520330","Pteryxia terebinthina",-120.011752,38.669256,2019,8,21,"US","Pteryxia terebinthina"
"3005097345","Pteryxia terebinthina",-119.093939,37.691611,2019,9,1,"US","Pteryxia terebinthina"
"2626246328","Pteryxia terebinthina",-122.978984,38.450475,2018,4,27,"US","Pteryxia terebinthina"
"2418044623","Pteryxia terebinthina",-121.7025,40.008056,2018,6,7,"US","Pteryxia terebinthina"
"2422536223","Pteryxia terebinthina",-114.57592,41.91603,2018,6,15,"US","Pteryxia terebinthina"
"2447325538","Pteryxia terebinthina",-114.575917,41.916033,2018,6,15,"US","Pteryxia terebinthina"
"2610092178","Pteryxia terebinthina",-114.575917,41.9160329990621,2018,6,15,"US","Pteryxia terebinthina"
"2634267491","Pteryxia terebinthina",-120.009506,38.718206,2018,6,28,"US","Pteryxia terebinthina"
"3061541315","Pteryxia terebinthina",-121.495305,46.14158,2018,7,25,"US","Pteryxia terebinthina"
"3341917302","Pteryxia terebinthina",-121.524634,40.4499459990684,2018,7,9,"US","Pteryxia terebinthina"
"3398694378","Pteryxia terebinthina",-120.36455,39.359167,2018,7,28,"US","Pteryxia terebinthina"
"3399187389","Pteryxia terebinthina",-120.349092,39.36546,2018,7,28,"US","Pteryxia terebinthina"
"2988397618","Pteryxia terebinthina",-117.155793,43.496236,2017,3,18,"US","Pteryxia terebinthina"
"1847634324","Pteryxia terebinthina",-123.132362,38.614188,2017,5,13,"US","Pteryxia terebinthina"
"1580513039","Pteryxia terebinthina",-118.726005,36.629033,2017,7,18,"US","Pteryxia terebinthina"
"1621778912","Pteryxia terebinthina",-119.995366,38.67176,2017,8,17,"US","Pteryxia terebinthina"
"1621779701","Pteryxia terebinthina",-119.994911,38.672406,2017,8,17,"US","Pteryxia terebinthina"
"3031879918","Pteryxia terebinthina",-123.072189,38.598811,2016,3,19,"US","Pteryxia terebinthina"
"2417210305","Pteryxia terebinthina",-109.55447,40.3699,2016,4,25,"US","Pteryxia terebinthina"
"1272082998","Pteryxia terebinthina",-119.971497,38.926719,2016,5,25,"US","Pteryxia terebinthina"
"1291664285","Pteryxia terebinthina",-119.992312,38.675348,2016,6,28,"US","Pteryxia terebinthina"
"2422519819","Pteryxia terebinthina",-119.24686,37.91964,2016,7,10,"US","Pteryxia terebinthina"
"1291061966","Pteryxia terebinthina",-119.998183,38.695848,2015,6,2,"US","Pteryxia terebinthina"
"1134964997","Pteryxia terebinthina",-119.989275,38.678835,2015,7,23,"US","Pteryxia terebinthina"
"1930312484","Pteryxia terebinthina",-119.94669,39.33447,2015,7,6,"US","Pteryxia terebinthina"
"1986858058","Pteryxia terebinthina",-119.9467,39.334483,2015,7,6,"US","Pteryxia terebinthina"
"3091244461","Pteryxia terebinthina",-119.9467,39.334483,2015,7,6,"US","Pteryxia terebinthina"
"3398760311","Pteryxia terebinthina",-119.996796,38.684438,2015,7,14,"US","Pteryxia terebinthina"
"2447886301","Pteryxia terebinthina",-120.394322,39.274075,2014,4,21,"US","Pteryxia terebinthina"
"2562126924","Pteryxia terebinthina",-120.394322,39.274075,2014,4,21,"US","Pteryxia terebinthina"
"3091252390","Pteryxia terebinthina",-117.719236,35.324382,2014,4,14,"US","Pteryxia terebinthina"
"1426464888","Pteryxia terebinthina",-118.76232,36.77017,2014,6,25,"US","Pteryxia terebinthina"
"2422495410","Pteryxia terebinthina",-119.05839,37.65511,2014,6,23,"US","Pteryxia terebinthina"
"2430229515","Pteryxia terebinthina",-118.76232,36.77017,2014,6,25,"US","Pteryxia terebinthina"
"2422496666","Pteryxia terebinthina",-119.23758,37.96369,2014,7,27,"US","Pteryxia terebinthina"
"1135522421","Pteryxia terebinthina",-120.310721,39.41385,2013,6,7,"US","Pteryxia terebinthina"
"2418047661","Pteryxia terebinthina",-120.744167,40.330556,2012,6,7,"US","Pteryxia terebinthina"
"2418051590","Pteryxia terebinthina",-121.133056,39.82,2012,6,2,"US","Pteryxia terebinthina"
"2418053543","Pteryxia terebinthina",-120.914167,39.75,2012,6,16,"US","Pteryxia terebinthina"
"2430471446","Pteryxia terebinthina",-120.74409,40.3180499990691,2012,6,7,"US","Pteryxia terebinthina"
"2430392926","Pteryxia terebinthina",-118.74651,36.71522,2012,7,11,"US","Pteryxia terebinthina"
"3820541716","Pteryxia terebinthina",-118.56496,44.7135399990568,2012,7,17,"US","Pteryxia terebinthina"
"2422502694","Pteryxia terebinthina",-119.09231,37.84119,2011,6,20,"US","Pteryxia terebinthina"
"2573341737","Pteryxia terebinthina",-108.455528,40.881889,2011,6,23,"US","Pteryxia terebinthina"
"1320519629","Pteryxia terebinthina",-110.033,42.4931,2011,7,18,"US","Pteryxia terebinthina"
"2418049663","Pteryxia terebinthina",-121.193889,39.7763889990721,2011,7,3,"US","Pteryxia terebinthina"
"3059667346","Pteryxia terebinthina",-120.1372,38.6556,2011,7,20,"US","Pteryxia terebinthina"
"3989320868","Pteryxia terebinthina",-118.665366,44.302302,2011,8,23,"US","Pteryxia terebinthina"
"2421723287","Pteryxia terebinthina",-120.361833,39.7557,2010,5,11,"US","Pteryxia terebinthina"
"2422489512","Pteryxia terebinthina",-120.50222,39.15667,2010,7,28,"US","Pteryxia terebinthina"
"2418047594","Pteryxia terebinthina",-121.036389,39.7347219990724,2010,8,19,"US","Pteryxia terebinthina"
"2418044835","Pteryxia terebinthina",-121.438889,40.006111,2010,9,21,"US","Pteryxia terebinthina"
"2430295426","Pteryxia terebinthina",-121.438944,40.006194,2010,9,21,"US","Pteryxia terebinthina"
"3053356299","Pteryxia terebinthina",-121.4389,40.0061,2010,9,21,"US","Pteryxia terebinthina"
"441820530","Pteryxia terebinthina",-118.87057,46.24729,2009,4,16,"US","Pteryxia terebinthina"
"441820531","Pteryxia terebinthina",-119.45321,46.15958,2009,4,17,"US","Pteryxia terebinthina"
"441820532","Pteryxia terebinthina",-119.49187,46.33112,2009,4,17,"US","Pteryxia terebinthina"
"441820533","Pteryxia terebinthina",-119.74575,46.64406,2009,4,17,"US","Pteryxia terebinthina"
"441820556","Pteryxia terebinthina",-118.92146,47.68281,2009,5,1,"US","Pteryxia terebinthina"
"2418038844","Pteryxia terebinthina",-121.642303,41.016403,2009,5,25,"US","Pteryxia terebinthina"
"3949961372","Pteryxia terebinthina",-121.642303,41.016403,2009,5,25,"US","Pteryxia terebinthina"
"441733300","Pteryxia terebinthina",-119.54306,46.80453,2009,6,16,"US","Pteryxia terebinthina"
"3820540292","Pteryxia terebinthina",-118.970278,44.133889,2009,7,24,"US","Pteryxia terebinthina"
"1457787744","Pteryxia terebinthina",-109.499,40.349833,2008,5,19,"US","Pteryxia terebinthina"
"1930605649","Pteryxia terebinthina",-109.499,40.34983,2008,5,19,"US","Pteryxia terebinthina"
"2418048886","Pteryxia terebinthina",-121.583889,40.0697219990704,2008,6,15,"US","Pteryxia terebinthina"
"2421708129","Pteryxia terebinthina",-120.302357,39.306953999075,2008,7,20,"US","Pteryxia terebinthina"
"441733178","Pteryxia terebinthina",-120.051967,47.07845,2007,4,25,"US","Pteryxia terebinthina"
"441733181","Pteryxia terebinthina",-120.034,47.086567,2007,4,25,"US","Pteryxia terebinthina"
"441733182","Pteryxia terebinthina",-120.024733,47.110767,2007,4,25,"US","Pteryxia terebinthina"
"1928014447","Pteryxia terebinthina",-109.52781,40.57261,2007,4,28,"US","Pteryxia terebinthina"
"1929878945","Pteryxia terebinthina",-111.8447,43.4239,2007,5,30,"US","Pteryxia terebinthina"
"3820672107","Pteryxia terebinthina",-111.844722,43.423889,2007,5,30,"US","Pteryxia terebinthina"
"2430217265","Pteryxia terebinthina",-118.930783,37.0734669990922,2007,6,28,"US","Pteryxia terebinthina"
"3053465620","Pteryxia terebinthina",-118.93055,37.0733299990922,2007,6,28,"US","Pteryxia terebinthina"
"2421701264","Pteryxia terebinthina",-120.028611,38.864388999078,2007,7,21,"US","Pteryxia terebinthina"
"2421751954","Pteryxia terebinthina",-119.915833,38.6405559990796,2007,7,7,"US","Pteryxia terebinthina"
"2422437290","Pteryxia terebinthina",-119.91583,38.64056,2007,7,7,"US","Pteryxia terebinthina"
"2421751476","Pteryxia terebinthina",-122.248611,41.533333,2007,8,2,"US","Pteryxia terebinthina"
"2430281133","Pteryxia terebinthina",-122.248611,41.533333,2007,8,2,"US","Pteryxia terebinthina"
"1928254302","Pteryxia terebinthina",-108.8144,42.8307,2006,5,9,"US","Pteryxia terebinthina"
"1986952683","Pteryxia terebinthina",-110.4678,43.8947,2006,6,12,"US","Pteryxia terebinthina"
"1986952762","Pteryxia terebinthina",-110.4678,43.8947,2006,6,12,"US","Pteryxia terebinthina"
"2430409430","Pteryxia terebinthina",-118.597921,36.181508,2006,6,24,"US","Pteryxia terebinthina"
"2984360434","Pteryxia terebinthina",-120.236577,39.150186,2006,6,25,"US","Pteryxia terebinthina"
"2421753359","Pteryxia terebinthina",-120.009722,38.685556,2006,8,30,"US","Pteryxia terebinthina"
"2422432583","Pteryxia terebinthina",-120.00972,38.68556,2006,8,30,"US","Pteryxia terebinthina"
"441733138","Pteryxia terebinthina",-118.816667,46.4,2005,4,22,"US","Pteryxia terebinthina"
"1930866762","Pteryxia terebinthina",-108.93215,42.80335,2005,6,23,"US","Pteryxia terebinthina"
"2573505234","Pteryxia terebinthina",-108.996667,36.682222,2004,4,19,"US","Pteryxia terebinthina"
"2573511280","Pteryxia terebinthina",-109.056389,36.815278,2004,4,19,"US","Pteryxia terebinthina"
"2270186095","Pteryxia terebinthina",-118.058061,35.80625,2004,5,7,"US","Pteryxia terebinthina"
"2418056238","Pteryxia terebinthina",-121.446944,41.1311109990651,2004,5,24,"US","Pteryxia terebinthina"
"2418056979","Pteryxia terebinthina",-121.445,41.1108329990652,2004,5,28,"US","Pteryxia terebinthina"
"2430314040","Pteryxia terebinthina",-118.597921,36.181508,2004,6,23,"US","Pteryxia terebinthina"
"2430562425","Pteryxia terebinthina",-118.597921,36.181508,2004,6,9,"US","Pteryxia terebinthina"
"1928357464","Pteryxia terebinthina",-121.43894,40.00619,2004,8,2,"US","Pteryxia terebinthina"
"2268853926","Pteryxia terebinthina",-121.438944,40.006194,2004,8,2,"US","Pteryxia terebinthina"
"2418007561","Pteryxia terebinthina",-121.438889,40.006111,2004,8,2,"US","Pteryxia terebinthina"
"2430276077","Pteryxia terebinthina",-119.656389,37.536944,2004,9,5,"US","Pteryxia terebinthina"
"1927961564","Pteryxia terebinthina",-111.873611,43.268611,2003,6,17,"US","Pteryxia terebinthina"
"1928839289","Pteryxia terebinthina",-114.77,41.575,2003,6,11,"US","Pteryxia terebinthina"
"1986950502","Pteryxia terebinthina",-114.770278,41.584444,2003,6,11,"US","Pteryxia terebinthina"
"1986955709","Pteryxia terebinthina",-111.873611,43.268611,2003,6,17,"US","Pteryxia terebinthina"
"3820650175","Pteryxia terebinthina",-111.873611,43.268611,2003,6,17,"US","Pteryxia terebinthina"
"3059703003","Pteryxia terebinthina",-120.0742,38.69,2003,7,22,"US","Pteryxia terebinthina"
"1929425247","Pteryxia terebinthina",-110.534722,43.283611,2002,5,27,"US","Pteryxia terebinthina"
"1929803962","Pteryxia terebinthina",-113,43,2002,5,26,"US","Pteryxia terebinthina"
"1986955374","Pteryxia terebinthina",-110.534722,43.283611,2002,5,27,"US","Pteryxia terebinthina"
"3967660440","Pteryxia terebinthina",-113.290667,43.38485,2002,5,26,"US","Pteryxia terebinthina"
"2421706142","Pteryxia terebinthina",-121.950278,41.485556,2002,6,20,"US","Pteryxia terebinthina"
"2430340261","Pteryxia terebinthina",-118.597921,36.181508,2002,6,22,"US","Pteryxia terebinthina"
"3967660495","Pteryxia terebinthina",-113.3333,43.4333,2002,6,24,"US","Pteryxia terebinthina"
"1928955501","Pteryxia terebinthina",-111.1,43.46,2002,7,21,"US","Pteryxia terebinthina"
"1928979005","Pteryxia terebinthina",-110.534722,43.283611,2002,7,7,"US","Pteryxia terebinthina"
"1986955412","Pteryxia terebinthina",-110.534722,43.283611,2002,7,7,"US","Pteryxia terebinthina"
"2421707969","Pteryxia terebinthina",-121.946111,41.465833,2002,7,12,"US","Pteryxia terebinthina"
"2422433344","Pteryxia terebinthina",-121.94611,41.46583,2002,7,12,"US","Pteryxia terebinthina"
"1928645819","Pteryxia terebinthina",-113.69,36.49,2001,4,23,"US","Pteryxia terebinthina"
"1931026919","Pteryxia terebinthina",-118.8359,37.772767,2001,6,20,"US","Pteryxia terebinthina"
"2430090301","Pteryxia terebinthina",-118.8359,37.772767,2001,6,20,"US","Pteryxia terebinthina"
"1929901843","Pteryxia terebinthina",-118.80683,37.778967,2001,7,21,"US","Pteryxia terebinthina"
"2418000737","Pteryxia terebinthina",-121.045218061014,39.8395333796762,2001,7,3,"US","Pteryxia terebinthina"
"2430259927","Pteryxia terebinthina",-118.806833,37.778967,2001,7,21,"US","Pteryxia terebinthina"
"2422324269","Pteryxia terebinthina",-118.12222,35.185,2000,4,16,"US","Pteryxia terebinthina"
"2421708814","Pteryxia terebinthina",-122.253373,41.558555,2000,6,23,"US","Pteryxia terebinthina"
"1929651837","Pteryxia terebinthina",-118.884183,37.769367,2000,7,17,"US","Pteryxia terebinthina"
"2430395481","Pteryxia terebinthina",-118.884183,37.769367,2000,7,17,"US","Pteryxia terebinthina"
"1988209083","Pteryxia terebinthina",-116.966667,46.066667,1999,4,6,"US","Pteryxia terebinthina"
"3308069626","Pteryxia terebinthina",-116.958,46.067,1999,4,18,"US","Pteryxia terebinthina"
"2417997730","Pteryxia terebinthina",-120.199722,39.206111,1999,7,18,"US","Pteryxia terebinthina"
"3059703001","Pteryxia terebinthina",-120.1997,39.2061,1999,7,18,"US","Pteryxia terebinthina"
"3820667218","Pteryxia terebinthina",-111.382522,43.0270499990589,1998,5,2,"US","Pteryxia terebinthina"
"2417990077","Pteryxia terebinthina",-121.331667,41.4955559990636,1998,6,11,"US","Pteryxia terebinthina"
"3059697720","Pteryxia terebinthina",-121.331667,41.4955559990636,1998,6,11,"US","Pteryxia terebinthina"
"2417991389","Pteryxia terebinthina",-120.619094673387,39.6720399167878,1998,7,24,"US","Pteryxia terebinthina"
"2421674740","Pteryxia terebinthina",-120.241513,39.191435,1998,8,15,"US","Pteryxia terebinthina"
"1928965646","Pteryxia terebinthina",-110.28,37.27,1997,5,9,"US","Pteryxia terebinthina"
"1929663299","Pteryxia terebinthina",-113.63,41.5,1997,6,12,"US","Pteryxia terebinthina"
"1929712931","Pteryxia terebinthina",-113.59,41.73,1997,6,11,"US","Pteryxia terebinthina"
"1986995790","Pteryxia terebinthina",-109.758193,44.42963,1997,6,16,"US","Pteryxia terebinthina"
"2417993017","Pteryxia terebinthina",-121.101944,39.7236109990724,1997,6,9,"US","Pteryxia terebinthina"
"2417996069","Pteryxia terebinthina",-120.853056,39.7583329990722,1997,7,10,"US","Pteryxia terebinthina"
"1426072227","Pteryxia terebinthina",-118.852778,36.801111,1996,5,3,"US","Pteryxia terebinthina"
"1930737977","Pteryxia terebinthina",-119.69,39.18,1996,5,26,"US","Pteryxia terebinthina"
"1930240299","Pteryxia terebinthina",-113.67,41.52,1996,6,6,"US","Pteryxia terebinthina"
"1986946949","Pteryxia terebinthina",-119.816667,42.5,1996,6,9,"US","Pteryxia terebinthina"
"2421753787","Pteryxia terebinthina",-119.225,38,1996,6,1,"US","Pteryxia terebinthina"
"3820662653","Pteryxia terebinthina",-119.816667,42.5,1996,6,9,"US","Pteryxia terebinthina"
"1426284638","Pteryxia terebinthina",-119.104444,37.151667,1996,7,12,"US","Pteryxia terebinthina"
"2430550034","Pteryxia terebinthina",-119.104444,37.151667,1996,7,12,"US","Pteryxia terebinthina"
"1986969816","Pteryxia terebinthina",-112.546667,41.620556,1995,5,19,"US","Pteryxia terebinthina"
"1426123843","Pteryxia terebinthina",-121.3625,41.205556,1995,6,1,"US","Pteryxia terebinthina"
"1927933515","Pteryxia terebinthina",-121.3625,41.2056,1995,6,1,"US","Pteryxia terebinthina"
"2417984118","Pteryxia terebinthina",-121.109167,39.7661109990722,1995,7,23,"US","Pteryxia terebinthina"
"2982035732","Pteryxia terebinthina",-119.0445,37.742,1995,7,12,"US","Pteryxia terebinthina"
"3820535913","Pteryxia terebinthina",-118.68573,44.292829999057,1995,7,29,"US","Pteryxia terebinthina"
"2982036730","Pteryxia terebinthina",-119.037949,37.74457,1995,8,17,"US","Pteryxia terebinthina"
"2982039721","Pteryxia terebinthina",-119.064833,37.713604,1995,8,23,"US","Pteryxia terebinthina"
"2417984659","Pteryxia terebinthina",-122.339444,40.7836109990667,1994,4,27,"US","Pteryxia terebinthina"
"1928557400","Pteryxia terebinthina",-110.51,41.98,1994,5,28,"US","Pteryxia terebinthina"
"2982034725","Pteryxia terebinthina",-119.07317,37.716403,1994,8,6,"US","Pteryxia terebinthina"
"2422497006","Pteryxia terebinthina",-122.92972,38.43417,1993,5,10,"US","Pteryxia terebinthina"
"1260875445","Pteryxia terebinthina",-120.30944,39.49305,1993,6,12,"US","Pteryxia terebinthina"
"1260888366","Pteryxia terebinthina",-122.35,41.15,1993,6,23,"US","Pteryxia terebinthina"
"1426205622","Pteryxia terebinthina",-121.416944,41.251944,1993,6,12,"US","Pteryxia terebinthina"
"2417984952","Pteryxia terebinthina",-122.348889,41.154721999065,1993,6,23,"US","Pteryxia terebinthina"
"2417985679","Pteryxia terebinthina",-120.309444,39.493056,1993,6,12,"US","Pteryxia terebinthina"
"1986959010","Pteryxia terebinthina",-110.1798,42.1991,1992,4,18,"US","Pteryxia terebinthina"
"1929098202","Pteryxia terebinthina",-109.54,40.98,1992,5,26,"US","Pteryxia terebinthina"
"3344417402","Pteryxia terebinthina",-109.54,40.98,1992,5,26,"US","Pteryxia terebinthina"
"441732458","Pteryxia terebinthina",-119.025,46.216667,1992,6,12,"US","Pteryxia terebinthina"
"2417980292","Pteryxia terebinthina",-121.264444,40.534443999068,1992,6,13,"US","Pteryxia terebinthina"
"2417983068","Pteryxia terebinthina",-121.53,40.4358329990685,1992,6,26,"US","Pteryxia terebinthina"
"2417979164","Pteryxia terebinthina",-121.452222,40.519166999068,1992,7,19,"US","Pteryxia terebinthina"
"2417984538","Pteryxia terebinthina",-122.314444,41.5149999990636,1991,4,23,"US","Pteryxia terebinthina"
"3428567307","Pteryxia terebinthina",-109.170872,40.424686,1991,5,19,"US","Pteryxia terebinthina"
"3820702665","Pteryxia terebinthina",-116.4884,45.627149999057,1991,5,10,"US","Pteryxia terebinthina"
"441732459","Pteryxia terebinthina",-119.70556,48.210415,1991,6,22,"US","Pteryxia terebinthina"
"1986944379","Pteryxia terebinthina",-110.616667,41.716667,1991,6,3,"US","Pteryxia terebinthina"
"2573341416","Pteryxia terebinthina",-107.681728,40.246843,1991,6,8,"US","Pteryxia terebinthina"
"3820642116","Pteryxia terebinthina",-119.6888,48.2653479990631,1991,6,22,"US","Pteryxia terebinthina"
"3820652578","Pteryxia terebinthina",-118.52279,44.4247699990569,1991,8,22,"US","Pteryxia terebinthina"
"3820666916","Pteryxia terebinthina",-116.836186,45.6575719990571,1990,5,22,"US","Pteryxia terebinthina"
"2573339017","Pteryxia terebinthina",-107.992924,40.47373,1990,6,22,"US","Pteryxia terebinthina"
"1929012039","Pteryxia terebinthina",-110.213,43.573,1990,7,6,"US","Pteryxia terebinthina"
"2430501589","Pteryxia terebinthina",-118.75,36.8375,1990,7,2,"US","Pteryxia terebinthina"
"2433508118","Pteryxia terebinthina",-118.75,36.8375,1990,7,2,"US","Pteryxia terebinthina"
"2422291156","Pteryxia terebinthina",-119.00528,37.62778,1990,8,2,"US","Pteryxia terebinthina"
"2430491473","Pteryxia terebinthina",-119.004,37.6287,1990,8,2,"US","Pteryxia terebinthina"
"1931069877","Pteryxia terebinthina",-113.98,42,1989,6,24,"US","Pteryxia terebinthina"
"441732457","Pteryxia terebinthina",-120.398189,47.751184,1988,5,8,"US","Pteryxia terebinthina"
"1426304878","Pteryxia terebinthina",-118.741667,36.85,1988,5,28,"US","Pteryxia terebinthina"
"2430102477","Pteryxia terebinthina",-118.741667,36.85,1988,5,28,"US","Pteryxia terebinthina"
"2430431514","Pteryxia terebinthina",-118.577997,37.26831,1988,5,30,"US","Pteryxia terebinthina"
"3320763346","Pteryxia terebinthina",-121.975417,41.145444,1988,5,18,"US","Pteryxia terebinthina"
"1928340104","Pteryxia terebinthina",-109.271858,44.978572,1988,6,9,"US","Pteryxia terebinthina"
"3059697356","Pteryxia terebinthina",-122.467721,41.472263,1988,6,1,"US","Pteryxia terebinthina"
"3428567316","Pteryxia terebinthina",-109.040023,40.559962,1988,6,28,"US","Pteryxia terebinthina"
"2430287521","Pteryxia terebinthina",-118.606491,36.185672,1988,8,5,"US","Pteryxia terebinthina"
"1928216747","Pteryxia terebinthina",-109.483459,44.49133,1987,6,14,"US","Pteryxia terebinthina"
"1931023734","Pteryxia terebinthina",-114.19,41.5,1987,6,8,"US","Pteryxia terebinthina"
"2573340526","Pteryxia terebinthina",-109.025765,40.489674,1987,6,1,"US","Pteryxia terebinthina"
"3428567459","Pteryxia terebinthina",-109.025765,40.489674,1987,6,1,"US","Pteryxia terebinthina"
"3320790188","Pteryxia terebinthina",-120.498611,39.155472,1987,8,10,"US","Pteryxia terebinthina"
"1928626710","Pteryxia terebinthina",-109.63,38.48,1986,4,21,"US","Pteryxia terebinthina"
"1426305043","Pteryxia terebinthina",-118.141667,36.108333,1986,5,17,"US","Pteryxia terebinthina"
"1426305054","Pteryxia terebinthina",-118.141667,36.108333,1986,5,17,"US","Pteryxia terebinthina"
"2417970835","Pteryxia terebinthina",-122.062222,41.5283329990635,1986,5,29,"US","Pteryxia terebinthina"
"2430162793","Pteryxia terebinthina",-118.141667,36.108333,1986,5,17,"US","Pteryxia terebinthina"
"2430317505","Pteryxia terebinthina",-118.141667,36.108333,1986,5,17,"US","Pteryxia terebinthina"
"1928243835","Pteryxia terebinthina",-109.64434,44.510445,1986,6,16,"US","Pteryxia terebinthina"
"1930801314","Pteryxia terebinthina",-108.625729,42.64532,1986,6,20,"US","Pteryxia terebinthina"
"2451557496","Pteryxia terebinthina",-120.541105,39.535989,1986,6,30,"US","Pteryxia terebinthina"
"2430315135","Pteryxia terebinthina",-119.970365,38.750027,1986,8,6,"US","Pteryxia terebinthina"
"1929069680","Pteryxia terebinthina",-115.484734,44.940958,1985,6,26,"US","Pteryxia terebinthina"
"1929089110","Pteryxia terebinthina",-114.44,41.6,1985,6,12,"US","Pteryxia terebinthina"
"1929400231","Pteryxia terebinthina",-114,42.01,1985,6,10,"US","Pteryxia terebinthina"
"1930006096","Pteryxia terebinthina",-115,41.66,1985,6,11,"US","Pteryxia terebinthina"
"1930268364","Pteryxia terebinthina",-114.4,41.09,1985,6,13,"US","Pteryxia terebinthina"
"1930438688","Pteryxia terebinthina",-114,42.01,1985,6,10,"US","Pteryxia terebinthina"
"1930565687","Pteryxia terebinthina",-114.5292,41.03,1985,6,11,"US","Pteryxia terebinthina"
"2417968271","Pteryxia terebinthina",-121.439167,40.3133329990691,1985,6,10,"US","Pteryxia terebinthina"
"2573423029","Pteryxia terebinthina",-109.4322,44.7594,1985,7,18,"US","Pteryxia terebinthina"
"3820537525","Pteryxia terebinthina",-118.0622,44.8714,1985,7,23,"US","Pteryxia terebinthina"
"1930860448","Pteryxia terebinthina",-119.438614,46.36627,1984,4,28,"US","Pteryxia terebinthina"
"1928269358","Pteryxia terebinthina",-119.316388,46.26416,1984,5,1,"US","Pteryxia terebinthina"
"1928385056","Pteryxia terebinthina",-113.65,41.5,1984,5,31,"US","Pteryxia terebinthina"
"1928674855","Pteryxia terebinthina",-119.884808,46.62827,1984,5,2,"US","Pteryxia terebinthina"
"1930685446","Pteryxia terebinthina",-112.77,43.67,1984,5,14,"US","Pteryxia terebinthina"
"1929207837","Pteryxia terebinthina",-118.16,40.54,1984,7,4,"US","Pteryxia terebinthina"
"1426285025","Pteryxia terebinthina",-118.925,36.983333,1984,8,12,"US","Pteryxia terebinthina"
"2417976072","Pteryxia terebinthina",-120.667778,39.6180559990731,1984,8,5,"US","Pteryxia terebinthina"
"2430121659","Pteryxia terebinthina",-118.925,36.983333,1984,8,12,"US","Pteryxia terebinthina"
"1929737430","Pteryxia terebinthina",-119.295539,46.249459,1983,4,28,"US","Pteryxia terebinthina"
"1928939739","Pteryxia terebinthina",-109.47,40.74,1983,5,28,"US","Pteryxia terebinthina"
"1913945770","Pteryxia terebinthina",-108.499256,43.916129,1983,6,29,"US","Pteryxia terebinthina"
"1929546908","Pteryxia terebinthina",-109.449128,40.952072,1983,6,21,"US","Pteryxia terebinthina"
"1929801145","Pteryxia terebinthina",-108.6203,43.9837,1983,6,19,"US","Pteryxia terebinthina"
"1986959442","Pteryxia terebinthina",-108.6839,43.778,1983,6,23,"US","Pteryxia terebinthina"
"1930646654","Pteryxia terebinthina",-107.928959,43.850561,1983,7,3,"US","Pteryxia terebinthina"
"1930933746","Pteryxia terebinthina",-109.1,40.98,1983,7,6,"US","Pteryxia terebinthina"
"2417970186","Pteryxia terebinthina",-121.592778,40.0563889990705,1983,7,6,"US","Pteryxia terebinthina"
"2270228847","Pteryxia terebinthina",-106.24863,38.793407,1983,8,4,"US","Pteryxia terebinthina"
"441733046","Pteryxia terebinthina",-119.738807,48.245825,1982,4,16,"US","Pteryxia terebinthina"
"2982042474","Pteryxia terebinthina",-122.698922,40.702316,1982,5,15,"US","Pteryxia terebinthina"
"1929465629","Pteryxia terebinthina",-110.19,41.09,1982,6,30,"US","Pteryxia terebinthina"
"1929765580","Pteryxia terebinthina",-112.25,41.62,1982,6,4,"US","Pteryxia terebinthina"
"1986932214","Pteryxia terebinthina",-109.169444,40.416667,1982,6,12,"US","Pteryxia terebinthina"
"2422276093","Pteryxia terebinthina",-118.2525,36.01972,1982,6,20,"US","Pteryxia terebinthina"
"1426283642","Pteryxia terebinthina",-118.338889,36.066667,1982,7,31,"US","Pteryxia terebinthina"
"1929076263","Pteryxia terebinthina",-111.29,41.88,1982,7,12,"US","Pteryxia terebinthina"
"1930087647","Pteryxia terebinthina",-119.5,38.85,1982,7,17,"US","Pteryxia terebinthina"
"1986932901","Pteryxia terebinthina",-111.591996,41.834369,1982,7,8,"US","Pteryxia terebinthina"
"2430131635","Pteryxia terebinthina",-118.338889,36.066667,1982,7,31,"US","Pteryxia terebinthina"
"2430391798","Pteryxia terebinthina",-118.338889,36.066667,1982,7,31,"US","Pteryxia terebinthina"
"2417966008","Pteryxia terebinthina",-120.724722,39.7088889990725,1982,8,11,"US","Pteryxia terebinthina"
"2421676573","Pteryxia terebinthina",-120.36512,39.27588,1982,8,4,"US","Pteryxia terebinthina"
"2421751098","Pteryxia terebinthina",-120.724722,39.7088889990725,1982,8,11,"US","Pteryxia terebinthina"
"1928524833","Pteryxia terebinthina",-109.17,41.01,1981,5,23,"US","Pteryxia terebinthina"
"1929031859","Pteryxia terebinthina",-108.94,41.77,1981,5,24,"US","Pteryxia terebinthina"
"1929792955","Pteryxia terebinthina",-114.42639,44.83528,1981,5,27,"US","Pteryxia terebinthina"
"2982043467","Pteryxia terebinthina",-122.621289,41.138379,1981,5,23,"US","Pteryxia terebinthina"
"1928422265","Pteryxia terebinthina",-111.08,41.68,1981,6,28,"US","Pteryxia terebinthina"
"3820639900","Pteryxia terebinthina",-119.30401,44.383759999057,1981,6,3,"US","Pteryxia terebinthina"
"2417972200","Pteryxia terebinthina",-120.868056,39.800555999072,1981,7,21,"US","Pteryxia terebinthina"
"3320742781","Pteryxia terebinthina",-119.481806,38.832611,1981,7,4,"US","Pteryxia terebinthina"
"3320801700","Pteryxia terebinthina",-120.338861,39.357528,1981,7,25,"US","Pteryxia terebinthina"
"1930227901","Pteryxia terebinthina",-114.3364,43.8683,1981,8,16,"US","Pteryxia terebinthina"
"1930334265","Pteryxia terebinthina",-109.45,40.59,1980,5,13,"US","Pteryxia terebinthina"
"2859395265","Pteryxia terebinthina",-107.48849,44.327665,1980,5,26,"US","Pteryxia terebinthina"
"1929044293","Pteryxia terebinthina",-117.15,39.225,1980,6,18,"US","Pteryxia terebinthina"
"1930628870","Pteryxia terebinthina",-107.3599,44.0697,1980,6,6,"US","Pteryxia terebinthina"
"3892759890","Pteryxia terebinthina",-107.6327,37.1619,1980,6,13,"US","Pteryxia terebinthina"
"1930938578","Pteryxia terebinthina",-109.34,41.48,1980,7,14,"US","Pteryxia terebinthina"
"2417960611","Pteryxia terebinthina",-121.526667,40.0902779990703,1980,7,6,"US","Pteryxia terebinthina"
"3059697357","Pteryxia terebinthina",-118.258266,36.024463,1980,7,16,"US","Pteryxia terebinthina"
"1929584362","Pteryxia terebinthina",-109.886366,43.280204,1980,8,10,"US","Pteryxia terebinthina"
"2242391616","Pteryxia terebinthina",-107.079493,42.019681,1979,4,27,"US","Pteryxia terebinthina"
"1929142536","Pteryxia terebinthina",-114.38,41.11,1979,5,30,"US","Pteryxia terebinthina"
"2421676154","Pteryxia terebinthina",-120.35722,39.25111,1979,5,26,"US","Pteryxia terebinthina"
"2573421481","Pteryxia terebinthina",-109.646474,39.831494,1979,5,14,"US","Pteryxia terebinthina"
"1928938887","Pteryxia terebinthina",-112.47,43.53,1979,6,15,"US","Pteryxia terebinthina"
"1930102821","Pteryxia terebinthina",-112.67,43.5,1979,6,14,"US","Pteryxia terebinthina"
"1930632763","Pteryxia terebinthina",-109.67,40.94,1979,6,26,"US","Pteryxia terebinthina"
"1930907322","Pteryxia terebinthina",-113.51,41.62,1979,6,2,"US","Pteryxia terebinthina"
"1930957437","Pteryxia terebinthina",-113.62,43.52,1979,6,17,"US","Pteryxia terebinthina"
"2421675904","Pteryxia terebinthina",-120.35722,39.25111,1979,6,21,"US","Pteryxia terebinthina"
"2421676165","Pteryxia terebinthina",-120.35722,39.25111,1979,6,20,"US","Pteryxia terebinthina"
"2421676397","Pteryxia terebinthina",-120.35722,39.25111,1979,6,9,"US","Pteryxia terebinthina"
"2421751900","Pteryxia terebinthina",-120.35722,39.25111,1979,6,21,"US","Pteryxia terebinthina"
"2573338552","Pteryxia terebinthina",-107.989729,40.469768,1979,6,26,"US","Pteryxia terebinthina"
"2573338592","Pteryxia terebinthina",-107.987043,40.473576,1979,6,14,"US","Pteryxia terebinthina"
"2573338751","Pteryxia terebinthina",-107.987488,40.470844,1979,6,14,"US","Pteryxia terebinthina"
"3820545124","Pteryxia terebinthina",-114.021585,44.4136449990569,1979,6,15,"US","Pteryxia terebinthina"
"2417956395","Pteryxia terebinthina",-121.620833,40.3149999990691,1979,7,16,"US","Pteryxia terebinthina"
"2417957753","Pteryxia terebinthina",-121.429722,40.15055599907,1979,7,21,"US","Pteryxia terebinthina"
"2417972345","Pteryxia terebinthina",-120.816667,39.7422219990723,1979,7,15,"US","Pteryxia terebinthina"
"3320760072","Pteryxia terebinthina",-121.608139,41.612056,1979,7,23,"US","Pteryxia terebinthina"
"3320769729","Pteryxia terebinthina",-119.239333,37.918639,1979,9,18,"US","Pteryxia terebinthina"
"1931119726","Pteryxia terebinthina",-113.01,42.19,1978,5,22,"US","Pteryxia terebinthina"
"1928755385","Pteryxia terebinthina",-112.9,43.88,1978,6,8,"US","Pteryxia terebinthina"
"3320808396","Pteryxia terebinthina",-122.196611,41.535611,1978,6,14,"US","Pteryxia terebinthina"
"1929120532","Pteryxia terebinthina",-112.66,42.5,1978,7,5,"US","Pteryxia terebinthina"
"2417954733","Pteryxia terebinthina",-121.4325,40.15138899907,1978,7,18,"US","Pteryxia terebinthina"
"3320758339","Pteryxia terebinthina",-122.207194,41.557722,1978,7,5,"US","Pteryxia terebinthina"
"1930128173","Pteryxia terebinthina",-110.65,43.23,1978,8,2,"US","Pteryxia terebinthina"
"441732456","Pteryxia terebinthina",-119.499216,46.444864,1977,4,28,"US","Pteryxia terebinthina"
"2270250142","Pteryxia terebinthina",-118.116667,36.283333,1977,6,26,"US","Pteryxia terebinthina"
"2430140419","Pteryxia terebinthina",-118.049939,37.413119,1977,6,3,"US","Pteryxia terebinthina"
"2417972935","Pteryxia terebinthina",-120.854444,39.7299999990724,1977,8,2,"US","Pteryxia terebinthina"
"2451551514","Pteryxia terebinthina",-119.346394,37.877602,1977,8,20,"US","Pteryxia terebinthina"
"2982053366","Pteryxia terebinthina",-123.798857,40.073839,1976,4,24,"US","Pteryxia terebinthina"
"2412539415","Pteryxia terebinthina",-118.59836,36.181439,1976,6,29,"US","Pteryxia terebinthina"
"2821353302","Pteryxia terebinthina",-120.26337,38.577927,1976,6,10,"US","Pteryxia terebinthina"
"2270250138","Pteryxia terebinthina",-118.116667,36.283333,1976,7,8,"US","Pteryxia terebinthina"
"2270256416","Pteryxia terebinthina",-118.9925,37.6325,1975,6,23,"US","Pteryxia terebinthina"
"2422484871","Pteryxia terebinthina",-118.9925,37.6325,1975,6,23,"US","Pteryxia terebinthina"
"2575151185","Pteryxia terebinthina",-118.44,36.13,1975,6,5,"US","Pteryxia terebinthina"
"2270255939","Pteryxia terebinthina",-118.995095,37.626864,1975,7,30,"US","Pteryxia terebinthina"
"2417952740","Pteryxia terebinthina",-121.202778,39.9080559990714,1975,7,10,"US","Pteryxia terebinthina"
"2421753999","Pteryxia terebinthina",-119.578841,38.4634229990809,1975,7,1,"US","Pteryxia terebinthina"
"3820583834","Pteryxia terebinthina",-117.23944,45.2855199990568,1975,7,10,"US","Pteryxia terebinthina"
"441733049","Pteryxia terebinthina",-119.34917,45.941959,1974,6,1,"US","Pteryxia terebinthina"
"2421752983","Pteryxia terebinthina",-119.289197,38.452298,1974,6,2,"US","Pteryxia terebinthina"
"3320772737","Pteryxia terebinthina",-120.733333,39.75,1974,8,4,"US","Pteryxia terebinthina"
"2413157994","Pteryxia terebinthina",-118.477,36.138,1973,5,30,"US","Pteryxia terebinthina"
"2422384970","Pteryxia terebinthina",-118.47667,36.13833,1973,5,26,"US","Pteryxia terebinthina"
"2982010066","Pteryxia terebinthina",-123.277309,40.7504,1973,5,29,"US","Pteryxia terebinthina"
"2562126805","Pteryxia terebinthina",-120.314836,39.41439,1973,6,24,"US","Pteryxia terebinthina"
"2982007059","Pteryxia terebinthina",-123.194431,40.737511,1973,6,23,"US","Pteryxia terebinthina"
"2982008062","Pteryxia terebinthina",-122.297646,41.269232,1973,7,27,"US","Pteryxia terebinthina"
"441733007","Pteryxia terebinthina",-119.716667,46.5,1972,3,26,"US","Pteryxia terebinthina"
"441733002","Pteryxia terebinthina",-119.716667,46.5,1972,4,1,"US","Pteryxia terebinthina"
"2421752253","Pteryxia terebinthina",-120.0335,38.7285,1972,6,13,"US","Pteryxia terebinthina"
"3320775281","Pteryxia terebinthina",-120.86,39.755,1972,6,30,"US","Pteryxia terebinthina"
"1927973500","Pteryxia terebinthina",-111.92,42.73,1971,5,24,"US","Pteryxia terebinthina"
"1929585337","Pteryxia terebinthina",-113.81,40.97,1971,5,27,"US","Pteryxia terebinthina"
"1986916910","Pteryxia terebinthina",-113.820278,41.825556,1971,5,27,"US","Pteryxia terebinthina"
"2573436131","Pteryxia terebinthina",-113.81237,40.972494,1971,5,27,"US","Pteryxia terebinthina"
"1927976618","Pteryxia terebinthina",-111.97,43.28,1971,6,2,"US","Pteryxia terebinthina"
"2430484995","Pteryxia terebinthina",-118.468318,36.048129,1971,6,20,"US","Pteryxia terebinthina"
"441820264","Pteryxia terebinthina",-111.27417,43.23611,1971,7,24,"US","Pteryxia terebinthina"
"1930712420","Pteryxia terebinthina",-111.23,43.2,1971,7,24,"US","Pteryxia terebinthina"
"441733004","Pteryxia terebinthina",-119.294111,46.496837,1970,5,17,"US","Pteryxia terebinthina"
"2595833232","Pteryxia terebinthina",-120.198889,39.141389,1970,NA,NA,"US","Pteryxia terebinthina"
"3059703004","Pteryxia terebinthina",-122.245377,40.896862,1969,5,25,"US","Pteryxia terebinthina"
"2562126548","Pteryxia terebinthina",-120.317287,39.414518,1969,7,14,"US","Pteryxia terebinthina"
"2430340353","Pteryxia terebinthina",-117.291667,33.45,1969,9,10,"US","Pteryxia terebinthina"
"2562126261","Pteryxia terebinthina",-120.308762,39.412197,1968,7,1,"US","Pteryxia terebinthina"
"3820549985","Pteryxia terebinthina",-119.15172,45.9175,1967,6,21,"US","Pteryxia terebinthina"
"441733045","Pteryxia terebinthina",-118.415095,46.756621,1966,5,29,"US","Pteryxia terebinthina"
"3820704839","Pteryxia terebinthina",-118.899529,44.1347,1966,5,26,"US","Pteryxia terebinthina"
"2421754587","Pteryxia terebinthina",-118.558056,36.416195,1966,6,28,"US","Pteryxia terebinthina"
"2421753059","Pteryxia terebinthina",-118.6038,36.4433,1966,7,5,"US","Pteryxia terebinthina"
"2421754096","Pteryxia terebinthina",-118.571533,36.399402,1966,7,6,"US","Pteryxia terebinthina"
"2430169538","Pteryxia terebinthina",-122.93883,38.434709,1965,4,19,"US","Pteryxia terebinthina"
"3820568153","Pteryxia terebinthina",-117.2608,45.2853,1965,7,14,"US","Pteryxia terebinthina"
"2451547280","Pteryxia terebinthina",-120.072685,38.882963,1964,6,20,"US","Pteryxia terebinthina"
"2382623122","Pteryxia terebinthina",-121.320677396227,41.6642296281778,1964,8,4,"US","Pteryxia terebinthina"
"2270209711","Pteryxia terebinthina",-119.100192,37.294662,1964,9,8,"US","Pteryxia terebinthina"
"2270210520","Pteryxia terebinthina",-119.096462,37.292684,1964,9,8,"US","Pteryxia terebinthina"
"3051752332","Pteryxia terebinthina",-119.096462,37.292684,1964,9,8,"US","Pteryxia terebinthina"
"1928800770","Pteryxia terebinthina",-113.2333,43.62897,1963,6,19,"US","Pteryxia terebinthina"
"2418012374","Pteryxia terebinthina",-119.623333,38.3280559990819,1963,8,10,"US","Pteryxia terebinthina"
"2430252430","Pteryxia terebinthina",-119.6295,38.328,1963,8,10,"US","Pteryxia terebinthina"
"441732455","Pteryxia terebinthina",-119.910778,46.836938,1962,5,19,"US","Pteryxia terebinthina"
"2421751523","Pteryxia terebinthina",-119.017618,37.32661,1962,6,18,"US","Pteryxia terebinthina"
"2575151424","Pteryxia terebinthina",-119.02,37.33,1962,6,18,"US","Pteryxia terebinthina"
"3820658784","Pteryxia terebinthina",-121.63313,44.40054,1962,6,10,"US","Pteryxia terebinthina"
"2421754028","Pteryxia terebinthina",-118.8801,37.5289,1962,8,22,"US","Pteryxia terebinthina"
"3820689515","Pteryxia terebinthina",-117.30211,45.3146599990569,1961,5,19,"US","Pteryxia terebinthina"
"3820713531","Pteryxia terebinthina",-117.30211,45.3146599990569,1961,5,19,"US","Pteryxia terebinthina"
"1930392271","Pteryxia terebinthina",-110.1144,43.1367,1961,6,14,"US","Pteryxia terebinthina"
"3820663214","Pteryxia terebinthina",-121.6355,44.39813,1960,6,14,"US","Pteryxia terebinthina"
"3820553439","Pteryxia terebinthina",-121.6355,44.39813,1960,7,13,"US","Pteryxia terebinthina"
"3820566432","Pteryxia terebinthina",-120.1678,45.504478,1959,3,12,"US","Pteryxia terebinthina"
"3125033616","Pteryxia terebinthina",-119.4628,38.4654,1959,5,28,"US","Pteryxia terebinthina"
"441733048","Pteryxia terebinthina",-119.29,46.9825,1959,6,12,"US","Pteryxia terebinthina"
"3059703011","Pteryxia terebinthina",-122.43228,41.45825,1959,6,5,"US","Pteryxia terebinthina"
"3820651418","Pteryxia terebinthina",-121.6355,44.39813,1959,7,19,"US","Pteryxia terebinthina"
"3820559779","Pteryxia terebinthina",-120.679264,45.695,1958,5,8,"US","Pteryxia terebinthina"
"3820560783","Pteryxia terebinthina",-119.62861,45.86458,1958,5,8,"US","Pteryxia terebinthina"
"2270257040","Pteryxia terebinthina",-118.572831,37.160838,1957,8,3,"US","Pteryxia terebinthina"
"1929618105","Pteryxia terebinthina",-113.601894,43.495897,1956,7,6,"US","Pteryxia terebinthina"
"441733061","Pteryxia terebinthina",-113.51667,43.41667,1955,6,28,"US","Pteryxia terebinthina"
"2430364863","Pteryxia terebinthina",-119.3041,37.9667,1954,8,17,"US","Pteryxia terebinthina"
"441820230","Pteryxia terebinthina",-119.85139,47.23444,1953,5,18,"US","Pteryxia terebinthina"
"441733062","Pteryxia terebinthina",-113.54167,43.42917,1953,7,17,"US","Pteryxia terebinthina"
"2270219078","Pteryxia terebinthina",-113.93389,45.01306,1953,7,8,"US","Pteryxia terebinthina"
"2270219757","Pteryxia terebinthina",-113.32,43.65278,1953,7,8,"US","Pteryxia terebinthina"
"2422523876","Pteryxia terebinthina",-113.32,43.65278,1953,7,8,"US","Pteryxia terebinthina"
"2422523967","Pteryxia terebinthina",-113.93389,45.01306,1953,7,8,"US","Pteryxia terebinthina"
"441733050","Pteryxia terebinthina",-119.546119,46.525835,1952,4,2,"US","Pteryxia terebinthina"
"441733059","Pteryxia terebinthina",-113.19937,43.636626,1951,5,31,"US","Pteryxia terebinthina"
"3053362799","Pteryxia terebinthina",-119.6028,45.9371,1951,5,11,"US","Pteryxia terebinthina"
"441733058","Pteryxia terebinthina",-114.23083,44.533685,1951,6,2,"US","Pteryxia terebinthina"
"1929914226","Pteryxia terebinthina",-109.789751,40.913848,1951,6,26,"US","Pteryxia terebinthina"
"2573423414","Pteryxia terebinthina",-109.872543,40.893086,1951,6,26,"US","Pteryxia terebinthina"
"3820640462","Pteryxia terebinthina",-120.53088,45.66781,1951,6,23,"US","Pteryxia terebinthina"
"3820570162","Pteryxia terebinthina",-119.665568,45.84,1950,4,30,"US","Pteryxia terebinthina"
"3820575923","Pteryxia terebinthina",-119.665568,45.84,1950,4,30,"US","Pteryxia terebinthina"
"441733069","Pteryxia terebinthina",-113.459829,42.618966,1950,5,14,"US","Pteryxia terebinthina"
"441819708","Pteryxia terebinthina",-118.525278,46.78,1950,5,31,"US","Pteryxia terebinthina"
"441820219","Pteryxia terebinthina",-119.00222,47.94167,1950,5,15,"US","Pteryxia terebinthina"
"2859138048","Pteryxia terebinthina",-118.521838,46.756341,1950,5,31,"US","Pteryxia terebinthina"
"3820570581","Pteryxia terebinthina",-119.6994,45.84,1950,5,20,"US","Pteryxia terebinthina"
"3820671718","Pteryxia terebinthina",-118.546334,46.7803819990587,1950,5,31,"US","Pteryxia terebinthina"
"3820710287","Pteryxia terebinthina",-118.546334,46.7803819990587,1950,5,31,"US","Pteryxia terebinthina"
"441820228","Pteryxia terebinthina",-119.33306,47.08028,1950,6,15,"US","Pteryxia terebinthina"
"1928968695","Pteryxia terebinthina",-119.396135,45.796612,1950,6,9,"US","Pteryxia terebinthina"
"1930812175","Pteryxia terebinthina",-119.684469,45.589933,1950,6,18,"US","Pteryxia terebinthina"
"2430516891","Pteryxia terebinthina",-118.169319,36.2091349991004,1950,7,14,"US","Pteryxia terebinthina"
"441733068","Pteryxia terebinthina",-112.401417,42.782663,1949,4,17,"US","Pteryxia terebinthina"
"1929675569","Pteryxia terebinthina",-112.4,42.75,1949,4,17,"US","Pteryxia terebinthina"
"441733070","Pteryxia terebinthina",-115.837724,44.51621,1949,7,2,"US","Pteryxia terebinthina"
"2270227901","Pteryxia terebinthina",-120.69722,45.70889,1949,7,2,"US","Pteryxia terebinthina"
"2422522213","Pteryxia terebinthina",-120.69722,45.70889,1949,7,2,"US","Pteryxia terebinthina"
"3125229427","Pteryxia terebinthina",-120.69722,45.70889,1949,7,2,"US","Pteryxia terebinthina"
"1928352679","Pteryxia terebinthina",-114.5169,43.8078,1948,7,2,"US","Pteryxia terebinthina"
"2430184717","Pteryxia terebinthina",-118.49098,36.77327,1948,7,23,"US","Pteryxia terebinthina"
"2430405769","Pteryxia terebinthina",-122.931084,38.431978,1947,5,30,"US","Pteryxia terebinthina"
"441819707","Pteryxia terebinthina",-120.33361,46.52222,1944,5,23,"US","Pteryxia terebinthina"
"441820229","Pteryxia terebinthina",-119.38974,46.53987,1944,5,23,"US","Pteryxia terebinthina"
"441820232","Pteryxia terebinthina",-120.0075,46.468669,1944,5,23,"US","Pteryxia terebinthina"
"441820250","Pteryxia terebinthina",-114.23083,44.50472,1944,6,13,"US","Pteryxia terebinthina"
"441820251","Pteryxia terebinthina",-114.021275,45.408409,1944,6,16,"US","Pteryxia terebinthina"
"441820249","Pteryxia terebinthina",-114.433896,44.50454,1944,7,3,"US","Pteryxia terebinthina"
"1927886731","Pteryxia terebinthina",-114.434797,44.504465,1944,7,3,"US","Pteryxia terebinthina"
"3820628278","Pteryxia terebinthina",-117.3172,45.2347,1944,7,20,"US","Pteryxia terebinthina"
"3820633419","Pteryxia terebinthina",-119.65203,45.85726,1944,7,7,"US","Pteryxia terebinthina"
"3125035604","Pteryxia terebinthina",-119.4546,38.2187,1944,8,25,"US","Pteryxia terebinthina"
"1930978347","Pteryxia terebinthina",-114.186022,42.535071,1943,7,1,"US","Pteryxia terebinthina"
"3051752318","Pteryxia terebinthina",-120.138466002724,38.9043582657717,1943,8,29,"US","Pteryxia terebinthina"
"1930944650","Pteryxia terebinthina",-115.357701,41.145783,1942,5,27,"US","Pteryxia terebinthina"
"3820526629","Pteryxia terebinthina",-116.9619,44.0267,1942,6,12,"US","Pteryxia terebinthina"
"1929245007","Pteryxia terebinthina",-109.202904,41.587464,1942,7,10,"US","Pteryxia terebinthina"
"3820519414","Pteryxia terebinthina",-120.1522,44.610366,1942,7,5,"US","Pteryxia terebinthina"
"3820533291","Pteryxia terebinthina",-120.1522,44.610366,1942,7,5,"US","Pteryxia terebinthina"
"3820566173","Pteryxia terebinthina",-119.6789,45.8494,1941,5,3,"US","Pteryxia terebinthina"
"1930709176","Pteryxia terebinthina",-112.790689,42.161781,1941,6,12,"US","Pteryxia terebinthina"
"2421682942","Pteryxia terebinthina",-119.2267,37.9122,1941,7,10,"US","Pteryxia terebinthina"
"3051752313","Pteryxia terebinthina",-119.968646,38.932702,1941,7,20,"US","Pteryxia terebinthina"
"441820233","Pteryxia terebinthina",-112.44472,42.87139,1940,4,6,"US","Pteryxia terebinthina"
"441820253","Pteryxia terebinthina",-120.77541,46.8734,1940,4,14,"US","Pteryxia terebinthina"
"1928027636","Pteryxia terebinthina",-112.445534,42.871303,1940,4,6,"US","Pteryxia terebinthina"
"2982071111","Pteryxia terebinthina",-123.738598,42.089681,1940,4,21,"US","Pteryxia terebinthina"
"3820718882","Pteryxia terebinthina",-112.426981,42.8551579990593,1940,4,6,"US","Pteryxia terebinthina"
"3820529523","Pteryxia terebinthina",-120.658425,45.695,1940,5,29,"US","Pteryxia terebinthina"
"3820574191","Pteryxia terebinthina",-120.658425,45.695,1940,5,29,"US","Pteryxia terebinthina"
"3820713681","Pteryxia terebinthina",-120.056173,45.7169,1940,5,11,"US","Pteryxia terebinthina"
"441819704","Pteryxia terebinthina",-118.58174,47.93636,1940,6,12,"US","Pteryxia terebinthina"
"441819705","Pteryxia terebinthina",-120.593056,47.2525,1940,7,1,"US","Pteryxia terebinthina"
"2430462291","Pteryxia terebinthina",-118.422624,36.704861,1940,8,1,"US","Pteryxia terebinthina"
"3820702406","Pteryxia terebinthina",-119.6789,45.8494,1939,5,18,"US","Pteryxia terebinthina"
"3820630284","Pteryxia terebinthina",-120.0264,45.7928,1938,4,13,"US","Pteryxia terebinthina"
"3820689998","Pteryxia terebinthina",-119.2883,45.8406,1938,5,5,"US","Pteryxia terebinthina"
"3820524271","Pteryxia terebinthina",-118.273546,44.775,1938,6,20,"US","Pteryxia terebinthina"
"3820548676","Pteryxia terebinthina",-118.273546,44.775,1938,6,20,"US","Pteryxia terebinthina"
"3820522919","Pteryxia terebinthina",-118.986,44.098,1938,7,13,"US","Pteryxia terebinthina"
"1928708867","Pteryxia terebinthina",-119.633142,38.327691,1938,8,10,"US","Pteryxia terebinthina"
"1928439502","Pteryxia terebinthina",-111.834388,41.735486,1937,6,4,"US","Pteryxia terebinthina"
"1930412197","Pteryxia terebinthina",-110.428495,41.655082,1937,6,22,"US","Pteryxia terebinthina"
"441733066","Pteryxia terebinthina",-116.04083,44.51639,1937,7,15,"US","Pteryxia terebinthina"
"441820254","Pteryxia terebinthina",-116.04083,44.51639,1937,7,15,"US","Pteryxia terebinthina"
"1930743561","Pteryxia terebinthina",-116.242363,44.521971,1937,7,15,"US","Pteryxia terebinthina"
"441820235","Pteryxia terebinthina",-114.50491,43.842563,1937,8,2,"US","Pteryxia terebinthina"
"441820247","Pteryxia terebinthina",-114.50491,43.842563,1937,8,2,"US","Pteryxia terebinthina"
"2430547988","Pteryxia terebinthina",-119.14158,37.25165,1937,8,6,"US","Pteryxia terebinthina"
"441819709","Pteryxia terebinthina",-120.55833,47.24361,1937,9,13,"US","Pteryxia terebinthina"
"441820237","Pteryxia terebinthina",-119.156901,46.997974,1936,5,30,"US","Pteryxia terebinthina"
"2430118987","Pteryxia terebinthina",-119.68347,37.71438,1936,7,17,"US","Pteryxia terebinthina"
"3820634582","Pteryxia terebinthina",-117.1917,45.0083,1936,7,18,"US","Pteryxia terebinthina"
"2430056358","Pteryxia terebinthina",-118.62076,36.86259,1936,8,5,"US","Pteryxia terebinthina"
"441820220","Pteryxia terebinthina",-119.91944,46.63889,1935,4,13,"US","Pteryxia terebinthina"
"441820222","Pteryxia terebinthina",-119.91944,46.63889,1935,4,13,"US","Pteryxia terebinthina"
"441819706","Pteryxia terebinthina",-118.90612,46.08582,1934,4,3,"US","Pteryxia terebinthina"
"441820241","Pteryxia terebinthina",-118.90417,46.08556,1934,4,3,"US","Pteryxia terebinthina"
"3820560776","Pteryxia terebinthina",-119.2883,45.8406,1934,4,12,"US","Pteryxia terebinthina"
"3820700882","Pteryxia terebinthina",-119.3022,45.8472,1934,4,13,"US","Pteryxia terebinthina"
"2430349903","Pteryxia terebinthina",-118.4158,36.5778999990968,1934,7,23,"US","Pteryxia terebinthina"
"3820633939","Pteryxia terebinthina",-117.2208,45.335,1934,7,8,"US","Pteryxia terebinthina"
"3820559172","Pteryxia terebinthina",-119.835,45.8289,1933,3,30,"US","Pteryxia terebinthina"
"441820224","Pteryxia terebinthina",-120.30917,47.42361,1933,6,11,"US","Pteryxia terebinthina"
"441820231","Pteryxia terebinthina",-119.52639,48.41111,1933,6,4,"US","Pteryxia terebinthina"
"3820555026","Pteryxia terebinthina",-119.574417,45.8494,1933,6,28,"US","Pteryxia terebinthina"
"3820633928","Pteryxia terebinthina",-119.2883,45.8406,1933,7,1,"US","Pteryxia terebinthina"
"441820245","Pteryxia terebinthina",-116.48056,45.5825,1932,4,9,"US","Pteryxia terebinthina"
"441820236","Pteryxia terebinthina",-119.499367,48.393622,1932,5,20,"US","Pteryxia terebinthina"
"1930317973","Pteryxia terebinthina",-109.589588,40.962459,1932,5,31,"US","Pteryxia terebinthina"
"3820704539","Pteryxia terebinthina",-119.2883,45.8406,1932,5,12,"US","Pteryxia terebinthina"
"1929258659","Pteryxia terebinthina",-113.5167,43.4167,1932,7,25,"US","Pteryxia terebinthina"
"1930196010","Pteryxia terebinthina",-113.5167,43.4167,1932,7,25,"US","Pteryxia terebinthina"
"1930454543","Pteryxia terebinthina",-112.445534,42.871303,1931,4,18,"US","Pteryxia terebinthina"
"441820221","Pteryxia terebinthina",-119.98611,46.94556,1931,5,2,"US","Pteryxia terebinthina"
"441820225","Pteryxia terebinthina",-119.85139,47.23444,1931,6,15,"US","Pteryxia terebinthina"
"3820563048","Pteryxia terebinthina",-119.252687,45.86558,1930,5,23,"US","Pteryxia terebinthina"
"2430200722","Pteryxia terebinthina",-121.465857831429,40.1123860454336,1930,7,26,"US","Pteryxia terebinthina"
"2430530323","Pteryxia terebinthina",-120.078281,38.411064,1930,7,3,"US","Pteryxia terebinthina"
"3053368775","Pteryxia terebinthina",-118.965,36.7399999990953,1930,7,20,"US","Pteryxia terebinthina"
"3053435478","Pteryxia terebinthina",-118.191673493673,37.2438860856523,1930,7,10,"US","Pteryxia terebinthina"
"3053472379","Pteryxia terebinthina",-117.071,36.2329999991001,1929,4,3,"US","Pteryxia terebinthina"
"2417948043","Pteryxia terebinthina",-121.464444,40.1136109990702,1929,7,13,"US","Pteryxia terebinthina"
"3125168618","Pteryxia terebinthina",-121.4693,40.1122,1929,7,13,"US","Pteryxia terebinthina"
"2421750591","Pteryxia terebinthina",-118.931684588672,36.7028929502113,1928,6,28,"US","Pteryxia terebinthina"
"3125031606","Pteryxia terebinthina",-122.3246,41.33429,1928,6,9,"US","Pteryxia terebinthina"
"3820517256","Pteryxia terebinthina",-120.1522,44.712254,1928,6,17,"US","Pteryxia terebinthina"
"2421751949","Pteryxia terebinthina",-120.630989,39.612394,1927,5,30,"US","Pteryxia terebinthina"
"3820583210","Pteryxia terebinthina",-121.63313,44.40054,1927,7,3,"US","Pteryxia terebinthina"
"2430147183","Pteryxia terebinthina",-119.4516,38.3955,1925,6,30,"US","Pteryxia terebinthina"
"2430558494","Pteryxia terebinthina",-119.4516,38.3955,1925,6,30,"US","Pteryxia terebinthina"
"3820526251","Pteryxia terebinthina",-119.6994,45.84,1923,5,15,"US","Pteryxia terebinthina"
"2859151165","Pteryxia terebinthina",-111.311332,43.093252,1923,7,19,"US","Pteryxia terebinthina"
"1930446053","Pteryxia terebinthina",-110.307251,42.912454,1922,7,17,"US","Pteryxia terebinthina"
"1928823968","Pteryxia terebinthina",-120.356581,44.14218,1921,6,12,"US","Pteryxia terebinthina"
"3820516651","Pteryxia terebinthina",-120.21288,44.9991599990568,1921,7,5,"US","Pteryxia terebinthina"
"1928199814","Pteryxia terebinthina",-120.356581,44.14218,1920,7,18,"US","Pteryxia terebinthina"
"2421752682","Pteryxia terebinthina",-120.2507,38.8536,1920,8,16,"US","Pteryxia terebinthina"
"2421754297","Pteryxia terebinthina",-120.191667,38.907659,1920,9,17,"US","Pteryxia terebinthina"
"3820552006","Pteryxia terebinthina",-119.29672,45.83187,1919,6,28,"US","Pteryxia terebinthina"
"1930307639","Pteryxia terebinthina",-114.277075,45.376883,1919,NA,NA,"US","Pteryxia terebinthina"
"3820557989","Pteryxia terebinthina",-119.2883,45.8406,1915,5,12,"US","Pteryxia terebinthina"
"3820520664","Pteryxia terebinthina",-119.3414,45.9175,1915,7,11,"US","Pteryxia terebinthina"
"3820631773","Pteryxia terebinthina",-117.148324,45.039176,1915,8,30,"US","Pteryxia terebinthina"
"1930070280","Pteryxia terebinthina",-111.793831,41.740209,1911,4,18,"US","Pteryxia terebinthina"
"2573339693","Pteryxia terebinthina",-106.87638,40.50426,1903,6,19,"US","Pteryxia terebinthina"
"3799678481","Pteryxia terebinthina",-106.831716,40.484977,1903,6,17,"US","Pteryxia terebinthina"
"441819710","Pteryxia terebinthina",-117.425,47.803635,1902,7,8,"US","Pteryxia terebinthina"
"2430219314","Pteryxia terebinthina",-120.37909,39.32341,1902,7,9,"US","Pteryxia terebinthina"
"1929517857","Pteryxia terebinthina",-108.996785,41.821907,1901,6,17,"US","Pteryxia terebinthina"
"1930980295","Pteryxia terebinthina",-105.06943,39.587766,1901,7,4,"US","Pteryxia terebinthina"
"3820578792","Pteryxia terebinthina",-120.4183,44.0328999990573,1901,7,1,"US","Pteryxia terebinthina"
"1928262855","Pteryxia terebinthina",-113.843333,40.224935,1900,6,15,"US","Pteryxia terebinthina"
"1928810112","Pteryxia terebinthina",-108.966785,41.966905,1900,6,9,"US","Pteryxia terebinthina"
"1929846792","Pteryxia terebinthina",-108.966785,41.966905,1900,6,9,"US","Pteryxia terebinthina"
"2430172707","Pteryxia terebinthina",-120.394,39.3278,1900,7,26,"US","Pteryxia terebinthina"
"1929750571","Pteryxia terebinthina",-116.969333,44.250998,1899,7,6,"US","Pteryxia terebinthina"
"3820702982","Pteryxia terebinthina",-117.20942,45.31204,1898,8,23,"US","Pteryxia terebinthina"
"441733047","Pteryxia terebinthina",-117.46833,46.70306,1897,5,2,"US","Pteryxia terebinthina"
"1927845774","Pteryxia terebinthina",-119.754362,39.167749,1897,6,2,"US","Pteryxia terebinthina"
"1930843740","Pteryxia terebinthina",-108.785668,41.68024,1897,6,1,"US","Pteryxia terebinthina"
"2430455846","Pteryxia terebinthina",-121.233151,40.117322,1897,7,9,"US","Pteryxia terebinthina"
"441732998","Pteryxia terebinthina",-119.09944,46.23972,1896,6,NA,"US","Pteryxia terebinthina"
"441733008","Pteryxia terebinthina",-119.09944,46.23972,1896,6,NA,"US","Pteryxia terebinthina"
"441733014","Pteryxia terebinthina",-119.09944,46.23972,1896,6,NA,"US","Pteryxia terebinthina"
"1057541421","Pteryxia terebinthina",-107.2903,43.0758,1896,6,23,"US","Pteryxia terebinthina"
"1258710820","Pteryxia terebinthina",-109.46555,41.52861,1896,6,23,"US","Pteryxia terebinthina"
"2430282918","Pteryxia terebinthina",-110.4218,41.435605,1896,6,25,"US","Pteryxia terebinthina"
"3820594810","Pteryxia terebinthina",-120.181749,45.0284799990568,1894,6,1,"US","Pteryxia terebinthina"
"441733012","Pteryxia terebinthina",-119.120787,47.421078,1893,6,NA,"US","Pteryxia terebinthina"
"441732983","Pteryxia terebinthina",-119.76778,46.20694,1892,5,26,"US","Pteryxia terebinthina"
"441732984","Pteryxia terebinthina",-119.10161,46.24,1892,5,26,"US","Pteryxia terebinthina"
"441820223","Pteryxia terebinthina",-117.54382,46.0754,1892,7,4,"US","Pteryxia terebinthina"
"1929320105","Pteryxia terebinthina",-113.843333,40.224935,1891,6,12,"US","Pteryxia terebinthina"
"1929712080","Pteryxia terebinthina",-113.843333,40.224935,1891,6,12,"US","Pteryxia terebinthina"
"1929736918","Pteryxia terebinthina",-111.743563,41.722368,1890,6,NA,"US","Pteryxia terebinthina"
"2430307707","Pteryxia terebinthina",-121.23083,40.30639,1883,7,NA,"US","Pteryxia terebinthina"
"2270256814","Pteryxia terebinthina",-121.075487,38.894399,1882,NA,NA,"US","Pteryxia terebinthina"
"2430238996","Pteryxia terebinthina",-120.37909,39.32341,1881,7,21,"US","Pteryxia terebinthina"
"1931382693","Pteryxia terebinthina",-121.494345,38.581545,1875,NA,NA,"US","Pteryxia terebinthina"
"1929600764","Pteryxia terebinthina",-110.3839,41.3167,1873,7,7,"US","Pteryxia terebinthina"
"441820217","Pteryxia terebinthina",-121.4908,46.20255,NA,NA,NA,"US","Pteryxia terebinthina"
"1930541551","Pteryxia terebinthina",-114.277075,45.376883,NA,NA,NA,"US","Pteryxia terebinthina"
"1986900953","Pteryxia terebinthina",-122.215833,41.41,NA,NA,NA,"US","Pteryxia terebinthina"
"2573424509","Pteryxia terebinthina",-106.895119,42.046694,NA,NA,NA,"US","Pteryxia terebinthina"
"3059703020","Pteryxia terebinthina",-119.01712,37.326836,NA,NA,NA,"US","Pteryxia terebinthina"
