"gbifID","species","longitude","latitude","year","month","day","countryCode","accepted_name"
"3802618848","Pteryxia petraea",-118.159722,37.254483,2022,5,21,"US","Pteryxia petraea"
"3858627545","Pteryxia petraea",-118.159992,37.254452,2022,5,31,"US","Pteryxia petraea"
"3860347986","Pteryxia petraea",-119.46415,38.474183,2022,5,27,"US","Pteryxia petraea"
"3860823808","Pteryxia petraea",-119.544167,38.643125,2022,5,27,"US","Pteryxia petraea"
"3858942506","Pteryxia petraea",-117.890975,37.761911,2022,6,18,"US","Pteryxia petraea"
"3859316378","Pteryxia petraea",-117.779244,37.713281,2022,6,23,"US","Pteryxia petraea"
"3860188807","Pteryxia petraea",-118.267415,37.40564,2022,6,8,"US","Pteryxia petraea"
"3860282064","Pteryxia petraea",-110.032264,39.353908,2022,6,13,"US","Pteryxia petraea"
"3860520049","Pteryxia petraea",-118.248522,37.403053,2022,6,8,"US","Pteryxia petraea"
"3860743445","Pteryxia petraea",-117.848228,37.7455,2022,6,17,"US","Pteryxia petraea"
"3873636610","Pteryxia petraea",-117.779311,37.713244,2022,7,1,"US","Pteryxia petraea"
"3384141527","Pteryxia petraea",-118.160513,37.254128,2021,4,4,"US","Pteryxia petraea"
"3466311479","Pteryxia petraea",-118.159722,37.254848,2021,4,17,"US","Pteryxia petraea"
"3112878973","Pteryxia petraea",-118.092322,41.718595,2021,5,6,"US","Pteryxia petraea"
"3314195070","Pteryxia petraea",-119.541514,38.641333,2021,6,16,"US","Pteryxia petraea"
"2611040745","Pteryxia petraea",-119.462425,38.471613,2020,4,29,"US","Pteryxia petraea"
"2423135994","Pteryxia petraea",-118.158189,37.255386,2019,4,28,"US","Pteryxia petraea"
"3115556303","Pteryxia petraea",-116.84801,41.2249099990647,2019,6,27,"US","Pteryxia petraea"
"3949988021","Pteryxia petraea",-118.56046,37.78863,2018,4,20,"US","Pteryxia petraea"
"3051821309","Pteryxia petraea",-118.57667,37.53556,2018,5,10,"US","Pteryxia petraea"
"3059689843","Pteryxia petraea",-118.568361,37.505611,2018,5,10,"US","Pteryxia petraea"
"3414427556","Pteryxia petraea",-118.55981,37.78742,2017,2,7,"US","Pteryxia petraea"
"1928403504","Pteryxia petraea",-118.39383,37.87719,2017,5,29,"US","Pteryxia petraea"
"1930897220","Pteryxia petraea",-118.34519,37.89778,2017,5,29,"US","Pteryxia petraea"
"1990839049","Pteryxia petraea",-118.393833,37.8771829990854,2017,5,29,"US","Pteryxia petraea"
"2270520216","Pteryxia petraea",-118.393833,37.8771829990854,2017,5,29,"US","Pteryxia petraea"
"2270536116","Pteryxia petraea",-118.345183,37.8977829990852,2017,5,29,"US","Pteryxia petraea"
"2610089699","Pteryxia petraea",-118.345183,37.8979329990852,2017,5,29,"US","Pteryxia petraea"
"2610089896","Pteryxia petraea",-118.393833,37.8771829990854,2017,5,29,"US","Pteryxia petraea"
"3051752364","Pteryxia petraea",-118.345183,37.8979329990852,2017,5,29,"US","Pteryxia petraea"
"3051752399","Pteryxia petraea",-118.393833,37.8771829990854,2017,5,29,"US","Pteryxia petraea"
"3306039309","Pteryxia petraea",-118.393833,37.877183,2017,5,29,"US","Pteryxia petraea"
"3306039328","Pteryxia petraea",-118.345183,37.897783,2017,5,29,"US","Pteryxia petraea"
"3414423571","Pteryxia petraea",-118.56221,37.78995,2017,NA,NA,"US","Pteryxia petraea"
"3414440378","Pteryxia petraea",-118.55836,37.78737,2017,NA,NA,"US","Pteryxia petraea"
"1426508797","Pteryxia petraea",-119.542111,38.644222,2015,4,20,"US","Pteryxia petraea"
"1934744867","Pteryxia petraea",-112.215577,36.079184,2015,4,27,"US","Pteryxia petraea"
"2422504008","Pteryxia petraea",-119.54211,38.64422,2015,4,20,"US","Pteryxia petraea"
"2422520667","Pteryxia petraea",-118.87033,36.71722,2015,6,19,"US","Pteryxia petraea"
"2430330511","Pteryxia petraea",-118.870333,36.7172169990955,2015,6,19,"US","Pteryxia petraea"
"2818597474","Pteryxia petraea",-118.266965,37.406109,2015,8,13,"US","Pteryxia petraea"
"3091211263","Pteryxia petraea",-111.106709,36.9560299990933,2014,4,15,"US","Pteryxia petraea"
"2242418557","Pteryxia petraea",-108.984480220173,38.7058085312983,2014,6,3,"US","Pteryxia petraea"
"3991364997","Pteryxia petraea",-108.984480220173,38.7058085312983,2014,6,3,"US","Pteryxia petraea"
"1846547515","Pteryxia petraea",-112.222036,36.060232,2012,4,18,"US","Pteryxia petraea"
"1846554141","Pteryxia petraea",-112.014487,36.391231,2012,6,2,"US","Pteryxia petraea"
"1891268875","Pteryxia petraea",-111.931444,36.121417,2011,5,7,"US","Pteryxia petraea"
"3091262862","Pteryxia petraea",-111.931444,36.121417,2011,5,7,"US","Pteryxia petraea"
"683939439","Pteryxia petraea",-114.121638,44.638766,2011,6,28,"US","Pteryxia petraea"
"2421775525","Pteryxia petraea",-118.158333,37.254722,2011,6,13,"US","Pteryxia petraea"
"2818819475","Pteryxia petraea",-118.159659,37.254578,2011,6,13,"US","Pteryxia petraea"
"1846538219","Pteryxia petraea",-112.02135,36.185746,2010,5,28,"US","Pteryxia petraea"
"2242383343","Pteryxia petraea",-108.979236,38.712466,2010,5,27,"US","Pteryxia petraea"
"2294397329","Pteryxia petraea",-118.02521,37.41182,2010,5,30,"US","Pteryxia petraea"
"2573343976","Pteryxia petraea",-108.979237,38.710596,2010,5,27,"US","Pteryxia petraea"
"1928858937","Pteryxia petraea",-115.6281,42.3625,2010,6,14,"US","Pteryxia petraea"
"1846480719","Pteryxia petraea",-112.368483,36.201608,2009,4,10,"US","Pteryxia petraea"
"1846526796","Pteryxia petraea",-112.368483,36.201608,2009,4,10,"US","Pteryxia petraea"
"1846514669","Pteryxia petraea",-109.716317,37.958247,2009,5,9,"US","Pteryxia petraea"
"2242383016","Pteryxia petraea",-108.988256,38.707801,2009,5,20,"US","Pteryxia petraea"
"2573340962","Pteryxia petraea",-108.988257,38.705931,2009,5,20,"US","Pteryxia petraea"
"1846526833","Pteryxia petraea",-112.115449,36.08906,2009,6,5,"US","Pteryxia petraea"
"1929802027","Pteryxia petraea",-118.57642,41.23383,2009,6,3,"US","Pteryxia petraea"
"1986982505","Pteryxia petraea",-118.576417,41.233833,2009,6,3,"US","Pteryxia petraea"
"3091261753","Pteryxia petraea",-112.016203142534,36.227271759674,2009,6,5,"US","Pteryxia petraea"
"2430116682","Pteryxia petraea",-118.4618,37.097866999092,2009,8,1,"US","Pteryxia petraea"
"1846515301","Pteryxia petraea",-112.289425836474,36.1170096293437,2008,4,25,"US","Pteryxia petraea"
"1846515629","Pteryxia petraea",-111.93615115725,36.1220957325548,2008,4,23,"US","Pteryxia petraea"
"1846548126","Pteryxia petraea",-111.882411064263,36.3562895982397,2008,4,17,"US","Pteryxia petraea"
"3091229951","Pteryxia petraea",-111.882411064263,36.3562895982397,2008,4,17,"US","Pteryxia petraea"
"3091229957","Pteryxia petraea",-111.840859015181,36.2499023313764,2008,4,19,"US","Pteryxia petraea"
"3091246110","Pteryxia petraea",-112.289426819097,36.1151976721583,2008,4,25,"US","Pteryxia petraea"
"3091246435","Pteryxia petraea",-111.936151139999,36.1202827753065,2008,4,23,"US","Pteryxia petraea"
"1846514845","Pteryxia petraea",-111.901990365873,36.1277668127626,2008,5,16,"US","Pteryxia petraea"
"1846514906","Pteryxia petraea",-111.908041107635,36.1899273135449,2008,5,17,"US","Pteryxia petraea"
"1846526770","Pteryxia petraea",-111.927150994363,36.2332221799879,2008,5,19,"US","Pteryxia petraea"
"1846526784","Pteryxia petraea",-111.962902601272,36.308480201157,2008,5,20,"US","Pteryxia petraea"
"1846526800","Pteryxia petraea",-111.960422346235,36.2883106859172,2008,5,20,"US","Pteryxia petraea"
"1846526802","Pteryxia petraea",-111.939360116192,36.1094350111379,2008,5,15,"US","Pteryxia petraea"
"1928278339","Pteryxia petraea",-115.67425,42.688283,2008,5,23,"US","Pteryxia petraea"
"1930058861","Pteryxia petraea",-119.79956,39.11464,2008,5,29,"US","Pteryxia petraea"
"2242382299","Pteryxia petraea",-108.992071,38.712249,2008,5,19,"US","Pteryxia petraea"
"3091229955","Pteryxia petraea",-111.962902601272,36.308480201157,2008,5,20,"US","Pteryxia petraea"
"3091229960","Pteryxia petraea",-111.90804009031,36.1881133560963,2008,5,17,"US","Pteryxia petraea"
"3091229963","Pteryxia petraea",-111.939360116192,36.1094350111379,2008,5,15,"US","Pteryxia petraea"
"3091261750","Pteryxia petraea",-111.90287937055,36.1259448501366,2008,5,16,"US","Pteryxia petraea"
"3091261754","Pteryxia petraea",-111.960422346235,36.2883106859172,2008,5,20,"US","Pteryxia petraea"
"3091261756","Pteryxia petraea",-111.902089621305,36.1543541862498,2008,5,16,"US","Pteryxia petraea"
"3091261757","Pteryxia petraea",-111.927150994363,36.2332221799879,2008,5,19,"US","Pteryxia petraea"
"3447699307","Pteryxia petraea",-119.799555,39.114638,2008,5,29,"US","Pteryxia petraea"
"1846514616","Pteryxia petraea",-112.02507118955,36.2092661254858,2008,6,14,"US","Pteryxia petraea"
"1846514830","Pteryxia petraea",-112.036890340329,36.194469398066,2008,6,13,"US","Pteryxia petraea"
"3091261744","Pteryxia petraea",-112.072594015149,36.1727126843292,2008,6,11,"US","Pteryxia petraea"
"3091261755","Pteryxia petraea",-112.02507317223,36.2074521679794,2008,6,14,"US","Pteryxia petraea"
"3091261758","Pteryxia petraea",-112.036893323011,36.1926524406751,2008,6,13,"US","Pteryxia petraea"
"3091229959","Pteryxia petraea",-112.203906940125,36.1393426423846,2007,4,16,"US","Pteryxia petraea"
"3091261745","Pteryxia petraea",-111.887179798731,36.211712933803,2007,4,11,"US","Pteryxia petraea"
"2242380867","Pteryxia petraea",-108.992997,38.712455,2007,5,19,"US","Pteryxia petraea"
"2573341057","Pteryxia petraea",-108.99366,38.71431,2007,5,19,"US","Pteryxia petraea"
"1929529812","Pteryxia petraea",-117.61722,40.90517,2007,6,8,"US","Pteryxia petraea"
"1986959612","Pteryxia petraea",-117.617222,40.905,2007,6,8,"US","Pteryxia petraea"
"2422458572","Pteryxia petraea",-117.61722,40.90517,2007,6,8,"US","Pteryxia petraea"
"1846509681","Pteryxia petraea",-111.926054586271,36.1933411205677,2007,7,6,"US","Pteryxia petraea"
"3091229961","Pteryxia petraea",-111.926050568823,36.1915231632243,2007,7,6,"US","Pteryxia petraea"
"1846480688","Pteryxia petraea",-112.101051,36.070203,2007,10,11,"US","Pteryxia petraea"
"240494662","Pteryxia petraea",-118.152778,40.815,2006,5,14,"US","Pteryxia petraea"
"1929617173","Pteryxia petraea",-118.15283,40.81508,2006,5,14,"US","Pteryxia petraea"
"1986952655","Pteryxia petraea",-118.152833,40.815083,2006,5,14,"US","Pteryxia petraea"
"3091258608","Pteryxia petraea",-118.152833,40.815083,2006,5,14,"US","Pteryxia petraea"
"318057814","Pteryxia petraea",-118.101944,41.015833,2006,6,2,"US","Pteryxia petraea"
"1846501052","Pteryxia petraea",-112.260568,36.288183,2006,6,8,"US","Pteryxia petraea"
"1928409772","Pteryxia petraea",-118.102,41.01592,2006,6,2,"US","Pteryxia petraea"
"1986952500","Pteryxia petraea",-118.102,41.015917,2006,6,2,"US","Pteryxia petraea"
"3091211636","Pteryxia petraea",-112.261089785832,36.2881287920458,2006,6,8,"US","Pteryxia petraea"
"3091211654","Pteryxia petraea",-112.268410016594,36.2932786255925,2006,6,8,"US","Pteryxia petraea"
"3091258606","Pteryxia petraea",-118.102,41.015917,2006,6,2,"US","Pteryxia petraea"
"1846554601","Pteryxia petraea",-112.020933,36.445817,2005,9,9,"US","Pteryxia petraea"
"1846554675","Pteryxia petraea",-112.026,36.4289,2005,9,10,"US","Pteryxia petraea"
"3091269796","Pteryxia petraea",-111.97506,36.14823,2005,9,11,"US","Pteryxia petraea"
"3091271408","Pteryxia petraea",-111.97704,36.12173,2005,9,9,"US","Pteryxia petraea"
"1928363598","Pteryxia petraea",-116.507028,38.370917,2004,5,27,"US","Pteryxia petraea"
"1986956106","Pteryxia petraea",-116.506944,38.370833,2004,5,27,"US","Pteryxia petraea"
"3091239142","Pteryxia petraea",-109.130936481066,36.8481052175452,2004,5,25,"US","Pteryxia petraea"
"3091258603","Pteryxia petraea",-116.507028,38.370917,2004,5,27,"US","Pteryxia petraea"
"1846475995","Pteryxia petraea",-112.0184,36.19033,2003,3,19,"US","Pteryxia petraea"
"3091210306","Pteryxia petraea",-109.77688,37.42593,2003,4,17,"US","Pteryxia petraea"
"1843892030","Pteryxia petraea",-109.014801,36.665548,2003,5,10,"US","Pteryxia petraea"
"1929431353","Pteryxia petraea",-117.69867,42.89167,2002,6,4,"US","Pteryxia petraea"
"3820602650","Pteryxia petraea",-117.698667,42.891667,2002,6,4,"US","Pteryxia petraea"
"1843841643","Pteryxia petraea",-108.982549,36.793668,2001,4,2,"US","Pteryxia petraea"
"1843841504","Pteryxia petraea",-109.021591,36.816592,2001,5,1,"US","Pteryxia petraea"
"1929022642","Pteryxia petraea",-116.29,38.66,2001,7,5,"US","Pteryxia petraea"
"2575151835","Pteryxia petraea",-118.634,37.220389,2001,7,11,"US","Pteryxia petraea"
"2418054150","Pteryxia petraea",-118.526667,37.220833,2000,7,31,"US","Pteryxia petraea"
"1846526779","Pteryxia petraea",-111.904933,36.27385,1999,5,13,"US","Pteryxia petraea"
"2417995330","Pteryxia petraea",-116.989167,38.525556,1999,5,12,"US","Pteryxia petraea"
"3820697832","Pteryxia petraea",-116.423872,43.3068499990583,1997,3,20,"US","Pteryxia petraea"
"1846526766","Pteryxia petraea",-112.215983,36.071083,1997,4,24,"US","Pteryxia petraea"
"1846526795","Pteryxia petraea",-112.208333,36.081667,1997,4,23,"US","Pteryxia petraea"
"3091234227","Pteryxia petraea",-112.213889,36.083333,1997,4,23,"US","Pteryxia petraea"
"1930031478","Pteryxia petraea",-109.625,38.4814,1997,6,6,"US","Pteryxia petraea"
"2422455994","Pteryxia petraea",-119.275,37.95833,1997,8,4,"US","Pteryxia petraea"
"2270580616","Pteryxia petraea",-112.582,36.4263,1996,5,11,"US","Pteryxia petraea"
"176923097","Pteryxia petraea",-118.417402,41.307215,1996,7,31,"US","Pteryxia petraea"
"2270702055","Pteryxia petraea",-111.85,36.4,1994,5,27,"US","Pteryxia petraea"
"3091268480","Pteryxia petraea",-111.85,36.4,1994,5,27,"US","Pteryxia petraea"
"1929702064","Pteryxia petraea",-118.01,38.41,1992,4,22,"US","Pteryxia petraea"
"1930911942","Pteryxia petraea",-114.38,41.11,1991,4,24,"US","Pteryxia petraea"
"1927804998","Pteryxia petraea",-118.54,42.59,1991,5,25,"US","Pteryxia petraea"
"1930853816","Pteryxia petraea",-116.97,38.54,1991,6,30,"US","Pteryxia petraea"
"1928111440","Pteryxia petraea",-118.58,42.65,1991,7,25,"US","Pteryxia petraea"
"3428567417","Pteryxia petraea",-109.170958,40.424686,1991,7,17,"US","Pteryxia petraea"
"1930719230","Pteryxia petraea",-117.1114,43.7869,1989,5,25,"US","Pteryxia petraea"
"1927823640","Pteryxia petraea",-118.51,41.33,1988,5,26,"US","Pteryxia petraea"
"1929027734","Pteryxia petraea",-117.96,38.41,1988,5,12,"US","Pteryxia petraea"
"2573339403","Pteryxia petraea",-108.651982,40.458631,1988,5,20,"US","Pteryxia petraea"
"3428567965","Pteryxia petraea",-108.6358,40.4569,1988,5,20,"US","Pteryxia petraea"
"3320750794","Pteryxia petraea",-118.311528,37.596194,1988,8,29,"US","Pteryxia petraea"
"1928654738","Pteryxia petraea",-118.11,41.72,1987,5,21,"US","Pteryxia petraea"
"1846526651","Pteryxia petraea",-113.3337,36.2725,1987,6,2,"US","Pteryxia petraea"
"1846526667","Pteryxia petraea",-113.3337,36.2725,1987,6,2,"US","Pteryxia petraea"
"1928011177","Pteryxia petraea",-118.59,41.24,1987,6,13,"US","Pteryxia petraea"
"1931083606","Pteryxia petraea",-116.93,42.04,1987,6,9,"US","Pteryxia petraea"
"2270703590","Pteryxia petraea",-113.3337,36.2725,1987,6,2,"US","Pteryxia petraea"
"2422290526","Pteryxia petraea",-113.334,36.27411,1987,6,2,"US","Pteryxia petraea"
"2573338421","Pteryxia petraea",-108.892406,40.694592,1987,6,10,"US","Pteryxia petraea"
"3428568037","Pteryxia petraea",-108.832355,40.70497,1987,6,10,"US","Pteryxia petraea"
"3798127117","Pteryxia petraea",-108.88,40.69,1987,6,10,"US","Pteryxia petraea"
"1928724180","Pteryxia petraea",-118.32,37.79,1987,7,8,"US","Pteryxia petraea"
"1930722409","Pteryxia petraea",-118.3,37.8,1987,7,7,"US","Pteryxia petraea"
"1931295898","Pteryxia petraea",-117.99,37.41,1986,4,29,"US","Pteryxia petraea"
"2422287968","Pteryxia petraea",-117.995,37.41361,1986,4,29,"US","Pteryxia petraea"
"2982030397","Pteryxia petraea",-117.995,37.41361,1986,4,29,"US","Pteryxia petraea"
"1928932239","Pteryxia petraea",-117.97,37.77,1986,5,4,"US","Pteryxia petraea"
"1929091678","Pteryxia petraea",-118.25,40.78,1986,5,27,"US","Pteryxia petraea"
"1929898742","Pteryxia petraea",-109.4,38.67,1986,5,11,"US","Pteryxia petraea"
"1930040256","Pteryxia petraea",-117.67,43.14,1986,5,16,"US","Pteryxia petraea"
"1986961350","Pteryxia petraea",-117.667222,43.138611,1986,5,16,"US","Pteryxia petraea"
"1990214354","Pteryxia petraea",-118.25,40.78,1986,5,27,"US","Pteryxia petraea"
"1990214364","Pteryxia petraea",-117.97,37.77,1986,5,4,"US","Pteryxia petraea"
"3820560692","Pteryxia petraea",-117.66785,43.1390299990586,1986,5,16,"US","Pteryxia petraea"
"1927843816","Pteryxia petraea",-109.34,37.29,1985,4,23,"US","Pteryxia petraea"
"1931296898","Pteryxia petraea",-109.41,38.69,1985,5,15,"US","Pteryxia petraea"
"2270516706","Pteryxia petraea",-118.601475,41.216423,1985,5,25,"US","Pteryxia petraea"
"1928596110","Pteryxia petraea",-109.65,37.37,1985,6,7,"US","Pteryxia petraea"
"1930313137","Pteryxia petraea",-117.66,41.46,1985,6,18,"US","Pteryxia petraea"
"1929560043","Pteryxia petraea",-117.76,39.63,1984,5,24,"US","Pteryxia petraea"
"3091258605","Pteryxia petraea",-118.322281,37.513641,1984,6,29,"US","Pteryxia petraea"
"1846540167","Pteryxia petraea",-117.743096,41.432731,1984,7,24,"US","Pteryxia petraea"
"1930472281","Pteryxia petraea",-117.74,41.43,1984,7,24,"US","Pteryxia petraea"
"1930366952","Pteryxia petraea",-109.34,37.32,1983,5,17,"US","Pteryxia petraea"
"1931148266","Pteryxia petraea",-110.32,37.43,1983,5,23,"US","Pteryxia petraea"
"1931300561","Pteryxia petraea",-113.138267,36.293959,1983,6,12,"US","Pteryxia petraea"
"2270702357","Pteryxia petraea",-113.260721,36.288314,1983,6,12,"US","Pteryxia petraea"
"2430237117","Pteryxia petraea",-118.123029,37.42741,1983,7,18,"US","Pteryxia petraea"
"3320761431","Pteryxia petraea",-116.991444,38.532,1983,7,5,"US","Pteryxia petraea"
"1928430759","Pteryxia petraea",-108.64,40.2587,1982,4,17,"US","Pteryxia petraea"
"1930423268","Pteryxia petraea",-109.41,40.5,1982,4,18,"US","Pteryxia petraea"
"1927943240","Pteryxia petraea",-109.65,38.08,1982,5,11,"US","Pteryxia petraea"
"1927968470","Pteryxia petraea",-118.85,41.53,1982,5,26,"US","Pteryxia petraea"
"1928540333","Pteryxia petraea",-109.62,38.1,1982,5,13,"US","Pteryxia petraea"
"2265427243","Pteryxia petraea",-115.60667,36.25611,1982,8,16,"US","Pteryxia petraea"
"1927958732","Pteryxia petraea",-110.06,37.6,1981,4,29,"US","Pteryxia petraea"
"2421752715","Pteryxia petraea",-118.5367,37.2153,1981,8,8,"US","Pteryxia petraea"
"1930643639","Pteryxia petraea",-118.47,41.45,1980,5,3,"US","Pteryxia petraea"
"1931071989","Pteryxia petraea",-109.63,38.47,1980,5,21,"US","Pteryxia petraea"
"1928742720","Pteryxia petraea",-117.19,38.48,1980,6,3,"US","Pteryxia petraea"
"3820582013","Pteryxia petraea",-117.343333,42.443333,1980,9,12,"US","Pteryxia petraea"
"1928401534","Pteryxia petraea",-117.92,39.95,1979,5,21,"US","Pteryxia petraea"
"1931084828","Pteryxia petraea",-117.7,42.94,1979,5,27,"US","Pteryxia petraea"
"1928588374","Pteryxia petraea",-117.2639,38.975,1979,6,25,"US","Pteryxia petraea"
"1929107078","Pteryxia petraea",-116.16,40.63,1979,6,18,"US","Pteryxia petraea"
"1929707666","Pteryxia petraea",-117.25,38.58,1978,5,12,"US","Pteryxia petraea"
"1927937753","Pteryxia petraea",-116.91,39.09,1978,6,5,"US","Pteryxia petraea"
"1930747881","Pteryxia petraea",-118.2,40.57,1978,6,11,"US","Pteryxia petraea"
"1986926329","Pteryxia petraea",-116.906944,39.085278,1978,6,5,"US","Pteryxia petraea"
"2573338442","Pteryxia petraea",-108.89033,40.7203,1978,6,10,"US","Pteryxia petraea"
"1928038153","Pteryxia petraea",-109.48,38.64,1977,5,12,"US","Pteryxia petraea"
"1931367395","Pteryxia petraea",-119.69,39.18,1977,6,27,"US","Pteryxia petraea"
"2430539665","Pteryxia petraea",-118.05455,37.4488799990889,1977,6,3,"US","Pteryxia petraea"
"1931251507","Pteryxia petraea",-118.42,41.31,1977,8,10,"US","Pteryxia petraea"
"2430359391","Pteryxia petraea",-118.123029,37.42741,1976,9,17,"US","Pteryxia petraea"
"1928938891","Pteryxia petraea",-114.3,36.97,1975,5,4,"US","Pteryxia petraea"
"1928102467","Pteryxia petraea",-118.07,40.98,1970,6,16,"US","Pteryxia petraea"
"1929132447","Pteryxia petraea",-118.42,41.3,1970,7,19,"US","Pteryxia petraea"
"1928536623","Pteryxia petraea",-109.999048,37.624992,1968,5,28,"US","Pteryxia petraea"
"1930747067","Pteryxia petraea",-117.76,41.18,1967,6,17,"US","Pteryxia petraea"
"2573339342","Pteryxia petraea",-108.89033,40.7203,1967,6,10,"US","Pteryxia petraea"
"2421753516","Pteryxia petraea",-118.658676,37.341333,1966,8,6,"US","Pteryxia petraea"
"3125038621","Pteryxia petraea",-118.25,37.5,1964,6,18,"US","Pteryxia petraea"
"1930063144","Pteryxia petraea",-117.65,40.91,1964,7,10,"US","Pteryxia petraea"
"2575150377","Pteryxia petraea",-118.17,37.24,1963,5,31,"US","Pteryxia petraea"
"2421751883","Pteryxia petraea",-118.880286,37.531365,1963,9,1,"US","Pteryxia petraea"
"2382622867","Pteryxia petraea",-118.1507,37.2594,1961,6,18,"US","Pteryxia petraea"
"3125030602","Pteryxia petraea",-118.1507,37.2594,1961,6,18,"US","Pteryxia petraea"
"1930442335","Pteryxia petraea",-118.53,42.63,1959,5,20,"US","Pteryxia petraea"
"1990214408","Pteryxia petraea",-118.53,42.63,1959,5,20,"US","Pteryxia petraea"
"2430059495","Pteryxia petraea",-118.317778,37.2025,1959,5,28,"US","Pteryxia petraea"
"3125036610","Pteryxia petraea",-118.1505,37.2593,1959,5,28,"US","Pteryxia petraea"
"3820702564","Pteryxia petraea",-118.508941,42.6681529990598,1959,5,20,"US","Pteryxia petraea"
"1928087568","Pteryxia petraea",-118.153987,37.300172,1956,7,8,"US","Pteryxia petraea"
"3820543704","Pteryxia petraea",-118.56791,42.6946499990597,1954,7,9,"US","Pteryxia petraea"
"3820635314","Pteryxia petraea",-118.2386,42.3375,1949,6,12,"US","Pteryxia petraea"
"1930637638","Pteryxia petraea",-117.6111,41.6936,1948,6,25,"US","Pteryxia petraea"
"1930668285","Pteryxia petraea",-117.6111,41.6936,1948,6,25,"US","Pteryxia petraea"
"3820524277","Pteryxia petraea",-117.6644,42.88688,1943,6,9,"US","Pteryxia petraea"
"1930724246","Pteryxia petraea",-108.756483,35.454328,1941,4,19,"US","Pteryxia petraea"
"2430070305","Pteryxia petraea",-118.1583,37.25496,1941,7,8,"US","Pteryxia petraea"
"1930244073","Pteryxia petraea",-114.3986,42.595,1937,6,24,"US","Pteryxia petraea"
"1931168174","Pteryxia petraea",-114.3986,42.595,1936,5,11,"US","Pteryxia petraea"
"2421751910","Pteryxia petraea",-118.1857,37.2933,1930,8,6,"US","Pteryxia petraea"
"2430142526","Pteryxia petraea",-118.219197,37.323023,1930,8,6,"US","Pteryxia petraea"
"2430525705","Pteryxia petraea",-118.219197,37.323023,1930,8,6,"US","Pteryxia petraea"
"3406866733","Pteryxia petraea",-118.1857,37.2933,1930,8,6,"US","Pteryxia petraea"
"2430241839","Pteryxia petraea",-118.1541,37.2999,1928,7,NA,"US","Pteryxia petraea"
"3820592785","Pteryxia petraea",-118.5963,42.647,1927,6,NA,"US","Pteryxia petraea"
"1928010696","Pteryxia petraea",-113.56724,43.518792,1916,7,5,"US","Pteryxia petraea"
"3820714620","Pteryxia petraea",-118.401,42.8646,1914,6,7,"US","Pteryxia petraea"
"1929447969","Pteryxia petraea",-114.3986,42.595,1912,6,24,"US","Pteryxia petraea"
"3820719196","Pteryxia petraea",-118.5963,42.647,1898,7,2,"US","Pteryxia petraea"
"3820716178","Pteryxia petraea",-118.455,42.5356,1896,6,30,"US","Pteryxia petraea"
"3820713058","Pteryxia petraea",-118.4431,42.7725,1885,6,16,"US","Pteryxia petraea"
"3820714527","Pteryxia petraea",-118.5963,42.647,1885,6,3,"US","Pteryxia petraea"
"1929819549","Pteryxia petraea",-116.2011,40.6108,1882,6,14,"US","Pteryxia petraea"
"1929980715","Pteryxia petraea",-116.2011,40.6108,1882,6,14,"US","Pteryxia petraea"
"1228243964","Pteryxia petraea",-120,44,NA,NA,NA,"US","Pteryxia petraea"
"2430432718","Pteryxia petraea",-118.569298,37.2458,NA,NA,NA,"US","Pteryxia petraea"
