"gbifID","species","longitude","latitude","year","month","day","countryCode","basisOfRecord","accepted_name"
"4126793163","Salix hookeriana",-123.64388,48.778126,2023,5,18,"CA","HUMAN_OBSERVATION","Salix hookeriana"
"4165479772","Salix hookeriana",-123.376641,48.463239,2023,7,9,"CA","HUMAN_OBSERVATION","Salix hookeriana"
"4172120404","Salix hookeriana",-125.313148,49.736413,2023,7,28,"CA","HUMAN_OBSERVATION","Salix hookeriana"
"3759053863","Salix hookeriana",-123.151786,49.704014,2022,3,6,"CA","HUMAN_OBSERVATION","Salix hookeriana"
"3759589037","Salix hookeriana",-123.151849,49.704316,2022,3,20,"CA","HUMAN_OBSERVATION","Salix hookeriana"
"3759277286","Salix hookeriana",-123.162361,49.074908,2022,4,8,"CA","HUMAN_OBSERVATION","Salix hookeriana"
"3772588808","Salix hookeriana",-123.3745,48.464573,2022,4,29,"CA","HUMAN_OBSERVATION","Salix hookeriana"
"3859411084","Salix hookeriana",-125.122948,48.79567,2022,6,8,"CA","HUMAN_OBSERVATION","Salix hookeriana"
"3860603605","Salix hookeriana",-123.574687,49.012267,2022,6,24,"CA","HUMAN_OBSERVATION","Salix hookeriana"
"3873255130","Salix hookeriana",-125.135437,48.834545,2022,7,12,"CA","HUMAN_OBSERVATION","Salix hookeriana"
"3873200156","Salix hookeriana",-125.135971,48.834694,2022,7,16,"CA","HUMAN_OBSERVATION","Salix hookeriana"
"3903270351","Salix hookeriana",-123.213158,49.218605,2022,8,31,"CA","HUMAN_OBSERVATION","Salix hookeriana"
"3902381850","Salix hookeriana",-123.207802,49.220856,2022,8,31,"CA","HUMAN_OBSERVATION","Salix hookeriana"
"3912163916","Salix hookeriana",-123.212868,49.219572,2022,9,10,"CA","HUMAN_OBSERVATION","Salix hookeriana"
"3912460608","Salix hookeriana",-123.368255,48.42012,2022,9,6,"CA","HUMAN_OBSERVATION","Salix hookeriana"
"3925482578","Salix hookeriana",-123.228729,49.227341,2022,10,10,"CA","HUMAN_OBSERVATION","Salix hookeriana"
"3961159362","Salix hookeriana",-123.006737,49.329762,2022,10,30,"CA","HUMAN_OBSERVATION","Salix hookeriana"
"3986245498","Salix hookeriana",-123.164612,49.104675,2022,11,19,"CA","HUMAN_OBSERVATION","Salix hookeriana"
"3079713364","Salix hookeriana",-123.148528,49.721805,2021,4,2,"CA","HUMAN_OBSERVATION","Salix hookeriana"
"4096490401","Salix hookeriana",-123.217453,49.223441,2021,5,15,"CA","HUMAN_OBSERVATION","Salix hookeriana"
"3456140814","Salix hookeriana",-123.97,48.782064,2021,6,18,"CA","HUMAN_OBSERVATION","Salix hookeriana"
"3947526452","Salix hookeriana",-124.763276,48.619351,2021,6,15,"CA","HUMAN_OBSERVATION","Salix hookeriana"
"3399113111","Salix hookeriana",-122.801194,49.248494,2021,6,25,"CA","HUMAN_OBSERVATION","Salix hookeriana"
"3330521051","Salix hookeriana",-123.167572,49.699067,2021,7,18,"CA","HUMAN_OBSERVATION","Salix hookeriana"
"3399147727","Salix hookeriana",-122.893631,49.730422,2021,8,3,"CA","HUMAN_OBSERVATION","Salix hookeriana"
"2596442296","Salix hookeriana",-123.374588,48.464462,2020,3,31,"CA","HUMAN_OBSERVATION","Salix hookeriana"
"2626390774","Salix hookeriana",-123.209533,49.219697,2020,5,9,"CA","HUMAN_OBSERVATION","Salix hookeriana"
"3455167497","Salix hookeriana",-123.343125,48.416728,2020,7,1,"CA","HUMAN_OBSERVATION","Salix hookeriana"
"2823236607","Salix hookeriana",-125.06635,49.79316,2020,7,16,"CA","HUMAN_OBSERVATION","Salix hookeriana"
"2826441388","Salix hookeriana",-125.066323,49.793215,2020,7,9,"CA","HUMAN_OBSERVATION","Salix hookeriana"
"3337417422","Salix hookeriana",-125.758738,49.07115,2020,8,29,"CA","HUMAN_OBSERVATION","Salix hookeriana"
"2422828476","Salix hookeriana",-124.918805,49.736013,2019,4,8,"CA","HUMAN_OBSERVATION","Salix hookeriana"
"1935579904","Salix hookeriana",-123.510076,48.946161,2018,8,22,"CA","HUMAN_OBSERVATION","Salix hookeriana"
"2251330852","Salix hookeriana",-123.228,49.279,2008,5,8,"CA","MATERIAL_SAMPLE","Salix hookeriana"
"2251332254","Salix hookeriana",-123.241,49.251,2007,4,18,"CA","MATERIAL_SAMPLE","Salix hookeriana"
"2251330193","Salix hookeriana",-123.245,49.253,2007,5,1,"CA","MATERIAL_SAMPLE","Salix hookeriana"
"2251332846","Salix hookeriana",-123.552,48.424,2007,6,4,"CA","MATERIAL_SAMPLE","Salix hookeriana"
"2251331899","Salix hookeriana",-124.382,48.584,2007,6,5,"CA","MATERIAL_SAMPLE","Salix hookeriana"
"2251331532","Salix hookeriana",-123.957,48.807,2007,6,6,"CA","MATERIAL_SAMPLE","Salix hookeriana"
"2251332086","Salix hookeriana",-125.077,49.697,2007,6,7,"CA","MATERIAL_SAMPLE","Salix hookeriana"
"2251331182","Salix hookeriana",-125.244,49.744,2007,6,7,"CA","MATERIAL_SAMPLE","Salix hookeriana"
"2251331699","Salix hookeriana",-125.244,49.744,2007,6,7,"CA","MATERIAL_SAMPLE","Salix hookeriana"
"2251330747","Salix hookeriana",-125.244,49.744,2007,6,7,"CA","MATERIAL_SAMPLE","Salix hookeriana"
"2251330655","Salix hookeriana",-125.244,49.744,2007,6,7,"CA","MATERIAL_SAMPLE","Salix hookeriana"
"2251330980","Salix hookeriana",-131.795,53.169,2007,7,25,"CA","MATERIAL_SAMPLE","Salix hookeriana"
"1949621034","Salix hookeriana",-123.366667,48.483333,1989,4,16,"CA","PRESERVED_SPECIMEN","Salix hookeriana"
"1988221461","Salix hookeriana",-122.666667,56,1971,8,22,"CA","PRESERVED_SPECIMEN","Salix hookeriana"
"1801071505","Salix hookeriana",-123.346972,48.492852,1961,4,22,"CA","PRESERVED_SPECIMEN","Salix hookeriana"
"1801071458","Salix hookeriana",-124.383333,48.583333,1961,5,21,"CA","PRESERVED_SPECIMEN","Salix hookeriana"
"1949500422","Salix hookeriana",-124.133333,49.1,1961,5,20,"CA","PRESERVED_SPECIMEN","Salix hookeriana"
"1933495437","Salix hookeriana",-60.25,53.28333,1950,6,27,"CA","PRESERVED_SPECIMEN","Salix hookeriana"
"1988108265","Salix hookeriana",-123,49,1913,9,18,"CA","PRESERVED_SPECIMEN","Salix hookeriana"
"1988086493","Salix hookeriana",-123.1676663,49.266376,1912,6,5,"CA","PRESERVED_SPECIMEN","Salix hookeriana"
"4046541045","Salix hookeriana",-124.040567,44.868522,2023,2,25,"US","HUMAN_OBSERVATION","Salix hookeriana"
"4075605246","Salix hookeriana",-124.096589,46.769138,2023,3,21,"US","HUMAN_OBSERVATION","Salix hookeriana"
"4075811693","Salix hookeriana",-124.065363,44.521919,2023,3,26,"US","HUMAN_OBSERVATION","Salix hookeriana"
"4080444607","Salix hookeriana",-123.075831,43.992504,2023,4,2,"US","HUMAN_OBSERVATION","Salix hookeriana"
"4076168638","Salix hookeriana",-123.239333,44.60416,2023,4,2,"US","HUMAN_OBSERVATION","Salix hookeriana"
"4091805594","Salix hookeriana",-123.214071,44.699391,2023,4,8,"US","HUMAN_OBSERVATION","Salix hookeriana"
"4096416069","Salix hookeriana",-123.941545,45.428487,2023,4,20,"US","HUMAN_OBSERVATION","Salix hookeriana"
"4165558526","Salix hookeriana",-123.302583,44.625019,2023,4,21,"US","HUMAN_OBSERVATION","Salix hookeriana"
"4096590658","Salix hookeriana",-123.238546,44.60562,2023,4,24,"US","HUMAN_OBSERVATION","Salix hookeriana"
"4116520640","Salix hookeriana",-124.091442,44.453377,2023,4,15,"US","HUMAN_OBSERVATION","Salix hookeriana"
"4111601494","Salix hookeriana",-122.272919,47.419328,2023,4,25,"US","HUMAN_OBSERVATION","Salix hookeriana"
"4102771750","Salix hookeriana",-124.151628,43.872078,2023,4,29,"US","HUMAN_OBSERVATION","Salix hookeriana"
"4111956464","Salix hookeriana",-123.28787,44.56654,2023,5,2,"US","HUMAN_OBSERVATION","Salix hookeriana"
"4116471312","Salix hookeriana",-123.24548,44.547673,2023,5,11,"US","HUMAN_OBSERVATION","Salix hookeriana"
"4129821657","Salix hookeriana",-124.07515,41.536004,2023,5,22,"US","HUMAN_OBSERVATION","Salix hookeriana"
"4145468425","Salix hookeriana",-124.080994,44.464638,2023,5,14,"US","HUMAN_OBSERVATION","Salix hookeriana"
"4129892768","Salix hookeriana",-123.962538,45.879008,2023,5,29,"US","HUMAN_OBSERVATION","Salix hookeriana"
"4133895551","Salix hookeriana",-123.874855,46.729908,2023,6,2,"US","HUMAN_OBSERVATION","Salix hookeriana"
"4153721572","Salix hookeriana",-123.968513,45.369653,2023,6,7,"US","HUMAN_OBSERVATION","Salix hookeriana"
"4145568507","Salix hookeriana",-124.060383,44.671389,2023,6,15,"US","HUMAN_OBSERVATION","Salix hookeriana"
"4138463775","Salix hookeriana",-124.020425,46.368242,2023,6,19,"US","HUMAN_OBSERVATION","Salix hookeriana"
"4153995734","Salix hookeriana",-122.581045,48.830267,2023,6,21,"US","HUMAN_OBSERVATION","Salix hookeriana"
"4145270631","Salix hookeriana",-124.074277,44.674958,2023,6,16,"US","HUMAN_OBSERVATION","Salix hookeriana"
"4145758646","Salix hookeriana",-124.06336,44.63673,2023,7,1,"US","HUMAN_OBSERVATION","Salix hookeriana"
"4165524589","Salix hookeriana",-124.083596,44.49346,2023,7,4,"US","HUMAN_OBSERVATION","Salix hookeriana"
"4177289390","Salix hookeriana",-123.335101,44.409518,2023,8,13,"US","HUMAN_OBSERVATION","Salix hookeriana"
"4400158819","Salix hookeriana",-124.136755,44.020855,2023,8,17,"US","HUMAN_OBSERVATION","Salix hookeriana"
"4400117129","Salix hookeriana",-124.395639,43.036219,2023,8,19,"US","HUMAN_OBSERVATION","Salix hookeriana"
"4416668481","Salix hookeriana",-123.810997,39.452004,2023,8,20,"US","HUMAN_OBSERVATION","Salix hookeriana"
"4407275902","Salix hookeriana",-122.663017,48.417206,2023,8,22,"US","HUMAN_OBSERVATION","Salix hookeriana"
"4405238809","Salix hookeriana",-124.137354,44.019297,2023,8,20,"US","HUMAN_OBSERVATION","Salix hookeriana"
"4416842941","Salix hookeriana",-123.423973,44.154003,2023,9,23,"US","HUMAN_OBSERVATION","Salix hookeriana"
"3457209038","Salix hookeriana",-123.208108,44.702165,2022,1,1,"US","HUMAN_OBSERVATION","Salix hookeriana"
"3457224612","Salix hookeriana",-124.071503,46.278095,2022,1,16,"US","HUMAN_OBSERVATION","Salix hookeriana"
"3456148073","Salix hookeriana",-124.071542,46.278119,2022,1,16,"US","HUMAN_OBSERVATION","Salix hookeriana"
"3698373511","Salix hookeriana",-124.065127,44.63271,2022,2,18,"US","HUMAN_OBSERVATION","Salix hookeriana"
"3858238917","Salix hookeriana",-124.181886,43.401789,2022,2,20,"US","HUMAN_OBSERVATION","Salix hookeriana"
"3698077140","Salix hookeriana",-123.017086,38.308048,2022,2,21,"US","HUMAN_OBSERVATION","Salix hookeriana"
"3988721429","Salix hookeriana",-124.205093,41.947572,2022,2,25,"US","HUMAN_OBSERVATION","Salix hookeriana"
"3872933571","Salix hookeriana",-124.061028,44.623528,2022,2,26,"US","HUMAN_OBSERVATION","Salix hookeriana"
"3712698855","Salix hookeriana",-123.958038,45.901885,2022,3,7,"US","HUMAN_OBSERVATION","Salix hookeriana"
"3712548960","Salix hookeriana",-123.96308,45.887,2022,3,8,"US","HUMAN_OBSERVATION","Salix hookeriana"
"3743026660","Salix hookeriana",-124.111326,44.284061,2022,3,11,"US","HUMAN_OBSERVATION","Salix hookeriana"
"3747194644","Salix hookeriana",-124.09218,43.97611,2022,3,18,"US","HUMAN_OBSERVATION","Salix hookeriana"
"4018200462","Salix hookeriana",-124.130606,44.016903,2022,3,18,"US","HUMAN_OBSERVATION","Salix hookeriana"
"3873053563","Salix hookeriana",-124.062181,44.623205,2022,3,22,"US","HUMAN_OBSERVATION","Salix hookeriana"
"3988630430","Salix hookeriana",-124.101775,41.594658,2022,3,26,"US","HUMAN_OBSERVATION","Salix hookeriana"
"3872890546","Salix hookeriana",-124.081558,44.449878,2022,3,26,"US","HUMAN_OBSERVATION","Salix hookeriana"
"4028756296","Salix hookeriana",-124.063956,44.633904,2022,3,27,"US","HUMAN_OBSERVATION","Salix hookeriana"
"3759411464","Salix hookeriana",-123.210655,44.683588,2022,4,9,"US","HUMAN_OBSERVATION","Salix hookeriana"
"3872983589","Salix hookeriana",-124.063694,44.636992,2022,4,17,"US","HUMAN_OBSERVATION","Salix hookeriana"
"3873506577","Salix hookeriana",-124.045967,44.619697,2022,4,7,"US","HUMAN_OBSERVATION","Salix hookeriana"
"3858977066","Salix hookeriana",-124.153136,43.871269,2022,4,23,"US","HUMAN_OBSERVATION","Salix hookeriana"
"4076190621","Salix hookeriana",-122.741837,45.679883,2022,4,30,"US","HUMAN_OBSERVATION","Salix hookeriana"
"3881816421","Salix hookeriana",-124.286956,43.414669,2022,5,7,"US","HUMAN_OBSERVATION","Salix hookeriana"
"3773464252","Salix hookeriana",-123.253203,44.551666,2022,5,9,"US","HUMAN_OBSERVATION","Salix hookeriana"
"3985681579","Salix hookeriana",-124.15616,40.874534,2022,5,26,"US","HUMAN_OBSERVATION","Salix hookeriana"
"3860788249","Salix hookeriana",-124.120073,44.089406,2022,5,17,"US","HUMAN_OBSERVATION","Salix hookeriana"
"3859437386","Salix hookeriana",-123.964337,45.884762,2022,6,11,"US","HUMAN_OBSERVATION","Salix hookeriana"
"3859101741","Salix hookeriana",-122.583234,48.831148,2022,6,21,"US","HUMAN_OBSERVATION","Salix hookeriana"
"3858600773","Salix hookeriana",-122.583413,48.831424,2022,6,21,"US","HUMAN_OBSERVATION","Salix hookeriana"
"3963653191","Salix hookeriana",-121.754942,36.48669,2022,6,7,"US","HUMAN_OBSERVATION","Salix hookeriana"
"4129914530","Salix hookeriana",-124.505453,42.904852,2022,6,2,"US","HUMAN_OBSERVATION","Salix hookeriana"
"4091803570","Salix hookeriana",-122.857495,47.828142,2022,6,11,"US","HUMAN_OBSERVATION","Salix hookeriana"
"4091872603","Salix hookeriana",-122.85712,47.828123,2022,6,11,"US","HUMAN_OBSERVATION","Salix hookeriana"
"3873414538","Salix hookeriana",-124.433188,43.110492,2022,7,15,"US","HUMAN_OBSERVATION","Salix hookeriana"
"3988759510","Salix hookeriana",-124.207267,41.749138,2022,7,29,"US","HUMAN_OBSERVATION","Salix hookeriana"
"3985725708","Salix hookeriana",-124.101411,41.595653,2022,7,30,"US","HUMAN_OBSERVATION","Salix hookeriana"
"3963384486","Salix hookeriana",-123.309294,44.592242,2022,8,2,"US","HUMAN_OBSERVATION","Salix hookeriana"
"3902175917","Salix hookeriana",-123.954192,45.440314,2022,8,4,"US","HUMAN_OBSERVATION","Salix hookeriana"
"3902051946","Salix hookeriana",-123.938575,45.424833,2022,8,8,"US","HUMAN_OBSERVATION","Salix hookeriana"
"3902344136","Salix hookeriana",-123.970113,45.363416,2022,8,11,"US","HUMAN_OBSERVATION","Salix hookeriana"
"3902504615","Salix hookeriana",-123.96772,45.79403,2022,8,17,"US","HUMAN_OBSERVATION","Salix hookeriana"
"3961266542","Salix hookeriana",-123.241013,44.601788,2022,8,18,"US","HUMAN_OBSERVATION","Salix hookeriana"
"4067649636","Salix hookeriana",-123.812627,39.45242,2022,8,15,"US","HUMAN_OBSERVATION","Salix hookeriana"
"3903124887","Salix hookeriana",-123.303193,44.548311,2022,8,30,"US","HUMAN_OBSERVATION","Salix hookeriana"
"3903040626","Salix hookeriana",-122.580995,48.830301,2022,8,30,"US","HUMAN_OBSERVATION","Salix hookeriana"
"3903173055","Salix hookeriana",-123.936708,46.102222,2022,9,2,"US","HUMAN_OBSERVATION","Salix hookeriana"
"3961010530","Salix hookeriana",-123.287975,44.640067,2022,9,5,"US","HUMAN_OBSERVATION","Salix hookeriana"
"3961226594","Salix hookeriana",-123.083655,44.028728,2022,9,7,"US","HUMAN_OBSERVATION","Salix hookeriana"
"3985687772","Salix hookeriana",-124.149614,41.722265,2022,9,11,"US","HUMAN_OBSERVATION","Salix hookeriana"
"3988768574","Salix hookeriana",-124.246088,41.773561,2022,9,7,"US","HUMAN_OBSERVATION","Salix hookeriana"
"3961391605","Salix hookeriana",-124.15115,43.878934,2022,9,20,"US","HUMAN_OBSERVATION","Salix hookeriana"
"3947393868","Salix hookeriana",-124.071613,44.674069,2022,9,24,"US","HUMAN_OBSERVATION","Salix hookeriana"
"3947475868","Salix hookeriana",-124.074506,44.675032,2022,9,24,"US","HUMAN_OBSERVATION","Salix hookeriana"
"3963271565","Salix hookeriana",-121.75086,45.354846,2022,9,27,"US","HUMAN_OBSERVATION","Salix hookeriana"
"3961334604","Salix hookeriana",-124.306572,42.064797,2022,9,27,"US","HUMAN_OBSERVATION","Salix hookeriana"
"3961226649","Salix hookeriana",-123.96776,45.908582,2022,10,2,"US","HUMAN_OBSERVATION","Salix hookeriana"
"3923703619","Salix hookeriana",-123.96795,45.908765,2022,10,2,"US","HUMAN_OBSERVATION","Salix hookeriana"
"3961479648","Salix hookeriana",-123.960663,45.84696,2022,10,12,"US","HUMAN_OBSERVATION","Salix hookeriana"
"3961217694","Salix hookeriana",-123.486461,42.494986,2022,10,19,"US","HUMAN_OBSERVATION","Salix hookeriana"
"3961009794","Salix hookeriana",-123.329728,44.98418,2022,10,26,"US","HUMAN_OBSERVATION","Salix hookeriana"
"3966410579","Salix hookeriana",-123.964559,45.494923,2022,10,29,"US","HUMAN_OBSERVATION","Salix hookeriana"
"3961155466","Salix hookeriana",-123.328255,44.57273,2022,10,30,"US","HUMAN_OBSERVATION","Salix hookeriana"
"3985648965","Salix hookeriana",-123.307337,38.57417,2022,11,6,"US","HUMAN_OBSERVATION","Salix hookeriana"
"3966757734","Salix hookeriana",-124.197517,40.700036,2022,11,8,"US","HUMAN_OBSERVATION","Salix hookeriana"
"4018473720","Salix hookeriana",-122.008233,47.499213,2022,11,26,"US","HUMAN_OBSERVATION","Salix hookeriana"
"3044722717","Salix hookeriana",-124.157948,40.867038,2021,2,10,"US","HUMAN_OBSERVATION","Salix hookeriana"
"3070679536","Salix hookeriana",-123.922583,46.010772,2021,3,21,"US","HUMAN_OBSERVATION","Salix hookeriana"
"3079545224","Salix hookeriana",-122.709134,48.81833,2021,3,23,"US","HUMAN_OBSERVATION","Salix hookeriana"
"3070651753","Salix hookeriana",-124.149666,40.87558,2021,3,26,"US","HUMAN_OBSERVATION","Salix hookeriana"
"3070737960","Salix hookeriana",-124.123665,44.068352,2021,3,30,"US","HUMAN_OBSERVATION","Salix hookeriana"
"4400287325","Salix hookeriana",-124.132267,44.016447,2021,3,30,"US","HUMAN_OBSERVATION","Salix hookeriana"
"3070421585","Salix hookeriana",-124.050257,46.34592,2021,4,1,"US","HUMAN_OBSERVATION","Salix hookeriana"
"3079787316","Salix hookeriana",-124.193351,40.778809,2021,4,2,"US","HUMAN_OBSERVATION","Salix hookeriana"
"3301922498","Salix hookeriana",-124.079728,44.487613,2021,4,4,"US","HUMAN_OBSERVATION","Salix hookeriana"
"3079588698","Salix hookeriana",-124.118852,44.08274,2021,4,3,"US","HUMAN_OBSERVATION","Salix hookeriana"
"3097312885","Salix hookeriana",-123.964378,45.884864,2021,4,16,"US","HUMAN_OBSERVATION","Salix hookeriana"
"3097253178","Salix hookeriana",-124.121037,46.904872,2021,4,18,"US","HUMAN_OBSERVATION","Salix hookeriana"
"3097080147","Salix hookeriana",-124.120817,46.905193,2021,4,18,"US","HUMAN_OBSERVATION","Salix hookeriana"
"3097062219","Salix hookeriana",-124.161111,40.864536,2021,4,16,"US","HUMAN_OBSERVATION","Salix hookeriana"
"3109033147","Salix hookeriana",-124.059197,44.61665,2021,4,24,"US","HUMAN_OBSERVATION","Salix hookeriana"
"3112336054","Salix hookeriana",-123.287496,44.79133,2021,4,29,"US","HUMAN_OBSERVATION","Salix hookeriana"
"3112369037","Salix hookeriana",-123.390364,44.623606,2021,4,29,"US","HUMAN_OBSERVATION","Salix hookeriana"
"3112803641","Salix hookeriana",-124.10489,44.30601,2021,4,28,"US","HUMAN_OBSERVATION","Salix hookeriana"
"3112606535","Salix hookeriana",-124.043311,46.892861,2021,4,27,"US","HUMAN_OBSERVATION","Salix hookeriana"
"3112944581","Salix hookeriana",-124.152185,40.873324,2021,5,2,"US","HUMAN_OBSERVATION","Salix hookeriana"
"3113282999","Salix hookeriana",-124.452406,42.993904,2021,5,4,"US","HUMAN_OBSERVATION","Salix hookeriana"
"3301831824","Salix hookeriana",-124.203517,41.889925,2021,5,29,"US","HUMAN_OBSERVATION","Salix hookeriana"
"3384936858","Salix hookeriana",-123.25026,43.70295,2021,5,3,"US","HUMAN_OBSERVATION","Salix hookeriana"
"4018579429","Salix hookeriana",-122.779042,48.881988,2021,6,27,"US","HUMAN_OBSERVATION","Salix hookeriana"
"3456387856","Salix hookeriana",-124.011011,45.000842,2021,6,24,"US","HUMAN_OBSERVATION","Salix hookeriana"
"3988641388","Salix hookeriana",-124.073121,41.536039,2021,7,1,"US","HUMAN_OBSERVATION","Salix hookeriana"
"3468781496","Salix hookeriana",-124.188207,43.467123,2021,7,8,"US","HUMAN_OBSERVATION","Salix hookeriana"
"3330425064","Salix hookeriana",-124.012561,44.985978,2021,7,15,"US","HUMAN_OBSERVATION","Salix hookeriana"
"3456540871","Salix hookeriana",-123.983452,45.102286,2021,7,22,"US","HUMAN_OBSERVATION","Salix hookeriana"
"3333286872","Salix hookeriana",-123.9172,44.651734,2021,7,22,"US","HUMAN_OBSERVATION","Salix hookeriana"
"3333257113","Salix hookeriana",-124.114389,40.993834,2021,7,25,"US","HUMAN_OBSERVATION","Salix hookeriana"
"3333557401","Salix hookeriana",-124.063361,44.636342,2021,7,22,"US","HUMAN_OBSERVATION","Salix hookeriana"
"3456459630","Salix hookeriana",-123.953,45.157356,2021,7,26,"US","HUMAN_OBSERVATION","Salix hookeriana"
"3335359182","Salix hookeriana",-124.208463,40.685607,2021,8,2,"US","HUMAN_OBSERVATION","Salix hookeriana"
"3337968475","Salix hookeriana",-123.23824,44.605759,2021,8,10,"US","HUMAN_OBSERVATION","Salix hookeriana"
"3455292099","Salix hookeriana",-123.970615,45.460956,2021,8,12,"US","HUMAN_OBSERVATION","Salix hookeriana"
"3338096740","Salix hookeriana",-123.214442,44.695719,2021,8,14,"US","HUMAN_OBSERVATION","Salix hookeriana"
"3337974136","Salix hookeriana",-123.214442,44.695719,2021,8,14,"US","HUMAN_OBSERVATION","Salix hookeriana"
"3338051172","Salix hookeriana",-123.214442,44.695719,2021,8,14,"US","HUMAN_OBSERVATION","Salix hookeriana"
"3456382749","Salix hookeriana",-123.772942,39.529719,2021,8,12,"US","HUMAN_OBSERVATION","Salix hookeriana"
"3338106492","Salix hookeriana",-124.098934,46.791174,2021,8,18,"US","HUMAN_OBSERVATION","Salix hookeriana"
"3355553398","Salix hookeriana",-124.202386,47.206161,2021,8,9,"US","HUMAN_OBSERVATION","Salix hookeriana"
"3355601055","Salix hookeriana",-123.208622,44.702627,2021,8,31,"US","HUMAN_OBSERVATION","Salix hookeriana"
"3355605118","Salix hookeriana",-123.960722,45.847314,2021,9,5,"US","HUMAN_OBSERVATION","Salix hookeriana"
"3383990768","Salix hookeriana",-124.20545,47.209355,2021,9,12,"US","HUMAN_OBSERVATION","Salix hookeriana"
"3455664044","Salix hookeriana",-124.320196,43.365471,2021,9,23,"US","HUMAN_OBSERVATION","Salix hookeriana"
"3384157667","Salix hookeriana",-124.09015,40.858917,2021,9,28,"US","HUMAN_OBSERVATION","Salix hookeriana"
"3385035645","Salix hookeriana",-122.56522,43.80803,2021,9,25,"US","HUMAN_OBSERVATION","Salix hookeriana"
"3391667589","Salix hookeriana",-124.130325,43.974853,2021,10,5,"US","HUMAN_OBSERVATION","Salix hookeriana"
"3872941500","Salix hookeriana",-123.762642,39.5468,2021,11,19,"US","HUMAN_OBSERVATION","Salix hookeriana"
"3456887170","Salix hookeriana",-123.283399,44.542333,2021,12,8,"US","HUMAN_OBSERVATION","Salix hookeriana"
"3456031621","Salix hookeriana",-123.340673,44.486397,2021,12,10,"US","HUMAN_OBSERVATION","Salix hookeriana"
"3456160979","Salix hookeriana",-122.142695,47.608615,2021,12,13,"US","HUMAN_OBSERVATION","Salix hookeriana"
"2574278573","Salix hookeriana",-123.04789,44.38893,2020,2,8,"US","HUMAN_OBSERVATION","Salix hookeriana"
"2596081055","Salix hookeriana",-123.084222,45.503254,2020,3,8,"US","HUMAN_OBSERVATION","Salix hookeriana"
"3466038381","Salix hookeriana",-124.110909,44.223897,2020,3,9,"US","HUMAN_OBSERVATION","Salix hookeriana"
"2596078606","Salix hookeriana",-122.875536,45.555807,2020,3,23,"US","HUMAN_OBSERVATION","Salix hookeriana"
"2597738908","Salix hookeriana",-123.906093,46.000461,2020,3,31,"US","HUMAN_OBSERVATION","Salix hookeriana"
"4137603343","Salix hookeriana",-123.908029,46.000512,2020,4,7,"US","HUMAN_OBSERVATION","Salix hookeriana"
"2603378804","Salix hookeriana",-123.797208,46.195091,2020,4,12,"US","HUMAN_OBSERVATION","Salix hookeriana"
"2611068486","Salix hookeriana",-123.08258,44.769512,2020,4,14,"US","HUMAN_OBSERVATION","Salix hookeriana"
"2611149569","Salix hookeriana",-123.030311,43.794522,2020,4,26,"US","HUMAN_OBSERVATION","Salix hookeriana"
"2611003677","Salix hookeriana",-123.076634,44.010913,2020,4,27,"US","HUMAN_OBSERVATION","Salix hookeriana"
"2611121787","Salix hookeriana",-122.762559,48.138101,2020,4,29,"US","HUMAN_OBSERVATION","Salix hookeriana"
"2619893934","Salix hookeriana",-123.133242,44.669752,2020,4,30,"US","HUMAN_OBSERVATION","Salix hookeriana"
"2633957194","Salix hookeriana",-123.65225,46.94352,2020,5,10,"US","HUMAN_OBSERVATION","Salix hookeriana"
"2641349738","Salix hookeriana",-124.164033,47.035022,2020,6,5,"US","HUMAN_OBSERVATION","Salix hookeriana"
"2851010672","Salix hookeriana",-123.979583,45.111753,2020,6,26,"US","HUMAN_OBSERVATION","Salix hookeriana"
"2856630238","Salix hookeriana",-124.090052,40.856954,2020,8,25,"US","HUMAN_OBSERVATION","Salix hookeriana"
"2873781490","Salix hookeriana",-123.772247,39.529125,2020,8,28,"US","HUMAN_OBSERVATION","Salix hookeriana"
"2868194549","Salix hookeriana",-124.194916,47.175453,2020,9,5,"US","HUMAN_OBSERVATION","Salix hookeriana"
"2868340634","Salix hookeriana",-124.044169,46.892778,2020,9,17,"US","HUMAN_OBSERVATION","Salix hookeriana"
"2868395448","Salix hookeriana",-123.207892,44.427872,2020,9,20,"US","HUMAN_OBSERVATION","Salix hookeriana"
"2898487929","Salix hookeriana",-124.150994,43.872532,2020,9,6,"US","HUMAN_OBSERVATION","Salix hookeriana"
"3455546749","Salix hookeriana",-124.191841,43.377072,2020,10,12,"US","HUMAN_OBSERVATION","Salix hookeriana"
"2992834548","Salix hookeriana",-123.085572,44.776947,2020,10,18,"US","HUMAN_OBSERVATION","Salix hookeriana"
"2901703951","Salix hookeriana",-123.0773,44.772562,2020,10,18,"US","HUMAN_OBSERVATION","Salix hookeriana"
"2901600003","Salix hookeriana",-124.12325,44.068548,2020,10,15,"US","HUMAN_OBSERVATION","Salix hookeriana"
"2980979998","Salix hookeriana",-124.031792,46.307367,2020,11,1,"US","HUMAN_OBSERVATION","Salix hookeriana"
"2012956510","Salix hookeriana",-123.93925,46.101978,2019,2,26,"US","HUMAN_OBSERVATION","Salix hookeriana"
"2265783750","Salix hookeriana",-123.083053,44.0564,2019,3,21,"US","HUMAN_OBSERVATION","Salix hookeriana"
"2265783734","Salix hookeriana",-123.083047,44.056728,2019,3,21,"US","HUMAN_OBSERVATION","Salix hookeriana"
"2234798232","Salix hookeriana",-124.103508,44.325705,2019,3,26,"US","HUMAN_OBSERVATION","Salix hookeriana"
"2244210108","Salix hookeriana",-122.500469,47.618122,2019,4,24,"US","HUMAN_OBSERVATION","Salix hookeriana"
"2238823490","Salix hookeriana",-122.404373,47.694687,2019,4,26,"US","HUMAN_OBSERVATION","Salix hookeriana"
"2366015604","Salix hookeriana",-122.997169,44.02611,2019,4,28,"US","HUMAN_OBSERVATION","Salix hookeriana"
"2429204838","Salix hookeriana",-124.123719,44.135772,2019,5,12,"US","HUMAN_OBSERVATION","Salix hookeriana"
"2265802078","Salix hookeriana",-124.060364,44.745262,2019,5,27,"US","HUMAN_OBSERVATION","Salix hookeriana"
"3988482318","Salix hookeriana",-124.079956,41.511861,2019,5,13,"US","HUMAN_OBSERVATION","Salix hookeriana"
"3961400616","Salix hookeriana",-124.253354,42.240931,2019,6,3,"US","HUMAN_OBSERVATION","Salix hookeriana"
"2269273736","Salix hookeriana",-123.063008,44.05139,2019,6,15,"US","HUMAN_OBSERVATION","Salix hookeriana"
"3988517312","Salix hookeriana",-124.201378,41.745866,2019,6,29,"US","HUMAN_OBSERVATION","Salix hookeriana"
"3988454318","Salix hookeriana",-124.180179,41.746932,2019,6,29,"US","HUMAN_OBSERVATION","Salix hookeriana"
"2294444518","Salix hookeriana",-122.578905,48.831896,2019,6,24,"US","HUMAN_OBSERVATION","Salix hookeriana"
"2294465372","Salix hookeriana",-124.116331,44.160861,2019,7,7,"US","HUMAN_OBSERVATION","Salix hookeriana"
"2540880680","Salix hookeriana",-123.348906,44.543108,2019,7,5,"US","HUMAN_OBSERVATION","Salix hookeriana"
"2331868359","Salix hookeriana",-123.876849,46.123067,2019,8,2,"US","HUMAN_OBSERVATION","Salix hookeriana"
"2331872228","Salix hookeriana",-124.080584,44.464509,2019,8,2,"US","HUMAN_OBSERVATION","Salix hookeriana"
"2331871526","Salix hookeriana",-124.073841,44.54531,2019,8,2,"US","HUMAN_OBSERVATION","Salix hookeriana"
"2350422862","Salix hookeriana",-124.07953,44.47598,2019,8,12,"US","HUMAN_OBSERVATION","Salix hookeriana"
"2350427186","Salix hookeriana",-124.08103,44.46461,2019,8,12,"US","HUMAN_OBSERVATION","Salix hookeriana"
"4018303338","Salix hookeriana",-123.765141,39.548879,2019,8,3,"US","HUMAN_OBSERVATION","Salix hookeriana"
"2429245974","Salix hookeriana",-123.251821,44.551133,2019,9,11,"US","HUMAN_OBSERVATION","Salix hookeriana"
"2423205917","Salix hookeriana",-123.058824,44.591789,2019,9,22,"US","HUMAN_OBSERVATION","Salix hookeriana"
"2423217174","Salix hookeriana",-123.30385,44.548651,2019,9,23,"US","HUMAN_OBSERVATION","Salix hookeriana"
"2429309891","Salix hookeriana",-124.009626,44.970345,2019,9,27,"US","HUMAN_OBSERVATION","Salix hookeriana"
"3466224381","Salix hookeriana",-124.34838,43.3439,2019,10,6,"US","HUMAN_OBSERVATION","Salix hookeriana"
"2573834308","Salix hookeriana",-124.056571,44.658458,2019,11,22,"US","HUMAN_OBSERVATION","Salix hookeriana"
"2573912308","Salix hookeriana",-124.062781,44.640871,2019,11,22,"US","HUMAN_OBSERVATION","Salix hookeriana"
"3988578317","Salix hookeriana",-124.204838,41.947552,2019,12,10,"US","HUMAN_OBSERVATION","Salix hookeriana"
"2573909415","Salix hookeriana",-124.011734,44.986202,2019,12,14,"US","HUMAN_OBSERVATION","Salix hookeriana"
"1807317367","Salix hookeriana",-122.678875,48.025307,2018,2,5,"US","HUMAN_OBSERVATION","Salix hookeriana"
"1836654110","Salix hookeriana",-124.005992,46.224768,2018,3,16,"US","HUMAN_OBSERVATION","Salix hookeriana"
"1836655211","Salix hookeriana",-124.068387,46.306042,2018,3,17,"US","HUMAN_OBSERVATION","Salix hookeriana"
"1836667253","Salix hookeriana",-123.934708,45.699909,2018,3,21,"US","HUMAN_OBSERVATION","Salix hookeriana"
"3321210301","Salix hookeriana",-124.10352,44.325847,2018,3,31,"US","HUMAN_OBSERVATION","Salix hookeriana"
"1847548341","Salix hookeriana",-124.086014,41.813438,2018,5,17,"US","HUMAN_OBSERVATION","Salix hookeriana"
"1848760247","Salix hookeriana",-124.055328,44.65805,2018,5,27,"US","HUMAN_OBSERVATION","Salix hookeriana"
"1880523237","Salix hookeriana",-123.843564,45.768724,2018,6,19,"US","HUMAN_OBSERVATION","Salix hookeriana"
"2350300408","Salix hookeriana",-122.67878,45.668659,2018,7,4,"US","HUMAN_OBSERVATION","Salix hookeriana"
"1945427692","Salix hookeriana",-123.965508,46.178671,2018,7,25,"US","HUMAN_OBSERVATION","Salix hookeriana"
"2988305132","Salix hookeriana",-123.979065,45.113941,2018,7,29,"US","HUMAN_OBSERVATION","Salix hookeriana"
"3974122677","Salix hookeriana",-149.4737,68.13002,2018,7,12,"US","MATERIAL_SAMPLE","Salix hookeriana"
"3975805414","Salix hookeriana",-149.4737,68.13002,2018,7,12,"US","MATERIAL_SAMPLE","Salix hookeriana"
"3975714534","Salix hookeriana",-149.4737,68.13002,2018,7,12,"US","MATERIAL_SAMPLE","Salix hookeriana"
"3972373677","Salix hookeriana",-149.4737,68.13002,2018,7,12,"US","MATERIAL_SAMPLE","Salix hookeriana"
"3977438539","Salix hookeriana",-149.4737,68.13002,2018,7,12,"US","MATERIAL_SAMPLE","Salix hookeriana"
"3972282387","Salix hookeriana",-149.4737,68.13002,2018,7,12,"US","MATERIAL_SAMPLE","Salix hookeriana"
"3975965468","Salix hookeriana",-149.4737,68.13002,2018,7,12,"US","MATERIAL_SAMPLE","Salix hookeriana"
"3977456561","Salix hookeriana",-149.4737,68.13002,2018,7,12,"US","MATERIAL_SAMPLE","Salix hookeriana"
"3973982625","Salix hookeriana",-149.4737,68.13002,2018,7,12,"US","MATERIAL_SAMPLE","Salix hookeriana"
"3977458669","Salix hookeriana",-149.4737,68.13002,2018,7,12,"US","MATERIAL_SAMPLE","Salix hookeriana"
"3975840624","Salix hookeriana",-149.4737,68.13002,2018,7,12,"US","MATERIAL_SAMPLE","Salix hookeriana"
"3974039586","Salix hookeriana",-149.4737,68.13002,2018,7,12,"US","MATERIAL_SAMPLE","Salix hookeriana"
"3972296540","Salix hookeriana",-149.4737,68.13002,2018,7,12,"US","MATERIAL_SAMPLE","Salix hookeriana"
"3972249301","Salix hookeriana",-149.4737,68.13002,2018,7,12,"US","MATERIAL_SAMPLE","Salix hookeriana"
"3972239300","Salix hookeriana",-149.4737,68.13002,2018,7,12,"US","MATERIAL_SAMPLE","Salix hookeriana"
"3975751045","Salix hookeriana",-149.4737,68.13002,2018,7,12,"US","MATERIAL_SAMPLE","Salix hookeriana"
"3975788179","Salix hookeriana",-145.47218,62.63669,2018,7,14,"US","MATERIAL_SAMPLE","Salix hookeriana"
"3975805415","Salix hookeriana",-145.47218,62.63669,2018,7,14,"US","MATERIAL_SAMPLE","Salix hookeriana"
"3972373678","Salix hookeriana",-145.47218,62.63669,2018,7,14,"US","MATERIAL_SAMPLE","Salix hookeriana"
"3972282388","Salix hookeriana",-145.47218,62.63669,2018,7,14,"US","MATERIAL_SAMPLE","Salix hookeriana"
"2265779960","Salix hookeriana",-123.254853,44.604354,2018,8,3,"US","HUMAN_OBSERVATION","Salix hookeriana"
"1986605151","Salix hookeriana",-124.072941,44.521309,2018,8,13,"US","HUMAN_OBSERVATION","Salix hookeriana"
"2242742785","Salix hookeriana",-122.88312,48.569362,2018,9,17,"US","HUMAN_OBSERVATION","Salix hookeriana"
"3301948305","Salix hookeriana",-123.805567,46.19422,2017,2,17,"US","HUMAN_OBSERVATION","Salix hookeriana"
"1837096669","Salix hookeriana",-124.084677,40.883364,2017,2,28,"US","HUMAN_OBSERVATION","Salix hookeriana"
"1453512034","Salix hookeriana",-123.877059,46.121078,2017,3,15,"US","HUMAN_OBSERVATION","Salix hookeriana"
"1500225464","Salix hookeriana",-124.060508,46.327462,2017,3,18,"US","HUMAN_OBSERVATION","Salix hookeriana"
"2422823309","Salix hookeriana",-123.20491,44.703405,2017,4,10,"US","HUMAN_OBSERVATION","Salix hookeriana"
"3031657379","Salix hookeriana",-123.794106,39.490186,2017,5,31,"US","HUMAN_OBSERVATION","Salix hookeriana"
"1986602899","Salix hookeriana",-124.063,44.640237,2017,5,6,"US","HUMAN_OBSERVATION","Salix hookeriana"
"1580485886","Salix hookeriana",-124.047133,44.515675,2017,5,6,"US","HUMAN_OBSERVATION","Salix hookeriana"
"1562979029","Salix hookeriana",-124.009895,46.268546,2017,5,22,"US","HUMAN_OBSERVATION","Salix hookeriana"
"4018173757","Salix hookeriana",-124.169197,47.032342,2017,7,8,"US","HUMAN_OBSERVATION","Salix hookeriana"
"1584404253","Salix hookeriana",-124.047128,44.515612,2017,7,3,"US","HUMAN_OBSERVATION","Salix hookeriana"
"1703132681","Salix hookeriana",-124.073303,44.521478,2017,7,3,"US","HUMAN_OBSERVATION","Salix hookeriana"
"1586129274","Salix hookeriana",-123.970165,45.460375,2017,8,2,"US","HUMAN_OBSERVATION","Salix hookeriana"
"1586150560","Salix hookeriana",-123.949762,45.532748,2017,8,7,"US","HUMAN_OBSERVATION","Salix hookeriana"
"1265894624","Salix hookeriana",-123.922904,45.980632,2016,4,19,"US","HUMAN_OBSERVATION","Salix hookeriana"
"1269578602","Salix hookeriana",-123.876493,46.121143,2016,5,21,"US","HUMAN_OBSERVATION","Salix hookeriana"
"1269583186","Salix hookeriana",-124.058454,46.281671,2016,5,24,"US","HUMAN_OBSERVATION","Salix hookeriana"
"1273857931","Salix hookeriana",-123.919821,45.708434,2016,5,25,"US","HUMAN_OBSERVATION","Salix hookeriana"
"1986605145","Salix hookeriana",-122.188044,47.588497,2016,7,3,"US","HUMAN_OBSERVATION","Salix hookeriana"
"1291114899","Salix hookeriana",-124.04368,46.607359,2016,7,8,"US","HUMAN_OBSERVATION","Salix hookeriana"
"1291115953","Salix hookeriana",-123.77657,46.198937,2016,7,6,"US","HUMAN_OBSERVATION","Salix hookeriana"
"1291160209","Salix hookeriana",-123.933409,46.413732,2016,8,1,"US","HUMAN_OBSERVATION","Salix hookeriana"
"1305150266","Salix hookeriana",-124.047552,44.516209,2016,8,17,"US","HUMAN_OBSERVATION","Salix hookeriana"
"3975876226","Salix hookeriana",-120.0728,39.7856,2016,8,6,"US","MATERIAL_SAMPLE","Salix hookeriana"
"3974042387","Salix hookeriana",-120.0728,39.7856,2016,8,6,"US","MATERIAL_SAMPLE","Salix hookeriana"
"3972255606","Salix hookeriana",-120.0728,39.7856,2016,8,6,"US","MATERIAL_SAMPLE","Salix hookeriana"
"3975993284","Salix hookeriana",-120.0728,39.7856,2016,8,6,"US","MATERIAL_SAMPLE","Salix hookeriana"
"3972239298","Salix hookeriana",-120.0728,39.7856,2016,8,6,"US","MATERIAL_SAMPLE","Salix hookeriana"
"3972299915","Salix hookeriana",-120.0728,39.7856,2016,8,6,"US","MATERIAL_SAMPLE","Salix hookeriana"
"3974122674","Salix hookeriana",-120.0728,39.7856,2016,8,6,"US","MATERIAL_SAMPLE","Salix hookeriana"
"3972373676","Salix hookeriana",-120.0728,39.7856,2016,8,6,"US","MATERIAL_SAMPLE","Salix hookeriana"
"3975965466","Salix hookeriana",-120.0728,39.7856,2016,8,6,"US","MATERIAL_SAMPLE","Salix hookeriana"
"3975840622","Salix hookeriana",-120.0728,39.7856,2016,8,6,"US","MATERIAL_SAMPLE","Salix hookeriana"
"3974178701","Salix hookeriana",-120.0728,39.7856,2016,8,6,"US","MATERIAL_SAMPLE","Salix hookeriana"
"3977282719","Salix hookeriana",-120.0728,39.7856,2016,8,6,"US","MATERIAL_SAMPLE","Salix hookeriana"
"3975851753","Salix hookeriana",-120.0728,39.7856,2016,8,6,"US","MATERIAL_SAMPLE","Salix hookeriana"
"3972322399","Salix hookeriana",-120.0728,39.7856,2016,8,6,"US","MATERIAL_SAMPLE","Salix hookeriana"
"2429445214","Salix hookeriana",-123.979805,45.111081,2016,9,6,"US","HUMAN_OBSERVATION","Salix hookeriana"
"1323011341","Salix hookeriana",-149.051842,60.845017,2016,9,23,"US","HUMAN_OBSERVATION","Salix hookeriana"
"1986602805","Salix hookeriana",-124.051708,44.838888,2015,3,26,"US","HUMAN_OBSERVATION","Salix hookeriana"
"1986602999","Salix hookeriana",-123.23833,44.60737,2015,10,22,"US","HUMAN_OBSERVATION","Salix hookeriana"
"3455598532","Salix hookeriana",-124.066194,44.602154,2014,4,4,"US","HUMAN_OBSERVATION","Salix hookeriana"
"1986602976","Salix hookeriana",-123.254858,44.581594,2014,5,28,"US","HUMAN_OBSERVATION","Salix hookeriana"
"1052602205","Salix hookeriana",-121.7327,46.76958,2014,7,25,"US","HUMAN_OBSERVATION","Salix hookeriana"
"1052602214","Salix hookeriana",-121.7175,46.76778,2014,7,24,"US","HUMAN_OBSERVATION","Salix hookeriana"
"1935634555","Salix hookeriana",-124.087132,44.396731,2013,4,4,"US","HUMAN_OBSERVATION","Salix hookeriana"
"1986605386","Salix hookeriana",-122.43454,47.661772,2013,8,6,"US","HUMAN_OBSERVATION","Salix hookeriana"
"1986603052","Salix hookeriana",-124.060822,44.614116,2012,10,18,"US","HUMAN_OBSERVATION","Salix hookeriana"
"4042734323","Salix hookeriana",-124.12,44.27,2010,4,29,"US","PRESERVED_SPECIMEN","Salix hookeriana"
"4042737411","Salix hookeriana",-124.12,44.27,2010,4,29,"US","PRESERVED_SPECIMEN","Salix hookeriana"
"4042776298","Salix hookeriana",-123.06,44.39,2007,4,17,"US","PRESERVED_SPECIMEN","Salix hookeriana"
"2251332130","Salix hookeriana",-123.983,44.958,2007,6,18,"US","MATERIAL_SAMPLE","Salix hookeriana"
"4042753893","Salix hookeriana",-123.61,42.31,2006,4,19,"US","PRESERVED_SPECIMEN","Salix hookeriana"
"441831551","Salix hookeriana",-123.024067,48.598367,2006,5,30,"US","PRESERVED_SPECIMEN","Salix hookeriana"
"441831535","Salix hookeriana",-122.343056,48.333611,2004,3,28,"US","PRESERVED_SPECIMEN","Salix hookeriana"
"441831536","Salix hookeriana",-122.465833,48.451111,2004,4,2,"US","PRESERVED_SPECIMEN","Salix hookeriana"
"441832507","Salix hookeriana",-123.166667,44.038333,2003,3,31,"US","PRESERVED_SPECIMEN","Salix hookeriana"
"441832508","Salix hookeriana",-123.238333,44.606667,2003,3,31,"US","PRESERVED_SPECIMEN","Salix hookeriana"
"441832509","Salix hookeriana",-123.238333,44.606667,2003,3,31,"US","PRESERVED_SPECIMEN","Salix hookeriana"
"441832510","Salix hookeriana",-123.166667,44.038333,2003,3,31,"US","PRESERVED_SPECIMEN","Salix hookeriana"
"4073832487","Salix hookeriana",-123.238333,44.606667,2003,4,27,"US","PRESERVED_SPECIMEN","Salix hookeriana"
"441830811","Salix hookeriana",-122.684111,48.85575,2003,4,19,"US","PRESERVED_SPECIMEN","Salix hookeriana"
"441831605","Salix hookeriana",-122.185,48.023333,2003,4,3,"US","PRESERVED_SPECIMEN","Salix hookeriana"
"441831606","Salix hookeriana",-122.151667,48.231667,2003,4,3,"US","PRESERVED_SPECIMEN","Salix hookeriana"
"441831607","Salix hookeriana",-122.185,48.023333,2003,4,3,"US","PRESERVED_SPECIMEN","Salix hookeriana"
"441831609","Salix hookeriana",-122.151667,48.231667,2003,4,3,"US","PRESERVED_SPECIMEN","Salix hookeriana"
"441831613","Salix hookeriana",-123.485,46.543333,2003,4,23,"US","PRESERVED_SPECIMEN","Salix hookeriana"
"4073841045","Salix hookeriana",-123.166667,44.038333,2003,4,27,"US","PRESERVED_SPECIMEN","Salix hookeriana"
"4073786415","Salix hookeriana",-123.166667,44.038333,2003,4,27,"US","PRESERVED_SPECIMEN","Salix hookeriana"
"4073903664","Salix hookeriana",-123.262044,44.564566,2003,4,27,"US","PRESERVED_SPECIMEN","Salix hookeriana"
"441830827","Salix hookeriana",-121.578056,47.295,2002,8,3,"US","PRESERVED_SPECIMEN","Salix hookeriana"
"441831614","Salix hookeriana",-124.215,47.24,2002,8,27,"US","PRESERVED_SPECIMEN","Salix hookeriana"
"1146341111","Salix hookeriana",-148.98,60.85,2001,6,23,"US","PRESERVED_SPECIMEN","Salix hookeriana"
"1146341091","Salix hookeriana",-148.98,60.85,2001,6,23,"US","PRESERVED_SPECIMEN","Salix hookeriana"
"1146341077","Salix hookeriana",-148.98,60.85,2001,6,23,"US","PRESERVED_SPECIMEN","Salix hookeriana"
"1146342486","Salix hookeriana",-149,60.83,2001,6,28,"US","PRESERVED_SPECIMEN","Salix hookeriana"
"441831568","Salix hookeriana",-123.00528,48.53528,2000,5,26,"US","PRESERVED_SPECIMEN","Salix hookeriana"
"4070166866","Salix hookeriana",-122.000257,45.554335,2000,6,6,"US","PRESERVED_SPECIMEN","Salix hookeriana"
"441831588","Salix hookeriana",-124.033889,46.323889,1999,8,31,"US","PRESERVED_SPECIMEN","Salix hookeriana"
"4070165313","Salix hookeriana",-122.77874,45.4407,1993,6,29,"US","PRESERVED_SPECIMEN","Salix hookeriana"
"4070160077","Salix hookeriana",-122.78801,45.44567,1993,6,23,"US","PRESERVED_SPECIMEN","Salix hookeriana"
"4070162299","Salix hookeriana",-122.78803,45.445309,1993,6,21,"US","PRESERVED_SPECIMEN","Salix hookeriana"
"441831030","Salix hookeriana",-122.875,46.941667,1992,5,22,"US","PRESERVED_SPECIMEN","Salix hookeriana"
"4069797256","Salix hookeriana",-122.75194,47,1992,6,20,"US","PRESERVED_SPECIMEN","Salix hookeriana"
"441830762","Salix hookeriana",-122.751944,47,1992,6,20,"US","PRESERVED_SPECIMEN","Salix hookeriana"
"441830757","Salix hookeriana",-124.070833,46.308333,1992,9,12,"US","PRESERVED_SPECIMEN","Salix hookeriana"
"1146338940","Salix hookeriana",-139.56,59.5,1991,6,28,"US","PRESERVED_SPECIMEN","Salix hookeriana"
"441830966","Salix hookeriana",-122.36944,48.24139,1988,3,31,"US","PRESERVED_SPECIMEN","Salix hookeriana"
"441831530","Salix hookeriana",-122.14083,48.42528,1988,5,30,"US","PRESERVED_SPECIMEN","Salix hookeriana"
"4073047120","Salix hookeriana",-124.116667,43.966667,1986,6,22,"US","PRESERVED_SPECIMEN","Salix hookeriana"
"2618325478","Salix hookeriana",-123.41172,45.30997,1985,4,12,"US","PRESERVED_SPECIMEN","Salix hookeriana"
"4404882005","Salix hookeriana",-123.22486,44.75978,1984,3,16,"US","PRESERVED_SPECIMEN","Salix hookeriana"
"4404882027","Salix hookeriana",-123.22486,44.75978,1984,3,16,"US","PRESERVED_SPECIMEN","Salix hookeriana"
"4069715271","Salix hookeriana",-123.20611,44.74306,1984,3,16,"US","PRESERVED_SPECIMEN","Salix hookeriana"
"4404881962","Salix hookeriana",-123.22486,44.75978,1984,4,13,"US","PRESERVED_SPECIMEN","Salix hookeriana"
"1927898550","Salix hookeriana",-123.2411,44.5973,1980,4,13,"US","PRESERVED_SPECIMEN","Salix hookeriana"
"4069831771","Salix hookeriana",-122.53833,45.94861,1980,4,13,"US","PRESERVED_SPECIMEN","Salix hookeriana"
"1929354758","Salix hookeriana",-123.2411,44.5973,1980,4,13,"US","PRESERVED_SPECIMEN","Salix hookeriana"
"3320742822","Salix hookeriana",-123.979333,41.735417,1979,7,24,"US","PRESERVED_SPECIMEN","Salix hookeriana"
"3320742865","Salix hookeriana",-123.979333,41.735417,1979,7,24,"US","PRESERVED_SPECIMEN","Salix hookeriana"
"3320742912","Salix hookeriana",-123.979333,41.735417,1979,7,24,"US","PRESERVED_SPECIMEN","Salix hookeriana"
"3320742918","Salix hookeriana",-123.979333,41.735417,1979,7,24,"US","PRESERVED_SPECIMEN","Salix hookeriana"
"3320747498","Salix hookeriana",-123.783333,39.3,1976,8,30,"US","PRESERVED_SPECIMEN","Salix hookeriana"
"3320747459","Salix hookeriana",-123.783333,39.3,1976,8,30,"US","PRESERVED_SPECIMEN","Salix hookeriana"
"3320747636","Salix hookeriana",-123.783333,39.3,1976,8,30,"US","PRESERVED_SPECIMEN","Salix hookeriana"
"3320747643","Salix hookeriana",-123.783333,39.3,1976,8,30,"US","PRESERVED_SPECIMEN","Salix hookeriana"
"441831520","Salix hookeriana",-123.08472,48.54111,1975,2,22,"US","PRESERVED_SPECIMEN","Salix hookeriana"
"441830761","Salix hookeriana",-123.08472,48.54111,1974,8,1,"US","PRESERVED_SPECIMEN","Salix hookeriana"
"2418002664","Salix hookeriana",-124.113889,41,1971,4,7,"US","PRESERVED_SPECIMEN","Salix hookeriana"
"4073452586","Salix hookeriana",-120.44655,44.45573,1969,6,7,"US","PRESERVED_SPECIMEN","Salix hookeriana"
"4073453981","Salix hookeriana",-122.54925,45.47951,1967,4,30,"US","PRESERVED_SPECIMEN","Salix hookeriana"
"2273436444","Salix hookeriana",-124.205844,40.787592,1966,5,1,"US","PRESERVED_SPECIMEN","Salix hookeriana"
"4069713846","Salix hookeriana",-121.82417,47.52889,1965,4,29,"US","PRESERVED_SPECIMEN","Salix hookeriana"
"1146351827","Salix hookeriana",-139.15,59.28,1965,6,11,"US","PRESERVED_SPECIMEN","Salix hookeriana"
"1146352084","Salix hookeriana",-138.5,59.26,1965,6,10,"US","PRESERVED_SPECIMEN","Salix hookeriana"
"1146352075","Salix hookeriana",-139.73,59.55,1961,5,17,"US","PRESERVED_SPECIMEN","Salix hookeriana"
"1993700261","Salix hookeriana",-124.064,43.889,1959,2,8,"US","PRESERVED_SPECIMEN","Salix hookeriana"
"4081329752","Salix hookeriana",-124.142833,41.928192,1959,3,1,"US","PRESERVED_SPECIMEN","Salix hookeriana"
"441830753","Salix hookeriana",-122.32917,47.66972,1941,4,20,"US","PRESERVED_SPECIMEN","Salix hookeriana"
"4069805026","Salix hookeriana",-122.28833,47.63361,1940,5,8,"US","PRESERVED_SPECIMEN","Salix hookeriana"
"4069703937","Salix hookeriana",-122.33083,47.60639,1940,5,6,"US","PRESERVED_SPECIMEN","Salix hookeriana"
"441831529","Salix hookeriana",-122.40611,48.96444,1939,4,21,"US","PRESERVED_SPECIMEN","Salix hookeriana"
"441830763","Salix hookeriana",-122.57917,48.78722,1939,5,2,"US","PRESERVED_SPECIMEN","Salix hookeriana"
"441830751","Salix hookeriana",-122.49111,48.14389,1938,5,15,"US","PRESERVED_SPECIMEN","Salix hookeriana"
"441830749","Salix hookeriana",-124.63528,47.90889,1938,6,NA,"US","PRESERVED_SPECIMEN","Salix hookeriana"
"441831032","Salix hookeriana",-123.005646,47.038011,1937,4,3,"US","PRESERVED_SPECIMEN","Salix hookeriana"
"4069686483","Salix hookeriana",-122.96278,46.66222,1935,4,27,"US","PRESERVED_SPECIMEN","Salix hookeriana"
"441830755","Salix hookeriana",-122.96278,46.66222,1935,4,27,"US","PRESERVED_SPECIMEN","Salix hookeriana"
"441831036","Salix hookeriana",-122.96278,46.66222,1935,4,27,"US","PRESERVED_SPECIMEN","Salix hookeriana"
"441831046","Salix hookeriana",-122.96278,46.66222,1935,4,27,"US","PRESERVED_SPECIMEN","Salix hookeriana"
"441831047","Salix hookeriana",-122.96278,46.66222,1935,4,27,"US","PRESERVED_SPECIMEN","Salix hookeriana"
"4070139358","Salix hookeriana",-122.969229,46.663344,1935,4,27,"US","PRESERVED_SPECIMEN","Salix hookeriana"
"441830750","Salix hookeriana",-124.21167,47.23639,1935,5,11,"US","PRESERVED_SPECIMEN","Salix hookeriana"
"441830992","Salix hookeriana",-123.60139,46.98139,1935,5,11,"US","PRESERVED_SPECIMEN","Salix hookeriana"
"4069728605","Salix hookeriana",-123.60139,46.98139,1935,9,5,"US","PRESERVED_SPECIMEN","Salix hookeriana"
"441831043","Salix hookeriana",-123.60139,46.98139,1935,9,5,"US","PRESERVED_SPECIMEN","Salix hookeriana"
"441831002","Salix hookeriana",-122.778497,46.460887,1934,4,7,"US","PRESERVED_SPECIMEN","Salix hookeriana"
"441831005","Salix hookeriana",-122.778497,46.460887,1934,4,7,"US","PRESERVED_SPECIMEN","Salix hookeriana"
"441831888","Salix hookeriana",-122.778497,46.460887,1934,4,7,"US","PRESERVED_SPECIMEN","Salix hookeriana"
"441831010","Salix hookeriana",-122.49111,48.14389,1934,6,2,"US","PRESERVED_SPECIMEN","Salix hookeriana"
"1099091888","Salix hookeriana",-123.150002,40.200001,1934,9,NA,"US","PRESERVED_SPECIMEN","Salix hookeriana"
"1099091873","Salix hookeriana",-124.099998,41.216667,1934,10,21,"US","PRESERVED_SPECIMEN","Salix hookeriana"
"441830981","Salix hookeriana",-122.088885,47.901249,1933,4,19,"US","PRESERVED_SPECIMEN","Salix hookeriana"
"441830964","Salix hookeriana",-124.16472,47.07111,1933,6,23,"US","PRESERVED_SPECIMEN","Salix hookeriana"
"1057450791","Salix hookeriana",-112.49151,45.695576,1932,4,3,"US","PRESERVED_SPECIMEN","Salix hookeriana"
"1056968697","Salix hookeriana",-112.49151,45.695576,1932,4,7,"US","PRESERVED_SPECIMEN","Salix hookeriana"
"1056118837","Salix hookeriana",-112.49151,45.695576,1932,4,10,"US","PRESERVED_SPECIMEN","Salix hookeriana"
"1262198124","Salix hookeriana",-124.136539,41.880093,1932,4,15,"US","PRESERVED_SPECIMEN","Salix hookeriana"
"1426229360","Salix hookeriana",-124.1373,41.8807,1932,4,15,"US","PRESERVED_SPECIMEN","Salix hookeriana"
"1262198033","Salix hookeriana",-124.117462,40.535163,1932,5,12,"US","PRESERVED_SPECIMEN","Salix hookeriana"
"2618310498","Salix hookeriana",-124.136539,41.880093,1932,5,15,"US","PRESERVED_SPECIMEN","Salix hookeriana"
"2618306478","Salix hookeriana",-124.117462,40.535163,1932,5,12,"US","PRESERVED_SPECIMEN","Salix hookeriana"
"2618322496","Salix hookeriana",-124.136539,41.880093,1932,5,15,"US","PRESERVED_SPECIMEN","Salix hookeriana"
"2618325479","Salix hookeriana",-124.009578,40.886744,1932,5,13,"US","PRESERVED_SPECIMEN","Salix hookeriana"
"1055363182","Salix hookeriana",-112.49151,45.695576,1932,5,11,"US","PRESERVED_SPECIMEN","Salix hookeriana"
"1262198099","Salix hookeriana",-124.136539,41.880093,1932,5,15,"US","PRESERVED_SPECIMEN","Salix hookeriana"
"1426229422","Salix hookeriana",-124.1137,40.5457,1932,5,12,"US","PRESERVED_SPECIMEN","Salix hookeriana"
"1426229388","Salix hookeriana",-124.1137,40.5457,1932,5,12,"US","PRESERVED_SPECIMEN","Salix hookeriana"
"1426229366","Salix hookeriana",-124.0649,40.913,1932,5,13,"US","PRESERVED_SPECIMEN","Salix hookeriana"
"1426229398","Salix hookeriana",-124.0649,40.913,1932,5,13,"US","PRESERVED_SPECIMEN","Salix hookeriana"
"1262198082","Salix hookeriana",-123.805294,39.346705,1931,5,10,"US","PRESERVED_SPECIMEN","Salix hookeriana"
"1262198140","Salix hookeriana",-123.805294,39.346705,1931,5,10,"US","PRESERVED_SPECIMEN","Salix hookeriana"
"1057366013","Salix hookeriana",-112.49151,45.695576,1931,5,10,"US","PRESERVED_SPECIMEN","Salix hookeriana"
"1056383553","Salix hookeriana",-112.49151,45.695576,1931,5,10,"US","PRESERVED_SPECIMEN","Salix hookeriana"
"1055794211","Salix hookeriana",-112.49151,45.695576,1931,5,28,"US","PRESERVED_SPECIMEN","Salix hookeriana"
"1055777154","Salix hookeriana",-112.49151,45.695576,1931,5,10,"US","PRESERVED_SPECIMEN","Salix hookeriana"
"1057268754","Salix hookeriana",-112.49151,45.695576,1931,5,28,"US","PRESERVED_SPECIMEN","Salix hookeriana"
"1056002787","Salix hookeriana",-112.49151,45.695576,1931,5,10,"US","PRESERVED_SPECIMEN","Salix hookeriana"
"1056962332","Salix hookeriana",-112.49151,45.695576,1931,5,12,"US","PRESERVED_SPECIMEN","Salix hookeriana"
"1055634915","Salix hookeriana",-112.49151,45.695576,1931,5,12,"US","PRESERVED_SPECIMEN","Salix hookeriana"
"1057617423","Salix hookeriana",-112.49151,45.695576,1931,5,10,"US","PRESERVED_SPECIMEN","Salix hookeriana"
"1056816909","Salix hookeriana",-112.49151,45.695576,1931,5,10,"US","PRESERVED_SPECIMEN","Salix hookeriana"
"1056486223","Salix hookeriana",-112.49151,45.695576,1931,8,NA,"US","PRESERVED_SPECIMEN","Salix hookeriana"
"1262198074","Salix hookeriana",-123.960168,40.473002,1931,8,9,"US","PRESERVED_SPECIMEN","Salix hookeriana"
"1055586152","Salix hookeriana",-112.49151,45.695576,1931,9,NA,"US","PRESERVED_SPECIMEN","Salix hookeriana"
"441831007","Salix hookeriana",-122.400407,47.253052,1929,4,28,"US","PRESERVED_SPECIMEN","Salix hookeriana"
"441830752","Salix hookeriana",-122.69361,47.64472,1929,5,7,"US","PRESERVED_SPECIMEN","Salix hookeriana"
"441830978","Salix hookeriana",-122.26847,47.6464,1929,5,2,"US","PRESERVED_SPECIMEN","Salix hookeriana"
"4069782607","Salix hookeriana",-122.69361,47.64472,1929,5,7,"US","PRESERVED_SPECIMEN","Salix hookeriana"
"1426229362","Salix hookeriana",-124.2857563,40.3248749,1927,5,15,"US","PRESERVED_SPECIMEN","Salix hookeriana"
"4069706662","Salix hookeriana",-122.00583,46.07,1925,8,6,"US","PRESERVED_SPECIMEN","Salix hookeriana"
"441831040","Salix hookeriana",-121.3883,45.70102,1924,4,13,"US","PRESERVED_SPECIMEN","Salix hookeriana"
"441831055","Salix hookeriana",-121.46333,45.715,1924,6,7,"US","PRESERVED_SPECIMEN","Salix hookeriana"
"4069858856","Salix hookeriana",-121.46333,45.715,1924,6,7,"US","PRESERVED_SPECIMEN","Salix hookeriana"
"1930208810","Salix hookeriana",-121.464517,45.714842,1924,6,7,"US","PRESERVED_SPECIMEN","Salix hookeriana"
"441830754","Salix hookeriana",-121.3883,45.70102,1924,7,29,"US","PRESERVED_SPECIMEN","Salix hookeriana"
"4069802283","Salix hookeriana",-121.46333,45.715,1923,3,28,"US","PRESERVED_SPECIMEN","Salix hookeriana"
"441830987","Salix hookeriana",-121.46333,45.715,1923,3,28,"US","PRESERVED_SPECIMEN","Salix hookeriana"
"1930443882","Salix hookeriana",-121.464517,45.714842,1923,3,28,"US","PRESERVED_SPECIMEN","Salix hookeriana"
"441830989","Salix hookeriana",-121.46333,45.715,1923,4,11,"US","PRESERVED_SPECIMEN","Salix hookeriana"
"4069850787","Salix hookeriana",-121.46333,45.715,1923,4,11,"US","PRESERVED_SPECIMEN","Salix hookeriana"
"1930160687","Salix hookeriana",-121.464517,45.714842,1923,4,11,"US","PRESERVED_SPECIMEN","Salix hookeriana"
"4069827354","Salix hookeriana",-123.26083,44.56472,1923,8,31,"US","PRESERVED_SPECIMEN","Salix hookeriana"
"4069787830","Salix hookeriana",-122.675,45.52361,1923,8,30,"US","PRESERVED_SPECIMEN","Salix hookeriana"
"4069784767","Salix hookeriana",-122.33083,47.60639,1923,8,24,"US","PRESERVED_SPECIMEN","Salix hookeriana"
"4069771133","Salix hookeriana",-123.26083,44.56472,1923,8,31,"US","PRESERVED_SPECIMEN","Salix hookeriana"
"4069802868","Salix hookeriana",-123.26083,44.56472,1923,8,31,"US","PRESERVED_SPECIMEN","Salix hookeriana"
"4069694486","Salix hookeriana",-119.91944,46.63889,1922,4,7,"US","PRESERVED_SPECIMEN","Salix hookeriana"
"441830991","Salix hookeriana",-121.46333,45.715,1922,5,22,"US","PRESERVED_SPECIMEN","Salix hookeriana"
"4069809314","Salix hookeriana",-121.46333,45.715,1922,5,22,"US","PRESERVED_SPECIMEN","Salix hookeriana"
"4069839747","Salix hookeriana",-121.46333,45.715,1922,7,27,"US","PRESERVED_SPECIMEN","Salix hookeriana"
"441831052","Salix hookeriana",-121.46333,45.715,1922,7,27,"US","PRESERVED_SPECIMEN","Salix hookeriana"
"1930762916","Salix hookeriana",-121.464517,45.714842,1922,7,27,"US","PRESERVED_SPECIMEN","Salix hookeriana"
"1930376004","Salix hookeriana",-122.156199,45.585396,1922,10,10,"US","PRESERVED_SPECIMEN","Salix hookeriana"
"4069693548","Salix hookeriana",-122.155,45.58556,1922,10,10,"US","PRESERVED_SPECIMEN","Salix hookeriana"
"4069745193","Salix hookeriana",-123.26083,44.56472,1921,4,24,"US","PRESERVED_SPECIMEN","Salix hookeriana"
"4069772884","Salix hookeriana",-123.26083,44.56472,1921,4,24,"US","PRESERVED_SPECIMEN","Salix hookeriana"
"4069745379","Salix hookeriana",-123.26083,44.56472,1921,4,24,"US","PRESERVED_SPECIMEN","Salix hookeriana"
"4069758799","Salix hookeriana",-123.26083,44.56472,1921,5,24,"US","PRESERVED_SPECIMEN","Salix hookeriana"
"4069758165","Salix hookeriana",-123.26083,44.56472,1921,6,6,"US","PRESERVED_SPECIMEN","Salix hookeriana"
"441830760","Salix hookeriana",-122.19389,45.57278,1920,4,29,"US","PRESERVED_SPECIMEN","Salix hookeriana"
"4069759579","Salix hookeriana",-122.19389,45.57278,1920,4,29,"US","PRESERVED_SPECIMEN","Salix hookeriana"
"1929552337","Salix hookeriana",-122.195089,45.572619,1920,4,29,"US","PRESERVED_SPECIMEN","Salix hookeriana"
"4069799538","Salix hookeriana",-122.19389,45.57278,1920,4,10,"US","PRESERVED_SPECIMEN","Salix hookeriana"
"1930157267","Salix hookeriana",-122.195089,45.572619,1920,4,10,"US","PRESERVED_SPECIMEN","Salix hookeriana"
"4069836417","Salix hookeriana",-122.19389,45.57278,1920,4,10,"US","PRESERVED_SPECIMEN","Salix hookeriana"
"4069725092","Salix hookeriana",-122.19389,45.57278,1920,6,29,"US","PRESERVED_SPECIMEN","Salix hookeriana"
"441831038","Salix hookeriana",-122.19389,45.57278,1920,6,29,"US","PRESERVED_SPECIMEN","Salix hookeriana"
"4069816693","Salix hookeriana",-122.19389,45.57278,1920,6,29,"US","PRESERVED_SPECIMEN","Salix hookeriana"
"1930865301","Salix hookeriana",-122.195089,45.572619,1920,6,29,"US","PRESERVED_SPECIMEN","Salix hookeriana"
"1927785807","Salix hookeriana",-122.195089,45.572619,1920,10,19,"US","PRESERVED_SPECIMEN","Salix hookeriana"
"1928203460","Salix hookeriana",-122.195089,45.572619,1920,10,19,"US","PRESERVED_SPECIMEN","Salix hookeriana"
"4069732000","Salix hookeriana",-122.19389,45.57278,1920,10,19,"US","PRESERVED_SPECIMEN","Salix hookeriana"
"4069717595","Salix hookeriana",-122.19389,45.57278,1920,10,19,"US","PRESERVED_SPECIMEN","Salix hookeriana"
"4069727852","Salix hookeriana",-123.03389,44.94306,1918,8,5,"US","PRESERVED_SPECIMEN","Salix hookeriana"
"4069766650","Salix hookeriana",-123.445,43.26806,1914,4,14,"US","PRESERVED_SPECIMEN","Salix hookeriana"
"441830995","Salix hookeriana",-124.02694,46.54917,1908,4,NA,"US","PRESERVED_SPECIMEN","Salix hookeriana"
"1929038118","Salix hookeriana",-73.878143,40.862412,1904,5,2,"US","PRESERVED_SPECIMEN","Salix hookeriana"
"441830826","Salix hookeriana",-122.33083,47.60639,1899,5,9,"US","PRESERVED_SPECIMEN","Salix hookeriana"
"441830960","Salix hookeriana",-122.33083,47.60639,1897,8,26,"US","PRESERVED_SPECIMEN","Salix hookeriana"
"441830970","Salix hookeriana",-122.33083,47.60639,1897,8,26,"US","PRESERVED_SPECIMEN","Salix hookeriana"
"441830973","Salix hookeriana",-122.33083,47.60639,1897,8,26,"US","PRESERVED_SPECIMEN","Salix hookeriana"
"4069739418","Salix hookeriana",-122.33083,47.60639,1897,8,27,"US","PRESERVED_SPECIMEN","Salix hookeriana"
"441832470","Salix hookeriana",-122.89944,47.03806,1892,4,22,"US","PRESERVED_SPECIMEN","Salix hookeriana"
"4069688848","Salix hookeriana",-122.89944,47.03806,1892,8,23,"US","PRESERVED_SPECIMEN","Salix hookeriana"
"1262198009","Salix hookeriana",-120,47,1892,8,23,"US","PRESERVED_SPECIMEN","Salix hookeriana"
"441831019","Salix hookeriana",-122.33083,47.60639,1891,4,NA,"US","PRESERVED_SPECIMEN","Salix hookeriana"
"441831022","Salix hookeriana",-122.33083,47.60639,1891,4,NA,"US","PRESERVED_SPECIMEN","Salix hookeriana"
"4069845414","Salix hookeriana",-122.33083,47.60639,1891,4,20,"US","PRESERVED_SPECIMEN","Salix hookeriana"
"441831540","Salix hookeriana",-124.04194,46.30917,1891,8,10,"US","PRESERVED_SPECIMEN","Salix hookeriana"
"441831050","Salix hookeriana",-124.05306,46.3525,1891,9,6,"US","PRESERVED_SPECIMEN","Salix hookeriana"
"441831025","Salix hookeriana",-122.33083,47.60639,1890,6,7,"US","PRESERVED_SPECIMEN","Salix hookeriana"
"441831028","Salix hookeriana",-122.33083,47.60639,1890,6,8,"US","PRESERVED_SPECIMEN","Salix hookeriana"
"441830824","Salix hookeriana",-122.33083,47.60639,1889,3,27,"US","PRESERVED_SPECIMEN","Salix hookeriana"
"441830825","Salix hookeriana",-122.33083,47.60639,1889,4,5,"US","PRESERVED_SPECIMEN","Salix hookeriana"
"1228489969","Salix hookeriana",-122.335411,47.636539,1889,4,11,"US","PRESERVED_SPECIMEN","Salix hookeriana"
"1228279199","Salix hookeriana",-122.335411,47.636539,1889,4,4,"US","PRESERVED_SPECIMEN","Salix hookeriana"
"1228348227","Salix hookeriana",-122.335411,47.636539,1889,4,11,"US","PRESERVED_SPECIMEN","Salix hookeriana"
"1228347998","Salix hookeriana",-122.332071,47.60621,1889,7,11,"US","PRESERVED_SPECIMEN","Salix hookeriana"
"1262198057","Salix hookeriana",-122.605958,46.942043,1889,8,5,"US","PRESERVED_SPECIMEN","Salix hookeriana"
"441830821","Salix hookeriana",-122.33083,47.60639,1889,NA,NA,"US","PRESERVED_SPECIMEN","Salix hookeriana"
"1930800304","Salix hookeriana",-122.606758,45.357343,1885,4,NA,"US","PRESERVED_SPECIMEN","Salix hookeriana"
"1228503987","Salix hookeriana",-122.332071,47.60621,NA,NA,NA,"US","PRESERVED_SPECIMEN","Salix hookeriana"
"1928436271","Salix hookeriana",-73.878143,40.862412,NA,NA,NA,"US","PRESERVED_SPECIMEN","Salix hookeriana"
"1930352829","Salix hookeriana",-122.676207,45.523452,NA,NA,NA,"US","PRESERVED_SPECIMEN","Salix hookeriana"
"1930446652","Salix hookeriana",-122.964018,46.662048,NA,NA,NA,"US","PRESERVED_SPECIMEN","Salix hookeriana"
