"gbifID","species","longitude","latitude","year","month","day","countryCode","accepted_name"
"3764177825","Salix babylonica",-80.504948,43.511189,2022,4,24,"CA","Salix babylonica"
"3772419003","Salix babylonica",-79.332773,43.709877,2022,4,25,"CA","Salix babylonica"
"3772673217","Salix babylonica",-79.26638,43.193292,2022,4,30,"CA","Salix babylonica"
"3772965987","Salix babylonica",-123.339441,48.448089,2022,4,29,"CA","Salix babylonica"
"3773038828","Salix babylonica",-79.741726,43.244948,2022,4,30,"CA","Salix babylonica"
"3773071680","Salix babylonica",-123.039205,49.013437,2022,4,29,"CA","Salix babylonica"
"3772928024","Salix babylonica",-75.525231,45.487131,2022,5,1,"CA","Salix babylonica"
"3772946777","Salix babylonica",-73.77408,45.472978,2022,5,2,"CA","Salix babylonica"
"3773268998","Salix babylonica",-122.314538,49.043275,2022,5,1,"CA","Salix babylonica"
"3773499053","Salix babylonica",-79.754739,43.250085,2022,5,1,"CA","Salix babylonica"
"3773610733","Salix babylonica",-79.475784,43.62191,2022,5,2,"CA","Salix babylonica"
"3117828074","Salix babylonica",-123.974082,49.208047,2021,5,16,"CA","Salix babylonica"
"3321027442","Salix babylonica",-79.443649,43.763012,2021,6,30,"CA","Salix babylonica"
"3335414950","Salix babylonica",-73.855522,45.541252,2021,8,1,"CA","Salix babylonica"
"3335499643","Salix babylonica",-79.734051,44.346479,2021,8,5,"CA","Salix babylonica"
"3337545223","Salix babylonica",-79.636442,43.596633,2021,8,11,"CA","Salix babylonica"
"3337762243","Salix babylonica",-80.474466,43.391557,2021,8,6,"CA","Salix babylonica"
"3415378038","Salix babylonica",-81.73137,46.110183,2021,8,14,"CA","Salix babylonica"
"3384567529","Salix babylonica",-81.274302,42.992984,2021,10,5,"CA","Salix babylonica"
"3416251368","Salix babylonica",-81.259187,43.015189,2021,11,11,"CA","Salix babylonica"
"2634507367","Salix babylonica",-73.612086,45.458554,2020,5,30,"CA","Salix babylonica"
"2856728383","Salix babylonica",-65.034153,44.372226,2020,5,24,"CA","Salix babylonica"
"2803103725","Salix babylonica",-76.115207,45.057189,2020,6,17,"CA","Salix babylonica"
"2851322603","Salix babylonica",-73.327012,45.539403,2020,8,20,"CA","Salix babylonica"
"2963829909","Salix babylonica",-73.476622,45.429663,2020,9,16,"CA","Salix babylonica"
"2898272540","Salix babylonica",-120.342737,50.685713,2020,10,8,"CA","Salix babylonica"
"2901602746","Salix babylonica",-78.831257,43.862126,2020,10,17,"CA","Salix babylonica"
"2901813147","Salix babylonica",-123.067792,49.25561,2020,10,20,"CA","Salix babylonica"
"2980811522","Salix babylonica",-73.534781,45.607671,2020,10,14,"CA","Salix babylonica"
"2980868521","Salix babylonica",-73.443465,45.646063,2020,10,5,"CA","Salix babylonica"
"2988635695","Salix babylonica",-80.54377,43.467153,2020,11,7,"CA","Salix babylonica"
"2992682742","Salix babylonica",-81.851489,42.31412,2020,11,28,"CA","Salix babylonica"
"3005134595","Salix babylonica",-123.372779,48.463297,2020,11,1,"CA","Salix babylonica"
"3109197318","Salix babylonica",-123.35766,48.40869,2019,4,1,"CA","Salix babylonica"
"2550041809","Salix babylonica",-79.663042,43.555203,2019,5,27,"CA","Salix babylonica"
"2252045997","Salix babylonica",-123.316475,48.877842,2019,6,3,"CA","Salix babylonica"
"2823096347","Salix babylonica",-123.316191,48.460079,2019,8,14,"CA","Salix babylonica"
"3330767327","Salix babylonica",-81.852293,42.312893,2019,8,30,"CA","Salix babylonica"
"2429332410","Salix babylonica",-83.070964,42.270879,2019,10,1,"CA","Salix babylonica"
"2456537491","Salix babylonica",-83.074547,42.265903,2019,11,9,"CA","Salix babylonica"
"2456562832","Salix babylonica",-81.267717,42.999145,2019,11,11,"CA","Salix babylonica"
"2456571831","Salix babylonica",-80.374637,42.577203,2019,11,10,"CA","Salix babylonica"
"1847425832","Salix babylonica",-123.136584,49.27009,2018,4,29,"CA","Salix babylonica"
"2574202016","Salix babylonica",-74.021827,45.383368,2018,6,13,"CA","Salix babylonica"
"3763376140","Salix babylonica",-79.87313,43.2926099990584,2018,8,22,"CA","Salix babylonica"
"1901060064","Salix babylonica",-83.068839,42.269933,2018,9,2,"CA","Salix babylonica"
"1913691571","Salix babylonica",-79.459549,43.798234,2018,9,16,"CA","Salix babylonica"
"1945421377","Salix babylonica",-79.664118,43.444613,2018,9,25,"CA","Salix babylonica"
"1621777011","Salix babylonica",-80.063216,43.394755,2017,7,26,"CA","Salix babylonica"
"3079546358","Salix babylonica",-83.092161,42.24462,2017,7,28,"CA","Salix babylonica"
"3355198303","Salix babylonica",-79.480381,43.620834,2016,2,8,"CA","Salix babylonica"
"3414086357","Salix babylonica",-119.613,49.4419999990683,2016,6,8,"CA","Salix babylonica"
"3763387207","Salix babylonica",-79.86719,43.3002499990583,2016,7,20,"CA","Salix babylonica"
"1323024821","Salix babylonica",-79.602489,43.523011,2016,10,2,"CA","Salix babylonica"
"1143558992","Salix babylonica",-79.084944,43.089558,2015,7,1,"CA","Salix babylonica"
"1265533502","Salix babylonica",-124.039642,48.827347,2015,7,24,"CA","Salix babylonica"
"2248541129","Salix babylonica",-73.566,45.5595,2011,5,28,"CA","Salix babylonica"
"2248541301","Salix babylonica",-73.566,45.5595,2011,5,28,"CA","Salix babylonica"
"2248543071","Salix babylonica",-73.566,45.5595,2011,5,30,"CA","Salix babylonica"
"3348860266","Salix babylonica",-73.57,45.560001,2011,5,28,"CA","Salix babylonica"
"3351456469","Salix babylonica",-73.57,45.560001,2011,5,28,"CA","Salix babylonica"
"3351563277","Salix babylonica",-73.57,45.560001,2011,5,30,"CA","Salix babylonica"
"2244194907","Salix babylonica",-73.479631,45.588431,2008,8,11,"CA","Salix babylonica"
"2575020546","Salix babylonica",-79.06818,43.122014,2006,5,4,"CA","Salix babylonica"
"1899346045","Salix babylonica",-79.538333,44.030556,2006,9,5,"CA","Salix babylonica"
"1988211376","Salix babylonica",-140.2,64.3,1984,7,18,"CA","Salix babylonica"
"1804505724","Salix babylonica",-81.6667,42.4833,1983,6,12,"CA","Salix babylonica"
"1988094836","Salix babylonica",-119.3,50.3,1977,4,30,"CA","Salix babylonica"
"723291127","Salix babylonica",-71.265,46.783333,1975,7,30,"CA","Salix babylonica"
"1262032658","Salix babylonica",-71.35,46.85,1975,8,14,"CA","Salix babylonica"
"1803138407","Salix babylonica",-71.266667,46.783333,1975,8,6,"CA","Salix babylonica"
"1803138432","Salix babylonica",-71.275,46.783333,1974,7,23,"CA","Salix babylonica"
"1899307189","Salix babylonica",-79.197174,43.780941,1972,7,18,"CA","Salix babylonica"
"1899283167","Salix babylonica",-79.672218,44.396604,1972,9,5,"CA","Salix babylonica"
"1899337027","Salix babylonica",-76.227194,44.977889,1968,4,24,"CA","Salix babylonica"
"3763383495","Salix babylonica",-79.4,43.28333,1968,7,10,"CA","Salix babylonica"
"1899276818","Salix babylonica",-79.432689,43.690878,1959,9,8,"CA","Salix babylonica"
"1899335837","Salix babylonica",-79.372422,43.695141,1959,10,31,"CA","Salix babylonica"
"1261956299","Salix babylonica",-73.257107,45.459962,1958,5,5,"CA","Salix babylonica"
"1261956316","Salix babylonica",-73.053056,45.458333,1957,9,10,"CA","Salix babylonica"
"1261954569","Salix babylonica",-74.025,45.494722,1956,8,10,"CA","Salix babylonica"
"1899315025","Salix babylonica",-79.077509,43.081066,1954,7,11,"CA","Salix babylonica"
"465906086","Salix babylonica",-73.554167,45.508889,1941,8,NA,"CA","Salix babylonica"
"1899355391","Salix babylonica",-79.055289,43.165681,1906,10,20,"CA","Salix babylonica"
"1899355364","Salix babylonica",-79.055289,43.165681,1898,5,24,"CA","Salix babylonica"
"1899322330","Salix babylonica",-79.340825,43.727599,NA,NA,NA,"CA","Salix babylonica"
"1899385056","Salix babylonica",-81.078612,42.702397,NA,NA,NA,"CA","Salix babylonica"
"3058805011","Salix babylonica",-99.120419,19.327261,2021,2,23,"MX","Salix babylonica"
"3058999480","Salix babylonica",-105.4542,28.425692,2021,3,8,"MX","Salix babylonica"
"3124763434","Salix babylonica",-105.47992,28.263375,2021,3,17,"MX","Salix babylonica"
"3079773686","Salix babylonica",-97.823644,19.354764,2021,4,4,"MX","Salix babylonica"
"3113317428","Salix babylonica",-100.428576,25.368853,2021,4,11,"MX","Salix babylonica"
"3314292408","Salix babylonica",-97.805418,19.301581,2021,4,10,"MX","Salix babylonica"
"3118352779","Salix babylonica",-98.246217,19.017622,2021,5,20,"MX","Salix babylonica"
"3124559463","Salix babylonica",-99.170525,19.970993,2021,5,3,"MX","Salix babylonica"
"3302499320","Salix babylonica",-105.619335,28.381871,2021,5,29,"MX","Salix babylonica"
"2901687383","Salix babylonica",-99.234043,19.661214,2020,1,19,"MX","Salix babylonica"
"2619947734","Salix babylonica",-99.139763,19.659039,2020,4,27,"MX","Salix babylonica"
"2862311349","Salix babylonica",-110.270426,30.988477,2020,4,5,"MX","Salix babylonica"
"2626670294","Salix babylonica",-105.410956,23.619044,2020,5,11,"MX","Salix babylonica"
"2978059280","Salix babylonica",-99.128526,19.329331,2020,8,18,"MX","Salix babylonica"
"3067588248","Salix babylonica",-101.652634,21.38922,2020,8,11,"MX","Salix babylonica"
"2901672496","Salix babylonica",-99.231243,19.663667,2020,9,9,"MX","Salix babylonica"
"2901694516","Salix babylonica",-99.231243,19.663667,2020,9,9,"MX","Salix babylonica"
"2898374325","Salix babylonica",-103.869047,19.123737,2020,10,8,"MX","Salix babylonica"
"3039166789","Salix babylonica",-105.361513,23.782002,2020,10,1,"MX","Salix babylonica"
"1990612840","Salix babylonica",-99.562866,20.112892,2019,1,27,"MX","Salix babylonica"
"2238984375","Salix babylonica",-101.019362,25.404561,2019,4,29,"MX","Salix babylonica"
"2646357361","Salix babylonica",-99.271841,19.355473,2019,7,28,"MX","Salix babylonica"
"2649380146","Salix babylonica",-99.563759,19.114171,2019,7,14,"MX","Salix babylonica"
"2647089875","Salix babylonica",-98.237717,19.318278,2019,11,30,"MX","Salix babylonica"
"2862679465","Salix babylonica",-101.175396,20.603638,2019,11,15,"MX","Salix babylonica"
"1890037006","Salix babylonica",-105.770535,22.838066,2018,7,9,"MX","Salix babylonica"
"2643511570","Salix babylonica",-99.137497,19.300278,2018,7,21,"MX","Salix babylonica"
"1315060586","Salix babylonica",-108.055798,27.305628,2016,9,11,"MX","Salix babylonica"
"2283020819","Salix babylonica",-97.905487,22.27449,2012,7,19,"MX","Salix babylonica"
"1893387795","Salix babylonica",-107.565556,27.157222,2000,8,26,"MX","Salix babylonica"
"2629515050","Salix babylonica",-96.841389,19.925278,1993,5,24,"MX","Salix babylonica"
"1418345960","Salix babylonica",-96.9175,19.511667,1988,4,5,"MX","Salix babylonica"
"2629478202","Salix babylonica",-96.925,19.535,1988,4,5,"MX","Salix babylonica"
"2629500359","Salix babylonica",-96.316667,19.283333,1987,3,27,"MX","Salix babylonica"
"3308745910","Salix babylonica",-96.317,19.283,1987,3,27,"MX","Salix babylonica"
"1895961624","Salix babylonica",-98.2,18.858333,1986,7,4,"MX","Salix babylonica"
"2629686508","Salix babylonica",-101.043333,19.745,1986,7,19,"MX","Salix babylonica"
"1896061597","Salix babylonica",-101.507778,20.305,1985,4,5,"MX","Salix babylonica"
"1424776376","Salix babylonica",-96.6667,19.3333,1984,2,20,"MX","Salix babylonica"
"1424776424","Salix babylonica",-96.6667,19.3333,1984,2,25,"MX","Salix babylonica"
"1893824783","Salix babylonica",-97.2458993689325,19.5739529010091,1984,2,25,"MX","Salix babylonica"
"1895428820","Salix babylonica",-97.35,19.5,1984,2,20,"MX","Salix babylonica"
"1896061595","Salix babylonica",-97.254444,19.576389,1984,2,25,"MX","Salix babylonica"
"2629564377","Salix babylonica",-97.35,19.5,1984,2,20,"MX","Salix babylonica"
"2629712683","Salix babylonica",-97.25,19.583333,1984,2,25,"MX","Salix babylonica"
"2807647971","Salix babylonica",-97.35,19.5,1984,2,20,"MX","Salix babylonica"
"3308456176","Salix babylonica",-97.35,19.5,1984,2,20,"MX","Salix babylonica"
"2629724900","Salix babylonica",-96.9275,19.54,1983,7,7,"MX","Salix babylonica"
"1893390029","Salix babylonica",-98.891667,19.491667,1976,5,20,"MX","Salix babylonica"
"3323500920","Salix babylonica",-92.716667,16.758333,1966,3,8,"MX","Salix babylonica"
"3323496211","Salix babylonica",-92.266667,16.45,1965,3,11,"MX","Salix babylonica"
"3323501523","Salix babylonica",-92.495,16.788333,1965,9,30,"MX","Salix babylonica"
"3323502038","Salix babylonica",-92.504444,16.818333,1964,1,30,"MX","Salix babylonica"
"3712652757","Salix babylonica",-77.257353,37.345957,2022,3,5,"US","Salix babylonica"
"3759966441","Salix babylonica",-122.711972,44.626584,2022,3,30,"US","Salix babylonica"
"3759315965","Salix babylonica",-80.42557,37.22571,2022,4,15,"US","Salix babylonica"
"3759492826","Salix babylonica",-106.622308,35.084387,2022,4,21,"US","Salix babylonica"
"3759624829","Salix babylonica",-73.965294,40.65746,2022,4,13,"US","Salix babylonica"
"3759655141","Salix babylonica",-122.293139,47.655692,2022,4,5,"US","Salix babylonica"
"3759731536","Salix babylonica",-79.752769,40.388138,2022,4,10,"US","Salix babylonica"
"3764100815","Salix babylonica",-84.40456,42.753858,2022,4,24,"US","Salix babylonica"
"3764447373","Salix babylonica",-77.999742,35.447525,2022,4,28,"US","Salix babylonica"
"3772411240","Salix babylonica",-73.893096,40.889265,2022,4,30,"US","Salix babylonica"
"3772736906","Salix babylonica",-73.945421,40.733126,2022,4,29,"US","Salix babylonica"
"3773239799","Salix babylonica",-93.330862,44.794423,2022,4,29,"US","Salix babylonica"
"3772791199","Salix babylonica",-111.847038,40.66645,2022,5,1,"US","Salix babylonica"
"3772947940","Salix babylonica",-93.00369,44.94302,2022,5,2,"US","Salix babylonica"
"3773521542","Salix babylonica",-73.993291,40.773786,2022,5,1,"US","Salix babylonica"
"3773583390","Salix babylonica",-82.297343,36.300529,2022,5,1,"US","Salix babylonica"
"3773787686","Salix babylonica",-93.18826,44.770227,2022,5,2,"US","Salix babylonica"
"3058900917","Salix babylonica",-93.146064,44.984267,2021,3,4,"US","Salix babylonica"
"3058988925","Salix babylonica",-74.086136,41.737537,2021,3,4,"US","Salix babylonica"
"3061810512","Salix babylonica",-93.083642,44.684528,2021,3,18,"US","Salix babylonica"
"3320838408","Salix babylonica",-122.999738,38.134796,2021,3,13,"US","Salix babylonica"
"3079617915","Salix babylonica",-79.799695,36.075948,2021,4,6,"US","Salix babylonica"
"3108989156","Salix babylonica",-84.326827,33.596276,2021,4,26,"US","Salix babylonica"
"3112433942","Salix babylonica",-77.101291,38.847705,2021,5,3,"US","Salix babylonica"
"3124544007","Salix babylonica",-73.967577,40.781418,2021,5,22,"US","Salix babylonica"
"3124567853","Salix babylonica",-76.323066,38.957055,2021,5,23,"US","Salix babylonica"
"3301950094","Salix babylonica",-86.174805,42.497033,2021,5,30,"US","Salix babylonica"
"3320895447","Salix babylonica",-122.534622,47.21641,2021,5,22,"US","Salix babylonica"
"3320906451","Salix babylonica",-81.318373,41.731429,2021,5,1,"US","Salix babylonica"
"3321048431","Salix babylonica",-75.182962,39.94687,2021,5,3,"US","Salix babylonica"
"3355100494","Salix babylonica",-86.100772,35.489359,2021,5,19,"US","Salix babylonica"
"3302569116","Salix babylonica",-103.24707,30.207092,2021,6,7,"US","Salix babylonica"
"3314459421","Salix babylonica",-122.015426,36.969873,2021,6,23,"US","Salix babylonica"
"3321205520","Salix babylonica",-122.651028,45.506736,2021,6,11,"US","Salix babylonica"
"3354999553","Salix babylonica",-76.626478,39.438117,2021,6,15,"US","Salix babylonica"
"3455253208","Salix babylonica",-78.830786,43.000882,2021,6,9,"US","Salix babylonica"
"3456150212","Salix babylonica",-78.802929,43.042569,2021,6,9,"US","Salix babylonica"
"3330504579","Salix babylonica",-89.584802,44.53076,2021,7,12,"US","Salix babylonica"
"3455399807","Salix babylonica",-81.784681,41.447777,2021,7,27,"US","Salix babylonica"
"3455802265","Salix babylonica",-81.445163,41.322933,2021,7,28,"US","Salix babylonica"
"3456313912","Salix babylonica",-81.665777,41.568542,2021,7,27,"US","Salix babylonica"
"3456337288","Salix babylonica",-78.685258,42.999658,2021,7,26,"US","Salix babylonica"
"3456490126","Salix babylonica",-81.227371,36.138202,2021,7,17,"US","Salix babylonica"
"3456564527","Salix babylonica",-79.624797,42.256134,2021,8,17,"US","Salix babylonica"
"3355561852","Salix babylonica",-75.210152,39.953953,2021,9,3,"US","Salix babylonica"
"3384005497","Salix babylonica",-72.747429,41.760472,2021,9,11,"US","Salix babylonica"
"3384409069","Salix babylonica",-123.147461,48.609745,2021,9,23,"US","Salix babylonica"
"3384542845","Salix babylonica",-119.936644,46.830803,2021,9,28,"US","Salix babylonica"
"3759870717","Salix babylonica",-73.265816,44.352305,2021,9,18,"US","Salix babylonica"
"3384530367","Salix babylonica",-76.278008,40.035072,2021,10,5,"US","Salix babylonica"
"3385202440","Salix babylonica",-85.155118,41.107611,2021,10,5,"US","Salix babylonica"
"3385217416","Salix babylonica",-72.519015,42.392364,2021,10,5,"US","Salix babylonica"
"3391401827","Salix babylonica",-83.485337,35.752371,2021,10,9,"US","Salix babylonica"
"3391412045","Salix babylonica",-73.839597,40.733187,2021,10,11,"US","Salix babylonica"
"3391551163","Salix babylonica",-82.3664,30.823139,2021,10,12,"US","Salix babylonica"
"3399097278","Salix babylonica",-121.927191,37.427059,2021,10,17,"US","Salix babylonica"
"3399219293","Salix babylonica",-74.019333,40.681225,2021,10,27,"US","Salix babylonica"
"3415550565","Salix babylonica",-93.334778,45.037856,2021,10,19,"US","Salix babylonica"
"3415793805","Salix babylonica",-86.245836,41.701653,2021,10,4,"US","Salix babylonica"
"3469038483","Salix babylonica",-119.276878,46.166687,2021,10,6,"US","Salix babylonica"
"3408012140","Salix babylonica",-78.935892,36.000473,2021,11,3,"US","Salix babylonica"
"3416096826","Salix babylonica",-86.4572,37.050461,2021,11,9,"US","Salix babylonica"
"2646871997","Salix babylonica",-82.522361,27.579067,2020,1,19,"US","Salix babylonica"
"2596057087","Salix babylonica",-96.8526,33.120632,2020,3,19,"US","Salix babylonica"
"2596177764","Salix babylonica",-111.968445,41.181381,2020,3,30,"US","Salix babylonica"
"2626114765","Salix babylonica",-83.907553,42.460219,2020,3,30,"US","Salix babylonica"
"2650014029","Salix babylonica",-85.439352,36.50887,2020,3,30,"US","Salix babylonica"
"2596176070","Salix babylonica",-78.859459,42.846168,2020,4,1,"US","Salix babylonica"
"2611095761","Salix babylonica",-70.991128,42.723339,2020,4,26,"US","Salix babylonica"
"2611388944","Salix babylonica",-81.812212,26.218883,2020,4,28,"US","Salix babylonica"
"2626099692","Salix babylonica",-83.829267,42.462363,2020,4,12,"US","Salix babylonica"
"2626153919","Salix babylonica",-86.900393,35.7622,2020,4,27,"US","Salix babylonica"
"2626371725","Salix babylonica",-83.907419,42.459997,2020,4,20,"US","Salix babylonica"
"3097051398","Salix babylonica",-111.866716,40.536178,2020,4,6,"US","Salix babylonica"
"2626271854","Salix babylonica",-83.829148,42.461119,2020,5,19,"US","Salix babylonica"
"2974309302","Salix babylonica",-81.515325,35.826495,2020,5,5,"US","Salix babylonica"
"2974315842","Salix babylonica",-121.943004,37.399399,2020,5,16,"US","Salix babylonica"
"2974966746","Salix babylonica",-104.943436,40.163806,2020,5,16,"US","Salix babylonica"
"2975122210","Salix babylonica",-79.885039,37.266645,2020,5,7,"US","Salix babylonica"
"2975142302","Salix babylonica",-122.242197,37.534692,2020,5,11,"US","Salix babylonica"
"2975179892","Salix babylonica",-122.920672,38.775792,2020,5,12,"US","Salix babylonica"
"2975188028","Salix babylonica",-121.151008,38.995747,2020,5,17,"US","Salix babylonica"
"2975292892","Salix babylonica",-85.315649,35.111592,2020,5,5,"US","Salix babylonica"
"2975299515","Salix babylonica",-73.757558,42.03006,2020,5,19,"US","Salix babylonica"
"2976770588","Salix babylonica",-88.388364,41.717048,2020,5,30,"US","Salix babylonica"
"2976793594","Salix babylonica",-90.214811,38.615089,2020,5,11,"US","Salix babylonica"
"2976913319","Salix babylonica",-93.408677,34.270205,2020,5,29,"US","Salix babylonica"
"2976952664","Salix babylonica",-82.54458,34.775915,2020,5,26,"US","Salix babylonica"
"2977107541","Salix babylonica",-89.123793,35.767028,2020,5,22,"US","Salix babylonica"
"2977123336","Salix babylonica",-121.452435,38.689922,2020,5,21,"US","Salix babylonica"
"2977130868","Salix babylonica",-77.571329,38.741139,2020,5,13,"US","Salix babylonica"
"2977192249","Salix babylonica",-73.839786,41.335762,2020,5,28,"US","Salix babylonica"
"2977271599","Salix babylonica",-77.310207,39.150302,2020,5,30,"US","Salix babylonica"
"2977686970","Salix babylonica",-121.150742,38.995919,2020,5,17,"US","Salix babylonica"
"2859985409","Salix babylonica",-80.846901,35.438827,2020,6,13,"US","Salix babylonica"
"2974374961","Salix babylonica",-104.668122,38.723031,2020,6,19,"US","Salix babylonica"
"2974556470","Salix babylonica",-82.434249,35.286852,2020,6,23,"US","Salix babylonica"
"2974563595","Salix babylonica",-83.918642,34.044667,2020,6,7,"US","Salix babylonica"
"2975151747","Salix babylonica",-118.432304,34.049587,2020,6,7,"US","Salix babylonica"
"2975665562","Salix babylonica",-85.61281,38.024212,2020,6,26,"US","Salix babylonica"
"2975702207","Salix babylonica",-87.794378,41.677942,2020,6,17,"US","Salix babylonica"
"2975858302","Salix babylonica",-90.622741,41.509388,2020,6,27,"US","Salix babylonica"
"2975874510","Salix babylonica",-86.69084,34.728509,2020,6,19,"US","Salix babylonica"
"2975892004","Salix babylonica",-85.61281,38.024212,2020,6,26,"US","Salix babylonica"
"2977075847","Salix babylonica",-85.808088,34.522113,2020,6,29,"US","Salix babylonica"
"2977092792","Salix babylonica",-88.089097,41.711885,2020,6,15,"US","Salix babylonica"
"2977150801","Salix babylonica",-87.661589,34.931881,2020,6,20,"US","Salix babylonica"
"2977159356","Salix babylonica",-86.69084,34.728509,2020,6,19,"US","Salix babylonica"
"2977258925","Salix babylonica",-79.376335,39.562959,2020,6,27,"US","Salix babylonica"
"2977277766","Salix babylonica",-87.113235,31.074306,2020,6,24,"US","Salix babylonica"
"2977278582","Salix babylonica",-86.69084,34.728509,2020,6,19,"US","Salix babylonica"
"2977384092","Salix babylonica",-73.535973,41.574059,2020,6,22,"US","Salix babylonica"
"2977545563","Salix babylonica",-84.317102,37.704615,2020,6,30,"US","Salix babylonica"
"2977608871","Salix babylonica",-77.59171,39.129646,2020,6,17,"US","Salix babylonica"
"2977910672","Salix babylonica",-84.395456,37.349255,2020,6,25,"US","Salix babylonica"
"2988541925","Salix babylonica",-73.694839,40.761852,2020,6,24,"US","Salix babylonica"
"2823153541","Salix babylonica",-122.213065,47.696476,2020,7,15,"US","Salix babylonica"
"2826335082","Salix babylonica",-85.610263,42.958601,2020,7,29,"US","Salix babylonica"
"2975317847","Salix babylonica",-78.51453,38.014459,2020,7,5,"US","Salix babylonica"
"2975692201","Salix babylonica",-77.106309,39.035281,2020,7,17,"US","Salix babylonica"
"2975888243","Salix babylonica",-106.835213,40.484818,2020,7,21,"US","Salix babylonica"
"2975924124","Salix babylonica",-119.887208,36.795609,2020,7,26,"US","Salix babylonica"
"2976017568","Salix babylonica",-76.139261,39.699955,2020,7,13,"US","Salix babylonica"
"2976237023","Salix babylonica",-84.78369,39.084627,2020,7,24,"US","Salix babylonica"
"2977381320","Salix babylonica",-120.992834,38.99864,2020,7,7,"US","Salix babylonica"
"2977626235","Salix babylonica",-122.339605,37.913284,2020,7,27,"US","Salix babylonica"
"2977739320","Salix babylonica",-83.891644,36.005339,2020,7,25,"US","Salix babylonica"
"2977744162","Salix babylonica",-117.702266,34.034597,2020,7,2,"US","Salix babylonica"
"2977835858","Salix babylonica",-87.944875,42.043558,2020,7,6,"US","Salix babylonica"
"2978038620","Salix babylonica",-88.407448,41.689856,2020,7,9,"US","Salix babylonica"
"2978062313","Salix babylonica",-76.441122,38.241972,2020,7,4,"US","Salix babylonica"
"2978158303","Salix babylonica",-84.496865,38.050149,2020,7,31,"US","Salix babylonica"
"2860112971","Salix babylonica",-83.736818,42.286431,2020,8,30,"US","Salix babylonica"
"2975758735","Salix babylonica",-77.048711,38.889885,2020,8,29,"US","Salix babylonica"
"2975897878","Salix babylonica",-77.568098,43.122445,2020,8,9,"US","Salix babylonica"
"2976198754","Salix babylonica",-76.854208,39.212888,2020,8,22,"US","Salix babylonica"
"2976280728","Salix babylonica",-105.136061,39.762462,2020,8,1,"US","Salix babylonica"
"2976588342","Salix babylonica",-122.245187,37.820656,2020,8,7,"US","Salix babylonica"
"2977122307","Salix babylonica",-93.291461,35.392435,2020,8,12,"US","Salix babylonica"
"2977726367","Salix babylonica",-121.538,38.682207,2020,8,1,"US","Salix babylonica"
"2977862653","Salix babylonica",-118.395147,34.266563,2020,8,6,"US","Salix babylonica"
"2977982096","Salix babylonica",-87.307463,36.538521,2020,8,19,"US","Salix babylonica"
"2978033325","Salix babylonica",-94.273567,35.233732,2020,8,5,"US","Salix babylonica"
"2978109763","Salix babylonica",-73.079444,40.804226,2020,8,9,"US","Salix babylonica"
"2978174581","Salix babylonica",-83.077991,36.690619,2020,8,30,"US","Salix babylonica"
"2978350583","Salix babylonica",-76.990062,43.076735,2020,8,21,"US","Salix babylonica"
"2974651402","Salix babylonica",-79.761378,42.268335,2020,9,12,"US","Salix babylonica"
"2976210464","Salix babylonica",-78.857042,42.846994,2020,9,14,"US","Salix babylonica"
"2976379199","Salix babylonica",-75.498571,39.7668,2020,9,3,"US","Salix babylonica"
"2976535329","Salix babylonica",-79.761307,42.268274,2020,9,12,"US","Salix babylonica"
"2976535813","Salix babylonica",-82.436283,35.239889,2020,9,16,"US","Salix babylonica"
"2976570962","Salix babylonica",-82.363797,36.341583,2020,9,12,"US","Salix babylonica"
"2978069341","Salix babylonica",-76.982681,39.642983,2020,9,12,"US","Salix babylonica"
"2978106778","Salix babylonica",-77.044033,38.891361,2020,9,27,"US","Salix babylonica"
"2978217603","Salix babylonica",-77.568098,43.122445,2020,9,8,"US","Salix babylonica"
"2978286470","Salix babylonica",-104.951573,39.74941,2020,9,24,"US","Salix babylonica"
"2978321398","Salix babylonica",-82.054646,34.917518,2020,9,21,"US","Salix babylonica"
"3357418019","Salix babylonica",-77.954779,37.536392,2020,9,21,"US","Salix babylonica"
"2883002624","Salix babylonica",-80.426553,37.246927,2020,10,5,"US","Salix babylonica"
"2963743552","Salix babylonica",-74.102539,40.638558,2020,10,21,"US","Salix babylonica"
"2963744579","Salix babylonica",-121.950398,37.403829,2020,10,22,"US","Salix babylonica"
"2975790017","Salix babylonica",-121.283405,38.143453,2020,10,3,"US","Salix babylonica"
"2975790073","Salix babylonica",-73.661477,40.99485,2020,10,4,"US","Salix babylonica"
"2976269168","Salix babylonica",-83.611991,34.111515,2020,10,6,"US","Salix babylonica"
"2976405227","Salix babylonica",-121.964577,37.550911,2020,10,3,"US","Salix babylonica"
"2976447027","Salix babylonica",-77.806479,39.558974,2020,10,19,"US","Salix babylonica"
"2978217071","Salix babylonica",-86.815297,33.461378,2020,10,3,"US","Salix babylonica"
"2980776759","Salix babylonica",-88.146718,41.762652,2020,10,30,"US","Salix babylonica"
"2980855693","Salix babylonica",-74.805233,40.876293,2020,10,1,"US","Salix babylonica"
"3314228370","Salix babylonica",-72.531385,42.382627,2020,10,4,"US","Salix babylonica"
"3503195707","Salix babylonica",-117.7047,33.5424,2020,10,22,"US","Salix babylonica"
"2976500556","Salix babylonica",-121.971664,37.240253,2020,11,4,"US","Salix babylonica"
"2980979296","Salix babylonica",-111.923438,40.74011,2020,11,6,"US","Salix babylonica"
"2988612458","Salix babylonica",-91.788349,44.946887,2020,11,19,"US","Salix babylonica"
"2988684542","Salix babylonica",-117.835145,33.655983,2020,11,16,"US","Salix babylonica"
"3112709371","Salix babylonica",-84.514463,39.137543,2020,11,1,"US","Salix babylonica"
"3466199533","Salix babylonica",-78.357851,42.511181,2020,11,12,"US","Salix babylonica"
"3008481984","Salix babylonica",-88.455496,42.837957,2020,12,21,"US","Salix babylonica"
"3008549812","Salix babylonica",-96.85273,33.12045,2020,12,20,"US","Salix babylonica"
"2238922145","Salix babylonica",-84.279654,30.460052,2019,4,28,"US","Salix babylonica"
"2242752406","Salix babylonica",-73.958491,40.796847,2019,4,2,"US","Salix babylonica"
"2242797155","Salix babylonica",-70.912078,42.803037,2019,4,27,"US","Salix babylonica"
"2242826165","Salix babylonica",-77.055267,38.878405,2019,4,29,"US","Salix babylonica"
"2283022591","Salix babylonica",-94.935408,29.216358,2019,5,30,"US","Salix babylonica"
"2549973723","Salix babylonica",-88.229939,41.68056,2019,5,29,"US","Salix babylonica"
"2644874266","Salix babylonica",-116.242812,33.756206,2019,5,13,"US","Salix babylonica"
"2645066288","Salix babylonica",-73.834361,40.945939,2019,5,26,"US","Salix babylonica"
"2645337365","Salix babylonica",-90.73724,29.654575,2019,5,29,"US","Salix babylonica"
"2648123602","Salix babylonica",-76.921398,42.617121,2019,5,18,"US","Salix babylonica"
"3759087368","Salix babylonica",-82.770821,36.861988,2019,5,21,"US","Salix babylonica"
"3776332350","Salix babylonica",-90.08,43.19,2019,5,12,"US","Salix babylonica"
"2643643886","Salix babylonica",-90.364239,30.508978,2019,6,6,"US","Salix babylonica"
"2648365219","Salix babylonica",-107.985864,38.601797,2019,6,4,"US","Salix babylonica"
"2648640354","Salix babylonica",-76.478372,39.305894,2019,6,14,"US","Salix babylonica"
"2648687740","Salix babylonica",-86.390556,35.840278,2019,6,19,"US","Salix babylonica"
"2648822735","Salix babylonica",-87.635452,41.856392,2019,6,14,"US","Salix babylonica"
"2283158150","Salix babylonica",-78.483249,38.66292,2019,7,3,"US","Salix babylonica"
"2294444444","Salix babylonica",-122.190999,47.59779,2019,7,9,"US","Salix babylonica"
"2579255675","Salix babylonica",-76.999343,38.869342,2019,7,23,"US","Salix babylonica"
"2645744864","Salix babylonica",-82.296461,36.307047,2019,7,9,"US","Salix babylonica"
"2645912792","Salix babylonica",-107.862049,38.398924,2019,7,18,"US","Salix babylonica"
"2645965036","Salix babylonica",-76.123718,43.949003,2019,7,21,"US","Salix babylonica"
"2366154273","Salix babylonica",-119.8124,39.537288,2019,8,22,"US","Salix babylonica"
"2422882043","Salix babylonica",-93.243866,44.911592,2019,8,24,"US","Salix babylonica"
"2422882239","Salix babylonica",-93.240781,44.905183,2019,8,24,"US","Salix babylonica"
"2646022135","Salix babylonica",-77.497848,38.996477,2019,8,8,"US","Salix babylonica"
"2646116150","Salix babylonica",-104.923449,39.575179,2019,8,16,"US","Salix babylonica"
"2646402130","Salix babylonica",-73.742649,42.711991,2019,8,16,"US","Salix babylonica"
"2646412771","Salix babylonica",-122.904647,38.246308,2019,8,13,"US","Salix babylonica"
"2646510025","Salix babylonica",-83.294809,36.208949,2019,8,23,"US","Salix babylonica"
"2646539200","Salix babylonica",-87.730849,41.952113,2019,8,25,"US","Salix babylonica"
"2823150341","Salix babylonica",-80.342377,36.872495,2019,8,31,"US","Salix babylonica"
"2397703800","Salix babylonica",-80.410632,37.135323,2019,9,3,"US","Salix babylonica"
"2459725804","Salix babylonica",-121.909196,39.420151,2019,9,28,"US","Salix babylonica"
"2603335759","Salix babylonica",-74.086253,41.737497,2019,9,7,"US","Salix babylonica"
"2646415648","Salix babylonica",-121.968462,37.539717,2019,9,1,"US","Salix babylonica"
"2646531226","Salix babylonica",-77.030092,38.878229,2019,9,15,"US","Salix babylonica"
"2646586278","Salix babylonica",-79.950759,32.798907,2019,9,1,"US","Salix babylonica"
"2646671475","Salix babylonica",-122.270701,37.556936,2019,9,30,"US","Salix babylonica"
"2646724014","Salix babylonica",-118.116509,34.127766,2019,9,28,"US","Salix babylonica"
"2646742165","Salix babylonica",-77.030092,38.878229,2019,9,14,"US","Salix babylonica"
"2649127357","Salix babylonica",-75.460758,43.228983,2019,9,19,"US","Salix babylonica"
"2649353299","Salix babylonica",-90.063182,38.922286,2019,9,15,"US","Salix babylonica"
"2649564410","Salix babylonica",-117.82166,34.06236,2019,9,25,"US","Salix babylonica"
"2649676737","Salix babylonica",-118.116504,34.127747,2019,9,28,"US","Salix babylonica"
"2649689491","Salix babylonica",-84.477624,35.570249,2019,9,28,"US","Salix babylonica"
"2649740457","Salix babylonica",-118.877631,34.226137,2019,9,21,"US","Salix babylonica"
"2649742166","Salix babylonica",-89.647838,39.177816,2019,9,29,"US","Salix babylonica"
"2649870022","Salix babylonica",-82.838849,35.618289,2019,9,2,"US","Salix babylonica"
"2649938726","Salix babylonica",-116.271944,34.125278,2019,9,18,"US","Salix babylonica"
"3426377359","Salix babylonica",-95.207268,38.9585839990773,2019,9,17,"US","Salix babylonica"
"2445078572","Salix babylonica",-85.959996,39.771384,2019,10,20,"US","Salix babylonica"
"2447965876","Salix babylonica",-84.460689,39.071747,2019,10,27,"US","Salix babylonica"
"2596093914","Salix babylonica",-85.332785,35.175233,2019,10,7,"US","Salix babylonica"
"2646766366","Salix babylonica",-80.281644,36.155488,2019,10,8,"US","Salix babylonica"
"2646773653","Salix babylonica",-122.261554,37.799433,2019,10,23,"US","Salix babylonica"
"2646860806","Salix babylonica",-78.714491,35.795448,2019,10,26,"US","Salix babylonica"
"2649328360","Salix babylonica",-88.022673,40.102225,2019,10,14,"US","Salix babylonica"
"2974471742","Salix babylonica",-73.555184,44.693039,2019,10,10,"US","Salix babylonica"
"2465198683","Salix babylonica",-88.790828,33.461934,2019,11,15,"US","Salix babylonica"
"2646837554","Salix babylonica",-81.442604,28.562189,2019,11,9,"US","Salix babylonica"
"2646923252","Salix babylonica",-121.965401,38.267154,2019,11,4,"US","Salix babylonica"
"2650021966","Salix babylonica",-104.723943,38.862159,2019,11,21,"US","Salix babylonica"
"2650036385","Salix babylonica",-76.437902,39.007718,2019,11,25,"US","Salix babylonica"
"2649646197","Salix babylonica",-118.116288,34.127814,2019,12,30,"US","Salix babylonica"
"2650048998","Salix babylonica",-121.907793,37.68502,2019,12,14,"US","Salix babylonica"
"1836606200","Salix babylonica",-73.757802,40.76011,2018,3,10,"US","Salix babylonica"
"1837056321","Salix babylonica",-82.55648,35.63313,2018,3,15,"US","Salix babylonica"
"1838308787","Salix babylonica",-73.989267,40.961271,2018,4,13,"US","Salix babylonica"
"1839271610","Salix babylonica",-74.372549,40.661564,2018,4,26,"US","Salix babylonica"
"1841197920","Salix babylonica",-73.989143,40.961645,2018,4,27,"US","Salix babylonica"
"1841227079","Salix babylonica",-81.618365,41.512277,2018,4,28,"US","Salix babylonica"
"1841229130","Salix babylonica",-71.18393,42.425332,2018,4,28,"US","Salix babylonica"
"1841229836","Salix babylonica",-81.413511,41.347184,2018,4,28,"US","Salix babylonica"
"1841242484","Salix babylonica",-81.525712,41.139937,2018,4,28,"US","Salix babylonica"
"1841246801","Salix babylonica",-71.073933,42.410138,2018,4,29,"US","Salix babylonica"
"1841251493","Salix babylonica",-81.310684,41.292625,2018,4,29,"US","Salix babylonica"
"1841251795","Salix babylonica",-81.69674,41.389363,2018,4,29,"US","Salix babylonica"
"1841252329","Salix babylonica",-70.900047,42.524193,2018,4,28,"US","Salix babylonica"
"1841254190","Salix babylonica",-73.759728,40.759813,2018,4,29,"US","Salix babylonica"
"1841256279","Salix babylonica",-96.134866,41.312532,2018,4,29,"US","Salix babylonica"
"1841257952","Salix babylonica",-93.235056,44.91298,2018,4,29,"US","Salix babylonica"
"1841261747","Salix babylonica",-78.732907,35.874173,2018,4,29,"US","Salix babylonica"
"1841263504","Salix babylonica",-92.055523,46.73153,2018,4,29,"US","Salix babylonica"
"1841283189","Salix babylonica",-104.963272,39.671105,2018,4,30,"US","Salix babylonica"
"1841285487","Salix babylonica",-104.963503,39.671135,2018,4,30,"US","Salix babylonica"
"1841285528","Salix babylonica",-104.963486,39.671104,2018,4,30,"US","Salix babylonica"
"1841286947","Salix babylonica",-104.96124,39.670418,2018,4,30,"US","Salix babylonica"
"1841290194","Salix babylonica",-104.963545,39.670992,2018,4,30,"US","Salix babylonica"
"1841294500","Salix babylonica",-104.963387,39.67115,2018,4,30,"US","Salix babylonica"
"1841310879","Salix babylonica",-70.936561,42.547672,2018,4,30,"US","Salix babylonica"
"1841314981","Salix babylonica",-73.974053,40.767056,2018,4,30,"US","Salix babylonica"
"1847421000","Salix babylonica",-93.243065,44.915324,2018,4,27,"US","Salix babylonica"
"1847431250","Salix babylonica",-81.619744,41.244571,2018,5,1,"US","Salix babylonica"
"2574972523","Salix babylonica",-104.915875,39.672332,2018,6,7,"US","Salix babylonica"
"3770162388","Salix babylonica",-83.8365,43.041972,2018,6,13,"US","Salix babylonica"
"1914193731","Salix babylonica",-72.64782,41.813217,2018,7,18,"US","Salix babylonica"
"2244212474","Salix babylonica",-93.315506,44.652626,2018,7,5,"US","Salix babylonica"
"1899802805","Salix babylonica",-73.989238,40.961599,2018,8,29,"US","Salix babylonica"
"1944374544","Salix babylonica",-72.5358,41.813493,2018,8,9,"US","Salix babylonica"
"1901079971","Salix babylonica",-122.156915,47.983615,2018,9,3,"US","Salix babylonica"
"1931480472","Salix babylonica",-71.084861,42.35373,2018,9,30,"US","Salix babylonica"
"1933543994","Salix babylonica",-81.814603,41.288353,2018,9,30,"US","Salix babylonica"
"1933545076","Salix babylonica",-84.811144,34.273467,2018,10,2,"US","Salix babylonica"
"1933599826","Salix babylonica",-74.108277,40.960769,2018,11,2,"US","Salix babylonica"
"1948769171","Salix babylonica",-90.880585,46.569717,2018,12,3,"US","Salix babylonica"
"1453508414","Salix babylonica",-82.322797,35.616155,2017,3,12,"US","Salix babylonica"
"3039373319","Salix babylonica",-117.851847,33.584795,2017,3,17,"US","Salix babylonica"
"1500267707","Salix babylonica",-77.939505,38.510472,2017,4,18,"US","Salix babylonica"
"1500270723","Salix babylonica",-77.227213,38.677046,2017,4,18,"US","Salix babylonica"
"1500273088","Salix babylonica",-122.27942,38.185345,2017,4,17,"US","Salix babylonica"
"1500285576","Salix babylonica",-77.655905,38.445862,2017,4,20,"US","Salix babylonica"
"1899814515","Salix babylonica",-104.833576,38.883727,2017,4,14,"US","Salix babylonica"
"1562935632","Salix babylonica",-73.275858,43.70167,2017,5,12,"US","Salix babylonica"
"1571091873","Salix babylonica",-79.958281,39.598865,2017,6,4,"US","Salix babylonica"
"1571154543","Salix babylonica",-79.732881,38.90966,2017,6,18,"US","Salix babylonica"
"1571174203","Salix babylonica",-76.950737,38.908375,2017,6,23,"US","Salix babylonica"
"1802624005","Salix babylonica",-81.53983,41.266665,2017,6,28,"US","Salix babylonica"
"1621778209","Salix babylonica",-76.984437,40.118017,2017,8,18,"US","Salix babylonica"
"1668853116","Salix babylonica",-81.563873,41.237544,2017,8,19,"US","Salix babylonica"
"1640120703","Salix babylonica",-73.754735,40.76178,2017,9,11,"US","Salix babylonica"
"1668816125","Salix babylonica",-71.009221,42.318189,2017,9,16,"US","Salix babylonica"
"1668852214","Salix babylonica",-121.854325,37.364556,2017,9,23,"US","Salix babylonica"
"1668854187","Salix babylonica",-81.697378,41.166938,2017,9,10,"US","Salix babylonica"
"1668855449","Salix babylonica",-81.634412,41.141156,2017,9,24,"US","Salix babylonica"
"1668873960","Salix babylonica",-81.514743,41.167677,2017,9,4,"US","Salix babylonica"
"1671719664","Salix babylonica",-72.495338,41.831362,2017,9,25,"US","Salix babylonica"
"1802635984","Salix babylonica",-89.629362,41.030153,2017,9,30,"US","Salix babylonica"
"1836623373","Salix babylonica",-85.165852,41.073961,2017,9,8,"US","Salix babylonica"
"2596066733","Salix babylonica",-97.432887,32.667683,2017,9,9,"US","Salix babylonica"
"3109290305","Salix babylonica",-81.542981,41.091075,2017,9,24,"US","Salix babylonica"
"1831151211","Salix babylonica",-81.456322,41.1498,2017,10,1,"US","Salix babylonica"
"1699394656","Salix babylonica",-71.087509,42.401668,2017,11,2,"US","Salix babylonica"
"1805373283","Salix babylonica",-87.373189,36.50832,2017,11,5,"US","Salix babylonica"
"1233600677","Salix babylonica",-121.91067,37.350312,2016,1,10,"US","Salix babylonica"
"1453077599","Salix babylonica",-74.26515,40.926767,2016,3,23,"US","Salix babylonica"
"3393945967","Salix babylonica",-73.858142,40.571054,2016,3,10,"US","Salix babylonica"
"1453079807","Salix babylonica",-74.56077,40.508049,2016,4,9,"US","Salix babylonica"
"2422865781","Salix babylonica",-94.421517,45.454483,2016,4,19,"US","Salix babylonica"
"3393631095","Salix babylonica",-73.738828,40.77472,2016,4,15,"US","Salix babylonica"
"1929295419","Salix babylonica",-73.969908,40.776081,2016,5,25,"US","Salix babylonica"
"3393629146","Salix babylonica",-73.742326,40.772714,2016,5,5,"US","Salix babylonica"
"1273845650","Salix babylonica",-87.799194,41.836502,2016,6,13,"US","Salix babylonica"
"3393614222","Salix babylonica",-74.00599,40.683027,2016,6,8,"US","Salix babylonica"
"3393634610","Salix babylonica",-73.732681,40.657582,2016,6,14,"US","Salix babylonica"
"3393635299","Salix babylonica",-73.778836,40.756922,2016,6,24,"US","Salix babylonica"
"3393636815","Salix babylonica",-73.71476,40.738685,2016,6,17,"US","Salix babylonica"
"3393637071","Salix babylonica",-73.79855,40.788204,2016,6,22,"US","Salix babylonica"
"3393637374","Salix babylonica",-73.77955,40.683496,2016,6,10,"US","Salix babylonica"
"3393638066","Salix babylonica",-73.737099,40.727304,2016,6,21,"US","Salix babylonica"
"3393641113","Salix babylonica",-73.784568,40.785082,2016,6,6,"US","Salix babylonica"
"3393646239","Salix babylonica",-73.800023,40.790329,2016,6,23,"US","Salix babylonica"
"3393651285","Salix babylonica",-73.786175,40.754372,2016,6,24,"US","Salix babylonica"
"3393659518","Salix babylonica",-73.806699,40.726876,2016,6,28,"US","Salix babylonica"
"3393966076","Salix babylonica",-73.816161,40.786684,2016,6,21,"US","Salix babylonica"
"3393973229","Salix babylonica",-73.790701,40.754872,2016,6,24,"US","Salix babylonica"
"3393642245","Salix babylonica",-73.770134,40.748798,2016,7,28,"US","Salix babylonica"
"3393646895","Salix babylonica",-74.033891,40.614548,2016,7,5,"US","Salix babylonica"
"3393653344","Salix babylonica",-73.997853,40.636507,2016,7,13,"US","Salix babylonica"
"3393653426","Salix babylonica",-74.000988,40.629826,2016,7,14,"US","Salix babylonica"
"3393658857","Salix babylonica",-74.035601,40.614278,2016,7,5,"US","Salix babylonica"
"3393658899","Salix babylonica",-74.028957,40.632543,2016,7,6,"US","Salix babylonica"
"3393668668","Salix babylonica",-73.963044,40.643734,2016,7,17,"US","Salix babylonica"
"3393669004","Salix babylonica",-73.818255,40.666674,2016,7,21,"US","Salix babylonica"
"3393670562","Salix babylonica",-73.963019,40.643604,2016,7,17,"US","Salix babylonica"
"3393671140","Salix babylonica",-74.00623,40.634362,2016,7,27,"US","Salix babylonica"
"3393671460","Salix babylonica",-73.812549,40.672197,2016,7,14,"US","Salix babylonica"
"3393976066","Salix babylonica",-73.878883,40.763842,2016,7,7,"US","Salix babylonica"
"3393993054","Salix babylonica",-73.835788,40.687648,2016,7,26,"US","Salix babylonica"
"3394000338","Salix babylonica",-73.769132,40.748493,2016,7,28,"US","Salix babylonica"
"1315061895","Salix babylonica",-86.730138,36.1703,2016,8,21,"US","Salix babylonica"
"1981530011","Salix babylonica",-95.514778,39.529472,2016,8,6,"US","Salix babylonica"
"3393664797","Salix babylonica",-73.84684,40.577384,2016,8,4,"US","Salix babylonica"
"3393664828","Salix babylonica",-73.772126,40.718004,2016,8,5,"US","Salix babylonica"
"3393664926","Salix babylonica",-73.935628,40.609008,2016,8,7,"US","Salix babylonica"
"3393665662","Salix babylonica",-73.772535,40.661285,2016,8,3,"US","Salix babylonica"
"3393665836","Salix babylonica",-73.935758,40.609124,2016,8,7,"US","Salix babylonica"
"3393674797","Salix babylonica",-73.896419,40.724007,2016,8,23,"US","Salix babylonica"
"3393674970","Salix babylonica",-73.817887,40.71085,2016,8,24,"US","Salix babylonica"
"3393676890","Salix babylonica",-73.817512,40.71132,2016,8,24,"US","Salix babylonica"
"3393678795","Salix babylonica",-73.819564,40.771219,2016,8,6,"US","Salix babylonica"
"3393680787","Salix babylonica",-73.933244,40.615829,2016,8,23,"US","Salix babylonica"
"3393682055","Salix babylonica",-73.747162,40.747436,2016,8,11,"US","Salix babylonica"
"3393682438","Salix babylonica",-73.793318,40.749739,2016,8,1,"US","Salix babylonica"
"3393682861","Salix babylonica",-73.810623,40.767983,2016,8,7,"US","Salix babylonica"
"3393683035","Salix babylonica",-73.786845,40.759425,2016,8,9,"US","Salix babylonica"
"3393688188","Salix babylonica",-73.768303,40.747197,2016,8,26,"US","Salix babylonica"
"3393691688","Salix babylonica",-73.896451,40.723997,2016,8,23,"US","Salix babylonica"
"3393692713","Salix babylonica",-73.943159,40.614862,2016,8,23,"US","Salix babylonica"
"3393976722","Salix babylonica",-73.7722,40.718108,2016,8,5,"US","Salix babylonica"
"3393976990","Salix babylonica",-73.795536,40.760517,2016,8,9,"US","Salix babylonica"
"3393989862","Salix babylonica",-73.791284,40.760886,2016,8,9,"US","Salix babylonica"
"3393998708","Salix babylonica",-73.910918,40.660705,2016,8,23,"US","Salix babylonica"
"3394000738","Salix babylonica",-73.805441,40.782075,2016,8,4,"US","Salix babylonica"
"3394008818","Salix babylonica",-73.880434,40.704838,2016,8,24,"US","Salix babylonica"
"3394009787","Salix babylonica",-73.916485,40.614257,2016,8,24,"US","Salix babylonica"
"3394010661","Salix babylonica",-73.77625,40.77559,2016,8,21,"US","Salix babylonica"
"3394011114","Salix babylonica",-73.766451,40.747669,2016,8,26,"US","Salix babylonica"
"3394012410","Salix babylonica",-73.831823,40.78804,2016,8,18,"US","Salix babylonica"
"3394012596","Salix babylonica",-73.903579,40.722064,2016,8,22,"US","Salix babylonica"
"3394013144","Salix babylonica",-73.794299,40.715871,2016,8,29,"US","Salix babylonica"
"1315070166","Salix babylonica",-87.613821,41.693525,2016,9,15,"US","Salix babylonica"
"1323006177","Salix babylonica",-93.308057,44.931968,2016,9,24,"US","Salix babylonica"
"1323019026","Salix babylonica",-77.791978,42.81572,2016,9,11,"US","Salix babylonica"
"1453118657","Salix babylonica",-80.031219,40.620037,2016,9,27,"US","Salix babylonica"
"1571062925","Salix babylonica",-87.717415,37.961221,2016,9,7,"US","Salix babylonica"
"3393669527","Salix babylonica",-73.78264,40.697918,2016,9,2,"US","Salix babylonica"
"3393679521","Salix babylonica",-73.811723,40.69025,2016,9,16,"US","Salix babylonica"
"3393679589","Salix babylonica",-73.806426,40.707454,2016,9,18,"US","Salix babylonica"
"3393679599","Salix babylonica",-73.80244,40.711926,2016,9,18,"US","Salix babylonica"
"3393683524","Salix babylonica",-73.804468,40.711097,2016,9,1,"US","Salix babylonica"
"3393683744","Salix babylonica",-73.99357,40.602812,2016,9,5,"US","Salix babylonica"
"3393685105","Salix babylonica",-73.844681,40.674916,2016,9,9,"US","Salix babylonica"
"3393689842","Salix babylonica",-73.81118,40.776233,2016,9,6,"US","Salix babylonica"
"3393690682","Salix babylonica",-73.813691,40.690055,2016,9,16,"US","Salix babylonica"
"3393690941","Salix babylonica",-73.798301,40.705423,2016,9,25,"US","Salix babylonica"
"3393694865","Salix babylonica",-73.821491,40.712431,2016,9,23,"US","Salix babylonica"
"3393699048","Salix babylonica",-73.917545,40.662802,2016,9,7,"US","Salix babylonica"
"3393704452","Salix babylonica",-74.01032,40.610516,2016,9,12,"US","Salix babylonica"
"3393704503","Salix babylonica",-74.009764,40.625357,2016,9,13,"US","Salix babylonica"
"3393704951","Salix babylonica",-73.803252,40.683035,2016,9,23,"US","Salix babylonica"
"3393710388","Salix babylonica",-73.97592,40.640855,2016,9,13,"US","Salix babylonica"
"3393711616","Salix babylonica",-73.813715,40.690103,2016,9,16,"US","Salix babylonica"
"3394006649","Salix babylonica",-73.805413,40.708536,2016,9,18,"US","Salix babylonica"
"3394016373","Salix babylonica",-73.812064,40.670622,2016,9,14,"US","Salix babylonica"
"3394019564","Salix babylonica",-73.79006,40.696301,2016,9,2,"US","Salix babylonica"
"3394021894","Salix babylonica",-73.850977,40.66079,2016,9,7,"US","Salix babylonica"
"3394021903","Salix babylonica",-73.851378,40.660823,2016,9,7,"US","Salix babylonica"
"3394026845","Salix babylonica",-73.851105,40.660937,2016,9,7,"US","Salix babylonica"
"3394028671","Salix babylonica",-73.849264,40.668349,2016,9,19,"US","Salix babylonica"
"3394029650","Salix babylonica",-73.845427,40.679362,2016,9,16,"US","Salix babylonica"
"3394030406","Salix babylonica",-73.812097,40.670514,2016,9,14,"US","Salix babylonica"
"3394030613","Salix babylonica",-73.861711,40.687987,2016,9,18,"US","Salix babylonica"
"1453123082","Salix babylonica",-77.823327,42.802082,2016,10,6,"US","Salix babylonica"
"1453124294","Salix babylonica",-73.91638,41.383861,2016,10,3,"US","Salix babylonica"
"1453131447","Salix babylonica",-84.218639,42.185992,2016,10,10,"US","Salix babylonica"
"1453146149","Salix babylonica",-92.401622,36.322173,2016,10,16,"US","Salix babylonica"
"1453146186","Salix babylonica",-71.121047,42.320953,2016,10,15,"US","Salix babylonica"
"1453146376","Salix babylonica",-76.431632,37.170499,2016,10,16,"US","Salix babylonica"
"1453150569","Salix babylonica",-122.877393,38.448446,2016,10,17,"US","Salix babylonica"
"1453157419","Salix babylonica",-122.292328,47.654472,2016,10,20,"US","Salix babylonica"
"1453199436","Salix babylonica",-70.232688,43.641438,2016,11,6,"US","Salix babylonica"
"1453212003","Salix babylonica",-76.918854,39.390491,2016,11,12,"US","Salix babylonica"
"1453220341","Salix babylonica",-87.870978,41.576941,2016,11,15,"US","Salix babylonica"
"1453263837","Salix babylonica",-76.117511,43.026085,2016,12,4,"US","Salix babylonica"
"1453267545","Salix babylonica",-122.414932,47.194499,2016,12,6,"US","Salix babylonica"
"1098895234","Salix babylonica",-74.497042,40.745736,2015,3,21,"US","Salix babylonica"
"1258156761","Salix babylonica",-90.259782,38.612578,2015,4,10,"US","Salix babylonica"
"1453053305","Salix babylonica",-93.1791,44.884847,2015,4,12,"US","Salix babylonica"
"1572327704","Salix babylonica",-91.552368,41.671551,2015,5,16,"US","Salix babylonica"
"3393358373","Salix babylonica",-73.776097,40.786504,2015,5,22,"US","Salix babylonica"
"3393358409","Salix babylonica",-73.941835,40.733163,2015,5,26,"US","Salix babylonica"
"3393363539","Salix babylonica",-74.075795,40.63815,2015,5,29,"US","Salix babylonica"
"3393696376","Salix babylonica",-73.776165,40.786598,2015,5,22,"US","Salix babylonica"
"3393708376","Salix babylonica",-73.776233,40.786691,2015,5,22,"US","Salix babylonica"
"3393716379","Salix babylonica",-73.776287,40.786764,2015,5,22,"US","Salix babylonica"
"3393724377","Salix babylonica",-73.776308,40.786793,2015,5,22,"US","Salix babylonica"
"3393363143","Salix babylonica",-74.061766,40.608641,2015,6,15,"US","Salix babylonica"
"3393377154","Salix babylonica",-73.835555,40.649476,2015,6,30,"US","Salix babylonica"
"3393377163","Salix babylonica",-73.860804,40.67315,2015,6,30,"US","Salix babylonica"
"3393378164","Salix babylonica",-73.835585,40.6496,2015,6,30,"US","Salix babylonica"
"3393378173","Salix babylonica",-73.860823,40.67322,2015,6,30,"US","Salix babylonica"
"3393378373","Salix babylonica",-73.956357,40.746682,2015,6,18,"US","Salix babylonica"
"3393379385","Salix babylonica",-73.95632,40.746791,2015,6,18,"US","Salix babylonica"
"3393381371","Salix babylonica",-73.9564,40.746549,2015,6,18,"US","Salix babylonica"
"3393382129","Salix babylonica",-73.835595,40.649641,2015,6,30,"US","Salix babylonica"
"3393383138","Salix babylonica",-73.835565,40.649519,2015,6,30,"US","Salix babylonica"
"3393383146","Salix babylonica",-73.860814,40.673189,2015,6,30,"US","Salix babylonica"
"3393385144","Salix babylonica",-73.860796,40.673119,2015,6,30,"US","Salix babylonica"
"3393715687","Salix babylonica",-74.076179,40.593149,2015,6,24,"US","Salix babylonica"
"3393722911","Salix babylonica",-73.825705,40.789085,2015,6,9,"US","Salix babylonica"
"3393724741","Salix babylonica",-73.833264,40.701209,2015,6,4,"US","Salix babylonica"
"3393724893","Salix babylonica",-73.825806,40.789071,2015,6,9,"US","Salix babylonica"
"3393728367","Salix babylonica",-73.977123,40.651544,2015,6,17,"US","Salix babylonica"
"3393730686","Salix babylonica",-73.885045,40.684121,2015,6,24,"US","Salix babylonica"
"3393730912","Salix babylonica",-73.855708,40.752603,2015,6,27,"US","Salix babylonica"
"3393739149","Salix babylonica",-73.860785,40.673078,2015,6,30,"US","Salix babylonica"
"1135529654","Salix babylonica",-72.461075,44.310917,2015,7,3,"US","Salix babylonica"
"1227720339","Salix babylonica",-72.490437,44.361665,2015,7,27,"US","Salix babylonica"
"1806321317","Salix babylonica",-72.513595,44.351795,2015,7,24,"US","Salix babylonica"
"2647178340","Salix babylonica",-88.356925,42.021552,2015,7,25,"US","Salix babylonica"
"3393386502","Salix babylonica",-73.816824,40.713074,2015,7,6,"US","Salix babylonica"
"3393388646","Salix babylonica",-73.904233,40.699771,2015,7,7,"US","Salix babylonica"
"3393393488","Salix babylonica",-73.816761,40.713179,2015,7,6,"US","Salix babylonica"
"3393396647","Salix babylonica",-73.9249,40.681722,2015,7,18,"US","Salix babylonica"
"3393401942","Salix babylonica",-73.985933,40.710647,2015,7,21,"US","Salix babylonica"
"3393402071","Salix babylonica",-73.725592,40.764423,2015,7,22,"US","Salix babylonica"
"3393403970","Salix babylonica",-73.986013,40.710637,2015,7,21,"US","Salix babylonica"
"3393406997","Salix babylonica",-74.091228,40.58455,2015,7,31,"US","Salix babylonica"
"3393409949","Salix babylonica",-74.097435,40.586274,2015,7,31,"US","Salix babylonica"
"3393723469","Salix babylonica",-73.769283,40.724445,2015,7,6,"US","Salix babylonica"
"3393726469","Salix babylonica",-73.769241,40.72444,2015,7,6,"US","Salix babylonica"
"3393741635","Salix babylonica",-74.12293,40.574687,2015,7,28,"US","Salix babylonica"
"3393741942","Salix babylonica",-74.097202,40.58632,2015,7,31,"US","Salix babylonica"
"3393743875","Salix babylonica",-73.94681,40.822232,2015,7,30,"US","Salix babylonica"
"1211972706","Salix babylonica",-72.441818,44.348537,2015,8,7,"US","Salix babylonica"
"3393416205","Salix babylonica",-73.777736,40.764797,2015,8,11,"US","Salix babylonica"
"3393419049","Salix babylonica",-73.981138,40.697527,2015,8,9,"US","Salix babylonica"
"3393419576","Salix babylonica",-73.962588,40.802337,2015,8,5,"US","Salix babylonica"
"3393426983","Salix babylonica",-73.995782,40.687142,2015,8,17,"US","Salix babylonica"
"3393427563","Salix babylonica",-74.097514,40.580818,2015,8,13,"US","Salix babylonica"
"3393428509","Salix babylonica",-74.092737,40.578612,2015,8,13,"US","Salix babylonica"
"3393430518","Salix babylonica",-74.097546,40.580793,2015,8,13,"US","Salix babylonica"
"3393432402","Salix babylonica",-74.093014,40.575114,2015,8,12,"US","Salix babylonica"
"3393433084","Salix babylonica",-73.817013,40.58556,2015,8,18,"US","Salix babylonica"
"3393438077","Salix babylonica",-74.156455,40.628039,2015,8,26,"US","Salix babylonica"
"3393443666","Salix babylonica",-73.898847,40.872906,2015,8,23,"US","Salix babylonica"
"3393444670","Salix babylonica",-73.8982,40.769156,2015,8,23,"US","Salix babylonica"
"3393453610","Salix babylonica",-73.999673,40.676056,2015,8,31,"US","Salix babylonica"
"3393728110","Salix babylonica",-73.899486,40.773765,2015,8,1,"US","Salix babylonica"
"3393735462","Salix babylonica",-73.95469,40.726482,2015,8,4,"US","Salix babylonica"
"3393745424","Salix babylonica",-73.897989,40.710889,2015,8,12,"US","Salix babylonica"
"3393753752","Salix babylonica",-73.776938,40.763301,2015,8,7,"US","Salix babylonica"
"3393761420","Salix babylonica",-73.897992,40.710709,2015,8,12,"US","Salix babylonica"
"3393763154","Salix babylonica",-74.086795,40.581089,2015,8,18,"US","Salix babylonica"
"3393765143","Salix babylonica",-74.086821,40.581102,2015,8,18,"US","Salix babylonica"
"3393771835","Salix babylonica",-73.937598,40.604166,2015,8,24,"US","Salix babylonica"
"3393772098","Salix babylonica",-73.978265,40.728685,2015,8,26,"US","Salix babylonica"
"3393772261","Salix babylonica",-73.834868,40.651037,2015,8,28,"US","Salix babylonica"
"3393776102","Salix babylonica",-73.978198,40.728656,2015,8,26,"US","Salix babylonica"
"3393777376","Salix babylonica",-73.897869,40.710837,2015,8,12,"US","Salix babylonica"
"3393777570","Salix babylonica",-73.847925,40.710821,2015,8,14,"US","Salix babylonica"
"3393781425","Salix babylonica",-73.892056,40.855392,2015,8,29,"US","Salix babylonica"
"3393781647","Salix babylonica",-73.999348,40.67743,2015,8,31,"US","Salix babylonica"
"3393787644","Salix babylonica",-73.914127,40.706531,2015,8,23,"US","Salix babylonica"
"1806321458","Salix babylonica",-72.427227,44.385342,2015,9,11,"US","Salix babylonica"
"3393453865","Salix babylonica",-73.827819,40.705986,2015,9,2,"US","Salix babylonica"
"3393455911","Salix babylonica",-73.978189,40.677174,2015,9,12,"US","Salix babylonica"
"3393456497","Salix babylonica",-73.961652,40.811093,2015,9,8,"US","Salix babylonica"
"3393458640","Salix babylonica",-74.137742,40.569099,2015,9,9,"US","Salix babylonica"
"3393460506","Salix babylonica",-74.118834,40.557195,2015,9,9,"US","Salix babylonica"
"3393462018","Salix babylonica",-73.836212,40.70185,2015,9,13,"US","Salix babylonica"
"3393464502","Salix babylonica",-74.11845,40.553182,2015,9,8,"US","Salix babylonica"
"3393472121","Salix babylonica",-73.938661,40.607691,2015,9,22,"US","Salix babylonica"
"3393472841","Salix babylonica",-73.975454,40.656378,2015,9,19,"US","Salix babylonica"
"3393475572","Salix babylonica",-74.166696,40.597822,2015,9,24,"US","Salix babylonica"
"3393476658","Salix babylonica",-74.027295,40.624089,2015,9,25,"US","Salix babylonica"
"3393477069","Salix babylonica",-73.937361,40.62323,2015,9,28,"US","Salix babylonica"
"3393479535","Salix babylonica",-73.831132,40.843185,2015,9,24,"US","Salix babylonica"
"3393482266","Salix babylonica",-73.873904,40.830244,2015,9,30,"US","Salix babylonica"
"3393784693","Salix babylonica",-74.114093,40.559344,2015,9,19,"US","Salix babylonica"
"3393785083","Salix babylonica",-73.730932,40.719542,2015,9,22,"US","Salix babylonica"
"3393791998","Salix babylonica",-73.918634,40.711559,2015,9,14,"US","Salix babylonica"
"3393793319","Salix babylonica",-73.990445,40.594118,2015,9,5,"US","Salix babylonica"
"3393798239","Salix babylonica",-73.940098,40.715064,2015,9,5,"US","Salix babylonica"
"3393799886","Salix babylonica",-73.834655,40.84257,2015,9,1,"US","Salix babylonica"
"3393801551","Salix babylonica",-73.828766,40.841276,2015,9,18,"US","Salix babylonica"
"3393802036","Salix babylonica",-73.730781,40.719565,2015,9,22,"US","Salix babylonica"
"3393810082","Salix babylonica",-73.836547,40.701837,2015,9,13,"US","Salix babylonica"
"3393812376","Salix babylonica",-73.724106,40.73178,2015,9,23,"US","Salix babylonica"
"3393815046","Salix babylonica",-73.946367,40.70682,2015,9,28,"US","Salix babylonica"
"3393816528","Salix babylonica",-74.100571,40.572943,2015,9,8,"US","Salix babylonica"
"3393817229","Salix babylonica",-73.834617,40.693712,2015,9,15,"US","Salix babylonica"
"3393818256","Salix babylonica",-73.834582,40.693642,2015,9,15,"US","Salix babylonica"
"3393829614","Salix babylonica",-74.023714,40.627069,2015,9,25,"US","Salix babylonica"
"3393488946","Salix babylonica",-73.965287,40.773486,2015,10,6,"US","Salix babylonica"
"3393492025","Salix babylonica",-74.140618,40.544788,2015,10,6,"US","Salix babylonica"
"3393492995","Salix babylonica",-73.964962,40.77335,2015,10,6,"US","Salix babylonica"
"3393501612","Salix babylonica",-73.953018,40.613102,2015,10,8,"US","Salix babylonica"
"3393505488","Salix babylonica",-73.961803,40.769405,2015,10,8,"US","Salix babylonica"
"3393508016","Salix babylonica",-74.166941,40.596321,2015,10,15,"US","Salix babylonica"
"3393508302","Salix babylonica",-74.155669,40.534289,2015,10,13,"US","Salix babylonica"
"3393516193","Salix babylonica",-74.143648,40.53997,2015,10,16,"US","Salix babylonica"
"3393519229","Salix babylonica",-74.189609,40.530882,2015,10,21,"US","Salix babylonica"
"3393522105","Salix babylonica",-74.175681,40.52814,2015,10,26,"US","Salix babylonica"
"3393523351","Salix babylonica",-73.807366,40.762812,2015,10,16,"US","Salix babylonica"
"3393523597","Salix babylonica",-73.860692,40.8714,2015,10,19,"US","Salix babylonica"
"3393525153","Salix babylonica",-74.222124,40.530047,2015,10,21,"US","Salix babylonica"
"3393525819","Salix babylonica",-74.176551,40.548371,2015,10,20,"US","Salix babylonica"
"3393526437","Salix babylonica",-74.209132,40.539267,2015,10,22,"US","Salix babylonica"
"3393531010","Salix babylonica",-74.191461,40.543443,2015,10,29,"US","Salix babylonica"
"3393533254","Salix babylonica",-73.860061,40.852788,2015,10,26,"US","Salix babylonica"
"3393536075","Salix babylonica",-73.832709,40.854594,2015,10,26,"US","Salix babylonica"
"3393536628","Salix babylonica",-73.911304,40.749885,2015,10,27,"US","Salix babylonica"
"3393537569","Salix babylonica",-73.911226,40.749876,2015,10,27,"US","Salix babylonica"
"3393538587","Salix babylonica",-73.911267,40.749881,2015,10,27,"US","Salix babylonica"
"3393539609","Salix babylonica",-73.911366,40.749892,2015,10,27,"US","Salix babylonica"
"3393542646","Salix babylonica",-73.911335,40.749889,2015,10,27,"US","Salix babylonica"
"3393549398","Salix babylonica",-73.784973,40.75391,2015,10,30,"US","Salix babylonica"
"3393805590","Salix babylonica",-73.991853,40.665884,2015,10,3,"US","Salix babylonica"
"3393815533","Salix babylonica",-73.971765,40.757814,2015,10,9,"US","Salix babylonica"
"3393822880","Salix babylonica",-74.110899,40.572,2015,10,5,"US","Salix babylonica"
"3393833073","Salix babylonica",-73.956216,40.63573,2015,10,11,"US","Salix babylonica"
"3393841648","Salix babylonica",-73.852833,40.862108,2015,10,14,"US","Salix babylonica"
"3393846027","Salix babylonica",-73.820382,40.690427,2015,10,26,"US","Salix babylonica"
"3393846822","Salix babylonica",-73.821003,40.847878,2015,10,5,"US","Salix babylonica"
"3393849120","Salix babylonica",-73.9585,40.605246,2015,10,12,"US","Salix babylonica"
"3393850427","Salix babylonica",-73.849061,40.727855,2015,10,17,"US","Salix babylonica"
"3393853104","Salix babylonica",-73.929536,40.752854,2015,10,21,"US","Salix babylonica"
"3393855353","Salix babylonica",-74.241905,40.499796,2015,10,8,"US","Salix babylonica"
"3393856366","Salix babylonica",-73.953031,40.746978,2015,10,27,"US","Salix babylonica"
"3393856517","Salix babylonica",-73.911453,40.749902,2015,10,27,"US","Salix babylonica"
"3393866948","Salix babylonica",-73.919229,40.682372,2015,10,15,"US","Salix babylonica"
"3393867058","Salix babylonica",-73.841828,40.870456,2015,10,15,"US","Salix babylonica"
"3393867242","Salix babylonica",-73.844749,40.876113,2015,10,16,"US","Salix babylonica"
"3393873842","Salix babylonica",-74.176699,40.54824,2015,10,20,"US","Salix babylonica"
"3393876778","Salix babylonica",-73.870014,40.724183,2015,10,19,"US","Salix babylonica"
"3393883352","Salix babylonica",-73.941295,40.740887,2015,10,30,"US","Salix babylonica"
"3393890260","Salix babylonica",-73.856661,40.829359,2015,10,30,"US","Salix babylonica"
"3393555951","Salix babylonica",-74.077627,40.589579,2015,11,7,"US","Salix babylonica"
"3393556736","Salix babylonica",-73.886165,40.655339,2015,11,6,"US","Salix babylonica"
"3393559445","Salix babylonica",-74.077696,40.624258,2015,11,4,"US","Salix babylonica"
"3393559577","Salix babylonica",-73.860092,40.742699,2015,11,5,"US","Salix babylonica"
"3393559685","Salix babylonica",-73.873784,40.673027,2015,11,5,"US","Salix babylonica"
"3393559912","Salix babylonica",-74.077905,40.589754,2015,11,7,"US","Salix babylonica"
"3393560379","Salix babylonica",-73.859141,40.671491,2015,11,12,"US","Salix babylonica"
"3393560450","Salix babylonica",-73.887228,40.668196,2015,11,12,"US","Salix babylonica"
"3393562671","Salix babylonica",-73.788447,40.849764,2015,11,6,"US","Salix babylonica"
"3393562848","Salix babylonica",-74.077622,40.589608,2015,11,7,"US","Salix babylonica"
"3393578755","Salix babylonica",-73.90088,40.815821,2015,11,23,"US","Salix babylonica"
"3393592093","Salix babylonica",-74.118675,40.553975,2015,11,30,"US","Salix babylonica"
"3393877981","Salix babylonica",-74.091238,40.575035,2015,11,10,"US","Salix babylonica"
"3393883981","Salix babylonica",-73.85807,40.743212,2015,11,3,"US","Salix babylonica"
"3393884240","Salix babylonica",-73.751233,40.773456,2015,11,4,"US","Salix babylonica"
"3393894697","Salix babylonica",-73.788572,40.850117,2015,11,6,"US","Salix babylonica"
"3393898552","Salix babylonica",-74.138311,40.634419,2015,11,21,"US","Salix babylonica"
"3393900785","Salix babylonica",-73.879495,40.657952,2015,11,6,"US","Salix babylonica"
"3393903161","Salix babylonica",-74.166131,40.626379,2015,11,18,"US","Salix babylonica"
"3393904818","Salix babylonica",-73.886806,40.654963,2015,11,6,"US","Salix babylonica"
"3393907237","Salix babylonica",-74.153752,40.63143,2015,11,18,"US","Salix babylonica"
"3393907645","Salix babylonica",-74.006443,40.682587,2015,11,13,"US","Salix babylonica"
"3393907804","Salix babylonica",-73.934533,40.80479,2015,11,16,"US","Salix babylonica"
"3393909923","Salix babylonica",-73.989686,40.578558,2015,11,7,"US","Salix babylonica"
"3393910407","Salix babylonica",-74.163457,40.622601,2015,11,19,"US","Salix babylonica"
"3393916082","Salix babylonica",-73.817396,40.770642,2015,11,10,"US","Salix babylonica"
"3393916732","Salix babylonica",-73.901716,40.817251,2015,11,23,"US","Salix babylonica"
"3393927663","Salix babylonica",-74.091404,40.574945,2015,11,14,"US","Salix babylonica"
"3393932717","Salix babylonica",-73.901857,40.81728,2015,11,23,"US","Salix babylonica"
"3393597434","Salix babylonica",-73.874756,40.878095,2015,12,3,"US","Salix babylonica"
"3393602858","Salix babylonica",-73.850266,40.851888,2015,12,7,"US","Salix babylonica"
"3393604325","Salix babylonica",-73.924198,40.647408,2015,12,13,"US","Salix babylonica"
"3393604739","Salix babylonica",-74.20928,40.512633,2015,12,17,"US","Salix babylonica"
"3393605272","Salix babylonica",-74.142051,40.548976,2015,12,26,"US","Salix babylonica"
"3393605610","Salix babylonica",-73.884312,40.87175,2015,12,7,"US","Salix babylonica"
"3393606296","Salix babylonica",-73.924232,40.647408,2015,12,13,"US","Salix babylonica"
"3393608078","Salix babylonica",-74.2391,40.502615,2015,12,10,"US","Salix babylonica"
"3393609616","Salix babylonica",-74.183084,40.548754,2015,12,16,"US","Salix babylonica"
"3393610979","Salix babylonica",-73.863884,40.840188,2015,12,9,"US","Salix babylonica"
"3393611122","Salix babylonica",-73.848123,40.853364,2015,12,10,"US","Salix babylonica"
"3393611347","Salix babylonica",-73.924214,40.647408,2015,12,13,"US","Salix babylonica"
"3393612514","Salix babylonica",-73.923147,40.628665,2015,12,14,"US","Salix babylonica"
"3393620129","Salix babylonica",-74.161474,40.553628,2015,12,23,"US","Salix babylonica"
"3393909072","Salix babylonica",-74.239555,40.502629,2015,12,10,"US","Salix babylonica"
"3393914260","Salix babylonica",-74.135995,40.606557,2015,12,3,"US","Salix babylonica"
"3393921081","Salix babylonica",-74.168086,40.541552,2015,12,10,"US","Salix babylonica"
"3393926271","Salix babylonica",-74.165619,40.541872,2015,12,11,"US","Salix babylonica"
"3393926396","Salix babylonica",-73.875159,40.877376,2015,12,3,"US","Salix babylonica"
"3393934025","Salix babylonica",-73.864125,40.840664,2015,12,9,"US","Salix babylonica"
"3393935635","Salix babylonica",-74.161767,40.534039,2015,12,16,"US","Salix babylonica"
"3393942110","Salix babylonica",-74.176996,40.554409,2015,12,22,"US","Salix babylonica"
"3393942500","Salix babylonica",-73.765602,40.68298,2015,12,15,"US","Salix babylonica"
"3393949342","Salix babylonica",-73.788767,40.850204,2015,12,14,"US","Salix babylonica"
"899975292","Salix babylonica",-73.328492,43.790203,2014,4,25,"US","Salix babylonica"
"2418038404","Salix babylonica",-121.842222,39.3475,2014,4,9,"US","Salix babylonica"
"2430133515","Salix babylonica",-121.842278,39.347583,2014,4,9,"US","Salix babylonica"
"2366007744","Salix babylonica",-81.513171,41.264778,2014,6,27,"US","Salix babylonica"
"3067952359","Salix babylonica",-71.115128,42.354963,2014,8,24,"US","Salix babylonica"
"1038335277","Salix babylonica",-71.092473,42.345464,2014,10,18,"US","Salix babylonica"
"2814256303","Salix babylonica",-81.449919,41.071254,2014,10,9,"US","Salix babylonica"
"1932300386","Salix babylonica",-71.132242,42.416045,2014,12,26,"US","Salix babylonica"
"3383869352","Salix babylonica",-76.383896,42.977271,2013,5,19,"US","Salix babylonica"
"1229615437","Salix babylonica",-77.732397,43.304623,2013,7,9,"US","Salix babylonica"
"3357409539","Salix babylonica",-78.19297,39.17661,2013,7,9,"US","Salix babylonica"
"1920848756","Salix babylonica",-76.511839,40.335245,2013,9,14,"US","Salix babylonica"
"891078222","Salix babylonica",-81.448499,39.41593,2012,4,27,"US","Salix babylonica"
"2418036930","Salix babylonica",-121.839722,39.7325,2012,4,6,"US","Salix babylonica"
"3053333535","Salix babylonica",-121.839722,39.7325,2012,4,6,"US","Salix babylonica"
"3059708018","Salix babylonica",-121.8396,39.7325,2012,4,6,"US","Salix babylonica"
"1805371508","Salix babylonica",-81.538,41.035167,2012,5,12,"US","Salix babylonica"
"3455319303","Salix babylonica",-81.471234,41.113735,2012,6,29,"US","Salix babylonica"
"891091790","Salix babylonica",-82.599329,39.713675,2012,8,1,"US","Salix babylonica"
"1988905384","Salix babylonica",-86.07925,42.837917,2012,8,14,"US","Salix babylonica"
"3456207667","Salix babylonica",-76.819657,39.215466,2010,5,14,"US","Salix babylonica"
"2421780111","Salix babylonica",-118.34278,33.82611,2010,8,5,"US","Salix babylonica"
"2422463503","Salix babylonica",-118.34278,33.82611,2010,8,5,"US","Salix babylonica"
"2422534499","Salix babylonica",-118.15833,34.20083,2010,8,17,"US","Salix babylonica"
"3308732218","Salix babylonica",-118.343,33.82611,2010,8,5,"US","Salix babylonica"
"1989497239","Salix babylonica",-85.364464,45.102142,2010,9,30,"US","Salix babylonica"
"3751298211","Salix babylonica",-157.805534,21.329417,2010,11,23,"US","Salix babylonica"
"1257581824","Salix babylonica",-90.300669,38.601414,2009,3,25,"US","Salix babylonica"
"1258109013","Salix babylonica",-73.878572,40.86232,2009,3,27,"US","Salix babylonica"
"1258109020","Salix babylonica",-73.878611,40.8625,2009,4,9,"US","Salix babylonica"
"1928242343","Salix babylonica",-73.878542,40.862366,2009,4,9,"US","Salix babylonica"
"1931145679","Salix babylonica",-73.61534,41.452081,2008,4,25,"US","Salix babylonica"
"3331193874","Salix babylonica",-76.363154,39.999225,2008,10,17,"US","Salix babylonica"
"3331195469","Salix babylonica",-76.359336,40.000808,2008,10,9,"US","Salix babylonica"
"441831556","Salix babylonica",-120.034,47.086567,2007,4,25,"US","Salix babylonica"
"1928448648","Salix babylonica",-73.618354,41.435453,2007,4,29,"US","Salix babylonica"
"1843904536","Salix babylonica",-108,36.836,2007,5,25,"US","Salix babylonica"
"1843904590","Salix babylonica",-108,36.836,2007,5,25,"US","Salix babylonica"
"1843904873","Salix babylonica",-108,36.836,2007,5,5,"US","Salix babylonica"
"1988674830","Salix babylonica",-86.029538,43.633792,2007,5,21,"US","Salix babylonica"
"3091229260","Salix babylonica",-108.003287527667,36.8333620294206,2007,5,5,"US","Salix babylonica"
"3091229264","Salix babylonica",-107.999927442164,36.8334420466633,2007,5,25,"US","Salix babylonica"
"3091229266","Salix babylonica",-107.999927442164,36.8334420466633,2007,5,25,"US","Salix babylonica"
"3408359500","Salix babylonica",-74.153,41.754,2006,7,7,"US","Salix babylonica"
"1843904866","Salix babylonica",-108,36.836,2006,8,25,"US","Salix babylonica"
"3091229259","Salix babylonica",-108.000567447213,36.8321420714642,2006,8,25,"US","Salix babylonica"
"177023533","Salix babylonica",-90.02909,37.97719,2006,10,14,"US","Salix babylonica"
"3050992591","Salix babylonica",-73.862637,40.6878399990672,2006,NA,NA,"US","Salix babylonica"
"3051001942","Salix babylonica",-73.72467,40.731909999067,2006,NA,NA,"US","Salix babylonica"
"3051066281","Salix babylonica",-73.73154,40.7194299990671,2006,NA,NA,"US","Salix babylonica"
"3051070325","Salix babylonica",-73.73154,40.7194299990671,2006,NA,NA,"US","Salix babylonica"
"3051114521","Salix babylonica",-74.18505,40.532439999068,2006,NA,NA,"US","Salix babylonica"
"3051179521","Salix babylonica",-73.829449,40.8331579990665,2006,NA,NA,"US","Salix babylonica"
"3051181482","Salix babylonica",-73.829449,40.8331579990665,2006,NA,NA,"US","Salix babylonica"
"3051230419","Salix babylonica",-74.028916,40.6153959990676,2006,NA,NA,"US","Salix babylonica"
"3051262938","Salix babylonica",-73.778388,40.7647709990668,2006,NA,NA,"US","Salix babylonica"
"3051265489","Salix babylonica",-73.741225,40.5997889990676,2006,NA,NA,"US","Salix babylonica"
"1260272227","Salix babylonica",-90.25916,38.61305,2005,10,17,"US","Salix babylonica"
"3050975896","Salix babylonica",-73.729721,40.6668379990673,2005,NA,NA,"US","Salix babylonica"
"3051066360","Salix babylonica",-73.79448,40.7158799990671,2005,NA,NA,"US","Salix babylonica"
"3051257475","Salix babylonica",-73.790543,40.7153549990671,2005,NA,NA,"US","Salix babylonica"
"1228551916","Salix babylonica",-83.05,39.65,2004,5,8,"US","Salix babylonica"
"1927823892","Salix babylonica",-83.0311,40.0419,2004,5,8,"US","Salix babylonica"
"3091280570","Salix babylonica",-111.804444,34.826111,2004,6,5,"US","Salix babylonica"
"1457751682","Salix babylonica",-82.41075,29.61195,2003,3,10,"US","Salix babylonica"
"2422532073","Salix babylonica",-117.31667,33.975,2003,5,18,"US","Salix babylonica"
"1843897941","Salix babylonica",-106.32346,35.765021,2003,6,19,"US","Salix babylonica"
"2421684577","Salix babylonica",-121.65916,38.45211,2003,8,8,"US","Salix babylonica"
"3053395966","Salix babylonica",-119.7063,34.4288,2003,8,26,"US","Salix babylonica"
"3053398988","Salix babylonica",-119.682846,34.41555,2003,8,26,"US","Salix babylonica"
"2270589571","Salix babylonica",-111.745,34.9897,2002,8,10,"US","Salix babylonica"
"2418001236","Salix babylonica",-121.633889,39.408889,2001,4,4,"US","Salix babylonica"
"1503270210","Salix babylonica",-88.2486,40.1297,2001,10,21,"US","Salix babylonica"
"1930219774","Salix babylonica",-73.67,41.47,2000,4,24,"US","Salix babylonica"
"1457764899","Salix babylonica",-81.738,30.746167,2000,7,21,"US","Salix babylonica"
"3408416528","Salix babylonica",-74.153,41.754,1998,3,22,"US","Salix babylonica"
"177024142","Salix babylonica",-92.08618,42.867468,1997,6,4,"US","Salix babylonica"
"1843812257","Salix babylonica",-104.678,34.929,1997,6,4,"US","Salix babylonica"
"1930397978","Salix babylonica",-119.7,34.42,1996,1,4,"US","Salix babylonica"
"2270212139","Salix babylonica",-120.686284,35.266919,1996,5,24,"US","Salix babylonica"
"1993700281","Salix babylonica",-88.2434,40.1164,1995,4,1,"US","Salix babylonica"
"3408375065","Salix babylonica",-74.153,41.754,1995,5,10,"US","Salix babylonica"
"3408421172","Salix babylonica",-74.153,41.754,1995,10,22,"US","Salix babylonica"
"3117586041","Salix babylonica",-74.192284,40.54726,1995,NA,NA,"US","Salix babylonica"
"3117587936","Salix babylonica",-74.196411,40.556938,1995,NA,NA,"US","Salix babylonica"
"3117589034","Salix babylonica",-74.192284,40.54726,1995,NA,NA,"US","Salix babylonica"
"3117598710","Salix babylonica",-74.162956,40.613682,1995,NA,NA,"US","Salix babylonica"
"3117602178","Salix babylonica",-74.104202,40.561096,1995,NA,NA,"US","Salix babylonica"
"3117610823","Salix babylonica",-74.117615,40.605301,1995,NA,NA,"US","Salix babylonica"
"3117612653","Salix babylonica",-74.079399,40.618893,1995,NA,NA,"US","Salix babylonica"
"3117635365","Salix babylonica",-73.986565,40.63076,1995,NA,NA,"US","Salix babylonica"
"3117703609","Salix babylonica",-73.890076,40.671776,1995,NA,NA,"US","Salix babylonica"
"3117704510","Salix babylonica",-73.891685,40.878544,1995,NA,NA,"US","Salix babylonica"
"3117707227","Salix babylonica",-73.895782,40.772305,1995,NA,NA,"US","Salix babylonica"
"3117709542","Salix babylonica",-73.890076,40.671776,1995,NA,NA,"US","Salix babylonica"
"3117711009","Salix babylonica",-73.884132,40.764393,1995,NA,NA,"US","Salix babylonica"
"3117738753","Salix babylonica",-73.841057,40.684376,1995,NA,NA,"US","Salix babylonica"
"3117796545","Salix babylonica",-73.812881,40.768742,1995,NA,NA,"US","Salix babylonica"
"3117886397","Salix babylonica",-73.781036,40.775383,1995,NA,NA,"US","Salix babylonica"
"3117936878","Salix babylonica",-74.198204,40.552097,1995,NA,NA,"US","Salix babylonica"
"3117945211","Salix babylonica",-74.185074,40.594563,1995,NA,NA,"US","Salix babylonica"
"3117954190","Salix babylonica",-74.146797,40.585499,1995,NA,NA,"US","Salix babylonica"
"3117956212","Salix babylonica",-74.146797,40.585499,1995,NA,NA,"US","Salix babylonica"
"3117962207","Salix babylonica",-74.146706,40.552753,1995,NA,NA,"US","Salix babylonica"
"3117970194","Salix babylonica",-74.011803,40.626442,1995,NA,NA,"US","Salix babylonica"
"3118032306","Salix babylonica",-73.921318,40.585819,1995,NA,NA,"US","Salix babylonica"
"3118036175","Salix babylonica",-73.909019,40.898746,1995,NA,NA,"US","Salix babylonica"
"3118036503","Salix babylonica",-73.918594,40.767639,1995,NA,NA,"US","Salix babylonica"
"3118047797","Salix babylonica",-73.914474,40.893112,1995,NA,NA,"US","Salix babylonica"
"3118061897","Salix babylonica",-73.901108,40.75333,1995,NA,NA,"US","Salix babylonica"
"3118070003","Salix babylonica",-73.851349,40.718204,1995,NA,NA,"US","Salix babylonica"
"3118080231","Salix babylonica",-73.833374,40.701183,1995,NA,NA,"US","Salix babylonica"
"3118088232","Salix babylonica",-73.848457,40.710289,1995,NA,NA,"US","Salix babylonica"
"3118094229","Salix babylonica",-73.803009,40.713528,1995,NA,NA,"US","Salix babylonica"
"3118104479","Salix babylonica",-73.845917,40.691059,1995,NA,NA,"US","Salix babylonica"
"3118125415","Salix babylonica",-73.816269,40.759033,1995,NA,NA,"US","Salix babylonica"
"3118126257","Salix babylonica",-73.803078,40.713699,1995,NA,NA,"US","Salix babylonica"
"3118149112","Salix babylonica",-73.742287,40.772774,1995,NA,NA,"US","Salix babylonica"
"3118160965","Salix babylonica",-73.746651,40.767506,1995,NA,NA,"US","Salix babylonica"
"3118168096","Salix babylonica",-73.718407,40.753597,1995,NA,NA,"US","Salix babylonica"
"415944372","Salix babylonica",-73.99111,40.65222,1992,5,28,"US","Salix babylonica"
"1989211894","Salix babylonica",-83.29713,42.24562,1992,8,21,"US","Salix babylonica"
"3059679306","Salix babylonica",-122.709995,38.330647,1991,2,25,"US","Salix babylonica"
"768792855","Salix babylonica",-72.17083,41.67944,1991,8,2,"US","Salix babylonica"
"2859356524","Salix babylonica",-79.270833,40.141667,1988,9,10,"US","Salix babylonica"
"2626923455","Salix babylonica",-121.73324,38.55229,1987,4,17,"US","Salix babylonica"
"415953483","Salix babylonica",-72.52472,41.77527,1987,8,NA,"US","Salix babylonica"
"3091278474","Salix babylonica",-111.653333,35.191944,1986,7,25,"US","Salix babylonica"
"2626930451","Salix babylonica",-121.7527,38.55072,1986,9,9,"US","Salix babylonica"
"3053470944","Salix babylonica",-121.7528,38.5506999990802,1986,9,9,"US","Salix babylonica"
"2242412297","Salix babylonica",-104.961468,39.732207,1986,10,4,"US","Salix babylonica"
"1846512051","Salix babylonica",-111.907248,33.509566,1985,3,24,"US","Salix babylonica"
"1846512069","Salix babylonica",-111.914999,33.473651,1985,3,20,"US","Salix babylonica"
"1421369673","Salix babylonica",-89.4325,43.0875,1984,10,27,"US","Salix babylonica"
"3408344022","Salix babylonica",-74.153,41.754,1983,1,13,"US","Salix babylonica"
"2629594952","Salix babylonica",-87.899722,41.821944,1983,6,6,"US","Salix babylonica"
"3331198707","Salix babylonica",-77.3517,39.78805,1982,4,30,"US","Salix babylonica"
"606653193","Salix babylonica",-72.28055,41.78416,1982,5,9,"US","Salix babylonica"
"1503219915","Salix babylonica",-106.167,35.2333,1982,5,19,"US","Salix babylonica"
"2430685045","Salix babylonica",-79.084413,33.516274,1981,4,22,"US","Salix babylonica"
"1266947369","Salix babylonica",-96.17962,38.41562,1981,10,11,"US","Salix babylonica"
"3331195387","Salix babylonica",-76.386427,40.009313,1980,4,28,"US","Salix babylonica"
"3331195383","Salix babylonica",-75.822824,40.438511,1980,5,6,"US","Salix babylonica"
"2421737413","Salix babylonica",-122.610659,37.957664,1980,9,8,"US","Salix babylonica"
"3408378973","Salix babylonica",-74.153,41.754,1980,9,2,"US","Salix babylonica"
"38523186","Salix babylonica",-159.567,22.2167,1978,6,16,"US","Salix babylonica"
"1038969829","Salix babylonica",-72.7539,41.7669,1978,11,26,"US","Salix babylonica"
"768792848","Salix babylonica",-71.09527,42.52555,1977,4,6,"US","Salix babylonica"
"768792846","Salix babylonica",-72.685,41.76361,1977,7,16,"US","Salix babylonica"
"1266947392","Salix babylonica",-96.17962,38.41562,1977,10,12,"US","Salix babylonica"
"606653947","Salix babylonica",-72.33944,41.78444,1976,4,16,"US","Salix babylonica"
"415923962","Salix babylonica",-72.48638,41.49138,1976,7,28,"US","Salix babylonica"
"2242412420","Salix babylonica",-105.09079,39.758522,1976,7,22,"US","Salix babylonica"
"768792847","Salix babylonica",-71.09527,42.52555,1975,4,15,"US","Salix babylonica"
"3496973822","Salix babylonica",-76.217529,36.852259,1974,3,19,"US","Salix babylonica"
"1305234462","Salix babylonica",-88.590508,43.523963,1974,7,12,"US","Salix babylonica"
"3053393980","Salix babylonica",-119.7937,34.4372,1973,3,21,"US","Salix babylonica"
"3413513998","Salix babylonica",-106.582676,31.844465,1973,3,25,"US","Salix babylonica"
"3413521220","Salix babylonica",-106.380257,31.782162,1973,3,7,"US","Salix babylonica"
"1266947406","Salix babylonica",-96.17848,38.41685,1973,4,21,"US","Salix babylonica"
"1503174966","Salix babylonica",-82.0854,27.8595,1973,11,5,"US","Salix babylonica"
"1266947389","Salix babylonica",-96.18166,38.4039,1972,4,12,"US","Salix babylonica"
"1228213312","Salix babylonica",-71.285608,41.944544,1972,5,14,"US","Salix babylonica"
"1228419192","Salix babylonica",-71.285608,41.944544,1972,5,14,"US","Salix babylonica"
"177023719","Salix babylonica",-95.805036,39.208064,1972,7,13,"US","Salix babylonica"
"1266947366","Salix babylonica",-96.17848,38.41685,1972,10,4,"US","Salix babylonica"
"2270211791","Salix babylonica",-120.66065,35.30077,1971,2,27,"US","Salix babylonica"
"3413515596","Salix babylonica",-106.494375,31.785788,1971,2,23,"US","Salix babylonica"
"3331198685","Salix babylonica",-76.294899,40.040232,1971,4,15,"US","Salix babylonica"
"3331198692","Salix babylonica",-76.301508,40.040626,1971,4,15,"US","Salix babylonica"
"415952409","Salix babylonica",-73.20416,41.58277,1971,5,10,"US","Salix babylonica"
"1266947376","Salix babylonica",-96.17962,38.41562,1971,10,9,"US","Salix babylonica"
"1266947373","Salix babylonica",-96.18611,38.39306,1971,11,7,"US","Salix babylonica"
"1038976789","Salix babylonica",-72.5782,41.3791,1970,5,1,"US","Salix babylonica"
"2413157016","Salix babylonica",-118.291,33.791,1970,5,22,"US","Salix babylonica"
"441911897","Salix babylonica",-81.765665,36.161795,1969,4,26,"US","Salix babylonica"
"1266947382","Salix babylonica",-96.17848,38.41685,1969,5,8,"US","Salix babylonica"
"3331190529","Salix babylonica",-76.231842,40.032335,1969,5,6,"US","Salix babylonica"
"3744685533","Salix babylonica",-82.24,37.15,1969,5,12,"US","Salix babylonica"
"441911927","Salix babylonica",-98.892767,43.388998,1969,6,13,"US","Salix babylonica"
"1266947379","Salix babylonica",-96.17848,38.41685,1969,8,4,"US","Salix babylonica"
"441912003","Salix babylonica",-77.587703,36.33139,1968,4,17,"US","Salix babylonica"
"3744685526","Salix babylonica",-77.42,36.38,1968,4,17,"US","Salix babylonica"
"3091208847","Salix babylonica",-105.87696,37.475515,1968,5,12,"US","Salix babylonica"
"1804555363","Salix babylonica",-132.967,56.8,1967,4,19,"US","Salix babylonica"
"3744679291","Salix babylonica",-86.34,34.35,1966,4,10,"US","Salix babylonica"
"2430123295","Salix babylonica",-119.66525,34.44215,1966,6,23,"US","Salix babylonica"
"3053376236","Salix babylonica",-119.675,34.4389999991196,1966,6,21,"US","Salix babylonica"
"3331182186","Salix babylonica",-76.357443,39.999667,1966,7,12,"US","Salix babylonica"
"1978891678","Salix babylonica",-84.416872,43.08136,1966,10,8,"US","Salix babylonica"
"1978891790","Salix babylonica",-84.777617,43.589829,1966,10,27,"US","Salix babylonica"
"1978892029","Salix babylonica",-84.416811,43.05234,1966,10,8,"US","Salix babylonica"
"768792849","Salix babylonica",-70.08277,41.28333,1965,9,6,"US","Salix babylonica"
"3053475985","Salix babylonica",-119.7299,34.4473,1965,9,30,"US","Salix babylonica"
"3331185192","Salix babylonica",-76.354267,39.997833,1965,9,19,"US","Salix babylonica"
"1978891650","Salix babylonica",-84.777617,43.589829,1964,3,14,"US","Salix babylonica"
"1978891906","Salix babylonica",-84.777809,43.604475,1964,3,24,"US","Salix babylonica"
"1978891916","Salix babylonica",-84.777617,43.589829,1964,3,24,"US","Salix babylonica"
"1978891923","Salix babylonica",-84.777809,43.604475,1964,3,24,"US","Salix babylonica"
"1978892036","Salix babylonica",-84.777617,43.589829,1964,3,27,"US","Salix babylonica"
"1978892242","Salix babylonica",-84.777617,43.589829,1964,3,27,"US","Salix babylonica"
"1978891621","Salix babylonica",-84.846775,43.126156,1964,4,1,"US","Salix babylonica"
"1978891704","Salix babylonica",-85.077577,43.704421,1964,4,4,"US","Salix babylonica"
"1978891940","Salix babylonica",-85.077577,43.704421,1964,4,4,"US","Salix babylonica"
"1978891677","Salix babylonica",-84.777617,43.589829,1964,5,14,"US","Salix babylonica"
"2242410881","Salix babylonica",-87.588074,41.650176,1964,6,14,"US","Salix babylonica"
"1978892009","Salix babylonica",-84.777809,43.604475,1963,4,4,"US","Salix babylonica"
"2242412384","Salix babylonica",-87.596555,41.565195,1963,7,14,"US","Salix babylonica"
"1266947386","Salix babylonica",-95.52667,38.57972,1962,6,17,"US","Salix babylonica"
"3744685523","Salix babylonica",-82.41,36.13,1961,5,9,"US","Salix babylonica"
"2242413028","Salix babylonica",-87.639968,41.645042,1961,6,30,"US","Salix babylonica"
"2430473349","Salix babylonica",-119.54664,34.40916,1961,8,19,"US","Salix babylonica"
"3053390398","Salix babylonica",-119.5505,34.40959999912,1961,8,19,"US","Salix babylonica"
"1266947401","Salix babylonica",-96.17962,38.41562,1960,5,12,"US","Salix babylonica"
"2242392218","Salix babylonica",-76.890933,40.963751,1958,9,19,"US","Salix babylonica"
"2413156254","Salix babylonica",-84.913572,39.823381,1957,9,29,"US","Salix babylonica"
"2422489268","Salix babylonica",-122.89628,38.46983,1955,8,14,"US","Salix babylonica"
"2430137000","Salix babylonica",-122.866425,38.460774,1952,3,23,"US","Salix babylonica"
"1321274097","Salix babylonica",-77,38.1167,1951,6,2,"US","Salix babylonica"
"3053396969","Salix babylonica",-119.6609,34.4487,1947,7,24,"US","Salix babylonica"
"3053394975","Salix babylonica",-119.681,34.4564,1947,8,15,"US","Salix babylonica"
"1321228759","Salix babylonica",-76.9342,38.9392,1944,4,9,"US","Salix babylonica"
"2859081695","Salix babylonica",-79.15327,41.8762099990622,1944,7,31,"US","Salix babylonica"
"2421736429","Salix babylonica",-122.238705159533,37.8762904696956,1943,7,10,"US","Salix babylonica"
"1038922746","Salix babylonica",-72.6788,41.9945,1942,4,29,"US","Salix babylonica"
"1038927575","Salix babylonica",-72.6788,41.9945,1941,6,2,"US","Salix babylonica"
"3331186522","Salix babylonica",-76.445339,40.059476,1939,6,13,"US","Salix babylonica"
"3053479981","Salix babylonica",-119.7228,34.4233,1939,7,3,"US","Salix babylonica"
"768792854","Salix babylonica",-72.07555,41.31972,1938,5,25,"US","Salix babylonica"
"1843883542","Salix babylonica",-106.689254,34.907311,1937,4,12,"US","Salix babylonica"
"2430388785","Salix babylonica",-122.750658,38.260769,1934,3,17,"US","Salix babylonica"
"2859392931","Salix babylonica",-79.94138,40.4337099990685,1933,5,1,"US","Salix babylonica"
"2242413126","Salix babylonica",-104.955811,39.742008,1933,7,21,"US","Salix babylonica"
"3053474004","Salix babylonica",-119.7104,34.4329,1932,3,30,"US","Salix babylonica"
"1038981894","Salix babylonica",-72.4831,41.406,1932,9,11,"US","Salix babylonica"
"2269115498","Salix babylonica",-79.791975,36.072636,1931,4,9,"US","Salix babylonica"
"768792850","Salix babylonica",-71.46194,41.57388,1929,7,21,"US","Salix babylonica"
"3053477993","Salix babylonica",-119.1972,34.157999999123,1928,4,17,"US","Salix babylonica"
"3053481968","Salix babylonica",-119.672,34.4236,1928,4,18,"US","Salix babylonica"
"3053397980","Salix babylonica",-119.672,34.4236,1928,11,27,"US","Salix babylonica"
"3341257512","Salix babylonica",-74.138045,40.635024,1925,4,22,"US","Salix babylonica"
"1317280798","Salix babylonica",-76.9664,38.9103,1923,5,13,"US","Salix babylonica"
"441912041","Salix babylonica",-71.086782,42.257755,1919,4,28,"US","Salix babylonica"
"441912049","Salix babylonica",-71.086846,42.257835,1919,9,15,"US","Salix babylonica"
"1038964025","Salix babylonica",-73.01,41.3566,1914,9,18,"US","Salix babylonica"
"1039014612","Salix babylonica",-72.9316,41.407,1910,9,17,"US","Salix babylonica"
"2859390948","Salix babylonica",-82.533457,35.558169,1909,6,7,"US","Salix babylonica"
"1228154021","Salix babylonica",-76.669519,39.476223,1906,4,21,"US","Salix babylonica"
"1321583078","Salix babylonica",-77.0575,38.8994,1905,4,16,"US","Salix babylonica"
"1038960474","Salix babylonica",-73.1931,41.7413,1904,9,25,"US","Salix babylonica"
"1038973999","Salix babylonica",-72.759,41.5161,1903,5,6,"US","Salix babylonica"
"1039006309","Salix babylonica",-72.759,41.5161,1903,5,6,"US","Salix babylonica"
"1038965830","Salix babylonica",-72.9247,41.3114,1902,6,17,"US","Salix babylonica"
"1039013439","Salix babylonica",-72.3438,41.3965,1902,7,28,"US","Salix babylonica"
"1317207513","Salix babylonica",-77.0369,38.8814,1901,5,21,"US","Salix babylonica"
"1317551465","Salix babylonica",-77.0369,38.8814,1900,5,19,"US","Salix babylonica"
"1039020383","Salix babylonica",-72.9316,41.407,1900,11,1,"US","Salix babylonica"
"1228480850","Salix babylonica",-88.019826,44.519159,1899,7,30,"US","Salix babylonica"
"2430055958","Salix babylonica",-117.27243,34.1134,1898,3,17,"US","Salix babylonica"
"1228245222","Salix babylonica",-76.8092,42.0853,1897,5,26,"US","Salix babylonica"
"768792857","Salix babylonica",-73.27194,41.17583,1895,5,15,"US","Salix babylonica"
"768798060","Salix babylonica",-73.13305,41.18444,1895,6,3,"US","Salix babylonica"
"3341257502","Salix babylonica",-74.249312,40.511217,1895,6,9,"US","Salix babylonica"
"768792856","Salix babylonica",-73.13305,41.18444,1895,7,6,"US","Salix babylonica"
"415932747","Salix babylonica",-73.13027,41.20444,1895,8,6,"US","Salix babylonica"
"1228475952","Salix babylonica",-82.624341,41.44174,1895,8,21,"US","Salix babylonica"
"1228354715","Salix babylonica",-88.019826,44.519159,1892,10,12,"US","Salix babylonica"
"1228333365","Salix babylonica",-88.019826,44.519159,1892,11,2,"US","Salix babylonica"
"1038943203","Salix babylonica",-72.88,41.6049,1891,5,17,"US","Salix babylonica"
"1228251214","Salix babylonica",-98,38,1891,NA,NA,"US","Salix babylonica"
"1228565934","Salix babylonica",-98,38,1891,NA,NA,"US","Salix babylonica"
"1228563782","Salix babylonica",-76.306317,42.170298,1889,4,22,"US","Salix babylonica"
"1038967121","Salix babylonica",-72.9247,41.3114,1885,5,9,"US","Salix babylonica"
"1038987048","Salix babylonica",-72.9316,41.407,1885,5,9,"US","Salix babylonica"
"1228336262","Salix babylonica",-76.549387,42.537294,1885,5,21,"US","Salix babylonica"
"1038940038","Salix babylonica",-72.7589,41.5161,1882,5,5,"US","Salix babylonica"
"2430094825","Salix babylonica",-111.888269,40.769672,1881,4,16,"US","Salix babylonica"
"1319812609","Salix babylonica",-77.0861,38.9494,1879,3,17,"US","Salix babylonica"
"3341257509","Salix babylonica",-74.136532,40.633159,1879,5,10,"US","Salix babylonica"
"3341257513","Salix babylonica",-74.197644,40.528994,1879,5,10,"US","Salix babylonica"
"1228575616","Salix babylonica",-88.019826,44.519159,1878,5,11,"US","Salix babylonica"
"2859380959","Salix babylonica",-80.720915,40.063962,1877,4,24,"US","Salix babylonica"
"1228239027","Salix babylonica",-70.889768,42.241767,1876,7,NA,"US","Salix babylonica"
"1038928464","Salix babylonica",-72.9247,41.3114,1873,5,24,"US","Salix babylonica"
"1228372927","Salix babylonica",-72.6622,40.9283,1872,4,29,"US","Salix babylonica"
"1038919577","Salix babylonica",-72.9316,41.407,1872,5,30,"US","Salix babylonica"
"1228376590","Salix babylonica",-77.819951,40.919342,1868,5,18,"US","Salix babylonica"
"1038930961","Salix babylonica",-72.9247,41.3114,1858,NA,NA,"US","Salix babylonica"
"1038924253","Salix babylonica",-72.9316,41.407,1856,NA,NA,"US","Salix babylonica"
"177024445","Salix babylonica",-95.295128,38.885914,NA,NA,NA,"US","Salix babylonica"
"185876350","Salix babylonica",-105.0935,40.4069,NA,NA,NA,"US","Salix babylonica"
"1228341688","Salix babylonica",-72.83,40.9525,NA,NA,NA,"US","Salix babylonica"
"1318982625","Salix babylonica",-77.0306,38.8892,NA,NA,NA,"US","Salix babylonica"
"1897837591","Salix babylonica",-119.665111,34.442556,NA,NA,NA,"US","Salix babylonica"
"1929386872","Salix babylonica",-74.959756,39.803532,NA,NA,NA,"US","Salix babylonica"
"2859381961","Salix babylonica",-80.727068,40.016553,NA,NA,NA,"US","Salix babylonica"
