"gbifID","species","longitude","latitude","year","month","day","countryCode","basisOfRecord","accepted_name"
"4599833039","Salix lucida",-122.6203,49.208031,2024,3,13,"CA","HUMAN_OBSERVATION","Salix lasiandra"
"4852722578","Salix lucida",-120.328474,50.670516,2024,4,12,"CA","HUMAN_OBSERVATION","Salix lasiandra"
"4921592294","Salix lucida",-123.477556,48.938397,2024,4,16,"CA","HUMAN_OBSERVATION","Salix lasiandra"
"4852169581","Salix lucida",-122.936043,49.243156,2024,4,16,"CA","HUMAN_OBSERVATION","Salix lasiandra"
"4852013866","Salix lucida",-123.398714,48.474411,2024,4,17,"CA","HUMAN_OBSERVATION","Salix lasiandra"
"4852056741","Salix lucida",-123.372467,48.902747,2024,4,22,"CA","HUMAN_OBSERVATION","Salix lasiandra"
"4853169632","Salix lucida",-122.309417,49.045922,2024,4,26,"CA","HUMAN_OBSERVATION","Salix lasiandra"
"4852628301","Salix lucida",-122.311845,49.046172,2024,4,27,"CA","HUMAN_OBSERVATION","Salix lasiandra"
"4853119877","Salix lucida",-122.310657,49.043488,2024,4,27,"CA","HUMAN_OBSERVATION","Salix lasiandra"
"4852536327","Salix lucida",-122.805381,49.242414,2024,4,27,"CA","HUMAN_OBSERVATION","Salix lasiandra"
"4852641974","Salix lucida",-123.040217,49.01355,2024,4,27,"CA","HUMAN_OBSERVATION","Salix lasiandra"
"4852524624","Salix lucida",-122.688462,49.051178,2024,4,27,"CA","HUMAN_OBSERVATION","Salix lasiandra"
"4852595093","Salix lucida",-123.512652,48.455875,2024,4,28,"CA","HUMAN_OBSERVATION","Salix lasiandra"
"4852400151","Salix lucida",-122.345173,49.058061,2024,4,28,"CA","HUMAN_OBSERVATION","Salix lasiandra"
"4854944431","Salix lucida",-122.687347,49.051328,2024,4,27,"CA","HUMAN_OBSERVATION","Salix lasiandra"
"4946341316","Salix lucida",-125.592308,49.097065,2024,4,30,"CA","HUMAN_OBSERVATION","Salix lasiandra"
"4994540048","Salix lucida",-125.597634,49.048933,2024,4,28,"CA","HUMAN_OBSERVATION","Salix lasiandra"
"4946458953","Salix lucida",-122.26327,49.073207,2024,5,1,"CA","HUMAN_OBSERVATION","Salix lasiandra"
"4855029788","Salix lucida",-123.192688,49.168549,2024,5,2,"CA","HUMAN_OBSERVATION","Salix lasiandra"
"4855093360","Salix lucida",-124.978506,49.676612,2024,5,3,"CA","HUMAN_OBSERVATION","Salix lasiandra"
"4854922172","Salix lucida",-121.781807,49.305416,2024,5,4,"CA","HUMAN_OBSERVATION","Salix lasiandra"
"4855129151","Salix lucida",-122.933167,49.243713,2024,5,5,"CA","HUMAN_OBSERVATION","Salix lasiandra"
"4855109030","Salix lucida",-122.929611,49.245209,2024,5,5,"CA","HUMAN_OBSERVATION","Salix lasiandra"
"4855393739","Salix lucida",-122.80587,49.240437,2024,5,6,"CA","HUMAN_OBSERVATION","Salix lasiandra"
"4855542452","Salix lucida",-123.383734,48.492649,2024,5,7,"CA","HUMAN_OBSERVATION","Salix lasiandra"
"4863717955","Salix lucida",-123.711223,49.43744,2024,5,6,"CA","HUMAN_OBSERVATION","Salix lasiandra"
"4868108833","Salix lucida",-123.32982,48.411188,2024,5,16,"CA","HUMAN_OBSERVATION","Salix lasiandra"
"4867967520","Salix lucida",-123.97176,49.173342,2024,5,18,"CA","HUMAN_OBSERVATION","Salix lasiandra"
"4867952825","Salix lucida",-123.061958,49.125133,2024,5,20,"CA","HUMAN_OBSERVATION","Salix lasiandra"
"4868015250","Salix lucida",-123.456762,48.460066,2024,5,7,"CA","HUMAN_OBSERVATION","Salix lasiandra"
"4867715030","Salix lucida",-123.456773,48.460037,2024,5,7,"CA","HUMAN_OBSERVATION","Salix lasiandra"
"4868034479","Salix lucida",-123.457233,48.460286,2024,5,7,"CA","HUMAN_OBSERVATION","Salix lasiandra"
"4867729171","Salix lucida",-123.457144,48.460277,2024,5,7,"CA","HUMAN_OBSERVATION","Salix lasiandra"
"4867758784","Salix lucida",-123.45712,48.460187,2024,5,7,"CA","HUMAN_OBSERVATION","Salix lasiandra"
"4872043094","Salix lucida",-123.382854,48.488705,2024,5,27,"CA","HUMAN_OBSERVATION","Salix lasiandra"
"4875271579","Salix lucida",-123.359987,48.482392,2024,5,29,"CA","HUMAN_OBSERVATION","Salix lasiandra"
"4875189373","Salix lucida",-123.486647,48.823575,2024,5,23,"CA","HUMAN_OBSERVATION","Salix lasiandra"
"4875400972","Salix lucida",-120.261238,49.412624,2024,5,28,"CA","HUMAN_OBSERVATION","Salix lasiandra"
"4875134406","Salix lucida",-123.703712,49.078548,2024,5,22,"CA","HUMAN_OBSERVATION","Salix lasiandra"
"4901829621","Salix lucida",-123.398616,48.474096,2024,5,31,"CA","HUMAN_OBSERVATION","Salix lasiandra"
"4921841369","Salix lucida",-123.486647,48.823575,2024,5,23,"CA","HUMAN_OBSERVATION","Salix lasiandra"
"4891648520","Salix lucida",-123.383545,48.490383,2024,6,6,"CA","HUMAN_OBSERVATION","Salix lasiandra"
"4891789409","Salix lucida",-123.418267,48.498803,2024,6,6,"CA","HUMAN_OBSERVATION","Salix lasiandra"
"4950379713","Salix lucida",-124.980487,49.679425,2024,6,7,"CA","HUMAN_OBSERVATION","Salix lasiandra"
"4891950296","Salix lucida",-123.213228,49.239022,2024,6,6,"CA","HUMAN_OBSERVATION","Salix lasiandra"
"4892131775","Salix lucida",-123.374712,48.464663,2024,6,10,"CA","HUMAN_OBSERVATION","Salix lasiandra"
"4902020394","Salix lucida",-123.360322,48.490038,2024,6,11,"CA","HUMAN_OBSERVATION","Salix lasiandra"
"4901803099","Salix lucida",-122.676503,53.950142,2024,6,11,"CA","HUMAN_OBSERVATION","Salix lasiandra"
"4901240559","Salix lucida",-113.560867,53.501745,2024,6,13,"CA","HUMAN_OBSERVATION","Salix lasiandra"
"4910667204","Salix lucida",-124.96782,49.631347,2024,6,25,"CA","HUMAN_OBSERVATION","Salix lasiandra"
"4903804320","Salix lucida",-123.403717,48.536078,2024,6,27,"CA","HUMAN_OBSERVATION","Salix lasiandra"
"4910712768","Salix lucida",-121.749582,49.196332,2024,6,25,"CA","HUMAN_OBSERVATION","Salix lasiandra"
"4911140757","Salix lucida",-125.528022,49.636588,2024,6,23,"CA","HUMAN_OBSERVATION","Salix lasiandra"
"4903714042","Salix lucida",-118.329928,49.0114,2024,6,28,"CA","HUMAN_OBSERVATION","Salix lasiandra"
"4910719221","Salix lucida",-122.285268,49.070695,2024,6,28,"CA","HUMAN_OBSERVATION","Salix lasiandra"
"4973912324","Salix lucida",-117.054604,51.412872,2024,6,19,"CA","HUMAN_OBSERVATION","Salix lasiandra"
"4976322302","Salix lucida",-134.89395,61.590558,2024,6,21,"CA","HUMAN_OBSERVATION","Salix lasiandra"
"4903726860","Salix lucida",-122.30447,49.050248,2024,7,1,"CA","HUMAN_OBSERVATION","Salix lasiandra"
"4919285492","Salix lucida",-122.050948,56.017566,2024,7,5,"CA","HUMAN_OBSERVATION","Salix lasiandra"
"4936272205","Salix lucida",-122.968013,49.237504,2024,7,17,"CA","HUMAN_OBSERVATION","Salix lasiandra"
"4910961148","Salix lucida",-117.657531,49.680858,2024,7,18,"CA","HUMAN_OBSERVATION","Salix lasiandra"
"4910756826","Salix lucida",-125.381111,49.284722,2024,7,20,"CA","HUMAN_OBSERVATION","Salix lasiandra"
"4910914787","Salix lucida",-118.459687,49.370075,2024,7,22,"CA","HUMAN_OBSERVATION","Salix lasiandra"
"4923876056","Salix lucida",-125.022812,48.858177,2024,7,28,"CA","HUMAN_OBSERVATION","Salix lasiandra"
"4954298351","Salix lucida",-123.274637,60.977492,2024,7,24,"CA","HUMAN_OBSERVATION","Salix lasiandra"
"4946254441","Salix lucida",-122.800094,49.250111,2024,7,11,"CA","HUMAN_OBSERVATION","Salix lasiandra"
"4921434996","Salix lucida",-123.019141,49.127796,2024,8,2,"CA","HUMAN_OBSERVATION","Salix lasiandra"
"4921687391","Salix lucida",-122.309863,49.04551,2024,8,2,"CA","HUMAN_OBSERVATION","Salix lasiandra"
"4921942011","Salix lucida",-122.654851,49.022394,2024,8,4,"CA","HUMAN_OBSERVATION","Salix lasiandra"
"4923980544","Salix lucida",-122.936194,49.242978,2024,8,11,"CA","HUMAN_OBSERVATION","Salix lasiandra"
"4923824166","Salix lucida",-123.198433,49.172939,2024,8,9,"CA","HUMAN_OBSERVATION","Salix lasiandra"
"4923655264","Salix lucida",-123.194892,49.165803,2024,8,11,"CA","HUMAN_OBSERVATION","Salix lasiandra"
"4923655685","Salix lucida",-123.19278,49.168297,2024,8,11,"CA","HUMAN_OBSERVATION","Salix lasiandra"
"4926335271","Salix lucida",-122.86367,50.76628,2024,8,14,"CA","HUMAN_OBSERVATION","Salix lasiandra"
"4925963796","Salix lucida",-118.209577,49.046005,2024,8,16,"CA","HUMAN_OBSERVATION","Salix lasiandra"
"4936154565","Salix lucida",-118.291939,49.199525,2024,8,17,"CA","HUMAN_OBSERVATION","Salix lasiandra"
"4936632140","Salix lucida",-123.970795,49.20603,2024,8,23,"CA","HUMAN_OBSERVATION","Salix lasiandra"
"4936868501","Salix lucida",-123.535194,48.444621,2024,8,28,"CA","HUMAN_OBSERVATION","Salix lasiandra"
"4936603970","Salix lucida",-114.065645,51.054975,2024,8,25,"CA","HUMAN_OBSERVATION","Salix lasiandra"
"4953046764","Salix lucida",-120.836418,49.059261,2024,8,25,"CA","HUMAN_OBSERVATION","Salix lasiandra"
"4982305944","Salix lucida",-126.648499,55.13538,2024,8,3,"CA","HUMAN_OBSERVATION","Salix lasiandra"
"4946428181","Salix lucida",-123.38327,48.48862,2024,9,5,"CA","HUMAN_OBSERVATION","Salix lasiandra"
"4945722764","Salix lucida",-122.578406,49.174053,2024,9,5,"CA","HUMAN_OBSERVATION","Salix lasiandra"
"4946104685","Salix lucida",-123.390584,48.453463,2024,9,6,"CA","HUMAN_OBSERVATION","Salix lasiandra"
"4946277416","Salix lucida",-123.193895,49.270997,2024,9,7,"CA","HUMAN_OBSERVATION","Salix lasiandra"
"4946413908","Salix lucida",-122.720457,49.260617,2024,9,14,"CA","HUMAN_OBSERVATION","Salix lasiandra"
"4945995225","Salix lucida",-122.578551,49.174238,2024,9,14,"CA","HUMAN_OBSERVATION","Salix lasiandra"
"4949924849","Salix lucida",-113.543808,53.264765,2024,9,16,"CA","HUMAN_OBSERVATION","Salix lasiandra"
"5006740832","Salix lucida",-113.560809,53.501739,2024,9,27,"CA","HUMAN_OBSERVATION","Salix lasiandra"
"4976212686","Salix lucida",-122.018174,49.17445,2024,9,30,"CA","HUMAN_OBSERVATION","Salix lasiandra"
"4953016711","Salix lucida",-123.541113,48.323545,2024,10,1,"CA","HUMAN_OBSERVATION","Salix lasiandra"
"4952461124","Salix lucida",-122.73243,49.133872,2024,10,4,"CA","HUMAN_OBSERVATION","Salix lasiandra"
"4954708204","Salix lucida",-123.384378,48.49113,2024,10,10,"CA","HUMAN_OBSERVATION","Salix lasiandra"
"4976255105","Salix lucida",-123.535357,48.88328,2024,10,28,"CA","HUMAN_OBSERVATION","Salix lasiandra"
"4978380542","Salix lucida",-122.89386,49.30788,2024,10,26,"CA","HUMAN_OBSERVATION","Salix lasiandra"
"4153572425","Salix lucida",-123.40437,48.535849,2023,1,18,"CA","HUMAN_OBSERVATION","Salix lasiandra"
"4029211222","Salix lucida",-122.640129,49.012917,2023,2,5,"CA","HUMAN_OBSERVATION","Salix lasiandra"
"4076326407","Salix lucida",-122.897728,49.242931,2023,3,24,"CA","HUMAN_OBSERVATION","Salix lasiandra"
"4600023863","Salix lucida",-121.951467,49.157849,2023,4,21,"CA","HUMAN_OBSERVATION","Salix lasiandra"
"4597225038","Salix lucida",-123.139788,49.305024,2023,4,29,"CA","HUMAN_OBSERVATION","Salix lasiandra"
"4599939924","Salix lucida",-121.951467,49.157849,2023,5,3,"CA","HUMAN_OBSERVATION","Salix lasiandra"
"4516176200","Salix lucida",-122.798909,50.32499,2023,5,6,"CA","HUMAN_OBSERVATION","Salix lasiandra"
"4522476734","Salix lucida",-123.042008,49.015228,2023,5,7,"CA","HUMAN_OBSERVATION","Salix lasiandra"
"4116091119","Salix lucida",-122.732498,53.924323,2023,5,9,"CA","HUMAN_OBSERVATION","Salix lasiandra"
"4600043902","Salix lucida",-111.417983,56.790928,2023,5,15,"CA","HUMAN_OBSERVATION","Salix lasiandra"
"4126909306","Salix lucida",-113.560808,53.50174,2023,5,23,"CA","HUMAN_OBSERVATION","Salix lasiandra"
"4126953230","Salix lucida",-123.303815,48.466635,2023,5,25,"CA","HUMAN_OBSERVATION","Salix lasiandra"
"4129967668","Salix lucida",-123.358798,48.492658,2023,5,28,"CA","HUMAN_OBSERVATION","Salix lasiandra"
"4600027101","Salix lucida",-118.925094,55.425953,2023,5,20,"CA","HUMAN_OBSERVATION","Salix lasiandra"
"4599833214","Salix lucida",-118.924806,55.426228,2023,5,20,"CA","HUMAN_OBSERVATION","Salix lasiandra"
"4129839292","Salix lucida",-111.31727,56.432892,2023,6,2,"CA","HUMAN_OBSERVATION","Salix lasiandra"
"4130045064","Salix lucida",-123.347562,48.890425,2023,6,4,"CA","HUMAN_OBSERVATION","Salix lasiandra"
"4137973278","Salix lucida",-113.560805,53.501739,2023,6,8,"CA","HUMAN_OBSERVATION","Salix lasiandra"
"4138164244","Salix lucida",-113.560797,53.501756,2023,6,10,"CA","HUMAN_OBSERVATION","Salix lasiandra"
"4137721848","Salix lucida",-126.652917,54.332122,2023,6,14,"CA","HUMAN_OBSERVATION","Salix lasiandra"
"4137779004","Salix lucida",-123.328082,48.43724,2023,6,15,"CA","HUMAN_OBSERVATION","Salix lasiandra"
"4165593596","Salix lucida",-111.564413,56.995912,2023,6,17,"CA","HUMAN_OBSERVATION","Salix lasiandra"
"4519016749","Salix lucida",-122.921561,50.760578,2023,6,15,"CA","HUMAN_OBSERVATION","Salix lasiandra"
"4852393097","Salix lucida",-114.99527,52.415205,2023,6,18,"CA","HUMAN_OBSERVATION","Salix lasiandra"
"4171378828","Salix lucida",-117.370594,51.797993,2023,6,21,"CA","HUMAN_OBSERVATION","Salix lasiandra"
"4171236882","Salix lucida",-111.861651,56.945876,2023,6,24,"CA","HUMAN_OBSERVATION","Salix lasiandra"
"4177148850","Salix lucida",-116.909367,49.733358,2023,6,26,"CA","HUMAN_OBSERVATION","Salix lasiandra"
"4527970934","Salix lucida",-111.7184,57.003128,2023,7,1,"CA","HUMAN_OBSERVATION","Salix lasiandra"
"4413566947","Salix lucida",-119.137139,52.743325,2023,7,1,"CA","HUMAN_OBSERVATION","Salix lasiandra"
"4863499919","Salix lucida",-123.436658,48.632033,2023,7,5,"CA","HUMAN_OBSERVATION","Salix lasiandra"
"4420907538","Salix lucida",-122.736503,49.264736,2023,7,5,"CA","HUMAN_OBSERVATION","Salix lasiandra"
"4421084416","Salix lucida",-120.474512,49.462417,2023,7,6,"CA","HUMAN_OBSERVATION","Salix lasiandra"
"4424387672","Salix lucida",-123.036953,49.212445,2023,7,10,"CA","HUMAN_OBSERVATION","Salix lasiandra"
"4440847832","Salix lucida",-123.423383,48.661376,2023,7,8,"CA","HUMAN_OBSERVATION","Salix lasiandra"
"4516452538","Salix lucida",-121.743446,49.195431,2023,7,14,"CA","HUMAN_OBSERVATION","Salix lasiandra"
"4440628888","Salix lucida",-114.084075,50.932545,2023,7,16,"CA","HUMAN_OBSERVATION","Salix lasiandra"
"4440721863","Salix lucida",-111.260825,56.650283,2023,7,16,"CA","HUMAN_OBSERVATION","Salix lasiandra"
"4458587976","Salix lucida",-131.654365,57.615722,2023,7,24,"CA","HUMAN_OBSERVATION","Salix lasiandra"
"4458590044","Salix lucida",-123.360183,48.480419,2023,7,25,"CA","HUMAN_OBSERVATION","Salix lasiandra"
"4171215996","Salix lucida",-125.173897,49.65958,2023,7,27,"CA","HUMAN_OBSERVATION","Salix lasiandra"
"4458321020","Salix lucida",-125.17405,49.659633,2023,7,27,"CA","HUMAN_OBSERVATION","Salix lasiandra"
"4458580020","Salix lucida",-125.173819,49.659553,2023,7,27,"CA","HUMAN_OBSERVATION","Salix lasiandra"
"4465358019","Salix lucida",-121.887489,49.079475,2023,7,29,"CA","HUMAN_OBSERVATION","Salix lasiandra"
"4465383034","Salix lucida",-121.881172,49.079643,2023,7,29,"CA","HUMAN_OBSERVATION","Salix lasiandra"
"4465666838","Salix lucida",-114.715874,53.616496,2023,7,5,"CA","HUMAN_OBSERVATION","Salix lasiandra"
"4176973196","Salix lucida",-124.907932,49.343835,2023,8,10,"CA","HUMAN_OBSERVATION","Salix lasiandra"
"4176966939","Salix lucida",-123.184533,48.73735,2023,8,11,"CA","HUMAN_OBSERVATION","Salix lasiandra"
"4507862072","Salix lucida",-120.909523,49.068157,2023,8,13,"CA","HUMAN_OBSERVATION","Salix lasiandra"
"4507569078","Salix lucida",-123.384125,48.492684,2023,8,19,"CA","HUMAN_OBSERVATION","Salix lasiandra"
"4507620033","Salix lucida",-123.38375,48.492745,2023,8,19,"CA","HUMAN_OBSERVATION","Salix lasiandra"
"4416860580","Salix lucida",-122.652824,49.021557,2023,8,24,"CA","HUMAN_OBSERVATION","Salix lasiandra"
"4407095298","Salix lucida",-122.936333,49.243637,2023,9,1,"CA","HUMAN_OBSERVATION","Salix lasiandra"
"4510292133","Salix lucida",-123.209117,49.220458,2023,9,2,"CA","HUMAN_OBSERVATION","Salix lasiandra"
"4413708382","Salix lucida",-122.656738,49.01754,2023,9,3,"CA","HUMAN_OBSERVATION","Salix lasiandra"
"4510001178","Salix lucida",-123.087953,49.27565,2023,9,5,"CA","HUMAN_OBSERVATION","Salix lasiandra"
"4414411357","Salix lucida",-123.86688,48.380908,2023,9,15,"CA","HUMAN_OBSERVATION","Salix lasiandra"
"4510046212","Salix lucida",-113.560829,53.501735,2023,9,14,"CA","HUMAN_OBSERVATION","Salix lasiandra"
"4512092934","Salix lucida",-124.406445,51.652822,2023,9,23,"CA","HUMAN_OBSERVATION","Salix lasiandra"
"4424418086","Salix lucida",-119.284203,50.204856,2023,9,28,"CA","HUMAN_OBSERVATION","Salix lasiandra"
"4465761190","Salix lucida",-123.512771,48.497782,2023,9,20,"CA","HUMAN_OBSERVATION","Salix lasiandra"
"4512110310","Salix lucida",-122.803185,49.244686,2023,10,13,"CA","HUMAN_OBSERVATION","Salix lasiandra"
"4512020290","Salix lucida",-123.196671,49.255646,2023,10,14,"CA","HUMAN_OBSERVATION","Salix lasiandra"
"4512042292","Salix lucida",-123.866883,48.380867,2023,10,15,"CA","HUMAN_OBSERVATION","Salix lasiandra"
"4500544566","Salix lucida",-125.260902,49.689512,2023,10,22,"CA","HUMAN_OBSERVATION","Salix lasiandra"
"4438667221","Salix lucida",-132.711897,60.165403,2023,10,21,"CA","HUMAN_OBSERVATION","Salix lasiandra"
"4512083791","Salix lucida",-123.003708,49.302355,2023,11,9,"CA","HUMAN_OBSERVATION","Salix lasiandra"
"4440712476","Salix lucida",-123.404075,48.474278,2023,11,11,"CA","HUMAN_OBSERVATION","Salix lasiandra"
"3456244374","Salix lucida",-97.10926,49.89329,2022,1,14,"CA","HUMAN_OBSERVATION","Salix lasiandra"
"3772619534","Salix lucida",-123.374663,48.464662,2022,4,23,"CA","HUMAN_OBSERVATION","Salix lasiandra"
"4596787757","Salix lucida",-123.071284,49.006147,2022,4,30,"CA","HUMAN_OBSERVATION","Salix lasiandra"
"4597138779","Salix lucida",-123.071283,49.006133,2022,4,28,"CA","HUMAN_OBSERVATION","Salix lasiandra"
"3859911069","Salix lucida",-122.803955,49.24147,2022,4,30,"CA","HUMAN_OBSERVATION","Salix lasiandra"
"3859025011","Salix lucida",-122.792397,49.237438,2022,4,30,"CA","HUMAN_OBSERVATION","Salix lasiandra"
"3859103055","Salix lucida",-122.805969,49.240093,2022,4,30,"CA","HUMAN_OBSERVATION","Salix lasiandra"
"3859686053","Salix lucida",-122.736771,49.264645,2022,5,1,"CA","HUMAN_OBSERVATION","Salix lasiandra"
"4599795620","Salix lucida",-123.424333,48.479898,2022,5,1,"CA","HUMAN_OBSERVATION","Salix lasiandra"
"3773592856","Salix lucida",-121.978261,49.077921,2022,5,2,"CA","HUMAN_OBSERVATION","Salix lasiandra"
"3772994031","Salix lucida",-122.792931,49.237423,2022,5,6,"CA","HUMAN_OBSERVATION","Salix lasiandra"
"3773606445","Salix lucida",-123.14212,49.708845,2022,5,6,"CA","HUMAN_OBSERVATION","Salix lasiandra"
"3773145697","Salix lucida",-123.378554,48.489393,2022,5,8,"CA","HUMAN_OBSERVATION","Salix lasiandra"
"3873715641","Salix lucida",-121.922382,49.172494,2022,5,8,"CA","HUMAN_OBSERVATION","Salix lasiandra"
"3773089454","Salix lucida",-123.916947,49.513883,2022,5,9,"CA","HUMAN_OBSERVATION","Salix lasiandra"
"4516169037","Salix lucida",-121.95922,49.241598,2022,5,24,"CA","HUMAN_OBSERVATION","Salix lasiandra"
"3915516541","Salix lucida",-123.388925,48.500736,2022,5,13,"CA","HUMAN_OBSERVATION","Salix lasiandra"
"3859797259","Salix lucida",-122.627097,49.153569,2022,6,10,"CA","HUMAN_OBSERVATION","Salix lasiandra"
"3860016709","Salix lucida",-122.599303,49.138586,2022,6,13,"CA","HUMAN_OBSERVATION","Salix lasiandra"
"3858877168","Salix lucida",-122.474521,49.102622,2022,6,17,"CA","HUMAN_OBSERVATION","Salix lasiandra"
"3859000497","Salix lucida",-123.209428,49.221089,2022,6,11,"CA","HUMAN_OBSERVATION","Salix lasiandra"
"3860025427","Salix lucida",-122.578078,49.171958,2022,6,18,"CA","HUMAN_OBSERVATION","Salix lasiandra"
"3860634402","Salix lucida",-122.584091,49.175489,2022,6,18,"CA","HUMAN_OBSERVATION","Salix lasiandra"
"3860025672","Salix lucida",-122.927475,49.239185,2022,6,21,"CA","HUMAN_OBSERVATION","Salix lasiandra"
"3858880914","Salix lucida",-123.084251,49.109764,2022,6,23,"CA","HUMAN_OBSERVATION","Salix lasiandra"
"3860250999","Salix lucida",-123.085556,49.108097,2022,6,23,"CA","HUMAN_OBSERVATION","Salix lasiandra"
"3860575843","Salix lucida",-123.083824,49.110142,2022,6,23,"CA","HUMAN_OBSERVATION","Salix lasiandra"
"3912100430","Salix lucida",-123.209669,49.219439,2022,7,1,"CA","HUMAN_OBSERVATION","Salix lasiandra"
"3860662976","Salix lucida",-122.886978,49.323547,2022,7,1,"CA","HUMAN_OBSERVATION","Salix lasiandra"
"4522518684","Salix lucida",-125.544374,49.604754,2022,7,2,"CA","HUMAN_OBSERVATION","Salix lasiandra"
"3881594575","Salix lucida",-124.961464,48.896263,2022,7,25,"CA","HUMAN_OBSERVATION","Salix lasiandra"
"4018161642","Salix lucida",-114.480813,51.197729,2022,8,11,"CA","HUMAN_OBSERVATION","Salix lasiandra"
"4607246209","Salix lucida",-119.620025,52.133203,2022,8,22,"CA","HUMAN_OBSERVATION","Salix lasiandra"
"3947727780","Salix lucida",-125.530882,49.071434,2022,8,22,"CA","HUMAN_OBSERVATION","Salix lasiandra"
"3947718777","Salix lucida",-125.525625,49.071865,2022,8,22,"CA","HUMAN_OBSERVATION","Salix lasiandra"
"3902268040","Salix lucida",-123.208824,49.221115,2022,8,31,"CA","HUMAN_OBSERVATION","Salix lasiandra"
"3903263684","Salix lucida",-123.230431,49.228062,2022,8,31,"CA","HUMAN_OBSERVATION","Salix lasiandra"
"4507569731","Salix lucida",-122.72547,53.919008,2022,9,20,"CA","HUMAN_OBSERVATION","Salix lasiandra"
"3986020846","Salix lucida",-122.408768,49.154488,2022,10,1,"CA","HUMAN_OBSERVATION","Salix lasiandra"
"5008190551","Salix lucida",-121.911166,49.29734,2022,10,3,"CA","HUMAN_OBSERVATION","Salix lasiandra"
"3923690582","Salix lucida",-122.792686,49.237427,2022,10,3,"CA","HUMAN_OBSERVATION","Salix lasiandra"
"3947486714","Salix lucida",-122.808568,49.240946,2022,10,9,"CA","HUMAN_OBSERVATION","Salix lasiandra"
"4522547874","Salix lucida",-123.039503,49.012725,2022,10,18,"CA","HUMAN_OBSERVATION","Salix lasiandra"
"3961375116","Salix lucida",-122.638672,49.011467,2022,10,28,"CA","HUMAN_OBSERVATION","Salix lasiandra"
"3961134109","Salix lucida",-122.657791,49.017799,2022,10,28,"CA","HUMAN_OBSERVATION","Salix lasiandra"
"3961169498","Salix lucida",-122.946419,49.245155,2022,10,31,"CA","HUMAN_OBSERVATION","Salix lasiandra"
"3966722271","Salix lucida",-123.374695,48.464588,2022,11,12,"CA","HUMAN_OBSERVATION","Salix lasiandra"
"3985762163","Salix lucida",-123.54781,48.481962,2022,11,12,"CA","HUMAN_OBSERVATION","Salix lasiandra"
"3985805356","Salix lucida",-123.345138,48.449762,2022,11,16,"CA","HUMAN_OBSERVATION","Salix lasiandra"
"3986288415","Salix lucida",-122.897774,49.242847,2022,11,18,"CA","HUMAN_OBSERVATION","Salix lasiandra"
"3058921830","Salix lucida",-122.917599,49.115208,2021,3,7,"CA","HUMAN_OBSERVATION","Salix lasiandra"
"3067744862","Salix lucida",-122.851608,49.301119,2021,3,17,"CA","HUMAN_OBSERVATION","Salix lasiandra"
"3070435892","Salix lucida",-122.805664,49.242333,2021,3,28,"CA","HUMAN_OBSERVATION","Salix lasiandra"
"4519010434","Salix lucida",-121.749658,49.19552,2021,4,23,"CA","HUMAN_OBSERVATION","Salix lasiandra"
"3759546544","Salix lucida",-123.497054,48.848172,2021,4,23,"CA","HUMAN_OBSERVATION","Salix lasiandra"
"3109049616","Salix lucida",-122.924194,49.142058,2021,4,23,"CA","HUMAN_OBSERVATION","Salix lasiandra"
"3109200659","Salix lucida",-122.924544,49.142247,2021,4,23,"CA","HUMAN_OBSERVATION","Salix lasiandra"
"3759847544","Salix lucida",-122.957842,49.242945,2021,4,23,"CA","HUMAN_OBSERVATION","Salix lasiandra"
"3109245670","Salix lucida",-123.404275,48.471447,2021,4,23,"CA","HUMAN_OBSERVATION","Salix lasiandra"
"3112337050","Salix lucida",-123.212088,49.220238,2021,4,30,"CA","HUMAN_OBSERVATION","Salix lasiandra"
"3112721224","Salix lucida",-122.795777,49.137835,2021,5,1,"CA","HUMAN_OBSERVATION","Salix lasiandra"
"3112942672","Salix lucida",-122.799868,49.23398,2021,5,2,"CA","HUMAN_OBSERVATION","Salix lasiandra"
"3112836306","Salix lucida",-122.727478,49.197433,2021,5,2,"CA","HUMAN_OBSERVATION","Salix lasiandra"
"3113330053","Salix lucida",-122.756094,49.182458,2021,5,8,"CA","HUMAN_OBSERVATION","Salix lasiandra"
"3759168575","Salix lucida",-123.826258,49.024782,2021,5,8,"CA","HUMAN_OBSERVATION","Salix lasiandra"
"3759169572","Salix lucida",-123.827125,49.0248,2021,5,8,"CA","HUMAN_OBSERVATION","Salix lasiandra"
"3330689455","Salix lucida",-122.953407,50.144997,2021,5,11,"CA","HUMAN_OBSERVATION","Salix lasiandra"
"3759519581","Salix lucida",-122.832836,49.101362,2021,5,16,"CA","HUMAN_OBSERVATION","Salix lasiandra"
"3759522576","Salix lucida",-122.832715,49.101351,2021,5,16,"CA","HUMAN_OBSERVATION","Salix lasiandra"
"3759636572","Salix lucida",-122.830264,49.100991,2021,5,16,"CA","HUMAN_OBSERVATION","Salix lasiandra"
"4525042596","Salix lucida",-123.390133,48.500913,2021,5,16,"CA","HUMAN_OBSERVATION","Salix lasiandra"
"3759208548","Salix lucida",-122.792672,49.237422,2021,5,18,"CA","HUMAN_OBSERVATION","Salix lasiandra"
"3759111543","Salix lucida",-123.208095,49.218997,2021,5,18,"CA","HUMAN_OBSERVATION","Salix lasiandra"
"3759846580","Salix lucida",-123.220133,49.223319,2021,5,18,"CA","HUMAN_OBSERVATION","Salix lasiandra"
"3124624710","Salix lucida",-123.965921,49.234146,2021,5,22,"CA","HUMAN_OBSERVATION","Salix lasiandra"
"3468850163","Salix lucida",-117.468322,50.089542,2021,6,25,"CA","HUMAN_OBSERVATION","Salix lasiandra"
"3302208529","Salix lucida",-122.924417,49.142289,2021,6,5,"CA","HUMAN_OBSERVATION","Salix lasiandra"
"3759215603","Salix lucida",-122.654689,49.022491,2021,6,5,"CA","HUMAN_OBSERVATION","Salix lasiandra"
"3923468389","Salix lucida",-123.196822,49.255692,2021,6,2,"CA","HUMAN_OBSERVATION","Salix lasiandra"
"3307269606","Salix lucida",-124.013802,49.202137,2021,6,12,"CA","HUMAN_OBSERVATION","Salix lasiandra"
"3307207006","Salix lucida",-122.631421,49.205874,2021,6,16,"CA","HUMAN_OBSERVATION","Salix lasiandra"
"3892589364","Salix lucida",-122.962097,49.16937,2021,6,17,"CA","HUMAN_OBSERVATION","Salix lasiandra"
"3759089611","Salix lucida",-140.355164,63.169403,2021,6,17,"CA","HUMAN_OBSERVATION","Salix lasiandra"
"3784640338","Salix lucida",-124.622238,54.05837,2021,6,24,"CA","HUMAN_OBSERVATION","Salix lasiandra"
"3321054305","Salix lucida",-122.802882,49.246025,2021,6,25,"CA","HUMAN_OBSERVATION","Salix lasiandra"
"3399000190","Salix lucida",-122.801217,49.248389,2021,6,25,"CA","HUMAN_OBSERVATION","Salix lasiandra"
"3325794429","Salix lucida",-122.680132,49.095145,2021,7,7,"CA","HUMAN_OBSERVATION","Salix lasiandra"
"3330762778","Salix lucida",-139.437863,64.06165,2021,7,16,"CA","HUMAN_OBSERVATION","Salix lasiandra"
"3743103423","Salix lucida",-123.10699,49.239866,2021,8,31,"CA","HUMAN_OBSERVATION","Salix lasiandra"
"4516145756","Salix lucida",-122.947358,50.146081,2021,8,1,"CA","HUMAN_OBSERVATION","Salix lasiandra"
"3705743425","Salix lucida",-120.615792,50.016972,2021,8,4,"CA","HUMAN_OBSERVATION","Salix lasiandra"
"3337881025","Salix lucida",-122.810712,49.234991,2021,8,6,"CA","HUMAN_OBSERVATION","Salix lasiandra"
"3337501241","Salix lucida",-122.810712,49.234991,2021,8,6,"CA","HUMAN_OBSERVATION","Salix lasiandra"
"3337373984","Salix lucida",-118.330331,49.011369,2021,8,7,"CA","HUMAN_OBSERVATION","Salix lasiandra"
"3764194364","Salix lucida",-132.700761,60.161872,2021,8,15,"CA","HUMAN_OBSERVATION","Salix lasiandra"
"3355283298","Salix lucida",-125.527336,49.636136,2021,8,20,"CA","HUMAN_OBSERVATION","Salix lasiandra"
"3355468230","Salix lucida",-125.527833,49.636383,2021,8,20,"CA","HUMAN_OBSERVATION","Salix lasiandra"
"3355746797","Salix lucida",-123.369873,48.884493,2021,8,13,"CA","HUMAN_OBSERVATION","Salix lasiandra"
"3355403863","Salix lucida",-123.370465,48.884703,2021,8,13,"CA","HUMAN_OBSERVATION","Salix lasiandra"
"3764501371","Salix lucida",-122.935478,49.242278,2021,9,11,"CA","HUMAN_OBSERVATION","Salix lasiandra"
"3963397385","Salix lucida",-122.927793,49.189612,2021,9,24,"CA","HUMAN_OBSERVATION","Salix lasiandra"
"3747214449","Salix lucida",-123.560525,48.973144,2021,9,25,"CA","HUMAN_OBSERVATION","Salix lasiandra"
"4921993674","Salix lucida",-122.919359,49.131987,2021,10,30,"CA","HUMAN_OBSERVATION","Salix lasiandra"
"4111919465","Salix lucida",-125.008308,49.705185,2020,4,25,"CA","HUMAN_OBSERVATION","Salix lasiandra"
"2626110653","Salix lucida",-122.736478,49.264683,2020,4,20,"CA","HUMAN_OBSERVATION","Salix lasiandra"
"2610960685","Salix lucida",-122.805619,49.240728,2020,4,21,"CA","HUMAN_OBSERVATION","Salix lasiandra"
"2611417663","Salix lucida",-122.795838,49.137938,2020,4,24,"CA","HUMAN_OBSERVATION","Salix lasiandra"
"2611336487","Salix lucida",-122.757767,49.186072,2020,4,24,"CA","HUMAN_OBSERVATION","Salix lasiandra"
"2611301773","Salix lucida",-122.7958,49.138017,2020,4,24,"CA","HUMAN_OBSERVATION","Salix lasiandra"
"4458616405","Salix lucida",-123.196078,49.271211,2020,4,30,"CA","HUMAN_OBSERVATION","Salix lasiandra"
"2619977125","Salix lucida",-122.936592,49.243744,2020,5,3,"CA","HUMAN_OBSERVATION","Salix lasiandra"
"4524912431","Salix lucida",-123.405015,48.475799,2020,5,9,"CA","HUMAN_OBSERVATION","Salix lasiandra"
"3759834427","Salix lucida",-123.037917,49.28328,2020,5,11,"CA","HUMAN_OBSERVATION","Salix lasiandra"
"4522447328","Salix lucida",-121.742965,49.19473,2020,5,3,"CA","HUMAN_OBSERVATION","Salix lasiandra"
"3759548440","Salix lucida",-122.955281,50.148561,2020,5,15,"CA","HUMAN_OBSERVATION","Salix lasiandra"
"2634039421","Salix lucida",-121.880433,49.078881,2020,5,22,"CA","HUMAN_OBSERVATION","Salix lasiandra"
"4522469424","Salix lucida",-123.340323,48.473206,2020,6,12,"CA","HUMAN_OBSERVATION","Salix lasiandra"
"2813922637","Salix lucida",-125.06647,49.79283,2020,6,13,"CA","HUMAN_OBSERVATION","Salix lasiandra"
"2802982479","Salix lucida",-120.623328,49.128853,2020,6,2,"CA","HUMAN_OBSERVATION","Salix lasiandra"
"2814306275","Salix lucida",-122.9355,49.242278,2020,7,1,"CA","HUMAN_OBSERVATION","Salix lasiandra"
"4921808695","Salix lucida",-123.46738,48.929921,2020,7,9,"CA","HUMAN_OBSERVATION","Salix lasiandra"
"2818730229","Salix lucida",-122.699692,49.297314,2020,7,13,"CA","HUMAN_OBSERVATION","Salix lasiandra"
"2823333530","Salix lucida",-123.334836,48.45068,2020,7,14,"CA","HUMAN_OBSERVATION","Salix lasiandra"
"2826182058","Salix lucida",-121.407631,49.015339,2020,7,20,"CA","HUMAN_OBSERVATION","Salix lasiandra"
"3747228367","Salix lucida",-116.603317,51.052147,2020,8,19,"CA","HUMAN_OBSERVATION","Salix lasiandra"
"3747313372","Salix lucida",-116.651237,51.070122,2020,8,19,"CA","HUMAN_OBSERVATION","Salix lasiandra"
"2856541659","Salix lucida",-123.811767,48.981494,2020,8,20,"CA","HUMAN_OBSERVATION","Salix lasiandra"
"2860185831","Salix lucida",-122.803122,49.24445,2020,8,27,"CA","HUMAN_OBSERVATION","Salix lasiandra"
"3759106478","Salix lucida",-121.311966,53.801365,2020,8,10,"CA","HUMAN_OBSERVATION","Salix lasiandra"
"2864754014","Salix lucida",-121.962425,49.238465,2020,9,11,"CA","HUMAN_OBSERVATION","Salix lasiandra"
"2864648165","Salix lucida",-125.006972,49.704345,2020,9,14,"CA","HUMAN_OBSERVATION","Salix lasiandra"
"2864857378","Salix lucida",-121.960044,49.235819,2020,9,11,"CA","HUMAN_OBSERVATION","Salix lasiandra"
"3784933331","Salix lucida",-129.652497,54.190442,2020,9,16,"CA","HUMAN_OBSERVATION","Salix lasiandra"
"2864688701","Salix lucida",-123.207858,49.220182,2020,9,16,"CA","HUMAN_OBSERVATION","Salix lasiandra"
"2868156942","Salix lucida",-122.897933,49.242939,2020,9,17,"CA","HUMAN_OBSERVATION","Salix lasiandra"
"2898503067","Salix lucida",-122.664722,49.09686,2020,9,22,"CA","HUMAN_OBSERVATION","Salix lasiandra"
"4519019375","Salix lucida",-121.749511,49.19644,2020,10,12,"CA","HUMAN_OBSERVATION","Salix lasiandra"
"3399060543","Salix lucida",-123.103756,49.285773,2020,10,23,"CA","HUMAN_OBSERVATION","Salix lasiandra"
"2980989673","Salix lucida",-123.142228,49.296719,2020,10,30,"CA","HUMAN_OBSERVATION","Salix lasiandra"
"2980819686","Salix lucida",-123.137633,49.304142,2020,10,30,"CA","HUMAN_OBSERVATION","Salix lasiandra"
"2988557878","Salix lucida",-123.401779,48.642045,2020,11,11,"CA","HUMAN_OBSERVATION","Salix lasiandra"
"2237428914","Salix lucida",-122.805427,49.240933,2019,4,14,"CA","HUMAN_OBSERVATION","Salix lasiandra"
"2252022854","Salix lucida",-123.38247,48.910579,2019,6,1,"CA","HUMAN_OBSERVATION","Salix lasiandra"
"3802659318","Salix lucida",-128.533591,54.39036,2019,6,21,"CA","HUMAN_OBSERVATION","Salix lasiandra"
"3759217371","Salix lucida",-125.03671,49.647544,2019,6,25,"CA","HUMAN_OBSERVATION","Salix lasiandra"
"2273328464","Salix lucida",-125.038399,49.649234,2019,6,25,"CA","HUMAN_OBSERVATION","Salix lasiandra"
"3859282382","Salix lucida",-122.761338,49.004589,2019,6,25,"CA","HUMAN_OBSERVATION","Salix lasiandra"
"2574220116","Salix lucida",-122.837953,53.865762,2019,7,2,"CA","HUMAN_OBSERVATION","Salix lasiandra"
"2294515231","Salix lucida",-128.903638,60.049002,2019,7,13,"CA","HUMAN_OBSERVATION","Salix lasiandra"
"2429308235","Salix lucida",-124.620589,54.061378,2019,7,18,"CA","HUMAN_OBSERVATION","Salix lasiandra"
"2575020759","Salix lucida",-128.97008,60.09067,2019,7,13,"CA","PRESERVED_SPECIMEN","Salix lasiandra"
"2609079941","Salix lucida",-123.318108,48.46682,2019,9,26,"CA","HUMAN_OBSERVATION","Salix lasiandra"
"2456575882","Salix lucida",-123.405457,48.479305,2019,11,12,"CA","HUMAN_OBSERVATION","Salix lasiandra"
"4525044416","Salix lucida",-123.329263,48.439008,2019,11,17,"CA","HUMAN_OBSERVATION","Salix lasiandra"
"3415397330","Salix lucida",-122.647322,49.348617,2017,6,18,"CA","HUMAN_OBSERVATION","Salix lasiandra"
"3759072307","Salix lucida",-123.398685,48.510111,2017,7,1,"CA","HUMAN_OBSERVATION","Salix lasiandra"
"3747053443","Salix lucida",-123.391389,48.509781,2016,5,4,"CA","HUMAN_OBSERVATION","Salix lasiandra"
"1899812262","Salix lucida",-123.32218,48.866938,2016,7,31,"CA","HUMAN_OBSERVATION","Salix lasiandra"
"4039310298","Salix lucida",-122.980152,49.191094,2015,3,24,"CA","HUMAN_OBSERVATION","Salix lasiandra"
"4039410130","Salix lucida",-123.012219,49.200386,2015,4,10,"CA","HUMAN_OBSERVATION","Salix lasiandra"
"4516423450","Salix lucida",-123.012185,49.201126,2015,6,18,"CA","HUMAN_OBSERVATION","Salix lasiandra"
"883417254","Salix lucida",-114.463702,53.129428,2010,9,12,"CA","PRESERVED_SPECIMEN","Salix lasiandra"
"1988234526","Salix lucida",-129.916,60.0616,2009,5,29,"CA","PRESERVED_SPECIMEN","Salix lasiandra"
"1804498019","Salix lucida",-123.876,49.507,2008,5,24,"CA","PRESERVED_SPECIMEN","Salix lasiandra"
"1804371391","Salix lucida",-125.878,52.422,2008,6,7,"CA","PRESERVED_SPECIMEN","Salix lasiandra"
"1804396779","Salix lucida",-122.09,54.091,2008,6,4,"CA","PRESERVED_SPECIMEN","Salix lasiandra"
"1804402286","Salix lucida",-122.585,53.42,2008,6,5,"CA","PRESERVED_SPECIMEN","Salix lasiandra"
"1804404159","Salix lucida",-126.765,52.379,2008,6,6,"CA","PRESERVED_SPECIMEN","Salix lasiandra"
"1804443504","Salix lucida",-122.029,54.045,2008,6,4,"CA","PRESERVED_SPECIMEN","Salix lasiandra"
"1804448915","Salix lucida",-122.09,54.091,2008,6,4,"CA","PRESERVED_SPECIMEN","Salix lasiandra"
"1804501344","Salix lucida",-124.593,51.897,2008,6,9,"CA","PRESERVED_SPECIMEN","Salix lasiandra"
"1804562549","Salix lucida",-124.593,51.897,2008,6,9,"CA","PRESERVED_SPECIMEN","Salix lasiandra"
"1804571015","Salix lucida",-122.658,53.559,2008,6,5,"CA","PRESERVED_SPECIMEN","Salix lasiandra"
"1804573725","Salix lucida",-125.871,52.442,2008,6,7,"CA","PRESERVED_SPECIMEN","Salix lasiandra"
"1804442551","Salix lucida",-123.243,49.251,2007,4,18,"CA","PRESERVED_SPECIMEN","Salix lasiandra"
"1988167453","Salix lucida",-123.24261,49.25056,2007,4,18,"CA","PRESERVED_SPECIMEN","Salix lasiandra"
"1988177893","Salix lucida",-123.24543,49.25339,2007,5,1,"CA","PRESERVED_SPECIMEN","Salix lasiandra"
"1988173218","Salix lucida",-123.55156,48.42439,2007,6,4,"CA","PRESERVED_SPECIMEN","Salix lasiandra"
"1988186651","Salix lucida",-120.288,53.2899,2007,7,15,"CA","PRESERVED_SPECIMEN","Salix lasiandra"
"2610086433","Salix lucida",-116.281,31.0888,2008,6,21,"MX","PRESERVED_SPECIMEN","Salix lasiandra"
"4510365843","Salix lucida",-122.740263,45.420863,2024,1,3,"US","HUMAN_OBSERVATION","Salix lasiandra"
"4921588824","Salix lucida",-114.382195,43.479858,2024,1,6,"US","HUMAN_OBSERVATION","Salix lasiandra"
"4519107782","Salix lucida",-118.573363,34.427158,2024,1,30,"US","HUMAN_OBSERVATION","Salix lasiandra"
"4525065058","Salix lucida",-124.165597,40.849013,2024,2,13,"US","HUMAN_OBSERVATION","Salix lasiandra"
"4976335739","Salix lucida",-122.059533,36.958295,2024,3,14,"US","HUMAN_OBSERVATION","Salix lasiandra"
"4597552084","Salix lucida",-122.271338,37.318113,2024,3,17,"US","HUMAN_OBSERVATION","Salix lasiandra"
"4599910621","Salix lucida",-124.343903,40.289355,2024,3,21,"US","HUMAN_OBSERVATION","Salix lasiandra"
"4936615937","Salix lucida",-122.310775,37.118636,2024,3,18,"US","HUMAN_OBSERVATION","Salix lasiandra"
"4607572089","Salix lucida",-121.003384,39.065648,2024,4,4,"US","HUMAN_OBSERVATION","Salix lasiandra"
"4607659334","Salix lucida",-122.396987,37.449304,2024,4,6,"US","HUMAN_OBSERVATION","Salix lasiandra"
"4847010847","Salix lucida",-122.397025,37.449292,2024,4,11,"US","HUMAN_OBSERVATION","Salix lasiandra"
"4847192210","Salix lucida",-122.296551,47.654654,2024,4,12,"US","HUMAN_OBSERVATION","Salix lasiandra"
"4846826132","Salix lucida",-124.093257,40.8616,2024,4,14,"US","HUMAN_OBSERVATION","Salix lasiandra"
"4847090889","Salix lucida",-123.374237,44.534478,2024,4,14,"US","HUMAN_OBSERVATION","Salix lasiandra"
"4846969631","Salix lucida",-122.405228,47.694155,2024,4,15,"US","HUMAN_OBSERVATION","Salix lasiandra"
"4921685451","Salix lucida",-115.551812,43.208275,2024,4,13,"US","HUMAN_OBSERVATION","Salix lasiandra"
"4851893863","Salix lucida",-123.047303,45.087583,2024,4,18,"US","HUMAN_OBSERVATION","Salix lasiandra"
"4852058646","Salix lucida",-122.504832,48.724075,2024,4,18,"US","HUMAN_OBSERVATION","Salix lasiandra"
"4852378368","Salix lucida",-122.933529,47.013841,2024,4,19,"US","HUMAN_OBSERVATION","Salix lasiandra"
"4936418853","Salix lucida",-124.093283,40.861578,2024,4,17,"US","HUMAN_OBSERVATION","Salix lasiandra"
"4853012341","Salix lucida",-123.107972,44.078542,2024,4,21,"US","HUMAN_OBSERVATION","Salix lasiandra"
"4852932788","Salix lucida",-121.928712,47.845838,2024,4,23,"US","HUMAN_OBSERVATION","Salix lasiandra"
"4852376879","Salix lucida",-122.128022,47.91585,2024,4,18,"US","HUMAN_OBSERVATION","Salix lasiandra"
"4852983551","Salix lucida",-122.409072,45.600063,2024,4,24,"US","HUMAN_OBSERVATION","Salix lasiandra"
"4852898136","Salix lucida",-124.151897,40.799914,2024,4,24,"US","HUMAN_OBSERVATION","Salix lasiandra"
"4852977019","Salix lucida",-122.238533,37.408055,2024,4,25,"US","HUMAN_OBSERVATION","Salix lasiandra"
"4863717473","Salix lucida",-122.519196,45.42363,2024,4,26,"US","HUMAN_OBSERVATION","Salix lasiandra"
"4852461599","Salix lucida",-122.636678,45.732036,2024,4,26,"US","HUMAN_OBSERVATION","Salix lasiandra"
"4854976048","Salix lucida",-120.90757,39.959197,2024,4,26,"US","HUMAN_OBSERVATION","Salix lasiandra"
"4976390254","Salix lucida",-117.377227,47.637995,2024,4,26,"US","HUMAN_OBSERVATION","Salix lasiandra"
"4976312340","Salix lucida",-122.397033,37.44927,2024,4,26,"US","HUMAN_OBSERVATION","Salix lasiandra"
"4852628362","Salix lucida",-122.065046,47.558009,2024,4,27,"US","HUMAN_OBSERVATION","Salix lasiandra"
"4852597302","Salix lucida",-116.060903,43.520417,2024,4,29,"US","HUMAN_OBSERVATION","Salix lasiandra"
"4854907685","Salix lucida",-123.252466,44.591223,2024,4,30,"US","HUMAN_OBSERVATION","Salix lasiandra"
"4855452560","Salix lucida",-123.040742,48.715267,2024,4,28,"US","HUMAN_OBSERVATION","Salix lasiandra"
"4978472038","Salix lucida",-117.518717,47.404403,2024,4,30,"US","HUMAN_OBSERVATION","Salix lasiandra"
"4948314502","Salix lucida",-121.003384,39.065648,2024,4,4,"US","PRESERVED_SPECIMEN","Salix lasiandra"
"4855001403","Salix lucida",-122.142229,48.043071,2024,5,1,"US","HUMAN_OBSERVATION","Salix lasiandra"
"4976299152","Salix lucida",-122.060817,37.119952,2024,5,3,"US","HUMAN_OBSERVATION","Salix lasiandra"
"4855084097","Salix lucida",-121.936042,42.581245,2024,5,5,"US","HUMAN_OBSERVATION","Salix lasiandra"
"4855159215","Salix lucida",-123.241478,44.367912,2024,5,6,"US","HUMAN_OBSERVATION","Salix lasiandra"
"4863493415","Salix lucida",-122.671025,37.989431,2024,5,9,"US","HUMAN_OBSERVATION","Salix lasiandra"
"4863892449","Salix lucida",-124.15089,40.775904,2024,5,10,"US","HUMAN_OBSERVATION","Salix lasiandra"
"4863906799","Salix lucida",-123.750528,42.240833,2024,5,11,"US","HUMAN_OBSERVATION","Salix lasiandra"
"4976551437","Salix lucida",-117.508732,47.626601,2024,5,16,"US","HUMAN_OBSERVATION","Salix lasiandra"
"4867995744","Salix lucida",-123.079103,44.016431,2024,5,16,"US","HUMAN_OBSERVATION","Salix lasiandra"
"4872383989","Salix lucida",-122.755175,45.830763,2024,5,18,"US","HUMAN_OBSERVATION","Salix lasiandra"
"4872477095","Salix lucida",-149.823852,61.077761,2024,5,23,"US","HUMAN_OBSERVATION","Salix lasiandra"
"4872500058","Salix lucida",-120.113205,39.054772,2024,5,26,"US","HUMAN_OBSERVATION","Salix lasiandra"
"4872017406","Salix lucida",-122.428862,37.46595,2024,5,26,"US","HUMAN_OBSERVATION","Salix lasiandra"
"4922022885","Salix lucida",-105.503028,36.127431,2024,5,27,"US","HUMAN_OBSERVATION","Salix lasiandra"
"4872276999","Salix lucida",-119.988719,42.183935,2024,5,27,"US","HUMAN_OBSERVATION","Salix lasiandra"
"4976487319","Salix lucida",-117.377678,47.637895,2024,5,3,"US","HUMAN_OBSERVATION","Salix lasiandra"
"4903992069","Salix lucida",-121.555244,39.8295,2024,5,28,"US","HUMAN_OBSERVATION","Salix lasiandra"
"4954280888","Salix lucida",-107.214214,38.928416,2024,6,2,"US","HUMAN_OBSERVATION","Salix lasiandra"
"4954584073","Salix lucida",-106.362793,38.441906,2024,6,6,"US","HUMAN_OBSERVATION","Salix lasiandra"
"4900924853","Salix lucida",-122.648924,45.436383,2024,6,5,"US","HUMAN_OBSERVATION","Salix lasiandra"
"4892160317","Salix lucida",-122.5214,37.8352,2024,6,11,"US","HUMAN_OBSERVATION","Salix lasiandra"
"4902104090","Salix lucida",-117.561967,33.616842,2024,6,11,"US","HUMAN_OBSERVATION","Salix lasiandra"
"4901663545","Salix lucida",-122.649043,45.436401,2024,6,13,"US","HUMAN_OBSERVATION","Salix lasiandra"
"4921545454","Salix lucida",-123.942407,45.60227,2024,6,23,"US","HUMAN_OBSERVATION","Salix lasiandra"
"4976589578","Salix lucida",-122.428933,37.465958,2024,6,26,"US","HUMAN_OBSERVATION","Salix lasiandra"
"4903972704","Salix lucida",-105.396285,40.683879,2024,6,29,"US","HUMAN_OBSERVATION","Salix lasiandra"
"4904316061","Salix lucida",-120.859917,39.87317,2024,6,28,"US","HUMAN_OBSERVATION","Salix lasiandra"
"4935840087","Salix lucida",-122.554778,37.846003,2024,6,29,"US","HUMAN_OBSERVATION","Salix lasiandra"
"4954507253","Salix lucida",-105.837036,40.200733,2024,7,4,"US","HUMAN_OBSERVATION","Salix lasiandra"
"4908795509","Salix lucida",-122.649122,45.436183,2024,7,7,"US","HUMAN_OBSERVATION","Salix lasiandra"
"4910686350","Salix lucida",-122.590043,48.833353,2024,7,8,"US","HUMAN_OBSERVATION","Salix lasiandra"
"4923698876","Salix lucida",-122.106518,48.193746,2024,7,17,"US","HUMAN_OBSERVATION","Salix lasiandra"
"4921687036","Salix lucida",-149.824143,61.077917,2024,7,18,"US","HUMAN_OBSERVATION","Salix lasiandra"
"4923917180","Salix lucida",-121.914397,47.879745,2024,7,23,"US","HUMAN_OBSERVATION","Salix lasiandra"
"4952342524","Salix lucida",-124.046584,46.332172,2024,7,27,"US","HUMAN_OBSERVATION","Salix lasiandra"
"4936667122","Salix lucida",-111.440934,45.339911,2024,7,24,"US","HUMAN_OBSERVATION","Salix lasiandra"
"4946631103","Salix lucida",-122.605958,46.942039,2024,7,30,"US","HUMAN_OBSERVATION","Salix lasiandra"
"4954388506","Salix lucida",-106.885063,39.248417,2024,7,18,"US","HUMAN_OBSERVATION","Salix lasiandra"
"4923869964","Salix lucida",-122.207383,47.890303,2024,8,3,"US","HUMAN_OBSERVATION","Salix lasiandra"
"4926014108","Salix lucida",-122.267019,47.170555,2024,8,17,"US","HUMAN_OBSERVATION","Salix lasiandra"
"4945671130","Salix lucida",-122.266952,47.170392,2024,8,17,"US","HUMAN_OBSERVATION","Salix lasiandra"
"4976595230","Salix lucida",-122.514382,37.526696,2024,8,21,"US","HUMAN_OBSERVATION","Salix lasiandra"
"4936101503","Salix lucida",-147.701125,64.862167,2024,8,23,"US","HUMAN_OBSERVATION","Salix lasiandra"
"4937266443","Salix lucida",-120.281928,46.401488,2024,8,25,"US","HUMAN_OBSERVATION","Salix lasiandra"
"4936961655","Salix lucida",-122.598255,45.608498,2024,8,29,"US","HUMAN_OBSERVATION","Salix lasiandra"
"4936294460","Salix lucida",-122.196687,47.722845,2024,8,31,"US","HUMAN_OBSERVATION","Salix lasiandra"
"4945461572","Salix lucida",-123.640312,42.097228,2024,8,17,"US","HUMAN_OBSERVATION","Salix lasiandra"
"4973938507","Salix lucida",-120.023598,38.936694,2024,8,7,"US","HUMAN_OBSERVATION","Salix lasiandra"
"4994566320","Salix lucida",-121.623239,46.989025,2024,8,8,"US","HUMAN_OBSERVATION","Salix lasiandra"
"4935923619","Salix lucida",-105.509521,39.961746,2024,9,2,"US","HUMAN_OBSERVATION","Salix lasiandra"
"4936982250","Salix lucida",-122.001914,47.604167,2024,9,2,"US","HUMAN_OBSERVATION","Salix lasiandra"
"4945787102","Salix lucida",-121.172767,38.723362,2024,9,7,"US","HUMAN_OBSERVATION","Salix lasiandra"
"4946688400","Salix lucida",-122.911636,47.048991,2024,9,9,"US","HUMAN_OBSERVATION","Salix lasiandra"
"4946705600","Salix lucida",-121.981308,47.742912,2024,9,10,"US","HUMAN_OBSERVATION","Salix lasiandra"
"4946329937","Salix lucida",-120.595415,35.096472,2024,9,11,"US","HUMAN_OBSERVATION","Salix lasiandra"
"4946360908","Salix lucida",-119.260162,34.238208,2024,9,13,"US","HUMAN_OBSERVATION","Salix lasiandra"
"4952702327","Salix lucida",-121.915078,47.850812,2024,9,24,"US","HUMAN_OBSERVATION","Salix lasiandra"
"4954313671","Salix lucida",-107.86323,37.363731,2024,9,22,"US","HUMAN_OBSERVATION","Salix lasiandra"
"4976224100","Salix lucida",-122.310792,37.118728,2024,9,21,"US","HUMAN_OBSERVATION","Salix lasiandra"
"4952337074","Salix lucida",-123.018997,48.544758,2024,9,23,"US","HUMAN_OBSERVATION","Salix lasiandra"
"4976487609","Salix lucida",-122.515542,37.523438,2024,9,25,"US","HUMAN_OBSERVATION","Salix lasiandra"
"4953125886","Salix lucida",-122.089772,47.906987,2024,9,30,"US","HUMAN_OBSERVATION","Salix lasiandra"
"4952973501","Salix lucida",-122.172653,47.38307,2024,10,4,"US","HUMAN_OBSERVATION","Salix lasiandra"
"4954770482","Salix lucida",-122.352325,45.558747,2024,10,12,"US","HUMAN_OBSERVATION","Salix lasiandra"
"4954684511","Salix lucida",-121.862388,36.60548,2024,10,13,"US","HUMAN_OBSERVATION","Salix lasiandra"
"4973783902","Salix lucida",-122.205353,47.527805,2024,10,15,"US","HUMAN_OBSERVATION","Salix lasiandra"
"4974195555","Salix lucida",-122.2053,47.527787,2024,10,15,"US","HUMAN_OBSERVATION","Salix lasiandra"
"4976458447","Salix lucida",-122.242759,37.406643,2024,10,16,"US","HUMAN_OBSERVATION","Salix lasiandra"
"4973860635","Salix lucida",-122.208083,47.485445,2024,10,11,"US","HUMAN_OBSERVATION","Salix lasiandra"
"4974320360","Salix lucida",-122.296303,47.655862,2024,10,16,"US","HUMAN_OBSERVATION","Salix lasiandra"
"4976402367","Salix lucida",-122.36045,45.559055,2024,10,22,"US","HUMAN_OBSERVATION","Salix lasiandra"
"4976577326","Salix lucida",-122.806156,45.513203,2024,10,24,"US","HUMAN_OBSERVATION","Salix lasiandra"
"4982169746","Salix lucida",-122.20585,47.64478,2024,11,8,"US","HUMAN_OBSERVATION","Salix lasiandra"
"4981911813","Salix lucida",-121.80462,47.522842,2024,11,9,"US","HUMAN_OBSERVATION","Salix lasiandra"
"4982273611","Salix lucida",-121.802978,47.524472,2024,11,9,"US","HUMAN_OBSERVATION","Salix lasiandra"
"4981967100","Salix lucida",-122.202775,47.643883,2024,11,8,"US","HUMAN_OBSERVATION","Salix lasiandra"
"4982185797","Salix lucida",-122.096244,47.451345,2024,11,10,"US","HUMAN_OBSERVATION","Salix lasiandra"
"4982036678","Salix lucida",-123.008247,45.018586,2024,11,11,"US","HUMAN_OBSERVATION","Salix lasiandra"
"5007405515","Salix lucida",-122.80967,38.059022,2024,11,21,"US","HUMAN_OBSERVATION","Salix lasiandra"
"4993826204","Salix lucida",-122.805345,38.066506,2024,11,29,"US","HUMAN_OBSERVATION","Salix lasiandra"
"4994240589","Salix lucida",-118.884438,34.385608,2024,12,4,"US","HUMAN_OBSERVATION","Salix lasiandra"
"5007093520","Salix lucida",-122.101227,48.203889,2024,12,17,"US","HUMAN_OBSERVATION","Salix lasiandra"
"5007337648","Salix lucida",-122.101418,48.204739,2024,12,19,"US","HUMAN_OBSERVATION","Salix lasiandra"
"5008437313","Salix lucida",-122.029686,48.014828,2024,12,26,"US","HUMAN_OBSERVATION","Salix lasiandra"
"4034733145","Salix lucida",-122.540733,48.77672,2023,2,8,"US","HUMAN_OBSERVATION","Salix lasiandra"
"4921537378","Salix lucida",-111.114569,43.6004,2023,2,26,"US","HUMAN_OBSERVATION","Salix lasiandra"
"4062836732","Salix lucida",-120.622505,35.138432,2023,3,8,"US","HUMAN_OBSERVATION","Salix lasiandra"
"4102638848","Salix lucida",-122.58128,48.829218,2023,4,26,"US","HUMAN_OBSERVATION","Salix lasiandra"
"4103303091","Salix lucida",-122.39698,37.449312,2023,4,30,"US","HUMAN_OBSERVATION","Salix lasiandra"
"4976361180","Salix lucida",-122.396995,37.4493,2023,4,30,"US","HUMAN_OBSERVATION","Salix lasiandra"
"4418790317","Salix lucida",-120.508186,34.723416,2023,4,14,"US","PRESERVED_SPECIMEN","Salix lasiandra"
"4976293375","Salix lucida",-122.310263,37.118808,2023,5,1,"US","HUMAN_OBSERVATION","Salix lasiandra"
"4103055549","Salix lucida",-122.310714,37.118764,2023,5,1,"US","HUMAN_OBSERVATION","Salix lasiandra"
"4103038601","Salix lucida",-122.310862,37.118953,2023,5,1,"US","HUMAN_OBSERVATION","Salix lasiandra"
"4976658572","Salix lucida",-121.839355,36.93003,2023,5,8,"US","HUMAN_OBSERVATION","Salix lasiandra"
"4524906903","Salix lucida",-123.059282,44.92389,2023,5,10,"US","HUMAN_OBSERVATION","Salix lasiandra"
"4976345375","Salix lucida",-122.23679,37.400687,2023,5,17,"US","HUMAN_OBSERVATION","Salix lasiandra"
"4171255506","Salix lucida",-122.396939,37.449501,2023,5,21,"US","HUMAN_OBSERVATION","Salix lasiandra"
"4137983649","Salix lucida",-122.474789,48.77643,2023,5,23,"US","HUMAN_OBSERVATION","Salix lasiandra"
"4126998570","Salix lucida",-121.01011,39.25964,2023,5,26,"US","HUMAN_OBSERVATION","Salix lasiandra"
"4127373646","Salix lucida",-121.852346,36.285797,2023,5,26,"US","HUMAN_OBSERVATION","Salix lasiandra"
"4127016889","Salix lucida",-123.064072,44.640033,2023,5,26,"US","HUMAN_OBSERVATION","Salix lasiandra"
"4430945565","Salix lucida",-122.022592,47.452506,2023,5,25,"US","HUMAN_OBSERVATION","Salix lasiandra"
"4129918890","Salix lucida",-122.49748,48.699031,2023,6,1,"US","HUMAN_OBSERVATION","Salix lasiandra"
"4130168660","Salix lucida",-123.42682,45.030867,2023,6,2,"US","HUMAN_OBSERVATION","Salix lasiandra"
"4129793159","Salix lucida",-123.944082,45.601982,2023,6,3,"US","HUMAN_OBSERVATION","Salix lasiandra"
"4130047035","Salix lucida",-123.300425,44.571905,2023,6,4,"US","HUMAN_OBSERVATION","Salix lasiandra"
"4133882715","Salix lucida",-122.579925,48.828675,2023,6,9,"US","HUMAN_OBSERVATION","Salix lasiandra"
"4137823692","Salix lucida",-117.118797,34.21068,2023,6,14,"US","HUMAN_OBSERVATION","Salix lasiandra"
"4165596612","Salix lucida",-123.427998,38.710874,2023,6,19,"US","HUMAN_OBSERVATION","Salix lasiandra"
"4171729492","Salix lucida",-122.396063,37.256275,2023,6,20,"US","HUMAN_OBSERVATION","Salix lasiandra"
"4138061101","Salix lucida",-122.583204,48.830348,2023,6,21,"US","HUMAN_OBSERVATION","Salix lasiandra"
"4506433963","Salix lucida",-122.037208,47.37547,2023,6,21,"US","HUMAN_OBSERVATION","Salix lasiandra"
"4171180994","Salix lucida",-121.911587,44.431136,2023,6,11,"US","HUMAN_OBSERVATION","Salix lasiandra"
"4162289657","Salix lucida",-122.583222,48.830363,2023,6,21,"US","HUMAN_OBSERVATION","Salix lasiandra"
"4162195626","Salix lucida",-122.582712,48.830261,2023,6,21,"US","HUMAN_OBSERVATION","Salix lasiandra"
"4921811133","Salix lucida",-111.67147,40.645272,2023,6,24,"US","HUMAN_OBSERVATION","Salix lasiandra"
"4171378856","Salix lucida",-122.18652,47.589481,2023,6,25,"US","HUMAN_OBSERVATION","Salix lasiandra"
"4145476896","Salix lucida",-122.339484,37.186106,2023,6,27,"US","HUMAN_OBSERVATION","Salix lasiandra"
"4171334965","Salix lucida",-122.33967,37.186025,2023,6,27,"US","HUMAN_OBSERVATION","Salix lasiandra"
"4153431557","Salix lucida",-122.9149,48.522383,2023,6,27,"US","HUMAN_OBSERVATION","Salix lasiandra"
"4171193941","Salix lucida",-122.310762,37.118745,2023,6,29,"US","HUMAN_OBSERVATION","Salix lasiandra"
"4600099124","Salix lucida",-122.047746,48.191914,2023,6,1,"US","HUMAN_OBSERVATION","Salix lasiandra"
"4413547607","Salix lucida",-122.485018,48.707521,2023,7,3,"US","HUMAN_OBSERVATION","Salix lasiandra"
"4420801565","Salix lucida",-123.814772,39.376275,2023,7,6,"US","HUMAN_OBSERVATION","Salix lasiandra"
"4171183666","Salix lucida",-122.396966,37.449308,2023,7,8,"US","HUMAN_OBSERVATION","Salix lasiandra"
"4153915325","Salix lucida",-122.385014,45.557356,2023,7,9,"US","HUMAN_OBSERVATION","Salix lasiandra"
"4153490270","Salix lucida",-120.241478,39.431538,2023,7,9,"US","HUMAN_OBSERVATION","Salix lasiandra"
"4154010243","Salix lucida",-120.241447,39.431528,2023,7,9,"US","HUMAN_OBSERVATION","Salix lasiandra"
"4946299603","Salix lucida",-117.256132,43.293988,2023,7,8,"US","HUMAN_OBSERVATION","Salix lasiandra"
"4162097861","Salix lucida",-123.877433,46.127931,2023,7,10,"US","HUMAN_OBSERVATION","Salix lasiandra"
"4922014020","Salix lucida",-113.446455,43.962353,2023,7,15,"US","HUMAN_OBSERVATION","Salix lasiandra"
"4162353159","Salix lucida",-122.2823,47.609568,2023,7,16,"US","HUMAN_OBSERVATION","Salix lasiandra"
"4442634808","Salix lucida",-122.400575,45.565205,2023,7,17,"US","HUMAN_OBSERVATION","Salix lasiandra"
"4442354818","Salix lucida",-120.632538,39.846102,2023,7,19,"US","HUMAN_OBSERVATION","Salix lasiandra"
"4442530821","Salix lucida",-123.336243,39.441395,2023,7,20,"US","HUMAN_OBSERVATION","Salix lasiandra"
"4458353990","Salix lucida",-122.532782,48.773444,2023,7,29,"US","HUMAN_OBSERVATION","Salix lasiandra"
"4172085887","Salix lucida",-122.401672,37.253567,2023,7,30,"US","HUMAN_OBSERVATION","Salix lasiandra"
"4465581047","Salix lucida",-116.022027,43.633848,2023,7,23,"US","HUMAN_OBSERVATION","Salix lasiandra"
"4424357502","Salix lucida",-122.336433,47.6736,2023,7,5,"US","HUMAN_OBSERVATION","Salix lasiandra"
"4171986998","Salix lucida",-117.309943,33.373378,2023,8,3,"US","HUMAN_OBSERVATION","Salix lasiandra"
"4500485248","Salix lucida",-122.49792,48.579267,2023,8,3,"US","HUMAN_OBSERVATION","Salix lasiandra"
"4921750358","Salix lucida",-115.352263,43.320263,2023,8,5,"US","HUMAN_OBSERVATION","Salix lasiandra"
"4500553324","Salix lucida",-122.49289,47.238927,2023,8,5,"US","HUMAN_OBSERVATION","Salix lasiandra"
"4507785065","Salix lucida",-122.242578,47.339241,2023,8,9,"US","HUMAN_OBSERVATION","Salix lasiandra"
"4507605098","Salix lucida",-106.688657,35.134125,2023,8,9,"US","HUMAN_OBSERVATION","Salix lasiandra"
"4507838022","Salix lucida",-122.666908,45.709308,2023,8,9,"US","HUMAN_OBSERVATION","Salix lasiandra"
"4507842036","Salix lucida",-123.649392,46.176188,2023,8,9,"US","HUMAN_OBSERVATION","Salix lasiandra"
"4524898169","Salix lucida",-123.057126,44.924917,2023,8,12,"US","HUMAN_OBSERVATION","Salix lasiandra"
"4507618049","Salix lucida",-122.188912,37.313583,2023,8,13,"US","HUMAN_OBSERVATION","Salix lasiandra"
"4507566015","Salix lucida",-123.335087,44.409527,2023,8,13,"US","HUMAN_OBSERVATION","Salix lasiandra"
"4507758064","Salix lucida",-123.940129,45.602409,2023,8,11,"US","HUMAN_OBSERVATION","Salix lasiandra"
"4507799024","Salix lucida",-122.187613,37.314462,2023,8,13,"US","HUMAN_OBSERVATION","Salix lasiandra"
"4507807045","Salix lucida",-121.749321,36.852635,2023,8,14,"US","HUMAN_OBSERVATION","Salix lasiandra"
"4507846144","Salix lucida",-122.310745,37.118756,2023,8,14,"US","HUMAN_OBSERVATION","Salix lasiandra"
"4507847042","Salix lucida",-122.457706,47.193996,2023,8,14,"US","HUMAN_OBSERVATION","Salix lasiandra"
"4507852046","Salix lucida",-122.285217,47.642733,2023,8,14,"US","HUMAN_OBSERVATION","Salix lasiandra"
"4507584070","Salix lucida",-119.474228,38.344997,2023,8,15,"US","HUMAN_OBSERVATION","Salix lasiandra"
"4507852049","Salix lucida",-119.146348,38.013936,2023,8,16,"US","HUMAN_OBSERVATION","Salix lasiandra"
"4399916903","Salix lucida",-122.426903,48.532404,2023,8,17,"US","HUMAN_OBSERVATION","Salix lasiandra"
"4400315666","Salix lucida",-122.170554,47.381008,2023,8,18,"US","HUMAN_OBSERVATION","Salix lasiandra"
"4507846151","Salix lucida",-122.229745,37.381825,2023,8,18,"US","HUMAN_OBSERVATION","Salix lasiandra"
"4510056148","Salix lucida",-123.841003,39.916558,2023,8,24,"US","HUMAN_OBSERVATION","Salix lasiandra"
"4510031154","Salix lucida",-121.918389,36.454575,2023,8,9,"US","HUMAN_OBSERVATION","Salix lasiandra"
"4507579144","Salix lucida",-122.24294,47.326995,2023,8,8,"US","HUMAN_OBSERVATION","Salix lasiandra"
"4512221371","Salix lucida",-122.668702,45.708597,2023,8,9,"US","HUMAN_OBSERVATION","Salix lasiandra"
"4510268174","Salix lucida",-118.910613,36.787888,2023,9,2,"US","HUMAN_OBSERVATION","Salix lasiandra"
"4507563041","Salix lucida",-122.915889,46.910452,2023,9,4,"US","HUMAN_OBSERVATION","Salix lasiandra"
"4510249126","Salix lucida",-122.400326,47.530776,2023,9,5,"US","HUMAN_OBSERVATION","Salix lasiandra"
"4413778050","Salix lucida",-118.886183,34.171392,2023,9,9,"US","HUMAN_OBSERVATION","Salix lasiandra"
"4414284276","Salix lucida",-122.175429,37.307914,2023,9,14,"US","HUMAN_OBSERVATION","Salix lasiandra"
"4976331422","Salix lucida",-122.009942,37.263441,2023,9,18,"US","HUMAN_OBSERVATION","Salix lasiandra"
"4512029121","Salix lucida",-122.86695,45.567695,2023,9,23,"US","HUMAN_OBSERVATION","Salix lasiandra"
"4976420188","Salix lucida",-122.339507,37.185945,2023,9,27,"US","HUMAN_OBSERVATION","Salix lasiandra"
"4516553198","Salix lucida",-121.889953,46.942803,2023,9,9,"US","HUMAN_OBSERVATION","Salix lasiandra"
"4516325108","Salix lucida",-121.886764,46.737103,2023,9,19,"US","HUMAN_OBSERVATION","Salix lasiandra"
"4533984690","Salix lucida",-121.260436,40.196572,2023,9,6,"US","PRESERVED_SPECIMEN","Salix lasiandra"
"4421032640","Salix lucida",-105.89985,40.502364,2023,10,1,"US","HUMAN_OBSERVATION","Salix lasiandra"
"4512055245","Salix lucida",-122.274703,37.099006,2023,10,2,"US","HUMAN_OBSERVATION","Salix lasiandra"
"4424101745","Salix lucida",-122.247017,47.55545,2023,10,3,"US","HUMAN_OBSERVATION","Salix lasiandra"
"4512020210","Salix lucida",-122.398998,45.512333,2023,10,4,"US","HUMAN_OBSERVATION","Salix lasiandra"
"4507615216","Salix lucida",-117.759612,33.589745,2023,10,5,"US","HUMAN_OBSERVATION","Salix lasiandra"
"4512020242","Salix lucida",-117.42721,33.974179,2023,10,8,"US","HUMAN_OBSERVATION","Salix lasiandra"
"4512183238","Salix lucida",-122.847084,45.498999,2023,10,8,"US","HUMAN_OBSERVATION","Salix lasiandra"
"4512016256","Salix lucida",-119.580834,37.74442,2023,10,2,"US","HUMAN_OBSERVATION","Salix lasiandra"
"4512075274","Salix lucida",-122.310738,37.118775,2023,10,11,"US","HUMAN_OBSERVATION","Salix lasiandra"
"4506211205","Salix lucida",-122.333192,37.18537,2023,10,11,"US","HUMAN_OBSERVATION","Salix lasiandra"
"4507761201","Salix lucida",-122.029655,48.01404,2023,10,12,"US","HUMAN_OBSERVATION","Salix lasiandra"
"4506240186","Salix lucida",-123.244885,44.60093,2023,10,15,"US","HUMAN_OBSERVATION","Salix lasiandra"
"4512126534","Salix lucida",-117.424028,33.972064,2023,10,15,"US","HUMAN_OBSERVATION","Salix lasiandra"
"4507569241","Salix lucida",-122.131447,47.708788,2023,10,19,"US","HUMAN_OBSERVATION","Salix lasiandra"
"4507615261","Salix lucida",-121.824622,47.867203,2023,10,17,"US","HUMAN_OBSERVATION","Salix lasiandra"
"4978567454","Salix lucida",-122.379153,37.462086,2023,10,21,"US","HUMAN_OBSERVATION","Salix lasiandra"
"4436195522","Salix lucida",-122.292964,47.656811,2023,10,26,"US","HUMAN_OBSERVATION","Salix lasiandra"
"4512110417","Salix lucida",-122.50553,47.458337,2023,10,30,"US","HUMAN_OBSERVATION","Salix lasiandra"
"4440808767","Salix lucida",-122.282762,47.645338,2023,10,26,"US","HUMAN_OBSERVATION","Salix lasiandra"
"4987999396","Salix lucida",-120.949915,38.79237,2023,10,2,"US","PRESERVED_SPECIMEN","Salix lasiandra"
"4512116607","Salix lucida",-117.134278,34.00272,2023,11,1,"US","HUMAN_OBSERVATION","Salix lasiandra"
"4512098424","Salix lucida",-121.99195,36.969337,2023,11,3,"US","HUMAN_OBSERVATION","Salix lasiandra"
"4512206783","Salix lucida",-122.713467,45.612747,2023,11,5,"US","HUMAN_OBSERVATION","Salix lasiandra"
"4512049707","Salix lucida",-124.091867,40.86272,2023,11,7,"US","HUMAN_OBSERVATION","Salix lasiandra"
"4507906326","Salix lucida",-122.025069,47.898088,2023,11,30,"US","HUMAN_OBSERVATION","Salix lasiandra"
"4465724775","Salix lucida",-121.6503,37.168925,2023,12,10,"US","HUMAN_OBSERVATION","Salix lasiandra"
"3759802430","Salix lucida",-124.204558,40.610661,2022,1,12,"US","HUMAN_OBSERVATION","Salix lasiandra"
"4976420033","Salix lucida",-121.971756,37.238821,2022,3,23,"US","HUMAN_OBSERVATION","Salix lasiandra"
"3773374480","Salix lucida",-122.089386,36.95633,2022,3,22,"US","HUMAN_OBSERVATION","Salix lasiandra"
"3759866097","Salix lucida",-118.730688,34.095714,2022,3,26,"US","HUMAN_OBSERVATION","Salix lasiandra"
"4976499072","Salix lucida",-121.996522,36.981062,2022,3,27,"US","HUMAN_OBSERVATION","Salix lasiandra"
"3759756117","Salix lucida",-122.061005,36.956147,2022,4,16,"US","HUMAN_OBSERVATION","Salix lasiandra"
"3759802659","Salix lucida",-122.856698,45.575633,2022,4,20,"US","HUMAN_OBSERVATION","Salix lasiandra"
"3760027703","Salix lucida",-122.861875,45.56956,2022,4,20,"US","HUMAN_OBSERVATION","Salix lasiandra"
"3759428745","Salix lucida",-122.86183,45.569508,2022,4,20,"US","HUMAN_OBSERVATION","Salix lasiandra"
"3784906866","Salix lucida",-123.332188,44.60368,2022,4,26,"US","HUMAN_OBSERVATION","Salix lasiandra"
"3772996740","Salix lucida",-122.069222,37.0471,2022,5,4,"US","HUMAN_OBSERVATION","Salix lasiandra"
"3773068402","Salix lucida",-122.304684,47.69475,2022,5,7,"US","HUMAN_OBSERVATION","Salix lasiandra"
"3773442010","Salix lucida",-123.252559,44.591077,2022,5,2,"US","HUMAN_OBSERVATION","Salix lasiandra"
"3892386405","Salix lucida",-122.190117,47.960082,2022,5,16,"US","HUMAN_OBSERVATION","Salix lasiandra"
"3892532396","Salix lucida",-123.083589,48.57,2022,5,20,"US","HUMAN_OBSERVATION","Salix lasiandra"
"3860014699","Salix lucida",-122.294533,47.654956,2022,5,3,"US","HUMAN_OBSERVATION","Salix lasiandra"
"4976538588","Salix lucida",-122.310967,37.118858,2022,5,21,"US","HUMAN_OBSERVATION","Salix lasiandra"
"3858670787","Salix lucida",-121.7214,36.642167,2022,5,30,"US","HUMAN_OBSERVATION","Salix lasiandra"
"3858384480","Salix lucida",-122.2607,47.93397,2022,6,4,"US","HUMAN_OBSERVATION","Salix lasiandra"
"3860477665","Salix lucida",-123.051217,48.541325,2022,6,3,"US","HUMAN_OBSERVATION","Salix lasiandra"
"4863885821","Salix lucida",-123.933381,46.413472,2022,6,5,"US","HUMAN_OBSERVATION","Salix lasiandra"
"4506394637","Salix lucida",-122.070343,48.013477,2022,6,6,"US","HUMAN_OBSERVATION","Salix lasiandra"
"4506203619","Salix lucida",-122.287347,47.656873,2022,6,8,"US","HUMAN_OBSERVATION","Salix lasiandra"
"4976395960","Salix lucida",-122.210428,37.262547,2022,6,16,"US","HUMAN_OBSERVATION","Salix lasiandra"
"3860186151","Salix lucida",-119.829641,39.550151,2022,6,17,"US","HUMAN_OBSERVATION","Salix lasiandra"
"4507831657","Salix lucida",-122.709472,47.074014,2022,6,11,"US","HUMAN_OBSERVATION","Salix lasiandra"
"3859873410","Salix lucida",-123.964056,45.759493,2022,6,19,"US","HUMAN_OBSERVATION","Salix lasiandra"
"3860740831","Salix lucida",-122.580811,48.829052,2022,6,23,"US","HUMAN_OBSERVATION","Salix lasiandra"
"3860634870","Salix lucida",-122.137403,47.606728,2022,6,23,"US","HUMAN_OBSERVATION","Salix lasiandra"
"3858626849","Salix lucida",-122.137492,47.605391,2022,6,23,"US","HUMAN_OBSERVATION","Salix lasiandra"
"3859681032","Salix lucida",-122.584802,48.830502,2022,6,21,"US","HUMAN_OBSERVATION","Salix lasiandra"
"3859889955","Salix lucida",-122.654633,39.356022,2022,6,23,"US","HUMAN_OBSERVATION","Salix lasiandra"
"3859577080","Salix lucida",-122.31077,37.118756,2022,6,25,"US","HUMAN_OBSERVATION","Salix lasiandra"
"3858819201","Salix lucida",-122.310775,37.118736,2022,6,25,"US","HUMAN_OBSERVATION","Salix lasiandra"
"3860819070","Salix lucida",-122.626501,41.330573,2022,6,24,"US","HUMAN_OBSERVATION","Salix lasiandra"
"4022040561","Salix lucida",-121.049758,39.255242,2022,6,28,"US","HUMAN_OBSERVATION","Salix lasiandra"
"4011636580","Salix lucida",-105.510831,39.961376,2022,6,27,"US","HUMAN_OBSERVATION","Salix lasiandra"
"4171736538","Salix lucida",-122.39597,37.255526,2022,7,1,"US","HUMAN_OBSERVATION","Salix lasiandra"
"4507757646","Salix lucida",-122.203963,47.833277,2022,7,2,"US","HUMAN_OBSERVATION","Salix lasiandra"
"4507785647","Salix lucida",-122.471002,47.4459,2022,7,10,"US","HUMAN_OBSERVATION","Salix lasiandra"
"4507821628","Salix lucida",-122.469895,47.44608,2022,7,11,"US","HUMAN_OBSERVATION","Salix lasiandra"
"4945947224","Salix lucida",-147.760012,64.864813,2022,7,12,"US","HUMAN_OBSERVATION","Salix lasiandra"
"4982227755","Salix lucida",-118.196137,44.876922,2022,7,12,"US","HUMAN_OBSERVATION","Salix lasiandra"
"3881410490","Salix lucida",-123.25116,44.537694,2022,7,14,"US","HUMAN_OBSERVATION","Salix lasiandra"
"4171411480","Salix lucida",-119.14592,38.011011,2022,7,20,"US","HUMAN_OBSERVATION","Salix lasiandra"
"3902189210","Salix lucida",-119.938146,38.972113,2022,7,19,"US","HUMAN_OBSERVATION","Salix lasiandra"
"3912331486","Salix lucida",-149.801544,61.626628,2022,7,28,"US","HUMAN_OBSERVATION","Salix lasiandra"
"4507781644","Salix lucida",-122.361339,47.480494,2022,7,23,"US","HUMAN_OBSERVATION","Salix lasiandra"
"4936066925","Salix lucida",-111.019009,45.682686,2022,7,9,"US","HUMAN_OBSERVATION","Salix lasiandra"
"4935705310","Salix lucida",-111.019706,45.681527,2022,7,9,"US","HUMAN_OBSERVATION","Salix lasiandra"
"4507813720","Salix lucida",-123.240823,47.326553,2022,7,11,"US","HUMAN_OBSERVATION","Salix lasiandra"
"4976275046","Salix lucida",-122.310775,37.118745,2022,8,3,"US","HUMAN_OBSERVATION","Salix lasiandra"
"4954492938","Salix lucida",-105.409369,39.809704,2022,8,3,"US","HUMAN_OBSERVATION","Salix lasiandra"
"3961468535","Salix lucida",-123.178808,44.095374,2022,8,5,"US","HUMAN_OBSERVATION","Salix lasiandra"
"4171299418","Salix lucida",-122.31095,37.118725,2022,8,5,"US","HUMAN_OBSERVATION","Salix lasiandra"
"4021958650","Salix lucida",-120.200967,39.432142,2022,8,6,"US","HUMAN_OBSERVATION","Salix lasiandra"
"3925413581","Salix lucida",-120.223612,39.363483,2022,8,8,"US","HUMAN_OBSERVATION","Salix lasiandra"
"3963225512","Salix lucida",-120.277322,39.366178,2022,8,8,"US","HUMAN_OBSERVATION","Salix lasiandra"
"3902214052","Salix lucida",-147.767472,64.824508,2022,8,9,"US","HUMAN_OBSERVATION","Salix lasiandra"
"3947604768","Salix lucida",-122.499383,45.701278,2022,8,9,"US","HUMAN_OBSERVATION","Salix lasiandra"
"3902362023","Salix lucida",-122.250862,47.904449,2022,8,10,"US","HUMAN_OBSERVATION","Salix lasiandra"
"4980451996","Salix lucida",-122.204933,47.64332,2022,8,10,"US","HUMAN_OBSERVATION","Salix lasiandra"
"3892405005","Salix lucida",-120.241123,39.431057,2022,8,13,"US","HUMAN_OBSERVATION","Salix lasiandra"
"3892408989","Salix lucida",-120.241618,39.43153,2022,8,13,"US","HUMAN_OBSERVATION","Salix lasiandra"
"3892550958","Salix lucida",-120.241495,39.431512,2022,8,13,"US","HUMAN_OBSERVATION","Salix lasiandra"
"3903091650","Salix lucida",-122.215179,47.70414,2022,8,18,"US","HUMAN_OBSERVATION","Salix lasiandra"
"3902444331","Salix lucida",-120.241087,39.432152,2022,8,13,"US","HUMAN_OBSERVATION","Salix lasiandra"
"3961264527","Salix lucida",-122.718197,45.41984,2022,8,28,"US","HUMAN_OBSERVATION","Salix lasiandra"
"4075724280","Salix lucida",-121.112244,35.589878,2022,8,22,"US","HUMAN_OBSERVATION","Salix lasiandra"
"4438900403","Salix lucida",-122.287567,47.656825,2022,8,28,"US","HUMAN_OBSERVATION","Salix lasiandra"
"4095570368","Salix lucida",-124.103708,41.221587,2022,8,12,"US","PRESERVED_SPECIMEN","Salix lasiandra"
"4171323505","Salix lucida",-122.338919,37.186069,2022,9,8,"US","HUMAN_OBSERVATION","Salix lasiandra"
"3963236556","Salix lucida",-123.213792,44.850687,2022,9,10,"US","HUMAN_OBSERVATION","Salix lasiandra"
"4507601711","Salix lucida",-122.253913,47.453276,2022,9,13,"US","HUMAN_OBSERVATION","Salix lasiandra"
"3912395712","Salix lucida",-112.727417,46.446025,2022,9,16,"US","HUMAN_OBSERVATION","Salix lasiandra"
"4507605669","Salix lucida",-122.303258,47.772644,2022,9,21,"US","HUMAN_OBSERVATION","Salix lasiandra"
"3961396593","Salix lucida",-122.605933,45.599725,2022,9,25,"US","HUMAN_OBSERVATION","Salix lasiandra"
"3925449955","Salix lucida",-121.885847,46.944725,2022,9,25,"US","HUMAN_OBSERVATION","Salix lasiandra"
"3963325276","Salix lucida",-119.384628,37.413635,2022,9,24,"US","HUMAN_OBSERVATION","Salix lasiandra"
"4923397607","Salix lucida",-116.733333,33.733333,2022,9,2,"US","PRESERVED_SPECIMEN","Salix lasiandra"
"3923592291","Salix lucida",-122.542305,47.809263,2022,10,1,"US","HUMAN_OBSERVATION","Salix lasiandra"
"3961259605","Salix lucida",-122.948913,45.492305,2022,10,3,"US","HUMAN_OBSERVATION","Salix lasiandra"
"4022022614","Salix lucida",-120.331453,39.316488,2022,10,14,"US","HUMAN_OBSERVATION","Salix lasiandra"
"4006622585","Salix lucida",-122.287289,47.657132,2022,10,18,"US","HUMAN_OBSERVATION","Salix lasiandra"
"3988574575","Salix lucida",-122.287353,47.656442,2022,10,25,"US","HUMAN_OBSERVATION","Salix lasiandra"
"3994237731","Salix lucida",-123.29985,44.121728,2022,12,6,"US","HUMAN_OBSERVATION","Salix lasiandra"
"4976366442","Salix lucida",-122.084487,36.958872,2021,3,26,"US","HUMAN_OBSERVATION","Salix lasiandra"
"3061751362","Salix lucida",-122.685803,47.668112,2021,3,16,"US","HUMAN_OBSERVATION","Salix lasiandra"
"4976499020","Salix lucida",-122.515949,37.52346,2021,4,14,"US","HUMAN_OBSERVATION","Salix lasiandra"
"3109303764","Salix lucida",-123.302055,44.547917,2021,4,23,"US","HUMAN_OBSERVATION","Salix lasiandra"
"3112352456","Salix lucida",-122.459418,47.442628,2021,4,28,"US","HUMAN_OBSERVATION","Salix lasiandra"
"3112366628","Salix lucida",-122.055507,47.562918,2021,4,30,"US","HUMAN_OBSERVATION","Salix lasiandra"
"4976527240","Salix lucida",-122.309477,37.508631,2021,4,30,"US","HUMAN_OBSERVATION","Salix lasiandra"
"3759847555","Salix lucida",-122.270751,37.31898,2021,4,30,"US","HUMAN_OBSERVATION","Salix lasiandra"
"3461004620","Salix lucida",-120.85245,35.52396,2021,5,11,"US","PRESERVED_SPECIMEN","Salix lasiandra"
"3461004849","Salix lucida",-120.85411,35.52455,2021,5,11,"US","PRESERVED_SPECIMEN","Salix lasiandra"
"3461004851","Salix lucida",-120.85411,35.52455,2021,5,11,"US","PRESERVED_SPECIMEN","Salix lasiandra"
"3112314209","Salix lucida",-122.492054,47.235035,2021,5,1,"US","HUMAN_OBSERVATION","Salix lasiandra"
"3112813582","Salix lucida",-122.610227,45.574227,2021,5,2,"US","HUMAN_OBSERVATION","Salix lasiandra"
"3112755057","Salix lucida",-122.624838,45.382978,2021,5,1,"US","HUMAN_OBSERVATION","Salix lasiandra"
"3112459091","Salix lucida",-122.713377,45.483888,2021,5,3,"US","HUMAN_OBSERVATION","Salix lasiandra"
"4507845499","Salix lucida",-122.180111,47.840576,2021,5,9,"US","HUMAN_OBSERVATION","Salix lasiandra"
"3124906943","Salix lucida",-122.785094,48.552117,2021,5,20,"US","HUMAN_OBSERVATION","Salix lasiandra"
"3301902899","Salix lucida",-123.299208,44.575317,2021,5,27,"US","HUMAN_OBSERVATION","Salix lasiandra"
"3302382235","Salix lucida",-123.958711,45.894401,2021,5,29,"US","HUMAN_OBSERVATION","Salix lasiandra"
"3384132979","Salix lucida",-123.83866,43.649642,2021,5,3,"US","HUMAN_OBSERVATION","Salix lasiandra"
"3384480923","Salix lucida",-123.83866,43.649642,2021,5,3,"US","HUMAN_OBSERVATION","Salix lasiandra"
"4068946068","Salix lucida",-114.68746,41.94348,2021,5,28,"US","PRESERVED_SPECIMEN","Salix lasiandra"
"3889115368","Salix lucida",-121.936451,42.581113,2021,6,1,"US","HUMAN_OBSERVATION","Salix lasiandra"
"3307138423","Salix lucida",-123.25986,44.533406,2021,6,2,"US","HUMAN_OBSERVATION","Salix lasiandra"
"3325539452","Salix lucida",-147.7417,64.798028,2021,6,4,"US","HUMAN_OBSERVATION","Salix lasiandra"
"4068952242","Salix lucida",-113.92443,43.6015,2021,6,4,"US","PRESERVED_SPECIMEN","Salix lasiandra"
"4022168349","Salix lucida",-120.241478,39.43153,2021,7,18,"US","HUMAN_OBSERVATION","Salix lasiandra"
"3415479705","Salix lucida",-147.258086,65.191544,2021,7,29,"US","HUMAN_OBSERVATION","Salix lasiandra"
"4018116432","Salix lucida",-149.924221,61.206647,2021,7,31,"US","HUMAN_OBSERVATION","Salix lasiandra"
"4507606502","Salix lucida",-122.160306,47.408698,2021,7,8,"US","HUMAN_OBSERVATION","Salix lasiandra"
"3963572386","Salix lucida",-121.351088,47.710962,2021,7,1,"US","HUMAN_OBSERVATION","Salix lasiandra"
"4980281543","Salix lucida",-123.274864,45.246119,2021,8,28,"US","HUMAN_OBSERVATION","Salix lasiandra"
"3337475960","Salix lucida",-123.126628,44.139802,2021,8,9,"US","HUMAN_OBSERVATION","Salix lasiandra"
"3859853793","Salix lucida",-122.12508,47.66925,2021,8,23,"US","HUMAN_OBSERVATION","Salix lasiandra"
"4500874287","Salix lucida",-123.111655,46.149417,2021,9,5,"US","HUMAN_OBSERVATION","Salix lasiandra"
"3355802179","Salix lucida",-124.093321,40.861828,2021,9,6,"US","HUMAN_OBSERVATION","Salix lasiandra"
"4096556437","Salix lucida",-111.179013,44.779616,2021,9,6,"US","HUMAN_OBSERVATION","Salix lasiandra"
"4976395918","Salix lucida",-122.2367,37.40073,2021,9,29,"US","HUMAN_OBSERVATION","Salix lasiandra"
"3455357256","Salix lucida",-123.300742,44.573769,2021,10,17,"US","HUMAN_OBSERVATION","Salix lasiandra"
"3391521805","Salix lucida",-119.549737,37.74982,2021,10,9,"US","HUMAN_OBSERVATION","Salix lasiandra"
"4976449798","Salix lucida",-121.530834,37.082998,2021,10,14,"US","HUMAN_OBSERVATION","Salix lasiandra"
"3407939683","Salix lucida",-119.595026,37.740188,2021,10,28,"US","HUMAN_OBSERVATION","Salix lasiandra"
"3408127957","Salix lucida",-121.035858,38.916167,2021,10,30,"US","HUMAN_OBSERVATION","Salix lasiandra"
"3415737072","Salix lucida",-119.108998,34.298879,2021,11,3,"US","HUMAN_OBSERVATION","Salix lasiandra"
"3407913210","Salix lucida",-122.828742,43.891637,2021,11,4,"US","HUMAN_OBSERVATION","Salix lasiandra"
"3985697486","Salix lucida",-119.608854,37.736692,2021,11,6,"US","HUMAN_OBSERVATION","Salix lasiandra"
"3925254441","Salix lucida",-117.518012,33.968004,2021,11,20,"US","HUMAN_OBSERVATION","Salix lasiandra"
"3858275844","Salix lucida",-121.843292,36.285317,2021,11,21,"US","HUMAN_OBSERVATION","Salix lasiandra"
"5008121620","Salix lucida",-122.3181,47.654975,2021,11,24,"US","HUMAN_OBSERVATION","Salix lasiandra"
"3747250482","Salix lucida",-122.213626,38.304838,2021,12,8,"US","HUMAN_OBSERVATION","Salix lasiandra"
"3892420367","Salix lucida",-122.294257,47.656422,2021,12,28,"US","HUMAN_OBSERVATION","Salix lasiandra"
"4936845372","Salix lucida",-119.794547,39.165675,2020,2,4,"US","HUMAN_OBSERVATION","Salix lasiandra"
"4976572522","Salix lucida",-121.780267,36.914762,2020,3,14,"US","HUMAN_OBSERVATION","Salix lasiandra"
"2609126155","Salix lucida",-123.926044,46.160839,2020,4,8,"US","HUMAN_OBSERVATION","Salix lasiandra"
"2611065891","Salix lucida",-123.213968,44.698414,2020,4,23,"US","HUMAN_OBSERVATION","Salix lasiandra"
"3902166474","Salix lucida",-124.185775,40.651602,2020,4,24,"US","HUMAN_OBSERVATION","Salix lasiandra"
"3302424362","Salix lucida",-123.065061,44.05015,2020,4,25,"US","HUMAN_OBSERVATION","Salix lasiandra"
"2626130851","Salix lucida",-122.835433,45.544472,2020,4,20,"US","HUMAN_OBSERVATION","Salix lasiandra"
"2611256354","Salix lucida",-122.502531,37.591393,2020,4,27,"US","HUMAN_OBSERVATION","Salix lasiandra"
"2611354173","Salix lucida",-122.762302,48.138959,2020,4,29,"US","HUMAN_OBSERVATION","Salix lasiandra"
"2620157050","Salix lucida",-122.088028,38.408925,2020,5,3,"US","HUMAN_OBSERVATION","Salix lasiandra"
"3802681312","Salix lucida",-122.542825,47.675021,2020,5,6,"US","HUMAN_OBSERVATION","Salix lasiandra"
"2814150575","Salix lucida",-147.813706,64.859933,2020,5,22,"US","HUMAN_OBSERVATION","Salix lasiandra"
"2634354203","Salix lucida",-147.813767,64.859139,2020,5,22,"US","HUMAN_OBSERVATION","Salix lasiandra"
"2641511938","Salix lucida",-123.159454,44.733539,2020,5,25,"US","HUMAN_OBSERVATION","Salix lasiandra"
"3798137991","Salix lucida",-105.2588,39.8896,2020,6,20,"US","PRESERVED_SPECIMEN","Salix lasiandra"
"3503204825","Salix lucida",-117.671053,33.506734,2020,6,6,"US","PRESERVED_SPECIMEN","Salix lasiandra"
"4976211122","Salix lucida",-122.270968,37.317522,2020,6,3,"US","HUMAN_OBSERVATION","Salix lasiandra"
"2641303768","Salix lucida",-117.67105,33.50673,2020,6,5,"US","HUMAN_OBSERVATION","Salix lasiandra"
"2641570489","Salix lucida",-122.517401,48.764615,2020,6,9,"US","HUMAN_OBSERVATION","Salix lasiandra"
"2802801874","Salix lucida",-123.956343,45.902338,2020,6,23,"US","HUMAN_OBSERVATION","Salix lasiandra"
"2814189056","Salix lucida",-122.583227,48.830294,2020,6,26,"US","HUMAN_OBSERVATION","Salix lasiandra"
"2813941929","Salix lucida",-122.581381,48.830025,2020,6,26,"US","HUMAN_OBSERVATION","Salix lasiandra"
"2814172937","Salix lucida",-122.478159,48.722023,2020,6,26,"US","HUMAN_OBSERVATION","Salix lasiandra"
"2813926800","Salix lucida",-122.584455,48.830423,2020,6,26,"US","HUMAN_OBSERVATION","Salix lasiandra"
"2814003583","Salix lucida",-122.58366,48.831522,2020,6,28,"US","HUMAN_OBSERVATION","Salix lasiandra"
"2813985675","Salix lucida",-122.584807,48.83054,2020,6,28,"US","HUMAN_OBSERVATION","Salix lasiandra"
"2814091685","Salix lucida",-122.114578,48.080185,2020,6,28,"US","HUMAN_OBSERVATION","Salix lasiandra"
"2814049682","Salix lucida",-122.580987,48.828493,2020,6,28,"US","HUMAN_OBSERVATION","Salix lasiandra"
"2814040355","Salix lucida",-122.446946,48.70163,2020,7,3,"US","HUMAN_OBSERVATION","Salix lasiandra"
"2814131329","Salix lucida",-122.488312,48.72608,2020,7,4,"US","HUMAN_OBSERVATION","Salix lasiandra"
"2814021087","Salix lucida",-122.68859,48.857441,2020,7,4,"US","HUMAN_OBSERVATION","Salix lasiandra"
"4507599393","Salix lucida",-122.651705,47.7503,2020,7,7,"US","HUMAN_OBSERVATION","Salix lasiandra"
"4171142378","Salix lucida",-122.339622,37.186097,2020,7,8,"US","HUMAN_OBSERVATION","Salix lasiandra"
"2818717078","Salix lucida",-122.584763,48.831447,2020,7,11,"US","HUMAN_OBSERVATION","Salix lasiandra"
"2818699020","Salix lucida",-122.584763,48.831447,2020,7,11,"US","HUMAN_OBSERVATION","Salix lasiandra"
"4522505408","Salix lucida",-121.691508,48.908232,2020,7,16,"US","HUMAN_OBSERVATION","Salix lasiandra"
"2826414826","Salix lucida",-118.895284,34.390279,2020,7,16,"US","HUMAN_OBSERVATION","Salix lasiandra"
"2826146939","Salix lucida",-117.747091,33.579409,2020,7,23,"US","HUMAN_OBSERVATION","Salix lasiandra"
"2826182867","Salix lucida",-117.747157,33.579228,2020,7,23,"US","HUMAN_OBSERVATION","Salix lasiandra"
"4599940456","Salix lucida",-122.674516,45.30167,2020,7,30,"US","HUMAN_OBSERVATION","Salix lasiandra"
"2850975955","Salix lucida",-122.545496,45.612251,2020,7,23,"US","HUMAN_OBSERVATION","Salix lasiandra"
"4507769412","Salix lucida",-122.351007,47.56153,2020,8,2,"US","HUMAN_OBSERVATION","Salix lasiandra"
"2850798979","Salix lucida",-122.532823,48.773705,2020,8,8,"US","HUMAN_OBSERVATION","Salix lasiandra"
"3005217482","Salix lucida",-118.667043,37.235285,2020,8,15,"US","HUMAN_OBSERVATION","Salix lasiandra"
"2856565568","Salix lucida",-122.629483,45.391536,2020,8,19,"US","HUMAN_OBSERVATION","Salix lasiandra"
"3802354333","Salix lucida",-121.101633,45.159141,2020,8,21,"US","HUMAN_OBSERVATION","Salix lasiandra"
"3759053468","Salix lucida",-118.8349,36.665205,2020,8,17,"US","HUMAN_OBSERVATION","Salix lasiandra"
"2898268450","Salix lucida",-119.911972,39.297488,2020,8,21,"US","HUMAN_OBSERVATION","Salix lasiandra"
"2860234382","Salix lucida",-122.71306,47.072658,2020,9,3,"US","HUMAN_OBSERVATION","Salix lasiandra"
"2862636395","Salix lucida",-122.75078,45.834912,2020,9,6,"US","HUMAN_OBSERVATION","Salix lasiandra"
"2868238372","Salix lucida",-122.147194,47.401012,2020,9,20,"US","HUMAN_OBSERVATION","Salix lasiandra"
"2873839097","Salix lucida",-117.80936,33.573218,2020,9,26,"US","HUMAN_OBSERVATION","Salix lasiandra"
"4976292091","Salix lucida",-122.089293,36.956303,2020,10,3,"US","HUMAN_OBSERVATION","Salix lasiandra"
"2898322886","Salix lucida",-122.892983,45.484292,2020,10,11,"US","HUMAN_OBSERVATION","Salix lasiandra"
"2963836959","Salix lucida",-122.294428,47.655611,2020,10,24,"US","HUMAN_OBSERVATION","Salix lasiandra"
"2980827889","Salix lucida",-117.591361,33.390072,2020,11,1,"US","HUMAN_OBSERVATION","Salix lasiandra"
"2988654688","Salix lucida",-122.512765,48.699039,2020,11,22,"US","HUMAN_OBSERVATION","Salix lasiandra"
"3772794369","Salix lucida",-122.804283,38.062906,2020,11,27,"US","HUMAN_OBSERVATION","Salix lasiandra"
"1990522026","Salix lucida",-122.688981,38.449323,2019,1,17,"US","HUMAN_OBSERVATION","Salix lasiandra"
"2013732047","Salix lucida",-123.038093,48.470848,2019,3,10,"US","HUMAN_OBSERVATION","Salix lasiandra"
"3802684314","Salix lucida",-122.304376,47.820172,2019,4,25,"US","HUMAN_OBSERVATION","Salix lasiandra"
"4067319271","Salix lucida",-119.304306,34.350614,2019,5,23,"US","HUMAN_OBSERVATION","Salix lasiandra"
"4067680303","Salix lucida",-119.304519,34.350681,2019,5,23,"US","HUMAN_OBSERVATION","Salix lasiandra"
"2242930038","Salix lucida",-122.62407,45.381333,2019,5,5,"US","HUMAN_OBSERVATION","Salix lasiandra"
"2243008092","Salix lucida",-122.647205,45.434145,2019,5,10,"US","HUMAN_OBSERVATION","Salix lasiandra"
"4875093168","Salix lucida",-122.060692,36.960388,2019,5,23,"US","HUMAN_OBSERVATION","Salix lasiandra"
"2366018582","Salix lucida",-123.034127,44.91866,2019,5,26,"US","HUMAN_OBSERVATION","Salix lasiandra"
"4073947592","Salix lucida",-114.799405,42.04307,2019,5,23,"US","PRESERVED_SPECIMEN","Salix lasiandra"
"3759741363","Salix lucida",-122.397015,37.449048,2019,6,2,"US","HUMAN_OBSERVATION","Salix lasiandra"
"3759101368","Salix lucida",-122.314538,37.197893,2019,6,15,"US","HUMAN_OBSERVATION","Salix lasiandra"
"2273290681","Salix lucida",-122.141876,47.794018,2019,6,24,"US","HUMAN_OBSERVATION","Salix lasiandra"
"3785197326","Salix lucida",-122.312157,45.563192,2019,6,26,"US","HUMAN_OBSERVATION","Salix lasiandra"
"4403410308","Salix lucida",-117.11336,34.39194,2019,6,27,"US","PRESERVED_SPECIMEN","Salix lasiandra"
"4433414909","Salix lucida",-117.11335,34.39195,2019,6,27,"US","PRESERVED_SPECIMEN","Salix lasiandra"
"4856651597","Salix lucida",-117.11335,34.39195,2019,6,27,"US","PRESERVED_SPECIMEN","Salix lasiandra"
"2422855066","Salix lucida",-123.180592,45.852821,2019,7,4,"US","HUMAN_OBSERVATION","Salix lasiandra"
"2283177569","Salix lucida",-122.219818,47.83525,2019,7,4,"US","HUMAN_OBSERVATION","Salix lasiandra"
"3759144356","Salix lucida",-120.661858,39.702473,2019,7,6,"US","HUMAN_OBSERVATION","Salix lasiandra"
"4518973348","Salix lucida",-119.192238,37.94075,2019,7,10,"US","HUMAN_OBSERVATION","Salix lasiandra"
"2429219573","Salix lucida",-123.126248,44.139062,2019,7,18,"US","HUMAN_OBSERVATION","Salix lasiandra"
"2294568609","Salix lucida",-123.126698,44.139794,2019,7,18,"US","HUMAN_OBSERVATION","Salix lasiandra"
"2350319507","Salix lucida",-122.842396,45.56182,2019,7,24,"US","HUMAN_OBSERVATION","Salix lasiandra"
"2422863040","Salix lucida",-122.202672,42.376185,2019,7,21,"US","HUMAN_OBSERVATION","Salix lasiandra"
"2432123007","Salix lucida",-120.847,35.64484,2019,7,3,"US","PRESERVED_SPECIMEN","Salix lasiandra"
"2350335968","Salix lucida",-119.009239,34.368928,2019,8,8,"US","HUMAN_OBSERVATION","Salix lasiandra"
"4022242321","Salix lucida",-120.241394,39.431515,2019,8,9,"US","HUMAN_OBSERVATION","Salix lasiandra"
"2350423630","Salix lucida",-122.837921,45.561272,2019,8,13,"US","HUMAN_OBSERVATION","Salix lasiandra"
"2540735537","Salix lucida",-147.750672,64.805817,2019,8,8,"US","HUMAN_OBSERVATION","Salix lasiandra"
"4976355475","Salix lucida",-122.310921,37.118748,2019,8,19,"US","HUMAN_OBSERVATION","Salix lasiandra"
"2397546829","Salix lucida",-121.459597,42.978748,2019,8,7,"US","HUMAN_OBSERVATION","Salix lasiandra"
"3759064389","Salix lucida",-120.327513,39.340503,2019,8,25,"US","HUMAN_OBSERVATION","Salix lasiandra"
"3010204303","Salix lucida",-120.241437,39.431545,2019,8,9,"US","PRESERVED_SPECIMEN","Salix lasiandra"
"2397667074","Salix lucida",-122.853225,47.048,2019,9,1,"US","HUMAN_OBSERVATION","Salix lasiandra"
"2423209392","Salix lucida",-121.465659,40.509089,2019,9,20,"US","HUMAN_OBSERVATION","Salix lasiandra"
"2429325866","Salix lucida",-118.764175,36.220088,2019,9,28,"US","HUMAN_OBSERVATION","Salix lasiandra"
"3031828570","Salix lucida",-120.896467,35.258087,2019,9,21,"US","HUMAN_OBSERVATION","Salix lasiandra"
"3503182864","Salix lucida",-117.72994,33.86957,2019,9,26,"US","PRESERVED_SPECIMEN","Salix lasiandra"
"4507575483","Salix lucida",-122.187964,47.591607,2019,9,7,"US","HUMAN_OBSERVATION","Salix lasiandra"
"2518150757","Salix lucida",-122.308037,47.672462,2019,10,16,"US","HUMAN_OBSERVATION","Salix lasiandra"
"2456534750","Salix lucida",-122.383387,47.806972,2019,11,8,"US","HUMAN_OBSERVATION","Salix lasiandra"
"4978308178","Salix lucida",-121.868133,37.32932,2018,4,29,"US","HUMAN_OBSERVATION","Salix lasiandra"
"1933538283","Salix lucida",-122.678769,48.024762,2018,5,1,"US","HUMAN_OBSERVATION","Salix lasiandra"
"3759102330","Salix lucida",-106.532664,35.817451,2018,5,29,"US","HUMAN_OBSERVATION","Salix lasiandra"
"1946314095","Salix lucida",-122.451149,47.426246,2018,5,18,"US","HUMAN_OBSERVATION","Salix lasiandra"
"4856916050","Salix lucida",-121.79222,41.01361,2018,5,15,"US","PRESERVED_SPECIMEN","Salix lasiandra"
"1978414322","Salix lucida",-122.96027,47.070848,2018,6,6,"US","HUMAN_OBSERVATION","Salix lasiandra"
"1880546640","Salix lucida",-149.824631,61.077933,2018,6,22,"US","HUMAN_OBSERVATION","Salix lasiandra"
"4021948312","Salix lucida",-120.242569,39.431615,2018,7,4,"US","HUMAN_OBSERVATION","Salix lasiandra"
"3759219336","Salix lucida",-111.180283,38.180778,2018,7,14,"US","HUMAN_OBSERVATION","Salix lasiandra"
"1883938295","Salix lucida",-120.247635,39.431445,2018,7,21,"US","HUMAN_OBSERVATION","Salix lasiandra"
"3031830384","Salix lucida",-122.405236,47.694271,2018,7,23,"US","HUMAN_OBSERVATION","Salix lasiandra"
"1890694940","Salix lucida",-122.579224,38.073075,2018,8,5,"US","HUMAN_OBSERVATION","Salix lasiandra"
"1899761369","Salix lucida",-124.29284,47.778021,2018,8,3,"US","HUMAN_OBSERVATION","Salix lasiandra"
"1986511724","Salix lucida",-122.806561,45.559676,2018,11,6,"US","HUMAN_OBSERVATION","Salix lasiandra"
"1945438202","Salix lucida",-118.252419,34.309837,2018,11,17,"US","HUMAN_OBSERVATION","Salix lasiandra"
"1837097276","Salix lucida",-124.083522,40.883273,2017,5,8,"US","HUMAN_OBSERVATION","Salix lasiandra"
"1562928808","Salix lucida",-122.758876,45.476803,2017,5,10,"US","HUMAN_OBSERVATION","Salix lasiandra"
"2610094144","Salix lucida",-117.2662,34.07881,2017,6,22,"US","PRESERVED_SPECIMEN","Salix lasiandra"
"3125146952","Salix lucida",-117.2662,34.07881,2017,6,22,"US","PRESERVED_SPECIMEN","Salix lasiandra"
"2988408457","Salix lucida",-122.58102,48.830338,2017,6,10,"US","HUMAN_OBSERVATION","Salix lasiandra"
"1807275082","Salix lucida",-122.468889,42.175278,2017,6,27,"US","HUMAN_OBSERVATION","Salix lasiandra"
"2594290448","Salix lucida",-149.801983,61.0685302,2017,6,5,"US","PRESERVED_SPECIMEN","Salix lasiandra"
"3413761301","Salix lucida",-149.801983,61.0685302,2017,6,5,"US","PRESERVED_SPECIMEN","Salix lasiandra"
"4856703356","Salix lucida",-123.70953,38.93462,2017,6,28,"US","PRESERVED_SPECIMEN","Salix lasiandra"
"2421776633","Salix lucida",-120.08671,38.96489,2017,7,6,"US","PRESERVED_SPECIMEN","Salix lasiandra"
"1572362719","Salix lucida",-122.678644,48.024165,2017,7,2,"US","HUMAN_OBSERVATION","Salix lasiandra"
"1586112626","Salix lucida",-122.8475,45.498889,2017,7,30,"US","HUMAN_OBSERVATION","Salix lasiandra"
"2432123047","Salix lucida",-122.25366,37.071182,2017,8,23,"US","PRESERVED_SPECIMEN","Salix lasiandra"
"4507595368","Salix lucida",-122.332734,47.517483,2017,8,8,"US","HUMAN_OBSERVATION","Salix lasiandra"
"3329993539","Salix lucida",-120.812907,35.48577,2017,8,2,"US","PRESERVED_SPECIMEN","Salix lasiandra"
"3872273326","Salix lucida",-118.1683,34.2108,2017,10,26,"US","PRESERVED_SPECIMEN","Salix lasiandra"
"1699378852","Salix lucida",-122.252441,37.893356,2017,10,29,"US","HUMAN_OBSERVATION","Salix lasiandra"
"1703146389","Salix lucida",-122.25262,37.824305,2017,11,7,"US","HUMAN_OBSERVATION","Salix lasiandra"
"2270221052","Salix lucida",-120.774095,35.356222,2016,2,25,"US","PRESERVED_SPECIMEN","Salix lasiandra"
"2270221543","Salix lucida",-120.774095,35.356222,2016,2,25,"US","PRESERVED_SPECIMEN","Salix lasiandra"
"1883566682","Salix lucida",-118.972135,34.262102,2016,4,8,"US","HUMAN_OBSERVATION","Salix lasiandra"
"1265894167","Salix lucida",-123.877042,46.121104,2016,4,14,"US","HUMAN_OBSERVATION","Salix lasiandra"
"1265894955","Salix lucida",-123.525351,46.231952,2016,4,23,"US","HUMAN_OBSERVATION","Salix lasiandra"
"2422870382","Salix lucida",-122.641658,45.472875,2016,4,25,"US","HUMAN_OBSERVATION","Salix lasiandra"
"1269577738","Salix lucida",-123.876858,46.120533,2016,5,21,"US","HUMAN_OBSERVATION","Salix lasiandra"
"1291078601","Salix lucida",-123.88852,45.685781,2016,5,11,"US","HUMAN_OBSERVATION","Salix lasiandra"
"1272113263","Salix lucida",-122.530995,45.419755,2016,6,7,"US","HUMAN_OBSERVATION","Salix lasiandra"
"1272113257","Salix lucida",-122.530995,45.419755,2016,6,7,"US","HUMAN_OBSERVATION","Salix lasiandra"
"1273846284","Salix lucida",-122.53468,45.418265,2016,6,6,"US","HUMAN_OBSERVATION","Salix lasiandra"
"2421774923","Salix lucida",-120.089444,38.968889,2016,7,19,"US","PRESERVED_SPECIMEN","Salix lasiandra"
"1453270163","Salix lucida",-122.248836,47.681129,2016,10,9,"US","HUMAN_OBSERVATION","Salix lasiandra"
"3053451068","Salix lucida",-119.22601,34.2361,2015,3,18,"US","PRESERVED_SPECIMEN","Salix lasiandra"
"2422518474","Salix lucida",-119.226,34.23608,2015,3,18,"US","PRESERVED_SPECIMEN","Salix lasiandra"
"4845958310","Salix lucida",-119.22601,34.2361,2015,3,18,"US","PRESERVED_SPECIMEN","Salix lasiandra"
"2430423520","Salix lucida",-119.20503,34.2345,2015,3,18,"US","PRESERVED_SPECIMEN","Salix lasiandra"
"2430443087","Salix lucida",-119.226,34.23607,2015,3,18,"US","PRESERVED_SPECIMEN","Salix lasiandra"
"1836710880","Salix lucida",-122.61213,37.96511,2015,3,7,"US","PRESERVED_SPECIMEN","Salix lasiandra"
"2422507820","Salix lucida",-119.24886,38.02708,2015,5,13,"US","PRESERVED_SPECIMEN","Salix lasiandra"
"2422505879","Salix lucida",-119.24886,38.02708,2015,5,13,"US","PRESERVED_SPECIMEN","Salix lasiandra"
"2366010460","Salix lucida",-121.526425,45.715424,2015,6,13,"US","HUMAN_OBSERVATION","Salix lasiandra"
"2429193295","Salix lucida",-120.276815,39.324732,2015,8,6,"US","HUMAN_OBSERVATION","Salix lasiandra"
"4079079022","Salix lucida",-120.702066,37.639616,2014,3,4,"US","PRESERVED_SPECIMEN","Salix lasiandra"
"4079079024","Salix lucida",-120.68238,37.63681,2014,3,4,"US","PRESERVED_SPECIMEN","Salix lasiandra"
"4976490279","Salix lucida",-122.31185,37.118605,2014,5,24,"US","HUMAN_OBSERVATION","Salix lasiandra"
"2430147397","Salix lucida",-118.052193,35.582014,2014,6,1,"US","PRESERVED_SPECIMEN","Salix lasiandra"
"1426497977","Salix lucida",-118.05219,35.58201,2014,6,1,"US","PRESERVED_SPECIMEN","Salix lasiandra"
"4022006301","Salix lucida",-120.203438,39.433317,2014,7,18,"US","HUMAN_OBSERVATION","Salix lasiandra"
"2980797004","Salix lucida",-121.100165,48.79833,2014,8,5,"US","HUMAN_OBSERVATION","Salix lasiandra"
"1836692031","Salix lucida",-120.242395,39.420425,2014,8,23,"US","HUMAN_OBSERVATION","Salix lasiandra"
"4069020404","Salix lucida",-116.6355,43.06909,2013,5,21,"US","PRESERVED_SPECIMEN","Salix lasiandra"
"2641300032","Salix lucida",-122.566995,48.779771,2013,5,23,"US","HUMAN_OBSERVATION","Salix lasiandra"
"2573464985","Salix lucida",-106.91025,37.23157,2013,6,6,"US","PRESERVED_SPECIMEN","Salix lasiandra"
"2270211089","Salix lucida",-120.878695,35.288491,2013,7,27,"US","PRESERVED_SPECIMEN","Salix lasiandra"
"2242416379","Salix lucida",-108.377463,38.425308,2013,7,16,"US","PRESERVED_SPECIMEN","Salix lasiandra"
"3125216179","Salix lucida",-120.8787,35.28849,2013,7,27,"US","PRESERVED_SPECIMEN","Salix lasiandra"
"2270212551","Salix lucida",-120.828041,35.355504,2013,8,22,"US","PRESERVED_SPECIMEN","Salix lasiandra"
"4079506449","Salix lucida",-155.59583,62.95639,2013,8,17,"US","PRESERVED_SPECIMEN","Salix lasiandra"
"4069020750","Salix lucida",-117.05622,43.78343,2012,5,10,"US","PRESERVED_SPECIMEN","Salix lasiandra"
"3759107301","Salix lucida",-118.176824,34.188173,2012,7,17,"US","HUMAN_OBSERVATION","Salix lasiandra"
"2421753213","Salix lucida",-120.1175,39.052222,2012,7,26,"US","PRESERVED_SPECIMEN","Salix lasiandra"
"3091203523","Salix lucida",-111.31821,34.44562,2012,8,9,"US","PRESERVED_SPECIMEN","Salix lasiandra"
"2270211696","Salix lucida",-121.104094,35.568213,2011,3,5,"US","PRESERVED_SPECIMEN","Salix lasiandra"
"2270209804","Salix lucida",-121.104094,35.568213,2011,3,5,"US","PRESERVED_SPECIMEN","Salix lasiandra"
"4404958388","Salix lucida",-119.250833,38.025586,2011,8,4,"US","PRESERVED_SPECIMEN","Salix lasiandra"
"2573437039","Salix lucida",-108.478055,37.713333,2011,8,13,"US","PRESERVED_SPECIMEN","Salix lasiandra"
"3091223404","Salix lucida",-108.478055,37.713333,2011,8,13,"US","PRESERVED_SPECIMEN","Salix lasiandra"
"623695543","Salix lucida",-122.6065,48.6094,2011,9,10,"US","PRESERVED_SPECIMEN","Salix lasiandra"
"4070154630","Salix lucida",-122.71607,45.6146,2010,7,NA,"US","PRESERVED_SPECIMEN","Salix lasiandra"
"2596177006","Salix lucida",-122.069138,48.972681,2010,9,6,"US","HUMAN_OBSERVATION","Salix lasiandra"
"4936415570","Salix lucida",-111.03647,45.667105,2010,9,21,"US","HUMAN_OBSERVATION","Salix lasiandra"
"4074153412","Salix lucida",-117.287778,44.235556,2010,10,28,"US","PRESERVED_SPECIMEN","Salix lasiandra"
"4070154419","Salix lucida",-122.727337,45.62047,2009,5,28,"US","PRESERVED_SPECIMEN","Salix lasiandra"
"2269243550","Salix lucida",-123.067743,44.051649,2009,6,21,"US","HUMAN_OBSERVATION","Salix lasiandra"
"1668834986","Salix lucida",-123.39062,46.206167,2009,6,14,"US","HUMAN_OBSERVATION","Salix lasiandra"
"2422471011","Salix lucida",-116.851,34.18214,2009,7,21,"US","PRESERVED_SPECIMEN","Salix lasiandra"
"2430347310","Salix lucida",-116.85101,34.18215,2009,7,21,"US","PRESERVED_SPECIMEN","Salix lasiandra"
"4980629219","Salix lucida",-123.61,42.46,2009,8,30,"US","HUMAN_OBSERVATION","Salix lasiandra"
"1668834855","Salix lucida",-116.881807,47.339688,2009,10,8,"US","HUMAN_OBSERVATION","Salix lasiandra"
"4404869904","Salix lucida",-114.553156,39.483937,2008,6,26,"US","PRESERVED_SPECIMEN","Salix lasiandra"
"2422452599","Salix lucida",-119.92778,38.79361,2008,8,8,"US","PRESERVED_SPECIMEN","Salix lasiandra"
"2422443249","Salix lucida",-119.25069,34.23531,2007,3,10,"US","PRESERVED_SPECIMEN","Salix lasiandra"
"2618390447","Salix lucida",-123.4604,42.91489,2007,5,2,"US","PRESERVED_SPECIMEN","Salix lasiandra"
"2422476486","Salix lucida",-118.93293,37.07307,2007,6,28,"US","PRESERVED_SPECIMEN","Salix lasiandra"
"1928283501","Salix lucida",-122.6233,47.4683,2007,7,26,"US","PRESERVED_SPECIMEN","Salix lasiandra"
"1928811276","Salix lucida",-123.3167,47.375,2007,7,26,"US","PRESERVED_SPECIMEN","Salix lasiandra"
"1930576666","Salix lucida",-123.7067,46.325,2007,7,27,"US","PRESERVED_SPECIMEN","Salix lasiandra"
"1930579740","Salix lucida",-123.0283,47.0833,2007,7,27,"US","PRESERVED_SPECIMEN","Salix lasiandra"
"1930841048","Salix lucida",-120.7333,48.5167,2007,7,25,"US","PRESERVED_SPECIMEN","Salix lasiandra"
"1931229968","Salix lucida",-122.1283,48.2017,2007,7,26,"US","PRESERVED_SPECIMEN","Salix lasiandra"
"2422432585","Salix lucida",-119.16667,38.035,2006,9,19,"US","PRESERVED_SPECIMEN","Salix lasiandra"
"2422418353","Salix lucida",-120.58528,35.07528,2005,2,12,"US","PRESERVED_SPECIMEN","Salix lasiandra"
"4010495345","Salix lucida",-116.053616,41.388743,2004,7,1,"US","PRESERVED_SPECIMEN","Salix lasiandra"
"2575152573","Salix lucida",-118.17,34.2,2003,5,10,"US","PRESERVED_SPECIMEN","Salix lasiandra"
"4069673871","Salix lucida",-121.238942,44.312637,2003,6,20,"US","PRESERVED_SPECIMEN","Salix lasiandra"
"4069674862","Salix lucida",-121.238942,44.312637,2003,6,20,"US","PRESERVED_SPECIMEN","Salix lasiandra"
"4068929613","Salix lucida",-116.125833,44.911667,2003,6,12,"US","PRESERVED_SPECIMEN","Salix lasiandra"
"3462679322","Salix lucida",-105.450718,35.816024,2003,8,18,"US","PRESERVED_SPECIMEN","Salix lasiandra"
"2422408242","Salix lucida",-116.78,34.16417,2002,5,30,"US","PRESERVED_SPECIMEN","Salix lasiandra"
"1258991863","Salix lucida",-122.613889,48.5575,2002,8,3,"US","PRESERVED_SPECIMEN","Salix lasiandra"
"2465053461","Salix lucida",-147.834623,64.798959,2002,9,24,"US","PRESERVED_SPECIMEN","Salix lasiandra"
"4404905877","Salix lucida",-120.823376,40.088722,2001,6,6,"US","PRESERVED_SPECIMEN","Salix lasiandra"
"4404871042","Salix lucida",-120.881832,39.792435,2001,6,30,"US","PRESERVED_SPECIMEN","Salix lasiandra"
"1928256005","Salix lucida",-119.8892,39.49732,2000,5,3,"US","PRESERVED_SPECIMEN","Salix lasiandra"
"4929755514","Salix lucida",-119.896478,39.492346,2000,5,3,"US","PRESERVED_SPECIMEN","Salix lasiandra"
"4073943124","Salix lucida",-119.889942,39.497127,2000,5,3,"US","PRESERVED_SPECIMEN","Salix lasiandra"
"2242378731","Salix lucida",-108.735539,38.761289,2000,6,20,"US","PRESERVED_SPECIMEN","Salix lasiandra"
"4073816307","Salix lucida",-120.171,44.707333,2000,6,9,"US","PRESERVED_SPECIMEN","Salix lasiandra"
"4079508896","Salix lucida",-149.251,61.484,2000,6,24,"US","PRESERVED_SPECIMEN","Salix lasiandra"
"441830805","Salix lucida",-120.171,40.707333,2000,6,9,"US","PRESERVED_SPECIMEN","Salix lasiandra"
"1249305125","Salix lucida",-149.251,61.484,2000,6,24,"US","PRESERVED_SPECIMEN","Salix lasiandra"
"1228464297","Salix lucida",-109.667577,48.335723,2000,7,30,"US","PRESERVED_SPECIMEN","Salix lasiandra"
"4898123789","Salix lucida",-109.658333,48.237,2000,7,30,"US","PRESERVED_SPECIMEN","Salix lasiandra"
"2422511992","Salix lucida",-120.25417,41.98694,2000,8,2,"US","PRESERVED_SPECIMEN","Salix lasiandra"
"1930763023","Salix lucida",-123.4,44.8,2000,8,2,"US","PRESERVED_SPECIMEN","Salix lasiandra"
