"gbifID","species","longitude","latitude","year","month","day","countryCode","accepted_name"
"2610088002","Angelica capitellata",-115.458881583586,31.0125775453387,2005,7,31,"MX","Sphenosciadium capitellatum"
"2430515364","Angelica capitellata",-115.458333,31.033333,1985,9,1,"MX","Sphenosciadium capitellatum"
"1893340465","Angelica capitellata",-115.475,30.941667,1982,7,2,"MX","Sphenosciadium capitellatum"
"2629916177","Angelica capitellata",-115.45,31.00833,1982,7,2,"MX","Sphenosciadium capitellatum"
"3125237442","Angelica capitellata",-115.45,31,1982,7,2,"MX","Sphenosciadium capitellatum"
"3125240441","Angelica capitellata",-115.45,31.00833,1982,7,2,"MX","Sphenosciadium capitellatum"
"1259671075","Angelica capitellata",-115.466667,31,1970,7,26,"MX","Sphenosciadium capitellatum"
"1893340463","Angelica capitellata",-115.475,30.941667,1970,7,26,"MX","Sphenosciadium capitellatum"
"1893340474","Angelica capitellata",-115.591667,31.058333,1970,7,31,"MX","Sphenosciadium capitellatum"
"1893418431","Angelica capitellata",-115.475,31.008333,1970,7,26,"MX","Sphenosciadium capitellatum"
"2629903411","Angelica capitellata",-115.4601,31.0067,1970,7,26,"MX","Sphenosciadium capitellatum"
"3125104422","Angelica capitellata",-115.5667,31.0667,1970,7,31,"MX","Sphenosciadium capitellatum"
"3125226422","Angelica capitellata",-115.4601,31.0067,1970,7,26,"MX","Sphenosciadium capitellatum"
"3125229432","Angelica capitellata",-115.4601,31.0067,1970,7,26,"MX","Sphenosciadium capitellatum"
"3323489638","Angelica capitellata",-115.466667,31,1970,7,26,"MX","Sphenosciadium capitellatum"
"1893340486","Angelica capitellata",-115.475,30.941667,1967,8,16,"MX","Sphenosciadium capitellatum"
"2629907523","Angelica capitellata",-115.48002,31.01292,1967,8,16,"MX","Sphenosciadium capitellatum"
"3125231429","Angelica capitellata",-115.48002,31.01292,1967,8,16,"MX","Sphenosciadium capitellatum"
"3125165687","Angelica capitellata",-121.1707,40.2569,2020,7,26,"US","Sphenosciadium capitellatum"
"2418038726","Angelica capitellata",-120.278056,39.403333,2017,7,19,"US","Sphenosciadium capitellatum"
"2430304603","Angelica capitellata",-116.80157,34.10182,2016,7,6,"US","Sphenosciadium capitellatum"
"2422520612","Angelica capitellata",-119.23472,37.91581,2016,8,8,"US","Sphenosciadium capitellatum"
"2430537949","Angelica capitellata",-119.345,38.3877329990814,2015,7,17,"US","Sphenosciadium capitellatum"
"2418038978","Angelica capitellata",-121.489167,40.337778,2015,8,6,"US","Sphenosciadium capitellatum"
"2422495843","Angelica capitellata",-118.72592,37.63644,2014,6,27,"US","Sphenosciadium capitellatum"
"2418038549","Angelica capitellata",-121.489444,40.031389,2014,7,13,"US","Sphenosciadium capitellatum"
"2422495590","Angelica capitellata",-118.97886,37.58908,2014,7,24,"US","Sphenosciadium capitellatum"
"2422497331","Angelica capitellata",-119.05983,37.6675,2014,7,19,"US","Sphenosciadium capitellatum"
"2560340126","Angelica capitellata",-119.05983,37.6675,2014,7,19,"US","Sphenosciadium capitellatum"
"2418048826","Angelica capitellata",-121.127778,39.538333,2013,7,24,"US","Sphenosciadium capitellatum"
"2418049298","Angelica capitellata",-121.127778,39.538333,2013,7,24,"US","Sphenosciadium capitellatum"
"2430053409","Angelica capitellata",-118.65183,35.98986,2013,7,9,"US","Sphenosciadium capitellatum"
"3413980307","Angelica capitellata",-122.731,42.0839,2013,8,22,"US","Sphenosciadium capitellatum"
"2422507171","Angelica capitellata",-119.69402,38.32415,2012,7,17,"US","Sphenosciadium capitellatum"
"2422510045","Angelica capitellata",-119.24102,38.06322,2012,7,18,"US","Sphenosciadium capitellatum"
"2430152627","Angelica capitellata",-118.74651,36.71522,2012,7,11,"US","Sphenosciadium capitellatum"
"2430511944","Angelica capitellata",-118.81151,36.70003,2012,7,25,"US","Sphenosciadium capitellatum"
"2422499690","Angelica capitellata",-119.885,38.77778,2012,8,12,"US","Sphenosciadium capitellatum"
"2422501111","Angelica capitellata",-120.00694,38.69306,2012,8,12,"US","Sphenosciadium capitellatum"
"2422477762","Angelica capitellata",-119.91306,38.65028,2011,8,19,"US","Sphenosciadium capitellatum"
"2422490757","Angelica capitellata",-118.49813,37.2351,2010,7,29,"US","Sphenosciadium capitellatum"
"2430141931","Angelica capitellata",-116.75922,34.12521,2010,7,26,"US","Sphenosciadium capitellatum"
"2430170601","Angelica capitellata",-118.498133,37.2351,2010,7,29,"US","Sphenosciadium capitellatum"
"2422466613","Angelica capitellata",-118.82618,37.61548,2010,8,3,"US","Sphenosciadium capitellatum"
"2430074958","Angelica capitellata",-116.95589,34.20475,2010,8,16,"US","Sphenosciadium capitellatum"
"2430198273","Angelica capitellata",-116.78084,34.19635,2010,8,10,"US","Sphenosciadium capitellatum"
"3091218690","Angelica capitellata",-119.937764,39.303772,2010,8,11,"US","Sphenosciadium capitellatum"
"2418036187","Angelica capitellata",-121.425833,40.003056,2010,9,28,"US","Sphenosciadium capitellatum"
"2430168975","Angelica capitellata",-116.80746,34.20573,2010,9,2,"US","Sphenosciadium capitellatum"
"2430085851","Angelica capitellata",-116.95546,34.20402,2009,7,21,"US","Sphenosciadium capitellatum"
"2430248439","Angelica capitellata",-116.81534,34.16485,2009,7,20,"US","Sphenosciadium capitellatum"
"2422462464","Angelica capitellata",-116.77944,34.19722,2009,8,28,"US","Sphenosciadium capitellatum"
"2422514504","Angelica capitellata",-118.4618,37.09787,2009,8,1,"US","Sphenosciadium capitellatum"
"2422514777","Angelica capitellata",-118.47325,37.09433,2009,8,4,"US","Sphenosciadium capitellatum"
"2430175944","Angelica capitellata",-116.84377,34.12735,2009,8,29,"US","Sphenosciadium capitellatum"
"2430241573","Angelica capitellata",-116.8,34.175,2009,8,27,"US","Sphenosciadium capitellatum"
"2430250971","Angelica capitellata",-116.779444,34.197222,2009,8,28,"US","Sphenosciadium capitellatum"
"2430411623","Angelica capitellata",-118.93105,37.0748829990922,2009,8,17,"US","Sphenosciadium capitellatum"
"2430515209","Angelica capitellata",-116.8856,34.155929999123,2009,8,25,"US","Sphenosciadium capitellatum"
"2610076250","Angelica capitellata",-118.4618,37.097866999092,2009,8,1,"US","Sphenosciadium capitellatum"
"2610078864","Angelica capitellata",-118.47325,37.094332999092,2009,8,4,"US","Sphenosciadium capitellatum"
"2610089714","Angelica capitellata",-119.13052,34.81256,2009,8,7,"US","Sphenosciadium capitellatum"
"3125033682","Angelica capitellata",-116.77944,34.19722,2009,8,28,"US","Sphenosciadium capitellatum"
"1986991048","Angelica capitellata",-119.927778,38.793611,2008,8,8,"US","Sphenosciadium capitellatum"
"2422450991","Angelica capitellata",-119.92778,38.79361,2008,8,8,"US","Sphenosciadium capitellatum"
"3125036678","Angelica capitellata",-119.92778,38.79361,2008,8,8,"US","Sphenosciadium capitellatum"
"441846448","Angelica capitellata",-118.64325,42.73895,2007,7,21,"US","Sphenosciadium capitellatum"
"1257516067","Angelica capitellata",-120.206472,39.434972,2007,7,17,"US","Sphenosciadium capitellatum"
"2422440662","Angelica capitellata",-119.92611,38.79361,2007,7,7,"US","Sphenosciadium capitellatum"
"2430087340","Angelica capitellata",-120.206389,39.435,2007,7,17,"US","Sphenosciadium capitellatum"
"2418027416","Angelica capitellata",-120.558056,39.970278,2007,8,10,"US","Sphenosciadium capitellatum"
"2422440787","Angelica capitellata",-120.00806,38.6925,2007,8,4,"US","Sphenosciadium capitellatum"
"2422447771","Angelica capitellata",-116.843,34.13033,2007,9,5,"US","Sphenosciadium capitellatum"
"2430413970","Angelica capitellata",-116.84301,34.1303199991233,2007,9,5,"US","Sphenosciadium capitellatum"
"2422428604","Angelica capitellata",-120.24111,38.81056,2006,7,31,"US","Sphenosciadium capitellatum"
"2422454159","Angelica capitellata",-118.43667,37.12469,2006,7,23,"US","Sphenosciadium capitellatum"
"2422462519","Angelica capitellata",-118.44575,37.11614,2006,7,5,"US","Sphenosciadium capitellatum"
"2422433686","Angelica capitellata",-120.06556,38.70361,2006,9,12,"US","Sphenosciadium capitellatum"
"2418027902","Angelica capitellata",-120.465833,39.497778,2005,8,30,"US","Sphenosciadium capitellatum"
"2418050595","Angelica capitellata",-121.424722,40.1230559990701,2005,9,5,"US","Sphenosciadium capitellatum"
"353271609","Angelica capitellata",-114.756389,43.909444,2003,8,8,"US","Sphenosciadium capitellatum"
"441846346","Angelica capitellata",-114.756389,43.909444,2003,8,8,"US","Sphenosciadium capitellatum"
"441846347","Angelica capitellata",-114.756389,43.909444,2003,8,8,"US","Sphenosciadium capitellatum"
"1928863570","Angelica capitellata",-121.4694,40.1258,2003,8,24,"US","Sphenosciadium capitellatum"
"2268855271","Angelica capitellata",-121.469389,40.125889,2003,8,24,"US","Sphenosciadium capitellatum"
"2418001015","Angelica capitellata",-121.469444,40.125833,2003,8,24,"US","Sphenosciadium capitellatum"
"2418002421","Angelica capitellata",-121.469444,40.125833,2003,8,24,"US","Sphenosciadium capitellatum"
"2418006201","Angelica capitellata",-114.756389,43.909444,2003,8,8,"US","Sphenosciadium capitellatum"
"1986955472","Angelica capitellata",-117.129167,39.291944,2001,7,6,"US","Sphenosciadium capitellatum"
"2430060727","Angelica capitellata",-118.852033,37.8191,2001,7,25,"US","Sphenosciadium capitellatum"
"2430159225","Angelica capitellata",-118.7837,37.828167,2001,7,24,"US","Sphenosciadium capitellatum"
"2430380464","Angelica capitellata",-116.96761,34.22021,2001,7,30,"US","Sphenosciadium capitellatum"
"2575150755","Angelica capitellata",-118.636361,37.219778,2001,7,11,"US","Sphenosciadium capitellatum"
"2430299987","Angelica capitellata",-117,34.2499999991219,2001,8,3,"US","Sphenosciadium capitellatum"
"2430413456","Angelica capitellata",-118.633,37.75,2001,8,1,"US","Sphenosciadium capitellatum"
"2422349625","Angelica capitellata",-118.7475,37.43472,2000,7,19,"US","Sphenosciadium capitellatum"
"2422386777","Angelica capitellata",-119.25111,38.02528,2000,7,29,"US","Sphenosciadium capitellatum"
"2430284298","Angelica capitellata",-118.677667,37.767617,2000,7,25,"US","Sphenosciadium capitellatum"
"2430560834","Angelica capitellata",-118.736417,37.7646,2000,7,19,"US","Sphenosciadium capitellatum"
"2575160575","Angelica capitellata",-118.56,37.17,2000,7,30,"US","Sphenosciadium capitellatum"
"441846350","Angelica capitellata",-114.664433,43.691583,2000,8,12,"US","Sphenosciadium capitellatum"
"1930910210","Angelica capitellata",-118.820383,37.8275,2000,8,13,"US","Sphenosciadium capitellatum"
"1986945735","Angelica capitellata",-114.664444,43.691667,2000,8,12,"US","Sphenosciadium capitellatum"
"2418030973","Angelica capitellata",-117.549034,41.664761,2000,8,16,"US","Sphenosciadium capitellatum"
"2430092189","Angelica capitellata",-118.820383,37.8275,2000,8,13,"US","Sphenosciadium capitellatum"
"2430420395","Angelica capitellata",-118.7867,37.809267,2000,8,16,"US","Sphenosciadium capitellatum"
"2575152034","Angelica capitellata",-118.6,37.241667,1999,8,22,"US","Sphenosciadium capitellatum"
"2626934474","Angelica capitellata",-119.919722,39.2875,1999,8,17,"US","Sphenosciadium capitellatum"
"2422392412","Angelica capitellata",-118.435,37.12583,1998,8,10,"US","Sphenosciadium capitellatum"
"1928730030","Angelica capitellata",-114.7,39.2,1997,7,17,"US","Sphenosciadium capitellatum"
"1930956628","Angelica capitellata",-119.5,38.82,1997,7,5,"US","Sphenosciadium capitellatum"
"2417993403","Angelica capitellata",-118.786035,38.566866,1997,7,31,"US","Sphenosciadium capitellatum"
"2422435812","Angelica capitellata",-117.66472,34.36111,1997,7,16,"US","Sphenosciadium capitellatum"
"2430085469","Angelica capitellata",-117.664722,34.361111,1997,7,16,"US","Sphenosciadium capitellatum"
"2575152734","Angelica capitellata",-118.99,37.63,1997,7,14,"US","Sphenosciadium capitellatum"
"51967678","Angelica capitellata",-122.3561,42.3094,1997,8,4,"US","Sphenosciadium capitellatum"
"1899735719","Angelica capitellata",-119.275,38.958333,1997,8,4,"US","Sphenosciadium capitellatum"
"2422316786","Angelica capitellata",-119.275,37.95833,1997,8,7,"US","Sphenosciadium capitellatum"
"2422306275","Angelica capitellata",-118.34,36.77167,1997,9,29,"US","Sphenosciadium capitellatum"
"2422310604","Angelica capitellata",-118.88,37.82333,1997,9,10,"US","Sphenosciadium capitellatum"
"2422321937","Angelica capitellata",-119.00417,37.6,1997,9,8,"US","Sphenosciadium capitellatum"
"2430236823","Angelica capitellata",-119.005,37.6,1997,9,8,"US","Sphenosciadium capitellatum"
"2417989022","Angelica capitellata",-121.021944,40.2227779990696,1996,8,1,"US","Sphenosciadium capitellatum"
"2417989127","Angelica capitellata",-121.117222,39.8994439990714,1996,8,14,"US","Sphenosciadium capitellatum"
"2982034682","Angelica capitellata",-121.021944,40.2227779990696,1996,8,1,"US","Sphenosciadium capitellatum"
"2982038675","Angelica capitellata",-120.752778,39.958333,1996,8,1,"US","Sphenosciadium capitellatum"
"3059708267","Angelica capitellata",-120.7528,39.9583,1996,8,1,"US","Sphenosciadium capitellatum"
"3059708276","Angelica capitellata",-120.7528,39.9583,1996,8,1,"US","Sphenosciadium capitellatum"
"1426142622","Angelica capitellata",-120.283056,41.738333,1995,7,31,"US","Sphenosciadium capitellatum"
"2573422332","Angelica capitellata",-114.829383,44.030083,1995,9,2,"US","Sphenosciadium capitellatum"
"2422305727","Angelica capitellata",-118.74444,37.56389,1994,7,28,"US","Sphenosciadium capitellatum"
"2982036731","Angelica capitellata",-119.0236,37.747,1994,7,8,"US","Sphenosciadium capitellatum"
"1426213831","Angelica capitellata",-120.216944,41.403056,1994,8,21,"US","Sphenosciadium capitellatum"
"2270249744","Angelica capitellata",-116.967525,34.240323,1994,8,16,"US","Sphenosciadium capitellatum"
"2422303724","Angelica capitellata",-116.96417,34.22,1994,8,7,"US","Sphenosciadium capitellatum"
"2422304775","Angelica capitellata",-116.93889,34.22361,1994,8,14,"US","Sphenosciadium capitellatum"
"2982034726","Angelica capitellata",-119.0498,37.7396,1994,8,6,"US","Sphenosciadium capitellatum"
"2417980660","Angelica capitellata",-121.451667,40.5105559990681,1992,7,19,"US","Sphenosciadium capitellatum"
"2422306804","Angelica capitellata",-116.88306,34.08111,1992,7,19,"US","Sphenosciadium capitellatum"
"1426172790","Angelica capitellata",-120.218056,41.387222,1992,8,9,"US","Sphenosciadium capitellatum"
"2417977843","Angelica capitellata",-121.333056,40.1316669990701,1991,7,30,"US","Sphenosciadium capitellatum"
"2417978522","Angelica capitellata",-120.554167,39.968332999071,1991,8,4,"US","Sphenosciadium capitellatum"
"3051708536","Angelica capitellata",-120.554167,39.968332999071,1991,8,4,"US","Sphenosciadium capitellatum"
"1426209299","Angelica capitellata",-120.1193,41.4061,1990,8,4,"US","Sphenosciadium capitellatum"
"2422297253","Angelica capitellata",-118.98194,37.62222,1989,7,31,"US","Sphenosciadium capitellatum"
"2430317128","Angelica capitellata",-117.291667,33.45,1989,7,8,"US","Sphenosciadium capitellatum"
"3068462215","Angelica capitellata",-122.938857,40.020275,1989,7,26,"US","Sphenosciadium capitellatum"
"1426087617","Angelica capitellata",-120.1977,41.2753,1989,8,12,"US","Sphenosciadium capitellatum"
"2270255365","Angelica capitellata",-119.145232,34.81291,1988,7,23,"US","Sphenosciadium capitellatum"
"2417984512","Angelica capitellata",-121.415,40.14694399907,1988,7,23,"US","Sphenosciadium capitellatum"
"2422290885","Angelica capitellata",-118.17722,36.47722,1988,8,18,"US","Sphenosciadium capitellatum"
"2430210206","Angelica capitellata",-118.25,36.483333,1988,8,18,"US","Sphenosciadium capitellatum"
"3320790673","Angelica capitellata",-116.928806,34.21675,1988,8,14,"US","Sphenosciadium capitellatum"
"2430420743","Angelica capitellata",-116.66202,33.76538,1988,9,10,"US","Sphenosciadium capitellatum"
"3320771619","Angelica capitellata",-118.704083,37.441833,1987,7,15,"US","Sphenosciadium capitellatum"
"2422290614","Angelica capitellata",-119.14972,37.72722,1987,8,29,"US","Sphenosciadium capitellatum"
"2417970672","Angelica capitellata",-121.989722,40.4241669990685,1986,6,27,"US","Sphenosciadium capitellatum"
"2422293172","Angelica capitellata",-118.27417,36.27083,1986,6,6,"US","Sphenosciadium capitellatum"
"1929731166","Angelica capitellata",-118.28,37.835,1986,7,27,"US","Sphenosciadium capitellatum"
"1930271770","Angelica capitellata",-118.71,41.68,1986,7,16,"US","Sphenosciadium capitellatum"
"1929943961","Angelica capitellata",-118.29,37.91,1986,8,11,"US","Sphenosciadium capitellatum"
"2422291931","Angelica capitellata",-118.56833,37.21194,1986,8,15,"US","Sphenosciadium capitellatum"
"51967077","Angelica capitellata",-121.855,43.7894,1985,8,30,"US","Sphenosciadium capitellatum"
"2417971681","Angelica capitellata",-121.501944,40.1013889990703,1985,8,4,"US","Sphenosciadium capitellatum"
"2417972159","Angelica capitellata",-121.501944,40.1013889990703,1985,8,4,"US","Sphenosciadium capitellatum"
"3091268096","Angelica capitellata",-118.14,37.56,1984,7,4,"US","Sphenosciadium capitellatum"
"2417967652","Angelica capitellata",-121.502222,40.1016669990703,1983,8,4,"US","Sphenosciadium capitellatum"
"2982063170","Angelica capitellata",-119.12691,38.368183,1981,6,21,"US","Sphenosciadium capitellatum"
"2417960142","Angelica capitellata",-120.665833,39.6972219990726,1981,7,17,"US","Sphenosciadium capitellatum"
"2417960264","Angelica capitellata",-120.579722,39.9941669990709,1981,7,27,"US","Sphenosciadium capitellatum"
"3320795059","Angelica capitellata",-119.502722,38.82525,1981,7,4,"US","Sphenosciadium capitellatum"
"3320801775","Angelica capitellata",-120.338861,39.357528,1981,7,25,"US","Sphenosciadium capitellatum"
"3320801875","Angelica capitellata",-120.338861,39.357528,1981,7,25,"US","Sphenosciadium capitellatum"
"3320811796","Angelica capitellata",-119.271667,38.465611,1981,7,7,"US","Sphenosciadium capitellatum"
"3059697258","Angelica capitellata",-118.7236,37.4751,1981,8,12,"US","Sphenosciadium capitellatum"
"2430409058","Angelica capitellata",-116.84476,34.1365799991232,1980,8,12,"US","Sphenosciadium capitellatum"
"2982061176","Angelica capitellata",-119.076498,38.235363,1980,8,21,"US","Sphenosciadium capitellatum"
"2982070182","Angelica capitellata",-120.237794,41.302578,1980,8,13,"US","Sphenosciadium capitellatum"
"2982074858","Angelica capitellata",-121.524945,40.464322,1980,8,27,"US","Sphenosciadium capitellatum"
"51967038","Angelica capitellata",-122.4005,43.5491,1980,9,14,"US","Sphenosciadium capitellatum"
"2417958994","Angelica capitellata",-121.500556,40.1011109990703,1979,9,2,"US","Sphenosciadium capitellatum"
"3320769718","Angelica capitellata",-119.239333,37.918639,1979,9,18,"US","Sphenosciadium capitellatum"
"3320795104","Angelica capitellata",-119.179722,38.091944,1979,9,17,"US","Sphenosciadium capitellatum"
"1931278059","Angelica capitellata",-118.67,38.55,1978,7,21,"US","Sphenosciadium capitellatum"
"2270248505","Angelica capitellata",-119.112814,34.806969,1978,7,25,"US","Sphenosciadium capitellatum"
"2417957782","Angelica capitellata",-121.526389,40.0927779990703,1978,7,18,"US","Sphenosciadium capitellatum"
"2270250227","Angelica capitellata",-118.116667,36.283333,1977,7,13,"US","Sphenosciadium capitellatum"
"51967536","Angelica capitellata",-122.25,43,1977,8,6,"US","Sphenosciadium capitellatum"
"51967537","Angelica capitellata",-122.25,43,1977,8,6,"US","Sphenosciadium capitellatum"
"2270214151","Angelica capitellata",-119.267987,37.964738,1977,8,5,"US","Sphenosciadium capitellatum"
"2270214526","Angelica capitellata",-119.658573,38.31498,1977,9,13,"US","Sphenosciadium capitellatum"
"2270216861","Angelica capitellata",-119.66105,38.311405,1977,9,13,"US","Sphenosciadium capitellatum"
"2430512815","Angelica capitellata",-116.6517,33.8089,1977,9,17,"US","Sphenosciadium capitellatum"
"2270216182","Angelica capitellata",-119.662778,38.30681,1976,7,2,"US","Sphenosciadium capitellatum"
"2270250152","Angelica capitellata",-118.116667,36.283333,1976,7,18,"US","Sphenosciadium capitellatum"
"2430127651","Angelica capitellata",-116.93898,34.2256499991222,1976,7,14,"US","Sphenosciadium capitellatum"
"2430524587","Angelica capitellata",-118.116667,36.283333,1976,7,18,"US","Sphenosciadium capitellatum"
"51967321","Angelica capitellata",-122.2182,42.3513,1976,8,11,"US","Sphenosciadium capitellatum"
"51967322","Angelica capitellata",-122.2182,42.3513,1976,8,11,"US","Sphenosciadium capitellatum"
"51967518","Angelica capitellata",-122.2182,42.3513,1976,8,11,"US","Sphenosciadium capitellatum"
"51967519","Angelica capitellata",-122.2182,42.3513,1976,8,11,"US","Sphenosciadium capitellatum"
"2422290021","Angelica capitellata",-116.84417,34.12722,1976,8,15,"US","Sphenosciadium capitellatum"
"2430374552","Angelica capitellata",-116.8421,34.13007,1976,8,15,"US","Sphenosciadium capitellatum"
"2430438017","Angelica capitellata",-116.8421,34.13007,1976,8,15,"US","Sphenosciadium capitellatum"
"3503191099","Angelica capitellata",-119.0009,37.6251,1976,8,18,"US","Sphenosciadium capitellatum"
"2430435295","Angelica capitellata",-119.111519,34.809125,1976,9,16,"US","Sphenosciadium capitellatum"
"2270257580","Angelica capitellata",-118.995095,37.626864,1975,7,31,"US","Sphenosciadium capitellatum"
"2270250149","Angelica capitellata",-118.116667,36.283333,1975,8,1,"US","Sphenosciadium capitellatum"
"2430062031","Angelica capitellata",-118.116667,36.283333,1975,8,1,"US","Sphenosciadium capitellatum"
"2430366470","Angelica capitellata",-116.9638,34.2206,1975,8,16,"US","Sphenosciadium capitellatum"
"2430397555","Angelica capitellata",-116.9638,34.2206,1975,8,16,"US","Sphenosciadium capitellatum"
"3320795239","Angelica capitellata",-122.159,43.127806,1975,8,27,"US","Sphenosciadium capitellatum"
"51967292","Angelica capitellata",-117.2728,45.2294,1975,9,9,"US","Sphenosciadium capitellatum"
"3125031674","Angelica capitellata",-119.1494,34.8122,1975,9,23,"US","Sphenosciadium capitellatum"
"2422515047","Angelica capitellata",-118.93889,37.75,1974,7,27,"US","Sphenosciadium capitellatum"
"2422414350","Angelica capitellata",-118.58417,36.43,1974,8,10,"US","Sphenosciadium capitellatum"
"2575152450","Angelica capitellata",-116.78,34.12,1974,8,28,"US","Sphenosciadium capitellatum"
"2982046255","Angelica capitellata",-123.08032,41.548682,1973,8,15,"US","Sphenosciadium capitellatum"
"2430180935","Angelica capitellata",-119.232956,37.760035,1973,9,11,"US","Sphenosciadium capitellatum"
"51967508","Angelica capitellata",-122.5499,42.9427,1972,7,28,"US","Sphenosciadium capitellatum"
"2430054164","Angelica capitellata",-116.832743,34.12427,1972,7,18,"US","Sphenosciadium capitellatum"
"3320752897","Angelica capitellata",-120.123333,38.833333,1972,8,2,"US","Sphenosciadium capitellatum"
"51967505","Angelica capitellata",-117.2728,45.2294,1971,8,17,"US","Sphenosciadium capitellatum"
"2430534759","Angelica capitellata",-118.993668,37.59561,1971,8,3,"US","Sphenosciadium capitellatum"
"3320795043","Angelica capitellata",-119.842694,38.549778,1971,8,15,"US","Sphenosciadium capitellatum"
"3320795060","Angelica capitellata",-119.842694,38.549778,1971,8,15,"US","Sphenosciadium capitellatum"
"3320807684","Angelica capitellata",-119.667667,38.317333,1971,8,17,"US","Sphenosciadium capitellatum"
"3320809499","Angelica capitellata",-121.083333,39.9,1971,8,4,"US","Sphenosciadium capitellatum"
"864866850","Angelica capitellata",-118.99304,41.537588,1970,7,25,"US","Sphenosciadium capitellatum"
"864866858","Angelica capitellata",-118.99304,41.537588,1970,7,25,"US","Sphenosciadium capitellatum"
"1928236325","Angelica capitellata",-119,41.54,1970,7,25,"US","Sphenosciadium capitellatum"
"1930890908","Angelica capitellata",-119,41.54,1970,7,25,"US","Sphenosciadium capitellatum"
"2982048553","Angelica capitellata",-119.112873,37.761529,1970,7,16,"US","Sphenosciadium capitellatum"
"2422277880","Angelica capitellata",-116.88472,34.08694,1970,8,30,"US","Sphenosciadium capitellatum"
"2451550441","Angelica capitellata",-119.312235,37.671462,1970,8,25,"US","Sphenosciadium capitellatum"
"2430257305","Angelica capitellata",-118.8727,37.5629,1970,9,10,"US","Sphenosciadium capitellatum"
"2430499244","Angelica capitellata",-118.3371,36.7735,1969,7,22,"US","Sphenosciadium capitellatum"
"2270214787","Angelica capitellata",-118.659,36.876299999094,1969,8,22,"US","Sphenosciadium capitellatum"
"2270258328","Angelica capitellata",-118.124,36.4781,1968,8,15,"US","Sphenosciadium capitellatum"
"2982076083","Angelica capitellata",-123.374251,42.089582,1968,8,26,"US","Sphenosciadium capitellatum"
"2422302317","Angelica capitellata",-118.22286,36.05969,1967,8,19,"US","Sphenosciadium capitellatum"
"2982021309","Angelica capitellata",-123.616922,41.867461,1967,10,26,"US","Sphenosciadium capitellatum"
"2451554406","Angelica capitellata",-120.2432,39.4325,1965,7,23,"US","Sphenosciadium capitellatum"
"2982001862","Angelica capitellata",-119.07417,37.614894,1965,7,30,"US","Sphenosciadium capitellatum"
"2270257942","Angelica capitellata",-118.590631818679,36.4569253088256,1965,8,14,"US","Sphenosciadium capitellatum"
"3413530734","Angelica capitellata",-119.259046,37.907042,1965,8,2,"US","Sphenosciadium capitellatum"
"415956467","Angelica capitellata",-119.25805,37.91111,1965,9,2,"US","Sphenosciadium capitellatum"
"2422402587","Angelica capitellata",-119.25667,37.91083,1965,9,2,"US","Sphenosciadium capitellatum"
"2430536461","Angelica capitellata",-119.258,37.9104,1965,9,2,"US","Sphenosciadium capitellatum"
"2270255641","Angelica capitellata",-119.49649,37.84551,1964,8,14,"US","Sphenosciadium capitellatum"
"2982008857","Angelica capitellata",-118.593723820546,36.450721434054,1964,8,10,"US","Sphenosciadium capitellatum"
"3059708247","Angelica capitellata",-119.85918,38.250996,1964,8,4,"US","Sphenosciadium capitellatum"
"3059708283","Angelica capitellata",-119.8276,38.2329,1964,8,19,"US","Sphenosciadium capitellatum"
"51967465","Angelica capitellata",-122.0333,43.6403,1963,7,24,"US","Sphenosciadium capitellatum"
"2430294790","Angelica capitellata",-119.6192,38.3261,1963,8,9,"US","Sphenosciadium capitellatum"
"2430338211","Angelica capitellata",-119.5933,38.3047,1963,8,9,"US","Sphenosciadium capitellatum"
"2270256425","Angelica capitellata",-119.145232,34.81291,1962,8,19,"US","Sphenosciadium capitellatum"
"51967461","Angelica capitellata",-122.0419,43.6328,1962,9,1,"US","Sphenosciadium capitellatum"
"63858517","Angelica capitellata",-117.2581,45.2311,1962,9,26,"US","Sphenosciadium capitellatum"
"2417953094","Angelica capitellata",-119.278056,37.9652779990847,1962,9,2,"US","Sphenosciadium capitellatum"
"2270697631","Angelica capitellata",-119.10613,34.81324,1961,7,16,"US","Sphenosciadium capitellatum"
"51967488","Angelica capitellata",-117.2581,45.2311,1961,8,11,"US","Sphenosciadium capitellatum"
"2270215538","Angelica capitellata",-119.128976,34.81481,1959,7,18,"US","Sphenosciadium capitellatum"
"3059708246","Angelica capitellata",-118.593723820546,36.450721434054,1958,8,17,"US","Sphenosciadium capitellatum"
"51967962","Angelica capitellata",-121.9291,43.4486,1956,9,17,"US","Sphenosciadium capitellatum"
"51967933","Angelica capitellata",-118.6676,42.6908,1954,7,25,"US","Sphenosciadium capitellatum"
"2430555168","Angelica capitellata",-119.3041,37.9667,1954,8,17,"US","Sphenosciadium capitellatum"
"441846355","Angelica capitellata",-114.928027,44.224765,1953,7,24,"US","Sphenosciadium capitellatum"
"441846357","Angelica capitellata",-114.942199,44.218584,1953,7,24,"US","Sphenosciadium capitellatum"
"51967146","Angelica capitellata",-121.6253,44.1153,1953,8,15,"US","Sphenosciadium capitellatum"
"51967934","Angelica capitellata",-118.6207,42.7017,1953,8,13,"US","Sphenosciadium capitellatum"
"441846356","Angelica capitellata",-114.809166,43.925947,1953,8,6,"US","Sphenosciadium capitellatum"
"441846358","Angelica capitellata",-114.809166,43.925947,1953,8,6,"US","Sphenosciadium capitellatum"
"51967915","Angelica capitellata",-121.2503,43.9167,1952,8,14,"US","Sphenosciadium capitellatum"
"2430332240","Angelica capitellata",-118.168161155645,36.2079564021721,1950,7,14,"US","Sphenosciadium capitellatum"
"2422276905","Angelica capitellata",-116.97861,34.28944,1950,8,12,"US","Sphenosciadium capitellatum"
"3125035674","Angelica capitellata",-120.3372,39.3045,1950,8,27,"US","Sphenosciadium capitellatum"
"2422276489","Angelica capitellata",-119.075,37.61722,1949,7,12,"US","Sphenosciadium capitellatum"
"2430038033","Angelica capitellata",-119.2949,37.9558,1947,8,9,"US","Sphenosciadium capitellatum"
"3125162678","Angelica capitellata",-118.2317,36.5886,1945,9,22,"US","Sphenosciadium capitellatum"
"51967871","Angelica capitellata",-122.4715,43.1647,1944,NA,NA,"US","Sphenosciadium capitellatum"
"2417949917","Angelica capitellata",-123.209444,41.5694439990633,1943,8,14,"US","Sphenosciadium capitellatum"
"2430278892","Angelica capitellata",-122.843814398817,39.727798190875,1943,8,5,"US","Sphenosciadium capitellatum"
"51968093","Angelica capitellata",-123.4047,42.0958,1943,9,NA,"US","Sphenosciadium capitellatum"
"2430151630","Angelica capitellata",-116.743524,34.153505,1942,6,22,"US","Sphenosciadium capitellatum"
"51968087","Angelica capitellata",-121.8126,43.552,1941,7,10,"US","Sphenosciadium capitellatum"
"51967153","Angelica capitellata",-121.9482,43.5094,1939,8,6,"US","Sphenosciadium capitellatum"
"2430258557","Angelica capitellata",-118.2925,36.57861,1939,9,4,"US","Sphenosciadium capitellatum"
"2430532621","Angelica capitellata",-118.593723820546,36.450721434054,1938,8,1,"US","Sphenosciadium capitellatum"
"1929525852","Angelica capitellata",-114.537095,43.780464,1937,8,2,"US","Sphenosciadium capitellatum"
"51967813","Angelica capitellata",-118.5963,42.647,1936,7,20,"US","Sphenosciadium capitellatum"
"51968048","Angelica capitellata",-117.1917,45.0083,1936,7,20,"US","Sphenosciadium capitellatum"
"51967785","Angelica capitellata",-119.3052,43.501,1936,NA,NA,"US","Sphenosciadium capitellatum"
"51967810","Angelica capitellata",-118.6704,42.0134,1935,8,1,"US","Sphenosciadium capitellatum"
"2430125893","Angelica capitellata",-118.4158,36.5778999990968,1934,7,23,"US","Sphenosciadium capitellatum"
"2430042517","Angelica capitellata",-116.885,34.0875,1934,8,24,"US","Sphenosciadium capitellatum"
"51968021","Angelica capitellata",-117.3788,45.236,1933,7,21,"US","Sphenosciadium capitellatum"
"2422306430","Angelica capitellata",-116.88222,34.07944,1933,7,21,"US","Sphenosciadium capitellatum"
"51967767","Angelica capitellata",-119.9632,44.433,1933,8,8,"US","Sphenosciadium capitellatum"
"2430065664","Angelica capitellata",-119.081,37.782,1933,8,27,"US","Sphenosciadium capitellatum"
"2430100135","Angelica capitellata",-119.0733,37.61939,1933,8,4,"US","Sphenosciadium capitellatum"
"2430330801","Angelica capitellata",-119.0733,37.61939,1933,8,6,"US","Sphenosciadium capitellatum"
"2430444026","Angelica capitellata",-116.8467,34.0864,1933,9,3,"US","Sphenosciadium capitellatum"
"2422357508","Angelica capitellata",-117.68889,34.37917,1932,7,20,"US","Sphenosciadium capitellatum"
"2430328655","Angelica capitellata",-117.7436,34.378007,1932,7,20,"US","Sphenosciadium capitellatum"
"1426158608","Angelica capitellata",-120.2089,41.9767,1932,8,7,"US","Sphenosciadium capitellatum"
"2430557674","Angelica capitellata",-116.9306,34.224,1932,8,22,"US","Sphenosciadium capitellatum"
"2430213371","Angelica capitellata",-119.0073,37.5939,1932,9,7,"US","Sphenosciadium capitellatum"
"2430198523","Angelica capitellata",-116.96822,34.21943,1932,10,10,"US","Sphenosciadium capitellatum"
"2430475370","Angelica capitellata",-118.09,37.4344,1931,7,24,"US","Sphenosciadium capitellatum"
"3125163691","Angelica capitellata",-118.09,37.4344,1931,7,24,"US","Sphenosciadium capitellatum"
"2430136905","Angelica capitellata",-118.41579,36.8549,1931,8,16,"US","Sphenosciadium capitellatum"
"2417948310","Angelica capitellata",-121.464444,40.1136109990702,1930,8,30,"US","Sphenosciadium capitellatum"
"2430140221","Angelica capitellata",-118.2198,37.3208,1930,8,7,"US","Sphenosciadium capitellatum"
"2430358920","Angelica capitellata",-121.465857831429,40.1123860454336,1930,8,4,"US","Sphenosciadium capitellatum"
"2430443951","Angelica capitellata",-121.465857831429,40.1123860454336,1930,8,4,"US","Sphenosciadium capitellatum"
"2430471479","Angelica capitellata",-116.968332,34.219607,1930,8,24,"US","Sphenosciadium capitellatum"
"3125166682","Angelica capitellata",-121.4693,40.1122,1930,8,4,"US","Sphenosciadium capitellatum"
"51967314","Angelica capitellata",-122.1328,42.8997,1929,8,24,"US","Sphenosciadium capitellatum"
"2430075106","Angelica capitellata",-118.593723820546,36.450721434054,1929,8,17,"US","Sphenosciadium capitellatum"
"2430515314","Angelica capitellata",-118.55771258577,36.4158795331281,1929,8,29,"US","Sphenosciadium capitellatum"
"2430185568","Angelica capitellata",-116.96822,34.21943,1929,9,2,"US","Sphenosciadium capitellatum"
"51967315","Angelica capitellata",-121.9833,43.4994,1928,7,17,"US","Sphenosciadium capitellatum"
"51967282","Angelica capitellata",-121.378,43.7166,1928,8,28,"US","Sphenosciadium capitellatum"
"51967313","Angelica capitellata",-121.378,43.7166,1928,8,28,"US","Sphenosciadium capitellatum"
"51967312","Angelica capitellata",-118.4972,42.6186,1927,5,24,"US","Sphenosciadium capitellatum"
"51967996","Angelica capitellata",-120.325,42.3915,1927,7,6,"US","Sphenosciadium capitellatum"
"3053443962","Angelica capitellata",-119.145,34.8112999991153,1927,7,17,"US","Sphenosciadium capitellatum"
"51968049","Angelica capitellata",-122.1472,43.1362,1926,7,16,"US","Sphenosciadium capitellatum"
"51967293","Angelica capitellata",-122.0258,43.6445,1926,8,24,"US","Sphenosciadium capitellatum"
"51967773","Angelica capitellata",-121.9972,43.5731,1926,8,16,"US","Sphenosciadium capitellatum"
"2430319080","Angelica capitellata",-118.6125,37.2125,1926,8,25,"US","Sphenosciadium capitellatum"
"2430112702","Angelica capitellata",-116.92466,34.2542399991218,1925,10,1,"US","Sphenosciadium capitellatum"
"2430331538","Angelica capitellata",-116.71414,33.8119899991272,1924,7,27,"US","Sphenosciadium capitellatum"
"2430064358","Angelica capitellata",-117.04413,34.2195699991222,1924,9,2,"US","Sphenosciadium capitellatum"
"2430498261","Angelica capitellata",-117.04413,34.2195699991222,1924,9,2,"US","Sphenosciadium capitellatum"
"2430278474","Angelica capitellata",-116.8839,34.0880899991238,1923,8,22,"US","Sphenosciadium capitellatum"
"2430184815","Angelica capitellata",-116.792998,34.156307,1922,8,21,"US","Sphenosciadium capitellatum"
"2430464035","Angelica capitellata",-116.6618,33.8041,1921,7,10,"US","Sphenosciadium capitellatum"
"3125030672","Angelica capitellata",-118.4673,37.7881,1921,7,21,"US","Sphenosciadium capitellatum"
"2430416475","Angelica capitellata",-116.6637,33.7688,1919,7,6,"US","Sphenosciadium capitellatum"
"51968394","Angelica capitellata",-122.3628,42.9093,1918,7,31,"US","Sphenosciadium capitellatum"
"51968156","Angelica capitellata",-117.1555,45.034,1915,8,27,"US","Sphenosciadium capitellatum"
"51968157","Angelica capitellata",-117.1917,45.1538,1915,9,3,"US","Sphenosciadium capitellatum"
"51968159","Angelica capitellata",-121.5481,44.2911,1914,7,23,"US","Sphenosciadium capitellatum"
"51967302","Angelica capitellata",-118.7101,44.306,1910,8,4,"US","Sphenosciadium capitellatum"
"51967303","Angelica capitellata",-118.7292,44.2929,1910,8,4,"US","Sphenosciadium capitellatum"
"51967922","Angelica capitellata",-118.7101,44.306,1910,8,4,"US","Sphenosciadium capitellatum"
"51968372","Angelica capitellata",-118.7101,44.306,1910,8,4,"US","Sphenosciadium capitellatum"
"51967559","Angelica capitellata",-121.3374,44.1429,1906,7,27,"US","Sphenosciadium capitellatum"
"1928821084","Angelica capitellata",-119.754362,39.167749,1902,7,19,"US","Sphenosciadium capitellatum"
"2430086610","Angelica capitellata",-116.950694,34.22163,1902,7,31,"US","Sphenosciadium capitellatum"
"51967307","Angelica capitellata",-121.5144,44.3189,1901,7,17,"US","Sphenosciadium capitellatum"
"2430193370","Angelica capitellata",-116.6494,33.8111,1901,7,NA,"US","Sphenosciadium capitellatum"
"51967305","Angelica capitellata",-121.0957,43.0097,1901,8,8,"US","Sphenosciadium capitellatum"
"51967306","Angelica capitellata",-121.0957,43.0097,1901,8,8,"US","Sphenosciadium capitellatum"
"2430170115","Angelica capitellata",-120.394,39.3278,1900,7,26,"US","Sphenosciadium capitellatum"
"2430483322","Angelica capitellata",-116.92641,34.2547099991218,1900,7,19,"US","Sphenosciadium capitellatum"
"51967309","Angelica capitellata",-118.9472,42.5514,1896,7,19,"US","Sphenosciadium capitellatum"
"2270213794","Angelica capitellata",-120.37874,39.32248,1881,7,29,"US","Sphenosciadium capitellatum"
"2430463471","Angelica capitellata",-120.37909,39.32341,1881,7,29,"US","Sphenosciadium capitellatum"
"51967311","Angelica capitellata",-121.5686,44.6718,1881,8,7,"US","Sphenosciadium capitellatum"
"1929438565","Angelica capitellata",-120.515996,39.5804,1874,NA,NA,"US","Sphenosciadium capitellatum"
"1931266487","Angelica capitellata",-119.792864,39.280051,1865,NA,NA,"US","Sphenosciadium capitellatum"
"51967310","Angelica capitellata",-122.0317,43.6364,NA,NA,NA,"US","Sphenosciadium capitellatum"
"415956466","Angelica capitellata",-118.55,42.68333,NA,NA,NA,"US","Sphenosciadium capitellatum"
"864866490","Angelica capitellata",-120.87705,40.023614,NA,NA,NA,"US","Sphenosciadium capitellatum"
"2422430540","Angelica capitellata",-120.35722,39.25111,NA,NA,NA,"US","Sphenosciadium capitellatum"
"2430223105","Angelica capitellata",-116.82489,34.0991899991237,NA,NA,NA,"US","Sphenosciadium capitellatum"
"2430324646","Angelica capitellata",-117.18317,34.2579799991218,NA,NA,NA,"US","Sphenosciadium capitellatum"
"3059671148","Angelica capitellata",-119.10218,37.29132,NA,NA,NA,"US","Sphenosciadium capitellatum"
