"gbifID","species","longitude","latitude","year","month","day","countryCode","accepted_name"
"3760038426","Thamnosma texana",-100.08248,24.785905,2022,4,9,"MX","Thamnosma texana"
"3902122253","Thamnosma texana",-100.202583,25.640118,2022,4,29,"MX","Thamnosma texana"
"3888897883","Thamnosma texana",-100.142644,25.694444,2022,5,5,"MX","Thamnosma texana"
"3124558683","Thamnosma texana",-100.058012,28.081421,2021,5,15,"MX","Thamnosma texana"
"3859734542","Thamnosma texana",-99.792584,26.800061,2020,8,7,"MX","Thamnosma texana"
"3384335545","Thamnosma texana",-100.506233,27.019258,2020,9,29,"MX","Thamnosma texana"
"2005338837","Thamnosma texana",-100.097847,25.613625,2019,2,14,"MX","Thamnosma texana"
"2006040679","Thamnosma texana",-100.014069,26.791796,2019,2,19,"MX","Thamnosma texana"
"2236230746","Thamnosma texana",-100.514547,27.007129,2019,2,24,"MX","Thamnosma texana"
"2429211424","Thamnosma texana",-100.07515,28.070734,2019,3,11,"MX","Thamnosma texana"
"2239046683","Thamnosma texana",-100.459404,25.626419,2019,4,28,"MX","Thamnosma texana"
"1838042761","Thamnosma texana",-100.521178,27.018733,2018,2,21,"MX","Thamnosma texana"
"3383833339","Thamnosma texana",-100.513381,27.005508,2018,9,18,"MX","Thamnosma texana"
"1455571091","Thamnosma texana",-100.985302,25.241472,2017,3,23,"MX","Thamnosma texana"
"3866883641","Thamnosma texana",-99.526389,26.44917,2010,3,18,"MX","Thamnosma texana"
"3311007827","Thamnosma texana",-106.269119,28.509283,2009,9,5,"MX","Thamnosma texana"
"1257729722","Thamnosma texana",-109.823333,31.253611,2007,4,18,"MX","Thamnosma texana"
"1895930519","Thamnosma texana",-109.823333,31.253611,2007,4,18,"MX","Thamnosma texana"
"1894423792","Thamnosma texana",-100.384722,25.492222,2005,3,31,"MX","Thamnosma texana"
"1897333355","Thamnosma texana",-101.075278,25.145556,2005,4,28,"MX","Thamnosma texana"
"1895930522","Thamnosma texana",-109.616944,31.249167,2004,4,24,"MX","Thamnosma texana"
"2270545559","Thamnosma texana",-109.61,31.24,2004,4,24,"MX","Thamnosma texana"
"2270556942","Thamnosma texana",-109.6169,31.24917,2004,4,24,"MX","Thamnosma texana"
"2807493468","Thamnosma texana",-109.61694,31.24917,2004,4,24,"MX","Thamnosma texana"
"2268946010","Thamnosma texana",-102.303167,26.468833,2004,9,23,"MX","Thamnosma texana"
"2859567365","Thamnosma texana",-102.30317,26.46883,2004,9,23,"MX","Thamnosma texana"
"1895930528","Thamnosma texana",-109.521667,30.703611,2003,4,10,"MX","Thamnosma texana"
"2270556060","Thamnosma texana",-109.5217,30.70361,2003,4,10,"MX","Thamnosma texana"
"1261045819","Thamnosma texana",-100.07,24.82,2000,7,8,"MX","Thamnosma texana"
"1893680874","Thamnosma texana",-99.80892,25.94038,1998,1,30,"MX","Thamnosma texana"
"1895452799","Thamnosma texana",-100.10775,26.212778,1998,1,30,"MX","Thamnosma texana"
"1936571722","Thamnosma texana",-100.1078,26.2128,1998,1,30,"MX","Thamnosma texana"
"2807198693","Thamnosma texana",-100.10778,26.21278,1998,1,30,"MX","Thamnosma texana"
"1895504712","Thamnosma texana",-101.4,27.166667,1997,6,14,"MX","Thamnosma texana"
"2807370088","Thamnosma texana",-101.4,27.16667,1997,6,14,"MX","Thamnosma texana"
"1261043918","Thamnosma texana",-100.07,24.82,1996,9,23,"MX","Thamnosma texana"
"1895504466","Thamnosma texana",-100.561111,24.969719,1996,9,23,"MX","Thamnosma texana"
"1895504591","Thamnosma texana",-100.1575,26.447222,1993,1,7,"MX","Thamnosma texana"
"3307815980","Thamnosma texana",-100.1575,26.44722,1993,1,7,"MX","Thamnosma texana"
"1893696906","Thamnosma texana",-102.675,27.258333,1993,3,27,"MX","Thamnosma texana"
"2629443221","Thamnosma texana",-102.5,28.783333,1993,3,27,"MX","Thamnosma texana"
"1895504642","Thamnosma texana",-99.846944,26.858333,1993,6,7,"MX","Thamnosma texana"
"1895504671","Thamnosma texana",-100.153611,26.435833,1993,6,16,"MX","Thamnosma texana"
"2807507489","Thamnosma texana",-100.15361,26.43583,1993,6,16,"MX","Thamnosma texana"
"2807626050","Thamnosma texana",-99.84694,26.85833,1993,6,7,"MX","Thamnosma texana"
"1895504603","Thamnosma texana",-100.583333,26.55,1993,10,17,"MX","Thamnosma texana"
"2807300438","Thamnosma texana",-100.58333,26.55,1993,10,17,"MX","Thamnosma texana"
"3307799177","Thamnosma texana",-100.583,26.55,1993,10,17,"MX","Thamnosma texana"
"1893680877","Thamnosma texana",-100.263775,25.089509,1992,2,19,"MX","Thamnosma texana"
"1895504490","Thamnosma texana",-100.266620425088,25.0887980833191,1992,2,19,"MX","Thamnosma texana"
"1895504505","Thamnosma texana",-102.5,28.783333,1992,3,27,"MX","Thamnosma texana"
"1897953104","Thamnosma texana",-101.686667,23.954444,1992,3,13,"MX","Thamnosma texana"
"2807554268","Thamnosma texana",-102.5,28.78333,1992,3,27,"MX","Thamnosma texana"
"1895504551","Thamnosma texana",-102.139214,26.913058,1992,5,22,"MX","Thamnosma texana"
"1895504584","Thamnosma texana",-102.542136888492,27.1039531273658,1992,5,15,"MX","Thamnosma texana"
"2807450298","Thamnosma texana",-102.42222,27.06667,1992,5,15,"MX","Thamnosma texana"
"3308386019","Thamnosma texana",-102.42222,27.067,1992,5,15,"MX","Thamnosma texana"
"1893696901","Thamnosma texana",-101.514444,27.8775,1992,6,4,"MX","Thamnosma texana"
"1895504454","Thamnosma texana",-102.33377975839,28.6700049540228,1992,6,4,"MX","Thamnosma texana"
"1895504654","Thamnosma texana",-102.33377975839,28.6700049540228,1992,6,4,"MX","Thamnosma texana"
"1896040512","Thamnosma texana",-102.318333,28.664444,1992,6,4,"MX","Thamnosma texana"
"1899734704","Thamnosma texana",-102.513889,28.719444,1992,6,4,"MX","Thamnosma texana"
"2807253408","Thamnosma texana",-102.49167,28.675,1992,6,4,"MX","Thamnosma texana"
"2807375501","Thamnosma texana",-102.51389,28.71944,1992,6,4,"MX","Thamnosma texana"
"3307938041","Thamnosma texana",-102.51389,28.71944,1992,6,4,"MX","Thamnosma texana"
"3307973275","Thamnosma texana",-99.917,25.25,1992,6,17,"MX","Thamnosma texana"
"3308524742","Thamnosma texana",-102.49167,28.675,1992,6,4,"MX","Thamnosma texana"
"1896040505","Thamnosma texana",-98.750556,20.348889,1991,7,14,"MX","Thamnosma texana"
"1259244453","Thamnosma texana",-100.1,26.2,1990,4,7,"MX","Thamnosma texana"
"1895504529","Thamnosma texana",-100.1075,26.198889,1990,4,7,"MX","Thamnosma texana"
"1895504578","Thamnosma texana",-100.1,26.2,1990,4,7,"MX","Thamnosma texana"
"1895504638","Thamnosma texana",-100.7,25.15,1990,4,6,"MX","Thamnosma texana"
"2807184531","Thamnosma texana",-100.1,26.2,1990,4,7,"MX","Thamnosma texana"
"2807220762","Thamnosma texana",-100.7,25.15,1990,4,6,"MX","Thamnosma texana"
"2807480303","Thamnosma texana",-100.1075,26.19889,1990,4,7,"MX","Thamnosma texana"
"3308531588","Thamnosma texana",-100.1,26.2,1990,4,7,"MX","Thamnosma texana"
"1893696900","Thamnosma texana",-99.785,20.808333,1990,7,31,"MX","Thamnosma texana"
"2629429473","Thamnosma texana",-99.785833,20.808056,1990,7,31,"MX","Thamnosma texana"
"1261037147","Thamnosma texana",-99.78,24.92,1990,NA,NA,"MX","Thamnosma texana"
"1893696904","Thamnosma texana",-99.718333,20.833333,1989,8,16,"MX","Thamnosma texana"
"2629419024","Thamnosma texana",-99.723722,20.80375,1989,8,16,"MX","Thamnosma texana"
"1893696905","Thamnosma texana",-101.495,26.145,1989,9,19,"MX","Thamnosma texana"
"1895504607","Thamnosma texana",-101.5,26.5,1988,8,16,"MX","Thamnosma texana"
"2807362588","Thamnosma texana",-101.5,26.5,1988,8,16,"MX","Thamnosma texana"
"1893696907","Thamnosma texana",-99.678851,20.785505,1988,9,20,"MX","Thamnosma texana"
"1895504596","Thamnosma texana",-100.269211,24.572758,1985,7,5,"MX","Thamnosma texana"
"1418789503","Thamnosma texana",-103.555944,26.567,1984,7,4,"MX","Thamnosma texana"
"1893696899","Thamnosma texana",-100.505833,26.535,1983,3,15,"MX","Thamnosma texana"
"1895504680","Thamnosma texana",-100.265794,27.180613,1983,3,20,"MX","Thamnosma texana"
"1895504685","Thamnosma texana",-100.504989639645,26.5465740277644,1983,3,15,"MX","Thamnosma texana"
"1899731400","Thamnosma texana",-106,31.266667,1983,4,10,"MX","Thamnosma texana"
"2422385063","Thamnosma texana",-106,31.26667,1983,4,10,"MX","Thamnosma texana"
"2432126077","Thamnosma texana",-105.966667,31.3,1983,4,10,"MX","Thamnosma texana"
"1895504625","Thamnosma texana",-100.396797,25.044878,1982,10,23,"MX","Thamnosma texana"
"2807628297","Thamnosma texana",-100.45,25.31667,1981,3,16,"MX","Thamnosma texana"
"1896040513","Thamnosma texana",-99.133056,20.602222,1981,9,11,"MX","Thamnosma texana"
"1895504717","Thamnosma texana",-99.8114636699573,25.1528771135495,1980,3,10,"MX","Thamnosma texana"
"1259580591","Thamnosma texana",-99.13,20.6,1980,7,9,"MX","Thamnosma texana"
"1893696903","Thamnosma texana",-99.773333,20.781667,1978,8,11,"MX","Thamnosma texana"
"1896040501","Thamnosma texana",-100.992778,24.994444,1978,8,31,"MX","Thamnosma texana"
"2270556706","Thamnosma texana",-102.1167,26.9,1978,9,2,"MX","Thamnosma texana"
"1893696902","Thamnosma texana",-99.718333,20.833333,1978,10,7,"MX","Thamnosma texana"
"2573001532","Thamnosma texana",-102.830402,27.489245,1976,3,15,"MX","Thamnosma texana"
"1895504479","Thamnosma texana",-102.364444,27.152778,1976,9,26,"MX","Thamnosma texana"
"2807638468","Thamnosma texana",-102.36444,27.15278,1976,9,26,"MX","Thamnosma texana"
"1895504661","Thamnosma texana",-105.166667,28.816667,1975,3,19,"MX","Thamnosma texana"
"1896040518","Thamnosma texana",-105.538889,29.294444,1975,3,24,"MX","Thamnosma texana"
"2807286611","Thamnosma texana",-105.16667,28.81667,1975,3,19,"MX","Thamnosma texana"
"1846520659","Thamnosma texana",-102.027624,24.663007,1975,8,1,"MX","Thamnosma texana"
"1895504498","Thamnosma texana",-101.554397527904,24.6398926391629,1975,8,1,"MX","Thamnosma texana"
"1896040508","Thamnosma texana",-100.416389,26.491389,1975,8,23,"MX","Thamnosma texana"
"2270558670","Thamnosma texana",-101.378952,24.640375,1975,8,1,"MX","Thamnosma texana"
"1259834606","Thamnosma texana",-101.5,26.41666,1973,3,19,"MX","Thamnosma texana"
"1895504535","Thamnosma texana",-102.155556,24.772222,1973,3,28,"MX","Thamnosma texana"
"1895504585","Thamnosma texana",-100.683333,26.25,1973,3,16,"MX","Thamnosma texana"
"1895504590","Thamnosma texana",-102.833333,26.575,1973,3,23,"MX","Thamnosma texana"
"1895504602","Thamnosma texana",-101.016667,26.216667,1973,3,17,"MX","Thamnosma texana"
"1895504633","Thamnosma texana",-101.033333,27.083333,1973,3,14,"MX","Thamnosma texana"
"1895504639","Thamnosma texana",-101.5,26.416667,1973,3,19,"MX","Thamnosma texana"
"1895504675","Thamnosma texana",-101.883036,26.563953,1973,3,19,"MX","Thamnosma texana"
"1896040515","Thamnosma texana",-100.891389,29.216111,1973,3,18,"MX","Thamnosma texana"
"2270557393","Thamnosma texana",-102.128992,26.912924,1973,3,19,"MX","Thamnosma texana"
"2270557562","Thamnosma texana",-100.904351,29.273101,1973,3,18,"MX","Thamnosma texana"
"2270557653","Thamnosma texana",-102.093673,27.024151,1973,3,21,"MX","Thamnosma texana"
"2270558319","Thamnosma texana",-102.2371,27.149348,1973,3,20,"MX","Thamnosma texana"
"2270558693","Thamnosma texana",-102.2371,27.149348,1973,3,20,"MX","Thamnosma texana"
"2807230985","Thamnosma texana",-101.03333,27.08333,1973,3,14,"MX","Thamnosma texana"
"2807236308","Thamnosma texana",-100.68333,26.25,1973,3,16,"MX","Thamnosma texana"
"2807343712","Thamnosma texana",-101.5,26.41667,1973,3,19,"MX","Thamnosma texana"
"2807347062","Thamnosma texana",-101.01667,26.21667,1973,3,17,"MX","Thamnosma texana"
"2807418700","Thamnosma texana",-102.15556,24.77222,1973,3,28,"MX","Thamnosma texana"
"2807473895","Thamnosma texana",-102.83333,26.575,1973,3,23,"MX","Thamnosma texana"
"3307692796","Thamnosma texana",-102.833,26.55,1973,3,23,"MX","Thamnosma texana"
"3307700686","Thamnosma texana",-101.5,26.417,1973,3,19,"MX","Thamnosma texana"
"1259834598","Thamnosma texana",-104.91666,29.55,1973,4,4,"MX","Thamnosma texana"
"1895504631","Thamnosma texana",-106.089697050883,28.6356829633163,1973,4,8,"MX","Thamnosma texana"
"1895504643","Thamnosma texana",-104.733333,29.3,1973,4,3,"MX","Thamnosma texana"
"1895504703","Thamnosma texana",-104.925,29.55,1973,4,4,"MX","Thamnosma texana"
"2807300376","Thamnosma texana",-104.73333,29.3,1973,4,3,"MX","Thamnosma texana"
"2807605454","Thamnosma texana",-104.925,29.55,1973,4,4,"MX","Thamnosma texana"
"3308322896","Thamnosma texana",-104.733,29.3,1973,4,3,"MX","Thamnosma texana"
"1895504572","Thamnosma texana",-102.483333,29.183333,1973,7,30,"MX","Thamnosma texana"
"1895504647","Thamnosma texana",-102.116667,24.930556,1973,7,1,"MX","Thamnosma texana"
"2807563628","Thamnosma texana",-102.11667,24.93056,1973,7,1,"MX","Thamnosma texana"
"1895504617","Thamnosma texana",-105.112360029273,28.7424435855669,1973,9,15,"MX","Thamnosma texana"
"2807587765","Thamnosma texana",-105.15,28.78333,1973,9,15,"MX","Thamnosma texana"
"3308720717","Thamnosma texana",-105.15,28.783,1973,9,15,"MX","Thamnosma texana"
"1895504691","Thamnosma texana",-102.891667,29.283333,1973,10,20,"MX","Thamnosma texana"
"2807217770","Thamnosma texana",-102.89167,29.28333,1973,10,20,"MX","Thamnosma texana"
"3308323631","Thamnosma texana",-102.89167,29.283,1973,10,20,"MX","Thamnosma texana"
"1895504565","Thamnosma texana",-102.733333,27.766667,1972,6,10,"MX","Thamnosma texana"
"1895504608","Thamnosma texana",-102.683333,27.733333,1972,6,10,"MX","Thamnosma texana"
"1895504726","Thamnosma texana",-102.305,28.643889,1972,6,7,"MX","Thamnosma texana"
"2807280300","Thamnosma texana",-102.68333,27.73333,1972,6,10,"MX","Thamnosma texana"
"2807517256","Thamnosma texana",-102.305,28.64389,1972,6,7,"MX","Thamnosma texana"
"2807540708","Thamnosma texana",-102.73333,27.76667,1972,6,10,"MX","Thamnosma texana"
"3307695868","Thamnosma texana",-102.683,27.733,1972,6,10,"MX","Thamnosma texana"
"1895504541","Thamnosma texana",-105.516667,28.925,1972,7,10,"MX","Thamnosma texana"
"2807558306","Thamnosma texana",-105.51667,28.925,1972,7,10,"MX","Thamnosma texana"
"1895504657","Thamnosma texana",-107.633333,31.283333,1972,8,21,"MX","Thamnosma texana"
"2807321612","Thamnosma texana",-107.63333,31.28333,1972,8,21,"MX","Thamnosma texana"
"3307694523","Thamnosma texana",-107.633,31.283,1972,8,21,"MX","Thamnosma texana"
"1895504518","Thamnosma texana",-104.916667,29.616667,1972,10,21,"MX","Thamnosma texana"
"2807306290","Thamnosma texana",-104.91667,29.61667,1972,10,21,"MX","Thamnosma texana"
"3308267803","Thamnosma texana",-104.917,29.617,1972,10,21,"MX","Thamnosma texana"
"1895504627","Thamnosma texana",-103.65,27.333333,1971,8,19,"MX","Thamnosma texana"
"2807457460","Thamnosma texana",-103.65,27.33333,1971,8,19,"MX","Thamnosma texana"
"1895504546","Thamnosma texana",-104.833333,29.5,1971,9,17,"MX","Thamnosma texana"
"2807593317","Thamnosma texana",-104.83333,29.5,1971,9,17,"MX","Thamnosma texana"
"3308660286","Thamnosma texana",-103.65,27.333,1971,9,19,"MX","Thamnosma texana"
"1896040514","Thamnosma texana",-98.51,25.995833,1969,2,9,"MX","Thamnosma texana"
"1896040510","Thamnosma texana",-102.146667,26.809722,1969,4,3,"MX","Thamnosma texana"
"2270557908","Thamnosma texana",-102.128992,26.912924,1969,4,3,"MX","Thamnosma texana"
"2270557732","Thamnosma texana",-102.033119,26.797872,1969,5,4,"MX","Thamnosma texana"
"2270558945","Thamnosma texana",-102.128992,26.912924,1968,6,8,"MX","Thamnosma texana"
"1895504558","Thamnosma texana",-99.7824198010163,26.9556381425371,1962,4,7,"MX","Thamnosma texana"
"1896040502","Thamnosma texana",-101.214167,26.638889,1961,4,7,"MX","Thamnosma texana"
"1895504524","Thamnosma texana",-98.2213200352094,25.4110012345759,1959,10,19,"MX","Thamnosma texana"
"1895504696","Thamnosma texana",-100.043538692392,26.6191699367956,1959,11,10,"MX","Thamnosma texana"
"1895504579","Thamnosma texana",-98.4513822123949,24.297176504381,1959,12,9,"MX","Thamnosma texana"
"1846490592","Thamnosma texana",-109.618889,29.233333,1958,10,30,"MX","Thamnosma texana"
"1895504665","Thamnosma texana",-109.524737315863,29.1397825471069,1958,10,30,"MX","Thamnosma texana"
"1896040516","Thamnosma texana",-101.609444,24.743889,1957,10,9,"MX","Thamnosma texana"
"1895504676","Thamnosma texana",-109.516047,30.702854,1948,5,10,"MX","Thamnosma texana"
"1895469377","Thamnosma texana",-102.953889,29.17,1946,2,28,"MX","Thamnosma texana"
"1895504612","Thamnosma texana",-100.122882,25.51668,1945,2,28,"MX","Thamnosma texana"
"1895504618","Thamnosma texana",-100.122882,25.51668,1945,2,28,"MX","Thamnosma texana"
"1895504611","Thamnosma texana",-100.117490274345,25.6609258248057,1944,2,27,"MX","Thamnosma texana"
"1895504707","Thamnosma texana",-101.37,26.34,1940,9,7,"MX","Thamnosma texana"
"1895504599","Thamnosma texana",-100.85398,28.348046,1939,5,10,"MX","Thamnosma texana"
"1895504722","Thamnosma texana",-101.348861039249,26.2967344950763,1939,8,30,"MX","Thamnosma texana"
"1895504670","Thamnosma texana",-101.515016641246,27.8780245508914,1936,4,12,"MX","Thamnosma texana"
"1895504686","Thamnosma texana",-101.356094670814,26.3950566760696,1936,6,18,"MX","Thamnosma texana"
"1259834624","Thamnosma texana",-100.25,22.216667,1910,11,NA,"MX","Thamnosma texana"
"1895504666","Thamnosma texana",-99.841974,25.541456,1906,3,1,"MX","Thamnosma texana"
"1259243651","Thamnosma texana",-102.18333,24.4,1905,3,NA,"MX","Thamnosma texana"
"1896040507","Thamnosma texana",-100.855833,27.1925,1900,4,15,"MX","Thamnosma texana"
"3455819213","Thamnosma texana",-98.956611,29.763368,2022,1,10,"US","Thamnosma texana"
"3466011896","Thamnosma texana",-103.133975,29.26735,2022,2,2,"US","Thamnosma texana"
"3468732666","Thamnosma texana",-110.733434,32.192569,2022,2,4,"US","Thamnosma texana"
"3468816713","Thamnosma texana",-98.783242,26.223792,2022,2,2,"US","Thamnosma texana"
"3499560833","Thamnosma texana",-98.714728,26.334626,2022,2,11,"US","Thamnosma texana"
"3499567302","Thamnosma texana",-97.969746,30.420587,2022,2,16,"US","Thamnosma texana"
"3698248910","Thamnosma texana",-98.604269,29.583375,2022,2,21,"US","Thamnosma texana"
"3772721503","Thamnosma texana",-97.843458,30.878374,2022,2,13,"US","Thamnosma texana"
"3902195051","Thamnosma texana",-98.887475,29.588289,2022,2,27,"US","Thamnosma texana"
"3902195560","Thamnosma texana",-98.123222,29.754555,2022,2,2,"US","Thamnosma texana"
"3961129522","Thamnosma texana",-110.629211,32.736361,2022,2,21,"US","Thamnosma texana"
"3705543408","Thamnosma texana",-99.149232,26.584351,2022,3,3,"US","Thamnosma texana"
"3712465825","Thamnosma texana",-98.811835,29.880454,2022,3,6,"US","Thamnosma texana"
"3712553628","Thamnosma texana",-99.137579,26.580051,2022,3,3,"US","Thamnosma texana"
"3712641682","Thamnosma texana",-98.123269,29.75455,2022,3,8,"US","Thamnosma texana"
"3712654586","Thamnosma texana",-99.077217,28.930557,2022,3,5,"US","Thamnosma texana"
"3712667824","Thamnosma texana",-98.643838,29.634216,2022,3,6,"US","Thamnosma texana"
"3712746237","Thamnosma texana",-98.634337,29.547518,2022,3,9,"US","Thamnosma texana"
"3743096996","Thamnosma texana",-110.71885,32.184284,2022,3,11,"US","Thamnosma texana"
"3743300686","Thamnosma texana",-100.076019,29.941406,2022,3,13,"US","Thamnosma texana"
"3746994896","Thamnosma texana",-98.026229,30.559624,2022,3,20,"US","Thamnosma texana"
"3747010686","Thamnosma texana",-99.75927,30.477978,2022,3,15,"US","Thamnosma texana"
"3747240839","Thamnosma texana",-98.659943,29.595458,2022,3,20,"US","Thamnosma texana"
"3747266260","Thamnosma texana",-111.733613,34.893339,2022,3,24,"US","Thamnosma texana"
"3759145098","Thamnosma texana",-100.73718,29.228977,2022,3,27,"US","Thamnosma texana"
"3764333639","Thamnosma texana",-102.933602,29.21921,2022,3,28,"US","Thamnosma texana"
"3912071508","Thamnosma texana",-98.196488,29.862962,2022,3,4,"US","Thamnosma texana"
"3966603428","Thamnosma texana",-103.003471,29.185227,2022,3,26,"US","Thamnosma texana"
"3759729321","Thamnosma texana",-97.952791,30.240677,2022,4,8,"US","Thamnosma texana"
"3760296262","Thamnosma texana",-99.650989,30.907429,2022,4,7,"US","Thamnosma texana"
"3772443678","Thamnosma texana",-99.272184,30.188521,2022,4,30,"US","Thamnosma texana"
"3772785060","Thamnosma texana",-99.272258,30.188534,2022,4,30,"US","Thamnosma texana"
"3773309939","Thamnosma texana",-98.888153,29.587692,2022,4,30,"US","Thamnosma texana"
"3902761156","Thamnosma texana",-98.195999,29.861238,2022,4,10,"US","Thamnosma texana"
"3911985506","Thamnosma texana",-98.228381,29.906208,2022,4,13,"US","Thamnosma texana"
"3912304398","Thamnosma texana",-97.990294,30.924407,2022,4,30,"US","Thamnosma texana"
"4003256673","Thamnosma texana",-98.309167,29.82694,2022,4,18,"US","Thamnosma texana"
"4009867912","Thamnosma texana",-103.077819,29.259593,2022,4,7,"US","Thamnosma texana"
"3772851545","Thamnosma texana",-98.668651,26.309089,2022,5,1,"US","Thamnosma texana"
"3773075919","Thamnosma texana",-97.765361,30.392248,2022,5,4,"US","Thamnosma texana"
"3773372324","Thamnosma texana",-100.076027,29.941404,2022,5,9,"US","Thamnosma texana"
"3773459315","Thamnosma texana",-99.793975,30.469006,2022,5,8,"US","Thamnosma texana"
"3773498955","Thamnosma texana",-97.773138,30.320367,2022,5,4,"US","Thamnosma texana"
"3784808588","Thamnosma texana",-100.326419,29.831018,2022,5,7,"US","Thamnosma texana"
"3784981593","Thamnosma texana",-98.135866,30.335809,2022,5,14,"US","Thamnosma texana"
"3784995568","Thamnosma texana",-100.324991,29.834073,2022,5,7,"US","Thamnosma texana"
"3785182350","Thamnosma texana",-97.911422,30.340458,2022,5,17,"US","Thamnosma texana"
"3802658138","Thamnosma texana",-100.329811,29.852347,2022,5,22,"US","Thamnosma texana"
"3912165501","Thamnosma texana",-97.806312,30.803811,2022,5,14,"US","Thamnosma texana"
"3960998471","Thamnosma texana",-98.584175,29.775863,2022,5,3,"US","Thamnosma texana"
"3902306611","Thamnosma texana",-98.871256,29.712619,2022,8,20,"US","Thamnosma texana"
"3912446698","Thamnosma texana",-97.913833,30.264199,2022,9,19,"US","Thamnosma texana"
"3961115571","Thamnosma texana",-112.989053,35.334317,2022,9,13,"US","Thamnosma texana"
"3961258686","Thamnosma texana",-100.077994,29.935258,2022,9,19,"US","Thamnosma texana"
"3925011965","Thamnosma texana",-99.766228,30.472284,2022,10,6,"US","Thamnosma texana"
"3961080468","Thamnosma texana",-97.899499,30.21802,2022,10,31,"US","Thamnosma texana"
"3986300897","Thamnosma texana",-97.907092,30.349084,2022,11,23,"US","Thamnosma texana"
"3988602644","Thamnosma texana",-103.060317,29.615714,2022,11,22,"US","Thamnosma texana"
"3994058722","Thamnosma texana",-98.190992,29.866167,2022,12,6,"US","Thamnosma texana"
"4009671671","Thamnosma texana",-97.981932,30.390481,2022,12,20,"US","Thamnosma texana"
"3031783225","Thamnosma texana",-98.675158,29.620061,2021,1,19,"US","Thamnosma texana"
"3031936752","Thamnosma texana",-110.398514,31.812714,2021,1,22,"US","Thamnosma texana"
"3032035357","Thamnosma texana",-98.405367,29.717682,2021,1,20,"US","Thamnosma texana"
"3032130451","Thamnosma texana",-100.338426,29.861973,2021,1,10,"US","Thamnosma texana"
"3044640852","Thamnosma texana",-98.584662,29.868912,2021,1,31,"US","Thamnosma texana"
"3044891241","Thamnosma texana",-98.471919,29.72948,2021,2,25,"US","Thamnosma texana"
"3058917172","Thamnosma texana",-98.024716,30.466901,2021,2,27,"US","Thamnosma texana"
"3343749419","Thamnosma texana",-97.827545,28.545462,2021,2,10,"US","Thamnosma texana"
"3058808822","Thamnosma texana",-98.618245,26.234882,2021,3,4,"US","Thamnosma texana"
"3058883607","Thamnosma texana",-97.895949,30.323205,2021,3,6,"US","Thamnosma texana"
"3058884387","Thamnosma texana",-98.88377,30.712272,2021,3,5,"US","Thamnosma texana"
"3058955219","Thamnosma texana",-98.769983,26.231816,2021,3,7,"US","Thamnosma texana"
"3058970607","Thamnosma texana",-98.741349,26.397749,2021,3,7,"US","Thamnosma texana"
"3058989145","Thamnosma texana",-97.821349,30.30859,2021,3,6,"US","Thamnosma texana"
"3059004997","Thamnosma texana",-98.069287,30.301126,2021,3,10,"US","Thamnosma texana"
"3059124901","Thamnosma texana",-99.149369,26.590025,2021,3,10,"US","Thamnosma texana"
"3061571856","Thamnosma texana",-102.931535,29.23066,2021,3,11,"US","Thamnosma texana"
"3061590720","Thamnosma texana",-98.444471,29.95781,2021,3,12,"US","Thamnosma texana"
"3061734555","Thamnosma texana",-99.166251,26.545888,2021,3,11,"US","Thamnosma texana"
"3061751006","Thamnosma texana",-101.350533,29.704553,2021,3,12,"US","Thamnosma texana"
"3061812639","Thamnosma texana",-103.070684,29.242253,2021,3,16,"US","Thamnosma texana"
"3068070823","Thamnosma texana",-98.192714,29.851386,2021,3,20,"US","Thamnosma texana"
"3070371597","Thamnosma texana",-103.010597,29.256568,2021,3,13,"US","Thamnosma texana"
"3070645018","Thamnosma texana",-98.912703,29.621469,2021,3,28,"US","Thamnosma texana"
"3070646984","Thamnosma texana",-101.003723,29.782888,2021,3,27,"US","Thamnosma texana"
"3117758428","Thamnosma texana",-97.896325,30.415969,2021,3,4,"US","Thamnosma texana"
"3320851419","Thamnosma texana",-103.141839,29.620664,2021,3,14,"US","Thamnosma texana"
"3320878416","Thamnosma texana",-98.343387,29.67723,2021,3,12,"US","Thamnosma texana"
"3320952406","Thamnosma texana",-98.372165,29.664988,2021,3,25,"US","Thamnosma texana"
"3320958417","Thamnosma texana",-98.194238,29.849703,2021,3,12,"US","Thamnosma texana"
"3321138437","Thamnosma texana",-98.486496,29.871199,2021,3,20,"US","Thamnosma texana"
"3321140430","Thamnosma texana",-98.485747,29.881953,2021,3,13,"US","Thamnosma texana"
"3321172410","Thamnosma texana",-98.358478,29.676966,2021,3,12,"US","Thamnosma texana"
"3762810322","Thamnosma texana",-109.13649,31.36624,2021,3,2,"US","Thamnosma texana"
"3090579153","Thamnosma texana",-98.566158,29.213977,2021,4,7,"US","Thamnosma texana"
"3097234449","Thamnosma texana",-101.839036,33.598188,2021,4,20,"US","Thamnosma texana"
"3097243376","Thamnosma texana",-99.794791,30.44291,2021,4,16,"US","Thamnosma texana"
"3097331428","Thamnosma texana",-109.971542,31.85342,2021,4,20,"US","Thamnosma texana"
"3097331490","Thamnosma texana",-103.515178,30.054672,2021,4,17,"US","Thamnosma texana"
"3097390314","Thamnosma texana",-101.495244,32.229262,2021,4,19,"US","Thamnosma texana"
"3109166984","Thamnosma texana",-99.804581,30.437847,2021,4,13,"US","Thamnosma texana"
"3109199998","Thamnosma texana",-99.804131,30.4388,2021,4,13,"US","Thamnosma texana"
"3109245735","Thamnosma texana",-103.459265,30.029845,2021,4,17,"US","Thamnosma texana"
"3109246332","Thamnosma texana",-97.821375,30.307502,2021,4,17,"US","Thamnosma texana"
"3109249007","Thamnosma texana",-103.651205,29.226087,2021,4,23,"US","Thamnosma texana"
"3112435363","Thamnosma texana",-100.040686,30.873922,2021,4,23,"US","Thamnosma texana"
"3112437064","Thamnosma texana",-100.907472,29.510837,2021,4,14,"US","Thamnosma texana"
"3112869633","Thamnosma texana",-98.888083,29.5876,2021,4,30,"US","Thamnosma texana"
"3320836427","Thamnosma texana",-100.574914,30.261517,2021,4,25,"US","Thamnosma texana"
"3321150415","Thamnosma texana",-98.50396,29.85761,2021,4,2,"US","Thamnosma texana"
"3112381062","Thamnosma texana",-97.912882,30.338888,2021,5,1,"US","Thamnosma texana"
"3112452608","Thamnosma texana",-98.428363,29.679395,2021,5,1,"US","Thamnosma texana"
"3112476507","Thamnosma texana",-97.913119,30.338885,2021,5,2,"US","Thamnosma texana"
"3112493747","Thamnosma texana",-98.75725,29.668095,2021,5,2,"US","Thamnosma texana"
"3112564765","Thamnosma texana",-98.75753,29.653661,2021,5,2,"US","Thamnosma texana"
"3112850389","Thamnosma texana",-97.562684,26.266852,2021,5,1,"US","Thamnosma texana"
"3113598870","Thamnosma texana",-97.912377,30.338595,2021,5,13,"US","Thamnosma texana"
"3415910599","Thamnosma texana",-101.099354,34.204598,2021,5,22,"US","Thamnosma texana"
"3314234157","Thamnosma texana",-99.556008,30.924563,2021,6,15,"US","Thamnosma texana"
"3320892903","Thamnosma texana",-98.646125,29.898742,2021,6,25,"US","Thamnosma texana"
"3321148992","Thamnosma texana",-99.757169,30.475142,2021,6,22,"US","Thamnosma texana"
"3325469634","Thamnosma texana",-99.141044,26.587458,2021,6,29,"US","Thamnosma texana"
"3325788133","Thamnosma texana",-99.547728,30.907419,2021,6,15,"US","Thamnosma texana"
"3912002394","Thamnosma texana",-99.548817,30.907772,2021,6,15,"US","Thamnosma texana"
"3383945985","Thamnosma texana",-104.83245,32.742217,2021,8,5,"US","Thamnosma texana"
"3398742154","Thamnosma texana",-98.061583,30.613092,2021,10,16,"US","Thamnosma texana"
"3407916269","Thamnosma texana",-97.94702,30.381936,2021,10,31,"US","Thamnosma texana"
"3415648584","Thamnosma texana",-110.46514,32.189174,2021,10,17,"US","Thamnosma texana"
"3415508491","Thamnosma texana",-102.336997,29.886579,2021,11,1,"US","Thamnosma texana"
"3416104976","Thamnosma texana",-98.730246,26.342417,2021,11,15,"US","Thamnosma texana"
"3456495964","Thamnosma texana",-104.519464,32.046203,2021,11,8,"US","Thamnosma texana"
"3455411521","Thamnosma texana",-104.604122,32.440208,2021,12,9,"US","Thamnosma texana"
"3457145714","Thamnosma texana",-102.928808,29.203036,2021,12,30,"US","Thamnosma texana"
"2557796013","Thamnosma texana",-97.875725,30.285733,2020,1,13,"US","Thamnosma texana"
"2563645288","Thamnosma texana",-97.817607,30.315472,2020,1,28,"US","Thamnosma texana"
"2563645944","Thamnosma texana",-97.821503,30.30862,2020,1,29,"US","Thamnosma texana"
"2563645994","Thamnosma texana",-97.821487,30.308597,2020,1,29,"US","Thamnosma texana"
"2563646295","Thamnosma texana",-97.821487,30.308595,2020,1,29,"US","Thamnosma texana"
"2563649548","Thamnosma texana",-97.821503,30.308587,2020,1,29,"US","Thamnosma texana"
"3079733765","Thamnosma texana",-98.505705,27.859997,2020,1,18,"US","Thamnosma texana"
"2574090307","Thamnosma texana",-111.034042,32.22565,2020,2,3,"US","Thamnosma texana"
"2574244918","Thamnosma texana",-110.687828,32.136351,2020,2,2,"US","Thamnosma texana"
"2576347202","Thamnosma texana",-97.773058,30.320978,2020,2,25,"US","Thamnosma texana"
"2576426075","Thamnosma texana",-98.628778,29.642272,2020,2,24,"US","Thamnosma texana"
"2576430303","Thamnosma texana",-98.628175,29.64213,2020,2,27,"US","Thamnosma texana"
"3090534642","Thamnosma texana",-97.819978,30.307842,2020,2,13,"US","Thamnosma texana"
"2576336736","Thamnosma texana",-98.626563,29.640855,2020,3,3,"US","Thamnosma texana"
"2576364047","Thamnosma texana",-98.638162,29.628022,2020,3,5,"US","Thamnosma texana"
"2576407731","Thamnosma texana",-110.716928,32.221103,2020,3,1,"US","Thamnosma texana"
"2579218376","Thamnosma texana",-111.135149,32.196718,2020,3,9,"US","Thamnosma texana"
"2580099777","Thamnosma texana",-104.279919,29.877247,2020,3,17,"US","Thamnosma texana"
"2580103773","Thamnosma texana",-104.364748,32.543998,2020,3,13,"US","Thamnosma texana"
"2580107174","Thamnosma texana",-103.837495,30.540355,2020,3,13,"US","Thamnosma texana"
"2580133506","Thamnosma texana",-98.562144,29.743324,2020,3,15,"US","Thamnosma texana"
"2580175268","Thamnosma texana",-98.875881,29.785089,2020,3,12,"US","Thamnosma texana"
"2580241939","Thamnosma texana",-98.507431,29.759559,2020,3,17,"US","Thamnosma texana"
"2580251551","Thamnosma texana",-99.725297,29.686078,2020,3,14,"US","Thamnosma texana"
"2580267390","Thamnosma texana",-98.387253,29.815195,2020,3,13,"US","Thamnosma texana"
"2580270374","Thamnosma texana",-97.901574,30.203548,2020,3,13,"US","Thamnosma texana"
"2596047384","Thamnosma texana",-97.822891,30.307858,2020,3,18,"US","Thamnosma texana"
"2596078257","Thamnosma texana",-98.43755,29.746977,2020,3,19,"US","Thamnosma texana"
"2596162948","Thamnosma texana",-98.209253,27.659583,2020,3,31,"US","Thamnosma texana"
"2596199896","Thamnosma texana",-98.123961,30.385513,2020,3,31,"US","Thamnosma texana"
"2596241506","Thamnosma texana",-103.983437,32.006511,2020,3,20,"US","Thamnosma texana"
"2596268520","Thamnosma texana",-100.953252,29.466906,2020,3,20,"US","Thamnosma texana"
"2596284986","Thamnosma texana",-100.500791,31.467063,2020,3,24,"US","Thamnosma texana"
"2596333291","Thamnosma texana",-101.318673,29.693892,2020,3,8,"US","Thamnosma texana"
"3044588470","Thamnosma texana",-98.846895,29.738708,2020,3,7,"US","Thamnosma texana"
"3044721472","Thamnosma texana",-99.213468,29.633792,2020,3,12,"US","Thamnosma texana"
"3079736747","Thamnosma texana",-98.888144,29.587711,2020,3,6,"US","Thamnosma texana"
"3923283448","Thamnosma texana",-100.075814,29.941333,2020,3,9,"US","Thamnosma texana"
"2597817485","Thamnosma texana",-97.892567,30.337233,2020,4,5,"US","Thamnosma texana"
"2609092021","Thamnosma texana",-101.58872,32.807097,2020,4,5,"US","Thamnosma texana"
"2611289980","Thamnosma texana",-98.413075,29.353546,2020,4,24,"US","Thamnosma texana"
"3044588502","Thamnosma texana",-97.985118,27.882868,2020,4,28,"US","Thamnosma texana"
"2626153140","Thamnosma texana",-98.27755,29.872586,2020,5,11,"US","Thamnosma texana"
"3044682522","Thamnosma texana",-102.649097,32.647628,2020,5,7,"US","Thamnosma texana"
"3097303398","Thamnosma texana",-106.070393,33.635629,2020,5,9,"US","Thamnosma texana"
"2802722191","Thamnosma texana",-98.596881,29.534569,2020,6,16,"US","Thamnosma texana"
"3044625554","Thamnosma texana",-100.5785,30.251286,2020,6,14,"US","Thamnosma texana"
"2818747896","Thamnosma texana",-97.872324,30.32295,2020,7,2,"US","Thamnosma texana"
"2859972822","Thamnosma texana",-98.647491,26.343521,2020,8,29,"US","Thamnosma texana"
"2901505935","Thamnosma texana",-103.003197,29.176197,2020,10,18,"US","Thamnosma texana"
"2901673078","Thamnosma texana",-98.587308,29.684921,2020,10,19,"US","Thamnosma texana"
"2963947517","Thamnosma texana",-98.654622,29.599917,2020,10,11,"US","Thamnosma texana"
"3070585136","Thamnosma texana",-99.189969,26.403961,2020,10,24,"US","Thamnosma texana"
"2988710839","Thamnosma texana",-99.208906,29.653089,2020,11,22,"US","Thamnosma texana"
"3013920053","Thamnosma texana",-98.231464,29.908699,2020,12,29,"US","Thamnosma texana"
"3014009146","Thamnosma texana",-98.631469,29.552675,2020,12,30,"US","Thamnosma texana"
"2465094081","Thamnosma texana",-98.559805,29.508709,2019,1,13,"US","Thamnosma texana"
"3070336112","Thamnosma texana",-98.976429,26.647604,2019,1,27,"US","Thamnosma texana"
"1993770430","Thamnosma texana",-97.821099,30.308318,2019,2,7,"US","Thamnosma texana"
"2005333507","Thamnosma texana",-111.132917,32.199,2019,2,13,"US","Thamnosma texana"
"2005378302","Thamnosma texana",-97.821689,30.309556,2019,2,6,"US","Thamnosma texana"
"2006056203","Thamnosma texana",-98.482735,29.875406,2019,2,23,"US","Thamnosma texana"
"2006076764","Thamnosma texana",-97.754524,28.447779,2019,2,25,"US","Thamnosma texana"
"2242851312","Thamnosma texana",-110.549705,32.120397,2019,2,28,"US","Thamnosma texana"
"2422825144","Thamnosma texana",-98.5596,29.508772,2019,2,14,"US","Thamnosma texana"
"3031768321","Thamnosma texana",-97.899513,30.283678,2019,2,14,"US","Thamnosma texana"
"2012963910","Thamnosma texana",-98.21968,28.603097,2019,3,1,"US","Thamnosma texana"
"2012963945","Thamnosma texana",-98.219597,28.603162,2019,3,1,"US","Thamnosma texana"
"2012995618","Thamnosma texana",-111.132385,32.326035,2019,3,3,"US","Thamnosma texana"
"2028447046","Thamnosma texana",-97.88163,30.374575,2019,3,14,"US","Thamnosma texana"
"2028447280","Thamnosma texana",-98.71709,29.870341,2019,3,14,"US","Thamnosma texana"
"2234743242","Thamnosma texana",-104.270966,29.908649,2019,3,19,"US","Thamnosma texana"
"2234743534","Thamnosma texana",-99.801376,30.431871,2019,3,16,"US","Thamnosma texana"
"2234748786","Thamnosma texana",-104.269836,29.91035,2019,3,19,"US","Thamnosma texana"
"2234768183","Thamnosma texana",-111.012084,32.231488,2019,3,24,"US","Thamnosma texana"
"2234783323","Thamnosma texana",-98.02694,27.88119,2019,3,19,"US","Thamnosma texana"
"2243012189","Thamnosma texana",-110.703684,32.218685,2019,3,15,"US","Thamnosma texana"
"3044628359","Thamnosma texana",-103.178297,29.305736,2019,3,16,"US","Thamnosma texana"
"3044635360","Thamnosma texana",-98.493285,29.875899,2019,3,16,"US","Thamnosma texana"
"3044743368","Thamnosma texana",-100.200279,32.182912,2019,3,27,"US","Thamnosma texana"
"2236276610","Thamnosma texana",-105.883605,32.955483,2019,4,9,"US","Thamnosma texana"
"2236837534","Thamnosma texana",-105.882063,32.953925,2019,4,9,"US","Thamnosma texana"
"2238869428","Thamnosma texana",-97.980955,30.39755,2019,4,27,"US","Thamnosma texana"
"2242770403","Thamnosma texana",-98.413284,29.353113,2019,4,27,"US","Thamnosma texana"
"2251833249","Thamnosma texana",-99.187394,29.454411,2019,4,19,"US","Thamnosma texana"
"2331828334","Thamnosma texana",-98.591971,29.438621,2019,4,14,"US","Thamnosma texana"
"2549971637","Thamnosma texana",-98.444269,29.505479,2019,4,28,"US","Thamnosma texana"
"2550010547","Thamnosma texana",-104.041206,29.480687,2019,4,2,"US","Thamnosma texana"
"2573824841","Thamnosma texana",-102.185287,31.309687,2019,4,30,"US","Thamnosma texana"
"2580254121","Thamnosma texana",-99.622003,32.618145,2019,4,12,"US","Thamnosma texana"
"2963902321","Thamnosma texana",-102.870055,31.388195,2019,4,5,"US","Thamnosma texana"
"3044759372","Thamnosma texana",-103.906566,30.597569,2019,4,3,"US","Thamnosma texana"
"2283163558","Thamnosma texana",-101.707684,33.24082,2019,6,15,"US","Thamnosma texana"
"3866873667","Thamnosma texana",-98.053972,30.38067,2019,6,12,"US","Thamnosma texana"
"3067622705","Thamnosma texana",-111.131679,32.326183,2019,11,28,"US","Thamnosma texana"
"2529402744","Thamnosma texana",-110.684211,32.135007,2019,12,18,"US","Thamnosma texana"
"1806368231","Thamnosma texana",-98.731384,29.512909,2018,1,27,"US","Thamnosma texana"
"1831205503","Thamnosma texana",-98.676321,29.619917,2018,2,18,"US","Thamnosma texana"
"1831101138","Thamnosma texana",-98.601059,29.585991,2018,3,1,"US","Thamnosma texana"
"1836578266","Thamnosma texana",-100.603611,29.474996,2018,3,4,"US","Thamnosma texana"
"1836587534","Thamnosma texana",-97.821243,30.308675,2018,3,6,"US","Thamnosma texana"
"1836606305","Thamnosma texana",-99.435968,27.53301,2018,3,9,"US","Thamnosma texana"
"1836619162","Thamnosma texana",-97.799993,30.371627,2018,3,4,"US","Thamnosma texana"
"1836628181","Thamnosma texana",-99.75933,29.725236,2018,3,13,"US","Thamnosma texana"
"1836631035","Thamnosma texana",-97.82136,30.308623,2018,3,14,"US","Thamnosma texana"
"1836631274","Thamnosma texana",-98.629227,29.621544,2018,3,14,"US","Thamnosma texana"
"1836642712","Thamnosma texana",-98.386559,29.815877,2018,3,16,"US","Thamnosma texana"
"1837076109","Thamnosma texana",-98.548767,29.510246,2018,3,25,"US","Thamnosma texana"
"1891269370","Thamnosma texana",-110.358777,31.835866,2018,3,4,"US","Thamnosma texana"
"2268969639","Thamnosma texana",-97.79044,30.36628,2018,3,22,"US","Thamnosma texana"
"1838031927","Thamnosma texana",-100.939202,29.457515,2018,4,5,"US","Thamnosma texana"
"1838044721","Thamnosma texana",-100.954152,29.462879,2018,4,6,"US","Thamnosma texana"
"1838067968","Thamnosma texana",-101.0454,29.494138,2018,4,5,"US","Thamnosma texana"
"1838069036","Thamnosma texana",-100.651208,29.266248,2018,4,8,"US","Thamnosma texana"
"1839206622","Thamnosma texana",-107.135254,32.760182,2018,4,13,"US","Thamnosma texana"
"1839206652","Thamnosma texana",-107.236599,32.802279,2018,4,13,"US","Thamnosma texana"
"1841275397","Thamnosma texana",-98.422857,29.570098,2018,4,30,"US","Thamnosma texana"
"1841288850","Thamnosma texana",-98.701047,26.248406,2018,4,30,"US","Thamnosma texana"
"1847576446","Thamnosma texana",-101.318012,29.693037,2018,4,6,"US","Thamnosma texana"
"1880545652","Thamnosma texana",-99.804437,30.442708,2018,4,8,"US","Thamnosma texana"
"1949977556","Thamnosma texana",-99.804939,30.442547,2018,4,8,"US","Thamnosma texana"
"1978811482","Thamnosma texana",-100.712504,29.382368,2018,4,8,"US","Thamnosma texana"
"2006028824","Thamnosma texana",-98.435501,29.384056,2018,4,29,"US","Thamnosma texana"
"2251815256","Thamnosma texana",-100.502878,31.468316,2018,4,4,"US","Thamnosma texana"
"3866879549","Thamnosma texana",-97.9235,30.21614,2018,4,3,"US","Thamnosma texana"
"3866884539","Thamnosma texana",-97.923694,30.21642,2018,4,3,"US","Thamnosma texana"
"1890691197","Thamnosma texana",-106.619909,32.370284,2018,8,4,"US","Thamnosma texana"
"1914239091","Thamnosma texana",-98.924671,31.624448,2018,9,26,"US","Thamnosma texana"
"2580073924","Thamnosma texana",-98.922982,31.657371,2018,9,25,"US","Thamnosma texana"
"1950015942","Thamnosma texana",-102.91493,29.201722,2018,12,8,"US","Thamnosma texana"
"1950016026","Thamnosma texana",-103.023108,29.192272,2018,12,8,"US","Thamnosma texana"
"1453363103","Thamnosma texana",-98.741684,26.35742,2017,1,18,"US","Thamnosma texana"
"1453422391","Thamnosma texana",-98.413277,29.353001,2017,2,12,"US","Thamnosma texana"
"1453461960","Thamnosma texana",-98.684517,29.60573,2017,2,26,"US","Thamnosma texana"
"1453463057","Thamnosma texana",-110.731115,32.186291,2017,2,24,"US","Thamnosma texana"
"1453486198","Thamnosma texana",-102.636275,30.885938,2017,3,6,"US","Thamnosma texana"
"1802615789","Thamnosma texana",-98.380508,29.804901,2017,3,15,"US","Thamnosma texana"
"1802616627","Thamnosma texana",-102.962745,31.928851,2017,3,30,"US","Thamnosma texana"
"1802616633","Thamnosma texana",-102.936749,31.953704,2017,3,30,"US","Thamnosma texana"
"1802616635","Thamnosma texana",-102.970151,31.980559,2017,3,30,"US","Thamnosma texana"
"3858211242","Thamnosma texana",-98.103553,28.181655,2017,3,5,"US","Thamnosma texana"
"1500225366","Thamnosma texana",-98.198463,29.861296,2017,4,9,"US","Thamnosma texana"
"3031601149","Thamnosma texana",-110.733437,32.183545,2017,4,10,"US","Thamnosma texana"
"3091225720","Thamnosma texana",-111.8416,34.81129,2017,4,6,"US","Thamnosma texana"
"1890092026","Thamnosma texana",-112.442131,34.86765,2017,5,14,"US","Thamnosma texana"
"1571124673","Thamnosma texana",-99.435678,27.534907,2017,6,5,"US","Thamnosma texana"
"1668822106","Thamnosma texana",-99.459503,30.576115,2017,9,11,"US","Thamnosma texana"
"3866884398","Thamnosma texana",-98.056278,30.36733,2017,9,7,"US","Thamnosma texana"
"3866888461","Thamnosma texana",-101.51422,29.81133,2017,9,13,"US","Thamnosma texana"
"1836691601","Thamnosma texana",-102.225606,32.779448,2017,10,8,"US","Thamnosma texana"
"1950037071","Thamnosma texana",-98.037689,30.508153,2017,12,18,"US","Thamnosma texana"
"1257414539","Thamnosma texana",-110.729334,32.181678,2016,3,2,"US","Thamnosma texana"
"1257417406","Thamnosma texana",-99.804282,30.442875,2016,3,6,"US","Thamnosma texana"
"1262372341","Thamnosma texana",-102.910598,30.743761,2016,3,11,"US","Thamnosma texana"
"1262372611","Thamnosma texana",-101.979858,31.221815,2016,3,11,"US","Thamnosma texana"
"2807411165","Thamnosma texana",-99.39778,31.17593,2016,3,17,"US","Thamnosma texana"
"2807436431","Thamnosma texana",-99.76582,31.23254,2016,3,29,"US","Thamnosma texana"
"2807565261","Thamnosma texana",-99.93533,31.68729,2016,3,31,"US","Thamnosma texana"
"3416213647","Thamnosma texana",-98.730834,26.345806,2016,3,25,"US","Thamnosma texana"
"1802606877","Thamnosma texana",-97.892892,30.336812,2016,4,16,"US","Thamnosma texana"
"2807285410","Thamnosma texana",-100.20844,30.44478,2016,4,8,"US","Thamnosma texana"
"2807450504","Thamnosma texana",-98.7565,31.65189,2016,4,4,"US","Thamnosma texana"
"3866884446","Thamnosma texana",-100.98969,29.62511,2016,9,17,"US","Thamnosma texana"
"1088908468","Thamnosma texana",-97.821525,30.308592,2015,2,24,"US","Thamnosma texana"
"1088908489","Thamnosma texana",-97.819092,30.310297,2015,2,13,"US","Thamnosma texana"
"1088961798","Thamnosma texana",-98.629016,29.641925,2015,3,28,"US","Thamnosma texana"
"1571153057","Thamnosma texana",-110.6358,32.062563,2015,3,31,"US","Thamnosma texana"
"1891269356","Thamnosma texana",-100.933253,29.473003,2015,3,27,"US","Thamnosma texana"
"1891269367","Thamnosma texana",-101.7763,30.89034,2015,3,26,"US","Thamnosma texana"
"3329398676","Thamnosma texana",-101.7763,30.89034,2015,3,26,"US","Thamnosma texana"
"1088945921","Thamnosma texana",-99.57728,29.823531,2015,4,5,"US","Thamnosma texana"
"2270695293","Thamnosma texana",-109.508965,31.575367,2015,4,22,"US","Thamnosma texana"
"3079822706","Thamnosma texana",-100.731656,31.185744,2015,4,4,"US","Thamnosma texana"
"3091212745","Thamnosma texana",-112.00009,34.76513,2015,4,10,"US","Thamnosma texana"
"1500204233","Thamnosma texana",-103.392617,29.4518,2015,5,28,"US","Thamnosma texana"
"2006073507","Thamnosma texana",-103.136003,29.271886,2015,5,4,"US","Thamnosma texana"
"2270495175","Thamnosma texana",-111.884717,34.6872209991167,2015,5,8,"US","Thamnosma texana"
"2572938101","Thamnosma texana",-111.884717,34.6872209991167,2015,5,8,"US","Thamnosma texana"
"3091254964","Thamnosma texana",-111.884717,34.6872209991167,2015,5,8,"US","Thamnosma texana"
"2807553398","Thamnosma texana",-100.17624,30.8241,2015,6,3,"US","Thamnosma texana"
"1843917090","Thamnosma texana",-103.577391,32.71899,2014,4,24,"US","Thamnosma texana"
"2270491050","Thamnosma texana",-109.50103,31.572517,2014,9,15,"US","Thamnosma texana"
"1990557132","Thamnosma texana",-99.887442,29.337349,2014,10,18,"US","Thamnosma texana"
"1257407719","Thamnosma texana",-104.457321,32.108791,2014,11,19,"US","Thamnosma texana"
"2807596381","Thamnosma texana",-98.8403,29.74115,2013,3,18,"US","Thamnosma texana"
"2270490045","Thamnosma texana",-112.407631,34.870934,2013,5,6,"US","Thamnosma texana"
"2572937638","Thamnosma texana",-112.407631,34.870934,2013,5,6,"US","Thamnosma texana"
"2807614095","Thamnosma texana",-98.90944,27.21975,2013,10,30,"US","Thamnosma texana"
"1257407748","Thamnosma texana",-99.788805,30.910875,2012,2,19,"US","Thamnosma texana"
"3969600237","Thamnosma texana",-99.788535,30.910917,2012,2,19,"US","Thamnosma texana"
"1802742974","Thamnosma texana",-106.881,32.381,2012,3,17,"US","Thamnosma texana"
"1981529788","Thamnosma texana",-99.20877,30.84064,2012,4,4,"US","Thamnosma texana"
"2270568863","Thamnosma texana",-112.399536,34.874352,2012,4,15,"US","Thamnosma texana"
"2807513327","Thamnosma texana",-100.99892,29.671,2012,4,10,"US","Thamnosma texana"
"3127512305","Thamnosma texana",-99.51318,29.23498,2012,4,6,"US","Thamnosma texana"
"3332391319","Thamnosma texana",-99.71545,31.63216,2012,4,2,"US","Thamnosma texana"
"1846559935","Thamnosma texana",-112.442848,34.86945,2012,5,2,"US","Thamnosma texana"
"2270574122","Thamnosma texana",-112.132133,34.8905,2012,5,24,"US","Thamnosma texana"
"2270574378","Thamnosma texana",-112.132133,34.890499,2012,5,24,"US","Thamnosma texana"
"2270591850","Thamnosma texana",-112.442848,34.86945,2012,5,2,"US","Thamnosma texana"
"1928799841","Thamnosma texana",-112.05153,34.68811,2012,8,11,"US","Thamnosma texana"
"2270600423","Thamnosma texana",-112.248016,34.9105,2011,6,25,"US","Thamnosma texana"
"2572936939","Thamnosma texana",-112.248016,34.9105,2011,6,25,"US","Thamnosma texana"
"2270558282","Thamnosma texana",-113.784616,35.065946,2011,11,2,"US","Thamnosma texana"
"1843910612","Thamnosma texana",-104.18436,32.95979,2010,4,15,"US","Thamnosma texana"
"1703280128","Thamnosma texana",-104.354717,32.28805,2010,5,5,"US","Thamnosma texana"
"2422514797","Thamnosma texana",-112.053,34.68931,2010,5,3,"US","Thamnosma texana"
"2825648072","Thamnosma texana",-104.354717,32.28805,2010,5,8,"US","Thamnosma texana"
"3969701598","Thamnosma texana",-97.7611,33.334755,2010,7,17,"US","Thamnosma texana"
"3091298487","Thamnosma texana",-109.964647,31.854614,2010,10,10,"US","Thamnosma texana"
"3091218504","Thamnosma texana",-111.832417,34.8174439991152,2008,3,18,"US","Thamnosma texana"
"2807390768","Thamnosma texana",-98.31427,31.23997,2008,4,26,"US","Thamnosma texana"
"1843905879","Thamnosma texana",-103.35062,32.1558,2008,7,31,"US","Thamnosma texana"
"2807306393","Thamnosma texana",-100.56703,31.82673,2008,9,6,"US","Thamnosma texana"
"3978735253","Thamnosma texana",-100.56703,31.82673,2008,9,6,"US","Thamnosma texana"
"2807598226","Thamnosma texana",-98.04119,27.88092,2007,2,26,"US","Thamnosma texana"
"1843899356","Thamnosma texana",-108.98347,32.17131,2007,3,20,"US","Thamnosma texana"
"2807223950","Thamnosma texana",-98.02333,28.09058,2007,3,22,"US","Thamnosma texana"
"2807372182","Thamnosma texana",-99.25292,26.87425,2007,3,26,"US","Thamnosma texana"
"3091194619","Thamnosma texana",-111.834056,34.818694,2007,3,23,"US","Thamnosma texana"
"1843899058","Thamnosma texana",-104.93247,32.86711,2007,4,19,"US","Thamnosma texana"
"2807326201","Thamnosma texana",-99.79966,30.41912,2007,4,14,"US","Thamnosma texana"
"3969899881","Thamnosma texana",-103.6395,29.304683,2006,4,8,"US","Thamnosma texana"
"2807609977","Thamnosma texana",-98.02364,27.88297,2006,5,5,"US","Thamnosma texana"
"2807435625","Thamnosma texana",-98.69622,28.08989,2006,7,6,"US","Thamnosma texana"
"1889161892","Thamnosma texana",-105.595767,32.487617,2006,8,24,"US","Thamnosma texana"
"2422432967","Thamnosma texana",-105.59567,32.4875,2006,8,24,"US","Thamnosma texana"
"1846496880","Thamnosma texana",-111.72675,33.981222,2005,2,28,"US","Thamnosma texana"
"1846497765","Thamnosma texana",-111.731,33.983806,2005,2,7,"US","Thamnosma texana"
"2270695449","Thamnosma texana",-111.86,33.9881,2005,2,7,"US","Thamnosma texana"
"3091240981","Thamnosma texana",-111.863996596656,34.8468567135397,2005,3,9,"US","Thamnosma texana"
"3969668216","Thamnosma texana",-103.66685,29.341083,2005,3,25,"US","Thamnosma texana"
"3969678061","Thamnosma texana",-103.641917,29.300283,2005,3,6,"US","Thamnosma texana"
"3969684644","Thamnosma texana",-103.66685,29.341083,2005,3,25,"US","Thamnosma texana"
"3969857206","Thamnosma texana",-103.6281,29.3226,2005,3,4,"US","Thamnosma texana"
"1611940771","Thamnosma texana",-105.353667,31.126,2005,4,17,"US","Thamnosma texana"
"2626938422","Thamnosma texana",-102.35,30.283333,2005,4,20,"US","Thamnosma texana"
"2807283917","Thamnosma texana",-102.89556,31.03933,2005,9,21,"US","Thamnosma texana"
"1889161587","Thamnosma texana",-105.8505,32.5825,2005,10,1,"US","Thamnosma texana"
"3969694431","Thamnosma texana",-103.663333,29.339283,2005,10,29,"US","Thamnosma texana"
"3969774199","Thamnosma texana",-103.66685,29.341083,2005,11,15,"US","Thamnosma texana"
"3969901365","Thamnosma texana",-103.673583,29.339233,2005,11,2,"US","Thamnosma texana"
"2270641263","Thamnosma texana",-98.7055,29.5196,2004,3,16,"US","Thamnosma texana"
"2618324460","Thamnosma texana",-98.705533,29.519583,2004,3,16,"US","Thamnosma texana"
"2807469955","Thamnosma texana",-99.09303,26.48994,2004,3,26,"US","Thamnosma texana"
"2807639803","Thamnosma texana",-98.98128,27.33108,2004,3,17,"US","Thamnosma texana"
"3413520911","Thamnosma texana",-100.472458,31.429501,2004,3,1,"US","Thamnosma texana"
"1843891841","Thamnosma texana",-107.578079,32.06676,2004,4,25,"US","Thamnosma texana"
"1930898514","Thamnosma texana",-101.975,30.92,2004,4,21,"US","Thamnosma texana"
"1843222246","Thamnosma texana",-108.964667,32.056333,2004,5,2,"US","Thamnosma texana"
"237346894","Thamnosma texana",-100.90389,29.53389,2004,11,14,"US","Thamnosma texana"
"1258089585","Thamnosma texana",-100.904,29.5339,2004,11,14,"US","Thamnosma texana"
"2270637526","Thamnosma texana",-109.162,31.9226,2003,3,28,"US","Thamnosma texana"
"2807507138","Thamnosma texana",-100.98927,29.47406,2003,3,26,"US","Thamnosma texana"
"4009672049","Thamnosma texana",-99.609378,30.5635,2003,3,23,"US","Thamnosma texana"
"177044492","Thamnosma texana",-99.467222,29.223889,2003,4,23,"US","Thamnosma texana"
"2626931448","Thamnosma texana",-101.766667,30.458333,2003,4,29,"US","Thamnosma texana"
"3091190527","Thamnosma texana",-111.825833,34.738056,2003,4,2,"US","Thamnosma texana"
"2270614925","Thamnosma texana",-110.145,31.5932,2003,5,7,"US","Thamnosma texana"
"177044506","Thamnosma texana",-108.102221,33.011721,2003,8,25,"US","Thamnosma texana"
"2807254719","Thamnosma texana",-102.85417,29.475,2003,9,29,"US","Thamnosma texana"
"2807592995","Thamnosma texana",-98.45389,29.32306,2002,3,20,"US","Thamnosma texana"
"2807616693","Thamnosma texana",-98.16694,29.09389,2002,3,25,"US","Thamnosma texana"
"2807510314","Thamnosma texana",-101.66667,30.73333,2002,4,21,"US","Thamnosma texana"
"1846488092","Thamnosma texana",-110.9552,31.68848,2002,9,21,"US","Thamnosma texana"
"2807256960","Thamnosma texana",-100.9,30.3,2001,3,25,"US","Thamnosma texana"
"2807568147","Thamnosma texana",-100.9,30.3,2001,3,25,"US","Thamnosma texana"
"3413523914","Thamnosma texana",-103.956608,30.608075,2001,3,7,"US","Thamnosma texana"
"2807405676","Thamnosma texana",-101.78862,30.4862,2001,4,6,"US","Thamnosma texana"
"2807506839","Thamnosma texana",-102.1,30.85,2001,4,13,"US","Thamnosma texana"
"2626924976","Thamnosma texana",-103.366667,30.233333,2001,5,5,"US","Thamnosma texana"
"2807512470","Thamnosma texana",-103.56667,30.53333,2000,3,23,"US","Thamnosma texana"
"2807543368","Thamnosma texana",-102.43333,30.33333,2000,7,17,"US","Thamnosma texana"
"2807186385","Thamnosma texana",-100.65,29.13333,2000,11,28,"US","Thamnosma texana"
"2807436112","Thamnosma texana",-100.65,29.13333,2000,11,28,"US","Thamnosma texana"
"2807220659","Thamnosma texana",-101.16667,30.7,1999,4,21,"US","Thamnosma texana"
"2626959436","Thamnosma texana",-101.683333,30.258333,1999,5,21,"US","Thamnosma texana"
"2807494608","Thamnosma texana",-101.68333,30.25833,1999,5,21,"US","Thamnosma texana"
"1258448456","Thamnosma texana",-110.65333,32.26,1998,4,13,"US","Thamnosma texana"
"1258457464","Thamnosma texana",-110.710833,32.313611,1998,4,11,"US","Thamnosma texana"
"1843819108","Thamnosma texana",-104.525,32.439,1998,4,21,"US","Thamnosma texana"
"2270614850","Thamnosma texana",-110.612,32.041,1998,4,10,"US","Thamnosma texana"
"3091233584","Thamnosma texana",-111.7622,34.85692,1998,4,14,"US","Thamnosma texana"
"3413530303","Thamnosma texana",-108.722813,31.882662,1998,4,5,"US","Thamnosma texana"
"1843838678","Thamnosma texana",-104.304,32.453,1998,8,21,"US","Thamnosma texana"
"1843822280","Thamnosma texana",-107.565638,32.731205,1998,9,8,"US","Thamnosma texana"
"2626945013","Thamnosma texana",-98.833333,29.741667,1998,10,19,"US","Thamnosma texana"
"1843810345","Thamnosma texana",-108.430236,31.871538,1997,3,29,"US","Thamnosma texana"
"1843819012","Thamnosma texana",-104.75,32.17,1997,3,27,"US","Thamnosma texana"
"2626944752","Thamnosma texana",-100.966667,29.958333,1997,4,28,"US","Thamnosma texana"
"2626946751","Thamnosma texana",-100.966667,29.958333,1997,4,28,"US","Thamnosma texana"
"2807242692","Thamnosma texana",-100.96667,29.95833,1997,4,28,"US","Thamnosma texana"
"2626941605","Thamnosma texana",-103.980556,29.472222,1997,10,10,"US","Thamnosma texana"
"3978870353","Thamnosma texana",-97.830556,27.465278,1996,2,25,"US","Thamnosma texana"
"3969679175","Thamnosma texana",-98.577178,29.706151,1996,3,20,"US","Thamnosma texana"
"2807490462","Thamnosma texana",-102.91667,30.23333,1996,8,22,"US","Thamnosma texana"
"2270613840","Thamnosma texana",-109.647,32.1753,1995,4,13,"US","Thamnosma texana"
"3969679205","Thamnosma texana",-98.560716,29.688048,1995,4,1,"US","Thamnosma texana"
"2422359332","Thamnosma texana",-100.95083,29.46083,1994,3,26,"US","Thamnosma texana"
"2422366373","Thamnosma texana",-110.55867,32.55436,1994,5,12,"US","Thamnosma texana"
"3969681947","Thamnosma texana",-98.560716,29.688048,1994,5,20,"US","Thamnosma texana"
"1699345237","Thamnosma texana",-103.8875,29.466667,1993,3,23,"US","Thamnosma texana"
"1934870826","Thamnosma texana",-101.264116,29.710422,1993,3,24,"US","Thamnosma texana"
"1934870827","Thamnosma texana",-99.518952,28.953485,1993,3,24,"US","Thamnosma texana"
"2422360578","Thamnosma texana",-105,30.77278,1993,3,6,"US","Thamnosma texana"
"1843806461","Thamnosma texana",-107.257218,32.787492,1993,4,19,"US","Thamnosma texana"
"1937517187","Thamnosma texana",-108.3874,31.6684,1993,4,10,"US","Thamnosma texana"
"2270613698","Thamnosma texana",-109.227,32.2678,1993,4,16,"US","Thamnosma texana"
"2432125648","Thamnosma texana",-109.154853,31.964598,1993,4,16,"US","Thamnosma texana"
"3413522962","Thamnosma texana",-108.384548,31.673614,1993,4,10,"US","Thamnosma texana"
"2807299918","Thamnosma texana",-100.45389,29.60722,1993,6,28,"US","Thamnosma texana"
"2270612524","Thamnosma texana",-109.986,31.9192,1993,10,24,"US","Thamnosma texana"
"1937511067","Thamnosma texana",-99,29.42,1993,12,16,"US","Thamnosma texana"
"2807275476","Thamnosma texana",-99,26.41667,1993,12,16,"US","Thamnosma texana"
"1937523729","Thamnosma texana",-98.548078,26.270067,1992,2,23,"US","Thamnosma texana"
"3969800674","Thamnosma texana",-99.585564,30.572023,1992,3,9,"US","Thamnosma texana"
"3413514212","Thamnosma texana",-108.440962,31.892253,1992,5,14,"US","Thamnosma texana"
"3413529470","Thamnosma texana",-106.604154,32.221784,1992,5,10,"US","Thamnosma texana"
"2807190641","Thamnosma texana",-100.25722,26.26806,1991,2,28,"US","Thamnosma texana"
"2807551964","Thamnosma texana",-100.41028,29.47778,1991,2,28,"US","Thamnosma texana"
"2807599384","Thamnosma texana",-101.07306,29.52917,1991,2,28,"US","Thamnosma texana"
"2807409877","Thamnosma texana",-103.81583,29.50222,1991,3,3,"US","Thamnosma texana"
"3969518671","Thamnosma texana",-99.756754,30.474704,1991,3,13,"US","Thamnosma texana"
"3969518708","Thamnosma texana",-98.817119,30.499982,1991,3,7,"US","Thamnosma texana"
"2270613972","Thamnosma texana",-111.373,34.0369,1991,4,8,"US","Thamnosma texana"
"3091187836","Thamnosma texana",-111.83333,34.61667,1991,4,25,"US","Thamnosma texana"
"1937508462","Thamnosma texana",-107.7136,31.9149,1991,5,5,"US","Thamnosma texana"
"3413517860","Thamnosma texana",-107.708501,31.914182,1991,5,5,"US","Thamnosma texana"
"1258393718","Thamnosma texana",-100.91666,28.88333,1990,3,22,"US","Thamnosma texana"
"3969720801","Thamnosma texana",-99.115522,30.493173,1990,5,1,"US","Thamnosma texana"
"1937514780","Thamnosma texana",-99.917985,28.520033,1990,7,21,"US","Thamnosma texana"
"1846520717","Thamnosma texana",-110.9521,31.6585,1990,9,6,"US","Thamnosma texana"
"2270614368","Thamnosma texana",-110.949,31.6629,1990,9,6,"US","Thamnosma texana"
"2422368013","Thamnosma texana",-110.94631,31.67006,1990,9,6,"US","Thamnosma texana"
"1934870831","Thamnosma texana",-99.63724,30.48929,1989,4,19,"US","Thamnosma texana"
"2515753125","Thamnosma texana",-105.016667,30.8,1989,4,9,"US","Thamnosma texana"
"3091187839","Thamnosma texana",-111.75,34.66667,1989,4,11,"US","Thamnosma texana"
"2807224184","Thamnosma texana",-99.08611,26.53833,1988,3,24,"US","Thamnosma texana"
"2807276195","Thamnosma texana",-97.84333,28.11722,1988,3,22,"US","Thamnosma texana"
"2807432905","Thamnosma texana",-98.63056,27.29361,1988,3,23,"US","Thamnosma texana"
"2807457427","Thamnosma texana",-97.94194,28.04028,1988,3,21,"US","Thamnosma texana"
"2807473217","Thamnosma texana",-98.23611,28.01667,1988,3,22,"US","Thamnosma texana"
"2807481962","Thamnosma texana",-99.11333,26.75222,1988,3,24,"US","Thamnosma texana"
"2807485998","Thamnosma texana",-98.12917,28.47917,1988,3,21,"US","Thamnosma texana"
"2807501781","Thamnosma texana",-98.36861,28.06444,1988,3,22,"US","Thamnosma texana"
"2807511111","Thamnosma texana",-97.87083,28.56583,1988,3,21,"US","Thamnosma texana"
"2807512961","Thamnosma texana",-98.98944,27.39167,1988,3,23,"US","Thamnosma texana"
"2807559474","Thamnosma texana",-97.83056,28.72306,1988,3,21,"US","Thamnosma texana"
"1937505085","Thamnosma texana",-98.215253,29.805374,1987,3,22,"US","Thamnosma texana"
"1611937480","Thamnosma texana",-105.0125,30.788889,1987,5,29,"US","Thamnosma texana"
"2270613676","Thamnosma texana",-111.726,33.98,1987,5,3,"US","Thamnosma texana"
"2270615829","Thamnosma texana",-110.135,33.1667,1987,5,2,"US","Thamnosma texana"
"2807358651","Thamnosma texana",-97.9225,28.98389,1987,6,11,"US","Thamnosma texana"
"3413513877","Thamnosma texana",-108.733072,31.883129,1986,8,28,"US","Thamnosma texana"
"3413530659","Thamnosma texana",-108.453532,32.255783,1985,5,11,"US","Thamnosma texana"
"2422367709","Thamnosma texana",-110.63556,32.05517,1984,3,24,"US","Thamnosma texana"
"1937512528","Thamnosma texana",-108.3022,31.7551,1984,4,15,"US","Thamnosma texana"
"3413518230","Thamnosma texana",-108.303431,31.757475,1984,4,15,"US","Thamnosma texana"
"1937506843","Thamnosma texana",-102.312426,30.065154,1984,6,3,"US","Thamnosma texana"
"3413514033","Thamnosma texana",-102.28699,30.061392,1984,6,3,"US","Thamnosma texana"
"3320776924","Thamnosma texana",-109.864556,31.441278,1984,9,4,"US","Thamnosma texana"
"1500197724","Thamnosma texana",-98.28186,29.85073,1983,3,15,"US","Thamnosma texana"
"1896040500","Thamnosma texana",-104.4,32.147778,1983,3,20,"US","Thamnosma texana"
"1896040511","Thamnosma texana",-111.132222,32.211944,1983,3,9,"US","Thamnosma texana"
"1937500245","Thamnosma texana",-100.546281,31.506382,1983,3,19,"US","Thamnosma texana"
"1937517169","Thamnosma texana",-104.469661,32.12765,1983,3,20,"US","Thamnosma texana"
"2422360572","Thamnosma texana",-107.70139,31.905,1983,3,26,"US","Thamnosma texana"
"3413521698","Thamnosma texana",-107.701146,31.905766,1983,3,26,"US","Thamnosma texana"
"3413522151","Thamnosma texana",-107.940619,31.80621,1983,3,26,"US","Thamnosma texana"
"1843883517","Thamnosma texana",-107.2347,32.9276,1983,4,23,"US","Thamnosma texana"
"1889155790","Thamnosma texana",-109.9833,31.9167,1983,4,17,"US","Thamnosma texana"
"1937515912","Thamnosma texana",-106.9299,32.351,1983,4,23,"US","Thamnosma texana"
"2270613130","Thamnosma texana",-110.038,31.9555,1983,4,30,"US","Thamnosma texana"
"3413518143","Thamnosma texana",-108.731362,32.32181,1983,4,17,"US","Thamnosma texana"
"3413518250","Thamnosma texana",-108.084302,32.199957,1983,4,23,"US","Thamnosma texana"
"3413528013","Thamnosma texana",-108.733072,31.883129,1983,5,1,"US","Thamnosma texana"
"2270613016","Thamnosma texana",-109.957,31.956,1983,9,9,"US","Thamnosma texana"
"2422358524","Thamnosma texana",-103.42194,30.52222,1983,10,21,"US","Thamnosma texana"
"1500196947","Thamnosma texana",-98.286159,28.659349,1982,3,7,"US","Thamnosma texana"
"1666704995","Thamnosma texana",-98.286159,28.659349,1982,3,7,"US","Thamnosma texana"
"3413529120","Thamnosma texana",-103.853931,29.292878,1982,3,15,"US","Thamnosma texana"
"1843883479","Thamnosma texana",-104.405217,32.552013,1982,4,7,"US","Thamnosma texana"
"2270615535","Thamnosma texana",-111.651,34.5308,1982,5,1,"US","Thamnosma texana"
"1846520695","Thamnosma texana",-110.6302,31.8828,1982,9,14,"US","Thamnosma texana"
"2270614730","Thamnosma texana",-110.647,31.8828,1982,9,14,"US","Thamnosma texana"
"1666704857","Thamnosma texana",-98.65587,29.89533,1981,4,13,"US","Thamnosma texana"
"2270613542","Thamnosma texana",-110.646,31.8686,1981,6,18,"US","Thamnosma texana"
"3413532466","Thamnosma texana",-107.613271,32.08949,1980,4,4,"US","Thamnosma texana"
"1934870860","Thamnosma texana",-99.92008,31.45043,1980,5,6,"US","Thamnosma texana"
"2270588271","Thamnosma texana",-111.772,34.673,1980,5,3,"US","Thamnosma texana"
"2270614124","Thamnosma texana",-110.928,32.502,1980,9,19,"US","Thamnosma texana"
"1611941725","Thamnosma texana",-105.983333,31.7,1979,3,18,"US","Thamnosma texana"
"3413520300","Thamnosma texana",-105.896864,32.891018,1979,6,4,"US","Thamnosma texana"
"1937521925","Thamnosma texana",-108.997,31.347,1979,8,15,"US","Thamnosma texana"
"1563372488","Thamnosma texana",-106.4675,31.908889,1978,2,18,"US","Thamnosma texana"
"2270613762","Thamnosma texana",-109.28,33.114,1978,3,29,"US","Thamnosma texana"
"1563372501","Thamnosma texana",-106.5,31.85,1978,4,8,"US","Thamnosma texana"
"1703280207","Thamnosma texana",-106.51,32.011667,1978,4,1,"US","Thamnosma texana"
"1843883478","Thamnosma texana",-103.731367,32.406139,1978,4,30,"US","Thamnosma texana"
"3091233543","Thamnosma texana",-111.75167,34.663677,1978,4,18,"US","Thamnosma texana"
"1611941678","Thamnosma texana",-105.977778,31.84,1978,9,17,"US","Thamnosma texana"
"1843883273","Thamnosma texana",-104.336322,32.198137,1977,3,26,"US","Thamnosma texana"
"2270616082","Thamnosma texana",-111.772,34.673,1977,4,30,"US","Thamnosma texana"
"2430210609","Thamnosma texana",-109.185308,31.389593,1977,9,4,"US","Thamnosma texana"
"1611941653","Thamnosma texana",-106.5,31.916667,1977,12,4,"US","Thamnosma texana"
"1937500877","Thamnosma texana",-102.930901,29.544045,1976,3,18,"US","Thamnosma texana"
"1500203433","Thamnosma texana",-106.491227,31.878651,1976,6,17,"US","Thamnosma texana"
"2573002048","Thamnosma texana",-99.449651,27.455048,1975,11,27,"US","Thamnosma texana"
"3091294189","Thamnosma texana",-110.57028,31.83889,1974,3,30,"US","Thamnosma texana"
"1896040499","Thamnosma texana",-110.415,31.851667,1974,4,13,"US","Thamnosma texana"
"3043648863","Thamnosma texana",-106.461119,31.958492,1973,3,31,"US","Thamnosma texana"
"3331183640","Thamnosma texana",-102.990848,29.183651,1973,3,13,"US","Thamnosma texana"
"1937510383","Thamnosma texana",-104.076141,32.312775,1973,4,15,"US","Thamnosma texana"
"1937523702","Thamnosma texana",-104.8521,32.9522,1973,4,22,"US","Thamnosma texana"
"2270614157","Thamnosma texana",-110.77,32.4933,1973,4,27,"US","Thamnosma texana"
"3413516786","Thamnosma texana",-108.446026,31.885294,1973,4,1,"US","Thamnosma texana"
"1937502937","Thamnosma texana",-104.697356,32.1707,1973,5,17,"US","Thamnosma texana"
"2270615961","Thamnosma texana",-111.85,34.62,1973,5,5,"US","Thamnosma texana"
"3340045912","Thamnosma texana",-104.555372,31.798339,1972,9,24,"US","Thamnosma texana"
"3340045913","Thamnosma texana",-104.628116,31.797225,1972,10,7,"US","Thamnosma texana"
"1896040506","Thamnosma texana",-99.496667,27.939444,1972,12,3,"US","Thamnosma texana"
"1937509692","Thamnosma texana",-102.888102,29.505832,1971,4,7,"US","Thamnosma texana"
"1937509926","Thamnosma texana",-99.786168,29.354878,1970,3,21,"US","Thamnosma texana"
"2270614449","Thamnosma texana",-110.68,31.91,1970,3,15,"US","Thamnosma texana"
"1937516980","Thamnosma texana",-99.525817,30.676839,1969,4,5,"US","Thamnosma texana"
"2270614881","Thamnosma texana",-112.05,34.83,1969,5,16,"US","Thamnosma texana"
"3091233542","Thamnosma texana",-112.046884,34.831338,1969,5,16,"US","Thamnosma texana"
"3091233545","Thamnosma texana",-111.99417,34.861179,1969,5,16,"US","Thamnosma texana"
"2270614324","Thamnosma texana",-110.636,31.9673,1968,3,2,"US","Thamnosma texana"
"3043648468","Thamnosma texana",-106.497401,31.958206,1968,3,30,"US","Thamnosma texana"
"1843883164","Thamnosma texana",-104.44292,32.421941,1968,5,11,"US","Thamnosma texana"
"2270614997","Thamnosma texana",-111.77,34.67,1968,5,11,"US","Thamnosma texana"
"2270613551","Thamnosma texana",-110.486022,33.161778,1967,4,15,"US","Thamnosma texana"
"1937516845","Thamnosma texana",-97.920279,28.244727,1966,3,9,"US","Thamnosma texana"
"1986900579","Thamnosma texana",-109.088611,31.3325,1966,4,2,"US","Thamnosma texana"
"2422367679","Thamnosma texana",-109.16444,31.92278,1966,9,14,"US","Thamnosma texana"
"1896040504","Thamnosma texana",-99.406944,27.544167,1965,4,6,"US","Thamnosma texana"
"3091233583","Thamnosma texana",-111.744722,34.651389,1965,4,28,"US","Thamnosma texana"
"2807626933","Thamnosma texana",-99.385,27.0069,1964,3,25,"US","Thamnosma texana"
"1266947035","Thamnosma texana",-104.75498,33.37985,1964,4,23,"US","Thamnosma texana"
"2270613308","Thamnosma texana",-110.864,31.7775,1964,9,21,"US","Thamnosma texana"
"123013478","Thamnosma texana",-99.2714,26.9073,1963,2,9,"US","Thamnosma texana"
"2807440011","Thamnosma texana",-99.2521,26.8638,1963,2,9,"US","Thamnosma texana"
"123013477","Thamnosma texana",-98.6178,27.8828,1963,3,16,"US","Thamnosma texana"
"123013474","Thamnosma texana",-100.182,31.5974,1963,4,6,"US","Thamnosma texana"
"1896040498","Thamnosma texana",-99.553611,28.069444,1962,3,2,"US","Thamnosma texana"
"1266946999","Thamnosma texana",-109.14145,31.9137,1962,4,17,"US","Thamnosma texana"
"1266947009","Thamnosma texana",-109.22762,32.27414,1962,4,18,"US","Thamnosma texana"
"1266947016","Thamnosma texana",-109.22762,32.27414,1962,4,18,"US","Thamnosma texana"
"1266947019","Thamnosma texana",-109.22762,32.27414,1962,4,18,"US","Thamnosma texana"
"1266947021","Thamnosma texana",-109.22762,32.27414,1962,4,18,"US","Thamnosma texana"
"1266947022","Thamnosma texana",-109.22762,32.27414,1962,4,18,"US","Thamnosma texana"
"1266947027","Thamnosma texana",-109.22762,32.27414,1962,4,18,"US","Thamnosma texana"
"1266947029","Thamnosma texana",-109.22762,32.27414,1962,4,18,"US","Thamnosma texana"
"2859434991","Thamnosma texana",-99.692793,27.670594,1962,4,18,"US","Thamnosma texana"
"1937517808","Thamnosma texana",-104.815503,31.936157,1961,4,27,"US","Thamnosma texana"
"2807382913","Thamnosma texana",-99.2568,26.8776,1960,3,26,"US","Thamnosma texana"
"1937500680","Thamnosma texana",-102.952866,29.562108,1958,3,23,"US","Thamnosma texana"
"1937505738","Thamnosma texana",-99.826634,31.840778,1958,6,29,"US","Thamnosma texana"
"2807245995","Thamnosma texana",-99.2716,26.9073,1957,4,7,"US","Thamnosma texana"
"1896040509","Thamnosma texana",-103.231944,31.325833,1957,7,27,"US","Thamnosma texana"
"1843883170","Thamnosma texana",-108.267499,31.656552,1954,8,18,"US","Thamnosma texana"
"1843883818","Thamnosma texana",-108.469,31.868,1954,8,19,"US","Thamnosma texana"
"1937510665","Thamnosma texana",-98.302972,29.571539,1953,4,11,"US","Thamnosma texana"
"1846520638","Thamnosma texana",-110.442093,31.778708,1952,5,26,"US","Thamnosma texana"
"2270613995","Thamnosma texana",-109.726,31.7123,1952,5,26,"US","Thamnosma texana"
"1934870824","Thamnosma texana",-99.08725,27.68101,1951,7,27,"US","Thamnosma texana"
"1934870832","Thamnosma texana",-98.49333,29.2787,1949,3,8,"US","Thamnosma texana"
"1934870837","Thamnosma texana",-99.883598,27.932081,1949,3,6,"US","Thamnosma texana"
"1934870850","Thamnosma texana",-97.861914,30.369751,1949,3,27,"US","Thamnosma texana"
"1896040517","Thamnosma texana",-100.798611,29.369167,1949,4,16,"US","Thamnosma texana"
"2430683651","Thamnosma texana",-98.380085,30.224225,1949,4,15,"US","Thamnosma texana"
"2807551501","Thamnosma texana",-99.0895,26.6173,1949,4,30,"US","Thamnosma texana"
"1934870835","Thamnosma texana",-97.90084,28.99751,1948,3,27,"US","Thamnosma texana"
"1937504447","Thamnosma texana",-99.761448,29.844982,1945,4,20,"US","Thamnosma texana"
"1937514072","Thamnosma texana",-109.312909,31.653879,1945,5,18,"US","Thamnosma texana"
"1937503681","Thamnosma texana",-104.284084,29.552601,1944,2,26,"US","Thamnosma texana"
"1937524229","Thamnosma texana",-99.140431,28.730231,1944,2,26,"US","Thamnosma texana"
"1937507039","Thamnosma texana",-99.507542,27.506407,1944,3,11,"US","Thamnosma texana"
"1929864524","Thamnosma texana",-102.72357,30.78106,1943,6,6,"US","Thamnosma texana"
"1937513723","Thamnosma texana",-104.166115,29.76675,1943,6,19,"US","Thamnosma texana"
"1937520812","Thamnosma texana",-102.72357,30.781061,1943,6,21,"US","Thamnosma texana"
"1937513655","Thamnosma texana",-104.9865,30.906331,1943,7,15,"US","Thamnosma texana"
"1846520604","Thamnosma texana",-110.71472,32.04344,1942,4,26,"US","Thamnosma texana"
"1937511678","Thamnosma texana",-103.251756,29.81195,1941,3,15,"US","Thamnosma texana"
"1937504602","Thamnosma texana",-104.581946,30.188635,1941,4,5,"US","Thamnosma texana"
"1937517374","Thamnosma texana",-104.581946,30.188635,1941,4,5,"US","Thamnosma texana"
"1937521030","Thamnosma texana",-104.844377,30.523728,1941,6,3,"US","Thamnosma texana"
"1843883493","Thamnosma texana",-105.960224,32.899553,1940,4,12,"US","Thamnosma texana"
"1937503999","Thamnosma texana",-102.326394,30.891371,1940,6,3,"US","Thamnosma texana"
"1937505447","Thamnosma texana",-103.648061,30.373225,1937,4,1,"US","Thamnosma texana"
"2242411570","Thamnosma texana",-103.301287,29.266034,1937,6,8,"US","Thamnosma texana"
"1937504698","Thamnosma texana",-103.251756,29.81195,1936,10,9,"US","Thamnosma texana"
"1937510412","Thamnosma texana",-108.616191,32.788742,1935,5,21,"US","Thamnosma texana"
"1937515889","Thamnosma texana",-108.738111,32.715211,1935,5,20,"US","Thamnosma texana"
"1937520660","Thamnosma texana",-109.99026,32.069177,1935,5,26,"US","Thamnosma texana"
"2270613370","Thamnosma texana",-111.364,33.7086,1935,5,15,"US","Thamnosma texana"
"1937502232","Thamnosma texana",-98.527132,28.893525,1934,3,17,"US","Thamnosma texana"
"1937519207","Thamnosma texana",-98.447253,26.242836,1933,3,6,"US","Thamnosma texana"
"2430056912","Thamnosma texana",-99.506169,27.583118,1932,3,24,"US","Thamnosma texana"
"2430400219","Thamnosma texana",-103.159717,30.920783,1931,4,18,"US","Thamnosma texana"
"1937515146","Thamnosma texana",-103.310214,29.207905,1931,6,27,"US","Thamnosma texana"
"1937501650","Thamnosma texana",-106.486931,31.75872,1931,10,18,"US","Thamnosma texana"
"1937514906","Thamnosma texana",-99.82811,28.67748,1930,4,6,"US","Thamnosma texana"
"2422382475","Thamnosma texana",-105.35833,31.175,1930,4,10,"US","Thamnosma texana"
"2430140661","Thamnosma texana",-101.200666,30.710173,1930,4,13,"US","Thamnosma texana"
"2430239050","Thamnosma texana",-105.337607,31.180448,1930,4,10,"US","Thamnosma texana"
"2430410113","Thamnosma texana",-105.315477,30.826174,1930,4,30,"US","Thamnosma texana"
"2430451416","Thamnosma texana",-105.337607,31.180448,1930,4,10,"US","Thamnosma texana"
"2430478944","Thamnosma texana",-100.645144,30.570986,1930,4,14,"US","Thamnosma texana"
"2430532928","Thamnosma texana",-100.894014,29.366321,1930,4,18,"US","Thamnosma texana"
"1937508828","Thamnosma texana",-101.435505,32.306169,1928,5,17,"US","Thamnosma texana"
"1937511152","Thamnosma texana",-97.971975,30.268516,1928,5,18,"US","Thamnosma texana"
"1937511302","Thamnosma texana",-98.181071,26.396721,1925,4,17,"US","Thamnosma texana"
"2807424104","Thamnosma texana",-99.2729,26.9171,1925,7,20,"US","Thamnosma texana"
"1937515352","Thamnosma texana",-105.345848,31.183484,1921,7,4,"US","Thamnosma texana"
"1937502073","Thamnosma texana",-99.786168,29.209684,1919,3,1,"US","Thamnosma texana"
"1937503565","Thamnosma texana",-103.24462,30.205169,1919,3,19,"US","Thamnosma texana"
"1937514127","Thamnosma texana",-101.435505,32.306169,1910,2,23,"US","Thamnosma texana"
"1843883451","Thamnosma texana",-106.604051,32.190521,1905,3,30,"US","Thamnosma texana"
"1937521073","Thamnosma texana",-107.566974,32.877374,1904,9,6,"US","Thamnosma texana"
"1937514026","Thamnosma texana",-98.520025,29.448958,1903,7,30,"US","Thamnosma texana"
"1937519621","Thamnosma texana",-98.520025,29.448958,1903,7,25,"US","Thamnosma texana"
"2430049967","Thamnosma texana",-110.71082,31.930945,1903,8,31,"US","Thamnosma texana"
"2430131165","Thamnosma texana",-110.71082,31.930945,1903,8,31,"US","Thamnosma texana"
"1937517301","Thamnosma texana",-108.511718,32.842573,1903,9,24,"US","Thamnosma texana"
"1937506502","Thamnosma texana",-103.999522,30.717274,1902,4,15,"US","Thamnosma texana"
"1937503632","Thamnosma texana",-101.475658,32.219291,1902,5,13,"US","Thamnosma texana"
"1937501595","Thamnosma texana",-100.411333,29.317846,1900,3,22,"US","Thamnosma texana"
"1937509068","Thamnosma texana",-99.517584,27.539881,1899,8,NA,"US","Thamnosma texana"
"1937512577","Thamnosma texana",-97.743061,30.267153,1898,3,1,"US","Thamnosma texana"
"1937509200","Thamnosma texana",-98.031063,30.058151,1897,6,NA,"US","Thamnosma texana"
"1937504627","Thamnosma texana",-99.140319,30.047433,1894,4,19,"US","Thamnosma texana"
"1937508975","Thamnosma texana",-98.238895,27.763914,1885,NA,NA,"US","Thamnosma texana"
"1937501638","Thamnosma texana",-106.486931,31.75872,1884,4,24,"US","Thamnosma texana"
"1937514183","Thamnosma texana",-106.486931,31.75872,1884,4,24,"US","Thamnosma texana"
"2430352268","Thamnosma texana",-113.727164,35.369161,1884,5,26,"US","Thamnosma texana"
"1937511085","Thamnosma texana",-110.882534,32.175259,1883,4,30,"US","Thamnosma texana"
"1937520814","Thamnosma texana",-110.882534,32.175259,1883,4,30,"US","Thamnosma texana"
"1937523546","Thamnosma texana",-110.882534,32.175259,1883,4,30,"US","Thamnosma texana"
"1937520597","Thamnosma texana",-97.743061,30.267153,1883,NA,NA,"US","Thamnosma texana"
"1937524192","Thamnosma texana",-100.462073,31.404399,1879,NA,NA,"US","Thamnosma texana"
"1937500391","Thamnosma texana",-97.743061,30.267153,1872,5,12,"US","Thamnosma texana"
"1937512590","Thamnosma texana",-97.743061,30.267153,1872,5,12,"US","Thamnosma texana"
"1937515932","Thamnosma texana",-97.743061,30.267153,1872,5,12,"US","Thamnosma texana"
"1937511423","Thamnosma texana",-100.506787,28.726206,1852,2,25,"US","Thamnosma texana"
"1937513606","Thamnosma texana",-106.537715,31.800295,1852,4,26,"US","Thamnosma texana"
"1937511318","Thamnosma texana",-106.486931,31.75872,1851,NA,NA,"US","Thamnosma texana"
"1897843220","Thamnosma texana",-100.146111,31.75075,1801,1,1,"US","Thamnosma texana"
"1320050649","Thamnosma texana",-106.597,32.2262,NA,NA,NA,"US","Thamnosma texana"
"1934870879","Thamnosma texana",-99.81111,31.53667,NA,NA,NA,"US","Thamnosma texana"
"1937502206","Thamnosma texana",-99.863962,31.326497,NA,NA,NA,"US","Thamnosma texana"
"1937512047","Thamnosma texana",-99.863962,31.326497,NA,NA,NA,"US","Thamnosma texana"
"1937512419","Thamnosma texana",-96.806667,32.783056,NA,NA,NA,"US","Thamnosma texana"
"1937518080","Thamnosma texana",-103.310214,29.207905,NA,NA,NA,"US","Thamnosma texana"
"1937520471","Thamnosma texana",-99.863962,31.326497,NA,NA,NA,"US","Thamnosma texana"
"1937522942","Thamnosma texana",-106.435089,31.822628,NA,NA,NA,"US","Thamnosma texana"
"2270614138","Thamnosma texana",-109.486,32.3554,NA,NA,NA,"US","Thamnosma texana"
