"gbifID","species","longitude","latitude","year","month","day","countryCode","basisOfRecord","accepted_name"
"4910869906","Tiedemannia canbyi",-75.947096,39.13595,2024,6,17,"US","HUMAN_OBSERVATION","Tiedemannia canbyi"
"4936622983","Tiedemannia canbyi",-80.020435,33.965861,2024,8,28,"US","HUMAN_OBSERVATION","Tiedemannia canbyi"
"3456762174","Tiedemannia canbyi",-80.919534,32.801334,2020,8,17,"US","HUMAN_OBSERVATION","Tiedemannia canbyi"
"3858248542","Tiedemannia canbyi",-81.119898,33.216035,2020,9,19,"US","HUMAN_OBSERVATION","Tiedemannia canbyi"
"2579246601","Tiedemannia canbyi",-80.909069,32.801324,2014,7,16,"US","HUMAN_OBSERVATION","Tiedemannia canbyi"
