"gbifID","species","longitude","latitude","year","month","day","countryCode","accepted_name"
"3456762174","Tiedemannia canbyi",-80.919534,32.801334,2020,8,17,"US","Tiedemannia canbyi"
"2579246601","Tiedemannia canbyi",-80.909069,32.801324,2014,7,16,"US","Tiedemannia canbyi"
"1806524948","Tiedemannia canbyi",-80.3783,33.5389,1996,7,10,"US","Tiedemannia canbyi"
"1929945155","Tiedemannia canbyi",-83.417104,33.945948,1901,8,1,"US","Tiedemannia canbyi"
"1930717359","Tiedemannia canbyi",-75.4233,38.8064,1881,9,NA,"US","Tiedemannia canbyi"
"1928201166","Tiedemannia canbyi",-75.4233,38.8064,1874,8,NA,"US","Tiedemannia canbyi"
"1930740177","Tiedemannia canbyi",-75.4233,38.8064,1874,8,NA,"US","Tiedemannia canbyi"
"1144730638","Tiedemannia canbyi",-75.41194,38.86444,NA,NA,NA,"US","Tiedemannia canbyi"
