"gbifID","species","longitude","latitude","year","month","day","countryCode","accepted_name"
"2807346911","Aletes acaulis",-101.41667,29.05,1973,7,31,"MX","Aletes acaulis"
"3308105973","Aletes acaulis",-102.583,29.05,1973,7,31,"MX","Aletes acaulis"
"3460949323","Aletes acaulis",-104.52395,35.62381,2021,6,5,"US","Aletes acaulis"
"2573434499","Aletes acaulis",-105.3017,39.9889,2015,5,14,"US","Aletes acaulis"
"2573343296","Aletes acaulis",-105.304333,39.964567,2014,5,29,"US","Aletes acaulis"
"2242398181","Aletes acaulis",-108.31753,39.3569109990747,2011,6,14,"US","Aletes acaulis"
"1843901359","Aletes acaulis",-106.409861601993,34.9746243052105,2006,7,24,"US","Aletes acaulis"
"1843901414","Aletes acaulis",-106.409861601993,34.9746243052105,2006,8,24,"US","Aletes acaulis"
"1843895069","Aletes acaulis",-106.694,35.739,2003,6,14,"US","Aletes acaulis"
"1849154066","Aletes acaulis",-105.7893,35.8023,2003,7,27,"US","Aletes acaulis"
"2573341933","Aletes acaulis",-105.23963,40.4244,2001,5,26,"US","Aletes acaulis"
"1258970040","Aletes acaulis",-105.23333,40.41666,2000,4,28,"US","Aletes acaulis"
"1929045808","Aletes acaulis",-105.2389,40.4194,2000,4,28,"US","Aletes acaulis"
"2242375766","Aletes acaulis",-105.373806,39.743719,2000,6,8,"US","Aletes acaulis"
"2242391536","Aletes acaulis",-104.961468,39.732207,1995,5,16,"US","Aletes acaulis"
"1843812458","Aletes acaulis",-106.40048,35.259721,1995,8,7,"US","Aletes acaulis"
"1842914615","Aletes acaulis",-105.216922,33.564686,1994,6,1,"US","Aletes acaulis"
"2242372233","Aletes acaulis",-105.363929,39.76979,1993,5,23,"US","Aletes acaulis"
"2573338870","Aletes acaulis",-105.32267,39.99004,1992,5,5,"US","Aletes acaulis"
"2573339028","Aletes acaulis",-105.311306,39.73832,1992,6,25,"US","Aletes acaulis"
"2573342987","Aletes acaulis",-105.21318,39.77562,1992,6,16,"US","Aletes acaulis"
"2452711448","Aletes acaulis",-103.958611,29.469722,1992,9,5,"US","Aletes acaulis"
"2242418815","Aletes acaulis",-105.251894,39.731836,1991,5,28,"US","Aletes acaulis"
"2242419362","Aletes acaulis",-105.246729,39.735077,1991,5,28,"US","Aletes acaulis"
"2573338505","Aletes acaulis",-105.318374,39.952877,1991,7,4,"US","Aletes acaulis"
"1842916780","Aletes acaulis",-105.280742,33.621418,1990,5,16,"US","Aletes acaulis"
"2423865605","Aletes acaulis",-106.260416,35.765178,1988,4,17,"US","Aletes acaulis"
"1928276060","Aletes acaulis",-106.5239,33.3011,1988,5,26,"US","Aletes acaulis"
"1843823604","Aletes acaulis",-106.319503,35.782278,1988,7,18,"US","Aletes acaulis"
"2242353029","Aletes acaulis",-106.578214,38.63335,1988,7,10,"US","Aletes acaulis"
"2423866632","Aletes acaulis",-106.260416,35.765178,1987,5,23,"US","Aletes acaulis"
"2423865382","Aletes acaulis",-106.260416,35.765178,1986,7,12,"US","Aletes acaulis"
"2242368242","Aletes acaulis",-105.208951,39.753324,1984,4,30,"US","Aletes acaulis"
"2573338516","Aletes acaulis",-105.209495,39.755199,1984,5,7,"US","Aletes acaulis"
"1837123851","Aletes acaulis",-105.20947,39.753596,1983,7,1,"US","Aletes acaulis"
"2242366948","Aletes acaulis",-105.207781,39.752425,1983,7,1,"US","Aletes acaulis"
"2573340126","Aletes acaulis",-105.208325,39.7543,1983,7,1,"US","Aletes acaulis"
"2242363038","Aletes acaulis",-105.517785,39.80275,1982,5,27,"US","Aletes acaulis"
"2242386608","Aletes acaulis",-105.301486,39.983606,1982,6,25,"US","Aletes acaulis"
"2242420171","Aletes acaulis",-105.301658,39.97943,1982,6,25,"US","Aletes acaulis"
"2242367824","Aletes acaulis",-105.247344,39.942125,1981,6,11,"US","Aletes acaulis"
"2573338015","Aletes acaulis",-105.281796,39.931573,1981,8,24,"US","Aletes acaulis"
"3413531075","Aletes acaulis",-107.001513,34.107401,1981,8,13,"US","Aletes acaulis"
"1611935376","Aletes acaulis",-104.129167,30.616667,1980,8,30,"US","Aletes acaulis"
"1611942480","Aletes acaulis",-104.133333,30.616667,1979,6,8,"US","Aletes acaulis"
"2573422115","Aletes acaulis",-104.133333,30.616667,1979,6,8,"US","Aletes acaulis"
"1843858883","Aletes acaulis",-106.447802,35.208954,1978,7,21,"US","Aletes acaulis"
"1611942164","Aletes acaulis",-104.15,30.616667,1978,9,3,"US","Aletes acaulis"
"1843839269","Aletes acaulis",-106.369086,35.164836,1977,8,29,"US","Aletes acaulis"
"1843858531","Aletes acaulis",-107.132333,34.025328,1973,5,26,"US","Aletes acaulis"
"1843859101","Aletes acaulis",-107.132333,34.025328,1973,5,26,"US","Aletes acaulis"
"2242368328","Aletes acaulis",-105.459594,40.041712,1973,5,14,"US","Aletes acaulis"
"1928918164","Aletes acaulis",-105.409607,40.063337,1973,8,4,"US","Aletes acaulis"
"2242368402","Aletes acaulis",-105.382518,39.999223,1972,5,24,"US","Aletes acaulis"
"1928502334","Aletes acaulis",-105.44257,39.984992,1971,6,3,"US","Aletes acaulis"
"2242417857","Aletes acaulis",-107.870491,38.117762,1971,7,22,"US","Aletes acaulis"
"2242378738","Aletes acaulis",-105.415047,40.062485,1965,7,18,"US","Aletes acaulis"
"1843820853","Aletes acaulis",-106.401687,34.701447,1962,9,15,"US","Aletes acaulis"
"1843821592","Aletes acaulis",-106.401687,34.701447,1962,9,15,"US","Aletes acaulis"
"2573339625","Aletes acaulis",-105.537384,39.965423,1961,8,21,"US","Aletes acaulis"
"1927792016","Aletes acaulis",-103.258989,29.275688,1961,9,12,"US","Aletes acaulis"
"1843821378","Aletes acaulis",-107.132333,34.025328,1959,9,10,"US","Aletes acaulis"
"2573420664","Aletes acaulis",-104.3389,35.94388,1951,4,29,"US","Aletes acaulis"
"2573339330","Aletes acaulis",-105.48411,40.48432,1951,5,21,"US","Aletes acaulis"
"1930089287","Aletes acaulis",-103.29588,29.256569,1946,8,7,"US","Aletes acaulis"
"1842914887","Aletes acaulis",-106.413362,35.832073,1941,6,6,"US","Aletes acaulis"
"1843858733","Aletes acaulis",-106.470568,35.140699,1940,6,20,"US","Aletes acaulis"
"2242390779","Aletes acaulis",-104.167412,30.633204,1936,5,20,"US","Aletes acaulis"
"1928781965","Aletes acaulis",-104.20065,30.606992,1934,10,13,"US","Aletes acaulis"
"1928778792","Aletes acaulis",-103.310214,29.207905,1931,8,18,"US","Aletes acaulis"
"1843858838","Aletes acaulis",-106.415396,35.17798,1930,12,10,"US","Aletes acaulis"
"1931265662","Aletes acaulis",-104.168635,30.64116,1928,6,1,"US","Aletes acaulis"
"1928791648","Aletes acaulis",-105.219989,39.669154,1921,6,3,"US","Aletes acaulis"
"1986949561","Aletes acaulis",-105.219,39.669,1921,6,3,"US","Aletes acaulis"
"3766333155","Aletes acaulis",-105.219743,39.669132,1921,6,3,"US","Aletes acaulis"
"1931191735","Aletes acaulis",-105.2386,39.732488,1916,6,4,"US","Aletes acaulis"
"2573338828","Aletes acaulis",-105.276943,39.932486,1909,7,2,"US","Aletes acaulis"
"2573338314","Aletes acaulis",-105.418615,40.026648,1906,7,14,"US","Aletes acaulis"
"2573341585","Aletes acaulis",-105.508328,40.072203,1906,7,7,"US","Aletes acaulis"
"2242363768","Aletes acaulis",-105.341415,39.927209,1906,8,20,"US","Aletes acaulis"
"2573339321","Aletes acaulis",-105.412571,40.001793,1903,6,8,"US","Aletes acaulis"
"1929130838","Aletes acaulis",-105.439949,40.068664,1902,8,NA,"US","Aletes acaulis"
"1929962851","Aletes acaulis",-105.439949,40.068664,1902,8,NA,"US","Aletes acaulis"
"1929249825","Aletes acaulis",-105.310291,40.013567,1901,6,25,"US","Aletes acaulis"
"2573338268","Aletes acaulis",-105.290042,39.99974,1901,6,8,"US","Aletes acaulis"
"2573339832","Aletes acaulis",-105.434398,40.042717,1901,8,16,"US","Aletes acaulis"
"2573338025","Aletes acaulis",-105.412571,40.001793,1900,9,8,"US","Aletes acaulis"
"1931193637","Aletes acaulis",-105.233611,39.875703,1896,5,23,"US","Aletes acaulis"
"1929075891","Aletes acaulis",-106.891416,34.0584,1895,8,10,"US","Aletes acaulis"
"1929272937","Aletes acaulis",-105.270546,40.014986,1895,9,2,"US","Aletes acaulis"
"1931186423","Aletes acaulis",-105.270546,40.014986,1895,9,3,"US","Aletes acaulis"
"1931022086","Aletes acaulis",-105.2211,39.755543,1892,4,30,"US","Aletes acaulis"
"1931012525","Aletes acaulis",-105.201064,39.743862,1885,7,1,"US","Aletes acaulis"
"1929081325","Aletes acaulis",-105.409607,40.063337,1882,8,NA,"US","Aletes acaulis"
"1931145294","Aletes acaulis",-104.861325,38.842582,1878,5,18,"US","Aletes acaulis"
"185829742","Aletes acaulis",-105.2391,39.9754,NA,NA,NA,"US","Aletes acaulis"
"185829743","Aletes acaulis",-105.3477,40.2265,NA,NA,NA,"US","Aletes acaulis"
"185829744","Aletes acaulis",-105.4363,40.0116,NA,NA,NA,"US","Aletes acaulis"
"185829745","Aletes acaulis",-105.3854,40.1683,NA,NA,NA,"US","Aletes acaulis"
"185829746","Aletes acaulis",-105.4011,39.7468,NA,NA,NA,"US","Aletes acaulis"
"185829747","Aletes acaulis",-105.3005,39.9947,NA,NA,NA,"US","Aletes acaulis"
"185829748","Aletes acaulis",-105.3127,40.0086,NA,NA,NA,"US","Aletes acaulis"
"185829749","Aletes acaulis",-105.3008,40.0086,NA,NA,NA,"US","Aletes acaulis"
"2573339209","Aletes acaulis",-105.19111,39.65359,NA,NA,NA,"US","Aletes acaulis"
