"","gbifID","species","longitude","latitude","year","month","day","countryCode"
"1",2974316267,"Amelanchier canadensis",-73.549826,45.533047,2020,5,19,"CA"
"2",2974324392,"Amelanchier canadensis",-73.56904,45.535998,2020,5,18,"CA"
"3",2974527938,"Amelanchier canadensis",-72.159788,45.286258,2020,5,31,"CA"
"4",2802818759,"Amelanchier canadensis",-75.255144,45.156793,2020,6,6,"CA"
"5",2974352331,"Amelanchier canadensis",-72.249073,45.300996,2020,6,13,"CA"
"6",2974363797,"Amelanchier canadensis",-73.280295,45.52556,2020,6,26,"CA"
"7",2974563588,"Amelanchier canadensis",-73.784075,45.641539,2020,6,7,"CA"
"8",2977924504,"Amelanchier canadensis",-73.595538,45.370984,2020,6,28,"CA"
"9",2974393672,"Amelanchier canadensis",-72.677194,46.611403,2020,7,4,"CA"
"10",2974403911,"Amelanchier canadensis",-73.673559,45.545239,2020,7,14,"CA"
"11",2974597447,"Amelanchier canadensis",-73.813184,45.450239,2020,7,1,"CA"
"12",2974599452,"Amelanchier canadensis",-71.296797,46.088058,2020,7,1,"CA"
"13",2974613982,"Amelanchier canadensis",-69.776868,47.601321,2020,7,15,"CA"
"14",2974631516,"Amelanchier canadensis",-69.437483,47.798115,2020,7,28,"CA"
"15",2974407106,"Amelanchier canadensis",-73.653885,45.57076,2020,8,19,"CA"
"16",2974420004,"Amelanchier canadensis",-73.65421,45.57083,2020,8,19,"CA"
"17",2974420418,"Amelanchier canadensis",-74.604865,45.625948,2020,8,24,"CA"
"18",2644967147,"Amelanchier canadensis",-73.611492,46.041274,2019,5,25,"CA"
"19",2644971736,"Amelanchier canadensis",-73.611159,46.041165,2019,5,24,"CA"
"20",2643613457,"Amelanchier canadensis",-73.757282,45.850904,2019,6,3,"CA"
"21",2643742222,"Amelanchier canadensis",-73.61213,45.545728,2019,6,27,"CA"
"22",2645013218,"Amelanchier canadensis",-71.0325,48.4125,2019,6,1,"CA"
"23",2645270348,"Amelanchier canadensis",-75.675215,45.42425,2019,6,30,"CA"
"24",2860147342,"Amelanchier canadensis",-65.018248,43.980404,2019,6,5,"CA"
"25",2643781353,"Amelanchier canadensis",-73.611615,46.041303,2019,7,6,"CA"
"26",2643906848,"Amelanchier canadensis",-64.697051,48.321906,2019,7,31,"CA"
"27",2645473797,"Amelanchier canadensis",-72.702702,46.490545,2019,7,25,"CA"
"28",2645520540,"Amelanchier canadensis",-73.803038,45.51161,2019,7,24,"CA"
"29",2645570631,"Amelanchier canadensis",-73.80294,45.511656,2019,7,24,"CA"
"30",2974477469,"Amelanchier canadensis",-71.299763,46.890657,2019,7,7,"CA"
"31",2643870247,"Amelanchier canadensis",-70.161372,47.689818,2019,8,1,"CA"
"32",2643947355,"Amelanchier canadensis",-71.3018,46.847001,2019,8,3,"CA"
"33",2644002975,"Amelanchier canadensis",-79.14502,48.185032,2019,8,15,"CA"
"34",2645381207,"Amelanchier canadensis",-75.313173,46.494581,2019,8,2,"CA"
"35",2644648446,"Amelanchier canadensis",-73.705023,46.029196,2018,5,18,"CA"
"36",2644765262,"Amelanchier canadensis",-73.610884,46.041237,2018,7,1,"CA"
"37",1668788638,"Amelanchier canadensis",-66.650734,45.966245,2015,7,11,"CA"
"38",1248743545,"Amelanchier canadensis",-72.744856,45.472925,2011,5,9,"CA"
"39",1988179203,"Amelanchier canadensis",-123.2,49.3,2010,6,29,"CA"
"40",668795972,"Amelanchier canadensis",-68.80031,48.344582,2006,6,23,"CA"
"41",1248690094,"Amelanchier canadensis",-69.45,47.883333,2006,6,14,"CA"
"42",668795971,"Amelanchier canadensis",-68.799722,48.362222,2006,7,5,"CA"
"43",1803151354,"Amelanchier canadensis",-69.845833,47.531111,2003,5,27,"CA"
"44",1803151389,"Amelanchier canadensis",-69.845833,47.531111,2003,5,27,"CA"
"45",2250593837,"Amelanchier canadensis",-79.4085,45.1846,1994,5,24,"CA"
"46",2305165516,"Amelanchier canadensis",-79.41,45.18,1994,5,24,"CA"
"47",2310743459,"Amelanchier canadensis",-79.41,45.18,1994,5,24,"CA"
"48",1849116632,"Amelanchier canadensis",-76.043889,44.545556,1988,8,16,"CA"
"49",1820372942,"Amelanchier canadensis",-60.946944,46.181667,1986,5,21,"CA"
"50",1988078048,"Amelanchier canadensis",-123.13,49.24,1983,4,12,"CA"
"51",1804550044,"Amelanchier canadensis",-79.533333,45,1980,6,16,"CA"
"52",1929773590,"Amelanchier canadensis",-68.1361,48.625,1978,7,8,"CA"
"53",2250593502,"Amelanchier canadensis",-80.2643,43.1394,1973,12,5,"CA"
"54",2307921821,"Amelanchier canadensis",-80.26,43.14,1973,12,5,"CA"
"55",2311124411,"Amelanchier canadensis",-80.26,43.14,1973,12,5,"CA"
"56",668795973,"Amelanchier canadensis",-64.5125,48.398611,1971,6,12,"CA"
"57",668795963,"Amelanchier canadensis",-61.888333,47.351944,1967,6,24,"CA"
"58",465897785,"Amelanchier canadensis",-75.87862,45.943316,1966,5,26,"CA"
"59",1261967969,"Amelanchier canadensis",-68.873122,48.30781,1966,6,18,"CA"
"60",668795962,"Amelanchier canadensis",-61.5,47.783333,1964,7,24,"CA"
"61",668795964,"Amelanchier canadensis",-61.5,47.783333,1964,7,24,"CA"
"62",668795969,"Amelanchier canadensis",-61.5,47.783333,1964,7,24,"CA"
"63",1261986852,"Amelanchier canadensis",-69.3,47.7,1964,8,31,"CA"
"64",668795958,"Amelanchier canadensis",-73.633333,45.7,1963,5,16,"CA"
"65",1261962603,"Amelanchier canadensis",-69.95,48.733333,1962,8,6,"CA"
"66",465897778,"Amelanchier canadensis",-64.916667,45.833333,1961,7,28,"CA"
"67",465897780,"Amelanchier canadensis",-64.916667,45.833333,1961,7,28,"CA"
"68",1807220930,"Amelanchier canadensis",-60.08623,45.96828,1959,7,12,"CA"
"69",1261986825,"Amelanchier canadensis",-70.82,45.49,1958,6,18,"CA"
"70",1261986891,"Amelanchier canadensis",-70.82,45.49,1958,6,18,"CA"
"71",1261955622,"Amelanchier canadensis",-69.949444,47.7575,1957,7,17,"CA"
"72",668795968,"Amelanchier canadensis",-70.390556,47.4,1957,8,4,"CA"
"73",1261957195,"Amelanchier canadensis",-70.329891,47.41756,1957,8,4,"CA"
"74",1261954668,"Amelanchier canadensis",-76.016667,45.533333,1956,5,23,"CA"
"75",1807221051,"Amelanchier canadensis",-63.97498,45.79719,1956,5,31,"CA"
"76",2859321088,"Amelanchier canadensis",-68.656431,48.366658,1955,6,12,"CA"
"77",1261952960,"Amelanchier canadensis",-72.918704,45.631018,1954,5,28,"CA"
"78",1261952967,"Amelanchier canadensis",-72.918704,45.631018,1954,5,28,"CA"
"79",1261986824,"Amelanchier canadensis",-72.918704,45.631018,1954,5,28,"CA"
"80",1261986861,"Amelanchier canadensis",-72.918704,45.631018,1954,5,28,"CA"
"81",1804444950,"Amelanchier canadensis",-75.755278,45.4069439990569,1953,5,10,"CA"
"82",1261986847,"Amelanchier canadensis",-70.946944,45.551667,1953,8,6,"CA"
"83",2265430345,"Amelanchier canadensis",-79.87139,42.93444,1951,8,11,"CA"
"84",620531266,"Amelanchier canadensis",-60.53534,46.28149,1948,8,4,"CA"
"85",668795974,"Amelanchier canadensis",-67.302222,49.421944,1946,9,7,"CA"
"86",668795960,"Amelanchier canadensis",-71.290556,46.749722,1940,5,28,"CA"
"87",1261948966,"Amelanchier canadensis",-66.95,47.966667,1940,6,5,"CA"
"88",1261948970,"Amelanchier canadensis",-64.239722,48.521389,1940,6,9,"CA"
"89",465897777,"Amelanchier canadensis",-73.121567,45.040893,1940,9,22,"CA"
"90",668795959,"Amelanchier canadensis",-71.25,46.766667,1939,5,25,"CA"
"91",465897790,"Amelanchier canadensis",-64.49592,45.07662,1939,7,21,"CA"
"92",1804573750,"Amelanchier canadensis",-75.511667,45.392778,1938,5,24,"CA"
"93",1807220935,"Amelanchier canadensis",-61.3839,45.22509,1937,7,10,"CA"
"94",465897788,"Amelanchier canadensis",-64.49592,45.07662,1934,7,21,"CA"
"95",1261975599,"Amelanchier canadensis",-73.233333,45.85,1933,5,23,"CA"
"96",1261996705,"Amelanchier canadensis",-73.233333,45.85,1933,5,14,"CA"
"97",668795957,"Amelanchier canadensis",-70,47.35,1933,6,15,"CA"
"98",699270784,"Amelanchier canadensis",-76.75,45.85,1933,8,14,"CA"
"99",1807221157,"Amelanchier canadensis",-60.14989,47.202882,1929,7,22,"CA"
"100",668795967,"Amelanchier canadensis",-68.863056,48.4,1927,6,28,"CA"
"101",1807221147,"Amelanchier canadensis",-65.22832,43.82095,1927,7,13,"CA"
"102",465897774,"Amelanchier canadensis",-74.30225,45.479211,1925,5,13,"CA"
"103",668795965,"Amelanchier canadensis",-62.6,49.616667,1925,7,28,"CA"
"104",668795966,"Amelanchier canadensis",-62.6,49.616667,1925,7,28,"CA"
"105",465897787,"Amelanchier canadensis",-75.755,45.392778,1920,5,15,"CA"
"106",1804449909,"Amelanchier canadensis",-65.066667,44.95,1920,7,21,"CA"
"107",1804467374,"Amelanchier canadensis",-63.4,45.083333,1920,7,19,"CA"
"108",1931280657,"Amelanchier canadensis",-65.066667,44.95,1920,7,21,"CA"
"109",1804568159,"Amelanchier canadensis",-61.866667,47.383333,1912,7,22,"CA"
"110",1804585076,"Amelanchier canadensis",-61.866667,47.383333,1912,8,13,"CA"
"111",1804597766,"Amelanchier canadensis",-75.676389,45.450556,1911,5,18,"CA"
"112",438850780,"Amelanchier canadensis",-75.678,45.45,1910,5,12,"CA"
"113",465897783,"Amelanchier canadensis",-63.6862,46.526242,1904,7,20,"CA"
"114",437518823,"Amelanchier canadensis",-73.70779,45.49928,1903,5,1,"CA"
"115",442647915,"Amelanchier canadensis",-81.18288,42.77681,1902,5,15,"CA"
"116",465897781,"Amelanchier canadensis",-61.00746,45.33549,1901,7,30,"CA"
"117",473545310,"Amelanchier canadensis",-73.6,45.5,1900,6,10,"CA"
"118",1804556902,"Amelanchier canadensis",-75.7,45.416667,1891,5,14,"CA"
"119",473545325,"Amelanchier canadensis",-73.6,45.5,1886,5,NA,"CA"
"120",473545312,"Amelanchier canadensis",-73.6,45.5,1886,6,NA,"CA"
"121",473545314,"Amelanchier canadensis",-73.6,45.5,1874,5,30,"CA"
"122",686183015,"Amelanchier canadensis",-64.367431,45.086472,NA,NA,NA,"CA"
"123",686183055,"Amelanchier canadensis",-64.36848,45.08698,NA,NA,NA,"CA"
"124",686183220,"Amelanchier canadensis",-64.368454,45.087406,NA,NA,NA,"CA"
"125",2561516862,"Amelanchier canadensis",-123.25081,49.25408,NA,NA,NA,"CA"
"126",2561516902,"Amelanchier canadensis",-123.25081,49.25408,NA,NA,NA,"CA"
"127",3109028704,"Amelanchier canadensis",-71.438989,41.964156,2021,4,20,"US"
"128",3109352304,"Amelanchier canadensis",-74.933673,39.567525,2021,4,27,"US"
"129",3109360332,"Amelanchier canadensis",-74.933673,39.567525,2021,4,27,"US"
"130",3117754284,"Amelanchier canadensis",-71.996697,42.461406,2021,5,15,"US"
"131",2974291691,"Amelanchier canadensis",-87.351831,35.908493,2020,4,11,"US"
"132",2626321408,"Amelanchier canadensis",-70.021903,41.715033,2020,5,8,"US"
"133",2634053622,"Amelanchier canadensis",-72.986122,40.691914,2020,5,24,"US"
"134",2634070658,"Amelanchier canadensis",-72.985847,40.692215,2020,5,24,"US"
"135",2634089764,"Amelanchier canadensis",-72.988777,40.690315,2020,5,24,"US"
"136",2856621384,"Amelanchier canadensis",-72.986878,40.691372,2020,5,24,"US"
"137",2974508304,"Amelanchier canadensis",-71.416129,43.156437,2020,5,11,"US"
"138",2975279930,"Amelanchier canadensis",-77.023223,38.946239,2020,5,27,"US"
"139",2974353195,"Amelanchier canadensis",-87.777077,41.885167,2020,6,20,"US"
"140",2974357019,"Amelanchier canadensis",-71.100114,42.377869,2020,6,17,"US"
"141",2974365128,"Amelanchier canadensis",-77.999632,39.927984,2020,6,13,"US"
"142",2974382669,"Amelanchier canadensis",-87.735508,41.958011,2020,6,25,"US"
"143",2974543492,"Amelanchier canadensis",-77.134119,38.875433,2020,6,7,"US"
"144",2974545748,"Amelanchier canadensis",-67.863314,44.535456,2020,6,16,"US"
"145",2974579223,"Amelanchier canadensis",-74.549111,40.664118,2020,6,21,"US"
"146",2975135808,"Amelanchier canadensis",-74.304205,40.800965,2020,6,11,"US"
"147",2977176480,"Amelanchier canadensis",-71.107634,42.357766,2020,6,14,"US"
"148",2977428387,"Amelanchier canadensis",-88.211732,42.453763,2020,6,23,"US"
"149",2974380638,"Amelanchier canadensis",-77.610454,43.216171,2020,7,12,"US"
"150",2974401257,"Amelanchier canadensis",-71.312136,42.879939,2020,7,15,"US"
"151",2974573150,"Amelanchier canadensis",-88.126257,42.158415,2020,7,8,"US"
"152",2974402288,"Amelanchier canadensis",-73.878824,40.86285,2020,8,7,"US"
"153",2963770005,"Amelanchier canadensis",-74.530472,39.87933,2020,10,24,"US"
"154",2237455977,"Amelanchier canadensis",-74.564202,39.377597,2019,4,20,"US"
"155",2238825438,"Amelanchier canadensis",-78.978553,35.212545,2019,4,26,"US"
"156",2242761818,"Amelanchier canadensis",-78.978564,35.212131,2019,4,26,"US"
"157",2644925767,"Amelanchier canadensis",-89.085825,41.441331,2019,4,25,"US"
"158",3070487591,"Amelanchier canadensis",-75.085189,39.681211,2019,4,13,"US"
"159",2251945839,"Amelanchier canadensis",-84.791253,36.060117,2019,5,28,"US"
"160",2540729649,"Amelanchier canadensis",-84.791262,36.060167,2019,5,28,"US"
"161",2640547349,"Amelanchier canadensis",-84.791253,36.060117,2019,5,28,"US"
"162",2643607072,"Amelanchier canadensis",-77.189331,37.747894,2019,5,31,"US"
"163",2645006236,"Amelanchier canadensis",-71.517528,44.251358,2019,5,26,"US"
"164",2645095968,"Amelanchier canadensis",-73.797264,41.042802,2019,6,7,"US"
"165",2643809765,"Amelanchier canadensis",-72.943106,44.320086,2019,7,3,"US"
"166",2517957244,"Amelanchier canadensis",-84.64975,36.395697,2019,9,22,"US"
"167",2517957537,"Amelanchier canadensis",-84.650345,36.396753,2019,9,22,"US"
"168",1837079825,"Amelanchier canadensis",-74.1736,40.6245,2018,3,20,"US"
"169",1841228756,"Amelanchier canadensis",-73.891175,40.9005,2018,4,28,"US"
"170",1848756327,"Amelanchier canadensis",-85.641083,34.36667,2018,5,20,"US"
"171",1848802701,"Amelanchier canadensis",-73.926874,40.791897,2018,6,3,"US"
"172",2643505280,"Amelanchier canadensis",-70.547913,43.34697,2018,7,4,"US"
"173",1500264670,"Amelanchier canadensis",-74.23089,40.540653,2017,4,17,"US"
"174",1500265128,"Amelanchier canadensis",-74.081339,40.590657,2017,4,17,"US"
"175",1500279854,"Amelanchier canadensis",-77.313731,39.708219,2017,4,17,"US"
"176",1500323655,"Amelanchier canadensis",-75.160291,38.198552,2017,4,23,"US"
"177",2802920325,"Amelanchier canadensis",-74.536076,39.496063,2017,4,21,"US"
"178",1265579450,"Amelanchier canadensis",-74.487804,40.712492,2016,4,16,"US"
"179",1929805184,"Amelanchier canadensis",-71.86462,41.07085,2016,4,23,"US"
"180",2268817400,"Amelanchier canadensis",-90.261111,38.610278,2016,4,15,"US"
"181",1270751626,"Amelanchier canadensis",-72.73493,41.264705,2016,5,7,"US"
"182",1270751649,"Amelanchier canadensis",-72.73493,41.264705,2016,5,11,"US"
"183",2802919310,"Amelanchier canadensis",-74.083094,39.896057,2016,5,11,"US"
"184",1098896098,"Amelanchier canadensis",-74.271933,40.43317,2015,4,28,"US"
"185",1928579823,"Amelanchier canadensis",-73.954719,40.795283,2015,4,21,"US"
"186",1929871242,"Amelanchier canadensis",-73.954819,40.798092,2015,4,22,"US"
"187",1928140937,"Amelanchier canadensis",-75.4628,38.2628,2015,5,26,"US"
"188",1928514776,"Amelanchier canadensis",-75.6389,38.0364,2015,5,31,"US"
"189",1930322510,"Amelanchier canadensis",-71.92975,41.07472,2015,5,10,"US"
"190",1927920189,"Amelanchier canadensis",-75.32,38.4656,2015,6,3,"US"
"191",1929994591,"Amelanchier canadensis",-75.0558,38.4978,2015,6,5,"US"
"192",1930230841,"Amelanchier canadensis",-75.3944,38.7494,2015,6,6,"US"
"193",1930696122,"Amelanchier canadensis",-73.960561,40.795792,2014,4,26,"US"
"194",1702454765,"Amelanchier canadensis",-74.333335,40.439867,2014,5,24,"US"
"195",1849143034,"Amelanchier canadensis",-72.1041,40.981,2014,5,10,"US"
"196",1927933247,"Amelanchier canadensis",-67.099797,44.733422,2014,5,22,"US"
"197",1929127525,"Amelanchier canadensis",-73.965752,40.777958,2014,5,2,"US"
"198",2840557007,"Amelanchier canadensis",-74.094357,39.803327,2014,6,20,"US"
"199",2859078458,"Amelanchier canadensis",-77.247131,39.007875,2013,4,14,"US"
"200",1212013893,"Amelanchier canadensis",-71.74523,41.98193,2013,5,4,"US"
"201",1258035337,"Amelanchier canadensis",-90.26,38.611111,2013,5,8,"US"
"202",1030500424,"Amelanchier canadensis",-84.471067,42.7188,2013,7,9,"US"
"203",1990228556,"Amelanchier canadensis",-77.644028,34.581722,2012,4,9,"US"
"204",1928776949,"Amelanchier canadensis",-73.80225,40.829181,2011,4,30,"US"
"205",1930855783,"Amelanchier canadensis",-75.6783,39.1692,2011,4,23,"US"
"206",415993077,"Amelanchier canadensis",-72.19166,41.76666,2011,5,1,"US"
"207",1929582563,"Amelanchier canadensis",-75.6447,38.6219,2011,5,2,"US"
"208",2988354765,"Amelanchier canadensis",-76.799137,37.31958,2011,5,20,"US"
"209",415996731,"Amelanchier canadensis",-72.2825,41.81222,2011,6,12,"US"
"210",1929982797,"Amelanchier canadensis",-73.827083,43.542375,2011,6,18,"US"
"211",1038966335,"Amelanchier canadensis",-72.95791,41.3928,2009,4,26,"US"
"212",1928906323,"Amelanchier canadensis",-75.88523,38.48259,2009,4,8,"US"
"213",1929353596,"Amelanchier canadensis",-75.83394,39.05632,2009,4,8,"US"
"214",1929430608,"Amelanchier canadensis",-75.91554,38.83076,2009,4,8,"US"
"215",1930492738,"Amelanchier canadensis",-75.00697,39.221767,2009,4,19,"US"
"216",1930720042,"Amelanchier canadensis",-75.82163,38.5515,2009,4,8,"US"
"217",1930930883,"Amelanchier canadensis",-75.94648,38.89474,2009,4,10,"US"
"218",1930979948,"Amelanchier canadensis",-75.6611,39.1939,2009,4,17,"US"
"219",1931122118,"Amelanchier canadensis",-75.00547,39.228617,2009,4,19,"US"
"220",1931199094,"Amelanchier canadensis",-75.74567,38.75897,2009,4,13,"US"
"221",1931231857,"Amelanchier canadensis",-74.99639,39.365483,2009,4,19,"US"
"222",1038990080,"Amelanchier canadensis",-72.969416,41.3605,2009,5,10,"US"
"223",1930254833,"Amelanchier canadensis",-75.6611,39.1939,2009,5,31,"US"
"224",2242420277,"Amelanchier canadensis",-105.3477,39.408534,2009,5,17,"US"
"225",1990006633,"Amelanchier canadensis",-84.155681,36.53745,2008,4,11,"US"
"226",2859507307,"Amelanchier canadensis",-73.616101,41.452797,2008,4,17,"US"
"227",1930421100,"Amelanchier canadensis",-76.4846,42.443039,2007,4,29,"US"
"228",1929620682,"Amelanchier canadensis",-76.477908,42.450769,2007,5,8,"US"
"229",699273588,"Amelanchier canadensis",-71.53333,42.3,2005,5,3,"US"
"230",1929288083,"Amelanchier canadensis",-75.164255,38.174805,2005,5,29,"US"
"231",2595764902,"Amelanchier canadensis",-74.5307,39.7789,2004,4,27,"US"
"232",1990006866,"Amelanchier canadensis",-87.265132,35.462076,2004,5,17,"US"
"233",415927511,"Amelanchier canadensis",-72.51388,41.81333,2003,4,28,"US"
"234",699271437,"Amelanchier canadensis",-70.54527,43.38388,2003,5,13,"US"
"235",1321457196,"Amelanchier canadensis",-76.8958,38.5708,2003,10,17,"US"
"236",415923901,"Amelanchier canadensis",-72.50388,41.79527,2002,4,19,"US"
"237",415923916,"Amelanchier canadensis",-72.50138,41.79527,2002,4,18,"US"
"238",2430683073,"Amelanchier canadensis",-72.119167,41.201944,2002,5,2,"US"
"239",1930363100,"Amelanchier canadensis",-68.0656,44.39458,2002,6,25,"US"
"240",2573124691,"Amelanchier canadensis",-68.08901,44.37706,2002,6,25,"US"
"241",3051422304,"Amelanchier canadensis",-68.0656,44.3944,2002,6,25,"US"
"242",1990006594,"Amelanchier canadensis",-87.178698,35.128413,2001,5,12,"US"
"243",699270751,"Amelanchier canadensis",-72.25361,41.80916,2001,6,19,"US"
"244",1322897022,"Amelanchier canadensis",-76.8856,39.0617,2001,6,16,"US"
"245",1849177685,"Amelanchier canadensis",-80.4681,33.4965,2001,7,12,"US"
"246",1849174748,"Amelanchier canadensis",-81.0951,34.0858,2000,3,7,"US"
"247",2417997098,"Amelanchier canadensis",-81.164167,34.149444,2000,3,7,"US"
"248",2825495483,"Amelanchier canadensis",-78.318899,35.690793,2000,4,9,"US"
"249",415946844,"Amelanchier canadensis",-72.18638,41.7575,1999,3,2,"US"
"250",699270740,"Amelanchier canadensis",-72.73694,41.45833,1999,4,19,"US"
"251",1932897874,"Amelanchier canadensis",-74.358611,40.19,1999,4,21,"US"
"252",415946378,"Amelanchier canadensis",-72.70194,41.905,1998,4,16,"US"
"253",699270771,"Amelanchier canadensis",-74.25555,40.22638,1998,4,8,"US"
"254",699270772,"Amelanchier canadensis",-74.63583,40.68416,1998,4,6,"US"
"255",56513641,"Amelanchier canadensis",-86.69917,33.99667,1998,5,23,"US"
"256",699270699,"Amelanchier canadensis",-73.47833,41.75472,1998,6,11,"US"
"257",1258528919,"Amelanchier canadensis",-77.08277,34.92555,1998,10,22,"US"
"258",699270744,"Amelanchier canadensis",-73.45277,41.25666,1997,4,22,"US"
"259",1988140083,"Amelanchier canadensis",-80.7,47.3,1996,4,20,"US"
"260",2242411282,"Amelanchier canadensis",-104.961468,39.732207,1996,4,30,"US"
"261",2242415251,"Amelanchier canadensis",-104.961468,39.732207,1996,4,30,"US"
"262",415946314,"Amelanchier canadensis",-72.07833,41.35,1996,6,14,"US"
"263",1932898793,"Amelanchier canadensis",-74.668611,40.213333,1995,4,20,"US"
"264",2859354012,"Amelanchier canadensis",-84.317735,38.891463,1994,4,15,"US"
"265",699270774,"Amelanchier canadensis",-70.66722,41.95833,1993,7,27,"US"
"266",1261376762,"Amelanchier canadensis",-90.25,38.6,1992,10,9,"US"
"267",1820373024,"Amelanchier canadensis",-70.533333,43.366667,1991,11,5,"US"
"268",1820373199,"Amelanchier canadensis",-70.533333,43.366667,1991,11,5,"US"
"269",56512747,"Amelanchier canadensis",-87.73639,33.64389,1989,4,1,"US"
"270",1317256795,"Amelanchier canadensis",-77.0011,38.7611,1989,4,17,"US"
"271",1318481460,"Amelanchier canadensis",-76.9406,38.9058,1989,4,10,"US"
"272",1322276296,"Amelanchier canadensis",-77.0067,38.8169,1989,4,3,"US"
"273",1261388882,"Amelanchier canadensis",-90.25861,38.61083,1989,8,21,"US"
"274",56512743,"Amelanchier canadensis",-87.70916,34.8075,1988,4,9,"US"
"275",1038925409,"Amelanchier canadensis",-72.1749,41.5453,1988,5,7,"US"
"276",1269705711,"Amelanchier canadensis",-75.75,38.283001,1988,5,10,"US"
"277",56511737,"Amelanchier canadensis",-86.41888,32.8175,1987,3,20,"US"
"278",699270675,"Amelanchier canadensis",-73.27194,41.17583,1985,4,23,"US"
"279",1038938830,"Amelanchier canadensis",-73.2735,41.1779,1985,4,24,"US"
"280",2242412157,"Amelanchier canadensis",-104.961468,39.732207,1985,4,17,"US"
"281",1990006571,"Amelanchier canadensis",-83.694939,36.576792,1985,5,3,"US"
"282",699270767,"Amelanchier canadensis",-71.94444,41.46,1985,6,11,"US"
"283",1038972424,"Amelanchier canadensis",-72.7986,41.2858,1985,6,6,"US"
"284",1990006878,"Amelanchier canadensis",-83.520958,36.668593,1984,10,1,"US"
"285",699270674,"Amelanchier canadensis",-73.12916,41.25583,1983,5,25,"US"
"286",699270684,"Amelanchier canadensis",-72.87916,41.86055,1983,5,11,"US"
"287",606656401,"Amelanchier canadensis",-71.82868,41.7076,1983,6,4,"US"
"288",2859352841,"Amelanchier canadensis",-75.466799,39.678349,1982,4,19,"US"
"289",699270746,"Amelanchier canadensis",-72.23361,41.76305,1982,5,6,"US"
"290",2242410268,"Amelanchier canadensis",-104.961468,39.732207,1982,5,1,"US"
"291",699270773,"Amelanchier canadensis",-70.86138,42.88722,1982,6,9,"US"
"292",606658088,"Amelanchier canadensis",-72.78861,41.95388,1981,4,20,"US"
"293",699270681,"Amelanchier canadensis",-72.94777,41.59638,1981,4,28,"US"
"294",699270682,"Amelanchier canadensis",-73.36638,41.87361,1981,4,29,"US"
"295",699270683,"Amelanchier canadensis",-72.94777,41.59638,1981,4,28,"US"
"296",699270766,"Amelanchier canadensis",-72.60805,41.71222,1981,4,2,"US"
"297",699270745,"Amelanchier canadensis",-72.12194,41.87305,1981,5,7,"US"
"298",699270764,"Amelanchier canadensis",-72.27694,41.78666,1981,5,3,"US"
"299",699270765,"Amelanchier canadensis",-72.28055,41.78416,1981,5,3,"US"
"300",699270685,"Amelanchier canadensis",-84.10722,42.48777,1980,5,5,"US"
"301",699270726,"Amelanchier canadensis",-72.16722,41.9275,1980,5,9,"US"
"302",699270769,"Amelanchier canadensis",-73.42111,41.98333,1980,5,5,"US"
"303",699270788,"Amelanchier canadensis",-73.06611,40.81666,1980,5,3,"US"
"304",2573053546,"Amelanchier canadensis",-71.90669,41.3683,1980,5,24,"US"
"305",2573077965,"Amelanchier canadensis",-71.20268,42.50215,1980,5,4,"US"
"306",699270686,"Amelanchier canadensis",-72.00972,41.33194,1979,5,30,"US"
"307",1030447132,"Amelanchier canadensis",-86.2,42.9,1979,5,31,"US"
"308",2575160075,"Amelanchier canadensis",-72.43,42.31,1979,5,2,"US"
"309",1030444311,"Amelanchier canadensis",-83.716667,43.6,1979,6,7,"US"
"310",699270762,"Amelanchier canadensis",-72.25,41.80833,1978,4,23,"US"
"311",2234395204,"Amelanchier canadensis",-79.049009,35.913712,1978,4,2,"US"
"312",699270749,"Amelanchier canadensis",-71.8775,41.33972,1978,5,7,"US"
"313",415951001,"Amelanchier canadensis",-70.86138,42.88722,1978,6,7,"US"
"314",699270693,"Amelanchier canadensis",-72.24944,41.80833,1977,3,26,"US"
"315",1990006664,"Amelanchier canadensis",-85.585525,35.444388,1977,4,19,"US"
"316",415923755,"Amelanchier canadensis",-72.22944,41.78833,1977,5,1,"US"
"317",606653944,"Amelanchier canadensis",-72.24944,41.80833,1976,3,21,"US"
"318",699270754,"Amelanchier canadensis",-72.25,41.80833,1976,3,28,"US"
"319",699270755,"Amelanchier canadensis",-72.25,41.80833,1976,3,21,"US"
"320",415923753,"Amelanchier canadensis",-72.22027,41.81027,1976,4,23,"US"
"321",415952837,"Amelanchier canadensis",-72.25,41.80833,1976,4,26,"US"
"322",699270742,"Amelanchier canadensis",-72.25,41.80833,1976,4,20,"US"
"323",699270752,"Amelanchier canadensis",-72.25,41.80833,1976,4,19,"US"
"324",699270753,"Amelanchier canadensis",-72.25,41.80833,1976,4,12,"US"
"325",699270761,"Amelanchier canadensis",-72.25,41.80833,1976,4,4,"US"
"326",699270768,"Amelanchier canadensis",-72.34166,41.47611,1976,4,23,"US"
"327",699270792,"Amelanchier canadensis",-71.09527,42.52555,1976,4,24,"US"
"328",2423886382,"Amelanchier canadensis",-72.341194,41.47621,1976,4,23,"US"
"329",699270756,"Amelanchier canadensis",-72.25,41.80833,1976,5,10,"US"
"330",699270757,"Amelanchier canadensis",-72.25,41.80833,1976,5,3,"US"
"331",699270759,"Amelanchier canadensis",-72.25,41.80833,1976,5,23,"US"
"332",699270741,"Amelanchier canadensis",-72.25,41.80833,1976,6,23,"US"
"333",699270758,"Amelanchier canadensis",-72.25,41.80833,1976,6,3,"US"
"334",699272969,"Amelanchier canadensis",-70.185,42.07444,1976,6,15,"US"
"335",699270691,"Amelanchier canadensis",-72.10666,41.84333,1975,5,14,"US"
"336",3053363255,"Amelanchier canadensis",-71.5031,41.3785,1975,6,16,"US"
"337",699270694,"Amelanchier canadensis",-72.65055,41.98166,1975,7,16,"US"
"338",699270791,"Amelanchier canadensis",-71.84972,41.31361,1974,6,29,"US"
"339",699270696,"Amelanchier canadensis",-72.18777,41.87916,1973,5,1,"US"
"340",3053424759,"Amelanchier canadensis",-71.55145,41.48315,1972,5,12,"US"
"341",2573102014,"Amelanchier canadensis",-70.16808,44.09146,1971,5,22,"US"
"342",2859073332,"Amelanchier canadensis",-74.917919,40.07121,1970,5,6,"US"
"343",2859330351,"Amelanchier canadensis",-74.304214,40.36684,1970,5,6,"US"
"344",56511729,"Amelanchier canadensis",-85.89222,31.77555,1970,6,28,"US"
"345",2273373960,"Amelanchier canadensis",-82.703507,35.049198,1969,5,3,"US"
"346",2573063332,"Amelanchier canadensis",-70.36933,43.59248,1969,5,26,"US"
"347",415950991,"Amelanchier canadensis",-70.96666,42.8,1968,5,14,"US"
"348",1929206044,"Amelanchier canadensis",-73.119842,40.65445,1968,6,22,"US"
"349",1038923479,"Amelanchier canadensis",-72.3016,41.3219,1967,5,6,"US"
"350",2859320079,"Amelanchier canadensis",-74.358516,41.672069,1967,6,20,"US"
"351",699270790,"Amelanchier canadensis",-73.11333,40.65555,1967,7,6,"US"
"352",1929695696,"Amelanchier canadensis",-73.119842,40.65445,1966,5,12,"US"
"353",1990006876,"Amelanchier canadensis",-82.617123,37.530093,1964,5,21,"US"
"354",2859350066,"Amelanchier canadensis",-74.383899,39.752315,1964,6,16,"US"
"355",1978889529,"Amelanchier canadensis",-84.894988,43.386323,1963,2,23,"US"
"356",1978888850,"Amelanchier canadensis",-84.895328,43.400929,1963,5,4,"US"
"357",1978889040,"Amelanchier canadensis",-84.895328,43.400929,1963,5,4,"US"
"358",699270781,"Amelanchier canadensis",-73.43277,42.10166,1961,6,4,"US"
"359",2573116320,"Amelanchier canadensis",-71.15596,41.8365,1961,6,21,"US"
"360",2234394870,"Amelanchier canadensis",-79.658804,34.971684,1959,4,26,"US"
"361",699270789,"Amelanchier canadensis",-72.94888,40.805,1959,5,7,"US"
"362",699273818,"Amelanchier canadensis",-72.94888,40.805,1959,7,23,"US"
"363",2575160074,"Amelanchier canadensis",-88.9,40.6,1959,7,7,"US"
"364",1038978312,"Amelanchier canadensis",-72.8575,41.3818,1958,5,4,"US"
"365",2234394493,"Amelanchier canadensis",-76.555731,36.442631,1958,5,9,"US"
"366",2234395100,"Amelanchier canadensis",-76.485053,35.585079,1958,5,18,"US"
"367",2234395301,"Amelanchier canadensis",-77.802259,34.445448,1957,4,19,"US"
"368",2234395843,"Amelanchier canadensis",-76.502765,36.031287,1957,5,9,"US"
"369",2234393947,"Amelanchier canadensis",-78.378385,36.408387,1956,5,22,"US"
"370",2859060075,"Amelanchier canadensis",-78.055961,36.009927,1956,5,1,"US"
"371",1038921490,"Amelanchier canadensis",-72.992468,41.320997,1955,4,23,"US"
"372",1990006656,"Amelanchier canadensis",-83.686041,36.329935,1955,7,27,"US"
"373",1929714536,"Amelanchier canadensis",-73.685408,41.258983,1954,4,26,"US"
"374",1318696300,"Amelanchier canadensis",-78.0292,38.3419,1953,3,29,"US"
"375",1320669561,"Amelanchier canadensis",-78.0292,38.3419,1953,3,29,"US"
"376",1322569368,"Amelanchier canadensis",-77.0972,38.8858,1953,3,29,"US"
"377",1321598283,"Amelanchier canadensis",-77.0972,38.8858,1953,4,5,"US"
"378",1990006621,"Amelanchier canadensis",-84.152502,35.805637,1953,5,22,"US"
"379",699270770,"Amelanchier canadensis",-71.83277,42.33333,1952,4,30,"US"
"380",1038934550,"Amelanchier canadensis",-72.8042,41.4591,1952,4,26,"US"
"381",1322420756,"Amelanchier canadensis",-76.9639,38.2544,1951,4,14,"US"
"382",2859065059,"Amelanchier canadensis",-81.526021,38.219897,1951,4,28,"US"
"383",1320820355,"Amelanchier canadensis",-76.9036,38.8386,1951,5,27,"US"
"384",699270760,"Amelanchier canadensis",-72.72722,41.94111,1951,7,28,"US"
"385",1930414736,"Amelanchier canadensis",-95.306445,34.812281,1950,3,15,"US"
"386",1038954055,"Amelanchier canadensis",-72.6788,41.9945,1950,5,13,"US"
"387",2859363414,"Amelanchier canadensis",-74.562377,40.020015,1950,6,25,"US"
"388",699270692,"Amelanchier canadensis",-72.23361,41.76305,1949,4,1,"US"
"389",1990006672,"Amelanchier canadensis",-87.370708,36.200703,1949,4,20,"US"
"390",699270807,"Amelanchier canadensis",-84.46666,45.52638,1949,6,27,"US"
"391",1318283530,"Amelanchier canadensis",-76.8,39.0667,1949,11,9,"US"
"392",1990006674,"Amelanchier canadensis",-85.34789,35.658638,1947,4,3,"US"
"393",1928517436,"Amelanchier canadensis",-71.857288,41.072046,1947,6,22,"US"
"394",1318267458,"Amelanchier canadensis",-77.3067,38.8461,1946,3,31,"US"
"395",1322645230,"Amelanchier canadensis",-77.3067,38.8461,1946,3,24,"US"
"396",1320773902,"Amelanchier canadensis",-77.3067,38.8461,1946,4,21,"US"
"397",2859068082,"Amelanchier canadensis",-72.63399,43.8334,1945,5,10,"US"
"398",1928815787,"Amelanchier canadensis",-76.886672,39.003473,1943,4,29,"US"
"399",699270786,"Amelanchier canadensis",-71.41333,41.99972,1942,5,8,"US"
"400",699270785,"Amelanchier canadensis",-71.41333,41.99972,1942,6,14,"US"
"401",1319736296,"Amelanchier canadensis",-77.0972,38.8858,1942,6,12,"US"
"402",1929037692,"Amelanchier canadensis",-73.877023,40.862289,1941,4,28,"US"
"403",1990006807,"Amelanchier canadensis",-83.516644,38.423738,1941,4,22,"US"
"404",2423885547,"Amelanchier canadensis",-94.68273,37.024428,1941,4,10,"US"
"405",1321556770,"Amelanchier canadensis",-77.0569,38.7764,1941,5,18,"US"
"406",2234393965,"Amelanchier canadensis",-79.046274,35.91963,1941,5,19,"US"
"407",2234394871,"Amelanchier canadensis",-79.046274,35.91963,1941,5,23,"US"
"408",2234396273,"Amelanchier canadensis",-79.046274,35.91963,1941,5,19,"US"
"409",1990006643,"Amelanchier canadensis",-85.244132,35.759234,1941,7,23,"US"
"410",2234392865,"Amelanchier canadensis",-79.055136,35.837188,1940,4,11,"US"
"411",2857038338,"Amelanchier canadensis",-94.689939,34.131219,1940,4,14,"US"
"412",699270738,"Amelanchier canadensis",-72.25,41.80833,1940,5,17,"US"
"413",1317567560,"Amelanchier canadensis",-77.8667,38.8167,1940,5,6,"US"
"414",1320534589,"Amelanchier canadensis",-77.8667,38.8167,1940,5,6,"US"
"415",1321905895,"Amelanchier canadensis",-77.8667,38.8167,1940,5,6,"US"
"416",699270710,"Amelanchier canadensis",-72.37833,41.93166,1940,6,15,"US"
"417",699270729,"Amelanchier canadensis",-72.33194,41.57555,1940,7,13,"US"
"418",1990006822,"Amelanchier canadensis",-85.262461,37.515621,1939,4,7,"US"
"419",699270737,"Amelanchier canadensis",-72.03361,41.34555,1939,5,29,"US"
"420",1990006635,"Amelanchier canadensis",-83.92036,35.947771,1939,5,13,"US"
"421",1990006818,"Amelanchier canadensis",-83.593077,38.40503,1939,6,30,"US"
"422",2859065740,"Amelanchier canadensis",-68.207126,44.398574,1939,7,21,"US"
"423",2234392905,"Amelanchier canadensis",-79.048967,35.91373,1938,3,19,"US"
"424",2234395373,"Amelanchier canadensis",-79.049009,35.913712,1938,3,19,"US"
"425",2234397394,"Amelanchier canadensis",-79.049009,35.913712,1938,3,19,"US"
"426",1319799857,"Amelanchier canadensis",-77.1553,38.6675,1938,4,10,"US"
"427",2859324085,"Amelanchier canadensis",-74.193058,39.835623,1938,6,13,"US"
"428",2859350067,"Amelanchier canadensis",-77.642782,38.942332,1937,4,11,"US"
"429",1038936109,"Amelanchier canadensis",-72.3016,41.3219,1937,5,6,"US"
"430",1317705029,"Amelanchier canadensis",-77.0972,38.8858,1937,5,27,"US"
"431",1319310337,"Amelanchier canadensis",-77.0906,38.8806,1936,4,24,"US"
"432",2859322093,"Amelanchier canadensis",-75.224862,39.695082,1936,4,29,"US"
"433",2859323074,"Amelanchier canadensis",-75.375725,39.59094,1936,4,29,"US"
"434",2859354065,"Amelanchier canadensis",-82.409038,38.39964,1936,4,12,"US"
"435",1038957854,"Amelanchier canadensis",-72.3438,41.3965,1936,5,2,"US"
"436",1990006622,"Amelanchier canadensis",-83.725237,36.288385,1936,7,17,"US"
"437",699270719,"Amelanchier canadensis",-72.33944,41.78444,1935,5,12,"US"
"438",699270721,"Amelanchier canadensis",-72.33944,41.78444,1935,5,12,"US"
"439",1930383432,"Amelanchier canadensis",-73.451288,40.673574,1935,6,20,"US"
"440",1990006616,"Amelanchier canadensis",-85.077028,35.607214,1935,6,30,"US"
"441",1990006614,"Amelanchier canadensis",-85.042888,35.995342,1935,7,7,"US"
"442",699270701,"Amelanchier canadensis",-72.11027,41.37861,1934,5,15,"US"
"443",699270798,"Amelanchier canadensis",-71.13694,42.65833,1934,5,5,"US"
"444",699270695,"Amelanchier canadensis",-72.07833,41.35,1934,6,20,"US"
"445",1990006642,"Amelanchier canadensis",-84.119947,36.382885,1934,7,26,"US"
"446",699270795,"Amelanchier canadensis",-73.20361,42.71194,1934,9,5,"US"
"447",2242410267,"Amelanchier canadensis",-86.431987,39.513743,1933,4,2,"US"
"448",1929530771,"Amelanchier canadensis",-74.450986,40.63788,1933,5,1,"US"
"449",1930827565,"Amelanchier canadensis",-74.450986,40.63788,1933,5,1,"US"
"450",1990006629,"Amelanchier canadensis",-83.581989,35.657364,1932,4,20,"US"
"451",699270676,"Amelanchier canadensis",-73.40944,41.4825,1932,5,3,"US"
"452",699270677,"Amelanchier canadensis",-72.10222,42.21388,1932,5,11,"US"
"453",699270717,"Amelanchier canadensis",-72.07833,41.35,1932,5,26,"US"
"454",699270733,"Amelanchier canadensis",-71.94444,41.46,1932,5,12,"US"
"455",699270716,"Amelanchier canadensis",-72.21666,42.01666,1932,6,25,"US"
"456",699270734,"Amelanchier canadensis",-71.94444,41.46,1932,6,20,"US"
"457",2573061860,"Amelanchier canadensis",-69.4994,43.93202,1932,7,28,"US"
"458",2234394710,"Amelanchier canadensis",-79.053482,35.910576,1931,4,9,"US"
"459",699270793,"Amelanchier canadensis",-73.20361,42.71194,1931,5,12,"US"
"460",2859062058,"Amelanchier canadensis",-73.939569,42.814243,1931,5,10,"US"
"461",699270718,"Amelanchier canadensis",-73.35777,41.14138,1931,6,18,"US"
"462",699270687,"Amelanchier canadensis",-71.94444,41.46,1930,5,17,"US"
"463",699270702,"Amelanchier canadensis",-71.99055,41.32777,1930,5,9,"US"
"464",699270783,"Amelanchier canadensis",-71.75805,41.85361,1930,5,4,"US"
"465",1929085437,"Amelanchier canadensis",-79.970055,40.594234,1930,5,NA,"US"
"466",699273814,"Amelanchier canadensis",-71.53805,41.5775,1930,6,15,"US"
"467",699270735,"Amelanchier canadensis",-71.90722,41.365,1930,7,11,"US"
"468",699270728,"Amelanchier canadensis",-71.81722,41.58111,1929,5,16,"US"
"469",699270739,"Amelanchier canadensis",-72.045,41.33,1929,5,11,"US"
"470",699270703,"Amelanchier canadensis",-72.07833,41.35,1929,6,25,"US"
"471",699270705,"Amelanchier canadensis",-73.11805,41.60611,1929,6,16,"US"
"472",699270725,"Amelanchier canadensis",-71.81722,41.58111,1929,7,26,"US"
"473",699270732,"Amelanchier canadensis",-72.045,41.33,1929,7,12,"US"
"474",699270704,"Amelanchier canadensis",-72.045,41.33,1928,5,8,"US"
"475",699270777,"Amelanchier canadensis",-71.63277,41.9,1928,5,16,"US"
"476",699270780,"Amelanchier canadensis",-93.88027,42.05972,1928,5,12,"US"
"477",699270787,"Amelanchier canadensis",-71.79027,41.57555,1928,5,10,"US"
"478",699270730,"Amelanchier canadensis",-72.01555,41.43972,1928,7,28,"US"
"479",699270736,"Amelanchier canadensis",-72.22944,41.35305,1927,6,17,"US"
"480",699270731,"Amelanchier canadensis",-72.07555,41.31972,1927,7,8,"US"
"481",1305295079,"Amelanchier canadensis",-69.595879,43.815917,1927,7,21,"US"
"482",2859351057,"Amelanchier canadensis",-72.54215,40.960233,1926,8,15,"US"
"483",2859321086,"Amelanchier canadensis",-75.034588,39.899586,1922,4,16,"US"
"484",699270775,"Amelanchier canadensis",-71.46694,41.87333,1921,6,5,"US"
"485",1038925395,"Amelanchier canadensis",-72.9591,41.7599,1921,6,11,"US"
"486",1317304010,"Amelanchier canadensis",-76.5008,39.0739,1921,6,3,"US"
"487",699270689,"Amelanchier canadensis",-73.34861,41.74277,1921,7,4,"US"
"488",699270700,"Amelanchier canadensis",-73.41722,41.72472,1921,7,4,"US"
"489",1038947273,"Amelanchier canadensis",-73.3449,41.7406,1921,7,4,"US"
"490",1039011391,"Amelanchier canadensis",-73.454,41.7299,1921,7,4,"US"
"491",699270714,"Amelanchier canadensis",-71.80916,42.00888,1920,5,17,"US"
"492",1038924953,"Amelanchier canadensis",-71.8736,41.9798,1920,5,17,"US"
"493",1931346534,"Amelanchier canadensis",-73.324216,40.694288,1920,5,25,"US"
"494",699270633,"Amelanchier canadensis",-71.55083,41.67833,1920,6,19,"US"
"495",699270713,"Amelanchier canadensis",-71.80916,42.00888,1920,6,27,"US"
"496",699270778,"Amelanchier canadensis",-71.72416,41.80472,1920,6,12,"US"
"497",699273841,"Amelanchier canadensis",-71.42616,41.79787,1920,6,12,"US"
"498",1038925372,"Amelanchier canadensis",-71.8736,41.9798,1920,6,27,"US"
"499",1931131162,"Amelanchier canadensis",-73.243776,40.887766,1920,6,29,"US"
"500",2859069056,"Amelanchier canadensis",-76.48661,42.334787,1919,5,30,"US"
"501",1928770450,"Amelanchier canadensis",-72.305394,41.057813,1919,10,11,"US"
"502",1321254678,"Amelanchier canadensis",-76.8969,39.0508,1919,NA,NA,"US"
"503",1321008742,"Amelanchier canadensis",-76.9169,38.9786,1918,4,14,"US"
"504",1931198768,"Amelanchier canadensis",-74.235425,40.41117,1918,6,16,"US"
"505",699270502,"Amelanchier canadensis",-72.31888,42.10416,1918,9,16,"US"
"506",1929955853,"Amelanchier canadensis",-73.705632,40.663684,1917,5,20,"US"
"507",1321385249,"Amelanchier canadensis",-76.9372,38.9806,1917,6,17,"US"
"508",2234601620,"Amelanchier canadensis",-79.048967,35.91373,1916,4,17,"US"
"509",1038984083,"Amelanchier canadensis",-71.9834,41.867,1916,5,10,"US"
"510",1322346843,"Amelanchier canadensis",-76.8969,39.0508,1916,6,11,"US"
"511",1930517275,"Amelanchier canadensis",-73.702427,41.236258,1916,6,24,"US"
"512",2573092613,"Amelanchier canadensis",-71.24242,41.84433,1916,6,21,"US"
"513",1928995210,"Amelanchier canadensis",-74.737571,40.873741,1916,7,9,"US"
"514",699270804,"Amelanchier canadensis",-72.10916,42.86111,1916,8,7,"US"
"515",1319961116,"Amelanchier canadensis",-77,39.0764,1915,4,28,"US"
"516",1321572648,"Amelanchier canadensis",-77.1583,38.9753,1915,4,25,"US"
"517",699270715,"Amelanchier canadensis",-72.32888,41.31583,1915,5,10,"US"
"518",699270802,"Amelanchier canadensis",-72.87027,42.62805,1915,5,15,"US"
"519",1038937279,"Amelanchier canadensis",-72.88,41.6049,1915,5,8,"US"
"520",1038946464,"Amelanchier canadensis",-72.8571,41.6741,1915,5,1,"US"
"521",1038969059,"Amelanchier canadensis",-72.1432,41.6153,1915,5,1,"US"
"522",1038977419,"Amelanchier canadensis",-73.4376,41.8575,1915,5,13,"US"
"523",1038992881,"Amelanchier canadensis",-72.1432,41.6153,1915,5,6,"US"
"524",1038994734,"Amelanchier canadensis",-72.3016,41.3219,1915,5,10,"US"
"525",1039004824,"Amelanchier canadensis",-72.8571,41.6741,1915,5,1,"US"
"526",1039008747,"Amelanchier canadensis",-72.4831,41.406,1915,5,9,"US"
"527",1318811686,"Amelanchier canadensis",-76.8486,39.0992,1915,5,1,"US"
"528",1320357499,"Amelanchier canadensis",-76.8622,38.9669,1915,5,31,"US"
"529",1928656914,"Amelanchier canadensis",-72.143122,41.615848,1915,5,6,"US"
"530",1928843371,"Amelanchier canadensis",-74.738344,40.874715,1915,6,12,"US"
"531",2859065058,"Amelanchier canadensis",-73.496233,40.895098,1915,7,5,"US"
"532",1930654782,"Amelanchier canadensis",-73.557009,40.652332,1915,9,11,"US"
"533",699270724,"Amelanchier canadensis",-72.14694,41.34972,1914,5,19,"US"
"534",699270805,"Amelanchier canadensis",-71.91055,42.54583,1914,5,30,"US"
"535",699270806,"Amelanchier canadensis",-71.91055,42.54583,1914,5,30,"US"
"536",1038953858,"Amelanchier canadensis",-72.2362,41.3677,1914,5,16,"US"
"537",1038972788,"Amelanchier canadensis",-72.0285,41.3623,1914,5,20,"US"
"538",1038982304,"Amelanchier canadensis",-72.3649,41.8786,1914,5,23,"US"
"539",2242410283,"Amelanchier canadensis",-91.011797,39.238405,1914,5,12,"US"
"540",2859353059,"Amelanchier canadensis",-76.491414,42.458377,1914,5,8,"US"
"541",1038987700,"Amelanchier canadensis",-72.3649,41.8786,1914,6,12,"US"
"542",699270797,"Amelanchier canadensis",-71.15638,42.41527,1913,4,27,"US"
"543",699270698,"Amelanchier canadensis",-72.62111,41.82361,1913,5,NA,"US"
"544",699270708,"Amelanchier canadensis",-72.62111,41.82361,1913,5,11,"US"
"545",699270709,"Amelanchier canadensis",-72.60361,41.86027,1913,5,11,"US"
"546",699270712,"Amelanchier canadensis",-72.36861,41.87138,1913,5,4,"US"
"547",1038920903,"Amelanchier canadensis",-72.4485,41.9151,1913,5,5,"US"
"548",1038929358,"Amelanchier canadensis",-72.3649,41.8786,1913,5,4,"US"
"549",1038955625,"Amelanchier canadensis",-72.3649,41.8786,1913,5,4,"US"
"550",1320019908,"Amelanchier canadensis",-77.0861,38.8556,1913,6,1,"US"
"551",1038939726,"Amelanchier canadensis",-72.6736,41.8714,1913,8,20,"US"
"552",699270707,"Amelanchier canadensis",-72.52138,41.77583,1912,5,15,"US"
"553",699270803,"Amelanchier canadensis",-72.51666,42.61666,1912,5,11,"US"
"554",1038930769,"Amelanchier canadensis",-72.5472,41.6921,1912,5,15,"US"
"555",1038950805,"Amelanchier canadensis",-72.9247,41.3114,1912,5,8,"US"
"556",1038988147,"Amelanchier canadensis",-72.5472,41.6921,1912,5,15,"US"
"557",1038922921,"Amelanchier canadensis",-72.3438,41.3965,1912,6,13,"US"
"558",1038944432,"Amelanchier canadensis",-73.4705,41.4014,1912,7,20,"US"
"559",1038961175,"Amelanchier canadensis",-73.4705,41.4014,1912,7,20,"US"
"560",1038930713,"Amelanchier canadensis",-73.4228,41.1186,1911,5,30,"US"
"561",1931100703,"Amelanchier canadensis",-71.292557,42.296486,1911,6,24,"US"
"562",1928299742,"Amelanchier canadensis",-73.720613,40.635696,1911,7,8,"US"
"563",1038927952,"Amelanchier canadensis",-72.6737,41.8713,1910,4,24,"US"
"564",1038957466,"Amelanchier canadensis",-73.2928,41.3988,1910,4,23,"US"
"565",1039001971,"Amelanchier canadensis",-73.2928,41.3988,1910,4,23,"US"
"566",2573120777,"Amelanchier canadensis",-73.12276,41.52713,1910,7,4,"US"
"567",699270678,"Amelanchier canadensis",-73.27194,41.17583,1909,5,12,"US"
"568",1038953558,"Amelanchier canadensis",-73.196,41.1932,1909,5,7,"US"
"569",1931165640,"Amelanchier canadensis",-74.211979,40.09461,1908,5,30,"US"
"570",3041520387,"Amelanchier canadensis",-79.51109,39.832339,1908,5,30,"US"
"571",3041522387,"Amelanchier canadensis",-79.51109,39.832339,1908,5,30,"US"
"572",1039018923,"Amelanchier canadensis",-72.88,41.6049,1908,6,18,"US"
"573",1928306952,"Amelanchier canadensis",-74.738344,40.874715,1908,6,21,"US"
"574",3041518390,"Amelanchier canadensis",-79.51109,39.832339,1908,6,10,"US"
"575",1038945869,"Amelanchier canadensis",-73.2928,41.3988,1908,7,4,"US"
"576",1038922338,"Amelanchier canadensis",-73.036,41.5583,1907,5,5,"US"
"577",1320179181,"Amelanchier canadensis",-77.0367,38.895,1907,5,12,"US"
"578",1038982689,"Amelanchier canadensis",-72.1603,41.993,1906,6,12,"US"
"579",1039014038,"Amelanchier canadensis",-72.1603,41.993,1906,6,12,"US"
"580",1929242802,"Amelanchier canadensis",-74.316407,40.013969,1906,6,3,"US"
"581",699270534,"Amelanchier canadensis",-73.36638,41.87361,1906,7,2,"US"
"582",1038964525,"Amelanchier canadensis",-73.1303,41.2097,1905,4,29,"US"
"583",1930447184,"Amelanchier canadensis",-74.284179,40.484478,1905,4,23,"US"
"584",1038932555,"Amelanchier canadensis",-73.1931,41.7413,1905,5,13,"US"
"585",1038961017,"Amelanchier canadensis",-73.1931,41.7413,1905,5,13,"US"
"586",1038971328,"Amelanchier canadensis",-73.1931,41.7413,1905,5,13,"US"
"587",1039004488,"Amelanchier canadensis",-73.1931,41.7413,1905,5,13,"US"
"588",699260597,"Amelanchier canadensis",-72.55777,41.91666,1904,5,11,"US"
"589",699270720,"Amelanchier canadensis",-72.85805,41.67472,1904,5,8,"US"
"590",1929872363,"Amelanchier canadensis",-74.769889,40.223214,1904,5,30,"US"
"591",3041508372,"Amelanchier canadensis",-78.591684,40.459794,1904,5,18,"US"
"592",699270688,"Amelanchier canadensis",-72.61194,41.78222,1904,6,23,"US"
"593",699270848,"Amelanchier canadensis",-72.61194,41.78222,1904,6,23,"US"
"594",699270747,"Amelanchier canadensis",-73.46638,42.02027,1904,7,30,"US"
"595",1039001984,"Amelanchier canadensis",-72.7005,41.3348,1904,7,7,"US"
"596",2573077681,"Amelanchier canadensis",-70.11468,41.31079,1904,7,24,"US"
"597",3041505396,"Amelanchier canadensis",-78.222545,41.352233,1904,7,19,"US"
"598",3041514376,"Amelanchier canadensis",-78.316057,41.361401,1904,7,19,"US"
"599",699270697,"Amelanchier canadensis",-72.61194,41.78222,1903,4,24,"US"
"600",699270743,"Amelanchier canadensis",-72.61194,41.78222,1903,4,27,"US"
"601",699270748,"Amelanchier canadensis",-73.42111,41.98333,1903,4,21,"US"
"602",1322886831,"Amelanchier canadensis",-76.9458,38.9558,1903,4,26,"US"
"603",699270723,"Amelanchier canadensis",-72.61194,41.78222,1903,5,2,"US"
"604",1038949952,"Amelanchier canadensis",-73.1931,41.7414,1903,5,2,"US"
"605",1038956184,"Amelanchier canadensis",-72.9216,41.396,1903,5,20,"US"
"606",1039007329,"Amelanchier canadensis",-73.1931,41.7414,1903,5,2,"US"
"607",1039010226,"Amelanchier canadensis",-72.8575,41.3818,1903,5,9,"US"
"608",1038981360,"Amelanchier canadensis",-73.1931,41.7414,1903,6,20,"US"
"609",1039013412,"Amelanchier canadensis",-72.9247,41.3114,1902,4,29,"US"
"610",1318523107,"Amelanchier canadensis",-77.0964,38.7989,1902,4,18,"US"
"611",1319821607,"Amelanchier canadensis",-77.0825,38.7403,1902,4,24,"US"
"612",699270722,"Amelanchier canadensis",-73.0625,41.44277,1902,5,6,"US"
"613",1038919952,"Amelanchier canadensis",-72.920823,41.305111,1902,5,31,"US"
"614",1039022928,"Amelanchier canadensis",-73.0872,41.381,1902,5,6,"US"
"615",699270690,"Amelanchier canadensis",-72.7375,41.77305,1902,6,27,"US"
"616",1322663937,"Amelanchier canadensis",-77.0964,38.7989,1902,6,7,"US"
"617",1038922305,"Amelanchier canadensis",-72.1603,41.993,1902,8,20,"US"
"618",1038942097,"Amelanchier canadensis",-72.1603,41.993,1902,8,20,"US"
"619",699270634,"Amelanchier canadensis",-71.36583,41.84694,1901,5,14,"US"
"620",699270680,"Amelanchier canadensis",-75.3475,39.80083,1901,5,8,"US"
"621",699270776,"Amelanchier canadensis",-71.37722,41.82916,1901,5,14,"US"
"622",699270779,"Amelanchier canadensis",-71.06611,42.24944,1901,5,12,"US"
"623",699270799,"Amelanchier canadensis",-71.12833,42.21111,1901,5,12,"US"
"624",1038932814,"Amelanchier canadensis",-72.88,41.6049,1901,5,8,"US"
"625",1038934906,"Amelanchier canadensis",-72.88,41.6049,1901,5,9,"US"
"626",1038935499,"Amelanchier canadensis",-72.920823,41.305111,1901,5,9,"US"
"627",1038936215,"Amelanchier canadensis",-72.0285,41.3623,1901,5,11,"US"
"628",1038941571,"Amelanchier canadensis",-72.88,41.6049,1901,5,8,"US"
"629",1038945213,"Amelanchier canadensis",-72.1476,41.3707,1901,5,13,"US"
"630",1038949114,"Amelanchier canadensis",-72.88,41.6049,1901,5,8,"US"
"631",1038949879,"Amelanchier canadensis",-72.88,41.6049,1901,5,7,"US"
"632",1038951305,"Amelanchier canadensis",-72.88,41.6049,1901,5,7,"US"
"633",1038952766,"Amelanchier canadensis",-72.1475,41.3708,1901,5,12,"US"
"634",1038958948,"Amelanchier canadensis",-72.88,41.6049,1901,5,7,"US"
"635",1038964390,"Amelanchier canadensis",-72.920823,41.305111,1901,5,9,"US"
"636",1038971036,"Amelanchier canadensis",-73.1351,41.4313,1901,5,12,"US"
"637",1038987677,"Amelanchier canadensis",-72.88,41.6049,1901,5,8,"US"
"638",1038993079,"Amelanchier canadensis",-72.88,41.6049,1901,5,2,"US"
"639",1038993570,"Amelanchier canadensis",-72.88,41.6049,1901,5,6,"US"
"640",1039010803,"Amelanchier canadensis",-72.88,41.6049,1901,5,8,"US"
"641",1930402346,"Amelanchier canadensis",-74.913578,40.635707,1901,5,4,"US"
"642",1931339745,"Amelanchier canadensis",-73.204835,41.167041,1901,5,8,"US"
"643",2573058893,"Amelanchier canadensis",-72.88003,41.60489,1901,5,9,"US"
"644",2573102760,"Amelanchier canadensis",-72.88003,41.60489,1901,5,7,"US"
"645",2573124084,"Amelanchier canadensis",-72.88003,41.60489,1901,5,7,"US"
"646",1038923955,"Amelanchier canadensis",-72.1475,41.3708,1901,6,24,"US"
"647",1039010306,"Amelanchier canadensis",-72.920823,41.305111,1901,6,25,"US"
"648",1318111571,"Amelanchier canadensis",-77.0825,38.7403,1901,6,1,"US"
"649",2573098870,"Amelanchier canadensis",-72.88003,41.60489,1901,6,17,"US"
"650",1039003932,"Amelanchier canadensis",-72.4663,41.307,1901,12,10,"US"
"651",699270763,"Amelanchier canadensis",-72.52194,41.77583,1900,5,4,"US"
"652",699273819,"Amelanchier canadensis",-71.11555,42.21194,1900,6,10,"US"
"653",1038919232,"Amelanchier canadensis",-73.4257,41.986,1900,6,20,"US"
"654",1038969157,"Amelanchier canadensis",-72.88,41.6049,1900,6,28,"US"
"655",1038975052,"Amelanchier canadensis",-72.88,41.6049,1900,7,16,"US"
"656",2573070642,"Amelanchier canadensis",-68.88745,45.99106,1900,7,17,"US"
"657",56511742,"Amelanchier canadensis",-85.58334,34.56667,1899,4,NA,"US"
"658",699270727,"Amelanchier canadensis",-72.46111,41.45305,1899,5,4,"US"
"659",699270782,"Amelanchier canadensis",-71.06194,42.37777,1899,5,9,"US"
"660",699270800,"Amelanchier canadensis",-71.11555,42.21194,1899,5,7,"US"
"661",699270849,"Amelanchier canadensis",-72.51666,41.77583,1899,5,1,"US"
"662",1930293105,"Amelanchier canadensis",-72.410387,40.864927,1899,6,26,"US"
"663",2859354064,"Amelanchier canadensis",-72.38953,40.884267,1899,6,26,"US"
"664",1928270293,"Amelanchier canadensis",-74.841978,39.593067,1898,6,8,"US"
"665",1039014264,"Amelanchier canadensis",-72.88,41.6049,1897,4,30,"US"
"666",699270796,"Amelanchier canadensis",-71.18,42.42027,1897,5,8,"US"
"667",1929109024,"Amelanchier canadensis",-74.358774,39.959581,1897,6,23,"US"
"668",2573075858,"Amelanchier canadensis",-70.16808,44.09146,1896,5,13,"US"
"669",1039022459,"Amelanchier canadensis",-72.88,41.6049,1896,6,6,"US"
"670",56511733,"Amelanchier canadensis",-85.81667,33.46667,1896,7,31,"US"
"671",699270679,"Amelanchier canadensis",-73.20472,41.16694,1895,5,6,"US"
"672",699270822,"Amelanchier canadensis",-73.13305,41.18444,1895,5,7,"US"
"673",699260599,"Amelanchier canadensis",-73.13305,41.18444,1895,6,20,"US"
"674",1930805948,"Amelanchier canadensis",-73.764503,40.898185,1895,7,NA,"US"
"675",699273842,"Amelanchier canadensis",-71.41861,41.82277,1894,4,29,"US"
"676",56511754,"Amelanchier canadensis",-87.66666,34.78333,1894,5,20,"US"
"677",2859065710,"Amelanchier canadensis",-71.388111,41.8326,1894,5,2,"US"
"678",699260598,"Amelanchier canadensis",-73.05638,41.22222,1893,5,12,"US"
"679",699270832,"Amelanchier canadensis",-73.05638,41.22222,1893,7,21,"US"
"680",2573075299,"Amelanchier canadensis",-67.85529,46.77769,1893,7,11,"US"
"681",1039001685,"Amelanchier canadensis",-72.88,41.6049,1892,8,5,"US"
"682",1039004649,"Amelanchier canadensis",-72.5472,41.6921,1892,11,5,"US"
"683",1929280695,"Amelanchier canadensis",-73.869389,40.898028,1891,4,26,"US"
"684",2573077976,"Amelanchier canadensis",-69.43866,44.77139,1891,5,23,"US"
"685",2573095316,"Amelanchier canadensis",-72.19101,43.71556,1891,5,21,"US"
"686",1928424567,"Amelanchier canadensis",-73.869389,40.898028,1890,5,25,"US"
"687",1927850385,"Amelanchier canadensis",-74.482374,39.36345,1890,7,1,"US"
"688",1929858087,"Amelanchier canadensis",-74.441691,40.483996,1890,7,4,"US"
"689",2859063063,"Amelanchier canadensis",-74.958532,44.793388,1889,5,11,"US"
"690",3053359327,"Amelanchier canadensis",-84.9636,42.2719,1889,5,3,"US"
"691",1929749384,"Amelanchier canadensis",-73.752089,40.600623,1885,5,15,"US"
"692",2573063245,"Amelanchier canadensis",-71.35488,41.80617,1885,5,7,"US"
"693",1930448638,"Amelanchier canadensis",-74.068209,40.828299,1883,5,12,"US"
"694",1929520084,"Amelanchier canadensis",-75.304898,40.353993,1881,5,NA,"US"
"695",56511746,"Amelanchier canadensis",-88.13333,30.65,1880,NA,NA,"US"
"696",1320438390,"Amelanchier canadensis",-76.9342,38.9392,1879,4,24,"US"
"697",1038940020,"Amelanchier canadensis",-72.920823,41.305111,1879,12,5,"US"
"698",1318285379,"Amelanchier canadensis",-77.0367,38.895,1879,NA,NA,"US"
"699",2859066070,"Amelanchier canadensis",-80.430636,39.663971,1878,4,12,"US"
"700",1322531749,"Amelanchier canadensis",-77.0047,38.9486,1877,4,27,"US"
"701",1322748663,"Amelanchier canadensis",-77.0367,38.895,1876,4,27,"US"
"702",2859061075,"Amelanchier canadensis",-72.523143,42.380368,1861,5,7,"US"
"703",2252418472,"Amelanchier canadensis",-73.6857,42.7245,1830,NA,NA,"US"
"704",1038938662,"Amelanchier canadensis",-72.9316,41.407,1822,NA,NA,"US"
"705",40093494,"Amelanchier canadensis",-123.28,44.57,NA,NA,NA,"US"
"706",205433938,"Amelanchier canadensis",-84.79056,44.45083,NA,NA,NA,"US"
"707",1038920759,"Amelanchier canadensis",-72.5472,41.6921,NA,NA,NA,"US"
"708",1038933794,"Amelanchier canadensis",-72.920823,41.305111,NA,NA,NA,"US"
"709",1038935694,"Amelanchier canadensis",-73.01,41.3566,NA,NA,NA,"US"
"710",1038947842,"Amelanchier canadensis",-72.920823,41.305111,NA,NA,NA,"US"
"711",1038964520,"Amelanchier canadensis",-72.920823,41.305111,NA,NA,NA,"US"
"712",1038967843,"Amelanchier canadensis",-72.5472,41.6921,NA,NA,NA,"US"
"713",1038970581,"Amelanchier canadensis",-72.6153,41.7635,NA,NA,NA,"US"
"714",1038971695,"Amelanchier canadensis",-73.02,41.3567,NA,NA,NA,"US"
"715",1038977608,"Amelanchier canadensis",-71.9014,41.3776,NA,NA,NA,"US"
"716",1039000332,"Amelanchier canadensis",-72.9247,41.3114,NA,NA,NA,"US"
"717",1039005739,"Amelanchier canadensis",-73.0272,41.2826,NA,NA,NA,"US"
"718",1039018135,"Amelanchier canadensis",-72.920823,41.305111,NA,NA,NA,"US"
"719",1929536585,"Amelanchier canadensis",-77.053944,42.661313,NA,NA,NA,"US"
"720",1990006651,"Amelanchier canadensis",-84.763126,35.900179,NA,NA,NA,"US"
"721",2422437722,"Amelanchier canadensis",-97.08944,42.42944,NA,NA,NA,"US"
"722",2573071734,"Amelanchier canadensis",-71.28375,42.30358,NA,NA,NA,"US"
"723",2573084080,"Amelanchier canadensis",-72.19101,43.71556,NA,NA,NA,"US"
"724",2573125944,"Amelanchier canadensis",-71.42199,41.82362,NA,NA,NA,"US"
"725",2859066068,"Amelanchier canadensis",-78.762518,39.652865,NA,NA,NA,"US"
"726",2859069055,"Amelanchier canadensis",-69.684552,45.667962,NA,NA,NA,"US"
"727",2859077339,"Amelanchier canadensis",-74.389371,39.957449,NA,NA,NA,"US"
"728",2859319822,"Amelanchier canadensis",-74.304214,40.36684,NA,NA,NA,"US"
"729",2859326344,"Amelanchier canadensis",-74.422185,40.163166,NA,NA,NA,"US"
"730",2859349798,"Amelanchier canadensis",-74.389371,39.957449,NA,NA,NA,"US"
"731",2859351056,"Amelanchier canadensis",-75.546589,39.745947,NA,NA,NA,"US"
"732",2859351802,"Amelanchier canadensis",-74.917919,40.07121,NA,NA,NA,"US"
"733",2859352787,"Amelanchier canadensis",-74.422185,40.163166,NA,NA,NA,"US"
"734",3041516390,"Amelanchier canadensis",-74.395682,41.133851,NA,NA,NA,"US"
"735",3041517389,"Amelanchier canadensis",-74.395682,41.133851,NA,NA,NA,"US"
"736",3041519395,"Amelanchier canadensis",-74.422185,40.163166,NA,NA,NA,"US"
"737",3041523376,"Amelanchier canadensis",-74.422185,40.163166,NA,NA,NA,"US"
