"gbifID","species","longitude","latitude","year","month","day","countryCode","accepted_name"
1321573188,"Amyris elemifera",-94.926,16.6059,2014,4,12,"MX","Amyris elemifera"
1317623531,"Amyris elemifera",-94.9472,16.6154,2014,7,18,"MX","Amyris elemifera"
1897497344,"Amyris elemifera",-89.959444,19.027222,2014,10,9,"MX","Amyris elemifera"
1897497348,"Amyris elemifera",-90.025278,19.006389,2014,10,10,"MX","Amyris elemifera"
1897497374,"Amyris elemifera",-90.020278,19.0075,2014,10,11,"MX","Amyris elemifera"
1897497375,"Amyris elemifera",-90.054167,18.962778,2014,10,12,"MX","Amyris elemifera"
1897497383,"Amyris elemifera",-89.959167,19.025,2014,10,9,"MX","Amyris elemifera"
1897497388,"Amyris elemifera",-90.025278,19.006389,2014,10,10,"MX","Amyris elemifera"
1897497393,"Amyris elemifera",-90.021667,19.0075,2014,10,11,"MX","Amyris elemifera"
1897497396,"Amyris elemifera",-90.014722,19.029722,2014,10,13,"MX","Amyris elemifera"
1897497398,"Amyris elemifera",-90.020278,19.0075,2014,10,11,"MX","Amyris elemifera"
1897497411,"Amyris elemifera",-90.029167,19.009444,2014,10,10,"MX","Amyris elemifera"
1897497414,"Amyris elemifera",-90.029167,19.009444,2014,10,10,"MX","Amyris elemifera"
1897497417,"Amyris elemifera",-90.03,19.009444,2014,10,10,"MX","Amyris elemifera"
1897497419,"Amyris elemifera",-90.013611,19.029722,2014,10,13,"MX","Amyris elemifera"
1897497422,"Amyris elemifera",-90.021667,19.0075,2014,10,11,"MX","Amyris elemifera"
1897497424,"Amyris elemifera",-90.020278,19.008611,2014,10,11,"MX","Amyris elemifera"
1897497435,"Amyris elemifera",-90.025278,19.006389,2014,10,10,"MX","Amyris elemifera"
1897497440,"Amyris elemifera",-90.025278,19.006389,2014,10,10,"MX","Amyris elemifera"
1897497443,"Amyris elemifera",-89.998333,19.021944,2014,10,9,"MX","Amyris elemifera"
1897497447,"Amyris elemifera",-90.020278,19.0075,2014,10,11,"MX","Amyris elemifera"
1897497448,"Amyris elemifera",-90.020278,19.008611,2014,10,11,"MX","Amyris elemifera"
1897497449,"Amyris elemifera",-89.956389,19.024722,2014,10,9,"MX","Amyris elemifera"
1897497451,"Amyris elemifera",-90.021667,19.0075,2014,10,11,"MX","Amyris elemifera"
1897497453,"Amyris elemifera",-90.020278,19.0075,2014,10,11,"MX","Amyris elemifera"
1897497462,"Amyris elemifera",-90.014722,19.029722,2014,10,13,"MX","Amyris elemifera"
1897497473,"Amyris elemifera",-90.020278,19.008611,2014,10,11,"MX","Amyris elemifera"
1897497386,"Amyris elemifera",-90.013611,19.028611,2013,5,15,"MX","Amyris elemifera"
1421393817,"Amyris elemifera",-89.901111,18.546944,2006,4,3,"MX","Amyris elemifera"
1421411645,"Amyris elemifera",-89.329167,21.302778,2006,4,26,"MX","Amyris elemifera"
2629655551,"Amyris elemifera",-89.329167,21.302778,2006,4,26,"MX","Amyris elemifera"
3308747667,"Amyris elemifera",-89.3292,21.30278,2006,4,26,"MX","Amyris elemifera"
1260920962,"Amyris elemifera",-89.40055,21.24027,2006,5,12,"MX","Amyris elemifera"
2629487503,"Amyris elemifera",-89.400555,21.240278,2006,5,12,"MX","Amyris elemifera"
3308086900,"Amyris elemifera",-89.40056,21.24028,2006,5,12,"MX","Amyris elemifera"
1421383978,"Amyris elemifera",-88.934167,18.161389,2006,8,1,"MX","Amyris elemifera"
1421362752,"Amyris elemifera",-89.321111,19.221389,2005,3,31,"MX","Amyris elemifera"
3306426744,"Amyris elemifera",-92.1528,16.19055,2005,6,27,"MX","Amyris elemifera"
3308720848,"Amyris elemifera",-92.15278,16.19056,2005,6,27,"MX","Amyris elemifera"
1893538709,"Amyris elemifera",-89.904553,18.341222,2004,7,14,"MX","Amyris elemifera"
1893538734,"Amyris elemifera",-89.904553,18.341222,2004,7,14,"MX","Amyris elemifera"
1893538692,"Amyris elemifera",-89.890667,18.532028,2004,9,4,"MX","Amyris elemifera"
1893538783,"Amyris elemifera",-89.890667,18.532028,2004,9,4,"MX","Amyris elemifera"
1421403082,"Amyris elemifera",-89.296944,19.202778,2004,11,7,"MX","Amyris elemifera"
1259855039,"Amyris elemifera",-89.332778,21.3,2003,3,7,"MX","Amyris elemifera"
1421371665,"Amyris elemifera",-89.332778,21.3,2003,3,7,"MX","Amyris elemifera"
1893309451,"Amyris elemifera",-89.332778,21.3,2003,3,7,"MX","Amyris elemifera"
2629758096,"Amyris elemifera",-89.332778,21.3,2003,3,7,"MX","Amyris elemifera"
3308678601,"Amyris elemifera",-89.33278,21.3,2003,3,7,"MX","Amyris elemifera"
3308129369,"Amyris elemifera",-89.57583,18.53028,2003,11,4,"MX","Amyris elemifera"
1260056283,"Amyris elemifera",-89.89166,18.58138,2002,2,20,"MX","Amyris elemifera"
1421405463,"Amyris elemifera",-89.897222,18.568889,2002,2,20,"MX","Amyris elemifera"
1893309441,"Amyris elemifera",-89.897222,18.580278,2002,2,20,"MX","Amyris elemifera"
2629742518,"Amyris elemifera",-89.897222,18.568889,2002,2,20,"MX","Amyris elemifera"
3013436365,"Amyris elemifera",-89.897222,18.591111,2002,2,20,"MX","Amyris elemifera"
3345581488,"Amyris elemifera",-89.897222,18.591111,2002,2,20,"MX","Amyris elemifera"
1421384318,"Amyris elemifera",-89.311111,21.277778,2002,5,31,"MX","Amyris elemifera"
2630171830,"Amyris elemifera",-93.74,17.14,2002,8,28,"MX","Amyris elemifera"
1259629157,"Amyris elemifera",-89.33277,21.3,2000,11,9,"MX","Amyris elemifera"
1421371595,"Amyris elemifera",-89.332778,21.3,2000,11,9,"MX","Amyris elemifera"
3308559087,"Amyris elemifera",-89.2208,18.00278,1999,1,8,"MX","Amyris elemifera"
1259679244,"Amyris elemifera",-89.43333,18.25,1998,3,13,"MX","Amyris elemifera"
1895144426,"Amyris elemifera",-89.438889,18.25,1998,3,13,"MX","Amyris elemifera"
2630139651,"Amyris elemifera",-89.438889,18.25,1998,3,13,"MX","Amyris elemifera"
3306227305,"Amyris elemifera",-89.43889,18.25,1998,3,13,"MX","Amyris elemifera"
3307958116,"Amyris elemifera",-89.43889,18.25,1998,3,13,"MX","Amyris elemifera"
1259678400,"Amyris elemifera",-89.27722,18.02194,1998,4,26,"MX","Amyris elemifera"
1895144481,"Amyris elemifera",-89.277222,18.021944,1998,4,26,"MX","Amyris elemifera"
2630150549,"Amyris elemifera",-89.277222,18.021944,1998,4,26,"MX","Amyris elemifera"
3306242642,"Amyris elemifera",-89.27722,18.02194,1998,4,26,"MX","Amyris elemifera"
3306427937,"Amyris elemifera",-89.276944,18.021944,1998,4,26,"MX","Amyris elemifera"
3308540683,"Amyris elemifera",-89.27722,18.02194,1998,4,26,"MX","Amyris elemifera"
1259680274,"Amyris elemifera",-89.82611,18.27638,1998,5,7,"MX","Amyris elemifera"
3307962066,"Amyris elemifera",-89.82611,18.27639,1998,5,7,"MX","Amyris elemifera"
1259661729,"Amyris elemifera",-89.29388,19.02444,1997,6,25,"MX","Amyris elemifera"
1421402471,"Amyris elemifera",-89.293889,19.024444,1997,6,25,"MX","Amyris elemifera"
1259667112,"Amyris elemifera",-89.47305,18.23027,1997,7,26,"MX","Amyris elemifera"
1259667309,"Amyris elemifera",-89.81555,18.12444,1997,7,12,"MX","Amyris elemifera"
3306420629,"Amyris elemifera",-89.473055,18.230278,1997,7,26,"MX","Amyris elemifera"
3307910369,"Amyris elemifera",-89.81556,18.12444,1997,7,12,"MX","Amyris elemifera"
3307918753,"Amyris elemifera",-89.47306,18.23028,1997,7,26,"MX","Amyris elemifera"
1259664404,"Amyris elemifera",-89.82388,18.27388,1997,8,9,"MX","Amyris elemifera"
1421396546,"Amyris elemifera",-89.8275,18.263056,1997,8,9,"MX","Amyris elemifera"
3307924604,"Amyris elemifera",-89.82389,18.27389,1997,8,9,"MX","Amyris elemifera"
3308486103,"Amyris elemifera",-89.79056,18.12222,1997,10,17,"MX","Amyris elemifera"
3308548684,"Amyris elemifera",-89.79056,18.12222,1997,10,17,"MX","Amyris elemifera"
1259665203,"Amyris elemifera",-89.79055,18.12222,1997,11,25,"MX","Amyris elemifera"
1421389839,"Amyris elemifera",-89.790556,18.122222,1997,11,25,"MX","Amyris elemifera"
3308555329,"Amyris elemifera",-89.79056,18.12222,1997,11,25,"MX","Amyris elemifera"
1259661848,"Amyris elemifera",-89.43472,18.25472,1997,12,16,"MX","Amyris elemifera"
1895144389,"Amyris elemifera",-89.434722,18.254722,1997,12,16,"MX","Amyris elemifera"
2630167480,"Amyris elemifera",-89.8275,18.263056,1997,12,16,"MX","Amyris elemifera"
3307981992,"Amyris elemifera",-89.43472,18.25472,1997,12,16,"MX","Amyris elemifera"
1259663356,"Amyris elemifera",-89.416667,18.583333,1996,3,26,"MX","Amyris elemifera"
1421373675,"Amyris elemifera",-89.418056,18.597222,1996,3,26,"MX","Amyris elemifera"
1895144449,"Amyris elemifera",-89.425,18.591667,1996,3,26,"MX","Amyris elemifera"
3307922074,"Amyris elemifera",-89.417,18.583,1996,3,26,"MX","Amyris elemifera"
3308129490,"Amyris elemifera",-97.05778,19.17639,1996,4,26,"MX","Amyris elemifera"
1421377055,"Amyris elemifera",-89.804722,18.141944,1996,6,25,"MX","Amyris elemifera"
1893309440,"Amyris elemifera",-89.829167,18.113889,1996,6,25,"MX","Amyris elemifera"
2629743093,"Amyris elemifera",-89.804722,18.141944,1996,6,25,"MX","Amyris elemifera"
3308570210,"Amyris elemifera",-89.80472,18.14194,1996,6,25,"MX","Amyris elemifera"
3308654411,"Amyris elemifera",-89.80472,18.14194,1996,6,25,"MX","Amyris elemifera"
3308743804,"Amyris elemifera",-89.417,18.583,1996,7,2,"MX","Amyris elemifera"
1421361762,"Amyris elemifera",-90.377778,19.941667,1996,9,24,"MX","Amyris elemifera"
1893309414,"Amyris elemifera",-90.376389,19.943056,1996,9,24,"MX","Amyris elemifera"
1893309422,"Amyris elemifera",-89.825,18.102778,1996,9,25,"MX","Amyris elemifera"
2629661357,"Amyris elemifera",-90.594722,19.148056,1996,9,25,"MX","Amyris elemifera"
3307906594,"Amyris elemifera",-89.75,18.1,1996,9,11,"MX","Amyris elemifera"
1894680660,"Amyris elemifera",-87.708333,20.508333,1994,3,22,"MX","Amyris elemifera"
3308424247,"Amyris elemifera",-86.87083,21.25833,1992,7,13,"MX","Amyris elemifera"
1895144436,"Amyris elemifera",-93.1,16.726944,1991,9,20,"MX","Amyris elemifera"
2630144615,"Amyris elemifera",-93.085,16.736667,1991,9,20,"MX","Amyris elemifera"
1895144429,"Amyris elemifera",-93.1,16.726944,1991,11,16,"MX","Amyris elemifera"
2629671169,"Amyris elemifera",-93.116667,16.752778,1991,11,16,"MX","Amyris elemifera"
3307803288,"Amyris elemifera",-93.1,16.717,1991,11,16,"MX","Amyris elemifera"
3323494952,"Amyris elemifera",-93.094444,16.7275,1991,11,16,"MX","Amyris elemifera"
1419062497,"Amyris elemifera",-90.141667,18.508333,1990,12,9,"MX","Amyris elemifera"
1893696864,"Amyris elemifera",-89.921667,18.538333,1988,3,27,"MX","Amyris elemifera"
1894680671,"Amyris elemifera",-88.391667,18.675,1988,3,27,"MX","Amyris elemifera"
1259702217,"Amyris elemifera",-86.73,21.23,1987,1,25,"MX","Amyris elemifera"
2629525629,"Amyris elemifera",-86.728055,21.221667,1987,1,25,"MX","Amyris elemifera"
2629526587,"Amyris elemifera",-87.016667,20.4,1987,1,14,"MX","Amyris elemifera"
1893696877,"Amyris elemifera",-89.035527,21.280553,1987,4,30,"MX","Amyris elemifera"
2629529654,"Amyris elemifera",-89.031111,21.299444,1987,4,30,"MX","Amyris elemifera"
1259664736,"Amyris elemifera",-86.73,21.23,1987,6,25,"MX","Amyris elemifera"
2629522519,"Amyris elemifera",-86.718611,21.209444,1987,9,13,"MX","Amyris elemifera"
1419060827,"Amyris elemifera",-89.758333,18.508333,1987,12,17,"MX","Amyris elemifera"
1893696872,"Amyris elemifera",-89.123333,21.356667,1986,1,23,"MX","Amyris elemifera"
1894680646,"Amyris elemifera",-86.9939988402319,20.441100522339,1986,1,16,"MX","Amyris elemifera"
1895472739,"Amyris elemifera",-88.7682552923255,19.9026194988681,1986,1,16,"MX","Amyris elemifera"
1259675185,"Amyris elemifera",-86.73277,21.23472,1986,3,5,"MX","Amyris elemifera"
1894680652,"Amyris elemifera",-86.718333,21.206667,1986,3,5,"MX","Amyris elemifera"
1894680673,"Amyris elemifera",-86.993998836182,20.4392916047573,1986,3,14,"MX","Amyris elemifera"
1895472693,"Amyris elemifera",-86.9871656691353,20.4382146674172,1986,3,14,"MX","Amyris elemifera"
1895472731,"Amyris elemifera",-86.7204389490959,21.2113162816395,1986,3,5,"MX","Amyris elemifera"
1895472747,"Amyris elemifera",-87.0181552586541,20.3681138023733,1986,5,4,"MX","Amyris elemifera"
1259678819,"Amyris elemifera",-87.01,20.37,1986,6,4,"MX","Amyris elemifera"
2629687691,"Amyris elemifera",-87.021389,20.358056,1986,6,4,"MX","Amyris elemifera"
1894680654,"Amyris elemifera",-86.7328832947441,21.2315873508066,1986,7,10,"MX","Amyris elemifera"
1895472734,"Amyris elemifera",-86.7320872694253,21.2288374753217,1986,7,10,"MX","Amyris elemifera"
1259678255,"Amyris elemifera",-88.87,17.97638,1985,5,17,"MX","Amyris elemifera"
1894680667,"Amyris elemifera",-86.9876367187227,20.4552998881549,1985,5,1,"MX","Amyris elemifera"
1895472703,"Amyris elemifera",-88.9072279255306,17.9670922011684,1985,5,17,"MX","Amyris elemifera"
1896050793,"Amyris elemifera",-86.979167,20.294722,1985,6,19,"MX","Amyris elemifera"
2629521620,"Amyris elemifera",-86.996944,20.369444,1985,6,19,"MX","Amyris elemifera"
1419063016,"Amyris elemifera",-86.941667,20.508333,1985,8,27,"MX","Amyris elemifera"
1421368226,"Amyris elemifera",-86.984722,20.325,1985,8,27,"MX","Amyris elemifera"
3307947798,"Amyris elemifera",-86.733,20.6,1985,8,27,"MX","Amyris elemifera"
1259239624,"Amyris elemifera",-87.12,20.57,1985,9,21,"MX","Amyris elemifera"
1896050803,"Amyris elemifera",-87.117222,20.610278,1985,9,21,"MX","Amyris elemifera"
1894680658,"Amyris elemifera",-87.656153305875,19.7963617631081,1984,3,3,"MX","Amyris elemifera"
1894680669,"Amyris elemifera",-87.656153305875,19.7963617631081,1984,3,3,"MX","Amyris elemifera"
2629696565,"Amyris elemifera",-87.65,19.783333,1984,3,3,"MX","Amyris elemifera"
1259240017,"Amyris elemifera",-86.98,20.31,1984,7,10,"MX","Amyris elemifera"
1259700219,"Amyris elemifera",-88.9,17.96,1984,7,30,"MX","Amyris elemifera"
1894680663,"Amyris elemifera",-86.9824162706198,20.311252470292,1984,7,10,"MX","Amyris elemifera"
1896050790,"Amyris elemifera",-88.863611,17.979722,1984,7,30,"MX","Amyris elemifera"
1259699354,"Amyris elemifera",-87.36,20.31,1983,6,2,"MX","Amyris elemifera"
1896050789,"Amyris elemifera",-90.755556,19.058333,1983,6,7,"MX","Amyris elemifera"
1896050805,"Amyris elemifera",-87.36,20.340278,1983,6,2,"MX","Amyris elemifera"
1894680649,"Amyris elemifera",-89.6176742746286,18.5298487869942,1983,7,12,"MX","Amyris elemifera"
1896050799,"Amyris elemifera",-89.673333,18.592222,1983,7,12,"MX","Amyris elemifera"
3307749845,"Amyris elemifera",-89.6292,18.5458,1983,7,12,"MX","Amyris elemifera"
1896050791,"Amyris elemifera",-87.345556,20.381667,1983,9,24,"MX","Amyris elemifera"
3323498531,"Amyris elemifera",-92.4,16.133333,1982,1,8,"MX","Amyris elemifera"
1895472698,"Amyris elemifera",-88.8828243105793,17.953530905125,1982,5,7,"MX","Amyris elemifera"
1259239064,"Amyris elemifera",-88.89,17.96,1982,8,2,"MX","Amyris elemifera"
1896050786,"Amyris elemifera",-88.863611,17.979722,1982,8,2,"MX","Amyris elemifera"
1259238019,"Amyris elemifera",-92.07,16.14,1981,3,20,"MX","Amyris elemifera"
1259707098,"Amyris elemifera",-94.66666,17.23055,1981,3,23,"MX","Amyris elemifera"
1419215837,"Amyris elemifera",-94.666667,17.230556,1981,3,23,"MX","Amyris elemifera"
1895472708,"Amyris elemifera",-94.677778,17.230556,1981,3,23,"MX","Amyris elemifera"
1896050794,"Amyris elemifera",-94.677778,17.230556,1981,3,23,"MX","Amyris elemifera"
2629549113,"Amyris elemifera",-94.666667,17.216667,1981,3,23,"MX","Amyris elemifera"
2807332764,"Amyris elemifera",-94.67778,17.23056,1981,3,23,"MX","Amyris elemifera"
3307715311,"Amyris elemifera",-94.67778,17.23056,1981,3,23,"MX","Amyris elemifera"
3323504868,"Amyris elemifera",-92.052778,16.159167,1981,3,20,"MX","Amyris elemifera"
1259238696,"Amyris elemifera",-86.87,20.9,1980,1,7,"MX","Amyris elemifera"
1896050798,"Amyris elemifera",-86.886667,20.899167,1980,1,7,"MX","Amyris elemifera"
1258608877,"Amyris elemifera",-86.87,20.93,1980,2,10,"MX","Amyris elemifera"
1259239455,"Amyris elemifera",-86.95,20.85,1980,2,1,"MX","Amyris elemifera"
1896050795,"Amyris elemifera",-86.886667,20.899167,1980,2,1,"MX","Amyris elemifera"
3323494906,"Amyris elemifera",-92.052778,16.159167,1980,11,19,"MX","Amyris elemifera"
1259632709,"Amyris elemifera",-92.07,16.14,1980,12,27,"MX","Amyris elemifera"
1895472727,"Amyris elemifera",-92.196758,16.185664,1980,12,27,"MX","Amyris elemifera"
1896050801,"Amyris elemifera",-93.009722,16.683889,1980,12,22,"MX","Amyris elemifera"
1896050808,"Amyris elemifera",-92.218889,16.269167,1980,12,27,"MX","Amyris elemifera"
3323493660,"Amyris elemifera",-92.966667,16.758333,1980,12,22,"MX","Amyris elemifera"
3323495810,"Amyris elemifera",-92.052778,16.159167,1980,12,27,"MX","Amyris elemifera"
3308515356,"Amyris elemifera",-89.29389,19.02444,1977,6,25,"MX","Amyris elemifera"
1895472689,"Amyris elemifera",-92.9771745424561,16.7309883778944,1976,8,20,"MX","Amyris elemifera"
1896050788,"Amyris elemifera",-93.009722,16.683889,1976,8,20,"MX","Amyris elemifera"
3323493324,"Amyris elemifera",-92.966667,16.758333,1976,8,20,"MX","Amyris elemifera"
1258608798,"Amyris elemifera",-92.375,16.393611,1976,10,30,"MX","Amyris elemifera"
3323495022,"Amyris elemifera",-92.4,16.433333,1976,10,30,"MX","Amyris elemifera"
1259238558,"Amyris elemifera",-92.050833,16.045,1976,12,8,"MX","Amyris elemifera"
3323498387,"Amyris elemifera",-92.016667,16.016667,1976,12,8,"MX","Amyris elemifera"
2629532879,"Amyris elemifera",-94.613496,17.257032,1975,1,25,"MX","Amyris elemifera"
1893309438,"Amyris elemifera",-94.613333,17.256389,1974,5,6,"MX","Amyris elemifera"
1896050797,"Amyris elemifera",-94.68,17.258056,1974,5,6,"MX","Amyris elemifera"
2629716508,"Amyris elemifera",-94.623611,17.263611,1974,5,6,"MX","Amyris elemifera"
3307657950,"Amyris elemifera",-94.633,17.3,1974,5,6,"MX","Amyris elemifera"
3308222345,"Amyris elemifera",-94.633,17.3,1974,5,6,"MX","Amyris elemifera"
2629734181,"Amyris elemifera",-94.612778,17.2525,1974,8,17,"MX","Amyris elemifera"
1259825926,"Amyris elemifera",-93.87,16.32,1972,10,4,"MX","Amyris elemifera"
1259827053,"Amyris elemifera",-93.084167,16.509444,1972,10,3,"MX","Amyris elemifera"
1895472713,"Amyris elemifera",-93.0938466794204,16.5010553586485,1972,10,3,"MX","Amyris elemifera"
1895472744,"Amyris elemifera",-93.8753867004962,16.3298257809994,1972,10,4,"MX","Amyris elemifera"
1896050804,"Amyris elemifera",-93.111389,16.477778,1972,10,3,"MX","Amyris elemifera"
3323494379,"Amyris elemifera",-93.566667,16.85,1972,10,15,"MX","Amyris elemifera"
3323499653,"Amyris elemifera",-93.083333,16.523611,1972,10,3,"MX","Amyris elemifera"
3323500462,"Amyris elemifera",-93.9,16.333333,1972,10,4,"MX","Amyris elemifera"
3323495882,"Amyris elemifera",-93.754167,16.088889,1949,9,20,"MX","Amyris elemifera"
1895472718,"Amyris elemifera",-92.2849365059219,15.742485870594,1945,5,29,"MX","Amyris elemifera"
1895472723,"Amyris elemifera",-92.2849365059219,15.742485870594,1945,5,29,"MX","Amyris elemifera"
2629762566,"Amyris elemifera",-96.75,19.25,1906,11,NA,"MX","Amyris elemifera"
1895084696,"Amyris elemifera",-89.89,21.158056,NA,NA,NA,"MX","Amyris elemifera"
1895084732,"Amyris elemifera",-89.89,21.158056,NA,NA,NA,"MX","Amyris elemifera"
1895084771,"Amyris elemifera",-89.89,21.158056,NA,NA,NA,"MX","Amyris elemifera"
1895084778,"Amyris elemifera",-89.89,21.158056,NA,NA,NA,"MX","Amyris elemifera"
1895084790,"Amyris elemifera",-89.89,21.158056,NA,NA,NA,"MX","Amyris elemifera"
1895084807,"Amyris elemifera",-89.89,21.158056,NA,NA,NA,"MX","Amyris elemifera"
1895084840,"Amyris elemifera",-89.859167,19.2175,NA,NA,NA,"MX","Amyris elemifera"
3308438078,"Amyris elemifera",-87.7319,20.49167,NA,NA,NA,"MX","Amyris elemifera"
3712399961,"Amyris elemifera",-80.393197,25.144417,2022,3,7,"US","Amyris elemifera"
3712504715,"Amyris elemifera",-80.105469,26.138997,2022,3,5,"US","Amyris elemifera"
3743009814,"Amyris elemifera",-80.407897,25.126892,2022,3,12,"US","Amyris elemifera"
3743364462,"Amyris elemifera",-80.104347,26.144545,2022,3,17,"US","Amyris elemifera"
3760220402,"Amyris elemifera",-80.296813,25.277475,2022,4,9,"US","Amyris elemifera"
3772805801,"Amyris elemifera",-80.595442,24.950503,2022,4,29,"US","Amyris elemifera"
3773124827,"Amyris elemifera",-80.407722,25.12577,2022,4,30,"US","Amyris elemifera"
3773213401,"Amyris elemifera",-80.327494,25.215756,2022,4,30,"US","Amyris elemifera"
3039233829,"Amyris elemifera",-80.820492,24.814859,2021,2,8,"US","Amyris elemifera"
3044801286,"Amyris elemifera",-80.820678,24.814713,2021,2,23,"US","Amyris elemifera"
3112711747,"Amyris elemifera",-80.407714,25.126677,2021,4,30,"US","Amyris elemifera"
3338084054,"Amyris elemifera",-80.609501,24.939678,2021,4,30,"US","Amyris elemifera"
3302149758,"Amyris elemifera",-80.339583,25.21148,2021,6,8,"US","Amyris elemifera"
3456383018,"Amyris elemifera",-80.378678,25.753467,2021,8,31,"US","Amyris elemifera"
3415745339,"Amyris elemifera",-80.408775,25.125309,2021,11,24,"US","Amyris elemifera"
3416125802,"Amyris elemifera",-81.321156,24.696628,2021,11,17,"US","Amyris elemifera"
3712601149,"Amyris elemifera",-81.321242,24.696215,2021,11,17,"US","Amyris elemifera"
3456597981,"Amyris elemifera",-80.82695,28.930203,2021,12,1,"US","Amyris elemifera"
2550087148,"Amyris elemifera",-80.955482,24.766364,2020,1,3,"US","Amyris elemifera"
2550135186,"Amyris elemifera",-80.818397,28.917058,2020,1,3,"US","Amyris elemifera"
2634329056,"Amyris elemifera",-80.297844,25.298072,2020,6,1,"US","Amyris elemifera"
2850606168,"Amyris elemifera",-80.183456,27.157306,2020,8,3,"US","Amyris elemifera"
2860189201,"Amyris elemifera",-80.184425,27.161878,2020,9,1,"US","Amyris elemifera"
2963916151,"Amyris elemifera",-80.821974,24.814207,2020,10,28,"US","Amyris elemifera"
2988525875,"Amyris elemifera",-80.823052,24.816106,2020,11,23,"US","Amyris elemifera"
3008396142,"Amyris elemifera",-81.572533,24.760648,2020,12,15,"US","Amyris elemifera"
3008495061,"Amyris elemifera",-81.491653,24.663087,2020,12,24,"US","Amyris elemifera"
2234771155,"Amyris elemifera",-80.103783,26.144938,2019,1,4,"US","Amyris elemifera"
2251837796,"Amyris elemifera",-80.405693,25.125067,2019,4,28,"US","Amyris elemifera"
2423025672,"Amyris elemifera",-80.821945,24.813889,2019,9,11,"US","Amyris elemifera"
2423030013,"Amyris elemifera",-80.82,24.815001,2019,9,11,"US","Amyris elemifera"
2540781808,"Amyris elemifera",-81.321195,24.696414,2019,12,20,"US","Amyris elemifera"
2540890726,"Amyris elemifera",-80.370364,25.392396,2019,12,20,"US","Amyris elemifera"
3044831367,"Amyris elemifera",-80.234428,25.399,2018,11,10,"US","Amyris elemifera"
3070606349,"Amyris elemifera",-80.234245,25.397792,2017,4,28,"US","Amyris elemifera"
1503285084,"Amyris elemifera",-80.3985,27.7498,2016,2,24,"US","Amyris elemifera"
1986631591,"Amyris elemifera",-80.356536,25.191408,2016,3,14,"US","Amyris elemifera"
122899655,"Amyris elemifera",-81.3542,24.6694,2000,1,22,"US","Amyris elemifera"
122899492,"Amyris elemifera",-80.6679,24.9844,2000,9,7,"US","Amyris elemifera"
1503243928,"Amyris elemifera",-82.3666,28.1635,2000,9,7,"US","Amyris elemifera"
3314100435,"Amyris elemifera",-80.3398,25.2135,1999,6,17,"US","Amyris elemifera"
122899656,"Amyris elemifera",-81.3542,24.6694,1999,10,11,"US","Amyris elemifera"
122900337,"Amyris elemifera",-80.3985,27.0816,1998,6,8,"US","Amyris elemifera"
1503234971,"Amyris elemifera",-80.1847,27.1578,1998,6,8,"US","Amyris elemifera"
122900219,"Amyris elemifera",-80.3985,27.0816,1997,12,9,"US","Amyris elemifera"
122900125,"Amyris elemifera",-80.6679,24.9844,1996,4,3,"US","Amyris elemifera"
122899532,"Amyris elemifera",-81.3328,24.6403,1993,1,10,"US","Amyris elemifera"
1503247759,"Amyris elemifera",-81.3328,24.6403,1993,1,10,"US","Amyris elemifera"
2430684446,"Amyris elemifera",-81.387839,24.654296,1993,11,9,"US","Amyris elemifera"
1260808045,"Amyris elemifera",-80.226439,25.788969,1989,7,31,"US","Amyris elemifera"
122899984,"Amyris elemifera",-80.4456,27.3809,1985,9,26,"US","Amyris elemifera"
1503216111,"Amyris elemifera",-81.9667,27.8333,1985,9,26,"US","Amyris elemifera"
122899958,"Amyris elemifera",-80.4365,26.6476,1983,9,28,"US","Amyris elemifera"
122899956,"Amyris elemifera",-80.6679,24.9844,1982,11,27,"US","Amyris elemifera"
122899884,"Amyris elemifera",-80.6679,24.9844,1979,5,9,"US","Amyris elemifera"
122899885,"Amyris elemifera",-80.6679,24.9844,1979,7,4,"US","Amyris elemifera"
122899892,"Amyris elemifera",-80.6679,24.9844,1979,9,16,"US","Amyris elemifera"
1503186193,"Amyris elemifera",-80.4931,27.8359,1978,11,26,"US","Amyris elemifera"
1503178180,"Amyris elemifera",-80.8167,26.6833,1976,5,21,"US","Amyris elemifera"
1503177827,"Amyris elemifera",-80.4458,27.8164,1975,7,26,"US","Amyris elemifera"
1503200878,"Amyris elemifera",-85.678,30.5999,1974,2,8,"US","Amyris elemifera"
1503222750,"Amyris elemifera",-85.678,30.5999,1974,2,8,"US","Amyris elemifera"
1503174116,"Amyris elemifera",-82.7873,27.9095,1974,12,17,"US","Amyris elemifera"
1503222446,"Amyris elemifera",-82.7395,28.1878,1972,4,3,"US","Amyris elemifera"
1503172815,"Amyris elemifera",-85.6667,30.6,1972,7,6,"US","Amyris elemifera"
122899401,"Amyris elemifera",-80.4987,25.609,1971,6,3,"US","Amyris elemifera"
122899668,"Amyris elemifera",-80.4987,25.609,1971,8,29,"US","Amyris elemifera"
1896050807,"Amyris elemifera",-81.354444,24.669722,1970,3,28,"US","Amyris elemifera"
122899459,"Amyris elemifera",-80.6679,24.9844,1970,4,1,"US","Amyris elemifera"
122900339,"Amyris elemifera",-80.6679,24.9844,1970,4,2,"US","Amyris elemifera"
1503310534,"Amyris elemifera",-82.7873,27.9095,1969,5,17,"US","Amyris elemifera"
1503311920,"Amyris elemifera",-82.4507,28.0054,1969,10,4,"US","Amyris elemifera"
122899749,"Amyris elemifera",-80.6679,24.9844,1968,1,4,"US","Amyris elemifera"
122899764,"Amyris elemifera",-80.6679,24.9844,1968,7,6,"US","Amyris elemifera"
1503309660,"Amyris elemifera",-85.678,30.5999,1968,11,23,"US","Amyris elemifera"
1503303202,"Amyris elemifera",-83.5833,30.0833,1966,4,19,"US","Amyris elemifera"
1503304149,"Amyris elemifera",-80.5523,24.9762,1966,7,9,"US","Amyris elemifera"
1503305081,"Amyris elemifera",-85.678,30.5999,1966,10,9,"US","Amyris elemifera"
1503300994,"Amyris elemifera",-80.6081,28.0836,1965,5,22,"US","Amyris elemifera"
1503302189,"Amyris elemifera",-83.0333,29.3667,1965,10,22,"US","Amyris elemifera"
1503282968,"Amyris elemifera",-82.7873,27.9095,1964,4,2,"US","Amyris elemifera"
1503299044,"Amyris elemifera",-80.4458,27.8164,1964,10,17,"US","Amyris elemifera"
1503299322,"Amyris elemifera",-80.4458,27.8164,1964,12,31,"US","Amyris elemifera"
1503296541,"Amyris elemifera",-82.7873,27.9095,1963,8,19,"US","Amyris elemifera"
1503294200,"Amyris elemifera",-82.7873,27.9095,1962,10,13,"US","Amyris elemifera"
1503294207,"Amyris elemifera",-82.7873,27.9095,1962,10,13,"US","Amyris elemifera"
2412539627,"Amyris elemifera",-81.353244,24.672643,1961,12,20,"US","Amyris elemifera"
1503184880,"Amyris elemifera",-80.6387,24.9143,1957,9,5,"US","Amyris elemifera"
2517615169,"Amyris elemifera",-80.44728,25.086515,1956,1,1,"US","Amyris elemifera"
122900448,"Amyris elemifera",-80.6679,24.9844,1952,3,13,"US","Amyris elemifera"
122900447,"Amyris elemifera",-80.6679,24.9844,1951,11,24,"US","Amyris elemifera"
122900456,"Amyris elemifera",-80.6679,24.9844,1941,1,12,"US","Amyris elemifera"
122900451,"Amyris elemifera",-80.7012,28.3003,1939,3,11,"US","Amyris elemifera"
122900450,"Amyris elemifera",-80.4559,26.1519,1937,2,24,"US","Amyris elemifera"
122900457,"Amyris elemifera",-80.4559,26.1519,1937,2,13,"US","Amyris elemifera"
122900460,"Amyris elemifera",-80.4559,26.1519,1937,2,13,"US","Amyris elemifera"
768792471,"Amyris elemifera",-80.20833,26.19888,1937,2,13,"US","Amyris elemifera"
768792472,"Amyris elemifera",-80.20833,26.19888,1937,2,24,"US","Amyris elemifera"
122900454,"Amyris elemifera",-80.6679,24.9844,1937,3,6,"US","Amyris elemifera"
768792474,"Amyris elemifera",-80.44722,25.08638,1937,3,6,"US","Amyris elemifera"
122900461,"Amyris elemifera",-80.6679,24.9844,1936,4,4,"US","Amyris elemifera"
122899856,"Amyris elemifera",-80.6679,24.9844,1936,12,30,"US","Amyris elemifera"
122900452,"Amyris elemifera",-80.6679,24.9844,1936,12,30,"US","Amyris elemifera"
122900455,"Amyris elemifera",-80.6679,24.9844,1936,12,30,"US","Amyris elemifera"
768792473,"Amyris elemifera",-80.44722,25.08638,1936,12,30,"US","Amyris elemifera"
122900449,"Amyris elemifera",-80.4559,26.1519,1934,11,17,"US","Amyris elemifera"
122900459,"Amyris elemifera",-80.4559,26.1519,1934,11,17,"US","Amyris elemifera"
768792475,"Amyris elemifera",-80.14333,26.12222,1934,11,17,"US","Amyris elemifera"
122900453,"Amyris elemifera",-80.6679,24.9844,1930,2,15,"US","Amyris elemifera"
1503278585,"Amyris elemifera",-82.4559,27.9658,1929,9,13,"US","Amyris elemifera"
1503278593,"Amyris elemifera",-80.6387,24.9143,1929,9,13,"US","Amyris elemifera"
122900458,"Amyris elemifera",-80.4365,26.6476,1915,1,15,"US","Amyris elemifera"
1897836674,"Amyris elemifera",-80.3765,27.668333,1879,8,1,"US","Amyris elemifera"
