"gbifID","species","longitude","latitude","year","month","day","countryCode"
3058829697,"Angelica atropurpurea",-80.427103,43.482619,2021,3,2,"CA"
3117862299,"Angelica atropurpurea",-80.271455,43.571042,2021,5,17,"CA"
3124533047,"Angelica atropurpurea",-81.306286,44.334217,2021,5,24,"CA"
2550079882,"Angelica atropurpurea",-81.189423,43.074052,2020,1,5,"CA"
2574043840,"Angelica atropurpurea",-81.028221,43.253524,2020,2,13,"CA"
2580280148,"Angelica atropurpurea",-79.757295,44.136506,2020,3,19,"CA"
2999215358,"Angelica atropurpurea",-80.414264,43.396,2020,3,17,"CA"
2603295430,"Angelica atropurpurea",-80.521892,43.2687,2020,4,12,"CA"
2609100973,"Angelica atropurpurea",-80.402726,43.425707,2020,4,23,"CA"
2619939452,"Angelica atropurpurea",-80.4123,43.405437,2020,4,8,"CA"
3031641619,"Angelica atropurpurea",-80.646194,43.503982,2020,4,18,"CA"
2626334006,"Angelica atropurpurea",-80.303092,43.142864,2020,5,17,"CA"
2814225601,"Angelica atropurpurea",-80.564472,43.608503,2020,5,30,"CA"
2999088391,"Angelica atropurpurea",-80.343703,43.157313,2020,5,1,"CA"
2999136418,"Angelica atropurpurea",-81.81649,43.106705,2020,5,31,"CA"
2802570008,"Angelica atropurpurea",-81.253056,42.981389,2020,6,16,"CA"
2802588907,"Angelica atropurpurea",-81.641312,43.72538,2020,6,12,"CA"
2803003006,"Angelica atropurpurea",-81.231855,42.973002,2020,6,17,"CA"
2813942138,"Angelica atropurpurea",-81.172238,42.969208,2020,6,27,"CA"
2859908405,"Angelica atropurpurea",-80.455608,43.189305,2020,6,20,"CA"
2860102426,"Angelica atropurpurea",-80.45551,43.189395,2020,6,16,"CA"
2999153426,"Angelica atropurpurea",-80.254259,43.551777,2020,6,1,"CA"
2999153427,"Angelica atropurpurea",-80.643255,43.332196,2020,6,4,"CA"
2999172430,"Angelica atropurpurea",-80.414234,43.421619,2020,6,28,"CA"
2999189422,"Angelica atropurpurea",-80.357752,43.381559,2020,6,24,"CA"
2999211411,"Angelica atropurpurea",-80.343327,43.157178,2020,6,25,"CA"
2999214428,"Angelica atropurpurea",-80.256203,43.531172,2020,6,28,"CA"
3067759997,"Angelica atropurpurea",-79.381745,44.314845,2020,6,26,"CA"
3124490398,"Angelica atropurpurea",-79.371042,43.780806,2020,6,8,"CA"
2814045805,"Angelica atropurpurea",-80.563995,43.608191,2020,7,2,"CA"
2814370835,"Angelica atropurpurea",-80.274812,43.586095,2020,7,2,"CA"
2818865310,"Angelica atropurpurea",-79.135168,43.801782,2020,7,14,"CA"
2823270017,"Angelica atropurpurea",-80.283448,43.138285,2020,7,19,"CA"
2826186138,"Angelica atropurpurea",-81.70913,43.756372,2020,7,25,"CA"
2850574117,"Angelica atropurpurea",-57.800354,49.58748,2020,7,28,"CA"
2999064439,"Angelica atropurpurea",-81.675013,43.735371,2020,7,12,"CA"
2999197431,"Angelica atropurpurea",-75.825036,44.966557,2020,7,8,"CA"
3067782030,"Angelica atropurpurea",-54.154434,46.961697,2020,7,19,"CA"
2850541218,"Angelica atropurpurea",-81.258151,43.025373,2020,8,4,"CA"
2860146644,"Angelica atropurpurea",-79.127716,43.799322,2020,8,28,"CA"
2992852482,"Angelica atropurpurea",-71.778603,45.524088,2020,8,22,"CA"
2999091473,"Angelica atropurpurea",-80.890704,44.033281,2020,8,29,"CA"
3039355662,"Angelica atropurpurea",-80.355851,43.408787,2020,8,23,"CA"
3067683110,"Angelica atropurpurea",-56.738518,51.311935,2020,8,13,"CA"
2999127486,"Angelica atropurpurea",-80.271622,42.774004,2020,9,9,"CA"
2980827693,"Angelica atropurpurea",-63.898052,46.575902,2020,10,30,"CA"
2984461899,"Angelica atropurpurea",-80.316427,43.352604,2020,10,31,"CA"
2984403843,"Angelica atropurpurea",-77.83546,44.117114,2020,11,5,"CA"
2984483812,"Angelica atropurpurea",-80.473686,43.490967,2020,11,9,"CA"
2992867031,"Angelica atropurpurea",-80.36335,43.181372,2020,11,20,"CA"
2999191590,"Angelica atropurpurea",-81.623276,43.697808,2020,11,16,"CA"
1986585267,"Angelica atropurpurea",-79.197222,43.824346,2019,1,4,"CA"
2013711974,"Angelica atropurpurea",-80.468764,43.292761,2019,3,9,"CA"
2028463169,"Angelica atropurpurea",-81.834676,42.791444,2019,3,16,"CA"
2237433914,"Angelica atropurpurea",-81.175025,43.108683,2019,4,18,"CA"
2239004530,"Angelica atropurpurea",-80.916132,43.17284,2019,4,30,"CA"
2576436326,"Angelica atropurpurea",-81.799753,43.079116,2019,4,14,"CA"
2999129325,"Angelica atropurpurea",-81.203575,43.03977,2019,4,9,"CA"
2242965348,"Angelica atropurpurea",-79.860829,44.311292,2019,5,11,"CA"
2242988157,"Angelica atropurpurea",-81.261535,43.013678,2019,5,14,"CA"
2244273892,"Angelica atropurpurea",-80.643236,43.332236,2019,5,17,"CA"
2251856291,"Angelica atropurpurea",-81.712667,45.230213,2019,5,20,"CA"
2251939660,"Angelica atropurpurea",-74.616667,45.094722,2019,5,26,"CA"
2542909798,"Angelica atropurpurea",-74.617324,45.094117,2019,5,26,"CA"
2542909801,"Angelica atropurpurea",-74.617002,45.094231,2019,5,26,"CA"
2542909804,"Angelica atropurpurea",-74.616938,45.094314,2019,5,26,"CA"
2603306738,"Angelica atropurpurea",-80.72898,43.395492,2019,5,18,"CA"
2252082029,"Angelica atropurpurea",-71.284271,46.713131,2019,6,5,"CA"
2265831112,"Angelica atropurpurea",-81.137184,44.112683,2019,6,8,"CA"
2273257390,"Angelica atropurpurea",-80.095039,43.555124,2019,6,23,"CA"
2273282246,"Angelica atropurpurea",-81.204803,43.039835,2019,6,24,"CA"
2273286935,"Angelica atropurpurea",-79.657301,43.546753,2019,6,24,"CA"
2273289889,"Angelica atropurpurea",-80.343251,43.157256,2019,6,16,"CA"
2273299324,"Angelica atropurpurea",-80.629573,43.513717,2019,6,25,"CA"
2283096629,"Angelica atropurpurea",-80.593874,43.609778,2019,6,30,"CA"
2859892337,"Angelica atropurpurea",-80.45551,43.189148,2019,6,26,"CA"
2999052323,"Angelica atropurpurea",-81.82738,42.78892,2019,6,10,"CA"
3017963342,"Angelica atropurpurea",-81.238533,43.04145,2019,6,19,"CA"
2283104647,"Angelica atropurpurea",-80.225845,43.54585,2019,7,1,"CA"
2283176475,"Angelica atropurpurea",-72.509605,45.217322,2019,7,5,"CA"
2283196637,"Angelica atropurpurea",-80.47088,43.288797,2019,7,5,"CA"
2311399777,"Angelica atropurpurea",-81.711554,45.230827,2019,7,20,"CA"
2331865150,"Angelica atropurpurea",-80.73851,51.797932,2019,7,26,"CA"
2465110137,"Angelica atropurpurea",-79.822355,44.278246,2019,7,4,"CA"
2574063090,"Angelica atropurpurea",-68.746881,47.223105,2019,7,9,"CA"
2574223155,"Angelica atropurpurea",-67.761517,47.058363,2019,7,31,"CA"
2609076634,"Angelica atropurpurea",-80.47361,43.473888,2019,7,5,"CA"
2609077028,"Angelica atropurpurea",-80.564125,43.60823,2019,7,16,"CA"
2999047334,"Angelica atropurpurea",-80.200326,43.134777,2019,7,13,"CA"
2999114328,"Angelica atropurpurea",-80.338803,43.15555,2019,7,20,"CA"
2999184341,"Angelica atropurpurea",-79.659808,43.553088,2019,7,15,"CA"
3113257325,"Angelica atropurpurea",-81.456346,43.826379,2019,7,18,"CA"
2331920330,"Angelica atropurpurea",-80.343269,43.157094,2019,8,5,"CA"
2350428036,"Angelica atropurpurea",-79.733283,43.623225,2019,8,14,"CA"
2366116432,"Angelica atropurpurea",-56.692036,51.326783,2019,8,19,"CA"
2429232535,"Angelica atropurpurea",-55.935781,51.612867,2019,8,19,"CA"
2429234271,"Angelica atropurpurea",-56.741877,51.292682,2019,8,19,"CA"
2445129478,"Angelica atropurpurea",-80.691147,51.799421,2019,8,22,"CA"
2542904424,"Angelica atropurpurea",-70.536396,47.091621,2019,8,31,"CA"
2575020014,"Angelica atropurpurea",-56.692036,51.326783,2019,8,19,"CA"
2633595379,"Angelica atropurpurea",-56.692,51.327,2019,8,19,"CA"
2802591472,"Angelica atropurpurea",-55.989597,51.591022,2019,8,19,"CA"
2992792397,"Angelica atropurpurea",-81.230998,43.035185,2019,8,5,"CA"
2999139345,"Angelica atropurpurea",-74.650241,45.033934,2019,8,3,"CA"
2429332622,"Angelica atropurpurea",-56.740843,51.29184,2019,9,20,"CA"
2626486401,"Angelica atropurpurea",-55.560347,51.356758,2019,9,19,"CA"
2999048357,"Angelica atropurpurea",-80.478092,43.514875,2019,9,22,"CA"
2529277523,"Angelica atropurpurea",-80.392653,43.450272,2019,12,15,"CA"
1831160392,"Angelica atropurpurea",-81.083889,42.8825,2018,1,5,"CA"
2999080307,"Angelica atropurpurea",-80.46803,43.471291,2018,3,4,"CA"
1978811698,"Angelica atropurpurea",-81.169342,43.091236,2018,4,21,"CA"
1847448874,"Angelica atropurpurea",-80.572017,43.535856,2018,5,5,"CA"
1847508810,"Angelica atropurpurea",-80.291899,43.135575,2018,5,12,"CA"
1847510210,"Angelica atropurpurea",-80.64353,43.332237,2018,5,13,"CA"
1847520085,"Angelica atropurpurea",-80.466819,43.498967,2018,5,14,"CA"
1880585028,"Angelica atropurpurea",-80.482327,43.228801,2018,6,25,"CA"
1880614245,"Angelica atropurpurea",-81.233617,43.030959,2018,6,28,"CA"
1890035737,"Angelica atropurpurea",-81.24024,43.029641,2018,6,28,"CA"
1920786141,"Angelica atropurpurea",-76.219953,45.479968,2018,6,26,"CA"
1948731589,"Angelica atropurpurea",-63.911854,46.451412,2018,6,26,"CA"
1990443849,"Angelica atropurpurea",-80.369269,43.033456,2018,6,24,"CA"
2005261431,"Angelica atropurpurea",-80.369325,43.033492,2018,6,24,"CA"
2465085490,"Angelica atropurpurea",-80.454643,43.189448,2018,6,25,"CA"
2465094846,"Angelica atropurpurea",-80.455128,43.189717,2018,6,25,"CA"
2465094851,"Angelica atropurpurea",-80.455287,43.188892,2018,6,25,"CA"
2597678183,"Angelica atropurpurea",-80.399079,43.445603,2018,6,18,"CA"
1883472644,"Angelica atropurpurea",-70.778972,47.075181,2018,7,6,"CA"
1883490075,"Angelica atropurpurea",-81.440569,42.771115,2018,7,9,"CA"
1890700563,"Angelica atropurpurea",-67.043013,47.589808,2018,7,26,"CA"
1993705881,"Angelica atropurpurea",-80.152466,43.607078,2018,7,26,"CA"
2294399839,"Angelica atropurpurea",-80.722467,43.978583,2018,7,18,"CA"
1891340630,"Angelica atropurpurea",-80.68871,51.801517,2018,8,1,"CA"
1899806790,"Angelica atropurpurea",-80.690921,51.8028,2018,8,24,"CA"
1986524452,"Angelica atropurpurea",-79.676414,43.555111,2018,8,30,"CA"
2013691056,"Angelica atropurpurea",-67.730182,47.024568,2018,8,1,"CA"
1920843399,"Angelica atropurpurea",-81.713049,45.230477,2018,10,6,"CA"
1944403384,"Angelica atropurpurea",-80.793289,44.065706,2018,11,12,"CA"
1978826863,"Angelica atropurpurea",-78.963263,43.89987,2018,12,21,"CA"
2006102476,"Angelica atropurpurea",-81.975625,42.709041,2017,5,31,"CA"
1571163473,"Angelica atropurpurea",-79.733744,43.626415,2017,6,20,"CA"
1571163498,"Angelica atropurpurea",-79.656175,43.547275,2017,6,20,"CA"
2860177432,"Angelica atropurpurea",-80.461085,43.204836,2017,6,28,"CA"
3018121268,"Angelica atropurpurea",-81.194428,43.041703,2017,6,13,"CA"
1584407421,"Angelica atropurpurea",-65.143341,46.03552,2017,7,19,"CA"
1584423012,"Angelica atropurpurea",-81.343931,44.509423,2017,7,24,"CA"
1802628261,"Angelica atropurpurea",-83.010277,42.275264,2017,7,31,"CA"
1802629401,"Angelica atropurpurea",-79.127674,43.80005,2017,8,9,"CA"
2901542754,"Angelica atropurpurea",-72.075131,45.854083,2017,8,7,"CA"
1668898551,"Angelica atropurpurea",-81.244044,43.026204,2017,10,4,"CA"
1677303746,"Angelica atropurpurea",-70.779167,47.076111,2017,10,14,"CA"
1699368482,"Angelica atropurpurea",-80.642883,43.330803,2017,10,20,"CA"
1453295625,"Angelica atropurpurea",-81.797504,43.12119,2016,7,5,"CA"
2236220844,"Angelica atropurpurea",-80.567688,51.656219,2016,8,4,"CA"
1453314318,"Angelica atropurpurea",-80.316485,42.72371,2016,9,10,"CA"
2802545335,"Angelica atropurpurea",-81.234197,43.026279,2015,7,9,"CA"
3061804360,"Angelica atropurpurea",-81.270469,42.978643,2015,7,17,"CA"
2557629853,"Angelica atropurpurea",-80.314428,43.361621,2014,6,28,"CA"
1802781745,"Angelica atropurpurea",-80.467167,43.498667,2013,6,28,"CA"
1671726923,"Angelica atropurpurea",-58.278101,48.477464,2013,7,24,"CA"
1703191032,"Angelica atropurpurea",-80.69087,51.79882,2013,8,12,"CA"
1805413566,"Angelica atropurpurea",-66.495587,47.391423,2012,7,17,"CA"
1899338620,"Angelica atropurpurea",-80.110043,51.290327,2012,7,8,"CA"
1899338705,"Angelica atropurpurea",-80.110043,51.290327,2012,7,8,"CA"
891095247,"Angelica atropurpurea",-81.14615,43.26168,2012,8,28,"CA"
2563564978,"Angelica atropurpurea",-77.757322,44.018062,2012,8,9,"CA"
668743478,"Angelica atropurpurea",-68.498611,47.613611,2011,10,30,"CA"
2465201800,"Angelica atropurpurea",-81.25242,44.65927,2010,5,18,"CA"
1807331098,"Angelica atropurpurea",-79.802552,43.220784,2009,6,19,"CA"
686195115,"Angelica atropurpurea",-61.28833,45.72333,2009,8,14,"CA"
3031704800,"Angelica atropurpurea",-56.930164,50.821575,2009,9,3,"CA"
3032074740,"Angelica atropurpurea",-56.931841,50.82535,2009,9,3,"CA"
1248692720,"Angelica atropurpurea",-71.270833,46.781944,2006,6,19,"CA"
668743408,"Angelica atropurpurea",-78.7829403084246,52.9166129445349,2006,8,8,"CA"
1248692801,"Angelica atropurpurea",-57.161944,51.423333,2006,8,3,"CA"
2529311239,"Angelica atropurpurea",-65.559748,47.02667,2005,6,14,"CA"
1262031146,"Angelica atropurpurea",-57.203056,51.411389,2005,7,28,"CA"
1803139881,"Angelica atropurpurea",-57.203056,51.411389,2005,7,28,"CA"
3031659002,"Angelica atropurpurea",-55.465775,52.265293,2005,8,17,"CA"
465938060,"Angelica atropurpurea",-62.413056,46.353611,2005,9,14,"CA"
465895690,"Angelica atropurpurea",-64.072778,46.848889,2004,5,16,"CA"
473310667,"Angelica atropurpurea",-56.931667,51.4925,2004,8,2,"CA"
473311051,"Angelica atropurpurea",-55.365556,51.965,2004,8,17,"CA"
2571237479,"Angelica atropurpurea",-57.797,49.5828,2004,8,2,"CA"
2571251807,"Angelica atropurpurea",-57.797,49.5828,2004,8,2,"CA"
2571255233,"Angelica atropurpurea",-57.797,49.5828,2004,8,2,"CA"
2571272450,"Angelica atropurpurea",-57.797,49.5828,2004,8,2,"CA"
2571272993,"Angelica atropurpurea",-57.797,49.5828,2004,8,2,"CA"
2571274923,"Angelica atropurpurea",-57.797,49.5828,2004,8,2,"CA"
2571278102,"Angelica atropurpurea",-57.797,49.5828,2004,8,2,"CA"
2571283654,"Angelica atropurpurea",-57.797,49.5828,2004,8,2,"CA"
2571285804,"Angelica atropurpurea",-57.797,49.5828,2004,8,2,"CA"
2571290298,"Angelica atropurpurea",-57.797,49.5828,2004,8,2,"CA"
2571293021,"Angelica atropurpurea",-57.797,49.5828,2004,8,2,"CA"
465938063,"Angelica atropurpurea",-64.113333,46.671111,2003,6,16,"CA"
1993755114,"Angelica atropurpurea",-80.489907,51.327288,2003,8,4,"CA"
465861448,"Angelica atropurpurea",-63.987363,46.918243,2001,6,11,"CA"
465861455,"Angelica atropurpurea",-62.875153,46.367607,2001,7,9,"CA"
465894356,"Angelica atropurpurea",-61.278889,45.686667,2001,8,7,"CA"
465861423,"Angelica atropurpurea",-62.614956,45.968035,2000,8,8,"CA"
1248692730,"Angelica atropurpurea",-71.100833,46.888056,1997,10,21,"CA"
1899277167,"Angelica atropurpurea",-76.15,45.516667,1996,7,22,"CA"
473408439,"Angelica atropurpurea",-70.272778,47.213889,1995,8,30,"CA"
473568984,"Angelica atropurpurea",-70.2736,47.2126,1995,8,30,"CA"
668743383,"Angelica atropurpurea",-57.140278,51.394444,1994,8,3,"CA"
668743385,"Angelica atropurpurea",-57.125,51.388889,1994,8,11,"CA"
668743386,"Angelica atropurpurea",-57.201389,51.4125,1994,8,18,"CA"
668743387,"Angelica atropurpurea",-57.201389,51.4125,1994,8,18,"CA"
668743388,"Angelica atropurpurea",-57.241667,51.458333,1994,8,18,"CA"
668743389,"Angelica atropurpurea",-57.201389,51.4125,1994,8,18,"CA"
668743390,"Angelica atropurpurea",-57.241667,51.458333,1994,8,18,"CA"
668743391,"Angelica atropurpurea",-57.241667,51.458333,1994,8,18,"CA"
668743392,"Angelica atropurpurea",-57.201389,51.4125,1994,8,18,"CA"
668743393,"Angelica atropurpurea",-57.139722,51.390833,1994,8,12,"CA"
668743394,"Angelica atropurpurea",-57.139722,51.390833,1994,8,12,"CA"
668743395,"Angelica atropurpurea",-57.139722,51.390833,1994,8,12,"CA"
668743396,"Angelica atropurpurea",-57.128333,51.454444,1994,8,4,"CA"
668743397,"Angelica atropurpurea",-57.1325,51.426389,1994,8,11,"CA"
1262021636,"Angelica atropurpurea",-71.35,46.8,1992,6,4,"CA"
473340411,"Angelica atropurpurea",-66.6225,48.893333,1992,7,27,"CA"
1262022027,"Angelica atropurpurea",-66.6225,48.893333,1992,7,27,"CA"
1262024293,"Angelica atropurpurea",-79.25,51.6,1991,7,27,"CA"
1248692719,"Angelica atropurpurea",-78.708333,52.641667,1991,8,10,"CA"
1248692733,"Angelica atropurpurea",-78.927778,51.275,1991,8,12,"CA"
1262023572,"Angelica atropurpurea",-78.6,51.183333,1990,9,15,"CA"
1804529133,"Angelica atropurpurea",-66.922222,47.427778,1988,8,12,"CA"
1262016623,"Angelica atropurpurea",-71.816667,45.966667,1987,6,26,"CA"
1804604726,"Angelica atropurpurea",-77.616667,45.316667,1987,7,16,"CA"
668743430,"Angelica atropurpurea",-71.898889,45.543056,1985,6,24,"CA"
1262016261,"Angelica atropurpurea",-70.8,46.65,1984,7,5,"CA"
1804599975,"Angelica atropurpurea",-77.227778,44.688889,1983,7,9,"CA"
668743425,"Angelica atropurpurea",-70.9,47.05,1982,7,18,"CA"
668743424,"Angelica atropurpurea",-71.321389,46.016667,1981,7,28,"CA"
668743431,"Angelica atropurpurea",-72.160556,45.670556,1979,6,18,"CA"
1262008661,"Angelica atropurpurea",-72.15,45.666667,1979,6,18,"CA"
668743463,"Angelica atropurpurea",-63.558056,50.209444,1979,7,NA,"CA"
1262019323,"Angelica atropurpurea",-63.55,50.216667,1979,7,NA,"CA"
1804374886,"Angelica atropurpurea",-80.45,50.7,1979,7,25,"CA"
1804492055,"Angelica atropurpurea",-82.625,41.8,1979,7,2,"CA"
473487470,"Angelica atropurpurea",-77.233333,55.466667,1979,8,24,"CA"
1248692646,"Angelica atropurpurea",-57.033333,51.633333,1979,8,11,"CA"
1248692718,"Angelica atropurpurea",-57.083333,51.5,1979,8,21,"CA"
1804412921,"Angelica atropurpurea",-81.883333,42.583333,1978,7,12,"CA"
668743451,"Angelica atropurpurea",-63.749167,50.211944,1977,7,15,"CA"
2827054491,"Angelica atropurpurea",-61.749167,54.333333,1977,8,NA,"CA"
668743446,"Angelica atropurpurea",-63.548611,50.220278,1976,6,29,"CA"
668743447,"Angelica atropurpurea",-63.548611,50.220278,1976,7,13,"CA"
668743474,"Angelica atropurpurea",-63.548611,50.220278,1976,7,19,"CA"
668743475,"Angelica atropurpurea",-63.548611,50.220278,1976,7,19,"CA"
668743448,"Angelica atropurpurea",-63.548611,50.220278,1976,8,23,"CA"
668743449,"Angelica atropurpurea",-63.548611,50.220278,1976,8,19,"CA"
668743476,"Angelica atropurpurea",-63.548611,50.220278,1976,8,19,"CA"
1807248325,"Angelica atropurpurea",-60.68974,45.59234,1976,9,9,"CA"
1248692684,"Angelica atropurpurea",-79.358333,51.148056,1975,6,24,"CA"
1248692706,"Angelica atropurpurea",-79.035278,50.963611,1975,7,11,"CA"
1248692667,"Angelica atropurpurea",-78.497222,52.244722,1974,7,24,"CA"
668743417,"Angelica atropurpurea",-70.966667,46.633333,1973,7,4,"CA"
668743418,"Angelica atropurpurea",-70.97,46.625,1973,7,4,"CA"
668743444,"Angelica atropurpurea",-78.906944,53.566667,1973,7,8,"CA"
668743460,"Angelica atropurpurea",-65.9425,48.990556,1973,7,25,"CA"
1261995243,"Angelica atropurpurea",-70.966667,46.633333,1973,7,4,"CA"
1803139838,"Angelica atropurpurea",-65.95,48.983333,1973,7,25,"CA"
1899349421,"Angelica atropurpurea",-79.116667,43.783333,1973,7,1,"CA"
668743445,"Angelica atropurpurea",-74.516667,45,1972,7,17,"CA"
668743453,"Angelica atropurpurea",-74.516667,45,1972,7,17,"CA"
1803139892,"Angelica atropurpurea",-65.95,48.983333,1972,7,25,"CA"
668743420,"Angelica atropurpurea",-66.263889,49.189722,1972,8,15,"CA"
668743384,"Angelica atropurpurea",-70.983333,47,1971,7,23,"CA"
668743428,"Angelica atropurpurea",-70.933333,47.016667,1971,7,12,"CA"
668743477,"Angelica atropurpurea",-63.59,50.206944,1971,8,3,"CA"
465861392,"Angelica atropurpurea",-60.959257,46.690637,1970,5,27,"CA"
668743421,"Angelica atropurpurea",-74.5,45,1970,7,3,"CA"
668743400,"Angelica atropurpurea",-66.216667,49.2,1968,7,31,"CA"
668743452,"Angelica atropurpurea",-74.508889,44.999167,1968,7,8,"CA"
668743473,"Angelica atropurpurea",-66.216667,49.2,1968,7,31,"CA"
668743410,"Angelica atropurpurea",-73.033333,46.133333,1968,9,22,"CA"
668743435,"Angelica atropurpurea",-72.833333,45.366667,1967,7,6,"CA"
668743437,"Angelica atropurpurea",-71.39,45.772222,1967,7,17,"CA"
1261970418,"Angelica atropurpurea",-71.351389,45.895833,1967,7,17,"CA"
473537794,"Angelica atropurpurea",-66.883333,47.416667,1967,8,22,"CA"
473408389,"Angelica atropurpurea",-73.860556,45.325833,1965,7,12,"CA"
668743461,"Angelica atropurpurea",-74.898611,45.649722,1964,6,28,"CA"
668743422,"Angelica atropurpurea",-74.35,45.116667,1964,7,6,"CA"
1804484104,"Angelica atropurpurea",-79.75,51,1964,7,9,"CA"
1261988471,"Angelica atropurpurea",-70.266667,47.216667,1964,8,21,"CA"
668743412,"Angelica atropurpurea",-72.35,46.45,1963,8,8,"CA"
668743465,"Angelica atropurpurea",-66.640833,48.853611,1962,6,26,"CA"
668743467,"Angelica atropurpurea",-74.001111,45.783333,1962,7,3,"CA"
668743469,"Angelica atropurpurea",-71.9,45.4,1962,7,10,"CA"
668743423,"Angelica atropurpurea",-71.202778,46.715278,1961,7,1,"CA"
473408392,"Angelica atropurpurea",-68.79472,48.88056,1961,8,16,"CA"
473408393,"Angelica atropurpurea",-68.79472,48.88056,1961,8,16,"CA"
1261960779,"Angelica atropurpurea",-68.783333,48.883333,1961,8,16,"CA"
465938058,"Angelica atropurpurea",-66.897132,47.425871,1960,8,5,"CA"
668743464,"Angelica atropurpurea",-66.618056,48.897222,1960,8,1,"CA"
1261959630,"Angelica atropurpurea",-69.533333,48.25,1960,8,15,"CA"
473408396,"Angelica atropurpurea",-70.2,48.233333,1959,8,12,"CA"
473408422,"Angelica atropurpurea",-70.100278,48.234444,1959,8,15,"CA"
473410016,"Angelica atropurpurea",-59.9078,45.9375,1959,8,7,"CA"
1261963161,"Angelica atropurpurea",-70.066667,48.216667,1959,8,15,"CA"
668743413,"Angelica atropurpurea",-70.85,48.316667,1958,8,28,"CA"
668743414,"Angelica atropurpurea",-70.85,48.316667,1958,8,28,"CA"
668743415,"Angelica atropurpurea",-70.85,48.316667,1958,8,28,"CA"
668743426,"Angelica atropurpurea",-70.933333,47.016667,1957,9,9,"CA"
668743427,"Angelica atropurpurea",-70.933333,47.016667,1957,9,9,"CA"
1261955257,"Angelica atropurpurea",-70.929167,47.024167,1957,9,9,"CA"
473408434,"Angelica atropurpurea",-70.933333,47.016667,1953,5,25,"CA"
473410023,"Angelica atropurpurea",-60.5724,46.9548,1953,7,13,"CA"
668743466,"Angelica atropurpurea",-74.001111,45.783333,1953,7,4,"CA"
668743468,"Angelica atropurpurea",-71.2,46.583333,1953,7,9,"CA"
1807248179,"Angelica atropurpurea",-60.552754,46.953367,1953,7,13,"CA"
473408378,"Angelica atropurpurea",-73.183333,46.083333,1953,9,4,"CA"
473408376,"Angelica atropurpurea",-72.983333,45.116667,1952,6,21,"CA"
1261988462,"Angelica atropurpurea",-70.860556,45.393333,1952,7,8,"CA"
668743416,"Angelica atropurpurea",-70.416667,46.366667,1952,8,2,"CA"
668743429,"Angelica atropurpurea",-71.217222,46.820833,1952,8,12,"CA"
1248692705,"Angelica atropurpurea",-82.316667,52.95,1952,9,9,"CA"
473408409,"Angelica atropurpurea",-73.4814,45.5292,1951,7,14,"CA"
473492074,"Angelica atropurpurea",-73.4814,45.5292,1951,7,14,"CA"
668743432,"Angelica atropurpurea",-68.383333,48.55,1951,7,23,"CA"
1261988465,"Angelica atropurpurea",-70.366667,46.183333,1951,7,19,"CA"
473410019,"Angelica atropurpurea",-61.4066,46.0999,1951,8,10,"CA"
1261952420,"Angelica atropurpurea",-73.233333,45.85,1951,8,10,"CA"
1261955833,"Angelica atropurpurea",-73.233333,45.85,1951,8,10,"CA"
1807248423,"Angelica atropurpurea",-61.39296,46.07244,1951,8,10,"CA"
668743433,"Angelica atropurpurea",-68.383333,48.55,1951,9,10,"CA"
668743471,"Angelica atropurpurea",-64.401667,48.513611,1950,7,30,"CA"
668743439,"Angelica atropurpurea",-79.028611,53.910556,1950,8,7,"CA"
1807248281,"Angelica atropurpurea",-60.691245,46.913499,1950,8,5,"CA"
465938054,"Angelica atropurpurea",-60.7678,46.84314,1948,8,13,"CA"
473408418,"Angelica atropurpurea",-75.016667,45.616667,1947,7,NA,"CA"
473408384,"Angelica atropurpurea",-72.733333,45.4,1946,7,24,"CA"
668743470,"Angelica atropurpurea",-71.9,45.4,1945,6,23,"CA"
473410030,"Angelica atropurpurea",-67.575108,46.13848,1945,7,28,"CA"
668743454,"Angelica atropurpurea",-71.217222,46.820833,1944,7,21,"CA"
668743472,"Angelica atropurpurea",-78.25,52.55,1944,8,26,"CA"
1248692713,"Angelica atropurpurea",-78.483611,52.241944,1944,8,28,"CA"
1248692726,"Angelica atropurpurea",-78.735,51.485556,1944,8,31,"CA"
1999193630,"Angelica atropurpurea",-78.25,52.55,1944,8,27,"CA"
473408382,"Angelica atropurpurea",-71.533333,46.466667,1943,7,31,"CA"
473408428,"Angelica atropurpurea",-78.7673,51.4941,1943,7,21,"CA"
668743440,"Angelica atropurpurea",-71.183333,46.866667,1943,7,23,"CA"
473408402,"Angelica atropurpurea",-73.4814,45.5292,1940,7,3,"CA"
473408415,"Angelica atropurpurea",-73.516667,45.533333,1940,7,12,"CA"
473551352,"Angelica atropurpurea",-73.4814,45.5292,1940,7,15,"CA"
668743442,"Angelica atropurpurea",-73.45,45.6,1940,7,3,"CA"
473408426,"Angelica atropurpurea",-66.166944,49.205,1940,8,18,"CA"
668743455,"Angelica atropurpurea",-73.516667,45.533333,1938,6,29,"CA"
668743459,"Angelica atropurpurea",-73.516667,45.533333,1938,6,29,"CA"
473408380,"Angelica atropurpurea",-70.471667,47.043611,1936,7,21,"CA"
473487473,"Angelica atropurpurea",-65.479381,48.034421,1936,7,24,"CA"
668743458,"Angelica atropurpurea",-73.516667,45.533333,1936,7,12,"CA"
473408374,"Angelica atropurpurea",-70.783333,46.2,1935,8,3,"CA"
473408404,"Angelica atropurpurea",-73.4814,45.5292,1934,7,24,"CA"
668743436,"Angelica atropurpurea",-74.001111,45.783333,1934,7,19,"CA"
668743419,"Angelica atropurpurea",-65.893333,49.219167,1934,8,4,"CA"
668743462,"Angelica atropurpurea",-71.583333,46.7,1934,8,19,"CA"
473408398,"Angelica atropurpurea",-73.416667,45.833333,1932,8,8,"CA"
1024639923,"Angelica atropurpurea",-73.5008,45.5534,1930,5,5,"CA"
1024639951,"Angelica atropurpurea",-73.5008,45.5534,1930,5,5,"CA"
668743411,"Angelica atropurpurea",-73.516667,45.533333,1930,7,5,"CA"
1024639958,"Angelica atropurpurea",-73.5008,45.5534,1930,7,5,"CA"
473408406,"Angelica atropurpurea",-73.4814,45.5292,1929,7,25,"CA"
473408424,"Angelica atropurpurea",-71.725833,45.63,1929,7,26,"CA"
668743404,"Angelica atropurpurea",-71.833333,45.7,1929,7,26,"CA"
668743457,"Angelica atropurpurea",-73.516667,45.533333,1929,7,25,"CA"
473408372,"Angelica atropurpurea",-72.2513,46.4948,1927,8,26,"CA"
668743456,"Angelica atropurpurea",-73.516667,45.533333,1926,8,25,"CA"
473408368,"Angelica atropurpurea",-63.15,50.216667,1924,7,26,"CA"
473408369,"Angelica atropurpurea",-63.6207,50.2299,1924,7,15,"CA"
668743450,"Angelica atropurpurea",-63.624722,50.221667,1924,7,15,"CA"
473408437,"Angelica atropurpurea",-70.816667,47,1922,8,24,"CA"
473408441,"Angelica atropurpurea",-73.710909,45.499008,1916,7,31,"CA"
473408400,"Angelica atropurpurea",-70.35,47.1,1916,8,NA,"CA"
473408432,"Angelica atropurpurea",-70.933333,47.016667,1914,8,2,"CA"
473410024,"Angelica atropurpurea",-64.0329,46.9502,1912,8,6,"CA"
473408430,"Angelica atropurpurea",-74.098889,45.718889,1907,8,NA,"CA"
2250592921,"Angelica atropurpurea",-80.8131,42.9719,1900,3,25,"CA"
2307450634,"Angelica atropurpurea",-80.81,42.97,1900,3,25,"CA"
2308821784,"Angelica atropurpurea",-80.81,42.97,1900,3,25,"CA"
686183604,"Angelica atropurpurea",-64.367957,45.086068,NA,NA,NA,"CA"
686183605,"Angelica atropurpurea",-64.368209,45.085961,NA,NA,NA,"CA"
686183606,"Angelica atropurpurea",-64.368135,45.085978,NA,NA,NA,"CA"
686183607,"Angelica atropurpurea",-64.36794,45.086021,NA,NA,NA,"CA"
686183608,"Angelica atropurpurea",-64.368698,45.086978,NA,NA,NA,"CA"
686183609,"Angelica atropurpurea",-64.368694,45.08693,NA,NA,NA,"CA"
686183610,"Angelica atropurpurea",-64.368713,45.086945,NA,NA,NA,"CA"
686183611,"Angelica atropurpurea",-64.368714,45.086981,NA,NA,NA,"CA"
1899276159,"Angelica atropurpurea",-79.40506,44.015534,NA,NA,NA,"CA"
1915439303,"Angelica atropurpurea",-79.5,52,NA,NA,NA,"CA"
2250592834,"Angelica atropurpurea",-80.8859,44.2055,NA,NA,NA,"CA"
2250593581,"Angelica atropurpurea",-81.8215,43.0844,NA,NA,NA,"CA"
2305732699,"Angelica atropurpurea",-81.82,43.08,NA,NA,NA,"CA"
2307015608,"Angelica atropurpurea",-80.89,44.21,NA,NA,NA,"CA"
2308385787,"Angelica atropurpurea",-81.82,43.08,NA,NA,NA,"CA"
2309887350,"Angelica atropurpurea",-80.89,44.21,NA,NA,NA,"CA"
3044563816,"Angelica atropurpurea",-88.304283,42.120003,2021,1,14,"US"
3059020799,"Angelica atropurpurea",-93.152137,44.466001,2021,2,25,"US"
3059139485,"Angelica atropurpurea",-93.27475,44.809853,2021,2,27,"US"
3061563841,"Angelica atropurpurea",-87.929071,41.778866,2021,3,14,"US"
3061658903,"Angelica atropurpurea",-87.811056,41.744477,2021,3,14,"US"
3061718268,"Angelica atropurpurea",-88.270211,42.064456,2021,3,14,"US"
3070727547,"Angelica atropurpurea",-90.151947,41.480433,2021,3,11,"US"
3079812861,"Angelica atropurpurea",-86.202759,39.816795,2021,4,5,"US"
3090921814,"Angelica atropurpurea",-92.614145,44.850095,2021,4,13,"US"
3097163073,"Angelica atropurpurea",-88.310897,43.015848,2021,4,18,"US"
3097256046,"Angelica atropurpurea",-88.310522,43.012643,2021,4,18,"US"
3097259891,"Angelica atropurpurea",-74.603365,41.118235,2021,4,17,"US"
3109001069,"Angelica atropurpurea",-92.999301,44.272284,2021,4,25,"US"
3109042742,"Angelica atropurpurea",-88.267412,42.065456,2021,4,24,"US"
3112299612,"Angelica atropurpurea",-87.631463,41.917974,2021,4,30,"US"
3112373483,"Angelica atropurpurea",-89.295313,42.755421,2021,4,28,"US"
3112554429,"Angelica atropurpurea",-88.324002,42.197333,2021,4,16,"US"
3112591989,"Angelica atropurpurea",-89.162508,42.309281,2021,4,30,"US"
3112476139,"Angelica atropurpurea",-88.78363,42.353378,2021,5,3,"US"
3112838383,"Angelica atropurpurea",-88.802679,42.126362,2021,5,3,"US"
3112841668,"Angelica atropurpurea",-88.32206,42.196149,2021,5,5,"US"
3112934582,"Angelica atropurpurea",-73.138467,44.501617,2021,5,4,"US"
3113363415,"Angelica atropurpurea",-88.233575,42.317603,2021,5,8,"US"
3113678366,"Angelica atropurpurea",-88.343903,42.41882,2021,5,9,"US"
3117769513,"Angelica atropurpurea",-89.356475,41.884317,2021,5,6,"US"
3118240545,"Angelica atropurpurea",-89.356995,41.884258,2021,5,6,"US"
3118317531,"Angelica atropurpurea",-83.853929,39.789213,2021,5,6,"US"
3118410303,"Angelica atropurpurea",-86.526386,39.165325,2021,5,17,"US"
3124491574,"Angelica atropurpurea",-88.308847,43.010452,2021,5,18,"US"
3124505753,"Angelica atropurpurea",-89.308762,43.114753,2021,5,23,"US"
3124533524,"Angelica atropurpurea",-88.310435,43.01246,2021,5,18,"US"
3124552520,"Angelica atropurpurea",-88.308847,43.010452,2021,5,18,"US"
3124647279,"Angelica atropurpurea",-89.48751,43.126133,2021,5,27,"US"
3124678684,"Angelica atropurpurea",-85.063799,45.455095,2021,5,26,"US"
3124734572,"Angelica atropurpurea",-88.310392,43.013198,2021,5,18,"US"
2563642374,"Angelica atropurpurea",-88.51511,41.631947,2020,1,28,"US"
3031959630,"Angelica atropurpurea",-89.201401,42.208314,2020,3,16,"US"
2603405423,"Angelica atropurpurea",-87.910009,42.384533,2020,4,10,"US"
2609111784,"Angelica atropurpurea",-88.189208,41.868514,2020,4,18,"US"
2609359451,"Angelica atropurpurea",-88.899887,43.063235,2020,4,21,"US"
2611206262,"Angelica atropurpurea",-88.458942,41.836963,2020,4,24,"US"
2611314472,"Angelica atropurpurea",-88.802457,42.13081,2020,4,27,"US"
2611425668,"Angelica atropurpurea",-89.154883,42.306968,2020,4,26,"US"
3031670630,"Angelica atropurpurea",-89.156342,42.487956,2020,4,17,"US"
2620135077,"Angelica atropurpurea",-90.15082,41.480163,2020,5,7,"US"
2626205284,"Angelica atropurpurea",-73.186356,42.745656,2020,5,19,"US"
2626530708,"Angelica atropurpurea",-72.698366,44.982,2020,5,11,"US"
2633963765,"Angelica atropurpurea",-88.200084,42.120286,2020,5,21,"US"
2633983129,"Angelica atropurpurea",-87.562522,41.654512,2020,5,23,"US"
2634105378,"Angelica atropurpurea",-88.268306,42.064411,2020,5,29,"US"
2634106413,"Angelica atropurpurea",-88.340456,42.325056,2020,5,29,"US"
2634124728,"Angelica atropurpurea",-89.193242,42.528687,2020,5,31,"US"
2634277991,"Angelica atropurpurea",-89.530017,43.189609,2020,5,9,"US"
2634302698,"Angelica atropurpurea",-88.013095,42.189955,2020,5,26,"US"
2634362669,"Angelica atropurpurea",-88.561188,41.621328,2020,5,8,"US"
2634378027,"Angelica atropurpurea",-88.458049,42.831658,2020,5,27,"US"
2634380626,"Angelica atropurpurea",-87.04193,41.584774,2020,5,25,"US"
2634411611,"Angelica atropurpurea",-88.980869,42.203178,2020,5,25,"US"
2634412107,"Angelica atropurpurea",-88.035578,42.925045,2020,5,28,"US"
2634558105,"Angelica atropurpurea",-89.236043,42.352929,2020,5,30,"US"
2634573765,"Angelica atropurpurea",-89.402493,42.730596,2020,5,31,"US"
2634604360,"Angelica atropurpurea",-88.954722,42.186111,2020,5,29,"US"
2634616321,"Angelica atropurpurea",-88.318523,42.196441,2020,5,29,"US"
2641456387,"Angelica atropurpurea",-92.759413,45.295617,2020,5,30,"US"
2814253561,"Angelica atropurpurea",-89.349621,43.216584,2020,5,31,"US"
2988288497,"Angelica atropurpurea",-89.117011,42.457712,2020,5,30,"US"
3008408388,"Angelica atropurpurea",-88.270556,42.065101,2020,5,15,"US"
3044579541,"Angelica atropurpurea",-73.023094,43.693386,2020,5,22,"US"
3059159969,"Angelica atropurpurea",-88.405632,43.037443,2020,5,29,"US"
3097161392,"Angelica atropurpurea",-88.73145,41.830224,2020,5,24,"US"
2634449064,"Angelica atropurpurea",-90.135221,41.82771,2020,6,2,"US"
2634478852,"Angelica atropurpurea",-88.397381,41.980519,2020,6,1,"US"
2634537443,"Angelica atropurpurea",-87.970708,41.515932,2020,6,3,"US"
2641300695,"Angelica atropurpurea",-89.438045,43.141194,2020,6,5,"US"
2641306259,"Angelica atropurpurea",-73.010283,43.957052,2020,6,8,"US"
2641317699,"Angelica atropurpurea",-87.807403,42.493309,2020,6,4,"US"
2641321864,"Angelica atropurpurea",-89.490757,43.11236,2020,6,6,"US"
2641326271,"Angelica atropurpurea",-93.16745,44.72023,2020,6,8,"US"
2641408174,"Angelica atropurpurea",-92.26382,43.819201,2020,6,7,"US"
2641410835,"Angelica atropurpurea",-89.316063,43.186337,2020,6,6,"US"
2641418848,"Angelica atropurpurea",-88.077567,41.579503,2020,6,6,"US"
2641425423,"Angelica atropurpurea",-88.969759,42.201862,2020,6,9,"US"
2641459459,"Angelica atropurpurea",-89.059215,42.988955,2020,6,6,"US"
2641518941,"Angelica atropurpurea",-89.349616,43.216561,2020,6,6,"US"
2641530232,"Angelica atropurpurea",-89.430206,43.040939,2020,6,8,"US"
2641612362,"Angelica atropurpurea",-89.812271,43.106067,2020,6,7,"US"
2641627561,"Angelica atropurpurea",-89.434687,43.052011,2020,6,8,"US"
2802594784,"Angelica atropurpurea",-89.358724,41.881675,2020,6,8,"US"
2802612699,"Angelica atropurpurea",-88.456742,42.830547,2020,6,4,"US"
2802628948,"Angelica atropurpurea",-76.402374,42.477122,2020,6,15,"US"
2802634607,"Angelica atropurpurea",-88.401531,41.949607,2020,6,19,"US"
2802648353,"Angelica atropurpurea",-88.456654,42.830963,2020,6,12,"US"
2802675290,"Angelica atropurpurea",-76.373037,42.38836,2020,6,17,"US"
2802678610,"Angelica atropurpurea",-85.062239,45.455093,2020,6,14,"US"
2802684127,"Angelica atropurpurea",-73.246004,43.519479,2020,6,18,"US"
2802688143,"Angelica atropurpurea",-93.412588,45.969412,2020,6,20,"US"
2802690716,"Angelica atropurpurea",-92.305,43.74477,2020,6,14,"US"
2802724246,"Angelica atropurpurea",-88.167532,43.073138,2020,6,17,"US"
2802746822,"Angelica atropurpurea",-88.256677,42.01542,2020,6,19,"US"
2802755177,"Angelica atropurpurea",-89.673605,43.120525,2020,6,18,"US"
2802770169,"Angelica atropurpurea",-88.583887,42.542837,2020,6,7,"US"
2802789183,"Angelica atropurpurea",-89.6735,43.121023,2020,6,13,"US"
2802809153,"Angelica atropurpurea",-88.317422,42.1958,2020,6,20,"US"
2802827628,"Angelica atropurpurea",-89.985864,43.061871,2020,6,12,"US"
2802865302,"Angelica atropurpurea",-88.541294,42.587537,2020,6,25,"US"
2802891837,"Angelica atropurpurea",-90.770314,43.430363,2020,6,6,"US"
2802892054,"Angelica atropurpurea",-89.369505,43.167513,2020,6,12,"US"
2802902051,"Angelica atropurpurea",-88.170666,43.158107,2020,6,16,"US"
2802950434,"Angelica atropurpurea",-73.364468,43.624127,2020,6,16,"US"
2802982546,"Angelica atropurpurea",-89.059907,42.98933,2020,6,11,"US"
2803000361,"Angelica atropurpurea",-93.558594,44.810819,2020,6,13,"US"
2803018857,"Angelica atropurpurea",-73.312561,43.667114,2020,6,16,"US"
2803022160,"Angelica atropurpurea",-88.401511,41.949597,2020,6,19,"US"
2803036249,"Angelica atropurpurea",-89.671567,42.957512,2020,6,24,"US"
2803055976,"Angelica atropurpurea",-91.960971,43.737649,2020,6,23,"US"
2803077658,"Angelica atropurpurea",-73.246108,43.52025,2020,6,18,"US"
2803125466,"Angelica atropurpurea",-81.575589,41.190378,2020,6,13,"US"
2803139445,"Angelica atropurpurea",-88.198066,42.058674,2020,6,24,"US"
2813908820,"Angelica atropurpurea",-88.041742,44.47283,2020,6,21,"US"
2813910893,"Angelica atropurpurea",-88.081512,41.892002,2020,6,27,"US"
2813914151,"Angelica atropurpurea",-89.5488,43.28308,2020,6,27,"US"
2813928572,"Angelica atropurpurea",-88.035316,42.922858,2020,6,4,"US"
2813948065,"Angelica atropurpurea",-92.17437,44.117683,2020,6,26,"US"
2814102638,"Angelica atropurpurea",-76.094894,42.5335,2020,6,28,"US"
2814143586,"Angelica atropurpurea",-86.85795,40.51543,2020,6,4,"US"
2814293612,"Angelica atropurpurea",-76.094833,42.533592,2020,6,28,"US"
2850948612,"Angelica atropurpurea",-81.580805,41.188273,2020,6,5,"US"
2851163587,"Angelica atropurpurea",-93.522317,45.058047,2020,6,29,"US"
2851305334,"Angelica atropurpurea",-88.084647,41.815712,2020,6,4,"US"
2873772379,"Angelica atropurpurea",-88.321995,42.010229,2020,6,11,"US"
2901586415,"Angelica atropurpurea",-81.367067,41.212606,2020,6,15,"US"
2901678406,"Angelica atropurpurea",-84.652404,40.075319,2020,6,10,"US"
2988335541,"Angelica atropurpurea",-81.506738,41.254592,2020,6,28,"US"
2988700610,"Angelica atropurpurea",-89.950995,43.338206,2020,6,9,"US"
2999033403,"Angelica atropurpurea",-74.610737,41.07205,2020,6,26,"US"
3008495396,"Angelica atropurpurea",-92.6463,44.201518,2020,6,6,"US"
3008569399,"Angelica atropurpurea",-92.489352,43.959484,2020,6,4,"US"
3044829553,"Angelica atropurpurea",-73.229583,44.510114,2020,6,8,"US"
3044836537,"Angelica atropurpurea",-73.228614,44.508172,2020,6,8,"US"
3058698493,"Angelica atropurpurea",-90.62118,43.833262,2020,6,6,"US"
3058720523,"Angelica atropurpurea",-89.488166,43.108741,2020,6,25,"US"
3058769480,"Angelica atropurpurea",-89.430118,43.040878,2020,6,1,"US"
3058810514,"Angelica atropurpurea",-89.430077,43.041002,2020,6,27,"US"
3058878529,"Angelica atropurpurea",-89.622458,43.023933,2020,6,21,"US"
3058934507,"Angelica atropurpurea",-87.992223,43.267482,2020,6,20,"US"
3058960511,"Angelica atropurpurea",-89.430146,43.040947,2020,6,15,"US"
3059023494,"Angelica atropurpurea",-92.117239,44.551368,2020,6,27,"US"
3061514406,"Angelica atropurpurea",-81.366287,41.212003,2020,6,13,"US"
3067628923,"Angelica atropurpurea",-90.018248,43.080552,2020,6,11,"US"
3067690992,"Angelica atropurpurea",-90.010796,43.005259,2020,6,25,"US"
3067906893,"Angelica atropurpurea",-85.297372,42.541875,2020,6,5,"US"
3070305992,"Angelica atropurpurea",-73.11322,42.430881,2020,6,22,"US"
3097079416,"Angelica atropurpurea",-81.569501,40.803821,2020,6,12,"US"
2814112322,"Angelica atropurpurea",-93.231872,44.847062,2020,7,1,"US"
2814195280,"Angelica atropurpurea",-86.947114,45.895003,2020,7,6,"US"
2814220982,"Angelica atropurpurea",-72.967629,43.840524,2020,7,7,"US"
2814286678,"Angelica atropurpurea",-85.413121,42.590277,2020,7,5,"US"
2814332862,"Angelica atropurpurea",-85.063064,45.453546,2020,7,7,"US"
2814386424,"Angelica atropurpurea",-89.893683,43.343585,2020,7,4,"US"
2814423538,"Angelica atropurpurea",-86.824635,45.779725,2020,7,5,"US"
2818575206,"Angelica atropurpurea",-75.957504,42.397152,2020,7,13,"US"
2818764829,"Angelica atropurpurea",-73.090378,44.095586,2020,7,11,"US"
2818819328,"Angelica atropurpurea",-89.20362,44.307718,2020,7,14,"US"
2823325714,"Angelica atropurpurea",-74.118702,44.417771,2020,7,17,"US"
2823427536,"Angelica atropurpurea",-92.648255,44.075645,2020,7,21,"US"
2826159011,"Angelica atropurpurea",-74.119156,44.417825,2020,7,17,"US"
2826262891,"Angelica atropurpurea",-73.014092,44.65935,2020,7,24,"US"
2826538665,"Angelica atropurpurea",-85.502255,46.156782,2020,7,29,"US"
2850558769,"Angelica atropurpurea",-88.515023,42.470133,2020,7,17,"US"
2859890445,"Angelica atropurpurea",-84.615333,45.37965,2020,7,8,"US"
2898427429,"Angelica atropurpurea",-74.734497,42.015651,2020,7,25,"US"
2977902119,"Angelica atropurpurea",-88.915572,42.27402,2020,7,6,"US"
3031705810,"Angelica atropurpurea",-73.090806,44.095711,2020,7,11,"US"
3031766841,"Angelica atropurpurea",-73.090897,44.09515,2020,7,11,"US"
3090579779,"Angelica atropurpurea",-86.432582,41.345123,2020,7,9,"US"
2850649540,"Angelica atropurpurea",-73.880929,40.863691,2020,8,6,"US"
2851043003,"Angelica atropurpurea",-89.121597,46.648308,2020,8,7,"US"
2851074874,"Angelica atropurpurea",-105.384257,39.500671,2020,8,11,"US"
2851212117,"Angelica atropurpurea",-89.117994,46.647367,2020,8,7,"US"
2859965739,"Angelica atropurpurea",-73.090858,44.095183,2020,8,28,"US"
2860130565,"Angelica atropurpurea",-85.063411,45.454331,2020,8,27,"US"
2963756706,"Angelica atropurpurea",-72.698238,44.887288,2020,8,16,"US"
3067895148,"Angelica atropurpurea",-93.41657,44.856285,2020,8,14,"US"
2864668473,"Angelica atropurpurea",-74.866988,42.787572,2020,9,14,"US"
2999213527,"Angelica atropurpurea",-73.89156,40.884744,2020,9,22,"US"
3058930579,"Angelica atropurpurea",-73.350928,42.057547,2020,9,4,"US"
2980838570,"Angelica atropurpurea",-88.221473,42.150351,2020,10,21,"US"
2999114179,"Angelica atropurpurea",-88.193224,42.442469,2020,12,10,"US"
3008523968,"Angelica atropurpurea",-88.44514,42.803413,2020,12,21,"US"
3014092627,"Angelica atropurpurea",-88.444446,42.803153,2020,12,21,"US"
2234750537,"Angelica atropurpurea",-88.084336,41.815925,2019,3,22,"US"
2237504701,"Angelica atropurpurea",-87.79441,42.147606,2019,4,23,"US"
2238823670,"Angelica atropurpurea",-88.084404,41.815738,2019,4,26,"US"
2238876295,"Angelica atropurpurea",-87.922796,41.514997,2019,4,26,"US"
2238921438,"Angelica atropurpurea",-88.268988,42.064342,2019,4,28,"US"
2273204925,"Angelica atropurpurea",-79.03465,42.18465,2019,4,23,"US"
2580120524,"Angelica atropurpurea",-88.989091,42.20551,2019,4,17,"US"
3008395342,"Angelica atropurpurea",-88.268739,42.064996,2019,4,15,"US"
3008433328,"Angelica atropurpurea",-88.269805,42.064397,2019,4,21,"US"
2242840478,"Angelica atropurpurea",-90.467898,43.036964,2019,5,4,"US"
2242847950,"Angelica atropurpurea",-88.091577,41.813942,2019,5,4,"US"
2242848674,"Angelica atropurpurea",-88.09166,41.81395,2019,5,4,"US"
2242863678,"Angelica atropurpurea",-88.222345,42.316867,2019,5,5,"US"
2242876408,"Angelica atropurpurea",-88.937336,42.137885,2019,5,6,"US"
2242878081,"Angelica atropurpurea",-88.846863,42.371387,2019,5,6,"US"
2242893588,"Angelica atropurpurea",-88.798213,42.371633,2019,5,7,"US"
2242960870,"Angelica atropurpurea",-89.349013,43.21075,2019,5,12,"US"
2243012423,"Angelica atropurpurea",-85.584503,42.359865,2019,5,11,"US"
2244228898,"Angelica atropurpurea",-88.374814,41.841301,2019,5,13,"US"
2244246158,"Angelica atropurpurea",-88.257203,42.015025,2019,5,17,"US"
2244265860,"Angelica atropurpurea",-88.671686,42.796688,2019,5,17,"US"
2244271384,"Angelica atropurpurea",-82.569831,39.993737,2019,5,18,"US"
2251843321,"Angelica atropurpurea",-87.86298,41.774425,2019,5,3,"US"
2251917757,"Angelica atropurpurea",-88.254808,42.014416,2019,5,26,"US"
2251976624,"Angelica atropurpurea",-88.42659,41.776512,2019,5,30,"US"
2251977780,"Angelica atropurpurea",-85.296762,42.53678,2019,5,30,"US"
2252002992,"Angelica atropurpurea",-88.693503,42.794218,2019,5,26,"US"
2252011932,"Angelica atropurpurea",-86.197542,43.118542,2019,5,31,"US"
2366077436,"Angelica atropurpurea",-88.388843,41.951001,2019,5,25,"US"
2573963899,"Angelica atropurpurea",-81.92045,41.113798,2019,5,28,"US"
2576359749,"Angelica atropurpurea",-86.065339,39.947997,2019,5,29,"US"
2252027711,"Angelica atropurpurea",-87.80075,42.470525,2019,6,2,"US"
2252057488,"Angelica atropurpurea",-84.657219,42.761112,2019,6,4,"US"
2252058563,"Angelica atropurpurea",-88.179418,41.504943,2019,6,4,"US"
2252071571,"Angelica atropurpurea",-89.806603,43.104163,2019,6,2,"US"
2265813175,"Angelica atropurpurea",-88.268082,42.064398,2019,6,7,"US"
2265818566,"Angelica atropurpurea",-88.254877,42.015783,2019,6,7,"US"
2265822354,"Angelica atropurpurea",-73.854947,40.699012,2019,6,7,"US"
2265833928,"Angelica atropurpurea",-87.86563,41.771743,2019,6,8,"US"
2265833929,"Angelica atropurpurea",-89.336914,41.905052,2019,6,8,"US"
2265847539,"Angelica atropurpurea",-88.318143,42.196302,2019,6,7,"US"
2265850450,"Angelica atropurpurea",-88.328653,42.056908,2019,6,9,"US"
2265864853,"Angelica atropurpurea",-88.965062,42.199297,2019,6,10,"US"
2265879829,"Angelica atropurpurea",-81.575208,41.190648,2019,6,11,"US"
2265880664,"Angelica atropurpurea",-88.093803,41.813675,2019,6,11,"US"
2265894772,"Angelica atropurpurea",-72.814081,44.528086,2019,6,7,"US"
2265895234,"Angelica atropurpurea",-89.571072,42.989076,2019,6,11,"US"
2269219692,"Angelica atropurpurea",-92.640215,44.850161,2019,6,1,"US"
2269273396,"Angelica atropurpurea",-89.028779,42.97855,2019,6,13,"US"
2269273892,"Angelica atropurpurea",-86.309327,41.932466,2019,6,15,"US"
2269281786,"Angelica atropurpurea",-89.34813,43.211075,2019,6,16,"US"
2269285472,"Angelica atropurpurea",-87.582732,41.781661,2019,6,17,"US"
2269287654,"Angelica atropurpurea",-88.191156,42.444802,2019,6,15,"US"
2269302997,"Angelica atropurpurea",-88.948966,42.183548,2019,6,18,"US"
2269306056,"Angelica atropurpurea",-89.516981,43.006764,2019,6,16,"US"
2269308683,"Angelica atropurpurea",-88.315287,42.192162,2019,6,18,"US"
2269324946,"Angelica atropurpurea",-93.207189,44.912686,2019,6,20,"US"
2273244115,"Angelica atropurpurea",-73.05725,43.621681,2019,6,22,"US"
2273244771,"Angelica atropurpurea",-88.07925,41.892315,2019,6,22,"US"
2273248435,"Angelica atropurpurea",-76.181546,42.237222,2019,6,22,"US"
2273259669,"Angelica atropurpurea",-81.623202,41.326629,2019,6,23,"US"
2273268554,"Angelica atropurpurea",-89.673525,43.120756,2019,6,21,"US"
2273283076,"Angelica atropurpurea",-88.462819,42.832056,2019,6,22,"US"
2273293473,"Angelica atropurpurea",-73.132561,43.500606,2019,6,21,"US"
2273302328,"Angelica atropurpurea",-89.484265,43.121081,2019,6,22,"US"
2273326916,"Angelica atropurpurea",-92.457695,44.021092,2019,6,26,"US"
2283024479,"Angelica atropurpurea",-76.547988,42.540496,2019,6,3,"US"
2283032376,"Angelica atropurpurea",-77.147666,42.598879,2019,6,15,"US"
2283036088,"Angelica atropurpurea",-88.605532,43.569217,2019,6,22,"US"
2283042098,"Angelica atropurpurea",-93.194272,44.89668,2019,6,25,"US"
2283055064,"Angelica atropurpurea",-72.863905,42.8723,2019,6,28,"US"
2283055403,"Angelica atropurpurea",-88.221576,42.010078,2019,6,28,"US"
2283057333,"Angelica atropurpurea",-89.808488,43.104656,2019,6,27,"US"
2283074959,"Angelica atropurpurea",-84.382175,42.694074,2019,6,29,"US"
2283090053,"Angelica atropurpurea",-88.022622,43.438259,2019,6,30,"US"
2283102997,"Angelica atropurpurea",-88.598503,41.899497,2019,6,30,"US"
2283118527,"Angelica atropurpurea",-88.316574,42.191518,2019,6,30,"US"
2294421947,"Angelica atropurpurea",-93.231908,44.846785,2019,6,6,"US"
2294466711,"Angelica atropurpurea",-89.484589,43.084306,2019,6,30,"US"
2294538288,"Angelica atropurpurea",-88.684457,42.798724,2019,6,22,"US"
2429210527,"Angelica atropurpurea",-84.419678,42.173288,2019,6,15,"US"
2451586609,"Angelica atropurpurea",-73.363588,43.624255,2019,6,7,"US"
2451697640,"Angelica atropurpurea",-87.794328,43.517472,2019,6,18,"US"
2549973851,"Angelica atropurpurea",-88.09378,41.813595,2019,6,1,"US"
2574077028,"Angelica atropurpurea",-76.474842,42.44997,2019,6,15,"US"
2576436928,"Angelica atropurpurea",-87.279791,41.558927,2019,6,24,"US"
2596245895,"Angelica atropurpurea",-82.912819,40.359714,2019,6,23,"US"
2611331126,"Angelica atropurpurea",-88.387458,41.831192,2019,6,16,"US"
2641353362,"Angelica atropurpurea",-74.0891,41.754594,2019,6,9,"US"
2814017384,"Angelica atropurpurea",-88.601989,43.474273,2019,6,9,"US"
2901728337,"Angelica atropurpurea",-73.111535,42.431243,2019,6,18,"US"
3031826464,"Angelica atropurpurea",-73.52489,41.804758,2019,6,12,"US"
3067886589,"Angelica atropurpurea",-81.708725,41.217194,2019,6,30,"US"
2283113531,"Angelica atropurpurea",-76.103561,42.795442,2019,7,1,"US"
2283139571,"Angelica atropurpurea",-93.556511,44.809296,2019,7,3,"US"
2283159765,"Angelica atropurpurea",-73.090789,44.095725,2019,7,4,"US"
2283174313,"Angelica atropurpurea",-88.951926,42.183671,2019,7,5,"US"
2283175540,"Angelica atropurpurea",-88.024402,43.438097,2019,7,5,"US"
2283205440,"Angelica atropurpurea",-72.375648,43.857746,2019,7,6,"US"
2283237215,"Angelica atropurpurea",-89.308145,41.840983,2019,7,8,"US"
2283254438,"Angelica atropurpurea",-88.310447,43.257197,2019,7,9,"US"
2283266407,"Angelica atropurpurea",-89.491478,43.049145,2019,7,10,"US"
2294438477,"Angelica atropurpurea",-85.291955,42.535545,2019,7,5,"US"
2294447122,"Angelica atropurpurea",-88.315019,42.191912,2019,7,7,"US"
2294457197,"Angelica atropurpurea",-93.553883,44.80933,2019,7,6,"US"
2294596554,"Angelica atropurpurea",-89.549189,43.282895,2019,7,17,"US"
2311386690,"Angelica atropurpurea",-85.312697,42.515533,2019,7,9,"US"
2331843435,"Angelica atropurpurea",-85.539313,42.322205,2019,7,23,"US"
2444980461,"Angelica atropurpurea",-86.971493,45.975295,2019,7,22,"US"
2445039443,"Angelica atropurpurea",-83.705661,42.277796,2019,7,21,"US"
2456552659,"Angelica atropurpurea",-89.059269,46.670361,2019,7,23,"US"
2460053420,"Angelica atropurpurea",-87.795797,43.518318,2019,7,3,"US"
2540732105,"Angelica atropurpurea",-90.057446,42.450356,2019,7,2,"US"
2574063451,"Angelica atropurpurea",-73.961053,43.126308,2019,7,6,"US"
2574195816,"Angelica atropurpurea",-90.886281,46.747071,2019,7,23,"US"
2988482378,"Angelica atropurpurea",-72.814262,44.528022,2019,7,31,"US"
2331941028,"Angelica atropurpurea",-87.272189,46.005001,2019,8,1,"US"
2331965833,"Angelica atropurpurea",-72.212585,44.632312,2019,8,8,"US"
2366041196,"Angelica atropurpurea",-88.389314,41.951316,2019,8,12,"US"
2366114833,"Angelica atropurpurea",-88.390534,41.952353,2019,8,12,"US"
2397497892,"Angelica atropurpurea",-84.589693,45.223512,2019,8,10,"US"
2397547266,"Angelica atropurpurea",-89.671395,42.956172,2019,8,24,"US"
2397564462,"Angelica atropurpurea",-89.671248,42.956321,2019,8,22,"US"
2397587261,"Angelica atropurpurea",-105.41942,41.22007,2019,8,27,"US"
2465116723,"Angelica atropurpurea",-84.589693,45.223512,2019,8,10,"US"
2540735989,"Angelica atropurpurea",-71.297342,44.263187,2019,8,14,"US"
2574136182,"Angelica atropurpurea",-88.621628,43.611228,2019,8,10,"US"
2576284170,"Angelica atropurpurea",-89.16123,46.709931,2019,8,24,"US"
2580098981,"Angelica atropurpurea",-87.437812,45.309201,2019,8,15,"US"
2422933847,"Angelica atropurpurea",-91.279171,44.279919,2019,9,5,"US"
2422960678,"Angelica atropurpurea",-82.870863,35.289735,2019,9,7,"US"
2423245428,"Angelica atropurpurea",-72.816414,44.528256,2019,9,25,"US"
2429322191,"Angelica atropurpurea",-72.61472,43.562474,2019,9,30,"US"
2429547752,"Angelica atropurpurea",-85.063589,45.455424,2019,10,11,"US"
2460083763,"Angelica atropurpurea",-89.317236,43.186601,2019,11,17,"US"
1831205962,"Angelica atropurpurea",-85.360906,42.403616,2018,2,18,"US"
1891287275,"Angelica atropurpurea",-87.784313,40.242697,2018,3,17,"US"
1839262931,"Angelica atropurpurea",-85.297655,42.536584,2018,4,23,"US"
1841279632,"Angelica atropurpurea",-88.456861,42.83047,2018,4,30,"US"
2557629291,"Angelica atropurpurea",-93.300712,44.807117,2018,4,21,"US"
1847448683,"Angelica atropurpurea",-88.268636,42.064711,2018,5,5,"US"
1847491534,"Angelica atropurpurea",-87.808502,42.507954,2018,5,10,"US"
1847548997,"Angelica atropurpurea",-88.201061,42.056878,2018,5,18,"US"
1847581423,"Angelica atropurpurea",-90.870473,43.740185,2018,5,20,"US"
1848759215,"Angelica atropurpurea",-81.516,41.017495,2018,5,27,"US"
1848759268,"Angelica atropurpurea",-90.32553,43.656288,2018,5,27,"US"
1848805374,"Angelica atropurpurea",-89.130285,42.626666,2018,5,28,"US"
1931474165,"Angelica atropurpurea",-88.700172,41.319802,2018,5,23,"US"
2529327015,"Angelica atropurpurea",-87.954321,43.464814,2018,5,2,"US"
3031679361,"Angelica atropurpurea",-72.71495,43.060214,2018,5,14,"US"
1848789106,"Angelica atropurpurea",-88.067774,41.815917,2018,6,1,"US"
1850925462,"Angelica atropurpurea",-88.251321,42.015549,2018,6,5,"US"
1850932402,"Angelica atropurpurea",-89.31634,41.923975,2018,6,7,"US"
1850935761,"Angelica atropurpurea",-81.493867,41.007286,2018,6,7,"US"
1850977175,"Angelica atropurpurea",-89.354698,41.859264,2018,6,13,"US"
1850980505,"Angelica atropurpurea",-89.366481,43.166972,2018,6,10,"US"
1850985582,"Angelica atropurpurea",-73.153369,43.968658,2018,6,14,"US"
1880477549,"Angelica atropurpurea",-87.801112,42.471493,2018,6,14,"US"
1880495850,"Angelica atropurpurea",-88.315285,42.192287,2018,6,16,"US"
1880496173,"Angelica atropurpurea",-88.31397,42.192085,2018,6,16,"US"
1880498234,"Angelica atropurpurea",-88.943821,43.861546,2018,6,16,"US"
1880523035,"Angelica atropurpurea",-92.47525,44.026342,2018,6,19,"US"
1880528507,"Angelica atropurpurea",-73.052354,43.742827,2018,6,20,"US"
1880549534,"Angelica atropurpurea",-73.624965,42.337507,2018,6,23,"US"
1880558224,"Angelica atropurpurea",-73.181437,43.60274,2018,6,24,"US"
1880572129,"Angelica atropurpurea",-72.863256,44.911108,2018,6,25,"US"
1880582780,"Angelica atropurpurea",-88.462889,42.832077,2018,6,25,"US"
1880585597,"Angelica atropurpurea",-72.952295,44.65141,2018,6,27,"US"
1880594043,"Angelica atropurpurea",-88.452501,42.836308,2018,6,25,"US"
1883466389,"Angelica atropurpurea",-84.11933,42.093375,2018,6,24,"US"
1883911390,"Angelica atropurpurea",-86.247315,41.935157,2018,6,5,"US"
1890668010,"Angelica atropurpurea",-93.230937,44.846573,2018,6,18,"US"
1890668607,"Angelica atropurpurea",-85.325706,42.302418,2018,6,26,"US"
1890703580,"Angelica atropurpurea",-85.58605,42.364516,2018,6,25,"US"
1914192945,"Angelica atropurpurea",-87.863569,41.771944,2018,6,28,"US"
1931474356,"Angelica atropurpurea",-87.919411,41.514877,2018,6,10,"US"
1931475205,"Angelica atropurpurea",-88.078577,41.5816,2018,6,22,"US"
1986549211,"Angelica atropurpurea",-75.96541,42.394147,2018,6,19,"US"
1986591283,"Angelica atropurpurea",-86.383281,41.827835,2018,6,5,"US"
1986591546,"Angelica atropurpurea",-86.299513,41.938668,2018,6,5,"US"
1990443273,"Angelica atropurpurea",-87.786117,42.143289,2018,6,15,"US"
1990537235,"Angelica atropurpurea",-87.800828,42.471553,2018,6,11,"US"
2005261450,"Angelica atropurpurea",-81.575734,41.190411,2018,6,24,"US"
2028435545,"Angelica atropurpurea",-81.42199,41.424543,2018,6,20,"US"
2429192152,"Angelica atropurpurea",-74.871011,41.034208,2018,6,3,"US"
2465092263,"Angelica atropurpurea",-74.871011,41.034208,2018,6,3,"US"
2550100518,"Angelica atropurpurea",-92.21776,43.79748,2018,6,14,"US"
2574045476,"Angelica atropurpurea",-92.077796,43.670598,2018,6,29,"US"
2802890373,"Angelica atropurpurea",-73.894348,40.888978,2018,6,9,"US"
2992738313,"Angelica atropurpurea",-89.432296,43.053856,2018,6,1,"US"
1880654954,"Angelica atropurpurea",-87.69413,41.95758,2018,7,1,"US"
1883486709,"Angelica atropurpurea",-72.947913,44.895308,2018,7,9,"US"
1883522526,"Angelica atropurpurea",-72.375526,43.857479,2018,7,14,"US"
1883528759,"Angelica atropurpurea",-89.338039,44.039997,2018,7,14,"US"
1883528835,"Angelica atropurpurea",-89.483393,44.056767,2018,7,14,"US"
1883552078,"Angelica atropurpurea",-88.190433,42.443981,2018,7,17,"US"
1883557996,"Angelica atropurpurea",-88.73732,41.675305,2018,7,18,"US"
1883919073,"Angelica atropurpurea",-85.063792,45.455272,2018,7,19,"US"
1883940208,"Angelica atropurpurea",-72.602339,44.197647,2018,7,22,"US"
1883956110,"Angelica atropurpurea",-89.671569,42.956684,2018,7,19,"US"
1890047506,"Angelica atropurpurea",-83.986732,41.879277,2018,7,1,"US"
1890080624,"Angelica atropurpurea",-89.55733,41.991932,2018,7,31,"US"
1986502267,"Angelica atropurpurea",-87.437935,45.309242,2018,7,20,"US"
2005262290,"Angelica atropurpurea",-82.275473,41.070943,2018,7,6,"US"
2429188187,"Angelica atropurpurea",-92.046875,44.050311,2018,7,22,"US"
2563483310,"Angelica atropurpurea",-77.424071,42.96524,2018,7,24,"US"
2643974057,"Angelica atropurpurea",-89.257538,44.29802,2018,7,25,"US"
2643983101,"Angelica atropurpurea",-89.257538,44.29802,2018,7,25,"US"
1901055795,"Angelica atropurpurea",-71.297546,44.263367,2018,8,30,"US"
1913178141,"Angelica atropurpurea",-89.479624,44.056021,2018,9,9,"US"
1457624068,"Angelica atropurpurea",-89.402983,41.23879,2017,4,8,"US"
1500303487,"Angelica atropurpurea",-88.26999,42.064253,2017,4,23,"US"
1500345614,"Angelica atropurpurea",-92.64791,45.44865,2017,5,2,"US"
1500353389,"Angelica atropurpurea",-88.626562,41.689159,2017,5,4,"US"
1562896822,"Angelica atropurpurea",-88.916386,43.125507,2017,5,4,"US"
1562907948,"Angelica atropurpurea",-88.089185,41.813298,2017,5,7,"US"
1562944884,"Angelica atropurpurea",-89.34002,43.164161,2017,5,12,"US"
1562955520,"Angelica atropurpurea",-88.493782,41.830666,2017,5,18,"US"
1562957070,"Angelica atropurpurea",-87.560178,41.671545,2017,5,19,"US"
1562961740,"Angelica atropurpurea",-83.662986,42.302229,2017,5,18,"US"
1562976038,"Angelica atropurpurea",-88.926044,43.036918,2017,5,21,"US"
1563426977,"Angelica atropurpurea",-89.806564,43.104183,2017,5,27,"US"
1563428377,"Angelica atropurpurea",-88.390912,41.8405,2017,5,27,"US"
1563437176,"Angelica atropurpurea",-92.928669,43.681945,2017,5,29,"US"
1563437641,"Angelica atropurpurea",-88.458019,42.831034,2017,5,29,"US"
1563441088,"Angelica atropurpurea",-88.926258,43.03637,2017,5,21,"US"
1563445085,"Angelica atropurpurea",-88.628951,42.845751,2017,5,21,"US"
1571078631,"Angelica atropurpurea",-88.684654,42.798675,2017,5,29,"US"
1571079202,"Angelica atropurpurea",-89.484243,43.121173,2017,5,24,"US"
1571107032,"Angelica atropurpurea",-88.687091,42.797475,2017,5,29,"US"
1571127053,"Angelica atropurpurea",-89.807482,43.104679,2017,5,29,"US"
1571172871,"Angelica atropurpurea",-88.373328,41.911072,2017,5,24,"US"
1702456757,"Angelica atropurpurea",-81.36412,41.412034,2017,5,30,"US"
1703130739,"Angelica atropurpurea",-81.579208,41.188328,2017,5,26,"US"
1703130803,"Angelica atropurpurea",-81.478354,41.208671,2017,5,28,"US"
1807273429,"Angelica atropurpurea",-84.288829,39.8833,2017,5,20,"US"
1571101698,"Angelica atropurpurea",-88.701541,42.785501,2017,6,5,"US"
1571101720,"Angelica atropurpurea",-88.027654,41.532476,2017,6,6,"US"
1571131992,"Angelica atropurpurea",-81.526953,40.927481,2017,6,12,"US"
1571145366,"Angelica atropurpurea",-92.811452,44.883521,2017,6,16,"US"
1571157576,"Angelica atropurpurea",-72.406617,43.647642,2017,6,19,"US"
1571166298,"Angelica atropurpurea",-82.659376,39.613286,2017,6,18,"US"
1571189946,"Angelica atropurpurea",-88.37692,41.843125,2017,6,26,"US"
1571193821,"Angelica atropurpurea",-88.66732,41.879447,2017,6,27,"US"
1572339923,"Angelica atropurpurea",-89.640976,43.417802,2017,6,27,"US"
1572341004,"Angelica atropurpurea",-90.581197,43.690347,2017,6,27,"US"
1572348486,"Angelica atropurpurea",-73.398786,43.572355,2017,6,25,"US"
1572353107,"Angelica atropurpurea",-71.951416,44.13414,2017,6,29,"US"
1584403310,"Angelica atropurpurea",-72.391225,43.490519,2017,6,16,"US"
1586147490,"Angelica atropurpurea",-82.460365,39.52385,2017,6,12,"US"
1640106615,"Angelica atropurpurea",-87.83793,42.3515,2017,6,15,"US"
1702456945,"Angelica atropurpurea",-81.365862,41.118935,2017,6,9,"US"
1702477522,"Angelica atropurpurea",-79.995049,41.798828,2017,6,12,"US"
1806326026,"Angelica atropurpurea",-83.792789,40.056869,2017,6,9,"US"
1847472551,"Angelica atropurpurea",-88.023258,43.43888,2017,6,10,"US"
2234743629,"Angelica atropurpurea",-84.287728,43.6011,2017,6,4,"US"
2634365322,"Angelica atropurpurea",-95.32401,47.324956,2017,6,22,"US"
3044794023,"Angelica atropurpurea",-88.02211,43.436799,2017,6,11,"US"
3064134365,"Angelica atropurpurea",-80.3729,40.9199,2017,6,6,"US"
3064136362,"Angelica atropurpurea",-80.3729,40.9199,2017,6,6,"US"
1572353486,"Angelica atropurpurea",-73.190177,43.596038,2017,7,2,"US"
1572381287,"Angelica atropurpurea",-92.191648,46.287634,2017,7,8,"US"
1572385772,"Angelica atropurpurea",-72.058971,44.06518,2017,7,9,"US"
1572389894,"Angelica atropurpurea",-83.910879,42.386645,2017,7,10,"US"
1580490881,"Angelica atropurpurea",-88.541699,41.743627,2017,7,13,"US"
1580513220,"Angelica atropurpurea",-72.816345,44.528125,2017,7,18,"US"
1584409343,"Angelica atropurpurea",-72.591195,44.564267,2017,7,21,"US"
1586104195,"Angelica atropurpurea",-72.816321,44.528183,2017,7,25,"US"
1586924190,"Angelica atropurpurea",-88.379662,41.910713,2017,7,29,"US"
1586944111,"Angelica atropurpurea",-72.819572,43.610887,2017,7,10,"US"
1621784688,"Angelica atropurpurea",-73.03586,44.435953,2017,7,13,"US"
1640040433,"Angelica atropurpurea",-86.380734,42.16054,2017,7,6,"US"
1640041458,"Angelica atropurpurea",-85.215934,45.325361,2017,7,15,"US"
1836609749,"Angelica atropurpurea",-84.050817,42.15282,2017,7,8,"US"
3064121382,"Angelica atropurpurea",-77.351038,41.386567,2017,7,20,"US"
1668835872,"Angelica atropurpurea",-87.273674,46.013496,2017,9,9,"US"
1806328420,"Angelica atropurpurea",-72.814925,44.527633,2017,9,13,"US"
1901025677,"Angelica atropurpurea",-87.492371,46.198211,2017,9,9,"US"
1901025678,"Angelica atropurpurea",-87.295363,46.196499,2017,9,9,"US"
1677335028,"Angelica atropurpurea",-92.64102,45.43218,2017,10,22,"US"
1562904209,"Angelica atropurpurea",-73.856609,40.700023,2016,3,8,"US"
1265564739,"Angelica atropurpurea",-88.022582,41.533534,2016,4,9,"US"
1831201095,"Angelica atropurpurea",-88.268439,42.065087,2016,4,12,"US"
1269563334,"Angelica atropurpurea",-88.267805,42.043685,2016,5,9,"US"
1269579433,"Angelica atropurpurea",-87.903708,41.511356,2016,5,22,"US"
1270048594,"Angelica atropurpurea",-88.179375,41.505008,2016,5,27,"US"
1270048651,"Angelica atropurpurea",-88.023966,41.549431,2016,5,27,"US"
1270056356,"Angelica atropurpurea",-88.91475,43.129157,2016,5,29,"US"
1453090634,"Angelica atropurpurea",-78.701298,42.154024,2016,5,31,"US"
1457581062,"Angelica atropurpurea",-81.580253,41.200572,2016,5,31,"US"
1500217622,"Angelica atropurpurea",-83.7929,40.056897,2016,5,28,"US"
1989466759,"Angelica atropurpurea",-85.8367,42.4921,2016,5,30,"US"
3067930541,"Angelica atropurpurea",-81.580805,41.188273,2016,5,29,"US"
3097078305,"Angelica atropurpurea",-74.567276,41.202386,2016,5,13,"US"
3118401305,"Angelica atropurpurea",-81.629307,41.390887,2016,5,21,"US"
1270057635,"Angelica atropurpurea",-87.920517,41.517494,2016,6,1,"US"
1272091159,"Angelica atropurpurea",-88.897777,43.137047,2016,6,5,"US"
1272107747,"Angelica atropurpurea",-89.336778,41.905242,2016,6,11,"US"
1272114242,"Angelica atropurpurea",-73.053801,44.933558,2016,6,15,"US"
1273846060,"Angelica atropurpurea",-89.354027,43.02617,2016,6,15,"US"
1273851665,"Angelica atropurpurea",-81.367317,41.212653,2016,6,19,"US"
1273853711,"Angelica atropurpurea",-88.884117,43.140068,2016,6,19,"US"
1273855066,"Angelica atropurpurea",-87.563095,41.654707,2016,6,16,"US"
1291080053,"Angelica atropurpurea",-81.302786,41.454469,2016,6,7,"US"
1291091040,"Angelica atropurpurea",-88.306229,43.012718,2016,6,27,"US"
1305165990,"Angelica atropurpurea",-89.430147,43.041283,2016,6,24,"US"
1453269294,"Angelica atropurpurea",-78.402166,42.546689,2016,6,21,"US"
1802608421,"Angelica atropurpurea",-81.366888,41.206087,2016,6,3,"US"
2006101264,"Angelica atropurpurea",-92.430233,44.028804,2016,6,13,"US"
1935598737,"Angelica atropurpurea",-74.960337,42.487302,2016,7,2,"US"
2859222473,"Angelica atropurpurea",-75.446782,41.945359,2016,7,27,"US"
1880665341,"Angelica atropurpurea",-73.05236,43.733291,2016,9,30,"US"
1088976160,"Angelica atropurpurea",-74.555116,41.231262,2015,5,10,"US"
1098900426,"Angelica atropurpurea",-81.420301,40.937008,2015,6,6,"US"
1098909132,"Angelica atropurpurea",-78.405916,42.544412,2015,6,13,"US"
1098911341,"Angelica atropurpurea",-92.635794,44.572558,2015,6,14,"US"
1099963973,"Angelica atropurpurea",-81.562143,41.139709,2015,6,24,"US"
1099969993,"Angelica atropurpurea",-81.367986,41.212383,2015,6,16,"US"
1122958907,"Angelica atropurpurea",-73.064238,44.243093,2015,6,27,"US"
1135356404,"Angelica atropurpurea",-87.749217,40.221731,2015,6,6,"US"
1932307309,"Angelica atropurpurea",-73.370047,43.625203,2015,6,30,"US"
1099969410,"Angelica atropurpurea",-93.315334,45.894186,2015,7,2,"US"
1122959127,"Angelica atropurpurea",-81.609388,41.065736,2015,7,4,"US"
1122959134,"Angelica atropurpurea",-73.040049,43.583873,2015,7,2,"US"
1122959529,"Angelica atropurpurea",-81.368662,41.211116,2015,7,1,"US"
1122959608,"Angelica atropurpurea",-73.057282,43.621274,2015,7,9,"US"
1122959905,"Angelica atropurpurea",-91.891283,44.898315,2015,7,9,"US"
1122964809,"Angelica atropurpurea",-81.5281,40.943094,2015,7,10,"US"
1132403929,"Angelica atropurpurea",-73.017667,44.2915,2015,7,11,"US"
1132405405,"Angelica atropurpurea",-72.968597,43.83962,2015,7,17,"US"
1132412442,"Angelica atropurpurea",-72.816458,44.528205,2015,7,21,"US"
1621769573,"Angelica atropurpurea",-83.07732,42.818383,2015,7,25,"US"
1621769576,"Angelica atropurpurea",-84.864056,45.412663,2015,7,28,"US"
1806321264,"Angelica atropurpurea",-72.477322,44.315663,2015,7,3,"US"
1989121673,"Angelica atropurpurea",-85.6398,44.304783,2015,7,22,"US"
2557641763,"Angelica atropurpurea",-72.504954,43.348834,2015,7,1,"US"
1807268994,"Angelica atropurpurea",-72.499717,44.335937,2015,9,6,"US"
1227749001,"Angelica atropurpurea",-73.025916,43.691616,2015,12,11,"US"
899951695,"Angelica atropurpurea",-88.560205,41.596551,2014,3,20,"US"
1831131282,"Angelica atropurpurea",-88.560146,41.59664,2014,3,20,"US"
899979269,"Angelica atropurpurea",-77.063247,43.022553,2014,5,3,"US"
1978880252,"Angelica atropurpurea",-84.46053,42.08426,2014,5,26,"US"
923915465,"Angelica atropurpurea",-81.823119,41.144089,2014,6,13,"US"
923918920,"Angelica atropurpurea",-85.454838,42.208675,2014,6,18,"US"
923923844,"Angelica atropurpurea",-73.033949,43.696389,2014,6,27,"US"
1291167534,"Angelica atropurpurea",-72.406211,43.643664,2014,6,15,"US"
1024184770,"Angelica atropurpurea",-72.587142,43.8521,2014,7,5,"US"
1024187242,"Angelica atropurpurea",-72.95248,43.650112,2014,7,9,"US"
1933555210,"Angelica atropurpurea",-75.967473,42.39709,2014,7,12,"US"
1986840764,"Angelica atropurpurea",-84.45736,42.08943,2014,7,18,"US"
1042814032,"Angelica atropurpurea",-73.023573,43.691761,2014,11,1,"US"
1986831573,"Angelica atropurpurea",-84.44666,42.08964,2013,5,31,"US"
1986842497,"Angelica atropurpurea",-83.94215,41.98008,2013,5,29,"US"
891162630,"Angelica atropurpurea",-81.572683,41.166349,2013,6,8,"US"
891164117,"Angelica atropurpurea",-81.569,41.150833,2013,6,11,"US"
891166306,"Angelica atropurpurea",-72.406312,43.643975,2013,6,17,"US"
891167687,"Angelica atropurpurea",-73.179639,44.027243,2013,6,20,"US"
891169892,"Angelica atropurpurea",-73.033934,43.694225,2013,6,22,"US"
923909659,"Angelica atropurpurea",-73.057207,43.619578,2013,6,17,"US"
1806322307,"Angelica atropurpurea",-88.732091,41.826032,2013,6,25,"US"
1806322312,"Angelica atropurpurea",-88.737307,41.675941,2013,6,21,"US"
891711790,"Angelica atropurpurea",-72.816406,44.528066,2013,7,9,"US"
891715317,"Angelica atropurpurea",-72.816333,44.528167,2013,7,16,"US"
891724838,"Angelica atropurpurea",-72.588833,43.8495,2013,8,9,"US"
1986828496,"Angelica atropurpurea",-84.13116,42.14895,2013,8,16,"US"
3044943890,"Angelica atropurpurea",-81.469506,41.332663,2013,9,7,"US"
891750127,"Angelica atropurpurea",-87.865158,41.771705,2013,10,11,"US"
1978879740,"Angelica atropurpurea",-83.9453,41.9722,2012,5,17,"US"
1986824047,"Angelica atropurpurea",-83.9403,41.9819,2012,5,22,"US"
1986824796,"Angelica atropurpurea",-83.9452,41.9705,2012,5,21,"US"
2265965489,"Angelica atropurpurea",-91.421806,44.50375,2012,5,30,"US"
2265966733,"Angelica atropurpurea",-91.421806,44.50375,2012,5,30,"US"
891084602,"Angelica atropurpurea",-81.56796,41.169281,2012,6,5,"US"
1453551008,"Angelica atropurpurea",-93.147106,44.460794,2012,6,16,"US"
1986823280,"Angelica atropurpurea",-83.8711,42.5348,2012,6,15,"US"
1807267941,"Angelica atropurpurea",-88.557997,41.62124,2012,7,31,"US"
1986824148,"Angelica atropurpurea",-83.944,41.97,2012,7,25,"US"
1990642615,"Angelica atropurpurea",-87.955836,43.424453,2012,7,1,"US"
1978879878,"Angelica atropurpurea",-84.17533,42.12142,2012,8,6,"US"
1986824437,"Angelica atropurpurea",-83.83804,42.50489,2012,8,13,"US"
2576416373,"Angelica atropurpurea",-88.054905,41.816425,2011,7,10,"US"
3061566328,"Angelica atropurpurea",-85.7342,42.137783,2010,5,17,"US"
3090684574,"Angelica atropurpurea",-85.058018,45.453287,2010,6,2,"US"
1929383170,"Angelica atropurpurea",-74.120489,44.414464,2010,8,13,"US"
1132410457,"Angelica atropurpurea",-73.797741,42.78759,2008,6,7,"US"
2611427727,"Angelica atropurpurea",-73.057143,43.612899,2008,6,24,"US"
2013005812,"Angelica atropurpurea",-89.429215,43.038612,2007,5,28,"US"
2859483543,"Angelica atropurpurea",-78.061784,41.490947,2007,5,31,"US"
1989215687,"Angelica atropurpurea",-86.029503,43.619241,2007,7,6,"US"
1988631701,"Angelica atropurpurea",-84.89681,43.0087,2006,6,5,"US"
1030486449,"Angelica atropurpurea",-84.49,42.691944,2005,6,30,"US"
1259779112,"Angelica atropurpurea",-90.806111,38.479445,2004,6,1,"US"
415929293,"Angelica atropurpurea",-72.43008,43.26105,2003,6,23,"US"
415946899,"Angelica atropurpurea",-72.43008,43.26105,2003,6,23,"US"
415946905,"Angelica atropurpurea",-72.00835,41.86059,2003,6,19,"US"
415946906,"Angelica atropurpurea",-72.00835,41.86059,2003,6,19,"US"
1038921781,"Angelica atropurpurea",-71.9833,41.8669,2003,6,19,"US"
1039016210,"Angelica atropurpurea",-71.9833,41.8669,2003,6,19,"US"
415944407,"Angelica atropurpurea",-74.74611,41.1175,2000,6,23,"US"
415944408,"Angelica atropurpurea",-74.74611,41.1175,2000,6,23,"US"
2265445726,"Angelica atropurpurea",-92.319092,44.505359,1999,6,2,"US"
176875795,"Angelica atropurpurea",-85.758003,42.932999,1997,6,18,"US"
2859404341,"Angelica atropurpurea",-79.48333,40.33194,1997,6,11,"US"
2265471195,"Angelica atropurpurea",-92.682382,44.564811,1996,6,30,"US"
2859161363,"Angelica atropurpurea",-80.21333,41.13139,1996,8,27,"US"
2859161339,"Angelica atropurpurea",-79.438889,40.4125,1995,7,1,"US"
1305255873,"Angelica atropurpurea",-88.251757,42.61224,1994,6,13,"US"
1989022779,"Angelica atropurpurea",-85.32914,42.29787,1994,6,16,"US"
2265472959,"Angelica atropurpurea",-91.820174,43.781853,1994,6,10,"US"
2859144352,"Angelica atropurpurea",-79.48139,40.38778,1994,6,15,"US"
2859145353,"Angelica atropurpurea",-79.59444,40.12194,1994,6,17,"US"
2859159319,"Angelica atropurpurea",-79.49167,40.35361,1994,6,15,"US"
2859160337,"Angelica atropurpurea",-79.48139,40.38778,1994,6,15,"US"
2859161329,"Angelica atropurpurea",-79.521667,40.222222,1994,6,10,"US"
2859162326,"Angelica atropurpurea",-79.59444,40.12194,1994,6,17,"US"
2859397300,"Angelica atropurpurea",-79.54167,40.39444,1994,6,15,"US"
2859431281,"Angelica atropurpurea",-79.54167,40.39444,1994,6,15,"US"
2859431283,"Angelica atropurpurea",-79.722222,40.263333,1994,6,10,"US"
2859434288,"Angelica atropurpurea",-79.521667,40.222222,1994,6,10,"US"
2859146323,"Angelica atropurpurea",-80.280278,40.990278,1994,7,18,"US"
2859439306,"Angelica atropurpurea",-79.673889,40.206111,1994,7,1,"US"
2859439309,"Angelica atropurpurea",-80.146389,41.052778,1994,7,19,"US"
415953726,"Angelica atropurpurea",-73.30888,41.96166,1993,6,16,"US"
415953727,"Angelica atropurpurea",-73.30888,41.96166,1993,6,16,"US"
2265471437,"Angelica atropurpurea",-92.219269,43.637724,1991,7,12,"US"
1989018979,"Angelica atropurpurea",-87.272931,46.005589,1990,6,21,"US"
1989298739,"Angelica atropurpurea",-89.156637,46.693845,1990,7,4,"US"
2265471184,"Angelica atropurpurea",-92.813616,44.768807,1990,7,3,"US"
2265470034,"Angelica atropurpurea",-92.725536,45.505304,1989,6,5,"US"
1989300480,"Angelica atropurpurea",-85.939493,45.932248,1989,7,3,"US"
2265473473,"Angelica atropurpurea",-92.813616,44.768807,1989,7,19,"US"
2859406342,"Angelica atropurpurea",-80.215538,41.137311,1988,6,12,"US"
2859440324,"Angelica atropurpurea",-80.215538,41.137311,1988,6,12,"US"
2265471377,"Angelica atropurpurea",-92.791861,44.912609,1987,6,9,"US"
2265472633,"Angelica atropurpurea",-92.763054,45.163334,1987,6,9,"US"
1989486544,"Angelica atropurpurea",-87.128552,45.992534,1986,6,12,"US"
2265472338,"Angelica atropurpurea",-92.653892,44.076946,1986,6,14,"US"
2265471694,"Angelica atropurpurea",-93.024748,44.516169,1986,7,30,"US"
2265470261,"Angelica atropurpurea",-92.586388,44.148056,1985,7,12,"US"
2265473442,"Angelica atropurpurea",-92.682382,44.564811,1985,7,11,"US"
1305255915,"Angelica atropurpurea",-88.330294,43.396922,1985,8,8,"US"
1989295236,"Angelica atropurpurea",-83.936005,41.971105,1984,6,13,"US"
2859396270,"Angelica atropurpurea",-78.353159,40.444591,1983,6,27,"US"
606652463,"Angelica atropurpurea",-73.45694,41.58805,1983,7,5,"US"
606655901,"Angelica atropurpurea",-73.47666,41.87916,1983,7,5,"US"
1988760028,"Angelica atropurpurea",-86.316785,41.961849,1980,6,21,"US"
2265458469,"Angelica atropurpurea",-93.66943,45.29759,1979,7,12,"US"
2265471849,"Angelica atropurpurea",-94.043783,45.446339,1979,7,11,"US"
415953731,"Angelica atropurpurea",-72.82888,41.84361,1978,6,17,"US"
2265473341,"Angelica atropurpurea",-93.860001,45.331907,1978,6,18,"US"
2859432172,"Angelica atropurpurea",-82.991635,35.666364,1975,6,2,"US"
1305255840,"Angelica atropurpurea",-89.593981,42.792406,1974,6,12,"US"
1039021645,"Angelica atropurpurea",-72.0008,41.5225,1974,7,15,"US"
1305255720,"Angelica atropurpurea",-88.131583,43.33103,1974,7,20,"US"
2270697432,"Angelica atropurpurea",-84.516757,42.720724,1973,6,15,"US"
2270697522,"Angelica atropurpurea",-79.78941,37.40951,1971,8,14,"US"
2270696617,"Angelica atropurpurea",-88.26484,42.436101,1969,6,29,"US"
2270697078,"Angelica atropurpurea",-88.26484,42.436101,1969,6,29,"US"
1988950637,"Angelica atropurpurea",-84.919721,45.431647,1968,6,30,"US"
2265471197,"Angelica atropurpurea",-91.71028,44.027222,1967,5,29,"US"
1457369748,"Angelica atropurpurea",-73.009699,43.236764,1967,7,19,"US"
1457369783,"Angelica atropurpurea",-73.009699,43.236764,1967,7,19,"US"
1457369805,"Angelica atropurpurea",-73.009699,43.236764,1967,7,19,"US"
2859481633,"Angelica atropurpurea",-80.197341,41.120746,1967,7,6,"US"
2859482597,"Angelica atropurpurea",-80.197341,41.120746,1967,7,6,"US"
2265471857,"Angelica atropurpurea",-91.67066,43.803498,1966,6,15,"US"
2573074857,"Angelica atropurpurea",-70.09179,44.54929,1966,7,19,"US"
2573091459,"Angelica atropurpurea",-70.09179,44.54929,1966,7,19,"US"
1305255943,"Angelica atropurpurea",-87.993648,43.286033,1964,6,6,"US"
2859153958,"Angelica atropurpurea",-80.17657,41.06476,1963,7,6,"US"
1988772691,"Angelica atropurpurea",-84.560719,45.14896,1962,7,31,"US"
415927275,"Angelica atropurpurea",-74.37666,40.84583,1961,6,19,"US"
2265473404,"Angelica atropurpurea",-92.80583,45.09983,1961,7,3,"US"
2859136953,"Angelica atropurpurea",-78.369368,40.221513,1961,7,16,"US"
2859134969,"Angelica atropurpurea",-80.387865,41.127247,1960,6,17,"US"
2859504624,"Angelica atropurpurea",-80.404001,41.124596,1960,6,17,"US"
1228276573,"Angelica atropurpurea",-87.85,41.8333,1960,7,14,"US"
2859149948,"Angelica atropurpurea",-77.834058,40.813842,1960,7,15,"US"
2859507584,"Angelica atropurpurea",-77.842477,40.856475,1960,7,15,"US"
1989394818,"Angelica atropurpurea",-84.910816,41.816878,1959,7,4,"US"
1228317073,"Angelica atropurpurea",-87.85,41.8333,1958,6,14,"US"
1989015801,"Angelica atropurpurea",-85.214232,42.702147,1958,6,13,"US"
1989554265,"Angelica atropurpurea",-86.361204,42.122778,1958,6,11,"US"
1989338211,"Angelica atropurpurea",-84.520407,41.837985,1958,7,15,"US"
2270695506,"Angelica atropurpurea",-89.513837,40.726641,1957,5,20,"US"
1989163279,"Angelica atropurpurea",-83.906375,43.500858,1956,6,19,"US"
415952090,"Angelica atropurpurea",-70.43833,44.39194,1954,7,4,"US"
415952091,"Angelica atropurpurea",-70.43833,44.39194,1954,7,4,"US"
1228558355,"Angelica atropurpurea",-87.85,41.8333,1954,7,15,"US"
1228492664,"Angelica atropurpurea",-88.4667,42.3333,1953,6,14,"US"
2859243628,"Angelica atropurpurea",-80.239785,41.154548,1953,6,11,"US"
2859505656,"Angelica atropurpurea",-80.239785,41.154548,1953,6,11,"US"
2859431913,"Angelica atropurpurea",-79.04846,39.726221,1952,9,6,"US"
2265473253,"Angelica atropurpurea",-93.001362,43.503365,1950,6,23,"US"
2859396919,"Angelica atropurpurea",-80.267096,41.980283,1950,7,5,"US"
2265472025,"Angelica atropurpurea",-91.282943,47.2677,1950,8,30,"US"
1457369778,"Angelica atropurpurea",-76.436618,42.618516,1948,6,20,"US"
2859152955,"Angelica atropurpurea",-79.49482,39.870849,1948,8,7,"US"
2859136954,"Angelica atropurpurea",-80.508169,40.672518,1947,5,22,"US"
1457369794,"Angelica atropurpurea",-80.824221,39.709235,1947,6,3,"US"
2859222646,"Angelica atropurpurea",-80.100852,41.042911,1947,7,16,"US"
2859398920,"Angelica atropurpurea",-80.100846,41.042721,1947,7,16,"US"
2859506614,"Angelica atropurpurea",-80.100852,41.042911,1947,7,16,"US"
2265473354,"Angelica atropurpurea",-92.972862,43.660825,1946,6,18,"US"
2265472854,"Angelica atropurpurea",-92.434908,44.544968,1945,6,24,"US"
2265471630,"Angelica atropurpurea",-91.274838,47.278836,1944,8,10,"US"
2265474011,"Angelica atropurpurea",-91.282943,47.2677,1943,8,24,"US"
415952092,"Angelica atropurpurea",-73.08333,42.28333,1941,6,NA,"US"
2859395925,"Angelica atropurpurea",-80.08447,41.0088099990657,1941,6,28,"US"
1319177874,"Angelica atropurpurea",-76.5136,38.5175,1941,8,3,"US"
2859222671,"Angelica atropurpurea",-79.440669,40.423057,1940,6,12,"US"
2859223664,"Angelica atropurpurea",-79.440669,40.423057,1940,6,12,"US"
415953734,"Angelica atropurpurea",-72.22027,41.81027,1940,7,20,"US"
415953735,"Angelica atropurpurea",-72.22027,41.81027,1940,7,20,"US"
2265472937,"Angelica atropurpurea",-93.1367,44.93058,1940,7,15,"US"
2859149949,"Angelica atropurpurea",-80.497845,40.641454,1940,7,14,"US"
2859507605,"Angelica atropurpurea",-80.497845,40.641454,1940,7,14,"US"
2265470751,"Angelica atropurpurea",-93.34156,44.78764,1938,7,8,"US"
2573063628,"Angelica atropurpurea",-72.80459,43.42917,1938,7,23,"US"
2859243654,"Angelica atropurpurea",-79.917578,41.413679,1938,7,3,"US"
2859504628,"Angelica atropurpurea",-79.917578,41.413679,1938,7,3,"US"
2859152956,"Angelica atropurpurea",-75.539522,41.691993,1937,6,26,"US"
1090531905,"Angelica atropurpurea",-76.4833,42.4333,1937,7,15,"US"
1989323399,"Angelica atropurpurea",-84.49499,42.24997,1937,7,10,"US"
1090532451,"Angelica atropurpurea",-76.4833,42.4333,1937,8,14,"US"
1090532877,"Angelica atropurpurea",-76.4833,42.4333,1936,6,10,"US"
1988704432,"Angelica atropurpurea",-84.369357,43.596538,1936,6,19,"US"
1038976890,"Angelica atropurpurea",-72.6153,41.7636,1933,6,4,"US"
2859153959,"Angelica atropurpurea",-79.755946,40.310239,1933,7,2,"US"
2859245657,"Angelica atropurpurea",-80.229142,41.165404,1933,7,25,"US"
2859245681,"Angelica atropurpurea",-80.229142,41.165404,1933,7,25,"US"
415953733,"Angelica atropurpurea",-72.24138,41.92166,1932,6,20,"US"
415953740,"Angelica atropurpurea",-72.22027,41.81027,1932,6,25,"US"
1038927199,"Angelica atropurpurea",-72.0221,41.9694,1930,6,15,"US"
1038950680,"Angelica atropurpurea",-72.2287,41.7892,1930,6,14,"US"
1039004015,"Angelica atropurpurea",-72.2287,41.7892,1930,6,14,"US"
415953725,"Angelica atropurpurea",-73.13861,41.30416,1928,6,23,"US"
415953736,"Angelica atropurpurea",-73.13861,41.30416,1928,6,23,"US"
1928201897,"Angelica atropurpurea",-73.880534,40.739918,1928,6,4,"US"
1928725845,"Angelica atropurpurea",-73.880534,40.739918,1928,6,4,"US"
2859151965,"Angelica atropurpurea",-79.994775,41.800172,1928,7,7,"US"
1989351864,"Angelica atropurpurea",-83.6705,42.26871,1927,6,29,"US"
2859135975,"Angelica atropurpurea",-79.540791,41.982031,1927,6,11,"US"
1228614990,"Angelica atropurpurea",-87.346427,41.59337,1926,NA,NA,"US"
2265590939,"Angelica atropurpurea",-93.021006,47.967145,1924,7,NA,"US"
2265471837,"Angelica atropurpurea",-93.166817,44.818752,1924,9,19,"US"
2265471933,"Angelica atropurpurea",-93.166817,44.818752,1924,9,19,"US"
1230495814,"Angelica atropurpurea",-76.49667,42.44056,1923,5,30,"US"
2859137946,"Angelica atropurpurea",-80.240616,40.592567,1923,7,4,"US"
1038958556,"Angelica atropurpurea",-73.3145,41.6523,1922,7,13,"US"
1038979565,"Angelica atropurpurea",-73.3145,41.6523,1922,7,13,"US"
1988689268,"Angelica atropurpurea",-85.341961,42.933643,1922,7,1,"US"
2859134970,"Angelica atropurpurea",-79.845276,40.526172,1922,7,1,"US"
2859507580,"Angelica atropurpurea",-79.845276,40.526172,1922,7,1,"US"
1305245793,"Angelica atropurpurea",-88.633715,44.883871,1921,6,28,"US"
1988724632,"Angelica atropurpurea",-83.33834,41.88685,1921,6,2,"US"
2859432898,"Angelica atropurpurea",-79.842272,40.521735,1921,6,12,"US"
2859504650,"Angelica atropurpurea",-79.851113,40.523497,1921,6,12,"US"
1305245688,"Angelica atropurpurea",-88.633715,44.883871,1921,10,7,"US"
1305255741,"Angelica atropurpurea",-91.849063,45.401347,1917,5,26,"US"
415953732,"Angelica atropurpurea",-73.30888,41.96166,1917,6,21,"US"
415953739,"Angelica atropurpurea",-72.61194,41.78222,1917,8,8,"US"
1929653899,"Angelica atropurpurea",-74.827112,41.087041,1916,6,19,"US"
1305255947,"Angelica atropurpurea",-90.591374,44.560798,1915,7,20,"US"
1928417316,"Angelica atropurpurea",-74.619877,42.147866,1915,7,9,"US"
1929924556,"Angelica atropurpurea",-74.619877,42.147866,1915,7,9,"US"
1931231638,"Angelica atropurpurea",-75.838534,40.48565,1915,7,4,"US"
1988704055,"Angelica atropurpurea",-83.756971,42.301638,1915,7,14,"US"
2859137066,"Angelica atropurpurea",-82.80852,41.400052,1911,7,24,"US"
2859138056,"Angelica atropurpurea",-82.80852,41.400052,1911,7,24,"US"
2859153066,"Angelica atropurpurea",-82.80852,41.400052,1911,7,24,"US"
1929962194,"Angelica atropurpurea",-73.947849,42.074915,1910,5,28,"US"
1930056607,"Angelica atropurpurea",-73.952913,42.077591,1910,5,28,"US"
1038940930,"Angelica atropurpurea",-73.036,41.5583,1910,6,4,"US"
415953738,"Angelica atropurpurea",-72.66555,41.76555,1909,6,2,"US"
415953742,"Angelica atropurpurea",-72.61194,41.78222,1909,6,2,"US"
1928555997,"Angelica atropurpurea",-73.968221,40.973478,1909,6,19,"US"
2859433916,"Angelica atropurpurea",-80.400181,40.835697,1908,6,22,"US"
1038921407,"Angelica atropurpurea",-73.036,41.5583,1908,7,7,"US"
1038947194,"Angelica atropurpurea",-73.3297,41.8475,1908,7,22,"US"
2573063731,"Angelica atropurpurea",-73.22009,44.46004,1907,6,8,"US"
1038990457,"Angelica atropurpurea",-73.4227,41.1185,1906,6,23,"US"
1039022608,"Angelica atropurpurea",-73.1028,41.9219,1906,6,13,"US"
1929472067,"Angelica atropurpurea",-74.743309,40.948833,1906,6,24,"US"
415953730,"Angelica atropurpurea",-73.42277,41.985,1904,6,14,"US"
415953743,"Angelica atropurpurea",-73.42277,41.985,1904,6,14,"US"
415953741,"Angelica atropurpurea",-73.19694,41.98361,1904,7,10,"US"
1038944513,"Angelica atropurpurea",-73.1931,41.7414,1903,5,30,"US"
1038970394,"Angelica atropurpurea",-73.1931,41.7413,1903,5,30,"US"
1038974245,"Angelica atropurpurea",-73.0872,41.381,1903,5,30,"US"
1038974517,"Angelica atropurpurea",-73.3298,41.8475,1903,5,14,"US"
1038986516,"Angelica atropurpurea",-73.1931,41.7414,1903,5,30,"US"
1038987340,"Angelica atropurpurea",-73.1931,41.7413,1903,5,30,"US"
1038992766,"Angelica atropurpurea",-73.0872,41.381,1903,5,30,"US"
2573054634,"Angelica atropurpurea",-73.05765,43.44478,1903,6,27,"US"
2265472275,"Angelica atropurpurea",-92.49834,43.97834,1902,6,21,"US"
2573065439,"Angelica atropurpurea",-73.08868,44.43457,1899,6,26,"US"
1927858171,"Angelica atropurpurea",-73.203717,42.245922,1897,6,28,"US"
1030486461,"Angelica atropurpurea",-82.425,42.97083,1896,6,27,"US"
1988740634,"Angelica atropurpurea",-82.604,43.0453,1896,6,26,"US"
415953729,"Angelica atropurpurea",-73.06027,41.22416,1896,7,12,"US"
415953737,"Angelica atropurpurea",-73.10972,41.21638,1895,6,3,"US"
1989236111,"Angelica atropurpurea",-85.668086,42.96336,1895,6,23,"US"
1030486438,"Angelica atropurpurea",-84.74639,42.75333,1895,7,4,"US"
1038942895,"Angelica atropurpurea",-72.88,41.6049,1894,6,14,"US"
1988831187,"Angelica atropurpurea",-85.668086,42.96336,1894,6,18,"US"
1030486427,"Angelica atropurpurea",-85.66806,42.96333,1893,7,14,"US"
415953728,"Angelica atropurpurea",-73.06027,41.22416,1892,6,18,"US"
1989140251,"Angelica atropurpurea",-85.668086,42.96336,1892,6,27,"US"
1988778606,"Angelica atropurpurea",-82.604,43.0453,1892,7,17,"US"
1228349549,"Angelica atropurpurea",-86.158616,41.661993,1891,7,NA,"US"
2573095725,"Angelica atropurpurea",-69.69096,44.01277,1890,8,18,"US"
2859153060,"Angelica atropurpurea",-79.268381,41.839226,1890,8,23,"US"
1038985860,"Angelica atropurpurea",-73.0568,41.4389,1888,6,27,"US"
1030486412,"Angelica atropurpurea",-84.55556,42.7325,1887,6,15,"US"
2265473767,"Angelica atropurpurea",-92.252454,44.4081,1886,7,15,"US"
1305255797,"Angelica atropurpurea",-87.906474,43.038902,1884,6,NA,"US"
1305255847,"Angelica atropurpurea",-87.906474,43.038902,1884,6,NA,"US"
1038957369,"Angelica atropurpurea",-72.8575,41.2991,1881,7,NA,"US"
2573082272,"Angelica atropurpurea",-72.67884,41.9945,1879,6,14,"US"
1929732010,"Angelica atropurpurea",-74.068209,40.828299,1878,NA,NA,"US"
2573068563,"Angelica atropurpurea",-73.0902,44.32436,1875,7,14,"US"
176876019,"Angelica atropurpurea",-74.0907,40.84038,1874,6,20,"US"
1457369736,"Angelica atropurpurea",-74.0907,40.84038,1874,6,20,"US"
1038941478,"Angelica atropurpurea",-72.841,41.7288,1859,6,NA,"US"
1038951698,"Angelica atropurpurea",-72.841,41.7288,1859,6,NA,"US"
1988660532,"Angelica atropurpurea",-73.0515,43.2588,1857,7,1,"US"
1988930676,"Angelica atropurpurea",-73.2283,42.6847,1854,8,NA,"US"
2859151063,"Angelica atropurpurea",-82.515447,40.75839,1836,6,16,"US"
40104475,"Angelica atropurpurea",-88.16611,41.73583,NA,NA,NA,"US"
40104477,"Angelica atropurpurea",-91.94778,43.7375,NA,NA,NA,"US"
40104487,"Angelica atropurpurea",-92.87167,43.31361,NA,NA,NA,"US"
1228377561,"Angelica atropurpurea",-88.4333,41.95,NA,NA,NA,"US"
1228586371,"Angelica atropurpurea",-88.2833,42.3833,NA,NA,NA,"US"
1988847420,"Angelica atropurpurea",-73.0515,43.2588,NA,NA,NA,"US"
1989240892,"Angelica atropurpurea",-86.254177,41.829769,NA,NA,NA,"US"
2265470929,"Angelica atropurpurea",-93.263836,44.979965,NA,NA,NA,"US"
2265471433,"Angelica atropurpurea",-93.327529,45.860683,NA,NA,NA,"US"
2265471816,"Angelica atropurpurea",-93.263836,44.979965,NA,NA,NA,"US"
2265471889,"Angelica atropurpurea",-94.3117,45.56617,NA,NA,NA,"US"
2265472877,"Angelica atropurpurea",-93.263836,44.979965,NA,NA,NA,"US"
2265473385,"Angelica atropurpurea",-92.72242,44.5033,NA,NA,NA,"US"
2573073182,"Angelica atropurpurea",-72.63056,44.32698,NA,NA,NA,"US"
2573079024,"Angelica atropurpurea",-73.12177,44.0044,NA,NA,NA,"US"
2573082025,"Angelica atropurpurea",-73.12177,44.0044,NA,NA,NA,"US"
2573083299,"Angelica atropurpurea",-73.16404,44.10412,NA,NA,NA,"US"
2573085979,"Angelica atropurpurea",-73.05765,43.44478,NA,NA,NA,"US"
2573086097,"Angelica atropurpurea",-73.12177,44.0044,NA,NA,NA,"US"
2573086822,"Angelica atropurpurea",-72.80459,43.42917,NA,NA,NA,"US"
2573089852,"Angelica atropurpurea",-73.06853,43.16564,NA,NA,NA,"US"
2573091189,"Angelica atropurpurea",-72.68504,44.64796,NA,NA,NA,"US"
2573095185,"Angelica atropurpurea",-72.95293,44.29995,NA,NA,NA,"US"
2573100888,"Angelica atropurpurea",-72.68505,44.14625,NA,NA,NA,"US"
2573102395,"Angelica atropurpurea",-72.81885,44.62779,NA,NA,NA,"US"
2573114864,"Angelica atropurpurea",-72.95293,44.29995,NA,NA,NA,"US"
2573117680,"Angelica atropurpurea",-73.06898,43.07089,NA,NA,NA,"US"
2573121435,"Angelica atropurpurea",-73.07059,44.12435,NA,NA,NA,"US"
2573124900,"Angelica atropurpurea",-73.0902,44.32436,NA,NA,NA,"US"
2573126090,"Angelica atropurpurea",-73.06853,43.16564,NA,NA,NA,"US"
2573127168,"Angelica atropurpurea",-72.88613,44.53826,NA,NA,NA,"US"
2573127485,"Angelica atropurpurea",-73.08868,44.43457,NA,NA,NA,"US"
2573128105,"Angelica atropurpurea",-72.88613,44.53826,NA,NA,NA,"US"
2859135976,"Angelica atropurpurea",-75.427416,39.881707,NA,NA,NA,"US"
2859505634,"Angelica atropurpurea",-75.36223,40.6403799990674,NA,NA,NA,"US"
2859508602,"Angelica atropurpurea",-75.36223,40.6403799990674,NA,NA,NA,"US"
