"gbifID","species","longitude","latitude","year","month","day","countryCode","accepted_name"
"3466016169","Angelica hendersonii",-122.970008,37.99238,2022,1,22,"US","Angelica hendersonii"
"3705456541","Angelica hendersonii",-123.065331,38.308842,2022,2,25,"US","Angelica hendersonii"
"3705463499","Angelica hendersonii",-123.491797,38.735528,2022,2,25,"US","Angelica hendersonii"
"3712644901","Angelica hendersonii",-123.05866,38.309732,2022,2,18,"US","Angelica hendersonii"
"3747264120","Angelica hendersonii",-123.010492,37.997239,2022,3,20,"US","Angelica hendersonii"
"3759316688","Angelica hendersonii",-123.431253,38.67916,2022,4,12,"US","Angelica hendersonii"
"3759714420","Angelica hendersonii",-122.511548,37.815419,2022,4,9,"US","Angelica hendersonii"
"3760348393","Angelica hendersonii",-123.083596,38.341231,2022,4,3,"US","Angelica hendersonii"
"3773057095","Angelica hendersonii",-122.497851,37.501074,2022,4,29,"US","Angelica hendersonii"
"3772937972","Angelica hendersonii",-122.100303,38.49875,2022,5,2,"US","Angelica hendersonii"
"3061551586","Angelica hendersonii",-123.145814,38.458337,2021,3,11,"US","Angelica hendersonii"
"3302016481","Angelica hendersonii",-124.066079,44.625498,2021,3,26,"US","Angelica hendersonii"
"3112821894","Angelica hendersonii",-124.434503,43.105061,2021,5,4,"US","Angelica hendersonii"
"3302415072","Angelica hendersonii",-124.141936,41.702189,2021,5,29,"US","Angelica hendersonii"
"3302495131","Angelica hendersonii",-123.775085,39.577042,2021,5,28,"US","Angelica hendersonii"
"3320854481","Angelica hendersonii",-124.106286,44.321922,2021,5,27,"US","Angelica hendersonii"
"3455312955","Angelica hendersonii",-124.555121,42.833259,2021,5,25,"US","Angelica hendersonii"
"3307362927","Angelica hendersonii",-123.97587,45.918872,2021,6,15,"US","Angelica hendersonii"
"3321112886","Angelica hendersonii",-122.497605,37.500583,2021,6,26,"US","Angelica hendersonii"
"3321158254","Angelica hendersonii",-122.478844,37.801933,2021,6,29,"US","Angelica hendersonii"
"3321184803","Angelica hendersonii",-122.497667,37.500271,2021,6,26,"US","Angelica hendersonii"
"3333254214","Angelica hendersonii",-122.550492,37.841092,2021,6,29,"US","Angelica hendersonii"
"3337874530","Angelica hendersonii",-122.410755,37.228113,2021,6,15,"US","Angelica hendersonii"
"3383958816","Angelica hendersonii",-123.803215,39.304283,2021,6,27,"US","Angelica hendersonii"
"3455610632","Angelica hendersonii",-123.972941,45.463657,2021,6,28,"US","Angelica hendersonii"
"3455750469","Angelica hendersonii",-124.077827,44.675911,2021,6,26,"US","Angelica hendersonii"
"3456563627","Angelica hendersonii",-124.077911,44.675955,2021,6,25,"US","Angelica hendersonii"
"3456624516","Angelica hendersonii",-124.072517,44.787037,2021,6,28,"US","Angelica hendersonii"
"3327934109","Angelica hendersonii",-124.078761,44.676735,2021,7,11,"US","Angelica hendersonii"
"3328073679","Angelica hendersonii",-123.817597,39.424912,2021,7,15,"US","Angelica hendersonii"
"3328086658","Angelica hendersonii",-124.064355,44.828391,2021,7,10,"US","Angelica hendersonii"
"3328090628","Angelica hendersonii",-124.084154,44.495773,2021,7,10,"US","Angelica hendersonii"
"3330435930","Angelica hendersonii",-124.076482,44.674522,2021,7,15,"US","Angelica hendersonii"
"3330521735","Angelica hendersonii",-123.521147,38.749539,2021,7,16,"US","Angelica hendersonii"
"3333061029","Angelica hendersonii",-124.104583,44.325103,2021,7,22,"US","Angelica hendersonii"
"3333062289","Angelica hendersonii",-123.121513,38.436462,2021,7,25,"US","Angelica hendersonii"
"3333188449","Angelica hendersonii",-123.810517,39.45662,2021,7,27,"US","Angelica hendersonii"
"3333205437","Angelica hendersonii",-124.063361,44.636342,2021,7,22,"US","Angelica hendersonii"
"3333239507","Angelica hendersonii",-123.818655,39.376255,2021,7,27,"US","Angelica hendersonii"
"3333329505","Angelica hendersonii",-124.435638,43.114125,2021,7,28,"US","Angelica hendersonii"
"3333330337","Angelica hendersonii",-123.810792,39.408987,2021,7,27,"US","Angelica hendersonii"
"3333334509","Angelica hendersonii",-123.81067,39.455895,2021,7,27,"US","Angelica hendersonii"
"3333358354","Angelica hendersonii",-122.495383,37.496369,2021,7,16,"US","Angelica hendersonii"
"3333362300","Angelica hendersonii",-124.389714,40.40654,2021,7,24,"US","Angelica hendersonii"
"3333377420","Angelica hendersonii",-124.063361,44.636342,2021,7,22,"US","Angelica hendersonii"
"3333445511","Angelica hendersonii",-123.808158,39.461845,2021,7,27,"US","Angelica hendersonii"
"3333484339","Angelica hendersonii",-123.739321,38.953558,2021,7,26,"US","Angelica hendersonii"
"3335157148","Angelica hendersonii",-123.808542,39.30363,2021,7,31,"US","Angelica hendersonii"
"3335434123","Angelica hendersonii",-123.808533,39.303628,2021,7,31,"US","Angelica hendersonii"
"3337782960","Angelica hendersonii",-122.492079,37.787785,2021,7,20,"US","Angelica hendersonii"
"3337798661","Angelica hendersonii",-123.648804,38.851974,2021,7,11,"US","Angelica hendersonii"
"3384286828","Angelica hendersonii",-123.803798,39.313006,2021,7,2,"US","Angelica hendersonii"
"3391496443","Angelica hendersonii",-123.817619,39.38707,2021,7,5,"US","Angelica hendersonii"
"3391693468","Angelica hendersonii",-123.817619,39.387062,2021,7,5,"US","Angelica hendersonii"
"3399190696","Angelica hendersonii",-123.824765,39.346606,2021,7,9,"US","Angelica hendersonii"
"3455390273","Angelica hendersonii",-123.970628,45.233528,2021,7,24,"US","Angelica hendersonii"
"3455550905","Angelica hendersonii",-123.961227,45.823817,2021,7,17,"US","Angelica hendersonii"
"3455581883","Angelica hendersonii",-124.385864,43.325989,2021,7,18,"US","Angelica hendersonii"
"3455611217","Angelica hendersonii",-124.405833,42.594444,2021,7,24,"US","Angelica hendersonii"
"3455775971","Angelica hendersonii",-124.385209,43.330148,2021,7,21,"US","Angelica hendersonii"
"3456187305","Angelica hendersonii",-124.524322,42.880875,2021,7,24,"US","Angelica hendersonii"
"3456362124","Angelica hendersonii",-124.513698,42.739383,2021,7,28,"US","Angelica hendersonii"
"3456635803","Angelica hendersonii",-124.083042,44.497075,2021,7,5,"US","Angelica hendersonii"
"3456765503","Angelica hendersonii",-123.977186,45.929669,2021,7,15,"US","Angelica hendersonii"
"3456797594","Angelica hendersonii",-124.102262,44.307602,2021,7,15,"US","Angelica hendersonii"
"3335203632","Angelica hendersonii",-122.509547,37.783945,2021,8,5,"US","Angelica hendersonii"
"3335452249","Angelica hendersonii",-123.953504,45.920637,2021,8,2,"US","Angelica hendersonii"
"3337616709","Angelica hendersonii",-123.810714,39.456196,2021,8,6,"US","Angelica hendersonii"
"3337941140","Angelica hendersonii",-123.803972,39.313056,2021,8,14,"US","Angelica hendersonii"
"3338011499","Angelica hendersonii",-122.562969,37.799842,2021,8,11,"US","Angelica hendersonii"
"3338153764","Angelica hendersonii",-122.908056,38.050164,2021,8,8,"US","Angelica hendersonii"
"3343701032","Angelica hendersonii",-124.351234,42.109557,2021,8,23,"US","Angelica hendersonii"
"3355253410","Angelica hendersonii",-123.304047,38.554321,2021,8,28,"US","Angelica hendersonii"
"3355272481","Angelica hendersonii",-122.501647,37.568,2021,8,31,"US","Angelica hendersonii"
"3355654994","Angelica hendersonii",-124.063718,44.636144,2021,8,26,"US","Angelica hendersonii"
"3398876705","Angelica hendersonii",-123.82608,39.348621,2021,8,13,"US","Angelica hendersonii"
"3399211777","Angelica hendersonii",-122.513809,37.549225,2021,8,31,"US","Angelica hendersonii"
"3455166140","Angelica hendersonii",-124.399008,43.304686,2021,8,13,"US","Angelica hendersonii"
"3455171145","Angelica hendersonii",-123.973123,45.463666,2021,8,12,"US","Angelica hendersonii"
"3455180184","Angelica hendersonii",-123.126572,38.440231,2021,8,13,"US","Angelica hendersonii"
"3455280167","Angelica hendersonii",-124.546088,42.826492,2021,8,11,"US","Angelica hendersonii"
"3455336166","Angelica hendersonii",-124.087598,44.49396,2021,8,7,"US","Angelica hendersonii"
"3456171109","Angelica hendersonii",-123.993811,44.979431,2021,8,1,"US","Angelica hendersonii"
"3456313614","Angelica hendersonii",-123.334637,38.568229,2021,8,19,"US","Angelica hendersonii"
"3456486364","Angelica hendersonii",-124.064905,44.746791,2021,8,28,"US","Angelica hendersonii"
"3456780955","Angelica hendersonii",-124.386725,43.321737,2021,8,27,"US","Angelica hendersonii"
"3456835008","Angelica hendersonii",-124.38572,43.32708,2021,8,3,"US","Angelica hendersonii"
"3764536377","Angelica hendersonii",-124.103583,41.594115,2021,8,25,"US","Angelica hendersonii"
"3355132843","Angelica hendersonii",-122.415329,37.233505,2021,9,1,"US","Angelica hendersonii"
"3355658687","Angelica hendersonii",-122.977325,38.046817,2021,9,2,"US","Angelica hendersonii"
"3355714794","Angelica hendersonii",-122.513458,37.58942,2021,9,3,"US","Angelica hendersonii"
"3355719294","Angelica hendersonii",-124.07918,40.038755,2021,9,6,"US","Angelica hendersonii"
"3384425446","Angelica hendersonii",-124.1419,43.227211,2021,9,17,"US","Angelica hendersonii"
"3384952745","Angelica hendersonii",-123.070039,38.363561,2021,9,12,"US","Angelica hendersonii"
"3455406866","Angelica hendersonii",-124.507874,42.748171,2021,9,16,"US","Angelica hendersonii"
"3455874365","Angelica hendersonii",-123.465584,38.719803,2021,9,10,"US","Angelica hendersonii"
"3455986544","Angelica hendersonii",-124.047941,44.848932,2021,9,14,"US","Angelica hendersonii"
"3456099418","Angelica hendersonii",-124.077248,44.676262,2021,9,6,"US","Angelica hendersonii"
"3456196939","Angelica hendersonii",-124.07853,44.676567,2021,9,20,"US","Angelica hendersonii"
"3456252516","Angelica hendersonii",-124.1027,44.322978,2021,9,8,"US","Angelica hendersonii"
"3456591885","Angelica hendersonii",-124.048158,44.84897,2021,9,14,"US","Angelica hendersonii"
"3456677421","Angelica hendersonii",-124.076973,44.675012,2021,9,20,"US","Angelica hendersonii"
"3759670721","Angelica hendersonii",-123.971718,45.226986,2021,9,21,"US","Angelica hendersonii"
"3764341378","Angelica hendersonii",-122.344284,37.917557,2021,9,14,"US","Angelica hendersonii"
"3399464529","Angelica hendersonii",-124.173316,41.049492,2021,10,16,"US","Angelica hendersonii"
"3456066034","Angelica hendersonii",-124.077233,44.67617,2021,10,9,"US","Angelica hendersonii"
"3456390320","Angelica hendersonii",-124.084075,44.491242,2021,10,3,"US","Angelica hendersonii"
"3455234288","Angelica hendersonii",-124.0617,44.704075,2021,11,16,"US","Angelica hendersonii"
"3455370128","Angelica hendersonii",-122.477943,37.802468,2021,11,27,"US","Angelica hendersonii"
"3456545007","Angelica hendersonii",-123.120492,38.432031,2021,12,30,"US","Angelica hendersonii"
"2574153096","Angelica hendersonii",-122.47912,37.801628,2020,2,8,"US","Angelica hendersonii"
"2576287987","Angelica hendersonii",-122.480651,37.799306,2020,3,1,"US","Angelica hendersonii"
"2596247353","Angelica hendersonii",-122.930432,38.088328,2020,3,19,"US","Angelica hendersonii"
"2626405442","Angelica hendersonii",-122.498879,37.503085,2020,5,12,"US","Angelica hendersonii"
"2641551522","Angelica hendersonii",-122.35159,37.14576,2020,6,9,"US","Angelica hendersonii"
"2641600547","Angelica hendersonii",-123.115928,38.429162,2020,6,3,"US","Angelica hendersonii"
"2802534841","Angelica hendersonii",-123.039792,38.314206,2020,6,10,"US","Angelica hendersonii"
"2802616131","Angelica hendersonii",-122.500131,37.606328,2020,6,13,"US","Angelica hendersonii"
"2802846664","Angelica hendersonii",-122.350969,37.432241,2020,6,21,"US","Angelica hendersonii"
"2803097752","Angelica hendersonii",-122.505592,37.510478,2020,6,11,"US","Angelica hendersonii"
"2813866597","Angelica hendersonii",-122.495523,37.496738,2020,6,7,"US","Angelica hendersonii"
"2814102770","Angelica hendersonii",-122.44333,37.43914,2020,6,28,"US","Angelica hendersonii"
"2823068424","Angelica hendersonii",-122.411575,37.228897,2020,6,12,"US","Angelica hendersonii"
"2823085432","Angelica hendersonii",-122.435438,37.687992,2020,6,11,"US","Angelica hendersonii"
"2823108447","Angelica hendersonii",-122.505517,37.510505,2020,6,21,"US","Angelica hendersonii"
"2823147466","Angelica hendersonii",-122.515175,37.58158,2020,6,29,"US","Angelica hendersonii"
"2980793393","Angelica hendersonii",-122.473499,37.572429,2020,6,17,"US","Angelica hendersonii"
"3113568365","Angelica hendersonii",-123.818745,39.387109,2020,6,20,"US","Angelica hendersonii"
"3455243431","Angelica hendersonii",-124.386378,43.325762,2020,6,18,"US","Angelica hendersonii"
"3455450972","Angelica hendersonii",-124.51162,42.737012,2020,6,23,"US","Angelica hendersonii"
"3455495451","Angelica hendersonii",-124.435782,43.114115,2020,6,30,"US","Angelica hendersonii"
"3456096598","Angelica hendersonii",-124.514834,42.740265,2020,6,23,"US","Angelica hendersonii"
"2823271572","Angelica hendersonii",-122.512328,37.56288,2020,7,14,"US","Angelica hendersonii"
"2823319433","Angelica hendersonii",-122.512358,37.562878,2020,7,21,"US","Angelica hendersonii"
"2823423522","Angelica hendersonii",-122.492455,37.615344,2020,7,22,"US","Angelica hendersonii"
"2823430390","Angelica hendersonii",-122.513912,37.558538,2020,7,21,"US","Angelica hendersonii"
"2823436455","Angelica hendersonii",-123.8068,39.467206,2020,7,9,"US","Angelica hendersonii"
"2826363221","Angelica hendersonii",-124.081887,44.502457,2020,7,26,"US","Angelica hendersonii"
"3044641619","Angelica hendersonii",-122.385877,37.324915,2020,7,26,"US","Angelica hendersonii"
"3061550414","Angelica hendersonii",-124.513056,42.739354,2020,7,31,"US","Angelica hendersonii"
"3112375365","Angelica hendersonii",-124.050654,44.742725,2020,7,21,"US","Angelica hendersonii"
"3112548368","Angelica hendersonii",-124.513579,42.73935,2020,7,31,"US","Angelica hendersonii"
"3113418382","Angelica hendersonii",-124.425492,42.349317,2020,7,31,"US","Angelica hendersonii"
"3320874369","Angelica hendersonii",-124.103295,44.327287,2020,7,26,"US","Angelica hendersonii"
"3337377383","Angelica hendersonii",-123.667817,38.876767,2020,7,8,"US","Angelica hendersonii"
"3383873527","Angelica hendersonii",-123.001008,38.00105,2020,7,2,"US","Angelica hendersonii"
"3391637360","Angelica hendersonii",-122.410977,37.227361,2020,7,8,"US","Angelica hendersonii"
"3455172567","Angelica hendersonii",-124.051086,44.845567,2020,7,28,"US","Angelica hendersonii"
"3455222653","Angelica hendersonii",-124.059434,44.840255,2020,7,2,"US","Angelica hendersonii"
"3455222701","Angelica hendersonii",-124.434395,43.113167,2020,7,11,"US","Angelica hendersonii"
"3455231503","Angelica hendersonii",-124.291697,43.425823,2020,7,9,"US","Angelica hendersonii"
"3455245521","Angelica hendersonii",-124.385623,43.326947,2020,7,4,"US","Angelica hendersonii"
"3455251528","Angelica hendersonii",-124.3857,43.32706,2020,7,4,"US","Angelica hendersonii"
"3455894471","Angelica hendersonii",-123.962679,45.822745,2020,7,2,"US","Angelica hendersonii"
"3456022657","Angelica hendersonii",-124.435121,43.104996,2020,7,9,"US","Angelica hendersonii"
"3466033449","Angelica hendersonii",-123.465745,38.719878,2020,7,1,"US","Angelica hendersonii"
"2851081354","Angelica hendersonii",-123.05845,38.299595,2020,8,4,"US","Angelica hendersonii"
"2851107090","Angelica hendersonii",-123.155005,38.466178,2020,8,9,"US","Angelica hendersonii"
"2856514100","Angelica hendersonii",-123.818725,39.408945,2020,8,20,"US","Angelica hendersonii"
"2856705146","Angelica hendersonii",-124.152354,41.05554,2020,8,24,"US","Angelica hendersonii"
"2856871426","Angelica hendersonii",-124.158189,41.069303,2020,8,26,"US","Angelica hendersonii"
"3070617079","Angelica hendersonii",-123.807258,39.46227,2020,8,2,"US","Angelica hendersonii"
"3090846759","Angelica hendersonii",-122.443153,37.441447,2020,8,5,"US","Angelica hendersonii"
"3455246729","Angelica hendersonii",-124.37475,43.339865,2020,8,30,"US","Angelica hendersonii"
"3455428909","Angelica hendersonii",-123.978067,45.217738,2020,8,1,"US","Angelica hendersonii"
"2868256755","Angelica hendersonii",-124.161471,41.101088,2020,9,20,"US","Angelica hendersonii"
"2980794461","Angelica hendersonii",-124.163803,41.129956,2020,9,8,"US","Angelica hendersonii"
"2988299749","Angelica hendersonii",-122.347214,37.43943,2020,10,24,"US","Angelica hendersonii"
"3039148734","Angelica hendersonii",-124.093085,44.365198,2020,10,6,"US","Angelica hendersonii"
"3455346763","Angelica hendersonii",-124.351896,42.137785,2020,10,26,"US","Angelica hendersonii"
"2984465754","Angelica hendersonii",-122.347117,37.439361,2020,11,8,"US","Angelica hendersonii"
"2984474984","Angelica hendersonii",-124.104194,44.325313,2020,11,11,"US","Angelica hendersonii"
"3008569727","Angelica hendersonii",-123.335269,38.580947,2020,12,19,"US","Angelica hendersonii"
"3302327472","Angelica hendersonii",-124.11288,44.293052,2020,12,27,"US","Angelica hendersonii"
"2238818767","Angelica hendersonii",-122.495695,37.496822,2019,4,26,"US","Angelica hendersonii"
"2238827126","Angelica hendersonii",-122.495705,37.496808,2019,4,26,"US","Angelica hendersonii"
"2238872052","Angelica hendersonii",-122.479514,37.800286,2019,4,27,"US","Angelica hendersonii"
"2238928794","Angelica hendersonii",-122.475228,37.80907,2019,4,28,"US","Angelica hendersonii"
"2273203214","Angelica hendersonii",-122.49572,37.496903,2019,4,26,"US","Angelica hendersonii"
"2242932616","Angelica hendersonii",-122.496134,37.617113,2019,5,9,"US","Angelica hendersonii"
"2251877415","Angelica hendersonii",-122.496224,37.500658,2019,5,22,"US","Angelica hendersonii"
"2265808859","Angelica hendersonii",-122.415742,37.235425,2019,6,6,"US","Angelica hendersonii"
"2265905559","Angelica hendersonii",-122.496134,37.617113,2019,6,12,"US","Angelica hendersonii"
"2269281603","Angelica hendersonii",-123.513683,38.744991,2019,6,16,"US","Angelica hendersonii"
"2269305592","Angelica hendersonii",-124.164358,41.130294,2019,6,8,"US","Angelica hendersonii"
"2269326957","Angelica hendersonii",-123.06867,38.36056,2019,6,4,"US","Angelica hendersonii"
"2273214295","Angelica hendersonii",-122.509463,37.784002,2019,6,12,"US","Angelica hendersonii"
"2273220990","Angelica hendersonii",-122.97497,37.994392,2019,6,20,"US","Angelica hendersonii"
"2273226069","Angelica hendersonii",-122.512533,37.560738,2019,6,20,"US","Angelica hendersonii"
"2273236676","Angelica hendersonii",-122.496667,37.497778,2019,6,21,"US","Angelica hendersonii"
"2273247703","Angelica hendersonii",-123.263431,38.522711,2019,6,22,"US","Angelica hendersonii"
"2273252840","Angelica hendersonii",-122.479721,37.503334,2019,6,22,"US","Angelica hendersonii"
"2273275091","Angelica hendersonii",-123.440755,38.699326,2019,6,23,"US","Angelica hendersonii"
"2273314273","Angelica hendersonii",-122.969751,37.99216,2019,6,19,"US","Angelica hendersonii"
"2283027446","Angelica hendersonii",-122.943717,38.118892,2019,6,9,"US","Angelica hendersonii"
"2294436842","Angelica hendersonii",-123.324025,38.564118,2019,6,28,"US","Angelica hendersonii"
"2311283068","Angelica hendersonii",-123.73979,38.9544,2019,6,3,"US","Angelica hendersonii"
"2366019518","Angelica hendersonii",-123.440573,38.699565,2019,6,3,"US","Angelica hendersonii"
"3466117361","Angelica hendersonii",-124.435188,43.105106,2019,6,24,"US","Angelica hendersonii"
"2283109528","Angelica hendersonii",-124.433395,43.103272,2019,7,1,"US","Angelica hendersonii"
"2283125857","Angelica hendersonii",-122.511927,37.588339,2019,7,2,"US","Angelica hendersonii"
"2283164788","Angelica hendersonii",-122.346878,37.439667,2019,7,4,"US","Angelica hendersonii"
"2283175635","Angelica hendersonii",-122.54113,37.832642,2019,7,3,"US","Angelica hendersonii"
"2283215655","Angelica hendersonii",-124.106047,44.322905,2019,7,7,"US","Angelica hendersonii"
"2294466780","Angelica hendersonii",-124.116331,44.160861,2019,7,7,"US","Angelica hendersonii"
"2294653931","Angelica hendersonii",-124.158306,41.069232,2019,7,20,"US","Angelica hendersonii"
"2311322786","Angelica hendersonii",-123.717785,39.124454,2019,7,26,"US","Angelica hendersonii"
"2311328908","Angelica hendersonii",-123.81852,39.37616,2019,7,26,"US","Angelica hendersonii"
"2311355533","Angelica hendersonii",-123.807563,39.311638,2019,7,27,"US","Angelica hendersonii"
"2311391750","Angelica hendersonii",-123.815086,39.444778,2019,7,28,"US","Angelica hendersonii"
"2331907459","Angelica hendersonii",-123.81756,39.42477,2019,7,30,"US","Angelica hendersonii"
"2350327997","Angelica hendersonii",-122.480498,37.799355,2019,7,22,"US","Angelica hendersonii"
"2422870681","Angelica hendersonii",-122.479092,37.801668,2019,7,22,"US","Angelica hendersonii"
"2580130943","Angelica hendersonii",-122.977943,37.996223,2019,7,7,"US","Angelica hendersonii"
"2609077579","Angelica hendersonii",-124.073591,44.545422,2019,7,27,"US","Angelica hendersonii"
"2609077581","Angelica hendersonii",-124.073591,44.545422,2019,7,27,"US","Angelica hendersonii"
"2856630187","Angelica hendersonii",-124.249263,41.77666,2019,7,3,"US","Angelica hendersonii"
"3070761511","Angelica hendersonii",-123.976986,45.927372,2019,7,9,"US","Angelica hendersonii"
"3113432327","Angelica hendersonii",-124.064646,44.748997,2019,7,20,"US","Angelica hendersonii"
"3302357344","Angelica hendersonii",-124.433708,43.115239,2019,7,2,"US","Angelica hendersonii"
"3391684320","Angelica hendersonii",-123.335556,38.580597,2019,7,14,"US","Angelica hendersonii"
"3455195621","Angelica hendersonii",-124.434128,43.10539,2019,7,22,"US","Angelica hendersonii"
"3468676331","Angelica hendersonii",-123.50882,38.74142,2019,7,3,"US","Angelica hendersonii"
"2331872495","Angelica hendersonii",-124.073841,44.54531,2019,8,2,"US","Angelica hendersonii"
"2331881035","Angelica hendersonii",-124.083308,44.496765,2019,8,2,"US","Angelica hendersonii"
"2331886716","Angelica hendersonii",-123.335075,38.568386,2019,8,3,"US","Angelica hendersonii"
"2331908476","Angelica hendersonii",-122.475497,37.809173,2019,8,4,"US","Angelica hendersonii"
"2331926870","Angelica hendersonii",-123.478971,38.725424,2019,8,4,"US","Angelica hendersonii"
"2331928675","Angelica hendersonii",-123.804233,39.48956,2019,8,1,"US","Angelica hendersonii"
"2350357860","Angelica hendersonii",-124.364037,42.158103,2019,8,9,"US","Angelica hendersonii"
"2366060330","Angelica hendersonii",-123.095625,38.395492,2019,8,6,"US","Angelica hendersonii"
"2366060506","Angelica hendersonii",-123.095592,38.395275,2019,8,6,"US","Angelica hendersonii"
"2366090943","Angelica hendersonii",-124.363988,42.157983,2019,8,9,"US","Angelica hendersonii"
"2397585345","Angelica hendersonii",-123.151214,38.463005,2019,8,25,"US","Angelica hendersonii"
"2397656800","Angelica hendersonii",-123.808043,39.458371,2019,8,5,"US","Angelica hendersonii"
"2397687325","Angelica hendersonii",-123.808043,39.458371,2019,8,5,"US","Angelica hendersonii"
"2397688473","Angelica hendersonii",-123.808043,39.458371,2019,8,5,"US","Angelica hendersonii"
"2597878803","Angelica hendersonii",-123.07192,38.366617,2019,8,1,"US","Angelica hendersonii"
"3079492658","Angelica hendersonii",-123.805713,39.471111,2019,8,1,"US","Angelica hendersonii"
"3455166463","Angelica hendersonii",-123.97478,45.919073,2019,8,10,"US","Angelica hendersonii"
"3455334374","Angelica hendersonii",-123.976082,45.918782,2019,8,10,"US","Angelica hendersonii"
"2422974262","Angelica hendersonii",-124.553783,42.835728,2019,9,7,"US","Angelica hendersonii"
"2422975370","Angelica hendersonii",-123.52485,38.753336,2019,9,7,"US","Angelica hendersonii"
"2429275552","Angelica hendersonii",-122.449928,37.612838,2019,9,27,"US","Angelica hendersonii"
"2429291927","Angelica hendersonii",-122.51207,37.562862,2019,9,28,"US","Angelica hendersonii"
"3455319497","Angelica hendersonii",-124.554397,42.836556,2019,9,7,"US","Angelica hendersonii"
"3455332526","Angelica hendersonii",-124.553392,42.834892,2019,9,7,"US","Angelica hendersonii"
"1806375126","Angelica hendersonii",-123.808975,39.461339,2018,1,15,"US","Angelica hendersonii"
"1841240981","Angelica hendersonii",-122.477487,37.805705,2018,4,28,"US","Angelica hendersonii"
"1841258978","Angelica hendersonii",-123.519088,38.747811,2018,4,29,"US","Angelica hendersonii"
"1841282960","Angelica hendersonii",-122.477648,37.804658,2018,4,30,"US","Angelica hendersonii"
"1841288647","Angelica hendersonii",-122.477875,37.804864,2018,4,28,"US","Angelica hendersonii"
"2273195382","Angelica hendersonii",-122.483131,37.78627,2018,4,27,"US","Angelica hendersonii"
"3070330477","Angelica hendersonii",-122.453291,37.737989,2018,4,29,"US","Angelica hendersonii"
"1880477082","Angelica hendersonii",-122.41217,37.266175,2018,6,13,"US","Angelica hendersonii"
"1880495505","Angelica hendersonii",-122.495277,37.496113,2018,6,15,"US","Angelica hendersonii"
"1880503802","Angelica hendersonii",-122.422334,37.392765,2018,6,17,"US","Angelica hendersonii"
"1880511360","Angelica hendersonii",-123.326742,38.566464,2018,6,12,"US","Angelica hendersonii"
"1880572026","Angelica hendersonii",-122.479058,37.8017,2018,6,25,"US","Angelica hendersonii"
"1880597167","Angelica hendersonii",-123.825312,39.349445,2018,6,25,"US","Angelica hendersonii"
"1880608654","Angelica hendersonii",-123.81022,39.328033,2018,6,30,"US","Angelica hendersonii"
"1880657543","Angelica hendersonii",-124.3618,40.264733,2018,6,19,"US","Angelica hendersonii"
"1891291110","Angelica hendersonii",-123.440781,38.699775,2018,6,10,"US","Angelica hendersonii"
"2237414374","Angelica hendersonii",-123.92212,46.059332,2018,6,26,"US","Angelica hendersonii"
"2350300628","Angelica hendersonii",-123.804234,39.30223,2018,6,17,"US","Angelica hendersonii"
"3398689372","Angelica hendersonii",-122.947189,38.118581,2018,6,30,"US","Angelica hendersonii"
"3455287360","Angelica hendersonii",-123.922125,46.059184,2018,6,4,"US","Angelica hendersonii"
"1880617747","Angelica hendersonii",-122.495346,37.833958,2018,7,1,"US","Angelica hendersonii"
"1883467489","Angelica hendersonii",-122.450941,37.614319,2018,7,1,"US","Angelica hendersonii"
"1883493710","Angelica hendersonii",-122.347351,37.439384,2018,7,9,"US","Angelica hendersonii"
"1883494214","Angelica hendersonii",-122.512111,37.549339,2018,7,10,"US","Angelica hendersonii"
"1883512145","Angelica hendersonii",-123.796387,39.489166,2018,7,12,"US","Angelica hendersonii"
"1883518929","Angelica hendersonii",-123.825554,39.350277,2018,7,13,"US","Angelica hendersonii"
"1883527139","Angelica hendersonii",-124.151878,41.0566,2018,7,14,"US","Angelica hendersonii"
"1883527494","Angelica hendersonii",-124.157378,41.068742,2018,7,14,"US","Angelica hendersonii"
"1883527882","Angelica hendersonii",-123.334817,38.58202,2018,7,7,"US","Angelica hendersonii"
"1890051409","Angelica hendersonii",-123.518906,38.748047,2018,7,22,"US","Angelica hendersonii"
"1890067746","Angelica hendersonii",-123.80417,39.302192,2018,7,30,"US","Angelica hendersonii"
"2273196368","Angelica hendersonii",-123.341462,38.586758,2018,7,7,"US","Angelica hendersonii"
"2573784678","Angelica hendersonii",-123.978444,45.925028,2018,7,8,"US","Angelica hendersonii"
"3321115315","Angelica hendersonii",-124.103568,44.325906,2018,7,19,"US","Angelica hendersonii"
"3773637126","Angelica hendersonii",-123.069145,38.362442,2018,7,23,"US","Angelica hendersonii"
"1890699195","Angelica hendersonii",-123.958229,45.441795,2018,8,5,"US","Angelica hendersonii"
"1899755890","Angelica hendersonii",-124.254911,41.784535,2018,8,5,"US","Angelica hendersonii"
"1899796159","Angelica hendersonii",-124.075832,44.675828,2018,8,23,"US","Angelica hendersonii"
"2273196821","Angelica hendersonii",-122.964265,38.186175,2018,8,5,"US","Angelica hendersonii"
"2282996822","Angelica hendersonii",-124.076278,44.675875,2018,8,23,"US","Angelica hendersonii"
"2283003084","Angelica hendersonii",-124.073398,44.521394,2018,8,13,"US","Angelica hendersonii"
"2273197576","Angelica hendersonii",-123.362795,38.60836,2018,9,16,"US","Angelica hendersonii"
"1932332873","Angelica hendersonii",-122.532755,37.844453,2018,10,21,"US","Angelica hendersonii"
"3398753409","Angelica hendersonii",-122.946565,38.119143,2018,10,13,"US","Angelica hendersonii"
"1457638182","Angelica hendersonii",-122.269623,37.237137,2017,4,11,"US","Angelica hendersonii"
"1500263085","Angelica hendersonii",-122.475167,37.809022,2017,4,16,"US","Angelica hendersonii"
"1562887798","Angelica hendersonii",-122.49522,37.496687,2017,4,14,"US","Angelica hendersonii"
"1572401341","Angelica hendersonii",-123.011498,37.997514,2017,4,26,"US","Angelica hendersonii"
"3343992327","Angelica hendersonii",-123.101203,38.412765,2017,4,18,"US","Angelica hendersonii"
"1563433317","Angelica hendersonii",-122.411048,37.2284,2017,5,28,"US","Angelica hendersonii"
"1563436925","Angelica hendersonii",-123.335556,38.570835,2017,5,29,"US","Angelica hendersonii"
"1563445717","Angelica hendersonii",-122.495981,37.499827,2017,5,31,"US","Angelica hendersonii"
"1571074889","Angelica hendersonii",-122.412718,37.229923,2017,5,21,"US","Angelica hendersonii"
"1572338374","Angelica hendersonii",-122.496067,37.497022,2017,6,23,"US","Angelica hendersonii"
"1572338568","Angelica hendersonii",-122.352302,37.425342,2017,6,23,"US","Angelica hendersonii"
"1572343322","Angelica hendersonii",-123.818622,39.389083,2017,6,25,"US","Angelica hendersonii"
"1572371976","Angelica hendersonii",-123.119992,38.436308,2017,6,24,"US","Angelica hendersonii"
"1703131975","Angelica hendersonii",-123.963933,45.74842,2017,6,22,"US","Angelica hendersonii"
"1802623786","Angelica hendersonii",-123.688468,38.91706,2017,6,17,"US","Angelica hendersonii"
"1807274702","Angelica hendersonii",-124.434721,43.114175,2017,6,25,"US","Angelica hendersonii"
"1883544860","Angelica hendersonii",-123.79225,39.68461,2017,6,2,"US","Angelica hendersonii"
"2273330029","Angelica hendersonii",-122.495881,37.497011,2017,6,23,"US","Angelica hendersonii"
"2273330236","Angelica hendersonii",-122.346349,37.43999,2017,6,3,"US","Angelica hendersonii"
"2273330237","Angelica hendersonii",-122.346872,37.44063,2017,6,3,"US","Angelica hendersonii"
"3337373382","Angelica hendersonii",-123.727117,38.926853,2017,6,6,"US","Angelica hendersonii"
"3455800388","Angelica hendersonii",-123.968262,45.763297,2017,6,22,"US","Angelica hendersonii"
"1572355733","Angelica hendersonii",-123.009881,37.997028,2017,7,1,"US","Angelica hendersonii"
"1580489488","Angelica hendersonii",-122.355781,37.149483,2017,7,6,"US","Angelica hendersonii"
"1580502880","Angelica hendersonii",-122.479887,37.799837,2017,7,16,"US","Angelica hendersonii"
"1580502912","Angelica hendersonii",-122.48067,37.799284,2017,7,16,"US","Angelica hendersonii"
"1586923340","Angelica hendersonii",-122.964955,38.18456,2017,7,22,"US","Angelica hendersonii"
"1668892594","Angelica hendersonii",-123.340298,38.585505,2017,7,15,"US","Angelica hendersonii"
"1802687923","Angelica hendersonii",-123.338223,38.579994,2017,7,31,"US","Angelica hendersonii"
"2273330112","Angelica hendersonii",-122.357573,37.441482,2017,7,5,"US","Angelica hendersonii"
"3399099358","Angelica hendersonii",-122.410977,37.227361,2017,7,29,"US","Angelica hendersonii"
"3455315364","Angelica hendersonii",-124.049194,46.277637,2017,7,9,"US","Angelica hendersonii"
"1586927439","Angelica hendersonii",-123.355733,38.598658,2017,8,2,"US","Angelica hendersonii"
"1586935651","Angelica hendersonii",-123.968079,45.763199,2017,8,12,"US","Angelica hendersonii"
"1671720751","Angelica hendersonii",-124.160743,41.139804,2017,8,25,"US","Angelica hendersonii"
"3398639349","Angelica hendersonii",-124.127071,44.136611,2017,8,13,"US","Angelica hendersonii"
"3455768363","Angelica hendersonii",-124.078025,44.676039,2017,8,13,"US","Angelica hendersonii"
"3455982448","Angelica hendersonii",-124.006366,44.622868,2017,8,25,"US","Angelica hendersonii"
"1668868685","Angelica hendersonii",-123.242052,38.511016,2017,9,26,"US","Angelica hendersonii"
"1802634819","Angelica hendersonii",-123.809606,39.46172,2017,9,24,"US","Angelica hendersonii"
"1806328202","Angelica hendersonii",-123.717163,39.126361,2017,9,4,"US","Angelica hendersonii"
"1677331818","Angelica hendersonii",-123.334,38.567458,2017,10,21,"US","Angelica hendersonii"
"1899816586","Angelica hendersonii",-124.107421,44.326227,2017,12,3,"US","Angelica hendersonii"
"1265552091","Angelica hendersonii",-123.937128,45.978331,2016,4,1,"US","Angelica hendersonii"
"1265552365","Angelica hendersonii",-122.50142,37.550913,2016,4,1,"US","Angelica hendersonii"
"1269582924","Angelica hendersonii",-124.077455,46.29853,2016,5,24,"US","Angelica hendersonii"
"1291077308","Angelica hendersonii",-122.513542,37.558045,2016,5,22,"US","Angelica hendersonii"
"3005250302","Angelica hendersonii",-122.798429,38.043955,2016,5,14,"US","Angelica hendersonii"
"3343849325","Angelica hendersonii",-123.09995,38.410532,2016,5,1,"US","Angelica hendersonii"
"1272100506","Angelica hendersonii",-122.508701,37.509954,2016,6,8,"US","Angelica hendersonii"
"1272102199","Angelica hendersonii",-122.507263,37.50935,2016,6,8,"US","Angelica hendersonii"
"1272106127","Angelica hendersonii",-123.022933,37.995957,2016,6,11,"US","Angelica hendersonii"
"1273846189","Angelica hendersonii",-122.497397,37.834499,2016,6,16,"US","Angelica hendersonii"
"1291082137","Angelica hendersonii",-122.517543,37.575188,2016,6,17,"US","Angelica hendersonii"
"1291083487","Angelica hendersonii",-122.413724,37.231564,2016,6,18,"US","Angelica hendersonii"
"1291083863","Angelica hendersonii",-122.478333,37.801945,2016,6,19,"US","Angelica hendersonii"
"1291085072","Angelica hendersonii",-124.436422,43.113763,2016,6,22,"US","Angelica hendersonii"
"1291088154","Angelica hendersonii",-123.021783,37.996087,2016,6,25,"US","Angelica hendersonii"
"2013761179","Angelica hendersonii",-122.500092,37.833125,2016,6,9,"US","Angelica hendersonii"
"3398658325","Angelica hendersonii",-122.407887,37.223351,2016,6,18,"US","Angelica hendersonii"
"1291101919","Angelica hendersonii",-122.451748,37.609309,2016,7,2,"US","Angelica hendersonii"
"1291110318","Angelica hendersonii",-122.495634,37.496677,2016,7,2,"US","Angelica hendersonii"
"1291148864","Angelica hendersonii",-122.410588,37.227825,2016,7,26,"US","Angelica hendersonii"
"1899812260","Angelica hendersonii",-124.112922,44.244487,2016,7,28,"US","Angelica hendersonii"
"1899812269","Angelica hendersonii",-124.126883,44.13626,2016,7,17,"US","Angelica hendersonii"
"1305126609","Angelica hendersonii",-124.112,44.223,2016,8,4,"US","Angelica hendersonii"
"1305166257","Angelica hendersonii",-124.107806,44.265255,2016,8,27,"US","Angelica hendersonii"
"2868189625","Angelica hendersonii",-123.805965,39.302343,2016,8,7,"US","Angelica hendersonii"
"1453344506","Angelica hendersonii",-123.023086,37.996044,2016,12,12,"US","Angelica hendersonii"
"3343849306","Angelica hendersonii",-123.099768,38.411094,2015,4,12,"US","Angelica hendersonii"
"3343990305","Angelica hendersonii",-123.104052,38.417733,2015,4,22,"US","Angelica hendersonii"
"1227717499","Angelica hendersonii",-122.529674,37.81575,2015,6,20,"US","Angelica hendersonii"
"1847625960","Angelica hendersonii",-122.831354,38.119355,2015,6,27,"US","Angelica hendersonii"
"3343723306","Angelica hendersonii",-123.099606,38.409748,2015,6,11,"US","Angelica hendersonii"
"1132409164","Angelica hendersonii",-122.485899,37.234131,2015,7,19,"US","Angelica hendersonii"
"1134969701","Angelica hendersonii",-123.818139,39.376059,2015,7,31,"US","Angelica hendersonii"
"3343704315","Angelica hendersonii",-123.302421,38.547836,2015,8,18,"US","Angelica hendersonii"
"920545479","Angelica hendersonii",-122.51329,37.549316,2014,2,13,"US","Angelica hendersonii"
"911492146","Angelica hendersonii",-122.497006,37.620343,2014,3,28,"US","Angelica hendersonii"
"923912339","Angelica hendersonii",-122.480354,37.798739,2014,3,29,"US","Angelica hendersonii"
"923912411","Angelica hendersonii",-122.480329,37.798744,2014,3,29,"US","Angelica hendersonii"
"1052568281","Angelica hendersonii",-122.540726,37.844138,2014,3,29,"US","Angelica hendersonii"
"2901675302","Angelica hendersonii",-122.533242,37.828875,2014,3,28,"US","Angelica hendersonii"
"2901684301","Angelica hendersonii",-122.533197,37.828828,2014,3,29,"US","Angelica hendersonii"
"899979884","Angelica hendersonii",-122.470927,37.754426,2014,5,4,"US","Angelica hendersonii"
"910494594","Angelica hendersonii",-122.479902,37.82867,2014,5,7,"US","Angelica hendersonii"
"2273329974","Angelica hendersonii",-122.470873,37.754534,2014,5,4,"US","Angelica hendersonii"
"2273330177","Angelica hendersonii",-122.480605,37.79932,2014,5,31,"US","Angelica hendersonii"
"923916617","Angelica hendersonii",-122.410641,37.227935,2014,6,15,"US","Angelica hendersonii"
"923922807","Angelica hendersonii",-122.516089,37.542162,2014,6,25,"US","Angelica hendersonii"
"2273330320","Angelica hendersonii",-122.963362,38.06323,2014,6,17,"US","Angelica hendersonii"
"1024189183","Angelica hendersonii",-122.501167,37.507,2014,7,13,"US","Angelica hendersonii"
"1024189358","Angelica hendersonii",-122.496598,37.498468,2014,7,13,"US","Angelica hendersonii"
"1024189526","Angelica hendersonii",-122.504597,37.510679,2014,7,13,"US","Angelica hendersonii"
"1024189806","Angelica hendersonii",-122.495648,37.496772,2014,7,13,"US","Angelica hendersonii"
"2273330420","Angelica hendersonii",-122.497637,37.501555,2014,7,13,"US","Angelica hendersonii"
"3090616301","Angelica hendersonii",-122.50567,37.508042,2014,7,12,"US","Angelica hendersonii"
"1946315771","Angelica hendersonii",-124.051708,44.838888,2014,10,1,"US","Angelica hendersonii"
"899940692","Angelica hendersonii",-122.435667,37.688167,2013,6,23,"US","Angelica hendersonii"
"2273329002","Angelica hendersonii",-122.941689,38.152877,2013,6,30,"US","Angelica hendersonii"
"2273329045","Angelica hendersonii",-122.974949,37.994289,2013,6,13,"US","Angelica hendersonii"
"3466283408","Angelica hendersonii",-122.398992,37.341918,2013,6,14,"US","Angelica hendersonii"
"2273329030","Angelica hendersonii",-122.981667,37.998333,2013,7,4,"US","Angelica hendersonii"
"3455227536","Angelica hendersonii",-124.434587,43.105098,2013,7,1,"US","Angelica hendersonii"
"1946315975","Angelica hendersonii",-124.03374,44.8938,2013,8,2,"US","Angelica hendersonii"
"3455259478","Angelica hendersonii",-124.435432,43.114106,2012,5,6,"US","Angelica hendersonii"
"2273330670","Angelica hendersonii",-122.447299,37.695585,2012,6,10,"US","Angelica hendersonii"
"2422492044","Angelica hendersonii",-122.47083,37.75425,2012,6,12,"US","Angelica hendersonii"
"1802740884","Angelica hendersonii",-124.092164,44.365368,2012,7,10,"US","Angelica hendersonii"
"3456130572","Angelica hendersonii",-124.374308,43.331214,2012,7,27,"US","Angelica hendersonii"
"1229607711","Angelica hendersonii",-123.977686,45.930344,2012,8,17,"US","Angelica hendersonii"
"2283000791","Angelica hendersonii",-124.064438,44.64753,2012,10,18,"US","Angelica hendersonii"
"891062527","Angelica hendersonii",-122.415214,37.233208,2011,5,21,"US","Angelica hendersonii"
"2868309094","Angelica hendersonii",-123.065985,38.306458,2011,8,16,"US","Angelica hendersonii"
"3705483320","Angelica hendersonii",-123.013391,37.998881,2010,7,6,"US","Angelica hendersonii"
"3772498066","Angelica hendersonii",-124.074606,41.566855,2010,7,6,"US","Angelica hendersonii"
"1891360070","Angelica hendersonii",-122.456657,37.607582,2010,12,11,"US","Angelica hendersonii"
"3455192420","Angelica hendersonii",-124.555974,42.834919,2007,8,17,"US","Angelica hendersonii"
"3059704750","Angelica hendersonii",-123.9754,45.2194,2002,6,24,"US","Angelica hendersonii"
"1234285129","Angelica hendersonii",-124.082553,44.496963,2000,8,18,"US","Angelica hendersonii"
"1234285170","Angelica hendersonii",-124.082553,44.496963,2000,8,18,"US","Angelica hendersonii"
"3059704729","Angelica hendersonii",-123.75,39.2333,1992,11,2,"US","Angelica hendersonii"
"2421750047","Angelica hendersonii",-123.884697,39.854051,1989,7,11,"US","Angelica hendersonii"
"2982070662","Angelica hendersonii",-123.914454,39.880987,1989,7,9,"US","Angelica hendersonii"
"2982072661","Angelica hendersonii",-123.884697,39.854051,1989,7,11,"US","Angelica hendersonii"
"2982074651","Angelica hendersonii",-123.884697,39.854051,1989,7,11,"US","Angelica hendersonii"
"2982077591","Angelica hendersonii",-124.154326,41.135793,1986,7,6,"US","Angelica hendersonii"
"51750054","Angelica hendersonii",-124.0807,44.4973,1986,8,27,"US","Angelica hendersonii"
"51750058","Angelica hendersonii",-124.0807,44.4973,1986,8,27,"US","Angelica hendersonii"
"2270696324","Angelica hendersonii",-124.08076,44.49737,1986,8,27,"US","Angelica hendersonii"
"51750040","Angelica hendersonii",-124.3214,42.0658,1984,7,17,"US","Angelica hendersonii"
"51750041","Angelica hendersonii",-124.3214,42.0658,1984,7,17,"US","Angelica hendersonii"
"1426307113","Angelica hendersonii",-118.716667,36.205556,1983,8,14,"US","Angelica hendersonii"
"2237176557","Angelica hendersonii",-118.716667,36.205556,1983,8,14,"US","Angelica hendersonii"
"3068461927","Angelica hendersonii",-123.8141,39.3797,1982,7,13,"US","Angelica hendersonii"
"3068461932","Angelica hendersonii",-123.8141,39.3797,1982,7,13,"US","Angelica hendersonii"
"2422274478","Angelica hendersonii",-124.18444,41.74028,1981,8,5,"US","Angelica hendersonii"
"2421749548","Angelica hendersonii",-124.146771,41.085029,1980,6,29,"US","Angelica hendersonii"
"2421751538","Angelica hendersonii",-124.146573,41.085104,1980,6,29,"US","Angelica hendersonii"
"2421752643","Angelica hendersonii",-124.146573,41.085104,1980,6,29,"US","Angelica hendersonii"
"2421753056","Angelica hendersonii",-124.146771,41.085029,1980,6,29,"US","Angelica hendersonii"
"2982067739","Angelica hendersonii",-124.1566,41.0682,1980,6,7,"US","Angelica hendersonii"
"2417960109","Angelica hendersonii",-124.190556,40.7552779990669,1980,7,2,"US","Angelica hendersonii"
"2982022762","Angelica hendersonii",-124.157072,41.068593,1980,7,29,"US","Angelica hendersonii"
"2982027761","Angelica hendersonii",-124.157072,41.068593,1980,7,29,"US","Angelica hendersonii"
"2982060713","Angelica hendersonii",-122.561745,37.875051,1980,7,18,"US","Angelica hendersonii"
"2982060754","Angelica hendersonii",-124.10892,41.619361,1980,7,22,"US","Angelica hendersonii"
"2982062757","Angelica hendersonii",-124.157072,41.068593,1980,7,29,"US","Angelica hendersonii"
"2982064747","Angelica hendersonii",-124.225013,41.777113,1980,7,22,"US","Angelica hendersonii"
"2982066739","Angelica hendersonii",-124.183358,41.752875,1980,7,22,"US","Angelica hendersonii"
"3125030573","Angelica hendersonii",-124.14639,41.80227,1980,7,22,"US","Angelica hendersonii"
"3125035573","Angelica hendersonii",-124.15594,41.06923,1980,7,29,"US","Angelica hendersonii"
"2982028768","Angelica hendersonii",-124.266909,40.688173,1980,8,1,"US","Angelica hendersonii"
"2982062756","Angelica hendersonii",-124.234504,40.683183,1980,8,1,"US","Angelica hendersonii"
"2982063743","Angelica hendersonii",-124.126666,41.165386,1980,8,3,"US","Angelica hendersonii"
"2982069749","Angelica hendersonii",-124.140326,40.55104,1980,8,1,"US","Angelica hendersonii"
"2982038829","Angelica hendersonii",-123.780214,39.306834,1979,6,10,"US","Angelica hendersonii"
"2982037122","Angelica hendersonii",-124.353098,42.137461,1979,7,26,"US","Angelica hendersonii"
"2982016571","Angelica hendersonii",-124.241099,41.770992,1977,5,11,"US","Angelica hendersonii"
"2982055193","Angelica hendersonii",-123.783333,39.266667,1975,7,1,"US","Angelica hendersonii"
"3320765200","Angelica hendersonii",-123.783333,39.266667,1975,7,1,"US","Angelica hendersonii"
"3320765299","Angelica hendersonii",-123.783333,39.266667,1975,7,1,"US","Angelica hendersonii"
"2982057348","Angelica hendersonii",-124.158876,41.069431,1975,9,4,"US","Angelica hendersonii"
"2421751147","Angelica hendersonii",-123.486763,38.735148,1974,7,25,"US","Angelica hendersonii"
"2417952452","Angelica hendersonii",-122.513889,37.557221999088,1965,8,1,"US","Angelica hendersonii"
"51750121","Angelica hendersonii",-124.0642,44.7,1962,8,30,"US","Angelica hendersonii"
"2270173635","Angelica hendersonii",-123.35881,38.604558,1961,6,10,"US","Angelica hendersonii"
"51750122","Angelica hendersonii",-123.9473,45.4823,1961,7,8,"US","Angelica hendersonii"
"51749924","Angelica hendersonii",-124.0522,44.6369,1958,6,22,"US","Angelica hendersonii"
"3059704717","Angelica hendersonii",-124.39854,40.42915,1958,6,17,"US","Angelica hendersonii"
"3059704741","Angelica hendersonii",-124.39854,40.42915,1958,6,17,"US","Angelica hendersonii"
"3059692283","Angelica hendersonii",-123.399444,38.651982,1957,9,24,"US","Angelica hendersonii"
"3059692284","Angelica hendersonii",-123.399444,38.651982,1957,9,24,"US","Angelica hendersonii"
"3059704719","Angelica hendersonii",-123.11503,38.45003,1957,9,24,"US","Angelica hendersonii"
"3059704759","Angelica hendersonii",-123.11503,38.45003,1957,9,24,"US","Angelica hendersonii"
"3059692281","Angelica hendersonii",-122.3863,37.32684,1957,10,2,"US","Angelica hendersonii"
"441688136","Angelica hendersonii",-124.104818,46.309153,1956,7,30,"US","Angelica hendersonii"
"1457369835","Angelica hendersonii",-124.063865,46.288161,1956,7,30,"US","Angelica hendersonii"
"2421752508","Angelica hendersonii",-124.125986,41.156516,1948,7,26,"US","Angelica hendersonii"
"51749917","Angelica hendersonii",-123.8162,44.6541,1947,6,29,"US","Angelica hendersonii"
"51749752","Angelica hendersonii",-124.1131,44.1343,1941,7,19,"US","Angelica hendersonii"
"51750265","Angelica hendersonii",-124.3731,43.3394,1941,7,9,"US","Angelica hendersonii"
"2982058294","Angelica hendersonii",-124.225013,41.777113,1939,7,12,"US","Angelica hendersonii"
"51750339","Angelica hendersonii",-124.0522,44.6369,1939,8,23,"US","Angelica hendersonii"
"3125159601","Angelica hendersonii",-124.13478,40.54175,1937,8,11,"US","Angelica hendersonii"
"1426315122","Angelica hendersonii",-124.3915,40.4081,1937,9,9,"US","Angelica hendersonii"
"1426315126","Angelica hendersonii",-124.3915,40.4081,1937,9,9,"US","Angelica hendersonii"
"3125168590","Angelica hendersonii",-124.37147,40.41726,1936,8,18,"US","Angelica hendersonii"
"51750188","Angelica hendersonii",-123.6667,45.9667,1935,9,5,"US","Angelica hendersonii"
"441687936","Angelica hendersonii",-124.288056,47.345833,1933,7,8,"US","Angelica hendersonii"
"1928244650","Angelica hendersonii",-122.496623,37.717824,1933,8,8,"US","Angelica hendersonii"
"3125034595","Angelica hendersonii",-123.02432,38.32299,1932,7,21,"US","Angelica hendersonii"
"441687937","Angelica hendersonii",-124.61667,47.92139,1931,8,NA,"US","Angelica hendersonii"
"441688135","Angelica hendersonii",-124.61667,47.92139,1931,8,NA,"US","Angelica hendersonii"
"51749759","Angelica hendersonii",-124.2828,42.0528,1929,6,12,"US","Angelica hendersonii"
"51749750","Angelica hendersonii",-124.4961,42.7458,1929,7,15,"US","Angelica hendersonii"
"51749761","Angelica hendersonii",-124.2828,42.0528,1929,7,12,"US","Angelica hendersonii"
"51749751","Angelica hendersonii",-124.3922,43.3064,1928,7,14,"US","Angelica hendersonii"
"51750170","Angelica hendersonii",-124.0675,44.4269,1927,7,29,"US","Angelica hendersonii"
"1426315131","Angelica hendersonii",-124.39052,40.40706,1927,8,29,"US","Angelica hendersonii"
"2982005849","Angelica hendersonii",-124.39052,40.40706,1927,8,29,"US","Angelica hendersonii"
"441688138","Angelica hendersonii",-124.05333,46.33472,1926,6,24,"US","Angelica hendersonii"
"51750361","Angelica hendersonii",-124.2664,42.0533,1919,7,13,"US","Angelica hendersonii"
"51750596","Angelica hendersonii",-124.0839,44.499,1914,8,NA,"US","Angelica hendersonii"
"51750626","Angelica hendersonii",-123.9428,45.1953,1909,8,1,"US","Angelica hendersonii"
"441688199","Angelica hendersonii",-124.04194,46.30917,1892,9,9,"US","Angelica hendersonii"
"1228187334","Angelica hendersonii",-124.04321,46.308989,1885,8,5,"US","Angelica hendersonii"
"1228415803","Angelica hendersonii",-124.04321,46.308989,1885,8,5,"US","Angelica hendersonii"
"2982024154","Angelica hendersonii",-124.054742,40.02802,NA,NA,NA,"US","Angelica hendersonii"
