"gbifID","species","longitude","latitude","year","month","day","countryCode","accepted_name"
"3335489313","Angelica kingii",-118.439895,37.27877,2021,6,22,"US","Angelica kingii"
"3325546298","Angelica kingii",-115.623017,36.310233,2021,7,6,"US","Angelica kingii"
"3325701287","Angelica kingii",-115.624373,36.309494,2021,7,6,"US","Angelica kingii"
"3330413607","Angelica kingii",-118.010623,37.420716,2021,7,8,"US","Angelica kingii"
"3333105755","Angelica kingii",-118.016299,37.538544,2021,7,23,"US","Angelica kingii"
"3705414404","Angelica kingii",-115.653545,36.256156,2021,7,25,"US","Angelica kingii"
"3759084621","Angelica kingii",-115.624628,36.309457,2021,7,15,"US","Angelica kingii"
"3759520661","Angelica kingii",-115.623188,36.310482,2021,7,26,"US","Angelica kingii"
"3335429296","Angelica kingii",-118.475683,37.235634,2021,8,1,"US","Angelica kingii"
"3337530542","Angelica kingii",-118.520198,37.284204,2021,8,6,"US","Angelica kingii"
"3705444432","Angelica kingii",-115.624786,36.309475,2021,8,27,"US","Angelica kingii"
"3068382367","Angelica kingii",-117.16744,39.2482,2020,7,10,"US","Angelica kingii"
"3337872431","Angelica kingii",-118.554647,37.264801,2020,8,4,"US","Angelica kingii"
"2270499134","Angelica kingii",-117.9679,39.4776,2017,7,17,"US","Angelica kingii"
"1930377616","Angelica kingii",-115.42811,41.84303,2017,8,22,"US","Angelica kingii"
"2270518600","Angelica kingii",-115.4281,41.8430499990623,2017,8,22,"US","Angelica kingii"
"2610098702","Angelica kingii",-115.4281,41.8430499990623,2017,8,22,"US","Angelica kingii"
"2294396803","Angelica kingii",-118.001346,37.463776,2016,7,29,"US","Angelica kingii"
"2311515401","Angelica kingii",-118.073373,37.5511,2016,7,28,"US","Angelica kingii"
"3068366333","Angelica kingii",-117.788286,39.317913999075,2016,7,6,"US","Angelica kingii"
"1929513730","Angelica kingii",-116.90328,38.74394,2015,6,26,"US","Angelica kingii"
"1986857737","Angelica kingii",-116.903283,38.743933,2015,6,26,"US","Angelica kingii"
"2270218664","Angelica kingii",-118.17412,37.51212,2015,7,12,"US","Angelica kingii"
"2823439580","Angelica kingii",-118.098852,37.564718,2015,7,9,"US","Angelica kingii"
"1929306924","Angelica kingii",-116.80469,39.01,2010,8,14,"US","Angelica kingii"
"1929313599","Angelica kingii",-117.42936,39.10508,2009,7,17,"US","Angelica kingii"
"1930770222","Angelica kingii",-117.37644,38.90044,2009,7,16,"US","Angelica kingii"
"1930224955","Angelica kingii",-117.129167,39.291944,2001,7,6,"US","Angelica kingii"
"1930808597","Angelica kingii",-116.3115,38.6555,2001,7,5,"US","Angelica kingii"
"1930785705","Angelica kingii",-116.28,39.85,1996,7,15,"US","Angelica kingii"
"1928439915","Angelica kingii",-116.93,38.68,1995,7,12,"US","Angelica kingii"
"1931286059","Angelica kingii",-114.6653,39.5569,1992,7,25,"US","Angelica kingii"
"2422286885","Angelica kingii",-114.18125,39.36658,1990,6,28,"US","Angelica kingii"
"2422288622","Angelica kingii",-114.17806,39.25417,1990,6,30,"US","Angelica kingii"
"2422327197","Angelica kingii",-114.21694,39.33583,1990,6,6,"US","Angelica kingii"
"2422528574","Angelica kingii",-114.23739,39.27969,1990,6,24,"US","Angelica kingii"
"1929172563","Angelica kingii",-117.072,39.3952,1988,6,22,"US","Angelica kingii"
"1929291816","Angelica kingii",-115.3933,39.2805,1987,6,29,"US","Angelica kingii"
"2430207901","Angelica kingii",-118.1819,37.5663,1987,7,11,"US","Angelica kingii"
"2430400222","Angelica kingii",-118.1819,37.5663,1987,7,11,"US","Angelica kingii"
"1927844088","Angelica kingii",-113.8773,39.8684,1986,6,27,"US","Angelica kingii"
"1931293049","Angelica kingii",-118.192179077988,37.7166757247959,1986,7,18,"US","Angelica kingii"
"2430045163","Angelica kingii",-118.1912,37.7161,1986,7,18,"US","Angelica kingii"
"1927857094","Angelica kingii",-114.6839,39.4842,1985,6,24,"US","Angelica kingii"
"2270698039","Angelica kingii",-114.68495,39.489704,1985,6,24,"US","Angelica kingii"
"1928657246","Angelica kingii",-115.2732,41.7932,1985,7,15,"US","Angelica kingii"
"3091290619","Angelica kingii",-118.283259,37.408216,1984,6,30,"US","Angelica kingii"
"1931125435","Angelica kingii",-118.1647,40.5445,1984,7,4,"US","Angelica kingii"
"1930783285","Angelica kingii",-118.1647,40.5445,1984,8,9,"US","Angelica kingii"
"3320810235","Angelica kingii",-114.267083,39.014139,1983,7,8,"US","Angelica kingii"
"1929548345","Angelica kingii",-113.91556,39.76294,1978,7,19,"US","Angelica kingii"
"1930605828","Angelica kingii",-113.829042,39.743603,1978,8,23,"US","Angelica kingii"
"1929113027","Angelica kingii",-118.4348,41.2855,1977,8,10,"US","Angelica kingii"
"1929139617","Angelica kingii",-118.4156,41.3145,1970,7,20,"US","Angelica kingii"
"1930182861","Angelica kingii",-118.4156,41.3145,1970,7,20,"US","Angelica kingii"
"1930599148","Angelica kingii",-115.405967,41.806631,1951,8,18,"US","Angelica kingii"
"3091290630","Angelica kingii",-115.22746,36.200579,1936,7,21,"US","Angelica kingii"
"1846555382","Angelica kingii",-115.625,36.309,1935,8,5,"US","Angelica kingii"
"2421753870","Angelica kingii",-118.2192,37.323,1930,8,6,"US","Angelica kingii"
"2430177288","Angelica kingii",-118.219242,37.322769,1930,8,7,"US","Angelica kingii"
"3125031574","Angelica kingii",-118.2198,37.3208,1930,8,7,"US","Angelica kingii"
"2270695046","Angelica kingii",-117.653179,41.490547,1924,6,11,"US","Angelica kingii"
"1930382792","Angelica kingii",-118.120695,40.445463,1901,7,29,"US","Angelica kingii"
