"gbifID","species","longitude","latitude","year","month","day","countryCode","accepted_name"
3320910901,"Cinnamomum camphora",-89.327888,21.213599,2021,5,28,"MX","Cinnamomum camphora"
2988308347,"Cinnamomum camphora",-100.25234,25.592135,2019,6,9,"MX","Cinnamomum camphora"
3456341192,"Cinnamomum camphora",-81.811713,27.794717,2022,1,11,"US","Cinnamomum camphora"
3456812299,"Cinnamomum camphora",-82.01492,29.796297,2022,1,14,"US","Cinnamomum camphora"
3456923340,"Cinnamomum camphora",-82.22219,29.717528,2022,1,1,"US","Cinnamomum camphora"
3457148208,"Cinnamomum camphora",-80.612342,28.071153,2022,1,14,"US","Cinnamomum camphora"
3465958702,"Cinnamomum camphora",-82.100795,28.025455,2022,1,22,"US","Cinnamomum camphora"
3466255755,"Cinnamomum camphora",-82.306981,27.983156,2022,1,26,"US","Cinnamomum camphora"
3499462577,"Cinnamomum camphora",-82.581662,28.084067,2022,1,31,"US","Cinnamomum camphora"
3705514497,"Cinnamomum camphora",-82.312913,29.652515,2022,1,13,"US","Cinnamomum camphora"
3747024468,"Cinnamomum camphora",-118.328102,34.163296,2022,1,23,"US","Cinnamomum camphora"
3466128944,"Cinnamomum camphora",-82.292529,29.657188,2022,2,2,"US","Cinnamomum camphora"
3468768805,"Cinnamomum camphora",-82.61277,29.572205,2022,2,6,"US","Cinnamomum camphora"
3468774800,"Cinnamomum camphora",-82.299347,27.680553,2022,2,5,"US","Cinnamomum camphora"
3499417962,"Cinnamomum camphora",-81.647189,30.166552,2022,2,12,"US","Cinnamomum camphora"
3499421740,"Cinnamomum camphora",-88.79618,30.4186,2022,2,10,"US","Cinnamomum camphora"
3499582449,"Cinnamomum camphora",-82.287553,28.230858,2022,2,3,"US","Cinnamomum camphora"
3499666905,"Cinnamomum camphora",-81.400594,29.431091,2022,2,12,"US","Cinnamomum camphora"
3499699381,"Cinnamomum camphora",-80.697586,28.249256,2022,2,16,"US","Cinnamomum camphora"
3698070932,"Cinnamomum camphora",-90.097173,29.997753,2022,2,22,"US","Cinnamomum camphora"
3698074011,"Cinnamomum camphora",-82.568771,28.083354,2022,2,22,"US","Cinnamomum camphora"
3698224550,"Cinnamomum camphora",-94.05982,30.056413,2022,2,14,"US","Cinnamomum camphora"
3705732549,"Cinnamomum camphora",-81.353447,28.554352,2022,2,25,"US","Cinnamomum camphora"
3705410911,"Cinnamomum camphora",-81.375922,28.459987,2022,3,3,"US","Cinnamomum camphora"
3705606224,"Cinnamomum camphora",-82.458851,27.26588,2022,3,3,"US","Cinnamomum camphora"
3712561586,"Cinnamomum camphora",-81.860298,29.173967,2022,3,4,"US","Cinnamomum camphora"
3712617549,"Cinnamomum camphora",-81.436295,28.560538,2022,3,4,"US","Cinnamomum camphora"
3743061557,"Cinnamomum camphora",-81.307785,28.642457,2022,3,11,"US","Cinnamomum camphora"
3743192582,"Cinnamomum camphora",-81.307785,28.642457,2022,3,11,"US","Cinnamomum camphora"
3743379328,"Cinnamomum camphora",-82.282004,29.550003,2022,3,17,"US","Cinnamomum camphora"
3747105597,"Cinnamomum camphora",-81.511245,30.265275,2022,3,18,"US","Cinnamomum camphora"
3747407356,"Cinnamomum camphora",-80.053916,32.803069,2022,3,23,"US","Cinnamomum camphora"
3759152994,"Cinnamomum camphora",-81.455063,28.542309,2022,3,26,"US","Cinnamomum camphora"
3759427299,"Cinnamomum camphora",-90.100839,29.983942,2022,3,31,"US","Cinnamomum camphora"
3760183313,"Cinnamomum camphora",-82.357345,29.643508,2022,3,29,"US","Cinnamomum camphora"
3764349438,"Cinnamomum camphora",-81.37392,31.145142,2022,3,28,"US","Cinnamomum camphora"
3759517026,"Cinnamomum camphora",-82.438805,28.229437,2022,4,5,"US","Cinnamomum camphora"
3760036563,"Cinnamomum camphora",-88.083686,30.249742,2022,4,7,"US","Cinnamomum camphora"
3760076461,"Cinnamomum camphora",-81.850022,27.991231,2022,4,9,"US","Cinnamomum camphora"
3760395758,"Cinnamomum camphora",-81.227597,28.752842,2022,4,21,"US","Cinnamomum camphora"
3760407471,"Cinnamomum camphora",-81.202134,29.521694,2022,4,14,"US","Cinnamomum camphora"
3764349816,"Cinnamomum camphora",-118.328261,34.163335,2022,4,24,"US","Cinnamomum camphora"
3764368751,"Cinnamomum camphora",-81.287192,28.660314,2022,4,24,"US","Cinnamomum camphora"
3764415559,"Cinnamomum camphora",-81.438786,30.661403,2022,4,22,"US","Cinnamomum camphora"
3772560064,"Cinnamomum camphora",-82.327701,29.619731,2022,4,30,"US","Cinnamomum camphora"
3772639958,"Cinnamomum camphora",-82.325531,29.620372,2022,4,29,"US","Cinnamomum camphora"
3773212941,"Cinnamomum camphora",-81.860395,29.174011,2022,4,29,"US","Cinnamomum camphora"
3772505397,"Cinnamomum camphora",-81.307393,28.643237,2022,5,8,"US","Cinnamomum camphora"
3773202199,"Cinnamomum camphora",-81.288852,28.985827,2022,5,1,"US","Cinnamomum camphora"
3773570183,"Cinnamomum camphora",-121.50097,38.498664,2022,5,6,"US","Cinnamomum camphora"
3773660076,"Cinnamomum camphora",-81.307393,28.643237,2022,5,8,"US","Cinnamomum camphora"
3018102032,"Cinnamomum camphora",-81.156218,28.588045,2021,1,4,"US","Cinnamomum camphora"
3031715535,"Cinnamomum camphora",-82.620771,28.450894,2021,1,7,"US","Cinnamomum camphora"
3031747380,"Cinnamomum camphora",-82.5652,29.887656,2021,1,21,"US","Cinnamomum camphora"
3031815062,"Cinnamomum camphora",-82.344481,29.694326,2021,1,17,"US","Cinnamomum camphora"
3031818583,"Cinnamomum camphora",-82.620951,28.450399,2021,1,7,"US","Cinnamomum camphora"
3031870230,"Cinnamomum camphora",-88.766474,30.364509,2021,1,7,"US","Cinnamomum camphora"
3031894682,"Cinnamomum camphora",-88.417693,30.416274,2021,1,1,"US","Cinnamomum camphora"
3031931845,"Cinnamomum camphora",-81.421951,27.556447,2021,1,25,"US","Cinnamomum camphora"
3032094290,"Cinnamomum camphora",-82.387871,28.555272,2021,1,19,"US","Cinnamomum camphora"
3032111474,"Cinnamomum camphora",-82.311034,29.626959,2021,1,16,"US","Cinnamomum camphora"
3032130759,"Cinnamomum camphora",-93.095709,30.726831,2021,1,13,"US","Cinnamomum camphora"
3039385811,"Cinnamomum camphora",-87.861038,30.510472,2021,1,19,"US","Cinnamomum camphora"
3044896807,"Cinnamomum camphora",-82.504884,27.317921,2021,1,16,"US","Cinnamomum camphora"
3070646328,"Cinnamomum camphora",-82.620078,29.577938,2021,1,26,"US","Cinnamomum camphora"
3039212785,"Cinnamomum camphora",-82.233473,27.988473,2021,2,5,"US","Cinnamomum camphora"
3039213522,"Cinnamomum camphora",-82.501998,27.277148,2021,2,4,"US","Cinnamomum camphora"
3039283095,"Cinnamomum camphora",-81.512565,29.714238,2021,2,11,"US","Cinnamomum camphora"
3039326615,"Cinnamomum camphora",-81.646338,30.165378,2021,2,6,"US","Cinnamomum camphora"
3039458881,"Cinnamomum camphora",-93.395846,30.16814,2021,2,8,"US","Cinnamomum camphora"
3039490498,"Cinnamomum camphora",-88.424103,30.445667,2021,2,4,"US","Cinnamomum camphora"
3044603151,"Cinnamomum camphora",-81.436975,30.691698,2021,2,14,"US","Cinnamomum camphora"
3044641289,"Cinnamomum camphora",-81.853224,27.990993,2021,2,11,"US","Cinnamomum camphora"
3044647286,"Cinnamomum camphora",-81.466046,28.713306,2021,2,15,"US","Cinnamomum camphora"
3044664338,"Cinnamomum camphora",-81.19196,28.601427,2021,2,16,"US","Cinnamomum camphora"
3044668828,"Cinnamomum camphora",-91.93048,30.101257,2021,2,21,"US","Cinnamomum camphora"
3044668964,"Cinnamomum camphora",-88.756181,30.399358,2021,2,22,"US","Cinnamomum camphora"
3044692645,"Cinnamomum camphora",-90.095302,30.000357,2021,2,20,"US","Cinnamomum camphora"
3044761165,"Cinnamomum camphora",-82.203364,27.939752,2021,2,14,"US","Cinnamomum camphora"
3044799041,"Cinnamomum camphora",-82.350561,29.644578,2021,2,24,"US","Cinnamomum camphora"
3044870833,"Cinnamomum camphora",-82.014898,29.79654,2021,2,21,"US","Cinnamomum camphora"
3044888463,"Cinnamomum camphora",-87.574622,30.293413,2021,2,13,"US","Cinnamomum camphora"
3059014954,"Cinnamomum camphora",-81.85387,27.947343,2021,2,27,"US","Cinnamomum camphora"
3337423445,"Cinnamomum camphora",-89.209316,30.389267,2021,2,22,"US","Cinnamomum camphora"
3344008403,"Cinnamomum camphora",-87.694436,30.55454,2021,2,18,"US","Cinnamomum camphora"
3058796323,"Cinnamomum camphora",-82.35719,29.644382,2021,3,7,"US","Cinnamomum camphora"
3058814913,"Cinnamomum camphora",-84.251323,30.600505,2021,3,8,"US","Cinnamomum camphora"
3061560747,"Cinnamomum camphora",-81.834587,30.304388,2021,3,13,"US","Cinnamomum camphora"
3061681420,"Cinnamomum camphora",-82.562205,29.827909,2021,3,15,"US","Cinnamomum camphora"
3068051523,"Cinnamomum camphora",-84.491582,30.459127,2021,3,23,"US","Cinnamomum camphora"
3068128979,"Cinnamomum camphora",-118.244874,34.085244,2021,3,21,"US","Cinnamomum camphora"
3070659848,"Cinnamomum camphora",-88.018601,30.683108,2021,3,27,"US","Cinnamomum camphora"
3070663390,"Cinnamomum camphora",-82.36241,29.645276,2021,3,27,"US","Cinnamomum camphora"
3337444463,"Cinnamomum camphora",-90.816289,29.797781,2021,3,17,"US","Cinnamomum camphora"
3070667888,"Cinnamomum camphora",-82.33302,29.656955,2021,4,1,"US","Cinnamomum camphora"
3079479276,"Cinnamomum camphora",-82.470894,28.051107,2021,4,2,"US","Cinnamomum camphora"
3079593534,"Cinnamomum camphora",-82.380133,29.646458,2021,4,2,"US","Cinnamomum camphora"
3079622056,"Cinnamomum camphora",-82.316435,29.668154,2021,4,7,"US","Cinnamomum camphora"
3090665942,"Cinnamomum camphora",-81.876833,29.147926,2021,4,14,"US","Cinnamomum camphora"
3090691734,"Cinnamomum camphora",-84.314651,30.447292,2021,4,13,"US","Cinnamomum camphora"
3090936835,"Cinnamomum camphora",-82.33162,29.691963,2021,4,14,"US","Cinnamomum camphora"
3097058703,"Cinnamomum camphora",-82.345757,29.642054,2021,4,16,"US","Cinnamomum camphora"
3109152497,"Cinnamomum camphora",-82.103814,29.748972,2021,4,9,"US","Cinnamomum camphora"
3109182171,"Cinnamomum camphora",-82.765738,27.92643,2021,4,26,"US","Cinnamomum camphora"
3109189041,"Cinnamomum camphora",-82.352408,28.063025,2021,4,26,"US","Cinnamomum camphora"
3109189455,"Cinnamomum camphora",-82.350102,29.664485,2021,4,1,"US","Cinnamomum camphora"
3112327647,"Cinnamomum camphora",-94.769079,29.329117,2021,4,30,"US","Cinnamomum camphora"
3112585685,"Cinnamomum camphora",-82.325495,29.620306,2021,4,30,"US","Cinnamomum camphora"
3112646682,"Cinnamomum camphora",-82.418992,29.668756,2021,4,30,"US","Cinnamomum camphora"
3124821421,"Cinnamomum camphora",-121.846123,39.729018,2021,4,30,"US","Cinnamomum camphora"
3337418481,"Cinnamomum camphora",-91.232153,29.705863,2021,4,27,"US","Cinnamomum camphora"
3337435449,"Cinnamomum camphora",-85.929561,30.722197,2021,4,3,"US","Cinnamomum camphora"
3384617656,"Cinnamomum camphora",-90.110513,29.982315,2021,4,30,"US","Cinnamomum camphora"
3399129573,"Cinnamomum camphora",-95.451462,29.700481,2021,4,27,"US","Cinnamomum camphora"
3112523084,"Cinnamomum camphora",-82.320633,29.648845,2021,5,1,"US","Cinnamomum camphora"
3112599598,"Cinnamomum camphora",-84.624566,30.644974,2021,5,5,"US","Cinnamomum camphora"
3112620590,"Cinnamomum camphora",-82.343555,29.612481,2021,5,2,"US","Cinnamomum camphora"
3112671357,"Cinnamomum camphora",-82.253998,29.666912,2021,5,3,"US","Cinnamomum camphora"
3112818331,"Cinnamomum camphora",-82.371906,29.713186,2021,5,4,"US","Cinnamomum camphora"
3112852497,"Cinnamomum camphora",-88.10246,30.673486,2021,5,4,"US","Cinnamomum camphora"
3112875191,"Cinnamomum camphora",-94.892568,29.40242,2021,5,3,"US","Cinnamomum camphora"
3113454868,"Cinnamomum camphora",-84.344693,30.480913,2021,5,7,"US","Cinnamomum camphora"
3113571079,"Cinnamomum camphora",-84.281967,30.461871,2021,5,8,"US","Cinnamomum camphora"
3113593853,"Cinnamomum camphora",-82.033336,29.675156,2021,5,13,"US","Cinnamomum camphora"
3113648327,"Cinnamomum camphora",-78.404166,35.745407,2021,5,9,"US","Cinnamomum camphora"
3117749204,"Cinnamomum camphora",-81.231,28.986572,2021,5,14,"US","Cinnamomum camphora"
3117797676,"Cinnamomum camphora",-82.355933,29.682156,2021,5,10,"US","Cinnamomum camphora"
3124726461,"Cinnamomum camphora",-81.446672,31.393581,2021,5,10,"US","Cinnamomum camphora"
3301983865,"Cinnamomum camphora",-82.248207,27.825338,2021,5,28,"US","Cinnamomum camphora"
3302413252,"Cinnamomum camphora",-81.876511,28.481152,2021,5,29,"US","Cinnamomum camphora"
3302491537,"Cinnamomum camphora",-84.276987,30.426308,2021,5,31,"US","Cinnamomum camphora"
3302507005,"Cinnamomum camphora",-82.193006,27.906589,2021,5,27,"US","Cinnamomum camphora"
3307410452,"Cinnamomum camphora",-87.577691,30.293609,2021,5,17,"US","Cinnamomum camphora"
3383832670,"Cinnamomum camphora",-82.356146,29.682228,2021,5,10,"US","Cinnamomum camphora"
3383873685,"Cinnamomum camphora",-81.943036,28.018679,2021,5,14,"US","Cinnamomum camphora"
3384670657,"Cinnamomum camphora",-118.435922,34.29776,2021,5,6,"US","Cinnamomum camphora"
3301940030,"Cinnamomum camphora",-84.268888,30.431872,2021,6,4,"US","Cinnamomum camphora"
3302383324,"Cinnamomum camphora",-82.471488,28.850741,2021,6,8,"US","Cinnamomum camphora"
3302437364,"Cinnamomum camphora",-81.614861,30.179497,2021,6,1,"US","Cinnamomum camphora"
3307467032,"Cinnamomum camphora",-81.92905,27.973991,2021,6,16,"US","Cinnamomum camphora"
3314604551,"Cinnamomum camphora",-82.183365,28.517448,2021,6,24,"US","Cinnamomum camphora"
3320884582,"Cinnamomum camphora",-88.149803,30.708189,2021,6,20,"US","Cinnamomum camphora"
3320897125,"Cinnamomum camphora",-81.521422,30.455953,2021,6,27,"US","Cinnamomum camphora"
3321115849,"Cinnamomum camphora",-81.581349,30.62657,2021,6,26,"US","Cinnamomum camphora"
3343709499,"Cinnamomum camphora",-87.675833,30.411608,2021,6,14,"US","Cinnamomum camphora"
3344040513,"Cinnamomum camphora",-87.574928,30.294295,2021,6,21,"US","Cinnamomum camphora"
3383839787,"Cinnamomum camphora",-82.442166,28.251144,2021,6,22,"US","Cinnamomum camphora"
3384643802,"Cinnamomum camphora",-82.442172,28.251128,2021,6,22,"US","Cinnamomum camphora"
3384668753,"Cinnamomum camphora",-81.943083,27.996553,2021,6,19,"US","Cinnamomum camphora"
3468662435,"Cinnamomum camphora",-95.407009,30.091723,2021,6,26,"US","Cinnamomum camphora"
3325802885,"Cinnamomum camphora",-82.19271,27.905953,2021,7,1,"US","Cinnamomum camphora"
3325889541,"Cinnamomum camphora",-82.521683,28.499952,2021,7,8,"US","Cinnamomum camphora"
3330732533,"Cinnamomum camphora",-118.123575,34.198327,2021,7,7,"US","Cinnamomum camphora"
3330759660,"Cinnamomum camphora",-84.213402,30.548615,2021,7,16,"US","Cinnamomum camphora"
3343841549,"Cinnamomum camphora",-118.301803,34.184196,2021,7,8,"US","Cinnamomum camphora"
3338058514,"Cinnamomum camphora",-83.41706,30.600965,2021,8,9,"US","Cinnamomum camphora"
3338083502,"Cinnamomum camphora",-81.788207,30.196838,2021,8,12,"US","Cinnamomum camphora"
3355546481,"Cinnamomum camphora",-91.760687,29.891595,2021,8,30,"US","Cinnamomum camphora"
3384635921,"Cinnamomum camphora",-82.079371,27.874846,2021,8,11,"US","Cinnamomum camphora"
3355188029,"Cinnamomum camphora",-82.246643,27.956896,2021,9,5,"US","Cinnamomum camphora"
3355590848,"Cinnamomum camphora",-81.784398,30.111265,2021,9,4,"US","Cinnamomum camphora"
3355597794,"Cinnamomum camphora",-87.1528,30.613151,2021,9,3,"US","Cinnamomum camphora"
3384255309,"Cinnamomum camphora",-81.705833,27.955722,2021,9,16,"US","Cinnamomum camphora"
3384449255,"Cinnamomum camphora",-81.09665,32.072133,2021,9,5,"US","Cinnamomum camphora"
3385046143,"Cinnamomum camphora",-84.329063,30.564938,2021,9,16,"US","Cinnamomum camphora"
3398909141,"Cinnamomum camphora",-90.084591,29.977125,2021,10,25,"US","Cinnamomum camphora"
3399108110,"Cinnamomum camphora",-82.149858,28.371679,2021,10,15,"US","Cinnamomum camphora"
3399443995,"Cinnamomum camphora",-83.495041,30.840149,2021,10,24,"US","Cinnamomum camphora"
3408115923,"Cinnamomum camphora",-82.104001,29.956992,2021,10,31,"US","Cinnamomum camphora"
3415671008,"Cinnamomum camphora",-118.345566,34.167496,2021,10,23,"US","Cinnamomum camphora"
3455512176,"Cinnamomum camphora",-89.055856,30.379562,2021,10,19,"US","Cinnamomum camphora"
3415537566,"Cinnamomum camphora",-81.349188,28.845833,2021,11,14,"US","Cinnamomum camphora"
3415732277,"Cinnamomum camphora",-118.328125,34.163143,2021,11,6,"US","Cinnamomum camphora"
3415851099,"Cinnamomum camphora",-84.243346,30.427258,2021,11,11,"US","Cinnamomum camphora"
3415992207,"Cinnamomum camphora",-88.04734,30.697039,2021,11,21,"US","Cinnamomum camphora"
3416026139,"Cinnamomum camphora",-84.309886,30.441702,2021,11,22,"US","Cinnamomum camphora"
3416033918,"Cinnamomum camphora",-81.177703,28.646392,2021,11,21,"US","Cinnamomum camphora"
3416077871,"Cinnamomum camphora",-81.18813,28.829768,2021,11,20,"US","Cinnamomum camphora"
3416111535,"Cinnamomum camphora",-80.53205,27.807815,2021,11,22,"US","Cinnamomum camphora"
3416125614,"Cinnamomum camphora",-82.0267,29.579504,2021,11,17,"US","Cinnamomum camphora"
3416154952,"Cinnamomum camphora",-82.432325,29.684892,2021,11,9,"US","Cinnamomum camphora"
3416246405,"Cinnamomum camphora",-88.10291,30.673374,2021,11,13,"US","Cinnamomum camphora"
3455445036,"Cinnamomum camphora",-82.780738,28.024662,2021,11,25,"US","Cinnamomum camphora"
3455460924,"Cinnamomum camphora",-81.69956,30.177124,2021,11,24,"US","Cinnamomum camphora"
3455552162,"Cinnamomum camphora",-90.092499,29.994038,2021,12,15,"US","Cinnamomum camphora"
3455557089,"Cinnamomum camphora",-82.568073,28.041909,2021,12,15,"US","Cinnamomum camphora"
3455880532,"Cinnamomum camphora",-95.045034,29.367464,2021,12,29,"US","Cinnamomum camphora"
3456077284,"Cinnamomum camphora",-81.301698,28.639744,2021,12,22,"US","Cinnamomum camphora"
3456356936,"Cinnamomum camphora",-87.770897,30.40087,2021,12,16,"US","Cinnamomum camphora"
3456398274,"Cinnamomum camphora",-82.0148,29.796092,2021,12,30,"US","Cinnamomum camphora"
3457030841,"Cinnamomum camphora",-82.779755,28.031547,2021,12,9,"US","Cinnamomum camphora"
2550114799,"Cinnamomum camphora",-82.121022,28.229233,2020,1,8,"US","Cinnamomum camphora"
2557738868,"Cinnamomum camphora",-88.153255,30.495891,2020,1,9,"US","Cinnamomum camphora"
2557757054,"Cinnamomum camphora",-79.954775,32.801046,2020,1,11,"US","Cinnamomum camphora"
2557784994,"Cinnamomum camphora",-88.788147,30.392942,2020,1,13,"US","Cinnamomum camphora"
2563525429,"Cinnamomum camphora",-82.544441,29.684,2020,1,19,"US","Cinnamomum camphora"
2563570936,"Cinnamomum camphora",-95.37917,29.762737,2020,1,23,"US","Cinnamomum camphora"
3113270342,"Cinnamomum camphora",-90.47487,30.523042,2020,1,12,"US","Cinnamomum camphora"
2573870586,"Cinnamomum camphora",-87.829253,30.576467,2020,2,19,"US","Cinnamomum camphora"
2573882897,"Cinnamomum camphora",-82.353833,28.629245,2020,2,13,"US","Cinnamomum camphora"
2574021695,"Cinnamomum camphora",-118.351894,34.09275,2020,2,15,"US","Cinnamomum camphora"
2574057847,"Cinnamomum camphora",-81.424172,28.643187,2020,2,23,"US","Cinnamomum camphora"
2574177085,"Cinnamomum camphora",-84.291262,30.476583,2020,2,11,"US","Cinnamomum camphora"
2574196831,"Cinnamomum camphora",-81.484275,29.497294,2020,2,19,"US","Cinnamomum camphora"
2574242818,"Cinnamomum camphora",-93.247476,30.18657,2020,2,1,"US","Cinnamomum camphora"
2574278000,"Cinnamomum camphora",-81.711804,30.064453,2020,2,3,"US","Cinnamomum camphora"
2576287833,"Cinnamomum camphora",-82.293859,27.792972,2020,2,29,"US","Cinnamomum camphora"
2576349355,"Cinnamomum camphora",-88.821061,30.421358,2020,2,28,"US","Cinnamomum camphora"
3070249883,"Cinnamomum camphora",-82.345405,29.642355,2020,2,13,"US","Cinnamomum camphora"
2576258856,"Cinnamomum camphora",-85.157815,30.01563,2020,3,1,"US","Cinnamomum camphora"
2576330784,"Cinnamomum camphora",-81.374747,31.146347,2020,3,3,"US","Cinnamomum camphora"
2576339980,"Cinnamomum camphora",-88.788122,30.395335,2020,3,5,"US","Cinnamomum camphora"
2579382224,"Cinnamomum camphora",-82.719204,28.00531,2020,3,8,"US","Cinnamomum camphora"
2580243668,"Cinnamomum camphora",-82.32867,29.620167,2020,3,15,"US","Cinnamomum camphora"
2596087462,"Cinnamomum camphora",-81.558838,30.126031,2020,3,22,"US","Cinnamomum camphora"
2596203367,"Cinnamomum camphora",-81.348864,29.918488,2020,3,28,"US","Cinnamomum camphora"
2596216843,"Cinnamomum camphora",-93.279922,30.864567,2020,3,25,"US","Cinnamomum camphora"
2596313235,"Cinnamomum camphora",-81.651608,30.480894,2020,3,8,"US","Cinnamomum camphora"
2647054423,"Cinnamomum camphora",-82.225332,29.424682,2020,3,2,"US","Cinnamomum camphora"
2647150443,"Cinnamomum camphora",-81.693715,30.413385,2020,3,5,"US","Cinnamomum camphora"
2649979672,"Cinnamomum camphora",-81.616611,28.81616,2020,3,14,"US","Cinnamomum camphora"
2649989354,"Cinnamomum camphora",-79.957859,32.798581,2020,3,19,"US","Cinnamomum camphora"
2650094430,"Cinnamomum camphora",-81.405645,28.668655,2020,3,26,"US","Cinnamomum camphora"
2650116650,"Cinnamomum camphora",-82.751089,28.068409,2020,3,27,"US","Cinnamomum camphora"
2802618626,"Cinnamomum camphora",-95.407067,30.091639,2020,3,18,"US","Cinnamomum camphora"
2859926106,"Cinnamomum camphora",-82.397608,29.664873,2020,3,29,"US","Cinnamomum camphora"
3031632612,"Cinnamomum camphora",-81.563592,30.127481,2020,3,22,"US","Cinnamomum camphora"
3067945843,"Cinnamomum camphora",-82.39721,29.693701,2020,3,17,"US","Cinnamomum camphora"
3337631375,"Cinnamomum camphora",-89.859589,29.869072,2020,3,8,"US","Cinnamomum camphora"
2597733400,"Cinnamomum camphora",-84.573218,30.523197,2020,4,5,"US","Cinnamomum camphora"
2597772051,"Cinnamomum camphora",-87.916687,30.461601,2020,4,9,"US","Cinnamomum camphora"
2603446449,"Cinnamomum camphora",-84.236529,30.507441,2020,4,16,"US","Cinnamomum camphora"
2603545437,"Cinnamomum camphora",-88.222203,30.427708,2020,4,15,"US","Cinnamomum camphora"
2609237817,"Cinnamomum camphora",-82.333645,29.667227,2020,4,21,"US","Cinnamomum camphora"
2609337009,"Cinnamomum camphora",-81.309002,28.907667,2020,4,19,"US","Cinnamomum camphora"
2610944500,"Cinnamomum camphora",-95.224905,29.439676,2020,4,24,"US","Cinnamomum camphora"
2610965194,"Cinnamomum camphora",-82.302493,29.678077,2020,4,24,"US","Cinnamomum camphora"
2610969246,"Cinnamomum camphora",-82.462997,29.648374,2020,4,25,"US","Cinnamomum camphora"
2611074152,"Cinnamomum camphora",-82.312347,29.673782,2020,4,26,"US","Cinnamomum camphora"
2611146962,"Cinnamomum camphora",-82.50478,27.317913,2020,4,26,"US","Cinnamomum camphora"
2611210121,"Cinnamomum camphora",-82.413912,29.669062,2020,4,27,"US","Cinnamomum camphora"
2611297016,"Cinnamomum camphora",-82.467504,29.649107,2020,4,27,"US","Cinnamomum camphora"
2611334904,"Cinnamomum camphora",-82.319142,29.670917,2020,4,25,"US","Cinnamomum camphora"
2611344385,"Cinnamomum camphora",-82.467448,29.648971,2020,4,27,"US","Cinnamomum camphora"
2611376357,"Cinnamomum camphora",-82.41385,29.668955,2020,4,27,"US","Cinnamomum camphora"
2620118712,"Cinnamomum camphora",-82.361297,29.650131,2020,4,27,"US","Cinnamomum camphora"
2626158510,"Cinnamomum camphora",-95.553702,29.769236,2020,4,26,"US","Cinnamomum camphora"
2626270812,"Cinnamomum camphora",-82.406044,29.689816,2020,4,26,"US","Cinnamomum camphora"
2633965573,"Cinnamomum camphora",-120.6622,35.293683,2020,4,16,"US","Cinnamomum camphora"
2647268244,"Cinnamomum camphora",-83.376892,30.957248,2020,4,2,"US","Cinnamomum camphora"
2898530357,"Cinnamomum camphora",-82.141449,31.387993,2020,4,16,"US","Cinnamomum camphora"
2963914358,"Cinnamomum camphora",-82.27225,27.882356,2020,4,14,"US","Cinnamomum camphora"
2974290634,"Cinnamomum camphora",-83.904872,30.459078,2020,4,10,"US","Cinnamomum camphora"
2974664206,"Cinnamomum camphora",-90.090156,29.765772,2020,4,5,"US","Cinnamomum camphora"
2974697198,"Cinnamomum camphora",-95.085045,29.350211,2020,4,5,"US","Cinnamomum camphora"
2974698202,"Cinnamomum camphora",-95.085045,29.350211,2020,4,5,"US","Cinnamomum camphora"
2974785497,"Cinnamomum camphora",-81.917995,30.688362,2020,4,18,"US","Cinnamomum camphora"
2974787909,"Cinnamomum camphora",-82.098235,29.292257,2020,4,23,"US","Cinnamomum camphora"
2974804208,"Cinnamomum camphora",-84.239232,30.490188,2020,4,20,"US","Cinnamomum camphora"
2974807462,"Cinnamomum camphora",-90.142508,29.991756,2020,4,21,"US","Cinnamomum camphora"
2974813315,"Cinnamomum camphora",-90.013501,31.056311,2020,4,21,"US","Cinnamomum camphora"
2976403279,"Cinnamomum camphora",-83.779115,31.166122,2020,4,17,"US","Cinnamomum camphora"
2976572957,"Cinnamomum camphora",-96.291765,30.679201,2020,4,11,"US","Cinnamomum camphora"
2976643342,"Cinnamomum camphora",-81.366877,28.633218,2020,4,7,"US","Cinnamomum camphora"
2976669826,"Cinnamomum camphora",-82.07009,27.974996,2020,4,14,"US","Cinnamomum camphora"
2976729342,"Cinnamomum camphora",-94.195111,30.197942,2020,4,21,"US","Cinnamomum camphora"
2976729868,"Cinnamomum camphora",-90.034234,29.975829,2020,4,23,"US","Cinnamomum camphora"
2976828629,"Cinnamomum camphora",-94.939722,29.388333,2020,4,9,"US","Cinnamomum camphora"
2976986721,"Cinnamomum camphora",-82.07009,27.974996,2020,4,14,"US","Cinnamomum camphora"
2977088771,"Cinnamomum camphora",-95.300127,29.567158,2020,4,23,"US","Cinnamomum camphora"
2977170347,"Cinnamomum camphora",-88.297659,30.473685,2020,4,28,"US","Cinnamomum camphora"
3067585774,"Cinnamomum camphora",-82.397476,29.69373,2020,4,25,"US","Cinnamomum camphora"
3067611817,"Cinnamomum camphora",-81.340347,27.41897,2020,4,27,"US","Cinnamomum camphora"
3337440364,"Cinnamomum camphora",-92.844149,30.898857,2020,4,26,"US","Cinnamomum camphora"
3355092361,"Cinnamomum camphora",-86.051003,31.11925,2020,4,16,"US","Cinnamomum camphora"
2620017213,"Cinnamomum camphora",-82.361633,29.640722,2020,5,7,"US","Cinnamomum camphora"
2620143786,"Cinnamomum camphora",-83.956324,30.419837,2020,5,3,"US","Cinnamomum camphora"
2620204976,"Cinnamomum camphora",-118.364831,34.006639,2020,5,3,"US","Cinnamomum camphora"
2626146880,"Cinnamomum camphora",-85.298912,29.801483,2020,5,1,"US","Cinnamomum camphora"
2626337741,"Cinnamomum camphora",-81.549108,27.687315,2020,5,16,"US","Cinnamomum camphora"
2626343777,"Cinnamomum camphora",-81.822696,28.00827,2020,5,12,"US","Cinnamomum camphora"
2626381456,"Cinnamomum camphora",-84.559288,30.891475,2020,5,12,"US","Cinnamomum camphora"
2626452358,"Cinnamomum camphora",-81.312647,29.029694,2020,5,20,"US","Cinnamomum camphora"
2634482256,"Cinnamomum camphora",-118.520695,34.045192,2020,5,29,"US","Cinnamomum camphora"
2634530329,"Cinnamomum camphora",-82.643869,27.486859,2020,5,29,"US","Cinnamomum camphora"
2634561744,"Cinnamomum camphora",-120.657463,35.282063,2020,5,25,"US","Cinnamomum camphora"
2641347861,"Cinnamomum camphora",-81.677719,29.92465,2020,5,29,"US","Cinnamomum camphora"
2814243590,"Cinnamomum camphora",-81.578098,27.884754,2020,5,24,"US","Cinnamomum camphora"
2974967211,"Cinnamomum camphora",-88.089168,30.681852,2020,5,17,"US","Cinnamomum camphora"
2975206682,"Cinnamomum camphora",-82.55021,28.095718,2020,5,20,"US","Cinnamomum camphora"
2975318726,"Cinnamomum camphora",-93.92189,29.9548,2020,5,16,"US","Cinnamomum camphora"
2975361559,"Cinnamomum camphora",-82.342757,31.208723,2020,5,23,"US","Cinnamomum camphora"
2975396963,"Cinnamomum camphora",-81.529364,30.320415,2020,5,27,"US","Cinnamomum camphora"
2975540620,"Cinnamomum camphora",-80.801973,28.421492,2020,5,22,"US","Cinnamomum camphora"
2975806124,"Cinnamomum camphora",-81.618297,30.243568,2020,5,24,"US","Cinnamomum camphora"
2976752551,"Cinnamomum camphora",-82.511633,28.737628,2020,5,3,"US","Cinnamomum camphora"
2976818902,"Cinnamomum camphora",-81.573625,28.021357,2020,5,13,"US","Cinnamomum camphora"
2976868202,"Cinnamomum camphora",-95.281011,29.674422,2020,5,15,"US","Cinnamomum camphora"
2977160715,"Cinnamomum camphora",-82.665671,28.175906,2020,5,23,"US","Cinnamomum camphora"
3067689950,"Cinnamomum camphora",-82.396502,29.691282,2020,5,12,"US","Cinnamomum camphora"
3067754002,"Cinnamomum camphora",-82.397459,29.693761,2020,5,11,"US","Cinnamomum camphora"
3070293010,"Cinnamomum camphora",-82.323455,29.630933,2020,5,17,"US","Cinnamomum camphora"
3090783684,"Cinnamomum camphora",-82.068447,28.338993,2020,5,18,"US","Cinnamomum camphora"
3384252447,"Cinnamomum camphora",-81.721702,27.955809,2020,5,11,"US","Cinnamomum camphora"
2641296671,"Cinnamomum camphora",-81.308085,29.844559,2020,6,5,"US","Cinnamomum camphora"
2641601593,"Cinnamomum camphora",-84.198111,30.439029,2020,6,10,"US","Cinnamomum camphora"
2802654396,"Cinnamomum camphora",-82.350702,29.680482,2020,6,18,"US","Cinnamomum camphora"
2802915774,"Cinnamomum camphora",-88.078564,30.689073,2020,6,5,"US","Cinnamomum camphora"
2803167423,"Cinnamomum camphora",-84.207827,30.567701,2020,6,20,"US","Cinnamomum camphora"
2898274399,"Cinnamomum camphora",-82.343255,29.673883,2020,6,26,"US","Cinnamomum camphora"
2974538920,"Cinnamomum camphora",-94.099942,30.101498,2020,6,1,"US","Cinnamomum camphora"
2974580077,"Cinnamomum camphora",-81.694749,33.445639,2020,6,19,"US","Cinnamomum camphora"
2975308340,"Cinnamomum camphora",-81.827089,30.184033,2020,6,3,"US","Cinnamomum camphora"
2975574081,"Cinnamomum camphora",-81.313459,28.58656,2020,6,18,"US","Cinnamomum camphora"
2975606637,"Cinnamomum camphora",-95.300581,29.566775,2020,6,5,"US","Cinnamomum camphora"
2975797442,"Cinnamomum camphora",-83.32605,30.722108,2020,6,30,"US","Cinnamomum camphora"
2975943658,"Cinnamomum camphora",-93.984727,30.412254,2020,6,24,"US","Cinnamomum camphora"
2977331933,"Cinnamomum camphora",-82.008281,27.935365,2020,6,16,"US","Cinnamomum camphora"
2977485486,"Cinnamomum camphora",-95.300581,29.566775,2020,6,5,"US","Cinnamomum camphora"
2977618562,"Cinnamomum camphora",-95.369332,29.854319,2020,6,9,"US","Cinnamomum camphora"
2977666764,"Cinnamomum camphora",-81.352526,28.318897,2020,6,14,"US","Cinnamomum camphora"
2814092373,"Cinnamomum camphora",-88.626597,30.335347,2020,7,2,"US","Cinnamomum camphora"
2814124377,"Cinnamomum camphora",-81.99429,29.751998,2020,7,7,"US","Cinnamomum camphora"
2818516028,"Cinnamomum camphora",-84.267792,30.524197,2020,7,12,"US","Cinnamomum camphora"
2818634570,"Cinnamomum camphora",-81.738517,30.746947,2020,7,16,"US","Cinnamomum camphora"
2818749711,"Cinnamomum camphora",-94.154835,30.083258,2020,7,1,"US","Cinnamomum camphora"
2823284543,"Cinnamomum camphora",-81.679542,30.425221,2020,7,15,"US","Cinnamomum camphora"
2823422414,"Cinnamomum camphora",-88.426978,30.442892,2020,7,21,"US","Cinnamomum camphora"
2826124226,"Cinnamomum camphora",-92.038622,30.156305,2020,7,26,"US","Cinnamomum camphora"
2826182003,"Cinnamomum camphora",-82.014838,29.795969,2020,7,25,"US","Cinnamomum camphora"
2826208016,"Cinnamomum camphora",-81.231557,28.583599,2020,7,25,"US","Cinnamomum camphora"
2826291706,"Cinnamomum camphora",-90.212759,29.965754,2020,7,29,"US","Cinnamomum camphora"
2850565048,"Cinnamomum camphora",-81.387435,28.582073,2020,7,31,"US","Cinnamomum camphora"
2898355398,"Cinnamomum camphora",-82.372247,29.681641,2020,7,5,"US","Cinnamomum camphora"
2976197540,"Cinnamomum camphora",-81.093317,29.277543,2020,7,17,"US","Cinnamomum camphora"
2976912674,"Cinnamomum camphora",-81.662641,28.852674,2020,7,10,"US","Cinnamomum camphora"
2977582770,"Cinnamomum camphora",-81.478076,28.682153,2020,7,9,"US","Cinnamomum camphora"
2977785406,"Cinnamomum camphora",-81.672404,28.866017,2020,7,18,"US","Cinnamomum camphora"
2977857445,"Cinnamomum camphora",-84.270051,30.399046,2020,7,8,"US","Cinnamomum camphora"
2980837429,"Cinnamomum camphora",-88.788108,30.39292,2020,7,13,"US","Cinnamomum camphora"
3117758372,"Cinnamomum camphora",-87.405993,30.319775,2020,7,18,"US","Cinnamomum camphora"
2850556074,"Cinnamomum camphora",-81.589551,27.789937,2020,8,3,"US","Cinnamomum camphora"
2850627994,"Cinnamomum camphora",-81.57118,30.3432,2020,8,9,"US","Cinnamomum camphora"
2850777925,"Cinnamomum camphora",-84.266708,30.474975,2020,8,15,"US","Cinnamomum camphora"
2850883707,"Cinnamomum camphora",-85.679259,30.230399,2020,8,20,"US","Cinnamomum camphora"
2851018243,"Cinnamomum camphora",-82.832878,27.857395,2020,8,4,"US","Cinnamomum camphora"
2851048226,"Cinnamomum camphora",-91.98475,30.232795,2020,8,7,"US","Cinnamomum camphora"
2856660809,"Cinnamomum camphora",-81.718159,28.039162,2020,8,21,"US","Cinnamomum camphora"
2856682401,"Cinnamomum camphora",-88.741753,30.412808,2020,8,26,"US","Cinnamomum camphora"
2856709425,"Cinnamomum camphora",-81.425081,27.609059,2020,8,26,"US","Cinnamomum camphora"
2856769765,"Cinnamomum camphora",-82.284159,29.526887,2020,8,19,"US","Cinnamomum camphora"
2859900815,"Cinnamomum camphora",-87.847475,30.532075,2020,8,29,"US","Cinnamomum camphora"
2860112001,"Cinnamomum camphora",-82.423107,28.058128,2020,8,19,"US","Cinnamomum camphora"
2860138646,"Cinnamomum camphora",-92.408825,30.32693,2020,8,21,"US","Cinnamomum camphora"
2862304867,"Cinnamomum camphora",-81.701858,30.313835,2020,9,6,"US","Cinnamomum camphora"
2862557955,"Cinnamomum camphora",-81.388958,28.313462,2020,9,1,"US","Cinnamomum camphora"
2864804628,"Cinnamomum camphora",-81.641989,30.294116,2020,9,8,"US","Cinnamomum camphora"
2864815110,"Cinnamomum camphora",-81.363861,28.552495,2020,9,5,"US","Cinnamomum camphora"
2868285454,"Cinnamomum camphora",-82.576456,28.489019,2020,9,22,"US","Cinnamomum camphora"
2873792861,"Cinnamomum camphora",-88.796294,30.418319,2020,9,24,"US","Cinnamomum camphora"
2873799013,"Cinnamomum camphora",-82.466566,29.524498,2020,9,30,"US","Cinnamomum camphora"
2873996555,"Cinnamomum camphora",-81.636873,28.493863,2020,9,29,"US","Cinnamomum camphora"
2975560117,"Cinnamomum camphora",-81.098371,29.295303,2020,9,12,"US","Cinnamomum camphora"
2976211194,"Cinnamomum camphora",-87.865615,30.526758,2020,9,21,"US","Cinnamomum camphora"
2977763998,"Cinnamomum camphora",-95.430382,30.059904,2020,9,18,"US","Cinnamomum camphora"
2977956893,"Cinnamomum camphora",-95.538957,29.793035,2020,9,7,"US","Cinnamomum camphora"
2978279857,"Cinnamomum camphora",-80.879641,28.646951,2020,9,17,"US","Cinnamomum camphora"
2883006749,"Cinnamomum camphora",-82.280433,29.630103,2020,10,3,"US","Cinnamomum camphora"
2883079352,"Cinnamomum camphora",-81.505109,28.556702,2020,10,5,"US","Cinnamomum camphora"
2883081644,"Cinnamomum camphora",-82.26812,29.639674,2020,10,7,"US","Cinnamomum camphora"
2898302700,"Cinnamomum camphora",-82.491657,28.102177,2020,10,10,"US","Cinnamomum camphora"
2898339018,"Cinnamomum camphora",-82.327396,29.619739,2020,10,12,"US","Cinnamomum camphora"
2898484127,"Cinnamomum camphora",-81.998765,30.815874,2020,10,12,"US","Cinnamomum camphora"
2963825235,"Cinnamomum camphora",-81.754363,27.975099,2020,10,29,"US","Cinnamomum camphora"
2963951626,"Cinnamomum camphora",-82.564573,27.384014,2020,10,23,"US","Cinnamomum camphora"
2974655450,"Cinnamomum camphora",-81.655965,30.468985,2020,10,10,"US","Cinnamomum camphora"
2980787590,"Cinnamomum camphora",-87.438408,30.478225,2020,10,27,"US","Cinnamomum camphora"
2981054561,"Cinnamomum camphora",-92.070878,30.1492,2020,10,15,"US","Cinnamomum camphora"
3005121511,"Cinnamomum camphora",-81.855169,30.065164,2020,10,16,"US","Cinnamomum camphora"
3005188504,"Cinnamomum camphora",-81.854992,30.065283,2020,10,16,"US","Cinnamomum camphora"
3005241518,"Cinnamomum camphora",-81.855644,30.065442,2020,10,16,"US","Cinnamomum camphora"
3008480148,"Cinnamomum camphora",-81.560967,30.469161,2020,10,24,"US","Cinnamomum camphora"
3013884536,"Cinnamomum camphora",-88.840539,30.429867,2020,10,28,"US","Cinnamomum camphora"
3335091364,"Cinnamomum camphora",-95.224878,29.440178,2020,10,17,"US","Cinnamomum camphora"
2980822294,"Cinnamomum camphora",-82.447937,27.999878,2020,11,6,"US","Cinnamomum camphora"
2980833987,"Cinnamomum camphora",-89.367522,30.297595,2020,11,2,"US","Cinnamomum camphora"
2984498812,"Cinnamomum camphora",-80.945501,29.018334,2020,11,10,"US","Cinnamomum camphora"
2988575923,"Cinnamomum camphora",-82.360004,29.649393,2020,11,13,"US","Cinnamomum camphora"
2992716674,"Cinnamomum camphora",-122.008733,36.969981,2020,11,27,"US","Cinnamomum camphora"
2992874735,"Cinnamomum camphora",-81.594337,30.316311,2020,11,28,"US","Cinnamomum camphora"
2999067730,"Cinnamomum camphora",-91.184964,30.456374,2020,12,5,"US","Cinnamomum camphora"
2999124745,"Cinnamomum camphora",-88.221966,30.427588,2020,12,5,"US","Cinnamomum camphora"
3005134031,"Cinnamomum camphora",-84.285212,30.533393,2020,12,15,"US","Cinnamomum camphora"
3005229076,"Cinnamomum camphora",-82.333937,29.661929,2020,12,16,"US","Cinnamomum camphora"
3008387213,"Cinnamomum camphora",-81.562088,28.411528,2020,12,24,"US","Cinnamomum camphora"
3008502142,"Cinnamomum camphora",-81.562692,28.411842,2020,12,24,"US","Cinnamomum camphora"
3013862949,"Cinnamomum camphora",-81.162585,29.391758,2020,12,28,"US","Cinnamomum camphora"
3014031795,"Cinnamomum camphora",-82.060171,28.298546,2020,12,26,"US","Cinnamomum camphora"
3017988697,"Cinnamomum camphora",-88.796081,30.417664,2020,12,31,"US","Cinnamomum camphora"
3039204771,"Cinnamomum camphora",-91.186107,30.461075,2020,12,19,"US","Cinnamomum camphora"
3039253803,"Cinnamomum camphora",-90.936972,30.542375,2020,12,30,"US","Cinnamomum camphora"
3039341773,"Cinnamomum camphora",-87.60135,30.28992,2020,12,22,"US","Cinnamomum camphora"
3337475420,"Cinnamomum camphora",-83.500114,30.840151,2020,12,1,"US","Cinnamomum camphora"
3455167786,"Cinnamomum camphora",-95.648419,28.998922,2020,12,18,"US","Cinnamomum camphora"
1986574493,"Cinnamomum camphora",-88.81825,30.407668,2019,1,2,"US","Cinnamomum camphora"
1990544211,"Cinnamomum camphora",-85.863356,31.031325,2019,1,20,"US","Cinnamomum camphora"
1990563578,"Cinnamomum camphora",-84.251085,30.538483,2019,1,22,"US","Cinnamomum camphora"
1990595344,"Cinnamomum camphora",-88.418432,30.41572,2019,1,26,"US","Cinnamomum camphora"
1990606219,"Cinnamomum camphora",-88.541252,30.415478,2019,1,27,"US","Cinnamomum camphora"
1990608672,"Cinnamomum camphora",-88.541528,30.415644,2019,1,27,"US","Cinnamomum camphora"
1990612127,"Cinnamomum camphora",-88.541733,30.415597,2019,1,27,"US","Cinnamomum camphora"
1990613490,"Cinnamomum camphora",-88.54142,30.415382,2019,1,27,"US","Cinnamomum camphora"
1990619434,"Cinnamomum camphora",-88.542213,30.416008,2019,1,27,"US","Cinnamomum camphora"
1990619745,"Cinnamomum camphora",-88.541759,30.41538,2019,1,27,"US","Cinnamomum camphora"
1990619805,"Cinnamomum camphora",-88.541776,30.415276,2019,1,27,"US","Cinnamomum camphora"
1990632808,"Cinnamomum camphora",-84.294431,30.432894,2019,1,31,"US","Cinnamomum camphora"
1990633200,"Cinnamomum camphora",-88.541759,30.415613,2019,1,27,"US","Cinnamomum camphora"
1990633255,"Cinnamomum camphora",-88.541656,30.415702,2019,1,27,"US","Cinnamomum camphora"
1993718600,"Cinnamomum camphora",-88.541802,30.415381,2019,1,27,"US","Cinnamomum camphora"
1993731569,"Cinnamomum camphora",-88.541938,30.41593,2019,1,27,"US","Cinnamomum camphora"
2013688781,"Cinnamomum camphora",-82.456649,27.993097,2019,1,19,"US","Cinnamomum camphora"
3468851320,"Cinnamomum camphora",-82.102164,28.025246,2019,1,11,"US","Cinnamomum camphora"
1993750717,"Cinnamomum camphora",-81.949987,28.093313,2019,2,4,"US","Cinnamomum camphora"
2005349039,"Cinnamomum camphora",-93.200073,30.265617,2019,2,15,"US","Cinnamomum camphora"
2005356205,"Cinnamomum camphora",-91.208412,30.385601,2019,2,16,"US","Cinnamomum camphora"
2006096474,"Cinnamomum camphora",-88.625839,30.392667,2019,2,27,"US","Cinnamomum camphora"
2013689009,"Cinnamomum camphora",-81.948708,28.081339,2019,2,4,"US","Cinnamomum camphora"
2013689991,"Cinnamomum camphora",-84.285928,30.419642,2019,2,16,"US","Cinnamomum camphora"
2012968429,"Cinnamomum camphora",-81.932953,28.098192,2019,3,1,"US","Cinnamomum camphora"
2013007181,"Cinnamomum camphora",-81.415511,31.36557,2019,3,5,"US","Cinnamomum camphora"
2013691793,"Cinnamomum camphora",-82.2006,28.439617,2019,3,2,"US","Cinnamomum camphora"
2013694905,"Cinnamomum camphora",-81.772356,28.050751,2019,3,7,"US","Cinnamomum camphora"
2013725945,"Cinnamomum camphora",-88.819991,30.406169,2019,3,7,"US","Cinnamomum camphora"
2013749036,"Cinnamomum camphora",-93.935703,30.103352,2019,3,12,"US","Cinnamomum camphora"
2013759210,"Cinnamomum camphora",-81.595256,27.991858,2019,3,14,"US","Cinnamomum camphora"
2028507952,"Cinnamomum camphora",-84.289796,30.461865,2019,3,20,"US","Cinnamomum camphora"
2235492584,"Cinnamomum camphora",-88.546089,30.39235,2019,3,29,"US","Cinnamomum camphora"
3337877326,"Cinnamomum camphora",-90.81889,29.999187,2019,3,25,"US","Cinnamomum camphora"
2236261790,"Cinnamomum camphora",-81.785537,28.022975,2019,4,8,"US","Cinnamomum camphora"
2236845533,"Cinnamomum camphora",-81.788915,27.762405,2019,4,12,"US","Cinnamomum camphora"
2236891119,"Cinnamomum camphora",-81.452255,28.30162,2019,4,15,"US","Cinnamomum camphora"
2236906993,"Cinnamomum camphora",-82.576355,27.57957,2019,4,17,"US","Cinnamomum camphora"
2238801181,"Cinnamomum camphora",-84.275663,30.428278,2019,4,26,"US","Cinnamomum camphora"
2238810287,"Cinnamomum camphora",-95.2498,29.4194,2019,4,26,"US","Cinnamomum camphora"
2238812216,"Cinnamomum camphora",-84.186347,30.445118,2019,4,26,"US","Cinnamomum camphora"
2238827832,"Cinnamomum camphora",-93.247833,30.186172,2019,4,26,"US","Cinnamomum camphora"
2238831217,"Cinnamomum camphora",-88.010777,30.231017,2019,4,26,"US","Cinnamomum camphora"
2238847612,"Cinnamomum camphora",-84.315002,30.501462,2019,4,27,"US","Cinnamomum camphora"
2238867469,"Cinnamomum camphora",-84.30142,30.498029,2019,4,27,"US","Cinnamomum camphora"
2238869572,"Cinnamomum camphora",-84.237863,30.5068,2019,4,27,"US","Cinnamomum camphora"
2238876450,"Cinnamomum camphora",-84.325062,30.452088,2019,4,27,"US","Cinnamomum camphora"
2238906253,"Cinnamomum camphora",-84.274358,30.452626,2019,4,28,"US","Cinnamomum camphora"
2238948055,"Cinnamomum camphora",-95.451969,29.769519,2019,4,27,"US","Cinnamomum camphora"
2238958268,"Cinnamomum camphora",-84.318664,30.434527,2019,4,29,"US","Cinnamomum camphora"
2238963330,"Cinnamomum camphora",-93.258637,30.294613,2019,4,27,"US","Cinnamomum camphora"
2238963946,"Cinnamomum camphora",-84.284205,30.525383,2019,4,29,"US","Cinnamomum camphora"
2242759361,"Cinnamomum camphora",-81.821159,28.084423,2019,4,24,"US","Cinnamomum camphora"
2242767279,"Cinnamomum camphora",-84.284216,30.532873,2019,4,27,"US","Cinnamomum camphora"
2244210153,"Cinnamomum camphora",-81.700745,30.237955,2019,4,24,"US","Cinnamomum camphora"
2422828058,"Cinnamomum camphora",-82.3634,28.615732,2019,4,1,"US","Cinnamomum camphora"
2540726964,"Cinnamomum camphora",-117.325053,34.170372,2019,4,19,"US","Cinnamomum camphora"
2641525337,"Cinnamomum camphora",-84.277488,30.422661,2019,4,27,"US","Cinnamomum camphora"
3337561324,"Cinnamomum camphora",-84.225494,30.407372,2019,4,28,"US","Cinnamomum camphora"
2239044306,"Cinnamomum camphora",-87.858879,30.637253,2019,5,2,"US","Cinnamomum camphora"
2251904126,"Cinnamomum camphora",-82.355461,29.68329,2019,5,26,"US","Cinnamomum camphora"
2429206162,"Cinnamomum camphora",-82.734345,27.966245,2019,5,22,"US","Cinnamomum camphora"
2265904912,"Cinnamomum camphora",-85.154472,29.709795,2019,6,13,"US","Cinnamomum camphora"
2269234096,"Cinnamomum camphora",-81.636673,30.436488,2019,6,14,"US","Cinnamomum camphora"
2273297443,"Cinnamomum camphora",-85.154433,29.709822,2019,6,25,"US","Cinnamomum camphora"
2283060584,"Cinnamomum camphora",-81.718135,27.956135,2019,6,28,"US","Cinnamomum camphora"
2429208231,"Cinnamomum camphora",-81.647413,30.277058,2019,6,2,"US","Cinnamomum camphora"
2429209540,"Cinnamomum camphora",-90.133461,29.937125,2019,6,9,"US","Cinnamomum camphora"
2649046913,"Cinnamomum camphora",-90.076963,29.934049,2019,6,19,"US","Cinnamomum camphora"
2331836587,"Cinnamomum camphora",-93.212378,30.215149,2019,7,1,"US","Cinnamomum camphora"
2331838012,"Cinnamomum camphora",-122.319758,37.574906,2019,7,7,"US","Cinnamomum camphora"
2331838647,"Cinnamomum camphora",-95.429935,29.766154,2019,7,10,"US","Cinnamomum camphora"
2331840607,"Cinnamomum camphora",-95.157293,29.906737,2019,7,16,"US","Cinnamomum camphora"
2331841560,"Cinnamomum camphora",-88.552227,30.350494,2019,7,19,"US","Cinnamomum camphora"
2429221526,"Cinnamomum camphora",-82.546594,28.568106,2019,7,21,"US","Cinnamomum camphora"
2429222791,"Cinnamomum camphora",-88.790628,36.909221,2019,7,27,"US","Cinnamomum camphora"
2643737501,"Cinnamomum camphora",-83.905205,30.459265,2019,7,2,"US","Cinnamomum camphora"
2649388319,"Cinnamomum camphora",-89.11478,30.711183,2019,7,20,"US","Cinnamomum camphora"
2649555184,"Cinnamomum camphora",-81.270278,28.743611,2019,7,27,"US","Cinnamomum camphora"
3331200938,"Cinnamomum camphora",-118.925434,36.415323,2019,7,31,"US","Cinnamomum camphora"
2331935790,"Cinnamomum camphora",-95.452103,29.699545,2019,8,6,"US","Cinnamomum camphora"
2331953785,"Cinnamomum camphora",-82.586386,28.00065,2019,8,7,"US","Cinnamomum camphora"
2366094451,"Cinnamomum camphora",-87.244762,31.143059,2019,8,18,"US","Cinnamomum camphora"
2397533929,"Cinnamomum camphora",-84.267742,30.524379,2019,8,24,"US","Cinnamomum camphora"
2429227984,"Cinnamomum camphora",-91.116269,30.437778,2019,8,10,"US","Cinnamomum camphora"
2429228854,"Cinnamomum camphora",-81.731225,28.059378,2019,8,12,"US","Cinnamomum camphora"
2465117339,"Cinnamomum camphora",-81.91957,30.691665,2019,8,13,"US","Cinnamomum camphora"
2649289350,"Cinnamomum camphora",-82.216154,27.892664,2019,8,5,"US","Cinnamomum camphora"
2649683143,"Cinnamomum camphora",-81.123568,28.635802,2019,8,3,"US","Cinnamomum camphora"
3466130328,"Cinnamomum camphora",-83.305056,30.824098,2019,8,3,"US","Cinnamomum camphora"
2422935256,"Cinnamomum camphora",-90.093091,29.993824,2019,9,6,"US","Cinnamomum camphora"
2423018184,"Cinnamomum camphora",-81.851535,27.939974,2019,9,10,"US","Cinnamomum camphora"
2423149803,"Cinnamomum camphora",-84.986747,29.726788,2019,9,19,"US","Cinnamomum camphora"
2429238756,"Cinnamomum camphora",-90.062203,30.451438,2019,9,2,"US","Cinnamomum camphora"
2429240178,"Cinnamomum camphora",-81.785133,32.46947,2019,9,5,"US","Cinnamomum camphora"
2429242300,"Cinnamomum camphora",-82.559219,29.019272,2019,9,8,"US","Cinnamomum camphora"
2429242758,"Cinnamomum camphora",-82.401214,28.055768,2019,9,8,"US","Cinnamomum camphora"
2429249353,"Cinnamomum camphora",-81.207367,28.646375,2019,9,16,"US","Cinnamomum camphora"
2429249885,"Cinnamomum camphora",-95.266792,30.056925,2019,9,16,"US","Cinnamomum camphora"
2429249919,"Cinnamomum camphora",-81.501883,28.567633,2019,9,17,"US","Cinnamomum camphora"
2429302947,"Cinnamomum camphora",-81.383238,31.216887,2019,9,29,"US","Cinnamomum camphora"
2429304021,"Cinnamomum camphora",-81.814935,30.037292,2019,9,29,"US","Cinnamomum camphora"
2429320064,"Cinnamomum camphora",-84.237813,30.507003,2019,9,30,"US","Cinnamomum camphora"
2649625347,"Cinnamomum camphora",-81.273085,28.941269,2019,9,8,"US","Cinnamomum camphora"
2429412137,"Cinnamomum camphora",-90.063332,30.450845,2019,10,6,"US","Cinnamomum camphora"
2429427111,"Cinnamomum camphora",-84.323517,30.425858,2019,10,7,"US","Cinnamomum camphora"
2429515332,"Cinnamomum camphora",-87.076303,30.60853,2019,10,7,"US","Cinnamomum camphora"
2429516315,"Cinnamomum camphora",-87.075417,30.607792,2019,10,8,"US","Cinnamomum camphora"
2429539745,"Cinnamomum camphora",-79.992185,32.802789,2019,10,10,"US","Cinnamomum camphora"
2429610671,"Cinnamomum camphora",-87.075417,30.60782,2019,10,8,"US","Cinnamomum camphora"
2429626785,"Cinnamomum camphora",-81.678938,28.138833,2019,10,17,"US","Cinnamomum camphora"
2444975565,"Cinnamomum camphora",-81.393476,28.571728,2019,10,18,"US","Cinnamomum camphora"
2866733380,"Cinnamomum camphora",-81.185644,34.042472,2019,10,30,"US","Cinnamomum camphora"
2451698585,"Cinnamomum camphora",-88.426889,30.442883,2019,11,1,"US","Cinnamomum camphora"
2460022190,"Cinnamomum camphora",-90.093931,29.984212,2019,11,16,"US","Cinnamomum camphora"
2460096752,"Cinnamomum camphora",-90.099627,29.984884,2019,11,15,"US","Cinnamomum camphora"
2465149260,"Cinnamomum camphora",-81.70581,28.072988,2019,11,7,"US","Cinnamomum camphora"
2465163506,"Cinnamomum camphora",-82.726581,27.974298,2019,11,22,"US","Cinnamomum camphora"
2465167405,"Cinnamomum camphora",-90.094864,30.004636,2019,11,20,"US","Cinnamomum camphora"
2465197816,"Cinnamomum camphora",-90.090955,30.498599,2019,11,22,"US","Cinnamomum camphora"
2465201021,"Cinnamomum camphora",-81.613804,27.738116,2019,11,27,"US","Cinnamomum camphora"
2465281931,"Cinnamomum camphora",-82.07,29.237222,2019,11,4,"US","Cinnamomum camphora"
2517991025,"Cinnamomum camphora",-82.169405,29.790732,2019,11,19,"US","Cinnamomum camphora"
2518095899,"Cinnamomum camphora",-81.524956,27.828419,2019,11,27,"US","Cinnamomum camphora"
2529265234,"Cinnamomum camphora",-82.07,29.237222,2019,11,4,"US","Cinnamomum camphora"
2529317165,"Cinnamomum camphora",-82.541944,29.443889,2019,11,27,"US","Cinnamomum camphora"
2550090215,"Cinnamomum camphora",-87.829045,30.577601,2019,11,19,"US","Cinnamomum camphora"
2574130395,"Cinnamomum camphora",-90.120079,29.983668,2019,11,1,"US","Cinnamomum camphora"
2645884130,"Cinnamomum camphora",-82.682222,28.318611,2019,11,22,"US","Cinnamomum camphora"
3455397707,"Cinnamomum camphora",-121.151741,38.746105,2019,11,29,"US","Cinnamomum camphora"
2518137763,"Cinnamomum camphora",-88.635444,30.374897,2019,12,8,"US","Cinnamomum camphora"
2529373447,"Cinnamomum camphora",-90.125325,29.933616,2019,12,16,"US","Cinnamomum camphora"
2540872631,"Cinnamomum camphora",-81.626179,30.19446,2019,12,23,"US","Cinnamomum camphora"
2542928830,"Cinnamomum camphora",-82.47062,28.942749,2019,12,24,"US","Cinnamomum camphora"
2542991438,"Cinnamomum camphora",-92.28672,29.992334,2019,12,11,"US","Cinnamomum camphora"
2543024716,"Cinnamomum camphora",-88.018926,30.682477,2019,12,27,"US","Cinnamomum camphora"
2543077449,"Cinnamomum camphora",-92.286148,29.992069,2019,12,31,"US","Cinnamomum camphora"
2573818328,"Cinnamomum camphora",-81.709535,28.170877,2019,12,6,"US","Cinnamomum camphora"
2626420484,"Cinnamomum camphora",-81.435932,30.271323,2019,12,19,"US","Cinnamomum camphora"
2626567887,"Cinnamomum camphora",-81.435975,30.271287,2019,12,20,"US","Cinnamomum camphora"
2898524352,"Cinnamomum camphora",-82.345542,29.642397,2019,12,11,"US","Cinnamomum camphora"
1802760449,"Cinnamomum camphora",-81.575267,27.934965,2018,1,1,"US","Cinnamomum camphora"
1807288503,"Cinnamomum camphora",-81.73871,28.010873,2018,1,30,"US","Cinnamomum camphora"
1807313594,"Cinnamomum camphora",-82.489662,29.683533,2018,2,5,"US","Cinnamomum camphora"
1836635092,"Cinnamomum camphora",-82.383919,28.71859,2018,3,15,"US","Cinnamomum camphora"
1837064439,"Cinnamomum camphora",-93.248229,30.187508,2018,3,24,"US","Cinnamomum camphora"
1847411084,"Cinnamomum camphora",-93.248356,30.187621,2018,3,24,"US","Cinnamomum camphora"
1847411533,"Cinnamomum camphora",-95.40703,30.09165,2018,3,25,"US","Cinnamomum camphora"
2802931342,"Cinnamomum camphora",-95.40705,30.09161,2018,3,25,"US","Cinnamomum camphora"
1837769535,"Cinnamomum camphora",-88.796272,30.418572,2018,4,3,"US","Cinnamomum camphora"
1838368001,"Cinnamomum camphora",-93.226181,30.217442,2018,4,16,"US","Cinnamomum camphora"
1847426017,"Cinnamomum camphora",-95.224872,29.439311,2018,4,29,"US","Cinnamomum camphora"
2429239189,"Cinnamomum camphora",-95.648863,29.710742,2018,4,28,"US","Cinnamomum camphora"
2451752158,"Cinnamomum camphora",-81.55285,30.119222,2018,4,18,"US","Cinnamomum camphora"
1847493900,"Cinnamomum camphora",-88.540047,30.417675,2018,5,11,"US","Cinnamomum camphora"
1847546165,"Cinnamomum camphora",-118.566078,34.170249,2018,5,15,"US","Cinnamomum camphora"
2013681731,"Cinnamomum camphora",-95.447939,29.706981,2018,5,10,"US","Cinnamomum camphora"
1880485649,"Cinnamomum camphora",-88.530639,30.407897,2018,6,15,"US","Cinnamomum camphora"
2013682088,"Cinnamomum camphora",-95.413201,29.76381,2018,6,1,"US","Cinnamomum camphora"
1883473096,"Cinnamomum camphora",-88.102897,30.252114,2018,7,7,"US","Cinnamomum camphora"
1891324900,"Cinnamomum camphora",-90.12175,29.793413,2018,8,10,"US","Cinnamomum camphora"
1990451021,"Cinnamomum camphora",-85.862883,31.032656,2018,8,31,"US","Cinnamomum camphora"
3008555316,"Cinnamomum camphora",-117.644167,33.570278,2018,8,23,"US","Cinnamomum camphora"
1914238254,"Cinnamomum camphora",-88.115127,30.647326,2018,9,26,"US","Cinnamomum camphora"
3383897332,"Cinnamomum camphora",-81.780571,27.736747,2018,9,11,"US","Cinnamomum camphora"
1932314073,"Cinnamomum camphora",-82.632802,28.092595,2018,10,19,"US","Cinnamomum camphora"
1948738347,"Cinnamomum camphora",-88.083809,30.249716,2018,10,20,"US","Cinnamomum camphora"
1990454585,"Cinnamomum camphora",-85.708479,31.10145,2018,10,3,"US","Cinnamomum camphora"
2540784314,"Cinnamomum camphora",-81.688266,28.8424,2018,10,27,"US","Cinnamomum camphora"
1944397891,"Cinnamomum camphora",-82.063956,28.295056,2018,11,11,"US","Cinnamomum camphora"
1944400387,"Cinnamomum camphora",-88.661407,30.446241,2018,11,11,"US","Cinnamomum camphora"
1945436484,"Cinnamomum camphora",-86.956178,31.430801,2018,11,17,"US","Cinnamomum camphora"
1946312362,"Cinnamomum camphora",-84.273837,30.45991,2018,11,15,"US","Cinnamomum camphora"
1946319299,"Cinnamomum camphora",-88.715369,30.350294,2018,11,23,"US","Cinnamomum camphora"
1946363194,"Cinnamomum camphora",-81.902755,27.973438,2018,11,29,"US","Cinnamomum camphora"
1950019110,"Cinnamomum camphora",-91.153764,30.446245,2018,11,18,"US","Cinnamomum camphora"
1978421254,"Cinnamomum camphora",-95.240837,29.423699,2018,11,2,"US","Cinnamomum camphora"
3466005338,"Cinnamomum camphora",-95.240856,29.423687,2018,11,16,"US","Cinnamomum camphora"
1978481149,"Cinnamomum camphora",-82.722832,27.989328,2018,12,5,"US","Cinnamomum camphora"
1986603524,"Cinnamomum camphora",-88.524874,30.434864,2018,12,19,"US","Cinnamomum camphora"
2012950883,"Cinnamomum camphora",-88.525078,30.43487,2018,12,19,"US","Cinnamomum camphora"
2012993510,"Cinnamomum camphora",-81.649895,30.480528,2018,12,24,"US","Cinnamomum camphora"
2013761747,"Cinnamomum camphora",-90.128565,29.808997,2017,1,12,"US","Cinnamomum camphora"
3441444043,"Cinnamomum camphora",-81.138,32.1174,2017,2,27,"US","Cinnamomum camphora"
1562885682,"Cinnamomum camphora",-82.324524,29.620241,2017,3,25,"US","Cinnamomum camphora"
2518005218,"Cinnamomum camphora",-95.224872,29.439311,2017,4,18,"US","Cinnamomum camphora"
1571105078,"Cinnamomum camphora",-95.374388,29.781397,2017,6,7,"US","Cinnamomum camphora"
1621773674,"Cinnamomum camphora",-93.223555,30.204722,2017,7,4,"US","Cinnamomum camphora"
3709899356,"Cinnamomum camphora",-81.06856,31.96569,2017,7,25,"US","Cinnamomum camphora"
1677321521,"Cinnamomum camphora",-81.781667,28.045506,2017,10,19,"US","Cinnamomum camphora"
1699377601,"Cinnamomum camphora",-88.819753,30.406272,2017,10,29,"US","Cinnamomum camphora"
3058750316,"Cinnamomum camphora",-81.7938,27.8165,2017,11,13,"US","Cinnamomum camphora"
1802723007,"Cinnamomum camphora",-82.382152,29.66415,2017,12,23,"US","Cinnamomum camphora"
1990580078,"Cinnamomum camphora",-82.365551,28.050586,2017,12,30,"US","Cinnamomum camphora"
1249277273,"Cinnamomum camphora",-80.971962,29.093212,2016,1,16,"US","Cinnamomum camphora"
1291069384,"Cinnamomum camphora",-95.374519,29.781313,2016,2,6,"US","Cinnamomum camphora"
1453074562,"Cinnamomum camphora",-82.346733,29.645723,2016,2,20,"US","Cinnamomum camphora"
2013760873,"Cinnamomum camphora",-94.765159,29.527306,2016,2,13,"US","Cinnamomum camphora"
3301783303,"Cinnamomum camphora",-82.358574,29.644537,2016,2,8,"US","Cinnamomum camphora"
2013763034,"Cinnamomum camphora",-88.542411,30.414803,2016,3,4,"US","Cinnamomum camphora"
2013760949,"Cinnamomum camphora",-90.126619,29.808033,2016,4,6,"US","Cinnamomum camphora"
2430105737,"Cinnamomum camphora",-117.3816,33.2694,2016,4,11,"US","Cinnamomum camphora"
3125067262,"Cinnamomum camphora",-117.38155,33.26938,2016,4,11,"US","Cinnamomum camphora"
2579333062,"Cinnamomum camphora",-81.500472,30.081278,2016,5,7,"US","Cinnamomum camphora"
1563894249,"Cinnamomum camphora",-82.7517,30.3306,2016,7,1,"US","Cinnamomum camphora"
1849095333,"Cinnamomum camphora",-81.013392,32.129941,2016,8,3,"US","Cinnamomum camphora"
1453206006,"Cinnamomum camphora",-91.16745,30.44145,2016,11,9,"US","Cinnamomum camphora"
1946700106,"Cinnamomum camphora",-81.1525,32.15694,2016,11,7,"US","Cinnamomum camphora"
1453306894,"Cinnamomum camphora",-95.605533,29.76037,2016,12,24,"US","Cinnamomum camphora"
1586917440,"Cinnamomum camphora",-81.450851,28.314029,2016,12,23,"US","Cinnamomum camphora"
1269537003,"Cinnamomum camphora",-118.384178,34.163305,2015,1,1,"US","Cinnamomum camphora"
1503276862,"Cinnamomum camphora",-84.5942,30.5583,2015,3,12,"US","Cinnamomum camphora"
2013682044,"Cinnamomum camphora",-91.095617,30.523849,2015,3,14,"US","Cinnamomum camphora"
3125272336,"Cinnamomum camphora",-117.1877,32.81519,2015,4,6,"US","Cinnamomum camphora"
1503278126,"Cinnamomum camphora",-81.5084,30.6153,2015,6,22,"US","Cinnamomum camphora"
3047664394,"Cinnamomum camphora",-111.827744,44.470949,2015,9,22,"US","Cinnamomum camphora"
2331829630,"Cinnamomum camphora",-122.263962,37.494525,2015,11,28,"US","Cinnamomum camphora"
1503273198,"Cinnamomum camphora",-81.2731,28.8005,2014,4,1,"US","Cinnamomum camphora"
1503273695,"Cinnamomum camphora",-82.1333,28.0667,2014,4,2,"US","Cinnamomum camphora"
2332070612,"Cinnamomum camphora",-90.1225,29.807187,2014,4,6,"US","Cinnamomum camphora"
2422497093,"Cinnamomum camphora",-118.31406,34.12453,2014,6,26,"US","Cinnamomum camphora"
2596213934,"Cinnamomum camphora",-82.346416,29.645558,2014,12,1,"US","Cinnamomum camphora"
1503271210,"Cinnamomum camphora",-81.2567,28.7419,2013,2,27,"US","Cinnamomum camphora"
3125063245,"Cinnamomum camphora",-117.19664,32.82858,2013,7,1,"US","Cinnamomum camphora"
3125069244,"Cinnamomum camphora",-117.18304,32.79672,2013,7,1,"US","Cinnamomum camphora"
1426484664,"Cinnamomum camphora",-120.903333,38.811944,2013,11,29,"US","Cinnamomum camphora"
1457815199,"Cinnamomum camphora",-82.0141,29.68843,2013,11,15,"US","Cinnamomum camphora"
2251208023,"Cinnamomum camphora",-82.014,29.688,2013,11,15,"US","Cinnamomum camphora"
2422495417,"Cinnamomum camphora",-120.90333,38.81194,2013,11,29,"US","Cinnamomum camphora"
1503268665,"Cinnamomum camphora",-81.2894,28.7551,2012,4,4,"US","Cinnamomum camphora"
1457780752,"Cinnamomum camphora",-82.544017,29.663083,2012,6,12,"US","Cinnamomum camphora"
2270561117,"Cinnamomum camphora",-82.678267,27.816175,2012,6,3,"US","Cinnamomum camphora"
1836675900,"Cinnamomum camphora",-82.096481,26.973876,2012,12,25,"US","Cinnamomum camphora"
2819531135,"Cinnamomum camphora",-94.7547,29.9891,2011,2,23,"US","Cinnamomum camphora"
1269728847,"Cinnamomum camphora",-93.74425,30.303367,2011,3,13,"US","Cinnamomum camphora"
2807336602,"Cinnamomum camphora",-93.74425,30.30337,2011,3,13,"US","Cinnamomum camphora"
1304203825,"Cinnamomum camphora",-79.95,32.81,2011,4,26,"US","Cinnamomum camphora"
1930935956,"Cinnamomum camphora",-79.946164,32.813408,2011,4,26,"US","Cinnamomum camphora"
1503267140,"Cinnamomum camphora",-81.2713,28.7348,2011,11,15,"US","Cinnamomum camphora"
1503267147,"Cinnamomum camphora",-81.3203,28.7565,2011,11,13,"US","Cinnamomum camphora"
1503271901,"Cinnamomum camphora",-85.8628,31.0308,2010,1,28,"US","Cinnamomum camphora"
2270183849,"Cinnamomum camphora",-120.65907,35.26524,2010,1,16,"US","Cinnamomum camphora"
2819523393,"Cinnamomum camphora",-89.3265,30.318399,2010,3,10,"US","Cinnamomum camphora"
2819524724,"Cinnamomum camphora",-89.598999,30.2952,2010,3,10,"US","Cinnamomum camphora"
2819527220,"Cinnamomum camphora",-89.339203,30.3018,2010,3,10,"US","Cinnamomum camphora"
1849124386,"Cinnamomum camphora",-81.1612,32.4008,2010,4,22,"US","Cinnamomum camphora"
2418037668,"Cinnamomum camphora",-121.191389,38.648333,2010,4,7,"US","Cinnamomum camphora"
3059708343,"Cinnamomum camphora",-121.1914,38.6483,2010,4,7,"US","Cinnamomum camphora"
1503266033,"Cinnamomum camphora",-81.2983,28.7406,2010,11,15,"US","Cinnamomum camphora"
1927956162,"Cinnamomum camphora",-81.29836,28.74058,2010,11,15,"US","Cinnamomum camphora"
1503255352,"Cinnamomum camphora",-82.0472,28.3061,2009,2,25,"US","Cinnamomum camphora"
2819523103,"Cinnamomum camphora",-87.607803,30.567801,2009,2,10,"US","Cinnamomum camphora"
3762873330,"Cinnamomum camphora",-155.07332,19.70417,2009,3,30,"US","Cinnamomum camphora"
3762893336,"Cinnamomum camphora",-155.07332,19.70417,2009,3,30,"US","Cinnamomum camphora"
1503257718,"Cinnamomum camphora",-85.0439,30.4456,2009,7,2,"US","Cinnamomum camphora"
2819523944,"Cinnamomum camphora",-90.119797,29.8039,2009,7,1,"US","Cinnamomum camphora"
2819525640,"Cinnamomum camphora",-89.7771,30.2917,2009,11,30,"US","Cinnamomum camphora"
2819521314,"Cinnamomum camphora",-82.999298,30.305,2008,1,27,"US","Cinnamomum camphora"
2819524496,"Cinnamomum camphora",-84.333298,30.478399,2008,1,30,"US","Cinnamomum camphora"
2819525287,"Cinnamomum camphora",-87.888298,30.659,2008,1,30,"US","Cinnamomum camphora"
2819525519,"Cinnamomum camphora",-82.173401,30.260799,2008,1,30,"US","Cinnamomum camphora"
2819526566,"Cinnamomum camphora",-87.621101,30.629499,2008,1,30,"US","Cinnamomum camphora"
2819530360,"Cinnamomum camphora",-81.7836,30.3151,2008,1,29,"US","Cinnamomum camphora"
3059708331,"Cinnamomum camphora",-121.4828,38.5703,2008,1,14,"US","Cinnamomum camphora"
2819522610,"Cinnamomum camphora",-87.8125,30.6464,2008,2,25,"US","Cinnamomum camphora"
2819522783,"Cinnamomum camphora",-88.066101,30.7304,2008,2,25,"US","Cinnamomum camphora"
2819524153,"Cinnamomum camphora",-87.487801,30.414499,2008,2,26,"US","Cinnamomum camphora"
2819526307,"Cinnamomum camphora",-87.485703,30.3496,2008,2,26,"US","Cinnamomum camphora"
2819526760,"Cinnamomum camphora",-87.866997,30.6556,2008,2,25,"US","Cinnamomum camphora"
2819526814,"Cinnamomum camphora",-87.4636,30.408701,2008,2,26,"US","Cinnamomum camphora"
2819527695,"Cinnamomum camphora",-87.845497,30.655199,2008,2,25,"US","Cinnamomum camphora"
2819529118,"Cinnamomum camphora",-88.020897,31.159201,2008,2,25,"US","Cinnamomum camphora"
2819531311,"Cinnamomum camphora",-87.480499,30.393801,2008,2,26,"US","Cinnamomum camphora"
2819532128,"Cinnamomum camphora",-87.7967,30.363701,2008,2,26,"US","Cinnamomum camphora"
2819526897,"Cinnamomum camphora",-88.909103,30.4622,2008,5,22,"US","Cinnamomum camphora"
1503257901,"Cinnamomum camphora",-82,27.0333,2008,9,15,"US","Cinnamomum camphora"
1304382607,"Cinnamomum camphora",-117.184722,34.03,2007,1,16,"US","Cinnamomum camphora"
2422534321,"Cinnamomum camphora",-117.18472,34.03,2007,1,16,"US","Cinnamomum camphora"
3707730864,"Cinnamomum camphora",-88.6375,30.544722,2007,4,11,"US","Cinnamomum camphora"
1257515921,"Cinnamomum camphora",-81.734055,29.3475,2007,5,19,"US","Cinnamomum camphora"
1457753773,"Cinnamomum camphora",-81.734167,29.3475,2007,5,19,"US","Cinnamomum camphora"
1503262769,"Cinnamomum camphora",-81.7342,29.3475,2007,5,19,"US","Cinnamomum camphora"
1090351035,"Cinnamomum camphora",-159.342,22.1042,2007,10,25,"US","Cinnamomum camphora"
1317981448,"Cinnamomum camphora",-159.342,22.1042,2007,10,25,"US","Cinnamomum camphora"
1503249686,"Cinnamomum camphora",-81.0817,29.3322,2006,1,15,"US","Cinnamomum camphora"
2819524743,"Cinnamomum camphora",-88.092903,30.7637,2006,4,3,"US","Cinnamomum camphora"
2819527696,"Cinnamomum camphora",-87.808403,30.656099,2006,4,3,"US","Cinnamomum camphora"
2819532342,"Cinnamomum camphora",-87.841599,30.6625,2006,4,3,"US","Cinnamomum camphora"
1457763754,"Cinnamomum camphora",-82.041517,29.201,2006,5,21,"US","Cinnamomum camphora"
2430235782,"Cinnamomum camphora",-81.90165,31.02142,2006,6,29,"US","Cinnamomum camphora"
2819524395,"Cinnamomum camphora",-88.7201,30.446199,2006,6,9,"US","Cinnamomum camphora"
3469929476,"Cinnamomum camphora",-81.90165,31.02142,2006,6,29,"US","Cinnamomum camphora"
3707745298,"Cinnamomum camphora",-81.90165,31.02142,2006,6,29,"US","Cinnamomum camphora"
1805184804,"Cinnamomum camphora",-84.209487,30.877523,2006,8,26,"US","Cinnamomum camphora"
2422532638,"Cinnamomum camphora",-122.42,37.77306,2006,8,1,"US","Cinnamomum camphora"
2626929465,"Cinnamomum camphora",-122.4413,37.7514,2006,8,1,"US","Cinnamomum camphora"
1849097974,"Cinnamomum camphora",-80.136215,32.899654,2006,10,17,"US","Cinnamomum camphora"
415945014,"Cinnamomum camphora",-72.25583,41.81027,2005,2,17,"US","Cinnamomum camphora"
1304449473,"Cinnamomum camphora",-72.25583,41.81027,2005,2,17,"US","Cinnamomum camphora"
1563145956,"Cinnamomum camphora",-90.1189,29.8044,2005,3,30,"US","Cinnamomum camphora"
1304380377,"Cinnamomum camphora",-117.006111,33.016389,2005,5,13,"US","Cinnamomum camphora"
2422412122,"Cinnamomum camphora",-117.00611,33.01639,2005,5,13,"US","Cinnamomum camphora"
3125062233,"Cinnamomum camphora",-117.00611,33.01639,2005,5,13,"US","Cinnamomum camphora"
3503196803,"Cinnamomum camphora",-117.00611,33.01639,2005,5,13,"US","Cinnamomum camphora"
3710069627,"Cinnamomum camphora",-81.639,30.547,2005,6,30,"US","Cinnamomum camphora"
2596121786,"Cinnamomum camphora",-84.996542,29.732206,2004,2,5,"US","Cinnamomum camphora"
1503257266,"Cinnamomum camphora",-82.5918,28.1939,2004,4,23,"US","Cinnamomum camphora"
3744696009,"Cinnamomum camphora",-87.91,30.63,2004,6,24,"US","Cinnamomum camphora"
3766318180,"Cinnamomum camphora",-88.040556,30.664722,2004,6,23,"US","Cinnamomum camphora"
2251344491,"Cinnamomum camphora",-117.199,32.762,2004,8,3,"US","Cinnamomum camphora"
3125065234,"Cinnamomum camphora",-117.19917,32.7625,2004,8,3,"US","Cinnamomum camphora"
1932897450,"Cinnamomum camphora",-84.787222,30.600833,2004,9,5,"US","Cinnamomum camphora"
3744714219,"Cinnamomum camphora",-84.78,30.6,2004,9,5,"US","Cinnamomum camphora"
3766318162,"Cinnamomum camphora",-84.787224,30.600834,2004,9,5,"US","Cinnamomum camphora"
3744695999,"Cinnamomum camphora",-88.03,30.69,2003,7,30,"US","Cinnamomum camphora"
1304452531,"Cinnamomum camphora",-90.490645,30.106197,2002,4,21,"US","Cinnamomum camphora"
3707760575,"Cinnamomum camphora",-88.486944,30.422222,2002,4,23,"US","Cinnamomum camphora"
3707762426,"Cinnamomum camphora",-89.229167,30.328611,2002,6,14,"US","Cinnamomum camphora"
36012427,"Cinnamomum camphora",-156.383,20.6333,2002,7,16,"US","Cinnamomum camphora"
1503255674,"Cinnamomum camphora",-82.15,28.6333,2002,10,1,"US","Cinnamomum camphora"
2270828119,"Cinnamomum camphora",-82,28,2001,3,14,"US","Cinnamomum camphora"
1258810146,"Cinnamomum camphora",-122.3405,47.6087,2001,5,18,"US","Cinnamomum camphora"
1503240532,"Cinnamomum camphora",-81.407,28.291,2001,7,27,"US","Cinnamomum camphora"
1503240915,"Cinnamomum camphora",-81.9833,26.5833,2001,9,7,"US","Cinnamomum camphora"
1503248508,"Cinnamomum camphora",-84.9833,29.7256,2001,10,9,"US","Cinnamomum camphora"
1503242035,"Cinnamomum camphora",-81.5122,29.4411,2001,11,4,"US","Cinnamomum camphora"
1503241676,"Cinnamomum camphora",-82.2833,27.5,2000,4,12,"US","Cinnamomum camphora"
2807359015,"Cinnamomum camphora",-94.76417,29.525,2000,6,14,"US","Cinnamomum camphora"
1258710615,"Cinnamomum camphora",-90.2428,38.3458,2000,9,8,"US","Cinnamomum camphora"
1503238169,"Cinnamomum camphora",-81.1167,28.3833,2000,12,30,"US","Cinnamomum camphora"
1457755006,"Cinnamomum camphora",-81.741667,30.747667,1999,4,22,"US","Cinnamomum camphora"
1258592655,"Cinnamomum camphora",-122.33083,47.60639,1999,7,14,"US","Cinnamomum camphora"
3707761102,"Cinnamomum camphora",-88.408333,30.43,1998,4,24,"US","Cinnamomum camphora"
1258567799,"Cinnamomum camphora",-122.58333,47.66666,1998,12,9,"US","Cinnamomum camphora"
2807298129,"Cinnamomum camphora",-94.95139,29.46389,1997,3,31,"US","Cinnamomum camphora"
2807528308,"Cinnamomum camphora",-94.95139,29.46389,1997,3,31,"US","Cinnamomum camphora"
1304452559,"Cinnamomum camphora",-91.15444,30.45056,1997,5,3,"US","Cinnamomum camphora"
1937525104,"Cinnamomum camphora",-82,28,1996,1,17,"US","Cinnamomum camphora"
1304452558,"Cinnamomum camphora",-91.15444,30.45056,1995,4,19,"US","Cinnamomum camphora"
3117594062,"Cinnamomum camphora",-74.151199,40.537384,1995,NA,NA,"US","Cinnamomum camphora"
3117941068,"Cinnamomum camphora",-74.151199,40.537384,1995,NA,NA,"US","Cinnamomum camphora"
3117962094,"Cinnamomum camphora",-74.151337,40.53746,1995,NA,NA,"US","Cinnamomum camphora"
1304452535,"Cinnamomum camphora",-90.40056,29.99111,1994,2,6,"US","Cinnamomum camphora"
1503233585,"Cinnamomum camphora",-82.2226,27.8175,1994,10,18,"US","Cinnamomum camphora"
1304203550,"Cinnamomum camphora",-81.47,29.22,1994,11,18,"US","Cinnamomum camphora"
1930330365,"Cinnamomum camphora",-81.47,29.22,1994,11,18,"US","Cinnamomum camphora"
1503228169,"Cinnamomum camphora",-82.2833,27.5,1993,2,10,"US","Cinnamomum camphora"
1849096302,"Cinnamomum camphora",-80.174926,33.020458,1993,3,7,"US","Cinnamomum camphora"
3059708360,"Cinnamomum camphora",-122.51751,38.05553,1993,4,27,"US","Cinnamomum camphora"
1503226976,"Cinnamomum camphora",-82.3326,29.8889,1993,7,6,"US","Cinnamomum camphora"
1503227314,"Cinnamomum camphora",-82.3326,29.8889,1993,11,15,"US","Cinnamomum camphora"
1929698788,"Cinnamomum camphora",-91.8167,30,1992,10,22,"US","Cinnamomum camphora"
2234381148,"Cinnamomum camphora",-79.128935,35.877004,1991,5,15,"US","Cinnamomum camphora"
1261260533,"Cinnamomum camphora",-90.25,38.6,1991,8,27,"US","Cinnamomum camphora"
1928317990,"Cinnamomum camphora",-82.740422,34.855969,1991,8,25,"US","Cinnamomum camphora"
2459972163,"Cinnamomum camphora",-82,28,1989,3,15,"US","Cinnamomum camphora"
2859141298,"Cinnamomum camphora",-79.947622,40.439124,1989,10,26,"US","Cinnamomum camphora"
1304452447,"Cinnamomum camphora",-91.916667,29.9,1988,5,6,"US","Cinnamomum camphora"
1304452486,"Cinnamomum camphora",-90.09944,29.98972,1987,4,11,"US","Cinnamomum camphora"
1304452499,"Cinnamomum camphora",-91.81861,30.00333,1987,10,3,"US","Cinnamomum camphora"
1503219111,"Cinnamomum camphora",-81.6833,30,1987,11,14,"US","Cinnamomum camphora"
1503232889,"Cinnamomum camphora",-82.3879,28.5553,1986,3,3,"US","Cinnamomum camphora"
1930877623,"Cinnamomum camphora",-82.357701,29.674755,1986,4,6,"US","Cinnamomum camphora"
1503215728,"Cinnamomum camphora",-81.6833,30,1985,11,9,"US","Cinnamomum camphora"
1503209690,"Cinnamomum camphora",-82.2667,28.4,1984,6,10,"US","Cinnamomum camphora"
1503211156,"Cinnamomum camphora",-82.0551,28.61,1984,6,28,"US","Cinnamomum camphora"
1304452495,"Cinnamomum camphora",-93.008328,30.51834,1983,3,26,"US","Cinnamomum camphora"
1304452523,"Cinnamomum camphora",-93.08444,30.51972,1983,3,26,"US","Cinnamomum camphora"
122923864,"Cinnamomum camphora",-84.2779,30.458,1982,4,7,"US","Cinnamomum camphora"
415894010,"Cinnamomum camphora",-72.25416,41.80916,1982,4,12,"US","Cinnamomum camphora"
1304449396,"Cinnamomum camphora",-72.25416,41.80916,1982,4,12,"US","Cinnamomum camphora"
122923958,"Cinnamomum camphora",-93.178,44.7316,1982,7,24,"US","Cinnamomum camphora"
122923831,"Cinnamomum camphora",-82.8004,29.7258,1981,4,26,"US","Cinnamomum camphora"
1503196370,"Cinnamomum camphora",-82.8176,29.6133,1981,4,26,"US","Cinnamomum camphora"
1930157180,"Cinnamomum camphora",-82.793501,29.727612,1981,4,26,"US","Cinnamomum camphora"
1503204794,"Cinnamomum camphora",-87.2142,30.4093,1981,6,30,"US","Cinnamomum camphora"
1503204829,"Cinnamomum camphora",-87.0311,30.5988,1981,6,19,"US","Cinnamomum camphora"
1304452444,"Cinnamomum camphora",-92.917942,30.485263,1981,7,25,"US","Cinnamomum camphora"
36013554,"Cinnamomum camphora",-159.583,22.1833,1980,4,11,"US","Cinnamomum camphora"
1503203894,"Cinnamomum camphora",-85.95,30.4667,1980,11,25,"US","Cinnamomum camphora"
1929382566,"Cinnamomum camphora",-90.075072,29.954648,1979,4,14,"US","Cinnamomum camphora"
122923724,"Cinnamomum camphora",-81.7113,28.7615,1979,10,12,"US","Cinnamomum camphora"
1503191104,"Cinnamomum camphora",-81.6417,29,1979,10,12,"US","Cinnamomum camphora"
1503188344,"Cinnamomum camphora",-82.35,27.9167,1978,1,NA,"US","Cinnamomum camphora"
2270526846,"Cinnamomum camphora",-91.024821,29.925962,1978,2,5,"US","Cinnamomum camphora"
1503183651,"Cinnamomum camphora",-81.8584,27.2159,1978,8,3,"US","Cinnamomum camphora"
1503190097,"Cinnamomum camphora",-81.8584,27.2159,1978,10,29,"US","Cinnamomum camphora"
2451556047,"Cinnamomum camphora",-121.881245,37.335269,1977,4,27,"US","Cinnamomum camphora"
122924850,"Cinnamomum camphora",-82.3577,29.6748,1977,8,31,"US","Cinnamomum camphora"
122924851,"Cinnamomum camphora",-82.3577,29.6748,1977,8,31,"US","Cinnamomum camphora"
3413526607,"Cinnamomum camphora",-94.741865,29.835498,1977,8,25,"US","Cinnamomum camphora"
1503179892,"Cinnamomum camphora",-82.7718,28.0197,1976,10,12,"US","Cinnamomum camphora"
2575162128,"Cinnamomum camphora",-118.247,34.093,1975,2,15,"US","Cinnamomum camphora"
2418009809,"Cinnamomum camphora",-121.842778,39.7311109990724,1975,4,8,"US","Cinnamomum camphora"
3707751671,"Cinnamomum camphora",-89.22405,30.35771,1975,10,11,"US","Cinnamomum camphora"
1304452480,"Cinnamomum camphora",-91.15444,30.45056,1975,11,28,"US","Cinnamomum camphora"
1304452539,"Cinnamomum camphora",-94.92194,29.48306,1974,5,22,"US","Cinnamomum camphora"
1304452527,"Cinnamomum camphora",-90.809725,30.762747,1973,2,11,"US","Cinnamomum camphora"
1304452548,"Cinnamomum camphora",-92.418462,30.532896,1973,2,17,"US","Cinnamomum camphora"
122923277,"Cinnamomum camphora",-93.178,44.7316,1973,6,25,"US","Cinnamomum camphora"
1304452522,"Cinnamomum camphora",-90.323925,29.967413,1972,9,1,"US","Cinnamomum camphora"
1503169136,"Cinnamomum camphora",-81.3894,30.3533,1971,4,29,"US","Cinnamomum camphora"
122923264,"Cinnamomum camphora",-82.3469,27.9062,1971,5,15,"US","Cinnamomum camphora"
1503315614,"Cinnamomum camphora",-82.4584,27.9475,1971,5,NA,"US","Cinnamomum camphora"
1503315216,"Cinnamomum camphora",-82.1,29.25,1971,6,20,"US","Cinnamomum camphora"
1929809519,"Cinnamomum camphora",-88.19753,30.685147,1970,6,3,"US","Cinnamomum camphora"
1503313957,"Cinnamomum camphora",-81.3792,28.5383,1970,8,2,"US","Cinnamomum camphora"
2351014367,"Cinnamomum camphora",-118.0356,33.6992,1970,9,5,"US","Cinnamomum camphora"
122924868,"Cinnamomum camphora",-93.178,44.7316,1969,4,15,"US","Cinnamomum camphora"
3059708342,"Cinnamomum camphora",-121.490668,38.57586,1969,9,30,"US","Cinnamomum camphora"
1503308353,"Cinnamomum camphora",-82.4584,27.9475,1968,3,22,"US","Cinnamomum camphora"
2418015481,"Cinnamomum camphora",-121.843889,39.7308329990724,1968,6,23,"US","Cinnamomum camphora"
122922969,"Cinnamomum camphora",-93.178,44.7316,1968,10,24,"US","Cinnamomum camphora"
1304384590,"Cinnamomum camphora",-117.327222,33.973611,1968,10,4,"US","Cinnamomum camphora"
2422528157,"Cinnamomum camphora",-117.32722,33.97361,1968,10,4,"US","Cinnamomum camphora"
1503309036,"Cinnamomum camphora",-84.2807,30.4383,1967,7,3,"US","Cinnamomum camphora"
1304452515,"Cinnamomum camphora",-82.34944,29.64833,1967,9,30,"US","Cinnamomum camphora"
1503170051,"Cinnamomum camphora",-82.325,29.6514,1967,9,30,"US","Cinnamomum camphora"
1503168800,"Cinnamomum camphora",-82.35,27.9167,1965,3,21,"US","Cinnamomum camphora"
3744696003,"Cinnamomum camphora",-88.11,30.25,1965,8,26,"US","Cinnamomum camphora"
1503297574,"Cinnamomum camphora",-82.3879,28.5553,1964,3,17,"US","Cinnamomum camphora"
1302585130,"Cinnamomum camphora",-156.4,20.6,1962,4,21,"US","Cinnamomum camphora"
1302585153,"Cinnamomum camphora",-156.4,20.6,1962,4,21,"US","Cinnamomum camphora"
1302705291,"Cinnamomum camphora",-156.4,20.6,1962,4,21,"US","Cinnamomum camphora"
1302705302,"Cinnamomum camphora",-156.4,20.6,1962,4,21,"US","Cinnamomum camphora"
1988096659,"Cinnamomum camphora",-156.4,20.6,1962,4,21,"US","Cinnamomum camphora"
1988240489,"Cinnamomum camphora",-156.4,20.6,1962,4,21,"US","Cinnamomum camphora"
2351014681,"Cinnamomum camphora",-118.1446,34.148,1961,4,19,"US","Cinnamomum camphora"
3766318165,"Cinnamomum camphora",-87.48332,30.69218,1960,5,6,"US","Cinnamomum camphora"
1503285934,"Cinnamomum camphora",-82.3879,28.5553,1959,4,29,"US","Cinnamomum camphora"
1503232274,"Cinnamomum camphora",-82.3879,28.5553,1958,4,29,"US","Cinnamomum camphora"
1503232290,"Cinnamomum camphora",-82.3879,28.5553,1958,4,26,"US","Cinnamomum camphora"
1503293379,"Cinnamomum camphora",-84.2807,30.4383,1958,4,28,"US","Cinnamomum camphora"
2351014019,"Cinnamomum camphora",-118.1446,34.148,1958,4,12,"US","Cinnamomum camphora"
1304452573,"Cinnamomum camphora",-90.46111,30.50417,1957,4,13,"US","Cinnamomum camphora"
1503281988,"Cinnamomum camphora",-82,28,1956,3,15,"US","Cinnamomum camphora"
2270182850,"Cinnamomum camphora",-120.66555,35.30521,1955,2,21,"US","Cinnamomum camphora"
1304452512,"Cinnamomum camphora",-89.95,30.03333,1954,7,8,"US","Cinnamomum camphora"
2413157025,"Cinnamomum camphora",-118.114622,33.786831,1953,5,21,"US","Cinnamomum camphora"
1503232402,"Cinnamomum camphora",-82.5665,28.0397,1952,3,10,"US","Cinnamomum camphora"
2435595468,"Cinnamomum camphora",-121.75,38.533333,1951,1,19,"US","Cinnamomum camphora"
122924849,"Cinnamomum camphora",-81.9155,26.5757,1950,1,15,"US","Cinnamomum camphora"
3744696007,"Cinnamomum camphora",-88.01,31.15,1950,4,9,"US","Cinnamomum camphora"
122923154,"Cinnamomum camphora",-82,28,1944,8,23,"US","Cinnamomum camphora"
1503232329,"Cinnamomum camphora",-82.5307,27.3364,1943,3,4,"US","Cinnamomum camphora"
1503232412,"Cinnamomum camphora",-82.5307,27.3364,1943,4,16,"US","Cinnamomum camphora"
2859137695,"Cinnamomum camphora",-81.732857,28.022244,1941,4,11,"US","Cinnamomum camphora"
1929909587,"Cinnamomum camphora",-82.328259,29.694888,1940,5,18,"US","Cinnamomum camphora"
1304452476,"Cinnamomum camphora",-91.916667,29.9,1938,7,11,"US","Cinnamomum camphora"
1898767945,"Cinnamomum camphora",-80.4776,25.4687,1931,1,27,"US","Cinnamomum camphora"
1930913609,"Cinnamomum camphora",-118.243685,34.052234,1931,6,29,"US","Cinnamomum camphora"
3059708349,"Cinnamomum camphora",-121.4906,38.5761,1929,4,3,"US","Cinnamomum camphora"
3059708344,"Cinnamomum camphora",-121.4906,38.5761,1929,5,6,"US","Cinnamomum camphora"
1304452500,"Cinnamomum camphora",-91.15444,30.45056,1927,3,19,"US","Cinnamomum camphora"
437692359,"Cinnamomum camphora",-90.10459,30.46765,1920,4,20,"US","Cinnamomum camphora"
1304452579,"Cinnamomum camphora",-90.10083,30.47528,1920,4,20,"US","Cinnamomum camphora"
439357989,"Cinnamomum camphora",-90.10525,30.46744,1920,6,30,"US","Cinnamomum camphora"
1929965197,"Cinnamomum camphora",-122.435949,37.770247,1919,NA,NA,"US","Cinnamomum camphora"
438358631,"Cinnamomum camphora",-96.64609,28.9786,1915,7,3,"US","Cinnamomum camphora"
1304439172,"Cinnamomum camphora",-81.622786,30.506613,NA,NA,NA,"US","Cinnamomum camphora"
1304439178,"Cinnamomum camphora",-83.602581,30.047704,NA,NA,NA,"US","Cinnamomum camphora"
1304439184,"Cinnamomum camphora",-84.883083,30.241138,NA,NA,NA,"US","Cinnamomum camphora"
1304439191,"Cinnamomum camphora",-84.799665,29.890147,NA,NA,NA,"US","Cinnamomum camphora"
1304439195,"Cinnamomum camphora",-82.41938,28.551974,NA,NA,NA,"US","Cinnamomum camphora"
1304439199,"Cinnamomum camphora",-82.845234,28.170503,NA,NA,NA,"US","Cinnamomum camphora"
1304439206,"Cinnamomum camphora",-84.799665,29.890147,NA,NA,NA,"US","Cinnamomum camphora"
1304439212,"Cinnamomum camphora",-84.799665,29.890147,NA,NA,NA,"US","Cinnamomum camphora"
1304439213,"Cinnamomum camphora",-84.28853,30.43353,NA,NA,NA,"US","Cinnamomum camphora"
1304439215,"Cinnamomum camphora",-84.883083,30.241138,NA,NA,NA,"US","Cinnamomum camphora"
1304439216,"Cinnamomum camphora",-84.27767,30.45846,NA,NA,NA,"US","Cinnamomum camphora"
1304439217,"Cinnamomum camphora",-84.799665,29.890147,NA,NA,NA,"US","Cinnamomum camphora"
1304439218,"Cinnamomum camphora",-84.27767,30.45846,NA,NA,NA,"US","Cinnamomum camphora"
1304439219,"Cinnamomum camphora",-84.27767,30.45846,NA,NA,NA,"US","Cinnamomum camphora"
1304439226,"Cinnamomum camphora",-84.25878,30.11021,NA,NA,NA,"US","Cinnamomum camphora"
1304439231,"Cinnamomum camphora",-84.27767,30.45846,NA,NA,NA,"US","Cinnamomum camphora"
1304439233,"Cinnamomum camphora",-84.38846,30.04014,NA,NA,NA,"US","Cinnamomum camphora"
1304439234,"Cinnamomum camphora",-84.30008,30.36627,NA,NA,NA,"US","Cinnamomum camphora"
1304439240,"Cinnamomum camphora",-84.403944,30.170565,NA,NA,NA,"US","Cinnamomum camphora"
1304439241,"Cinnamomum camphora",-84.27767,30.45846,NA,NA,NA,"US","Cinnamomum camphora"
1304439247,"Cinnamomum camphora",-85.26152,30.60263,NA,NA,NA,"US","Cinnamomum camphora"
1304439249,"Cinnamomum camphora",-85.041219,30.424588,NA,NA,NA,"US","Cinnamomum camphora"
1304439258,"Cinnamomum camphora",-84.27767,30.45846,NA,NA,NA,"US","Cinnamomum camphora"
1304439260,"Cinnamomum camphora",-82.278654,28.412073,NA,NA,NA,"US","Cinnamomum camphora"
1304451843,"Cinnamomum camphora",-117.199,32.7625,NA,NA,NA,"US","Cinnamomum camphora"
1304451854,"Cinnamomum camphora",-117.006,33.0164,NA,NA,NA,"US","Cinnamomum camphora"
1928166830,"Cinnamomum camphora",-85.0792,30.0531,NA,NA,NA,"US","Cinnamomum camphora"
1930483173,"Cinnamomum camphora",-82.160669,30.275791,NA,NA,NA,"US","Cinnamomum camphora"
2859150706,"Cinnamomum camphora",-81.801749,27.752253,NA,NA,NA,"US","Cinnamomum camphora"
