"gbifID","species","longitude","latitude","year","month","day","countryCode","accepted_name"
3759220592,"Conioselinum chinense",-65.021408,47.65262,2021,6,18,"CA","Conioselinum chinense"
3743294387,"Conioselinum chinense",-57.327503,50.680417,2021,8,10,"CA","Conioselinum chinense"
3759099652,"Conioselinum chinense",-66.173667,48.92863,2021,8,14,"CA","Conioselinum chinense"
2826123653,"Conioselinum chinense",-63.401987,50.201367,2020,7,5,"CA","Conioselinum chinense"
2826371657,"Conioselinum chinense",-63.402122,50.201245,2020,7,5,"CA","Conioselinum chinense"
2826405658,"Conioselinum chinense",-63.402192,50.201905,2020,7,5,"CA","Conioselinum chinense"
2826419677,"Conioselinum chinense",-63.401987,50.201242,2020,7,5,"CA","Conioselinum chinense"
2850608086,"Conioselinum chinense",-57.960139,49.469557,2020,7,29,"CA","Conioselinum chinense"
3067682172,"Conioselinum chinense",-56.741898,51.292656,2020,8,15,"CA","Conioselinum chinense"
3067782058,"Conioselinum chinense",-52.947147,46.932434,2020,8,1,"CA","Conioselinum chinense"
3067921092,"Conioselinum chinense",-57.409939,50.699192,2020,8,11,"CA","Conioselinum chinense"
3067946118,"Conioselinum chinense",-55.902832,51.628952,2020,8,15,"CA","Conioselinum chinense"
3079640967,"Conioselinum chinense",-57.960456,49.460161,2020,8,13,"CA","Conioselinum chinense"
3079671939,"Conioselinum chinense",-58.080567,49.492621,2020,8,16,"CA","Conioselinum chinense"
3079765940,"Conioselinum chinense",-53.391093,48.403396,2020,8,20,"CA","Conioselinum chinense"
2445095415,"Conioselinum chinense",-80.498324,43.2562,2019,6,30,"CA","Conioselinum chinense"
2859950327,"Conioselinum chinense",-56.376391,50.80119,2019,6,21,"CA","Conioselinum chinense"
2549978523,"Conioselinum chinense",-70.917663,48.453153,2019,7,24,"CA","Conioselinum chinense"
2549979184,"Conioselinum chinense",-70.917458,48.453072,2019,7,31,"CA","Conioselinum chinense"
3079736655,"Conioselinum chinense",-57.975767,49.448545,2019,7,30,"CA","Conioselinum chinense"
2350347202,"Conioselinum chinense",-70.917639,48.453173,2019,8,9,"CA","Conioselinum chinense"
2575019747,"Conioselinum chinense",-57.522847,50.386097,2019,8,18,"CA","Conioselinum chinense"
2575020329,"Conioselinum chinense",-58.231503,49.06022,2019,8,18,"CA","Conioselinum chinense"
2633537299,"Conioselinum chinense",-58.232,49.06,2019,8,18,"CA","Conioselinum chinense"
2641354415,"Conioselinum chinense",-58.410989,49.115549,2019,8,18,"CA","Conioselinum chinense"
2818754351,"Conioselinum chinense",-70.917472,48.45308,2019,8,16,"CA","Conioselinum chinense"
2826131371,"Conioselinum chinense",-55.730613,51.557758,2019,8,19,"CA","Conioselinum chinense"
2826369370,"Conioselinum chinense",-56.739728,51.289532,2019,8,19,"CA","Conioselinum chinense"
2859934367,"Conioselinum chinense",-58.410989,49.115549,2019,8,18,"CA","Conioselinum chinense"
2860114341,"Conioselinum chinense",-58.231138,49.060066,2019,8,18,"CA","Conioselinum chinense"
2540740727,"Conioselinum chinense",-71.420028,46.006583,2019,9,28,"CA","Conioselinum chinense"
1920788047,"Conioselinum chinense",-66.881478,47.426205,2018,7,31,"CA","Conioselinum chinense"
2574202846,"Conioselinum chinense",-67.781231,47.059985,2018,7,31,"CA","Conioselinum chinense"
3743322415,"Conioselinum chinense",-80.278245,43.280883,2018,8,27,"CA","Conioselinum chinense"
1500297784,"Conioselinum chinense",-81.41674,42.901421,2017,4,22,"CA","Conioselinum chinense"
1640103193,"Conioselinum chinense",-80.424376,43.365897,2017,9,6,"CA","Conioselinum chinense"
1640103216,"Conioselinum chinense",-80.326414,43.34278,2017,9,6,"CA","Conioselinum chinense"
1640103225,"Conioselinum chinense",-80.473952,43.296297,2017,9,6,"CA","Conioselinum chinense"
1453297753,"Conioselinum chinense",-80.332521,43.31576,2015,6,17,"CA","Conioselinum chinense"
3079769528,"Conioselinum chinense",-53.330633,48.371485,2015,8,29,"CA","Conioselinum chinense"
1807264106,"Conioselinum chinense",-60.917468,46.71929,2014,8,27,"CA","Conioselinum chinense"
3764131170,"Conioselinum chinense",-69.698389,48.146776,2014,8,1,"CA","Conioselinum chinense"
2818572314,"Conioselinum chinense",-64.393864,45.631638,2011,7,8,"CA","Conioselinum chinense"
3032074447,"Conioselinum chinense",-58.450465,48.881833,2010,6,13,"CA","Conioselinum chinense"
1978759579,"Conioselinum chinense",-66.736389,50.044722,2010,9,20,"CA","Conioselinum chinense"
3031690481,"Conioselinum chinense",-58.476409,48.781975,2009,8,31,"CA","Conioselinum chinense"
3031711482,"Conioselinum chinense",-58.476357,48.780547,2009,8,31,"CA","Conioselinum chinense"
3031738527,"Conioselinum chinense",-58.481592,48.80361,2009,8,31,"CA","Conioselinum chinense"
3031756508,"Conioselinum chinense",-58.481389,48.762188,2009,8,29,"CA","Conioselinum chinense"
3031887465,"Conioselinum chinense",-58.476357,48.780547,2009,8,31,"CA","Conioselinum chinense"
3031976552,"Conioselinum chinense",-58.490288,48.781444,2009,8,30,"CA","Conioselinum chinense"
3032005687,"Conioselinum chinense",-58.495798,48.795318,2009,8,31,"CA","Conioselinum chinense"
3032079477,"Conioselinum chinense",-58.477952,48.790362,2009,8,31,"CA","Conioselinum chinense"
3032095555,"Conioselinum chinense",-58.495614,48.79491,2009,8,31,"CA","Conioselinum chinense"
3031825584,"Conioselinum chinense",-58.490075,48.780908,2009,9,1,"CA","Conioselinum chinense"
3031896793,"Conioselinum chinense",-56.932071,50.822684,2009,9,3,"CA","Conioselinum chinense"
3032169772,"Conioselinum chinense",-56.932298,50.824118,2009,9,3,"CA","Conioselinum chinense"
668743979,"Conioselinum chinense",-62.813889,50.280556,2007,8,23,"CA","Conioselinum chinense"
668743981,"Conioselinum chinense",-64.176368,48.49872,2007,8,27,"CA","Conioselinum chinense"
614607233,"Conioselinum chinense",-65.99972,48.9804099990661,2006,7,12,"CA","Conioselinum chinense"
1978753287,"Conioselinum chinense",-65.954167,50.306389,2006,7,4,"CA","Conioselinum chinense"
1978753341,"Conioselinum chinense",-65.952778,50.296389,2006,7,3,"CA","Conioselinum chinense"
1248692895,"Conioselinum chinense",-57.156944,51.419167,2006,8,1,"CA","Conioselinum chinense"
1248692920,"Conioselinum chinense",-57.162222,51.423889,2006,8,2,"CA","Conioselinum chinense"
3079579993,"Conioselinum chinense",-55.622594,51.442475,2005,8,19,"CA","Conioselinum chinense"
1978754930,"Conioselinum chinense",-63.259444,50.386667,2004,6,30,"CA","Conioselinum chinense"
1978755130,"Conioselinum chinense",-63.210278,50.273611,2004,6,30,"CA","Conioselinum chinense"
473309058,"Conioselinum chinense",-56.799167,51.558611,2004,7,6,"CA","Conioselinum chinense"
473309190,"Conioselinum chinense",-56.873889,51.4975,2004,7,2,"CA","Conioselinum chinense"
473311562,"Conioselinum chinense",-56.9475,51.453611,2004,7,26,"CA","Conioselinum chinense"
1978754263,"Conioselinum chinense",-63.291944,50.282778,2004,7,3,"CA","Conioselinum chinense"
1978754694,"Conioselinum chinense",-63.378056,50.328611,2004,7,8,"CA","Conioselinum chinense"
1978754736,"Conioselinum chinense",-63.696944,50.257778,2004,7,3,"CA","Conioselinum chinense"
1978754832,"Conioselinum chinense",-63.603889,50.281111,2004,7,1,"CA","Conioselinum chinense"
1978755172,"Conioselinum chinense",-63.603889,50.281111,2004,7,1,"CA","Conioselinum chinense"
473310709,"Conioselinum chinense",-56.916944,51.5825,2004,8,9,"CA","Conioselinum chinense"
473311127,"Conioselinum chinense",-55.366111,51.966111,2004,8,17,"CA","Conioselinum chinense"
1248692919,"Conioselinum chinense",-57.199444,51.414444,2004,8,5,"CA","Conioselinum chinense"
1248692925,"Conioselinum chinense",-57.187778,51.379722,2004,8,6,"CA","Conioselinum chinense"
1248692960,"Conioselinum chinense",-57.117778,51.422778,2004,8,4,"CA","Conioselinum chinense"
1978754610,"Conioselinum chinense",-63.6325,50.310278,2004,8,25,"CA","Conioselinum chinense"
1978754691,"Conioselinum chinense",-63.196111,50.653611,2004,8,31,"CA","Conioselinum chinense"
1978754928,"Conioselinum chinense",-63.601111,50.281667,2004,8,14,"CA","Conioselinum chinense"
1054799337,"Conioselinum chinense",-63.016667,49.333333,1999,7,20,"CA","Conioselinum chinense"
668743961,"Conioselinum chinense",-70.88,48.575,1996,8,23,"CA","Conioselinum chinense"
1804399268,"Conioselinum chinense",-53.6906,48.6135999990645,1996,8,8,"CA","Conioselinum chinense"
1804473807,"Conioselinum chinense",-53.0833,48.6999999990648,1996,8,10,"CA","Conioselinum chinense"
1054799728,"Conioselinum chinense",-69.183333,48.083333,1996,9,19,"CA","Conioselinum chinense"
1054799283,"Conioselinum chinense",-65.618611,49.233333,1995,6,29,"CA","Conioselinum chinense"
668743962,"Conioselinum chinense",-68.583333,48.45,1995,8,18,"CA","Conioselinum chinense"
668743978,"Conioselinum chinense",-68.583333,48.446111,1995,8,9,"CA","Conioselinum chinense"
668743960,"Conioselinum chinense",-57.123611,51.454167,1994,8,4,"CA","Conioselinum chinense"
668743964,"Conioselinum chinense",-57.139722,51.390833,1994,8,12,"CA","Conioselinum chinense"
668743965,"Conioselinum chinense",-57.128333,51.454444,1994,8,4,"CA","Conioselinum chinense"
668743966,"Conioselinum chinense",-57.1325,51.426389,1994,8,11,"CA","Conioselinum chinense"
668743967,"Conioselinum chinense",-57.139722,51.390833,1994,8,3,"CA","Conioselinum chinense"
668743968,"Conioselinum chinense",-57.139722,51.390833,1994,8,3,"CA","Conioselinum chinense"
668743969,"Conioselinum chinense",-57.2,51.45,1994,8,18,"CA","Conioselinum chinense"
1054799305,"Conioselinum chinense",-66.633333,48.883333,1992,7,29,"CA","Conioselinum chinense"
668744024,"Conioselinum chinense",-66.863056,50.023333,1991,8,16,"CA","Conioselinum chinense"
668743959,"Conioselinum chinense",-71.6125,46.7375,1990,7,3,"CA","Conioselinum chinense"
1262021123,"Conioselinum chinense",-72.116667,48.466667,1990,7,15,"CA","Conioselinum chinense"
473437690,"Conioselinum chinense",-70.638889,48.672222,1990,8,22,"CA","Conioselinum chinense"
1262021247,"Conioselinum chinense",-63.466667,50.216667,1990,8,16,"CA","Conioselinum chinense"
1262021779,"Conioselinum chinense",-63.35,50.216667,1990,8,15,"CA","Conioselinum chinense"
668743958,"Conioselinum chinense",-64.2375,48.533333,1989,8,8,"CA","Conioselinum chinense"
473437692,"Conioselinum chinense",-63.399802,49.39633,1988,7,20,"CA","Conioselinum chinense"
1804386125,"Conioselinum chinense",-67.1125,47.5208,1988,8,12,"CA","Conioselinum chinense"
1804575465,"Conioselinum chinense",-67.6917,46.8467,1988,8,21,"CA","Conioselinum chinense"
668743976,"Conioselinum chinense",-71.195833,48.654167,1988,9,21,"CA","Conioselinum chinense"
675234341,"Conioselinum chinense",-66.16972,44.42111,1984,8,15,"CA","Conioselinum chinense"
668743991,"Conioselinum chinense",-63.863611,50.295556,1981,7,7,"CA","Conioselinum chinense"
668744025,"Conioselinum chinense",-63.888056,50.850278,1981,7,31,"CA","Conioselinum chinense"
668744009,"Conioselinum chinense",-63.558056,50.209444,1980,7,15,"CA","Conioselinum chinense"
668744010,"Conioselinum chinense",-63.558056,50.209444,1980,7,13,"CA","Conioselinum chinense"
668744011,"Conioselinum chinense",-63.558056,50.209444,1980,7,14,"CA","Conioselinum chinense"
668744012,"Conioselinum chinense",-63.558056,50.209444,1980,7,16,"CA","Conioselinum chinense"
668744013,"Conioselinum chinense",-63.558056,50.209444,1980,7,10,"CA","Conioselinum chinense"
668744022,"Conioselinum chinense",-63.681944,50.230556,1980,8,20,"CA","Conioselinum chinense"
668744023,"Conioselinum chinense",-63.681944,50.230556,1980,8,20,"CA","Conioselinum chinense"
668744008,"Conioselinum chinense",-59.583333,50.5,1979,7,21,"CA","Conioselinum chinense"
668744014,"Conioselinum chinense",-63.558056,50.209444,1979,7,21,"CA","Conioselinum chinense"
668744019,"Conioselinum chinense",-63.816944,50.2125,1979,7,17,"CA","Conioselinum chinense"
1248692891,"Conioselinum chinense",-57.033333,51.633333,1979,8,11,"CA","Conioselinum chinense"
1248692930,"Conioselinum chinense",-56.947778,51.491667,1979,8,21,"CA","Conioselinum chinense"
1804577734,"Conioselinum chinense",-66.1333,47.4,1978,6,28,"CA","Conioselinum chinense"
668743983,"Conioselinum chinense",-68.385278,49.102222,1978,8,12,"CA","Conioselinum chinense"
473526967,"Conioselinum chinense",-70.477778,47.893056,1977,7,23,"CA","Conioselinum chinense"
668744001,"Conioselinum chinense",-63.749167,50.211944,1977,8,22,"CA","Conioselinum chinense"
1804496462,"Conioselinum chinense",-56.1167,50.1167,1977,8,6,"CA","Conioselinum chinense"
1804539124,"Conioselinum chinense",-54.75,49.4667,1977,8,13,"CA","Conioselinum chinense"
1262001056,"Conioselinum chinense",-73.516944,45.671667,1976,5,30,"CA","Conioselinum chinense"
668743986,"Conioselinum chinense",-63.548611,50.220278,1976,7,29,"CA","Conioselinum chinense"
668743987,"Conioselinum chinense",-63.548611,50.220278,1976,7,19,"CA","Conioselinum chinense"
668743989,"Conioselinum chinense",-63.548611,50.220278,1976,7,21,"CA","Conioselinum chinense"
668743990,"Conioselinum chinense",-63.548611,50.220278,1976,7,13,"CA","Conioselinum chinense"
668743992,"Conioselinum chinense",-63.466667,50.241667,1976,7,16,"CA","Conioselinum chinense"
668743993,"Conioselinum chinense",-64.501389,50.305556,1976,7,25,"CA","Conioselinum chinense"
668743999,"Conioselinum chinense",-63.548611,50.220278,1976,7,3,"CA","Conioselinum chinense"
668744000,"Conioselinum chinense",-63.548611,50.220278,1976,7,3,"CA","Conioselinum chinense"
668744006,"Conioselinum chinense",-63.548611,50.220278,1976,7,1,"CA","Conioselinum chinense"
668744016,"Conioselinum chinense",-63.548611,50.220278,1976,7,19,"CA","Conioselinum chinense"
668744017,"Conioselinum chinense",-63.548611,50.220278,1976,7,3,"CA","Conioselinum chinense"
668744018,"Conioselinum chinense",-63.548611,50.220278,1976,7,13,"CA","Conioselinum chinense"
668743956,"Conioselinum chinense",-69.25,48.142222,1976,8,11,"CA","Conioselinum chinense"
668743988,"Conioselinum chinense",-63.548611,50.220278,1976,8,6,"CA","Conioselinum chinense"
1262001640,"Conioselinum chinense",-69.260301,48.136006,1976,8,11,"CA","Conioselinum chinense"
1261998708,"Conioselinum chinense",-65.744,48.23599,1975,7,16,"CA","Conioselinum chinense"
1261998725,"Conioselinum chinense",-65.744,48.23599,1975,7,24,"CA","Conioselinum chinense"
2827054874,"Conioselinum chinense",-53.960352,48.549471,1975,7,29,"CA","Conioselinum chinense"
2827055553,"Conioselinum chinense",-53.98152,48.626661,1975,8,27,"CA","Conioselinum chinense"
2827057629,"Conioselinum chinense",-53.98152,48.626661,1975,8,27,"CA","Conioselinum chinense"
2827059736,"Conioselinum chinense",-53.908864,48.565759,1975,8,7,"CA","Conioselinum chinense"
473241210,"Conioselinum chinense",-57.616667,50.2,1974,7,31,"CA","Conioselinum chinense"
473527040,"Conioselinum chinense",-65.516667,50.3,1974,8,13,"CA","Conioselinum chinense"
473527042,"Conioselinum chinense",-65.5422,50.2719,1974,8,5,"CA","Conioselinum chinense"
2827057085,"Conioselinum chinense",-58.045158,48.996536,1974,8,NA,"CA","Conioselinum chinense"
2827057807,"Conioselinum chinense",-55.5317,51.600065,1974,8,NA,"CA","Conioselinum chinense"
473240423,"Conioselinum chinense",-57.783333,49.466667,1973,7,1,"CA","Conioselinum chinense"
473579595,"Conioselinum chinense",-57.775,49.708333,1973,7,25,"CA","Conioselinum chinense"
473579591,"Conioselinum chinense",-57.95,49.633333,1972,7,21,"CA","Conioselinum chinense"
1248692921,"Conioselinum chinense",-64.416667,48.866667,1972,8,10,"CA","Conioselinum chinense"
1261992968,"Conioselinum chinense",-65.988061,48.204593,1972,8,7,"CA","Conioselinum chinense"
2827059527,"Conioselinum chinense",-57.682807,49.386206,1972,9,4,"CA","Conioselinum chinense"
668744015,"Conioselinum chinense",-63.558056,50.209444,1971,9,9,"CA","Conioselinum chinense"
668743982,"Conioselinum chinense",-64.529167,48.455,1970,8,20,"CA","Conioselinum chinense"
1262003225,"Conioselinum chinense",-72.167269,48.438135,1969,6,17,"CA","Conioselinum chinense"
1261973434,"Conioselinum chinense",-71.20501,48.650762,1969,8,5,"CA","Conioselinum chinense"
1261973464,"Conioselinum chinense",-71.066667,48.45,1969,8,7,"CA","Conioselinum chinense"
2859135109,"Conioselinum chinense",-78.557189,52.583247,1968,6,14,"CA","Conioselinum chinense"
2859139091,"Conioselinum chinense",-60.460884,46.998987,1968,6,24,"CA","Conioselinum chinense"
1261993454,"Conioselinum chinense",-68.7,48.366667,1968,8,14,"CA","Conioselinum chinense"
473537819,"Conioselinum chinense",-67.078907,47.439427,1967,8,24,"CA","Conioselinum chinense"
668743998,"Conioselinum chinense",-68.758611,48.901389,1967,8,30,"CA","Conioselinum chinense"
1261968970,"Conioselinum chinense",-68.790597,48.87824,1967,8,30,"CA","Conioselinum chinense"
1261969313,"Conioselinum chinense",-66.704829,50.105637,1967,8,9,"CA","Conioselinum chinense"
1261988423,"Conioselinum chinense",-67.367,49.325,1967,8,8,"CA","Conioselinum chinense"
473537813,"Conioselinum chinense",-66.61318,47.266114,1966,7,15,"CA","Conioselinum chinense"
1261979563,"Conioselinum chinense",-65.9425,48.990556,1966,7,18,"CA","Conioselinum chinense"
1261964475,"Conioselinum chinense",-70.906211,48.444699,1965,8,10,"CA","Conioselinum chinense"
1261966426,"Conioselinum chinense",-71.332,46.038,1965,8,26,"CA","Conioselinum chinense"
1261966428,"Conioselinum chinense",-71.366667,45.966667,1965,8,11,"CA","Conioselinum chinense"
473526933,"Conioselinum chinense",-64.1747,48.4918,1964,6,26,"CA","Conioselinum chinense"
473526935,"Conioselinum chinense",-64.162,48.4897,1964,6,29,"CA","Conioselinum chinense"
1261988605,"Conioselinum chinense",-69.222,47.683,1964,7,31,"CA","Conioselinum chinense"
1261965839,"Conioselinum chinense",-69.93354,48.291522,1964,8,10,"CA","Conioselinum chinense"
1261966062,"Conioselinum chinense",-69.931695,48.288152,1964,8,11,"CA","Conioselinum chinense"
1261988575,"Conioselinum chinense",-70.02,46.733,1964,8,11,"CA","Conioselinum chinense"
1261988626,"Conioselinum chinense",-70.02,46.733,1964,8,11,"CA","Conioselinum chinense"
465936285,"Conioselinum chinense",-69.25,48.133333,1964,9,2,"CA","Conioselinum chinense"
1261967711,"Conioselinum chinense",-69.25,48.133333,1964,9,2,"CA","Conioselinum chinense"
473526931,"Conioselinum chinense",-64.1758,48.4968,1963,8,7,"CA","Conioselinum chinense"
1261988618,"Conioselinum chinense",-68.786,47.628,1963,9,6,"CA","Conioselinum chinense"
668743963,"Conioselinum chinense",-66.645833,48.893889,1962,8,22,"CA","Conioselinum chinense"
668744003,"Conioselinum chinense",-63.681944,50.230556,1962,8,28,"CA","Conioselinum chinense"
668744020,"Conioselinum chinense",-63.624722,50.221667,1962,8,28,"CA","Conioselinum chinense"
668744021,"Conioselinum chinense",-63.681944,50.230556,1962,8,28,"CA","Conioselinum chinense"
1261962686,"Conioselinum chinense",-71.44,49.655,1962,8,4,"CA","Conioselinum chinense"
668743953,"Conioselinum chinense",-63.593611,49.476111,1961,6,14,"CA","Conioselinum chinense"
1261961339,"Conioselinum chinense",-64.230278,48.534444,1961,8,31,"CA","Conioselinum chinense"
1261988594,"Conioselinum chinense",-68.75,47.65,1961,8,15,"CA","Conioselinum chinense"
1261988628,"Conioselinum chinense",-68.75,47.65,1961,8,15,"CA","Conioselinum chinense"
1262032130,"Conioselinum chinense",-68.792528,48.882134,1961,8,16,"CA","Conioselinum chinense"
668743984,"Conioselinum chinense",-62.216389,50.241389,1960,7,30,"CA","Conioselinum chinense"
668743985,"Conioselinum chinense",-62.497778,50.692222,1960,7,22,"CA","Conioselinum chinense"
668743994,"Conioselinum chinense",-62.497778,50.692222,1960,7,22,"CA","Conioselinum chinense"
668744004,"Conioselinum chinense",-63.624722,50.221667,1960,8,12,"CA","Conioselinum chinense"
668744005,"Conioselinum chinense",-63.624722,50.221667,1960,8,12,"CA","Conioselinum chinense"
1261975981,"Conioselinum chinense",-65.483333,48.05,1960,8,8,"CA","Conioselinum chinense"
1261957508,"Conioselinum chinense",-70.2,48.233333,1959,8,11,"CA","Conioselinum chinense"
1261963157,"Conioselinum chinense",-70.066667,48.216667,1959,8,15,"CA","Conioselinum chinense"
1261956559,"Conioselinum chinense",-71.199286,48.65236,1958,7,28,"CA","Conioselinum chinense"
1248692894,"Conioselinum chinense",-79.533333,51.55,1958,8,15,"CA","Conioselinum chinense"
1248692909,"Conioselinum chinense",-79.533333,51.55,1958,8,15,"CA","Conioselinum chinense"
1261964995,"Conioselinum chinense",-66.195556,48.921389,1958,8,27,"CA","Conioselinum chinense"
1261973021,"Conioselinum chinense",-66.160278,48.909167,1958,8,28,"CA","Conioselinum chinense"
1261964966,"Conioselinum chinense",-66.195556,48.921389,1957,8,19,"CA","Conioselinum chinense"
1261988611,"Conioselinum chinense",-70.783333,46.2,1957,8,8,"CA","Conioselinum chinense"
2859152101,"Conioselinum chinense",-67.914248,48.58302,1955,6,12,"CA","Conioselinum chinense"
2859154097,"Conioselinum chinense",-63.919183,46.433321,1955,6,18,"CA","Conioselinum chinense"
2859396065,"Conioselinum chinense",-63.797729,44.843562,1955,6,20,"CA","Conioselinum chinense"
1261993591,"Conioselinum chinense",-70.927162,45.686888,1954,8,27,"CA","Conioselinum chinense"
465936283,"Conioselinum chinense",-64.185806,46.920355,1953,7,30,"CA","Conioselinum chinense"
1261951571,"Conioselinum chinense",-70.957707,45.776194,1953,8,12,"CA","Conioselinum chinense"
1261988630,"Conioselinum chinense",-70.85899,45.588,1953,8,8,"CA","Conioselinum chinense"
1261988633,"Conioselinum chinense",-71.09,45.4,1953,8,11,"CA","Conioselinum chinense"
1261988639,"Conioselinum chinense",-70.946944,45.551667,1953,8,6,"CA","Conioselinum chinense"
1261988648,"Conioselinum chinense",-70.946944,45.551667,1953,8,6,"CA","Conioselinum chinense"
1261988615,"Conioselinum chinense",-70.545833,46.254444,1952,7,31,"CA","Conioselinum chinense"
1261952126,"Conioselinum chinense",-68.006599,48.671167,1952,8,2,"CA","Conioselinum chinense"
473527095,"Conioselinum chinense",-71.36528,46.04722,1951,7,16,"CA","Conioselinum chinense"
1262000696,"Conioselinum chinense",-70.27,46.37,1951,8,10,"CA","Conioselinum chinense"
1262000892,"Conioselinum chinense",-70.27,46.37,1951,8,10,"CA","Conioselinum chinense"
1262001087,"Conioselinum chinense",-70.27,46.37,1951,8,10,"CA","Conioselinum chinense"
473526921,"Conioselinum chinense",-69.5107,47.9103,1951,9,13,"CA","Conioselinum chinense"
1261949776,"Conioselinum chinense",-71.639687,48.580347,1950,8,28,"CA","Conioselinum chinense"
1978752356,"Conioselinum chinense",-67.45,48.866667,1948,8,30,"CA","Conioselinum chinense"
473527024,"Conioselinum chinense",-65.6525,49.2451,1947,8,27,"CA","Conioselinum chinense"
1978752290,"Conioselinum chinense",-65.483333,48.05,1947,8,29,"CA","Conioselinum chinense"
668743997,"Conioselinum chinense",-67.302222,49.421944,1946,8,7,"CA","Conioselinum chinense"
473526975,"Conioselinum chinense",-65.4615,48.0483,1942,8,6,"CA","Conioselinum chinense"
1261949038,"Conioselinum chinense",-64.972222,48.18,1940,6,12,"CA","Conioselinum chinense"
1261947773,"Conioselinum chinense",-66.195556,48.921389,1939,8,20,"CA","Conioselinum chinense"
1248692874,"Conioselinum chinense",-56.365,53.782778,1938,7,21,"CA","Conioselinum chinense"
668743954,"Conioselinum chinense",-68.566667,48.466667,1938,8,27,"CA","Conioselinum chinense"
1978752369,"Conioselinum chinense",-64.549444,48.888333,1938,8,31,"CA","Conioselinum chinense"
473527006,"Conioselinum chinense",-65.6525,49.2451,1938,9,15,"CA","Conioselinum chinense"
1978752331,"Conioselinum chinense",-64.222222,48.813889,1938,9,3,"CA","Conioselinum chinense"
1978752506,"Conioselinum chinense",-64.222222,48.813889,1938,9,3,"CA","Conioselinum chinense"
1248692892,"Conioselinum chinense",-56.407778,53.809722,1937,8,5,"CA","Conioselinum chinense"
1248692903,"Conioselinum chinense",-56.407778,53.809722,1937,8,5,"CA","Conioselinum chinense"
473526990,"Conioselinum chinense",-69.8755,47.5604,1936,7,31,"CA","Conioselinum chinense"
473526939,"Conioselinum chinense",-69.5107,47.9103,1935,8,14,"CA","Conioselinum chinense"
473527132,"Conioselinum chinense",-69.25,48.1422,1930,8,21,"CA","Conioselinum chinense"
465936280,"Conioselinum chinense",-67.924614,47.163316,1927,8,23,"CA","Conioselinum chinense"
668743957,"Conioselinum chinense",-66.195556,48.921389,1927,8,18,"CA","Conioselinum chinense"
668743996,"Conioselinum chinense",-63.158056,50.249167,1925,8,11,"CA","Conioselinum chinense"
668744027,"Conioselinum chinense",-63.158056,50.249167,1925,8,11,"CA","Conioselinum chinense"
473527126,"Conioselinum chinense",-62.0847,50.2222,1924,7,24,"CA","Conioselinum chinense"
668744026,"Conioselinum chinense",-62.083889,50.219444,1924,7,24,"CA","Conioselinum chinense"
668744028,"Conioselinum chinense",-63.624722,50.221667,1924,7,31,"CA","Conioselinum chinense"
438091314,"Conioselinum chinense",-71.59266,46.14444,1920,8,9,"CA","Conioselinum chinense"
2250593233,"Conioselinum chinense",-80.1678,43.5372,1919,2,26,"CA","Conioselinum chinense"
3348835055,"Conioselinum chinense",-80.169998,43.540001,1919,2,26,"CA","Conioselinum chinense"
473527112,"Conioselinum chinense",-64.489208,49.889472,1917,8,NA,"CA","Conioselinum chinense"
415955444,"Conioselinum chinense",-55.58333,52.26666,1911,8,8,"CA","Conioselinum chinense"
465936286,"Conioselinum chinense",-67.740055,46.439347,1910,7,27,"CA","Conioselinum chinense"
465936288,"Conioselinum chinense",-67.740055,46.439347,1910,7,27,"CA","Conioselinum chinense"
465936290,"Conioselinum chinense",-67.740055,46.439347,1910,7,27,"CA","Conioselinum chinense"
2859137213,"Conioselinum chinense",-68.7,48.366667,1910,7,24,"CA","Conioselinum chinense"
2250592727,"Conioselinum chinense",-80.3153,43.345,1908,7,5,"CA","Conioselinum chinense"
3348861079,"Conioselinum chinense",-80.32,43.34,1908,7,5,"CA","Conioselinum chinense"
415955439,"Conioselinum chinense",-59.1325,47.58055,1908,8,15,"CA","Conioselinum chinense"
415955571,"Conioselinum chinense",-63.06666,58.78333,1908,8,6,"CA","Conioselinum chinense"
2250592934,"Conioselinum chinense",-80.1678,43.5372,1900,11,16,"CA","Conioselinum chinense"
3351312357,"Conioselinum chinense",-80.169998,43.540001,1900,11,16,"CA","Conioselinum chinense"
2859160346,"Conioselinum chinense",-80.592965,51.262486,NA,NA,NA,"CA","Conioselinum chinense"
2859162336,"Conioselinum chinense",-80.65,51.266667,NA,NA,NA,"CA","Conioselinum chinense"
3124708418,"Conioselinum chinense",-73.287478,42.3326,2021,5,24,"US","Conioselinum chinense"
3333261405,"Conioselinum chinense",-73.048234,42.413089,2021,5,7,"US","Conioselinum chinense"
3333153445,"Conioselinum chinense",-75.790848,42.896654,2021,6,16,"US","Conioselinum chinense"
3398720876,"Conioselinum chinense",-149.580458,60.991553,2021,8,29,"US","Conioselinum chinense"
3398728854,"Conioselinum chinense",-149.571288,61.004642,2021,8,29,"US","Conioselinum chinense"
2860148401,"Conioselinum chinense",-75.81253,42.895498,2020,6,13,"US","Conioselinum chinense"
2860171442,"Conioselinum chinense",-75.625765,42.705991,2020,7,6,"US","Conioselinum chinense"
2999160573,"Conioselinum chinense",-149.697936,61.141892,2020,8,13,"US","Conioselinum chinense"
2999161585,"Conioselinum chinense",-149.697936,61.141892,2020,8,13,"US","Conioselinum chinense"
2999163588,"Conioselinum chinense",-149.700342,61.142517,2020,8,4,"US","Conioselinum chinense"
2999171606,"Conioselinum chinense",-149.697936,61.141892,2020,8,13,"US","Conioselinum chinense"
3302381467,"Conioselinum chinense",-73.104173,42.204423,2020,8,28,"US","Conioselinum chinense"
2864703024,"Conioselinum chinense",-75.832877,42.802715,2020,9,16,"US","Conioselinum chinense"
3079680999,"Conioselinum chinense",-73.012957,42.285241,2020,10,20,"US","Conioselinum chinense"
2429516221,"Conioselinum chinense",-86.045074,42.611488,2019,9,1,"US","Conioselinum chinense"
1913660894,"Conioselinum chinense",-86.051431,42.611288,2018,8,18,"US","Conioselinum chinense"
1933546744,"Conioselinum chinense",-86.13742,42.715704,2018,8,18,"US","Conioselinum chinense"
2579305803,"Conioselinum chinense",-76.085783,42.881831,2016,7,4,"US","Conioselinum chinense"
1928735740,"Conioselinum chinense",-73.5995,41.17578,2015,7,11,"US","Conioselinum chinense"
1988819799,"Conioselinum chinense",-86.054028,42.612139,2015,9,22,"US","Conioselinum chinense"
1212015294,"Conioselinum chinense",-72.33919,41.67572,2014,6,3,"US","Conioselinum chinense"
1929848495,"Conioselinum chinense",-73.5856,41.1806,2014,7,15,"US","Conioselinum chinense"
1930804826,"Conioselinum chinense",-73.59978,41.17597,2013,6,10,"US","Conioselinum chinense"
1989460402,"Conioselinum chinense",-83.6625,42.2911,2011,9,19,"US","Conioselinum chinense"
2573904182,"Conioselinum chinense",-76.04606,42.786316,2010,9,6,"US","Conioselinum chinense"
2465052543,"Conioselinum chinense",-151.0789,60.04148,2004,8,9,"US","Conioselinum chinense"
3750478344,"Conioselinum chinense",-151.078933,60.041485,2004,8,9,"US","Conioselinum chinense"
3750478411,"Conioselinum chinense",-151.078933,60.041485,2004,8,9,"US","Conioselinum chinense"
3750480036,"Conioselinum chinense",-151.078933,60.041485,2004,8,9,"US","Conioselinum chinense"
3750481671,"Conioselinum chinense",-151.078933,60.041485,2004,8,9,"US","Conioselinum chinense"
2573059303,"Conioselinum chinense",-72.92807,43.34952,2004,9,14,"US","Conioselinum chinense"
3351350372,"Conioselinum chinense",-135.509995,59.240002,2000,7,21,"US","Conioselinum chinense"
2422455828,"Conioselinum chinense",-152.42028,57.79611,1999,7,26,"US","Conioselinum chinense"
415955436,"Conioselinum chinense",-74.05916,41.42055,1997,8,18,"US","Conioselinum chinense"
1258861114,"Conioselinum chinense",-151.85,60.73333,1994,7,31,"US","Conioselinum chinense"
1258840267,"Conioselinum chinense",-154,57,1990,8,10,"US","Conioselinum chinense"
1260869700,"Conioselinum chinense",-154,57,1990,8,10,"US","Conioselinum chinense"
1275087364,"Conioselinum chinense",-74.026944,41.422222,1990,9,7,"US","Conioselinum chinense"
1801076127,"Conioselinum chinense",-149,60.833333,1989,8,11,"US","Conioselinum chinense"
1801076141,"Conioselinum chinense",-149,60.833333,1989,8,11,"US","Conioselinum chinense"
1801076154,"Conioselinum chinense",-149.5,60,1989,8,13,"US","Conioselinum chinense"
2573082679,"Conioselinum chinense",-68.16501,45.39265,1988,8,18,"US","Conioselinum chinense"
1038940598,"Conioselinum chinense",-73.3449,41.7406,1987,9,2,"US","Conioselinum chinense"
1989196535,"Conioselinum chinense",-83.974174,41.941271,1985,9,7,"US","Conioselinum chinense"
415955430,"Conioselinum chinense",-73.285,42.03555,1984,9,6,"US","Conioselinum chinense"
2573061265,"Conioselinum chinense",-72.81885,44.62779,1983,8,27,"US","Conioselinum chinense"
606653885,"Conioselinum chinense",-73.3425,41.9925,1982,4,29,"US","Conioselinum chinense"
606657221,"Conioselinum chinense",-69.04388,47.08555,1981,8,6,"US","Conioselinum chinense"
3744688602,"Conioselinum chinense",-86.33,34.45,1980,5,27,"US","Conioselinum chinense"
3744688688,"Conioselinum chinense",-85.48,34.7,1980,5,26,"US","Conioselinum chinense"
3320765429,"Conioselinum chinense",-123.808333,39.461667,1976,8,22,"US","Conioselinum chinense"
3320766599,"Conioselinum chinense",-123.808333,39.461667,1976,8,22,"US","Conioselinum chinense"
2265363973,"Conioselinum chinense",-136.07722,58.82694,1974,8,5,"US","Conioselinum chinense"
2265430963,"Conioselinum chinense",-136.07722,58.82694,1974,8,5,"US","Conioselinum chinense"
2265434878,"Conioselinum chinense",-136.07722,58.82694,1974,8,5,"US","Conioselinum chinense"
1228280299,"Conioselinum chinense",-76,40.8333,1968,8,23,"US","Conioselinum chinense"
2573121381,"Conioselinum chinense",-68.23911,46.88164,1965,8,24,"US","Conioselinum chinense"
1146320264,"Conioselinum chinense",-160.8,67.9,1963,7,3,"US","Conioselinum chinense"
1317839107,"Conioselinum chinense",-160.8,67.9,1963,7,3,"US","Conioselinum chinense"
415927563,"Conioselinum chinense",-75.79861,42.89361,1958,10,4,"US","Conioselinum chinense"
441727177,"Conioselinum chinense",-123.08472,48.54111,1956,8,4,"US","Conioselinum chinense"
2234657920,"Conioselinum chinense",-123.140326,48.615073,1956,8,4,"US","Conioselinum chinense"
1228277928,"Conioselinum chinense",-88.4333,41.95,1952,8,3,"US","Conioselinum chinense"
1030486574,"Conioselinum chinense",-83.03,42.85139,1950,8,29,"US","Conioselinum chinense"
2573057949,"Conioselinum chinense",-72.81885,44.62779,1941,9,13,"US","Conioselinum chinense"
1988974425,"Conioselinum chinense",-83.72692,42.292009,1937,9,17,"US","Conioselinum chinense"
415925451,"Conioselinum chinense",-73.47388,41.73555,1934,10,16,"US","Conioselinum chinense"
415955438,"Conioselinum chinense",-67.46138,44.715,1931,8,18,"US","Conioselinum chinense"
2573064811,"Conioselinum chinense",-73.26661,43.61718,1931,8,20,"US","Conioselinum chinense"
415955435,"Conioselinum chinense",-73.32916,41.84361,1930,10,11,"US","Conioselinum chinense"
415955434,"Conioselinum chinense",-73.32916,41.84361,1929,8,22,"US","Conioselinum chinense"
415955429,"Conioselinum chinense",-73.45305,41.73166,1927,9,21,"US","Conioselinum chinense"
415955437,"Conioselinum chinense",-88.20666,42.88138,1927,9,24,"US","Conioselinum chinense"
415955443,"Conioselinum chinense",-74.05805,42.11555,1925,9,1,"US","Conioselinum chinense"
1988695947,"Conioselinum chinense",-83.6705,42.26871,1924,10,30,"US","Conioselinum chinense"
1038927206,"Conioselinum chinense",-73.4539,41.73,1921,7,20,"US","Conioselinum chinense"
1038973026,"Conioselinum chinense",-73.2036,41.7586,1921,7,20,"US","Conioselinum chinense"
1039003856,"Conioselinum chinense",-73.3145,41.6523,1921,NA,NA,"US","Conioselinum chinense"
1039010910,"Conioselinum chinense",-73.4539,41.73,1919,8,21,"US","Conioselinum chinense"
1989418561,"Conioselinum chinense",-83.60194,42.12833,1918,9,8,"US","Conioselinum chinense"
1988996602,"Conioselinum chinense",-83.726772,42.292212,1915,9,9,"US","Conioselinum chinense"
415934476,"Conioselinum chinense",-87.9,43.11333,1914,9,2,"US","Conioselinum chinense"
2573127900,"Conioselinum chinense",-73.32985,41.84748,1910,6,24,"US","Conioselinum chinense"
1038934484,"Conioselinum chinense",-73.4992,41.5801,1909,6,18,"US","Conioselinum chinense"
1038923265,"Conioselinum chinense",-73.3101,41.9599,1909,9,6,"US","Conioselinum chinense"
1038957235,"Conioselinum chinense",-73.3101,41.9599,1909,9,6,"US","Conioselinum chinense"
1038969608,"Conioselinum chinense",-73.2936,42.0223,1909,9,6,"US","Conioselinum chinense"
1038970559,"Conioselinum chinense",-73.3101,41.9599,1909,9,6,"US","Conioselinum chinense"
1038971898,"Conioselinum chinense",-73.4216,41.6041,1909,9,8,"US","Conioselinum chinense"
1039005657,"Conioselinum chinense",-73.3101,41.9599,1909,9,6,"US","Conioselinum chinense"
1030486565,"Conioselinum chinense",-86.10861,41.98417,1906,8,NA,"US","Conioselinum chinense"
2573070272,"Conioselinum chinense",-72.82922,43.87551,1906,8,5,"US","Conioselinum chinense"
1038939872,"Conioselinum chinense",-73.1931,41.7413,1905,9,27,"US","Conioselinum chinense"
415955431,"Conioselinum chinense",-73.42277,41.985,1904,8,22,"US","Conioselinum chinense"
415955433,"Conioselinum chinense",-73.45305,41.73166,1904,8,28,"US","Conioselinum chinense"
1038993667,"Conioselinum chinense",-73.3298,41.8475,1903,5,15,"US","Conioselinum chinense"
415955445,"Conioselinum chinense",-73.47388,41.73555,1903,10,1,"US","Conioselinum chinense"
1038990508,"Conioselinum chinense",-73.4257,41.986,1902,5,30,"US","Conioselinum chinense"
415955432,"Conioselinum chinense",-73.30888,41.96166,1902,8,31,"US","Conioselinum chinense"
1038942820,"Conioselinum chinense",-73.4257,41.986,1902,9,6,"US","Conioselinum chinense"
415955442,"Conioselinum chinense",-67.83388,46.77222,1901,8,15,"US","Conioselinum chinense"
1988731884,"Conioselinum chinense",-85.65661,42.91643,1899,9,30,"US","Conioselinum chinense"
1228543488,"Conioselinum chinense",-88.533989,42.572794,1897,8,21,"US","Conioselinum chinense"
1305256845,"Conioselinum chinense",-88.007588,43.049457,1897,8,25,"US","Conioselinum chinense"
2573112387,"Conioselinum chinense",-68.71356,44.84115,1897,8,19,"US","Conioselinum chinense"
415955441,"Conioselinum chinense",-73.26888,43.61888,1897,9,12,"US","Conioselinum chinense"
1030486607,"Conioselinum chinense",-85.69861,42.94889,1895,9,2,"US","Conioselinum chinense"
1989053760,"Conioselinum chinense",-85.65661,42.91643,1895,9,9,"US","Conioselinum chinense"
1988943159,"Conioselinum chinense",-85.322795,42.982253,1893,8,28,"US","Conioselinum chinense"
2573055688,"Conioselinum chinense",-72.81885,44.62779,1893,8,25,"US","Conioselinum chinense"
415955440,"Conioselinum chinense",-73.04972,44.9275,1893,9,1,"US","Conioselinum chinense"
1989487505,"Conioselinum chinense",-83.726329,42.270872,1893,9,27,"US","Conioselinum chinense"
1305256425,"Conioselinum chinense",-87.900086,43.113344,1892,9,15,"US","Conioselinum chinense"
1305256563,"Conioselinum chinense",-87.900086,43.113344,1892,9,15,"US","Conioselinum chinense"
1030486544,"Conioselinum chinense",-84.84222,43.09222,1890,9,6,"US","Conioselinum chinense"
1228164268,"Conioselinum chinense",-76,40.8333,1888,8,25,"US","Conioselinum chinense"
1228150517,"Conioselinum chinense",-86,40,1886,10,16,"US","Conioselinum chinense"
1228411187,"Conioselinum chinense",-86,40,1886,10,16,"US","Conioselinum chinense"
1305256381,"Conioselinum chinense",-87.900086,43.113344,1882,9,1,"US","Conioselinum chinense"
3341250165,"Conioselinum chinense",-76.346601,42.513961,1880,9,15,"US","Conioselinum chinense"
1989330059,"Conioselinum chinense",-83.726329,42.270872,1879,9,9,"US","Conioselinum chinense"
2573065654,"Conioselinum chinense",-73.23596,44.30894,1879,10,4,"US","Conioselinum chinense"
1038918912,"Conioselinum chinense",-73.3298,41.8475,1878,NA,NA,"US","Conioselinum chinense"
2859136239,"Conioselinum chinense",-72.795679,44.555329,1877,8,13,"US","Conioselinum chinense"
1228506367,"Conioselinum chinense",-76,40.8333,1874,8,NA,"US","Conioselinum chinense"
1228569795,"Conioselinum chinense",-76,40.8333,1874,10,NA,"US","Conioselinum chinense"
1228494411,"Conioselinum chinense",-76,40.8333,1873,9,NA,"US","Conioselinum chinense"
1228328225,"Conioselinum chinense",-76,40.8333,1868,8,23,"US","Conioselinum chinense"
1228323090,"Conioselinum chinense",-76,40.8333,1866,8,NA,"US","Conioselinum chinense"
415927564,"Conioselinum chinense",-73.86611,40.85,NA,NA,NA,"US","Conioselinum chinense"
1228523770,"Conioselinum chinense",-76,40.8333,NA,NA,NA,"US","Conioselinum chinense"
2235760142,"Conioselinum chinense",-165.25,60.58,NA,NA,NA,"US","Conioselinum chinense"
2573074885,"Conioselinum chinense",-72.81885,44.62779,NA,NA,NA,"US","Conioselinum chinense"
2573079129,"Conioselinum chinense",-72.81885,44.62779,NA,NA,NA,"US","Conioselinum chinense"
2573084129,"Conioselinum chinense",-72.88613,44.53826,NA,NA,NA,"US","Conioselinum chinense"
2573091169,"Conioselinum chinense",-72.81885,44.62779,NA,NA,NA,"US","Conioselinum chinense"
2573094853,"Conioselinum chinense",-72.81885,44.62779,NA,NA,NA,"US","Conioselinum chinense"
2573094862,"Conioselinum chinense",-73.26661,43.61718,NA,NA,NA,"US","Conioselinum chinense"
2573097561,"Conioselinum chinense",-72.97802,43.624,NA,NA,NA,"US","Conioselinum chinense"
2573099448,"Conioselinum chinense",-73.06898,43.07089,NA,NA,NA,"US","Conioselinum chinense"
2573113532,"Conioselinum chinense",-72.81885,44.62779,NA,NA,NA,"US","Conioselinum chinense"
2573116428,"Conioselinum chinense",-73.26661,43.61718,NA,NA,NA,"US","Conioselinum chinense"
2573122522,"Conioselinum chinense",-72.92807,43.34952,NA,NA,NA,"US","Conioselinum chinense"
2573123150,"Conioselinum chinense",-72.97802,43.624,NA,NA,NA,"US","Conioselinum chinense"
2573127910,"Conioselinum chinense",-73.26661,43.61718,NA,NA,NA,"US","Conioselinum chinense"
2859138079,"Conioselinum chinense",-72.795679,44.555329,NA,NA,NA,"US","Conioselinum chinense"
2859430218,"Conioselinum chinense",-167.784804,65.705368,NA,NA,NA,"US","Conioselinum chinense"
