"gbifID","species","longitude","latitude","year","month","day","countryCode","accepted_name"
"3337928124","Cydonia oblonga",-80.004524,43.172173,2021,8,10,"CA","Cydonia oblonga"
"3343717296","Cydonia oblonga",-79.601173,43.638287,2021,8,22,"CA","Cydonia oblonga"
"3355338538","Cydonia oblonga",-80.510162,43.454102,2021,9,9,"CA","Cydonia oblonga"
"2977735554","Cydonia oblonga",-79.635333,43.576369,2020,5,25,"CA","Cydonia oblonga"
"2975277217","Cydonia oblonga",-81.420748,44.420693,2020,6,9,"CA","Cydonia oblonga"
"2974398624","Cydonia oblonga",-82.262547,45.663272,2020,7,30,"CA","Cydonia oblonga"
"2977953244","Cydonia oblonga",-79.309385,43.697916,2020,10,24,"CA","Cydonia oblonga"
"2980879789","Cydonia oblonga",-63.919982,44.578058,2020,10,31,"CA","Cydonia oblonga"
"2648870644","Cydonia oblonga",-79.432922,43.653656,2019,6,7,"CA","Cydonia oblonga"
"2643983526","Cydonia oblonga",-80.192504,43.505078,2019,8,19,"CA","Cydonia oblonga"
"2645634567","Cydonia oblonga",-81.884757,42.439112,2019,8,22,"CA","Cydonia oblonga"
"2645960358","Cydonia oblonga",-80.487876,42.84438,2019,8,2,"CA","Cydonia oblonga"
"2646116081","Cydonia oblonga",-81.183524,42.790704,2019,8,16,"CA","Cydonia oblonga"
"2646260104","Cydonia oblonga",-79.793948,43.230738,2019,8,17,"CA","Cydonia oblonga"
"2646415188","Cydonia oblonga",-79.793948,43.230738,2019,8,17,"CA","Cydonia oblonga"
"2649157838","Cydonia oblonga",-79.08187,43.087928,2019,8,26,"CA","Cydonia oblonga"
"2649243577","Cydonia oblonga",-79.175757,43.786197,2019,10,17,"CA","Cydonia oblonga"
"2647466182","Cydonia oblonga",-81.322393,42.961726,2018,5,30,"CA","Cydonia oblonga"
"1988206740","Cydonia oblonga",-119.632,49.5439999990689,2015,5,21,"CA","Cydonia oblonga"
"1978752387","Cydonia oblonga",-71.202778,46.715278,1997,9,26,"CA","Cydonia oblonga"
"1899341761","Cydonia oblonga",-79.42523,43.764028,1954,7,20,"CA","Cydonia oblonga"
"465767288","Cydonia oblonga",-64.36132,45.09271,1912,4,6,"CA","Cydonia oblonga"
"465767289","Cydonia oblonga",-64.36132,45.09271,1912,4,6,"CA","Cydonia oblonga"
"2561511395","Cydonia oblonga",-123.25081,49.25408,NA,NA,NA,"CA","Cydonia oblonga"
"2561521190","Cydonia oblonga",-123.25081,49.25408,NA,NA,NA,"CA","Cydonia oblonga"
"3747329644","Cydonia oblonga",-103.366794,20.782744,2022,3,19,"MX","Cydonia oblonga"
"3773011807","Cydonia oblonga",-116.678495,31.876342,2022,4,29,"MX","Cydonia oblonga"
"3109138392","Cydonia oblonga",-106.766033,31.658059,2021,4,27,"MX","Cydonia oblonga"
"3112318074","Cydonia oblonga",-100.546488,19.691543,2021,5,1,"MX","Cydonia oblonga"
"3113675492","Cydonia oblonga",-101.086059,22.270815,2021,5,7,"MX","Cydonia oblonga"
"2580236324","Cydonia oblonga",-101.085309,22.271766,2020,3,12,"MX","Cydonia oblonga"
"3039197834","Cydonia oblonga",-101.854407,22.236546,2020,8,10,"MX","Cydonia oblonga"
"2868182827","Cydonia oblonga",-106.749395,28.48331,2020,9,20,"MX","Cydonia oblonga"
"2868205524","Cydonia oblonga",-100.220651,25.373569,2020,9,4,"MX","Cydonia oblonga"
"2988515710","Cydonia oblonga",-110.923567,30.727742,2020,9,27,"MX","Cydonia oblonga"
"2238988364","Cydonia oblonga",-100.898157,22.211559,2019,4,29,"MX","Cydonia oblonga"
"2868121320","Cydonia oblonga",-106.138411,28.67445,2019,4,27,"MX","Cydonia oblonga"
"2269214756","Cydonia oblonga",-100.94334,21.147399,2019,5,4,"MX","Cydonia oblonga"
"2611322377","Cydonia oblonga",-111.793521,29.928538,2019,5,6,"MX","Cydonia oblonga"
"2269288563","Cydonia oblonga",-102.424874,22.173322,2019,6,15,"MX","Cydonia oblonga"
"1562930107","Cydonia oblonga",-99.99022,20.414284,2017,5,13,"MX","Cydonia oblonga"
"1802641499","Cydonia oblonga",-101.364643,26.341288,2017,6,19,"MX","Cydonia oblonga"
"1897942221","Cydonia oblonga",-103.082778,22.763056,2013,4,1,"MX","Cydonia oblonga"
"3308070287","Cydonia oblonga",-97.608,19.84,2005,1,13,"MX","Cydonia oblonga"
"3308684220","Cydonia oblonga",-97.55889,19.84194,2005,3,24,"MX","Cydonia oblonga"
"1897942266","Cydonia oblonga",-103.124167,22.613611,2002,8,2,"MX","Cydonia oblonga"
"1893823449","Cydonia oblonga",-100.194931005911,20.9064815268981,1998,3,21,"MX","Cydonia oblonga"
"1897338505","Cydonia oblonga",-100.184444,20.906389,1998,3,21,"MX","Cydonia oblonga"
"3308118397","Cydonia oblonga",-100.18444,20.90639,1998,3,21,"MX","Cydonia oblonga"
"3308145780","Cydonia oblonga",-100.18444,20.90639,1998,3,21,"MX","Cydonia oblonga"
"3307914807","Cydonia oblonga",-98.752,18.955,1994,4,20,"MX","Cydonia oblonga"
"3308547051","Cydonia oblonga",-98.752,18.955,1994,8,7,"MX","Cydonia oblonga"
"3307898210","Cydonia oblonga",-98.752,18.955,1993,6,16,"MX","Cydonia oblonga"
"2422533003","Cydonia oblonga",-98.96361,19.225,1989,4,21,"MX","Cydonia oblonga"
"1894892815","Cydonia oblonga",-97.258333,19.625,1988,1,20,"MX","Cydonia oblonga"
"1893699450","Cydonia oblonga",-98.52,19.08,1988,6,15,"MX","Cydonia oblonga"
"1895949432","Cydonia oblonga",-98.491667,19.070833,1988,6,15,"MX","Cydonia oblonga"
"1895949444","Cydonia oblonga",-98.464167,19.078611,1988,8,2,"MX","Cydonia oblonga"
"1419209138","Cydonia oblonga",-101.080278,22.265556,1986,3,22,"MX","Cydonia oblonga"
"1893699431","Cydonia oblonga",-101.75,19.416667,1986,3,6,"MX","Cydonia oblonga"
"1893825407","Cydonia oblonga",-101.099769731116,22.2700107091078,1986,3,22,"MX","Cydonia oblonga"
"1895949390","Cydonia oblonga",-98.141667,19.244444,1986,5,27,"MX","Cydonia oblonga"
"1897568133","Cydonia oblonga",-96.5167096860416,17.5507170434033,1986,5,16,"MX","Cydonia oblonga"
"1423116258","Cydonia oblonga",-97.772227,19.429443,1985,4,6,"MX","Cydonia oblonga"
"1423116522","Cydonia oblonga",-98.775,18.791667,1985,10,15,"MX","Cydonia oblonga"
"1893699465","Cydonia oblonga",-98.816667,19.503333,1983,8,13,"MX","Cydonia oblonga"
"2629918334","Cydonia oblonga",-116.108333,31.25,1982,4,11,"MX","Cydonia oblonga"
"3125138841","Cydonia oblonga",-116.10833,31.25,1982,4,11,"MX","Cydonia oblonga"
"1259201152","Cydonia oblonga",-92.593889,16.808333,1981,3,15,"MX","Cydonia oblonga"
"3323494717","Cydonia oblonga",-92.633333,16.736111,1981,3,15,"MX","Cydonia oblonga"
"2629693810","Cydonia oblonga",-96.549722,17.536944,1980,5,20,"MX","Cydonia oblonga"
"3323495675","Cydonia oblonga",-92.633333,16.736111,1972,1,10,"MX","Cydonia oblonga"
"3323494345","Cydonia oblonga",-92.716667,16.758333,1966,3,8,"MX","Cydonia oblonga"
"3323493837","Cydonia oblonga",-92.504444,16.818333,1964,1,30,"MX","Cydonia oblonga"
"1894027204","Cydonia oblonga",-97.608333,19.825,NA,NA,NA,"MX","Cydonia oblonga"
"1894027243","Cydonia oblonga",-97.541667,19.858333,NA,NA,NA,"MX","Cydonia oblonga"
"3746990156","Cydonia oblonga",-122.430978,37.493881,2022,3,22,"US","Cydonia oblonga"
"3747207649","Cydonia oblonga",-121.873163,37.469403,2022,3,20,"US","Cydonia oblonga"
"3747275495","Cydonia oblonga",-122.004044,38.343037,2022,3,18,"US","Cydonia oblonga"
"3747275621","Cydonia oblonga",-117.51703,33.588005,2022,3,20,"US","Cydonia oblonga"
"3747339821","Cydonia oblonga",-117.517195,33.588215,2022,3,20,"US","Cydonia oblonga"
"3747407400","Cydonia oblonga",-122.130822,37.814864,2022,3,21,"US","Cydonia oblonga"
"3764193813","Cydonia oblonga",-120.939406,39.122045,2022,4,24,"US","Cydonia oblonga"
"3067728800","Cydonia oblonga",-117.2233,33.763885,2021,3,20,"US","Cydonia oblonga"
"3067890620","Cydonia oblonga",-117.517314,33.588242,2021,3,14,"US","Cydonia oblonga"
"3070676507","Cydonia oblonga",-122.711426,38.436191,2021,3,27,"US","Cydonia oblonga"
"3079741501","Cydonia oblonga",-122.13073,37.814853,2021,4,3,"US","Cydonia oblonga"
"3079744273","Cydonia oblonga",-123.284722,44.569062,2021,4,8,"US","Cydonia oblonga"
"3097092926","Cydonia oblonga",-122.669736,45.53438,2021,4,17,"US","Cydonia oblonga"
"3097274056","Cydonia oblonga",-116.942322,34.040776,2021,4,18,"US","Cydonia oblonga"
"3097328316","Cydonia oblonga",-121.431965,45.702557,2021,4,16,"US","Cydonia oblonga"
"3097403746","Cydonia oblonga",-121.867643,37.456243,2021,4,9,"US","Cydonia oblonga"
"3112298684","Cydonia oblonga",-123.959469,40.715433,2021,4,30,"US","Cydonia oblonga"
"3113309016","Cydonia oblonga",-84.095402,42.39845,2021,5,8,"US","Cydonia oblonga"
"3113612706","Cydonia oblonga",-122.474756,47.187766,2021,5,12,"US","Cydonia oblonga"
"3117849031","Cydonia oblonga",-118.311493,33.8699,2021,5,16,"US","Cydonia oblonga"
"3124570489","Cydonia oblonga",-122.213178,48.311686,2021,5,12,"US","Cydonia oblonga"
"3124814988","Cydonia oblonga",-84.187191,42.348541,2021,5,23,"US","Cydonia oblonga"
"3302178978","Cydonia oblonga",-117.226189,32.854145,2021,6,1,"US","Cydonia oblonga"
"3321299335","Cydonia oblonga",-122.68824,38.319386,2021,6,29,"US","Cydonia oblonga"
"3327796336","Cydonia oblonga",-71.36978,42.370922,2021,7,13,"US","Cydonia oblonga"
"3327833656","Cydonia oblonga",-68.86776,44.603809,2021,7,9,"US","Cydonia oblonga"
"3327925038","Cydonia oblonga",-122.703238,45.47159,2021,7,11,"US","Cydonia oblonga"
"3335517528","Cydonia oblonga",-122.584241,38.075963,2021,8,5,"US","Cydonia oblonga"
"3343863877","Cydonia oblonga",-122.632255,45.5144,2021,8,21,"US","Cydonia oblonga"
"3456621486","Cydonia oblonga",-102.876801,30.88534,2021,8,2,"US","Cydonia oblonga"
"3355716514","Cydonia oblonga",-122.660928,45.446704,2021,9,1,"US","Cydonia oblonga"
"3355807679","Cydonia oblonga",-75.329141,40.033994,2021,9,2,"US","Cydonia oblonga"
"3383973656","Cydonia oblonga",-122.742077,45.589259,2021,9,12,"US","Cydonia oblonga"
"3384066339","Cydonia oblonga",-121.968361,36.965272,2021,9,17,"US","Cydonia oblonga"
"3384103438","Cydonia oblonga",-121.976831,47.692023,2021,9,19,"US","Cydonia oblonga"
"3384238130","Cydonia oblonga",-123.029595,44.047042,2021,9,16,"US","Cydonia oblonga"
"3384477238","Cydonia oblonga",-123.195193,44.846052,2021,9,25,"US","Cydonia oblonga"
"3384961869","Cydonia oblonga",-120.420013,34.672472,2021,9,22,"US","Cydonia oblonga"
"3384490129","Cydonia oblonga",-121.975239,47.695181,2021,10,2,"US","Cydonia oblonga"
"3384728270","Cydonia oblonga",-82.065826,40.158666,2021,10,4,"US","Cydonia oblonga"
"3391387689","Cydonia oblonga",-105.931145,35.682739,2021,10,8,"US","Cydonia oblonga"
"3398662067","Cydonia oblonga",-74.014124,40.692169,2021,10,15,"US","Cydonia oblonga"
"3398779067","Cydonia oblonga",-73.688344,41.446926,2021,10,24,"US","Cydonia oblonga"
"3408016647","Cydonia oblonga",-73.214923,42.966171,2021,10,25,"US","Cydonia oblonga"
"2596116421","Cydonia oblonga",-117.11008,32.976712,2020,3,28,"US","Cydonia oblonga"
"2603465179","Cydonia oblonga",-122.475698,38.307955,2020,3,29,"US","Cydonia oblonga"
"2646817933","Cydonia oblonga",-121.382276,36.987321,2020,3,27,"US","Cydonia oblonga"
"2647146844","Cydonia oblonga",-119.680415,36.822366,2020,3,14,"US","Cydonia oblonga"
"2649806326","Cydonia oblonga",-121.993217,36.988893,2020,3,17,"US","Cydonia oblonga"
"2649867785","Cydonia oblonga",-122.130057,38.003681,2020,3,14,"US","Cydonia oblonga"
"2650132158","Cydonia oblonga",-122.261021,38.015888,2020,3,30,"US","Cydonia oblonga"
"3031808604","Cydonia oblonga",-120.390554,37.979729,2020,3,25,"US","Cydonia oblonga"
"3031824621","Cydonia oblonga",-122.582577,38.076935,2020,3,16,"US","Cydonia oblonga"
"2975174043","Cydonia oblonga",-122.280975,37.536255,2020,4,26,"US","Cydonia oblonga"
"2976424897","Cydonia oblonga",-122.280975,37.536255,2020,4,26,"US","Cydonia oblonga"
"2976489054","Cydonia oblonga",-123.2087,39.245194,2020,4,4,"US","Cydonia oblonga"
"3031605673","Cydonia oblonga",-116.760025,32.714089,2020,4,29,"US","Cydonia oblonga"
"3031835660","Cydonia oblonga",-80.166725,40.518451,2020,4,26,"US","Cydonia oblonga"
"3031967625","Cydonia oblonga",-122.645849,45.558544,2020,4,15,"US","Cydonia oblonga"
"3031971622","Cydonia oblonga",-122.15378,37.113985,2020,4,8,"US","Cydonia oblonga"
"2975106179","Cydonia oblonga",-71.23062,42.034567,2020,5,17,"US","Cydonia oblonga"
"2975164560","Cydonia oblonga",-117.91152,33.882949,2020,5,19,"US","Cydonia oblonga"
"2975266136","Cydonia oblonga",-118.844859,34.203281,2020,5,15,"US","Cydonia oblonga"
"2975291703","Cydonia oblonga",-121.362903,38.621294,2020,5,30,"US","Cydonia oblonga"
"2976875323","Cydonia oblonga",-122.241724,37.769042,2020,5,22,"US","Cydonia oblonga"
"2977199586","Cydonia oblonga",-121.78545,37.33411,2020,5,8,"US","Cydonia oblonga"
"3031617706","Cydonia oblonga",-71.936313,42.305564,2020,5,24,"US","Cydonia oblonga"
"3031860724","Cydonia oblonga",-71.108646,42.386032,2020,5,13,"US","Cydonia oblonga"
"3070602019","Cydonia oblonga",-105.945892,35.647175,2020,5,2,"US","Cydonia oblonga"
"2901828684","Cydonia oblonga",-122.715569,38.362415,2020,6,13,"US","Cydonia oblonga"
"2974342983","Cydonia oblonga",-72.713401,41.767424,2020,6,10,"US","Cydonia oblonga"
"2975212361","Cydonia oblonga",-122.487102,38.311531,2020,6,14,"US","Cydonia oblonga"
"2975364844","Cydonia oblonga",-117.35188,34.083173,2020,6,7,"US","Cydonia oblonga"
"2975477639","Cydonia oblonga",-120.874829,38.861156,2020,6,5,"US","Cydonia oblonga"
"2975505519","Cydonia oblonga",-122.262031,37.835411,2020,6,30,"US","Cydonia oblonga"
"2975606899","Cydonia oblonga",-117.35188,34.083173,2020,6,7,"US","Cydonia oblonga"
"2975754885","Cydonia oblonga",-122.028279,38.287058,2020,6,26,"US","Cydonia oblonga"
"2975984982","Cydonia oblonga",-122.028288,38.28705,2020,6,26,"US","Cydonia oblonga"
"2977190055","Cydonia oblonga",-117.947166,33.793778,2020,6,6,"US","Cydonia oblonga"
"2977643508","Cydonia oblonga",-70.915822,42.520806,2020,6,25,"US","Cydonia oblonga"
"2977885835","Cydonia oblonga",-122.255734,37.853518,2020,6,7,"US","Cydonia oblonga"
"2978024722","Cydonia oblonga",-122.281553,37.846351,2020,6,24,"US","Cydonia oblonga"
"2988350533","Cydonia oblonga",-109.914025,31.445945,2020,6,25,"US","Cydonia oblonga"
"2988484492","Cydonia oblonga",-117.517314,33.588236,2020,6,11,"US","Cydonia oblonga"
"3039262529","Cydonia oblonga",-122.502117,48.043493,2020,6,18,"US","Cydonia oblonga"
"3455220444","Cydonia oblonga",-90.462594,38.654262,2020,6,23,"US","Cydonia oblonga"
"3503200430","Cydonia oblonga",-117.5173,33.5885,2020,6,11,"US","Cydonia oblonga"
"2975531663","Cydonia oblonga",-117.35188,34.083173,2020,7,5,"US","Cydonia oblonga"
"2977833798","Cydonia oblonga",-71.279498,42.505639,2020,7,4,"US","Cydonia oblonga"
"2977898764","Cydonia oblonga",-121.93148,37.529351,2020,7,1,"US","Cydonia oblonga"
"2988329543","Cydonia oblonga",-123.21328,45.584248,2020,7,4,"US","Cydonia oblonga"
"3079500900","Cydonia oblonga",-122.631747,45.507562,2020,7,10,"US","Cydonia oblonga"
"2975996437","Cydonia oblonga",-117.941838,34.145677,2020,8,2,"US","Cydonia oblonga"
"2977252533","Cydonia oblonga",-117.941838,34.145677,2020,8,2,"US","Cydonia oblonga"
"2977832917","Cydonia oblonga",-117.35188,34.083173,2020,8,17,"US","Cydonia oblonga"
"2988318615","Cydonia oblonga",-122.294503,47.704832,2020,8,6,"US","Cydonia oblonga"
"2988339633","Cydonia oblonga",-122.513651,37.979006,2020,8,15,"US","Cydonia oblonga"
"2988348560","Cydonia oblonga",-122.294608,47.704687,2020,8,6,"US","Cydonia oblonga"
"2988473624","Cydonia oblonga",-118.15148,34.198218,2020,8,12,"US","Cydonia oblonga"
"2988567642","Cydonia oblonga",-123.424899,42.390073,2020,8,24,"US","Cydonia oblonga"
"3031970892","Cydonia oblonga",-122.537588,37.87828,2020,8,8,"US","Cydonia oblonga"
"2975513175","Cydonia oblonga",-74.876268,41.758538,2020,9,4,"US","Cydonia oblonga"
"2976369445","Cydonia oblonga",-74.876182,41.758411,2020,9,4,"US","Cydonia oblonga"
"2977771026","Cydonia oblonga",-74.876182,41.758411,2020,9,4,"US","Cydonia oblonga"
"2988284702","Cydonia oblonga",-111.865121,40.751421,2020,9,28,"US","Cydonia oblonga"
"2988318696","Cydonia oblonga",-72.048428,42.13328,2020,9,23,"US","Cydonia oblonga"
"3031583953","Cydonia oblonga",-71.167447,42.407897,2020,9,29,"US","Cydonia oblonga"
"3455215522","Cydonia oblonga",-87.758317,41.845975,2020,9,19,"US","Cydonia oblonga"
"2988472686","Cydonia oblonga",-72.760745,42.12406,2020,10,2,"US","Cydonia oblonga"
"2988567734","Cydonia oblonga",-123.503088,40.82312,2020,10,9,"US","Cydonia oblonga"
"2988296824","Cydonia oblonga",-70.77993,42.683967,2020,11,11,"US","Cydonia oblonga"
"3031638121","Cydonia oblonga",-121.491395,38.574849,2020,11,22,"US","Cydonia oblonga"
"3031817087","Cydonia oblonga",-121.584485,37.148941,2020,11,21,"US","Cydonia oblonga"
"3039160767","Cydonia oblonga",-124.207845,43.4458,2020,11,10,"US","Cydonia oblonga"
"2028515816","Cydonia oblonga",-122.003977,38.343136,2019,3,21,"US","Cydonia oblonga"
"2644457244","Cydonia oblonga",-121.4274,36.855175,2019,3,31,"US","Cydonia oblonga"
"2647627385","Cydonia oblonga",-121.163937,38.886846,2019,3,30,"US","Cydonia oblonga"
"2647670173","Cydonia oblonga",-121.42758,36.855072,2019,3,31,"US","Cydonia oblonga"
"2644446580","Cydonia oblonga",-122.585695,38.577705,2019,4,3,"US","Cydonia oblonga"
"2644473517","Cydonia oblonga",-117.099078,33.163245,2019,4,14,"US","Cydonia oblonga"
"2644484911","Cydonia oblonga",-117.099097,33.163283,2019,4,14,"US","Cydonia oblonga"
"2644734100","Cydonia oblonga",-117.182949,33.686614,2019,4,20,"US","Cydonia oblonga"
"2647594338","Cydonia oblonga",-121.836426,37.19939,2019,4,2,"US","Cydonia oblonga"
"2648049398","Cydonia oblonga",-117.099047,33.163236,2019,4,12,"US","Cydonia oblonga"
"2648110087","Cydonia oblonga",-117.048969,32.635253,2019,4,30,"US","Cydonia oblonga"
"2648323067","Cydonia oblonga",-118.483635,35.145752,2019,4,30,"US","Cydonia oblonga"
"2643563180","Cydonia oblonga",-80.182267,40.971495,2019,5,5,"US","Cydonia oblonga"
"2644893310","Cydonia oblonga",-121.318765,38.685197,2019,5,24,"US","Cydonia oblonga"
"2645133997","Cydonia oblonga",-121.318765,38.685197,2019,5,25,"US","Cydonia oblonga"
"2645157938","Cydonia oblonga",-121.318765,38.685197,2019,5,26,"US","Cydonia oblonga"
"2645173273","Cydonia oblonga",-122.03996,37.34345,2019,5,28,"US","Cydonia oblonga"
"2648070853","Cydonia oblonga",-121.425145,38.511422,2019,5,14,"US","Cydonia oblonga"
"2648163312","Cydonia oblonga",-76.479461,43.044074,2019,5,24,"US","Cydonia oblonga"
"2648259807","Cydonia oblonga",-118.554139,34.176445,2019,5,13,"US","Cydonia oblonga"
"2988571351","Cydonia oblonga",-122.588057,37.983606,2019,5,27,"US","Cydonia oblonga"
"3031952437","Cydonia oblonga",-122.073318,47.45079,2019,5,2,"US","Cydonia oblonga"
"2643764956","Cydonia oblonga",-79.839127,41.983902,2019,6,26,"US","Cydonia oblonga"
"2645425606","Cydonia oblonga",-122.365505,38.404341,2019,6,17,"US","Cydonia oblonga"
"2645467596","Cydonia oblonga",-122.029562,37.875761,2019,6,17,"US","Cydonia oblonga"
"2645467597","Cydonia oblonga",-122.029505,37.875759,2019,6,17,"US","Cydonia oblonga"
"2645497340","Cydonia oblonga",-117.317691,34.044826,2019,6,21,"US","Cydonia oblonga"
"2645624474","Cydonia oblonga",-122.030108,37.875434,2019,6,17,"US","Cydonia oblonga"
"2645729565","Cydonia oblonga",-122.029603,37.875798,2019,6,17,"US","Cydonia oblonga"
"2648869474","Cydonia oblonga",-118.107799,33.936234,2019,6,17,"US","Cydonia oblonga"
"2648993397","Cydonia oblonga",-75.45934,41.014567,2019,6,15,"US","Cydonia oblonga"
"2645663531","Cydonia oblonga",-118.531012,34.182323,2019,7,14,"US","Cydonia oblonga"
"2645882802","Cydonia oblonga",-80.60385,40.686333,2019,7,25,"US","Cydonia oblonga"
"2646120983","Cydonia oblonga",-79.141541,39.473845,2019,7,25,"US","Cydonia oblonga"
"2648915497","Cydonia oblonga",-122.475671,38.537912,2019,7,9,"US","Cydonia oblonga"
"2649027272","Cydonia oblonga",-122.59448,38.113046,2019,7,6,"US","Cydonia oblonga"
"3455195609","Cydonia oblonga",-85.501111,40.888352,2019,7,16,"US","Cydonia oblonga"
"2648626127","Cydonia oblonga",-117.363319,33.981495,2019,8,1,"US","Cydonia oblonga"
"2648626145","Cydonia oblonga",-117.363319,33.981495,2019,8,1,"US","Cydonia oblonga"
"2648685596","Cydonia oblonga",-122.291612,38.006663,2019,8,3,"US","Cydonia oblonga"
"2648699491","Cydonia oblonga",-117.352144,33.200815,2019,8,2,"US","Cydonia oblonga"
"2648981324","Cydonia oblonga",-122.298371,37.533696,2019,8,31,"US","Cydonia oblonga"
"2649569066","Cydonia oblonga",-120.681609,35.295504,2019,8,31,"US","Cydonia oblonga"
"2649631206","Cydonia oblonga",-118.267778,36.776902,2019,8,29,"US","Cydonia oblonga"
"2649717826","Cydonia oblonga",-121.681855,37.135662,2019,8,31,"US","Cydonia oblonga"
"2649826974","Cydonia oblonga",-122.138093,37.732375,2019,8,22,"US","Cydonia oblonga"
"3455241430","Cydonia oblonga",-76.908773,39.169806,2019,8,17,"US","Cydonia oblonga"
"2422957497","Cydonia oblonga",-122.073349,47.450855,2019,9,7,"US","Cydonia oblonga"
"2644134214","Cydonia oblonga",-76.496712,42.441502,2019,9,30,"US","Cydonia oblonga"
"2646309190","Cydonia oblonga",-122.031686,37.879625,2019,9,6,"US","Cydonia oblonga"
"2648981727","Cydonia oblonga",-73.162763,41.800874,2019,9,1,"US","Cydonia oblonga"
"2447974337","Cydonia oblonga",-122.073334,47.450554,2019,10,22,"US","Cydonia oblonga"
"2988279394","Cydonia oblonga",-71.825387,42.287979,2019,10,7,"US","Cydonia oblonga"
"2988320401","Cydonia oblonga",-122.073334,47.450554,2019,10,15,"US","Cydonia oblonga"
"2988367416","Cydonia oblonga",-121.184009,35.688268,2019,10,11,"US","Cydonia oblonga"
"3039383447","Cydonia oblonga",-123.030417,44.92936,2019,10,14,"US","Cydonia oblonga"
"2465151471","Cydonia oblonga",-106.677764,35.057745,2019,11,23,"US","Cydonia oblonga"
"2988327425","Cydonia oblonga",-73.786771,43.097789,2019,11,4,"US","Cydonia oblonga"
"3079720420","Cydonia oblonga",-122.716068,38.362722,2018,4,23,"US","Cydonia oblonga"
"2643793291","Cydonia oblonga",-122.740555,38.424721,2018,5,27,"US","Cydonia oblonga"
"2643850498","Cydonia oblonga",-122.740555,38.424721,2018,5,27,"US","Cydonia oblonga"
"2647405226","Cydonia oblonga",-121.935776,37.308713,2018,5,25,"US","Cydonia oblonga"
"2643828800","Cydonia oblonga",-79.539986,40.29712,2018,6,14,"US","Cydonia oblonga"
"3079800451","Cydonia oblonga",-122.718064,38.331639,2018,6,14,"US","Cydonia oblonga"
"2647274011","Cydonia oblonga",-122.207755,37.838763,2018,7,13,"US","Cydonia oblonga"
"2647832883","Cydonia oblonga",-72.591745,42.412228,2018,7,20,"US","Cydonia oblonga"
"2643518191","Cydonia oblonga",-73.834122,40.702351,2018,8,31,"US","Cydonia oblonga"
"2647692657","Cydonia oblonga",-122.207322,37.83855,2018,8,24,"US","Cydonia oblonga"
"1914202107","Cydonia oblonga",-122.222445,37.452378,2018,9,20,"US","Cydonia oblonga"
"2644195232","Cydonia oblonga",-73.834096,40.702365,2018,9,1,"US","Cydonia oblonga"
"2647383885","Cydonia oblonga",-121.85495,36.987342,2018,9,25,"US","Cydonia oblonga"
"2974266895","Cydonia oblonga",-71.436777,42.482425,2018,9,29,"US","Cydonia oblonga"
"2647364426","Cydonia oblonga",-88.171367,39.488573,2017,9,17,"US","Cydonia oblonga"
"1851989517","Cydonia oblonga",-78.3756,43.3201,2016,8,23,"US","Cydonia oblonga"
"2988470307","Cydonia oblonga",-111.049321,31.569003,2016,8,20,"US","Cydonia oblonga"
"3059667999","Cydonia oblonga",-123.265377,44.559186,2015,4,2,"US","Cydonia oblonga"
"3059667995","Cydonia oblonga",-123.265377,44.559186,2015,5,3,"US","Cydonia oblonga"
"2422536748","Cydonia oblonga",-117.53819,34.09139,2015,8,4,"US","Cydonia oblonga"
"3044575185","Cydonia oblonga",-81.563431,41.381971,2015,10,23,"US","Cydonia oblonga"
"1258072796","Cydonia oblonga",-90.259167,38.604167,2014,8,28,"US","Cydonia oblonga"
"3435795441","Cydonia oblonga",-93.1657,35.23217,2012,3,24,"US","Cydonia oblonga"
"1927995010","Cydonia oblonga",-73.945728,41.359072,2011,6,11,"US","Cydonia oblonga"
"2430477751","Cydonia oblonga",-117.590556,33.904444,2010,4,13,"US","Cydonia oblonga"
"1258809956","Cydonia oblonga",-90.242778,38.35,2001,5,9,"US","Cydonia oblonga"
"2422407824","Cydonia oblonga",-117.67222,34.175,1998,4,4,"US","Cydonia oblonga"
"2430113799","Cydonia oblonga",-117.672222,34.175,1998,4,4,"US","Cydonia oblonga"
"3413176317","Cydonia oblonga",-117.67222,34.175,1998,4,4,"US","Cydonia oblonga"
"1930866745","Cydonia oblonga",-73.875413,40.856767,1997,7,30,"US","Cydonia oblonga"
"1930964537","Cydonia oblonga",-73.875413,40.856767,1997,7,30,"US","Cydonia oblonga"
"3053371035","Cydonia oblonga",-121.242,36.1069999991014,1996,4,6,"US","Cydonia oblonga"
"1929301914","Cydonia oblonga",-121.58,39.78,1995,11,10,"US","Cydonia oblonga"
"3059685937","Cydonia oblonga",-121.472963,38.568653,1994,10,26,"US","Cydonia oblonga"
"2859066002","Cydonia oblonga",-80.496929,41.0970369990653,1993,5,27,"US","Cydonia oblonga"
"2422531214","Cydonia oblonga",-117.33306,33.98972,1984,10,18,"US","Cydonia oblonga"
"3320789286","Cydonia oblonga",-122.283417,38.753472,1980,4,4,"US","Cydonia oblonga"
"2351010176","Cydonia oblonga",-118.7056,34.0849,1975,5,31,"US","Cydonia oblonga"
"3053396074","Cydonia oblonga",-119.738873,34.429217,1973,3,21,"US","Cydonia oblonga"
"2413151579","Cydonia oblonga",-85.84576,38.266544,1972,4,7,"US","Cydonia oblonga"
"2859068757","Cydonia oblonga",-78.010287,42.853394,1971,6,5,"US","Cydonia oblonga"
"2974468959","Cydonia oblonga",-122.630857,38.220966,1970,1,1,"US","Cydonia oblonga"
"3059667960","Cydonia oblonga",-121.371563,38.439467,1969,11,19,"US","Cydonia oblonga"
"2417961778","Cydonia oblonga",-121.795833,39.6827779990727,1966,3,30,"US","Cydonia oblonga"
"3053477105","Cydonia oblonga",-119.2997,34.2802,1966,7,15,"US","Cydonia oblonga"
"3053400111","Cydonia oblonga",-119.837,34.5009999991189,1966,9,7,"US","Cydonia oblonga"
"1978889592","Cydonia oblonga",-84.416872,43.08136,1966,10,8,"US","Cydonia oblonga"
"3053474115","Cydonia oblonga",-119.7696,34.4418999991196,1965,3,26,"US","Cydonia oblonga"
"3053476088","Cydonia oblonga",-119.238665,34.448229,1964,11,20,"US","Cydonia oblonga"
"3053478104","Cydonia oblonga",-119.736263,34.425598,1961,8,17,"US","Cydonia oblonga"
"3744674573","Cydonia oblonga",-87.54,33.21,1959,4,2,"US","Cydonia oblonga"
"2451545805","Cydonia oblonga",-121.857219,37.351966,1957,3,29,"US","Cydonia oblonga"
"2242392402","Cydonia oblonga",-76.890933,40.963751,1957,10,14,"US","Cydonia oblonga"
"2859319736","Cydonia oblonga",-79.237532,40.243128,1954,4,30,"US","Cydonia oblonga"
"699272182","Cydonia oblonga",-73.49805,41.28138,1933,5,22,"US","Cydonia oblonga"
"3053402092","Cydonia oblonga",-119.6972,34.4208,1928,3,17,"US","Cydonia oblonga"
"2859067719","Cydonia oblonga",-79.890778,40.269646,1928,5,22,"US","Cydonia oblonga"
"1929608281","Cydonia oblonga",-76.864254,40.799624,1925,5,9,"US","Cydonia oblonga"
"1038965784","Cydonia oblonga",-73.1028,41.9219,1911,6,27,"US","Cydonia oblonga"
"1039012314","Cydonia oblonga",-72.9317,41.4069,1903,5,21,"US","Cydonia oblonga"
"1930112020","Cydonia oblonga",-98.520025,29.448958,1903,NA,NA,"US","Cydonia oblonga"
"1930917552","Cydonia oblonga",-98.520025,29.448958,1903,NA,NA,"US","Cydonia oblonga"
"3341233945","Cydonia oblonga",-74.169866,40.561216,1898,5,22,"US","Cydonia oblonga"
"1989105939","Cydonia oblonga",-83.77883,41.88894,1895,5,18,"US","Cydonia oblonga"
"699272181","Cydonia oblonga",-73.20472,41.16694,1892,5,25,"US","Cydonia oblonga"
"2534099736","Cydonia oblonga",-84.6087,43.4096,1892,5,16,"US","Cydonia oblonga"
"3454988050","Cydonia oblonga",-77.790551,42.254237,1888,6,NA,"US","Cydonia oblonga"
"3341233949","Cydonia oblonga",-74.151532,40.554272,1885,5,30,"US","Cydonia oblonga"
"1928876194","Cydonia oblonga",-74.068209,40.828299,1885,6,1,"US","Cydonia oblonga"
"1929263677","Cydonia oblonga",-74.068209,40.828299,1876,NA,NA,"US","Cydonia oblonga"
"2252418781","Cydonia oblonga",-73.6857,42.7245,1830,4,NA,"US","Cydonia oblonga"
"768788530","Cydonia oblonga",-70.89666,42.51944,NA,NA,NA,"US","Cydonia oblonga"
"1038930495","Cydonia oblonga",-72.5782,41.3791,NA,NA,NA,"US","Cydonia oblonga"
"1038931037","Cydonia oblonga",-73.1931,41.7413,NA,NA,NA,"US","Cydonia oblonga"
"1038960978","Cydonia oblonga",-73.1931,41.7413,NA,NA,NA,"US","Cydonia oblonga"
"1039008715","Cydonia oblonga",-72.776,41.6112,NA,NA,NA,"US","Cydonia oblonga"
"1304905851","Cydonia oblonga",-119.270336,37.27013,NA,NA,NA,"US","Cydonia oblonga"
"1304905859","Cydonia oblonga",-124.683838,48.363549,NA,NA,NA,"US","Cydonia oblonga"
"1304905875","Cydonia oblonga",-119.270336,37.27013,NA,NA,NA,"US","Cydonia oblonga"
"1304905877","Cydonia oblonga",-119.270336,37.27013,NA,NA,NA,"US","Cydonia oblonga"
"1304905900","Cydonia oblonga",-119.270336,37.27013,NA,NA,NA,"US","Cydonia oblonga"
"1304905919","Cydonia oblonga",-119.270336,37.27013,NA,NA,NA,"US","Cydonia oblonga"
"2859321754","Cydonia oblonga",-75.36223,40.6403799990674,NA,NA,NA,"US","Cydonia oblonga"
"3341233951","Cydonia oblonga",-74.149588,40.583438,NA,NA,NA,"US","Cydonia oblonga"
