"gbifID","species","longitude","latitude","year","month","day","countryCode"
3124596401,"Cymopterus purpureus",-113.191253,37.452155,2021,4,22,"US"
2429367294,"Cymopterus purpureus",-108.720108,38.27593,2019,4,27,"US"
2596444549,"Cymopterus purpureus",-112.94787,37.264245,2019,4,21,"US"
2265855612,"Cymopterus purpureus",-113.421775,37.258797,2019,5,22,"US"
2252058221,"Cymopterus purpureus",-112.956161,37.258011,2019,6,4,"US"
3018059333,"Cymopterus purpureus",-107.709458,38.356562,2019,6,7,"US"
1842915814,"Cymopterus purpureus",-107.971609,36.951639,2017,5,3,"US"
2423863621,"Cymopterus purpureus",-107.971609,36.951639,2017,5,3,"US"
2270481638,"Cymopterus purpureus",-113.269044,37.08394,2016,5,7,"US"
1948792164,"Cymopterus purpureus",-107.21639,36.91536,2015,5,23,"US"
3091262471,"Cymopterus purpureus",-112.44675,36.998667,2015,5,21,"US"
2270693911,"Cymopterus purpureus",-112.564021,37.019319,2013,4,17,"US"
2270490784,"Cymopterus purpureus",-110.607689,38.939283,2013,5,5,"US"
2545504837,"Cymopterus purpureus",-109.573448,38.974327,2013,9,30,"US"
1929455642,"Cymopterus purpureus",-108.0425,39.3924,2011,5,29,"US"
1846517048,"Cymopterus purpureus",-112.03301,36.955578,2010,5,8,"US"
1928787848,"Cymopterus purpureus",-107.7981,39.5115,2010,5,7,"US"
2573502839,"Cymopterus purpureus",-108.1732,39.315699999075,2010,5,3,"US"
1846516438,"Cymopterus purpureus",-112.494386,36.914235,2010,6,21,"US"
1846526866,"Cymopterus purpureus",-112.212467,36.717975,2010,6,21,"US"
233098125,"Cymopterus purpureus",-108.21495,39.3409,2009,4,28,"US"
1986982223,"Cymopterus purpureus",-112.02394,37.0367199990926,2008,5,28,"US"
1931312131,"Cymopterus purpureus",-108.688475,37.262931,2004,4,30,"US"
2573342055,"Cymopterus purpureus",-108.688475,37.262931,2004,4,30,"US"
3091239045,"Cymopterus purpureus",-108.688908951969,37.2628788635933,2004,4,30,"US"
1927858291,"Cymopterus purpureus",-108.671437,37.266273,2004,5,28,"US"
1928348701,"Cymopterus purpureus",-113.34833,37.37667,2004,5,13,"US"
1986958606,"Cymopterus purpureus",-113.763333,37.122778,2004,5,4,"US"
2422424353,"Cymopterus purpureus",-111.19467,38.122,2004,5,4,"US"
2573341289,"Cymopterus purpureus",-108.652808,37.218331,2004,5,26,"US"
2573345069,"Cymopterus purpureus",-108.672,37.266284,2004,5,28,"US"
3091231193,"Cymopterus purpureus",-108.653247631576,37.2182800152611,2004,5,26,"US"
3091231225,"Cymopterus purpureus",-108.672438559859,37.2662288886059,2004,5,28,"US"
3091246139,"Cymopterus purpureus",-111.077363859653,37.6830856312325,2004,5,23,"US"
2573340167,"Cymopterus purpureus",-107.79066,38.56462,2004,6,8,"US"
2573513248,"Cymopterus purpureus",-109.029167,37.91,2004,6,2,"US"
3091247491,"Cymopterus purpureus",-110.116873474961,38.0958132888292,2003,5,30,"US"
1986952644,"Cymopterus purpureus",-112.259,37.0581,2003,6,9,"US"
2242356155,"Cymopterus purpureus",-106.838767,37.079317,2003,6,20,"US"
2242356361,"Cymopterus purpureus",-106.838767,37.079317,2003,6,20,"US"
2573341319,"Cymopterus purpureus",-107.73441,38.59297,2003,6,14,"US"
2573342091,"Cymopterus purpureus",-107.70442,38.58501,2003,6,14,"US"
3091209027,"Cymopterus purpureus",-109.066527489351,36.0209043667576,2003,6,12,"US"
240490258,"Cymopterus purpureus",-112.530844,37.289671,2001,4,28,"US"
1930235684,"Cymopterus purpureus",-112.457817,37.408133,2001,4,28,"US"
2242393057,"Cymopterus purpureus",-110.737917,39.034058,2001,5,8,"US"
3091220599,"Cymopterus purpureus",-109.24254,36.00306,2001,5,30,"US"
3091283046,"Cymopterus purpureus",-109.31384,36.23458,2001,5,17,"US"
3091283049,"Cymopterus purpureus",-109.20888,36.27489,2001,5,23,"US"
2242362754,"Cymopterus purpureus",-107.186908,37.232108,2001,6,10,"US"
1929678122,"Cymopterus purpureus",-112.8311,37.3356,2000,5,31,"US"
1843839362,"Cymopterus purpureus",-107.594955,36.962153,1999,5,19,"US"
1930223022,"Cymopterus purpureus",-111.1462,37.335167,1999,5,24,"US"
3091197019,"Cymopterus purpureus",-107.594955,36.962153,1999,5,19,"US"
176923103,"Cymopterus purpureus",-108.533333,39.304165,1999,6,1,"US"
1843839350,"Cymopterus purpureus",-108.54463,35.461946,1999,6,3,"US"
1930680223,"Cymopterus purpureus",-110.49,39.89,1998,6,3,"US"
1930586858,"Cymopterus purpureus",-110.53,39.89,1998,7,1,"US"
2859405339,"Cymopterus purpureus",-109.058671,39.17339,1997,4,15,"US"
1928064002,"Cymopterus purpureus",-109.08,38.35,1997,5,31,"US"
3091301540,"Cymopterus purpureus",-113.32472,36.41194,1997,5,20,"US"
176923101,"Cymopterus purpureus",-109.317702,40.220079,1997,6,3,"US"
1929179981,"Cymopterus purpureus",-113.34,37.37,1997,6,10,"US"
1846526757,"Cymopterus purpureus",-112.205,36.071667,1996,5,22,"US"
1843819976,"Cymopterus purpureus",-107.554,36.667,1995,5,23,"US"
1843829442,"Cymopterus purpureus",-107.241557,36.943306,1995,5,21,"US"
2573342437,"Cymopterus purpureus",-108.97012,38.48887,1995,5,30,"US"
1846526646,"Cymopterus purpureus",-110.21325,37.8469,1995,6,21,"US"
1846526723,"Cymopterus purpureus",-109.643817,37.647817,1995,6,24,"US"
2573341278,"Cymopterus purpureus",-108.869558,37.956381,1995,6,4,"US"
3091229696,"Cymopterus purpureus",-110.45168,36.66635,1995,7,16,"US"
1843829278,"Cymopterus purpureus",-107.601361,36.982089,1993,5,18,"US"
1928830830,"Cymopterus purpureus",-109.11,40.21,1993,5,28,"US"
1929255652,"Cymopterus purpureus",-113.86,41.41,1993,6,5,"US"
2270696578,"Cymopterus purpureus",-113.2236,36.800566,1992,5,11,"US"
1930289645,"Cymopterus purpureus",-110.51,39.89,1992,7,6,"US"
2573342042,"Cymopterus purpureus",-107.796905,39.60291,1991,5,25,"US"
2242402731,"Cymopterus purpureus",-107.090987,37.057917,1991,6,11,"US"
1931262848,"Cymopterus purpureus",-113.06,37.27,1988,6,9,"US"
1986962273,"Cymopterus purpureus",-110.40222,38.13583,1987,4,28,"US"
1930513290,"Cymopterus purpureus",-112.29,37.03,1987,5,9,"US"
2270696581,"Cymopterus purpureus",-112.89,36.8682,1987,5,18,"US"
2573338628,"Cymopterus purpureus",-108.954303,40.493466,1987,5,30,"US"
1846526655,"Cymopterus purpureus",-113.489278,36.258488,1987,6,4,"US"
2422288391,"Cymopterus purpureus",-109.83333,37.66667,1987,7,1,"US"
1928879636,"Cymopterus purpureus",-112.3834,33.3864,1986,5,24,"US"
1928482385,"Cymopterus purpureus",-108.8606,38.3871,1986,6,1,"US"
1927904730,"Cymopterus purpureus",-113.63,37.02,1985,4,29,"US"
1930789361,"Cymopterus purpureus",-113.65,37.02,1985,4,29,"US"
1928402400,"Cymopterus purpureus",-113.1,37.13,1985,6,1,"US"
2242399099,"Cymopterus purpureus",-108.705107,39.052291,1984,5,28,"US"
1928177220,"Cymopterus purpureus",-111.93,38.81,1984,6,12,"US"
1929605441,"Cymopterus purpureus",-113.76,37.12,1983,4,16,"US"
1928818538,"Cymopterus purpureus",-113.1,37.13,1983,6,8,"US"
1986933413,"Cymopterus purpureus",-114,37.666667,1983,6,2,"US"
2573338375,"Cymopterus purpureus",-108.649915,40.254647,1982,4,17,"US"
2859432271,"Cymopterus purpureus",-108.652662,40.25663,1982,4,17,"US"
1846526546,"Cymopterus purpureus",-108.948241,39.216957,1982,5,7,"US"
1927798370,"Cymopterus purpureus",-109.64,39.74,1982,5,31,"US"
1927938127,"Cymopterus purpureus",-109.15,40.14,1982,5,11,"US"
1930068838,"Cymopterus purpureus",-108.2008,38.8644,1982,5,19,"US"
2422275521,"Cymopterus purpureus",-113.90167,37.89028,1982,5,4,"US"
2573338478,"Cymopterus purpureus",-108.955691,39.213289,1982,5,7,"US"
2573339383,"Cymopterus purpureus",-108.92002,38.15974,1982,5,29,"US"
3091302993,"Cymopterus purpureus",-108.585927,37.450386,1982,5,27,"US"
1929985784,"Cymopterus purpureus",-109.18,40.37,1982,6,19,"US"
2270696833,"Cymopterus purpureus",-112.3684,36.8968,1982,6,5,"US"
2573339362,"Cymopterus purpureus",-108.693744,38.306974,1982,6,5,"US"
3122396052,"Cymopterus purpureus",-112.368847,36.896119,1982,6,5,"US"
1846526584,"Cymopterus purpureus",-108.259144,39.006749,1981,5,24,"US"
2573339660,"Cymopterus purpureus",-108.25637,39.006884,1981,5,24,"US"
1929186748,"Cymopterus purpureus",-113.36,37.37,1981,6,8,"US"
1986930295,"Cymopterus purpureus",-112.34911,37.267947,1981,6,4,"US"
1928451795,"Cymopterus purpureus",-108.484973,36.337717,1980,6,7,"US"
3091229695,"Cymopterus purpureus",-109.179444,36.583333,1980,6,21,"US"
1928716334,"Cymopterus purpureus",-111.07,37.98,1979,5,21,"US"
1930679844,"Cymopterus purpureus",-112.02,37.03,1979,5,23,"US"
1986929786,"Cymopterus purpureus",-107.4,37.066667,1979,5,24,"US"
2270695620,"Cymopterus purpureus",-112.4334,36.91772,1979,5,20,"US"
2270696892,"Cymopterus purpureus",-112.836666,36.88501,1979,5,10,"US"
2270697521,"Cymopterus purpureus",-112.399,36.9455,1979,5,19,"US"
2270698196,"Cymopterus purpureus",-112.53,36.99,1979,5,19,"US"
2573338982,"Cymopterus purpureus",-109.050271,40.156776,1979,5,27,"US"
2573342666,"Cymopterus purpureus",-108.198037,39.341333,1979,5,25,"US"
3091229700,"Cymopterus purpureus",-112.8353,36.8823,1979,5,10,"US"
3091283050,"Cymopterus purpureus",-109.673148,36.06965,1979,5,5,"US"
1928448814,"Cymopterus purpureus",-109.7,40.43,1979,6,8,"US"
2270695870,"Cymopterus purpureus",-112.825987,36.502132,1979,6,12,"US"
1930413645,"Cymopterus purpureus",-109.69,40.32,1978,5,18,"US"
2270696162,"Cymopterus purpureus",-112.0495,36.9971,1978,5,14,"US"
2270697635,"Cymopterus purpureus",-112.025,36.9688,1978,5,19,"US"
2573340504,"Cymopterus purpureus",-107.636136,38.787788,1978,5,17,"US"
3091229697,"Cymopterus purpureus",-112.0314,36.9683,1978,5,19,"US"
3091229698,"Cymopterus purpureus",-109.530297,35.711389,1978,5,7,"US"
1928268541,"Cymopterus purpureus",-108.5753,40.2611,1978,6,2,"US"
2573338384,"Cymopterus purpureus",-107.257712,37.210467,1978,6,21,"US"
2573338754,"Cymopterus purpureus",-107.510315,38.447462,1978,6,22,"US"
1929696123,"Cymopterus purpureus",-112.23,37.47,1977,6,29,"US"
1931143914,"Cymopterus purpureus",-111.93,37.72,1977,7,28,"US"
1928641920,"Cymopterus purpureus",-109.17,40.24,1976,5,20,"US"
1928913018,"Cymopterus purpureus",-109.8,37.92,1976,6,7,"US"
3091295760,"Cymopterus purpureus",-110.4,36.3333,1976,6,6,"US"
1846526468,"Cymopterus purpureus",-111.933263,37.480316,1975,5,8,"US"
1928149114,"Cymopterus purpureus",-109.310222,36.292198,1973,5,23,"US"
1930010487,"Cymopterus purpureus",-110.350348,36.695881,1973,5,22,"US"
2270697383,"Cymopterus purpureus",-110.4277,36.65141,1973,5,22,"US"
2270698041,"Cymopterus purpureus",-109.298,36.3593,1973,5,23,"US"
3091229701,"Cymopterus purpureus",-109.54139,35.682381,1973,6,28,"US"
1928025645,"Cymopterus purpureus",-109.83,40.45,1972,4,11,"US"
2270698364,"Cymopterus purpureus",-109.85611,35.52653,1972,6,11,"US"
2270699210,"Cymopterus purpureus",-112.880047,36.877749,1971,5,20,"US"
1929440188,"Cymopterus purpureus",-113.14,36.39,1969,5,27,"US"
1929693697,"Cymopterus purpureus",-113.59,36.82,1969,5,22,"US"
1928531483,"Cymopterus purpureus",-109.592023,40.398922,1967,6,20,"US"
1928013766,"Cymopterus purpureus",-110.854605,39.655141,1965,4,29,"US"
1931341625,"Cymopterus purpureus",-110.854605,39.655141,1965,4,29,"US"
415724187,"Cymopterus purpureus",-110.927236,37.691421,1965,5,10,"US"
1929294898,"Cymopterus purpureus",-111.95,37.24,1965,5,21,"US"
1930730390,"Cymopterus purpureus",-110.91,37.685,1965,5,10,"US"
1931215472,"Cymopterus purpureus",-112.98,37.32,1965,6,22,"US"
1986956432,"Cymopterus purpureus",-110.125556,37.645278,1965,6,13,"US"
2270696669,"Cymopterus purpureus",-111.9397,36.13694,1965,6,12,"US"
2573338288,"Cymopterus purpureus",-108.48185,37.11345,1965,6,9,"US"
2573339244,"Cymopterus purpureus",-108.50252,37.18298,1965,6,5,"US"
2573339482,"Cymopterus purpureus",-108.50252,37.18298,1965,6,5,"US"
2573422796,"Cymopterus purpureus",-109.552568,35.063164,1963,4,29,"US"
1986900518,"Cymopterus purpureus",-113.7805,37.1493,1963,5,21,"US"
2573339424,"Cymopterus purpureus",-108.4856,37.11262,1963,5,23,"US"
1929909434,"Cymopterus purpureus",-111.865158,37.351169,1961,5,30,"US"
1929114385,"Cymopterus purpureus",-110.76,38.12,1961,6,17,"US"
1929266185,"Cymopterus purpureus",-109.92,37.6,1961,6,28,"US"
1930960172,"Cymopterus purpureus",-109.78,37.91,1961,6,12,"US"
1986900237,"Cymopterus purpureus",-109.9198,37.5993,1961,6,28,"US"
1928658503,"Cymopterus purpureus",-110.782363,38.108131,1953,6,19,"US"
2573338299,"Cymopterus purpureus",-107.978794,38.942449,1952,5,31,"US"
2242365859,"Cymopterus purpureus",-108.623896,38.258924,1951,6,9,"US"
2573340043,"Cymopterus purpureus",-108.124164,39.38496,1948,5,30,"US"
2242364127,"Cymopterus purpureus",-108.035898,37.439282,1947,5,31,"US"
2242364781,"Cymopterus purpureus",-108.035898,37.439282,1947,5,31,"US"
2573342549,"Cymopterus purpureus",-108.45837,37.34879,1947,5,31,"US"
1931081881,"Cymopterus purpureus",-109.551788,37.429452,1944,5,15,"US"
1930622316,"Cymopterus purpureus",-109.369694,37.872575,1944,6,17,"US"
1930138508,"Cymopterus purpureus",-113.0619,37.6775,1942,5,7,"US"
1928351246,"Cymopterus purpureus",-112.5928,37.4064,1942,6,4,"US"
1931109255,"Cymopterus purpureus",-110.6786,38.8294,1942,6,1,"US"
1930442897,"Cymopterus purpureus",-112.5264,37.0472,1941,5,5,"US"
2573340926,"Cymopterus purpureus",-108.46149,37.13841,1929,5,18,"US"
2573338962,"Cymopterus purpureus",-107.317519,37.20668,1924,6,21,"US"
2573341169,"Cymopterus purpureus",-107.297766,37.180263,1924,7,1,"US"
1928900296,"Cymopterus purpureus",-107.598112,37.225559,1917,6,28,"US"
2573341972,"Cymopterus purpureus",-108.56463,38.21883,1914,4,27,"US"
2859139102,"Cymopterus purpureus",-108.568703,38.218324,1914,4,27,"US"
1928346687,"Cymopterus purpureus",-108.215082,39.334423,1911,5,19,"US"
2573338799,"Cymopterus purpureus",-108.21507,39.33442,1911,5,19,"US"
1930036637,"Cymopterus purpureus",-108.215082,39.334423,1910,5,27,"US"
1930557612,"Cymopterus purpureus",-108.289249,37.344996,1901,5,27,"US"
1931265885,"Cymopterus purpureus",-107.556725,38.442488,1901,6,6,"US"
1928599155,"Cymopterus purpureus",-107.992846,36.822226,1899,4,NA,"US"
185845144,"Cymopterus purpureus",-106.9553,37.0048,NA,NA,NA,"US"
185845145,"Cymopterus purpureus",-107.441,37.0206,NA,NA,NA,"US"
185845146,"Cymopterus purpureus",-107.6023,39.5497,NA,NA,NA,"US"
185845147,"Cymopterus purpureus",-108.1217,39.3924,NA,NA,NA,"US"
185845148,"Cymopterus purpureus",-107.8033,39.6073,NA,NA,NA,"US"
185845149,"Cymopterus purpureus",-109.0039,39.2592,NA,NA,NA,"US"
185845150,"Cymopterus purpureus",-108.3151,39.317,NA,NA,NA,"US"
185845151,"Cymopterus purpureus",-108.7627,39.0542,NA,NA,NA,"US"
185845152,"Cymopterus purpureus",-108.57609,40.26251,NA,NA,NA,"US"
185845153,"Cymopterus purpureus",-108.66633,40.25752,NA,NA,NA,"US"
185845154,"Cymopterus purpureus",-108.9585,40.4859,NA,NA,NA,"US"
185845155,"Cymopterus purpureus",-108.5836,40.2587,NA,NA,NA,"US"
185845156,"Cymopterus purpureus",-108.93712,40.63307,NA,NA,NA,"US"
185845159,"Cymopterus purpureus",-108.6461,37.047,NA,NA,NA,"US"
185845162,"Cymopterus purpureus",-108.4875,39.143,NA,NA,NA,"US"
185845167,"Cymopterus purpureus",-108.9304,37.5961,NA,NA,NA,"US"
185845815,"Cymopterus purpureus",-108.9123,37.5815,NA,NA,NA,"US"
2573339072,"Cymopterus purpureus",-107.88006,37.27528,NA,NA,NA,"US"
2573340475,"Cymopterus purpureus",-108.89413,38.14357,NA,NA,NA,"US"
