"gbifID","species","longitude","latitude","year","month","day","countryCode","accepted_name"
"2869128544","Falcaria vulgaris",-102.344492,43.964056,2009,7,9,"US","Falcaria vulgaris"
"176948400","Falcaria vulgaris",-96.1263,42.0267,2005,8,16,"US","Falcaria vulgaris"
"1930831287","Falcaria vulgaris",-111.820556,40.733889,2002,7,4,"US","Falcaria vulgaris"
"1986955557","Falcaria vulgaris",-111.820556,40.733889,2002,7,4,"US","Falcaria vulgaris"
"1928371052","Falcaria vulgaris",-111.819722,40.733333,2001,6,24,"US","Falcaria vulgaris"
"415727297","Falcaria vulgaris",-96.827822,41.049455,1990,7,12,"US","Falcaria vulgaris"
"1305256608","Falcaria vulgaris",-89.691065,42.952265,1981,8,5,"US","Falcaria vulgaris"
"1305256717","Falcaria vulgaris",-89.691065,42.952265,1981,8,5,"US","Falcaria vulgaris"
"415727256","Falcaria vulgaris",-96.395181,42.147873,1976,7,4,"US","Falcaria vulgaris"
"176948193","Falcaria vulgaris",-95.269788,39.532271,1932,5,29,"US","Falcaria vulgaris"
"2859149983","Falcaria vulgaris",-77.903332,39.769892,1922,9,2,"US","Falcaria vulgaris"
"2859505631","Falcaria vulgaris",-77.903332,39.769892,1922,9,2,"US","Falcaria vulgaris"
"2859508599","Falcaria vulgaris",-77.903332,39.769892,1922,9,2,"US","Falcaria vulgaris"
