"gbifID","species","longitude","latitude","year","month","day","countryCode","accepted_name"
"2561518799","Ferula communis",-123.25081,49.25408,NA,NA,NA,"CA","Ferula communis"
"3090534308","Ferula communis",-98.451941,19.532701,2015,9,12,"MX","Ferula communis"
"2422534740","Ferula communis",-122.45806,38.29222,2002,3,1,"US","Ferula communis"
"3059703429","Ferula communis",-122.780972,38.508201,2002,3,1,"US","Ferula communis"
"2242390482","Ferula communis",-104.961468,39.732207,1986,10,9,"US","Ferula communis"
