"gbifID","species","longitude","latitude","year","month","day","countryCode","accepted_name"
3457177619,"Fraxinus caroliniana",-81.279091,25.883906,2022,1,15,"US","Fraxinus caroliniana"
3468729779,"Fraxinus caroliniana",-81.601045,26.329163,2022,2,10,"US","Fraxinus caroliniana"
3468937550,"Fraxinus caroliniana",-81.622314,26.334944,2022,2,10,"US","Fraxinus caroliniana"
3499366812,"Fraxinus caroliniana",-81.606083,26.228334,2022,2,12,"US","Fraxinus caroliniana"
3499556338,"Fraxinus caroliniana",-81.498953,26.487474,2022,2,16,"US","Fraxinus caroliniana"
3499633781,"Fraxinus caroliniana",-81.037645,25.947244,2022,2,16,"US","Fraxinus caroliniana"
3698140749,"Fraxinus caroliniana",-81.95485,26.487741,2022,2,21,"US","Fraxinus caroliniana"
3698271840,"Fraxinus caroliniana",-81.13165,25.832358,2022,2,20,"US","Fraxinus caroliniana"
3698342604,"Fraxinus caroliniana",-81.755655,26.229513,2022,2,18,"US","Fraxinus caroliniana"
3698342699,"Fraxinus caroliniana",-81.62767,26.340505,2022,2,17,"US","Fraxinus caroliniana"
3698354406,"Fraxinus caroliniana",-81.10791,25.877374,2022,2,9,"US","Fraxinus caroliniana"
3698396021,"Fraxinus caroliniana",-88.22573,32.843853,2022,2,20,"US","Fraxinus caroliniana"
3712601819,"Fraxinus caroliniana",-82.965377,29.499983,2022,3,7,"US","Fraxinus caroliniana"
3712746058,"Fraxinus caroliniana",-80.802459,28.533236,2022,3,6,"US","Fraxinus caroliniana"
3747128448,"Fraxinus caroliniana",-81.097922,25.92973,2022,3,24,"US","Fraxinus caroliniana"
3747227931,"Fraxinus caroliniana",-84.549902,30.001997,2022,3,20,"US","Fraxinus caroliniana"
3747236681,"Fraxinus caroliniana",-84.564805,30.008722,2022,3,20,"US","Fraxinus caroliniana"
3759187967,"Fraxinus caroliniana",-81.640488,28.560625,2022,3,26,"US","Fraxinus caroliniana"
3759681413,"Fraxinus caroliniana",-81.82394,26.571804,2022,3,30,"US","Fraxinus caroliniana"
3759693420,"Fraxinus caroliniana",-81.852662,27.982738,2022,3,30,"US","Fraxinus caroliniana"
3760387520,"Fraxinus caroliniana",-80.250253,27.103114,2022,3,30,"US","Fraxinus caroliniana"
3773079489,"Fraxinus caroliniana",-81.553206,27.47159,2022,3,27,"US","Fraxinus caroliniana"
3759259121,"Fraxinus caroliniana",-80.224432,26.545021,2022,4,6,"US","Fraxinus caroliniana"
3759273975,"Fraxinus caroliniana",-81.319406,32.02086,2022,4,9,"US","Fraxinus caroliniana"
3759311899,"Fraxinus caroliniana",-80.996727,28.58028,2022,4,13,"US","Fraxinus caroliniana"
3759314718,"Fraxinus caroliniana",-78.240137,34.494542,2022,4,2,"US","Fraxinus caroliniana"
3759396836,"Fraxinus caroliniana",-80.349995,33.220195,2022,4,1,"US","Fraxinus caroliniana"
3759523914,"Fraxinus caroliniana",-84.545413,30.003505,2022,4,3,"US","Fraxinus caroliniana"
3759923999,"Fraxinus caroliniana",-95.269427,30.052446,2022,4,4,"US","Fraxinus caroliniana"
3760085511,"Fraxinus caroliniana",-89.966187,30.507503,2022,4,15,"US","Fraxinus caroliniana"
3760248297,"Fraxinus caroliniana",-81.96575,29.253387,2022,4,5,"US","Fraxinus caroliniana"
3760283919,"Fraxinus caroliniana",-84.559528,30.003152,2022,4,3,"US","Fraxinus caroliniana"
3760343954,"Fraxinus caroliniana",-82.341157,27.127965,2022,4,14,"US","Fraxinus caroliniana"
3764097298,"Fraxinus caroliniana",-84.876401,29.842666,2022,4,28,"US","Fraxinus caroliniana"
3764123038,"Fraxinus caroliniana",-82.377104,28.073644,2022,4,25,"US","Fraxinus caroliniana"
3773196055,"Fraxinus caroliniana",-82.445912,27.415877,2022,4,29,"US","Fraxinus caroliniana"
3773264279,"Fraxinus caroliniana",-81.093136,25.868416,2022,4,23,"US","Fraxinus caroliniana"
3773266438,"Fraxinus caroliniana",-81.158405,25.961815,2022,4,23,"US","Fraxinus caroliniana"
3773289539,"Fraxinus caroliniana",-81.15079,25.807735,2022,4,23,"US","Fraxinus caroliniana"
3773321698,"Fraxinus caroliniana",-81.040509,25.605611,2022,4,29,"US","Fraxinus caroliniana"
3773333741,"Fraxinus caroliniana",-81.19596,25.728726,2022,4,29,"US","Fraxinus caroliniana"
3773480419,"Fraxinus caroliniana",-81.776893,26.274218,2022,4,13,"US","Fraxinus caroliniana"
3772479557,"Fraxinus caroliniana",-80.108878,26.889595,2022,5,8,"US","Fraxinus caroliniana"
3772731543,"Fraxinus caroliniana",-81.830653,26.437157,2022,5,8,"US","Fraxinus caroliniana"
3772874816,"Fraxinus caroliniana",-80.996427,28.580328,2022,5,2,"US","Fraxinus caroliniana"
3772960602,"Fraxinus caroliniana",-82.25686,27.304592,2022,5,1,"US","Fraxinus caroliniana"
3773153164,"Fraxinus caroliniana",-82.539471,27.555739,2022,5,1,"US","Fraxinus caroliniana"
3773339917,"Fraxinus caroliniana",-81.062303,25.980964,2022,5,2,"US","Fraxinus caroliniana"
3773418904,"Fraxinus caroliniana",-80.992664,28.579555,2022,5,1,"US","Fraxinus caroliniana"
3773768870,"Fraxinus caroliniana",-80.992664,28.579555,2022,5,1,"US","Fraxinus caroliniana"
3031696542,"Fraxinus caroliniana",-81.640552,28.560699,2021,1,10,"US","Fraxinus caroliniana"
3031730503,"Fraxinus caroliniana",-81.640454,28.560813,2021,1,10,"US","Fraxinus caroliniana"
3031822441,"Fraxinus caroliniana",-82.280666,27.270933,2021,1,10,"US","Fraxinus caroliniana"
3314193401,"Fraxinus caroliniana",-82.14878,27.368462,2021,1,28,"US","Fraxinus caroliniana"
3044701454,"Fraxinus caroliniana",-81.553998,27.472777,2021,2,17,"US","Fraxinus caroliniana"
3044741393,"Fraxinus caroliniana",-81.409222,26.009662,2021,2,16,"US","Fraxinus caroliniana"
3058702779,"Fraxinus caroliniana",-81.151408,25.867643,2021,2,26,"US","Fraxinus caroliniana"
3058743867,"Fraxinus caroliniana",-82.379633,28.072582,2021,2,26,"US","Fraxinus caroliniana"
3058919859,"Fraxinus caroliniana",-81.4693,25.94675,2021,2,16,"US","Fraxinus caroliniana"
3059034873,"Fraxinus caroliniana",-81.778092,26.461999,2021,3,5,"US","Fraxinus caroliniana"
3059077774,"Fraxinus caroliniana",-81.826563,26.570541,2021,3,4,"US","Fraxinus caroliniana"
3061671560,"Fraxinus caroliniana",-81.58312,26.366914,2021,3,10,"US","Fraxinus caroliniana"
3067714626,"Fraxinus caroliniana",-81.557383,26.454377,2021,3,20,"US","Fraxinus caroliniana"
3067733260,"Fraxinus caroliniana",-81.651734,26.721947,2021,3,23,"US","Fraxinus caroliniana"
3124601412,"Fraxinus caroliniana",-81.019558,25.854915,2021,3,15,"US","Fraxinus caroliniana"
3124782387,"Fraxinus caroliniana",-81.019591,25.854883,2021,3,15,"US","Fraxinus caroliniana"
3079740654,"Fraxinus caroliniana",-82.38029,27.6713,2021,4,4,"US","Fraxinus caroliniana"
3079922142,"Fraxinus caroliniana",-81.151505,25.867547,2021,4,3,"US","Fraxinus caroliniana"
3090664307,"Fraxinus caroliniana",-82.945523,29.56551,2021,4,10,"US","Fraxinus caroliniana"
3090675746,"Fraxinus caroliniana",-81.545773,26.456064,2021,4,13,"US","Fraxinus caroliniana"
3090876336,"Fraxinus caroliniana",-81.261905,25.888252,2021,4,10,"US","Fraxinus caroliniana"
3097103631,"Fraxinus caroliniana",-81.629,26.315948,2021,4,22,"US","Fraxinus caroliniana"
3109151057,"Fraxinus caroliniana",-81.640616,28.56056,2021,4,26,"US","Fraxinus caroliniana"
3109183580,"Fraxinus caroliniana",-81.62956,26.315951,2021,4,22,"US","Fraxinus caroliniana"
3747326393,"Fraxinus caroliniana",-81.176587,26.213143,2021,4,23,"US","Fraxinus caroliniana"
3113278883,"Fraxinus caroliniana",-84.870258,30.074542,2021,5,7,"US","Fraxinus caroliniana"
3113387508,"Fraxinus caroliniana",-81.553402,27.471587,2021,5,9,"US","Fraxinus caroliniana"
3113488512,"Fraxinus caroliniana",-81.640934,28.560279,2021,5,10,"US","Fraxinus caroliniana"
3113507821,"Fraxinus caroliniana",-84.996944,29.919722,2021,5,7,"US","Fraxinus caroliniana"
3113508282,"Fraxinus caroliniana",-80.818055,33.822081,2021,5,3,"US","Fraxinus caroliniana"
3113521489,"Fraxinus caroliniana",-81.64094,28.560238,2021,5,10,"US","Fraxinus caroliniana"
3117754274,"Fraxinus caroliniana",-82.506957,27.283235,2021,5,17,"US","Fraxinus caroliniana"
3118341617,"Fraxinus caroliniana",-81.503536,26.142265,2021,5,19,"US","Fraxinus caroliniana"
3124780828,"Fraxinus caroliniana",-81.888885,27.226714,2021,5,21,"US","Fraxinus caroliniana"
3307354471,"Fraxinus caroliniana",-94.764381,31.501349,2021,5,5,"US","Fraxinus caroliniana"
3355197537,"Fraxinus caroliniana",-81.435871,26.747623,2021,5,27,"US","Fraxinus caroliniana"
3307170578,"Fraxinus caroliniana",-79.803663,36.180328,2021,6,7,"US","Fraxinus caroliniana"
3314144054,"Fraxinus caroliniana",-81.662841,26.385684,2021,6,18,"US","Fraxinus caroliniana"
3314209698,"Fraxinus caroliniana",-82.970083,29.425835,2021,6,12,"US","Fraxinus caroliniana"
3314221616,"Fraxinus caroliniana",-82.502747,27.278542,2021,6,18,"US","Fraxinus caroliniana"
3320836867,"Fraxinus caroliniana",-83.052605,29.290963,2021,6,26,"US","Fraxinus caroliniana"
3320911716,"Fraxinus caroliniana",-80.161811,27.0047,2021,6,25,"US","Fraxinus caroliniana"
3333043021,"Fraxinus caroliniana",-84.545343,30.003453,2021,7,25,"US","Fraxinus caroliniana"
3333259076,"Fraxinus caroliniana",-81.758362,30.182563,2021,7,24,"US","Fraxinus caroliniana"
3333387833,"Fraxinus caroliniana",-81.469208,25.946555,2021,7,24,"US","Fraxinus caroliniana"
3355018117,"Fraxinus caroliniana",-84.661334,29.986562,2021,8,23,"US","Fraxinus caroliniana"
3355063102,"Fraxinus caroliniana",-85.110986,30.109942,2021,8,23,"US","Fraxinus caroliniana"
3355737374,"Fraxinus caroliniana",-81.808652,27.624136,2021,8,30,"US","Fraxinus caroliniana"
3384704413,"Fraxinus caroliniana",-82.496919,27.203906,2021,9,4,"US","Fraxinus caroliniana"
3384808464,"Fraxinus caroliniana",-79.523094,33.484629,2021,9,25,"US","Fraxinus caroliniana"
3415378806,"Fraxinus caroliniana",-82.399202,29.888595,2021,9,14,"US","Fraxinus caroliniana"
3384249569,"Fraxinus caroliniana",-81.674271,26.384696,2021,10,6,"US","Fraxinus caroliniana"
3391309079,"Fraxinus caroliniana",-81.152507,25.902276,2021,10,10,"US","Fraxinus caroliniana"
3398661964,"Fraxinus caroliniana",-81.714281,26.077629,2021,10,9,"US","Fraxinus caroliniana"
3415359888,"Fraxinus caroliniana",-85.002522,30.008065,2021,10,19,"US","Fraxinus caroliniana"
3415667979,"Fraxinus caroliniana",-81.03743,25.836994,2021,10,28,"US","Fraxinus caroliniana"
3455859278,"Fraxinus caroliniana",-94.755543,31.483074,2021,10,20,"US","Fraxinus caroliniana"
3416096967,"Fraxinus caroliniana",-81.640428,28.560611,2021,11,15,"US","Fraxinus caroliniana"
3456101508,"Fraxinus caroliniana",-81.157447,25.81913,2021,11,14,"US","Fraxinus caroliniana"
3456372454,"Fraxinus caroliniana",-84.793368,29.834893,2021,11,23,"US","Fraxinus caroliniana"
3456936629,"Fraxinus caroliniana",-84.79332,29.834867,2021,11,23,"US","Fraxinus caroliniana"
2557773945,"Fraxinus caroliniana",-81.150133,25.867552,2020,1,1,"US","Fraxinus caroliniana"
2576297248,"Fraxinus caroliniana",-81.816441,27.902014,2020,1,23,"US","Fraxinus caroliniana"
2576259683,"Fraxinus caroliniana",-81.826563,26.570541,2020,2,29,"US","Fraxinus caroliniana"
2576276526,"Fraxinus caroliniana",-81.118758,28.680567,2020,2,26,"US","Fraxinus caroliniana"
2597820832,"Fraxinus caroliniana",-81.151209,25.867664,2020,2,11,"US","Fraxinus caroliniana"
2597872836,"Fraxinus caroliniana",-81.761762,26.536581,2020,2,5,"US","Fraxinus caroliniana"
2603403495,"Fraxinus caroliniana",-81.747788,26.216292,2020,2,21,"US","Fraxinus caroliniana"
2603478610,"Fraxinus caroliniana",-81.609568,26.374142,2020,2,21,"US","Fraxinus caroliniana"
2580112600,"Fraxinus caroliniana",-81.61097,26.095336,2020,3,16,"US","Fraxinus caroliniana"
2596084225,"Fraxinus caroliniana",-82.035106,28.316735,2020,3,20,"US","Fraxinus caroliniana"
2596343266,"Fraxinus caroliniana",-81.641023,28.559247,2020,3,26,"US","Fraxinus caroliniana"
3005250381,"Fraxinus caroliniana",-84.646111,30.401944,2020,3,15,"US","Fraxinus caroliniana"
3070529871,"Fraxinus caroliniana",-81.151664,25.867442,2020,3,29,"US","Fraxinus caroliniana"
2597796066,"Fraxinus caroliniana",-81.26527,26.095848,2020,4,9,"US","Fraxinus caroliniana"
2603499247,"Fraxinus caroliniana",-89.965986,30.505883,2020,4,14,"US","Fraxinus caroliniana"
2610974187,"Fraxinus caroliniana",-81.100484,25.788014,2020,4,24,"US","Fraxinus caroliniana"
2611394870,"Fraxinus caroliniana",-81.774025,26.106817,2020,4,22,"US","Fraxinus caroliniana"
2619936653,"Fraxinus caroliniana",-81.591808,26.227223,2020,4,24,"US","Fraxinus caroliniana"
2626135269,"Fraxinus caroliniana",-81.70958,30.296247,2020,5,17,"US","Fraxinus caroliniana"
2626166746,"Fraxinus caroliniana",-80.907946,26.197684,2020,5,17,"US","Fraxinus caroliniana"
2626541449,"Fraxinus caroliniana",-82.285729,27.263312,2020,5,11,"US","Fraxinus caroliniana"
2626609669,"Fraxinus caroliniana",-80.910011,26.196414,2020,5,17,"US","Fraxinus caroliniana"
2634116375,"Fraxinus caroliniana",-82.262282,27.188282,2020,5,29,"US","Fraxinus caroliniana"
2634491435,"Fraxinus caroliniana",-82.342253,27.127744,2020,5,24,"US","Fraxinus caroliniana"
2641531463,"Fraxinus caroliniana",-84.802257,29.887283,2020,5,24,"US","Fraxinus caroliniana"
2813889511,"Fraxinus caroliniana",-81.42682,27.714008,2020,5,17,"US","Fraxinus caroliniana"
3329399434,"Fraxinus caroliniana",-82.752082,29.221162,2020,5,15,"US","Fraxinus caroliniana"
2634103093,"Fraxinus caroliniana",-81.56402,26.141625,2020,6,2,"US","Fraxinus caroliniana"
2634511415,"Fraxinus caroliniana",-78.41572,35.8231,2020,6,4,"US","Fraxinus caroliniana"
2641573468,"Fraxinus caroliniana",-81.663808,26.708611,2020,6,9,"US","Fraxinus caroliniana"
2802674412,"Fraxinus caroliniana",-81.545646,27.47168,2020,6,14,"US","Fraxinus caroliniana"
2802934183,"Fraxinus caroliniana",-81.371501,25.979661,2020,6,16,"US","Fraxinus caroliniana"
2823254262,"Fraxinus caroliniana",-75.363755,38.222938,2020,6,28,"US","Fraxinus caroliniana"
3005157413,"Fraxinus caroliniana",-84.559167,30.002222,2020,6,17,"US","Fraxinus caroliniana"
3090796722,"Fraxinus caroliniana",-81.536863,26.482078,2020,6,16,"US","Fraxinus caroliniana"
3124544359,"Fraxinus caroliniana",-91.810142,33.588033,2020,6,2,"US","Fraxinus caroliniana"
2814131476,"Fraxinus caroliniana",-81.640847,28.560905,2020,7,5,"US","Fraxinus caroliniana"
2823124248,"Fraxinus caroliniana",-81.534039,26.49226,2020,7,20,"US","Fraxinus caroliniana"
2826179947,"Fraxinus caroliniana",-81.774269,29.475364,2020,7,24,"US","Fraxinus caroliniana"
2826392151,"Fraxinus caroliniana",-81.444253,27.709978,2020,7,26,"US","Fraxinus caroliniana"
2859944453,"Fraxinus caroliniana",-80.917129,26.181971,2020,7,4,"US","Fraxinus caroliniana"
2850774756,"Fraxinus caroliniana",-82.362825,27.51162,2020,8,7,"US","Fraxinus caroliniana"
2851074655,"Fraxinus caroliniana",-80.169167,26.975,2020,8,14,"US","Fraxinus caroliniana"
2851175405,"Fraxinus caroliniana",-81.149846,25.86713,2020,8,13,"US","Fraxinus caroliniana"
2856607822,"Fraxinus caroliniana",-80.277009,27.09631,2020,8,22,"US","Fraxinus caroliniana"
2856727430,"Fraxinus caroliniana",-81.149982,25.86735,2020,8,26,"US","Fraxinus caroliniana"
2856818308,"Fraxinus caroliniana",-81.093063,25.782358,2020,8,22,"US","Fraxinus caroliniana"
2859912501,"Fraxinus caroliniana",-81.151133,25.867844,2020,8,13,"US","Fraxinus caroliniana"
2859960979,"Fraxinus caroliniana",-88.876365,31.469976,2020,8,29,"US","Fraxinus caroliniana"
2864809697,"Fraxinus caroliniana",-81.651734,26.721947,2020,9,11,"US","Fraxinus caroliniana"
2873718973,"Fraxinus caroliniana",-80.617346,26.988146,2020,9,26,"US","Fraxinus caroliniana"
2873942029,"Fraxinus caroliniana",-82.496992,27.204033,2020,9,15,"US","Fraxinus caroliniana"
3314508381,"Fraxinus caroliniana",-82.45053,27.402758,2020,9,21,"US","Fraxinus caroliniana"
2898436188,"Fraxinus caroliniana",-81.636464,26.460906,2020,10,13,"US","Fraxinus caroliniana"
2901681841,"Fraxinus caroliniana",-82.367892,29.634655,2020,10,18,"US","Fraxinus caroliniana"
3008529014,"Fraxinus caroliniana",-82.482772,27.350394,2020,10,23,"US","Fraxinus caroliniana"
3395299309,"Fraxinus caroliniana",-78.164772,35.7485359991051,2020,10,1,"US","Fraxinus caroliniana"
3395306311,"Fraxinus caroliniana",-78.164772,35.7485359991051,2020,10,1,"US","Fraxinus caroliniana"
2984386995,"Fraxinus caroliniana",-82.367224,29.634629,2020,11,12,"US","Fraxinus caroliniana"
2984446664,"Fraxinus caroliniana",-82.3676,29.634279,2020,11,8,"US","Fraxinus caroliniana"
3005190072,"Fraxinus caroliniana",-82.262282,27.188282,2020,12,16,"US","Fraxinus caroliniana"
3008494988,"Fraxinus caroliniana",-82.631997,28.555239,2020,12,23,"US","Fraxinus caroliniana"
2006088468,"Fraxinus caroliniana",-81.824322,26.571313,2019,2,27,"US","Fraxinus caroliniana"
2012972924,"Fraxinus caroliniana",-82.3768,28.073861,2019,2,22,"US","Fraxinus caroliniana"
2012985550,"Fraxinus caroliniana",-82.376614,28.198032,2019,3,2,"US","Fraxinus caroliniana"
2013002922,"Fraxinus caroliniana",-82.284118,28.025291,2019,3,5,"US","Fraxinus caroliniana"
2013701017,"Fraxinus caroliniana",-82.377967,28.073306,2019,3,3,"US","Fraxinus caroliniana"
2013742543,"Fraxinus caroliniana",-81.771063,26.465181,2019,3,12,"US","Fraxinus caroliniana"
2234788482,"Fraxinus caroliniana",-81.756272,29.4738,2019,3,25,"US","Fraxinus caroliniana"
2235482173,"Fraxinus caroliniana",-81.389481,25.980062,2019,3,28,"US","Fraxinus caroliniana"
2235501882,"Fraxinus caroliniana",-82.27046,27.274561,2019,3,30,"US","Fraxinus caroliniana"
2860093327,"Fraxinus caroliniana",-81.000067,26.30036,2019,3,7,"US","Fraxinus caroliniana"
2860109319,"Fraxinus caroliniana",-81.180566,26.481076,2019,3,21,"US","Fraxinus caroliniana"
2235526452,"Fraxinus caroliniana",-81.771099,26.465244,2019,4,1,"US","Fraxinus caroliniana"
2242813170,"Fraxinus caroliniana",-95.657718,30.253693,2019,4,26,"US","Fraxinus caroliniana"
2242818788,"Fraxinus caroliniana",-80.45082,32.770332,2019,4,27,"US","Fraxinus caroliniana"
2251833544,"Fraxinus caroliniana",-80.202786,32.794548,2019,4,14,"US","Fraxinus caroliniana"
2283225233,"Fraxinus caroliniana",-81.626768,26.316,2019,4,11,"US","Fraxinus caroliniana"
2244216610,"Fraxinus caroliniana",-81.559733,26.451835,2019,5,6,"US","Fraxinus caroliniana"
2251858281,"Fraxinus caroliniana",-77.317561,35.324998,2019,5,21,"US","Fraxinus caroliniana"
2430683172,"Fraxinus caroliniana",-81.162242,32.282578,2019,5,20,"US","Fraxinus caroliniana"
2252053719,"Fraxinus caroliniana",-81.823897,26.5717,2019,6,3,"US","Fraxinus caroliniana"
2294436297,"Fraxinus caroliniana",-78.486664,34.156113,2019,7,2,"US","Fraxinus caroliniana"
2311298906,"Fraxinus caroliniana",-81.486069,29.7241,2019,7,8,"US","Fraxinus caroliniana"
2311416570,"Fraxinus caroliniana",-81.69354,26.329265,2019,7,27,"US","Fraxinus caroliniana"
2311430623,"Fraxinus caroliniana",-81.604108,26.375611,2019,7,27,"US","Fraxinus caroliniana"
2311430167,"Fraxinus caroliniana",-87.635136,30.866441,2019,8,1,"US","Fraxinus caroliniana"
2331887013,"Fraxinus caroliniana",-81.308994,26.187655,2019,8,2,"US","Fraxinus caroliniana"
2397608365,"Fraxinus caroliniana",-77.057123,35.759126,2019,8,28,"US","Fraxinus caroliniana"
2447834814,"Fraxinus caroliniana",-81.309578,26.189246,2019,8,2,"US","Fraxinus caroliniana"
2864637340,"Fraxinus caroliniana",-78.415205,35.823105,2019,8,25,"US","Fraxinus caroliniana"
3070344704,"Fraxinus caroliniana",-81.393133,26.038263,2019,8,25,"US","Fraxinus caroliniana"
3070464736,"Fraxinus caroliniana",-81.725074,26.216485,2019,8,10,"US","Fraxinus caroliniana"
2422897756,"Fraxinus caroliniana",-81.746528,26.336503,2019,9,3,"US","Fraxinus caroliniana"
2596104889,"Fraxinus caroliniana",-83.18062,31.377067,2019,9,2,"US","Fraxinus caroliniana"
2429372824,"Fraxinus caroliniana",-81.774433,26.461245,2019,10,4,"US","Fraxinus caroliniana"
2444957997,"Fraxinus caroliniana",-82.929271,29.559281,2019,10,21,"US","Fraxinus caroliniana"
2465306931,"Fraxinus caroliniana",-84.79316,29.83582,2019,11,25,"US","Fraxinus caroliniana"
2826350414,"Fraxinus caroliniana",-82.30999,27.241129,2019,11,16,"US","Fraxinus caroliniana"
2859944373,"Fraxinus caroliniana",-81.613815,26.371746,2019,12,31,"US","Fraxinus caroliniana"
1836564135,"Fraxinus caroliniana",-81.543789,28.126602,2018,2,28,"US","Fraxinus caroliniana"
2012944335,"Fraxinus caroliniana",-81.823128,26.57444,2018,3,10,"US","Fraxinus caroliniana"
1838010013,"Fraxinus caroliniana",-81.474609,28.189064,2018,4,1,"US","Fraxinus caroliniana"
1883466803,"Fraxinus caroliniana",-88.628333,30.569181,2018,6,29,"US","Fraxinus caroliniana"
2235490342,"Fraxinus caroliniana",-81.498856,29.892092,2018,6,22,"US","Fraxinus caroliniana"
2856743314,"Fraxinus caroliniana",-89.706955,30.306913,2018,6,23,"US","Fraxinus caroliniana"
2860080323,"Fraxinus caroliniana",-81.065946,25.858057,2018,7,22,"US","Fraxinus caroliniana"
3395311333,"Fraxinus caroliniana",-80.2303,34.0766,2018,7,17,"US","Fraxinus caroliniana"
1898798612,"Fraxinus caroliniana",-80.997087,28.570051,2018,8,17,"US","Fraxinus caroliniana"
2012774996,"Fraxinus caroliniana",-82.28739,30.43593,2018,8,19,"US","Fraxinus caroliniana"
2012781992,"Fraxinus caroliniana",-82.37152,28.07522,2018,8,17,"US","Fraxinus caroliniana"
2012792503,"Fraxinus caroliniana",-82.31123,28.098,2018,8,17,"US","Fraxinus caroliniana"
2012798764,"Fraxinus caroliniana",-81.83626,31.66708,2018,8,20,"US","Fraxinus caroliniana"
2012802687,"Fraxinus caroliniana",-82.05557,28.31256,2018,8,18,"US","Fraxinus caroliniana"
2012803387,"Fraxinus caroliniana",-82.37795,28.07273,2018,8,17,"US","Fraxinus caroliniana"
2012807508,"Fraxinus caroliniana",-82.50149,27.99686,2018,8,16,"US","Fraxinus caroliniana"
2012807657,"Fraxinus caroliniana",-82.05435,28.5217,2018,8,18,"US","Fraxinus caroliniana"
2012813286,"Fraxinus caroliniana",-82.03083,28.27705,2018,8,18,"US","Fraxinus caroliniana"
2012814107,"Fraxinus caroliniana",-82.37802,28.0576,2018,8,17,"US","Fraxinus caroliniana"
2012815296,"Fraxinus caroliniana",-82.03202,28.27826,2018,8,18,"US","Fraxinus caroliniana"
2012817363,"Fraxinus caroliniana",-82.50154,27.99687,2018,8,16,"US","Fraxinus caroliniana"
2012821789,"Fraxinus caroliniana",-82.05436,28.52156,2018,8,18,"US","Fraxinus caroliniana"
2235415460,"Fraxinus caroliniana",-85.1992,34.9625,2018,8,15,"US","Fraxinus caroliniana"
2235421902,"Fraxinus caroliniana",-85.2004,34.9625,2018,8,15,"US","Fraxinus caroliniana"
2382912409,"Fraxinus caroliniana",-81.08213,32.17906,2018,8,20,"US","Fraxinus caroliniana"
2382914026,"Fraxinus caroliniana",-81.08217,32.17895,2018,8,20,"US","Fraxinus caroliniana"
2382917678,"Fraxinus caroliniana",-85.20023,34.96253,2018,8,15,"US","Fraxinus caroliniana"
2382924941,"Fraxinus caroliniana",-82.62329,30.12752,2018,8,19,"US","Fraxinus caroliniana"
2382927224,"Fraxinus caroliniana",-85.1999,34.9623,2018,8,15,"US","Fraxinus caroliniana"
2382931729,"Fraxinus caroliniana",-82.62352,30.12739,2018,8,19,"US","Fraxinus caroliniana"
2382935827,"Fraxinus caroliniana",-85.2002,34.9623,2018,8,15,"US","Fraxinus caroliniana"
2382938597,"Fraxinus caroliniana",-85.1995,34.9625,2018,8,15,"US","Fraxinus caroliniana"
2447824660,"Fraxinus caroliniana",-81.611092,26.372941,2018,8,16,"US","Fraxinus caroliniana"
3328175559,"Fraxinus caroliniana",-82.05569,28.31239,2018,8,18,"US","Fraxinus caroliniana"
3328189367,"Fraxinus caroliniana",-77.4414,36.5617,2018,8,13,"US","Fraxinus caroliniana"
3328202806,"Fraxinus caroliniana",-82.05559,28.31248,2018,8,18,"US","Fraxinus caroliniana"
3328205501,"Fraxinus caroliniana",-76.9217,37.0542,2018,8,13,"US","Fraxinus caroliniana"
3328206325,"Fraxinus caroliniana",-76.9453,36.5658,2018,8,13,"US","Fraxinus caroliniana"
2012773049,"Fraxinus caroliniana",-80.2838,35.48575,2018,9,7,"US","Fraxinus caroliniana"
2012773126,"Fraxinus caroliniana",-78.63246,34.47565,2018,9,9,"US","Fraxinus caroliniana"
2012783108,"Fraxinus caroliniana",-80.28326,35.48581,2018,9,7,"US","Fraxinus caroliniana"
2012783164,"Fraxinus caroliniana",-78.63196,34.47534,2018,9,9,"US","Fraxinus caroliniana"
2012792160,"Fraxinus caroliniana",-80.28693,35.48725,2018,9,7,"US","Fraxinus caroliniana"
2012805033,"Fraxinus caroliniana",-80.2876,35.48552,2018,9,7,"US","Fraxinus caroliniana"
2012808729,"Fraxinus caroliniana",-80.2876,35.48523,2018,9,7,"US","Fraxinus caroliniana"
2012809268,"Fraxinus caroliniana",-81.7085,35.7653,2018,9,6,"US","Fraxinus caroliniana"
2012815852,"Fraxinus caroliniana",-78.63715,34.4787,2018,9,9,"US","Fraxinus caroliniana"
2012819591,"Fraxinus caroliniana",-80.28588,35.48544,2018,9,7,"US","Fraxinus caroliniana"
2382910566,"Fraxinus caroliniana",-78.26581,34.40357,2018,9,9,"US","Fraxinus caroliniana"
2382922542,"Fraxinus caroliniana",-78.47264,34.42168,2018,9,9,"US","Fraxinus caroliniana"
2382922838,"Fraxinus caroliniana",-78.28211,35.73455,2018,9,10,"US","Fraxinus caroliniana"
2382925129,"Fraxinus caroliniana",-78.27987,34.37176,2018,9,9,"US","Fraxinus caroliniana"
2382926973,"Fraxinus caroliniana",-78.60628,34.63327,2018,9,9,"US","Fraxinus caroliniana"
2382932343,"Fraxinus caroliniana",-78.47302,34.42189,2018,9,9,"US","Fraxinus caroliniana"
2382913819,"Fraxinus caroliniana",-88.51496,35.45859,2018,10,3,"US","Fraxinus caroliniana"
2382920129,"Fraxinus caroliniana",-89.09909,32.84411,2018,10,5,"US","Fraxinus caroliniana"
2382922251,"Fraxinus caroliniana",-89.38389,33.79675,2018,10,3,"US","Fraxinus caroliniana"
2382922658,"Fraxinus caroliniana",-89.0966,32.8412,2018,10,5,"US","Fraxinus caroliniana"
2382926509,"Fraxinus caroliniana",-89.09783,32.84401,2018,10,5,"US","Fraxinus caroliniana"
2382931649,"Fraxinus caroliniana",-90.9237,33.4644,2018,10,4,"US","Fraxinus caroliniana"
2382937347,"Fraxinus caroliniana",-88.51455,35.4591,2018,10,3,"US","Fraxinus caroliniana"
2005277636,"Fraxinus caroliniana",-81.824503,26.573018,2018,12,27,"US","Fraxinus caroliniana"
2012950887,"Fraxinus caroliniana",-81.823586,26.573908,2018,12,27,"US","Fraxinus caroliniana"
2860065326,"Fraxinus caroliniana",-81.823067,26.574258,2018,12,27,"US","Fraxinus caroliniana"
1890728358,"Fraxinus caroliniana",-90.643618,30.380648,2017,1,21,"US","Fraxinus caroliniana"
1676085672,"Fraxinus caroliniana",-82.4031,28.1564,2017,2,16,"US","Fraxinus caroliniana"
1455596620,"Fraxinus caroliniana",-95.033599,30.383556,2017,3,30,"US","Fraxinus caroliniana"
1676085843,"Fraxinus caroliniana",-82.4083,28.1606,2017,4,25,"US","Fraxinus caroliniana"
2013025878,"Fraxinus caroliniana",-81.825793,26.5722,2017,5,11,"US","Fraxinus caroliniana"
2013025881,"Fraxinus caroliniana",-81.737831,26.667123,2017,5,12,"US","Fraxinus caroliniana"
2862351307,"Fraxinus caroliniana",-81.699596,26.653919,2017,5,24,"US","Fraxinus caroliniana"
3044764455,"Fraxinus caroliniana",-82.107222,28.506944,2017,7,18,"US","Fraxinus caroliniana"
1928199021,"Fraxinus caroliniana",-78.38945,35.91734,2017,8,19,"US","Fraxinus caroliniana"
1929198242,"Fraxinus caroliniana",-78.38954,35.91723,2017,8,19,"US","Fraxinus caroliniana"
1929890740,"Fraxinus caroliniana",-78.38937,35.9183,2017,8,19,"US","Fraxinus caroliniana"
1930809645,"Fraxinus caroliniana",-78.38939,35.91835,2017,8,19,"US","Fraxinus caroliniana"
1930878163,"Fraxinus caroliniana",-78.38962,35.91673,2017,8,19,"US","Fraxinus caroliniana"
1931011706,"Fraxinus caroliniana",-78.3899,35.91663,2017,8,19,"US","Fraxinus caroliniana"
1931306710,"Fraxinus caroliniana",-78.38971,35.91676,2017,8,19,"US","Fraxinus caroliniana"
1821692823,"Fraxinus caroliniana",-80.6744,33.7914,2016,4,29,"US","Fraxinus caroliniana"
1849093341,"Fraxinus caroliniana",-80.674717,33.791627,2016,4,29,"US","Fraxinus caroliniana"
1927976472,"Fraxinus caroliniana",-85.02878,30.05828,2016,10,21,"US","Fraxinus caroliniana"
1928158748,"Fraxinus caroliniana",-84.51906,33.57986,2016,10,13,"US","Fraxinus caroliniana"
1928308182,"Fraxinus caroliniana",-84.80503,30.37494,2016,10,12,"US","Fraxinus caroliniana"
1928466971,"Fraxinus caroliniana",-85.55769,30.38561,2016,10,10,"US","Fraxinus caroliniana"
1928627237,"Fraxinus caroliniana",-87.915,30.8153,2016,10,9,"US","Fraxinus caroliniana"
1928830324,"Fraxinus caroliniana",-84.70217,33.43903,2016,10,13,"US","Fraxinus caroliniana"
1929027145,"Fraxinus caroliniana",-85.55617,30.38578,2016,10,10,"US","Fraxinus caroliniana"
1929138266,"Fraxinus caroliniana",-84.80578,30.37456,2016,10,12,"US","Fraxinus caroliniana"
1929172322,"Fraxinus caroliniana",-85.55619,30.38514,2016,10,10,"US","Fraxinus caroliniana"
1929438232,"Fraxinus caroliniana",-84.80486,30.37508,2016,10,12,"US","Fraxinus caroliniana"
1930152216,"Fraxinus caroliniana",-85.02883,30.05803,2016,10,21,"US","Fraxinus caroliniana"
1930154775,"Fraxinus caroliniana",-85.54817,30.43197,2016,10,10,"US","Fraxinus caroliniana"
1930491758,"Fraxinus caroliniana",-85.02883,30.05803,2016,10,21,"US","Fraxinus caroliniana"
1930507678,"Fraxinus caroliniana",-84.80486,30.37508,2016,10,12,"US","Fraxinus caroliniana"
1930670364,"Fraxinus caroliniana",-85.54828,30.43261,2016,10,10,"US","Fraxinus caroliniana"
1931156276,"Fraxinus caroliniana",-84.7436,31.1733,2016,10,12,"US","Fraxinus caroliniana"
1930235675,"Fraxinus caroliniana",-82.77728,28.034,2016,11,20,"US","Fraxinus caroliniana"
1930248457,"Fraxinus caroliniana",-82.77775,28.03369,2016,11,20,"US","Fraxinus caroliniana"
1272074663,"Fraxinus caroliniana",-80.172463,26.807938,2015,4,16,"US","Fraxinus caroliniana"
3470662868,"Fraxinus caroliniana",-78.752044,35.389581,2015,5,18,"US","Fraxinus caroliniana"
3327909382,"Fraxinus caroliniana",-82.270414,27.274511,2015,6,4,"US","Fraxinus caroliniana"
1851032408,"Fraxinus caroliniana",-90.037163,30.351829,2015,10,8,"US","Fraxinus caroliniana"
1851033115,"Fraxinus caroliniana",-90.037163,30.351829,2015,10,8,"US","Fraxinus caroliniana"
1851033240,"Fraxinus caroliniana",-90.037163,30.351829,2015,10,8,"US","Fraxinus caroliniana"
3039468756,"Fraxinus caroliniana",-81.608501,26.376772,2014,2,11,"US","Fraxinus caroliniana"
1838010015,"Fraxinus caroliniana",-81.476326,28.198942,2014,4,1,"US","Fraxinus caroliniana"
1563150817,"Fraxinus caroliniana",-93.177167,32.156878,2014,5,8,"US","Fraxinus caroliniana"
1990182114,"Fraxinus caroliniana",-78.48246,34.26001,2014,5,22,"US","Fraxinus caroliniana"
1990182132,"Fraxinus caroliniana",-78.4813,34.26082,2014,5,22,"US","Fraxinus caroliniana"
1503277233,"Fraxinus caroliniana",-82.2556,30.8497,2014,6,20,"US","Fraxinus caroliniana"
3709817044,"Fraxinus caroliniana",-81.4191,32.182,2014,7,10,"US","Fraxinus caroliniana"
3470661302,"Fraxinus caroliniana",-78.747069,35.407294,2014,9,11,"US","Fraxinus caroliniana"
2422510071,"Fraxinus caroliniana",-80.70111,33.14831,2013,5,11,"US","Fraxinus caroliniana"
2540731236,"Fraxinus caroliniana",-81.823881,26.571788,2013,5,24,"US","Fraxinus caroliniana"
1269729852,"Fraxinus caroliniana",-90.64464,30.23313,2013,10,29,"US","Fraxinus caroliniana"
3709846750,"Fraxinus caroliniana",-81.32291,32.01984,2012,3,23,"US","Fraxinus caroliniana"
1503268705,"Fraxinus caroliniana",-81.61,29.9897,2012,4,16,"US","Fraxinus caroliniana"
1930791394,"Fraxinus caroliniana",-81.61003,29.98972,2012,4,16,"US","Fraxinus caroliniana"
3766294892,"Fraxinus caroliniana",-86.91066,32.39408,2012,5,11,"US","Fraxinus caroliniana"
1891359028,"Fraxinus caroliniana",-88.450756,30.455333,2012,6,19,"US","Fraxinus caroliniana"
1990228929,"Fraxinus caroliniana",-77.6765,34.575639,2012,6,15,"US","Fraxinus caroliniana"
1930487795,"Fraxinus caroliniana",-75.363819,38.222861,2012,7,9,"US","Fraxinus caroliniana"
2235856292,"Fraxinus caroliniana",-75.3638,38.2229,2012,7,9,"US","Fraxinus caroliniana"
3435798562,"Fraxinus caroliniana",-92.27341,34.57759,2012,7,5,"US","Fraxinus caroliniana"
3470017744,"Fraxinus caroliniana",-92.27341,34.57759,2012,7,5,"US","Fraxinus caroliniana"
3709986752,"Fraxinus caroliniana",-81.32331,32.0155,2012,8,25,"US","Fraxinus caroliniana"
1849134956,"Fraxinus caroliniana",-81.122592,32.267875,2011,4,25,"US","Fraxinus caroliniana"
1849176944,"Fraxinus caroliniana",-81.122592,32.267875,2011,4,6,"US","Fraxinus caroliniana"
1928315058,"Fraxinus caroliniana",-79.241214,34.305711,2011,4,28,"US","Fraxinus caroliniana"
1928525244,"Fraxinus caroliniana",-79.241214,34.305711,2011,4,28,"US","Fraxinus caroliniana"
1990228988,"Fraxinus caroliniana",-77.644028,34.581722,2011,5,15,"US","Fraxinus caroliniana"
2860102373,"Fraxinus caroliniana",-80.177673,26.931671,2011,5,14,"US","Fraxinus caroliniana"
1503265331,"Fraxinus caroliniana",-81.8839,27.0172,2011,10,9,"US","Fraxinus caroliniana"
1849113378,"Fraxinus caroliniana",-80.5224,33.3825,2010,4,30,"US","Fraxinus caroliniana"
1849117544,"Fraxinus caroliniana",-80.5224,33.3825,2010,4,30,"US","Fraxinus caroliniana"
1849161237,"Fraxinus caroliniana",-80.561,33.3647,2010,4,30,"US","Fraxinus caroliniana"
2418034302,"Fraxinus caroliniana",-121.808611,39.744167,2010,5,28,"US","Fraxinus caroliniana"
3059694301,"Fraxinus caroliniana",-121.8085,39.7441,2010,5,28,"US","Fraxinus caroliniana"
1849106286,"Fraxinus caroliniana",-80.5158,33.0612,2010,8,12,"US","Fraxinus caroliniana"
1849152231,"Fraxinus caroliniana",-80.6188,32.7658,2010,9,11,"US","Fraxinus caroliniana"
1849156008,"Fraxinus caroliniana",-80.6223,32.7632,2010,9,11,"US","Fraxinus caroliniana"
2234414271,"Fraxinus caroliniana",-80.6223,32.7632,2010,9,11,"US","Fraxinus caroliniana"
2234416999,"Fraxinus caroliniana",-80.6188,32.7658,2010,9,11,"US","Fraxinus caroliniana"
1503259102,"Fraxinus caroliniana",-81.35,27.3667,2009,12,10,"US","Fraxinus caroliniana"
1503252990,"Fraxinus caroliniana",-82.3278,27.1175,2008,3,14,"US","Fraxinus caroliniana"
1269722739,"Fraxinus caroliniana",-90.64993,30.38649,2008,4,25,"US","Fraxinus caroliniana"
1503264931,"Fraxinus caroliniana",-82.2667,27.3,2008,4,7,"US","Fraxinus caroliniana"
1849110987,"Fraxinus caroliniana",-79.4965,33.8463,2008,4,24,"US","Fraxinus caroliniana"
1913946068,"Fraxinus caroliniana",-86.406,31.597,2008,6,19,"US","Fraxinus caroliniana"
1849127379,"Fraxinus caroliniana",-80.4411,33.053,2008,7,12,"US","Fraxinus caroliniana"
1849167196,"Fraxinus caroliniana",-80.4036,33.0505,2008,7,12,"US","Fraxinus caroliniana"
2234538975,"Fraxinus caroliniana",-80.4036,33.0505,2008,7,12,"US","Fraxinus caroliniana"
1503256401,"Fraxinus caroliniana",-82,27.0333,2008,9,29,"US","Fraxinus caroliniana"
1457763219,"Fraxinus caroliniana",-84.676389,30.176694,2007,3,26,"US","Fraxinus caroliniana"
1928819263,"Fraxinus caroliniana",-84.67639,30.17669,2007,3,26,"US","Fraxinus caroliniana"
3308711497,"Fraxinus caroliniana",-84.67639,30.17669,2007,3,26,"US","Fraxinus caroliniana"
1258021708,"Fraxinus caroliniana",-81.738611,29.475556,2007,5,20,"US","Fraxinus caroliniana"
1849128740,"Fraxinus caroliniana",-79.4648,33.8277,2007,5,22,"US","Fraxinus caroliniana"
1269726049,"Fraxinus caroliniana",-90.542189,30.094109,2007,6,6,"US","Fraxinus caroliniana"
3744698063,"Fraxinus caroliniana",-87.88,31.01,2007,6,3,"US","Fraxinus caroliniana"
1849110161,"Fraxinus caroliniana",-79.8652,33.6681,2007,7,13,"US","Fraxinus caroliniana"
1503252576,"Fraxinus caroliniana",-82.21,28.5225,2007,9,22,"US","Fraxinus caroliniana"
1457762034,"Fraxinus caroliniana",-82.031617,29.2022,2006,4,2,"US","Fraxinus caroliniana"
1269720218,"Fraxinus caroliniana",-94.026,32.991,2006,5,31,"US","Fraxinus caroliniana"
1269720246,"Fraxinus caroliniana",-94.026,32.991,2006,5,31,"US","Fraxinus caroliniana"
2430231404,"Fraxinus caroliniana",-81.7269,31.14227,2006,5,19,"US","Fraxinus caroliniana"
3707741292,"Fraxinus caroliniana",-81.7269,31.14227,2006,5,19,"US","Fraxinus caroliniana"
3707751092,"Fraxinus caroliniana",-89.8094,30.6181,2006,6,5,"US","Fraxinus caroliniana"
1913945650,"Fraxinus caroliniana",-86.673611,31.613333,2006,7,8,"US","Fraxinus caroliniana"
2430312672,"Fraxinus caroliniana",-81.93077,30.8364,2006,7,20,"US","Fraxinus caroliniana"
2430426105,"Fraxinus caroliniana",-81.90265,30.83102,2006,7,20,"US","Fraxinus caroliniana"
3470025417,"Fraxinus caroliniana",-81.93077,30.8364,2006,7,20,"US","Fraxinus caroliniana"
3707725277,"Fraxinus caroliniana",-81.930767,30.8364,2006,7,20,"US","Fraxinus caroliniana"
3707725291,"Fraxinus caroliniana",-81.90265,30.83102,2006,7,20,"US","Fraxinus caroliniana"
3707734747,"Fraxinus caroliniana",-88.7222,30.70922,2006,7,27,"US","Fraxinus caroliniana"
3744690621,"Fraxinus caroliniana",-86.67,31.61,2006,7,8,"US","Fraxinus caroliniana"
1269720111,"Fraxinus caroliniana",-92.091,29.914,2006,8,2,"US","Fraxinus caroliniana"
1269720140,"Fraxinus caroliniana",-92.091,29.914,2006,8,2,"US","Fraxinus caroliniana"
3435797558,"Fraxinus caroliniana",-92.26047,34.57926,2005,5,24,"US","Fraxinus caroliniana"
3709927665,"Fraxinus caroliniana",-81.639,30.547,2005,6,30,"US","Fraxinus caroliniana"
3435797531,"Fraxinus caroliniana",-92.747001,33.838588,2005,7,13,"US","Fraxinus caroliniana"
3435797542,"Fraxinus caroliniana",-92.325073,33.779703,2005,7,15,"US","Fraxinus caroliniana"
3460990399,"Fraxinus caroliniana",-91.97197,33.57703,2005,9,28,"US","Fraxinus caroliniana"
1503264793,"Fraxinus caroliniana",-80.2667,26.6833,2004,3,9,"US","Fraxinus caroliniana"
1259240690,"Fraxinus caroliniana",-97.353056,27.716667,2004,4,12,"US","Fraxinus caroliniana"
1503264569,"Fraxinus caroliniana",-85.0667,30.7,2004,4,16,"US","Fraxinus caroliniana"
1913945161,"Fraxinus caroliniana",-85.957778,31.9325,2004,4,28,"US","Fraxinus caroliniana"
2270535992,"Fraxinus caroliniana",-86.89389,31.60611,2004,4,28,"US","Fraxinus caroliniana"
3744690608,"Fraxinus caroliniana",-85.95,31.93,2004,4,28,"US","Fraxinus caroliniana"
3744690617,"Fraxinus caroliniana",-86.89,31.6,2004,4,28,"US","Fraxinus caroliniana"
3766294891,"Fraxinus caroliniana",-86.89389,31.606112,2004,4,28,"US","Fraxinus caroliniana"
3766316013,"Fraxinus caroliniana",-85.957779,31.932501,2004,4,28,"US","Fraxinus caroliniana"
3435797956,"Fraxinus caroliniana",-92.26047,34.57926,2004,5,4,"US","Fraxinus caroliniana"
1503257523,"Fraxinus caroliniana",-82.5918,28.1939,2004,6,11,"US","Fraxinus caroliniana"
1258119427,"Fraxinus caroliniana",-83.7683,30.3817,2004,7,1,"US","Fraxinus caroliniana"
1258119434,"Fraxinus caroliniana",-83.7518,30.4019,2004,7,5,"US","Fraxinus caroliniana"
1457749410,"Fraxinus caroliniana",-83.768278,30.381667,2004,7,1,"US","Fraxinus caroliniana"
1457752721,"Fraxinus caroliniana",-83.768278,30.381667,2004,7,1,"US","Fraxinus caroliniana"
1457781056,"Fraxinus caroliniana",-83.751806,30.401917,2004,7,5,"US","Fraxinus caroliniana"
1457787960,"Fraxinus caroliniana",-83.751806,30.401917,2004,7,5,"US","Fraxinus caroliniana"
1849118448,"Fraxinus caroliniana",-83.768278,30.381667,2004,7,1,"US","Fraxinus caroliniana"
1849164069,"Fraxinus caroliniana",-83.768278,30.381667,2004,7,1,"US","Fraxinus caroliniana"
3707732480,"Fraxinus caroliniana",-88.436944,30.486111,2004,7,4,"US","Fraxinus caroliniana"
1258119416,"Fraxinus caroliniana",-83.0924,29.83,2004,9,4,"US","Fraxinus caroliniana"
1457748260,"Fraxinus caroliniana",-83.092444,29.83,2004,9,4,"US","Fraxinus caroliniana"
1457789317,"Fraxinus caroliniana",-83.092444,29.83,2004,9,4,"US","Fraxinus caroliniana"
1503264705,"Fraxinus caroliniana",-82.35,27.9167,2003,3,6,"US","Fraxinus caroliniana"
1503248960,"Fraxinus caroliniana",-81.35,27.3667,2003,4,1,"US","Fraxinus caroliniana"
1503256784,"Fraxinus caroliniana",-82.5918,28.1939,2003,5,27,"US","Fraxinus caroliniana"
1849137340,"Fraxinus caroliniana",-80.5441,33.7011,2003,5,17,"US","Fraxinus caroliniana"
3413536063,"Fraxinus caroliniana",-94.679097,30.599266,2003,5,14,"US","Fraxinus caroliniana"
1849160371,"Fraxinus caroliniana",-77.350278,36.305556,2003,6,19,"US","Fraxinus caroliniana"
1849144792,"Fraxinus caroliniana",-81.0937,33.5888,2003,8,9,"US","Fraxinus caroliniana"
2807263960,"Fraxinus caroliniana",-94.16667,30.25,2003,8,23,"US","Fraxinus caroliniana"
1503248736,"Fraxinus caroliniana",-82.5918,28.1939,2003,9,1,"US","Fraxinus caroliniana"
2807460089,"Fraxinus caroliniana",-95.16667,30.11667,2003,10,21,"US","Fraxinus caroliniana"
1503276348,"Fraxinus caroliniana",-82.3969,28.0722,2002,2,12,"US","Fraxinus caroliniana"
3707760581,"Fraxinus caroliniana",-88.486944,30.422222,2002,4,23,"US","Fraxinus caroliniana"
3707761544,"Fraxinus caroliniana",-88.551389,30.523611,2002,5,17,"US","Fraxinus caroliniana"
1258119463,"Fraxinus caroliniana",-83.3667,29.905,2002,7,26,"US","Fraxinus caroliniana"
233098846,"Fraxinus caroliniana",-84.189787,30.766894,2001,5,6,"US","Fraxinus caroliniana"
2234347774,"Fraxinus caroliniana",-94.264764,31.390312,2001,8,28,"US","Fraxinus caroliniana"
1503248400,"Fraxinus caroliniana",-84.9833,29.7256,2001,10,9,"US","Fraxinus caroliniana"
1503236571,"Fraxinus caroliniana",-81.4926,29.3169,2000,3,20,"US","Fraxinus caroliniana"
1849190975,"Fraxinus caroliniana",-85.178889,30.021111,2000,6,2,"US","Fraxinus caroliniana"
2807208010,"Fraxinus caroliniana",-94.15944,29.87583,2000,6,15,"US","Fraxinus caroliniana"
1258119439,"Fraxinus caroliniana",-83.0393,30.5807,2000,10,17,"US","Fraxinus caroliniana"
1457790572,"Fraxinus caroliniana",-83.039333,30.580667,2000,10,17,"US","Fraxinus caroliniana"
1978895365,"Fraxinus caroliniana",-82.418617,27.762333,2000,10,4,"US","Fraxinus caroliniana"
1457747945,"Fraxinus caroliniana",-81.723333,30.731833,1999,4,17,"US","Fraxinus caroliniana"
1503240887,"Fraxinus caroliniana",-82.1833,27.4833,1999,4,4,"US","Fraxinus caroliniana"
3766294960,"Fraxinus caroliniana",-87,32.875,1999,7,10,"US","Fraxinus caroliniana"
1503236600,"Fraxinus caroliniana",-81.5129,30.1436,1999,8,17,"US","Fraxinus caroliniana"
2825496068,"Fraxinus caroliniana",-78.242319,35.087574,1999,8,14,"US","Fraxinus caroliniana"
1503241111,"Fraxinus caroliniana",-80.4167,27.3333,1998,4,27,"US","Fraxinus caroliniana"
2417991896,"Fraxinus caroliniana",-79.124444,33.591111,1998,5,2,"US","Fraxinus caroliniana"
1849145626,"Fraxinus caroliniana",-79.302,33.4003,1998,7,29,"US","Fraxinus caroliniana"
2417992316,"Fraxinus caroliniana",-79.505556,33.6675,1998,7,29,"US","Fraxinus caroliniana"
1928543986,"Fraxinus caroliniana",-92.883381,31.979984,1998,8,25,"US","Fraxinus caroliniana"
2417992044,"Fraxinus caroliniana",-79.145833,33.559444,1998,8,11,"US","Fraxinus caroliniana"
1503240783,"Fraxinus caroliniana",-81.4833,26.1333,1998,10,8,"US","Fraxinus caroliniana"
122949479,"Fraxinus caroliniana",-82.7886,29.2822,1997,6,9,"US","Fraxinus caroliniana"
1269709165,"Fraxinus caroliniana",-87.703,32.962,1997,9,17,"US","Fraxinus caroliniana"
3744713420,"Fraxinus caroliniana",-87.7,32.96,1997,9,17,"US","Fraxinus caroliniana"
1503267945,"Fraxinus caroliniana",-83.1333,29.3167,1996,9,15,"US","Fraxinus caroliniana"
1503241002,"Fraxinus caroliniana",-82.3294,27.2397,1995,3,23,"US","Fraxinus caroliniana"
1928906491,"Fraxinus caroliniana",-82.3294,27.2397,1995,3,23,"US","Fraxinus caroliniana"
122949451,"Fraxinus caroliniana",-81.381,26.0992,1994,3,12,"US","Fraxinus caroliniana"
1931099868,"Fraxinus caroliniana",-81.17,25.83,1994,3,12,"US","Fraxinus caroliniana"
1503231993,"Fraxinus caroliniana",-82.1833,27.4833,1994,4,9,"US","Fraxinus caroliniana"
1269709175,"Fraxinus caroliniana",-87.219,30.559,1993,4,18,"US","Fraxinus caroliniana"
1092710479,"Fraxinus caroliniana",-91.584508,33.580397,1993,5,20,"US","Fraxinus caroliniana"
1503227300,"Fraxinus caroliniana",-82.6651,28.0342,1993,8,3,"US","Fraxinus caroliniana"
1928119850,"Fraxinus caroliniana",-92.688158,33.535466,1993,9,12,"US","Fraxinus caroliniana"
3695159132,"Fraxinus caroliniana",-92.319564,34.92241,1993,9,27,"US","Fraxinus caroliniana"
3698758309,"Fraxinus caroliniana",-92.319564,34.92241,1993,9,27,"US","Fraxinus caroliniana"
1503270062,"Fraxinus caroliniana",-81,25.3333,1992,3,13,"US","Fraxinus caroliniana"
1503226550,"Fraxinus caroliniana",-82,28,1991,2,15,"US","Fraxinus caroliniana"
3707752342,"Fraxinus caroliniana",-90.178333,32.298333,1991,4,20,"US","Fraxinus caroliniana"
1503224241,"Fraxinus caroliniana",-81.45,28.7,1990,6,30,"US","Fraxinus caroliniana"
3744690612,"Fraxinus caroliniana",-87.6,33.11,1989,5,18,"US","Fraxinus caroliniana"
1930581787,"Fraxinus caroliniana",-92.587016,33.344388,1989,9,15,"US","Fraxinus caroliniana"
1927872142,"Fraxinus caroliniana",-92.183881,32.342718,1988,9,17,"US","Fraxinus caroliniana"
1931180204,"Fraxinus caroliniana",-92.88353,31.994505,1987,7,25,"US","Fraxinus caroliniana"
1503232878,"Fraxinus caroliniana",-82.3879,28.5553,1986,3,6,"US","Fraxinus caroliniana"
122949305,"Fraxinus caroliniana",-84.8829,30.2414,1986,7,18,"US","Fraxinus caroliniana"
1503216951,"Fraxinus caroliniana",-84.8191,30.3508,1986,7,18,"US","Fraxinus caroliniana"
1849100981,"Fraxinus caroliniana",-80.284354,32.822267,1986,7,22,"US","Fraxinus caroliniana"
1503215409,"Fraxinus caroliniana",-81.9167,29.0333,1985,7,24,"US","Fraxinus caroliniana"
3707727053,"Fraxinus caroliniana",-89.096,32.838,1985,7,1,"US","Fraxinus caroliniana"
3707725785,"Fraxinus caroliniana",-89.105,32.845,1984,6,26,"US","Fraxinus caroliniana"
122949268,"Fraxinus caroliniana",-84.8829,30.2414,1984,8,27,"US","Fraxinus caroliniana"
1503206186,"Fraxinus caroliniana",-82,28,1983,3,16,"US","Fraxinus caroliniana"
1503206246,"Fraxinus caroliniana",-82,28,1983,3,16,"US","Fraxinus caroliniana"
1503207165,"Fraxinus caroliniana",-85.6167,30.2,1983,5,5,"US","Fraxinus caroliniana"
1503220902,"Fraxinus caroliniana",-81.9167,29.0333,1983,9,27,"US","Fraxinus caroliniana"
3707748591,"Fraxinus caroliniana",-89.8055,30.6532,1982,5,6,"US","Fraxinus caroliniana"
3707749134,"Fraxinus caroliniana",-89.813,30.6785,1982,5,4,"US","Fraxinus caroliniana"
3744713416,"Fraxinus caroliniana",-87.87,30.95,1982,9,19,"US","Fraxinus caroliniana"
1503195425,"Fraxinus caroliniana",-82.3326,29.8889,1981,3,23,"US","Fraxinus caroliniana"
1503195528,"Fraxinus caroliniana",-81.8115,27.5473,1981,4,8,"US","Fraxinus caroliniana"
122949074,"Fraxinus caroliniana",-81.293,29.4711,1981,5,25,"US","Fraxinus caroliniana"
122949091,"Fraxinus caroliniana",-81.1495,28.0627,1981,5,25,"US","Fraxinus caroliniana"
1503199186,"Fraxinus caroliniana",-81.2578,29.4661,1981,5,25,"US","Fraxinus caroliniana"
1503204476,"Fraxinus caroliniana",-82.0854,27.8595,1981,5,1,"US","Fraxinus caroliniana"
1503212101,"Fraxinus caroliniana",-87.0397,30.6324,1981,5,21,"US","Fraxinus caroliniana"
1503212122,"Fraxinus caroliniana",-82.4167,29.9833,1981,6,17,"US","Fraxinus caroliniana"
122949035,"Fraxinus caroliniana",-84.3756,30.1478,1981,7,17,"US","Fraxinus caroliniana"
3707724162,"Fraxinus caroliniana",-89.59428,30.43938,1981,7,31,"US","Fraxinus caroliniana"
3707745441,"Fraxinus caroliniana",-89.5552,30.7476,1981,9,23,"US","Fraxinus caroliniana"
1503193653,"Fraxinus caroliniana",-81.8,27.35,1980,4,24,"US","Fraxinus caroliniana"
122948982,"Fraxinus caroliniana",-80.8886,27.3863,1980,5,29,"US","Fraxinus caroliniana"
1503193817,"Fraxinus caroliniana",-81.0167,27.4,1980,5,29,"US","Fraxinus caroliniana"
1503186929,"Fraxinus caroliniana",-82.2167,27.8167,1979,2,10,"US","Fraxinus caroliniana"
1092710445,"Fraxinus caroliniana",-82.097309,27.2441,1979,3,28,"US","Fraxinus caroliniana"
1503186309,"Fraxinus caroliniana",-82.35,27.9167,1979,3,10,"US","Fraxinus caroliniana"
1503187649,"Fraxinus caroliniana",-82.1,27.2667,1979,3,28,"US","Fraxinus caroliniana"
1503189170,"Fraxinus caroliniana",-81.407,28.291,1979,5,13,"US","Fraxinus caroliniana"
1503189744,"Fraxinus caroliniana",-82.9333,30.4333,1979,6,21,"US","Fraxinus caroliniana"
1931213866,"Fraxinus caroliniana",-90.170811,30.383007,1979,6,1,"US","Fraxinus caroliniana"
1929087948,"Fraxinus caroliniana",-88.033352,32.200561,1979,7,9,"US","Fraxinus caroliniana"
3744690614,"Fraxinus caroliniana",-88.38,32.19,1979,7,9,"US","Fraxinus caroliniana"
122948721,"Fraxinus caroliniana",-80.3985,27.0816,1978,1,28,"US","Fraxinus caroliniana"
1503182312,"Fraxinus caroliniana",-82.2167,27.8167,1978,4,7,"US","Fraxinus caroliniana"
1503209886,"Fraxinus caroliniana",-81.424,28.7928,1978,5,23,"US","Fraxinus caroliniana"
1503209145,"Fraxinus caroliniana",-82.2167,29.85,1978,6,12,"US","Fraxinus caroliniana"
1503213198,"Fraxinus caroliniana",-85.0667,30.7,1978,8,18,"US","Fraxinus caroliniana"
3707736103,"Fraxinus caroliniana",-89.7402,30.5395,1978,8,7,"US","Fraxinus caroliniana"
3744690603,"Fraxinus caroliniana",-87.67,33.09,1978,10,31,"US","Fraxinus caroliniana"
1503185981,"Fraxinus caroliniana",-82.35,27.9167,1977,3,29,"US","Fraxinus caroliniana"
1503194271,"Fraxinus caroliniana",-87.2142,30.4093,1977,4,15,"US","Fraxinus caroliniana"
122949001,"Fraxinus caroliniana",-82.3469,27.9062,1977,6,23,"US","Fraxinus caroliniana"
1503180722,"Fraxinus caroliniana",-82.5395,27.4964,1977,6,16,"US","Fraxinus caroliniana"
1503180753,"Fraxinus caroliniana",-85.0667,30.7,1977,6,25,"US","Fraxinus caroliniana"
1503181498,"Fraxinus caroliniana",-82.5395,27.4964,1977,6,16,"US","Fraxinus caroliniana"
1503192424,"Fraxinus caroliniana",-82.35,27.9167,1977,6,23,"US","Fraxinus caroliniana"
1503181477,"Fraxinus caroliniana",-80.8781,28.7669,1977,8,20,"US","Fraxinus caroliniana"
122948640,"Fraxinus caroliniana",-81.381,26.0992,1976,5,2,"US","Fraxinus caroliniana"
1258434737,"Fraxinus caroliniana",-88.4,30.43333,1976,5,23,"US","Fraxinus caroliniana"
2814576407,"Fraxinus caroliniana",-88.4,30.43,1976,5,23,"US","Fraxinus caroliniana"
1503178988,"Fraxinus caroliniana",-82.5395,27.4964,1976,9,13,"US","Fraxinus caroliniana"
1503174354,"Fraxinus caroliniana",-82.35,27.9167,1975,2,16,"US","Fraxinus caroliniana"
1503174357,"Fraxinus caroliniana",-82.35,27.9167,1975,2,6,"US","Fraxinus caroliniana"
1503174367,"Fraxinus caroliniana",-81.8167,27.9167,1975,2,13,"US","Fraxinus caroliniana"
122948501,"Fraxinus caroliniana",-80.6679,24.9844,1975,4,9,"US","Fraxinus caroliniana"
122949374,"Fraxinus caroliniana",-86.1715,30.6185,1975,4,12,"US","Fraxinus caroliniana"
1503230559,"Fraxinus caroliniana",-86.1,30.3667,1975,4,12,"US","Fraxinus caroliniana"
1846512202,"Fraxinus caroliniana",-93.296944,32.034444,1975,6,14,"US","Fraxinus caroliniana"
1503175838,"Fraxinus caroliniana",-82.172,28.4658,1975,8,9,"US","Fraxinus caroliniana"
122949548,"Fraxinus caroliniana",-81.381,26.0992,1974,4,21,"US","Fraxinus caroliniana"
1503284386,"Fraxinus caroliniana",-81.3,25.9,1974,4,21,"US","Fraxinus caroliniana"
1503168938,"Fraxinus caroliniana",-82.5667,28.7,1972,4,11,"US","Fraxinus caroliniana"
1305257649,"Fraxinus caroliniana",-93.17,32.08,1972,7,15,"US","Fraxinus caroliniana"
1503314379,"Fraxinus caroliniana",-81.55,26.4667,1971,3,21,"US","Fraxinus caroliniana"
122948217,"Fraxinus caroliniana",-81.381,26.0992,1971,4,5,"US","Fraxinus caroliniana"
122948230,"Fraxinus caroliniana",-81.381,26.0992,1971,4,5,"US","Fraxinus caroliniana"
1092710441,"Fraxinus caroliniana",-92.178896,32.289854,1971,4,28,"US","Fraxinus caroliniana"
1846512178,"Fraxinus caroliniana",-92.178611,32.29,1971,4,28,"US","Fraxinus caroliniana"
1503180279,"Fraxinus caroliniana",-81.1167,28.3833,1971,5,8,"US","Fraxinus caroliniana"
122947694,"Fraxinus caroliniana",-80.6679,24.9844,1970,3,22,"US","Fraxinus caroliniana"
122947695,"Fraxinus caroliniana",-80.6679,24.9844,1970,3,22,"US","Fraxinus caroliniana"
1503315382,"Fraxinus caroliniana",-80.9333,25.7333,1970,3,22,"US","Fraxinus caroliniana"
1503313042,"Fraxinus caroliniana",-84.4,30.4667,1970,5,20,"US","Fraxinus caroliniana"
1929264298,"Fraxinus caroliniana",-91.807724,32.981726,1970,9,20,"US","Fraxinus caroliniana"
122949499,"Fraxinus caroliniana",-81.381,26.0992,1969,5,5,"US","Fraxinus caroliniana"
3413416810,"Fraxinus caroliniana",-87.925567,41.688301,1969,6,11,"US","Fraxinus caroliniana"
122948365,"Fraxinus caroliniana",-81.381,26.0992,1968,1,15,"US","Fraxinus caroliniana"
122949500,"Fraxinus caroliniana",-81.381,26.0992,1968,1,15,"US","Fraxinus caroliniana"
122949503,"Fraxinus caroliniana",-81.381,26.0992,1968,1,15,"US","Fraxinus caroliniana"
122949504,"Fraxinus caroliniana",-81.381,26.0992,1968,1,15,"US","Fraxinus caroliniana"
122948362,"Fraxinus caroliniana",-80.6679,24.9844,1968,2,6,"US","Fraxinus caroliniana"
122948370,"Fraxinus caroliniana",-81.381,26.0992,1968,2,9,"US","Fraxinus caroliniana"
122949501,"Fraxinus caroliniana",-80.6679,24.9844,1968,2,6,"US","Fraxinus caroliniana"
1503308421,"Fraxinus caroliniana",-81.8068,26.2109,1968,2,18,"US","Fraxinus caroliniana"
1930523042,"Fraxinus caroliniana",-86.74579,30.672197,1968,5,9,"US","Fraxinus caroliniana"
122948368,"Fraxinus caroliniana",-81.381,26.0992,1967,2,9,"US","Fraxinus caroliniana"
1503306866,"Fraxinus caroliniana",-81.4892,25.8684,1967,4,20,"US","Fraxinus caroliniana"
122949555,"Fraxinus caroliniana",-80.6679,24.9844,1966,4,30,"US","Fraxinus caroliniana"
122949556,"Fraxinus caroliniana",-80.6679,24.9844,1966,4,15,"US","Fraxinus caroliniana"
122949631,"Fraxinus caroliniana",-80.6679,24.9844,1966,4,30,"US","Fraxinus caroliniana"
1503284628,"Fraxinus caroliniana",-81,25.3333,1966,4,30,"US","Fraxinus caroliniana"
1503303602,"Fraxinus caroliniana",-85.0667,30.7,1966,6,6,"US","Fraxinus caroliniana"
1503303606,"Fraxinus caroliniana",-85.0667,30.7,1966,6,6,"US","Fraxinus caroliniana"
2234525597,"Fraxinus caroliniana",-85.180735,30.155086,1966,6,14,"US","Fraxinus caroliniana"
1503283487,"Fraxinus caroliniana",-80.3984,25.7587,1966,NA,NA,"US","Fraxinus caroliniana"
1503168807,"Fraxinus caroliniana",-82.35,27.9167,1965,3,21,"US","Fraxinus caroliniana"
1503299785,"Fraxinus caroliniana",-81.4892,25.8684,1965,3,6,"US","Fraxinus caroliniana"
122947682,"Fraxinus caroliniana",-81.9535,26.663,1965,4,15,"US","Fraxinus caroliniana"
675232219,"Fraxinus caroliniana",-81.50444,27.66972,1965,4,10,"US","Fraxinus caroliniana"
1503301197,"Fraxinus caroliniana",-82.3429,27.8325,1965,7,16,"US","Fraxinus caroliniana"
3709821629,"Fraxinus caroliniana",-83.915859,30.943531,1965,8,20,"US","Fraxinus caroliniana"
1503312107,"Fraxinus caroliniana",-81.9498,28.0395,1964,3,28,"US","Fraxinus caroliniana"
1503282851,"Fraxinus caroliniana",-81,25.3333,1964,4,9,"US","Fraxinus caroliniana"
1503283010,"Fraxinus caroliniana",-85.0738,30.7132,1964,4,9,"US","Fraxinus caroliniana"
1503284577,"Fraxinus caroliniana",-81,25.3333,1964,4,9,"US","Fraxinus caroliniana"
1563182906,"Fraxinus caroliniana",-81,25.3333,1964,4,NA,"US","Fraxinus caroliniana"
2234542498,"Fraxinus caroliniana",-85.179573,30.162779,1964,7,6,"US","Fraxinus caroliniana"
1503292838,"Fraxinus caroliniana",-82,28,1963,2,19,"US","Fraxinus caroliniana"
1503294973,"Fraxinus caroliniana",-82.2667,27.3,1963,4,23,"US","Fraxinus caroliniana"
1503282359,"Fraxinus caroliniana",-82.172,28.4658,1963,5,25,"US","Fraxinus caroliniana"
1503297354,"Fraxinus caroliniana",-81.9167,29.0333,1963,5,17,"US","Fraxinus caroliniana"
1503282818,"Fraxinus caroliniana",-82.1333,27.85,1963,6,11,"US","Fraxinus caroliniana"
1503295926,"Fraxinus caroliniana",-81.5095,28.6806,1963,9,22,"US","Fraxinus caroliniana"
122949408,"Fraxinus caroliniana",-81.381,26.0992,1962,3,3,"US","Fraxinus caroliniana"
1503282339,"Fraxinus caroliniana",-81.8167,27.9167,1962,6,13,"US","Fraxinus caroliniana"
1503251399,"Fraxinus caroliniana",-82.4584,27.9475,1961,1,31,"US","Fraxinus caroliniana"
1503275651,"Fraxinus caroliniana",-82,28,1961,4,2,"US","Fraxinus caroliniana"
1503297332,"Fraxinus caroliniana",-80.8298,27.2439,1961,4,16,"US","Fraxinus caroliniana"
1503286600,"Fraxinus caroliniana",-85.0667,30.7,1961,5,8,"US","Fraxinus caroliniana"
1503290335,"Fraxinus caroliniana",-82.4584,27.9475,1961,6,14,"US","Fraxinus caroliniana"
1503290336,"Fraxinus caroliniana",-82.4584,27.9475,1961,6,14,"US","Fraxinus caroliniana"
1503292171,"Fraxinus caroliniana",-81.3559,25.9537,1960,3,4,"US","Fraxinus caroliniana"
1503215528,"Fraxinus caroliniana",-81.2081,28.67,1960,5,3,"US","Fraxinus caroliniana"
1503237018,"Fraxinus caroliniana",-82.4584,27.9475,1960,8,24,"US","Fraxinus caroliniana"
1503237906,"Fraxinus caroliniana",-82.4584,27.9475,1960,9,9,"US","Fraxinus caroliniana"
1930784989,"Fraxinus caroliniana",-93.70297,30.127066,1959,5,24,"US","Fraxinus caroliniana"
1503287509,"Fraxinus caroliniana",-81.5095,28.6806,1958,5,7,"US","Fraxinus caroliniana"
1930000099,"Fraxinus caroliniana",-81.101461,25.855613,1958,5,2,"US","Fraxinus caroliniana"
1503304338,"Fraxinus caroliniana",-82.2667,28.6833,1958,7,26,"US","Fraxinus caroliniana"
2234413349,"Fraxinus caroliniana",-76.978287,35.138844,1958,7,5,"US","Fraxinus caroliniana"
1503287521,"Fraxinus caroliniana",-82.1129,28.665,1958,8,13,"US","Fraxinus caroliniana"
788486116,"Fraxinus caroliniana",-81.887618,32.151902,1958,9,12,"US","Fraxinus caroliniana"
2234414156,"Fraxinus caroliniana",-81.737051,34.001518,1957,5,26,"US","Fraxinus caroliniana"
2234412378,"Fraxinus caroliniana",-77.617166,35.262658,1957,8,28,"US","Fraxinus caroliniana"
1092710474,"Fraxinus caroliniana",-91.570022,33.60696,1957,10,6,"US","Fraxinus caroliniana"
2234414368,"Fraxinus caroliniana",-78.483034,34.42525,1957,10,19,"US","Fraxinus caroliniana"
2234413235,"Fraxinus caroliniana",-80.637869,32.781205,1956,4,5,"US","Fraxinus caroliniana"
1092710477,"Fraxinus caroliniana",-79.50044,34.61081,1956,6,10,"US","Fraxinus caroliniana"
2234414825,"Fraxinus caroliniana",-78.688647,36.254309,1956,9,28,"US","Fraxinus caroliniana"
2234414073,"Fraxinus caroliniana",-78.012487,35.820923,1956,10,15,"US","Fraxinus caroliniana"
2234411753,"Fraxinus caroliniana",-77.922027,34.858306,1953,7,25,"US","Fraxinus caroliniana"
1849165971,"Fraxinus caroliniana",-81.667621,33.182594,1952,6,16,"US","Fraxinus caroliniana"
1849149827,"Fraxinus caroliniana",-81.650927,33.179129,1952,7,7,"US","Fraxinus caroliniana"
1092710484,"Fraxinus caroliniana",-89.976692,30.313326,1951,5,6,"US","Fraxinus caroliniana"
1503287504,"Fraxinus caroliniana",-84.2807,30.4383,1950,6,22,"US","Fraxinus caroliniana"
1503287532,"Fraxinus caroliniana",-84.4,30.4667,1950,6,2,"US","Fraxinus caroliniana"
1503287537,"Fraxinus caroliniana",-84.2807,30.4383,1950,6,2,"US","Fraxinus caroliniana"
1503287543,"Fraxinus caroliniana",-81.3894,30.3533,1950,6,7,"US","Fraxinus caroliniana"
122949554,"Fraxinus caroliniana",-81.341,27.3434,1949,5,14,"US","Fraxinus caroliniana"
1092710481,"Fraxinus caroliniana",-76.945611,36.566657,1948,8,16,"US","Fraxinus caroliniana"
1092710462,"Fraxinus caroliniana",-77.558121,36.442973,1947,6,28,"US","Fraxinus caroliniana"
1092710472,"Fraxinus caroliniana",-78.841852,35.79582,1947,7,5,"US","Fraxinus caroliniana"
1228399310,"Fraxinus caroliniana",-80,37,1946,6,9,"US","Fraxinus caroliniana"
1930180218,"Fraxinus caroliniana",-76.962619,36.811511,1946,6,5,"US","Fraxinus caroliniana"
1930939956,"Fraxinus caroliniana",-93.897638,30.120618,1946,7,19,"US","Fraxinus caroliniana"
1092710438,"Fraxinus caroliniana",-92.06444,33.6125,1944,6,13,"US","Fraxinus caroliniana"
1928721740,"Fraxinus caroliniana",-92.069046,33.610036,1942,5,22,"US","Fraxinus caroliniana"
1928748205,"Fraxinus caroliniana",-91.851095,33.357679,1941,5,11,"US","Fraxinus caroliniana"
2859225321,"Fraxinus caroliniana",-81.930234,33.107753,1941,6,20,"US","Fraxinus caroliniana"
1930885911,"Fraxinus caroliniana",-79.867609,33.698438,1939,7,26,"US","Fraxinus caroliniana"
1931161798,"Fraxinus caroliniana",-79.677683,33.445802,1939,7,14,"US","Fraxinus caroliniana"
1929699754,"Fraxinus caroliniana",-92.064583,33.612609,1939,8,4,"US","Fraxinus caroliniana"
1931328292,"Fraxinus caroliniana",-77.400259,36.948392,1938,4,2,"US","Fraxinus caroliniana"
1931377986,"Fraxinus caroliniana",-77.266249,37.152721,1938,4,3,"US","Fraxinus caroliniana"
122949552,"Fraxinus caroliniana",-85.1972,30.406,1938,5,21,"US","Fraxinus caroliniana"
1929481592,"Fraxinus caroliniana",-90.357767,30.506302,1938,7,2,"US","Fraxinus caroliniana"
1929822390,"Fraxinus caroliniana",-93.35575,32.615409,1938,8,14,"US","Fraxinus caroliniana"
122948833,"Fraxinus caroliniana",-81.381,26.0992,1937,2,27,"US","Fraxinus caroliniana"
122949551,"Fraxinus caroliniana",-81.381,26.0992,1937,2,27,"US","Fraxinus caroliniana"
675232184,"Fraxinus caroliniana",-81.48305,26.13361,1937,2,27,"US","Fraxinus caroliniana"
1928340159,"Fraxinus caroliniana",-91.770457,33.22629,1937,9,27,"US","Fraxinus caroliniana"
1929919517,"Fraxinus caroliniana",-91.5747,33.5536,1937,9,30,"US","Fraxinus caroliniana"
1930337505,"Fraxinus caroliniana",-91.770457,33.22629,1937,9,27,"US","Fraxinus caroliniana"
1930552112,"Fraxinus caroliniana",-91.770457,33.22629,1937,9,27,"US","Fraxinus caroliniana"
1929797916,"Fraxinus caroliniana",-77.232183,36.727554,1936,6,22,"US","Fraxinus caroliniana"
1986878944,"Fraxinus caroliniana",-111.726667,34.913611,1935,5,23,"US","Fraxinus caroliniana"
122949540,"Fraxinus caroliniana",-81.9155,26.5757,1934,4,5,"US","Fraxinus caroliniana"
1930598004,"Fraxinus caroliniana",-76.07153,36.621121,1934,8,7,"US","Fraxinus caroliniana"
2234413333,"Fraxinus caroliniana",-81.30639,35.88917,1933,6,18,"US","Fraxinus caroliniana"
1930791393,"Fraxinus caroliniana",-79.830197,33.665878,1932,4,13,"US","Fraxinus caroliniana"
1503208406,"Fraxinus caroliniana",-81.8431,27.8964,1931,4,30,"US","Fraxinus caroliniana"
1503295626,"Fraxinus caroliniana",-81.8017,27.7523,1931,4,NA,"US","Fraxinus caroliniana"
1929312439,"Fraxinus caroliniana",-81.42611,28.302536,1931,4,2,"US","Fraxinus caroliniana"
1503208375,"Fraxinus caroliniana",-82.35,27.9167,1931,5,16,"US","Fraxinus caroliniana"
122949550,"Fraxinus caroliniana",-81.9155,26.5757,1930,5,20,"US","Fraxinus caroliniana"
675232182,"Fraxinus caroliniana",-81.88305,26.56694,1930,5,20,"US","Fraxinus caroliniana"
2234411595,"Fraxinus caroliniana",-82.747085,31.036598,1929,5,29,"US","Fraxinus caroliniana"
2234415478,"Fraxinus caroliniana",-84.454926,33.448726,1929,5,29,"US","Fraxinus caroliniana"
1929419850,"Fraxinus caroliniana",-80.863857,27.354584,1929,12,15,"US","Fraxinus caroliniana"
122949545,"Fraxinus caroliniana",-81.381,26.0992,1927,5,7,"US","Fraxinus caroliniana"
2234413707,"Fraxinus caroliniana",-81.885392,31.607436,1926,8,3,"US","Fraxinus caroliniana"
1928343629,"Fraxinus caroliniana",-80.182514,33.000654,1924,4,3,"US","Fraxinus caroliniana"
2234414212,"Fraxinus caroliniana",-82.747085,31.036598,1923,9,27,"US","Fraxinus caroliniana"
2234413829,"Fraxinus caroliniana",-78.949195,34.439056,1921,5,8,"US","Fraxinus caroliniana"
1928413911,"Fraxinus caroliniana",-80.629084,26.844515,1917,5,9,"US","Fraxinus caroliniana"
2234413563,"Fraxinus caroliniana",-80.423603,34.898343,1917,7,4,"US","Fraxinus caroliniana"
1928989756,"Fraxinus caroliniana",-81.827676,26.613006,1916,3,21,"US","Fraxinus caroliniana"
1929370879,"Fraxinus caroliniana",-82.539541,27.496428,1900,5,8,"US","Fraxinus caroliniana"
1929217966,"Fraxinus caroliniana",-81.61008,26.715624,1900,7,NA,"US","Fraxinus caroliniana"
1931245063,"Fraxinus caroliniana",-83.793168,31.514714,1900,8,14,"US","Fraxinus caroliniana"
675232278,"Fraxinus caroliniana",-78.7875,34.53888,1896,5,14,"US","Fraxinus caroliniana"
1929190120,"Fraxinus caroliniana",-82.5797,27.522949,1895,8,21,"US","Fraxinus caroliniana"
1930866066,"Fraxinus caroliniana",-81.70097,30.333369,1894,7,2,"US","Fraxinus caroliniana"
675232185,"Fraxinus caroliniana",-81.66027,30.33694,1894,8,27,"US","Fraxinus caroliniana"
1928680194,"Fraxinus caroliniana",-81.685353,28.852768,1894,8,16,"US","Fraxinus caroliniana"
1928989539,"Fraxinus caroliniana",-81.70097,30.333369,1894,8,27,"US","Fraxinus caroliniana"
1930596945,"Fraxinus caroliniana",-81.70097,30.333369,1894,8,27,"US","Fraxinus caroliniana"
1929449123,"Fraxinus caroliniana",-81.70097,30.333369,1894,NA,NA,"US","Fraxinus caroliniana"
1928756872,"Fraxinus caroliniana",-76.936088,36.675965,1893,6,9,"US","Fraxinus caroliniana"
3744690607,"Fraxinus caroliniana",-86.43,33.2,1877,6,22,"US","Fraxinus caroliniana"
1928670407,"Fraxinus caroliniana",-82.932064,29.239131,1877,11,NA,"US","Fraxinus caroliniana"
1928764157,"Fraxinus caroliniana",-82.932064,29.239131,1877,11,NA,"US","Fraxinus caroliniana"
1930455539,"Fraxinus caroliniana",-82.437142,28.013011,1876,5,NA,"US","Fraxinus caroliniana"
1927783161,"Fraxinus caroliniana",-81.697593,30.065241,1869,3,NA,"US","Fraxinus caroliniana"
1928762327,"Fraxinus caroliniana",-81.697593,30.065241,1869,3,NA,"US","Fraxinus caroliniana"
1929885264,"Fraxinus caroliniana",-81.697593,30.065241,1869,3,NA,"US","Fraxinus caroliniana"
2859459266,"Fraxinus caroliniana",-80.175648,33.018504,1855,5,26,"US","Fraxinus caroliniana"
1928972593,"Fraxinus caroliniana",-90.075072,29.954648,1832,NA,NA,"US","Fraxinus caroliniana"
574810312,"Fraxinus caroliniana",-82.727928,30.33235,NA,NA,NA,"US","Fraxinus caroliniana"
1092710476,"Fraxinus caroliniana",-81.65583,30.33194,NA,NA,NA,"US","Fraxinus caroliniana"
1144608768,"Fraxinus caroliniana",-80.96111,33.59083,NA,NA,NA,"US","Fraxinus caroliniana"
1144608775,"Fraxinus caroliniana",-80.76667,34.76667,NA,NA,NA,"US","Fraxinus caroliniana"
1144608783,"Fraxinus caroliniana",-80.96111,33.59083,NA,NA,NA,"US","Fraxinus caroliniana"
1257494348,"Fraxinus caroliniana",-82.728056,30.332222,NA,NA,NA,"US","Fraxinus caroliniana"
1257495194,"Fraxinus caroliniana",-82.728056,30.332222,NA,NA,NA,"US","Fraxinus caroliniana"
1928247715,"Fraxinus caroliniana",-81.70097,30.333369,NA,NA,NA,"US","Fraxinus caroliniana"
1928523036,"Fraxinus caroliniana",-84.99835,29.729048,NA,NA,NA,"US","Fraxinus caroliniana"
1929216922,"Fraxinus caroliniana",-84.99835,29.729048,NA,NA,NA,"US","Fraxinus caroliniana"
1930969229,"Fraxinus caroliniana",-77.865514,34.181462,NA,NA,NA,"US","Fraxinus caroliniana"
1931014996,"Fraxinus caroliniana",-92.445137,31.311294,NA,NA,NA,"US","Fraxinus caroliniana"
1931069579,"Fraxinus caroliniana",-84.99835,29.729048,NA,NA,NA,"US","Fraxinus caroliniana"
2234414767,"Fraxinus caroliniana",-81.655651,30.332184,NA,NA,NA,"US","Fraxinus caroliniana"
2859224304,"Fraxinus caroliniana",-79.959219,40.442847,NA,NA,NA,"US","Fraxinus caroliniana"
2859453274,"Fraxinus caroliniana",-97.639711,26.501178,NA,NA,NA,"US","Fraxinus caroliniana"
3707724871,"Fraxinus caroliniana",-82.17258,30.5254,NA,NA,NA,"US","Fraxinus caroliniana"
