"gbifID","species","longitude","latitude","year","month","day","countryCode","accepted_name"
"3327755859","Levisticum officinale",-80.512382,43.444354,2021,7,10,"CA","Levisticum officinale"
"2859912402","Levisticum officinale",-81.068751,42.989881,2020,6,2,"CA","Levisticum officinale"
"2860126462","Levisticum officinale",-113.491028,53.522267,2020,7,9,"CA","Levisticum officinale"
"2251929973","Levisticum officinale",-62.194343,45.79964,2019,5,27,"CA","Levisticum officinale"
"2859925341","Levisticum officinale",-79.158851,46.237963,2019,8,4,"CA","Levisticum officinale"
"2859959357","Levisticum officinale",-113.477255,53.518017,2019,9,8,"CA","Levisticum officinale"
"1839240096","Levisticum officinale",-123.3197,48.8696,2018,4,17,"CA","Levisticum officinale"
"3031847958","Levisticum officinale",-74.509789,45.02284,2018,6,16,"CA","Levisticum officinale"
"1988221122","Levisticum officinale",-119.29,50.23,2012,8,7,"CA","Levisticum officinale"
"1988190390","Levisticum officinale",-117.51,49.66,2009,9,3,"CA","Levisticum officinale"
"1804421088","Levisticum officinale",-80.95,44.8,1979,6,25,"CA","Levisticum officinale"
"465761333","Levisticum officinale",-64.31423,44.46332,1954,1,8,"CA","Levisticum officinale"
"2250593298","Levisticum officinale",-75.6833,44.5833,1900,3,2,"CA","Levisticum officinale"
"3351378217","Levisticum officinale",-75.68,44.580002,1900,3,2,"CA","Levisticum officinale"
"2561509182","Levisticum officinale",-123.25081,49.25408,NA,NA,NA,"CA","Levisticum officinale"
"2561516665","Levisticum officinale",-123.25081,49.25408,NA,NA,NA,"CA","Levisticum officinale"
"3772600556","Levisticum officinale",-119.833853,39.515141,2022,4,10,"US","Levisticum officinale"
"3343884483","Levisticum officinale",-83.967202,35.966498,2021,5,26,"US","Levisticum officinale"
"3772741397","Levisticum officinale",-105.067352,39.887149,2021,5,2,"US","Levisticum officinale"
"3321281380","Levisticum officinale",-70.989945,42.076319,2021,6,30,"US","Levisticum officinale"
"2860184375","Levisticum officinale",-83.652,41.032763,2020,4,28,"US","Levisticum officinale"
"2859945395","Levisticum officinale",-72.4419,42.246636,2020,5,17,"US","Levisticum officinale"
"2860061379","Levisticum officinale",-71.559228,43.185888,2020,5,3,"US","Levisticum officinale"
"2975501248","Levisticum officinale",-72.650679,44.172302,2020,5,28,"US","Levisticum officinale"
"2975711418","Levisticum officinale",-72.650425,44.171997,2020,5,29,"US","Levisticum officinale"
"2859972455","Levisticum officinale",-105.690715,39.974242,2020,7,31,"US","Levisticum officinale"
"2283031404","Levisticum officinale",-72.009719,41.946858,2019,6,16,"US","Levisticum officinale"
"2860063344","Levisticum officinale",-122.63085,41.333857,2019,7,21,"US","Levisticum officinale"
"2649268979","Levisticum officinale",-72.026284,44.420537,2019,9,19,"US","Levisticum officinale"
"2265594179","Levisticum officinale",-93.005,44.9911,2012,8,24,"US","Levisticum officinale"
"1989063443","Levisticum officinale",-84.727334,45.778459,2006,7,21,"US","Levisticum officinale"
"1260044973","Levisticum officinale",-90.80611,38.47944,2005,7,6,"US","Levisticum officinale"
"441772284","Levisticum officinale",-122.375,47.686667,2004,6,14,"US","Levisticum officinale"
"1259779152","Levisticum officinale",-90.806111,38.479445,2004,6,1,"US","Levisticum officinale"
"3059703405","Levisticum officinale",-122.375,47.6867,2004,6,14,"US","Levisticum officinale"
"3059703409","Levisticum officinale",-122.375,47.6867,2004,6,14,"US","Levisticum officinale"
"1258592960","Levisticum officinale",-122.33083,47.60639,1999,7,14,"US","Levisticum officinale"
"1258568768","Levisticum officinale",-122.58333,47.66666,1998,12,9,"US","Levisticum officinale"
"2573340229","Levisticum officinale",-105.281984,40.008806,1995,7,10,"US","Levisticum officinale"
"2573341073","Levisticum officinale",-105.281984,40.008806,1995,7,10,"US","Levisticum officinale"
"1988729875","Levisticum officinale",-87.29498,45.80477,1993,7,14,"US","Levisticum officinale"
"2573338920","Levisticum officinale",-106.111417,37.283894,1984,7,10,"US","Levisticum officinale"
"2573340156","Levisticum officinale",-106.111417,37.283894,1984,7,10,"US","Levisticum officinale"
"2573337431","Levisticum officinale",-106.111417,37.283894,1983,9,24,"US","Levisticum officinale"
"1988628019","Levisticum officinale",-85.1,45.55222,1948,8,5,"US","Levisticum officinale"
"2242364482","Levisticum officinale",-105.082018,39.782567,1948,10,12,"US","Levisticum officinale"
"2859152011","Levisticum officinale",-78.27295,39.9976499990709,1939,9,4,"US","Levisticum officinale"
"2859135019","Levisticum officinale",-75.553241,41.710728,1937,6,26,"US","Levisticum officinale"
"1260950746","Levisticum officinale",-90.787778,37.936389,1929,7,10,"US","Levisticum officinale"
"1260950676","Levisticum officinale",-90.78777,37.93638,1928,7,1,"US","Levisticum officinale"
"415955881","Levisticum officinale",-73.49472,41.14666,1926,8,10,"US","Levisticum officinale"
"415955882","Levisticum officinale",-73.49472,41.14666,1926,8,10,"US","Levisticum officinale"
"1038922499","Levisticum officinale",-73.4992,41.1591,1926,8,10,"US","Levisticum officinale"
"1930136771","Levisticum officinale",-105.573067,36.450757,1923,8,19,"US","Levisticum officinale"
"415955883","Levisticum officinale",-73.19611,41.18638,1916,7,20,"US","Levisticum officinale"
"415955884","Levisticum officinale",-73.19611,41.18638,1916,7,20,"US","Levisticum officinale"
"1038995212","Levisticum officinale",-73.196,41.1932,1916,7,20,"US","Levisticum officinale"
"415955879","Levisticum officinale",-73.42277,41.985,1906,7,1,"US","Levisticum officinale"
"1039023037","Levisticum officinale",-73.4257,41.986,1905,6,10,"US","Levisticum officinale"
"415955880","Levisticum officinale",-73.42277,41.985,1904,7,3,"US","Levisticum officinale"
"1928212385","Levisticum officinale",-73.877023,40.862289,1899,6,22,"US","Levisticum officinale"
"1928353766","Levisticum officinale",-73.877023,40.862289,1899,6,22,"US","Levisticum officinale"
"415955885","Levisticum officinale",-72.87972,41.605,1897,7,25,"US","Levisticum officinale"
"1038987123","Levisticum officinale",-72.88,41.605,1897,7,16,"US","Levisticum officinale"
"2573059015","Levisticum officinale",-73.31444,44.6313,1895,5,30,"US","Levisticum officinale"
"1260953113","Levisticum officinale",-94.49527,39.15777,1895,6,24,"US","Levisticum officinale"
"2859434087","Levisticum officinale",-80.530347,40.912561,1883,7,22,"US","Levisticum officinale"
"1843859710","Levisticum officinale",-106.651018,35.084607,NA,NA,NA,"US","Levisticum officinale"
"1843859731","Levisticum officinale",-106.651018,35.084607,NA,NA,NA,"US","Levisticum officinale"
"2573055912","Levisticum officinale",-72.43549,43.57413,NA,NA,NA,"US","Levisticum officinale"
"2573065158","Levisticum officinale",-73.12664,43.48474,NA,NA,NA,"US","Levisticum officinale"
"2573075904","Levisticum officinale",-72.66654,43.62518,NA,NA,NA,"US","Levisticum officinale"
"2573078660","Levisticum officinale",-72.88613,44.53826,NA,NA,NA,"US","Levisticum officinale"
"2573099093","Levisticum officinale",-73.24227,44.38874,NA,NA,NA,"US","Levisticum officinale"
"2573108812","Levisticum officinale",-73.12664,43.48474,NA,NA,NA,"US","Levisticum officinale"
