"gbifID","species","longitude","latitude","year","month","day","countryCode","accepted_name"
"3760318819","Ligusticum scoticum",-66.773336,44.652428,2022,4,13,"CA","Ligusticum scoticum"
"3772499587","Ligusticum scoticum",-63.493931,44.606816,2022,4,29,"CA","Ligusticum scoticum"
"3773296165","Ligusticum scoticum",-63.572122,44.664426,2022,4,29,"CA","Ligusticum scoticum"
"3773492385","Ligusticum scoticum",-63.4934,44.60964,2022,4,29,"CA","Ligusticum scoticum"
"3109060724","Ligusticum scoticum",-66.766737,44.677272,2021,4,24,"CA","Ligusticum scoticum"
"3112525782","Ligusticum scoticum",-63.586857,44.66951,2021,4,30,"CA","Ligusticum scoticum"
"3307309394","Ligusticum scoticum",-66.150243,43.845295,2021,4,28,"CA","Ligusticum scoticum"
"3384625648","Ligusticum scoticum",-75.880852,44.89088,2021,4,16,"CA","Ligusticum scoticum"
"3112617455","Ligusticum scoticum",-65.663604,44.605281,2021,5,1,"CA","Ligusticum scoticum"
"3117810014","Ligusticum scoticum",-52.841575,47.247763,2021,5,15,"CA","Ligusticum scoticum"
"3124619657","Ligusticum scoticum",-53.568095,49.078878,2021,5,23,"CA","Ligusticum scoticum"
"3302203120","Ligusticum scoticum",-64.894402,47.525611,2021,5,28,"CA","Ligusticum scoticum"
"3330502412","Ligusticum scoticum",-60.435088,46.343842,2021,5,21,"CA","Ligusticum scoticum"
"3333121410","Ligusticum scoticum",-63.604038,44.6375,2021,5,2,"CA","Ligusticum scoticum"
"3333133442","Ligusticum scoticum",-63.43042,44.66214,2021,5,21,"CA","Ligusticum scoticum"
"3333271407","Ligusticum scoticum",-63.432863,44.660679,2021,5,1,"CA","Ligusticum scoticum"
"3383911696","Ligusticum scoticum",-128.682343,54.00119,2021,5,29,"CA","Ligusticum scoticum"
"3384357667","Ligusticum scoticum",-63.60064,44.681804,2021,5,1,"CA","Ligusticum scoticum"
"3320931240","Ligusticum scoticum",-64.923636,47.32861,2021,6,28,"CA","Ligusticum scoticum"
"3330515516","Ligusticum scoticum",-66.391538,44.248669,2021,6,30,"CA","Ligusticum scoticum"
"3330637493","Ligusticum scoticum",-63.371745,44.649112,2021,6,20,"CA","Ligusticum scoticum"
"3330761513","Ligusticum scoticum",-63.559349,44.470044,2021,6,27,"CA","Ligusticum scoticum"
"3455313159","Ligusticum scoticum",-69.478015,48.000055,2021,6,9,"CA","Ligusticum scoticum"
"3325737311","Ligusticum scoticum",-54.194087,49.686539,2021,7,5,"CA","Ligusticum scoticum"
"3325744579","Ligusticum scoticum",-64.967147,47.279172,2021,7,8,"CA","Ligusticum scoticum"
"3325836637","Ligusticum scoticum",-54.182534,49.728647,2021,7,2,"CA","Ligusticum scoticum"
"3325860519","Ligusticum scoticum",-64.968025,47.27842,2021,7,8,"CA","Ligusticum scoticum"
"3325878566","Ligusticum scoticum",-64.967154,47.279181,2021,7,8,"CA","Ligusticum scoticum"
"3327701293","Ligusticum scoticum",-69.248703,48.550157,2021,7,11,"CA","Ligusticum scoticum"
"3327794976","Ligusticum scoticum",-66.7324,44.76403,2021,7,10,"CA","Ligusticum scoticum"
"3327929699","Ligusticum scoticum",-63.42653,44.680434,2021,7,8,"CA","Ligusticum scoticum"
"3327993113","Ligusticum scoticum",-64.001564,46.744894,2021,7,11,"CA","Ligusticum scoticum"
"3330415492","Ligusticum scoticum",-63.370632,44.677193,2021,7,1,"CA","Ligusticum scoticum"
"3330461548","Ligusticum scoticum",-66.763621,44.674831,2021,7,10,"CA","Ligusticum scoticum"
"3330480582","Ligusticum scoticum",-63.013008,44.777837,2021,7,13,"CA","Ligusticum scoticum"
"3330560546","Ligusticum scoticum",-60.20551,45.76694,2021,7,17,"CA","Ligusticum scoticum"
"3330648555","Ligusticum scoticum",-63.42222,44.668915,2021,7,10,"CA","Ligusticum scoticum"
"3330659660","Ligusticum scoticum",-59.815604,46.177576,2021,7,21,"CA","Ligusticum scoticum"
"3330699533","Ligusticum scoticum",-63.441495,44.659667,2021,7,7,"CA","Ligusticum scoticum"
"3330771206","Ligusticum scoticum",-64.936177,47.796445,2021,7,17,"CA","Ligusticum scoticum"
"3330790938","Ligusticum scoticum",-59.267628,48.464937,2021,7,12,"CA","Ligusticum scoticum"
"3330814532","Ligusticum scoticum",-60.542017,46.284991,2021,7,22,"CA","Ligusticum scoticum"
"3333058179","Ligusticum scoticum",-52.731586,47.660526,2021,7,26,"CA","Ligusticum scoticum"
"3333151219","Ligusticum scoticum",-64.801257,45.334138,2021,7,24,"CA","Ligusticum scoticum"
"3333159877","Ligusticum scoticum",-53.073419,46.657794,2021,7,24,"CA","Ligusticum scoticum"
"3333325116","Ligusticum scoticum",-66.351496,44.282636,2021,7,24,"CA","Ligusticum scoticum"
"3333396703","Ligusticum scoticum",-63.526098,44.610302,2021,7,16,"CA","Ligusticum scoticum"
"3335084629","Ligusticum scoticum",-61.38539,45.413328,2021,7,29,"CA","Ligusticum scoticum"
"3335441831","Ligusticum scoticum",-53.779269,49.579735,2021,7,24,"CA","Ligusticum scoticum"
"3337422911","Ligusticum scoticum",-61.822065,47.228932,2021,7,19,"CA","Ligusticum scoticum"
"3337734872","Ligusticum scoticum",-61.852465,47.238303,2021,7,18,"CA","Ligusticum scoticum"
"3354991704","Ligusticum scoticum",-64.205475,50.221163,2021,7,28,"CA","Ligusticum scoticum"
"3383842977","Ligusticum scoticum",-66.143556,43.689178,2021,7,29,"CA","Ligusticum scoticum"
"3383854944","Ligusticum scoticum",-66.390472,50.206783,2021,7,31,"CA","Ligusticum scoticum"
"3383857949","Ligusticum scoticum",-64.836775,43.829568,2021,7,28,"CA","Ligusticum scoticum"
"3383914852","Ligusticum scoticum",-69.215475,48.108601,2021,7,17,"CA","Ligusticum scoticum"
"3383965973","Ligusticum scoticum",-60.145314,45.843267,2021,7,29,"CA","Ligusticum scoticum"
"3384266945","Ligusticum scoticum",-63.851738,44.506499,2021,7,1,"CA","Ligusticum scoticum"
"3384606887","Ligusticum scoticum",-59.267502,48.464733,2021,7,12,"CA","Ligusticum scoticum"
"3384638872","Ligusticum scoticum",-53.780705,49.578504,2021,7,9,"CA","Ligusticum scoticum"
"3384651127","Ligusticum scoticum",-62.598776,49.615848,2021,7,5,"CA","Ligusticum scoticum"
"3456704783","Ligusticum scoticum",-65.927483,44.614162,2021,7,14,"CA","Ligusticum scoticum"
"3466060846","Ligusticum scoticum",-55.938137,47.531864,2021,7,6,"CA","Ligusticum scoticum"
"3335302460","Ligusticum scoticum",-60.542225,46.284778,2021,8,3,"CA","Ligusticum scoticum"
"3337677994","Ligusticum scoticum",-61.466612,47.570012,2021,8,8,"CA","Ligusticum scoticum"
"3337793535","Ligusticum scoticum",-66.717291,50.087799,2021,8,6,"CA","Ligusticum scoticum"
"3337844052","Ligusticum scoticum",-60.204833,45.765853,2021,8,6,"CA","Ligusticum scoticum"
"3338008017","Ligusticum scoticum",-57.664427,50.114116,2021,8,12,"CA","Ligusticum scoticum"
"3338080597","Ligusticum scoticum",-60.204912,45.765888,2021,8,6,"CA","Ligusticum scoticum"
"3343818822","Ligusticum scoticum",-63.417554,44.651283,2021,8,19,"CA","Ligusticum scoticum"
"3355091072","Ligusticum scoticum",-53.164177,46.626484,2021,8,22,"CA","Ligusticum scoticum"
"3355206439","Ligusticum scoticum",-60.567091,46.241569,2021,8,31,"CA","Ligusticum scoticum"
"3355439513","Ligusticum scoticum",-69.716392,48.135261,2021,8,31,"CA","Ligusticum scoticum"
"3355525246","Ligusticum scoticum",-66.495987,49.127647,2021,8,30,"CA","Ligusticum scoticum"
"3355533268","Ligusticum scoticum",-63.817428,46.593829,2021,8,29,"CA","Ligusticum scoticum"
"3383910952","Ligusticum scoticum",-62.42219,45.637145,2021,8,3,"CA","Ligusticum scoticum"
"3383953116","Ligusticum scoticum",-69.690059,47.900055,2021,8,15,"CA","Ligusticum scoticum"
"3384256925","Ligusticum scoticum",-65.071564,47.22997,2021,8,10,"CA","Ligusticum scoticum"
"3384282252","Ligusticum scoticum",-78.500441,52.238193,2021,8,30,"CA","Ligusticum scoticum"
"3384313030","Ligusticum scoticum",-60.204688,45.765897,2021,8,6,"CA","Ligusticum scoticum"
"3384342056","Ligusticum scoticum",-66.376382,44.239732,2021,8,11,"CA","Ligusticum scoticum"
"3384627114","Ligusticum scoticum",-64.344863,44.367918,2021,8,21,"CA","Ligusticum scoticum"
"3384657982","Ligusticum scoticum",-64.344863,44.367918,2021,8,1,"CA","Ligusticum scoticum"
"3384667031","Ligusticum scoticum",-78.12003,58.449776,2021,8,15,"CA","Ligusticum scoticum"
"3399289681","Ligusticum scoticum",-129.118149,53.060673,2021,8,19,"CA","Ligusticum scoticum"
"3456378701","Ligusticum scoticum",-62.082225,45.788953,2021,8,12,"CA","Ligusticum scoticum"
"3747207460","Ligusticum scoticum",-62.174408,45.754708,2021,8,13,"CA","Ligusticum scoticum"
"3355619167","Ligusticum scoticum",-65.250907,43.775726,2021,9,5,"CA","Ligusticum scoticum"
"3384183374","Ligusticum scoticum",-65.615374,43.425337,2021,9,26,"CA","Ligusticum scoticum"
"3384242182","Ligusticum scoticum",-53.14994,47.4632,2021,9,4,"CA","Ligusticum scoticum"
"3384749975","Ligusticum scoticum",-65.625797,43.413527,2021,9,20,"CA","Ligusticum scoticum"
"3384758791","Ligusticum scoticum",-65.470656,43.449845,2021,9,21,"CA","Ligusticum scoticum"
"3384769796","Ligusticum scoticum",-66.01567,44.440139,2021,9,21,"CA","Ligusticum scoticum"
"3384841225","Ligusticum scoticum",-66.271836,44.345108,2021,9,25,"CA","Ligusticum scoticum"
"3384948203","Ligusticum scoticum",-64.081433,46.623936,2021,9,14,"CA","Ligusticum scoticum"
"3416022356","Ligusticum scoticum",-63.410549,44.671251,2021,9,20,"CA","Ligusticum scoticum"
"3408244059","Ligusticum scoticum",-63.893757,44.489245,2021,10,22,"CA","Ligusticum scoticum"
"3415921892","Ligusticum scoticum",-61.416397,45.64927,2021,10,29,"CA","Ligusticum scoticum"
"3455617610","Ligusticum scoticum",-63.617284,44.635407,2021,10,15,"CA","Ligusticum scoticum"
"3455660547","Ligusticum scoticum",-61.53758,46.000447,2021,10,15,"CA","Ligusticum scoticum"
"3456626598","Ligusticum scoticum",-63.524858,44.494594,2021,10,16,"CA","Ligusticum scoticum"
"3456684264","Ligusticum scoticum",-59.977217,45.893762,2021,10,22,"CA","Ligusticum scoticum"
"3456703728","Ligusticum scoticum",-63.528409,44.490749,2021,10,16,"CA","Ligusticum scoticum"
"3456807274","Ligusticum scoticum",-59.97678,45.892577,2021,10,22,"CA","Ligusticum scoticum"
"3456821079","Ligusticum scoticum",-63.99291,44.647879,2021,10,13,"CA","Ligusticum scoticum"
"3415514322","Ligusticum scoticum",-64.435378,46.234806,2021,11,8,"CA","Ligusticum scoticum"
"3455691322","Ligusticum scoticum",-64.053581,46.052892,2021,11,17,"CA","Ligusticum scoticum"
"3456673060","Ligusticum scoticum",-64.141997,46.156431,2021,11,14,"CA","Ligusticum scoticum"
"3457083419","Ligusticum scoticum",-63.923625,46.057547,2021,11,9,"CA","Ligusticum scoticum"
"2611142761","Ligusticum scoticum",-66.766667,44.677222,2020,4,25,"CA","Ligusticum scoticum"
"2619957098","Ligusticum scoticum",-63.558531,44.470478,2020,5,5,"CA","Ligusticum scoticum"
"2634143506","Ligusticum scoticum",-63.435126,44.659751,2020,5,30,"CA","Ligusticum scoticum"
"2634619502","Ligusticum scoticum",-63.602065,44.679181,2020,5,26,"CA","Ligusticum scoticum"
"2802713743","Ligusticum scoticum",-63.933474,44.505026,2020,5,31,"CA","Ligusticum scoticum"
"2856546394","Ligusticum scoticum",-63.616985,44.468311,2020,5,30,"CA","Ligusticum scoticum"
"2634406025","Ligusticum scoticum",-63.413418,44.670109,2020,6,2,"CA","Ligusticum scoticum"
"2802692636","Ligusticum scoticum",-52.95302,47.094883,2020,6,20,"CA","Ligusticum scoticum"
"2802800578","Ligusticum scoticum",-52.809383,47.258747,2020,6,7,"CA","Ligusticum scoticum"
"2814439739","Ligusticum scoticum",-63.617588,44.635212,2020,6,28,"CA","Ligusticum scoticum"
"2826127515","Ligusticum scoticum",-68.074074,48.664546,2020,6,3,"CA","Ligusticum scoticum"
"2856484380","Ligusticum scoticum",-63.426661,44.665218,2020,6,7,"CA","Ligusticum scoticum"
"2856543396","Ligusticum scoticum",-63.81623,44.482045,2020,6,13,"CA","Ligusticum scoticum"
"3067687918","Ligusticum scoticum",-62.367788,45.675308,2020,6,15,"CA","Ligusticum scoticum"
"3109020392","Ligusticum scoticum",-65.653642,47.622363,2020,6,2,"CA","Ligusticum scoticum"
"3337546375","Ligusticum scoticum",-68.855623,48.332487,2020,6,14,"CA","Ligusticum scoticum"
"3384656552","Ligusticum scoticum",-128.394958,50.779553,2020,6,28,"CA","Ligusticum scoticum"
"2814414973","Ligusticum scoticum",-59.877513,45.940171,2020,7,1,"CA","Ligusticum scoticum"
"2818773126","Ligusticum scoticum",-69.752873,47.649103,2020,7,8,"CA","Ligusticum scoticum"
"2823233408","Ligusticum scoticum",-65.623936,43.417841,2020,7,21,"CA","Ligusticum scoticum"
"2823436435","Ligusticum scoticum",-54.193245,46.823522,2020,7,18,"CA","Ligusticum scoticum"
"2826141637","Ligusticum scoticum",-63.402008,50.201213,2020,7,5,"CA","Ligusticum scoticum"
"2856482421","Ligusticum scoticum",-64.119818,50.213048,2020,7,6,"CA","Ligusticum scoticum"
"2856500410","Ligusticum scoticum",-68.470934,48.516299,2020,7,12,"CA","Ligusticum scoticum"
"2856514419","Ligusticum scoticum",-63.916439,44.490863,2020,7,1,"CA","Ligusticum scoticum"
"2856538432","Ligusticum scoticum",-64.128748,50.218727,2020,7,6,"CA","Ligusticum scoticum"
"2856703422","Ligusticum scoticum",-64.126043,50.211485,2020,7,6,"CA","Ligusticum scoticum"
"2856754472","Ligusticum scoticum",-66.392717,44.245948,2020,7,26,"CA","Ligusticum scoticum"
"2883051300","Ligusticum scoticum",-65.998417,45.24577,2020,7,1,"CA","Ligusticum scoticum"
"2901820458","Ligusticum scoticum",-61.959139,47.384753,2020,7,15,"CA","Ligusticum scoticum"
"2988316190","Ligusticum scoticum",-62.749303,45.955994,2020,7,26,"CA","Ligusticum scoticum"
"3005142690","Ligusticum scoticum",-70.91563,48.44874,2020,7,11,"CA","Ligusticum scoticum"
"3005145623","Ligusticum scoticum",-70.9016,48.44154,2020,7,11,"CA","Ligusticum scoticum"
"3005178670","Ligusticum scoticum",-70.91058,48.44776,2020,7,11,"CA","Ligusticum scoticum"
"3005203677","Ligusticum scoticum",-70.91106,48.44791,2020,7,11,"CA","Ligusticum scoticum"
"3039127580","Ligusticum scoticum",-61.034032,45.481669,2020,7,26,"CA","Ligusticum scoticum"
"3070637063","Ligusticum scoticum",-63.784455,50.216592,2020,7,28,"CA","Ligusticum scoticum"
"3097261850","Ligusticum scoticum",-64.517312,46.237373,2020,7,31,"CA","Ligusticum scoticum"
"3383883498","Ligusticum scoticum",-68.465867,48.506825,2020,7,24,"CA","Ligusticum scoticum"
"2850541143","Ligusticum scoticum",-63.602284,44.678865,2020,8,3,"CA","Ligusticum scoticum"
"2851020923","Ligusticum scoticum",-52.721889,47.757159,2020,8,1,"CA","Ligusticum scoticum"
"2851124336","Ligusticum scoticum",-64.05882,46.796697,2020,8,9,"CA","Ligusticum scoticum"
"2851157376","Ligusticum scoticum",-59.848862,45.999411,2020,8,17,"CA","Ligusticum scoticum"
"2851227475","Ligusticum scoticum",-59.976435,45.892966,2020,8,19,"CA","Ligusticum scoticum"
"2851267065","Ligusticum scoticum",-62.807226,50.286653,2020,8,12,"CA","Ligusticum scoticum"
"2851303354","Ligusticum scoticum",-64.781561,45.597618,2020,8,18,"CA","Ligusticum scoticum"
"2856478916","Ligusticum scoticum",-63.937033,44.514648,2020,8,21,"CA","Ligusticum scoticum"
"2856481149","Ligusticum scoticum",-59.868541,45.941522,2020,8,22,"CA","Ligusticum scoticum"
"2856500510","Ligusticum scoticum",-59.883042,46.097183,2020,8,16,"CA","Ligusticum scoticum"
"2856518663","Ligusticum scoticum",-59.935878,45.917039,2020,8,21,"CA","Ligusticum scoticum"
"2856525469","Ligusticum scoticum",-63.489414,44.606825,2020,8,3,"CA","Ligusticum scoticum"
"2856527506","Ligusticum scoticum",-67.611415,49.312876,2020,8,15,"CA","Ligusticum scoticum"
"2856559515","Ligusticum scoticum",-57.965282,49.683297,2020,8,14,"CA","Ligusticum scoticum"
"2856615757","Ligusticum scoticum",-59.925025,45.927798,2020,8,21,"CA","Ligusticum scoticum"
"2856617693","Ligusticum scoticum",-57.960211,49.67671,2020,8,16,"CA","Ligusticum scoticum"
"2856702481","Ligusticum scoticum",-61.272129,50.188831,2020,8,4,"CA","Ligusticum scoticum"
"2856713342","Ligusticum scoticum",-64.168458,48.6237,2020,8,24,"CA","Ligusticum scoticum"
"2856745533","Ligusticum scoticum",-55.463175,51.515119,2020,8,15,"CA","Ligusticum scoticum"
"2856757282","Ligusticum scoticum",-64.3832,44.205226,2020,8,17,"CA","Ligusticum scoticum"
"2856778560","Ligusticum scoticum",-64.835965,43.830685,2020,8,27,"CA","Ligusticum scoticum"
"2859893923","Ligusticum scoticum",-64.836881,43.831507,2020,8,29,"CA","Ligusticum scoticum"
"2859904675","Ligusticum scoticum",-63.432619,44.660722,2020,8,28,"CA","Ligusticum scoticum"
"2859984711","Ligusticum scoticum",-64.844444,43.835185,2020,8,28,"CA","Ligusticum scoticum"
"2860166959","Ligusticum scoticum",-63.435051,44.659929,2020,8,28,"CA","Ligusticum scoticum"
"2898523204","Ligusticum scoticum",-65.663784,47.679957,2020,8,13,"CA","Ligusticum scoticum"
"2999177476","Ligusticum scoticum",-68.818988,48.365335,2020,8,27,"CA","Ligusticum scoticum"
"3031642897","Ligusticum scoticum",-53.093127,48.694808,2020,8,19,"CA","Ligusticum scoticum"
"3061721458","Ligusticum scoticum",-64.463808,44.182845,2020,8,27,"CA","Ligusticum scoticum"
"3067604054","Ligusticum scoticum",-62.449875,45.650312,2020,8,3,"CA","Ligusticum scoticum"
"3067614073","Ligusticum scoticum",-57.785194,49.914665,2020,8,11,"CA","Ligusticum scoticum"
"3067658055","Ligusticum scoticum",-52.947002,46.922749,2020,8,1,"CA","Ligusticum scoticum"
"3067851104","Ligusticum scoticum",-60.320403,46.210618,2020,8,28,"CA","Ligusticum scoticum"
"3384282503","Ligusticum scoticum",-64.335665,45.365247,2020,8,31,"CA","Ligusticum scoticum"
"2864689456","Ligusticum scoticum",-65.625158,43.413182,2020,9,17,"CA","Ligusticum scoticum"
"2864756716","Ligusticum scoticum",-64.118401,46.586124,2020,9,13,"CA","Ligusticum scoticum"
"2873996465","Ligusticum scoticum",-131.983322,53.212917,2020,9,28,"CA","Ligusticum scoticum"
"2883155091","Ligusticum scoticum",-64.908275,45.339186,2020,9,24,"CA","Ligusticum scoticum"
"2883171586","Ligusticum scoticum",-64.930539,45.343744,2020,9,25,"CA","Ligusticum scoticum"
"2898424642","Ligusticum scoticum",-70.331971,47.418646,2020,9,13,"CA","Ligusticum scoticum"
"3031693954","Ligusticum scoticum",-64.784007,47.652921,2020,9,8,"CA","Ligusticum scoticum"
"3032090010","Ligusticum scoticum",-64.552289,47.971122,2020,9,27,"CA","Ligusticum scoticum"
"3039120212","Ligusticum scoticum",-64.79947,47.635006,2020,9,28,"CA","Ligusticum scoticum"
"3039141181","Ligusticum scoticum",-64.662097,47.722715,2020,9,28,"CA","Ligusticum scoticum"
"3039404161","Ligusticum scoticum",-64.484381,47.992553,2020,9,29,"CA","Ligusticum scoticum"
"3067675204","Ligusticum scoticum",-62.749692,45.955045,2020,9,2,"CA","Ligusticum scoticum"
"3079551954","Ligusticum scoticum",-61.432517,45.66992,2020,9,29,"CA","Ligusticum scoticum"
"3079570014","Ligusticum scoticum",-61.830308,47.227514,2020,9,14,"CA","Ligusticum scoticum"
"3079766008","Ligusticum scoticum",-62.012747,47.250122,2020,9,9,"CA","Ligusticum scoticum"
"3330679389","Ligusticum scoticum",-65.615105,43.419413,2020,9,17,"CA","Ligusticum scoticum"
"3330749360","Ligusticum scoticum",-66.341517,44.286761,2020,9,20,"CA","Ligusticum scoticum"
"3384670526","Ligusticum scoticum",-65.470844,43.450111,2020,9,15,"CA","Ligusticum scoticum"
"2898514829","Ligusticum scoticum",-63.451141,44.665157,2020,10,10,"CA","Ligusticum scoticum"
"2901603027","Ligusticum scoticum",-66.773189,44.652426,2020,10,19,"CA","Ligusticum scoticum"
"2963891482","Ligusticum scoticum",-62.554817,44.800983,2020,10,2,"CA","Ligusticum scoticum"
"2984370026","Ligusticum scoticum",-66.807472,45.042297,2020,10,26,"CA","Ligusticum scoticum"
"2988283829","Ligusticum scoticum",-66.296744,45.191094,2020,10,22,"CA","Ligusticum scoticum"
"3039385235","Ligusticum scoticum",-65.06861,47.2323,2020,10,1,"CA","Ligusticum scoticum"
"2265802453","Ligusticum scoticum",-63.618253,44.454292,2019,6,1,"CA","Ligusticum scoticum"
"2265847876","Ligusticum scoticum",-53.29079,46.744288,2019,6,8,"CA","Ligusticum scoticum"
"2273215840","Ligusticum scoticum",-52.93935,48.167464,2019,6,15,"CA","Ligusticum scoticum"
"2273300562","Ligusticum scoticum",-60.825282,45.261489,2019,6,25,"CA","Ligusticum scoticum"
"2273323604","Ligusticum scoticum",-63.433028,44.661334,2019,6,25,"CA","Ligusticum scoticum"
"2294434289","Ligusticum scoticum",-63.550755,44.572959,2019,6,30,"CA","Ligusticum scoticum"
"2294437490","Ligusticum scoticum",-64.773618,45.29117,2019,6,30,"CA","Ligusticum scoticum"
"2397476279","Ligusticum scoticum",-64.836789,43.831513,2019,6,8,"CA","Ligusticum scoticum"
"2422855278","Ligusticum scoticum",-69.566881,47.848311,2019,6,30,"CA","Ligusticum scoticum"
"2451717813","Ligusticum scoticum",-64.790758,47.646255,2019,6,7,"CA","Ligusticum scoticum"
"2574227054","Ligusticum scoticum",-127.835036,52.059006,2019,6,21,"CA","Ligusticum scoticum"
"2576250010","Ligusticum scoticum",-127.862228,52.077872,2019,6,21,"CA","Ligusticum scoticum"
"2626386560","Ligusticum scoticum",-68.470268,48.513557,2019,6,30,"CA","Ligusticum scoticum"
"2856486343","Ligusticum scoticum",-128.0419,52.281086,2019,6,26,"CA","Ligusticum scoticum"
"2856733328","Ligusticum scoticum",-127.862219,52.077933,2019,6,21,"CA","Ligusticum scoticum"
"2856746325","Ligusticum scoticum",-127.862739,52.077928,2019,6,21,"CA","Ligusticum scoticum"
"2856760350","Ligusticum scoticum",-127.835748,52.060932,2019,6,21,"CA","Ligusticum scoticum"
"2294464449","Ligusticum scoticum",-64.431537,44.230843,2019,7,3,"CA","Ligusticum scoticum"
"2294506534","Ligusticum scoticum",-64.397508,46.212421,2019,7,14,"CA","Ligusticum scoticum"
"2294586031","Ligusticum scoticum",-66.757897,44.582245,2019,7,15,"CA","Ligusticum scoticum"
"2294598205","Ligusticum scoticum",-66.120792,44.335501,2019,7,20,"CA","Ligusticum scoticum"
"2294598563","Ligusticum scoticum",-66.766667,44.677222,2019,7,20,"CA","Ligusticum scoticum"
"2294668109","Ligusticum scoticum",-70.920395,48.453258,2019,7,24,"CA","Ligusticum scoticum"
"2311390882","Ligusticum scoticum",-62.563233,44.798145,2019,7,29,"CA","Ligusticum scoticum"
"2397481593","Ligusticum scoticum",-63.414674,44.65119,2019,7,4,"CA","Ligusticum scoticum"
"2397493225","Ligusticum scoticum",-82.055771,53.0168,2019,7,27,"CA","Ligusticum scoticum"
"2429273289","Ligusticum scoticum",-57.875868,49.517667,2019,7,24,"CA","Ligusticum scoticum"
"2596072843","Ligusticum scoticum",-66.168999,43.799891,2019,7,20,"CA","Ligusticum scoticum"
"2850970929","Ligusticum scoticum",-67.305356,49.419658,2019,7,24,"CA","Ligusticum scoticum"
"2331913708","Ligusticum scoticum",-63.42065,44.669492,2019,8,5,"CA","Ligusticum scoticum"
"2331921430","Ligusticum scoticum",-63.432167,44.660888,2019,8,5,"CA","Ligusticum scoticum"
"2331952736","Ligusticum scoticum",-63.428897,44.663377,2019,8,5,"CA","Ligusticum scoticum"
"2366076657","Ligusticum scoticum",-70.919205,48.453463,2019,8,16,"CA","Ligusticum scoticum"
"2366109280","Ligusticum scoticum",-66.747365,44.761559,2019,8,19,"CA","Ligusticum scoticum"
"2366148750","Ligusticum scoticum",-56.741109,51.312112,2019,8,20,"CA","Ligusticum scoticum"
"2397541512","Ligusticum scoticum",-70.901772,48.43978,2019,8,24,"CA","Ligusticum scoticum"
"2397541837","Ligusticum scoticum",-70.901838,48.44017,2019,8,24,"CA","Ligusticum scoticum"
"2397542083","Ligusticum scoticum",-70.90168,48.441758,2019,8,24,"CA","Ligusticum scoticum"
"2397579549","Ligusticum scoticum",-64.012456,44.642571,2019,8,24,"CA","Ligusticum scoticum"
"2422949055","Ligusticum scoticum",-80.691257,51.801365,2019,8,14,"CA","Ligusticum scoticum"
"2423017363","Ligusticum scoticum",-80.690692,51.823866,2019,8,24,"CA","Ligusticum scoticum"
"2423073803","Ligusticum scoticum",-70.606589,48.381819,2019,8,28,"CA","Ligusticum scoticum"
"2429226905","Ligusticum scoticum",-54.140424,49.669017,2019,8,7,"CA","Ligusticum scoticum"
"2429231815","Ligusticum scoticum",-57.523606,50.387128,2019,8,18,"CA","Ligusticum scoticum"
"2429234387","Ligusticum scoticum",-56.883761,51.080881,2019,8,18,"CA","Ligusticum scoticum"
"2429234974","Ligusticum scoticum",-55.584331,51.363725,2019,8,20,"CA","Ligusticum scoticum"
"2445059528","Ligusticum scoticum",-80.54585,51.624804,2019,8,6,"CA","Ligusticum scoticum"
"2542913156","Ligusticum scoticum",-53.65454,47.143564,2019,8,11,"CA","Ligusticum scoticum"
"2573966142","Ligusticum scoticum",-60.204911,45.767217,2019,8,8,"CA","Ligusticum scoticum"
"2574072283","Ligusticum scoticum",-60.20456,45.766046,2019,8,8,"CA","Ligusticum scoticum"
"2574073265","Ligusticum scoticum",-60.203772,45.768517,2019,8,8,"CA","Ligusticum scoticum"
"2574074230","Ligusticum scoticum",-60.205914,45.765883,2019,8,8,"CA","Ligusticum scoticum"
"2575020632","Ligusticum scoticum",-57.523606,50.387128,2019,8,18,"CA","Ligusticum scoticum"
"2576304188","Ligusticum scoticum",-58.125421,49.491922,2019,8,23,"CA","Ligusticum scoticum"
"2576354783","Ligusticum scoticum",-61.880649,47.345839,2019,8,26,"CA","Ligusticum scoticum"
"2641311397","Ligusticum scoticum",-57.410793,50.699933,2019,8,19,"CA","Ligusticum scoticum"
"2641318401","Ligusticum scoticum",-57.347682,50.693952,2019,8,19,"CA","Ligusticum scoticum"
"2641486397","Ligusticum scoticum",-53.200453,47.620063,2019,8,12,"CA","Ligusticum scoticum"
"2641499389","Ligusticum scoticum",-53.200582,47.619977,2019,8,12,"CA","Ligusticum scoticum"
"2641533401","Ligusticum scoticum",-57.964492,49.682892,2019,8,20,"CA","Ligusticum scoticum"
"2802938454","Ligusticum scoticum",-64.941467,47.795045,2019,8,15,"CA","Ligusticum scoticum"
"2856653329","Ligusticum scoticum",-52.919445,47.543335,2019,8,3,"CA","Ligusticum scoticum"
"3018135568","Ligusticum scoticum",-55.524057,51.601755,2019,8,4,"CA","Ligusticum scoticum"
"2423215988","Ligusticum scoticum",-60.036205,46.216325,2019,9,18,"CA","Ligusticum scoticum"
"2429286674","Ligusticum scoticum",-60.237788,45.717138,2019,9,28,"CA","Ligusticum scoticum"
"2429288680","Ligusticum scoticum",-60.237788,45.717158,2019,9,28,"CA","Ligusticum scoticum"
"2429290270","Ligusticum scoticum",-60.204617,45.765867,2019,9,28,"CA","Ligusticum scoticum"
"2429309233","Ligusticum scoticum",-59.879262,45.938938,2019,9,29,"CA","Ligusticum scoticum"
"2456586696","Ligusticum scoticum",-60.035406,46.216795,2019,9,18,"CA","Ligusticum scoticum"
"2542908472","Ligusticum scoticum",-59.173335,55.08397,2019,9,30,"CA","Ligusticum scoticum"
"2576268081","Ligusticum scoticum",-69.701828,47.880013,2019,9,12,"CA","Ligusticum scoticum"
"2576437982","Ligusticum scoticum",-52.880008,47.032167,2019,9,22,"CA","Ligusticum scoticum"
"2856485335","Ligusticum scoticum",-64.909202,46.826859,2019,9,1,"CA","Ligusticum scoticum"
"2856542339","Ligusticum scoticum",-52.678333,47.582222,2019,9,1,"CA","Ligusticum scoticum"
"2429532508","Ligusticum scoticum",-69.252845,48.138386,2019,10,4,"CA","Ligusticum scoticum"
"2456532963","Ligusticum scoticum",-64.868889,47.52639,2019,10,10,"CA","Ligusticum scoticum"
"2563467748","Ligusticum scoticum",-69.8367,48.160381,2019,10,15,"CA","Ligusticum scoticum"
"1935575253","Ligusticum scoticum",-65.657503,44.759518,2018,4,21,"CA","Ligusticum scoticum"
"1848793820","Ligusticum scoticum",-59.978893,43.934048,2018,6,2,"CA","Ligusticum scoticum"
"1850946569","Ligusticum scoticum",-61.769029,45.234767,2018,6,9,"CA","Ligusticum scoticum"
"1883492223","Ligusticum scoticum",-60.401117,46.007902,2018,6,12,"CA","Ligusticum scoticum"
"1913699452","Ligusticum scoticum",-64.923176,47.329962,2018,6,13,"CA","Ligusticum scoticum"
"1913701106","Ligusticum scoticum",-60.945945,46.703903,2018,6,9,"CA","Ligusticum scoticum"
"3079735450","Ligusticum scoticum",-64.943475,45.333788,2018,6,10,"CA","Ligusticum scoticum"
"1880612310","Ligusticum scoticum",-59.990991,45.893974,2018,7,1,"CA","Ligusticum scoticum"
"1883916957","Ligusticum scoticum",-63.568723,44.663471,2018,7,17,"CA","Ligusticum scoticum"
"1883955901","Ligusticum scoticum",-53.019444,48.628334,2018,7,24,"CA","Ligusticum scoticum"
"1890062928","Ligusticum scoticum",-53.019175,48.628471,2018,7,22,"CA","Ligusticum scoticum"
"1913669020","Ligusticum scoticum",-65.903709,43.76522,2018,7,11,"CA","Ligusticum scoticum"
"1990462071","Ligusticum scoticum",-57.664992,50.114631,2018,7,13,"CA","Ligusticum scoticum"
"2573786130","Ligusticum scoticum",-61.416172,45.64618,2018,7,22,"CA","Ligusticum scoticum"
"2573786442","Ligusticum scoticum",-60.204558,45.765942,2018,7,27,"CA","Ligusticum scoticum"
"1898819106","Ligusticum scoticum",-65.74456,43.456036,2018,8,20,"CA","Ligusticum scoticum"
"1898833703","Ligusticum scoticum",-63.433158,44.660469,2018,8,22,"CA","Ligusticum scoticum"
"1899790701","Ligusticum scoticum",-62.566233,44.806012,2018,8,27,"CA","Ligusticum scoticum"
"1899810018","Ligusticum scoticum",-66.15535,43.793822,2018,8,30,"CA","Ligusticum scoticum"
"1946315325","Ligusticum scoticum",-64.537205,47.810913,2018,8,30,"CA","Ligusticum scoticum"
"1990449081","Ligusticum scoticum",-57.664183,50.114299,2018,8,13,"CA","Ligusticum scoticum"
"2273196806","Ligusticum scoticum",-64.566002,44.156663,2018,8,4,"CA","Ligusticum scoticum"
"2273197363","Ligusticum scoticum",-70.024179,47.486054,2018,8,18,"CA","Ligusticum scoticum"
"2459991685","Ligusticum scoticum",-65.74367,43.4559,2018,8,21,"CA","Ligusticum scoticum"
"2518120018","Ligusticum scoticum",-68.150394,49.221297,2018,8,15,"CA","Ligusticum scoticum"
"2573787429","Ligusticum scoticum",-64.5642,44.157239,2018,8,4,"CA","Ligusticum scoticum"
"2574251810","Ligusticum scoticum",-66.177693,50.241922,2018,8,14,"CA","Ligusticum scoticum"
"3079771477","Ligusticum scoticum",-57.966197,49.665303,2018,8,7,"CA","Ligusticum scoticum"
"3330420314","Ligusticum scoticum",-52.670442,47.440363,2018,8,1,"CA","Ligusticum scoticum"
"3760059468","Ligusticum scoticum",-71.138514,48.351674,2018,8,16,"CA","Ligusticum scoticum"
"1901081502","Ligusticum scoticum",-66.39224,44.248611,2018,9,4,"CA","Ligusticum scoticum"
"1913152002","Ligusticum scoticum",-63.995415,46.732148,2018,9,2,"CA","Ligusticum scoticum"
"1913682454","Ligusticum scoticum",-63.93324,44.586998,2018,9,16,"CA","Ligusticum scoticum"
"1913712621","Ligusticum scoticum",-64.90421,47.511893,2018,9,20,"CA","Ligusticum scoticum"
"1914240329","Ligusticum scoticum",-65.072325,47.768116,2018,9,25,"CA","Ligusticum scoticum"
"1914240677","Ligusticum scoticum",-65.755661,44.625454,2018,9,26,"CA","Ligusticum scoticum"
"1914249289","Ligusticum scoticum",-64.680527,47.716044,2018,9,27,"CA","Ligusticum scoticum"
"1914249538","Ligusticum scoticum",-64.649805,47.725879,2018,9,27,"CA","Ligusticum scoticum"
"1571096017","Ligusticum scoticum",-64.906619,46.809424,2017,6,3,"CA","Ligusticum scoticum"
"1584411416","Ligusticum scoticum",-60.790637,45.958221,2017,7,21,"CA","Ligusticum scoticum"
"1586143808","Ligusticum scoticum",-66.722996,44.627725,2017,7,26,"CA","Ligusticum scoticum"
"3079865993","Ligusticum scoticum",-66.73636,44.764748,2017,7,26,"CA","Ligusticum scoticum"
"1640047215","Ligusticum scoticum",-52.622395,47.524547,2017,8,18,"CA","Ligusticum scoticum"
"1640081213","Ligusticum scoticum",-62.571318,44.847586,2017,8,5,"CA","Ligusticum scoticum"
"1703144583","Ligusticum scoticum",-65.666018,47.679674,2017,8,28,"CA","Ligusticum scoticum"
"2273330377","Ligusticum scoticum",-65.0757,47.230117,2017,8,24,"CA","Ligusticum scoticum"
"1668825646","Ligusticum scoticum",-63.616958,44.4612,2017,9,17,"CA","Ligusticum scoticum"
"1668895956","Ligusticum scoticum",-65.184108,44.99047,2017,10,1,"CA","Ligusticum scoticum"
"1677335516","Ligusticum scoticum",-64.817839,43.866573,2017,10,16,"CA","Ligusticum scoticum"
"3079554387","Ligusticum scoticum",-60.999534,45.318981,2017,10,10,"CA","Ligusticum scoticum"
"1703145858","Ligusticum scoticum",-64.679958,47.72731,2017,11,1,"CA","Ligusticum scoticum"
"1272114351","Ligusticum scoticum",-64.940894,47.30077,2016,6,15,"CA","Ligusticum scoticum"
"1272116260","Ligusticum scoticum",-64.913815,47.357248,2016,6,16,"CA","Ligusticum scoticum"
"1453093101","Ligusticum scoticum",-64.76944,47.662936,2016,6,17,"CA","Ligusticum scoticum"
"1453093723","Ligusticum scoticum",-52.7868,47.808592,2016,6,22,"CA","Ligusticum scoticum"
"1453287474","Ligusticum scoticum",-65.073647,47.230155,2016,7,12,"CA","Ligusticum scoticum"
"1453287568","Ligusticum scoticum",-65.010803,47.233805,2016,7,13,"CA","Ligusticum scoticum"
"1453288249","Ligusticum scoticum",-64.989066,47.820906,2016,7,14,"CA","Ligusticum scoticum"
"1453289124","Ligusticum scoticum",-65.254023,47.788012,2016,7,15,"CA","Ligusticum scoticum"
"1944381839","Ligusticum scoticum",-64.885388,43.801815,2016,7,14,"CA","Ligusticum scoticum"
"2549980703","Ligusticum scoticum",-63.069522,49.227177,2016,8,14,"CA","Ligusticum scoticum"
"3414083355","Ligusticum scoticum",-127.49,50.71,2016,8,30,"CA","Ligusticum scoticum"
"1453131885","Ligusticum scoticum",-63.817075,44.483776,2016,10,9,"CA","Ligusticum scoticum"
"1453296966","Ligusticum scoticum",-64.779182,47.690222,2016,10,4,"CA","Ligusticum scoticum"
"2028487413","Ligusticum scoticum",-57.172772,51.407715,2014,8,14,"CA","Ligusticum scoticum"
"3764110189","Ligusticum scoticum",-64.169512,48.625931,2014,8,6,"CA","Ligusticum scoticum"
"3097063312","Ligusticum scoticum",-60.628052,45.9053,2013,6,26,"CA","Ligusticum scoticum"
"1802721129","Ligusticum scoticum",-68.465939,48.510009,2013,7,6,"CA","Ligusticum scoticum"
"1703190966","Ligusticum scoticum",-80.673895,51.794216,2013,8,12,"CA","Ligusticum scoticum"
"1668808870","Ligusticum scoticum",-63.598617,44.630262,2012,6,22,"CA","Ligusticum scoticum"
"1640066181","Ligusticum scoticum",-58.423442,49.092661,2012,7,8,"CA","Ligusticum scoticum"
"1880641750","Ligusticum scoticum",-80.943558,51.963921,2012,7,14,"CA","Ligusticum scoticum"
"1248692961","Ligusticum scoticum",-69.5875,47.808583,2012,9,5,"CA","Ligusticum scoticum"
"2549997381","Ligusticum scoticum",-127.839913,52.33799,2010,6,27,"CA","Ligusticum scoticum"
"1658227582","Ligusticum scoticum",-64.24648,44.38211,2010,9,12,"CA","Ligusticum scoticum"
"1978757685","Ligusticum scoticum",-58.6375,51.212778,2010,9,3,"CA","Ligusticum scoticum"
"1978758673","Ligusticum scoticum",-66.738333,50.045,2010,9,20,"CA","Ligusticum scoticum"
"1978759474","Ligusticum scoticum",-66.736389,50.044722,2010,9,20,"CA","Ligusticum scoticum"
"2248732694","Ligusticum scoticum",-64.246,44.382,2010,9,12,"CA","Ligusticum scoticum"
"1949656663","Ligusticum scoticum",-137.936351,53.61122,2009,7,25,"CA","Ligusticum scoticum"
"2235546197","Ligusticum scoticum",-80.119173,51.292366,2009,7,3,"CA","Ligusticum scoticum"
"923911511","Ligusticum scoticum",-57.961035,49.683492,2009,8,1,"CA","Ligusticum scoticum"
"1806354540","Ligusticum scoticum",-81.08484,53.16879,2008,6,5,"CA","Ligusticum scoticum"
"668744397","Ligusticum scoticum",-64.17351,48.486172,2007,7,20,"CA","Ligusticum scoticum"
"1248693011","Ligusticum scoticum",-78.966667,52.933333,2007,7,20,"CA","Ligusticum scoticum"
"2283281506","Ligusticum scoticum",-64.733496,47.687946,2007,8,26,"CA","Ligusticum scoticum"
"1949643652","Ligusticum scoticum",-122.583333,49.083333,2006,6,27,"CA","Ligusticum scoticum"
"1837095721","Ligusticum scoticum",-64.920126,47.337728,2006,7,22,"CA","Ligusticum scoticum"
"1990470547","Ligusticum scoticum",-57.664017,50.113835,2006,7,5,"CA","Ligusticum scoticum"
"473446305","Ligusticum scoticum",-78.9231,52.9447,2006,8,9,"CA","Ligusticum scoticum"
"1248693010","Ligusticum scoticum",-78.9271123266881,52.9424463389446,2006,8,9,"CA","Ligusticum scoticum"
"1949642329","Ligusticum scoticum",-130.681944,53.945833,2005,6,20,"CA","Ligusticum scoticum"
"1949642462","Ligusticum scoticum",-130.525278,53.575833,2005,6,21,"CA","Ligusticum scoticum"
"1949642695","Ligusticum scoticum",-129.971944,53.869444,2005,6,27,"CA","Ligusticum scoticum"
"1262031005","Ligusticum scoticum",-57.203056,51.411389,2005,7,28,"CA","Ligusticum scoticum"
"473311918","Ligusticum scoticum",-56.133611,51.854167,2004,7,13,"CA","Ligusticum scoticum"
"473311044","Ligusticum scoticum",-55.365556,51.965,2004,8,17,"CA","Ligusticum scoticum"
"1988174171","Ligusticum scoticum",-127.67,51.1,2002,6,26,"CA","Ligusticum scoticum"
"1054800153","Ligusticum scoticum",-59.231111,50.6108329990751,2002,8,7,"CA","Ligusticum scoticum"
"1803148585","Ligusticum scoticum",-69.799778,47.947361,1999,9,25,"CA","Ligusticum scoticum"
"1899276917","Ligusticum scoticum",-80.9625,53.108333,1998,7,15,"CA","Ligusticum scoticum"
"1248693043","Ligusticum scoticum",-69.423889,48.050833,1997,7,16,"CA","Ligusticum scoticum"
"1949619705","Ligusticum scoticum",-132.133333,53.25,1997,7,4,"CA","Ligusticum scoticum"
"1949623152","Ligusticum scoticum",-131.983333,53.25,1997,7,19,"CA","Ligusticum scoticum"
"1988078324","Ligusticum scoticum",-132,53.3,1997,7,19,"CA","Ligusticum scoticum"
"1988122395","Ligusticum scoticum",-132.1,53.3,1997,7,4,"CA","Ligusticum scoticum"
"1804371356","Ligusticum scoticum",-53.8078,48.5271999990641,1996,7,23,"CA","Ligusticum scoticum"
"1804559381","Ligusticum scoticum",-53.0833,48.6999999990648,1996,8,10,"CA","Ligusticum scoticum"
"1262030940","Ligusticum scoticum",-62.606944,49.616944,1995,7,31,"CA","Ligusticum scoticum"
"1248692945","Ligusticum scoticum",-68.5875,48.443056,1995,8,15,"CA","Ligusticum scoticum"
"1248693017","Ligusticum scoticum",-68.577778,48.45,1995,8,17,"CA","Ligusticum scoticum"
"473572534","Ligusticum scoticum",-71.1188,46.8818,1995,9,20,"CA","Ligusticum scoticum"
"668744386","Ligusticum scoticum",-57.1325,51.426389,1994,8,11,"CA","Ligusticum scoticum"
"668744387","Ligusticum scoticum",-57.1325,51.426389,1994,8,11,"CA","Ligusticum scoticum"
"668744388","Ligusticum scoticum",-57.144722,51.425,1994,8,7,"CA","Ligusticum scoticum"
"668744389","Ligusticum scoticum",-57.139722,51.390833,1994,8,3,"CA","Ligusticum scoticum"
"1949625187","Ligusticum scoticum",-127.866667,53.233333,1993,7,18,"CA","Ligusticum scoticum"
"1949625411","Ligusticum scoticum",-127.866667,53.233333,1993,7,18,"CA","Ligusticum scoticum"
"1248693041","Ligusticum scoticum",-70.416667,47.366667,1993,8,10,"CA","Ligusticum scoticum"
"1054797569","Ligusticum scoticum",-79.050278,53.869444,1992,8,8,"CA","Ligusticum scoticum"
"1262028229","Ligusticum scoticum",-70.883333,48.316667,1992,9,9,"CA","Ligusticum scoticum"
"1054798347","Ligusticum scoticum",-79.25,51.55,1991,7,30,"CA","Ligusticum scoticum"
"668744390","Ligusticum scoticum",-78.980556,53.063889,1991,8,17,"CA","Ligusticum scoticum"
"668744396","Ligusticum scoticum",-78.916667,53.241667,1991,8,17,"CA","Ligusticum scoticum"
"1054797427","Ligusticum scoticum",-79.159167,52.518611,1991,8,12,"CA","Ligusticum scoticum"
"1054798357","Ligusticum scoticum",-79.116667,51.533333,1991,8,1,"CA","Ligusticum scoticum"
"1248692978","Ligusticum scoticum",-78.873889,51.944722,1991,8,15,"CA","Ligusticum scoticum"
"1248692985","Ligusticum scoticum",-78.683333,52.016667,1991,8,15,"CA","Ligusticum scoticum"
"1248692989","Ligusticum scoticum",-79.533333,51.541667,1991,8,1,"CA","Ligusticum scoticum"
"1248692993","Ligusticum scoticum",-79.666667,51.391667,1991,8,1,"CA","Ligusticum scoticum"
"1248692994","Ligusticum scoticum",-78.776111,51.956667,1991,8,17,"CA","Ligusticum scoticum"
"1248693014","Ligusticum scoticum",-78.716667,52.672222,1991,8,16,"CA","Ligusticum scoticum"
"1248693023","Ligusticum scoticum",-78.843889,51.884444,1991,8,6,"CA","Ligusticum scoticum"
"1248693030","Ligusticum scoticum",-78.9925,53.283889,1991,8,16,"CA","Ligusticum scoticum"
"1248693067","Ligusticum scoticum",-78.779167,52.783333,1991,8,16,"CA","Ligusticum scoticum"
"1248693078","Ligusticum scoticum",-78.733333,52.833333,1991,8,16,"CA","Ligusticum scoticum"
"1248693084","Ligusticum scoticum",-78.775,52.721111,1991,8,10,"CA","Ligusticum scoticum"
"1248693095","Ligusticum scoticum",-78.619444,52.083333,1991,8,15,"CA","Ligusticum scoticum"
"465937244","Ligusticum scoticum",-64.3834,44.45103,1989,7,15,"CA","Ligusticum scoticum"
"465937242","Ligusticum scoticum",-61.599167,45.15,1989,8,21,"CA","Ligusticum scoticum"
"3468843415","Ligusticum scoticum",-68.469028,48.510328,1989,8,8,"CA","Ligusticum scoticum"
"465937240","Ligusticum scoticum",-60.75111,46.09964,1988,7,16,"CA","Ligusticum scoticum"
"473444439","Ligusticum scoticum",-66.95,45.033333,1988,7,19,"CA","Ligusticum scoticum"
"1248692987","Ligusticum scoticum",-68.794722,48.880556,1988,8,28,"CA","Ligusticum scoticum"
"1899305484","Ligusticum scoticum",-80,51,1987,6,28,"CA","Ligusticum scoticum"
"1949598754","Ligusticum scoticum",-126.783333,52.366667,1987,6,26,"CA","Ligusticum scoticum"
"1949611718","Ligusticum scoticum",-130.833333,54.496667,1987,7,29,"CA","Ligusticum scoticum"
"1949611735","Ligusticum scoticum",-130.833333,54.496667,1987,7,29,"CA","Ligusticum scoticum"
"1988223269","Ligusticum scoticum",-130.83,54.5,1987,7,29,"CA","Ligusticum scoticum"
"1949624902","Ligusticum scoticum",-130.316667,54.283333,1987,8,4,"CA","Ligusticum scoticum"
"473435870","Ligusticum scoticum",-79.0798,53.78701,1987,9,2,"CA","Ligusticum scoticum"
"465937238","Ligusticum scoticum",-62.341667,44.866667,1986,8,26,"CA","Ligusticum scoticum"
"1248692963","Ligusticum scoticum",-69.744167,47.720278,1985,7,20,"CA","Ligusticum scoticum"
"1949577912","Ligusticum scoticum",-129.613889,52.986111,1984,7,13,"CA","Ligusticum scoticum"
"1949577924","Ligusticum scoticum",-129.613889,52.986111,1984,7,13,"CA","Ligusticum scoticum"
"606657906","Ligusticum scoticum",-66.36638,44.25222,1984,8,14,"CA","Ligusticum scoticum"
"1804424190","Ligusticum scoticum",-60.2333,45.7333,1984,8,18,"CA","Ligusticum scoticum"
"1820374283","Ligusticum scoticum",-60.233333,45.733333,1984,8,18,"CA","Ligusticum scoticum"
"1804503016","Ligusticum scoticum",-76.5667,56.1333,1983,7,21,"CA","Ligusticum scoticum"
"465937236","Ligusticum scoticum",-64.78585,45.33936,1983,8,10,"CA","Ligusticum scoticum"
"465937233","Ligusticum scoticum",-65.749167,43.466667,1982,8,15,"CA","Ligusticum scoticum"
"1248692931","Ligusticum scoticum",-63.845278,50.296389,1981,7,7,"CA","Ligusticum scoticum"
"1807247693","Ligusticum scoticum",-65.747327,43.461941,1981,7,13,"CA","Ligusticum scoticum"
"1804468664","Ligusticum scoticum",-65.7833,44.7,1981,8,18,"CA","Ligusticum scoticum"
"1804595257","Ligusticum scoticum",-64.45,46.2333,1981,8,7,"CA","Ligusticum scoticum"
"465937231","Ligusticum scoticum",-67.101059,44.500037,1980,8,11,"CA","Ligusticum scoticum"
"1248693001","Ligusticum scoticum",-63.816944,50.2125,1979,7,11,"CA","Ligusticum scoticum"
"1248693057","Ligusticum scoticum",-63.558056,50.209444,1979,7,25,"CA","Ligusticum scoticum"
"1262018994","Ligusticum scoticum",-63.55,50.216667,1979,7,25,"CA","Ligusticum scoticum"
"1807247611","Ligusticum scoticum",-62.040437,46.421688,1979,8,24,"CA","Ligusticum scoticum"
"1804445438","Ligusticum scoticum",-63.9167,44.5,1979,9,27,"CA","Ligusticum scoticum"
"1807248000","Ligusticum scoticum",-64.30681,44.55321,1979,9,15,"CA","Ligusticum scoticum"
"1248693034","Ligusticum scoticum",-63.749167,50.211944,1978,8,6,"CA","Ligusticum scoticum"
"1949619327","Ligusticum scoticum",-127.683333,50.7,1978,8,1,"CA","Ligusticum scoticum"
"2827055340","Ligusticum scoticum",-52.6237,47.521951,1978,8,2,"CA","Ligusticum scoticum"
"2859154249","Ligusticum scoticum",-77.783333,55.266667,1978,8,25,"CA","Ligusticum scoticum"
"1807247630","Ligusticum scoticum",-64.429857,44.230913,1978,9,23,"CA","Ligusticum scoticum"
"1899307467","Ligusticum scoticum",-59.783333,54.9,1977,7,30,"CA","Ligusticum scoticum"
"2250955493","Ligusticum scoticum",-59.783,54.9,1977,7,30,"CA","Ligusticum scoticum"
"1248693040","Ligusticum scoticum",-61.936944,47.3125,1977,8,9,"CA","Ligusticum scoticum"
"1804496698","Ligusticum scoticum",-56.1167,50.1167,1977,8,6,"CA","Ligusticum scoticum"
"1804567903","Ligusticum scoticum",-54.75,49.4667,1977,8,13,"CA","Ligusticum scoticum"
"1248693024","Ligusticum scoticum",-63.466667,50.241667,1976,7,16,"CA","Ligusticum scoticum"
"1261999756","Ligusticum scoticum",-69.256246,48.139736,1976,7,6,"CA","Ligusticum scoticum"
"1262020045","Ligusticum scoticum",-63.548611,50.220278,1976,7,22,"CA","Ligusticum scoticum"
"1248693000","Ligusticum scoticum",-68.736111,48.376667,1976,8,18,"CA","Ligusticum scoticum"
"1248693031","Ligusticum scoticum",-78.720833,51.485,1976,8,6,"CA","Ligusticum scoticum"
"1248693020","Ligusticum scoticum",-69.25,48.142222,1975,7,13,"CA","Ligusticum scoticum"
"1261998728","Ligusticum scoticum",-65.483333,48.05,1975,7,25,"CA","Ligusticum scoticum"
"1804579468","Ligusticum scoticum",-66.1917,44.0889,1975,7,23,"CA","Ligusticum scoticum"
"2827056863","Ligusticum scoticum",-53.84994,48.561981,1975,7,31,"CA","Ligusticum scoticum"
"2827059411","Ligusticum scoticum",-53.84994,48.561981,1975,7,31,"CA","Ligusticum scoticum"
"1899296438","Ligusticum scoticum",-66.033333,45.25,1975,8,24,"CA","Ligusticum scoticum"
"2250955459","Ligusticum scoticum",-66.033,45.25,1975,8,24,"CA","Ligusticum scoticum"
"3348733496","Ligusticum scoticum",-66.029999,45.25,1975,8,24,"CA","Ligusticum scoticum"
"473525401","Ligusticum scoticum",-65.516667,50.3,1974,8,13,"CA","Ligusticum scoticum"
"1248692939","Ligusticum scoticum",-79.016667,53.9,1973,7,22,"CA","Ligusticum scoticum"
"1248693029","Ligusticum scoticum",-79.016667,53.9,1973,7,22,"CA","Ligusticum scoticum"
"1801076131","Ligusticum scoticum",-80,53.3,1973,7,24,"CA","Ligusticum scoticum"
"1988184988","Ligusticum scoticum",-130.3,54.4,1973,7,29,"CA","Ligusticum scoticum"
"1248692980","Ligusticum scoticum",-79.183333,53.816667,1973,8,21,"CA","Ligusticum scoticum"
"473579602","Ligusticum scoticum",-57.966667,49.6,1972,7,26,"CA","Ligusticum scoticum"
"1261992407","Ligusticum scoticum",-70.100278,48.234444,1972,7,19,"CA","Ligusticum scoticum"
"668744385","Ligusticum scoticum",-70.816111,48.428889,1971,7,14,"CA","Ligusticum scoticum"
"1248692976","Ligusticum scoticum",-70.543056,47.059444,1971,7,14,"CA","Ligusticum scoticum"
"1988080333","Ligusticum scoticum",-78.5,57.3,1971,8,29,"CA","Ligusticum scoticum"
"1248692965","Ligusticum scoticum",-70.543056,47.059444,1970,7,30,"CA","Ligusticum scoticum"
"1248692979","Ligusticum scoticum",-70.543056,47.059444,1970,7,30,"CA","Ligusticum scoticum"
"1248693028","Ligusticum scoticum",-70.483333,47.15,1970,8,17,"CA","Ligusticum scoticum"
"465937227","Ligusticum scoticum",-77.766667,55.283333,1969,7,29,"CA","Ligusticum scoticum"
"473525391","Ligusticum scoticum",-70.816667,48.416667,1968,7,22,"CA","Ligusticum scoticum"
"465937229","Ligusticum scoticum",-70.811389,48.421667,1967,7,7,"CA","Ligusticum scoticum"
"473525389","Ligusticum scoticum",-70.816667,48.416667,1967,7,7,"CA","Ligusticum scoticum"
"1248692970","Ligusticum scoticum",-67.234444,49.494167,1967,7,21,"CA","Ligusticum scoticum"
"1261969332","Ligusticum scoticum",-67.226198,49.487048,1967,7,21,"CA","Ligusticum scoticum"
"1248692988","Ligusticum scoticum",-66.704444,50.106111,1967,8,8,"CA","Ligusticum scoticum"
"1261968960","Ligusticum scoticum",-66.707984,50.109477,1967,8,8,"CA","Ligusticum scoticum"
"1261988708","Ligusticum scoticum",-67.786,49.314,1967,8,7,"CA","Ligusticum scoticum"
"465937226","Ligusticum scoticum",-65.749167,43.466667,1966,7,8,"CA","Ligusticum scoticum"
"473537824","Ligusticum scoticum",-64.494522,47.912978,1966,7,27,"CA","Ligusticum scoticum"
"1261979633","Ligusticum scoticum",-65.784722,49.226389,1966,7,15,"CA","Ligusticum scoticum"
"1248693051","Ligusticum scoticum",-61.733333,47.516667,1966,8,5,"CA","Ligusticum scoticum"
"1261971707","Ligusticum scoticum",-68.7,48.366667,1966,8,NA,"CA","Ligusticum scoticum"
"3334442850","Ligusticum scoticum",-54.793306,49.454194,1966,8,8,"CA","Ligusticum scoticum"
"1261988647","Ligusticum scoticum",-69.424167,48.051111,1965,7,27,"CA","Ligusticum scoticum"
"473537826","Ligusticum scoticum",-66.366667,48.016667,1965,8,16,"CA","Ligusticum scoticum"
"1261964453","Ligusticum scoticum",-70.911135,48.447816,1965,8,9,"CA","Ligusticum scoticum"
"1261988694","Ligusticum scoticum",-70.28199,47.2,1964,8,21,"CA","Ligusticum scoticum"
"1804535557","Ligusticum scoticum",-80.5833,51.7,1964,8,13,"CA","Ligusticum scoticum"
"1261967250","Ligusticum scoticum",-69.25,48.133333,1964,9,1,"CA","Ligusticum scoticum"
"1248692957","Ligusticum scoticum",-69.070556,48.764722,1963,7,30,"CA","Ligusticum scoticum"
"1248692974","Ligusticum scoticum",-69.322778,48.105556,1963,7,4,"CA","Ligusticum scoticum"
"1248693050","Ligusticum scoticum",-69.070556,48.764722,1963,7,30,"CA","Ligusticum scoticum"
"1261966067","Ligusticum scoticum",-69.094296,48.773164,1963,7,30,"CA","Ligusticum scoticum"
"465937221","Ligusticum scoticum",-67.296389,45.180278,1963,8,1,"CA","Ligusticum scoticum"
"473304268","Ligusticum scoticum",-60.633333,55.15,1963,8,6,"CA","Ligusticum scoticum"
"473305325","Ligusticum scoticum",-60.216667,55.466667,1963,8,17,"CA","Ligusticum scoticum"
"473305424","Ligusticum scoticum",-60.633333,55.15,1963,8,20,"CA","Ligusticum scoticum"
"473525413","Ligusticum scoticum",-64.1758,48.4968,1963,8,8,"CA","Ligusticum scoticum"
"2827055841","Ligusticum scoticum",-60.633333,55.15,1963,8,20,"CA","Ligusticum scoticum"
"1807247585","Ligusticum scoticum",-60.46985,46.89701,1963,9,23,"CA","Ligusticum scoticum"
"465937215","Ligusticum scoticum",-61.92103,45.78163,1962,7,15,"CA","Ligusticum scoticum"
"465937217","Ligusticum scoticum",-65.61462,44.71508,1962,8,29,"CA","Ligusticum scoticum"
"1261962703","Ligusticum scoticum",-70.1775,48.87,1962,8,5,"CA","Ligusticum scoticum"
"1807247597","Ligusticum scoticum",-61.50842,45.39466,1961,8,23,"CA","Ligusticum scoticum"
"465937211","Ligusticum scoticum",-64.58103,44.07731,1960,7,14,"CA","Ligusticum scoticum"
"1248692966","Ligusticum scoticum",-62.216389,50.241389,1960,7,13,"CA","Ligusticum scoticum"
"1248693022","Ligusticum scoticum",-68.85,48.866667,1960,7,21,"CA","Ligusticum scoticum"
"1248693056","Ligusticum scoticum",-62.216389,50.241389,1960,7,13,"CA","Ligusticum scoticum"
"1262031823","Ligusticum scoticum",-70.734722,46.926111,1959,6,20,"CA","Ligusticum scoticum"
"1261958680","Ligusticum scoticum",-70.832016,48.427932,1959,7,17,"CA","Ligusticum scoticum"
"1261956636","Ligusticum scoticum",-70.821475,48.423842,1958,7,24,"CA","Ligusticum scoticum"
"465937209","Ligusticum scoticum",-65.14837,45.00252,1958,8,22,"CA","Ligusticum scoticum"
"1807247769","Ligusticum scoticum",-65.50851,44.82323,1958,8,22,"CA","Ligusticum scoticum"
"1261955414","Ligusticum scoticum",-69.720107,48.092046,1957,7,25,"CA","Ligusticum scoticum"
"1804554119","Ligusticum scoticum",-80.4667,51.3667,1957,7,29,"CA","Ligusticum scoticum"
"465937206","Ligusticum scoticum",-65.35118,43.63211,1957,8,22,"CA","Ligusticum scoticum"
"1807247936","Ligusticum scoticum",-66.445139,48.024305,1955,8,4,"CA","Ligusticum scoticum"
"465937198","Ligusticum scoticum",-60.349167,46.183333,1955,9,7,"CA","Ligusticum scoticum"
"465937190","Ligusticum scoticum",-60.374939,46.383939,1954,7,5,"CA","Ligusticum scoticum"
"465937197","Ligusticum scoticum",-64.03739,45.41477,1954,7,21,"CA","Ligusticum scoticum"
"465937192","Ligusticum scoticum",-64.67566,45.54086,1954,9,8,"CA","Ligusticum scoticum"
"465937194","Ligusticum scoticum",-64.335084,45.367421,1954,9,9,"CA","Ligusticum scoticum"
"1261953240","Ligusticum scoticum",-66.400556,50.106667,1954,9,19,"CA","Ligusticum scoticum"
"465937201","Ligusticum scoticum",-66.983333,45.1,1953,7,24,"CA","Ligusticum scoticum"
"465937189","Ligusticum scoticum",-63.913868,46.604664,1953,8,7,"CA","Ligusticum scoticum"
"1807247583","Ligusticum scoticum",-64.10363,44.49436,1953,8,3,"CA","Ligusticum scoticum"
"1807247593","Ligusticum scoticum",-64.999427,45.250923,1953,8,4,"CA","Ligusticum scoticum"
"1988121100","Ligusticum scoticum",-130.3,54.3,1952,6,29,"CA","Ligusticum scoticum"
"1248693045","Ligusticum scoticum",-79.218611,51.507222,1952,9,20,"CA","Ligusticum scoticum"
"1988151893","Ligusticum scoticum",-127,52,1951,6,13,"CA","Ligusticum scoticum"
"465937184","Ligusticum scoticum",-62.68887,45.62901,1951,8,5,"CA","Ligusticum scoticum"
"1807247590","Ligusticum scoticum",-59.69907,46.02682,1951,8,17,"CA","Ligusticum scoticum"
"1807247758","Ligusticum scoticum",-59.935183,46.008126,1951,8,16,"CA","Ligusticum scoticum"
"465937204","Ligusticum scoticum",-60.416667,53.35,1950,8,19,"CA","Ligusticum scoticum"
"1807247656","Ligusticum scoticum",-61.53901,45.68175,1950,8,14,"CA","Ligusticum scoticum"
"1988108432","Ligusticum scoticum",-60.4,53.4,1950,8,19,"CA","Ligusticum scoticum"
"1260785968","Ligusticum scoticum",-77.78333,55.28333,1949,8,16,"CA","Ligusticum scoticum"
"465937176","Ligusticum scoticum",-62.08533,44.97203,1948,7,29,"CA","Ligusticum scoticum"
"465937174","Ligusticum scoticum",-66.095724,44.500729,1948,8,10,"CA","Ligusticum scoticum"
"465937179","Ligusticum scoticum",-60.7678,46.84314,1948,8,13,"CA","Ligusticum scoticum"
"465937182","Ligusticum scoticum",-66.35741,44.26306,1948,8,29,"CA","Ligusticum scoticum"
"465937171","Ligusticum scoticum",-63.90443,44.64646,1947,8,10,"CA","Ligusticum scoticum"
"1260786416","Ligusticum scoticum",-60.16666,55.41666,1947,9,5,"CA","Ligusticum scoticum"
"1930342780","Ligusticum scoticum",-60.17,55.42,1947,9,5,"CA","Ligusticum scoticum"
"1988213645","Ligusticum scoticum",-79,52.5,1947,9,6,"CA","Ligusticum scoticum"
"1807247578","Ligusticum scoticum",-64.26952,44.56061,1946,8,24,"CA","Ligusticum scoticum"
"1803135563","Ligusticum scoticum",-78.25,52.666667,1942,7,15,"CA","Ligusticum scoticum"
"473525379","Ligusticum scoticum",-68.5703,48.4706,1942,8,19,"CA","Ligusticum scoticum"
"473525449","Ligusticum scoticum",-69.5107,47.9103,1941,8,29,"CA","Ligusticum scoticum"
"1261949005","Ligusticum scoticum",-65.446342,48.055494,1940,7,29,"CA","Ligusticum scoticum"
"1804453420","Ligusticum scoticum",-126.95,52.8333,1939,6,25,"CA","Ligusticum scoticum"
"1260786000","Ligusticum scoticum",-76.5,56.166667,1939,8,9,"CA","Ligusticum scoticum"
"1260786008","Ligusticum scoticum",-76.58333,56.33333,1939,8,5,"CA","Ligusticum scoticum"
"1261947824","Ligusticum scoticum",-66.547979,49.129418,1939,8,16,"CA","Ligusticum scoticum"
"1248692971","Ligusticum scoticum",-69.172222,48.143056,1938,7,11,"CA","Ligusticum scoticum"
"1248692981","Ligusticum scoticum",-56.407778,53.809722,1938,7,7,"CA","Ligusticum scoticum"
"1248693021","Ligusticum scoticum",-56.45,53.8,1938,7,8,"CA","Ligusticum scoticum"
"1260785810","Ligusticum scoticum",-59.25,56.26666,1937,7,14,"CA","Ligusticum scoticum"
"2235852925","Ligusticum scoticum",-59.25,56.27,1937,7,14,"CA","Ligusticum scoticum"
"1807247930","Ligusticum scoticum",-61.00782,46.62978,1937,8,23,"CA","Ligusticum scoticum"
"473525462","Ligusticum scoticum",-69.8755,47.5604,1936,7,31,"CA","Ligusticum scoticum"
"473525479","Ligusticum scoticum",-66.541725,48.077635,1936,7,31,"CA","Ligusticum scoticum"
"1248692955","Ligusticum scoticum",-68.729167,48.377222,1936,8,3,"CA","Ligusticum scoticum"
"1248693027","Ligusticum scoticum",-68.729167,48.377222,1936,8,3,"CA","Ligusticum scoticum"
"1248693064","Ligusticum scoticum",-69.433333,48.033333,1935,7,19,"CA","Ligusticum scoticum"
"1807247603","Ligusticum scoticum",-66.06621,43.7259,1933,6,15,"CA","Ligusticum scoticum"
"1248692950","Ligusticum scoticum",-56.407778,53.809722,1933,7,26,"CA","Ligusticum scoticum"
"1248693018","Ligusticum scoticum",-56.407778,53.809722,1933,7,19,"CA","Ligusticum scoticum"
"473525503","Ligusticum scoticum",-69.25,48.1422,1933,8,12,"CA","Ligusticum scoticum"
"473525417","Ligusticum scoticum",-69.25,48.1422,1930,8,21,"CA","Ligusticum scoticum"
"1804586209","Ligusticum scoticum",-79.4996347602138,51.9999389092194,1929,7,6,"CA","Ligusticum scoticum"
"1260785892","Ligusticum scoticum",-56.76666,53.8,1928,7,22,"CA","Ligusticum scoticum"
"1260785876","Ligusticum scoticum",-62,57,1928,8,6,"CA","Ligusticum scoticum"
"1260785914","Ligusticum scoticum",-55.75,53.21666,1928,8,22,"CA","Ligusticum scoticum"
"1248693006","Ligusticum scoticum",-64.208611,50.220278,1924,8,5,"CA","Ligusticum scoticum"
"473525482","Ligusticum scoticum",-64.4322,48.8522,1923,7,19,"CA","Ligusticum scoticum"
"1024640043","Ligusticum scoticum",-64.4322,48.8522,1923,7,19,"CA","Ligusticum scoticum"
"1804441578","Ligusticum scoticum",-127.5,52.3833,1921,8,4,"CA","Ligusticum scoticum"
"1807247620","Ligusticum scoticum",-66.11866,43.81541,1920,8,26,"CA","Ligusticum scoticum"
"438935097","Ligusticum scoticum",-61.49683,47.78053,1919,8,5,"CA","Ligusticum scoticum"
"1804410287","Ligusticum scoticum",-130.317,54.3167,1916,8,1,"CA","Ligusticum scoticum"
"2236123208","Ligusticum scoticum",-59.78,43.98,1913,8,25,"CA","Ligusticum scoticum"
"1807247633","Ligusticum scoticum",-65.77538,44.67775,1912,7,5,"CA","Ligusticum scoticum"
"2859137059","Ligusticum scoticum",-68.7,48.366667,1910,7,20,"CA","Ligusticum scoticum"
"415955902","Ligusticum scoticum",-54.74305,49.35166,1908,7,20,"CA","Ligusticum scoticum"
"1804457099","Ligusticum scoticum",-81.5167,52.2833,1904,7,29,"CA","Ligusticum scoticum"
"465937223","Ligusticum scoticum",-61.00746,45.33549,1901,8,8,"CA","Ligusticum scoticum"
"686194749","Ligusticum scoticum",-64.563333,44.073889,NA,NA,NA,"CA","Ligusticum scoticum"
"2235816183","Ligusticum scoticum",-60.42,53.35,NA,NA,NA,"CA","Ligusticum scoticum"
"3764114567","Ligusticum scoticum",-70.602378,41.430447,2022,4,22,"US","Ligusticum scoticum"
"3772505666","Ligusticum scoticum",-67.725354,44.49938,2022,5,12,"US","Ligusticum scoticum"
"3383940657","Ligusticum scoticum",-75.772469,39.682854,2021,4,17,"US","Ligusticum scoticum"
"3113351825","Ligusticum scoticum",-151.563018,59.638606,2021,5,7,"US","Ligusticum scoticum"
"3113364452","Ligusticum scoticum",-151.662659,59.661873,2021,5,10,"US","Ligusticum scoticum"
"3113584159","Ligusticum scoticum",-134.967213,58.661086,2021,5,8,"US","Ligusticum scoticum"
"3124741622","Ligusticum scoticum",-136.097917,57.659356,2021,5,17,"US","Ligusticum scoticum"
"3383852689","Ligusticum scoticum",-70.545083,43.335087,2021,5,21,"US","Ligusticum scoticum"
"3301823650","Ligusticum scoticum",-134.677288,58.302713,2021,6,6,"US","Ligusticum scoticum"
"3314235027","Ligusticum scoticum",-135.611189,57.011144,2021,6,6,"US","Ligusticum scoticum"
"3314428317","Ligusticum scoticum",-151.867065,59.774006,2021,6,22,"US","Ligusticum scoticum"
"3325515718","Ligusticum scoticum",-135.734839,57.003603,2021,6,16,"US","Ligusticum scoticum"
"3325530727","Ligusticum scoticum",-135.737803,57.004522,2021,6,16,"US","Ligusticum scoticum"
"3337512347","Ligusticum scoticum",-162.712494,55.208875,2021,6,26,"US","Ligusticum scoticum"
"3383929801","Ligusticum scoticum",-161.929213,59.740603,2021,6,26,"US","Ligusticum scoticum"
"3384651809","Ligusticum scoticum",-70.447845,41.365853,2021,6,30,"US","Ligusticum scoticum"
"3384657759","Ligusticum scoticum",-70.033958,41.299145,2021,6,10,"US","Ligusticum scoticum"
"3384666735","Ligusticum scoticum",-68.334312,44.248268,2021,6,17,"US","Ligusticum scoticum"
"3325607473","Ligusticum scoticum",-149.439819,60.114002,2021,7,8,"US","Ligusticum scoticum"
"3325713089","Ligusticum scoticum",-133.65608,57.881227,2021,7,1,"US","Ligusticum scoticum"
"3325922358","Ligusticum scoticum",-145.752071,60.369204,2021,7,6,"US","Ligusticum scoticum"
"3327700947","Ligusticum scoticum",-151.702244,60.031517,2021,7,10,"US","Ligusticum scoticum"
"3327931436","Ligusticum scoticum",-151.539369,59.639739,2021,7,13,"US","Ligusticum scoticum"
"3328054416","Ligusticum scoticum",-151.537293,59.639792,2021,7,13,"US","Ligusticum scoticum"
"3328098572","Ligusticum scoticum",-146.352097,61.125889,2021,7,14,"US","Ligusticum scoticum"
"3330436624","Ligusticum scoticum",-135.882913,58.483935,2021,7,8,"US","Ligusticum scoticum"
"3330458817","Ligusticum scoticum",-146.267044,61.115322,2021,7,16,"US","Ligusticum scoticum"
"3330480924","Ligusticum scoticum",-152.351187,57.42626,2021,7,17,"US","Ligusticum scoticum"
"3330519755","Ligusticum scoticum",-135.685693,57.012248,2021,7,16,"US","Ligusticum scoticum"
"3333107119","Ligusticum scoticum",-70.126789,41.287175,2021,7,24,"US","Ligusticum scoticum"
"3355050654","Ligusticum scoticum",-67.049239,44.904145,2021,7,22,"US","Ligusticum scoticum"
"3383833959","Ligusticum scoticum",-68.208345,44.362378,2021,7,29,"US","Ligusticum scoticum"
"3383835881","Ligusticum scoticum",-165.371902,64.518402,2021,7,17,"US","Ligusticum scoticum"
"3383849921","Ligusticum scoticum",-160.79808,63.879058,2021,7,18,"US","Ligusticum scoticum"
"3384270910","Ligusticum scoticum",-123.962143,45.822777,2021,7,17,"US","Ligusticum scoticum"
"3384286914","Ligusticum scoticum",-166.00473,65.188652,2021,7,23,"US","Ligusticum scoticum"
"3759288204","Ligusticum scoticum",-133.078644,56.19135,2021,7,4,"US","Ligusticum scoticum"
"3355746961","Ligusticum scoticum",-151.494872,59.632606,2021,8,15,"US","Ligusticum scoticum"
"3384636212","Ligusticum scoticum",-152.354703,57.837031,2021,8,4,"US","Ligusticum scoticum"
"3384653281","Ligusticum scoticum",-152.346057,57.832955,2021,8,4,"US","Ligusticum scoticum"
"3384670998","Ligusticum scoticum",-66.965706,44.807518,2021,8,16,"US","Ligusticum scoticum"
"3747023487","Ligusticum scoticum",-69.549994,43.817719,2021,8,7,"US","Ligusticum scoticum"
"3383861272","Ligusticum scoticum",-70.777502,41.321751,2021,9,7,"US","Ligusticum scoticum"
"3416083111","Ligusticum scoticum",-66.983591,44.858755,2021,10,9,"US","Ligusticum scoticum"
"2856565374","Ligusticum scoticum",-72.696969,41.267286,2020,4,25,"US","Ligusticum scoticum"
"2620058765","Ligusticum scoticum",-135.314639,57.034655,2020,5,3,"US","Ligusticum scoticum"
"2620152006","Ligusticum scoticum",-135.371865,57.135608,2020,5,3,"US","Ligusticum scoticum"
"2626219591","Ligusticum scoticum",-135.386686,56.843179,2020,5,12,"US","Ligusticum scoticum"
"2626588056","Ligusticum scoticum",-135.323221,56.811903,2020,5,12,"US","Ligusticum scoticum"
"2634559268","Ligusticum scoticum",-151.314378,60.384533,2020,5,29,"US","Ligusticum scoticum"
"2856474380","Ligusticum scoticum",-70.912278,42.476945,2020,5,26,"US","Ligusticum scoticum"
"2856525357","Ligusticum scoticum",-145.774925,60.378009,2020,5,2,"US","Ligusticum scoticum"
"2856624418","Ligusticum scoticum",-69.616317,44.047847,2020,5,7,"US","Ligusticum scoticum"
"2641580360","Ligusticum scoticum",-135.356162,57.023341,2020,6,8,"US","Ligusticum scoticum"
"2802788199","Ligusticum scoticum",-135.36812,57.070746,2020,6,23,"US","Ligusticum scoticum"
"2803080103","Ligusticum scoticum",-145.30541,60.436767,2020,6,20,"US","Ligusticum scoticum"
"2814298843","Ligusticum scoticum",-134.726423,58.37204,2020,6,28,"US","Ligusticum scoticum"
"2814387427","Ligusticum scoticum",-135.295808,56.793951,2020,6,21,"US","Ligusticum scoticum"
"2823104747","Ligusticum scoticum",-135.706008,57.005825,2020,6,12,"US","Ligusticum scoticum"
"2856528397","Ligusticum scoticum",-124.06395,44.635897,2020,6,5,"US","Ligusticum scoticum"
"2856693431","Ligusticum scoticum",-68.890122,44.129514,2020,6,23,"US","Ligusticum scoticum"
"2856760434","Ligusticum scoticum",-69.48916,43.807766,2020,6,28,"US","Ligusticum scoticum"
"3399243160","Ligusticum scoticum",-147.842343,60.79041,2020,6,3,"US","Ligusticum scoticum"
"2814060026","Ligusticum scoticum",-144.593763,59.797645,2020,7,1,"US","Ligusticum scoticum"
"2818648542","Ligusticum scoticum",-135.746593,57.163351,2020,7,1,"US","Ligusticum scoticum"
"3384206564","Ligusticum scoticum",-148.339008,60.4723,2020,7,28,"US","Ligusticum scoticum"
"2856492496","Ligusticum scoticum",-162.292686,63.512406,2020,8,9,"US","Ligusticum scoticum"
"2856537579","Ligusticum scoticum",-133.815477,57.841405,2020,8,13,"US","Ligusticum scoticum"
"2856630540","Ligusticum scoticum",-133.944726,58.038272,2020,8,13,"US","Ligusticum scoticum"
"2856660849","Ligusticum scoticum",-67.09917,44.729469,2020,8,15,"US","Ligusticum scoticum"
"2856670796","Ligusticum scoticum",-134.01179,58.073958,2020,8,19,"US","Ligusticum scoticum"
"2856754578","Ligusticum scoticum",-133.658048,58.012696,2020,8,18,"US","Ligusticum scoticum"
"2856763494","Ligusticum scoticum",-162.308843,63.540011,2020,8,8,"US","Ligusticum scoticum"
"3384649510","Ligusticum scoticum",-149.357916,61.470358,2020,8,27,"US","Ligusticum scoticum"
"3398714497","Ligusticum scoticum",-149.693955,61.006072,2020,8,4,"US","Ligusticum scoticum"
"3337738453","Ligusticum scoticum",-70.507622,41.363995,2020,9,23,"US","Ligusticum scoticum"
"3355074423","Ligusticum scoticum",-70.295948,43.565851,2020,9,19,"US","Ligusticum scoticum"
"2273312879","Ligusticum scoticum",-135.373611,59.214703,2019,6,18,"US","Ligusticum scoticum"
"2294444743","Ligusticum scoticum",-135.440812,57.035595,2019,6,30,"US","Ligusticum scoticum"
"3455662502","Ligusticum scoticum",-149.693102,61.005445,2019,6,25,"US","Ligusticum scoticum"
"3456278618","Ligusticum scoticum",-149.693161,61.005466,2019,6,25,"US","Ligusticum scoticum"
"2294623948","Ligusticum scoticum",-135.601458,57.0605,2019,7,18,"US","Ligusticum scoticum"
"2422857112","Ligusticum scoticum",-69.777022,43.791437,2019,7,10,"US","Ligusticum scoticum"
"2331955214","Ligusticum scoticum",-135.755018,57.12307,2019,8,6,"US","Ligusticum scoticum"
"2350366328","Ligusticum scoticum",-136.644566,58.835212,2019,8,8,"US","Ligusticum scoticum"
"2350366578","Ligusticum scoticum",-136.647639,58.833663,2019,8,8,"US","Ligusticum scoticum"
"2397575210","Ligusticum scoticum",-135.313774,57.047477,2019,8,24,"US","Ligusticum scoticum"
"2423126956","Ligusticum scoticum",-135.824906,57.302842,2019,8,12,"US","Ligusticum scoticum"
"2856542331","Ligusticum scoticum",-135.364252,57.130604,2019,8,3,"US","Ligusticum scoticum"
"2856624348","Ligusticum scoticum",-70.715271,43.07164,2019,9,11,"US","Ligusticum scoticum"
"2856733346","Ligusticum scoticum",-131.589982,55.095683,2019,9,14,"US","Ligusticum scoticum"
"2576348791","Ligusticum scoticum",-71.034173,42.313986,2019,10,2,"US","Ligusticum scoticum"
"1848774756","Ligusticum scoticum",-133.64058,55.612472,2018,5,30,"US","Ligusticum scoticum"
"1850978572","Ligusticum scoticum",-136.389582,57.959611,2018,5,31,"US","Ligusticum scoticum"
"2856663314","Ligusticum scoticum",-151.862946,59.77784,2018,5,25,"US","Ligusticum scoticum"
"1850979422","Ligusticum scoticum",-136.158852,57.642776,2018,6,2,"US","Ligusticum scoticum"
"1880497288","Ligusticum scoticum",-151.426422,59.602886,2018,6,16,"US","Ligusticum scoticum"
"1880540605","Ligusticum scoticum",-152.495072,57.734081,2018,6,20,"US","Ligusticum scoticum"
"2273196026","Ligusticum scoticum",-135.401412,57.097957,2018,6,15,"US","Ligusticum scoticum"
"2999040629","Ligusticum scoticum",-149.356722,60.927833,2018,6,26,"US","Ligusticum scoticum"
"1880649044","Ligusticum scoticum",-166.560561,53.848056,2018,7,3,"US","Ligusticum scoticum"
"1880649201","Ligusticum scoticum",-166.510269,53.867333,2018,7,3,"US","Ligusticum scoticum"
"1880650937","Ligusticum scoticum",-166.446625,53.868022,2018,7,3,"US","Ligusticum scoticum"
"1880651007","Ligusticum scoticum",-166.434294,53.913844,2018,7,3,"US","Ligusticum scoticum"
"1883473254","Ligusticum scoticum",-166.443192,53.903994,2018,7,4,"US","Ligusticum scoticum"
"1883473396","Ligusticum scoticum",-166.541397,53.878075,2018,7,5,"US","Ligusticum scoticum"
"1890686779","Ligusticum scoticum",-135.450112,59.215703,2018,7,25,"US","Ligusticum scoticum"
"2273196473","Ligusticum scoticum",-135.368153,57.070661,2018,7,13,"US","Ligusticum scoticum"
"2563432138","Ligusticum scoticum",-149.693588,61.005403,2018,7,22,"US","Ligusticum scoticum"
"3044641788","Ligusticum scoticum",-152.391067,57.787766,2018,7,20,"US","Ligusticum scoticum"
"1891340826","Ligusticum scoticum",-148.71767,60.781558,2018,8,14,"US","Ligusticum scoticum"
"1914199635","Ligusticum scoticum",-68.691337,44.153552,2018,8,15,"US","Ligusticum scoticum"
"1935580184","Ligusticum scoticum",-70.197484,43.565141,2018,8,28,"US","Ligusticum scoticum"
"2273196795","Ligusticum scoticum",-68.128197,43.96907,2018,8,4,"US","Ligusticum scoticum"
"1986506433","Ligusticum scoticum",-135.755617,57.12133,2018,9,5,"US","Ligusticum scoticum"
"1500339639","Ligusticum scoticum",-135.385079,57.043292,2017,4,29,"US","Ligusticum scoticum"
"1562984411","Ligusticum scoticum",-135.349826,57.052098,2017,5,25,"US","Ligusticum scoticum"
"1677303984","Ligusticum scoticum",-135.314025,57.034639,2017,5,23,"US","Ligusticum scoticum"
"1571128719","Ligusticum scoticum",-149.768542,60.967203,2017,6,8,"US","Ligusticum scoticum"
"1572350480","Ligusticum scoticum",-135.352789,57.053728,2017,6,30,"US","Ligusticum scoticum"
"1572358044","Ligusticum scoticum",-135.349125,59.465626,2017,7,2,"US","Ligusticum scoticum"
"1572392577","Ligusticum scoticum",-151.673062,60.047639,2017,7,7,"US","Ligusticum scoticum"
"1584407005","Ligusticum scoticum",-131.726871,55.511553,2017,7,19,"US","Ligusticum scoticum"
"1978471930","Ligusticum scoticum",-68.836098,44.037949,2017,7,8,"US","Ligusticum scoticum"
"2273330096","Ligusticum scoticum",-68.053388,44.338523,2017,7,3,"US","Ligusticum scoticum"
"3044633546","Ligusticum scoticum",-152.409431,57.774482,2017,7,27,"US","Ligusticum scoticum"
"1621777590","Ligusticum scoticum",-135.357764,57.048115,2017,8,4,"US","Ligusticum scoticum"
"1640055901","Ligusticum scoticum",-151.465215,59.622047,2017,8,26,"US","Ligusticum scoticum"
"3337745997","Ligusticum scoticum",-149.54814,60.867589,2017,8,12,"US","Ligusticum scoticum"
"2005406003","Ligusticum scoticum",-70.198699,43.563096,2017,9,20,"US","Ligusticum scoticum"
"1677286268","Ligusticum scoticum",-135.314956,57.03446,2017,10,10,"US","Ligusticum scoticum"
"1802668190","Ligusticum scoticum",-151.093762,60.309049,2017,10,1,"US","Ligusticum scoticum"
"2283281875","Ligusticum scoticum",-151.418595,59.600483,2016,6,23,"US","Ligusticum scoticum"
"3044601474","Ligusticum scoticum",-152.352487,57.427109,2016,7,4,"US","Ligusticum scoticum"
"1500220512","Ligusticum scoticum",-135.314103,57.034694,2016,8,31,"US","Ligusticum scoticum"
"2988688371","Ligusticum scoticum",-134.366145,58.263517,2016,8,24,"US","Ligusticum scoticum"
"3044643499","Ligusticum scoticum",-152.408135,57.765505,2016,8,9,"US","Ligusticum scoticum"
"1315066920","Ligusticum scoticum",-134.646678,56.250968,2016,9,8,"US","Ligusticum scoticum"
"2429655711","Ligusticum scoticum",-68.67544,44.279411,2016,10,20,"US","Ligusticum scoticum"
"1092882890","Ligusticum scoticum",-151.70017,60.03347,2015,5,16,"US","Ligusticum scoticum"
"1092890237","Ligusticum scoticum",-135.624361,57.41053,2015,5,20,"US","Ligusticum scoticum"
"1453065905","Ligusticum scoticum",-135.357032,57.024395,2015,10,4,"US","Ligusticum scoticum"
"1988070455","Ligusticum scoticum",-135.37557,59.14479,2014,7,13,"US","Ligusticum scoticum"
"1988114465","Ligusticum scoticum",-135.37557,59.14479,2014,7,11,"US","Ligusticum scoticum"
"1988120791","Ligusticum scoticum",-135.3755,59.14477,2014,7,13,"US","Ligusticum scoticum"
"1948738356","Ligusticum scoticum",-135.370161,57.134599,2013,7,22,"US","Ligusticum scoticum"
"1305124967","Ligusticum scoticum",-135.457349,57.079117,2012,5,20,"US","Ligusticum scoticum"
"2856749319","Ligusticum scoticum",-136.168756,57.720928,2011,6,11,"US","Ligusticum scoticum"
"2576269104","Ligusticum scoticum",-70.053378,43.711473,2010,10,26,"US","Ligusticum scoticum"
"1146317979","Ligusticum scoticum",-166.9375,60.204167,2009,7,12,"US","Ligusticum scoticum"
"2576256311","Ligusticum scoticum",-166.51075,53.906283,2008,7,25,"US","Ligusticum scoticum"
"1146246257","Ligusticum scoticum",-154.65,57.466667,2005,6,28,"US","Ligusticum scoticum"
"1146247803","Ligusticum scoticum",-160.427667,55.337833,2005,7,7,"US","Ligusticum scoticum"
"1146394634","Ligusticum scoticum",-161.89,59.07,2004,7,10,"US","Ligusticum scoticum"
"2422398751","Ligusticum scoticum",-135.19389,58.60333,2004,8,2,"US","Ligusticum scoticum"
"1453467681","Ligusticum scoticum",-135.315358,57.047561,2003,5,1,"US","Ligusticum scoticum"
"1146245850","Ligusticum scoticum",-139.838000990308,59.822264832437,2003,7,24,"US","Ligusticum scoticum"
"1146370794","Ligusticum scoticum",-163.97,66.59,2003,7,3,"US","Ligusticum scoticum"
"1658227555","Ligusticum scoticum",-149.8033,59.69111,2003,7,19,"US","Ligusticum scoticum"
"2248731968","Ligusticum scoticum",-149.803,59.691,2003,7,19,"US","Ligusticum scoticum"
"3348846253","Ligusticum scoticum",-149.800003,59.689999,2003,7,19,"US","Ligusticum scoticum"
"1146361452","Ligusticum scoticum",-153.77,59.52,2002,7,9,"US","Ligusticum scoticum"
"1702096114","Ligusticum scoticum",-165.291,64.486,2002,7,11,"US","Ligusticum scoticum"
"1146362009","Ligusticum scoticum",-143.75,60.08,2002,8,4,"US","Ligusticum scoticum"
"1146232070","Ligusticum scoticum",-136.53195,58.3559,2001,7,20,"US","Ligusticum scoticum"
"1146339896","Ligusticum scoticum",-162.95,67.02,2001,7,31,"US","Ligusticum scoticum"
"1146333910","Ligusticum scoticum",-135.63,59.38,2000,7,17,"US","Ligusticum scoticum"
"1146334194","Ligusticum scoticum",-135.38,59.2,2000,7,21,"US","Ligusticum scoticum"
"1146338041","Ligusticum scoticum",-164.46,64.55,2000,7,18,"US","Ligusticum scoticum"
"2422454234","Ligusticum scoticum",-152.42028,57.79611,1999,7,26,"US","Ligusticum scoticum"
"1950015853","Ligusticum scoticum",-146.318817,61.126518,1999,8,11,"US","Ligusticum scoticum"
"1146279431","Ligusticum scoticum",-153.03,59.88,1997,6,29,"US","Ligusticum scoticum"
"1146274733","Ligusticum scoticum",-165.61,61.25,1996,7,7,"US","Ligusticum scoticum"
"1146227848","Ligusticum scoticum",-166.53,53.86,1995,7,16,"US","Ligusticum scoticum"
"1146261604","Ligusticum scoticum",-149.76,61.32,1994,7,6,"US","Ligusticum scoticum"
"1258860735","Ligusticum scoticum",-150.7,61.25,1994,7,9,"US","Ligusticum scoticum"
"2626921548","Ligusticum scoticum",-163.033333,64.533333,1994,7,8,"US","Ligusticum scoticum"
"1258860715","Ligusticum scoticum",-151.85,60.73333,1994,8,7,"US","Ligusticum scoticum"
"1258860751","Ligusticum scoticum",-151.85,60.73333,1994,8,7,"US","Ligusticum scoticum"
"2270697906","Ligusticum scoticum",-152.41,57.79,1994,8,18,"US","Ligusticum scoticum"
"1146210089","Ligusticum scoticum",-168.15,53.28,1993,7,17,"US","Ligusticum scoticum"
"1146297382","Ligusticum scoticum",-162.89,55.27,1993,7,11,"US","Ligusticum scoticum"
"1146384829","Ligusticum scoticum",-164.95,64.46,1993,7,12,"US","Ligusticum scoticum"
"1146385873","Ligusticum scoticum",-161.87,59.4,1993,7,10,"US","Ligusticum scoticum"
"1146396096","Ligusticum scoticum",-132.55,56.31,1993,7,27,"US","Ligusticum scoticum"
"1146402402","Ligusticum scoticum",-131.15,55.22,1993,7,2,"US","Ligusticum scoticum"
"1146349636","Ligusticum scoticum",-152.53,58.11,1992,7,20,"US","Ligusticum scoticum"
"1146361153","Ligusticum scoticum",-152.66,58.56,1992,7,11,"US","Ligusticum scoticum"
"1146362024","Ligusticum scoticum",-152.61,57.83,1992,7,15,"US","Ligusticum scoticum"
"1146368919","Ligusticum scoticum",-161.9,59.75,1992,7,28,"US","Ligusticum scoticum"
"1146338850","Ligusticum scoticum",-139.56,59.5,1991,6,28,"US","Ligusticum scoticum"
"1146352992","Ligusticum scoticum",-147,60.25,1991,7,13,"US","Ligusticum scoticum"
"2859396282","Ligusticum scoticum",-135.33505,59.453127,1991,8,29,"US","Ligusticum scoticum"
"1146342695","Ligusticum scoticum",-153.88,57.7,1990,7,21,"US","Ligusticum scoticum"
"1260869827","Ligusticum scoticum",-154,57,1990,8,10,"US","Ligusticum scoticum"
"1038991484","Ligusticum scoticum",-72.0286,41.3622,1990,9,6,"US","Ligusticum scoticum"
"1038997825","Ligusticum scoticum",-72.0286,41.3622,1990,9,6,"US","Ligusticum scoticum"
"1801076170","Ligusticum scoticum",-149,60.833333,1989,8,11,"US","Ligusticum scoticum"
"1146303287","Ligusticum scoticum",-134.25,55.88,1988,7,7,"US","Ligusticum scoticum"
"1146303293","Ligusticum scoticum",-134.25,55.88,1988,7,7,"US","Ligusticum scoticum"
"1146303299","Ligusticum scoticum",-163.75,64.53,1988,7,6,"US","Ligusticum scoticum"
"1038954678","Ligusticum scoticum",-72.0286,41.3622,1988,9,15,"US","Ligusticum scoticum"
"1146303286","Ligusticum scoticum",-166.5,53.9,1987,7,21,"US","Ligusticum scoticum"
"1146360918","Ligusticum scoticum",-144.68,60.3,1987,7,9,"US","Ligusticum scoticum"
"2573424418","Ligusticum scoticum",-166.5,53.9,1987,7,21,"US","Ligusticum scoticum"
"1146347177","Ligusticum scoticum",-157.51,56.76,1987,8,18,"US","Ligusticum scoticum"
"1146303274","Ligusticum scoticum",-166.16,60.38,1986,7,27,"US","Ligusticum scoticum"
"1146303278","Ligusticum scoticum",-166.05,59.86,1986,8,20,"US","Ligusticum scoticum"
"1146303290","Ligusticum scoticum",-145.33,60.38,1986,8,15,"US","Ligusticum scoticum"
"1146303291","Ligusticum scoticum",-166.05,59.86,1986,8,20,"US","Ligusticum scoticum"
"2859432269","Ligusticum scoticum",-166.04397,59.858146,1986,8,20,"US","Ligusticum scoticum"
"1146303312","Ligusticum scoticum",-166.55,64.48,1986,9,8,"US","Ligusticum scoticum"
"1146303317","Ligusticum scoticum",-158.5,56.33,1985,7,26,"US","Ligusticum scoticum"
"1146367200","Ligusticum scoticum",-166.13,61.71,1985,7,14,"US","Ligusticum scoticum"
"1146303304","Ligusticum scoticum",-158.5,56.33,1985,8,5,"US","Ligusticum scoticum"
"606654058","Ligusticum scoticum",-69.82583,43.74305,1984,6,16,"US","Ligusticum scoticum"
"1146303296","Ligusticum scoticum",-131.65,55.33,1984,7,4,"US","Ligusticum scoticum"
"1146352793","Ligusticum scoticum",-150.53,59.48,1983,7,8,"US","Ligusticum scoticum"
"1146343664","Ligusticum scoticum",-135.33,57.05,1982,6,27,"US","Ligusticum scoticum"
"1949614155","Ligusticum scoticum",-135.313889,59.458333,1982,7,7,"US","Ligusticum scoticum"
"1146355990","Ligusticum scoticum",-162.75,59.98,1982,8,26,"US","Ligusticum scoticum"
"1146359585","Ligusticum scoticum",-149.61,60.53,1982,8,11,"US","Ligusticum scoticum"
"1146358680","Ligusticum scoticum",-152.03,60.65,1981,6,29,"US","Ligusticum scoticum"
"441773660","Ligusticum scoticum",-154.25,56.9,1981,7,11,"US","Ligusticum scoticum"
"1146343638","Ligusticum scoticum",-135.66,57.95,1980,6,22,"US","Ligusticum scoticum"
"1146303302","Ligusticum scoticum",-130.5,55.4,1980,7,19,"US","Ligusticum scoticum"
"1146346182","Ligusticum scoticum",-163.18,54.68,1980,7,9,"US","Ligusticum scoticum"
"1146348872","Ligusticum scoticum",-152.2,58.9,1980,7,9,"US","Ligusticum scoticum"
"1146341731","Ligusticum scoticum",-131.51,55.25,1980,8,1,"US","Ligusticum scoticum"
"1146343308","Ligusticum scoticum",-133.25,57.28,1980,8,2,"US","Ligusticum scoticum"
"1146342272","Ligusticum scoticum",-132.5,55.81,1979,6,26,"US","Ligusticum scoticum"
"1146343666","Ligusticum scoticum",-135.86,57.49,1979,8,21,"US","Ligusticum scoticum"
"1146352286","Ligusticum scoticum",-144.38,59.93,1978,6,16,"US","Ligusticum scoticum"
"1146347148","Ligusticum scoticum",-153.18,57.2,1978,8,7,"US","Ligusticum scoticum"
"1146351884","Ligusticum scoticum",-139.53,59.43,1977,6,25,"US","Ligusticum scoticum"
"1988239853","Ligusticum scoticum",-139.5,59.4,1977,6,25,"US","Ligusticum scoticum"
"1146303324","Ligusticum scoticum",-160.9,64.83,1977,7,26,"US","Ligusticum scoticum"
"1146360567","Ligusticum scoticum",-145.46,60.41,1977,7,7,"US","Ligusticum scoticum"
"1988093151","Ligusticum scoticum",-145.5,60.4,1977,7,7,"US","Ligusticum scoticum"
"1146347178","Ligusticum scoticum",-156.7,56.03,1977,8,1,"US","Ligusticum scoticum"
"1988078034","Ligusticum scoticum",-156.7,56,1977,8,1,"US","Ligusticum scoticum"
"1146303308","Ligusticum scoticum",-160.83,64.83,1976,1,1,"US","Ligusticum scoticum"
"1146367209","Ligusticum scoticum",-165.45,61.35,1976,7,26,"US","Ligusticum scoticum"
"2573423452","Ligusticum scoticum",-152.333333,58.45,1976,7,17,"US","Ligusticum scoticum"
"1146211046","Ligusticum scoticum",-132.41,56.58,1975,6,1,"US","Ligusticum scoticum"
"1146347151","Ligusticum scoticum",-160.56,55.98,1975,7,27,"US","Ligusticum scoticum"
"1038924811","Ligusticum scoticum",-71.9014,41.3775,1975,9,14,"US","Ligusticum scoticum"
"1038951313","Ligusticum scoticum",-72.1931,41.3257,1974,9,5,"US","Ligusticum scoticum"
"1146367109","Ligusticum scoticum",-166.13,61.63,1973,1,1,"US","Ligusticum scoticum"
"1146348925","Ligusticum scoticum",-154.41,57.08,1972,7,26,"US","Ligusticum scoticum"
"415955893","Ligusticum scoticum",-70.38666,43.50055,1971,8,18,"US","Ligusticum scoticum"
"1146347174","Ligusticum scoticum",-162.66,55.2,1971,8,1,"US","Ligusticum scoticum"
"1146348878","Ligusticum scoticum",-161.73,58.56,1970,7,19,"US","Ligusticum scoticum"
"1146360832","Ligusticum scoticum",-145.66,60.56,1969,6,21,"US","Ligusticum scoticum"
"1146360341","Ligusticum scoticum",-146.61,60.33,1969,7,18,"US","Ligusticum scoticum"
"1146352521","Ligusticum scoticum",-151.33,59.3,1968,8,6,"US","Ligusticum scoticum"
"1146344703","Ligusticum scoticum",-134.5,58.35,1967,7,24,"US","Ligusticum scoticum"
"1146348880","Ligusticum scoticum",-157.41,57.53,1967,7,22,"US","Ligusticum scoticum"
"1146360405","Ligusticum scoticum",-146.18,60.73,1967,7,23,"US","Ligusticum scoticum"
"1146240194","Ligusticum scoticum",-146.13,60.53,1965,7,15,"US","Ligusticum scoticum"
"1146356765","Ligusticum scoticum",-166.18,60.38,1965,7,25,"US","Ligusticum scoticum"
"1146360347","Ligusticum scoticum",-147.91,60.71,1965,8,9,"US","Ligusticum scoticum"
"1146347146","Ligusticum scoticum",-153.3,57.21,1964,1,1,"US","Ligusticum scoticum"
"1146366182","Ligusticum scoticum",-150.56,61.28,1963,7,26,"US","Ligusticum scoticum"
"1146352851","Ligusticum scoticum",-151.45,59.61,1962,6,24,"US","Ligusticum scoticum"
"1260795306","Ligusticum scoticum",-150.5,59.583333,1962,6,24,"US","Ligusticum scoticum"
"415955909","Ligusticum scoticum",-70.08555,41.29583,1962,8,19,"US","Ligusticum scoticum"
"1146303306","Ligusticum scoticum",-165.66,61.91,1961,6,1,"US","Ligusticum scoticum"
"1146367213","Ligusticum scoticum",-165.58,62.18,1960,7,17,"US","Ligusticum scoticum"
"1146342255","Ligusticum scoticum",-134.3,55.92,1960,8,2,"US","Ligusticum scoticum"
"1846526669","Ligusticum scoticum",-147.987653,60.480002,1959,7,27,"US","Ligusticum scoticum"
"415955908","Ligusticum scoticum",-70.8375,41.35,1959,8,22,"US","Ligusticum scoticum"
"415959819","Ligusticum scoticum",-70.8375,41.35,1959,8,22,"US","Ligusticum scoticum"
"2235860218","Ligusticum scoticum",-146.38,61.12,1959,8,10,"US","Ligusticum scoticum"
"1146303307","Ligusticum scoticum",-131.65,55.33,1959,9,20,"US","Ligusticum scoticum"
"1146343651","Ligusticum scoticum",-134.08,57.26,1958,8,17,"US","Ligusticum scoticum"
"1146342942","Ligusticum scoticum",-133.06,56.97,1957,6,28,"US","Ligusticum scoticum"
"1146303266","Ligusticum scoticum",-131.65,55.33,1955,6,28,"US","Ligusticum scoticum"
"1146343626","Ligusticum scoticum",-135.33,57.05,1955,8,19,"US","Ligusticum scoticum"
"1146363470","Ligusticum scoticum",-146.26,61.11,1954,5,19,"US","Ligusticum scoticum"
"1146343658","Ligusticum scoticum",-135.33,57.05,1954,7,20,"US","Ligusticum scoticum"
"2859136080","Ligusticum scoticum",-70.377827,43.424253,1954,7,12,"US","Ligusticum scoticum"
"2265515112","Ligusticum scoticum",-136.18,58.75778,1953,8,19,"US","Ligusticum scoticum"
"1146303311","Ligusticum scoticum",-134.4,58.3,1951,7,14,"US","Ligusticum scoticum"
"1146346214","Ligusticum scoticum",-166.59,53.96,1951,7,16,"US","Ligusticum scoticum"
"2465051555","Ligusticum scoticum",-151.262863,60.551627,1951,7,12,"US","Ligusticum scoticum"
"1146383767","Ligusticum scoticum",-165,64.43,1951,8,3,"US","Ligusticum scoticum"
"2236188107","Ligusticum scoticum",-149.42,60.12,1951,8,6,"US","Ligusticum scoticum"
"1807211796","Ligusticum scoticum",-165.155952,60.950368,1949,8,4,"US","Ligusticum scoticum"
"3755277314","Ligusticum scoticum",-165.155952,60.950368,1949,8,4,"US","Ligusticum scoticum"
"415959827","Ligusticum scoticum",-69.81472,43.82055,1948,7,21,"US","Ligusticum scoticum"
"1146344715","Ligusticum scoticum",-134.4,58.3,1940,7,13,"US","Ligusticum scoticum"
"1929311697","Ligusticum scoticum",-72.23369,41.160376,1938,8,25,"US","Ligusticum scoticum"
"1146347118","Ligusticum scoticum",-162.03,55.08,1933,1,1,"US","Ligusticum scoticum"
"1146347156","Ligusticum scoticum",-153.98,57.53,1933,1,1,"US","Ligusticum scoticum"
"1146355856","Ligusticum scoticum",-160.4,59.06,1933,1,1,"US","Ligusticum scoticum"
"1146364084","Ligusticum scoticum",-149.91,61.2,1932,6,24,"US","Ligusticum scoticum"
"1146364389","Ligusticum scoticum",-149.71,61.45,1931,8,18,"US","Ligusticum scoticum"
"415955896","Ligusticum scoticum",-70.86138,42.88722,1929,8,28,"US","Ligusticum scoticum"
"415955910","Ligusticum scoticum",-71.45,41.45,1929,8,23,"US","Ligusticum scoticum"
"415955911","Ligusticum scoticum",-71.45,41.45,1929,8,23,"US","Ligusticum scoticum"
"1146230716","Ligusticum scoticum",-161.833333,66.033333,1928,7,25,"US","Ligusticum scoticum"
"1146383124","Ligusticum scoticum",-160.78,63.86,1920,8,1,"US","Ligusticum scoticum"
"1929640011","Ligusticum scoticum",-72.276121,41.147261,1920,8,28,"US","Ligusticum scoticum"
"1930311081","Ligusticum scoticum",-72.276121,41.147261,1920,8,28,"US","Ligusticum scoticum"
"1930924488","Ligusticum scoticum",-72.276121,41.147261,1920,8,28,"US","Ligusticum scoticum"
"1931108815","Ligusticum scoticum",-72.276121,41.147261,1920,8,28,"US","Ligusticum scoticum"
"3341243735","Ligusticum scoticum",-72.303415,41.138988,1918,7,NA,"US","Ligusticum scoticum"
"415955900","Ligusticum scoticum",-70.81666,42.23333,1911,8,15,"US","Ligusticum scoticum"
"1146293956","Ligusticum scoticum",-151.13,61.06,1906,1,1,"US","Ligusticum scoticum"
"415955895","Ligusticum scoticum",-71.98222,41.27305,1906,8,15,"US","Ligusticum scoticum"
"1038958049","Ligusticum scoticum",-73.3974,41.325,1905,9,1,"US","Ligusticum scoticum"
"1038974975","Ligusticum scoticum",-72.3017,41.3219,1905,9,1,"US","Ligusticum scoticum"
"1039018663","Ligusticum scoticum",-72.0286,41.3622,1903,9,7,"US","Ligusticum scoticum"
"415955905","Ligusticum scoticum",-71.98222,41.27305,1902,8,24,"US","Ligusticum scoticum"
"415955904","Ligusticum scoticum",-71.93333,42.36666,1896,10,4,"US","Ligusticum scoticum"
"1039005143","Ligusticum scoticum",-72.2361,41.3678,1889,9,14,"US","Ligusticum scoticum"
"2859150121","Ligusticum scoticum",-71.990629,41.327877,1879,8,20,"US","Ligusticum scoticum"
"2859395105","Ligusticum scoticum",-70.841161,42.67926,1873,9,10,"US","Ligusticum scoticum"
"415927540","Ligusticum scoticum",-76.22833,42.86222,NA,NA,NA,"US","Ligusticum scoticum"
"415955903","Ligusticum scoticum",-71.85027,41.31361,NA,NA,NA,"US","Ligusticum scoticum"
"1092710778","Ligusticum scoticum",-70.58089,43.32203,NA,NA,NA,"US","Ligusticum scoticum"
"2235809579","Ligusticum scoticum",-157.7,57.72,NA,NA,NA,"US","Ligusticum scoticum"
"2236052155","Ligusticum scoticum",-165.25,60.58,NA,NA,NA,"US","Ligusticum scoticum"
