"gbifID","species","longitude","latitude","year","month","day","countryCode","accepted_name"
"1259308838","Ligusticum grayi",-117.516667,51.283333,1904,8,14,"CA","Ligusticum grayi"
"2516903019","Ligusticum grayi",-117.833333,51.5,1904,8,14,"CA","Ligusticum grayi"
"3109388380","Ligusticum grayi",-123.907683,41.850925,2021,4,20,"US","Ligusticum grayi"
"3325649761","Ligusticum grayi",-119.173055,37.574407,2021,6,29,"US","Ligusticum grayi"
"3384409091","Ligusticum grayi",-119.908109,38.620164,2021,6,30,"US","Ligusticum grayi"
"3330422555","Ligusticum grayi",-119.22982,37.955712,2021,7,5,"US","Ligusticum grayi"
"3333125026","Ligusticum grayi",-119.991013,38.675945,2021,7,22,"US","Ligusticum grayi"
"3333326324","Ligusticum grayi",-120.033936,38.823283,2021,7,26,"US","Ligusticum grayi"
"3335118484","Ligusticum grayi",-120.502228,39.148343,2021,7,7,"US","Ligusticum grayi"
"3335134631","Ligusticum grayi",-120.234017,39.434575,2021,7,28,"US","Ligusticum grayi"
"3335318099","Ligusticum grayi",-112.812408,37.52645,2021,7,18,"US","Ligusticum grayi"
"3335427515","Ligusticum grayi",-120.331129,39.336054,2021,7,14,"US","Ligusticum grayi"
"3335487519","Ligusticum grayi",-119.648399,38.353879,2021,7,24,"US","Ligusticum grayi"
"3355075738","Ligusticum grayi",-118.615639,42.698386,2021,7,24,"US","Ligusticum grayi"
"3355102699","Ligusticum grayi",-118.573761,42.709319,2021,7,24,"US","Ligusticum grayi"
"3355230724","Ligusticum grayi",-118.608331,42.709428,2021,7,24,"US","Ligusticum grayi"
"3355232732","Ligusticum grayi",-118.615744,42.698342,2021,7,24,"US","Ligusticum grayi"
"3355511719","Ligusticum grayi",-118.611319,42.709881,2021,7,24,"US","Ligusticum grayi"
"3355536700","Ligusticum grayi",-118.638503,42.737586,2021,7,23,"US","Ligusticum grayi"
"3384816689","Ligusticum grayi",-123.431318,44.515233,2021,7,2,"US","Ligusticum grayi"
"3385079661","Ligusticum grayi",-123.431318,44.515233,2021,7,2,"US","Ligusticum grayi"
"3455817869","Ligusticum grayi",-121.120765,47.997176,2021,7,28,"US","Ligusticum grayi"
"3759220625","Ligusticum grayi",-120.259988,39.391972,2021,7,25,"US","Ligusticum grayi"
"3335138252","Ligusticum grayi",-120.310538,39.415858,2021,8,2,"US","Ligusticum grayi"
"3337983361","Ligusticum grayi",-118.929078,37.246405,2021,8,12,"US","Ligusticum grayi"
"3338023415","Ligusticum grayi",-122.191445,41.363517,2021,8,3,"US","Ligusticum grayi"
"3338149740","Ligusticum grayi",-119.635993,38.322143,2021,8,8,"US","Ligusticum grayi"
"3343901801","Ligusticum grayi",-121.478247,47.41685,2021,8,23,"US","Ligusticum grayi"
"3384053211","Ligusticum grayi",-121.73635,46.787078,2021,8,28,"US","Ligusticum grayi"
"3395990350","Ligusticum grayi",-120.267917,39.394417,2021,8,2,"US","Ligusticum grayi"
"3355529369","Ligusticum grayi",-121.849097,37.221335,2020,5,17,"US","Ligusticum grayi"
"2802867448","Ligusticum grayi",-121.285675,40.156945,2020,6,11,"US","Ligusticum grayi"
"2823068073","Ligusticum grayi",-120.351362,39.347204,2020,7,19,"US","Ligusticum grayi"
"2823199649","Ligusticum grayi",-120.654936,39.421011,2020,7,7,"US","Ligusticum grayi"
"2823287226","Ligusticum grayi",-119.65515,37.88487,2020,7,18,"US","Ligusticum grayi"
"2850669390","Ligusticum grayi",-120.008801,38.717628,2020,7,22,"US","Ligusticum grayi"
"2850874678","Ligusticum grayi",-119.900987,38.829766,2020,7,24,"US","Ligusticum grayi"
"2850960168","Ligusticum grayi",-120.019386,38.408441,2020,7,27,"US","Ligusticum grayi"
"2851023977","Ligusticum grayi",-121.551043,40.469739,2020,7,31,"US","Ligusticum grayi"
"2851083643","Ligusticum grayi",-119.931792,38.680415,2020,7,29,"US","Ligusticum grayi"
"2856767132","Ligusticum grayi",-122.887215,41.033675,2020,7,8,"US","Ligusticum grayi"
"2859952643","Ligusticum grayi",-121.351812,40.047973,2020,7,14,"US","Ligusticum grayi"
"2859978464","Ligusticum grayi",-120.374104,39.188348,2020,7,2,"US","Ligusticum grayi"
"2862546447","Ligusticum grayi",-120.613398,48.716274,2020,7,26,"US","Ligusticum grayi"
"2999079445","Ligusticum grayi",-120.041169,38.68553,2020,7,25,"US","Ligusticum grayi"
"3067682138","Ligusticum grayi",-123.200831,41.563467,2020,7,6,"US","Ligusticum grayi"
"2850653640","Ligusticum grayi",-119.076091,37.16804,2020,8,3,"US","Ligusticum grayi"
"2850658021","Ligusticum grayi",-120.222129,38.872186,2020,8,2,"US","Ligusticum grayi"
"2850683204","Ligusticum grayi",-122.972288,41.341853,2020,8,7,"US","Ligusticum grayi"
"2850904653","Ligusticum grayi",-119.597015,37.711494,2020,8,13,"US","Ligusticum grayi"
"2850979194","Ligusticum grayi",-121.774057,36.973152,2020,8,3,"US","Ligusticum grayi"
"2856536716","Ligusticum grayi",-119.587421,38.205372,2020,8,14,"US","Ligusticum grayi"
"2856555129","Ligusticum grayi",-118.8349,36.665205,2020,8,17,"US","Ligusticum grayi"
"2859896480","Ligusticum grayi",-119.622262,37.662853,2020,8,2,"US","Ligusticum grayi"
"2860073388","Ligusticum grayi",-119.275809,37.878769,2020,8,23,"US","Ligusticum grayi"
"2999112807","Ligusticum grayi",-120.308372,48.214625,2020,8,7,"US","Ligusticum grayi"
"3018010493","Ligusticum grayi",-121.730223,46.794105,2020,8,27,"US","Ligusticum grayi"
"3764388307","Ligusticum grayi",-121.639287,47.46242,2019,5,30,"US","Ligusticum grayi"
"2576285131","Ligusticum grayi",-121.178162,47.040976,2019,6,8,"US","Ligusticum grayi"
"2595831968","Ligusticum grayi",-120.15,39.1999999990757,2019,6,21,"US","Ligusticum grayi"
"2283219011","Ligusticum grayi",-120.627586,39.63537,2019,7,6,"US","Ligusticum grayi"
"2283230410","Ligusticum grayi",-120.232572,39.321089,2019,7,8,"US","Ligusticum grayi"
"2283253634","Ligusticum grayi",-120.400139,39.142476,2019,7,5,"US","Ligusticum grayi"
"2294521546","Ligusticum grayi",-114.248987,39.01345,2019,7,10,"US","Ligusticum grayi"
"2294524596","Ligusticum grayi",-120.211264,38.821844,2019,7,15,"US","Ligusticum grayi"
"2294540669","Ligusticum grayi",-120.669813,39.710305,2019,7,15,"US","Ligusticum grayi"
"2294595695","Ligusticum grayi",-120.213117,39.439374,2019,7,20,"US","Ligusticum grayi"
"2294621080","Ligusticum grayi",-120.179838,39.149692,2019,7,19,"US","Ligusticum grayi"
"2294628175","Ligusticum grayi",-119.617088,37.65968,2019,7,20,"US","Ligusticum grayi"
"2311356056","Ligusticum grayi",-120.342766,39.339676,2019,7,27,"US","Ligusticum grayi"
"2311365844","Ligusticum grayi",-121.412221,40.087053,2019,7,28,"US","Ligusticum grayi"
"2311398307","Ligusticum grayi",-120.254305,38.826466,2019,7,27,"US","Ligusticum grayi"
"2311400110","Ligusticum grayi",-120.254305,38.826466,2019,7,27,"US","Ligusticum grayi"
"2366029550","Ligusticum grayi",-121.081633,47.702684,2019,7,27,"US","Ligusticum grayi"
"2595831732","Ligusticum grayi",-120.15,39.1999999990757,2019,7,5,"US","Ligusticum grayi"
"3070528702","Ligusticum grayi",-120.000672,38.7015,2019,7,23,"US","Ligusticum grayi"
"3416224006","Ligusticum grayi",-121.610514,46.669131,2019,7,12,"US","Ligusticum grayi"
"2366128030","Ligusticum grayi",-119.104073,37.300205,2019,8,20,"US","Ligusticum grayi"
"2540736589","Ligusticum grayi",-123.185191,41.923532,2019,8,25,"US","Ligusticum grayi"
"2980973347","Ligusticum grayi",-122.22793,42.251273,2019,8,9,"US","Ligusticum grayi"
"1880637824","Ligusticum grayi",-120.242828,39.431628,2018,7,4,"US","Ligusticum grayi"
"1883483093","Ligusticum grayi",-120.352208,39.349602,2018,7,7,"US","Ligusticum grayi"
"1883541946","Ligusticum grayi",-122.698012,41.276973,2018,7,6,"US","Ligusticum grayi"
"1883931304","Ligusticum grayi",-120.377037,39.3247,2018,7,18,"US","Ligusticum grayi"
"1883931597","Ligusticum grayi",-120.260455,39.426785,2018,7,21,"US","Ligusticum grayi"
"1883931854","Ligusticum grayi",-120.256455,39.427526,2018,7,21,"US","Ligusticum grayi"
"1883938287","Ligusticum grayi",-120.251427,39.432532,2018,7,21,"US","Ligusticum grayi"
"1883948502","Ligusticum grayi",-119.632737,38.33245,2018,7,23,"US","Ligusticum grayi"
"1890048561","Ligusticum grayi",-120.242822,39.431015,2018,7,22,"US","Ligusticum grayi"
"1890048797","Ligusticum grayi",-120.241505,39.430839,2018,7,19,"US","Ligusticum grayi"
"1898787023","Ligusticum grayi",-121.885144,44.68088,2018,7,20,"US","Ligusticum grayi"
"1901030747","Ligusticum grayi",-120.350122,39.343028,2018,7,28,"US","Ligusticum grayi"
"1703133990","Ligusticum grayi",-119.912063,39.297805,2017,7,25,"US","Ligusticum grayi"
"1586949100","Ligusticum grayi",-120.004605,38.709141,2017,8,15,"US","Ligusticum grayi"
"1586949227","Ligusticum grayi",-120.006401,38.712808,2017,8,15,"US","Ligusticum grayi"
"1621800762","Ligusticum grayi",-120.351148,39.346591,2017,8,23,"US","Ligusticum grayi"
"2626278347","Ligusticum grayi",-121.7023,44.045772,2017,8,7,"US","Ligusticum grayi"
"1703137410","Ligusticum grayi",-119.910317,39.313245,2017,9,9,"US","Ligusticum grayi"
"1883971562","Ligusticum grayi",-120.241476,39.430872,2016,6,23,"US","Ligusticum grayi"
"1883971566","Ligusticum grayi",-120.24137,39.430854,2016,6,23,"US","Ligusticum grayi"
"1291123998","Ligusticum grayi",-119.977187,38.939926,2016,7,11,"US","Ligusticum grayi"
"1291142276","Ligusticum grayi",-120.242311,39.428916,2016,7,20,"US","Ligusticum grayi"
"2422520712","Ligusticum grayi",-119.24506,37.91867,2016,7,14,"US","Ligusticum grayi"
"1291669843","Ligusticum grayi",-120.221847,39.138028,2016,8,4,"US","Ligusticum grayi"
"1305137248","Ligusticum grayi",-120.425572,39.351398,2016,8,14,"US","Ligusticum grayi"
"1305162547","Ligusticum grayi",-121.688282,46.917636,2016,8,4,"US","Ligusticum grayi"
"1322999135","Ligusticum grayi",-121.683613,46.896845,2016,8,27,"US","Ligusticum grayi"
"2465125968","Ligusticum grayi",-121.733938,46.797439,2016,8,5,"US","Ligusticum grayi"
"2980958305","Ligusticum grayi",-121.829095,44.492662,2016,9,1,"US","Ligusticum grayi"
"1098901599","Ligusticum grayi",-120.260353,39.373983,2015,6,4,"US","Ligusticum grayi"
"1099968065","Ligusticum grayi",-120.282665,39.434169,2015,6,30,"US","Ligusticum grayi"
"2418040773","Ligusticum grayi",-120.790668,40.1972489990697,2015,6,26,"US","Ligusticum grayi"
"1132403737","Ligusticum grayi",-120.35121,39.346291,2015,7,11,"US","Ligusticum grayi"
"1132403946","Ligusticum grayi",-120.351441,39.344285,2015,7,13,"US","Ligusticum grayi"
"1132409374","Ligusticum grayi",-120.241231,39.432115,2015,7,11,"US","Ligusticum grayi"
"1143558411","Ligusticum grayi",-120.241431,39.431034,2015,7,12,"US","Ligusticum grayi"
"1291064036","Ligusticum grayi",-121.724946,46.793334,2015,7,31,"US","Ligusticum grayi"
"3398645308","Ligusticum grayi",-119.996796,38.684438,2015,7,14,"US","Ligusticum grayi"
"1258189190","Ligusticum grayi",-121.772778,45.200556,2015,8,26,"US","Ligusticum grayi"
"1258189200","Ligusticum grayi",-119.780556,44.354444,2015,8,27,"US","Ligusticum grayi"
"1258189206","Ligusticum grayi",-119.897222,44.337778,2015,8,27,"US","Ligusticum grayi"
"1258189208","Ligusticum grayi",-121.8625,45.1475,2015,8,26,"US","Ligusticum grayi"
"1258189209","Ligusticum grayi",-121.681667,45.270556,2015,8,25,"US","Ligusticum grayi"
"1258189211","Ligusticum grayi",-122.432222,43.397222,2015,8,29,"US","Ligusticum grayi"
"1258189214","Ligusticum grayi",-122.0225,44.483056,2015,8,28,"US","Ligusticum grayi"
"1258189216","Ligusticum grayi",-121.753333,45.149722,2015,8,26,"US","Ligusticum grayi"
"1258189218","Ligusticum grayi",-120.311389,44.357778,2015,8,27,"US","Ligusticum grayi"
"1258189219","Ligusticum grayi",-122.426111,43.499722,2015,8,29,"US","Ligusticum grayi"
"1258189223","Ligusticum grayi",-120.130278,44.440556,2015,8,27,"US","Ligusticum grayi"
"1258189230","Ligusticum grayi",-122.485833,43.238611,2015,8,30,"US","Ligusticum grayi"
"1258189231","Ligusticum grayi",-122.337222,42.877778,2015,8,30,"US","Ligusticum grayi"
"1258189239","Ligusticum grayi",-122.298055,42.833611,2015,8,30,"US","Ligusticum grayi"
"1640029135","Ligusticum grayi",-119.578187,37.852105,2015,8,30,"US","Ligusticum grayi"
"1258189779","Ligusticum grayi",-122.227778,43.828611,2015,9,1,"US","Ligusticum grayi"
"1258189805","Ligusticum grayi",-121.875278,44.210556,2015,9,2,"US","Ligusticum grayi"
"1258189816","Ligusticum grayi",-122.254167,43.823889,2015,9,1,"US","Ligusticum grayi"
"1052580646","Ligusticum grayi",-121.8853,46.94485,2014,7,19,"US","Ligusticum grayi"
"1052596704","Ligusticum grayi",-121.7375,46.78573,2014,7,9,"US","Ligusticum grayi"
"2418037188","Ligusticum grayi",-121.489444,40.031389,2014,7,13,"US","Ligusticum grayi"
"2418051844","Ligusticum grayi",-120.623056,39.878333,2014,7,15,"US","Ligusticum grayi"
"2422497148","Ligusticum grayi",-119.05983,37.6675,2014,7,19,"US","Ligusticum grayi"
"2430032143","Ligusticum grayi",-121.489417,40.031417,2014,7,13,"US","Ligusticum grayi"
"1024229334","Ligusticum grayi",-121.719386,46.787596,2014,8,28,"US","Ligusticum grayi"
"2992666001","Ligusticum grayi",-121.66186,46.913609,2014,8,15,"US","Ligusticum grayi"
"891169297","Ligusticum grayi",-120.24314,39.430956,2013,6,22,"US","Ligusticum grayi"
"891171041","Ligusticum grayi",-120.206239,39.433916,2013,6,26,"US","Ligusticum grayi"
"2982041425","Ligusticum grayi",-123.471912,41.06764,2013,6,28,"US","Ligusticum grayi"
"891712398","Ligusticum grayi",-120.242183,39.429397,2013,7,11,"US","Ligusticum grayi"
"891719569","Ligusticum grayi",-120.2365,39.431833,2013,7,27,"US","Ligusticum grayi"
"891720923","Ligusticum grayi",-120.239171,39.43185,2013,7,27,"US","Ligusticum grayi"
"1135522452","Ligusticum grayi",-120.251944,39.432292,2013,7,27,"US","Ligusticum grayi"
"1143566998","Ligusticum grayi",-120.236176,39.431713,2013,7,27,"US","Ligusticum grayi"
"1668791628","Ligusticum grayi",-120.193092,38.907093,2013,7,13,"US","Ligusticum grayi"
"2422493281","Ligusticum grayi",-119.91611,38.61583,2013,7,14,"US","Ligusticum grayi"
"1052568915","Ligusticum grayi",-121.734,46.7883,2013,10,23,"US","Ligusticum grayi"
"2418052981","Ligusticum grayi",-120.323889,41.989444,2012,7,25,"US","Ligusticum grayi"
"2422480974","Ligusticum grayi",-120.11639,38.70028,2012,7,14,"US","Ligusticum grayi"
"2610100562","Ligusticum grayi",-120.5275,39.649167,2012,7,30,"US","Ligusticum grayi"
"3125162626","Ligusticum grayi",-120.11639,38.70028,2012,7,14,"US","Ligusticum grayi"
"2422499479","Ligusticum grayi",-120.1275,38.64889,2012,8,4,"US","Ligusticum grayi"
"2430218034","Ligusticum grayi",-118.75434,36.69625,2012,8,22,"US","Ligusticum grayi"
"2430292838","Ligusticum grayi",-118.72604,36.70809,2012,8,7,"US","Ligusticum grayi"
"2430508562","Ligusticum grayi",-118.73825,36.70216,2012,8,7,"US","Ligusticum grayi"
"2421755992","Ligusticum grayi",-120.203611,39.363889,2011,7,13,"US","Ligusticum grayi"
"1426498920","Ligusticum grayi",-123.20355,41.5783599990633,2011,8,13,"US","Ligusticum grayi"
"1986996098","Ligusticum grayi",-120.040833,38.4625,2011,8,13,"US","Ligusticum grayi"
"2422475413","Ligusticum grayi",-120.04083,38.4625,2011,8,13,"US","Ligusticum grayi"
"2422477006","Ligusticum grayi",-119.91056,38.61944,2011,8,19,"US","Ligusticum grayi"
"2430510689","Ligusticum grayi",-119.910556,38.619444,2011,8,19,"US","Ligusticum grayi"
"2982000405","Ligusticum grayi",-123.46431,41.08184,2011,8,2,"US","Ligusticum grayi"
"2982006411","Ligusticum grayi",-123.492194,41.058278,2011,8,3,"US","Ligusticum grayi"
"3408027671","Ligusticum grayi",-119.749066,38.450465,2011,8,11,"US","Ligusticum grayi"
"3698090207","Ligusticum grayi",-119.996317,38.695969,2011,8,3,"US","Ligusticum grayi"
"2418046874","Ligusticum grayi",-122.559292,41.375706,2011,9,14,"US","Ligusticum grayi"
"2422474414","Ligusticum grayi",-120.2375,38.6325,2011,9,13,"US","Ligusticum grayi"
"2430306075","Ligusticum grayi",-120.2375,38.6325,2011,9,13,"US","Ligusticum grayi"
"2422463105","Ligusticum grayi",-120.255,38.8275,2010,7,23,"US","Ligusticum grayi"
"2422466346","Ligusticum grayi",-120.23333,38.84694,2010,7,19,"US","Ligusticum grayi"
"3091244138","Ligusticum grayi",-119.925155,39.29918,2010,7,14,"US","Ligusticum grayi"
"2418034132","Ligusticum grayi",-121.425833,40.003056,2010,9,28,"US","Ligusticum grayi"
"2270697544","Ligusticum grayi",-120.502,39.1564,2009,7,16,"US","Ligusticum grayi"
"2422451199","Ligusticum grayi",-120.50167,39.15639,2009,7,16,"US","Ligusticum grayi"
"2422452977","Ligusticum grayi",-120.23889,38.81028,2009,7,22,"US","Ligusticum grayi"
"3125164626","Ligusticum grayi",-120.23889,38.81028,2009,7,22,"US","Ligusticum grayi"
"2430124330","Ligusticum grayi",-122.306833,41.516806,2008,6,10,"US","Ligusticum grayi"
"441773942","Ligusticum grayi",-113.5908,46.1372,2008,7,13,"US","Ligusticum grayi"
"2421710380","Ligusticum grayi",-120.299826,39.2922559990751,2008,7,19,"US","Ligusticum grayi"
"2422442606","Ligusticum grayi",-120.01694,38.69917,2008,7,16,"US","Ligusticum grayi"
"2422454290","Ligusticum grayi",-120.23861,38.85056,2008,7,28,"US","Ligusticum grayi"
"2430263349","Ligusticum grayi",-120.238611,38.850556,2008,7,28,"US","Ligusticum grayi"
"3125165637","Ligusticum grayi",-120.01694,38.69917,2008,7,16,"US","Ligusticum grayi"
"3125166632","Ligusticum grayi",-120.23861,38.85056,2008,7,28,"US","Ligusticum grayi"
"441773791","Ligusticum grayi",-120.788802,48.509437,2008,8,16,"US","Ligusticum grayi"
"441773796","Ligusticum grayi",-120.775236,48.509439,2008,8,16,"US","Ligusticum grayi"
"441773806","Ligusticum grayi",-120.31139,48.93067,2008,8,11,"US","Ligusticum grayi"
"1927926662","Ligusticum grayi",-121.82783,44.49344,2008,8,12,"US","Ligusticum grayi"
"2418053119","Ligusticum grayi",-120.270556,41.6147219990632,2008,8,17,"US","Ligusticum grayi"
"441773795","Ligusticum grayi",-121.4574,47.295617,2008,9,6,"US","Ligusticum grayi"
"2421754420","Ligusticum grayi",-120.146667,38.639167,2007,6,29,"US","Ligusticum grayi"
"2422440361","Ligusticum grayi",-120.14667,38.63917,2007,6,29,"US","Ligusticum grayi"
"2430547348","Ligusticum grayi",-118.959028,37.0769719990922,2007,6,27,"US","Ligusticum grayi"
"3053376745","Ligusticum grayi",-118.95916,37.0769399990922,2007,6,27,"US","Ligusticum grayi"
"441773745","Ligusticum grayi",-121.143817,46.763733,2007,7,5,"US","Ligusticum grayi"
"441773919","Ligusticum grayi",-118.628,42.674,2007,7,20,"US","Ligusticum grayi"
"441773928","Ligusticum grayi",-119.643967,42.73845,2007,7,21,"US","Ligusticum grayi"
"441773933","Ligusticum grayi",-118.58775,42.6304,2007,7,20,"US","Ligusticum grayi"
"2421701111","Ligusticum grayi",-120.027306,38.864888999078,2007,7,21,"US","Ligusticum grayi"
"2421708962","Ligusticum grayi",-120.027306,38.864888999078,2007,7,21,"US","Ligusticum grayi"
"2421750627","Ligusticum grayi",-120.195556,38.624722,2007,7,17,"US","Ligusticum grayi"
"2421753165","Ligusticum grayi",-120.6725,39.399444,2007,7,27,"US","Ligusticum grayi"
"2422438552","Ligusticum grayi",-120.6725,39.39944,2007,7,27,"US","Ligusticum grayi"
"2422438871","Ligusticum grayi",-120.19556,38.62472,2007,7,17,"US","Ligusticum grayi"
"2562127124","Ligusticum grayi",-120.240828,39.431186,2007,7,7,"US","Ligusticum grayi"
"441773739","Ligusticum grayi",-121.50097,46.90455,2007,8,13,"US","Ligusticum grayi"
"441773782","Ligusticum grayi",-120.962533,47.067467,2007,8,16,"US","Ligusticum grayi"
"2421753174","Ligusticum grayi",-120.008056,38.6925,2007,8,4,"US","Ligusticum grayi"
"2422442391","Ligusticum grayi",-120.00806,38.6925,2007,8,4,"US","Ligusticum grayi"
"1930002401","Ligusticum grayi",-117.126267,43.480867,2006,5,11,"US","Ligusticum grayi"
"1929790226","Ligusticum grayi",-113.621333,42.326683,2006,7,20,"US","Ligusticum grayi"
"2421750031","Ligusticum grayi",-120.075,38.815278,2006,7,12,"US","Ligusticum grayi"
"2421751680","Ligusticum grayi",-120.241111,38.810556,2006,7,31,"US","Ligusticum grayi"
"2421751982","Ligusticum grayi",-120.236667,38.801944,2006,7,31,"US","Ligusticum grayi"
"2421752704","Ligusticum grayi",-120.252778,39.825833,2006,7,10,"US","Ligusticum grayi"
"2422427529","Ligusticum grayi",-120.075,38.81528,2006,7,12,"US","Ligusticum grayi"
"2422428572","Ligusticum grayi",-120.23667,38.80194,2006,7,31,"US","Ligusticum grayi"
"2422428718","Ligusticum grayi",-120.24111,38.81056,2006,7,31,"US","Ligusticum grayi"
"2422429520","Ligusticum grayi",-120.24639,38.82861,2006,7,10,"US","Ligusticum grayi"
"2422429740","Ligusticum grayi",-120.24111,38.81056,2006,7,31,"US","Ligusticum grayi"
"2422430049","Ligusticum grayi",-120.25278,38.82583,2006,7,10,"US","Ligusticum grayi"
"2578936315","Ligusticum grayi",-120.24639,38.82861,2006,7,10,"US","Ligusticum grayi"
"3503203303","Ligusticum grayi",-120.075,38.815278,2006,7,12,"US","Ligusticum grayi"
"3503203480","Ligusticum grayi",-120.252778,38.825833,2006,7,31,"US","Ligusticum grayi"
"441773708","Ligusticum grayi",-121.889917,46.942467,2006,8,7,"US","Ligusticum grayi"
"1258020914","Ligusticum grayi",-124.129722,43.880278,2006,8,3,"US","Ligusticum grayi"
"1455569119","Ligusticum grayi",-121.517487,46.869189,2006,8,18,"US","Ligusticum grayi"
"2421753603","Ligusticum grayi",-120.008333,38.693333,2006,8,3,"US","Ligusticum grayi"
"2422430210","Ligusticum grayi",-120.00833,38.69333,2006,8,3,"US","Ligusticum grayi"
"2422432469","Ligusticum grayi",-119.96806,38.79694,2006,9,12,"US","Ligusticum grayi"
"2430090029","Ligusticum grayi",-118.9283,37.0732999990922,2006,9,1,"US","Ligusticum grayi"
"3053423424","Ligusticum grayi",-119.142651225395,37.6905090689186,2006,9,9,"US","Ligusticum grayi"
"441773586","Ligusticum grayi",-120.577367,48.3711,2005,7,24,"US","Ligusticum grayi"
"2421706578","Ligusticum grayi",-120.5075,39.3075,2005,7,16,"US","Ligusticum grayi"
"441773587","Ligusticum grayi",-121.702806,46.802028,2005,8,2,"US","Ligusticum grayi"
"441773588","Ligusticum grayi",-121.740183,46.756117,2005,8,1,"US","Ligusticum grayi"
"2421708053","Ligusticum grayi",-120.2025,38.628889,2005,8,12,"US","Ligusticum grayi"
"441773601","Ligusticum grayi",-120.8771,42.59365,2004,7,1,"US","Ligusticum grayi"
"441773697","Ligusticum grayi",-120.719417,42.468083,2004,7,2,"US","Ligusticum grayi"
"1929017271","Ligusticum grayi",-115.454733,41.8341,2004,7,7,"US","Ligusticum grayi"
"441772984","Ligusticum grayi",-121.5849,46.9533,2004,8,18,"US","Ligusticum grayi"
"441772985","Ligusticum grayi",-121.594283,46.939433,2004,8,19,"US","Ligusticum grayi"
"441772987","Ligusticum grayi",-120.633333,48.4,2004,8,8,"US","Ligusticum grayi"
"441772989","Ligusticum grayi",-120.750333,48.5023,2003,7,26,"US","Ligusticum grayi"
"441773112","Ligusticum grayi",-120.67645,48.71075,2003,7,25,"US","Ligusticum grayi"
"441773113","Ligusticum grayi",-120.755633,48.506967,2003,7,27,"US","Ligusticum grayi"
"441773115","Ligusticum grayi",-120.656944,48.525278,2003,7,25,"US","Ligusticum grayi"
"441773116","Ligusticum grayi",-120.656944,48.525278,2003,7,25,"US","Ligusticum grayi"
"1988183284","Ligusticum grayi",-120.7556,48.507,2003,7,27,"US","Ligusticum grayi"
"441773245","Ligusticum grayi",-121.433333,47.3225,2002,7,26,"US","Ligusticum grayi"
"2421674563","Ligusticum grayi",-120.418489,39.489398,2002,7,3,"US","Ligusticum grayi"
"2421676490","Ligusticum grayi",-120.366111,39.3025,2002,7,30,"US","Ligusticum grayi"
"2421751624","Ligusticum grayi",-120.366111,39.3025,2002,7,30,"US","Ligusticum grayi"
"441773130","Ligusticum grayi",-121.626389,47.392222,2002,8,3,"US","Ligusticum grayi"
"441773246","Ligusticum grayi",-121.476944,47.2775,2002,8,2,"US","Ligusticum grayi"
"1258818755","Ligusticum grayi",-122.36694,42.30666,2001,7,3,"US","Ligusticum grayi"
"2418003081","Ligusticum grayi",-120.356667,39.315555999075,2001,7,21,"US","Ligusticum grayi"
"2418034011","Ligusticum grayi",-115.0725,41.018056,2001,7,10,"US","Ligusticum grayi"
"2421710606","Ligusticum grayi",-121.9466,41.4753,2001,7,21,"US","Ligusticum grayi"
"1988223933","Ligusticum grayi",-119.7,38.3,2000,7,23,"US","Ligusticum grayi"
"1929487831","Ligusticum grayi",-118.71,42.41,2000,8,12,"US","Ligusticum grayi"
"1930081982","Ligusticum grayi",-117.585515633457,41.6636106916623,2000,8,30,"US","Ligusticum grayi"
"3059667413","Ligusticum grayi",-120.1997,39.2061,2000,8,16,"US","Ligusticum grayi"
"3091288056","Ligusticum grayi",-117.582922,41.67134,2000,8,30,"US","Ligusticum grayi"
"3091288074","Ligusticum grayi",-118,42.68,2000,8,12,"US","Ligusticum grayi"
"1986945446","Ligusticum grayi",-115.376389,40.606389,1999,7,31,"US","Ligusticum grayi"
"2417997562","Ligusticum grayi",-120.199722,39.206111,1999,7,18,"US","Ligusticum grayi"
"3059703385","Ligusticum grayi",-120.1997,39.2061,1999,7,18,"US","Ligusticum grayi"
"2421684667","Ligusticum grayi",-120.235784,39.075824,1999,8,24,"US","Ligusticum grayi"
"2421685244","Ligusticum grayi",-120.125278,39.228611,1999,8,12,"US","Ligusticum grayi"
"2626953471","Ligusticum grayi",-119.919722,39.2875,1999,8,16,"US","Ligusticum grayi"
"2418054627","Ligusticum grayi",-122.4875,41.318889,1999,9,12,"US","Ligusticum grayi"
"2417993645","Ligusticum grayi",-120.176389,39.15,1998,7,11,"US","Ligusticum grayi"
"1258460882","Ligusticum grayi",-121.88138,44.46055,1998,8,2,"US","Ligusticum grayi"
"2417989765","Ligusticum grayi",-119.99268000327,38.8615052703752,1998,8,24,"US","Ligusticum grayi"
"2417991603","Ligusticum grayi",-120.185278,39.150555999076,1998,8,28,"US","Ligusticum grayi"
"2417992445","Ligusticum grayi",-120.189632923731,39.1098318841831,1998,8,6,"US","Ligusticum grayi"
"2982073766","Ligusticum grayi",-122.954452,41.303641,1998,8,13,"US","Ligusticum grayi"
"2417992628","Ligusticum grayi",-120.183333,39.136111,1998,9,9,"US","Ligusticum grayi"
"2417992686","Ligusticum grayi",-120.209722,39.141667,1998,9,8,"US","Ligusticum grayi"
"441773052","Ligusticum grayi",-117.485833,46.115556,1997,6,28,"US","Ligusticum grayi"
"2982073770","Ligusticum grayi",-122.96062,41.30499,1997,6,27,"US","Ligusticum grayi"
"1258386938","Ligusticum grayi",-121.72805,44.13083,1997,7,27,"US","Ligusticum grayi"
"2417992410","Ligusticum grayi",-120.855556,39.7602779990722,1997,7,10,"US","Ligusticum grayi"
"2982036830","Ligusticum grayi",-122.954452,41.303641,1997,7,25,"US","Ligusticum grayi"
"1849163216","Ligusticum grayi",-120.2,39.2,1997,8,3,"US","Ligusticum grayi"
"2422432004","Ligusticum grayi",-119.16667,37.75,1997,8,13,"US","Ligusticum grayi"
"3059703379","Ligusticum grayi",-120.2,39.2,1997,8,3,"US","Ligusticum grayi"
"2422312731","Ligusticum grayi",-119.63583,38.33,1997,9,11,"US","Ligusticum grayi"
"2417986636","Ligusticum grayi",-121.222222,40.3538889990689,1996,7,15,"US","Ligusticum grayi"
"2982036813","Ligusticum grayi",-122.954452,41.303641,1996,7,9,"US","Ligusticum grayi"
"2982070708","Ligusticum grayi",-119.055061,37.687945,1996,7,28,"US","Ligusticum grayi"
"3059703367","Ligusticum grayi",-121.2833,39.7667,1996,7,9,"US","Ligusticum grayi"
"3059703370","Ligusticum grayi",-122.9654009212,41.3070505177484,1996,7,9,"US","Ligusticum grayi"
"3059703381","Ligusticum grayi",-121.6167,40.6333,1996,7,22,"US","Ligusticum grayi"
"2417985611","Ligusticum grayi",-121.030556,40.2611109990694,1996,8,1,"US","Ligusticum grayi"
"2423995417","Ligusticum grayi",-120.24,42.07,1996,8,11,"US","Ligusticum grayi"
"51868169","Ligusticum grayi",-118.5386,44.1924,1995,8,15,"US","Ligusticum grayi"
"51868185","Ligusticum grayi",-122.1243,42.9009,1995,8,21,"US","Ligusticum grayi"
"51868209","Ligusticum grayi",-121.9459,44.409,1995,8,31,"US","Ligusticum grayi"
"2417985731","Ligusticum grayi",-120.881111,39.794999999072,1995,8,13,"US","Ligusticum grayi"
"2982030721","Ligusticum grayi",-119.0694,37.704,1995,9,29,"US","Ligusticum grayi"
"2982037724","Ligusticum grayi",-119.0757,37.7001,1995,9,8,"US","Ligusticum grayi"
"441773657","Ligusticum grayi",-115.966667,44.933333,1994,7,30,"US","Ligusticum grayi"
"1929431450","Ligusticum grayi",-115.97,44.93,1994,7,30,"US","Ligusticum grayi"
"1931220128","Ligusticum grayi",-115.38,40.62,1994,7,29,"US","Ligusticum grayi"
"2422407568","Ligusticum grayi",-118.74609,41.66184,1992,7,23,"US","Ligusticum grayi"
"441773055","Ligusticum grayi",-121.474444,46.491667,1992,8,3,"US","Ligusticum grayi"
"1426080292","Ligusticum grayi",-120.216667,41.383333,1992,8,8,"US","Ligusticum grayi"
"3059703371","Ligusticum grayi",-120.25,39.1333,1991,7,15,"US","Ligusticum grayi"
"3053463841","Ligusticum grayi",-120.3378,39.3397999990748,1991,8,5,"US","Ligusticum grayi"
"1928699141","Ligusticum grayi",-119.9264,39.3233,1990,6,30,"US","Ligusticum grayi"
"1426062911","Ligusticum grayi",-120.2181,41.8866,1990,7,20,"US","Ligusticum grayi"
"1426192869","Ligusticum grayi",-120.2181,41.8866,1990,7,20,"US","Ligusticum grayi"
"1426198072","Ligusticum grayi",-120.2181,41.8866,1990,7,20,"US","Ligusticum grayi"
"2430418341","Ligusticum grayi",-122.445439014596,41.3282447872216,1990,7,14,"US","Ligusticum grayi"
"1929251014","Ligusticum grayi",-113.44,41.89,1990,8,1,"US","Ligusticum grayi"
"2422290657","Ligusticum grayi",-119.11667,37.31667,1989,7,24,"US","Ligusticum grayi"
"2417975942","Ligusticum grayi",-120.536944,39.6697219990728,1989,8,9,"US","Ligusticum grayi"
"2417983304","Ligusticum grayi",-121.198333,39.7761109990721,1989,8,21,"US","Ligusticum grayi"
"2422406262","Ligusticum grayi",-120.21114,41.29469,1989,8,14,"US","Ligusticum grayi"
"1929468591","Ligusticum grayi",-115.3744,40.6031,1988,8,5,"US","Ligusticum grayi"
"3320784511","Ligusticum grayi",-120.498611,39.155472,1987,8,10,"US","Ligusticum grayi"
"2417970903","Ligusticum grayi",-121.489167,39.9474999990711,1986,7,2,"US","Ligusticum grayi"
"2417989662","Ligusticum grayi",-120.343889,39.1880559990758,1986,7,13,"US","Ligusticum grayi"
"1930830580","Ligusticum grayi",-115.4593,40.6399,1986,8,19,"US","Ligusticum grayi"
"2417966974","Ligusticum grayi",-121.445833,40.0836109990704,1985,6,20,"US","Ligusticum grayi"
"2417969721","Ligusticum grayi",-121.425556,40.1174999990702,1985,6,20,"US","Ligusticum grayi"
"2417978621","Ligusticum grayi",-120.072222,38.7027779990791,1985,6,18,"US","Ligusticum grayi"
"1930495160","Ligusticum grayi",-117.662914898836,41.4745127254459,1985,7,26,"US","Ligusticum grayi"
"2417971181","Ligusticum grayi",-121.425833,40.1174999990702,1985,7,2,"US","Ligusticum grayi"
"2417971548","Ligusticum grayi",-121.415833,40.0247219990707,1985,7,11,"US","Ligusticum grayi"
"2562126739","Ligusticum grayi",-120.241749,39.430886,1985,7,15,"US","Ligusticum grayi"
"1930441620","Ligusticum grayi",-115.35,41.78,1985,8,1,"US","Ligusticum grayi"
"2417968681","Ligusticum grayi",-121.426111,40.1130559990702,1985,8,28,"US","Ligusticum grayi"
"2417971254","Ligusticum grayi",-121.4075,40.0769439990704,1985,8,4,"US","Ligusticum grayi"
"51868121","Ligusticum grayi",-122.1581,44.3958,1984,7,17,"US","Ligusticum grayi"
"2417967440","Ligusticum grayi",-120.553333,39.5691669990734,1984,7,23,"US","Ligusticum grayi"
"3320742448","Ligusticum grayi",-121.600833,39.819028,1984,7,2,"US","Ligusticum grayi"
"2417971200","Ligusticum grayi",-120.630833,39.6663889990728,1984,8,25,"US","Ligusticum grayi"
"2417982216","Ligusticum grayi",-120.655,39.5958329990732,1984,8,11,"US","Ligusticum grayi"
"3320770953","Ligusticum grayi",-114.317,39.007917,1983,8,23,"US","Ligusticum grayi"
"1931124365","Ligusticum grayi",-115.47,40.63,1983,9,16,"US","Ligusticum grayi"
"3059697328","Ligusticum grayi",-120.765379,40.228822,1981,6,25,"US","Ligusticum grayi"
"3320811561","Ligusticum grayi",-120.337417,39.359222,1981,7,25,"US","Ligusticum grayi"
"1928459334","Ligusticum grayi",-113.65,42.32,1981,8,14,"US","Ligusticum grayi"
"2417962774","Ligusticum grayi",-121.471944,40.0583329990705,1981,8,15,"US","Ligusticum grayi"
"3356479304","Ligusticum grayi",-113.338822,41.950251,1980,6,25,"US","Ligusticum grayi"
"2982031144","Ligusticum grayi",-123.176389,42.891389,1980,7,19,"US","Ligusticum grayi"
"2982038143","Ligusticum grayi",-123.083889,42.902778,1980,7,19,"US","Ligusticum grayi"
"3320792988","Ligusticum grayi",-123.1765,42.891472,1980,7,19,"US","Ligusticum grayi"
"3320808185","Ligusticum grayi",-123.083889,42.902778,1980,7,19,"US","Ligusticum grayi"
"51868044","Ligusticum grayi",-121.617,44.117,1980,8,23,"US","Ligusticum grayi"
"2982039844","Ligusticum grayi",-122.199736,41.355885,1980,8,26,"US","Ligusticum grayi"
"2982063183","Ligusticum grayi",-120.237776,41.316851,1980,8,28,"US","Ligusticum grayi"
"2421676352","Ligusticum grayi",-120.35722,39.25111,1979,7,26,"US","Ligusticum grayi"
"2421676402","Ligusticum grayi",-120.35722,39.25111,1979,7,25,"US","Ligusticum grayi"
"2982013108","Ligusticum grayi",-123.709472,41.593944,1979,7,30,"US","Ligusticum grayi"
"2982018102","Ligusticum grayi",-123.46275,41.082056,1979,7,31,"US","Ligusticum grayi"
"2982052089","Ligusticum grayi",-123.692944,41.587139,1979,7,29,"US","Ligusticum grayi"
"2982052092","Ligusticum grayi",-123.481361,41.105833,1979,7,31,"US","Ligusticum grayi"
"2982053066","Ligusticum grayi",-123.367417,40.347889,1979,7,16,"US","Ligusticum grayi"
"2982059087","Ligusticum grayi",-123.702694,41.58375,1979,7,29,"US","Ligusticum grayi"
"2982060096","Ligusticum grayi",-123.464972,41.08375,1979,7,31,"US","Ligusticum grayi"
"2982065959","Ligusticum grayi",-123.702472,41.589694,1979,7,30,"US","Ligusticum grayi"
"3320743135","Ligusticum grayi",-123.367417,40.347889,1979,7,16,"US","Ligusticum grayi"
"3320750809","Ligusticum grayi",-123.709472,41.593944,1979,7,30,"US","Ligusticum grayi"
"3320751756","Ligusticum grayi",-123.929917,41.956,1979,7,24,"US","Ligusticum grayi"
"3320752757","Ligusticum grayi",-123.481361,41.105833,1979,7,31,"US","Ligusticum grayi"
"3320752927","Ligusticum grayi",-123.481361,41.105833,1979,7,31,"US","Ligusticum grayi"
"3320754217","Ligusticum grayi",-123.39125,41.168056,1979,7,25,"US","Ligusticum grayi"
"3320760674","Ligusticum grayi",-123.75975,40.741083,1979,7,11,"US","Ligusticum grayi"
"3320767095","Ligusticum grayi",-123.464972,41.08375,1979,7,31,"US","Ligusticum grayi"
"3320767769","Ligusticum grayi",-123.464972,41.08375,1979,7,31,"US","Ligusticum grayi"
"3320779165","Ligusticum grayi",-123.702694,41.58375,1979,7,29,"US","Ligusticum grayi"
"3320781241","Ligusticum grayi",-123.702694,41.58375,1979,7,29,"US","Ligusticum grayi"
"3320786647","Ligusticum grayi",-123.702472,41.589694,1979,7,30,"US","Ligusticum grayi"
"3320789951","Ligusticum grayi",-123.412083,41.172611,1979,7,25,"US","Ligusticum grayi"
"3320795098","Ligusticum grayi",-123.692944,41.587139,1979,7,29,"US","Ligusticum grayi"
"3320803828","Ligusticum grayi",-123.46275,41.082056,1979,7,31,"US","Ligusticum grayi"
"2982018111","Ligusticum grayi",-123.465722,41.085444,1979,8,2,"US","Ligusticum grayi"
"2982020125","Ligusticum grayi",-123.470556,41.084583,1979,8,2,"US","Ligusticum grayi"
"2982026987","Ligusticum grayi",-123.471694,41.067917,1979,8,2,"US","Ligusticum grayi"
"2982054092","Ligusticum grayi",-123.48025,41.110917,1979,8,1,"US","Ligusticum grayi"
"2982056101","Ligusticum grayi",-123.470556,41.084583,1979,8,2,"US","Ligusticum grayi"
"3320749788","Ligusticum grayi",-122.948,41.921472,1979,8,8,"US","Ligusticum grayi"
"3320762542","Ligusticum grayi",-122.765972,41.264139,1979,8,10,"US","Ligusticum grayi"
"3320765432","Ligusticum grayi",-123.470556,41.084583,1979,8,2,"US","Ligusticum grayi"
"3320765439","Ligusticum grayi",-123.470556,41.084583,1979,8,2,"US","Ligusticum grayi"
"3320765746","Ligusticum grayi",-123.471694,41.067917,1979,8,2,"US","Ligusticum grayi"
"3320775407","Ligusticum grayi",-123.113389,41.520917,1979,8,12,"US","Ligusticum grayi"
"3320791909","Ligusticum grayi",-122.966833,41.934472,1979,8,8,"US","Ligusticum grayi"
"3320792148","Ligusticum grayi",-123.113389,41.519806,1979,8,12,"US","Ligusticum grayi"
"3320803009","Ligusticum grayi",-122.870389,41.249,1979,8,10,"US","Ligusticum grayi"
"3320803083","Ligusticum grayi",-123.48025,41.110917,1979,8,1,"US","Ligusticum grayi"
"3320805077","Ligusticum grayi",-122.870389,41.249,1979,8,10,"US","Ligusticum grayi"
"3320769708","Ligusticum grayi",-119.239333,37.918639,1979,9,18,"US","Ligusticum grayi"
"3320787393","Ligusticum grayi",-122.199139,41.35525,1979,9,5,"US","Ligusticum grayi"
"3320801112","Ligusticum grayi",-119.136389,38.017528,1979,9,17,"US","Ligusticum grayi"
"3320753473","Ligusticum grayi",-122.775278,41.737556,1978,6,18,"US","Ligusticum grayi"
"1928740510","Ligusticum grayi",-115.0911,41.0328,1978,7,30,"US","Ligusticum grayi"
"3320781273","Ligusticum grayi",-122.639083,41.332,1978,7,31,"US","Ligusticum grayi"
"51868038","Ligusticum grayi",-121.7967,44.7635,1978,8,8,"US","Ligusticum grayi"
"3320743996","Ligusticum grayi",-122.596361,41.332556,1978,8,2,"US","Ligusticum grayi"
"3320745598","Ligusticum grayi",-122.612111,41.322944,1978,8,1,"US","Ligusticum grayi"
"3320755639","Ligusticum grayi",-122.591917,41.318417,1978,8,1,"US","Ligusticum grayi"
"3320756164","Ligusticum grayi",-122.609111,41.336528,1978,8,1,"US","Ligusticum grayi"
"3320765064","Ligusticum grayi",-122.635333,41.333139,1978,8,3,"US","Ligusticum grayi"
"441773899","Ligusticum grayi",-121.25139,46.32333,1977,6,30,"US","Ligusticum grayi"
"1949607554","Ligusticum grayi",-117.278611,48.313889,1976,6,29,"US","Ligusticum grayi"
"51867997","Ligusticum grayi",-124.0991,42.4322,1976,7,26,"US","Ligusticum grayi"
"2982026022","Ligusticum grayi",-123.213995,41.577386,1976,7,30,"US","Ligusticum grayi"
"2982033571","Ligusticum grayi",-122.4985,41.3198,1976,7,12,"US","Ligusticum grayi"
"3320775067","Ligusticum grayi",-123.58,41.9,1976,7,27,"US","Ligusticum grayi"
"3320779074","Ligusticum grayi",-123.545,41.931667,1976,7,26,"US","Ligusticum grayi"
"51868003","Ligusticum grayi",-122.0731,43.1456,1976,8,8,"US","Ligusticum grayi"
"51868008","Ligusticum grayi",-122.1357,43.4947,1976,8,21,"US","Ligusticum grayi"
"51868014","Ligusticum grayi",-121.7372,44.03,1976,8,1,"US","Ligusticum grayi"
"2982077559","Ligusticum grayi",-122.4985,41.3198,1976,8,4,"US","Ligusticum grayi"
"441773825","Ligusticum grayi",-121.37421,46.39731,1976,9,29,"US","Ligusticum grayi"
"2982035596","Ligusticum grayi",-122.4985,41.3198,1976,9,1,"US","Ligusticum grayi"
"1928151264","Ligusticum grayi",-113.6179,42.4094,1975,7,NA,"US","Ligusticum grayi"
"2982012807","Ligusticum grayi",-122.873,40.922,1975,8,25,"US","Ligusticum grayi"
"51867994","Ligusticum grayi",-121.8159,44.0161,1975,9,28,"US","Ligusticum grayi"
"51868249","Ligusticum grayi",-122.8672,42.3556,1975,9,21,"US","Ligusticum grayi"
"1928896107","Ligusticum grayi",-121.8912,44.0054,1975,9,28,"US","Ligusticum grayi"
"3320791463","Ligusticum grayi",-121.189361,40.439167,1975,9,20,"US","Ligusticum grayi"
"2421752090","Ligusticum grayi",-119.9692,38.6285,1974,7,26,"US","Ligusticum grayi"
"2421753892","Ligusticum grayi",-119.9692,38.6285,1974,7,26,"US","Ligusticum grayi"
"2575152394","Ligusticum grayi",-119.14,37.69,1974,8,11,"US","Ligusticum grayi"
"2575152811","Ligusticum grayi",-119.14,37.69,1974,8,9,"US","Ligusticum grayi"
"2982019804","Ligusticum grayi",-123,41,1974,8,16,"US","Ligusticum grayi"
"2421752117","Ligusticum grayi",-120.0435,38.7405,1974,9,7,"US","Ligusticum grayi"
"51867992","Ligusticum grayi",-120.2074,42.0984,1973,7,2,"US","Ligusticum grayi"
"2421753913","Ligusticum grayi",-119.989823,38.677623,1973,7,21,"US","Ligusticum grayi"
"2982007024","Ligusticum grayi",-122.523984,41.332849,1973,7,14,"US","Ligusticum grayi"
"2982016697","Ligusticum grayi",-123.4639,41.0943,1973,7,15,"US","Ligusticum grayi"
"441773886","Ligusticum grayi",-121.19722,46.87194,1973,8,5,"US","Ligusticum grayi"
"441773897","Ligusticum grayi",-121.19722,46.87194,1973,8,5,"US","Ligusticum grayi"
"2421753142","Ligusticum grayi",-119.9839,38.6901,1973,8,21,"US","Ligusticum grayi"
"3320770137","Ligusticum grayi",-123.592,41.886861,1971,7,19,"US","Ligusticum grayi"
"2430094039","Ligusticum grayi",-118.9927,37.5884,1971,8,4,"US","Ligusticum grayi"
"3320750909","Ligusticum grayi",-120.621667,39.675,1971,8,5,"US","Ligusticum grayi"
"3320779269","Ligusticum grayi",-123.592,41.886861,1971,9,19,"US","Ligusticum grayi"
"3320807433","Ligusticum grayi",-123.623889,41.833611,1970,7,12,"US","Ligusticum grayi"
"3125168642","Ligusticum grayi",-119.6094,38.3206,1970,8,26,"US","Ligusticum grayi"
"2451547898","Ligusticum grayi",-120.982189,39.997341,1969,6,19,"US","Ligusticum grayi"
"2451549181","Ligusticum grayi",-120.982189,39.997341,1969,6,19,"US","Ligusticum grayi"
"2430160938","Ligusticum grayi",-122.199373601108,41.3545765465628,1969,8,10,"US","Ligusticum grayi"
"2982000915","Ligusticum grayi",-122.935413,41.286638,1969,8,5,"US","Ligusticum grayi"
"2982040918","Ligusticum grayi",-122.934907,41.272191,1969,8,4,"US","Ligusticum grayi"
"2982044874","Ligusticum grayi",-122.934907,41.272191,1969,8,4,"US","Ligusticum grayi"
"2982049875","Ligusticum grayi",-122.942894,41.276824,1969,8,18,"US","Ligusticum grayi"
"3125160652","Ligusticum grayi",-119.5727,38.3157,1969,8,4,"US","Ligusticum grayi"
"51867967","Ligusticum grayi",-122.138,44.2618,1968,7,16,"US","Ligusticum grayi"
"51867968","Ligusticum grayi",-122.138,44.2762,1968,7,25,"US","Ligusticum grayi"
"2982003086","Ligusticum grayi",-123.221708624791,41.415296585356,1968,8,3,"US","Ligusticum grayi"
"2421773249","Ligusticum grayi",-118.866389,37.584722,1967,6,25,"US","Ligusticum grayi"
"2421752256","Ligusticum grayi",-122.93,39.58,1967,7,7,"US","Ligusticum grayi"
"2421754736","Ligusticum grayi",-122.93,39.58,1967,7,7,"US","Ligusticum grayi"
"51868271","Ligusticum grayi",-118.6244,42.7183,1967,8,6,"US","Ligusticum grayi"
"2982054552","Ligusticum grayi",-122.880602,41.03588,1967,8,17,"US","Ligusticum grayi"
"2270696477","Ligusticum grayi",-117.261839,45.285152,1967,9,2,"US","Ligusticum grayi"
"2421753239","Ligusticum grayi",-118.57,36.41,1966,7,18,"US","Ligusticum grayi"
"2575150979","Ligusticum grayi",-118.57,36.41,1966,7,18,"US","Ligusticum grayi"
"3053443799","Ligusticum grayi",-122.938835909042,41.0237751716535,1966,8,8,"US","Ligusticum grayi"
"3125161654","Ligusticum grayi",-119.26,37.9087,1966,8,20,"US","Ligusticum grayi"
"51868276","Ligusticum grayi",-121.8656,44.4561,1965,7,18,"US","Ligusticum grayi"
"2421751550","Ligusticum grayi",-120.241686,39.433001,1964,7,15,"US","Ligusticum grayi"
"2562126151","Ligusticum grayi",-120.241847,39.430987,1964,7,15,"US","Ligusticum grayi"
"2562126195","Ligusticum grayi",-120.240841,39.424783,1964,7,15,"US","Ligusticum grayi"
"2562126319","Ligusticum grayi",-120.284814,39.42463,1964,7,18,"US","Ligusticum grayi"
"2982041847","Ligusticum grayi",-121.09584,40.492845,1964,7,16,"US","Ligusticum grayi"
"3059703372","Ligusticum grayi",-119.85918,38.250996,1964,8,4,"US","Ligusticum grayi"
"2430248115","Ligusticum grayi",-119.5933,38.3047,1963,8,9,"US","Ligusticum grayi"
"51867793","Ligusticum grayi",-117.3882,45.0867,1962,7,12,"US","Ligusticum grayi"
"51867954","Ligusticum grayi",-117.2991,45.2167,1962,8,18,"US","Ligusticum grayi"
"441773893","Ligusticum grayi",-121.046428,47.477436,1961,7,26,"US","Ligusticum grayi"
"3053390227","Ligusticum grayi",-119.424709973123,37.8638631652492,1961,7,20,"US","Ligusticum grayi"
"2382622976","Ligusticum grayi",-120.04795,38.70869,1961,8,10,"US","Ligusticum grayi"
"3125032652","Ligusticum grayi",-120.04795,38.70869,1961,8,10,"US","Ligusticum grayi"
"2270220011","Ligusticum grayi",-120.170867,38.631932,1960,7,28,"US","Ligusticum grayi"
"2421751927","Ligusticum grayi",-121.40333,40.44444,1960,7,23,"US","Ligusticum grayi"
"3053432490","Ligusticum grayi",-119.060299028675,37.6690701645828,1960,7,24,"US","Ligusticum grayi"
"2450410078","Ligusticum grayi",-119.6282,38.3382,1959,7,30,"US","Ligusticum grayi"
"3125029645","Ligusticum grayi",-119.6344,38.3242,1959,7,30,"US","Ligusticum grayi"
"441773651","Ligusticum grayi",-115.880407,47.010229,1959,8,8,"US","Ligusticum grayi"
"2451546689","Ligusticum grayi",-119.600711,37.638004,1959,8,30,"US","Ligusticum grayi"
"2270197357","Ligusticum grayi",-119.2507,37.7913,1958,8,19,"US","Ligusticum grayi"
"2451546748","Ligusticum grayi",-118.610118,36.928494,1958,8,17,"US","Ligusticum grayi"
"51867899","Ligusticum grayi",-117.2971,45.13,1957,8,12,"US","Ligusticum grayi"
"51867907","Ligusticum grayi",-121.8868,44.1473,1957,8,NA,"US","Ligusticum grayi"
"441773046","Ligusticum grayi",-120.440556,47.284722,1956,7,26,"US","Ligusticum grayi"
"1426477896","Ligusticum grayi",-120.316667,39.308333,1956,7,21,"US","Ligusticum grayi"
"51868529","Ligusticum grayi",-117.2991,45.1876,1956,8,21,"US","Ligusticum grayi"
"51868688","Ligusticum grayi",-121.9778,44.7831,1956,8,16,"US","Ligusticum grayi"
"3406838836","Ligusticum grayi",-119.280707,37.960939,1955,8,NA,"US","Ligusticum grayi"
"3406838837","Ligusticum grayi",-119.285257,37.953095,1955,8,NA,"US","Ligusticum grayi"
"3406838840","Ligusticum grayi",-119.280807,37.960405,1955,8,NA,"US","Ligusticum grayi"
"3406838842","Ligusticum grayi",-119.280828,37.964787,1955,8,NA,"US","Ligusticum grayi"
"3406838852","Ligusticum grayi",-119.280807,37.960405,1955,8,NA,"US","Ligusticum grayi"
"51868266","Ligusticum grayi",-121.5422,45.3013,1954,8,22,"US","Ligusticum grayi"
"51868274","Ligusticum grayi",-121.5422,45.3013,1954,8,22,"US","Ligusticum grayi"
"51868498","Ligusticum grayi",-118.5963,42.647,1954,8,22,"US","Ligusticum grayi"
"441773647","Ligusticum grayi",-115.7,45.62056,1954,8,13,"US","Ligusticum grayi"
"2430255169","Ligusticum grayi",-119.3041,37.9666,1954,8,16,"US","Ligusticum grayi"
"51868272","Ligusticum grayi",-121.7079,45.2983,1954,9,10,"US","Ligusticum grayi"
"51868499","Ligusticum grayi",-118.7607,42.7614,1953,8,27,"US","Ligusticum grayi"
"51868500","Ligusticum grayi",-118.6095,42.6893,1953,8,13,"US","Ligusticum grayi"
"2270696377","Ligusticum grayi",-121.84228,44.47826,1953,8,8,"US","Ligusticum grayi"
"441773618","Ligusticum grayi",-116.77425,42.986202,1951,7,27,"US","Ligusticum grayi"
"51867703","Ligusticum grayi",-121.6842,44.03,1951,8,12,"US","Ligusticum grayi"
"3053388953","Ligusticum grayi",-120.11,38.4159999990812,1950,8,8,"US","Ligusticum grayi"
"441773639","Ligusticum grayi",-121.77389,46.94194,1948,8,12,"US","Ligusticum grayi"
"51868463","Ligusticum grayi",-122.3203,44.695,1947,8,7,"US","Ligusticum grayi"
"1929270269","Ligusticum grayi",-115.484344221836,43.644157830655,1947,8,25,"US","Ligusticum grayi"
"51867740","Ligusticum grayi",-121.7311,44.0883,1946,8,17,"US","Ligusticum grayi"
"51867736","Ligusticum grayi",-121.8742,44.2314,1945,7,31,"US","Ligusticum grayi"
"2451554920","Ligusticum grayi",-119.228105808546,37.9010638919012,1944,8,18,"US","Ligusticum grayi"
"441773876","Ligusticum grayi",-120.323831,48.076039,1942,8,31,"US","Ligusticum grayi"
"51867807","Ligusticum grayi",-121.864,44.2314,1940,6,26,"US","Ligusticum grayi"
"51868631","Ligusticum grayi",-121.864,44.2314,1940,6,26,"US","Ligusticum grayi"
"441773912","Ligusticum grayi",-120.593056,47.2525,1940,7,1,"US","Ligusticum grayi"
"441773913","Ligusticum grayi",-121.25527,46.79466,1940,7,15,"US","Ligusticum grayi"
"51867458","Ligusticum grayi",-121.8173,44.1751,1940,8,30,"US","Ligusticum grayi"
"51867867","Ligusticum grayi",-121.8173,44.1751,1940,8,30,"US","Ligusticum grayi"
"2430489007","Ligusticum grayi",-119.49031,37.84653,1940,8,22,"US","Ligusticum grayi"
"2610090283","Ligusticum grayi",-119.488939,37.822619,1940,8,6,"US","Ligusticum grayi"
"3053451974","Ligusticum grayi",-123.944,41.8379999990623,1939,5,28,"US","Ligusticum grayi"
"3053477308","Ligusticum grayi",-120.656562627886,39.6770175184823,1939,7,4,"US","Ligusticum grayi"
"2430214963","Ligusticum grayi",-119.98573457628,38.687619757888,1939,8,13,"US","Ligusticum grayi"
"51868448","Ligusticum grayi",-122.1064,42.942,1938,6,NA,"US","Ligusticum grayi"
"51868393","Ligusticum grayi",-121.8064,44.2606,1938,7,19,"US","Ligusticum grayi"
"51868604","Ligusticum grayi",-120.1167,44.3764,1938,7,16,"US","Ligusticum grayi"
"441773898","Ligusticum grayi",-121.729065,46.786927,1938,8,15,"US","Ligusticum grayi"
"51867823","Ligusticum grayi",-121.8701,44.1755,1938,9,6,"US","Ligusticum grayi"
"51868619","Ligusticum grayi",-121.5231,45.3425,1938,9,4,"US","Ligusticum grayi"
"51868614","Ligusticum grayi",-120.251,42.1775,1937,6,28,"US","Ligusticum grayi"
"51868409","Ligusticum grayi",-119.1248,44.9905,1937,7,29,"US","Ligusticum grayi"
"51867456","Ligusticum grayi",-121.8173,44.1751,1937,8,21,"US","Ligusticum grayi"
"1930483046","Ligusticum grayi",-116.098736,44.911006,1937,8,2,"US","Ligusticum grayi"
"2859431079","Ligusticum grayi",-123.992576,41.842613,1936,5,4,"US","Ligusticum grayi"
"51867801","Ligusticum grayi",-120.2274,42.3769,1936,7,5,"US","Ligusticum grayi"
"51868231","Ligusticum grayi",-120.2274,42.3769,1936,7,5,"US","Ligusticum grayi"
"51868241","Ligusticum grayi",-122.0867,44.1161,1936,7,19,"US","Ligusticum grayi"
"51868621","Ligusticum grayi",-118.5963,42.647,1936,7,19,"US","Ligusticum grayi"
"441773057","Ligusticum grayi",-121.135556,46.714722,1936,7,15,"US","Ligusticum grayi"
"441773625","Ligusticum grayi",-120.75417,46.731174,1936,7,13,"US","Ligusticum grayi"
"441773633","Ligusticum grayi",-121.14833,46.71444,1936,7,15,"US","Ligusticum grayi"
"2430342612","Ligusticum grayi",-119.616402,37.858002,1936,7,10,"US","Ligusticum grayi"
"441773629","Ligusticum grayi",-121.20545,46.80568,1936,8,21,"US","Ligusticum grayi"
"441773686","Ligusticum grayi",-123.464776,47.61674,1936,8,12,"US","Ligusticum grayi"
"2430227594","Ligusticum grayi",-119.276963,37.955141,1936,8,20,"US","Ligusticum grayi"
"441773853","Ligusticum grayi",-121.58495,46.86706,1936,9,12,"US","Ligusticum grayi"
"51868361","Ligusticum grayi",-122.1064,42.942,1936,NA,NA,"US","Ligusticum grayi"
"51868369","Ligusticum grayi",-118.6467,42.7372,1935,7,24,"US","Ligusticum grayi"
"51868609","Ligusticum grayi",-121.7735,44.769,1935,8,11,"US","Ligusticum grayi"
"441773885","Ligusticum grayi",-121.61121,46.79956,1935,8,27,"US","Ligusticum grayi"
"441773889","Ligusticum grayi",-121.88333,46.88333,1935,8,17,"US","Ligusticum grayi"
"1426092508","Ligusticum grayi",-120.1769,41.9884,1935,8,16,"US","Ligusticum grayi"
"1930503604","Ligusticum grayi",-120.180646,41.986341,1935,8,16,"US","Ligusticum grayi"
"2430154792","Ligusticum grayi",-120.1715,41.9884,1935,8,16,"US","Ligusticum grayi"
"51868243","Ligusticum grayi",-121.8694,44.2031,1934,6,3,"US","Ligusticum grayi"
"51867809","Ligusticum grayi",-121.8358,44.2483,1934,7,18,"US","Ligusticum grayi"
"51868608","Ligusticum grayi",-122.1287,42.9074,1934,7,12,"US","Ligusticum grayi"
"441773894","Ligusticum grayi",-121.4908,46.20255,1934,7,30,"US","Ligusticum grayi"
"441773896","Ligusticum grayi",-121.4908,46.20255,1934,7,30,"US","Ligusticum grayi"
"2430209302","Ligusticum grayi",-119.2751,37.9737,1934,7,14,"US","Ligusticum grayi"
"51867812","Ligusticum grayi",-121.8881,44.2136,1934,8,16,"US","Ligusticum grayi"
"3125037635","Ligusticum grayi",-119.5797,37.7116,1933,7,23,"US","Ligusticum grayi"
"51867815","Ligusticum grayi",-121.8041,44.7125,1933,8,15,"US","Ligusticum grayi"
"318055239","Ligusticum grayi",-121.46339,40.090816,1932,7,26,"US","Ligusticum grayi"
"441773053","Ligusticum grayi",-118.37639,48.80583,1932,7,10,"US","Ligusticum grayi"
"441773890","Ligusticum grayi",-121.25139,46.32333,1932,7,13,"US","Ligusticum grayi"
"441773636","Ligusticum grayi",-121.76092,46.85163,1932,8,27,"US","Ligusticum grayi"
"51867810","Ligusticum grayi",-121.7311,44.0883,1931,6,22,"US","Ligusticum grayi"
"51868563","Ligusticum grayi",-122.2754,42.2944,1931,7,5,"US","Ligusticum grayi"
"51868564","Ligusticum grayi",-122.2754,42.2944,1931,7,5,"US","Ligusticum grayi"
"441773836","Ligusticum grayi",-120.90238,47.47522,1931,7,27,"US","Ligusticum grayi"
"51867811","Ligusticum grayi",-120.8756,42.4961,1931,8,13,"US","Ligusticum grayi"
"441773851","Ligusticum grayi",-122.05472,46.75667,1931,8,27,"US","Ligusticum grayi"
"441773864","Ligusticum grayi",-121.82444,46.91556,1930,7,27,"US","Ligusticum grayi"
"441773883","Ligusticum grayi",-121.82444,46.91556,1930,7,27,"US","Ligusticum grayi"
"51868338","Ligusticum grayi",-122.1064,42.942,1930,8,5,"US","Ligusticum grayi"
"51867802","Ligusticum grayi",-121.7783,44.0834,1929,8,27,"US","Ligusticum grayi"
"51867800","Ligusticum grayi",-121.9683,43.5094,1928,7,18,"US","Ligusticum grayi"
"51868383","Ligusticum grayi",-122.3133,42.8456,1928,7,12,"US","Ligusticum grayi"
"51867803","Ligusticum grayi",-121.6161,45.3442,1927,7,31,"US","Ligusticum grayi"
"51867806","Ligusticum grayi",-118.5963,42.647,1927,7,20,"US","Ligusticum grayi"
"51868417","Ligusticum grayi",-119.1147,43.4178,1927,7,13,"US","Ligusticum grayi"
"51868561","Ligusticum grayi",-121.6861,45.1739,1927,7,25,"US","Ligusticum grayi"
"51868352","Ligusticum grayi",-121.9778,44.7831,1927,8,4,"US","Ligusticum grayi"
"51868354","Ligusticum grayi",-122.4878,42.7511,1927,8,12,"US","Ligusticum grayi"
"51868366","Ligusticum grayi",-121.7132,45.4094,1927,8,20,"US","Ligusticum grayi"
"441773877","Ligusticum grayi",-121.28028,47.46139,1927,8,7,"US","Ligusticum grayi"
"51868349","Ligusticum grayi",-121.8912,44.1207,1926,7,18,"US","Ligusticum grayi"
"51868355","Ligusticum grayi",-121.8428,44.1455,1926,7,17,"US","Ligusticum grayi"
"441773863","Ligusticum grayi",-121.88333,46.88333,1926,7,24,"US","Ligusticum grayi"
"51868344","Ligusticum grayi",-121.5481,44.2911,1926,8,11,"US","Ligusticum grayi"
"51868351","Ligusticum grayi",-121.8041,44.7125,1926,8,2,"US","Ligusticum grayi"
"51867813","Ligusticum grayi",-118.7156,44.3125,1925,7,30,"US","Ligusticum grayi"
"51868539","Ligusticum grayi",-122.7083,42.101,1924,5,20,"US","Ligusticum grayi"
"51868544","Ligusticum grayi",-122.7083,42.101,1924,5,20,"US","Ligusticum grayi"
"51868546","Ligusticum grayi",-123.9397,45.7442,1924,7,3,"US","Ligusticum grayi"
"441773911","Ligusticum grayi",-121.25582,46.79502,1922,8,1,"US","Ligusticum grayi"
"51868562","Ligusticum grayi",-121.813,44.257,1920,8,7,"US","Ligusticum grayi"
"2421751416","Ligusticum grayi",-120.2507,38.8536,1920,8,15,"US","Ligusticum grayi"
"2421752130","Ligusticum grayi",-120.246101919883,38.8573613214381,1920,8,10,"US","Ligusticum grayi"
"2421752494","Ligusticum grayi",-120.2507,38.8536,1920,8,16,"US","Ligusticum grayi"
"2421753582","Ligusticum grayi",-120.2507,38.8536,1920,8,16,"US","Ligusticum grayi"
"51868693","Ligusticum grayi",-121.8109,44.6674,1919,8,14,"US","Ligusticum grayi"
"2421752220","Ligusticum grayi",-119.4804,37.4382,1919,8,1,"US","Ligusticum grayi"
"441773852","Ligusticum grayi",-123.60139,46.98139,1919,NA,NA,"US","Ligusticum grayi"
"51868461","Ligusticum grayi",-120.545,42.6939,1915,NA,NA,"US","Ligusticum grayi"
"51868663","Ligusticum grayi",-121.7796,44.1761,1914,7,12,"US","Ligusticum grayi"
"51868585","Ligusticum grayi",-118.1281,45.3187,1910,7,29,"US","Ligusticum grayi"
"51868239","Ligusticum grayi",-121.7901,44.7091,1907,7,24,"US","Ligusticum grayi"
"2430316125","Ligusticum grayi",-118.653628347842,36.3738648320366,1904,7,18,"US","Ligusticum grayi"
"51867805","Ligusticum grayi",-121.882,44.2217,1903,7,21,"US","Ligusticum grayi"
"1930361347","Ligusticum grayi",-120.292415,39.317249,1903,8,14,"US","Ligusticum grayi"
"51867796","Ligusticum grayi",-118.0903,45.4381,1900,7,26,"US","Ligusticum grayi"
"2430409604","Ligusticum grayi",-120.394,39.3278,1900,7,26,"US","Ligusticum grayi"
"51867897","Ligusticum grayi",-117.4727,45.1198,1897,8,29,"US","Ligusticum grayi"
"1930493088","Ligusticum grayi",-115.120639,40.924459,1897,8,13,"US","Ligusticum grayi"
"441773826","Ligusticum grayi",-121.03003,46.45027,1892,8,3,"US","Ligusticum grayi"
"441773882","Ligusticum grayi",-121.76092,46.85163,1890,8,NA,"US","Ligusticum grayi"
"2430275975","Ligusticum grayi",-120.37909,39.32341,1881,7,20,"US","Ligusticum grayi"
"51867898","Ligusticum grayi",-117.3106,45.1298,NA,NA,NA,"US","Ligusticum grayi"
"1144707133","Ligusticum grayi",-119.24639,36.34,NA,NA,NA,"US","Ligusticum grayi"
"2595832630","Ligusticum grayi",-120.210278,39.141111,NA,NA,NA,"US","Ligusticum grayi"
"2982033150","Ligusticum grayi",-122.266489,42.511074,NA,NA,NA,"US","Ligusticum grayi"
"2982071140","Ligusticum grayi",-122.227803,42.644232,NA,NA,NA,"US","Ligusticum grayi"
"2982071141","Ligusticum grayi",-122.225343,42.650102,NA,NA,NA,"US","Ligusticum grayi"
"3059689530","Ligusticum grayi",-119.4804,37.4382,NA,NA,NA,"US","Ligusticum grayi"
