"gbifID","species","longitude","latitude","year","month","day","countryCode","accepted_name"
"3705669394","Lomatium dissectum",-123.349372,48.491762,2022,2,27,"CA","Lomatium dissectum"
"3743342907","Lomatium dissectum",-123.349082,48.491535,2022,3,13,"CA","Lomatium dissectum"
"3747136669","Lomatium dissectum",-123.347636,48.494018,2022,3,21,"CA","Lomatium dissectum"
"3759058876","Lomatium dissectum",-123.524322,48.44999,2022,3,18,"CA","Lomatium dissectum"
"3759369834","Lomatium dissectum",-123.230479,48.434258,2022,4,13,"CA","Lomatium dissectum"
"3759405914","Lomatium dissectum",-123.365764,48.411139,2022,4,13,"CA","Lomatium dissectum"
"3759569877","Lomatium dissectum",-123.229773,48.434275,2022,4,13,"CA","Lomatium dissectum"
"3759626082","Lomatium dissectum",-123.36583,48.411178,2022,4,5,"CA","Lomatium dissectum"
"3759737483","Lomatium dissectum",-119.287476,50.272036,2022,4,8,"CA","Lomatium dissectum"
"3759770045","Lomatium dissectum",-123.342817,48.493661,2022,4,14,"CA","Lomatium dissectum"
"3759917582","Lomatium dissectum",-123.349377,48.491739,2022,4,11,"CA","Lomatium dissectum"
"3760004253","Lomatium dissectum",-123.315051,48.497423,2022,4,5,"CA","Lomatium dissectum"
"3772427571","Lomatium dissectum",-119.584672,49.290547,2022,4,15,"CA","Lomatium dissectum"
"3772427577","Lomatium dissectum",-119.543542,49.848865,2022,4,25,"CA","Lomatium dissectum"
"3772588558","Lomatium dissectum",-117.88729,49.349359,2022,4,20,"CA","Lomatium dissectum"
"3772676535","Lomatium dissectum",-120.365312,50.770028,2022,4,28,"CA","Lomatium dissectum"
"3772690064","Lomatium dissectum",-123.365629,48.411157,2022,4,30,"CA","Lomatium dissectum"
"3773028551","Lomatium dissectum",-119.613981,49.297324,2022,4,22,"CA","Lomatium dissectum"
"3773224551","Lomatium dissectum",-119.258872,50.48618,2022,4,26,"CA","Lomatium dissectum"
"3772533945","Lomatium dissectum",-115.694931,49.56394,2022,5,8,"CA","Lomatium dissectum"
"3773293208","Lomatium dissectum",-123.441231,48.48339,2022,5,3,"CA","Lomatium dissectum"
"3773467862","Lomatium dissectum",-123.365892,48.411005,2022,5,2,"CA","Lomatium dissectum"
"3773560977","Lomatium dissectum",-119.574178,49.023567,2022,5,11,"CA","Lomatium dissectum"
"3773611099","Lomatium dissectum",-119.590278,50.902778,2022,5,4,"CA","Lomatium dissectum"
"3773660715","Lomatium dissectum",-117.993709,49.406673,2022,5,8,"CA","Lomatium dissectum"
"3773669815","Lomatium dissectum",-116.636023,49.129692,2022,5,5,"CA","Lomatium dissectum"
"3773766469","Lomatium dissectum",-119.258653,50.486497,2022,5,4,"CA","Lomatium dissectum"
"3039496672","Lomatium dissectum",-123.348174,48.492347,2021,2,6,"CA","Lomatium dissectum"
"3109200455","Lomatium dissectum",-123.349064,48.491819,2021,2,27,"CA","Lomatium dissectum"
"3058731148","Lomatium dissectum",-123.314937,48.497363,2021,3,8,"CA","Lomatium dissectum"
"3058827025","Lomatium dissectum",-123.315043,48.497253,2021,3,8,"CA","Lomatium dissectum"
"3061632048","Lomatium dissectum",-123.365716,48.411137,2021,3,15,"CA","Lomatium dissectum"
"3067888755","Lomatium dissectum",-123.349475,48.491758,2021,3,19,"CA","Lomatium dissectum"
"3068111350","Lomatium dissectum",-123.36568,48.411207,2021,3,21,"CA","Lomatium dissectum"
"3070651653","Lomatium dissectum",-123.2447,48.545956,2021,3,25,"CA","Lomatium dissectum"
"3070655866","Lomatium dissectum",-123.350357,48.491508,2021,3,27,"CA","Lomatium dissectum"
"3090617958","Lomatium dissectum",-123.365679,48.411151,2021,3,31,"CA","Lomatium dissectum"
"3079608045","Lomatium dissectum",-123.315011,48.497112,2021,4,5,"CA","Lomatium dissectum"
"3079847029","Lomatium dissectum",-123.315038,48.497451,2021,4,5,"CA","Lomatium dissectum"
"3079856111","Lomatium dissectum",-123.315037,48.497458,2021,4,5,"CA","Lomatium dissectum"
"3090577060","Lomatium dissectum",-123.349075,48.49181,2021,4,8,"CA","Lomatium dissectum"
"3090648701","Lomatium dissectum",-123.349237,48.491753,2021,4,9,"CA","Lomatium dissectum"
"3090684347","Lomatium dissectum",-123.347834,48.492567,2021,4,10,"CA","Lomatium dissectum"
"3090819354","Lomatium dissectum",-123.347904,48.492516,2021,4,10,"CA","Lomatium dissectum"
"3090878343","Lomatium dissectum",-123.34761,48.492612,2021,4,10,"CA","Lomatium dissectum"
"3090892986","Lomatium dissectum",-123.342888,48.49385,2021,4,15,"CA","Lomatium dissectum"
"3090930728","Lomatium dissectum",-123.452699,48.433683,2021,4,12,"CA","Lomatium dissectum"
"3097197624","Lomatium dissectum",-123.365715,48.411135,2021,4,21,"CA","Lomatium dissectum"
"3109191995","Lomatium dissectum",-123.34714,48.497887,2021,4,25,"CA","Lomatium dissectum"
"3109238402","Lomatium dissectum",-123.371864,48.409841,2021,4,28,"CA","Lomatium dissectum"
"3109316984","Lomatium dissectum",-123.349793,48.491618,2021,4,25,"CA","Lomatium dissectum"
"3112723487","Lomatium dissectum",-123.452699,48.433683,2021,4,23,"CA","Lomatium dissectum"
"3333481488","Lomatium dissectum",-123.36574,48.411123,2021,4,25,"CA","Lomatium dissectum"
"3705378375","Lomatium dissectum",-123.352797,48.490162,2021,4,27,"CA","Lomatium dissectum"
"3705427367","Lomatium dissectum",-123.315132,48.497468,2021,4,5,"CA","Lomatium dissectum"
"3705794372","Lomatium dissectum",-123.314779,48.497199,2021,4,5,"CA","Lomatium dissectum"
"3112388211","Lomatium dissectum",-123.36573,48.411147,2021,5,1,"CA","Lomatium dissectum"
"3112775934","Lomatium dissectum",-123.441612,48.483543,2021,5,6,"CA","Lomatium dissectum"
"3118244519","Lomatium dissectum",-123.352917,48.490283,2021,5,19,"CA","Lomatium dissectum"
"3355133077","Lomatium dissectum",-119.371431,50.152697,2021,5,27,"CA","Lomatium dissectum"
"3391372518","Lomatium dissectum",-123.348793,48.49155,2021,5,16,"CA","Lomatium dissectum"
"3705605386","Lomatium dissectum",-123.640317,48.791158,2021,5,28,"CA","Lomatium dissectum"
"3705737381","Lomatium dissectum",-123.34761,48.490743,2021,5,28,"CA","Lomatium dissectum"
"3407949109","Lomatium dissectum",-123.305686,48.399431,2021,10,30,"CA","Lomatium dissectum"
"2596293346","Lomatium dissectum",-123.345148,48.492052,2020,3,27,"CA","Lomatium dissectum"
"3039383481","Lomatium dissectum",-123.349241,48.49143,2020,3,6,"CA","Lomatium dissectum"
"3705477330","Lomatium dissectum",-123.348924,48.491634,2020,3,16,"CA","Lomatium dissectum"
"2603359101","Lomatium dissectum",-123.349515,48.493123,2020,4,14,"CA","Lomatium dissectum"
"2609149700","Lomatium dissectum",-123.349945,48.4917,2020,4,19,"CA","Lomatium dissectum"
"2611407046","Lomatium dissectum",-123.349253,48.4917,2020,4,30,"CA","Lomatium dissectum"
"2620064876","Lomatium dissectum",-123.314962,48.497026,2020,5,3,"CA","Lomatium dissectum"
"2620157560","Lomatium dissectum",-123.365731,48.411103,2020,5,2,"CA","Lomatium dissectum"
"2626584504","Lomatium dissectum",-123.394893,48.444421,2020,5,8,"CA","Lomatium dissectum"
"2802756281","Lomatium dissectum",-123.666716,48.781816,2020,5,3,"CA","Lomatium dissectum"
"3705735337","Lomatium dissectum",-123.347458,48.492683,2020,5,26,"CA","Lomatium dissectum"
"3759120359","Lomatium dissectum",-123.350014,48.492194,2019,3,21,"CA","Lomatium dissectum"
"3759188341","Lomatium dissectum",-123.34997,48.492308,2019,3,21,"CA","Lomatium dissectum"
"3759889353","Lomatium dissectum",-123.349822,48.491895,2019,3,21,"CA","Lomatium dissectum"
"3415529162","Lomatium dissectum",-123.229769,48.434085,2019,6,2,"CA","Lomatium dissectum"
"3705442321","Lomatium dissectum",-123.45259,48.433567,2019,6,12,"CA","Lomatium dissectum"
"2626220506","Lomatium dissectum",-123.681688,48.712801,2018,5,17,"CA","Lomatium dissectum"
"3109041310","Lomatium dissectum",-109.846742,49.64592,2018,5,19,"CA","Lomatium dissectum"
"1500302443","Lomatium dissectum",-123.371261,48.510699,2017,4,22,"CA","Lomatium dissectum"
"1500302447","Lomatium dissectum",-123.34638,48.489873,2017,4,22,"CA","Lomatium dissectum"
"1500303236","Lomatium dissectum",-123.383114,48.581108,2017,4,22,"CA","Lomatium dissectum"
"2350450792","Lomatium dissectum",-123.352749,48.490248,2017,4,17,"CA","Lomatium dissectum"
"3058986115","Lomatium dissectum",-123.352744,48.490186,2017,4,22,"CA","Lomatium dissectum"
"1839334396","Lomatium dissectum",-113.49485,48.9980399990662,2017,5,29,"CA","Lomatium dissectum"
"3705465304","Lomatium dissectum",-123.365728,48.411143,2017,7,1,"CA","Lomatium dissectum"
"2620030379","Lomatium dissectum",-123.234897,48.434678,2016,4,24,"CA","Lomatium dissectum"
"1265908862","Lomatium dissectum",-123.342553,48.493563,2016,5,5,"CA","Lomatium dissectum"
"2580118361","Lomatium dissectum",-123.36568,48.411124,2014,4,25,"CA","Lomatium dissectum"
"1988100188","Lomatium dissectum",-119.40001,49.95492,2013,5,15,"CA","Lomatium dissectum"
"2251588240","Lomatium dissectum",-119.4,49.9549,2013,5,15,"CA","Lomatium dissectum"
"3351291150","Lomatium dissectum",-119.400002,49.950001,2013,5,15,"CA","Lomatium dissectum"
"2609192823","Lomatium dissectum",-123.387141,48.495097,2012,4,29,"CA","Lomatium dissectum"
"2620081580","Lomatium dissectum",-123.235209,48.434666,2012,5,11,"CA","Lomatium dissectum"
"2251588285","Lomatium dissectum",-119.618,49.2086,2011,5,22,"CA","Lomatium dissectum"
"3348222985","Lomatium dissectum",-119.620003,49.209999,2011,5,22,"CA","Lomatium dissectum"
"2596223019","Lomatium dissectum",-123.314983,48.497404,2010,4,9,"CA","Lomatium dissectum"
"3013936503","Lomatium dissectum",-123.364319,48.41021,2010,5,3,"CA","Lomatium dissectum"
"894979481","Lomatium dissectum",-113.95005,49.81635,2009,7,22,"CA","Lomatium dissectum"
"1949650193","Lomatium dissectum",-119.626667,49.301667,2007,5,11,"CA","Lomatium dissectum"
"1988239915","Lomatium dissectum",-119.7,51.6,2005,7,4,"CA","Lomatium dissectum"
"1988239651","Lomatium dissectum",-123.62,48.77,2003,5,16,"CA","Lomatium dissectum"
"1949634062","Lomatium dissectum",-123.449444,48.471111,2002,4,30,"CA","Lomatium dissectum"
"1949599626","Lomatium dissectum",-123.352778,48.490278,1986,5,13,"CA","Lomatium dissectum"
"1949581112","Lomatium dissectum",-123.233333,48.433333,1985,5,4,"CA","Lomatium dissectum"
"1949641892","Lomatium dissectum",-123.6,48.816667,1985,5,4,"CA","Lomatium dissectum"
"1949618179","Lomatium dissectum",-117.508333,49.033333,1984,5,27,"CA","Lomatium dissectum"
"1949622714","Lomatium dissectum",-119.266667,50.7,1984,5,23,"CA","Lomatium dissectum"
"1949629174","Lomatium dissectum",-119.555,49.036667,1984,5,18,"CA","Lomatium dissectum"
"1949630660","Lomatium dissectum",-119.25,50.2,1984,5,23,"CA","Lomatium dissectum"
"1988114609","Lomatium dissectum",-119.3,50.2,1984,5,23,"CA","Lomatium dissectum"
"883422628","Lomatium dissectum",-114.749,49.9304,1983,7,1,"CA","Lomatium dissectum"
"1949611993","Lomatium dissectum",-123.233333,48.433333,1981,5,22,"CA","Lomatium dissectum"
"1949566458","Lomatium dissectum",-123.516667,48.8,1980,5,25,"CA","Lomatium dissectum"
"1988163621","Lomatium dissectum",-119.9,49.7,1979,5,18,"CA","Lomatium dissectum"
"894979512","Lomatium dissectum",-114.333333,49.7,1977,6,11,"CA","Lomatium dissectum"
"1248692958","Lomatium dissectum",-113.5,49.216667,1974,6,9,"CA","Lomatium dissectum"
"1849125977","Lomatium dissectum",-120.416667,50.666667,1972,5,21,"CA","Lomatium dissectum"
"894979507","Lomatium dissectum",-113.833333,49.1,1970,5,27,"CA","Lomatium dissectum"
"894979479","Lomatium dissectum",-113.883333,49.05,1970,6,3,"CA","Lomatium dissectum"
"894979499","Lomatium dissectum",-113.883333,49.1,1970,6,1,"CA","Lomatium dissectum"
"894979534","Lomatium dissectum",-114.05,49.066667,1970,7,29,"CA","Lomatium dissectum"
"894979536","Lomatium dissectum",-114.033333,49.133333,1970,7,8,"CA","Lomatium dissectum"
"894979546","Lomatium dissectum",-114.116667,49.2,1970,7,28,"CA","Lomatium dissectum"
"894979520","Lomatium dissectum",-114.05,49.116667,1969,5,18,"CA","Lomatium dissectum"
"894979525","Lomatium dissectum",-113.916667,49.033333,1969,5,26,"CA","Lomatium dissectum"
"894979531","Lomatium dissectum",-113.933333,49.166667,1969,5,27,"CA","Lomatium dissectum"
"894979478","Lomatium dissectum",-114.033333,49.133333,1969,6,23,"CA","Lomatium dissectum"
"894979487","Lomatium dissectum",-113.916667,49.1,1969,6,2,"CA","Lomatium dissectum"
"894979506","Lomatium dissectum",-114.316667,49.433333,1969,6,3,"CA","Lomatium dissectum"
"894979508","Lomatium dissectum",-114.066667,49.05,1969,6,10,"CA","Lomatium dissectum"
"894979513","Lomatium dissectum",-114.433333,49.316667,1969,6,18,"CA","Lomatium dissectum"
"894979527","Lomatium dissectum",-113.883333,49.083333,1969,6,30,"CA","Lomatium dissectum"
"894979502","Lomatium dissectum",-113.95,49.15,1969,7,30,"CA","Lomatium dissectum"
"894979510","Lomatium dissectum",-113.866667,49.15,1969,7,1,"CA","Lomatium dissectum"
"2417954626","Lomatium dissectum",-113.95,49.15,1969,7,30,"CA","Lomatium dissectum"
"894979492","Lomatium dissectum",-114.05,49.033333,1969,8,7,"CA","Lomatium dissectum"
"1949609054","Lomatium dissectum",-119.5,49.033333,1960,1,1,"CA","Lomatium dissectum"
"1949609015","Lomatium dissectum",-119.5,49.033333,1960,4,17,"CA","Lomatium dissectum"
"1949608490","Lomatium dissectum",-120.5,49.466667,1952,5,24,"CA","Lomatium dissectum"
"1988083070","Lomatium dissectum",-123,48,1949,5,23,"CA","Lomatium dissectum"
"1949491075","Lomatium dissectum",-123.416667,48.516667,1920,5,29,"CA","Lomatium dissectum"
"1949491161","Lomatium dissectum",-123.466667,48.466667,1919,6,13,"CA","Lomatium dissectum"
"1949453651","Lomatium dissectum",-123.3,48.433333,1913,6,17,"CA","Lomatium dissectum"
"2561514848","Lomatium dissectum",-123.25081,49.25408,NA,NA,NA,"CA","Lomatium dissectum"
"2561521175","Lomatium dissectum",-123.25081,49.25408,NA,NA,NA,"CA","Lomatium dissectum"
"1895441899","Lomatium dissectum",-108.131223246535,30.0798492873932,1999,8,13,"MX","Lomatium dissectum"
"3747359580","Lomatium dissectum",-120.464001,46.723459,2022,3,25,"US","Lomatium dissectum"
"3759554068","Lomatium dissectum",-120.661675,46.628838,2022,3,26,"US","Lomatium dissectum"
"3759622868","Lomatium dissectum",-122.716522,42.19088,2022,3,24,"US","Lomatium dissectum"
"3759657255","Lomatium dissectum",-120.810487,46.725838,2022,3,27,"US","Lomatium dissectum"
"3760000547","Lomatium dissectum",-121.266168,45.686843,2022,3,31,"US","Lomatium dissectum"
"3760310556","Lomatium dissectum",-120.559106,46.6188,2022,3,31,"US","Lomatium dissectum"
"3764425423","Lomatium dissectum",-120.450638,46.729133,2022,3,25,"US","Lomatium dissectum"
"3759228210","Lomatium dissectum",-122.700583,45.415803,2022,4,7,"US","Lomatium dissectum"
"3759285510","Lomatium dissectum",-121.508928,45.705028,2022,4,10,"US","Lomatium dissectum"
"3759450773","Lomatium dissectum",-123.532096,42.552386,2022,4,16,"US","Lomatium dissectum"
"3759959972","Lomatium dissectum",-120.457604,47.560474,2022,4,5,"US","Lomatium dissectum"
"3760021895","Lomatium dissectum",-120.865913,46.713253,2022,4,3,"US","Lomatium dissectum"
"3760029490","Lomatium dissectum",-122.98346,44.745766,2022,4,18,"US","Lomatium dissectum"
"3760038695","Lomatium dissectum",-122.891824,42.385863,2022,4,8,"US","Lomatium dissectum"
"3760109481","Lomatium dissectum",-121.479039,45.690489,2022,4,9,"US","Lomatium dissectum"
"3760209579","Lomatium dissectum",-122.979241,42.314431,2022,4,8,"US","Lomatium dissectum"
"3760225590","Lomatium dissectum",-119.390773,47.597648,2022,4,1,"US","Lomatium dissectum"
"3760293207","Lomatium dissectum",-123.319528,44.510137,2022,4,7,"US","Lomatium dissectum"
"3764107017","Lomatium dissectum",-120.140205,46.959308,2022,4,22,"US","Lomatium dissectum"
"3764175028","Lomatium dissectum",-120.150908,46.977225,2022,4,22,"US","Lomatium dissectum"
"3764552875","Lomatium dissectum",-122.636129,45.337589,2022,4,24,"US","Lomatium dissectum"
"3772430937","Lomatium dissectum",-116.3892,48.179772,2022,4,29,"US","Lomatium dissectum"
"3772446916","Lomatium dissectum",-123.329488,44.41885,2022,4,29,"US","Lomatium dissectum"
"3772484343","Lomatium dissectum",-120.701542,46.850127,2022,4,30,"US","Lomatium dissectum"
"3772560237","Lomatium dissectum",-120.661951,46.62904,2022,4,30,"US","Lomatium dissectum"
"3772666885","Lomatium dissectum",-120.486385,46.854809,2022,4,30,"US","Lomatium dissectum"
"3772674570","Lomatium dissectum",-112.42952,42.861035,2022,4,19,"US","Lomatium dissectum"
"3772679553","Lomatium dissectum",-112.429532,42.86102,2022,4,19,"US","Lomatium dissectum"
"3772756964","Lomatium dissectum",-120.662532,46.629023,2022,4,29,"US","Lomatium dissectum"
"3772790557","Lomatium dissectum",-112.42948,42.860677,2022,4,19,"US","Lomatium dissectum"
"3772792035","Lomatium dissectum",-120.485905,46.854986,2022,4,30,"US","Lomatium dissectum"
"3772964696","Lomatium dissectum",-111.805897,40.651561,2022,4,29,"US","Lomatium dissectum"
"3773074058","Lomatium dissectum",-120.493343,46.85423,2022,4,28,"US","Lomatium dissectum"
"3773078707","Lomatium dissectum",-120.654076,46.952415,2022,4,29,"US","Lomatium dissectum"
"3773179894","Lomatium dissectum",-121.061657,45.72282,2022,4,29,"US","Lomatium dissectum"
"3773195687","Lomatium dissectum",-120.140107,46.959309,2022,4,27,"US","Lomatium dissectum"
"3773203882","Lomatium dissectum",-111.796517,40.57182,2022,4,29,"US","Lomatium dissectum"
"3773434729","Lomatium dissectum",-120.131844,46.97543,2022,4,29,"US","Lomatium dissectum"
"3773555829","Lomatium dissectum",-120.486822,46.855163,2022,4,29,"US","Lomatium dissectum"
"3773558154","Lomatium dissectum",-120.140205,46.959625,2022,4,30,"US","Lomatium dissectum"
"3772503793","Lomatium dissectum",-111.882888,40.784428,2022,5,1,"US","Lomatium dissectum"
"3772855094","Lomatium dissectum",-122.702538,45.415827,2022,5,12,"US","Lomatium dissectum"
"3772857117","Lomatium dissectum",-122.784703,42.359941,2022,5,6,"US","Lomatium dissectum"
"3772927801","Lomatium dissectum",-111.801378,40.565713,2022,5,2,"US","Lomatium dissectum"
"3772992718","Lomatium dissectum",-121.300328,45.67809,2022,5,4,"US","Lomatium dissectum"
"3773062098","Lomatium dissectum",-115.699965,40.812524,2022,5,5,"US","Lomatium dissectum"
"3773110655","Lomatium dissectum",-117.28152,48.204331,2022,5,3,"US","Lomatium dissectum"
"3773301829","Lomatium dissectum",-120.396143,47.45236,2022,5,11,"US","Lomatium dissectum"
"3773339273","Lomatium dissectum",-119.908301,39.108462,2022,5,7,"US","Lomatium dissectum"
"3773361710","Lomatium dissectum",-120.59545,47.611708,2022,5,8,"US","Lomatium dissectum"
"3773412377","Lomatium dissectum",-120.452755,47.557449,2022,5,1,"US","Lomatium dissectum"
"3773624766","Lomatium dissectum",-116.365951,48.299561,2022,5,5,"US","Lomatium dissectum"
"3773699794","Lomatium dissectum",-122.561807,43.816615,2022,5,10,"US","Lomatium dissectum"
"3773728370","Lomatium dissectum",-114.171648,47.251394,2022,5,5,"US","Lomatium dissectum"
"3097153507","Lomatium dissectum",-121.843474,45.67867,2021,2,3,"US","Lomatium dissectum"
"3067973738","Lomatium dissectum",-116.092117,43.53297,2021,3,19,"US","Lomatium dissectum"
"3067995221","Lomatium dissectum",-121.017312,45.298763,2021,3,21,"US","Lomatium dissectum"
"3759148525","Lomatium dissectum",-120.618119,46.621761,2021,3,27,"US","Lomatium dissectum"
"3079627999","Lomatium dissectum",-120.684433,47.587933,2021,4,6,"US","Lomatium dissectum"
"3079873059","Lomatium dissectum",-120.752678,47.548375,2021,4,7,"US","Lomatium dissectum"
"3090524147","Lomatium dissectum",-120.753875,46.655492,2021,4,9,"US","Lomatium dissectum"
"3090886789","Lomatium dissectum",-120.046989,47.520561,2021,4,11,"US","Lomatium dissectum"
"3090967587","Lomatium dissectum",-122.700605,45.41327,2021,4,11,"US","Lomatium dissectum"
"3097076283","Lomatium dissectum",-121.518365,45.753187,2021,4,16,"US","Lomatium dissectum"
"3097131646","Lomatium dissectum",-121.299646,45.681693,2021,4,19,"US","Lomatium dissectum"
"3097224612","Lomatium dissectum",-121.299646,45.681693,2021,4,19,"US","Lomatium dissectum"
"3097277270","Lomatium dissectum",-123.479046,42.495739,2021,4,19,"US","Lomatium dissectum"
"3109016062","Lomatium dissectum",-117.2053,43.729333,2021,4,25,"US","Lomatium dissectum"
"3109021544","Lomatium dissectum",-121.313539,45.680993,2021,4,17,"US","Lomatium dissectum"
"3109022727","Lomatium dissectum",-116.138489,43.730392,2021,4,22,"US","Lomatium dissectum"
"3109031055","Lomatium dissectum",-120.635178,46.897553,2021,4,23,"US","Lomatium dissectum"
"3109054916","Lomatium dissectum",-121.361122,45.711975,2021,4,25,"US","Lomatium dissectum"
"3112323511","Lomatium dissectum",-121.1195,45.148619,2021,4,28,"US","Lomatium dissectum"
"3112349510","Lomatium dissectum",-121.305996,45.613266,2021,4,28,"US","Lomatium dissectum"
"3118400439","Lomatium dissectum",-111.545325,34.201367,2021,4,8,"US","Lomatium dissectum"
"3124888306","Lomatium dissectum",-123.362242,44.176219,2021,4,24,"US","Lomatium dissectum"
"3302184678","Lomatium dissectum",-120.915297,46.706142,2021,4,30,"US","Lomatium dissectum"
"3302336549","Lomatium dissectum",-123.461022,40.296208,2021,4,29,"US","Lomatium dissectum"
"3307342905","Lomatium dissectum",-123.012293,44.78729,2021,4,19,"US","Lomatium dissectum"
"3307395695","Lomatium dissectum",-121.291579,45.684416,2021,4,25,"US","Lomatium dissectum"
"3455458890","Lomatium dissectum",-118.48182,35.956438,2021,4,8,"US","Lomatium dissectum"
"3455634189","Lomatium dissectum",-117.120987,43.446199,2021,4,25,"US","Lomatium dissectum"
"3759196736","Lomatium dissectum",-123.20835,44.705868,2021,4,30,"US","Lomatium dissectum"
"3759515598","Lomatium dissectum",-123.012395,44.787222,2021,4,19,"US","Lomatium dissectum"
"3112436991","Lomatium dissectum",-114.572703,47.378734,2021,5,2,"US","Lomatium dissectum"
"3112802780","Lomatium dissectum",-120.454947,47.558078,2021,5,1,"US","Lomatium dissectum"
"3112935579","Lomatium dissectum",-111.778605,40.571941,2021,5,2,"US","Lomatium dissectum"
"3113348932","Lomatium dissectum",-115.996322,43.630517,2021,5,7,"US","Lomatium dissectum"
"3113510425","Lomatium dissectum",-121.396957,45.716999,2021,5,10,"US","Lomatium dissectum"
"3118243568","Lomatium dissectum",-123.43071,44.51567,2021,5,15,"US","Lomatium dissectum"
"3118250146","Lomatium dissectum",-122.197718,45.581023,2021,5,14,"US","Lomatium dissectum"
"3118422635","Lomatium dissectum",-123.43056,44.51567,2021,5,15,"US","Lomatium dissectum"
"3118499579","Lomatium dissectum",-123.43071,44.51567,2021,5,15,"US","Lomatium dissectum"
"3124743747","Lomatium dissectum",-123.319235,44.510243,2021,5,25,"US","Lomatium dissectum"
"3301983438","Lomatium dissectum",-112.487947,42.823203,2021,5,18,"US","Lomatium dissectum"
"3302191142","Lomatium dissectum",-108.858908,42.730137,2021,5,29,"US","Lomatium dissectum"
"3302233922","Lomatium dissectum",-112.448425,42.750615,2021,5,31,"US","Lomatium dissectum"
"3302312127","Lomatium dissectum",-121.375559,45.721679,2021,5,28,"US","Lomatium dissectum"
"3320957463","Lomatium dissectum",-120.198587,39.433072,2021,5,25,"US","Lomatium dissectum"
"3465944137","Lomatium dissectum",-121.698853,45.685764,2021,5,15,"US","Lomatium dissectum"
"3466075608","Lomatium dissectum",-111.803473,40.67692,2021,5,1,"US","Lomatium dissectum"
"3759088558","Lomatium dissectum",-121.811426,42.387282,2021,5,13,"US","Lomatium dissectum"
"3759850550","Lomatium dissectum",-115.338777,43.401134,2021,5,5,"US","Lomatium dissectum"
"3320887842","Lomatium dissectum",-106.972461,38.951657,2021,6,26,"US","Lomatium dissectum"
"3321150499","Lomatium dissectum",-120.23354,39.433867,2021,6,9,"US","Lomatium dissectum"
"3776198418","Lomatium dissectum",-106.99132,38.951817,2021,6,24,"US","Lomatium dissectum"
"3325490045","Lomatium dissectum",-123.208392,44.70634,2021,7,1,"US","Lomatium dissectum"
"3325713009","Lomatium dissectum",-123.208365,44.703252,2021,7,1,"US","Lomatium dissectum"
"3333111622","Lomatium dissectum",-111.617296,40.573185,2021,7,22,"US","Lomatium dissectum"
"3384013637","Lomatium dissectum",-123.431318,44.515233,2021,7,2,"US","Lomatium dissectum"
"3384014594","Lomatium dissectum",-123.431318,44.515233,2021,7,2,"US","Lomatium dissectum"
"3384423612","Lomatium dissectum",-123.431318,44.515233,2021,7,2,"US","Lomatium dissectum"
"3384693610","Lomatium dissectum",-123.431318,44.515233,2021,7,2,"US","Lomatium dissectum"
"3384801732","Lomatium dissectum",-123.431318,44.515233,2021,7,2,"US","Lomatium dissectum"
"2579323674","Lomatium dissectum",-121.266783,45.686881,2020,3,10,"US","Lomatium dissectum"
"2580183681","Lomatium dissectum",-122.608271,42.135354,2020,3,15,"US","Lomatium dissectum"
"2596242615","Lomatium dissectum",-120.797018,46.748734,2020,3,21,"US","Lomatium dissectum"
"2626115550","Lomatium dissectum",-123.065378,42.221731,2020,3,21,"US","Lomatium dissectum"
"3090741638","Lomatium dissectum",-123.373147,45.135629,2020,3,19,"US","Lomatium dissectum"
"3465939349","Lomatium dissectum",-121.063722,38.859741,2020,3,27,"US","Lomatium dissectum"
"2597695987","Lomatium dissectum",-123.307472,44.544903,2020,4,2,"US","Lomatium dissectum"
"2597767973","Lomatium dissectum",-116.201555,43.693178,2020,4,4,"US","Lomatium dissectum"
"2603289239","Lomatium dissectum",-111.670447,34.766883,2020,4,11,"US","Lomatium dissectum"
"2603312573","Lomatium dissectum",-119.491328,47.409088,2020,4,13,"US","Lomatium dissectum"
"2609187734","Lomatium dissectum",-120.255508,48.434047,2020,4,19,"US","Lomatium dissectum"
"2609356652","Lomatium dissectum",-123.085988,42.43561,2020,4,20,"US","Lomatium dissectum"
"2610951144","Lomatium dissectum",-111.816783,40.764091,2020,4,24,"US","Lomatium dissectum"
"2610984067","Lomatium dissectum",-112.451203,42.83503,2020,4,24,"US","Lomatium dissectum"
"2611045590","Lomatium dissectum",-112.459505,42.868827,2020,4,24,"US","Lomatium dissectum"
"2611072681","Lomatium dissectum",-111.787317,40.696937,2020,4,26,"US","Lomatium dissectum"
"2611083220","Lomatium dissectum",-112.452128,42.851222,2020,4,25,"US","Lomatium dissectum"
"2611185431","Lomatium dissectum",-120.736723,47.070296,2020,4,26,"US","Lomatium dissectum"
"2611189017","Lomatium dissectum",-111.769023,40.622014,2020,4,25,"US","Lomatium dissectum"
"2611354755","Lomatium dissectum",-111.780533,41.72902,2020,4,25,"US","Lomatium dissectum"
"2611381440","Lomatium dissectum",-112.008775,41.707233,2020,4,24,"US","Lomatium dissectum"
"2611406015","Lomatium dissectum",-111.946101,41.176601,2020,4,27,"US","Lomatium dissectum"
"2620160807","Lomatium dissectum",-112.450461,42.835861,2020,4,29,"US","Lomatium dissectum"
"2626225364","Lomatium dissectum",-112.396111,42.756667,2020,4,29,"US","Lomatium dissectum"
"3031806634","Lomatium dissectum",-118.486063,35.969517,2020,4,7,"US","Lomatium dissectum"
"3058951462","Lomatium dissectum",-123.478402,45.040335,2020,4,25,"US","Lomatium dissectum"
"3118336337","Lomatium dissectum",-123.071656,42.079417,2020,4,19,"US","Lomatium dissectum"
"2619884761","Lomatium dissectum",-112.384614,42.737193,2020,5,1,"US","Lomatium dissectum"
"2619996087","Lomatium dissectum",-106.963967,38.906506,2020,5,1,"US","Lomatium dissectum"
"2620084385","Lomatium dissectum",-111.870972,40.797142,2020,5,1,"US","Lomatium dissectum"
"2626122924","Lomatium dissectum",-112.395692,42.75368,2020,5,6,"US","Lomatium dissectum"
"2626340866","Lomatium dissectum",-120.251962,48.537813,2020,5,16,"US","Lomatium dissectum"
"2626657438","Lomatium dissectum",-119.128053,38.354708,2020,5,9,"US","Lomatium dissectum"
"2634519396","Lomatium dissectum",-112.475482,42.833744,2020,5,27,"US","Lomatium dissectum"
"2634521486","Lomatium dissectum",-107.351997,38.941657,2020,5,10,"US","Lomatium dissectum"
"2641399464","Lomatium dissectum",-112.440006,42.761072,2020,5,16,"US","Lomatium dissectum"
"2864869628","Lomatium dissectum",-123.206473,44.687316,2020,5,11,"US","Lomatium dissectum"
"2882958391","Lomatium dissectum",-112.102753,34.690872,2020,5,31,"US","Lomatium dissectum"
"2980999465","Lomatium dissectum",-107.332397,44.845797,2020,5,20,"US","Lomatium dissectum"
"3044783516","Lomatium dissectum",-114.081935,47.792495,2020,5,5,"US","Lomatium dissectum"
"3061657391","Lomatium dissectum",-116.104447,43.538563,2020,5,12,"US","Lomatium dissectum"
"3395230301","Lomatium dissectum",-111.76057,41.74307,2020,5,8,"US","Lomatium dissectum"
"2814110171","Lomatium dissectum",-120.923953,47.448908,2020,6,19,"US","Lomatium dissectum"
"2850564704","Lomatium dissectum",-123.035278,44.929722,2020,6,5,"US","Lomatium dissectum"
"2850702893","Lomatium dissectum",-122.511259,43.83622,2020,6,19,"US","Lomatium dissectum"
"2856764470","Lomatium dissectum",-111.834838,41.245947,2020,6,4,"US","Lomatium dissectum"
"2885006301","Lomatium dissectum",-110.835667,42.166973,2020,6,23,"US","Lomatium dissectum"
"3333040349","Lomatium dissectum",-110.977792,45.711238,2020,6,13,"US","Lomatium dissectum"
"3466025415","Lomatium dissectum",-123.179192,44.52665,2020,6,5,"US","Lomatium dissectum"
"2813993330","Lomatium dissectum",-118.186372,43.057297,2020,7,3,"US","Lomatium dissectum"
"3090556798","Lomatium dissectum",-118.089103,44.104825,2020,7,19,"US","Lomatium dissectum"
"2901820537","Lomatium dissectum",-116.675995,43.563412,2020,9,22,"US","Lomatium dissectum"
"2237437902","Lomatium dissectum",-120.693762,47.08012,2019,4,18,"US","Lomatium dissectum"
"2239000216","Lomatium dissectum",-123.102638,43.991793,2019,4,29,"US","Lomatium dissectum"
"2242771650","Lomatium dissectum",-112.394476,42.747849,2019,4,27,"US","Lomatium dissectum"
"2242779368","Lomatium dissectum",-111.87928,40.790855,2019,4,28,"US","Lomatium dissectum"
"2242793462","Lomatium dissectum",-112.394198,42.748751,2019,4,30,"US","Lomatium dissectum"
"2244208256","Lomatium dissectum",-112.429506,42.860484,2019,4,9,"US","Lomatium dissectum"
"2244208852","Lomatium dissectum",-112.429628,42.860622,2019,4,9,"US","Lomatium dissectum"
"2244209061","Lomatium dissectum",-112.42958,42.860662,2019,4,9,"US","Lomatium dissectum"
"2251833607","Lomatium dissectum",-112.448724,42.785215,2019,4,20,"US","Lomatium dissectum"
"2331828261","Lomatium dissectum",-111.97628,34.628047,2019,4,17,"US","Lomatium dissectum"
"2350307109","Lomatium dissectum",-123.074666,44.053557,2019,4,27,"US","Lomatium dissectum"
"2445028403","Lomatium dissectum",-123.034921,44.929862,2019,4,30,"US","Lomatium dissectum"
"2445123416","Lomatium dissectum",-123.035239,44.929913,2019,4,29,"US","Lomatium dissectum"
"2517946580","Lomatium dissectum",-120.464389,46.61908,2019,4,9,"US","Lomatium dissectum"
"2633964392","Lomatium dissectum",-112.977028,43.651475,2019,4,30,"US","Lomatium dissectum"
"3031597436","Lomatium dissectum",-120.7988,46.749971,2019,4,27,"US","Lomatium dissectum"
"2242804231","Lomatium dissectum",-112.452,42.8513,2019,5,1,"US","Lomatium dissectum"
"2242844574","Lomatium dissectum",-120.435388,47.765309,2019,5,4,"US","Lomatium dissectum"
"2242962784","Lomatium dissectum",-112.41848,42.721939,2019,5,11,"US","Lomatium dissectum"
"2242972990","Lomatium dissectum",-112.420355,42.722828,2019,5,11,"US","Lomatium dissectum"
"2242973846","Lomatium dissectum",-112.42035,42.722824,2019,5,11,"US","Lomatium dissectum"
"2244307553","Lomatium dissectum",-120.634858,46.897383,2019,5,18,"US","Lomatium dissectum"
"2251948417","Lomatium dissectum",-121.274682,45.706937,2019,5,25,"US","Lomatium dissectum"
"2251997518","Lomatium dissectum",-121.259735,45.72083,2019,5,25,"US","Lomatium dissectum"
"2252033802","Lomatium dissectum",-122.95445,44.320401,2019,5,11,"US","Lomatium dissectum"
"2252034267","Lomatium dissectum",-120.201762,39.432514,2019,5,31,"US","Lomatium dissectum"
"2294423684","Lomatium dissectum",-111.818172,40.773475,2019,5,18,"US","Lomatium dissectum"
"2445010413","Lomatium dissectum",-123.447108,45.059628,2019,5,1,"US","Lomatium dissectum"
"2447829884","Lomatium dissectum",-106.875183,40.50523,2019,5,27,"US","Lomatium dissectum"
"2461262662","Lomatium dissectum",-111.852307,40.846337,2019,5,19,"US","Lomatium dissectum"
"2465284861","Lomatium dissectum",-115.825221,45.837026,2019,5,20,"US","Lomatium dissectum"
"2596252869","Lomatium dissectum",-120.253058,48.463383,2019,5,12,"US","Lomatium dissectum"
"2641404326","Lomatium dissectum",-111.98602,43.786052,2019,5,1,"US","Lomatium dissectum"
"3124767315","Lomatium dissectum",-122.506885,43.836492,2019,5,12,"US","Lomatium dissectum"
"3759071366","Lomatium dissectum",-120.496219,46.857119,2019,5,5,"US","Lomatium dissectum"
"3759581352","Lomatium dissectum",-120.699391,46.854244,2019,5,8,"US","Lomatium dissectum"
"2252054368","Lomatium dissectum",-116.093367,43.298941,2019,6,4,"US","Lomatium dissectum"
"2269222049","Lomatium dissectum",-119.543329,37.723479,2019,6,1,"US","Lomatium dissectum"
"2269231590","Lomatium dissectum",-116.265565,44.606224,2019,6,3,"US","Lomatium dissectum"
"2269234938","Lomatium dissectum",-120.198822,39.432999,2019,6,13,"US","Lomatium dissectum"
"2269265975","Lomatium dissectum",-114.336367,48.174565,2019,6,16,"US","Lomatium dissectum"
"2273216819","Lomatium dissectum",-106.969224,38.887285,2019,6,17,"US","Lomatium dissectum"
"3070604686","Lomatium dissectum",-113.708405,48.79731,2019,6,19,"US","Lomatium dissectum"
"3776200524","Lomatium dissectum",-106.9754,38.9453,2019,6,28,"US","Lomatium dissectum"
"2350316676","Lomatium dissectum",-118.804505,37.55002,2019,7,14,"US","Lomatium dissectum"
"2566037603","Lomatium dissectum",-122.736389,41.74,2019,7,5,"US","Lomatium dissectum"
"2632746346","Lomatium dissectum",-110.81,42.277,2019,7,11,"US","Lomatium dissectum"
"3039315416","Lomatium dissectum",-106.967361,38.922722,2019,7,9,"US","Lomatium dissectum"
"3776192434","Lomatium dissectum",-106.975062,38.945271,2019,7,23,"US","Lomatium dissectum"
"2542910958","Lomatium dissectum",-123.200381,42.001596,2019,10,25,"US","Lomatium dissectum"
"1836698794","Lomatium dissectum",-123.033761,44.931058,2018,2,6,"US","Lomatium dissectum"
"1837082140","Lomatium dissectum",-123.035033,44.929753,2018,3,27,"US","Lomatium dissectum"
"3079488393","Lomatium dissectum",-122.770993,45.27769,2018,3,29,"US","Lomatium dissectum"
"1838410673","Lomatium dissectum",-123.148217,45.0237,2018,4,19,"US","Lomatium dissectum"
"1841192201","Lomatium dissectum",-112.530844,42.911122,2018,4,11,"US","Lomatium dissectum"
"1841251787","Lomatium dissectum",-111.805327,40.7735,2018,4,29,"US","Lomatium dissectum"
"1847423213","Lomatium dissectum",-122.578456,42.038686,2018,4,28,"US","Lomatium dissectum"
"1880458544","Lomatium dissectum",-120.797778,46.751393,2018,4,23,"US","Lomatium dissectum"
"1949977235","Lomatium dissectum",-111.817513,40.774322,2018,4,21,"US","Lomatium dissectum"
"2574273709","Lomatium dissectum",-120.64808,47.09782,2018,4,25,"US","Lomatium dissectum"
"3097092315","Lomatium dissectum",-121.36162,45.71034,2018,4,21,"US","Lomatium dissectum"
"1847431022","Lomatium dissectum",-113.978708,46.875989,2018,5,2,"US","Lomatium dissectum"
"1847441115","Lomatium dissectum",-112.446399,42.785019,2018,5,4,"US","Lomatium dissectum"
"1847456961","Lomatium dissectum",-112.426168,42.79228,2018,5,5,"US","Lomatium dissectum"
"1847479814","Lomatium dissectum",-112.439099,42.76343,2018,5,9,"US","Lomatium dissectum"
"1847481174","Lomatium dissectum",-111.895615,40.826244,2018,5,9,"US","Lomatium dissectum"
"1847485429","Lomatium dissectum",-120.633016,46.896522,2018,5,9,"US","Lomatium dissectum"
"1847503826","Lomatium dissectum",-121.465789,45.800733,2018,5,5,"US","Lomatium dissectum"
"1847551412","Lomatium dissectum",-115.381617,46.289957,2018,5,3,"US","Lomatium dissectum"
"1847560542","Lomatium dissectum",-112.424567,42.723838,2018,5,19,"US","Lomatium dissectum"
"1850905952","Lomatium dissectum",-120.198889,39.432778,2018,5,28,"US","Lomatium dissectum"
"1901031098","Lomatium dissectum",-116.41319,45.32335,2018,5,13,"US","Lomatium dissectum"
"2611093361","Lomatium dissectum",-107.232268,38.923038,2018,5,24,"US","Lomatium dissectum"
"3333299312","Lomatium dissectum",-111.250901,45.462125,2018,5,24,"US","Lomatium dissectum"
"3698342312","Lomatium dissectum",-114.183962,47.80318,2018,5,18,"US","Lomatium dissectum"
"2294537284","Lomatium dissectum",-116.16533,45.75468,2018,6,14,"US","Lomatium dissectum"
"2626247347","Lomatium dissectum",-112.420692,42.722815,2018,6,4,"US","Lomatium dissectum"
"3776191459","Lomatium dissectum",-107.009822,38.934735,2018,6,20,"US","Lomatium dissectum"
"1880624862","Lomatium dissectum",-120.237872,39.432327,2018,7,2,"US","Lomatium dissectum"
"1883948661","Lomatium dissectum",-120.235342,39.433476,2018,7,23,"US","Lomatium dissectum"
"1500258783","Lomatium dissectum",-116.636917,43.504866,2017,4,16,"US","Lomatium dissectum"
"1562888722","Lomatium dissectum",-116.694382,43.272839,2017,4,16,"US","Lomatium dissectum"
"1562890015","Lomatium dissectum",-115.728633,42.891797,2017,4,20,"US","Lomatium dissectum"
"1562893512","Lomatium dissectum",-120.48779,46.853981,2017,4,21,"US","Lomatium dissectum"
"1703128833","Lomatium dissectum",-112.506845,42.902968,2017,4,12,"US","Lomatium dissectum"
"2243023260","Lomatium dissectum",-120.708847,47.547204,2017,4,11,"US","Lomatium dissectum"
"1562895270","Lomatium dissectum",-120.488498,46.854909,2017,5,4,"US","Lomatium dissectum"
"1562949548","Lomatium dissectum",-112.240259,43.349736,2017,5,11,"US","Lomatium dissectum"
"1563426848","Lomatium dissectum",-112.438917,42.763813,2017,5,27,"US","Lomatium dissectum"
"1802620060","Lomatium dissectum",-113.930283,46.766878,2017,5,13,"US","Lomatium dissectum"
"1944381883","Lomatium dissectum",-116.300697,45.761551,2017,5,21,"US","Lomatium dissectum"
"1571092565","Lomatium dissectum",-120.19721,39.438712,2017,6,3,"US","Lomatium dissectum"
"2445011346","Lomatium dissectum",-122.648666,45.284848,2017,6,26,"US","Lomatium dissectum"
"1265556878","Lomatium dissectum",-112.446647,42.784878,2016,4,3,"US","Lomatium dissectum"
"1265556921","Lomatium dissectum",-112.446975,42.784817,2016,4,3,"US","Lomatium dissectum"
"1265557903","Lomatium dissectum",-112.49575,42.835163,2016,4,3,"US","Lomatium dissectum"
"1265571027","Lomatium dissectum",-112.450608,42.8359,2016,4,12,"US","Lomatium dissectum"
"1272098075","Lomatium dissectum",-112.445911,42.784973,2016,6,8,"US","Lomatium dissectum"
"1272104441","Lomatium dissectum",-120.195837,39.420547,2016,6,5,"US","Lomatium dissectum"
"1291096086","Lomatium dissectum",-121.601005,48.518636,2016,6,29,"US","Lomatium dissectum"
"1291665681","Lomatium dissectum",-113.243349,47.669424,2016,7,13,"US","Lomatium dissectum"
"3776198138","Lomatium dissectum",-106.99196,38.96081,2016,7,1,"US","Lomatium dissectum"
"2562127352","Lomatium dissectum",-120.192361,39.442291,2015,5,5,"US","Lomatium dissectum"
"1099967843","Lomatium dissectum",-120.271615,39.435671,2015,6,30,"US","Lomatium dissectum"
"3415433302","Lomatium dissectum",-120.003338,38.703506,2015,6,2,"US","Lomatium dissectum"
"3091254220","Lomatium dissectum",-112.012778,34.572249999118,2014,4,10,"US","Lomatium dissectum"
"1931136901","Lomatium dissectum",-116.586483,44.058628,2014,5,21,"US","Lomatium dissectum"
"2242421859","Lomatium dissectum",-105.0916,39.5194,2014,5,22,"US","Lomatium dissectum"
"2421766445","Lomatium dissectum",-122.240556,40.731943999067,2014,5,15,"US","Lomatium dissectum"
"2421767591","Lomatium dissectum",-122.240556,40.731943999067,2014,5,15,"US","Lomatium dissectum"
"2421769209","Lomatium dissectum",-122.240556,40.731943999067,2014,5,15,"US","Lomatium dissectum"
"923923148","Lomatium dissectum",-120.31658,39.305158,2014,6,23,"US","Lomatium dissectum"
"3776196203","Lomatium dissectum",-106.982625,38.958469,2014,6,21,"US","Lomatium dissectum"
"1837782352","Lomatium dissectum",-119.968482,47.150035,2013,4,14,"US","Lomatium dissectum"
"1846553481","Lomatium dissectum",-111.576483,34.405817,2013,4,22,"US","Lomatium dissectum"
"3125164642","Lomatium dissectum",-120.94278,39.06111,2013,4,18,"US","Lomatium dissectum"
"3467180622","Lomatium dissectum",-117.123,43.6113,2013,4,12,"US","Lomatium dissectum"
"1930672405","Lomatium dissectum",-116.9044,44.4188999990569,2013,5,23,"US","Lomatium dissectum"
"2460068321","Lomatium dissectum",-116.296579,48.498396,2013,5,26,"US","Lomatium dissectum"
"2545482905","Lomatium dissectum",-111.240227,41.627598,2013,6,18,"US","Lomatium dissectum"
"2545495652","Lomatium dissectum",-116.142654,42.593063,2013,6,1,"US","Lomatium dissectum"
"2545497892","Lomatium dissectum",-116.142654,42.593063,2013,6,13,"US","Lomatium dissectum"
"2545498093","Lomatium dissectum",-116.142654,42.593063,2013,6,13,"US","Lomatium dissectum"
"2573490718","Lomatium dissectum",-107.00133,37.16705,2013,6,12,"US","Lomatium dissectum"
"2545488891","Lomatium dissectum",-113.525017,39.09454,2013,7,10,"US","Lomatium dissectum"
"2545503217","Lomatium dissectum",-112.520462,42.183891,2013,7,30,"US","Lomatium dissectum"
"2545481653","Lomatium dissectum",-113.177628,43.685101,2013,8,14,"US","Lomatium dissectum"
"2545471473","Lomatium dissectum",-109.505783,40.890099,2013,10,13,"US","Lomatium dissectum"
"2545479470","Lomatium dissectum",-109.505783,40.890099,2013,10,13,"US","Lomatium dissectum"
"1846552060","Lomatium dissectum",-111.611394,34.404951,2012,3,31,"US","Lomatium dissectum"
"1929303943","Lomatium dissectum",-115.80211,43.54631,2012,6,10,"US","Lomatium dissectum"
"2545466555","Lomatium dissectum",-120.629929,40.721088,2012,7,31,"US","Lomatium dissectum"
"2545471031","Lomatium dissectum",-120.629929,40.721088,2012,7,25,"US","Lomatium dissectum"
"2545471591","Lomatium dissectum",-120.629929,40.721088,2012,7,25,"US","Lomatium dissectum"
"2545483428","Lomatium dissectum",-120.629929,40.721088,2012,8,1,"US","Lomatium dissectum"
"2545487264","Lomatium dissectum",-120.629929,40.721088,2012,8,1,"US","Lomatium dissectum"
"1322038203","Lomatium dissectum",-117.174,44.0641,2011,6,14,"US","Lomatium dissectum"
"1928222296","Lomatium dissectum",-116.71419,44.89853,2011,6,24,"US","Lomatium dissectum"
"1928646265","Lomatium dissectum",-115.79153,42.90178,2011,6,9,"US","Lomatium dissectum"
"2512328963","Lomatium dissectum",-104.069095,44.351906999057,2011,7,14,"US","Lomatium dissectum"
"2545467144","Lomatium dissectum",-119.467789,47.213634,2011,7,26,"US","Lomatium dissectum"
"2545471634","Lomatium dissectum",-119.695877,47.735867,2011,7,26,"US","Lomatium dissectum"
"2545482338","Lomatium dissectum",-119.467789,47.213634,2011,7,26,"US","Lomatium dissectum"
"2545493931","Lomatium dissectum",-117.603966,43.187759,2011,8,24,"US","Lomatium dissectum"
"2545494255","Lomatium dissectum",-117.603966,43.187759,2011,8,24,"US","Lomatium dissectum"
"2545496471","Lomatium dissectum",-116.142654,42.593063,2011,8,18,"US","Lomatium dissectum"
"441776680","Lomatium dissectum",-121.599018,48.518711,2011,9,4,"US","Lomatium dissectum"
"2545485708","Lomatium dissectum",-120.389793,42.788403,2011,9,10,"US","Lomatium dissectum"
"441776662","Lomatium dissectum",-121.23287,45.74569,2010,4,8,"US","Lomatium dissectum"
"2418014489","Lomatium dissectum",-122.2025,40.7411109990669,2010,5,16,"US","Lomatium dissectum"
"2430048319","Lomatium dissectum",-122.206667,40.74,2010,5,16,"US","Lomatium dissectum"
"3302399305","Lomatium dissectum",-109.598534,38.786172,2010,6,7,"US","Lomatium dissectum"
"2430244087","Lomatium dissectum",-116.963333,34.161944,2010,7,2,"US","Lomatium dissectum"
"3059698825","Lomatium dissectum",-122.49,42.0868,2010,8,24,"US","Lomatium dissectum"
"3467226280","Lomatium dissectum",-122.49,42.0868,2010,8,24,"US","Lomatium dissectum"
"415730374","Lomatium dissectum",-117.4096,45.95853,2009,6,17,"US","Lomatium dissectum"
"415730375","Lomatium dissectum",-117.4096,45.95853,2009,6,17,"US","Lomatium dissectum"
"1657186918","Lomatium dissectum",-117.40972,45.95861,2009,6,17,"US","Lomatium dissectum"
"1657186998","Lomatium dissectum",-117.40972,45.95861,2009,6,17,"US","Lomatium dissectum"
"1986992022","Lomatium dissectum",-111.696667,42.225467,2009,6,4,"US","Lomatium dissectum"
"1986993603","Lomatium dissectum",-117.4096,45.95853,2009,6,17,"US","Lomatium dissectum"
"1988178008","Lomatium dissectum",-117.4096,45.95853,2009,6,17,"US","Lomatium dissectum"
"441776632","Lomatium dissectum",-119.9865,47.20124,2008,4,30,"US","Lomatium dissectum"
"2270697601","Lomatium dissectum",-111.741278,34.920306,2008,4,21,"US","Lomatium dissectum"
"1930502667","Lomatium dissectum",-115.67425,42.688283,2008,5,23,"US","Lomatium dissectum"
"441776601","Lomatium dissectum",-120.06065,47.131017,2007,4,24,"US","Lomatium dissectum"
"441776607","Lomatium dissectum",-120.749617,47.08675,2007,4,20,"US","Lomatium dissectum"
"441776608","Lomatium dissectum",-120.749617,47.08675,2007,4,20,"US","Lomatium dissectum"
"2422435609","Lomatium dissectum",-118.87444,34.8675,2007,5,9,"US","Lomatium dissectum"
"2562127307","Lomatium dissectum",-120.194117,39.440019,2007,7,6,"US","Lomatium dissectum"
"1927776399","Lomatium dissectum",-118.15283,40.81508,2006,5,14,"US","Lomatium dissectum"
"441776610","Lomatium dissectum",-122.441667,46.823333,2006,6,17,"US","Lomatium dissectum"
"441776592","Lomatium dissectum",-120.367517,47.58405,2005,5,20,"US","Lomatium dissectum"
"441776594","Lomatium dissectum",-120.458467,47.63085,2005,5,21,"US","Lomatium dissectum"
"1843899401","Lomatium dissectum",-111.0815,41.2723,2005,6,10,"US","Lomatium dissectum"
"1929297074","Lomatium dissectum",-110.898,41.85233,2005,6,20,"US","Lomatium dissectum"
"1931073173","Lomatium dissectum",-108.7527,42.6215,2005,6,7,"US","Lomatium dissectum"
"1986982386","Lomatium dissectum",-113.73521,41.65016,2005,6,4,"US","Lomatium dissectum"
"1260233817","Lomatium dissectum",-106.266667,39.558333,2005,7,16,"US","Lomatium dissectum"
"1930364655","Lomatium dissectum",-117.40267003272,43.6202188738122,2004,5,24,"US","Lomatium dissectum"
"1986950488","Lomatium dissectum",-111.769444,41.8425,2004,6,1,"US","Lomatium dissectum"
"441776024","Lomatium dissectum",-115.116667,42.9,2003,5,20,"US","Lomatium dissectum"
"1986949882","Lomatium dissectum",-115.116667,42.9,2003,5,20,"US","Lomatium dissectum"
"1986950271","Lomatium dissectum",-115.116667,42.9,2003,5,20,"US","Lomatium dissectum"
"2270198263","Lomatium dissectum",-118.54092,35.974671,2003,5,17,"US","Lomatium dissectum"
"2270696502","Lomatium dissectum",-111.932,34.4498,2003,5,10,"US","Lomatium dissectum"
"1930246099","Lomatium dissectum",-113,43,2002,5,26,"US","Lomatium dissectum"
"2573422024","Lomatium dissectum",-115.763579,47.908353,2002,7,21,"US","Lomatium dissectum"
"2430554771","Lomatium dissectum",-123.503783,40.375267,2001,6,11,"US","Lomatium dissectum"
"2421774879","Lomatium dissectum",-122.471667,39.051389,2000,5,12,"US","Lomatium dissectum"
"2422427067","Lomatium dissectum",-117.29139,34.27056,2000,5,20,"US","Lomatium dissectum"
"3059703622","Lomatium dissectum",-123.7667,42.0167,2000,5,13,"US","Lomatium dissectum"
"1930673512","Lomatium dissectum",-116.254528,46.593512,2000,6,14,"US","Lomatium dissectum"
"3059703627","Lomatium dissectum",-123.741452,42.041367,2000,7,5,"US","Lomatium dissectum"
"3059703619","Lomatium dissectum",-123.735,42.055,1999,5,31,"US","Lomatium dissectum"
"1929772892","Lomatium dissectum",-113.86,38.17,1999,6,17,"US","Lomatium dissectum"
"51871551","Lomatium dissectum",-123.2659,44.7145,1999,7,5,"US","Lomatium dissectum"
"51871553","Lomatium dissectum",-123.2659,44.7145,1999,7,5,"US","Lomatium dissectum"
"1899736153","Lomatium dissectum",-120.199722,39.206111,1999,7,18,"US","Lomatium dissectum"
"1929341395","Lomatium dissectum",-112.82,37.68,1999,7,29,"US","Lomatium dissectum"
"2859160385","Lomatium dissectum",-111.673056,40.7386109990669,1999,7,7,"US","Lomatium dissectum"
"441776011","Lomatium dissectum",-116.066667,44.1,1998,4,25,"US","Lomatium dissectum"
"2422430727","Lomatium dissectum",-116.86333,33.96361,1998,4,30,"US","Lomatium dissectum"
"1928699893","Lomatium dissectum",-111.7833,41.7667,1998,5,5,"US","Lomatium dissectum"
"1986939573","Lomatium dissectum",-111.783333,41.766667,1998,5,5,"US","Lomatium dissectum"
"1846526789","Lomatium dissectum",-111.70785,34.88585,1998,6,6,"US","Lomatium dissectum"
"1846526791","Lomatium dissectum",-111.70785,34.88585,1998,6,6,"US","Lomatium dissectum"
"2859145395","Lomatium dissectum",-111.836667,40.9030559990662,1998,6,13,"US","Lomatium dissectum"
"2859408347","Lomatium dissectum",-111.659444,40.722777999067,1998,6,13,"US","Lomatium dissectum"
"3125108402","Lomatium dissectum",-111.70452,34.88585,1998,6,6,"US","Lomatium dissectum"
"2422440373","Lomatium dissectum",-117.66333,34.38222,1998,7,2,"US","Lomatium dissectum"
"51871526","Lomatium dissectum",-123.2433,44.6108,1997,4,6,"US","Lomatium dissectum"
"63857142","Lomatium dissectum",-123.2939,44.6081,1997,4,6,"US","Lomatium dissectum"
"1930157024","Lomatium dissectum",-109.313963,37.289291,1997,4,15,"US","Lomatium dissectum"
"1929094038","Lomatium dissectum",-108.98,41.05,1997,6,18,"US","Lomatium dissectum"
"1986975035","Lomatium dissectum",-111.767222,41.7325,1997,6,23,"US","Lomatium dissectum"
"2859162375","Lomatium dissectum",-111.836667,40.9030559990662,1997,7,25,"US","Lomatium dissectum"
"51871521","Lomatium dissectum",-123.4108,42.093,1996,6,27,"US","Lomatium dissectum"
"2422305245","Lomatium dissectum",-116.97056,34.04028,1996,6,28,"US","Lomatium dissectum"
"3776201627","Lomatium dissectum",-107.041389,39.042222,1995,7,15,"US","Lomatium dissectum"
"2417983292","Lomatium dissectum",-122.339444,40.7836109990667,1994,4,27,"US","Lomatium dissectum"
"441776019","Lomatium dissectum",-116.9,44.783333,1994,5,22,"US","Lomatium dissectum"
"1986967835","Lomatium dissectum",-111.619722,41.776944,1994,5,2,"US","Lomatium dissectum"
"1986967859","Lomatium dissectum",-111.773611,41.741667,1994,5,2,"US","Lomatium dissectum"
"1986970427","Lomatium dissectum",-116.9,44.783333,1994,5,22,"US","Lomatium dissectum"
"1986971571","Lomatium dissectum",-111.98,40.43,1994,5,9,"US","Lomatium dissectum"
"1986971785","Lomatium dissectum",-111.959,40.4279,1994,5,22,"US","Lomatium dissectum"
"1930667328","Lomatium dissectum",-109.49,40.66,1994,6,7,"US","Lomatium dissectum"
"2422302710","Lomatium dissectum",-117.28528,34.27056,1994,6,19,"US","Lomatium dissectum"
"2422291578","Lomatium dissectum",-117.58139,34.31833,1993,5,15,"US","Lomatium dissectum"
"2430337005","Lomatium dissectum",-122.12016,40.816175,1993,5,1,"US","Lomatium dissectum"
"1928658944","Lomatium dissectum",-116.07,42.3973,1993,6,4,"US","Lomatium dissectum"
"1929551874","Lomatium dissectum",-109.49,40.66,1993,6,4,"US","Lomatium dissectum"
"1986967948","Lomatium dissectum",-111.6231,42.3112,1993,6,4,"US","Lomatium dissectum"
"1986965136","Lomatium dissectum",-116.403788,45.908341,1992,4,1,"US","Lomatium dissectum"
"1986964781","Lomatium dissectum",-116.401667,45.91,1992,5,1,"US","Lomatium dissectum"
"2422290409","Lomatium dissectum",-117.20833,34.29167,1992,6,17,"US","Lomatium dissectum"
"2422291902","Lomatium dissectum",-116.99167,34.04167,1992,6,12,"US","Lomatium dissectum"
"1930825950","Lomatium dissectum",-114.640546,45.320283,1991,4,22,"US","Lomatium dissectum"
"2422290159","Lomatium dissectum",-118.58694,35.24083,1990,4,19,"US","Lomatium dissectum"
"2421701371","Lomatium dissectum",-122.1989,38.3656,1989,4,22,"US","Lomatium dissectum"
"2421702730","Lomatium dissectum",-122.1989,38.3656,1989,4,22,"US","Lomatium dissectum"
"2270698097","Lomatium dissectum",-121.435243,45.7037,1986,4,28,"US","Lomatium dissectum"
"2270698253","Lomatium dissectum",-121.435243,45.7037,1986,4,28,"US","Lomatium dissectum"
"2417968554","Lomatium dissectum",-122.944722,39.806110999072,1986,5,23,"US","Lomatium dissectum"
"2417971353","Lomatium dissectum",-122.944722,39.806110999072,1986,6,18,"US","Lomatium dissectum"
"2422295292","Lomatium dissectum",-118.01083,35.84472,1986,6,9,"US","Lomatium dissectum"
"51871420","Lomatium dissectum",-123.3964,42.6883,1985,4,27,"US","Lomatium dissectum"
"51871422","Lomatium dissectum",-123.3964,42.6883,1985,4,27,"US","Lomatium dissectum"
"2270698514","Lomatium dissectum",-111.564,34.1458,1985,4,16,"US","Lomatium dissectum"
"1986964346","Lomatium dissectum",-111.993712,41.587488,1985,5,7,"US","Lomatium dissectum"
"1928310201","Lomatium dissectum",-118.15,40.53,1985,6,14,"US","Lomatium dissectum"
"51871437","Lomatium dissectum",-123.2249,44.8905,1984,5,2,"US","Lomatium dissectum"
"51871438","Lomatium dissectum",-123.2249,44.8905,1984,5,2,"US","Lomatium dissectum"
"1928967904","Lomatium dissectum",-119.713235,46.411032,1984,5,18,"US","Lomatium dissectum"
"1986961296","Lomatium dissectum",-123.223056,44.8925,1984,5,2,"US","Lomatium dissectum"
"1986961518","Lomatium dissectum",-123.223056,44.8925,1984,5,2,"US","Lomatium dissectum"
"1928820722","Lomatium dissectum",-110.82,41.88,1984,6,21,"US","Lomatium dissectum"
"1986934266","Lomatium dissectum",-111.562778,41.8775,1984,6,22,"US","Lomatium dissectum"
"1928121532","Lomatium dissectum",-107.003715,38.979298,1984,7,4,"US","Lomatium dissectum"
"441775989","Lomatium dissectum",-119.51222,47.50194,1983,4,15,"US","Lomatium dissectum"
"441775990","Lomatium dissectum",-119.51222,47.50194,1983,4,15,"US","Lomatium dissectum"
"1929496324","Lomatium dissectum",-111.73,42.04,1983,6,9,"US","Lomatium dissectum"
"2270696061","Lomatium dissectum",-111.7,34.89,1982,5,1,"US","Lomatium dissectum"
"3122395504","Lomatium dissectum",-111.706116,34.885238,1982,5,1,"US","Lomatium dissectum"
"1929501246","Lomatium dissectum",-113.61,41.89,1982,6,22,"US","Lomatium dissectum"
"1929709646","Lomatium dissectum",-108.4911,39.7896,1982,7,16,"US","Lomatium dissectum"
"1986932441","Lomatium dissectum",-111.5925,41.836389,1982,7,8,"US","Lomatium dissectum"
"2418049176","Lomatium dissectum",-121.703041,39.733486,1981,3,15,"US","Lomatium dissectum"
"3320742863","Lomatium dissectum",-119.643833,39.351444,1981,5,8,"US","Lomatium dissectum"
"51871368","Lomatium dissectum",-123.2411,44.6,1980,5,4,"US","Lomatium dissectum"
"51871369","Lomatium dissectum",-123.2411,44.6,1980,5,4,"US","Lomatium dissectum"
"3320760187","Lomatium dissectum",-122.792667,42.330917,1980,5,6,"US","Lomatium dissectum"
"51871365","Lomatium dissectum",-123.2411,44.6,1980,6,8,"US","Lomatium dissectum"
"3320760428","Lomatium dissectum",-123.136222,41.941833,1980,6,24,"US","Lomatium dissectum"
"2982026911","Lomatium dissectum",-123.452778,41.278611,1980,7,23,"US","Lomatium dissectum"
"2982027766","Lomatium dissectum",-123.254167,40.119722,1980,7,1,"US","Lomatium dissectum"
"2982028838","Lomatium dissectum",-123.130278,40.138056,1980,7,2,"US","Lomatium dissectum"
"2982061701","Lomatium dissectum",-123.125833,40.136944,1980,7,3,"US","Lomatium dissectum"
"2982065905","Lomatium dissectum",-123.543056,40.328056,1980,7,12,"US","Lomatium dissectum"
"2982069803","Lomatium dissectum",-123.244722,40.125,1980,7,1,"US","Lomatium dissectum"
"3320763847","Lomatium dissectum",-123.452889,41.278861,1980,7,23,"US","Lomatium dissectum"
"3320768386","Lomatium dissectum",-123.244833,40.125056,1980,7,1,"US","Lomatium dissectum"
"3320774741","Lomatium dissectum",-123.130389,40.138083,1980,7,2,"US","Lomatium dissectum"
"3320785119","Lomatium dissectum",-123.125972,40.136944,1980,7,3,"US","Lomatium dissectum"
"3320802265","Lomatium dissectum",-123.254194,40.119972,1980,7,1,"US","Lomatium dissectum"
"3320806377","Lomatium dissectum",-123.543056,40.328083,1980,7,12,"US","Lomatium dissectum"
"2982020278","Lomatium dissectum",-123.458929,40.851764,1979,4,29,"US","Lomatium dissectum"
"2430508201","Lomatium dissectum",-117.344722,34.283611,1979,5,10,"US","Lomatium dissectum"
"3320759970","Lomatium dissectum",-123.045056,41.787333,1979,5,28,"US","Lomatium dissectum"
"3320760773","Lomatium dissectum",-123.025472,41.769806,1979,5,28,"US","Lomatium dissectum"
"3320784391","Lomatium dissectum",-123.945,41.781667,1979,5,22,"US","Lomatium dissectum"
"3320784610","Lomatium dissectum",-123.945,41.781667,1979,5,22,"US","Lomatium dissectum"
"3320784616","Lomatium dissectum",-123.945,41.781667,1979,5,22,"US","Lomatium dissectum"
"1986927616","Lomatium dissectum",-115.9775,41.303056,1979,6,19,"US","Lomatium dissectum"
"3320780624","Lomatium dissectum",-123.494083,40.369389,1979,6,4,"US","Lomatium dissectum"
"441775836","Lomatium dissectum",-123.44064,47.99448,1979,7,20,"US","Lomatium dissectum"
"2982060084","Lomatium dissectum",-123.412833,41.189583,1979,7,26,"US","Lomatium dissectum"
"3320743392","Lomatium dissectum",-123.40875,41.18025,1979,7,26,"US","Lomatium dissectum"
"3320780690","Lomatium dissectum",-123.412833,41.189583,1979,7,26,"US","Lomatium dissectum"
"1986924056","Lomatium dissectum",-112.236944,38.943333,1978,4,25,"US","Lomatium dissectum"
"1986926006","Lomatium dissectum",-112.5625,40.557222,1978,5,13,"US","Lomatium dissectum"
"1986925264","Lomatium dissectum",-119.547778,41.848611,1978,6,6,"US","Lomatium dissectum"
"2270698122","Lomatium dissectum",-111.735316,41.976407,1978,7,15,"US","Lomatium dissectum"
"441775999","Lomatium dissectum",-120.711105,46.83166,1977,4,16,"US","Lomatium dissectum"
"441776002","Lomatium dissectum",-120.476744,46.205596,1977,4,12,"US","Lomatium dissectum"
"2270696999","Lomatium dissectum",-111.68221,34.88669,1977,4,30,"US","Lomatium dissectum"
"1930677841","Lomatium dissectum",-112.71,38.49,1977,5,4,"US","Lomatium dissectum"
"441776006","Lomatium dissectum",-119.36417,47.59472,1976,4,30,"US","Lomatium dissectum"
"441776010","Lomatium dissectum",-119.36417,47.59472,1976,4,12,"US","Lomatium dissectum"
"441776007","Lomatium dissectum",-117.52333,47.2025,1976,5,15,"US","Lomatium dissectum"
"441776008","Lomatium dissectum",-119.00222,47.94167,1976,5,7,"US","Lomatium dissectum"
"441776009","Lomatium dissectum",-119.00222,47.94167,1976,5,7,"US","Lomatium dissectum"
"1928915812","Lomatium dissectum",-113.93,37.5,1975,5,17,"US","Lomatium dissectum"
"1986937747","Lomatium dissectum",-113.743611,37.482222,1975,5,16,"US","Lomatium dissectum"
"2982048283","Lomatium dissectum",-123.61705,40.515569,1975,5,24,"US","Lomatium dissectum"
"2982050284","Lomatium dissectum",-123.00657,40.745907,1975,5,17,"US","Lomatium dissectum"
"2270257999","Lomatium dissectum",-118.995095,37.626864,1975,6,25,"US","Lomatium dissectum"
"2982010312","Lomatium dissectum",-123.520244,40.406182,1975,6,21,"US","Lomatium dissectum"
"2270255181","Lomatium dissectum",-118.995095,37.626864,1975,7,28,"US","Lomatium dissectum"
"3053349020","Lomatium dissectum",-120.7635,47.5508,1974,5,4,"US","Lomatium dissectum"
"2422275468","Lomatium dissectum",-118.93889,37.75,1974,6,9,"US","Lomatium dissectum"
"1930176511","Lomatium dissectum",-115.0457,44.1813,1974,7,30,"US","Lomatium dissectum"
"2982046034","Lomatium dissectum",-123.4799,40.8499,1973,4,7,"US","Lomatium dissectum"
"1986882410","Lomatium dissectum",-113.029722,37.3725,1973,5,31,"US","Lomatium dissectum"
"2982007235","Lomatium dissectum",-122.937429,39.791487,1973,5,27,"US","Lomatium dissectum"
"2982043218","Lomatium dissectum",-123.61705,40.515569,1973,5,28,"US","Lomatium dissectum"
"1986922067","Lomatium dissectum",-116.768611,45.099167,1973,7,28,"US","Lomatium dissectum"
"3331192368","Lomatium dissectum",-109.790217,42.936492,1973,7,10,"US","Lomatium dissectum"
"2270697386","Lomatium dissectum",-111.788,34.825,1971,5,15,"US","Lomatium dissectum"
"3091229630","Lomatium dissectum",-111.726886,34.912377,1971,5,18,"US","Lomatium dissectum"
"2422289245","Lomatium dissectum",-116.93333,40.34167,1970,6,17,"US","Lomatium dissectum"
"2562127085","Lomatium dissectum",-120.243578,39.428361,1970,7,25,"US","Lomatium dissectum"
"2573422910","Lomatium dissectum",-111.793414,41.692555,1967,5,24,"US","Lomatium dissectum"
"2422277854","Lomatium dissectum",-116.78333,34.15,1967,6,24,"US","Lomatium dissectum"
"1928332561","Lomatium dissectum",-110.030643,43.78032,1966,7,16,"US","Lomatium dissectum"
"2270697904","Lomatium dissectum",-112.5,33.442,1965,5,22,"US","Lomatium dissectum"
"51871248","Lomatium dissectum",-123.2608,44.5647,1964,5,11,"US","Lomatium dissectum"
"441775991","Lomatium dissectum",-116.99917,46.7325,1964,5,24,"US","Lomatium dissectum"
"441775992","Lomatium dissectum",-117.90732,47.22626,1964,5,24,"US","Lomatium dissectum"
"1930583829","Lomatium dissectum",-108.489324,37.181758,1963,6,7,"US","Lomatium dissectum"
"3059703623","Lomatium dissectum",-120.36392,41.23219,1963,6,11,"US","Lomatium dissectum"
"3059703625","Lomatium dissectum",-120.36392,41.23219,1963,6,11,"US","Lomatium dissectum"
"1986916143","Lomatium dissectum",-111.779167,41.768056,1961,5,12,"US","Lomatium dissectum"
"3091195292","Lomatium dissectum",-111.825167,44.272667,1961,5,28,"US","Lomatium dissectum"
"441775996","Lomatium dissectum",-121.421855,45.714992,1959,4,3,"US","Lomatium dissectum"
"51871909","Lomatium dissectum",-121.7806,42.225,1958,6,6,"US","Lomatium dissectum"
"51871911","Lomatium dissectum",-121.7806,42.225,1958,6,6,"US","Lomatium dissectum"
"51871902","Lomatium dissectum",-123.0856,44.0522,1957,4,25,"US","Lomatium dissectum"
"51871851","Lomatium dissectum",-123.2083,44.7,1956,4,5,"US","Lomatium dissectum"
"2422276027","Lomatium dissectum",-116.99917,34.01472,1956,5,26,"US","Lomatium dissectum"
"1986896655","Lomatium dissectum",-110.948333,43.754167,1955,6,23,"US","Lomatium dissectum"
"51871854","Lomatium dissectum",-123.368,44.532,1954,3,19,"US","Lomatium dissectum"
"441776004","Lomatium dissectum",-121.138904,45.818048,1954,6,22,"US","Lomatium dissectum"
"1986961723","Lomatium dissectum",-110.735,43.654444,1954,6,19,"US","Lomatium dissectum"
"3053457615","Lomatium dissectum",-120.4512,47.6507,1954,6,8,"US","Lomatium dissectum"
"2573421511","Lomatium dissectum",-111.640796,40.326098,1953,5,21,"US","Lomatium dissectum"
"2573422171","Lomatium dissectum",-111.640796,40.326098,1953,5,21,"US","Lomatium dissectum"
"441776021","Lomatium dissectum",-114.727831,44.049093,1953,8,8,"US","Lomatium dissectum"
"441775995","Lomatium dissectum",-116.954364,46.701781,1952,5,7,"US","Lomatium dissectum"
"2242398807","Lomatium dissectum",-110.855769,44.818822,1952,7,28,"US","Lomatium dissectum"
"441775982","Lomatium dissectum",-116.09778,44.91111,1951,7,4,"US","Lomatium dissectum"
"441776005","Lomatium dissectum",-120.66028,47.59639,1950,5,21,"US","Lomatium dissectum"
"3428566100","Lomatium dissectum",-108.919972,40.440421,1948,NA,NA,"US","Lomatium dissectum"
"51871745","Lomatium dissectum",-123.9771,42.67,1947,4,26,"US","Lomatium dissectum"
"51871743","Lomatium dissectum",-123.9786,42.6894,1947,5,31,"US","Lomatium dissectum"
"1986890328","Lomatium dissectum",-116.12139,45.897712,1944,5,29,"US","Lomatium dissectum"
"51870850","Lomatium dissectum",-122.3741,44.2041,1944,7,11,"US","Lomatium dissectum"
"51870859","Lomatium dissectum",-123.2883,42.8689,1942,6,16,"US","Lomatium dissectum"
"2845979756","Lomatium dissectum",-119.8,39.3,1940,7,29,"US","Lomatium dissectum"
"1927789461","Lomatium dissectum",-116.289587,46.495688,1937,5,30,"US","Lomatium dissectum"
"1930695338","Lomatium dissectum",-116.243477,46.239348,1937,5,31,"US","Lomatium dissectum"
"441776000","Lomatium dissectum",-120.78503,47.47024,1935,6,20,"US","Lomatium dissectum"
"2982043845","Lomatium dissectum",-123.572105,40.436644,1935,6,16,"US","Lomatium dissectum"
"441772282","Lomatium dissectum",-120.461074,46.592549,1933,4,21,"US","Lomatium dissectum"
"441775972","Lomatium dissectum",-120.93806,47.19556,1933,4,29,"US","Lomatium dissectum"
"441776023","Lomatium dissectum",-119.52639,48.41111,1932,4,19,"US","Lomatium dissectum"
"441775984","Lomatium dissectum",-120.57778,47.33556,1931,5,16,"US","Lomatium dissectum"
"1986932143","Lomatium dissectum",-112.434722,43.037222,1931,5,14,"US","Lomatium dissectum"
"51872004","Lomatium dissectum",-122.365,42.1178,1927,6,20,"US","Lomatium dissectum"
"51871949","Lomatium dissectum",-122.2875,42.1335,1927,7,4,"US","Lomatium dissectum"
"51871967","Lomatium dissectum",-122.7463,42.1533,1924,5,20,"US","Lomatium dissectum"
"51871971","Lomatium dissectum",-122.5696,42.715,1924,5,28,"US","Lomatium dissectum"
"51872242","Lomatium dissectum",-123.6183,42.0225,1918,6,26,"US","Lomatium dissectum"
"51872234","Lomatium dissectum",-124.0518,42.6282,1917,6,25,"US","Lomatium dissectum"
"51871270","Lomatium dissectum",-123.3639,44.5717,1916,5,4,"US","Lomatium dissectum"
"51871271","Lomatium dissectum",-123.2608,44.5647,1916,5,16,"US","Lomatium dissectum"
"51871785","Lomatium dissectum",-123.2608,44.5647,1916,5,9,"US","Lomatium dissectum"
"51871788","Lomatium dissectum",-123.2608,44.5647,1916,5,1,"US","Lomatium dissectum"
"51872221","Lomatium dissectum",-123.0339,44.9431,1916,5,NA,"US","Lomatium dissectum"
"51872231","Lomatium dissectum",-123.3406,43.2167,1916,6,21,"US","Lomatium dissectum"
"51871821","Lomatium dissectum",-123.2698,43.2591,1914,8,29,"US","Lomatium dissectum"
"51872068","Lomatium dissectum",-122.1742,45.5592,1911,6,25,"US","Lomatium dissectum"
"51872070","Lomatium dissectum",-122.1156,45.5772,1911,6,25,"US","Lomatium dissectum"
"51872030","Lomatium dissectum",-123.3272,42.4392,1910,4,10,"US","Lomatium dissectum"
"441775973","Lomatium dissectum",-123.61225,47.80682,1900,8,NA,"US","Lomatium dissectum"
"1930177905","Lomatium dissectum",-116.836661,46.206098,1896,6,3,"US","Lomatium dissectum"
"441775974","Lomatium dissectum",-117.425,47.65889,1893,5,NA,"US","Lomatium dissectum"
"441776022","Lomatium dissectum",-117.68111,47.18444,1893,5,NA,"US","Lomatium dissectum"
"1929750996","Lomatium dissectum",-116.836661,46.206098,1892,5,21,"US","Lomatium dissectum"
"51871786","Lomatium dissectum",-123.1583,42.4401,1888,7,NA,"US","Lomatium dissectum"
"2982006243","Lomatium dissectum",-123.539909,40.34573,NA,NA,NA,"US","Lomatium dissectum"
"2982048333","Lomatium dissectum",-123.938629,41.192431,NA,NA,NA,"US","Lomatium dissectum"
