"gbifID","species","longitude","latitude","year","month","day","countryCode","accepted_name"
"3759651828","Lomatium junceum",-110.672724,39.063755,2022,4,3,"US","Lomatium junceum"
"3415544451","Lomatium junceum",-110.6745,39.05825,2020,4,25,"US","Lomatium junceum"
"1990460617","Lomatium junceum",-110.607689,38.939283,2013,5,5,"US","Lomatium junceum"
"2270490059","Lomatium junceum",-110.607689,38.939283,2013,5,5,"US","Lomatium junceum"
"1843896451","Lomatium junceum",-111.1947,38.122,2004,5,4,"US","Lomatium junceum"
"1986954495","Lomatium junceum",-110.806111,38.772778,2004,5,6,"US","Lomatium junceum"
"2573422435","Lomatium junceum",-110.787679,39.15538,1993,4,25,"US","Lomatium junceum"
"1930740928","Lomatium junceum",-111.3,38.67,1991,6,7,"US","Lomatium junceum"
"1928922690","Lomatium junceum",-111.1217,38.0095,1982,5,3,"US","Lomatium junceum"
"1929810722","Lomatium junceum",-111.1,37.82,1982,5,5,"US","Lomatium junceum"
"1931196096","Lomatium junceum",-110.78,38.67,1982,5,6,"US","Lomatium junceum"
"1928116023","Lomatium junceum",-111.1,37.82,1981,6,20,"US","Lomatium junceum"
"1930541301","Lomatium junceum",-110.81,38.86,1980,5,14,"US","Lomatium junceum"
"1930955879","Lomatium junceum",-111.46,38.55,1980,6,18,"US","Lomatium junceum"
"1930131905","Lomatium junceum",-111.29,38.92,1979,6,12,"US","Lomatium junceum"
"2270695709","Lomatium junceum",-111.283945,38.922274,1979,6,12,"US","Lomatium junceum"
"1927995713","Lomatium junceum",-110.6728,39.06843,1978,5,27,"US","Lomatium junceum"
"1930501090","Lomatium junceum",-110.6728,39.06843,1978,5,27,"US","Lomatium junceum"
"1986980699","Lomatium junceum",-110.672778,39.068333,1978,5,27,"US","Lomatium junceum"
"2430479684","Lomatium junceum",-110.672925,39.062752,1978,5,27,"US","Lomatium junceum"
"1930326222","Lomatium junceum",-111.3,38.67,1977,5,18,"US","Lomatium junceum"
"1928347138","Lomatium junceum",-111.22,39.1,1977,6,9,"US","Lomatium junceum"
"2430139977","Lomatium junceum",-110.666179,39.066629,1968,4,30,"US","Lomatium junceum"
