"gbifID","species","longitude","latitude","year","month","day","countryCode"
3018054463,"Lomatium eastwoodiae",-108.525118,38.900727,2020,8,3,"US"
3018027343,"Lomatium eastwoodiae",-108.593235,39.006642,2019,5,13,"US"
3018087340,"Lomatium eastwoodiae",-108.464805,38.868087,2019,5,18,"US"
2573500826,"Lomatium eastwoodiae",-108.1539,39.2971999990751,2010,5,3,"US"
2242362818,"Lomatium eastwoodiae",-108.637417,39.046959,1994,3,26,"US"
2242386957,"Lomatium eastwoodiae",-108.634236,39.047065,1993,4,27,"US"
2573337953,"Lomatium eastwoodiae",-108.175467,39.239654,1991,5,30,"US"
2573337265,"Lomatium eastwoodiae",-108.561246,38.871064,1988,5,15,"US"
2573338241,"Lomatium eastwoodiae",-108.592778,39.005794,1988,5,16,"US"
2573338359,"Lomatium eastwoodiae",-108.43346,38.841708,1988,5,14,"US"
2573338466,"Lomatium eastwoodiae",-108.436993,38.806179,1988,5,15,"US"
2573338578,"Lomatium eastwoodiae",-108.595219,38.969184,1988,5,16,"US"
2573338827,"Lomatium eastwoodiae",-108.259645,38.599983,1988,5,13,"US"
2573338884,"Lomatium eastwoodiae",-108.474537,38.910538,1988,5,15,"US"
2573339514,"Lomatium eastwoodiae",-108.409447,38.878631,1988,5,21,"US"
2573339785,"Lomatium eastwoodiae",-108.274132,38.586411,1988,5,13,"US"
2573340060,"Lomatium eastwoodiae",-108.409447,38.878631,1988,5,14,"US"
2573341029,"Lomatium eastwoodiae",-108.380391,38.766433,1988,5,22,"US"
2242377520,"Lomatium eastwoodiae",-108.990051,39.068294,1982,4,3,"US"
1846526707,"Lomatium eastwoodiae",-108.686111,39.0425,1982,5,10,"US"
2573339049,"Lomatium eastwoodiae",-108.947784,39.214357,1982,5,7,"US"
2573339457,"Lomatium eastwoodiae",-108.644123,39.02061,1982,5,10,"US"
2573337327,"Lomatium eastwoodiae",-108.25637,39.006884,1981,5,24,"US"
2573338378,"Lomatium eastwoodiae",-108.21112,39.3332,1965,5,15,"US"
2430245474,"Lomatium eastwoodiae",-108.762412,39.064345,1964,7,23,"US"
2430398072,"Lomatium eastwoodiae",-108.762412,39.064345,1964,7,24,"US"
2430128160,"Lomatium eastwoodiae",-108.563341,39.088614,1895,5,22,"US"
1424783446,"Lomatium eastwoodiae",-105,39,1892,5,NA,"US"
185859351,"Lomatium eastwoodiae",-108.7439,38.9374,NA,NA,NA,"US"
185859352,"Lomatium eastwoodiae",-108.257,38.9374,NA,NA,NA,"US"
185859353,"Lomatium eastwoodiae",-108.5385,39.317,NA,NA,NA,"US"
185859354,"Lomatium eastwoodiae",-108.57863,39.05545,NA,NA,NA,"US"
185859355,"Lomatium eastwoodiae",-108.7627,39.0688,NA,NA,NA,"US"
2573340208,"Lomatium eastwoodiae",-108.553,39.07577,NA,NA,NA,"US"
