"gbifID","species","longitude","latitude","year","month","day","countryCode","accepted_name"
2251587481,"Malus pumila",-73.161,45.542,2012,6,1,"CA","Malus domestica"
3347389479,"Malus pumila",-73.160004,45.540001,2012,6,1,"CA","Malus domestica"
2250749456,"Malus pumila",-79.543,44.028,2007,8,9,"CA","Malus domestica"
3349963468,"Malus pumila",-79.540001,44.029999,2007,8,9,"CA","Malus domestica"
2250749107,"Malus pumila",-79.534,44.032,2006,5,16,"CA","Malus domestica"
3346836475,"Malus pumila",-79.529999,44.029999,2006,5,16,"CA","Malus domestica"
1302743705,"Malus pumila",-121.516667,49.366667,1995,4,29,"CA","Malus domestica"
2250956593,"Malus pumila",-80.49,42.661,1985,5,12,"CA","Malus domestica"
3351417498,"Malus pumila",-80.489998,42.66,1985,5,12,"CA","Malus domestica"
1302743747,"Malus pumila",-120.033333,52.783333,1980,9,15,"CA","Malus domestica"
1302743736,"Malus pumila",-65.116667,44.433333,1972,6,6,"CA","Malus domestica"
1302743748,"Malus pumila",-123.35,48.433333,1968,7,5,"CA","Malus domestica"
1302743753,"Malus pumila",-123.3833,48.4833,1966,7,8,"CA","Malus domestica"
1988241969,"Malus pumila",-123,49,1959,5,4,"CA","Malus domestica"
1988104476,"Malus pumila",-123,49,1958,5,3,"CA","Malus domestica"
3710737429,"Malus pumila",-85.98716,42.55569,2018,5,15,"US","Malus domestica"
3331190502,"Malus pumila",-76.650045,39.943418,2018,10,13,"US","Malus domestica"
1989553094,"Malus pumila",-85.585802,43.916431,2017,5,18,"US","Malus domestica"
1989285899,"Malus pumila",-86.108,42.542806,2017,7,17,"US","Malus domestica"
1305309411,"Malus pumila",-89.95,44.88,2015,5,3,"US","Malus domestica"
3331184410,"Malus pumila",-76.29578,39.92205,2014,9,20,"US","Malus domestica"
3408439225,"Malus pumila",-74.153,41.754,2013,5,6,"US","Malus domestica"
2251339977,"Malus pumila",-78.146,38.892,2013,8,5,"US","Malus domestica"
3347574702,"Malus pumila",-78.150002,38.889999,2013,8,5,"US","Malus domestica"
3408363986,"Malus pumila",-74.153,41.754,2012,1,11,"US","Malus domestica"
1030477667,"Malus pumila",-84.473383,42.71315,2012,4,12,"US","Malus domestica"
1988627462,"Malus pumila",-86.010583,43.015,2012,4,11,"US","Malus domestica"
3408373019,"Malus pumila",-74.153,41.754,2012,4,26,"US","Malus domestica"
3408409026,"Malus pumila",-74.153,41.754,2012,4,14,"US","Malus domestica"
3408362969,"Malus pumila",-74.153,41.754,2011,9,25,"US","Malus domestica"
1030477691,"Malus pumila",-84.475833,42.718028,2010,4,20,"US","Malus domestica"
1030480279,"Malus pumila",-84.38675,42.767833,2010,4,26,"US","Malus domestica"
1989229943,"Malus pumila",-84.173333,41.876111,2010,4,28,"US","Malus domestica"
3408331668,"Malus pumila",-74.153,41.754,2010,4,29,"US","Malus domestica"
3408406630,"Malus pumila",-74.153,41.754,2010,4,16,"US","Malus domestica"
3408406636,"Malus pumila",-74.153,41.754,2010,4,22,"US","Malus domestica"
3408441664,"Malus pumila",-74.153,41.754,2010,4,19,"US","Malus domestica"
3408332794,"Malus pumila",-74.153,41.754,2010,9,17,"US","Malus domestica"
3408372339,"Malus pumila",-74.153,41.754,2009,4,30,"US","Malus domestica"
3408373336,"Malus pumila",-74.153,41.754,2009,4,30,"US","Malus domestica"
441786140,"Malus pumila",-122.88579,48.76398,2009,5,29,"US","Malus domestica"
1302743746,"Malus pumila",-122.88579,48.76398,2009,5,29,"US","Malus domestica"
3408369494,"Malus pumila",-74.153,41.754,2009,9,10,"US","Malus domestica"
240493192,"Malus pumila",-95.2408,38.9656,2008,4,24,"US","Malus domestica"
1302743744,"Malus pumila",-122.84196,48.74791,2008,4,24,"US","Malus domestica"
1302743707,"Malus pumila",-119.90529,47.49512,2008,5,23,"US","Malus domestica"
1302743718,"Malus pumila",-122.88093,48.76455,2008,5,28,"US","Malus domestica"
3408326106,"Malus pumila",-74.153,41.754,2008,5,8,"US","Malus domestica"
3408330096,"Malus pumila",-74.153,41.754,2008,5,8,"US","Malus domestica"
3408404070,"Malus pumila",-74.153,41.754,2008,5,2,"US","Malus domestica"
3408437109,"Malus pumila",-74.153,41.754,2008,5,8,"US","Malus domestica"
1302743723,"Malus pumila",-122.56889,48.53666,2008,6,16,"US","Malus domestica"
3408428254,"Malus pumila",-74.153,41.754,2008,10,2,"US","Malus domestica"
176980062,"Malus pumila",-95.33402,38.93748,2007,4,1,"US","Malus domestica"
1302743670,"Malus pumila",-120.034,47.086567,2007,4,25,"US","Malus domestica"
1302743684,"Malus pumila",-120.052817,47.1304,2007,4,24,"US","Malus domestica"
1302743721,"Malus pumila",-120.052817,47.1304,2007,4,24,"US","Malus domestica"
1302743780,"Malus pumila",-122.55555,48.535283,2007,5,1,"US","Malus domestica"
3408437770,"Malus pumila",-74.153,41.754,2007,5,9,"US","Malus domestica"
233099788,"Malus pumila",-108.15756,33.0276199991374,2007,9,21,"US","Malus domestica"
3408325969,"Malus pumila",-74.153,41.754,2007,9,29,"US","Malus domestica"
3408359919,"Malus pumila",-74.153,41.754,2007,9,22,"US","Malus domestica"
176979902,"Malus pumila",-95.2632,38.9477,2006,4,24,"US","Malus domestica"
176980086,"Malus pumila",-95.2632,38.9477,2006,4,7,"US","Malus domestica"
1302743743,"Malus pumila",-123.18525,48.6249,2006,4,26,"US","Malus domestica"
3408326372,"Malus pumila",-74.153,41.754,2006,4,30,"US","Malus domestica"
3408436380,"Malus pumila",-74.153,41.754,2006,4,28,"US","Malus domestica"
1302743735,"Malus pumila",-122.937417,48.1268,2006,5,3,"US","Malus domestica"
3408392339,"Malus pumila",-74.153,41.754,2006,5,4,"US","Malus domestica"
3408400378,"Malus pumila",-74.153,41.754,2006,5,11,"US","Malus domestica"
176980007,"Malus pumila",-95.2632,38.9477,2006,8,2,"US","Malus domestica"
176980070,"Malus pumila",-95.2632,38.9477,2006,8,2,"US","Malus domestica"
1302743709,"Malus pumila",-123.18525,48.6249,2006,9,7,"US","Malus domestica"
3408357564,"Malus pumila",-74.153,41.754,2006,9,30,"US","Malus domestica"
1302743742,"Malus pumila",-118.11,46.183333,2006,10,20,"US","Malus domestica"
3050957530,"Malus pumila",-73.95904,40.720832999067,2006,NA,NA,"US","Malus domestica"
3050958560,"Malus pumila",-73.95904,40.720832999067,2006,NA,NA,"US","Malus domestica"
3050965835,"Malus pumila",-73.909135,40.6313879990675,2006,NA,NA,"US","Malus domestica"
3050988952,"Malus pumila",-73.88789,40.7642929990668,2006,NA,NA,"US","Malus domestica"
3051082491,"Malus pumila",-73.77677,40.6666099990673,2006,NA,NA,"US","Malus domestica"
3051106722,"Malus pumila",-74.09134,40.6064199990676,2006,NA,NA,"US","Malus domestica"
3051215369,"Malus pumila",-73.936866,40.5808749990677,2006,NA,NA,"US","Malus domestica"
3051234985,"Malus pumila",-73.98765,40.6888189990672,2006,NA,NA,"US","Malus domestica"
3051290964,"Malus pumila",-73.801368,40.6778199990672,2006,NA,NA,"US","Malus domestica"
3051335547,"Malus pumila",-73.89121,40.7720999990668,2006,NA,NA,"US","Malus domestica"
3051369146,"Malus pumila",-74.08676,40.6069699990676,2006,NA,NA,"US","Malus domestica"
3051387772,"Malus pumila",-74.09097,40.6073799990676,2006,NA,NA,"US","Malus domestica"
3408325065,"Malus pumila",-74.153,41.754,2005,5,7,"US","Malus domestica"
3408396072,"Malus pumila",-74.153,41.754,2005,5,12,"US","Malus domestica"
3408396086,"Malus pumila",-74.153,41.754,2005,5,19,"US","Malus domestica"
2251346973,"Malus pumila",-116.581,32.976,2005,7,28,"US","Malus domestica"
3050839793,"Malus pumila",-73.972849,40.7917669990667,2005,NA,NA,"US","Malus domestica"
3050840962,"Malus pumila",-73.974774,40.7925599990667,2005,NA,NA,"US","Malus domestica"
3050841786,"Malus pumila",-73.972849,40.7917669990667,2005,NA,NA,"US","Malus domestica"
3050842005,"Malus pumila",-73.976443,40.7916219990667,2005,NA,NA,"US","Malus domestica"
3050843009,"Malus pumila",-73.975063,40.7910589990667,2005,NA,NA,"US","Malus domestica"
3050843804,"Malus pumila",-73.972849,40.7917669990667,2005,NA,NA,"US","Malus domestica"
3050843806,"Malus pumila",-73.971163,40.7910359990667,2005,NA,NA,"US","Malus domestica"
3050844027,"Malus pumila",-73.975063,40.7910589990667,2005,NA,NA,"US","Malus domestica"
3050846015,"Malus pumila",-73.975056,40.7910369990667,2005,NA,NA,"US","Malus domestica"
3050847789,"Malus pumila",-73.972849,40.7917669990667,2005,NA,NA,"US","Malus domestica"
3050857175,"Malus pumila",-74.004219,40.7452549990669,2005,NA,NA,"US","Malus domestica"
3050886677,"Malus pumila",-73.819739,40.8397769990665,2005,NA,NA,"US","Malus domestica"
3050897226,"Malus pumila",-73.865559,40.9017679990662,2005,NA,NA,"US","Malus domestica"
3050898230,"Malus pumila",-73.865559,40.9017679990662,2005,NA,NA,"US","Malus domestica"
3050900813,"Malus pumila",-73.913913,40.8849559990663,2005,NA,NA,"US","Malus domestica"
3050903349,"Malus pumila",-73.785395,40.8397259990665,2005,NA,NA,"US","Malus domestica"
3050923272,"Malus pumila",-73.976393,40.6151829990676,2005,NA,NA,"US","Malus domestica"
3050923689,"Malus pumila",-73.948644,40.6256949990675,2005,NA,NA,"US","Malus domestica"
3050946684,"Malus pumila",-73.968217,40.6146789990676,2005,NA,NA,"US","Malus domestica"
3050955663,"Malus pumila",-73.987569,40.6203669990675,2005,NA,NA,"US","Malus domestica"
3050960640,"Malus pumila",-73.987569,40.6203669990675,2005,NA,NA,"US","Malus domestica"
3050962035,"Malus pumila",-73.985519,40.6219309990675,2005,NA,NA,"US","Malus domestica"
3050963023,"Malus pumila",-74.011205,40.6152209990676,2005,NA,NA,"US","Malus domestica"
3050976336,"Malus pumila",-73.974583,40.6492149990674,2005,NA,NA,"US","Malus domestica"
3050989156,"Malus pumila",-73.852068,40.7159469990671,2005,NA,NA,"US","Malus domestica"
3050992785,"Malus pumila",-73.92526,40.738085999067,2005,NA,NA,"US","Malus domestica"
3051021505,"Malus pumila",-73.879696,40.7159899990671,2005,NA,NA,"US","Malus domestica"
3051033073,"Malus pumila",-73.877223,40.7168629990671,2005,NA,NA,"US","Malus domestica"
3051036952,"Malus pumila",-73.749323,40.728603999067,2005,NA,NA,"US","Malus domestica"
3051040982,"Malus pumila",-73.880042,40.721907999067,2005,NA,NA,"US","Malus domestica"
3051058519,"Malus pumila",-73.80894,40.7586699990669,2005,NA,NA,"US","Malus domestica"
3051061561,"Malus pumila",-73.80893,40.7586899990669,2005,NA,NA,"US","Malus domestica"
3051064536,"Malus pumila",-73.80893,40.7586899990669,2005,NA,NA,"US","Malus domestica"
3051085307,"Malus pumila",-73.77686,40.6637699990673,2005,NA,NA,"US","Malus domestica"
3051096107,"Malus pumila",-74.21701,40.525989999068,2005,NA,NA,"US","Malus domestica"
3051108902,"Malus pumila",-74.07997,40.6016299990676,2005,NA,NA,"US","Malus domestica"
3051118013,"Malus pumila",-74.08167,40.6013099990676,2005,NA,NA,"US","Malus domestica"
3051118353,"Malus pumila",-74.08607,40.6352199990675,2005,NA,NA,"US","Malus domestica"
3051122798,"Malus pumila",-74.11851,40.6152299990675,2005,NA,NA,"US","Malus domestica"
3051130709,"Malus pumila",-74.11851,40.6152299990675,2005,NA,NA,"US","Malus domestica"
3051132787,"Malus pumila",-73.972849,40.7917669990667,2005,NA,NA,"US","Malus domestica"
3051132788,"Malus pumila",-73.971163,40.7910359990667,2005,NA,NA,"US","Malus domestica"
3051133016,"Malus pumila",-73.975128,40.7910859990667,2005,NA,NA,"US","Malus domestica"
3051133727,"Malus pumila",-74.11851,40.6152299990675,2005,NA,NA,"US","Malus domestica"
3051135013,"Malus pumila",-73.975157,40.7910999990667,2005,NA,NA,"US","Malus domestica"
3051137013,"Malus pumila",-73.975056,40.7910369990667,2005,NA,NA,"US","Malus domestica"
3051137046,"Malus pumila",-73.973543,40.7922309990667,2005,NA,NA,"US","Malus domestica"
3051139020,"Malus pumila",-73.975056,40.7910369990667,2005,NA,NA,"US","Malus domestica"
3051139054,"Malus pumila",-73.973514,40.7922739990667,2005,NA,NA,"US","Malus domestica"
3051139771,"Malus pumila",-73.973308,40.7911409990667,2005,NA,NA,"US","Malus domestica"
3051140036,"Malus pumila",-73.973449,40.7923619990667,2005,NA,NA,"US","Malus domestica"
3051141020,"Malus pumila",-73.976865,40.7926179990667,2005,NA,NA,"US","Malus domestica"
3051141021,"Malus pumila",-73.97585,40.7922119990667,2005,NA,NA,"US","Malus domestica"
3051141024,"Malus pumila",-73.975056,40.7910369990667,2005,NA,NA,"US","Malus domestica"
3051143978,"Malus pumila",-73.975225,40.7924719990667,2005,NA,NA,"US","Malus domestica"
3051144049,"Malus pumila",-73.975764,40.7917289990667,2005,NA,NA,"US","Malus domestica"
3051145775,"Malus pumila",-73.973308,40.7911409990667,2005,NA,NA,"US","Malus domestica"
3051145953,"Malus pumila",-73.974774,40.7925599990667,2005,NA,NA,"US","Malus domestica"
3051145998,"Malus pumila",-73.976865,40.7926179990667,2005,NA,NA,"US","Malus domestica"
3051148012,"Malus pumila",-73.975063,40.7910589990667,2005,NA,NA,"US","Malus domestica"
3051148014,"Malus pumila",-73.975056,40.7910369990667,2005,NA,NA,"US","Malus domestica"
3051162449,"Malus pumila",-73.897956,40.9046609990662,2005,NA,NA,"US","Malus domestica"
3051175419,"Malus pumila",-73.897956,40.9046609990662,2005,NA,NA,"US","Malus domestica"
3051187334,"Malus pumila",-73.785395,40.8397259990665,2005,NA,NA,"US","Malus domestica"
3051193265,"Malus pumila",-73.954073,40.6461019990674,2005,NA,NA,"US","Malus domestica"
3051194646,"Malus pumila",-73.841344,40.6532419990674,2005,NA,NA,"US","Malus domestica"
3051210782,"Malus pumila",-73.918236,40.6286109990675,2005,NA,NA,"US","Malus domestica"
3051216525,"Malus pumila",-73.976988,40.6454359990674,2005,NA,NA,"US","Malus domestica"
3051225736,"Malus pumila",-73.968217,40.6146789990676,2005,NA,NA,"US","Malus domestica"
3051235016,"Malus pumila",-73.982288,40.6771339990673,2005,NA,NA,"US","Malus domestica"
3051235818,"Malus pumila",-73.988754,40.6192579990675,2005,NA,NA,"US","Malus domestica"
3051239653,"Malus pumila",-74.022864,40.6453369990674,2005,NA,NA,"US","Malus domestica"
3051241272,"Malus pumila",-73.93682,40.6637419990673,2005,NA,NA,"US","Malus domestica"
3051245527,"Malus pumila",-73.971285,40.6417379990674,2005,NA,NA,"US","Malus domestica"
3051266239,"Malus pumila",-73.738725,40.7537529990669,2005,NA,NA,"US","Malus domestica"
3051268858,"Malus pumila",-73.92526,40.738085999067,2005,NA,NA,"US","Malus domestica"
3051271223,"Malus pumila",-73.740269,40.7529659990669,2005,NA,NA,"US","Malus domestica"
3051274017,"Malus pumila",-73.849901,40.7151759990671,2005,NA,NA,"US","Malus domestica"
3051284065,"Malus pumila",-73.850183,40.7184419990671,2005,NA,NA,"US","Malus domestica"
3051291540,"Malus pumila",-73.816919,40.7590059990669,2005,NA,NA,"US","Malus domestica"
3051293681,"Malus pumila",-73.838252,40.7114109990671,2005,NA,NA,"US","Malus domestica"
3051299123,"Malus pumila",-73.877223,40.7168629990671,2005,NA,NA,"US","Malus domestica"
3051308134,"Malus pumila",-73.877223,40.7168629990671,2005,NA,NA,"US","Malus domestica"
3051308288,"Malus pumila",-73.721528,40.7603129990668,2005,NA,NA,"US","Malus domestica"
3051311285,"Malus pumila",-73.721972,40.7620459990668,2005,NA,NA,"US","Malus domestica"
3051314502,"Malus pumila",-73.879723,40.722849999067,2005,NA,NA,"US","Malus domestica"
3051323170,"Malus pumila",-73.746648,40.731822999067,2005,NA,NA,"US","Malus domestica"
3051335984,"Malus pumila",-73.81325,40.7719799990668,2005,NA,NA,"US","Malus domestica"
3051341617,"Malus pumila",-73.80891,40.7586899990669,2005,NA,NA,"US","Malus domestica"
3051344548,"Malus pumila",-73.80893,40.7586899990669,2005,NA,NA,"US","Malus domestica"
3051347279,"Malus pumila",-73.74208,40.7713299990668,2005,NA,NA,"US","Malus domestica"
3051367768,"Malus pumila",-73.75204,40.7123199990671,2005,NA,NA,"US","Malus domestica"
3051373217,"Malus pumila",-74.10434,40.6156299990676,2005,NA,NA,"US","Malus domestica"
3051376955,"Malus pumila",-74.07997,40.6016299990676,2005,NA,NA,"US","Malus domestica"
3051385172,"Malus pumila",-74.10434,40.6156299990676,2005,NA,NA,"US","Malus domestica"
3051388113,"Malus pumila",-74.21701,40.525989999068,2005,NA,NA,"US","Malus domestica"
3051391965,"Malus pumila",-74.0775,40.6020899990676,2005,NA,NA,"US","Malus domestica"
3051392913,"Malus pumila",-74.12543,40.6206899990675,2005,NA,NA,"US","Malus domestica"
3051394061,"Malus pumila",-74.1113,40.6259099990675,2005,NA,NA,"US","Malus domestica"
3051404422,"Malus pumila",-74.09118,40.6384899990674,2005,NA,NA,"US","Malus domestica"
3051405417,"Malus pumila",-74.09392,40.6382899990674,2005,NA,NA,"US","Malus domestica"
3051405424,"Malus pumila",-74.09118,40.6384899990674,2005,NA,NA,"US","Malus domestica"
3051405903,"Malus pumila",-74.12543,40.6206899990675,2005,NA,NA,"US","Malus domestica"
3408322816,"Malus pumila",-74.153,41.754,2004,5,13,"US","Malus domestica"
3408355792,"Malus pumila",-74.153,41.754,2004,5,2,"US","Malus domestica"
1302743761,"Malus pumila",-123.163333,44.036667,2004,8,27,"US","Malus domestica"
1302743667,"Malus pumila",-122.25,47.683333,2003,5,7,"US","Malus domestica"
1302743699,"Malus pumila",-122.5,45.7,2003,5,5,"US","Malus domestica"
1302743706,"Malus pumila",-122.188167,48.144944,2003,5,3,"US","Malus domestica"
1302743711,"Malus pumila",-122.647806,46.912583,2003,5,18,"US","Malus domestica"
1302743716,"Malus pumila",-122.225278,48.209722,2003,5,5,"US","Malus domestica"
1302743717,"Malus pumila",-120.707472,47.587389,2003,5,13,"US","Malus domestica"
1302743719,"Malus pumila",-122.7745,47.656833,2003,5,3,"US","Malus domestica"
1302743779,"Malus pumila",-122.291639,46.799417,2003,5,18,"US","Malus domestica"
3408322573,"Malus pumila",-74.153,41.754,2003,5,8,"US","Malus domestica"
3408360576,"Malus pumila",-74.153,41.754,2003,5,13,"US","Malus domestica"
1988930479,"Malus pumila",-83.23174,43.109,2003,8,27,"US","Malus domestica"
3408421731,"Malus pumila",-74.153,41.754,2003,10,14,"US","Malus domestica"
3408321348,"Malus pumila",-74.153,41.754,2002,4,22,"US","Malus domestica"
3408322334,"Malus pumila",-74.153,41.754,2002,4,22,"US","Malus domestica"
3408353316,"Malus pumila",-74.153,41.754,2002,4,18,"US","Malus domestica"
3408355317,"Malus pumila",-74.153,41.754,2002,4,18,"US","Malus domestica"
3408394341,"Malus pumila",-74.153,41.754,2002,4,25,"US","Malus domestica"
3408395351,"Malus pumila",-74.153,41.754,2002,4,23,"US","Malus domestica"
3408395355,"Malus pumila",-74.153,41.754,2002,4,25,"US","Malus domestica"
3408320373,"Malus pumila",-74.153,41.754,2002,5,3,"US","Malus domestica"
3408321374,"Malus pumila",-74.153,41.754,2002,5,9,"US","Malus domestica"
3408358334,"Malus pumila",-74.153,41.754,2002,5,6,"US","Malus domestica"
1989206005,"Malus pumila",-85.894414,44.213048,2002,6,12,"US","Malus domestica"
3408353076,"Malus pumila",-74.153,41.754,2001,5,4,"US","Malus domestica"
3408357083,"Malus pumila",-74.153,41.754,2001,5,4,"US","Malus domestica"
3408429112,"Malus pumila",-74.153,41.754,2001,5,2,"US","Malus domestica"
1989498424,"Malus pumila",-84.869,45.8584,2001,9,2,"US","Malus domestica"
3408382873,"Malus pumila",-74.153,41.754,2000,5,5,"US","Malus domestica"
3408354710,"Malus pumila",-74.153,41.754,1999,5,6,"US","Malus domestica"
3408428744,"Malus pumila",-74.153,41.754,1999,5,20,"US","Malus domestica"
3408315537,"Malus pumila",-74.153,41.754,1998,4,24,"US","Malus domestica"
3408318523,"Malus pumila",-74.153,41.754,1998,4,30,"US","Malus domestica"
3408319527,"Malus pumila",-74.153,41.754,1998,4,24,"US","Malus domestica"
1988794958,"Malus pumila",-84.43248,42.152899,1998,5,5,"US","Malus domestica"
3408354360,"Malus pumila",-74.153,41.754,1997,5,16,"US","Malus domestica"
3408390378,"Malus pumila",-74.153,41.754,1997,5,15,"US","Malus domestica"
3408424402,"Malus pumila",-74.153,41.754,1997,5,30,"US","Malus domestica"
1304386937,"Malus pumila",-111.426667,38.32,1996,4,27,"US","Malus domestica"
176979908,"Malus pumila",-105.208155,39.9031,1996,5,21,"US","Malus domestica"
3408311231,"Malus pumila",-74.153,41.754,1996,5,31,"US","Malus domestica"
3408346190,"Malus pumila",-74.153,41.754,1996,5,12,"US","Malus domestica"
1302743749,"Malus pumila",-123.031944,48.592222,1996,7,22,"US","Malus domestica"
1302743755,"Malus pumila",-123.033056,48.591111,1996,7,5,"US","Malus domestica"
3408311066,"Malus pumila",-74.153,41.754,1995,5,9,"US","Malus domestica"
3117581441,"Malus pumila",-74.241409,40.501381,1995,NA,NA,"US","Malus domestica"
3117583020,"Malus pumila",-74.193214,40.545204,1995,NA,NA,"US","Malus domestica"
3117585021,"Malus pumila",-74.193214,40.545204,1995,NA,NA,"US","Malus domestica"
3117586019,"Malus pumila",-74.193214,40.545204,1995,NA,NA,"US","Malus domestica"
3117587023,"Malus pumila",-74.193214,40.545204,1995,NA,NA,"US","Malus domestica"
3117589013,"Malus pumila",-74.193214,40.545204,1995,NA,NA,"US","Malus domestica"
3117590261,"Malus pumila",-74.180527,40.565147,1995,NA,NA,"US","Malus domestica"
3117593722,"Malus pumila",-74.16259,40.624683,1995,NA,NA,"US","Malus domestica"
3117595174,"Malus pumila",-74.147003,40.626617,1995,NA,NA,"US","Malus domestica"
3117595745,"Malus pumila",-74.161835,40.605236,1995,NA,NA,"US","Malus domestica"
3117596575,"Malus pumila",-74.167175,40.609348,1995,NA,NA,"US","Malus domestica"
3117598147,"Malus pumila",-74.147003,40.626617,1995,NA,NA,"US","Malus domestica"
3117598787,"Malus pumila",-74.160789,40.592121,1995,NA,NA,"US","Malus domestica"
3117599083,"Malus pumila",-74.150604,40.586994,1995,NA,NA,"US","Malus domestica"
3117599091,"Malus pumila",-74.150154,40.584446,1995,NA,NA,"US","Malus domestica"
3117599779,"Malus pumila",-74.160889,40.605202,1995,NA,NA,"US","Malus domestica"
3117599879,"Malus pumila",-74.15789,40.590549,1995,NA,NA,"US","Malus domestica"
3117600138,"Malus pumila",-74.148247,40.555061,1995,NA,NA,"US","Malus domestica"
3117601151,"Malus pumila",-74.147247,40.630203,1995,NA,NA,"US","Malus domestica"
3117601546,"Malus pumila",-74.132385,40.60313,1995,NA,NA,"US","Malus domestica"
3117601795,"Malus pumila",-74.120338,40.628185,1995,NA,NA,"US","Malus domestica"
3117602189,"Malus pumila",-74.103569,40.564186,1995,NA,NA,"US","Malus domestica"
3117602215,"Malus pumila",-74.102524,40.609116,1995,NA,NA,"US","Malus domestica"
3117602242,"Malus pumila",-74.101639,40.628326,1995,NA,NA,"US","Malus domestica"
3117603090,"Malus pumila",-74.107872,40.621441,1995,NA,NA,"US","Malus domestica"
3117603210,"Malus pumila",-74.102524,40.609116,1995,NA,NA,"US","Malus domestica"
3117603211,"Malus pumila",-74.102524,40.609116,1995,NA,NA,"US","Malus domestica"
3117603608,"Malus pumila",-74.127487,40.579781,1995,NA,NA,"US","Malus domestica"
3117604409,"Malus pumila",-74.137299,40.609875,1995,NA,NA,"US","Malus domestica"
3117606165,"Malus pumila",-74.102524,40.609116,1995,NA,NA,"US","Malus domestica"
3117607181,"Malus pumila",-74.102524,40.609116,1995,NA,NA,"US","Malus domestica"
3117607513,"Malus pumila",-74.131897,40.557205,1995,NA,NA,"US","Malus domestica"
3117607745,"Malus pumila",-74.120499,40.62812,1995,NA,NA,"US","Malus domestica"
3117607873,"Malus pumila",-74.114723,40.635754,1995,NA,NA,"US","Malus domestica"
3117608124,"Malus pumila",-74.103569,40.564186,1995,NA,NA,"US","Malus domestica"
3117608654,"Malus pumila",-74.126556,40.577099,1995,NA,NA,"US","Malus domestica"
3117609394,"Malus pumila",-74.137268,40.609768,1995,NA,NA,"US","Malus domestica"
3117609922,"Malus pumila",-74.113731,40.64238,1995,NA,NA,"US","Malus domestica"
3117611541,"Malus pumila",-74.0877,40.583462,1995,NA,NA,"US","Malus domestica"
3117612811,"Malus pumila",-74.064377,40.604969,1995,NA,NA,"US","Malus domestica"
3117612885,"Malus pumila",-74.034523,40.614086,1995,NA,NA,"US","Malus domestica"
3117613987,"Malus pumila",-74.020973,40.626347,1995,NA,NA,"US","Malus domestica"
3117614689,"Malus pumila",-74.074791,40.609093,1995,NA,NA,"US","Malus domestica"
3117615012,"Malus pumila",-74.022552,40.623901,1995,NA,NA,"US","Malus domestica"
3117615963,"Malus pumila",-74.025078,40.627232,1995,NA,NA,"US","Malus domestica"
3117616002,"Malus pumila",-74.022392,40.622887,1995,NA,NA,"US","Malus domestica"
3117616769,"Malus pumila",-74.064377,40.604969,1995,NA,NA,"US","Malus domestica"
3117617981,"Malus pumila",-74.022392,40.622887,1995,NA,NA,"US","Malus domestica"
3117619018,"Malus pumila",-74.022392,40.622887,1995,NA,NA,"US","Malus domestica"
3117619225,"Malus pumila",-74.011078,40.676601,1995,NA,NA,"US","Malus domestica"
3117619995,"Malus pumila",-74.022392,40.622887,1995,NA,NA,"US","Malus domestica"
3117621011,"Malus pumila",-74.022392,40.622887,1995,NA,NA,"US","Malus domestica"
3117621368,"Malus pumila",-74.007034,40.602036,1995,NA,NA,"US","Malus domestica"
3117621369,"Malus pumila",-74.007004,40.719135,1995,NA,NA,"US","Malus domestica"
3117621489,"Malus pumila",-74.004051,40.739498,1995,NA,NA,"US","Malus domestica"
3117621809,"Malus pumila",-73.996956,40.74297,1995,NA,NA,"US","Malus domestica"
3117621955,"Malus pumila",-73.994537,40.729401,1995,NA,NA,"US","Malus domestica"
3117621981,"Malus pumila",-73.994133,40.72855,1995,NA,NA,"US","Malus domestica"
3117622008,"Malus pumila",-73.993675,40.729095,1995,NA,NA,"US","Malus domestica"
3117622093,"Malus pumila",-73.992172,40.733662,1995,NA,NA,"US","Malus domestica"
3117622532,"Malus pumila",-74.003059,40.747219,1995,NA,NA,"US","Malus domestica"
3117622875,"Malus pumila",-73.995888,40.730068,1995,NA,NA,"US","Malus domestica"
3117623014,"Malus pumila",-73.993629,40.732948,1995,NA,NA,"US","Malus domestica"
3117623017,"Malus pumila",-73.993584,40.729202,1995,NA,NA,"US","Malus domestica"
3117623018,"Malus pumila",-73.993538,40.729256,1995,NA,NA,"US","Malus domestica"
3117623051,"Malus pumila",-73.993019,40.732395,1995,NA,NA,"US","Malus domestica"
3117623076,"Malus pumila",-73.992508,40.732182,1995,NA,NA,"US","Malus domestica"
3117623439,"Malus pumila",-74.004051,40.739498,1995,NA,NA,"US","Malus domestica"
3117623502,"Malus pumila",-74.002518,40.74786,1995,NA,NA,"US","Malus domestica"
3117623847,"Malus pumila",-73.995682,40.730587,1995,NA,NA,"US","Malus domestica"
3117623963,"Malus pumila",-73.993736,40.729015,1995,NA,NA,"US","Malus domestica"
3117623988,"Malus pumila",-73.99324,40.732491,1995,NA,NA,"US","Malus domestica"
3117624349,"Malus pumila",-74.007004,40.719135,1995,NA,NA,"US","Malus domestica"
3117624478,"Malus pumila",-74.004051,40.739498,1995,NA,NA,"US","Malus domestica"
3117624497,"Malus pumila",-74.003601,40.746578,1995,NA,NA,"US","Malus domestica"
3117624601,"Malus pumila",-74.001106,40.736561,1995,NA,NA,"US","Malus domestica"
3117624933,"Malus pumila",-73.994743,40.729504,1995,NA,NA,"US","Malus domestica"
3117624996,"Malus pumila",-73.993759,40.729015,1995,NA,NA,"US","Malus domestica"
3117625086,"Malus pumila",-73.992172,40.733662,1995,NA,NA,"US","Malus domestica"
3117625455,"Malus pumila",-74.004051,40.739498,1995,NA,NA,"US","Malus domestica"
3117625558,"Malus pumila",-74.001625,40.748287,1995,NA,NA,"US","Malus domestica"
3117625848,"Malus pumila",-73.995964,40.627281,1995,NA,NA,"US","Malus domestica"
3117625989,"Malus pumila",-73.993507,40.729294,1995,NA,NA,"US","Malus domestica"
3117626060,"Malus pumila",-73.992172,40.733662,1995,NA,NA,"US","Malus domestica"
3117626356,"Malus pumila",-74.006462,40.71907,1995,NA,NA,"US","Malus domestica"
3117626512,"Malus pumila",-74.002663,40.747051,1995,NA,NA,"US","Malus domestica"
3117626518,"Malus pumila",-74.002495,40.746983,1995,NA,NA,"US","Malus domestica"
3117626780,"Malus pumila",-73.996956,40.74297,1995,NA,NA,"US","Malus domestica"
3117626847,"Malus pumila",-73.995888,40.730068,1995,NA,NA,"US","Malus domestica"
3117626926,"Malus pumila",-73.994537,40.729401,1995,NA,NA,"US","Malus domestica"
3117626980,"Malus pumila",-73.993675,40.729095,1995,NA,NA,"US","Malus domestica"
3117627444,"Malus pumila",-74.004082,40.738754,1995,NA,NA,"US","Malus domestica"
3117627446,"Malus pumila",-74.004051,40.739498,1995,NA,NA,"US","Malus domestica"
3117627510,"Malus pumila",-74.002556,40.747005,1995,NA,NA,"US","Malus domestica"
3117628872,"Malus pumila",-73.995682,40.730587,1995,NA,NA,"US","Malus domestica"
3117629007,"Malus pumila",-73.993469,40.729332,1995,NA,NA,"US","Malus domestica"
3117629082,"Malus pumila",-73.992172,40.733662,1995,NA,NA,"US","Malus domestica"
3117629281,"Malus pumila",-73.988243,40.596916,1995,NA,NA,"US","Malus domestica"
3117629463,"Malus pumila",-74.004051,40.739498,1995,NA,NA,"US","Malus domestica"
3117629536,"Malus pumila",-74.002296,40.747765,1995,NA,NA,"US","Malus domestica"
3117629995,"Malus pumila",-73.993736,40.729015,1995,NA,NA,"US","Malus domestica"
3117630025,"Malus pumila",-73.993187,40.729668,1995,NA,NA,"US","Malus domestica"
3117630099,"Malus pumila",-73.991875,40.731915,1995,NA,NA,"US","Malus domestica"
3117630344,"Malus pumila",-74.007004,40.719135,1995,NA,NA,"US","Malus domestica"
3117630471,"Malus pumila",-74.004051,40.739498,1995,NA,NA,"US","Malus domestica"
3117630999,"Malus pumila",-73.993736,40.729015,1995,NA,NA,"US","Malus domestica"
3117631426,"Malus pumila",-73.986244,40.767262,1995,NA,NA,"US","Malus domestica"
3117631732,"Malus pumila",-73.982094,40.769009,1995,NA,NA,"US","Malus domestica"
3117631900,"Malus pumila",-73.980103,40.748238,1995,NA,NA,"US","Malus domestica"
3117632550,"Malus pumila",-73.984482,40.739876,1995,NA,NA,"US","Malus domestica"
3117632672,"Malus pumila",-73.98278,40.779984,1995,NA,NA,"US","Malus domestica"
3117632740,"Malus pumila",-73.982094,40.769009,1995,NA,NA,"US","Malus domestica"
3117632861,"Malus pumila",-73.980659,40.703587,1995,NA,NA,"US","Malus domestica"
3117634027,"Malus pumila",-73.97802,40.616447,1995,NA,NA,"US","Malus domestica"
3117634732,"Malus pumila",-73.982002,40.749039,1995,NA,NA,"US","Malus domestica"
3117635016,"Malus pumila",-73.97863,40.746811,1995,NA,NA,"US","Malus domestica"
3117635338,"Malus pumila",-73.986931,40.733635,1995,NA,NA,"US","Malus domestica"
3117635806,"Malus pumila",-73.980659,40.703587,1995,NA,NA,"US","Malus domestica"
3117636102,"Malus pumila",-73.97702,40.747246,1995,NA,NA,"US","Malus domestica"
3117636289,"Malus pumila",-73.974365,40.73032,1995,NA,NA,"US","Malus domestica"
3117636338,"Malus pumila",-73.98719,40.694183,1995,NA,NA,"US","Malus domestica"
3117636409,"Malus pumila",-73.98613,40.767345,1995,NA,NA,"US","Malus domestica"
3117636451,"Malus pumila",-73.985542,40.743946,1995,NA,NA,"US","Malus domestica"
3117636738,"Malus pumila",-73.981712,40.748917,1995,NA,NA,"US","Malus domestica"
3117636921,"Malus pumila",-73.979515,40.724361,1995,NA,NA,"US","Malus domestica"
3117637456,"Malus pumila",-73.985542,40.743946,1995,NA,NA,"US","Malus domestica"
3117637822,"Malus pumila",-73.980896,40.629158,1995,NA,NA,"US","Malus domestica"
3117637934,"Malus pumila",-73.979515,40.724361,1995,NA,NA,"US","Malus domestica"
3117638430,"Malus pumila",-73.985542,40.743946,1995,NA,NA,"US","Malus domestica"
3117638706,"Malus pumila",-73.982002,40.749039,1995,NA,NA,"US","Malus domestica"
3117638738,"Malus pumila",-73.98156,40.734955,1995,NA,NA,"US","Malus domestica"
3117639326,"Malus pumila",-73.987617,40.666435,1995,NA,NA,"US","Malus domestica"
3117639728,"Malus pumila",-73.982094,40.769009,1995,NA,NA,"US","Malus domestica"
3117640007,"Malus pumila",-73.978889,40.66222,1995,NA,NA,"US","Malus domestica"
3117640430,"Malus pumila",-73.98613,40.767345,1995,NA,NA,"US","Malus domestica"
3117640632,"Malus pumila",-73.983269,40.685516,1995,NA,NA,"US","Malus domestica"
3117640733,"Malus pumila",-73.982094,40.769009,1995,NA,NA,"US","Malus domestica"
3117641820,"Malus pumila",-73.967957,40.800758,1995,NA,NA,"US","Malus domestica"
3117641827,"Malus pumila",-73.96788,40.801872,1995,NA,NA,"US","Malus domestica"
3117642352,"Malus pumila",-73.974365,40.73032,1995,NA,NA,"US","Malus domestica"
3117642649,"Malus pumila",-73.970375,40.796612,1995,NA,NA,"US","Malus domestica"
3117642832,"Malus pumila",-73.967957,40.800758,1995,NA,NA,"US","Malus domestica"
3117642839,"Malus pumila",-73.96788,40.801872,1995,NA,NA,"US","Malus domestica"
3117642840,"Malus pumila",-73.967873,40.802299,1995,NA,NA,"US","Malus domestica"
3117643038,"Malus pumila",-73.965416,40.805935,1995,NA,NA,"US","Malus domestica"
3117643521,"Malus pumila",-73.971245,40.795395,1995,NA,NA,"US","Malus domestica"
3117643522,"Malus pumila",-73.971245,40.795395,1995,NA,NA,"US","Malus domestica"
3117643943,"Malus pumila",-73.965759,40.805462,1995,NA,NA,"US","Malus domestica"
3117643979,"Malus pumila",-73.965363,40.806004,1995,NA,NA,"US","Malus domestica"
3117644554,"Malus pumila",-73.971245,40.795395,1995,NA,NA,"US","Malus domestica"
3117645017,"Malus pumila",-73.965363,40.806004,1995,NA,NA,"US","Malus domestica"
3117645027,"Malus pumila",-73.965248,40.806168,1995,NA,NA,"US","Malus domestica"
3117645788,"Malus pumila",-73.968025,40.788906,1995,NA,NA,"US","Malus domestica"
3117645794,"Malus pumila",-73.967957,40.800758,1995,NA,NA,"US","Malus domestica"
3117645801,"Malus pumila",-73.96788,40.801872,1995,NA,NA,"US","Malus domestica"
3117646000,"Malus pumila",-73.965416,40.805935,1995,NA,NA,"US","Malus domestica"
3117646016,"Malus pumila",-73.965248,40.806168,1995,NA,NA,"US","Malus domestica"
3117646190,"Malus pumila",-73.963234,40.639908,1995,NA,NA,"US","Malus domestica"
3117646520,"Malus pumila",-73.971245,40.795395,1995,NA,NA,"US","Malus domestica"
3117646778,"Malus pumila",-73.96788,40.801872,1995,NA,NA,"US","Malus domestica"
3117646951,"Malus pumila",-73.96566,40.805595,1995,NA,NA,"US","Malus domestica"
3117647552,"Malus pumila",-73.971245,40.795395,1995,NA,NA,"US","Malus domestica"
3117647630,"Malus pumila",-73.970375,40.796612,1995,NA,NA,"US","Malus domestica"
3117647819,"Malus pumila",-73.96788,40.801872,1995,NA,NA,"US","Malus domestica"
3117647933,"Malus pumila",-73.966309,40.790649,1995,NA,NA,"US","Malus domestica"
3117647988,"Malus pumila",-73.96566,40.805595,1995,NA,NA,"US","Malus domestica"
3117648026,"Malus pumila",-73.965248,40.806168,1995,NA,NA,"US","Malus domestica"
3117648604,"Malus pumila",-73.970375,40.796612,1995,NA,NA,"US","Malus domestica"
3117648787,"Malus pumila",-73.96788,40.801872,1995,NA,NA,"US","Malus domestica"
3117649659,"Malus pumila",-73.970375,40.796612,1995,NA,NA,"US","Malus domestica"
3117649931,"Malus pumila",-73.966766,40.753075,1995,NA,NA,"US","Malus domestica"
3117650014,"Malus pumila",-73.965759,40.805462,1995,NA,NA,"US","Malus domestica"
3117650467,"Malus pumila",-73.960236,40.77602,1995,NA,NA,"US","Malus domestica"
3117650694,"Malus pumila",-73.95784,40.601398,1995,NA,NA,"US","Malus domestica"
3117651637,"Malus pumila",-73.970375,40.796612,1995,NA,NA,"US","Malus domestica"
3117651825,"Malus pumila",-73.96788,40.801872,1995,NA,NA,"US","Malus domestica"
3117651905,"Malus pumila",-73.966766,40.753075,1995,NA,NA,"US","Malus domestica"
3117652033,"Malus pumila",-73.965248,40.806168,1995,NA,NA,"US","Malus domestica"
3117652099,"Malus pumila",-73.964546,40.755653,1995,NA,NA,"US","Malus domestica"
3117652485,"Malus pumila",-73.960236,40.77602,1995,NA,NA,"US","Malus domestica"
3117652642,"Malus pumila",-73.958633,40.774849,1995,NA,NA,"US","Malus domestica"
3117653119,"Malus pumila",-73.953285,40.802181,1995,NA,NA,"US","Malus domestica"
3117653419,"Malus pumila",-73.960236,40.77602,1995,NA,NA,"US","Malus domestica"
3117654039,"Malus pumila",-73.953156,40.802353,1995,NA,NA,"US","Malus domestica"
3117654452,"Malus pumila",-73.960236,40.77602,1995,NA,NA,"US","Malus domestica"
3117655430,"Malus pumila",-73.960236,40.77602,1995,NA,NA,"US","Malus domestica"
3117655431,"Malus pumila",-73.960236,40.77602,1995,NA,NA,"US","Malus domestica"
3117656392,"Malus pumila",-73.960762,40.775299,1995,NA,NA,"US","Malus domestica"
3117656444,"Malus pumila",-73.960236,40.77602,1995,NA,NA,"US","Malus domestica"
3117657411,"Malus pumila",-73.960762,40.775299,1995,NA,NA,"US","Malus domestica"
3117657459,"Malus pumila",-73.960236,40.77602,1995,NA,NA,"US","Malus domestica"
3117658958,"Malus pumila",-73.942749,40.816608,1995,NA,NA,"US","Malus domestica"
3117658989,"Malus pumila",-73.942352,40.81715,1995,NA,NA,"US","Malus domestica"
3117659102,"Malus pumila",-73.940887,40.839523,1995,NA,NA,"US","Malus domestica"
3117659103,"Malus pumila",-73.940887,40.839523,1995,NA,NA,"US","Malus domestica"
3117659424,"Malus pumila",-73.960236,40.77602,1995,NA,NA,"US","Malus domestica"
3117660477,"Malus pumila",-73.960236,40.77602,1995,NA,NA,"US","Malus domestica"
3117661459,"Malus pumila",-73.960236,40.77602,1995,NA,NA,"US","Malus domestica"
3117662358,"Malus pumila",-73.949074,40.807945,1995,NA,NA,"US","Malus domestica"
3117663247,"Malus pumila",-73.937943,40.823189,1995,NA,NA,"US","Malus domestica"
3117664143,"Malus pumila",-73.940887,40.839523,1995,NA,NA,"US","Malus domestica"
3117664144,"Malus pumila",-73.940887,40.839523,1995,NA,NA,"US","Malus domestica"
3117664582,"Malus pumila",-73.946854,40.621899,1995,NA,NA,"US","Malus domestica"
3117665297,"Malus pumila",-73.937904,40.82325,1995,NA,NA,"US","Malus domestica"
3117665588,"Malus pumila",-73.946861,40.748013,1995,NA,NA,"US","Malus domestica"
3117666244,"Malus pumila",-73.938782,40.822041,1995,NA,NA,"US","Malus domestica"
3117667067,"Malus pumila",-73.940887,40.839523,1995,NA,NA,"US","Malus domestica"
3117668446,"Malus pumila",-73.948624,40.777447,1995,NA,NA,"US","Malus domestica"
3117669370,"Malus pumila",-73.949074,40.807945,1995,NA,NA,"US","Malus domestica"
3117670049,"Malus pumila",-73.940887,40.839523,1995,NA,NA,"US","Malus domestica"
3117670050,"Malus pumila",-73.940887,40.839523,1995,NA,NA,"US","Malus domestica"
3117670593,"Malus pumila",-73.946854,40.621899,1995,NA,NA,"US","Malus domestica"
3117671083,"Malus pumila",-73.940887,40.839523,1995,NA,NA,"US","Malus domestica"
3117671222,"Malus pumila",-73.938972,40.821777,1995,NA,NA,"US","Malus domestica"
3117671287,"Malus pumila",-73.93808,40.823006,1995,NA,NA,"US","Malus domestica"
3117671598,"Malus pumila",-73.946854,40.621899,1995,NA,NA,"US","Malus domestica"
3117672084,"Malus pumila",-73.940887,40.839523,1995,NA,NA,"US","Malus domestica"
3117672085,"Malus pumila",-73.940887,40.839523,1995,NA,NA,"US","Malus domestica"
3117672329,"Malus pumila",-73.936752,40.824825,1995,NA,NA,"US","Malus domestica"
3117673302,"Malus pumila",-73.938637,40.822235,1995,NA,NA,"US","Malus domestica"
3117673442,"Malus pumila",-73.936729,40.611229,1995,NA,NA,"US","Malus domestica"
3117674233,"Malus pumila",-73.923492,40.731194,1995,NA,NA,"US","Malus domestica"
3117675093,"Malus pumila",-73.924393,40.623066,1995,NA,NA,"US","Malus domestica"
3117678087,"Malus pumila",-73.924393,40.623013,1995,NA,NA,"US","Malus domestica"
3117679346,"Malus pumila",-73.936752,40.824825,1995,NA,NA,"US","Malus domestica"
3117685518,"Malus pumila",-73.918335,40.73101,1995,NA,NA,"US","Malus domestica"
3117686165,"Malus pumila",-73.908813,40.737385,1995,NA,NA,"US","Malus domestica"
3117690510,"Malus pumila",-73.918335,40.73101,1995,NA,NA,"US","Malus domestica"
3117699354,"Malus pumila",-73.905899,40.764297,1995,NA,NA,"US","Malus domestica"
3117703339,"Malus pumila",-73.893951,40.868603,1995,NA,NA,"US","Malus domestica"
3117723884,"Malus pumila",-73.852821,40.668472,1995,NA,NA,"US","Malus domestica"
3117725437,"Malus pumila",-73.859871,40.815414,1995,NA,NA,"US","Malus domestica"
3117725543,"Malus pumila",-73.858223,40.719597,1995,NA,NA,"US","Malus domestica"
3117726564,"Malus pumila",-73.858223,40.719597,1995,NA,NA,"US","Malus domestica"
3117727625,"Malus pumila",-73.856522,40.666973,1995,NA,NA,"US","Malus domestica"
3117728286,"Malus pumila",-73.847641,40.770985,1995,NA,NA,"US","Malus domestica"
3117730871,"Malus pumila",-73.852821,40.668472,1995,NA,NA,"US","Malus domestica"
3117733225,"Malus pumila",-73.833122,40.712654,1995,NA,NA,"US","Malus domestica"
3117736995,"Malus pumila",-73.83783,40.669731,1995,NA,NA,"US","Malus domestica"
3117737073,"Malus pumila",-73.836372,40.866913,1995,NA,NA,"US","Malus domestica"
3117737193,"Malus pumila",-73.833923,40.711231,1995,NA,NA,"US","Malus domestica"
3117738148,"Malus pumila",-73.835312,40.859592,1995,NA,NA,"US","Malus domestica"
3117739177,"Malus pumila",-73.833275,40.71278,1995,NA,NA,"US","Malus domestica"
3117741078,"Malus pumila",-73.820267,40.799217,1995,NA,NA,"US","Malus domestica"
3117743844,"Malus pumila",-73.810104,40.790977,1995,NA,NA,"US","Malus domestica"
3117744428,"Malus pumila",-73.845825,40.673107,1995,NA,NA,"US","Malus domestica"
3117744446,"Malus pumila",-73.845688,40.714489,1995,NA,NA,"US","Malus domestica"
3117744531,"Malus pumila",-73.844681,40.71183,1995,NA,NA,"US","Malus domestica"
3117745198,"Malus pumila",-73.83374,40.711578,1995,NA,NA,"US","Malus domestica"
3117765818,"Malus pumila",-73.823296,40.703358,1995,NA,NA,"US","Malus domestica"
3117813521,"Malus pumila",-73.798866,40.789474,1995,NA,NA,"US","Malus domestica"
3117841504,"Malus pumila",-73.799011,40.748409,1995,NA,NA,"US","Malus domestica"
3117853614,"Malus pumila",-73.797791,40.728924,1995,NA,NA,"US","Malus domestica"
3117854463,"Malus pumila",-73.799011,40.748409,1995,NA,NA,"US","Malus domestica"
3117882811,"Malus pumila",-73.749443,40.609188,1995,NA,NA,"US","Malus domestica"
3117891359,"Malus pumila",-73.738754,40.76347,1995,NA,NA,"US","Malus domestica"
3117893976,"Malus pumila",-73.745102,40.765064,1995,NA,NA,"US","Malus domestica"
3117902074,"Malus pumila",-73.742371,40.766647,1995,NA,NA,"US","Malus domestica"
3117908594,"Malus pumila",-73.731682,40.715374,1995,NA,NA,"US","Malus domestica"
3117910002,"Malus pumila",-73.743858,40.771873,1995,NA,NA,"US","Malus domestica"
3117915041,"Malus pumila",-73.716164,40.727913,1995,NA,NA,"US","Malus domestica"
3117944072,"Malus pumila",-74.190559,40.593117,1995,NA,NA,"US","Malus domestica"
3117951227,"Malus pumila",-74.146095,40.545078,1995,NA,NA,"US","Malus domestica"
3117952226,"Malus pumila",-74.184204,40.540947,1995,NA,NA,"US","Malus domestica"
3117953242,"Malus pumila",-74.146095,40.545078,1995,NA,NA,"US","Malus domestica"
3117954094,"Malus pumila",-74.150459,40.587147,1995,NA,NA,"US","Malus domestica"
3117954460,"Malus pumila",-74.135139,40.598972,1995,NA,NA,"US","Malus domestica"
3117955062,"Malus pumila",-74.107536,40.626019,1995,NA,NA,"US","Malus domestica"
3117955613,"Malus pumila",-74.166664,40.602585,1995,NA,NA,"US","Malus domestica"
3117957986,"Malus pumila",-74.022392,40.622887,1995,NA,NA,"US","Malus domestica"
3117959153,"Malus pumila",-74.10273,40.626022,1995,NA,NA,"US","Malus domestica"
3117961205,"Malus pumila",-74.102524,40.609116,1995,NA,NA,"US","Malus domestica"
3117963104,"Malus pumila",-74.107941,40.559399,1995,NA,NA,"US","Malus domestica"
3117963501,"Malus pumila",-74.133896,40.597317,1995,NA,NA,"US","Malus domestica"
3117964745,"Malus pumila",-74.065514,40.607674,1995,NA,NA,"US","Malus domestica"
3117965875,"Malus pumila",-74.117859,40.601688,1995,NA,NA,"US","Malus domestica"
3117966197,"Malus pumila",-74.103569,40.564186,1995,NA,NA,"US","Malus domestica"
3117966498,"Malus pumila",-74.002609,40.747028,1995,NA,NA,"US","Malus domestica"
3117966854,"Malus pumila",-73.995689,40.729965,1995,NA,NA,"US","Malus domestica"
3117967867,"Malus pumila",-74.117859,40.601688,1995,NA,NA,"US","Malus domestica"
3117967940,"Malus pumila",-74.114983,40.629997,1995,NA,NA,"US","Malus domestica"
3117968204,"Malus pumila",-74.103569,40.564186,1995,NA,NA,"US","Malus domestica"
3117968233,"Malus pumila",-74.102524,40.609116,1995,NA,NA,"US","Malus domestica"
3117969345,"Malus pumila",-74.096672,40.597401,1995,NA,NA,"US","Malus domestica"
3117969696,"Malus pumila",-74.075111,40.608852,1995,NA,NA,"US","Malus domestica"
3117971867,"Malus pumila",-74.117859,40.601688,1995,NA,NA,"US","Malus domestica"
3117972194,"Malus pumila",-74.103569,40.564186,1995,NA,NA,"US","Malus domestica"
3117972280,"Malus pumila",-74.100319,40.625591,1995,NA,NA,"US","Malus domestica"
3117974455,"Malus pumila",-74.003662,40.745792,1995,NA,NA,"US","Malus domestica"
3117974456,"Malus pumila",-74.003601,40.74577,1995,NA,NA,"US","Malus domestica"
3117974522,"Malus pumila",-74.001961,40.748432,1995,NA,NA,"US","Malus domestica"
3117974857,"Malus pumila",-73.995689,40.729965,1995,NA,NA,"US","Malus domestica"
3117974998,"Malus pumila",-73.993332,40.733295,1995,NA,NA,"US","Malus domestica"
3117975009,"Malus pumila",-73.993095,40.733208,1995,NA,NA,"US","Malus domestica"
3117976406,"Malus pumila",-73.98613,40.767345,1995,NA,NA,"US","Malus domestica"
3117977566,"Malus pumila",-74.001404,40.749088,1995,NA,NA,"US","Malus domestica"
3117977669,"Malus pumila",-73.999153,40.718586,1995,NA,NA,"US","Malus domestica"
3117977780,"Malus pumila",-73.997086,40.748814,1995,NA,NA,"US","Malus domestica"
3117977902,"Malus pumila",-73.995041,40.734043,1995,NA,NA,"US","Malus domestica"
3117977950,"Malus pumila",-73.994263,40.72842,1995,NA,NA,"US","Malus domestica"
3117977966,"Malus pumila",-73.993919,40.728806,1995,NA,NA,"US","Malus domestica"
3117978004,"Malus pumila",-73.993378,40.732548,1995,NA,NA,"US","Malus domestica"
3117978007,"Malus pumila",-73.993332,40.733295,1995,NA,NA,"US","Malus domestica"
3117978081,"Malus pumila",-73.992058,40.643196,1995,NA,NA,"US","Malus domestica"
3117980445,"Malus pumila",-74.004051,40.739498,1995,NA,NA,"US","Malus domestica"
3117980471,"Malus pumila",-74.003426,40.746506,1995,NA,NA,"US","Malus domestica"
3117980704,"Malus pumila",-73.998207,40.7327,1995,NA,NA,"US","Malus domestica"
3117980813,"Malus pumila",-73.996376,40.59827,1995,NA,NA,"US","Malus domestica"
3117980855,"Malus pumila",-73.995689,40.729965,1995,NA,NA,"US","Malus domestica"
3117981000,"Malus pumila",-73.993332,40.733295,1995,NA,NA,"US","Malus domestica"
3117981004,"Malus pumila",-73.993256,40.729588,1995,NA,NA,"US","Malus domestica"
3117981227,"Malus pumila",-73.989143,40.665482,1995,NA,NA,"US","Malus domestica"
3117981418,"Malus pumila",-74.093819,40.583744,1995,NA,NA,"US","Malus domestica"
3117981887,"Malus pumila",-74.03511,40.615753,1995,NA,NA,"US","Malus domestica"
3117982731,"Malus pumila",-73.997772,40.600464,1995,NA,NA,"US","Malus domestica"
3117982844,"Malus pumila",-73.995819,40.729183,1995,NA,NA,"US","Malus domestica"
3117983332,"Malus pumila",-73.98719,40.694183,1995,NA,NA,"US","Malus domestica"
3117984404,"Malus pumila",-74.006462,40.71907,1995,NA,NA,"US","Malus domestica"
3117984526,"Malus pumila",-74.003601,40.746578,1995,NA,NA,"US","Malus domestica"
3117985388,"Malus pumila",-74.006462,40.71907,1995,NA,NA,"US","Malus domestica"
3117985509,"Malus pumila",-74.00351,40.736099,1995,NA,NA,"US","Malus domestica"
3117985554,"Malus pumila",-74.002441,40.74696,1995,NA,NA,"US","Malus domestica"
3117986021,"Malus pumila",-73.993507,40.733086,1995,NA,NA,"US","Malus domestica"
3117986553,"Malus pumila",-73.971245,40.795395,1995,NA,NA,"US","Malus domestica"
3117986573,"Malus pumila",-73.971008,40.795731,1995,NA,NA,"US","Malus domestica"
3117986581,"Malus pumila",-73.970901,40.790119,1995,NA,NA,"US","Malus domestica"
3117987289,"Malus pumila",-73.962135,40.773415,1995,NA,NA,"US","Malus domestica"
3117987961,"Malus pumila",-73.99456,40.729412,1995,NA,NA,"US","Malus domestica"
3117988724,"Malus pumila",-73.982094,40.769009,1995,NA,NA,"US","Malus domestica"
3117990178,"Malus pumila",-73.976669,40.745983,1995,NA,NA,"US","Malus domestica"
3117990712,"Malus pumila",-73.982094,40.769009,1995,NA,NA,"US","Malus domestica"
3117991573,"Malus pumila",-74.00235,40.747787,1995,NA,NA,"US","Malus domestica"
3117991881,"Malus pumila",-73.99617,40.598469,1995,NA,NA,"US","Malus domestica"
3117991896,"Malus pumila",-73.995888,40.730068,1995,NA,NA,"US","Malus domestica"
3117991974,"Malus pumila",-73.994537,40.729401,1995,NA,NA,"US","Malus domestica"
3117992066,"Malus pumila",-73.993019,40.732395,1995,NA,NA,"US","Malus domestica"
3117992094,"Malus pumila",-73.992508,40.732182,1995,NA,NA,"US","Malus domestica"
3117992558,"Malus pumila",-73.971245,40.795395,1995,NA,NA,"US","Malus domestica"
3117992579,"Malus pumila",-73.971008,40.795731,1995,NA,NA,"US","Malus domestica"
3117992831,"Malus pumila",-73.967873,40.802299,1995,NA,NA,"US","Malus domestica"
3117992912,"Malus pumila",-73.966766,40.753075,1995,NA,NA,"US","Malus domestica"
3117993078,"Malus pumila",-73.964912,40.638859,1995,NA,NA,"US","Malus domestica"
3117993632,"Malus pumila",-73.98278,40.779984,1995,NA,NA,"US","Malus domestica"
3117993699,"Malus pumila",-73.982094,40.769009,1995,NA,NA,"US","Malus domestica"
3117993711,"Malus pumila",-73.981918,40.749004,1995,NA,NA,"US","Malus domestica"
3117993933,"Malus pumila",-73.979263,40.747078,1995,NA,NA,"US","Malus domestica"
3117995402,"Malus pumila",-73.986465,40.737022,1995,NA,NA,"US","Malus domestica"
3117995520,"Malus pumila",-73.984833,40.61401,1995,NA,NA,"US","Malus domestica"
3117995666,"Malus pumila",-73.98278,40.779984,1995,NA,NA,"US","Malus domestica"
3117996457,"Malus pumila",-73.960236,40.77602,1995,NA,NA,"US","Malus domestica"
3117997337,"Malus pumila",-73.974365,40.73032,1995,NA,NA,"US","Malus domestica"
3117997585,"Malus pumila",-73.971008,40.795731,1995,NA,NA,"US","Malus domestica"
3117997634,"Malus pumila",-73.970375,40.796612,1995,NA,NA,"US","Malus domestica"
3117997837,"Malus pumila",-73.967873,40.802299,1995,NA,NA,"US","Malus domestica"
3117998899,"Malus pumila",-73.967033,40.752674,1995,NA,NA,"US","Malus domestica"
3117999373,"Malus pumila",-73.987099,40.7668,1995,NA,NA,"US","Malus domestica"
3117999669,"Malus pumila",-73.98278,40.779984,1995,NA,NA,"US","Malus domestica"
3117999736,"Malus pumila",-73.982094,40.769009,1995,NA,NA,"US","Malus domestica"
3118000634,"Malus pumila",-73.970375,40.796612,1995,NA,NA,"US","Malus domestica"
3118000907,"Malus pumila",-73.966766,40.753075,1995,NA,NA,"US","Malus domestica"
3118001747,"Malus pumila",-73.982246,40.748337,1995,NA,NA,"US","Malus domestica"
3118001889,"Malus pumila",-73.980659,40.703587,1995,NA,NA,"US","Malus domestica"
3118002308,"Malus pumila",-73.974365,40.73032,1995,NA,NA,"US","Malus domestica"
3118002606,"Malus pumila",-73.970375,40.796612,1995,NA,NA,"US","Malus domestica"
3118002808,"Malus pumila",-73.967873,40.802299,1995,NA,NA,"US","Malus domestica"
3118002873,"Malus pumila",-73.967033,40.752674,1995,NA,NA,"US","Malus domestica"
3118002932,"Malus pumila",-73.966248,40.790623,1995,NA,NA,"US","Malus domestica"
3118002982,"Malus pumila",-73.965706,40.805531,1995,NA,NA,"US","Malus domestica"
3118003475,"Malus pumila",-73.960236,40.77602,1995,NA,NA,"US","Malus domestica"
3118003981,"Malus pumila",-73.954491,40.800529,1995,NA,NA,"US","Malus domestica"
3118004380,"Malus pumila",-73.974365,40.73032,1995,NA,NA,"US","Malus domestica"
3118004600,"Malus pumila",-73.971245,40.795395,1995,NA,NA,"US","Malus domestica"
3118004674,"Malus pumila",-73.970375,40.796612,1995,NA,NA,"US","Malus domestica"
3118004873,"Malus pumila",-73.967926,40.800991,1995,NA,NA,"US","Malus domestica"
3118004908,"Malus pumila",-73.967514,40.755272,1995,NA,NA,"US","Malus domestica"
3118005093,"Malus pumila",-73.965317,40.806072,1995,NA,NA,"US","Malus domestica"
3118005128,"Malus pumila",-73.964905,40.754169,1995,NA,NA,"US","Malus domestica"
3118006208,"Malus pumila",-73.938972,40.821777,1995,NA,NA,"US","Malus domestica"
3118006494,"Malus pumila",-73.960236,40.77602,1995,NA,NA,"US","Malus domestica"
3118007354,"Malus pumila",-73.974365,40.73032,1995,NA,NA,"US","Malus domestica"
3118007584,"Malus pumila",-73.971245,40.795395,1995,NA,NA,"US","Malus domestica"
3118007607,"Malus pumila",-73.971008,40.795731,1995,NA,NA,"US","Malus domestica"
3118008490,"Malus pumila",-73.960236,40.77602,1995,NA,NA,"US","Malus domestica"
3118009351,"Malus pumila",-73.974365,40.73032,1995,NA,NA,"US","Malus domestica"
3118009849,"Malus pumila",-73.967873,40.802299,1995,NA,NA,"US","Malus domestica"
3118010058,"Malus pumila",-73.965302,40.806091,1995,NA,NA,"US","Malus domestica"
3118010094,"Malus pumila",-73.964905,40.754169,1995,NA,NA,"US","Malus domestica"
3118011595,"Malus pumila",-73.971245,40.795395,1995,NA,NA,"US","Malus domestica"
3118011617,"Malus pumila",-73.971008,40.795731,1995,NA,NA,"US","Malus domestica"
3118011860,"Malus pumila",-73.96788,40.801872,1995,NA,NA,"US","Malus domestica"
3118012471,"Malus pumila",-73.960236,40.77602,1995,NA,NA,"US","Malus domestica"
3118012557,"Malus pumila",-73.959343,40.773426,1995,NA,NA,"US","Malus domestica"
3118014533,"Malus pumila",-73.960236,40.77602,1995,NA,NA,"US","Malus domestica"
3118015373,"Malus pumila",-73.936752,40.824825,1995,NA,NA,"US","Malus domestica"
3118016933,"Malus pumila",-73.943642,40.815388,1995,NA,NA,"US","Malus domestica"
3118018112,"Malus pumila",-73.940887,40.839523,1995,NA,NA,"US","Malus domestica"
3118018497,"Malus pumila",-73.960236,40.77602,1995,NA,NA,"US","Malus domestica"
3118018584,"Malus pumila",-73.959343,40.773426,1995,NA,NA,"US","Malus domestica"
3118019422,"Malus pumila",-73.961189,40.629299,1995,NA,NA,"US","Malus domestica"
3118019504,"Malus pumila",-73.960236,40.77602,1995,NA,NA,"US","Malus domestica"
3118021068,"Malus pumila",-73.940887,40.839523,1995,NA,NA,"US","Malus domestica"
3118022007,"Malus pumila",-73.94207,40.817535,1995,NA,NA,"US","Malus domestica"
3118022054,"Malus pumila",-73.941513,40.63203,1995,NA,NA,"US","Malus domestica"
3118022101,"Malus pumila",-73.940887,40.839523,1995,NA,NA,"US","Malus domestica"
3118022320,"Malus pumila",-73.937767,40.823437,1995,NA,NA,"US","Malus domestica"
3118023519,"Malus pumila",-73.960236,40.77602,1995,NA,NA,"US","Malus domestica"
3118023520,"Malus pumila",-73.960236,40.77602,1995,NA,NA,"US","Malus domestica"
3118025282,"Malus pumila",-73.938881,40.821911,1995,NA,NA,"US","Malus domestica"
3118027221,"Malus pumila",-73.923332,40.61467,1995,NA,NA,"US","Malus domestica"
3118027323,"Malus pumila",-73.937859,40.823311,1995,NA,NA,"US","Malus domestica"
3118028147,"Malus pumila",-73.92392,40.774578,1995,NA,NA,"US","Malus domestica"
3118029663,"Malus pumila",-73.946861,40.748013,1995,NA,NA,"US","Malus domestica"
3118030055,"Malus pumila",-73.942238,40.81731,1995,NA,NA,"US","Malus domestica"
3118031571,"Malus pumila",-73.93412,40.608887,1995,NA,NA,"US","Malus domestica"
3118031945,"Malus pumila",-73.92717,40.85952,1995,NA,NA,"US","Malus domestica"
3118033408,"Malus pumila",-73.950165,40.577652,1995,NA,NA,"US","Malus domestica"
3118038202,"Malus pumila",-73.923332,40.61467,1995,NA,NA,"US","Malus domestica"
3118043315,"Malus pumila",-73.938911,40.681564,1995,NA,NA,"US","Malus domestica"
3118043772,"Malus pumila",-73.93187,40.796215,1995,NA,NA,"US","Malus domestica"
3118052074,"Malus pumila",-73.911339,40.861092,1995,NA,NA,"US","Malus domestica"
3118053087,"Malus pumila",-73.896858,40.756516,1995,NA,NA,"US","Malus domestica"
3118055199,"Malus pumila",-73.909538,40.729973,1995,NA,NA,"US","Malus domestica"
3118064501,"Malus pumila",-73.858223,40.719597,1995,NA,NA,"US","Malus domestica"
3118065270,"Malus pumila",-73.847641,40.770985,1995,NA,NA,"US","Malus domestica"
3118070289,"Malus pumila",-73.847641,40.770985,1995,NA,NA,"US","Malus domestica"
3118070378,"Malus pumila",-73.877708,40.686783,1995,NA,NA,"US","Malus domestica"
3118078467,"Malus pumila",-73.877708,40.686783,1995,NA,NA,"US","Malus domestica"
3118079720,"Malus pumila",-73.842384,40.580055,1995,NA,NA,"US","Malus domestica"
3118079956,"Malus pumila",-73.838638,40.697746,1995,NA,NA,"US","Malus domestica"
3118081231,"Malus pumila",-73.847641,40.770985,1995,NA,NA,"US","Malus domestica"
3118081314,"Malus pumila",-73.847641,40.770985,1995,NA,NA,"US","Malus domestica"
3118081429,"Malus pumila",-73.84642,40.7131,1995,NA,NA,"US","Malus domestica"
3118082302,"Malus pumila",-73.847641,40.770985,1995,NA,NA,"US","Malus domestica"
3118082531,"Malus pumila",-73.845093,40.711189,1995,NA,NA,"US","Malus domestica"
3118082734,"Malus pumila",-73.842384,40.580055,1995,NA,NA,"US","Malus domestica"
3118086258,"Malus pumila",-73.847641,40.770985,1995,NA,NA,"US","Malus domestica"
3118087092,"Malus pumila",-73.866722,40.705532,1995,NA,NA,"US","Malus domestica"
3118090373,"Malus pumila",-73.846085,40.669304,1995,NA,NA,"US","Malus domestica"
3118090706,"Malus pumila",-73.84169,40.580288,1995,NA,NA,"US","Malus domestica"
3118091060,"Malus pumila",-73.835716,40.88699,1995,NA,NA,"US","Malus domestica"
3118096036,"Malus pumila",-73.836899,40.659603,1995,NA,NA,"US","Malus domestica"
3118096224,"Malus pumila",-73.833076,40.690838,1995,NA,NA,"US","Malus domestica"
3118096485,"Malus pumila",-73.859871,40.815414,1995,NA,NA,"US","Malus domestica"
3118096589,"Malus pumila",-73.858223,40.719597,1995,NA,NA,"US","Malus domestica"
3118097308,"Malus pumila",-73.847641,40.770985,1995,NA,NA,"US","Malus domestica"
3118097675,"Malus pumila",-73.843231,40.677551,1995,NA,NA,"US","Malus domestica"
3118098136,"Malus pumila",-73.835716,40.88699,1995,NA,NA,"US","Malus domestica"
3118099335,"Malus pumila",-73.847641,40.770985,1995,NA,NA,"US","Malus domestica"
3118099920,"Malus pumila",-73.839813,40.673992,1995,NA,NA,"US","Malus domestica"
3118100146,"Malus pumila",-73.835716,40.88699,1995,NA,NA,"US","Malus domestica"
3118104324,"Malus pumila",-73.847641,40.770985,1995,NA,NA,"US","Malus domestica"
3118104546,"Malus pumila",-73.845146,40.713432,1995,NA,NA,"US","Malus domestica"
3118104799,"Malus pumila",-73.84169,40.580288,1995,NA,NA,"US","Malus domestica"
3118104919,"Malus pumila",-73.839813,40.673992,1995,NA,NA,"US","Malus domestica"
3118105138,"Malus pumila",-73.835716,40.88699,1995,NA,NA,"US","Malus domestica"
3118120263,"Malus pumila",-73.783783,40.68911,1995,NA,NA,"US","Malus domestica"
3118123154,"Malus pumila",-73.763214,40.705811,1995,NA,NA,"US","Malus domestica"
3118128024,"Malus pumila",-73.764336,40.755985,1995,NA,NA,"US","Malus domestica"
3118129947,"Malus pumila",-73.79213,40.747974,1995,NA,NA,"US","Malus domestica"
3118137472,"Malus pumila",-73.799866,40.772427,1995,NA,NA,"US","Malus domestica"
3118141344,"Malus pumila",-73.737549,40.702576,1995,NA,NA,"US","Malus domestica"
3118143348,"Malus pumila",-73.783821,40.689171,1995,NA,NA,"US","Malus domestica"
3118143359,"Malus pumila",-73.783539,40.681778,1995,NA,NA,"US","Malus domestica"
3118147238,"Malus pumila",-73.738853,40.763432,1995,NA,NA,"US","Malus domestica"
3118149343,"Malus pumila",-73.783821,40.689171,1995,NA,NA,"US","Malus domestica"
3118152374,"Malus pumila",-73.758965,40.702892,1995,NA,NA,"US","Malus domestica"
3118166996,"Malus pumila",-73.722046,40.761711,1995,NA,NA,"US","Malus domestica"
1304601254,"Malus pumila",-111.92,40.43,1994,4,26,"US","Malus domestica"
1989239128,"Malus pumila",-85.28796,42.32583,1994,5,6,"US","Malus domestica"
3408347860,"Malus pumila",-74.153,41.754,1994,5,10,"US","Malus domestica"
3408348870,"Malus pumila",-74.153,41.754,1994,5,10,"US","Malus domestica"
3408351861,"Malus pumila",-74.153,41.754,1994,5,10,"US","Malus domestica"
3408351867,"Malus pumila",-74.153,41.754,1994,5,12,"US","Malus domestica"
3408374890,"Malus pumila",-74.153,41.754,1994,5,20,"US","Malus domestica"
3408419879,"Malus pumila",-74.153,41.754,1994,5,3,"US","Malus domestica"
1988636228,"Malus pumila",-84.79956,44.59072,1993,5,22,"US","Malus domestica"
3408312763,"Malus pumila",-74.153,41.754,1993,7,16,"US","Malus domestica"
3408310528,"Malus pumila",-74.153,41.754,1992,5,22,"US","Malus domestica"
3408410535,"Malus pumila",-74.153,41.754,1992,5,15,"US","Malus domestica"
3408419515,"Malus pumila",-74.153,41.754,1992,5,13,"US","Malus domestica"
3408385633,"Malus pumila",-74.153,41.754,1992,11,6,"US","Malus domestica"
3408419393,"Malus pumila",-74.153,41.754,1991,5,9,"US","Malus domestica"
3408423393,"Malus pumila",-74.153,41.754,1991,5,9,"US","Malus domestica"
3408409450,"Malus pumila",-74.153,41.754,1991,9,26,"US","Malus domestica"
1989530593,"Malus pumila",-84.81651,42.31438,1990,5,25,"US","Malus domestica"
1989174644,"Malus pumila",-84.55877,41.86873,1990,7,27,"US","Malus domestica"
1305236559,"Malus pumila",-88.374075,42.95179,1989,6,19,"US","Malus domestica"
1305236303,"Malus pumila",-88.532792,42.864024,1989,8,7,"US","Malus domestica"
1932894946,"Malus pumila",-91.75,39.266667,1988,4,17,"US","Malus domestica"
1305235780,"Malus pumila",-87.840076,42.673909,1988,6,7,"US","Malus domestica"
1305235434,"Malus pumila",-88.530965,43.465018,1988,7,12,"US","Malus domestica"
1988675618,"Malus pumila",-85.774537,45.477356,1987,6,2,"US","Malus domestica"
3408379164,"Malus pumila",-74.153,41.754,1987,6,11,"US","Malus domestica"
1989116406,"Malus pumila",-84.014783,41.905355,1985,4,26,"US","Malus domestica"
1988787997,"Malus pumila",-83.435181,43.444662,1985,5,4,"US","Malus domestica"
1304601578,"Malus pumila",-111.6,41.83,1985,6,2,"US","Malus domestica"
1989153107,"Malus pumila",-85.584038,46.541823,1984,6,20,"US","Malus domestica"
1989495645,"Malus pumila",-83.675813,44.446291,1984,6,10,"US","Malus domestica"
1989159489,"Malus pumila",-86.066278,44.761799,1984,9,15,"US","Malus domestica"
1989344315,"Malus pumila",-86.016944,45.119444,1982,9,7,"US","Malus domestica"
1266945844,"Malus pumila",-95.937371,39.040563,1981,10,21,"US","Malus domestica"
1266945846,"Malus pumila",-96.17848,38.41685,1981,11,2,"US","Malus domestica"
1988927700,"Malus pumila",-85.358818,45.128436,1980,6,13,"US","Malus domestica"
3408378932,"Malus pumila",-74.153,41.754,1979,5,6,"US","Malus domestica"
1266945840,"Malus pumila",-96.17848,38.41685,1978,4,29,"US","Malus domestica"
2900317017,"Malus pumila",-88.111882,43.301908,1975,5,25,"US","Malus domestica"
2900352068,"Malus pumila",-88.111882,43.301908,1975,5,25,"US","Malus domestica"
176980069,"Malus pumila",-105.212802,39.878031,1974,5,8,"US","Malus domestica"
1266945825,"Malus pumila",-96.18166,38.4039,1974,5,2,"US","Malus domestica"
1302743745,"Malus pumila",-85.65,44.883333,1974,5,22,"US","Malus domestica"
1989134441,"Malus pumila",-85.85,44.93333,1974,5,24,"US","Malus domestica"
1988811771,"Malus pumila",-88.48262,46.64471,1974,6,2,"US","Malus domestica"
1266945834,"Malus pumila",-98.76481,38.36446,1973,4,22,"US","Malus domestica"
1266945803,"Malus pumila",-95.96519,38.53316,1972,9,26,"US","Malus domestica"
1266945814,"Malus pumila",-96.17848,38.41685,1972,9,12,"US","Malus domestica"
1266945850,"Malus pumila",-96.17848,38.41685,1972,9,19,"US","Malus domestica"
1266945828,"Malus pumila",-96.17848,38.41685,1971,11,7,"US","Malus domestica"
1266945843,"Malus pumila",-100.87266,37.97169,1971,11,25,"US","Malus domestica"
1988690336,"Malus pumila",-83.6731,42.3243,1970,7,7,"US","Malus domestica"
1266945833,"Malus pumila",-78.62583,38.87611,1969,4,27,"US","Malus domestica"
1266945816,"Malus pumila",-78.50584,38.88178,1969,5,4,"US","Malus domestica"
1266945847,"Malus pumila",-77.84543,38.96313,1969,6,8,"US","Malus domestica"
1266945877,"Malus pumila",-96.18166,38.4039,1969,11,29,"US","Malus domestica"
1988862600,"Malus pumila",-87.35306,45.79861,1968,5,26,"US","Malus domestica"
1266945829,"Malus pumila",-96.17848,38.41685,1967,5,4,"US","Malus domestica"
3331187852,"Malus pumila",-76.278716,40.042453,1967,5,2,"US","Malus domestica"
1266945851,"Malus pumila",-73.20484,41.16704,1966,5,28,"US","Malus domestica"
1266945848,"Malus pumila",-94.99947,39.72567,1965,5,15,"US","Malus domestica"
1988784343,"Malus pumila",-85.830715,43.416355,1965,6,18,"US","Malus domestica"
1988782580,"Malus pumila",-85.19757,43.936655,1965,7,1,"US","Malus domestica"
1305233955,"Malus pumila",-87.325734,44.885487,1964,5,19,"US","Malus domestica"
1266945864,"Malus pumila",-95.52667,38.57972,1962,6,10,"US","Malus domestica"
2252418941,"Malus pumila",-84.01614,42.4457,1961,5,28,"US","Malus domestica"
1305230392,"Malus pumila",-90.082438,43.011298,1957,5,NA,"US","Malus domestica"
1989504737,"Malus pumila",-85.494534,45.80472,1957,7,26,"US","Malus domestica"
1305240788,"Malus pumila",-89.970587,45.518781,1953,7,16,"US","Malus domestica"
1305233350,"Malus pumila",-87.906474,43.038902,1942,5,25,"US","Malus domestica"
1989187760,"Malus pumila",-85.456199,42.602389,1941,5,7,"US","Malus domestica"
1302655194,"Malus pumila",-76.4667,42.45,1938,4,25,"US","Malus domestica"
1989276730,"Malus pumila",-89.226885,47.878659,1930,7,7,"US","Malus domestica"
1989123511,"Malus pumila",-83.721919,42.280554,1926,5,26,"US","Malus domestica"
1988983125,"Malus pumila",-88.401505,47.227425,1926,7,2,"US","Malus domestica"
1989278093,"Malus pumila",-88.16233,47.45824,1926,7,4,"US","Malus domestica"
1989055710,"Malus pumila",-84.696261,45.580949,1924,7,3,"US","Malus domestica"
1305245525,"Malus pumila",-89.892099,45.969672,1923,7,21,"US","Malus domestica"
1988941408,"Malus pumila",-86.623722,41.834217,1921,5,21,"US","Malus domestica"
3413419861,"Malus pumila",-87.674982,42.056221,1895,5,7,"US","Malus domestica"
1988647295,"Malus pumila",-83.77883,41.88894,1894,5,9,"US","Malus domestica"
1988953888,"Malus pumila",-82.44219,42.99284,1892,5,29,"US","Malus domestica"
1304409379,"Malus pumila",-116.56892,32.96825,NA,NA,NA,"US","Malus domestica"
1304546687,"Malus pumila",-116.56892,32.96825,NA,NA,NA,"US","Malus domestica"
1304907651,"Malus pumila",-124.683838,48.363549,NA,NA,NA,"US","Malus domestica"
2251589617,"Malus pumila",-88.675,45.523,NA,NA,NA,"US","Malus domestica"
2251590134,"Malus pumila",-88.675,45.604,NA,NA,NA,"US","Malus domestica"
3350356720,"Malus pumila",-88.669998,45.52,NA,NA,NA,"US","Malus domestica"
3350430626,"Malus pumila",-88.669998,45.599998,NA,NA,NA,"US","Malus domestica"
