"gbifID","species","longitude","latitude","year","month","day","countryCode"
"3097360379","Papilio appalachiensis",-81.776721,36.221617,2021,4,19,"US"
"3109370322","Papilio appalachiensis",-80.468097,37.281857,2021,4,27,"US"
"3112664871","Papilio appalachiensis",-81.862913,35.961108,2021,4,28,"US"
"3112598343","Papilio appalachiensis",-80.466054,37.282463,2021,5,4,"US"
"3124566048","Papilio appalachiensis",-82.5604,36.8705,2021,5,26,"US"
"3124574951","Papilio appalachiensis",-81.913483,36.172538,2021,5,23,"US"
"3124646088","Papilio appalachiensis",-81.917717,36.171203,2021,5,26,"US"
"2620028750","Papilio appalachiensis",-83.137809,35.448174,2020,4,5,"US"
"2626203209","Papilio appalachiensis",-82.231764,36.571404,2020,5,18,"US"
"2626515708","Papilio appalachiensis",-78.687025,38.909385,2020,5,16,"US"
"2634131142","Papilio appalachiensis",-77.932795,40.397113,2020,5,31,"US"
"2634310636","Papilio appalachiensis",-80.19389,37.799164,2020,5,24,"US"
"2634426709","Papilio appalachiensis",-83.544945,35.683947,2020,5,24,"US"
"2802566659","Papilio appalachiensis",-79.46102,38.859882,2020,5,17,"US"
"2823286429","Papilio appalachiensis",-79.616389,38.494722,2020,5,31,"US"
"3039207499","Papilio appalachiensis",-78.533852,38.72793,2020,5,23,"US"
"2641525091","Papilio appalachiensis",-79.821162,37.904571,2020,6,7,"US"
"2802661501","Papilio appalachiensis",-80.100456,37.192173,2020,6,14,"US"
"2823246424","Papilio appalachiensis",-79.924722,38.272778,2020,6,3,"US"
"2850664306","Papilio appalachiensis",-81.499774,36.629731,2020,6,2,"US"
"3013875574","Papilio appalachiensis",-79.404272,39.035196,2020,7,3,"US"
"2850829376","Papilio appalachiensis",-83.430528,35.473542,2020,8,18,"US"
"3112566363","Papilio appalachiensis",-83.222129,35.78887,2019,4,27,"US"
"2244271689","Papilio appalachiensis",-78.345422,39.676403,2019,5,19,"US"
"2244282022","Papilio appalachiensis",-80.309713,38.496372,2019,5,19,"US"
"2244321691","Papilio appalachiensis",-78.344666,39.676226,2019,5,19,"US"
"2465158355","Papilio appalachiensis",-83.306817,35.517126,2019,5,24,"US"
"2626178400","Papilio appalachiensis",-78.479038,39.652671,2019,5,4,"US"
"1848766505","Papilio appalachiensis",-80.30126,36.871833,2018,5,27,"US"
"1848782420","Papilio appalachiensis",-79.605338,38.958555,2018,5,31,"US"
"2350299603","Papilio appalachiensis",-83.95816,34.908809,2018,5,19,"US"
"2366008880","Papilio appalachiensis",-82.473515,35.547719,2018,6,7,"US"
"1571068959","Papilio appalachiensis",-83.301921,35.499501,2017,4,14,"US"
"1668797621","Papilio appalachiensis",-82.360864,36.298462,2017,4,19,"US"
"2802934318","Papilio appalachiensis",-82.224416,36.562298,2017,4,19,"US"
"3014050308","Papilio appalachiensis",-80.264191,38.202472,2017,5,27,"US"
"2580116585","Papilio appalachiensis",-79.463403,39.455235,2017,6,17,"US"
"1935634401","Papilio appalachiensis",-82.60481,35.192922,2016,4,26,"US"
"1986564084","Papilio appalachiensis",-81.628292,35.60062,2016,4,16,"US"
"1702454941","Papilio appalachiensis",-79.819634,39.25957,2016,6,2,"US"
"2596310456","Papilio appalachiensis",-79.479937,39.527615,2015,5,23,"US"
"3097310431","Papilio appalachiensis",-83.39641,35.721694,2014,5,19,"US"
"2466521595","Papilio appalachiensis",-83.919354,34.717036,2013,5,26,"US"
"2860164668","Papilio appalachiensis",-82.977566,35.759154,2013,5,29,"US"
"2466511909","Papilio appalachiensis",-84.131054,34.758144,2012,4,27,"US"
"2466512010","Papilio appalachiensis",-78.001941,38.904,2012,5,1,"US"
"3124646038","Papilio appalachiensis",-82.769392,35.29599,2012,5,2,"US"
"2466512551","Papilio appalachiensis",-78.945302,39.71453,2012,6,16,"US"
"2466505308","Papilio appalachiensis",-84.58196,34.776831,2011,4,25,"US"
"891070590","Papilio appalachiensis",-83.744649,35.609336,2011,5,21,"US"
"1457668978","Papilio appalachiensis",-83.598444,35.067935,2011,5,22,"US"
"1457668998","Papilio appalachiensis",-83.598444,35.067935,2011,5,22,"US"
"1457669070","Papilio appalachiensis",-83.598444,35.067935,2011,5,22,"US"
"2237423405","Papilio appalachiensis",-78.364312,39.660384,2011,5,20,"US"
"2311274160","Papilio appalachiensis",-78.344527,39.658581,2011,5,20,"US"
"2576246211","Papilio appalachiensis",-79.599301,38.745549,2011,6,6,"US"
"2466442569","Papilio appalachiensis",-82.587069,35.135117,2010,5,26,"US"
"1838849053","Papilio appalachiensis",-79.543467,38.68455,2008,6,12,"US"
"2901826542","Papilio appalachiensis",-78.938755,39.697912,2007,6,9,"US"
"3096987448","Papilio appalachiensis",-79.385981,39.45455,2007,6,9,"US"
"2466462642","Papilio appalachiensis",-77.848331,40.572015,2006,6,6,"US"
"2466466353","Papilio appalachiensis",-78.039164,38.96261,2005,5,9,"US"
"2576264011","Papilio appalachiensis",-83.960037,35.013652,2004,5,21,"US"
"2244061905","Papilio appalachiensis",-84.17847,35.28632,2003,5,31,"US"
"2432245221","Papilio appalachiensis",-78.039164,38.96261,2002,5,29,"US"
"2432251673","Papilio appalachiensis",-78.039164,38.96261,2002,5,29,"US"
"1457668975","Papilio appalachiensis",-79.698393,38.866498,2002,6,5,"US"
"2432244731","Papilio appalachiensis",-79.532828,38.699836,2002,6,5,"US"
"2432244873","Papilio appalachiensis",-79.532828,38.699836,2002,6,5,"US"
"2432245075","Papilio appalachiensis",-79.532828,38.699836,2002,6,5,"US"
"2432245313","Papilio appalachiensis",-79.532828,38.699836,2002,6,5,"US"
"2432245562","Papilio appalachiensis",-79.532828,38.699836,2002,6,5,"US"
"2236584903","Papilio appalachiensis",-76.780236,36.681262,1975,4,28,"US"
