"gbifID","species","longitude","latitude","year","month","day","countryCode","accepted_name"
2629887815,"Perideridia kelloggii",-110.883333,24.666667,2003,5,28,"MX","Perideridia kelloggii"
2629925945,"Perideridia kelloggii",-110.891726,24.693678,2003,5,28,"MX","Perideridia kelloggii"
2630293746,"Perideridia kelloggii",-100.041667,21.008333,2003,5,28,"MX","Perideridia kelloggii"
3039432661,"Perideridia kelloggii",-122.206704,37.803886,2021,2,6,"US","Perideridia kelloggii"
3109079469,"Perideridia kelloggii",-122.232521,37.889592,2021,3,25,"US","Perideridia kelloggii"
3743052338,"Perideridia kelloggii",-121.833595,37.19442,2021,4,11,"US","Perideridia kelloggii"
3112464865,"Perideridia kelloggii",-122.142271,37.960619,2021,5,1,"US","Perideridia kelloggii"
3113479834,"Perideridia kelloggii",-122.132616,38.242862,2021,5,3,"US","Perideridia kelloggii"
3113648684,"Perideridia kelloggii",-122.324267,41.176627,2021,5,11,"US","Perideridia kelloggii"
3391403403,"Perideridia kelloggii",-122.13545,37.94636,2021,5,1,"US","Perideridia kelloggii"
3307517952,"Perideridia kelloggii",-122.350677,38.827223,2021,6,14,"US","Perideridia kelloggii"
3314246885,"Perideridia kelloggii",-122.470424,38.316044,2021,6,19,"US","Perideridia kelloggii"
3320912505,"Perideridia kelloggii",-121.976578,37.883513,2021,6,15,"US","Perideridia kelloggii"
3321097523,"Perideridia kelloggii",-122.233479,37.889623,2021,6,16,"US","Perideridia kelloggii"
3321186035,"Perideridia kelloggii",-122.500833,38.436389,2021,6,14,"US","Perideridia kelloggii"
3325625597,"Perideridia kelloggii",-121.917663,37.910083,2021,7,8,"US","Perideridia kelloggii"
3325688604,"Perideridia kelloggii",-121.982487,37.20382,2021,7,1,"US","Perideridia kelloggii"
3327730652,"Perideridia kelloggii",-122.551739,38.540773,2021,7,2,"US","Perideridia kelloggii"
3330744861,"Perideridia kelloggii",-122.288812,37.459992,2021,7,16,"US","Perideridia kelloggii"
3333183442,"Perideridia kelloggii",-122.279878,37.464833,2021,7,28,"US","Perideridia kelloggii"
3333303509,"Perideridia kelloggii",-122.582275,38.521933,2021,7,7,"US","Perideridia kelloggii"
3333312894,"Perideridia kelloggii",-122.279733,37.464285,2021,7,24,"US","Perideridia kelloggii"
3333418576,"Perideridia kelloggii",-122.53018,38.546633,2021,7,19,"US","Perideridia kelloggii"
3333543421,"Perideridia kelloggii",-122.290353,37.465787,2021,7,28,"US","Perideridia kelloggii"
3383880937,"Perideridia kelloggii",-122.593361,38.359361,2021,7,30,"US","Perideridia kelloggii"
3383923936,"Perideridia kelloggii",-122.183563,37.37902,2021,7,28,"US","Perideridia kelloggii"
3384619873,"Perideridia kelloggii",-123.206688,39.013072,2021,7,14,"US","Perideridia kelloggii"
3391643459,"Perideridia kelloggii",-122.224772,37.887625,2021,7,20,"US","Perideridia kelloggii"
3335348444,"Perideridia kelloggii",-122.279883,37.464833,2021,8,4,"US","Perideridia kelloggii"
3337684426,"Perideridia kelloggii",-122.281037,37.470017,2021,8,11,"US","Perideridia kelloggii"
3338076961,"Perideridia kelloggii",-122.279687,37.464209,2021,8,9,"US","Perideridia kelloggii"
3338101712,"Perideridia kelloggii",-122.282028,37.472922,2021,8,11,"US","Perideridia kelloggii"
3354996734,"Perideridia kelloggii",-122.27976,37.464322,2021,8,13,"US","Perideridia kelloggii"
3384592009,"Perideridia kelloggii",-122.217107,37.871591,2021,8,8,"US","Perideridia kelloggii"
3391715493,"Perideridia kelloggii",-122.599322,38.362884,2021,8,18,"US","Perideridia kelloggii"
3355674341,"Perideridia kelloggii",-122.57353,37.900643,2021,9,6,"US","Perideridia kelloggii"
2596292821,"Perideridia kelloggii",-121.79033,37.211553,2020,3,23,"US","Perideridia kelloggii"
2611414776,"Perideridia kelloggii",-121.833767,37.194436,2020,4,24,"US","Perideridia kelloggii"
3391687342,"Perideridia kelloggii",-122.135174,37.9502,2020,4,24,"US","Perideridia kelloggii"
2803048435,"Perideridia kelloggii",-121.940095,37.917878,2020,6,25,"US","Perideridia kelloggii"
2814053942,"Perideridia kelloggii",-122.278862,37.473045,2020,7,8,"US","Perideridia kelloggii"
2814093662,"Perideridia kelloggii",-122.114075,37.720295,2020,7,7,"US","Perideridia kelloggii"
2814273572,"Perideridia kelloggii",-122.278167,37.470878,2020,7,8,"US","Perideridia kelloggii"
2818645443,"Perideridia kelloggii",-122.279158,37.465083,2020,7,15,"US","Perideridia kelloggii"
2818772530,"Perideridia kelloggii",-122.748231,38.519397,2020,7,6,"US","Perideridia kelloggii"
2823121123,"Perideridia kelloggii",-122.053811,37.819388,2020,7,19,"US","Perideridia kelloggii"
2823159211,"Perideridia kelloggii",-122.5027,38.435883,2020,7,20,"US","Perideridia kelloggii"
2826176731,"Perideridia kelloggii",-122.095725,37.86703,2020,7,23,"US","Perideridia kelloggii"
2826203177,"Perideridia kelloggii",-122.626697,37.886022,2020,7,26,"US","Perideridia kelloggii"
2826284770,"Perideridia kelloggii",-122.601853,37.947728,2020,7,20,"US","Perideridia kelloggii"
2826314744,"Perideridia kelloggii",-122.281578,37.469513,2020,7,29,"US","Perideridia kelloggii"
2826373032,"Perideridia kelloggii",-122.278834,37.463459,2020,7,15,"US","Perideridia kelloggii"
2826443546,"Perideridia kelloggii",-121.800438,37.211403,2020,7,18,"US","Perideridia kelloggii"
2851248485,"Perideridia kelloggii",-121.84315,37.230636,2020,7,29,"US","Perideridia kelloggii"
3058823546,"Perideridia kelloggii",-122.498854,38.437497,2020,7,22,"US","Perideridia kelloggii"
3333156349,"Perideridia kelloggii",-122.62221,38.502852,2020,7,3,"US","Perideridia kelloggii"
3383932479,"Perideridia kelloggii",-122.184555,37.379088,2020,7,2,"US","Perideridia kelloggii"
3391418362,"Perideridia kelloggii",-122.136704,37.949541,2020,7,1,"US","Perideridia kelloggii"
2850745675,"Perideridia kelloggii",-122.493254,37.911263,2020,8,7,"US","Perideridia kelloggii"
2850860580,"Perideridia kelloggii",-122.279922,37.464833,2020,8,6,"US","Perideridia kelloggii"
2850866537,"Perideridia kelloggii",-122.278512,37.47345,2020,8,12,"US","Perideridia kelloggii"
2851059877,"Perideridia kelloggii",-121.93013,37.89185,2020,8,7,"US","Perideridia kelloggii"
2851172824,"Perideridia kelloggii",-122.46238,37.754138,2020,8,13,"US","Perideridia kelloggii"
2856720954,"Perideridia kelloggii",-123.459006,38.721835,2020,8,23,"US","Perideridia kelloggii"
2860127080,"Perideridia kelloggii",-123.104211,38.41828,2020,8,30,"US","Perideridia kelloggii"
3090771773,"Perideridia kelloggii",-122.265953,37.915353,2020,8,6,"US","Perideridia kelloggii"
3320875361,"Perideridia kelloggii",-122.612489,37.988664,2020,8,18,"US","Perideridia kelloggii"
2239014084,"Perideridia kelloggii",-121.934515,37.853839,2019,4,28,"US","Perideridia kelloggii"
3399101418,"Perideridia kelloggii",-121.926111,37.85,2019,4,28,"US","Perideridia kelloggii"
2273251989,"Perideridia kelloggii",-122.315734,37.957909,2019,6,22,"US","Perideridia kelloggii"
2421783224,"Perideridia kelloggii",-121.889342,39.405084,2019,6,1,"US","Perideridia kelloggii"
2456499954,"Perideridia kelloggii",-121.91748,37.910422,2019,6,27,"US","Perideridia kelloggii"
3070279673,"Perideridia kelloggii",-122.590713,38.411208,2019,6,26,"US","Perideridia kelloggii"
2283163650,"Perideridia kelloggii",-121.93428,37.855928,2019,7,4,"US","Perideridia kelloggii"
2283214469,"Perideridia kelloggii",-121.976186,37.883359,2019,7,7,"US","Perideridia kelloggii"
2421782215,"Perideridia kelloggii",-121.889326,39.405074,2019,7,14,"US","Perideridia kelloggii"
2421782379,"Perideridia kelloggii",-121.889326,39.405074,2019,7,14,"US","Perideridia kelloggii"
2421782462,"Perideridia kelloggii",-121.889326,39.405074,2019,7,14,"US","Perideridia kelloggii"
2421782747,"Perideridia kelloggii",-121.889326,39.405074,2019,7,14,"US","Perideridia kelloggii"
2610058926,"Perideridia kelloggii",-121.195834,39.298299,2019,7,10,"US","Perideridia kelloggii"
2898447336,"Perideridia kelloggii",-122.65686,38.022182,2019,7,15,"US","Perideridia kelloggii"
3391425313,"Perideridia kelloggii",-121.976419,37.883626,2019,7,3,"US","Perideridia kelloggii"
3391651319,"Perideridia kelloggii",-122.141585,37.96077,2019,7,16,"US","Perideridia kelloggii"
2331922132,"Perideridia kelloggii",-122.588945,37.945745,2019,8,5,"US","Perideridia kelloggii"
2350340097,"Perideridia kelloggii",-122.654413,38.019826,2019,8,9,"US","Perideridia kelloggii"
2350345158,"Perideridia kelloggii",-122.353762,37.52153,2019,8,9,"US","Perideridia kelloggii"
2366075749,"Perideridia kelloggii",-122.699858,38.584233,2019,8,17,"US","Perideridia kelloggii"
2366130716,"Perideridia kelloggii",-122.996375,38.35368,2019,8,20,"US","Perideridia kelloggii"
2397527626,"Perideridia kelloggii",-122.585838,37.945667,2019,8,23,"US","Perideridia kelloggii"
3337556340,"Perideridia kelloggii",-122.92262,38.569548,2019,8,6,"US","Perideridia kelloggii"
3383932380,"Perideridia kelloggii",-122.62645,37.8861,2019,8,13,"US","Perideridia kelloggii"
2422939786,"Perideridia kelloggii",-122.240753,37.352149,2019,9,6,"US","Perideridia kelloggii"
2422994024,"Perideridia kelloggii",-122.59647,37.923544,2019,9,9,"US","Perideridia kelloggii"
2423111988,"Perideridia kelloggii",-122.591676,37.946936,2019,9,16,"US","Perideridia kelloggii"
2429311224,"Perideridia kelloggii",-122.457962,37.608853,2019,9,27,"US","Perideridia kelloggii"
2459722804,"Perideridia kelloggii",-121.88922,39.404922,2019,9,28,"US","Perideridia kelloggii"
2459729805,"Perideridia kelloggii",-121.88922,39.404922,2019,9,28,"US","Perideridia kelloggii"
2459730804,"Perideridia kelloggii",-121.88922,39.404922,2019,9,28,"US","Perideridia kelloggii"
3079548422,"Perideridia kelloggii",-123.227079,39.162387,2018,2,28,"US","Perideridia kelloggii"
1890062291,"Perideridia kelloggii",-122.601912,37.953969,2018,7,29,"US","Perideridia kelloggii"
1890071155,"Perideridia kelloggii",-122.778989,38.019805,2018,7,30,"US","Perideridia kelloggii"
1914223303,"Perideridia kelloggii",-122.058138,37.288396,2018,7,19,"US","Perideridia kelloggii"
2282994444,"Perideridia kelloggii",-122.170395,37.922562,2018,7,14,"US","Perideridia kelloggii"
2980937315,"Perideridia kelloggii",-122.191779,38.049926,2018,7,13,"US","Perideridia kelloggii"
3398768384,"Perideridia kelloggii",-121.952568,37.86987,2018,7,5,"US","Perideridia kelloggii"
1891322664,"Perideridia kelloggii",-122.272114,37.274283,2018,8,12,"US","Perideridia kelloggii"
1891323002,"Perideridia kelloggii",-122.271965,37.274452,2018,8,12,"US","Perideridia kelloggii"
1898797433,"Perideridia kelloggii",-122.706591,37.953806,2018,8,17,"US","Perideridia kelloggii"
1946198594,"Perideridia kelloggii",-122.655511,38.022075,2018,8,23,"US","Perideridia kelloggii"
3061666322,"Perideridia kelloggii",-122.502687,38.43558,2018,8,1,"US","Perideridia kelloggii"
1901058745,"Perideridia kelloggii",-122.563775,38.461778,2018,9,2,"US","Perideridia kelloggii"
1913670055,"Perideridia kelloggii",-122.634063,37.964528,2018,9,2,"US","Perideridia kelloggii"
1500239431,"Perideridia kelloggii",-122.487303,37.912666,2017,4,15,"US","Perideridia kelloggii"
1584406545,"Perideridia kelloggii",-122.282918,37.472688,2017,7,16,"US","Perideridia kelloggii"
1586100767,"Perideridia kelloggii",-122.601128,37.948837,2017,7,23,"US","Perideridia kelloggii"
1703133404,"Perideridia kelloggii",-122.459755,37.793275,2017,7,16,"US","Perideridia kelloggii"
1621783821,"Perideridia kelloggii",-122.59893,37.956208,2017,8,19,"US","Perideridia kelloggii"
1668807164,"Perideridia kelloggii",-122.08458,37.02205,2017,8,30,"US","Perideridia kelloggii"
2626679050,"Perideridia kelloggii",-122.133185,38.242461,2016,5,26,"US","Perideridia kelloggii"
3399118329,"Perideridia kelloggii",-121.916656,37.883471,2016,6,24,"US","Perideridia kelloggii"
3399142324,"Perideridia kelloggii",-121.91185,37.873173,2016,6,25,"US","Perideridia kelloggii"
1291138220,"Perideridia kelloggii",-122.699654,38.584489,2016,7,19,"US","Perideridia kelloggii"
2574201727,"Perideridia kelloggii",-122.68858,38.57155,2016,7,6,"US","Perideridia kelloggii"
2850743585,"Perideridia kelloggii",-121.940457,37.922193,2016,7,4,"US","Perideridia kelloggii"
3398916327,"Perideridia kelloggii",-122.140541,37.943209,2016,7,2,"US","Perideridia kelloggii"
1122959632,"Perideridia kelloggii",-122.046374,37.821071,2015,7,9,"US","Perideridia kelloggii"
2421779041,"Perideridia kelloggii",-122.338674,38.769673,2015,7,18,"US","Perideridia kelloggii"
2451557762,"Perideridia kelloggii",-121.8911,37.15734,2015,7,17,"US","Perideridia kelloggii"
3398766307,"Perideridia kelloggii",-122.148667,37.931776,2015,7,6,"US","Perideridia kelloggii"
899955736,"Perideridia kelloggii",-122.7424,38.060395,2014,3,28,"US","Perideridia kelloggii"
1269586542,"Perideridia kelloggii",-122.624168,37.964078,2014,3,22,"US","Perideridia kelloggii"
910497885,"Perideridia kelloggii",-122.289419,37.467569,2014,5,10,"US","Perideridia kelloggii"
2418051714,"Perideridia kelloggii",-122.57069,39.370791,2014,6,16,"US","Perideridia kelloggii"
2422522302,"Perideridia kelloggii",-122.57411,39.36797,2014,6,16,"US","Perideridia kelloggii"
1024187640,"Perideridia kelloggii",-122.70856,38.57505,2014,7,9,"US","Perideridia kelloggii"
1024190368,"Perideridia kelloggii",-122.279792,37.465228,2014,7,14,"US","Perideridia kelloggii"
1024193856,"Perideridia kelloggii",-122.2195,38.040167,2014,7,19,"US","Perideridia kelloggii"
1024211848,"Perideridia kelloggii",-122.414388,37.743625,2014,8,18,"US","Perideridia kelloggii"
1640030034,"Perideridia kelloggii",-122.614733,37.978102,2013,6,28,"US","Perideridia kelloggii"
2430031730,"Perideridia kelloggii",-122.480906,39.164833,2013,6,16,"US","Perideridia kelloggii"
2430149315,"Perideridia kelloggii",-122.480906,39.164833,2013,6,16,"US","Perideridia kelloggii"
1052589239,"Perideridia kelloggii",-122.16615,37.813852,2013,7,29,"US","Perideridia kelloggii"
1269586303,"Perideridia kelloggii",-122.614964,37.954853,2013,8,10,"US","Perideridia kelloggii"
1426405455,"Perideridia kelloggii",-122.61493,37.95488,2013,8,10,"US","Perideridia kelloggii"
1426324898,"Perideridia kelloggii",-122.60919,37.92489,2012,8,25,"US","Perideridia kelloggii"
1426324946,"Perideridia kelloggii",-122.6132,37.91204,2012,8,25,"US","Perideridia kelloggii"
891064148,"Perideridia kelloggii",-122.582603,37.96896,2011,7,24,"US","Perideridia kelloggii"
891064274,"Perideridia kelloggii",-122.233576,37.407757,2011,7,31,"US","Perideridia kelloggii"
891064782,"Perideridia kelloggii",-122.493675,37.916374,2011,8,30,"US","Perideridia kelloggii"
2418046519,"Perideridia kelloggii",-121.451667,39.6536109990729,2011,8,18,"US","Perideridia kelloggii"
2418051493,"Perideridia kelloggii",-121.181667,39.3711109990746,2011,8,15,"US","Perideridia kelloggii"
2982006355,"Perideridia kelloggii",-123.151192,38.470726,2011,8,10,"US","Perideridia kelloggii"
2418035041,"Perideridia kelloggii",-120.809722,41.121111,2010,7,31,"US","Perideridia kelloggii"
2418048689,"Perideridia kelloggii",-121.168611,39.3980559990744,2010,11,8,"US","Perideridia kelloggii"
2270204275,"Perideridia kelloggii",-120.93333,35.420556,2009,5,23,"US","Perideridia kelloggii"
2421711390,"Perideridia kelloggii",-122.457795,39.0810879990765,2009,5,12,"US","Perideridia kelloggii"
1065613958,"Perideridia kelloggii",-121.918252,37.871729,2009,6,3,"US","Perideridia kelloggii"
2418032858,"Perideridia kelloggii",-121.723333,39.809722,2009,6,30,"US","Perideridia kelloggii"
2418031580,"Perideridia kelloggii",-121.723333,39.809722,2009,7,9,"US","Perideridia kelloggii"
2270206636,"Perideridia kelloggii",-120.7261,35.26023,2009,8,17,"US","Perideridia kelloggii"
2421701240,"Perideridia kelloggii",-122.374521,39.011185999077,2008,5,18,"US","Perideridia kelloggii"
2421701927,"Perideridia kelloggii",-122.399854,39.006713999077,2008,5,18,"US","Perideridia kelloggii"
2982036924,"Perideridia kelloggii",-123.681546,40.785136,2008,8,16,"US","Perideridia kelloggii"
2421698252,"Perideridia kelloggii",-122.105389,38.5929999990799,2007,6,8,"US","Perideridia kelloggii"
2421700453,"Perideridia kelloggii",-122.366389,38.9922219990771,2007,6,24,"US","Perideridia kelloggii"
2418032257,"Perideridia kelloggii",-123.04339,38.3752,2007,10,26,"US","Perideridia kelloggii"
2418054698,"Perideridia kelloggii",-121.648333,39.8136109990719,2006,7,7,"US","Perideridia kelloggii"
2418027929,"Perideridia kelloggii",-121.538056,39.351111,2006,8,5,"US","Perideridia kelloggii"
2270204170,"Perideridia kelloggii",-121.28976,35.69168,2005,6,24,"US","Perideridia kelloggii"
2421687754,"Perideridia kelloggii",-121.071389,38.516944,2005,6,11,"US","Perideridia kelloggii"
2421706998,"Perideridia kelloggii",-121.071389,38.516944,2005,6,11,"US","Perideridia kelloggii"
2421707736,"Perideridia kelloggii",-121.071389,38.516944,2005,6,11,"US","Perideridia kelloggii"
2421707993,"Perideridia kelloggii",-121.071389,38.516944,2005,6,11,"US","Perideridia kelloggii"
2421709133,"Perideridia kelloggii",-121.932645,40.0939799990703,2005,6,6,"US","Perideridia kelloggii"
2421710086,"Perideridia kelloggii",-121.768254,40.1372689990701,2005,6,29,"US","Perideridia kelloggii"
2418051092,"Perideridia kelloggii",-121.4825,41.1138889990652,2005,7,18,"US","Perideridia kelloggii"
2595831839,"Perideridia kelloggii",-122.03,38.55,2004,5,5,"US","Perideridia kelloggii"
2418007495,"Perideridia kelloggii",-121.725,39.8077779990719,2004,6,6,"US","Perideridia kelloggii"
3059703922,"Perideridia kelloggii",-122.2003,38.0491,2004,7,9,"US","Perideridia kelloggii"
2418006362,"Perideridia kelloggii",-122.327222,39.2299999990755,2003,4,10,"US","Perideridia kelloggii"
2422501958,"Perideridia kelloggii",-122.49111,39.33,2003,5,30,"US","Perideridia kelloggii"
1930690998,"Perideridia kelloggii",-122.47819,39.14756,2003,7,14,"US","Perideridia kelloggii"
2418002042,"Perideridia kelloggii",-122.478333,39.1475,2003,7,14,"US","Perideridia kelloggii"
2418002313,"Perideridia kelloggii",-122.479722,39.165278,2002,5,2,"US","Perideridia kelloggii"
2418002613,"Perideridia kelloggii",-122.479722,39.165278,2002,5,2,"US","Perideridia kelloggii"
2421675909,"Perideridia kelloggii",-122.328056,38.869722,2002,7,5,"US","Perideridia kelloggii"
2421693659,"Perideridia kelloggii",-122.328056,38.869722,2002,7,5,"US","Perideridia kelloggii"
2421708646,"Perideridia kelloggii",-122.079722,37.016667,2002,10,9,"US","Perideridia kelloggii"
2421675915,"Perideridia kelloggii",-122.253889,38.898611,2001,5,30,"US","Perideridia kelloggii"
2417998145,"Perideridia kelloggii",-122.631944,39.8891669990715,2001,6,14,"US","Perideridia kelloggii"
2421685629,"Perideridia kelloggii",-122.7,39.233333,2001,6,29,"US","Perideridia kelloggii"
2421686376,"Perideridia kelloggii",-122.7,39.233333,2001,6,29,"US","Perideridia kelloggii"
3059694112,"Perideridia kelloggii",-122.631944,39.8891669990715,2001,6,14,"US","Perideridia kelloggii"
2421675112,"Perideridia kelloggii",-122.152222,38.489722,2001,7,6,"US","Perideridia kelloggii"
2421673863,"Perideridia kelloggii",-122.322222,38.808333,2000,8,11,"US","Perideridia kelloggii"
2421674253,"Perideridia kelloggii",-122.409444,38.858333,2000,8,11,"US","Perideridia kelloggii"
2417995420,"Perideridia kelloggii",-122.618056,39.803332999072,1999,6,3,"US","Perideridia kelloggii"
2417996732,"Perideridia kelloggii",-122.608889,40.14999999907,1999,6,21,"US","Perideridia kelloggii"
2421673163,"Perideridia kelloggii",-122.099444,38.5025,1999,7,2,"US","Perideridia kelloggii"
2626958538,"Perideridia kelloggii",-122.099444,38.5025,1999,7,2,"US","Perideridia kelloggii"
2417996213,"Perideridia kelloggii",-122.608889,40.14999999907,1998,6,25,"US","Perideridia kelloggii"
2459165793,"Perideridia kelloggii",-122.075682,37.019069,1998,7,10,"US","Perideridia kelloggii"
2417996420,"Perideridia kelloggii",-122.57,40.0905559990703,1998,8,21,"US","Perideridia kelloggii"
2417996484,"Perideridia kelloggii",-122.587778,40.0727779990704,1998,8,27,"US","Perideridia kelloggii"
2421673262,"Perideridia kelloggii",-122.099444,38.5025,1998,8,8,"US","Perideridia kelloggii"
2417994543,"Perideridia kelloggii",-121.577778,39.8141669990719,1997,4,5,"US","Perideridia kelloggii"
2417989360,"Perideridia kelloggii",-120.800833,39.2444439990754,1997,7,16,"US","Perideridia kelloggii"
2421752189,"Perideridia kelloggii",-122.495148,38.439924,1997,7,19,"US","Perideridia kelloggii"
2421754680,"Perideridia kelloggii",-122.502201,38.4472,1997,7,19,"US","Perideridia kelloggii"
3051708535,"Perideridia kelloggii",-120.800833,39.2444439990754,1997,7,16,"US","Perideridia kelloggii"
2418014665,"Perideridia kelloggii",-123.029444,39.9024999990714,1996,6,19,"US","Perideridia kelloggii"
2421706037,"Perideridia kelloggii",-122.392442,39.021792,1996,6,27,"US","Perideridia kelloggii"
2421752976,"Perideridia kelloggii",-122.625,38.541667,1996,6,30,"US","Perideridia kelloggii"
2417983814,"Perideridia kelloggii",-122.113056,40.2952779990692,1996,7,8,"US","Perideridia kelloggii"
2417986003,"Perideridia kelloggii",-121.921944,39.6033329990732,1996,7,22,"US","Perideridia kelloggii"
2270207011,"Perideridia kelloggii",-120.759985,38.622508,1992,7,NA,"US","Perideridia kelloggii"
2421772763,"Perideridia kelloggii",-122.203778,38.365578,1992,7,22,"US","Perideridia kelloggii"
2270206136,"Perideridia kelloggii",-121.1162,35.5919,1991,8,NA,"US","Perideridia kelloggii"
2430400889,"Perideridia kelloggii",-122.858483,39.327163,1988,7,4,"US","Perideridia kelloggii"
3125166658,"Perideridia kelloggii",-122.8628,39.3247,1988,7,4,"US","Perideridia kelloggii"
2417966072,"Perideridia kelloggii",-122.725,39.3205559990749,1986,6,30,"US","Perideridia kelloggii"
2417967612,"Perideridia kelloggii",-121.640556,39.8124999990719,1985,6,6,"US","Perideridia kelloggii"
2417968802,"Perideridia kelloggii",-121.728889,39.803055999072,1985,6,22,"US","Perideridia kelloggii"
3320764335,"Perideridia kelloggii",-122.779556,38.838361,1984,4,22,"US","Perideridia kelloggii"
3320756629,"Perideridia kelloggii",-122.830722,38.837056,1984,5,5,"US","Perideridia kelloggii"
3320760133,"Perideridia kelloggii",-122.760722,38.761944,1984,5,30,"US","Perideridia kelloggii"
3320747009,"Perideridia kelloggii",-122.777333,38.840556,1984,7,13,"US","Perideridia kelloggii"
2417967369,"Perideridia kelloggii",-121.753333,39.7855559990721,1983,6,7,"US","Perideridia kelloggii"
3320801261,"Perideridia kelloggii",-122.764028,38.844028,1983,6,28,"US","Perideridia kelloggii"
3320802686,"Perideridia kelloggii",-122.747222,38.845778,1983,6,14,"US","Perideridia kelloggii"
2270204597,"Perideridia kelloggii",-121.303571,35.709206,1983,7,16,"US","Perideridia kelloggii"
2417966236,"Perideridia kelloggii",-120.961389,41.3216669990643,1983,7,18,"US","Perideridia kelloggii"
3320778578,"Perideridia kelloggii",-122.419194,38.563778,1983,8,14,"US","Perideridia kelloggii"
2417962935,"Perideridia kelloggii",-121.813333,39.2627779990753,1982,6,19,"US","Perideridia kelloggii"
2417963524,"Perideridia kelloggii",-121.813611,39.2666669990753,1982,9,9,"US","Perideridia kelloggii"
2982021001,"Perideridia kelloggii",-123.525278,40.295,1981,7,30,"US","Perideridia kelloggii"
2982077098,"Perideridia kelloggii",-123.76517,42.028292,1981,7,27,"US","Perideridia kelloggii"
3320751682,"Perideridia kelloggii",-123.525361,40.29525,1981,7,30,"US","Perideridia kelloggii"
2982026009,"Perideridia kelloggii",-123.591667,40.649167,1981,8,21,"US","Perideridia kelloggii"
3320763356,"Perideridia kelloggii",-123.724111,40.669778,1981,8,5,"US","Perideridia kelloggii"
3320785233,"Perideridia kelloggii",-123.716722,40.701472,1981,8,7,"US","Perideridia kelloggii"
3320789881,"Perideridia kelloggii",-123.751611,40.682222,1981,8,7,"US","Perideridia kelloggii"
3320789962,"Perideridia kelloggii",-123.751611,40.682222,1981,8,7,"US","Perideridia kelloggii"
3320794987,"Perideridia kelloggii",-123.591806,40.649389,1981,8,21,"US","Perideridia kelloggii"
1438447606,"Perideridia kelloggii",-122.099444,38.5025,1980,8,10,"US","Perideridia kelloggii"
2421775878,"Perideridia kelloggii",-122.099444,38.5025,1980,8,10,"US","Perideridia kelloggii"
2982029955,"Perideridia kelloggii",-123.497849,41.124393,1980,8,18,"US","Perideridia kelloggii"
3320766464,"Perideridia kelloggii",-123.985667,41.813361,1979,6,13,"US","Perideridia kelloggii"
2982012096,"Perideridia kelloggii",-123.217694,40.160722,1979,7,17,"US","Perideridia kelloggii"
2982019109,"Perideridia kelloggii",-123.462,41.080917,1979,7,31,"US","Perideridia kelloggii"
2982053070,"Perideridia kelloggii",-123.321333,40.198056,1979,7,18,"US","Perideridia kelloggii"
2982057071,"Perideridia kelloggii",-123.397611,40.342806,1979,7,17,"US","Perideridia kelloggii"
3320744821,"Perideridia kelloggii",-123.466472,40.402778,1979,7,18,"US","Perideridia kelloggii"
3320765719,"Perideridia kelloggii",-123.462,41.080917,1979,7,31,"US","Perideridia kelloggii"
3320766077,"Perideridia kelloggii",-123.692111,40.8145,1979,7,26,"US","Perideridia kelloggii"
3320766240,"Perideridia kelloggii",-123.692111,40.8145,1979,7,26,"US","Perideridia kelloggii"
3320781426,"Perideridia kelloggii",-123.397611,40.342806,1979,7,17,"US","Perideridia kelloggii"
3320791985,"Perideridia kelloggii",-123.217694,40.160722,1979,7,17,"US","Perideridia kelloggii"
3320794068,"Perideridia kelloggii",-122.50975,38.547889,1979,7,27,"US","Perideridia kelloggii"
3320808797,"Perideridia kelloggii",-123.718944,40.701472,1979,7,10,"US","Perideridia kelloggii"
3320809661,"Perideridia kelloggii",-123.718944,40.701472,1979,7,10,"US","Perideridia kelloggii"
2982012122,"Perideridia kelloggii",-123.470556,41.084583,1979,8,2,"US","Perideridia kelloggii"
2982029983,"Perideridia kelloggii",-123.471694,41.067917,1979,8,2,"US","Perideridia kelloggii"
3320765745,"Perideridia kelloggii",-123.471694,41.067917,1979,8,2,"US","Perideridia kelloggii"
3320766583,"Perideridia kelloggii",-123.470556,41.084583,1979,8,2,"US","Perideridia kelloggii"
3320767751,"Perideridia kelloggii",-122.595111,38.655194,1978,7,28,"US","Perideridia kelloggii"
2417954127,"Perideridia kelloggii",-121.645,39.6430559990729,1977,6,27,"US","Perideridia kelloggii"
2982052768,"Perideridia kelloggii",-122.89565,39.458479,1977,7,14,"US","Perideridia kelloggii"
2421753237,"Perideridia kelloggii",-123.473857,38.726889,1976,10,19,"US","Perideridia kelloggii"
2421774443,"Perideridia kelloggii",-122.769722,38.838333,1975,6,5,"US","Perideridia kelloggii"
2982059315,"Perideridia kelloggii",-123.63344,40.625638,1975,7,30,"US","Perideridia kelloggii"
2982054306,"Perideridia kelloggii",-123.7267,39.952,1975,10,9,"US","Perideridia kelloggii"
2421771749,"Perideridia kelloggii",-122.750278,38.77,1974,7,25,"US","Perideridia kelloggii"
2982004283,"Perideridia kelloggii",-123.61705,40.515569,1974,7,20,"US","Perideridia kelloggii"
2982004213,"Perideridia kelloggii",-123.61705,40.515569,1973,9,3,"US","Perideridia kelloggii"
2982050205,"Perideridia kelloggii",-123.61705,40.515569,1973,9,3,"US","Perideridia kelloggii"
2982046925,"Perideridia kelloggii",-122.291139,37.435264,1971,7,22,"US","Perideridia kelloggii"
2451548296,"Perideridia kelloggii",-121.868116,37.17771,1970,8,27,"US","Perideridia kelloggii"
2451549408,"Perideridia kelloggii",-121.868116,37.17771,1970,8,27,"US","Perideridia kelloggii"
1457369768,"Perideridia kelloggii",-122.915552,38.372415,1967,9,2,"US","Perideridia kelloggii"
2430417749,"Perideridia kelloggii",-122.9347,38.3848,1967,9,2,"US","Perideridia kelloggii"
2270205858,"Perideridia kelloggii",-122.647753,38.508212,1966,8,23,"US","Perideridia kelloggii"
3406866736,"Perideridia kelloggii",-118.527796,35.691969,1958,5,27,"US","Perideridia kelloggii"
1457369799,"Perideridia kelloggii",-122.443879,37.740637,1957,7,14,"US","Perideridia kelloggii"
2451549274,"Perideridia kelloggii",-121.20897,37.059589,1957,7,24,"US","Perideridia kelloggii"
2430095629,"Perideridia kelloggii",-122.391531522966,37.7145627703946,1956,7,22,"US","Perideridia kelloggii"
2422277538,"Perideridia kelloggii",-120.23611,39.48556,1955,6,26,"US","Perideridia kelloggii"
2421752309,"Perideridia kelloggii",-122.238705159573,37.8762934696302,1943,7,10,"US","Perideridia kelloggii"
2421752237,"Perideridia kelloggii",-122.30461,39.10715,1941,7,17,"US","Perideridia kelloggii"
2421753948,"Perideridia kelloggii",-123.228373,39.782532,1941,8,8,"US","Perideridia kelloggii"
2459161718,"Perideridia kelloggii",-122.55453005058,38.8973805478705,1937,7,23,"US","Perideridia kelloggii"
2430138057,"Perideridia kelloggii",-121.942478345085,36.5167161956188,1936,9,9,"US","Perideridia kelloggii"
2421750887,"Perideridia kelloggii",-122.636652,38.232417,1935,7,19,"US","Perideridia kelloggii"
2430098361,"Perideridia kelloggii",-120.1715,41.9884,1935,8,16,"US","Perideridia kelloggii"
2430177451,"Perideridia kelloggii",-122.238705159533,37.8762904696956,1933,9,24,"US","Perideridia kelloggii"
2430213817,"Perideridia kelloggii",-122.238705159533,37.8762904696956,1933,9,2,"US","Perideridia kelloggii"
2421752476,"Perideridia kelloggii",-122.640012,38.555875,1932,8,28,"US","Perideridia kelloggii"
2430166169,"Perideridia kelloggii",-122.4413,37.7514,1932,10,22,"US","Perideridia kelloggii"
3125165661,"Perideridia kelloggii",-122.5966,37.9247,1925,10,3,"US","Perideridia kelloggii"
2421752886,"Perideridia kelloggii",-121.83639,39.72861,1921,7,16,"US","Perideridia kelloggii"
2421754221,"Perideridia kelloggii",-122.2931,37.8692,1914,9,1,"US","Perideridia kelloggii"
2430287341,"Perideridia kelloggii",-121.85769,37.06271,1902,10,12,"US","Perideridia kelloggii"
1457369787,"Perideridia kelloggii",-121.575953,39.697579,1897,5,NA,"US","Perideridia kelloggii"
3125168667,"Perideridia kelloggii",-122.04879,38.35058,1892,8,17,"US","Perideridia kelloggii"
3125037656,"Perideridia kelloggii",-122.66469,39.15967,1882,7,6,"US","Perideridia kelloggii"
2859432116,"Perideridia kelloggii",-122.030796,36.974117,1881,6,28,"US","Perideridia kelloggii"
415952240,"Perideridia kelloggii",-122.19555,37.84166,1868,8,26,"US","Perideridia kelloggii"
2421673988,"Perideridia kelloggii",-121.3,39.283333,NA,NA,NA,"US","Perideridia kelloggii"
2422405207,"Perideridia kelloggii",-121.3,39.28333,NA,NA,NA,"US","Perideridia kelloggii"
2430289114,"Perideridia kelloggii",-122.3643,37.5131,NA,NA,NA,"US","Perideridia kelloggii"
2430377986,"Perideridia kelloggii",-121.834191141819,39.738306596035,NA,NA,NA,"US","Perideridia kelloggii"
2432122968,"Perideridia kelloggii",-122.247184,37.105539,NA,NA,NA,"US","Perideridia kelloggii"
