"gbifID","species","longitude","latitude","year","month","day","countryCode","accepted_name"
"2561519339","Persea borbonia",-123.25081,49.25408,NA,NA,NA,"CA","Persea borbonia"
"3343911427","Persea borbonia",-99.042191,24.595678,2021,1,31,"MX","Persea borbonia"
"2850869485","Persea borbonia",-100.212578,25.627514,2020,8,4,"MX","Persea borbonia"
"2242812401","Persea borbonia",-100.210861,25.629293,2019,4,29,"MX","Persea borbonia"
"3335431313","Persea borbonia",-100.210678,25.62931,2019,4,29,"MX","Persea borbonia"
"1455571216","Persea borbonia",-100.248256,25.394772,2017,3,19,"MX","Persea borbonia"
"1586918187","Persea borbonia",-100.241432,25.393641,2017,3,19,"MX","Persea borbonia"
"891778250","Persea borbonia",-100.209137,25.630067,2013,12,20,"MX","Persea borbonia"
"1453398570","Persea borbonia",-99.927273,26.244886,2008,10,1,"MX","Persea borbonia"
"3455819089","Persea borbonia",-95.396842,30.091396,2022,1,10,"US","Persea borbonia"
"3455914705","Persea borbonia",-82.605837,29.863112,2022,1,2,"US","Persea borbonia"
"3456167690","Persea borbonia",-80.590797,28.05935,2022,1,20,"US","Persea borbonia"
"3456225920","Persea borbonia",-86.451697,30.3863,2022,1,8,"US","Persea borbonia"
"3456687363","Persea borbonia",-97.211154,27.855618,2022,1,1,"US","Persea borbonia"
"3456829986","Persea borbonia",-86.050656,30.300322,2022,1,18,"US","Persea borbonia"
"3456981482","Persea borbonia",-81.109008,29.43902,2022,1,3,"US","Persea borbonia"
"3457204323","Persea borbonia",-80.141239,26.151851,2022,1,15,"US","Persea borbonia"
"3465935973","Persea borbonia",-88.660869,30.432168,2022,1,6,"US","Persea borbonia"
"3465983574","Persea borbonia",-82.634063,29.845805,2022,1,2,"US","Persea borbonia"
"3466067556","Persea borbonia",-81.336948,28.939305,2022,1,13,"US","Persea borbonia"
"3466078809","Persea borbonia",-82.344138,29.645005,2022,1,12,"US","Persea borbonia"
"3466099004","Persea borbonia",-81.118057,29.45783,2022,1,14,"US","Persea borbonia"
"3466125972","Persea borbonia",-86.152182,30.324346,2022,1,22,"US","Persea borbonia"
"3466144836","Persea borbonia",-82.762752,29.914581,2022,1,7,"US","Persea borbonia"
"3466322836","Persea borbonia",-86.447945,30.384717,2022,1,8,"US","Persea borbonia"
"3466329136","Persea borbonia",-96.991694,28.138096,2022,1,10,"US","Persea borbonia"
"3466330296","Persea borbonia",-86.049894,30.30048,2022,1,18,"US","Persea borbonia"
"3466486591","Persea borbonia",-97.208052,27.855315,2022,1,26,"US","Persea borbonia"
"3466515184","Persea borbonia",-80.043781,26.828471,2022,1,29,"US","Persea borbonia"
"3468989413","Persea borbonia",-82.761321,29.914503,2022,1,8,"US","Persea borbonia"
"3469022927","Persea borbonia",-81.45173,30.822807,2022,1,31,"US","Persea borbonia"
"3499599562","Persea borbonia",-81.351241,29.956141,2022,1,28,"US","Persea borbonia"
"3465922045","Persea borbonia",-81.404688,31.10254,2022,2,3,"US","Persea borbonia"
"3468935776","Persea borbonia",-80.590848,28.058679,2022,2,7,"US","Persea borbonia"
"3499620575","Persea borbonia",-81.191247,28.671845,2022,2,11,"US","Persea borbonia"
"3698087588","Persea borbonia",-96.990067,28.135693,2022,2,19,"US","Persea borbonia"
"3698153952","Persea borbonia",-95.402074,30.095739,2022,2,23,"US","Persea borbonia"
"3698254356","Persea borbonia",-97.041732,28.073799,2022,2,20,"US","Persea borbonia"
"3712422963","Persea borbonia",-81.642023,29.246383,2022,2,24,"US","Persea borbonia"
"3712424641","Persea borbonia",-82.409532,28.696524,2022,2,17,"US","Persea borbonia"
"3712477506","Persea borbonia",-80.295073,32.50516,2022,2,25,"US","Persea borbonia"
"3747282609","Persea borbonia",-95.272035,30.052891,2022,2,14,"US","Persea borbonia"
"3712488256","Persea borbonia",-82.561999,29.412869,2022,3,10,"US","Persea borbonia"
"3712552036","Persea borbonia",-82.405896,28.70132,2022,3,8,"US","Persea borbonia"
"3712647519","Persea borbonia",-82.392442,27.01752,2022,3,4,"US","Persea borbonia"
"3712696591","Persea borbonia",-82.503502,27.318974,2022,3,4,"US","Persea borbonia"
"3712745591","Persea borbonia",-96.789395,28.251027,2022,3,4,"US","Persea borbonia"
"3742976924","Persea borbonia",-96.7901,28.252475,2022,3,14,"US","Persea borbonia"
"3742994502","Persea borbonia",-80.629911,32.258294,2022,3,13,"US","Persea borbonia"
"3743035542","Persea borbonia",-82.503476,27.318899,2022,3,11,"US","Persea borbonia"
"3743057638","Persea borbonia",-81.000098,29.093868,2022,3,13,"US","Persea borbonia"
"3743287801","Persea borbonia",-82.73214,29.028442,2022,3,13,"US","Persea borbonia"
"3747022134","Persea borbonia",-94.48422,30.822162,2022,3,22,"US","Persea borbonia"
"3747096687","Persea borbonia",-81.506142,30.664938,2022,3,19,"US","Persea borbonia"
"3747163639","Persea borbonia",-86.046806,30.291513,2022,3,25,"US","Persea borbonia"
"3747220903","Persea borbonia",-80.901321,29.046805,2022,3,19,"US","Persea borbonia"
"3747279706","Persea borbonia",-80.923221,29.081887,2022,3,17,"US","Persea borbonia"
"3759098923","Persea borbonia",-82.143909,27.452468,2022,3,23,"US","Persea borbonia"
"3759130952","Persea borbonia",-83.02968,29.139971,2022,3,26,"US","Persea borbonia"
"3759200867","Persea borbonia",-86.715614,30.400342,2022,3,17,"US","Persea borbonia"
"3759896060","Persea borbonia",-83.032671,29.14451,2022,3,26,"US","Persea borbonia"
"3760198563","Persea borbonia",-80.484283,27.812222,2022,3,31,"US","Persea borbonia"
"3759349496","Persea borbonia",-95.398362,30.094781,2022,4,9,"US","Persea borbonia"
"3759629721","Persea borbonia",-95.483568,30.343427,2022,4,12,"US","Persea borbonia"
"3760079280","Persea borbonia",-96.856559,28.244526,2022,4,15,"US","Persea borbonia"
"3764453435","Persea borbonia",-81.110683,29.440925,2022,4,10,"US","Persea borbonia"
"3772592784","Persea borbonia",-95.378402,30.082065,2022,4,29,"US","Persea borbonia"
"3773066728","Persea borbonia",-81.441942,30.69476,2022,5,8,"US","Persea borbonia"
"3773274160","Persea borbonia",-95.427795,30.250788,2022,5,10,"US","Persea borbonia"
"3773368659","Persea borbonia",-84.191944,30.081389,2022,5,8,"US","Persea borbonia"
"3773617627","Persea borbonia",-95.498047,30.204037,2022,5,4,"US","Persea borbonia"
"3017941922","Persea borbonia",-81.418017,30.459294,2021,1,3,"US","Persea borbonia"
"3018072260","Persea borbonia",-85.169883,29.664978,2021,1,6,"US","Persea borbonia"
"3018087961","Persea borbonia",-82.461079,27.176391,2021,1,3,"US","Persea borbonia"
"3031689412","Persea borbonia",-81.542738,30.33895,2021,1,10,"US","Persea borbonia"
"3031717529","Persea borbonia",-81.25343,29.769834,2021,1,23,"US","Persea borbonia"
"3031723426","Persea borbonia",-81.428903,30.4261,2021,1,9,"US","Persea borbonia"
"3031726786","Persea borbonia",-82.359274,27.509219,2021,1,13,"US","Persea borbonia"
"3031737366","Persea borbonia",-86.448022,30.384909,2021,1,20,"US","Persea borbonia"
"3031743531","Persea borbonia",-81.771653,29.308922,2021,1,11,"US","Persea borbonia"
"3031894620","Persea borbonia",-81.41922,30.46228,2021,1,11,"US","Persea borbonia"
"3032007515","Persea borbonia",-81.417678,30.459433,2021,1,11,"US","Persea borbonia"
"3032007897","Persea borbonia",-82.503719,27.319128,2021,1,16,"US","Persea borbonia"
"3032081556","Persea borbonia",-81.419647,30.460712,2021,1,11,"US","Persea borbonia"
"3032141584","Persea borbonia",-81.419517,30.461675,2021,1,11,"US","Persea borbonia"
"3039167081","Persea borbonia",-81.733639,29.20247,2021,1,29,"US","Persea borbonia"
"3039189927","Persea borbonia",-81.705078,30.236953,2021,1,29,"US","Persea borbonia"
"3039371933","Persea borbonia",-81.704605,30.236828,2021,1,29,"US","Persea borbonia"
"3039408908","Persea borbonia",-81.705338,30.237378,2021,1,29,"US","Persea borbonia"
"3044627817","Persea borbonia",-82.665192,27.843942,2021,1,17,"US","Persea borbonia"
"3044705835","Persea borbonia",-82.627738,27.531643,2021,1,25,"US","Persea borbonia"
"3070775336","Persea borbonia",-81.452438,30.702192,2021,1,9,"US","Persea borbonia"
"3079515109","Persea borbonia",-95.610222,29.96238,2021,1,28,"US","Persea borbonia"
"3335120387","Persea borbonia",-97.042053,28.047458,2021,1,22,"US","Persea borbonia"
"3335413401","Persea borbonia",-76.760095,34.758919,2021,1,6,"US","Persea borbonia"
"3465945433","Persea borbonia",-81.331159,29.898081,2021,1,14,"US","Persea borbonia"
"3465988537","Persea borbonia",-94.410626,30.547407,2021,1,3,"US","Persea borbonia"
"3759574519","Persea borbonia",-87.610778,30.278912,2021,1,24,"US","Persea borbonia"
"3039125218","Persea borbonia",-81.331053,29.998677,2021,2,1,"US","Persea borbonia"
"3039278952","Persea borbonia",-81.779572,30.329547,2021,2,9,"US","Persea borbonia"
"3039335141","Persea borbonia",-82.194788,27.463949,2021,2,11,"US","Persea borbonia"
"3044642884","Persea borbonia",-81.901833,30.114889,2021,2,11,"US","Persea borbonia"
"3044758960","Persea borbonia",-81.716622,30.227525,2021,2,12,"US","Persea borbonia"
"3044808840","Persea borbonia",-96.801597,28.276175,2021,2,10,"US","Persea borbonia"
"3335085397","Persea borbonia",-96.987554,28.135168,2021,2,27,"US","Persea borbonia"
"3335111380","Persea borbonia",-80.845305,32.012672,2021,2,27,"US","Persea borbonia"
"3335187380","Persea borbonia",-96.804247,28.307325,2021,2,28,"US","Persea borbonia"
"3335318399","Persea borbonia",-81.289138,31.625808,2021,2,19,"US","Persea borbonia"
"3335381378","Persea borbonia",-76.790147,34.682667,2021,2,8,"US","Persea borbonia"
"3335447383","Persea borbonia",-79.020459,33.801008,2021,2,24,"US","Persea borbonia"
"3456279826","Persea borbonia",-82.416923,27.031842,2021,2,24,"US","Persea borbonia"
"3465932408","Persea borbonia",-80.260193,27.307389,2021,2,21,"US","Persea borbonia"
"3465941520","Persea borbonia",-96.991295,28.137358,2021,2,27,"US","Persea borbonia"
"3466179379","Persea borbonia",-81.081649,29.33831,2021,2,28,"US","Persea borbonia"
"3058701176","Persea borbonia",-81.263014,29.538483,2021,3,2,"US","Persea borbonia"
"3058967319","Persea borbonia",-82.421611,29.724077,2021,3,8,"US","Persea borbonia"
"3058992332","Persea borbonia",-82.26487,27.331486,2021,3,3,"US","Persea borbonia"
"3059066362","Persea borbonia",-81.335847,30.003797,2021,3,7,"US","Persea borbonia"
"3061688534","Persea borbonia",-84.16461,30.087979,2021,3,14,"US","Persea borbonia"
"3068070638","Persea borbonia",-80.597175,28.391747,2021,3,19,"US","Persea borbonia"
"3070365502","Persea borbonia",-86.152436,30.324317,2021,3,5,"US","Persea borbonia"
"3079531196","Persea borbonia",-95.564955,30.148261,2021,3,27,"US","Persea borbonia"
"3090709921","Persea borbonia",-81.263782,29.542697,2021,3,13,"US","Persea borbonia"
"3335125391","Persea borbonia",-98.140858,30.340021,2021,3,27,"US","Persea borbonia"
"3335130386","Persea borbonia",-95.129453,29.908786,2021,3,18,"US","Persea borbonia"
"3335164388","Persea borbonia",-96.989716,28.138266,2021,3,20,"US","Persea borbonia"
"3335192376","Persea borbonia",-81.44611,30.698471,2021,3,1,"US","Persea borbonia"
"3335326380","Persea borbonia",-79.02034,33.800731,2021,3,22,"US","Persea borbonia"
"3335337394","Persea borbonia",-81.470703,30.764067,2021,3,19,"US","Persea borbonia"
"3335375376","Persea borbonia",-81.328021,31.214535,2021,3,7,"US","Persea borbonia"
"3335423387","Persea borbonia",-76.83169,34.756186,2021,3,30,"US","Persea borbonia"
"3456246719","Persea borbonia",-82.419137,27.381313,2021,3,26,"US","Persea borbonia"
"3466085521","Persea borbonia",-81.922583,30.40058,2021,3,1,"US","Persea borbonia"
"3466094564","Persea borbonia",-80.322005,32.504231,2021,3,25,"US","Persea borbonia"
"3090756668","Persea borbonia",-81.834221,30.304049,2021,4,12,"US","Persea borbonia"
"3090907541","Persea borbonia",-82.369944,29.635124,2021,4,12,"US","Persea borbonia"
"3109006884","Persea borbonia",-80.802032,28.534002,2021,4,25,"US","Persea borbonia"
"3109033268","Persea borbonia",-81.563072,30.079556,2021,4,27,"US","Persea borbonia"
"3335135388","Persea borbonia",-82.06701,30.070022,2021,4,5,"US","Persea borbonia"
"3335344407","Persea borbonia",-80.857187,32.020145,2021,4,11,"US","Persea borbonia"
"3335430390","Persea borbonia",-96.798933,28.273861,2021,4,17,"US","Persea borbonia"
"3335444393","Persea borbonia",-96.98879,28.137895,2021,4,10,"US","Persea borbonia"
"3384622595","Persea borbonia",-80.178019,26.162689,2021,4,2,"US","Persea borbonia"
"3465939476","Persea borbonia",-82.344122,29.645153,2021,4,20,"US","Persea borbonia"
"3465973567","Persea borbonia",-82.605805,29.682275,2021,4,30,"US","Persea borbonia"
"3466014557","Persea borbonia",-82.665731,27.844655,2021,4,22,"US","Persea borbonia"
"3466096585","Persea borbonia",-80.532998,28.011126,2021,4,17,"US","Persea borbonia"
"3466147531","Persea borbonia",-81.296072,29.927067,2021,4,30,"US","Persea borbonia"
"3466324579","Persea borbonia",-81.453468,30.506586,2021,4,27,"US","Persea borbonia"
"3466332382","Persea borbonia",-81.079369,29.334965,2021,4,14,"US","Persea borbonia"
"3112897781","Persea borbonia",-95.209,30.352037,2021,5,2,"US","Persea borbonia"
"3113298987","Persea borbonia",-94.117508,31.051341,2021,5,8,"US","Persea borbonia"
"3335093417","Persea borbonia",-76.99714,34.792494,2021,5,27,"US","Persea borbonia"
"3335297423","Persea borbonia",-77.092333,34.676854,2021,5,25,"US","Persea borbonia"
"3335435407","Persea borbonia",-77.951533,33.996839,2021,5,24,"US","Persea borbonia"
"3465991658","Persea borbonia",-81.268082,29.832369,2021,5,20,"US","Persea borbonia"
"3466042613","Persea borbonia",-81.209281,29.632319,2021,5,31,"US","Persea borbonia"
"3466144498","Persea borbonia",-81.276345,29.869103,2021,5,14,"US","Persea borbonia"
"3466224570","Persea borbonia",-95.300286,30.029696,2021,5,1,"US","Persea borbonia"
"3466330445","Persea borbonia",-95.319874,30.292375,2021,5,1,"US","Persea borbonia"
"3302342487","Persea borbonia",-80.158989,26.488475,2021,6,6,"US","Persea borbonia"
"3320918098","Persea borbonia",-81.517067,30.453655,2021,6,27,"US","Persea borbonia"
"3321052604","Persea borbonia",-81.338172,30.083667,2021,6,23,"US","Persea borbonia"
"3321107600","Persea borbonia",-82.557463,29.303206,2021,6,16,"US","Persea borbonia"
"3335432476","Persea borbonia",-88.628883,30.376353,2021,6,27,"US","Persea borbonia"
"3456382405","Persea borbonia",-82.300377,27.880072,2021,6,20,"US","Persea borbonia"
"3465942592","Persea borbonia",-81.07975,29.331813,2021,6,26,"US","Persea borbonia"
"3465992605","Persea borbonia",-95.295487,30.029367,2021,6,3,"US","Persea borbonia"
"3466001651","Persea borbonia",-82.852394,29.874022,2021,6,10,"US","Persea borbonia"
"3466012536","Persea borbonia",-95.297039,30.02728,2021,6,8,"US","Persea borbonia"
"3466021668","Persea borbonia",-82.300598,27.880016,2021,6,18,"US","Persea borbonia"
"3325599332","Persea borbonia",-81.306099,29.818516,2021,7,7,"US","Persea borbonia"
"3335448558","Persea borbonia",-95.452127,29.76504,2021,7,22,"US","Persea borbonia"
"3466215557","Persea borbonia",-95.437278,30.036611,2021,7,13,"US","Persea borbonia"
"3466327665","Persea borbonia",-95.48691,30.237713,2021,7,31,"US","Persea borbonia"
"3499514411","Persea borbonia",-88.790876,30.397825,2021,7,5,"US","Persea borbonia"
"3335109194","Persea borbonia",-80.670031,28.03075,2021,8,2,"US","Persea borbonia"
"3337418914","Persea borbonia",-79.888086,32.684483,2021,8,8,"US","Persea borbonia"
"3343833911","Persea borbonia",-84.298613,30.142817,2021,8,20,"US","Persea borbonia"
"3465935765","Persea borbonia",-81.352692,30.141039,2021,8,11,"US","Persea borbonia"
"3355568191","Persea borbonia",-80.584367,28.039983,2021,9,6,"US","Persea borbonia"
"3384113896","Persea borbonia",-81.950975,29.845436,2021,9,26,"US","Persea borbonia"
"3384198532","Persea borbonia",-82.4324,27.115486,2021,9,27,"US","Persea borbonia"
"3384447264","Persea borbonia",-82.845681,29.832565,2021,9,25,"US","Persea borbonia"
"3384500514","Persea borbonia",-82.231857,28.588185,2021,9,27,"US","Persea borbonia"
"3384551363","Persea borbonia",-82.360721,27.509467,2021,9,25,"US","Persea borbonia"
"3384818799","Persea borbonia",-86.046815,30.291444,2021,9,13,"US","Persea borbonia"
"3415355768","Persea borbonia",-80.186935,32.573542,2021,9,5,"US","Persea borbonia"
"3415355769","Persea borbonia",-80.186935,32.573542,2021,9,5,"US","Persea borbonia"
"3455870459","Persea borbonia",-82.415529,27.02456,2021,9,16,"US","Persea borbonia"
"3465946517","Persea borbonia",-80.186935,32.573542,2021,9,5,"US","Persea borbonia"
"3465995548","Persea borbonia",-95.95928,30.239933,2021,9,30,"US","Persea borbonia"
"3384189526","Persea borbonia",-95.290413,30.023178,2021,10,5,"US","Persea borbonia"
"3384731062","Persea borbonia",-81.276353,29.868005,2021,10,2,"US","Persea borbonia"
"3391682584","Persea borbonia",-97.062249,28.040082,2021,10,4,"US","Persea borbonia"
"3398925872","Persea borbonia",-94.378137,30.580109,2021,10,22,"US","Persea borbonia"
"3407966679","Persea borbonia",-80.99527,24.741747,2021,10,28,"US","Persea borbonia"
"3407997926","Persea borbonia",-80.798713,28.534635,2021,10,31,"US","Persea borbonia"
"3408008638","Persea borbonia",-80.794831,32.133542,2021,10,23,"US","Persea borbonia"
"3415407881","Persea borbonia",-81.376472,30.061658,2021,10,3,"US","Persea borbonia"
"3456058674","Persea borbonia",-88.792365,30.394784,2021,10,2,"US","Persea borbonia"
"3456844342","Persea borbonia",-81.617852,30.619089,2021,10,24,"US","Persea borbonia"
"3465903509","Persea borbonia",-82.055828,31.861235,2021,10,17,"US","Persea borbonia"
"3465972696","Persea borbonia",-82.833467,29.928003,2021,10,11,"US","Persea borbonia"
"3465985584","Persea borbonia",-81.431922,31.01505,2021,10,16,"US","Persea borbonia"
"3465991883","Persea borbonia",-82.781659,29.954586,2021,10,13,"US","Persea borbonia"
"3466020757","Persea borbonia",-81.500795,30.38605,2021,10,27,"US","Persea borbonia"
"3466027798","Persea borbonia",-96.989306,28.134683,2021,10,31,"US","Persea borbonia"
"3466040879","Persea borbonia",-81.48285,30.371832,2021,10,24,"US","Persea borbonia"
"3466112815","Persea borbonia",-80.259147,27.307523,2021,10,22,"US","Persea borbonia"
"3466113758","Persea borbonia",-96.988774,28.134668,2021,10,31,"US","Persea borbonia"
"3466151793","Persea borbonia",-77.904726,34.281642,2021,10,6,"US","Persea borbonia"
"3466205590","Persea borbonia",-95.428434,30.198416,2021,10,30,"US","Persea borbonia"
"3466226838","Persea borbonia",-96.789304,28.250973,2021,10,13,"US","Persea borbonia"
"3466242543","Persea borbonia",-80.322609,32.505164,2021,10,23,"US","Persea borbonia"
"3712426434","Persea borbonia",-94.238388,30.352297,2021,10,2,"US","Persea borbonia"
"3415410953","Persea borbonia",-81.194887,28.600402,2021,11,1,"US","Persea borbonia"
"3415501035","Persea borbonia",-81.192093,28.601544,2021,11,1,"US","Persea borbonia"
"3415609504","Persea borbonia",-97.044943,28.05029,2021,11,1,"US","Persea borbonia"
"3415625609","Persea borbonia",-76.880078,34.61197,2021,11,14,"US","Persea borbonia"
"3415709282","Persea borbonia",-82.543392,29.67933,2021,11,14,"US","Persea borbonia"
"3415928421","Persea borbonia",-85.391175,29.747717,2021,11,24,"US","Persea borbonia"
"3415977535","Persea borbonia",-97.063139,28.039301,2021,11,16,"US","Persea borbonia"
"3416107657","Persea borbonia",-96.991543,28.137197,2021,11,15,"US","Persea borbonia"
"3416117518","Persea borbonia",-76.93556,34.623886,2021,11,14,"US","Persea borbonia"
"3416248634","Persea borbonia",-80.459533,32.344728,2021,11,15,"US","Persea borbonia"
"3455432981","Persea borbonia",-84.325028,30.186113,2021,11,22,"US","Persea borbonia"
"3455518123","Persea borbonia",-82.218056,28.578297,2021,11,9,"US","Persea borbonia"
"3465896496","Persea borbonia",-77.119573,34.794298,2021,11,15,"US","Persea borbonia"
"3465933801","Persea borbonia",-80.639458,32.259457,2021,11,14,"US","Persea borbonia"
"3465949515","Persea borbonia",-95.483091,30.342777,2021,11,4,"US","Persea borbonia"
"3465967612","Persea borbonia",-95.478831,30.270409,2021,11,13,"US","Persea borbonia"
"3466324894","Persea borbonia",-80.639542,32.259071,2021,11,14,"US","Persea borbonia"
"3499349891","Persea borbonia",-82.780099,28.032363,2021,11,22,"US","Persea borbonia"
"3499388481","Persea borbonia",-95.520932,30.385022,2021,11,14,"US","Persea borbonia"
"3455970412","Persea borbonia",-96.991635,28.137612,2021,12,12,"US","Persea borbonia"
"3456019820","Persea borbonia",-86.047455,30.297589,2021,12,19,"US","Persea borbonia"
"3456771168","Persea borbonia",-86.046908,30.291553,2021,12,24,"US","Persea borbonia"
"3457018235","Persea borbonia",-81.609463,26.375412,2021,12,4,"US","Persea borbonia"
"3457159831","Persea borbonia",-81.450447,30.502762,2021,12,27,"US","Persea borbonia"
"3457197648","Persea borbonia",-81.45302,30.505058,2021,12,30,"US","Persea borbonia"
"3466001960","Persea borbonia",-82.583002,29.913369,2021,12,16,"US","Persea borbonia"
"3466029893","Persea borbonia",-81.516434,30.743523,2021,12,27,"US","Persea borbonia"
"3466037005","Persea borbonia",-80.317608,32.506601,2021,12,30,"US","Persea borbonia"
"3466214884","Persea borbonia",-85.325013,30.916467,2021,12,30,"US","Persea borbonia"
"2550159054","Persea borbonia",-80.922683,29.078067,2020,1,3,"US","Persea borbonia"
"2563486555","Persea borbonia",-81.232663,29.714813,2020,1,15,"US","Persea borbonia"
"2563486600","Persea borbonia",-81.233305,29.714988,2020,1,15,"US","Persea borbonia"
"2563504558","Persea borbonia",-80.911407,29.064944,2020,1,18,"US","Persea borbonia"
"3014099382","Persea borbonia",-81.403057,30.367901,2020,1,16,"US","Persea borbonia"
"3335396329","Persea borbonia",-80.141423,32.581347,2020,1,3,"US","Persea borbonia"
"3384266414","Persea borbonia",-94.173454,30.252699,2020,1,1,"US","Persea borbonia"
"3455370727","Persea borbonia",-80.59253,28.405837,2020,1,4,"US","Persea borbonia"
"3456243783","Persea borbonia",-80.576303,28.123986,2020,1,4,"US","Persea borbonia"
"2573944089","Persea borbonia",-81.949395,29.846137,2020,2,15,"US","Persea borbonia"
"2574108021","Persea borbonia",-81.279022,29.760994,2020,2,23,"US","Persea borbonia"
"3039303462","Persea borbonia",-88.787453,30.396192,2020,2,14,"US","Persea borbonia"
"3335170326","Persea borbonia",-95.148908,30.068388,2020,2,2,"US","Persea borbonia"
"3335326373","Persea borbonia",-76.905478,34.794811,2020,2,16,"US","Persea borbonia"
"3335344336","Persea borbonia",-78.865065,33.764529,2020,2,13,"US","Persea borbonia"
"3335406334","Persea borbonia",-82.296887,27.79413,2020,2,29,"US","Persea borbonia"
"3335429402","Persea borbonia",-76.997512,34.754741,2020,2,16,"US","Persea borbonia"
"3335432401","Persea borbonia",-76.894593,34.680434,2020,2,16,"US","Persea borbonia"
"2579267108","Persea borbonia",-81.292769,29.904092,2020,3,6,"US","Persea borbonia"
"2579337202","Persea borbonia",-86.448032,30.384917,2020,3,8,"US","Persea borbonia"
"2579357224","Persea borbonia",-81.432267,30.410538,2020,3,8,"US","Persea borbonia"
"2580124038","Persea borbonia",-87.672174,30.265711,2020,3,4,"US","Persea borbonia"
"2596039536","Persea borbonia",-80.093665,26.410205,2020,3,22,"US","Persea borbonia"
"3039372483","Persea borbonia",-88.789933,30.397612,2020,3,12,"US","Persea borbonia"
"3335072333","Persea borbonia",-77.137122,34.746368,2020,3,15,"US","Persea borbonia"
"3335323345","Persea borbonia",-88.790166,30.397108,2020,3,12,"US","Persea borbonia"
"3335404329","Persea borbonia",-78.746664,33.817618,2020,3,11,"US","Persea borbonia"
"3335443348","Persea borbonia",-96.480553,28.451767,2020,3,11,"US","Persea borbonia"
"2597827766","Persea borbonia",-82.492552,27.201895,2020,4,7,"US","Persea borbonia"
"2597860238","Persea borbonia",-80.505253,27.956572,2020,4,4,"US","Persea borbonia"
"2610992055","Persea borbonia",-95.516838,30.160797,2020,4,26,"US","Persea borbonia"
"2611036969","Persea borbonia",-82.503875,27.319023,2020,4,26,"US","Persea borbonia"
"2611142922","Persea borbonia",-95.208305,30.350487,2020,4,25,"US","Persea borbonia"
"2611187565","Persea borbonia",-82.50406,27.319126,2020,4,26,"US","Persea borbonia"
"2611248448","Persea borbonia",-82.410033,29.638461,2020,4,27,"US","Persea borbonia"
"2611405877","Persea borbonia",-82.48466,29.578543,2020,4,27,"US","Persea borbonia"
"2626127905","Persea borbonia",-95.474809,30.101094,2020,4,26,"US","Persea borbonia"
"3314510344","Persea borbonia",-82.477638,27.4324,2020,4,11,"US","Persea borbonia"
"3335097337","Persea borbonia",-95.203889,30.034444,2020,4,30,"US","Persea borbonia"
"3335138337","Persea borbonia",-95.261375,30.025197,2020,4,24,"US","Persea borbonia"
"3335158344","Persea borbonia",-80.712897,32.225947,2020,4,29,"US","Persea borbonia"
"3335176335","Persea borbonia",-94.484654,30.823038,2020,4,14,"US","Persea borbonia"
"3335183336","Persea borbonia",-81.410462,31.10232,2020,4,23,"US","Persea borbonia"
"3335345338","Persea borbonia",-95.137457,29.909847,2020,4,30,"US","Persea borbonia"
"3335358335","Persea borbonia",-95.260893,30.02491,2020,4,25,"US","Persea borbonia"
"3335393347","Persea borbonia",-95.13902,29.910665,2020,4,30,"US","Persea borbonia"
"3335411327","Persea borbonia",-77.817273,34.192072,2020,4,25,"US","Persea borbonia"
"3383959447","Persea borbonia",-81.484842,27.683872,2020,4,5,"US","Persea borbonia"
"3466001405","Persea borbonia",-81.333602,30.066874,2020,4,25,"US","Persea borbonia"
"3466174439","Persea borbonia",-81.3287,30.0433,2020,4,25,"US","Persea borbonia"
"3466311359","Persea borbonia",-95.294037,30.024665,2020,4,25,"US","Persea borbonia"
"2626568412","Persea borbonia",-81.230461,29.695806,2020,5,8,"US","Persea borbonia"
"2634239663","Persea borbonia",-95.517339,30.145361,2020,5,9,"US","Persea borbonia"
"2634311279","Persea borbonia",-81.890788,26.975147,2020,5,29,"US","Persea borbonia"
"2814223524","Persea borbonia",-95.482124,30.232776,2020,5,9,"US","Persea borbonia"
"3335157336","Persea borbonia",-95.143258,29.90276,2020,5,12,"US","Persea borbonia"
"3335427336","Persea borbonia",-95.170844,30.132055,2020,5,1,"US","Persea borbonia"
"3335452341","Persea borbonia",-77.854329,34.031696,2020,5,30,"US","Persea borbonia"
"3772456349","Persea borbonia",-81.352528,27.188687,2020,5,16,"US","Persea borbonia"
"2634101117","Persea borbonia",-81.890031,26.973911,2020,6,3,"US","Persea borbonia"
"2634138138","Persea borbonia",-82.45917,29.7133,2020,6,2,"US","Persea borbonia"
"2802688131","Persea borbonia",-95.293333,30.027222,2020,6,19,"US","Persea borbonia"
"2802820959","Persea borbonia",-82.39217,27.020172,2020,6,11,"US","Persea borbonia"
"2802857251","Persea borbonia",-81.567638,27.462627,2020,6,14,"US","Persea borbonia"
"2803106005","Persea borbonia",-95.293611,30.027222,2020,6,19,"US","Persea borbonia"
"2813865132","Persea borbonia",-86.075755,30.311767,2020,6,30,"US","Persea borbonia"
"3335075352","Persea borbonia",-76.934716,34.659775,2020,6,27,"US","Persea borbonia"
"3466027454","Persea borbonia",-80.533826,25.806128,2020,6,30,"US","Persea borbonia"
"3466037424","Persea borbonia",-82.288197,29.608113,2020,6,27,"US","Persea borbonia"
"2814268703","Persea borbonia",-96.789412,28.251059,2020,7,3,"US","Persea borbonia"
"2818774161","Persea borbonia",-81.66004,29.24981,2020,7,12,"US","Persea borbonia"
"2818775018","Persea borbonia",-82.587595,29.917881,2020,7,12,"US","Persea borbonia"
"2823173542","Persea borbonia",-81.710659,26.024454,2020,7,22,"US","Persea borbonia"
"2826487243","Persea borbonia",-81.655281,29.595367,2020,7,31,"US","Persea borbonia"
"2856763421","Persea borbonia",-82.808314,27.882541,2020,7,13,"US","Persea borbonia"
"2868245442","Persea borbonia",-96.788736,28.252494,2020,7,24,"US","Persea borbonia"
"2883002407","Persea borbonia",-82.808271,27.882527,2020,7,13,"US","Persea borbonia"
"3070316997","Persea borbonia",-81.324722,30.027008,2020,7,10,"US","Persea borbonia"
"3118279371","Persea borbonia",-87.406848,30.31985,2020,7,18,"US","Persea borbonia"
"3335086376","Persea borbonia",-96.989886,28.13562,2020,7,23,"US","Persea borbonia"
"3335157361","Persea borbonia",-96.9868,28.136452,2020,7,23,"US","Persea borbonia"
"3335311356","Persea borbonia",-96.990793,28.138184,2020,7,23,"US","Persea borbonia"
"3335445349","Persea borbonia",-95.261425,30.021722,2020,7,9,"US","Persea borbonia"
"3384548530","Persea borbonia",-82.411362,27.023412,2020,7,28,"US","Persea borbonia"
"2850588111","Persea borbonia",-80.184097,27.157222,2020,8,3,"US","Persea borbonia"
"2850685047","Persea borbonia",-81.501961,29.802314,2020,8,9,"US","Persea borbonia"
"2850823343","Persea borbonia",-82.458647,27.175927,2020,8,11,"US","Persea borbonia"
"2851035837","Persea borbonia",-86.046971,30.29153,2020,8,14,"US","Persea borbonia"
"2856662780","Persea borbonia",-80.130311,27.09382,2020,8,22,"US","Persea borbonia"
"2860062855","Persea borbonia",-81.244065,29.745471,2020,8,30,"US","Persea borbonia"
"2860136120","Persea borbonia",-88.790311,30.392291,2020,8,31,"US","Persea borbonia"
"3070318095","Persea borbonia",-96.799478,28.274056,2020,8,5,"US","Persea borbonia"
"3335135360","Persea borbonia",-80.20037,32.567872,2020,8,17,"US","Persea borbonia"
"3335376374","Persea borbonia",-84.975487,30.456478,2020,8,29,"US","Persea borbonia"
"3456002616","Persea borbonia",-80.735508,25.541261,2020,8,7,"US","Persea borbonia"
"2862365967","Persea borbonia",-80.363896,27.539351,2020,9,6,"US","Persea borbonia"
"2864773092","Persea borbonia",-95.260772,30.02463,2020,9,17,"US","Persea borbonia"
"2864794997","Persea borbonia",-81.109063,29.437978,2020,9,16,"US","Persea borbonia"
"2873731736","Persea borbonia",-86.448024,30.385059,2020,9,22,"US","Persea borbonia"
"3039264666","Persea borbonia",-81.496955,27.693675,2020,9,9,"US","Persea borbonia"
"3335129372","Persea borbonia",-95.272443,30.030075,2020,9,17,"US","Persea borbonia"
"3335161365","Persea borbonia",-95.207542,30.026806,2020,9,25,"US","Persea borbonia"
"3335355370","Persea borbonia",-95.272629,30.030021,2020,9,17,"US","Persea borbonia"
"3335402381","Persea borbonia",-95.274028,30.029655,2020,9,17,"US","Persea borbonia"
"3455345679","Persea borbonia",-82.446455,27.389688,2020,9,30,"US","Persea borbonia"
"2883058006","Persea borbonia",-95.37973,30.089706,2020,10,3,"US","Persea borbonia"
"2901705952","Persea borbonia",-97.063227,28.040568,2020,10,18,"US","Persea borbonia"
"2963924586","Persea borbonia",-79.851799,32.841452,2020,10,23,"US","Persea borbonia"
"2992675557","Persea borbonia",-80.903019,29.046346,2020,10,28,"US","Persea borbonia"
"3008569495","Persea borbonia",-81.34597,30.116987,2020,10,21,"US","Persea borbonia"
"3335324386","Persea borbonia",-96.212191,30.566877,2020,10,31,"US","Persea borbonia"
"3335336374","Persea borbonia",-86.449344,30.385649,2020,10,21,"US","Persea borbonia"
"3466088365","Persea borbonia",-81.088405,29.350309,2020,10,3,"US","Persea borbonia"
"3466316487","Persea borbonia",-95.2648,30.210975,2020,10,17,"US","Persea borbonia"
"2984386901","Persea borbonia",-81.109277,29.437484,2020,11,11,"US","Persea borbonia"
"2988421870","Persea borbonia",-86.077035,30.30794,2020,11,24,"US","Persea borbonia"
"2988542917","Persea borbonia",-86.077403,30.308197,2020,11,24,"US","Persea borbonia"
"2992690623","Persea borbonia",-82.40023,29.649303,2020,11,27,"US","Persea borbonia"
"2992815826","Persea borbonia",-82.309052,28.805951,2020,11,29,"US","Persea borbonia"
"3013886585","Persea borbonia",-80.08036,26.951579,2020,11,24,"US","Persea borbonia"
"3014070610","Persea borbonia",-80.308351,25.614327,2020,11,27,"US","Persea borbonia"
"3017960565","Persea borbonia",-96.798783,28.273995,2020,11,24,"US","Persea borbonia"
"3017997542","Persea borbonia",-96.988624,28.137683,2020,11,25,"US","Persea borbonia"
"3090714924","Persea borbonia",-96.895466,28.232129,2020,11,21,"US","Persea borbonia"
"3335192362","Persea borbonia",-96.993099,28.136068,2020,11,4,"US","Persea borbonia"
"3335339386","Persea borbonia",-80.084817,32.608237,2020,11,16,"US","Persea borbonia"
"3335355378","Persea borbonia",-95.145486,29.93765,2020,11,24,"US","Persea borbonia"
"3335389386","Persea borbonia",-80.438991,32.40019,2020,11,27,"US","Persea borbonia"
"3466015507","Persea borbonia",-96.976947,28.152495,2020,11,17,"US","Persea borbonia"
"3466327464","Persea borbonia",-80.094426,26.408178,2020,11,22,"US","Persea borbonia"
"2999083665","Persea borbonia",-95.39451,30.09101,2020,12,3,"US","Persea borbonia"
"3005228958","Persea borbonia",-86.0468,30.297609,2020,12,14,"US","Persea borbonia"
"3005248074","Persea borbonia",-82.643322,27.52048,2020,12,15,"US","Persea borbonia"
"3013935260","Persea borbonia",-96.988719,28.1379,2020,12,30,"US","Persea borbonia"
"3013941803","Persea borbonia",-96.789222,28.25257,2020,12,25,"US","Persea borbonia"
"3014001758","Persea borbonia",-79.131779,33.411706,2020,12,26,"US","Persea borbonia"
"3014044879","Persea borbonia",-96.78933,28.25102,2020,12,27,"US","Persea borbonia"
"3014081174","Persea borbonia",-84.277349,30.150539,2020,12,26,"US","Persea borbonia"
"3018083610","Persea borbonia",-96.789198,28.251493,2020,12,29,"US","Persea borbonia"
"3018093543","Persea borbonia",-96.78955,28.25083,2020,12,6,"US","Persea borbonia"
"3018146598","Persea borbonia",-96.789339,28.251014,2020,12,27,"US","Persea borbonia"
"3044852791","Persea borbonia",-85.362831,29.689741,2020,12,25,"US","Persea borbonia"
"3070337221","Persea borbonia",-82.76864,29.965741,2020,12,24,"US","Persea borbonia"
"3070659304","Persea borbonia",-97.135263,27.953783,2020,12,23,"US","Persea borbonia"
"3335117377","Persea borbonia",-80.851389,32.023611,2020,12,10,"US","Persea borbonia"
"3335121375","Persea borbonia",-88.654858,30.452266,2020,12,24,"US","Persea borbonia"
"3335333378","Persea borbonia",-86.046974,30.291515,2020,12,10,"US","Persea borbonia"
"3335421361","Persea borbonia",-88.654885,30.452282,2020,12,15,"US","Persea borbonia"
"3465930361","Persea borbonia",-82.530369,29.040522,2020,12,6,"US","Persea borbonia"
"3465953544","Persea borbonia",-80.950127,29.116124,2020,12,18,"US","Persea borbonia"
"3465955539","Persea borbonia",-95.574378,30.139125,2020,12,26,"US","Persea borbonia"
"1990566624","Persea borbonia",-96.988668,28.137852,2019,1,14,"US","Persea borbonia"
"1990604384","Persea borbonia",-88.541946,30.415871,2019,1,27,"US","Persea borbonia"
"1993718973","Persea borbonia",-88.541955,30.415693,2019,1,27,"US","Persea borbonia"
"3321183316","Persea borbonia",-82.643137,27.52093,2019,1,4,"US","Persea borbonia"
"2005330642","Persea borbonia",-97.14665,27.922896,2019,2,13,"US","Persea borbonia"
"2005394178","Persea borbonia",-82.363009,27.512764,2019,2,20,"US","Persea borbonia"
"2028442608","Persea borbonia",-82.720597,29.851429,2019,2,26,"US","Persea borbonia"
"2447826921","Persea borbonia",-95.501128,30.393622,2019,2,28,"US","Persea borbonia"
"3321121310","Persea borbonia",-82.648658,27.463945,2019,2,22,"US","Persea borbonia"
"3335417313","Persea borbonia",-81.435559,30.673193,2019,2,14,"US","Persea borbonia"
"3335429312","Persea borbonia",-88.790328,30.397233,2019,2,14,"US","Persea borbonia"
"2238801023","Persea borbonia",-80.15289,25.942276,2019,4,26,"US","Persea borbonia"
"2238984032","Persea borbonia",-95.208834,30.349965,2019,4,29,"US","Persea borbonia"
"2239031706","Persea borbonia",-95.375683,30.085026,2019,4,28,"US","Persea borbonia"
"2239054062","Persea borbonia",-95.69284,30.30075,2019,4,26,"US","Persea borbonia"
"3314482316","Persea borbonia",-82.472288,27.429205,2019,4,7,"US","Persea borbonia"
"3335169324","Persea borbonia",-81.517395,30.908837,2019,4,5,"US","Persea borbonia"
"3335385313","Persea borbonia",-95.261097,30.025084,2019,4,26,"US","Persea borbonia"
"2242797776","Persea borbonia",-81.434656,28.126751,2019,5,2,"US","Persea borbonia"
"2242810966","Persea borbonia",-81.400096,28.086725,2019,5,3,"US","Persea borbonia"
"2242818413","Persea borbonia",-81.400201,28.086749,2019,5,3,"US","Persea borbonia"
"2447829768","Persea borbonia",-95.569071,30.154891,2019,5,10,"US","Persea borbonia"
"2447829771","Persea borbonia",-95.56925,30.15469,2019,5,10,"US","Persea borbonia"
"3335428319","Persea borbonia",-88.768173,30.383789,2019,5,6,"US","Persea borbonia"
"3455262465","Persea borbonia",-82.495842,27.456783,2019,5,19,"US","Persea borbonia"
"2283039189","Persea borbonia",-95.49016,30.11132,2019,6,14,"US","Persea borbonia"
"2643742896","Persea borbonia",-75.718689,36.072561,2019,6,23,"US","Persea borbonia"
"3335096314","Persea borbonia",-95.463362,29.654687,2019,6,13,"US","Persea borbonia"
"2283206476","Persea borbonia",-81.399624,30.363801,2019,7,1,"US","Persea borbonia"
"2294621133","Persea borbonia",-95.15314,29.902922,2019,7,20,"US","Persea borbonia"
"2294661497","Persea borbonia",-87.398163,30.32532,2019,7,24,"US","Persea borbonia"
"2294664145","Persea borbonia",-87.398217,30.325462,2019,7,24,"US","Persea borbonia"
"2397485307","Persea borbonia",-81.455422,30.703397,2019,7,15,"US","Persea borbonia"
"2429217136","Persea borbonia",-94.276665,31.356388,2019,7,10,"US","Persea borbonia"
"2331964032","Persea borbonia",-95.289261,30.02929,2019,8,8,"US","Persea borbonia"
"3039365408","Persea borbonia",-82.174592,30.336522,2019,8,1,"US","Persea borbonia"
"3335085325","Persea borbonia",-80.735297,32.151283,2019,8,5,"US","Persea borbonia"
"3335326319","Persea borbonia",-80.461109,32.351079,2019,8,18,"US","Persea borbonia"
"3466199371","Persea borbonia",-95.979965,30.218069,2019,8,5,"US","Persea borbonia"
"2447839368","Persea borbonia",-96.989359,28.135941,2019,9,13,"US","Persea borbonia"
"2813941434","Persea borbonia",-81.153458,27.872725,2019,9,1,"US","Persea borbonia"
"3335113325","Persea borbonia",-77.85769,33.808547,2019,9,23,"US","Persea borbonia"
"2445115658","Persea borbonia",-96.798813,28.274052,2019,10,17,"US","Persea borbonia"
"2447846839","Persea borbonia",-98.130748,30.344957,2019,10,17,"US","Persea borbonia"
"2447907108","Persea borbonia",-95.457512,30.387763,2019,10,21,"US","Persea borbonia"
"2447970554","Persea borbonia",-81.214775,29.660564,2019,10,27,"US","Persea borbonia"
"2451689568","Persea borbonia",-94.350578,30.467403,2019,10,26,"US","Persea borbonia"
"2456517241","Persea borbonia",-95.294793,30.029342,2019,10,24,"US","Persea borbonia"
"3335071324","Persea borbonia",-77.998193,33.975726,2019,10,23,"US","Persea borbonia"
"3335076335","Persea borbonia",-81.4322,31.015072,2019,10,12,"US","Persea borbonia"
"3335119323","Persea borbonia",-81.424375,31.020667,2019,10,9,"US","Persea borbonia"
"2451729633","Persea borbonia",-95.28165,30.028408,2019,11,1,"US","Persea borbonia"
"2451753224","Persea borbonia",-81.325897,30.027074,2019,11,6,"US","Persea borbonia"
"2456518037","Persea borbonia",-81.473038,30.75525,2019,11,4,"US","Persea borbonia"
"2456518306","Persea borbonia",-81.334655,30.07352,2019,11,6,"US","Persea borbonia"
"2456523676","Persea borbonia",-95.283292,30.028031,2019,11,1,"US","Persea borbonia"
"2456539624","Persea borbonia",-80.07044,26.367642,2019,11,9,"US","Persea borbonia"
"2456563213","Persea borbonia",-95.274063,30.209137,2019,11,11,"US","Persea borbonia"
"2460063356","Persea borbonia",-94.378566,30.580395,2019,11,16,"US","Persea borbonia"
"2465168420","Persea borbonia",-95.174683,30.030913,2019,11,16,"US","Persea borbonia"
"2465176020","Persea borbonia",-81.285428,29.878613,2019,11,5,"US","Persea borbonia"
"2465312514","Persea borbonia",-94.347504,30.601944,2019,11,30,"US","Persea borbonia"
"2465327170","Persea borbonia",-94.346107,30.603056,2019,11,30,"US","Persea borbonia"
"2596089933","Persea borbonia",-80.456384,32.343922,2019,11,29,"US","Persea borbonia"
"2901807367","Persea borbonia",-95.174377,30.031598,2019,11,16,"US","Persea borbonia"
"3383888420","Persea borbonia",-94.172767,30.251629,2019,11,6,"US","Persea borbonia"
"3384613393","Persea borbonia",-94.173973,30.247737,2019,11,6,"US","Persea borbonia"
"3466083328","Persea borbonia",-81.089275,29.352897,2019,11,11,"US","Persea borbonia"
"2518032527","Persea borbonia",-95.493236,30.234896,2019,12,3,"US","Persea borbonia"
"2543032107","Persea borbonia",-79.039452,33.525804,2019,12,27,"US","Persea borbonia"
"3407896980","Persea borbonia",-80.060057,26.887802,2019,12,17,"US","Persea borbonia"
"1831186725","Persea borbonia",-95.678247,30.304558,2018,2,14,"US","Persea borbonia"
"1841191397","Persea borbonia",-95.420835,29.758217,2018,3,30,"US","Persea borbonia"
"2563482271","Persea borbonia",-82.770109,30.333332,2018,3,9,"US","Persea borbonia"
"1837768780","Persea borbonia",-82.777484,29.915558,2018,4,3,"US","Persea borbonia"
"1838015638","Persea borbonia",-81.428657,30.698811,2018,4,6,"US","Persea borbonia"
"1838031770","Persea borbonia",-81.545944,30.122539,2018,4,8,"US","Persea borbonia"
"1841212810","Persea borbonia",-95.284288,30.027392,2018,4,27,"US","Persea borbonia"
"1880461324","Persea borbonia",-95.376391,30.085026,2018,4,29,"US","Persea borbonia"
"2447843825","Persea borbonia",-95.40279,30.08961,2018,5,2,"US","Persea borbonia"
"2456559907","Persea borbonia",-95.385855,30.03725,2018,5,11,"US","Persea borbonia"
"2456560277","Persea borbonia",-95.38591,30.03721,2018,5,11,"US","Persea borbonia"
"2456560441","Persea borbonia",-95.3859,30.03723,2018,5,11,"US","Persea borbonia"
"1848787732","Persea borbonia",-94.391809,31.092363,2018,6,1,"US","Persea borbonia"
"1850953786","Persea borbonia",-80.671761,25.706726,2018,6,10,"US","Persea borbonia"
"1883466818","Persea borbonia",-88.629425,30.568108,2018,6,29,"US","Persea borbonia"
"1883947416","Persea borbonia",-85.17421,29.66745,2018,7,23,"US","Persea borbonia"
"1990446029","Persea borbonia",-80.671281,25.692862,2018,7,15,"US","Persea borbonia"
"2013682905","Persea borbonia",-95.38351,30.08384,2018,7,5,"US","Persea borbonia"
"2447824195","Persea borbonia",-95.37642,30.08468,2018,7,5,"US","Persea borbonia"
"1890675966","Persea borbonia",-82.370943,29.635253,2018,8,1,"US","Persea borbonia"
"1990453412","Persea borbonia",-82.34603,29.644875,2018,9,21,"US","Persea borbonia"
"1920808821","Persea borbonia",-95.298648,30.027423,2018,10,6,"US","Persea borbonia"
"1990455199","Persea borbonia",-95.301331,30.029062,2018,10,9,"US","Persea borbonia"
"1990455476","Persea borbonia",-95.61018,29.96234,2018,10,11,"US","Persea borbonia"
"1946313938","Persea borbonia",-80.309745,25.623155,2018,11,20,"US","Persea borbonia"
"1990457607","Persea borbonia",-95.784042,30.297567,2018,11,3,"US","Persea borbonia"
"1990458186","Persea borbonia",-81.452592,30.504742,2018,11,10,"US","Persea borbonia"
"1993734075","Persea borbonia",-81.340533,31.265233,2018,11,12,"US","Persea borbonia"
"2005279648","Persea borbonia",-81.339883,31.265383,2018,11,12,"US","Persea borbonia"
"2542879519","Persea borbonia",-81.279412,29.853141,2018,11,3,"US","Persea borbonia"
"3335066318","Persea borbonia",-81.376717,31.174283,2018,11,10,"US","Persea borbonia"
"3468859311","Persea borbonia",-95.520745,30.166456,2018,11,22,"US","Persea borbonia"
"1990461079","Persea borbonia",-80.080422,26.951745,2018,12,8,"US","Persea borbonia"
"1990461120","Persea borbonia",-80.080606,26.94978,2018,12,8,"US","Persea borbonia"
"1990463211","Persea borbonia",-96.980594,28.144881,2018,12,22,"US","Persea borbonia"
"2242745623","Persea borbonia",-96.988127,28.137841,2018,12,24,"US","Persea borbonia"
"2429621534","Persea borbonia",-81.276719,29.867031,2018,12,24,"US","Persea borbonia"
"2550018003","Persea borbonia",-81.255456,29.694589,2018,12,16,"US","Persea borbonia"
"1453380634","Persea borbonia",-95.669323,30.311846,2017,1,25,"US","Persea borbonia"
"1806324155","Persea borbonia",-94.178799,30.250924,2017,1,28,"US","Persea borbonia"
"1453532488","Persea borbonia",-79.891295,32.682013,2017,3,21,"US","Persea borbonia"
"1457587078","Persea borbonia",-81.526135,26.489682,2017,3,25,"US","Persea borbonia"
"3335084330","Persea borbonia",-88.104844,30.470164,2017,3,23,"US","Persea borbonia"
"3744705847","Persea borbonia",-88.1,30.47,2017,3,23,"US","Persea borbonia"
"1500264967","Persea borbonia",-80.132818,25.910497,2017,4,14,"US","Persea borbonia"
"1500275454","Persea borbonia",-95.154345,30.091415,2017,4,17,"US","Persea borbonia"
"1500277763","Persea borbonia",-95.295287,30.029597,2017,4,18,"US","Persea borbonia"
"1802618026","Persea borbonia",-94.835278,30.317222,2017,4,14,"US","Persea borbonia"
"1838074765","Persea borbonia",-80.160383,25.90167,2017,4,18,"US","Persea borbonia"
"2540848809","Persea borbonia",-81.652226,29.24417,2017,4,11,"US","Persea borbonia"
"2999055307","Persea borbonia",-94.267432,31.070883,2017,4,1,"US","Persea borbonia"
"3744683534","Persea borbonia",-78.77,33.55,2017,4,19,"US","Persea borbonia"
"1562895525","Persea borbonia",-95.296808,30.029969,2017,5,5,"US","Persea borbonia"
"1563444508","Persea borbonia",-80.181404,32.568358,2017,5,31,"US","Persea borbonia"
"1843244396","Persea borbonia",-95.295748,30.029936,2017,5,5,"US","Persea borbonia"
"1843244397","Persea borbonia",-95.297146,30.030227,2017,5,5,"US","Persea borbonia"
"2866749384","Persea borbonia",-78.686555,33.81547,2017,5,11,"US","Persea borbonia"
"1807274740","Persea borbonia",-95.260673,30.024578,2017,6,27,"US","Persea borbonia"
"3710044369","Persea borbonia",-81.067639,31.963889,2017,7,13,"US","Persea borbonia"
"1586124715","Persea borbonia",-95.514938,30.156508,2017,8,2,"US","Persea borbonia"
"1586144368","Persea borbonia",-95.376799,30.08114,2017,8,6,"US","Persea borbonia"
"2013762882","Persea borbonia",-95.515038,30.156483,2017,8,2,"US","Persea borbonia"
"3079710366","Persea borbonia",-95.514388,30.005397,2017,8,15,"US","Persea borbonia"
"1990447761","Persea borbonia",-80.872879,28.587402,2017,9,1,"US","Persea borbonia"
"2619925325","Persea borbonia",-97.048736,28.085488,2017,10,19,"US","Persea borbonia"
"1836693803","Persea borbonia",-94.1735,30.2527,2017,11,30,"US","Persea borbonia"
"3070259398","Persea borbonia",-78.154799,33.832035,2017,11,29,"US","Persea borbonia"
"3335415307","Persea borbonia",-77.850856,33.98448,2017,11,14,"US","Persea borbonia"
"1802656514","Persea borbonia",-95.452018,29.700016,2017,12,4,"US","Persea borbonia"
"1806331722","Persea borbonia",-80.679443,25.422777,2017,12,26,"US","Persea borbonia"
"1807280546","Persea borbonia",-95.574717,30.140367,2017,12,29,"US","Persea borbonia"
"1249280130","Persea borbonia",-80.194469,32.576314,2016,1,30,"US","Persea borbonia"
"1249281386","Persea borbonia",-96.787888,28.252776,2016,1,30,"US","Persea borbonia"
"3039112418","Persea borbonia",-81.545989,30.128358,2016,1,5,"US","Persea borbonia"
"1262387849","Persea borbonia",-94.021382,30.813513,2016,3,23,"US","Persea borbonia"
"1265537745","Persea borbonia",-95.293238,30.026734,2016,3,2,"US","Persea borbonia"
"1318447771","Persea borbonia",-77.0242,38.8909,2016,3,18,"US","Persea borbonia"
"1841332232","Persea borbonia",-95.272311,30.030043,2016,3,15,"US","Persea borbonia"
"3028027572","Persea borbonia",-77.0242,38.8909,2016,3,18,"US","Persea borbonia"
"3028075798","Persea borbonia",-77.0242,38.8909,2016,3,18,"US","Persea borbonia"
"3028076228","Persea borbonia",-77.0242,38.8909,2016,3,18,"US","Persea borbonia"
"3335379302","Persea borbonia",-79.011683,33.796705,2016,3,16,"US","Persea borbonia"
"1265561259","Persea borbonia",-80.183174,32.567993,2016,4,7,"US","Persea borbonia"
"1322995860","Persea borbonia",-80.194575,32.576026,2016,4,23,"US","Persea borbonia"
"1291076831","Persea borbonia",-95.379418,30.081562,2016,5,21,"US","Persea borbonia"
"1453087293","Persea borbonia",-82.460654,29.715377,2016,5,17,"US","Persea borbonia"
"3335364302","Persea borbonia",-86.443995,30.384673,2016,6,13,"US","Persea borbonia"
"1291118628","Persea borbonia",-94.421203,30.545834,2016,7,10,"US","Persea borbonia"
"1291131095","Persea borbonia",-95.63876,30.561887,2016,7,17,"US","Persea borbonia"
"1699369123","Persea borbonia",-95.451979,29.699932,2016,7,18,"US","Persea borbonia"
"1848813852","Persea borbonia",-95.37976,30.083559,2016,7,16,"US","Persea borbonia"
"1306584282","Persea borbonia",-79.132557,33.410596,2016,8,15,"US","Persea borbonia"
"1322998767","Persea borbonia",-80.179564,32.572058,2016,8,20,"US","Persea borbonia"
"1453101952","Persea borbonia",-80.608894,25.382036,2016,8,10,"US","Persea borbonia"
"1306578673","Persea borbonia",-94.118277,31.052343,2016,9,2,"US","Persea borbonia"
"1323002032","Persea borbonia",-80.279243,26.093969,2016,9,18,"US","Persea borbonia"
"1453123141","Persea borbonia",-80.179711,32.576749,2016,10,5,"US","Persea borbonia"
"1453141496","Persea borbonia",-94.4105,30.547175,2016,10,14,"US","Persea borbonia"
"1453146840","Persea borbonia",-94.14508,30.721318,2016,10,16,"US","Persea borbonia"
"1453153354","Persea borbonia",-94.146212,30.722202,2016,10,16,"US","Persea borbonia"
"1806323558","Persea borbonia",-94.353193,30.582411,2016,10,15,"US","Persea borbonia"
"1453320898","Persea borbonia",-79.131937,33.411748,2016,12,31,"US","Persea borbonia"
"1065600770","Persea borbonia",-94.172743,30.252542,2015,1,30,"US","Persea borbonia"
"3335425301","Persea borbonia",-83.026471,29.444441,2015,3,29,"US","Persea borbonia"
"2609182089","Persea borbonia",-81.639938,28.554998,2015,4,18,"US","Persea borbonia"
"3384448303","Persea borbonia",-94.17022,30.254483,2015,5,2,"US","Persea borbonia"
"3415820305","Persea borbonia",-94.170537,30.254405,2015,5,2,"US","Persea borbonia"
"1134964580","Persea borbonia",-80.182061,32.567513,2015,7,13,"US","Persea borbonia"
"2814067640","Persea borbonia",-96.789825,28.251081,2015,11,9,"US","Persea borbonia"
"3018015303","Persea borbonia",-81.516527,30.26649,2015,11,25,"US","Persea borbonia"
"1322994872","Persea borbonia",-80.192688,32.574722,2015,12,6,"US","Persea borbonia"
"1453070186","Persea borbonia",-80.180853,32.567203,2015,12,20,"US","Persea borbonia"
"3709817662","Persea borbonia",-81.4421,32.1743,2014,3,2,"US","Persea borbonia"
"1024219585","Persea borbonia",-96.862061,28.227123,2014,8,17,"US","Persea borbonia"
"1851031409","Persea borbonia",-96.77202,29.0413,2014,11,5,"US","Persea borbonia"
"1052587366","Persea borbonia",-94.441429,30.459826,2014,12,4,"US","Persea borbonia"
"1503271319","Persea borbonia",-84.3053,29.2339,2013,5,25,"US","Persea borbonia"
"2447845881","Persea borbonia",-94.346204,30.473683,2013,7,20,"US","Persea borbonia"
"891028154","Persea borbonia",-95.964091,30.240878,2013,9,24,"US","Persea borbonia"
"3707760792","Persea borbonia",-89.71135,31.17194,2012,3,29,"US","Persea borbonia"
"3709982759","Persea borbonia",-81.32393,32.01852,2012,6,12,"US","Persea borbonia"
"1503268345","Persea borbonia",-81.4328,30.67,2012,7,13,"US","Persea borbonia"
"1929117260","Persea borbonia",-89.141556,30.4148,2012,10,4,"US","Persea borbonia"
"1503269283","Persea borbonia",-81.1622,26.9544,2012,11,10,"US","Persea borbonia"
"1257774942","Persea borbonia",-86.215,30.6075,2011,3,10,"US","Persea borbonia"
"1928063694","Persea borbonia",-77.091061,34.795064,2011,4,6,"US","Persea borbonia"
"1928221432","Persea borbonia",-79.299925,33.943144,2011,4,27,"US","Persea borbonia"
"1929929385","Persea borbonia",-76.79878,34.78747,2011,4,29,"US","Persea borbonia"
"1928138050","Persea borbonia",-76.798711,35.306864,2011,5,3,"US","Persea borbonia"
"3313014304","Persea borbonia",-82.2528,27.7811,2011,6,2,"US","Persea borbonia"
"1503264956","Persea borbonia",-81.8625,26.9644,2011,9,11,"US","Persea borbonia"
"1848987295","Persea borbonia",-77.62583,34.36972,2010,6,14,"US","Persea borbonia"
"3435794510","Persea borbonia",-98.12769,30.34237,2010,6,16,"US","Persea borbonia"
"1304591938","Persea borbonia",-77.049722,35.054722,2010,10,7,"US","Persea borbonia"
"1304594467","Persea borbonia",-76.956944,34.790278,2010,10,6,"US","Persea borbonia"
"1304596207","Persea borbonia",-77.086944,34.691944,2010,10,5,"US","Persea borbonia"
"1304599602","Persea borbonia",-77.043056,34.961944,2010,10,4,"US","Persea borbonia"
"1304604095","Persea borbonia",-75.975278,37.266389,2010,10,21,"US","Persea borbonia"
"1928421462","Persea borbonia",-77.049708,35.054739,2010,10,7,"US","Persea borbonia"
"1929144444","Persea borbonia",-77.086953,34.691811,2010,10,5,"US","Persea borbonia"
"1929769652","Persea borbonia",-76.956922,34.79035,2010,10,6,"US","Persea borbonia"
"1930448044","Persea borbonia",-75.975339,37.266339,2010,10,21,"US","Persea borbonia"
"1931195870","Persea borbonia",-77.043047,34.961883,2010,10,4,"US","Persea borbonia"
"3707733450","Persea borbonia",-88.97387,31.2241,2010,11,18,"US","Persea borbonia"
"2807468922","Persea borbonia",-96.85798,29.30575,2009,8,28,"US","Persea borbonia"
"1503253711","Persea borbonia",-82,27.0333,2008,8,28,"US","Persea borbonia"
"1457817701","Persea borbonia",-88.62212,30.51813,2008,12,26,"US","Persea borbonia"
"1899880173","Persea borbonia",-88.64697,30.60869,2008,12,26,"US","Persea borbonia"
"1257515936","Persea borbonia",-81.734055,29.3475,2007,5,19,"US","Persea borbonia"
"1258021361","Persea borbonia",-84.345278,30.280556,2007,5,10,"US","Persea borbonia"
"1503262690","Persea borbonia",-81.7342,29.3475,2007,5,19,"US","Persea borbonia"
"1933394955","Persea borbonia",-81.0797,29.3278,2006,1,13,"US","Persea borbonia"
"1457808740","Persea borbonia",-82.038933,29.200917,2006,5,21,"US","Persea borbonia"
"1503250887","Persea borbonia",-80.2331,26.1276,2006,5,1,"US","Persea borbonia"
"1503255283","Persea borbonia",-82.6928,28.1717,2006,9,1,"US","Persea borbonia"
"1457788897","Persea borbonia",-82.644414,27.520531,2006,11,18,"US","Persea borbonia"
"122983586","Persea borbonia",-80.1825,25.4411,2005,1,10,"US","Persea borbonia"
"1269721908","Persea borbonia",-88.7903,30.3972,2005,5,25,"US","Persea borbonia"
"1457760602","Persea borbonia",-81.50125,27.80819,2005,8,29,"US","Persea borbonia"
"1563146927","Persea borbonia",-88.4369,30.2014,2005,8,25,"US","Persea borbonia"
"1258122335","Persea borbonia",-83.0544,30.5838,2005,9,13,"US","Persea borbonia"
"1457753983","Persea borbonia",-83.054444,30.583833,2005,9,13,"US","Persea borbonia"
"3709933591","Persea borbonia",-81.462,30.444,2005,9,30,"US","Persea borbonia"
"1269722875","Persea borbonia",-87.0159,30.357,2005,10,5,"US","Persea borbonia"
"1563145349","Persea borbonia",-87.1497,30.3602,2005,10,4,"US","Persea borbonia"
"1932898908","Persea borbonia",-81.497167,30.387833,2005,10,1,"US","Persea borbonia"
"3710070677","Persea borbonia",-81.497,30.388,2005,10,1,"US","Persea borbonia"
"1503249466","Persea borbonia",-82.2167,28.5833,2005,11,9,"US","Persea borbonia"
"1457753125","Persea borbonia",-83.08528,29.1248,2004,3,26,"US","Persea borbonia"
"1457775674","Persea borbonia",-83.08549,29.12899,2004,4,16,"US","Persea borbonia"
"1932898663","Persea borbonia",-81.4655,30.746333,2004,6,14,"US","Persea borbonia"
"3709929639","Persea borbonia",-81.234,29.715,2003,5,28,"US","Persea borbonia"
"3710071665","Persea borbonia",-81.232,29.717,2003,5,30,"US","Persea borbonia"
"3710076693","Persea borbonia",-81.232,29.703,2003,5,29,"US","Persea borbonia"
"3709936625","Persea borbonia",-81.234,29.715,2003,7,29,"US","Persea borbonia"
"3710073678","Persea borbonia",-81.25,29.717,2003,7,29,"US","Persea borbonia"
"2807646313","Persea borbonia",-94.16667,30.25,2003,8,22,"US","Persea borbonia"
"3710067678","Persea borbonia",-81.231,29.713,2003,9,26,"US","Persea borbonia"
"3710073671","Persea borbonia",-81.232,29.717,2003,9,26,"US","Persea borbonia"
"2807576652","Persea borbonia",-95.15,30.08333,2003,10,22,"US","Persea borbonia"
"1503276337","Persea borbonia",-82.3986,28.0747,2002,2,11,"US","Persea borbonia"
"3707760577","Persea borbonia",-88.487778,30.421667,2002,4,23,"US","Persea borbonia"
"122983445","Persea borbonia",-86.6647,30.3986,2002,8,8,"US","Persea borbonia"
"1849183858","Persea borbonia",-79.4848,33.9388,2002,8,23,"US","Persea borbonia"
"1849121453","Persea borbonia",-80.4969,33.8012,2002,10,18,"US","Persea borbonia"
"1503248078","Persea borbonia",-81.3333,29,2002,12,10,"US","Persea borbonia"
"1927877753","Persea borbonia",-81.41343,31.068566,2001,5,15,"US","Persea borbonia"
"1503276454","Persea borbonia",-82.3986,28.0744,2001,6,26,"US","Persea borbonia"
"176998298","Persea borbonia",-80.178221,27.216956,2000,1,1,"US","Persea borbonia"
"1503242302","Persea borbonia",-82.1833,27.4833,2000,3,2,"US","Persea borbonia"
"1457749085","Persea borbonia",-81.737333,30.746333,2000,5,5,"US","Persea borbonia"
"122983372","Persea borbonia",-80.4987,25.609,2000,6,9,"US","Persea borbonia"
"1258694864","Persea borbonia",-94.35166,30.46166,2000,7,8,"US","Persea borbonia"
"1849135260","Persea borbonia",-79.0947,33.5109,2000,7,25,"US","Persea borbonia"
"2807608128","Persea borbonia",-94.19447,30.86528,2000,9,22,"US","Persea borbonia"
"2807639675","Persea borbonia",-93.79728,30.85191,2000,9,23,"US","Persea borbonia"
"1929265057","Persea borbonia",-81.4036,31.1031,1999,5,7,"US","Persea borbonia"
"1930646587","Persea borbonia",-81.8539,29.2472,1999,5,1,"US","Persea borbonia"
"3709929587","Persea borbonia",-81.40365,31.103144,1999,5,7,"US","Persea borbonia"
"3710073608","Persea borbonia",-81.427632,31.019192,1999,10,2,"US","Persea borbonia"
"1258500511","Persea borbonia",-77.03333,34.95305,1998,8,17,"US","Persea borbonia"
"3744701444","Persea borbonia",-85.74,31.16,1998,10,5,"US","Persea borbonia"
"1304392752","Persea borbonia",-117.8125,33.679167,1997,5,13,"US","Persea borbonia"
"2422532359","Persea borbonia",-117.8125,33.67917,1997,5,13,"US","Persea borbonia"
"2807232943","Persea borbonia",-97.20667,27.825,1997,5,13,"US","Persea borbonia"
"1258122341","Persea borbonia",-82.55,27.3333,1997,7,21,"US","Persea borbonia"
"1258401072","Persea borbonia",-84.67166,30.36888,1997,8,22,"US","Persea borbonia"
"1503267615","Persea borbonia",-82.9818,29.4975,1997,8,7,"US","Persea borbonia"
"122983401","Persea borbonia",-80.3985,27.0816,1997,12,9,"US","Persea borbonia"
"1304392725","Persea borbonia",-117.8125,33.679167,1996,5,2,"US","Persea borbonia"
"2422530474","Persea borbonia",-117.8125,33.67917,1996,5,2,"US","Persea borbonia"
"3117714021","Persea borbonia",-73.866837,40.896938,1995,NA,NA,"US","Persea borbonia"
"3117956788","Persea borbonia",-74.161072,40.585911,1995,NA,NA,"US","Persea borbonia"
"3118085091","Persea borbonia",-73.866837,40.896938,1995,NA,NA,"US","Persea borbonia"
"1304578453","Persea borbonia",-81.366667,31.05,1994,6,10,"US","Persea borbonia"
"1930706915","Persea borbonia",-81.37,31.05,1994,6,10,"US","Persea borbonia"
"1258122342","Persea borbonia",-80.609,25.3798,1994,7,22,"US","Persea borbonia"
"1261279352","Persea borbonia",-81.68333,25.43333,1992,3,5,"US","Persea borbonia"
"2859136377","Persea borbonia",-81.395363,30.376001,1992,4,21,"US","Persea borbonia"
"1931286443","Persea borbonia",-97.31297,27.633934,1992,9,11,"US","Persea borbonia"
"1503226671","Persea borbonia",-82,28,1992,NA,NA,"US","Persea borbonia"
"122984099","Persea borbonia",-82.6215,30.2242,1991,5,7,"US","Persea borbonia"
"122984108","Persea borbonia",-82.0567,29.2102,1991,9,25,"US","Persea borbonia"
"122984109","Persea borbonia",-82.0567,29.2102,1991,9,30,"US","Persea borbonia"
"122984110","Persea borbonia",-82.0567,29.2102,1991,10,9,"US","Persea borbonia"
"122984106","Persea borbonia",-82.0567,29.2102,1991,11,5,"US","Persea borbonia"
"122984107","Persea borbonia",-82.0567,29.2102,1991,11,14,"US","Persea borbonia"
"1503222800","Persea borbonia",-80.7168,28.5973,1990,1,5,"US","Persea borbonia"
"2629585818","Persea borbonia",-117.842222,33.653889,1990,4,24,"US","Persea borbonia"
"122984096","Persea borbonia",-81.648,30.3354,1990,5,11,"US","Persea borbonia"
"2234432225","Persea borbonia",-78.300094,34.095258,1988,3,27,"US","Persea borbonia"
"2234432280","Persea borbonia",-78.300094,34.095258,1988,3,27,"US","Persea borbonia"
"1928452044","Persea borbonia",-95.456051,30.253809,1988,6,28,"US","Persea borbonia"
"1503221287","Persea borbonia",-81.7167,25.9667,1988,12,29,"US","Persea borbonia"
"1503221515","Persea borbonia",-81.7167,25.9667,1988,12,28,"US","Persea borbonia"
"1503221533","Persea borbonia",-81.7167,25.9667,1988,12,28,"US","Persea borbonia"
"1931181004","Persea borbonia",-97.081223,28.031138,1987,7,24,"US","Persea borbonia"
"122984213","Persea borbonia",-81.3235,28.5144,1987,9,24,"US","Persea borbonia"
"1503218936","Persea borbonia",-80.8205,28.6122,1987,11,17,"US","Persea borbonia"
"1503216042","Persea borbonia",-80.2562,27.3,1985,9,26,"US","Persea borbonia"
"1503216133","Persea borbonia",-81.9667,27.8333,1985,9,26,"US","Persea borbonia"
"1503223996","Persea borbonia",-82.0854,27.8595,1984,7,17,"US","Persea borbonia"
"122983971","Persea borbonia",-81.4099,29.9122,1983,9,28,"US","Persea borbonia"
"1503207439","Persea borbonia",-82.3304,28.8358,1982,11,7,"US","Persea borbonia"
"3744701441","Persea borbonia",-87.76,30.44,1982,11,6,"US","Persea borbonia"
"1503197387","Persea borbonia",-85.678,30.5999,1981,5,20,"US","Persea borbonia"
"1503204835","Persea borbonia",-86.9,30.4333,1981,5,21,"US","Persea borbonia"
"1503205911","Persea borbonia",-82.3106,29.6514,1981,5,14,"US","Persea borbonia"
"1503204831","Persea borbonia",-86.4958,30.3935,1981,6,22,"US","Persea borbonia"
"122983949","Persea borbonia",-81.293,29.4711,1981,10,8,"US","Persea borbonia"
"1503200065","Persea borbonia",-82.3429,27.8325,1981,10,8,"US","Persea borbonia"
"1927937632","Persea borbonia",-95.418727,30.043579,1981,10,17,"US","Persea borbonia"
"3766318877","Persea borbonia",-81.43478,30.68634,1981,11,10,"US","Persea borbonia"
"3118358711","Persea borbonia",-81.565004,30.080574,1980,1,1,"US","Persea borbonia"
"122983890","Persea borbonia",-81.293,29.4711,1979,5,21,"US","Persea borbonia"
"3766318837","Persea borbonia",-81.4412,30.69635,1979,5,18,"US","Persea borbonia"
"122983929","Persea borbonia",-82.3469,27.9062,1979,10,11,"US","Persea borbonia"
"122984129","Persea borbonia",-87.0184,30.6929,1978,3,30,"US","Persea borbonia"
"122983850","Persea borbonia",-80.3985,27.0816,1978,4,23,"US","Persea borbonia"
"3707720760","Persea borbonia",-89.5051,30.20043,1978,4,21,"US","Persea borbonia"
"1503183874","Persea borbonia",-82,28,1978,9,20,"US","Persea borbonia"
"2234503124","Persea borbonia",-79.375,35.166667,1978,9,1,"US","Persea borbonia"
"1503187058","Persea borbonia",-81.3706,30.1927,1978,10,25,"US","Persea borbonia"
"3707720761","Persea borbonia",-89.5051,30.20043,1978,10,21,"US","Persea borbonia"
"1304393911","Persea borbonia",-96.881389,29.9125,1977,2,25,"US","Persea borbonia"
"2422435493","Persea borbonia",-96.88139,29.9125,1977,2,25,"US","Persea borbonia"
"3709929579","Persea borbonia",-81.41361,31.06833,1977,5,14,"US","Persea borbonia"
"1503188233","Persea borbonia",-82.35,27.9167,1977,7,29,"US","Persea borbonia"
"3413524038","Persea borbonia",-94.809794,30.555741,1977,8,19,"US","Persea borbonia"
"122983796","Persea borbonia",-80.4987,25.609,1976,4,16,"US","Persea borbonia"
"122983797","Persea borbonia",-81.381,26.0992,1976,5,14,"US","Persea borbonia"
"437587379","Persea borbonia",-89.64965,30.49358,1976,5,1,"US","Persea borbonia"
"1258624407","Persea borbonia",-82.33333,32.4,1976,5,18,"US","Persea borbonia"
"1300517425","Persea borbonia",-78.75,34.95,1976,5,16,"US","Persea borbonia"
"1503175381","Persea borbonia",-80.5373,28.4711,1975,2,23,"US","Persea borbonia"
"1503175411","Persea borbonia",-80.5373,28.4711,1975,2,23,"US","Persea borbonia"
"122983785","Persea borbonia",-80.4987,25.609,1975,5,31,"US","Persea borbonia"
"3707751077","Persea borbonia",-89.22413,30.3576,1975,10,2,"US","Persea borbonia"
"3710075592","Persea borbonia",-81.427396,31.030951,1975,10,13,"US","Persea borbonia"
"3744701446","Persea borbonia",-86.07,31.11,1974,6,25,"US","Persea borbonia"
"122984125","Persea borbonia",-86.5922,30.665,1973,4,12,"US","Persea borbonia"
"1503200971","Persea borbonia",-81.2895,29.8877,1973,5,9,"US","Persea borbonia"
"2270233665","Persea borbonia",-79.190891,35.100751,1973,6,NA,"US","Persea borbonia"
"122983331","Persea borbonia",-80.4987,25.609,1972,2,16,"US","Persea borbonia"
"2859420107","Persea borbonia",-78.998368,33.63127,1972,10,25,"US","Persea borbonia"
"122983492","Persea borbonia",-82.4685,28.5562,1971,4,26,"US","Persea borbonia"
"1503180269","Persea borbonia",-80.6081,28.0836,1971,4,24,"US","Persea borbonia"
"3320752314","Persea borbonia",-82.606667,29.865,1971,7,18,"US","Persea borbonia"
"1990222515","Persea borbonia",-75.92598,35.574311,1970,6,11,"US","Persea borbonia"
"1503308768","Persea borbonia",-81.6456,25.9248,1968,5,11,"US","Persea borbonia"
"2859396677","Persea borbonia",-92.469077,31.689135,1968,10,3,"US","Persea borbonia"
"1503309678","Persea borbonia",-85.678,30.5999,1968,11,23,"US","Persea borbonia"
"1503306961","Persea borbonia",-82.4,27,1967,5,12,"US","Persea borbonia"
"122983680","Persea borbonia",-80.4987,25.609,1967,6,24,"US","Persea borbonia"
"122983679","Persea borbonia",-80.4987,25.609,1967,7,18,"US","Persea borbonia"
"176998294","Persea borbonia",-95.132383,30.471494,1967,9,1,"US","Persea borbonia"
"122983438","Persea borbonia",-80.4987,25.609,1967,12,18,"US","Persea borbonia"
"1503303047","Persea borbonia",-81.7167,25.9667,1966,3,15,"US","Persea borbonia"
"1503303222","Persea borbonia",-83.5833,30.0833,1966,4,19,"US","Persea borbonia"
"1928077892","Persea borbonia",-81.5833,25.9833,1966,4,26,"US","Persea borbonia"
"1503305055","Persea borbonia",-85.678,30.5999,1966,10,9,"US","Persea borbonia"
"122983311","Persea borbonia",-80.6679,24.9844,1965,5,6,"US","Persea borbonia"
"122984255","Persea borbonia",-80.6679,24.9844,1965,5,6,"US","Persea borbonia"
"1503301023","Persea borbonia",-80.6081,28.0836,1965,5,22,"US","Persea borbonia"
"1503301486","Persea borbonia",-81.6979,25.9109,1965,8,20,"US","Persea borbonia"
"122983335","Persea borbonia",-93.178,44.7316,1964,4,9,"US","Persea borbonia"
"176998290","Persea borbonia",-96.733333,28.233333,1964,4,5,"US","Persea borbonia"
"176998300","Persea borbonia",-96.909959,28.26677,1964,4,5,"US","Persea borbonia"
"2517846864","Persea borbonia",-81.666667,32.416667,1964,5,22,"US","Persea borbonia"
"1503298250","Persea borbonia",-82.4584,27.9475,1964,9,7,"US","Persea borbonia"
"1503299102","Persea borbonia",-80.4458,27.8164,1964,10,17,"US","Persea borbonia"
"1838431499","Persea borbonia",-82.325,29.6514,1963,4,20,"US","Persea borbonia"
"1503295377","Persea borbonia",-81.8167,28.35,1963,5,6,"US","Persea borbonia"
"2521258490","Persea borbonia",-93.8927,30.6605,1963,5,12,"US","Persea borbonia"
"1503284924","Persea borbonia",-81.407,28.291,1963,7,26,"US","Persea borbonia"
"1503284994","Persea borbonia",-82.1333,27.85,1963,7,11,"US","Persea borbonia"
"1671752876","Persea borbonia",-81.407,28.291,1963,7,26,"US","Persea borbonia"
"1503295276","Persea borbonia",-82.7034,27.7484,1963,9,10,"US","Persea borbonia"
"1503296140","Persea borbonia",-82.7034,27.7484,1963,11,2,"US","Persea borbonia"
"1671752894","Persea borbonia",-81.8779,28.8108,1962,8,10,"US","Persea borbonia"
"1503284931","Persea borbonia",-82.6167,29.7667,1962,10,6,"US","Persea borbonia"
"1503292490","Persea borbonia",-85.678,30.5999,1962,11,3,"US","Persea borbonia"
"1838431656","Persea borbonia",-82.0333,29.2333,1961,3,1,"US","Persea borbonia"
"1503289346","Persea borbonia",-85.678,30.5999,1961,4,27,"US","Persea borbonia"
"1503289377","Persea borbonia",-85.678,30.5999,1961,4,27,"US","Persea borbonia"
"1503290204","Persea borbonia",-82.7873,27.9095,1961,5,12,"US","Persea borbonia"
"1503290352","Persea borbonia",-81.8431,27.8964,1961,5,19,"US","Persea borbonia"
"3340037728","Persea borbonia",-96.941692,28.398648,1961,8,10,"US","Persea borbonia"
"2413157636","Persea borbonia",-80.686174,25.409003,1961,12,19,"US","Persea borbonia"
"2413158327","Persea borbonia",-81.101616,25.862809,1961,12,17,"US","Persea borbonia"
"1503228844","Persea borbonia",-82.3745,28.9,1960,4,23,"US","Persea borbonia"
"1503308721","Persea borbonia",-82.8231,29.0315,1959,5,4,"US","Persea borbonia"
"1931332798","Persea borbonia",-94.422144,30.99507,1959,5,25,"US","Persea borbonia"
"1503287265","Persea borbonia",-81.2096,29.6681,1959,10,17,"US","Persea borbonia"
"437254970","Persea borbonia",-77.85788,35.21901,1958,9,20,"US","Persea borbonia"
"2859136710","Persea borbonia",-89.970173,30.843726,1958,9,19,"US","Persea borbonia"
"122983626","Persea borbonia",-95.3633,29.7633,1956,5,4,"US","Persea borbonia"
"1503273112","Persea borbonia",-80.0942,26.9342,1956,7,NA,"US","Persea borbonia"
"437259402","Persea borbonia",-80.548,32.98366,1956,10,12,"US","Persea borbonia"
"3766318883","Persea borbonia",-86.25551,31.28267,1954,5,8,"US","Persea borbonia"
"122984254","Persea borbonia",-80.4987,25.609,1952,3,10,"US","Persea borbonia"
"122984268","Persea borbonia",-80.6679,24.9844,1951,11,28,"US","Persea borbonia"
"3744701440","Persea borbonia",-87.68,30.24,1950,4,16,"US","Persea borbonia"
"1927800835","Persea borbonia",-96.798683,28.27166,1950,6,29,"US","Persea borbonia"
"2988839392","Persea borbonia",-94.48118,30.83164,1948,9,28,"US","Persea borbonia"
"3710074592","Persea borbonia",-81.42999,31.01468,1948,9,3,"US","Persea borbonia"
"3053367932","Persea borbonia",-82.5743,28.5171,1947,3,1,"US","Persea borbonia"
"3053433487","Persea borbonia",-80.2446,27.2544,1946,4,20,"US","Persea borbonia"
"1930554478","Persea borbonia",-96.991439,28.08472,1945,11,26,"US","Persea borbonia"
"122984259","Persea borbonia",-80.4987,25.609,1944,2,26,"US","Persea borbonia"
"1930460481","Persea borbonia",-96.798683,28.27166,1944,9,28,"US","Persea borbonia"
"1927929404","Persea borbonia",-77.980266,33.884064,1939,6,29,"US","Persea borbonia"
"1928820444","Persea borbonia",-77.980266,33.884064,1939,6,29,"US","Persea borbonia"
"122984260","Persea borbonia",-80.4987,25.609,1937,7,4,"US","Persea borbonia"
"122984258","Persea borbonia",-80.4987,25.609,1937,8,9,"US","Persea borbonia"
"122984261","Persea borbonia",-80.4987,25.609,1937,8,9,"US","Persea borbonia"
"122984266","Persea borbonia",-80.4987,25.609,1937,8,9,"US","Persea borbonia"
"439586402","Persea borbonia",-77.50704,34.53025,1935,5,30,"US","Persea borbonia"
"439258432","Persea borbonia",-96.82389,29.10556,1935,6,30,"US","Persea borbonia"
"122984265","Persea borbonia",-80.4987,25.609,1935,11,20,"US","Persea borbonia"
"122984256","Persea borbonia",-80.4987,25.609,1934,5,16,"US","Persea borbonia"
"122984264","Persea borbonia",-80.4987,25.609,1934,5,5,"US","Persea borbonia"
"122984267","Persea borbonia",-80.4987,25.609,1934,5,16,"US","Persea borbonia"
"1503208390","Persea borbonia",-81.4409,27.4956,1934,8,30,"US","Persea borbonia"
"2807302671","Persea borbonia",-97.3964,27.8006,1932,7,10,"US","Persea borbonia"
"1930347327","Persea borbonia",-77.231344,34.904881,1932,8,NA,"US","Persea borbonia"
"2242406995","Persea borbonia",-95.481375,29.832404,1931,6,2,"US","Persea borbonia"
"2521259919","Persea borbonia",-95.3633,29.7633,1931,6,2,"US","Persea borbonia"
"122984263","Persea borbonia",-81.381,26.0992,1929,4,17,"US","Persea borbonia"
"1898768277","Persea borbonia",-80.7556,28.7364,1929,7,10,"US","Persea borbonia"
"2807409428","Persea borbonia",-97.2679,27.6738,1928,5,12,"US","Persea borbonia"
"1929089830","Persea borbonia",-81.460305,27.489806,1927,5,16,"US","Persea borbonia"
"1928282149","Persea borbonia",-80.224901,25.784468,1927,12,26,"US","Persea borbonia"
"1931107827","Persea borbonia",-98.060015,30.430753,1921,NA,NA,"US","Persea borbonia"
"1930534517","Persea borbonia",-80.224901,25.781995,1919,1,18,"US","Persea borbonia"
"1930803693","Persea borbonia",-84.676193,29.853264,1918,5,13,"US","Persea borbonia"
"438948310","Persea borbonia",-95.37622,29.76149,1917,5,20,"US","Persea borbonia"
"1929327953","Persea borbonia",-95.363272,29.763284,1917,9,16,"US","Persea borbonia"
"1928978890","Persea borbonia",-81.41343,31.068566,1914,3,27,"US","Persea borbonia"
"122984262","Persea borbonia",-80.4987,25.609,1913,12,15,"US","Persea borbonia"
"439015310","Persea borbonia",-81.36984,31.46751,1909,6,11,"US","Persea borbonia"
"1929666384","Persea borbonia",-79.794805,32.786843,1907,5,10,"US","Persea borbonia"
"1930700751","Persea borbonia",-80.604551,25.42061,1907,8,NA,"US","Persea borbonia"
"1929517596","Persea borbonia",-80.231768,25.785705,1904,3,18,"US","Persea borbonia"
"1930261106","Persea borbonia",-80.231768,25.785705,1904,3,18,"US","Persea borbonia"
"1928118992","Persea borbonia",-80.344832,27.420196,1904,4,8,"US","Persea borbonia"
"1929468060","Persea borbonia",-80.039177,26.69826,1904,11,19,"US","Persea borbonia"
"1928182696","Persea borbonia",-81.109694,29.198228,1901,11,12,"US","Persea borbonia"
"1928765233","Persea borbonia",-81.109694,29.198228,1901,11,12,"US","Persea borbonia"
"439258434","Persea borbonia",-81.65532,30.33359,1900,1,1,"US","Persea borbonia"
"1930957865","Persea borbonia",-95.363272,29.763284,1900,4,17,"US","Persea borbonia"
"437255268","Persea borbonia",-81.68536,28.85277,1900,5,12,"US","Persea borbonia"
"439614600","Persea borbonia",-81.68417,28.85338,1900,5,12,"US","Persea borbonia"
"415896445","Persea borbonia",-81.65583,30.33194,1896,5,22,"US","Persea borbonia"
"437920669","Persea borbonia",-81.68527,28.85311,1895,11,12,"US","Persea borbonia"
"439258435","Persea borbonia",-81.68518,28.85288,1895,11,12,"US","Persea borbonia"
"438591403","Persea borbonia",-81.68536,28.85277,1894,4,15,"US","Persea borbonia"
"439586403","Persea borbonia",-81.68536,28.85277,1894,4,15,"US","Persea borbonia"
"1927863097","Persea borbonia",-81.685353,28.852768,1894,4,15,"US","Persea borbonia"
"438591402","Persea borbonia",-81.68518,28.85288,1894,5,1,"US","Persea borbonia"
"439586404","Persea borbonia",-81.68536,28.85277,1894,5,1,"US","Persea borbonia"
"1931124023","Persea borbonia",-81.725689,30.319145,1894,5,30,"US","Persea borbonia"
"2234381997","Persea borbonia",-77.980266,33.884064,1894,5,NA,"US","Persea borbonia"
"437260211","Persea borbonia",-81.68536,28.85277,1894,7,1,"US","Persea borbonia"
"438919952","Persea borbonia",-81.6862,28.85389,1894,7,1,"US","Persea borbonia"
"1928810241","Persea borbonia",-81.685353,28.852768,1894,7,1,"US","Persea borbonia"
"1929695430","Persea borbonia",-81.725689,30.319145,1893,5,17,"US","Persea borbonia"
"1930837823","Persea borbonia",-81.289516,29.887747,1892,5,NA,"US","Persea borbonia"
"1928309950","Persea borbonia",-81.699596,30.329813,1877,10,NA,"US","Persea borbonia"
"1929515852","Persea borbonia",-83.040443,29.142176,1876,4,NA,"US","Persea borbonia"
"1928343194","Persea borbonia",-95.363272,29.763284,1872,6,12,"US","Persea borbonia"
"1930694720","Persea borbonia",-95.363272,29.763284,1872,6,12,"US","Persea borbonia"
"1930644300","Persea borbonia",-81.430123,30.39255,1870,NA,NA,"US","Persea borbonia"
"1930771732","Persea borbonia",-81.697593,30.065241,1869,3,NA,"US","Persea borbonia"
"1928287322","Persea borbonia",-81.314517,29.894691,1848,9,NA,"US","Persea borbonia"
"1930517317","Persea borbonia",-81.152019,32.049792,1838,NA,NA,"US","Persea borbonia"
"438258522","Persea borbonia",-81.65565,30.33218,NA,NA,NA,"US","Persea borbonia"
"438586447","Persea borbonia",-81.6791,30.33587,NA,NA,NA,"US","Persea borbonia"
"439253536","Persea borbonia",-81.16373,33.83608,NA,NA,NA,"US","Persea borbonia"
"1928592455","Persea borbonia",-81.725689,30.319145,NA,NA,NA,"US","Persea borbonia"
"1930632143","Persea borbonia",-97.110546,28.120013,NA,NA,NA,"US","Persea borbonia"
"1931184442","Persea borbonia",-81.725689,30.319145,NA,NA,NA,"US","Persea borbonia"
"1931248474","Persea borbonia",-81.725689,30.319145,NA,NA,NA,"US","Persea borbonia"
"2251766114","Persea borbonia",-77.024514,38.906904,NA,NA,NA,"US","Persea borbonia"
"3053381666","Persea borbonia",-82.3396,30.0235,NA,NA,NA,"US","Persea borbonia"
