"gbifID","species","longitude","latitude","year","month","day","countryCode"
3067888053,"Petroselinum crispum",-123.325562,48.469233,2021,3,20,"CA"
2802916889,"Petroselinum crispum",-79.777675,43.683097,2020,6,8,"CA"
2999074797,"Petroselinum crispum",-123.278787,48.464626,2020,12,5,"CA"
2283024581,"Petroselinum crispum",-123.316508,48.877903,2019,6,3,"CA"
2397487319,"Petroselinum crispum",-118.835261,55.172545,2019,7,21,"CA"
1836687898,"Petroselinum crispum",-123.447983,48.430576,2017,7,1,"CA"
1831160012,"Petroselinum crispum",-123.345222,48.653212,2017,10,25,"CA"
1831160013,"Petroselinum crispum",-123.345222,48.653212,2017,10,25,"CA"
1831160014,"Petroselinum crispum",-123.345222,48.653212,2017,10,25,"CA"
1988118049,"Petroselinum crispum",-123.32,48.88,2014,5,14,"CA"
1988118707,"Petroselinum crispum",-123.135,49.201,2014,12,20,"CA"
2459997508,"Petroselinum crispum",-123.231786,48.424455,2012,6,9,"CA"
1988140003,"Petroselinum crispum",-123.13,49.2,2007,8,27,"CA"
1949646233,"Petroselinum crispum",-123.886111,49.149722,2007,9,24,"CA"
1988095772,"Petroselinum crispum",-123.39,48.42,2002,8,7,"CA"
1803148583,"Petroselinum crispum",-69.879917,47.552444,1999,8,21,"CA"
1988221875,"Petroselinum crispum",-123.2,49.3,1992,7,5,"CA"
1949615125,"Petroselinum crispum",-123.383333,48.416667,1987,7,14,"CA"
1949615320,"Petroselinum crispum",-123.383333,48.416667,1987,7,14,"CA"
1949615360,"Petroselinum crispum",-123.383333,48.416667,1987,7,14,"CA"
1949615374,"Petroselinum crispum",-123.383333,48.416667,1987,7,14,"CA"
1949615311,"Petroselinum crispum",-123.383333,48.416667,1987,8,11,"CA"
668744666,"Petroselinum crispum",-71.280556,46.777778,1975,11,4,"CA"
2250592805,"Petroselinum crispum",-80.4086,42.8033,1954,1,1,"CA"
2310269474,"Petroselinum crispum",-80.41,42.8,1954,1,1,"CA"
1261951592,"Petroselinum crispum",-71.183333,46.8,1953,8,9,"CA"
3058909927,"Petroselinum crispum",-93.032167,18.215212,2021,3,4,"MX"
2646841397,"Petroselinum crispum",-99.170072,19.377686,2020,1,1,"MX"
2647084102,"Petroselinum crispum",-99.26014,19.477861,2020,1,25,"MX"
2647096168,"Petroselinum crispum",-99.146389,19.350278,2020,1,13,"MX"
2649505308,"Petroselinum crispum",-99.146389,19.35,2020,1,12,"MX"
2650066507,"Petroselinum crispum",-99.060346,19.469942,2020,1,24,"MX"
2650108422,"Petroselinum crispum",-99.197352,19.335569,2020,1,17,"MX"
2649722973,"Petroselinum crispum",-99.146846,19.349147,2020,2,9,"MX"
2650093144,"Petroselinum crispum",-99.110748,19.386059,2020,3,6,"MX"
2610990846,"Petroselinum crispum",-103.805705,20.49849,2020,4,23,"MX"
2974490868,"Petroselinum crispum",-99.101692,19.423704,2020,4,12,"MX"
2977366760,"Petroselinum crispum",-99.199852,19.636657,2020,5,20,"MX"
2977679833,"Petroselinum crispum",-99.231523,19.413411,2020,5,23,"MX"
2975851412,"Petroselinum crispum",-99.14759,19.389234,2020,7,9,"MX"
2975795885,"Petroselinum crispum",-99.108406,19.322004,2020,9,2,"MX"
2977548902,"Petroselinum crispum",-99.140105,19.415703,2020,9,27,"MX"
2648651910,"Petroselinum crispum",-99.189313,19.382327,2019,5,27,"MX"
2645859162,"Petroselinum crispum",-99.184807,19.452265,2019,6,23,"MX"
2648349268,"Petroselinum crispum",-99.04329,19.547493,2019,6,3,"MX"
2646233282,"Petroselinum crispum",-98.939848,18.850952,2019,7,15,"MX"
2646250933,"Petroselinum crispum",-99.031078,19.260214,2019,9,16,"MX"
2646571605,"Petroselinum crispum",-99.177301,19.464665,2019,9,28,"MX"
2646816432,"Petroselinum crispum",-99.214227,19.536658,2019,9,29,"MX"
2649131574,"Petroselinum crispum",-99.214227,19.536658,2019,9,29,"MX"
2649299880,"Petroselinum crispum",-99.596799,19.353399,2019,9,16,"MX"
2646881028,"Petroselinum crispum",-99.640902,19.262926,2019,10,23,"MX"
2649185522,"Petroselinum crispum",-99.194747,19.284768,2019,10,7,"MX"
2649758994,"Petroselinum crispum",-99.164108,19.279928,2019,10,16,"MX"
2649861673,"Petroselinum crispum",-99.047567,19.36124,2019,10,10,"MX"
2649876943,"Petroselinum crispum",-99.13027,19.486076,2019,11,19,"MX"
2646809705,"Petroselinum crispum",-99.128337,19.543024,2019,12,22,"MX"
2649327406,"Petroselinum crispum",-99.263508,19.370186,2019,12,4,"MX"
2649567527,"Petroselinum crispum",-99.263508,19.370186,2019,12,5,"MX"
2649686764,"Petroselinum crispum",-99.263523,19.370212,2019,12,4,"MX"
1421494490,"Petroselinum crispum",-103.880167,22.629806,2002,11,9,"MX"
1421494611,"Petroselinum crispum",-104.262167,22.186222,2002,11,8,"MX"
1421494631,"Petroselinum crispum",-103.877917,22.629222,2002,11,9,"MX"
2629412336,"Petroselinum crispum",-100.268333,21.086667,2001,3,4,"MX"
1893980987,"Petroselinum crispum",-97.840111,18.985861,2000,12,12,"MX"
1895547393,"Petroselinum crispum",-97.475,18.325,1998,10,15,"MX"
1257565670,"Petroselinum crispum",-96.300278,16.301667,1997,4,20,"MX"
1893755382,"Petroselinum crispum",-99.025278,20.154167,1990,7,18,"MX"
1895500976,"Petroselinum crispum",-99.029167,20.1625,1990,7,18,"MX"
2807554040,"Petroselinum crispum",-99.02917,20.1625,1990,7,18,"MX"
1895583489,"Petroselinum crispum",-104.930278,21.338889,1988,3,4,"MX"
1895809427,"Petroselinum crispum",-104.930278,21.338889,1988,3,4,"MX"
1895809435,"Petroselinum crispum",-104.930278,21.338889,1988,3,4,"MX"
1895136488,"Petroselinum crispum",-92.630833,16.8225,1988,4,12,"MX"
1260854445,"Petroselinum crispum",-100.31361,25.675,1988,6,30,"MX"
1895965153,"Petroselinum crispum",-98.496667,19.089444,1986,3,24,"MX"
2629647689,"Petroselinum crispum",-97.028333,18.836111,1984,3,2,"MX"
1893446221,"Petroselinum crispum",-88.908333,20.458333,1983,5,14,"MX"
1421395637,"Petroselinum crispum",-89.041389,21.245833,1982,9,18,"MX"
1893740297,"Petroselinum crispum",-96.958333,19.508333,1981,5,8,"MX"
2629724869,"Petroselinum crispum",-96.944167,19.513056,1981,5,8,"MX"
1897952892,"Petroselinum crispum",-103.125278,22.711944,1981,12,16,"MX"
1897952971,"Petroselinum crispum",-102.563333,22.775,1981,12,20,"MX"
2629685874,"Petroselinum crispum",-92.078333,16.078333,1977,11,8,"MX"
2629550885,"Petroselinum crispum",-96.935,19.45,1975,2,27,"MX"
1228537295,"Petroselinum crispum",-96.6667,19.3333,1975,11,25,"MX"
2629706828,"Petroselinum crispum",-96.863333,19.402778,1975,11,25,"MX"
2629722116,"Petroselinum crispum",-94.75,17.75,1967,12,5,"MX"
1893411484,"Petroselinum crispum",-99.108333,19.275,1958,8,NA,"MX"
1259666998,"Petroselinum crispum",-102.183333,25.45,1847,5,16,"MX"
1260876626,"Petroselinum crispum",-92.7779,16.14,NA,NA,NA,"MX"
1894052091,"Petroselinum crispum",-98.171667,20.299444,NA,NA,NA,"MX"
1894052114,"Petroselinum crispum",-98.202778,20.260833,NA,NA,NA,"MX"
2629557827,"Petroselinum crispum",-96.931667,18.891111,NA,NA,NA,"MX"
2629559693,"Petroselinum crispum",-96.931667,18.891111,NA,NA,NA,"MX"
2629714837,"Petroselinum crispum",-96.9275,19.54,NA,NA,NA,"MX"
3039464383,"Petroselinum crispum",-118.175833,33.979722,2021,2,3,"US"
3039497019,"Petroselinum crispum",-98.004791,29.869555,2021,2,9,"US"
3044948571,"Petroselinum crispum",-118.057915,34.099828,2021,2,18,"US"
3090630964,"Petroselinum crispum",-117.093775,32.651618,2021,3,17,"US"
3097085528,"Petroselinum crispum",-76.563247,39.285417,2021,4,2,"US"
3097269892,"Petroselinum crispum",-85.606689,42.27177,2021,4,17,"US"
3109320245,"Petroselinum crispum",-84.496,38.037719,2021,4,27,"US"
2574300782,"Petroselinum crispum",-73.957313,40.772308,2020,2,20,"US"
2597744896,"Petroselinum crispum",-73.217713,41.168238,2020,3,31,"US"
3061590356,"Petroselinum crispum",-89.507394,35.419891,2020,3,14,"US"
2610980492,"Petroselinum crispum",-73.951098,40.770963,2020,4,24,"US"
2611294254,"Petroselinum crispum",-73.895032,40.752758,2020,4,25,"US"
2620016101,"Petroselinum crispum",-98.330549,26.182406,2020,4,27,"US"
2963945352,"Petroselinum crispum",-80.152349,40.267846,2020,4,1,"US"
3097260392,"Petroselinum crispum",-74.151578,40.751471,2020,4,14,"US"
2634411997,"Petroselinum crispum",-82.460953,35.318728,2020,5,27,"US"
3097093396,"Petroselinum crispum",-78.175323,39.17415,2020,5,17,"US"
3097164426,"Petroselinum crispum",-73.395617,41.192447,2020,8,12,"US"
2862345733,"Petroselinum crispum",-82.457649,28.272959,2020,9,5,"US"
2873958904,"Petroselinum crispum",-122.287199,47.607954,2020,9,29,"US"
3097184458,"Petroselinum crispum",-73.483209,41.210759,2020,9,2,"US"
2237498811,"Petroselinum crispum",-75.524904,39.79555,2019,4,22,"US"
2251855672,"Petroselinum crispum",-80.671504,41.01385,2019,5,22,"US"
2429301934,"Petroselinum crispum",-73.962312,40.668553,2019,9,29,"US"
3097040317,"Petroselinum crispum",-73.839635,40.860206,2018,2,21,"US"
3053409309,"Petroselinum crispum",-119.364008,34.0153759991247,2012,4,17,"US"
623655148,"Petroselinum crispum",-95.2404,38.9641,2011,7,24,"US"
1846482496,"Petroselinum crispum",-111.885666,36.406761,2009,9,16,"US"
614968864,"Petroselinum crispum",-156.29609,20.76681,2007,3,25,"US"
2422439490,"Petroselinum crispum",-122.01111,36.96472,2007,6,23,"US"
3059707735,"Petroselinum crispum",-122.0111,36.9647,2007,6,23,"US"
614968748,"Petroselinum crispum",-155.64643,19.84917,2007,10,18,"US"
1457767842,"Petroselinum crispum",-82.41058,29.61378,2003,6,23,"US"
3091257364,"Petroselinum crispum",-113.566589,37.103444,2003,6,4,"US"
2422527665,"Petroselinum crispum",-117.31667,33.975,2002,5,20,"US"
2430529837,"Petroselinum crispum",-117.316667,33.975,2002,5,20,"US"
2573422238,"Petroselinum crispum",-117.316667,33.975,2002,5,20,"US"
2430318919,"Petroselinum crispum",-117.10087,33.22518,2002,6,15,"US"
441804538,"Petroselinum crispum",-123.153333,48.608333,2001,4,1,"US"
1258810197,"Petroselinum crispum",-122.3405,47.6087,2001,5,18,"US"
441803644,"Petroselinum crispum",-123.150833,48.610278,2001,10,27,"US"
441803827,"Petroselinum crispum",-123.150833,48.610278,2001,10,27,"US"
1258682613,"Petroselinum crispum",-90.35,38.653611,2000,6,5,"US"
1258682617,"Petroselinum crispum",-90.35,38.653611,2000,6,5,"US"
2270483261,"Petroselinum crispum",-111.925382,33.411958,2000,6,12,"US"
1258591317,"Petroselinum crispum",-122.33083,47.60639,1999,7,14,"US"
1258592770,"Petroselinum crispum",-122.33083,47.60639,1999,7,14,"US"
1930218549,"Petroselinum crispum",-73.866247,40.85,1998,11,5,"US"
177001315,"Petroselinum crispum",-85.715,42.922,1997,6,26,"US"
441803828,"Petroselinum crispum",-123.031944,48.592222,1996,6,17,"US"
1929587977,"Petroselinum crispum",-104.77,40.63,1995,7,24,"US"
2859434292,"Petroselinum crispum",-80.501392,41.094719,1994,7,4,"US"
2242397956,"Petroselinum crispum",-104.977,39.899,1991,3,7,"US"
441803829,"Petroselinum crispum",-123.1475,48.61,1986,6,4,"US"
1929851882,"Petroselinum crispum",-76.920879,39.145651,1986,6,18,"US"
2242391379,"Petroselinum crispum",-104.961468,39.732207,1983,9,9,"US"
2242390123,"Petroselinum crispum",-104.961468,39.732207,1981,8,31,"US"
37979849,"Petroselinum crispum",-155.633,19.8333,1980,6,3,"US"
37982121,"Petroselinum crispum",-155.65,19.8167,1980,6,3,"US"
2451550641,"Petroselinum crispum",-121.810499,37.33157,1980,9,20,"US"
2451551723,"Petroselinum crispum",-121.810499,37.33157,1980,9,20,"US"
2417954702,"Petroselinum crispum",-121.584167,39.6549999990729,1977,4,25,"US"
1846526479,"Petroselinum crispum",-92.114651,32.511534,1975,5,12,"US"
2412539596,"Petroselinum crispum",-118.045528,33.801093,1972,5,14,"US"
3053431297,"Petroselinum crispum",-119.702,34.4249999991198,1972,6,15,"US"
3053425193,"Petroselinum crispum",-119.702,34.4249999991198,1970,7,2,"US"
2270482994,"Petroselinum crispum",-111.909825,33.365035,1969,6,10,"US"
415956097,"Petroselinum crispum",-72.25583,41.81027,1968,6,NA,"US"
415956098,"Petroselinum crispum",-72.25583,41.81027,1968,6,16,"US"
3053374366,"Petroselinum crispum",-119.2936,34.2774999991215,1967,9,20,"US"
3053339341,"Petroselinum crispum",-119.282,34.2739999991216,1963,5,8,"US"
2236152618,"Petroselinum crispum",-122.178,37.43,1959,7,25,"US"
1322511338,"Petroselinum crispum",-77.0972,38.8858,1953,7,11,"US"
2421753532,"Petroselinum crispum",-119.6367,34.4294999991197,1951,6,10,"US"
2242398823,"Petroselinum crispum",-105.082013,39.782701,1948,10,12,"US"
2859395133,"Petroselinum crispum",-79.15327,41.8762099990622,1943,8,8,"US"
415956094,"Petroselinum crispum",-73.24,41.13777,1913,7,13,"US"
1038932898,"Petroselinum crispum",-73.196,41.1932,1912,9,18,"US"
415956095,"Petroselinum crispum",-73.19611,41.18638,1907,7,23,"US"
415956096,"Petroselinum crispum",-73.12972,41.20444,1907,8,9,"US"
2512331127,"Petroselinum crispum",-98.95417,46.30111,1903,7,10,"US"
2573068201,"Petroselinum crispum",-70.11468,41.31079,1897,8,16,"US"
1928730016,"Petroselinum crispum",-98.493628,29.424122,1894,6,10,"US"
1928326863,"Petroselinum crispum",-74.477167,40.799366,1869,8,9,"US"
37980101,"Petroselinum crispum",-157.9,21.6,NA,NA,NA,"US"
2575154635,"Petroselinum crispum",-118.183333,34.133333,NA,NA,NA,"US"
2859139158,"Petroselinum crispum",-80.52896,39.954113,NA,NA,NA,"US"
2859154162,"Petroselinum crispum",-75.36223,40.6403799990674,NA,NA,NA,"US"
2859396129,"Petroselinum crispum",-79.939924,40.381285,NA,NA,NA,"US"
