"gbifID","species","longitude","latitude","year","month","day","countryCode","accepted_name"
"3335503385","Platanus wrightii",-108.915768,31.192249,2021,7,30,"MX","Platanus wrightii"
"3384213250","Platanus wrightii",-108.520653,29.645227,2021,9,7,"MX","Platanus wrightii"
"3384423286","Platanus wrightii",-108.495505,29.697538,2021,9,7,"MX","Platanus wrightii"
"3384442169","Platanus wrightii",-108.520653,29.645227,2021,9,7,"MX","Platanus wrightii"
"3384733297","Platanus wrightii",-108.520706,29.645344,2021,9,7,"MX","Platanus wrightii"
"2999044374","Platanus wrightii",-108.53507,30.606937,2020,2,25,"MX","Platanus wrightii"
"2283044625","Platanus wrightii",-109.239239,31.130977,2019,6,9,"MX","Platanus wrightii"
"3070320769","Platanus wrightii",-110.295639,29.875917,2019,8,4,"MX","Platanus wrightii"
"2465254154","Platanus wrightii",-110.484881,30.240946,2019,10,29,"MX","Platanus wrightii"
"2465340851","Platanus wrightii",-110.491329,30.241418,2019,10,29,"MX","Platanus wrightii"
"2465358226","Platanus wrightii",-110.48885,30.240399,2019,10,29,"MX","Platanus wrightii"
"1836696930","Platanus wrightii",-110.268805,30.902228,2018,1,11,"MX","Platanus wrightii"
"1837082430","Platanus wrightii",-110.889559,30.411596,2018,3,18,"MX","Platanus wrightii"
"1847569571","Platanus wrightii",-110.285517,29.843875,2018,5,20,"MX","Platanus wrightii"
"1850918198","Platanus wrightii",-110.680711,30.838889,2018,5,15,"MX","Platanus wrightii"
"1453415042","Platanus wrightii",-108.897749,30.210249,2017,2,10,"MX","Platanus wrightii"
"1586933641","Platanus wrightii",-108.965664,30.208827,2017,8,2,"MX","Platanus wrightii"
"1668859710","Platanus wrightii",-110.393028,31.324314,2017,9,22,"MX","Platanus wrightii"
"1677308284","Platanus wrightii",-110.21542,30.013761,2017,10,15,"MX","Platanus wrightii"
"1703141552","Platanus wrightii",-110.22002,29.870392,2017,10,15,"MX","Platanus wrightii"
"1703146069","Platanus wrightii",-109.557326,31.316683,2017,11,3,"MX","Platanus wrightii"
"1703146080","Platanus wrightii",-110.973649,30.624436,2017,11,2,"MX","Platanus wrightii"
"1703146117","Platanus wrightii",-110.857925,30.957004,2017,11,6,"MX","Platanus wrightii"
"1703146118","Platanus wrightii",-110.856962,30.956153,2017,11,6,"MX","Platanus wrightii"
"1703146121","Platanus wrightii",-110.858518,30.957326,2017,11,6,"MX","Platanus wrightii"
"2270466649","Platanus wrightii",-110.3693,31.004907,2016,5,2,"MX","Platanus wrightii"
"1453241846","Platanus wrightii",-108.952789,30.204784,2016,11,18,"MX","Platanus wrightii"
"2518050450","Platanus wrightii",-110.86675,30.963009,2015,8,13,"MX","Platanus wrightii"
"2619879448","Platanus wrightii",-109.047705,28.372642,2015,8,15,"MX","Platanus wrightii"
"1847448659","Platanus wrightii",-109.581585,29.820019,2014,10,5,"MX","Platanus wrightii"
"2542968479","Platanus wrightii",-109.047651,28.372203,2014,12,19,"MX","Platanus wrightii"
"2543008837","Platanus wrightii",-109.047243,28.371887,2014,12,18,"MX","Platanus wrightii"
"2543008862","Platanus wrightii",-109.047136,28.371358,2014,12,18,"MX","Platanus wrightii"
"2543008945","Platanus wrightii",-109.047651,28.372293,2014,12,18,"MX","Platanus wrightii"
"2543033671","Platanus wrightii",-109.047254,28.37277,2014,12,19,"MX","Platanus wrightii"
"2543033869","Platanus wrightii",-109.046535,28.371623,2014,12,19,"MX","Platanus wrightii"
"2543044710","Platanus wrightii",-110.856696,30.953526,2014,12,20,"MX","Platanus wrightii"
"3031975471","Platanus wrightii",-108.687158,27.057074,2013,12,16,"MX","Platanus wrightii"
"1895928571","Platanus wrightii",-110.354944,30.329344,2011,5,2,"MX","Platanus wrightii"
"1895928418","Platanus wrightii",-109.001278,31.278972,2011,6,20,"MX","Platanus wrightii"
"1895928474","Platanus wrightii",-110.683083,30.839556,2011,10,29,"MX","Platanus wrightii"
"1895928466","Platanus wrightii",-110.548333,30.819444,2010,4,6,"MX","Platanus wrightii"
"1895928469","Platanus wrightii",-110.684889,30.840381,2010,4,7,"MX","Platanus wrightii"
"1895928487","Platanus wrightii",-110.541481,30.807722,2010,4,7,"MX","Platanus wrightii"
"1895928522","Platanus wrightii",-110.685042,30.840669,2010,4,7,"MX","Platanus wrightii"
"1895928470","Platanus wrightii",-109.481667,29.928611,2010,6,14,"MX","Platanus wrightii"
"1895928502","Platanus wrightii",-109.480833,29.921667,2010,6,16,"MX","Platanus wrightii"
"3308683143","Platanus wrightii",-108.12208,27.79697,2010,7,18,"MX","Platanus wrightii"
"1895928567","Platanus wrightii",-110.684889,30.840381,2009,3,24,"MX","Platanus wrightii"
"1895928415","Platanus wrightii",-111.128333,31.211667,2009,5,17,"MX","Platanus wrightii"
"1895928532","Platanus wrightii",-110.547778,30.819444,2009,8,20,"MX","Platanus wrightii"
"1895928453","Platanus wrightii",-108.798056,31.290556,2008,5,1,"MX","Platanus wrightii"
"2847272562","Platanus wrightii",-108.79806,31.29056,2008,5,1,"MX","Platanus wrightii"
"2630397481","Platanus wrightii",-110.8525,30.953056,2006,4,14,"MX","Platanus wrightii"
"2252040132","Platanus wrightii",-110.484698,30.323232,2006,10,31,"MX","Platanus wrightii"
"1895930898","Platanus wrightii",-111.1225,31.214167,2005,4,24,"MX","Platanus wrightii"
"2630397309","Platanus wrightii",-110.783611,30.693333,2005,4,29,"MX","Platanus wrightii"
"3308694982","Platanus wrightii",-110.95194,30.91139,2005,4,30,"MX","Platanus wrightii"
"1895930924","Platanus wrightii",-110.228611,30.309639,2005,7,1,"MX","Platanus wrightii"
"2270521783","Platanus wrightii",-100.554654,22.226334,2003,3,21,"MX","Platanus wrightii"
"1893781005","Platanus wrightii",-107.915,27.204722,2002,1,27,"MX","Platanus wrightii"
"1895928465","Platanus wrightii",-110.547861,30.819444,2002,8,24,"MX","Platanus wrightii"
"1894815149","Platanus wrightii",-110.858333,30.958333,2000,7,1,"MX","Platanus wrightii"
"3306063967","Platanus wrightii",-107.698333,27.070278,1998,12,11,"MX","Platanus wrightii"
"1895821722","Platanus wrightii",-109.130833,28.382778,1997,2,21,"MX","Platanus wrightii"
"3308484647","Platanus wrightii",-109.13083,28.38278,1997,2,21,"MX","Platanus wrightii"
"1895393726","Platanus wrightii",-108.225457849497,30.2805041184122,1997,7,9,"MX","Platanus wrightii"
"2630599771","Platanus wrightii",-109.048333,28.371667,1996,3,14,"MX","Platanus wrightii"
"3308514305","Platanus wrightii",-109.04744,28.37097,1996,3,14,"MX","Platanus wrightii"
"1895821755","Platanus wrightii",-109.738333,28.583333,1996,4,28,"MX","Platanus wrightii"
"1895821735","Platanus wrightii",-109.047222,28.390278,1996,5,26,"MX","Platanus wrightii"
"3307912333","Platanus wrightii",-109.04722,28.39028,1996,5,26,"MX","Platanus wrightii"
"1895821728","Platanus wrightii",-109.725,28.6375,1996,7,31,"MX","Platanus wrightii"
"3308088701","Platanus wrightii",-109.725,28.6375,1996,7,31,"MX","Platanus wrightii"
"1895821742","Platanus wrightii",-108.633333,28.079167,1996,8,20,"MX","Platanus wrightii"
"3308487552","Platanus wrightii",-108.75,27.39167,1995,3,13,"MX","Platanus wrightii"
"1893590464","Platanus wrightii",-109.048333,29.973333,1995,5,27,"MX","Platanus wrightii"
"3307964610","Platanus wrightii",-108.513,30.766,1994,10,11,"MX","Platanus wrightii"
"1893590444","Platanus wrightii",-110.029444,30.806944,1991,6,12,"MX","Platanus wrightii"
"1893590466","Platanus wrightii",-110.029444,30.806944,1991,6,12,"MX","Platanus wrightii"
"1893590484","Platanus wrightii",-110.075278,30.563611,1991,6,13,"MX","Platanus wrightii"
"1893590508","Platanus wrightii",-110.029444,30.806944,1991,6,12,"MX","Platanus wrightii"
"1893590606","Platanus wrightii",-110.075278,30.563611,1991,6,13,"MX","Platanus wrightii"
"2572936276","Platanus wrightii",-110.075278,30.563611,1991,6,13,"MX","Platanus wrightii"
"574724655","Platanus wrightii",-100.433333,25.483333,1991,11,11,"MX","Platanus wrightii"
"1893673126","Platanus wrightii",-108.141111,29.191667,1990,6,23,"MX","Platanus wrightii"
"1895393767","Platanus wrightii",-108.702778,27.280556,1990,12,26,"MX","Platanus wrightii"
"2549531929","Platanus wrightii",-108.703,27.2806,1990,12,26,"MX","Platanus wrightii"
"2807256803","Platanus wrightii",-108.70278,27.28056,1990,12,26,"MX","Platanus wrightii"
"3125263489","Platanus wrightii",-108.70278,27.28056,1990,12,26,"MX","Platanus wrightii"
"3308094233","Platanus wrightii",-108.70278,27.28056,1990,12,26,"MX","Platanus wrightii"
"2549498844","Platanus wrightii",-108.35,28.3217,1989,11,4,"MX","Platanus wrightii"
"1895393703","Platanus wrightii",-108.351667,28.321667,1988,5,21,"MX","Platanus wrightii"
"2807415632","Platanus wrightii",-108.35167,28.32167,1988,5,21,"MX","Platanus wrightii"
"2422320726","Platanus wrightii",-110.11667,30.9,1987,5,21,"MX","Platanus wrightii"
"2422320902","Platanus wrightii",-108.13333,29.13333,1982,9,29,"MX","Platanus wrightii"
"1893423658","Platanus wrightii",-116.141667,31.208333,1980,4,18,"MX","Platanus wrightii"
"1893423722","Platanus wrightii",-116.141667,31.208333,1980,4,18,"MX","Platanus wrightii"
"1893423598","Platanus wrightii",-110.308333,30.991667,1980,9,9,"MX","Platanus wrightii"
"1893423712","Platanus wrightii",-107.191667,29.108333,1979,6,2,"MX","Platanus wrightii"
"1893423705","Platanus wrightii",-110.875,30.425,1977,10,11,"MX","Platanus wrightii"
"1893423711","Platanus wrightii",-108.208333,29.091667,1976,7,17,"MX","Platanus wrightii"
"2270523749","Platanus wrightii",-109.128858,28.412509,1975,5,27,"MX","Platanus wrightii"
"3125129447","Platanus wrightii",-109.3,28.2,1975,5,1,"MX","Platanus wrightii"
"1893781000","Platanus wrightii",-108.28497,27.69912,1974,7,24,"MX","Platanus wrightii"
"1987006681","Platanus wrightii",-97.001382,19.115358,1974,9,12,"MX","Platanus wrightii"
"2270521290","Platanus wrightii",-107.583333,27.333333,1973,2,26,"MX","Platanus wrightii"
"1893423729","Platanus wrightii",-108.425,29.408333,1963,5,NA,"MX","Platanus wrightii"
"3307896001","Platanus wrightii",-108.883,29.725,1960,6,8,"MX","Platanus wrightii"
"3125269500","Platanus wrightii",-109.08333,29.91667,1960,7,19,"MX","Platanus wrightii"
"3308464679","Platanus wrightii",-109.083,29.917,1960,7,19,"MX","Platanus wrightii"
"1895393725","Platanus wrightii",-109.151755597984,28.3823184792813,1958,11,15,"MX","Platanus wrightii"
"2630603875","Platanus wrightii",-109.15,28.377778,1958,11,15,"MX","Platanus wrightii"
"1893423678","Platanus wrightii",-107.591667,27.108333,1957,9,14,"MX","Platanus wrightii"
"3306063877","Platanus wrightii",-107.606389,27.121389,1957,9,14,"MX","Platanus wrightii"
"1895393738","Platanus wrightii",-110.749879431982,30.8689135337282,1948,5,7,"MX","Platanus wrightii"
"1987006928","Platanus wrightii",-110.860354,30.769143,1939,4,6,"MX","Platanus wrightii"
"1895393701","Platanus wrightii",-108.43445920053,29.5733739666415,1939,8,30,"MX","Platanus wrightii"
"1895393733","Platanus wrightii",-108.727743376701,29.4457539004717,1939,10,5,"MX","Platanus wrightii"
"3455746777","Platanus wrightii",-112.021223,34.387412,2022,1,17,"US","Platanus wrightii"
"3456111279","Platanus wrightii",-111.343811,34.306067,2022,1,16,"US","Platanus wrightii"
"3456895322","Platanus wrightii",-111.457963,34.31926,2022,1,17,"US","Platanus wrightii"
"3457129840","Platanus wrightii",-110.274147,31.416708,2022,1,8,"US","Platanus wrightii"
"3457202931","Platanus wrightii",-111.456861,34.32175,2022,1,17,"US","Platanus wrightii"
"3465935187","Platanus wrightii",-111.462665,33.863874,2022,1,26,"US","Platanus wrightii"
"3466037094","Platanus wrightii",-110.881425,31.730528,2022,1,6,"US","Platanus wrightii"
"3466338611","Platanus wrightii",-110.882431,31.732733,2022,1,6,"US","Platanus wrightii"
"3466532516","Platanus wrightii",-111.462676,33.863865,2022,1,26,"US","Platanus wrightii"
"3705484493","Platanus wrightii",-108.607558,32.940267,2022,1,10,"US","Platanus wrightii"
"3759632781","Platanus wrightii",-111.839907,34.51621,2022,1,16,"US","Platanus wrightii"
"3469079480","Platanus wrightii",-111.825553,34.810142,2022,2,9,"US","Platanus wrightii"
"3499344490","Platanus wrightii",-111.468505,33.93808,2022,2,11,"US","Platanus wrightii"
"3499567052","Platanus wrightii",-110.371047,31.545555,2022,2,13,"US","Platanus wrightii"
"3712579529","Platanus wrightii",-111.839487,34.61135,2022,2,26,"US","Platanus wrightii"
"3759147838","Platanus wrightii",-111.795212,34.824658,2022,2,19,"US","Platanus wrightii"
"3759173872","Platanus wrightii",-111.723337,34.678887,2022,2,26,"US","Platanus wrightii"
"3712522742","Platanus wrightii",-110.859268,31.703295,2022,3,2,"US","Platanus wrightii"
"3712760362","Platanus wrightii",-111.840905,34.611733,2022,3,9,"US","Platanus wrightii"
"3742999219","Platanus wrightii",-109.961892,31.931787,2022,3,14,"US","Platanus wrightii"
"3743355343","Platanus wrightii",-111.796197,34.823975,2022,3,15,"US","Platanus wrightii"
"3747047532","Platanus wrightii",-111.842328,34.612031,2022,3,13,"US","Platanus wrightii"
"3747116638","Platanus wrightii",-111.75332,34.946155,2022,3,11,"US","Platanus wrightii"
"3747313534","Platanus wrightii",-111.382717,34.047531,2022,3,13,"US","Platanus wrightii"
"3747389553","Platanus wrightii",-112.108094,34.74968,2022,3,23,"US","Platanus wrightii"
"3759110848","Platanus wrightii",-111.80587,34.826027,2022,3,3,"US","Platanus wrightii"
"3759863221","Platanus wrightii",-111.831303,34.815266,2022,3,28,"US","Platanus wrightii"
"3759872964","Platanus wrightii",-111.714693,34.66878,2022,3,25,"US","Platanus wrightii"
"3759959589","Platanus wrightii",-111.772009,34.518829,2022,3,31,"US","Platanus wrightii"
"3760165433","Platanus wrightii",-111.839508,34.611347,2022,3,28,"US","Platanus wrightii"
"3773325520","Platanus wrightii",-110.709345,32.365257,2022,3,18,"US","Platanus wrightii"
"3759316761","Platanus wrightii",-110.87577,31.709288,2022,4,12,"US","Platanus wrightii"
"3760093726","Platanus wrightii",-110.875655,31.701562,2022,4,18,"US","Platanus wrightii"
"3760163331","Platanus wrightii",-111.45899,33.858304,2022,4,8,"US","Platanus wrightii"
"3764138474","Platanus wrightii",-112.029112,34.765183,2022,4,19,"US","Platanus wrightii"
"3764472288","Platanus wrightii",-111.951713,33.892513,2022,4,27,"US","Platanus wrightii"
"3772460582","Platanus wrightii",-111.949528,33.894707,2022,4,28,"US","Platanus wrightii"
"3772702602","Platanus wrightii",-111.947485,33.899306,2022,4,28,"US","Platanus wrightii"
"3772606212","Platanus wrightii",-109.37023,31.757122,2022,5,10,"US","Platanus wrightii"
"3773582239","Platanus wrightii",-110.316009,31.444652,2022,5,6,"US","Platanus wrightii"
"3018065921","Platanus wrightii",-112.067101,34.239475,2021,1,2,"US","Platanus wrightii"
"3039166798","Platanus wrightii",-110.673303,31.479217,2021,1,14,"US","Platanus wrightii"
"3061574880","Platanus wrightii",-111.283098,34.354924,2021,1,17,"US","Platanus wrightii"
"3039417869","Platanus wrightii",-109.172317,33.377025,2021,2,7,"US","Platanus wrightii"
"3044561104","Platanus wrightii",-111.837479,34.059067,2021,2,13,"US","Platanus wrightii"
"3044629006","Platanus wrightii",-110.900173,31.743528,2021,2,11,"US","Platanus wrightii"
"3044670241","Platanus wrightii",-110.881928,31.731388,2021,2,24,"US","Platanus wrightii"
"3044678049","Platanus wrightii",-110.80601,32.323686,2021,2,23,"US","Platanus wrightii"
"3044731924","Platanus wrightii",-110.885134,32.431947,2021,2,11,"US","Platanus wrightii"
"3044739075","Platanus wrightii",-110.79183,31.70224,2021,2,24,"US","Platanus wrightii"
"3044962800","Platanus wrightii",-110.86335,31.715413,2021,2,20,"US","Platanus wrightii"
"3058937334","Platanus wrightii",-111.872932,34.846876,2021,2,28,"US","Platanus wrightii"
"3059120503","Platanus wrightii",-109.173869,31.886666,2021,2,23,"US","Platanus wrightii"
"3067723385","Platanus wrightii",-110.885642,32.432176,2021,2,11,"US","Platanus wrightii"
"3061567846","Platanus wrightii",-111.762365,34.648032,2021,3,7,"US","Platanus wrightii"
"3068081840","Platanus wrightii",-110.709031,32.365514,2021,3,19,"US","Platanus wrightii"
"3070689734","Platanus wrightii",-111.465536,33.864072,2021,3,21,"US","Platanus wrightii"
"3090916323","Platanus wrightii",-110.279487,31.412368,2021,3,30,"US","Platanus wrightii"
"3759186544","Platanus wrightii",-111.751755,34.648228,2021,3,14,"US","Platanus wrightii"
"3109027895","Platanus wrightii",-111.748018,34.98918,2021,4,1,"US","Platanus wrightii"
"3109083634","Platanus wrightii",-111.70512,34.540008,2021,4,19,"US","Platanus wrightii"
"3117766519","Platanus wrightii",-109.141972,31.913369,2021,4,30,"US","Platanus wrightii"
"3117769439","Platanus wrightii",-111.484153,33.907623,2021,4,19,"US","Platanus wrightii"
"3117769449","Platanus wrightii",-111.917025,34.720226,2021,4,23,"US","Platanus wrightii"
"3117792469","Platanus wrightii",-111.515568,33.730645,2021,4,19,"US","Platanus wrightii"
"3117802466","Platanus wrightii",-111.48363,33.908949,2021,4,19,"US","Platanus wrightii"
"3117820471","Platanus wrightii",-110.35827,31.46767,2021,4,7,"US","Platanus wrightii"
"3118258455","Platanus wrightii",-111.512491,33.730491,2021,4,19,"US","Platanus wrightii"
"3118333434","Platanus wrightii",-111.351307,34.303755,2021,4,5,"US","Platanus wrightii"
"3118345439","Platanus wrightii",-111.522999,33.733768,2021,4,19,"US","Platanus wrightii"
"3118385429","Platanus wrightii",-111.366841,34.310806,2021,4,6,"US","Platanus wrightii"
"3314346559","Platanus wrightii",-111.840492,34.61198,2021,4,22,"US","Platanus wrightii"
"3455266219","Platanus wrightii",-111.750528,34.757276,2021,4,29,"US","Platanus wrightii"
"3455421213","Platanus wrightii",-110.876064,31.725796,2021,4,29,"US","Platanus wrightii"
"3747102384","Platanus wrightii",-111.839723,34.611718,2021,4,12,"US","Platanus wrightii"
"3759067542","Platanus wrightii",-111.842386,34.612031,2021,4,11,"US","Platanus wrightii"
"3759218544","Platanus wrightii",-111.916956,34.720289,2021,4,23,"US","Platanus wrightii"
"3117766797","Platanus wrightii",-111.342475,33.453472,2021,5,3,"US","Platanus wrightii"
"3118239573","Platanus wrightii",-111.865056,33.964656,2021,5,19,"US","Platanus wrightii"
"3118400228","Platanus wrightii",-111.49008,33.797537,2021,5,16,"US","Platanus wrightii"
"3124670606","Platanus wrightii",-111.763123,34.861509,2021,5,21,"US","Platanus wrightii"
"3124727514","Platanus wrightii",-110.971891,33.798418,2021,5,18,"US","Platanus wrightii"
"3307171687","Platanus wrightii",-111.740154,34.997935,2021,5,3,"US","Platanus wrightii"
"3314230447","Platanus wrightii",-109.187263,31.882022,2021,5,2,"US","Platanus wrightii"
"3712575367","Platanus wrightii",-109.2603,33.289112,2021,5,22,"US","Platanus wrightii"
"3301942320","Platanus wrightii",-109.234847,31.872183,2021,6,2,"US","Platanus wrightii"
"3307238373","Platanus wrightii",-112.522061,34.561036,2021,6,13,"US","Platanus wrightii"
"3307358840","Platanus wrightii",-109.497303,32.887564,2021,6,8,"US","Platanus wrightii"
"3314142159","Platanus wrightii",-111.762626,34.863256,2021,6,21,"US","Platanus wrightii"
"3314174863","Platanus wrightii",-111.763047,34.86148,2021,6,19,"US","Platanus wrightii"
"3321260320","Platanus wrightii",-111.762886,34.862158,2021,6,29,"US","Platanus wrightii"
"3325520520","Platanus wrightii",-110.817159,32.312142,2021,6,28,"US","Platanus wrightii"
"3325799444","Platanus wrightii",-111.842096,34.611747,2021,6,3,"US","Platanus wrightii"
"3325470145","Platanus wrightii",-110.886505,31.740058,2021,7,5,"US","Platanus wrightii"
"3333535410","Platanus wrightii",-110.344771,31.492587,2021,7,23,"US","Platanus wrightii"
"3335124060","Platanus wrightii",-109.152374,31.950474,2021,7,28,"US","Platanus wrightii"
"3355538631","Platanus wrightii",-109.357222,32.009444,2021,7,15,"US","Platanus wrightii"
"3466197500","Platanus wrightii",-111.828522,34.810355,2021,7,30,"US","Platanus wrightii"
"3759522636","Platanus wrightii",-111.840508,34.61185,2021,7,6,"US","Platanus wrightii"
"3335549513","Platanus wrightii",-110.88108,31.726763,2021,8,4,"US","Platanus wrightii"
"3337976686","Platanus wrightii",-111.737406,34.994333,2021,8,8,"US","Platanus wrightii"
"3338051707","Platanus wrightii",-109.187928,31.869945,2021,8,9,"US","Platanus wrightii"
"3407900094","Platanus wrightii",-111.093299,31.386279,2021,8,15,"US","Platanus wrightii"
"3747282422","Platanus wrightii",-111.842728,34.611554,2021,8,30,"US","Platanus wrightii"
"3384146702","Platanus wrightii",-106.718187,35.209453,2021,9,29,"US","Platanus wrightii"
"3384376292","Platanus wrightii",-109.341118,31.864984,2021,9,17,"US","Platanus wrightii"
"3759612683","Platanus wrightii",-111.839295,34.611472,2021,9,7,"US","Platanus wrightii"
"3759882706","Platanus wrightii",-111.842247,34.61206,2021,9,25,"US","Platanus wrightii"
"3391362141","Platanus wrightii",-110.653236,32.127114,2021,10,12,"US","Platanus wrightii"
"3399215676","Platanus wrightii",-111.840539,34.611825,2021,10,20,"US","Platanus wrightii"
"3456252570","Platanus wrightii",-108.269608,33.29147,2021,10,23,"US","Platanus wrightii"
"3747310477","Platanus wrightii",-111.84247,34.611988,2021,10,9,"US","Platanus wrightii"
"3415576640","Platanus wrightii",-111.728256,34.909675,2021,11,7,"US","Platanus wrightii"
"3415739210","Platanus wrightii",-110.890083,32.431613,2021,11,23,"US","Platanus wrightii"
"3415830065","Platanus wrightii",-111.841732,34.611694,2021,11,10,"US","Platanus wrightii"
"3415985821","Platanus wrightii",-110.885428,32.431671,2021,11,9,"US","Platanus wrightii"
"3416152667","Platanus wrightii",-111.489267,33.798405,2021,11,15,"US","Platanus wrightii"
"3455351472","Platanus wrightii",-110.880031,31.721899,2021,11,22,"US","Platanus wrightii"
"3455868578","Platanus wrightii",-111.7369,34.884524,2021,11,6,"US","Platanus wrightii"
"3456293488","Platanus wrightii",-110.883054,31.733862,2021,11,22,"US","Platanus wrightii"
"3456431857","Platanus wrightii",-111.6718,34.673969,2021,11,10,"US","Platanus wrightii"
"3456472505","Platanus wrightii",-111.727489,34.827053,2021,11,7,"US","Platanus wrightii"
"3456778090","Platanus wrightii",-111.839728,34.611666,2021,11,13,"US","Platanus wrightii"
"3456930802","Platanus wrightii",-111.685717,34.925263,2021,11,2,"US","Platanus wrightii"
"3747319467","Platanus wrightii",-111.841746,34.61173,2021,11,10,"US","Platanus wrightii"
"3759177800","Platanus wrightii",-111.842462,34.611988,2021,11,16,"US","Platanus wrightii"
"3455564365","Platanus wrightii",-110.880087,31.725088,2021,12,10,"US","Platanus wrightii"
"3455669917","Platanus wrightii",-110.876113,31.725805,2021,12,25,"US","Platanus wrightii"
"3455860003","Platanus wrightii",-110.880713,31.724144,2021,12,12,"US","Platanus wrightii"
"3456133611","Platanus wrightii",-110.474342,32.155497,2021,12,18,"US","Platanus wrightii"
"3456437416","Platanus wrightii",-106.742369,32.28185,2021,12,15,"US","Platanus wrightii"
"3456975426","Platanus wrightii",-110.760406,31.538467,2021,12,8,"US","Platanus wrightii"
"3457019431","Platanus wrightii",-110.881058,31.726258,2021,12,5,"US","Platanus wrightii"
"3457031573","Platanus wrightii",-111.794877,34.832818,2021,12,27,"US","Platanus wrightii"
"3465898577","Platanus wrightii",-111.957371,33.883105,2021,12,12,"US","Platanus wrightii"
"2550077748","Platanus wrightii",-111.842542,34.612026,2020,1,4,"US","Platanus wrightii"
"2563487380","Platanus wrightii",-111.838497,34.611429,2020,1,5,"US","Platanus wrightii"
"2563528725","Platanus wrightii",-111.866716,33.976299,2020,1,13,"US","Platanus wrightii"
"2563530315","Platanus wrightii",-110.836223,31.500847,2020,1,18,"US","Platanus wrightii"
"2573914155","Platanus wrightii",-110.874945,31.712488,2020,1,27,"US","Platanus wrightii"
"2576269345","Platanus wrightii",-110.870108,32.413708,2020,1,3,"US","Platanus wrightii"
"2573880665","Platanus wrightii",-110.964172,34.217297,2020,2,19,"US","Platanus wrightii"
"2574094047","Platanus wrightii",-111.874931,34.579726,2020,2,14,"US","Platanus wrightii"
"2574121740","Platanus wrightii",-110.981305,34.204183,2020,2,19,"US","Platanus wrightii"
"2574297042","Platanus wrightii",-110.880644,31.727917,2020,2,23,"US","Platanus wrightii"
"2802548543","Platanus wrightii",-110.875643,31.70985,2020,2,29,"US","Platanus wrightii"
"2802803543","Platanus wrightii",-111.797173,34.824802,2020,2,16,"US","Platanus wrightii"
"2802927473","Platanus wrightii",-110.854535,31.496449,2020,2,26,"US","Platanus wrightii"
"2576439786","Platanus wrightii",-110.307781,31.447445,2020,3,2,"US","Platanus wrightii"
"2579252458","Platanus wrightii",-109.226269,31.898586,2020,3,10,"US","Platanus wrightii"
"2596064032","Platanus wrightii",-110.277483,31.416403,2020,3,11,"US","Platanus wrightii"
"3067669838","Platanus wrightii",-109.168322,31.890571,2020,3,5,"US","Platanus wrightii"
"2603451025","Platanus wrightii",-111.840462,33.908993,2020,4,13,"US","Platanus wrightii"
"2609344671","Platanus wrightii",-110.602425,32.238916,2020,4,18,"US","Platanus wrightii"
"2802539624","Platanus wrightii",-111.086652,31.404779,2020,4,21,"US","Platanus wrightii"
"2802617559","Platanus wrightii",-110.698998,32.327456,2020,4,27,"US","Platanus wrightii"
"2802942611","Platanus wrightii",-109.726359,32.779985,2020,4,10,"US","Platanus wrightii"
"2619957014","Platanus wrightii",-110.966595,32.246596,2020,5,5,"US","Platanus wrightii"
"2619961964","Platanus wrightii",-109.328571,31.854426,2020,5,6,"US","Platanus wrightii"
"2620059551","Platanus wrightii",-109.193837,31.907612,2020,5,4,"US","Platanus wrightii"
"2620087357","Platanus wrightii",-110.788,32.443,2020,5,2,"US","Platanus wrightii"
"2620153417","Platanus wrightii",-109.333119,31.859198,2020,5,6,"US","Platanus wrightii"
"2626410286","Platanus wrightii",-109.327279,31.85174,2020,5,15,"US","Platanus wrightii"
"2634420283","Platanus wrightii",-110.843996,31.759628,2020,5,31,"US","Platanus wrightii"
"2802935579","Platanus wrightii",-110.880718,31.727912,2020,5,10,"US","Platanus wrightii"
"2898423383","Platanus wrightii",-111.862526,33.964791,2020,5,11,"US","Platanus wrightii"
"2802577778","Platanus wrightii",-113.252806,34.712995,2020,6,2,"US","Platanus wrightii"
"2802625397","Platanus wrightii",-112.095277,34.2246,2020,6,15,"US","Platanus wrightii"
"2802757718","Platanus wrightii",-113.496567,34.558682,2020,6,3,"US","Platanus wrightii"
"2802922107","Platanus wrightii",-110.79145,33.292745,2020,6,15,"US","Platanus wrightii"
"2802970178","Platanus wrightii",-113.102243,34.641396,2020,6,23,"US","Platanus wrightii"
"2802983783","Platanus wrightii",-109.21453,31.883242,2020,6,19,"US","Platanus wrightii"
"2803034925","Platanus wrightii",-111.749687,34.992928,2020,6,16,"US","Platanus wrightii"
"2803141132","Platanus wrightii",-113.101302,34.641375,2020,6,23,"US","Platanus wrightii"
"2813921060","Platanus wrightii",-110.866096,31.710558,2020,6,26,"US","Platanus wrightii"
"2813970545","Platanus wrightii",-111.723085,34.680128,2020,6,26,"US","Platanus wrightii"
"2999199424","Platanus wrightii",-103.67855,30.349878,2020,6,3,"US","Platanus wrightii"
"3301805413","Platanus wrightii",-111.751208,34.969844,2020,6,29,"US","Platanus wrightii"
"2814384288","Platanus wrightii",-111.21298,34.263338,2020,7,7,"US","Platanus wrightii"
"2818504939","Platanus wrightii",-111.835384,34.323822,2020,7,11,"US","Platanus wrightii"
"2818537910","Platanus wrightii",-111.832372,34.322363,2020,7,10,"US","Platanus wrightii"
"2818652348","Platanus wrightii",-109.142057,31.912116,2020,7,4,"US","Platanus wrightii"
"2818698997","Platanus wrightii",-111.8357,34.32467,2020,7,10,"US","Platanus wrightii"
"2818768298","Platanus wrightii",-109.127839,31.921045,2020,7,3,"US","Platanus wrightii"
"2818783430","Platanus wrightii",-109.166403,31.894874,2020,7,4,"US","Platanus wrightii"
"2823156046","Platanus wrightii",-111.344275,34.230837,2020,7,19,"US","Platanus wrightii"
"2823216600","Platanus wrightii",-109.196491,33.291527,2020,7,21,"US","Platanus wrightii"
"2823272578","Platanus wrightii",-109.343309,33.26859,2020,7,20,"US","Platanus wrightii"
"2823288601","Platanus wrightii",-109.282557,33.269641,2020,7,21,"US","Platanus wrightii"
"2823428597","Platanus wrightii",-109.371503,33.157041,2020,7,20,"US","Platanus wrightii"
"2823438556","Platanus wrightii",-109.356298,33.266596,2020,7,20,"US","Platanus wrightii"
"2850762105","Platanus wrightii",-110.88455,31.738666,2020,7,28,"US","Platanus wrightii"
"2856527639","Platanus wrightii",-111.358125,34.299369,2020,7,3,"US","Platanus wrightii"
"2826268050","Platanus wrightii",-110.885624,31.739766,2020,8,1,"US","Platanus wrightii"
"2826542066","Platanus wrightii",-110.885618,31.739776,2020,8,1,"US","Platanus wrightii"
"2851028024","Platanus wrightii",-110.331275,31.379795,2020,8,9,"US","Platanus wrightii"
"2851088985","Platanus wrightii",-111.842513,34.612055,2020,8,6,"US","Platanus wrightii"
"2901604496","Platanus wrightii",-108.842622,33.372565,2020,8,11,"US","Platanus wrightii"
"3090585777","Platanus wrightii",-109.26622,31.799703,2020,8,1,"US","Platanus wrightii"
"2868398921","Platanus wrightii",-110.55729,32.910702,2020,9,23,"US","Platanus wrightii"
"2873714864","Platanus wrightii",-109.16292,31.897776,2020,9,25,"US","Platanus wrightii"
"2873968651","Platanus wrightii",-111.089175,33.293848,2020,9,25,"US","Platanus wrightii"
"2873979129","Platanus wrightii",-109.252503,31.909117,2020,9,26,"US","Platanus wrightii"
"2984527452","Platanus wrightii",-111.842461,34.612011,2020,9,26,"US","Platanus wrightii"
"3090546852","Platanus wrightii",-109.324688,31.767266,2020,9,20,"US","Platanus wrightii"
"3097311462","Platanus wrightii",-109.194313,31.881745,2020,9,24,"US","Platanus wrightii"
"3117877390","Platanus wrightii",-109.194393,31.881756,2020,9,24,"US","Platanus wrightii"
"2898397899","Platanus wrightii",-111.28495,34.352172,2020,10,10,"US","Platanus wrightii"
"2901521920","Platanus wrightii",-111.09507,34.340236,2020,10,17,"US","Platanus wrightii"
"2999118529","Platanus wrightii",-106.062899,35.631046,2020,10,1,"US","Platanus wrightii"
"2999172037","Platanus wrightii",-111.453643,34.383476,2020,10,24,"US","Platanus wrightii"
"3117826378","Platanus wrightii",-111.776729,34.844835,2020,10,25,"US","Platanus wrightii"
"2984480846","Platanus wrightii",-111.167731,32.242771,2020,11,10,"US","Platanus wrightii"
"2984529642","Platanus wrightii",-109.34935,32.022128,2020,11,7,"US","Platanus wrightii"
"2988357881","Platanus wrightii",-110.312908,31.445619,2020,11,12,"US","Platanus wrightii"
"2988623522","Platanus wrightii",-111.835752,34.14625,2020,11,18,"US","Platanus wrightii"
"2999123563","Platanus wrightii",-111.863624,33.966226,2020,11,2,"US","Platanus wrightii"
"2999198545","Platanus wrightii",-111.802313,34.824763,2020,11,2,"US","Platanus wrightii"
"3005203950","Platanus wrightii",-110.312553,31.445689,2020,11,16,"US","Platanus wrightii"
"3031746189","Platanus wrightii",-111.753183,34.961644,2020,11,11,"US","Platanus wrightii"
"3039161803","Platanus wrightii",-111.734189,34.891914,2020,11,11,"US","Platanus wrightii"
"3090679872","Platanus wrightii",-109.342254,31.769547,2020,11,25,"US","Platanus wrightii"
"2999177015","Platanus wrightii",-110.920696,32.210011,2020,12,8,"US","Platanus wrightii"
"3005135849","Platanus wrightii",-110.870287,31.712095,2020,12,11,"US","Platanus wrightii"
"3005257879","Platanus wrightii",-110.811387,32.314645,2020,12,13,"US","Platanus wrightii"
"3013869634","Platanus wrightii",-112.099414,34.230067,2020,12,23,"US","Platanus wrightii"
"3013872213","Platanus wrightii",-110.867592,31.706242,2020,12,13,"US","Platanus wrightii"
"3013882171","Platanus wrightii",-111.136811,33.276255,2020,12,26,"US","Platanus wrightii"
"3013923154","Platanus wrightii",-109.182319,31.882131,2020,12,22,"US","Platanus wrightii"
"3031692623","Platanus wrightii",-111.809664,34.937964,2020,12,3,"US","Platanus wrightii"
"3031793500","Platanus wrightii",-111.841606,34.612032,2020,12,13,"US","Platanus wrightii"
"3067620288","Platanus wrightii",-111.844611,34.854381,2020,12,26,"US","Platanus wrightii"
"1990518634","Platanus wrightii",-109.190666,31.865531,2019,1,15,"US","Platanus wrightii"
"1990573486","Platanus wrightii",-110.804663,32.326288,2019,1,23,"US","Platanus wrightii"
"1990603903","Platanus wrightii",-111.839494,34.611447,2019,1,27,"US","Platanus wrightii"
"2006085305","Platanus wrightii",-110.307788,31.447411,2019,1,19,"US","Platanus wrightii"
"3320849320","Platanus wrightii",-107.366308,32.974728,2019,1,29,"US","Platanus wrightii"
"2005331228","Platanus wrightii",-110.281853,31.449044,2019,2,12,"US","Platanus wrightii"
"2005331333","Platanus wrightii",-110.278393,31.448405,2019,2,12,"US","Platanus wrightii"
"2005332543","Platanus wrightii",-110.281323,31.449082,2019,2,12,"US","Platanus wrightii"
"2005332590","Platanus wrightii",-110.275961,31.448204,2019,2,12,"US","Platanus wrightii"
"2005332595","Platanus wrightii",-110.280259,31.449108,2019,2,12,"US","Platanus wrightii"
"2005335554","Platanus wrightii",-109.135183,31.914148,2019,2,12,"US","Platanus wrightii"
"2005335562","Platanus wrightii",-109.136728,31.914127,2019,2,12,"US","Platanus wrightii"
"2005335570","Platanus wrightii",-109.137646,31.91396,2019,2,12,"US","Platanus wrightii"
"2005337872","Platanus wrightii",-109.139547,31.914562,2019,2,12,"US","Platanus wrightii"
"2005338022","Platanus wrightii",-109.13891,31.914167,2019,2,12,"US","Platanus wrightii"
"2005338049","Platanus wrightii",-109.140751,31.91419,2019,2,12,"US","Platanus wrightii"
"2005348170","Platanus wrightii",-109.167603,31.892378,2019,2,12,"US","Platanus wrightii"
"2005348238","Platanus wrightii",-109.168638,31.890287,2019,2,12,"US","Platanus wrightii"
"2005348246","Platanus wrightii",-109.168717,31.890695,2019,2,12,"US","Platanus wrightii"
"2005348301","Platanus wrightii",-109.168358,31.891372,2019,2,12,"US","Platanus wrightii"
"2005358151","Platanus wrightii",-109.167787,31.892253,2019,2,12,"US","Platanus wrightii"
"2005358415","Platanus wrightii",-111.821265,33.903177,2019,2,10,"US","Platanus wrightii"
"2006067552","Platanus wrightii",-110.811613,32.314628,2019,2,24,"US","Platanus wrightii"
"2012959961","Platanus wrightii",-111.04147,31.607887,2019,2,17,"US","Platanus wrightii"
"3759124366","Platanus wrightii",-111.842483,34.611751,2019,2,28,"US","Platanus wrightii"
"2012979156","Platanus wrightii",-109.215722,31.89408,2019,3,2,"US","Platanus wrightii"
"2013695208","Platanus wrightii",-111.879842,33.964535,2019,3,5,"US","Platanus wrightii"
"2013703136","Platanus wrightii",-110.330672,31.380172,2019,3,7,"US","Platanus wrightii"
"2028471671","Platanus wrightii",-109.188273,31.868932,2019,3,10,"US","Platanus wrightii"
"2028481386","Platanus wrightii",-109.157111,31.903818,2019,3,10,"US","Platanus wrightii"
"2028485947","Platanus wrightii",-111.842461,34.611199,2019,3,18,"US","Platanus wrightii"
"2028500429","Platanus wrightii",-109.226365,31.898647,2019,3,11,"US","Platanus wrightii"
"2028501156","Platanus wrightii",-109.212214,31.892244,2019,3,11,"US","Platanus wrightii"
"2234752043","Platanus wrightii",-110.312403,31.445581,2019,3,14,"US","Platanus wrightii"
"2236206518","Platanus wrightii",-107.384306,32.977478,2019,3,24,"US","Platanus wrightii"
"2802535396","Platanus wrightii",-110.871439,31.726986,2019,3,20,"US","Platanus wrightii"
"2802594391","Platanus wrightii",-111.842182,34.612055,2019,3,15,"US","Platanus wrightii"
"2802595380","Platanus wrightii",-112.070908,34.430853,2019,3,23,"US","Platanus wrightii"
"2802936369","Platanus wrightii",-110.699373,32.326811,2019,3,29,"US","Platanus wrightii"
"2802942396","Platanus wrightii",-109.23755,31.867163,2019,3,17,"US","Platanus wrightii"
"2236876290","Platanus wrightii",-110.315856,31.444831,2019,4,14,"US","Platanus wrightii"
"2237522763","Platanus wrightii",-110.305965,31.449218,2019,4,24,"US","Platanus wrightii"
"2238929749","Platanus wrightii",-109.190425,31.863428,2019,4,20,"US","Platanus wrightii"
"2242818905","Platanus wrightii",-111.501932,33.724927,2019,4,28,"US","Platanus wrightii"
"2251838448","Platanus wrightii",-111.738812,34.994703,2019,4,26,"US","Platanus wrightii"
"2802542379","Platanus wrightii",-110.885642,31.739875,2019,4,18,"US","Platanus wrightii"
"2802561382","Platanus wrightii",-111.728654,34.910227,2019,4,23,"US","Platanus wrightii"
"3079714771","Platanus wrightii",-110.886844,31.740219,2019,4,13,"US","Platanus wrightii"
"2244291403","Platanus wrightii",-109.188461,31.867877,2019,5,20,"US","Platanus wrightii"
"2251857717","Platanus wrightii",-109.165275,31.895203,2019,5,10,"US","Platanus wrightii"
"2251878796","Platanus wrightii",-110.865621,31.704963,2019,5,24,"US","Platanus wrightii"
"2251954207","Platanus wrightii",-110.770604,32.326404,2019,5,28,"US","Platanus wrightii"
"2273317208","Platanus wrightii",-110.908705,32.421895,2019,5,8,"US","Platanus wrightii"
"2634302646","Platanus wrightii",-110.880855,31.72135,2019,5,25,"US","Platanus wrightii"
"2634363722","Platanus wrightii",-111.46337,33.869025,2019,5,12,"US","Platanus wrightii"
"2802659420","Platanus wrightii",-111.842487,34.611912,2019,5,9,"US","Platanus wrightii"
"2802900711","Platanus wrightii",-110.876121,31.707869,2019,5,26,"US","Platanus wrightii"
"2802913433","Platanus wrightii",-110.867317,31.714995,2019,5,11,"US","Platanus wrightii"
"2265892703","Platanus wrightii",-110.239032,32.50439,2019,6,10,"US","Platanus wrightii"
"2265904891","Platanus wrightii",-109.175731,31.885199,2019,6,1,"US","Platanus wrightii"
"2269259716","Platanus wrightii",-111.825127,34.809524,2019,6,15,"US","Platanus wrightii"
"2283050677","Platanus wrightii",-110.809675,32.322417,2019,6,20,"US","Platanus wrightii"
"2294553110","Platanus wrightii",-112.069191,34.86991,2019,6,29,"US","Platanus wrightii"
"2802535419","Platanus wrightii",-110.306088,31.449308,2019,6,7,"US","Platanus wrightii"
"2802601424","Platanus wrightii",-110.881123,31.72857,2019,6,8,"US","Platanus wrightii"
"2802803435","Platanus wrightii",-109.341395,33.268492,2019,6,22,"US","Platanus wrightii"
"2802930417","Platanus wrightii",-111.75979,34.868298,2019,6,17,"US","Platanus wrightii"
"3067805543","Platanus wrightii",-110.3057,31.449697,2019,6,7,"US","Platanus wrightii"
"2283124548","Platanus wrightii",-111.828728,34.810589,2019,7,2,"US","Platanus wrightii"
"2283199115","Platanus wrightii",-110.80387,32.460146,2019,7,6,"US","Platanus wrightii"
"2294565405","Platanus wrightii",-111.840665,34.611872,2019,7,14,"US","Platanus wrightii"
"2294568155","Platanus wrightii",-110.880683,31.727933,2019,7,18,"US","Platanus wrightii"
"2294619427","Platanus wrightii",-110.88092,31.724447,2019,7,21,"US","Platanus wrightii"
"2311401287","Platanus wrightii",-109.234856,31.872382,2019,7,26,"US","Platanus wrightii"
"2397505621","Platanus wrightii",-109.174641,31.887022,2019,7,30,"US","Platanus wrightii"
"2465306635","Platanus wrightii",-109.155947,31.902293,2019,7,21,"US","Platanus wrightii"
"2550031257","Platanus wrightii",-111.828174,34.810242,2019,7,23,"US","Platanus wrightii"
"2550134440","Platanus wrightii",-111.828174,34.810242,2019,7,23,"US","Platanus wrightii"
"2802543487","Platanus wrightii",-110.699529,32.326909,2019,7,28,"US","Platanus wrightii"
"2802548458","Platanus wrightii",-110.875786,31.709219,2019,7,28,"US","Platanus wrightii"
"2802614480","Platanus wrightii",-109.177567,31.878995,2019,7,20,"US","Platanus wrightii"
"2802688438","Platanus wrightii",-109.131814,31.775305,2019,7,26,"US","Platanus wrightii"
"2331852882","Platanus wrightii",-110.86785,31.707772,2019,8,1,"US","Platanus wrightii"
"2350333198","Platanus wrightii",-110.811312,32.317463,2019,8,8,"US","Platanus wrightii"
"2350347505","Platanus wrightii",-110.886208,31.73972,2019,8,9,"US","Platanus wrightii"
"2350432797","Platanus wrightii",-111.745074,34.93666,2019,8,14,"US","Platanus wrightii"
"2350437794","Platanus wrightii",-110.875258,31.712683,2019,8,11,"US","Platanus wrightii"
"2366097271","Platanus wrightii",-110.811311,32.317464,2019,8,8,"US","Platanus wrightii"
"2397574116","Platanus wrightii",-110.873227,31.713634,2019,8,25,"US","Platanus wrightii"
"2397684245","Platanus wrightii",-109.214487,31.883295,2019,8,30,"US","Platanus wrightii"
"2422943385","Platanus wrightii",-111.097657,34.339898,2019,8,26,"US","Platanus wrightii"
"2429228857","Platanus wrightii",-111.725747,34.660404,2019,8,12,"US","Platanus wrightii"
"2429229113","Platanus wrightii",-111.753324,34.946166,2019,8,13,"US","Platanus wrightii"
"2543071301","Platanus wrightii",-111.096574,34.338877,2019,8,28,"US","Platanus wrightii"
"2802560459","Platanus wrightii",-109.206729,31.883701,2019,8,7,"US","Platanus wrightii"
"2802585484","Platanus wrightii",-110.878833,31.720111,2019,8,9,"US","Platanus wrightii"
"2802606435","Platanus wrightii",-111.73509,34.922791,2019,8,13,"US","Platanus wrightii"
"2802664217","Platanus wrightii",-110.311854,31.493657,2019,8,3,"US","Platanus wrightii"
"2802691441","Platanus wrightii",-110.352486,31.472471,2019,8,3,"US","Platanus wrightii"
"2802735829","Platanus wrightii",-110.307525,31.447522,2019,8,2,"US","Platanus wrightii"
"2802778253","Platanus wrightii",-110.391285,31.512399,2019,8,4,"US","Platanus wrightii"
"2802830471","Platanus wrightii",-110.312386,31.445903,2019,8,11,"US","Platanus wrightii"
"2802845766","Platanus wrightii",-110.358563,31.467471,2019,8,3,"US","Platanus wrightii"
"2802898501","Platanus wrightii",-110.876632,31.699827,2019,8,31,"US","Platanus wrightii"
"2802924452","Platanus wrightii",-110.592956,32.183783,2019,8,11,"US","Platanus wrightii"
"2802940465","Platanus wrightii",-110.880057,31.721868,2019,8,7,"US","Platanus wrightii"
"2803037054","Platanus wrightii",-110.311789,31.49374,2019,8,3,"US","Platanus wrightii"
"2397686035","Platanus wrightii",-111.432367,33.72807,2019,9,2,"US","Platanus wrightii"
"2423010234","Platanus wrightii",-111.414246,33.920161,2019,9,10,"US","Platanus wrightii"
"2423093311","Platanus wrightii",-111.468622,33.93866,2019,9,8,"US","Platanus wrightii"
"2423171871","Platanus wrightii",-110.802366,32.327022,2019,9,20,"US","Platanus wrightii"
"2423182267","Platanus wrightii",-111.052972,33.32732,2019,9,21,"US","Platanus wrightii"
"2429276119","Platanus wrightii",-111.738061,35.014982,2019,9,27,"US","Platanus wrightii"
"2543045575","Platanus wrightii",-111.724194,34.67868,2019,9,9,"US","Platanus wrightii"
"2634566449","Platanus wrightii",-111.483047,33.909403,2019,9,8,"US","Platanus wrightii"
"2802550442","Platanus wrightii",-109.240464,31.873306,2019,9,1,"US","Platanus wrightii"
"2802557473","Platanus wrightii",-109.242278,31.898308,2019,9,1,"US","Platanus wrightii"
"2850645431","Platanus wrightii",-108.877312,33.234863,2019,9,29,"US","Platanus wrightii"
"3067616729","Platanus wrightii",-110.885588,31.739813,2019,9,27,"US","Platanus wrightii"
"3067644739","Platanus wrightii",-110.699837,32.326838,2019,9,22,"US","Platanus wrightii"
"2429387823","Platanus wrightii",-111.763209,34.862358,2019,10,5,"US","Platanus wrightii"
"2429513589","Platanus wrightii",-111.714942,34.668277,2019,10,8,"US","Platanus wrightii"
"2447930507","Platanus wrightii",-111.825187,34.809827,2019,10,23,"US","Platanus wrightii"
"2447974962","Platanus wrightii",-111.763702,34.861395,2019,10,28,"US","Platanus wrightii"
"2460031936","Platanus wrightii",-109.954713,31.94667,2019,10,26,"US","Platanus wrightii"
"2460031940","Platanus wrightii",-110.313011,31.445614,2019,10,26,"US","Platanus wrightii"
"2543057751","Platanus wrightii",-111.8424,34.611908,2019,10,13,"US","Platanus wrightii"
"2563549061","Platanus wrightii",-111.77269,34.519445,2019,10,8,"US","Platanus wrightii"
"2802926509","Platanus wrightii",-111.753155,34.961635,2019,10,9,"US","Platanus wrightii"
"2814204446","Platanus wrightii",-111.610514,34.406015,2019,10,15,"US","Platanus wrightii"
"3090698617","Platanus wrightii",-111.842789,34.611503,2019,10,30,"US","Platanus wrightii"
"3090809585","Platanus wrightii",-111.839522,34.611422,2019,10,30,"US","Platanus wrightii"
"3090856598","Platanus wrightii",-111.734362,35.025183,2019,10,27,"US","Platanus wrightii"
"2456520476","Platanus wrightii",-111.740005,34.998311,2019,11,5,"US","Platanus wrightii"
"2456529831","Platanus wrightii",-111.815907,33.91544,2019,11,8,"US","Platanus wrightii"
"2456543414","Platanus wrightii",-111.815907,33.91544,2019,11,8,"US","Platanus wrightii"
"2456571136","Platanus wrightii",-111.714932,34.669379,2019,11,12,"US","Platanus wrightii"
"2456571415","Platanus wrightii",-111.714797,34.669092,2019,11,12,"US","Platanus wrightii"
"2456573682","Platanus wrightii",-111.714725,34.669316,2019,11,12,"US","Platanus wrightii"
"2460130898","Platanus wrightii",-111.714882,34.669113,2019,11,12,"US","Platanus wrightii"
"2465162759","Platanus wrightii",-111.784713,34.714041,2019,11,23,"US","Platanus wrightii"
"2802537454","Platanus wrightii",-111.84044,34.611948,2019,11,26,"US","Platanus wrightii"
"3455700625","Platanus wrightii",-111.840945,34.611587,2019,11,18,"US","Platanus wrightii"
"2465283949","Platanus wrightii",-111.547226,31.766945,2019,12,4,"US","Platanus wrightii"
"2529295698","Platanus wrightii",-110.80901,32.319502,2019,12,15,"US","Platanus wrightii"
"2529348746","Platanus wrightii",-110.707029,31.467318,2019,12,17,"US","Platanus wrightii"
"2543025726","Platanus wrightii",-111.741972,34.889004,2019,12,26,"US","Platanus wrightii"
"2543037286","Platanus wrightii",-111.829244,34.808869,2019,12,28,"US","Platanus wrightii"
"2543069384","Platanus wrightii",-111.842449,34.611913,2019,12,30,"US","Platanus wrightii"
"2557757732","Platanus wrightii",-111.751603,34.648005,2019,12,26,"US","Platanus wrightii"
"2579245429","Platanus wrightii",-110.08163,31.726523,2019,12,18,"US","Platanus wrightii"
"1807284432","Platanus wrightii",-110.810058,32.321228,2018,1,29,"US","Platanus wrightii"
"1836697250","Platanus wrightii",-110.809088,32.319595,2018,1,29,"US","Platanus wrightii"
"1837083614","Platanus wrightii",-111.746365,34.988034,2018,1,13,"US","Platanus wrightii"
"1807307761","Platanus wrightii",-110.79045,32.333492,2018,2,3,"US","Platanus wrightii"
"1807308104","Platanus wrightii",-110.789742,32.334278,2018,2,3,"US","Platanus wrightii"
"1807308783","Platanus wrightii",-110.78753,32.336403,2018,2,3,"US","Platanus wrightii"
"1807311729","Platanus wrightii",-110.449013,32.073364,2018,2,4,"US","Platanus wrightii"
"1831163670","Platanus wrightii",-110.78778,32.336267,2018,2,3,"US","Platanus wrightii"
"1831164278","Platanus wrightii",-110.785758,32.338178,2018,2,3,"US","Platanus wrightii"
"1831199902","Platanus wrightii",-111.87731,33.96265,2018,2,15,"US","Platanus wrightii"
"1836593325","Platanus wrightii",-110.884012,31.73728,2018,3,7,"US","Platanus wrightii"
"1837057406","Platanus wrightii",-109.037064,31.360493,2018,3,22,"US","Platanus wrightii"
"1837749295","Platanus wrightii",-111.464702,33.938832,2018,3,31,"US","Platanus wrightii"
"1838018053","Platanus wrightii",-111.841224,34.611654,2018,3,31,"US","Platanus wrightii"
"1838018113","Platanus wrightii",-111.841224,34.611654,2018,3,31,"US","Platanus wrightii"
"2802584368","Platanus wrightii",-110.880658,31.724766,2018,3,14,"US","Platanus wrightii"
"2802600373","Platanus wrightii",-110.877892,31.725036,2018,3,14,"US","Platanus wrightii"
"1838330990","Platanus wrightii",-109.142679,31.912059,2018,4,9,"US","Platanus wrightii"
"1838376726","Platanus wrightii",-110.875885,31.713789,2018,4,11,"US","Platanus wrightii"
"1838401916","Platanus wrightii",-109.373325,32.009123,2018,4,17,"US","Platanus wrightii"
"1839220488","Platanus wrightii",-109.341867,32.022125,2018,4,17,"US","Platanus wrightii"
"1839227663","Platanus wrightii",-111.725464,34.603522,2018,4,16,"US","Platanus wrightii"
"1839229680","Platanus wrightii",-112.423303,34.645517,2018,4,21,"US","Platanus wrightii"
"1841210544","Platanus wrightii",-110.877153,31.705317,2018,4,5,"US","Platanus wrightii"
"1841227298","Platanus wrightii",-110.311997,31.44623,2018,4,6,"US","Platanus wrightii"
"1841298844","Platanus wrightii",-111.82407,33.902733,2018,4,29,"US","Platanus wrightii"
"1841319226","Platanus wrightii",-111.840797,34.611886,2018,4,19,"US","Platanus wrightii"
"1847564560","Platanus wrightii",-110.88616,31.739938,2018,4,26,"US","Platanus wrightii"
"2619919632","Platanus wrightii",-109.480196,32.893636,2018,4,21,"US","Platanus wrightii"
"3070320459","Platanus wrightii",-110.8826,31.732866,2018,4,1,"US","Platanus wrightii"
"1841322444","Platanus wrightii",-110.886217,31.739975,2018,5,2,"US","Platanus wrightii"
"1847458237","Platanus wrightii",-110.392272,31.510717,2018,5,3,"US","Platanus wrightii"
"1847568193","Platanus wrightii",-111.865665,33.966073,2018,5,18,"US","Platanus wrightii"
"1848755607","Platanus wrightii",-111.878778,33.963807,2018,5,18,"US","Platanus wrightii"
"1850933309","Platanus wrightii",-111.948203,34.346592,2018,5,22,"US","Platanus wrightii"
"1880568134","Platanus wrightii",-109.141944,31.913333,2018,5,22,"US","Platanus wrightii"
"3031789946","Platanus wrightii",-111.797096,34.823492,2018,5,7,"US","Platanus wrightii"
"1848811737","Platanus wrightii",-111.869098,33.963785,2018,6,4,"US","Platanus wrightii"
"1880622782","Platanus wrightii",-111.781712,34.715998,2018,6,30,"US","Platanus wrightii"
"1880623523","Platanus wrightii",-111.751518,34.648128,2018,6,30,"US","Platanus wrightii"
"1880624762","Platanus wrightii",-111.840682,34.611883,2018,6,30,"US","Platanus wrightii"
"1883464239","Platanus wrightii",-110.386323,33.887509,2018,6,14,"US","Platanus wrightii"
"1883464242","Platanus wrightii",-110.383324,33.889407,2018,6,14,"US","Platanus wrightii"
"1883919016","Platanus wrightii",-111.824045,33.902742,2018,7,19,"US","Platanus wrightii"
"1883919105","Platanus wrightii",-111.86575,33.969783,2018,7,19,"US","Platanus wrightii"
"1890681626","Platanus wrightii",-109.189674,31.861163,2018,7,28,"US","Platanus wrightii"
"1890691031","Platanus wrightii",-109.216681,31.9399,2018,7,28,"US","Platanus wrightii"
"1890711700","Platanus wrightii",-109.181522,31.874544,2018,7,18,"US","Platanus wrightii"
"1890711753","Platanus wrightii",-109.189091,31.867959,2018,7,18,"US","Platanus wrightii"
"1986543088","Platanus wrightii",-110.886824,31.741057,2018,7,29,"US","Platanus wrightii"
"2573787258","Platanus wrightii",-109.166242,31.891772,2018,7,30,"US","Platanus wrightii"
"1890088098","Platanus wrightii",-110.88082,31.728243,2018,8,1,"US","Platanus wrightii"
"1890719091","Platanus wrightii",-110.608253,32.155481,2018,8,8,"US","Platanus wrightii"
"1891302918","Platanus wrightii",-110.300453,31.362628,2018,8,8,"US","Platanus wrightii"
"1891304937","Platanus wrightii",-110.361154,31.549389,2018,8,10,"US","Platanus wrightii"
"1891322265","Platanus wrightii",-111.865718,33.969112,2018,8,10,"US","Platanus wrightii"
"1891330501","Platanus wrightii",-111.751563,34.648042,2018,8,12,"US","Platanus wrightii"
"1891342577","Platanus wrightii",-111.830563,34.812923,2018,8,14,"US","Platanus wrightii"
"1891350721","Platanus wrightii",-109.236687,31.869147,2018,8,14,"US","Platanus wrightii"
"1898801800","Platanus wrightii",-112.069815,34.882015,2018,8,12,"US","Platanus wrightii"
"1914314256","Platanus wrightii",-109.156547,31.903745,2018,8,23,"US","Platanus wrightii"
"1946326797","Platanus wrightii",-110.708207,31.467946,2018,8,11,"US","Platanus wrightii"
"2572938315","Platanus wrightii",-111.721128,34.163192,2018,8,2,"US","Platanus wrightii"
"3399137394","Platanus wrightii",-109.182574,31.87436,2018,8,7,"US","Platanus wrightii"
"1913164073","Platanus wrightii",-111.062563,33.309285,2018,9,2,"US","Platanus wrightii"
"1913179427","Platanus wrightii",-111.7762,34.727092,2018,9,7,"US","Platanus wrightii"
"1913192660","Platanus wrightii",-110.884332,31.737265,2018,9,2,"US","Platanus wrightii"
"1913193168","Platanus wrightii",-110.372378,31.457408,2018,9,3,"US","Platanus wrightii"
"2572937957","Platanus wrightii",-111.758034,34.170894,2018,9,18,"US","Platanus wrightii"
"3090580413","Platanus wrightii",-110.247833,32.349792,2018,9,27,"US","Platanus wrightii"
"3090797433","Platanus wrightii",-110.240631,32.35135,2018,9,27,"US","Platanus wrightii"
"2006032940","Platanus wrightii",-112.323853,34.634512,2018,10,12,"US","Platanus wrightii"
"1935622101","Platanus wrightii",-110.80088,32.287962,2018,11,7,"US","Platanus wrightii"
"1935628124","Platanus wrightii",-111.307583,33.525123,2018,11,7,"US","Platanus wrightii"
"1944404987","Platanus wrightii",-110.718247,32.537758,2018,11,12,"US","Platanus wrightii"
"2802659777","Platanus wrightii",-110.809812,32.322298,2018,11,24,"US","Platanus wrightii"
"3097008406","Platanus wrightii",-110.3055,31.446406,2018,11,12,"US","Platanus wrightii"
"1453373782","Platanus wrightii",-110.810708,32.31123,2017,1,22,"US","Platanus wrightii"
"1453373982","Platanus wrightii",-110.811562,32.314545,2017,1,22,"US","Platanus wrightii"
"1453467141","Platanus wrightii",-111.396392,33.501519,2017,2,25,"US","Platanus wrightii"
"1453518772","Platanus wrightii",-110.705579,32.322916,2017,3,14,"US","Platanus wrightii"
"1453522005","Platanus wrightii",-110.700019,32.325698,2017,3,14,"US","Platanus wrightii"
"1457592390","Platanus wrightii",-110.706024,32.321976,2017,3,14,"US","Platanus wrightii"
"1457592529","Platanus wrightii",-110.705311,32.323684,2017,3,14,"US","Platanus wrightii"
"1500312047","Platanus wrightii",-111.751556,34.647972,2017,3,23,"US","Platanus wrightii"
"1949997436","Platanus wrightii",-110.867864,31.774531,2017,3,18,"US","Platanus wrightii"
"2236295299","Platanus wrightii",-111.842737,34.611512,2017,3,17,"US","Platanus wrightii"
"3759592500","Platanus wrightii",-111.84222,34.611884,2017,3,2,"US","Platanus wrightii"
"1500264161","Platanus wrightii",-109.357774,32.009047,2017,4,12,"US","Platanus wrightii"
"2884939444","Platanus wrightii",-110.8849,31.64049,2017,4,30,"US","Platanus wrightii"
"1562919584","Platanus wrightii",-110.805917,32.32405,2017,5,7,"US","Platanus wrightii"
"1563429695","Platanus wrightii",-109.79718,32.66748,2017,5,27,"US","Platanus wrightii"
"1563429902","Platanus wrightii",-111.823987,33.90275,2017,5,26,"US","Platanus wrightii"
"1563431419","Platanus wrightii",-111.942487,34.205897,2017,5,26,"US","Platanus wrightii"
"1571077092","Platanus wrightii",-111.852423,34.11611,2017,5,26,"US","Platanus wrightii"
"1571144784","Platanus wrightii",-109.176255,31.88507,2017,5,6,"US","Platanus wrightii"
"1802781831","Platanus wrightii",-111.803376,34.823736,2017,5,22,"US","Platanus wrightii"
"1836695249","Platanus wrightii",-111.80328,34.824927,2017,5,22,"US","Platanus wrightii"
"1571084202","Platanus wrightii",-110.373603,31.542133,2017,6,1,"US","Platanus wrightii"
"1571084242","Platanus wrightii",-110.370583,31.546117,2017,6,1,"US","Platanus wrightii"
"1571084243","Platanus wrightii",-110.347938,31.474558,2017,6,1,"US","Platanus wrightii"
"1571084288","Platanus wrightii",-110.34787,31.474437,2017,6,1,"US","Platanus wrightii"
"1571084426","Platanus wrightii",-110.338287,31.479895,2017,6,1,"US","Platanus wrightii"
"1571084438","Platanus wrightii",-110.336905,31.479708,2017,6,1,"US","Platanus wrightii"
"1571093029","Platanus wrightii",-110.281272,31.449172,2017,6,3,"US","Platanus wrightii"
"1571106489","Platanus wrightii",-111.051582,33.320072,2017,6,5,"US","Platanus wrightii"
"1571112259","Platanus wrightii",-111.86522,33.968409,2017,6,9,"US","Platanus wrightii"
"1571142089","Platanus wrightii",-111.868268,33.963997,2017,6,12,"US","Platanus wrightii"
"1571192405","Platanus wrightii",-110.281242,31.467278,2017,6,26,"US","Platanus wrightii"
"1571194645","Platanus wrightii",-110.281167,31.449167,2017,6,27,"US","Platanus wrightii"
"1571195959","Platanus wrightii",-110.26435,31.421905,2017,6,27,"US","Platanus wrightii"
"1572350410","Platanus wrightii",-110.313125,31.445703,2017,6,30,"US","Platanus wrightii"
"1572350545","Platanus wrightii",-110.31247,31.445688,2017,6,30,"US","Platanus wrightii"
"1572365451","Platanus wrightii",-110.307,31.447863,2017,6,30,"US","Platanus wrightii"
"1572370186","Platanus wrightii",-110.311845,31.44625,2017,6,30,"US","Platanus wrightii"
"1703132236","Platanus wrightii",-110.276,31.448737,2017,6,27,"US","Platanus wrightii"
"1703132237","Platanus wrightii",-110.287195,31.44248,2017,6,27,"US","Platanus wrightii"
"1703132241","Platanus wrightii",-110.28125,31.4495,2017,6,27,"US","Platanus wrightii"
"1703132479","Platanus wrightii",-110.308922,31.446687,2017,6,30,"US","Platanus wrightii"
"1572361169","Platanus wrightii",-110.378578,31.536038,2017,7,3,"US","Platanus wrightii"
"1572365133","Platanus wrightii",-110.37213,31.54458,2017,7,4,"US","Platanus wrightii"
"1572366801","Platanus wrightii",-110.375437,31.540267,2017,7,3,"US","Platanus wrightii"
"1572366840","Platanus wrightii",-110.368753,31.551017,2017,7,3,"US","Platanus wrightii"
"1572366937","Platanus wrightii",-110.376258,31.539667,2017,7,3,"US","Platanus wrightii"
"1572368706","Platanus wrightii",-110.366005,31.565667,2017,7,5,"US","Platanus wrightii"
"1572372468","Platanus wrightii",-110.315637,31.444762,2017,7,6,"US","Platanus wrightii"
"1572375971","Platanus wrightii",-110.31408,31.445453,2017,7,6,"US","Platanus wrightii"
"1572385072","Platanus wrightii",-110.268463,31.347733,2017,7,8,"US","Platanus wrightii"
"1572400014","Platanus wrightii",-110.282562,31.448829,2017,7,11,"US","Platanus wrightii"
"1584428247","Platanus wrightii",-110.25988,31.372878,2017,7,8,"US","Platanus wrightii"
"1584428381","Platanus wrightii",-110.268738,31.347655,2017,7,8,"US","Platanus wrightii"
"1586114584","Platanus wrightii",-110.24408,31.395953,2017,7,8,"US","Platanus wrightii"
"1699364640","Platanus wrightii",-110.243995,31.39603,2017,7,8,"US","Platanus wrightii"
"1703133223","Platanus wrightii",-110.284125,31.445931,2017,7,11,"US","Platanus wrightii"
"1703133228","Platanus wrightii",-110.282834,31.448374,2017,7,11,"US","Platanus wrightii"
"1913717867","Platanus wrightii",-110.26838,31.347763,2017,7,8,"US","Platanus wrightii"
"1586135091","Platanus wrightii",-111.810628,34.633792,2017,8,4,"US","Platanus wrightii"
"1586925775","Platanus wrightii",-111.878857,33.963812,2017,8,6,"US","Platanus wrightii"
"1621802297","Platanus wrightii",-110.283366,31.448235,2017,8,23,"US","Platanus wrightii"
"1640049371","Platanus wrightii",-110.282672,31.448206,2017,8,23,"US","Platanus wrightii"
"1640050241","Platanus wrightii",-110.886866,31.739785,2017,8,24,"US","Platanus wrightii"
"1640054538","Platanus wrightii",-110.876008,31.708384,2017,8,25,"US","Platanus wrightii"
"1640059595","Platanus wrightii",-110.875237,31.712958,2017,8,24,"US","Platanus wrightii"
"1640065821","Platanus wrightii",-110.875228,31.712658,2017,8,24,"US","Platanus wrightii"
"1640067176","Platanus wrightii",-110.875245,31.713588,2017,8,24,"US","Platanus wrightii"
"1640067245","Platanus wrightii",-110.875139,31.712432,2017,8,24,"US","Platanus wrightii"
"1640070334","Platanus wrightii",-109.331402,31.970508,2017,8,20,"US","Platanus wrightii"
"1640070652","Platanus wrightii",-109.293054,31.939996,2017,8,20,"US","Platanus wrightii"
"1640070719","Platanus wrightii",-109.293065,31.940218,2017,8,20,"US","Platanus wrightii"
"1640071221","Platanus wrightii",-109.292568,31.940403,2017,8,20,"US","Platanus wrightii"
"1640080516","Platanus wrightii",-110.300262,31.362914,2017,8,22,"US","Platanus wrightii"
"1640112821","Platanus wrightii",-110.300248,31.36264,2017,8,22,"US","Platanus wrightii"
"1668847853","Platanus wrightii",-109.140084,31.914084,2017,8,21,"US","Platanus wrightii"
"1668870230","Platanus wrightii",-110.282763,31.447653,2017,8,23,"US","Platanus wrightii"
"1699366343","Platanus wrightii",-109.293158,31.940244,2017,8,20,"US","Platanus wrightii"
"1702458493","Platanus wrightii",-110.283878,31.448683,2017,8,23,"US","Platanus wrightii"
"1703148665","Platanus wrightii",-109.252344,31.909019,2017,8,21,"US","Platanus wrightii"
"1703158026","Platanus wrightii",-110.300463,31.362675,2017,8,22,"US","Platanus wrightii"
"1703158206","Platanus wrightii",-109.331318,31.97059,2017,8,20,"US","Platanus wrightii"
"1703158376","Platanus wrightii",-110.75308,32.446485,2017,8,26,"US","Platanus wrightii"
"1802644821","Platanus wrightii",-110.870622,31.711155,2017,8,25,"US","Platanus wrightii"
"1837763781","Platanus wrightii",-110.871599,31.711827,2017,8,25,"US","Platanus wrightii"
"1640113380","Platanus wrightii",-111.885627,33.966447,2017,9,7,"US","Platanus wrightii"
"1668815403","Platanus wrightii",-110.790313,33.222737,2017,9,2,"US","Platanus wrightii"
"1668864379","Platanus wrightii",-111.829557,34.162443,2017,9,25,"US","Platanus wrightii"
"1703149996","Platanus wrightii",-110.716127,32.53791,2017,9,25,"US","Platanus wrightii"
"1839277499","Platanus wrightii",-111.464567,33.866768,2017,9,2,"US","Platanus wrightii"
"2572938425","Platanus wrightii",-111.70593,34.09844,2017,9,10,"US","Platanus wrightii"
"1677291052","Platanus wrightii",-111.84249,34.612005,2017,10,11,"US","Platanus wrightii"
"1677336603","Platanus wrightii",-111.714508,34.66885,2017,10,22,"US","Platanus wrightii"
"1838077096","Platanus wrightii",-111.510743,34.362841,2017,10,8,"US","Platanus wrightii"
"3097055397","Platanus wrightii",-112.069461,34.883787,2017,10,28,"US","Platanus wrightii"
"1702479838","Platanus wrightii",-111.762977,34.859966,2017,11,4,"US","Platanus wrightii"
"1702479941","Platanus wrightii",-111.762051,34.861824,2017,11,4,"US","Platanus wrightii"
"1702480026","Platanus wrightii",-111.840112,34.611743,2017,11,4,"US","Platanus wrightii"
"1703162892","Platanus wrightii",-110.371704,31.545266,2017,11,13,"US","Platanus wrightii"
"1703162911","Platanus wrightii",-110.368142,31.555067,2017,11,13,"US","Platanus wrightii"
"1703162947","Platanus wrightii",-110.369239,31.549621,2017,11,13,"US","Platanus wrightii"
"1703163015","Platanus wrightii",-110.368175,31.555223,2017,11,13,"US","Platanus wrightii"
"1802681830","Platanus wrightii",-110.886183,31.739862,2017,11,26,"US","Platanus wrightii"
"1802769480","Platanus wrightii",-110.844026,31.76009,2017,11,10,"US","Platanus wrightii"
"1838077560","Platanus wrightii",-110.713029,32.362884,2017,11,22,"US","Platanus wrightii"
"2572937835","Platanus wrightii",-111.88338,34.79926,2017,11,8,"US","Platanus wrightii"
"1802695780","Platanus wrightii",-110.368417,31.555242,2017,12,14,"US","Platanus wrightii"
"1802706923","Platanus wrightii",-109.196917,31.850867,2017,12,18,"US","Platanus wrightii"
"1848808670","Platanus wrightii",-111.842737,34.611377,2017,12,21,"US","Platanus wrightii"
"1802714140","Platanus wrightii",-110.7053,31.4646,2016,3,17,"US","Platanus wrightii"
"1831219404","Platanus wrightii",-110.845356,31.76174,2016,3,19,"US","Platanus wrightii"
"3314411422","Platanus wrightii",-107.339942,32.968253,2016,3,21,"US","Platanus wrightii"
"1453301720","Platanus wrightii",-111.480317,33.88955,2016,4,2,"US","Platanus wrightii"
"1269562079","Platanus wrightii",-109.351842,32.017498,2016,5,14,"US","Platanus wrightii"
"1270046930","Platanus wrightii",-110.253917,31.345453,2016,5,21,"US","Platanus wrightii"
"1562898576","Platanus wrightii",-111.751846,34.647825,2016,5,15,"US","Platanus wrightii"
"1273847651","Platanus wrightii",-109.321083,31.938879,2016,6,17,"US","Platanus wrightii"
"1291094079","Platanus wrightii",-111.839895,34.611692,2016,6,27,"US","Platanus wrightii"
"2270479230","Platanus wrightii",-111.466141,33.867103,2016,6,27,"US","Platanus wrightii"
"1291136364","Platanus wrightii",-110.805902,32.324023,2016,7,20,"US","Platanus wrightii"
"1291140949","Platanus wrightii",-111.81861,33.91732,2016,7,21,"US","Platanus wrightii"
"3067626265","Platanus wrightii",-109.146248,31.912177,2016,7,3,"US","Platanus wrightii"
"3399145332","Platanus wrightii",-109.185369,31.873322,2016,7,16,"US","Platanus wrightii"
"1305133518","Platanus wrightii",-111.825,33.903055,2016,8,12,"US","Platanus wrightii"
"1305151314","Platanus wrightii",-110.880087,31.725088,2016,8,11,"US","Platanus wrightii"
"1562923107","Platanus wrightii",-110.71876,32.537773,2016,8,13,"US","Platanus wrightii"
"1571065154","Platanus wrightii",-110.718095,32.537685,2016,8,13,"US","Platanus wrightii"
"2270490288","Platanus wrightii",-110.592,31.9975,2016,9,10,"US","Platanus wrightii"
"1453211129","Platanus wrightii",-110.312366,31.445833,2016,11,11,"US","Platanus wrightii"
"1453240526","Platanus wrightii",-110.306105,31.44938,2016,11,24,"US","Platanus wrightii"
"1453312105","Platanus wrightii",-109.959311,31.937331,2016,12,26,"US","Platanus wrightii"
"1453342212","Platanus wrightii",-110.811461,32.314317,2016,12,31,"US","Platanus wrightii"
"1563443493","Platanus wrightii",-110.874674,31.713138,2016,12,29,"US","Platanus wrightii"
"1563443495","Platanus wrightii",-110.881155,31.727375,2016,12,29,"US","Platanus wrightii"
"1453051040","Platanus wrightii",-110.318967,31.438213,2015,2,6,"US","Platanus wrightii"
"1291661087","Platanus wrightii",-110.885797,31.73985,2015,7,26,"US","Platanus wrightii"
"1572360767","Platanus wrightii",-112.042351,34.275233,2015,9,14,"US","Platanus wrightii"
"3344414081","Platanus wrightii",-82.826694,34.668667,2015,10,9,"US","Platanus wrightii"
"1229922951","Platanus wrightii",-110.886215,31.73978,2015,11,22,"US","Platanus wrightii"
"1990478474","Platanus wrightii",-111.839649,34.611219,2015,11,20,"US","Platanus wrightii"
"3344491697","Platanus wrightii",-82.82725,34.668528,2015,12,16,"US","Platanus wrightii"
"1978851736","Platanus wrightii",-110.876793,31.725033,2014,1,19,"US","Platanus wrightii"
"923912644","Platanus wrightii",-110.378098,31.537103,2014,4,6,"US","Platanus wrightii"
"3091293947","Platanus wrightii",-111.45447,34.5637599991181,2014,6,14,"US","Platanus wrightii"
"1453545431","Platanus wrightii",-109.365892,32.009364,2014,7,22,"US","Platanus wrightii"
"1846557947","Platanus wrightii",-111.40025,33.959133,2014,7,7,"US","Platanus wrightii"
"1024228876","Platanus wrightii",-109.35909,32.008658,2014,9,4,"US","Platanus wrightii"
"1291683833","Platanus wrightii",-110.389131,31.515946,2014,9,5,"US","Platanus wrightii"
"1229607566","Platanus wrightii",-111.839558,34.610878,2014,11,10,"US","Platanus wrightii"
"1990562261","Platanus wrightii",-110.766882,31.527433,2014,12,2,"US","Platanus wrightii"
"923061826","Platanus wrightii",-110.858231,31.490749,2013,2,7,"US","Platanus wrightii"
"923062925","Platanus wrightii",-111.003967,31.461706,2013,2,9,"US","Platanus wrightii"
"923073064","Platanus wrightii",-110.882263,31.723204,2013,2,9,"US","Platanus wrightii"
"1291683375","Platanus wrightii",-109.1905,31.865167,2013,3,28,"US","Platanus wrightii"
"3112278302","Platanus wrightii",-110.880951,31.724253,2013,4,30,"US","Platanus wrightii"
"923064774","Platanus wrightii",-110.48156,32.205502,2013,5,12,"US","Platanus wrightii"
"2549997540","Platanus wrightii",-110.879915,31.725169,2013,6,26,"US","Platanus wrightii"
"1291664237","Platanus wrightii",-110.388787,31.517271,2013,7,26,"US","Platanus wrightii"
"1291664282","Platanus wrightii",-110.880924,31.727592,2013,7,12,"US","Platanus wrightii"
"1291660559","Platanus wrightii",-110.880087,31.725087,2013,8,29,"US","Platanus wrightii"
"891742251","Platanus wrightii",-110.307275,31.447873,2013,9,19,"US","Platanus wrightii"
"1291683243","Platanus wrightii",-110.373491,31.542077,2013,10,4,"US","Platanus wrightii"
"1703125860","Platanus wrightii",-110.306972,31.447848,2013,10,5,"US","Platanus wrightii"
"2270695685","Platanus wrightii",-110.418393,32.89825,2013,10,27,"US","Platanus wrightii"
"2562067995","Platanus wrightii",-111.52,31.757,2013,10,28,"US","Platanus wrightii"
"2562067996","Platanus wrightii",-111.52,31.757,2013,10,28,"US","Platanus wrightii"
"2562069494","Platanus wrightii",-111.52,31.757,2013,10,28,"US","Platanus wrightii"
"1500311791","Platanus wrightii",-110.355308,31.467324,2012,3,17,"US","Platanus wrightii"
"2270571243","Platanus wrightii",-112.126846,34.886166,2012,5,22,"US","Platanus wrightii"
"2270561421","Platanus wrightii",-111.055083,33.3159,2012,7,24,"US","Platanus wrightii"
"3712703168","Platanus wrightii",-109.177792,31.884308,2012,7,20,"US","Platanus wrightii"
"1846549626","Platanus wrightii",-111.605427,34.407298,2012,8,20,"US","Platanus wrightii"
"2802589463","Platanus wrightii",-110.884797,31.721614,2012,9,4,"US","Platanus wrightii"
"1950009278","Platanus wrightii",-110.880271,31.731507,2011,6,5,"US","Platanus wrightii"
"2429545909","Platanus wrightii",-111.834985,34.611576,2011,9,14,"US","Platanus wrightii"
"1291663070","Platanus wrightii",-111.753156,34.94613,2011,10,1,"US","Platanus wrightii"
"2575160874","Platanus wrightii",-110.61,32.15,2011,10,20,"US","Platanus wrightii"
"3456067504","Platanus wrightii",-111.754371,34.648775,2009,5,13,"US","Platanus wrightii"
"3766305317","Platanus wrightii",-109.07696,31.48796,2009,8,10,"US","Platanus wrightii"
"1453393699","Platanus wrightii",-111.244111,34.237681,2009,10,17,"US","Platanus wrightii"
"3389285276","Platanus wrightii",-110.306557,31.448509,2008,4,30,"US","Platanus wrightii"
"1946362955","Platanus wrightii",-110.474853,32.139014,2008,8,5,"US","Platanus wrightii"
"1846513998","Platanus wrightii",-111.296361,34.374528,2008,9,27,"US","Platanus wrightii"
"1978469012","Platanus wrightii",-109.141449,31.913703,2007,3,29,"US","Platanus wrightii"
"2270686607","Platanus wrightii",-112.243,33.3906,2007,5,19,"US","Platanus wrightii"
"1990491556","Platanus wrightii",-110.803654,31.506782,2007,7,13,"US","Platanus wrightii"
"233101131","Platanus wrightii",-108.60368,32.8085699991403,2007,9,16,"US","Platanus wrightii"
"1846549032","Platanus wrightii",-111.952917,33.890444,2007,10,27,"US","Platanus wrightii"
"2270681248","Platanus wrightii",-112.12994,33.51158,2006,3,15,"US","Platanus wrightii"
"1846499130","Platanus wrightii",-112.008,34.22525,2006,5,4,"US","Platanus wrightii"
"2270687867","Platanus wrightii",-112.008,34.2253,2006,5,4,"US","Platanus wrightii"
"2270688229","Platanus wrightii",-111.4,33.9594,2006,8,5,"US","Platanus wrightii"
"3091240308","Platanus wrightii",-111.827056,34.811444,2006,8,23,"US","Platanus wrightii"
"2270579448","Platanus wrightii",-111.821772,34.51606,2006,10,9,"US","Platanus wrightii"
"3091239765","Platanus wrightii",-111.821772,34.51606,2006,10,9,"US","Platanus wrightii"
"3091270374","Platanus wrightii",-111.7181,34.8883,2005,4,20,"US","Platanus wrightii"
"1846495549","Platanus wrightii",-112.0582,34.247283,2005,5,6,"US","Platanus wrightii"
"2270677416","Platanus wrightii",-112.123490099998,33.3806250013121,2005,5,3,"US","Platanus wrightii"
"1846497164","Platanus wrightii",-112.09305,34.219967,2005,6,27,"US","Platanus wrightii"
"1306585499","Platanus wrightii",-111.740227,34.989143,2005,10,9,"US","Platanus wrightii"
"1249291567","Platanus wrightii",-111.838911,34.601722,2005,12,1,"US","Platanus wrightii"
"1927910413","Platanus wrightii",-111.501526,33.773118,2004,4,10,"US","Platanus wrightii"
"2270635237","Platanus wrightii",-111.502,33.7731,2004,4,10,"US","Platanus wrightii"
"1846486111","Platanus wrightii",-110.711483,31.527267,2004,10,10,"US","Platanus wrightii"
"3122397456","Platanus wrightii",-109.058013,31.589336,2003,5,11,"US","Platanus wrightii"
"1837261596","Platanus wrightii",-108.775,31.6,2003,9,6,"US","Platanus wrightii"
"2270611303","Platanus wrightii",-111.115,33.6388,2003,9,5,"US","Platanus wrightii"
"3122396793","Platanus wrightii",-110.816626,33.376078,2003,9,5,"US","Platanus wrightii"
"2270654975","Platanus wrightii",-111.483,33.8,2002,5,8,"US","Platanus wrightii"
"2270677943","Platanus wrightii",-111.483,33.8,2002,5,8,"US","Platanus wrightii"
"3091227467","Platanus wrightii",-111.483,33.8,2002,5,8,"US","Platanus wrightii"
"2270624756","Platanus wrightii",-110.175,31.6276,2002,6,12,"US","Platanus wrightii"
"930740181","Platanus wrightii",-110.8777,31.7078,2002,8,5,"US","Platanus wrightii"
"2270685590","Platanus wrightii",-112.202,34.1967,2002,10,9,"US","Platanus wrightii"
"2270590846","Platanus wrightii",-111.754,34.9964,2001,10,2,"US","Platanus wrightii"
"3091267172","Platanus wrightii",-111.753889,34.996389,2001,10,2,"US","Platanus wrightii"
"1703208660","Platanus wrightii",-110.334792,31.507719,2000,5,25,"US","Platanus wrightii"
"1846475390","Platanus wrightii",-111.1826,33.43408,2000,5,1,"US","Platanus wrightii"
"1929331328","Platanus wrightii",-108.796299,33.316699,2000,5,2,"US","Platanus wrightii"
"2422350765","Platanus wrightii",-109.155,31.905,2000,5,29,"US","Platanus wrightii"
"3091296994","Platanus wrightii",-111.73194,34.65306,2000,7,5,"US","Platanus wrightii"
"1846493401","Platanus wrightii",-110.783333,31.60583,2000,9,7,"US","Platanus wrightii"
"3053445458","Platanus wrightii",-116.613900449042,33.8401835156973,2000,11,4,"US","Platanus wrightii"
"1820373281","Platanus wrightii",-110.766667,31.516667,1999,4,15,"US","Platanus wrightii"
"1929175174","Platanus wrightii",-111.82645,34.812017,1999,5,26,"US","Platanus wrightii"
"2270587643","Platanus wrightii",-111.963,33.8388,1999,5,16,"US","Platanus wrightii"
"2270588606","Platanus wrightii",-111.867,33.9667,1999,5,7,"US","Platanus wrightii"
"2270623252","Platanus wrightii",-110.408,31.4889,1999,5,22,"US","Platanus wrightii"
"1930555149","Platanus wrightii",-111.4914,33.7989,1999,6,25,"US","Platanus wrightii"
"2270584951","Platanus wrightii",-111.665,33.6333,1999,6,25,"US","Platanus wrightii"
"3091267156","Platanus wrightii",-111.4915,33.798833,1999,6,25,"US","Platanus wrightii"
"2270587026","Platanus wrightii",-111.963,33.8388,1999,7,24,"US","Platanus wrightii"
"1928616224","Platanus wrightii",-111.492011,33.795944,1999,8,7,"US","Platanus wrightii"
"2270585263","Platanus wrightii",-111.871,33.9769,1999,9,19,"US","Platanus wrightii"
"2270585389","Platanus wrightii",-109.951,33.0381,1999,9,5,"US","Platanus wrightii"
"2270621400","Platanus wrightii",-111.665,33.6333,1999,10,3,"US","Platanus wrightii"
"1929417538","Platanus wrightii",-109.2236,31.8992,1998,5,22,"US","Platanus wrightii"
"2270584113","Platanus wrightii",-109.863,33.1786,1998,6,19,"US","Platanus wrightii"
"3759196851","Platanus wrightii",-111.837791,34.611452,1998,7,15,"US","Platanus wrightii"
"2573165814","Platanus wrightii",-111.75,35.033333,1998,8,26,"US","Platanus wrightii"
"1258500782","Platanus wrightii",-109.95722,31.94416,1998,9,10,"US","Platanus wrightii"
"1843818409","Platanus wrightii",-108.820609,33.425707,1997,5,29,"US","Platanus wrightii"
"2270622139","Platanus wrightii",-110.805,31.6675,1997,10,25,"US","Platanus wrightii"
"2270622471","Platanus wrightii",-110.791,31.715,1997,10,25,"US","Platanus wrightii"
"2270623591","Platanus wrightii",-110.875,31.7158,1997,10,24,"US","Platanus wrightii"
"3059090588","Platanus wrightii",-111.834985,34.611576,1996,5,10,"US","Platanus wrightii"
"1842928732","Platanus wrightii",-108.822166,33.46881,1994,7,6,"US","Platanus wrightii"
"3091286036","Platanus wrightii",-111.892699,34.767865,1994,10,8,"US","Platanus wrightii"
"3091286035","Platanus wrightii",-111.701,34.7072,1993,4,18,"US","Platanus wrightii"
"2270622396","Platanus wrightii",-111.971,35.0056,1992,10,9,"US","Platanus wrightii"
"2270620710","Platanus wrightii",-111.885,34.7845,1991,4,13,"US","Platanus wrightii"
"2270621383","Platanus wrightii",-111.206,31.3959,1991,5,26,"US","Platanus wrightii"
"2270622966","Platanus wrightii",-110.249,31.3581,1991,5,15,"US","Platanus wrightii"
"2422300489","Platanus wrightii",-110.80361,31.50694,1991,7,31,"US","Platanus wrightii"
"2270621810","Platanus wrightii",-111.174,33.4298,1991,9,14,"US","Platanus wrightii"
"2270624137","Platanus wrightii",-110.922,33.7612,1991,9,22,"US","Platanus wrightii"
"3122397074","Platanus wrightii",-110.914279,33.762332,1991,9,22,"US","Platanus wrightii"
"2270623253","Platanus wrightii",-111.087,33.4443,1991,10,20,"US","Platanus wrightii"
"1846537194","Platanus wrightii",-109.463285,31.757639,1991,12,16,"US","Platanus wrightii"
"2270622728","Platanus wrightii",-110.265,31.3439,1990,7,15,"US","Platanus wrightii"
"2270561656","Platanus wrightii",-111.44,33.72,1989,4,10,"US","Platanus wrightii"
"3091231121","Platanus wrightii",-111.772,34.517667,1989,4,10,"US","Platanus wrightii"
"2422299686","Platanus wrightii",-109.45,31.75,1988,5,3,"US","Platanus wrightii"
"1846537149","Platanus wrightii",-110.698,31.4871,1987,9,6,"US","Platanus wrightii"
"1846537215","Platanus wrightii",-110.699242,31.492934,1987,9,6,"US","Platanus wrightii"
"1931091405","Platanus wrightii",-111.1898,31.4285,1987,9,6,"US","Platanus wrightii"
"3122396702","Platanus wrightii",-110.698684,31.494544,1987,9,6,"US","Platanus wrightii"
"1846537158","Platanus wrightii",-109.044382,31.629163,1986,4,12,"US","Platanus wrightii"
"1930282748","Platanus wrightii",-109.0485,31.5942,1986,4,12,"US","Platanus wrightii"
"3413515561","Platanus wrightii",-109.044868,31.592827,1986,4,12,"US","Platanus wrightii"
"3413522829","Platanus wrightii",-109.001113,31.466362,1986,4,20,"US","Platanus wrightii"
"1930626704","Platanus wrightii",-109.365351,33.826602,1986,8,15,"US","Platanus wrightii"
"1804606640","Platanus wrightii",-109.083,31.3333,1985,5,22,"US","Platanus wrightii"
"1842928684","Platanus wrightii",-109.028388,31.590326,1985,8,1,"US","Platanus wrightii"
"2270623856","Platanus wrightii",-110.821,33.2822,1985,9,16,"US","Platanus wrightii"
"3091241732","Platanus wrightii",-111.7697,35.0032,1984,3,17,"US","Platanus wrightii"
"2270621723","Platanus wrightii",-110.817,33.259,1984,4,12,"US","Platanus wrightii"
"2270623305","Platanus wrightii",-110.525,31.6597,1984,5,25,"US","Platanus wrightii"
"3091241771","Platanus wrightii",-111.7147,34.3776,1984,6,4,"US","Platanus wrightii"
"2270622369","Platanus wrightii",-109.843,32.6408,1984,8,22,"US","Platanus wrightii"
"3091241770","Platanus wrightii",-111.75167,34.64917,1983,4,11,"US","Platanus wrightii"
"2270620716","Platanus wrightii",-110.901,33.386,1982,6,11,"US","Platanus wrightii"
"3320767001","Platanus wrightii",-109.166694,31.890917,1982,6,18,"US","Platanus wrightii"
"3091241767","Platanus wrightii",-111.854796,34.573871,1981,4,16,"US","Platanus wrightii"
"3091241785","Platanus wrightii",-111.827725,34.621587,1981,4,14,"US","Platanus wrightii"
"2270621584","Platanus wrightii",-110.936,33.4294,1981,6,10,"US","Platanus wrightii"
"2422285184","Platanus wrightii",-109.08694,31.33361,1981,7,5,"US","Platanus wrightii"
"3122397914","Platanus wrightii",-109.067041,31.343467,1981,7,5,"US","Platanus wrightii"
"1846537123","Platanus wrightii",-111.025865,33.3342,1980,4,16,"US","Platanus wrightii"
"2270622381","Platanus wrightii",-113.286,34.3975,1980,5,5,"US","Platanus wrightii"
"3091241754","Platanus wrightii",-111.665044,34.285893,1980,9,14,"US","Platanus wrightii"
"3091258273","Platanus wrightii",-111.7036,34.6801,1980,10,2,"US","Platanus wrightii"
"3091241782","Platanus wrightii",-111.9124,34.739,1979,5,5,"US","Platanus wrightii"
"3091241756","Platanus wrightii",-111.305274,34.261248,1979,7,23,"US","Platanus wrightii"
"3091258279","Platanus wrightii",-111.7338,34.8985,1979,7,28,"US","Platanus wrightii"
"3122396439","Platanus wrightii",-110.703984,32.326847,1979,9,22,"US","Platanus wrightii"
"2270624222","Platanus wrightii",-109.895,32.895,1978,3,25,"US","Platanus wrightii"
"2270621632","Platanus wrightii",-110.724,31.5958,1978,4,24,"US","Platanus wrightii"
"2270622302","Platanus wrightii",-110.795,32.3302,1978,4,24,"US","Platanus wrightii"
"3091241784","Platanus wrightii",-111.763,34.778,1978,10,28,"US","Platanus wrightii"
"3091241759","Platanus wrightii",-111.7697,35.0032,1978,11,1,"US","Platanus wrightii"
"3091241772","Platanus wrightii",-111.76028,34.86972,1978,11,4,"US","Platanus wrightii"
"3091241778","Platanus wrightii",-112.053555,34.912853,1978,11,4,"US","Platanus wrightii"
"2270623590","Platanus wrightii",-110.135,33.1667,1977,4,21,"US","Platanus wrightii"
"2270589728","Platanus wrightii",-109.531,32.9549,1977,5,27,"US","Platanus wrightii"
"2270621605","Platanus wrightii",-109.531,32.9549,1977,5,27,"US","Platanus wrightii"
"2270620809","Platanus wrightii",-109.475,33.1709,1977,6,30,"US","Platanus wrightii"
"2270621429","Platanus wrightii",-109.475,33.1709,1977,6,30,"US","Platanus wrightii"
"3122396397","Platanus wrightii",-109.173951,31.930085,1977,6,9,"US","Platanus wrightii"
"3122397567","Platanus wrightii",-109.173951,31.930085,1977,6,9,"US","Platanus wrightii"
"1843876905","Platanus wrightii",-108.883014,33.31687,1977,7,1,"US","Platanus wrightii"
"2430441215","Platanus wrightii",-111.187986,31.432401,1977,9,5,"US","Platanus wrightii"
"3091241764","Platanus wrightii",-112.08333,32.13333,1976,3,30,"US","Platanus wrightii"
"2270621365","Platanus wrightii",-109.28,31.8434,1976,7,19,"US","Platanus wrightii"
"1843876624","Platanus wrightii",-108.773508,31.602672,1975,5,20,"US","Platanus wrightii"
"2270621145","Platanus wrightii",-110.842,33.1935,1974,4,20,"US","Platanus wrightii"
"3413524117","Platanus wrightii",-109.014417,31.395052,1974,4,28,"US","Platanus wrightii"
"1929110961","Platanus wrightii",-108.32531,31.35067,1974,9,1,"US","Platanus wrightii"
"2270621835","Platanus wrightii",-109.39,32.0044,1974,9,8,"US","Platanus wrightii"
"3091241760","Platanus wrightii",-111.739268,35.012086,1974,10,21,"US","Platanus wrightii"
"2270623720","Platanus wrightii",-110.77,32.3772,1973,4,27,"US","Platanus wrightii"
"2351013412","Platanus wrightii",-110.69012,32.337149,1973,6,14,"US","Platanus wrightii"
"1929735819","Platanus wrightii",-109.14145,31.913703,1973,10,19,"US","Platanus wrightii"
"1846537240","Platanus wrightii",-111.32639,33.67722,1971,4,17,"US","Platanus wrightii"
"3091241769","Platanus wrightii",-111.76444,34.51528,1971,7,30,"US","Platanus wrightii"
"2422355217","Platanus wrightii",-108.87917,33.32222,1971,11,4,"US","Platanus wrightii"
"1846537250","Platanus wrightii",-111.482218,33.893402,1970,4,9,"US","Platanus wrightii"
"1846537255","Platanus wrightii",-111.493719,33.788305,1970,4,2,"US","Platanus wrightii"
"2270622699","Platanus wrightii",-111.666,33.6317,1970,4,2,"US","Platanus wrightii"
"2270623000","Platanus wrightii",-111.467,33.8932,1970,4,9,"US","Platanus wrightii"
"1846537218","Platanus wrightii",-110.7379,32.28323,1969,6,10,"US","Platanus wrightii"
"3091241773","Platanus wrightii",-111.726886,34.912377,1969,9,27,"US","Platanus wrightii"
"2270621704","Platanus wrightii",-112.054,34.9494,1969,10,11,"US","Platanus wrightii"
"1843876782","Platanus wrightii",-106.63014,35.086311,1968,1,12,"US","Platanus wrightii"
"2270623010","Platanus wrightii",-110.81,32.32,1968,3,2,"US","Platanus wrightii"
"2270622180","Platanus wrightii",-111.467,33.9077,1968,5,4,"US","Platanus wrightii"
"2270239197","Platanus wrightii",-110.76603,33.33297,1968,8,24,"US","Platanus wrightii"
"2270694393","Platanus wrightii",-110.786,33.3419,1968,8,24,"US","Platanus wrightii"
"2270621852","Platanus wrightii",-110.821,33.2822,1968,9,14,"US","Platanus wrightii"
"2270620945","Platanus wrightii",-110.354,32.9572,1968,10,19,"US","Platanus wrightii"
"2270621686","Platanus wrightii",-110.756,31.5394,1968,10,12,"US","Platanus wrightii"
"2270622351","Platanus wrightii",-111.028,33.2939,1967,2,4,"US","Platanus wrightii"
"2270622839","Platanus wrightii",-111.205,33.5975,1967,4,8,"US","Platanus wrightii"
"2270623718","Platanus wrightii",-111.479,33.9215,1967,5,6,"US","Platanus wrightii"
"2270621265","Platanus wrightii",-110.756,31.5685,1967,6,8,"US","Platanus wrightii"
"3091241780","Platanus wrightii",-111.721,34.6801,1967,6,7,"US","Platanus wrightii"
"1930679401","Platanus wrightii",-110.738433,32.534661,1967,7,7,"US","Platanus wrightii"
"2270622905","Platanus wrightii",-111.343,34.3086,1967,9,23,"US","Platanus wrightii"
"1987007104","Platanus wrightii",-110.77333,31.36528,1967,10,6,"US","Platanus wrightii"
"2270620406","Platanus wrightii",-111.202,31.406,1967,10,6,"US","Platanus wrightii"
"1846537202","Platanus wrightii",-111.417,33.8333,1966,4,13,"US","Platanus wrightii"
"2270622400","Platanus wrightii",-111.467,33.8642,1966,4,30,"US","Platanus wrightii"
"2270622879","Platanus wrightii",-111.417,33.8333,1966,4,13,"US","Platanus wrightii"
"2270621411","Platanus wrightii",-109.82,32.65,1966,6,18,"US","Platanus wrightii"
"2270622008","Platanus wrightii",-111.762,34.8624,1966,7,4,"US","Platanus wrightii"
"2270622648","Platanus wrightii",-110.705,32.4303,1966,7,18,"US","Platanus wrightii"
"2422285568","Platanus wrightii",-109.20833,31.88472,1966,9,13,"US","Platanus wrightii"
"2422285629","Platanus wrightii",-110.34583,31.375,1966,9,18,"US","Platanus wrightii"
"2270620960","Platanus wrightii",-109.168589,31.890401,1965,8,29,"US","Platanus wrightii"
"2270621691","Platanus wrightii",-111.343,33.5328,1964,4,11,"US","Platanus wrightii"
"2270624386","Platanus wrightii",-111.343,33.5908,1964,4,11,"US","Platanus wrightii"
"1843876767","Platanus wrightii",-109.025,31.372,1964,6,30,"US","Platanus wrightii"
"2422283603","Platanus wrightii",-109.18333,31.88333,1964,7,19,"US","Platanus wrightii"
"2270621506","Platanus wrightii",-109.141,31.9571,1964,8,26,"US","Platanus wrightii"
"177006032","Platanus wrightii",-110.786511,32.337595,1963,4,27,"US","Platanus wrightii"
"3053427923","Platanus wrightii",-110.7929,31.7998,1963,9,19,"US","Platanus wrightii"
"3091277488","Platanus wrightii",-109.373225,32.004439,1963,9,1,"US","Platanus wrightii"
"2270620148","Platanus wrightii",-111.467,33.9237,1962,4,14,"US","Platanus wrightii"
"3091241734","Platanus wrightii",-111.76028,34.86972,1962,5,17,"US","Platanus wrightii"
"3091241736","Platanus wrightii",-111.442441,35.05,1962,5,12,"US","Platanus wrightii"
"3091265465","Platanus wrightii",-111.76028,34.86972,1962,5,15,"US","Platanus wrightii"
"1843876657","Platanus wrightii",-109.022642,31.368467,1961,4,3,"US","Platanus wrightii"
"2270622719","Platanus wrightii",-111.822,33.4222,1961,4,3,"US","Platanus wrightii"
"3091241757","Platanus wrightii",-111.82194,33.42222,1961,4,3,"US","Platanus wrightii"
"1843876799","Platanus wrightii",-108.883119,33.316729,1961,6,12,"US","Platanus wrightii"
"1843877536","Platanus wrightii",-108.883119,33.316729,1960,7,23,"US","Platanus wrightii"
"1843876648","Platanus wrightii",-108.76794,31.584214,1960,10,28,"US","Platanus wrightii"
"1843877034","Platanus wrightii",-108.783526,31.565533,1960,10,29,"US","Platanus wrightii"
"3053343367","Platanus wrightii",-109.1525,31.9003,1959,7,18,"US","Platanus wrightii"
"1843876771","Platanus wrightii",-108.862819,33.317394,1958,8,20,"US","Platanus wrightii"
"1843876698","Platanus wrightii",-108.768577,31.586503,1958,10,24,"US","Platanus wrightii"
"1843876363","Platanus wrightii",-108.737229,31.396368,1957,5,11,"US","Platanus wrightii"
"1843876582","Platanus wrightii",-108.737229,31.396368,1957,5,11,"US","Platanus wrightii"
"1843876674","Platanus wrightii",-108.737229,31.396368,1957,5,11,"US","Platanus wrightii"
"1843876690","Platanus wrightii",-108.657056,31.39811,1955,5,13,"US","Platanus wrightii"
"1843876658","Platanus wrightii",-108.577569,32.964657,1955,6,19,"US","Platanus wrightii"
"1846537181","Platanus wrightii",-111.26,33.718889,1954,9,13,"US","Platanus wrightii"
"3091267153","Platanus wrightii",-111.761,34.649,1953,6,1,"US","Platanus wrightii"
"3091267160","Platanus wrightii",-111.761,34.649,1953,6,1,"US","Platanus wrightii"
"3091241758","Platanus wrightii",-111.442441,35.05,1951,4,28,"US","Platanus wrightii"
"3091241768","Platanus wrightii",-111.442441,35.05,1951,4,28,"US","Platanus wrightii"
"1846537164","Platanus wrightii",-111.412337,33.834111,1951,6,2,"US","Platanus wrightii"
"1846537253","Platanus wrightii",-111.736,34.9928,1947,7,1,"US","Platanus wrightii"
"3091241735","Platanus wrightii",-111.442441,35.05,1946,6,2,"US","Platanus wrightii"
"3091241738","Platanus wrightii",-111.726886,34.912377,1945,9,23,"US","Platanus wrightii"
"2270623369","Platanus wrightii",-111.778649,34.841815,1941,6,15,"US","Platanus wrightii"
"3091241766","Platanus wrightii",-111.726886,34.912377,1941,7,23,"US","Platanus wrightii"
"1930122588","Platanus wrightii",-109.375688,32.012161,1940,7,8,"US","Platanus wrightii"
"1927860295","Platanus wrightii",-110.634848,32.221408,1940,8,14,"US","Platanus wrightii"
"1846493400","Platanus wrightii",-110.750083,31.763972,1940,11,6,"US","Platanus wrightii"
"1846537211","Platanus wrightii",-110.750083,31.763972,1940,11,6,"US","Platanus wrightii"
"1843877207","Platanus wrightii",-108.34,31.45,1937,5,7,"US","Platanus wrightii"
"1928834828","Platanus wrightii",-107.26588,35.464754,1937,5,2,"US","Platanus wrightii"
"1930655223","Platanus wrightii",-107.26588,35.464754,1937,5,2,"US","Platanus wrightii"
"1930372717","Platanus wrightii",-109.373488,33.111458,1936,6,4,"US","Platanus wrightii"
"1928656527","Platanus wrightii",-108.50449,32.970457,1935,5,23,"US","Platanus wrightii"
"1987007117","Platanus wrightii",-108.504406,32.971228,1935,5,23,"US","Platanus wrightii"
"3091241775","Platanus wrightii",-111.726886,34.912377,1927,7,30,"US","Platanus wrightii"
"3091231104","Platanus wrightii",-111.846833,34.598333,1922,9,20,"US","Platanus wrightii"
"1928869336","Platanus wrightii",-109.382285,31.929812,1906,10,NA,"US","Platanus wrightii"
"1931088854","Platanus wrightii",-109.382285,31.929812,1906,10,16,"US","Platanus wrightii"
"1843876622","Platanus wrightii",-107.766435,33.051835,1904,7,13,"US","Platanus wrightii"
"1930077110","Platanus wrightii",-107.566663,33.038255,1904,7,13,"US","Platanus wrightii"
"2430340216","Platanus wrightii",-110.792347,32.331309,1903,8,19,"US","Platanus wrightii"
"2430469953","Platanus wrightii",-110.792347,32.331309,1903,8,19,"US","Platanus wrightii"
"2430343725","Platanus wrightii",-110.352431,31.47149,1903,9,2,"US","Platanus wrightii"
"2270621794","Platanus wrightii",-110.88,32.27,1901,11,2,"US","Platanus wrightii"
"1930508456","Platanus wrightii",-110.926479,32.221743,1893,4,17,"US","Platanus wrightii"
"1930468950","Platanus wrightii",-109.7513,31.879562,1892,8,NA,"US","Platanus wrightii"
"1931306392","Platanus wrightii",-109.7513,31.879562,1890,4,26,"US","Platanus wrightii"
"2430381986","Platanus wrightii",-109.487009,32.326465,1884,9,20,"US","Platanus wrightii"
"1928404026","Platanus wrightii",-110.960329,32.28858,1881,4,16,"US","Platanus wrightii"
"1928691839","Platanus wrightii",-108.649159,33.309165,1881,7,NA,"US","Platanus wrightii"
"1929235713","Platanus wrightii",-108.649159,33.309165,1881,7,NA,"US","Platanus wrightii"
"1930510077","Platanus wrightii",-108.649159,33.309165,1881,7,NA,"US","Platanus wrightii"
"1228337652","Platanus wrightii",-98,38,NA,NA,NA,"US","Platanus wrightii"
"1987006781","Platanus wrightii",-109.390339,32.004435,NA,NA,NA,"US","Platanus wrightii"
"1987006946","Platanus wrightii",-111.8247,34.6658,NA,NA,NA,"US","Platanus wrightii"
"2270620915","Platanus wrightii",-109.793,32.6935,NA,NA,NA,"US","Platanus wrightii"
"2610099275","Platanus wrightii",-110.879895,31.722413,NA,NA,NA,"US","Platanus wrightii"
