"gbifID","species","longitude","latitude","year","month","day","countryCode","accepted_name"
"3355501499","Prunus armeniaca",-119.58896,49.609409,2021,5,4,"CA","Prunus armeniaca"
"3398751914","Prunus armeniaca",-119.286667,50.200456,2021,5,28,"CA","Prunus armeniaca"
"3759532720","Prunus armeniaca",-119.286865,50.200344,2021,5,28,"CA","Prunus armeniaca"
"3384666759","Prunus armeniaca",-119.2015,50.239109,2021,6,24,"CA","Prunus armeniaca"
"3320968592","Prunus armeniaca",-119.579353,49.453026,2021,7,1,"CA","Prunus armeniaca"
"3327902565","Prunus armeniaca",-79.687308,44.367705,2021,7,15,"CA","Prunus armeniaca"
"3384067253","Prunus armeniaca",-120.330846,50.664534,2021,7,6,"CA","Prunus armeniaca"
"2988546521","Prunus armeniaca",-120.133806,49.369481,2020,6,3,"CA","Prunus armeniaca"
"1988160239","Prunus armeniaca",-119.651,49.6,2015,5,21,"CA","Prunus armeniaca"
"1988184345","Prunus armeniaca",-119.65,49.579,2012,8,8,"CA","Prunus armeniaca"
"1988100328","Prunus armeniaca",-121.39,50.35,2008,5,16,"CA","Prunus armeniaca"
"1988197385","Prunus armeniaca",-121.39,50.35,2008,5,16,"CA","Prunus armeniaca"
"1988065777","Prunus armeniaca",-121.949,50.675,2008,6,5,"CA","Prunus armeniaca"
"1988183595","Prunus armeniaca",-121.65,50.32,2008,6,6,"CA","Prunus armeniaca"
"2561515934","Prunus armeniaca",-123.25081,49.25408,NA,NA,NA,"CA","Prunus armeniaca"
"2561519095","Prunus armeniaca",-123.25081,49.25408,NA,NA,NA,"CA","Prunus armeniaca"
"2561520227","Prunus armeniaca",-123.25081,49.25408,NA,NA,NA,"CA","Prunus armeniaca"
"3773163424","Prunus armeniaca",-98.987654,19.334867,2022,5,1,"MX","Prunus armeniaca"
"3355350499","Prunus armeniaca",-99.690177,19.408543,2021,9,9,"MX","Prunus armeniaca"
"2626582131","Prunus armeniaca",-99.17246,19.663311,2020,5,15,"MX","Prunus armeniaca"
"3079560309","Prunus armeniaca",-100.076717,20.388482,2015,5,24,"MX","Prunus armeniaca"
"1894242113","Prunus armeniaca",-98.462222,19.273611,2014,8,19,"MX","Prunus armeniaca"
"1894242132","Prunus armeniaca",-98.429722,19.088056,2014,8,19,"MX","Prunus armeniaca"
"1894242133","Prunus armeniaca",-98.711111,18.898333,2014,8,19,"MX","Prunus armeniaca"
"1894242136","Prunus armeniaca",-97.368333,19.840556,2014,8,19,"MX","Prunus armeniaca"
"1894242150","Prunus armeniaca",-98.325555,19.018889,2014,8,19,"MX","Prunus armeniaca"
"1894242151","Prunus armeniaca",-98.786667,18.885278,2014,8,19,"MX","Prunus armeniaca"
"1894242158","Prunus armeniaca",-97.368333,19.840556,2014,8,19,"MX","Prunus armeniaca"
"1894242160","Prunus armeniaca",-98.786667,18.885278,2014,8,19,"MX","Prunus armeniaca"
"1894242161","Prunus armeniaca",-98.325555,19.018889,2014,8,19,"MX","Prunus armeniaca"
"1894242170","Prunus armeniaca",-98.402778,19.135,2014,8,19,"MX","Prunus armeniaca"
"1894242174","Prunus armeniaca",-97.108055,17.814722,2014,8,19,"MX","Prunus armeniaca"
"1894242178","Prunus armeniaca",-98.402778,19.135,2014,8,19,"MX","Prunus armeniaca"
"1894242179","Prunus armeniaca",-98.462222,19.273611,2014,8,19,"MX","Prunus armeniaca"
"1894242182","Prunus armeniaca",-98.711111,18.898333,2014,8,19,"MX","Prunus armeniaca"
"1894242205","Prunus armeniaca",-98.429722,19.088056,2014,8,19,"MX","Prunus armeniaca"
"1894242242","Prunus armeniaca",-97.108055,17.814722,2014,8,19,"MX","Prunus armeniaca"
"1893387871","Prunus armeniaca",-107.619444,27.116944,1999,3,21,"MX","Prunus armeniaca"
"1419193467","Prunus armeniaca",-98.889444,19.492222,1991,6,25,"MX","Prunus armeniaca"
"1893636226","Prunus armeniaca",-99.1,20.162222,1990,4,14,"MX","Prunus armeniaca"
"3308361160","Prunus armeniaca",-99.11861,20.167,1990,4,14,"MX","Prunus armeniaca"
"1423116617","Prunus armeniaca",-99.075,19.075,1989,8,NA,"MX","Prunus armeniaca"
"1894895781","Prunus armeniaca",-97.258333,19.625,1988,1,20,"MX","Prunus armeniaca"
"1895962775","Prunus armeniaca",-97.866667,18.942222,1988,3,2,"MX","Prunus armeniaca"
"1895962803","Prunus armeniaca",-98.033333,18.883333,1987,4,20,"MX","Prunus armeniaca"
"3323503934","Prunus armeniaca",-92.716667,16.758333,1966,3,8,"MX","Prunus armeniaca"
"1304888590","Prunus armeniaca",-101.937744,27.197845,NA,NA,NA,"MX","Prunus armeniaca"
"3772723923","Prunus armeniaca",-121.721817,38.540395,2022,4,29,"US","Prunus armeniaca"
"3097018531","Prunus armeniaca",-112.115424,34.750733,2021,4,7,"US","Prunus armeniaca"
"3307396597","Prunus armeniaca",-111.895338,40.777203,2021,6,10,"US","Prunus armeniaca"
"3383941778","Prunus armeniaca",-105.978094,35.634455,2021,6,25,"US","Prunus armeniaca"
"3384623757","Prunus armeniaca",-79.970535,37.275192,2021,6,24,"US","Prunus armeniaca"
"3391547426","Prunus armeniaca",-111.657921,40.313221,2021,6,22,"US","Prunus armeniaca"
"3455798245","Prunus armeniaca",-77.110728,38.866593,2021,6,13,"US","Prunus armeniaca"
"3743309380","Prunus armeniaca",-112.115804,34.749745,2021,6,26,"US","Prunus armeniaca"
"3328130535","Prunus armeniaca",-105.952017,35.6887,2021,7,14,"US","Prunus armeniaca"
"3333178433","Prunus armeniaca",-117.436182,47.686618,2021,7,28,"US","Prunus armeniaca"
"3337665857","Prunus armeniaca",-119.573914,48.987225,2021,7,18,"US","Prunus armeniaca"
"3337693791","Prunus armeniaca",-119.573917,48.987237,2021,7,26,"US","Prunus armeniaca"
"3335321046","Prunus armeniaca",-111.859829,38.956082,2021,8,1,"US","Prunus armeniaca"
"3335413039","Prunus armeniaca",-105.923622,35.679978,2021,8,1,"US","Prunus armeniaca"
"3343810131","Prunus armeniaca",-106.623947,35.0808,2021,8,25,"US","Prunus armeniaca"
"3385005267","Prunus armeniaca",-111.632569,40.270101,2021,10,1,"US","Prunus armeniaca"
"3398778250","Prunus armeniaca",-111.811584,41.738247,2021,10,26,"US","Prunus armeniaca"
"3456893460","Prunus armeniaca",-107.872723,37.274589,2021,10,7,"US","Prunus armeniaca"
"3456297528","Prunus armeniaca",-119.257392,34.280518,2021,12,9,"US","Prunus armeniaca"
"2647185338","Prunus armeniaca",-121.520497,38.667185,2020,2,20,"US","Prunus armeniaca"
"2647211912","Prunus armeniaca",-121.520818,38.667182,2020,3,19,"US","Prunus armeniaca"
"2649887714","Prunus armeniaca",-116.903963,32.771766,2020,3,21,"US","Prunus armeniaca"
"3090583741","Prunus armeniaca",-120.955825,45.6492,2020,3,19,"US","Prunus armeniaca"
"2597697563","Prunus armeniaca",-116.992212,32.763378,2020,4,6,"US","Prunus armeniaca"
"2610984559","Prunus armeniaca",-71.664017,42.127389,2020,4,16,"US","Prunus armeniaca"
"2611414634","Prunus armeniaca",-106.551701,35.159204,2020,4,25,"US","Prunus armeniaca"
"2974296654","Prunus armeniaca",-121.448978,39.294747,2020,4,20,"US","Prunus armeniaca"
"2974709706","Prunus armeniaca",-121.288726,38.674741,2020,4,10,"US","Prunus armeniaca"
"2974743793","Prunus armeniaca",-121.288726,38.674741,2020,4,10,"US","Prunus armeniaca"
"2974796590","Prunus armeniaca",-118.94147,34.163762,2020,4,25,"US","Prunus armeniaca"
"2974813864","Prunus armeniaca",-122.550394,38.019242,2020,4,23,"US","Prunus armeniaca"
"2974905069","Prunus armeniaca",-117.775139,33.714002,2020,4,19,"US","Prunus armeniaca"
"2974910854","Prunus armeniaca",-116.699735,33.586524,2020,4,23,"US","Prunus armeniaca"
"2974960049","Prunus armeniaca",-121.880189,37.294524,2020,4,26,"US","Prunus armeniaca"
"2975234352","Prunus armeniaca",-118.549586,34.407538,2020,4,27,"US","Prunus armeniaca"
"2976532689","Prunus armeniaca",-118.476763,34.441443,2020,4,13,"US","Prunus armeniaca"
"2976572143","Prunus armeniaca",-117.730477,33.697572,2020,4,27,"US","Prunus armeniaca"
"2976631094","Prunus armeniaca",-121.533252,38.679871,2020,4,12,"US","Prunus armeniaca"
"2976687892","Prunus armeniaca",-121.405412,39.27637,2020,4,19,"US","Prunus armeniaca"
"2976775402","Prunus armeniaca",-121.153523,38.651745,2020,4,13,"US","Prunus armeniaca"
"2976919575","Prunus armeniaca",-117.668036,34.093996,2020,4,8,"US","Prunus armeniaca"
"2977342149","Prunus armeniaca",-122.729537,38.440645,2020,4,20,"US","Prunus armeniaca"
"2974340425","Prunus armeniaca",-121.477356,38.955484,2020,5,21,"US","Prunus armeniaca"
"2974355731","Prunus armeniaca",-121.780637,38.547091,2020,5,30,"US","Prunus armeniaca"
"2975033250","Prunus armeniaca",-120.474394,37.303668,2020,5,21,"US","Prunus armeniaca"
"2975048091","Prunus armeniaca",-90.440988,38.223388,2020,5,14,"US","Prunus armeniaca"
"2975048755","Prunus armeniaca",-121.943186,37.742034,2020,5,13,"US","Prunus armeniaca"
"2975068475","Prunus armeniaca",-118.236794,34.685395,2020,5,22,"US","Prunus armeniaca"
"2975076232","Prunus armeniaca",-121.933764,36.991934,2020,5,7,"US","Prunus armeniaca"
"2975116486","Prunus armeniaca",-118.121213,34.165254,2020,5,11,"US","Prunus armeniaca"
"2975127151","Prunus armeniaca",-121.997806,37.320275,2020,5,21,"US","Prunus armeniaca"
"2975140651","Prunus armeniaca",-94.102013,39.355414,2020,5,23,"US","Prunus armeniaca"
"2975155974","Prunus armeniaca",-117.397077,33.975711,2020,5,13,"US","Prunus armeniaca"
"2975157358","Prunus armeniaca",-118.236794,34.685395,2020,5,22,"US","Prunus armeniaca"
"2975183908","Prunus armeniaca",-121.989561,37.364231,2020,5,27,"US","Prunus armeniaca"
"2975193424","Prunus armeniaca",-118.236794,34.685395,2020,5,22,"US","Prunus armeniaca"
"2975195290","Prunus armeniaca",-121.355779,38.656616,2020,5,7,"US","Prunus armeniaca"
"2975217913","Prunus armeniaca",-122.691667,38.481529,2020,5,20,"US","Prunus armeniaca"
"2975233797","Prunus armeniaca",-117.38964,33.698272,2020,5,24,"US","Prunus armeniaca"
"2975243972","Prunus armeniaca",-104.747229,38.916371,2020,5,27,"US","Prunus armeniaca"
"2975253499","Prunus armeniaca",-118.362572,34.030837,2020,5,18,"US","Prunus armeniaca"
"2975263236","Prunus armeniaca",-118.366724,37.526324,2020,5,18,"US","Prunus armeniaca"
"2975290688","Prunus armeniaca",-105.623561,36.400892,2020,5,20,"US","Prunus armeniaca"
"2975297116","Prunus armeniaca",-118.236794,34.685395,2020,5,21,"US","Prunus armeniaca"
"2975318656","Prunus armeniaca",-120.182345,47.891946,2020,5,16,"US","Prunus armeniaca"
"2975323208","Prunus armeniaca",-121.27162,38.79633,2020,5,24,"US","Prunus armeniaca"
"2975346097","Prunus armeniaca",-121.271629,38.796529,2020,5,24,"US","Prunus armeniaca"
"2975361588","Prunus armeniaca",-94.102013,39.355414,2020,5,23,"US","Prunus armeniaca"
"2975380196","Prunus armeniaca",-123.357334,43.338833,2020,5,17,"US","Prunus armeniaca"
"2975406008","Prunus armeniaca",-77.330581,38.661202,2020,5,6,"US","Prunus armeniaca"
"2975423799","Prunus armeniaca",-118.400675,34.431565,2020,5,17,"US","Prunus armeniaca"
"2975432550","Prunus armeniaca",-115.275378,42.962811,2020,5,22,"US","Prunus armeniaca"
"2975448808","Prunus armeniaca",-94.102013,39.355414,2020,5,23,"US","Prunus armeniaca"
"2975500304","Prunus armeniaca",-111.843017,40.73587,2020,5,25,"US","Prunus armeniaca"
"2975666726","Prunus armeniaca",-112.43078,42.844577,2020,5,30,"US","Prunus armeniaca"
"2976629195","Prunus armeniaca",-117.239362,33.927977,2020,5,15,"US","Prunus armeniaca"
"2976862926","Prunus armeniaca",-122.549813,41.675838,2020,5,23,"US","Prunus armeniaca"
"2976901365","Prunus armeniaca",-93.220043,38.820583,2020,5,10,"US","Prunus armeniaca"
"2976924911","Prunus armeniaca",-120.591103,46.737433,2020,5,21,"US","Prunus armeniaca"
"2976955817","Prunus armeniaca",-94.102013,39.355414,2020,5,23,"US","Prunus armeniaca"
"2976969992","Prunus armeniaca",-75.492787,40.54225,2020,5,17,"US","Prunus armeniaca"
"2976981168","Prunus armeniaca",-119.418372,48.959339,2020,5,24,"US","Prunus armeniaca"
"2977008599","Prunus armeniaca",-118.057305,36.599558,2020,5,10,"US","Prunus armeniaca"
"2977014184","Prunus armeniaca",-116.281875,43.552,2020,5,17,"US","Prunus armeniaca"
"2977117026","Prunus armeniaca",-122.100801,37.688469,2020,5,22,"US","Prunus armeniaca"
"2977121949","Prunus armeniaca",-122.193445,47.852788,2020,5,27,"US","Prunus armeniaca"
"2977126656","Prunus armeniaca",-118.121213,34.165254,2020,5,11,"US","Prunus armeniaca"
"2977127554","Prunus armeniaca",-118.193789,34.21991,2020,5,11,"US","Prunus armeniaca"
"2977164996","Prunus armeniaca",-111.844268,40.540748,2020,5,24,"US","Prunus armeniaca"
"2977200885","Prunus armeniaca",-119.272682,46.321175,2020,5,16,"US","Prunus armeniaca"
"2977227762","Prunus armeniaca",-116.251639,43.613216,2020,5,31,"US","Prunus armeniaca"
"2977266178","Prunus armeniaca",-121.933736,36.991965,2020,5,7,"US","Prunus armeniaca"
"2977274663","Prunus armeniaca",-121.858212,37.415112,2020,5,23,"US","Prunus armeniaca"
"2977297966","Prunus armeniaca",-116.280706,43.552189,2020,5,17,"US","Prunus armeniaca"
"2977297998","Prunus armeniaca",-118.366724,37.526324,2020,5,18,"US","Prunus armeniaca"
"2977311114","Prunus armeniaca",-121.989561,37.364231,2020,5,27,"US","Prunus armeniaca"
"2977440181","Prunus armeniaca",-118.236794,34.685395,2020,5,21,"US","Prunus armeniaca"
"2977595471","Prunus armeniaca",-121.504779,37.748649,2020,5,9,"US","Prunus armeniaca"
"2977606724","Prunus armeniaca",-119.36145,46.317821,2020,5,26,"US","Prunus armeniaca"
"2977679928","Prunus armeniaca",-121.98644,37.275513,2020,5,24,"US","Prunus armeniaca"
"2974564024","Prunus armeniaca",-121.944605,37.352619,2020,6,11,"US","Prunus armeniaca"
"2975052331","Prunus armeniaca",-112.222818,42.087835,2020,6,14,"US","Prunus armeniaca"
"2975212694","Prunus armeniaca",-94.682542,37.4203,2020,6,15,"US","Prunus armeniaca"
"2975230651","Prunus armeniaca",-107.80985,38.318616,2020,6,11,"US","Prunus armeniaca"
"2975350329","Prunus armeniaca",-118.362698,34.030831,2020,6,23,"US","Prunus armeniaca"
"2975401470","Prunus armeniaca",-121.777774,36.934749,2020,6,5,"US","Prunus armeniaca"
"2975441864","Prunus armeniaca",-94.281355,39.083846,2020,6,2,"US","Prunus armeniaca"
"2975462881","Prunus armeniaca",-117.860891,34.145856,2020,6,17,"US","Prunus armeniaca"
"2975502942","Prunus armeniaca",-119.704548,36.74358,2020,6,13,"US","Prunus armeniaca"
"2975572929","Prunus armeniaca",-118.585242,34.39506,2020,6,16,"US","Prunus armeniaca"
"2975591571","Prunus armeniaca",-122.012362,37.538859,2020,6,14,"US","Prunus armeniaca"
"2975615251","Prunus armeniaca",-116.926385,44.073127,2020,6,22,"US","Prunus armeniaca"
"2975630940","Prunus armeniaca",-117.070075,33.083672,2020,6,17,"US","Prunus armeniaca"
"2975667674","Prunus armeniaca",-118.009844,33.720641,2020,6,30,"US","Prunus armeniaca"
"2975692304","Prunus armeniaca",-93.947034,42.002641,2020,6,23,"US","Prunus armeniaca"
"2975755806","Prunus armeniaca",-121.893411,37.752564,2020,6,15,"US","Prunus armeniaca"
"2975782213","Prunus armeniaca",-112.085599,46.667519,2020,6,28,"US","Prunus armeniaca"
"2975983968","Prunus armeniaca",-116.421634,43.603873,2020,6,7,"US","Prunus armeniaca"
"2975984548","Prunus armeniaca",-117.437694,34.084354,2020,6,24,"US","Prunus armeniaca"
"2976775069","Prunus armeniaca",-123.386033,42.400558,2020,6,13,"US","Prunus armeniaca"
"2976945009","Prunus armeniaca",-121.670691,39.27142,2020,6,7,"US","Prunus armeniaca"
"2976978913","Prunus armeniaca",-121.997996,37.557663,2020,6,21,"US","Prunus armeniaca"
"2977068321","Prunus armeniaca",-121.748518,47.450767,2020,6,23,"US","Prunus armeniaca"
"2977080831","Prunus armeniaca",-90.231879,38.621628,2020,6,11,"US","Prunus armeniaca"
"2977232162","Prunus armeniaca",-121.670691,39.27142,2020,6,8,"US","Prunus armeniaca"
"2977247755","Prunus armeniaca",-85.917137,42.403543,2020,6,20,"US","Prunus armeniaca"
"2977402904","Prunus armeniaca",-121.307596,38.457655,2020,6,11,"US","Prunus armeniaca"
"2977753973","Prunus armeniaca",-117.385931,33.981587,2020,6,12,"US","Prunus armeniaca"
"2977761045","Prunus armeniaca",-122.025885,37.03322,2020,6,22,"US","Prunus armeniaca"
"2977766462","Prunus armeniaca",-112.085599,46.667519,2020,6,28,"US","Prunus armeniaca"
"2977863444","Prunus armeniaca",-122.278456,37.875372,2020,6,23,"US","Prunus armeniaca"
"2977939322","Prunus armeniaca",-119.127201,35.413578,2020,6,14,"US","Prunus armeniaca"
"2883164427","Prunus armeniaca",-117.636196,33.682538,2020,7,6,"US","Prunus armeniaca"
"2974388558","Prunus armeniaca",-111.771726,40.430071,2020,7,12,"US","Prunus armeniaca"
"2974403682","Prunus armeniaca",-111.771733,40.430275,2020,7,12,"US","Prunus armeniaca"
"2975672642","Prunus armeniaca",-117.248434,47.638984,2020,7,13,"US","Prunus armeniaca"
"2975758201","Prunus armeniaca",-121.880889,37.372914,2020,7,21,"US","Prunus armeniaca"
"2975804731","Prunus armeniaca",-122.263694,37.998304,2020,7,13,"US","Prunus armeniaca"
"2975829763","Prunus armeniaca",-84.019135,44.868323,2020,7,15,"US","Prunus armeniaca"
"2975853475","Prunus armeniaca",-122.388486,37.585438,2020,7,13,"US","Prunus armeniaca"
"2975886038","Prunus armeniaca",-116.860285,44.328617,2020,7,6,"US","Prunus armeniaca"
"2975890405","Prunus armeniaca",-122.491494,37.972652,2020,7,18,"US","Prunus armeniaca"
"2975904724","Prunus armeniaca",-116.394006,34.105562,2020,7,14,"US","Prunus armeniaca"
"2975926901","Prunus armeniaca",-94.281399,39.083799,2020,7,28,"US","Prunus armeniaca"
"2976240326","Prunus armeniaca",-111.856072,40.878441,2020,7,21,"US","Prunus armeniaca"
"2977441470","Prunus armeniaca",-121.345398,38.654128,2020,7,23,"US","Prunus armeniaca"
"2977891425","Prunus armeniaca",-111.637477,40.105024,2020,7,12,"US","Prunus armeniaca"
"2977925304","Prunus armeniaca",-121.979329,38.418892,2020,7,21,"US","Prunus armeniaca"
"2977945912","Prunus armeniaca",-121.254381,36.313434,2020,7,15,"US","Prunus armeniaca"
"2977994211","Prunus armeniaca",-116.380943,43.585165,2020,7,31,"US","Prunus armeniaca"
"2978003993","Prunus armeniaca",-117.121848,32.929594,2020,7,11,"US","Prunus armeniaca"
"2975950413","Prunus armeniaca",-120.585399,38.417332,2020,8,8,"US","Prunus armeniaca"
"2976001883","Prunus armeniaca",-90.306033,38.61901,2020,8,10,"US","Prunus armeniaca"
"2976028846","Prunus armeniaca",-118.282971,34.086516,2020,8,9,"US","Prunus armeniaca"
"2976263007","Prunus armeniaca",-119.978022,36.014211,2020,8,3,"US","Prunus armeniaca"
"2977753148","Prunus armeniaca",-120.434933,34.906612,2020,8,24,"US","Prunus armeniaca"
"2977756504","Prunus armeniaca",-121.91941,37.505821,2020,8,9,"US","Prunus armeniaca"
"2977806677","Prunus armeniaca",-112.016833,43.495479,2020,8,13,"US","Prunus armeniaca"
"2977833032","Prunus armeniaca",-117.770367,34.145472,2020,8,18,"US","Prunus armeniaca"
"2977905564","Prunus armeniaca",-90.543635,38.794063,2020,8,29,"US","Prunus armeniaca"
"2977926935","Prunus armeniaca",-118.095667,34.165901,2020,8,23,"US","Prunus armeniaca"
"2977975517","Prunus armeniaca",-120.585588,38.417323,2020,8,8,"US","Prunus armeniaca"
"2978009428","Prunus armeniaca",-120.556005,35.163278,2020,8,26,"US","Prunus armeniaca"
"2978133935","Prunus armeniaca",-107.891255,37.270545,2020,8,3,"US","Prunus armeniaca"
"2978276725","Prunus armeniaca",-90.917252,38.903282,2020,8,17,"US","Prunus armeniaca"
"3455791803","Prunus armeniaca",-110.28567,31.408638,2020,8,18,"US","Prunus armeniaca"
"2976216970","Prunus armeniaca",-107.912316,36.810793,2020,9,7,"US","Prunus armeniaca"
"2976221502","Prunus armeniaca",-111.964774,40.575047,2020,9,19,"US","Prunus armeniaca"
"2976267595","Prunus armeniaca",-122.063381,37.318208,2020,9,17,"US","Prunus armeniaca"
"2976372023","Prunus armeniaca",-112.277391,43.20622,2020,9,21,"US","Prunus armeniaca"
"2976446069","Prunus armeniaca",-116.208543,43.876172,2020,9,19,"US","Prunus armeniaca"
"2976490956","Prunus armeniaca",-112.277455,43.206232,2020,9,8,"US","Prunus armeniaca"
"2978000096","Prunus armeniaca",-112.028475,41.504235,2020,9,1,"US","Prunus armeniaca"
"2978105383","Prunus armeniaca",-105.855259,37.483739,2020,9,16,"US","Prunus armeniaca"
"2978106369","Prunus armeniaca",-105.849227,35.519505,2020,9,22,"US","Prunus armeniaca"
"2976454009","Prunus armeniaca",-79.137114,37.505836,2020,10,7,"US","Prunus armeniaca"
"2976475789","Prunus armeniaca",-107.747437,37.163053,2020,10,30,"US","Prunus armeniaca"
"2977587704","Prunus armeniaca",-105.06341,39.796432,2020,10,15,"US","Prunus armeniaca"
"2978099717","Prunus armeniaca",-111.632995,40.269791,2020,10,25,"US","Prunus armeniaca"
"2978140937","Prunus armeniaca",-85.605723,42.8811,2020,10,14,"US","Prunus armeniaca"
"2978320054","Prunus armeniaca",-111.91124,40.673285,2020,10,15,"US","Prunus armeniaca"
"2648072295","Prunus armeniaca",-117.87753,34.074104,2019,3,11,"US","Prunus armeniaca"
"2644479268","Prunus armeniaca",-117.803729,34.021703,2019,4,8,"US","Prunus armeniaca"
"2644499296","Prunus armeniaca",-117.873679,33.653338,2019,4,16,"US","Prunus armeniaca"
"2644552630","Prunus armeniaca",-121.209069,38.682545,2019,4,20,"US","Prunus armeniaca"
"2644772734","Prunus armeniaca",-77.236891,38.71566,2019,4,20,"US","Prunus armeniaca"
"2644836541","Prunus armeniaca",-117.199037,34.476299,2019,4,21,"US","Prunus armeniaca"
"2647793078","Prunus armeniaca",-121.989902,37.823797,2019,4,24,"US","Prunus armeniaca"
"2648136193","Prunus armeniaca",-77.236888,38.71566,2019,4,20,"US","Prunus armeniaca"
"2648306529","Prunus armeniaca",-121.611624,39.308618,2019,4,28,"US","Prunus armeniaca"
"2244317764","Prunus armeniaca",-117.717968,33.834231,2019,5,22,"US","Prunus armeniaca"
"2251894039","Prunus armeniaca",-106.381195,35.10265,2019,5,25,"US","Prunus armeniaca"
"2251972283","Prunus armeniaca",-105.981925,35.645377,2019,5,30,"US","Prunus armeniaca"
"2644610066","Prunus armeniaca",-106.491609,35.049959,2019,5,2,"US","Prunus armeniaca"
"2644700166","Prunus armeniaca",-106.491593,35.050083,2019,5,2,"US","Prunus armeniaca"
"2644782494","Prunus armeniaca",-122.278189,37.823401,2019,5,4,"US","Prunus armeniaca"
"2644786139","Prunus armeniaca",-106.672974,34.824173,2019,5,3,"US","Prunus armeniaca"
"2644818617","Prunus armeniaca",-95.526794,39.621363,2019,5,20,"US","Prunus armeniaca"
"2644861713","Prunus armeniaca",-118.05265,34.576862,2019,5,2,"US","Prunus armeniaca"
"2644883737","Prunus armeniaca",-90.613882,37.687713,2019,5,3,"US","Prunus armeniaca"
"2644913204","Prunus armeniaca",-106.321247,35.89435,2019,5,25,"US","Prunus armeniaca"
"2644940818","Prunus armeniaca",-117.081037,33.704734,2019,5,5,"US","Prunus armeniaca"
"2647707147","Prunus armeniaca",-122.088698,37.28652,2019,5,8,"US","Prunus armeniaca"
"2647722692","Prunus armeniaca",-117.796826,33.740578,2019,5,11,"US","Prunus armeniaca"
"2647920043","Prunus armeniaca",-90.613408,37.68776,2019,5,3,"US","Prunus armeniaca"
"2648337506","Prunus armeniaca",-106.673076,34.824139,2019,5,3,"US","Prunus armeniaca"
"2648470545","Prunus armeniaca",-93.001057,37.890762,2019,5,20,"US","Prunus armeniaca"
"2648523709","Prunus armeniaca",-93.001057,37.890762,2019,5,20,"US","Prunus armeniaca"
"2648752862","Prunus armeniaca",-106.749028,35.243335,2019,5,31,"US","Prunus armeniaca"
"3455298520","Prunus armeniaca",-109.186098,31.932548,2019,5,23,"US","Prunus armeniaca"
"2643603238","Prunus armeniaca",-118.305593,34.099327,2019,6,1,"US","Prunus armeniaca"
"2643708389","Prunus armeniaca",-117.10284,33.469697,2019,6,16,"US","Prunus armeniaca"
"2645164565","Prunus armeniaca",-120.547854,38.414563,2019,6,7,"US","Prunus armeniaca"
"2645267262","Prunus armeniaca",-122.726551,38.447095,2019,6,11,"US","Prunus armeniaca"
"2645348692","Prunus armeniaca",-106.196104,35.077047,2019,6,14,"US","Prunus armeniaca"
"2645388116","Prunus armeniaca",-104.925939,40.483027,2019,6,17,"US","Prunus armeniaca"
"2645454991","Prunus armeniaca",-118.071183,34.569795,2019,6,14,"US","Prunus armeniaca"
"2645466081","Prunus armeniaca",-112.040226,40.706845,2019,6,14,"US","Prunus armeniaca"
"2645593426","Prunus armeniaca",-122.800833,45.438333,2019,6,29,"US","Prunus armeniaca"
"2645608983","Prunus armeniaca",-119.690152,37.220836,2019,6,22,"US","Prunus armeniaca"
"2645617127","Prunus armeniaca",-111.594708,40.173238,2019,6,24,"US","Prunus armeniaca"
"2645724503","Prunus armeniaca",-76.247284,36.932957,2019,6,21,"US","Prunus armeniaca"
"2645737003","Prunus armeniaca",-112.016991,41.504984,2019,6,12,"US","Prunus armeniaca"
"2645746678","Prunus armeniaca",-118.27915,33.789011,2019,6,15,"US","Prunus armeniaca"
"2645765133","Prunus armeniaca",-121.762737,36.955604,2019,6,23,"US","Prunus armeniaca"
"2645804961","Prunus armeniaca",-116.754102,32.816637,2019,6,21,"US","Prunus armeniaca"
"2645828799","Prunus armeniaca",-108.533207,39.042963,2019,6,27,"US","Prunus armeniaca"
"2648445229","Prunus armeniaca",-122.588843,37.981017,2019,6,21,"US","Prunus armeniaca"
"2648516487","Prunus armeniaca",-122.649498,38.232871,2019,6,16,"US","Prunus armeniaca"
"2648574434","Prunus armeniaca",-117.935832,34.145117,2019,6,22,"US","Prunus armeniaca"
"2648593076","Prunus armeniaca",-121.238948,38.818051,2019,6,1,"US","Prunus armeniaca"
"2648601686","Prunus armeniaca",-118.242835,34.648139,2019,6,8,"US","Prunus armeniaca"
"2648605699","Prunus armeniaca",-105.157552,40.09839,2019,6,29,"US","Prunus armeniaca"
"2648653610","Prunus armeniaca",-105.575637,36.412312,2019,6,4,"US","Prunus armeniaca"
"2648677502","Prunus armeniaca",-106.716784,35.321033,2019,6,3,"US","Prunus armeniaca"
"2648705601","Prunus armeniaca",-118.592693,34.406693,2019,6,17,"US","Prunus armeniaca"
"2648870930","Prunus armeniaca",-121.279163,38.636856,2019,6,8,"US","Prunus armeniaca"
"2648874031","Prunus armeniaca",-93.292677,37.231821,2019,6,8,"US","Prunus armeniaca"
"2648897280","Prunus armeniaca",-120.816706,45.685405,2019,6,19,"US","Prunus armeniaca"
"2648930179","Prunus armeniaca",-122.726506,38.447252,2019,6,13,"US","Prunus armeniaca"
"2649004137","Prunus armeniaca",-83.194931,42.261735,2019,6,22,"US","Prunus armeniaca"
"2649069171","Prunus armeniaca",-108.5332,39.04295,2019,6,27,"US","Prunus armeniaca"
"2649093861","Prunus armeniaca",-106.673076,34.824139,2019,6,15,"US","Prunus armeniaca"
"2649226365","Prunus armeniaca",-118.793219,34.24579,2019,6,19,"US","Prunus armeniaca"
"2649227027","Prunus armeniaca",-97.079114,38.237036,2019,6,22,"US","Prunus armeniaca"
"2283235015","Prunus armeniaca",-121.584593,37.148916,2019,7,8,"US","Prunus armeniaca"
"2643906312","Prunus armeniaca",-122.219147,47.562576,2019,7,30,"US","Prunus armeniaca"
"2645529976","Prunus armeniaca",-107.973376,38.832986,2019,7,8,"US","Prunus armeniaca"
"2645568820","Prunus armeniaca",-105.948593,35.689212,2019,7,10,"US","Prunus armeniaca"
"2645790239","Prunus armeniaca",-104.811566,38.875588,2019,7,15,"US","Prunus armeniaca"
"2645895296","Prunus armeniaca",-122.020393,37.344566,2019,7,19,"US","Prunus armeniaca"
"2645905629","Prunus armeniaca",-120.547735,38.414515,2019,7,9,"US","Prunus armeniaca"
"2645972173","Prunus armeniaca",-88.696983,40.403455,2019,7,13,"US","Prunus armeniaca"
"2645973005","Prunus armeniaca",-114.017389,46.867506,2019,7,30,"US","Prunus armeniaca"
"2646159186","Prunus armeniaca",-111.996858,40.658492,2019,7,13,"US","Prunus armeniaca"
"2646313475","Prunus armeniaca",-111.87465,40.563817,2019,7,27,"US","Prunus armeniaca"
"2648474946","Prunus armeniaca",-120.963055,45.659081,2019,7,7,"US","Prunus armeniaca"
"2648558082","Prunus armeniaca",-93.292645,37.231806,2019,7,14,"US","Prunus armeniaca"
"2648608963","Prunus armeniaca",-114.002011,46.850287,2019,7,28,"US","Prunus armeniaca"
"2648616892","Prunus armeniaca",-118.792844,34.245698,2019,7,10,"US","Prunus armeniaca"
"2648719880","Prunus armeniaca",-123.516218,43.23268,2019,7,11,"US","Prunus armeniaca"
"2648858026","Prunus armeniaca",-96.899559,39.068503,2019,7,3,"US","Prunus armeniaca"
"2649013974","Prunus armeniaca",-108.556507,37.348824,2019,7,18,"US","Prunus armeniaca"
"2649074974","Prunus armeniaca",-118.609437,34.230176,2019,7,6,"US","Prunus armeniaca"
"2649122976","Prunus armeniaca",-105.175609,40.061523,2019,7,3,"US","Prunus armeniaca"
"2649254230","Prunus armeniaca",-116.325757,43.539593,2019,7,13,"US","Prunus armeniaca"
"2649298125","Prunus armeniaca",-120.483486,35.045922,2019,7,25,"US","Prunus armeniaca"
"2649304302","Prunus armeniaca",-96.899559,39.068503,2019,7,3,"US","Prunus armeniaca"
"2649369635","Prunus armeniaca",-120.070534,47.645902,2019,7,7,"US","Prunus armeniaca"
"2649411095","Prunus armeniaca",-116.339544,43.605621,2019,7,20,"US","Prunus armeniaca"
"2649435121","Prunus armeniaca",-104.964986,39.597717,2019,7,25,"US","Prunus armeniaca"
"2646102103","Prunus armeniaca",-112.287056,40.553657,2019,8,5,"US","Prunus armeniaca"
"2646121439","Prunus armeniaca",-121.907933,37.289222,2019,8,12,"US","Prunus armeniaca"
"2646196665","Prunus armeniaca",-120.774037,35.563979,2019,8,1,"US","Prunus armeniaca"
"2646230858","Prunus armeniaca",-122.829039,38.360002,2019,8,11,"US","Prunus armeniaca"
"2646408984","Prunus armeniaca",-105.614106,38.285895,2019,8,31,"US","Prunus armeniaca"
"2646418093","Prunus armeniaca",-105.256188,39.622498,2019,8,15,"US","Prunus armeniaca"
"2648684504","Prunus armeniaca",-105.086112,39.589263,2019,8,4,"US","Prunus armeniaca"
"2648862437","Prunus armeniaca",-120.688264,35.219205,2019,8,4,"US","Prunus armeniaca"
"2648881483","Prunus armeniaca",-104.801383,38.824729,2019,8,23,"US","Prunus armeniaca"
"2648933862","Prunus armeniaca",-84.587914,42.814057,2019,8,6,"US","Prunus armeniaca"
"2649002707","Prunus armeniaca",-106.68099,35.092691,2019,8,2,"US","Prunus armeniaca"
"2649087895","Prunus armeniaca",-122.102958,40.042923,2019,8,9,"US","Prunus armeniaca"
"2649744089","Prunus armeniaca",-105.987721,35.656359,2019,8,15,"US","Prunus armeniaca"
"2649763439","Prunus armeniaca",-114.301389,48.130278,2019,8,22,"US","Prunus armeniaca"
"2646479168","Prunus armeniaca",-120.888755,38.994926,2019,9,15,"US","Prunus armeniaca"
"2646548706","Prunus armeniaca",-107.827439,35.165909,2019,9,29,"US","Prunus armeniaca"
"2646658250","Prunus armeniaca",-114.441488,42.561009,2019,9,15,"US","Prunus armeniaca"
"2649099032","Prunus armeniaca",-89.623764,40.822849,2019,9,17,"US","Prunus armeniaca"
"2649477648","Prunus armeniaca",-77.336349,39.811915,2019,9,7,"US","Prunus armeniaca"
"2649692680","Prunus armeniaca",-111.946029,41.014474,2019,9,25,"US","Prunus armeniaca"
"2649742638","Prunus armeniaca",-105.034625,39.72963,2019,9,2,"US","Prunus armeniaca"
"2649742639","Prunus armeniaca",-105.035172,39.729721,2019,9,2,"US","Prunus armeniaca"
"2649769550","Prunus armeniaca",-111.945866,41.014575,2019,9,25,"US","Prunus armeniaca"
"2649634705","Prunus armeniaca",-114.135953,46.974217,2019,10,27,"US","Prunus armeniaca"
"2649648580","Prunus armeniaca",-105.933677,35.682338,2019,10,7,"US","Prunus armeniaca"
"2974701896","Prunus armeniaca",-122.063301,37.325819,2019,10,17,"US","Prunus armeniaca"
"2646543586","Prunus armeniaca",-121.58923,39.743159,2019,11,14,"US","Prunus armeniaca"
"2646991532","Prunus armeniaca",-120.309932,37.523948,2019,11,5,"US","Prunus armeniaca"
"2647056858","Prunus armeniaca",-121.353584,38.59262,2019,11,8,"US","Prunus armeniaca"
"2649327887","Prunus armeniaca",-117.973675,34.066193,2019,12,9,"US","Prunus armeniaca"
"2645640067","Prunus armeniaca",-122.226306,37.795083,2018,2,13,"US","Prunus armeniaca"
"1843219855","Prunus armeniaca",-95.34009,38.94109,2018,3,31,"US","Prunus armeniaca"
"1843219885","Prunus armeniaca",-95.332423,38.942123,2018,3,31,"US","Prunus armeniaca"
"1843219886","Prunus armeniaca",-95.332423,38.942123,2018,3,31,"US","Prunus armeniaca"
"1843219891","Prunus armeniaca",-96.30581,39.19815,2018,3,30,"US","Prunus armeniaca"
"2644216281","Prunus armeniaca",-118.146297,34.195544,2018,4,14,"US","Prunus armeniaca"
"2647186992","Prunus armeniaca",-120.685997,38.432419,2018,4,27,"US","Prunus armeniaca"
"1847442417","Prunus armeniaca",-117.198341,32.909782,2018,5,4,"US","Prunus armeniaca"
"1890537991","Prunus armeniaca",-80.081983,32.876706,2018,5,15,"US","Prunus armeniaca"
"2643808106","Prunus armeniaca",-121.935844,37.308984,2018,5,25,"US","Prunus armeniaca"
"2647468532","Prunus armeniaca",-118.507478,35.16763,2018,5,11,"US","Prunus armeniaca"
"2429187067","Prunus armeniaca",-117.71801,33.834182,2018,6,26,"US","Prunus armeniaca"
"2643831788","Prunus armeniaca",-122.026453,37.720151,2018,6,10,"US","Prunus armeniaca"
"2643839446","Prunus armeniaca",-105.047823,39.71451,2018,6,3,"US","Prunus armeniaca"
"2643842422","Prunus armeniaca",-83.935802,43.584114,2018,6,2,"US","Prunus armeniaca"
"2643862463","Prunus armeniaca",-122.026453,37.720151,2018,6,10,"US","Prunus armeniaca"
"2643900402","Prunus armeniaca",-83.935818,43.584014,2018,6,2,"US","Prunus armeniaca"
"2643915100","Prunus armeniaca",-121.362516,36.810387,2018,6,14,"US","Prunus armeniaca"
"2643920726","Prunus armeniaca",-121.772289,37.300977,2018,6,18,"US","Prunus armeniaca"
"2643923352","Prunus armeniaca",-113.666681,42.609326,2018,6,8,"US","Prunus armeniaca"
"2643955058","Prunus armeniaca",-120.640968,46.583378,2018,6,21,"US","Prunus armeniaca"
"2643981255","Prunus armeniaca",-113.060938,37.70719,2018,6,20,"US","Prunus armeniaca"
"2647148199","Prunus armeniaca",-104.694538,40.398651,2018,6,14,"US","Prunus armeniaca"
"2647775172","Prunus armeniaca",-120.640968,46.583378,2018,6,21,"US","Prunus armeniaca"
"2644082554","Prunus armeniaca",-121.279035,38.636786,2018,7,30,"US","Prunus armeniaca"
"2647344091","Prunus armeniaca",-122.026453,37.720151,2018,7,14,"US","Prunus armeniaca"
"2647893763","Prunus armeniaca",-75.33541,40.961482,2018,7,18,"US","Prunus armeniaca"
"2644166134","Prunus armeniaca",-111.965028,41.016895,2018,8,31,"US","Prunus armeniaca"
"2644184840","Prunus armeniaca",-122.133278,37.991517,2018,8,25,"US","Prunus armeniaca"
"2647738710","Prunus armeniaca",-120.655587,35.262008,2018,8,26,"US","Prunus armeniaca"
"2647352162","Prunus armeniaca",-105.597397,36.476853,2018,9,16,"US","Prunus armeniaca"
"3058810319","Prunus armeniaca",-122.519681,38.449673,2017,4,16,"US","Prunus armeniaca"
"2647823391","Prunus armeniaca",-122.319113,37.551088,2017,5,7,"US","Prunus armeniaca"
"2643494619","Prunus armeniaca",-96.57218,39.17742,2017,6,28,"US","Prunus armeniaca"
"2885014320","Prunus armeniaca",-111.876638,40.735101,2017,7,16,"US","Prunus armeniaca"
"2647903464","Prunus armeniaca",-121.836234,39.723492,2017,8,13,"US","Prunus armeniaca"
"2643645823","Prunus armeniaca",-118.253885,33.785987,2016,8,26,"US","Prunus armeniaca"
"2647290694","Prunus armeniaca",-122.331655,40.552698,2016,8,24,"US","Prunus armeniaca"
"2572977131","Prunus armeniaca",-88.0981,42.45024,2009,4,29,"US","Prunus armeniaca"
"3322894303","Prunus armeniaca",-88.3097,42.4505,2009,4,29,"US","Prunus armeniaca"
"1843911589","Prunus armeniaca",-104.629883,36.740868,2008,6,5,"US","Prunus armeniaca"
"441819458","Prunus armeniaca",-116.673333,45.313333,2006,6,27,"US","Prunus armeniaca"
"441819506","Prunus armeniaca",-116.535,45.698333,2006,6,29,"US","Prunus armeniaca"
"1302755169","Prunus armeniaca",-116.535,45.698333,2006,6,29,"US","Prunus armeniaca"
"1302755216","Prunus armeniaca",-116.673333,45.313333,2006,6,27,"US","Prunus armeniaca"
"3091262428","Prunus armeniaca",-108.004337540347,36.8317320591187,2006,8,27,"US","Prunus armeniaca"
"3331192237","Prunus armeniaca",-76.351016,39.99831,2006,9,11,"US","Prunus armeniaca"
"3331192239","Prunus armeniaca",-76.350727,39.998391,2006,9,11,"US","Prunus armeniaca"
"3331192252","Prunus armeniaca",-76.350341,39.998626,2006,9,11,"US","Prunus armeniaca"
"3331192255","Prunus armeniaca",-76.350867,39.99845,2006,9,11,"US","Prunus armeniaca"
"3331192257","Prunus armeniaca",-76.350917,39.998431,2006,9,11,"US","Prunus armeniaca"
"3331192258","Prunus armeniaca",-76.35082,39.998435,2006,9,11,"US","Prunus armeniaca"
"1843904685","Prunus armeniaca",-107.999924,36.836822,2006,10,4,"US","Prunus armeniaca"
"3091262427","Prunus armeniaca",-107.999887433266,36.8325420665631,2006,10,4,"US","Prunus armeniaca"
"2270678634","Prunus armeniaca",-111.851482947762,33.3089286618044,2005,2,28,"US","Prunus armeniaca"
"441819415","Prunus armeniaca",-118.67991,46.39209,2005,4,22,"US","Prunus armeniaca"
"1302755214","Prunus armeniaca",-118.666667,46.383333,2005,4,22,"US","Prunus armeniaca"
"1846490300","Prunus armeniaca",-111.8614,33.96083,2003,3,26,"US","Prunus armeniaca"
"441818868","Prunus armeniaca",-122.676667,48.506667,2003,5,12,"US","Prunus armeniaca"
"1302755163","Prunus armeniaca",-122.676667,48.506667,2003,5,12,"US","Prunus armeniaca"
"1304532710","Prunus armeniaca",-122.25,38.075001,2003,9,12,"US","Prunus armeniaca"
"1304532737","Prunus armeniaca",-122.25,38.075,2003,9,12,"US","Prunus armeniaca"
"3059668876","Prunus armeniaca",-122.25,38.075,2003,9,12,"US","Prunus armeniaca"
"1843891341","Prunus armeniaca",-106.03175,35.73631,2002,5,17,"US","Prunus armeniaca"
"2270559122","Prunus armeniaca",-111.86224,33.96562,2002,5,31,"US","Prunus armeniaca"
"3091252398","Prunus armeniaca",-109.41592,36.16148,2002,5,21,"US","Prunus armeniaca"
"3091268030","Prunus armeniaca",-109.53833,36.14481,2002,10,5,"US","Prunus armeniaca"
"1258731101","Prunus armeniaca",-90.52333,38.68306,2000,4,18,"US","Prunus armeniaca"
"1258731863","Prunus armeniaca",-90.52333,38.68306,2000,4,18,"US","Prunus armeniaca"
"1304389760","Prunus armeniaca",-115.630278,35.518056,2000,5,16,"US","Prunus armeniaca"
"1304491199","Prunus armeniaca",-115.630278,35.518056,2000,5,16,"US","Prunus armeniaca"
"1304491216","Prunus armeniaca",-115.630278,35.518056,2000,5,16,"US","Prunus armeniaca"
"2422408804","Prunus armeniaca",-115.63028,35.51806,2000,5,16,"US","Prunus armeniaca"
"2430233446","Prunus armeniaca",-115.630278,35.518056,2000,5,16,"US","Prunus armeniaca"
"2270586425","Prunus armeniaca",-110.318,32.969,1999,5,2,"US","Prunus armeniaca"
"2270611310","Prunus armeniaca",-110.318,32.9691,1999,5,2,"US","Prunus armeniaca"
"2270610817","Prunus armeniaca",-110.31373,31.44551,1999,6,13,"US","Prunus armeniaca"
"1258589048","Prunus armeniaca",-122.3513,47.6499,1999,7,14,"US","Prunus armeniaca"
"1258589060","Prunus armeniaca",-122.3513,47.6499,1999,7,14,"US","Prunus armeniaca"
"1258600946","Prunus armeniaca",-122.27167,37.87167,1999,10,25,"US","Prunus armeniaca"
"1258456764","Prunus armeniaca",-90.35055,38.65305,1998,3,19,"US","Prunus armeniaca"
"1258499557","Prunus armeniaca",-90.274,38.6064,1998,7,9,"US","Prunus armeniaca"
"1302792055","Prunus armeniaca",-108.040022,39.43856,1996,4,10,"US","Prunus armeniaca"
"2242372298","Prunus armeniaca",-108.040022,39.43856,1996,4,10,"US","Prunus armeniaca"
"3053421391","Prunus armeniaca",-121.333,36.0029999991024,1996,5,25,"US","Prunus armeniaca"
"1304582331","Prunus armeniaca",-119.683333,34.433333,1995,8,7,"US","Prunus armeniaca"
"1930095349","Prunus armeniaca",-119.68,34.43,1995,8,7,"US","Prunus armeniaca"
"3117661376","Prunus armeniaca",-73.961128,40.600616,1995,NA,NA,"US","Prunus armeniaca"
"3117707353","Prunus armeniaca",-73.893639,40.721024,1995,NA,NA,"US","Prunus armeniaca"
"2270617504","Prunus armeniaca",-111.863,33.9662,1992,3,19,"US","Prunus armeniaca"
"1846522952","Prunus armeniaca",-111.77409,34.517412,1992,4,1,"US","Prunus armeniaca"
"2270612237","Prunus armeniaca",-111.774,34.5174,1992,4,1,"US","Prunus armeniaca"
"1846475655","Prunus armeniaca",-111.774089,34.517411,1992,6,3,"US","Prunus armeniaca"
"2270611128","Prunus armeniaca",-111.774,34.5174,1992,6,3,"US","Prunus armeniaca"
"1260954440","Prunus armeniaca",-90.83333,38.46666,1990,4,11,"US","Prunus armeniaca"
"2270610085","Prunus armeniaca",-110.265,31.3439,1988,7,21,"US","Prunus armeniaca"
"1988863554","Prunus armeniaca",-84.4604,43.491346,1988,8,21,"US","Prunus armeniaca"
"1989483102","Prunus armeniaca",-84.45028,42.065765,1986,4,19,"US","Prunus armeniaca"
"1304385434","Prunus armeniaca",-118.338694,37.587306,1986,5,29,"US","Prunus armeniaca"
"1304498148","Prunus armeniaca",-118.338699,37.587299,1986,5,29,"US","Prunus armeniaca"
"1930502277","Prunus armeniaca",-118.344263,37.586148,1986,5,29,"US","Prunus armeniaca"
"2422531528","Prunus armeniaca",-118.33869,37.58731,1986,5,29,"US","Prunus armeniaca"
"1930415055","Prunus armeniaca",-119.526491,46.701614,1984,6,29,"US","Prunus armeniaca"
"1846522712","Prunus armeniaca",-111.4401,34.0793,1984,7,14,"US","Prunus armeniaca"
"606652445","Prunus armeniaca",-73.39222,41.06583,1983,7,19,"US","Prunus armeniaca"
"177011670","Prunus armeniaca",-99.685791,39.363038,1981,6,26,"US","Prunus armeniaca"
"3320780442","Prunus armeniaca",-122.337889,38.317472,1980,2,29,"US","Prunus armeniaca"
"3320793170","Prunus armeniaca",-122.472194,38.491222,1980,5,17,"US","Prunus armeniaca"
"1266945402","Prunus armeniaca",-98.818,38.5303,1980,10,5,"US","Prunus armeniaca"
"1266945446","Prunus armeniaca",-95.82582,38.6339,1979,9,21,"US","Prunus armeniaca"
"1304496672","Prunus armeniaca",-115.631,35.5178,1977,5,26,"US","Prunus armeniaca"
"2430526205","Prunus armeniaca",-115.631,35.51781,1977,5,26,"US","Prunus armeniaca"
"2270608817","Prunus armeniaca",-110.135,33.1667,1977,6,21,"US","Prunus armeniaca"
"1266945409","Prunus armeniaca",-96.18166,38.4039,1976,6,9,"US","Prunus armeniaca"
"1266945425","Prunus armeniaca",-99.10543,37.61872,1975,4,12,"US","Prunus armeniaca"
"1266945421","Prunus armeniaca",-96.013192,38.341298,1975,5,30,"US","Prunus armeniaca"
"177011671","Prunus armeniaca",-98.2289,39.7365,1975,7,12,"US","Prunus armeniaca"
"2351012662","Prunus armeniaca",-115.545,35.5332,1973,7,7,"US","Prunus armeniaca"
"177011753","Prunus armeniaca",-100.231467,39.36283,1972,8,20,"US","Prunus armeniaca"
"2413151285","Prunus armeniaca",-119.142052,36.296061,1970,5,23,"US","Prunus armeniaca"
"3053394054","Prunus armeniaca",-119.299,34.4009999991201,1970,7,3,"US","Prunus armeniaca"
"1304504091","Prunus armeniaca",-119.3012,34.4072,1968,6,11,"US","Prunus armeniaca"
"2430352237","Prunus armeniaca",-119.30116,34.40715,1968,6,11,"US","Prunus armeniaca"
"1304387213","Prunus armeniaca",-117.441389,33.913889,1966,3,20,"US","Prunus armeniaca"
"2422528046","Prunus armeniaca",-117.44139,33.91389,1966,3,20,"US","Prunus armeniaca"
"1266945408","Prunus armeniaca",-94.99947,39.72567,1965,4,15,"US","Prunus armeniaca"
"1978889199","Prunus armeniaca",-84.777617,43.589829,1964,3,17,"US","Prunus armeniaca"
"1978889357","Prunus armeniaca",-84.777617,43.589829,1964,3,27,"US","Prunus armeniaca"
"1978889637","Prunus armeniaca",-84.777617,43.589829,1964,3,27,"US","Prunus armeniaca"
"1978889756","Prunus armeniaca",-84.777617,43.589829,1964,3,17,"US","Prunus armeniaca"
"1978889362","Prunus armeniaca",-84.777617,43.589829,1964,5,12,"US","Prunus armeniaca"
"1978889611","Prunus armeniaca",-84.777617,43.589829,1964,5,29,"US","Prunus armeniaca"
"1978889622","Prunus armeniaca",-84.777617,43.589829,1964,5,12,"US","Prunus armeniaca"
"1978889374","Prunus armeniaca",-86.108804,43.895555,1964,6,1,"US","Prunus armeniaca"
"3059668880","Prunus armeniaca",-121.457732,38.578141,1964,9,3,"US","Prunus armeniaca"
"1266945381","Prunus armeniaca",-97.33141,39.17,1962,4,14,"US","Prunus armeniaca"
"1266945431","Prunus armeniaca",-100.5103,39.053,1962,8,8,"US","Prunus armeniaca"
"768788001","Prunus armeniaca",-72.65055,41.98166,1960,5,2,"US","Prunus armeniaca"
"2242392220","Prunus armeniaca",-77.676865,40.835294,1959,4,18,"US","Prunus armeniaca"
"3053402060","Prunus armeniaca",-119.713,34.494499999119,1959,4,15,"US","Prunus armeniaca"
"1266945388","Prunus armeniaca",-96.53875,38.34771,1958,4,26,"US","Prunus armeniaca"
"2242391959","Prunus armeniaca",-77.676865,40.835294,1958,9,18,"US","Prunus armeniaca"
"1321994785","Prunus armeniaca",-76.9342,38.9392,1955,9,20,"US","Prunus armeniaca"
"1266945437","Prunus armeniaca",-96.18166,38.4039,1953,4,18,"US","Prunus armeniaca"
"3053394066","Prunus armeniaca",-119.6972,34.4208,1930,2,5,"US","Prunus armeniaca"
"1929047647","Prunus armeniaca",-76.340181,40.750649,1926,5,20,"US","Prunus armeniaca"
"1258136195","Prunus armeniaca",-90.623611,38.544444,1918,7,13,"US","Prunus armeniaca"
"1320151632","Prunus armeniaca",-76.9444,38.895,1878,5,24,"US","Prunus armeniaca"
"185873118","Prunus armeniaca",-107.2076,39.5834,NA,NA,NA,"US","Prunus armeniaca"
"1302645392","Prunus armeniaca",-119,37,NA,NA,NA,"US","Prunus armeniaca"
"1304841553","Prunus armeniaca",-76.944444,38.895,NA,NA,NA,"US","Prunus armeniaca"
"1304841563","Prunus armeniaca",-76.934167,38.939167,NA,NA,NA,"US","Prunus armeniaca"
"1304888618","Prunus armeniaca",-97.386684,32.347641,NA,NA,NA,"US","Prunus armeniaca"
"2251767059","Prunus armeniaca",-119.409009,36.778515,NA,NA,NA,"US","Prunus armeniaca"
"2251767078","Prunus armeniaca",-119.409009,36.778515,NA,NA,NA,"US","Prunus armeniaca"
"2251767225","Prunus armeniaca",-119.409009,36.778515,NA,NA,NA,"US","Prunus armeniaca"
"2413151988","Prunus armeniaca",-118.156064,33.774978,NA,NA,NA,"US","Prunus armeniaca"
