"gbifID","species","longitude","latitude","year","month","day","countryCode"
2270480490,"Frangula californica",-110.389157,31.003867,2016,5,1,"MX"
1897490598,"Frangula californica",-116.167061,32.122764,2013,5,24,"MX"
1893339694,"Frangula californica",-115.591167,30.833611,1998,7,2,"MX"
2629881718,"Frangula californica",-115.58333,30.83333,1998,7,2,"MX"
1893339568,"Frangula californica",-115.566667,30.982222,1998,10,30,"MX"
1893339583,"Frangula californica",-115.563889,30.979167,1998,10,4,"MX"
2629876639,"Frangula californica",-115.56667,30.95,1998,10,30,"MX"
2629880710,"Frangula californica",-115.55,30.96667,1998,10,4,"MX"
1893338492,"Frangula californica",-115.458333,31.041667,1986,7,27,"MX"
1893338519,"Frangula californica",-115.508333,31.058333,1986,7,27,"MX"
2629874528,"Frangula californica",-115.46667,31.05,1986,7,31,"MX"
2629876611,"Frangula californica",-115.46667,31.05,1986,7,27,"MX"
2430267952,"Frangula californica",-115.916667,32.05,1985,6,17,"MX"
1894070044,"Frangula californica",-115.916778,32.049778,1983,11,15,"MX"
1893392367,"Frangula californica",-115.575,31.008333,1970,9,29,"MX"
2270531776,"Frangula californica",-115.45,31.06667,1968,8,25,"MX"
2629941124,"Frangula californica",-115.45,31.06667,1968,8,25,"MX"
1893392344,"Frangula californica",-115.958333,30.575,1963,4,20,"MX"
1893339643,"Frangula californica",-115.5,30.833333,1961,9,2,"MX"
3051829308,"Frangula californica",-118.60194,37.4775,2018,5,20,"US"
2422525254,"Frangula californica",-121.22231,36.19622,2018,6,1,"US"
2422537539,"Frangula californica",-119.57178,34.76631,2018,6,22,"US"
3091304871,"Frangula californica",-113.104372,35.04366,2018,10,28,"US"
2610090210,"Frangula californica",-117.25508,34.2946399991213,2017,3,14,"US"
2422520466,"Frangula californica",-117.47361,33.76239,2017,5,23,"US"
2422522752,"Frangula californica",-118.60067,37.48972,2017,5,4,"US"
2422525298,"Frangula californica",-118.60217,37.48739,2017,5,29,"US"
3059679621,"Frangula californica",-120.7031,35.2636,2017,11,4,"US"
2422507581,"Frangula californica",-118.57389,35.00711,2016,5,24,"US"
2270500319,"Frangula californica",-110.79671,33.28272,2016,9,4,"US"
2422503562,"Frangula californica",-117.625,33.81861,2015,1,2,"US"
2422537617,"Frangula californica",-118.09528,34.175,2015,4,2,"US"
2422501062,"Frangula californica",-118.54278,35.12611,2015,5,13,"US"
2422503002,"Frangula californica",-117.38661,33.426,2015,5,13,"US"
2422525496,"Frangula californica",-116.6705,34.18622,2015,5,23,"US"
2422536252,"Frangula californica",-117.68944,34.21667,2015,6,30,"US"
2422534732,"Frangula californica",-117.69472,34.20222,2015,7,28,"US"
2422534815,"Frangula californica",-118.11861,34.33083,2015,9,21,"US"
2270491292,"Frangula californica",-111.4541,34.0069,2015,10,13,"US"
2422537475,"Frangula californica",-118.09833,34.24333,2015,10,19,"US"
2422521782,"Frangula californica",-117.76861,34.43611,2014,4,30,"US"
2422494287,"Frangula californica",-118.29703,34.13053,2014,6,26,"US"
2422498695,"Frangula californica",-118.32347,34.15319,2014,6,26,"US"
2595847879,"Frangula californica",-117.83917,33.59583,2013,4,11,"US"
2430454823,"Frangula californica",-117.72878,34.2432199991219,2013,6,13,"US"
2430155592,"Frangula californica",-117.74595,34.3681599991205,2013,7,11,"US"
2422488937,"Frangula californica",-118.35297,35.06578,2013,12,16,"US"
2422479247,"Frangula californica",-117.42031,33.44969,2012,5,30,"US"
2430268660,"Frangula californica",-117.09569,34.37016,2012,5,19,"US"
2422478188,"Frangula californica",-118.18444,36.5975,2012,6,19,"US"
2422484334,"Frangula californica",-117.55614,33.75203,2012,6,3,"US"
2422513978,"Frangula californica",-116.81133,33.83773,2012,6,15,"US"
3091203609,"Frangula californica",-111.68194,34.45528,2012,8,5,"US"
3059661958,"Frangula californica",-121.9231,36.5925,2011,1,20,"US"
2422468986,"Frangula californica",-121.07917,35.56,2011,2,21,"US"
2430562489,"Frangula californica",-121.079167,35.56,2011,2,21,"US"
2422509657,"Frangula californica",-118.01778,34.17667,2011,3,15,"US"
2422510322,"Frangula californica",-118.10889,34.34472,2011,5,31,"US"
2422511022,"Frangula californica",-118.09361,34.41806,2011,5,12,"US"
2422512499,"Frangula californica",-118.115,34.30611,2011,5,19,"US"
2430065860,"Frangula californica",-118.108889,34.344722,2011,5,31,"US"
2430283205,"Frangula californica",-118.115,34.30611,2011,5,19,"US"
2430301503,"Frangula californica",-118.093611,34.418056,2011,5,12,"US"
2270576436,"Frangula californica",-112.278069,34.920967,2011,6,19,"US"
2422512946,"Frangula californica",-117.84806,34.31833,2011,6,20,"US"
2422514135,"Frangula californica",-118.00667,34.30583,2011,6,7,"US"
2430099118,"Frangula californica",-118.00667,34.30583,2011,6,7,"US"
2572937293,"Frangula californica",-112.278069,34.920967,2011,6,19,"US"
2422488204,"Frangula californica",-118.68777,37.36158,2011,7,11,"US"
2422509066,"Frangula californica",-118.11667,34.28889,2011,7,8,"US"
2422509788,"Frangula californica",-118.12028,34.28389,2011,7,21,"US"
2422509815,"Frangula californica",-118.11472,34.28861,2011,7,8,"US"
2422511993,"Frangula californica",-118.11361,34.29861,2011,7,7,"US"
2430088475,"Frangula californica",-118.11472,34.28861,2011,7,8,"US"
2430249004,"Frangula californica",-118.120278,34.283889,2011,7,21,"US"
2422487234,"Frangula californica",-118.3886,37.12533,2011,8,6,"US"
2422474130,"Frangula californica",-117.52389,33.712,2011,9,27,"US"
2422512627,"Frangula californica",-117.84028,34.29083,2011,10,25,"US"
2422513416,"Frangula californica",-118.14222,34.26639,2011,10,18,"US"
2422516182,"Frangula californica",-118.0125,34.33111,2011,10,13,"US"
2430379608,"Frangula californica",-118.0125,34.331111,2011,10,13,"US"
2430473878,"Frangula californica",-117.84028,34.29083,2011,10,25,"US"
2459165243,"Frangula californica",-121.5971,36.0709,2010,5,22,"US"
3059662757,"Frangula californica",-122.4236,38.3,2010,5,30,"US"
2422460588,"Frangula californica",-121.88417,37.02028,2010,6,26,"US"
2422462244,"Frangula californica",-121.90444,36.96889,2010,6,22,"US"
2422481844,"Frangula californica",-116.97108,34.18328,2010,6,17,"US"
2422483658,"Frangula californica",-116.90511,34.20197,2010,6,30,"US"
2430465864,"Frangula californica",-116.97107,34.18328,2010,6,17,"US"
2430466022,"Frangula californica",-121.904444,36.968889,2010,6,22,"US"
2430478323,"Frangula californica",-116.74248,34.156389999123,2010,7,28,"US"
2422499102,"Frangula californica",-118.01778,34.17667,2010,8,16,"US"
2430100987,"Frangula californica",-116.88583,34.18245,2010,8,6,"US"
2422499447,"Frangula californica",-117.83139,34.33667,2010,9,9,"US"
2422516479,"Frangula californica",-117.80833,34.35056,2010,9,30,"US"
2430121502,"Frangula californica",-116.97425,34.182111,2010,9,13,"US"
2430264647,"Frangula californica",-121.957222,40.804167,2010,9,2,"US"
2422519536,"Frangula californica",-118.46889,34.37722,2010,10,5,"US"
2422479367,"Frangula californica",-117.31961,33.3945,2010,12,2,"US"
2413154477,"Frangula californica",-117.427597,33.613109,2009,4,10,"US"
3051831323,"Frangula californica",-117.98722,34.17944,2009,4,1,"US"
1426238420,"Frangula californica",-118.047222,34.032778,2009,5,21,"US"
1500203386,"Frangula californica",-118.047222,34.032778,2009,5,21,"US"
2422452446,"Frangula californica",-118.04722,34.03278,2009,5,21,"US"
2422471256,"Frangula californica",-117.54239,33.41689,2009,5,6,"US"
2459166485,"Frangula californica",-121.5703,36.0607,2009,5,30,"US"
2422466690,"Frangula californica",-118.07194,34.37139,2009,6,24,"US"
2422467015,"Frangula californica",-118.0275,34.37972,2009,6,2,"US"
2422469380,"Frangula californica",-118.01,34.34278,2009,6,8,"US"
2422470161,"Frangula californica",-117.77611,34.39083,2009,6,17,"US"
2422471456,"Frangula californica",-117.75556,34.2575,2009,6,12,"US"
2422494776,"Frangula californica",-118.73222,34.8545,2009,6,25,"US"
2430081919,"Frangula californica",-117.776111,34.390833,2009,6,17,"US"
2430124674,"Frangula californica",-118.01,34.342778,2009,6,8,"US"
2430188840,"Frangula californica",-118.071944,34.371389,2009,6,24,"US"
2430457513,"Frangula californica",-118.0275,34.379722,2009,6,2,"US"
2430486339,"Frangula californica",-117.755556,34.2575,2009,6,12,"US"
2422458759,"Frangula californica",-116.76667,34.16667,2009,7,1,"US"
2422467858,"Frangula californica",-118.03389,34.38194,2009,7,29,"US"
2430288046,"Frangula californica",-116.766667,34.166667,2009,7,1,"US"
2430355140,"Frangula californica",-118.033889,34.381944,2009,7,29,"US"
2430253522,"Frangula californica",-117.711944,34.108611,2009,8,18,"US"
2422442574,"Frangula californica",-117.69361,33.75111,2008,5,28,"US"
2430280014,"Frangula californica",-117.693611,33.751111,2008,5,28,"US"
2422448840,"Frangula californica",-117.38761,33.44311,2008,6,4,"US"
2422455006,"Frangula californica",-117.9,34.39028,2008,6,18,"US"
2422459939,"Frangula californica",-117.41461,33.44369,2008,6,4,"US"
2430167970,"Frangula californica",-117.9,34.390278,2008,6,18,"US"
3059661963,"Frangula californica",-122.2172,38.0389,2008,6,15,"US"
1849157312,"Frangula californica",-117.846667,34.366944,2008,7,2,"US"
2422443775,"Frangula californica",-118.04472,34.03417,2008,7,10,"US"
2422456380,"Frangula californica",-117.84667,34.36694,2008,7,2,"US"
2430120513,"Frangula californica",-116.90591,34.18439,2008,7,28,"US"
2430385648,"Frangula californica",-117.846667,34.366944,2008,7,2,"US"
2422456047,"Frangula californica",-117.76556,34.38194,2008,8,13,"US"
2430553850,"Frangula californica",-117.760833,34.377778,2008,8,13,"US"
2422457017,"Frangula californica",-117.64222,34.36028,2008,10,30,"US"
1258021224,"Frangula californica",-119.275,34.509444,2007,3,24,"US"
2422447255,"Frangula californica",-111.20083,33.93472,2007,5,22,"US"
2430035387,"Frangula californica",-117.299267,34.2242499991222,2007,5,30,"US"
2270693250,"Frangula californica",-112.472,34.1429,2007,6,16,"US"
2610059102,"Frangula californica",-120.63306,34.57139,2007,6,29,"US"
2422435598,"Frangula californica",-117.26889,34.32722,2007,7,11,"US"
2422428477,"Frangula californica",-117.46861,33.59278,2006,7,20,"US"
2459161483,"Frangula californica",-121.94716,36.59039,2006,9,20,"US"
2459165755,"Frangula californica",-121.5975,36.0825,2006,9,20,"US"
2270576875,"Frangula californica",-111.766355,34.515287,2006,10,9,"US"
2430073137,"Frangula californica",-122.076767,37.0166329990927,2006,10,4,"US"
3091239769,"Frangula californica",-111.766355,34.515287,2006,10,9,"US"
2422418600,"Frangula californica",-120.44667,35.21,2005,3,25,"US"
2422421424,"Frangula californica",-117.84167,34.11667,2005,3,18,"US"
2430046643,"Frangula californica",-117.841667,34.116667,2005,3,18,"US"
2422430810,"Frangula californica",-118.0965,34.17733,2005,4,10,"US"
2422411225,"Frangula californica",-116.71278,33.48472,2005,5,30,"US"
2430321842,"Frangula californica",-117.545556,33.724444,2005,5,30,"US"
2422412555,"Frangula californica",-117.29389,34.22167,2005,6,29,"US"
2422513560,"Frangula californica",-117.00833,34.05833,2005,6,16,"US"
2422429355,"Frangula californica",-120.37528,38.81306,2005,7,31,"US"
2459162993,"Frangula californica",-121.8635,37.0197,2005,9,1,"US"
2459164658,"Frangula californica",-121.8635,37.0197,2005,9,1,"US"
2422425824,"Frangula californica",-118.50056,34.11694,2004,4,25,"US"
2422399470,"Frangula californica",-118.77139,36.21389,2004,5,23,"US"
2422408665,"Frangula californica",-118.5975,34.11306,2004,5,18,"US"
2422419430,"Frangula californica",-120.525,34.82667,2004,5,23,"US"
2422418021,"Frangula californica",-120.42667,34.58,2004,6,20,"US"
2430095631,"Frangula californica",-123.687222,38.955556,2004,12,22,"US"
2270577511,"Frangula californica",-111.408786,34.558293,2003,7,7,"US"
2422387131,"Frangula californica",-118.16528,34.20278,2003,7,17,"US"
3122396534,"Frangula californica",-110.8537,33.314777,2003,9,5,"US"
3059698068,"Frangula californica",-121.339444,39.5016669990738,2002,6,2,"US"
2422511815,"Frangula californica",-122.64278,35.94139,2002,7,28,"US"
2270577030,"Frangula californica",-111.477184,34.561167,2002,8,3,"US"
3059697610,"Frangula californica",-121.3364,39.5012,2002,9,9,"US"
2430139214,"Frangula californica",-118.167111,34.174222,2001,1,24,"US"
1899736395,"Frangula californica",-121.463,36.7865,2001,5,29,"US"
2422349350,"Frangula californica",-121.46333,36.78667,2001,5,29,"US"
2422350249,"Frangula californica",-123.049,40.38139,2001,7,8,"US"
2422447808,"Frangula californica",-117.80639,34.35333,2001,8,27,"US"
2422349364,"Frangula californica",-120.97333,35.57,2000,4,21,"US"
1846488654,"Frangula californica",-111.1312,33.52357,2000,5,2,"US"
2422447469,"Frangula californica",-118.24508,34.20767,2000,5,12,"US"
2430123551,"Frangula californica",-118.245083,34.207667,2000,5,12,"US"
2422441023,"Frangula californica",-117.90917,34.22639,2000,6,19,"US"
2422441564,"Frangula californica",-117.90917,34.22639,2000,6,19,"US"
2422510343,"Frangula californica",-118.39861,35.50722,2000,7,8,"US"
2422329509,"Frangula californica",-117.69083,33.82778,2000,8,3,"US"
2422384348,"Frangula californica",-118.31056,34.23083,2000,8,29,"US"
2430048558,"Frangula californica",-117.690899,33.827866,2000,8,3,"US"
2430168764,"Frangula californica",-118.309641,34.228937,2000,8,29,"US"
2422407441,"Frangula californica",-117.83586,34.00417,1999,5,14,"US"
2430089461,"Frangula californica",-117.835848,34.004159,1999,5,14,"US"
1931018447,"Frangula californica",-111.7547,34.955,1999,6,24,"US"
2422408034,"Frangula californica",-117.69861,34.41861,1999,6,21,"US"
2422440372,"Frangula californica",-117.65611,34.41389,1999,6,30,"US"
2422442889,"Frangula californica",-117.73167,34.41528,1999,6,18,"US"
3096874312,"Frangula californica",-117.731667,34.415278,1999,6,18,"US"
2270586187,"Frangula californica",-110.253,32.9107,1998,6,3,"US"
2270586962,"Frangula californica",-110.283,33.0124,1998,6,17,"US"
2270608571,"Frangula californica",-110.284,33.0125,1998,6,17,"US"
2422406355,"Frangula californica",-122.13611,38.47833,1998,6,6,"US"
2422483608,"Frangula californica",-116.84444,33.99333,1998,6,23,"US"
2422307244,"Frangula californica",-116.775,34.005,1998,8,20,"US"
2422525184,"Frangula californica",-118.94639,34.8615,1998,11,7,"US"
2422338002,"Frangula californica",-117.71333,34.11,1997,4,2,"US"
2430296173,"Frangula californica",-117.696667,34.110833,1997,4,11,"US"
1899735788,"Frangula californica",-117.458333,34.266667,1997,5,13,"US"
2422396417,"Frangula californica",-117.45833,34.275,1997,5,13,"US"
2422396614,"Frangula californica",-117.45833,34.26667,1997,5,13,"US"
2422433202,"Frangula californica",-117.64278,34.23611,1997,5,31,"US"
2423883649,"Frangula californica",-117.45833,34.275,1997,5,13,"US"
2423884198,"Frangula californica",-117.45833,34.26667,1997,5,13,"US"
2422306543,"Frangula californica",-116.94167,34.04167,1997,8,16,"US"
2422308445,"Frangula californica",-116.94167,34.04167,1997,8,16,"US"
2422309183,"Frangula californica",-116.95833,34.09167,1997,8,10,"US"
1258397224,"Frangula californica",-90.25,38.6,1997,10,1,"US"
2422308307,"Frangula californica",-118.16603,34.09842,1997,10,12,"US"
2422335669,"Frangula californica",-117.42667,34.29167,1996,5,5,"US"
2422342215,"Frangula californica",-116.975,34.04167,1996,6,28,"US"
2430346960,"Frangula californica",-116.975,34.041667,1996,6,28,"US"
2422305477,"Frangula californica",-117.08333,34.25972,1996,8,17,"US"
2422432177,"Frangula californica",-117.72222,34.18639,1996,8,7,"US"
2430185417,"Frangula californica",-117.083333,34.258333,1996,8,17,"US"
2430068724,"Frangula californica",-117.680278,34.165556,1996,9,11,"US"
1899735402,"Frangula californica",-118.604389,34.693028,1996,10,29,"US"
2422305872,"Frangula californica",-117.08333,34.025,1996,10,2,"US"
2430288250,"Frangula californica",-118.604389,34.693028,1996,10,29,"US"
38434995,"Frangula californica",-155.817,19.6667,1995,5,12,"US"
2459163370,"Frangula californica",-121.756679,36.614925,1995,5,27,"US"
2422338212,"Frangula californica",-116.97056,33.40694,1995,6,12,"US"
2430086854,"Frangula californica",-116.97498,33.40007,1995,6,12,"US"
2430445824,"Frangula californica",-118.531389,34.629444,1995,6,28,"US"
2422432727,"Frangula californica",-117.66222,34.20028,1995,7,25,"US"
2430118224,"Frangula californica",-118.0368,34.3883999991202,1995,7,11,"US"
3059662065,"Frangula californica",-122.65,38.65,1995,12,3,"US"
2430246818,"Frangula californica",-118.487222,34.65,1994,5,10,"US"
2430257693,"Frangula californica",-120.5654,34.80373,1994,5,25,"US"
1929441944,"Frangula californica",-122.062376,36.983422,1994,8,13,"US"
1846521840,"Frangula californica",-109.988993,31.926309,1993,4,29,"US"
2422338750,"Frangula californica",-117.35,34.3,1993,4,11,"US"
3059661976,"Frangula californica",-120.6,35.3167,1993,5,22,"US"
2270608419,"Frangula californica",-110.904,33.7757,1993,6,11,"US"
2430434876,"Frangula californica",-116.454167,32.866667,1993,6,21,"US"
2422334505,"Frangula californica",-117.43417,34.28083,1993,7,21,"US"
2422338359,"Frangula californica",-116.9425,34.27444,1993,7,14,"US"
2430303685,"Frangula californica",-117.601944,34.34,1993,7,10,"US"
3122395922,"Frangula californica",-110.392721,31.812431,1993,8,27,"US"
2270607557,"Frangula californica",-111.578,34.2683,1993,9,3,"US"
2270608416,"Frangula californica",-110.921,33.92,1993,9,4,"US"
2422337699,"Frangula californica",-117.41667,34.28333,1993,9,15,"US"
2270608918,"Frangula californica",-110.921,33.9345,1992,5,16,"US"
2430099783,"Frangula californica",-117.512936,33.570966,1992,5,19,"US"
2422338045,"Frangula californica",-117.20833,34.2875,1992,6,16,"US"
2430486193,"Frangula californica",-117.18209,34.287769,1992,6,9,"US"
2430547013,"Frangula californica",-117.39078,33.47978,1992,6,4,"US"
2270610407,"Frangula californica",-111.087,33.4299,1991,6,14,"US"
2430050293,"Frangula californica",-118.711387,34.103791,1991,6,13,"US"
2430075890,"Frangula californica",-118.711387,34.103791,1991,6,13,"US"
2430200167,"Frangula californica",-118.711387,34.103791,1991,6,24,"US"
2430288889,"Frangula californica",-118.711387,34.103791,1991,6,13,"US"
2430364464,"Frangula californica",-118.711387,34.103791,1991,6,24,"US"
2430120731,"Frangula californica",-118.072582,34.374632,1991,7,24,"US"
2430335913,"Frangula californica",-118.195231,34.258718,1991,8,16,"US"
1931065854,"Frangula californica",-111.751951,34.868948,1991,9,4,"US"
2270606878,"Frangula californica",-110.921,33.92,1991,9,7,"US"
2270607762,"Frangula californica",-111.174,33.4298,1991,9,14,"US"
2422339434,"Frangula californica",-117.42889,34.22833,1991,9,28,"US"
2430099569,"Frangula californica",-118.21079,34.401809,1990,6,1,"US"
2430195930,"Frangula californica",-118.061389,34.282222,1990,6,8,"US"
2430328999,"Frangula californica",-117.846667,34.319444,1990,6,25,"US"
2430526578,"Frangula californica",-117.49581,34.2783599991215,1990,6,18,"US"
2430139597,"Frangula californica",-118.0548,34.4033,1990,7,10,"US"
2430432820,"Frangula californica",-117.614041,33.706651,1989,5,12,"US"
2270607599,"Frangula californica",-112.073,34.8958,1989,7,29,"US"
2422307894,"Frangula californica",-118.55,35.5,1989,7,22,"US"
3122397663,"Frangula californica",-111.996144,34.982676,1989,7,29,"US"
3059661969,"Frangula californica",-118.0833,34.2,1989,12,28,"US"
1899734003,"Frangula californica",-120.475,38.125,1988,5,31,"US"
2430056020,"Frangula californica",-117.667811,34.223188,1988,5,7,"US"
2270685735,"Frangula californica",-109.878,32.7011,1988,7,28,"US"
2422367065,"Frangula californica",-110.83594,33.29294,1988,7,14,"US"
51940461,"Frangula californica",-123.6734,42.2404,1988,8,18,"US"
2422338006,"Frangula californica",-119.08333,36.85,1986,4,27,"US"
2564276308,"Frangula californica",-117.5549,33.634906,1986,5,15,"US"
2422338675,"Frangula californica",-117.91278,34.34667,1986,6,15,"US"
2422341016,"Frangula californica",-116.76667,33.99167,1986,6,22,"US"
1930963128,"Frangula californica",-113.889,35.1019,1986,8,15,"US"
2453227177,"Frangula californica",-122.566667,37.9,1986,9,13,"US"
1846521835,"Frangula californica",-117.499519,34.239982,1985,5,25,"US"
2422405121,"Frangula californica",-117.45611,34.20833,1985,5,12,"US"
2430202656,"Frangula californica",-117.456111,34.208333,1985,5,12,"US"
2459160781,"Frangula californica",-122.065903,37.003399,1985,5,19,"US"
2459165270,"Frangula californica",-122.0659,37.0034,1985,5,19,"US"
2459166422,"Frangula californica",-122.06574,37.00629,1985,5,11,"US"
2459167007,"Frangula californica",-122.06574,37.00629,1985,5,19,"US"
2422336287,"Frangula californica",-122.75861,38.76333,1985,6,5,"US"
2430120993,"Frangula californica",-117.35,33.475,1985,7,18,"US"
2430309990,"Frangula californica",-117.661353,34.156745,1984,5,12,"US"
2270276976,"Frangula californica",-119.2658,34.5448,1983,6,25,"US"
2423884925,"Frangula californica",-124.09135,40.26453,1983,7,1,"US"
2430335860,"Frangula californica",-120.416667,34.666667,1982,7,13,"US"
2974106925,"Frangula californica",-120.416667,34.666667,1982,7,13,"US"
2351009372,"Frangula californica",-118.726667,34.1049999991236,1981,5,17,"US"
2430475099,"Frangula californica",-117.824258,34.161276,1981,5,24,"US"
3122395388,"Frangula californica",-111.767669,34.516174,1981,5,29,"US"
2270607333,"Frangula californica",-110.936,33.4294,1981,6,10,"US"
2270608568,"Frangula californica",-110.841,33.2982,1981,6,20,"US"
2422336546,"Frangula californica",-120.81333,35.31639,1981,6,20,"US"
2430302618,"Frangula californica",-123.68288,39.96173,1981,7,7,"US"
3059662066,"Frangula californica",-120.603782,35.038587,1980,5,25,"US"
2270610021,"Frangula californica",-110.703,31.6342,1980,6,12,"US"
2430435266,"Frangula californica",-117.30707,34.3639499991205,1980,6,2,"US"
2430203004,"Frangula californica",-123.6411,38.848,1979,1,28,"US"
2270608987,"Frangula californica",-110.705,32.4303,1979,7,28,"US"
2430460889,"Frangula californica",-117.051667,34.275556,1979,7,3,"US"
2422366452,"Frangula californica",-110.68428,31.37186,1979,9,10,"US"
3122398038,"Frangula californica",-110.68579,31.371116,1979,9,10,"US"
2430454820,"Frangula californica",-122.38915,39.01745,1978,4,29,"US"
2423885404,"Frangula californica",-121.496326,36.051905,1978,7,30,"US"
2351009972,"Frangula californica",-118.776,34.0514,1978,8,12,"US"
2270608678,"Frangula californica",-110.703,31.6342,1977,6,20,"US"
2270609611,"Frangula californica",-109.406,32.96,1977,6,29,"US"
2430424997,"Frangula californica",-123.043182,38.728808,1977,6,20,"US"
2430554904,"Frangula californica",-123.5979,38.8093,1977,6,19,"US"
3079207656,"Frangula californica",-117.526889,34.239889,1977,8,28,"US"
2270609574,"Frangula californica",-111.883,34.0257,1976,5,31,"US"
2422334620,"Frangula californica",-122.08611,37.04944,1976,6,6,"US"
3079205957,"Frangula californica",-117.526889,34.239889,1976,6,18,"US"
3079208671,"Frangula californica",-117.526889,34.239889,1976,12,28,"US"
2351009921,"Frangula californica",-118.7153,34.7137,1975,6,29,"US"
1846521810,"Frangula californica",-117.589492,33.662609,1975,7,18,"US"
1846521868,"Frangula californica",-117.589492,33.662609,1975,7,18,"US"
2270609080,"Frangula californica",-111.75,34.991,1975,8,1,"US"
1846521785,"Frangula californica",-113.922984,35.141103,1975,9,13,"US"
2430217596,"Frangula californica",-116.948961,34.051401,1975,9,16,"US"
2270607791,"Frangula californica",-111.75,34.991,1975,10,18,"US"
2430354794,"Frangula californica",-117.7651,34.4986,1974,4,22,"US"
2430065721,"Frangula californica",-117.510619512413,33.6699823080228,1974,6,27,"US"
2430090760,"Frangula californica",-122.4413,37.7387,1974,7,6,"US"
2430423032,"Frangula californica",-117.14624,33.41053,1974,7,13,"US"
2430170484,"Frangula californica",-122.476601,37.809399,1974,9,7,"US"
2564276504,"Frangula californica",-117.457718,34.271107,1974,10,20,"US"
2422387113,"Frangula californica",-118.23889,34.33278,1973,5,15,"US"
1931042764,"Frangula californica",-111.750713,34.941169,1973,6,29,"US"
2422390154,"Frangula californica",-117.68972,34.16972,1973,6,2,"US"
51940534,"Frangula californica",-123.9839,42.1828,1973,7,3,"US"
2270608614,"Frangula californica",-111.781,35.0174,1973,7,22,"US"
3079208984,"Frangula californica",-117.465083,34.272306,1972,7,19,"US"
2430180528,"Frangula californica",-117.66843,34.17737,1971,5,12,"US"
2430236036,"Frangula californica",-117.54354,34.1934,1971,5,24,"US"
2270607637,"Frangula californica",-110.589,31.7903,1970,3,15,"US"
2422454768,"Frangula californica",-117.86778,34.15444,1969,4,22,"US"
2270609726,"Frangula californica",-111.77,35,1969,6,28,"US"
2351010555,"Frangula californica",-118.2962,34.1188,1969,6,3,"US"
2351011019,"Frangula californica",-119.9736,34.5263,1969,6,4,"US"
2422487514,"Frangula californica",-118.76861,36.4425,1969,6,18,"US"
2430267004,"Frangula californica",-123.6443,38.9564,1969,7,4,"US"
2430307345,"Frangula californica",-121.9319,37.591,1969,10,12,"US"
2430159051,"Frangula californica",-117.638599,34.25045,1968,7,27,"US"
2270609534,"Frangula californica",-110.821,33.2822,1968,8,24,"US"
2270608436,"Frangula californica",-111.205,33.5975,1967,4,8,"US"
2430472774,"Frangula californica",-118.263469,34.41618,1967,5,24,"US"
2270610028,"Frangula californica",-110.777,32.3656,1967,9,8,"US"
2430460459,"Frangula californica",-117.4652,34.2729,1967,10,10,"US"
2422340634,"Frangula californica",-118.76694,36.43722,1966,4,30,"US"
2422337916,"Frangula californica",-117.51417,33.67833,1966,5,1,"US"
2270609017,"Frangula californica",-110.868,33.3992,1966,6,18,"US"
2422337303,"Frangula californica",-117.14556,34.20361,1966,6,11,"US"
2270609212,"Frangula californica",-110.921,32.5,1966,7,25,"US"
2270610274,"Frangula californica",-110.921,32.5,1966,7,25,"US"
1988103388,"Frangula californica",-123.8,40.2,1966,8,26,"US"
2270609443,"Frangula californica",-110.79,32.44,1966,8,18,"US"
2422338207,"Frangula californica",-118.35339,34.35778,1966,11,19,"US"
2413154465,"Frangula californica",-117.712639,34.097569,1965,2,4,"US"
2430082701,"Frangula californica",-122.185766782851,37.3182533569993,1965,5,29,"US"
2270607617,"Frangula californica",-110.774,31.8258,1965,6,19,"US"
2351010651,"Frangula californica",-117.000556,34.1019439991237,1965,6,3,"US"
2430255718,"Frangula californica",-117.713428,34.232078,1965,6,16,"US"
2430194809,"Frangula californica",-122.601757,37.897309,1964,5,17,"US"
2430346377,"Frangula californica",-122.4783,37.7966,1964,8,19,"US"
2351009187,"Frangula californica",-118.1704,34.1792,1963,4,26,"US"
51940309,"Frangula californica",-123.7489,42.0454,1963,7,5,"US"
2270610514,"Frangula californica",-110.991,33.2938,1963,8,22,"US"
2270608719,"Frangula californica",-110.86,33.83,1962,5,22,"US"
2430337617,"Frangula californica",-121.49797,36.06485,1962,6,20,"US"
3059661962,"Frangula californica",-122.7781,38.8929,1962,7,10,"US"
2270608599,"Frangula californica",-110.68452,32.378117,1962,10,20,"US"
2430321734,"Frangula californica",-117.8057,34.174282,1961,5,11,"US"
2430375703,"Frangula californica",-122.433333,37.683333,1961,5,7,"US"
2422340276,"Frangula californica",-118.35333,34.3575,1961,6,13,"US"
2430309616,"Frangula californica",-118.716667,34.1,1959,5,5,"US"
2430560705,"Frangula californica",-118,34,1959,5,3,"US"
2270608482,"Frangula californica",-111.76,34.8697,1959,6,2,"US"
2430311719,"Frangula californica",-118.833333,34.083333,1959,9,20,"US"
2270607169,"Frangula californica",-110.84,33.6628,1958,8,16,"US"
51940958,"Frangula californica",-124.0678,42.5567,1958,9,3,"US"
51940963,"Frangula californica",-123.8217,42.3716,1957,5,30,"US"
2430299884,"Frangula californica",-122.4812,37.7109,1956,5,24,"US"
2430209786,"Frangula californica",-121.4,36.008333,1955,7,16,"US"
2430422442,"Frangula californica",-122.16,37.146667,1954,5,26,"US"
2422338026,"Frangula californica",-120.81111,35.75278,1954,8,27,"US"
2351011014,"Frangula californica",-118.2444,34.0525,1953,5,2,"US"
2430090827,"Frangula californica",-122.58502,37.912412,1953,10,8,"US"
2430233738,"Frangula californica",-123.8658,40.2716,1953,10,11,"US"
2430435251,"Frangula californica",-123.1744,39.441,1952,9,8,"US"
2573425680,"Frangula californica",-111.743222,34.990903,1951,6,23,"US"
2430352245,"Frangula californica",-122.867747,38.461917,1951,8,18,"US"
2430150301,"Frangula californica",-124.318,40.3414,1950,6,18,"US"
2430204033,"Frangula californica",-121.966667,26.975,1950,6,10,"US"
2430198049,"Frangula californica",-123.0181,40.9445,1949,7,1,"US"
2430087986,"Frangula californica",-121.9306,36.4903,1948,5,23,"US"
2459164751,"Frangula californica",-122.600995799698,37.9085887862137,1948,10,9,"US"
2572939021,"Frangula californica",-110.880087,31.725088,1947,7,31,"US"
2610074036,"Frangula californica",-110.826741,31.721616,1947,7,31,"US"
3091197926,"Frangula californica",-110.784034,31.825918,1947,7,31,"US"
2430380587,"Frangula californica",-117.819325,34.163507,1946,1,26,"US"
2430455808,"Frangula californica",-117.316944,33.595,1944,5,13,"US"
3053439496,"Frangula californica",-111.7283,34.914,1943,5,29,"US"
2430506704,"Frangula californica",-117.641631,34.252083,1942,6,25,"US"
2430124828,"Frangula californica",-121.5096,41.1703,1940,5,26,"US"
2430215885,"Frangula californica",-123.4753,41.9246,1940,7,8,"US"
2270608305,"Frangula californica",-110.774,31.8258,1940,8,12,"US"
2430154393,"Frangula californica",-118.095833,34.180556,1938,6,11,"US"
2430541603,"Frangula californica",-122.2372,37.3994,1937,7,8,"US"
2564274518,"Frangula californica",-118.478029,34.096897,1936,5,20,"US"
2564276198,"Frangula californica",-118.478029,34.096897,1936,5,20,"US"
2430360284,"Frangula californica",-122.982797,38.469351,1936,6,8,"US"
2459162173,"Frangula californica",-121.756679,36.614925,1936,6,21,"US"
2430358505,"Frangula californica",-121.5034,37.672,1936,8,8,"US"
2564274567,"Frangula californica",-117.667877,34.222769,1936,9,6,"US"
2430433455,"Frangula californica",-122.2443,37.8726,1935,5,26,"US"
2430263146,"Frangula californica",-117.500620062986,33.7499800845538,1935,6,17,"US"
2430529297,"Frangula californica",-122.464897,37.7976,1935,6,29,"US"
2430067902,"Frangula californica",-123.7476,39.1962,1935,7,26,"US"
2430311320,"Frangula californica",-123.7476,39.1962,1935,7,26,"US"
2270608937,"Frangula californica",-111.011,33.7232,1935,8,18,"US"
3091282636,"Frangula californica",-112.46778,34.54,1935,8,18,"US"
2430391967,"Frangula californica",-117.6292,33.8586,1934,4,8,"US"
2430423206,"Frangula californica",-117.5871,33.7806,1934,4,7,"US"
2430051544,"Frangula californica",-117.645786,34.244051,1934,5,13,"US"
2430160893,"Frangula californica",-124.0703,40.0311,1934,6,30,"US"
2430486133,"Frangula californica",-124.0703,40.0311,1934,6,30,"US"
2564274454,"Frangula californica",-120.062072,38.900837,1934,6,18,"US"
2430102808,"Frangula californica",-122.3423,37.5203,1934,7,29,"US"
2430296856,"Frangula californica",-121.4721,37.3617,1934,9,2,"US"
2430297840,"Frangula californica",-123.6835,38.972,1934,9,2,"US"
2430233455,"Frangula californica",-118.540946,34.075326,1933,3,25,"US"
2430488231,"Frangula californica",-118.540946,34.075326,1933,3,25,"US"
2422397418,"Frangula californica",-120.41278,34.63167,1933,5,30,"US"
2430425295,"Frangula californica",-117.675161,34.202824,1933,6,17,"US"
2430539116,"Frangula californica",-122.170967867139,37.4298509396586,1933,6,14,"US"
1090571194,"Frangula californica",-116.8,33.0333,1932,6,23,"US"
2430207458,"Frangula californica",-121.86748,36.60643,1932,7,16,"US"
2430396130,"Frangula californica",-117.720972,34.188035,1932,7,2,"US"
2430128209,"Frangula californica",-116.944349,34.031464,1932,10,10,"US"
2564276489,"Frangula californica",-118.242416,34.296851,1931,4,10,"US"
51940022,"Frangula californica",-124.1246,42.4611,1931,5,NA,"US"
2430057259,"Frangula californica",-117.49788,34.236529999122,1931,5,10,"US"
3053399138,"Frangula californica",-118.1148,34.129,1931,6,3,"US"
2430089569,"Frangula californica",-122.2443,37.8726,1931,7,18,"US"
2430137252,"Frangula californica",-123.594,39.2644,1931,7,7,"US"
2430154883,"Frangula californica",-122.318619413293,40.7629227933486,1931,7,16,"US"
2430264909,"Frangula californica",-123.798468147478,39.3071978738084,1931,7,10,"US"
2430272623,"Frangula californica",-123.591293840478,39.2646284920422,1931,7,6,"US"
2430355746,"Frangula californica",-122.318619413293,40.7629227933486,1931,7,16,"US"
2430299652,"Frangula californica",-123.6027,40.8813,1931,8,31,"US"
2430446864,"Frangula californica",-123.6027,40.8813,1931,8,31,"US"
2564274532,"Frangula californica",-119.134713,34.81242,1931,10,25,"US"
2242410014,"Frangula californica",-122.436582,37.752674,1931,12,6,"US"
2422394660,"Frangula californica",-118.50278,34.10556,1930,2,25,"US"
2430086460,"Frangula californica",-122.772269,37.96637,1930,6,14,"US"
2859167247,"Frangula californica",-121.695664,37.998221,1930,9,7,"US"
2430495381,"Frangula californica",-122.1895,37.3988,1929,3,2,"US"
1846557138,"Frangula californica",-118.503,34.1056,1929,4,1,"US"
2430150485,"Frangula californica",-117.757724,34.176403,1929,5,26,"US"
2564276057,"Frangula californica",-118.518279,34.087453,1929,6,NA,"US"
51940024,"Frangula californica",-124.0825,42.2706,1929,7,5,"US"
2430045558,"Frangula californica",-123.3157,39.3452,1928,2,26,"US"
2430357934,"Frangula californica",-122.593839,38.666099,1928,2,25,"US"
2430405038,"Frangula californica",-123.47721,39.66186,1928,2,19,"US"
2430241356,"Frangula californica",-122.27509,37.09558,1928,4,4,"US"
2430352939,"Frangula californica",-122.27509,37.09558,1928,4,4,"US"
2422388704,"Frangula californica",-122.46528,37.79722,1928,5,26,"US"
2430091180,"Frangula californica",-117.659547,34.235456,1928,5,2,"US"
2430136603,"Frangula californica",-121.7134,37.4751,1928,5,24,"US"
2430216524,"Frangula californica",-122.46,37.8036,1928,5,26,"US"
2430424559,"Frangula californica",-122.631883,38.668833,1928,5,4,"US"
2430543737,"Frangula californica",-122.46,37.8036,1928,5,26,"US"
2430545254,"Frangula californica",-122.598909,38.639756,1928,5,3,"US"
2430077060,"Frangula californica",-116.64837,33.09884,1928,6,22,"US"
2430113444,"Frangula californica",-116.64837,33.09884,1928,6,22,"US"
2430380598,"Frangula californica",-116.56877,32.99733,1928,6,22,"US"
2430506871,"Frangula californica",-116.9243,33.00877,1928,6,22,"US"
2422423948,"Frangula californica",-109.17333,31.92972,1928,7,9,"US"
2430172894,"Frangula californica",-123.488548324479,41.3814747098103,1928,7,25,"US"
2430454421,"Frangula californica",-123.4899,41.3738,1928,7,25,"US"
2430519529,"Frangula californica",-123.7541,39.8935,1928,7,14,"US"
2430149907,"Frangula californica",-122.1923,37.4139,1928,8,19,"US"
2422390585,"Frangula californica",-117.76944,34.16667,1928,10,21,"US"
2430130135,"Frangula californica",-117.757724,34.176403,1928,10,21,"US"
2430225528,"Frangula californica",-122.2372,37.3994,1928,12,15,"US"
2430349525,"Frangula californica",-122.2372,37.3994,1928,12,4,"US"
2430530887,"Frangula californica",-121.9319,37.591,1927,6,13,"US"
2430134697,"Frangula californica",-123.620850553438,40.9447703826338,1927,7,3,"US"
2430130461,"Frangula californica",-123.5392,41.5759,1927,8,27,"US"
2430324225,"Frangula californica",-124.2593,40.3089,1927,8,30,"US"
2430537285,"Frangula californica",-123.9276,39.9863,1927,8,30,"US"
3053397129,"Frangula californica",-119.7137,34.4439,1927,8,27,"US"
2430097046,"Frangula californica",-123.5469,38.7815,1927,9,2,"US"
2430205475,"Frangula californica",-123.6336,40.9462,1926,8,15,"US"
2430387175,"Frangula californica",-121.8913,36.3668,1923,6,27,"US"
2430416498,"Frangula californica",-120.225,34.489399999119,1923,6,15,"US"
2430357165,"Frangula californica",-123.357633463326,39.4697045793933,1923,7,7,"US"
2430426372,"Frangula californica",-117.598816,34.240766,1917,7,31,"US"
2430313149,"Frangula californica",-117.346399,34.131521,1915,9,25,"US"
2430509948,"Frangula californica",-122.817061,38.786067,1909,5,29,"US"
2516261639,"Frangula californica",-121.464517,45.714842,1909,7,1,"US"
2430238217,"Frangula californica",-121.91957,36.61815,1907,6,5,"US"
2270570321,"Frangula californica",-110.795,32.3302,1903,6,15,"US"
2270571578,"Frangula californica",-110.774,31.8258,1903,6,15,"US"
2516345820,"Frangula californica",-121.894676,36.600238,1903,6,9,"US"
2516240539,"Frangula californica",-121.464517,45.714842,1903,8,1,"US"
2430082441,"Frangula californica",-122.464897,37.7976,1902,6,10,"US"
2430215068,"Frangula californica",-122.875613,38.662318,1902,7,8,"US"
2430216377,"Frangula californica",-122.015758619276,36.974062692994,1881,6,21,"US"
1039372294,"Frangula californica",-112.142728,45.196987,NA,NA,NA,"US"
2270607216,"Frangula californica",-109.945,32.6228,NA,NA,NA,"US"
2270607263,"Frangula californica",-111.308,33.9303,NA,NA,NA,"US"
2422356199,"Frangula californica",-118.50278,34.10556,NA,NA,NA,"US"
2422356698,"Frangula californica",-118.50278,34.10556,NA,NA,NA,"US"
2430213410,"Frangula californica",-118.503276,34.100079,NA,NA,NA,"US"
2430221512,"Frangula californica",-116.9038,34.2561,NA,NA,NA,"US"
2430256389,"Frangula californica",-116.948261,34.271123,NA,NA,NA,"US"
2430315579,"Frangula californica",-123.7987,39.3314,NA,NA,NA,"US"
2430336103,"Frangula californica",-122.238583118663,37.873368534404,NA,NA,NA,"US"
2430360814,"Frangula californica",-122.4413,37.7514,NA,NA,NA,"US"
2430380144,"Frangula californica",-117.7642,33.5214,NA,NA,NA,"US"
2430407230,"Frangula californica",-117.5826,33.7484,NA,NA,NA,"US"
2430476186,"Frangula californica",-123.7987,39.3314,NA,NA,NA,"US"
2430498220,"Frangula californica",-118.503276,34.100079,NA,NA,NA,"US"
2564276352,"Frangula californica",-118.518279,34.087453,NA,NA,NA,"US"
3079207028,"Frangula californica",-117.465194,34.273,NA,NA,NA,"US"
