"gbifID","species","longitude","latitude","year","month","day","countryCode","accepted_name"
"3383946918","Ruta graveolens",-79.963121,43.94581,2021,7,29,"CA","Ruta graveolens"
"3383897452","Ruta graveolens",-82.183314,42.589561,2020,6,16,"CA","Ruta graveolens"
"3384591475","Ruta graveolens",-79.936113,43.65402,2020,6,28,"CA","Ruta graveolens"
"3384621522","Ruta graveolens",-79.443792,43.655583,2020,9,13,"CA","Ruta graveolens"
"1988239554","Ruta graveolens",-123.246517,49.253318,2011,7,8,"CA","Ruta graveolens"
"1804461151","Ruta graveolens",-80.9833,44.6833,1984,10,11,"CA","Ruta graveolens"
"2250592360","Ruta graveolens",-79.1642,43.8421,1953,4,7,"CA","Ruta graveolens"
"3348810374","Ruta graveolens",-79.160004,43.84,1953,4,7,"CA","Ruta graveolens"
"2561515091","Ruta graveolens",-123.25081,49.25408,NA,NA,NA,"CA","Ruta graveolens"
"2561521551","Ruta graveolens",-123.25081,49.25408,NA,NA,NA,"CA","Ruta graveolens"
"2242770283","Ruta graveolens",-98.189515,18.853913,2019,4,27,"MX","Ruta graveolens"
"3308162413","Ruta graveolens",-101.228,19.64833,2012,6,4,"MX","Ruta graveolens"
"3308687494","Ruta graveolens",-100.09361,19.7175,2010,6,8,"MX","Ruta graveolens"
"1257588550","Ruta graveolens",-88.89868,20.5993,2007,7,19,"MX","Ruta graveolens"
"1457795660","Ruta graveolens",-88.89868,20.5993,2007,7,19,"MX","Ruta graveolens"
"2629478106","Ruta graveolens",-96.941944,19.51,2006,4,4,"MX","Ruta graveolens"
"1421385238","Ruta graveolens",-90.118333,19.484722,2004,2,10,"MX","Ruta graveolens"
"1894424390","Ruta graveolens",-100.284444,25.348889,2004,4,8,"MX","Ruta graveolens"
"1894424342","Ruta graveolens",-100.302222,25.355833,2004,5,1,"MX","Ruta graveolens"
"1894424383","Ruta graveolens",-100.142778,25.231389,2004,8,21,"MX","Ruta graveolens"
"1894547901","Ruta graveolens",-93.293333,18.13,2004,9,1,"MX","Ruta graveolens"
"1893677738","Ruta graveolens",-100.840626,20.473157,2002,9,27,"MX","Ruta graveolens"
"2629662517","Ruta graveolens",-96.966103,18.797075,1999,1,20,"MX","Ruta graveolens"
"1893387925","Ruta graveolens",-107.619444,27.116944,1999,3,21,"MX","Ruta graveolens"
"3306424664","Ruta graveolens",-92.8014,17.063883,1999,5,26,"MX","Ruta graveolens"
"2859561488","Ruta graveolens",-98.05667,17.32075,1998,3,20,"MX","Ruta graveolens"
"3307944794","Ruta graveolens",-98.05667,17.32075,1998,3,20,"MX","Ruta graveolens"
"3308007214","Ruta graveolens",-96.633,16.3,1998,11,22,"MX","Ruta graveolens"
"1257565687","Ruta graveolens",-96.300278,16.301667,1997,4,20,"MX","Ruta graveolens"
"3307966435","Ruta graveolens",-96.30028,16.30167,1997,4,20,"MX","Ruta graveolens"
"3308530996","Ruta graveolens",-96.30028,16.30167,1997,4,20,"MX","Ruta graveolens"
"1257559670","Ruta graveolens",-96.300278,16.301667,1996,8,6,"MX","Ruta graveolens"
"1895140252","Ruta graveolens",-92.736389,17.046667,1996,8,10,"MX","Ruta graveolens"
"3308661893","Ruta graveolens",-96.30028,16.30167,1996,11,26,"MX","Ruta graveolens"
"2629515991","Ruta graveolens",-98.5,20.346667,1994,9,29,"MX","Ruta graveolens"
"1894547904","Ruta graveolens",-92.829167,17.93,1993,5,21,"MX","Ruta graveolens"
"3308423347","Ruta graveolens",-98.03333,19.53333,1992,8,8,"MX","Ruta graveolens"
"1419193354","Ruta graveolens",-98.889444,19.492222,1991,6,20,"MX","Ruta graveolens"
"1894677438","Ruta graveolens",-88.5179129187031,18.5034724821937,1990,4,24,"MX","Ruta graveolens"
"1895140251","Ruta graveolens",-92.709722,16.868333,1988,1,20,"MX","Ruta graveolens"
"1893677739","Ruta graveolens",-92.434722,16.527222,1988,2,17,"MX","Ruta graveolens"
"1893825056","Ruta graveolens",-92.3788298688034,16.5485548224407,1988,2,17,"MX","Ruta graveolens"
"1895140228","Ruta graveolens",-92.4342680413139,16.4957432779466,1988,2,12,"MX","Ruta graveolens"
"1895140273","Ruta graveolens",-92.386111,16.551111,1988,2,17,"MX","Ruta graveolens"
"1893677723","Ruta graveolens",-92.434722,16.527222,1988,3,4,"MX","Ruta graveolens"
"1895140318","Ruta graveolens",-92.434722,16.527222,1988,3,4,"MX","Ruta graveolens"
"1258603287","Ruta graveolens",-92.64,16.81,1988,4,7,"MX","Ruta graveolens"
"1895140263","Ruta graveolens",-92.646389,16.819444,1988,4,7,"MX","Ruta graveolens"
"1895140232","Ruta graveolens",-92.731944,16.796667,1988,6,13,"MX","Ruta graveolens"
"1895140285","Ruta graveolens",-92.660833,16.7725,1988,10,25,"MX","Ruta graveolens"
"1896067705","Ruta graveolens",-92.695833,16.815833,1987,1,20,"MX","Ruta graveolens"
"1896067715","Ruta graveolens",-92.327222,16.500833,1987,2,17,"MX","Ruta graveolens"
"1896067693","Ruta graveolens",-92.6775,16.775,1987,4,7,"MX","Ruta graveolens"
"1896067704","Ruta graveolens",-92.694722,16.785,1987,6,13,"MX","Ruta graveolens"
"1895140231","Ruta graveolens",-92.434722,16.527222,1987,8,13,"MX","Ruta graveolens"
"1895140262","Ruta graveolens",-92.661389,16.799444,1987,8,14,"MX","Ruta graveolens"
"1896067706","Ruta graveolens",-92.666111,16.795,1987,8,14,"MX","Ruta graveolens"
"1895140294","Ruta graveolens",-92.693611,16.856667,1987,11,11,"MX","Ruta graveolens"
"1896067684","Ruta graveolens",-92.687778,16.793889,1987,11,11,"MX","Ruta graveolens"
"2629681849","Ruta graveolens",-99.1825,23.080833,1986,2,14,"MX","Ruta graveolens"
"2629725961","Ruta graveolens",-97.95,20.95,1986,2,9,"MX","Ruta graveolens"
"2629734944","Ruta graveolens",-97.95,20.95,1986,2,9,"MX","Ruta graveolens"
"1893825063","Ruta graveolens",-101.099769731116,22.2700107091078,1986,3,22,"MX","Ruta graveolens"
"1418342641","Ruta graveolens",-95.241667,16.991667,1986,5,20,"MX","Ruta graveolens"
"1258603283","Ruta graveolens",-88.82,20.54,1986,6,13,"MX","Ruta graveolens"
"1421410314","Ruta graveolens",-88.663333,20.547222,1986,6,13,"MX","Ruta graveolens"
"1421410330","Ruta graveolens",-88.663333,20.547222,1986,6,13,"MX","Ruta graveolens"
"2629676871","Ruta graveolens",-88.827222,20.547222,1986,6,13,"MX","Ruta graveolens"
"3308481662","Ruta graveolens",-88.82722,20.54722,1986,6,13,"MX","Ruta graveolens"
"1893677748","Ruta graveolens",-96.925,19.558333,1986,7,21,"MX","Ruta graveolens"
"3308387445","Ruta graveolens",-96.917,19.533,1986,7,21,"MX","Ruta graveolens"
"1896067683","Ruta graveolens",-98.150833,20.194444,1985,3,14,"MX","Ruta graveolens"
"2629566999","Ruta graveolens",-97.105555,19.701111,1985,6,9,"MX","Ruta graveolens"
"2629568446","Ruta graveolens",-97.027222,19.610833,1985,7,9,"MX","Ruta graveolens"
"3306430760","Ruta graveolens",-93.1833,16.466667,1985,10,15,"MX","Ruta graveolens"
"1894677459","Ruta graveolens",-87.993611,19.494722,1983,5,1,"MX","Ruta graveolens"
"3306420574","Ruta graveolens",-92.6167,16.7,1983,11,18,"MX","Ruta graveolens"
"1896067703","Ruta graveolens",-101.694167,19.595833,1981,3,21,"MX","Ruta graveolens"
"1894895223","Ruta graveolens",-96.941667,19.508333,1981,11,14,"MX","Ruta graveolens"
"2629512457","Ruta graveolens",-99.316667,20.8,1981,11,20,"MX","Ruta graveolens"
"1419225423","Ruta graveolens",-98.82,19.498611,1980,4,30,"MX","Ruta graveolens"
"2629673129","Ruta graveolens",-98.866667,19.5,1980,4,30,"MX","Ruta graveolens"
"2629472457","Ruta graveolens",-99.815,26.892778,1979,3,14,"MX","Ruta graveolens"
"1896067713","Ruta graveolens",-100.518611,26.005278,1979,6,6,"MX","Ruta graveolens"
"2629524070","Ruta graveolens",-99.160278,18.628889,1977,4,25,"MX","Ruta graveolens"
"2629909362","Ruta graveolens",-116.13333,31.93333,1969,9,1,"MX","Ruta graveolens"
"3125131945","Ruta graveolens",-116.13333,31.93333,1969,9,1,"MX","Ruta graveolens"
"1896067699","Ruta graveolens",-118.306389,29.024167,1965,2,28,"MX","Ruta graveolens"
"2284212753","Ruta graveolens",-118.28,29.1583,1965,2,28,"MX","Ruta graveolens"
"3323484334","Ruta graveolens",-118.28501,29.15323,1965,2,28,"MX","Ruta graveolens"
"1895498259","Ruta graveolens",-99.521997,27.416524,1962,3,17,"MX","Ruta graveolens"
"1259242825","Ruta graveolens",-89.09,20.7,1896,NA,NA,"MX","Ruta graveolens"
"2629551594","Ruta graveolens",-97.010555,19.031944,NA,NA,NA,"MX","Ruta graveolens"
"2629719552","Ruta graveolens",-94.405,18.15,NA,NA,NA,"MX","Ruta graveolens"
"3759096877","Ruta graveolens",-122.494785,37.752056,2022,3,24,"US","Ruta graveolens"
"3759611502","Ruta graveolens",-121.461967,38.517692,2022,3,31,"US","Ruta graveolens"
"3384270633","Ruta graveolens",-97.210122,28.747245,2021,2,28,"US","Ruta graveolens"
"3384639622","Ruta graveolens",-121.470497,38.608215,2021,2,8,"US","Ruta graveolens"
"3384281620","Ruta graveolens",-117.260002,34.099998,2021,3,31,"US","Ruta graveolens"
"3384292600","Ruta graveolens",-118.21056,34.078646,2021,3,4,"US","Ruta graveolens"
"3112278724","Ruta graveolens",-79.112053,34.961708,2021,4,30,"US","Ruta graveolens"
"3383892621","Ruta graveolens",-97.209961,28.747363,2021,4,3,"US","Ruta graveolens"
"3383897620","Ruta graveolens",-114.613609,32.671173,2021,4,11,"US","Ruta graveolens"
"3383901640","Ruta graveolens",-96.795905,33.109347,2021,4,18,"US","Ruta graveolens"
"3384299627","Ruta graveolens",-96.63593,32.318011,2021,4,8,"US","Ruta graveolens"
"3384616635","Ruta graveolens",-97.594778,29.583283,2021,4,8,"US","Ruta graveolens"
"3112285039","Ruta graveolens",-98.654687,29.616128,2021,5,1,"US","Ruta graveolens"
"3112450688","Ruta graveolens",-97.152638,32.897814,2021,5,2,"US","Ruta graveolens"
"3112751157","Ruta graveolens",-98.4636,29.5989,2021,5,3,"US","Ruta graveolens"
"3383874668","Ruta graveolens",-95.673353,29.980158,2021,5,3,"US","Ruta graveolens"
"3383878671","Ruta graveolens",-86.179482,35.375465,2021,5,11,"US","Ruta graveolens"
"3383889678","Ruta graveolens",-97.708037,31.047534,2021,5,1,"US","Ruta graveolens"
"3383890717","Ruta graveolens",-89.401893,40.159099,2021,5,7,"US","Ruta graveolens"
"3383914666","Ruta graveolens",-96.721596,33.01226,2021,5,10,"US","Ruta graveolens"
"3383923719","Ruta graveolens",-76.55204,39.41571,2021,5,24,"US","Ruta graveolens"
"3383924710","Ruta graveolens",-97.808564,28.465989,2021,5,9,"US","Ruta graveolens"
"3383928680","Ruta graveolens",-98.521469,29.67853,2021,5,12,"US","Ruta graveolens"
"3383940711","Ruta graveolens",-118.42945,34.26947,2021,5,10,"US","Ruta graveolens"
"3383958706","Ruta graveolens",-83.90699,35.958218,2021,5,20,"US","Ruta graveolens"
"3384260628","Ruta graveolens",-86.311775,39.907801,2021,5,15,"US","Ruta graveolens"
"3384291727","Ruta graveolens",-95.248338,38.918869,2021,5,26,"US","Ruta graveolens"
"3384331676","Ruta graveolens",-122.093432,38.300257,2021,5,13,"US","Ruta graveolens"
"3384333670","Ruta graveolens",-120.447525,34.873146,2021,5,29,"US","Ruta graveolens"
"3384598680","Ruta graveolens",-118.234528,34.046517,2021,5,22,"US","Ruta graveolens"
"3384629691","Ruta graveolens",-118.059482,33.980969,2021,5,1,"US","Ruta graveolens"
"3384653706","Ruta graveolens",-74.895142,40.07057,2021,5,21,"US","Ruta graveolens"
"3384662676","Ruta graveolens",-78.616995,35.941675,2021,5,3,"US","Ruta graveolens"
"3383887735","Ruta graveolens",-82.924518,42.529377,2021,6,14,"US","Ruta graveolens"
"3383932774","Ruta graveolens",-76.454907,41.004281,2021,6,14,"US","Ruta graveolens"
"3384267758","Ruta graveolens",-73.863838,41.0697,2021,6,7,"US","Ruta graveolens"
"3384371730","Ruta graveolens",-122.505059,37.777232,2021,6,11,"US","Ruta graveolens"
"3384659787","Ruta graveolens",-97.366533,32.646287,2021,6,20,"US","Ruta graveolens"
"3384606832","Ruta graveolens",-71.43224,42.482689,2021,7,9,"US","Ruta graveolens"
"3343784581","Ruta graveolens",-73.91873,40.946833,2021,8,4,"US","Ruta graveolens"
"3384656213","Ruta graveolens",-80.387634,40.781624,2021,9,1,"US","Ruta graveolens"
"3384748336","Ruta graveolens",-121.844057,36.605103,2021,9,8,"US","Ruta graveolens"
"3398694937","Ruta graveolens",-84.272444,33.383781,2021,10,3,"US","Ruta graveolens"
"3384606427","Ruta graveolens",-112.184504,33.507987,2020,3,26,"US","Ruta graveolens"
"2610965804","Ruta graveolens",-97.702214,30.319524,2020,4,26,"US","Ruta graveolens"
"2620159686","Ruta graveolens",-98.762754,29.808534,2020,4,26,"US","Ruta graveolens"
"3383854438","Ruta graveolens",-118.045603,34.064456,2020,4,22,"US","Ruta graveolens"
"3383936444","Ruta graveolens",-117.351901,34.510138,2020,4,26,"US","Ruta graveolens"
"3383938428","Ruta graveolens",-81.136489,33.85297,2020,4,21,"US","Ruta graveolens"
"3383955443","Ruta graveolens",-121.133492,38.901103,2020,4,20,"US","Ruta graveolens"
"3384230434","Ruta graveolens",-117.031916,34.904818,2020,4,12,"US","Ruta graveolens"
"3455463365","Ruta graveolens",-71.114556,42.379386,2020,4,2,"US","Ruta graveolens"
"2626408043","Ruta graveolens",-97.790425,30.223333,2020,5,14,"US","Ruta graveolens"
"2634383836","Ruta graveolens",-122.024167,36.966224,2020,5,26,"US","Ruta graveolens"
"2850987543","Ruta graveolens",-86.53077,39.191483,2020,5,26,"US","Ruta graveolens"
"2974918991","Ruta graveolens",-73.839104,40.696068,2020,5,1,"US","Ruta graveolens"
"3383870420","Ruta graveolens",-117.42457,34.117117,2020,5,3,"US","Ruta graveolens"
"3383898493","Ruta graveolens",-83.21937,42.286823,2020,5,30,"US","Ruta graveolens"
"3383927436","Ruta graveolens",-117.983939,34.159217,2020,5,22,"US","Ruta graveolens"
"3384229458","Ruta graveolens",-118.386032,34.283028,2020,5,3,"US","Ruta graveolens"
"3384242453","Ruta graveolens",-85.337006,37.337309,2020,5,14,"US","Ruta graveolens"
"3384289453","Ruta graveolens",-122.420014,37.651127,2020,5,4,"US","Ruta graveolens"
"3384303477","Ruta graveolens",-75.114778,39.988513,2020,5,18,"US","Ruta graveolens"
"3384629476","Ruta graveolens",-90.578115,38.769302,2020,5,28,"US","Ruta graveolens"
"3384669458","Ruta graveolens",-122.688054,45.573467,2020,5,7,"US","Ruta graveolens"
"2975112085","Ruta graveolens",-88.244151,42.234542,2020,6,28,"US","Ruta graveolens"
"3383895443","Ruta graveolens",-96.647182,32.743604,2020,6,22,"US","Ruta graveolens"
"3383902450","Ruta graveolens",-121.761835,36.955163,2020,6,2,"US","Ruta graveolens"
"3383934464","Ruta graveolens",-84.261125,39.270775,2020,6,7,"US","Ruta graveolens"
"3117845380","Ruta graveolens",-73.918804,40.946771,2020,7,19,"US","Ruta graveolens"
"3383898529","Ruta graveolens",-70.628257,41.556963,2020,7,17,"US","Ruta graveolens"
"2974611256","Ruta graveolens",-74.034372,41.117722,2020,8,23,"US","Ruta graveolens"
"3384608572","Ruta graveolens",-87.757826,41.845853,2020,9,26,"US","Ruta graveolens"
"2988531544","Ruta graveolens",-117.879295,33.628028,2020,11,19,"US","Ruta graveolens"
"3384623570","Ruta graveolens",-71.085694,42.382508,2020,11,5,"US","Ruta graveolens"
"2999030613","Ruta graveolens",-117.616353,34.029482,2020,12,3,"US","Ruta graveolens"
"2237424944","Ruta graveolens",-97.767394,30.264441,2019,3,31,"US","Ruta graveolens"
"3384635344","Ruta graveolens",-98.193733,26.18968,2019,3,3,"US","Ruta graveolens"
"2237429683","Ruta graveolens",-97.736108,30.341711,2019,4,16,"US","Ruta graveolens"
"2238808113","Ruta graveolens",-98.193695,26.189669,2019,4,26,"US","Ruta graveolens"
"2238925018","Ruta graveolens",-96.713745,32.872422,2019,4,26,"US","Ruta graveolens"
"2238968318","Ruta graveolens",-97.327424,32.654062,2019,4,29,"US","Ruta graveolens"
"2238984715","Ruta graveolens",-95.381369,29.745014,2019,4,26,"US","Ruta graveolens"
"2242777214","Ruta graveolens",-96.971123,32.613388,2019,4,27,"US","Ruta graveolens"
"2242834856","Ruta graveolens",-98.330775,26.180395,2019,4,26,"US","Ruta graveolens"
"3039195400","Ruta graveolens",-98.468254,29.600245,2019,4,28,"US","Ruta graveolens"
"3067917517","Ruta graveolens",-98.193597,26.189714,2019,4,7,"US","Ruta graveolens"
"3383833357","Ruta graveolens",-77.841358,35.144347,2019,4,17,"US","Ruta graveolens"
"3383883354","Ruta graveolens",-98.19359,26.189702,2019,4,7,"US","Ruta graveolens"
"3383897350","Ruta graveolens",-84.268659,33.55927,2019,4,12,"US","Ruta graveolens"
"3384641368","Ruta graveolens",-96.673747,32.972765,2019,4,29,"US","Ruta graveolens"
"2311278825","Ruta graveolens",-122.160697,37.350688,2019,5,18,"US","Ruta graveolens"
"2542894673","Ruta graveolens",-79.952774,40.429443,2019,5,27,"US","Ruta graveolens"
"2643936560","Ruta graveolens",-73.270805,40.766566,2019,6,15,"US","Ruta graveolens"
"2645486644","Ruta graveolens",-72.905556,40.868546,2019,6,14,"US","Ruta graveolens"
"2646025449","Ruta graveolens",-87.676039,42.063873,2019,6,27,"US","Ruta graveolens"
"2648572743","Ruta graveolens",-73.828757,40.701558,2019,6,5,"US","Ruta graveolens"
"2648946195","Ruta graveolens",-73.652125,43.31282,2019,6,22,"US","Ruta graveolens"
"3383832371","Ruta graveolens",-74.985811,41.672023,2019,6,19,"US","Ruta graveolens"
"3384589366","Ruta graveolens",-76.995042,38.954922,2019,6,7,"US","Ruta graveolens"
"2649103612","Ruta graveolens",-73.786408,40.717754,2019,7,10,"US","Ruta graveolens"
"3384617373","Ruta graveolens",-96.784633,32.739294,2019,7,6,"US","Ruta graveolens"
"2350325658","Ruta graveolens",-78.829101,42.715797,2019,8,3,"US","Ruta graveolens"
"2649120303","Ruta graveolens",-73.896497,40.696487,2019,8,10,"US","Ruta graveolens"
"2649656439","Ruta graveolens",-78.877564,42.876839,2019,8,6,"US","Ruta graveolens"
"2649629637","Ruta graveolens",-74.560146,41.406652,2019,9,6,"US","Ruta graveolens"
"2649415356","Ruta graveolens",-87.623337,41.852974,2019,10,19,"US","Ruta graveolens"
"3384347426","Ruta graveolens",-95.737299,29.807292,2019,10,19,"US","Ruta graveolens"
"3383849405","Ruta graveolens",-122.468,37.767029,2019,11,10,"US","Ruta graveolens"
"2237412505","Ruta graveolens",-98.415905,29.938181,2018,4,18,"US","Ruta graveolens"
"3384360315","Ruta graveolens",-96.971307,32.613483,2018,4,5,"US","Ruta graveolens"
"3383944330","Ruta graveolens",-80.330863,26.737683,2018,6,11,"US","Ruta graveolens"
"3384666569","Ruta graveolens",-75.77388,40.206245,2018,6,27,"US","Ruta graveolens"
"1883519290","Ruta graveolens",-79.952774,40.429443,2018,7,13,"US","Ruta graveolens"
"1500227948","Ruta graveolens",-78.638887,35.782055,2017,4,14,"US","Ruta graveolens"
"2239056902","Ruta graveolens",-74.986566,41.672034,2017,7,9,"US","Ruta graveolens"
"1836689405","Ruta graveolens",-98.10637,29.722598,2017,8,6,"US","Ruta graveolens"
"3384625309","Ruta graveolens",-119.794669,36.766297,2016,3,26,"US","Ruta graveolens"
"2311432993","Ruta graveolens",-122.160697,37.350317,2016,5,6,"US","Ruta graveolens"
"1831101752","Ruta graveolens",-89.794826,40.821131,2016,6,16,"US","Ruta graveolens"
"1257925879","Ruta graveolens",-90.2,38.633333,2012,4,26,"US","Ruta graveolens"
"3059662634","Ruta graveolens",-88.063283,41.816294,2011,6,6,"US","Ruta graveolens"
"2859475274","Ruta graveolens",-79.94783,40.438958,2010,4,1,"US","Ruta graveolens"
"2242416732","Ruta graveolens",-104.75472,40.63556,2009,9,5,"US","Ruta graveolens"
"1258123893","Ruta graveolens",-82.3467,29.6442,2008,3,21,"US","Ruta graveolens"
"177022349","Ruta graveolens",-95.2445,38.9518,2006,6,5,"US","Ruta graveolens"
"1503272164","Ruta graveolens",-88.7504,41.9295,2006,6,5,"US","Ruta graveolens"
"2422532561","Ruta graveolens",-117.33556,33.96444,2006,11,8,"US","Ruta graveolens"
"2422416955","Ruta graveolens",-116.90972,33.30222,2005,6,29,"US","Ruta graveolens"
"3125214124","Ruta graveolens",-116.90972,33.30222,2005,6,29,"US","Ruta graveolens"
"2859177282","Ruta graveolens",-79.917616,40.478145,2004,9,27,"US","Ruta graveolens"
"1986951606","Ruta graveolens",-111.823611,41.734167,2003,6,1,"US","Ruta graveolens"
"38515303","Ruta graveolens",-156.332,20.7597,2002,8,15,"US","Ruta graveolens"
"1321596220","Ruta graveolens",-156.32,20.75,2002,8,15,"US","Ruta graveolens"
"1989089687","Ruta graveolens",-88.18963,46.214,2001,8,21,"US","Ruta graveolens"
"1258086718","Ruta graveolens",-119.5217,34.3997,1999,6,13,"US","Ruta graveolens"
"1457769928","Ruta graveolens",-119.516667,34.383333,1999,6,13,"US","Ruta graveolens"
"1457774983","Ruta graveolens",-119.516667,34.383333,1999,6,13,"US","Ruta graveolens"
"1457831102","Ruta graveolens",-119.516667,34.383333,1999,6,13,"US","Ruta graveolens"
"1258589456","Ruta graveolens",-122.3406,47.6087,1999,7,14,"US","Ruta graveolens"
"1258591048","Ruta graveolens",-122.33083,47.60639,1999,7,14,"US","Ruta graveolens"
"2461149407","Ruta graveolens",-121.2131,44.52568,1997,9,NA,"US","Ruta graveolens"
"1930513441","Ruta graveolens",-121.83,39.78,1995,9,23,"US","Ruta graveolens"
"2461149293","Ruta graveolens",-82.780502,34.715439,1991,5,15,"US","Ruta graveolens"
"1258374627","Ruta graveolens",-90.25,38.6,1990,5,10,"US","Ruta graveolens"
"2859436231","Ruta graveolens",-75.711603,39.846777,1989,8,24,"US","Ruta graveolens"
"2859437157","Ruta graveolens",-79.384722,40.1625,1989,8,6,"US","Ruta graveolens"
"3043649157","Ruta graveolens",-106.439583,31.790955,1988,11,1,"US","Ruta graveolens"
"2242412054","Ruta graveolens",-104.961468,39.732207,1982,8,6,"US","Ruta graveolens"
"2242411206","Ruta graveolens",-104.961468,39.732207,1981,7,24,"US","Ruta graveolens"
"2270290328","Ruta graveolens",-119.771088,34.016528,1979,3,26,"US","Ruta graveolens"
"2626948331","Ruta graveolens",-121.77815,38.68152,1975,2,2,"US","Ruta graveolens"
"1846520753","Ruta graveolens",-111.944487,33.461395,1975,6,10,"US","Ruta graveolens"
"2859437003","Ruta graveolens",-79.9695,40.630067,1968,9,14,"US","Ruta graveolens"
"2422531359","Ruta graveolens",-117.33306,33.98972,1967,6,16,"US","Ruta graveolens"
"2422531443","Ruta graveolens",-117.40083,33.96361,1966,3,11,"US","Ruta graveolens"
"3053360108","Ruta graveolens",-119.2998,34.2789999991215,1966,8,18,"US","Ruta graveolens"
"123000581","Ruta graveolens",-99.5075,27.5064,1963,3,16,"US","Ruta graveolens"
"2422405682","Ruta graveolens",-118.08983,34.16519,1954,5,30,"US","Ruta graveolens"
"3053354751","Ruta graveolens",-118.089825,34.165184,1954,5,30,"US","Ruta graveolens"
"3125220124","Ruta graveolens",-118.08983,34.16518,1954,5,30,"US","Ruta graveolens"
"2270285080","Ruta graveolens",-117.23333,33.98611,1950,4,22,"US","Ruta graveolens"
"768792589","Ruta graveolens",-73.27194,41.17583,1941,8,22,"US","Ruta graveolens"
"415991065","Ruta graveolens",-73.27194,41.17583,1939,7,13,"US","Ruta graveolens"
"1038935618","Ruta graveolens",-73.2735,41.1779,1939,7,13,"US","Ruta graveolens"
"2859178885","Ruta graveolens",-78.521652,39.954239,1939,7,10,"US","Ruta graveolens"
"768792590","Ruta graveolens",-72.25361,41.80916,1938,10,4,"US","Ruta graveolens"
"1260950634","Ruta graveolens",-90.74138,38.48194,1928,7,11,"US","Ruta graveolens"
"768792588","Ruta graveolens",-73.27194,41.17583,1917,7,29,"US","Ruta graveolens"
"1038961735","Ruta graveolens",-73.2735,41.1779,1917,7,29,"US","Ruta graveolens"
"768792592","Ruta graveolens",-74.83694,40.71916,1903,7,7,"US","Ruta graveolens"
"1322559156","Ruta graveolens",-77.0125,38.8875,1902,7,15,"US","Ruta graveolens"
"1038985367","Ruta graveolens",-72.88,41.605,1897,6,22,"US","Ruta graveolens"
"1039008925","Ruta graveolens",-72.88,41.605,1896,9,4,"US","Ruta graveolens"
"3341245849","Ruta graveolens",-74.115975,40.563994,1888,6,22,"US","Ruta graveolens"
"2859438998","Ruta graveolens",-78.919491,40.320699,1887,7,3,"US","Ruta graveolens"
"1038967165","Ruta graveolens",-72.920823,41.305111,1884,NA,NA,"US","Ruta graveolens"
"768792593","Ruta graveolens",-73.21555,44.06638,1883,8,1,"US","Ruta graveolens"
"1897843051","Ruta graveolens",-121.748639,38.547583,NA,NA,NA,"US","Ruta graveolens"
"2422397948","Ruta graveolens",-117.88278,33.63139,NA,NA,NA,"US","Ruta graveolens"
"2859435999","Ruta graveolens",-80.066166,40.435069,NA,NA,NA,"US","Ruta graveolens"
"2859437983","Ruta graveolens",-75.36223,40.6403799990674,NA,NA,NA,"US","Ruta graveolens"
"3341245873","Ruta graveolens",-74.115975,40.563994,NA,NA,NA,"US","Ruta graveolens"
