"gbifID","species","longitude","latitude","year","month","day","countryCode","accepted_name"
"3456244374","Salix lucida",-97.10926,49.89329,2022,1,14,"CA","Salix lasiandra"
"3772619534","Salix lucida",-123.374663,48.464662,2022,4,23,"CA","Salix lasiandra"
"3772994031","Salix lucida",-122.792931,49.237423,2022,5,6,"CA","Salix lasiandra"
"3773089454","Salix lucida",-123.916947,49.513883,2022,5,9,"CA","Salix lasiandra"
"3773145697","Salix lucida",-123.378554,48.489393,2022,5,8,"CA","Salix lasiandra"
"3773592856","Salix lucida",-121.978261,49.077921,2022,5,2,"CA","Salix lasiandra"
"3773606445","Salix lucida",-123.14212,49.708845,2022,5,6,"CA","Salix lasiandra"
"3058921830","Salix lucida",-122.917599,49.115208,2021,3,7,"CA","Salix lasiandra"
"3067744862","Salix lucida",-122.851608,49.301119,2021,3,17,"CA","Salix lasiandra"
"3070435892","Salix lucida",-122.805664,49.242333,2021,3,28,"CA","Salix lasiandra"
"3109049616","Salix lucida",-122.924194,49.142058,2021,4,23,"CA","Salix lasiandra"
"3109200659","Salix lucida",-122.924544,49.142247,2021,4,23,"CA","Salix lasiandra"
"3109245670","Salix lucida",-123.404275,48.471447,2021,4,23,"CA","Salix lasiandra"
"3112337050","Salix lucida",-123.212088,49.220238,2021,4,30,"CA","Salix lasiandra"
"3759546544","Salix lucida",-123.497054,48.848172,2021,4,23,"CA","Salix lasiandra"
"3759847544","Salix lucida",-122.957842,49.242945,2021,4,23,"CA","Salix lasiandra"
"3112721224","Salix lucida",-122.795777,49.137835,2021,5,1,"CA","Salix lasiandra"
"3112836306","Salix lucida",-122.727478,49.197433,2021,5,2,"CA","Salix lasiandra"
"3112942672","Salix lucida",-122.799868,49.23398,2021,5,2,"CA","Salix lasiandra"
"3113330053","Salix lucida",-122.756094,49.182458,2021,5,8,"CA","Salix lasiandra"
"3124624710","Salix lucida",-123.965921,49.234146,2021,5,22,"CA","Salix lasiandra"
"3330689455","Salix lucida",-122.953407,50.144997,2021,5,11,"CA","Salix lasiandra"
"3759111543","Salix lucida",-123.208095,49.218997,2021,5,18,"CA","Salix lasiandra"
"3759168575","Salix lucida",-123.826258,49.024782,2021,5,8,"CA","Salix lasiandra"
"3759169572","Salix lucida",-123.827125,49.0248,2021,5,8,"CA","Salix lasiandra"
"3759208548","Salix lucida",-122.792672,49.237422,2021,5,18,"CA","Salix lasiandra"
"3759519581","Salix lucida",-122.832836,49.101362,2021,5,16,"CA","Salix lasiandra"
"3759522576","Salix lucida",-122.832715,49.101351,2021,5,16,"CA","Salix lasiandra"
"3759636572","Salix lucida",-122.830264,49.100991,2021,5,16,"CA","Salix lasiandra"
"3759846580","Salix lucida",-123.220133,49.223319,2021,5,18,"CA","Salix lasiandra"
"3307207006","Salix lucida",-122.631421,49.205874,2021,6,16,"CA","Salix lasiandra"
"3307269606","Salix lucida",-124.013802,49.202137,2021,6,12,"CA","Salix lasiandra"
"3321054305","Salix lucida",-122.802882,49.246025,2021,6,25,"CA","Salix lasiandra"
"3399000190","Salix lucida",-122.801217,49.248389,2021,6,25,"CA","Salix lasiandra"
"3468850163","Salix lucida",-117.468322,50.089542,2021,6,25,"CA","Salix lasiandra"
"3759089611","Salix lucida",-140.355164,63.169403,2021,6,17,"CA","Salix lasiandra"
"3759215603","Salix lucida",-122.654689,49.022491,2021,6,5,"CA","Salix lasiandra"
"3325794429","Salix lucida",-122.680132,49.095145,2021,7,7,"CA","Salix lasiandra"
"3330762778","Salix lucida",-139.437863,64.06165,2021,7,16,"CA","Salix lasiandra"
"3337373984","Salix lucida",-118.330331,49.011369,2021,8,7,"CA","Salix lasiandra"
"3337501241","Salix lucida",-122.810712,49.234991,2021,8,6,"CA","Salix lasiandra"
"3337881025","Salix lucida",-122.810712,49.234991,2021,8,6,"CA","Salix lasiandra"
"3355283298","Salix lucida",-125.527336,49.636136,2021,8,20,"CA","Salix lasiandra"
"3355403863","Salix lucida",-123.370465,48.884703,2021,8,13,"CA","Salix lasiandra"
"3355468230","Salix lucida",-125.527833,49.636383,2021,8,20,"CA","Salix lasiandra"
"3355746797","Salix lucida",-123.369873,48.884493,2021,8,13,"CA","Salix lasiandra"
"3705743425","Salix lucida",-120.615792,50.016972,2021,8,4,"CA","Salix lasiandra"
"3743103423","Salix lucida",-123.10699,49.239866,2021,8,31,"CA","Salix lasiandra"
"3764194364","Salix lucida",-132.700761,60.161872,2021,8,15,"CA","Salix lasiandra"
"3747214449","Salix lucida",-123.560525,48.973144,2021,9,25,"CA","Salix lasiandra"
"3764501371","Salix lucida",-122.935478,49.242278,2021,9,11,"CA","Salix lasiandra"
"2610960685","Salix lucida",-122.805619,49.240728,2020,4,21,"CA","Salix lasiandra"
"2611301773","Salix lucida",-122.7958,49.138017,2020,4,24,"CA","Salix lasiandra"
"2611336487","Salix lucida",-122.757767,49.186072,2020,4,24,"CA","Salix lasiandra"
"2611417663","Salix lucida",-122.795838,49.137938,2020,4,24,"CA","Salix lasiandra"
"2626110653","Salix lucida",-122.736478,49.264683,2020,4,20,"CA","Salix lasiandra"
"2619977125","Salix lucida",-122.936592,49.243744,2020,5,3,"CA","Salix lasiandra"
"2634039421","Salix lucida",-121.880433,49.078881,2020,5,22,"CA","Salix lasiandra"
"3759548440","Salix lucida",-122.955281,50.148561,2020,5,15,"CA","Salix lasiandra"
"3759834427","Salix lucida",-123.037917,49.28328,2020,5,11,"CA","Salix lasiandra"
"2802982479","Salix lucida",-120.623328,49.128853,2020,6,2,"CA","Salix lasiandra"
"2813922637","Salix lucida",-125.06647,49.79283,2020,6,13,"CA","Salix lasiandra"
"2814306275","Salix lucida",-122.9355,49.242278,2020,7,1,"CA","Salix lasiandra"
"2818730229","Salix lucida",-122.699692,49.297314,2020,7,13,"CA","Salix lasiandra"
"2823333530","Salix lucida",-123.334836,48.45068,2020,7,14,"CA","Salix lasiandra"
"2826182058","Salix lucida",-121.407631,49.015339,2020,7,20,"CA","Salix lasiandra"
"2856541659","Salix lucida",-123.811767,48.981494,2020,8,20,"CA","Salix lasiandra"
"2860185831","Salix lucida",-122.803122,49.24445,2020,8,27,"CA","Salix lasiandra"
"3747228367","Salix lucida",-116.603317,51.052147,2020,8,19,"CA","Salix lasiandra"
"3747313372","Salix lucida",-116.651237,51.070122,2020,8,19,"CA","Salix lasiandra"
"3759106478","Salix lucida",-121.311966,53.801365,2020,8,10,"CA","Salix lasiandra"
"2864648165","Salix lucida",-125.006972,49.704345,2020,9,14,"CA","Salix lasiandra"
"2864688701","Salix lucida",-123.207858,49.220182,2020,9,16,"CA","Salix lasiandra"
"2864754014","Salix lucida",-121.962425,49.238465,2020,9,11,"CA","Salix lasiandra"
"2864857378","Salix lucida",-121.960044,49.235819,2020,9,11,"CA","Salix lasiandra"
"2868156942","Salix lucida",-122.897933,49.242939,2020,9,17,"CA","Salix lasiandra"
"2898503067","Salix lucida",-122.664722,49.09686,2020,9,22,"CA","Salix lasiandra"
"2980819686","Salix lucida",-123.137633,49.304142,2020,10,30,"CA","Salix lasiandra"
"2980989673","Salix lucida",-123.142228,49.296719,2020,10,30,"CA","Salix lasiandra"
"3399060543","Salix lucida",-123.103756,49.285773,2020,10,23,"CA","Salix lasiandra"
"2988557878","Salix lucida",-123.401779,48.642045,2020,11,11,"CA","Salix lasiandra"
"2237428914","Salix lucida",-122.805427,49.240933,2019,4,14,"CA","Salix lasiandra"
"2252022854","Salix lucida",-123.38247,48.910579,2019,6,1,"CA","Salix lasiandra"
"2273328464","Salix lucida",-125.038399,49.649234,2019,6,25,"CA","Salix lasiandra"
"3759217371","Salix lucida",-125.03671,49.647544,2019,6,25,"CA","Salix lasiandra"
"2294515231","Salix lucida",-128.903638,60.049002,2019,7,13,"CA","Salix lasiandra"
"2429308235","Salix lucida",-124.620589,54.061378,2019,7,18,"CA","Salix lasiandra"
"2574220116","Salix lucida",-122.837953,53.865762,2019,7,2,"CA","Salix lasiandra"
"2575020759","Salix lucida",-128.97008,60.09067,2019,7,13,"CA","Salix lasiandra"
"2609079941","Salix lucida",-123.318108,48.46682,2019,9,26,"CA","Salix lasiandra"
"2456575882","Salix lucida",-123.405457,48.479305,2019,11,12,"CA","Salix lasiandra"
"3415397330","Salix lucida",-122.647322,49.348617,2017,6,18,"CA","Salix lasiandra"
"3759072307","Salix lucida",-123.398685,48.510111,2017,7,1,"CA","Salix lasiandra"
"3747053443","Salix lucida",-123.391389,48.509781,2016,5,4,"CA","Salix lasiandra"
"1899812262","Salix lucida",-123.32218,48.866938,2016,7,31,"CA","Salix lasiandra"
"1988234526","Salix lucida",-129.916,60.0616,2009,5,29,"CA","Salix lasiandra"
"1804498019","Salix lucida",-123.876,49.507,2008,5,24,"CA","Salix lasiandra"
"2251332384","Salix lucida",-123.876,49.507,2008,5,24,"CA","Salix lasiandra"
"1804371391","Salix lucida",-125.878,52.422,2008,6,7,"CA","Salix lasiandra"
"1804396779","Salix lucida",-122.09,54.091,2008,6,4,"CA","Salix lasiandra"
"1804402286","Salix lucida",-122.585,53.42,2008,6,5,"CA","Salix lasiandra"
"1804404159","Salix lucida",-126.765,52.379,2008,6,6,"CA","Salix lasiandra"
"1804443504","Salix lucida",-122.029,54.045,2008,6,4,"CA","Salix lasiandra"
"1804448915","Salix lucida",-122.09,54.091,2008,6,4,"CA","Salix lasiandra"
"1804501344","Salix lucida",-124.593,51.897,2008,6,9,"CA","Salix lasiandra"
"1804562549","Salix lucida",-124.593,51.897,2008,6,9,"CA","Salix lasiandra"
"1804571015","Salix lucida",-122.658,53.559,2008,6,5,"CA","Salix lasiandra"
"1804573725","Salix lucida",-125.871,52.442,2008,6,7,"CA","Salix lasiandra"
"2251329625","Salix lucida",-125.878,52.422,2008,6,7,"CA","Salix lasiandra"
"2251329640","Salix lucida",-122.029,54.045,2008,6,4,"CA","Salix lasiandra"
"2251330408","Salix lucida",-126.765,52.379,2008,6,6,"CA","Salix lasiandra"
"2251330481","Salix lucida",-122.029,54.045,2008,6,4,"CA","Salix lasiandra"
"2251330739","Salix lucida",-124.593,51.897,2008,6,9,"CA","Salix lasiandra"
"2251330978","Salix lucida",-124.593,51.897,2008,6,9,"CA","Salix lasiandra"
"2251331119","Salix lucida",-122.658,53.559,2008,6,5,"CA","Salix lasiandra"
"2251331133","Salix lucida",-122.09,54.091,2008,6,4,"CA","Salix lasiandra"
"2251331259","Salix lucida",-122.585,53.42,2008,6,5,"CA","Salix lasiandra"
"2251332283","Salix lucida",-125.871,52.442,2008,6,7,"CA","Salix lasiandra"
"2251333051","Salix lucida",-122.09,54.091,2008,6,4,"CA","Salix lasiandra"
"1804442551","Salix lucida",-123.243,49.251,2007,4,18,"CA","Salix lasiandra"
"1988167453","Salix lucida",-123.24261,49.25056,2007,4,18,"CA","Salix lasiandra"
"2251328917","Salix lucida",-123.199,49.271,2007,4,28,"CA","Salix lasiandra"
"2251330010","Salix lucida",-123.25,48.847,2007,4,21,"CA","Salix lasiandra"
"2251331931","Salix lucida",-123.243,49.251,2007,4,18,"CA","Salix lasiandra"
"1988177893","Salix lucida",-123.24543,49.25339,2007,5,1,"CA","Salix lasiandra"
"2251329785","Salix lucida",-123.245,49.253,2007,5,1,"CA","Salix lasiandra"
"1988173218","Salix lucida",-123.55156,48.42439,2007,6,4,"CA","Salix lasiandra"
"2251329523","Salix lucida",-124.82,49.495,2007,6,7,"CA","Salix lasiandra"
"2251329653","Salix lucida",-123.731,48.931,2007,6,6,"CA","Salix lasiandra"
"2251330844","Salix lucida",-123.552,48.424,2007,6,4,"CA","Salix lasiandra"
"2251330946","Salix lucida",-123.957,48.807,2007,6,6,"CA","Salix lasiandra"
"2251331200","Salix lucida",-124.15,49.287,2007,6,6,"CA","Salix lasiandra"
"2251331372","Salix lucida",-125.077,49.697,2007,6,7,"CA","Salix lasiandra"
"1988186651","Salix lucida",-120.288,53.2899,2007,7,15,"CA","Salix lasiandra"
"2251329162","Salix lucida",-126,54.396,2007,7,27,"CA","Salix lasiandra"
"2251329255","Salix lucida",-129.595,54.2,2007,7,26,"CA","Salix lasiandra"
"2251330027","Salix lucida",-128.955,54.484,2007,7,20,"CA","Salix lasiandra"
"2251330029","Salix lucida",-128.705,54.502,2007,7,20,"CA","Salix lasiandra"
"2251330605","Salix lucida",-139.438,64.074,2007,7,31,"CA","Salix lasiandra"
"2251330697","Salix lucida",-120.288,53.29,2007,7,15,"CA","Salix lasiandra"
"2251330878","Salix lucida",-125.035,49.617,2007,7,8,"CA","Salix lasiandra"
"2251331499","Salix lucida",-119.214,53.051,2007,7,13,"CA","Salix lasiandra"
"2251331570","Salix lucida",-129.595,54.2,2007,7,26,"CA","Salix lasiandra"
"2251331594","Salix lucida",-132.45,61.98,2007,7,20,"CA","Salix lasiandra"
"2251332461","Salix lucida",-127.245,54.741,2007,7,27,"CA","Salix lasiandra"
"1949599316","Salix lucida",-123.351389,48.586389,1991,7,9,"CA","Salix lasiandra"
"1949598843","Salix lucida",-118.733333,50.466667,1987,7,1,"CA","Salix lasiandra"
"1988184962","Salix lucida",-121.3,59.02,1983,7,14,"CA","Salix lasiandra"
"1949618920","Salix lucida",-127.083333,52.883333,1983,8,20,"CA","Salix lasiandra"
"1949627704","Salix lucida",-131.083333,56.716667,1980,6,8,"CA","Salix lasiandra"
"1988240648","Salix lucida",-120.1,51.9,1980,6,23,"CA","Salix lasiandra"
"1988208433","Salix lucida",-119.8,52.1,1980,8,14,"CA","Salix lasiandra"
"1988082458","Salix lucida",-128.5,57,1979,6,10,"CA","Salix lasiandra"
"1988083170","Salix lucida",-128.5,57,1979,6,20,"CA","Salix lasiandra"
"1988131263","Salix lucida",-119,52,1979,7,19,"CA","Salix lasiandra"
"1988222495","Salix lucida",-119.8,52.1,1979,9,17,"CA","Salix lasiandra"
"1988066524","Salix lucida",-121.15,51.37,1977,7,2,"CA","Salix lasiandra"
"1949630479","Salix lucida",-125.016667,49.583333,1976,8,7,"CA","Salix lasiandra"
"1988147859","Salix lucida",-122.7,49.2,1973,6,4,"CA","Salix lasiandra"
"1988229031","Salix lucida",-123.07,49.1,1973,6,13,"CA","Salix lasiandra"
"1949633040","Salix lucida",-125.516667,50.055,1973,7,2,"CA","Salix lasiandra"
"1988185828","Salix lucida",-123.1,49.1,1973,7,4,"CA","Salix lasiandra"
"1988186938","Salix lucida",-122.7,49.2,1973,8,6,"CA","Salix lasiandra"
"1988238530","Salix lucida",-122.7,49.2,1973,8,9,"CA","Salix lasiandra"
"1949628483","Salix lucida",-125.216667,49.283333,1972,6,8,"CA","Salix lasiandra"
"1949628645","Salix lucida",-123.7,48.783333,1971,5,18,"CA","Salix lasiandra"
"1949628670","Salix lucida",-123.633333,48.616667,1971,5,14,"CA","Salix lasiandra"
"1949628791","Salix lucida",-123.633333,48.616667,1971,5,14,"CA","Salix lasiandra"
"1949629118","Salix lucida",-123.633333,48.616667,1971,5,14,"CA","Salix lasiandra"
"1949633330","Salix lucida",-123.633333,48.616667,1971,5,14,"CA","Salix lasiandra"
"1949633346","Salix lucida",-123.7,48.783333,1971,5,18,"CA","Salix lasiandra"
"1949633351","Salix lucida",-123.283333,48.466667,1971,5,19,"CA","Salix lasiandra"
"1988238533","Salix lucida",-123.6,48.6,1971,5,14,"CA","Salix lasiandra"
"1949631218","Salix lucida",-123.766667,48.833333,1971,6,19,"CA","Salix lasiandra"
"883428076","Salix lucida",-117.9,53.2,1971,7,1,"CA","Salix lasiandra"
"1949630879","Salix lucida",-123.67,48.575,1970,1,1,"CA","Salix lasiandra"
"1949630535","Salix lucida",-123.433333,48.516667,1970,6,28,"CA","Salix lasiandra"
"1949631242","Salix lucida",-123.416667,48.666667,1970,6,14,"CA","Salix lasiandra"
"1988076399","Salix lucida",-123.4,48.5,1970,6,28,"CA","Salix lasiandra"
"441831099","Salix lucida",-125.75,49.066667,1969,6,28,"CA","Salix lasiandra"
"883386931","Salix lucida",-113.9865,54.3414,1969,6,2,"CA","Salix lasiandra"
"1258888576","Salix lucida",-125.75,49.06666,1969,6,28,"CA","Salix lasiandra"
"1949630544","Salix lucida",-123.375,48.516667,1969,10,11,"CA","Salix lasiandra"
"1988165944","Salix lucida",-123.38,48.52,1969,10,11,"CA","Salix lasiandra"
"1804516571","Salix lucida",-128.917,60.05,1966,6,25,"CA","Salix lasiandra"
"1988198000","Salix lucida",-128.9,60.1,1966,6,25,"CA","Salix lasiandra"
"473534740","Salix lucida",-112.233,60.1112,1965,7,22,"CA","Salix lasiandra"
"883405737","Salix lucida",-111.833333,60.016667,1965,7,16,"CA","Salix lasiandra"
"883408098","Salix lucida",-112.25,60.1,1965,7,22,"CA","Salix lasiandra"
"1135461294","Salix lucida",-112.25,60.1,1965,7,22,"CA","Salix lasiandra"
"1228394384","Salix lucida",-112.25,60.1,1965,7,22,"CA","Salix lasiandra"
"1257936521","Salix lucida",-112.25,60.1,1965,7,22,"CA","Salix lasiandra"
"1262030615","Salix lucida",-112.25,60.1,1965,7,22,"CA","Salix lasiandra"
"1986950377","Salix lucida",-112.230556,60.101111,1965,7,22,"CA","Salix lasiandra"
"1988091236","Salix lucida",-112.3,60.1,1965,7,22,"CA","Salix lasiandra"
"2517543910","Salix lucida",-112.25,60.1,1965,7,22,"CA","Salix lasiandra"
"3037034377","Salix lucida",-112.25,60.1,1965,7,22,"CA","Salix lasiandra"
"3326045369","Salix lucida",-112.25,60.1,1965,7,22,"CA","Salix lasiandra"
"1931195479","Salix lucida",-113.22,61.2,1965,8,5,"CA","Salix lasiandra"
"1988137769","Salix lucida",-113.3,61.4,1965,8,7,"CA","Salix lasiandra"
"1323851429","Salix lucida",-112.251236412276,60.0979101060646,1963,7,10,"CA","Salix lasiandra"
"2632940608","Salix lucida",-112.25,60.1,1963,7,10,"CA","Salix lasiandra"
"441831090","Salix lucida",-126.716667,59.6,1960,6,12,"CA","Salix lasiandra"
"2397717674","Salix lucida",-126.02,59.38,1960,6,12,"CA","Salix lasiandra"
"1228470536","Salix lucida",-117.426973,60.939251,1959,6,21,"CA","Salix lasiandra"
"1228535690","Salix lucida",-117.426973,60.939251,1959,6,21,"CA","Salix lasiandra"
"1228253188","Salix lucida",-117.290324,60.986663,1959,7,12,"CA","Salix lasiandra"
"1933496926","Salix lucida",-116.26667,50.81667,1958,5,22,"CA","Salix lasiandra"
"731027135","Salix lucida",-121.46664,50.98958,1956,5,21,"CA","Salix lasiandra"
"1228281301","Salix lucida",-121.37,61.87,1955,6,20,"CA","Salix lasiandra"
"1228387379","Salix lucida",-121.37,61.87,1955,6,20,"CA","Salix lasiandra"
"1228452816","Salix lucida",-121.37,61.87,1955,6,9,"CA","Salix lasiandra"
"1228497053","Salix lucida",-121.37,61.87,1955,6,14,"CA","Salix lasiandra"
"2397736221","Salix lucida",-121.37,61.87,1955,6,9,"CA","Salix lasiandra"
"2397737956","Salix lucida",-121.37,61.87,1955,6,14,"CA","Salix lasiandra"
"1228329797","Salix lucida",-113.266667,49.516667,1953,7,19,"CA","Salix lasiandra"
"1228477072","Salix lucida",-128.7,65.616667,1953,8,2,"CA","Salix lasiandra"
"1933495896","Salix lucida",-111.61667,59.86667,1950,6,6,"CA","Salix lasiandra"
"1933495947","Salix lucida",-111.61667,59.86667,1950,6,6,"CA","Salix lasiandra"
"1933495959","Salix lucida",-111.61667,59.86667,1950,6,18,"CA","Salix lasiandra"
"2397717317","Salix lucida",-111.62,59.87,1950,6,6,"CA","Salix lasiandra"
"2397722991","Salix lucida",-111.62,59.87,1950,6,6,"CA","Salix lasiandra"
"731027151","Salix lucida",-139.38011,64.04798,1949,6,10,"CA","Salix lasiandra"
"441831092","Salix lucida",-122.25,49.15,1949,8,2,"CA","Salix lasiandra"
"441831532","Salix lucida",-122.55,49.183333,1949,8,3,"CA","Salix lasiandra"
"731027149","Salix lucida",-135.88333,63.6,1949,8,4,"CA","Salix lasiandra"
"1096807493","Salix lucida",-121.38,62.85,1939,6,11,"CA","Salix lasiandra"
"1096807517","Salix lucida",-121.38,62.85,1939,6,11,"CA","Salix lasiandra"
"2397734389","Salix lucida",-111.25,56.67,1939,6,1,"CA","Salix lasiandra"
"2397738101","Salix lucida",-111.25,56.67,1939,6,1,"CA","Salix lasiandra"
"1228289221","Salix lucida",-113.2,53.716667,1938,5,17,"CA","Salix lasiandra"
"1988179815","Salix lucida",-122.8,49.9999999990714,1938,8,16,"CA","Salix lasiandra"
"1988126702","Salix lucida",-120,50.6999999990757,1936,5,NA,"CA","Salix lasiandra"
"1228357679","Salix lucida",-96,60,1935,6,3,"CA","Salix lasiandra"
"1228388794","Salix lucida",-96,60,1935,6,3,"CA","Salix lasiandra"
"1228598354","Salix lucida",-139.416667,64.066667,1932,6,17,"CA","Salix lasiandra"
"1228153065","Salix lucida",-111.37,58.58,1932,8,26,"CA","Salix lasiandra"
"1988176691","Salix lucida",-123.4,48.3999999990636,1920,6,11,"CA","Salix lasiandra"
"1988126806","Salix lucida",-122.300972481844,49.099717622406,1918,5,27,"CA","Salix lasiandra"
"1988125661","Salix lucida",-123.200998649736,49.1997086236215,1917,5,15,"CA","Salix lasiandra"
"1988136799","Salix lucida",-123.200998649736,49.1997086236215,1917,5,15,"CA","Salix lasiandra"
"1804607618","Salix lucida",-139.417,64.0667,1914,5,29,"CA","Salix lasiandra"
"1988192570","Salix lucida",-124.8,49.1999999990671,1914,5,30,"CA","Salix lasiandra"
"1988208871","Salix lucida",-117,51.2999999990798,1914,5,15,"CA","Salix lasiandra"
"1988150680","Salix lucida",-123.100998370269,49.2997096685044,1912,5,7,"CA","Salix lasiandra"
"1228154719","Salix lucida",-124.25,48.866667,1911,6,2,"CA","Salix lasiandra"
"1228252885","Salix lucida",-124.0153,49.2078,1910,4,25,"CA","Salix lasiandra"
"1228298801","Salix lucida",-123.35,48.433333,1909,5,18,"CA","Salix lasiandra"
"1228255004","Salix lucida",-123.35,48.433333,1908,5,7,"CA","Salix lasiandra"
"1228275826","Salix lucida",-123.35,48.433333,1907,5,25,"CA","Salix lasiandra"
"1228472114","Salix lucida",-120.333333,50.666667,1903,NA,NA,"CA","Salix lasiandra"
"1804382971","Salix lucida",-139.433,64.0667,1902,7,15,"CA","Salix lasiandra"
"1228300394","Salix lucida",-121.75,49.08,1901,7,19,"CA","Salix lasiandra"
"1228205884","Salix lucida",-123.35,48.433333,1893,5,31,"CA","Salix lasiandra"
"1228203422","Salix lucida",-118.1956,50.9981,1890,5,6,"CA","Salix lasiandra"
"1228153567","Salix lucida",-118.039228,49.416137,1890,6,10,"CA","Salix lasiandra"
"1228284269","Salix lucida",-125,55,1889,4,26,"CA","Salix lasiandra"
"1228595808","Salix lucida",-119.02,50.98,1889,6,18,"CA","Salix lasiandra"
"1228154692","Salix lucida",-122.2917,49.1083,1875,5,23,"CA","Salix lasiandra"
"1228595804","Salix lucida",-122.2917,49.1083,1875,5,14,"CA","Salix lasiandra"
"1095990241","Salix lucida",-121.38,62.85,NA,NA,NA,"CA","Salix lasiandra"
"1146306099","Salix lucida",-135.883333,63.6,NA,NA,NA,"CA","Salix lasiandra"
"1988094541","Salix lucida",-136.2675,62.1107,NA,NA,NA,"CA","Salix lasiandra"
"2397741961","Salix lucida",-111.62,59.87,NA,NA,NA,"CA","Salix lasiandra"
"2610086433","Salix lucida",-116.281,31.0888,2008,6,21,"MX","Salix lasiandra"
"3759802430","Salix lucida",-124.204558,40.610661,2022,1,12,"US","Salix lasiandra"
"3759866097","Salix lucida",-118.730688,34.095714,2022,3,26,"US","Salix lasiandra"
"3773374480","Salix lucida",-122.089386,36.95633,2022,3,22,"US","Salix lasiandra"
"3759428745","Salix lucida",-122.86183,45.569508,2022,4,20,"US","Salix lasiandra"
"3759756117","Salix lucida",-122.061005,36.956147,2022,4,16,"US","Salix lasiandra"
"3759802659","Salix lucida",-122.856698,45.575633,2022,4,20,"US","Salix lasiandra"
"3760027703","Salix lucida",-122.861875,45.56956,2022,4,20,"US","Salix lasiandra"
"3772996740","Salix lucida",-122.069222,37.0471,2022,5,4,"US","Salix lasiandra"
"3773068402","Salix lucida",-122.304684,47.69475,2022,5,7,"US","Salix lasiandra"
"3773442010","Salix lucida",-123.252559,44.591077,2022,5,2,"US","Salix lasiandra"
"3061751362","Salix lucida",-122.685803,47.668112,2021,3,16,"US","Salix lasiandra"
"3109303764","Salix lucida",-123.302055,44.547917,2021,4,23,"US","Salix lasiandra"
"3112352456","Salix lucida",-122.459418,47.442628,2021,4,28,"US","Salix lasiandra"
"3112366628","Salix lucida",-122.055507,47.562918,2021,4,30,"US","Salix lasiandra"
"3759847555","Salix lucida",-122.270751,37.31898,2021,4,30,"US","Salix lasiandra"
"3112314209","Salix lucida",-122.492054,47.235035,2021,5,1,"US","Salix lasiandra"
"3112459091","Salix lucida",-122.713377,45.483888,2021,5,3,"US","Salix lasiandra"
"3112755057","Salix lucida",-122.624838,45.382978,2021,5,1,"US","Salix lasiandra"
"3112813582","Salix lucida",-122.610227,45.574227,2021,5,2,"US","Salix lasiandra"
"3124906943","Salix lucida",-122.785094,48.552117,2021,5,20,"US","Salix lasiandra"
"3301902899","Salix lucida",-123.299208,44.575317,2021,5,27,"US","Salix lasiandra"
"3302382235","Salix lucida",-123.958711,45.894401,2021,5,29,"US","Salix lasiandra"
"3384132979","Salix lucida",-123.83866,43.649642,2021,5,3,"US","Salix lasiandra"
"3384480923","Salix lucida",-123.83866,43.649642,2021,5,3,"US","Salix lasiandra"
"3307138423","Salix lucida",-123.25986,44.533406,2021,6,2,"US","Salix lasiandra"
"3325539452","Salix lucida",-147.7417,64.798028,2021,6,4,"US","Salix lasiandra"
"3415479705","Salix lucida",-147.258086,65.191544,2021,7,29,"US","Salix lasiandra"
"3337475960","Salix lucida",-123.126628,44.139802,2021,8,9,"US","Salix lasiandra"
"3355802179","Salix lucida",-124.093321,40.861828,2021,9,6,"US","Salix lasiandra"
"3415467775","Salix lucida",-119.0644,34.161904,2021,9,13,"US","Salix lasiandra"
"3391521805","Salix lucida",-119.549737,37.74982,2021,10,9,"US","Salix lasiandra"
"3407939683","Salix lucida",-119.595026,37.740188,2021,10,28,"US","Salix lasiandra"
"3408127957","Salix lucida",-121.035858,38.916167,2021,10,30,"US","Salix lasiandra"
"3455357256","Salix lucida",-123.300742,44.573769,2021,10,17,"US","Salix lasiandra"
"3407913210","Salix lucida",-122.828742,43.891637,2021,11,4,"US","Salix lasiandra"
"3415737072","Salix lucida",-119.108998,34.298879,2021,11,3,"US","Salix lasiandra"
"3747250482","Salix lucida",-122.213626,38.304838,2021,12,8,"US","Salix lasiandra"
"2609126155","Salix lucida",-123.926044,46.160839,2020,4,8,"US","Salix lasiandra"
"2609335264","Salix lucida",-116.602875,33.602537,2020,4,22,"US","Salix lasiandra"
"2611065891","Salix lucida",-123.213968,44.698414,2020,4,23,"US","Salix lasiandra"
"2611256354","Salix lucida",-122.502531,37.591393,2020,4,27,"US","Salix lasiandra"
"2611354173","Salix lucida",-122.762302,48.138959,2020,4,29,"US","Salix lasiandra"
"2626130851","Salix lucida",-122.835433,45.544472,2020,4,20,"US","Salix lasiandra"
"3302424362","Salix lucida",-123.065061,44.05015,2020,4,25,"US","Salix lasiandra"
"2620157050","Salix lucida",-122.088028,38.408925,2020,5,3,"US","Salix lasiandra"
"2620179665","Salix lucida",-118.409543,33.768311,2020,5,4,"US","Salix lasiandra"
"2634354203","Salix lucida",-147.813767,64.859139,2020,5,22,"US","Salix lasiandra"
"2641511938","Salix lucida",-123.159454,44.733539,2020,5,25,"US","Salix lasiandra"
"2814150575","Salix lucida",-147.813706,64.859933,2020,5,22,"US","Salix lasiandra"
"2641303768","Salix lucida",-117.67105,33.50673,2020,6,5,"US","Salix lasiandra"
"2641570489","Salix lucida",-122.517401,48.764615,2020,6,9,"US","Salix lasiandra"
"2802801874","Salix lucida",-123.956343,45.902338,2020,6,23,"US","Salix lasiandra"
"2813926800","Salix lucida",-122.584455,48.830423,2020,6,26,"US","Salix lasiandra"
"2813941929","Salix lucida",-122.581381,48.830025,2020,6,26,"US","Salix lasiandra"
"2813985675","Salix lucida",-122.584807,48.83054,2020,6,28,"US","Salix lasiandra"
"2814003583","Salix lucida",-122.58366,48.831522,2020,6,28,"US","Salix lasiandra"
"2814049682","Salix lucida",-122.580987,48.828493,2020,6,28,"US","Salix lasiandra"
"2814091685","Salix lucida",-122.114578,48.080185,2020,6,28,"US","Salix lasiandra"
"2814172937","Salix lucida",-122.478159,48.722023,2020,6,26,"US","Salix lasiandra"
"2814189056","Salix lucida",-122.583227,48.830294,2020,6,26,"US","Salix lasiandra"
"3503204825","Salix lucida",-117.671053,33.506734,2020,6,6,"US","Salix lasiandra"
"2814021087","Salix lucida",-122.68859,48.857441,2020,7,4,"US","Salix lasiandra"
"2814040355","Salix lucida",-122.446946,48.70163,2020,7,3,"US","Salix lasiandra"
"2814131329","Salix lucida",-122.488312,48.72608,2020,7,4,"US","Salix lasiandra"
"2818699020","Salix lucida",-122.584763,48.831447,2020,7,11,"US","Salix lasiandra"
"2818717078","Salix lucida",-122.584763,48.831447,2020,7,11,"US","Salix lasiandra"
"2826146939","Salix lucida",-117.747091,33.579409,2020,7,23,"US","Salix lasiandra"
"2826182867","Salix lucida",-117.747157,33.579228,2020,7,23,"US","Salix lasiandra"
"2826414826","Salix lucida",-118.895284,34.390279,2020,7,16,"US","Salix lasiandra"
"2850975955","Salix lucida",-122.545496,45.612251,2020,7,23,"US","Salix lasiandra"
"2850798979","Salix lucida",-122.532823,48.773705,2020,8,8,"US","Salix lasiandra"
"2856565568","Salix lucida",-122.629483,45.391536,2020,8,19,"US","Salix lasiandra"
"2898268450","Salix lucida",-119.911972,39.297488,2020,8,21,"US","Salix lasiandra"
"3005217482","Salix lucida",-118.667043,37.235285,2020,8,15,"US","Salix lasiandra"
"3759053468","Salix lucida",-118.8349,36.665205,2020,8,17,"US","Salix lasiandra"
"2860234382","Salix lucida",-122.71306,47.072658,2020,9,3,"US","Salix lasiandra"
"2862636395","Salix lucida",-122.75078,45.834912,2020,9,6,"US","Salix lasiandra"
"2868238372","Salix lucida",-122.147194,47.401012,2020,9,20,"US","Salix lasiandra"
"2873839097","Salix lucida",-117.80936,33.573218,2020,9,26,"US","Salix lasiandra"
"2898322886","Salix lucida",-122.892983,45.484292,2020,10,11,"US","Salix lasiandra"
"2963836959","Salix lucida",-122.294428,47.655611,2020,10,24,"US","Salix lasiandra"
"2980827889","Salix lucida",-117.591361,33.390072,2020,11,1,"US","Salix lasiandra"
"2988654688","Salix lucida",-122.512765,48.699039,2020,11,22,"US","Salix lasiandra"
"3772794369","Salix lucida",-122.804283,38.062906,2020,11,27,"US","Salix lasiandra"
"1990522026","Salix lucida",-122.688981,38.449323,2019,1,17,"US","Salix lasiandra"
"2013732047","Salix lucida",-123.038093,48.470848,2019,3,10,"US","Salix lasiandra"
"2242930038","Salix lucida",-122.62407,45.381333,2019,5,5,"US","Salix lasiandra"
"2243008092","Salix lucida",-122.647205,45.434145,2019,5,10,"US","Salix lasiandra"
"2366018582","Salix lucida",-123.034127,44.91866,2019,5,26,"US","Salix lasiandra"
"2273290681","Salix lucida",-122.141876,47.794018,2019,6,24,"US","Salix lasiandra"
"3759101368","Salix lucida",-122.314538,37.197893,2019,6,15,"US","Salix lasiandra"
"3759741363","Salix lucida",-122.397015,37.449048,2019,6,2,"US","Salix lasiandra"
"2294568609","Salix lucida",-123.126698,44.139794,2019,7,18,"US","Salix lasiandra"
"2350319507","Salix lucida",-122.842396,45.56182,2019,7,24,"US","Salix lasiandra"
"2422855066","Salix lucida",-123.180592,45.852821,2019,7,4,"US","Salix lasiandra"
"2422863040","Salix lucida",-122.202672,42.376185,2019,7,21,"US","Salix lasiandra"
"2429219573","Salix lucida",-123.126248,44.139062,2019,7,18,"US","Salix lasiandra"
"2432123007","Salix lucida",-120.847,35.64484,2019,7,3,"US","Salix lasiandra"
"3759144356","Salix lucida",-120.661858,39.702473,2019,7,6,"US","Salix lasiandra"
"2350335968","Salix lucida",-119.009239,34.368928,2019,8,8,"US","Salix lasiandra"
"2350423630","Salix lucida",-122.837921,45.561272,2019,8,13,"US","Salix lasiandra"
"2397546829","Salix lucida",-121.459597,42.978748,2019,8,7,"US","Salix lasiandra"
"2540735537","Salix lucida",-147.750672,64.805817,2019,8,8,"US","Salix lasiandra"
"3010204303","Salix lucida",-120.241437,39.431545,2019,8,9,"US","Salix lasiandra"
"3759064389","Salix lucida",-120.327513,39.340503,2019,8,25,"US","Salix lasiandra"
"2397667074","Salix lucida",-122.853225,47.048,2019,9,1,"US","Salix lasiandra"
"2423209392","Salix lucida",-121.465659,40.509089,2019,9,20,"US","Salix lasiandra"
"2429325866","Salix lucida",-118.764175,36.220088,2019,9,28,"US","Salix lasiandra"
"3031828570","Salix lucida",-120.896467,35.258087,2019,9,21,"US","Salix lasiandra"
"3503182864","Salix lucida",-117.72994,33.86957,2019,9,26,"US","Salix lasiandra"
"2518150757","Salix lucida",-122.308037,47.672462,2019,10,16,"US","Salix lasiandra"
"2456534750","Salix lucida",-122.383387,47.806972,2019,11,8,"US","Salix lasiandra"
"1933538283","Salix lucida",-122.678769,48.024762,2018,5,1,"US","Salix lasiandra"
"1946314095","Salix lucida",-122.451149,47.426246,2018,5,18,"US","Salix lasiandra"
"3759102330","Salix lucida",-106.532664,35.817451,2018,5,29,"US","Salix lasiandra"
"1880546640","Salix lucida",-149.824631,61.077933,2018,6,22,"US","Salix lasiandra"
"1978414322","Salix lucida",-122.96027,47.070848,2018,6,6,"US","Salix lasiandra"
"1883938295","Salix lucida",-120.247635,39.431445,2018,7,21,"US","Salix lasiandra"
"3031830384","Salix lucida",-122.405236,47.694271,2018,7,23,"US","Salix lasiandra"
"3759219336","Salix lucida",-111.180283,38.180778,2018,7,14,"US","Salix lasiandra"
"1890694940","Salix lucida",-122.579224,38.073075,2018,8,5,"US","Salix lasiandra"
"1899761369","Salix lucida",-124.29284,47.778021,2018,8,3,"US","Salix lasiandra"
"1945438202","Salix lucida",-118.252419,34.309837,2018,11,17,"US","Salix lasiandra"
"1986511724","Salix lucida",-122.806561,45.559676,2018,11,6,"US","Salix lasiandra"
"1562928808","Salix lucida",-122.758876,45.476803,2017,5,10,"US","Salix lasiandra"
"1837097276","Salix lucida",-124.083522,40.883273,2017,5,8,"US","Salix lasiandra"
"1807275082","Salix lucida",-122.468889,42.175278,2017,6,27,"US","Salix lasiandra"
"2594290448","Salix lucida",-149.80198304928,61.0685302201865,2017,6,5,"US","Salix lasiandra"
"2610094144","Salix lucida",-117.2662,34.0788099991239,2017,6,22,"US","Salix lasiandra"
"2988408457","Salix lucida",-122.58102,48.830338,2017,6,10,"US","Salix lasiandra"
"3125146952","Salix lucida",-117.2662,34.07881,2017,6,22,"US","Salix lasiandra"
"3413761301","Salix lucida",-149.80198304928,61.0685302201865,2017,6,5,"US","Salix lasiandra"
"1572362719","Salix lucida",-122.678644,48.024165,2017,7,2,"US","Salix lasiandra"
"1586112626","Salix lucida",-122.8475,45.498889,2017,7,30,"US","Salix lasiandra"
"2421776633","Salix lucida",-120.08671,38.9648899990773,2017,7,6,"US","Salix lasiandra"
"2432123047","Salix lucida",-122.25366,37.071182,2017,8,23,"US","Salix lasiandra"
"3329993539","Salix lucida",-120.812907,35.48577,2017,8,2,"US","Salix lasiandra"
"1699378852","Salix lucida",-122.252441,37.893356,2017,10,29,"US","Salix lasiandra"
"1847641672","Salix lucida",-117.504905,33.972549,2017,10,25,"US","Salix lasiandra"
"1702484531","Salix lucida",-121.920128,37.301125,2017,11,8,"US","Salix lasiandra"
"1703146389","Salix lucida",-122.25262,37.824305,2017,11,7,"US","Salix lasiandra"
"2270221052","Salix lucida",-120.774095,35.356222,2016,2,25,"US","Salix lasiandra"
"2270221543","Salix lucida",-120.774095,35.356222,2016,2,25,"US","Salix lasiandra"
"1265894167","Salix lucida",-123.877042,46.121104,2016,4,14,"US","Salix lasiandra"
"1265894955","Salix lucida",-123.525351,46.231952,2016,4,23,"US","Salix lasiandra"
"1883566682","Salix lucida",-118.972135,34.262102,2016,4,8,"US","Salix lasiandra"
"2422870382","Salix lucida",-122.641658,45.472875,2016,4,25,"US","Salix lasiandra"
"1269577738","Salix lucida",-123.876858,46.120533,2016,5,21,"US","Salix lasiandra"
"1291078601","Salix lucida",-123.88852,45.685781,2016,5,11,"US","Salix lasiandra"
"1272113257","Salix lucida",-122.530995,45.419755,2016,6,7,"US","Salix lasiandra"
"1272113263","Salix lucida",-122.530995,45.419755,2016,6,7,"US","Salix lasiandra"
"1273846284","Salix lucida",-122.53468,45.418265,2016,6,6,"US","Salix lasiandra"
"2421774923","Salix lucida",-120.089444,38.9688889990773,2016,7,19,"US","Salix lasiandra"
"1453270163","Salix lucida",-122.248836,47.681129,2016,10,9,"US","Salix lasiandra"
"1836710880","Salix lucida",-122.61213,37.96511,2015,3,7,"US","Salix lasiandra"
"2422518474","Salix lucida",-119.226,34.23608,2015,3,18,"US","Salix lasiandra"
"2430423520","Salix lucida",-119.20503,34.2344999991221,2015,3,18,"US","Salix lasiandra"
"2430443087","Salix lucida",-119.226,34.23607,2015,3,18,"US","Salix lasiandra"
"3053451068","Salix lucida",-119.22601,34.2361,2015,3,18,"US","Salix lasiandra"
"2422505879","Salix lucida",-119.24886,38.02708,2015,5,13,"US","Salix lasiandra"
"2422507820","Salix lucida",-119.24886,38.02708,2015,5,13,"US","Salix lasiandra"
"2366010460","Salix lucida",-121.526425,45.715424,2015,6,13,"US","Salix lasiandra"
"2429193295","Salix lucida",-120.276815,39.324732,2015,8,6,"US","Salix lasiandra"
"3759067302","Salix lucida",-121.774238,37.147771,2014,2,2,"US","Salix lasiandra"
"1426497977","Salix lucida",-118.05219,35.58201,2014,6,1,"US","Salix lasiandra"
"2430147397","Salix lucida",-118.052193,35.582014,2014,6,1,"US","Salix lasiandra"
"1836692031","Salix lucida",-120.242395,39.420425,2014,8,23,"US","Salix lasiandra"
"2980797004","Salix lucida",-121.100165,48.79833,2014,8,5,"US","Salix lasiandra"
"2641300032","Salix lucida",-122.566995,48.779771,2013,5,23,"US","Salix lasiandra"
"2573464985","Salix lucida",-106.91025,37.23157,2013,6,6,"US","Salix lasiandra"
"2242416379","Salix lucida",-108.377463,38.425308,2013,7,16,"US","Salix lasiandra"
"2270211089","Salix lucida",-120.878695,35.288491,2013,7,27,"US","Salix lasiandra"
"3125216179","Salix lucida",-120.8787,35.28849,2013,7,27,"US","Salix lasiandra"
"2270212551","Salix lucida",-120.828041,35.355504,2013,8,22,"US","Salix lasiandra"
"2421753213","Salix lucida",-120.1175,39.0522219990767,2012,7,26,"US","Salix lasiandra"
"3759107301","Salix lucida",-118.176824,34.188173,2012,7,17,"US","Salix lasiandra"
"3091203523","Salix lucida",-111.31821,34.44562,2012,8,9,"US","Salix lasiandra"
"2270209804","Salix lucida",-121.104094,35.568213,2011,3,5,"US","Salix lasiandra"
"2270211696","Salix lucida",-121.104094,35.568213,2011,3,5,"US","Salix lasiandra"
"2573437039","Salix lucida",-108.478055,37.713333,2011,8,13,"US","Salix lasiandra"
"3091223404","Salix lucida",-108.478055,37.713333,2011,8,13,"US","Salix lasiandra"
"623695543","Salix lucida",-122.6065,48.6094,2011,9,10,"US","Salix lasiandra"
"2596177006","Salix lucida",-122.069138,48.972681,2010,9,6,"US","Salix lasiandra"
"1668834986","Salix lucida",-123.39062,46.206167,2009,6,14,"US","Salix lasiandra"
"2269243550","Salix lucida",-123.067743,44.051649,2009,6,21,"US","Salix lasiandra"
"2422471011","Salix lucida",-116.851,34.18214,2009,7,21,"US","Salix lasiandra"
"2430347310","Salix lucida",-116.85101,34.1821499991227,2009,7,21,"US","Salix lasiandra"
"1668834855","Salix lucida",-116.881807,47.339688,2009,10,8,"US","Salix lasiandra"
"2618390447","Salix lucida",-123.4604,42.91489,2007,5,2,"US","Salix lasiandra"
"1928283501","Salix lucida",-122.6233,47.4683,2007,7,26,"US","Salix lasiandra"
"1928811276","Salix lucida",-123.3167,47.375,2007,7,26,"US","Salix lasiandra"
"1930576666","Salix lucida",-123.7067,46.325,2007,7,27,"US","Salix lasiandra"
"1930579740","Salix lucida",-123.0283,47.0833,2007,7,27,"US","Salix lasiandra"
"1930841048","Salix lucida",-120.7333,48.5167,2007,7,25,"US","Salix lasiandra"
"1931229968","Salix lucida",-122.1283,48.2017,2007,7,26,"US","Salix lasiandra"
"2248542623","Salix lucida",-118.886,42.8439,2007,8,7,"US","Salix lasiandra"
"2251330760","Salix lucida",-109.958,34.134,2007,8,27,"US","Salix lasiandra"
"2251331942","Salix lucida",-118.886,42.844,2007,8,7,"US","Salix lasiandra"
"2251330680","Salix lucida",-109.96,34.115,2007,9,12,"US","Salix lasiandra"
"2575152573","Salix lucida",-118.17,34.2,2003,5,10,"US","Salix lasiandra"
"3462679322","Salix lucida",-105.450718,35.816024,2003,8,18,"US","Salix lasiandra"
"2422408242","Salix lucida",-116.78,34.16417,2002,5,30,"US","Salix lasiandra"
"1258991863","Salix lucida",-122.613889,48.5575,2002,8,3,"US","Salix lasiandra"
"2465053461","Salix lucida",-147.834623,64.798959,2002,9,24,"US","Salix lasiandra"
"1928256005","Salix lucida",-119.8892,39.49732,2000,5,3,"US","Salix lasiandra"
"441830805","Salix lucida",-120.171,40.707333,2000,6,9,"US","Salix lasiandra"
"1249305125","Salix lucida",-149.251,61.484,2000,6,24,"US","Salix lasiandra"
"2242378731","Salix lucida",-108.735539,38.761289,2000,6,20,"US","Salix lasiandra"
"1228464297","Salix lucida",-109.667577,48.335723,2000,7,30,"US","Salix lasiandra"
"1930763023","Salix lucida",-123.4,44.8,2000,8,2,"US","Salix lasiandra"
"2422511992","Salix lucida",-120.25417,41.98694,2000,8,2,"US","Salix lasiandra"
"2421737962","Salix lucida",-120.2122,39.8484,1999,6,7,"US","Salix lasiandra"
"2421686997","Salix lucida",-120.200963,39.100292,1999,8,20,"US","Salix lasiandra"
"2422511115","Salix lucida",-120.08194,38.87722,1999,9,1,"US","Salix lasiandra"
"2459167659","Salix lucida",-121.958058,36.982217,1998,4,14,"US","Salix lasiandra"
"441830774","Salix lucida",-122.09694,47.91306,1998,5,16,"US","Salix lasiandra"
"2422513275","Salix lucida",-120.09778,38.87306,1998,8,31,"US","Salix lasiandra"
"1986970029","Salix lucida",-111.958333,41.500278,1995,6,22,"US","Salix lasiandra"
"1986970037","Salix lucida",-111.958333,41.500278,1995,6,22,"US","Salix lasiandra"
"1931071694","Salix lucida",-114.7,43.2,1994,7,17,"US","Salix lasiandra"
"1986970218","Salix lucida",-111.958333,41.5,1994,9,16,"US","Salix lasiandra"
"2421690263","Salix lucida",-121.431389,38.261667,1992,3,22,"US","Salix lasiandra"
"2421691932","Salix lucida",-121.431389,38.261667,1992,3,22,"US","Salix lasiandra"
"2421692137","Salix lucida",-121.4275,38.261389,1992,3,22,"US","Salix lasiandra"
"2421772267","Salix lucida",-121.4275,38.261389,1992,3,22,"US","Salix lasiandra"
"2421772362","Salix lucida",-121.4275,38.261389,1992,3,22,"US","Salix lasiandra"
"2421690801","Salix lucida",-121.435556,38.26,1992,4,26,"US","Salix lasiandra"
"1146322360","Salix lucida",-132.68,56.666,1991,7,23,"US","Salix lasiandra"
"1928687980","Salix lucida",-119.85,38.95,1990,4,18,"US","Salix lasiandra"
"1929477058","Salix lucida",-117.42,41.48,1990,4,24,"US","Salix lasiandra"
"1929920800","Salix lucida",-116.88,41.2,1990,4,25,"US","Salix lasiandra"
"1930105656","Salix lucida",-119.83,41.55,1990,4,23,"US","Salix lasiandra"
"1930350221","Salix lucida",-119.6289,39.3088,1990,5,22,"US","Salix lasiandra"
"1930449803","Salix lucida",-113.15,40.57,1990,9,20,"US","Salix lasiandra"
"2270248488","Salix lucida",-120.538546,35.053103,1988,4,4,"US","Salix lasiandra"
"2270211725","Salix lucida",-122.22277,37.04324,1988,5,7,"US","Salix lasiandra"
"2618314481","Salix lucida",-122.22346,37.04387,1988,5,7,"US","Salix lasiandra"
"1930356171","Salix lucida",-115.4283,41.8925,1988,6,26,"US","Salix lasiandra"
"1929276200","Salix lucida",-105.8489,40.6335,1988,7,11,"US","Salix lasiandra"
"1930699954","Salix lucida",-115.4058,40.6514,1988,8,7,"US","Salix lasiandra"
"2982033445","Salix lucida",-123.406707,41.507086,1987,6,6,"US","Salix lasiandra"
"1930303039","Salix lucida",-115.42,41.88,1987,8,5,"US","Salix lasiandra"
"2270251821","Salix lucida",-119.309167,34.28245,1987,11,15,"US","Salix lasiandra"
"1931108500","Salix lucida",-109.15,38.35,1986,5,29,"US","Salix lasiandra"
"768793378","Salix lucida",-118.06194,36.60611,1986,6,22,"US","Salix lasiandra"
"2270211891","Salix lucida",-120.82,35.33,1985,3,16,"US","Salix lasiandra"
"3125084160","Salix lucida",-120.82,33.33,1985,3,16,"US","Salix lasiandra"
"2270213327","Salix lucida",-120.59684,35.05772,1985,4,25,"US","Salix lasiandra"
"1986999981","Salix lucida",-111.184629,39.927863,1985,5,23,"US","Salix lasiandra"
"1987000003","Salix lucida",-111.445272,39.829606,1985,5,22,"US","Salix lasiandra"
"1987000054","Salix lucida",-111.197234,39.928915,1985,5,23,"US","Salix lasiandra"
"1928340692","Salix lucida",-109.17,38.38,1985,6,23,"US","Salix lasiandra"
"2270210878","Salix lucida",-120.81089,35.328526,1984,3,9,"US","Salix lasiandra"
"1928211550","Salix lucida",-109.12,38.33,1984,5,23,"US","Salix lasiandra"
"1931196932","Salix lucida",-110.85,40.45,1984,6,21,"US","Salix lasiandra"
"1986936040","Salix lucida",-112.5945,38.4344,1984,6,9,"US","Salix lasiandra"
"1986936991","Salix lucida",-112.4829,38.2736,1984,7,13,"US","Salix lasiandra"
"3320742298","Salix lucida",-121.600833,39.819028,1984,7,2,"US","Salix lasiandra"
"3320757841","Salix lucida",-120.931639,39.713361,1984,9,11,"US","Salix lasiandra"
"2270211236","Salix lucida",-120.861779,35.722745,1983,2,24,"US","Salix lasiandra"
"2270211601","Salix lucida",-120.535201,35.172295,1983,2,17,"US","Salix lasiandra"
"2270210012","Salix lucida",-120.8049,35.30454,1983,3,5,"US","Salix lasiandra"
"2270210016","Salix lucida",-120.81089,35.328526,1983,3,10,"US","Salix lasiandra"
"2270211009","Salix lucida",-120.8049,35.30454,1983,3,5,"US","Salix lasiandra"
"2270211690","Salix lucida",-120.77515,35.301666,1983,5,3,"US","Salix lasiandra"
"2270212222","Salix lucida",-120.77515,35.301666,1983,5,3,"US","Salix lasiandra"
"1930659108","Salix lucida",-109.648924,40.841397,1983,6,21,"US","Salix lasiandra"
"2270212854","Salix lucida",-120.77515,35.301666,1983,7,20,"US","Salix lasiandra"
"2270211135","Salix lucida",-120.66709,35.31029,1983,8,23,"US","Salix lasiandra"
"2270212660","Salix lucida",-120.564034,35.056237,1983,8,30,"US","Salix lasiandra"
"2270210885","Salix lucida",-120.696515,35.270573,1983,9,23,"US","Salix lasiandra"
"2270213375","Salix lucida",-120.77515,35.301666,1983,9,16,"US","Salix lasiandra"
"1228510635","Salix lucida",-107.238965,44.771636,1983,NA,NA,"US","Salix lasiandra"
"1986930799","Salix lucida",-111.6353,40.3258,1982,5,25,"US","Salix lasiandra"
"2270211877","Salix lucida",-120.81089,35.328526,1982,5,1,"US","Salix lasiandra"
"2270213078","Salix lucida",-120.81089,35.328526,1982,5,1,"US","Salix lasiandra"
"2270252136","Salix lucida",-119.791667,34.416667,1982,5,27,"US","Salix lasiandra"
"2270252161","Salix lucida",-119.791667,34.416667,1982,5,27,"US","Salix lasiandra"
"2270252168","Salix lucida",-119.791667,34.416667,1982,5,27,"US","Salix lasiandra"
"2270212158","Salix lucida",-120.683855,35.260622,1982,6,24,"US","Salix lasiandra"
"2270211852","Salix lucida",-120.6175,35.0299999991128,1982,7,2,"US","Salix lasiandra"
"2270252885","Salix lucida",-120.416667,34.666667,1982,11,7,"US","Salix lasiandra"
"2430227125","Salix lucida",-120.416667,34.666667,1982,11,7,"US","Salix lasiandra"
"2270211046","Salix lucida",-120.80961,35.39549,1981,6,11,"US","Salix lasiandra"
"2270211520","Salix lucida",-120.696515,35.270573,1981,6,15,"US","Salix lasiandra"
"2982038334","Salix lucida",-123.73678,39.88103,1981,6,13,"US","Salix lasiandra"
"2982061944","Salix lucida",-122.8683,40.9236,1981,6,14,"US","Salix lasiandra"
"1929783167","Salix lucida",-111.57,39.18,1981,7,3,"US","Salix lasiandra"
"2982027241","Salix lucida",-123.3223,40.513,1980,5,8,"US","Salix lasiandra"
"3320770984","Salix lucida",-122.339083,38.707056,1980,5,9,"US","Salix lasiandra"
"3320786074","Salix lucida",-122.345167,38.720111,1980,5,9,"US","Salix lasiandra"
"3320778950","Salix lucida",-123.127944,41.914667,1980,6,24,"US","Salix lasiandra"
"1927838674","Salix lucida",-106.7145,42.1667,1980,7,23,"US","Salix lasiandra"
"3320783691","Salix lucida",-123.183694,41.922028,1980,7,24,"US","Salix lasiandra"
"2982066648","Salix lucida",-123.5184,41.9831,1980,8,6,"US","Salix lasiandra"
"3320812178","Salix lucida",-123.523944,41.987667,1980,8,6,"US","Salix lasiandra"
"2982011939","Salix lucida",-123.1542,40.9273,1979,5,13,"US","Salix lasiandra"
"2982019940","Salix lucida",-123.1542,40.9273,1979,5,13,"US","Salix lasiandra"
"2982027554","Salix lucida",-123.740928,39.292849,1979,5,9,"US","Salix lasiandra"
"2430043828","Salix lucida",-117.078604,34.238371,1979,7,12,"US","Salix lasiandra"
"3320782846","Salix lucida",-123.113389,41.520917,1979,8,12,"US","Salix lasiandra"
"3320798682","Salix lucida",-123.20025,41.844222,1979,8,13,"US","Salix lasiandra"
"3320794517","Salix lucida",-122.480417,38.522806,1979,10,5,"US","Salix lasiandra"
"2270289421","Salix lucida",-119.007399,36.222628,1978,3,27,"US","Salix lasiandra"
"2982053815","Salix lucida",-124.1834,40.8231,1978,4,23,"US","Salix lasiandra"
"1929246947","Salix lucida",-120.2255,45.0304,1978,5,25,"US","Salix lasiandra"
"1931330862","Salix lucida",-113.88,39.75,1978,9,27,"US","Salix lasiandra"
"2982010671","Salix lucida",-122.6696,41.1525,1977,5,21,"US","Salix lasiandra"
"441830783","Salix lucida",-120.87721,46.857535,1977,6,28,"US","Salix lasiandra"
"2982053900","Salix lucida",-123.34981,40.70485,1977,6,7,"US","Salix lasiandra"
"441831443","Salix lucida",-121.461726,46.371695,1977,8,5,"US","Salix lasiandra"
"2982013433","Salix lucida",-124.2029,40.67,1976,3,5,"US","Salix lasiandra"
"2982050399","Salix lucida",-124.1701,40.7519,1976,3,22,"US","Salix lasiandra"
"2982051399","Salix lucida",-124.1533,40.7988,1976,3,22,"US","Salix lasiandra"
"2982051538","Salix lucida",-124.144661806213,40.8916665485946,1976,9,3,"US","Salix lasiandra"
"51949297","Salix lucida",-122.3292,44.1722,1975,5,5,"US","Salix lasiandra"
"3406857986","Salix lucida",-118.830111,34.788191,1975,5,14,"US","Salix lasiandra"
"2982069425","Salix lucida",-123.8675,41.9535,1975,9,8,"US","Salix lasiandra"
"3320783252","Salix lucida",-123.816917,41.959389,1975,9,8,"US","Salix lasiandra"
"2982054779","Salix lucida",-122.9355,41.0662,1974,7,14,"US","Salix lasiandra"
"2450411215","Salix lucida",-116.5277,33.4574,1973,3,18,"US","Salix lasiandra"
"2982025592","Salix lucida",-122.81144,41.11958,1973,4,15,"US","Salix lasiandra"
"2982060570","Salix lucida",-122.86154,40.67273,1973,4,14,"US","Salix lasiandra"
"2273436410","Salix lucida",-118.66456,35.679912,1973,5,2,"US","Salix lasiandra"
"2421772987","Salix lucida",-119.995556,38.893889,1973,5,24,"US","Salix lasiandra"
"2982052574","Salix lucida",-122.73411,39.22082,1973,5,24,"US","Salix lasiandra"
"2421781552","Salix lucida",-120.125436,39.035887,1973,7,5,"US","Salix lasiandra"
"2982047999","Salix lucida",-121.55823,40.87718,1972,5,6,"US","Salix lasiandra"
"2982048036","Salix lucida",-122.8491,41.40566,1972,5,28,"US","Salix lasiandra"
"2982068954","Salix lucida",-122.8491,41.40566,1972,5,28,"US","Salix lasiandra"
"1927781381","Salix lucida",-144.172677,65.800648,1972,6,21,"US","Salix lasiandra"
"1928788862","Salix lucida",-144.172677,65.800648,1972,6,21,"US","Salix lasiandra"
"2859389850","Salix lucida",-135.743615,59.381472,1972,7,18,"US","Salix lasiandra"
"3079207016","Salix lucida",-117.436,33.968,1971,3,31,"US","Salix lasiandra"
"3079208836","Salix lucida",-117.436,33.968,1971,3,31,"US","Salix lasiandra"
"3091208943","Salix lucida",-120.457941,34.711685,1971,4,18,"US","Salix lasiandra"
"441830780","Salix lucida",-121.428623,48.523845,1971,5,23,"US","Salix lasiandra"
"3320789246","Salix lucida",-120.918333,39.966667,1971,6,26,"US","Salix lasiandra"
"1928057615","Salix lucida",-116.462408,43.266671,1971,7,NA,"US","Salix lasiandra"
"2565957915","Salix lucida",-124.119,40.5341,1971,8,17,"US","Salix lasiandra"
"2273436530","Salix lucida",-118.846324,35.713272,1969,4,10,"US","Salix lasiandra"
"1986957695","Salix lucida",-111.642778,41.894167,1969,7,6,"US","Salix lasiandra"
"2465052218","Salix lucida",-151.206405,60.486555,1968,8,4,"US","Salix lasiandra"
"3320775368","Salix lucida",-123.226667,41.42,1968,8,12,"US","Salix lasiandra"
"1228452831","Salix lucida",-119.710748,40.087961,1967,6,23,"US","Salix lasiandra"
"2982007803","Salix lucida",-122.908673,38.829721,1966,3,26,"US","Salix lasiandra"
"2982041797","Salix lucida",-120.74713,38.73159,1966,3,25,"US","Salix lasiandra"
"1896052891","Salix lucida",-122.216944,37.4,1965,3,8,"US","Salix lasiandra"
"1896052897","Salix lucida",-122.216944,37.4,1965,3,16,"US","Salix lasiandra"
"1896052902","Salix lucida",-122.216944,37.4,1965,3,8,"US","Salix lasiandra"
"2270211080","Salix lucida",-122.2366,37.4041,1965,3,8,"US","Salix lasiandra"
"2982002803","Salix lucida",-122.2366,37.4041,1965,3,16,"US","Salix lasiandra"
"441830766","Salix lucida",-120.661069,47.462899,1965,5,16,"US","Salix lasiandra"
"441831409","Salix lucida",-122.359462,47.393592,1965,5,23,"US","Salix lasiandra"
"441831440","Salix lucida",-120.661069,47.462899,1965,5,16,"US","Salix lasiandra"
"3320810276","Salix lucida",-120.121667,38.843333,1965,7,18,"US","Salix lasiandra"
"2982049799","Salix lucida",-121.52003,41.83034,1965,8,14,"US","Salix lasiandra"
"2270212267","Salix lucida",-122.805683,38.06418,1964,3,19,"US","Salix lasiandra"
"2562126016","Salix lucida",-120.241704,39.43094,1964,7,16,"US","Salix lasiandra"
"1995316367","Salix lucida",-118.867,37.9167,1964,9,1,"US","Salix lasiandra"
"1896052901","Salix lucida",-121.6425,36.816389,1963,4,4,"US","Salix lasiandra"
"2270287441","Salix lucida",-122.222078,37.400264,1963,4,14,"US","Salix lasiandra"
"2982048803","Salix lucida",-124.14283,40.89159,1962,3,7,"US","Salix lasiandra"
"2982024348","Salix lucida",-123.6476,41.9025,1962,8,14,"US","Salix lasiandra"
"2270212744","Salix lucida",-122.266539,37.357036,1961,2,16,"US","Salix lasiandra"
"2982018298","Salix lucida",-124.1372,41.8798,1961,4,17,"US","Salix lasiandra"
"2982026316","Salix lucida",-124.1372,41.8798,1961,4,17,"US","Salix lasiandra"
"1928854844","Salix lucida",-111.799655,40.624948,1960,6,10,"US","Salix lasiandra"
"1896052894","Salix lucida",-109.258611,31.7425,1960,7,6,"US","Salix lasiandra"
"1896052896","Salix lucida",-122.123611,40.038611,1960,8,20,"US","Salix lasiandra"
"2982029316","Salix lucida",-124.1372,41.8798,1960,9,22,"US","Salix lasiandra"
"2982054281","Salix lucida",-124.1372,41.8798,1960,9,22,"US","Salix lasiandra"
"1896052893","Salix lucida",-119.711111,34.429444,1959,3,9,"US","Salix lasiandra"
"1896052903","Salix lucida",-119.711111,34.429444,1959,3,2,"US","Salix lasiandra"
"2982025333","Salix lucida",-124.2171,41.7563,1959,5,22,"US","Salix lasiandra"
"2982021310","Salix lucida",-124.1372,41.8798,1957,9,25,"US","Salix lasiandra"
"3406857569","Salix lucida",-119.11611,36.4275,1956,7,9,"US","Salix lasiandra"
"441831084","Salix lucida",-114.17139,42.62917,1955,8,10,"US","Salix lasiandra"
"2565958793","Salix lucida",-117.4504,34.1609,1954,4,25,"US","Salix lasiandra"
"441831236","Salix lucida",-116.939429,46.691538,1954,6,2,"US","Salix lasiandra"
"441831413","Salix lucida",-119.91944,46.63889,1953,5,6,"US","Salix lasiandra"
"441831235","Salix lucida",-114.92722,44.4425,1953,7,21,"US","Salix lasiandra"
"441831115","Salix lucida",-116.99917,46.7325,1951,5,7,"US","Salix lasiandra"
"3340048611","Salix lucida",-105.407124,36.706685,1951,7,16,"US","Salix lasiandra"
"441830776","Salix lucida",-123.33929,47.13348,1950,5,27,"US","Salix lasiandra"
"441831392","Salix lucida",-122.00306,47.58528,1949,5,18,"US","Salix lasiandra"
"1228630074","Salix lucida",-122.332071,47.60621,1949,5,18,"US","Salix lasiandra"
"3744686807","Salix lucida",-122.9,38.24,1948,3,22,"US","Salix lasiandra"
"441831122","Salix lucida",-115.31111,43.51314,1947,6,19,"US","Salix lasiandra"
"2242387363","Salix lucida",-106.870447,38.782156,1947,6,28,"US","Salix lasiandra"
"441831399","Salix lucida",-122.32917,47.66972,1941,4,20,"US","Salix lasiandra"
"51949743","Salix lucida",-117.6667,43.2503,1940,5,25,"US","Salix lasiandra"
"1928699156","Salix lucida",-120.345792,42.333656,1940,5,29,"US","Salix lasiandra"
"441830772","Salix lucida",-120.965833,46.976389,1940,6,24,"US","Salix lasiandra"
"441831396","Salix lucida",-120.965833,46.976389,1940,6,24,"US","Salix lasiandra"
"441831420","Salix lucida",-120.965833,46.976389,1940,6,24,"US","Salix lasiandra"
"441831421","Salix lucida",-120.965833,46.976389,1940,6,24,"US","Salix lasiandra"
"441830782","Salix lucida",-122.57917,48.78722,1939,5,2,"US","Salix lasiandra"
"1228614212","Salix lucida",-122.580451,48.787053,1939,5,2,"US","Salix lasiandra"
"1228445760","Salix lucida",-106.625589,35.207642,1939,6,26,"US","Salix lasiandra"
"441830767","Salix lucida",-123.01171,46.146892,1938,4,24,"US","Salix lasiandra"
"1228374504","Salix lucida",-122.332071,47.60621,1938,4,2,"US","Salix lasiandra"
"1228565173","Salix lucida",-122.583444,47.061712,1938,4,16,"US","Salix lasiandra"
"1228601823","Salix lucida",-122.332071,47.60621,1938,4,2,"US","Salix lasiandra"
"441830769","Salix lucida",-123.84417,47.46722,1938,5,19,"US","Salix lasiandra"
"441831394","Salix lucida",-123.84417,47.46722,1938,5,19,"US","Salix lasiandra"
"441831415","Salix lucida",-120.14917,46.41506,1938,5,1,"US","Salix lasiandra"
"441831416","Salix lucida",-123.84417,47.46722,1938,5,19,"US","Salix lasiandra"
"1995316610","Salix lucida",-113.109,45.2135,1938,5,20,"US","Salix lasiandra"
"1228402409","Salix lucida",-122.332071,47.60621,1937,3,7,"US","Salix lasiandra"
"441831402","Salix lucida",-122.07917,47.64194,1937,4,27,"US","Salix lasiandra"
"1228290822","Salix lucida",-122.680643,47.019517,1937,5,16,"US","Salix lasiandra"
"1228485435","Salix lucida",-119.865822,39.350853,1937,6,28,"US","Salix lasiandra"
"1228512117","Salix lucida",-112.543314,42.692969,1937,7,30,"US","Salix lasiandra"
"1228521867","Salix lucida",-122.934893,41.06547,1937,7,22,"US","Salix lasiandra"
"1228536761","Salix lucida",-122.679725,40.848448,1937,7,20,"US","Salix lasiandra"
"1228553152","Salix lucida",-112.543314,42.692969,1937,7,30,"US","Salix lasiandra"
"1228576116","Salix lucida",-112.543314,42.692969,1937,7,30,"US","Salix lasiandra"
"1228367186","Salix lucida",-122.332071,47.60621,1937,11,10,"US","Salix lasiandra"
"51949280","Salix lucida",-123.0669,44.0509,1935,1,27,"US","Salix lasiandra"
"441831137","Salix lucida",-123.09944,47.21528,1935,5,11,"US","Salix lasiandra"
"1228558327","Salix lucida",-111.969568,33.823128,1935,5,18,"US","Salix lasiandra"
"2859391909","Salix lucida",-110.737461,40.127456,1935,6,26,"US","Salix lasiandra"
"1228327911","Salix lucida",-136.900219,58.665808,1935,7,29,"US","Salix lasiandra"
"1228429304","Salix lucida",-136.900219,58.665808,1935,7,30,"US","Salix lasiandra"
"1930839458","Salix lucida",-120.278089,41.986229,1935,8,3,"US","Salix lasiandra"
"441831134","Salix lucida",-123.134614,47.324776,1935,9,5,"US","Salix lasiandra"
"3406837515","Salix lucida",-117.8127,34.0886,1934,2,4,"US","Salix lasiandra"
"3406837522","Salix lucida",-117.8127,34.0886,1934,2,4,"US","Salix lasiandra"
"441831106","Salix lucida",-122.23611,48.50389,1934,6,9,"US","Salix lasiandra"
"441831121","Salix lucida",-116.99917,46.7325,1934,6,10,"US","Salix lasiandra"
"441831390","Salix lucida",-117.365093,46.889552,1934,6,15,"US","Salix lasiandra"
"441831391","Salix lucida",-122.23611,48.50389,1934,6,9,"US","Salix lasiandra"
"441831393","Salix lucida",-122.23611,48.50389,1934,6,9,"US","Salix lasiandra"
"441831425","Salix lucida",-116.99917,46.7325,1934,6,10,"US","Salix lasiandra"
"3406857974","Salix lucida",-118.677647,37.560923,1934,6,27,"US","Salix lasiandra"
"3406857980","Salix lucida",-122.72201,41.96086,1934,7,5,"US","Salix lasiandra"
"441831406","Salix lucida",-122.33083,47.60639,1933,5,1,"US","Salix lasiandra"
"1228311744","Salix lucida",-118.748431,36.558833,1933,6,25,"US","Salix lasiandra"
"2242411865","Salix lucida",-105.06143,39.754774,1933,6,27,"US","Salix lasiandra"
"2242412412","Salix lucida",-105.048831,39.781282,1933,6,27,"US","Salix lasiandra"
"441830765","Salix lucida",-124.61361,48.10333,1933,7,13,"US","Salix lasiandra"
"441831405","Salix lucida",-122.07917,47.64194,1933,7,7,"US","Salix lasiandra"
"2982008803","Salix lucida",-123.55946,40.61086,1933,7,16,"US","Salix lasiandra"
"2982035097","Salix lucida",-123.402809,42.095312,1933,8,7,"US","Salix lasiandra"
"1228428251","Salix lucida",-117.907563,34.21921,1932,1,17,"US","Salix lasiandra"
"1228429353","Salix lucida",-117.907563,34.232725,1932,1,17,"US","Salix lasiandra"
"3406857987","Salix lucida",-117.855907,34.2026,1932,1,17,"US","Salix lasiandra"
"3406857989","Salix lucida",-117.862805,34.191042,1932,1,17,"US","Salix lasiandra"
"3406837511","Salix lucida",-117.8156,34.1662,1932,3,10,"US","Salix lasiandra"
"3406857994","Salix lucida",-117.815658,34.166709,1932,3,10,"US","Salix lasiandra"
"3406858165","Salix lucida",-122.237859,37.403297,1932,3,6,"US","Salix lasiandra"
"1055869307","Salix lucida",-112.49151,45.695576,1932,4,10,"US","Salix lasiandra"
"1057326152","Salix lucida",-112.49151,45.695576,1932,4,16,"US","Salix lasiandra"
"2982000802","Salix lucida",-124.108398,41.021,1932,4,5,"US","Salix lasiandra"
"2982003807","Salix lucida",-124.2607,40.5786,1932,4,16,"US","Salix lasiandra"
"441831398","Salix lucida",-122.31222,47.5525,1932,5,7,"US","Salix lasiandra"
"1228232505","Salix lucida",-124.106598,41.015294,1932,5,11,"US","Salix lasiandra"
"1929080276","Salix lucida",-109.52457,40.998483,1932,5,1,"US","Salix lasiandra"
"2430233073","Salix lucida",-117.0764,34.2387,1932,5,30,"US","Salix lasiandra"
"1228165653","Salix lucida",-147.716389,64.837778,1932,6,21,"US","Salix lasiandra"
"1228177620","Salix lucida",-111.333311,38.100065,1932,6,28,"US","Salix lasiandra"
"1228224316","Salix lucida",-149.093056,64.563889,1932,6,21,"US","Salix lasiandra"
"1228529394","Salix lucida",-143.433056,61.731667,1932,6,24,"US","Salix lasiandra"
"1928283074","Salix lucida",-109.533978,40.875332,1932,6,10,"US","Salix lasiandra"
"1986874025","Salix lucida",-109.5244,40.8777,1932,6,10,"US","Salix lasiandra"
"3406828141","Salix lucida",-118.270374,34.121654,1932,6,28,"US","Salix lasiandra"
"1228286086","Salix lucida",-149.078889,61.6075,1932,7,15,"US","Salix lasiandra"
"1228399431","Salix lucida",-149.093056,64.563889,1932,7,3,"US","Salix lasiandra"
"2242411580","Salix lucida",-104.992707,39.731051,1932,8,13,"US","Salix lasiandra"
"3406857992","Salix lucida",-118.143733,33.961115,1931,2,2,"US","Salix lasiandra"
"1228290357","Salix lucida",-124.155851,40.598143,1931,3,24,"US","Salix lasiandra"
"1228582224","Salix lucida",-124.155851,40.598143,1931,3,24,"US","Salix lasiandra"
"2982006799","Salix lucida",-124.170855874464,40.5997691636481,1931,3,24,"US","Salix lasiandra"
"3406857567","Salix lucida",-124.16654,40.59675,1931,3,24,"US","Salix lasiandra"
"1228174199","Salix lucida",-121.626092,40.349446,1931,5,30,"US","Salix lasiandra"
"1228222214","Salix lucida",-123.904497,40.777637,1931,5,20,"US","Salix lasiandra"
"1228301365","Salix lucida",-123.970076,41.847462,1931,5,10,"US","Salix lasiandra"
"1228306809","Salix lucida",-123.904497,40.777637,1931,5,20,"US","Salix lasiandra"
"1228462528","Salix lucida",-123.630537,40.944864,1931,5,17,"US","Salix lasiandra"
"1228543640","Salix lucida",-124.101787,40.529309,1931,5,14,"US","Salix lasiandra"
"1228563141","Salix lucida",-123.970076,41.847462,1931,5,10,"US","Salix lasiandra"
"2270283731","Salix lucida",-123.040834,38.330626,1931,5,9,"US","Salix lasiandra"
"2270285906","Salix lucida",-123.35386,39.432,1931,5,3,"US","Salix lasiandra"
"2982001807","Salix lucida",-123.9695,41.8457,1931,5,10,"US","Salix lasiandra"
"2982005799","Salix lucida",-124.1038,40.5422,1931,5,14,"US","Salix lasiandra"
"3406857563","Salix lucida",-123.9673,41.824968,1931,5,10,"US","Salix lasiandra"
"3406857975","Salix lucida",-123.6316,40.9447,1931,5,17,"US","Salix lasiandra"
"3406857982","Salix lucida",-123.353857,39.432002,1931,5,3,"US","Salix lasiandra"
"441830770","Salix lucida",-122.933459,47.648433,1931,6,NA,"US","Salix lasiandra"
"1228190584","Salix lucida",-118.734265,36.616611,1931,6,16,"US","Salix lasiandra"
"1228262158","Salix lucida",-122.479184,41.319871,1931,6,19,"US","Salix lasiandra"
"1228266787","Salix lucida",-122.932103,47.652037,1931,6,NA,"US","Salix lasiandra"
"1228524426","Salix lucida",-120.294259,41.4549,1931,6,30,"US","Salix lasiandra"
"1228628252","Salix lucida",-120.294259,41.4549,1931,6,30,"US","Salix lasiandra"
"2270285023","Salix lucida",-122.4364,41.3768,1931,6,19,"US","Salix lasiandra"
"2270285305","Salix lucida",-122.428399694134,41.3980838803941,1931,6,21,"US","Salix lasiandra"
"2270287731","Salix lucida",-122.4364,41.3768,1931,6,19,"US","Salix lasiandra"
"2430285786","Salix lucida",-123.37711,41.15678,1931,6,19,"US","Salix lasiandra"
"2430555565","Salix lucida",-123.37711,41.15678,1931,6,19,"US","Salix lasiandra"
"3406837514","Salix lucida",-122.443039497813,41.3631142795061,1931,6,19,"US","Salix lasiandra"
"3406857570","Salix lucida",-122.477545,41.336242,1931,6,21,"US","Salix lasiandra"
"3406857573","Salix lucida",-122.460808,41.341527,1931,6,19,"US","Salix lasiandra"
"3406857976","Salix lucida",-118.732521,36.615126,1931,6,16,"US","Salix lasiandra"
"3406857979","Salix lucida",-121.46611,40.1125,1931,6,10,"US","Salix lasiandra"
"3406857984","Salix lucida",-122.460808,41.341527,1931,6,19,"US","Salix lasiandra"
"1228321006","Salix lucida",-123.005946,38.468469,1931,7,25,"US","Salix lasiandra"
"1228350082","Salix lucida",-149.229722,61.541944,1931,7,3,"US","Salix lasiandra"
"1228367277","Salix lucida",-122.393464,41.036308,1931,7,1,"US","Salix lasiandra"
"1228529636","Salix lucida",-123.005946,38.468469,1931,7,25,"US","Salix lasiandra"
"1228551653","Salix lucida",-122.393464,41.036308,1931,7,1,"US","Salix lasiandra"
"441831411","Salix lucida",-123.80583,48.09472,1931,8,NA,"US","Salix lasiandra"
"441831412","Salix lucida",-123.80583,48.09472,1931,8,NA,"US","Salix lasiandra"
"1228207148","Salix lucida",-119.826402,37.759065,1931,8,4,"US","Salix lasiandra"
"1228210942","Salix lucida",-119.75267,37.875497,1931,8,4,"US","Salix lasiandra"
"1228378707","Salix lucida",-123.807144,48.094531,1931,8,NA,"US","Salix lasiandra"
"2618315492","Salix lucida",-119.556977,37.848325,1931,8,4,"US","Salix lasiandra"
"1228370128","Salix lucida",-123.63257,40.943192,1931,9,7,"US","Salix lasiandra"
"1228453042","Salix lucida",-122.260015,37.87035,1931,9,8,"US","Salix lasiandra"
"1228436553","Salix lucida",-123.960168,40.473002,1931,11,8,"US","Salix lasiandra"
"3406857978","Salix lucida",-116.982681,34.242375,1930,6,18,"US","Salix lasiandra"
"2273435591","Salix lucida",-119.167293,37.26493,1930,7,16,"US","Salix lasiandra"
"2430049894","Salix lucida",-118.49824,42.618501,1930,7,5,"US","Salix lasiandra"
"441830771","Salix lucida",-122.52444,47.74722,1929,5,18,"US","Salix lasiandra"
"441831101","Salix lucida",-122.69361,47.64472,1929,5,3,"US","Salix lasiandra"
"441831125","Salix lucida",-122.33083,47.60639,1929,5,24,"US","Salix lasiandra"
"441831136","Salix lucida",-122.52444,47.74722,1929,5,18,"US","Salix lasiandra"
"441831435","Salix lucida",-122.52444,47.74722,1929,5,18,"US","Salix lasiandra"
"441831436","Salix lucida",-122.63393,47.67244,1929,5,12,"US","Salix lasiandra"
"441831437","Salix lucida",-122.63393,47.67244,1929,5,12,"US","Salix lasiandra"
"1928882314","Salix lucida",-122.648996,47.639831,1929,5,12,"US","Salix lasiandra"
"1930049555","Salix lucida",-122.648996,47.639831,1929,5,12,"US","Salix lasiandra"
"1228499311","Salix lucida",-150.76835,67.409535,1929,8,18,"US","Salix lasiandra"
"1930408677","Salix lucida",-122.177082,48.051764,1928,5,NA,"US","Salix lasiandra"
"3406857981","Salix lucida",-116.91789,34.242003,1928,5,5,"US","Salix lasiandra"
"2273436388","Salix lucida",-118.3951,37.3635,1927,5,13,"US","Salix lasiandra"
"1228189272","Salix lucida",-105.223897,35.593932,1927,6,14,"US","Salix lasiandra"
"1228600458","Salix lucida",-105.223897,35.593932,1927,6,14,"US","Salix lasiandra"
"1929323039","Salix lucida",-107.0317,38.666798,1926,5,24,"US","Salix lasiandra"
"441830764","Salix lucida",-122.66028,45.63889,1926,6,1,"US","Salix lasiandra"
"441830773","Salix lucida",-121.46333,45.715,1923,4,17,"US","Salix lasiandra"
"441831450","Salix lucida",-121.46333,45.715,1923,9,6,"US","Salix lasiandra"
"1228153248","Salix lucida",-104.738328,36.596701,1922,6,5,"US","Salix lasiandra"
"441831448","Salix lucida",-121.30818,45.97682,1922,8,28,"US","Salix lasiandra"
"441830777","Salix lucida",-120.001573,48.129743,1921,7,16,"US","Salix lasiandra"
"441831449","Salix lucida",-121.46333,45.715,1920,5,11,"US","Salix lasiandra"
"1930651428","Salix lucida",-120.012989,38.856046,1920,7,2,"US","Salix lasiandra"
"1228265817","Salix lucida",-121.538304,39.646274,1919,4,12,"US","Salix lasiandra"
"1228375322","Salix lucida",-121.512518,39.905578,1919,5,17,"US","Salix lasiandra"
"1228289517","Salix lucida",-122.761144,39.374386,1919,6,8,"US","Salix lasiandra"
"3406858163","Salix lucida",-120.906719,39.098651,1917,6,19,"US","Salix lasiandra"
"1228481937","Salix lucida",-121.551086,40.081271,1917,7,26,"US","Salix lasiandra"
"3406858167","Salix lucida",-122.72444,39.65111,1917,7,4,"US","Salix lasiandra"
"1228242288","Salix lucida",-121.955236,37.354108,1916,6,15,"US","Salix lasiandra"
"1228510779","Salix lucida",-122.32565,37.441743,1916,6,14,"US","Salix lasiandra"
"1228527428","Salix lucida",-121.955236,37.354108,1916,6,15,"US","Salix lasiandra"
"1228341277","Salix lucida",-122.676207,45.523452,1915,6,23,"US","Salix lasiandra"
"1228272841","Salix lucida",-122.479184,41.319871,1915,7,18,"US","Salix lasiandra"
"3406858161","Salix lucida",-122.457484,41.425656,1915,7,18,"US","Salix lasiandra"
"2859095962","Salix lucida",-108.568703,38.218324,1914,5,9,"US","Salix lasiandra"
"2859113939","Salix lucida",-108.568703,38.218324,1914,5,9,"US","Salix lasiandra"
"1228417246","Salix lucida",-121.837478,39.728494,1914,7,23,"US","Salix lasiandra"
"1426237621","Salix lucida",-122.336197,41.331501,1913,3,1,"US","Salix lasiandra"
"1228482029","Salix lucida",-120.843461,40.002433,1913,6,13,"US","Salix lasiandra"
"1228546755","Salix lucida",-118.135904,34.124452,1912,3,7,"US","Salix lasiandra"
"1228478418","Salix lucida",-119.91012,39.48313,1912,6,18,"US","Salix lasiandra"
"1228262655","Salix lucida",-116.729841,33.041021,1912,7,31,"US","Salix lasiandra"
"1228388443","Salix lucida",-115.274779,41.065476,1912,7,10,"US","Salix lasiandra"
"1931334400","Salix lucida",-122.272747,37.871593,1910,5,17,"US","Salix lasiandra"
"441831127","Salix lucida",-122.33083,47.60639,1909,10,20,"US","Salix lasiandra"
"441831126","Salix lucida",-122.33083,47.60639,1908,10,12,"US","Salix lasiandra"
"1228226676","Salix lucida",-122.313442,41.310791,1905,6,15,"US","Salix lasiandra"
"1228416235","Salix lucida",-118.139023,34.171081,1903,2,NA,"US","Salix lasiandra"
"1228336002","Salix lucida",-122.023884,36.952773,1903,4,9,"US","Salix lasiandra"
"1228200505","Salix lucida",-121.670323,36.630498,1903,5,11,"US","Salix lasiandra"
"1228271326","Salix lucida",-122.415339,45.546867,1903,5,4,"US","Salix lasiandra"
"1228185229","Salix lucida",-120.265188,39.322743,1903,7,8,"US","Salix lasiandra"
"1930202891","Salix lucida",-121.87283,48.829745,1903,7,3,"US","Salix lasiandra"
"1228248834","Salix lucida",-122.636995,38.456275,1902,3,28,"US","Salix lasiandra"
"1228597973","Salix lucida",-122.636995,38.456275,1902,3,18,"US","Salix lasiandra"
"1228177871","Salix lucida",-122.858044,38.550453,1902,4,18,"US","Salix lasiandra"
"1228590786","Salix lucida",-122.858044,38.550453,1902,4,18,"US","Salix lasiandra"
"1228451696","Salix lucida",-121.752748,39.159892,1902,5,17,"US","Salix lasiandra"
"1228287663","Salix lucida",-122.676207,45.523452,1902,6,4,"US","Salix lasiandra"
"2859393927","Salix lucida",-111.850766,40.391617,1902,6,20,"US","Salix lasiandra"
"1228171120","Salix lucida",-104.821363,38.833882,1900,5,16,"US","Salix lasiandra"
"1228584653","Salix lucida",-104.821363,38.877372,1900,5,16,"US","Salix lasiandra"
"1228504620","Salix lucida",-107.594572,37.363684,1899,5,NA,"US","Salix lasiandra"
"1228283056","Salix lucida",-122.334832,47.640404,1898,6,20,"US","Salix lasiandra"
"1228409140","Salix lucida",-108.289249,37.344996,1898,6,25,"US","Salix lasiandra"
"1228434559","Salix lucida",-108.289249,37.344996,1898,6,25,"US","Salix lasiandra"
"1228456798","Salix lucida",-123.602663,46.981206,1898,6,1,"US","Salix lasiandra"
"1228503364","Salix lucida",-122.217067,47.482878,1898,6,20,"US","Salix lasiandra"
"441831133","Salix lucida",-122.33083,47.60639,1898,NA,NA,"US","Salix lasiandra"
"1228228719","Salix lucida",-123.96,46.9853,1897,5,13,"US","Salix lasiandra"
"1228310146","Salix lucida",-123.8856,46.9803,1897,5,13,"US","Salix lasiandra"
"2265412454","Salix lucida",-119.66417,37.71639,1896,10,1,"US","Salix lasiandra"
"1228144986","Salix lucida",-121.765795,46.780399,1895,4,2,"US","Salix lasiandra"
"1228195333","Salix lucida",-121.765795,46.780399,1895,4,2,"US","Salix lasiandra"
"1228247138","Salix lucida",-121.765795,46.780399,1895,4,2,"US","Salix lasiandra"
"1228379460","Salix lucida",-121.946902,37.139113,1895,4,19,"US","Salix lasiandra"
"1228467726","Salix lucida",-121.765795,46.780399,1895,4,2,"US","Salix lasiandra"
"1228374194","Salix lucida",-116.848641,34.26084,1894,6,24,"US","Salix lasiandra"
"2430508654","Salix lucida",-111.555436,38.995053,1894,6,15,"US","Salix lasiandra"
"1228402955","Salix lucida",-117.679898,47.181868,1893,5,30,"US","Salix lasiandra"
"1228478151","Salix lucida",-118.379975,47.127372,1893,6,9,"US","Salix lasiandra"
"441831541","Salix lucida",-122.89944,47.03806,1892,4,23,"US","Salix lasiandra"
"1228327904","Salix lucida",-108.289249,37.344996,1892,6,NA,"US","Salix lasiandra"
"1228271085","Salix lucida",-121.490638,46.202621,1892,8,6,"US","Salix lasiandra"
"1228629593","Salix lucida",-120.0464,47.8411,1892,8,12,"US","Salix lasiandra"
"1228440869","Salix lucida",-122.272747,37.871593,1891,3,24,"US","Salix lasiandra"
"441831131","Salix lucida",-122.33083,47.60639,1891,5,NA,"US","Salix lasiandra"
"441831128","Salix lucida",-122.33083,47.60639,1889,4,26,"US","Salix lasiandra"
"1228381589","Salix lucida",-122.332071,47.60621,1889,4,14,"US","Salix lasiandra"
"1228582525","Salix lucida",-122.332071,47.60621,1889,4,14,"US","Salix lasiandra"
"441831129","Salix lucida",-122.33083,47.60639,1889,9,27,"US","Salix lasiandra"
"1228475544","Salix lucida",-122.270803,37.804372,1888,3,31,"US","Salix lasiandra"
"2265440509","Salix lucida",-119.66417,37.71639,1888,5,22,"US","Salix lasiandra"
"1228480442","Salix lucida",-117.280598,34.088624,1887,NA,NA,"US","Salix lasiandra"
"1228608154","Salix lucida",-121.152572,45.817067,1886,5,20,"US","Salix lasiandra"
"51949093","Salix lucida",-118.9267,45.6498,1886,6,5,"US","Salix lasiandra"
"1228197949","Salix lucida",-122.023884,36.952773,1884,4,28,"US","Salix lasiandra"
"1228484387","Salix lucida",-122.801212,45.716504,1882,5,NA,"US","Salix lasiandra"
"1228306659","Salix lucida",-117.280598,34.088624,1882,6,13,"US","Salix lasiandra"
"1228600539","Salix lucida",-123.757083,40.321286,1882,NA,NA,"US","Salix lasiandra"
"1228233906","Salix lucida",-117.289765,34.108345,1881,1,12,"US","Salix lasiandra"
"1228237961","Salix lucida",-117.289765,34.108345,1881,1,12,"US","Salix lasiandra"
"1228315987","Salix lucida",-117.289765,34.108345,1881,1,10,"US","Salix lasiandra"
"1228621201","Salix lucida",-117.289765,34.108345,1881,1,12,"US","Salix lasiandra"
"1228412175","Salix lucida",-121.152572,45.817067,1881,4,23,"US","Salix lasiandra"
"1228588866","Salix lucida",-124.05793,46.244267,1881,7,16,"US","Salix lasiandra"
"1228227532","Salix lucida",-123.213013,46.16871,1880,6,NA,"US","Salix lasiandra"
"1228243796","Salix lucida",-123.213013,46.16871,1880,6,NA,"US","Salix lasiandra"
"1228459191","Salix lucida",-111.884658,40.776335,1880,6,3,"US","Salix lasiandra"
"1228377265","Salix lucida",-120,44,1880,8,14,"US","Salix lasiandra"
"1228532568","Salix lucida",-123.468418,43.365393,1880,8,17,"US","Salix lasiandra"
"1228522679","Salix lucida",-110,40,1880,NA,NA,"US","Salix lasiandra"
"1228478888","Salix lucida",-122.023884,36.952773,1877,NA,NA,"US","Salix lasiandra"
"1228307510","Salix lucida",-120,44,1875,5,NA,"US","Salix lasiandra"
"1228321956","Salix lucida",-122.783146,45.005121,1871,NA,NA,"US","Salix lasiandra"
"1228555141","Salix lucida",-120,44,1871,NA,NA,"US","Salix lasiandra"
"1228465647","Salix lucida",-105,35,1847,NA,NA,"US","Salix lasiandra"
"1090546063","Salix lucida",-121.5667,39.65,NA,NA,NA,"US","Salix lasiandra"
"1228239669","Salix lucida",-120,47,NA,NA,NA,"US","Salix lasiandra"
"1228258335","Salix lucida",-119,37,NA,NA,NA,"US","Salix lasiandra"
"1228267795","Salix lucida",-119,37,NA,NA,NA,"US","Salix lasiandra"
"1228300422","Salix lucida",-120,44,NA,NA,NA,"US","Salix lasiandra"
"1228311655","Salix lucida",-120.770764,39.009344,NA,NA,NA,"US","Salix lasiandra"
"1228312275","Salix lucida",-119,37,NA,NA,NA,"US","Salix lasiandra"
"1228354446","Salix lucida",-119,37,NA,NA,NA,"US","Salix lasiandra"
"1228373710","Salix lucida",-119,37,NA,NA,NA,"US","Salix lasiandra"
"1228389218","Salix lucida",-120,44,NA,NA,NA,"US","Salix lasiandra"
"1228389898","Salix lucida",-122.676207,45.523452,NA,NA,NA,"US","Salix lasiandra"
"1228406307","Salix lucida",-122.023884,36.952773,NA,NA,NA,"US","Salix lasiandra"
"1228497333","Salix lucida",-105,35,NA,NA,NA,"US","Salix lasiandra"
"1228525293","Salix lucida",-122.023884,36.952773,NA,NA,NA,"US","Salix lasiandra"
"1228565706","Salix lucida",-120.452197,35.387418,NA,NA,NA,"US","Salix lasiandra"
"1228591301","Salix lucida",-119.665168,37.716316,NA,NA,NA,"US","Salix lasiandra"
"1228605352","Salix lucida",-119,37,NA,NA,NA,"US","Salix lasiandra"
"1228607790","Salix lucida",-122.332071,47.60621,NA,NA,NA,"US","Salix lasiandra"
"1228628667","Salix lucida",-120,44,NA,NA,NA,"US","Salix lasiandra"
"1928096971","Salix lucida",-121.494345,38.581545,NA,NA,NA,"US","Salix lasiandra"
"1930550116","Salix lucida",-109.6583,48.2369,NA,NA,NA,"US","Salix lasiandra"
"1931332604","Salix lucida",-123.889335,46.980925,NA,NA,NA,"US","Salix lasiandra"
"2265443538","Salix lucida",-123.83,47.83,NA,NA,NA,"US","Salix lasiandra"
"2270284297","Salix lucida",-117.75,34.2,NA,NA,NA,"US","Salix lasiandra"
"2430197820","Salix lucida",-117.885482,33.642585,NA,NA,NA,"US","Salix lasiandra"
"2565957698","Salix lucida",-118.4728,36.0118,NA,NA,NA,"US","Salix lasiandra"
"2595832447","Salix lucida",-122.38,41.23,NA,NA,NA,"US","Salix lasiandra"
"3406858072","Salix lucida",-118.86551,34.835061,NA,NA,NA,"US","Salix lasiandra"
"3461004620","Salix lucida",-120.85245,35.52396,NA,NA,NA,"US","Salix lasiandra"
"3461004849","Salix lucida",-120.85411,35.52455,NA,NA,NA,"US","Salix lasiandra"
"3461004851","Salix lucida",-120.85411,35.52455,NA,NA,NA,"US","Salix lasiandra"
"3462356326","Salix lucida",-105.258778,39.88958,NA,NA,NA,"US","Salix lasiandra"
