"gbifID","species","longitude","latitude","year","month","day","countryCode"
2611285837,"Spermolepis divaricata",-95.377895,30.0385,2020,4,26,"US"
2984465380,"Spermolepis divaricata",-93.000379,33.694495,2020,5,21,"US"
2284203672,"Spermolepis divaricata",-84.2894,30.3577,2019,4,14,"US"
3028034291,"Spermolepis divaricata",-84.2894,30.3577,2019,4,14,"US"
3028116948,"Spermolepis divaricata",-84.2894,30.3577,2019,4,14,"US"
2242969515,"Spermolepis divaricata",-86.962873,32.383859,2019,5,12,"US"
2242465745,"Spermolepis divaricata",-81.3136,28.4975,2017,3,24,"US"
1562888487,"Spermolepis divaricata",-94.835507,30.318187,2017,4,14,"US"
1930663311,"Spermolepis divaricata",-97.78199,33.46336,2017,4,29,"US"
2430684397,"Spermolepis divaricata",-81.26383,31.620783,2017,4,5,"US"
1562897666,"Spermolepis divaricata",-97.219347,32.665377,2017,5,5,"US"
1841147451,"Spermolepis divaricata",-81.3522,27.1828,2016,4,10,"US"
1849097173,"Spermolepis divaricata",-80.256572,34.471735,2016,4,15,"US"
1852052433,"Spermolepis divaricata",-81.2275,28.3114,2015,3,19,"US"
1928520453,"Spermolepis divaricata",-81.22761,28.31147,2015,3,19,"US"
1946182870,"Spermolepis divaricata",-87.2475,30.5366,2015,5,1,"US"
1457746371,"Spermolepis divaricata",-81.99984,29.70825,2014,3,28,"US"
1913947435,"Spermolepis divaricata",-86.007278,31.968028,2014,4,23,"US"
2397767433,"Spermolepis divaricata",-82.0149,28.9025,2014,4,18,"US"
2422511749,"Spermolepis divaricata",-86.00728,31.96803,2014,4,23,"US"
2430473856,"Spermolepis divaricata",-86.007278,31.968028,2014,4,23,"US"
1457788281,"Spermolepis divaricata",-82.0326,29.67305,2014,5,8,"US"
1503272741,"Spermolepis divaricata",-83.3161,29.735,2013,3,3,"US"
1806524961,"Spermolepis divaricata",-81.4525,31.4008,2012,4,16,"US"
1849176072,"Spermolepis divaricata",-83.28291,30.25367,2012,4,28,"US"
1929408897,"Spermolepis divaricata",-81.4525,31.40089,2012,4,16,"US"
1843910097,"Spermolepis divaricata",-105.9785,32.86393,2011,4,16,"US"
1930223880,"Spermolepis divaricata",-76.878,34.791236,2011,4,3,"US"
1849121126,"Spermolepis divaricata",-81.1666,32.416,2010,4,22,"US"
2807589519,"Spermolepis divaricata",-97.88979,31.26137,2010,5,18,"US"
1913946247,"Spermolepis divaricata",-86.546389,31.915,2009,5,20,"US"
1258124654,"Spermolepis divaricata",-82.9633,29.025,2008,3,29,"US"
575023411,"Spermolepis divaricata",-84.966667,30.016667,2008,4,22,"US"
1258124658,"Spermolepis divaricata",-83.5526,30.0996,2008,4,12,"US"
1258124660,"Spermolepis divaricata",-82.5539,29.5136,2008,4,17,"US"
1913945603,"Spermolepis divaricata",-86.565,31.634444,2007,4,29,"US"
1913945606,"Spermolepis divaricata",-86.544444,31.913889,2007,4,28,"US"
1457768842,"Spermolepis divaricata",-81.086972,29.345278,2006,3,14,"US"
1503250000,"Spermolepis divaricata",-81.0869,29.3453,2006,3,14,"US"
1503260155,"Spermolepis divaricata",-81.0917,29.3033,2006,3,15,"US"
2422412194,"Spermolepis divaricata",-82.17222,29.34278,2005,3,23,"US"
1849139952,"Spermolepis divaricata",-79.0504,33.5157,2003,6,10,"US"
1457751720,"Spermolepis divaricata",-82.40513,29.60949,2002,3,22,"US"
1503254597,"Spermolepis divaricata",-81.1136,28.5911,2002,4,20,"US"
1930978262,"Spermolepis divaricata",-83.291967,29.707617,2002,4,11,"US"
1849140515,"Spermolepis divaricata",-84.26185,30.665428,2001,5,3,"US"
2626949293,"Spermolepis divaricata",-97.175,30.216667,2001,5,15,"US"
1258124680,"Spermolepis divaricata",-82.04,29.7733,2000,4,14,"US"
1849161926,"Spermolepis divaricata",-86.168889,31.016667,2000,4,28,"US"
153281215,"Spermolepis divaricata",-82.44625,31.95168,2000,5,3,"US"
1849099882,"Spermolepis divaricata",-81.158593,33.171097,1996,5,10,"US"
1699344819,"Spermolepis divaricata",-94.155391,31.702351,1992,5,29,"US"
1930212898,"Spermolepis divaricata",-94.163115,31.701157,1992,5,29,"US"
1928867381,"Spermolepis divaricata",-95.341088,32.325872,1990,5,26,"US"
2422290222,"Spermolepis divaricata",-95.295,32.30278,1990,5,26,"US"
1931275140,"Spermolepis divaricata",-97.883353,30.146751,1989,5,3,"US"
2430253677,"Spermolepis divaricata",-97.883364,30.146732,1989,5,3,"US"
2859430240,"Spermolepis divaricata",-93.987403,32.910708,1984,6,1,"US"
2236144883,"Spermolepis divaricata",-94.27,30.38,1981,5,30,"US"
3093978417,"Spermolepis divaricata",-97.585753,35.18204,1981,6,2,"US"
1844418260,"Spermolepis divaricata",-81.753551,36.379276,1980,4,22,"US"
1927857184,"Spermolepis divaricata",-97.065295,28.693511,1979,4,21,"US"
1930209324,"Spermolepis divaricata",-97.40752,28.565624,1979,5,18,"US"
2422409349,"Spermolepis divaricata",-94.50944,32.45222,1977,5,14,"US"
1844417553,"Spermolepis divaricata",-93.001977,32.247317,1975,4,21,"US"
1844417262,"Spermolepis divaricata",-78.230076,34.042793,1974,5,18,"US"
2859431004,"Spermolepis divaricata",-86.136052,30.432927,1974,5,10,"US"
1846526451,"Spermolepis divaricata",-94.997307,32.437274,1971,5,22,"US"
1849111099,"Spermolepis divaricata",-79.084413,33.516274,1967,5,6,"US"
864866857,"Spermolepis divaricata",-88.25446,31.60886,1966,5,8,"US"
2234460238,"Spermolepis divaricata",-79.441989,33.836659,1960,5,26,"US"
1928785749,"Spermolepis divaricata",-96.10545,31.529618,1959,5,26,"US"
1930300138,"Spermolepis divaricata",-94.425592,30.875228,1959,5,25,"US"
2234459818,"Spermolepis divaricata",-79.681414,33.292385,1959,5,27,"US"
2859139184,"Spermolepis divaricata",-84.213383,30.438239,1958,4,23,"US"
2234460711,"Spermolepis divaricata",-79.681414,33.292385,1958,5,14,"US"
2859154189,"Spermolepis divaricata",-79.774965,34.205691,1957,4,19,"US"
1929519708,"Spermolepis divaricata",-96.799819,33.882141,1955,6,14,"US"
1849120204,"Spermolepis divaricata",-81.714554,33.315977,1952,4,21,"US"
2238753559,"Spermolepis divaricata",-78.02027,34.1392,1952,4,26,"US"
2859396156,"Spermolepis divaricata",-82.800103,27.965853,1947,4,7,"US"
1930958094,"Spermolepis divaricata",-96.713667,34.774526,1947,5,18,"US"
1929396056,"Spermolepis divaricata",-97.931764,32.442008,1946,4,21,"US"
1928135602,"Spermolepis divaricata",-97.325757,32.771551,1946,5,15,"US"
1928098602,"Spermolepis divaricata",-97.152438,33.065556,1946,6,6,"US"
1929722351,"Spermolepis divaricata",-97.151419,32.995836,1945,5,21,"US"
2859139053,"Spermolepis divaricata",-80.13772,26.461448,1945,5,15,"US"
1928153076,"Spermolepis divaricata",-99.890122,32.301472,1943,5,1,"US"
1927864363,"Spermolepis divaricata",-96.965704,30.310678,1941,5,9,"US"
1929530071,"Spermolepis divaricata",-97.743061,30.267153,1938,5,17,"US"
1928666167,"Spermolepis divaricata",-96.670573,35.22452,1936,5,17,"US"
2242392452,"Spermolepis divaricata",-99.318968,38.913494,1935,6,29,"US"
2859151180,"Spermolepis divaricata",-99.32677,39.053139,1935,6,29,"US"
1931305044,"Spermolepis divaricata",-99.108267,28.867818,1928,5,9,"US"
1928990307,"Spermolepis divaricata",-97.29124,32.771556,1921,5,25,"US"
1930222927,"Spermolepis divaricata",-94.837362,33.881007,1916,5,26,"US"
2859153181,"Spermolepis divaricata",-77.94471,34.225726,1911,4,14,"US"
864867148,"Spermolepis divaricata",-88.4542,30.198923,1903,5,8,"US"
1929762504,"Spermolepis divaricata",-97.797254,32.759296,1902,5,26,"US"
2859399153,"Spermolepis divaricata",-97.797254,32.759296,1902,5,26,"US"
864867247,"Spermolepis divaricata",-88.4542,30.198923,1898,5,8,"US"
2859152192,"Spermolepis divaricata",-85.480782,32.609857,1898,5,28,"US"
1929696031,"Spermolepis divaricata",-99.140319,30.047433,1894,5,14,"US"
1930970452,"Spermolepis divaricata",-96.370942,35.902678,1894,6,19,"US"
1930242097,"Spermolepis divaricata",-96.806667,32.783056,1876,5,NA,"US"
1928431064,"Spermolepis divaricata",-95.363272,29.763284,1872,4,12,"US"
1929957261,"Spermolepis divaricata",-95.363272,29.763284,1872,4,12,"US"
1931359623,"Spermolepis divaricata",-95.363272,29.763284,1872,4,12,"US"
864867322,"Spermolepis divaricata",-81.65583,30.33194,NA,NA,NA,"US"
864867435,"Spermolepis divaricata",-81.65583,30.33194,NA,NA,NA,"US"
2859397149,"Spermolepis divaricata",-81.697593,30.065241,NA,NA,NA,"US"
