"gbifID","species","longitude","latitude","year","month","day","countryCode","accepted_name"
2611285837,"Spermolepis divaricata",-95.377895,30.0385,2020,4,26,"US","Spermolepis divaricata"
2984465380,"Spermolepis divaricata",-93.000379,33.694495,2020,5,21,"US","Spermolepis divaricata"
2284203672,"Spermolepis divaricata",-84.2894,30.3577,2019,4,14,"US","Spermolepis divaricata"
3028034291,"Spermolepis divaricata",-84.2894,30.3577,2019,4,14,"US","Spermolepis divaricata"
3028116948,"Spermolepis divaricata",-84.2894,30.3577,2019,4,14,"US","Spermolepis divaricata"
3337826330,"Spermolepis divaricata",-77.90858,34.047558,2019,4,10,"US","Spermolepis divaricata"
2242969515,"Spermolepis divaricata",-86.962873,32.383859,2019,5,12,"US","Spermolepis divaricata"
3498231431,"Spermolepis divaricata",-80.8586,32.83163,2018,5,5,"US","Spermolepis divaricata"
2242465745,"Spermolepis divaricata",-81.3136,28.4975,2017,3,24,"US","Spermolepis divaricata"
1562888487,"Spermolepis divaricata",-94.835507,30.318187,2017,4,14,"US","Spermolepis divaricata"
1930663311,"Spermolepis divaricata",-97.78199,33.46336,2017,4,29,"US","Spermolepis divaricata"
2430684397,"Spermolepis divaricata",-81.26383,31.620783,2017,4,5,"US","Spermolepis divaricata"
1562897666,"Spermolepis divaricata",-97.219347,32.665377,2017,5,5,"US","Spermolepis divaricata"
1841147451,"Spermolepis divaricata",-81.3522,27.1828,2016,4,10,"US","Spermolepis divaricata"
1849097173,"Spermolepis divaricata",-80.256572,34.471735,2016,4,15,"US","Spermolepis divaricata"
3435783823,"Spermolepis divaricata",-94.14974,35.20638,2016,5,17,"US","Spermolepis divaricata"
3707734512,"Spermolepis divaricata",-92.890301,31.997715,2016,5,9,"US","Spermolepis divaricata"
1852052433,"Spermolepis divaricata",-81.2275,28.3114,2015,3,19,"US","Spermolepis divaricata"
1928520453,"Spermolepis divaricata",-81.22761,28.31147,2015,3,19,"US","Spermolepis divaricata"
1946182870,"Spermolepis divaricata",-87.2475,30.5366,2015,5,1,"US","Spermolepis divaricata"
1457746371,"Spermolepis divaricata",-81.99984,29.70825,2014,3,28,"US","Spermolepis divaricata"
1913947435,"Spermolepis divaricata",-86.007278,31.968028,2014,4,23,"US","Spermolepis divaricata"
2397767433,"Spermolepis divaricata",-82.0149,28.9025,2014,4,18,"US","Spermolepis divaricata"
2422511749,"Spermolepis divaricata",-86.00728,31.96803,2014,4,23,"US","Spermolepis divaricata"
2430473856,"Spermolepis divaricata",-86.007278,31.968028,2014,4,23,"US","Spermolepis divaricata"
1457788281,"Spermolepis divaricata",-82.0326,29.67305,2014,5,8,"US","Spermolepis divaricata"
1503272741,"Spermolepis divaricata",-83.3161,29.735,2013,3,3,"US","Spermolepis divaricata"
3707739449,"Spermolepis divaricata",-84.42216,32.50816,2013,5,25,"US","Spermolepis divaricata"
3435790535,"Spermolepis divaricata",-93.17238,33.65819,2013,6,4,"US","Spermolepis divaricata"
1806524961,"Spermolepis divaricata",-81.4525,31.4008,2012,4,16,"US","Spermolepis divaricata"
1849176072,"Spermolepis divaricata",-83.28291,30.25367,2012,4,28,"US","Spermolepis divaricata"
1929408897,"Spermolepis divaricata",-81.4525,31.40089,2012,4,16,"US","Spermolepis divaricata"
3766275199,"Spermolepis divaricata",-86.7021,31.16114,2012,5,3,"US","Spermolepis divaricata"
1843910097,"Spermolepis divaricata",-105.9785,32.86393,2011,4,16,"US","Spermolepis divaricata"
1930223880,"Spermolepis divaricata",-76.878,34.791236,2011,4,3,"US","Spermolepis divaricata"
1849121126,"Spermolepis divaricata",-81.1666,32.416,2010,4,22,"US","Spermolepis divaricata"
2807589519,"Spermolepis divaricata",-97.88979,31.26137,2010,5,18,"US","Spermolepis divaricata"
1269725274,"Spermolepis divaricata",-93.463333,30.88,2009,4,28,"US","Spermolepis divaricata"
3766275200,"Spermolepis divaricata",-86.68356,31.19111,2009,4,15,"US","Spermolepis divaricata"
1913946247,"Spermolepis divaricata",-86.546389,31.915,2009,5,20,"US","Spermolepis divaricata"
2825616068,"Spermolepis divaricata",-86.546389,31.915111,2009,5,20,"US","Spermolepis divaricata"
575023411,"Spermolepis divaricata",-84.966667,30.016667,2008,4,22,"US","Spermolepis divaricata"
1258124658,"Spermolepis divaricata",-83.5526,30.0996,2008,4,12,"US","Spermolepis divaricata"
1258124660,"Spermolepis divaricata",-82.5539,29.5136,2008,4,17,"US","Spermolepis divaricata"
3435790543,"Spermolepis divaricata",-94.03192,33.19508,2008,4,28,"US","Spermolepis divaricata"
3435790564,"Spermolepis divaricata",-92.37655,34.98502,2008,5,20,"US","Spermolepis divaricata"
1913945603,"Spermolepis divaricata",-86.565,31.634444,2007,4,29,"US","Spermolepis divaricata"
1913945606,"Spermolepis divaricata",-86.544444,31.913889,2007,4,28,"US","Spermolepis divaricata"
2825648988,"Spermolepis divaricata",-86.544444,31.913889,2007,4,28,"US","Spermolepis divaricata"
3744689209,"Spermolepis divaricata",-86.54,31.91,2007,4,28,"US","Spermolepis divaricata"
1563150060,"Spermolepis divaricata",-88.4326,30.2064,2007,5,10,"US","Spermolepis divaricata"
1990196834,"Spermolepis divaricata",-75.664972,36.001472,2007,5,25,"US","Spermolepis divaricata"
3707761446,"Spermolepis divaricata",-89.532,36.8883,2007,5,26,"US","Spermolepis divaricata"
1457768842,"Spermolepis divaricata",-81.086972,29.345278,2006,3,14,"US","Spermolepis divaricata"
1503250000,"Spermolepis divaricata",-81.0869,29.3453,2006,3,14,"US","Spermolepis divaricata"
1503260155,"Spermolepis divaricata",-81.0917,29.3033,2006,3,15,"US","Spermolepis divaricata"
3707725773,"Spermolepis divaricata",-81.88347,31.06842,2006,4,29,"US","Spermolepis divaricata"
3435783465,"Spermolepis divaricata",-94.40615,35.78146,2006,5,19,"US","Spermolepis divaricata"
2422412194,"Spermolepis divaricata",-82.17222,29.34278,2005,3,23,"US","Spermolepis divaricata"
3710075653,"Spermolepis divaricata",-81.494,30.386,2005,4,22,"US","Spermolepis divaricata"
3707728025,"Spermolepis divaricata",-88.7018,31.0023,2005,5,5,"US","Spermolepis divaricata"
1503246619,"Spermolepis divaricata",-82.5149,27.9263,2004,4,10,"US","Spermolepis divaricata"
1503252065,"Spermolepis divaricata",-81.6833,30,2003,4,23,"US","Spermolepis divaricata"
1849139952,"Spermolepis divaricata",-79.0504,33.5157,2003,6,10,"US","Spermolepis divaricata"
1457751720,"Spermolepis divaricata",-82.40513,29.60949,2002,3,22,"US","Spermolepis divaricata"
1503254597,"Spermolepis divaricata",-81.1136,28.5911,2002,4,20,"US","Spermolepis divaricata"
1930978262,"Spermolepis divaricata",-83.291967,29.707617,2002,4,11,"US","Spermolepis divaricata"
3744689202,"Spermolepis divaricata",-86.77,31.48,2002,4,27,"US","Spermolepis divaricata"
3744689200,"Spermolepis divaricata",-86.92,31.49,2002,5,3,"US","Spermolepis divaricata"
1849140515,"Spermolepis divaricata",-84.26185,30.665428,2001,5,3,"US","Spermolepis divaricata"
2626949293,"Spermolepis divaricata",-97.175,30.216667,2001,5,15,"US","Spermolepis divaricata"
1503241633,"Spermolepis divaricata",-82.1833,27.4833,2000,3,30,"US","Spermolepis divaricata"
1258124680,"Spermolepis divaricata",-82.04,29.7733,2000,4,14,"US","Spermolepis divaricata"
1849161926,"Spermolepis divaricata",-86.168889,31.016667,2000,4,28,"US","Spermolepis divaricata"
153281215,"Spermolepis divaricata",-82.4463,31.9517,2000,5,3,"US","Spermolepis divaricata"
1930887626,"Spermolepis divaricata",-94.370961,35.431505,2000,5,18,"US","Spermolepis divaricata"
1928940435,"Spermolepis divaricata",-93.168818,33.679652,1999,5,10,"US","Spermolepis divaricata"
1930705159,"Spermolepis divaricata",-93.898872,33.108574,1999,5,27,"US","Spermolepis divaricata"
3744689201,"Spermolepis divaricata",-85.61,31.27,1997,4,8,"US","Spermolepis divaricata"
2572947667,"Spermolepis divaricata",-81.856856,32.370817,1996,4,13,"US","Spermolepis divaricata"
1849099882,"Spermolepis divaricata",-81.158593,33.171097,1996,5,10,"US","Spermolepis divaricata"
1503233073,"Spermolepis divaricata",-82.4615,28.1511,1995,4,18,"US","Spermolepis divaricata"
3744689203,"Spermolepis divaricata",-85.37,31.27,1995,5,6,"US","Spermolepis divaricata"
153281345,"Spermolepis divaricata",-80.4456,27.3809,1994,3,27,"US","Spermolepis divaricata"
1503226246,"Spermolepis divaricata",-82.6651,28.0342,1993,5,12,"US","Spermolepis divaricata"
3744689204,"Spermolepis divaricata",-85.08,31.13,1993,5,4,"US","Spermolepis divaricata"
153281322,"Spermolepis divaricata",-84.2779,30.458,1992,4,25,"US","Spermolepis divaricata"
153281326,"Spermolepis divaricata",-82.6215,30.2242,1992,4,5,"US","Spermolepis divaricata"
153281331,"Spermolepis divaricata",-82.7886,29.2822,1992,4,30,"US","Spermolepis divaricata"
1699344819,"Spermolepis divaricata",-94.155391,31.702351,1992,5,29,"US","Spermolepis divaricata"
1930212898,"Spermolepis divaricata",-94.163115,31.701157,1992,5,29,"US","Spermolepis divaricata"
153281321,"Spermolepis divaricata",-84.2779,30.458,1991,4,26,"US","Spermolepis divaricata"
1928867381,"Spermolepis divaricata",-95.341088,32.325872,1990,5,26,"US","Spermolepis divaricata"
1928940265,"Spermolepis divaricata",-93.028237,33.667987,1990,5,30,"US","Spermolepis divaricata"
2422290222,"Spermolepis divaricata",-95.295,32.30278,1990,5,26,"US","Spermolepis divaricata"
2430470964,"Spermolepis divaricata",-95.340245,32.328242,1990,5,26,"US","Spermolepis divaricata"
3307814046,"Spermolepis divaricata",-95.8875,31.9825,1990,5,21,"US","Spermolepis divaricata"
3413529435,"Spermolepis divaricata",-95.340916,32.330991,1990,5,26,"US","Spermolepis divaricata"
1931275140,"Spermolepis divaricata",-97.883353,30.146751,1989,5,3,"US","Spermolepis divaricata"
2430253677,"Spermolepis divaricata",-97.883364,30.146732,1989,5,3,"US","Spermolepis divaricata"
3707742550,"Spermolepis divaricata",-89.3405,32.159,1989,6,2,"US","Spermolepis divaricata"
1503219628,"Spermolepis divaricata",-81.6833,30,1988,3,24,"US","Spermolepis divaricata"
1928876995,"Spermolepis divaricata",-92.539815,33.336694,1988,5,25,"US","Spermolepis divaricata"
415956456,"Spermolepis divaricata",-92.60027,31.93361,1987,5,22,"US","Spermolepis divaricata"
153281316,"Spermolepis divaricata",-82.0567,29.2102,1986,4,12,"US","Spermolepis divaricata"
153281307,"Spermolepis divaricata",-82.7396,27.9027,1986,5,3,"US","Spermolepis divaricata"
2859430240,"Spermolepis divaricata",-93.987403,32.910708,1984,6,1,"US","Spermolepis divaricata"
153281309,"Spermolepis divaricata",-81.341,27.3434,1983,5,1,"US","Spermolepis divaricata"
2270235278,"Spermolepis divaricata",-93.025775,32.724325,1983,6,8,"US","Spermolepis divaricata"
153281306,"Spermolepis divaricata",-81.7113,28.7615,1982,3,26,"US","Spermolepis divaricata"
1503203412,"Spermolepis divaricata",-81.8867,28.5783,1982,3,26,"US","Spermolepis divaricata"
153281274,"Spermolepis divaricata",-86.1715,30.6185,1982,5,3,"US","Spermolepis divaricata"
153281317,"Spermolepis divaricata",-81.7113,28.7615,1981,3,13,"US","Spermolepis divaricata"
1503197272,"Spermolepis divaricata",-81.674,28.6003,1981,3,13,"US","Spermolepis divaricata"
153281272,"Spermolepis divaricata",-82.7886,29.2822,1981,4,23,"US","Spermolepis divaricata"
2236144883,"Spermolepis divaricata",-94.27,30.38,1981,5,30,"US","Spermolepis divaricata"
3093978417,"Spermolepis divaricata",-97.585753,35.18204,1981,6,2,"US","Spermolepis divaricata"
1503193942,"Spermolepis divaricata",-82.1833,28.6833,1980,3,18,"US","Spermolepis divaricata"
1503193895,"Spermolepis divaricata",-81.5306,27.7459,1980,4,17,"US","Spermolepis divaricata"
1844418260,"Spermolepis divaricata",-81.753551,36.379276,1980,4,22,"US","Spermolepis divaricata"
1927857184,"Spermolepis divaricata",-97.065295,28.693511,1979,4,21,"US","Spermolepis divaricata"
1930209324,"Spermolepis divaricata",-97.40752,28.565624,1979,5,18,"US","Spermolepis divaricata"
2572946379,"Spermolepis divaricata",-97.380899,28.543742,1979,5,18,"US","Spermolepis divaricata"
1503209838,"Spermolepis divaricata",-81.8833,28.7333,1978,3,24,"US","Spermolepis divaricata"
153281265,"Spermolepis divaricata",-80.3985,27.0816,1978,4,23,"US","Spermolepis divaricata"
1503182301,"Spermolepis divaricata",-82.2167,27.8167,1978,4,7,"US","Spermolepis divaricata"
2422409349,"Spermolepis divaricata",-94.50944,32.45222,1977,5,14,"US","Spermolepis divaricata"
1503177685,"Spermolepis divaricata",-82,28,1976,4,9,"US","Spermolepis divaricata"
1844417553,"Spermolepis divaricata",-93.001977,32.247317,1975,4,21,"US","Spermolepis divaricata"
1844417262,"Spermolepis divaricata",-78.230076,34.042793,1974,5,18,"US","Spermolepis divaricata"
2859431004,"Spermolepis divaricata",-86.136052,30.432927,1974,5,10,"US","Spermolepis divaricata"
1503170653,"Spermolepis divaricata",-81.8167,28.35,1973,4,15,"US","Spermolepis divaricata"
153281211,"Spermolepis divaricata",-82.4685,28.5562,1971,3,30,"US","Spermolepis divaricata"
1503314408,"Spermolepis divaricata",-82.1333,27.75,1971,3,30,"US","Spermolepis divaricata"
1846526451,"Spermolepis divaricata",-94.997307,32.437274,1971,5,22,"US","Spermolepis divaricata"
153281190,"Spermolepis divaricata",-82.3469,27.9062,1969,4,19,"US","Spermolepis divaricata"
153281233,"Spermolepis divaricata",-82.3469,27.9062,1969,4,8,"US","Spermolepis divaricata"
1503310636,"Spermolepis divaricata",-82.4584,27.9475,1969,4,8,"US","Spermolepis divaricata"
415956457,"Spermolepis divaricata",-92.1475,32.51861,1969,6,5,"US","Spermolepis divaricata"
1849111099,"Spermolepis divaricata",-79.084413,33.516274,1967,5,6,"US","Spermolepis divaricata"
153281354,"Spermolepis divaricata",-80.4987,25.609,1966,4,9,"US","Spermolepis divaricata"
864866857,"Spermolepis divaricata",-88.25446,31.60886,1966,5,8,"US","Spermolepis divaricata"
1503305276,"Spermolepis divaricata",-82.325,29.6514,1966,5,7,"US","Spermolepis divaricata"
1503168803,"Spermolepis divaricata",-82.35,27.9167,1965,3,13,"US","Spermolepis divaricata"
1503303327,"Spermolepis divaricata",-82.325,29.6514,1965,3,22,"US","Spermolepis divaricata"
415956462,"Spermolepis divaricata",-81.50444,27.66972,1965,4,10,"US","Spermolepis divaricata"
1503305304,"Spermolepis divaricata",-82.4706,29.0542,1965,4,14,"US","Spermolepis divaricata"
465934274,"Spermolepis divaricata",-81.367207,28.655435,1963,3,30,"US","Spermolepis divaricata"
1503275854,"Spermolepis divaricata",-81.7,27.95,1961,3,26,"US","Spermolepis divaricata"
1503289081,"Spermolepis divaricata",-82.0333,30.1,1961,4,14,"US","Spermolepis divaricata"
1503220704,"Spermolepis divaricata",-81.2887,28.6103,1960,5,2,"US","Spermolepis divaricata"
2234460238,"Spermolepis divaricata",-79.441989,33.836659,1960,5,26,"US","Spermolepis divaricata"
1928785749,"Spermolepis divaricata",-96.10545,31.529618,1959,5,26,"US","Spermolepis divaricata"
1930300138,"Spermolepis divaricata",-94.425592,30.875228,1959,5,25,"US","Spermolepis divaricata"
2234459818,"Spermolepis divaricata",-79.681414,33.292385,1959,5,27,"US","Spermolepis divaricata"
3340050077,"Spermolepis divaricata",-97.357738,28.305259,1959,5,18,"US","Spermolepis divaricata"
1503286337,"Spermolepis divaricata",-82.264,28.6455,1958,3,25,"US","Spermolepis divaricata"
1503286363,"Spermolepis divaricata",-82,28,1958,3,24,"US","Spermolepis divaricata"
1503293925,"Spermolepis divaricata",-84.2807,30.4383,1958,4,23,"US","Spermolepis divaricata"
2859139184,"Spermolepis divaricata",-84.213383,30.438239,1958,4,23,"US","Spermolepis divaricata"
1503296374,"Spermolepis divaricata",-87.2142,30.4093,1958,5,17,"US","Spermolepis divaricata"
2234460711,"Spermolepis divaricata",-79.681414,33.292385,1958,5,14,"US","Spermolepis divaricata"
415956463,"Spermolepis divaricata",-81.34388,28.59861,1957,2,17,"US","Spermolepis divaricata"
2859154189,"Spermolepis divaricata",-79.774965,34.205691,1957,4,19,"US","Spermolepis divaricata"
1503286985,"Spermolepis divaricata",-84.2807,30.4383,1955,4,14,"US","Spermolepis divaricata"
1929519708,"Spermolepis divaricata",-96.799819,33.882141,1955,6,14,"US","Spermolepis divaricata"
1503286368,"Spermolepis divaricata",-82.325,29.6514,1954,3,29,"US","Spermolepis divaricata"
1503198103,"Spermolepis divaricata",-86.5705,30.7621,1954,4,17,"US","Spermolepis divaricata"
1503286354,"Spermolepis divaricata",-82.325,29.6514,1952,2,25,"US","Spermolepis divaricata"
1849120204,"Spermolepis divaricata",-81.714554,33.315977,1952,4,21,"US","Spermolepis divaricata"
2238753559,"Spermolepis divaricata",-78.02027,34.1392,1952,4,26,"US","Spermolepis divaricata"
2859396156,"Spermolepis divaricata",-82.800103,27.965853,1947,4,7,"US","Spermolepis divaricata"
1930958094,"Spermolepis divaricata",-96.713667,34.774526,1947,5,18,"US","Spermolepis divaricata"
1503208389,"Spermolepis divaricata",-81.6017,28.1614,1947,7,1,"US","Spermolepis divaricata"
1929396056,"Spermolepis divaricata",-97.931764,32.442008,1946,4,21,"US","Spermolepis divaricata"
1928135602,"Spermolepis divaricata",-97.325757,32.771551,1946,5,15,"US","Spermolepis divaricata"
1928098602,"Spermolepis divaricata",-97.152438,33.065556,1946,6,6,"US","Spermolepis divaricata"
1929722351,"Spermolepis divaricata",-97.151419,32.995836,1945,5,21,"US","Spermolepis divaricata"
2859139053,"Spermolepis divaricata",-80.13772,26.461448,1945,5,15,"US","Spermolepis divaricata"
1503286352,"Spermolepis divaricata",-82.5307,27.3364,1943,3,24,"US","Spermolepis divaricata"
1928153076,"Spermolepis divaricata",-99.866907,32.335787,1943,5,1,"US","Spermolepis divaricata"
1928885024,"Spermolepis divaricata",-92.508567,34.558052,1942,5,17,"US","Spermolepis divaricata"
1927864363,"Spermolepis divaricata",-96.965704,30.310678,1941,5,9,"US","Spermolepis divaricata"
3744689213,"Spermolepis divaricata",-84.2,33.33,1939,6,8,"US","Spermolepis divaricata"
1929530071,"Spermolepis divaricata",-97.743061,30.267153,1938,5,17,"US","Spermolepis divaricata"
1928666167,"Spermolepis divaricata",-96.670573,35.22452,1936,5,17,"US","Spermolepis divaricata"
2242392452,"Spermolepis divaricata",-99.318968,38.913494,1935,6,29,"US","Spermolepis divaricata"
2859151180,"Spermolepis divaricata",-99.32677,39.053139,1935,6,29,"US","Spermolepis divaricata"
3766275202,"Spermolepis divaricata",-82.519,29.52997,1934,3,29,"US","Spermolepis divaricata"
1503287693,"Spermolepis divaricata",-80.2331,26.1276,1934,4,15,"US","Spermolepis divaricata"
1841147643,"Spermolepis divaricata",-81.3792,28.5383,1930,3,21,"US","Spermolepis divaricata"
1931305044,"Spermolepis divaricata",-99.108267,28.867818,1928,5,9,"US","Spermolepis divaricata"
1928990307,"Spermolepis divaricata",-97.29124,32.771556,1921,5,25,"US","Spermolepis divaricata"
153281368,"Spermolepis divaricata",-81.6977,27.9489,1919,3,16,"US","Spermolepis divaricata"
415956465,"Spermolepis divaricata",-81.02277,29.21083,1918,3,30,"US","Spermolepis divaricata"
415956464,"Spermolepis divaricata",-81.64472,28.80222,1916,3,17,"US","Spermolepis divaricata"
1930222927,"Spermolepis divaricata",-94.837362,33.881007,1916,5,26,"US","Spermolepis divaricata"
2859153181,"Spermolepis divaricata",-77.94471,34.225726,1911,4,14,"US","Spermolepis divaricata"
864867148,"Spermolepis divaricata",-88.4542,30.198923,1903,5,8,"US","Spermolepis divaricata"
1929762504,"Spermolepis divaricata",-97.797254,32.759296,1902,5,26,"US","Spermolepis divaricata"
2859399153,"Spermolepis divaricata",-97.797254,32.759296,1902,5,26,"US","Spermolepis divaricata"
415927320,"Spermolepis divaricata",-74.68527,40.905,1900,9,NA,"US","Spermolepis divaricata"
415955875,"Spermolepis divaricata",-81.31472,29.89444,1898,4,4,"US","Spermolepis divaricata"
864867247,"Spermolepis divaricata",-88.4542,30.198923,1898,5,8,"US","Spermolepis divaricata"
2859152192,"Spermolepis divaricata",-85.480782,32.609857,1898,5,28,"US","Spermolepis divaricata"
3744689237,"Spermolepis divaricata",-87.96,30.68,1896,4,4,"US","Spermolepis divaricata"
3744689246,"Spermolepis divaricata",-87.96,30.68,1896,4,26,"US","Spermolepis divaricata"
2234461596,"Spermolepis divaricata",-88.82778,30.41111,1895,4,5,"US","Spermolepis divaricata"
1929696031,"Spermolepis divaricata",-99.140319,30.047433,1894,5,14,"US","Spermolepis divaricata"
1930970452,"Spermolepis divaricata",-96.370942,35.902678,1894,6,19,"US","Spermolepis divaricata"
2234462970,"Spermolepis divaricata",-88.82778,30.41111,1893,4,22,"US","Spermolepis divaricata"
1930242097,"Spermolepis divaricata",-96.806667,32.783056,1876,5,NA,"US","Spermolepis divaricata"
1928431064,"Spermolepis divaricata",-95.363272,29.763284,1872,4,12,"US","Spermolepis divaricata"
1929957261,"Spermolepis divaricata",-95.363272,29.763284,1872,4,12,"US","Spermolepis divaricata"
1931359623,"Spermolepis divaricata",-95.363272,29.763284,1872,4,12,"US","Spermolepis divaricata"
1928157264,"Spermolepis divaricata",-81.697593,30.065241,1869,3,1,"US","Spermolepis divaricata"
1928532629,"Spermolepis divaricata",-81.697593,30.065241,1869,3,1,"US","Spermolepis divaricata"
1929114024,"Spermolepis divaricata",-81.697593,30.065241,1869,3,1,"US","Spermolepis divaricata"
1930536667,"Spermolepis divaricata",-81.697593,30.065241,1869,3,1,"US","Spermolepis divaricata"
1929920796,"Spermolepis divaricata",-77.94471,34.225726,1867,5,1,"US","Spermolepis divaricata"
1930432610,"Spermolepis divaricata",-77.94471,34.225726,1867,5,1,"US","Spermolepis divaricata"
185881694,"Spermolepis divaricata",-98.813,37.2216,NA,NA,NA,"US","Spermolepis divaricata"
185881696,"Spermolepis divaricata",-97.4066,37.7188,NA,NA,NA,"US","Spermolepis divaricata"
864867322,"Spermolepis divaricata",-81.65583,30.33194,NA,NA,NA,"US","Spermolepis divaricata"
864867435,"Spermolepis divaricata",-81.65583,30.33194,NA,NA,NA,"US","Spermolepis divaricata"
2234318945,"Spermolepis divaricata",-80.898444,32.027713,NA,NA,NA,"US","Spermolepis divaricata"
2859397149,"Spermolepis divaricata",-81.697593,30.065241,NA,NA,NA,"US","Spermolepis divaricata"
3744689242,"Spermolepis divaricata",-87.66,30.46,NA,NA,NA,"US","Spermolepis divaricata"
