"gbifID","species","longitude","latitude","year","month","day","countryCode","accepted_name"
"3759820485","Tauschia parishii",-117.967637,35.623958,2022,4,1,"US","Tauschia parishii"
"3760081464","Tauschia parishii",-117.97763,35.855053,2022,4,9,"US","Tauschia parishii"
"3760386476","Tauschia parishii",-116.641998,33.695342,2022,4,17,"US","Tauschia parishii"
"3760412547","Tauschia parishii",-117.96208,35.621637,2022,4,1,"US","Tauschia parishii"
"3764203182","Tauschia parishii",-116.744287,33.808801,2022,4,26,"US","Tauschia parishii"
"3773625058","Tauschia parishii",-119.236621,34.677126,2022,5,7,"US","Tauschia parishii"
"3327833392","Tauschia parishii",-116.652752,33.697465,2021,4,4,"US","Tauschia parishii"
"3118341135","Tauschia parishii",-119.68819,34.70482,2021,5,15,"US","Tauschia parishii"
"3118509700","Tauschia parishii",-116.721692,33.752568,2021,5,18,"US","Tauschia parishii"
"3124771329","Tauschia parishii",-116.723318,33.753746,2021,5,21,"US","Tauschia parishii"
"3124816837","Tauschia parishii",-116.72268,33.755268,2021,5,21,"US","Tauschia parishii"
"3301816677","Tauschia parishii",-119.6771,34.69613,2021,5,15,"US","Tauschia parishii"
"3466146576","Tauschia parishii",-116.5642,33.649947,2021,5,2,"US","Tauschia parishii"
"3314187519","Tauschia parishii",-116.692,33.75845,2021,6,10,"US","Tauschia parishii"
"3321134088","Tauschia parishii",-117.881592,34.350693,2021,6,13,"US","Tauschia parishii"
"3391388430","Tauschia parishii",-117.906455,34.352195,2021,6,28,"US","Tauschia parishii"
"3391647424","Tauschia parishii",-117.881204,34.350867,2021,6,13,"US","Tauschia parishii"
"3335113599","Tauschia parishii",-118.309913,36.230545,2021,7,21,"US","Tauschia parishii"
"3343818164","Tauschia parishii",-116.961618,34.076188,2021,8,22,"US","Tauschia parishii"
"3355000997","Tauschia parishii",-116.732947,33.799258,2021,8,16,"US","Tauschia parishii"
"3357545306","Tauschia parishii",-116.98944,34.08639,2021,8,11,"US","Tauschia parishii"
"2596278852","Tauschia parishii",-116.577513,33.617627,2020,3,22,"US","Tauschia parishii"
"3112359331","Tauschia parishii",-116.56946,33.633772,2020,4,25,"US","Tauschia parishii"
"3112518330","Tauschia parishii",-116.578833,33.630347,2020,4,25,"US","Tauschia parishii"
"3112536327","Tauschia parishii",-116.594733,33.609933,2020,4,5,"US","Tauschia parishii"
"2626672736","Tauschia parishii",-116.799027,34.295454,2020,5,16,"US","Tauschia parishii"
"2802734028","Tauschia parishii",-118.12078,34.283851,2020,5,23,"US","Tauschia parishii"
"3031646645","Tauschia parishii",-119.258942,34.546017,2020,5,2,"US","Tauschia parishii"
"3112317356","Tauschia parishii",-116.59689,33.608745,2020,5,3,"US","Tauschia parishii"
"2802677339","Tauschia parishii",-117.551377,33.714135,2020,6,20,"US","Tauschia parishii"
"2813907656","Tauschia parishii",-117.978386,34.33955,2020,6,5,"US","Tauschia parishii"
"2851061047","Tauschia parishii",-116.578674,34.162529,2020,6,7,"US","Tauschia parishii"
"3058768512","Tauschia parishii",-119.100614,34.641525,2020,6,14,"US","Tauschia parishii"
"3058800509","Tauschia parishii",-119.099233,34.640672,2020,6,13,"US","Tauschia parishii"
"3067806130","Tauschia parishii",-117.552151,33.7143,2020,6,20,"US","Tauschia parishii"
"3117783368","Tauschia parishii",-116.641935,33.695417,2020,6,26,"US","Tauschia parishii"
"2850766018","Tauschia parishii",-116.709092,33.768756,2020,8,8,"US","Tauschia parishii"
"2239017971","Tauschia parishii",-116.722488,33.755478,2019,4,27,"US","Tauschia parishii"
"2242854061","Tauschia parishii",-116.352093,34.031385,2019,4,24,"US","Tauschia parishii"
"2251839076","Tauschia parishii",-116.623138,33.71035,2019,4,28,"US","Tauschia parishii"
"2244304336","Tauschia parishii",-117.97135,34.35502,2019,5,20,"US","Tauschia parishii"
"2422940917","Tauschia parishii",-116.726678,33.856322,2019,5,12,"US","Tauschia parishii"
"2574010758","Tauschia parishii",-116.421378,32.881133,2019,5,3,"US","Tauschia parishii"
"2574069243","Tauschia parishii",-116.5664,33.614219,2019,5,8,"US","Tauschia parishii"
"2265820915","Tauschia parishii",-116.571117,33.653777,2019,6,6,"US","Tauschia parishii"
"2265832416","Tauschia parishii",-116.569283,33.637662,2019,6,6,"US","Tauschia parishii"
"2273303852","Tauschia parishii",-116.832488,34.334222,2019,6,7,"US","Tauschia parishii"
"3112706318","Tauschia parishii",-116.585014,33.656122,2019,6,2,"US","Tauschia parishii"
"2283218791","Tauschia parishii",-119.309426,34.635607,2019,7,6,"US","Tauschia parishii"
"2610059012","Tauschia parishii",-119.00081,34.7885,2019,7,18,"US","Tauschia parishii"
"3090741547","Tauschia parishii",-117.732134,34.380093,2019,7,7,"US","Tauschia parishii"
"2423020154","Tauschia parishii",-116.722344,33.755083,2019,9,10,"US","Tauschia parishii"
"2429608946","Tauschia parishii",-116.701839,33.721889,2019,10,14,"US","Tauschia parishii"
"1841293104","Tauschia parishii",-116.78627,33.8271,2018,4,29,"US","Tauschia parishii"
"2610086477","Tauschia parishii",-117.963483,35.740517,2018,4,27,"US","Tauschia parishii"
"1848778766","Tauschia parishii",-117.551575,33.71412,2018,5,27,"US","Tauschia parishii"
"1948733106","Tauschia parishii",-117.534313,33.710347,2018,5,27,"US","Tauschia parishii"
"1850963048","Tauschia parishii",-116.799267,34.295373,2018,6,10,"US","Tauschia parishii"
"1850981604","Tauschia parishii",-116.748457,33.812515,2018,6,11,"US","Tauschia parishii"
"1883917207","Tauschia parishii",-116.640437,33.69213,2018,7,13,"US","Tauschia parishii"
"1831161947","Tauschia parishii",-116.484444,32.941389,2017,4,24,"US","Tauschia parishii"
"3112314305","Tauschia parishii",-116.59545,33.60948,2017,4,14,"US","Tauschia parishii"
"1563421318","Tauschia parishii",-118.09855,34.243308,2017,5,24,"US","Tauschia parishii"
"1850991687","Tauschia parishii",-116.722866,33.743714,2017,5,22,"US","Tauschia parishii"
"1850991901","Tauschia parishii",-116.777329,33.807465,2017,5,22,"US","Tauschia parishii"
"1850992039","Tauschia parishii",-116.798615,34.29626,2017,6,4,"US","Tauschia parishii"
"3759017306","Tauschia parishii",-118.1058,34.2319,2017,6,22,"US","Tauschia parishii"
"1572372011","Tauschia parishii",-119.279822,34.630695,2017,7,2,"US","Tauschia parishii"
"3053428680","Tauschia parishii",-119.28658,34.6284499991174,2017,7,7,"US","Tauschia parishii"
"1668812514","Tauschia parishii",-116.72243,33.7554,2017,9,14,"US","Tauschia parishii"
"1831112603","Tauschia parishii",-118.014033,34.339699,2016,4,17,"US","Tauschia parishii"
"2430491495","Tauschia parishii",-116.77151,34.03826,2016,4,27,"US","Tauschia parishii"
"2422512026","Tauschia parishii",-116.817,34.321,2016,5,11,"US","Tauschia parishii"
"2430094170","Tauschia parishii",-119.04257,34.747244,2016,5,27,"US","Tauschia parishii"
"2430469707","Tauschia parishii",-119.07684,34.85157,2016,5,21,"US","Tauschia parishii"
"3125168698","Tauschia parishii",-116.817,34.321,2016,5,11,"US","Tauschia parishii"
"2882939820","Tauschia parishii",-119.14674,34.72361,2016,6,4,"US","Tauschia parishii"
"3425149398","Tauschia parishii",-117.916667,34.352222,2016,7,26,"US","Tauschia parishii"
"2430506411","Tauschia parishii",-116.62173,34.20568,2015,4,4,"US","Tauschia parishii"
"1269536929","Tauschia parishii",-118.586107,34.935948,2015,5,9,"US","Tauschia parishii"
"2430133063","Tauschia parishii",-118.58405,34.9358,2015,5,9,"US","Tauschia parishii"
"3053463206","Tauschia parishii",-118.9209,34.6377999991173,2015,5,24,"US","Tauschia parishii"
"2422536567","Tauschia parishii",-118.09833,34.24333,2015,10,19,"US","Tauschia parishii"
"1426497969","Tauschia parishii",-118.12735,35.55608,2014,3,21,"US","Tauschia parishii"
"2430471235","Tauschia parishii",-118.02757,35.61896,2014,3,28,"US","Tauschia parishii"
"2430558023","Tauschia parishii",-118.127348,35.556079,2014,3,21,"US","Tauschia parishii"
"1426497560","Tauschia parishii",-118.02836,35.62936,2014,5,31,"US","Tauschia parishii"
"1426497589","Tauschia parishii",-118.06982,35.61035,2014,5,30,"US","Tauschia parishii"
"2422503108","Tauschia parishii",-116.76208,34.30789,2014,5,29,"US","Tauschia parishii"
"2422515963","Tauschia parishii",-116.77058,34.30378,2014,5,20,"US","Tauschia parishii"
"2430130264","Tauschia parishii",-118.67187,34.901681,2014,5,10,"US","Tauschia parishii"
"2430349572","Tauschia parishii",-116.77059,34.30379,2014,5,20,"US","Tauschia parishii"
"2430369458","Tauschia parishii",-118.06982,35.61035,2014,5,30,"US","Tauschia parishii"
"2430469272","Tauschia parishii",-116.76208,34.30788,2014,5,29,"US","Tauschia parishii"
"2430506119","Tauschia parishii",-118.02836,35.62936,2014,5,31,"US","Tauschia parishii"
"3125167703","Tauschia parishii",-116.48444,32.94123,2014,5,3,"US","Tauschia parishii"
"2422505365","Tauschia parishii",-116.71711,34.27439,2014,6,5,"US","Tauschia parishii"
"2430098750","Tauschia parishii",-116.71712,34.27439,2014,6,5,"US","Tauschia parishii"
"2430104406","Tauschia parishii",-118.64565,34.926166,2014,6,26,"US","Tauschia parishii"
"2430332973","Tauschia parishii",-118.75862,34.855331,2014,6,13,"US","Tauschia parishii"
"2430381830","Tauschia parishii",-116.73559,34.29937,2014,6,17,"US","Tauschia parishii"
"2430480706","Tauschia parishii",-118.07512,35.69009,2013,5,19,"US","Tauschia parishii"
"2422501094","Tauschia parishii",-117.61953,34.32056,2013,6,20,"US","Tauschia parishii"
"2430047080","Tauschia parishii",-118.07652,35.6389,2013,6,15,"US","Tauschia parishii"
"2430387860","Tauschia parishii",-117.62552,34.322559999121,2013,6,20,"US","Tauschia parishii"
"2430551826","Tauschia parishii",-116.71755,34.2715499991216,2013,6,12,"US","Tauschia parishii"
"2430419031","Tauschia parishii",-118.62956,34.9278,2013,7,27,"US","Tauschia parishii"
"1426494872","Tauschia parishii",-118.05894,35.6554,2012,6,26,"US","Tauschia parishii"
"2422489859","Tauschia parishii",-116.84782,34.30597,2012,6,14,"US","Tauschia parishii"
"2430130564","Tauschia parishii",-118.05894,35.6554,2012,6,26,"US","Tauschia parishii"
"2430310625","Tauschia parishii",-116.788867,34.300283,2012,6,14,"US","Tauschia parishii"
"3053343055","Tauschia parishii",-119.28608,34.6565899991171,2012,6,8,"US","Tauschia parishii"
"2422512002","Tauschia parishii",-118.11278,34.30611,2011,5,19,"US","Tauschia parishii"
"2430262968","Tauschia parishii",-118.11278,34.30611,2011,5,19,"US","Tauschia parishii"
"2422511421","Tauschia parishii",-118.01278,34.29667,2011,6,6,"US","Tauschia parishii"
"2422513761","Tauschia parishii",-118.10889,34.29028,2011,6,1,"US","Tauschia parishii"
"2430096058","Tauschia parishii",-116.96523,34.31887,2011,6,7,"US","Tauschia parishii"
"2430172199","Tauschia parishii",-116.955,34.31221,2011,6,7,"US","Tauschia parishii"
"2430496875","Tauschia parishii",-118.012778,34.296667,2011,6,6,"US","Tauschia parishii"
"2430507264","Tauschia parishii",-118.10889,34.29028,2011,6,1,"US","Tauschia parishii"
"2422507710","Tauschia parishii",-118.11667,34.28889,2011,7,8,"US","Tauschia parishii"
"2422511000","Tauschia parishii",-118.12028,34.28389,2011,7,21,"US","Tauschia parishii"
"2430237688","Tauschia parishii",-118.120278,34.283889,2011,7,21,"US","Tauschia parishii"
"2430490948","Tauschia parishii",-118.11667,34.28889,2011,7,8,"US","Tauschia parishii"
"2422503615","Tauschia parishii",-116.51772,34.15361,2010,5,31,"US","Tauschia parishii"
"2430095447","Tauschia parishii",-117.226667,34.413333,2010,5,5,"US","Tauschia parishii"
"2430244546","Tauschia parishii",-116.86831,34.17635,2010,5,25,"US","Tauschia parishii"
"2430247615","Tauschia parishii",-116.51772,34.1536,2010,5,31,"US","Tauschia parishii"
"2422472347","Tauschia parishii",-118.56997,37.32948,2010,6,21,"US","Tauschia parishii"
"2422480750","Tauschia parishii",-116.80939,34.15675,2010,6,28,"US","Tauschia parishii"
"2422501334","Tauschia parishii",-116.90633,34.179,2010,6,14,"US","Tauschia parishii"
"2430421872","Tauschia parishii",-116.80939,34.15743,2010,6,28,"US","Tauschia parishii"
"2430503398","Tauschia parishii",-116.90055,34.18088,2010,6,14,"US","Tauschia parishii"
"2430554485","Tauschia parishii",-118.08624,34.37612,2010,6,1,"US","Tauschia parishii"
"3503051307","Tauschia parishii",-118.0274,34.2793,2010,6,10,"US","Tauschia parishii"
"1426347677","Tauschia parishii",-119.3353,34.6410999991172,2010,7,27,"US","Tauschia parishii"
"2422484510","Tauschia parishii",-116.96108,34.20053,2010,8,23,"US","Tauschia parishii"
"2430492363","Tauschia parishii",-116.96107,34.2005199991225,2010,8,23,"US","Tauschia parishii"
"2422458706","Tauschia parishii",-118.38333,35.04167,2009,5,19,"US","Tauschia parishii"
"2422468648","Tauschia parishii",-116.88997,34.20853,2009,5,19,"US","Tauschia parishii"
"2422468966","Tauschia parishii",-117.9875,34.36722,2009,5,28,"US","Tauschia parishii"
"2422469338","Tauschia parishii",-116.88083,34.18622,2009,5,14,"US","Tauschia parishii"
"2430092112","Tauschia parishii",-116.88998,34.2085199991224,2009,5,19,"US","Tauschia parishii"
"2430246719","Tauschia parishii",-118.383333,35.041667,2009,5,19,"US","Tauschia parishii"
"2430259262","Tauschia parishii",-117.9875,34.367222,2009,5,28,"US","Tauschia parishii"
"2430518154","Tauschia parishii",-116.88378,34.1831299991227,2009,5,14,"US","Tauschia parishii"
"2422450565","Tauschia parishii",-118.3925,35.02472,2009,6,10,"US","Tauschia parishii"
"2422457388","Tauschia parishii",-116.89389,33.34719,2009,6,2,"US","Tauschia parishii"
"2422459249","Tauschia parishii",-116.8,34.17083,2009,6,30,"US","Tauschia parishii"
"2422471015","Tauschia parishii",-118.07194,34.37139,2009,6,24,"US","Tauschia parishii"
"2430121885","Tauschia parishii",-118.3925,35.024722,2009,6,10,"US","Tauschia parishii"
"2430214972","Tauschia parishii",-116.8,34.170833,2009,6,30,"US","Tauschia parishii"
"2430366561","Tauschia parishii",-118.071944,34.371389,2009,6,24,"US","Tauschia parishii"
"3125162683","Tauschia parishii",-116.89388,33.3472,2009,6,2,"US","Tauschia parishii"
"2422471148","Tauschia parishii",-116.85097,34.18178,2009,7,21,"US","Tauschia parishii"
"2422472984","Tauschia parishii",-116.79564,34.15775,2009,7,13,"US","Tauschia parishii"
"2430456695","Tauschia parishii",-116.7861,34.159199999123,2009,7,13,"US","Tauschia parishii"
"2430503609","Tauschia parishii",-116.85098,34.1817699991227,2009,7,21,"US","Tauschia parishii"
"3053345532","Tauschia parishii",-119.15777,34.6289899991174,2009,7,4,"US","Tauschia parishii"
"2422447172","Tauschia parishii",-118.25611,35.41861,2008,5,1,"US","Tauschia parishii"
"2422453896","Tauschia parishii",-116.86389,34.33944,2008,5,26,"US","Tauschia parishii"
"2430144071","Tauschia parishii",-118.256111,35.418611,2008,5,1,"US","Tauschia parishii"
"1849169943","Tauschia parishii",-117.752222,34.395,2008,6,17,"US","Tauschia parishii"
"2421781358","Tauschia parishii",-117.75222,34.395,2008,6,17,"US","Tauschia parishii"
"2422455869","Tauschia parishii",-117.75222,34.395,2008,6,17,"US","Tauschia parishii"
"2422456020","Tauschia parishii",-117.89472,34.40528,2008,6,18,"US","Tauschia parishii"
"2430497848","Tauschia parishii",-117.752222,34.395,2008,6,17,"US","Tauschia parishii"
"2422451128","Tauschia parishii",-116.85853,34.17492,2008,7,16,"US","Tauschia parishii"
"2422454582","Tauschia parishii",-117.93444,34.35833,2008,7,15,"US","Tauschia parishii"
"2422456060","Tauschia parishii",-117.90194,34.38472,2008,7,16,"US","Tauschia parishii"
"2430087457","Tauschia parishii",-117.934444,34.358333,2008,7,15,"US","Tauschia parishii"
"2430219670","Tauschia parishii",-116.858521,34.1749299991228,2008,7,16,"US","Tauschia parishii"
"2430318859","Tauschia parishii",-116.87064,34.20646,2008,7,17,"US","Tauschia parishii"
"2430104479","Tauschia parishii",-116.933333,34.266667,2007,4,30,"US","Tauschia parishii"
"2422438153","Tauschia parishii",-118.79389,34.82917,2007,5,3,"US","Tauschia parishii"
"2430425533","Tauschia parishii",-116.858333,34.241667,2007,5,16,"US","Tauschia parishii"
"3125168695","Tauschia parishii",-116.6669,33.2405,2006,5,10,"US","Tauschia parishii"
"2422446465","Tauschia parishii",-118.12342,35.58225,2006,6,26,"US","Tauschia parishii"
"2430410031","Tauschia parishii",-118.13255,35.57852,2006,6,26,"US","Tauschia parishii"
"2422446588","Tauschia parishii",-117.92278,35.65944,2004,5,12,"US","Tauschia parishii"
"2430084762","Tauschia parishii",-117.923549445619,35.6593257457629,2004,5,12,"US","Tauschia parishii"
"2422451828","Tauschia parishii",-117.98619,35.69031,2004,6,5,"US","Tauschia parishii"
"2430348260","Tauschia parishii",-117.98685125441,35.6902245126579,2004,6,5,"US","Tauschia parishii"
"3053403475","Tauschia parishii",-119.2913,34.6362,2004,6,6,"US","Tauschia parishii"
"2430491225","Tauschia parishii",-117.927350092095,35.7110744155616,2003,3,11,"US","Tauschia parishii"
"2422446734","Tauschia parishii",-117.93583,35.72722,2003,5,19,"US","Tauschia parishii"
"2430350601","Tauschia parishii",-117.936450477689,35.7271239470856,2003,5,19,"US","Tauschia parishii"
"2430087537","Tauschia parishii",-117.518611,33.715556,2003,6,25,"US","Tauschia parishii"
"2422448813","Tauschia parishii",-117.98619,35.69031,2003,7,5,"US","Tauschia parishii"
"2430048867","Tauschia parishii",-116.83759,34.1740999991228,2003,7,7,"US","Tauschia parishii"
"2430129881","Tauschia parishii",-117.98685125441,35.6902245126579,2003,7,5,"US","Tauschia parishii"
"2430303368","Tauschia parishii",-116.683333,34.1916669991226,2003,7,30,"US","Tauschia parishii"
"3053470729","Tauschia parishii",-119.2603,34.5461999991184,2002,6,21,"US","Tauschia parishii"
"3053348577","Tauschia parishii",-118.92,34.6379999991173,2002,7,6,"US","Tauschia parishii"
"2422450969","Tauschia parishii",-117.75472,34.32333,2001,8,18,"US","Tauschia parishii"
"3059708146","Tauschia parishii",-119.9481,34.9422,2000,4,14,"US","Tauschia parishii"
"3059708149","Tauschia parishii",-119.9481,34.9422,2000,6,20,"US","Tauschia parishii"
"2422441584","Tauschia parishii",-117.65,34.41306,1999,5,8,"US","Tauschia parishii"
"2422442319","Tauschia parishii",-117.67556,34.4225,1999,5,22,"US","Tauschia parishii"
"2422445155","Tauschia parishii",-117.73556,34.43722,1999,5,1,"US","Tauschia parishii"
"2430180272","Tauschia parishii",-116.264444,34.437222,1999,5,1,"US","Tauschia parishii"
"2430289029","Tauschia parishii",-117.675556,34.4225,1999,5,22,"US","Tauschia parishii"
"2430539331","Tauschia parishii",-117.933783,35.725083,1999,5,25,"US","Tauschia parishii"
"3053410440","Tauschia parishii",-117.65,34.41306,1999,5,8,"US","Tauschia parishii"
"3053475943","Tauschia parishii",-117.735556,34.437222,1999,5,1,"US","Tauschia parishii"
"2422411713","Tauschia parishii",-116.85833,34.15833,1999,6,13,"US","Tauschia parishii"
"2422445321","Tauschia parishii",-117.73167,34.41528,1999,6,18,"US","Tauschia parishii"
"2430444786","Tauschia parishii",-116.85,34.15,1999,6,13,"US","Tauschia parishii"
"3096889311","Tauschia parishii",-117.731667,34.415278,1999,6,18,"US","Tauschia parishii"
"2430554176","Tauschia parishii",-117.633333,34.366667,1998,5,9,"US","Tauschia parishii"
"2422325489","Tauschia parishii",-116.9,34.2655,1998,6,29,"US","Tauschia parishii"
"2422442966","Tauschia parishii",-117.675,34.24861,1998,6,16,"US","Tauschia parishii"
"2430060528","Tauschia parishii",-117.675,34.248611,1998,6,16,"US","Tauschia parishii"
"2422386640","Tauschia parishii",-116.59583,33.585,1998,7,8,"US","Tauschia parishii"
"2422438936","Tauschia parishii",-117.66333,34.38222,1998,7,2,"US","Tauschia parishii"
"2422441536","Tauschia parishii",-117.73083,34.38139,1998,7,8,"US","Tauschia parishii"
"2430065502","Tauschia parishii",-117.730833,34.381389,1998,7,8,"US","Tauschia parishii"
"2430188287","Tauschia parishii",-117.663333,34.3822219991203,1998,7,2,"US","Tauschia parishii"
"2575151455","Tauschia parishii",-118.066667,34.366667,1998,7,2,"US","Tauschia parishii"
"2422398508","Tauschia parishii",-116.80833,33.84167,1997,5,18,"US","Tauschia parishii"
"3758967306","Tauschia parishii",-119.2293,34.72483,1997,6,7,"US","Tauschia parishii"
"2430515754","Tauschia parishii",-117.749444,34.248333,1997,8,19,"US","Tauschia parishii"
"2422305548","Tauschia parishii",-116.8875,34.3,1996,5,26,"US","Tauschia parishii"
"3125167697","Tauschia parishii",-116.41828,32.87661,1996,5,29,"US","Tauschia parishii"
"2251346375","Tauschia parishii",-116.836,33.363,1996,6,26,"US","Tauschia parishii"
"2422306302","Tauschia parishii",-117.63944,34.36944,1996,6,20,"US","Tauschia parishii"
"2422306453","Tauschia parishii",-116.86806,34.27278,1996,6,14,"US","Tauschia parishii"
"2430302318","Tauschia parishii",-117.654167,34.254167,1996,6,17,"US","Tauschia parishii"
"2430383390","Tauschia parishii",-117.291667,33.45,1996,6,20,"US","Tauschia parishii"
"3053394133","Tauschia parishii",-117.639,34.3694,1996,6,20,"US","Tauschia parishii"
"3125160701","Tauschia parishii",-116.83613,33.36337,1996,6,26,"US","Tauschia parishii"
"2422365130","Tauschia parishii",-116.71667,33.75,1996,8,1,"US","Tauschia parishii"
"2422431944","Tauschia parishii",-117.59028,34.39917,1995,5,1,"US","Tauschia parishii"
"2430419333","Tauschia parishii",-118.0198,34.4033,1995,5,10,"US","Tauschia parishii"
"2430479871","Tauschia parishii",-117.590278,34.399167,1995,5,1,"US","Tauschia parishii"
"2422304815","Tauschia parishii",-117.63306,34.38139,1995,7,6,"US","Tauschia parishii"
"2430543842","Tauschia parishii",-117.633056,34.381389,1995,7,6,"US","Tauschia parishii"
"1426322819","Tauschia parishii",-118.036944,34.381389,1994,5,31,"US","Tauschia parishii"
"2422492166","Tauschia parishii",-116.345,34.02944,1994,5,1,"US","Tauschia parishii"
"2430380154","Tauschia parishii",-118.036944,34.381389,1994,5,31,"US","Tauschia parishii"
"2430398708","Tauschia parishii",-118.0373,34.3886,1994,5,31,"US","Tauschia parishii"
"2430503958","Tauschia parishii",-116.345,34.02944,1994,5,1,"US","Tauschia parishii"
"3053342843","Tauschia parishii",-118.9895,34.7411999991161,1994,5,1,"US","Tauschia parishii"
"3125033691","Tauschia parishii",-116.345,34.02944,1994,5,1,"US","Tauschia parishii"
"1899736595","Tauschia parishii",-118.335278,35.148056,1994,6,4,"US","Tauschia parishii"
"2422302616","Tauschia parishii",-118.31778,35.15083,1994,6,4,"US","Tauschia parishii"
"2422303624","Tauschia parishii",-116.78806,34.16667,1994,7,10,"US","Tauschia parishii"
"1899734791","Tauschia parishii",-117.5,34.216667,1993,5,4,"US","Tauschia parishii"
"2422302814","Tauschia parishii",-116.85778,34.03194,1993,5,29,"US","Tauschia parishii"
"2422295341","Tauschia parishii",-117.59139,34.31833,1993,6,22,"US","Tauschia parishii"
"2430056569","Tauschia parishii",-117.530101,34.290815,1993,6,22,"US","Tauschia parishii"
"2422304073","Tauschia parishii",-116.9425,34.27444,1993,7,14,"US","Tauschia parishii"
"2422310193","Tauschia parishii",-117.26717,34.3225,1992,4,21,"US","Tauschia parishii"
"3125032700","Tauschia parishii",-116.45807,32.92561,1992,4,17,"US","Tauschia parishii"
"2422288873","Tauschia parishii",-117.58694,34.31444,1992,6,30,"US","Tauschia parishii"
"2422302746","Tauschia parishii",-117.18583,34.28667,1992,6,9,"US","Tauschia parishii"
"2430118085","Tauschia parishii",-117.291667,33.45,1992,6,9,"US","Tauschia parishii"
"2430240703","Tauschia parishii",-117.72333,34.3906299991202,1992,6,3,"US","Tauschia parishii"
"2430560779","Tauschia parishii",-118.111218,34.306463,1992,7,10,"US","Tauschia parishii"
"2422303423","Tauschia parishii",-119.2,34.87333,1991,6,16,"US","Tauschia parishii"
"2430557474","Tauschia parishii",-119.213333,34.89,1991,6,16,"US","Tauschia parishii"
"2430156707","Tauschia parishii",-118.072582,34.374632,1991,7,24,"US","Tauschia parishii"
"2430245818","Tauschia parishii",-118.138889,34.3822219991203,1990,5,17,"US","Tauschia parishii"
"2430337998","Tauschia parishii",-118.211006,34.387301,1990,5,23,"US","Tauschia parishii"
"2422306067","Tauschia parishii",-117.72594,34.40575,1990,6,18,"US","Tauschia parishii"
"2430035497","Tauschia parishii",-117.849722,34.316667,1990,6,25,"US","Tauschia parishii"
"2430036521","Tauschia parishii",-117.794167,34.405833,1990,6,22,"US","Tauschia parishii"
"2430161792","Tauschia parishii",-117.773348,34.375299,1990,6,11,"US","Tauschia parishii"
"2430231234","Tauschia parishii",-117.773823,34.402809,1990,6,22,"US","Tauschia parishii"
"2430279245","Tauschia parishii",-117.721016,34.404164,1990,6,18,"US","Tauschia parishii"
"2418003345","Tauschia parishii",-117.908889,34.3502779991207,1990,7,19,"US","Tauschia parishii"
"2430087761","Tauschia parishii",-118.120515,34.283344,1988,5,19,"US","Tauschia parishii"
"2430338427","Tauschia parishii",-116.78016,33.5829099991301,1988,5,28,"US","Tauschia parishii"
"2430043165","Tauschia parishii",-117.550414,33.713264,1988,6,10,"US","Tauschia parishii"
"1426305069","Tauschia parishii",-118.075,35.691667,1986,4,20,"US","Tauschia parishii"
"2430075112","Tauschia parishii",-116.81823,34.322209999121,1986,4,12,"US","Tauschia parishii"
"2430108749","Tauschia parishii",-118.075,35.691667,1986,4,20,"US","Tauschia parishii"
"2430378729","Tauschia parishii",-118.075,35.691667,1986,4,20,"US","Tauschia parishii"
"2982030410","Tauschia parishii",-116.818152,34.322063,1986,4,12,"US","Tauschia parishii"
"2270251652","Tauschia parishii",-119.266667,34.541667,1986,5,3,"US","Tauschia parishii"
"1426304948","Tauschia parishii",-118.008333,35.841667,1986,6,9,"US","Tauschia parishii"
"1426304972","Tauschia parishii",-118.054167,35.645833,1986,6,8,"US","Tauschia parishii"
"2422289938","Tauschia parishii",-118.33306,36.23111,1986,6,6,"US","Tauschia parishii"
"2422395281","Tauschia parishii",-118.02278,35.84028,1986,6,9,"US","Tauschia parishii"
"2422494456","Tauschia parishii",-118.00833,35.84167,1986,6,9,"US","Tauschia parishii"
"2430196150","Tauschia parishii",-118.012535,35.839877,1986,6,9,"US","Tauschia parishii"
"2430198018","Tauschia parishii",-118.054167,35.645833,1986,6,8,"US","Tauschia parishii"
"2430366752","Tauschia parishii",-118.008333,35.841667,1986,6,9,"US","Tauschia parishii"
"2430383493","Tauschia parishii",-118.121973,35.827673,1986,6,9,"US","Tauschia parishii"
"2989924888","Tauschia parishii",-118.008333,35.841667,1986,6,9,"US","Tauschia parishii"
"3125161706","Tauschia parishii",-118.00833,35.84167,1986,6,9,"US","Tauschia parishii"
"3503183467","Tauschia parishii",-117.536069,33.707753,1986,8,27,"US","Tauschia parishii"
"2422276081","Tauschia parishii",-116.82639,34.3275,1985,5,11,"US","Tauschia parishii"
"1426305810","Tauschia parishii",-118.0125,35.8,1985,6,15,"US","Tauschia parishii"
"2430514635","Tauschia parishii",-116.8685,34.2654,1985,6,11,"US","Tauschia parishii"
"2430553586","Tauschia parishii",-118.0125,35.8,1985,6,15,"US","Tauschia parishii"
"3503191064","Tauschia parishii",-116.8684,34.2655,1985,6,11,"US","Tauschia parishii"
"2430233686","Tauschia parishii",-117.833333,34.3736109991204,1985,7,5,"US","Tauschia parishii"
"2270251663","Tauschia parishii",-119.266667,34.541667,1984,5,6,"US","Tauschia parishii"
"1426284117","Tauschia parishii",-118.266667,35.466667,1983,7,6,"US","Tauschia parishii"
"2430275599","Tauschia parishii",-118.266667,35.466667,1983,7,6,"US","Tauschia parishii"
"2989954892","Tauschia parishii",-118.266667,35.466667,1983,7,6,"US","Tauschia parishii"
"3125159709","Tauschia parishii",-118.26694,35.46694,1983,7,6,"US","Tauschia parishii"
"2430126611","Tauschia parishii",-119.133316815847,38.1635591072094,1982,4,23,"US","Tauschia parishii"
"3320777027","Tauschia parishii",-117.496056,34.313333,1982,4,20,"US","Tauschia parishii"
"1426283353","Tauschia parishii",-118.233333,35.525,1982,5,22,"US","Tauschia parishii"
"1426283559","Tauschia parishii",-118.2375,35.933333,1982,5,30,"US","Tauschia parishii"
"2430046830","Tauschia parishii",-118.2375,35.933333,1982,5,30,"US","Tauschia parishii"
"3125165694","Tauschia parishii",-118.23333,35.525,1982,5,22,"US","Tauschia parishii"
"1426283600","Tauschia parishii",-118.275,35.770833,1982,7,24,"US","Tauschia parishii"
"2430239210","Tauschia parishii",-116.92783,34.3075399991212,1982,8,20,"US","Tauschia parishii"
"3059697254","Tauschia parishii",-118.421719,35.955214,1980,7,15,"US","Tauschia parishii"
"2422275648","Tauschia parishii",-117.05833,34.38667,1979,5,22,"US","Tauschia parishii"
"2430314654","Tauschia parishii",-117.291667,33.45,1979,5,10,"US","Tauschia parishii"
"2430420302","Tauschia parishii",-116.84562,34.3478699991207,1979,5,9,"US","Tauschia parishii"
"2430250265","Tauschia parishii",-116.827719,34.328349,1978,5,5,"US","Tauschia parishii"
"2430036264","Tauschia parishii",-116.833333,34.335,1978,6,18,"US","Tauschia parishii"
"2430235822","Tauschia parishii",-116.8331,34.3348,1978,6,18,"US","Tauschia parishii"
"2421753449","Tauschia parishii",-118.40163,36.80812,1978,8,16,"US","Tauschia parishii"
"2430117816","Tauschia parishii",-117.534306,33.710239,1977,5,18,"US","Tauschia parishii"
"2430345169","Tauschia parishii",-117.53333,33.71056,1977,5,18,"US","Tauschia parishii"
"3125163699","Tauschia parishii",-117.5342,33.7106,1977,5,18,"US","Tauschia parishii"
"2430199416","Tauschia parishii",-116.82913,34.3333999991209,1977,6,11,"US","Tauschia parishii"
"2422275832","Tauschia parishii",-116.74167,33.75833,1977,7,4,"US","Tauschia parishii"
"2430490384","Tauschia parishii",-118.083333,35.366667,1977,7,19,"US","Tauschia parishii"
"2430479639","Tauschia parishii",-116.801222,34.297519,1976,6,9,"US","Tauschia parishii"
"2430556751","Tauschia parishii",-116.78011,34.1256299991234,1976,8,14,"US","Tauschia parishii"
"2575152568","Tauschia parishii",-118.44,36.14,1975,6,5,"US","Tauschia parishii"
"3053428536","Tauschia parishii",-118.9945,34.7662,1975,6,22,"US","Tauschia parishii"
"3125166684","Tauschia parishii",-118.9944,34.7808,1975,6,22,"US","Tauschia parishii"
"2421752759","Tauschia parishii",-118.456975,35.813418,1974,5,10,"US","Tauschia parishii"
"2422325404","Tauschia parishii",-116.95,34.23333,1974,5,28,"US","Tauschia parishii"
"2430541883","Tauschia parishii",-118.000618139462,35.6498344322332,1974,5,9,"US","Tauschia parishii"
"2575152169","Tauschia parishii",-119.35,34.64,1974,7,12,"US","Tauschia parishii"
"2575152045","Tauschia parishii",-117.756,34.37,1974,8,14,"US","Tauschia parishii"
"2430555603","Tauschia parishii",-118.290389,36.724417,1973,8,4,"US","Tauschia parishii"
"2422293500","Tauschia parishii",-119.32833,34.6,1971,5,1,"US","Tauschia parishii"
"3125029693","Tauschia parishii",-119.3198,34.6046,1971,5,1,"US","Tauschia parishii"
"2430303130","Tauschia parishii",-118.010208,34.318686,1971,6,26,"US","Tauschia parishii"
"2430284234","Tauschia parishii",-118.134457,35.760497,1970,5,6,"US","Tauschia parishii"
"3503194240","Tauschia parishii",-117.638753,33.820649,1969,5,2,"US","Tauschia parishii"
"2270257638","Tauschia parishii",-116.7433,33.7952,1969,6,30,"US","Tauschia parishii"
"2422275729","Tauschia parishii",-116.77694,33.80833,1969,6,19,"US","Tauschia parishii"
"2422404024","Tauschia parishii",-116.77361,33.81194,1969,6,24,"US","Tauschia parishii"
"2430194183","Tauschia parishii",-116.778214,33.8069609991273,1969,6,24,"US","Tauschia parishii"
"2430118716","Tauschia parishii",-118.016019,34.322707,1969,7,2,"US","Tauschia parishii"
"2430396377","Tauschia parishii",-117.156667,34.255278,1969,7,9,"US","Tauschia parishii"
"2430543408","Tauschia parishii",-118.266,36.7414,1969,7,22,"US","Tauschia parishii"
"3053336693","Tauschia parishii",-119.263,34.5649999991181,1968,4,26,"US","Tauschia parishii"
"2422394459","Tauschia parishii",-117.58639,34.37583,1968,5,9,"US","Tauschia parishii"
"2430049879","Tauschia parishii",-117.580256,34.375822,1968,5,9,"US","Tauschia parishii"
"2430304099","Tauschia parishii",-118.3078,36.7858,1968,5,3,"US","Tauschia parishii"
"3053370582","Tauschia parishii",-118.278,35.4564999991081,1968,5,14,"US","Tauschia parishii"
"2422400252","Tauschia parishii",-117.89444,34.38639,1968,7,23,"US","Tauschia parishii"
"2430440005","Tauschia parishii",-117.901,34.3903,1968,7,23,"US","Tauschia parishii"
"2422302087","Tauschia parishii",-118.42358,35.97856,1967,6,26,"US","Tauschia parishii"
"3053441774","Tauschia parishii",-119.367671532839,34.6134428348351,1967,6,2,"US","Tauschia parishii"
"3125029692","Tauschia parishii",-118.01667,34.3,1967,7,22,"US","Tauschia parishii"
"2430057155","Tauschia parishii",-118.058417,34.5125,1967,10,3,"US","Tauschia parishii"
"2430103769","Tauschia parishii",-117.59418,34.38285,1966,4,23,"US","Tauschia parishii"
"3053376836","Tauschia parishii",-119.367671532839,34.6134428348351,1966,4,28,"US","Tauschia parishii"
"3053338761","Tauschia parishii",-119.356371191427,34.605443135199,1966,5,2,"US","Tauschia parishii"
"3053381566","Tauschia parishii",-118.477660576093,35.4979258569689,1966,5,10,"US","Tauschia parishii"
"3053348048","Tauschia parishii",-119.358,34.5719999991181,1965,6,23,"US","Tauschia parishii"
"2430040042","Tauschia parishii",-116.54434,33.57229,1964,5,26,"US","Tauschia parishii"
"3053414144","Tauschia parishii",-119.908,34.9159999991141,1964,6,4,"US","Tauschia parishii"
"2270257081","Tauschia parishii",-116.85702,33.88542,1963,5,4,"US","Tauschia parishii"
"2270257888","Tauschia parishii",-117.5759,34.3903,1963,5,3,"US","Tauschia parishii"
"3503191059","Tauschia parishii",-116.71978,33.73976,1963,5,29,"US","Tauschia parishii"
"3053429670","Tauschia parishii",-119.3249,34.6389999991173,1963,6,9,"US","Tauschia parishii"
"3053434700","Tauschia parishii",-119.3249,34.6389999991173,1963,6,9,"US","Tauschia parishii"
"2270256351","Tauschia parishii",-119.05115,34.7567,1962,5,12,"US","Tauschia parishii"
"2430423870","Tauschia parishii",-116.66622,33.61448,1962,5,3,"US","Tauschia parishii"
"2270257501","Tauschia parishii",-117.038471,34.223618,1962,6,2,"US","Tauschia parishii"
"3053346563","Tauschia parishii",-119.81468270698,34.7105369375677,1961,5,27,"US","Tauschia parishii"
"2417955055","Tauschia parishii",-117.9775,34.3433329991207,1961,6,1,"US","Tauschia parishii"
"3053336704","Tauschia parishii",-119.814,34.7114999991164,1961,6,12,"US","Tauschia parishii"
"3053367837","Tauschia parishii",-119.471284,34.564144,1959,6,29,"US","Tauschia parishii"
"3053426885","Tauschia parishii",-119.45,34.579999999118,1959,6,23,"US","Tauschia parishii"
"2270218515","Tauschia parishii",-118.0618,35.7002,1958,5,25,"US","Tauschia parishii"
"2422523714","Tauschia parishii",-118.06139,35.69972,1958,5,25,"US","Tauschia parishii"
"3125036688","Tauschia parishii",-118.0618,35.7002,1958,5,25,"US","Tauschia parishii"
"3053415074","Tauschia parishii",-119.7614,34.838399999115,1957,5,23,"US","Tauschia parishii"
"3053361301","Tauschia parishii",-119.2894,34.6352999991173,1956,7,12,"US","Tauschia parishii"
"3053451388","Tauschia parishii",-119.2694,34.5435999991184,1955,6,22,"US","Tauschia parishii"
"3125162680","Tauschia parishii",-119.1036,34.644,1954,5,30,"US","Tauschia parishii"
"2430548541","Tauschia parishii",-118.2723,36.7314,1953,5,31,"US","Tauschia parishii"
"2430383419","Tauschia parishii",-118.0951,36.2156,1950,7,26,"US","Tauschia parishii"
"2430126865","Tauschia parishii",-118.1176,36.4713,1949,7,17,"US","Tauschia parishii"
"2459162598","Tauschia parishii",-116.7737,33.8113,1948,7,3,"US","Tauschia parishii"
"2459164558","Tauschia parishii",-116.7737,33.8113,1948,7,3,"US","Tauschia parishii"
"2430346922","Tauschia parishii",-118.1703,36.5983,1947,5,22,"US","Tauschia parishii"
"2382623358","Tauschia parishii",-116.8037,34.3038,1947,6,22,"US","Tauschia parishii"
"2422276686","Tauschia parishii",-116.84944,34.15778,1947,6,27,"US","Tauschia parishii"
"2459164314","Tauschia parishii",-118.104939,34.256282,1947,6,1,"US","Tauschia parishii"
"2459164496","Tauschia parishii",-118.104939,34.256282,1947,6,1,"US","Tauschia parishii"
"3125162679","Tauschia parishii",-116.8037,34.3038,1947,6,22,"US","Tauschia parishii"
"3053431496","Tauschia parishii",-116.5458,34.1721,1941,5,12,"US","Tauschia parishii"
"3053392585","Tauschia parishii",-118.25126722561,36.575900989368,1939,7,8,"US","Tauschia parishii"
"1837123845","Tauschia parishii",-118.391091,35.450574,1938,8,NA,"US","Tauschia parishii"
"3125037682","Tauschia parishii",-116.92399,34.26156,1934,5,1,"US","Tauschia parishii"
"2422360367","Tauschia parishii",-117.68889,34.37917,1933,5,15,"US","Tauschia parishii"
"1837123847","Tauschia parishii",-117.823729,34.340788,1931,8,21,"US","Tauschia parishii"
"2610078740","Tauschia parishii",-117.839379,34.344695,1931,8,12,"US","Tauschia parishii"
"3053423455","Tauschia parishii",-119.09,34.749999999116,1930,6,5,"US","Tauschia parishii"
"2430064663","Tauschia parishii",-116.909046,34.269051,1930,7,5,"US","Tauschia parishii"
"2430064736","Tauschia parishii",-119.814,34.7108999991164,1930,7,25,"US","Tauschia parishii"
"3053463955","Tauschia parishii",-118.0064,36.2818999990997,1929,5,9,"US","Tauschia parishii"
"3053464784","Tauschia parishii",-117.8035,34.3949999991201,1929,5,19,"US","Tauschia parishii"
"3053456991","Tauschia parishii",-119.814,34.7108999991164,1929,6,9,"US","Tauschia parishii"
"3053479459","Tauschia parishii",-119.2814,34.6308999991174,1929,7,31,"US","Tauschia parishii"
"3053347136","Tauschia parishii",-119.073,34.7809999991156,1928,6,26,"US","Tauschia parishii"
"2430068499","Tauschia parishii",-116.830201,34.333266,1927,7,9,"US","Tauschia parishii"
"2430051075","Tauschia parishii",-117.28352,34.2084099991224,1926,5,7,"US","Tauschia parishii"
"2430284031","Tauschia parishii",-116.83613,33.36337,1926,5,1,"US","Tauschia parishii"
"2430380823","Tauschia parishii",-116.7194,33.8118,1924,7,27,"US","Tauschia parishii"
"2430282323","Tauschia parishii",-117.534306,33.710239,1923,5,6,"US","Tauschia parishii"
"2430180562","Tauschia parishii",-119.082222,34.788611,1923,6,10,"US","Tauschia parishii"
"2430281083","Tauschia parishii",-116.6912,33.7403,1923,6,9,"US","Tauschia parishii"
"2430048846","Tauschia parishii",-116.601,33.6289,1922,6,24,"US","Tauschia parishii"
"2430307688","Tauschia parishii",-116.6876,33.7655,1922,6,28,"US","Tauschia parishii"
"2430518721","Tauschia parishii",-116.896174,34.257115,1920,7,5,"US","Tauschia parishii"
"2430278561","Tauschia parishii",-117.675076,34.248549,1917,6,20,"US","Tauschia parishii"
"2430460126","Tauschia parishii",-117.675076,34.248549,1917,6,20,"US","Tauschia parishii"
"2430043396","Tauschia parishii",-117.721368,34.188094,1917,7,1,"US","Tauschia parishii"
"2430297516","Tauschia parishii",-117.721368,34.188094,1917,7,1,"US","Tauschia parishii"
"2430305641","Tauschia parishii",-117.5557,34.2217,1917,7,15,"US","Tauschia parishii"
"2430404832","Tauschia parishii",-117.10944,34.2258699991222,1901,7,30,"US","Tauschia parishii"
"1426192903","Tauschia parishii",-118.216109,36.592307,1897,5,14,"US","Tauschia parishii"
"2430170195","Tauschia parishii",-118.216109,36.592307,1897,5,14,"US","Tauschia parishii"
"1228558609","Tauschia parishii",-119,37,1886,6,NA,"US","Tauschia parishii"
"2422276296","Tauschia parishii",-116.9,34.24167,NA,NA,NA,"US","Tauschia parishii"
"2430189197","Tauschia parishii",-117.30707,34.3639499991205,NA,NA,NA,"US","Tauschia parishii"
"2430361095","Tauschia parishii",-116.9239,34.2721,NA,NA,NA,"US","Tauschia parishii"
"3053449839","Tauschia parishii",-118.0669,34.2263999991221,NA,NA,NA,"US","Tauschia parishii"
