"gbifID","species","longitude","latitude","year","month","day","countryCode"
"3070674279","Vauquelinia californica",-115.912635,32.395224,2021,3,24,"MX"
"3070750193","Vauquelinia californica",-115.983441,32.23433,2021,3,24,"MX"
"2634052562","Vauquelinia californica",-115.879849,32.335494,2020,5,23,"MX"
"2629855212","Vauquelinia californica",-113.58079,28.63791,2014,1,30,"MX"
"2629913248","Vauquelinia californica",-113.58079,28.63791,2014,1,30,"MX"
"3125129847","Vauquelinia californica",-113.58079,28.63791,2014,1,30,"MX"
"3125254848","Vauquelinia californica",-113.58079,28.63791,2014,1,30,"MX"
"1897490289","Vauquelinia californica",-115.935286,32.024175,2013,7,12,"MX"
"2629913145","Vauquelinia californica",-115.136,30.46885,2012,3,29,"MX"
"3125134842","Vauquelinia californica",-115.136,30.46885,2012,3,29,"MX"
"2629854041","Vauquelinia californica",-113.57668,28.51947,2012,10,5,"MX"
"3125135850","Vauquelinia californica",-113.57668,28.51947,2012,10,5,"MX"
"2629915048","Vauquelinia californica",-113.0238,27.5798,2011,4,10,"MX"
"3125133856","Vauquelinia californica",-113.0238,27.5798,2011,4,10,"MX"
"2629856974","Vauquelinia californica",-113.61748,28.54345,2009,4,26,"MX"
"3125131878","Vauquelinia californica",-113.61748,28.54345,2009,4,26,"MX"
"2629853964","Vauquelinia californica",-113.59625,28.49085,2009,10,10,"MX"
"3125132863","Vauquelinia californica",-113.59625,28.49085,2009,10,10,"MX"
"1897355532","Vauquelinia californica",-102.897817,26.535733,2006,10,21,"MX"
"2629875046","Vauquelinia californica",-114.06667,29.36667,2004,4,23,"MX"
"2629914830","Vauquelinia californica",-114.081667,29.368889,2004,4,23,"MX"
"3125136885","Vauquelinia californica",-114.08167,29.36889,2004,4,23,"MX"
"2807295810","Vauquelinia californica",-109.63806,31.24083,2003,8,18,"MX"
"1895928491","Vauquelinia californica",-109.629722,31.237222,2002,9,10,"MX"
"2270545762","Vauquelinia californica",-109.6297,31.23722,2002,9,10,"MX"
"2630293623","Vauquelinia californica",-111.108333,25.458333,2002,9,10,"MX"
"1893659228","Vauquelinia californica",-103.8145,25.84467,1997,7,11,"MX"
"1894821437","Vauquelinia californica",-113.008333,27.591667,1997,10,22,"MX"
"2629854607","Vauquelinia californica",-113,27.583333,1997,10,22,"MX"
"3125271878","Vauquelinia californica",-113,27.58333,1997,10,22,"MX"
"1846523059","Vauquelinia californica",-113.566667,28.766667,1996,5,22,"MX"
"2422386787","Vauquelinia californica",-113.78333,28.85,1996,5,25,"MX"
"2629895769","Vauquelinia californica",-113.78333,28.85,1996,5,25,"MX"
"2629912505","Vauquelinia californica",-113.78333,28.85,1996,5,25,"MX"
"2629917580","Vauquelinia californica",-113.566667,28.766667,1996,5,22,"MX"
"2629928435","Vauquelinia californica",-113.783333,28.85,1996,5,25,"MX"
"2629933555","Vauquelinia californica",-113.56667,28.76667,1996,5,22,"MX"
"2629939695","Vauquelinia californica",-113.78333,28.85,1996,5,25,"MX"
"2629949391","Vauquelinia californica",-113.566667,28.766667,1996,5,22,"MX"
"3125268858","Vauquelinia californica",-113.78333,28.85,1996,5,25,"MX"
"3125270853","Vauquelinia californica",-113.56667,28.76667,1996,5,22,"MX"
"2270544461","Vauquelinia californica",-113.0333,27.6,1994,3,6,"MX"
"2629873563","Vauquelinia californica",-113.03333,27.6,1994,3,6,"MX"
"2629940298","Vauquelinia californica",-113.0333,27.6,1994,3,6,"MX"
"2270543498","Vauquelinia californica",-112.820638,31.721427,1991,3,19,"MX"
"1895467367","Vauquelinia californica",-103.223201671023,25.111422150519,1988,3,17,"MX"
"2629651465","Vauquelinia californica",-103.216667,25.1,1988,3,17,"MX"
"2422386612","Vauquelinia californica",-115.90667,32.2875,1988,5,29,"MX"
"2629858468","Vauquelinia californica",-115.88217,32.26498,1988,5,29,"MX"
"2629893667","Vauquelinia californica",-115.90667,32.2875,1988,5,29,"MX"
"3125254847","Vauquelinia californica",-115.88217,32.26498,1988,5,29,"MX"
"1259316648","Vauquelinia californica",-115.9,32.283333,1985,7,27,"MX"
"2422427205","Vauquelinia californica",-115.91667,32.28333,1985,7,27,"MX"
"2629910943","Vauquelinia californica",-115.917,32.2833,1985,7,27,"MX"
"2422382664","Vauquelinia californica",-104.66667,25.5,1983,4,20,"MX"
"1259321180","Vauquelinia californica",-105.65,25.25,1983,7,10,"MX"
"1895346451","Vauquelinia californica",-105.658333,25.25,1983,7,10,"MX"
"1913940137","Vauquelinia californica",-105.658333,25.25,1983,7,10,"MX"
"2807363221","Vauquelinia californica",-105.65833,25.25,1983,7,10,"MX"
"1259319502","Vauquelinia californica",-104.66666,25.5,1983,8,20,"MX"
"1899732030","Vauquelinia californica",-104.666667,25.5,1983,8,20,"MX"
"1895521737","Vauquelinia californica",-104.139870094061,23.7440190934318,1983,11,14,"MX"
"1895521723","Vauquelinia californica",-104.612019,25.788946,1978,6,8,"MX"
"1317478082","Vauquelinia californica",-103.22,25.22,1977,4,29,"MX"
"1895467355","Vauquelinia californica",-103.216667,25.216667,1977,4,29,"MX"
"2807515599","Vauquelinia californica",-103.21667,25.21667,1977,4,29,"MX"
"1259317150","Vauquelinia californica",-113.033333,27.566667,1976,11,24,"MX"
"1893414117","Vauquelinia californica",-113.041667,27.591667,1976,11,24,"MX"
"2629909706","Vauquelinia californica",-113.03333,27.58333,1976,11,24,"MX"
"3125256840","Vauquelinia californica",-113.03333,27.58333,1976,11,24,"MX"
"1895521715","Vauquelinia californica",-101.455344494951,26.2688051737257,1974,7,12,"MX"
"2270545544","Vauquelinia californica",-101.583333,26.15,1974,7,12,"MX"
"1895521703","Vauquelinia californica",-102.031106,26.778011,1973,5,9,"MX"
"2807533036","Vauquelinia californica",-102.075,26.78333,1973,5,9,"MX"
"1895467331","Vauquelinia californica",-103.95,25.7,1973,6,25,"MX"
"1895467352","Vauquelinia californica",-103.2,25.183333,1973,6,27,"MX"
"1895521680","Vauquelinia californica",-104.6,25.45,1973,6,22,"MX"
"1895521849","Vauquelinia californica",-105.816667,27.4,1973,6,21,"MX"
"2807329061","Vauquelinia californica",-103.95,25.7,1973,6,25,"MX"
"2807343584","Vauquelinia californica",-105.81667,27.4,1973,6,21,"MX"
"2807527615","Vauquelinia californica",-103.2,25.18333,1973,6,27,"MX"
"2807565625","Vauquelinia californica",-104.6,25.45,1973,6,22,"MX"
"1895521833","Vauquelinia californica",-102.133333,26.975,1973,8,5,"MX"
"2807559013","Vauquelinia californica",-102.13333,26.975,1973,8,5,"MX"
"1895467323","Vauquelinia californica",-103.709430079231,25.2772605511423,1973,9,18,"MX"
"2807499208","Vauquelinia californica",-103.25,25.16667,1973,9,18,"MX"
"1895521867","Vauquelinia californica",-104.756492905573,27.1994864177636,1973,10,2,"MX"
"2807434841","Vauquelinia californica",-104.71667,27.2,1973,10,2,"MX"
"1895467337","Vauquelinia californica",-103.231381975181,25.1344601882585,1972,9,27,"MX"
"2807325646","Vauquelinia californica",-103.225,25.10833,1972,9,27,"MX"
"1895467398","Vauquelinia californica",-103.95,25.716667,1972,11,2,"MX"
"2807611411","Vauquelinia californica",-103.95,25.71667,1972,11,2,"MX"
"2629903450","Vauquelinia californica",-115.8908,32.3012,1970,9,27,"MX"
"3125135849","Vauquelinia californica",-115.8908,32.3012,1970,9,27,"MX"
"2270544005","Vauquelinia californica",-102.033119,26.797872,1969,4,4,"MX"
"1893414059","Vauquelinia californica",-115.891667,32.425,1968,3,16,"MX"
"2430370434","Vauquelinia californica",-115.883333,32.416667,1968,3,16,"MX"
"2629903302","Vauquelinia californica",-115.88333,32.41667,1968,3,16,"MX"
"3125132862","Vauquelinia californica",-115.88333,32.41667,1968,3,16,"MX"
"1894814082","Vauquelinia californica",-115.891667,32.291667,1967,4,NA,"MX"
"2270544388","Vauquelinia californica",-115.8833,32.28333,1967,4,1,"MX"
"2629859466","Vauquelinia californica",-115.90995,32.26589,1967,4,1,"MX"
"2629871381","Vauquelinia californica",-115.883333,32.283333,1967,4,1,"MX"
"2629892718","Vauquelinia californica",-115.88333,32.28333,1967,4,1,"MX"
"2629943338","Vauquelinia californica",-115.8833,32.28333,1967,4,1,"MX"
"3125257841","Vauquelinia californica",-115.90995,32.26589,1967,4,1,"MX"
"1893414006","Vauquelinia californica",-113.641667,28.775,1966,3,27,"MX"
"2629835143","Vauquelinia californica",-113.5595,28.37184,1966,3,19,"MX"
"3125131877","Vauquelinia californica",-113.5595,28.37184,1966,3,19,"MX"
"2629833219","Vauquelinia californica",-115.91667,32.3,1966,4,3,"MX"
"3125130875","Vauquelinia californica",-115.91667,32.3,1966,4,3,"MX"
"1893413999","Vauquelinia californica",-113.458333,28.408333,1964,1,24,"MX"
"2629899075","Vauquelinia californica",-113.42049,28.39466,1964,1,24,"MX"
"3125137896","Vauquelinia californica",-113.42049,28.39466,1964,1,24,"MX"
"1320353862","Vauquelinia californica",-113,27.52,1964,2,21,"MX"
"1893414077","Vauquelinia californica",-113.008333,27.525,1964,2,21,"MX"
"1893414108","Vauquelinia californica",-113.091667,27.475,1964,2,24,"MX"
"1895415441","Vauquelinia californica",-113.019051695847,27.3565048752073,1964,2,24,"MX"
"2629896125","Vauquelinia californica",-112.9696,27.50023,1964,2,21,"MX"
"2629900094","Vauquelinia californica",-113.0437,27.4766,1964,2,24,"MX"
"2807300057","Vauquelinia californica",-113.08333,27.46667,1964,2,24,"MX"
"3125263884","Vauquelinia californica",-112.9696,27.50023,1964,2,21,"MX"
"3125269892","Vauquelinia californica",-113.0437,27.4766,1964,2,24,"MX"
"1893413933","Vauquelinia californica",-115.141667,30.191667,1963,12,29,"MX"
"2629838106","Vauquelinia californica",-115.13333,30.18333,1963,12,29,"MX"
"3125136884","Vauquelinia californica",-115.13333,30.18333,1963,12,29,"MX"
"2430323348","Vauquelinia californica",-113.633333,28.766667,1960,3,27,"MX"
"2629837132","Vauquelinia californica",-113.58377,28.74714,1960,3,27,"MX"
"3125138888","Vauquelinia californica",-113.58377,28.74714,1960,3,27,"MX"
"2629834938","Vauquelinia californica",-115.9104,32.26577,1957,9,9,"MX"
"3125271877","Vauquelinia californica",-115.9104,32.26577,1957,9,9,"MX"
"1895521730","Vauquelinia californica",-104.567648125669,25.7983752884904,1955,6,17,"MX"
"2629893906","Vauquelinia californica",-115.88217,32.26498,1953,9,18,"MX"
"3125262874","Vauquelinia californica",-115.88217,32.26498,1953,9,18,"MX"
"1258939251","Vauquelinia californica",-103,25,1941,6,28,"MX"
"1426176437","Vauquelinia californica",-103,25,1941,6,28,"MX"
"1927926654","Vauquelinia californica",-103,25,1941,6,28,"MX"
"2422387101","Vauquelinia californica",-115.88333,32.28333,NA,NA,NA,"MX"
"2610089562","Vauquelinia californica",-115.883333,32.283333,NA,NA,NA,"MX"
"2629892717","Vauquelinia californica",-115.88333,32.28333,NA,NA,NA,"MX"
"3018062699","Vauquelinia californica",-111.161131,33.262827,2021,1,1,"US"
"3031814587","Vauquelinia californica",-111.390183,33.512699,2021,1,10,"US"
"3032153809","Vauquelinia californica",-110.732497,32.323692,2021,1,23,"US"
"3032157386","Vauquelinia californica",-110.356561,32.261353,2021,1,9,"US"
"3039265872","Vauquelinia californica",-110.64415,32.225208,2021,1,27,"US"
"3039280303","Vauquelinia californica",-110.706742,32.299375,2021,1,10,"US"
"3039380959","Vauquelinia californica",-110.725149,32.352198,2021,1,1,"US"
"3044610042","Vauquelinia californica",-111.148964,32.270305,2021,2,13,"US"
"3068022834","Vauquelinia californica",-110.716806,32.345306,2021,3,19,"US"
"3070652551","Vauquelinia californica",-110.699556,32.186294,2021,3,20,"US"
"3090780001","Vauquelinia californica",-111.448781,33.439603,2021,3,17,"US"
"3090879021","Vauquelinia californica",-112.700851,32.015247,2021,3,30,"US"
"3113598457","Vauquelinia californica",-110.619566,32.161291,2021,5,10,"US"
"2557747103","Vauquelinia californica",-110.70512,32.303013,2020,1,10,"US"
"3067649790","Vauquelinia californica",-111.372819,33.407778,2020,1,15,"US"
"2580109506","Vauquelinia californica",-110.573451,32.081176,2020,3,14,"US"
"2596224331","Vauquelinia californica",-110.279806,31.413001,2020,3,17,"US"
"2861420339","Vauquelinia californica",-111.500633,32.009146,2020,6,19,"US"
"3097307426","Vauquelinia californica",-110.940858,31.672245,2020,6,22,"US"
"2901515045","Vauquelinia californica",-110.426961,32.167226,2020,10,18,"US"
"2999077576","Vauquelinia californica",-110.701172,32.325892,2020,11,25,"US"
"3018066616","Vauquelinia californica",-111.417225,33.411446,2020,12,27,"US"
"1986568912","Vauquelinia californica",-111.066467,32.23436,2019,1,2,"US"
"1993756933","Vauquelinia californica",-110.700228,32.326134,2019,2,5,"US"
"2618321465","Vauquelinia californica",-111.949189,33.45155,2019,2,1,"US"
"2012979282","Vauquelinia californica",-112.706772,32.037354,2019,3,2,"US"
"2012998691","Vauquelinia californica",-110.6856,32.3775,2019,3,3,"US"
"2252012974","Vauquelinia californica",-110.60855,32.153466,2019,6,1,"US"
"2269306402","Vauquelinia californica",-110.707576,32.32204,2019,6,18,"US"
"2294423530","Vauquelinia californica",-111.153947,33.276772,2019,6,10,"US"
"2283237495","Vauquelinia californica",-110.716222,32.342166,2019,7,8,"US"
"2422957439","Vauquelinia californica",-111.130268,33.260927,2019,9,7,"US"
"3067668787","Vauquelinia californica",-110.699897,32.326242,2019,9,22,"US"
"3067669727","Vauquelinia californica",-110.70028,32.37087,2019,9,26,"US"
"1831166667","Vauquelinia californica",-112.857128,31.955919,2018,2,5,"US"
"1836697719","Vauquelinia californica",-112.83901,31.93968,2018,2,2,"US"
"1836566909","Vauquelinia californica",-110.70303,32.33635,2018,3,2,"US"
"1880624670","Vauquelinia californica",-110.700838,32.326085,2018,7,2,"US"
"3031726237","Vauquelinia californica",-112.699919,32.040393,2018,10,26,"US"
"3031821111","Vauquelinia californica",-112.702387,32.041013,2018,10,26,"US"
"1453371764","Vauquelinia californica",-110.638467,32.27317,2017,1,21,"US"
"1453519610","Vauquelinia californica",-110.709495,32.318813,2017,3,14,"US"
"1457590085","Vauquelinia californica",-110.696617,32.38013,2017,3,15,"US"
"1457590160","Vauquelinia californica",-110.709725,32.370442,2017,3,15,"US"
"1457592415","Vauquelinia californica",-110.702837,32.326758,2017,3,14,"US"
"1457592459","Vauquelinia californica",-110.70317,32.327,2017,3,14,"US"
"2269213979","Vauquelinia californica",-111.433868,33.36737,2017,4,29,"US"
"1640054321","Vauquelinia californica",-110.959214,31.690571,2017,8,25,"US"
"1668870941","Vauquelinia californica",-110.290493,31.428205,2017,8,23,"US"
"1668872237","Vauquelinia californica",-110.290117,31.42881,2017,8,23,"US"
"1846483001","Vauquelinia californica",-112.052916,33.29197,2016,8,30,"US"
"1453302613","Vauquelinia californica",-110.682105,32.296825,2016,12,21,"US"
"1571140613","Vauquelinia californica",-110.719142,32.345224,2015,6,30,"US"
"1095628221","Vauquelinia californica",-111.133883,33.263125,2012,6,21,"US"
"2270562440","Vauquelinia californica",-111.13,33.26,2012,6,21,"US"
"2996841786","Vauquelinia californica",-111.133889,33.263056,2012,6,21,"US"
"1638340412","Vauquelinia californica",-111.0547,33.315267,2012,7,24,"US"
"2270562710","Vauquelinia californica",-111.0547,33.315267,2012,7,24,"US"
"1846517783","Vauquelinia californica",-112.41195,33.955783,2011,3,19,"US"
"2270490149","Vauquelinia californica",-112.41195,33.955783,2011,3,19,"US"
"2270518361","Vauquelinia californica",-111.461,33.4422,2011,3,29,"US"
"3059682541","Vauquelinia californica",-111.7964,34.8633,2009,3,27,"US"
"2422535802","Vauquelinia californica",-113.58383,37.10467,2009,6,23,"US"
"2270691876","Vauquelinia californica",-112.395,33.9542,2007,3,14,"US"
"2270682380","Vauquelinia californica",-112.12994,33.51158,2006,1,23,"US"
"1931316348","Vauquelinia californica",-113.508287,37.130537,2006,6,8,"US"
"1846486331","Vauquelinia californica",-110.685967,32.3374,2005,4,27,"US"
"2270667988","Vauquelinia californica",-111.961,33.3283,2005,5,15,"US"
"2270679390","Vauquelinia californica",-111.088,33.2285,2005,10,4,"US"
"3125138889","Vauquelinia californica",-111.08765,33.22852,2005,10,4,"US"
"2270459195","Vauquelinia californica",-109.136119,31.368452,2004,3,18,"US"
"2270504446","Vauquelinia californica",-109.136,31.3685,2004,3,18,"US"
"2270688416","Vauquelinia californica",-109.136119,31.368452,2004,3,18,"US"
"3091246170","Vauquelinia californica",-109.13612,31.36845,2004,3,18,"US"
"2270476273","Vauquelinia californica",-110.183,32.2033,2004,11,16,"US"
"1846481005","Vauquelinia californica",-111.089233,33.297217,2003,3,25,"US"
"3091248087","Vauquelinia californica",-111.089233,33.297217,2003,3,25,"US"
"1259158580","Vauquelinia californica",-110.69944,32.32888,2003,5,9,"US"
"2270631266","Vauquelinia californica",-112.229,33.2275,2003,12,18,"US"
"1846493435","Vauquelinia californica",-110.951111,31.675833,2002,5,28,"US"
"2270613484","Vauquelinia californica",-111.586,31.7897,2000,5,23,"US"
"1930410068","Vauquelinia californica",-110.8167,32.2333,2000,11,30,"US"
"1228558658","Vauquelinia californica",-112,34,1998,5,23,"US"
"1846522972","Vauquelinia californica",-110.93965,31.67345,1998,8,11,"US"
"1258501438","Vauquelinia californica",-110.69944,32.32638,1998,9,13,"US"
"1846499503","Vauquelinia californica",-110.719908,32.300028,1998,9,6,"US"
"2270564823","Vauquelinia californica",-111.4622,31.9942,1998,12,12,"US"
"2270613593","Vauquelinia californica",-109.141,31.3712,1997,11,5,"US"
"2270611959","Vauquelinia californica",-112.4,32.6736,1995,5,4,"US"
"1846523063","Vauquelinia californica",-111.3637,33.4154,1995,8,13,"US"
"2270613577","Vauquelinia californica",-111.364,33.4151,1995,8,13,"US"
"2270613485","Vauquelinia californica",-112.331,32.662,1995,10,10,"US"
"3125269893","Vauquelinia californica",-112.33083,32.66194,1995,10,10,"US"
"1928024606","Vauquelinia californica",-110.97,32.33,1995,12,17,"US"
"3091294202","Vauquelinia californica",-111.41667,33.41667,1994,11,14,"US"
"1846522879","Vauquelinia californica",-111.395556,33.5,1993,3,7,"US"
"1846522908","Vauquelinia californica",-111.365833,33.463611,1993,3,7,"US"
"1846523007","Vauquelinia californica",-111.365833,33.4375,1993,3,8,"US"
"1889158166","Vauquelinia californica",-111.395556,33.5,1993,3,7,"US"
"1889158179","Vauquelinia californica",-111.365833,33.463611,1993,3,7,"US"
"2270613709","Vauquelinia californica",-111.366,33.4636,1993,3,7,"US"
"2270612974","Vauquelinia californica",-111.346,33.4006,1992,3,13,"US"
"2270612679","Vauquelinia californica",-110.667,32.5006,1992,10,6,"US"
"2270612885","Vauquelinia californica",-111.416,33.4005,1992,10,18,"US"
"1846522862","Vauquelinia californica",-111.429412,33.465904,1991,2,5,"US"
"2270611920","Vauquelinia californica",-111.41,33.45,1991,2,5,"US"
"3091300460","Vauquelinia californica",-111.451471,33.467519,1991,2,5,"US"
"1846522825","Vauquelinia californica",-110.9521,31.6731,1991,10,12,"US"
"2422367242","Vauquelinia californica",-110.94094,31.67608,1991,10,12,"US"
"1846522904","Vauquelinia californica",-110.9521,31.6585,1990,9,6,"US"
"2270614567","Vauquelinia californica",-111.056,33.2859,1990,9,17,"US"
"2422367858","Vauquelinia californica",-110.94361,31.66381,1990,9,6,"US"
"2270612522","Vauquelinia californica",-112.717,32.0417,1990,12,2,"US"
"2422370530","Vauquelinia californica",-112.71611,32.03972,1988,11,6,"US"
"1846522733","Vauquelinia californica",-109.949686,31.828458,1987,3,7,"US"
"2270615092","Vauquelinia californica",-109.134,31.363,1987,3,20,"US"
"2270614426","Vauquelinia californica",-111.367,33.4186,1987,8,17,"US"
"3059682546","Vauquelinia californica",-120.569491,35.082015,1987,8,4,"US"
"1846522848","Vauquelinia californica",-110.9521,31.6877,1987,10,21,"US"
"2270612501","Vauquelinia californica",-112.717,32.0667,1987,10,17,"US"
"1846522770","Vauquelinia californica",-111.31308,33.530914,1986,11,22,"US"
"1986872897","Vauquelinia californica",-110.78194,31.85361,1983,7,9,"US"
"1986873135","Vauquelinia californica",-111.08944,33.30333,1983,7,10,"US"
"2422365922","Vauquelinia californica",-110.78194,31.85361,1983,7,9,"US"
"2422366704","Vauquelinia californica",-111.08944,33.30333,1983,7,10,"US"
"3053444736","Vauquelinia californica",-110.78194,31.85361,1983,7,9,"US"
"3122395978","Vauquelinia californica",-110.781443,31.854425,1983,7,9,"US"
"3122396330","Vauquelinia californica",-111.0908,33.301242,1983,7,10,"US"
"1846522790","Vauquelinia californica",-111.189958,33.095485,1982,6,24,"US"
"2270613304","Vauquelinia californica",-111.206,33.1265,1982,6,24,"US"
"1318423794","Vauquelinia californica",-109.139,31.3677,1982,8,20,"US"
"2270613247","Vauquelinia californica",-110.647,31.8828,1982,9,14,"US"
"2270612928","Vauquelinia californica",-112.228,33.2392,1981,4,28,"US"
"2270612605","Vauquelinia californica",-110.646,31.8686,1981,6,18,"US"
"2422367313","Vauquelinia californica",-109.12139,31.34944,1981,7,5,"US"
"2270614454","Vauquelinia californica",-109.124,31.3567,1981,8,16,"US"
"3122395890","Vauquelinia californica",-109.12308,31.357052,1981,8,16,"US"
"1846522579","Vauquelinia californica",-110.701486,32.405639,1979,7,24,"US"
"2270614552","Vauquelinia californica",-110.696,32.3646,1979,7,28,"US"
"3122396686","Vauquelinia californica",-109.276596,31.35465,1979,7,21,"US"
"3122397290","Vauquelinia californica",-110.701948,32.326682,1979,8,19,"US"
"3122396404","Vauquelinia californica",-110.703984,32.326847,1979,9,22,"US"
"2270612320","Vauquelinia californica",-109.14,31.3567,1978,4,6,"US"
"1259072797","Vauquelinia californica",-112.66666,31.95,1978,6,2,"US"
"1417782181","Vauquelinia californica",-112.675,31.958333,1978,6,2,"US"
"1930943915","Vauquelinia californica",-112.67,31.95,1978,6,2,"US"
"1999208119","Vauquelinia californica",-112.66666,31.95,1978,6,2,"US"
"2234469309","Vauquelinia californica",-112.67,31.95,1978,6,2,"US"
"2565389810","Vauquelinia californica",-111.05,32.67,1978,6,1,"US"
"3122397651","Vauquelinia californica",-109.129185,31.359578,1977,6,15,"US"
"3122397899","Vauquelinia californica",-109.129185,31.359578,1977,6,15,"US"
"1846515279","Vauquelinia californica",-109.19688,31.37582,1977,9,4,"US"
"2422465830","Vauquelinia californica",-109.22667,31.36778,1977,9,4,"US"
"2430339153","Vauquelinia californica",-109.185308,31.389593,1977,9,4,"US"
"2270612555","Vauquelinia californica",-110.713,33.1694,1976,7,19,"US"
"3053399052","Vauquelinia californica",-111.9445,33.46102,1975,5,30,"US"
"1846523092","Vauquelinia californica",-109.324294,31.501026,1975,9,1,"US"
"2270614757","Vauquelinia californica",-112.417,33.0011,1975,9,23,"US"
"2270613588","Vauquelinia californica",-111.224,33.095,1974,2,24,"US"
"1846523175","Vauquelinia californica",-111.944487,33.461395,1974,5,25,"US"
"3053396039","Vauquelinia californica",-111.9445,33.46102,1974,5,25,"US"
"2270611417","Vauquelinia californica",-112.323,33.2942,1974,10,20,"US"
"3053476045","Vauquelinia californica",-119.7189,34.4421,1971,7,28,"US"
"1846522297","Vauquelinia californica",-111.54889,33.551394,1970,7,27,"US"
"1846522361","Vauquelinia californica",-111.54889,33.551394,1970,7,27,"US"
"3091266678","Vauquelinia californica",-111.46,33.516,1970,7,27,"US"
"2270611055","Vauquelinia californica",-111.495,31.5284,1969,3,7,"US"
"3053476051","Vauquelinia californica",-119.7189,34.4419,1969,7,22,"US"
"3053477057","Vauquelinia californica",-119.7189,34.4421,1969,7,22,"US"
"2270613595","Vauquelinia californica",-111.418,33.4286,1968,4,28,"US"
"3091266673","Vauquelinia californica",-112.69278,32.01278,1968,6,1,"US"
"3053394051","Vauquelinia californica",-119.7101,34.4565,1967,4,6,"US"
"3053400069","Vauquelinia californica",-119.7101,34.4565,1967,4,6,"US"
"3053402056","Vauquelinia californica",-119.7101,34.4565,1967,4,6,"US"
"3053476046","Vauquelinia californica",-119.7101,34.4565,1967,4,6,"US"
"3053477058","Vauquelinia californica",-119.7101,34.4565,1967,4,6,"US"
"2270612180","Vauquelinia californica",-110.705,32.4303,1966,7,18,"US"
"2270612918","Vauquelinia californica",-110.705,32.4303,1966,7,18,"US"
"1987014573","Vauquelinia californica",-111.595665,31.771195,1964,1,29,"US"
"177051710","Vauquelinia californica",-110.705278,32.430278,1963,4,28,"US"
"2270611976","Vauquelinia californica",-111.418,33.4286,1963,4,28,"US"
"2270613941","Vauquelinia californica",-111.462,33.415,1961,12,14,"US"
"1846522478","Vauquelinia californica",-112.241575,33.271924,1959,1,24,"US"
"2270588180","Vauquelinia californica",-110.667,32.5006,1958,6,25,"US"
"3091266675","Vauquelinia californica",-110.92583,32.22167,1958,6,25,"US"
"3091266684","Vauquelinia californica",-112.86,32.00886,1958,12,30,"US"
"1843884191","Vauquelinia californica",-109.022633,31.36848,1956,8,23,"US"
"1846490856","Vauquelinia californica",-111.2656,33.3275,1954,5,11,"US"
"2270612530","Vauquelinia californica",-111.418,33.4286,1952,3,21,"US"
"2270611633","Vauquelinia californica",-111.41,33.43,1952,4,7,"US"
"1846522387","Vauquelinia californica",-109.122866,31.394363,1952,5,27,"US"
"2270612006","Vauquelinia californica",-109.261,31.3533,1952,5,27,"US"
"2270612071","Vauquelinia californica",-109.063,31.3431,1952,5,27,"US"
"2270613778","Vauquelinia californica",-109.261,31.3533,1952,5,27,"US"
"1846522306","Vauquelinia californica",-111.4175,33.42861,1952,6,8,"US"
"2270612571","Vauquelinia californica",-111.354,33.5767,1952,6,8,"US"
"1846522456","Vauquelinia californica",-110.705,32.4303,1951,10,26,"US"
"2270611589","Vauquelinia californica",-110.705,32.4303,1951,10,26,"US"
"3091266681","Vauquelinia californica",-110.92361,32.4175,1947,3,23,"US"
"2270610588","Vauquelinia californica",-109.063,31.3431,1940,10,29,"US"
"1846522700","Vauquelinia californica",-111.15417,32.27222,1938,6,12,"US"
"1986873211","Vauquelinia californica",-103.345197,29.219884,1937,7,26,"US"
"2573417088","Vauquelinia californica",-103.345197,29.219884,1937,7,26,"US"
"2270673759","Vauquelinia californica",-112.25,33.25,1936,4,19,"US"
"2270674527","Vauquelinia californica",-112.25,33.25,1936,4,19,"US"
"1986873006","Vauquelinia californica",-110.628204,32.056973,1935,5,28,"US"
"1846490483","Vauquelinia californica",-111.43552,33.53719,1933,6,14,"US"
"2270612113","Vauquelinia californica",-110.795,32.3302,1903,6,15,"US"
"2270612931","Vauquelinia californica",-110.774,31.8258,1903,6,15,"US"
"2270611979","Vauquelinia californica",-111.442,33.5536,NA,NA,NA,"US"
"2270691623","Vauquelinia californica",-112.356,33.3556,NA,NA,NA,"US"
"3091300459","Vauquelinia californica",-111.4622,31.9942,NA,NA,NA,"US"
